3.1940891871678998 0.091240214481466977
3.1909699594460559 0.091235842512270085

3.1909699594460559 0.091235842512270085
3.1878507317242124 0.091219233580535533

3.1878507317242124 0.091219233580535533
3.1847315040023689 0.09118638407814951

3.1847315040023689 0.09118638407814951
3.181612276280525 0.091136400458776287

3.181612276280525 0.091136400458776287
3.1784930485586815 0.091068587818718141

3.1784930485586815 0.091068587818718141
3.1753738208368376 0.090982341541884462

3.1753738208368376 0.090982341541884462
3.1722545931149941 0.090877138622414089

3.1722545931149941 0.090877138622414089
3.1691353653931507 0.090752717596199226

3.1691353653931507 0.090752717596199226
3.1660161376713067 0.090609394293127116

3.1660161376713067 0.090609394293127116
3.1630765148711166 0.090457603933465913

3.1630765148711166 0.090457603933465913
3.1628969099494633 0.090448216259731359

3.1628969099494633 0.090448216259731359
3.1597776822276193 0.090270950831981736

3.1597776822276193 0.090270950831981736
3.1566584545057759 0.090079018422055526

3.1566584545057759 0.090079018422055526
3.1535392267839324 0.089874563787980727

3.1535392267839324 0.089874563787980727
3.1504199990620885 0.089659130945433207

3.1504199990620885 0.089659130945433207
3.147300771340245 0.089433850069229326

3.147300771340245 0.089433850069229326
3.1441815436184011 0.089199499799861789

3.1441815436184011 0.089199499799861789
3.1410623158965576 0.088956520745601619

3.1410623158965576 0.088956520745601619
3.1379430881747141 0.088705022410069126

3.1379430881747141 0.088705022410069126
3.1348238604528702 0.088445039522115784

3.1348238604528702 0.088445039522115784
3.1317046327310267 0.088176834878893398

3.1317046327310267 0.088176834878893398
3.1285854050091828 0.087900916532929252

3.1285854050091828 0.087900916532929252
3.1254661772873393 0.087617702357011662

3.1254661772873393 0.087617702357011662
3.1224665715641819 0.087338376211622271

3.1224665715641819 0.087338376211622271
3.1223469495654959 0.087326988798048941

3.1223469495654959 0.087326988798048941
3.1192277218436519 0.087028813718726644

3.1192277218436519 0.087028813718726644
3.1161084941218085 0.086721650780593185

3.1161084941218085 0.086721650780593185
3.1129892663999645 0.086405702694600739

3.1129892663999645 0.086405702694600739
3.1098700386781211 0.086081360715070471

3.1098700386781211 0.086081360715070471
3.1067508109562776 0.085749667069750263

3.1067508109562776 0.085749667069750263
3.1036315832344337 0.085412298132880718

3.1036315832344337 0.085412298132880718
3.1005123555125902 0.085071332783212023

3.1005123555125902 0.085071332783212023
3.0973931277907463 0.084728959128837905

3.0973931277907463 0.084728959128837905
3.0942739000689028 0.084388493804263692

3.0942739000689028 0.084388493804263692
3.0927277318999211 0.084219148489778614

3.0927277318999211 0.084219148489778614
3.0911546723470593 0.084046918932109665

3.0911546723470593 0.084046918932109665
3.0880354446252154 0.083712490895897787

3.0880354446252154 0.083712490895897787
3.0849162169033719 0.083382801950327864

3.0849162169033719 0.083382801950327864
3.081796989181528 0.083061152084264012

3.081796989181528 0.083061152084264012
3.0786777614596845 0.082748686184647494

3.0786777614596845 0.082748686184647494
3.075558533737841 0.082445654302547702

3.075558533737841 0.082445654302547702
3.0724393060159971 0.082151366832831738

3.0724393060159971 0.082151366832831738
3.0693200782941537 0.081864834776395501

3.0693200782941537 0.081864834776395501
3.0662008505723097 0.081585490498385441

3.0662008505723097 0.081585490498385441
3.0630816228504663 0.081313232396465818

3.0630816228504663 0.081313232396465818
3.0605788041575694 0.081099920767934958

3.0605788041575694 0.081099920767934958
3.0599623951286228 0.081046714308689191

3.0599623951286228 0.081046714308689191
3.0568431674067789 0.080788314361318628

3.0568431674067789 0.080788314361318628
3.0537239396849354 0.080536182198759479

3.0537239396849354 0.080536182198759479
3.0506047119630915 0.080292924456656409

3.0506047119630915 0.080292924456656409
3.047485484241248 0.080060347004449098

3.047485484241248 0.080060347004449098
3.0443662565194045 0.079840124263549944

3.0443662565194045 0.079840124263549944
3.0412470287975606 0.079633854654124536

3.0412470287975606 0.079633854654124536
3.0381278010757171 0.079443186646231359

3.0381278010757171 0.079443186646231359
3.0350085733538732 0.079269886142801713

3.0350085733538732 0.079269886142801713
3.0318893456320297 0.079115723955151859

3.0318893456320297 0.079115723955151859
3.0287701179101862 0.078982223938176402

3.0287701179101862 0.078982223938176402
3.0256508901883423 0.078870518046883914

3.0256508901883423 0.078870518046883914
3.0225316624664988 0.078781441281803685

3.0225316624664988 0.078781441281803685
3.0194124347446549 0.078715623664842443

3.0194124347446549 0.078715623664842443
3.0162932070228115 0.07867350050620224

3.0162932070228115 0.07867350050620224
3.013173979300968 0.078655321477685614

3.013173979300968 0.078655321477685614
3.0100547515791241 0.078661244749470685

3.0100547515791241 0.078661244749470685
3.0069355238572806 0.078691394763632766

3.0069355238572806 0.078691394763632766
3.0038162961354371 0.078745813192245481

3.0038162961354371 0.078745813192245481
3.0006970684135932 0.078824444607751246

3.0006970684135932 0.078824444607751246
2.9975778406917497 0.07892724334694888

2.9975778406917497 0.07892724334694888
2.9944586129699058 0.079054261732560846

2.9944586129699058 0.079054261732560846
2.9913393852480623 0.079205523656998025

2.9913393852480623 0.079205523656998025
2.9882201575262188 0.079380757993946394

2.9882201575262188 0.079380757993946394
2.9851009298043749 0.079579280657061865

2.9851009298043749 0.079579280657061865
2.9819817020825314 0.07980004202479947

2.9819817020825314 0.07980004202479947
2.9788624743606875 0.080041834493624189

2.9788624743606875 0.080041834493624189
2.975743246638844 0.080303479119971807

2.975743246638844 0.080303479119971807
2.9726240189170006 0.080583801474459607

2.9726240189170006 0.080583801474459607
2.9695047911951566 0.080881723777239095

2.9695047911951566 0.080881723777239095
2.9673374110370467 0.081099920767934958

2.9673374110370467 0.081099920767934958
2.9663855634733132 0.081196741593187266

2.9663855634733132 0.081196741593187266
2.9632663357514692 0.081523248757866193

2.9632663357514692 0.081523248757866193
2.9601471080296258 0.081865906099900007

2.9601471080296258 0.081865906099900007
2.9570278803077823 0.082220558618522718

2.9570278803077823 0.082220558618522718
2.9539086525859384 0.082587703180357852

2.9539086525859384 0.082587703180357852
2.9507894248640949 0.082968377766623622

2.9507894248640949 0.082968377766623622
2.947670197142251 0.083360403792756776

2.947670197142251 0.083360403792756776
2.9445509694204075 0.083761993713989777

2.9445509694204075 0.083761993713989777
2.941431741698564 0.084172145634968387

2.941431741698564 0.084172145634968387
2.9410920748899327 0.084219148489778614

2.9410920748899327 0.084219148489778614
2.9383125139767201 0.084593763221964352

2.9383125139767201 0.084593763221964352
2.9351932862548766 0.085020265031589201

2.9351932862548766 0.085020265031589201
2.9320740585330327 0.085453051220747783

2.9320740585330327 0.085453051220747783
2.9289548308111892 0.085892398584643564

2.9289548308111892 0.085892398584643564
2.9258356030893458 0.086336663985753875

2.9258356030893458 0.086336663985753875
2.9227163753675018 0.086784486759324056

2.9227163753675018 0.086784486759324056
2.9195971476456584 0.087233487342805505

2.9195971476456584 0.087233487342805505
2.9188937590979447 0.087338376211622271

2.9188937590979447 0.087338376211622271
2.9164779199238144 0.087691454203106825

2.9164779199238144 0.087691454203106825
2.913358692201971 0.088149070478592592

2.913358692201971 0.088149070478592592
2.9102394644801275 0.088608858441396307

2.9102394644801275 0.088608858441396307
2.9071202367582836 0.08906945968682424

2.9071202367582836 0.08906945968682424
2.9040010090364401 0.089531325785504573

2.9040010090364401 0.089531325785504573
2.9008817813145962 0.089993788508874573

2.9008817813145962 0.089993788508874573
2.8977625535927527 0.090456120273243429

2.8977625535927527 0.090456120273243429
2.8977529139774201 0.090457603933465913

2.8977529139774201 0.090457603933465913
2.8946433258709092 0.09091858450938152

2.8946433258709092 0.09091858450938152
2.8915240981490653 0.09138156244458466

2.8915240981490653 0.09138156244458466
2.8884048704272218 0.091843475142792022

2.8884048704272218 0.091843475142792022
2.8852856427053779 0.092300914405811479

2.8852856427053779 0.092300914405811479
2.8821664149835344 0.092752602979376431

2.8821664149835344 0.092752602979376431
2.879047187261691 0.093197880020306836

2.879047187261691 0.093197880020306836
2.8763467288530817 0.09357683165530957

2.8763467288530817 0.09357683165530957
2.875927959539847 0.093637120954186373

2.875927959539847 0.093637120954186373
2.8728087318180036 0.094063085400451718

2.8728087318180036 0.094063085400451718
2.8696895040961596 0.094481035476609007

2.8696895040961596 0.094481035476609007
2.8665702763743162 0.094889328766925268

2.8665702763743162 0.094889328766925268
2.8634510486524727 0.095285553938229836

2.8634510486524727 0.095285553938229836
2.8603318209306288 0.095668430012669892

2.8603318209306288 0.095668430012669892
2.8572125932087853 0.096038897568612655

2.8572125932087853 0.096038897568612655
2.8540933654869414 0.096396862405756706

2.8540933654869414 0.096396862405756706
2.8513917280802712 0.096696059377153226

2.8513917280802712 0.096696059377153226
2.8509741377650979 0.096743237873346766

2.8509741377650979 0.096743237873346766
2.8478549100432544 0.097074930413714192

2.8478549100432544 0.097074930413714192
2.8447356823214105 0.097396522628429433

2.8447356823214105 0.097396522628429433
2.841616454599567 0.09770701239252863

2.841616454599567 0.09770701239252863
2.8384972268777231 0.098004591710575586

2.8384972268777231 0.098004591710575586
2.8353779991558796 0.098290033896768658

2.8353779991558796 0.098290033896768658
2.8322587714340361 0.098564791431892951

2.8322587714340361 0.098564791431892951
2.8291395437121922 0.098828016054968146

2.8291395437121922 0.098828016054968146
2.8260203159903488 0.099079271322597404

2.8260203159903488 0.099079271322597404
2.8229010882685053 0.099319127597482043

2.8229010882685053 0.099319127597482043
2.8197818605466614 0.099546825069199679

2.8197818605466614 0.099546825069199679
2.8166626328248179 0.099760830974199105

2.8166626328248179 0.099760830974199105
2.8158398337166104 0.099815287098996869

2.8158398337166104 0.099815287098996869
2.813543405102974 0.09996605533473657

2.813543405102974 0.09996605533473657
2.8104241773811305 0.10016155450587683

2.8104241773811305 0.10016155450587683
2.807304949659287 0.10034474487621572

2.807304949659287 0.10034474487621572
2.8041857219374431 0.10051624409618726

2.8041857219374431 0.10051624409618726
2.8010664942155996 0.10067742278718564

2.8010664942155996 0.10067742278718564
2.7979472664937557 0.10082705184152468

2.7979472664937557 0.10082705184152468
2.7948280387719122 0.10096560492521588

2.7948280387719122 0.10096560492521588
2.7917088110500687 0.10109399939802674

2.7917088110500687 0.10109399939802674
2.7885895833282248 0.10121176937402114

2.7885895833282248 0.10121176937402114
2.7854703556063813 0.10131894684317337

2.7854703556063813 0.10131894684317337
2.7823511278845374 0.10141589897603825

2.7823511278845374 0.10141589897603825
2.7792319001626939 0.10150245213431959

2.7792319001626939 0.10150245213431959
2.7761126724408505 0.10157860746600991

2.7761126724408505 0.10157860746600991
2.7729934447190066 0.10164465041847963

2.7729934447190066 0.10164465041847963
2.7698742169971631 0.10170076885865176

2.7698742169971631 0.10170076885865176
2.7667549892753192 0.10174728114903343

2.7667549892753192 0.10174728114903343
2.7636357615534757 0.10178478301843895

2.7636357615534757 0.10178478301843895
2.7605165338316322 0.10181401397927284

2.7605165338316322 0.10181401397927284
2.7573973061097883 0.10183585366868317

2.7573973061097883 0.10183585366868317
2.7542780783879448 0.10185119441509523

2.7542780783879448 0.10185119441509523
2.7511588506661009 0.10186076177040201

2.7511588506661009 0.10186076177040201
2.7480396229442574 0.10186504761721299

2.7480396229442574 0.10186504761721299
2.7449203952224139 0.10186427015217357

2.7449203952224139 0.10186427015217357
2.74180116750057 0.10185836358400378

2.74180116750057 0.10185836358400378
2.7386819397787265 0.10184699471432325

2.7386819397787265 0.10184699471432325
2.7355627120568826 0.10182953970903544

2.7355627120568826 0.10182953970903544
2.7324434843350391 0.10180506670834474

2.7324434843350391 0.10180506670834474
2.7293242566131957 0.10177241271680516

2.7293242566131957 0.10177241271680516
2.7262050288913517 0.1017303584160176

2.7262050288913517 0.1017303584160176
2.7230858011695083 0.1016778242187634

2.7230858011695083 0.1016778242187634
2.7199665734476643 0.10161399763225862

2.7199665734476643 0.10161399763225862
2.7168473457258209 0.10153839029008198

2.7168473457258209 0.10153839029008198
2.7137281180039774 0.10145092050578658

2.7137281180039774 0.10145092050578658
2.7106088902821335 0.10135193739640327

2.7106088902821335 0.10135193739640327
2.70748966256029 0.10124224371319493

2.70748966256029 0.10124224371319493
2.7043704348384461 0.10112297226995572

2.7043704348384461 0.10112297226995572
2.7012512071166026 0.10099542561142953

2.7012512071166026 0.10099542561142953
2.6981319793947591 0.10086106204424101

2.6981319793947591 0.10086106204424101
2.6950127516729152 0.10072135258966118

2.6950127516729152 0.10072135258966118
2.6918935239510717 0.10057757511191517

2.6918935239510717 0.10057757511191517
2.6887742962292278 0.10043066710672596

2.6887742962292278 0.10043066710672596
2.6856550685073843 0.10028118793889738

2.6856550685073843 0.10028118793889738
2.6825358407855409 0.10012932165681229

2.6825358407855409 0.10012932165681229
2.6794166130636969 0.099974799495627875

2.6794166130636969 0.099974799495627875
2.6762973853418535 0.099817024519373965

2.6762973853418535 0.099817024519373965
2.6762643362683107 0.099815287098996869

2.6762643362683107 0.099815287098996869
2.6731781576200095 0.099655074703199731

2.6731781576200095 0.099655074703199731
2.6700589298981661 0.09948789176087558

2.6700589298981661 0.09948789176087558
2.6669397021763226 0.099314043355254789

2.6669397021763226 0.099314043355254789
2.6638204744544787 0.099132082465990784

2.6638204744544787 0.099132082465990784
2.6607012467326352 0.098940805746129248

2.6607012467326352 0.098940805746129248
2.6575820190107917 0.098739294201873273

2.6575820190107917 0.098739294201873273
2.6544627912889478 0.0985269748690068

2.6544627912889478 0.0985269748690068
2.6513435635671043 0.098303675814056732

2.6513435635671043 0.098303675814056732
2.6482243358452604 0.098069785285467406

2.6482243358452604 0.098069785285467406
2.6451051081234169 0.09782604990959845

2.6451051081234169 0.09782604990959845
2.6419858804015734 0.097573428593792741

2.6419858804015734 0.097573428593792741
2.6388666526797295 0.097313149577037947

2.6388666526797295 0.097313149577037947
2.6357474249578861 0.09704638227664375

2.6357474249578861 0.09704638227664375
2.6326281972360421 0.096774833076691588

2.6326281972360421 0.096774833076691588
2.6317527720295857 0.096696059377153226

2.6317527720295857 0.096696059377153226
2.6295089695141987 0.096496089151706863

2.6295089695141987 0.096496089151706863
2.6263897417923552 0.096214237656944659

2.6263897417923552 0.096214237656944659
2.6232705140705113 0.095927084538857704

2.6232705140705113 0.095927084538857704
2.6201512863486678 0.095633926370304045

2.6201512863486678 0.095633926370304045
2.6170320586268239 0.095333312105881307

2.6170320586268239 0.095333312105881307
2.6139128309049804 0.095023626753454701

2.6139128309049804 0.095023626753454701
2.6107936031831369 0.094703059005838919

2.6107936031831369 0.094703059005838919
2.607674375461293 0.094369866715739367

2.607674375461293 0.094369866715739367
2.6045551477394495 0.094022901893038469

2.6045551477394495 0.094022901893038469
2.6014359200176056 0.093663130285662588

2.6014359200176056 0.093663130285662588
2.6007319942778819 0.09357683165530957

2.6007319942778819 0.09357683165530957
2.5983166922957621 0.093285454253065281

2.5983166922957621 0.093285454253065281
2.5951974645739186 0.092896340366048533

2.5951974645739186 0.092896340366048533
2.5920782368520747 0.092493505889063535

2.5920782368520747 0.092493505889063535
2.5889590091302312 0.092078120813204586

2.5889590091302312 0.092078120813204586
2.5858397814083873 0.091651333514885511

2.5858397814083873 0.091651333514885511
2.5827205536865439 0.0912143604177654

2.5827205536865439 0.0912143604177654
2.5796013259647004 0.090769228038419247

2.5796013259647004 0.090769228038419247
2.5774710482616148 0.090457603933465913

2.5774710482616148 0.090457603933465913
2.5764820982428565 0.090310927248817202

2.5764820982428565 0.090310927248817202
2.573362870521013 0.089851382267008978

2.573362870521013 0.089851382267008978
2.5702436427991691 0.089382311572001313

2.5702436427991691 0.089382311572001313
2.5671244150773256 0.088905699210208897

2.5671244150773256 0.088905699210208897
2.5640051873554821 0.088420892288986516

2.5640051873554821 0.088420892288986516
2.5608859596336382 0.087927092587739911

2.5608859596336382 0.087927092587739911
2.5577667319117947 0.087425756724306108

2.5577667319117947 0.087425756724306108
2.5572518395540551 0.087338376211622271

2.5572518395540551 0.087338376211622271
2.5546475041899508 0.0869084368847345

2.5546475041899508 0.0869084368847345
2.5515282764681073 0.08638388299095974

2.5515282764681073 0.08638388299095974
2.5484090487462638 0.085847256893140808

2.5484090487462638 0.085847256893140808
2.5452898210244199 0.08529838042711313

2.5452898210244199 0.08529838042711313
2.5421705933025764 0.084737156318293191

2.5421705933025764 0.084737156318293191
2.5393590681693867 0.084219148489778614

2.5393590681693867 0.084219148489778614
2.5390513655807325 0.084160246674646222

2.5390513655807325 0.084160246674646222
2.535932137858889 0.083575758581865583

2.535932137858889 0.083575758581865583
2.5328129101370456 0.082977545362182159

2.5328129101370456 0.082977545362182159
2.5296936824152016 0.082367320563457302

2.5296936824152016 0.082367320563457302
2.5265744546933582 0.081745041749769903

2.5265744546933582 0.081745041749769903
2.5234552269715143 0.081110878095664626

2.5234552269715143 0.081110878095664626
2.5234050056336992 0.081099920767934958

2.5234050056336992 0.081099920767934958
2.5203359992496708 0.080463615750075046

2.5203359992496708 0.080463615750075046
2.5172167715278273 0.079805431305413024

2.5172167715278273 0.079805431305413024
2.5140975438059834 0.079134521998078702

2.5140975438059834 0.079134521998078702
2.5109783160841399 0.078452198621740327

2.5109783160841399 0.078452198621740327
2.5088905205164469 0.077980693046091315

2.5088905205164469 0.077980693046091315
2.507859088362296 0.077743062654378831

2.507859088362296 0.077743062654378831
2.5047398606404525 0.07703397086466611

2.5047398606404525 0.07703397086466611
2.501620632918609 0.076303300463658699

2.501620632918609 0.076303300463658699
2.4985014051967651 0.075555572782582833

2.4985014051967651 0.075555572782582833
2.4956812359359053 0.074861465324247659

2.4956812359359053 0.074861465324247659
2.4953821774749216 0.07478394036967205

2.4953821774749216 0.07478394036967205
2.4922629497530777 0.074001004643582613

2.4922629497530777 0.074001004643582613
2.4891437220312342 0.073194719327276406

2.4891437220312342 0.073194719327276406
2.4860244943093908 0.072370150686899004

2.4860244943093908 0.072370150686899004
2.4837309489246597 0.071742237602404002

2.4837309489246597 0.071742237602404002
2.4829052665875468 0.071508432362745372

2.4829052665875468 0.071508432362745372
2.4797860388657034 0.070645324229769615

2.4797860388657034 0.070645324229769615
2.4766668111438599 0.0697521435496882

2.4766668111438599 0.0697521435496882
2.473547583422016 0.068846298432243394

2.473547583422016 0.068846298432243394
2.4728368613519538 0.068623009880560346

2.4728368613519538 0.068623009880560346
2.4704283557001725 0.067896747389704665

2.4704283557001725 0.067896747389704665
2.4673091279783286 0.066943275414329415

2.4673091279783286 0.066943275414329415
2.4641899002564851 0.065978882608795295

2.4641899002564851 0.065978882608795295
2.4627301401982504 0.065503782158716703

2.4627301401982504 0.065503782158716703
2.4610706725346416 0.064966103492198543

2.4610706725346416 0.064966103492198543
2.4579514448127977 0.063967112335750781

2.4579514448127977 0.063967112335750781
2.4548322170909542 0.062954491429593501

2.4548322170909542 0.062954491429593501
2.4531465292981629 0.06238455443687304

2.4531465292981629 0.06238455443687304
2.4517129893691103 0.061896252523591488

2.4517129893691103 0.061896252523591488
2.4485937616472668 0.060859174727637612

2.4485937616472668 0.060859174727637612
2.4454745339254234 0.059810088155224643

2.4454745339254234 0.059810088155224643
2.4439259256213313 0.05926532671502939

2.4439259256213313 0.05926532671502939
2.4423553062035794 0.058712862709340258

2.4423553062035794 0.058712862709340258
2.439236078481736 0.057637687172560147

2.439236078481736 0.057637687172560147
2.436116850759892 0.056551626227385632

2.436116850759892 0.056551626227385632
2.4350270766273181 0.056146098993185733

2.4350270766273181 0.056146098993185733
2.4329976230380486 0.055410978257656097

2.4329976230380486 0.055410978257656097
2.4298783953162051 0.054283407654322845

2.4298783953162051 0.054283407654322845
2.4267591675943612 0.053135502538150678

2.4267591675943612 0.053135502538150678
2.4264943488224175 0.053026871271342084

2.4264943488224175 0.053026871271342084
2.4236399398725177 0.051946789967811421

2.4236399398725177 0.051946789967811421
2.4205207121506738 0.050750997838698041

2.4205207121506738 0.050750997838698041
2.4184088572583531 0.049907643549498434

2.4184088572583531 0.049907643549498434
2.4174014844288303 0.04949007703704987

2.4174014844288303 0.04949007703704987
2.4142822567069868 0.048245846321685111

2.4142822567069868 0.048245846321685111
2.4111630289851429 0.046966780704830492

2.4111630289851429 0.046966780704830492
2.4107768702113344 0.046788415827654778

2.4107768702113344 0.046788415827654778
2.4080438012632994 0.045625390141532218

2.4080438012632994 0.045625390141532218
2.4049245735414555 0.044291966650069764

2.4049245735414555 0.044291966650069764
2.4035727938069189 0.043669188105811128

2.4035727938069189 0.043669188105811128
2.401805345819612 0.04286624781225494

2.401805345819612 0.04286624781225494
2.3986861180977685 0.041481867797867882

2.3986861180977685 0.041481867797867882
2.3966991721576809 0.040549960383967479

2.3966991721576809 0.040549960383967479
2.3955668903759246 0.040000670257453838

2.3955668903759246 0.040000670257453838
2.3924476626540812 0.03856880039254091

2.3924476626540812 0.03856880039254091
2.3900767544361243 0.037430732662123822

2.3900767544361243 0.037430732662123822
2.3893284349322372 0.037047242262304055

2.3893284349322372 0.037047242262304055
2.3862092072103938 0.035571270090366654

2.3862092072103938 0.035571270090366654
2.3836420653937807 0.034311504940280173

2.3836420653937807 0.034311504940280173
2.3830899794885503 0.034017019422799881

2.3830899794885503 0.034017019422799881
2.3799707517667064 0.032502833225964353

2.3799707517667064 0.032502833225964353
2.3773602838077501 0.03119227721843652

2.3773602838077501 0.03119227721843652
2.3768515240448629 0.030913021982807751

2.3768515240448629 0.030913021982807751
2.373732296323019 0.029363147307294793

2.373732296323019 0.029363147307294793
2.3712312458265057 0.02807304949659287

2.3712312458265057 0.02807304949659287
2.3706130686011755 0.027726934681781147

2.3706130686011755 0.027726934681781147
2.367493840879332 0.026143279331500704

2.367493840879332 0.026143279331500704
2.3652702416062499 0.024953821774749217

2.3652702416062499 0.024953821774749217
2.3643746131574881 0.024445214987745763

2.3643746131574881 0.024445214987745763
2.3612553854356446 0.022824907531999838

2.3612553854356446 0.022824907531999838
2.359495013686248 0.021834594052905568

2.359495013686248 0.021834594052905568
2.3581361577138007 0.021055062543762815

2.3581361577138007 0.021055062543762815
2.3550169299919572 0.019386335405859177

2.3550169299919572 0.019386335405859177
2.3539064651968449 0.018715366331061915

2.3539064651968449 0.018715366331061915
2.3518977022701137 0.017550551340295168

2.3518977022701137 0.017550551340295168
2.3487784745482698 0.015786519295627858

2.3487784745482698 0.015786519295627858
2.3484909345352922 0.01559613860921826

2.3484909345352922 0.01559613860921826
2.3456592468264263 0.013932979619279322

2.3456592468264263 0.013932979619279322
2.3432435962918827 0.012476910887374609

2.3432435962918827 0.012476910887374609
2.3425400191045824 0.012014515888225986

2.3425400191045824 0.012014515888225986
2.339420791382739 0.010206581913817177

2.339420791382739 0.010206581913817177
2.338110109998655 0.0093576831655309556

2.338110109998655 0.0093576831655309556
2.3363015636608955 0.0082147282202282117

2.3363015636608955 0.0082147282202282117
2.3331823359390516 0.0063212656329100607

2.3331823359390516 0.0063212656329100607
2.3330651481673934 0.0062384554436873043

2.3330651481673934 0.0062384554436873043
2.3300631082172081 0.0043842563737266672

2.3300631082172081 0.0043842563737266672
2.3280986248909197 0.0031192277218436517

2.3280986248909197 0.0031192277218436517
2.3269438804953642 0.0023428234162196156

2.3269438804953642 0.0023428234162196156
2.3238246527735207 0.00046000148833057848

2.3238246527735207 0.00046000148833057848
2.3231656703623602 0

2.3231656703623602 0
2.3207054250516772 -0.001570249899850847

2.3207054250516772 -0.001570249899850847
2.3182933242990122 -0.0031192277218436521

2.3182933242990122 -0.0031192277218436521
2.3175861973298333 -0.0036144064144530011

2.3175861973298333 -0.0036144064144530011
2.3144669696079898 -0.0055159312578085635

2.3144669696079898 -0.0055159312578085635
2.3134215486853877 -0.0062384554436873043

2.3134215486853877 -0.0062384554436873043
2.3113477418861459 -0.0075974389652885251

2.3113477418861459 -0.0075974389652885251
2.3086016082246448 -0.0093576831655309573

2.3086016082246448 -0.0093576831655309573
2.3082285141643024 -0.0096258755299068275

2.3082285141643024 -0.0096258755299068275
2.3051092864424589 -0.011559060545274192

2.3051092864424589 -0.011559060545274192
2.3037652153083985 -0.012476910887374609

2.3037652153083985 -0.012476910887374609
2.301990058720615 -0.013661650994877955

2.301990058720615 -0.013661650994877955
2.2989477855786533 -0.015596138609218262

2.2989477855786533 -0.015596138609218262
2.2988708309987715 -0.015652229982015379

2.2988708309987715 -0.015652229982015379
2.2957516032769281 -0.017612423338076996

2.2957516032769281 -0.017612423338076996
2.2940904194527021 -0.018715366331061911

2.2940904194527021 -0.018715366331061911
2.2926323755550841 -0.019693557303619831

2.2926323755550841 -0.019693557303619831
2.2895131478332407 -0.021601429696602531

2.2895131478332407 -0.021601429696602531
2.2891816289705638 -0.021834594052905564

2.2891816289705638 -0.021834594052905564
2.2863939201113967 -0.023573113787791724

2.2863939201113967 -0.023573113787791724
2.2841889803630786 -0.024953821774749217

2.2841889803630786 -0.024953821774749217
2.2832746923895533 -0.025564326505127039

2.2832746923895533 -0.025564326505127039
2.2801554646677098 -0.027363483550697967

2.2801554646677098 -0.027363483550697967
2.2790324032444169 -0.028073049496592867

2.2790324032444169 -0.028073049496592867
2.2770362369458659 -0.029278863275135476

2.2770362369458659 -0.029278863275135476
2.2739170092240224 -0.031038583125437027

2.2739170092240224 -0.031038583125437027
2.273674606549954 -0.03119227721843652

2.273674606549954 -0.03119227721843652
2.2707977815021785 -0.032799761499613569

2.2707977815021785 -0.032799761499613569
2.2679984234603974 -0.034311504940280173

2.2679984234603974 -0.034311504940280173
2.267678553780335 -0.034504304336753208

2.267678553780335 -0.034504304336753208
2.2645593260584915 -0.036095460795844983

2.2645593260584915 -0.036095460795844983
2.2618676135467366 -0.037430732662123829

2.2618676135467366 -0.037430732662123829
2.2614400983366476 -0.037662916456057495

2.2614400983366476 -0.037662916456057495
2.2583208706148041 -0.039107229782240398

2.2583208706148041 -0.039107229782240398
2.2552016428929602 -0.040485197882158236

2.2552016428929602 -0.040485197882158236
2.2550611036908208 -0.040549960383967479

2.2550611036908208 -0.040549960383967479
2.2520824151711167 -0.041788118531606744

2.2520824151711167 -0.041788118531606744
2.2489631874492733 -0.042984410075936945

2.2489631874492733 -0.042984410075936945
2.2470662414510456 -0.043669188105811135

2.2470662414510456 -0.043669188105811135
2.2458439597274293 -0.044117308418574815

2.2458439597274293 -0.044117308418574815
2.2427247320055859 -0.045114556860849718

2.2427247320055859 -0.045114556860849718
2.2396055042837419 -0.046024781947537875

2.2396055042837419 -0.046024781947537875
2.2366263870256464 -0.046788415827654785

2.2366263870256464 -0.046788415827654785
2.2364862765618985 -0.046826367249498686

2.2364862765618985 -0.046826367249498686
2.233367048840055 -0.047510842282082202

2.233367048840055 -0.047510842282082202
2.2302478211182111 -0.04808924353996661

2.2302478211182111 -0.04808924353996661
2.2271285933963676 -0.048558118209694995

2.2271285933963676 -0.048558118209694995
2.2240093656745237 -0.048914181811741217

2.2240093656745237 -0.048914181811741217
2.2208901379526802 -0.049156232515459017

2.2208901379526802 -0.049156232515459017
2.2177709102308367 -0.049285042053191591

2.2177709102308367 -0.049285042053191591
2.2146516825089928 -0.049304439847097203

2.2146516825089928 -0.049304439847097203
2.2115324547871493 -0.049219156990388743

2.2115324547871493 -0.049219156990388743
2.2084132270653054 -0.049032211876591604

2.2084132270653054 -0.049032211876591604
2.2052939993434619 -0.048744825134870731

2.2052939993434619 -0.048744825134870731
2.2021747716216185 -0.048358289981588233

2.2021747716216185 -0.048358289981588233
2.1990555438997745 -0.047875606600317561

2.1990555438997745 -0.047875606600317561
2.1959363161779311 -0.047302854588615655

2.1959363161779311 -0.047302854588615655
2.1935031221267454 -0.046788415827654785

2.1935031221267454 -0.046788415827654785
2.1928170884560871 -0.046638441394199801

2.1928170884560871 -0.046638441394199801
2.1896978607342437 -0.045902889039299455

2.1896978607342437 -0.045902889039299455
2.1865786330124002 -0.045080877586944387

2.1865786330124002 -0.045080877586944387
2.1834594052905563 -0.044191038282938355

2.1834594052905563 -0.044191038282938355
2.1818040169217716 -0.043669188105811135

2.1818040169217716 -0.043669188105811135
2.1803401775687128 -0.0432042392786567

2.1803401775687128 -0.0432042392786567
2.1772209498468689 -0.042183906419689762

2.1772209498468689 -0.042183906419689762
2.1741017221250254 -0.041104974957242656

2.1741017221250254 -0.041104974957242656
2.1726354694969521 -0.040549960383967479

2.1726354694969521 -0.040549960383967479
2.1709824944031819 -0.039926383965455031

2.1709824944031819 -0.039926383965455031
2.167863266681338 -0.03873708055167123

2.167863266681338 -0.03873708055167123
2.1647440389594945 -0.037493810442457372

2.1647440389594945 -0.037493810442457372
2.164605615753612 -0.037430732662123829

2.164605615753612 -0.037430732662123829
2.1616248112376506 -0.03619838742460766

2.1616248112376506 -0.03619838742460766
2.1585055835158071 -0.034895073310230874

2.1585055835158071 -0.034895073310230874
2.1572164197824018 -0.034311504940280173

2.1572164197824018 -0.034311504940280173
2.1553863557939636 -0.033498002557279194

2.1553863557939636 -0.033498002557279194
2.1522671280721197 -0.032140691718042888

2.1522671280721197 -0.032140691718042888
2.1501878496832063 -0.03119227721843652

2.1501878496832063 -0.03119227721843652
2.1491479003502763 -0.030698785218947675

2.1491479003502763 -0.030698785218947675
2.1460286726284323 -0.029304694949147485

2.1460286726284323 -0.029304694949147485
2.1433528372988166 -0.028073049496592867

2.1433528372988166 -0.028073049496592867
2.1429094449065889 -0.027850589197616116

2.1429094449065889 -0.027850589197616116
2.1397902171847454 -0.026430924549871011

2.1397902171847454 -0.026430924549871011
2.1366709894629015 -0.024996865230725439

2.1366709894629015 -0.024996865230725439
2.1365875128126368 -0.024953821774749217

2.1365875128126368 -0.024953821774749217
2.133551761741058 -0.023559012070769575

2.133551761741058 -0.023559012070769575
2.1304325340192141 -0.02215688282890781

2.1304325340192141 -0.02215688282890781
2.1297724622462861 -0.021834594052905564

2.1297724622462861 -0.021834594052905564
2.1273133062973706 -0.020713391291355892

2.1273133062973706 -0.020713391291355892
2.1241940785755271 -0.019340177429995623

2.1241940785755271 -0.019340177429995623
2.1228406735119516 -0.018715366331061911

2.1228406735119516 -0.018715366331061911
2.1210748508536832 -0.017912923032640835

2.1210748508536832 -0.017912923032640835
2.1179556231318397 -0.016567818159641815

2.1179556231318397 -0.016567818159641815
2.1157424431357148 -0.015596138609218262

2.1157424431357148 -0.015596138609218262
2.1148363954099962 -0.01517937874564141

2.1148363954099962 -0.01517937874564141
2.1117171676881523 -0.013859508647245439

2.1117171676881523 -0.013859508647245439
2.1085979399663088 -0.012539015500498497

2.1085979399663088 -0.012539015500498497
2.1084644870333928 -0.012476910887374609

2.1084644870333928 -0.012476910887374609
2.1054787122444649 -0.011221788748619507

2.1054787122444649 -0.011221788748619507
2.1023594845226214 -0.0099449304375497129

2.1023594845226214 -0.0099449304375497129
2.1009763835936734 -0.0093576831655309573

2.1009763835936734 -0.0093576831655309573
2.099240256800778 -0.0086297314465976997

2.099240256800778 -0.0086297314465976997
2.0961210290789341 -0.0073782723847926864

2.0961210290789341 -0.0073782723847926864
2.0932786333650166 -0.0062384554436873043

2.0932786333650166 -0.0062384554436873043
2.0930018013570906 -0.0061175755771413678

2.0930018013570906 -0.0061175755771413678
2.0898825736352467 -0.0048979541053574905

2.0898825736352467 -0.0048979541053574905
2.0867633459134032 -0.0037048131224436971

2.0867633459134032 -0.0037048131224436971
2.0852635643323825 -0.0031192277218436521

2.0852635643323825 -0.0031192277218436521
2.0836441181915597 -0.0024898914155751964

2.0836441181915597 -0.0024898914155751964
2.0805248904697158 -0.001340829084703353

2.0805248904697158 -0.001340829084703353
2.0774056627478723 -0.0002166837214416493

2.0774056627478723 -0.0002166837214416493
2.076832931068199 0

2.076832931068199 0
2.0742864350260284 0.00090799248318707785

2.0742864350260284 0.00090799248318707785
2.0711672073041849 0.0019854946594677772

2.0711672073041849 0.0019854946594677772
2.0680479795823414 0.0030317076105723494

2.0680479795823414 0.0030317076105723494
2.0678002817176462 0.0031192277218436517

2.0678002817176462 0.0031192277218436517
2.0649287518604975 0.0040625428966951215

2.0649287518604975 0.0040625428966951215
2.061809524138654 0.0050554570601918491

2.061809524138654 0.0050554570601918491
2.0586902964168101 0.0060074085136259982

2.0586902964168101 0.0060074085136259982
2.0579515977927794 0.0062384554436873043

2.0579515977927794 0.0062384554436873043
2.0555710686949666 0.0069527336504782555

2.0555710686949666 0.0069527336504782555
2.0524518409731232 0.0078521423263778374

2.0524518409731232 0.0078521423263778374
2.0493326132512792 0.0087224656164207482

2.0493326132512792 0.0087224656164207482
2.047008071978921 0.0093576831655309556

2.047008071978921 0.0093576831655309556
2.0462133855294358 0.0095821820687898539

2.0462133855294358 0.0095821820687898539
2.0430941578075918 0.010396858735250002

2.0430941578075918 0.010396858735250002
2.0399749300857484 0.011189794270463287

2.0399749300857484 0.011189794270463287
2.0368557023639049 0.011951400677558559

2.0368557023639049 0.011951400677558559
2.0346622860501675 0.012476910887374609

2.0346622860501675 0.012476910887374609
2.033736474642061 0.012704113410574919

2.033736474642061 0.012704113410574919
2.0306172469202175 0.013423618635118496

2.0306172469202175 0.013423618635118496
2.0274980191983736 0.014128649156235896

2.0274980191983736 0.014128649156235896
2.0243787914765301 0.01481132710688331

2.0243787914765301 0.01481132710688331
2.0212595637546866 0.01546721328879846

2.0212595637546866 0.01546721328879846
2.0206511374345641 0.01559613860921826

2.0206511374345641 0.01559613860921826
2.0181403360328427 0.016111119786111568

2.0181403360328427 0.016111119786111568
2.0150211083109992 0.016729651871593365

2.0150211083109992 0.016729651871593365
2.0119018805891553 0.01732854682546689

2.0119018805891553 0.01732854682546689
2.0087826528673118 0.017904303157241737

2.0087826528673118 0.017904303157241737
2.0056634251454684 0.018450554103218126

2.0056634251454684 0.018450554103218126
2.0040950339025492 0.018715366331061915

2.0040950339025492 0.018715366331061915
2.0025441974236244 0.018976985588434504

2.0025441974236244 0.018976985588434504
1.9994249697017812 0.019467762868835118

1.9994249697017812 0.019467762868835118
1.9963057419799375 0.019933486077204427

1.9963057419799375 0.019933486077204427
1.9931865142580938 0.020371986482486542

1.9931865142580938 0.020371986482486542
1.9900672865362501 0.020782066387364708

1.9900672865362501 0.020782066387364708
1.9869480588144066 0.021162339317477165

1.9869480588144066 0.021162339317477165
1.9838288310925629 0.021512851687785231

1.9838288310925629 0.021512851687785231
1.9807101512822112 0.021834594052905568

1.9807101512822112 0.021834594052905568
1.9807096033707192 0.021834652007935662

1.9807096033707192 0.021834652007935662
1.9775903756488755 0.022129550835147945

1.9775903756488755 0.022129550835147945
1.9744711479270318 0.022399284097925201

1.9744711479270318 0.022399284097925201
1.9713519202051883 0.022645178941312197

1.9713519202051883 0.022645178941312197
1.9682326924833446 0.022868427648968456

1.9682326924833446 0.022868427648968456
1.9651134647615009 0.023069614631677979

1.9651134647615009 0.023069614631677979
1.9619942370396573 0.023248986839081966

1.9619942370396573 0.023248986839081966
1.9588750093178136 0.023406972320973281

1.9588750093178136 0.023406972320973281
1.9557557815959701 0.023544303436769286

1.9557557815959701 0.023544303436769286
1.9526365538741264 0.023661466899511138

1.9526365538741264 0.023661466899511138
1.9495173261522827 0.023758288097508705

1.9495173261522827 0.023758288097508705
1.946398098430439 0.023833992130090912

1.946398098430439 0.023833992130090912
1.9432788707085953 0.023887550597304835

1.9432788707085953 0.023887550597304835
1.9401596429867518 0.023918221649663562

1.9401596429867518 0.023918221649663562
1.9370404152649081 0.02392587373561951

1.9370404152649081 0.02392587373561951
1.9339211875430644 0.023910824879367281

1.9339211875430644 0.023910824879367281
1.9308019598212207 0.023873399048445668

1.9308019598212207 0.023873399048445668
1.927682732099377 0.023813645735175543

1.927682732099377 0.023813645735175543
1.9245635043775335 0.023731355705746467

1.9245635043775335 0.023731355705746467
1.9214442766556898 0.023626206380903632

1.9214442766556898 0.023626206380903632
1.9183250489338461 0.023497888516652739

1.9183250489338461 0.023497888516652739
1.9152058212120024 0.023346202910190034

1.9152058212120024 0.023346202910190034
1.9120865934901587 0.023171213270281932

1.9120865934901587 0.023171213270281932
1.9089673657683153 0.022973285701062211

1.9089673657683153 0.022973285701062211
1.9058481380464716 0.022752957900369308

1.9058481380464716 0.022752957900369308
1.9027289103246279 0.022510723633931171

1.9027289103246279 0.022510723633931171
1.8996096826027842 0.022246879408217044

1.8996096826027842 0.022246879408217044
1.8964904548809407 0.021962484303010135

1.8964904548809407 0.021962484303010135
1.8952007805889761 0.021834594052905568

1.8952007805889761 0.021834594052905568
1.893371227159097 0.021653786865968357

1.893371227159097 0.021653786865968357
1.8902519994372533 0.021326888542329909

1.8902519994372533 0.021326888542329909
1.8871327717154096 0.020979112319730833

1.8871327717154096 0.020979112319730833
1.8840135439935659 0.020611862225387169

1.8840135439935659 0.020611862225387169
1.8808943162717224 0.020225757586808186

1.8808943162717224 0.020225757586808186
1.8777750885498787 0.019821009998472333

1.8777750885498787 0.019821009998472333
1.874655860828035 0.019397245711017204

1.874655860828035 0.019397245711017204
1.8715366331061913 0.018955800777015436

1.8715366331061913 0.018955800777015436
1.8699323579680946 0.018715366331061915

1.8699323579680946 0.018715366331061915
1.8684174053843476 0.018487888360286728

1.8684174053843476 0.018487888360286728
1.8652981776625042 0.018007208577779293

1.8652981776625042 0.018007208577779293
1.8621789499406605 0.01750554686029995

1.8621789499406605 0.01750554686029995
1.8590597222188168 0.016984946028144723

1.8590597222188168 0.016984946028144723
1.8559404944969731 0.016444962627833796

1.8559404944969731 0.016444962627833796
1.8528212667751294 0.015887589288753359

1.8528212667751294 0.015887589288753359
1.8512806914385516 0.01559613860921826

1.8512806914385516 0.01559613860921826
1.8497020390532859 0.015297370254284371

1.8497020390532859 0.015297370254284371
1.8465828113314422 0.014693896701304037

1.8465828113314422 0.014693896701304037
1.8434635836095985 0.014062513027145628

1.8434635836095985 0.014062513027145628
1.8403443558877548 0.013405324549441131

1.8403443558877548 0.013405324549441131
1.8372251281659111 0.01272771555742603

1.8372251281659111 0.01272771555742603
1.8361486853250106 0.012476910887374609

1.8361486853250106 0.012476910887374609
1.8341059004440676 0.012008902646932308

1.8341059004440676 0.012008902646932308
1.8309866727222239 0.011277546540495021

1.8309866727222239 0.011277546540495021
1.8278674450003802 0.010518826350320986

1.8278674450003802 0.010518826350320986
1.8247482172785365 0.0097430526748433291

1.8247482172785365 0.0097430526748433291
1.8232817877793923 0.0093576831655309556

1.8232817877793923 0.0093576831655309556
1.8216289895566928 0.0089246476959156211

1.8216289895566928 0.0089246476959156211
1.8185097618348494 0.0081044438643685466

1.8185097618348494 0.0081044438643685466
1.8153905341130057 0.0072579315157641228

1.8153905341130057 0.0072579315157641228
1.812271306391162 0.0063996481778065377

1.812271306391162 0.0063996481778065377
1.811730267066151 0.0062384554436873043

1.811730267066151 0.0062384554436873043
1.8091520786693183 0.005505406954099918

1.8091520786693183 0.005505406954099918
1.8060328509474748 0.0046036159281261022

1.8060328509474748 0.0046036159281261022
1.8029136232256311 0.0036883598700074129

1.8029136232256311 0.0036883598700074129
1.8010516602814981 0.0031192277218436517

1.8010516602814981 0.0031192277218436517
1.7997943955037874 0.0027288128424034688

1.7997943955037874 0.0027288128424034688
1.7966751677819437 0.001776740652309078

1.7966751677819437 0.001776740652309078
1.7935559400601 0.0007954395950246578

1.7935559400601 0.0007954395950246578
1.7911045796294631 0

1.7911045796294631 0
1.7904367123382565 -0.00022751226868762152

1.7904367123382565 -0.00022751226868762152
1.7873174846164128 -0.0012499006376082214

1.7873174846164128 -0.0012499006376082214
1.7841982568945691 -0.0023049714779790668

1.7841982568945691 -0.0023049714779790668
1.7818752476938406 -0.0031192277218436521

1.7818752476938406 -0.0031192277218436521
1.7810790291727254 -0.0034111824094212382

1.7810790291727254 -0.0034111824094212382
1.7779598014508817 -0.0045131176285905742

1.7779598014508817 -0.0045131176285905742
1.7748405737290383 -0.0056450534324068245

1.7748405737290383 -0.0056450534324068245
1.7733056536966767 -0.0062384554436873043

1.7733056536966767 -0.0062384554436873043
1.7717213460071946 -0.0068508317437238064

1.7717213460071946 -0.0068508317437238064
1.7686021182853509 -0.0080463285466286297

1.7686021182853509 -0.0080463285466286297
1.7654828905635072 -0.0092800276103071205

1.7654828905635072 -0.0092800276103071205
1.7653095065933502 -0.0093576831655309573

1.7653095065933502 -0.0093576831655309573
1.7623636628416635 -0.010559209916448185

1.7623636628416635 -0.010559209916448185
1.75924443511982 -0.01184302210526954

1.75924443511982 -0.01184302210526954
1.7578060568516478 -0.012476910887374609

1.7578060568516478 -0.012476910887374609
1.7561252073979763 -0.013212251947047515

1.7561252073979763 -0.013212251947047515
1.7530059796761326 -0.014550369935289308

1.7530059796761326 -0.014550369935289308
1.7506761241480133 -0.015596138609218262

1.7506761241480133 -0.015596138609218262
1.7498867519542889 -0.015971700975536164

1.7498867519542889 -0.015971700975536164
1.7467675242324452 -0.017365830681912862

1.7467675242324452 -0.017365830681912862
1.7438597832811142 -0.018715366331061911

1.7438597832811142 -0.018715366331061911
1.7436482965106017 -0.01882461237416503

1.7436482965106017 -0.01882461237416503
1.740529068788758 -0.020291552700573208

1.740529068788758 -0.020291552700573208
1.7374098410669143 -0.021795971930841894

1.7374098410669143 -0.021795971930841894
1.7373407460586763 -0.021834594052905564

1.7373407460586763 -0.021834594052905564
1.7342906133450706 -0.023340585351697904

1.7342906133450706 -0.023340585351697904
1.7311713856232269 -0.024905916616363415

1.7311713856232269 -0.024905916616363415
1.7310894649797621 -0.024953821774749217

1.7310894649797621 -0.024953821774749217
1.7280521579013834 -0.026516577310664678

1.7280521579013834 -0.026516577310664678
1.7250963163547084 -0.028073049496592867

1.7250963163547084 -0.028073049496592867
1.7249329301795397 -0.028170732998909341

1.7249329301795397 -0.028170732998909341
1.721813702457696 -0.029830857112202798

1.721813702457696 -0.029830857112202798
1.7193580780365747 -0.03119227721843652

1.7193580780365747 -0.03119227721843652
1.7186944747358524 -0.031592712143334242

1.7186944747358524 -0.031592712143334242
1.7155752470140089 -0.033290080193784308

1.7155752470140089 -0.033290080193784308
1.7138627073102914 -0.034311504940280173

1.7138627073102914 -0.034311504940280173
1.7124560192921652 -0.035164741604820748

1.7124560192921652 -0.035164741604820748
1.7093367915703215 -0.036939397029392557

1.7093367915703215 -0.036939397029392557
1.7085976608978604 -0.037430732662123829

1.7085976608978604 -0.037430732662123829
1.7062175638484778 -0.038891896785229571

1.7062175638484778 -0.038891896785229571
1.7035637524818268 -0.040549960383967479

1.7035637524818268 -0.040549960383967479
1.7030983361266341 -0.040874960616254813

1.7030983361266341 -0.040874960616254813
1.6999791084047906 -0.042792165161437835

1.6999791084047906 -0.042792165161437835
1.698722271212552 -0.043669188105811135

1.698722271212552 -0.043669188105811135
1.6968598806829469 -0.044930482132930293

1.6968598806829469 -0.044930482132930293
1.6940814794972674 -0.046788415827654785

1.6940814794972674 -0.046788415827654785
1.6937406529611032 -0.047045074103893664

1.6937406529611032 -0.047045074103893664
1.6906214252392595 -0.04911061981411869

1.6906214252392595 -0.04911061981411869
1.6895655897395108 -0.049907643549498434

1.6895655897395108 -0.049907643549498434
1.6875021975174158 -0.051394088255168238

1.6875021975174158 -0.051394088255168238
1.6852723132770793 -0.053026871271342091

1.6852723132770793 -0.053026871271342091
1.6843829697955723 -0.053723896091942419

1.6843829697955723 -0.053723896091942419
1.6812637420737286 -0.055946278200551737

1.6812637420737286 -0.055946278200551737
1.6810199375230446 -0.05614609899318574

1.6810199375230446 -0.05614609899318574
1.6781445143518849 -0.058278271975612854

1.6781445143518849 -0.058278271975612854
1.6769298521371228 -0.05926532671502939

1.6769298521371228 -0.05926532671502939
1.6750252866300412 -0.06077576667132386

1.6750252866300412 -0.06077576667132386
1.673026876671257 -0.062384554436873046

1.673026876671257 -0.062384554436873046
1.6719060589081975 -0.063323041515753353

1.6719060589081975 -0.063323041515753353
1.6691562081777271 -0.065503782158716689

1.6691562081777271 -0.065503782158716689
1.6687868311863541 -0.06582318803064674

1.6687868311863541 -0.06582318803064674
1.6656676034645104 -0.06828077772398794

1.6656676034645104 -0.06828077772398794
1.6652782855030361 -0.068623009880560346

1.6652782855030361 -0.068623009880560346
1.6625483757426667 -0.070867778288404515

1.6625483757426667 -0.070867778288404515
1.6615611576959954 -0.071742237602403988

1.6615611576959954 -0.071742237602403988
1.659429148020823 -0.073579643244212789

1.659429148020823 -0.073579643244212789
1.6579907182914411 -0.074861465324247645

1.6579907182914411 -0.074861465324247645
1.6563099202989793 -0.076356775042419292

1.6563099202989793 -0.076356775042419292
1.6544918566358491 -0.077980693046091301

1.6544918566358491 -0.077980693046091301
1.6531906925771358 -0.079162255308372134

1.6531906925771358 -0.079162255308372134
1.6510282295387573 -0.081099920767934958

1.6510282295387573 -0.081099920767934958
1.6500714648552921 -0.081983732889547883

1.6500714648552921 -0.081983732889547883
1.6475887707820722 -0.0842191484897786

1.6475887707820722 -0.0842191484897786
1.6469522371334484 -0.084814940758272034

1.6469522371334484 -0.084814940758272034
1.6441534911940798 -0.087338376211622257

1.6441534911940798 -0.087338376211622257
1.6438330094116047 -0.087640486453876912

1.6438330094116047 -0.087640486453876912
1.640713781689761 -0.090441795631317934

1.640713781689761 -0.090441795631317934
1.6406970545238848 -0.090457603933465913

1.6406970545238848 -0.090457603933465913
1.6375945539679175 -0.093242659423053015

1.6375945539679175 -0.093242659423053015
1.6372396773226363 -0.093576831655309556

1.6372396773226363 -0.093576831655309556
1.6344753262460738 -0.096063531970711477

1.6344753262460738 -0.096063531970711477
1.633798387731886 -0.096696059377153212

1.633798387731886 -0.096696059377153212
1.6313560985242301 -0.098888756868989791

1.6313560985242301 -0.098888756868989791
1.6303473332930016 -0.099815287098996869

1.6303473332930016 -0.099815287098996869
1.6282368708023864 -0.10169271278299985

1.6282368708023864 -0.10169271278299985
1.6268460643282017 -0.10293451482084051

1.6268460643282017 -0.10293451482084051
1.625117643080543 -0.10445263801962527

1.625117643080543 -0.10445263801962527
1.6232440635527461 -0.10605374254268417

1.6232440635527461 -0.10605374254268417
1.6219984153586993 -0.10713152667054945

1.6219984153586993 -0.10713152667054945
1.6194260467038535 -0.10917297026452782

1.6194260467038535 -0.10917297026452782
1.6194260467038535 -0.10917297026452782

1.6194260467038535 -0.10917297026452782
1.6188791876368556 -0.1096353733503999

1.6188791876368556 -0.1096353733503999
1.6157599599150119 -0.11191512533380632

1.6157599599150119 -0.11191512533380632
1.6152891357256915 -0.11229219798637147

1.6152891357256915 -0.11229219798637147
1.6126407321931682 -0.11418894400332655

1.6126407321931682 -0.11418894400332655
1.6108807252464445 -0.11541142570821512

1.6108807252464445 -0.11541142570821512
1.6095215044713247 -0.11636912690453299

1.6095215044713247 -0.11636912690453299
1.606402276749481 -0.11820061752157049

1.606402276749481 -0.11820061752157049
1.6058604441707016 -0.11853065343005878

1.6058604441707016 -0.11853065343005878
1.6032830490276373 -0.11994748342846825

1.6032830490276373 -0.11994748342846825
1.6001638213057936 -0.12143677593140162

1.6001638213057936 -0.12143677593140162
1.5996901621269017 -0.12164988115190242

1.5996901621269017 -0.12164988115190242
1.5970445935839499 -0.12274338977080666

1.5970445935839499 -0.12274338977080666
1.5939253658621064 -0.12380047754821985

1.5939253658621064 -0.12380047754821985
1.5908061381402627 -0.12460194365583402

1.5908061381402627 -0.12460194365583402
1.5898415016956662 -0.12476910887374608

1.5898415016956662 -0.12476910887374608
1.587686910418419 -0.12513216223993456

1.587686910418419 -0.12513216223993456
1.5845676826965753 -0.12538587414747501

1.5845676826965753 -0.12538587414747501
1.5814484549747316 -0.12538831436619752

1.5814484549747316 -0.12538831436619752
1.5783292272528882 -0.12513622467819424

1.5783292272528882 -0.12513622467819424
1.5760617726683082 -0.12476910887374608

1.5760617726683082 -0.12476910887374608
1.5752099995310445 -0.12462718522279871

1.5752099995310445 -0.12462718522279871
1.5720907718092008 -0.12387430092383568

1.5720907718092008 -0.12387430092383568
1.5689715440873571 -0.12285297209525524

1.5689715440873571 -0.12285297209525524
1.566044362894683 -0.12164988115190242

1.566044362894683 -0.12164988115190242
1.5658523163655134 -0.12156216871027765

1.5658523163655134 -0.12156216871027765
1.5627330886436699 -0.12005041970600765

1.5627330886436699 -0.12005041970600765
1.5600208659664911 -0.11853065343005878

1.5600208659664911 -0.11853065343005878
1.5596138609218262 -0.11827378492383719

1.5596138609218262 -0.11827378492383719
1.5564946331999825 -0.11640023209198876

1.5564946331999825 -0.11640023209198876
1.5551301609773716 -0.11541142570821512

1.5551301609773716 -0.11541142570821512
1.5533754054781388 -0.11415117896595008

1.5533754054781388 -0.11415117896595008
1.5508921167283252 -0.11229219798637147

1.5508921167283252 -0.11229219798637147
1.5502561777562953 -0.11177006708737641

1.5502561777562953 -0.11177006708737641
1.5471369500344516 -0.10936056798201378

1.5471369500344516 -0.10936056798201378
1.5469236772867569 -0.10917297026452782

1.5469236772867569 -0.10917297026452782
1.5440177223126079 -0.10677939598283136

1.5440177223126079 -0.10677939598283136
1.5432104828675488 -0.10605374254268417

1.5432104828675488 -0.10605374254268417
1.5408984945907642 -0.10403205054842958

1.5408984945907642 -0.10403205054842958
1.5397018820489055 -0.10293451482084051

1.5397018820489055 -0.10293451482084051
1.5377792668689205 -0.10117897672789834

1.5377792668689205 -0.10117897672789834
1.5363232022784676 -0.099815287098996869

1.5363232022784676 -0.099815287098996869
1.534660039147077 -0.098250060686315713

1.534660039147077 -0.098250060686315713
1.5330237913304017 -0.096696059377153212

1.5330237913304017 -0.096696059377153212
1.5315408114252334 -0.095281497933407358

1.5315408114252334 -0.095281497933407358
1.5297487263181346 -0.093576831655309556

1.5297487263181346 -0.093576831655309556
1.5284215837033897 -0.092308601548475533

1.5284215837033897 -0.092308601548475533
1.526471855982483 -0.090457603933465913

1.526471855982483 -0.090457603933465913
1.525302355981546 -0.089337576095226162

1.525302355981546 -0.089337576095226162
1.5231931259157245 -0.087338376211622257

1.5231931259157245 -0.087338376211622257
1.5221831282597023 -0.086370441593410688

1.5221831282597023 -0.086370441593410688
1.5198926020715022 -0.0842191484897786

1.5198926020715022 -0.0842191484897786
1.5190639005378588 -0.083429872739001626

1.5190639005378588 -0.083429872739001626
1.5165310488895871 -0.081099920767934958

1.5165310488895871 -0.081099920767934958
1.5159446728160151 -0.080547510017056359

1.5159446728160151 -0.080547510017056359
1.5130754646962021 -0.077980693046091301

1.5130754646962021 -0.077980693046091301
1.5128254450941714 -0.077747367917364849

1.5128254450941714 -0.077747367917364849
1.5097062173723277 -0.07502565160428161

1.5097062173723277 -0.07502565160428161
1.5095284627008854 -0.074861465324247645

1.5095284627008854 -0.074861465324247645
1.506586989650484 -0.072321581577637808

1.506586989650484 -0.072321581577637808
1.5059458538365953 -0.071742237602403988

1.5059458538365953 -0.071742237602403988
1.5034677619286405 -0.069625356628910132

1.5034677619286405 -0.069625356628910132
1.5023230092475712 -0.068623009880560346

1.5023230092475712 -0.068623009880560346
1.5003485342067968 -0.066949102508056343

1.5003485342067968 -0.066949102508056343
1.4986309693219204 -0.065503782158716689

1.4986309693219204 -0.065503782158716689
1.4972293064849531 -0.064319017602800219

1.4972293064849531 -0.064319017602800219
1.4947903978987209 -0.062384554436873046

1.4947903978987209 -0.062384554436873046
1.4941100787631094 -0.061812014326798871

1.4941100787631094 -0.061812014326798871
1.4909908510412657 -0.059496125251575056

1.4909908510412657 -0.059496125251575056
1.490710706485483 -0.05926532671502939

1.490710706485483 -0.05926532671502939
1.4878716233194222 -0.057170621565693282

1.4878716233194222 -0.057170621565693282
1.4865436445674991 -0.05614609899318574

1.4865436445674991 -0.05614609899318574
1.4847523955975785 -0.054800696500236376

1.4847523955975785 -0.054800696500236376
1.4822353504907557 -0.053026871271342091

1.4822353504907557 -0.053026871271342091
1.4816331678757348 -0.052565387584224299

1.4816331678757348 -0.052565387584224299
1.4785139401538911 -0.050522254610163478

1.4785139401538911 -0.050522254610163478
1.4776713859513246 -0.049907643549498434

1.4776713859513246 -0.049907643549498434
1.4753947124320475 -0.048370090741129093

1.4753947124320475 -0.048370090741129093
1.4729596037295503 -0.046788415827654785

1.4729596037295503 -0.046788415827654785
1.472275484710204 -0.046305651797867338

1.472275484710204 -0.046305651797867338
1.4691562569883603 -0.044440589393175932

1.4691562569883603 -0.044440589393175932
1.4679661508656747 -0.043669188105811135

1.4679661508656747 -0.043669188105811135
1.4660370292665166 -0.042467798751435859

1.4660370292665166 -0.042467798751435859
1.4629178015446729 -0.040668629103319295

1.4629178015446729 -0.040668629103319295
1.462734886423845 -0.040549960383967479

1.462734886423845 -0.040549960383967479
1.4597985738228294 -0.03888374633961042

1.4597985738228294 -0.03888374633961042
1.4571557733778631 -0.037430732662123829

1.4571557733778631 -0.037430732662123829
1.4566793461009857 -0.03714202532994576

1.4566793461009857 -0.03714202532994576
1.453560118379142 -0.035531990689136803

1.453560118379142 -0.035531990689136803
1.4511829413620887 -0.034311504940280173

1.4511829413620887 -0.034311504940280173
1.4504408906572983 -0.033903944561766902

1.4504408906572983 -0.033903944561766902
1.4473216629354546 -0.032409377260191205

1.4473216629354546 -0.032409377260191205
1.4447459833622984 -0.03119227721843652

1.4447459833622984 -0.03119227721843652
1.4442024352136111 -0.030914646997849494

1.4442024352136111 -0.030914646997849494
1.4410832074917674 -0.029524180113055257

1.4410832074917674 -0.029524180113055257
1.4379639797699237 -0.028176820455377248

1.4379639797699237 -0.028176820455377248
1.4377387848032652 -0.028073049496592867

1.4377387848032652 -0.028073049496592867
1.43484475204808 -0.026861693335078915

1.43484475204808 -0.026861693335078915
1.4317255243262363 -0.025624274074632237

1.4317255243262363 -0.025624274074632237
1.4300243367475565 -0.024953821774749217

1.4300243367475565 -0.024953821774749217
1.4286062966043929 -0.024390933189222835

1.4286062966043929 -0.024390933189222835
1.4254870688825492 -0.023247594966983282

1.4254870688825492 -0.023247594966983282
1.4223678411607055 -0.02215208294598028

1.4223678411607055 -0.02215208294598028
1.4214761508669804 -0.021834594052905564

1.4214761508669804 -0.021834594052905564
1.4192486134388618 -0.021071984516046763

1.4192486134388618 -0.021071984516046763
1.4161293857170181 -0.020059156189752174

1.4161293857170181 -0.020059156189752174
1.4130101579951746 -0.019095443608544899

1.4130101579951746 -0.019095443608544899
1.4117685635200592 -0.018715366331061911

1.4117685635200592 -0.018715366331061911
1.4098909302733309 -0.018150480520724811

1.4098909302733309 -0.018150480520724811
1.4067717025514872 -0.017274364247780366

1.4067717025514872 -0.017274364247780366
1.4036524748296435 -0.01643802741657454

1.4036524748296435 -0.01643802741657454
1.4005332471077998 -0.015651555942985711

1.4005332471077998 -0.015651555942985711
1.4003128231462225 -0.015596138609218262

1.4003128231462225 -0.015596138609218262
1.3974140193859563 -0.014905964142139759

1.3974140193859563 -0.014905964142139759
1.3942947916641126 -0.014211069196979426

1.3942947916641126 -0.014211069196979426
1.3911755639422689 -0.013563332800274309

1.3911755639422689 -0.013563332800274309
1.3880563362204252 -0.01296340063221094

1.3880563362204252 -0.01296340063221094
1.3853148986378194 -0.012476910887374609

1.3853148986378194 -0.012476910887374609
1.3849371084985815 -0.012407669928516486

1.3849371084985815 -0.012407669928516486
1.3818178807767381 -0.011904327819572685

1.3818178807767381 -0.011904327819572685
1.3786986530548944 -0.011445420975873503

1.3786986530548944 -0.011445420975873503
1.3755794253330507 -0.011030231078326383

1.3755794253330507 -0.011030231078326383
1.372460197611207 -0.010656940135880255

1.372460197611207 -0.010656940135880255
1.3693409698893635 -0.01032555047859173

1.3693409698893635 -0.01032555047859173
1.3662217421675198 -0.010036185638877381

1.3662217421675198 -0.010036185638877381
1.3631025144456761 -0.0097865305965076747

1.3631025144456761 -0.0097865305965076747
1.3599832867238324 -0.0095739620734520432

1.3599832867238324 -0.0095739620734520432
1.3568640590019887 -0.0093979182115388662

1.3568640590019887 -0.0093979182115388662
1.355969076464739 -0.0093576831655309573

1.355969076464739 -0.0093576831655309573
1.3537448312801452 -0.0092583174599863045

1.3537448312801452 -0.0092583174599863045
1.3506256035583015 -0.0091574840612008192

1.3506256035583015 -0.0091574840612008192
1.3475063758364578 -0.0090953334541879829

1.3475063758364578 -0.0090953334541879829
1.3443871481146141 -0.0090719543234442784

1.3443871481146141 -0.0090719543234442784
1.3412679203927704 -0.0090881587482714507

1.3412679203927704 -0.0090881587482714507
1.338148692670927 -0.0091460750517389985

1.338148692670927 -0.0091460750517389985
1.3350294649490833 -0.0092477531634090112

1.3350294649490833 -0.0092477531634090112
1.3327014853208625 -0.0093576831655309573

1.3327014853208625 -0.0093576831655309573
1.3319102372272396 -0.0093953358652619362

1.3319102372272396 -0.0093953358652619362
1.3287910095053959 -0.0095871830729767887

1.3287910095053959 -0.0095871830729767887
1.3256717817835522 -0.0098234547271614011

1.3256717817835522 -0.0098234547271614011
1.3225525540617087 -0.01010491286244017

1.3225525540617087 -0.01010491286244017
1.319433326339865 -0.010432312398547909

1.319433326339865 -0.010432312398547909
1.3163140986180213 -0.010805775620251923

1.3163140986180213 -0.010805775620251923
1.3131948708961776 -0.011223693114415144

1.3131948708961776 -0.011223693114415144
1.3100756431743339 -0.011683494053995994

1.3100756431743339 -0.011683494053995994
1.3069564154524904 -0.012180856112561478

1.3069564154524904 -0.012180856112561478
1.3052559983084113 -0.012476910887374609

1.3052559983084113 -0.012476910887374609
1.3038371877306467 -0.012725297434792344

1.3038371877306467 -0.012725297434792344
1.300717960008803 -0.013297654368076445

1.300717960008803 -0.013297654368076445
1.2975987322869593 -0.013907970284855917

1.2975987322869593 -0.013907970284855917
1.2944795045651156 -0.014551445749524966

1.2944795045651156 -0.014551445749524966
1.2913602768432721 -0.015224121531722441

1.2913602768432721 -0.015224121531722441
1.2897486964906701 -0.015596138609218262

1.2897486964906701 -0.015596138609218262
1.2882410491214284 -0.015945304708570345

1.2882410491214284 -0.015945304708570345
1.2851218213995848 -0.016683269153531705

1.2851218213995848 -0.016683269153531705
1.2820025936777411 -0.017459325523251343

1.2820025936777411 -0.017459325523251343
1.2788833659558976 -0.018265389285441101

1.2788833659558976 -0.018265389285441101
1.2772607478429194 -0.018715366331061911

1.2772607478429194 -0.018715366331061911
1.2757641382340539 -0.019132249456817692

1.2757641382340539 -0.019132249456817692
1.2726449105122102 -0.020016429477382438

1.2726449105122102 -0.020016429477382438
1.2695256827903665 -0.020948397484939239

1.2695256827903665 -0.020948397484939239
1.2666981892248512 -0.021834594052905564

1.2666981892248512 -0.021834594052905564
1.2664064550685228 -0.021932451650703035

1.2664064550685228 -0.021932451650703035
1.2632872273466793 -0.022949744297258944

1.2632872273466793 -0.022949744297258944
1.2601679996248356 -0.024016857328866589

1.2601679996248356 -0.024016857328866589
1.2575549601856855 -0.024953821774749217

1.2575549601856855 -0.024953821774749217
1.2570487719029919 -0.025147433285832216

1.2570487719029919 -0.025147433285832216
1.2539295441811482 -0.026298025682746511

1.2539295441811482 -0.026298025682746511
1.2508103164593045 -0.027489525376917782

1.2508103164593045 -0.027489525376917782
1.249399812234375 -0.028073049496592867

1.249399812234375 -0.028073049496592867
1.247691088737461 -0.028774286117532862

1.247691088737461 -0.028774286117532862
1.2445718610156173 -0.03005336416013784

1.2445718610156173 -0.03005336416013784
1.2419222851543132 -0.03119227721843652

1.2419222851543132 -0.03119227721843652
1.2414526332937736 -0.031410946073279156

1.2414526332937736 -0.031410946073279156
1.2383334055719299 -0.032769598447061551

1.2383334055719299 -0.032769598447061551
1.2352141778500862 -0.034167474610518264

1.2352141778500862 -0.034167474610518264
1.2349337620014345 -0.034311504940280173

1.2349337620014345 -0.034311504940280173
1.2320949501282428 -0.035632846474317942

1.2320949501282428 -0.035632846474317942
1.2289757224063991 -0.037096386443736688

1.2289757224063991 -0.037096386443736688
1.2283454570988517 -0.037430732662123829

1.2283454570988517 -0.037430732662123829
1.2258564946845554 -0.038656316456280565

1.2258564946845554 -0.038656316456280565
1.2227372669627117 -0.040187928340780464

1.2227372669627117 -0.040187928340780464
1.2220902482915945 -0.040549960383967479

1.2220902482915945 -0.040549960383967479
1.219618039240868 -0.041831053037206134

1.219618039240868 -0.041831053037206134
1.2164988115190245 -0.043456707993610816

1.2164988115190245 -0.043456707993610816
1.2161504817372568 -0.043669188105811135

1.2161504817372568 -0.043669188105811135
1.2133795837971808 -0.04518456881966891

1.2133795837971808 -0.04518456881966891
1.2105278694751849 -0.046788415827654785

1.2105278694751849 -0.046788415827654785
1.2102603560753371 -0.046958865160367992

1.2102603560753371 -0.046958865160367992
1.2071411283534934 -0.048722207635744814

1.2071411283534934 -0.048722207635744814
1.2052006879038499 -0.049907643549498434

1.2052006879038499 -0.049907643549498434
1.2040219006316497 -0.050657664229110201

1.2040219006316497 -0.050657664229110201
1.2009026729098062 -0.05249254008502497

1.2009026729098062 -0.05249254008502497
1.2001287090830992 -0.053026871271342091

1.2001287090830992 -0.053026871271342091
1.1977834451879625 -0.054527304032856744

1.1977834451879625 -0.054527304032856744
1.1953158295920805 -0.05614609899318574

1.1953158295920805 -0.05614609899318574
1.1946642174661188 -0.056616192085771615

1.1946642174661188 -0.056616192085771615
1.1915449897442751 -0.058607886938598877

1.1915449897442751 -0.058607886938598877
1.190656918657615 -0.05926532671502939

1.190656918657615 -0.05926532671502939
1.1884257620224317 -0.060814883495819351

1.1884257620224317 -0.060814883495819351
1.1862212628980546 -0.062384554436873046

1.1862212628980546 -0.062384554436873046
1.185306534300588 -0.063081387737602468

1.185306534300588 -0.063081387737602468
1.1821873065787443 -0.065219183236764122

1.1821873065787443 -0.065219183236764122
1.1818283705232615 -0.065503782158716689

1.1818283705232615 -0.065503782158716689
1.1790680788569006 -0.067482067576813423

1.1790680788569006 -0.067482067576813423
1.177592933175047 -0.068623009880560346

1.177592933175047 -0.068623009880560346
1.1759488511350569 -0.069887794505110526

1.1759488511350569 -0.069887794505110526
1.1734611505883616 -0.071742237602403988

1.1734611505883616 -0.071742237602403988
1.1728296234132134 -0.072253922644762741

1.1728296234132134 -0.072253922644762741
1.1697103956913697 -0.074501968643998079

1.1697103956913697 -0.074501968643998079
1.169272206596464 -0.074861465324247645

1.169272206596464 -0.074861465324247645
1.166591167969526 -0.076873016845064215

1.166591167969526 -0.076873016845064215
1.165217120734497 -0.077980693046091301

1.165217120734497 -0.077980693046091301
1.1634719402476823 -0.079369606979435653

1.1634719402476823 -0.079369606979435653
1.1612699134588496 -0.081099920767934958

1.1612699134588496 -0.081099920767934958
1.1603527125258386 -0.081861358852715851

1.1603527125258386 -0.081861358852715851
1.157258567118399 -0.0842191484897786

1.157258567118399 -0.0842191484897786
1.1572334848039951 -0.084240449570352441

1.1572334848039951 -0.084240449570352441
1.1541142570821514 -0.086626102622602327

1.1541142570821514 -0.086626102622602327
1.1532695412697787 -0.087338376211622257

1.1532695412697787 -0.087338376211622257
1.1509950293603077 -0.089158678829813098

1.1509950293603077 -0.089158678829813098
1.1494363049543086 -0.090457603933465913

1.1494363049543086 -0.090457603933465913
1.147875801638464 -0.091760586934694757

1.147875801638464 -0.091760586934694757
1.1456369862555442 -0.093576831655309556

1.1456369862555442 -0.093576831655309556
1.1447565739166203 -0.094327423208896699

1.1447565739166203 -0.094327423208896699
1.1417418784952607 -0.096696059377153212

1.1417418784952607 -0.096696059377153212
1.1416373461947769 -0.096786500370101072

1.1416373461947769 -0.096786500370101072
1.1385181184729332 -0.09922677484836076

1.1385181184729332 -0.09922677484836076
1.1378340636956366 -0.099815287098996869

1.1378340636956366 -0.099815287098996869
1.1353988907510895 -0.10178022258948484

1.1353988907510895 -0.10178022258948484
1.134025338912378 -0.10293451482084051

1.134025338912378 -0.10293451482084051
1.1322796630292458 -0.10437898657598813

1.1322796630292458 -0.10437898657598813
1.1301993687960084 -0.10605374254268417

1.1301993687960084 -0.10605374254268417
1.1291604353074021 -0.1069219332787958

1.1291604353074021 -0.1069219332787958
1.1262040120438563 -0.10917297026452782

1.1262040120438563 -0.10917297026452782
1.1260412075855586 -0.10930979623987865

1.1260412075855586 -0.10930979623987865
1.1229219798637149 -0.1116196253393687

1.1229219798637149 -0.1116196253393687
1.122089443049807 -0.11229219798637147

1.122089443049807 -0.11229219798637147
1.1198027521418712 -0.11401179678148257

1.1198027521418712 -0.11401179678148257
1.1179201882202641 -0.11541142570821512

1.1179201882202641 -0.11541142570821512
1.1166835244200275 -0.11635666614142576

1.1166835244200275 -0.11635666614142576
1.1135642966981838 -0.1184521911495158

1.1135642966981838 -0.1184521911495158
1.1134599964314713 -0.11853065343005878

1.1134599964314713 -0.11853065343005878
1.1104450689763403 -0.12050184891409374

1.1104450689763403 -0.12050184891409374
1.1087043116653847 -0.12164988115190242

1.1087043116653847 -0.12164988115190242
1.1073258412544966 -0.12257344920054854

1.1073258412544966 -0.12257344920054854
1.1042066135326529 -0.12438814626707292

1.1042066135326529 -0.12438814626707292
1.1036049961470045 -0.12476910887374608

1.1036049961470045 -0.12476910887374608
1.1010873858108092 -0.12621545049867744

1.1010873858108092 -0.12621545049867744
1.0979681580889658 -0.12787226184320497

1.0979681580889658 -0.12787226184320497
1.0979398029826224 -0.12788833659558974

1.0979398029826224 -0.12788833659558974
1.0948489303671221 -0.1294198411205619

1.0948489303671221 -0.1294198411205619
1.0917297026452784 -0.13084330634105951

1.0917297026452784 -0.13084330634105951
1.0913779678180784 -0.13100756431743338

1.0913779678180784 -0.13100756431743338
1.0886104749234347 -0.13218754472178193

1.0886104749234347 -0.13218754472178193
1.085491247201591 -0.13339209173595321

1.085491247201591 -0.13339209173595321
1.0834091232487311 -0.13412679203927705

1.0834091232487311 -0.13412679203927705
1.0823720194797475 -0.13450180969993469

1.0823720194797475 -0.13450180969993469
1.0792527917579038 -0.13544998813568893

1.0792527917579038 -0.13544998813568893
1.0761335640360601 -0.13629195371949607

1.0761335640360601 -0.13629195371949607
1.0730143363142164 -0.13700933318233624

1.0730143363142164 -0.13700933318233624
1.0718168028363069 -0.13724601976112069

1.0718168028363069 -0.13724601976112069
1.0698951085923727 -0.13761970594898013

1.0698951085923727 -0.13761970594898013
1.0667758808705292 -0.13810456101806062

1.0667758808705292 -0.13810456101806062
1.0636566531486855 -0.13847797143641355

1.0636566531486855 -0.13847797143641355
1.0605374254268418 -0.13873370015998926

1.0605374254268418 -0.13873370015998926
1.0574181977049981 -0.1388728213899296

1.0574181977049981 -0.1388728213899296
1.0542989699831544 -0.13890078927416932

1.0542989699831544 -0.13890078927416932
1.0511797422613109 -0.13882278441344084

1.0511797422613109 -0.13882278441344084
1.0480605145394672 -0.13864041200561592

1.0480605145394672 -0.13864041200561592
1.0449412868176235 -0.13835242759523939

1.0449412868176235 -0.13835242759523939
1.0418220590957799 -0.13795808370262397

1.0418220590957799 -0.13795808370262397
1.0387028313739362 -0.13746015946291237

1.0387028313739362 -0.13746015946291237
1.0376210736944367 -0.13724601976112069

1.0376210736944367 -0.13724601976112069
1.0355836036520927 -0.1368471018930601

1.0355836036520927 -0.1368471018930601
1.032464375930249 -0.13614807363947448

1.032464375930249 -0.13614807363947448
1.0293451482084053 -0.13535488160724904

1.0293451482084053 -0.13535488160724904
1.0262259204865616 -0.13448164369709276

1.0262259204865616 -0.13448164369709276
1.0251249150940882 -0.13412679203927705

1.0251249150940882 -0.13412679203927705
1.0231066927647179 -0.13348903542579293

1.0231066927647179 -0.13348903542579293
1.0199874650428744 -0.13243373600986949

1.0199874650428744 -0.13243373600986949
1.0168682373210307 -0.13130514159210391

1.0168682373210307 -0.13130514159210391
1.0161500386222568 -0.13100756431743338

1.0161500386222568 -0.13100756431743338
1.013749009599187 -0.13006275721377816

1.013749009599187 -0.13006275721377816
1.0106297818773433 -0.1287906079893483

1.0106297818773433 -0.1287906079893483
1.0085707044801981 -0.12788833659558974

1.0085707044801981 -0.12788833659558974
1.0075105541554998 -0.12740580233989993

1.0075105541554998 -0.12740580233989993
1.0043913264336561 -0.12602057449367307

1.0043913264336561 -0.12602057449367307
1.0017544369383811 -0.12476910887374608

1.0017544369383811 -0.12476910887374608
1.0012720987118124 -0.12451910851973516

1.0012720987118124 -0.12451910851973516
0.99815287098996863 -0.12300503458652784

0.99815287098996863 -0.12300503458652784
0.99550529882260308 -0.12164988115190242

0.99550529882260308 -0.12164988115190242
0.99503364326812505 -0.12138435863596608

0.99503364326812505 -0.12138435863596608
0.99191441554628135 -0.11978458698926719

0.99191441554628135 -0.11978458698926719
0.98959741494747644 -0.11853065343005878

0.98959741494747644 -0.11853065343005878
0.98879518782443776 -0.11806545900054202

0.98879518782443776 -0.11806545900054202
0.98567596010259406 -0.11641798657925663

0.98567596010259406 -0.11641798657925663
0.98393763993984784 -0.11541142570821512

0.98393763993984784 -0.11541142570821512
0.98255673238075036 -0.11459679875163245

0.98255673238075036 -0.11459679875163245
0.97943750465890678 -0.11287893500483517

0.97943750465890678 -0.11287893500483517
0.97851026924099482 -0.11229219798637147

0.97851026924099482 -0.11229219798637147
0.97631827693706308 -0.11098693956836918

0.97631827693706308 -0.11098693956836918
0.97324481777026783 -0.10917297026452782

0.97324481777026783 -0.10917297026452782
0.97319904921521949 -0.10914179526971493

0.97319904921521949 -0.10914179526971493
0.97007982149337579 -0.10728982911772773

0.97007982149337579 -0.10728982911772773
0.96810033727976585 -0.10605374254268417

0.96810033727976585 -0.10605374254268417
0.9669605937715321 -0.10530997573333048

0.9669605937715321 -0.10530997573333048
0.96384136604968851 -0.10347349228456075

0.96384136604968851 -0.10347349228456075
0.96304774328504683 -0.10293451482084051

0.96304774328504683 -0.10293451482084051
0.96072213832784481 -0.1014722338351418

0.96072213832784481 -0.1014722338351418
0.95806085613421033 -0.099815287098996869

0.95806085613421033 -0.099815287098996869
0.95760291060600122 -0.099497860474532449

0.95760291060600122 -0.099497860474532449
0.95448368288415752 -0.097633193863094853

0.95448368288415752 -0.097633193863094853
0.95304787672210045 -0.096696059377153212

0.95304787672210045 -0.096696059377153212
0.95136445516231394 -0.095611373844398995

0.95136445516231394 -0.095611373844398995
0.94824522744047024 -0.093730399990533536

0.94824522744047024 -0.093730399990533536
0.94802466061003743 -0.093576831655309556

0.94802466061003743 -0.093576831655309556
0.94512599971862654 -0.091802865099547576

0.94512599971862654 -0.091802865099547576
0.94295433939245854 -0.090457603933465913

0.94295433939245854 -0.090457603933465913
0.94200677199678295 -0.089833672645277973

0.94200677199678295 -0.089833672645277973
0.93888754427493926 -0.088038526263729669

0.93888754427493926 -0.088038526263729669
0.93779609321598467 -0.087338376211622257

0.93779609321598467 -0.087338376211622257
0.93576831655309567 -0.086097848284617987

0.93576831655309567 -0.086097848284617987
0.93264908883125197 -0.084264469844092735

0.93264908883125197 -0.084264469844092735
0.93258220224726651 -0.0842191484897786

0.93258220224726651 -0.0842191484897786
0.92952986110940827 -0.082423851631420159

0.92952986110940827 -0.082423851631420159
0.92730893284112548 -0.081099920767934958

0.92730893284112548 -0.081099920767934958
0.92641063338756469 -0.080528647280963039

0.92641063338756469 -0.080528647280963039
0.92329140566572099 -0.078786046464901116

0.92329140566572099 -0.078786046464901116
0.92197501562686202 -0.077980693046091301

0.92197501562686202 -0.077980693046091301
0.9201721779438774 -0.076903731760085525

0.9201721779438774 -0.076903731760085525
0.9170529502220337 -0.075154288754223073

0.9170529502220337 -0.075154288754223073
0.91659716049971751 -0.074861465324247645

0.91659716049971751 -0.074861465324247645
0.91393372250019 -0.073323701865100996

0.91393372250019 -0.073323701865100996
0.91116629440773322 -0.071742237602403988

0.91116629440773322 -0.071742237602403988
0.91081449477834642 -0.071516920645675081

0.91081449477834642 -0.071516920645675081
0.90769526705650272 -0.06979608286553847

0.90769526705650272 -0.06979608286553847
0.90563665229244816 -0.068623009880560346

0.90563665229244816 -0.068623009880560346
0.90457603933465913 -0.067990148881113446

0.90457603933465913 -0.067990148881113446
0.90145681161281543 -0.066331059032009615

0.90145681161281543 -0.066331059032009615
0.90000524451339781 -0.065503782158716689

0.90000524451339781 -0.065503782158716689
0.89833758389097185 -0.064563572009319864

0.89833758389097185 -0.064563572009319864
0.89521835616912815 -0.062942926470201707

0.89521835616912815 -0.062942926470201707
0.89423384473475043 -0.062384554436873046

0.89423384473475043 -0.062384554436873046
0.89209912844728445 -0.061235280674093166

0.89209912844728445 -0.061235280674093166
0.88897990072544086 -0.059649401838012588

0.88897990072544086 -0.059649401838012588
0.88829271898307782 -0.05926532671502939

0.88829271898307782 -0.05926532671502939
0.88586067300359717 -0.058005885169625696

0.88586067300359717 -0.058005885169625696
0.88274144528175358 -0.056461848499346115

0.88274144528175358 -0.056461848499346115
0.88215897917383224 -0.05614609899318574

0.88215897917383224 -0.05614609899318574
0.87962221755990988 -0.054879888165492427

0.87962221755990988 -0.054879888165492427
0.87650298983806618 -0.053387558334333389

0.87650298983806618 -0.053387558334333389
0.87580777618021188 -0.053026871271342091

0.87580777618021188 -0.053026871271342091
0.8733837621162226 -0.051854667711060516

0.8733837621162226 -0.051854667711060516
0.8702645343943789 -0.050412365990895519

0.8702645343943789 -0.050412365990895519
0.86923800231461867 -0.049907643549498434

0.86923800231461867 -0.049907643549498434
0.86714530667253531 -0.048921095281299495

0.86714530667253531 -0.048921095281299495
0.86402607895069161 -0.047523611677392566

0.86402607895069161 -0.047523611677392566
0.86244267190132029 -0.046788415827654785

0.86244267190132029 -0.046788415827654785
0.86090685122884802 -0.046074696614784007

0.86090685122884802 -0.046074696614784007
0.85778762350700433 -0.044715363171562036

0.85778762350700433 -0.044715363171562036
0.85541498728899301 -0.043669188105811135

0.85541498728899301 -0.043669188105811135
0.85466839578516063 -0.043320193774900012

0.85466839578516063 -0.043320193774900012
0.85154916806331704 -0.041997588682701224

0.85154916806331704 -0.041997588682701224
0.84842994034147334 -0.040689705249631621

0.84842994034147334 -0.040689705249631621
0.84812224406447401 -0.040549960383967479

0.84812224406447401 -0.040549960383967479
0.84531071261962976 -0.039380855082634267

0.84531071261962976 -0.039380855082634267
0.84219148489778606 -0.038126525259010731

0.84219148489778606 -0.038126525259010731
0.84048008735019153 -0.037430732662123829

0.84048008735019153 -0.037430732662123829
0.83907225717594236 -0.036853288882566851

0.83907225717594236 -0.036853288882566851
0.83595302945409877 -0.035655046918131671

0.83595302945409877 -0.035655046918131671
0.83283380173225507 -0.034482914456310375

0.83283380173225507 -0.034482914456310375
0.83240091185360821 -0.034311504940280173

0.83240091185360821 -0.034311504940280173
0.82971457401041149 -0.033320150110411388

0.82971457401041149 -0.033320150110411388
0.82659534628856779 -0.032207277546051669

0.82659534628856779 -0.032207277546051669
0.82366824189315957 -0.03119227721843652

0.82366824189315957 -0.03119227721843652
0.82347611856672409 -0.031120276479123667

0.82347611856672409 -0.031120276479123667
0.8203568908448805 -0.030076453410761036

0.8203568908448805 -0.030076453410761036
0.81723766312303681 -0.029059822565057111

0.81723766312303681 -0.029059822565057111
0.81411843540119322 -0.028076189920127784

0.81411843540119322 -0.028076189920127784
0.81410895009153594 -0.028073049496592867

0.81410895009153594 -0.028073049496592867
0.81099920767934952 -0.02712285335245886

0.81099920767934952 -0.02712285335245886
0.80787997995750593 -0.02619781557820677

0.80787997995750593 -0.02619781557820677
0.80476075223566224 -0.025307603703360625

0.80476075223566224 -0.025307603703360625
0.80353586851238679 -0.024953821774749217

0.80353586851238679 -0.024953821774749217
0.80164152451381854 -0.024415482668389561

0.80164152451381854 -0.024415482668389561
0.79852229679197495 -0.023564636652906045

0.79852229679197495 -0.023564636652906045
0.79540306907013125 -0.022729428531936133

0.79540306907013125 -0.022729428531936133
0.79228384134828767 -0.021921558881706115

0.79228384134828767 -0.021921558881706115
0.7919577098728795 -0.021834594052905564

0.7919577098728795 -0.021834594052905564
0.78916461362644397 -0.021127764486768959

0.78916461362644397 -0.021127764486768959
0.78604538590460027 -0.020363205038859536

0.78604538590460027 -0.020363205038859536
0.78292615818275668 -0.019623759797486099

0.78292615818275668 -0.019623759797486099
0.77980693046091298 -0.018917702520605598

0.77980693046091298 -0.018917702520605598
0.77890771093738587 -0.018715366331061911

0.77890771093738587 -0.018715366331061911
0.7766877027390694 -0.018228066387634679

0.7766877027390694 -0.018228066387634679
0.7735684750172257 -0.017580715860320333

0.7735684750172257 -0.017580715860320333
0.77044924729538211 -0.016965268314067385

0.77044924729538211 -0.016965268314067385
0.76733001957353841 -0.016383233933514246

0.76733001957353841 -0.016383233933514246
0.76421079185169472 -0.015838448186514403

0.76421079185169472 -0.015838448186514403
0.76275829171755272 -0.015596138609218262

0.76275829171755272 -0.015596138609218262
0.76109156412985113 -0.015319249993418398

0.76109156412985113 -0.015319249993418398
0.75797233640800743 -0.014838863128100226

0.75797233640800743 -0.014838863128100226
0.75485310868616384 -0.014386750644800318

0.75485310868616384 -0.014386750644800318
0.75173388096432014 -0.013965474923390177

0.75173388096432014 -0.013965474923390177
0.74861465324247645 -0.013573446359313991

0.74861465324247645 -0.013573446359313991
0.74549542552063286 -0.013208471102159976

0.74549542552063286 -0.013208471102159976
0.74237619779878916 -0.01286831347460239

0.74237619779878916 -0.01286831347460239
0.73925697007694557 -0.012552129830295742

0.73925697007694557 -0.012552129830295742
0.7384729350718624 -0.012476910887374609

0.7384729350718624 -0.012476910887374609
0.73613774235510188 -0.012255712785974359

0.73613774235510188 -0.012255712785974359
0.73301851463325818 -0.011982685745902982

0.73301851463325818 -0.011982685745902982
0.72989928691141459 -0.011730663773493868

0.72989928691141459 -0.011730663773493868
0.72678005918957089 -0.011500279645919008

0.72678005918957089 -0.011500279645919008
0.72366083146772731 -0.011292215406746922

0.72366083146772731 -0.011292215406746922
0.72054160374588361 -0.011107389605974936

0.72054160374588361 -0.011107389605974936
0.71742237602404002 -0.010947640331578709

0.71742237602404002 -0.010947640331578709
0.71430314830219632 -0.010814726234094001

0.71430314830219632 -0.010814726234094001
0.71118392058035262 -0.010709811128650257

0.71118392058035262 -0.010709811128650257
0.70806469285850904 -0.010634206165645218

0.70806469285850904 -0.010634206165645218
0.70494546513666534 -0.010589587808491938

0.70494546513666534 -0.010589587808491938
0.70182623741482175 -0.010577715219607053

0.70182623741482175 -0.010577715219607053
0.69870700969297805 -0.010599958163958636

0.69870700969297805 -0.010599958163958636
0.69558778197113436 -0.01065674772468307

0.69558778197113436 -0.01065674772468307
0.69246855424929077 -0.010747619341698482

0.69246855424929077 -0.010747619341698482
0.68934932652744707 -0.010871988176916751

0.68934932652744707 -0.010871988176916751
0.68623009880560348 -0.011029726959695537

0.68623009880560348 -0.011029726959695537
0.68311087108375979 -0.011220869224364724

0.68311087108375979 -0.011220869224364724
0.6799916433619162 -0.011444975532207587

0.6799916433619162 -0.011444975532207587
0.6768724156400725 -0.011700850439719839

0.6768724156400725 -0.011700850439719839
0.6737531879182288 -0.011986863269986289

0.6737531879182288 -0.011986863269986289
0.67063396019638521 -0.012300904200348938

0.67063396019638521 -0.012300904200348938
0.66904750661784251 -0.012476910887374609

0.66904750661784251 -0.012476910887374609
0.66751473247454152 -0.012647242140077099

0.66751473247454152 -0.012647242140077099
0.66439550475269793 -0.013018922710821595

0.66439550475269793 -0.013018922710821595
0.66127627703085423 -0.013421188354330199

0.66127627703085423 -0.013421188354330199
0.65815704930901053 -0.013853128264592883

0.65815704930901053 -0.013853128264592883
0.65503782158716695 -0.014315100713628634

0.65503782158716695 -0.014315100713628634
0.65191859386532325 -0.014808005025966409

0.65191859386532325 -0.014808005025966409
0.64879936614347966 -0.015330662004273991

0.64879936614347966 -0.015330662004273991
0.64733997001001042 -0.015596138609218262

0.64733997001001042 -0.015596138609218262
0.64568013842163596 -0.015897624457988459

0.64568013842163596 -0.015897624457988459
0.64256091069979226 -0.016490733788851717

0.64256091069979226 -0.016490733788851717
0.63944168297794868 -0.017124430757511133

0.63944168297794868 -0.017124430757511133
0.63632245525610498 -0.017797471870483614

0.63632245525610498 -0.017797471870483614
0.63320322753426139 -0.018505217434894063

0.63320322753426139 -0.018505217434894063
0.63236372331371837 -0.018715366331061911

0.63236372331371837 -0.018715366331061911
0.63008399981241769 -0.019270956993221722

0.63008399981241769 -0.019270956993221722
0.62696477209057411 -0.020067673431466392

0.62696477209057411 -0.020067673431466392
0.62384554436873041 -0.020910873750350105

0.62384554436873041 -0.020910873750350105
0.62072631664688671 -0.021796253290674125

0.62072631664688671 -0.021796253290674125
0.62060665662981829 -0.021834594052905564

0.62060665662981829 -0.021834594052905564
0.61760708892504312 -0.022731053165744877

0.61760708892504312 -0.022731053165744877
0.61448786120319943 -0.023706491992524673

0.61448786120319943 -0.023706491992524673
0.61136863348135584 -0.024714460162820823

0.61136863348135584 -0.024714460162820823
0.61070317273076025 -0.024953821774749217

0.61070317273076025 -0.024953821774749217
0.60824940575951214 -0.025794617657165335

0.60824940575951214 -0.025794617657165335
0.60513017803766844 -0.026898684458978875

0.60513017803766844 -0.026898684458978875
0.60201095031582486 -0.028047360979835571

0.60201095031582486 -0.028047360979835571
0.60195002102737882 -0.028073049496592867

0.60195002102737882 -0.028073049496592867
0.59889172259398116 -0.029246049866270475

0.59889172259398116 -0.029246049866270475
0.59577249487213757 -0.030474125373116889

0.59577249487213757 -0.030474125373116889
0.59406887441286294 -0.03119227721843652

0.59406887441286294 -0.03119227721843652
0.59265326715029387 -0.031796040701129069

0.59265326715029387 -0.031796040701129069
0.58953403942845028 -0.033110898419457052

0.58953403942845028 -0.033110898419457052
0.5868357271051855 -0.034311504940280173

0.5868357271051855 -0.034311504940280173
0.58641481170660659 -0.034515803857271259

0.58641481170660659 -0.034515803857271259
0.58329558398476289 -0.035934980033682458

0.58329558398476289 -0.035934980033682458
0.5801763562629193 -0.037421918677384265

0.5801763562629193 -0.037421918677384265
0.58016068564660472 -0.037430732662123829

0.58016068564660472 -0.037430732662123829
0.5770571285410756 -0.038966658559494036

0.5770571285410756 -0.038966658559494036
0.57397117045719326 -0.040549960383967479

0.57397117045719326 -0.040549960383967479
0.57393790081923202 -0.040569529091593233

0.57393790081923202 -0.040569529091593233
0.57081867309738832 -0.042220164780674543

0.57081867309738832 -0.042220164780674543
0.56819163607529799 -0.043669188105811135

0.56819163607529799 -0.043669188105811135
0.56769944537554462 -0.043969706645182009

0.56769944537554462 -0.043969706645182009
0.56458021765370103 -0.045685706884727187

0.56458021765370103 -0.045685706884727187
0.56274597144984595 -0.046788415827654785

0.56274597144984595 -0.046788415827654785
0.56146098993185733 -0.047583929235909123

0.56146098993185733 -0.047583929235909123
0.55834176221001375 -0.049386588045671781

0.55834176221001375 -0.049386588045671781
0.55757346866887336 -0.049907643549498434

0.55757346866887336 -0.049907643549498434
0.55522253448817005 -0.051384099112612894

0.55522253448817005 -0.051384099112612894
0.55265970966754141 -0.053026871271342091

0.55265970966754141 -0.053026871271342091
0.55210330676632646 -0.053422318360826351

0.55210330676632646 -0.053422318360826351
0.54898407904448276 -0.055379506509039327

0.54898407904448276 -0.055379506509039327
0.54792311048106734 -0.05614609899318574

0.54792311048106734 -0.05614609899318574
0.54586485132263907 -0.057562642801023654

0.54586485132263907 -0.057562642801023654
0.54340940304528751 -0.05926532671502939

0.54340940304528751 -0.05926532671502939
0.54274562360079548 -0.059769399389839072

0.54274562360079548 -0.059769399389839072
0.53962639587895178 -0.061874836184149684

0.53962639587895178 -0.061874836184149684
0.53897552506936319 -0.062384554436873046

0.53897552506936319 -0.062384554436873046
0.53650716815710819 -0.064171405316416075

0.53650716815710819 -0.064171405316416075
0.53477618613039524 -0.065503782158716689

0.53477618613039524 -0.065503782158716689
0.5333879404352645 -0.066594380981499987

0.5333879404352645 -0.066594380981499987
0.53068860032613951 -0.068623009880560346

0.53068860032613951 -0.068623009880560346
0.5302687127134208 -0.068970704617857967

0.5302687127134208 -0.068970704617857967
0.52714948499157721 -0.071289994077622335

0.52714948499157721 -0.071289994077622335
0.52661375820956313 -0.071742237602403988

0.52661375820956313 -0.071742237602403988
0.52403025726973351 -0.073772572202365397

0.52403025726973351 -0.073772572202365397
0.5227423016056747 -0.074861465324247645

0.5227423016056747 -0.074861465324247645
0.52091102954788993 -0.076388389790459796

0.52091102954788993 -0.076388389790459796
0.5190247816843141 -0.077980693046091301

0.5190247816843141 -0.077980693046091301
0.51779180182604623 -0.079049046201176434

0.51779180182604623 -0.079049046201176434
0.51534243390600043 -0.081099920767934958

0.51534243390600043 -0.081099920767934958
0.51467257410420253 -0.081694080453737508

0.51467257410420253 -0.081694080453737508
0.51163908888619491 -0.0842191484897786

0.51163908888619491 -0.0842191484897786
0.51155334638235894 -0.084296616946997999

0.51155334638235894 -0.084296616946997999
0.50843411866051524 -0.086917913951164397

0.50843411866051524 -0.086917913951164397
0.50797243597862818 -0.087338376211622257

0.50797243597862818 -0.087338376211622257
0.50531489093867166 -0.089632454430525435

0.50531489093867166 -0.089632454430525435
0.50440720999388378 -0.090457603933465913

0.50440720999388378 -0.090457603933465913
0.50219566321682796 -0.092404597014960954

0.50219566321682796 -0.092404597014960954
0.50089624823923584 -0.093576831655309556

0.50089624823923584 -0.093576831655309556
0.49907643549498437 -0.0951964138437318

0.49907643549498437 -0.0951964138437318
0.49739188695125425 -0.096696059377153212

0.49739188695125425 -0.096696059377153212
0.49595720777314067 -0.097979354523206622

0.49595720777314067 -0.097979354523206622
0.49384382478187699 -0.099815287098996869

0.49384382478187699 -0.099815287098996869
0.49283798005129703 -0.10071270141561953

0.49283798005129703 -0.10071270141561953
0.49015894208394117 -0.10293451482084051

0.49015894208394117 -0.10293451482084051
0.48971875232945339 -0.10332234853066585

0.48971875232945339 -0.10332234853066585
0.48659952460760969 -0.10576987732781672

0.48659952460760969 -0.10576987732781672
0.48626846316681671 -0.10605374254268417

0.48626846316681671 -0.10605374254268417
0.48348029688576605 -0.10821072490030768

0.48348029688576605 -0.10821072490030768
0.48227920749855568 -0.10917297026452782

0.48227920749855568 -0.10917297026452782
0.48036106916392241 -0.11064888866531486

0.48036106916392241 -0.11064888866531486
0.47804763596218663 -0.11229219798637147

0.47804763596218663 -0.11229219798637147
0.47724184144207876 -0.11290125679788325

0.47724184144207876 -0.11290125679788325
0.47412261372023512 -0.11484384699138145

0.47412261372023512 -0.11484384699138145
0.47326453316976247 -0.11541142570821512

0.47326453316976247 -0.11541142570821512
0.47100338599839148 -0.11679427642784283

0.47100338599839148 -0.11679427642784283
0.46788415827654778 -0.11848243858041385

0.46788415827654778 -0.11848243858041385
0.46779580094262246 -0.11853065343005878

0.46779580094262246 -0.11853065343005878
0.46476493055470414 -0.11998370049376819

0.46476493055470414 -0.11998370049376819
0.46164570283286049 -0.12124147392603607

0.46164570283286049 -0.12124147392603607
0.46044620733618524 -0.12164988115190242

0.46044620733618524 -0.12164988115190242
0.45852647511101685 -0.12228401593163997

0.45852647511101685 -0.12228401593163997
0.45540724738917321 -0.12305725390988015

0.45540724738917321 -0.12305725390988015
0.45228801966732957 -0.12360274882618366

0.45228801966732957 -0.12360274882618366
0.44916879194548587 -0.12389117406639522

0.44916879194548587 -0.12389117406639522
0.44604956422364223 -0.12390694065921189

0.44604956422364223 -0.12390694065921189
0.44293033650179858 -0.12364690824008512

0.44293033650179858 -0.12364690824008512
0.43981110877995494 -0.12310378222924849

0.43981110877995494 -0.12310378222924849
0.4366918810581113 -0.12226948583802312

0.4366918810581113 -0.12226948583802312
0.4350175329587016 -0.12164988115190242

0.4350175329587016 -0.12164988115190242
0.4335726533362676 -0.12110533050155742

0.4335726533362676 -0.12110533050155742
0.43045342561442396 -0.11970660779625224

0.43045342561442396 -0.11970660779625224
0.42834819423952503 -0.11853065343005878

0.42834819423952503 -0.11853065343005878
0.42733419789258031 -0.11792805417131641

0.42733419789258031 -0.11792805417131641
0.42421497017073667 -0.1160160703787548

0.42421497017073667 -0.1160160703787548
0.42343922969488856 -0.11541142570821512

0.42343922969488856 -0.11541142570821512
0.42109574244889303 -0.11366264867723695

0.42109574244889303 -0.11366264867723695
0.41948731730031302 -0.11229219798637147

0.41948731730031302 -0.11229219798637147
0.41797651472704939 -0.11096383192552274

0.41797651472704939 -0.11096383192552274
0.41603871222726413 -0.10917297026452782

0.41603871222726413 -0.10917297026452782
0.41485728700520569 -0.10803398330050881

0.41485728700520569 -0.10803398330050881
0.41287550230537701 -0.10605374254268417

0.41287550230537701 -0.10605374254268417
0.41173805928336205 -0.1048780119574476

0.41173805928336205 -0.1048780119574476
0.40992223577802117 -0.10293451482084051

0.40992223577802117 -0.10293451482084051
0.4086188315615184 -0.10150369261855875

0.4086188315615184 -0.10150369261855875
0.40711393125925294 -0.099815287098996869

0.40711393125925294 -0.099815287098996869
0.40549960383967476 -0.097929256938728892

0.40549960383967476 -0.097929256938728892
0.40443491070804022 -0.096696059377153212

0.40443491070804022 -0.096696059377153212
0.40238037611783112 -0.09412265568540458

0.40238037611783112 -0.09412265568540458
0.40191603796656494 -0.093576831655309556

0.40191603796656494 -0.093576831655309556
0.39956095909497102 -0.090457603933465913

0.39956095909497102 -0.090457603933465913
0.39926114839598748 -0.090100005979407635

0.39926114839598748 -0.090100005979407635
0.39715855616670975 -0.087338376211622257

0.39715855616670975 -0.087338376211622257
0.39614192067414378 -0.086067688234854972

0.39614192067414378 -0.086067688234854972
0.39470180946467531 -0.0842191484897786

0.39470180946467531 -0.0842191484897786
0.39302269295230013 -0.082004626366884034

0.39302269295230013 -0.082004626366884034
0.39229703481250627 -0.081099920767934958

0.39229703481250627 -0.081099920767934958
0.39002649240604809 -0.077980693046091301

0.39002649240604809 -0.077980693046091301
0.38990346523045649 -0.077831690600312045

0.38990346523045649 -0.077831690600312045
0.38770870963833853 -0.074861465324247645

0.38770870963833853 -0.074861465324247645
0.38678423750861285 -0.073701838031137418

0.38678423750861285 -0.073701838031137418
0.38527204037867513 -0.071742237602403988

0.38527204037867513 -0.071742237602403988
0.38366500978676921 -0.069668401606887032

0.38366500978676921 -0.069668401606887032
0.3828172246767203 -0.068623009880560346

0.3828172246767203 -0.068623009880560346
0.38054578206492556 -0.065612811148729369

0.38054578206492556 -0.065612811148729369
0.38045404223809004 -0.065503782158716689

0.38045404223809004 -0.065503782158716689
0.37809402795432306 -0.062384554436873046

0.37809402795432306 -0.062384554436873046
0.37742655434308187 -0.061589289069000512

0.37742655434308187 -0.061589289069000512
0.37557892310885527 -0.05926532671502939

0.37557892310885527 -0.05926532671502939
0.37430732662123822 -0.057742821902735796

0.37430732662123822 -0.057742821902735796
0.37297190691730608 -0.05614609899318574

0.37297190691730608 -0.05614609899318574
0.37118809889939458 -0.0539925777768075

0.37118809889939458 -0.0539925777768075
0.37035228836999134 -0.053026871271342091

0.37035228836999134 -0.053026871271342091
0.36806887117755094 -0.050254892313770796

0.36806887117755094 -0.050254892313770796
0.36775971277603475 -0.049907643549498434

0.36775971277603475 -0.049907643549498434
0.36517262385003951 -0.046788415827654785

0.36517262385003951 -0.046788415827654785
0.3649496434557073 -0.046543413142398654

0.3649496434557073 -0.046543413142398654
0.36247123345730148 -0.043669188105811135

0.36247123345730148 -0.043669188105811135
0.36183041573386365 -0.042974600753004043

0.36183041573386365 -0.042974600753004043
0.35965252930143482 -0.040549960383967479

0.35965252930143482 -0.040549960383967479
0.35871118801201995 -0.039545312875150118

0.35871118801201995 -0.039545312875150118
0.35674296119890331 -0.037430732662123829

0.35674296119890331 -0.037430732662123829
0.35559196029017631 -0.036228361285218509

0.35559196029017631 -0.036228361285218509
0.3537472432348881 -0.034311504940280173

0.3537472432348881 -0.034311504940280173
0.35247273256833267 -0.033011223782112659

0.35247273256833267 -0.033011223782112659
0.35067367218978895 -0.03119227721843652

0.35067367218978895 -0.03119227721843652
0.34935350484648903 -0.029872576681430531

0.34935350484648903 -0.029872576681430531
0.34753272649842754 -0.028073049496592867

0.34753272649842754 -0.028073049496592867
0.34623427712464538 -0.026801058911784113

0.34623427712464538 -0.026801058911784113
0.3443153666788647 -0.024953821774749217

0.3443153666788647 -0.024953821774749217
0.34311504940280169 -0.023802878034339392

0.34311504940280169 -0.023802878034339392
0.34101181833540056 -0.021834594052905564

0.34101181833540056 -0.021834594052905564
0.33999582168095804 -0.020877281867116081

0.33999582168095804 -0.020877281867116081
0.33761755366869756 -0.018715366331061911

0.33761755366869756 -0.018715366331061911
0.3368765939591144 -0.01802629706271849

0.3368765939591144 -0.01802629706271849
0.33410791096866654 -0.015596138609218262

0.33410791096866654 -0.015596138609218262
0.33375736623727076 -0.015274157951527433

0.33375736623727076 -0.015274157951527433
0.33063813851542712 -0.012640001081568488

0.33063813851542712 -0.012640001081568488
0.33045759881970077 -0.012476910887374609

0.33045759881970077 -0.012476910887374609
0.32751891079358347 -0.010028389352830753

0.32751891079358347 -0.010028389352830753
0.32675686984384678 -0.0093576831655309573

0.32675686984384678 -0.0093576831655309573
0.32439968307173978 -0.0073967976710458509

0.32439968307173978 -0.0073967976710458509
0.32303614389615476 -0.0062384554436873043

0.32303614389615476 -0.0062384554436873043
0.32128045534989613 -0.0047760145830908736

0.32128045534989613 -0.0047760145830908736
0.31922373045285757 -0.0031192277218436521

0.31922373045285757 -0.0031192277218436521
0.31816122762805249 -0.0022345286002290079

0.31816122762805249 -0.0022345286002290079
0.31518672415304494 0

0.31518672415304494 0
0.31504199990620885 0.00011998255000519528

0.31504199990620885 0.00011998255000519528
0.3119227721843652 0.0023675239615478473

0.3119227721843652 0.0023675239615478473
0.31095960677368717 0.0031192277218436517

0.31095960677368717 0.0031192277218436517
0.30880354446252156 0.0047006606265126965

0.30880354446252156 0.0047006606265126965
0.30664939937082453 0.0062384554436873043

0.30664939937082453 0.0062384554436873043
0.30568431674067786 0.0069664430031898435

0.30568431674067786 0.0069664430031898435
0.30256508901883422 0.0090046147437656907

0.30256508901883422 0.0090046147437656907
0.30208572135883283 0.0093576831655309556

0.30208572135883283 0.0093576831655309556
0.29944586129699058 0.011100142777251392

0.29944586129699058 0.011100142777251392
0.29734495593755289 0.012476910887374609

0.29734495593755289 0.012476910887374609
0.29632663357514694 0.013181117546957008

0.29632663357514694 0.013181117546957008
0.29320740585330329 0.015051144621188612

0.29320740585330329 0.015051144621188612
0.29239628754986946 0.01559613860921826

0.29239628754986946 0.01559613860921826
0.29008817813145965 0.017030011295329547

0.29008817813145965 0.017030011295329547
0.28727134872514143 0.018715366331061915

0.28727134872514143 0.018715366331061915
0.28696895040961595 0.018918977565643036

0.28696895040961595 0.018918977565643036
0.28384972268777231 0.02070522878717266

0.28384972268777231 0.02070522878717266
0.28193898458278399 0.021834594052905568

0.28193898458278399 0.021834594052905568
0.28073049496592867 0.022572713103973296

0.28073049496592867 0.022572713103973296
0.27761126724408502 0.024269196447596793

0.27761126724408502 0.024269196447596793
0.27645318368641608 0.024953821774749217

0.27645318368641608 0.024953821774749217
0.27449203952224138 0.026069114199141295

0.27449203952224138 0.026069114199141295
0.27137281180039774 0.027726618383827537

0.27137281180039774 0.027726618383827537
0.27078747488176563 0.02807304949659287

0.27078747488176563 0.02807304949659287
0.26825358407855404 0.029444148174232798

0.26825358407855404 0.029444148174232798
0.2651343563567104 0.031075122853159644

0.2651343563567104 0.031075122853159644
0.26493480287224574 0.03119227721843652

0.26493480287224574 0.03119227721843652
0.26201512863486676 0.0327099945287695

0.26201512863486676 0.0327099945287695
0.25889590091302311 0.034295060618799174

0.25889590091302311 0.034295060618799174
0.25886695092444539 0.034311504940280173

0.25886695092444539 0.034311504940280173
0.25577667319117947 0.035850021840585021

0.25577667319117947 0.035850021840585021
0.25265744546933583 0.037362016433899407

0.25265744546933583 0.037362016433899407
0.25252936451973274 0.037430732662123822

0.25252936451973274 0.037430732662123822
0.24953821774749216 0.038857815360202212

0.24953821774749216 0.038857815360202212
0.24641899002564852 0.040292994328590022

0.24641899002564852 0.040292994328590022
0.2459009810019899 0.040549960383967479

0.2459009810019899 0.040549960383967479
0.24329976230380487 0.041739992481007807

0.24329976230380487 0.041739992481007807
0.24018053458196123 0.043103735618205595

0.24018053458196123 0.043103735618205595
0.23893638604240897 0.043669188105811128

0.23893638604240897 0.043669188105811128
0.23706130686011756 0.044501262489319529

0.23706130686011756 0.044501262489319529
0.23394207913827392 0.04581141870480443

0.23394207913827392 0.04581141870480443
0.23162327681764344 0.046788415827654778

0.23162327681764344 0.046788415827654778
0.23082285141643027 0.047143524535356668

0.23082285141643027 0.047143524535356668
0.2277036236945866 0.048400706359857139

0.2277036236945866 0.048400706359857139
0.22458439597274296 0.049633380899818905

0.22458439597274296 0.049633380899818905
0.22392979805901689 0.049907643549498434

0.22392979805901689 0.049907643549498434
0.22146516825089932 0.050880193328713054

0.22146516825089932 0.050880193328713054
0.21834594052905565 0.052075332350122495

0.21834594052905565 0.052075332350122495
0.21584378508350854 0.053026871271342084

0.21584378508350854 0.053026871271342084
0.21522671280721201 0.053275625399895707

0.21522671280721201 0.053275625399895707
0.21210748508536836 0.054416984697913291

0.21210748508536836 0.054416984697913291
0.20898825736352469 0.055533504987237366

0.20898825736352469 0.055533504987237366
0.20729097843641797 0.056146098993185733

0.20729097843641797 0.056146098993185733
0.20586902964168105 0.056663008913589538

0.20586902964168105 0.056663008913589538
0.20274980191983741 0.057732805972925745

0.20274980191983741 0.057732805972925745
0.19963057419799374 0.058778331832659424

0.19963057419799374 0.058778331832659424
0.19819449377176676 0.05926532671502939

0.19819449377176676 0.05926532671502939
0.19651134647615009 0.059831765187336877

0.19651134647615009 0.059831765187336877
0.19339211875430642 0.060833126883384644

0.19339211875430642 0.060833126883384644
0.19027289103246278 0.06181682019557224

0.19027289103246278 0.06181682019557224
0.1884821795841603 0.06238455443687304

0.1884821795841603 0.06238455443687304
0.18715366331061914 0.062810509854310123

0.18715366331061914 0.062810509854310123
0.18403443558877547 0.063759082763755581

0.18403443558877547 0.063759082763755581
0.18091520786693183 0.064701058528690292

0.18091520786693183 0.064701058528690292
0.17822963774550576 0.065503782158716703

0.17822963774550576 0.065503782158716703
0.17779598014508818 0.065640745223191771

0.17779598014508818 0.065640745223191771
0.17467675242324451 0.06655293246401868

0.17467675242324451 0.06655293246401868
0.17155752470140087 0.067459404089574709

0.17155752470140087 0.067459404089574709
0.16843829697955723 0.068342603703634666

0.16843829697955723 0.068342603703634666
0.16747629771138617 0.068623009880560346

0.16747629771138617 0.068623009880560346
0.16531906925771356 0.069234386836160719

0.16531906925771356 0.069234386836160719
0.16219984153586992 0.070094292668816657

0.16219984153586992 0.070094292668816657
0.15908061381402627 0.070940382546228767

0.15908061381402627 0.070940382546228767
0.15605168717148746 0.071742237602404002

0.15605168717148746 0.071742237602404002
0.1559613860921826 0.071767709931395252

0.1559613860921826 0.071767709931395252
0.15284215837033896 0.072571112354153755

0.15284215837033896 0.072571112354153755
0.14972293064849532 0.073355555872461842

0.14972293064849532 0.073355555872461842
0.14660370292665165 0.074119806486819137

0.14660370292665165 0.074119806486819137
0.14349296712325976 0.074861465324247659

0.14349296712325976 0.074861465324247659
0.143484475204808 0.074863615577644413

0.143484475204808 0.074863615577644413
0.14036524748296436 0.075585737517554138

0.14036524748296436 0.075585737517554138
0.13724601976112069 0.076287654132704052

0.13724601976112069 0.076287654132704052
0.13412679203927705 0.07697179229133877

0.13412679203927705 0.07697179229133877
0.13100756431743341 0.077634184910289686

0.13100756431743341 0.077634184910289686
0.12936360638207775 0.077980693046091315

0.12936360638207775 0.077980693046091315
0.12788833659558974 0.078292344823077301

0.12788833659558974 0.078292344823077301
0.12476910887374609 0.078922068504484966

0.12476910887374609 0.078922068504484966
0.12164988115190244 0.07954011693578758

0.12164988115190244 0.07954011693578758
0.11853065343005878 0.080143104929564501

0.11853065343005878 0.080143104929564501
0.11541142570821514 0.080728955372862177

0.11541142570821514 0.080728955372862177
0.11341155717531255 0.081099920767934958

0.11341155717531255 0.081099920767934958
0.11229219798637148 0.081310221598854898

0.11229219798637148 0.081310221598854898
0.10917297026452782 0.081868354690729964

0.10917297026452782 0.081868354690729964
0.10605374254268418 0.082414948201703531

0.10605374254268418 0.082414948201703531
0.10293451482084053 0.082946695817591343

0.10293451482084053 0.082946695817591343
0.099815287098996869 0.08346335053344052

0.099815287098996869 0.08346335053344052
0.096696059377153226 0.083960833065811563

0.096696059377153226 0.083960833065811563
0.095041263659566222 0.084219148489778614

0.095041263659566222 0.084219148489778614
0.09357683165530957 0.084448140945397362

0.09357683165530957 0.084448140945397362
0.090457603933465913 0.084911473339065402

0.090457603933465913 0.084911473339065402
0.087338376211622271 0.085358909969619978

0.087338376211622271 0.085358909969619978
0.084219148489778614 0.085787708524933434

0.084219148489778614 0.085787708524933434
0.081099920767934958 0.086199008268220204

0.081099920767934958 0.086199008268220204
0.077980693046091315 0.086593469514007329

0.077980693046091315 0.086593469514007329
0.074861465324247659 0.086971421639375643

0.074861465324247659 0.086971421639375643
0.071742237602404002 0.08733285057872775

0.071742237602404002 0.08733285057872775
0.071693668636424235 0.087338376211622271

0.071693668636424235 0.087338376211622271
0.068623009880560346 0.087678125226615861

0.068623009880560346 0.087678125226615861
0.065503782158716703 0.08800692881281387

0.065503782158716703 0.08800692881281387
0.06238455443687304 0.088320016773294291

0.06238455443687304 0.088320016773294291
0.05926532671502939 0.088617445400110309

0.05926532671502939 0.088617445400110309
0.056146098993185733 0.088898584900384714

0.056146098993185733 0.088898584900384714
0.053026871271342084 0.089163137730808917

0.053026871271342084 0.089163137730808917
0.049907643549498434 0.089411492870144271

0.049907643549498434 0.089411492870144271
0.046788415827654778 0.089643777733231678

0.046788415827654778 0.089643777733231678
0.043669188105811128 0.089859716271223369

0.043669188105811128 0.089859716271223369
0.040549960383967479 0.090059057237025897

0.040549960383967479 0.090059057237025897
0.037430732662123822 0.09024184252974668

0.037430732662123822 0.09024184252974668
0.034311504940280173 0.090408176043541844

0.034311504940280173 0.090408176043541844
0.033297336619348812 0.090457603933465913

0.033297336619348812 0.090457603933465913
0.03119227721843652 0.090559701015731908

0.03119227721843652 0.090559701015731908
0.02807304949659287 0.090695593821423601

0.02807304949659287 0.090695593821423601
0.024953821774749217 0.090816815207427862

0.024953821774749217 0.090816815207427862
0.021834594052905568 0.090923290419845926

0.021834594052905568 0.090923290419845926
0.018715366331061915 0.091015122123230471

0.018715366331061915 0.091015122123230471
0.01559613860921826 0.091092838685956648

0.01559613860921826 0.091092838685956648
0.012476910887374609 0.091157155487318578

0.012476910887374609 0.091157155487318578
0.0093576831655309556 0.09120832425376621

0.0093576831655309556 0.09120832425376621
0.0062384554436873043 0.091246261123587427

0.0062384554436873043 0.091246261123587427
0.0031192277218436517 0.091270863124904483

0.0031192277218436517 0.091270863124904483
0 0.091281978601307115

0 0.091281978601307115
-0.0031192277218436521 0.091279058540228886

-0.0031192277218436521 0.091279058540228886
-0.0062384554436873043 0.091261004446812871

-0.0062384554436873043 0.091261004446812871
-0.0093576831655309573 0.091226528500416196

-0.0093576831655309573 0.091226528500416196
-0.012476910887374609 0.091174644126604393

-0.012476910887374609 0.091174644126604393
-0.015596138609218262 0.091104780755766668

-0.015596138609218262 0.091104780755766668
-0.018715366331061911 0.091016550414691172

-0.018715366331061911 0.091016550414691172
-0.021834594052905564 0.090909586048166791

-0.021834594052905564 0.090909586048166791
-0.024953821774749217 0.090783724870672322

-0.024953821774749217 0.090783724870672322
-0.028073049496592867 0.090639285100730382

-0.028073049496592867 0.090639285100730382
-0.03119227721843652 0.090477428085550135

-0.03119227721843652 0.090477428085550135
-0.031535366379524921 0.090457603933465913

-0.031535366379524921 0.090457603933465913
-0.034311504940280173 0.090298883760321455

-0.034311504940280173 0.090298883760321455
-0.037430732662123829 0.090106271050280948

-0.037430732662123829 0.090106271050280948
-0.040549960383967479 0.089901252446309129

-0.040549960383967479 0.089901252446309129
-0.043669188105811135 0.089685235684035955

-0.043669188105811135 0.089685235684035955
-0.046788415827654785 0.089459266663179937

-0.046788415827654785 0.089459266663179937
-0.049907643549498434 0.089224153782164473

-0.049907643549498434 0.089224153782164473
-0.053026871271342091 0.088980353308230994

-0.053026871271342091 0.088980353308230994
-0.05614609899318574 0.088727990342295282

-0.05614609899318574 0.088727990342295282
-0.05926532671502939 0.088467038377954013

-0.05926532671502939 0.088467038377954013
-0.062384554436873046 0.088197610381704622

-0.062384554436873046 0.088197610381704622
-0.065503782158716689 0.087920071629928417

-0.065503782158716689 0.087920071629928417
-0.068623009880560346 0.087634790413921207

-0.068623009880560346 0.087634790413921207
-0.071742237602403988 0.087342024350367461

-0.071742237602403988 0.087342024350367461
-0.071779178689744275 0.087338376211622271

-0.071779178689744275 0.087338376211622271
-0.074861465324247645 0.087041045763123978

-0.074861465324247645 0.087041045763123978
-0.077980693046091301 0.086731562891397815

-0.077980693046091301 0.086731562891397815
-0.081099920767934958 0.086413550253708143

-0.081099920767934958 0.086413550253708143
-0.0842191484897786 0.086087416411142356

-0.0842191484897786 0.086087416411142356
-0.087338376211622257 0.085754129414642541

-0.087338376211622257 0.085754129414642541
-0.090457603933465913 0.08541527738869964

-0.090457603933465913 0.08541527738869964
-0.093576831655309556 0.085072897929646785

-0.093576831655309556 0.085072897929646785
-0.096696059377153212 0.084729193198716427

-0.096696059377153212 0.084729193198716427
-0.099815287098996869 0.084387536312600486

-0.099815287098996869 0.084387536312600486
-0.10134770457702368 0.084219148489778614

-0.10134770457702368 0.084219148489778614
-0.10293451482084051 0.084044889024936481

-0.10293451482084051 0.084044889024936481
-0.10605374254268417 0.083709570019405322

-0.10605374254268417 0.083709570019405322
-0.10917297026452782 0.083379194260598186

-0.10917297026452782 0.083379194260598186
-0.11229219798637147 0.083057068089823272

-0.11229219798637147 0.083057068089823272
-0.11541142570821512 0.082744326762528742

-0.11541142570821512 0.082744326762528742
-0.11853065343005878 0.082441283416815545

-0.11853065343005878 0.082441283416815545
-0.12164988115190242 0.082147419511944944

-0.12164988115190242 0.082147419511944944
-0.12476910887374608 0.081861874879319049

-0.12476910887374608 0.081861874879319049
-0.12788833659558974 0.081584052289564279

-0.12788833659558974 0.081584052289564279
-0.13100756431743338 0.081313676684386674

-0.13100756431743338 0.081313676684386674
-0.13353534811412315 0.081099920767934958

-0.13353534811412315 0.081099920767934958
-0.13412679203927705 0.081049256025994845

-0.13412679203927705 0.081049256025994845
-0.13724601976112069 0.080792854435135578

-0.13724601976112069 0.080792854435135578
-0.14036524748296433 0.080542568717316465

-0.14036524748296433 0.080542568717316465
-0.143484475204808 0.08030090413588524

-0.143484475204808 0.08030090413588524
-0.14660370292665165 0.080069712602054602

-0.14660370292665165 0.080069712602054602
-0.14972293064849529 0.079850799242614012

-0.14972293064849529 0.079850799242614012
-0.15284215837033896 0.079645908735608881

-0.15284215837033896 0.079645908735608881
-0.1559613860921826 0.079456785618391895

-0.1559613860921826 0.079456785618391895
-0.15908061381402624 0.079285253231208719

-0.15908061381402624 0.079285253231208719
-0.16219984153586992 0.079133148121944982

-0.16219984153586992 0.079133148121944982
-0.16531906925771356 0.079002100395799038

-0.16531906925771356 0.079002100395799038
-0.1684382969795572 0.078893331510448389

-0.1684382969795572 0.078893331510448389
-0.17155752470140087 0.07880764067691913

-0.17155752470140087 0.07880764067691913
-0.17467675242324451 0.078745475745392784

-0.17467675242324451 0.078745475745392784
-0.17779598014508816 0.078707009773944542

-0.17779598014508816 0.078707009773944542
-0.18091520786693183 0.078692261891317061

-0.18091520786693183 0.078692261891317061
-0.18403443558877547 0.078701281203687662

-0.18403443558877547 0.078701281203687662
-0.18715366331061911 0.078734224096887628

-0.18715366331061911 0.078734224096887628
-0.19027289103246278 0.078791237484025001

-0.19027289103246278 0.078791237484025001
-0.19339211875430642 0.078872324134391866

-0.19339211875430642 0.078872324134391866
-0.19651134647615007 0.078977367620749528

-0.19651134647615007 0.078977367620749528
-0.19963057419799374 0.079106255556968041

-0.19963057419799374 0.079106255556968041
-0.20274980191983738 0.079258891423486896

-0.20274980191983738 0.079258891423486896
-0.20586902964168105 0.079435061976737248

-0.20586902964168105 0.079435061976737248
-0.20898825736352469 0.079634332584657991

-0.20898825736352469 0.079634332584657991
-0.21210748508536834 0.079855966485324656

-0.21210748508536834 0.079855966485324656
-0.21522671280721201 0.08009898709955332

-0.21522671280721201 0.08009898709955332
-0.21834594052905565 0.080362247578185192

-0.21834594052905565 0.080362247578185192
-0.22146516825089929 0.080644567697622307

-0.22146516825089929 0.080644567697622307
-0.22458439597274296 0.080944754568220159

-0.22458439597274296 0.080944754568220159
-0.22610745444901995 0.081099920767934958

-0.22610745444901995 0.081099920767934958
-0.2277036236945866 0.081262503043216514

-0.2277036236945866 0.081262503043216514
-0.23082285141643025 0.08159032685384017

-0.23082285141643025 0.08159032685384017
-0.23394207913827392 0.081935057594683752

-0.23394207913827392 0.081935057594683752
-0.23706130686011756 0.082292883696772484

-0.23706130686011756 0.082292883696772484
-0.2401805345819612 0.082661712637321222

-0.2401805345819612 0.082661712637321222
-0.24329976230380487 0.083042794953082824

-0.24329976230380487 0.083042794953082824
-0.24641899002564852 0.083435550372712053

-0.24641899002564852 0.083435550372712053
-0.24953821774749216 0.083837433664622527

-0.24953821774749216 0.083837433664622527
-0.25243734424754133 0.084219148489778614

-0.25243734424754133 0.084219148489778614
-0.25265744546933583 0.084248982604857858

-0.25265744546933583 0.084248982604857858
-0.25577667319117953 0.084667567501827412

-0.25577667319117953 0.084667567501827412
-0.25889590091302317 0.085094125799281897

-0.25889590091302317 0.085094125799281897
-0.26201512863486681 0.085526564641106542

-0.26201512863486681 0.085526564641106542
-0.26513435635671045 0.085965251507146262

-0.26513435635671045 0.085965251507146262
-0.2682535840785541 0.086409477854840294

-0.2682535840785541 0.086409477854840294
-0.27137281180039774 0.086857712141328883

-0.27137281180039774 0.086857712141328883
-0.27449203952224144 0.087308715258857264

-0.27449203952224144 0.087308715258857264
-0.27468863445887065 0.087338376211622271

-0.27468863445887065 0.087338376211622271
-0.27761126724408508 0.087765308375354414

-0.27761126724408508 0.087765308375354414
-0.28073049496592872 0.088223987651062888

-0.28073049496592872 0.088223987651062888
-0.28384972268777237 0.088684421472668487

-0.28384972268777237 0.088684421472668487
-0.28696895040961601 0.089145074597460044

-0.28696895040961601 0.089145074597460044
-0.29008817813145965 0.089606238330936547

-0.29008817813145965 0.089606238330936547
-0.29320740585330335 0.090067654445541087

-0.29320740585330335 0.090067654445541087
-0.29583914914986148 0.090457603933465913

-0.29583914914986148 0.090457603933465913
-0.29632663357514699 0.090531721619614369

-0.29632663357514699 0.090531721619614369
-0.29944586129699063 0.090991285507766917

-0.29944586129699063 0.090991285507766917
-0.30256508901883428 0.091452976145987366

-0.30256508901883428 0.091452976145987366
-0.30568431674067792 0.091914073693785334

-0.30568431674067792 0.091914073693785334
-0.30880354446252156 0.092371479261804973

-0.30880354446252156 0.092371479261804973
-0.31192277218436526 0.092823007212899392

-0.31192277218436526 0.092823007212899392
-0.3150419999062089 0.093266331188294443

-0.3150419999062089 0.093266331188294443
-0.31724916851482032 0.09357683165530957

-0.31724916851482032 0.09357683165530957
-0.31816122762805255 0.093707012433740772

-0.31816122762805255 0.093707012433740772
-0.32128045534989619 0.09413312849332818

-0.32128045534989619 0.09413312849332818
-0.32439968307173983 0.09454974561421714

-0.32439968307173983 0.09454974561421714
-0.32751891079358347 0.094956357174656836

-0.32751891079358347 0.094956357174656836
-0.33063813851542717 0.095351876271989197

-0.33063813851542717 0.095351876271989197
-0.33375736623727081 0.095734209348589394

-0.33375736623727081 0.095734209348589394
-0.33687659395911446 0.096103799468692033

-0.33687659395911446 0.096103799468692033
-0.3399958216809581 0.096459770504677189

-0.3399958216809581 0.096459770504677189
-0.34212555200858291 0.096696059377153226

-0.34212555200858291 0.096696059377153226
-0.34311504940280174 0.096806925153668261

-0.34311504940280174 0.096806925153668261
-0.34623427712464538 0.09713863214712222

-0.34623427712464538 0.09713863214712222
-0.34935350484648908 0.097459005767659493

-0.34935350484648908 0.097459005767659493
-0.35247273256833273 0.097768737522157367

-0.35247273256833273 0.097768737522157367
-0.35559196029017637 0.098066582691623994

-0.35559196029017637 0.098066582691623994
-0.35871118801202001 0.098351872064834867

-0.35871118801202001 0.098351872064834867
-0.36183041573386365 0.09862609964818686

-0.36183041573386365 0.09862609964818686
-0.36494964345570735 0.098889333805037685

-0.36494964345570735 0.098889333805037685
-0.36806887117755099 0.099140707241453949

-0.36806887117755099 0.099140707241453949
-0.37118809889939464 0.099380349965158474

-0.37118809889939464 0.099380349965158474
-0.37430732662123828 0.099608227399831634

-0.37430732662123828 0.099608227399831634
-0.37729954443384722 0.099815287098996869

-0.37729954443384722 0.099815287098996869
-0.37742655434308192 0.099824213646521068

-0.37742655434308192 0.099824213646521068
-0.38054578206492556 0.10002886549851867

-0.38054578206492556 0.10002886549851867
-0.38366500978676926 0.1002244362896088

-0.38366500978676926 0.1002244362896088
-0.3867842375086129 0.10040883449966179

-0.3867842375086129 0.10040883449966179
-0.38990346523045655 0.10058018059231727

-0.38990346523045655 0.10058018059231727
-0.39302269295230019 0.10074053966201371

-0.39302269295230019 0.10074053966201371
-0.39614192067414383 0.100890123078292

-0.39614192067414383 0.100890123078292
-0.39926114839598748 0.10102804719813775

-0.39926114839598748 0.10102804719813775
-0.40238037611783117 0.10115505838342094

-0.40238037611783117 0.10115505838342094
-0.40549960383967482 0.10127148922056275

-0.40549960383967482 0.10127148922056275
-0.40861883156151846 0.1013769059455335

-0.40861883156151846 0.1013769059455335
-0.4117380592833621 0.101471466025948

-0.4117380592833621 0.101471466025948
-0.41485728700520574 0.10155541763000731

-0.41485728700520574 0.10155541763000731
-0.41797651472704939 0.10162876914214594

-0.41797651472704939 0.10162876914214594
-0.42109574244889308 0.10169175961672879

-0.42109574244889308 0.10169175961672879
-0.42421497017073673 0.10174477871980406

-0.42421497017073673 0.10174477871980406
-0.42733419789258037 0.10178820273001035

-0.42733419789258037 0.10178820273001035
-0.43045342561442401 0.10182258060744177

-0.43045342561442401 0.10182258060744177
-0.43357265333626765 0.10184863950308373

-0.43357265333626765 0.10184863950308373
-0.4366918810581113 0.10186720908294081

-0.4366918810581113 0.10186720908294081
-0.439811108779955 0.1018791931353944

-0.439811108779955 0.1018791931353944
-0.44293033650179864 0.10188541437673306

-0.44293033650179864 0.10188541437673306
-0.44604956422364228 0.10188646097607026

-0.44604956422364228 0.10188646097607026
-0.44916879194548592 0.10188261703311648

-0.44916879194548592 0.10188261703311648
-0.45228801966732957 0.10187382905342245

-0.45228801966732957 0.10187382905342245
-0.45540724738917326 0.10185970320252405

-0.45540724738917326 0.10185970320252405
-0.45852647511101691 0.1018395187543044

-0.45852647511101691 0.1018395187543044
-0.46164570283286055 0.10181226710246542

-0.46164570283286055 0.10181226710246542
-0.46476493055470419 0.10177676273374174

-0.46476493055470419 0.10177676273374174
-0.46788415827654783 0.10173181006184165

-0.46788415827654783 0.10173181006184165
-0.47100338599839148 0.10167635689324186

-0.47100338599839148 0.10167635689324186
-0.47412261372023518 0.10160961737636522

-0.47412261372023518 0.10160961737636522
-0.47724184144207882 0.10153114433652657

-0.47724184144207882 0.10153114433652657
-0.48036106916392246 0.10144092201068769

-0.48036106916392246 0.10144092201068769
-0.4834802968857661 0.10133939339647155

-0.4834802968857661 0.10133939339647155
-0.48659952460760975 0.10122744773539619

-0.48659952460760975 0.10122744773539619
-0.48971875232945339 0.10110629350883518

-0.48971875232945339 0.10110629350883518
-0.49283798005129709 0.10097731173516124

-0.49283798005129709 0.10097731173516124
-0.49595720777314073 0.1008419984799629

-0.49595720777314073 0.1008419984799629
-0.49907643549498437 0.10070178793611008

-0.49907643549498437 0.10070178793611008
-0.50219566321682807 0.1005578672338614

-0.50219566321682807 0.1005578672338614
-0.50531489093867166 0.10041106348639996

-0.50531489093867166 0.10041106348639996
-0.50843411866051536 0.1002618078492282

-0.50843411866051536 0.1002618078492282
-0.51155334638235894 0.10011015736202346

-0.51155334638235894 0.10011015736202346
-0.51467257410420264 0.09995576615714466

-0.51467257410420264 0.09995576615714466
-0.51744116036088106 0.099815287098996869

-0.51744116036088106 0.099815287098996869
-0.51779180182604623 0.099797315380617924

-0.51779180182604623 0.099797315380617924
-0.52091102954788993 0.099634867570997959

-0.52091102954788993 0.099634867570997959
-0.52403025726973362 0.099466967799413733

-0.52403025726973362 0.099466967799413733
-0.52714948499157721 0.099292006562617274

-0.52714948499157721 0.099292006562617274
-0.53026871271342091 0.09910878529726555

-0.53026871271342091 0.09910878529726555
-0.5333879404352645 0.098916298353317292

-0.5333879404352645 0.098916298353317292
-0.53650716815710819 0.098713776441603077

-0.53650716815710819 0.098713776441603077
-0.53962639587895189 0.098500776724786715

-0.53962639587895189 0.098500776724786715
-0.54274562360079548 0.098277181957507995

-0.54274562360079548 0.098277181957507995
-0.54586485132263918 0.09804334403243678

-0.54586485132263918 0.09804334403243678
-0.54898407904448276 0.097800015248566408

-0.54898407904448276 0.097800015248566408
-0.55210330676632646 0.097548148132624191

-0.55210330676632646 0.097548148132624191
-0.55522253448817016 0.09728878441676439

-0.55522253448817016 0.09728878441676439
-0.55834176221001375 0.097022941572256632

-0.55834176221001375 0.097022941572256632
-0.56146098993185745 0.096752179452686576

-0.56146098993185745 0.096752179452686576
-0.56208484449210228 0.096696059377153226

-0.56208484449210228 0.096696059377153226
-0.56458021765370103 0.096474528874966353

-0.56458021765370103 0.096474528874966353
-0.56769944537554473 0.096193202536900793

-0.56769944537554473 0.096193202536900793
-0.57081867309738832 0.095906413290813453

-0.57081867309738832 0.095906413290813453
-0.57393790081923202 0.095613292948104375

-0.57393790081923202 0.095613292948104375
-0.57705712854107571 0.095312402612968569

-0.57705712854107571 0.095312402612968569
-0.5801763562629193 0.095002083736138707

-0.5801763562629193 0.095002083736138707
-0.583295583984763 0.094680488079556091

-0.583295583984763 0.094680488079556091
-0.58641481170660659 0.094345957180863041

-0.58641481170660659 0.094345957180863041
-0.58953403942845028 0.093997470820585655

-0.58953403942845028 0.093997470820585655
-0.59265326715029398 0.093635750391872052

-0.59265326715029398 0.093635750391872052
-0.593129785245196 0.09357683165530957

-0.593129785245196 0.09357683165530957
-0.59577249487213757 0.093256757890747943

-0.59577249487213757 0.093256757890747943
-0.59889172259398127 0.092865523650976028

-0.59889172259398127 0.092865523650976028
-0.60201095031582486 0.092460743799202494

-0.60201095031582486 0.092460743799202494
-0.60513017803766855 0.092043379990051341

-0.60513017803766855 0.092043379990051341
-0.60824940575951214 0.091614597786361163

-0.60824940575951214 0.091614597786361163
-0.61136863348135584 0.091175589964030801

-0.61136863348135584 0.091175589964030801
-0.61448786120319954 0.090728938143963489

-0.61448786120319954 0.090728938143963489
-0.61633084050192111 0.090457603933465913

-0.61633084050192111 0.090457603933465913
-0.61760708892504312 0.090268383697462734

-0.61760708892504312 0.090268383697462734
-0.62072631664688682 0.089807192616038423

-0.62072631664688682 0.089807192616038423
-0.62384554436873041 0.089336829948438723

-0.62384554436873041 0.089336829948438723
-0.62696477209057411 0.088859408795736713

-0.62696477209057411 0.088859408795736713
-0.63008399981241781 0.088374287552064987

-0.63008399981241781 0.088374287552064987
-0.63320322753426139 0.087880628643166273

-0.63320322753426139 0.087880628643166273
-0.63632245525610509 0.087378710979052795

-0.63632245525610509 0.087378710979052795
-0.63655892262970837 0.087338376211622271

-0.63655892262970837 0.087338376211622271
-0.63944168297794868 0.0868636322536816

-0.63944168297794868 0.0868636322536816
-0.64256091069979238 0.086339639009360883

-0.64256091069979238 0.086339639009360883
-0.64568013842163596 0.085803986830991788

-0.64568013842163596 0.085803986830991788
-0.64879936614347966 0.085256097637181824

-0.64879936614347966 0.085256097637181824
-0.65191859386532336 0.08469607915517216

-0.65191859386532336 0.08469607915517216
-0.65450762213418223 0.084219148489778614

-0.65450762213418223 0.084219148489778614
-0.65503782158716695 0.084118360845909401

-0.65503782158716695 0.084118360845909401
-0.65815704930901064 0.083535241232701438

-0.65815704930901064 0.083535241232701438
-0.66127627703085423 0.082937062385477142

-0.66127627703085423 0.082937062385477142
-0.66439550475269793 0.082326573054369218

-0.66439550475269793 0.082326573054369218
-0.66751473247454163 0.081703929260992889

-0.66751473247454163 0.081703929260992889
-0.67047977737499231 0.081099920767934958

-0.67047977737499231 0.081099920767934958
-0.67063396019638521 0.081066983136033555

-0.67063396019638521 0.081066983136033555
-0.67375318791822891 0.080421124046202774

-0.67375318791822891 0.080421124046202774
-0.6768724156400725 0.079762326027193894

-0.6768724156400725 0.079762326027193894
-0.6799916433619162 0.079090836104298554

-0.6799916433619162 0.079090836104298554
-0.6831108710837599 0.078408835168202157

-0.6831108710837599 0.078408835168202157
-0.68500086060717702 0.077980693046091315

-0.68500086060717702 0.077980693046091315
-0.68623009880560348 0.077698674051939323

-0.68623009880560348 0.077698674051939323
-0.68934932652744718 0.076989022132849513

-0.68934932652744718 0.076989022132849513
-0.69246855424929077 0.076257804022624123

-0.69246855424929077 0.076257804022624123
-0.69558778197113447 0.075510010681353254

-0.69558778197113447 0.075510010681353254
-0.69821723524565593 0.074861465324247659

-0.69821723524565593 0.074861465324247659
-0.69870700969297805 0.074735216656907924

-0.69870700969297805 0.074735216656907924
-0.70182623741482175 0.07395306346003272

-0.70182623741482175 0.07395306346003272
-0.70494546513666545 0.07314612082384378

-0.70494546513666545 0.07314612082384378
-0.70806469285850904 0.072321712367321656

-0.70806469285850904 0.072321712367321656
-0.71017449118304032 0.071742237602404002

-0.71017449118304032 0.071742237602404002
-0.71118392058035274 0.0714578349198636

-0.71118392058035274 0.0714578349198636
-0.71118392058035274 0.0714578349198636

-0.71118392058035274 0.0714578349198636
-0.71430314830219632 0.070594604780864045

-0.71430314830219632 0.070594604780864045
-0.71742237602404002 0.069701358910701269

-0.71742237602404002 0.069701358910701269
-0.72054160374588372 0.068794693313670746

-0.72054160374588372 0.068794693313670746
-0.72108466346690525 0.068623009880560346

-0.72108466346690525 0.068623009880560346
-0.72366083146772731 0.067847837421557658

-0.72366083146772731 0.067847837421557658
-0.726780059189571 0.066893556575842492

-0.726780059189571 0.066893556575842492
-0.72989928691141459 0.065929831211975959

-0.72989928691141459 0.065929831211975959
-0.73120194474388489 0.065503782158716703

-0.73120194474388489 0.065503782158716703
-0.73301851463325829 0.064917137565784669

-0.73301851463325829 0.064917137565784669
-0.73613774235510188 0.063916170595573099

-0.73613774235510188 0.063916170595573099
-0.73925697007694557 0.062903384929896652

-0.73925697007694557 0.062903384929896652
-0.74078251176867427 0.06238455443687304

-0.74078251176867427 0.06238455443687304
-0.74237619779878927 0.061843241733339646

-0.74237619779878927 0.061843241733339646
-0.74549542552063286 0.060803151697762292

-0.74549542552063286 0.060803151697762292
-0.74861465324247656 0.059753122710639428

-0.74861465324247656 0.059753122710639428
-0.7499913282847821 0.05926532671502939

-0.7499913282847821 0.05926532671502939
-0.75173388096432014 0.058653907976336218

-0.75173388096432014 0.058653907976336218
-0.75485310868616384 0.057575037130007313

-0.75485310868616384 0.057575037130007313
-0.75797233640800754 0.056486773753175838

-0.75797233640800754 0.056486773753175838
-0.75887921509796452 0.056146098993185733

-0.75887921509796452 0.056146098993185733
-0.76109156412985113 0.055345896496373018

-0.76109156412985113 0.055345896496373018
-0.76421079185169483 0.054214209578335157

-0.76421079185169483 0.054214209578335157
-0.76733001957353841 0.053058569629773747

-0.76733001957353841 0.053058569629773747
-0.76740624935065527 0.053026871271342084

-0.76740624935065527 0.053026871271342084
-0.77044924729538211 0.051874268484337974

-0.77044924729538211 0.051874268484337974
-0.77356847501722581 0.050678685155138951

-0.77356847501722581 0.050678685155138951
-0.7754886423305094 0.049907643549498434

-0.7754886423305094 0.049907643549498434
-0.7766877027390694 0.049414093510596273

-0.7766877027390694 0.049414093510596273
-0.77980693046091309 0.048168097494519668

-0.77980693046091309 0.048168097494519668
-0.78292615818275668 0.046882267412134804

-0.78292615818275668 0.046882267412134804
-0.78312667416469206 0.046788415827654778

-0.78312667416469206 0.046788415827654778
-0.78604538590460038 0.045547074441914387

-0.78604538590460038 0.045547074441914387
-0.78916461362644397 0.044212938778883895

-0.78916461362644397 0.044212938778883895
-0.79033489282677338 0.043669188105811128

-0.79033489282677338 0.043669188105811128
-0.79228384134828767 0.042788093639213799

-0.79228384134828767 0.042788093639213799
-0.79540306907013136 0.041402820347219677

-0.79540306907013136 0.041402820347219677
-0.7972107601194659 0.040549960383967479

-0.7972107601194659 0.040549960383967479
-0.79852229679197495 0.03991867868959216

-0.79852229679197495 0.03991867868959216
-0.80164152451381865 0.038487464861431439

-0.80164152451381865 0.038487464861431439
-0.80383214534464908 0.037430732662123822

-0.80383214534464908 0.037430732662123822
-0.80476075223566224 0.036959360822664662

-0.80476075223566224 0.036959360822664662
-0.80787997995750593 0.035486000262665039

-0.80787997995750593 0.035486000262665039
-0.81026310896451681 0.034311504940280173

-0.81026310896451681 0.034311504940280173
-0.81099920767934963 0.033923163170773062

-0.81099920767934963 0.033923163170773062
-0.81411843540119322 0.032413481927861025

-0.81411843540119322 0.032413481927861025
-0.81654146546746975 0.03119227721843652

-0.81654146546746975 0.03119227721843652
-0.81723766312303692 0.030814765918371005

-0.81723766312303692 0.030814765918371005
-0.8203568908448805 0.029271558719901846

-0.8203568908448805 0.029271558719901846
-0.82267118992573096 0.02807304949659287

-0.82267118992573096 0.02807304949659287
-0.8234761185667242 0.027627916627542604

-0.8234761185667242 0.027627916627542604
-0.82659534628856779 0.026050819052734004

-0.82659534628856779 0.026050819052734004
-0.82863555050015592 0.024953821774749217

-0.82863555050015592 0.024953821774749217
-0.82971457401041149 0.024347870136803229

-0.82971457401041149 0.024347870136803229
-0.83283380173225519 0.022731678198331075

-0.83283380173225519 0.022731678198331075
-0.83441671744885038 0.021834594052905568

-0.83441671744885038 0.021834594052905568
-0.83595302945409877 0.020960911831294074

-0.83595302945409877 0.020960911831294074
-0.83907225717594247 0.019288807751021285

-0.83907225717594247 0.019288807751021285
-0.84001032669919562 0.018715366331061915

-0.84001032669919562 0.018715366331061915
-0.84219148489778606 0.017456712087835682

-0.84219148489778606 0.017456712087835682
-0.84531071261962976 0.015674649222769284

-0.84531071261962976 0.015674649222769284
-0.84542804817562633 0.01559613860921826

-0.84542804817562633 0.01559613860921826
-0.84842994034147345 0.013839435785082324

-0.84842994034147345 0.013839435785082324
-0.85067913082627744 0.012476910887374609

-0.85067913082627744 0.012476910887374609
-0.85154916806331704 0.011911487630497479

-0.85154916806331704 0.011911487630497479
-0.85466839578516074 0.010107589123351204

-0.85466839578516074 0.010107589123351204
-0.85581401995665907 0.0093576831655309556

-0.85581401995665907 0.0093576831655309556
-0.85778762350700433 0.0081183723582707902

-0.85778762350700433 0.0081183723582707902
-0.86085568864289064 0.0062384554436873043

-0.86085568864289064 0.0062384554436873043
-0.86090685122884802 0.0062023043098883273

-0.86090685122884802 0.0062023043098883273
-0.86402607895069172 0.0042890175639990584

-0.86402607895069172 0.0042890175639990584
-0.86583192715677737 0.0031192277218436517

-0.86583192715677737 0.0031192277218436517
-0.86714530667253531 0.0022456638487211179

-0.86714530667253531 0.0022456638487211179
-0.87026453439437901 0.00035577640927154626

-0.87026453439437901 0.00035577640927154626
-0.87077041515209719 0

-0.87077041515209719 0
-0.8733837621162226 -0.0016579151770839391

-0.8733837621162226 -0.0016579151770839391
-0.87564986427702551 -0.0031192277218436521

-0.87564986427702551 -0.0031192277218436521
-0.87650298983806629 -0.0037110823919580148

-0.87650298983806629 -0.0037110823919580148
-0.87962221755990988 -0.0056082655395236995

-0.87962221755990988 -0.0056082655395236995
-0.88052840551206057 -0.0062384554436873043

-0.88052840551206057 -0.0062384554436873043
-0.88274144528175358 -0.0076780172958054588

-0.88274144528175358 -0.0076780172958054588
-0.88535522417990198 -0.0093576831655309573

-0.88535522417990198 -0.0093576831655309573
-0.88586067300359728 -0.0097180108916359795

-0.88586067300359728 -0.0097180108916359795
-0.88897990072544086 -0.011638173687751351

-0.88897990072544086 -0.011638173687751351
-0.89020137846228486 -0.012476910887374609

-0.89020137846228486 -0.012476910887374609
-0.89209912844728456 -0.013734299294243281

-0.89209912844728456 -0.013734299294243281
-0.89502097126766311 -0.015596138609218262

-0.89502097126766311 -0.015596138609218262
-0.89521835616912815 -0.015739034411083704

-0.89521835616912815 -0.015739034411083704
-0.89833758389097185 -0.017681356448926024

-0.89833758389097185 -0.017681356448926024
-0.89988731633177077 -0.018715366331061911

-0.89988731633177077 -0.018715366331061911
-0.90145681161281555 -0.019761057359284309

-0.90145681161281555 -0.019761057359284309
-0.90457603933465913 -0.021679011363632657

-0.90457603933465913 -0.021679011363632657
-0.90479609572021269 -0.021834594052905564

-0.90479609572021269 -0.021834594052905564
-0.90769526705650283 -0.023635539608469789

-0.90769526705650283 -0.023635539608469789
-0.90979387518358179 -0.024953821774749217

-0.90979387518358179 -0.024953821774749217
-0.91081449477834642 -0.025630386874896886

-0.91081449477834642 -0.025630386874896886
-0.91393372250019012 -0.027427849282436145

-0.91393372250019012 -0.027427849282436145
-0.91494873637366159 -0.028073049496592867

-0.91494873637366159 -0.028073049496592867
-0.9170529502220337 -0.029338216673810178

-0.9170529502220337 -0.029338216673810178
-0.9201721779438774 -0.031106353141585535

-0.9201721779438774 -0.031106353141585535
-0.92030682012172704 -0.03119227721843652

-0.92030682012172704 -0.03119227721843652
-0.9232914056657211 -0.032854683501244264

-0.9232914056657211 -0.032854683501244264
-0.92599127341102272 -0.034311504940280173

-0.92599127341102272 -0.034311504940280173
-0.92641063338756469 -0.034561715014132452

-0.92641063338756469 -0.034561715014132452
-0.92952986110940838 -0.036143385207883912

-0.92952986110940838 -0.036143385207883912
-0.93212918903431607 -0.037430732662123829

-0.93212918903431607 -0.037430732662123829
-0.93264908883125197 -0.037710341050218699

-0.93264908883125197 -0.037710341050218699
-0.93576831655309567 -0.0391476149599339

-0.93576831655309567 -0.0391476149599339
-0.93888754427493937 -0.04052398189796131

-0.93888754427493937 -0.04052398189796131
-0.93894384165335865 -0.040549960383967479

-0.93894384165335865 -0.040549960383967479
-0.94200677199678295 -0.041817586112164531

-0.94200677199678295 -0.041817586112164531
-0.94512599971862665 -0.043007486954803983

-0.94512599971862665 -0.043007486954803983
-0.94696644021031107 -0.043669188105811135

-0.94696644021031107 -0.043669188105811135
-0.94824522744047024 -0.044134574812065008

-0.94824522744047024 -0.044134574812065008
-0.95136445516231394 -0.045126763600457372

-0.95136445516231394 -0.045126763600457372
-0.95448368288415764 -0.046031874436217847

-0.95448368288415764 -0.046031874436217847
-0.95744973322292004 -0.046788415827654785

-0.95744973322292004 -0.046788415827654785
-0.95760291060600122 -0.046829668783175411

-0.95760291060600122 -0.046829668783175411
-0.96072213832784492 -0.047511026208848416

-0.96072213832784492 -0.047511026208848416
-0.96384136604968851 -0.04808699448436822

-0.96384136604968851 -0.04808699448436822
-0.96696059377153221 -0.048553944859258985

-0.96696059377153221 -0.048553944859258985
-0.97007982149337579 -0.048908720190568203

-0.97007982149337579 -0.048908720190568203
-0.97319904921521949 -0.049149878773287352

-0.97319904921521949 -0.049149878773287352
-0.97631827693706319 -0.049277729758766854

-0.97631827693706319 -0.049277729758766854
-0.97943750465890678 -0.049295677969137287

-0.97943750465890678 -0.049295677969137287
-0.98255673238075047 -0.049208353920382517

-0.98255673238075047 -0.049208353920382517
-0.98567596010259406 -0.049018953589612696

-0.98567596010259406 -0.049018953589612696
-0.98879518782443776 -0.048728810084941863

-0.98879518782443776 -0.048728810084941863
-0.99191441554628146 -0.048339185290619383

-0.99191441554628146 -0.048339185290619383
-0.99503364326812505 -0.047853449286359283

-0.99503364326812505 -0.047853449286359283
-0.99815287098996874 -0.047278373696073094

-0.99815287098996874 -0.047278373696073094
-1.0004603464261115 -0.046788415827654785

-1.0004603464261115 -0.046788415827654785
-1.0012720987118122 -0.0466109607239781

-1.0012720987118122 -0.0466109607239781
-1.0043913264336559 -0.045873840987440753

-1.0043913264336559 -0.045873840987440753
-1.0075105541554996 -0.045049558768243597

-1.0075105541554996 -0.045049558768243597
-1.0106297818773433 -0.044157463654347945

-1.0106297818773433 -0.044157463654347945
-1.0121673529921578 -0.043669188105811135

-1.0121673529921578 -0.043669188105811135
-1.0137490095991868 -0.043166111797342505

-1.0137490095991868 -0.043166111797342505
-1.0168682373210305 -0.042140605326288889

-1.0168682373210305 -0.042140605326288889
-1.0199874650428742 -0.041058481545029085

-1.0199874650428742 -0.041058481545029085
-1.0213195766072403 -0.040549960383967479

-1.0213195766072403 -0.040549960383967479
-1.0231066927647179 -0.039875585870520931

-1.0231066927647179 -0.039875585870520931
-1.0262259204865614 -0.038680537909257913

-1.0262259204865614 -0.038680537909257913
-1.0293382699202893 -0.037430732662123829

-1.0293382699202893 -0.037430732662123829
-1.0293451482084051 -0.03742765799037294

-1.0293451482084051 -0.03742765799037294
-1.0324643759302488 -0.036136488756190466

-1.0324643759302488 -0.036136488756190466
-1.0355836036520925 -0.034832316920787358

-1.0355836036520925 -0.034832316920787358
-1.0367267431479139 -0.034311504940280173

-1.0367267431479139 -0.034311504940280173
-1.0387028313739362 -0.033436712007256952

-1.0387028313739362 -0.033436712007256952
-1.0418220590957796 -0.032080393611682322

-1.0418220590957796 -0.032080393611682322
-1.043764543690896 -0.03119227721843652

-1.043764543690896 -0.03119227721843652
-1.0449412868176233 -0.0306382867814501

-1.0449412868176233 -0.0306382867814501
-1.048060514539467 -0.029248030904106923

-1.048060514539467 -0.029248030904106923
-1.0506160551626811 -0.028073049496592867

-1.0506160551626811 -0.028073049496592867
-1.0511797422613107 -0.027793278206757185

-1.0511797422613107 -0.027793278206757185
-1.0542989699831544 -0.026379820005195009

-1.0542989699831544 -0.026379820005195009
-1.0573973198736186 -0.024953821774749217

-1.0573973198736186 -0.024953821774749217
-1.0574181977049979 -0.024942985235471071

-1.0574181977049979 -0.024942985235471071
-1.0605374254268416 -0.023514061180603434

-1.0605374254268416 -0.023514061180603434
-1.0636566531486853 -0.022112590721018885

-1.0636566531486853 -0.022112590721018885
-1.0642237253289499 -0.021834594052905564

-1.0642237253289499 -0.021834594052905564
-1.066775880870529 -0.02067450235323345

-1.066775880870529 -0.02067450235323345
-1.0698951085923727 -0.019302535369120303

-1.0698951085923727 -0.019302535369120303
-1.0711639473810997 -0.018715366331061911

-1.0711639473810997 -0.018715366331061911
-1.0730143363142162 -0.017877688571145259

-1.0730143363142162 -0.017877688571145259
-1.0761335640360599 -0.016533991613544984

-1.0761335640360599 -0.016533991613544984
-1.078267904632541 -0.015596138609218262

-1.078267904632541 -0.015596138609218262
-1.0792527917579036 -0.015145331640022481

-1.0792527917579036 -0.015145331640022481
-1.0823720194797473 -0.013826428571685506

-1.0823720194797473 -0.013826428571685506
-1.085491247201591 -0.012503384475193073

-1.085491247201591 -0.012503384475193073
-1.0855478610102485 -0.012476910887374609

-1.0855478610102485 -0.012476910887374609
-1.0886104749234344 -0.011190557758032066

-1.0886104749234344 -0.011190557758032066
-1.0917297026452781 -0.0099150551602616988

-1.0917297026452781 -0.0099150551602616988
-1.0930402752684567 -0.0093576831655309573

-1.0930402752684567 -0.0093576831655309573
-1.0948489303671218 -0.0086017903551404533

-1.0948489303671218 -0.0086017903551404533
-1.0979681580889655 -0.0073518381627743941

-1.0979681580889655 -0.0073518381627743941
-1.1007475359529153 -0.0062384554436873043

-1.1007475359529153 -0.0062384554436873043
-1.1010873858108092 -0.0060908701171374317

-1.1010873858108092 -0.0060908701171374317
-1.1042066135326527 -0.0048746736865010326

-1.1042066135326527 -0.0048746736865010326
-1.1073258412544964 -0.003684195900626817

-1.1073258412544964 -0.003684195900626817
-1.1087729235220454 -0.0031192277218436521

-1.1087729235220454 -0.0031192277218436521
-1.1104450689763401 -0.0024715835954042722

-1.1104450689763401 -0.0024715835954042722
-1.1135642966981838 -0.0013238134632772743

-1.1135642966981838 -0.0013238134632772743
-1.1166835244200273 -0.00020014809299365803

-1.1166835244200273 -0.00020014809299365803
-1.1172115919606791 0

-1.1172115919606791 0
-1.119802752141871 0.00092313984387585061

-1.119802752141871 0.00092313984387585061
-1.1229219798637147 0.0020003955021191096

-1.1229219798637147 0.0020003955021191096
-1.1260412075855584 0.003046711016135145

-1.1260412075855584 0.003046711016135145
-1.1262461482090715 0.0031192277218436517

-1.1262461482090715 0.0031192277218436517
-1.1291604353074021 0.0040757182505138483

-1.1291604353074021 0.0040757182505138483
-1.1322796630292455 0.0050683393102693179

-1.1322796630292455 0.0050683393102693179
-1.1353988907510892 0.0060204681537856354

-1.1353988907510892 0.0060204681537856354
-1.1360946128879337 0.0062384554436873043

-1.1360946128879337 0.0062384554436873043
-1.1385181184729329 0.0069653500785694438

-1.1385181184729329 0.0069653500785694438
-1.1416373461947766 0.0078650925878363601

-1.1416373461947766 0.0078650925878363601
-1.1447565739166203 0.0087352051538173939

-1.1447565739166203 0.0087352051538173939
-1.1470325411524374 0.0093576831655309556

-1.1470325411524374 0.0093576831655309556
-1.1478758016384638 0.00959559269538756

-1.1478758016384638 0.00959559269538756
-1.1509950293603075 0.010410564696533987

-1.1509950293603075 0.010410564696533987
-1.1541142570821512 0.011203943672596119

-1.1541142570821512 0.011203943672596119
-1.1572334848039949 0.011965640045921249

-1.1572334848039949 0.011965640045921249
-1.1593654152710737 0.012476910887374609

-1.1593654152710737 0.012476910887374609
-1.1603527125258386 0.01271884958986828

-1.1603527125258386 0.01271884958986828
-1.1634719402476821 0.013438515419110415

-1.1634719402476821 0.013438515419110415
-1.1665911679695258 0.014143819901906938

-1.1665911679695258 0.014143819901906938
-1.1697103956913695 0.014826370194108155

-1.1697103956913695 0.014826370194108155
-1.1728296234132132 0.015482227639590522

-1.1728296234132132 0.015482227639590522
-1.1733663648189543 0.01559613860921826

-1.1733663648189543 0.01559613860921826
-1.1759488511350569 0.016125367570732765

-1.1759488511350569 0.016125367570732765
-1.1790680788569003 0.016744058273677666

-1.1790680788569003 0.016744058273677666
-1.182187306578744 0.017343428349723244

-1.182187306578744 0.017343428349723244
-1.1853065343005877 0.017920090519478467

-1.1853065343005877 0.017920090519478467
-1.1884257620224314 0.018467274351260377

-1.1884257620224314 0.018467274351260377
-1.1898895415715882 0.018715366331061915

-1.1898895415715882 0.018715366331061915
-1.1915449897442751 0.018994905020227763

-1.1915449897442751 0.018994905020227763
-1.1946642174661186 0.019486948322753155

-1.1946642174661186 0.019486948322753155
-1.1977834451879623 0.019953228128107049

-1.1977834451879623 0.019953228128107049
-1.200902672909806 0.020391814872321785

-1.200902672909806 0.020391814872321785
-1.2040219006316497 0.020801791451092531

-1.2040219006316497 0.020801791451092531
-1.2071411283534932 0.021181630211005369

-1.2071411283534932 0.021181630211005369
-1.2102603560753369 0.021530923272559312

-1.2102603560753369 0.021530923272559312
-1.2132161463571196 0.021834594052905568

-1.2132161463571196 0.021834594052905568
-1.2133795837971806 0.021851761018944864

-1.2133795837971806 0.021851761018944864
-1.2164988115190243 0.022144966699225038

-1.2164988115190243 0.022144966699225038
-1.219618039240868 0.022413295866579572

-1.219618039240868 0.022413295866579572
-1.2227372669627115 0.022657964606011539

-1.2227372669627115 0.022657964606011539
-1.2258564946845552 0.022880210254308274

-1.2258564946845552 0.022880210254308274
-1.2289757224063989 0.023080786428298073

-1.2289757224063989 0.023080786428298073
-1.2320949501282425 0.023259850381764851

-1.2320949501282425 0.023259850381764851
-1.2352141778500862 0.023417550282407367

-1.2352141778500862 0.023417550282407367
-1.2383334055719297 0.023554369928102534

-1.2383334055719297 0.023554369928102534
-1.2414526332937734 0.023670686989182583

-1.2414526332937734 0.023670686989182583
-1.2445718610156171 0.023766422891727694

-1.2445718610156171 0.023766422891727694
-1.2476910887374608 0.023841021201923791

-1.2476910887374608 0.023841021201923791
-1.2508103164593045 0.023893571994321874

-1.2508103164593045 0.023893571994321874
-1.253929544181148 0.023923189745593734

-1.253929544181148 0.023923189745593734
-1.2570487719029917 0.023929425108193285

-1.2570487719029917 0.023929425108193285
-1.2601679996248354 0.023912401282222266

-1.2601679996248354 0.023912401282222266
-1.2632872273466791 0.023872555968913033

-1.2632872273466791 0.023872555968913033
-1.2664064550685228 0.023810254901610203

-1.2664064550685228 0.023810254901610203
-1.2695256827903663 0.023725580978717829

-1.2695256827903663 0.023725580978717829
-1.27264491051221 0.023618358368743923

-1.27264491051221 0.023618358368743923
-1.2757641382340537 0.0234882855453501

-1.2757641382340537 0.0234882855453501
-1.2788833659558974 0.023335079539832992

-1.2788833659558974 0.023335079539832992
-1.2820025936777411 0.023158660171165787

-1.2820025936777411 0.023158660171165787
-1.2851218213995845 0.022959221668969864

-1.2851218213995845 0.022959221668969864
-1.2882410491214282 0.022737175503677785

-1.2882410491214282 0.022737175503677785
-1.2913602768432719 0.022492998116694168

-1.2913602768432719 0.022492998116694168
-1.2944795045651156 0.022226958226953926

-1.2944795045651156 0.022226958226953926
-1.2975987322869591 0.021940133344982887

-1.2975987322869591 0.021940133344982887
-1.2986508092347766 0.021834594052905568

-1.2986508092347766 0.021834594052905568
-1.3007179600088028 0.02162872709185645

-1.3007179600088028 0.02162872709185645
-1.3038371877306465 0.021298374049817926

-1.3038371877306465 0.021298374049817926
-1.3069564154524902 0.020946871127178725

-1.3069564154524902 0.020946871127178725
-1.3100756431743339 0.020575697545737192

-1.3100756431743339 0.020575697545737192
-1.3131948708961774 0.020185743194031006

-1.3131948708961774 0.020185743194031006
-1.3163140986180211 0.01977746404217131

-1.3163140986180211 0.01977746404217131
-1.3194333263398648 0.019350600688690094

-1.3194333263398648 0.019350600688690094
-1.3225525540617085 0.01890695656847451

-1.3225525540617085 0.01890695656847451
-1.3238199764911238 0.018715366331061915

-1.3238199764911238 0.018715366331061915
-1.3256717817835522 0.01843718700853338

-1.3256717817835522 0.01843718700853338
-1.3287910095053956 0.017954365114749821

-1.3287910095053956 0.017954365114749821
-1.3319102372272393 0.017451276031322616

-1.3319102372272393 0.017451276031322616
-1.335029464949083 0.016929613044914388

-1.335029464949083 0.016929613044914388
-1.3381486926709267 0.016388767100743405

-1.3381486926709267 0.016388767100743405
-1.3412679203927704 0.015831180462353066

-1.3412679203927704 0.015831180462353066
-1.3425031786131674 0.01559613860921826

-1.3425031786131674 0.01559613860921826
-1.3443871481146139 0.015240841188668483

-1.3443871481146139 0.015240841188668483
-1.3475063758364576 0.014636402764206117

-1.3475063758364576 0.014636402764206117
-1.3506256035583013 0.014004865995467719

-1.3506256035583013 0.014004865995467719
-1.353744831280145 0.013347344679643129

-1.353744831280145 0.013347344679643129
-1.3568640590019887 0.012668962534137414

-1.3568640590019887 0.012668962534137414
-1.3576817314158087 0.012476910887374609

-1.3576817314158087 0.012476910887374609
-1.3599832867238322 0.011950465881188333

-1.3599832867238322 0.011950465881188333
-1.3631025144456759 0.011216608583092612

-1.3631025144456759 0.011216608583092612
-1.3662217421675196 0.010455980684337687

-1.3662217421675196 0.010455980684337687
-1.3693409698893633 0.0096787844913509592

-1.3693409698893633 0.0096787844913509592
-1.3705516106479811 0.0093576831655309556

-1.3705516106479811 0.0093576831655309556
-1.372460197611207 0.008858409762884524

-1.372460197611207 0.008858409762884524
-1.3755794253330504 0.0080338779772510544

-1.3755794253330504 0.0080338779772510544
-1.3786986530548941 0.0071840109156206654

-1.3786986530548941 0.0071840109156206654
-1.3818178807767378 0.0063193898914390614

-1.3818178807767378 0.0063193898914390614
-1.382085404333373 0.0062384554436873043

-1.382085404333373 0.0062384554436873043
-1.3849371084985815 0.0054259881807618652

-1.3849371084985815 0.0054259881807618652
-1.388056336220425 0.0045198849520236587

-1.388056336220425 0.0045198849520236587
-1.3911755639422687 0.0036033465276005465

-1.3911755639422687 0.0036033465276005465
-1.3927443149771617 0.0031192277218436517

-1.3927443149771617 0.0031192277218436517
-1.3942947916641124 0.0026401396725049594

-1.3942947916641124 0.0026401396725049594
-1.3974140193859561 0.0016843960216362417

-1.3974140193859561 0.0016843960216362417
-1.4005332471077998 0.0007034657113866357

-1.4005332471077998 0.0007034657113866357
-1.4026889766191393 0

-1.4026889766191393 0
-1.4036524748296433 -0.00032488720848007456

-1.4036524748296433 -0.00032488720848007456
-1.406771702551487 -0.0013476103596430145

-1.406771702551487 -0.0013476103596430145
-1.4098909302733307 -0.0024010249842912248

-1.4098909302733307 -0.0024010249842912248
-1.4119289700938398 -0.0031192277218436521

-1.4119289700938398 -0.0031192277218436521
-1.4130101579951744 -0.003511294376347339

-1.4130101579951744 -0.003511294376347339
-1.4161293857170181 -0.0046132608255255655

-1.4161293857170181 -0.0046132608255255655
-1.4192486134388616 -0.0057433976226505881

-1.4192486134388616 -0.0057433976226505881
-1.4205180420464394 -0.0062384554436873043

-1.4205180420464394 -0.0062384554436873043
-1.4223678411607052 -0.006947917011342365

-1.4223678411607052 -0.006947917011342365
-1.4254870688825489 -0.0081454438632483951

-1.4254870688825489 -0.0081454438632483951
-1.4285375250100796 -0.0093576831655309573

-1.4285375250100796 -0.0093576831655309573
-1.4286062966043926 -0.0093879209214944997

-1.4286062966043926 -0.0093879209214944997
-1.4317255243262363 -0.010655883225634042

-1.4317255243262363 -0.010655883225634042
-1.4348447520480798 -0.011937143098441808

-1.4348447520480798 -0.011937143098441808
-1.4360594931898056 -0.012476910887374609

-1.4360594931898056 -0.012476910887374609
-1.4379639797699235 -0.013303879019271495

-1.4379639797699235 -0.013303879019271495
-1.4410832074917672 -0.014641560806897051

-1.4410832074917672 -0.014641560806897051
-1.4432001366844027 -0.015596138609218262

-1.4432001366844027 -0.015596138609218262
-1.4442024352136109 -0.016067659042071664

-1.4442024352136109 -0.016067659042071664
-1.4473216629354546 -0.017459766051552066

-1.4473216629354546 -0.017459766051552066
-1.4500210636792494 -0.018715366331061911

-1.4500210636792494 -0.018715366331061911
-1.4504408906572981 -0.018929080760148022

-1.4504408906572981 -0.018929080760148022
-1.4535601183791418 -0.020389617763978789

-1.4535601183791418 -0.020389617763978789
-1.4565432423745244 -0.021834594052905564

-1.4565432423745244 -0.021834594052905564
-1.4566793461009855 -0.02190881658851911

-1.4566793461009855 -0.02190881658851911
-1.4597985738228292 -0.023442738837629429

-1.4597985738228292 -0.023442738837629429
-1.4627928122597085 -0.024953821774749217

-1.4627928122597085 -0.024953821774749217
-1.4629178015446729 -0.02502527923867269

-1.4629178015446729 -0.02502527923867269
-1.4660370292665164 -0.026622069056369053

-1.4660370292665164 -0.026622069056369053
-1.4687841851745747 -0.028073049496592867

-1.4687841851745747 -0.028073049496592867
-1.4691562569883601 -0.028291900522091819

-1.4691562569883601 -0.028291900522091819
-1.4722754847102038 -0.029938448312057664

-1.4722754847102038 -0.029938448312057664
-1.4745243078567034 -0.03119227721843652

-1.4745243078567034 -0.03119227721843652
-1.4753947124320475 -0.031710366267162726

-1.4753947124320475 -0.031710366267162726
-1.4785139401538909 -0.033402855634018111

-1.4785139401538909 -0.033402855634018111
-1.4800210261375188 -0.034311504940280173

-1.4800210261375188 -0.034311504940280173
-1.4816331678757346 -0.035280544449087702

-1.4816331678757346 -0.035280544449087702
-1.4847523955975783 -0.037066760017383064

-1.4847523955975783 -0.037066760017383064
-1.4852931792817818 -0.037430732662123829

-1.4852931792817818 -0.037430732662123829
-1.487871623319422 -0.039005074823234467

-1.487871623319422 -0.039005074823234467
-1.4903264634644258 -0.040549960383967479

-1.4903264634644258 -0.040549960383967479
-1.4909908510412657 -0.041008980818737287

-1.4909908510412657 -0.041008980818737287
-1.4941100787631092 -0.042918136837524601

-1.4941100787631092 -0.042918136837524601
-1.4951752581590045 -0.043669188105811135

-1.4951752581590045 -0.043669188105811135
-1.4972293064849529 -0.045048316900054404

-1.4972293064849529 -0.045048316900054404
-1.4998115638278329 -0.046788415827654785

-1.4998115638278329 -0.046788415827654785
-1.5003485342067966 -0.047189565810223329

-1.5003485342067966 -0.047189565810223329
-1.5034677619286403 -0.049244686481268375

-1.5034677619286403 -0.049244686481268375
-1.5043395664156791 -0.049907643549498434

-1.5043395664156791 -0.049907643549498434
-1.506586989650484 -0.051512098616485459

-1.506586989650484 -0.051512098616485459
-1.5086371223478601 -0.053026871271342091

-1.5086371223478601 -0.053026871271342091
-1.5097062173723275 -0.053858514117748502

-1.5097062173723275 -0.053858514117748502
-1.5128254450941712 -0.056103796411684871

-1.5128254450941712 -0.056103796411684871
-1.5128768409405127 -0.05614609899318574

-1.5128768409405127 -0.05614609899318574
-1.5159446728160149 -0.058404883215426993

-1.5159446728160149 -0.058404883215426993
-1.5170003098642508 -0.05926532671502939

-1.5170003098642508 -0.05926532671502939
-1.5190639005378586 -0.060884376617154921

-1.5190639005378586 -0.060884376617154921
-1.5209191564134175 -0.062384554436873046

-1.5209191564134175 -0.062384554436873046
-1.5221831282597023 -0.06343605581798438

-1.5221831282597023 -0.06343605581798438
-1.5247778377036103 -0.065503782158716689

-1.5247778377036103 -0.065503782158716689
-1.5253023559815457 -0.065955678593601991

-1.5253023559815457 -0.065955678593601991
-1.5284215837033894 -0.068415389067518595

-1.5284215837033894 -0.068415389067518595
-1.5286574630276042 -0.068623009880560346

-1.5286574630276042 -0.068623009880560346
-1.5315408114252331 -0.070979784005004473

-1.5315408114252331 -0.070979784005004473
-1.5324001418967881 -0.071742237602403988

-1.5324001418967881 -0.071742237602403988
-1.5346600391470768 -0.073678327644926558

-1.5346600391470768 -0.073678327644926558
-1.5359848423009894 -0.074861465324247645

-1.5359848423009894 -0.074861465324247645
-1.5377792668689205 -0.07645182261443588

-1.5377792668689205 -0.07645182261443588
-1.5394868826660282 -0.077980693046091301

-1.5394868826660282 -0.077980693046091301
-1.540898494590764 -0.079258694053342751

-1.540898494590764 -0.079258694053342751
-1.5429497738849576 -0.081099920767934958

-1.5429497738849576 -0.081099920767934958
-1.5440177223126077 -0.082083667452730491

-1.5440177223126077 -0.082083667452730491
-1.5463854799993444 -0.0842191484897786

-1.5463854799993444 -0.0842191484897786
-1.5471369500344514 -0.084921069125251727

-1.5471369500344514 -0.084921069125251727
-1.5498127094000569 -0.087338376211622257

-1.5498127094000569 -0.087338376211622257
-1.5502561777562951 -0.087755736417320748

-1.5502561777562951 -0.087755736417320748
-1.5532636229536729 -0.090457603933465913

-1.5532636229536729 -0.090457603933465913
-1.5533754054781388 -0.09056294519284229

-1.5533754054781388 -0.09056294519284229
-1.5564946331999823 -0.093347557939636325

-1.5564946331999823 -0.093347557939636325
-1.5567382838642199 -0.093576831655309556

-1.5567382838642199 -0.093576831655309556
-1.559613860921826 -0.096150043837192528

-1.559613860921826 -0.096150043837192528
-1.5601986184734398 -0.096696059377153212

-1.5601986184734398 -0.096696059377153212
-1.5627330886436697 -0.098960314653923506

-1.5627330886436697 -0.098960314653923506
-1.5636640224074967 -0.099815287098996869

-1.5636640224074967 -0.099815287098996869
-1.5658523163655134 -0.1017539836536101

-1.5658523163655134 -0.1017539836536101
-1.567174114936384 -0.10293451482084051

-1.567174114936384 -0.10293451482084051
-1.5689715440873568 -0.10450740384253683

-1.5689715440873568 -0.10450740384253683
-1.5707801504435506 -0.10605374254268417

-1.5707801504435506 -0.10605374254268417
-1.5720907718092005 -0.10718368256290088

-1.5720907718092005 -0.10718368256290088
-1.574596344637563 -0.10917297026452782

-1.574596344637563 -0.10917297026452782
-1.5752099995310442 -0.10969038301430399

-1.5752099995310442 -0.10969038301430399
-1.5783292272528879 -0.11196546541434077

-1.5783292272528879 -0.11196546541434077
-1.5787368511911894 -0.11229219798637147

-1.5787368511911894 -0.11229219798637147
-1.5814484549747316 -0.11422563357343314

-1.5814484549747316 -0.11422563357343314
-1.5831560802157429 -0.11541142570821512

-1.5831560802157429 -0.11541142570821512
-1.5845676826965751 -0.11640034204340154

-1.5845676826965751 -0.11640034204340154
-1.5876869104184188 -0.11822693698521049

-1.5876869104184188 -0.11822693698521049
-1.5881868907451839 -0.11853065343005878

-1.5881868907451839 -0.11853065343005878
-1.5908061381402625 -0.11996166764557795

-1.5908061381402625 -0.11996166764557795
-1.5939253658621062 -0.12144255083297796

-1.5939253658621062 -0.12144255083297796
-1.5943893880003126 -0.12164988115190242

-1.5943893880003126 -0.12164988115190242
-1.5970445935839499 -0.12273971371153143

-1.5970445935839499 -0.12273971371153143
-1.6001638213057934 -0.12378963513399759

-1.6001638213057934 -0.12378963513399759
-1.6032830490276371 -0.12458534768417868

-1.6032830490276371 -0.12458534768417868
-1.6043563456683319 -0.12476910887374608

-1.6043563456683319 -0.12476910887374608
-1.6064022767494808 -0.1251107855205596

-1.6064022767494808 -0.1251107855205596
-1.6095215044713245 -0.12535943295105914

-1.6095215044713245 -0.12535943295105914
-1.6126407321931682 -0.12535768571184161

-1.6126407321931682 -0.12535768571184161
-1.6157599599150116 -0.12509977061057934

-1.6157599599150116 -0.12509977061057934
-1.6177968027228198 -0.12476910887374608

-1.6177968027228198 -0.12476910887374608
-1.6188791876368553 -0.12458949777420383

-1.6188791876368553 -0.12458949777420383
-1.621998415358699 -0.12384080471127296

-1.621998415358699 -0.12384080471127296
-1.6251176430805427 -0.12282201448455581

-1.6251176430805427 -0.12282201448455581
-1.6279804333470818 -0.12164988115190242

-1.6279804333470818 -0.12164988115190242
-1.6282368708023864 -0.12153380390541216

-1.6282368708023864 -0.12153380390541216
-1.6313560985242299 -0.12002829398459025

-1.6313560985242299 -0.12002829398459025
-1.6340298193625051 -0.11853065343005878

-1.6340298193625051 -0.11853065343005878
-1.6344753262460736 -0.11825069243147691

-1.6344753262460736 -0.11825069243147691
-1.6375945539679173 -0.11638202014493726

-1.6375945539679173 -0.11638202014493726
-1.6389360242236592 -0.11541142570821512

-1.6389360242236592 -0.11541142570821512
-1.640713781689761 -0.11413994404337048

-1.640713781689761 -0.11413994404337048
-1.6431868718320313 -0.11229219798637147

-1.6431868718320313 -0.11229219798637147
-1.6438330094116045 -0.11176288611168426

-1.6438330094116045 -0.11176288611168426
-1.6469522371334482 -0.1093534008935261

-1.6469522371334482 -0.1093534008935261
-1.6471571962370564 -0.10917297026452782

-1.6471571962370564 -0.10917297026452782
-1.6500714648552919 -0.10677037180039317

-1.6500714648552919 -0.10677037180039317
-1.6508682842682392 -0.10605374254268417

-1.6508682842682392 -0.10605374254268417
-1.6531906925771356 -0.10402459279597728

-1.6531906925771356 -0.10402459279597728
-1.654381282257662 -0.10293451482084051

-1.654381282257662 -0.10293451482084051
-1.6563099202989793 -0.10117825027024857

-1.6563099202989793 -0.10117825027024857
-1.6577683125810025 -0.099815287098996869

-1.6577683125810025 -0.099815287098996869
-1.6594291480208228 -0.098255014394724297

-1.6594291480208228 -0.098255014394724297
-1.6610716786622106 -0.096696059377153212

-1.6610716786622106 -0.096696059377153212
-1.6625483757426665 -0.095287521409250911

-1.6625483757426665 -0.095287521409250911
-1.6643463501375546 -0.093576831655309556

-1.6643463501375546 -0.093576831655309556
-1.6656676034645101 -0.092313881751083765

-1.6656676034645101 -0.092313881751083765
-1.6676237495741844 -0.090457603933465913

-1.6676237495741844 -0.090457603933465913
-1.6687868311863538 -0.089344219630882349

-1.6687868311863538 -0.089344219630882349
-1.6709040483428739 -0.087338376211622257

-1.6709040483428739 -0.087338376211622257
-1.6719060589081975 -0.086377879665367072

-1.6719060589081975 -0.086377879665367072
-1.6742027958349093 -0.0842191484897786

-1.6742027958349093 -0.0842191484897786
-1.675025286630041 -0.083435096962323624

-1.675025286630041 -0.083435096962323624
-1.6775622197399218 -0.081099920767934958

-1.6775622197399218 -0.081099920767934958
-1.6781445143518847 -0.080551256273110036

-1.6781445143518847 -0.080551256273110036
-1.6810191808746158 -0.077980693046091301

-1.6810191808746158 -0.077980693046091301
-1.6812637420737284 -0.077752545277167837

-1.6812637420737284 -0.077752545277167837
-1.6843829697955721 -0.075032528535072113

-1.6843829697955721 -0.075032528535072113
-1.6845682179611194 -0.074861465324247645

-1.6845682179611194 -0.074861465324247645
-1.6875021975174158 -0.072327511121497781

-1.6875021975174158 -0.072327511121497781
-1.6881497359522233 -0.071742237602403988

-1.6881497359522233 -0.071742237602403988
-1.6906214252392593 -0.069629619357568229

-1.6906214252392593 -0.069629619357568229
-1.6917711442616081 -0.068623009880560346

-1.6917711442616081 -0.068623009880560346
-1.693740652961103 -0.06695315175464106

-1.693740652961103 -0.06695315175464106
-1.6954639354992047 -0.065503782158716689

-1.6954639354992047 -0.065503782158716689
-1.6968598806829467 -0.064323959619797227

-1.6968598806829467 -0.064323959619797227
-1.6993062101309699 -0.062384554436873046

-1.6993062101309699 -0.062384554436873046
-1.6999791084047904 -0.061818190183379168

-1.6999791084047904 -0.061818190183379168
-1.7030983361266341 -0.059502774043356327

-1.7030983361266341 -0.059502774043356327
-1.7033866460686995 -0.05926532671502939

-1.7033866460686995 -0.05926532671502939
-1.7062175638484776 -0.05717660814851809

-1.7062175638484776 -0.05717660814851809
-1.7075550619684812 -0.05614609899318574

-1.7075550619684812 -0.05614609899318574
-1.7093367915703213 -0.05480858340143055

-1.7093367915703213 -0.05480858340143055
-1.7118703999245277 -0.053026871271342091

-1.7118703999245277 -0.053026871271342091
-1.712456019292165 -0.052578405374288831

-1.712456019292165 -0.052578405374288831
-1.7155752470140087 -0.050537517257259829

-1.7155752470140087 -0.050537517257259829
-1.7164408006200043 -0.049907643549498434

-1.7164408006200043 -0.049907643549498434
-1.7186944747358524 -0.048386038828532728

-1.7186944747358524 -0.048386038828532728
-1.7211594116517932 -0.046788415827654785

-1.7211594116517932 -0.046788415827654785
-1.7218137024576958 -0.046326465021826066

-1.7218137024576958 -0.046326465021826066
-1.7249329301795395 -0.044461088196260663

-1.7249329301795395 -0.044461088196260663
-1.7261572581996352 -0.043669188105811135

-1.7261572581996352 -0.043669188105811135
-1.7280521579013832 -0.042487402744248413

-1.7280521579013832 -0.042487402744248413
-1.7311713856232269 -0.040689648603531241

-1.7311713856232269 -0.040689648603531241
-1.7313867884514569 -0.040549960383967479

-1.7313867884514569 -0.040549960383967479
-1.7342906133450704 -0.038898189683366828

-1.7342906133450704 -0.038898189683366828
-1.7369545854795714 -0.037430732662123829

-1.7369545854795714 -0.037430732662123829
-1.7374098410669141 -0.037153744045430634

-1.7374098410669141 -0.037153744045430634
-1.7405290687887578 -0.035539132970701964

-1.7405290687887578 -0.035539132970701964
-1.7429150785010352 -0.034311504940280173

-1.7429150785010352 -0.034311504940280173
-1.7436482965106015 -0.033907560216276916

-1.7436482965106015 -0.033907560216276916
-1.7467675242324452 -0.032409485149241857

-1.7467675242324452 -0.032409485149241857
-1.7493364510716092 -0.03119227721843652

-1.7493364510716092 -0.03119227721843652
-1.7498867519542887 -0.030910520823167795

-1.7498867519542887 -0.030910520823167795
-1.7530059796761324 -0.029516556666791847

-1.7530059796761324 -0.029516556666791847
-1.7561252073979761 -0.028165373420585203

-1.7561252073979761 -0.028165373420585203
-1.7563248773710427 -0.028073049496592867

-1.7563248773710427 -0.028073049496592867
-1.7592444351198198 -0.026849358008222735

-1.7592444351198198 -0.026849358008222735
-1.7623636628416635 -0.025611039495081433

-1.7623636628416635 -0.025611039495081433
-1.764028183877856 -0.024953821774749217

-1.764028183877856 -0.024953821774749217
-1.7654828905635069 -0.024376656003779661

-1.7654828905635069 -0.024376656003779661
-1.7686021182853506 -0.023232001480225511

-1.7686021182853506 -0.023232001480225511
-1.7717213460071943 -0.022135013962033444

-1.7717213460071943 -0.022135013962033444
-1.7725624704050751 -0.021834594052905564

-1.7725624704050751 -0.021834594052905564
-1.774840573729038 -0.021054521527698065

-1.774840573729038 -0.021054521527698065
-1.7779598014508817 -0.020041092933629177

-1.7779598014508817 -0.020041092933629177
-1.7810790291727252 -0.019077948162263537

-1.7810790291727252 -0.019077948162263537
-1.7822619625816125 -0.018715366331061911

-1.7822619625816125 -0.018715366331061911
-1.7841982568945689 -0.018133751331272627

-1.7841982568945689 -0.018133751331272627
-1.7873174846164126 -0.01725781061800534

-1.7873174846164126 -0.01725781061800534
-1.7904367123382563 -0.016421998037979932

-1.7904367123382563 -0.016421998037979932
-1.7935559400601 -0.015635109656310528

-1.7935559400601 -0.015635109656310528
-1.7937106309407005 -0.015596138609218262

-1.7937106309407005 -0.015596138609218262
-1.7966751677819435 -0.01489071316731974

-1.7966751677819435 -0.01489071316731974
-1.7997943955037872 -0.014196020801461085

-1.7997943955037872 -0.014196020801461085
-1.8029136232256309 -0.0135486873642522

-1.8029136232256309 -0.0135486873642522
-1.8060328509474746 -0.012949680991261155

-1.8060328509474746 -0.012949680991261155
-1.8086979145921065 -0.012476910887374609

-1.8086979145921065 -0.012476910887374609
-1.8091520786693183 -0.012393884423724164

-1.8091520786693183 -0.012393884423724164
-1.8122713063911617 -0.011890894963980188

-1.8122713063911617 -0.011890894963980188
-1.8153905341130054 -0.011432406086626459

-1.8153905341130054 -0.011432406086626459
-1.8185097618348491 -0.011017792500309896

-1.8185097618348491 -0.011017792500309896
-1.8216289895566928 -0.010645304958312535

-1.8216289895566928 -0.010645304958312535
-1.8247482172785363 -0.010314843154515238

-1.8247482172785363 -0.010314843154515238
-1.82786744500038 -0.010026419429703495

-1.82786744500038 -0.010026419429703495
-1.8309866727222237 -0.0097777590437701234

-1.8309866727222237 -0.0097777590437701234
-1.8341059004440674 -0.0095662306318134646

-1.8341059004440674 -0.0095662306318134646
-1.8372251281659111 -0.0093910669887870002

-1.8372251281659111 -0.0093910669887870002
-1.8379703966555898 -0.0093576831655309573

-1.8379703966555898 -0.0093576831655309573
-1.8403443558877546 -0.0092521208492532571

-1.8403443558877546 -0.0092521208492532571
-1.8434635836095983 -0.0091515654230987856

-1.8434635836095983 -0.0091515654230987856
-1.846582811331442 -0.0090894855691205298

-1.846582811331442 -0.0090894855691205298
-1.8497020390532857 -0.0090660461569117036

-1.8497020390532857 -0.0090660461569117036
-1.8528212667751294 -0.0090818819317092479

-1.8528212667751294 -0.0090818819317092479
-1.8559404944969728 -0.0091390307213828209

-1.8559404944969728 -0.0091390307213828209
-1.8590597222188165 -0.0092397281078461131

-1.8590597222188165 -0.0092397281078461131
-1.8615781943363157 -0.0093576831655309573

-1.8615781943363157 -0.0093576831655309573
-1.8621789499406602 -0.0093860770919370409

-1.8621789499406602 -0.0093860770919370409
-1.8652981776625039 -0.0095768394051183713

-1.8652981776625039 -0.0095768394051183713
-1.8684174053843476 -0.0098121992296949893

-1.8684174053843476 -0.0098121992296949893
-1.8715366331061911 -0.010092905073144157

-1.8715366331061911 -0.010092905073144157
-1.8746558608280348 -0.010419823556189367

-1.8746558608280348 -0.010419823556189367
-1.8777750885498785 -0.01079320774375272

-1.8777750885498785 -0.01079320774375272
-1.8808943162717222 -0.011211490495768143

-1.8808943162717222 -0.011211490495768143
-1.8840135439935659 -0.011672103647123538

-1.8840135439935659 -0.011672103647123538
-1.8871327717154094 -0.012170835758515856

-1.8871327717154094 -0.012170835758515856
-1.8888868091599686 -0.012476910887374609

-1.8888868091599686 -0.012476910887374609
-1.8902519994372531 -0.012716810751929169

-1.8902519994372531 -0.012716810751929169
-1.8933712271590968 -0.013290663182158774

-1.8933712271590968 -0.013290663182158774
-1.8964904548809405 -0.013902552529649968

-1.8964904548809405 -0.013902552529649968
-1.8996096826027842 -0.014547533357345117

-1.8996096826027842 -0.014547533357345117
-1.9027289103246277 -0.015221540636552408

-1.9027289103246277 -0.015221540636552408
-1.9043496310657495 -0.015596138609218262

-1.9043496310657495 -0.015596138609218262
-1.9058481380464714 -0.015943738736696311

-1.9058481380464714 -0.015943738736696311
-1.908967365768315 -0.016682383669405908

-1.908967365768315 -0.016682383669405908
-1.9120865934901587 -0.017459086908972309

-1.9120865934901587 -0.017459086908972309
-1.9152058212120022 -0.018265852122339957

-1.9152058212120022 -0.018265852122339957
-1.9168250465539354 -0.018715366331061911

-1.9168250465539354 -0.018715366331061911
-1.9183250489338459 -0.019133579127579355

-1.9183250489338459 -0.019133579127579355
-1.9214442766556896 -0.02001871145794603

-1.9214442766556896 -0.02001871145794603
-1.9245635043775333 -0.020951706316704927

-1.9245635043775333 -0.020951706316704927
-1.9273764263373137 -0.021834594052905564

-1.9273764263373137 -0.021834594052905564
-1.927682732099377 -0.021937417012013287

-1.927682732099377 -0.021937417012013287
-1.9308019598212205 -0.022955814321168964

-1.9308019598212205 -0.022955814321168964
-1.9339211875430642 -0.024024110798528744

-1.9339211875430642 -0.024024110798528744
-1.9365093243827813 -0.024953821774749217

-1.9365093243827813 -0.024953821774749217
-1.9370404152649079 -0.025157042673854445

-1.9370404152649079 -0.025157042673854445
-1.9401596429867516 -0.026309357735378746

-1.9401596429867516 -0.026309357735378746
-1.9432788707085953 -0.027502592344566736

-1.9432788707085953 -0.027502592344566736
-1.944653657722913 -0.028073049496592867

-1.944653657722913 -0.028073049496592867
-1.9463980984304388 -0.028789394643993754

-1.9463980984304388 -0.028789394643993754
-1.9495173261522825 -0.030070684824200094

-1.9495173261522825 -0.030070684824200094
-1.9521209208634629 -0.03119227721843652

-1.9521209208634629 -0.03119227721843652
-1.9526365538741262 -0.031432096018139427

-1.9526365538741262 -0.031432096018139427
-1.9557557815959699 -0.032791706232364395

-1.9557557815959699 -0.032791706232364395
-1.9588750093178136 -0.034193363574714905

-1.9588750093178136 -0.034193363574714905
-1.9591038512613836 -0.034311504940280173

-1.9591038512613836 -0.034311504940280173
-1.961994237039657 -0.03565784854444267

-1.961994237039657 -0.03565784854444267
-1.9651134647615007 -0.03712383747985732

-1.9651134647615007 -0.03712383747985732
-1.9656895887758179 -0.037430732662123829

-1.9656895887758179 -0.037430732662123829
-1.9682326924833444 -0.038682407739035793

-1.9682326924833444 -0.038682407739035793
-1.9713519202051881 -0.04021624271687909

-1.9713519202051881 -0.04021624271687909
-1.971945987712147 -0.040549960383967479

-1.971945987712147 -0.040549960383967479
-1.9744711479270318 -0.041857506569672728

-1.9744711479270318 -0.041857506569672728
-1.9775903756488753 -0.043486576212357776

-1.9775903756488753 -0.043486576212357776
-1.9778886793003276 -0.043669188105811135

-1.9778886793003276 -0.043669188105811135
-1.980709603370719 -0.045210484116773961

-1.980709603370719 -0.045210484116773961
-1.9835130745562988 -0.046788415827654785

-1.9835130745562988 -0.046788415827654785
-1.9838288310925627 -0.04698887555967142

-1.9838288310925627 -0.04698887555967142
-1.9869480588144064 -0.048748360074501451

-1.9869480588144064 -0.048748360074501451
-1.9888423156316037 -0.049907643549498434

-1.9888423156316037 -0.049907643549498434
-1.9900672865362501 -0.050684839702463604

-1.9900672865362501 -0.050684839702463604
-1.9931865142580936 -0.05252124608864174

-1.9931865142580936 -0.05252124608864174
-1.9939170954843433 -0.053026871271342091

-1.9939170954843433 -0.053026871271342091
-1.9963057419799373 -0.054552923573649374

-1.9963057419799373 -0.054552923573649374
-1.9987295680330059 -0.05614609899318574

-1.9987295680330059 -0.05614609899318574
-1.999424969701781 -0.056646774482620788

-1.999424969701781 -0.056646774482620788
-2.0025441974236249 -0.058638050413539422

-2.0025441974236249 -0.058638050413539422
-2.003389860428161 -0.05926532671502939

-2.003389860428161 -0.05926532671502939
-2.0056634251454684 -0.060841619065406145

-2.0056634251454684 -0.060841619065406145
-2.007824549097597 -0.062384554436873046

-2.007824549097597 -0.062384554436873046
-2.0087826528673123 -0.063113507729261678

-2.0087826528673123 -0.063113507729261678
-2.0119018805891558 -0.065257080788365812

-2.0119018805891558 -0.065257080788365812
-2.0122123614681344 -0.065503782158716689

-2.0122123614681344 -0.065503782158716689
-2.0150211083109992 -0.067514917852971285

-2.0150211083109992 -0.067514917852971285
-2.0164495281010919 -0.068623009880560346

-2.0164495281010919 -0.068623009880560346
-2.0181403360328432 -0.069922004032414289

-2.0181403360328432 -0.069922004032414289
-2.0205725221689765 -0.071742237602403988

-2.0205725221689765 -0.071742237602403988
-2.0212595637546866 -0.072298671937642903

-2.0212595637546866 -0.072298671937642903
-2.0243787914765305 -0.074552943697151972

-2.0243787914765305 -0.074552943697151972
-2.0247538065350712 -0.074861465324247645

-2.0247538065350712 -0.074861465324247645
-2.027498019198374 -0.076918227001315634

-2.027498019198374 -0.076918227001315634
-2.0288121122394713 -0.077980693046091301

-2.0288121122394713 -0.077980693046091301
-2.0306172469202175 -0.079414116735845711

-2.0306172469202175 -0.079414116735845711
-2.0327534561443312 -0.081099920767934958

-2.0327534561443312 -0.081099920767934958
-2.0337364746420614 -0.081915153615098504

-2.0337364746420614 -0.081915153615098504
-2.0367510162480773 -0.0842191484897786

-2.0367510162480773 -0.0842191484897786
-2.0368557023639049 -0.084307934729071957

-2.0368557023639049 -0.084307934729071957
-2.0399749300857488 -0.086682811514592908

-2.0399749300857488 -0.086682811514592908
-2.0407513940003636 -0.087338376211622257

-2.0407513940003636 -0.087338376211622257
-2.0430941578075923 -0.089206168334520455

-2.0430941578075923 -0.089206168334520455
-2.0445928778059645 -0.090457603933465913

-2.0445928778059645 -0.090457603933465913
-2.0462133855294358 -0.091807438202894262

-2.0462133855294358 -0.091807438202894262
-2.0483872592224008 -0.093576831655309556

-2.0483872592224008 -0.093576831655309556
-2.0493326132512797 -0.094381696007080476

-2.0493326132512797 -0.094381696007080476
-2.0522744046340291 -0.096696059377153212

-2.0522744046340291 -0.096696059377153212
-2.0524518409731232 -0.096849224768812095

-2.0524518409731232 -0.096849224768812095
-2.0555710686949671 -0.099277958548858458

-2.0555710686949671 -0.099277958548858458
-2.0561954669578926 -0.099815287098996869

-2.0561954669578926 -0.099815287098996869
-2.0586902964168106 -0.10182081901446718

-2.0586902964168106 -0.10182081901446718
-2.0600138281013272 -0.10293451482084051

-2.0600138281013272 -0.10293451482084051
-2.061809524138654 -0.10441693207252103

-2.061809524138654 -0.10441693207252103
-2.0638358156979608 -0.10605374254268417

-2.0638358156979608 -0.10605374254268417
-2.064928751860498 -0.10696652874138005

-2.064928751860498 -0.10696652874138005
-2.0678176922491462 -0.10917297026452782

-2.0678176922491462 -0.10917297026452782
-2.0680479795823414 -0.10936633550450382

-2.0680479795823414 -0.10936633550450382
-2.0711672073041854 -0.11167144409230556

-2.0711672073041854 -0.11167144409230556
-2.0719324448302046 -0.11229219798637147

-2.0719324448302046 -0.11229219798637147
-2.0742864350260288 -0.11406040760480671

-2.0742864350260288 -0.11406040760480671
-2.0760894284968403 -0.11541142570821512

-2.0760894284968403 -0.11541142570821512
-2.0774056627478723 -0.11641750920507776

-2.0774056627478723 -0.11641750920507776
-2.0805219785242568 -0.11853065343005878

-2.0805219785242568 -0.11853065343005878
-2.0805248904697162 -0.11853288978968053

-2.0805248904697162 -0.11853288978968053
-2.0836441181915597 -0.12056849500930737

-2.0836441181915597 -0.12056849500930737
-2.0852728243193117 -0.12164988115190242

-2.0852728243193117 -0.12164988115190242
-2.0867633459134036 -0.12264330893032714

-2.0867633459134036 -0.12264330893032714
-2.0898825736352471 -0.12446634949943

-2.0898825736352471 -0.12446634949943
-2.0903555292750182 -0.12476910887374608

-2.0903555292750182 -0.12476910887374608
-2.0930018013570906 -0.12628671458897892

-2.0930018013570906 -0.12628671458897892
-2.0960110584325675 -0.12788833659558974

-2.0960110584325675 -0.12788833659558974
-2.0961210290789345 -0.12795460736552336

-2.0961210290789345 -0.12795460736552336
-2.099240256800778 -0.12949000562278726

-2.099240256800778 -0.12949000562278726
-2.1023594845226219 -0.13091654204703906

-2.1023594845226219 -0.13091654204703906
-2.1025530063104649 -0.13100756431743338

-2.1025530063104649 -0.13100756431743338
-2.1054787122444654 -0.13224959273158732

-2.1054787122444654 -0.13224959273158732
-2.1085979399663088 -0.13344808673675718

-2.1085979399663088 -0.13344808673675718
-2.110523160788496 -0.13412679203927705

-2.110523160788496 -0.13412679203927705
-2.1117171676881528 -0.13455424976528604

-2.1117171676881528 -0.13455424976528604
-2.1148363954099962 -0.13549898397869747

-2.1148363954099962 -0.13549898397869747
-2.1179556231318402 -0.13633783689909834

-2.1179556231318402 -0.13633783689909834
-2.1210748508536836 -0.13705246729955906

-2.1210748508536836 -0.13705246729955906
-2.1220543631987954 -0.13724601976112069

-2.1220543631987954 -0.13724601976112069
-2.1241940785755271 -0.13765918988801257

-2.1241940785755271 -0.13765918988801257
-2.127313306297371 -0.13814228918721025

-2.127313306297371 -0.13814228918721025
-2.1304325340192145 -0.13851458866928462

-2.1304325340192145 -0.13851458866928462
-2.133551761741058 -0.13877032951769239

-2.133551761741058 -0.13877032951769239
-2.1366709894629019 -0.13890977036754792

-2.1366709894629019 -0.13890977036754792
-2.1397902171847454 -0.13893763672597845

-2.1397902171847454 -0.13893763672597845
-2.1429094449065893 -0.13885931336673912

-2.1429094449065893 -0.13885931336673912
-2.1460286726284328 -0.1386771030281464

-2.1460286726284328 -0.1386771030281464
-2.1491479003502763 -0.13838918477372045

-2.1491479003502763 -0.13838918477372045
-2.1522671280721202 -0.13799443581700463

-2.1522671280721202 -0.13799443581700463
-2.1553863557939636 -0.13749593563692597

-2.1553863557939636 -0.13749593563692597
-2.1566524935669644 -0.13724601976112069

-2.1566524935669644 -0.13724601976112069
-2.1585055835158076 -0.13688214075167127

-2.1585055835158076 -0.13688214075167127
-2.161624811237651 -0.13618351684639574

-2.161624811237651 -0.13618351684639574
-2.1647440389594945 -0.13538938906582912

-2.1647440389594945 -0.13538938906582912
-2.1678632666813384 -0.13451422937975155

-2.1678632666813384 -0.13451422937975155
-2.1690670474503708 -0.13412679203927705

-2.1690670474503708 -0.13412679203927705
-2.1709824944031819 -0.1335191875668193

-2.1709824944031819 -0.1335191875668193
-2.1741017221250258 -0.13246335752885444

-2.1741017221250258 -0.13246335752885444
-2.1772209498468693 -0.13133340906814614

-2.1772209498468693 -0.13133340906814614
-2.1780077551176911 -0.13100756431743338

-2.1780077551176911 -0.13100756431743338
-2.1803401775687128 -0.13008614201018692

-2.1803401775687128 -0.13008614201018692
-2.1834594052905567 -0.12881048520618302

-2.1834594052905567 -0.12881048520618302
-2.1855625947436663 -0.12788833659558974

-2.1855625947436663 -0.12788833659558974
-2.1865786330124002 -0.12742414977469135

-2.1865786330124002 -0.12742414977469135
-2.1896978607342441 -0.12603824204997974

-2.1896978607342441 -0.12603824204997974
-2.1923747802555105 -0.12476910887374608

-2.1923747802555105 -0.12476910887374608
-2.1928170884560876 -0.12453936417193315

-2.1928170884560876 -0.12453936417193315
-2.1959363161779311 -0.12302483324086448

-2.1959363161779311 -0.12302483324086448
-2.1986240361780358 -0.12164988115190242

-2.1986240361780358 -0.12164988115190242
-2.199055543899775 -0.12140619625483179

-2.199055543899775 -0.12140619625483179
-2.2021747716216185 -0.11980281754007492

-2.2021747716216185 -0.11980281754007492
-2.2045239189159793 -0.11853065343005878

-2.2045239189159793 -0.11853065343005878
-2.2052939993434624 -0.11808242995387019

-2.2052939993434624 -0.11808242995387019
-2.2084132270653059 -0.11643104739363747

-2.2084132270653059 -0.11643104739363747
-2.2101722293647588 -0.11541142570821512

-2.2101722293647588 -0.11541142570821512
-2.2115324547871493 -0.11460658847423442

-2.2115324547871493 -0.11460658847423442
-2.2146516825089932 -0.11288702865756903

-2.2146516825089932 -0.11288702865756903
-2.2155918924395066 -0.11229219798637147

-2.2155918924395066 -0.11229219798637147
-2.2177709102308367 -0.11099338507642428

-2.2177709102308367 -0.11099338507642428
-2.2208562809417818 -0.10917297026452782

-2.2208562809417818 -0.10917297026452782
-2.2208901379526806 -0.10914989593375099

-2.2208901379526806 -0.10914989593375099
-2.2240093656745241 -0.10729685248951164

-2.2240093656745241 -0.10729685248951164
-2.2260011005912013 -0.10605374254268417

-2.2260011005912013 -0.10605374254268417
-2.2271285933963676 -0.10531739352655764

-2.2271285933963676 -0.10531739352655764
-2.2302478211182115 -0.10348049715531392

-2.2302478211182115 -0.10348049715531392
-2.2310517055158208 -0.10293451482084051

-2.2310517055158208 -0.10293451482084051
-2.233367048840055 -0.10147719657363152

-2.233367048840055 -0.10147719657363152
-2.2360352945402906 -0.099815287098996869

-2.2360352945402906 -0.099815287098996869
-2.2364862765618989 -0.099502391777366805

-2.2364862765618989 -0.099502391777366805
-2.2396055042837424 -0.0976362773999504

-2.2396055042837424 -0.0976362773999504
-2.2410456499480009 -0.096696059377153212

-2.2410456499480009 -0.096696059377153212
-2.2427247320055859 -0.095613404878876068

-2.2427247320055859 -0.095613404878876068
-2.2458439597274298 -0.093732116673155619

-2.2458439597274298 -0.093732116673155619
-2.2460669946659277 -0.093576831655309556

-2.2460669946659277 -0.093576831655309556
-2.2489631874492733 -0.091804116915268075

-2.2489631874492733 -0.091804116915268075
-2.2511373163247517 -0.090457603933465913

-2.2511373163247517 -0.090457603933465913
-2.2520824151711172 -0.089835281934811842

-2.2520824151711172 -0.089835281934811842
-2.2552016428929607 -0.08804060773953086

-2.2552016428929607 -0.08804060773953086
-2.2562972779302752 -0.087338376211622257

-2.2562972779302752 -0.087338376211622257
-2.2583208706148041 -0.086100939777877597

-2.2583208706148041 -0.086100939777877597
-2.2614400983366481 -0.084269403853439048

-2.2614400983366481 -0.084269403853439048
-2.2615143214392899 -0.0842191484897786

-2.2615143214392899 -0.0842191484897786
-2.2645593260584915 -0.08242834470034513

-2.2645593260584915 -0.08242834470034513
-2.2667885252996571 -0.081099920767934958

-2.2667885252996571 -0.081099920767934958
-2.2676785537803354 -0.080533634495808137

-2.2676785537803354 -0.080533634495808137
-2.2707977815021789 -0.078791167518936042

-2.2707977815021789 -0.078791167518936042
-2.2721238671652038 -0.077980693046091301

-2.2721238671652038 -0.077980693046091301
-2.2739170092240224 -0.076909594967159073

-2.2739170092240224 -0.076909594967159073
-2.2770362369458663 -0.075162199309893138

-2.2770362369458663 -0.075162199309893138
-2.2775052294478502 -0.074861465324247645

-2.2775052294478502 -0.074861465324247645
-2.2801554646677098 -0.073332319853565045

-2.2801554646677098 -0.073332319853565045
-2.2829426678452509 -0.071742237602403988

-2.2829426678452509 -0.071742237602403988
-2.2832746923895537 -0.071529599361625493

-2.2832746923895537 -0.071529599361625493
-2.2863939201113972 -0.069809545648432891

-2.2863939201113972 -0.069809545648432891
-2.2884805743859209 -0.068623009880560346

-2.2884805743859209 -0.068623009880560346
-2.2895131478332407 -0.068006570099939989

-2.2895131478332407 -0.068006570099939989
-2.2926323755550846 -0.066348060807736614

-2.2926323755550846 -0.066348060807736614
-2.2941161029553503 -0.065503782158716689

-2.2941161029553503 -0.065503782158716689
-2.2957516032769281 -0.064580397273323667

-2.2957516032769281 -0.064580397273323667
-2.298870830998772 -0.062959424980614853

-2.298870830998772 -0.062959424980614853
-2.2998853719966141 -0.062384554436873046

-2.2998853719966141 -0.062384554436873046
-2.3019900587206155 -0.061249502185654253

-2.3019900587206155 -0.061249502185654253
-2.3051092864424589 -0.059663310318887094

-2.3051092864424589 -0.059663310318887094
-2.3058219325351712 -0.05926532671502939

-2.3058219325351712 -0.05926532671502939
-2.3082285141643029 -0.058017388255531828

-2.3082285141643029 -0.058017388255531828
-2.3113477418861463 -0.056473113147715581

-2.3113477418861463 -0.056473113147715581
-2.3119513936556109 -0.05614609899318574

-2.3119513936556109 -0.05614609899318574
-2.3144669696079898 -0.054889120198829862

-2.3144669696079898 -0.054889120198829862
-2.3175861973298337 -0.053396568270336044

-2.3175861973298337 -0.053396568270336044
-2.3182993157760081 -0.053026871271342091

-2.3182993157760081 -0.053026871271342091
-2.3207054250516772 -0.051862545410580108

-2.3207054250516772 -0.051862545410580108
-2.3238246527735211 -0.050420206257780251

-2.3238246527735211 -0.050420206257780251
-2.3248677866974847 -0.049907643549498434

-2.3248677866974847 -0.049907643549498434
-2.3269438804953646 -0.048928281559404999

-2.3269438804953646 -0.048928281559404999
-2.3300631082172081 -0.047530415900785272

-2.3300631082172081 -0.047530415900785272
-2.3316613289345938 -0.046788415827654785

-2.3316613289345938 -0.046788415827654785
-2.333182335939052 -0.04608086712481288

-2.333182335939052 -0.04608086712481288
-2.3363015636608955 -0.044720853715030477

-2.3363015636608955 -0.044720853715030477
-2.3386857753828161 -0.043669188105811135

-2.3386857753828161 -0.043669188105811135
-2.3394207913827394 -0.043325171807839999

-2.3394207913827394 -0.043325171807839999
-2.3425400191045829 -0.04200170810487279

-2.3425400191045829 -0.04200170810487279
-2.3456592468264263 -0.040693382222617931

-2.3456592468264263 -0.040693382222617931
-2.3459750835264357 -0.040549960383967479

-2.3459750835264357 -0.040549960383967479
-2.3487784745482703 -0.039383772694642522

-2.3487784745482703 -0.039383772694642522
-2.3518977022701137 -0.038129218632614495

-2.3518977022701137 -0.038129218632614495
-2.3536158888499288 -0.037430732662123829

-2.3536158888499288 -0.037430732662123829
-2.3550169299919577 -0.036855871873193523

-2.3550169299919577 -0.036855871873193523
-2.3581361577138011 -0.035657507753843284

-2.3581361577138011 -0.035657507753843284
-2.3612553854356446 -0.034485142529652096

-2.3612553854356446 -0.034485142529652096
-2.3616938095295663 -0.034311504940280173

-2.3616938095295663 -0.034311504940280173
-2.3643746131574885 -0.033321662331159407

-2.3643746131574885 -0.033321662331159407
-2.367493840879332 -0.032208029889144535

-2.367493840879332 -0.032208029889144535
-2.3704206879309688 -0.03119227721843652

-2.3704206879309688 -0.03119227721843652
-2.3706130686011759 -0.031120116315178796

-2.3706130686011759 -0.031120116315178796
-2.3737322963230194 -0.030075404737031144

-2.3737322963230194 -0.030075404737031144
-2.3768515240448629 -0.029057919732981927

-2.3768515240448629 -0.029057919732981927
-2.3799707517667068 -0.02807333539062223

-2.3799707517667068 -0.02807333539062223
-2.379971614440934 -0.028073049496592867

-2.379971614440934 -0.028073049496592867
-2.3830899794885503 -0.027119785515050572

-2.3830899794885503 -0.027119785515050572
-2.3862092072103942 -0.026194777516468475

-2.3862092072103942 -0.026194777516468475
-2.3893284349322377 -0.025305105023872371

-2.3893284349322377 -0.025305105023872371
-2.3905456429029361 -0.024953821774749217

-2.3905456429029361 -0.024953821774749217
-2.3924476626540812 -0.024413921987314496

-2.3924476626540812 -0.024413921987314496
-2.3955668903759251 -0.023564057614322533

-2.3955668903759251 -0.023564057614322533
-2.3986861180977685 -0.022729691220827863

-2.3986861180977685 -0.022729691220827863
-2.4018053458196125 -0.021922216911121683

-2.4018053458196125 -0.021922216911121683
-2.4021339048621542 -0.021834594052905564

-2.4021339048621542 -0.021834594052905564
-2.4049245735414559 -0.021128210173666062

-2.4049245735414559 -0.021128210173666062
-2.4080438012632994 -0.020362863532140802

-2.4080438012632994 -0.020362863532140802
-2.4111630289851433 -0.019622125493666608

-2.4111630289851433 -0.019622125493666608
-2.4142822567069868 -0.018914318237250028

-2.4142822567069868 -0.018914318237250028
-2.4151630732130589 -0.018715366331061911

-2.4151630732130589 -0.018715366331061911
-2.4174014844288307 -0.018222507178549559

-2.4174014844288307 -0.018222507178549559
-2.4205207121506742 -0.017572618659021603

-2.4205207121506742 -0.017572618659021603
-2.4236399398725177 -0.01695483249512476

-2.4236399398725177 -0.01695483249512476
-2.4267591675943616 -0.016370747393103333

-2.4267591675943616 -0.016370747393103333
-2.4298783953162051 -0.015824358057504359

-2.4298783953162051 -0.015824358057504359
-2.4312409740542504 -0.015596138609218262

-2.4312409740542504 -0.015596138609218262
-2.432997623038049 -0.015303853975544447

-2.432997623038049 -0.015303853975544447
-2.4361168507598925 -0.014822389038888309

-2.4361168507598925 -0.014822389038888309
-2.439236078481736 -0.014369314709949954

-2.439236078481736 -0.014369314709949954
-2.4423553062035799 -0.013946819491734848

-2.4423553062035799 -0.013946819491734848
-2.4454745339254234 -0.01355380022585421

-2.4454745339254234 -0.01355380022585421
-2.4485937616472673 -0.013188049169232698

-2.4485937616472673 -0.013188049169232698
-2.4517129893691108 -0.012847043770787129

-2.4517129893691108 -0.012847043770787129
-2.4548322170909542 -0.012529647037841289

-2.4548322170909542 -0.012529647037841289
-2.4553778479963455 -0.012476910887374609

-2.4553778479963455 -0.012476910887374609
-2.4579514448127981 -0.012232229455687612

-2.4579514448127981 -0.012232229455687612
-2.4610706725346416 -0.011957768800513437

-2.4610706725346416 -0.011957768800513437
-2.4641899002564855 -0.011704316384637968

-2.4641899002564855 -0.011704316384637968
-2.467309127978329 -0.011471984279652186

-2.467309127978329 -0.011471984279652186
-2.4704283557001725 -0.011261763267292004

-2.4704283557001725 -0.011261763267292004
-2.4735475834220164 -0.011074818467590654

-2.4735475834220164 -0.011074818467590654
-2.4766668111438599 -0.0109129956211071

-2.4766668111438599 -0.0109129956211071
-2.4797860388657038 -0.010778187128082125

-2.4797860388657038 -0.010778187128082125
-2.4829052665875473 -0.010671519277736793

-2.4829052665875473 -0.010671519277736793
-2.4860244943093908 -0.010594133668191714

-2.4860244943093908 -0.010594133668191714
-2.4891437220312347 -0.010547686177124706

-2.4891437220312347 -0.010547686177124706
-2.4922629497530782 -0.010533997730135672

-2.4922629497530782 -0.010533997730135672
-2.4953821774749216 -0.010554529840218227

-2.4953821774749216 -0.010554529840218227
-2.4985014051967656 -0.010609897009060391

-2.4985014051967656 -0.010609897009060391
-2.501620632918609 -0.010699770027650759

-2.501620632918609 -0.010699770027650759
-2.504739860640453 -0.010823472087095019

-2.504739860640453 -0.010823472087095019
-2.5078590883622964 -0.010980671452571308

-2.5078590883622964 -0.010980671452571308
-2.5109783160841399 -0.011171341568221199

-2.5109783160841399 -0.011171341568221199
-2.5140975438059838 -0.011395087214908173

-2.5140975438059838 -0.011395087214908173
-2.5172167715278273 -0.011650766394682238

-2.5172167715278273 -0.011650766394682238
-2.5203359992496712 -0.011936849380054775

-2.5203359992496712 -0.011936849380054775
-2.5234552269715147 -0.012251345524726377

-2.5234552269715147 -0.012251345524726377
-2.5254972731007208 -0.012476910887374609

-2.5254972731007208 -0.012476910887374609
-2.5265744546933582 -0.01259706029815523

-2.5265744546933582 -0.01259706029815523
-2.5296936824152021 -0.012967666651568364

-2.5296936824152021 -0.012967666651568364
-2.5328129101370456 -0.01336871913840554

-2.5328129101370456 -0.01336871913840554
-2.5359321378588895 -0.013799162872300893

-2.5359321378588895 -0.013799162872300893
-2.539051365580733 -0.01425956682954907

-2.539051365580733 -0.01425956682954907
-2.5421705933025764 -0.014750858223961204

-2.5421705933025764 -0.014750858223961204
-2.5452898210244204 -0.015272193154190417

-2.5452898210244204 -0.015272193154190417
-2.5470867649143498 -0.015596138609218262

-2.5470867649143498 -0.015596138609218262
-2.5484090487462638 -0.015836503628401468

-2.5484090487462638 -0.015836503628401468
-2.5515282764681078 -0.016426538672643154

-2.5515282764681078 -0.016426538672643154
-2.5546475041899512 -0.017057936915956275

-2.5546475041899512 -0.017057936915956275
-2.5577667319117947 -0.017728713643959004

-2.5577667319117947 -0.017728713643959004
-2.5608859596336386 -0.018433777787345604

-2.5608859596336386 -0.018433777787345604
-2.562024468875975 -0.018715366331061911

-2.562024468875975 -0.018715366331061911
-2.5640051873554821 -0.019198037966669891

-2.5640051873554821 -0.019198037966669891
-2.567124415077326 -0.019990090755491619

-2.567124415077326 -0.019990090755491619
-2.5702436427991695 -0.020829867648827952

-2.5702436427991695 -0.020829867648827952
-2.573362870521013 -0.021707230013566222

-2.573362870521013 -0.021707230013566222
-2.5737673817948714 -0.021834594052905564

-2.5737673817948714 -0.021834594052905564
-2.5764820982428569 -0.022643650689174424

-2.5764820982428569 -0.022643650689174424
-2.5796013259647004 -0.023613849992177974

-2.5796013259647004 -0.023613849992177974
-2.5827205536865443 -0.02461606466596257

-2.5827205536865443 -0.02461606466596257
-2.5836750846670689 -0.024953821774749217

-2.5836750846670689 -0.024953821774749217
-2.5858397814083878 -0.025695702188454329

-2.5858397814083878 -0.025695702188454329
-2.5889590091302312 -0.026793313406588255

-2.5889590091302312 -0.026793313406588255
-2.5920782368520752 -0.0279297735433988

-2.5920782368520752 -0.0279297735433988
-2.5924257501390473 -0.028073049496592867

-2.5924257501390473 -0.028073049496592867
-2.5951974645739186 -0.029132973454286205

-2.5951974645739186 -0.029132973454286205
-2.5983166922957626 -0.030358963101047819

-2.5983166922957626 -0.030358963101047819
-2.6003158858353665 -0.03119227721843652

-2.6003158858353665 -0.03119227721843652
-2.601435920017606 -0.031674216277502068

-2.601435920017606 -0.031674216277502068
-2.6045551477394495 -0.032985312326351893

-2.6045551477394495 -0.032985312326351893
-2.6075521012584155 -0.034311504940280173

-2.6075521012584155 -0.034311504940280173
-2.6076743754612934 -0.034371885060978505

-2.6076743754612934 -0.034371885060978505
-2.6107936031831369 -0.035797550298969576

-2.6107936031831369 -0.035797550298969576
-2.6139128309049808 -0.037267388346334127

-2.6139128309049808 -0.037267388346334127
-2.6142108436659237 -0.037430732662123829

-2.6142108436659237 -0.037430732662123829
-2.6170320586268243 -0.038826011514302226

-2.6170320586268243 -0.038826011514302226
-2.6201512863486678 -0.04040650684793972

-2.6201512863486678 -0.04040650684793972
-2.6203919466328727 -0.040549960383967479

-2.6203919466328727 -0.040549960383967479
-2.6232705140705117 -0.042078085479187732

-2.6232705140705117 -0.042078085479187732
-2.6261667259021739 -0.043669188105811135

-2.6261667259021739 -0.043669188105811135
-2.6263897417923552 -0.04380832337008931

-2.6263897417923552 -0.04380832337008931
-2.6295089695141991 -0.045544012957864331

-2.6295089695141991 -0.045544012957864331
-2.6315976912122649 -0.046788415827654785

-2.6315976912122649 -0.046788415827654785
-2.6326281972360426 -0.047436674018293969

-2.6326281972360426 -0.047436674018293969
-2.6357474249578861 -0.049235165576809056

-2.6357474249578861 -0.049235165576809056
-2.6367521503887819 -0.049907643549498434

-2.6367521503887819 -0.049907643549498434
-2.63886665267973 -0.051247785963945428

-2.63886665267973 -0.051247785963945428
-2.6416630967178336 -0.053026871271342091

-2.6416630967178336 -0.053026871271342091
-2.6419858804015734 -0.053259105332705274

-2.6419858804015734 -0.053259105332705274
-2.6451051081234174 -0.055231488699043187

-2.6451051081234174 -0.055231488699043187
-2.6463846977581409 -0.05614609899318574

-2.6463846977581409 -0.05614609899318574
-2.6482243358452608 -0.057425751877585383

-2.6482243358452608 -0.057425751877585383
-2.650902332271158 -0.05926532671502939

-2.650902332271158 -0.05926532671502939
-2.6513435635671043 -0.059603298484243838

-2.6513435635671043 -0.059603298484243838
-2.6544627912889482 -0.061712791533941075

-2.6544627912889482 -0.061712791533941075
-2.6553270968679574 -0.062384554436873046

-2.6553270968679574 -0.062384554436873046
-2.6575820190107917 -0.064032454523561266

-2.6575820190107917 -0.064032454523561266
-2.6595135689174727 -0.065503782158716689

-2.6595135689174727 -0.065503782158716689
-2.6607012467326356 -0.066444384209319848

-2.6607012467326356 -0.066444384209319848
-2.6636280756475945 -0.068623009880560346

-2.6636280756475945 -0.068623009880560346
-2.6638204744544791 -0.068783049476941679

-2.6638204744544791 -0.068783049476941679
-2.6669397021763226 -0.071111483159415262

-2.6669397021763226 -0.071111483159415262
-2.6676907396118912 -0.071742237602403988

-2.6676907396118912 -0.071742237602403988
-2.6700589298981665 -0.073620367165142142

-2.6700589298981665 -0.073620367165142142
-2.6715360554389038 -0.074861465324247645

-2.6715360554389038 -0.074861465324247645
-2.67317815762001 -0.076240654332387844

-2.67317815762001 -0.076240654332387844
-2.6752569269846611 -0.077980693046091301

-2.6752569269846611 -0.077980693046091301
-2.6762973853418535 -0.078886005626147587

-2.6762973853418535 -0.078886005626147587
-2.6789683193662501 -0.081099920767934958

-2.6789683193662501 -0.081099920767934958
-2.6794166130636974 -0.08149864062089604

-2.6794166130636974 -0.08149864062089604
-2.6825358407855409 -0.084074596330991055

-2.6825358407855409 -0.084074596330991055
-2.6826954087869885 -0.0842191484897786

-2.6826954087869885 -0.0842191484897786
-2.6856550685073848 -0.08672572625873233

-2.6856550685073848 -0.08672572625873233
-2.6863294933420336 -0.087338376211622257

-2.6863294933420336 -0.087338376211622257
-2.6887742962292283 -0.089465478405193477

-2.6887742962292283 -0.089465478405193477
-2.6898693669581126 -0.090457603933465913

-2.6898693669581126 -0.090457603933465913
-2.6918935239510717 -0.092250653333347046

-2.6918935239510717 -0.092250653333347046
-2.6933690430840587 -0.093576831655309556

-2.6933690430840587 -0.093576831655309556
-2.6950127516729157 -0.095047751558973631

-2.6950127516729157 -0.095047751558973631
-2.6968715360492697 -0.096696059377153212

-2.6968715360492697 -0.096696059377153212
-2.6981319793947591 -0.097829272664224046

-2.6981319793947591 -0.097829272664224046
-2.7004311287156675 -0.099815287098996869

-2.7004311287156675 -0.099815287098996869
-2.701251207116603 -0.10054977847883585

-2.701251207116603 -0.10054977847883585
-2.7041410038000073 -0.10293451482084051

-2.7041410038000073 -0.10293451482084051
-2.7043704348384465 -0.10313749479196363

-2.7043704348384465 -0.10313749479196363
-2.70748966256029 -0.10559851549631821

-2.70748966256029 -0.10559851549631821
-2.7080228706852254 -0.10605374254268417

-2.7080228706852254 -0.10605374254268417
-2.7106088902821339 -0.10807337937125057

-2.7106088902821339 -0.10807337937125057
-2.711987633085037 -0.10917297026452782

-2.711987633085037 -0.10917297026452782
-2.7137281180039774 -0.11052891325071076

-2.7137281180039774 -0.11052891325071076
-2.7162232383982583 -0.11229219798637147

-2.7162232383982583 -0.11229219798637147
-2.7168473457258213 -0.11276772980071534

-2.7168473457258213 -0.11276772980071534
-2.7199665734476648 -0.11472360388922112

-2.7199665734476648 -0.11472360388922112
-2.7210135779426081 -0.11541142570821512

-2.7210135779426081 -0.11541142570821512
-2.7230858011695083 -0.11669429913329361

-2.7230858011695083 -0.11669429913329361
-2.7262050288913522 -0.11837974250075831

-2.7262050288913522 -0.11837974250075831
-2.7264838218195893 -0.11853065343005878

-2.7264838218195893 -0.11853065343005878
-2.7293242566131957 -0.11990234444195798

-2.7293242566131957 -0.11990234444195798
-2.7324434843350396 -0.12116913644265691

-2.7324434843350396 -0.12116913644265691
-2.7338470389470952 -0.12164988115190242

-2.7338470389470952 -0.12164988115190242
-2.7355627120568831 -0.1222263475692754

-2.7355627120568831 -0.1222263475692754
-2.7386819397787265 -0.12301285689408743

-2.7386819397787265 -0.12301285689408743
-2.7418011675005705 -0.12357211709989324

-2.7418011675005705 -0.12357211709989324
-2.7449203952224139 -0.12387460667814722

-2.7449203952224139 -0.12387460667814722
-2.7480396229442579 -0.12390771636234146

-2.7480396229442579 -0.12390771636234146
-2.7511588506661013 -0.1236646595926936

-2.7511588506661013 -0.1236646595926936
-2.7542780783879448 -0.12313657106861631

-2.7542780783879448 -0.12313657106861631
-2.7573973061097887 -0.12231810013509083

-2.7573973061097887 -0.12231810013509083
-2.7592452240345464 -0.12164988115190242

-2.7592452240345464 -0.12164988115190242
-2.7605165338316322 -0.12117696179083853

-2.7605165338316322 -0.12117696179083853
-2.7636357615534761 -0.11979479124892189

-2.7636357615534761 -0.11979479124892189
-2.765934260468967 -0.11853065343005878

-2.765934260468967 -0.11853065343005878
-2.7667549892753196 -0.11804190821229876

-2.7667549892753196 -0.11804190821229876
-2.7698742169971631 -0.11614744072872733

-2.7698742169971631 -0.11614744072872733
-2.7708277756987343 -0.11541142570821512

-2.7708277756987343 -0.11541142570821512
-2.772993444719007 -0.11379157040505904

-2.772993444719007 -0.11379157040505904
-2.774770747095995 -0.11229219798637147

-2.774770747095995 -0.11229219798637147
-2.7761126724408505 -0.1111127609420566

-2.7761126724408505 -0.1111127609420566
-2.7782293210914815 -0.10917297026452782

-2.7782293210914815 -0.10917297026452782
-2.7792319001626944 -0.10820838238174546

-2.7792319001626944 -0.10820838238174546
-2.7813952685870138 -0.10605374254268417

-2.7813952685870138 -0.10605374254268417
-2.7823511278845379 -0.10506922022533044

-2.7823511278845379 -0.10506922022533044
-2.7843447424270238 -0.10293451482084051

-2.7843447424270238 -0.10293451482084051
-2.7854703556063813 -0.10170653131062996

-2.7854703556063813 -0.10170653131062996
-2.7871516304413042 -0.099815287098996869

-2.7871516304413042 -0.099815287098996869
-2.7885895833282253 -0.098153631566104765

-2.7885895833282253 -0.098153631566104765
-2.7898448428651723 -0.096696059377153212

-2.7898448428651723 -0.096696059377153212
-2.7917088110500687 -0.09439141163522867

-2.7917088110500687 -0.09439141163522867
-2.7923979442255149 -0.093576831655309556

-2.7923979442255149 -0.093576831655309556
-2.7947773963463205 -0.090457603933465913

-2.7947773963463205 -0.090457603933465913
-2.7948280387719127 -0.090397772543956728

-2.7948280387719127 -0.090397772543956728
-2.7971392590710149 -0.087338376211622257

-2.7971392590710149 -0.087338376211622257
-2.7979472664937561 -0.086340270565473082

-2.7979472664937561 -0.086340270565473082
-2.7995815167339719 -0.0842191484897786

-2.7995815167339719 -0.0842191484897786
-2.8010664942155996 -0.082290050009440063

-2.8010664942155996 -0.082290050009440063
-2.802011452396453 -0.081099920767934958

-2.802011452396453 -0.081099920767934958
-2.8041857219374435 -0.078146776759586575

-2.8041857219374435 -0.078146776759586575
-2.8043223706106399 -0.077980693046091301

-2.8043223706106399 -0.077980693046091301
-2.8065955674934799 -0.074861465324247645

-2.8065955674934799 -0.074861465324247645
-2.807304949659287 -0.073981847194334316

-2.807304949659287 -0.073981847194334316
-2.8090120179399727 -0.071742237602403988

-2.8090120179399727 -0.071742237602403988
-2.8104241773811309 -0.06994438113744611

-2.8104241773811309 -0.06994438113744611
-2.8114855218316461 -0.068623009880560346

-2.8114855218316461 -0.068623009880560346
-2.8135434051029744 -0.065925781223149321

-2.8135434051029744 -0.065925781223149321
-2.8138960003156006 -0.065503782158716689

-2.8138960003156006 -0.065503782158716689
-2.8162404027733965 -0.062384554436873046

-2.8162404027733965 -0.062384554436873046
-2.8166626328248179 -0.061885990024458964

-2.8166626328248179 -0.061885990024458964
-2.8187249163162438 -0.05926532671502939

-2.8187249163162438 -0.05926532671502939
-2.8197818605466618 -0.05801276429567221

-2.8197818605466618 -0.05801276429567221
-2.8213290353661971 -0.05614609899318574

-2.8213290353661971 -0.05614609899318574
-2.8229010882685053 -0.054272097610701328

-2.8229010882685053 -0.054272097610701328
-2.8239721509192282 -0.053026871271342091

-2.8239721509192282 -0.053026871271342091
-2.8260203159903492 -0.050576112129511408

-2.8260203159903492 -0.050576112129511408
-2.8266131405281025 -0.049907643549498434

-2.8266131405281025 -0.049907643549498434
-2.8291395437121927 -0.046899526998326078

-2.8291395437121927 -0.046899526998326078
-2.8292406363196294 -0.046788415827654785

-2.8292406363196294 -0.046788415827654785
-2.831909226472705 -0.043669188105811135

-2.831909226472705 -0.043669188105811135
-2.8322587714340361 -0.043291292430347121

-2.8322587714340361 -0.043291292430347121
-2.8346967463465806 -0.040549960383967479

-2.8346967463465806 -0.040549960383967479
-2.8353779991558801 -0.039824494401984316

-2.8353779991558801 -0.039824494401984316
-2.8375913601084006 -0.037430732662123829

-2.8375913601084006 -0.037430732662123829
-2.8384972268777235 -0.036485364630879355

-2.8384972268777235 -0.036485364630879355
-2.8405789303410383 -0.034311504940280173

-2.8405789303410383 -0.034311504940280173
-2.841616454599567 -0.033251856993451269

-2.841616454599567 -0.033251856993451269
-2.8436456763795959 -0.03119227721843652

-2.8436456763795959 -0.03119227721843652
-2.8447356823214109 -0.030099988570967493

-2.8447356823214109 -0.030099988570967493
-2.8467828765765071 -0.028073049496592867

-2.8467828765765071 -0.028073049496592867
-2.8478549100432544 -0.027020163257085963

-2.8478549100432544 -0.027020163257085963
-2.8500021970311131 -0.024953821774749217

-2.8500021970311131 -0.024953821774749217
-2.8509741377650983 -0.024018762661539707

-2.8509741377650983 -0.024018762661539707
-2.8533122782085765 -0.021834594052905564

-2.8533122782085765 -0.021834594052905564
-2.8540933654869418 -0.021095637807814361

-2.8540933654869418 -0.021095637807814361
-2.8567234564286492 -0.018715366331061911

-2.8567234564286492 -0.018715366331061911
-2.8572125932087853 -0.0182588571785956

-2.8572125932087853 -0.0182588571785956
-2.8602619345082747 -0.015596138609218262

-2.8602619345082747 -0.015596138609218262
-2.8603318209306292 -0.01553176224825667

-2.8603318209306292 -0.01553176224825667
-2.8634510486524727 -0.012884493365205267

-2.8634510486524727 -0.012884493365205267
-2.863903462502166 -0.012476910887374609

-2.863903462502166 -0.012476910887374609
-2.8665702763743166 -0.01023215232185847

-2.8665702763743166 -0.01023215232185847
-2.8675681534183317 -0.0093576831655309573

-2.8675681534183317 -0.0093576831655309573
-2.8696895040961601 -0.007574178663724682

-2.8696895040961601 -0.007574178663724682
-2.8712730842214857 -0.0062384554436873043

-2.8712730842214857 -0.0062384554436873043
-2.8728087318180036 -0.0049486426007802082

-2.8728087318180036 -0.0049486426007802082
-2.875108586528397 -0.0031192277218436521

-2.875108586528397 -0.0031192277218436521
-2.8759279595398475 -0.002433123422693828

-2.8759279595398475 -0.002433123422693828
-2.879047187261691 -0.00011881093886150713

-2.879047187261691 -0.00011881093886150713
-2.879047187261691 -0.00011881093886150713

-2.879047187261691 -0.00011881093886150713
-2.8791915141525597 0

-2.8791915141525597 0
-2.8821664149835349 0.0021752001415507021

-2.8821664149835349 0.0021752001415507021
-2.8833872984986773 0.0031192277218436517

-2.8833872984986773 0.0031192277218436517
-2.8852856427053784 0.0045328328463290612

-2.8852856427053784 0.0045328328463290612
-2.8877024468552812 0.0062384554436873043

-2.8877024468552812 0.0062384554436873043
-2.8884048704272218 0.0067739732196763613

-2.8884048704272218 0.0067739732196763613
-2.8915240981490657 0.008806692183107449

-2.8915240981490657 0.008806692183107449
-2.8922824625711221 0.0093576831655309556

-2.8922824625711221 0.0093576831655309556
-2.8946433258709092 0.01093297826409337

-2.8946433258709092 0.01093297826409337
-2.8970215137863025 0.012476910887374609

-2.8970215137863025 0.012476910887374609
-2.8977625535927531 0.012997866029601663

-2.8977625535927531 0.012997866029601663
-2.9008817813145966 0.014874130173481395

-2.9008817813145966 0.014874130173481395
-2.9019747020566498 0.01559613860921826

-2.9019747020566498 0.01559613860921826
-2.9040010090364401 0.016869195215323134

-2.9040010090364401 0.016869195215323134
-2.9071019477637341 0.018715366331061915

-2.9071019477637341 0.018715366331061915
-2.907120236758284 0.018727903209761972

-2.907120236758284 0.018727903209761972
-2.9102394644801275 0.020548829132190478

-2.9102394644801275 0.020548829132190478
-2.9124311135513108 0.021834594052905568

-2.9124311135513108 0.021834594052905568
-2.9133586922019714 0.022412580704263149

-2.9133586922019714 0.022412580704263149
-2.9164779199238149 0.024113375575987802

-2.9164779199238149 0.024113375575987802
-2.9179221064428904 0.024953821774749217

-2.9179221064428904 0.024953821774749217
-2.9195971476456584 0.025916924881153998

-2.9195971476456584 0.025916924881153998
-2.9227163753675023 0.027563017061603006

-2.9227163753675023 0.027563017061603006
-2.923596933516738 0.02807304949659287

-2.923596933516738 0.02807304949659287
-2.9258356030893458 0.029291319730445346

-2.9258356030893458 0.029291319730445346
-2.9289548308111897 0.030903105003278329

-2.9289548308111897 0.030903105003278329
-2.9294599444491887 0.03119227721843652

-2.9294599444491887 0.03119227721843652
-2.9320740585330332 0.032555026413998649

-2.9320740585330332 0.032555026413998649
-2.9351932862548766 0.034119404003074331

-2.9351932862548766 0.034119404003074331
-2.9355404080081748 0.034311504940280173

-2.9355404080081748 0.034311504940280173
-2.9383125139767206 0.035694849544772339

-2.9383125139767206 0.035694849544772339
-2.941431741698564 0.037194228806129964

-2.941431741698564 0.037194228806129964
-2.9418827870588435 0.037430732662123822

-2.9418827870588435 0.037430732662123822
-2.9445509694204079 0.03870893720449331

-2.9445509694204079 0.03870893720449331
-2.9476701971422514 0.040139456265347359

-2.9476701971422514 0.040139456265347359
-2.9485123349218099 0.040549960383967479

-2.9485123349218099 0.040549960383967479
-2.9507894248640949 0.041599533756497567

-2.9507894248640949 0.041599533756497567
-2.9539086525859388 0.0429640830781974

-2.9539086525859388 0.0429640830781974
-2.9554764302634213 0.043669188105811128

-2.9554764302634213 0.043669188105811128
-2.9570278803077823 0.04436656833525935

-2.9570278803077823 0.04436656833525935
-2.9601471080296262 0.045680537566285255

-2.9601471080296262 0.045680537566285255
-2.9627805383617556 0.046788415827654778

-2.9627805383617556 0.046788415827654778
-2.9632663357514697 0.047008489884523393

-2.9632663357514697 0.047008489884523393
-2.9663855634733132 0.048272782680727551

-2.9663855634733132 0.048272782680727551
-2.9695047911951571 0.049506998892600039

-2.9695047911951571 0.049506998892600039
-2.9704730527683787 0.049907643549498434

-2.9704730527683787 0.049907643549498434
-2.9726240189170006 0.050763281482571691

-2.9726240189170006 0.050763281482571691
-2.9757432466388445 0.051961205305875592

-2.9757432466388445 0.051961205305875592
-2.9785498876763277 0.053026871271342084

-2.9785498876763277 0.053026871271342084
-2.978862474360688 0.053155164559832734

-2.978862474360688 0.053155164559832734
-2.9819817020825314 0.054301802498571611

-2.9819817020825314 0.054301802498571611
-2.9851009298043754 0.055422925744193503

-2.9851009298043754 0.055422925744193503
-2.9871154514611953 0.056146098993185733

-2.9871154514611953 0.056146098993185733
-2.9882201575262188 0.056553011489814793

-2.9882201575262188 0.056553011489814793
-2.9913393852480628 0.057622610697039896

-2.9913393852480628 0.057622610697039896
-2.9944586129699062 0.058670258196346158

-2.9944586129699062 0.058670258196346158
-2.996226759314502 0.05926532671502939

-2.996226759314502 0.05926532671502939
-2.9975778406917497 0.059724834961711631

-2.9975778406917497 0.059724834961711631
-3.0006970684135936 0.060726351976088638

-3.0006970684135936 0.060726351976088638
-3.0038162961354371 0.061714299131628833

-3.0038162961354371 0.061714299131628833
-3.005939425000232 0.06238455443687304

-3.005939425000232 0.06238455443687304
-3.006935523857281 0.062708078504184112

-3.006935523857281 0.062708078504184112
-3.0100547515791245 0.063657955992739879

-3.0100547515791245 0.063657955992739879
-3.013173979300968 0.06460377789085385

-3.013173979300968 0.06460377789085385
-3.0161796572713628 0.065503782158716703

-3.0161796572713628 0.065503782158716703
-3.0162932070228119 0.065540301214284877

-3.0162932070228119 0.065540301214284877
-3.0194124347446554 0.066459954705701513

-3.0194124347446554 0.066459954705701513
-3.0225316624664988 0.067368816375427992

-3.0225316624664988 0.067368816375427992
-3.0256508901883428 0.068253838820225593

-3.0256508901883428 0.068253838820225593
-3.0269273059285942 0.068623009880560346

-3.0269273059285942 0.068623009880560346
-3.0287701179101862 0.069148795869885024

-3.0287701179101862 0.069148795869885024
-3.0318893456320302 0.07000792503020406

-3.0318893456320302 0.07000792503020406
-3.0350085733538736 0.070854654830575237

-3.0350085733538736 0.070854654830575237
-3.0381278010757171 0.071676678780376701

-3.0381278010757171 0.071676678780376701
-3.0383675253152305 0.071742237602404002

-3.0383675253152305 0.071742237602404002
-3.041247028797561 0.072486060637013947

-3.041247028797561 0.072486060637013947
-3.0443662565194045 0.07327131299896307

-3.0443662565194045 0.07327131299896307
-3.0474854842412484 0.07403617981426816

-3.0474854842412484 0.07403617981426816
-3.0506047119630919 0.074775521596866623

-3.0506047119630919 0.074775521596866623
-3.0509590730196772 0.074861465324247659

-3.0509590730196772 0.074861465324247659
-3.0537239396849354 0.075501482552221666

-3.0537239396849354 0.075501482552221666
-3.0568431674067793 0.076203563953882489

-3.0568431674067793 0.076203563953882489
-3.0599623951286228 0.076889100527474205

-3.0599623951286228 0.076889100527474205
-3.0630816228504667 0.077553425846996787

-3.0630816228504667 0.077553425846996787
-3.0651177173261654 0.077980693046091315

-3.0651177173261654 0.077980693046091315
-3.0662008505723102 0.078211560687627191

-3.0662008505723102 0.078211560687627191
-3.0693200782941537 0.078841585764761635

-3.0693200782941537 0.078841585764761635
-3.0724393060159976 0.079460945988875195

-3.0724393060159976 0.079460945988875195
-3.075558533737841 0.080066281865740607

-3.075558533737841 0.080066281865740607
-3.078677761459685 0.080655646024113417

-3.078677761459685 0.080655646024113417
-3.0810726560481219 0.081099920767934958

-3.0810726560481219 0.081099920767934958
-3.0817969891815284 0.081237651778599027

-3.0817969891815284 0.081237651778599027
-3.0849162169033719 0.081797201490611149

-3.0849162169033719 0.081797201490611149
-3.0880354446252158 0.082345069259385409

-3.0880354446252158 0.082345069259385409
-3.0911546723470593 0.082878929393495546

-3.0911546723470593 0.082878929393495546
-3.0942739000689032 0.08339825960715927

-3.0942739000689032 0.08339825960715927
-3.0973931277907467 0.083899315029943022

-3.0973931277907467 0.083899315029943022
-3.0994375488737234 0.084219148489778614

-3.0994375488737234 0.084219148489778614
-3.1005123555125902 0.084389254453810653

-3.1005123555125902 0.084389254453810653
-3.1036315832344341 0.084854939435998325

-3.1036315832344341 0.084854939435998325
-3.1067508109562776 0.085304722204459227

-3.1067508109562776 0.085304722204459227
-3.1098700386781215 0.085736050700135541

-3.1098700386781215 0.085736050700135541
-3.112989266399965 0.086149259977346085

-3.112989266399965 0.086149259977346085
-3.1161084941218085 0.086544561463885228

-3.1161084941218085 0.086544561463885228
-3.1192277218436524 0.086922434926076847

-3.1192277218436524 0.086922434926076847
-3.1223469495654959 0.087282490804987151

-3.1223469495654959 0.087282490804987151
-3.1228418522341275 0.087338376211622271

-3.1228418522341275 0.087338376211622271
-3.1254661772873398 0.08762893159906128

-3.1254661772873398 0.08762893159906128
-3.1285854050091833 0.087958324683677674

-3.1285854050091833 0.087958324683677674
-3.1317046327310267 0.088272913319734719

-3.1317046327310267 0.088272913319734719
-3.1348238604528706 0.088571876298646587

-3.1348238604528706 0.088571876298646587
-3.1379430881747141 0.088854105872350556

-3.1379430881747141 0.088854105872350556
-3.141062315896558 0.089119652218903445

-3.141062315896558 0.089119652218903445
-3.1441815436184015 0.089369179285646222

-3.1441815436184015 0.089369179285646222
-3.147300771340245 0.089602858824337994

-3.147300771340245 0.089602858824337994
-3.1504199990620889 0.089820161216043248

-3.1504199990620889 0.089820161216043248
-3.1535392267839324 0.090020148214848439

-3.1535392267839324 0.090020148214848439
-3.1566584545057763 0.090202525226304564

-3.1566584545057763 0.090202525226304564
-3.1597776822276198 0.090367827236746912

-3.1597776822276198 0.090367827236746912
-3.1616382515158632 0.090457603933465913

-3.1616382515158632 0.090457603933465913
-3.1628969099494633 0.09051844342409486

-3.1628969099494633 0.09051844342409486
-3.1660161376713072 0.090653746167630347

-3.1660161376713072 0.090653746167630347
-3.1691353653931507 0.090773872268259448

-3.1691353653931507 0.090773872268259448
-3.1722545931149946 0.090878411975878717

-3.1722545931149946 0.090878411975878717
-3.1753738208368381 0.090968487745536494

-3.1753738208368381 0.090968487745536494
-3.1784930485586815 0.091045189479013688

-3.1784930485586815 0.091045189479013688
-3.1816122762805255 0.09110912198740255

-3.1816122762805255 0.09110912198740255
-3.1847315040023689 0.09116039866368017

-3.1847315040023689 0.09116039866368017
-3.1878507317242128 0.091198969378712566

-3.1878507317242128 0.091198969378712566
-3.1909699594460563 0.091224738028443775

-3.1909699594460563 0.091224738028443775
-3.1940891871678998 0.091234401185666225

