3.1940891871678998 0.13709737302562455
3.1909699594460559 0.1369075016093419

3.1909699594460559 0.1369075016093419
3.1878507317242124 0.13651724301632767

3.1878507317242124 0.13651724301632767
3.1847315040023689 0.13610519575603744

3.1847315040023689 0.13610519575603744
3.181612276280525 0.13567127095702569

3.181612276280525 0.13567127095702569
3.1784930485586815 0.13521610317597135

3.1784930485586815 0.13521610317597135
3.1753738208368376 0.13474042852185794

3.1753738208368376 0.13474042852185794
3.1722545931149941 0.13424757269140417

3.1722545931149941 0.13424757269140417
3.1715410666327548 0.13412679203927705

3.1715410666327548 0.13412679203927705
3.1691353653931507 0.13372839898318831

3.1691353653931507 0.13372839898318831
3.1660161376713067 0.13319538160718689

3.1660161376713067 0.13319538160718689
3.1628969099494633 0.13264420587361297

3.1628969099494633 0.13264420587361297
3.1597776822276193 0.13207507213772426

3.1597776822276193 0.13207507213772426
3.1566584545057759 0.13148897881994373

3.1566584545057759 0.13148897881994373
3.1541792286681019 0.13100756431743341

3.1541792286681019 0.13100756431743341
3.1535392267839324 0.13087953447201608

3.1535392267839324 0.13087953447201608
3.1504199990620885 0.13026019201235209

3.1504199990620885 0.13026019201235209
3.147300771340245 0.12961632643803903

3.147300771340245 0.12961632643803903
3.1441815436184011 0.12895242439994167

3.1441815436184011 0.12895242439994167
3.1410623158965576 0.12827181130301898

3.1410623158965576 0.12827181130301898
3.1393952960406351 0.12788833659558974

3.1393952960406351 0.12788833659558974
3.1379430881747141 0.12755263419812971

3.1379430881747141 0.12755263419812971
3.1348238604528702 0.12682661288634176

3.1348238604528702 0.12682661288634176
3.1317046327310267 0.12606994855897968

3.1317046327310267 0.12606994855897968
3.1285854050091828 0.12529032979808488

3.1285854050091828 0.12529032979808488
3.1265975645187543 0.12476910887374609

3.1265975645187543 0.12476910887374609
3.1254661772873393 0.12446667805788625

3.1254661772873393 0.12446667805788625
3.1223469495654959 0.12363759719945833

3.1223469495654959 0.12363759719945833
3.1192277218436519 0.12277502835005072

3.1192277218436519 0.12277502835005072
3.1161084941218085 0.12189616182145557

3.1161084941218085 0.12189616182145557
3.115301321688452 0.12164988115190244

3.115301321688452 0.12164988115190244
3.1129892663999645 0.12096876606053905

3.1129892663999645 0.12096876606053905
3.1098700386781211 0.12003198263064198

3.1098700386781211 0.12003198263064198
3.1067508109562776 0.11907524469374579

3.1067508109562776 0.11907524469374579
3.105063350250544 0.11853065343005878

3.105063350250544 0.11853065343005878
3.1036315832344337 0.11806502501725485

3.1036315832344337 0.11806502501725485
3.1005123555125902 0.11706154921431754

3.1005123555125902 0.11706154921431754
3.0973931277907463 0.11603399561621576

3.0973931277907463 0.11603399561621576
3.0955869685690423 0.11541142570821514

3.0955869685690423 0.11541142570821514
3.0942739000689028 0.11495209540809063

3.0942739000689028 0.11495209540809063
3.0911546723470593 0.11387997749591336

3.0911546723470593 0.11387997749591336
3.0880354446252154 0.11278394722948137

3.0880354446252154 0.11278394722948137
3.0867256937864918 0.11229219798637148

3.0867256937864918 0.11229219798637148
3.0849162169033719 0.11162213856014873

3.0849162169033719 0.11162213856014873
3.081796989181528 0.11046934730603436

3.081796989181528 0.11046934730603436
3.0786777614596845 0.10928774077690508

3.0786777614596845 0.10928774077690508
3.0784079723484377 0.10917297026452782

3.0784079723484377 0.10917297026452782
3.075558533737841 0.10805741301233078

3.075558533737841 0.10805741301233078
3.0724393060159971 0.10681933898573183

3.0724393060159971 0.10681933898573183
3.0706120992625703 0.10605374254268418

3.0706120992625703 0.10605374254268418
3.0693200782941537 0.10550168548296691

3.0693200782941537 0.10550168548296691
3.0662008505723097 0.10420306299416852

3.0662008505723097 0.10420306299416852
3.0632775880092482 0.10293451482084053

3.0632775880092482 0.10293451482084053
3.0630816228504663 0.10284041712700281

3.0630816228504663 0.10284041712700281
3.0599623951286228 0.10146243836161165

3.0599623951286228 0.10146243836161165
3.0568431674067789 0.10006268108508302

3.0568431674067789 0.10006268108508302
3.0563557446512926 0.099815287098996869

3.0563557446512926 0.099815287098996869
3.0537239396849354 0.098584902294832855

3.0537239396849354 0.098584902294832855
3.0506047119630915 0.0971291566100526

3.0506047119630915 0.0971291566100526
3.0497709354506322 0.096696059377153226

3.0497709354506322 0.096696059377153226
3.047485484241248 0.095575102695333383

3.047485484241248 0.095575102695333383
3.0443662565194045 0.094068376081405669

3.0443662565194045 0.094068376081405669
3.0434537474525101 0.09357683165530957

3.0434537474525101 0.09357683165530957
3.0412470287975606 0.092449534154446886

3.0412470287975606 0.092449534154446886
3.0381278010757171 0.090886392751375639

3.0381278010757171 0.090886392751375639
3.0373708028581605 0.090457603933465913

3.0373708028581605 0.090457603933465913
3.0350085733538732 0.089208888734013947

3.0350085733538732 0.089208888734013947
3.0318893456320297 0.087578087166727145

3.0318893456320297 0.087578087166727145
3.0314925053694757 0.087338376211622271

3.0314925053694757 0.087338376211622271
3.0287701179101862 0.0858582497864252

3.0287701179101862 0.0858582497864252
3.0257954537701117 0.084219148489778614

3.0257954537701117 0.084219148489778614
3.0256508901883423 0.084128159368240404

3.0256508901883423 0.084128159368240404
3.0225316624664988 0.082404942548839441

3.0225316624664988 0.082404942548839441
3.0202663661891007 0.081099920767934958

3.0202663661891007 0.081099920767934958
3.0194124347446549 0.080572917433663127

3.0194124347446549 0.080572917433663127
3.0162932070228115 0.078841928592846264

3.0162932070228115 0.078841928592846264
3.0148956661833526 0.077980693046091315

3.0148956661833526 0.077980693046091315
3.013173979300968 0.07693498542813168

3.013173979300968 0.07693498542813168
3.0100547515791241 0.07512963885536518

3.0100547515791241 0.07512963885536518
3.0096584209451178 0.074861465324247659

3.0096584209451178 0.074861465324247659
3.0069355238572806 0.073212519331877585

3.0069355238572806 0.073212519331877585
3.0045794895567468 0.071742237602404002

3.0045794895567468 0.071742237602404002
3.0038162961354371 0.071224733209823116

3.0038162961354371 0.071224733209823116
3.0006970684135932 0.069353619344170725

3.0006970684135932 0.069353619344170725
2.9996309990282159 0.068623009880560346

2.9996309990282159 0.068623009880560346
2.9975778406917497 0.067284717603286318

2.9975778406917497 0.067284717603286318
2.9948190670237902 0.065503782158716703

2.9948190670237902 0.065503782158716703
2.9944586129699058 0.065241925680922006

2.9944586129699058 0.065241925680922006
2.9913393852480623 0.063265649054407541

2.9913393852480623 0.063265649054407541
2.9901008163162941 0.06238455443687304

2.9901008163162941 0.06238455443687304
2.9882201575262188 0.06108977251217023

2.9882201575262188 0.06108977251217023
2.9855146633671064 0.05926532671502939

2.9855146633671064 0.05926532671502939
2.9851009298043749 0.058953625021028196

2.9851009298043749 0.058953625021028196
2.9819817020825314 0.056903552738586716

2.9819817020825314 0.056903552738586716
2.9809645882573506 0.056146098993185733

2.9809645882573506 0.056146098993185733
2.9788624743606875 0.054662058007326625

2.9788624743606875 0.054662058007326625
2.9765506694639075 0.053026871271342084

2.9765506694639075 0.053026871271342084
2.975743246638844 0.0524110052343243

2.975743246638844 0.0524110052343243
2.9726240189170006 0.050308506872482929

2.9726240189170006 0.050308506872482929
2.9721072482686464 0.049907643549498434

2.9721072482686464 0.049907643549498434
2.9695047911951566 0.04807063562077743

2.9695047911951566 0.04807063562077743
2.9677801734851323 0.046788415827654778

2.9677801734851323 0.046788415827654778
2.9663855634733132 0.04573278712723175

2.9663855634733132 0.04573278712723175
2.9634666876090363 0.043669188105811128

2.9634666876090363 0.043669188105811128
2.9632663357514692 0.043509986830436109

2.9632663357514692 0.043509986830436109
2.9601471080296258 0.041340671110969736

2.9601471080296258 0.041340671110969736
2.959127615028887 0.040549960383967479

2.959127615028887 0.040549960383967479
2.9570278803077823 0.039002038883673387

2.9570278803077823 0.039002038883673387
2.9549120525461046 0.037430732662123822

2.9549120525461046 0.037430732662123822
2.9539086525859384 0.036643825870611775

2.9539086525859384 0.036643825870611775
2.9507894248640949 0.034436581008706883

2.9507894248640949 0.034436581008706883
2.9506342596872193 0.034311504940280173

2.9506342596872193 0.034311504940280173
2.947670197142251 0.032180349784439018

2.947670197142251 0.032180349784439018
2.9464068164623352 0.03119227721843652

2.9464068164623352 0.03119227721843652
2.9445509694204075 0.029778647280806397

2.9445509694204075 0.029778647280806397
2.9422708441289309 0.02807304949659287

2.9422708441289309 0.02807304949659287
2.941431741698564 0.027402600261815062

2.941431741698564 0.027402600261815062
2.9383125139767201 0.025183942042160609

2.9383125139767201 0.025183942042160609
2.9380278015474963 0.024953821774749217

2.9380278015474963 0.024953821774749217
2.9351932862548766 0.022894412326564084

2.9351932862548766 0.022894412326564084
2.933832756243544 0.021834594052905568

2.933832756243544 0.021834594052905568
2.9320740585330327 0.020489865803832417

2.9320740585330327 0.020489865803832417
2.9296613638135196 0.018715366331061915

2.9296613638135196 0.018715366331061915
2.9289548308111892 0.018154736551962217

2.9289548308111892 0.018154736551962217
2.9258356030893458 0.015993589310303334

2.9258356030893458 0.015993589310303334
2.9253293027699954 0.01559613860921826

2.9253293027699954 0.01559613860921826
2.9227163753675018 0.013734897941573216

2.9227163753675018 0.013734897941573216
2.9210160245588552 0.012476910887374609

2.9210160245588552 0.012476910887374609
2.9195971476456584 0.011412841002121522

2.9195971476456584 0.011412841002121522
2.9166031115568916 0.0093576831655309556

2.9166031115568916 0.0093576831655309556
2.9164779199238144 0.009260722352142611

2.9164779199238144 0.009260722352142611
2.913358692201971 0.0071862293451270178

2.913358692201971 0.0071862293451270178
2.9120292506659857 0.0062384554436873043

2.9120292506659857 0.0062384554436873043
2.9102394644801275 0.0049961142292142251

2.9102394644801275 0.0049961142292142251
2.9073516241525508 0.0031192277218436517

2.9073516241525508 0.0031192277218436517
2.9071202367582836 0.0029495946600258394

2.9071202367582836 0.0029495946600258394
2.9040010090364401 0.0010073097137601379

2.9040010090364401 0.0010073097137601379
2.9024656440725609 0

2.9024656440725609 0
2.9008817813145962 -0.0010345692522206334

2.9008817813145962 -0.0010345692522206334
2.8977625535927527 -0.0028786430794203329

2.8977625535927527 -0.0028786430794203329
2.8974031356968362 -0.0031192277218436521

2.8974031356968362 -0.0031192277218436521
2.8946433258709092 -0.0047594664232186602

2.8946433258709092 -0.0047594664232186602
2.892103253274481 -0.0062384554436873043

2.892103253274481 -0.0062384554436873043
2.8915240981490653 -0.0066083418785477599

2.8915240981490653 -0.0066083418785477599
2.8884048704272218 -0.0083071071430037644

2.8884048704272218 -0.0083071071430037644
2.8865267800721361 -0.0093576831655309573

2.8865267800721361 -0.0093576831655309573
2.8852856427053779 -0.010070700761439502

2.8852856427053779 -0.010070700761439502
2.8821664149835344 -0.011658189251481287

2.8821664149835344 -0.011658189251481287
2.880616309373726 -0.012476910887374609

2.880616309373726 -0.012476910887374609
2.879047187261691 -0.013303227074546673

2.879047187261691 -0.013303227074546673
2.875927959539847 -0.014796897608778753

2.875927959539847 -0.014796897608778753
2.8743015483434333 -0.015596138609218262

2.8743015483434333 -0.015596138609218262
2.8728087318180036 -0.016332056636117871

2.8728087318180036 -0.016332056636117871
2.8696895040961596 -0.017734887011747927

2.8696895040961596 -0.017734887011747927
2.8674925599401564 -0.018715366331061911

2.8674925599401564 -0.018715366331061911
2.8665702763743162 -0.019145539513331158

2.8665702763743162 -0.019145539513331158
2.8634510486524727 -0.020445161403661878

2.8634510486524727 -0.020445161403661878
2.8603318209306288 -0.021704236436601042

2.8603318209306288 -0.021704236436601042
2.8600247216063601 -0.021834594052905564

2.8600247216063601 -0.021834594052905564
2.8572125932087853 -0.022932334175384067

2.8572125932087853 -0.022932334175384067
2.8540933654869414 -0.024092348261183665

2.8540933654869414 -0.024092348261183665
2.8516891585441004 -0.024953821774749217

2.8516891585441004 -0.024953821774749217
2.8509741377650979 -0.025222478087710581

2.8509741377650979 -0.025222478087710581
2.8478549100432544 -0.026270236602675828

2.8478549100432544 -0.026270236602675828
2.8447356823214105 -0.027280475315399521

2.8447356823214105 -0.027280475315399521
2.8421706358983312 -0.028073049496592867

2.8421706358983312 -0.028073049496592867
2.841616454599567 -0.028252868239851681

2.841616454599567 -0.028252868239851681
2.8384972268777231 -0.029155830452811414

2.8384972268777231 -0.029155830452811414
2.8353779991558796 -0.030019914409443287

2.8353779991558796 -0.030019914409443287
2.8322587714340361 -0.030828276418012234

2.8322587714340361 -0.030828276418012234
2.8308072039631753 -0.03119227721843652

2.8308072039631753 -0.03119227721843652
2.8291395437121922 -0.031607868057154667

2.8291395437121922 -0.031607868057154667
2.8260203159903488 -0.032325026548506657

2.8260203159903488 -0.032325026548506657
2.8229010882685053 -0.033002149187976407

2.8229010882685053 -0.033002149187976407
2.8197818605466614 -0.033631819171169877

2.8197818605466614 -0.033631819171169877
2.8166626328248179 -0.034209494812489728

2.8166626328248179 -0.034209494812489728
2.8160826273074311 -0.034311504940280173

2.8160826273074311 -0.034311504940280173
2.813543405102974 -0.0347452707360488

2.813543405102974 -0.0347452707360488
2.8104241773811305 -0.035231942640038295

2.8104241773811305 -0.035231942640038295
2.807304949659287 -0.035676975871527281

2.807304949659287 -0.035676975871527281
2.8041857219374431 -0.036080376075352395

2.8041857219374431 -0.036080376075352395
2.8010664942155996 -0.03644210567630022

2.8010664942155996 -0.03644210567630022
2.7979472664937557 -0.036762303808908457

2.7979472664937557 -0.036762303808908457
2.7948280387719122 -0.037042260077468442

2.7948280387719122 -0.037042260077468442
2.7917088110500687 -0.037283703349780352

2.7917088110500687 -0.037283703349780352
2.7894779374964767 -0.037430732662123829

2.7894779374964767 -0.037430732662123829
2.7885895833282248 -0.037489613769848044

2.7885895833282248 -0.037489613769848044
2.7854703556063813 -0.037658554396159373

2.7854703556063813 -0.037658554396159373
2.7823511278845374 -0.037791773166841694

2.7823511278845374 -0.037791773166841694
2.7792319001626939 -0.037888406920421572

2.7792319001626939 -0.037888406920421572
2.7761126724408505 -0.037949071246857508

2.7761126724408505 -0.037949071246857508
2.7729934447190066 -0.037974804610319865

2.7729934447190066 -0.037974804610319865
2.7698742169971631 -0.037965888147093577

2.7698742169971631 -0.037965888147093577
2.7667549892753192 -0.037921385792610042

2.7667549892753192 -0.037921385792610042
2.7636357615534757 -0.037839889217005811

2.7636357615534757 -0.037839889217005811
2.7605165338316322 -0.03772036247382328

2.7605165338316322 -0.03772036247382328
2.7573973061097883 -0.037562427400792443

2.7573973061097883 -0.037562427400792443
2.7553167220591037 -0.037430732662123829

2.7553167220591037 -0.037430732662123829
2.7542780783879448 -0.037364534905957467

2.7542780783879448 -0.037364534905957467
2.7511588506661009 -0.037128731932740279

2.7511588506661009 -0.037128731932740279
2.7480396229442574 -0.036853025297420093

2.7480396229442574 -0.036853025297420093
2.7449203952224139 -0.036537622809937109

2.7449203952224139 -0.036537622809937109
2.74180116750057 -0.03618367101269622

2.74180116750057 -0.03618367101269622
2.7386819397787265 -0.035793295192545919

2.7386819397787265 -0.035793295192545919
2.7355627120568826 -0.035368616758210951

2.7355627120568826 -0.035368616758210951
2.7324434843350391 -0.034911137835756584

2.7324434843350391 -0.034911137835756584
2.7293242566131957 -0.03442435387548589

2.7293242566131957 -0.03442435387548589
2.7286657706199233 -0.034311504940280173

2.7286657706199233 -0.034311504940280173
2.7262050288913517 -0.033899465806884271

2.7262050288913517 -0.033899465806884271
2.7230858011695083 -0.033347782635251212

2.7230858011695083 -0.033347782635251212
2.7199665734476643 -0.032764860601384359

2.7199665734476643 -0.032764860601384359
2.7168473457258209 -0.032153275283837351

2.7168473457258209 -0.032153275283837351
2.7137281180039774 -0.031517731154389841

2.7137281180039774 -0.031517731154389841
2.7122279988380673 -0.03119227721843652

2.7122279988380673 -0.03119227721843652
2.7106088902821335 -0.03084136997054724

2.7106088902821335 -0.03084136997054724
2.70748966256029 -0.030154836116177051

2.70748966256029 -0.030154836116177051
2.7043704348384461 -0.029439841578206619

2.7043704348384461 -0.029439841578206619
2.7012512071166026 -0.028701142617492643

2.7012512071166026 -0.028701142617492643
2.6986918622169087 -0.028073049496592867

2.6986918622169087 -0.028073049496592867
2.6981319793947591 -0.027929877510982713

2.6981319793947591 -0.027929877510982713
2.6950127516729152 -0.027145491588479835

2.6950127516729152 -0.027145491588479835
2.6918935239510717 -0.026327710313738685

2.6918935239510717 -0.026327710313738685
2.6887742962292278 -0.025489337201272878

2.6887742962292278 -0.025489337201272878
2.686869180909373 -0.024953821774749217

2.686869180909373 -0.024953821774749217
2.6856550685073843 -0.024606833010066182

2.6856550685073843 -0.024606833010066182
2.6825358407855409 -0.023726116042691654

2.6825358407855409 -0.023726116042691654
2.6794166130636969 -0.02281263267301481

2.6794166130636969 -0.02281263267301481
2.6762973853418535 -0.021879080739647627

2.6762973853418535 -0.021879080739647627
2.6761625354223595 -0.021834594052905564

2.6761625354223595 -0.021834594052905564
2.6731781576200095 -0.020918301072366721

2.6731781576200095 -0.020918301072366721
2.6700589298981661 -0.01994164979995874

2.6700589298981661 -0.01994164979995874
2.6669397021763226 -0.018959341572416452

2.6669397021763226 -0.018959341572416452
2.6662208695626712 -0.018715366331061911

2.6662208695626712 -0.018715366331061911
2.6638204744544787 -0.017935879369769658

2.6638204744544787 -0.017935879369769658
2.6607012467326352 -0.016917684013145376

2.6607012467326352 -0.016917684013145376
2.6575820190107917 -0.015897010141165926

2.6575820190107917 -0.015897010141165926
2.6567216242084903 -0.015596138609218262

2.6567216242084903 -0.015596138609218262
2.6544627912889478 -0.014835799374189178

2.6544627912889478 -0.014835799374189178
2.6513435635671043 -0.013790130514934513

2.6513435635671043 -0.013790130514934513
2.6482243358452604 -0.012746090216632934

2.6482243358452604 -0.012746090216632934
2.6474725391861407 -0.012476910887374609

2.6474725391861407 -0.012476910887374609
2.6451051081234169 -0.011666685124223765

2.6451051081234169 -0.011666685124223765
2.6419858804015734 -0.010604819200769664

2.6419858804015734 -0.010604819200769664
2.6388666526797295 -0.0095476005893049328

2.6388666526797295 -0.0095476005893049328
2.6383455175358184 -0.0093576831655309573

2.6383455175358184 -0.0093576831655309573
2.6357474249578861 -0.008465020172485134

2.6357474249578861 -0.008465020172485134
2.6326281972360421 -0.0073982974219228446

2.6326281972360421 -0.0073982974219228446
2.6295089695141987 -0.0063360420637858595

2.6295089695141987 -0.0063360420637858595
2.6292448857331565 -0.0062384554436873043

2.6292448857331565 -0.0062384554436873043
2.6263897417923552 -0.0052585744658861806

2.6263897417923552 -0.0052585744658861806
2.6232705140705113 -0.0041894846013001861

2.6232705140705113 -0.0041894846013001861
2.6201512863486678 -0.0031199745518247233

2.6201512863486678 -0.0031199745518247233
2.6201492939734252 -0.0031192277218436521

2.6201492939734252 -0.0031192277218436521
2.6170320586268239 -0.0020507961824169293

2.6170320586268239 -0.0020507961824169293
2.6139128309049804 -0.00098429941878224337

2.6139128309049804 -0.00098429941878224337
2.6110290335827973 0

2.6110290335827973 0
2.6107936031831369 8.6624343025296958e-05

2.6107936031831369 8.6624343025296958e-05
2.607674375461293 0.0011412233443355564

2.607674375461293 0.0011412233443355564
2.6045551477394495 0.0021950875446707777

2.6045551477394495 0.0021950875446707777
2.6018063525336519 0.0031192277218436517

2.6018063525336519 0.0031192277218436517
2.6014359200176056 0.0032522529193011432

2.6014359200176056 0.0032522529193011432
2.5983166922957621 0.0042816995734210432

2.5983166922957621 0.0042816995734210432
2.5951974645739186 0.0053059154541785867

2.5951974645739186 0.0053059154541785867
2.592315193039318 0.0062384554436873043

2.592315193039318 0.0062384554436873043
2.5920782368520747 0.0063207083139037246

2.5920782368520747 0.0063207083139037246
2.5889590091302312 0.007306746127260743

2.5889590091302312 0.007306746127260743
2.5858397814083873 0.0082802320587134406

2.5858397814083873 0.0082802320587134406
2.5827205536865439 0.0092279266994348321

2.5827205536865439 0.0092279266994348321
2.5823135797582353 0.0093576831655309556

2.5823135797582353 0.0093576831655309556
2.5796013259647004 0.010173743029476334

2.5796013259647004 0.010173743029476334
2.5764820982428565 0.011091662002989179

2.5764820982428565 0.011091662002989179
2.573362870521013 0.011983488246174784

2.573362870521013 0.011983488246174784
2.5716390807416802 0.012476910887374609

2.5716390807416802 0.012476910887374609
2.5702436427991691 0.012879094169870965

2.5702436427991691 0.012879094169870965
2.5671244150773256 0.01373100265230771

2.5671244150773256 0.01373100265230771
2.5640051873554821 0.014568934068693445

2.5640051873554821 0.014568934068693445
2.5608859596336382 0.015377321316023049

2.5608859596336382 0.015377321316023049
2.5600587947826412 0.01559613860921826

2.5600587947826412 0.01559613860921826
2.5577667319117947 0.016183755281586949

2.5577667319117947 0.016183755281586949
2.5546475041899508 0.016958789353637989

2.5546475041899508 0.016958789353637989
2.5515282764681073 0.017715687024227888

2.5515282764681073 0.017715687024227888
2.5484090487462638 0.018443006422112478

2.5484090487462638 0.018443006422112478
2.5472438835019289 0.018715366331061915

2.5472438835019289 0.018715366331061915
2.5452898210244199 0.019165121567966154

2.5452898210244199 0.019165121567966154
2.5421705933025764 0.019853851264363592

2.5421705933025764 0.019853851264363592
2.5390513655807325 0.020520867088791184

2.5390513655807325 0.020520867088791184
2.535932137858889 0.021158872528405957

2.535932137858889 0.021158872528405957
2.5328129101370456 0.021767050416315867

2.5328129101370456 0.021767050416315867
2.5324656284619333 0.021834594052905568

2.5324656284619333 0.021834594052905568
2.5296936824152016 0.022353505060962942

2.5296936824152016 0.022353505060962942
2.5265744546933582 0.022908292596311625

2.5265744546933582 0.022908292596311625
2.5234552269715143 0.023431194379278781

2.5234552269715143 0.023431194379278781
2.5203359992496708 0.023919303032702077

2.5203359992496708 0.023919303032702077
2.5172167715278273 0.02437320199498327

2.5172167715278273 0.02437320199498327
2.5140975438059834 0.024791047536405989

2.5140975438059834 0.024791047536405989
2.5128044572399233 0.024953821774749217

2.5128044572399233 0.024953821774749217
2.5109783160841399 0.025182207593872925

2.5109783160841399 0.025182207593872925
2.507859088362296 0.025538146888069397

2.507859088362296 0.025538146888069397
2.5047398606404525 0.025861982009352226

2.5047398606404525 0.025861982009352226
2.501620632918609 0.026156201797542595

2.501620632918609 0.026156201797542595
2.4985014051967651 0.026422770364440424

2.4985014051967651 0.026422770364440424
2.4953821774749216 0.026661039226824688

2.4953821774749216 0.026661039226824688
2.4922629497530777 0.026873181467609315

2.4922629497530777 0.026873181467609315
2.4891437220312342 0.027060982234488776

2.4891437220312342 0.027060982234488776
2.4860244943093908 0.027224258415079819

2.4860244943093908 0.027224258415079819
2.4829052665875468 0.027363709904534413

2.4829052665875468 0.027363709904534413
2.4797860388657034 0.027479896720234091

2.4797860388657034 0.027479896720234091
2.4766668111438599 0.027572091795680178

2.4766668111438599 0.027572091795680178
2.473547583422016 0.027639395036254458

2.473547583422016 0.027639395036254458
2.4704283557001725 0.027680798722290661

2.4704283557001725 0.027680798722290661
2.4673091279783286 0.027694709882907908

2.4673091279783286 0.027694709882907908
2.4641899002564851 0.027679354375733194

2.4641899002564851 0.027679354375733194
2.4610706725346416 0.027633086307124487

2.4610706725346416 0.027633086307124487
2.4579514448127977 0.027554254264219109

2.4579514448127977 0.027554254264219109
2.4548322170909542 0.027441333033926926

2.4548322170909542 0.027441333033926926
2.4517129893691103 0.027293127628839155

2.4517129893691103 0.027293127628839155
2.4485937616472668 0.027108632422132434

2.4485937616472668 0.027108632422132434
2.4454745339254234 0.026887030382577878

2.4454745339254234 0.026887030382577878
2.4423553062035794 0.026628240274835714

2.4423553062035794 0.026628240274835714
2.439236078481736 0.026333489748307994

2.439236078481736 0.026333489748307994
2.436116850759892 0.0260049228972952

2.436116850759892 0.0260049228972952
2.4329976230380486 0.025644860777372408

2.4329976230380486 0.025644860777372408
2.4298783953162051 0.025255769234444798

2.4298783953162051 0.025255769234444798
2.4276327508703877 0.024953821774749217

2.4276327508703877 0.024953821774749217
2.4267591675943612 0.024834458352909428

2.4267591675943612 0.024834458352909428
2.4236399398725177 0.02439133018637055

2.4236399398725177 0.02439133018637055
2.4205207121506738 0.023921680515953003

2.4205207121506738 0.023921680515953003
2.4174014844288303 0.023428753758736813

2.4174014844288303 0.023428753758736813
2.4142822567069868 0.022913427078901101

2.4142822567069868 0.022913427078901101
2.4111630289851429 0.022375879938016281

2.4111630289851429 0.022375879938016281
2.4081578822291796 0.021834594052905568

2.4081578822291796 0.021834594052905568
2.4080438012632994 0.021813127372294183

2.4080438012632994 0.021813127372294183
2.4049245735414555 0.021227134188565713

2.4049245735414555 0.021227134188565713
2.401805345819612 0.020614317391392887

2.401805345819612 0.020614317391392887
2.3986861180977685 0.019972625414672925

2.3986861180977685 0.019972625414672925
2.3955668903759246 0.019300735085230523

2.3955668903759246 0.019300735085230523
2.3929793596759299 0.018715366331061915

2.3929793596759299 0.018715366331061915
2.3924476626540812 0.018590260601295625

2.3924476626540812 0.018590260601295625
2.3893284349322372 0.017855690400447363

2.3893284349322372 0.017855690400447363
2.3862092072103938 0.017078573011436563

2.3862092072103938 0.017078573011436563
2.3830899794885503 0.016265878145897465

2.3830899794885503 0.016265878145897465
2.3806491281452478 0.01559613860921826

2.3806491281452478 0.01559613860921826
2.3799707517667064 0.015402171690604606

2.3799707517667064 0.015402171690604606
2.3768515240448629 0.014518799906721785

2.3768515240448629 0.014518799906721785
2.373732296323019 0.013588879990408732

2.373732296323019 0.013588879990408732
2.3706130686011755 0.012627704839952675

2.3706130686011755 0.012627704839952675
2.3701742108007564 0.012476910887374609

2.3701742108007564 0.012476910887374609
2.367493840879332 0.011608132880265678

2.367493840879332 0.011608132880265678
2.3643746131574881 0.01056295402014128

2.3643746131574881 0.01056295402014128
2.3612553854356446 0.0094899832516999703

2.3612553854356446 0.0094899832516999703
2.360911069535192 0.0093576831655309556

2.360911069535192 0.0093576831655309556
2.3581361577138007 0.0083644041997432087

2.3581361577138007 0.0083644041997432087
2.3550169299919572 0.0072195223797313687

2.3550169299919572 0.0072195223797313687
2.352439248954223 0.0062384554436873043

2.352439248954223 0.0062384554436873043
2.3518977022701137 0.0060183221801552271

2.3518977022701137 0.0060183221801552271
2.3487784745482698 0.0048141728774427003

2.3487784745482698 0.0048141728774427003
2.3456592468264263 0.0035839467516917078

2.3456592468264263 0.0035839467516917078
2.3445789222812059 0.0031192277218436517

2.3445789222812059 0.0031192277218436517
2.3425400191045824 0.002268969902343368

2.3425400191045824 0.002268969902343368
2.339420791382739 0.00096648248448041483

2.339420791382739 0.00096648248448041483
2.3372280676102566 0

2.3372280676102566 0
2.3363015636608955 -0.00042829217560904449

2.3363015636608955 -0.00042829217560904449
2.3331823359390516 -0.0018074328751679256

2.3331823359390516 -0.0018074328751679256
2.3303547998763348 -0.0031192277218436521

2.3303547998763348 -0.0031192277218436521
2.3300631082172081 -0.0032689451378342042

2.3300631082172081 -0.0032689451378342042
2.3269438804953642 -0.0047463015343486587

2.3269438804953642 -0.0047463015343486587
2.3239226909246748 -0.0062384554436873043

2.3239226909246748 -0.0062384554436873043
2.3238246527735207 -0.0062933379499435322

2.3238246527735207 -0.0062933379499435322
2.3207054250516772 -0.0078761625876223422

2.3207054250516772 -0.0078761625876223422
2.3178887952762213 -0.0093576831655309573

2.3178887952762213 -0.0093576831655309573
2.3175861973298333 -0.0095360834830785918

2.3175861973298333 -0.0095360834830785918
2.3144669696079898 -0.011188055322018844

2.3144669696079898 -0.011188055322018844
2.3121657692556554 -0.012476910887374609

2.3121657692556554 -0.012476910887374609
2.3113477418861459 -0.012968944309957502

2.3113477418861459 -0.012968944309957502
2.3082285141643024 -0.014680174082100204

2.3082285141643024 -0.014680174082100204
2.3067301367603545 -0.015596138609218262

2.3067301367603545 -0.015596138609218262
2.3051092864424589 -0.016583197441421102

2.3051092864424589 -0.016583197441421102
2.301990058720615 -0.018392073922596439

2.301990058720615 -0.018392073922596439
2.3015149156834895 -0.018715366331061911

2.3015149156834895 -0.018715366331061911
2.2988708309987715 -0.020337865054819729

2.2988708309987715 -0.020337865054819729
2.2965191658132706 -0.021834594052905564

2.2965191658132706 -0.021834594052905564
2.2957516032769281 -0.022366088742630921

2.2957516032769281 -0.022366088742630921
2.2926323755550841 -0.024280118012123923

2.2926323755550841 -0.024280118012123923
2.2916798941372787 -0.024953821774749217

2.2916798941372787 -0.024953821774749217
2.2895131478332407 -0.026397245489007379

2.2895131478332407 -0.026397245489007379
2.2870308629326193 -0.028073049496592867

2.2870308629326193 -0.028073049496592867
2.2863939201113967 -0.028546117311141424

2.2863939201113967 -0.028546117311141424
2.2832746923895533 -0.030590009798883974

2.2832746923895533 -0.030590009798883974
2.2824802917326354 -0.03119227721843652

2.2824802917326354 -0.03119227721843652
2.2801554646677098 -0.032836199729725839

2.2801554646677098 -0.032836199729725839
2.2781605596704018 -0.034311504940280173

2.2781605596704018 -0.034311504940280173
2.2770362369458659 -0.035183084271595402

2.2770362369458659 -0.035183084271595402
2.2739265936090223 -0.037430732662123829

2.2739265936090223 -0.037430732662123829
2.2739170092240224 -0.037438596343280464

2.2739170092240224 -0.037438596343280464
2.2707977815021785 -0.039736437209015103

2.2707977815021785 -0.039736437209015103
2.2698085713851968 -0.040549960383967479

2.2698085713851968 -0.040549960383967479
2.267678553780335 -0.042232385867626183

2.267678553780335 -0.042232385867626183
2.2659367353380206 -0.043669188105811135

2.2659367353380206 -0.043669188105811135
2.2645593260584915 -0.044828220780995333

2.2645593260584915 -0.044828220780995333
2.2621777011964941 -0.046788415827654785

2.2621777011964941 -0.046788415827654785
2.2614400983366476 -0.047433177971956154

2.2614400983366476 -0.047433177971956154
2.2584336045460636 -0.049907643549498434

2.2584336045460636 -0.049907643549498434
2.2583208706148041 -0.050008860750407079

2.2583208706148041 -0.050008860750407079
2.2552016428929602 -0.052625072463709413

2.2552016428929602 -0.052625072463709413
2.2547629339258823 -0.053026871271342091

2.2547629339258823 -0.053026871271342091
2.2520824151711167 -0.055376691142026466

2.2520824151711167 -0.055376691142026466
2.2512529472020035 -0.05614609899318574

2.2512529472020035 -0.05614609899318574
2.2489631874492733 -0.058225362399306882

2.2489631874492733 -0.058225362399306882
2.2478553806050314 -0.05926532671502939

2.2478553806050314 -0.05926532671502939
2.2458439597274293 -0.061140710692656516

2.2458439597274293 -0.061140710692656516
2.2445373809189668 -0.062384554436873046

2.2445373809189668 -0.062384554436873046
2.2427247320055859 -0.064112464403031574

2.2427247320055859 -0.064112464403031574
2.2412845027614785 -0.065503782158716689

2.2412845027614785 -0.065503782158716689
2.2396055042837419 -0.067134715988808741

2.2396055042837419 -0.067134715988808741
2.2380884836053365 -0.068623009880560346

2.2380884836053365 -0.068623009880560346
2.2364862765618985 -0.070206451654419966

2.2364862765618985 -0.070206451654419966
2.2349458272187124 -0.071742237602403988

2.2349458272187124 -0.071742237602403988
2.233367048840055 -0.07333007517700002

2.233367048840055 -0.07333007517700002
2.231857123378028 -0.074861465324247645

2.231857123378028 -0.074861465324247645
2.2302478211182111 -0.076508286265476011

2.2302478211182111 -0.076508286265476011
2.2288174120157902 -0.077980693046091301

2.2288174120157902 -0.077980693046091301
2.2271285933963676 -0.079737178334985018

2.2271285933963676 -0.079737178334985018
2.2258215440683218 -0.081099920767934958

2.2258215440683218 -0.081099920767934958
2.2240093656745237 -0.083016916188090151

2.2240093656745237 -0.083016916188090151
2.2228686848209902 -0.0842191484897786

2.2228686848209902 -0.0842191484897786
2.2208901379526802 -0.086349247749286706

2.2208901379526802 -0.086349247749286706
2.2199592559095915 -0.087338376211622257

2.2199592559095915 -0.087338376211622257
2.2177709102308367 -0.089737027183683829

2.2177709102308367 -0.089737027183683829
2.2170961639093716 -0.090457603933465913

2.2170961639093716 -0.090457603933465913
2.2146516825089928 -0.093187576557826737

2.2146516825089928 -0.093187576557826737
2.2142881785855391 -0.093576831655309556

2.2142881785855391 -0.093576831655309556
2.211541526840052 -0.096696059377153212

2.211541526840052 -0.096696059377153212
2.2115324547871493 -0.096705800050372992

2.2115324547871493 -0.096705800050372992
2.2088071711770021 -0.099815287098996869

2.2088071711770021 -0.099815287098996869
2.2084132270653054 -0.10024022323640859

2.2084132270653054 -0.10024022323640859
2.2060286776240057 -0.10293451482084051

2.2060286776240057 -0.10293451482084051
2.2052939993434619 -0.10372862078296084

2.2052939993434619 -0.10372862078296084
2.2032083367927133 -0.10605374254268417

2.2032083367927133 -0.10605374254268417
2.2021747716216185 -0.10717257346020249

2.2021747716216185 -0.10717257346020249
2.2003546204445832 -0.10917297026452782

2.2003546204445832 -0.10917297026452782
2.1990555438997745 -0.11057412799496917

2.1990555438997745 -0.11057412799496917
2.1974655532293523 -0.11229219798637147

2.1974655532293523 -0.11229219798637147
2.1959363161779311 -0.11392737130197013

2.1959363161779311 -0.11392737130197013
2.194536599230827 -0.11541142570821512

2.194536599230827 -0.11541142570821512
2.1928170884560871 -0.11721977672160057

2.1928170884560871 -0.11721977672160057
2.1915530075442153 -0.11853065343005878

2.1915530075442153 -0.11853065343005878
2.1896978607342437 -0.12043278297213411

2.1896978607342437 -0.12043278297213411
2.1884908497334794 -0.12164988115190242

2.1884908497334794 -0.12164988115190242
2.1865786330124002 -0.12354201288778044

2.1865786330124002 -0.12354201288778044
2.1853168756616741 -0.12476910887374608

2.1853168756616741 -0.12476910887374608
2.1834594052905563 -0.12652963232710623

2.1834594052905563 -0.12652963232710623
2.181986483151777 -0.12788833659558974

2.181986483151777 -0.12788833659558974
2.1803401775687128 -0.12937119360695482

2.1803401775687128 -0.12937119360695482
2.1784130533758899 -0.13100756431743338

2.1784130533758899 -0.13100756431743338
2.1772209498468689 -0.1320266970787444

2.1772209498468689 -0.1320266970787444
2.1743944607808459 -0.13412679203927705

2.1743944607808459 -0.13412679203927705
2.1741017221250254 -0.13436225010031944

2.1741017221250254 -0.13436225010031944
2.1709824944031819 -0.13642394196715635

2.1709824944031819 -0.13642394196715635
2.1697242083877337 -0.13724601976112069

2.1697242083877337 -0.13724601976112069
2.167863266681338 -0.13841264261543748

2.167863266681338 -0.13841264261543748
2.1647440389594945 -0.14002410643342261

2.1647440389594945 -0.14002410643342261
2.1640361843068305 -0.14036524748296433

2.1640361843068305 -0.14036524748296433
2.1616248112376506 -0.14144371873408276

2.1616248112376506 -0.14144371873408276
2.1585055835158071 -0.14258930341815995

2.1585055835158071 -0.14258930341815995
2.1554363234470832 -0.143484475204808

2.1554363234470832 -0.143484475204808
2.1553863557939636 -0.14349997569248679

2.1553863557939636 -0.14349997569248679
2.1522671280721197 -0.14415473419379979

2.1522671280721197 -0.14415473419379979
2.1491479003502763 -0.14458485368547305

2.1491479003502763 -0.14458485368547305
2.1460286726284323 -0.14480075492642178

2.1460286726284323 -0.14480075492642178
2.1429094449065889 -0.144801253979535

2.1429094449065889 -0.144801253979535
2.1397902171847454 -0.14459299193824782

2.1397902171847454 -0.14459299193824782
2.1366709894629015 -0.14419018974714329

2.1366709894629015 -0.14419018974714329
2.133551761741058 -0.14360948826833908

2.133551761741058 -0.14360948826833908
2.133058711062902 -0.143484475204808

2.133058711062902 -0.143484475204808
2.1304325340192141 -0.142841825359874

2.1304325340192141 -0.142841825359874
2.1273133062973706 -0.14190792460847354

2.1273133062973706 -0.14190792460847354
2.1241940785755271 -0.14082074033738676

2.1241940785755271 -0.14082074033738676
2.1231099766325379 -0.14036524748296433

2.1231099766325379 -0.14036524748296433
2.1210748508536832 -0.13953191607144938

2.1210748508536832 -0.13953191607144938
2.1179556231318397 -0.13816808953262324

2.1179556231318397 -0.13816808953262324
2.1160924164055168 -0.13724601976112069

2.1160924164055168 -0.13724601976112069
2.1160924164055168 -0.13724601976112069

2.1160924164055168 -0.13724601976112069
2.1148363954099962 -0.13660598355308817

2.1148363954099962 -0.13660598355308817
2.1117171676881523 -0.13503621165146698

2.1117171676881523 -0.13503621165146698
2.1101388451537351 -0.13412679203927705

2.1101388451537351 -0.13412679203927705
2.1085979399663088 -0.13323355381047897

2.1085979399663088 -0.13323355381047897
2.1054787122444649 -0.13148334870270403

2.1054787122444649 -0.13148334870270403
2.1047637376453934 -0.13100756431743338

2.1047637376453934 -0.13100756431743338
2.1023594845226214 -0.12953123585370277

2.1023594845226214 -0.12953123585370277
2.0997407505450059 -0.12788833659558974

2.0997407505450059 -0.12788833659558974
2.099240256800778 -0.12753906064122786

2.099240256800778 -0.12753906064122786
2.0961210290789341 -0.12562080462164404

2.0961210290789341 -0.12562080462164404
2.0949080406964682 -0.12476910887374608

2.0949080406964682 -0.12476910887374608
2.0930018013570906 -0.12347616506398336

2.0930018013570906 -0.12347616506398336
2.0902489815487848 -0.12164988115190242

2.0902489815487848 -0.12164988115190242
2.0898825736352467 -0.12137769659926154

2.0898825736352467 -0.12137769659926154
2.0867633459134032 -0.11936406078020177

2.0867633459134032 -0.11936406078020177
2.0856153495761443 -0.11853065343005878

2.0856153495761443 -0.11853065343005878
2.0836441181915597 -0.11715852762888523

2.0836441181915597 -0.11715852762888523
2.0810822093948871 -0.11541142570821512

2.0810822093948871 -0.11541142570821512
2.0805248904697158 -0.11499305376561102

2.0805248904697158 -0.11499305376561102
2.0774056627478723 -0.11295133872270742

2.0774056627478723 -0.11295133872270742
2.0765193819251384 -0.11229219798637147

2.0765193819251384 -0.11229219798637147
2.0742864350260284 -0.11074083725312248

2.0742864350260284 -0.11074083725312248
2.0720190232549931 -0.10917297026452782

2.0720190232549931 -0.10917297026452782
2.0711672073041849 -0.10854116682039468

2.0711672073041849 -0.10854116682039468
2.0680479795823414 -0.10651168170001511

2.0680479795823414 -0.10651168170001511
2.0674344324617513 -0.10605374254268417

2.0674344324617513 -0.10605374254268417
2.0649287518604975 -0.1043491785485854

2.0649287518604975 -0.1043491785485854
2.0628728663309737 -0.10293451482084051

2.0628728663309737 -0.10293451482084051
2.061809524138654 -0.10216517659322959

2.061809524138654 -0.10216517659322959
2.0586902964168101 -0.1001824928557177

2.0586902964168101 -0.1001824928557177
2.058184875540408 -0.099815287098996869

2.058184875540408 -0.099815287098996869
2.0555710686949666 -0.098105754042384918

2.0555710686949666 -0.098105754042384918
2.0534209923438151 -0.096696059377153212

2.0534209923438151 -0.096696059377153212
2.0524518409731232 -0.096021724833086464

2.0524518409731232 -0.096021724833086464
2.0493326132512792 -0.094138467749978957

2.0493326132512792 -0.094138467749978957
2.0485048733499021 -0.093576831655309556

2.0485048733499021 -0.093576831655309556
2.0462133855294358 -0.092137098671715725

2.0462133855294358 -0.092137098671715725
2.0434403499531473 -0.090457603933465913

2.0434403499531473 -0.090457603933465913
2.0430941578075918 -0.090222546737664028

2.0430941578075918 -0.090222546737664028
2.0399749300857484 -0.088421380578603145

2.0399749300857484 -0.088421380578603145
2.038168302849515 -0.087338376211622257

2.038168302849515 -0.087338376211622257
2.0368557023639049 -0.086533595940115546

2.0368557023639049 -0.086533595940115546
2.033736474642061 -0.084828511938381979

2.033736474642061 -0.084828511938381979
2.0327181049662557 -0.0842191484897786

2.0327181049662557 -0.0842191484897786
2.0306172469202175 -0.083026095198002831

2.0306172469202175 -0.083026095198002831
2.0274980191983736 -0.081362929985755159

2.0274980191983736 -0.081362929985755159
2.0270569711409059 -0.081099920767934958

2.0270569711409059 -0.081099920767934958
2.0243787914765301 -0.079659095677304489

2.0243787914765301 -0.079659095677304489
2.0212595637546866 -0.078028941159520762

2.0212595637546866 -0.078028941159520762
2.0211775147636786 -0.077980693046091301

2.0211775147636786 -0.077980693046091301
2.0181403360328427 -0.076415024086795

2.0181403360328427 -0.076415024086795
2.0150629684006591 -0.074861465324247645

2.0150629684006591 -0.074861465324247645
2.0150211083109992 -0.0748374134153902

2.0150211083109992 -0.0748374134153902
2.0119018805891553 -0.073299314935887983

2.0119018805891553 -0.073299314935887983
2.0087826528673118 -0.071797914105171667

2.0087826528673118 -0.071797914105171667
2.0086779262286329 -0.071742237602403988

2.0086779262286329 -0.071742237602403988
2.0056634251454684 -0.070318461018267012

2.0056634251454684 -0.070318461018267012
2.0025441974236244 -0.068903484152474395

2.0025441974236244 -0.068903484152474395
2.0019662803496177 -0.068623009880560346

2.0019662803496177 -0.068623009880560346
1.9994249697017812 -0.067478841919805965

1.9994249697017812 -0.067478841919805965
1.9963057419799375 -0.066140907156333029

1.9963057419799375 -0.066140907156333029
1.9948500119818902 -0.065503782158716689

1.9948500119818902 -0.065503782158716689
1.9931865142580938 -0.064782087617494918

1.9931865142580938 -0.064782087617494918
1.9900672865362501 -0.06351261308181809

1.9900672865362501 -0.06351261308181809
1.9872538104155932 -0.062384554436873046

1.9872538104155932 -0.062384554436873046
1.9869480588144066 -0.062251443007611394

1.9869480588144066 -0.062251443007611394
1.9838288310925629 -0.061053101227068002

1.9838288310925629 -0.061053101227068002
1.9807096033707192 -0.059897692705864695

1.9807096033707192 -0.059897692705864695
1.9789932665286667 -0.05926532671502939

1.9789932665286667 -0.05926532671502939
1.9775903756488755 -0.058744441230461089

1.9775903756488755 -0.058744441230461089
1.9744711479270318 -0.05766630555861911

1.9744711479270318 -0.05766630555861911
1.9713519202051883 -0.056621869711128182

1.9713519202051883 -0.056621869711128182
1.9699334973903853 -0.05614609899318574

1.9699334973903853 -0.05614609899318574
1.9682326924833446 -0.055580695370564544

1.9682326924833446 -0.055580695370564544
1.9651134647615009 -0.05460306889141537

1.9651134647615009 -0.05460306889141537
1.9619942370396573 -0.053655450822535256

1.9619942370396573 -0.053655450822535256
1.9598864363408253 -0.053026871271342091

1.9598864363408253 -0.053026871271342091
1.9588750093178136 -0.052717453206164028

1.9588750093178136 -0.052717453206164028
1.9557557815959701 -0.051831184019561584

1.9557557815959701 -0.051831184019561584
1.9526365538741264 -0.050963886322764031

1.9526365538741264 -0.050963886322764031
1.9495173261522827 -0.05013578043755533

1.9495173261522827 -0.05013578043755533
1.9486645332267656 -0.049907643549498434

1.9486645332267656 -0.049907643549498434
1.946398098430439 -0.049319914142806745

1.946398098430439 -0.049319914142806745
1.9432788707085953 -0.048548592142479141

1.9432788707085953 -0.048548592142479141
1.9401596429867518 -0.047804095876542559

1.9401596429867518 -0.047804095876542559
1.9370404152649081 -0.047094988450562134

1.9370404152649081 -0.047094988450562134
1.9356623771976158 -0.046788415827654785

1.9356623771976158 -0.046788415827654785
1.9339211875430644 -0.046404078542115181

1.9339211875430644 -0.046404078542115181
1.9308019598212207 -0.045761301264819663

1.9308019598212207 -0.045761301264819663
1.927682732099377 -0.045150371093327972

1.927682732099377 -0.045150371093327972
1.9245635043775335 -0.044574844401733385

1.9245635043775335 -0.044574844401733385
1.9214442766556898 -0.044036215494161354

1.9214442766556898 -0.044036215494161354
1.9191925646157804 -0.043669188105811135

1.9191925646157804 -0.043669188105811135
1.9183250489338461 -0.043525362095290447

1.9183250489338461 -0.043525362095290447
1.9152058212120024 -0.043053954752115056

1.9152058212120024 -0.043053954752115056
1.9120865934901587 -0.04261463500996826

1.9120865934901587 -0.04261463500996826
1.9089673657683153 -0.042210491901086562

1.9089673657683153 -0.042210491901086562
1.9058481380464716 -0.041839227309070609

1.9058481380464716 -0.041839227309070609
1.9027289103246279 -0.041499319289320401

1.9027289103246279 -0.041499319289320401
1.8996096826027842 -0.041190350320662678

1.8996096826027842 -0.041190350320662678
1.8964904548809407 -0.040912795070654484

1.8964904548809407 -0.040912795070654484
1.893371227159097 -0.040668085230719221

1.893371227159097 -0.040668085230719221
1.891644899910687 -0.040549960383967479

1.891644899910687 -0.040549960383967479
1.8902519994372533 -0.040454601610414177

1.8902519994372533 -0.040454601610414177
1.8871327717154096 -0.040275017712656361

1.8871327717154096 -0.040275017712656361
1.8840135439935659 -0.040126869437444833

1.8840135439935659 -0.040126869437444833
1.8808943162717224 -0.040010329281964206

1.8808943162717224 -0.040010329281964206
1.8777750885498787 -0.039925719307254352

1.8777750885498787 -0.039925719307254352
1.874655860828035 -0.039873720527336842

1.874655860828035 -0.039873720527336842
1.8715366331061913 -0.039854767399297379

1.8715366331061913 -0.039854767399297379
1.8684174053843476 -0.039868846394854204

1.8684174053843476 -0.039868846394854204
1.8652981776625042 -0.039915703695289538

1.8652981776625042 -0.039915703695289538
1.8621789499406605 -0.039995073864398524

1.8621789499406605 -0.039995073864398524
1.8590597222188168 -0.040106641385044696

1.8590597222188168 -0.040106641385044696
1.8559404944969731 -0.040249852068001128

1.8559404944969731 -0.040249852068001128
1.8528212667751294 -0.04042344983734001

1.8528212667751294 -0.04042344983734001
1.850888133361734 -0.040549960383967479

1.850888133361734 -0.040549960383967479
1.8497020390532859 -0.040627981599849573

1.8497020390532859 -0.040627981599849573
1.8465828113314422 -0.040859519956476596

1.8465828113314422 -0.040859519956476596
1.8434635836095985 -0.041118642520404237

1.8434635836095985 -0.041118642520404237
1.8403443558877548 -0.041404762198549841

1.8403443558877548 -0.041404762198549841
1.8372251281659111 -0.04171731526371468

1.8372251281659111 -0.04171731526371468
1.8341059004440676 -0.042056036895956245

1.8341059004440676 -0.042056036895956245
1.8309866727222239 -0.042420822683629206

1.8309866727222239 -0.042420822683629206
1.8278674450003802 -0.042811682044196997

1.8278674450003802 -0.042811682044196997
1.8247482172785365 -0.043229102822475496

1.8247482172785365 -0.043229102822475496
1.8216601712555085 -0.043669188105811135

1.8216601712555085 -0.043669188105811135
1.8216289895566928 -0.043673797877290005

1.8216289895566928 -0.043673797877290005
1.8185097618348494 -0.044145837048816763

1.8185097618348494 -0.044145837048816763
1.8153905341130057 -0.044645827461595608

1.8153905341130057 -0.044645827461595608
1.812271306391162 -0.045173367574981402

1.812271306391162 -0.045173367574981402
1.8091520786693183 -0.045728355605201297

1.8091520786693183 -0.045728355605201297
1.8060328509474748 -0.046309538008696007

1.8060328509474748 -0.046309538008696007
1.8035875484914705 -0.046788415827654785

1.8035875484914705 -0.046788415827654785
1.8029136232256311 -0.046924325585452731

1.8029136232256311 -0.046924325585452731
1.7997943955037874 -0.047556855870906502

1.7997943955037874 -0.047556855870906502
1.7966751677819437 -0.048219581504785766

1.7966751677819437 -0.048219581504785766
1.7935559400601 -0.048907390406205654

1.7935559400601 -0.048907390406205654
1.7904367123382565 -0.049612625391923217

1.7904367123382565 -0.049612625391923217
1.7892082995683161 -0.049907643549498434

1.7892082995683161 -0.049907643549498434
1.7873174846164128 -0.050356413700723142

1.7873174846164128 -0.050356413700723142
1.7841982568945691 -0.051106198135453397

1.7841982568945691 -0.051106198135453397
1.7810790291727254 -0.05187980827811834

1.7810790291727254 -0.05187980827811834
1.7779598014508817 -0.052665515968111636

1.7779598014508817 -0.052665515968111636
1.7765995635157545 -0.053026871271342091

1.7765995635157545 -0.053026871271342091
1.7748405737290383 -0.053490573976071668

1.7748405737290383 -0.053490573976071668
1.7717213460071946 -0.05431530969180158

1.7717213460071946 -0.05431530969180158
1.7686021182853509 -0.055164193020562413

1.7686021182853509 -0.055164193020562413
1.7654828905635072 -0.056024875548205344

1.7654828905635072 -0.056024875548205344
1.765078981652352 -0.05614609899318574

1.765078981652352 -0.05614609899318574
1.7623636628416635 -0.056918751281828349

1.7623636628416635 -0.056918751281828349
1.75924443511982 -0.05782550103526201

1.75924443511982 -0.05782550103526201
1.7561252073979763 -0.05874711634910286

1.7561252073979763 -0.05874711634910286
1.7544575327576264 -0.05926532671502939

1.7544575327576264 -0.05926532671502939
1.7530059796761326 -0.059719285661548972

1.7530059796761326 -0.059719285661548972
1.7498867519542889 -0.060689169846307317

1.7498867519542889 -0.060689169846307317
1.7467675242324452 -0.061690321553033098

1.7467675242324452 -0.061690321553033098
1.7446949458339203 -0.062384554436873046

1.7446949458339203 -0.062384554436873046
1.7436482965106017 -0.062745507231201383

1.7436482965106017 -0.062745507231201383
1.740529068788758 -0.063797012971113717

1.740529068788758 -0.063797012971113717
1.7374098410669143 -0.064879692505785624

1.7374098410669143 -0.064879692505785624
1.7357056688501407 -0.065503782158716689

1.7357056688501407 -0.065503782158716689
1.7342906133450706 -0.066027040138362789

1.7342906133450706 -0.066027040138362789
1.7311713856232269 -0.06716322723661107

1.7311713856232269 -0.06716322723661107
1.7280521579013834 -0.068323094129585399

1.7280521579013834 -0.068323094129585399
1.72731549775843 -0.068623009880560346

1.72731549775843 -0.068623009880560346
1.7249329301795397 -0.069544473179586425

1.7249329301795397 -0.069544473179586425
1.721813702457696 -0.070757907262016057

1.721813702457696 -0.070757907262016057
1.7193496196132017 -0.071742237602403988

1.7193496196132017 -0.071742237602403988
1.7186944747358524 -0.072020228595787647

1.7186944747358524 -0.072020228595787647
1.7155752470140089 -0.073260898647576747

1.7155752470140089 -0.073260898647576747
1.7124560192921652 -0.074515849792081784

1.7124560192921652 -0.074515849792081784
1.7116678579372542 -0.074861465324247645

1.7116678579372542 -0.074861465324247645
1.7093367915703215 -0.075831694541750372

1.7093367915703215 -0.075831694541750372
1.7062175638484778 -0.077119324936841663

1.7062175638484778 -0.077119324936841663
1.7042085357881489 -0.077980693046091301

1.7042085357881489 -0.077980693046091301
1.7030983361266341 -0.078472152538175813

1.7030983361266341 -0.078472152538175813
1.6999791084047906 -0.079786569042333375

1.6999791084047906 -0.079786569042333375
1.6969481372072386 -0.081099920767934958

1.6969481372072386 -0.081099920767934958
1.6968598806829469 -0.081142539024755475

1.6968598806829469 -0.081142539024755475
1.6937406529611032 -0.082505484348915942

1.6937406529611032 -0.082505484348915942
1.6906214252392595 -0.083868241851791536

1.6906214252392595 -0.083868241851791536
1.6898923479242409 -0.0842191484897786

1.6898923479242409 -0.0842191484897786
1.6875021975174158 -0.085301062958672652

1.6875021975174158 -0.085301062958672652
1.6843829697955723 -0.086692353759484322

1.6843829697955723 -0.086692353759484322
1.6830345358371186 -0.087338376211622257

1.6830345358371186 -0.087338376211622257
1.6812637420737286 -0.088173841546541121

1.6812637420737286 -0.088173841546541121
1.6781445143518849 -0.089595836733308704

1.6781445143518849 -0.089595836733308704
1.6763630669166998 -0.090457603933465913

1.6763630669166998 -0.090457603933465913
1.6750252866300412 -0.091116555920819603

1.6750252866300412 -0.091116555920819603
1.6719060589081975 -0.092571269645453605

1.6719060589081975 -0.092571269645453605
1.6698575544593968 -0.093576831655309556

1.6698575544593968 -0.093576831655309556
1.6687868311863541 -0.0941237515328157

1.6687868311863541 -0.0941237515328157
1.6656676034645104 -0.095607458550311872

1.6656676034645104 -0.095607458550311872
1.6634822505125524 -0.096696059377153212

1.6634822505125524 -0.096696059377153212
1.6625483757426667 -0.097185926203879336

1.6625483757426667 -0.097185926203879336
1.659429148020823 -0.098694142479165109

1.659429148020823 -0.098694142479165109
1.6572108637977137 -0.099815287098996869

1.6572108637977137 -0.099815287098996869
1.6563099202989793 -0.10029644087659405

1.6563099202989793 -0.10029644087659405
1.6531906925771358 -0.10182258365361081

1.6531906925771358 -0.10182258365361081
1.6510151956281034 -0.10293451482084051

1.6510151956281034 -0.10293451482084051
1.6500714648552921 -0.10344255550553628

1.6500714648552921 -0.10344255550553628
1.6469522371334484 -0.10497747853727048

1.6469522371334484 -0.10497747853727048
1.6448626459120193 -0.10605374254268417

1.6448626459120193 -0.10605374254268417
1.6438330094116047 -0.10660834708172941

1.6438330094116047 -0.10660834708172941
1.640713781689761 -0.10814643647769931

1.640713781689761 -0.10814643647769931
1.6387323147759658 -0.10917297026452782

1.6387323147759658 -0.10917297026452782
1.6375945539679175 -0.10978381945317235

1.6375945539679175 -0.10978381945317235
1.6344753262460738 -0.11132343760873181

1.6344753262460738 -0.11132343760873181
1.6326168163399588 -0.11229219798637147

1.6326168163399588 -0.11229219798637147
1.6313560985242301 -0.11296618915037597

1.6313560985242301 -0.11296618915037597
1.6282368708023864 -0.11450561105792501

1.6282368708023864 -0.11450561105792501
1.6265048707101664 -0.11541142570821512

1.6265048707101664 -0.11541142570821512
1.625117643080543 -0.11614748456933079

1.625117643080543 -0.11614748456933079
1.6219984153586993 -0.11768071130112491

1.6219984153586993 -0.11768071130112491
1.6203669838894337 -0.11853065343005878

1.6203669838894337 -0.11853065343005878
1.6188791876368556 -0.11931019259893345

1.6188791876368556 -0.11931019259893345
1.6157599599150119 -0.12082781722674706

1.6157599599150119 -0.12082781722674706
1.6141576858116089 -0.12164988115190242

1.6141576858116089 -0.12164988115190242
1.6126407321931682 -0.12243040037056821

1.6126407321931682 -0.12243040037056821
1.6095215044713247 -0.12391859363737119

1.6095215044713247 -0.12391859363737119
1.6078056111185488 -0.12476910887374608

1.6078056111185488 -0.12476910887374608
1.606402276749481 -0.12547258865813271

1.606402276749481 -0.12547258865813271
1.6032830490276373 -0.12691336992330216

1.6032830490276373 -0.12691336992330216
1.6012004924854648 -0.12788833659558974

1.6012004924854648 -0.12788833659558974
1.6001638213057936 -0.12839251522282327

1.6001638213057936 -0.12839251522282327
1.5970445935839499 -0.12976769387383216

1.5970445935839499 -0.12976769387383216
1.5941986892850295 -0.13100756431743338

1.5941986892850295 -0.13100756431743338
1.5939253658621064 -0.13113807728530458

1.5939253658621064 -0.13113807728530458
1.5908061381402627 -0.13243572827133288

1.5908061381402627 -0.13243572827133288
1.587686910418419 -0.13367713475149032

1.587686910418419 -0.13367713475149032
1.5865686852881671 -0.13412679203927705

1.5865686852881671 -0.13412679203927705
1.5845676826965753 -0.13490741921797469

1.5845676826965753 -0.13490741921797469
1.5814484549747316 -0.13604709982047572

1.5814484549747316 -0.13604709982047572
1.5783292272528882 -0.1371248844285691

1.5783292272528882 -0.1371248844285691
1.5779827687624093 -0.13724601976112069

1.5779827687624093 -0.13724601976112069
1.5752099995310445 -0.13815138924731907

1.5752099995310445 -0.13815138924731907
1.5720907718092008 -0.13910211340353726

1.5720907718092008 -0.13910211340353726
1.5689715440873571 -0.13996909905533822

1.5689715440873571 -0.13996909905533822
1.5674301799497472 -0.14036524748296433

1.5674301799497472 -0.14036524748296433
1.5658523163655134 -0.14076902998187008

1.5658523163655134 -0.14076902998187008
1.5627330886436699 -0.14146645237215244

1.5627330886436699 -0.14146645237215244
1.5596138609218262 -0.14208123962671107

1.5596138609218262 -0.14208123962671107
1.5564946331999825 -0.14259594521355082

1.5564946331999825 -0.14259594521355082
1.5533754054781388 -0.14300266762190306

1.5533754054781388 -0.14300266762190306
1.5502561777562953 -0.14329586615862192

1.5502561777562953 -0.14329586615862192
1.5471369500344516 -0.14347092202933617

1.5471369500344516 -0.14347092202933617
1.5463222929666611 -0.143484475204808

1.5463222929666611 -0.143484475204808
1.5440177223126079 -0.14352253554454503

1.5440177223126079 -0.14352253554454503
1.5423985294060667 -0.143484475204808

1.5423985294060667 -0.143484475204808
1.5408984945907642 -0.14344903300940801

1.5408984945907642 -0.14344903300940801
1.5377792668689205 -0.14324815325806645

1.5377792668689205 -0.14324815325806645
1.534660039147077 -0.14291284359105247

1.534660039147077 -0.14291284359105247
1.5315408114252334 -0.14243905964943404

1.5315408114252334 -0.14243905964943404
1.5284215837033897 -0.14182096516316611

1.5284215837033897 -0.14182096516316611
1.525302355981546 -0.1410529432632405

1.525302355981546 -0.1410529432632405
1.5229828951744433 -0.14036524748296433

1.5229828951744433 -0.14036524748296433
1.5221831282597023 -0.14011773442488257

1.5221831282597023 -0.14011773442488257
1.5190639005378588 -0.13905445212311454

1.5190639005378588 -0.13905445212311454
1.5159446728160151 -0.13783821994421747

1.5159446728160151 -0.13783821994421747
1.5146747327046133 -0.13724601976112069

1.5146747327046133 -0.13724601976112069
1.5128254450941714 -0.13639630738294739

1.5128254450941714 -0.13639630738294739
1.5097062173723277 -0.1348787157413156

1.5097062173723277 -0.1348787157413156
1.5084210256411281 -0.13412679203927705

1.5084210256411281 -0.13412679203927705
1.506586989650484 -0.13307313064635759

1.506586989650484 -0.13307313064635759
1.5034677619286405 -0.13121151421564298

1.5034677619286405 -0.13121151421564298
1.5031888413712868 -0.13100756431743338

1.5031888413712868 -0.13100756431743338
1.5003485342067968 -0.12913620923717004

1.5003485342067968 -0.12913620923717004
1.4986813719676211 -0.12788833659558974

1.4986813719676211 -0.12788833659558974
1.4972293064849531 -0.12677822221726656

1.4972293064849531 -0.12677822221726656
1.4946004922713807 -0.12476910887374608

1.4946004922713807 -0.12476910887374608
1.4941100787631094 -0.12435605866338655

1.4941100787631094 -0.12435605866338655
1.4909908510412657 -0.12189766540431667

1.4909908510412657 -0.12189766540431667
1.4907132010870623 -0.12164988115190242

1.4907132010870623 -0.12164988115190242
1.4878716233194222 -0.1192451858644292

1.4878716233194222 -0.1192451858644292
1.4870935200948052 -0.11853065343005878

1.4870935200948052 -0.11853065343005878
1.4847523955975785 -0.11642214093730822

1.4847523955975785 -0.11642214093730822
1.4836782722099524 -0.11541142570821512

1.4836782722099524 -0.11541142570821512
1.4816331678757348 -0.11349317865589177

1.4816331678757348 -0.11349317865589177
1.4803835674658781 -0.11229219798637147

1.4803835674658781 -0.11229219798637147
1.4785139401538911 -0.1104872391084125

1.4785139401538911 -0.1104872391084125
1.4771727913115498 -0.10917297026452782

1.4771727913115498 -0.10917297026452782
1.4753947124320475 -0.10741790649080883

1.4753947124320475 -0.10741790649080883
1.4740252680012191 -0.10605374254268417

1.4740252680012191 -0.10605374254268417
1.472275484710204 -0.1042977367270599

1.472275484710204 -0.1042977367270599
1.4709232942738246 -0.10293451482084051

1.4709232942738246 -0.10293451482084051
1.4691562569883603 -0.10114294357223202

1.4691562569883603 -0.10114294357223202
1.4678491774393256 -0.099815287098996869

1.4678491774393256 -0.099815287098996869
1.4660370292665166 -0.09796270359236102

1.4660370292665166 -0.09796270359236102
1.464798711007381 -0.096696059377153212

1.464798711007381 -0.096696059377153212
1.4629178015446729 -0.094758393222972442

1.4629178015446729 -0.094758393222972442
1.4617676877784576 -0.093576831655309556

1.4617676877784576 -0.093576831655309556
1.4597985738228294 -0.091539221038917082

1.4597985738228294 -0.091539221038917082
1.458746579139393 -0.090457603933465913

1.458746579139393 -0.090457603933465913
1.4566793461009857 -0.088317461702879477

1.4566793461009857 -0.088317461702879477
1.4557251303675689 -0.087338376211622257

1.4557251303675689 -0.087338376211622257
1.453560118379142 -0.085103240225754787

1.453560118379142 -0.085103240225754787
1.452694887745176 -0.0842191484897786

1.452694887745176 -0.0842191484897786
1.4504408906572983 -0.081907224274901408

1.4504408906572983 -0.081907224274901408
1.4496454772106295 -0.081099920767934958

1.4496454772106295 -0.081099920767934958
1.4473216629354546 -0.078741216317050278

1.4473216629354546 -0.078741216317050278
1.4465655366517125 -0.077980693046091301

1.4465655366517125 -0.077980693046091301
1.4442024352136111 -0.075616695362099154

1.4442024352136111 -0.075616695362099154
1.4434429968060161 -0.074861465324247645

1.4434429968060161 -0.074861465324247645
1.4410832074917674 -0.072541579992610683

1.4410832074917674 -0.072541579992610683
1.4402687500304627 -0.071742237602403988

1.4402687500304627 -0.071742237602403988
1.4379639797699237 -0.069518420213351237

1.4379639797699237 -0.069518420213351237
1.4370379698787583 -0.068623009880560346

1.4370379698787583 -0.068623009880560346
1.43484475204808 -0.066545396940382029

1.43484475204808 -0.066545396940382029
1.4337487467256353 -0.065503782158716689

1.4337487467256353 -0.065503782158716689
1.4317255243262363 -0.063621100200731875

1.4317255243262363 -0.063621100200731875
1.4303964227144454 -0.062384554436873046

1.4303964227144454 -0.062384554436873046
1.4286062966043929 -0.060746213940027195

1.4286062966043929 -0.060746213940027195
1.426972854594059 -0.05926532671502939

1.426972854594059 -0.05926532671502939
1.4254870688825492 -0.057923687255998869

1.4254870688825492 -0.057923687255998869
1.4234628112993304 -0.05614609899318574

1.4234628112993304 -0.05614609899318574
1.4223678411607055 -0.05516776407192827

1.4223678411607055 -0.05516776407192827
1.4198190277395333 -0.053026871271342091

1.4198190277395333 -0.053026871271342091
1.4192486134388618 -0.052522404384841202

1.4192486134388618 -0.052522404384841202
1.4161293857170181 -0.050033162447540941

1.4161293857170181 -0.050033162447540941
1.4159849980257775 -0.049907643549498434

1.4159849980257775 -0.049907643549498434
1.4130101579951746 -0.047568174689498907

1.4130101579951746 -0.047568174689498907
1.4120777683059107 -0.046788415827654785

1.4120777683059107 -0.046788415827654785
1.4098909302733309 -0.045058212418086462

1.4098909302733309 -0.045058212418086462
1.4081315804032042 -0.043669188105811135

1.4081315804032042 -0.043669188105811135
1.4067717025514872 -0.042582533760737819

1.4067717025514872 -0.042582533760737819
1.4039921091232135 -0.040549960383967479

1.4039921091232135 -0.040549960383967479
1.4036524748296435 -0.040276692482448119

1.4036524748296435 -0.040276692482448119
1.4005332471077998 -0.038125134165334966

1.4005332471077998 -0.038125134165334966
1.3996130157296425 -0.037430732662123829

1.3996130157296425 -0.037430732662123829
1.3974140193859563 -0.035881715262545508

1.3974140193859563 -0.035881715262545508
1.3951075056530753 -0.034311504940280173

1.3951075056530753 -0.034311504940280173
1.3942947916641126 -0.033717559686664227

1.3942947916641126 -0.033717559686664227
1.3911755639422689 -0.031769886867981365

1.3911755639422689 -0.031769886867981365
1.3903426131458543 -0.03119227721843652

1.3903426131458543 -0.03119227721843652
1.3880563362204252 -0.029726470471155651

1.3880563362204252 -0.029726470471155651
1.3853526043278563 -0.028073049496592867

1.3853526043278563 -0.028073049496592867
1.3849371084985815 -0.027790228726666127

1.3849371084985815 -0.027790228726666127
1.3818178807767381 -0.026000068087797923

1.3818178807767381 -0.026000068087797923
1.3800478384927042 -0.024953821774749217

1.3800478384927042 -0.024953821774749217
1.3786986530548944 -0.024141896984331789

1.3786986530548944 -0.024141896984331789
1.3755794253330507 -0.022477258977947723

1.3755794253330507 -0.022477258977947723
1.3744536777219756 -0.021834594052905564

1.3744536777219756 -0.021834594052905564
1.372460197611207 -0.020742675814560765

1.372460197611207 -0.020742675814560765
1.3693409698893635 -0.019167960126340693

1.3693409698893635 -0.019167960126340693
1.3685066699034776 -0.018715366331061911

1.3685066699034776 -0.018715366331061911
1.3662217421675198 -0.017551697272213476

1.3662217421675198 -0.017551697272213476
1.3631025144456761 -0.016063929871196727

1.3631025144456761 -0.016063929871196727
1.3621746389177143 -0.015596138609218262

1.3621746389177143 -0.015596138609218262
1.3599832867238324 -0.014547035385249841

1.3599832867238324 -0.014547035385249841
1.3568640590019887 -0.013149587851753778

1.3568640590019887 -0.013149587851753778
1.3553930481799332 -0.012476910887374609

1.3553930481799332 -0.012476910887374609
1.3537448312801452 -0.01172951173332162

1.3537448312801452 -0.01172951173332162
1.3506256035583015 -0.010417927490303775

1.3506256035583015 -0.010417927490303775
1.3480651915772008 -0.0093576831655309573

1.3480651915772008 -0.0093576831655309573
1.3475063758364578 -0.0091102858330660112

1.3475063758364578 -0.0091102858330660112
1.3443871481146141 -0.0078884555741470172

1.3443871481146141 -0.0078884555741470172
1.3412679203927704 -0.00671766544036585

1.3412679203927704 -0.00671766544036585
1.3399977432937578 -0.0062384554436873043

1.3399977432937578 -0.0062384554436873043
1.338148692670927 -0.0055541607489484569

1.338148692670927 -0.0055541607489484569
1.3350294649490833 -0.0044710688651283708

1.3350294649490833 -0.0044710688651283708
1.3319102372272396 -0.0034360906200738813

1.3319102372272396 -0.0034360906200738813
1.3309606942520265 -0.0031192277218436521

1.3309606942520265 -0.0031192277218436521
1.3287910095053959 -0.0024194683454929204

1.3287910095053959 -0.0024194683454929204
1.3256717817835522 -0.0014739524004569382

1.3256717817835522 -0.0014739524004569382
1.3225525540617087 -0.00057573790960544261

1.3225525540617087 -0.00057573790960544261
1.3204858994944753 0

1.3204858994944753 0
1.319433326339865 0.00029956714176318077

1.319433326339865 0.00029956714176318077
1.3163140986180213 0.0011131363885900159

1.3163140986180213 0.0011131363885900159
1.3131948708961776 0.0018915491131326731

1.3131948708961776 0.0018915491131326731
1.3100756431743339 0.0026220828810985717

1.3100756431743339 0.0026220828810985717
1.3078504146798058 0.0031192277218436517

1.3078504146798058 0.0031192277218436517
1.3069564154524904 0.0033235445132567803

1.3069564154524904 0.0033235445132567803
1.3038371877306467 0.0039749438615126406

1.3038371877306467 0.0039749438615126406
1.300717960008803 0.0045922936700002644

1.300717960008803 0.0045922936700002644
1.2975987322869593 0.0051688033525921859

1.2975987322869593 0.0051688033525921859
1.2944795045651156 0.0057040888328985699

1.2944795045651156 0.0057040888328985699
1.2913602768432721 0.0061971163104783547

1.2913602768432721 0.0061971163104783547
1.2910860094677419 0.0062384554436873043

1.2910860094677419 0.0062384554436873043
1.2882410491214284 0.006653712853459004

1.2882410491214284 0.006653712853459004
1.2851218213995848 0.0070703484443082783

1.2851218213995848 0.0070703484443082783
1.2820025936777411 0.0074470795272601736

1.2820025936777411 0.0074470795272601736
1.2788833659558976 0.0077822177616727675

1.2788833659558976 0.0077822177616727675
1.2757641382340539 0.0080758116821315635

1.2757641382340539 0.0080758116821315635
1.2726449105122102 0.0083290056605048023

1.2726449105122102 0.0083290056605048023
1.2695256827903665 0.0085425890173916955

1.2695256827903665 0.0085425890173916955
1.2664064550685228 0.0087167276964603968

1.2664064550685228 0.0087167276964603968
1.2632872273466793 0.0088513088868400376

1.2632872273466793 0.0088513088868400376
1.2601679996248356 0.0089465551096064647

1.2601679996248356 0.0089465551096064647
1.2570487719029919 0.0090035714976885953

1.2570487719029919 0.0090035714976885953
1.2539295441811482 0.0090238696475271676

1.2539295441811482 0.0090238696475271676
1.2508103164593045 0.0090083324427627145

1.2508103164593045 0.0090083324427627145
1.247691088737461 0.0089568279849580584

1.247691088737461 0.0089568279849580584
1.2445718610156173 0.0088687776783047539

1.2445718610156173 0.0088687776783047539
1.2414526332937736 0.0087439524403624767

1.2414526332937736 0.0087439524403624767
1.2383334055719299 0.0085827285106621787

1.2383334055719299 0.0085827285106621787
1.2352141778500862 0.0083855795657976316

1.2352141778500862 0.0083855795657976316
1.2320949501282428 0.008152274530899558

1.2320949501282428 0.008152274530899558
1.2289757224063991 0.0078818591503054813

1.2289757224063991 0.0078818591503054813
1.2258564946845554 0.0075737025158083126

1.2258564946845554 0.0075737025158083126
1.2227372669627117 0.0072277827054389454

1.2227372669627117 0.0072277827054389454
1.219618039240868 0.006843839883135746

1.219618039240868 0.006843839883135746
1.2164988115190245 0.0064240100339074731

1.2164988115190245 0.0064240100339074731
1.215256336064485 0.0062384554436873043

1.215256336064485 0.0062384554436873043
1.2133795837971808 0.0059598601222502524

1.2133795837971808 0.0059598601222502524
1.2102603560753371 0.0054634842245365059

1.2102603560753371 0.0054634842245365059
1.2071411283534934 0.0049271669131306485

1.2071411283534934 0.0049271669131306485
1.2040219006316497 0.0043520683384725917

1.2040219006316497 0.0043520683384725917
1.2009026729098062 0.0037383187562538738

1.2009026729098062 0.0037383187562538738
1.1979418699424622 0.0031192277218436517

1.1979418699424622 0.0031192277218436517
1.1977834451879625 0.0030844133463654179

1.1977834451879625 0.0030844133463654179
1.1946642174661188 0.0023955691739863776

1.1946642174661188 0.0023955691739863776
1.1915449897442751 0.0016665669610793053

1.1915449897442751 0.0016665669610793053
1.1884257620224317 0.00089882034102631249

1.1884257620224317 0.00089882034102631249
1.185306534300588 9.7807416621195978e-05

1.185306534300588 9.7807416621195978e-05
1.1849638972663774 0

1.1849638972663774 0
1.1821873065787443 -0.00075193465853199022

1.1821873065787443 -0.00075193465853199022
1.1790680788569006 -0.0016330099262107582

1.1790680788569006 -0.0016330099262107582
1.1759488511350569 -0.0025455446640824551

1.1759488511350569 -0.0025455446640824551
1.1741026289877554 -0.0031192277218436521

1.1741026289877554 -0.0031192277218436521
1.1728296234132134 -0.0035211513207697755

1.1728296234132134 -0.0035211513207697755
1.1697103956913697 -0.0045047102223398968

1.1697103956913697 -0.0045047102223398968
1.166591167969526 -0.005528638067129262

1.166591167969526 -0.005528638067129262
1.1645348814573064 -0.0062384554436873043

1.1645348814573064 -0.0062384554436873043
1.1634719402476823 -0.0066163204108663012

1.1634719402476823 -0.0066163204108663012
1.1603527125258386 -0.0077039484501882985

1.1603527125258386 -0.0077039484501882985
1.1572334848039951 -0.0088246169057821493

1.1572334848039951 -0.0088246169057821493
1.1558511451542444 -0.0093576831655309573

1.1558511451542444 -0.0093576831655309573
1.1541142570821514 -0.010021125558627133

1.1541142570821514 -0.010021125558627133
1.1509950293603077 -0.011210715369709001

1.1509950293603077 -0.011210715369709001
1.147875801638464 -0.012439215441424758

1.147875801638464 -0.012439215441424758
1.1477914397511211 -0.012476910887374609

1.1477914397511211 -0.012476910887374609
1.1447565739166203 -0.013704952033951117

1.1447565739166203 -0.013704952033951117
1.1416373461947769 -0.014979293859464719

1.1416373461947769 -0.014979293859464719
1.1402294068971066 -0.015596138609218262

1.1402294068971066 -0.015596138609218262
1.1385181184729332 -0.016338916951195048

1.1385181184729332 -0.016338916951195048
1.1353988907510895 -0.017671527319496796

1.1353988907510895 -0.017671527319496796
1.1330687279689138 -0.018715366331061911

1.1330687279689138 -0.018715366331061911
1.1322796630292458 -0.019090057358048178

1.1322796630292458 -0.019090057358048178
1.1291604353074021 -0.020486678337144126

1.1291604353074021 -0.020486678337144126
1.1262725638280136 -0.021834594052905564

1.1262725638280136 -0.021834594052905564
1.1260412075855586 -0.021954680064067488

1.1260412075855586 -0.021954680064067488
1.1229219798637149 -0.023435661496154312

1.1229219798637149 -0.023435661496154312
1.1198313295685522 -0.024953821774749217

1.1198313295685522 -0.024953821774749217
1.1198027521418712 -0.024969810256379597

1.1198027521418712 -0.024969810256379597
1.1166835244200275 -0.026539890729604228

1.1166835244200275 -0.026539890729604228
1.1137184812536405 -0.028073049496592867

1.1137184812536405 -0.028073049496592867
1.1135642966981838 -0.028163436035744525

1.1135642966981838 -0.028163436035744525
1.1104450689763403 -0.029800791282429701

1.1104450689763403 -0.029800791282429701
1.1078980348295886 -0.03119227721843652

1.1078980348295886 -0.03119227721843652
1.1073258412544966 -0.031535060422110683

1.1073258412544966 -0.031535060422110683
1.1042066135326529 -0.033216382720468604

1.1042066135326529 -0.033216382720468604
1.102324655262694 -0.034311504940280173

1.102324655262694 -0.034311504940280173
1.1010873858108092 -0.035055037061972924

1.1010873858108092 -0.035055037061972924
1.0979681580889658 -0.036787690643591817

1.0979681580889658 -0.036787690643591817
1.0969565060113013 -0.037430732662123829

1.0969565060113013 -0.037430732662123829
1.0948489303671221 -0.03870147437605366

1.0948489303671221 -0.03870147437605366
1.0917553987990996 -0.040549960383967479

1.0917553987990996 -0.040549960383967479
1.0917297026452784 -0.040567734825882371

1.0917297026452784 -0.040567734825882371
1.0886104749234347 -0.042449817345037034

1.0886104749234347 -0.042449817345037034
1.0866974450128717 -0.043669188105811135

1.0866974450128717 -0.043669188105811135
1.085491247201591 -0.044467885654345098

1.085491247201591 -0.044467885654345098
1.0823720194797475 -0.046347784173818331

1.0823720194797475 -0.046347784173818331
1.0817439687069517 -0.046788415827654785

1.0817439687069517 -0.046788415827654785
1.0792527917579038 -0.048383567474795761

1.0792527917579038 -0.048383567474795761
1.0769168480420184 -0.049907643549498434

1.0769168480420184 -0.049907643549498434
1.0761335640360601 -0.050461827065527216

1.0761335640360601 -0.050461827065527216
1.0730143363142164 -0.052405453138436427

1.0730143363142164 -0.052405453138436427
1.07214867267308 -0.053026871271342091

1.07214867267308 -0.053026871271342091
1.0698951085923727 -0.054536233919715273

1.0698951085923727 -0.054536233919715273
1.067507751203258 -0.05614609899318574

1.067507751203258 -0.05614609899318574
1.0667758808705292 -0.056683297501605154

1.0667758808705292 -0.056683297501605154
1.0636566531486855 -0.058698108277541197

1.0636566531486855 -0.058698108277541197
1.0628959606232695 -0.05926532671502939

1.0628959606232695 -0.05926532671502939
1.0605374254268418 -0.06089340693178702

1.0605374254268418 -0.06089340693178702
1.0584267082994872 -0.062384554436873046

1.0584267082994872 -0.062384554436873046
1.0574181977049981 -0.063139585065726894

1.0574181977049981 -0.063139585065726894
1.0542989699831544 -0.065237064125071867

1.0542989699831544 -0.065237064125071867
1.053956079706019 -0.065503782158716689

1.053956079706019 -0.065503782158716689
1.0511797422613109 -0.06744402406392043

1.0511797422613109 -0.06744402406392043
1.049602939294269 -0.068623009880560346

1.049602939294269 -0.068623009880560346
1.0480605145394672 -0.069780208894298978

1.0480605145394672 -0.069780208894298978
1.0452999654084685 -0.071742237602403988

1.0452999654084685 -0.071742237602403988
1.0449412868176235 -0.072025828684313731

1.0449412868176235 -0.072025828684313731
1.0418220590957799 -0.074184086342642216

1.0418220590957799 -0.074184086342642216
1.0409540730800093 -0.074861465324247645

1.0409540730800093 -0.074861465324247645
1.0387028313739362 -0.076507224563494056

1.0387028313739362 -0.076507224563494056
1.0367201311074479 -0.077980693046091301

1.0367201311074479 -0.077980693046091301
1.0355836036520927 -0.078861545711478492

1.0355836036520927 -0.078861545711478492
1.032464375930249 -0.081059264640347323

1.032464375930249 -0.081059264640347323
1.0324136014359966 -0.081099920767934958

1.0324136014359966 -0.081099920767934958
1.0293451482084053 -0.083265322437104355

1.0293451482084053 -0.083265322437104355
1.0280957598631344 -0.0842191484897786

1.0280957598631344 -0.0842191484897786
1.0262259204865616 -0.085602105569924716

1.0262259204865616 -0.085602105569924716
1.0237889431113354 -0.087338376211622257

1.0237889431113354 -0.087338376211622257
1.0231066927647179 -0.087865551509404449

1.0231066927647179 -0.087865551509404449
1.0199874650428744 -0.089957775952640526

1.0199874650428744 -0.089957775952640526
1.0193304982985183 -0.090457603933465913

1.0193304982985183 -0.090457603933465913
1.0168682373210307 -0.092170032017138886

1.0168682373210307 -0.092170032017138886
1.0148572584973321 -0.093576831655309556

1.0148572584973321 -0.093576831655309556
1.013749009599187 -0.094388512436674815

1.013749009599187 -0.094388512436674815
1.0106297818773433 -0.096394666625761238

1.0106297818773433 -0.096394666625761238
1.010217484984115 -0.096696059377153212

1.010217484984115 -0.096696059377153212
1.0075105541554998 -0.098459560046584807

1.0075105541554998 -0.098459560046584807
1.0054180784298508 -0.099815287098996869

1.0054180784298508 -0.099815287098996869
1.0043913264336561 -0.10051669052455058

1.0043913264336561 -0.10051669052455058
1.0012720987118124 -0.10234355132287867

1.0012720987118124 -0.10234355132287867
1.0003459143730717 -0.10293451482084051

1.0003459143730717 -0.10293451482084051
0.99815287098996863 -0.10424443314968838

0.99815287098996863 -0.10424443314968838
0.99503364326812505 -0.10596988247513255

0.99503364326812505 -0.10596988247513255
0.99489460105230543 -0.10605374254268417

0.99489460105230543 -0.10605374254268417
0.99191441554628135 -0.10762792990913213

0.99191441554628135 -0.10762792990913213
0.98879518782443776 -0.10915940607572436

0.98879518782443776 -0.10915940607572436
0.98876859541023443 -0.10917297026452782

0.98876859541023443 -0.10917297026452782
0.98567596010259406 -0.11056791014766651

0.98567596010259406 -0.11056791014766651
0.98255673238075036 -0.11182327592071925

0.98255673238075036 -0.11182327592071925
0.9812880498598191 -0.11229219798637147

0.9812880498598191 -0.11229219798637147
0.97943750465890678 -0.11295999035514752

0.97943750465890678 -0.11295999035514752
0.97631827693706308 -0.11390722628007133

0.97631827693706308 -0.11390722628007133
0.97319904921521949 -0.11469708724053583

0.97319904921521949 -0.11469708724053583
0.97007982149337579 -0.11528729887172218

0.97007982149337579 -0.11528729887172218
0.96907728007139038 -0.11541142570821512

0.96907728007139038 -0.11541142570821512
0.9669605937715321 -0.11566835337373745

0.9669605937715321 -0.11566835337373745
0.96384136604968851 -0.11583455733806915

0.96384136604968851 -0.11583455733806915
0.96072213832784481 -0.11579162785871666

0.96072213832784481 -0.11579162785871666
0.95760291060600122 -0.1155314559455885

0.95760291060600122 -0.1155314559455885
0.95683874012326353 -0.11541142570821512

0.95683874012326353 -0.11541142570821512
0.95448368288415752 -0.11504559251893756

0.95448368288415752 -0.11504559251893756
0.95136445516231394 -0.11434003310837311

0.95136445516231394 -0.11434003310837311
0.94824522744047024 -0.11339208639061983

0.94824522744047024 -0.11339208639061983
0.94539168145833241 -0.11229219798637147

0.94539168145833241 -0.11229219798637147
0.94512599971862654 -0.11217962982700432

0.94512599971862654 -0.11217962982700432
0.94200677199678295 -0.11072591280886483

0.94200677199678295 -0.11072591280886483
0.93921921692922961 -0.10917297026452782

0.93921921692922961 -0.10917297026452782
0.93888754427493926 -0.10896281532492511

0.93888754427493926 -0.10896281532492511
0.93576831655309567 -0.10703745956648471

0.93576831655309567 -0.10703745956648471
0.9344742605049986 -0.10605374254268417

0.9344742605049986 -0.10605374254268417
0.93264908883125197 -0.10467572220892953

0.93264908883125197 -0.10467572220892953
0.93051600346068453 -0.10293451482084051

0.93051600346068453 -0.10293451482084051
0.92952986110940827 -0.10207853088217367

0.92952986110940827 -0.10207853088217367
0.92696727309388516 -0.099815287098996869

0.92696727309388516 -0.099815287098996869
0.92641063338756469 -0.099287690198780018

0.92641063338756469 -0.099287690198780018
0.92374168439872018 -0.096696059377153212

0.92374168439872018 -0.096696059377153212
0.92329140566572099 -0.096241127462111345

0.92329140566572099 -0.096241127462111345
0.92075193611690953 -0.093576831655309556

0.92075193611690953 -0.093576831655309556
0.9201721779438774 -0.092965966066845804

0.9201721779438774 -0.092965966066845804
0.9178938494209401 -0.090457603933465913

0.9178938494209401 -0.090457603933465913
0.9170529502220337 -0.089541033698429723

0.9170529502220337 -0.089541033698429723
0.91511258096441017 -0.087338376211622257

0.91511258096441017 -0.087338376211622257
0.91393372250019 -0.085999068085937061

0.91393372250019 -0.085999068085937061
0.91240014027904215 -0.0842191484897786

0.91240014027904215 -0.0842191484897786
0.91081449477834642 -0.08232982815218709

0.91081449477834642 -0.08232982815218709
0.9097644186247219 -0.081099920767934958

0.9097644186247219 -0.081099920767934958
0.90769526705650272 -0.078525325499476467

0.90769526705650272 -0.078525325499476467
0.90722672694457129 -0.077980693046091301

0.90722672694457129 -0.077980693046091301
0.90479850825877162 -0.074861465324247645

0.90479850825877162 -0.074861465324247645
0.90457603933465913 -0.074603992393464866

0.90457603933465913 -0.074603992393464866
0.90231574660331859 -0.071742237602403988

0.90231574660331859 -0.071742237602403988
0.90145681161281543 -0.070725445345407367

0.90145681161281543 -0.070725445345407367
0.89974926910572939 -0.068623009880560346

0.89974926910572939 -0.068623009880560346
0.89833758389097185 -0.066917734007125515

0.89833758389097185 -0.066917734007125515
0.89715157868023854 -0.065503782158716689

0.89715157868023854 -0.065503782158716689
0.89521835616912815 -0.063131479215950664

0.89521835616912815 -0.063131479215950664
0.89457259529137167 -0.062384554436873046

0.89457259529137167 -0.062384554436873046
0.89209912844728445 -0.059321739713072731

0.89209912844728445 -0.059321739713072731
0.89204917648632487 -0.05926532671502939

0.89204917648632487 -0.05926532671502939
0.88950504888387971 -0.05614609899318574

0.88950504888387971 -0.05614609899318574
0.88897990072544086 -0.055555457312981393

0.88897990072544086 -0.055555457312981393
0.88684012424689129 -0.053026871271342091

0.88684012424689129 -0.053026871271342091
0.88586067300359717 -0.051933232886282793

0.88586067300359717 -0.051933232886282793
0.88407457623150643 -0.049907643549498434

0.88407457623150643 -0.049907643549498434
0.88274144528175358 -0.048440233135038341

0.88274144528175358 -0.048440233135038341
0.88123424317085897 -0.046788415827654785

0.88123424317085897 -0.046788415827654785
0.87962221755990988 -0.045040100510020518

0.87962221755990988 -0.045040100510020518
0.87834143666627851 -0.043669188105811135

0.87834143666627851 -0.043669188105811135
0.87650298983806618 -0.041703735838109525

0.87650298983806618 -0.041703735838109525
0.8754035612542993 -0.040549960383967479

0.8754035612542993 -0.040549960383967479
0.8733837621162226 -0.038434715498240409

0.8733837621162226 -0.038434715498240409
0.87240578089085263 -0.037430732662123829

0.87240578089085263 -0.037430732662123829
0.8702645343943789 -0.035247811495683075

0.8702645343943789 -0.035247811495683075
0.86933256101020895 -0.034311504940280173

0.86933256101020895 -0.034311504940280173
0.86714530667253531 -0.032137251017879613

0.86714530667253531 -0.032137251017879613
0.86618838663926834 -0.03119227721843652

0.86618838663926834 -0.03119227721843652
0.86402607895069161 -0.029091559315188479

0.86402607895069161 -0.029091559315188479
0.86297331331757632 -0.028073049496592867

0.86297331331757632 -0.028073049496592867
0.86090685122884802 -0.026116428976325927

0.86090685122884802 -0.026116428976325927
0.85967417367439325 -0.024953821774749217

0.85967417367439325 -0.024953821774749217
0.85778762350700433 -0.023212315549758653

0.85778762350700433 -0.023212315549758653
0.85628001317224889 -0.021834594052905564

0.85628001317224889 -0.021834594052905564
0.85466839578516063 -0.020380411256300236

0.85466839578516063 -0.020380411256300236
0.85277146424872285 -0.018715366331061911

0.85277146424872285 -0.018715366331061911
0.85154916806331704 -0.017633144922822697

0.85154916806331704 -0.017633144922822697
0.84909456085061419 -0.015596138609218262

0.84909456085061419 -0.015596138609218262
0.84842994034147334 -0.015017142560813808

0.84842994034147334 -0.015017142560813808
0.84531071261962976 -0.01259346390513994

0.84531071261962976 -0.01259346390513994
0.84517361140243863 -0.012476910887374609

0.84517361140243863 -0.012476910887374609
0.84219148489778606 -0.010208860562598909

0.84219148489778606 -0.010208860562598909
0.84113493534309014 -0.0093576831655309573

0.84113493534309014 -0.0093576831655309573
0.83907225717594236 -0.0077777936529865874

0.83907225717594236 -0.0077777936529865874
0.83700338026559118 -0.0062384554436873043

0.83700338026559118 -0.0062384554436873043
0.83595302945409877 -0.0054218593690592391

0.83595302945409877 -0.0054218593690592391
0.83283380173225507 -0.0033006703039243882

0.83283380173225507 -0.0033006703039243882
0.83259625398166004 -0.0031192277218436521

0.83259625398166004 -0.0031192277218436521
0.82971457401041149 -0.0011806591968151424

0.82971457401041149 -0.0011806591968151424
0.82799069818706428 0

0.82799069818706428 0
0.82659534628856779 0.00097024101429726882

0.82659534628856779 0.00097024101429726882
0.82347611856672409 0.0029006318377120636

0.82347611856672409 0.0029006318377120636
0.82316454332458766 0.0031192277218436517

0.82316454332458766 0.0031192277218436517
0.8203568908448805 0.0048568402424307407

0.8203568908448805 0.0048568402424307407
0.81808596198348393 0.0062384554436873043

0.81808596198348393 0.0062384554436873043
0.81723766312303681 0.0067910634146673447

0.81723766312303681 0.0067910634146673447
0.81411843540119322 0.0085287619061045032

0.81411843540119322 0.0085287619061045032
0.81271534920747535 0.0093576831655309556

0.81271534920747535 0.0093576831655309556
0.81099920767934952 0.010354752857680432

0.81099920767934952 0.010354752857680432
0.80787997995750593 0.012006883447131723

0.80787997995750593 0.012006883447131723
0.80706562279184113 0.012476910887374609

0.80706562279184113 0.012476910887374609
0.80476075223566224 0.013718871461112656

0.80476075223566224 0.013718871461112656
0.80164152451381854 0.01529987737790728

0.80164152451381854 0.01529987737790728
0.80110574336430307 0.01559613860921826

0.80110574336430307 0.01559613860921826
0.79852229679197495 0.016903572315015061

0.79852229679197495 0.016903572315015061
0.79540306907013125 0.018405252916377859

0.79540306907013125 0.018405252916377859
0.79480575003186749 0.018715366331061915

0.79480575003186749 0.018715366331061915
0.79228384134828767 0.019925769851915499

0.79228384134828767 0.019925769851915499
0.78916461362644397 0.021345928009527972

0.78916461362644397 0.021345928009527972
0.78813809026412707 0.021834594052905568

0.78813809026412707 0.021834594052905568
0.78604538590460027 0.022790272048521052

0.78604538590460027 0.022790272048521052
0.78292615818275668 0.024132985235230931

0.78292615818275668 0.024132985235230931
0.78103332309125029 0.024953821774749217

0.78103332309125029 0.024953821774749217
0.77980693046091298 0.025497446458079845

0.77980693046091298 0.025497446458079845
0.7766877027390694 0.026770888287787693

0.7766877027390694 0.026770888287787693
0.7735684750172257 0.02802353877150152

0.7735684750172257 0.02802353877150152
0.77345358579892498 0.02807304949659287

0.77345358579892498 0.02807304949659287
0.77044924729538211 0.029248626056900547

0.77044924729538211 0.029248626056900547
0.76733001957353841 0.030425503355669667

0.76733001957353841 0.030425503355669667
0.76527591623595614 0.03119227721843652

0.76527591623595614 0.03119227721843652
0.76421079185169472 0.031601439221723343

0.76421079185169472 0.031601439221723343
0.76109156412985113 0.032703691706625945

0.76109156412985113 0.032703691706625945
0.75797233640800743 0.033775015406865588

0.75797233640800743 0.033775015406865588
0.75640927206226793 0.034311504940280173

0.75640927206226793 0.034311504940280173
0.75485310868616384 0.034844997676024191

0.75485310868616384 0.034844997676024191
0.75173388096432014 0.035850288704831257

0.75173388096432014 0.035850288704831257
0.74861465324247645 0.036830539936768991

0.74861465324247645 0.036830539936768991
0.74668900237617697 0.037430732662123822

0.74668900237617697 0.037430732662123822
0.74549542552063286 0.037809301021922259

0.74549542552063286 0.037809301021922259
0.74237619779878916 0.03873471745009302

0.74237619779878916 0.03873471745009302
0.73925697007694557 0.03964504206598822

0.73925697007694557 0.03964504206598822
0.73613774235510188 0.04052885225244502

0.73613774235510188 0.04052885225244502
0.73606653504368014 0.040549960383967479

0.73606653504368014 0.040549960383967479
0.73301851463325818 0.041393080243495223

0.73301851463325818 0.041393080243495223
0.72989928691141459 0.04223474612358346

0.72989928691141459 0.04223474612358346
0.72678005918957089 0.04305330524398026

0.72678005918957089 0.04305330524398026
0.72439169840268314 0.043669188105811128

0.72439169840268314 0.043669188105811128
0.72366083146772731 0.043864196006860957

0.72366083146772731 0.043864196006860957
0.72054160374588361 0.044639112245470375

0.72054160374588361 0.044639112245470375
0.71742237602404002 0.045401106653332024

0.71742237602404002 0.045401106653332024
0.71430314830219632 0.04614361615107173

0.71430314830219632 0.04614361615107173
0.71153303771598497 0.046788415827654778

0.71153303771598497 0.046788415827654778
0.71118392058035262 0.046873463694870013

0.71118392058035262 0.046873463694870013
0.70806469285850904 0.047577325187665435

0.70806469285850904 0.047577325187665435
0.70494546513666534 0.048266887224667057

0.70494546513666534 0.048266887224667057
0.70182623741482175 0.048938783586575337

0.70182623741482175 0.048938783586575337
0.69870700969297805 0.04958889695890964

0.69870700969297805 0.04958889695890964
0.69716799793896056 0.049907643549498434

0.69716799793896056 0.049907643549498434
0.69558778197113436 0.050234480808927867

0.69558778197113436 0.050234480808927867
0.69246855424929077 0.050851449772347256

0.69246855424929077 0.050851449772347256
0.68934932652744707 0.051456113474952499

0.68934932652744707 0.051456113474952499
0.68623009880560348 0.05204573905561391

0.68623009880560348 0.05204573905561391
0.68311087108375979 0.052620757040256101

0.68311087108375979 0.052620757040256101
0.68087173683945323 0.053026871271342084

0.68087173683945323 0.053026871271342084
0.6799916433619162 0.053189620746377134

0.6799916433619162 0.053189620746377134
0.6768724156400725 0.053737478381661041

0.6768724156400725 0.053737478381661041
0.6737531879182288 0.054279035458445209

0.6737531879182288 0.054279035458445209
0.67063396019638521 0.054811728141384582

0.67063396019638521 0.054811728141384582
0.66751473247454152 0.055336720306909254

0.66751473247454152 0.055336720306909254
0.66439550475269793 0.055851921350767601

0.66439550475269793 0.055851921350767601
0.66260693668155479 0.056146098993185733

0.66260693668155479 0.056146098993185733
0.66127627703085423 0.05636621499038634

0.66127627703085423 0.05636621499038634
0.65815704930901053 0.056863733712851139

0.65815704930901053 0.056863733712851139
0.65503782158716695 0.05735659534499072

0.65503782158716695 0.05735659534499072
0.65191859386532325 0.057843403042380302

0.65191859386532325 0.057843403042380302
0.64879936614347966 0.05832377165979663

0.64879936614347966 0.05832377165979663
0.64568013842163596 0.05879722715101493

0.64568013842163596 0.05879722715101493
0.64256091069979226 0.059263399085639927

0.64256091069979226 0.059263399085639927
0.64254828052590041 0.05926532671502939

0.64254828052590041 0.05926532671502939
0.63944168297794868 0.059722021906922218

0.63944168297794868 0.059722021906922218
0.63632245525610498 0.060172811372586697

0.63632245525610498 0.060172811372586697
0.63320322753426139 0.060616704276611248

0.63320322753426139 0.060616704276611248
0.63008399981241769 0.061054410643518096

0.63008399981241769 0.061054410643518096
0.62696477209057411 0.061486182706055097

0.62696477209057411 0.061486182706055097
0.62384554436873041 0.061912658350198345

0.62384554436873041 0.061912658350198345
0.62072631664688671 0.062333640183994933

0.62072631664688671 0.062333640183994933
0.62035735289226535 0.06238455443687304

0.62035735289226535 0.06238455443687304
0.61760708892504312 0.062754289167243807

0.61760708892504312 0.062754289167243807
0.61448786120319943 0.0631712921496866

0.61448786120319943 0.0631712921496866
0.61136863348135584 0.063588459524904981

0.61136863348135584 0.063588459524904981
0.60824940575951214 0.064006912342651073

0.60824940575951214 0.064006912342651073
0.60513017803766844 0.064427658293178508

0.60513017803766844 0.064427658293178508
0.60201095031582486 0.06485115218706855

0.60201095031582486 0.06485115218706855
0.59889172259398116 0.06527490558994084

0.59889172259398116 0.06527490558994084
0.5972283030440898 0.065503782158716703

0.5972283030440898 0.065503782158716703
0.59577249487213757 0.065704550856715713

0.59577249487213757 0.065704550856715713
0.59265326715029387 0.066127547664182315

0.59265326715029387 0.066127547664182315
0.58953403942845028 0.066551584052141677

0.58953403942845028 0.066551584052141677
0.58641481170660659 0.066975849713575897

0.58641481170660659 0.066975849713575897
0.58329558398476289 0.067399653552875763

0.58329558398476289 0.067399653552875763
0.5801763562629193 0.067822140047482007

0.5801763562629193 0.067822140047482007
0.5770571285410756 0.068242970648225904

0.5770571285410756 0.068242970648225904
0.57422414181823422 0.068623009880560346

0.57422414181823422 0.068623009880560346
0.57393790081923202 0.068662483650290942

0.57393790081923202 0.068662483650290942
0.57081867309738832 0.069076368441868083

0.57081867309738832 0.069076368441868083
0.56769944537554462 0.069488513625683243

0.56769944537554462 0.069488513625683243
0.56458021765370103 0.069899059256144716

0.56458021765370103 0.069899059256144716
0.56146098993185733 0.070309259188807302

0.56146098993185733 0.070309259188807302
0.55834176221001375 0.070719279010255279

0.55834176221001375 0.070719279010255279
0.55522253448817005 0.071129600613784191

0.55522253448817005 0.071129600613784191
0.55210330676632646 0.071539900304580309

0.55210330676632646 0.071539900304580309
0.55059504901614886 0.071742237602404002

0.55059504901614886 0.071742237602404002
0.54898407904448276 0.071958138944346522

0.54898407904448276 0.071958138944346522
0.54586485132263907 0.072373708487643976

0.54586485132263907 0.072373708487643976
0.54274562360079548 0.072793580257166493

0.54274562360079548 0.072793580257166493
0.53962639587895178 0.073216797051312149

0.53962639587895178 0.073216797051312149
0.53650716815710819 0.073643726358405659

0.53650716815710819 0.073643726358405659
0.5333879404352645 0.074074436765101365

0.5333879404352645 0.074074436765101365
0.5302687127134208 0.074509505983445995

0.5302687127134208 0.074509505983445995
0.52776430972015742 0.074861465324247659

0.52776430972015742 0.074861465324247659
0.52714948499157721 0.074949745137092003

0.52714948499157721 0.074949745137092003
0.52403025726973351 0.075386644601923944

0.52403025726973351 0.075386644601923944
0.52091102954788993 0.075828003563843671

0.52091102954788993 0.075828003563843671
0.51779180182604623 0.076270884121894228

0.51779180182604623 0.076270884121894228
0.51467257410420253 0.076715575523446461

0.51467257410420253 0.076715575523446461
0.51155334638235894 0.07716280356524334

0.51155334638235894 0.07716280356524334
0.50843411866051524 0.077613379598392693

0.50843411866051524 0.077613379598392693
0.50591227999882848 0.077980693046091315

0.50591227999882848 0.077980693046091315
0.50531489093867166 0.078069706499278552

0.50531489093867166 0.078069706499278552
0.50219566321682796 0.078525039347861245

0.50219566321682796 0.078525039347861245
0.49907643549498437 0.078988755645474751

0.49907643549498437 0.078988755645474751
0.49595720777314067 0.079458742048854239

0.49595720777314067 0.079458742048854239
0.49283798005129703 0.079936120771687463

0.49283798005129703 0.079936120771687463
0.48971875232945339 0.08042159317598295

0.48971875232945339 0.08042159317598295
0.48659952460760969 0.080912734632433272

0.48659952460760969 0.080912734632433272
0.48545856087926159 0.081099920767934958

0.48545856087926159 0.081099920767934958
0.48348029688576605 0.081421064011476793

0.48348029688576605 0.081421064011476793
0.48036106916392241 0.081932439207310956

0.48036106916392241 0.081932439207310956
0.47724184144207876 0.082454716283461543

0.47724184144207876 0.082454716283461543
0.47412261372023512 0.082985259316667184

0.47412261372023512 0.082985259316667184
0.47100338599839148 0.0835234758861126

0.47100338599839148 0.0835234758861126
0.46788415827654778 0.084064321637891806

0.46788415827654778 0.084064321637891806
0.46702544581960542 0.084219148489778614

0.46702544581960542 0.084219148489778614
0.46476493055470414 0.084618713528402986

0.46476493055470414 0.084618713528402986
0.46164570283286049 0.085171913078290265

0.46164570283286049 0.085171913078290265
0.45852647511101685 0.085730485920813559

0.45852647511101685 0.085730485920813559
0.45540724738917321 0.086291352791049283

0.45540724738917321 0.086291352791049283
0.45228801966732957 0.086853648957700522

0.45228801966732957 0.086853648957700522
0.44961221835777698 0.087338376211622271

0.44961221835777698 0.087338376211622271
0.44916879194548587 0.087421398140035161

0.44916879194548587 0.087421398140035161
0.44604956422364223 0.087984801816114455

0.44604956422364223 0.087984801816114455
0.44293033650179858 0.088552274545913509

0.44293033650179858 0.088552274545913509
0.43981110877995494 0.089120189606337927

0.43981110877995494 0.089120189606337927
0.4366918810581113 0.089688653570410976

0.4366918810581113 0.089688653570410976
0.4335726533362676 0.090254130224651521

0.4335726533362676 0.090254130224651521
0.43248282290486284 0.090457603933465913

0.43248282290486284 0.090457603933465913
0.43045342561442396 0.090831271391389523

0.43045342561442396 0.090831271391389523
0.42733419789258031 0.091402546736804813

0.42733419789258031 0.091402546736804813
0.42421497017073667 0.091979095625923615

0.42421497017073667 0.091979095625923615
0.42109574244889303 0.092559114331172171

0.42109574244889303 0.092559114331172171
0.41797651472704939 0.093141071932899763

0.41797651472704939 0.093141071932899763
0.41566664025094824 0.09357683165530957

0.41566664025094824 0.09357683165530957
0.41485728700520569 0.09373308282787951

0.41485728700520569 0.09373308282787951
0.41173805928336205 0.094319760559136448

0.41173805928336205 0.094319760559136448
0.4086188315615184 0.094916265466920571

0.4086188315615184 0.094916265466920571
0.40549960383967476 0.0955194968545129

0.40549960383967476 0.0955194968545129
0.40238037611783112 0.096129100466270059

0.40238037611783112 0.096129100466270059
0.39950569829573945 0.096696059377153226

0.39950569829573945 0.096696059377153226
0.39926114839598748 0.09674639206434156

0.39926114839598748 0.09674639206434156
0.39614192067414378 0.097362693264986977

0.39614192067414378 0.097362693264986977
0.39302269295230013 0.097983015989605668

0.39302269295230013 0.097983015989605668
0.38990346523045649 0.098604343998767788

0.38990346523045649 0.098604343998767788
0.38678423750861285 0.099225811188561788

0.38678423750861285 0.099225811188561788
0.38382060534900997 0.099815287098996869

0.38382060534900997 0.099815287098996869
0.38366500978676921 0.099847682974640431

0.38366500978676921 0.099847682974640431
0.38054578206492556 0.10046340720353487

0.38054578206492556 0.10046340720353487
0.37742655434308187 0.10107517053952472

0.37742655434308187 0.10107517053952472
0.37430732662123822 0.10167953765012115

0.37430732662123822 0.10167953765012115
0.37118809889939458 0.10227568990846635

0.37118809889939458 0.10227568990846635
0.36806887117755094 0.10286126526687975

0.36806887117755094 0.10286126526687975
0.36768973922873943 0.10293451482084053

0.36768973922873943 0.10293451482084053
0.3649496434557073 0.10344509133681976

0.3649496434557073 0.10344509133681976
0.36183041573386365 0.10401845358574953

0.36183041573386365 0.10401845358574953
0.35871118801201995 0.10458512569442716

0.35871118801201995 0.10458512569442716
0.35559196029017631 0.10514485097031188

0.35559196029017631 0.10514485097031188
0.35247273256833267 0.10569638914846327

0.35247273256833267 0.10569638914846327
0.35046159108987318 0.10605374254268418

0.35046159108987318 0.10605374254268418
0.34935350484648903 0.10625320636359814

0.34935350484648903 0.10625320636359814
0.34623427712464538 0.10680153741101032

0.34623427712464538 0.10680153741101032
0.34311504940280169 0.10735392512715107

0.34311504940280169 0.10735392512715107
0.33999582168095804 0.10790725737761399

0.33999582168095804 0.10790725737761399
0.3368765939591144 0.10846226510667742

0.3368765939591144 0.10846226510667742
0.33375736623727076 0.10901418785348663

0.33375736623727076 0.10901418785348663
0.33288637778353408 0.10917297026452782

0.33288637778353408 0.10917297026452782
0.33063813851542712 0.10957474467053202

0.33063813851542712 0.10957474467053202
0.32751891079358347 0.11012914517553066

0.32751891079358347 0.11012914517553066
0.32439968307173978 0.11068541078476631

0.32439968307173978 0.11068541078476631
0.32128045534989613 0.11124282791611366

0.32128045534989613 0.11124282791611366
0.31816122762805249 0.11180062553525232

0.31816122762805249 0.11180062553525232
0.31541231718812474 0.11229219798637148

0.31541231718812474 0.11229219798637148
0.31504199990620885 0.11236075405196091

0.31504199990620885 0.11236075405196091
0.3119227721843652 0.11291333932709172

0.3119227721843652 0.11291333932709172
0.30880354446252156 0.11346413089355467

0.30880354446252156 0.11346413089355467
0.30568431674067786 0.11400964935857655

0.30568431674067786 0.11400964935857655
0.30256508901883422 0.11454850069597285

0.30256508901883422 0.11454850069597285
0.29944586129699058 0.11507839905866828

0.29944586129699058 0.11507839905866828
0.29748015633293079 0.11541142570821514

0.29748015633293079 0.11541142570821514
0.29632663357514694 0.11560898532566649

0.29632663357514694 0.11560898532566649
0.29320740585330329 0.11612547074100238

0.29320740585330329 0.11612547074100238
0.29008817813145965 0.11664006087422071

0.29008817813145965 0.11664006087422071
0.28696895040961595 0.11715047924845892

0.28696895040961595 0.11715047924845892
0.28384972268777231 0.11765778508552389

0.28384972268777231 0.11765778508552389
0.28073049496592867 0.11816106383646197

0.28073049496592867 0.11816106383646197
0.27844300679410688 0.11853065343005878

0.27844300679410688 0.11853065343005878
0.27761126724408502 0.11866761705093139

0.27761126724408502 0.11866761705093139
0.27449203952224138 0.11916553675688972

0.27449203952224138 0.11916553675688972
0.27137281180039774 0.11966388850007388

0.27137281180039774 0.11966388850007388
0.26825358407855404 0.12016050770909197

0.26825358407855404 0.12016050770909197
0.2651343563567104 0.12065632458877747

0.2651343563567104 0.12065632458877747
0.26201512863486676 0.12115187122341269

0.26201512863486676 0.12115187122341269
0.25889590091302311 0.12164620682324645

0.25889590091302311 0.12164620682324645
0.25887350156862776 0.12164988115190244

0.25887350156862776 0.12164988115190244
0.25577667319117947 0.12213807154624713

0.25577667319117947 0.12213807154624713
0.25265744546933583 0.1226252509132304

0.25265744546933583 0.1226252509132304
0.24953821774749216 0.12310651677317094

0.24953821774749216 0.12310651677317094
0.24641899002564852 0.12358167064299569

0.24641899002564852 0.12358167064299569
0.24329976230380487 0.12405093369018294

0.24329976230380487 0.12405093369018294
0.24018053458196123 0.12451208774310288

0.24018053458196123 0.12451208774310288
0.23843407760342 0.12476910887374609

0.23843407760342 0.12476910887374609
0.23706130686011756 0.12497196681580879

0.23706130686011756 0.12497196681580879
0.23394207913827392 0.12541757337957427

0.23394207913827392 0.12541757337957427
0.23082285141643027 0.12585743978218028

0.23082285141643027 0.12585743978218028
0.2277036236945866 0.12629001543965271

0.2277036236945866 0.12629001543965271
0.22458439597274296 0.1267168154680969

0.22458439597274296 0.1267168154680969
0.22146516825089932 0.12713954588224366

0.22146516825089932 0.12713954588224366
0.21834594052905565 0.12755853372300799

0.21834594052905565 0.12755853372300799
0.21587771603857553 0.12788833659558974

0.21587771603857553 0.12788833659558974
0.21522671280721201 0.12797703761778947

0.21522671280721201 0.12797703761778947
0.21210748508536836 0.12838721779645801

0.21210748508536836 0.12838721779645801
0.20898825736352469 0.12879414386847179

0.20898825736352469 0.12879414386847179
0.20586902964168105 0.12919597079737194

0.20586902964168105 0.12919597079737194
0.20274980191983741 0.12959353594818016

0.20274980191983741 0.12959353594818016
0.19963057419799374 0.12998808544343834

0.19963057419799374 0.12998808544343834
0.19651134647615009 0.13038044404521137

0.19651134647615009 0.13038044404521137
0.19339211875430642 0.13076967440990081

0.19339211875430642 0.13076967440990081
0.1915025266494714 0.13100756431743341

0.1915025266494714 0.13100756431743341
0.19027289103246278 0.13116342519976268

0.19027289103246278 0.13116342519976268
0.18715366331061914 0.13155295017944899

0.18715366331061914 0.13155295017944899
0.18403443558877547 0.1319419074289688

0.18403443558877547 0.1319419074289688
0.18091520786693183 0.13232788140683216

0.18091520786693183 0.13232788140683216
0.17779598014508818 0.1327109849937155

0.17779598014508818 0.1327109849937155
0.17467675242324451 0.13309090763919379

0.17467675242324451 0.13309090763919379
0.17155752470140087 0.13346636758810976

0.17155752470140087 0.13346636758810976
0.16843829697955723 0.13383584913426064

0.16843829697955723 0.13383584913426064
0.16595073636222227 0.13412679203927705

0.16595073636222227 0.13412679203927705
0.16531906925771356 0.13420196427729117

0.16531906925771356 0.13420196427729117
0.16219984153586992 0.13455921936462695

0.16219984153586992 0.13455921936462695
0.15908061381402627 0.13491097671023269

0.15908061381402627 0.13491097671023269
0.1559613860921826 0.1352545742225833

0.1559613860921826 0.1352545742225833
0.15284215837033896 0.13558828720815902

0.15284215837033896 0.13558828720815902
0.14972293064849532 0.13591104353643524

0.14972293064849532 0.13591104353643524
0.14660370292665165 0.13622240606090222

0.14660370292665165 0.13622240606090222
0.143484475204808 0.13652210462817338

0.143484475204808 0.13652210462817338
0.14036524748296436 0.13681005268551422

0.14036524748296436 0.13681005268551422
0.13724601976112069 0.1370853522833034

0.13724601976112069 0.1370853522833034
0.13537829475458529 0.13724601976112069

0.13537829475458529 0.13724601976112069
0.13412679203927705 0.13735411774259801

0.13412679203927705 0.13735411774259801
0.13100756431743341 0.1376129036985356

0.13100756431743341 0.1376129036985356
0.12788833659558974 0.13786415130047072

0.12788833659558974 0.13786415130047072
0.12476910887374609 0.13810939085467866

0.12476910887374609 0.13810939085467866
0.12164988115190244 0.13834695869645541

0.12164988115190244 0.13834695869645541
0.11853065343005878 0.13857714360601545

0.11853065343005878 0.13857714360601545
0.11541142570821514 0.13880097193490015

0.11541142570821514 0.13880097193490015
0.11229219798637148 0.13901677633811876

0.11229219798637148 0.13901677633811876
0.10917297026452782 0.13922372528957883

0.10917297026452782 0.13922372528957883
0.10605374254268418 0.13942149480534

0.10605374254268418 0.13942149480534
0.10293451482084053 0.13960835300199279

0.10293451482084053 0.13960835300199279
0.099815287098996869 0.13978285458478953

0.099815287098996869 0.13978285458478953
0.096696059377153226 0.13994410183727418

0.096696059377153226 0.13994410183727418
0.09357683165530957 0.14009083328897109

0.09357683165530957 0.14009083328897109
0.090457603933465913 0.14022189408781074

0.090457603933465913 0.14022189408781074
0.087338376211622271 0.1403341355220126

0.087338376211622271 0.1403341355220126
0.086292174556574147 0.14036524748296436

0.086292174556574147 0.14036524748296436
0.084219148489778614 0.14042669873102134

0.084219148489778614 0.14042669873102134
0.081099920767934958 0.14050045744476622

0.081099920767934958 0.14050045744476622
0.077980693046091315 0.14055640469325639

0.077980693046091315 0.14055640469325639
0.074861465324247659 0.14059550623811506

0.074861465324247659 0.14059550623811506
0.071742237602404002 0.14061817839108662

0.071742237602404002 0.14061817839108662
0.068623009880560346 0.14062486046310638

0.068623009880560346 0.14062486046310638
0.065503782158716703 0.14061623820934319

0.065503782158716703 0.14061623820934319
0.06238455443687304 0.14059331522996374

0.06238455443687304 0.14059331522996374
0.05926532671502939 0.14055719622203375

0.05926532671502939 0.14055719622203375
0.056146098993185733 0.14050885380393557

0.056146098993185733 0.14050885380393557
0.053026871271342084 0.14044986521011274

0.053026871271342084 0.14044986521011274
0.049907643549498434 0.14037988064693005

0.049907643549498434 0.14037988064693005
0.049330974805444711 0.14036524748296436

0.049330974805444711 0.14036524748296436
0.046788415827654778 0.14030097323082763

0.046788415827654778 0.14030097323082763
0.043669188105811128 0.14021404751209268

0.043669188105811128 0.14021404751209268
0.040549960383967479 0.14011499619953882

0.040549960383967479 0.14011499619953882
0.037430732662123822 0.14000300142098926

0.037430732662123822 0.14000300142098926
0.034311504940280173 0.13987795015241034

0.034311504940280173 0.13987795015241034
0.03119227721843652 0.13973924817725591

0.03119227721843652 0.13973924817725591
0.02807304949659287 0.13958594721697112

0.02807304949659287 0.13958594721697112
0.024953821774749217 0.13941675299176837

0.024953821774749217 0.13941675299176837
0.021834594052905568 0.13922981718084346

0.021834594052905568 0.13922981718084346
0.018715366331061915 0.1390230574036633

0.018715366331061915 0.1390230574036633
0.01559613860921826 0.13879511272256184

0.01559613860921826 0.13879511272256184
0.012476910887374609 0.13854546033059081

0.012476910887374609 0.13854546033059081
0.0093576831655309556 0.13827355780001596

0.0093576831655309556 0.13827355780001596
0.0062384554436873043 0.13797846469418812

0.0062384554436873043 0.13797846469418812
0.0031192277218436517 0.13765955134612673

0.0031192277218436517 0.13765955134612673
0 0.13731777174460263

0 0.13731777174460263
-0.00059771207426997106 0.13724601976112069

-0.00059771207426997106 0.13724601976112069
-0.0031192277218436521 0.13694853529091308

-0.0031192277218436521 0.13694853529091308
-0.0062384554436873043 0.13655848758490308

-0.0062384554436873043 0.13655848758490308
-0.0093576831655309573 0.1361466203001179

-0.0093576831655309573 0.1361466203001179
-0.012476910887374609 0.13571301804351607

-0.012476910887374609 0.13571301804351607
-0.015596138609218262 0.13525784646528047

-0.015596138609218262 0.13525784646528047
-0.018715366331061911 0.13478183756733891

-0.018715366331061911 0.13478183756733891
-0.021834594052905564 0.13428882287492269

-0.021834594052905564 0.13428882287492269
-0.022795958481697368 0.13412679203927705

-0.022795958481697368 0.13412679203927705
-0.024953821774749217 0.13376860749669364

-0.024953821774749217 0.13376860749669364
-0.028073049496592867 0.13323604305923645

-0.028073049496592867 0.13323604305923645
-0.03119227721843652 0.13268454709485664

-0.03119227721843652 0.13268454709485664
-0.034311504940280173 0.13211466497845847

-0.034311504940280173 0.13211466497845847
-0.037430732662123829 0.13152637825264815

-0.037430732662123829 0.13152637825264815
-0.040096091389369974 0.13100756431743341

-0.040096091389369974 0.13100756431743341
-0.040549960383967479 0.13091599757842681

-0.040549960383967479 0.13091599757842681
-0.043669188105811135 0.13029387522434707

-0.043669188105811135 0.13029387522434707
-0.046788415827654785 0.12964798442564662

-0.046788415827654785 0.12964798442564662
-0.049907643549498434 0.12898236134797617

-0.049907643549498434 0.12898236134797617
-0.053026871271342091 0.12829968417811544

-0.053026871271342091 0.12829968417811544
-0.054815071289197749 0.12788833659558974

-0.054815071289197749 0.12788833659558974
-0.05614609899318574 0.12757925931106986

-0.05614609899318574 0.12757925931106986
-0.05926532671502939 0.12685249575529944

-0.05926532671502939 0.12685249575529944
-0.062384554436873046 0.12609544595532174

-0.062384554436873046 0.12609544595532174
-0.065503782158716689 0.12531548885140845

-0.065503782158716689 0.12531548885140845
-0.067592668311504844 0.12476910887374609

-0.067592668311504844 0.12476910887374609
-0.068623009880560346 0.1244931837343059

-0.068623009880560346 0.1244931837343059
-0.071742237602403988 0.12366479761346143

-0.071742237602403988 0.12366479761346143
-0.074861465324247645 0.12280229004285739

-0.074861465324247645 0.12280229004285739
-0.077980693046091301 0.1219231761643719

-0.077980693046091301 0.1219231761643719
-0.078878256541912786 0.12164988115190244

-0.078878256541912786 0.12164988115190244
-0.081099920767934958 0.1209938942147049

-0.081099920767934958 0.1209938942147049
-0.0842191484897786 0.12005642097388169

-0.0842191484897786 0.12005642097388169
-0.087338376211622257 0.11909756910354007

-0.087338376211622257 0.11909756910354007
-0.089095261448743454 0.11853065343005878

-0.089095261448743454 0.11853065343005878
-0.090457603933465913 0.1180860664387041

-0.090457603933465913 0.1180860664387041
-0.093576831655309556 0.11708185131503966

-0.093576831655309556 0.11708185131503966
-0.096696059377153212 0.11605240301069281

-0.096696059377153212 0.11605240301069281
-0.098554453965162686 0.11541142570821514

-0.098554453965162686 0.11541142570821514
-0.099815287098996869 0.11496878683653428

-0.099815287098996869 0.11496878683653428
-0.10293451482084051 0.11389505035090149

-0.10293451482084051 0.11389505035090149
-0.10605374254268417 0.11279693610485453

-0.10605374254268417 0.11279693610485453
-0.10739664384128979 0.11229219798637148

-0.10739664384128979 0.11229219798637148
-0.10917297026452782 0.11163239566531451

-0.10917297026452782 0.11163239566531451
-0.11229219798637147 0.11047662493796485

-0.11229219798637147 0.11047662493796485
-0.11541142570821512 0.10929086548419249

-0.11541142570821512 0.10929086548419249
-0.11568743316874479 0.10917297026452782

-0.11568743316874479 0.10917297026452782
-0.11853065343005878 0.10805521996289347

-0.11853065343005878 0.10805521996289347
-0.12164988115190242 0.10681249915271641

-0.12164988115190242 0.10681249915271641
-0.1234524587035976 0.10605374254268418

-0.1234524587035976 0.10605374254268418
-0.12476910887374608 0.10548948671925353

-0.12476910887374608 0.10548948671925353
-0.12788833659558974 0.10418639648169026

-0.12788833659558974 0.10418639648169026
-0.13076227355238806 0.10293451482084053

-0.13076227355238806 0.10293451482084053
-0.13100756431743338 0.10281668452078201

-0.13100756431743338 0.10281668452078201
-0.13412679203927705 0.10143562253905385

-0.13412679203927705 0.10143562253905385
-0.13724601976112069 0.10002874933516921

-0.13724601976112069 0.10002874933516921
-0.13766264938763562 0.099815287098996869

-0.13766264938763562 0.099815287098996869
-0.14036524748296433 0.09854758332994959

-0.14036524748296433 0.09854758332994959
-0.143484475204808 0.097084094625429732

-0.143484475204808 0.097084094625429732
-0.14422378282576367 0.096696059377153226

-0.14422378282576367 0.096696059377153226
-0.14660370292665165 0.095526055088964112

-0.14660370292665165 0.095526055088964112
-0.14972293064849529 0.094010920088492919

-0.14972293064849529 0.094010920088492919
-0.15051985826609535 0.09357683165530957

-0.15051985826609535 0.09357683165530957
-0.15284215837033896 0.092389288265750241

-0.15284215837033896 0.092389288265750241
-0.1559613860921826 0.090816625296686979

-0.1559613860921826 0.090816625296686979
-0.15658740987904915 0.090457603933465913

-0.15658740987904915 0.090457603933465913
-0.15908061381402624 0.089139130590147275

-0.15908061381402624 0.089139130590147275
-0.16219984153586992 0.087494119531299402

-0.16219984153586992 0.087494119531299402
-0.16245418190990341 0.087338376211622271

-0.16245418190990341 0.087338376211622271
-0.16531906925771356 0.085780150951470333

-0.16531906925771356 0.085780150951470333
-0.16813866168392425 0.084219148489778614

-0.16813866168392425 0.084219148489778614
-0.1684382969795572 0.084032253396661871

-0.1684382969795572 0.084032253396661871
-0.17155752470140087 0.082318648326734148

-0.17155752470140087 0.082318648326734148
-0.17365925733829957 0.081099920767934958

-0.17365925733829957 0.081099920767934958
-0.17467675242324451 0.080477674205705257

-0.17467675242324451 0.080477674205705257
-0.17779598014508816 0.078745999041924544

-0.17779598014508816 0.078745999041924544
-0.17902362034503663 0.077980693046091315

-0.17902362034503663 0.077980693046091315
-0.18091520786693183 0.076837905911949542

-0.18091520786693183 0.076837905911949542
-0.18403443558877547 0.075015100615602667

-0.18403443558877547 0.075015100615602667
-0.18425909233500049 0.074861465324247659

-0.18425909233500049 0.074861465324247659
-0.18715366331061911 0.07311499095140532

-0.18715366331061911 0.07311499095140532
-0.18933902437308092 0.071742237602404002

-0.18933902437308092 0.071742237602404002
-0.19027289103246278 0.071115376507054642

-0.19027289103246278 0.071115376507054642
-0.19027289103246278 0.071115376507054642

-0.19027289103246278 0.071115376507054642
-0.19339211875430642 0.069245347809312005

-0.19339211875430642 0.069245347809312005
-0.19429200886522083 0.068623009880560346

-0.19429200886522083 0.068623009880560346
-0.19651134647615007 0.067186364553916147

-0.19651134647615007 0.067186364553916147
-0.19910219036864532 0.065503782158716703

-0.19910219036864532 0.065503782158716703
-0.19963057419799374 0.065122954342083594

-0.19963057419799374 0.065122954342083594
-0.20274980191983738 0.063158516381081248

-0.20274980191983738 0.063158516381081248
-0.20383004464725368 0.06238455443687304

-0.20383004464725368 0.06238455443687304
-0.20586902964168105 0.060992625004275672

-0.20586902964168105 0.060992625004275672
-0.2084148581660602 0.05926532671502939

-0.2084148581660602 0.05926532671502939
-0.20898825736352469 0.05883618337401552

-0.20898825736352469 0.05883618337401552
-0.21210748508536834 0.056793372538001506

-0.21210748508536834 0.056793372538001506
-0.21297070499683049 0.056146098993185733

-0.21297070499683049 0.056146098993185733
-0.21522671280721201 0.054564532491670523

-0.21522671280721201 0.054564532491670523
-0.21738316666935661 0.053026871271342084

-0.21738316666935661 0.053026871271342084
-0.21834594052905565 0.052296785136859661

-0.21834594052905565 0.052296785136859661
-0.22146516825089929 0.050182489590120706

-0.22146516825089929 0.050182489590120706
-0.22181704179940984 0.049907643549498434

-0.22181704179940984 0.049907643549498434
-0.22458439597274296 0.047963941541677713

-0.22458439597274296 0.047963941541677713
-0.22615180562693465 0.046788415827654778

-0.22615180562693465 0.046788415827654778
-0.2277036236945866 0.045622182076533839

-0.2277036236945866 0.045622182076533839
-0.23044372390014775 0.043669188105811128

-0.23044372390014775 0.043669188105811128
-0.23082285141643025 0.043369014718054093

-0.23082285141643025 0.043369014718054093
-0.23394207913827392 0.041211010154307677

-0.23394207913827392 0.041211010154307677
-0.23478827758088464 0.040549960383967479

-0.23478827758088464 0.040549960383967479
-0.23706130686011756 0.038887299870855617

-0.23706130686011756 0.038887299870855617
-0.23900147976906377 0.037430732662123822

-0.23900147976906377 0.037430732662123822
-0.2401805345819612 0.036511247801888698

-0.2401805345819612 0.036511247801888698
-0.24324899650955539 0.034311504940280173

-0.24324899650955539 0.034311504940280173
-0.24329976230380487 0.034270411550733772

-0.24329976230380487 0.034270411550733772
-0.24641899002564852 0.032043056948299189

-0.24641899002564852 0.032043056948299189
-0.24750004467843009 0.03119227721843652

-0.24750004467843009 0.03119227721843652
-0.24953821774749216 0.029656616652087697

-0.24953821774749216 0.029656616652087697
-0.25163418756551487 0.02807304949659287

-0.25163418756551487 0.02807304949659287
-0.25265744546933583 0.02725993074693351

-0.25265744546933583 0.02725993074693351
-0.25577667319117953 0.025016604076424899

-0.25577667319117953 0.025016604076424899
-0.25585386507351687 0.024953821774749217

-0.25585386507351687 0.024953821774749217
-0.25889590091302317 0.02275830726578066

-0.25889590091302317 0.02275830726578066
-0.26007420008874116 0.021834594052905568

-0.26007420008874116 0.021834594052905568
-0.26201512863486681 0.020366799261146106

-0.26201512863486681 0.020366799261146106
-0.2642404316747074 0.018715366331061915

-0.2642404316747074 0.018715366331061915
-0.26513435635671045 0.018010206029598966

-0.26513435635671045 0.018010206029598966
-0.2682535840785541 0.015839097531194144

-0.2682535840785541 0.015839097531194144
-0.26856119006159113 0.01559613860921826

-0.26856119006159113 0.01559613860921826
-0.27137281180039774 0.013609942664866176

-0.27137281180039774 0.013609942664866176
-0.27289218326340703 0.012476910887374609

-0.27289218326340703 0.012476910887374609
-0.27449203952224144 0.011289936578799058

-0.27449203952224144 0.011289936578799058
-0.27729105995236647 0.0093576831655309556

-0.27729105995236647 0.0093576831655309556
-0.27761126724408508 0.009111333080529636

-0.27761126724408508 0.009111333080529636
-0.28073049496592872 0.0070587978736751291

-0.28073049496592872 0.0070587978736751291
-0.281870755216304 0.0062384554436873043

-0.281870755216304 0.0062384554436873043
-0.28384972268777237 0.0048795244536010834

-0.28384972268777237 0.0048795244536010834
-0.28654731730602329 0.0031192277218436517

-0.28654731730602329 0.0031192277218436517
-0.28696895040961601 0.0028132827926327705

-0.28696895040961601 0.0028132827926327705
-0.29008817813145965 0.0008928888701276584

-0.29008817813145965 0.0008928888701276584
-0.29143618997552267 0

-0.29143618997552267 0
-0.29320740585330335 -0.0011453656789302

-0.29320740585330335 -0.0011453656789302
-0.29632663357514699 -0.0030059871164932568

-0.29632663357514699 -0.0030059871164932568
-0.2964940180899126 -0.0031192277218436521

-0.2964940180899126 -0.0031192277218436521
-0.29944586129699063 -0.0048629122855100839

-0.29944586129699063 -0.0048629122855100839
-0.30180269479259741 -0.0062384554436873043

-0.30180269479259741 -0.0062384554436873043
-0.30256508901883428 -0.0067181282539296424

-0.30256508901883428 -0.0067181282539296424
-0.30568431674067792 -0.00840544323949159

-0.30568431674067792 -0.00840544323949159
-0.30737687630825794 -0.0093576831655309573

-0.30737687630825794 -0.0093576831655309573
-0.30880354446252156 -0.010168280227168329

-0.30880354446252156 -0.010168280227168329
-0.31192277218436526 -0.011754018891010867

-0.31192277218436526 -0.011754018891010867
-0.31328173294239431 -0.012476910887374609

-0.31328173294239431 -0.012476910887374609
-0.3150419999062089 -0.013395561975504573

-0.3150419999062089 -0.013395561975504573
-0.31816122762805255 -0.014888346133621878

-0.31816122762805255 -0.014888346133621878
-0.3195929883339283 -0.015596138609218262

-0.3195929883339283 -0.015596138609218262
-0.32128045534989619 -0.016420171937340199

-0.32128045534989619 -0.016420171937340199
-0.32439968307173983 -0.017819150583125096

-0.32439968307173983 -0.017819150583125096
-0.32640336302497663 -0.018715366331061911

-0.32640336302497663 -0.018715366331061911
-0.32751891079358347 -0.019229479926441827

-0.32751891079358347 -0.019229479926441827
-0.33063813851542717 -0.020526633364099076

-0.33063813851542717 -0.020526633364099076
-0.33375736623727081 -0.021788190199667677

-0.33375736623727081 -0.021788190199667677
-0.33386572001838788 -0.021834594052905564

-0.33386572001838788 -0.021834594052905564
-0.33687659395911446 -0.023004862444951941

-0.33687659395911446 -0.023004862444951941
-0.3399958216809581 -0.024158678037831647

-0.3399958216809581 -0.024158678037831647
-0.3422187371044868 -0.024953821774749217

-0.3422187371044868 -0.024953821774749217
-0.34311504940280174 -0.025286381871451859

-0.34311504940280174 -0.025286381871451859
-0.34623427712464538 -0.026328678357301117

-0.34623427712464538 -0.026328678357301117
-0.34935350484648908 -0.027332505088421825

-0.34935350484648908 -0.027332505088421825
-0.35175768796149343 -0.028073049496592867

-0.35175768796149343 -0.028073049496592867
-0.35247273256833273 -0.028302399373652233

-0.35247273256833273 -0.028302399373652233
-0.35559196029017637 -0.029200391130598535

-0.35559196029017637 -0.029200391130598535
-0.35871118801202001 -0.030060356235654121

-0.35871118801202001 -0.030060356235654121
-0.36183041573386365 -0.030863506245355807

-0.36183041573386365 -0.030863506245355807
-0.36314751846204713 -0.03119227721843652

-0.36314751846204713 -0.03119227721843652
-0.36494964345570735 -0.031636940801418184

-0.36494964345570735 -0.031636940801418184
-0.36806887117755099 -0.032348630021914224

-0.36806887117755099 -0.032348630021914224
-0.37118809889939464 -0.03301969207171012

-0.37118809889939464 -0.03301969207171012
-0.37430732662123828 -0.033643616002474112

-0.37430732662123828 -0.033643616002474112
-0.37742655434308192 -0.034215819372226106

-0.37742655434308192 -0.034215819372226106
-0.3779763000514868 -0.034311504940280173

-0.3779763000514868 -0.034311504940280173
-0.38054578206492556 -0.034745650056462872

-0.38054578206492556 -0.034745650056462872
-0.38366500978676926 -0.03522645230128426

-0.38366500978676926 -0.03522645230128426
-0.3867842375086129 -0.035665442415909868

-0.3867842375086129 -0.035665442415909868
-0.38990346523045655 -0.036062932044004244

-0.38990346523045655 -0.036062932044004244
-0.39302269295230019 -0.036419129657977577

-0.39302269295230019 -0.036419129657977577
-0.39614192067414383 -0.036734371569358742

-0.39614192067414383 -0.036734371569358742
-0.39926114839598748 -0.037009912646983334

-0.39926114839598748 -0.037009912646983334
-0.40238037611783117 -0.037247659928118966

-0.40238037611783117 -0.037247659928118966
-0.40520861261576457 -0.037430732662123829

-0.40520861261576457 -0.037430732662123829
-0.40549960383967482 -0.037449792543949381

-0.40549960383967482 -0.037449792543949381
-0.40861883156151846 -0.037616172245606226

-0.40861883156151846 -0.037616172245606226
-0.4117380592833621 -0.037746853965238344

-0.4117380592833621 -0.037746853965238344
-0.41485728700520574 -0.03784045338817614

-0.41485728700520574 -0.03784045338817614
-0.41797651472704939 -0.037896840150570488

-0.41797651472704939 -0.037896840150570488
-0.42109574244889308 -0.037916909885341625

-0.42109574244889308 -0.037916909885341625
-0.42421497017073673 -0.037901728749885302

-0.42421497017073673 -0.037901728749885302
-0.42733419789258037 -0.037851405935819336

-0.42733419789258037 -0.037851405935819336
-0.43045342561442401 -0.037764666434477949

-0.43045342561442401 -0.037764666434477949
-0.43357265333626765 -0.037639946477080861

-0.43357265333626765 -0.037639946477080861
-0.4366918810581113 -0.037476829984523528

-0.4366918810581113 -0.037476829984523528
-0.43739672429938942 -0.037430732662123829

-0.43739672429938942 -0.037430732662123829
-0.439811108779955 -0.037273990340794913

-0.439811108779955 -0.037273990340794913
-0.44293033650179864 -0.037033409080798996

-0.44293033650179864 -0.037033409080798996
-0.44604956422364228 -0.036754029733903328

-0.44604956422364228 -0.036754029733903328
-0.44916879194548592 -0.036436096115041235

-0.44916879194548592 -0.036436096115041235
-0.45228801966732957 -0.03608019206275067

-0.45228801966732957 -0.03608019206275067
-0.45540724738917326 -0.035687498979358932

-0.45540724738917326 -0.035687498979358932
-0.45852647511101691 -0.035259831490426725

-0.45852647511101691 -0.035259831490426725
-0.46164570283286055 -0.034799151581142364

-0.46164570283286055 -0.034799151581142364
-0.46473598514737496 -0.034311504940280173

-0.46473598514737496 -0.034311504940280173
-0.46476493055470419 -0.034306747208177786

-0.46476493055470419 -0.034306747208177786
-0.46788415827654783 -0.03378363385137393

-0.46788415827654783 -0.03378363385137393
-0.47100338599839148 -0.033229220785205349

-0.47100338599839148 -0.033229220785205349
-0.47412261372023518 -0.032644294565388338

-0.47412261372023518 -0.032644294565388338
-0.47724184144207882 -0.032031113409539479

-0.47724184144207882 -0.032031113409539479
-0.48036106916392246 -0.031396103698131561

-0.48036106916392246 -0.031396103698131561
-0.48128956557548858 -0.03119227721843652

-0.48128956557548858 -0.03119227721843652
-0.4834802968857661 -0.0307213163468067

-0.4834802968857661 -0.0307213163468067
-0.48659952460760975 -0.030031445943454908

-0.48659952460760975 -0.030031445943454908
-0.48971875232945339 -0.029314862851598924

-0.48971875232945339 -0.029314862851598924
-0.49283798005129709 -0.028577229464191771

-0.49283798005129709 -0.028577229464191771
-0.49487539656694268 -0.028073049496592867

-0.49487539656694268 -0.028073049496592867
-0.49595720777314073 -0.027799892331610905

-0.49595720777314073 -0.027799892331610905
-0.49907643549498437 -0.027014643349778739

-0.49907643549498437 -0.027014643349778739
-0.50219566321682807 -0.026193838098005899

-0.50219566321682807 -0.026193838098005899
-0.50531489093867166 -0.025354092629744054

-0.50531489093867166 -0.025354092629744054
-0.50671601402093724 -0.024953821774749217

-0.50671601402093724 -0.024953821774749217
-0.50843411866051536 -0.024466074814044007

-0.50843411866051536 -0.024466074814044007
-0.51155334638235894 -0.02357853944498333

-0.51155334638235894 -0.02357853944498333
-0.51467257410420264 -0.022662673311451987

-0.51467257410420264 -0.022662673311451987
-0.51742251360266334 -0.021834594052905564

-0.51742251360266334 -0.021834594052905564
-0.51779180182604623 -0.021716509418230331

-0.51779180182604623 -0.021716509418230331
-0.52091102954788993 -0.020764602462113868

-0.52091102954788993 -0.020764602462113868
-0.52403025726973362 -0.019786414099413122

-0.52403025726973362 -0.019786414099413122
-0.52714948499157721 -0.018797575143585155

-0.52714948499157721 -0.018797575143585155
-0.52738645396615536 -0.018715366331061911

-0.52738645396615536 -0.018715366331061911
-0.53026871271342091 -0.01778350306376272

-0.53026871271342091 -0.01778350306376272
-0.5333879404352645 -0.016763725559658216

-0.5333879404352645 -0.016763725559658216
-0.53650716815710819 -0.015741195843332639

-0.53650716815710819 -0.015741195843332639
-0.53691444145557077 -0.015596138609218262

-0.53691444145557077 -0.015596138609218262
-0.53962639587895189 -0.014689538443027752

-0.53962639587895189 -0.014689538443027752
-0.54274562360079548 -0.013641871959932323

-0.54274562360079548 -0.013641871959932323
-0.54586485132263918 -0.012594674294876873

-0.54586485132263918 -0.012594674294876873
-0.54618785099293832 -0.012476910887374609

-0.54618785099293832 -0.012476910887374609
-0.54898407904448276 -0.011525990339778858

-0.54898407904448276 -0.011525990339778858
-0.55210330676632646 -0.010463906354568077

-0.55210330676632646 -0.010463906354568077
-0.55522253448817016 -0.0094018279947658528

-0.55522253448817016 -0.0094018279947658528
-0.55534133756403969 -0.0093576831655309573

-0.55534133756403969 -0.0093576831655309573
-0.55834176221001375 -0.0083308532712963769

-0.55834176221001375 -0.0083308532712963769
-0.56146098993185745 -0.0072633809430130182

-0.56146098993185745 -0.0072633809430130182
-0.56445378853261541 -0.0062384554436873043

-0.56445378853261541 -0.0062384554436873043
-0.56458021765370103 -0.0061914589304162418

-0.56458021765370103 -0.0061914589304162418
-0.56769944537554473 -0.0051265877778803861

-0.56769944537554473 -0.0051265877778803861
-0.57081867309738832 -0.0040599582431327863

-0.57081867309738832 -0.0040599582431327863
-0.57356523321700215 -0.0031192277218436521

-0.57356523321700215 -0.0031192277218436521
-0.57393790081923202 -0.002982684733702418

-0.57393790081923202 -0.002982684733702418
-0.57705712854107571 -0.0019255285976209485

-0.57705712854107571 -0.0019255285976209485
-0.5801763562629193 -0.00086552365424504907

-0.5801763562629193 -0.00086552365424504907
-0.58271670968688982 0

-0.58271670968688982 0
-0.583295583984763 0.00020838607432748955

-0.583295583984763 0.00020838607432748955
-0.58641481170660659 0.0012526210849781584

-0.58641481170660659 0.0012526210849781584
-0.58953403942845028 0.0022973434804285662

-0.58953403942845028 0.0022973434804285662
-0.59198743050236224 0.0031192277218436517

-0.59198743050236224 0.0031192277218436517
-0.59265326715029398 0.0033534822781059559

-0.59265326715029398 0.0033534822781059559
-0.59577249487213757 0.0043733475424778782

-0.59577249487213757 0.0043733475424778782
-0.59889172259398127 0.0053892083081386304

-0.59889172259398127 0.0053892083081386304
-0.60152771712104047 0.0062384554436873043

-0.60152771712104047 0.0062384554436873043
-0.60201095031582486 0.0064032057800578832

-0.60201095031582486 0.0064032057800578832
-0.60513017803766855 0.0073802903356340053

-0.60513017803766855 0.0073802903356340053
-0.60824940575951214 0.0083482147761456769

-0.60824940575951214 0.0083482147761456769
-0.61136863348135584 0.0092941346161925942

-0.61136863348135584 0.0092941346161925942
-0.61156703945077973 0.0093576831655309556

-0.61156703945077973 0.0093576831655309556
-0.61448786120319954 0.010231503064906482

-0.61448786120319954 0.010231503064906482
-0.61760708892504312 0.011146206747978456

-0.61760708892504312 0.011146206747978456
-0.62072631664688682 0.012033853522928451

-0.62072631664688682 0.012033853522928451
-0.62227283029223357 0.012476910887374609

-0.62227283029223357 0.012476910887374609
-0.62384554436873041 0.012926883198290627

-0.62384554436873041 0.012926883198290627
-0.62696477209057411 0.013777375414320735

-0.62696477209057411 0.013777375414320735
-0.63008399981241781 0.014613788617281267

-0.63008399981241781 0.014613788617281267
-0.63320322753426139 0.015421701199772958

-0.63320322753426139 0.015421701199772958
-0.63386001237734779 0.01559613860921826

-0.63386001237734779 0.01559613860921826
-0.63632245525610509 0.016225437234778026

-0.63632245525610509 0.016225437234778026
-0.63944168297794868 0.01699928444289962

-0.63944168297794868 0.01699928444289962
-0.64256091069979238 0.017753316696102871

-0.64256091069979238 0.017753316696102871
-0.64568013842163596 0.018477165829638733

-0.64568013842163596 0.018477165829638733
-0.64670144675642993 0.018715366331061915

-0.64670144675642993 0.018715366331061915
-0.64879936614347966 0.019194624043652853

-0.64879936614347966 0.019194624043652853
-0.65191859386532336 0.019880784222671935

-0.65191859386532336 0.019880784222671935
-0.65503782158716695 0.020546155872454314

-0.65503782158716695 0.020546155872454314
-0.65815704930901064 0.021183136490783926

-0.65815704930901064 0.021183136490783926
-0.66127627703085423 0.021790556735160286

-0.66127627703085423 0.021790556735160286
-0.66150290508331788 0.021834594052905568

-0.66150290508331788 0.021834594052905568
-0.66439550475269793 0.022373643825478559

-0.66439550475269793 0.022373643825478559
-0.66751473247454163 0.022925186330482877

-0.66751473247454163 0.022925186330482877
-0.67063396019638521 0.023444109415094588

-0.67063396019638521 0.023444109415094588
-0.67375318791822891 0.02392795716210306

-0.67375318791822891 0.02392795716210306
-0.6768724156400725 0.02437755792547968

-0.6768724156400725 0.02437755792547968
-0.6799916433619162 0.024791435765950713

-0.6799916433619162 0.024791435765950713
-0.68129427525965158 0.024953821774749217

-0.68129427525965158 0.024953821774749217
-0.6831108710837599 0.025178867992605106

-0.6831108710837599 0.025178867992605106
-0.68623009880560348 0.025531190189243332

-0.68623009880560348 0.025531190189243332
-0.68934932652744718 0.02585132494570307

-0.68934932652744718 0.02585132494570307
-0.69246855424929077 0.02614200235208498

-0.69246855424929077 0.02614200235208498
-0.69558778197113447 0.026405266318730927

-0.69558778197113447 0.026405266318730927
-0.69870700969297805 0.026640384389341909

-0.69870700969297805 0.026640384389341909
-0.70182623741482175 0.026849592195804448

-0.70182623741482175 0.026849592195804448
-0.70494546513666545 0.027034862915303316

-0.70494546513666545 0.027034862915303316
-0.70806469285850904 0.027196103275838705

-0.70806469285850904 0.027196103275838705
-0.71118392058035274 0.027333968018557746

-0.71118392058035274 0.027333968018557746
-0.71430314830219632 0.027448838428514987

-0.71430314830219632 0.027448838428514987
-0.71742237602404002 0.027539637947323312

-0.71742237602404002 0.027539637947323312
-0.72054160374588372 0.027605078978589884

-0.72054160374588372 0.027605078978589884
-0.72366083146772731 0.027643928316612113

-0.72366083146772731 0.027643928316612113
-0.726780059189571 0.027654613123737994

-0.726780059189571 0.027654613123737994
-0.72989928691141459 0.027635652964344965

-0.72989928691141459 0.027635652964344965
-0.73301851463325829 0.027585916410542411

-0.73301851463325829 0.027585916410542411
-0.73613774235510188 0.027504217980682043

-0.73613774235510188 0.027504217980682043
-0.73925697007694557 0.027389121465475934

-0.73925697007694557 0.027389121465475934
-0.74237619779878927 0.027239169151982288

-0.74237619779878927 0.027239169151982288
-0.74549542552063286 0.027053131963472164

-0.74549542552063286 0.027053131963472164
-0.74861465324247656 0.02683027966193156

-0.74861465324247656 0.02683027966193156
-0.75173388096432014 0.026570764061555924

-0.75173388096432014 0.026570764061555924
-0.75485310868616384 0.026275731879363901

-0.75485310868616384 0.026275731879363901
-0.75797233640800754 0.025946768466995992

-0.75797233640800754 0.025946768466995992
-0.76109156412985113 0.025585575786369455

-0.76109156412985113 0.025585575786369455
-0.76421079185169483 0.025195233160280359

-0.76421079185169483 0.025195233160280359
-0.76599062342909907 0.024953821774749217

-0.76599062342909907 0.024953821774749217
-0.76733001957353841 0.024771061092147488

-0.76733001957353841 0.024771061092147488
-0.77044924729538211 0.024325366237320893

-0.77044924729538211 0.024325366237320893
-0.77356847501722581 0.023853600315857162

-0.77356847501722581 0.023853600315857162
-0.7766877027390694 0.023359205087049008

-0.7766877027390694 0.023359205087049008
-0.77980693046091309 0.022842935098811308

-0.77980693046091309 0.022842935098811308
-0.78292615818275668 0.022304071998621822

-0.78292615818275668 0.022304071998621822
-0.7855184899234775 0.021834594052905568

-0.7855184899234775 0.021834594052905568
-0.78604538590460038 0.02173611891323831

-0.78604538590460038 0.02173611891323831
-0.78916461362644397 0.021150569276895355

-0.78916461362644397 0.021150569276895355
-0.79228384134828767 0.02053681778207609

-0.79228384134828767 0.02053681778207609
-0.79540306907013136 0.019894446536032322

-0.79540306907013136 0.019894446536032322
-0.79852229679197495 0.019223276861953104

-0.79852229679197495 0.019223276861953104
-0.8007564708153182 0.018715366331061915

-0.8007564708153182 0.018715366331061915
-0.80164152451381865 0.018508799373045316

-0.80164152451381865 0.018508799373045316
-0.80476075223566224 0.017773563659555389

-0.80476075223566224 0.017773563659555389
-0.80787997995750593 0.016994004949846896

-0.80787997995750593 0.016994004949846896
-0.81099920767934963 0.016179395846005851

-0.81099920767934963 0.016179395846005851
-0.81310842982707809 0.01559613860921826

-0.81310842982707809 0.01559613860921826
-0.81411843540119322 0.015309405571206787

-0.81411843540119322 0.015309405571206787
-0.81723766312303692 0.01442297193938117

-0.81723766312303692 0.01442297193938117
-0.8203568908448805 0.013488392465410176

-0.8203568908448805 0.013488392465410176
-0.8234761185667242 0.012516918278216242

-0.8234761185667242 0.012516918278216242
-0.82359024179873952 0.012476910887374609

-0.82359024179873952 0.012476910887374609
-0.82659534628856779 0.011501155715766213

-0.82659534628856779 0.011501155715766213
-0.82971457401041149 0.01045247811084796

-0.82971457401041149 0.01045247811084796
-0.83283380173225519 0.009369173889799156

-0.83283380173225519 0.009369173889799156
-0.83286308754212368 0.0093576831655309556

-0.83286308754212368 0.0093576831655309556
-0.83595302945409877 0.0082503116353833689

-0.83595302945409877 0.0082503116353833689
-0.83907225717594247 0.0071048672744309822

-0.83907225717594247 0.0071048672744309822
-0.84133468244074605 0.0062384554436873043

-0.84133468244074605 0.0062384554436873043
-0.84219148489778606 0.005895010898047978

-0.84219148489778606 0.005895010898047978
-0.84531071261962976 0.0046921857942931102

-0.84531071261962976 0.0046921857942931102
-0.84842994034147345 0.0034592606051215445

-0.84842994034147345 0.0034592606051215445
-0.84920709624496882 0.0031192277218436517

-0.84920709624496882 0.0031192277218436517
-0.85154916806331704 0.0021463341299942365

-0.85154916806331704 0.0021463341299942365
-0.85466839578516074 0.00084081278332590091

-0.85466839578516074 0.00084081278332590091
-0.8565577539854482 0

-0.8565577539854482 0
-0.85778762350700433 -0.00056150655286972594

-0.85778762350700433 -0.00056150655286972594
-0.86090685122884802 -0.0019412943742336307

-0.86090685122884802 -0.0019412943742336307
-0.86343135367289747 -0.0031192277218436521

-0.86343135367289747 -0.0031192277218436521
-0.86402607895069172 -0.0034188903839666822

-0.86402607895069172 -0.0034188903839666822
-0.86714530667253531 -0.0048884853228756018

-0.86714530667253531 -0.0048884853228756018
-0.86986860996078796 -0.0062384554436873043

-0.86986860996078796 -0.0062384554436873043
-0.87026453439437901 -0.0064552036758401578

-0.87026453439437901 -0.0064552036758401578
-0.8733837621162226 -0.008021279143929045

-0.8733837621162226 -0.008021279143929045
-0.87591515920504548 -0.0093576831655309573

-0.87591515920504548 -0.0093576831655309573
-0.87650298983806629 -0.0096965212569841679

-0.87650298983806629 -0.0096965212569841679
-0.87962221755990988 -0.011332255413539709

-0.87962221755990988 -0.011332255413539709
-0.88164876232571621 -0.012476910887374609

-0.88164876232571621 -0.012476910887374609
-0.88274144528175358 -0.013122939824981583

-0.88274144528175358 -0.013122939824981583
-0.88586067300359728 -0.014831114540970768

-0.88586067300359728 -0.014831114540970768
-0.88709515686967388 -0.015596138609218262

-0.88709515686967388 -0.015596138609218262
-0.88897990072544086 -0.016729764497099057

-0.88897990072544086 -0.016729764497099057
-0.89209912844728456 -0.018557807882601925

-0.89209912844728456 -0.018557807882601925
-0.89232769357913311 -0.018715366331061911

-0.89232769357913311 -0.018715366331061911
-0.89521835616912815 -0.020476148380087281

-0.89521835616912815 -0.020476148380087281
-0.89733798467314119 -0.021834594052905564

-0.89733798467314119 -0.021834594052905564
-0.89833758389097185 -0.022515615952031189

-0.89833758389097185 -0.022515615952031189
-0.90145681161281555 -0.024425416242792847

-0.90145681161281555 -0.024425416242792847
-0.90219769395806881 -0.024953821774749217

-0.90219769395806881 -0.024953821774749217
-0.90457603933465913 -0.026521241010909292

-0.90457603933465913 -0.026521241010909292
-0.90685932404077507 -0.028073049496592867

-0.90685932404077507 -0.028073049496592867
-0.90769526705650283 -0.028687038145047673

-0.90769526705650283 -0.028687038145047673
-0.91081449477834642 -0.030729535614653723

-0.91081449477834642 -0.030729535614653723
-0.911420799524013 -0.03119227721843652

-0.911420799524013 -0.03119227721843652
-0.91393372250019012 -0.032954257316461288

-0.91393372250019012 -0.032954257316461288
-0.91575249568516692 -0.034311504940280173

-0.91575249568516692 -0.034311504940280173
-0.9170529502220337 -0.035311248881102535

-0.9170529502220337 -0.035311248881102535
-0.91996407238547728 -0.037430732662123829

-0.91996407238547728 -0.037430732662123829
-0.9201721779438774 -0.037600799503984837

-0.9201721779438774 -0.037600799503984837
-0.9232914056657211 -0.039878374677493833

-0.9232914056657211 -0.039878374677493833
-0.92410425858638878 -0.040549960383967479

-0.92410425858638878 -0.040549960383967479
-0.92641063338756469 -0.042355136661702306

-0.92641063338756469 -0.042355136661702306
-0.92799424317079593 -0.043669188105811135

-0.92799424317079593 -0.043669188105811135
-0.92952986110940838 -0.044954005556084149

-0.92952986110940838 -0.044954005556084149
-0.93174068980891156 -0.046788415827654785

-0.93174068980891156 -0.046788415827654785
-0.93264908883125197 -0.047579993219764201

-0.93264908883125197 -0.047579993219764201
-0.93545845420915796 -0.049907643549498434

-0.93545845420915796 -0.049907643549498434
-0.93576831655309567 -0.05018523865429482

-0.93576831655309567 -0.05018523865429482
-0.93888754427493937 -0.052795946603954702

-0.93888754427493937 -0.052795946603954702
-0.93913951225843983 -0.053026871271342091

-0.93913951225843983 -0.053026871271342091
-0.94200677199678295 -0.055524248992953745

-0.94200677199678295 -0.055524248992953745
-0.94267630437206396 -0.05614609899318574

-0.94267630437206396 -0.05614609899318574
-0.94512599971862665 -0.058359183602781799

-0.94512599971862665 -0.058359183602781799
-0.94609057134030794 -0.05926532671502939

-0.94609057134030794 -0.05926532671502939
-0.94824522744047024 -0.061266357312191801

-0.94824522744047024 -0.061266357312191801
-0.94941914083966605 -0.062384554436873046

-0.94941914083966605 -0.062384554436873046
-0.95136445516231394 -0.064234753147158097

-0.95136445516231394 -0.064234753147158097
-0.95267691492843565 -0.065503782158716689

-0.95267691492843565 -0.065503782158716689
-0.95448368288415764 -0.067256830239053336

-0.95448368288415764 -0.067256830239053336
-0.95587567979534127 -0.068623009880560346

-0.95587567979534127 -0.068623009880560346
-0.95760291060600122 -0.070328772396027001

-0.95760291060600122 -0.070328772396027001
-0.95902091725050631 -0.071742237602403988

-0.95902091725050631 -0.071742237602403988
-0.96072213832784492 -0.073453068666026966

-0.96072213832784492 -0.073453068666026966
-0.96211174300257041 -0.074861465324247645

-0.96211174300257041 -0.074861465324247645
-0.96384136604968851 -0.07663255549680266

-0.96384136604968851 -0.07663255549680266
-0.96515199334900126 -0.077980693046091301

-0.96515199334900126 -0.077980693046091301
-0.96696059377153221 -0.079864822216014236

-0.96696059377153221 -0.079864822216014236
-0.96814639023137106 -0.081099920767934958

-0.96814639023137106 -0.081099920767934958
-0.97007982149337579 -0.083149382990736501

-0.97007982149337579 -0.083149382990736501
-0.9710962793424861 -0.0842191484897786

-0.9710962793424861 -0.0842191484897786
-0.97319904921521949 -0.086488708418657148

-0.97319904921521949 -0.086488708418657148
-0.97400009870176973 -0.087338376211622257

-0.97400009870176973 -0.087338376211622257
-0.97631827693706319 -0.089889069949888573

-0.97631827693706319 -0.089889069949888573
-0.9768513167323789 -0.090457603933465913

-0.9768513167323789 -0.090457603933465913
-0.97943750465890678 -0.093359635923000284

-0.97943750465890678 -0.093359635923000284
-0.97964051364038274 -0.093576831655309556

-0.97964051364038274 -0.093576831655309556
-0.9823785659053319 -0.096696059377153212

-0.9823785659053319 -0.096696059377153212
-0.98255673238075047 -0.096887456701617442

-0.98255673238075047 -0.096887456701617442
-0.98513491809219822 -0.099815287098996869

-0.98513491809219822 -0.099815287098996869
-0.98567596010259406 -0.10039955654808332

-0.98567596010259406 -0.10039955654808332
-0.98793023925894585 -0.10293451482084051

-0.98793023925894585 -0.10293451482084051
-0.98879518782443776 -0.10387133194539229

-0.98879518782443776 -0.10387133194539229
-0.99076131477646689 -0.10605374254268417

-0.99076131477646689 -0.10605374254268417
-0.99191441554628146 -0.10730329515040841

-0.99191441554628146 -0.10730329515040841
-0.99362255867230309 -0.10917297026452782

-0.99362255867230309 -0.10917297026452782
-0.99503364326812505 -0.11069708782266517

-0.99503364326812505 -0.11069708782266517
-0.99651451088302256 -0.11229219798637147

-0.99651451088302256 -0.11229219798637147
-0.99815287098996874 -0.11404529301043859

-0.99815287098996874 -0.11404529301043859
-0.99944469290744997 -0.11541142570821512

-0.99944469290744997 -0.11541142570821512
-1.0012720987118122 -0.11733365301094817

-1.0012720987118122 -0.11733365301094817
-1.0024286778987783 -0.11853065343005878

-1.0024286778987783 -0.11853065343005878
-1.0043913264336559 -0.12054245126485218

-1.0043913264336559 -0.12054245126485218
-1.0054902654665396 -0.12164988115190242

-1.0054902654665396 -0.12164988115190242
-1.0075105541554996 -0.1236467828860674

-1.0075105541554996 -0.1236467828860674
-1.0086653617771109 -0.12476910887374608

-1.0086653617771109 -0.12476910887374608
-1.0106297818773433 -0.12662431196613563

-1.0106297818773433 -0.12662431196613563
-1.012000029927842 -0.12788833659558974

-1.012000029927842 -0.12788833659558974
-1.0137490095991868 -0.12945691348241462

-1.0137490095991868 -0.12945691348241462
-1.0155699943146683 -0.13100756431743338

-1.0155699943146683 -0.13100756431743338
-1.0168682373210305 -0.13211311285294752

-1.0168682373210305 -0.13211311285294752
-1.0195780716283733 -0.13412679203927705

-1.0195780716283733 -0.13412679203927705
-1.0199874650428742 -0.13445400230920995

-1.0199874650428742 -0.13445400230920995
-1.0231066927647179 -0.13649206779398096

-1.0231066927647179 -0.13649206779398096
-1.0242585673694395 -0.13724601976112069

-1.0242585673694395 -0.13724601976112069
-1.0262259204865614 -0.13846847619878094

-1.0262259204865614 -0.13846847619878094
-1.0293451482084051 -0.14007919234355445

-1.0293451482084051 -0.14007919234355445
-1.0299357694208771 -0.14036524748296433

-1.0299357694208771 -0.14036524748296433
-1.0324643759302488 -0.14149187202900679

-1.0324643759302488 -0.14149187202900679
-1.0355836036520925 -0.14263250376792719

-1.0355836036520925 -0.14263250376792719
-1.0385318505836134 -0.143484475204808

-1.0385318505836134 -0.143484475204808
-1.0387028313739362 -0.14353667645061344

-1.0387028313739362 -0.14353667645061344
-1.0418220590957796 -0.14418340935874777

-1.0418220590957796 -0.14418340935874777
-1.0449412868176233 -0.14461037950042713

-1.0449412868176233 -0.14461037950042713
-1.048060514539467 -0.1448216186273876

-1.048060514539467 -0.1448216186273876
-1.0511797422613107 -0.14481623491627851

-1.0511797422613107 -0.14481623491627851
-1.0542989699831544 -0.14460072321121503

-1.0542989699831544 -0.14460072321121503
-1.0574181977049979 -0.14418923000478223

-1.0574181977049979 -0.14418923000478223
-1.0605374254268416 -0.14359997573541716

-1.0605374254268416 -0.14359997573541716
-1.0609886000974189 -0.143484475204808

-1.0609886000974189 -0.143484475204808
-1.0636566531486853 -0.14282670535525713

-1.0636566531486853 -0.14282670535525713
-1.066775880870529 -0.14188934715760598

-1.066775880870529 -0.14188934715760598
-1.0698951085923727 -0.14080010041329133

-1.0698951085923727 -0.14080010041329133
-1.0709252833716156 -0.14036524748296433

-1.0709252833716156 -0.14036524748296433
-1.0730143363142162 -0.13950895988732459

-1.0730143363142162 -0.13950895988732459
-1.0761335640360599 -0.13814183380760592

-1.0761335640360599 -0.13814183380760592
-1.0779360455513294 -0.13724601976112069

-1.0779360455513294 -0.13724601976112069
-1.0792527917579036 -0.1365754875240475

-1.0792527917579036 -0.1365754875240475
-1.0823720194797473 -0.13500478009646086

-1.0823720194797473 -0.13500478009646086
-1.083889586729625 -0.13412679203927705

-1.083889586729625 -0.13412679203927705
-1.085491247201591 -0.13319967812769651

-1.085491247201591 -0.13319967812769651
-1.0886104749234344 -0.13144290546584231

-1.0886104749234344 -0.13144290546584231
-1.0892607261691731 -0.13100756431743338

-1.0892607261691731 -0.13100756431743338
-1.0917297026452781 -0.12949114987337512

-1.0917297026452781 -0.12949114987337512
-1.0942746676661865 -0.12788833659558974

-1.0942746676661865 -0.12788833659558974
-1.0948489303671218 -0.12748871799154887

-1.0948489303671218 -0.12748871799154887
-1.0979681580889655 -0.12557385495281312

-1.0979681580889655 -0.12557385495281312
-1.0991095448678678 -0.12476910887374608

-1.0991095448678678 -0.12476910887374608
-1.1010873858108092 -0.12343148530837801

-1.1010873858108092 -0.12343148530837801
-1.1037628855907642 -0.12164988115190242

-1.1037628855907642 -0.12164988115190242
-1.1042066135326527 -0.12132105018748569

-1.1042066135326527 -0.12132105018748569
-1.1073258412544964 -0.11931036140437304

-1.1073258412544964 -0.11931036140437304
-1.1083945799501931 -0.11853065343005878

-1.1083945799501931 -0.11853065343005878
-1.1104450689763401 -0.11710744352978575

-1.1104450689763401 -0.11710744352978575
-1.1129224990253479 -0.11541142570821512

-1.1129224990253479 -0.11541142570821512
-1.1135642966981838 -0.11493115188777971

-1.1135642966981838 -0.11493115188777971
-1.1166835244200273 -0.11289120659602674

-1.1166835244200273 -0.11289120659602674
-1.1174859523738212 -0.11229219798637147

-1.1174859523738212 -0.11229219798637147
-1.119802752141871 -0.11068860857530224

-1.119802752141871 -0.11068860857530224
-1.1219872255880192 -0.10917297026452782

-1.1219872255880192 -0.10917297026452782
-1.1229219798637147 -0.10848255195262062

-1.1229219798637147 -0.10848255195262062
-1.1260412075855584 -0.10645374843336926

-1.1260412075855584 -0.10645374843336926
-1.1265764520837989 -0.10605374254268417

-1.1265764520837989 -0.10605374254268417
-1.1291604353074021 -0.10430518233495426

-1.1291604353074021 -0.10430518233495426
-1.1311505066361176 -0.10293451482084051

-1.1311505066361176 -0.10293451482084051
-1.1322796630292455 -0.10212193841388204

-1.1322796630292455 -0.10212193841388204
-1.1353988907510892 -0.10014009536173324

-1.1353988907510892 -0.10014009536173324
-1.1358456989060226 -0.099815287098996869

-1.1358456989060226 -0.099815287098996869
-1.1385181184729329 -0.098075141503018423

-1.1385181184729329 -0.098075141503018423
-1.1406223451789497 -0.096696059377153212

-1.1406223451789497 -0.096696059377153212
-1.1416373461947766 -0.095993153748594046

-1.1416373461947766 -0.095993153748594046
-1.1447565739166203 -0.094112198910432723

-1.1447565739166203 -0.094112198910432723
-1.1455444451687502 -0.093576831655309556

-1.1455444451687502 -0.093576831655309556
-1.1478758016384638 -0.092115367435393003

-1.1478758016384638 -0.092115367435393003
-1.1506110513467904 -0.090457603933465913

-1.1506110513467904 -0.090457603933465913
-1.1509950293603075 -0.090197512554787571

-1.1509950293603075 -0.090197512554787571
-1.1541142570821512 -0.088400225706650667

-1.1541142570821512 -0.088400225706650667
-1.1558835963862055 -0.087338376211622257

-1.1558835963862055 -0.087338376211622257
-1.1572334848039949 -0.086512801158294947

-1.1572334848039949 -0.086512801158294947
-1.1603527125258386 -0.084807468999288815

-1.1603527125258386 -0.084807468999288815
-1.1613335332737666 -0.0842191484897786

-1.1613335332737666 -0.0842191484897786
-1.1634719402476821 -0.083006122098828961

-1.1634719402476821 -0.083006122098828961
-1.1665911679695258 -0.081340384306744493

-1.1665911679695258 -0.081340384306744493
-1.1669930061222566 -0.081099920767934958

-1.1669930061222566 -0.081099920767934958
-1.1697103956913695 -0.079638316475666271

-1.1697103956913695 -0.079638316475666271
-1.1728296234132132 -0.078003569438685375

-1.1728296234132132 -0.078003569438685375
-1.1728683503191 -0.077980693046091301

-1.1728683503191 -0.077980693046091301
-1.1759488511350569 -0.076391961678896975

-1.1759488511350569 -0.076391961678896975
-1.1789781548852165 -0.074861465324247645

-1.1789781548852165 -0.074861465324247645
-1.1790680788569003 -0.074809975397849934

-1.1790680788569003 -0.074809975397849934
-1.182187306578744 -0.073274325953168962

-1.182187306578744 -0.073274325953168962
-1.1853065343005877 -0.071769343612259881

-1.1853065343005877 -0.071769343612259881
-1.1853572745155851 -0.071742237602403988

-1.1853572745155851 -0.071742237602403988
-1.1884257620224314 -0.070292694402879941

-1.1884257620224314 -0.070292694402879941
-1.1915449897442751 -0.06887603667484607

-1.1915449897442751 -0.06887603667484607
-1.1920640613542393 -0.068623009880560346

-1.1920640613542393 -0.068623009880560346
-1.1946642174661186 -0.067452524118090482

-1.1946642174661186 -0.067452524118090482
-1.1977834451879623 -0.066113152464251618

-1.1977834451879623 -0.066113152464251618
-1.1991697618023793 -0.065503782158716689

-1.1991697618023793 -0.065503782158716689
-1.200902672909806 -0.064752375397421597

-1.200902672909806 -0.064752375397421597
-1.2040219006316497 -0.063481016909164953

-1.2040219006316497 -0.063481016909164953
-1.2067522315024115 -0.062384554436873046

-1.2067522315024115 -0.062384554436873046
-1.2071411283534932 -0.062215928025643415

-1.2071411283534932 -0.062215928025643415
-1.2102603560753369 -0.061019128613494393

-1.2102603560753369 -0.061019128613494393
-1.2133795837971806 -0.059865080765872283

-1.2133795837971806 -0.059865080765872283
-1.2150032141177642 -0.05926532671502939

-1.2150032141177642 -0.05926532671502939
-1.2164988115190243 -0.058711620049047834

-1.2164988115190243 -0.058711620049047834
-1.219618039240868 -0.057631526014659484

-1.219618039240868 -0.057631526014659484
-1.2227372669627115 -0.056584823745525085

-1.2227372669627115 -0.056584823745525085
-1.2240355253983566 -0.05614609899318574

-1.2240355253983566 -0.05614609899318574
-1.2258564946845552 -0.055540162626698038

-1.2258564946845552 -0.055540162626698038
-1.2289757224063989 -0.054558522932082569

-1.2289757224063989 -0.054558522932082569
-1.2320949501282425 -0.053609444075000033

-1.2320949501282425 -0.053609444075000033
-1.2340390572128135 -0.053026871271342091

-1.2340390572128135 -0.053026871271342091
-1.2352141778500862 -0.052668517902050661

-1.2352141778500862 -0.052668517902050661
-1.2383334055719297 -0.051781325676061224

-1.2383334055719297 -0.051781325676061224
-1.2414526332937734 -0.050913376106796866

-1.2414526332937734 -0.050913376106796866
-1.2445718610156171 -0.050084814825196174

-1.2445718610156171 -0.050084814825196174
-1.2452308723633276 -0.049907643549498434

-1.2452308723633276 -0.049907643549498434
-1.2476910887374608 -0.049271762726058536

-1.2476910887374608 -0.049271762726058536
-1.2508103164593045 -0.04850099063621606

-1.2508103164593045 -0.04850099063621606
-1.253929544181148 -0.047758120303014857

-1.253929544181148 -0.047758120303014857
-1.2570487719029917 -0.047050670705115469

-1.2570487719029917 -0.047050670705115469
-1.258223925475175 -0.046788415827654785

-1.258223925475175 -0.046788415827654785
-1.2601679996248354 -0.046361038068391848

-1.2601679996248354 -0.046361038068391848
-1.2632872273466791 -0.04571864005600644

-1.2632872273466791 -0.04571864005600644
-1.2664064550685228 -0.04510961164470495

-1.2664064550685228 -0.04510961164470495
-1.2695256827903663 -0.044535864343773213

-1.2695256827903663 -0.044535864343773213
-1.27264491051221 -0.043998852267285372

-1.27264491051221 -0.043998852267285372
-1.2746687028139645 -0.043669188105811135

-1.2746687028139645 -0.043669188105811135
-1.2757641382340537 -0.043488793318288428

-1.2757641382340537 -0.043488793318288428
-1.2788833659558974 -0.043018557138466182

-1.2788833659558974 -0.043018557138466182
-1.2820025936777411 -0.04257948934495534

-1.2820025936777411 -0.04257948934495534
-1.2851218213995845 -0.042175545842205099

-1.2851218213995845 -0.042175545842205099
-1.2882410491214282 -0.041804856594125354

-1.2882410491214282 -0.041804856594125354
-1.2913602768432719 -0.041465575593842986

-1.2913602768432719 -0.041465575593842986
-1.2944795045651156 -0.041157149199263166

-1.2944795045651156 -0.041157149199263166
-1.2975987322869591 -0.040880080903157444

-1.2975987322869591 -0.040880080903157444
-1.3007179600088028 -0.040635671707299814

-1.3007179600088028 -0.040635671707299814
-1.301965742059225 -0.040549960383967479

-1.301965742059225 -0.040549960383967479
-1.3038371877306465 -0.04042201579940348

-1.3038371877306465 -0.04042201579940348
-1.3069564154524902 -0.040241984267132255

-1.3069564154524902 -0.040241984267132255
-1.3100756431743339 -0.040093682021260318

-1.3100756431743339 -0.040093682021260318
-1.3131948708961774 -0.039977225643982504

-1.3131948708961774 -0.039977225643982504
-1.3163140986180211 -0.03989279970555594

-1.3163140986180211 -0.03989279970555594
-1.3194333263398648 -0.039840938327982946

-1.3194333263398648 -0.039840938327982946
-1.3225525540617085 -0.039821977948714365

-1.3225525540617085 -0.039821977948714365
-1.3256717817835522 -0.039835770641157744

-1.3256717817835522 -0.039835770641157744
-1.3287910095053956 -0.039881879413890535

-1.3287910095053956 -0.039881879413890535
-1.3319102372272393 -0.039959955235908867

-1.3319102372272393 -0.039959955235908867
-1.335029464949083 -0.040069885094929779

-1.335029464949083 -0.040069885094929779
-1.3381486926709267 -0.040211587423465388

-1.3381486926709267 -0.040211587423465388
-1.3412679203927704 -0.040384532380018275

-1.3412679203927704 -0.040384532380018275
-1.3438020175663221 -0.040549960383967479

-1.3438020175663221 -0.040549960383967479
-1.3443871481146139 -0.040588598973384411

-1.3443871481146139 -0.040588598973384411
-1.3475063758364576 -0.040820803172085252

-1.3475063758364576 -0.040820803172085252
-1.3506256035583013 -0.04108120351722433

-1.3506256035583013 -0.04108120351722433
-1.353744831280145 -0.041368757763806267

-1.353744831280145 -0.041368757763806267
-1.3568640590019887 -0.041683004773900502

-1.3568640590019887 -0.041683004773900502
-1.3599832867238322 -0.042023729412898551

-1.3599832867238322 -0.042023729412898551
-1.3631025144456759 -0.042390583137602765

-1.3631025144456759 -0.042390583137602765
-1.3662217421675196 -0.042783404301328508

-1.3662217421675196 -0.042783404301328508
-1.3693409698893633 -0.043202821866177639

-1.3693409698893633 -0.043202821866177639
-1.372460197611207 -0.043648868509356356

-1.372460197611207 -0.043648868509356356
-1.3725891978018545 -0.043669188105811135

-1.3725891978018545 -0.043669188105811135
-1.3755794253330504 -0.04412429397585535

-1.3755794253330504 -0.04412429397585535
-1.3786986530548941 -0.044627034011546468

-1.3786986530548941 -0.044627034011546468
-1.3818178807767378 -0.045157516804900079

-1.3818178807767378 -0.045157516804900079
-1.3849371084985815 -0.045715408105974721

-1.3849371084985815 -0.045715408105974721
-1.388056336220425 -0.046299425681451935

-1.388056336220425 -0.046299425681451935
-1.3905436830061362 -0.046788415827654785

-1.3905436830061362 -0.046788415827654785
-1.3911755639422687 -0.046916525402432914

-1.3911755639422687 -0.046916525402432914
-1.3942947916641124 -0.047551448633035433

-1.3942947916641124 -0.047551448633035433
-1.3974140193859561 -0.048216482263152345

-1.3974140193859561 -0.048216482263152345
-1.4005332471077998 -0.048906900889068974

-1.4005332471077998 -0.048906900889068974
-1.4036524748296433 -0.04961513322721333

-1.4036524748296433 -0.04961513322721333
-1.4048642389670303 -0.049907643549498434

-1.4048642389670303 -0.049907643549498434
-1.406771702551487 -0.05036236804603722

-1.406771702551487 -0.05036236804603722
-1.4098909302733307 -0.051115504047780591

-1.4098909302733307 -0.051115504047780591
-1.4130101579951744 -0.051891872672451669

-1.4130101579951744 -0.051891872672451669
-1.4161293857170181 -0.05267923286326285

-1.4161293857170181 -0.05267923286326285
-1.417434560339744 -0.053026871271342091

-1.417434560339744 -0.053026871271342091
-1.4192486134388616 -0.053505208722582645

-1.4192486134388616 -0.053505208722582645
-1.4223678411607052 -0.054330845137510575

-1.4223678411607052 -0.054330845137510575
-1.4254870688825489 -0.055180201934570267

-1.4254870688825489 -0.055180201934570267
-1.4286062966043926 -0.056041977640801113

-1.4286062966043926 -0.056041977640801113
-1.4289521977611144 -0.05614609899318574

-1.4289521977611144 -0.05614609899318574
-1.4317255243262363 -0.05693537971181644

-1.4317255243262363 -0.05693537971181644
-1.4348447520480798 -0.057842876759082666

-1.4348447520480798 -0.057842876759082666
-1.4379639797699235 -0.058764936832472511

-1.4379639797699235 -0.058764936832472511
-1.4395695012757059 -0.05926532671502939

-1.4395695012757059 -0.05926532671502939
-1.4410832074917672 -0.059738681752340726

-1.4410832074917672 -0.059738681752340726
-1.4442024352136109 -0.06071086725739222

-1.4442024352136109 -0.06071086725739222
-1.4473216629354546 -0.061713702850909179

-1.4473216629354546 -0.061713702850909179
-1.4493158723181301 -0.062384554436873046

-1.4493158723181301 -0.062384554436873046
-1.4504408906572981 -0.062772568071332968

-1.4504408906572981 -0.062772568071332968
-1.4535601183791418 -0.063827361897382071

-1.4535601183791418 -0.063827361897382071
-1.4566793461009855 -0.064912524458822424

-1.4566793461009855 -0.064912524458822424
-1.4582842950344643 -0.065503782158716689

-1.4582842950344643 -0.065503782158716689
-1.4597985738228292 -0.066063785743065331

-1.4597985738228292 -0.066063785743065331
-1.4629178015446729 -0.067203819497115486

-1.4629178015446729 -0.067203819497115486
-1.4660370292665164 -0.068366969175956166

-1.4660370292665164 -0.068366969175956166
-1.4666614776502387 -0.068623009880560346

-1.4666614776502387 -0.068623009880560346
-1.4691562569883601 -0.06958761494082269

-1.4691562569883601 -0.06958761494082269
-1.4722754847102038 -0.070801708278164663

-1.4722754847102038 -0.070801708278164663
-1.4746263775801425 -0.071742237602403988

-1.4746263775801425 -0.071742237602403988
-1.4753947124320475 -0.072066269981371986

-1.4753947124320475 -0.072066269981371986
-1.4785139401538909 -0.07330527738946363

-1.4785139401538909 -0.07330527738946363
-1.4816331678757346 -0.074559931553803221

-1.4816331678757346 -0.074559931553803221
-1.4823181854799938 -0.074861465324247645

-1.4823181854799938 -0.074861465324247645
-1.4847523955975783 -0.075871302022103612

-1.4847523955975783 -0.075871302022103612
-1.487871623319422 -0.07715645537431394

-1.487871623319422 -0.07715645537431394
-1.4897937819690563 -0.077980693046091301

-1.4897937819690563 -0.077980693046091301
-1.4909908510412657 -0.078507446142134785

-1.4909908510412657 -0.078507446142134785
-1.4941100787631092 -0.07982002168358604

-1.4941100787631092 -0.07982002168358604
-1.4970663502546162 -0.081099920767934958

-1.4970663502546162 -0.081099920767934958
-1.4972293064849529 -0.081178086783430525

-1.4972293064849529 -0.081178086783430525
-1.5003485342067966 -0.082537081460534262

-1.5003485342067966 -0.082537081460534262
-1.5034677619286403 -0.083900609575634388

-1.5034677619286403 -0.083900609575634388
-1.5041266744010273 -0.0842191484897786

-1.5041266744010273 -0.0842191484897786
-1.506586989650484 -0.08533178923992317

-1.506586989650484 -0.08533178923992317
-1.5097062173723275 -0.086724045412325063

-1.5097062173723275 -0.086724045412325063
-1.5109839337953854 -0.087338376211622257

-1.5109839337953854 -0.087338376211622257
-1.5128254450941712 -0.088205607625506499

-1.5128254450941712 -0.088205607625506499
-1.5159446728160149 -0.089628043094230087

-1.5159446728160149 -0.089628043094230087
-1.5176549103166073 -0.090457603933465913

-1.5176549103166073 -0.090457603933465913
-1.5190639005378586 -0.091149650466219562

-1.5190639005378586 -0.091149650466219562
-1.5221831282597023 -0.092604112049434598

-1.5221831282597023 -0.092604112049434598
-1.5241603827327348 -0.093576831655309556

-1.5241603827327348 -0.093576831655309556
-1.5253023559815457 -0.094158090103801176

-1.5253023559815457 -0.094158090103801176
-1.5284215837033894 -0.095640962912542177

-1.5284215837033894 -0.095640962912542177
-1.530535693433307 -0.096696059377153212

-1.530535693433307 -0.096696059377153212
-1.5315408114252331 -0.097221192246867608

-1.5315408114252331 -0.097221192246867608
-1.5346600391470768 -0.098727483182130857

-1.5346600391470768 -0.098727483182130857
-1.5368105816543034 -0.099815287098996869

-1.5368105816543034 -0.099815287098996869
-1.5377792668689205 -0.10033007414903333

-1.5377792668689205 -0.10033007414903333
-1.540898494590764 -0.10185297076366864

-1.540898494590764 -0.10185297076366864
-1.5430145655307588 -0.10293451482084051

-1.5430145655307588 -0.10293451482084051
-1.5440177223126077 -0.10347178296399073

-1.5440177223126077 -0.10347178296399073
-1.5471369500344514 -0.10500276714198671

-1.5471369500344514 -0.10500276714198671
-1.5491788160796109 -0.10605374254268417

-1.5491788160796109 -0.10605374254268417
-1.5502561777562951 -0.10663129037882496

-1.5502561777562951 -0.10663129037882496
-1.5533754054781388 -0.10816660545778604

-1.5533754054781388 -0.10816660545778604
-1.5553170729177308 -0.10917297026452782

-1.5553170729177308 -0.10917297026452782
-1.5564946331999823 -0.10980334914874973

-1.5564946331999823 -0.10980334914874973
-1.559613860921826 -0.11134179095160525

-1.559613860921826 -0.11134179095160525
-1.5614348831207974 -0.11229219798637147

-1.5614348831207974 -0.11229219798637147
-1.5627330886436697 -0.11298493463188017

-1.5627330886436697 -0.11298493463188017
-1.5658523163655134 -0.11452468918515168

-1.5658523163655134 -0.11452468918515168
-1.5675440341892355 -0.11541142570821512

-1.5675440341892355 -0.11541142570821512
-1.5689715440873568 -0.11616800375533529

-1.5689715440873568 -0.11616800375533529
-1.5720907718092005 -0.1177021471886505

-1.5720907718092005 -0.1177021471886505
-1.5736770540427159 -0.11853065343005878

-1.5736770540427159 -0.11853065343005878
-1.5752099995310442 -0.11933284239620116

-1.5752099995310442 -0.11933284239620116
-1.5783292272528879 -0.12085081290460259

-1.5783292272528879 -0.12085081290460259
-1.5798843804851437 -0.12164988115190242

-1.5798843804851437 -0.12164988115190242
-1.5814484549747316 -0.12245269942228564

-1.5814484549747316 -0.12245269942228564
-1.5845676826965751 -0.12393971952359957

-1.5845676826965751 -0.12393971952359957
-1.5862398912335225 -0.12476910887374608

-1.5862398912335225 -0.12476910887374608
-1.5876869104184188 -0.12549244801895013

-1.5876869104184188 -0.12549244801895013
-1.5908061381402625 -0.12693206568884166

-1.5908061381402625 -0.12693206568884166
-1.5928483104384439 -0.12788833659558974

-1.5928483104384439 -0.12788833659558974
-1.5939253658621062 -0.12841065076756278

-1.5939253658621062 -0.12841065076756278
-1.5970445935839499 -0.12978538501369427

-1.5970445935839499 -0.12978538501369427
-1.5998490966904846 -0.13100756431743338

-1.5998490966904846 -0.13100756431743338
-1.6001638213057934 -0.13115741547785406

-1.6001638213057934 -0.13115741547785406
-1.6032830490276371 -0.13245371326847291

-1.6032830490276371 -0.13245371326847291
-1.6064022767494808 -0.13369508964202928

-1.6064022767494808 -0.13369508964202928
-1.6074735981207491 -0.13412679203927705

-1.6074735981207491 -0.13412679203927705
-1.6095215044713245 -0.1349250134575849

-1.6095215044713245 -0.1349250134575849
-1.6126407321931682 -0.13606552635501834

-1.6126407321931682 -0.13606552635501834
-1.6157599599150116 -0.13714417325193892

-1.6157599599150116 -0.13714417325193892
-1.6160505580910127 -0.13724601976112069

-1.6160505580910127 -0.13724601976112069
-1.6188791876368553 -0.138168974061113

-1.6188791876368553 -0.138168974061113
-1.621998415358699 -0.13911916926953849

-1.621998415358699 -0.13911916926953849
-1.6251176430805427 -0.13998514256508943

-1.6251176430805427 -0.13998514256508943
-1.6265948731874538 -0.14036524748296433

-1.6265948731874538 -0.14036524748296433
-1.6282368708023864 -0.14078483651825241

-1.6282368708023864 -0.14078483651825241
-1.6313560985242299 -0.1414831882371809

-1.6313560985242299 -0.1414831882371809
-1.6344753262460736 -0.14209936721755001

-1.6344753262460736 -0.14209936721755001
-1.6375945539679173 -0.14261602301952514

-1.6375945539679173 -0.14261602301952514
-1.640713781689761 -0.14302501762891462

-1.640713781689761 -0.14302501762891462
-1.6438330094116045 -0.14332052863295658

-1.6438330094116045 -0.14332052863295658
-1.6467104370296739 -0.143484475204808

-1.6467104370296739 -0.143484475204808
-1.6469522371334482 -0.14349835195816049

-1.6469522371334482 -0.14349835195816049
-1.6500714648552919 -0.14355269221494724

-1.6500714648552919 -0.14355269221494724
-1.6530482271739724 -0.143484475204808

-1.6530482271739724 -0.143484475204808
-1.6531906925771356 -0.14348117583230979

-1.6531906925771356 -0.14348117583230979
-1.6563099202989793 -0.14328241491309809

-1.6563099202989793 -0.14328241491309809
-1.6594291480208228 -0.1429515428553961

-1.6594291480208228 -0.1429515428553961
-1.6625483757426665 -0.14248179832083635

-1.6625483757426665 -0.14248179832083635
-1.6656676034645101 -0.14186746037317832

-1.6656676034645101 -0.14186746037317832
-1.6687868311863538 -0.14110262544970256

-1.6687868311863538 -0.14110262544970256
-1.6712901669952385 -0.14036524748296433

-1.6712901669952385 -0.14036524748296433
-1.6719060589081975 -0.14017419587364946

-1.6719060589081975 -0.14017419587364946
-1.675025286630041 -0.13911317423329198

-1.675025286630041 -0.13911317423329198
-1.6781445143518847 -0.13789803164441747

-1.6781445143518847 -0.13789803164441747
-1.6795514219108427 -0.13724601976112069

-1.6795514219108427 -0.13724601976112069
-1.6812637420737284 -0.13645601742382937

-1.6812637420737284 -0.13645601742382937
-1.6843829697955721 -0.13493886453233189

-1.6843829697955721 -0.13493886453233189
-1.6857785468902748 -0.13412679203927705

-1.6857785468902748 -0.13412679203927705
-1.6875021975174158 -0.13313169082419574

-1.6875021975174158 -0.13313169082419574
-1.6906214252392593 -0.13127843670026559

-1.6906214252392593 -0.13127843670026559
-1.6909928166783397 -0.13100756431743338

-1.6909928166783397 -0.13100756431743338
-1.693740652961103 -0.12919007189255657

-1.693740652961103 -0.12919007189255657
-1.6954859259305584 -0.12788833659558974

-1.6954859259305584 -0.12788833659558974
-1.6968598806829467 -0.12683383729089226

-1.6968598806829467 -0.12683383729089226
-1.6995712552484441 -0.12476910887374608

-1.6995712552484441 -0.12476910887374608
-1.6999791084047904 -0.12442483071327268

-1.6999791084047904 -0.12442483071327268
-1.7030983361266341 -0.12197050010883212

-1.7030983361266341 -0.12197050010883212
-1.7034579738664886 -0.12164988115190242

-1.7034579738664886 -0.12164988115190242
-1.7062175638484776 -0.11930992916513536

-1.7062175638484776 -0.11930992916513536
-1.707067310211883 -0.11853065343005878

-1.707067310211883 -0.11853065343005878
-1.7093367915703213 -0.11648433163931035

-1.7093367915703213 -0.11648433163931035
-1.7104786380073731 -0.11541142570821512

-1.7104786380073731 -0.11541142570821512
-1.712456019292165 -0.1135559916382211

-1.712456019292165 -0.1135559916382211
-1.7137722856603099 -0.11229219798637147

-1.7137722856603099 -0.11229219798637147
-1.7155752470140087 -0.11055155737737243

-1.7155752470140087 -0.11055155737737243
-1.7169830929069085 -0.10917297026452782

-1.7169830929069085 -0.10917297026452782
-1.7186944747358524 -0.10748420745829536

-1.7186944747358524 -0.10748420745829536
-1.7201311844819145 -0.10605374254268417

-1.7201311844819145 -0.10605374254268417
-1.7218137024576958 -0.10436593430505846

-1.7218137024576958 -0.10436593430505846
-1.7232337016997221 -0.10293451482084051

-1.7232337016997221 -0.10293451482084051
-1.7249329301795395 -0.10121198729658952

-1.7249329301795395 -0.10121198729658952
-1.7263072401809854 -0.099815287098996869

-1.7263072401809854 -0.099815287098996869
-1.7280521579013832 -0.098030970817345367

-1.7280521579013832 -0.098030970817345367
-1.7293557894834386 -0.096696059377153212

-1.7293557894834386 -0.096696059377153212
-1.7311713856232269 -0.094824333819640186

-1.7311713856232269 -0.094824333819640186
-1.7323838601943546 -0.093576831655309556

-1.7323838601943546 -0.093576831655309556
-1.7342906133450704 -0.091601841400703446

-1.7342906133450704 -0.091601841400703446
-1.7354017666637209 -0.090457603933465913

-1.7354017666637209 -0.090457603933465913
-1.7374098410669141 -0.08837642022564525

-1.7374098410669141 -0.08837642022564525
-1.7384198791006116 -0.087338376211622257

-1.7384198791006116 -0.087338376211622257
-1.7405290687887578 -0.085157811993053042

-1.7405290687887578 -0.085157811993053042
-1.7414460394479847 -0.0842191484897786

-1.7414460394479847 -0.0842191484897786
-1.7436482965106015 -0.081955468214807051

-1.7436482965106015 -0.081955468214807051
-1.7444894993368543 -0.081099920767934958

-1.7444894993368543 -0.081099920767934958
-1.7467675242324452 -0.078781991625103839

-1.7467675242324452 -0.078781991625103839
-1.7475627297160914 -0.077980693046091301

-1.7475627297160914 -0.077980693046091301
-1.7498867519542887 -0.075649728694908519

-1.7498867519542887 -0.075649728694908519
-1.7506779344795789 -0.074861465324247645

-1.7506779344795789 -0.074861465324247645
-1.7530059796761324 -0.072566388941728996

-1.7530059796761324 -0.072566388941728996
-1.7538442424355956 -0.071742237602403988

-1.7538442424355956 -0.071742237602403988
-1.7561252073979761 -0.069535932594196409

-1.7561252073979761 -0.069535932594196409
-1.7570681280839073 -0.068623009880560346

-1.7570681280839073 -0.068623009880560346
-1.7592444351198198 -0.066558014420350864

-1.7592444351198198 -0.066558014420350864
-1.760353031669476 -0.065503782158716689

-1.760353031669476 -0.065503782158716689
-1.7623636628416635 -0.063631273520667456

-1.7623636628416635 -0.063631273520667456
-1.7637035992058794 -0.062384554436873046

-1.7637035992058794 -0.062384554436873046
-1.7654828905635069 -0.060755410794818131

-1.7654828905635069 -0.060755410794818131
-1.7671263893230118 -0.05926532671502939

-1.7671263893230118 -0.05926532671502939
-1.7686021182853506 -0.05793205857510228

-1.7686021182853506 -0.05793205857510228
-1.7706359027317686 -0.05614609899318574

-1.7706359027317686 -0.05614609899318574
-1.7717213460071943 -0.055175900303472157

-1.7717213460071943 -0.055175900303472157
-1.774280273404558 -0.053026871271342091

-1.774280273404558 -0.053026871271342091
-1.774840573729038 -0.052531214857257258

-1.774840573729038 -0.052531214857257258
-1.7779598014508817 -0.050042118125618679

-1.7779598014508817 -0.050042118125618679
-1.7781144873952881 -0.049907643549498434

-1.7781144873952881 -0.049907643549498434
-1.7810790291727252 -0.047574756048439533

-1.7810790291727252 -0.047574756048439533
-1.7820191587482608 -0.046788415827654785

-1.7820191587482608 -0.046788415827654785
-1.7841982568945689 -0.045062913993715231

-1.7841982568945689 -0.045062913993715231
-1.7859629415739093 -0.043669188105811135

-1.7859629415739093 -0.043669188105811135
-1.7873174846164126 -0.042585932587714939

-1.7873174846164126 -0.042585932587714939
-1.7900999844642973 -0.040549960383967479

-1.7900999844642973 -0.040549960383967479
-1.7904367123382563 -0.040278850027454703

-1.7904367123382563 -0.040278850027454703
-1.7935559400601 -0.038125616471123107

-1.7935559400601 -0.038125616471123107
-1.7944762370296745 -0.037430732662123829

-1.7944762370296745 -0.037430732662123829
-1.7966751677819435 -0.035880708641129938

-1.7966751677819435 -0.035880708641129938
-1.7989780282760537 -0.034311504940280173

-1.7989780282760537 -0.034311504940280173
-1.7997943955037872 -0.033714533244970125

-1.7997943955037872 -0.033714533244970125
-1.8029136232256309 -0.031765178319820973

-1.8029136232256309 -0.031765178319820973
-1.8037387228897892 -0.03119227721843652

-1.8037387228897892 -0.03119227721843652
-1.8060328509474746 -0.029720728648787942

-1.8060328509474746 -0.029720728648787942
-1.8087249339090687 -0.028073049496592867

-1.8087249339090687 -0.028073049496592867
-1.8091520786693183 -0.027782350528090215

-1.8091520786693183 -0.027782350528090215
-1.8122713063911617 -0.025992549799568627

-1.8122713063911617 -0.025992549799568627
-1.8140268916390567 -0.024953821774749217

-1.8140268916390567 -0.024953821774749217
-1.8153905341130054 -0.02413350925592718

-1.8153905341130054 -0.02413350925592718
-1.8185097618348491 -0.022467847668055943

-1.8185097618348491 -0.022467847668055943
-1.819616713580237 -0.021834594052905564

-1.819616713580237 -0.021834594052905564
-1.8216289895566928 -0.020731969804012623

-1.8216289895566928 -0.020731969804012623
-1.8247482172785363 -0.019154649180060379

-1.8247482172785363 -0.019154649180060379
-1.8255552173582341 -0.018715366331061911

-1.8255552173582341 -0.018715366331061911
-1.82786744500038 -0.017536628390342753

-1.82786744500038 -0.017536628390342753
-1.8309866727222237 -0.016045850833816298

-1.8309866727222237 -0.016045850833816298
-1.831875171370041 -0.015596138609218262

-1.831875171370041 -0.015596138609218262
-1.8341059004440674 -0.014527406170954719

-1.8341059004440674 -0.014527406170954719
-1.8372251281659111 -0.013127672509933269

-1.8372251281659111 -0.013127672509933269
-1.8386429535158786 -0.012476910887374609

-1.8386429535158786 -0.012476910887374609
-1.8403443558877546 -0.011705553275044354

-1.8403443558877546 -0.011705553275044354
-1.8434635836095983 -0.010392284646115435

-1.8434635836095983 -0.010392284646115435
-1.8459562670401641 -0.0093576831655309573

-1.8459562670401641 -0.0093576831655309573
-1.846582811331442 -0.0090809356921467098

-1.846582811331442 -0.0090809356921467098
-1.8497020390532857 -0.0078583345168747199

-1.8497020390532857 -0.0078583345168747199
-1.8528212667751294 -0.0066867618325769833

-1.8528212667751294 -0.0066867618325769833
-1.8540049858232563 -0.0062384554436873043

-1.8540049858232563 -0.0062384554436873043
-1.8559404944969728 -0.0055231628875339472

-1.8559404944969728 -0.0055231628875339472
-1.8590597222188165 -0.0044392565527162434

-1.8590597222188165 -0.0044392565527162434
-1.8621789499406602 -0.0034045853987442363

-1.8621789499406602 -0.0034045853987442363
-1.8630315715052661 -0.0031192277218436521

-1.8630315715052661 -0.0031192277218436521
-1.8652981776625039 -0.0023898177630825813

-1.8652981776625039 -0.0023898177630825813
-1.8684174053843476 -0.0014452428948547545

-1.8684174053843476 -0.0014452428948547545
-1.8715366331061911 -0.00054992628224063164

-1.8715366331061911 -0.00054992628224063164
-1.8735139203941775 0

-1.8735139203941775 0
-1.8746558608280348 0.00032312248615728144

-1.8746558608280348 0.00032312248615728144
-1.8777750885498785 0.0011341792914394276

-1.8777750885498785 0.0011341792914394276
-1.8808943162717222 0.0019101589483583254

-1.8808943162717222 0.0019101589483583254
-1.8840135439935659 0.0026376730461338533

-1.8840135439935659 0.0026376730461338533
-1.8861776567650506 0.0031192277218436517

-1.8861776567650506 0.0031192277218436517
-1.8871327717154094 0.0033361273290010451

-1.8871327717154094 0.0033361273290010451
-1.8902519994372531 0.0039842614859984769

-1.8902519994372531 0.0039842614859984769
-1.8933712271590968 0.0045987090168518553

-1.8933712271590968 0.0045987090168518553
-1.8964904548809405 0.0051727218617592854

-1.8964904548809405 0.0051727218617592854
-1.8996096826027842 0.0057060992993032671

-1.8996096826027842 0.0057060992993032671
-1.9027289103246277 0.0061977354752249386

-1.9027289103246277 0.0061977354752249386
-1.9029996612768387 0.0062384554436873043

-1.9029996612768387 0.0062384554436873043
-1.9058481380464714 0.0066533176832566637

-1.9058481380464714 0.0066533176832566637
-1.908967365768315 0.0070693753743705113

-1.908967365768315 0.0070693753743705113
-1.9120865934901587 0.0074459163753313011

-1.9120865934901587 0.0074459163753313011
-1.9152058212120022 0.0077811427995455231

-1.9152058212120022 0.0077811427995455231
-1.9183250489338459 0.0080750001982067329

-1.9183250489338459 0.0080750001982067329
-1.9214442766556896 0.0083286190564821044

-1.9214442766556896 0.0083286190564821044
-1.9245635043775333 0.0085428641370643987

-1.9245635043775333 0.0085428641370643987
-1.927682732099377 0.0087179613274374779

-1.927682732099377 0.0087179613274374779
-1.9308019598212205 0.0088537288081367189

-1.9308019598212205 0.0088537288081367189
-1.9339211875430642 0.0089502119427566883

-1.9339211875430642 0.0089502119427566883
-1.9370404152649079 0.0090083344782299919

-1.9370404152649079 0.0090083344782299919
-1.9401596429867516 0.0090295030842785194

-1.9401596429867516 0.0090295030842785194
-1.9432788707085953 0.009014603379623112

-1.9432788707085953 0.009014603379623112
-1.9463980984304388 0.0089636033759751595

-1.9463980984304388 0.0089636033759751595
-1.9495173261522825 0.0088760708705742045

-1.9495173261522825 0.0088760708705742045
-1.9526365538741262 0.0087518879801254858

-1.9526365538741262 0.0087518879801254858
-1.9557557815959699 0.008591446569092576

-1.9557557815959699 0.008591446569092576
-1.9588750093178136 0.008395168190195491

-1.9588750093178136 0.008395168190195491
-1.961994237039657 0.0081627883979848541

-1.961994237039657 0.0081627883979848541
-1.9651134647615007 0.0078933277228604298

-1.9651134647615007 0.0078933277228604298
-1.9682326924833444 0.0075860511735072519

-1.9682326924833444 0.0075860511735072519
-1.9713519202051881 0.0072409796893009686

-1.9713519202051881 0.0072409796893009686
-1.9744711479270318 0.0068579683747696397

-1.9744711479270318 0.0068579683747696397
-1.9775903756488753 0.0064387453164049613

-1.9775903756488753 0.0064387453164049613
-1.9789345448355329 0.0062384554436873043

-1.9789345448355329 0.0062384554436873043
-1.980709603370719 0.0059749084715259755

-1.980709603370719 0.0059749084715259755
-1.9838288310925627 0.0054790620512462701

-1.9838288310925627 0.0054790620512462701
-1.9869480588144064 0.0049431138795357366

-1.9869480588144064 0.0049431138795357366
-1.9900672865362501 0.0043682133406259304

-1.9900672865362501 0.0043682133406259304
-1.9931865142580936 0.003754276981706424

-1.9931865142580936 0.003754276981706424
-1.9962219870314499 0.0031192277218436517

-1.9962219870314499 0.0031192277218436517
-1.9963057419799373 0.0031007630257637755

-1.9963057419799373 0.0031007630257637755
-1.999424969701781 0.002410408467748139

-1.999424969701781 0.002410408467748139
-2.0025441974236249 0.0016801798792621409

-2.0025441974236249 0.0016801798792621409
-2.0056634251454684 0.00091080875782409204

-2.0056634251454684 0.00091080875782409204
-2.0087826528673123 0.00010832824264567914

-2.0087826528673123 0.00010832824264567914
-2.0091618069229442 0

-2.0091618069229442 0
-2.0119018805891558 -0.00074385110490027848

-2.0119018805891558 -0.00074385110490027848
-2.0150211083109992 -0.0016265393366145292

-2.0150211083109992 -0.0016265393366145292
-2.0181403360328432 -0.0025405823750156219

-2.0181403360328432 -0.0025405823750156219
-2.0200011802014206 -0.0031192277218436521

-2.0200011802014206 -0.0031192277218436521
-2.0212595637546866 -0.0035171125199482366

-2.0212595637546866 -0.0035171125199482366
-2.0243787914765305 -0.0045009778291409432

-2.0243787914765305 -0.0045009778291409432
-2.027498019198374 -0.0055248116240982281

-2.027498019198374 -0.0055248116240982281
-2.0295671679945135 -0.0062384554436873043

-2.0295671679945135 -0.0062384554436873043
-2.0306172469202175 -0.006611686737716017

-2.0306172469202175 -0.006611686737716017
-2.0337364746420614 -0.0076982858676605441

-2.0337364746420614 -0.0076982858676605441
-2.0368557023639049 -0.0088178571695181653

-2.0368557023639049 -0.0088178571695181653
-2.038258047031968 -0.0093576831655309573

-2.038258047031968 -0.0093576831655309573
-2.0399749300857488 -0.010013141543383786

-2.0399749300857488 -0.010013141543383786
-2.0430941578075923 -0.011201413122206563

-2.0430941578075923 -0.011201413122206563
-2.0462133855294358 -0.012428016923616687

-2.0462133855294358 -0.012428016923616687
-2.046323094537541 -0.012476910887374609

-2.046323094537541 -0.012476910887374609
-2.0493326132512797 -0.013693813405888582

-2.0493326132512797 -0.013693813405888582
-2.0524518409731232 -0.014967277148434519

-2.0524518409731232 -0.014967277148434519
-2.0538901672636976 -0.015596138609218262

-2.0538901672636976 -0.015596138609218262
-2.0555710686949671 -0.016325782560079837

-2.0555710686949671 -0.016325782560079837
-2.0586902964168106 -0.017657422447878112

-2.0586902964168106 -0.017657422447878112
-2.06105530136962 -0.018715366331061911

-2.06105530136962 -0.018715366331061911
-2.061809524138654 -0.019073920514508128

-2.061809524138654 -0.019073920514508128
-2.064928751860498 -0.020469993623899868

-2.064928751860498 -0.020469993623899868
-2.067855699278677 -0.021834594052905564

-2.067855699278677 -0.021834594052905564
-2.0680479795823414 -0.021934592848637559

-2.0680479795823414 -0.021934592848637559
-2.0711672073041854 -0.023415757190443157

-2.0711672073041854 -0.023415757190443157
-2.0742864350260288 -0.02494570116866747

-2.0742864350260288 -0.02494570116866747
-2.0743005750243526 -0.024953821774749217

-2.0743005750243526 -0.024953821774749217
-2.0774056627478723 -0.026517829314562959

-2.0774056627478723 -0.026517829314562959
-2.0804156754730196 -0.028073049496592867

-2.0804156754730196 -0.028073049496592867
-2.0805248904697162 -0.028137290122104256

-2.0805248904697162 -0.028137290122104256
-2.0836441181915597 -0.02977748315451928

-2.0836441181915597 -0.02977748315451928
-2.0862368255331103 -0.03119227721843652

-2.0862368255331103 -0.03119227721843652
-2.0867633459134036 -0.031508684373947486

-2.0867633459134036 -0.031508684373947486
-2.0898825736352471 -0.033191869618639409

-2.0898825736352471 -0.033191869618639409
-2.0918110536436489 -0.034311504940280173

-2.0918110536436489 -0.034311504940280173
-2.0930018013570906 -0.035028585730225797

-2.0930018013570906 -0.035028585730225797
-2.0961210290789345 -0.036759721030303054

-2.0961210290789345 -0.036759721030303054
-2.0971807510271976 -0.037430732662123829

-2.0971807510271976 -0.037430732662123829
-2.099240256800778 -0.038673731846954454

-2.099240256800778 -0.038673731846954454
-2.1023594845226219 -0.040532251543968958

-2.1023594845226219 -0.040532251543968958
-2.1023849225232638 -0.040549960383967479

-2.1023849225232638 -0.040549960383967479
-2.1054787122444654 -0.042420128311112276

-2.1054787122444654 -0.042420128311112276
-2.1074438587027853 -0.043669188105811135

-2.1074438587027853 -0.043669188105811135
-2.1085979399663088 -0.044435368974239102

-2.1085979399663088 -0.044435368974239102
-2.1117171676881528 -0.046311966711781269

-2.1117171676881528 -0.046311966711781269
-2.1123984444612476 -0.046788415827654785

-2.1123984444612476 -0.046788415827654785
-2.1148363954099962 -0.048351874498689225

-2.1148363954099962 -0.048351874498689225
-2.1172267461096115 -0.049907643549498434

-2.1172267461096115 -0.049907643549498434
-2.1179556231318402 -0.050424645894455854

-2.1179556231318402 -0.050424645894455854
-2.1210748508536836 -0.05236869418001458

-2.1210748508536836 -0.05236869418001458
-2.1219937533755453 -0.053026871271342091

-2.1219937533755453 -0.053026871271342091
-2.1241940785755271 -0.05450459642239975

-2.1241940785755271 -0.05450459642239975
-2.1266324358819149 -0.05614609899318574

-2.1266324358819149 -0.05614609899318574
-2.127313306297371 -0.056647235604101141

-2.127313306297371 -0.056647235604101141
-2.1304325340192145 -0.058663532986503251

-2.1304325340192145 -0.058663532986503251
-2.1312406523934362 -0.05926532671502939

-2.1312406523934362 -0.05926532671502939
-2.133551761741058 -0.060865309531334871

-2.133551761741058 -0.060865309531334871
-2.1357041665610805 -0.062384554436873046

-2.1357041665610805 -0.062384554436873046
-2.1366709894629019 -0.063110557432850031

-2.1366709894629019 -0.063110557432850031
-2.1397902171847454 -0.065207510545148104

-2.1397902171847454 -0.065207510545148104
-2.1401712919801259 -0.065503782158716689

-2.1401712919801259 -0.065503782158716689
-2.1429094449065893 -0.067421594619091335

-2.1429094449065893 -0.067421594619091335
-2.1445178791876973 -0.068623009880560346

-2.1445178791876973 -0.068623009880560346
-2.1460286726284328 -0.069758911432798221

-2.1460286726284328 -0.069758911432798221
-2.1488231385301839 -0.071742237602403988

-2.1488231385301839 -0.071742237602403988
-2.1491479003502763 -0.071999204559944019

-2.1491479003502763 -0.071999204559944019
-2.1522671280721202 -0.074158245933675607

-2.1522671280721202 -0.074158245933675607
-2.1531701165992359 -0.074861465324247645

-2.1531701165992359 -0.074861465324247645
-2.1553863557939636 -0.076482945828678456

-2.1553863557939636 -0.076482945828678456
-2.1574087383590004 -0.077980693046091301

-2.1574087383590004 -0.077980693046091301
-2.1585055835158076 -0.078831023805565212

-2.1585055835158076 -0.078831023805565212
-2.161624811237651 -0.081018018135654235

-2.161624811237651 -0.081018018135654235
-2.1617274172675272 -0.081099920767934958

-2.1617274172675272 -0.081099920767934958
-2.1647440389594945 -0.083227968034573427

-2.1647440389594945 -0.083227968034573427
-2.1660476375703284 -0.0842191484897786

-2.1660476375703284 -0.0842191484897786
-2.1678632666813384 -0.085563962338687224

-2.1678632666813384 -0.085563962338687224
-2.1703651737007794 -0.087338376211622257

-2.1703651737007794 -0.087338376211622257
-2.1709824944031819 -0.087815670692236364

-2.1709824944031819 -0.087815670692236364
-2.1741017221250258 -0.089905649139185528

-2.1741017221250258 -0.089905649139185528
-2.1748298367869867 -0.090457603933465913

-2.1748298367869867 -0.090457603933465913
-2.1772209498468693 -0.092124264914009366

-2.1772209498468693 -0.092124264914009366
-2.1793090397926846 -0.093576831655309556

-2.1793090397926846 -0.093576831655309556
-2.1803401775687128 -0.094333354469026881

-2.1803401775687128 -0.094333354469026881
-2.1834594052905567 -0.096330412604904964

-2.1834594052905567 -0.096330412604904964
-2.1839623579457954 -0.096696059377153212

-2.1839623579457954 -0.096696059377153212
-2.1865786330124002 -0.098404275041148501

-2.1865786330124002 -0.098404275041148501
-2.1887670796048084 -0.099815287098996869

-2.1887670796048084 -0.099815287098996869
-2.1896978607342441 -0.10045384806480598

-2.1896978607342441 -0.10045384806480598
-2.1928170884560876 -0.10227822341069437

-2.1928170884560876 -0.10227822341069437
-2.193854541093891 -0.10293451482084051

-2.193854541093891 -0.10293451482084051
-2.1959363161779311 -0.10418120785696078

-2.1959363161779311 -0.10418120785696078
-2.199055543899775 -0.10589572092598462

-2.199055543899775 -0.10589572092598462
-2.1993207571842102 -0.10605374254268417

-2.1993207571842102 -0.10605374254268417
-2.2021747716216185 -0.10756099588699743

-2.2021747716216185 -0.10756099588699743
-2.2052939993434624 -0.10908500111214565

-2.2052939993434624 -0.10908500111214565
-2.2054683679904872 -0.10917297026452782

-2.2054683679904872 -0.10917297026452782
-2.2084132270653059 -0.11050223771044371

-2.2084132270653059 -0.11050223771044371
-2.2115324547871493 -0.11175818056108973

-2.2115324547871493 -0.11175818056108973
-2.2129849619442798 -0.11229219798637147

-2.2129849619442798 -0.11229219798637147
-2.2146516825089932 -0.11289697717898624

-2.2146516825089932 -0.11289697717898624
-2.2177709102308367 -0.11384451340985398

-2.2177709102308367 -0.11384451340985398
-2.2208901379526806 -0.11463670310811173

-2.2208901379526806 -0.11463670310811173
-2.2240093656745241 -0.1152295661488381

-2.2240093656745241 -0.1152295661488381
-2.2254761682982283 -0.11541142570821512

-2.2254761682982283 -0.11541142570821512
-2.2271285933963676 -0.11561411818996882

-2.2271285933963676 -0.11561411818996882
-2.2302478211182115 -0.1157816166935496

-2.2302478211182115 -0.1157816166935496
-2.233367048840055 -0.11573987047552639

-2.233367048840055 -0.11573987047552639
-2.2364862765618989 -0.11548236498522246

-2.2364862765618989 -0.11548236498522246
-2.2369404909051229 -0.11541142570821512

-2.2369404909051229 -0.11541142570821512
-2.2396055042837424 -0.11500289779499116

-2.2396055042837424 -0.11500289779499116
-2.2427247320055859 -0.11429700707077571

-2.2427247320055859 -0.11429700707077571
-2.2458439597274298 -0.11334551171867599

-2.2458439597274298 -0.11334551171867599
-2.2485828414629441 -0.11229219798637147

-2.2485828414629441 -0.11229219798637147
-2.2489631874492733 -0.11213275457151577

-2.2489631874492733 -0.11213275457151577
-2.2520824151711172 -0.11068931659376738

-2.2520824151711172 -0.11068931659376738
-2.2548135619569365 -0.10917297026452782

-2.2548135619569365 -0.10917297026452782
-2.2552016428929607 -0.10892943563394225

-2.2552016428929607 -0.10892943563394225
-2.2583208706148041 -0.10701401684678198

-2.2583208706148041 -0.10701401684678198
-2.2595861373279189 -0.10605374254268417

-2.2595861373279189 -0.10605374254268417
-2.2614400983366481 -0.10466046191683807

-2.2614400983366481 -0.10466046191683807
-2.2635609019910272 -0.10293451482084051

-2.2635609019910272 -0.10293451482084051
-2.2645593260584915 -0.10207137372896086

-2.2645593260584915 -0.10207137372896086
-2.2671309718290753 -0.099815287098996869

-2.2671309718290753 -0.099815287098996869
-2.2676785537803354 -0.099299116983528612

-2.2676785537803354 -0.099299116983528612
-2.2703795083147007 -0.096696059377153212

-2.2703795083147007 -0.096696059377153212
-2.2707977815021789 -0.096275180686544559

-2.2707977815021789 -0.096275180686544559
-2.2733786885416585 -0.093576831655309556

-2.2733786885416585 -0.093576831655309556
-2.2739170092240224 -0.093010403276330408

-2.2739170092240224 -0.093010403276330408
-2.2762361560803286 -0.090457603933465913

-2.2762361560803286 -0.090457603933465913
-2.2770362369458663 -0.089587089842723219

-2.2770362369458663 -0.089587089842723219
-2.2790190415873717 -0.087338376211622257

-2.2790190415873717 -0.087338376211622257
-2.2801554646677098 -0.086053742117779691

-2.2801554646677098 -0.086053742117779691
-2.2817394936283839 -0.0842191484897786

-2.2817394936283839 -0.0842191484897786
-2.2832746923895537 -0.082400407131095282

-2.2832746923895537 -0.082400407131095282
-2.2843853618565886 -0.081099920767934958

-2.2843853618565886 -0.081099920767934958
-2.2863939201113972 -0.078613195732863683

-2.2863939201113972 -0.078613195732863683
-2.2869374531266433 -0.077980693046091301

-2.2869374531266433 -0.077980693046091301
-2.289376095293536 -0.074861465324247645

-2.289376095293536 -0.074861465324247645
-2.2895131478332407 -0.074703442013377003

-2.2895131478332407 -0.074703442013377003
-2.2918509362057256 -0.071742237602403988

-2.2918509362057256 -0.071742237602403988
-2.2926323755550846 -0.070821491099250442

-2.2926323755550846 -0.070821491099250442
-2.2944142304694983 -0.068623009880560346

-2.2944142304694983 -0.068623009880560346
-2.2957516032769281 -0.067015617266072774

-2.2957516032769281 -0.067015617266072774
-2.2970169099004565 -0.065503782158716689

-2.2970169099004565 -0.065503782158716689
-2.298870830998772 -0.063242601518313749

-2.298870830998772 -0.063242601518313749
-2.2996116460512894 -0.062384554436873046

-2.2996116460512894 -0.062384554436873046
-2.3019900587206155 -0.059455203498462714

-2.3019900587206155 -0.059455203498462714
-2.302158043338443 -0.05926532671502939

-2.302158043338443 -0.05926532671502939
-2.304698124527909 -0.05614609899318574

-2.304698124527909 -0.05614609899318574
-2.3051092864424589 -0.055685573200349114

-2.3051092864424589 -0.055685573200349114
-2.3073533568734765 -0.053026871271342091

-2.3073533568734765 -0.053026871271342091
-2.3082285141643029 -0.052052258795720348

-2.3082285141643029 -0.052052258795720348
-2.3101125603858716 -0.049907643549498434

-2.3101125603858716 -0.049907643549498434
-2.3113477418861463 -0.048550212799691891

-2.3113477418861463 -0.048550212799691891
-2.3129505908401509 -0.046788415827654785

-2.3129505908401509 -0.046788415827654785
-2.3144669696079898 -0.0451471777831308

-2.3144669696079898 -0.0451471777831308
-2.3158457910612782 -0.043669188105811135

-2.3158457910612782 -0.043669188105811135
-2.3175861973298337 -0.041811160983297187

-2.3175861973298337 -0.041811160983297187
-2.3187862784416682 -0.040549960383967479

-2.3187862784416682 -0.040549960383967479
-2.3207054250516772 -0.038542460860335991

-2.3207054250516772 -0.038542460860335991
-2.3217875046121201 -0.037430732662123829

-2.3217875046121201 -0.037430732662123829
-2.3238246527735211 -0.035352192353249101

-2.3238246527735211 -0.035352192353249101
-2.3248586114748595 -0.034311504940280173

-2.3248586114748595 -0.034311504940280173
-2.3269438804953646 -0.032235198523506918

-2.3269438804953646 -0.032235198523506918
-2.3279997161174695 -0.03119227721843652

-2.3279997161174695 -0.03119227721843652
-2.3300631082172081 -0.029185120079162793

-2.3300631082172081 -0.029185120079162793
-2.3312127388321349 -0.028073049496592867

-2.3312127388321349 -0.028073049496592867
-2.333182335939052 -0.026204404906359308

-2.333182335939052 -0.026204404906359308
-2.3345090268791049 -0.024953821774749217

-2.3345090268791049 -0.024953821774749217
-2.3363015636608955 -0.023294758765562074

-2.3363015636608955 -0.023294758765562074
-2.3379005706932401 -0.021834594052905564

-2.3379005706932401 -0.021834594052905564
-2.3394207913827394 -0.020458262711911826

-2.3394207913827394 -0.020458262711911826
-2.3414092949976761 -0.018715366331061911

-2.3414092949976761 -0.018715366331061911
-2.3425400191045829 -0.017710987751558979

-2.3425400191045829 -0.017710987751558979
-2.3450961647638495 -0.015596138609218262

-2.3450961647638495 -0.015596138609218262
-2.3456592468264263 -0.015104525674036794

-2.3456592468264263 -0.015104525674036794
-2.3487784745482703 -0.012686592834727194

-2.3487784745482703 -0.012686592834727194
-2.3490255530284996 -0.012476910887374609

-2.3490255530284996 -0.012476910887374609
-2.3518977022701137 -0.010282850993722708

-2.3518977022701137 -0.010282850993722708
-2.3530498365812691 -0.0093576831655309573

-2.3530498365812691 -0.0093576831655309573
-2.3550169299919577 -0.0078431877337140007

-2.3550169299919577 -0.0078431877337140007
-2.3571836018892811 -0.0062384554436873043

-2.3571836018892811 -0.0062384554436873043
-2.3581361577138011 -0.005494924071210527

-2.3581361577138011 -0.005494924071210527
-2.3612553854356446 -0.0033827166737359121

-2.3612553854356446 -0.0033827166737359121
-2.3612553854356446 -0.0033827166737359121

-2.3612553854356446 -0.0033827166737359121
-2.3616021799132469 -0.0031192277218436521

-2.3616021799132469 -0.0031192277218436521
-2.3643746131574885 -0.0012489225782486438

-2.3643746131574885 -0.0012489225782486438
-2.3643746131574885 -0.0012489225782486438

-2.3643746131574885 -0.0012489225782486438
-2.3662095059785622 0

-2.3662095059785622 0
-2.367493840879332 0.0008979242669153089

-2.367493840879332 0.0008979242669153089
-2.3706130686011759 0.0028192284924529742

-2.3706130686011759 0.0028192284924529742
-2.3710436839328985 0.0031192277218436517

-2.3710436839328985 0.0031192277218436517
-2.3737322963230194 0.0047885543559333735

-2.3737322963230194 0.0047885543559333735
-2.3761240493608011 0.0062384554436873043

-2.3761240493608011 0.0062384554436873043
-2.3768515240448629 0.0067160737221108662

-2.3768515240448629 0.0067160737221108662
-2.3799707517667068 0.0084591516460363943

-2.3799707517667068 0.0084591516460363943
-2.3814995213940553 0.0093576831655309556

-2.3814995213940553 0.0093576831655309556
-2.3830899794885503 0.010287990034705416

-2.3830899794885503 0.010287990034705416
-2.3862092072103942 0.011939284539022233

-2.3862092072103942 0.011939284539022233
-2.3871469432706198 0.012476910887374609

-2.3871469432706198 0.012476910887374609
-2.3893284349322377 0.013657531297471494

-2.3893284349322377 0.013657531297471494
-2.3924476626540812 0.015235389876551221

-2.3924476626540812 0.015235389876551221
-2.3931044379250332 0.01559613860921826

-2.3931044379250332 0.01559613860921826
-2.3955668903759251 0.016846950151506036

-2.3955668903759251 0.016846950151506036
-2.3986861180977685 0.018347293684208021

-2.3986861180977685 0.018347293684208021
-2.3993992746539985 0.018715366331061915

-2.3993992746539985 0.018715366331061915
-2.4018053458196125 0.019874154452291563

-2.4018053458196125 0.019874154452291563
-2.4049245735414559 0.02129483779781409

-2.4049245735414559 0.02129483779781409
-2.4060631859478554 0.021834594052905568

-2.4060631859478554 0.021834594052905568
-2.4080438012632994 0.022742888337419963

-2.4080438012632994 0.022742888337419963
-2.4111630289851433 0.024087635412690205

-2.4111630289851433 0.024087635412690205
-2.4131621821343892 0.024953821774749217

-2.4131621821343892 0.024953821774749217
-2.4142822567069868 0.025453650802471424

-2.4142822567069868 0.025453650802471424
-2.4174014844288307 0.026728253181756475

-2.4174014844288307 0.026728253181756475
-2.4205207121506742 0.027978033575320086

-2.4205207121506742 0.027978033575320086
-2.4207426672554622 0.02807304949659287

-2.4207426672554622 0.02807304949659287
-2.4236399398725177 0.029207474977251284

-2.4236399398725177 0.029207474977251284
-2.4267591675943616 0.030385776482990328

-2.4267591675943616 0.030385776482990328
-2.4289226699391944 0.03119227721843652

-2.4289226699391944 0.03119227721843652
-2.4298783953162051 0.031561392272700155

-2.4298783953162051 0.031561392272700155
-2.432997623038049 0.032664602345565195

-2.432997623038049 0.032664602345565195
-2.4361168507598925 0.033737176960519408

-2.4361168507598925 0.033737176960519408
-2.4377955311998836 0.034311504940280173

-2.4377955311998836 0.034311504940280173
-2.439236078481736 0.034806915527123124

-2.439236078481736 0.034806915527123124
-2.4423553062035799 0.03581129819550314

-2.4423553062035799 0.03581129819550314
-2.4454745339254234 0.036792509737935332

-2.4454745339254234 0.036792509737935332
-2.4475269316740285 0.037430732662123822

-2.4475269316740285 0.037430732662123822
-2.4485937616472673 0.03777049628692495

-2.4485937616472673 0.03777049628692495
-2.4517129893691108 0.038695328274345381

-2.4517129893691108 0.038695328274345381
-2.4548322170909542 0.03960451366493617

-2.4548322170909542 0.03960451366493617
-2.4579514448127981 0.040484511687749317

-2.4579514448127981 0.040484511687749317
-2.458174011878659 0.040549960383967479

-2.458174011878659 0.040549960383967479
-2.4610706725346416 0.041350581800006406

-2.4610706725346416 0.041350581800006406
-2.4641899002564855 0.042191688216549866

-2.4641899002564855 0.042191688216549866
-2.467309127978329 0.043011210854073743

-2.467309127978329 0.043011210854073743
-2.4698645647109134 0.043669188105811128

-2.4698645647109134 0.043669188105811128
-2.4704283557001725 0.04382045872497986

-2.4704283557001725 0.04382045872497986
-2.4735475834220164 0.044595388325985842

-2.4735475834220164 0.044595388325985842
-2.4766668111438599 0.045356270218192406

-2.4766668111438599 0.045356270218192406
-2.4797860388657038 0.046098305129738691

-2.4797860388657038 0.046098305129738691
-2.4827573110627013 0.046788415827654778

-2.4827573110627013 0.046788415827654778
-2.4829052665875473 0.046824659400104926

-2.4829052665875473 0.046824659400104926
-2.4860244943093908 0.04752938764390964

-2.4860244943093908 0.04752938764390964
-2.4891437220312347 0.048218249139732841

-2.4891437220312347 0.048218249139732841
-2.4922629497530782 0.048889804602115491

-2.4922629497530782 0.048889804602115491
-2.4953821774749216 0.049541064974531104

-2.4953821774749216 0.049541064974531104
-2.4971550012474624 0.049907643549498434

-2.4971550012474624 0.049907643549498434
-2.4985014051967656 0.050187849931562445

-2.4985014051967656 0.050187849931562445
-2.501620632918609 0.050806170440042125

-2.501620632918609 0.050806170440042125
-2.504739860640453 0.051413097030461957

-2.504739860640453 0.051413097030461957
-2.5078590883622964 0.052005033515088693

-2.5078590883622964 0.052005033515088693
-2.5109783160841399 0.052583078281238753

-2.5109783160841399 0.052583078281238753
-2.513417169900912 0.053026871271342084

-2.513417169900912 0.053026871271342084
-2.5140975438059838 0.053153863877864284

-2.5140975438059838 0.053153863877864284
-2.5172167715278273 0.053704561294520774

-2.5172167715278273 0.053704561294520774
-2.5203359992496712 0.054248344151911834

-2.5203359992496712 0.054248344151911834
-2.5234552269715147 0.054782532465300668

-2.5234552269715147 0.054782532465300668
-2.5265744546933582 0.055308580149684365

-2.5265744546933582 0.055308580149684365
-2.5296936824152021 0.055825325618422079

-2.5296936824152021 0.055825325618422079
-2.5316435902751802 0.056146098993185733

-2.5316435902751802 0.056146098993185733
-2.5328129101370456 0.056340385768498639

-2.5328129101370456 0.056340385768498639
-2.5359321378588895 0.056838384845780077

-2.5359321378588895 0.056838384845780077
-2.539051365580733 0.057332005871867993

-2.539051365580733 0.057332005871867993
-2.5421705933025764 0.057819201479372452

-2.5421705933025764 0.057819201479372452
-2.5452898210244204 0.058299546340889984

-2.5452898210244204 0.058299546340889984
-2.5484090487462638 0.0587728404340815

-2.5484090487462638 0.0587728404340815
-2.5515282764681078 0.059237958335585733

-2.5515282764681078 0.059237958335585733
-2.5517083705692083 0.05926532671502939

-2.5517083705692083 0.05926532671502939
-2.5546475041899512 0.059697320738107011

-2.5546475041899512 0.059697320738107011
-2.5577667319117947 0.060148230296546673

-2.5577667319117947 0.060148230296546673
-2.5608859596336386 0.060592853121616282

-2.5608859596336386 0.060592853121616282
-2.5640051873554821 0.061031596681541782

-2.5640051873554821 0.061031596681541782
-2.567124415077326 0.061464452043611666

-2.567124415077326 0.061464452043611666
-2.5702436427991695 0.061892049123369673

-2.5702436427991695 0.061892049123369673
-2.573362870521013 0.062313806004643896

-2.573362870521013 0.062313806004643896
-2.5738756944598982 0.06238455443687304

-2.5738756944598982 0.06238455443687304
-2.5764820982428569 0.062735952513100435

-2.5764820982428569 0.062735952513100435
-2.5796013259647004 0.063153586515133475

-2.5796013259647004 0.063153586515133475
-2.5827205536865443 0.063571047468783434

-2.5827205536865443 0.063571047468783434
-2.5858397814083878 0.063989137513615846

-2.5858397814083878 0.063989137513615846
-2.5889590091302312 0.064409145276702606

-2.5889590091302312 0.064409145276702606
-2.5920782368520752 0.064832258341482235

-2.5920782368520752 0.064832258341482235
-2.5951974645739186 0.06525643270252246

-2.5951974645739186 0.06525643270252246
-2.596996399431966 0.065503782158716703

-2.596996399431966 0.065503782158716703
-2.5983166922957626 0.065686277956126984

-2.5983166922957626 0.065686277956126984
-2.601435920017606 0.066108955338486694

-2.601435920017606 0.066108955338486694
-2.6045551477394495 0.066532688384771346

-2.6045551477394495 0.066532688384771346
-2.6076743754612934 0.066956469449646047

-2.6076743754612934 0.066956469449646047
-2.6107936031831369 0.067379339723489404

-2.6107936031831369 0.067379339723489404
-2.6139128309049808 0.067800959522053603

-2.6139128309049808 0.067800959522053603
-2.6170320586268243 0.068221217170716525

-2.6170320586268243 0.068221217170716525
-2.620028566113151 0.068623009880560346

-2.620028566113151 0.068623009880560346
-2.6201512863486678 0.06863998769022002

-2.6201512863486678 0.06863998769022002
-2.6232705140705117 0.069054924971878553

-2.6232705140705117 0.069054924971878553
-2.6263897417923552 0.069467976907212708

-2.6263897417923552 0.069467976907212708
-2.6295089695141991 0.06988003155740849

-2.6295089695141991 0.06988003155740849
-2.6326281972360426 0.070291866441591633

-2.6326281972360426 0.070291866441591633
-2.6357474249578861 0.070703469309752909

-2.6357474249578861 0.070703469309752909
-2.63886665267973 0.071115595781689953

-2.63886665267973 0.071115595781689953
-2.6419858804015734 0.071527961208055074

-2.6419858804015734 0.071527961208055074
-2.6435776606291048 0.071742237602404002

-2.6435776606291048 0.071742237602404002
-2.6451051081234174 0.071948014895399065

-2.6451051081234174 0.071948014895399065
-2.6482243358452608 0.072364697466673386

-2.6482243358452608 0.072364697466673386
-2.6513435635671043 0.072785411446827611

-2.6513435635671043 0.072785411446827611
-2.6544627912889482 0.073209192143636637

-2.6544627912889482 0.073209192143636637
-2.6575820190107917 0.073636239485885602

-2.6575820190107917 0.073636239485885602
-2.6607012467326356 0.074066549951140773

-2.6607012467326356 0.074066549951140773
-2.6638204744544791 0.074500943179619528

-2.6638204744544791 0.074500943179619528
-2.6663908614334519 0.074861465324247659

-2.6663908614334519 0.074861465324247659
-2.6669397021763226 0.074940232644829713

-2.6669397021763226 0.074940232644829713
-2.6700589298981665 0.075376838658495871

-2.6700589298981665 0.075376838658495871
-2.67317815762001 0.075818043672508939

-2.67317815762001 0.075818043672508939
-2.6762973853418535 0.076260982007151673

-2.6762973853418535 0.076260982007151673
-2.6794166130636974 0.076706016359275209

-2.6794166130636974 0.076706016359275209
-2.6825358407855409 0.077153731337693723

-2.6825358407855409 0.077153731337693723
-2.6856550685073848 0.077604867654738341

-2.6856550685073848 0.077604867654738341
-2.6882318623571764 0.077980693046091315

-2.6882318623571764 0.077980693046091315
-2.6887742962292283 0.078061738062134539

-2.6887742962292283 0.078061738062134539
-2.6918935239510717 0.078518334339636953

-2.6918935239510717 0.078518334339636953
-2.6950127516729157 0.07898365749986358

-2.6950127516729157 0.07898365749986358
-2.6981319793947591 0.079455797664915867

-2.6981319793947591 0.079455797664915867
-2.701251207116603 0.079935653874709384

-2.701251207116603 0.079935653874709384
-2.7043704348384465 0.080423392644978553

-2.7043704348384465 0.080423392644978553
-2.70748966256029 0.080916154310290533

-2.70748966256029 0.080916154310290533
-2.7086072339843157 0.081099920767934958

-2.7086072339843157 0.081099920767934958
-2.7106088902821339 0.081425387517904582

-2.7106088902821339 0.081425387517904582
-2.7137281180039774 0.081937166683342208

-2.7137281180039774 0.081937166683342208
-2.7168473457258213 0.082459267548075005

-2.7168473457258213 0.082459267548075005
-2.7199665734476648 0.082989307489544903

-2.7199665734476648 0.082989307489544903
-2.7230858011695083 0.083526794494408696

-2.7230858011695083 0.083526794494408696
-2.7262050288913522 0.08406672866674432

-2.7262050288913522 0.08406672866674432
-2.7270519245118763 0.084219148489778614

-2.7270519245118763 0.084219148489778614
-2.7293242566131957 0.084619951773778831

-2.7293242566131957 0.084619951773778831
-2.7324434843350396 0.085171842282780769

-2.7324434843350396 0.085171842282780769
-2.7355627120568831 0.085728802032248932

-2.7355627120568831 0.085728802032248932
-2.7386819397787265 0.086287529980978675

-2.7386819397787265 0.086287529980978675
-2.7418011675005705 0.086847134617731372

-2.7418011675005705 0.086847134617731372
-2.7445267066087302 0.087338376211622271

-2.7445267066087302 0.087338376211622271
-2.7449203952224139 0.087411812092195063

-2.7449203952224139 0.087411812092195063
-2.7480396229442579 0.087973064619874128

-2.7480396229442579 0.087973064619874128
-2.7511588506661013 0.088538352105828236

-2.7511588506661013 0.088538352105828236
-2.7542780783879448 0.089104398475245844

-2.7542780783879448 0.089104398475245844
-2.7573973061097887 0.089671207905661604

-2.7573973061097887 0.089671207905661604
-2.7605165338316322 0.090235350639839298

-2.7605165338316322 0.090235350639839298
-2.7617116059572226 0.090457603933465913

-2.7617116059572226 0.090457603933465913
-2.7636357615534761 0.090811636785800634

-2.7636357615534761 0.090811636785800634
-2.7667549892753196 0.09138214423631813

-2.7667549892753196 0.09138214423631813
-2.7698742169971631 0.091958428540023895

-2.7698742169971631 0.091958428540023895
-2.772993444719007 0.092538092809001674

-2.772993444719007 0.092538092809001674
-2.7761126724408505 0.093120178602584119

-2.7761126724408505 0.093120178602584119
-2.7785385916333865 0.09357683165530957

-2.7785385916333865 0.09357683165530957
-2.7792319001626944 0.093710850338423454

-2.7792319001626944 0.093710850338423454
-2.7823511278845379 0.094296471386219341

-2.7823511278845379 0.094296471386219341
-2.7854703556063813 0.094891982166061858

-2.7854703556063813 0.094891982166061858
-2.7885895833282253 0.095493692078527342

-2.7885895833282253 0.095493692078527342
-2.7917088110500687 0.096101175208951353

-2.7917088110500687 0.096101175208951353
-2.7947404532665443 0.096696059377153226

-2.7947404532665443 0.096696059377153226
-2.7948280387719127 0.096714083058561912

-2.7948280387719127 0.096714083058561912
-2.7979472664937561 0.097328321483445571

-2.7979472664937561 0.097328321483445571
-2.8010664942155996 0.097945665875651303

-2.8010664942155996 0.097945665875651303
-2.8041857219374435 0.09856501750074198

-2.8041857219374435 0.09856501750074198
-2.807304949659287 0.099185534883894547

-2.807304949659287 0.099185534883894547
-2.8104241773811309 0.09980484427922906

-2.8104241773811309 0.09980484427922906
-2.8104744545948082 0.099815287098996869

-2.8104744545948082 0.099815287098996869
-2.8135434051029744 0.10042212240030686

-2.8135434051029744 0.10042212240030686
-2.8166626328248179 0.10103332369782071

-2.8166626328248179 0.10103332369782071
-2.8197818605466618 0.10163690400105921

-2.8197818605466618 0.10163690400105921
-2.8229010882685053 0.10223260441611859

-2.8229010882685053 0.10223260441611859
-2.8260203159903492 0.10281742156649624

-2.8260203159903492 0.10281742156649624
-2.8266294456542478 0.10293451482084053

-2.8266294456542478 0.10293451482084053
-2.8291395437121927 0.10340317410112777

-2.8291395437121927 0.10340317410112777
-2.8322587714340361 0.10397683454742288

-2.8322587714340361 0.10397683454742288
-2.8353779991558801 0.10454445550761575

-2.8353779991558801 0.10454445550761575
-2.8384972268777235 0.10510538940042763

-2.8384972268777235 0.10510538940042763
-2.841616454599567 0.10565812369016826

-2.841616454599567 0.10565812369016826
-2.8438476043009167 0.10605374254268418

-2.8438476043009167 0.10605374254268418
-2.8447356823214109 0.1062142819290382

-2.8447356823214109 0.1062142819290382
-2.8478549100432544 0.10676173508679541

-2.8478549100432544 0.10676173508679541
-2.8509741377650983 0.10731297974956538

-2.8509741377650983 0.10731297974956538
-2.8540933654869418 0.10786606155560059

-2.8540933654869418 0.10786606155560059
-2.8572125932087853 0.10842121453934574

-2.8572125932087853 0.10842121453934574
-2.8603318209306292 0.10897346772059401

-2.8603318209306292 0.10897346772059401
-2.8614302845200021 0.10917297026452782

-2.8614302845200021 0.10917297026452782
-2.8634510486524727 0.10953511751856583

-2.8634510486524727 0.10953511751856583
-2.8665702763743166 0.11008872507017582

-2.8665702763743166 0.11008872507017582
-2.8696895040961601 0.11064387576050466

-2.8696895040961601 0.11064387576050466
-2.8728087318180036 0.11119926782778253

-2.8728087318180036 0.11119926782778253
-2.8759279595398475 0.11175485002018655

-2.8759279595398475 0.11175485002018655
-2.8789476698880905 0.11229219798637148

-2.8789476698880905 0.11229219798637148
-2.879047187261691 0.11231067565746142

-2.879047187261691 0.11231067565746142
-2.8821664149835349 0.11286328321093091

-2.8821664149835349 0.11286328321093091
-2.8852856427053784 0.11341351500279355

-2.8852856427053784 0.11341351500279355
-2.8884048704272218 0.11395885579736002

-2.8884048704272218 0.11395885579736002
-2.8915240981490657 0.11449775350179948

-2.8915240981490657 0.11449775350179948
-2.8946433258709092 0.1150284741325681

-2.8946433258709092 0.1150284741325681
-2.8969096204819764 0.11541142570821514

-2.8969096204819764 0.11541142570821514
-2.8977625535927531 0.11555832750943161

-2.8977625535927531 0.11555832750943161
-2.9008817813145966 0.11607459907245213

-2.9008817813145966 0.11607459907245213
-2.9040010090364401 0.11658888583087604

-2.9040010090364401 0.11658888583087604
-2.907120236758284 0.11709904515248146

-2.907120236758284 0.11709904515248146
-2.9102394644801275 0.11760609955177595

-2.9102394644801275 0.11760609955177595
-2.9133586922019714 0.11811008740911802

-2.9133586922019714 0.11811008740911802
-2.915966370977098 0.11853065343005878

-2.915966370977098 0.11853065343005878
-2.9164779199238149 0.11861544896693613

-2.9164779199238149 0.11861544896693613
-2.9195971476456584 0.11911371275963785

-2.9195971476456584 0.11911371275963785
-2.9227163753675023 0.11961226548316037

-2.9227163753675023 0.11961226548316037
-2.9258356030893458 0.12010931895405332

-2.9258356030893458 0.12010931895405332
-2.9289548308111897 0.12060547868249359

-2.9289548308111897 0.12060547868249359
-2.9320740585330332 0.12110094574698657

-2.9320740585330332 0.12110094574698657
-2.9351932862548766 0.12159291346897619

-2.9351932862548766 0.12159291346897619
-2.9355443350461132 0.12164988115190244

-2.9355443350461132 0.12164988115190244
-2.9383125139767206 0.12208533742490442

-2.9383125139767206 0.12208533742490442
-2.941431741698564 0.12257107691905368

-2.941431741698564 0.12257107691905368
-2.9445509694204079 0.12305154121094504

-2.9445509694204079 0.12305154121094504
-2.9476701971422514 0.12352625687384532

-2.9476701971422514 0.12352625687384532
-2.9507894248640949 0.12399483748106656

-2.9507894248640949 0.12399483748106656
-2.9539086525859388 0.12445553331507669

-2.9539086525859388 0.12445553331507669
-2.9560530775848473 0.12476910887374609

-2.9560530775848473 0.12476910887374609
-2.9570278803077823 0.12491358877688245

-2.9570278803077823 0.12491358877688245
-2.9601471080296262 0.12535774049803181

-2.9601471080296262 0.12535774049803181
-2.9632663357514697 0.12579627364890941

-2.9632663357514697 0.12579627364890941
-2.9663855634733132 0.12622741681716096

-2.9663855634733132 0.12622741681716096
-2.9695047911951571 0.12665263970628954

-2.9695047911951571 0.12665263970628954
-2.9726240189170006 0.12707384120185727

-2.9726240189170006 0.12707384120185727
-2.9757432466388445 0.12749241468570591

-2.9757432466388445 0.12749241468570591
-2.9787118586393477 0.12788833659558974

-2.9787118586393477 0.12788833659558974
-2.978862474360688 0.12790904537502254

-2.978862474360688 0.12790904537502254
-2.9819817020825314 0.12832091633104431

-2.9819817020825314 0.12832091633104431
-2.9851009298043754 0.12872891344278484

-2.9851009298043754 0.12872891344278484
-2.9882201575262188 0.12913201969802154

-2.9882201575262188 0.12913201969802154
-2.9913393852480628 0.12953066915475969

-2.9913393852480628 0.12953066915475969
-2.9944586129699062 0.12992560983054521

-2.9944586129699062 0.12992560983054521
-2.9975778406917497 0.13031824442781212

-2.9975778406917497 0.13031824442781212
-3.0006970684135936 0.13070881052587596

-3.0006970684135936 0.13070881052587596
-3.0030744596587176 0.13100756431743341

-3.0030744596587176 0.13100756431743341
-3.0038162961354371 0.13110235627594266

-3.0038162961354371 0.13110235627594266
-3.006935523857281 0.13149144940154872

-3.006935523857281 0.13149144940154872
-3.0100547515791245 0.13187960287160536

-3.0100547515791245 0.13187960287160536
-3.013173979300968 0.13226539607535226

-3.013173979300968 0.13226539607535226
-3.0162932070228119 0.13264898228933691

-3.0162932070228119 0.13264898228933691
-3.0194124347446554 0.13302953186998429

-3.0194124347446554 0.13302953186998429
-3.0225316624664988 0.1334054657921801

-3.0225316624664988 0.1334054657921801
-3.0256508901883428 0.13377615274785365

-3.0256508901883428 0.13377615274785365
-3.0286449454581907 0.13412679203927705

-3.0286449454581907 0.13412679203927705
-3.0287701179101862 0.13414185341834153

-3.0287701179101862 0.13414185341834153
-3.0318893456320302 0.13450098851262859

-3.0318893456320302 0.13450098851262859
-3.0350085733538736 0.13485368224694955

-3.0350085733538736 0.13485368224694955
-3.0381278010757171 0.13519771107449224

-3.0381278010757171 0.13519771107449224
-3.041247028797561 0.13553181660382765

-3.041247028797561 0.13553181660382765
-3.0443662565194045 0.13585551893316014

-3.0443662565194045 0.13585551893316014
-3.0474854842412484 0.13616852668944196

-3.0474854842412484 0.13616852668944196
-3.0506047119630919 0.13647037841771772

-3.0506047119630919 0.13647037841771772
-3.0537239396849354 0.13676042354168877

-3.0537239396849354 0.13676042354168877
-3.0568431674067793 0.13703795991018744

-3.0568431674067793 0.13703795991018744
-3.0592697021784798 0.13724601976112069

-3.0592697021784798 0.13724601976112069
-3.0599623951286228 0.13730610831783613

-3.0599623951286228 0.13730610831783613
-3.0630816228504667 0.13756367027915922

-3.0630816228504667 0.13756367027915922
-3.0662008505723102 0.13781569225546936

-3.0662008505723102 0.13781569225546936
-3.0693200782941537 0.1380620335706424

-3.0693200782941537 0.1380620335706424
-3.0724393060159976 0.13830068274184262

-3.0724393060159976 0.13830068274184262
-3.075558533737841 0.13853264388478267

-3.075558533737841 0.13853264388478267
-3.078677761459685 0.1387575109576577

-3.078677761459685 0.1387575109576577
-3.0817969891815284 0.13897328395005409

-3.0817969891815284 0.13897328395005409
-3.0849162169033719 0.13918015770564737

-3.0849162169033719 0.13918015770564737
-3.0880354446252158 0.13937793100979184

-3.0880354446252158 0.13937793100979184
-3.0911546723470593 0.13956493312688312

-3.0911546723470593 0.13956493312688312
-3.0942739000689032 0.13973991613940781

-3.0942739000689032 0.13973991613940781
-3.0973931277907467 0.13990156481325872

-3.0973931277907467 0.13990156481325872
-3.1005123555125902 0.14004820725353267

-3.1005123555125902 0.14004820725353267
-3.1036315832344341 0.14017894661397698

-3.1036315832344341 0.14017894661397698
-3.1067508109562776 0.14029296721610113

-3.1067508109562776 0.14029296721610113
-3.1091415584380839 0.14036524748296436

-3.1091415584380839 0.14036524748296436
-3.1098700386781215 0.1403873410638492

-3.1098700386781215 0.1403873410638492
-3.112989266399965 0.14046206807134437

-3.112989266399965 0.14046206807134437
-3.1161084941218085 0.14051903282230088

-3.1161084941218085 0.14051903282230088
-3.1192277218436524 0.14055792776754764

-3.1192277218436524 0.14055792776754764
-3.1223469495654959 0.14058032400385234

-3.1223469495654959 0.14058032400385234
-3.1254661772873398 0.14058710052305945

-3.1254661772873398 0.14058710052305945
-3.1285854050091833 0.14057903004601338

-3.1285854050091833 0.14057903004601338
-3.1317046327310267 0.14055675577863727

-3.1317046327310267 0.14055675577863727
-3.1348238604528706 0.1405210390934164

-3.1348238604528706 0.1405210390934164
-3.1379430881747141 0.14047256709643829

-3.1379430881747141 0.14047256709643829
-3.141062315896558 0.14041282705815211

-3.141062315896558 0.14041282705815211
-3.1431903858960433 0.14036524748296436

-3.1431903858960433 0.14036524748296436
-3.1441815436184015 0.14034303303907369

-3.1441815436184015 0.14034303303907369
-3.147300771340245 0.14026432667009817

-3.147300771340245 0.14026432667009817
-3.1504199990620889 0.14017546049708868

-3.1504199990620889 0.14017546049708868
-3.1535392267839324 0.14007472421864856

-3.1535392267839324 0.14007472421864856
-3.1566584545057763 0.13996208500498228

-3.1566584545057763 0.13996208500498228
-3.1597776822276198 0.139836999131321

-3.1597776822276198 0.139836999131321
-3.1628969099494633 0.13969836539483857

-3.1628969099494633 0.13969836539483857
-3.1660161376713072 0.13954462852778146

-3.1660161376713072 0.13954462852778146
-3.1691353653931507 0.13937398769458104

-3.1691353653931507 0.13937398769458104
-3.1722545931149946 0.13918485292749852

-3.1722545931149946 0.13918485292749852
-3.1753738208368381 0.13897635491490787

-3.1753738208368381 0.13897635491490787
-3.1784930485586815 0.13874825314935241

-3.1784930485586815 0.13874825314935241
-3.1816122762805255 0.13850005287869038

-3.1816122762805255 0.13850005287869038
-3.1847315040023689 0.13823019434623923

-3.1847315040023689 0.13823019434623923
-3.1878507317242128 0.13793660188403487

-3.1878507317242128 0.13793660188403487
-3.1909699594460563 0.13761836221010632

-3.1909699594460563 0.13761836221010632
-3.1940891871678998 0.13745309409803669

