-3.1940891871678998 -0.10401929091841219
-3.1909699594460563 -0.10329196375374337

-3.1909699594460563 -0.10329196375374337
-3.1902874638873517 -0.10293451482084051

-3.1902874638873517 -0.10293451482084051
-3.1878507317242128 -0.10174522321038734

-3.1878507317242128 -0.10174522321038734
-3.1847315040023689 -0.10025884784272378

-3.1847315040023689 -0.10025884784272378
-3.1838844803201813 -0.099815287098996869

-3.1838844803201813 -0.099815287098996869
-3.1816122762805255 -0.098692170533677376

-3.1816122762805255 -0.098692170533677376
-3.1784930485586815 -0.097198017482135635

-3.1784930485586815 -0.097198017482135635
-3.1775340213357519 -0.096696059377153212

-3.1775340213357519 -0.096696059377153212
-3.1753738208368381 -0.095619484945100308

-3.1753738208368381 -0.095619484945100308
-3.1722545931149946 -0.094123331128447216

-3.1722545931149946 -0.094123331128447216
-3.1712054205669316 -0.093576831655309556

-3.1712054205669316 -0.093576831655309556
-3.1691353653931507 -0.092542682130741197

-3.1691353653931507 -0.092542682130741197
-3.1660161376713072 -0.091051966978537957

-3.1660161376713072 -0.091051966978537957
-3.1648610819863361 -0.090457603933465913

-3.1648610819863361 -0.090457603933465913
-3.1628969099494633 -0.089479805199251194

-3.1628969099494633 -0.089479805199251194
-3.1597776822276198 -0.088004500584423398

-3.1597776822276198 -0.088004500584423398
-3.1584535268317482 -0.087338376211622257

-3.1584535268317482 -0.087338376211622257
-3.1566584545057763 -0.086452617927948811

-3.1566584545057763 -0.086452617927948811
-3.1535392267839324 -0.085001052508595534

-3.1535392267839324 -0.085001052508595534
-3.1519329106603093 -0.0842191484897786

-3.1519329106603093 -0.0842191484897786
-3.1504199990620889 -0.083480530108612006

-3.1504199990620889 -0.083480530108612006
-3.147300771340245 -0.082058599554983513

-3.147300771340245 -0.082058599554983513
-3.1452469006196613 -0.081099920767934958

-3.1452469006196613 -0.081099920767934958
-3.1441815436184015 -0.080584033450072701

-3.1441815436184015 -0.080584033450072701
-3.141062315896558 -0.079196375968059493

-3.141062315896558 -0.079196375968059493
-3.1383427377249005 -0.077980693046091301

-3.1383427377249005 -0.077980693046091301
-3.1379430881747141 -0.07778606382449578

-3.1379430881747141 -0.07778606382449578
-3.1348238604528706 -0.076431656239904361

-3.1348238604528706 -0.076431656239904361
-3.1317046327310267 -0.0750997008584086

-3.1317046327310267 -0.0750997008584086
-3.1311874351104239 -0.074861465324247645

-3.1311874351104239 -0.074861465324247645
-3.1285854050091833 -0.073749281036890046

-3.1285854050091833 -0.073749281036890046
-3.1254661772873398 -0.072456344135118297

-3.1254661772873398 -0.072456344135118297
-3.1237825389936975 -0.071742237602403988

-3.1237825389936975 -0.071742237602403988
-3.1223469495654959 -0.071128557541991502

-3.1223469495654959 -0.071128557541991502
-3.1192277218436524 -0.069867356057449023

-3.1192277218436524 -0.069867356057449023
-3.1161591407275031 -0.068623009880560346

-3.1161591407275031 -0.068623009880560346
-3.1161084941218085 -0.068600253598628258

-3.1161084941218085 -0.068600253598628258
-3.112989266399965 -0.067349151477754998

-3.112989266399965 -0.067349151477754998
-3.1098700386781215 -0.066123711922160336

-3.1098700386781215 -0.066123711922160336
-3.108332628690976 -0.065503782158716689

-3.108332628690976 -0.065503782158716689
-3.1067508109562776 -0.064867229839785073

-3.1067508109562776 -0.064867229839785073
-3.1036315832344341 -0.063670280071396607

-3.1036315832344341 -0.063670280071396607
-3.1005123555125902 -0.062481891521202079

-3.1005123555125902 -0.062481891521202079
-3.1002760593369332 -0.062384554436873046

-3.1002760593369332 -0.062384554436873046
-3.0973931277907467 -0.061293083329072073

-3.0973931277907467 -0.061293083329072073
-3.0942739000689032 -0.060135699018940766

-3.0942739000689032 -0.060135699018940766
-3.0919057209757179 -0.05926532671502939

-3.0919057209757179 -0.05926532671502939
-3.0911546723470593 -0.058975774750439733

-3.0911546723470593 -0.058975774750439733
-3.0880354446252158 -0.057873598991389996

-3.0880354446252158 -0.057873598991389996
-3.0849162169033719 -0.056790972672771611

-3.0849162169033719 -0.056790972672771611
-3.0830510147057986 -0.05614609899318574

-3.0830510147057986 -0.05614609899318574
-3.0817969891815284 -0.055705590396868718

-3.0817969891815284 -0.055705590396868718
-3.078677761459685 -0.054683842719685002

-3.078677761459685 -0.054683842719685002
-3.075558533737841 -0.053684115169228788

-3.075558533737841 -0.053684115169228788
-3.0734746061138263 -0.053026871271342091

-3.0734746061138263 -0.053026871271342091
-3.0724393060159976 -0.052691879031652462

-3.0724393060159976 -0.052691879031652462
-3.0693200782941537 -0.051756813531163882

-3.0693200782941537 -0.051756813531163882
-3.0662008505723102 -0.050838244593662985

-3.0662008505723102 -0.050838244593662985
-3.0630816228504667 -0.049950418447746045

-3.0630816228504667 -0.049950418447746045
-3.0629372731759914 -0.049907643549498434

-3.0629372731759914 -0.049907643549498434
-3.0599623951286228 -0.049082385754980765

-3.0599623951286228 -0.049082385754980765
-3.0568431674067793 -0.04824016022024942

-3.0568431674067793 -0.04824016022024942
-3.0537239396849354 -0.047422091467176623

-3.0537239396849354 -0.047422091467176623
-3.0512534036478622 -0.046788415827654785

-3.0512534036478622 -0.046788415827654785
-3.0506047119630919 -0.046615712580250816

-3.0506047119630919 -0.046615712580250816
-3.0474854842412484 -0.045845086087548018

-3.0474854842412484 -0.045845086087548018
-3.0443662565194045 -0.045087130987232341

-3.0443662565194045 -0.045087130987232341
-3.041247028797561 -0.044348911688754197

-3.041247028797561 -0.044348911688754197
-3.0382927706485754 -0.043669188105811135

-3.0382927706485754 -0.043669188105811135
-3.0381278010757171 -0.04362920967947196

-3.0381278010757171 -0.04362920967947196
-3.0350085733538736 -0.042935657059482296

-3.0350085733538736 -0.042935657059482296
-3.0318893456320302 -0.0422635151656457

-3.0318893456320302 -0.0422635151656457
-3.0287701179101862 -0.041616412987032343

-3.0287701179101862 -0.041616412987032343
-3.0256508901883428 -0.040996836511160623

-3.0256508901883428 -0.040996836511160623
-3.0233106298080377 -0.040549960383967479

-3.0233106298080377 -0.040549960383967479
-3.0225316624664988 -0.040397747420897107

-3.0225316624664988 -0.040397747420897107
-3.0194124347446554 -0.039835645434156061

-3.0194124347446554 -0.039835645434156061
-3.0162932070228119 -0.039298124560307915

-3.0162932070228119 -0.039298124560307915
-3.013173979300968 -0.03878985817128159

-3.013173979300968 -0.03878985817128159
-3.0100547515791245 -0.038310664663314911

-3.0100547515791245 -0.038310664663314911
-3.006935523857281 -0.037859776041946618

-3.006935523857281 -0.037859776041946618
-3.0038162961354371 -0.037436716481809913

-3.0038162961354371 -0.037436716481809913
-3.0037707000261586 -0.037430732662123829

-3.0037707000261586 -0.037430732662123829
-3.0006970684135936 -0.037040229497618524

-3.0006970684135936 -0.037040229497618524
-2.9975778406917497 -0.036670103764930476

-2.9975778406917497 -0.036670103764930476
-2.9944586129699062 -0.03632523394190125

-2.9944586129699062 -0.03632523394190125
-2.9913393852480628 -0.036004333828949082

-2.9913393852480628 -0.036004333828949082
-2.9882201575262188 -0.035705942581432233

-2.9882201575262188 -0.035705942581432233
-2.9851009298043754 -0.035428862175293396

-2.9851009298043754 -0.035428862175293396
-2.9819817020825314 -0.035172564538533561

-2.9819817020825314 -0.035172564538533561
-2.978862474360688 -0.034937038987774532

-2.978862474360688 -0.034937038987774532
-2.9757432466388445 -0.034722354563566905

-2.9757432466388445 -0.034722354563566905
-2.9726240189170006 -0.03452833510904068

-2.9726240189170006 -0.03452833510904068
-2.9695047911951571 -0.034355413975787397

-2.9695047911951571 -0.034355413975787397
-2.9686031488866509 -0.034311504940280173

-2.9686031488866509 -0.034311504940280173
-2.9663855634733132 -0.034204164214740228

-2.9663855634733132 -0.034204164214740228
-2.9632663357514697 -0.034078247550530724

-2.9632663357514697 -0.034078247550530724
-2.9601471080296262 -0.033979562504828066

-2.9601471080296262 -0.033979562504828066
-2.9570278803077823 -0.033909980515722617

-2.9570278803077823 -0.033909980515722617
-2.9539086525859388 -0.03387052907716645

-2.9539086525859388 -0.03387052907716645
-2.9507894248640949 -0.033861819819244979

-2.9507894248640949 -0.033861819819244979
-2.9476701971422514 -0.033884743160217237

-2.9476701971422514 -0.033884743160217237
-2.9445509694204079 -0.033940470166087838

-2.9445509694204079 -0.033940470166087838
-2.941431741698564 -0.034029710756472993

-2.941431741698564 -0.034029710756472993
-2.9383125139767206 -0.034152086267651871

-2.9383125139767206 -0.034152086267651871
-2.9351932862548766 -0.034306127818823945

-2.9351932862548766 -0.034306127818823945
-2.9351035688142399 -0.034311504940280173

-2.9351035688142399 -0.034311504940280173
-2.9320740585330332 -0.034490762679092839

-2.9320740585330332 -0.034490762679092839
-2.9289548308111897 -0.034704920420630857

-2.9289548308111897 -0.034704920420630857
-2.9258356030893458 -0.03494807990384282

-2.9258356030893458 -0.03494807990384282
-2.9227163753675023 -0.03521969273351911

-2.9227163753675023 -0.03521969273351911
-2.9195971476456584 -0.035518912341135821

-2.9195971476456584 -0.035518912341135821
-2.9164779199238149 -0.035844412517016082

-2.9164779199238149 -0.035844412517016082
-2.9133586922019714 -0.036195115226016428

-2.9133586922019714 -0.036195115226016428
-2.9102394644801275 -0.036571928484494899

-2.9102394644801275 -0.036571928484494899
-2.907120236758284 -0.036976654320610154

-2.907120236758284 -0.036976654320610154
-2.9040010090364401 -0.037409346744388026

-2.9040010090364401 -0.037409346744388026
-2.9038614192355094 -0.037430732662123829

-2.9038614192355094 -0.037430732662123829
-2.9008817813145966 -0.037872357425857754

-2.9008817813145966 -0.037872357425857754
-2.8977625535927531 -0.03836426783647387

-2.8977625535927531 -0.03836426783647387
-2.8946433258709092 -0.038887807544432704

-2.8946433258709092 -0.038887807544432704
-2.8915240981490657 -0.039445341250294433

-2.8915240981490657 -0.039445341250294433
-2.8884048704272218 -0.040038545206756274

-2.8884048704272218 -0.040038545206756274
-2.8858776069662504 -0.040549960383967479

-2.8858776069662504 -0.040549960383967479
-2.8852856427053784 -0.040673812778035959

-2.8852856427053784 -0.040673812778035959
-2.8821664149835349 -0.041335179307023642

-2.8821664149835349 -0.041335179307023642
-2.879047187261691 -0.042036626096058516

-2.879047187261691 -0.042036626096058516
-2.8759279595398475 -0.042775385517686386

-2.8759279595398475 -0.042775385517686386
-2.8728087318180036 -0.043549276345782532

-2.8728087318180036 -0.043549276345782532
-2.8723736924323231 -0.043669188105811135

-2.8723736924323231 -0.043669188105811135
-2.8696895040961601 -0.044375030713387602

-2.8696895040961601 -0.044375030713387602
-2.8665702763743166 -0.045229024475352028

-2.8665702763743166 -0.045229024475352028
-2.8634510486524727 -0.046116287234183595

-2.8634510486524727 -0.046116287234183595
-2.8611940843955304 -0.046788415827654785

-2.8611940843955304 -0.046788415827654785
-2.8603318209306292 -0.047054395765858653

-2.8603318209306292 -0.047054395765858653
-2.8572125932087853 -0.048001336170948303

-2.8572125932087853 -0.048001336170948303
-2.8540933654869418 -0.048993566606252328

-2.8540933654869418 -0.048993566606252328
-2.8513212806565043 -0.049907643549498434

-2.8513212806565043 -0.049907643549498434
-2.8509741377650983 -0.05003012276761791

-2.8509741377650983 -0.05003012276761791
-2.8478549100432544 -0.051081535217107482

-2.8478549100432544 -0.051081535217107482
-2.8447356823214109 -0.052168564313108318

-2.8447356823214109 -0.052168564313108318
-2.8423674733895217 -0.053026871271342091

-2.8423674733895217 -0.053026871271342091
-2.841616454599567 -0.053312891622931714

-2.841616454599567 -0.053312891622931714
-2.8384972268777235 -0.054459928464317325

-2.8384972268777235 -0.054459928464317325
-2.8353779991558801 -0.05564219979041525

-2.8353779991558801 -0.05564219979041525
-2.8341496129509771 -0.05614609899318574

-2.8341496129509771 -0.05614609899318574
-2.8322587714340361 -0.056906213589205577

-2.8322587714340361 -0.056906213589205577
-2.8291395437121927 -0.058162378631952831

-2.8291395437121927 -0.058162378631952831
-2.8265232320166098 -0.05926532671502939

-2.8265232320166098 -0.05926532671502939
-2.8260203159903492 -0.059494034012514969

-2.8260203159903492 -0.059494034012514969
-2.8229010882685053 -0.060827273410328946

-2.8229010882685053 -0.060827273410328946
-2.8197818605466618 -0.062202554032985614

-2.8197818605466618 -0.062202554032985614
-2.8194205421074852 -0.062384554436873046

-2.8194205421074852 -0.062384554436873046
-2.8166626328248179 -0.063653151047494777

-2.8166626328248179 -0.063653151047494777
-2.8135434051029744 -0.065101147949053001

-2.8135434051029744 -0.065101147949053001
-2.8127741718285382 -0.065503782158716689

-2.8127741718285382 -0.065503782158716689
-2.8104241773811309 -0.066659005215535333

-2.8104241773811309 -0.066659005215535333
-2.807304949659287 -0.068185410249057388

-2.807304949659287 -0.068185410249057388
-2.8065183742087552 -0.068623009880560346

-2.8065183742087552 -0.068623009880560346
-2.8041857219374435 -0.069838857385569733

-2.8041857219374435 -0.069838857385569733
-2.8010664942155996 -0.071459027381172852

-2.8010664942155996 -0.071459027381172852
-2.8005992552755572 -0.071742237602403988

-2.8005992552755572 -0.071742237602403988
-2.7979472664937561 -0.073198280927179629

-2.7979472664937561 -0.073198280927179629
-2.794980104681835 -0.074861465324247645

-2.794980104681835 -0.074861465324247645
-2.7948280387719127 -0.074958979817234664

-2.7948280387719127 -0.074958979817234664
-2.7917088110500687 -0.076724170539347436

-2.7917088110500687 -0.076724170539347436
-2.7896140882411902 -0.077980693046091301

-2.7896140882411902 -0.077980693046091301
-2.7885895833282253 -0.078629903362630399

-2.7885895833282253 -0.078629903362630399
-2.7854703556063813 -0.080429429029561558

-2.7854703556063813 -0.080429429029561558
-2.7844636122808817 -0.081099920767934958

-2.7844636122808817 -0.081099920767934958
-2.7823511278845379 -0.082431651487215152

-2.7823511278845379 -0.082431651487215152
-2.7795110258833837 -0.0842191484897786

-2.7795110258833837 -0.0842191484897786
-2.7792319001626944 -0.084418466219924632

-2.7792319001626944 -0.084418466219924632
-2.7761126724408505 -0.086371037584972651

-2.7761126724408505 -0.086371037584972651
-2.7747285508885713 -0.087338376211622257

-2.7747285508885713 -0.087338376211622257
-2.772993444719007 -0.08853054804139647

-2.772993444719007 -0.08853054804139647
-2.7701117376046711 -0.090457603933465913

-2.7701117376046711 -0.090457603933465913
-2.7698742169971631 -0.09063763940534153

-2.7698742169971631 -0.09063763940534153
-2.7667549892753196 -0.092720990008008125

-2.7667549892753196 -0.092720990008008125
-2.7656203584799335 -0.093576831655309556

-2.7656203584799335 -0.093576831655309556
-2.7636357615534761 -0.095014717407937613

-2.7636357615534761 -0.095014717407937613
-2.7613199474197572 -0.096696059377153212

-2.7613199474197572 -0.096696059377153212
-2.7605165338316322 -0.097324672422937422

-2.7605165338316322 -0.097324672422937422
-2.7573973061097887 -0.099531299463983675

-2.7573973061097887 -0.099531299463983675
-2.7570495857330148 -0.099815287098996869

-2.7570495857330148 -0.099815287098996869
-2.7542780783879448 -0.1018779080278424

-2.7542780783879448 -0.1018779080278424
-2.7529735025746125 -0.10293451482084051

-2.7529735025746125 -0.10293451482084051
-2.7511588506661013 -0.10437913363009685

-2.7511588506661013 -0.10437913363009685
-2.7490644456899309 -0.10605374254268417

-2.7490644456899309 -0.10605374254268417
-2.7480396229442579 -0.10691194301285037

-2.7480396229442579 -0.10691194301285037
-2.7451758738644334 -0.10917297026452782

-2.7451758738644334 -0.10917297026452782
-2.7449203952224139 -0.10939439604803383

-2.7449203952224139 -0.10939439604803383
-2.7418011675005705 -0.1118581584981347

-2.7418011675005705 -0.1118581584981347
-2.7413064205202584 -0.11229219798637147

-2.7413064205202584 -0.11229219798637147
-2.7386819397787265 -0.1144580631262881

-2.7386819397787265 -0.1144580631262881
-2.7376008440605988 -0.11541142570821512

-2.7376008440605988 -0.11541142570821512
-2.7355627120568831 -0.11716998032657902

-2.7355627120568831 -0.11716998032657902
-2.7340302756497321 -0.11853065343005878

-2.7340302756497321 -0.11853065343005878
-2.7324434843350396 -0.1199456431013278

-2.7324434843350396 -0.1199456431013278
-2.7305322861010461 -0.12164988115190242

-2.7305322861010461 -0.12164988115190242
-2.7293242566131957 -0.12274913937539589

-2.7293242566131957 -0.12274913937539589
-2.7270541531514381 -0.12476910887374608

-2.7270541531514381 -0.12476910887374608
-2.7262050288913522 -0.12555026662031016

-2.7262050288913522 -0.12555026662031016
-2.7235703638739883 -0.12788833659558974

-2.7235703638739883 -0.12788833659558974
-2.7230858011695083 -0.12833863117345451

-2.7230858011695083 -0.12833863117345451
-2.7200810774847524 -0.13100756431743338

-2.7200810774847524 -0.13100756431743338
-2.7199665734476648 -0.13111498710422934

-2.7199665734476648 -0.13111498710422934
-2.7168473457258213 -0.13389131115920067

-2.7168473457258213 -0.13389131115920067
-2.7165966271553645 -0.13412679203927705

-2.7165966271553645 -0.13412679203927705
-2.7137281180039774 -0.13669283186539588

-2.7137281180039774 -0.13669283186539588
-2.7131343366270193 -0.13724601976112069

-2.7131343366270193 -0.13724601976112069
-2.7106088902821339 -0.13950829325914574

-2.7106088902821339 -0.13950829325914574
-2.7096800924198914 -0.14036524748296433

-2.7096800924198914 -0.14036524748296433
-2.70748966256029 -0.14233043968866871

-2.70748966256029 -0.14233043968866871
-2.7062231930820224 -0.143484475204808

-2.7062231930820224 -0.143484475204808
-2.7043704348384465 -0.14514411623317006

-2.7043704348384465 -0.14514411623317006
-2.7027307985274778 -0.14660370292665165

-2.7027307985274778 -0.14660370292665165
-2.701251207116603 -0.14791737458255538

-2.701251207116603 -0.14791737458255538
-2.6991295544981404 -0.14972293064849529

-2.6991295544981404 -0.14972293064849529
-2.6981319793947591 -0.15059265301121069

-2.6981319793947591 -0.15059265301121069
-2.6952839760249354 -0.15284215837033896

-2.6952839760249354 -0.15284215837033896
-2.6950127516729157 -0.153073045497119

-2.6950127516729157 -0.153073045497119
-2.6918935239510717 -0.15536961697986318

-2.6918935239510717 -0.15536961697986318
-2.6911457506346212 -0.1559613860921826

-2.6911457506346212 -0.1559613860921826
-2.6887742962292283 -0.1576845251012699

-2.6887742962292283 -0.1576845251012699
-2.6867307529904845 -0.15908061381402624

-2.6867307529904845 -0.15908061381402624
-2.6856550685073848 -0.15984380187908193

-2.6856550685073848 -0.15984380187908193
-2.6825358407855409 -0.16161664006643306

-2.6825358407855409 -0.16161664006643306
-2.6814890817025314 -0.16219984153586992

-2.6814890817025314 -0.16219984153586992
-2.6794166130636974 -0.16329332492385043

-2.6794166130636974 -0.16329332492385043
-2.6762973853418535 -0.16464489675696198

-2.6762973853418535 -0.16464489675696198
-2.6744606145367316 -0.16531906925771356

-2.6744606145367316 -0.16531906925771356
-2.67317815762001 -0.16579260925112263

-2.67317815762001 -0.16579260925112263
-2.6700589298981665 -0.16663433907643591

-2.6700589298981665 -0.16663433907643591
-2.6669397021763226 -0.16720341247830159

-2.6669397021763226 -0.16720341247830159
-2.6638204744544791 -0.16748215381496168

-2.6638204744544791 -0.16748215381496168
-2.6607012467326356 -0.16745750598577802

-2.6607012467326356 -0.16745750598577802
-2.6575820190107917 -0.16712093507023809

-2.6575820190107917 -0.16712093507023809
-2.6544627912889482 -0.16648433318991948

-2.6544627912889482 -0.16648433318991948
-2.6513435635671043 -0.16557179263247429

-2.6513435635671043 -0.16557179263247429
-2.6507494106321907 -0.16531906925771356

-2.6507494106321907 -0.16531906925771356
-2.6482243358452608 -0.16429662407273238

-2.6482243358452608 -0.16429662407273238
-2.6451051081234174 -0.162752392376591

-2.6451051081234174 -0.162752392376591
-2.6442700057801214 -0.16219984153586992

-2.6442700057801214 -0.16219984153586992
-2.6419858804015734 -0.1607679312885629

-2.6419858804015734 -0.1607679312885629
-2.6396970373689279 -0.15908061381402624

-2.6396970373689279 -0.15908061381402624
-2.63886665267973 -0.15840838192877105

-2.63886665267973 -0.15840838192877105
-2.6359079933460499 -0.1559613860921826

-2.6359079933460499 -0.1559613860921826
-2.6357474249578861 -0.15581240362121429

-2.6357474249578861 -0.15581240362121429
-2.6326281972360426 -0.15288424456241737

-2.6326281972360426 -0.15288424456241737
-2.6325862580150994 -0.15284215837033896

-2.6325862580150994 -0.15284215837033896
-2.6296516189136439 -0.14972293064849529

-2.6296516189136439 -0.14972293064849529
-2.6295089695141991 -0.14957119110082359

-2.6295089695141991 -0.14957119110082359
-2.6269245968003196 -0.14660370292665165

-2.6269245968003196 -0.14660370292665165
-2.6263897417923552 -0.14600863092471641

-2.6263897417923552 -0.14600863092471641
-2.624268524894473 -0.143484475204808

-2.624268524894473 -0.143484475204808
-2.6232705140705117 -0.14232683971036991

-2.6232705140705117 -0.14232683971036991
-2.6216341806945112 -0.14036524748296433

-2.6216341806945112 -0.14036524748296433
-2.6201512863486678 -0.13856823423176953

-2.6201512863486678 -0.13856823423176953
-2.6190440932996979 -0.13724601976112069

-2.6190440932996979 -0.13724601976112069
-2.6170320586268243 -0.13467122629945719

-2.6170320586268243 -0.13467122629945719
-2.6165736968018698 -0.13412679203927705

-2.6165736968018698 -0.13412679203927705
-2.6142432532093967 -0.13100756431743338

-2.6142432532093967 -0.13100756431743338
-2.6139128309049808 -0.13061429797302135

-2.6139128309049808 -0.13061429797302135
-2.6118130175588776 -0.12788833659558974

-2.6118130175588776 -0.12788833659558974
-2.6107936031831369 -0.12665795752865996

-2.6107936031831369 -0.12665795752865996
-2.6092662809017537 -0.12476910887374608

-2.6092662809017537 -0.12476910887374608
-2.6076743754612934 -0.12280568544665961

-2.6076743754612934 -0.12280568544665961
-2.6067052481109632 -0.12164988115190242

-2.6067052481109632 -0.12164988115190242
-2.6045551477394495 -0.11892805880887969

-2.6045551477394495 -0.11892805880887969
-2.6042134447269789 -0.11853065343005878

-2.6042134447269789 -0.11853065343005878
-2.6017761162929176 -0.11541142570821512

-2.6017761162929176 -0.11541142570821512
-2.601435920017606 -0.11502251023585518

-2.601435920017606 -0.11502251023585518
-2.5992086800235543 -0.11229219798637147

-2.5992086800235543 -0.11229219798637147
-2.5983166922957626 -0.11127624978395484

-2.5983166922957626 -0.11127624978395484
-2.5965214464461783 -0.10917297026452782

-2.5965214464461783 -0.10917297026452782
-2.5951974645739186 -0.10767081901356775

-2.5951974645739186 -0.10767081901356775
-2.5937677351610993 -0.10605374254268417

-2.5937677351610993 -0.10605374254268417
-2.5920782368520752 -0.10415277605605122

-2.5920782368520752 -0.10415277605605122
-2.5909699152656831 -0.10293451482084051

-2.5909699152656831 -0.10293451482084051
-2.5889590091302312 -0.10070047105778286

-2.5889590091302312 -0.10070047105778286
-2.5881343961636794 -0.099815287098996869

-2.5881343961636794 -0.099815287098996869
-2.5858397814083878 -0.097312494881557507

-2.5858397814083878 -0.097312494881557507
-2.5852530375191383 -0.096696059377153212

-2.5852530375191383 -0.096696059377153212
-2.5827205536865443 -0.093999448273851788

-2.5827205536865443 -0.093999448273851788
-2.5823103064284259 -0.093576831655309556

-2.5823103064284259 -0.093576831655309556
-2.5796013259647004 -0.090774006024312237

-2.5796013259647004 -0.090774006024312237
-2.5792882642750938 -0.090457603933465913

-2.5792882642750938 -0.090457603933465913
-2.5764820982428569 -0.087651576034508474

-2.5764820982428569 -0.087651576034508474
-2.5761654772672595 -0.087338376211622257

-2.5761654772672595 -0.087338376211622257
-2.573362870521013 -0.084644447619784444

-2.573362870521013 -0.084644447619784444
-2.572921597261649 -0.0842191484897786

-2.572921597261649 -0.0842191484897786
-2.5702436427991695 -0.081743057519228043

-2.5702436427991695 -0.081743057519228043
-2.5695574276425099 -0.081099920767934958

-2.5695574276425099 -0.081099920767934958
-2.567124415077326 -0.078919713030586716

-2.567124415077326 -0.078919713030586716
-2.5660893464003109 -0.077980693046091301

-2.5660893464003109 -0.077980693046091301
-2.5640051873554821 -0.076160500047905866

-2.5640051873554821 -0.076160500047905866
-2.5625063350953883 -0.074861465324247645

-2.5625063350953883 -0.074861465324247645
-2.5608859596336386 -0.073477405925928302

-2.5608859596336386 -0.073477405925928302
-2.5587438831634595 -0.071742237602403988

-2.5587438831634595 -0.071742237602403988
-2.5577667319117947 -0.070922628835917184

-2.5577667319117947 -0.070922628835917184
-2.5546999013538856 -0.068623009880560346

-2.5546999013538856 -0.068623009880560346
-2.5546475041899512 -0.068579483439077757

-2.5546475041899512 -0.068579483439077757
-2.5515282764681078 -0.066327541367940168

-2.5515282764681078 -0.066327541367940168
-2.5504579790450803 -0.065503782158716689

-2.5504579790450803 -0.065503782158716689
-2.5484090487462638 -0.064010522167258374

-2.5484090487462638 -0.064010522167258374
-2.5460525709443904 -0.062384554436873046

-2.5460525709443904 -0.062384554436873046
-2.5452898210244204 -0.061818854334118024

-2.5452898210244204 -0.061818854334118024
-2.5421705933025764 -0.059855905908320371

-2.5421705933025764 -0.059855905908320371
-2.5413248526959467 -0.05926532671502939

-2.5413248526959467 -0.05926532671502939
-2.539051365580733 -0.057796606810910846

-2.539051365580733 -0.057796606810910846
-2.5363653812149272 -0.05614609899318574

-2.5363653812149272 -0.05614609899318574
-2.5359321378588895 -0.055850288186471683

-2.5359321378588895 -0.055850288186471683
-2.5328129101370456 -0.054055951376788709

-2.5328129101370456 -0.054055951376788709
-2.5310764972424633 -0.053026871271342091

-2.5310764972424633 -0.053026871271342091
-2.5296936824152021 -0.052195444223027153

-2.5296936824152021 -0.052195444223027153
-2.5265744546933582 -0.050532754229353757

-2.5265744546933582 -0.050532754229353757
-2.5254741687335831 -0.049907643549498434

-2.5254741687335831 -0.049907643549498434
-2.5234552269715147 -0.04880958134581509

-2.5234552269715147 -0.04880958134581509
-2.5203359992496712 -0.047248858827561128

-2.5203359992496712 -0.047248858827561128
-2.5194707412625514 -0.046788415827654785

-2.5194707412625514 -0.046788415827654785
-2.5172167715278273 -0.045658661788023316

-2.5172167715278273 -0.045658661788023316
-2.5140975438059838 -0.044201118861982996

-2.5140975438059838 -0.044201118861982996
-2.512999900419453 -0.043669188105811135

-2.512999900419453 -0.043669188105811135
-2.5109783160841399 -0.042725674163454033

-2.5109783160841399 -0.042725674163454033
-2.5078590883622964 -0.041372264705254541

-2.5078590883622964 -0.041372264705254541
-2.5059446634173503 -0.040549960383967479

-2.5059446634173503 -0.040549960383967479
-2.504739860640453 -0.04002087220036301

-2.504739860640453 -0.04002087220036301
-2.501620632918609 -0.038780391556910807

-2.501620632918609 -0.038780391556910807
-2.4985014051967656 -0.037581460714029589

-2.4985014051967656 -0.037581460714029589
-2.4981250808708753 -0.037430732662123829

-2.4981250808708753 -0.037430732662123829
-2.4953821774749216 -0.036412128191709789

-2.4953821774749216 -0.036412128191709789
-2.4922629497530782 -0.035312705042940144

-2.4922629497530782 -0.035312705042940144
-2.4892888483206819 -0.034311504940280173

-2.4892888483206819 -0.034311504940280173
-2.4891437220312347 -0.034258724754930817

-2.4891437220312347 -0.034258724754930817
-2.4860244943093908 -0.033262448114357003

-2.4860244943093908 -0.033262448114357003
-2.4829052665875473 -0.032311155211700394

-2.4829052665875473 -0.032311155211700394
-2.4797860388657038 -0.031416288247930343

-2.4797860388657038 -0.031416288247930343
-2.4790030922758768 -0.03119227721843652

-2.4790030922758768 -0.03119227721843652
-2.4766668111438599 -0.030548057075470411

-2.4766668111438599 -0.030548057075470411
-2.4735475834220164 -0.029740407753573842

-2.4735475834220164 -0.029740407753573842
-2.4704283557001725 -0.028975380128362916

-2.4704283557001725 -0.028975380128362916
-2.467309127978329 -0.028259525478373324

-2.467309127978329 -0.028259525478373324
-2.4664789551483937 -0.028073049496592867

-2.4664789551483937 -0.028073049496592867
-2.4641899002564855 -0.027572886445857928

-2.4641899002564855 -0.027572886445857928
-2.4610706725346416 -0.026937171266126419

-2.4610706725346416 -0.026937171266126419
-2.4579514448127981 -0.02634210938179889

-2.4579514448127981 -0.02634210938179889
-2.4548322170909542 -0.025790303279457968

-2.4548322170909542 -0.025790303279457968
-2.4517129893691108 -0.025282496243500895

-2.4517129893691108 -0.025282496243500895
-2.4495174409941085 -0.024953821774749217

-2.4495174409941085 -0.024953821774749217
-2.4485937616472673 -0.024813659260104252

-2.4485937616472673 -0.024813659260104252
-2.4454745339254234 -0.024394608537971818

-2.4454745339254234 -0.024394608537971818
-2.4423553062035799 -0.02401632018351867

-2.4423553062035799 -0.02401632018351867
-2.439236078481736 -0.023681505037960342

-2.439236078481736 -0.023681505037960342
-2.4361168507598925 -0.023390708075787067

-2.4361168507598925 -0.023390708075787067
-2.432997623038049 -0.023143616306130377

-2.432997623038049 -0.023143616306130377
-2.4298783953162051 -0.022939015030502805

-2.4298783953162051 -0.022939015030502805
-2.4267591675943616 -0.022775452642611087

-2.4267591675943616 -0.022775452642611087
-2.4236399398725177 -0.022651935699752913

-2.4236399398725177 -0.022651935699752913
-2.4205207121506742 -0.022567732238413882

-2.4205207121506742 -0.022567732238413882
-2.4174014844288307 -0.022522340438854507

-2.4174014844288307 -0.022522340438854507
-2.4142822567069868 -0.022516226100357549

-2.4142822567069868 -0.022516226100357549
-2.4111630289851433 -0.022550290404359651

-2.4111630289851433 -0.022550290404359651
-2.4080438012632994 -0.022623752208899423

-2.4080438012632994 -0.022623752208899423
-2.4049245735414559 -0.02273424449338594

-2.4049245735414559 -0.02273424449338594
-2.4018053458196125 -0.022880712776057553

-2.4018053458196125 -0.022880712776057553
-2.3986861180977685 -0.023063793871304323

-2.3986861180977685 -0.023063793871304323
-2.3955668903759251 -0.023283410865208007

-2.3955668903759251 -0.023283410865208007
-2.3924476626540812 -0.023539243469601678

-2.3924476626540812 -0.023539243469601678
-2.3893284349322377 -0.023831728742672892

-2.3893284349322377 -0.023831728742672892
-2.3862092072103942 -0.024159241262907059

-2.3862092072103942 -0.024159241262907059
-2.3830899794885503 -0.024518356081212559

-2.3830899794885503 -0.024518356081212559
-2.3799707517667068 -0.024906530949379051

-2.3799707517667068 -0.024906530949379051
-2.379628624955306 -0.024953821774749217

-2.379628624955306 -0.024953821774749217
-2.3768515240448629 -0.025328070568792018

-2.3768515240448629 -0.025328070568792018
-2.3737322963230194 -0.025779010419178627

-2.3737322963230194 -0.025779010419178627
-2.3706130686011759 -0.026260891052901063

-2.3706130686011759 -0.026260891052901063
-2.367493840879332 -0.026772742161848186

-2.367493840879332 -0.026772742161848186
-2.3643746131574885 -0.027314909979469462

-2.3643746131574885 -0.027314909979469462
-2.3612553854356446 -0.027886249749156974

-2.3612553854356446 -0.027886249749156974
-2.3603207153493906 -0.028073049496592867

-2.3603207153493906 -0.028073049496592867
-2.3581361577138011 -0.028501608282317143

-2.3581361577138011 -0.028501608282317143
-2.3550169299919577 -0.029144917679260866

-2.3550169299919577 -0.029144917679260866
-2.3518977022701137 -0.029830305074615395

-2.3518977022701137 -0.029830305074615395
-2.3487784745482703 -0.030552261405716701

-2.3487784745482703 -0.030552261405716701
-2.3461577835504861 -0.03119227721843652

-2.3461577835504861 -0.03119227721843652
-2.3456592468264263 -0.031319513364746143

-2.3456592468264263 -0.031319513364746143
-2.3425400191045829 -0.032114057988281937

-2.3425400191045829 -0.032114057988281937
-2.3394207913827394 -0.032953889233216536

-2.3394207913827394 -0.032953889233216536
-2.3363015636608955 -0.033822418886063847

-2.3363015636608955 -0.033822418886063847
-2.334648986984516 -0.034311504940280173

-2.334648986984516 -0.034311504940280173
-2.333182335939052 -0.034748069265782382

-2.333182335939052 -0.034748069265782382
-2.3300631082172081 -0.035680608113811706

-2.3300631082172081 -0.035680608113811706
-2.3269438804953646 -0.036651331272289957

-2.3269438804953646 -0.036651331272289957
-2.3245250530738879 -0.037430732662123829

-2.3245250530738879 -0.037430732662123829
-2.3238246527735211 -0.037667147370159589

-2.3238246527735211 -0.037667147370159589
-2.3207054250516772 -0.038680385073398459

-2.3207054250516772 -0.038680385073398459
-2.3175861973298337 -0.039723047098650613

-2.3175861973298337 -0.039723047098650613
-2.3151868286887467 -0.040549960383967479

-2.3151868286887467 -0.040549960383967479
-2.3144669696079898 -0.040810413616592038

-2.3144669696079898 -0.040810413616592038
-2.3113477418861463 -0.041895631890149672

-2.3113477418861463 -0.041895631890149672
-2.3082285141643029 -0.043008109421745495

-2.3082285141643029 -0.043008109421745495
-2.3064586941407117 -0.043669188105811135

-2.3064586941407117 -0.043669188105811135
-2.3051092864424589 -0.044180151470011232

-2.3051092864424589 -0.044180151470011232
-2.3019900587206155 -0.045334684934274373

-2.3019900587206155 -0.045334684934274373
-2.298870830998772 -0.046515853222870343

-2.298870830998772 -0.046515853222870343
-2.29821869324988 -0.046788415827654785

-2.29821869324988 -0.046788415827654785
-2.2957516032769281 -0.04776139504260405

-2.2957516032769281 -0.04776139504260405
-2.2926323755550846 -0.048999669300510293

-2.2926323755550846 -0.048999669300510293
-2.2904370739925333 -0.049907643549498434

-2.2904370739925333 -0.049907643549498434
-2.2895131478332407 -0.05030706978160359

-2.2895131478332407 -0.05030706978160359
-2.2863939201113972 -0.051593543308387703

-2.2863939201113972 -0.051593543308387703
-2.2832746923895537 -0.052918991951163258

-2.2832746923895537 -0.052918991951163258
-2.2830509484383752 -0.053026871271342091

-2.2830509484383752 -0.053026871271342091
-2.2801554646677098 -0.054293740856921804

-2.2801554646677098 -0.054293740856921804
-2.2770362369458663 -0.055659461675422656

-2.2770362369458663 -0.055659461675422656
-2.2760182014104609 -0.05614609899318574

-2.2760182014104609 -0.05614609899318574
-2.2739170092240224 -0.057111324464106959

-2.2739170092240224 -0.057111324464106959
-2.2707977815021789 -0.05851436883336316

-2.2707977815021789 -0.05851436883336316
-2.2692364517014818 -0.05926532671502939

-2.2692364517014818 -0.05926532671502939
-2.2676785537803354 -0.060015343058759781

-2.2676785537803354 -0.060015343058759781
-2.2645593260584915 -0.061452038117152032

-2.2645593260584915 -0.061452038117152032
-2.2626461091388492 -0.062384554436873046

-2.2626461091388492 -0.062384554436873046
-2.2614400983366481 -0.06298954172968306

-2.2614400983366481 -0.06298954172968306
-2.2583208706148041 -0.064458589873931035

-2.2583208706148041 -0.064458589873931035
-2.2562082478794792 -0.065503782158716689

-2.2562082478794792 -0.065503782158716689
-2.2552016428929607 -0.066024902416989023

-2.2552016428929607 -0.066024902416989023
-2.2520824151711172 -0.067518780888749047

-2.2520824151711172 -0.067518780888749047
-2.2498795041674016 -0.068623009880560346

-2.2498795041674016 -0.068623009880560346
-2.2489631874492733 -0.069107601192467089

-2.2489631874492733 -0.069107601192467089
-2.2458439597274298 -0.070623209839152851

-2.2458439597274298 -0.070623209839152851
-2.2436427232837177 -0.071742237602403988

-2.2436427232837177 -0.071742237602403988
-2.2427247320055859 -0.072234852334180782

-2.2427247320055859 -0.072234852334180782
-2.2396055042837424 -0.073766369249616937

-2.2396055042837424 -0.073766369249616937
-2.2374773653922269 -0.074861465324247645

-2.2374773653922269 -0.074861465324247645
-2.2364862765618989 -0.075396712592649087

-2.2364862765618989 -0.075396712592649087
-2.233367048840055 -0.076938975461417078

-2.233367048840055 -0.076938975461417078
-2.231367937372025 -0.077980693046091301

-2.231367937372025 -0.077980693046091301
-2.2302478211182115 -0.078586769656681765

-2.2302478211182115 -0.078586769656681765
-2.2271285933963676 -0.08013564597112284

-2.2271285933963676 -0.08013564597112284
-2.2252929831851525 -0.081099920767934958

-2.2252929831851525 -0.081099920767934958
-2.2240093656745241 -0.081790220895215732

-2.2240093656745241 -0.081790220895215732
-2.2208901379526806 -0.083336916045210777

-2.2208901379526806 -0.083336916045210777
-2.2192240229248994 -0.0842191484897786

-2.2192240229248994 -0.0842191484897786
-2.2177709102308367 -0.084995734078212495

-2.2177709102308367 -0.084995734078212495
-2.2146516825089932 -0.086548455812836128

-2.2146516825089932 -0.086548455812836128
-2.2131791205484612 -0.087338376211622257

-2.2131791205484612 -0.087338376211622257
-2.2115324547871493 -0.088215034069913087

-2.2115324547871493 -0.088215034069913087
-2.2084132270653059 -0.089768195750157057

-2.2084132270653059 -0.089768195750157057
-2.2071340001694071 -0.090457603933465913

-2.2071340001694071 -0.090457603933465913
-2.2052939993434624 -0.091425457190783058

-2.2052939993434624 -0.091425457190783058
-2.2021747716216185 -0.092971029720608084

-2.2021747716216185 -0.092971029720608084
-2.2010506429000305 -0.093576831655309556

-2.2010506429000305 -0.093576831655309556
-2.199055543899775 -0.094612670149095524

-2.199055543899775 -0.094612670149095524
-2.1959363161779311 -0.096143077446800576

-2.1959363161779311 -0.096143077446800576
-2.1948892593955005 -0.096696059377153212

-2.1948892593955005 -0.096696059377153212
-2.1928170884560876 -0.097743706982981876

-2.1928170884560876 -0.097743706982981876
-2.1896978607342441 -0.0992294776693224

-2.1896978607342441 -0.0992294776693224
-2.1885425113799508 -0.099815287098996869

-2.1885425113799508 -0.099815287098996869
-2.1865786330124002 -0.10077835722772024

-2.1865786330124002 -0.10077835722772024
-2.1834594052905567 -0.10221844759942052

-2.1834594052905567 -0.10221844759942052
-2.1819683246317996 -0.10293451482084051

-2.1819683246317996 -0.10293451482084051
-2.1803401775687128 -0.10371110338125937

-2.1803401775687128 -0.10371110338125937
-2.1772209498468693 -0.10508528124557134

-2.1772209498468693 -0.10508528124557134
-2.1750112318335439 -0.10605374254268417

-2.1750112318335439 -0.10605374254268417
-2.1741017221250258 -0.106470501065144

-2.1741017221250258 -0.106470501065144
-2.1709824944031819 -0.10775024589349114

-2.1709824944031819 -0.10775024589349114
-2.1678632666813384 -0.10898784765292094

-2.1678632666813384 -0.10898784765292094
-2.1674165293719865 -0.10917297026452782

-2.1674165293719865 -0.10917297026452782
-2.1647440389594945 -0.11020209606869141

-2.1647440389594945 -0.11020209606869141
-2.161624811237651 -0.11133744611117663

-2.161624811237651 -0.11133744611117663
-2.1588428125399051 -0.11229219798637147

-2.1588428125399051 -0.11229219798637147
-2.1585055835158076 -0.11241590599350459

-2.1585055835158076 -0.11241590599350459
-2.1553863557939636 -0.11340492594955862

-2.1553863557939636 -0.11340492594955862
-2.1522671280721202 -0.11432544459521315

-2.1522671280721202 -0.11432544459521315
-2.1491479003502763 -0.1151598301321725

-2.1491479003502763 -0.1151598301321725
-2.1481600968201753 -0.11541142570821512

-2.1481600968201753 -0.11541142570821512
-2.1460286726284328 -0.11594049894400867

-2.1460286726284328 -0.11594049894400867
-2.1429094449065893 -0.1166248174845943

-2.1429094449065893 -0.1166248174845943
-2.1397902171847454 -0.11720554638325671

-2.1397902171847454 -0.11720554638325671
-2.1366709894629019 -0.11767599814145646

-2.1366709894629019 -0.11767599814145646
-2.133551761741058 -0.11804480934151931

-2.133551761741058 -0.11804480934151931
-2.1304325340192145 -0.11831303958296314

-2.1304325340192145 -0.11831303958296314
-2.127313306297371 -0.11847209529069777

-2.127313306297371 -0.11847209529069777
-2.1241940785755271 -0.11852617213732311

-2.1241940785755271 -0.11852617213732311
-2.1210748508536836 -0.11845887859787528

-2.1210748508536836 -0.11845887859787528
-2.1179556231318402 -0.118244944047753

-2.1179556231318402 -0.118244944047753
-2.1148363954099962 -0.11788241429303771

-2.1148363954099962 -0.11788241429303771
-2.1117171676881528 -0.11737471502617948

-2.1117171676881528 -0.11737471502617948
-2.1085979399663088 -0.1167271583934372

-2.1085979399663088 -0.1167271583934372
-2.1054787122444654 -0.11594982919424457

-2.1054787122444654 -0.11594982919424457
-2.1036943045303444 -0.11541142570821512

-2.1036943045303444 -0.11541142570821512
-2.1023594845226219 -0.11500155225074017

-2.1023594845226219 -0.11500155225074017
-2.099240256800778 -0.11392195991477737

-2.099240256800778 -0.11392195991477737
-2.0961210290789345 -0.11270088128173314

-2.0961210290789345 -0.11270088128173314
-2.0952562047771535 -0.11229219798637147

-2.0952562047771535 -0.11229219798637147
-2.0930018013570906 -0.11127354952822371

-2.0930018013570906 -0.11127354952822371
-2.0898825736352471 -0.10977480126684684

-2.0898825736352471 -0.10977480126684684
-2.0888308786758762 -0.10917297026452782

-2.0888308786758762 -0.10917297026452782
-2.0867633459134036 -0.10803551123834899

-2.0867633459134036 -0.10803551123834899
-2.0836441181915597 -0.10624826585550573

-2.0836441181915597 -0.10624826585550573
-2.0833670045523913 -0.10605374254268417

-2.0833670045523913 -0.10605374254268417
-2.0805248904697162 -0.10426916798588579

-2.0805248904697162 -0.10426916798588579
-2.0786031562296241 -0.10293451482084051

-2.0786031562296241 -0.10293451482084051
-2.0774056627478723 -0.10206474266399715

-2.0774056627478723 -0.10206474266399715
-2.0742864350260288 -0.099905942542834317

-2.0742864350260288 -0.099905942542834317
-2.074174455978806 -0.099815287098996869

-2.074174455978806 -0.099815287098996869
-2.0711672073041854 -0.097620778712210407

-2.0711672073041854 -0.097620778712210407
-2.0700419756472797 -0.096696059377153212

-2.0700419756472797 -0.096696059377153212
-2.0680479795823414 -0.095102090701997072

-2.0680479795823414 -0.095102090701997072
-2.066214597618997 -0.093576831655309556

-2.066214597618997 -0.093576831655309556
-2.064928751860498 -0.092477578696300161

-2.064928751860498 -0.092477578696300161
-2.062524240519787 -0.090457603933465913

-2.062524240519787 -0.090457603933465913
-2.061809524138654 -0.089820408053439008

-2.061809524138654 -0.089820408053439008
-2.0588836022797627 -0.087338376211622257

-2.0588836022797627 -0.087338376211622257
-2.0586902964168106 -0.087161456043244961

-2.0586902964168106 -0.087161456043244961
-2.0555710686949671 -0.084484531664770893

-2.0555710686949671 -0.084484531664770893
-2.0552844715505478 -0.0842191484897786

-2.0552844715505478 -0.0842191484897786
-2.0524518409731232 -0.08171704493782464

-2.0524518409731232 -0.08171704493782464
-2.0517902707273543 -0.081099920767934958

-2.0517902707273543 -0.081099920767934958
-2.0493326132512797 -0.078876635129910375

-2.0493326132512797 -0.078876635129910375
-2.048374747522852 -0.077980693046091301

-2.048374747522852 -0.077980693046091301
-2.0462133855294358 -0.076000885142020455

-2.0462133855294358 -0.076000885142020455
-2.044992293906045 -0.074861465324247645

-2.044992293906045 -0.074861465324247645
-2.0430941578075923 -0.073112344540171417

-2.0430941578075923 -0.073112344540171417
-2.0416186612978371 -0.071742237602403988

-2.0416186612978371 -0.071742237602403988
-2.0399749300857488 -0.070222228032509826

-2.0399749300857488 -0.070222228032509826
-2.0382386906095364 -0.068623009880560346

-2.0382386906095364 -0.068623009880560346
-2.0368557023639049 -0.0673435726677898

-2.0368557023639049 -0.0673435726677898
-2.034829031156324 -0.065503782158716689

-2.034829031156324 -0.065503782158716689
-2.0337364746420614 -0.064496561492049145

-2.0337364746420614 -0.064496561492049145
-2.0313616940372285 -0.062384554436873046

-2.0313616940372285 -0.062384554436873046
-2.0306172469202175 -0.061700374568586833

-2.0306172469202175 -0.061700374568586833
-2.0278131203535117 -0.05926532671502939

-2.0278131203535117 -0.05926532671502939
-2.027498019198374 -0.058976266622740123

-2.027498019198374 -0.058976266622740123
-2.0243787914765305 -0.056338868200415365

-2.0243787914765305 -0.056338868200415365
-2.0241661215174753 -0.05614609899318574

-2.0241661215174753 -0.05614609899318574
-2.0212595637546866 -0.053702590101505389

-2.0212595637546866 -0.053702590101505389
-2.0204996479538484 -0.053026871271342091

-2.0204996479538484 -0.053026871271342091
-2.0181403360328432 -0.051033591851678897

-2.0181403360328432 -0.051033591851678897
-2.0168450107061862 -0.049907643549498434

-2.0168450107061862 -0.049907643549498434
-2.0150211083109992 -0.048354661659511494

-2.0150211083109992 -0.048354661659511494
-2.013156181881651 -0.046788415827654785

-2.013156181881651 -0.046788415827654785
-2.0119018805891558 -0.045717862301757513

-2.0119018805891558 -0.045717862301757513
-2.0093241030252051 -0.043669188105811135

-2.0093241030252051 -0.043669188105811135
-2.0087826528673123 -0.043208305178885714

-2.0087826528673123 -0.043208305178885714
-2.0056634251454684 -0.040859840955882569

-2.0056634251454684 -0.040859840955882569
-2.0052929788990643 -0.040549960383967479

-2.0052929788990643 -0.040549960383967479
-2.0025441974236249 -0.038464960773096329

-2.0025441974236249 -0.038464960773096329
-2.0012453399082979 -0.037430732662123829

-2.0012453399082979 -0.037430732662123829
-1.999424969701781 -0.036022083049936093

-1.999424969701781 -0.036022083049936093
-1.9970898910061847 -0.034311504940280173

-1.9970898910061847 -0.034311504940280173
-1.9963057419799373 -0.03369770468349121

-1.9963057419799373 -0.03369770468349121
-1.9931865142580936 -0.031590267677974578

-1.9931865142580936 -0.031590267677974578
-1.9926637264796165 -0.03119227721843652

-1.9926637264796165 -0.03119227721843652
-1.9900672865362501 -0.029410802913940302

-1.9900672865362501 -0.029410802913940302
-1.9881116338153331 -0.028073049496592867

-1.9881116338153331 -0.028073049496592867
-1.9869480588144064 -0.027246000290178488

-1.9869480588144064 -0.027246000290178488
-1.9838288310925627 -0.025315541387384642

-1.9838288310925627 -0.025315541387384642
-1.9833117824226687 -0.024953821774749217

-1.9833117824226687 -0.024953821774749217
-1.980709603370719 -0.02331900485494575

-1.980709603370719 -0.02331900485494575
-1.9782852982915649 -0.021834594052905564

-1.9782852982915649 -0.021834594052905564
-1.9775903756488753 -0.021372226080128939

-1.9775903756488753 -0.021372226080128939
-1.9744711479270318 -0.019603186955872147

-1.9744711479270318 -0.019603186955872147
-1.9729895498235857 -0.018715366331061911

-1.9729895498235857 -0.018715366331061911
-1.9713519202051881 -0.017743558227686768

-1.9713519202051881 -0.017743558227686768
-1.9682326924833444 -0.016064950778304839

-1.9682326924833444 -0.016064950778304839
-1.9674379749394233 -0.015596138609218262

-1.9674379749394233 -0.015596138609218262
-1.9651134647615007 -0.014319938673339737

-1.9651134647615007 -0.014319938673339737
-1.961994237039657 -0.012699578390258068

-1.961994237039657 -0.012699578390258068
-1.9616061112366214 -0.012476910887374609

-1.9616061112366214 -0.012476910887374609
-1.9588750093178136 -0.011065076310855628

-1.9588750093178136 -0.011065076310855628
-1.9557557815959699 -0.0095179083535502189

-1.9557557815959699 -0.0095179083535502189
-1.9554604595634528 -0.0093576831655309573

-1.9554604595634528 -0.0093576831655309573
-1.9526365538741262 -0.007980121827913772

-1.9526365538741262 -0.007980121827913772
-1.9495173261522825 -0.0065311658586308472

-1.9495173261522825 -0.0065311658586308472
-1.9489255084905994 -0.0062384554436873043

-1.9489255084905994 -0.0062384554436873043
-1.9463980984304388 -0.0050798446053970242

-1.9463980984304388 -0.0050798446053970242
-1.9432788707085953 -0.0037278388599608012

-1.9432788707085953 -0.0037278388599608012
-1.9418990712783664 -0.0031192277218436521

-1.9418990712783664 -0.0031192277218436521
-1.9401596429867516 -0.0023631901437897599

-1.9401596429867516 -0.0023631901437897599
-1.9370404152649079 -0.0010997995147890092

-1.9370404152649079 -0.0010997995147890092
-1.9342576836882666 0

-1.9342576836882666 0
-1.9339211875430642 0.00014386416733001492

-1.9339211875430642 0.00014386416733001492
-1.9308019598212205 0.0013194343349679702

-1.9308019598212205 0.0013194343349679702
-1.927682732099377 0.0024542446241809972

-1.927682732099377 0.0024542446241809972
-1.9258297864049516 0.0031192277218436517

-1.9258297864049516 0.0031192277218436517
-1.9245635043775333 0.0035806682945607933

-1.9245635043775333 0.0035806682945607933
-1.9214442766556896 0.0046297206326765608

-1.9214442766556896 0.0046297206326765608
-1.9183250489338459 0.0056475856027545582

-1.9183250489338459 0.0056475856027545582
-1.9164885086157146 0.0062384554436873043

-1.9164885086157146 0.0062384554436873043
-1.9152058212120022 0.0066564832269819293

-1.9152058212120022 0.0066564832269819293
-1.9120865934901587 0.0075985130091837895

-1.9120865934901587 0.0075985130091837895
-1.908967365768315 0.0085148613954381461

-1.908967365768315 0.0085148613954381461
-1.9059826914025748 0.0093576831655309556

-1.9059826914025748 0.0093576831655309556
-1.9058481380464714 0.009398236880071336

-1.9058481380464714 0.009398236880071336
-1.9027289103246277 0.010239242629899063

-1.9027289103246277 0.010239242629899063
-1.8996096826027842 0.011044186247855648

-1.8996096826027842 0.011044186247855648
-1.8964904548809405 0.011810230218254945

-1.8964904548809405 0.011810230218254945
-1.8936341128925158 0.012476910887374609

-1.8936341128925158 0.012476910887374609
-1.8933712271590968 0.012541292598144075

-1.8933712271590968 0.012541292598144075
-1.8902519994372531 0.013226232969411163

-1.8902519994372531 0.013226232969411163
-1.8871327717154094 0.013873860852483585

-1.8871327717154094 0.013873860852483585
-1.8840135439935659 0.014481559323095756

-1.8840135439935659 0.014481559323095756
-1.8808943162717222 0.015051203943130073

-1.8808943162717222 0.015051203943130073
-1.8777750885498785 0.015585001086735314

-1.8777750885498785 0.015585001086735314
-1.8777082650458905 0.01559613860921826

-1.8777082650458905 0.01559613860921826
-1.8746558608280348 0.01608467383197568

-1.8746558608280348 0.01608467383197568
-1.8715366331061911 0.016549400828434403

-1.8715366331061911 0.016549400828434403
-1.8684174053843476 0.016981683725385329

-1.8684174053843476 0.016981683725385329
-1.8652981776625039 0.017383347452720938

-1.8652981776625039 0.017383347452720938
-1.8621789499406602 0.017756153850541002

-1.8621789499406602 0.017756153850541002
-1.8590597222188165 0.018101647306497812

-1.8590597222188165 0.018101647306497812
-1.8559404944969728 0.018420896141787772

-1.8559404944969728 0.018420896141787772
-1.8528212667751294 0.01871395954749891

-1.8528212667751294 0.01871395954749891
-1.8528051536749155 0.018715366331061915

-1.8528051536749155 0.018715366331061915
-1.8497020390532857 0.018980271672936262

-1.8497020390532857 0.018980271672936262
-1.846582811331442 0.019219442056606979

-1.846582811331442 0.019219442056606979
-1.8434635836095983 0.019431457548389146

-1.8434635836095983 0.019431457548389146
-1.8403443558877546 0.019615371587488918

-1.8403443558877546 0.019615371587488918
-1.8372251281659111 0.019769896223387734

-1.8372251281659111 0.019769896223387734
-1.8341059004440674 0.019894830286843058

-1.8341059004440674 0.019894830286843058
-1.8309866727222237 0.019990668315350527

-1.8309866727222237 0.019990668315350527
-1.82786744500038 0.02005708735580132

-1.82786744500038 0.02005708735580132
-1.8247482172785363 0.020093007574780528

-1.8247482172785363 0.020093007574780528
-1.8216289895566928 0.020098478638468618

-1.8216289895566928 0.020098478638468618
-1.8185097618348491 0.020075328395640166

-1.8185097618348491 0.020075328395640166
-1.8153905341130054 0.020024827990909565

-1.8153905341130054 0.020024827990909565
-1.8122713063911617 0.019945999670728517

-1.8122713063911617 0.019945999670728517
-1.8091520786693183 0.019838240704471096

-1.8091520786693183 0.019838240704471096
-1.8060328509474746 0.01970404680146589

-1.8060328509474746 0.01970404680146589
-1.8029136232256309 0.019545713281309121

-1.8029136232256309 0.019545713281309121
-1.7997943955037872 0.019361281149498911

-1.7997943955037872 0.019361281149498911
-1.7966751677819435 0.019147379927302463

-1.7966751677819435 0.019147379927302463
-1.7935559400601 0.018907392101360856

-1.7935559400601 0.018907392101360856
-1.7912868236514834 0.018715366331061915

-1.7912868236514834 0.018715366331061915
-1.7904367123382563 0.018642653730266141

-1.7904367123382563 0.018642653730266141
-1.7873174846164126 0.018352848538124369

-1.7873174846164126 0.018352848538124369
-1.7841982568945689 0.018031172315275956

-1.7841982568945689 0.018031172315275956
-1.7810790291727252 0.017678504528307611

-1.7810790291727252 0.017678504528307611
-1.7779598014508817 0.017296270975488234

-1.7779598014508817 0.017296270975488234
-1.774840573729038 0.016882761339679656

-1.774840573729038 0.016882761339679656
-1.7717213460071943 0.016435426504762488

-1.7717213460071943 0.016435426504762488
-1.7686021182853506 0.015958798801622511

-1.7686021182853506 0.015958798801622511
-1.7663729811209619 0.01559613860921826

-1.7663729811209619 0.01559613860921826
-1.7654828905635069 0.015448575788399565

-1.7654828905635069 0.015448575788399565
-1.7623636628416635 0.014915335058038054

-1.7623636628416635 0.014915335058038054
-1.7592444351198198 0.014348090626689246

-1.7592444351198198 0.014348090626689246
-1.7561252073979761 0.013752160350376295

-1.7561252073979761 0.013752160350376295
-1.7530059796761324 0.013128909598646347

-1.7530059796761324 0.013128909598646347
-1.7498867519542887 0.01247996138874541

-1.7498867519542887 0.01247996138874541
-1.7498733201104029 0.012476910887374609

-1.7498733201104029 0.012476910887374609
-1.7467675242324452 0.01180860888442754

-1.7467675242324452 0.01180860888442754
-1.7436482965106015 0.011117477371860019

-1.7436482965106015 0.011117477371860019
-1.7405290687887578 0.010403982353684239

-1.7405290687887578 0.010403982353684239
-1.7374098410669141 0.0096739366181204448

-1.7374098410669141 0.0096739366181204448
-1.7361249331531483 0.0093576831655309556

-1.7361249331531483 0.0093576831655309556
-1.7342906133450704 0.0089108814192740277

-1.7342906133450704 0.0089108814192740277
-1.7311713856232269 0.008150677094056381

-1.7311713856232269 0.008150677094056381
-1.7280521579013832 0.0073683281302726091

-1.7280521579013832 0.0073683281302726091
-1.7249329301795395 0.0065759523207844645

-1.7249329301795395 0.0065759523207844645
-1.7236675057326905 0.0062384554436873043

-1.7236675057326905 0.0062384554436873043
-1.7218137024576958 0.0057500207356576188

-1.7218137024576958 0.0057500207356576188
-1.7186944747358524 0.0049307937323114764

-1.7186944747358524 0.0049307937323114764
-1.7155752470140087 0.0040909862625346793

-1.7155752470140087 0.0040909862625346793
-1.712456019292165 0.0032424635454649507

-1.712456019292165 0.0032424635454649507
-1.7120371156973626 0.0031192277218436517

-1.7120371156973626 0.0031192277218436517
-1.7093367915703213 0.0023649201765780698

-1.7093367915703213 0.0023649201765780698
-1.7062175638484776 0.001478254137991152

-1.7062175638484776 0.001478254137991152
-1.7030983361266341 0.0005782049747413147

-1.7030983361266341 0.0005782049747413147
-1.7011688788031929 0

-1.7011688788031929 0
-1.6999791084047904 -0.0003632909995563981

-1.6999791084047904 -0.0003632909995563981
-1.6968598806829467 -0.0012979504649266588

-1.6968598806829467 -0.0012979504649266588
-1.693740652961103 -0.0022625294273060947

-1.693740652961103 -0.0022625294273060947
-1.6910348256332481 -0.0031192277218436521

-1.6910348256332481 -0.0031192277218436521
-1.6906214252392593 -0.0032583220205297907

-1.6906214252392593 -0.0032583220205297907
-1.6875021975174158 -0.0042555006799116432

-1.6875021975174158 -0.0042555006799116432
-1.6843829697955721 -0.00527816108793737

-1.6843829697955721 -0.00527816108793737
-1.6814998395115974 -0.0062384554436873043

-1.6814998395115974 -0.0062384554436873043
-1.6812637420737284 -0.0063231220437806115

-1.6812637420737284 -0.0063231220437806115
-1.6781445143518847 -0.0073665592750782275

-1.6781445143518847 -0.0073665592750782275
-1.675025286630041 -0.0084208562267544616

-1.675025286630041 -0.0084208562267544616
-1.6722663097710113 -0.0093576831655309573

-1.6722663097710113 -0.0093576831655309573
-1.6719060589081975 -0.0094885601160487002

-1.6719060589081975 -0.0094885601160487002
-1.6687868311863538 -0.010536967226020953

-1.6687868311863538 -0.010536967226020953
-1.6656676034645101 -0.011586041613268639

-1.6656676034645101 -0.011586041613268639
-1.6630045840038372 -0.012476910887374609

-1.6630045840038372 -0.012476910887374609
-1.6625483757426665 -0.01263906042448768

-1.6625483757426665 -0.01263906042448768
-1.6594291480208228 -0.013659053324159605

-1.6594291480208228 -0.013659053324159605
-1.6563099202989793 -0.014673487615851234

-1.6563099202989793 -0.014673487615851234
-1.6534317477693625 -0.015596138609218262

-1.6534317477693625 -0.015596138609218262
-1.6531906925771356 -0.015678974333456559

-1.6531906925771356 -0.015678974333456559
-1.6500714648552919 -0.016655785606709342

-1.6500714648552919 -0.016655785606709342
-1.6469522371334482 -0.017621064754485445

-1.6469522371334482 -0.017621064754485445
-1.6438330094116045 -0.018562702362921901

-1.6438330094116045 -0.018562702362921901
-1.6433508937844203 -0.018715366331061911

-1.6433508937844203 -0.018715366331061911
-1.640713781689761 -0.019506589743283759

-1.640713781689761 -0.019506589743283759
-1.6375945539679173 -0.020419732537691745

-1.6375945539679173 -0.020419732537691745
-1.6344753262460736 -0.021306458743276375

-1.6344753262460736 -0.021306458743276375
-1.632611213150849 -0.021834594052905564

-1.632611213150849 -0.021834594052905564
-1.6313560985242299 -0.022194894129872533

-1.6313560985242299 -0.022194894129872533
-1.6282368708023864 -0.023038294483102656

-1.6282368708023864 -0.023038294483102656
-1.6251176430805427 -0.023864068971792874

-1.6251176430805427 -0.023864068971792874
-1.621998415358699 -0.024649938750276167

-1.621998415358699 -0.024649938750276167
-1.6207778230494598 -0.024953821774749217

-1.6207778230494598 -0.024953821774749217
-1.6188791876368553 -0.025419570344994959

-1.6188791876368553 -0.025419570344994959
-1.6157599599150116 -0.026137088145488457

-1.6157599599150116 -0.026137088145488457
-1.6126407321931682 -0.026817660611489755

-1.6126407321931682 -0.026817660611489755
-1.6095215044713245 -0.02745419111072497

-1.6095215044713245 -0.02745419111072497
-1.6064022767494808 -0.028044320001761373

-1.6064022767494808 -0.028044320001761373
-1.6062450605273146 -0.028073049496592867

-1.6062450605273146 -0.028073049496592867
-1.6032830490276371 -0.028592025928988327

-1.6032830490276371 -0.028592025928988327
-1.6001638213057934 -0.029092390088018776

-1.6001638213057934 -0.029092390088018776
-1.5970445935839499 -0.029544521050284236

-1.5970445935839499 -0.029544521050284236
-1.5939253658621062 -0.029947346013352631

-1.5939253658621062 -0.029947346013352631
-1.5908061381402625 -0.030301906539452316

-1.5908061381402625 -0.030301906539452316
-1.5876869104184188 -0.030609158054454501

-1.5876869104184188 -0.030609158054454501
-1.5845676826965751 -0.03086816040561232

-1.5845676826965751 -0.03086816040561232
-1.5814484549747316 -0.031078084854876627

-1.5814484549747316 -0.031078084854876627
-1.579259494626525 -0.03119227721843652

-1.579259494626525 -0.03119227721843652
-1.5783292272528879 -0.031240971903536769

-1.5783292272528879 -0.031240971903536769
-1.5752099995310442 -0.031354056629175939

-1.5752099995310442 -0.031354056629175939
-1.5720907718092005 -0.031416462242868308

-1.5720907718092005 -0.031416462242868308
-1.5689715440873568 -0.031429133811133277

-1.5689715440873568 -0.031429133811133277
-1.5658523163655134 -0.031392737326461605

-1.5658523163655134 -0.031392737326461605
-1.5627330886436697 -0.031307069172754214

-1.5627330886436697 -0.031307069172754214
-1.5601119632097231 -0.03119227721843652

-1.5601119632097231 -0.03119227721843652
-1.559613860921826 -0.031170252789345088

-1.559613860921826 -0.031170252789345088
-1.5564946331999823 -0.030981140829661653

-1.5564946331999823 -0.030981140829661653
-1.5533754054781388 -0.030737884984348041

-1.5533754054781388 -0.030737884984348041
-1.5502561777562951 -0.03043993749801982

-1.5502561777562951 -0.03043993749801982
-1.5471369500344514 -0.030087108430947994

-1.5471369500344514 -0.030087108430947994
-1.5440177223126077 -0.029679903136649182

-1.5440177223126077 -0.029679903136649182
-1.540898494590764 -0.02921908734706519

-1.540898494590764 -0.02921908734706519
-1.5377792668689205 -0.028705985314673325

-1.5377792668689205 -0.028705985314673325
-1.5346600391470768 -0.028145886195399157

-1.5346600391470768 -0.028145886195399157
-1.5343023897277894 -0.028073049496592867

-1.5343023897277894 -0.028073049496592867
-1.5315408114252331 -0.027530786198824993

-1.5315408114252331 -0.027530786198824993
-1.5284215837033894 -0.026871172420750947

-1.5284215837033894 -0.026871172420750947
-1.5253023559815457 -0.026166829243920782

-1.5253023559815457 -0.026166829243920782
-1.5221831282597023 -0.025427307395501447

-1.5221831282597023 -0.025427307395501447
-1.5203104890534169 -0.024953821774749217

-1.5203104890534169 -0.024953821774749217
-1.5190639005378586 -0.02463408271032955

-1.5190639005378586 -0.02463408271032955
-1.5159446728160149 -0.023822248573008832

-1.5159446728160149 -0.023822248573008832
-1.5128254450941712 -0.022966312750057238

-1.5128254450941712 -0.022966312750057238
-1.5097062173723275 -0.022087551191711324

-1.5097062173723275 -0.022087551191711324
-1.5088834203374635 -0.021834594052905564

-1.5088834203374635 -0.021834594052905564
-1.506586989650484 -0.021152352759217345

-1.506586989650484 -0.021152352759217345
-1.5034677619286403 -0.020198412763960626

-1.5034677619286403 -0.020198412763960626
-1.5003485342067966 -0.019217123723289098

-1.5003485342067966 -0.019217123723289098
-1.4988565574864892 -0.018715366331061911

-1.4988565574864892 -0.018715366331061911
-1.4972293064849529 -0.018169288831060105

-1.4972293064849529 -0.018169288831060105
-1.4941100787631092 -0.017114674152250965

-1.4941100787631092 -0.017114674152250965
-1.4909908510412657 -0.016026602369385759

-1.4909908510412657 -0.016026602369385759
-1.4898560738502973 -0.015596138609218262

-1.4898560738502973 -0.015596138609218262
-1.487871623319422 -0.014861159066186808

-1.487871623319422 -0.014861159066186808
-1.4847523955975783 -0.01368980039675927

-1.4847523955975783 -0.01368980039675927
-1.4816478539524356 -0.012476910887374609

-1.4816478539524356 -0.012476910887374609
-1.4816331678757346 -0.012470548828919565

-1.4816331678757346 -0.012470548828919565
-1.4785139401538909 -0.011213437752905422

-1.4785139401538909 -0.011213437752905422
-1.4753947124320475 -0.0099376315519692608

-1.4753947124320475 -0.0099376315519692608
-1.4740817637803352 -0.0093576831655309573

-1.4740817637803352 -0.0093576831655309573
-1.4722754847102038 -0.0085724063322695152

-1.4722754847102038 -0.0085724063322695152
-1.4691562569883601 -0.0072323474502287068

-1.4691562569883601 -0.0072323474502287068
-1.4669541837737028 -0.0062384554436873043

-1.4669541837737028 -0.0062384554436873043
-1.4660370292665164 -0.0058037792311989456

-1.4660370292665164 -0.0058037792311989456
-1.4629178015446729 -0.0044048514610973985

-1.4629178015446729 -0.0044048514610973985
-1.460156914677931 -0.0031192277218436521

-1.460156914677931 -0.0031192277218436521
-1.4597985738228292 -0.0029357387894922522

-1.4597985738228292 -0.0029357387894922522
-1.4566793461009855 -0.0014747529365370805

-1.4566793461009855 -0.0014747529365370805
-1.4536143985777006 0

-1.4536143985777006 0
-1.4535601183791418 2.9569825361330619e-05

-1.4535601183791418 2.9569825361330619e-05
-1.4504408906572981 0.0015493802073368161

-1.4504408906572981 0.0015493802073368161
-1.4473216629354546 0.0030897306931265511

-1.4473216629354546 0.0030897306931265511
-1.4472699048626989 0.0031192277218436517

-1.4472699048626989 0.0031192277218436517
-1.4442024352136109 0.0046574668015074722

-1.4442024352136109 0.0046574668015074722
-1.44109043106759 0.0062384554436873043

-1.44109043106759 0.0062384554436873043
-1.4410832074917672 0.0062426586341609667

-1.4410832074917672 0.0062426586341609667
-1.4379639797699235 0.0078467118504788654

-1.4379639797699235 0.0078467118504788654
-1.435068886221198 0.0093576831655309556

-1.435068886221198 0.0093576831655309556
-1.4348447520480798 0.0094894740348282006

-1.4348447520480798 0.0094894740348282006
-1.4317255243262363 0.01111768860440028

-1.4317255243262363 0.01111768860440028
-1.4291980691334465 0.012476910887374609

-1.4291980691334465 0.012476910887374609
-1.4286062966043926 0.012824393944999153

-1.4286062966043926 0.012824393944999153
-1.4254870688825489 0.01446647226948272

-1.4254870688825489 0.01446647226948272
-1.4234593194532521 0.01559613860921826

-1.4234593194532521 0.01559613860921826
-1.4223678411607052 0.016231151584796735

-1.4223678411607052 0.016231151584796735
-1.4192486134388616 0.017887596158102901

-1.4192486134388616 0.017887596158102901
-1.4178270042535097 0.018715366331061915

-1.4178270042535097 0.018715366331061915
-1.4161293857170181 0.019691772197844043

-1.4161293857170181 0.019691772197844043
-1.4130101579951744 0.021379751661484959

-1.4130101579951744 0.021379751661484959
-1.4122722877475993 0.021834594052905568

-1.4122722877475993 0.021834594052905568
-1.4098909302733307 0.023193013991452245

-1.4098909302733307 0.023193013991452245
-1.406776263493523 0.024953821774749217

-1.406776263493523 0.024953821774749217
-1.406771702551487 0.024956802994947219

-1.406771702551487 0.024956802994947219
-1.4036524748296433 0.02672672654426423

-1.4036524748296433 0.02672672654426423
-1.4013257178709511 0.02807304949659287

-1.4013257178709511 0.02807304949659287
-1.4005332471077998 0.028566785720254971

-1.4005332471077998 0.028566785720254971
-1.3974140193859561 0.030288422193419276

-1.3974140193859561 0.030288422193419276
-1.3959089727783143 0.03119227721843652

-1.3959089727783143 0.03119227721843652
-1.3942947916641124 0.032156741327935646

-1.3942947916641124 0.032156741327935646
-1.3911755639422687 0.033893052793908869

-1.3911755639422687 0.033893052793908869
-1.390519650775272 0.034311504940280173

-1.390519650775272 0.034311504940280173
-1.388056336220425 0.035750831703031963

-1.388056336220425 0.035750831703031963
-1.3851551158714048 0.037430732662123822

-1.3851551158714048 0.037430732662123822
-1.3849371084985815 0.037574131174160211

-1.3849371084985815 0.037574131174160211
-1.3818178807767378 0.039350867066547425

-1.3818178807767378 0.039350867066547425
-1.3797933694787263 0.040549960383967479

-1.3797933694787263 0.040549960383967479
-1.3786986530548941 0.04122814084919494

-1.3786986530548941 0.04122814084919494
-1.3755794253330504 0.042958093155963821

-1.3755794253330504 0.042958093155963821
-1.3744212593378891 0.043669188105811128

-1.3744212593378891 0.043669188105811128
-1.372460197611207 0.04482701042025701

-1.372460197611207 0.04482701042025701
-1.3693409698893633 0.04657480092099222

-1.3693409698893633 0.04657480092099222
-1.3690089401265666 0.046788415827654778

-1.3690089401265666 0.046788415827654778
-1.3662217421675196 0.048382310057826554

-1.3662217421675196 0.048382310057826554
-1.3635384311733103 0.049907643549498434

-1.3635384311733103 0.049907643549498434
-1.3631025144456759 0.050183149991545058

-1.3631025144456759 0.050183149991545058
-1.3599832867238322 0.051889960699989059

-1.3599832867238322 0.051889960699989059
-1.3579780288644985 0.053026871271342084

-1.3579780288644985 0.053026871271342084
-1.3568640590019887 0.053684529846819248

-1.3568640590019887 0.053684529846819248
-1.353744831280145 0.055333644454215666

-1.353744831280145 0.055333644454215666
-1.3523132045371962 0.056146098993185733

-1.3523132045371962 0.056146098993185733
-1.3506256035583013 0.057091977144932964

-1.3506256035583013 0.057091977144932964
-1.3475063758364576 0.058711827241253886

-1.3475063758364576 0.058711827241253886
-1.3465338523651771 0.05926532671502939

-1.3465338523651771 0.05926532671502939
-1.3443871481146139 0.06042394223290283

-1.3443871481146139 0.06042394223290283
-1.3412679203927704 0.062022896736041291

-1.3412679203927704 0.062022896736041291
-1.3406317003660924 0.06238455443687304

-1.3406317003660924 0.06238455443687304
-1.3381486926709267 0.063685484892185312

-1.3381486926709267 0.063685484892185312
-1.335029464949083 0.065265796678298765

-1.335029464949083 0.065265796678298765
-1.3346082647092969 0.065503782158716703

-1.3346082647092969 0.065503782158716703
-1.3319102372272393 0.066884575112753489

-1.3319102372272393 0.066884575112753489
-1.3287910095053956 0.068436613537048427

-1.3287910095053956 0.068436613537048427
-1.3284541160977004 0.068623009880560346

-1.3284541160977004 0.068623009880560346
-1.3256717817835522 0.07001056189736786

-1.3256717817835522 0.07001056189736786
-1.3225525540617085 0.071521572258326269

-1.3225525540617085 0.071521572258326269
-1.3221389943785908 0.071742237602404002

-1.3221389943785908 0.071742237602404002
-1.3194333263398648 0.073055687871770733

-1.3194333263398648 0.073055687871770733
-1.3163140986180211 0.074513951590202757

-1.3163140986180211 0.074513951590202757
-1.315623533056794 0.074861465324247659

-1.315623533056794 0.074861465324247659
-1.3131948708961774 0.076002117398261418

-1.3131948708961774 0.076002117398261418
-1.3100756431743339 0.077399104483320991

-1.3100756431743339 0.077399104483320991
-1.3088300590089323 0.077980693046091315

-1.3088300590089323 0.077980693046091315
-1.3069564154524902 0.078834381773393927

-1.3069564154524902 0.078834381773393927
-1.3038371877306465 0.080176085132969324

-1.3038371877306465 0.080176085132969324
-1.3016952921069254 0.081099920767934958

-1.3016952921069254 0.081099920767934958
-1.3007179600088028 0.081538467184185559

-1.3007179600088028 0.081538467184185559
-1.2975987322869591 0.082813671698904232

-1.2975987322869591 0.082813671698904232
-1.2944795045651156 0.084067174477159126

-1.2944795045651156 0.084067174477159126
-1.2941262454477001 0.084219148489778614

-1.2941262454477001 0.084219148489778614
-1.2913602768432719 0.085316367136408652

-1.2913602768432719 0.085316367136408652
-1.2882410491214282 0.086516458140829436

-1.2882410491214282 0.086516458140829436
-1.2860931055683695 0.087338376211622271

-1.2860931055683695 0.087338376211622271
-1.2851218213995845 0.087723523440762091

-1.2851218213995845 0.087723523440762091
-1.2820025936777411 0.088865874565920697

-1.2820025936777411 0.088865874565920697
-1.2788833659558974 0.08999015806888902

-1.2788833659558974 0.08999015806888902
-1.2776216793719903 0.090457603933465913

-1.2776216793719903 0.090457603933465913
-1.2757641382340537 0.091133249968256488

-1.2757641382340537 0.091133249968256488
-1.27264491051221 0.092221995205867865

-1.27264491051221 0.092221995205867865
-1.2695256827903663 0.093289910099593906

-1.2695256827903663 0.093289910099593906
-1.2687232867199869 0.09357683165530957

-1.2687232867199869 0.09357683165530957
-1.2664064550685228 0.094370027436927365

-1.2664064550685228 0.094370027436927365
-1.2632872273466791 0.095404587716186137

-1.2632872273466791 0.095404587716186137
-1.2601679996248354 0.096410884857187587

-1.2601679996248354 0.096410884857187587
-1.2593125056799939 0.096696059377153226

-1.2593125056799939 0.096696059377153226
-1.2570487719029917 0.097422478208468694

-1.2570487719029917 0.097422478208468694
-1.253929544181148 0.098386324240013909

-1.253929544181148 0.098386324240013909
-1.2508103164593045 0.099319883368982828

-1.2508103164593045 0.099319883368982828
-1.2491460991421013 0.099815287098996869

-1.2491460991421013 0.099815287098996869
-1.2476910887374608 0.10025005385880524

-1.2476910887374608 0.10025005385880524
-1.2445718610156171 0.10112509614888354

-1.2445718610156171 0.10112509614888354
-1.2414526332937734 0.1019775287766683

-1.2414526332937734 0.1019775287766683
-1.2383334055719297 0.10279355234730889

-1.2383334055719297 0.10279355234730889
-1.2378040578504859 0.10293451482084053

-1.2378040578504859 0.10293451482084053
-1.2352141778500862 0.10359433677138086

-1.2352141778500862 0.10359433677138086
-1.2320949501282425 0.10435668507900135

-1.2320949501282425 0.10435668507900135
-1.2289757224063989 0.10509022590272574

-1.2289757224063989 0.10509022590272574
-1.2258564946845552 0.10578982112394415

-1.2258564946845552 0.10578982112394415
-1.2246686409082641 0.10605374254268418

-1.2246686409082641 0.10605374254268418
-1.2227372669627115 0.10647678768950149

-1.2227372669627115 0.10647678768950149
-1.219618039240868 0.10712480901474571

-1.219618039240868 0.10712480901474571
-1.2164988115190243 0.10774971532101682

-1.2164988115190243 0.10774971532101682
-1.2133795837971806 0.1083481618656639

-1.2133795837971806 0.1083481618656639
-1.2102603560753369 0.10891667053570678

-1.2102603560753369 0.10891667053570678
-1.2088168933073067 0.10917297026452782

-1.2088168933073067 0.10917297026452782
-1.2071411283534932 0.10946922455260437

-1.2071411283534932 0.10946922455260437
-1.2040219006316497 0.10998666726896533

-1.2040219006316497 0.10998666726896533
-1.200902672909806 0.11048038232885232

-1.200902672909806 0.11048038232885232
-1.1977834451879623 0.11094636309914042

-1.1977834451879623 0.11094636309914042
-1.1946642174661186 0.11138414149268946

-1.1946642174661186 0.11138414149268946
-1.1915449897442751 0.11179466877775036

-1.1915449897442751 0.11179466877775036
-1.1884257620224314 0.11217778702399878

-1.1884257620224314 0.11217778702399878
-1.1874475201339068 0.11229219798637148

-1.1874475201339068 0.11229219798637148
-1.1853065343005877 0.11253964715295009

-1.1853065343005877 0.11253964715295009
-1.182187306578744 0.1128734705565341

-1.182187306578744 0.1128734705565341
-1.1790680788569003 0.113183631497633

-1.1790680788569003 0.113183631497633
-1.1759488511350569 0.11347129496007852

-1.1759488511350569 0.11347129496007852
-1.1728296234132132 0.1137380875955763

-1.1728296234132132 0.1137380875955763
-1.1697103956913695 0.11398483002044871

-1.1697103956913695 0.11398483002044871
-1.1665911679695258 0.11421186202848041

-1.1665911679695258 0.11421186202848041
-1.1634719402476821 0.11441944785942747

-1.1634719402476821 0.11441944785942747
-1.1603527125258386 0.114607641498347

-1.1603527125258386 0.114607641498347
-1.1572334848039949 0.11477582517609117

-1.1572334848039949 0.11477582517609117
-1.1541142570821512 0.11492269457076425

-1.1541142570821512 0.11492269457076425
-1.1509950293603075 0.11504671509622237

-1.1509950293603075 0.11504671509622237
-1.1478758016384638 0.11514661468522605

-1.1478758016384638 0.11514661468522605
-1.1447565739166203 0.11522149051784522

-1.1447565739166203 0.11522149051784522
-1.1416373461947766 0.11527054277868848

-1.1416373461947766 0.11527054277868848
-1.1385181184729329 0.11529292602561794

-1.1385181184729329 0.11529292602561794
-1.1353988907510892 0.11528812992594913

-1.1353988907510892 0.11528812992594913
-1.1322796630292455 0.11525653526192665

-1.1322796630292455 0.11525653526192665
-1.1291604353074021 0.11519934497107102

-1.1291604353074021 0.11519934497107102
-1.1260412075855584 0.11511784418305494

-1.1260412075855584 0.11511784418305494
-1.1229219798637147 0.11501305361494561

-1.1229219798637147 0.11501305361494561
-1.119802752141871 0.11488647930226438

-1.119802752141871 0.11488647930226438
-1.1166835244200273 0.1147408423961553

-1.1166835244200273 0.1147408423961553
-1.1135642966981838 0.11457916188655583

-1.1135642966981838 0.11457916188655583
-1.1104450689763401 0.11440308133253649

-1.1104450689763401 0.11440308133253649
-1.1073258412544964 0.11421329546260249

-1.1073258412544964 0.11421329546260249
-1.1042066135326527 0.11401174108879754

-1.1042066135326527 0.11401174108879754
-1.1010873858108092 0.1138013167206456

-1.1010873858108092 0.1138013167206456
-1.0979681580889655 0.11358262535171686

-1.0979681580889655 0.11358262535171686
-1.0948489303671218 0.1133540051203136

-1.0948489303671218 0.1133540051203136
-1.0917297026452781 0.1131158584909602

-1.0917297026452781 0.1131158584909602
-1.0886104749234344 0.11287062690304119

-1.0886104749234344 0.11287062690304119
-1.085491247201591 0.11261807645179803

-1.085491247201591 0.11261807645179803
-1.0823720194797473 0.11235610147536229

-1.0823720194797473 0.11235610147536229
-1.0816475796043652 0.11229219798637148

-1.0816475796043652 0.11229219798637148
-1.0792527917579036 0.11208336695104539

-1.0792527917579036 0.11208336695104539
-1.0761335640360599 0.11180347892075461

-1.0761335640360599 0.11180347892075461
-1.0730143363142162 0.11151332786017237

-1.0730143363142162 0.11151332786017237
-1.0698951085923727 0.11121351136756401

-1.0698951085923727 0.11121351136756401
-1.066775880870529 0.11090369981565658

-1.066775880870529 0.11090369981565658
-1.0636566531486853 0.11058524595830031

-1.0636566531486853 0.11058524595830031
-1.0605374254268416 0.11026026907356618

-1.0605374254268416 0.11026026907356618
-1.0574181977049979 0.10993003398302466

-1.0574181977049979 0.10993003398302466
-1.0542989699831544 0.10959560437903433

-1.0542989699831544 0.10959560437903433
-1.0511797422613107 0.10925869512323649

-1.0511797422613107 0.10925869512323649
-1.0504037221376037 0.10917297026452782

-1.0504037221376037 0.10917297026452782
-1.048060514539467 0.10891768703860892

-1.048060514539467 0.10891768703860892
-1.0449412868176233 0.10857825503292477

-1.0449412868176233 0.10857825503292477
-1.0418220590957796 0.1082362208945512

-1.0418220590957796 0.1082362208945512
-1.0387028313739362 0.10789342369264057

-1.0387028313739362 0.10789342369264057
-1.0355836036520925 0.10755014498217477

-1.0355836036520925 0.10755014498217477
-1.0324643759302488 0.10720638915368769

-1.0324643759302488 0.10720638915368769
-1.0293451482084051 0.10686225393488366

-1.0293451482084051 0.10686225393488366
-1.0262259204865614 0.10651772860725452

-1.0262259204865614 0.10651772860725452
-1.0231066927647179 0.10617451926468023

-1.0231066927647179 0.10617451926468023
-1.0220208327314557 0.10605374254268418

-1.0220208327314557 0.10605374254268418
-1.0199874650428742 0.10582950048768353

-1.0199874650428742 0.10582950048768353
-1.0168682373210305 0.10548974727894814

-1.0168682373210305 0.10548974727894814
-1.0137490095991868 0.10515175681712868

-1.0137490095991868 0.10515175681712868
-1.0106297818773433 0.10481779487750532

-1.0106297818773433 0.10481779487750532
-1.0075105541554996 0.10448889914400442

-1.0075105541554996 0.10448889914400442
-1.0043913264336559 0.10416600668204021

-1.0043913264336559 0.10416600668204021
-1.0012720987118122 0.10385023956196122

-1.0012720987118122 0.10385023956196122
-0.99815287098996874 0.10354250193980033

-0.99815287098996874 0.10354250193980033
-0.99503364326812505 0.1032432378749765

-0.99503364326812505 0.1032432378749765
-0.99191441554628146 0.10295291482162373

-0.99191441554628146 0.10295291482162373
-0.99171510779779037 0.10293451482084053

-0.99171510779779037 0.10293451482084053
-0.98879518782443776 0.10267035823488514

-0.98879518782443776 0.10267035823488514
-0.98567596010259406 0.10239659135914776

-0.98567596010259406 0.10239659135914776
-0.98255673238075047 0.10213093577611922

-0.98255673238075047 0.10213093577611922
-0.97943750465890678 0.10187302190252072

-0.97943750465890678 0.10187302190252072
-0.97631827693706319 0.10162245560112831

-0.97631827693706319 0.10162245560112831
-0.97319904921521949 0.10137892133381621

-0.97319904921521949 0.10137892133381621
-0.97007982149337579 0.10114211384536428

-0.97007982149337579 0.10114211384536428
-0.96696059377153221 0.10091170225807536

-0.96696059377153221 0.10091170225807536
-0.96384136604968851 0.10068755320460326

-0.96384136604968851 0.10068755320460326
-0.96072213832784492 0.10046992644778713

-0.96072213832784492 0.10046992644778713
-0.95760291060600122 0.10025926115912774

-0.95760291060600122 0.10025926115912774
-0.95448368288415764 0.10005597819416266

-0.95448368288415764 0.10005597819416266
-0.95136445516231394 0.099860923037971408

-0.95136445516231394 0.099860923037971408
-0.95061058467021342 0.099815287098996869

-0.95061058467021342 0.099815287098996869
-0.94824522744047024 0.099673257852793906

-0.94824522744047024 0.099673257852793906
-0.94512599971862665 0.099494923450249864

-0.94512599971862665 0.099494923450249864
-0.94200677199678295 0.099326032568959846

-0.94200677199678295 0.099326032568959846
-0.93888754427493937 0.09916727505917973

-0.93888754427493937 0.09916727505917973
-0.93576831655309567 0.099019017278575344

-0.93576831655309567 0.099019017278575344
-0.93264908883125197 0.098881434128606532

-0.93264908883125197 0.098881434128606532
-0.92952986110940838 0.09875448457669686

-0.92952986110940838 0.09875448457669686
-0.92641063338756469 0.098637957919092106

-0.92641063338756469 0.098637957919092106
-0.9232914056657211 0.098531583034900519

-0.9232914056657211 0.098531583034900519
-0.9201721779438774 0.098435077659095108

-0.9201721779438774 0.098435077659095108
-0.9170529502220337 0.098348038300286683

-0.9170529502220337 0.098348038300286683
-0.91393372250019012 0.098269766418332363

-0.91393372250019012 0.098269766418332363
-0.91081449477834642 0.098199214086162043

-0.91081449477834642 0.098199214086162043
-0.90769526705650283 0.098135013013004424

-0.90769526705650283 0.098135013013004424
-0.90457603933465913 0.098075584638409069

-0.90457603933465913 0.098075584638409069
-0.90145681161281555 0.098019442273703655

-0.90145681161281555 0.098019442273703655
-0.89833758389097185 0.097965593435651588

-0.89833758389097185 0.097965593435651588
-0.89521835616912815 0.097913793913909489

-0.89521835616912815 0.097913793913909489
-0.89209912844728456 0.097864526136345137

-0.89209912844728456 0.097864526136345137
-0.88897990072544086 0.097818767746353161

-0.88897990072544086 0.097818767746353161
-0.88586067300359728 0.09777766395299016

-0.88586067300359728 0.09777766395299016
-0.88274144528175358 0.097742229642380496

-0.88274144528175358 0.097742229642380496
-0.87962221755990988 0.09771318808417348

-0.87962221755990988 0.09771318808417348
-0.87650298983806629 0.097690960841727681

-0.87650298983806629 0.097690960841727681
-0.8733837621162226 0.097675728272229645

-0.8733837621162226 0.097675728272229645
-0.87026453439437901 0.097667489291698661

-0.87026453439437901 0.097667489291698661
-0.87026453439437901 0.097667489291698661

-0.87026453439437901 0.097667489291698661
-0.86714530667253531 0.097666085683430645

-0.86714530667253531 0.097666085683430645
-0.86402607895069172 0.097671190138005765

-0.86402607895069172 0.097671190138005765
-0.86090685122884802 0.097682303380224586

-0.86090685122884802 0.097682303380224586
-0.85778762350700433 0.097698793685459084

-0.85778762350700433 0.097698793685459084
-0.85466839578516074 0.097719938951514373

-0.85466839578516074 0.097719938951514373
-0.85154916806331704 0.097744936371566893

-0.85154916806331704 0.097744936371566893
-0.84842994034147345 0.097772912723569624

-0.84842994034147345 0.097772912723569624
-0.84531071261962976 0.097802992532225033

-0.84531071261962976 0.097802992532225033
-0.84219148489778606 0.097834429730382935

-0.84219148489778606 0.097834429730382935
-0.83907225717594247 0.097866733235932771

-0.83907225717594247 0.097866733235932771
-0.83595302945409877 0.097899718097796989

-0.83595302945409877 0.097899718097796989
-0.83283380173225519 0.097933501009071236

-0.83283380173225519 0.097933501009071236
-0.82971457401041149 0.097968537576611586

-0.82971457401041149 0.097968537576611586
-0.82659534628856779 0.098005677708874209

-0.82659534628856779 0.098005677708874209
-0.8234761185667242 0.098046139971868562

-0.8234761185667242 0.098046139971868562
-0.8203568908448805 0.098091386197816308

-0.8203568908448805 0.098091386197816308
-0.81723766312303692 0.098142931907062705

-0.81723766312303692 0.098142931907062705
-0.81411843540119322 0.098202097978178318

-0.81411843540119322 0.098202097978178318
-0.81099920767934963 0.098269820647940626

-0.81099920767934963 0.098269820647940626
-0.80787997995750593 0.098346547687539088

-0.80787997995750593 0.098346547687539088
-0.80476075223566224 0.098432217945200379

-0.80476075223566224 0.098432217945200379
-0.80164152451381865 0.098526331502585288

-0.80164152451381865 0.098526331502585288
-0.79852229679197495 0.098628025781541631

-0.79852229679197495 0.098628025781541631
-0.79540306907013136 0.098736167843731307

-0.79540306907013136 0.098736167843731307
-0.79228384134828767 0.098849415619011033

-0.79228384134828767 0.098849415619011033
-0.78916461362644397 0.09896625181381126

-0.78916461362644397 0.09896625181381126
-0.78604538590460038 0.099085096617772109

-0.78604538590460038 0.099085096617772109
-0.78292615818275668 0.09920453768537045

-0.78292615818275668 0.09920453768537045
-0.77980693046091309 0.099323540327207055

-0.77980693046091309 0.099323540327207055
-0.7766877027390694 0.099441565728879022

-0.7766877027390694 0.099441565728879022
-0.77356847501722581 0.099558370728011242

-0.77356847501722581 0.099558370728011242
-0.77044924729538211 0.09967412293438338

-0.77044924729538211 0.09967412293438338
-0.76733001957353841 0.099789492798229115

-0.76733001957353841 0.099789492798229115
-0.76664501909473604 0.099815287098996869

-0.76664501909473604 0.099815287098996869
-0.76421079185169483 0.099906476971973412

-0.76421079185169483 0.099906476971973412
-0.76109156412985113 0.1000264167572624

-0.76109156412985113 0.1000264167572624
-0.75797233640800754 0.10015135238032043

-0.75797233640800754 0.10015135238032043
-0.75485310868616384 0.10028268504369334

-0.75485310868616384 0.10028268504369334
-0.75173388096432014 0.10042138314280438

-0.75173388096432014 0.10042138314280438
-0.74861465324247656 0.10056791393247748

-0.74861465324247656 0.10056791393247748
-0.74549542552063286 0.10072224388304724

-0.74549542552063286 0.10072224388304724
-0.74237619779878927 0.10088389397844404

-0.74237619779878927 0.10088389397844404
-0.73925697007694557 0.1010519627144815

-0.73925697007694557 0.1010519627144815
-0.73613774235510188 0.10122514605111478

-0.73613774235510188 0.10122514605111478
-0.73301851463325829 0.10140177917290354

-0.73301851463325829 0.10140177917290354
-0.72989928691141459 0.1015799735671319

-0.72989928691141459 0.1015799735671319
-0.726780059189571 0.10175783824719306

-0.726780059189571 0.10175783824719306
-0.72366083146772731 0.10193358822934248

-0.72366083146772731 0.10193358822934248
-0.72054160374588372 0.10210564884630172

-0.72054160374588372 0.10210564884630172
-0.71742237602404002 0.10227288803563528

-0.71742237602404002 0.10227288803563528
-0.71430314830219632 0.10243485976591453

-0.71430314830219632 0.10243485976591453
-0.71118392058035274 0.10259182051523287

-0.71118392058035274 0.10259182051523287
-0.70806469285850904 0.1027446507996964

-0.70806469285850904 0.1027446507996964
-0.70494546513666545 0.1028943062042751

-0.70494546513666545 0.1028943062042751
-0.70410686674766665 0.10293451482084053

-0.70410686674766665 0.10293451482084053
-0.70182623741482175 0.10304326107739865

-0.70182623741482175 0.10304326107739865
-0.69870700969297805 0.10319240765211017

-0.69870700969297805 0.10319240765211017
-0.69558778197113447 0.10334420965415665

-0.69558778197113447 0.10334420965415665
-0.69246855424929077 0.10350048800944128

-0.69246855424929077 0.10350048800944128
-0.68934932652744718 0.10366297752659527

-0.68934932652744718 0.10366297752659527
-0.68623009880560348 0.10383300061162806

-0.68623009880560348 0.10383300061162806
-0.6831108710837599 0.10401124976990622

-0.6831108710837599 0.10401124976990622
-0.6799916433619162 0.10419767307223303

-0.6799916433619162 0.10419767307223303
-0.6768724156400725 0.10439156069317962

-0.6768724156400725 0.10439156069317962
-0.67375318791822891 0.10459166633847382

-0.67375318791822891 0.10459166633847382
-0.67063396019638521 0.10479625195213765

-0.67063396019638521 0.10479625195213765
-0.66751473247454163 0.10500324256076754

-0.66751473247454163 0.10500324256076754
-0.66439550475269793 0.10521044474966645

-0.66439550475269793 0.10521044474966645
-0.66127627703085423 0.10541576432024427

-0.66127627703085423 0.10541576432024427
-0.65815704930901064 0.10561742750589956

-0.65815704930901064 0.10561742750589956
-0.65503782158716695 0.10581400107273173

-0.65503782158716695 0.10581400107273173
-0.65191859386532336 0.10600393618709271

-0.65191859386532336 0.10600393618709271
-0.65107989101371022 0.10605374254268418

-0.65107989101371022 0.10605374254268418
-0.64879936614347966 0.10618821351450944

-0.64879936614347966 0.10618821351450944
-0.64568013842163596 0.10636542503443212

-0.64568013842163596 0.10636542503443212
-0.64256091069979238 0.10653692432629139

-0.64256091069979238 0.10653692432629139
-0.63944168297794868 0.10670366443280095

-0.63944168297794868 0.10670366443280095
-0.63632245525610509 0.10686710044794479

-0.63632245525610509 0.10686710044794479
-0.63320322753426139 0.10702891077765633

-0.63320322753426139 0.10702891077765633
-0.63008399981241781 0.10719072864583974

-0.63008399981241781 0.10719072864583974
-0.62696477209057411 0.10735398776762504

-0.62696477209057411 0.10735398776762504
-0.62384554436873041 0.10751972682396733

-0.62384554436873041 0.10751972682396733
-0.62072631664688682 0.10768864887041241

-0.62072631664688682 0.10768864887041241
-0.61760708892504312 0.10786097677005531

-0.61760708892504312 0.10786097677005531
-0.61448786120319954 0.10803618272041124

-0.61448786120319954 0.10803618272041124
-0.61136863348135584 0.10821316222819452

-0.61136863348135584 0.10821316222819452
-0.60824940575951214 0.10839041245615387

-0.60824940575951214 0.10839041245615387
-0.60513017803766855 0.10856623495561846

-0.60513017803766855 0.10856623495561846
-0.60201095031582486 0.10873890672581793

-0.60201095031582486 0.10873890672581793
-0.59889172259398127 0.10890672498882553

-0.59889172259398127 0.10890672498882553
-0.59577249487213757 0.10906790500758633

-0.59577249487213757 0.10906790500758633
-0.5936428723313909 0.10917297026452782

-0.5936428723313909 0.10917297026452782
-0.59265326715029398 0.10922199785456352

-0.59265326715029398 0.10922199785456352
-0.58953403942845028 0.10936727340265848

-0.58953403942845028 0.10936727340265848
-0.58641481170660659 0.10950449818702919

-0.58641481170660659 0.10950449818702919
-0.583295583984763 0.10963345108944375

-0.583295583984763 0.10963345108944375
-0.5801763562629193 0.10975449054764279

-0.5801763562629193 0.10975449054764279
-0.57705712854107571 0.10986818317630252

-0.57705712854107571 0.10986818317630252
-0.57393790081923202 0.10997512087276319

-0.57393790081923202 0.10997512087276319
-0.57081867309738832 0.11007573554522471

-0.57081867309738832 0.11007573554522471
-0.56769944537554473 0.11017025349699258

-0.56769944537554473 0.11017025349699258
-0.56458021765370103 0.11025877637089507

-0.56458021765370103 0.11025877637089507
-0.56146098993185745 0.1103413133412034

-0.56146098993185745 0.1103413133412034
-0.55834176221001375 0.11041764963201807

-0.55834176221001375 0.11041764963201807
-0.55522253448817016 0.11048715136635533

-0.55522253448817016 0.11048715136635533
-0.55210330676632646 0.11054871043262314

-0.55210330676632646 0.11054871043262314
-0.54898407904448276 0.11060095014626049

-0.54898407904448276 0.11060095014626049
-0.54586485132263918 0.11064256343393127

-0.54586485132263918 0.11064256343393127
-0.54274562360079548 0.1106725344868633

-0.54274562360079548 0.1106725344868633
-0.53962639587895189 0.11069004379230264

-0.53962639587895189 0.11069004379230264
-0.53650716815710819 0.11069425083922478

-0.53650716815710819 0.11069425083922478
-0.5333879404352645 0.11068428401419533

-0.5333879404352645 0.11068428401419533
-0.53026871271342091 0.11065939517265344

-0.53026871271342091 0.11065939517265344
-0.52714948499157721 0.11061900805772751

-0.52714948499157721 0.11061900805772751
-0.52403025726973362 0.11056281540405724

-0.52403025726973362 0.11056281540405724
-0.52091102954788993 0.11049092852707315

-0.52091102954788993 0.11049092852707315
-0.51779180182604623 0.11040383091030216

-0.51779180182604623 0.11040383091030216
-0.51467257410420264 0.11030240144055864

-0.51467257410420264 0.11030240144055864
-0.51155334638235894 0.11018787129663411

-0.51155334638235894 0.11018787129663411
-0.50843411866051536 0.1100615274115594

-0.50843411866051536 0.1100615274115594
-0.50531489093867166 0.10992434398482341

-0.50531489093867166 0.10992434398482341
-0.50219566321682807 0.10977661504029258

-0.50219566321682807 0.10977661504029258
-0.49907643549498437 0.10961785600824583

-0.49907643549498437 0.10961785600824583
-0.49595720777314073 0.10944701363354407

-0.49595720777314073 0.10944701363354407
-0.49283798005129709 0.10926317695828476

-0.49283798005129709 0.10926317695828476
-0.49143286319865642 0.10917297026452782

-0.49143286319865642 0.10917297026452782
-0.48971875232945339 0.10906303143294473

-0.48971875232945339 0.10906303143294473
-0.48659952460760975 0.10884755072031374

-0.48659952460760975 0.10884755072031374
-0.4834802968857661 0.10861315112266207

-0.4834802968857661 0.10861315112266207
-0.48036106916392246 0.10835866668332707

-0.48036106916392246 0.10835866668332707
-0.47724184144207882 0.10808276855160864

-0.47724184144207882 0.10808276855160864
-0.47412261372023518 0.10778438925029546

-0.47412261372023518 0.10778438925029546
-0.47100338599839148 0.10746287028630694

-0.47100338599839148 0.10746287028630694
-0.46788415827654783 0.10711809902632967

-0.46788415827654783 0.10711809902632967
-0.46476493055470419 0.10675038175020392

-0.46476493055470419 0.10675038175020392
-0.46164570283286055 0.10636102560854674

-0.46164570283286055 0.10636102560854674
-0.45932026518996866 0.10605374254268418

-0.45932026518996866 0.10605374254268418
-0.45852647511101691 0.1059470299845932

-0.45852647511101691 0.1059470299845932
-0.45540724738917326 0.10551689291164044

-0.45540724738917326 0.10551689291164044
-0.45228801966732957 0.10506438488414764

-0.45228801966732957 0.10506438488414764
-0.44916879194548592 0.10459199714154167

-0.44916879194548592 0.10459199714154167
-0.44604956422364228 0.1041002977777185

-0.44604956422364228 0.1041002977777185
-0.44293033650179864 0.10358965675270865

-0.44293033650179864 0.10358965675270865
-0.439811108779955 0.10306466717466437

-0.439811108779955 0.10306466717466437
-0.43908263940035225 0.10293451482084053

-0.43908263940035225 0.10293451482084053
-0.4366918810581113 0.10251707052463956

-0.4366918810581113 0.10251707052463956
-0.43357265333626765 0.10195837456066933

-0.43357265333626765 0.10195837456066933
-0.43045342561442401 0.10137835634876481

-0.43045342561442401 0.10137835634876481
-0.42733419789258037 0.10077674029602469

-0.42733419789258037 0.10077674029602469
-0.42421497017073673 0.10015700464083574

-0.42421497017073673 0.10015700464083574
-0.42258212519680627 0.099815287098996869

-0.42258212519680627 0.099815287098996869
-0.42109574244889308 0.099503180760116161

-0.42109574244889308 0.099503180760116161
-0.41797651472704939 0.098839963160757063

-0.41797651472704939 0.098839963160757063
-0.41485728700520574 0.098147726721343143

-0.41485728700520574 0.098147726721343143
-0.4117380592833621 0.097427757665500811

-0.4117380592833621 0.097427757665500811
-0.40869655565628676 0.096696059377153226

-0.40869655565628676 0.096696059377153226
-0.40861883156151846 0.096676201589574712

-0.40861883156151846 0.096676201589574712
-0.40549960383967482 0.095896310079261554

-0.40549960383967482 0.095896310079261554
-0.40238037611783117 0.095085594861224768

-0.40238037611783117 0.095085594861224768
-0.39926114839598748 0.094248643765492218

-0.39926114839598748 0.094248643765492218
-0.39684947093001433 0.09357683165530957

-0.39684947093001433 0.09357683165530957
-0.39614192067414383 0.093371708198799169

-0.39614192067414383 0.093371708198799169
-0.39302269295230019 0.092487216735477079

-0.39302269295230019 0.092487216735477079
-0.38990346523045655 0.09156702342754923

-0.38990346523045655 0.09156702342754923
-0.3867842375086129 0.090628370802370239

-0.3867842375086129 0.090628370802370239
-0.38626416839397265 0.090457603933465913

-0.38626416839397265 0.090457603933465913
-0.38366500978676926 0.089647942633846983

-0.38366500978676926 0.089647942633846983
-0.38054578206492556 0.088661053724972336

-0.38054578206492556 0.088661053724972336
-0.37742655434308192 0.087662750667733089

-0.37742655434308192 0.087662750667733089
-0.37648425918419154 0.087338376211622271

-0.37648425918419154 0.087338376211622271
-0.37430732662123828 0.086613148197451945

-0.37430732662123828 0.086613148197451945
-0.37118809889939464 0.085564577483801529

-0.37118809889939464 0.085564577483801529
-0.36806887117755099 0.084497250546908376

-0.36806887117755099 0.084497250546908376
-0.36732275050947039 0.084219148489778614

-0.36732275050947039 0.084219148489778614
-0.36494964345570735 0.083375000351713371

-0.36494964345570735 0.083375000351713371
-0.36183041573386365 0.082250057004835869

-0.36183041573386365 0.082250057004835869
-0.35874771942897565 0.081099920767934958

-0.35874771942897565 0.081099920767934958
-0.35871118801202001 0.081084901527786593

-0.35871118801202001 0.081084901527786593
-0.35559196029017637 0.079886802766114387

-0.35559196029017637 0.079886802766114387
-0.35247273256833273 0.078666668789894839

-0.35247273256833273 0.078666668789894839
-0.35082862285714267 0.077980693046091315

-0.35082862285714267 0.077980693046091315
-0.34935350484648908 0.077360719228989641

-0.34935350484648908 0.077360719228989641
-0.34623427712464538 0.076065592100324569

-0.34623427712464538 0.076065592100324569
-0.34347157754936886 0.074861465324247659

-0.34347157754936886 0.074861465324247659
-0.34311504940280174 0.074691497143576827

-0.34311504940280174 0.074691497143576827
-0.3399958216809581 0.073306261949296889

-0.3399958216809581 0.073306261949296889
-0.33687659395911446 0.071877181972470311

-0.33687659395911446 0.071877181972470311
-0.33662043065060965 0.071742237602404002

-0.33662043065060965 0.071742237602404002
-0.33375736623727081 0.070381668737946976

-0.33375736623727081 0.070381668737946976
-0.33063813851542717 0.068885545717269792

-0.33063813851542717 0.068885545717269792
-0.33015739128413757 0.068623009880560346

-0.33015739128413757 0.068623009880560346
-0.32751891079358347 0.067305366332176222

-0.32751891079358347 0.067305366332176222
-0.32439968307173983 0.065748584557690407

-0.32439968307173983 0.065748584557690407
-0.32397202517692192 0.065503782158716703

-0.32397202517692192 0.065503782158716703
-0.32128045534989619 0.064106893881505145

-0.32128045534989619 0.064106893881505145
-0.31816122762805255 0.062482283448815269

-0.31816122762805255 0.062482283448815269
-0.31799979541655549 0.06238455443687304

-0.31799979541655549 0.06238455443687304
-0.3150419999062089 0.060804918103540287

-0.3150419999062089 0.060804918103540287
-0.3122096238783596 0.05926532671502939

-0.3122096238783596 0.05926532671502939
-0.31192277218436526 0.059089779573166454

-0.31192277218436526 0.059089779573166454
-0.30880354446252156 0.057401837175673869

-0.30880354446252156 0.057401837175673869
-0.30659848450293764 0.056146098993185733

-0.30659848450293764 0.056146098993185733
-0.30568431674067792 0.055592012171059406

-0.30568431674067792 0.055592012171059406
-0.30256508901883428 0.053878577473283396

-0.30256508901883428 0.053878577473283396
-0.30117281941890539 0.053026871271342084

-0.30117281941890539 0.053026871271342084
-0.29944586129699063 0.051986095725618658

-0.29944586129699063 0.051986095725618658
-0.29632663357514699 0.050182115611742219

-0.29632663357514699 0.050182115611742219
-0.29592456480147988 0.049907643549498434

-0.29592456480147988 0.049907643549498434
-0.29320740585330335 0.048245081430104239

-0.29320740585330335 0.048245081430104239
-0.29092010078742675 0.046788415827654778

-0.29092010078742675 0.046788415827654778
-0.29008817813145965 0.046215849506714264

-0.29008817813145965 0.046215849506714264
-0.28696895040961601 0.044293961120570963

-0.28696895040961601 0.044293961120570963
-0.28609614865481581 0.043669188105811128

-0.28609614865481581 0.043669188105811128
-0.28384972268777237 0.042166085732433009

-0.28384972268777237 0.042166085732433009
-0.28148087685457424 0.040549960383967479

-0.28148087685457424 0.040549960383967479
-0.28073049496592872 0.039992622195482636

-0.28073049496592872 0.039992622195482636
-0.27761126724408508 0.037910626792548169

-0.27761126724408508 0.037910626792548169
-0.27699516719359402 0.037430732662123822

-0.27699516719359402 0.037430732662123822
-0.27449203952224144 0.035638195575597172

-0.27449203952224144 0.035638195575597172
-0.27273475698118604 0.034311504940280173

-0.27273475698118604 0.034311504940280173
-0.27137281180039774 0.033260524605103092

-0.27137281180039774 0.033260524605103092
-0.26854634658448701 0.03119227721843652

-0.26854634658448701 0.03119227721843652
-0.2682535840785541 0.030953476491252099

-0.2682535840785541 0.030953476491252099
-0.26513435635671045 0.028679222882606829

-0.26513435635671045 0.028679222882606829
-0.26440091685011252 0.02807304949659287

-0.26440091685011252 0.02807304949659287
-0.26201512863486681 0.026223512761414752

-0.26201512863486681 0.026223512761414752
-0.2604595247588592 0.024953821774749217

-0.2604595247588592 0.024953821774749217
-0.25889590091302317 0.023673434206515732

-0.25889590091302317 0.023673434206515732
-0.25660462167019021 0.021834594052905568

-0.25660462167019021 0.021834594052905568
-0.25577667319117953 0.021130454225944097

-0.25577667319117953 0.021130454225944097
-0.25272671704067579 0.018715366331061915

-0.25272671704067579 0.018715366331061915
-0.25265744546933583 0.018654829405389491

-0.25265744546933583 0.018654829405389491
-0.24953821774749216 0.016156026118032803

-0.24953821774749216 0.016156026118032803
-0.24890275031109901 0.01559613860921826

-0.24890275031109901 0.01559613860921826
-0.24641899002564852 0.013517802400939815

-0.24641899002564852 0.013517802400939815
-0.24524206953019217 0.012476910887374609

-0.24524206953019217 0.012476910887374609
-0.24329976230380487 0.010787151192395228

-0.24329976230380487 0.010787151192395228
-0.24169044982805324 0.0093576831655309556

-0.24169044982805324 0.0093576831655309556
-0.2401805345819612 0.0080059287207160552

-0.2401805345819612 0.0080059287207160552
-0.23820379714489695 0.0062384554436873043

-0.23820379714489695 0.0062384554436873043
-0.23706130686011756 0.0051918653991898517

-0.23706130686011756 0.0051918653991898517
-0.23476399080539384 0.0031192277218436517

-0.23476399080539384 0.0031192277218436517
-0.23394207913827392 0.0023523196979809138

-0.23394207913827392 0.0023523196979809138
-0.23136229114288631 0

-0.23136229114288631 0
-0.23082285141643025 -0.00051092324540090504

-0.23082285141643025 -0.00051092324540090504
-0.23082285141643025 -0.00051092324540090504

-0.23082285141643025 -0.00051092324540090504
-0.22799835103879093 -0.0031192277218436521

-0.22799835103879093 -0.0031192277218436521
-0.2277036236945866 -0.0034020301788417395

-0.2277036236945866 -0.0034020301788417395
-0.22467963226288046 -0.0062384554436873043

-0.22467963226288046 -0.0062384554436873043
-0.22458439597274296 -0.0063309444769567205

-0.22458439597274296 -0.0063309444769567205
-0.22458439597274296 -0.0063309444769567205

-0.22458439597274296 -0.0063309444769567205
-0.22146516825089929 -0.0093100689219536431

-0.22146516825089929 -0.0093100689219536431
-0.22141667825861724 -0.0093576831655309573

-0.22141667825861724 -0.0093576831655309573
-0.21834594052905565 -0.012351414853639504

-0.21834594052905565 -0.012351414853639504
-0.21821946894911767 -0.012476910887374609

-0.21821946894911767 -0.012476910887374609
-0.21522671280721201 -0.015456819416216398

-0.21522671280721201 -0.015456819416216398
-0.21508785164372349 -0.015596138609218262

-0.21508785164372349 -0.015596138609218262
-0.21210748508536834 -0.018627542136668805

-0.21210748508536834 -0.018627542136668805
-0.21202089673323404 -0.018715366331061911

-0.21202089673323404 -0.018715366331061911
-0.20901842661339654 -0.021834594052905564

-0.20901842661339654 -0.021834594052905564
-0.20898825736352469 -0.021865527793314615

-0.20898825736352469 -0.021865527793314615
-0.2060723653835391 -0.024953821774749217

-0.2060723653835391 -0.024953821774749217
-0.20586902964168105 -0.025164814380155272

-0.20586902964168105 -0.025164814380155272
-0.20586902964168105 -0.025164814380155272

-0.20586902964168105 -0.025164814380155272
-0.20317072474812703 -0.028073049496592867

-0.20317072474812703 -0.028073049496592867
-0.20274980191983738 -0.028515682273416998

-0.20274980191983738 -0.028515682273416998
-0.20030090288301261 -0.03119227721843652

-0.20030090288301261 -0.03119227721843652
-0.19963057419799374 -0.031906864672962068

-0.19963057419799374 -0.031906864672962068
-0.19963057419799374 -0.031906864672962068

-0.19963057419799374 -0.031906864672962068
-0.19745164236861554 -0.034311504940280173

-0.19745164236861554 -0.034311504940280173
-0.19651134647615007 -0.035328871563409948

-0.19651134647615007 -0.035328871563409948
-0.1946196296557372 -0.037430732662123829

-0.1946196296557372 -0.037430732662123829
-0.19339211875430642 -0.038782229444703123

-0.19339211875430642 -0.038782229444703123
-0.19180876554996626 -0.040549960383967479

-0.19180876554996626 -0.040549960383967479
-0.19027289103246278 -0.042276162038292438

-0.19027289103246278 -0.042276162038292438
-0.18902763679627049 -0.043669188105811135

-0.18902763679627049 -0.043669188105811135
-0.18715366331061911 -0.045825856792317404

-0.18715366331061911 -0.045825856792317404
-0.18629294984191036 -0.046788415827654785

-0.18629294984191036 -0.046788415827654785
-0.18403443558877547 -0.049464373204250123

-0.18403443558877547 -0.049464373204250123
-0.18363752826426982 -0.049907643549498434

-0.18363752826426982 -0.049907643549498434
-0.1810766736943259 -0.053026871271342091

-0.1810766736943259 -0.053026871271342091
-0.18091520786693183 -0.053207808624775678

-0.18091520786693183 -0.053207808624775678
-0.17849278086472384 -0.05614609899318574

-0.17849278086472384 -0.05614609899318574
-0.17779598014508816 -0.056937522540025556

-0.17779598014508816 -0.056937522540025556
-0.17584127517790882 -0.05926532671502939

-0.17584127517790882 -0.05926532671502939
-0.17467675242324451 -0.060606922541826952

-0.17467675242324451 -0.060606922541826952
-0.17315569810440709 -0.062384554436873046

-0.17315569810440709 -0.062384554436873046
-0.17155752470140087 -0.064261397995676539

-0.17155752470140087 -0.064261397995676539
-0.17047929588369951 -0.065503782158716689

-0.17047929588369951 -0.065503782158716689
-0.1684382969795572 -0.067961637460313348

-0.1684382969795572 -0.067961637460313348
-0.16785750565160307 -0.068623009880560346

-0.16785750565160307 -0.068623009880560346
-0.16532136466511041 -0.071742237602403988

-0.16532136466511041 -0.071742237602403988
-0.16531906925771356 -0.071744823221622872

-0.16531906925771356 -0.071744823221622872
-0.16278235652921311 -0.074861465324247645

-0.16278235652921311 -0.074861465324247645
-0.16219984153586992 -0.075523480173523019

-0.16219984153586992 -0.075523480173523019
-0.16015107178933899 -0.077980693046091301

-0.16015107178933899 -0.077980693046091301
-0.15908061381402624 -0.07920689052386784

-0.15908061381402624 -0.07920689052386784
-0.15745840785266008 -0.081099920767934958

-0.15745840785266008 -0.081099920767934958
-0.1559613860921826 -0.08282458786718469

-0.1559613860921826 -0.08282458786718469
-0.15473625359496213 -0.0842191484897786

-0.15473625359496213 -0.0842191484897786
-0.15284215837033896 -0.086408022594222894

-0.15284215837033896 -0.086408022594222894
-0.15200656371289681 -0.087338376211622257

-0.15200656371289681 -0.087338376211622257
-0.14972293064849529 -0.089975749250467016

-0.14972293064849529 -0.089975749250467016
-0.14928151422443917 -0.090457603933465913

-0.14928151422443917 -0.090457603933465913
-0.14660370292665165 -0.093514125823097885

-0.14660370292665165 -0.093514125823097885
-0.14654500498400641 -0.093576831655309556

-0.14654500498400641 -0.093576831655309556
-0.14373498532905632 -0.096696059377153212

-0.14373498532905632 -0.096696059377153212
-0.143484475204808 -0.096958113945882052

-0.143484475204808 -0.096958113945882052
-0.1407902905473222 -0.099815287098996869

-0.1407902905473222 -0.099815287098996869
-0.14036524748296433 -0.10024887861473639

-0.14036524748296433 -0.10024887861473639
-0.14036524748296433 -0.10024887861473639

-0.14036524748296433 -0.10024887861473639
-0.13770040841141876 -0.10293451482084051

-0.13770040841141876 -0.10293451482084051
-0.13724601976112069 -0.10338371085700088

-0.13724601976112069 -0.10338371085700088
-0.13724601976112069 -0.10338371085700088

-0.13724601976112069 -0.10338371085700088
-0.13443611274345493 -0.10605374254268417

-0.13443611274345493 -0.10605374254268417
-0.13412679203927705 -0.10634942279356116

-0.13412679203927705 -0.10634942279356116
-0.13100756431743338 -0.10911036449905831

-0.13100756431743338 -0.10911036449905831
-0.13093921911499157 -0.10917297026452782

-0.13093921911499157 -0.10917297026452782
-0.12788833659558974 -0.11170757912352353

-0.12788833659558974 -0.11170757912352353
-0.12720673027207724 -0.11229219798637147

-0.12720673027207724 -0.11229219798637147
-0.12476910887374608 -0.11421998901398414

-0.12476910887374608 -0.11421998901398414
-0.12476910887374608 -0.11421998901398414

-0.12476910887374608 -0.11421998901398414
-0.1232303604516255 -0.11541142570821512

-0.1232303604516255 -0.11541142570821512
-0.12164988115190242 -0.11661726191682545

-0.12164988115190242 -0.11661726191682545
-0.11876906716635324 -0.11853065343005878

-0.11876906716635324 -0.11853065343005878
-0.11853065343005878 -0.11870642096365415

-0.11853065343005878 -0.11870642096365415
-0.11541142570821512 -0.12057952316219954

-0.11541142570821512 -0.12057952316219954
-0.11353978750653607 -0.12164988115190242

-0.11353978750653607 -0.12164988115190242
-0.11229219798637147 -0.12237847353727789

-0.11229219798637147 -0.12237847353727789
-0.10917297026452782 -0.12388199585232987

-0.10917297026452782 -0.12388199585232987
-0.10719125571973237 -0.12476910887374608

-0.10719125571973237 -0.12476910887374608
-0.10605374254268417 -0.12529021934747034

-0.10605374254268417 -0.12529021934747034
-0.10605374254268417 -0.12529021934747034

-0.10605374254268417 -0.12529021934747034
-0.10293451482084051 -0.12645975990607233

-0.10293451482084051 -0.12645975990607233
-0.099815287098996869 -0.12746965868496896

-0.099815287098996869 -0.12746965868496896
-0.098334674202240804 -0.12788833659558974

-0.098334674202240804 -0.12788833659558974
-0.096696059377153212 -0.12834720507597586

-0.096696059377153212 -0.12834720507597586
-0.093576831655309556 -0.12904883993698404

-0.093576831655309556 -0.12904883993698404
-0.090457603933465913 -0.12960214562515215

-0.090457603933465913 -0.12960214562515215
-0.087338376211622257 -0.1300112213624823

-0.087338376211622257 -0.1300112213624823
-0.0842191484897786 -0.13028468529875492

-0.0842191484897786 -0.13028468529875492
-0.081099920767934958 -0.13042941782713266

-0.081099920767934958 -0.13042941782713266
-0.077980693046091301 -0.13045097822378199

-0.077980693046091301 -0.13045097822378199
-0.074861465324247645 -0.13035376030386581

-0.074861465324247645 -0.13035376030386581
-0.071742237602403988 -0.13014208032137609

-0.071742237602403988 -0.13014208032137609
-0.068623009880560346 -0.12982038121585662

-0.068623009880560346 -0.12982038121585662
-0.065503782158716689 -0.12939360694031077

-0.065503782158716689 -0.12939360694031077
-0.062384554436873046 -0.12886713355184035

-0.062384554436873046 -0.12886713355184035
-0.05926532671502939 -0.12825280780526555

-0.05926532671502939 -0.12825280780526555
-0.057677681241278728 -0.12788833659558974

-0.057677681241278728 -0.12788833659558974
-0.05614609899318574 -0.12753507881655743

-0.05614609899318574 -0.12753507881655743
-0.053026871271342091 -0.12674388254945443

-0.053026871271342091 -0.12674388254945443
-0.049907643549498434 -0.1258622248820673

-0.049907643549498434 -0.1258622248820673
-0.046788415827654785 -0.12491515890231424

-0.046788415827654785 -0.12491515890231424
-0.046371575579490315 -0.12476910887374608

-0.046371575579490315 -0.12476910887374608
-0.043669188105811135 -0.123876613720709

-0.043669188105811135 -0.123876613720709
-0.040549960383967479 -0.12277833162874326

-0.040549960383967479 -0.12277833162874326
-0.037519721000166484 -0.12164988115190242

-0.037519721000166484 -0.12164988115190242
-0.037430732662123829 -0.12161346225758776

-0.037430732662123829 -0.12161346225758776
-0.034311504940280173 -0.12039659567534772

-0.034311504940280173 -0.12039659567534772
-0.03119227721843652 -0.11914339762064965

-0.03119227721843652 -0.11914339762064965
-0.029782484438609411 -0.11853065343005878

-0.029782484438609411 -0.11853065343005878
-0.028073049496592867 -0.11779408133598789

-0.028073049496592867 -0.11779408133598789
-0.024953821774749217 -0.11646429190338577

-0.024953821774749217 -0.11646429190338577
-0.022592971159795944 -0.11541142570821512

-0.022592971159795944 -0.11541142570821512
-0.021834594052905564 -0.11505221092462482

-0.021834594052905564 -0.11505221092462482
-0.018715366331061911 -0.11366461079829854

-0.018715366331061911 -0.11366461079829854
-0.015722504772728903 -0.11229219798637147

-0.015722504772728903 -0.11229219798637147
-0.015596138609218262 -0.11222738607091047

-0.015596138609218262 -0.11222738607091047
-0.012476910887374609 -0.11078296239461477

-0.012476910887374609 -0.11078296239461477
-0.0093576831655309573 -0.10933339714889245

-0.0093576831655309573 -0.10933339714889245
-0.0090511489746427452 -0.10917297026452782

-0.0090511489746427452 -0.10917297026452782
-0.0062384554436873043 -0.10783964896453392

-0.0062384554436873043 -0.10783964896453392
-0.0031192277218436521 -0.10637817024625541

-0.0031192277218436521 -0.10637817024625541
-0.0024937607096701133 -0.10605374254268417

-0.0024937607096701133 -0.10605374254268417
0 -0.10485263941879912

0 -0.10485263941879912
0.0031192277218436517 -0.10338103481630025

0.0031192277218436517 -0.10338103481630025
0.0039819350296840059 -0.10293451482084051

0.0039819350296840059 -0.10293451482084051
0.0062384554436873043 -0.10182995356917156

0.0062384554436873043 -0.10182995356917156
0.0093576831655309556 -0.10034818230257879

0.0093576831655309556 -0.10034818230257879
0.010386527526599531 -0.099815287098996869

0.010386527526599531 -0.099815287098996869
0.012476910887374609 -0.098777945032562917

0.012476910887374609 -0.098777945032562917
0.01559613860921826 -0.097287156184435952

0.01559613860921826 -0.097287156184435952
0.016736341057657859 -0.096696059377153212

0.016736341057657859 -0.096696059377153212
0.018715366331061915 -0.09570450095045302

0.018715366331061915 -0.09570450095045302
0.021834594052905568 -0.094209236860706563

0.021834594052905568 -0.094209236860706563
0.023057428206505262 -0.093576831655309556

0.023057428206505262 -0.093576831655309556
0.024953821774749217 -0.092622752916239809

0.024953821774749217 -0.092622752916239809
0.02807304949659287 -0.091131254824503169

0.02807304949659287 -0.091131254824503169
0.029390079687232434 -0.090457603933465913

0.029390079687232434 -0.090457603933465913
0.03119227721843652 -0.089554035814642136

0.03119227721843652 -0.089554035814642136
0.034311504940280173 -0.088077091108106742

0.034311504940280173 -0.088077091108106742
0.035786811644630233 -0.087338376211622257

0.035786811644630233 -0.087338376211622257
0.037430732662123822 -0.086521187196071089

0.037430732662123822 -0.086521187196071089
0.040549960383967479 -0.085067449645692711

0.040549960383967479 -0.085067449645692711
0.042299742129157096 -0.0842191484897786

0.042299742129157096 -0.0842191484897786
0.043669188105811128 -0.083545778945083776

0.043669188105811128 -0.083545778945083776
0.046788415827654778 -0.082122275564128211

0.046788415827654778 -0.082122275564128211
0.048986524415476178 -0.081099920767934958

0.048986524415476178 -0.081099920767934958
0.049907643549498434 -0.080650531897712582

0.049907643549498434 -0.080650531897712582
0.053026871271342084 -0.079261800426288803

0.053026871271342084 -0.079261800426288803
0.05589603040378343 -0.077980693046091301

0.05589603040378343 -0.077980693046091301
0.056146098993185733 -0.077857624694769589

0.056146098993185733 -0.077857624694769589
0.05926532671502939 -0.076497932258104806

0.05926532671502939 -0.076497932258104806
0.06238455443687304 -0.07516710185612889

0.06238455443687304 -0.07516710185612889
0.06305353570149845 -0.074861465324247645

0.06305353570149845 -0.074861465324247645
0.065503782158716703 -0.073811295961959858

0.065503782158716703 -0.073811295961959858
0.068623009880560346 -0.072517311816068963

0.068623009880560346 -0.072517311816068963
0.070457364564993838 -0.071742237602403988

0.070457364564993838 -0.071742237602403988
0.071742237602404002 -0.071189407864834547

0.071742237602404002 -0.071189407864834547
0.074861465324247659 -0.069928663252599985

0.074861465324247659 -0.069928663252599985
0.077980693046091315 -0.068667749151116758

0.077980693046091315 -0.068667749151116758
0.078081563345799312 -0.068623009880560346

0.078081563345799312 -0.068623009880560346
0.081099920767934958 -0.067410457602869414

0.081099920767934958 -0.067410457602869414
0.084219148489778614 -0.066183146339941351

0.084219148489778614 -0.066183146339941351
0.08591107423291458 -0.065503782158716689

0.08591107423291458 -0.065503782158716689
0.087338376211622271 -0.064926086131175217

0.087338376211622271 -0.064926086131175217
0.090457603933465913 -0.063729745471377733

0.090457603933465913 -0.063729745471377733
0.09357683165530957 -0.062544168549072868

0.09357683165530957 -0.062544168549072868
0.093967651877993691 -0.062384554436873046

0.093967651877993691 -0.062384554436873046
0.096696059377153226 -0.061350100159277207

0.096696059377153226 -0.061350100159277207
0.099815287098996869 -0.060191655856386174

0.099815287098996869 -0.060191655856386174
0.10234085005038926 -0.05926532671502939

0.10234085005038926 -0.05926532671502939
0.10293451482084053 -0.05903470961408732

0.10293451482084053 -0.05903470961408732
0.10605374254268418 -0.057931615727836255

0.10605374254268418 -0.057931615727836255
0.10917297026452782 -0.05684730893104372

0.10917297026452782 -0.05684730893104372
0.11120714500596539 -0.05614609899318574

0.11120714500596539 -0.05614609899318574
0.11229219798637148 -0.055762445544925425

0.11229219798637148 -0.055762445544925425
0.11541142570821514 -0.054739801862353665

0.11541142570821514 -0.054739801862353665
0.11853065343005878 -0.053736381540754323

0.11853065343005878 -0.053736381540754323
0.1207794565376135 -0.053026871271342091

0.1207794565376135 -0.053026871271342091
0.12164988115190244 -0.052742682960150826

0.12164988115190244 -0.052742682960150826
0.12476910887374609 -0.051804315445533947

0.12476910887374609 -0.051804315445533947
0.12788833659558974 -0.050882478434526215

0.12788833659558974 -0.050882478434526215
0.13100756431743341 -0.049993380160911323

0.13100756431743341 -0.049993380160911323
0.13129767279391844 -0.049907643549498434

0.13129767279391844 -0.049907643549498434
0.13412679203927705 -0.049119749237531408

0.13412679203927705 -0.049119749237531408
0.13724601976112069 -0.048275676348010957

0.13724601976112069 -0.048275676348010957
0.14036524748296436 -0.047455177943277187

0.14036524748296436 -0.047455177943277187
0.14296363051519323 -0.046788415827654785

0.14296363051519323 -0.046788415827654785
0.143484475204808 -0.046648930200534178

0.143484475204808 -0.046648930200534178
0.14660370292665165 -0.045877392525822742

0.14660370292665165 -0.045877392525822742
0.14972293064849532 -0.045120122662189628

0.14972293064849532 -0.045120122662189628
0.15284215837033896 -0.044383192569564529

0.15284215837033896 -0.044383192569564529
0.15595320193076759 -0.043669188105811135

0.15595320193076759 -0.043669188105811135
0.1559613860921826 -0.043667197930334987

0.1559613860921826 -0.043667197930334987
0.15908061381402627 -0.042973409721208

0.15908061381402627 -0.042973409721208
0.16219984153586992 -0.042302748351696659

0.16219984153586992 -0.042302748351696659
0.16531906925771356 -0.041656716497386233

0.16531906925771356 -0.041656716497386233
0.16843829697955723 -0.041037003282782904

0.16843829697955723 -0.041037003282782904
0.17099207799310717 -0.040549960383967479

0.17099207799310717 -0.040549960383967479
0.17155752470140087 -0.040438865715294564

0.17155752470140087 -0.040438865715294564
0.17467675242324451 -0.039875564156758053

0.17467675242324451 -0.039875564156758053
0.17779598014508818 -0.039336862838415365

0.17779598014508818 -0.039336862838415365
0.18091520786693183 -0.03882721607642263

0.18091520786693183 -0.03882721607642263
0.18403443558877547 -0.038346905946454492

0.18403443558877547 -0.038346905946454492
0.18715366331061914 -0.03789549590939463

0.18715366331061914 -0.03789549590939463
0.19027289103246278 -0.037473165127641678

0.19027289103246278 -0.037473165127641678
0.19059803354097363 -0.037430732662123829

0.19059803354097363 -0.037430732662123829
0.19339211875430642 -0.037075655944981856

0.19339211875430642 -0.037075655944981856
0.19651134647615009 -0.036705696589189457

0.19651134647615009 -0.036705696589189457
0.19963057419799374 -0.036360538538558869

0.19963057419799374 -0.036360538538558869
0.20274980191983741 -0.036038806828919613

0.20274980191983741 -0.036038806828919613
0.20586902964168105 -0.035739060839965558

0.20586902964168105 -0.035739060839965558
0.20898825736352469 -0.03546025089931016

0.20898825736352469 -0.03546025089931016
0.21210748508536836 -0.035201954185011375

0.21210748508536836 -0.035201954185011375
0.21522671280721201 -0.034964218144128124

0.21522671280721201 -0.034964218144128124
0.21834594052905565 -0.034747152254282945

0.21834594052905565 -0.034747152254282945
0.22146516825089932 -0.034550751808308168

0.22146516825089932 -0.034550751808308168
0.22458439597274296 -0.034375867306112494

0.22458439597274296 -0.034375867306112494
0.22589531701582577 -0.034311504940280173

0.22589531701582577 -0.034311504940280173
0.2277036236945866 -0.034222980007256792

0.2277036236945866 -0.034222980007256792
0.23082285141643027 -0.034095736296985368

0.23082285141643027 -0.034095736296985368
0.23394207913827392 -0.033996014731980197

0.23394207913827392 -0.033996014731980197
0.23706130686011756 -0.033925771597858943

0.23706130686011756 -0.033925771597858943
0.24018053458196123 -0.033885957702662957

0.24018053458196123 -0.033885957702662957
0.24329976230380487 -0.03387728668849057

0.24329976230380487 -0.03387728668849057
0.24641899002564852 -0.033900695975767108

0.24641899002564852 -0.033900695975767108
0.24953821774749216 -0.033957293472143019

0.24953821774749216 -0.033957293472143019
0.25265744546933583 -0.034047703581930648

0.25265744546933583 -0.034047703581930648
0.25577667319117947 -0.034171395858870177

0.25577667319117947 -0.034171395858870177
0.25858688392875034 -0.034311504940280173

0.25858688392875034 -0.034311504940280173
0.25889590091302311 -0.034327086686077819

0.25889590091302311 -0.034327086686077819
0.26201512863486676 -0.034512544376978545

0.26201512863486676 -0.034512544376978545
0.2651343563567104 -0.034727085801397183

0.2651343563567104 -0.034727085801397183
0.26825358407855404 -0.034969843107581923

0.26825358407855404 -0.034969843107581923
0.27137281180039774 -0.035240237212900205

0.27137281180039774 -0.035240237212900205
0.27449203952224138 -0.035537575146532122

0.27449203952224138 -0.035537575146532122
0.27761126724408502 -0.035860910763758608

0.27761126724408502 -0.035860910763758608
0.28073049496592867 -0.036209396749923455

0.28073049496592867 -0.036209396749923455
0.28384972268777231 -0.036584081632463371

0.28384972268777231 -0.036584081632463371
0.28696895040961595 -0.036986970670962481

0.28696895040961595 -0.036986970670962481
0.29008817813145965 -0.037418504045975

0.29008817813145965 -0.037418504045975
0.29016809948087852 -0.037430732662123829

0.29016809948087852 -0.037430732662123829
0.29320740585330329 -0.037880006431273879

0.29320740585330329 -0.037880006431273879
0.29632663357514694 -0.038370866544519565

0.29632663357514694 -0.038370866544519565
0.29944586129699058 -0.038893520774385126

0.29944586129699058 -0.038893520774385126
0.30256508901883422 -0.039450439031510742

0.30256508901883422 -0.039450439031510742
0.30568431674067786 -0.040043235490975021

0.30568431674067786 -0.040043235490975021
0.30818868935061067 -0.040549960383967479

0.30818868935061067 -0.040549960383967479
0.30880354446252156 -0.040678489005260922

0.30880354446252156 -0.040678489005260922
0.3119227721843652 -0.041339761212255695

0.3119227721843652 -0.041339761212255695
0.31504199990620885 -0.042041325345843865

0.31504199990620885 -0.042041325345843865
0.31816122762805249 -0.042780270080386047

0.31816122762805249 -0.042780270080386047
0.32128045534989613 -0.043554443452738102

0.32128045534989613 -0.043554443452738102
0.32169644743824805 -0.043669188105811135

0.32169644743824805 -0.043669188105811135
0.32439968307173978 -0.044379956621906393

0.32439968307173978 -0.044379956621906393
0.32751891079358347 -0.045233723730880269

0.32751891079358347 -0.045233723730880269
0.33063813851542712 -0.046120148420373951

0.33063813851542712 -0.046120148420373951
0.33288444388225846 -0.046788415827654785

0.33288444388225846 -0.046788415827654785
0.33375736623727076 -0.04705725324937042

0.33375736623727076 -0.04705725324937042
0.3368765939591144 -0.048002968241468151

0.3368765939591144 -0.048002968241468151
0.33999582168095804 -0.048994131704490899

0.33999582168095804 -0.048994131704490899
0.34276883250343426 -0.049907643549498434

0.34276883250343426 -0.049907643549498434
0.34311504940280169 -0.050029677711893872

0.34311504940280169 -0.050029677711893872
0.34623427712464538 -0.051079931240335191

0.34623427712464538 -0.051079931240335191
0.34935350484648903 -0.052165636106262944

0.34935350484648903 -0.052165636106262944
0.3517338280347036 -0.053026871271342091

0.3517338280347036 -0.053026871271342091
0.35247273256833267 -0.05330798301843423

0.35247273256833267 -0.05330798301843423
0.35559196029017631 -0.054453636752949494

0.35559196029017631 -0.054453636752949494
0.35871118801201995 -0.055634652780775645

0.35871118801201995 -0.055634652780775645
0.35996060560366461 -0.05614609899318574

0.35996060560366461 -0.05614609899318574
0.36183041573386365 -0.056897225572053831

0.36183041573386365 -0.056897225572053831
0.3649496434557073 -0.058151956523812151

0.3649496434557073 -0.058151956523812151
0.36759418009737971 -0.05926532671502939

0.36759418009737971 -0.05926532671502939
0.36806887117755094 -0.059481335229649948

0.36806887117755094 -0.059481335229649948
0.37118809889939458 -0.060813947772066126

0.37118809889939458 -0.060813947772066126
0.37430732662123822 -0.062187556824586113

0.37430732662123822 -0.062187556824586113
0.37469913720772613 -0.062384554436873046

0.37469913720772613 -0.062384554436873046
0.37742655434308187 -0.063639918814816593

0.37742655434308187 -0.063639918814816593
0.38054578206492556 -0.065088556404026235

0.38054578206492556 -0.065088556404026235
0.38133917633729714 -0.065503782158716689

0.38133917633729714 -0.065503782158716689
0.38366500978676921 -0.066649221900896519

0.38366500978676921 -0.066649221900896519
0.38678423750861285 -0.068176880492107392

0.38678423750861285 -0.068176880492107392
0.38758630665514199 -0.068623009880560346

0.38758630665514199 -0.068623009880560346
0.38990346523045649 -0.069832099160842168

0.38990346523045649 -0.069832099160842168
0.39302269295230013 -0.071451977325010477

0.39302269295230013 -0.071451977325010477
0.39350211987834927 -0.071742237602403988

0.39350211987834927 -0.071742237602403988
0.39614192067414378 -0.073191494705952001

0.39614192067414378 -0.073191494705952001
0.39912442012598054 -0.074861465324247645

0.39912442012598054 -0.074861465324247645
0.39926114839598748 -0.074949156300018055

0.39926114839598748 -0.074949156300018055
0.40238037611783112 -0.076713606431978693

0.40238037611783112 -0.076713606431978693
0.40449817802912352 -0.077980693046091301

0.40449817802912352 -0.077980693046091301
0.40549960383967476 -0.078615022283399255

0.40549960383967476 -0.078615022283399255
0.4086188315615184 -0.080411387763319214

0.4086188315615184 -0.080411387763319214
0.40965644860431855 -0.081099920767934958

0.40965644860431855 -0.081099920767934958
0.41173805928336205 -0.082411433668535081

0.41173805928336205 -0.082411433668535081
0.41461791341874138 -0.0842191484897786

0.41461791341874138 -0.0842191484897786
0.41485728700520569 -0.08439018822038899

0.41485728700520569 -0.08439018822038899
0.41797651472704939 -0.086343565781701936

0.41797651472704939 -0.086343565781701936
0.41940602881613714 -0.087338376211622257

0.41940602881613714 -0.087338376211622257
0.42109574244889303 -0.088499987642925146

0.42109574244889303 -0.088499987642925146
0.42403208410768689 -0.090457603933465913

0.42403208410768689 -0.090457603933465913
0.42421497017073667 -0.090596390213661893

0.42421497017073667 -0.090596390213661893
0.42733419789258031 -0.092683809099821587

0.42733419789258031 -0.092683809099821587
0.42852084563937715 -0.093576831655309556

0.42852084563937715 -0.093576831655309556
0.43045342561442396 -0.094980962439041361

0.43045342561442396 -0.094980962439041361
0.4328205175903394 -0.096696059377153212

0.4328205175903394 -0.096696059377153212
0.4335726533362676 -0.097285876161133836

0.4335726533362676 -0.097285876161133836
0.4366918810581113 -0.099490546329428151

0.4366918810581113 -0.099490546329428151
0.43708976087607115 -0.099815287098996869

0.43708976087607115 -0.099815287098996869
0.43981110877995494 -0.10184573854818729

0.43981110877995494 -0.10184573854818729
0.44115669317337031 -0.10293451482084051

0.44115669317337031 -0.10293451482084051
0.44293033650179858 -0.10435001890018457

0.44293033650179858 -0.10435001890018457
0.44506411678322305 -0.10605374254268417

0.44506411678322305 -0.10605374254268417
0.44604956422364223 -0.1068802706133619

0.44604956422364223 -0.1068802706133619
0.44895788286113841 -0.10917297026452782

0.44895788286113841 -0.10917297026452782
0.44916879194548587 -0.10935586745213448

0.44916879194548587 -0.10935586745213448
0.45228801966732957 -0.11181970124654544

0.45228801966732957 -0.11181970124654544
0.45282742429476891 -0.11229219798637147

0.45282742429476891 -0.11229219798637147
0.45540724738917321 -0.11442252095372832

0.45540724738917321 -0.11442252095372832
0.45653047537220909 -0.11541142570821512

0.45653047537220909 -0.11541142570821512
0.45852647511101685 -0.11713487329721742

0.45852647511101685 -0.11713487329721742
0.46010090106716867 -0.11853065343005878

0.46010090106716867 -0.11853065343005878
0.46164570283286049 -0.1199089540677465

0.46164570283286049 -0.1199089540677465
0.46360263673578939 -0.12164988115190242

0.46360263673578939 -0.12164988115190242
0.46476493055470414 -0.12270707711805423

0.46476493055470414 -0.12270707711805423
0.46709158255228389 -0.12476910887374608

0.46709158255228389 -0.12476910887374608
0.46788415827654778 -0.12549732450313114

0.46788415827654778 -0.12549732450313114
0.47059194588858139 -0.12788833659558974

0.47059194588858139 -0.12788833659558974
0.47100338599839148 -0.12827023579568891

0.47100338599839148 -0.12827023579568891
0.47409687907652953 -0.13100756431743338

0.47409687907652953 -0.13100756431743338
0.47412261372023512 -0.13103170076876225

0.47412261372023512 -0.13103170076876225
0.47724184144207876 -0.1338107065188735

0.47724184144207876 -0.1338107065188735
0.47757870143905629 -0.13412679203927705

0.47757870143905629 -0.13412679203927705
0.48036106916392241 -0.13662032509572608

0.48036106916392241 -0.13662032509572608
0.48103339422679853 -0.13724601976112069

0.48103339422679853 -0.13724601976112069
0.48348029688576605 -0.13944165940979572

0.48348029688576605 -0.13944165940979572
0.48448294425234151 -0.14036524748296433

0.48448294425234151 -0.14036524748296433
0.48659952460760969 -0.14226636520001726

0.48659952460760969 -0.14226636520001726
0.48793919874433145 -0.143484475204808

0.48793919874433145 -0.143484475204808
0.48971875232945339 -0.14508051561377161

0.48971875232945339 -0.14508051561377161
0.49143384202743884 -0.14660370292665165

0.49143384202743884 -0.14660370292665165
0.49283798005129703 -0.14785238046440199

0.49283798005129703 -0.14785238046440199
0.49504526344544003 -0.14972293064849529

0.49504526344544003 -0.14972293064849529
0.49595720777314067 -0.15051857335622942

0.49595720777314067 -0.15051857335622942
0.49891381072219315 -0.15284215837033896

0.49891381072219315 -0.15284215837033896
0.49907643549498437 -0.15298066825417303

0.49907643549498437 -0.15298066825417303
0.50219566321682796 -0.15528668027596768

0.50219566321682796 -0.15528668027596768
0.5030523813964588 -0.1559613860921826

0.5030523813964588 -0.1559613860921826
0.50531489093867166 -0.15761324797493576

0.50531489093867166 -0.15761324797493576
0.50747580748749876 -0.15908061381402624

0.50747580748749876 -0.15908061381402624
0.50843411866051524 -0.15976355144850923

0.50843411866051524 -0.15976355144850923
0.51155334638235894 -0.16153738261360054

0.51155334638235894 -0.16153738261360054
0.51275143642150989 -0.16219984153586992

0.51275143642150989 -0.16219984153586992
0.51467257410420253 -0.16321915643261717

0.51467257410420253 -0.16321915643261717
0.51779180182604623 -0.16457278359060865

0.51779180182604623 -0.16457278359060865
0.51982827049848412 -0.16531906925771356

0.51982827049848412 -0.16531906925771356
0.52091102954788993 -0.16572297755452581

0.52091102954788993 -0.16572297755452581
0.52403025726973351 -0.16656754505084406

0.52403025726973351 -0.16656754505084406
0.52714948499157721 -0.16714188507217775

0.52714948499157721 -0.16714188507217775
0.5302687127134208 -0.16742624193240122

0.5302687127134208 -0.16742624193240122
0.5333879404352645 -0.16740746644050722

0.5333879404352645 -0.16740746644050722
0.53650716815710819 -0.16707722348428847

0.53650716815710819 -0.16707722348428847
0.53962639587895178 -0.16644783515906342

0.53962639587895178 -0.16644783515906342
0.54274562360079548 -0.165540445562396

0.54274562360079548 -0.165540445562396
0.54326538298369798 -0.16531906925771356

0.54326538298369798 -0.16531906925771356
0.54586485132263907 -0.16427005926965274

0.54586485132263907 -0.16427005926965274
0.54898407904448276 -0.16272761518568729

0.54898407904448276 -0.16272761518568729
0.54978302044661831 -0.16219984153586992

0.54978302044661831 -0.16219984153586992
0.55210330676632646 -0.16075223212055609

0.55210330676632646 -0.16075223212055609
0.55437774238744597 -0.15908061381402624

0.55437774238744597 -0.15908061381402624
0.55522253448817005 -0.15839970706597276

0.55522253448817005 -0.15839970706597276
0.55818151272490868 -0.1559613860921826

0.55818151272490868 -0.1559613860921826
0.55834176221001375 -0.15581305741057352

0.55834176221001375 -0.15581305741057352
0.56146098993185733 -0.15289597869912963

0.56146098993185733 -0.15289597869912963
0.56151471477962478 -0.15284215837033896

0.56151471477962478 -0.15284215837033896
0.56445320829228463 -0.14972293064849529

0.56445320829228463 -0.14972293064849529
0.56458021765370103 -0.14958784018514149

0.56458021765370103 -0.14958784018514149
0.56717576729233132 -0.14660370292665165

0.56717576729233132 -0.14660370292665165
0.56769944537554462 -0.14602042436425069

0.56769944537554462 -0.14602042436425069
0.56982541317842239 -0.143484475204808

0.56982541317842239 -0.143484475204808
0.57081867309738832 -0.14233042242845498

0.57081867309738832 -0.14233042242845498
0.57245469374405045 -0.14036524748296433

0.57245469374405045 -0.14036524748296433
0.57393790081923202 -0.13856545746756657

0.57393790081923202 -0.13856545746756657
0.57504196547755182 -0.13724601976112069

0.57504196547755182 -0.13724601976112069
0.5770571285410756 -0.13466479732265044

0.5770571285410756 -0.13466479732265044
0.5775098928157234 -0.13412679203927705

0.5775098928157234 -0.13412679203927705
0.57983871091746053 -0.13100756431743338

0.57983871091746053 -0.13100756431743338
0.5801763562629193 -0.13060549495166635

0.5801763562629193 -0.13060549495166635
0.58226905925573069 -0.12788833659558974

0.58226905925573069 -0.12788833659558974
0.58329558398476289 -0.12664828019652766

0.58329558398476289 -0.12664828019652766
0.58481470546426106 -0.12476910887374608

0.58481470546426106 -0.12476910887374608
0.58641481170660659 -0.12279216021652667

0.58641481170660659 -0.12279216021652667
0.5873719623861382 -0.12164988115190242

0.5873719623861382 -0.12164988115190242
0.58953403942845028 -0.11890682007392461

0.58953403942845028 -0.11890682007392461
0.58985726882334577 -0.11853065343005878

0.58985726882334577 -0.11853065343005878
0.59229150288613608 -0.11541142570821512

0.59229150288613608 -0.11541142570821512
0.59265326715029387 -0.11499743431764434

0.59265326715029387 -0.11499743431764434
0.59485966959103997 -0.11229219798637147

0.59485966959103997 -0.11229219798637147
0.59577249487213757 -0.11125098223223497

0.59577249487213757 -0.11125098223223497
0.59754597576941948 -0.10917297026452782

0.59754597576941948 -0.10917297026452782
0.59889172259398116 -0.10764382444471302

0.59889172259398116 -0.10764382444471302
0.60029743112337153 -0.10605374254268417

0.60029743112337153 -0.10605374254268417
0.60201095031582486 -0.10412154512109975

0.60201095031582486 -0.10412154512109975
0.60309005246229586 -0.10293451482084051

0.60309005246229586 -0.10293451482084051
0.60513017803766844 -0.10066152733891372

0.60513017803766844 -0.10066152733891372
0.6059178225633356 -0.099815287098996869

0.6059178225633356 -0.099815287098996869
0.60824940575951214 -0.097265116396384077

0.60824940575951214 -0.097265116396384077
0.60879066829535888 -0.096696059377153212

0.60879066829535888 -0.096696059377153212
0.61136863348135584 -0.093944603676360025

0.61136863348135584 -0.093944603676360025
0.61172545170300341 -0.093576831655309556

0.61172545170300341 -0.093576831655309556
0.61448786120319943 -0.09071316812477577

0.61448786120319943 -0.09071316812477577
0.61474052181553462 -0.090457603933465913

0.61474052181553462 -0.090457603933465913
0.61760708892504312 -0.087586074364562311

0.61760708892504312 -0.087586074364562311
0.61785717980324439 -0.087338376211622257

0.61785717980324439 -0.087338376211622257
0.62072631664688671 -0.084575386352203713

0.62072631664688671 -0.084575386352203713
0.62109507960471122 -0.0842191484897786

0.62109507960471122 -0.0842191484897786
0.62384554436873041 -0.081672419616135097

0.62384554436873041 -0.081672419616135097
0.62445485837857906 -0.081099920767934958

0.62445485837857906 -0.081099920767934958
0.62696477209057411 -0.078849923759915425

0.62696477209057411 -0.078849923759915425
0.62791946016980493 -0.077980693046091301

0.62791946016980493 -0.077980693046091301
0.63008399981241769 -0.076090207284928879

0.63008399981241769 -0.076090207284928879
0.63149427376393508 -0.074861465324247645

0.63149427376393508 -0.074861465324247645
0.63320322753426139 -0.073402419503892355

0.63320322753426139 -0.073402419503892355
0.63523725704844758 -0.071742237602403988

0.63523725704844758 -0.071742237602403988
0.63632245525610498 -0.070833022953550456

0.63632245525610498 -0.070833022953550456
0.63925583375895711 -0.068623009880560346

0.63925583375895711 -0.068623009880560346
0.63944168297794868 -0.068469017382830816

0.63944168297794868 -0.068469017382830816
0.64256091069979226 -0.066234193862536928

0.64256091069979226 -0.066234193862536928
0.64350387711624557 -0.065503782158716689

0.64350387711624557 -0.065503782158716689
0.64568013842163596 -0.063926749968218691

0.64568013842163596 -0.063926749968218691
0.64790000517822666 -0.062384554436873046

0.64790000517822666 -0.062384554436873046
0.64879936614347966 -0.061720802601705434

0.64879936614347966 -0.061720802601705434
0.65191859386532325 -0.059755619783405392

0.65191859386532325 -0.059755619783405392
0.65261385057460741 -0.05926532671502939

0.65261385057460741 -0.05926532671502939
0.65503782158716695 -0.057706556569605875

0.65503782158716695 -0.057706556569605875
0.65756218315916015 -0.05614609899318574

0.65756218315916015 -0.05614609899318574
0.65815704930901053 -0.055743100176797442

0.65815704930901053 -0.055743100176797442
0.66127627703085423 -0.053956243610995581

0.66127627703085423 -0.053956243610995581
0.66282662794602032 -0.053026871271342091

0.66282662794602032 -0.053026871271342091
0.66439550475269793 -0.052089579032280654

0.66439550475269793 -0.052089579032280654
0.66751473247454152 -0.050419394668872443

0.66751473247454152 -0.050419394668872443
0.66840243144579936 -0.049907643549498434

0.66840243144579936 -0.049907643549498434
0.67063396019638521 -0.048699755663869117

0.67063396019638521 -0.048699755663869117
0.6737531879182288 -0.047131091506834706

0.6737531879182288 -0.047131091506834706
0.67438742984826594 -0.046788415827654785

0.67438742984826594 -0.046788415827654785
0.6768724156400725 -0.045548363192276183

0.6768724156400725 -0.045548363192276183
0.6799916433619162 -0.044086298086718156

0.6799916433619162 -0.044086298086718156
0.68084010313027599 -0.043669188105811135

0.68084010313027599 -0.043669188105811135
0.68311087108375979 -0.042614649006091208

0.68311087108375979 -0.042614649006091208
0.68623009880560348 -0.04126200109027868

0.68623009880560348 -0.04126200109027868
0.68787614129020613 -0.040549960383967479

0.68787614129020613 -0.040549960383967479
0.68934932652744707 -0.039910480858221166

0.68934932652744707 -0.039910480858221166
0.69246855424929077 -0.038668146422850422

0.69246855424929077 -0.038668146422850422
0.69558778197113436 -0.037463080882128103

0.69558778197113436 -0.037463080882128103
0.69566730802326193 -0.037430732662123829

0.69566730802326193 -0.037430732662123829
0.69870700969297805 -0.036305623586751774

0.69870700969297805 -0.036305623586751774
0.70182623741482175 -0.035207030162582018

0.70182623741482175 -0.035207030162582018
0.70448155214297803 -0.034311504940280173

0.70448155214297803 -0.034311504940280173
0.70494546513666534 -0.034145546974694678

0.70494546513666534 -0.034145546974694678
0.70806469285850904 -0.033155035746620654

0.70806469285850904 -0.033155035746620654
0.71118392058035262 -0.032201965419270659

0.71118392058035262 -0.032201965419270659
0.71430314830219632 -0.031301986101514925

0.71430314830219632 -0.031301986101514925
0.71467991559061128 -0.03119227721843652

0.71467991559061128 -0.03119227721843652
0.71742237602404002 -0.030436912326504816

0.71742237602404002 -0.030436912326504816
0.72054160374588361 -0.029626284591342558

0.72054160374588361 -0.029626284591342558
0.72366083146772731 -0.028861120210628182

0.72366083146772731 -0.028861120210628182
0.72678005918957089 -0.028140713190863791

0.72678005918957089 -0.028140713190863791
0.7270753633135939 -0.028073049496592867

0.7270753633135939 -0.028073049496592867
0.72989928691141459 -0.027455832383884049

0.72989928691141459 -0.027455832383884049
0.73301851463325818 -0.026818555010388184

0.73301851463325818 -0.026818555010388184
0.73613774235510188 -0.026223812983610373

0.73613774235510188 -0.026223812983610373
0.73925697007694557 -0.025672050483447013

0.73925697007694557 -0.025672050483447013
0.74237619779878916 -0.025165532892695231

0.74237619779878916 -0.025165532892695231
0.74377708118922869 -0.024953821774749217

0.74377708118922869 -0.024953821774749217
0.74549542552063286 -0.024695588019596322

0.74549542552063286 -0.024695588019596322
0.74861465324247645 -0.024274925535476364

0.74861465324247645 -0.024274925535476364
0.75173388096432014 -0.023896164293350987

0.75173388096432014 -0.023896164293350987
0.75485310868616384 -0.023561740427646898

0.75485310868616384 -0.023561740427646898
0.75797233640800743 -0.023272050516660439

0.75797233640800743 -0.023272050516660439
0.76109156412985113 -0.023026450869649204

0.76109156412985113 -0.023026450869649204
0.76421079185169472 -0.022823806345453071

0.76421079185169472 -0.022823806345453071
0.76733001957353841 -0.022662923251854001

0.76733001957353841 -0.022662923251854001
0.77044924729538211 -0.022542580393759823

0.77044924729538211 -0.022542580393759823
0.7735684750172257 -0.022461517884894578

0.7735684750172257 -0.022461517884894578
0.7766877027390694 -0.02241905278885022

0.7766877027390694 -0.02241905278885022
0.77980693046091298 -0.022415514425628575

0.77980693046091298 -0.022415514425628575
0.78292615818275668 -0.02245113152243991

0.78292615818275668 -0.02245113152243991
0.78604538590460027 -0.022524893850182307

0.78604538590460027 -0.022524893850182307
0.78916461362644397 -0.022635646747005533

0.78916461362644397 -0.022635646747005533
0.79228384134828767 -0.02278335403966724

0.79228384134828767 -0.02278335403966724
0.79540306907013125 -0.022967971915154411

0.79540306907013125 -0.022967971915154411
0.79852229679197495 -0.023189058067140465

0.79852229679197495 -0.023189058067140465
0.80164152451381854 -0.023447192024692486

0.80164152451381854 -0.023447192024692486
0.80476075223566224 -0.023742191782711052

0.80476075223566224 -0.023742191782711052
0.80787997995750593 -0.024070817322945286

0.80787997995750593 -0.024070817322945286
0.81099920767934952 -0.024430465876577261

0.81099920767934952 -0.024430465876577261
0.81411843540119322 -0.02482014338317837

0.81411843540119322 -0.02482014338317837
0.81509332244493138 -0.024953821774749217

0.81509332244493138 -0.024953821774749217
0.81723766312303681 -0.025244424794258133

0.81723766312303681 -0.025244424794258133
0.8203568908448805 -0.025694442670146866

0.8203568908448805 -0.025694442670146866
0.82347611856672409 -0.026178073928398164

0.82347611856672409 -0.026178073928398164
0.82659534628856779 -0.0266925394892196

0.82659534628856779 -0.0266925394892196
0.82971457401041149 -0.027238536450518862

0.82971457401041149 -0.027238536450518862
0.83283380173225507 -0.027813552481569304

0.83283380173225507 -0.027813552481569304
0.83413650156286723 -0.028073049496592867

0.83413650156286723 -0.028073049496592867
0.83595302945409877 -0.028432398535463192

0.83595302945409877 -0.028432398535463192
0.83907225717594236 -0.029075924371160463

0.83907225717594236 -0.029075924371160463
0.84219148489778606 -0.029761200164261079

0.84219148489778606 -0.029761200164261079
0.84531071261962976 -0.030483520524989535

0.84531071261962976 -0.030483520524989535
0.84821586300709106 -0.03119227721843652

0.84821586300709106 -0.03119227721843652
0.84842994034147334 -0.031247496954955253

0.84842994034147334 -0.031247496954955253
0.85154916806331704 -0.032044956415984219

0.85154916806331704 -0.032044956415984219
0.85466839578516063 -0.032885091429408139

0.85466839578516063 -0.032885091429408139
0.85778762350700433 -0.033755415437310123

0.85778762350700433 -0.033755415437310123
0.8596729366257303 -0.034311504940280173

0.8596729366257303 -0.034311504940280173
0.86090685122884802 -0.034681670659550232

0.86090685122884802 -0.034681670659550232
0.86402607895069161 -0.035615321298890404

0.86402607895069161 -0.035615321298890404
0.86714530667253531 -0.036590123900693251

0.86714530667253531 -0.036590123900693251
0.86974985107607516 -0.037430732662123829

0.86974985107607516 -0.037430732662123829
0.8702645343943789 -0.037606522904923001

0.8702645343943789 -0.037606522904923001
0.8733837621162226 -0.038624158744223237

0.8733837621162226 -0.038624158744223237
0.87650298983806618 -0.039670653008361881

0.87650298983806618 -0.039670653008361881
0.87905341322888608 -0.040549960383967479

0.87905341322888608 -0.040549960383967479
0.87962221755990988 -0.040757652471108484

0.87962221755990988 -0.040757652471108484
0.88274144528175358 -0.041845354230269888

0.88274144528175358 -0.041845354230269888
0.88586067300359717 -0.042960034576069984

0.88586067300359717 -0.042960034576069984
0.88776279646258904 -0.043669188105811135

0.88776279646258904 -0.043669188105811135
0.88897990072544086 -0.044132909388610496

0.88897990072544086 -0.044132909388610496
0.89209912844728445 -0.045288897648647915

0.89209912844728445 -0.045288897648647915
0.89521835616912815 -0.046471354533431444

0.89521835616912815 -0.046471354533431444
0.89597997618422687 -0.046788415827654785

0.89597997618422687 -0.046788415827654785
0.89833758389097185 -0.047721134031311056

0.89833758389097185 -0.047721134031311056
0.90145681161281543 -0.04896108704551403

0.90145681161281543 -0.04896108704551403
0.90374468247886375 -0.049907643549498434

0.90374468247886375 -0.049907643549498434
0.90457603933465913 -0.050269501796015664

0.90457603933465913 -0.050269501796015664
0.90769526705650272 -0.051559616869163376

0.90769526705650272 -0.051559616869163376
0.91081449477834642 -0.052886608167549948

0.91081449477834642 -0.052886608167549948
0.91110580745930825 -0.053026871271342091

0.91110580745930825 -0.053026871271342091
0.91393372250019 -0.054268483202524691

0.91393372250019 -0.054268483202524691
0.9170529502220337 -0.055637492128486607

0.9170529502220337 -0.055637492128486607
0.91811674714232516 -0.05614609899318574

0.91811674714232516 -0.05614609899318574
0.9201721779438774 -0.057093646186203585

0.9201721779438774 -0.057093646186203585
0.92329140566572099 -0.058499145406572285

0.92329140566572099 -0.058499145406572285
0.92488264787443564 -0.05926532671502939

0.92488264787443564 -0.05926532671502939
0.92641063338756469 -0.060003475224817603

0.92641063338756469 -0.060003475224817603
0.92952986110940827 -0.061443912342596836

0.92952986110940827 -0.061443912342596836
0.93145331370094564 -0.062384554436873046

0.93145331370094564 -0.062384554436873046
0.93264908883125197 -0.062986992354992374

0.93264908883125197 -0.062986992354992374
0.93576831655309567 -0.06446123234630835

0.93576831655309567 -0.06446123234630835
0.93786700792067734 -0.065503782158716689

0.93786700792067734 -0.065503782158716689
0.93888754427493926 -0.066033746868255361

0.93888754427493926 -0.066033746868255361
0.94200677199678295 -0.06753140497530663

0.94200677199678295 -0.06753140497530663
0.94417697792213451 -0.068623009880560346

0.94417697792213451 -0.068623009880560346
0.94512599971862654 -0.069125329569719229

0.94512599971862654 -0.069125329569719229
0.94824522744047024 -0.070643774964714315

0.94824522744047024 -0.070643774964714315
0.95039670510023622 -0.071742237602403988

0.95039670510023622 -0.071742237602403988
0.95136445516231394 -0.072261703356533938

0.95136445516231394 -0.072261703356533938
0.95448368288415752 -0.073796001892150451

0.95448368288415752 -0.073796001892150451
0.9565455852862037 -0.074861465324247645

0.9565455852862037 -0.074861465324247645
0.95760291060600122 -0.075431687603661562

0.95760291060600122 -0.075431687603661562
0.96072213832784481 -0.076974866859727847

0.96072213832784481 -0.076974866859727847
0.96264430513933918 -0.077980693046091301

0.96264430513933918 -0.077980693046091301
0.96384136604968851 -0.078626918288619257

0.96384136604968851 -0.078626918288619257
0.9669605937715321 -0.080178564494905583

0.9669605937715321 -0.080178564494905583
0.96870143617263493 -0.081099920767934958

0.96870143617263493 -0.081099920767934958
0.97007982149337579 -0.081840806541335853

0.97007982149337579 -0.081840806541335853
0.97319904921521949 -0.083392571596851969

0.97319904921521949 -0.083392571596851969
0.97474763196486791 -0.0842191484897786

0.97474763196486791 -0.0842191484897786
0.97631827693706308 -0.085056734284955415

0.97631827693706308 -0.085056734284955415
0.97943750465890678 -0.086611162959148405

0.97943750465890678 -0.086611162959148405
0.98078607074389712 -0.087338376211622257

0.98078607074389712 -0.087338376211622257
0.98255673238075036 -0.088275939238152606

0.98255673238075036 -0.088275939238152606
0.98567596010259406 -0.089828289809088094

0.98567596010259406 -0.089828289809088094
0.98683886342509664 -0.090457603933465913

0.98683886342509664 -0.090457603933465913
0.98879518782443776 -0.091480776671887393

0.98879518782443776 -0.091480776671887393
0.99191441554628135 -0.093026257374584059

0.99191441554628135 -0.093026257374584059
0.99293050060352894 -0.093576831655309556

0.99293050060352894 -0.093576831655309556
0.99503364326812505 -0.094664854838824281

0.99503364326812505 -0.094664854838824281
0.99815287098996863 -0.096198393018803049

0.99815287098996863 -0.096198393018803049
0.99908832976381523 -0.096696059377153212

0.99908832976381523 -0.096696059377153212
1.0012720987118124 -0.097797930411392078

1.0012720987118124 -0.097797930411392078
1.0043913264336561 -0.09928628076969441

1.0043913264336561 -0.09928628076969441
1.0054290667298327 -0.099815287098996869

1.0054290667298327 -0.099815287098996869
1.0075105541554998 -0.10083188691927378

1.0075105541554998 -0.10083188691927378
1.0106297818773433 -0.10227132737575476

1.0106297818773433 -0.10227132737575476
1.0120058617099881 -0.10293451482084051

1.0120058617099881 -0.10293451482084051
1.013749009599187 -0.10376161603151467

1.013749009599187 -0.10376161603151467
1.0168682373210307 -0.10513546686397027

1.0168682373210307 -0.10513546686397027
1.0189575880410178 -0.10605374254268417

1.0189575880410178 -0.10605374254268417
1.0199874650428744 -0.10652284969525165

1.0199874650428744 -0.10652284969525165
1.0231066927647179 -0.10780014712528987

1.0231066927647179 -0.10780014712528987
1.0262259204865616 -0.10903722311975206

1.0262259204865616 -0.10903722311975206
1.0265524051687125 -0.10917297026452782

1.0265524051687125 -0.10917297026452782
1.0293451482084053 -0.11024364530979613

1.0293451482084053 -0.11024364530979613
1.032464375930249 -0.11137393201826502

1.032464375930249 -0.11137393201826502
1.035149060063167 -0.11229219798637147

1.035149060063167 -0.11229219798637147
1.0355836036520927 -0.1124501368019126

1.0355836036520927 -0.1124501368019126
1.0387028313739362 -0.11343344753743574

1.0387028313739362 -0.11343344753743574
1.0418220590957799 -0.11434963481232435

1.0418220590957799 -0.11434963481232435
1.0449412868176235 -0.11517967974712497

1.0449412868176235 -0.11517967974712497
1.0458540909801965 -0.11541142570821512

1.0458540909801965 -0.11541142570821512
1.0480605145394672 -0.11595580684686002

1.0480605145394672 -0.11595580684686002
1.0511797422613109 -0.11663793053609599

1.0511797422613109 -0.11663793053609599
1.0542989699831544 -0.11721684787845577

1.0542989699831544 -0.11721684787845577
1.0574181977049981 -0.11768516040378491

1.0574181977049981 -0.11768516040378491
1.0605374254268418 -0.11805104833865732

1.0605374254268418 -0.11805104833865732
1.0636566531486855 -0.11831528984768196

1.0636566531486855 -0.11831528984768196
1.0667758808705292 -0.11846805157558282

1.0667758808705292 -0.11846805157558282
1.0698951085923727 -0.11851868101891028

1.0698951085923727 -0.11851868101891028
1.0730143363142164 -0.1184505969352168

1.0730143363142164 -0.1184505969352168
1.0761335640360601 -0.11823363712196124

1.0761335640360601 -0.11823363712196124
1.0792527917579038 -0.11786770855843408

1.0792527917579038 -0.11786770855843408
1.0823720194797475 -0.11735615853718828

1.0823720194797475 -0.11735615853718828
1.085491247201591 -0.11670450756137668

1.085491247201591 -0.11670450756137668
1.0886104749234347 -0.11592454973392206

1.0886104749234347 -0.11592454973392206
1.0903039060880348 -0.11541142570821512

1.0903039060880348 -0.11541142570821512
1.0917297026452784 -0.11497370885223504

1.0917297026452784 -0.11497370885223504
1.0948489303671221 -0.11389184400591339

1.0948489303671221 -0.11389184400591339
1.0979681580889658 -0.11266797314201429

1.0979681580889658 -0.11266797314201429
1.0987574794290322 -0.11229219798637147

1.0987574794290322 -0.11229219798637147
1.1010873858108092 -0.1112376629622811

1.1010873858108092 -0.1112376629622811
1.1042066135326529 -0.10973320483880242

1.1042066135326529 -0.10973320483880242
1.1051787133653639 -0.10917297026452782

1.1051787133653639 -0.10917297026452782
1.1073258412544966 -0.10799203235847561

1.1073258412544966 -0.10799203235847561
1.1104450689763403 -0.10619397317543268

1.1104450689763403 -0.10619397317543268
1.1106439341791334 -0.10605374254268417

1.1106439341791334 -0.10605374254268417
1.1135642966981838 -0.10422200114692419

1.1135642966981838 -0.10422200114692419
1.115408296903978 -0.10293451482084051

1.115408296903978 -0.10293451482084051
1.1166835244200275 -0.10201106223171157

1.1166835244200275 -0.10201106223171157
1.1198027521418712 -0.099833152921191395

1.1198027521418712 -0.099833152921191395
1.1198247323939103 -0.099815287098996869

1.1198247323939103 -0.099815287098996869
1.1229219798637149 -0.097557644731312343

1.1229219798637149 -0.097557644731312343
1.1239681809078337 -0.096696059377153212

1.1239681809078337 -0.096696059377153212
1.1260412075855586 -0.095045575965054016

1.1260412075855586 -0.095045575965054016
1.1278007988010963 -0.093576831655309556

1.1278007988010963 -0.093576831655309556
1.1291604353074021 -0.092416816017654321

1.1291604353074021 -0.092416816017654321
1.1314837874822847 -0.090457603933465913

1.1314837874822847 -0.090457603933465913
1.1322796630292458 -0.08974898838315705

1.1322796630292458 -0.08974898838315705
1.1351131987155434 -0.087338376211622257

1.1351131987155434 -0.087338376211622257
1.1353988907510895 -0.087077145856880214

1.1353988907510895 -0.087077145856880214
1.1385181184729332 -0.08439915034153099

1.1385181184729332 -0.08439915034153099
1.1387124161567301 -0.0842191484897786

1.1387124161567301 -0.0842191484897786
1.1416373461947769 -0.081641177744002397

1.1416373461947769 -0.081641177744002397
1.1422170617013736 -0.081099920767934958

1.1422170617013736 -0.081099920767934958
1.1447565739166203 -0.078807268830675375

1.1447565739166203 -0.078807268830675375
1.1456394564991534 -0.077980693046091301

1.1456394564991534 -0.077980693046091301
1.147875801638464 -0.075935133282024628

1.147875801638464 -0.075935133282024628
1.1490248556089633 -0.074861465324247645

1.1490248556089633 -0.074861465324247645
1.1509950293603077 -0.073048208483556601

1.1509950293603077 -0.073048208483556601
1.1523995123097788 -0.071742237602403988

1.1523995123097788 -0.071742237602403988
1.1541142570821514 -0.070158131261497281

1.1541142570821514 -0.070158131261497281
1.1557771512637574 -0.068623009880560346

1.1557771512637574 -0.068623009880560346
1.1572334848039951 -0.067276284120432558

1.1572334848039951 -0.067276284120432558
1.1591801600040621 -0.065503782158716689

1.1591801600040621 -0.065503782158716689
1.1603527125258386 -0.064423349780470263

1.1603527125258386 -0.064423349780470263
1.1626376182469857 -0.062384554436873046

1.1626376182469857 -0.062384554436873046
1.1634719402476823 -0.061618530269529244

1.1634719402476823 -0.061618530269529244
1.1661733866639981 -0.05926532671502939

1.1661733866639981 -0.05926532671502939
1.166591167969526 -0.058882456017046204

1.166591167969526 -0.058882456017046204
1.1697103956913697 -0.056239812569212823

1.1697103956913697 -0.056239812569212823
1.1698136545972899 -0.05614609899318574

1.1698136545972899 -0.05614609899318574
1.1728296234132134 -0.053618998481733987

1.1728296234132134 -0.053618998481733987
1.17349491587013 -0.053026871271342091

1.17349491587013 -0.053026871271342091
1.1759488511350569 -0.050963416140010591

1.1759488511350569 -0.050963416140010591
1.1771615340530615 -0.049907643549498434

1.1771615340530615 -0.049907643549498434
1.1790680788569006 -0.048290298765458768

1.1790680788569006 -0.048290298765458768
1.1808511699081807 -0.046788415827654785

1.1808511699081807 -0.046788415827654785
1.1821873065787443 -0.045651015779992352

1.1821873065787443 -0.045651015779992352
1.1846707420128324 -0.043669188105811135

1.1846707420128324 -0.043669188105811135
1.185306534300588 -0.043128911711473428

1.185306534300588 -0.043128911711473428
1.1884257620224317 -0.040776244924443858

1.1884257620224317 -0.040776244924443858
1.1886957068993282 -0.040549960383967479

1.1886957068993282 -0.040549960383967479
1.1915449897442751 -0.038397077556291181

1.1915449897442751 -0.038397077556291181
1.1927539182263216 -0.037430732662123829

1.1927539182263216 -0.037430732662123829
1.1946642174661188 -0.035958716749123799

1.1946642174661188 -0.035958716749123799
1.1969014248761796 -0.034311504940280173

1.1969014248761796 -0.034311504940280173
1.1977834451879625 -0.033623116011786414

1.1977834451879625 -0.033623116011786414
1.2009026729098062 -0.031510396161445027

1.2009026729098062 -0.031510396161445027
1.2013185974089042 -0.03119227721843652

1.2013185974089042 -0.03119227721843652
1.2040219006316497 -0.029344415598817449

1.2040219006316497 -0.029344415598817449
1.2058700481451154 -0.028073049496592867

1.2058700481451154 -0.028073049496592867
1.2071411283534934 -0.027174230886089466

1.2071411283534934 -0.027174230886089466
1.2102603560753371 -0.025237271168855428

1.2102603560753371 -0.025237271168855428
1.2106630550439028 -0.024953821774749217

1.2106630550439028 -0.024953821774749217
1.2133795837971808 -0.023253718097398041

1.2133795837971808 -0.023253718097398041
1.2156892811733073 -0.021834594052905564

1.2156892811733073 -0.021834594052905564
1.2164988115190245 -0.021299828929665494

1.2164988115190245 -0.021299828929665494
1.219618039240868 -0.019535887774565958

1.219618039240868 -0.019535887774565958
1.2209788736090101 -0.018715366331061911

1.2209788736090101 -0.018715366331061911
1.2227372669627117 -0.017677442980315785

1.2227372669627117 -0.017677442980315785
1.2258564946845554 -0.015993197303575443

1.2258564946845554 -0.015993197303575443
1.2265226816803403 -0.015596138609218262

1.2265226816803403 -0.015596138609218262
1.2289757224063991 -0.014251739416519412

1.2289757224063991 -0.014251739416519412
1.2320949501282428 -0.012621215130750818

1.2320949501282428 -0.012621215130750818
1.2323432783780857 -0.012476910887374609

1.2323432783780857 -0.012476910887374609
1.2352141778500862 -0.010992819309654409

1.2352141778500862 -0.010992819309654409
1.2383334055719299 -0.0094349418984963854

1.2383334055719299 -0.0094349418984963854
1.2384738471853232 -0.0093576831655309573

1.2384738471853232 -0.0093576831655309573
1.2414526332937736 -0.0079040453677430497

1.2414526332937736 -0.0079040453677430497
1.2445718610156173 -0.0064480109067960199

1.2445718610156173 -0.0064480109067960199
1.2449903699308122 -0.0062384554436873043

1.2449903699308122 -0.0062384554436873043
1.247691088737461 -0.0050021654453903594

1.247691088737461 -0.0050021654453903594
1.2508103164593045 -0.0036490132935539767

1.2508103164593045 -0.0036490132935539767
1.2520017953055875 -0.0031192277218436521

1.2520017953055875 -0.0031192277218436521
1.2539295441811482 -0.002285753042432513

1.2539295441811482 -0.002285753042432513
1.2570487719029919 -0.0010223600338611358

1.2570487719029919 -0.0010223600338611358
1.2596341379915197 0

1.2596341379915197 0
1.2601679996248356 0.0002253262198366481

1.2601679996248356 0.0002253262198366481
1.2632872273466793 0.0013951250646899469

1.2632872273466793 0.0013951250646899469
1.2664064550685228 0.0025254372007586547

1.2664064550685228 0.0025254372007586547
1.2680575002951038 0.0031192277218436517

1.2680575002951038 0.0031192277218436517
1.2695256827903665 0.003649112092006552

1.2695256827903665 0.003649112092006552
1.2726449105122102 0.004695387429425775

1.2726449105122102 0.004695387429425775
1.2757641382340539 0.0057080496697419353

1.2757641382340539 0.0057080496697419353
1.2774106841560844 0.0062384554436873043

1.2774106841560844 0.0062384554436873043
1.2788833659558976 0.0067142829931806387

1.2788833659558976 0.0067142829931806387
1.2820025936777411 0.0076541279081035959

1.2820025936777411 0.0076541279081035959
1.2851218213995848 0.0085672461906605331

1.2851218213995848 0.0085672461906605331
1.2879250837562284 0.0093576831655309556

1.2879250837562284 0.0093576831655309556
1.2882410491214284 0.0094519418428286889

1.2882410491214284 0.0094519418428286889
1.2913602768432721 0.010288983359439353

1.2913602768432721 0.010288983359439353
1.2944795045651156 0.011093144575958194

1.2944795045651156 0.011093144575958194
1.2975987322869593 0.01185838519345038

1.2975987322869593 0.01185838519345038
1.3002450051542058 0.012476910887374609

1.3002450051542058 0.012476910887374609
1.300717960008803 0.012591963126294993

1.300717960008803 0.012591963126294993
1.3038371877306467 0.013276035612860358

1.3038371877306467 0.013276035612860358
1.3069564154524904 0.013924656783288181

1.3069564154524904 0.013924656783288181
1.3100756431743339 0.014533283445672405

1.3100756431743339 0.014533283445672405
1.3131948708961776 0.015103767336392482

1.3131948708961776 0.015103767336392482
1.3160642931161792 0.01559613860921826

1.3160642931161792 0.01559613860921826
1.3163140986180213 0.015640540771783607

1.3163140986180213 0.015640540771783607
1.319433326339865 0.016138764195011458

1.319433326339865 0.016138764195011458
1.3225525540617087 0.016603967798362214

1.3225525540617087 0.016603967798362214
1.3256717817835522 0.017036393644063764

1.3256717817835522 0.017036393644063764
1.3287910095053959 0.017437943988325405

1.3287910095053959 0.017437943988325405
1.3319102372272396 0.017810564584968748

1.3319102372272396 0.017810564584968748
1.3350294649490833 0.018155715475743378

1.3350294649490833 0.018155715475743378
1.338148692670927 0.018474268755419347

1.338148692670927 0.018474268755419347
1.3407204495053431 0.018715366331061915

1.3407204495053431 0.018715366331061915
1.3412679203927704 0.018767426082809825

1.3412679203927704 0.018767426082809825
1.3443871481146141 0.019031724088239825

1.3443871481146141 0.019031724088239825
1.3475063758364578 0.019269694753219338

1.3475063758364578 0.019269694753219338
1.3506256035583015 0.01948018150913905

1.3506256035583015 0.01948018150913905
1.3537448312801452 0.019662048443852262

1.3537448312801452 0.019662048443852262
1.3568640590019887 0.01981454476686564

1.3568640590019887 0.01981454476686564
1.3599832867238324 0.01993782245717864

1.3599832867238324 0.01993782245717864
1.3631025144456761 0.020032187082218142

1.3631025144456761 0.020032187082218142
1.3662217421675198 0.020097101322501188

1.3662217421675198 0.020097101322501188
1.3693409698893635 0.020131631233466403

1.3693409698893635 0.020131631233466403
1.372460197611207 0.02013621840256721

1.372460197611207 0.02013621840256721
1.3755794253330507 0.020112642878208201

1.3755794253330507 0.020112642878208201
1.3786986530548944 0.020061458237412823

1.3786986530548944 0.020061458237412823
1.3818178807767381 0.019981449256533227

1.3818178807767381 0.019981449256533227
1.3849371084985815 0.019872941334913241

1.3849371084985815 0.019872941334913241
1.3880563362204252 0.019738756468289865

1.3880563362204252 0.019738756468289865
1.3911755639422689 0.019579823899527192

1.3911755639422689 0.019579823899527192
1.3942947916641126 0.019393281667968321

1.3942947916641126 0.019393281667968321
1.3974140193859563 0.019177618425811928

1.3974140193859563 0.019177618425811928
1.4005332471077998 0.018936736578717216

1.4005332471077998 0.018936736578717216
1.4031369759397261 0.018715366331061915

1.4031369759397261 0.018715366331061915
1.4036524748296435 0.018670858776155201

1.4036524748296435 0.018670858776155201
1.4067717025514872 0.018378697263875792

1.4067717025514872 0.018378697263875792
1.4098909302733309 0.018055402435708332

1.4098909302733309 0.018055402435708332
1.4130101579951746 0.017701595527856308

1.4130101579951746 0.017701595527856308
1.4161293857170181 0.01731788650354019

1.4161293857170181 0.01731788650354019
1.4192486134388618 0.016902570507833215

1.4192486134388618 0.016902570507833215
1.4223678411607055 0.01645381680617607

1.4223678411607055 0.01645381680617607
1.4254870688825492 0.015976208033240267

1.4254870688825492 0.015976208033240267
1.4278228233172796 0.01559613860921826

1.4278228233172796 0.01559613860921826
1.4286062966043929 0.015465861363461144

1.4286062966043929 0.015465861363461144
1.4317255243262363 0.014932540954331532

1.4317255243262363 0.014932540954331532
1.43484475204808 0.014366100974666987

1.43484475204808 0.014366100974666987
1.4379639797699237 0.013771403029765835

1.4379639797699237 0.013771403029765835
1.4410832074917674 0.013149263902208339

1.4410832074917674 0.013149263902208339
1.4442024352136111 0.012502370441531189

1.4442024352136111 0.012502370441531189
1.4443150550845849 0.012476910887374609

1.4443150550845849 0.012476910887374609
1.4473216629354546 0.011830554576924994

1.4473216629354546 0.011830554576924994
1.4504408906572983 0.011139516802417329

1.4504408906572983 0.011139516802417329
1.453560118379142 0.010425230856744443

1.453560118379142 0.010425230856744443
1.4566793461009857 0.0096940884140325097

1.4566793461009857 0.0096940884140325097
1.4580467877456489 0.0093576831655309556

1.4580467877456489 0.0093576831655309556
1.4597985738228294 0.0089297968339554414

1.4597985738228294 0.0089297968339554414
1.4629178015446729 0.0081686206127106753

1.4629178015446729 0.0081686206127106753
1.4660370292665166 0.007384658530010562

1.4660370292665166 0.007384658530010562
1.4691562569883603 0.0065906707925098527

1.4691562569883603 0.0065906707925098527
1.470476762189181 0.0062384554436873043

1.470476762189181 0.0062384554436873043
1.472275484710204 0.0057633884524135731

1.472275484710204 0.0057633884524135731
1.4753947124320475 0.0049435319395137829

1.4753947124320475 0.0049435319395137829
1.4785139401538911 0.0041030916446756086

1.4785139401538911 0.0041030916446756086
1.4816331678757348 0.003254307595209221

1.4816331678757348 0.003254307595209221
1.4820928978622254 0.0031192277218436517

1.4820928978622254 0.0031192277218436517
1.4847523955975785 0.002375863114793559

1.4847523955975785 0.002375863114793559
1.4878716233194222 0.0014894975834510353

1.4878716233194222 0.0014894975834510353
1.4909908510412657 0.00058949439889247101

1.4909908510412657 0.00058949439889247101
1.4929608929009353 0

1.4929608929009353 0
1.4941100787631094 -0.00035106339953811541

1.4941100787631094 -0.00035106339953811541
1.4972293064849531 -0.0012844654906167886

1.4972293064849531 -0.0012844654906167886
1.5003485342067968 -0.0022476497790226988

1.5003485342067968 -0.0022476497790226988
1.5031075522326218 -0.0031192277218436521

1.5031075522326218 -0.0031192277218436521
1.5034677619286405 -0.0032404819501527038

1.5034677619286405 -0.0032404819501527038
1.506586989650484 -0.0042364412909308927

1.506586989650484 -0.0042364412909308927
1.5097062173723277 -0.0052575856555196893

1.5097062173723277 -0.0052575856555196893
1.512655223342237 -0.0062384554436873043

1.512655223342237 -0.0062384554436873043
1.5128254450941714 -0.0062996396785421072

1.5128254450941714 -0.0062996396785421072
1.5159446728160151 -0.0073440091312633295

1.5159446728160151 -0.0073440091312633295
1.5190639005378588 -0.0083991377575511859

1.5190639005378588 -0.0083991377575511859
1.5218838842759677 -0.0093576831655309573

1.5218838842759677 -0.0093576831655309573
1.5221831282597023 -0.0094669102958419536

1.5221831282597023 -0.0094669102958419536
1.525302355981546 -0.010518631328321336

1.525302355981546 -0.010518631328321336
1.5284215837033897 -0.011570853296974135

1.5284215837033897 -0.011570853296974135
1.531122546300334 -0.012476910887374609

1.531122546300334 -0.012476910887374609
1.5315408114252334 -0.012626334100668459

1.5315408114252334 -0.012626334100668459
1.534660039147077 -0.013649897155316441

1.534660039147077 -0.013649897155316441
1.5377792668689205 -0.014667175570883855

1.5377792668689205 -0.014667175570883855
1.5406706493604951 -0.015596138609218262

1.5406706493604951 -0.015596138609218262
1.5408984945907642 -0.015674678612305884

1.5408984945907642 -0.015674678612305884
1.5440177223126079 -0.01665354175175306

1.5440177223126079 -0.01665354175175306
1.5471369500344516 -0.017620250441359078

1.5471369500344516 -0.017620250441359078
1.5502561777562953 -0.018563052377195702

1.5502561777562953 -0.018563052377195702
1.5507365880685149 -0.018715366331061911

1.5507365880685149 -0.018715366331061911
1.5533754054781388 -0.019507970414715189

1.5533754054781388 -0.019507970414715189
1.5564946331999825 -0.020421900497586409

1.5564946331999825 -0.020421900497586409
1.5596138609218262 -0.021308955313008276

1.5596138609218262 -0.021308955313008276
1.56146853345971 -0.021834594052905564

1.56146853345971 -0.021834594052905564
1.5627330886436699 -0.02219756906995992

1.5627330886436699 -0.02219756906995992
1.5658523163655134 -0.023041043776186629

1.5658523163655134 -0.023041043776186629
1.5689715440873571 -0.023866952332456077

1.5689715440873571 -0.023866952332456077
1.5720907718092008 -0.02465311866563551

1.5720907718092008 -0.02465311866563551
1.5732971819864103 -0.024953821774749217

1.5732971819864103 -0.024953821774749217
1.5752099995310445 -0.025423335124267189

1.5752099995310445 -0.025423335124267189
1.5783292272528882 -0.026141894766415943

1.5783292272528882 -0.026141894766415943
1.5814484549747316 -0.026823904768008198

1.5814484549747316 -0.026823904768008198
1.5845676826965753 -0.027462235254214425

1.5845676826965753 -0.027462235254214425
1.587686910418419 -0.028054541113864555

1.587686910418419 -0.028054541113864555
1.5877877488182024 -0.028073049496592867

1.5877877488182024 -0.028073049496592867
1.5908061381402627 -0.028603290047041045

1.5908061381402627 -0.028603290047041045
1.5939253658621064 -0.029104659950848849

1.5939253658621064 -0.029104659950848849
1.5970445935839499 -0.02955733707534124

1.5970445935839499 -0.02955733707534124
1.6001638213057936 -0.029960180599760768

1.6001638213057936 -0.029960180599760768
1.6032830490276373 -0.030314140207476553

1.6032830490276373 -0.030314140207476553
1.606402276749481 -0.030620355214547212

1.606402276749481 -0.030620355214547212
1.6095215044713247 -0.030878251634317566

1.6095215044713247 -0.030878251634317566
1.6126407321931682 -0.031086858453749189

1.6126407321931682 -0.031086858453749189
1.6146790426595616 -0.03119227721843652

1.6146790426595616 -0.03119227721843652
1.6157599599150119 -0.031248298318382019

1.6157599599150119 -0.031248298318382019
1.6188791876368556 -0.031359911041139464

1.6188791876368556 -0.031359911041139464
1.6219984153586993 -0.031420891998160998

1.6219984153586993 -0.031420891998160998
1.625117643080543 -0.031432381329522197

1.625117643080543 -0.031432381329522197
1.6282368708023864 -0.031395173935453824

1.6282368708023864 -0.031395173935453824
1.6313560985242301 -0.031309137708231925

1.6313560985242301 -0.031309137708231925
1.6340256731651535 -0.03119227721843652

1.6340256731651535 -0.03119227721843652
1.6344753262460738 -0.031172397664644906

1.6344753262460738 -0.031172397664644906
1.6375945539679175 -0.030983599238524676

1.6375945539679175 -0.030983599238524676
1.640713781689761 -0.030740775872380222

1.640713781689761 -0.030740775872380222
1.6438330094116047 -0.030443317135390235

1.6438330094116047 -0.030443317135390235
1.6469522371334484 -0.030091112832033296

1.6469522371334484 -0.030091112832033296
1.6500714648552921 -0.029684749438801585

1.6500714648552921 -0.029684749438801585
1.6531906925771358 -0.029225022819357665

1.6531906925771358 -0.029225022819357665
1.6563099202989793 -0.028713192701055143

1.6563099202989793 -0.028713192701055143
1.659429148020823 -0.028154623565437072

1.659429148020823 -0.028154623565437072
1.6598310488789128 -0.028073049496592867

1.6598310488789128 -0.028073049496592867
1.6625483757426667 -0.027540457987251937

1.6625483757426667 -0.027540457987251937
1.6656676034645104 -0.026881998273763467

1.6656676034645104 -0.026881998273763467
1.6687868311863541 -0.026178458830287254

1.6687868311863541 -0.026178458830287254
1.6719060589081975 -0.025439176644946368

1.6719060589081975 -0.025439176644946368
1.6738271052357958 -0.024953821774749217

1.6738271052357958 -0.024953821774749217
1.6750252866300412 -0.024646116739335606

1.6750252866300412 -0.024646116739335606
1.6781445143518849 -0.023833702730698635

1.6781445143518849 -0.023833702730698635
1.6812637420737286 -0.022976569954581166

1.6812637420737286 -0.022976569954581166
1.6843829697955723 -0.022096489260621782

1.6843829697955723 -0.022096489260621782
1.6852343884701866 -0.021834594052905564

1.6852343884701866 -0.021834594052905564
1.6875021975174158 -0.021159598397014881

1.6875021975174158 -0.021159598397014881
1.6906214252392595 -0.020204550501970564

1.6906214252392595 -0.020204550501970564
1.6937406529611032 -0.01922173876106377

1.6937406529611032 -0.01922173876106377
1.695244504347887 -0.018715366331061911

1.695244504347887 -0.018715366331061911
1.6968598806829469 -0.018172262337701299

1.6968598806829469 -0.018172262337701299
1.6999791084047906 -0.017116196810453822

1.6999791084047906 -0.017116196810453822
1.7030983361266341 -0.016026562675853104

1.7030983361266341 -0.016026562675853104
1.7042313970969205 -0.015596138609218262

1.7042313970969205 -0.015596138609218262
1.7062175638484778 -0.01485958760868859

1.7062175638484778 -0.01485958760868859
1.7093367915703215 -0.013687115727294768

1.7093367915703215 -0.013687115727294768
1.7124322961269676 -0.012476910887374609

1.7124322961269676 -0.012476910887374609
1.7124560192921652 -0.012466632461132044

1.7124560192921652 -0.012466632461132044
1.7155752470140089 -0.011209315525921207

1.7155752470140089 -0.011209315525921207
1.7186944747358524 -0.0099336685784589523

1.7186944747358524 -0.0099336685784589523
1.7199988315313706 -0.0093576831655309573

1.7199988315313706 -0.0093576831655309573
1.721813702457696 -0.0085693915607390723

1.721813702457696 -0.0085693915607390723
1.7249329301795397 -0.0072305844625838523

1.7249329301795397 -0.0072305844625838523
1.7271331459852295 -0.0062384554436873043

1.7271331459852295 -0.0062384554436873043
1.7280521579013834 -0.0058033853138768484

1.7280521579013834 -0.0058033853138768484
1.7311713856232269 -0.004405493787560613

1.7311713856232269 -0.004405493787560613
1.7339346965050819 -0.0031192277218436521

1.7339346965050819 -0.0031192277218436521
1.7342906133450706 -0.0029370149996392363

1.7342906133450706 -0.0029370149996392363
1.7374098410669143 -0.0014757172875128415

1.7374098410669143 -0.0014757172875128415
1.7404749530831138 0

1.7404749530831138 0
1.740529068788758 2.9501267575930516e-05

1.740529068788758 2.9501267575930516e-05
1.7436482965106017 0.0015508029918092558

1.7436482965106017 0.0015508029918092558
1.7467675242324452 0.003093643019870231

1.7467675242324452 0.003093643019870231
1.7468123187330196 0.0031192277218436517

1.7468123187330196 0.0031192277218436517
1.7498867519542889 0.0046630687380995496

1.7498867519542889 0.0046630687380995496
1.752983849981298 0.0062384554436873043

1.752983849981298 0.0062384554436873043
1.7530059796761326 0.0062513325911471435

1.7530059796761326 0.0062513325911471435
1.7561252073979763 0.0078558834313441489

1.7561252073979763 0.0078558834313441489
1.7589994170353347 0.0093576831655309556

1.7589994170353347 0.0093576831655309556
1.75924443511982 0.0095016575715922043

1.75924443511982 0.0095016575715922043
1.7623636628416635 0.01112968826688104

1.7623636628416635 0.01112968826688104
1.7648662146631149 0.012476910887374609

1.7648662146631149 0.012476910887374609
1.7654828905635072 0.012838576995927903

1.7654828905635072 0.012838576995927903
1.7686021182853509 0.014480445646428284

1.7686021182853509 0.014480445646428284
1.7706009217574157 0.01559613860921826

1.7706009217574157 0.01559613860921826
1.7717213460071946 0.016247564799658235

1.7717213460071946 0.016247564799658235
1.7748405737290383 0.017905536782586304

1.7748405737290383 0.017905536782586304
1.7762268300933828 0.018715366331061915

1.7762268300933828 0.018715366331061915
1.7779598014508817 0.01971207876568945

1.7779598014508817 0.01971207876568945
1.7810790291727254 0.021403952827309867

1.7810790291727254 0.021403952827309867
1.7817743336304697 0.021834594052905568

1.7817743336304697 0.021834594052905568
1.7841982568945691 0.023217966391333476

1.7841982568945691 0.023217966391333476
1.787262288614333 0.024953821774749217

1.787262288614333 0.024953821774749217
1.7873174846164128 0.024989825694807656

1.7873174846164128 0.024989825694807656
1.7904367123382565 0.026756287911380662

1.7904367123382565 0.026756287911380662
1.7927060123593854 0.02807304949659287

1.7927060123593854 0.02807304949659287
1.7935559400601 0.028601134740512964

1.7935559400601 0.028601134740512964
1.7966751677819437 0.030322637655271111

1.7966751677819437 0.030322637655271111
1.7981174237855277 0.03119227721843652

1.7981174237855277 0.03119227721843652
1.7997943955037874 0.032192212346276061

1.7997943955037874 0.032192212346276061
1.8029136232256311 0.03393229911206453

1.8029136232256311 0.03393229911206453
1.8035053427823149 0.034311504940280173

1.8035053427823149 0.034311504940280173
1.8060328509474748 0.035785965584631298

1.8060328509474748 0.035785965584631298
1.8088704040684584 0.037430732662123822

1.8088704040684584 0.037430732662123822
1.8091520786693183 0.03761518357754922

1.8091520786693183 0.03761518357754922
1.812271306391162 0.039385335848641276

1.812271306391162 0.039385335848641276
1.8142345906058901 0.040549960383967479

1.8142345906058901 0.040549960383967479
1.8153905341130057 0.041262880829198802

1.8153905341130057 0.041262880829198802
1.8185097618348494 0.042991914177431471

1.8185097618348494 0.042991914177431471
1.8196094143734902 0.043669188105811128

1.8196094143734902 0.043669188105811128
1.8216289895566928 0.044858513158848

1.8216289895566928 0.044858513158848
1.8247482172785365 0.046609999229776392

1.8247482172785365 0.046609999229776392
1.8250245941510201 0.046788415827654778

1.8250245941510201 0.046788415827654778
1.8278674450003802 0.048411678644269172

1.8278674450003802 0.048411678644269172
1.8304974657710344 0.049907643549498434

1.8304974657710344 0.049907643549498434
1.8309866727222239 0.050215494390911317

1.8309866727222239 0.050215494390911317
1.8341059004440676 0.051917657453201316

1.8341059004440676 0.051917657453201316
1.8360604374931682 0.053026871271342084

1.8360604374931682 0.053026871271342084
1.8372251281659111 0.053711872803744502

1.8372251281659111 0.053711872803744502
1.8403443558877548 0.055359672701183346

1.8403443558877548 0.055359672701183346
1.8417271902677286 0.056146098993185733

1.8417271902677286 0.056146098993185733
1.8434635836095985 0.057117107049528763

1.8434635836095985 0.057117107049528763
1.8465828113314422 0.058737578259567456

1.8465828113314422 0.058737578259567456
1.8475077086390024 0.05926532671502939

1.8475077086390024 0.05926532671502939
1.8497020390532859 0.060447672201280445

1.8497020390532859 0.060447672201280445
1.8528212667751294 0.06204816516012223

1.8528212667751294 0.06204816516012223
1.8534112444851434 0.06238455443687304

1.8534112444851434 0.06238455443687304
1.8559404944969731 0.063708286659643662

1.8559404944969731 0.063708286659643662
1.8590597222188168 0.065290508722792032

1.8590597222188168 0.065290508722792032
1.8594360850166993 0.065503782158716703

1.8594360850166993 0.065503782158716703
1.8621789499406605 0.066906073939703908

1.8621789499406605 0.066906073939703908
1.8652981776625042 0.06845926661722003

1.8652981776625042 0.06845926661722003
1.8655934283818902 0.068623009880560346

1.8655934283818902 0.068623009880560346
1.8684174053843476 0.070029668365479539

1.8684174053843476 0.070029668365479539
1.8715366331061913 0.071541040541031983

1.8715366331061913 0.071541040541031983
1.871913120720035 0.071742237602404002

1.871913120720035 0.071742237602404002
1.874655860828035 0.073071718181860396

1.874655860828035 0.073071718181860396
1.8777750885498787 0.074529215814749666

1.8777750885498787 0.074529215814749666
1.8784348307612715 0.074861465324247659

1.8784348307612715 0.074861465324247659
1.8808943162717224 0.076014714776034178

1.8808943162717224 0.076014714776034178
1.8840135439935659 0.077410620712990041

1.8840135439935659 0.077410620712990041
1.8852342598112339 0.077980693046091315

1.8852342598112339 0.077980693046091315
1.8871327717154096 0.078844275026861171

1.8871327717154096 0.078844275026861171
1.8902519994372533 0.080184547270846951

1.8902519994372533 0.080184547270846951
1.8923759353292946 0.081099920767934958

1.8923759353292946 0.081099920767934958
1.893371227159097 0.081545592566166003

1.893371227159097 0.081545592566166003
1.8964904548809407 0.082819474937893531

1.8964904548809407 0.082819474937893531
1.8996096826027842 0.084071975686265829

1.8996096826027842 0.084071975686265829
1.8999519395304352 0.084219148489778614

1.8999519395304352 0.084219148489778614
1.9027289103246279 0.085319493442830657

1.9027289103246279 0.085319493442830657
1.9058481380464716 0.086518257962141271

1.9058481380464716 0.086518257962141271
1.9079942037453157 0.087338376211622271

1.9079942037453157 0.087338376211622271
1.9089673657683153 0.087723691740770784

1.9089673657683153 0.087723691740770784
1.9120865934901587 0.088864360985067198

1.9120865934901587 0.088864360985067198
1.9152058212120024 0.089987077360179843

1.9152058212120024 0.089987077360179843
1.9164779942044214 0.090457603933465913

1.9164779942044214 0.090457603933465913
1.9183250489338461 0.091128726511976552

1.9183250489338461 0.091128726511976552
1.9214442766556898 0.092216150748504019

1.9214442766556898 0.092216150748504019
1.9245635043775335 0.093282871097695147

1.9245635043775335 0.093282871097695147
1.9253870911063993 0.09357683165530957

1.9253870911063993 0.09357683165530957
1.927682732099377 0.094362318780211257

1.927682732099377 0.094362318780211257
1.9308019598212207 0.095396165130106653

1.9308019598212207 0.095396165130106653
1.9339211875430644 0.096402081291594027

1.9339211875430644 0.096402081291594027
1.9348040939404147 0.096696059377153226

1.9348040939404147 0.096696059377153226
1.9370404152649081 0.097413923261557345

1.9370404152649081 0.097413923261557345
1.9401596429867518 0.09837793455670775

1.9401596429867518 0.09837793455670775
1.9432788707085953 0.099312321197034537

1.9432788707085953 0.099312321197034537
1.9449677655013107 0.099815287098996869

1.9449677655013107 0.099815287098996869
1.946398098430439 0.10024337595068053

1.946398098430439 0.10024337595068053
1.9495173261522827 0.10111941378712501

1.9495173261522827 0.10111941378712501
1.9526365538741264 0.10197317956599865

1.9526365538741264 0.10197317956599865
1.9557557815959701 0.10279034782304239

1.9557557815959701 0.10279034782304239
1.9562966090430627 0.10293451482084053

1.9562966090430627 0.10293451482084053
1.9588750093178136 0.1035923679867814

1.9588750093178136 0.1035923679867814
1.9619942370396573 0.10435567063191846

1.9619942370396573 0.10435567063191846
1.9651134647615009 0.10508994443795745

1.9651134647615009 0.10508994443795745
1.9682326924833446 0.10578999558593517

1.9682326924833446 0.10578999558593517
1.9694192709969716 0.10605374254268418

1.9694192709969716 0.10605374254268418
1.9713519202051883 0.10647721756387193

1.9713519202051883 0.10647721756387193
1.9744711479270318 0.10712530181262618

1.9744711479270318 0.10712530181262618
1.9775903756488755 0.10774999742925816

1.9775903756488755 0.10774999742925816
1.9807096033707192 0.10834795874573046

1.9807096033707192 0.10834795874573046
1.9838288310925629 0.10891586809766876

1.9838288310925629 0.10891586809766876
1.9852785585545669 0.10917297026452782

1.9852785585545669 0.10917297026452782
1.9869480588144066 0.10946781643311464

1.9869480588144066 0.10946781643311464
1.9900672865362501 0.1099847782971583

1.9900672865362501 0.1099847782971583
1.9931865142580938 0.1104782428141961

1.9931865142580938 0.1104782428141961
1.9963057419799375 0.11094434817866652

1.9963057419799375 0.11094434817866652
1.9994249697017812 0.11138268792104621

1.9994249697017812 0.11138268792104621
2.0025441974236244 0.11179419024956509

2.0025441974236244 0.11179419024956509
2.0056634251454684 0.11217860647560737

2.0056634251454684 0.11217860647560737
2.0066304698419475 0.11229219798637148

2.0066304698419475 0.11229219798637148
2.0087826528673118 0.11254195617758107

2.0087826528673118 0.11254195617758107
2.0119018805891553 0.11287727327119765

2.0119018805891553 0.11287727327119765
2.0150211083109992 0.11318876742816501

2.0150211083109992 0.11318876742816501
2.0181403360328427 0.1134774275159544

2.0181403360328427 0.1134774275159544
2.0212595637546866 0.11374476462743169

2.0212595637546866 0.11374476462743169
2.0243787914765301 0.1139915997908152

2.0243787914765301 0.1139915997908152
2.0274980191983736 0.11421833481553129

2.0274980191983736 0.11421833481553129
2.0306172469202175 0.11442530733874071

2.0306172469202175 0.11442530733874071
2.033736474642061 0.1146126562018516

2.033736474642061 0.1146126562018516
2.0368557023639049 0.11477986750360816

2.0368557023639049 0.11477986750360816
2.0399749300857484 0.11492573948893972

2.0399749300857484 0.11492573948893972
2.0430941578075918 0.1150488166296546

2.0430941578075918 0.1150488166296546
2.0462133855294358 0.11514787877931379

2.0462133855294358 0.11514787877931379
2.0493326132512792 0.11522204960618893

2.0493326132512792 0.11522204960618893
2.0524518409731232 0.11527053483383813

2.0524518409731232 0.11527053483383813
2.0555710686949666 0.11529250519089851

2.0555710686949666 0.11529250519089851
2.0586902964168101 0.1152875191217857

2.0586902964168101 0.1152875191217857
2.061809524138654 0.11525605614569012

2.061809524138654 0.11525605614569012
2.0649287518604975 0.11519934758308556

2.0649287518604975 0.11519934758308556
2.0680479795823414 0.1151185838720771

2.0680479795823414 0.1151185838720771
2.0711672073041849 0.11501466529001277

2.0711672073041849 0.11501466529001277
2.0742864350260284 0.1148890671162936

2.0742864350260284 0.1148890671162936
2.0774056627478723 0.11474447874263485

2.0774056627478723 0.11474447874263485
2.0805248904697158 0.1145836943591534

2.0805248904697158 0.1145836943591534
2.0836441181915597 0.11440804238269985

2.0836441181915597 0.11440804238269985
2.0867633459134032 0.11421817559803209

2.0867633459134032 0.11421817559803209
2.0898825736352467 0.11401628131285552

2.0898825736352467 0.11401628131285552
2.0930018013570906 0.11380537557453177

2.0930018013570906 0.11380537557453177
2.0961210290789341 0.113585963502846

2.0961210290789341 0.113585963502846
2.099240256800778 0.1133564278827857

2.099240256800778 0.1133564278827857
2.1023594845226214 0.11311739188319887

2.1023594845226214 0.11311739188319887
2.1054787122444649 0.1128713563847272

2.1054787122444649 0.1128713563847272
2.1085979399663088 0.1126180644673931

2.1085979399663088 0.1126180644673931
2.1117171676881523 0.11235544330318925

2.1117171676881523 0.11235544330318925
2.1124324940023609 0.11229219798637148

2.1124324940023609 0.11229219798637148
2.1148363954099962 0.11208212063453284

2.1148363954099962 0.11208212063453284
2.1179556231318397 0.11180177722720083

2.1179556231318397 0.11180177722720083
2.1210748508536832 0.11151156087760927

2.1210748508536832 0.11151156087760927
2.1241940785755271 0.11121212587012899

2.1241940785755271 0.11121212587012899
2.1273133062973706 0.1109029325527174

2.1273133062973706 0.1109029325527174
2.1304325340192141 0.11058505236786147

2.1304325340192141 0.11058505236786147
2.133551761741058 0.11026053656706822

2.133551761741058 0.11026053656706822
2.1366709894629015 0.10993057099200453

2.1366709894629015 0.10993057099200453
2.1397902171847454 0.10959605176562061

2.1397902171847454 0.10959605176562061
2.1429094449065889 0.10925861593080209

2.1429094449065889 0.10925861593080209
2.1436827584856197 0.10917297026452782

2.1436827584856197 0.10917297026452782
2.1460286726284323 0.10891675428081797

2.1460286726284323 0.10891675428081797
2.1491479003502763 0.10857627538528125

2.1491479003502763 0.10857627538528125
2.1522671280721197 0.1082329888236557

2.1522671280721197 0.1082329888236557
2.1553863557939636 0.10788870401001151

2.1553863557939636 0.10788870401001151
2.1585055835158071 0.10754372394492631

2.1585055835158071 0.10754372394492631
2.1616248112376506 0.10719829339751022

2.1616248112376506 0.10719829339751022
2.1647440389594945 0.10685274297763281

2.1647440389594945 0.10685274297763281
2.167863266681338 0.10650722747457891

2.167863266681338 0.10650722747457891
2.1709824944031819 0.1061632800848554

2.1709824944031819 0.1061632800848554
2.171963997695316 0.10605374254268418

2.171963997695316 0.10605374254268418
2.1741017221250254 0.10581764145758067

2.1741017221250254 0.10581764145758067
2.1772209498468689 0.10547717691462059

2.1772209498468689 0.10547717691462059
2.1803401775687128 0.10513885800076464

2.1803401775687128 0.10513885800076464
2.1834594052905563 0.10480499824755529

2.1834594052905563 0.10480499824755529
2.1865786330124002 0.10447658237815408

2.1865786330124002 0.10447658237815408
2.1896978607342437 0.10415441737691521

2.1896978607342437 0.10415441737691521
2.1928170884560871 0.10383957168595744

2.1928170884560871 0.10383957168595744
2.1959363161779311 0.10353300465630579

2.1959363161779311 0.10353300465630579
2.1959363161779311 0.10353300465630579

2.1959363161779311 0.10353300465630579
2.1990555438997745 0.10323521020809465

2.1990555438997745 0.10323521020809465
2.2021747716216185 0.10294656537961201

2.2021747716216185 0.10294656537961201
2.2023061362226244 0.10293451482084053

2.2023061362226244 0.10293451482084053
2.2052939993434619 0.10266615723622186

2.2052939993434619 0.10266615723622186
2.2084132270653054 0.10239446864851293

2.2084132270653054 0.10239446864851293
2.2115324547871493 0.10213087782047893

2.2115324547871493 0.10213087782047893
2.2146516825089928 0.10187487525221323

2.2146516825089928 0.10187487525221323
2.2177709102308367 0.10162596348381239

2.2177709102308367 0.10162596348381239
2.2208901379526802 0.1013837674646625

2.2208901379526802 0.1013837674646625
2.2240093656745237 0.10114799142970576

2.2240093656745237 0.10114799142970576
2.2271285933963676 0.10091837449901052

2.2271285933963676 0.10091837449901052
2.2302478211182111 0.10069484007728147

2.2302478211182111 0.10069484007728147
2.233367048840055 0.10047763616545027

2.233367048840055 0.10047763616545027
2.2364862765618985 0.1002671708271774

2.2364862765618985 0.1002671708271774
2.2396055042837419 0.10006387843973545

2.2396055042837419 0.10006387843973545
2.2427247320055859 0.099868666222168584

2.2427247320055859 0.099868666222168584
2.2436062919380571 0.099815287098996869

2.2436062919380571 0.099815287098996869
2.2458439597274293 0.099680726242094758

2.2458439597274293 0.099680726242094758
2.2489631874492733 0.099502284444428865

2.2489631874492733 0.099502284444428865
2.2520824151711167 0.099333439766399356

2.2520824151711167 0.099333439766399356
2.2552016428929602 0.099175007117181913

2.2552016428929602 0.099175007117181913
2.2583208706148041 0.09902729786901926

2.2583208706148041 0.09902729786901926
2.2614400983366476 0.098890308958814233

2.2614400983366476 0.098890308958814233
2.2645593260584915 0.098763858084688252

2.2645593260584915 0.098763858084688252
2.267678553780335 0.098647744824125083

2.267678553780335 0.098647744824125083
2.2707977815021785 0.098541840324512076

2.2707977815021785 0.098541840324512076
2.2739170092240224 0.098446013592395451

2.2739170092240224 0.098446013592395451
2.2770362369458659 0.09835989194979386

2.2770362369458659 0.09835989194979386
2.2801554646677098 0.098282631017710134

2.2801554646677098 0.098282631017710134
2.2832746923895533 0.098212896207115832

2.2832746923895533 0.098212896207115832
2.2863939201113967 0.098149046001712037

2.2863939201113967 0.098149046001712037
2.2895131478332407 0.098089372374880149

2.2895131478332407 0.098089372374880149
2.2926323755550841 0.098032429524517184

2.2926323755550841 0.098032429524517184
2.2957516032769281 0.097977389453634642

2.2957516032769281 0.097977389453634642
2.2988708309987715 0.097924211883589657

2.2988708309987715 0.097924211883589657
2.301990058720615 0.097873569037194588

2.301990058720615 0.097873569037194588
2.3051092864424589 0.097826566824197145

2.3051092864424589 0.097826566824197145
2.3082285141643024 0.09778439478845749

2.3082285141643024 0.09778439478845749
2.3113477418861459 0.097748036623549819

2.3113477418861459 0.097748036623549819
2.3144669696079898 0.097718140489322036

2.3144669696079898 0.097718140489322036
2.3175861973298333 0.097695064215513827

2.3175861973298333 0.097695064215513827
2.3207054250516772 0.097678994648924045

2.3207054250516772 0.097678994648924045
2.3238246527735207 0.097670017652873461

2.3238246527735207 0.097670017652873461
2.3269438804953642 0.097668114222866156

2.3269438804953642 0.097668114222866156
2.3300631082172081 0.097673126424391188

2.3300631082172081 0.097673126424391188
2.3331823359390516 0.097684716582131709

2.3331823359390516 0.097684716582131709
2.3363015636608955 0.097702335607166221

2.3363015636608955 0.097702335607166221
2.339420791382739 0.097725211837401654

2.339420791382739 0.097725211837401654
2.3425400191045824 0.097752373089199193

2.3425400191045824 0.097752373089199193
2.3456592468264263 0.097782721158059832

2.3456592468264263 0.097782721158059832
2.3487784745482698 0.097815165003983004

2.3487784745482698 0.097815165003983004
2.3518977022701137 0.097848774664286639

2.3518977022701137 0.097848774664286639
2.3550169299919572 0.097882904067431165

2.3550169299919572 0.097882904067431165
2.3581361577138007 0.097917262246677794

2.3581361577138007 0.097917262246677794
2.3612553854356446 0.097951945951546049

2.3612553854356446 0.097951945951546049
2.3643746131574881 0.097987455625058922

2.3643746131574881 0.097987455625058922
2.367493840879332 0.098024689892963937

2.367493840879332 0.098024689892963937
2.3706130686011755 0.098064883007458081

2.3706130686011755 0.098064883007458081
2.373732296323019 0.098109510915129872

2.373732296323019 0.098109510915129872
2.3768515240448629 0.098160122455073384

2.3768515240448629 0.098160122455073384
2.3799707517667064 0.098218161451105221

2.3799707517667064 0.098218161451105221
2.3830899794885503 0.098284720590597383

2.3830899794885503 0.098284720590597383
2.3862092072103938 0.098360405112760688

2.3862092072103938 0.098360405112760688
2.3893284349322372 0.098445355612812147

2.3893284349322372 0.098445355612812147
2.3924476626540812 0.098539253406463842

2.3924476626540812 0.098539253406463842
2.3955668903759246 0.098641402440512546

2.3955668903759246 0.098641402440512546
2.3986861180977685 0.09875078467444641

2.3986861180977685 0.09875078467444641
2.401805345819612 0.098866065231739658

2.401805345819612 0.098866065231739658
2.4049245735414555 0.098985614154671414

2.4049245735414555 0.098985614154671414
2.4080438012632994 0.099107668111245481

2.4080438012632994 0.099107668111245481
2.4111630289851429 0.099230616004417738

2.4111630289851429 0.099230616004417738
2.4142822567069868 0.099353174621349877

2.4142822567069868 0.099353174621349877
2.4174014844288303 0.099474484581596787

2.4174014844288303 0.099474484581596787
2.4205207121506738 0.099594076680421764

2.4205207121506738 0.099594076680421764
2.4236399398725177 0.099712030222877529

2.4236399398725177 0.099712030222877529
2.4263869669914691 0.099815287098996869

2.4263869669914691 0.099815287098996869
2.4267591675943612 0.09982937834838089

2.4267591675943612 0.09982937834838089
2.4298783953162051 0.099947319243431199

2.4298783953162051 0.099947319243431199
2.4329976230380486 0.10006802351285586

2.4329976230380486 0.10006802351285586
2.436116850759892 0.10019317108838362

2.436116850759892 0.10019317108838362
2.439236078481736 0.10032426808590246

2.439236078481736 0.10032426808590246
2.4423553062035794 0.10046235670072319

2.4423553062035794 0.10046235670072319
2.4454745339254234 0.10060800135144231

2.4454745339254234 0.10060800135144231
2.4485937616472668 0.10076129946490359

2.4485937616472668 0.10076129946490359
2.4517129893691103 0.10092194040932206

2.4517129893691103 0.10092194040932206
2.4548322170909542 0.10108923531412174

2.4548322170909542 0.10108923531412174
2.4579514448127977 0.10126208881215071

2.4579514448127977 0.10126208881215071
2.4610706725346416 0.10143901432972774

2.4610706725346416 0.10143901432972774
2.4641899002564851 0.10161821388906735

2.4641899002564851 0.10161821388906735
2.4673091279783286 0.1017976802318305

2.4673091279783286 0.1017976802318305
2.4704283557001725 0.10197532990360929

2.4704283557001725 0.10197532990360929
2.473547583422016 0.10214925372937592

2.473547583422016 0.10214925372937592
2.4766668111438599 0.10231808613402281

2.4766668111438599 0.10231808613402281
2.4797860388657034 0.10248133731989302

2.4797860388657034 0.10248133731989302
2.4829052665875468 0.10263929085813664

2.4829052665875468 0.10263929085813664
2.4860244943093908 0.10279289031450516

2.4860244943093908 0.10279289031450516
2.4889572781386011 0.10293451482084053

2.4889572781386011 0.10293451482084053
2.4891437220312342 0.10294361410200059

2.4891437220312342 0.10294361410200059
2.4922629497530777 0.10309280315516414

2.4922629497530777 0.10309280315516414
2.4953821774749216 0.10324268024746033

2.4953821774749216 0.10324268024746033
2.4985014051967651 0.10339505428758967

2.4985014051967651 0.10339505428758967
2.501620632918609 0.10355177494309767

2.501620632918609 0.10355177494309767
2.5047398606404525 0.10371454210495115

2.5047398606404525 0.10371454210495115
2.507859088362296 0.10388465678716274

2.507859088362296 0.10388465678716274
2.5109783160841399 0.10406281892999217

2.5109783160841399 0.10406281892999217
2.5140975438059834 0.10424906907190777

2.5140975438059834 0.10424906907190777
2.5172167715278273 0.10444276611411749

2.5172167715278273 0.10444276611411749
2.5203359992496708 0.10464273321597929

2.5203359992496708 0.10464273321597929
2.5234552269715143 0.10484732211866443

2.5234552269715143 0.10484732211866443
2.5265744546933582 0.10505448014653992

2.5265744546933582 0.10505448014653992
2.5296936824152016 0.10526203951387589

2.5296936824152016 0.10526203951387589
2.5328129101370456 0.10546792688993853

2.5328129101370456 0.10546792688993853
2.535932137858889 0.10567024630296301

2.535932137858889 0.10567024630296301
2.5390513655807325 0.10586731316092153

2.5390513655807325 0.10586731316092153
2.5421015844753039 0.10605374254268418

2.5421015844753039 0.10605374254268418
2.5421705933025764 0.10605802168293665

2.5421705933025764 0.10605802168293665
2.5452898210244199 0.10624167601459202

2.5452898210244199 0.10624167601459202
2.5484090487462638 0.10641851307967799

2.5484090487462638 0.10641851307967799
2.5515282764681073 0.10658903621207511

2.5515282764681073 0.10658903621207511
2.5546475041899508 0.10675434506902774

2.5546475041899508 0.10675434506902774
2.5577667319117947 0.10691596822093891

2.5577667319117947 0.10691596822093891
2.5608859596336382 0.10707562441906772

2.5608859596336382 0.10707562441906772
2.5640051873554821 0.10723495965754147

2.5640051873554821 0.10723495965754147
2.5671244150773256 0.10739546339552945

2.5671244150773256 0.10739546339552945
2.5702436427991691 0.10755832164319822

2.5702436427991691 0.10755832164319822
2.573362870521013 0.10772440407487602

2.573362870521013 0.10772440407487602
2.5764820982428565 0.10789404222630167

2.5764820982428565 0.10789404222630167
2.5796013259647004 0.1080667965751238

2.5796013259647004 0.1080667965751238
2.5827205536865439 0.10824165372306836

2.5827205536865439 0.10824165372306836
2.5858397814083873 0.10841717583430027

2.5858397814083873 0.10841717583430027
2.5889590091302312 0.1085916967972439

2.5889590091302312 0.1085916967972439
2.5920782368520747 0.10876347374041488

2.5920782368520747 0.10876347374041488
2.5951974645739186 0.10893079818481935

2.5951974645739186 0.10893079818481935
2.5983166922957621 0.10909176619123269

2.5983166922957621 0.10909176619123269
2.5999568049385302 0.10917297026452782

2.5999568049385302 0.10917297026452782
2.6014359200176056 0.10924622788209766

2.6014359200176056 0.10924622788209766
2.6045551477394495 0.10939220853846104

2.6045551477394495 0.10939220853846104
2.607674375461293 0.10953022707403076

2.607674375461293 0.10953022707403076
2.6107936031831369 0.10965991130122817

2.6107936031831369 0.10965991130122817
2.6139128309049804 0.10978151967614956

2.6139128309049804 0.10978151967614956
2.6170320586268239 0.10989557311344454

2.6170320586268239 0.10989557311344454
2.6201512863486678 0.11000260215335919

2.6201512863486678 0.11000260215335919
2.6232705140705113 0.11010292738284121

2.6232705140705113 0.11010292738284121
2.6263897417923552 0.11019662131722975

2.6263897417923552 0.11019662131722975
2.6295089695141987 0.1102836560199978

2.6295089695141987 0.1102836560199978
2.6326281972360421 0.11036404908453688

2.6326281972360421 0.11036404908453688
2.6357474249578861 0.11043779999635896

2.6357474249578861 0.11043779999635896
2.6388666526797295 0.11050463335055127

2.6388666526797295 0.11050463335055127
2.6419858804015734 0.11056383136914066

2.6419858804015734 0.11056383136914066
2.6451051081234169 0.11061429211518768

2.6451051081234169 0.11061429211518768
2.6482243358452604 0.11065484133875225

2.6482243358452604 0.11065484133875225
2.6513435635671043 0.11068447369017263

2.6513435635671043 0.11068447369017263
2.6544627912889478 0.11070223720963779

2.6544627912889478 0.11070223720963779
2.6575820190107917 0.11070714539499527

2.6575820190107917 0.11070714539499527
2.6607012467326352 0.11069817793864947

2.6607012467326352 0.11069817793864947
2.6638204744544787 0.11067442702662769

2.6638204744544787 0.11067442702662769
2.6669397021763226 0.11063527026525057

2.6669397021763226 0.11063527026525057
2.6700589298981661 0.11058035548772117

2.6700589298981661 0.11058035548772117
2.6731781576200095 0.11050977895938011

2.6731781576200095 0.11050977895938011
2.6762973853418535 0.11042405332724477

2.6762973853418535 0.11042405332724477
2.6794166130636969 0.11032396902884796

2.6794166130636969 0.11032396902884796
2.6825358407855409 0.11021057705861934

2.6825358407855409 0.11021057705861934
2.6856550685073843 0.11008498063125367

2.6856550685073843 0.11008498063125367
2.6887742962292278 0.10994799561645924

2.6887742962292278 0.10994799561645924
2.6918935239510717 0.10979978693512452

2.6918935239510717 0.10979978693512452
2.6950127516729152 0.10963984412942236

2.6950127516729152 0.10963984412942236
2.6981319793947591 0.10946714391806125

2.6981319793947591 0.10946714391806125
2.7012512071166026 0.10928079816877984

2.7012512071166026 0.10928079816877984
2.7029088417197489 0.10917297026452782

2.7029088417197489 0.10917297026452782
2.7043704348384461 0.10907773566137526

2.7043704348384461 0.10907773566137526
2.70748966256029 0.10885932126005995

2.70748966256029 0.10885932126005995
2.7106088902821335 0.10862217273081806

2.7106088902821335 0.10862217273081806
2.7137281180039774 0.10836545884872562

2.7137281180039774 0.10836545884872562
2.7168473457258209 0.10808797682601876

2.7168473457258209 0.10808797682601876
2.7199665734476643 0.10778857162820758

2.7199665734476643 0.10778857162820758
2.7230858011695083 0.10746634400356475

2.7230858011695083 0.10746634400356475
2.7262050288913517 0.10712098149691096

2.7262050288913517 0.10712098149691096
2.7293242566131957 0.10675264310564253

2.7293242566131957 0.10675264310564253
2.7324434843350391 0.10636245778310893

2.7324434843350391 0.10636245778310893
2.7347734579963396 0.10605374254268418

2.7347734579963396 0.10605374254268418
2.7355627120568826 0.10594733631383656

2.7355627120568826 0.10594733631383656
2.7386819397787265 0.10551582011906002

2.7386819397787265 0.10551582011906002
2.74180116750057 0.10506168432020824

2.74180116750057 0.10506168432020824
2.7449203952224139 0.10458739330359086

2.7449203952224139 0.10458739330359086
2.7480396229442574 0.10409347336939168

2.7480396229442574 0.10409347336939168
2.7511588506661009 0.10358013293180318

2.7511588506661009 0.10358013293180318
2.7542780783879448 0.10305154019347429

2.7542780783879448 0.10305154019347429
2.7549270371277812 0.10293451482084053

2.7549270371277812 0.10293451482084053
2.7573973061097883 0.1025002430565099

2.7573973061097883 0.1025002430565099
2.7605165338316322 0.10193763977284087

2.7605165338316322 0.10193763977284087
2.7636357615534757 0.10135437358742072

2.7636357615534757 0.10135437358742072
2.7667549892753192 0.10074964211694143

2.7667549892753192 0.10074964211694143
2.7698742169971631 0.10012721529849761

2.7698742169971631 0.10012721529849761
2.7713539303864509 0.099815287098996869

2.7713539303864509 0.099815287098996869
2.7729934447190066 0.099470302473701089

2.7729934447190066 0.099470302473701089
2.7761126724408505 0.098803786683439337

2.7761126724408505 0.098803786683439337
2.7792319001626939 0.098109120870747066

2.7792319001626939 0.098109120870747066
2.7823511278845374 0.097387703164861963

2.7823511278845374 0.097387703164861963
2.7852203111765519 0.096696059377153226

2.7852203111765519 0.096696059377153226
2.7854703556063813 0.096632487062252775

2.7854703556063813 0.096632487062252775
2.7885895833282248 0.095852985505582633

2.7885895833282248 0.095852985505582633
2.7917088110500687 0.09503988296468327

2.7917088110500687 0.09503988296468327
2.7948280387719122 0.094201397205298978

2.7948280387719122 0.094201397205298978
2.7970592927283273 0.09357683165530957

2.7970592927283273 0.09357683165530957
2.7979472664937557 0.093320270031233596

2.7979472664937557 0.093320270031233596
2.8010664942155996 0.09243434827530414

2.8010664942155996 0.09243434827530414
2.8041857219374431 0.091512838870611776

2.8041857219374431 0.091512838870611776
2.807304949659287 0.090571628370139198

2.807304949659287 0.090571628370139198
2.8076490360966928 0.090457603933465913

2.8076490360966928 0.090457603933465913
2.8104241773811305 0.089593144278335674

2.8104241773811305 0.089593144278335674
2.813543405102974 0.088604144381728589

2.813543405102974 0.088604144381728589
2.8166626328248179 0.087604652316124854

2.8166626328248179 0.087604652316124854
2.8174301792861174 0.087338376211622271

2.8174301792861174 0.087338376211622271
2.8197818605466614 0.086556419740722923

2.8197818605466614 0.086556419740722923
2.8229010882685053 0.085505646604048663

2.8229010882685053 0.085505646604048663
2.8260203159903488 0.084434931618994041

2.8260203159903488 0.084434931618994041
2.8265926989341197 0.084219148489778614

2.8265926989341197 0.084219148489778614
2.8291395437121922 0.083312363704472536

2.8291395437121922 0.083312363704472536
2.8322587714340361 0.082182600899279354

2.8322587714340361 0.082182600899279354
2.8351522938400238 0.081099920767934958

2.8351522938400238 0.081099920767934958
2.8353779991558796 0.081007985921470196

2.8353779991558796 0.081007985921470196
2.8384972268777231 0.079813434491950525

2.8384972268777231 0.079813434491950525
2.841616454599567 0.078592308985614118

2.841616454599567 0.078592308985614118
2.8430698637772278 0.077980693046091315

2.8430698637772278 0.077980693046091315
2.8447356823214105 0.077283583219328558

2.8447356823214105 0.077283583219328558
2.8478549100432544 0.075985960697869254

2.8478549100432544 0.075985960697869254
2.850425264531212 0.074861465324247659

2.850425264531212 0.074861465324247659
2.8509741377650979 0.07460254395618364

2.8509741377650979 0.07460254395618364
2.8540933654869414 0.073219325014105441

2.8540933654869414 0.073219325014105441
2.8572125932087853 0.071779136684482173

2.8572125932087853 0.071779136684482173
2.8572814327891103 0.071742237602404002

2.8572814327891103 0.071742237602404002
2.8603318209306288 0.070290594514328605

2.8603318209306288 0.070290594514328605
2.8634510486524727 0.068782535517321025

2.8634510486524727 0.068782535517321025
2.863737699698917 0.068623009880560346

2.863737699698917 0.068623009880560346
2.8665702763743162 0.06720585878263452

2.8665702763743162 0.06720585878263452
2.8696895040961596 0.065632906811485675

2.8696895040961596 0.065632906811485675
2.8699107031983151 0.065503782158716703

2.8699107031983151 0.065503782158716703
2.8728087318180036 0.063998647013462209

2.8728087318180036 0.063998647013462209
2.875869540233762 0.06238455443687304

2.875869540233762 0.06238455443687304
2.875927959539847 0.06234924796687908

2.875927959539847 0.06234924796687908
2.879047187261691 0.060687300203157102

2.879047187261691 0.060687300203157102
2.8816475220221927 0.05926532671502939

2.8816475220221927 0.05926532671502939
2.8821664149835344 0.058952683325301902

2.8821664149835344 0.058952683325301902
2.8852856427053779 0.057276704509411976

2.8852856427053779 0.057276704509411976
2.8872532280353016 0.056146098993185733

2.8872532280353016 0.056146098993185733
2.8884048704272218 0.055457461484708398

2.8884048704272218 0.055457461484708398
2.8915240981490653 0.053742753179051493

2.8915240981490653 0.053742753179051493
2.8926743676336821 0.053026871271342084

2.8926743676336821 0.053026871271342084
2.8946433258709092 0.051848130295997281

2.8946433258709092 0.051848130295997281
2.8977625535927527 0.05001717255389692

2.8977625535927527 0.05001717255389692
2.8979207056590797 0.049907643549498434

2.8979207056590797 0.049907643549498434
2.9008817813145962 0.048105638362039779

2.9008817813145962 0.048105638362039779
2.9029310265678414 0.046788415827654778

2.9029310265678414 0.046788415827654778
2.9040010090364401 0.046062629677629363

2.9040010090364401 0.046062629677629363
2.9071202367582836 0.044135231413686159

2.9071202367582836 0.044135231413686159
2.9077638272868001 0.043669188105811128

2.9077638272868001 0.043669188105811128
2.9102394644801275 0.042027305720563277

2.9102394644801275 0.042027305720563277
2.9123869819268084 0.040549960383967479

2.9123869819268084 0.040549960383967479
2.913358692201971 0.039837132191446301

2.913358692201971 0.039837132191446301
2.9164779199238144 0.037750480772823856

2.9164779199238144 0.037750480772823856
2.916886118967712 0.037430732662123822

2.916886118967712 0.037430732662123822
2.9195971476456584 0.035507251019458043

2.9195971476456584 0.035507251019458043
2.9211665719569431 0.034311504940280173

2.9211665719569431 0.034311504940280173
2.9227163753675018 0.033126154112986306

2.9227163753675018 0.033126154112986306
2.9253404018214528 0.03119227721843652

2.9253404018214528 0.03119227721843652
2.9258356030893458 0.030790975097814241

2.9258356030893458 0.030790975097814241
2.9289548308111892 0.028527471659903741

2.9289548308111892 0.028527471659903741
2.9295025801262384 0.02807304949659287

2.9295025801262384 0.02807304949659287
2.9320740585330327 0.026096720302175913

2.9320740585330327 0.026096720302175913
2.9334649511823851 0.024953821774749217

2.9334649511823851 0.024953821774749217
2.9351932862548766 0.023547503166753008

2.9351932862548766 0.023547503166753008
2.9373088685419533 0.021834594052905568

2.9373088685419533 0.021834594052905568
2.9383125139767201 0.020984552046813924

2.9383125139767201 0.020984552046813924
2.9411577932321205 0.018715366331061915

2.9411577932321205 0.018715366331061915
2.941431741698564 0.018476618253659201

2.941431741698564 0.018476618253659201
2.9445509694204075 0.015991753829695178

2.9445509694204075 0.015991753829695178
2.9449988421904574 0.01559613860921826

2.9449988421904574 0.01559613860921826
2.947670197142251 0.013377065290660583

2.947670197142251 0.013377065290660583
2.9486840334348998 0.012476910887374609

2.9486840334348998 0.012476910887374609
2.9507894248640949 0.010654433503620369

2.9507894248640949 0.010654433503620369
2.9522428665080165 0.0093576831655309556

2.9522428665080165 0.0093576831655309556
2.9539086525859384 0.0078714533606276949

2.9539086525859384 0.0078714533606276949
2.9557267405191596 0.0062384554436873043

2.9557267405191596 0.0062384554436873043
2.9570278803077823 0.0050496096285428879

2.9570278803077823 0.0050496096285428879
2.9591580682722429 0.0031192277218436517

2.9591580682722429 0.0031192277218436517
2.9601471080296258 0.0021981429308445986

2.9601471080296258 0.0021981429308445986
2.9625474626078776 0

2.9625474626078776 0
2.9632663357514692 -0.00067995138047683866

2.9632663357514692 -0.00067995138047683866
2.9632663357514692 -0.00067995138047683866

2.9632663357514692 -0.00067995138047683866
2.9658966347407407 -0.0031192277218436521

2.9658966347407407 -0.0031192277218436521
2.9663855634733132 -0.0035880270193619631

2.9663855634733132 -0.0035880270193619631
2.9692005983904846 -0.0062384554436873043

2.9692005983904846 -0.0062384554436873043
2.9695047911951566 -0.0065337498134744997

2.9695047911951566 -0.0065337498134744997
2.9695047911951566 -0.0065337498134744997

2.9695047911951566 -0.0065337498134744997
2.9724526453613112 -0.0093576831655309573

2.9724526453613112 -0.0093576831655309573
2.9726240189170006 -0.0095259414207267776

2.9726240189170006 -0.0095259414207267776
2.975647872115458 -0.012476910887374609

2.975647872115458 -0.012476910887374609
2.975743246638844 -0.012571541078274065

2.975743246638844 -0.012571541078274065
2.9787815366866717 -0.015596138609218262

2.9787815366866717 -0.015596138609218262
2.9788624743606875 -0.015677327498006724

2.9788624743606875 -0.015677327498006724
2.9818513147826744 -0.018715366331061911

2.9818513147826744 -0.018715366331061911
2.9819817020825314 -0.018847640317164165

2.9819817020825314 -0.018847640317164165
2.9848621467533327 -0.021834594052905564

2.9848621467533327 -0.021834594052905564
2.9851009298043749 -0.022079584550734176

2.9851009298043749 -0.022079584550734176
2.9878231885290329 -0.024953821774749217

2.9878231885290329 -0.024953821774749217
2.9882201575262188 -0.025366000865357178

2.9882201575262188 -0.025366000865357178
2.9882201575262188 -0.025366000865357178

2.9882201575262188 -0.025366000865357178
2.9907433853041669 -0.028073049496592867

2.9907433853041669 -0.028073049496592867
2.9913393852480623 -0.028700126848767441

2.9913393852480623 -0.028700126848767441
2.9936307170903378 -0.03119227721843652

2.9936307170903378 -0.03119227721843652
2.9944586129699058 -0.032076306486184147

2.9944586129699058 -0.032076306486184147
2.9944586129699058 -0.032076306486184147

2.9944586129699058 -0.032076306486184147
2.9964921983741668 -0.034311504940280173

2.9964921983741668 -0.034311504940280173
2.9975778406917497 -0.035489323252895971

2.9975778406917497 -0.035489323252895971
2.9993314566731568 -0.037430732662123829

2.9993314566731568 -0.037430732662123829
3.0006970684135932 -0.03893957294628362

3.0006970684135932 -0.03893957294628362
3.0021450008882185 -0.040549960383967479

3.0021450008882185 -0.040549960383967479
3.0038162961354371 -0.04243635829700889

3.0038162961354371 -0.04243635829700889
3.0049223102593823 -0.043669188105811135

3.0049223102593823 -0.043669188105811135
3.0069355238572806 -0.046000860332084982

3.0069355238572806 -0.046000860332084982
3.0076417528130932 -0.046788415827654785

3.0076417528130932 -0.046788415827654785
3.0100547515791241 -0.04966610588728311

3.0100547515791241 -0.04966610588728311
3.0102715804517146 -0.049907643549498434

3.0102715804517146 -0.049907643549498434
3.0128292394858431 -0.053026871271342091

3.0128292394858431 -0.053026871271342091
3.013173979300968 -0.053414399201767222

3.013173979300968 -0.053414399201767222
3.0154406218094674 -0.05614609899318574

3.0154406218094674 -0.05614609899318574
3.0162932070228115 -0.057117772779316768

3.0162932070228115 -0.057117772779316768
3.018109904338532 -0.05926532671502939

3.018109904338532 -0.05926532671502939
3.0194124347446549 -0.06077280435399738

3.0194124347446549 -0.06077280435399738
3.0207995186286389 -0.062384554436873046

3.0207995186286389 -0.062384554436873046
3.0225316624664988 -0.064430798827744579

3.0225316624664988 -0.064430798827744579
3.0234672266838039 -0.065503782158716689

3.0234672266838039 -0.065503782158716689
3.0256508901883423 -0.068151381346601578

3.0256508901883423 -0.068151381346601578
3.0260667309517806 -0.068623009880560346

3.0260667309517806 -0.068623009880560346
3.0285831469483213 -0.071742237602403988

3.0285831469483213 -0.071742237602403988
3.0287701179101862 -0.071953476571426728

3.0287701179101862 -0.071953476571426728
3.0311509826192915 -0.074861465324247645

3.0311509826192915 -0.074861465324247645
3.0318893456320297 -0.075702372881717231

3.0318893456320297 -0.075702372881717231
3.0338058530289453 -0.077980693046091301

3.0338058530289453 -0.077980693046091301
3.0350085733538732 -0.079362051474267697

3.0350085733538732 -0.079362051474267697
3.0365075736369187 -0.081099920767934958

3.0365075736369187 -0.081099920767934958
3.0381278010757171 -0.082973961137382757

3.0381278010757171 -0.082973961137382757
3.0392265711847566 -0.0842191484897786

3.0392265711847566 -0.0842191484897786
3.0412470287975606 -0.086565316657756061

3.0412470287975606 -0.086565316657756061
3.0419437191501091 -0.087338376211622257

3.0419437191501091 -0.087338376211622257
3.0443662565194045 -0.090150913877346972

3.0443662565194045 -0.090150913877346972
3.044647833988011 -0.090457603933465913

3.044647833988011 -0.090457603933465913
3.047364698378821 -0.093576831655309556

3.047364698378821 -0.093576831655309556
3.047485484241248 -0.093705897922613759

3.047485484241248 -0.093705897922613759
3.0501844404833971 -0.096696059377153212

3.0501844404833971 -0.096696059377153212
3.0506047119630915 -0.0971363913417225

3.0506047119630915 -0.0971363913417225
3.0531336671386291 -0.099815287098996869

3.0531336671386291 -0.099815287098996869
3.0537239396849354 -0.10041819419584416

3.0537239396849354 -0.10041819419584416
3.0537239396849354 -0.10041819419584416

3.0537239396849354 -0.10041819419584416
3.0562188052905026 -0.10293451482084051

3.0562188052905026 -0.10293451482084051
3.0568431674067789 -0.10355179196151132

3.0568431674067789 -0.10355179196151132
3.0568431674067789 -0.10355179196151132

3.0568431674067789 -0.10355179196151132
3.0594693132722455 -0.10605374254268417

3.0594693132722455 -0.10605374254268417
3.0599623951286228 -0.10652458997249029

3.0599623951286228 -0.10652458997249029
3.0629480540488712 -0.10917297026452782

3.0629480540488712 -0.10917297026452782
3.0630816228504663 -0.10929563773532219

3.0630816228504663 -0.10929563773532219
3.0662008505723097 -0.11185940106270716

3.0662008505723097 -0.11185940106270716
3.0667042460537113 -0.11229219798637147

3.0667042460537113 -0.11229219798637147
3.0693200782941537 -0.11433709536534765

3.0693200782941537 -0.11433709536534765
3.0693200782941537 -0.11433709536534765

3.0693200782941537 -0.11433709536534765
3.0707024260224043 -0.11541142570821512

3.0707024260224043 -0.11541142570821512
3.0724393060159971 -0.11672250118283206

3.0724393060159971 -0.11672250118283206
3.0751595560269886 -0.11853065343005878

3.0751595560269886 -0.11853065343005878
3.075558533737841 -0.11882187858200129

3.075558533737841 -0.11882187858200129
3.0786777614596845 -0.12066657397639287

3.0786777614596845 -0.12066657397639287
3.0803980270967095 -0.12164988115190242

3.0803980270967095 -0.12164988115190242
3.081796989181528 -0.12245507911900405

3.081796989181528 -0.12245507911900405
3.0849162169033719 -0.12394869345259851

3.0849162169033719 -0.12394869345259851
3.0867542110283743 -0.12476910887374608

3.0867542110283743 -0.12476910887374608
3.0880354446252154 -0.12534824071765197

3.0880354446252154 -0.12534824071765197
3.0880354446252154 -0.12534824071765197

3.0880354446252154 -0.12534824071765197
3.0911546723470593 -0.12651068068512095

3.0911546723470593 -0.12651068068512095
3.0942739000689028 -0.12751162166606464

3.0942739000689028 -0.12751162166606464
3.0956131243414076 -0.12788833659558974

3.0956131243414076 -0.12788833659558974
3.0973931277907463 -0.12838115504721492

3.0973931277907463 -0.12838115504721492
3.1005123555125902 -0.12907786782013503

3.1005123555125902 -0.12907786782013503
3.1036315832344337 -0.12962577514158422

3.1036315832344337 -0.12962577514158422
3.1067508109562776 -0.13002985016393778

3.1067508109562776 -0.13002985016393778
3.1098700386781211 -0.1302979467522079

3.1098700386781211 -0.1302979467522079
3.1129892663999645 -0.13043686665905968

3.1129892663999645 -0.13043686665905968
3.1161084941218085 -0.13045231785879635

3.1161084941218085 -0.13045231785879635
3.1192277218436519 -0.13034895747586436

3.1192277218436519 -0.13034895747586436
3.1223469495654959 -0.13013132622767354

3.1223469495654959 -0.13013132622767354
3.1254661772873393 -0.12980358792392824

3.1254661772873393 -0.12980358792392824
3.1285854050091828 -0.12937022178498683

3.1285854050091828 -0.12937022178498683
3.1317046327310267 -0.12883694186241582

3.1317046327310267 -0.12883694186241582
3.1348238604528702 -0.1282169164576821

3.1348238604528702 -0.1282169164576821
3.1362386476743365 -0.12788833659558974

3.1362386476743365 -0.12788833659558974
3.1379430881747141 -0.12749316758637977

3.1379430881747141 -0.12749316758637977
3.1410623158965576 -0.12669558869933001

3.1410623158965576 -0.12669558869933001
3.1441815436184011 -0.12580863321446403

3.1441815436184011 -0.12580863321446403
3.147300771340245 -0.12485403513091724

3.147300771340245 -0.12485403513091724
3.1475398984666763 -0.12476910887374608

3.1475398984666763 -0.12476910887374608
3.1504199990620885 -0.12381481172834262

3.1504199990620885 -0.12381481172834262
3.1535392267839324 -0.12271262974914768

3.1535392267839324 -0.12271262974914768
3.1563871532765204 -0.12164988115190242

3.1563871532765204 -0.12164988115190242
3.1566584545057759 -0.12153991662392713

3.1566584545057759 -0.12153991662392713
3.1597776822276193 -0.12032747376324969

3.1597776822276193 -0.12032747376324969
3.1628969099494633 -0.11907541371476568

3.1628969099494633 -0.11907541371476568
3.1641416115183869 -0.11853065343005878

3.1641416115183869 -0.11853065343005878
3.1660161376713067 -0.11772659405009134

3.1660161376713067 -0.11772659405009134
3.1691353653931507 -0.11639631021788467

3.1691353653931507 -0.11639631021788467
3.1713348960038128 -0.11541142570821512

3.1713348960038128 -0.11541142570821512
3.1722545931149941 -0.1149792400006846

3.1722545931149941 -0.1149792400006846
3.1753738208368376 -0.11359241455573792

3.1753738208368376 -0.11359241455573792
3.1782040666805083 -0.11229219798637147

3.1782040666805083 -0.11229219798637147
3.1784930485586815 -0.11214562445428981

3.1784930485586815 -0.11214562445428981
3.181612276280525 -0.1107061154681428

3.181612276280525 -0.1107061154681428
3.1847315040023689 -0.10924748080736321

3.1847315040023689 -0.10924748080736321
3.184871763663867 -0.10917297026452782

3.184871763663867 -0.10917297026452782
3.1878507317242124 -0.10775970619957401

3.1878507317242124 -0.10775970619957401
3.1909699594460559 -0.10629125368532001

3.1909699594460559 -0.10629125368532001
3.191879381905478 -0.10605374254268417

3.191879381905478 -0.10605374254268417
3.1940891871678998 -0.10552410911479797

