3.1940891871678998 0.049539455557023986
3.1909699594460559 0.04941603610453859

3.1909699594460559 0.04941603610453859
3.1878507317242124 0.049170033793985136

3.1878507317242124 0.049170033793985136
3.1847315040023689 0.048924504753799829

3.1847315040023689 0.048924504753799829
3.181612276280525 0.048677141195944414

3.181612276280525 0.048677141195944414
3.1784930485586815 0.048425804062017526

3.1784930485586815 0.048425804062017526
3.1753738208368376 0.048168529048835181

3.1753738208368376 0.048168529048835181
3.1722545931149941 0.047903600650014512

3.1722545931149941 0.047903600650014512
3.1691353653931507 0.047629676790677575

3.1691353653931507 0.047629676790677575
3.1660161376713067 0.047346088577702429

3.1660161376713067 0.047346088577702429
3.1628969099494633 0.047053102036161143

3.1628969099494633 0.047053102036161143
3.1601673556165228 0.046788415827654778

3.1601673556165228 0.046788415827654778
3.1597776822276193 0.046749915693862276

3.1597776822276193 0.046749915693862276
3.1566584545057759 0.046440577948983305

3.1566584545057759 0.046440577948983305
3.1535392267839324 0.046123783311473328

3.1535392267839324 0.046123783311473328
3.1504199990620885 0.04580121279680105

3.1504199990620885 0.04580121279680105
3.147300771340245 0.04547360482205956

3.147300771340245 0.04547360482205956
3.1441815436184011 0.045141554835399909

3.1441815436184011 0.045141554835399909
3.1410623158965576 0.044805413061724253

3.1410623158965576 0.044805413061724253
3.1379430881747141 0.04446511656495624

3.1379430881747141 0.04446511656495624
3.1348238604528702 0.044120251156268851

3.1348238604528702 0.044120251156268851
3.1317046327310267 0.043771509138281262

3.1317046327310267 0.043771509138281262
3.1308226507250034 0.043669188105811128

3.1308226507250034 0.043669188105811128
3.1285854050091828 0.043412800037978441

3.1285854050091828 0.043412800037978441
3.1254661772873393 0.043049264911194221

3.1254661772873393 0.043049264911194221
3.1223469495654959 0.042675483265909503

3.1223469495654959 0.042675483265909503
3.1192277218436519 0.042290057735613909

3.1192277218436519 0.042290057735613909
3.1161084941218085 0.041891244780593744

3.1161084941218085 0.041891244780593744
3.1129892663999645 0.041477499621692851

3.1129892663999645 0.041477499621692851
3.1098700386781211 0.041047756364151401

3.1098700386781211 0.041047756364151401
3.1067508109562776 0.040602930101594548

3.1067508109562776 0.040602930101594548
3.1064045985999043 0.040549960383967479

3.1064045985999043 0.040549960383967479
3.1036315832344337 0.040137684198161723

3.1036315832344337 0.040137684198161723
3.1005123555125902 0.039658462188795249

3.1005123555125902 0.039658462188795249
3.0973931277907463 0.03916174011989243

3.0973931277907463 0.03916174011989243
3.0942739000689028 0.038648326913324337

3.0942739000689028 0.038648326913324337
3.0911546723470593 0.038118669261300142

3.0911546723470593 0.038118669261300142
3.0880354446252154 0.037576417578410092

3.0880354446252154 0.037576417578410092
3.0872479463678442 0.037430732662123822

3.0872479463678442 0.037430732662123822
3.0849162169033719 0.037008769712294755

3.0849162169033719 0.037008769712294755
3.081796989181528 0.036433316175924109

3.081796989181528 0.036433316175924109
3.0786777614596845 0.03584026503238158

3.0786777614596845 0.03584026503238158
3.075558533737841 0.035230701709283135

3.075558533737841 0.035230701709283135
3.0724393060159971 0.034607873028731119

3.0724393060159971 0.034607873028731119
3.0710289718736483 0.034311504940280173

3.0710289718736483 0.034311504940280173
3.0693200782941537 0.033953928751255601

3.0693200782941537 0.033953928751255601
3.0662008505723097 0.033293660027834807

3.0662008505723097 0.033293660027834807
3.0630816228504663 0.032609836800339548

3.0630816228504663 0.032609836800339548
3.0599623951286228 0.031905397038111363

3.0599623951286228 0.031905397038111363
3.0568971286142528 0.03119227721843652

3.0568971286142528 0.03119227721843652
3.0568431674067789 0.031178964268535683

3.0568431674067789 0.031178964268535683
3.0537239396849354 0.030433465700317689

3.0537239396849354 0.030433465700317689
3.0506047119630915 0.029667250638302289

3.0506047119630915 0.029667250638302289
3.047485484241248 0.028880704473521691

3.047485484241248 0.028880704473521691
3.0443662565194045 0.028073852116242588

3.0443662565194045 0.028073852116242588
3.0443634238508226 0.02807304949659287

3.0443634238508226 0.02807304949659287
3.0412470287975606 0.027247765906951802

3.0412470287975606 0.027247765906951802
3.0381278010757171 0.02640355387559417

3.0381278010757171 0.02640355387559417
3.0350085733538732 0.025544637327807124

3.0350085733538732 0.025544637327807124
3.0329370651593175 0.024953821774749217

3.0329370651593175 0.024953821774749217
3.0318893456320297 0.024647592477611717

3.0318893456320297 0.024647592477611717
3.0287701179101862 0.023755003923081518

3.0287701179101862 0.023755003923081518
3.0256508901883423 0.022833046116743666

3.0256508901883423 0.022833046116743666
3.0225316624664988 0.021894502237761525

3.0225316624664988 0.021894502237761525
3.0223509393153458 0.021834594052905568

3.0223509393153458 0.021834594052905568
3.0194124347446549 0.020926195024600382

3.0194124347446549 0.020926195024600382
3.0162932070228115 0.019940579558110287

3.0162932070228115 0.019940579558110287
3.013173979300968 0.01894482116884745

3.013173979300968 0.01894482116884745
3.0125141881961826 0.018715366331061915

3.0125141881961826 0.018715366331061915
3.0100547515791241 0.017900121390107354

3.0100547515791241 0.017900121390107354
3.0069355238572806 0.016849672229502947

3.0069355238572806 0.016849672229502947
3.0038162961354371 0.015785931385791548

3.0038162961354371 0.015785931385791548
3.0033095056222359 0.01559613860921826

3.0033095056222359 0.01559613860921826
3.0006970684135932 0.01467512409354851

3.0006970684135932 0.01467512409354851
2.9975778406917497 0.013559499397717311

2.9975778406917497 0.013559499397717311
2.9946077400868538 0.012476910887374609

2.9946077400868538 0.012476910887374609
2.9944586129699058 0.012417625166600605

2.9944586129699058 0.012417625166600605
2.9913393852480623 0.01126887811372591

2.9913393852480623 0.01126887811372591
2.9882201575262188 0.010110268434032892

2.9882201575262188 0.010110268434032892
2.9862567956767432 0.0093576831655309556

2.9862567956767432 0.0093576831655309556
2.9851009298043749 0.0089031322960013079

2.9851009298043749 0.0089031322960013079
2.9819817020825314 0.0077287987207182987

2.9819817020825314 0.0077287987207182987
2.9788624743606875 0.0065450649873872334

2.9788624743606875 0.0065450649873872334
2.9781155152464107 0.0062384554436873043

2.9781155152464107 0.0062384554436873043
2.975743246638844 0.0053137833745981085

2.975743246638844 0.0053137833745981085
2.9726240189170006 0.0041048181283410987

2.9726240189170006 0.0041048181283410987
2.9701256390154689 0.0031192277218436517

2.9701256390154689 0.0031192277218436517
2.9695047911951566 0.0028587390407728581

2.9695047911951566 0.0028587390407728581
2.9663855634733132 0.0016394936378125817

2.9663855634733132 0.0016394936378125817
2.9632663357514692 0.00041260464707593017

2.9632663357514692 0.00041260464707593017
2.9622923393486005 0

2.9622923393486005 0
2.9601471080296258 -0.00087452999479409712

2.9601471080296258 -0.00087452999479409712
2.9570278803077823 -0.0021345214205496029

2.9570278803077823 -0.0021345214205496029
2.9546609144726936 -0.0031192277218436521

2.9546609144726936 -0.0031192277218436521
2.9539086525859384 -0.003450243558521996

2.9539086525859384 -0.003450243558521996
2.9507894248640949 -0.0047380529088548277

2.9507894248640949 -0.0047380529088548277
2.947670197142251 -0.0060452205471546354

2.947670197142251 -0.0060452205471546354
2.9472554567164035 -0.0062384554436873043

2.9472554567164035 -0.0062384554436873043
2.9445509694204075 -0.0074000638163034269

2.9445509694204075 -0.0074000638163034269
2.941431741698564 -0.0087289640786639613

2.941431741698564 -0.0087289640786639613
2.9400389993849538 -0.0093576831655309573

2.9400389993849538 -0.0093576831655309573
2.9383125139767201 -0.010128043748516918

2.9383125139767201 -0.010128043748516918
2.9351932862548766 -0.011471503131609653

2.9351932862548766 -0.011471503131609653
2.9329236408271702 -0.012476910887374609

2.9329236408271702 -0.012476910887374609
2.9320740585330327 -0.012873251434728551

2.9320740585330327 -0.012873251434728551
2.9289548308111892 -0.014221082607921019

2.9289548308111892 -0.014221082607921019
2.9258356030893458 -0.015586457148998019

2.9258356030893458 -0.015586457148998019
2.9258157663142734 -0.015596138609218262

2.9258157663142734 -0.015596138609218262
2.9227163753675018 -0.016945777266759193

2.9227163753675018 -0.016945777266759193
2.9195971476456584 -0.018272519582753333

2.9195971476456584 -0.018272519582753333
2.9186168619652881 -0.018715366331061911

2.9186168619652881 -0.018715366331061911
2.9164779199238144 -0.019642333376115803

2.9164779199238144 -0.019642333376115803
2.913358692201971 -0.020949342621304885

2.913358692201971 -0.020949342621304885
2.9112840320772229 -0.021834594052905564

2.9112840320772229 -0.021834594052905564
2.9102394644801275 -0.0222963714346559

2.9102394644801275 -0.0222963714346559
2.9071202367582836 -0.023582622197810543

2.9071202367582836 -0.023582622197810543
2.9040010090364401 -0.02487616818926669

2.9040010090364401 -0.02487616818926669
2.9038313548816252 -0.024953821774749217

2.9038313548816252 -0.024953821774749217
2.9008817813145962 -0.026178867402333612

2.9008817813145962 -0.026178867402333612
2.8977625535927527 -0.027452254544402418

2.8977625535927527 -0.027452254544402418
2.8963028267601709 -0.028073049496592867

2.8963028267601709 -0.028073049496592867
2.8946433258709092 -0.028773994723015728

2.8946433258709092 -0.028773994723015728
2.8915240981490653 -0.030043201328386338

2.8915240981490653 -0.030043201328386338
2.8887250614432594 -0.03119227721843652

2.8887250614432594 -0.03119227721843652
2.8884048704272218 -0.031335325062303479

2.8884048704272218 -0.031335325062303479
2.8852856427053779 -0.032595050401563262

2.8852856427053779 -0.032595050401563262
2.8821664149835344 -0.033837741248979272

2.8821664149835344 -0.033837741248979272
2.8810281823465447 -0.034311504940280173

2.8810281823465447 -0.034311504940280173
2.879047187261691 -0.035112965954194705

2.879047187261691 -0.035112965954194705
2.875927959539847 -0.036329806138451534

2.875927959539847 -0.036329806138451534
2.8730782195190532 -0.037430732662123829

2.8730782195190532 -0.037430732662123829
2.8728087318180036 -0.037543741912619298

2.8728087318180036 -0.037543741912619298
2.8696895040961596 -0.038712755404820262

2.8696895040961596 -0.038712755404820262
2.8665702763743162 -0.039853082216666551

2.8665702763743162 -0.039853082216666551
2.8646521541433119 -0.040549960383967479

2.8646521541433119 -0.040549960383967479
2.8634510486524727 -0.040995063487133075

2.8634510486524727 -0.040995063487133075
2.8603318209306288 -0.042067973022272442

2.8603318209306288 -0.042067973022272442
2.8572125932087853 -0.043113032560636332

2.8572125932087853 -0.043113032560636332
2.8555451237980822 -0.043669188105811135

2.8555451237980822 -0.043669188105811135
2.8540933654869414 -0.044155570159238079

2.8540933654869414 -0.044155570159238079
2.8509741377650979 -0.045135618574263861

2.8509741377650979 -0.045135618574263861
2.8478549100432544 -0.0460914631398395

2.8478549100432544 -0.0460914631398395
2.845515883889242 -0.046788415827654785

2.845515883889242 -0.046788415827654785
2.8447356823214105 -0.047029529235422113

2.8447356823214105 -0.047029529235422113
2.841616454599567 -0.047913400508961028

2.841616454599567 -0.047913400508961028
2.8384972268777231 -0.048776613025738498

2.8384972268777231 -0.048776613025738498
2.8353779991558796 -0.049597208244713795

2.8353779991558796 -0.049597208244713795
2.8341883130460346 -0.049907643549498434

2.8341883130460346 -0.049907643549498434
2.8322587714340361 -0.05040278240695209

2.8322587714340361 -0.05040278240695209
2.8291395437121922 -0.051158200937304048

2.8291395437121922 -0.051158200937304048
2.8260203159903488 -0.051881681241308882

2.8260203159903488 -0.051881681241308882
2.8229010882685053 -0.052561490215060222

2.8229010882685053 -0.052561490215060222
2.8206333566433091 -0.053026871271342091

2.8206333566433091 -0.053026871271342091
2.8197818605466614 -0.0532054483692916

2.8197818605466614 -0.0532054483692916
2.8166626328248179 -0.053793919926571683

2.8166626328248179 -0.053793919926571683
2.813543405102974 -0.054342097712213995

2.813543405102974 -0.054342097712213995
2.8104241773811305 -0.054842537397791685

2.8104241773811305 -0.054842537397791685
2.807304949659287 -0.055293779694336263

2.807304949659287 -0.055293779694336263
2.8041857219374431 -0.05569511415644067

2.8041857219374431 -0.05569511415644067
2.8010664942155996 -0.056045305952418231

2.8010664942155996 -0.056045305952418231
2.8000413695852107 -0.05614609899318574

2.8000413695852107 -0.05614609899318574
2.7979472664937557 -0.056349886302722078

2.7979472664937557 -0.056349886302722078
2.7948280387719122 -0.056606319946133091

2.7948280387719122 -0.056606319946133091
2.7917088110500687 -0.056819668272235273

2.7917088110500687 -0.056819668272235273
2.7885895833282248 -0.0569910318225288

2.7885895833282248 -0.0569910318225288
2.7854703556063813 -0.057122077224561849

2.7854703556063813 -0.057122077224561849
2.7823511278845374 -0.057214678961703992

2.7823511278845374 -0.057214678961703992
2.7792319001626939 -0.057270652722576337

2.7792319001626939 -0.057270652722576337
2.7761126724408505 -0.057291215832805845

2.7761126724408505 -0.057291215832805845
2.7729934447190066 -0.057276639926074187

2.7729934447190066 -0.057276639926074187
2.7698742169971631 -0.057226337352919376

2.7698742169971631 -0.057226337352919376
2.7667549892753192 -0.057139397793468223

2.7667549892753192 -0.057139397793468223
2.7636357615534757 -0.057015221342054639

2.7636357615534757 -0.057015221342054639
2.7605165338316322 -0.056854019685606855

2.7605165338316322 -0.056854019685606855
2.7573973061097883 -0.056656666293035812

2.7573973061097883 -0.056656666293035812
2.7542780783879448 -0.056424012948253707

2.7542780783879448 -0.056424012948253707
2.7511588506661009 -0.056157421447665973

2.7511588506661009 -0.056157421447665973
2.7510436526581894 -0.05614609899318574

2.7510436526581894 -0.05614609899318574
2.7480396229442574 -0.055857027614165465

2.7480396229442574 -0.055857027614165465
2.7449203952224139 -0.055524607217631

2.7449203952224139 -0.055524607217631
2.74180116750057 -0.055161619218570532

2.74180116750057 -0.055161619218570532
2.7386819397787265 -0.054771034919826461

2.7386819397787265 -0.054771034919826461
2.7355627120568826 -0.054356476919929314

2.7355627120568826 -0.054356476919929314
2.7324434843350391 -0.05392056994258284

2.7324434843350391 -0.05392056994258284
2.7293242566131957 -0.053465770083258056

2.7293242566131957 -0.053465770083258056
2.7264129183093706 -0.053026871271342091

2.7264129183093706 -0.053026871271342091
2.7262050288913517 -0.052994455114518071

2.7262050288913517 -0.052994455114518071
2.7230858011695083 -0.052513628948918895

2.7230858011695083 -0.052513628948918895
2.7199665734476643 -0.052022950478049314

2.7199665734476643 -0.052022950478049314
2.7168473457258209 -0.051525544382626257

2.7168473457258209 -0.051525544382626257
2.7137281180039774 -0.051023005148348309

2.7137281180039774 -0.051023005148348309
2.7106088902821335 -0.050516975796960011

2.7106088902821335 -0.050516975796960011
2.70748966256029 -0.050010415630548317

2.70748966256029 -0.050010415630548317
2.7068804466927534 -0.049907643549498434

2.7068804466927534 -0.049907643549498434
2.7043704348384461 -0.049494787275376137

2.7043704348384461 -0.049494787275376137
2.7012512071166026 -0.048978763894491711

2.7012512071166026 -0.048978763894491711
2.6981319793947591 -0.048457750942038753

2.6981319793947591 -0.048457750942038753
2.6950127516729152 -0.047937394684490924

2.6950127516729152 -0.047937394684490924
2.6918935239510717 -0.047419929575670212

2.6918935239510717 -0.047419929575670212
2.6887742962292278 -0.046908843335203523

2.6887742962292278 -0.046908843335203523
2.6880543608830259 -0.046788415827654785

2.6880543608830259 -0.046788415827654785
2.6856550685073843 -0.046396003708370798

2.6856550685073843 -0.046396003708370798
2.6825358407855409 -0.045895559272642987

2.6825358407855409 -0.045895559272642987
2.6794166130636969 -0.045406144575439941

2.6794166130636969 -0.045406144575439941
2.6762973853418535 -0.044933593908727913

2.6762973853418535 -0.044933593908727913
2.6731781576200095 -0.044480525653872865

2.6731781576200095 -0.044480525653872865
2.6700589298981661 -0.044047227997918839

2.6700589298981661 -0.044047227997918839
2.6672002566180093 -0.043669188105811135

2.6672002566180093 -0.043669188105811135
2.6669397021763226 -0.043633788451851827

2.6669397021763226 -0.043633788451851827
2.6638204744544787 -0.043245431576814326

2.6638204744544787 -0.043245431576814326
2.6607012467326352 -0.042880406400894348

2.6607012467326352 -0.042880406400894348
2.6575820190107917 -0.042537983996478394

2.6575820190107917 -0.042537983996478394
2.6544627912889478 -0.04221593123643242

2.6544627912889478 -0.04221593123643242
2.6513435635671043 -0.041914488182189083

2.6513435635671043 -0.041914488182189083
2.6482243358452604 -0.041632779048860119

2.6482243358452604 -0.041632779048860119
2.6451051081234169 -0.041368151564459124

2.6451051081234169 -0.041368151564459124
2.6419858804015734 -0.041119165648185144

2.6419858804015734 -0.041119165648185144
2.6388666526797295 -0.040887589148775341

2.6388666526797295 -0.040887589148775341
2.6357474249578861 -0.040677475579696178

2.6357474249578861 -0.040677475579696178
2.6336809624169533 -0.040549960383967479

2.6336809624169533 -0.040549960383967479
2.6326281972360421 -0.040484705103428123

2.6326281972360421 -0.040484705103428123
2.6295089695141987 -0.040311207470939775

2.6295089695141987 -0.040311207470939775
2.6263897417923552 -0.040161804780697141

2.6263897417923552 -0.040161804780697141
2.6232705140705113 -0.040039214338950614

2.6232705140705113 -0.040039214338950614
2.6201512863486678 -0.039944623395485726

2.6201512863486678 -0.039944623395485726
2.6170320586268239 -0.039878850180192452

2.6170320586268239 -0.039878850180192452
2.6139128309049804 -0.039843623623978065

2.6139128309049804 -0.039843623623978065
2.6107936031831369 -0.039840710484156799

2.6107936031831369 -0.039840710484156799
2.607674375461293 -0.039869865886542954

2.607674375461293 -0.039869865886542954
2.6045551477394495 -0.039929787032960226

2.6045551477394495 -0.039929787032960226
2.6014359200176056 -0.040019572666397531

2.6014359200176056 -0.040019572666397531
2.5983166922957621 -0.04013800761025544

2.5983166922957621 -0.04013800761025544
2.5951974645739186 -0.040283205173576711

2.5951974645739186 -0.040283205173576711
2.5920782368520747 -0.040453424783292634

2.5920782368520747 -0.040453424783292634
2.5905429882292932 -0.040549960383967479

2.5905429882292932 -0.040549960383967479
2.5889590091302312 -0.040649635892017824

2.5889590091302312 -0.040649635892017824
2.5858397814083873 -0.040869255172828738

2.5858397814083873 -0.040869255172828738
2.5827205536865439 -0.041113454407806622

2.5827205536865439 -0.041113454407806622
2.5796013259647004 -0.041383111081518306

2.5796013259647004 -0.041383111081518306
2.5764820982428565 -0.041680762557941051

2.5764820982428565 -0.041680762557941051
2.573362870521013 -0.042008690648744927

2.573362870521013 -0.042008690648744927
2.5702436427991691 -0.042368340623266915

2.5702436427991691 -0.042368340623266915
2.5671244150773256 -0.042761047586425967

2.5671244150773256 -0.042761047586425967
2.5640051873554821 -0.043188260552949533

2.5640051873554821 -0.043188260552949533
2.5608859596336382 -0.043650368092382187

2.5608859596336382 -0.043650368092382187
2.5607722596811695 -0.043669188105811135

2.5607722596811695 -0.043669188105811135
2.5577667319117947 -0.044148949931467979

2.5577667319117947 -0.044148949931467979
2.5546475041899508 -0.044680092290368414

2.5546475041899508 -0.044680092290368414
2.5515282764681073 -0.045243196355315228

2.5515282764681073 -0.045243196355315228
2.5484090487462638 -0.045837503919598233

2.5484090487462638 -0.045837503919598233
2.5452898210244199 -0.046458163540383825

2.5452898210244199 -0.046458163540383825
2.5437323392105413 -0.046788415827654785

2.5437323392105413 -0.046788415827654785
2.5421705933025764 -0.047119913248793853

2.5421705933025764 -0.047119913248793853
2.5390513655807325 -0.047794546374744298

2.5390513655807325 -0.047794546374744298
2.535932137858889 -0.048498096549423692

2.535932137858889 -0.048498096549423692
2.5328129101370456 -0.049225957652287558

2.5328129101370456 -0.049225957652287558
2.5299945768316645 -0.049907643549498434

2.5299945768316645 -0.049907643549498434
2.5296936824152016 -0.049984244303124974

2.5296936824152016 -0.049984244303124974
2.5265744546933582 -0.050760692859351336

2.5265744546933582 -0.050760692859351336
2.5234552269715143 -0.051566991601355562

2.5234552269715143 -0.051566991601355562
2.5203359992496708 -0.052397905865156011

2.5203359992496708 -0.052397905865156011
2.5180761362220005 -0.053026871271342091

2.5180761362220005 -0.053026871271342091
2.5172167715278273 -0.053274087900964363

2.5172167715278273 -0.053274087900964363
2.5140975438059834 -0.054159468273983026

2.5140975438059834 -0.054159468273983026
2.5109783160841399 -0.055084646547565355

2.5109783160841399 -0.055084646547565355
2.507859088362296 -0.056034000539632436

2.507859088362296 -0.056034000539632436
2.5075267756846364 -0.05614609899318574

2.5075267756846364 -0.05614609899318574
2.5047398606404525 -0.057028794690386249

2.5047398606404525 -0.057028794690386249
2.501620632918609 -0.058044789541228499

2.501620632918609 -0.058044789541228499
2.4985014051967651 -0.059077859176560346

2.4985014051967651 -0.059077859176560346
2.4979870517079004 -0.05926532671502939

2.4979870517079004 -0.05926532671502939
2.4953821774749216 -0.060161021246853352

2.4953821774749216 -0.060161021246853352
2.4922629497530777 -0.061254264336503779

2.4922629497530777 -0.061254264336503779
2.4891437220312342 -0.062372442866608771

2.4891437220312342 -0.062372442866608771
2.4891136143938462 -0.062384554436873046

2.4891136143938462 -0.062384554436873046
2.4860244943093908 -0.063516780490452437

2.4860244943093908 -0.063516780490452437
2.4829052665875468 -0.064676392101624985

2.4829052665875468 -0.064676392101624985
2.4807591113503378 -0.065503782158716689

2.4807591113503378 -0.065503782158716689
2.4797860388657034 -0.065893479842669925

2.4797860388657034 -0.065893479842669925
2.4766668111438599 -0.067095244835696108

2.4766668111438599 -0.067095244835696108
2.473547583422016 -0.068325223778117908

2.473547583422016 -0.068325223778117908
2.4728660528732163 -0.068623009880560346

2.4728660528732163 -0.068623009880560346
2.4704283557001725 -0.069627770626213961

2.4704283557001725 -0.069627770626213961
2.4673091279783286 -0.070921483660147541

2.4673091279783286 -0.070921483660147541
2.4654366324763686 -0.071742237602403988

2.4654366324763686 -0.071742237602403988
2.4641899002564851 -0.072301782808335407

2.4641899002564851 -0.072301782808335407
2.4610706725346416 -0.073654285995663621

2.4610706725346416 -0.073654285995663621
2.4583977212045638 -0.074861465324247645

2.4583977212045638 -0.074861465324247645
2.4579514448127977 -0.075080940045724853

2.4579514448127977 -0.075080940045724853
2.4548322170909542 -0.076496230069576121

2.4548322170909542 -0.076496230069576121
2.4517129893691103 -0.077949961250998887

2.4517129893691103 -0.077949961250998887
2.4516553901728444 -0.077980693046091301

2.4516553901728444 -0.077980693046091301
2.4485937616472668 -0.079429389926285607

2.4485937616472668 -0.079429389926285607
2.4454745339254234 -0.080901361858533472

2.4454745339254234 -0.080901361858533472
2.4450999272064164 -0.081099920767934958

2.4450999272064164 -0.081099920767934958
2.4423553062035794 -0.082422231700877924

2.4423553062035794 -0.082422231700877924
2.439236078481736 -0.083904925561904029

2.439236078481736 -0.083904925561904029
2.4386407154123382 -0.0842191484897786

2.4386407154123382 -0.0842191484897786
2.436116850759892 -0.085451170708497753

2.436116850759892 -0.085451170708497753
2.4329976230380486 -0.086941973047874238

2.4329976230380486 -0.086941973047874238
2.4322457466137473 -0.087338376211622257

2.4322457466137473 -0.087338376211622257
2.4298783953162051 -0.088507138182401857

2.4298783953162051 -0.088507138182401857
2.4267591675943612 -0.090006733254576865

2.4267591675943612 -0.090006733254576865
2.4259070665942346 -0.090457603933465913

2.4259070665942346 -0.090457603933465913
2.4236399398725177 -0.091589804456995161

2.4236399398725177 -0.091589804456995161
2.4205207121506738 -0.09310238468578251

2.4205207121506738 -0.09310238468578251
2.4196320829763356 -0.093576831655309556

2.4196320829763356 -0.093576831655309556
2.4174014844288303 -0.09470357302985144

2.4174014844288303 -0.09470357302985144
2.4142822567069868 -0.096228546784534033

2.4142822567069868 -0.096228546784534033
2.4134128054541537 -0.096696059377153212

2.4134128054541537 -0.096696059377153212
2.4111630289851429 -0.097838049595494803

2.4111630289851429 -0.097838049595494803
2.4080438012632994 -0.09936588678748938

2.4080438012632994 -0.09936588678748938
2.407207372808482 -0.099815287098996869

2.407207372808482 -0.099815287098996869
2.4049245735414555 -0.1009697159642805

2.4049245735414555 -0.1009697159642805
2.401805345819612 -0.10248615509487959

2.401805345819612 -0.10248615509487959
2.4009564350866892 -0.10293451482084051

2.4009564350866892 -0.10293451482084051
2.3986861180977685 -0.10406477521908286

2.3986861180977685 -0.10406477521908286
2.3955668903759246 -0.10554620273044663

2.3955668903759246 -0.10554620273044663
2.3945647823010616 -0.10605374254268417

2.3945647823010616 -0.10605374254268417
2.3924476626540812 -0.10707844688799306

2.3924476626540812 -0.10707844688799306
2.3893284349322372 -0.10850413794906284

2.3893284349322372 -0.10850413794906284
2.3879112565932505 -0.10917297026452782

2.3879112565932505 -0.10917297026452782
2.3862092072103938 -0.1099664219548785

2.3862092072103938 -0.1099664219548785
2.3830899794885503 -0.11132196135299087

2.3830899794885503 -0.11132196135299087
2.3808398506711761 -0.11229219798637147

2.3808398506711761 -0.11229219798637147
2.3799707517667064 -0.11268480662444991

2.3799707517667064 -0.11268480662444991
2.3768515240448629 -0.11394873638087291

2.3768515240448629 -0.11394873638087291
2.373732296323019 -0.11516695200465139

2.373732296323019 -0.11516695200465139
2.3731238613148053 -0.11541142570821512

2.3731238613148053 -0.11541142570821512
2.3706130686011755 -0.11635995603564492

2.3706130686011755 -0.11635995603564492
2.367493840879332 -0.11747879005657449

2.367493840879332 -0.11747879005657449
2.3643930420109265 -0.11853065343005878

2.3643930420109265 -0.11853065343005878
2.3643746131574881 -0.1185374546205321

2.3643746131574881 -0.1185374546205321
2.3612553854356446 -0.11952707309863468

2.3612553854356446 -0.11952707309863468
2.3581361577138007 -0.12045226406782379

2.3581361577138007 -0.12045226406782379
2.3550169299919572 -0.12129417685305804

2.3550169299919572 -0.12129417685305804
2.3535980287845431 -0.12164988115190242

2.3535980287845431 -0.12164988115190242
2.3518977022701137 -0.12207231833551913

2.3518977022701137 -0.12207231833551913
2.3487784745482698 -0.12275391379863868

2.3487784745482698 -0.12275391379863868
2.3456592468264263 -0.12335845591099506

2.3456592468264263 -0.12335845591099506
2.3425400191045824 -0.12387217873334591

2.3425400191045824 -0.12387217873334591
2.339420791382739 -0.12429019291471735

2.339420791382739 -0.12429019291471735
2.3363015636608955 -0.12461030691105029

2.3363015636608955 -0.12461030691105029
2.3340896569110061 -0.12476910887374608

2.3340896569110061 -0.12476910887374608
2.3331823359390516 -0.12483448397459174

2.3331823359390516 -0.12483448397459174
2.3300631082172081 -0.12496047741855179

2.3300631082172081 -0.12496047741855179
2.3269438804953642 -0.12499105552573565

2.3269438804953642 -0.12499105552573565
2.3238246527735207 -0.124926300846987

2.3238246527735207 -0.124926300846987
2.3207413483825481 -0.12476910887374608

2.3207413483825481 -0.12476910887374608
2.3207054250516772 -0.12476724704674548

2.3207054250516772 -0.12476724704674548
2.3175861973298333 -0.12451521049914863

2.3175861973298333 -0.12451521049914863
2.3144669696079898 -0.12417085266122191

2.3144669696079898 -0.12417085266122191
2.3113477418861459 -0.12373695425473376

2.3113477418861459 -0.12373695425473376
2.3082285141643024 -0.12321756252605551

2.3082285141643024 -0.12321756252605551
2.3051092864424589 -0.12261405890724375

2.3051092864424589 -0.12261405890724375
2.301990058720615 -0.12193445661136774

2.301990058720615 -0.12193445661136774
2.3008546848644116 -0.12164988115190242

2.3008546848644116 -0.12164988115190242
2.2988708309987715 -0.12115950000093047

2.2988708309987715 -0.12115950000093047
2.2957516032769281 -0.12032990360693825

2.2957516032769281 -0.12032990360693825
2.2926323755550841 -0.11943017525420083

2.2926323755550841 -0.11943017525420083
2.2897118662545304 -0.11853065343005878

2.2897118662545304 -0.11853065343005878
2.2895131478332407 -0.11846488263365949

2.2895131478332407 -0.11846488263365949
2.2863939201113967 -0.11745362734735768

2.2863939201113967 -0.11745362734735768
2.2832746923895533 -0.11638435047763897

2.2832746923895533 -0.11638435047763897
2.2805589508990733 -0.11541142570821512

2.2805589508990733 -0.11541142570821512
2.2801554646677098 -0.11525635453516536

2.2801554646677098 -0.11525635453516536
2.2770362369458659 -0.11411549734965629

2.2770362369458659 -0.11411549734965629
2.2739170092240224 -0.11294315294799051

2.2739170092240224 -0.11294315294799051
2.2722861296688301 -0.11229219798637147

2.2722861296688301 -0.11229219798637147
2.2707977815021785 -0.11169475464486994

2.2707977815021785 -0.11169475464486994
2.267678553780335 -0.11046899665028864

2.267678553780335 -0.11046899665028864
2.2645593260584915 -0.10920912347197437

2.2645593260584915 -0.10920912347197437
2.2644798416803336 -0.10917297026452782

2.2644798416803336 -0.10917297026452782
2.2614400983366476 -0.10792423117955592

2.2614400983366476 -0.10792423117955592
2.2583208706148041 -0.10664805627181047

2.2583208706148041 -0.10664805627181047
2.2569493466237494 -0.10605374254268417

2.2569493466237494 -0.10605374254268417
2.2552016428929602 -0.10530593430905459

2.2552016428929602 -0.10530593430905459
2.2520824151711167 -0.10401264152431476

2.2520824151711167 -0.10401264152431476
2.2495362446114915 -0.10293451482084051

2.2495362446114915 -0.10293451482084051
2.2489631874492733 -0.10267441225993627

2.2489631874492733 -0.10267441225993627
2.2458439597274293 -0.10137463570980486

2.2458439597274293 -0.10137463570980486
2.2427247320055859 -0.10007527342933906

2.2427247320055859 -0.10007527342933906
2.2421508302817461 -0.099815287098996869

2.2421508302817461 -0.099815287098996869
2.2396055042837419 -0.098739550355713718

2.2396055042837419 -0.098739550355713718
2.2364862765618985 -0.097453590582450747

2.2364862765618985 -0.097453590582450747
2.2346967285683057 -0.096696059377153212

2.2346967285683057 -0.096696059377153212
2.233367048840055 -0.096124482803508812

2.233367048840055 -0.096124482803508812
2.2302478211182111 -0.09486044780723818

2.2302478211182111 -0.09486044780723818
2.2271285933963676 -0.093594005734292482

2.2271285933963676 -0.093594005734292482
2.2270899743940529 -0.093576831655309556

2.2270899743940529 -0.093576831655309556
2.2240093656745237 -0.092341793799947544

2.2240093656745237 -0.092341793799947544
2.2208901379526802 -0.091125570879078355

2.2208901379526802 -0.091125570879078355
2.2192035391501559 -0.090457603933465913

2.2192035391501559 -0.090457603933465913
2.2177709102308367 -0.089886076250911925

2.2177709102308367 -0.089886076250911925
2.2146516825089928 -0.08871513151037437

2.2146516825089928 -0.08871513151037437
2.2115324547871493 -0.087569622825978216

2.2115324547871493 -0.087569622825978216
2.2109318462067495 -0.087338376211622257

2.2109318462067495 -0.087338376211622257
2.2084132270653054 -0.086423998964594836

2.2084132270653054 -0.086423998964594836
2.2052939993434619 -0.085328105832732273

2.2052939993434619 -0.085328105832732273
2.2021747716216185 -0.084262397022963231

2.2021747716216185 -0.084262397022963231
2.2020547333032936 -0.0842191484897786

2.2020547333032936 -0.0842191484897786
2.1990555438997745 -0.083222906978466765

2.1990555438997745 -0.083222906978466765
2.1959363161779311 -0.082221220193621811

2.1959363161779311 -0.082221220193621811
2.1928170884560871 -0.081259939009096574

2.1928170884560871 -0.081259939009096574
2.1923140223316073 -0.081099920767934958

2.1923140223316073 -0.081099920767934958
2.1896978607342437 -0.080311338134077703

2.1896978607342437 -0.080311338134077703
2.1865786330124002 -0.079407056085943978

2.1865786330124002 -0.079407056085943978
2.1834594052905563 -0.078539583403881369

2.1834594052905563 -0.078539583403881369
2.1814100726540469 -0.077980693046091301

2.1814100726540469 -0.077980693046091301
2.1803401775687128 -0.077682804160056754

2.1803401775687128 -0.077682804160056754
2.1772209498468689 -0.076873151838328713

2.1772209498468689 -0.076873151838328713
2.1741017221250254 -0.076082780460415458

2.1741017221250254 -0.076082780460415458
2.1709824944031819 -0.075325177787339159

2.1709824944031819 -0.075325177787339159
2.1690323782647241 -0.074861465324247645

2.1690323782647241 -0.074861465324247645
2.167863266681338 -0.074579526706347959

2.167863266681338 -0.074579526706347959
2.1647440389594945 -0.073878673822086835

2.1647440389594945 -0.073878673822086835
2.1616248112376506 -0.073204720316099398

2.1616248112376506 -0.073204720316099398
2.1585055835158071 -0.072563327906001632

2.1585055835158071 -0.072563327906001632
2.1553863557939636 -0.07195863606309244

2.1553863557939636 -0.07195863606309244
2.1542356634005193 -0.071742237602403988

2.1542356634005193 -0.071742237602403988
2.1522671280721197 -0.07137704811238868

2.1522671280721197 -0.07137704811238868
2.1491479003502763 -0.070838645013598267

2.1491479003502763 -0.070838645013598267
2.1460286726284323 -0.070335062172220603

2.1460286726284323 -0.070335062172220603
2.1429094449065889 -0.069868523352312167

2.1429094449065889 -0.069868523352312167
2.1397902171847454 -0.069437383125694724

2.1397902171847454 -0.069437383125694724
2.1366709894629015 -0.069042601244870438

2.1366709894629015 -0.069042601244870438
2.133551761741058 -0.068685305497288102

2.133551761741058 -0.068685305497288102
2.1329665306169696 -0.068623009880560346

2.1329665306169696 -0.068623009880560346
2.1304325340192141 -0.068358002860906097

2.1304325340192141 -0.068358002860906097
2.1273133062973706 -0.068061858336742595

2.1273133062973706 -0.068061858336742595
2.1241940785755271 -0.067797764168068139

2.1241940785755271 -0.067797764168068139
2.1210748508536832 -0.067566457278271375

2.1210748508536832 -0.067566457278271375
2.1179556231318397 -0.067365044964404458

2.1179556231318397 -0.067365044964404458
2.1148363954099962 -0.067194581355044358

2.1148363954099962 -0.067194581355044358
2.1117171676881523 -0.06705679039806961

2.1117171676881523 -0.06705679039806961
2.1085979399663088 -0.066951844364413232

2.1085979399663088 -0.066951844364413232
2.1054787122444649 -0.06688111713417369

2.1054787122444649 -0.06688111713417369
2.1023594845226214 -0.066846860573698971

2.1023594845226214 -0.066846860573698971
2.099240256800778 -0.066850492948148391

2.099240256800778 -0.066850492948148391
2.0961210290789341 -0.066892634403740117

2.0961210290789341 -0.066892634403740117
2.0930018013570906 -0.066973311548890899

2.0930018013570906 -0.066973311548890899
2.0898825736352467 -0.06709230850269482

2.0898825736352467 -0.06709230850269482
2.0867633459134032 -0.067249815904363353

2.0867633459134032 -0.067249815904363353
2.0836441181915597 -0.067445799423071717

2.0836441181915597 -0.067445799423071717
2.0805248904697158 -0.067679043214928972

2.0805248904697158 -0.067679043214928972
2.0774056627478723 -0.06794776922961783

2.0774056627478723 -0.06794776922961783
2.0742864350260284 -0.06825043518326783

2.0742864350260284 -0.06825043518326783
2.0711672073041849 -0.068585232947712571

2.0711672073041849 -0.068585232947712571
2.0708546267237544 -0.068623009880560346

2.0708546267237544 -0.068623009880560346
2.0680479795823414 -0.068954642490919343

2.0680479795823414 -0.068954642490919343
2.0649287518604975 -0.069354969284283544

2.0649287518604975 -0.069354969284283544
2.061809524138654 -0.069787053475036678

2.061809524138654 -0.069787053475036678
2.0586902964168101 -0.070251853680273132

2.0586902964168101 -0.070251853680273132
2.0555710686949666 -0.070751011328033006

2.0555710686949666 -0.070751011328033006
2.0524518409731232 -0.071286083485947796

2.0524518409731232 -0.071286083485947796
2.0499752463086227 -0.071742237602403988

2.0499752463086227 -0.071742237602403988
2.0493326132512792 -0.071864085226881716

2.0493326132512792 -0.071864085226881716
2.0462133855294358 -0.072471733535933211

2.0462133855294358 -0.072471733535933211
2.0430941578075918 -0.073122043849321611

2.0430941578075918 -0.073122043849321611
2.0399749300857484 -0.073814519238294865

2.0399749300857484 -0.073814519238294865
2.0368557023639049 -0.074544396417731779

2.0368557023639049 -0.074544396417731779
2.03561775081157 -0.074861465324247645

2.03561775081157 -0.074861465324247645
2.033736474642061 -0.075337855655174743

2.033736474642061 -0.075337855655174743
2.0306172469202175 -0.076157021972329056

2.0306172469202175 -0.076157021972329056
2.0274980191983736 -0.077026067255552791

2.0274980191983736 -0.077026067255552791
2.0243787914765301 -0.077936952263923387

2.0243787914765301 -0.077936952263923387
2.024246470404921 -0.077980693046091301

2.024246470404921 -0.077980693046091301
2.0212595637546866 -0.078900431637245153

2.0212595637546866 -0.078900431637245153
2.0181403360328427 -0.07990746030783813

2.0181403360328427 -0.07990746030783813
2.0150211083109992 -0.080947853395048328

2.0150211083109992 -0.080947853395048328
2.0146146421754061 -0.081099920767934958

2.0146146421754061 -0.081099920767934958
2.0119018805891553 -0.082050742655744774

2.0119018805891553 -0.082050742655744774
2.0087826528673118 -0.083181627408540626

2.0087826528673118 -0.083181627408540626
2.0060414459828424 -0.0842191484897786

2.0060414459828424 -0.0842191484897786
2.0056634251454684 -0.08437360768181297

2.0056634251454684 -0.08437360768181297
2.0025441974236244 -0.085585640912512598

2.0025441974236244 -0.085585640912512598
1.9994249697017812 -0.086829857102998093

1.9994249697017812 -0.086829857102998093
1.9982610113816175 -0.087338376211622257

1.9982610113816175 -0.087338376211622257
1.9963057419799375 -0.088171174080200129

1.9963057419799375 -0.088171174080200129
1.9931865142580938 -0.089503600575160547

1.9931865142580938 -0.089503600575160547
1.9910855913817727 -0.090457603933465913

1.9910855913817727 -0.090457603933465913
1.9900672865362501 -0.090939924134997588

1.9900672865362501 -0.090939924134997588
1.9869480588144066 -0.092354258881152895

1.9869480588144066 -0.092354258881152895
1.9843938530337302 -0.093576831655309556

1.9843938530337302 -0.093576831655309556
1.9838288310925629 -0.09387026692573959

1.9838288310925629 -0.09387026692573959
1.9807096033707192 -0.095378182327027938

1.9807096033707192 -0.095378182327027938
1.9781279077819516 -0.096696059377153212

1.9781279077819516 -0.096696059377153212
1.9775903756488755 -0.096996227028641316

1.9775903756488755 -0.096996227028641316
1.9744711479270318 -0.098594697694878636

1.9744711479270318 -0.098594697694878636
1.972238076350582 -0.099815287098996869

1.972238076350582 -0.099815287098996869
1.9713519202051883 -0.10033126116856728

1.9713519202051883 -0.10033126116856728
1.9682326924833446 -0.10200415375302338

1.9682326924833446 -0.10200415375302338
1.966670770695599 -0.10293451482084051

1.966670770695599 -0.10293451482084051
1.9651134647615009 -0.10386450785098068

1.9651134647615009 -0.10386450785098068
1.9619942370396573 -0.10563891675248681

1.9619942370396573 -0.10563891675248681
1.9613734204014903 -0.10605374254268417

1.9613734204014903 -0.10605374254268417
1.9588750093178136 -0.10757951344445335

1.9588750093178136 -0.10757951344445335
1.9563403458533553 -0.10917297026452782

1.9563403458533553 -0.10917297026452782
1.9557557815959701 -0.10957972256607136

1.9557557815959701 -0.10957972256607136
1.9526365538741264 -0.11149699570313368

1.9526365538741264 -0.11149699570313368
1.951506321429662 -0.11229219798637147

1.951506321429662 -0.11229219798637147
1.9495173261522827 -0.11363320734399253

1.9495173261522827 -0.11363320734399253
1.9468776037770834 -0.11541142570821512

1.9468776037770834 -0.11541142570821512
1.946398098430439 -0.11577136488474898

1.946398098430439 -0.11577136488474898
1.9432788707085953 -0.11783040337997858

1.9432788707085953 -0.11783040337997858
1.9423546063933936 -0.11853065343005878

1.9423546063933936 -0.11853065343005878
1.9401596429867518 -0.12009797685112081

1.9401596429867518 -0.12009797685112081
1.938044083570251 -0.12164988115190242

1.938044083570251 -0.12164988115190242
1.9370404152649081 -0.12243009558293166

1.9370404152649081 -0.12243009558293166
1.9339211875430644 -0.12464331074564278

1.9339211875430644 -0.12464331074564278
1.9337666302388337 -0.12476910887374608

1.9337666302388337 -0.12476910887374608
1.9308019598212207 -0.12693202237920853

1.9308019598212207 -0.12693202237920853
1.9296081689843227 -0.12788833659558974

1.9296081689843227 -0.12788833659558974
1.927682732099377 -0.12938671550385852

1.927682732099377 -0.12938671550385852
1.9256175952280634 -0.13100756431743338

1.9256175952280634 -0.13100756431743338
1.9245635043775335 -0.13187395279692052

1.9245635043775335 -0.13187395279692052
1.9216054309955244 -0.13412679203927705

1.9216054309955244 -0.13412679203927705
1.9214442766556898 -0.1342628983423951

1.9214442766556898 -0.1342628983423951
1.9183250489338461 -0.13661868809777536

1.9183250489338461 -0.13661868809777536
1.9175784608971214 -0.13724601976112069

1.9175784608971214 -0.13724601976112069
1.9152058212120024 -0.13912078319993748

1.9152058212120024 -0.13912078319993748
1.9137040903497871 -0.14036524748296433

1.9137040903497871 -0.14036524748296433
1.9120865934901587 -0.14170200227817425

1.9120865934901587 -0.14170200227817425
1.909862229980092 -0.143484475204808

1.909862229980092 -0.143484475204808
1.9089673657683153 -0.1442382754044117

1.9089673657683153 -0.1442382754044117
1.9058769200347769 -0.14660370292665165

1.9058769200347769 -0.14660370292665165
1.9058481380464716 -0.1466281431555892

1.9058481380464716 -0.1466281431555892
1.9027289103246279 -0.14899254341523097

1.9027289103246279 -0.14899254341523097
1.9018441735868006 -0.14972293064849529

1.9018441735868006 -0.14972293064849529
1.8996096826027842 -0.1514592895908094

1.8996096826027842 -0.1514592895908094
1.8978399776836337 -0.15284215837033896

1.8978399776836337 -0.15284215837033896
1.8964904548809407 -0.15391271580503141

1.8964904548809407 -0.15391271580503141
1.8936112830476488 -0.1559613860921826

1.8936112830476488 -0.1559613860921826
1.893371227159097 -0.15615069916321228

1.893371227159097 -0.15615069916321228
1.8902519994372533 -0.15823776620470037

1.8902519994372533 -0.15823776620470037
1.8890740430894322 -0.15908061381402624

1.8890740430894322 -0.15908061381402624
1.8871327717154096 -0.16040784234517372

1.8871327717154096 -0.16040784234517372
1.8842525861658519 -0.16219984153586992

1.8842525861658519 -0.16219984153586992
1.8840135439935659 -0.16236674289400657

1.8840135439935659 -0.16236674289400657
1.8808943162717224 -0.16413607812090697

1.8808943162717224 -0.16413607812090697
1.8786609911823793 -0.16531906925771356

1.8786609911823793 -0.16531906925771356
1.8777750885498787 -0.16581266007033518

1.8777750885498787 -0.16581266007033518
1.874655860828035 -0.16724117982489597

1.874655860828035 -0.16724117982489597
1.8717425228655271 -0.1684382969795572

1.8717425228655271 -0.1684382969795572
1.8715366331061913 -0.16853032520225839

1.8715366331061913 -0.16853032520225839
1.8684174053843476 -0.16960588883626562

1.8684174053843476 -0.16960588883626562
1.8652981776625042 -0.17048915791144534

1.8652981776625042 -0.17048915791144534
1.8621789499406605 -0.17114514860199753

1.8621789499406605 -0.17114514860199753
1.8590597222188168 -0.1715540289848187

1.8590597222188168 -0.1715540289848187
1.858989559255253 -0.17155752470140087

1.858989559255253 -0.17155752470140087
1.8559404944969731 -0.17170595919628082

1.8559404944969731 -0.17170595919628082
1.8528212667751294 -0.17161335044326015

1.8528212667751294 -0.17161335044326015
1.8522732596021494 -0.17155752470140087

1.8522732596021494 -0.17155752470140087
1.8497020390532859 -0.17129770555589979

1.8497020390532859 -0.17129770555589979
1.8465828113314422 -0.17077145192873605

1.8465828113314422 -0.17077145192873605
1.8434635836095985 -0.17001071849292929

1.8434635836095985 -0.17001071849292929
1.8403443558877548 -0.16900765361396616

1.8403443558877548 -0.16900765361396616
1.8389866272312008 -0.1684382969795572

1.8389866272312008 -0.1684382969795572
1.8372251281659111 -0.167702334902332

1.8372251281659111 -0.167702334902332
1.8341059004440676 -0.16623942261227173

1.8341059004440676 -0.16623942261227173
1.8324923450117643 -0.16531906925771356

1.8324923450117643 -0.16531906925771356
1.8309866727222239 -0.16444855514187207

1.8309866727222239 -0.16444855514187207
1.8278674450003802 -0.16260335071262369

1.8278674450003802 -0.16260335071262369
1.8273173852847644 -0.16219984153586992

1.8273173852847644 -0.16219984153586992
1.8247482172785365 -0.16046030931710734

1.8247482172785365 -0.16046030931710734
1.8229374871093986 -0.15908061381402624

1.8229374871093986 -0.15908061381402624
1.8216289895566928 -0.15804771605425871

1.8216289895566928 -0.15804771605425871
1.8189693271741563 -0.1559613860921826

1.8189693271741563 -0.1559613860921826
1.8185097618348494 -0.1555653768760677

1.8185097618348494 -0.1555653768760677
1.8153905341130057 -0.15304112894372532

1.8153905341130057 -0.15304112894372532
1.8151700968831332 -0.15284215837033896

1.8151700968831332 -0.15284215837033896
1.812271306391162 -0.1503650347949726

1.812271306391162 -0.1503650347949726
1.8115732848695145 -0.14972293064849529

1.8115732848695145 -0.14972293064849529
1.8091520786693183 -0.14755288975618461

1.8091520786693183 -0.14755288975618461
1.8081377712697049 -0.14660370292665165

1.8081377712697049 -0.14660370292665165
1.8060328509474748 -0.14465263781367885

1.8060328509474748 -0.14465263781367885
1.8048035426998172 -0.143484475204808

1.8048035426998172 -0.143484475204808
1.8029136232256311 -0.14169256759962004

1.8029136232256311 -0.14169256759962004
1.8015309227037231 -0.14036524748296433

1.8015309227037231 -0.14036524748296433
1.7997943955037874 -0.13870026631975643

1.7997943955037874 -0.13870026631975643
1.7982829779416794 -0.13724601976112069

1.7982829779416794 -0.13724601976112069
1.7966751677819437 -0.13570124238634215

1.7966751677819437 -0.13570124238634215
1.7950343289631014 -0.13412679203927705

1.7950343289631014 -0.13412679203927705
1.7935559400601 -0.13270783692078383

1.7935559400601 -0.13270783692078383
1.7917767775792799 -0.13100756431743338

1.7917767775792799 -0.13100756431743338
1.7904367123382565 -0.12972355902616328

1.7904367123382565 -0.12972355902616328
1.78850187750425 -0.12788833659558974

1.78850187750425 -0.12788833659558974
1.7873174846164128 -0.12675935243093051

1.7873174846164128 -0.12675935243093051
1.7851876666587609 -0.12476910887374608

1.7851876666587609 -0.12476910887374608
1.7841982568945691 -0.123834830355126

1.7841982568945691 -0.123834830355126
1.7818080758451411 -0.12164988115190242

1.7818080758451411 -0.12164988115190242
1.7810790291727254 -0.1209681428998374

1.7810790291727254 -0.1209681428998374
1.7783392452345743 -0.11853065343005878

1.7783392452345743 -0.11853065343005878
1.7779598014508817 -0.11817879778998844

1.7779598014508817 -0.11817879778998844
1.7748405737290383 -0.11548761412972747

1.7748405737290383 -0.11548761412972747
1.7747573854795446 -0.11541142570821512

1.7747573854795446 -0.11541142570821512
1.7717213460071946 -0.11283603328651358

1.7717213460071946 -0.11283603328651358
1.7711137427162917 -0.11229219798637147

1.7711137427162917 -0.11229219798637147
1.7686021182853509 -0.11017696406788922

1.7686021182853509 -0.11017696406788922
1.7674456398280323 -0.10917297026452782

1.7674456398280323 -0.10917297026452782
1.7654828905635072 -0.10752334777232742

1.7654828905635072 -0.10752334777232742
1.7637197055865796 -0.10605374254268417

1.7637197055865796 -0.10605374254268417
1.7623636628416635 -0.10491343357268273

1.7623636628416635 -0.10491343357268273
1.7598437258207311 -0.10293451482084051

1.7598437258207311 -0.10293451482084051
1.75924443511982 -0.10243129680612177

1.75924443511982 -0.10243129680612177
1.7561252073979763 -0.10013521372194982

1.7561252073979763 -0.10013521372194982
1.755734128639818 -0.099815287098996869

1.755734128639818 -0.099815287098996869
1.7530059796761326 -0.09780014470763701

1.7530059796761326 -0.09780014470763701
1.7515701266882602 -0.096696059377153212

1.7515701266882602 -0.096696059377153212
1.7498867519542889 -0.095422418067846806

1.7498867519542889 -0.095422418067846806
1.7472733540631205 -0.093576831655309556

1.7472733540631205 -0.093576831655309556
1.7467675242324452 -0.093185326367945298

1.7467675242324452 -0.093185326367945298
1.7436482965106017 -0.091128633743195506

1.7436482965106017 -0.091128633743195506
1.7427230930942201 -0.090457603933465913

1.7427230930942201 -0.090457603933465913
1.740529068788758 -0.08897330672763909

1.740529068788758 -0.08897330672763909
1.7380132978569747 -0.087338376211622257

1.7380132978569747 -0.087338376211622257
1.7374098410669143 -0.08690870510643961

1.7374098410669143 -0.08690870510643961
1.7342906133450706 -0.085021019200696241

1.7342906133450706 -0.085021019200696241
1.7330611709551111 -0.0842191484897786

1.7330611709551111 -0.0842191484897786
1.7311713856232269 -0.083030762405013725

1.7311713856232269 -0.083030762405013725
1.7280521579013834 -0.081216022072830782

1.7280521579013834 -0.081216022072830782
1.727875560182891 -0.081099920767934958

1.727875560182891 -0.081099920767934958
1.7249329301795397 -0.079409091739110066

1.7249329301795397 -0.079409091739110066
1.722395588178719 -0.077980693046091301

1.722395588178719 -0.077980693046091301
1.721813702457696 -0.07762218029037278

1.721813702457696 -0.07762218029037278
1.7186944747358524 -0.075973854604305349

1.7186944747358524 -0.075973854604305349
1.7166181350629701 -0.074861465324247645

1.7166181350629701 -0.074861465324247645
1.7155752470140089 -0.074277957776477666

1.7155752470140089 -0.074277957776477666
1.7124560192921652 -0.072734949953344896

1.7124560192921652 -0.072734949953344896
1.7104857627677614 -0.071742237602403988

1.7104857627677614 -0.071742237602403988
1.7093367915703215 -0.071144525290828167

1.7093367915703215 -0.071144525290828167
1.7062175638484778 -0.069683264312506293

1.7062175638484778 -0.069683264312506293
1.7039717253227831 -0.068623009880560346

1.7039717253227831 -0.068623009880560346
1.7030983361266341 -0.068188796567067084

1.7030983361266341 -0.068188796567067084
1.6999791084047906 -0.066798739088824

1.6999791084047906 -0.066798739088824
1.6970409190420674 -0.065503782158716689

1.6970409190420674 -0.065503782158716689
1.6968598806829469 -0.065415532226304279

1.6968598806829469 -0.065415532226304279
1.6937406529611032 -0.064087242970196773

1.6937406529611032 -0.064087242970196773
1.6906214252392595 -0.06280693959167867

1.6906214252392595 -0.06280693959167867
1.6896303668249444 -0.062384554436873046

1.6896303668249444 -0.062384554436873046
1.6875021975174158 -0.061512673848558234

1.6875021975174158 -0.061512673848558234
1.6843829697955723 -0.060292973850600035

1.6843829697955723 -0.060292973850600035
1.681708514178357 -0.05926532671502939

1.681708514178357 -0.05926532671502939
1.6812637420737286 -0.059082083749374861

1.6812637420737286 -0.059082083749374861
1.6781445143518849 -0.057935916057806701

1.6781445143518849 -0.057935916057806701
1.6750252866300412 -0.056825725269596561

1.6750252866300412 -0.056825725269596561
1.6730918322396002 -0.05614609899318574

1.6730918322396002 -0.05614609899318574
1.6719060589081975 -0.055720947636235627

1.6719060589081975 -0.055720947636235627
1.6687868311863541 -0.054690103442398691

1.6687868311863541 -0.054690103442398691
1.6656676034645104 -0.0536939115214108

1.6656676034645104 -0.0536939115214108
1.6635133582754646 -0.053026871271342091

1.6635133582754646 -0.053026871271342091
1.6625483757426667 -0.052719488895484078

1.6625483757426667 -0.052719488895484078
1.659429148020823 -0.051814367638449377

1.659429148020823 -0.051814367638449377
1.6563099202989793 -0.050942954269734657

1.6563099202989793 -0.050942954269734657
1.6531906925771358 -0.050122318406424456

1.6531906925771358 -0.050122318406424456
1.6523694180749653 -0.049907643549498434

1.6523694180749653 -0.049907643549498434
1.6500714648552921 -0.049325967748941907

1.6500714648552921 -0.049325967748941907
1.6469522371334484 -0.048582038920621698

1.6469522371334484 -0.048582038920621698
1.6438330094116047 -0.047874715309593585

1.6438330094116047 -0.047874715309593585
1.640713781689761 -0.047209651628044871

1.640713781689761 -0.047209651628044871
1.6386484755044786 -0.046788415827654785

1.6386484755044786 -0.046788415827654785
1.6375945539679175 -0.046570121082521433

1.6375945539679175 -0.046570121082521433
1.6344753262460738 -0.04597504349217834

1.6344753262460738 -0.04597504349217834
1.6313560985242301 -0.045408534961962455

1.6313560985242301 -0.045408534961962455
1.6282368708023864 -0.044873925308798558

1.6282368708023864 -0.044873925308798558
1.625117643080543 -0.044370932015512426

1.625117643080543 -0.044370932015512426
1.6219984153586993 -0.043901643013884745

1.6219984153586993 -0.043901643013884745
1.6203681631077156 -0.043669188105811135

1.6203681631077156 -0.043669188105811135
1.6188791876368556 -0.043456786483980429

1.6188791876368556 -0.043456786483980429
1.6157599599150119 -0.043047875931864356

1.6157599599150119 -0.043047875931864356
1.6126407321931682 -0.042670067398150713

1.6126407321931682 -0.042670067398150713
1.6095215044713247 -0.042327128395465118

1.6095215044713247 -0.042327128395465118
1.606402276749481 -0.042018545258003324

1.606402276749481 -0.042018545258003324
1.6032830490276373 -0.041744533759852667

1.6032830490276373 -0.041744533759852667
1.6001638213057936 -0.041506081552715006

1.6001638213057936 -0.041506081552715006
1.5970445935839499 -0.041304665994057424

1.5970445935839499 -0.041304665994057424
1.5939253658621064 -0.041140732190773452

1.5939253658621064 -0.041140732190773452
1.5908061381402627 -0.041013265034765919

1.5908061381402627 -0.041013265034765919
1.587686910418419 -0.040921022616516811

1.587686910418419 -0.040921022616516811
1.5845676826965753 -0.04086341508781817

1.5845676826965753 -0.04086341508781817
1.5814484549747316 -0.040840120508498397

1.5814484549747316 -0.040840120508498397
1.5783292272528882 -0.040850292252984907

1.5783292272528882 -0.040850292252984907
1.5752099995310445 -0.040892574465722267

1.5752099995310445 -0.040892574465722267
1.5720907718092008 -0.040965812712091904

1.5720907718092008 -0.040965812712091904
1.5689715440873571 -0.041069445230967803

1.5689715440873571 -0.041069445230967803
1.5658523163655134 -0.041203258425458383

1.5658523163655134 -0.041203258425458383
1.5627330886436699 -0.041367131772311092

1.5627330886436699 -0.041367131772311092
1.5596138609218262 -0.04156114229806851

1.5596138609218262 -0.04156114229806851
1.5564946331999825 -0.041785650225942321

1.5564946331999825 -0.041785650225942321
1.5533754054781388 -0.042041113922398239

1.5533754054781388 -0.042041113922398239
1.5502561777562953 -0.042328233832128054

1.5502561777562953 -0.042328233832128054
1.5471369500344516 -0.042648423028590912

1.5471369500344516 -0.042648423028590912
1.5440177223126079 -0.043003600057908396

1.5440177223126079 -0.043003600057908396
1.5408984945907642 -0.043394075122577105

1.5408984945907642 -0.043394075122577105
1.5389069833241207 -0.043669188105811135

1.5389069833241207 -0.043669188105811135
1.5377792668689205 -0.043826726802100764

1.5377792668689205 -0.043826726802100764
1.534660039147077 -0.044293101859251671

1.534660039147077 -0.044293101859251671
1.5315408114252334 -0.044802603334542557

1.5315408114252334 -0.044802603334542557
1.5284215837033897 -0.045354006513203385

1.5284215837033897 -0.045354006513203385
1.525302355981546 -0.045948024000297197

1.525302355981546 -0.045948024000297197
1.5221831282597023 -0.046579107801192336

1.5221831282597023 -0.046579107801192336
1.521244312699944 -0.046788415827654785

1.521244312699944 -0.046788415827654785
1.5190639005378588 -0.047264780611774526

1.5190639005378588 -0.047264780611774526
1.5159446728160151 -0.047981608240065865

1.5159446728160151 -0.047981608240065865
1.5128254450941714 -0.048741787043211748

1.5128254450941714 -0.048741787043211748
1.5097062173723277 -0.049533857110111011

1.5097062173723277 -0.049533857110111011
1.5083413457242649 -0.049907643549498434

1.5083413457242649 -0.049907643549498434
1.506586989650484 -0.050384759646784343

1.506586989650484 -0.050384759646784343
1.5034677619286405 -0.051252414760663903

1.5034677619286405 -0.051252414760663903
1.5003485342067968 -0.052160815355745835

1.5003485342067968 -0.052160815355745835
1.4974926727045592 -0.053026871271342091

1.4974926727045592 -0.053026871271342091
1.4972293064849531 -0.053112249060053657

1.4972293064849531 -0.053112249060053657
1.4941100787631094 -0.054088322108471608

1.4941100787631094 -0.054088322108471608
1.4909908510412657 -0.055105308815206734

1.4909908510412657 -0.055105308815206734
1.4879089739444824 -0.05614609899318574

1.4879089739444824 -0.05614609899318574
1.4878716233194222 -0.056159867257325642

1.4878716233194222 -0.056159867257325642
1.4847523955975785 -0.05724805311546087

1.4847523955975785 -0.05724805311546087
1.4816331678757348 -0.058370217234332597

1.4816331678757348 -0.058370217234332597
1.4792502926936992 -0.05926532671502939

1.4792502926936992 -0.05926532671502939
1.4785139401538911 -0.059556874067202323

1.4785139401538911 -0.059556874067202323
1.4753947124320475 -0.060746268904999214

1.4753947124320475 -0.060746268904999214
1.472275484710204 -0.061969759520097194

1.472275484710204 -0.061969759520097194
1.4713162841663057 -0.062384554436873046

1.4713162841663057 -0.062384554436873046
1.4691562569883603 -0.063282944380355047

1.4691562569883603 -0.063282944380355047
1.4660370292665166 -0.064592720572674497

1.4660370292665166 -0.064592720572674497
1.4639956638500697 -0.065503782158716689

1.4639956638500697 -0.065503782158716689
1.4629178015446729 -0.066002973856753244

1.4629178015446729 -0.066002973856753244
1.4597985738228294 -0.067394532436546417

1.4597985738228294 -0.067394532436546417
1.4571855347779397 -0.068623009880560346

1.4571855347779397 -0.068623009880560346
1.4566793461009857 -0.068882025802727231

1.4566793461009857 -0.068882025802727231
1.453560118379142 -0.070367125322096866

1.453560118379142 -0.070367125322096866
1.4508085987622701 -0.071742237602403988

1.4508085987622701 -0.071742237602403988
1.4504408906572983 -0.071945844909402992

1.4504408906572983 -0.071945844909402992
1.4473216629354546 -0.073524548295781547

1.4473216629354546 -0.073524548295781547
1.4448104048539192 -0.074861465324247645

1.4448104048539192 -0.074861465324247645
1.4442024352136111 -0.075214483264682649

1.4442024352136111 -0.075214483264682649
1.4410832074917674 -0.076861630167227926

1.4410832074917674 -0.076861630167227926
1.4391167459311867 -0.077980693046091301

1.4391167459311867 -0.077980693046091301
1.4379639797699237 -0.078663360393336296

1.4379639797699237 -0.078663360393336296
1.43484475204808 -0.080373945523026083

1.43484475204808 -0.080373945523026083
1.4336803369322408 -0.081099920767934958

1.4336803369322408 -0.081099920767934958
1.4317255243262363 -0.082274622821561297

1.4317255243262363 -0.082274622821561297
1.4286062966043929 -0.084113802663881493

1.4286062966043929 -0.084113802663881493
1.4284541768801935 -0.0842191484897786

1.4284541768801935 -0.0842191484897786
1.4254870688825492 -0.086022377812438905

1.4254870688825492 -0.086022377812438905
1.4234259160204206 -0.087338376211622257

1.4234259160204206 -0.087338376211622257
1.4223678411607055 -0.08805169071605172

1.4223678411607055 -0.08805169071605172
1.4192486134388618 -0.089948666066074795

1.4192486134388618 -0.089948666066074795
1.4185294433300824 -0.090457603933465913

1.4185294433300824 -0.090457603933465913
1.4161293857170181 -0.092021515626930908

1.4161293857170181 -0.092021515626930908
1.4137905357074612 -0.093576831655309556

1.4137905357074612 -0.093576831655309556
1.4130101579951746 -0.094140109237296085

1.4130101579951746 -0.094140109237296085
1.4098909302733309 -0.096127048193257653

1.4098909302733309 -0.096127048193257653
1.4091179433855407 -0.096696059377153212

1.4091179433855407 -0.096696059377153212
1.4067717025514872 -0.098295990310918693

1.4067717025514872 -0.098295990310918693
1.4045937109193474 -0.099815287098996869

1.4045937109193474 -0.099815287098996869
1.4036524748296435 -0.10051632155033122

1.4036524748296435 -0.10051632155033122
1.4005332471077998 -0.10259216895880756

1.4005332471077998 -0.10259216895880756
1.4000893500370286 -0.10293451482084051

1.4000893500370286 -0.10293451482084051
1.3974140193859563 -0.10480056336885872

1.3974140193859563 -0.10480056336885872
1.3957228997263005 -0.10605374254268417

1.3957228997263005 -0.10605374254268417
1.3942947916641126 -0.10712873837042566

1.3942947916641126 -0.10712873837042566
1.3913992028404427 -0.10917297026452782

1.3913992028404427 -0.10917297026452782
1.3911755639422689 -0.10935027126216125

1.3911755639422689 -0.10935027126216125
1.3880563362204252 -0.11151571779202994

1.3880563362204252 -0.11151571779202994
1.3870552148378343 -0.11229219798637147

1.3870552148378343 -0.11229219798637147
1.3849371084985815 -0.1138490707352747

1.3849371084985815 -0.1138490707352747
1.3828125054700429 -0.11541142570821512

1.3828125054700429 -0.11541142570821512
1.3818178807767381 -0.11618424461180846

1.3818178807767381 -0.11618424461180846
1.3786986530548944 -0.11834235366368638

1.3786986530548944 -0.11834235366368638
1.3784595599680183 -0.11853065343005878

1.3784595599680183 -0.11853065343005878
1.3755794253330507 -0.12054342206661688

1.3755794253330507 -0.12054342206661688
1.3740778646044975 -0.12164988115190242

1.3740778646044975 -0.12164988115190242
1.372460197611207 -0.1228335997347077

1.372460197611207 -0.1228335997347077
1.3695909026521738 -0.12476910887374608

1.3695909026521738 -0.12476910887374608
1.3693409698893635 -0.12495799889426759

1.3693409698893635 -0.12495799889426759
1.3662217421675198 -0.12695078596617948

1.3662217421675198 -0.12695078596617948
1.3648295738639971 -0.12788833659558974

1.3648295738639971 -0.12788833659558974
1.3631025144456761 -0.12902726257614364

1.3631025144456761 -0.12902726257614364
1.3599832867238324 -0.13087923274414184

1.3599832867238324 -0.13087923274414184
1.3597879646885953 -0.13100756431743338

1.3597879646885953 -0.13100756431743338
1.3568640590019887 -0.13268435984687174

1.3568640590019887 -0.13268435984687174
1.3541725394047395 -0.13412679203927705

1.3541725394047395 -0.13412679203927705
1.3537448312801452 -0.13437898553052291

1.3537448312801452 -0.13437898553052291
1.3506256035583015 -0.13588872938984142

1.3506256035583015 -0.13588872938984142
1.3475728871262609 -0.13724601976112069

1.3475728871262609 -0.13724601976112069
1.3475063758364578 -0.13727885101731063

1.3475063758364578 -0.13727885101731063
1.3443871481146141 -0.1384967495917554

1.3443871481146141 -0.1384967495917554
1.3412679203927704 -0.13955183608646771

1.3412679203927704 -0.13955183608646771
1.3383182460187495 -0.14036524748296433

1.3383182460187495 -0.14036524748296433
1.338148692670927 -0.14041461070830438

1.338148692670927 -0.14041461070830438
1.3350294649490833 -0.1410640619629136

1.3350294649490833 -0.1410640619629136
1.3319102372272396 -0.14151608670702098

1.3319102372272396 -0.14151608670702098
1.3287910095053959 -0.1417588061485659

1.3287910095053959 -0.1417588061485659
1.3256717817835522 -0.14177841979485639

1.3256717817835522 -0.14177841979485639
1.3225525540617087 -0.14156369561237669

1.3225525540617087 -0.14156369561237669
1.319433326339865 -0.14110431147644903

1.319433326339865 -0.14110431147644903
1.3163140986180213 -0.14039408353784727

1.3163140986180213 -0.14039408353784727
1.3162269489415754 -0.14036524748296433

1.3162269489415754 -0.14036524748296433
1.3131948708961776 -0.13942524033630641

1.3131948708961776 -0.13942524033630641
1.3100756431743339 -0.13820277063553416

1.3100756431743339 -0.13820277063553416
1.3081207014612968 -0.13724601976112069

1.3081207014612968 -0.13724601976112069
1.3069564154524904 -0.13665171828317088

1.3069564154524904 -0.13665171828317088
1.3038371877306467 -0.13496276688641165

1.3038371877306467 -0.13496276688641165
1.3026290440077652 -0.13412679203927705

1.3026290440077652 -0.13412679203927705
1.300717960008803 -0.13283182377751987

1.300717960008803 -0.13283182377751987
1.2982655912357699 -0.13100756431743338

1.2982655912357699 -0.13100756431743338
1.2975987322869593 -0.1304605867086929

1.2975987322869593 -0.1304605867086929
1.2944795045651156 -0.1279289875596325

1.2944795045651156 -0.1279289875596325
1.2944795045651156 -0.1279289875596325

1.2944795045651156 -0.1279289875596325
1.2944354852457314 -0.12788833659558974

1.2944354852457314 -0.12788833659558974
1.2913602768432721 -0.12509396569505218

1.2913602768432721 -0.12509396569505218
1.2913602768432721 -0.12509396569505218

1.2913602768432721 -0.12509396569505218
1.2910288784540309 -0.12476910887374608

1.2910288784540309 -0.12476910887374608
1.2882410491214284 -0.12194630615708552

1.2882410491214284 -0.12194630615708552
1.2879541837971942 -0.12164988115190242

1.2879541837971942 -0.12164988115190242
1.2851386118987895 -0.11853065343005878

1.2851386118987895 -0.11853065343005878
1.2851218213995848 -0.11851253703297822

1.2851218213995848 -0.11851253703297822
1.282489066146816 -0.11541142570821512

1.282489066146816 -0.11541142570821512
1.2820025936777411 -0.11486083736170168

1.2820025936777411 -0.11486083736170168
1.2798967031077548 -0.11229219798637147

1.2798967031077548 -0.11229219798637147
1.2788833659558976 -0.11108303763763865

1.2788833659558976 -0.11108303763763865
1.277334700794186 -0.10917297026452782

1.277334700794186 -0.10917297026452782
1.2757641382340539 -0.10717421424773324

1.2757641382340539 -0.10717421424773324
1.2748556448751602 -0.10605374254268417

1.2748556448751602 -0.10605374254268417
1.2726449105122102 -0.10305856359960172

1.2726449105122102 -0.10305856359960172
1.2726449105122102 -0.10305856359960172

1.2726449105122102 -0.10305856359960172
1.272542936802012 -0.10293451482084051

1.272542936802012 -0.10293451482084051
1.2702947070324684 -0.099815287098996869

1.2702947070324684 -0.099815287098996869
1.2695256827903665 -0.098834929918676179

1.2695256827903665 -0.098834929918676179
1.2679377039977813 -0.096696059377153212

1.2679377039977813 -0.096696059377153212
1.2664064550685228 -0.094627877742947064

1.2664064550685228 -0.094627877742947064
1.2655902916035129 -0.093576831655309556

1.2655902916035129 -0.093576831655309556
1.2633823498690666 -0.090457603933465913

1.2633823498690666 -0.090457603933465913
1.2632872273466793 -0.090339927247788485

1.2632872273466793 -0.090339927247788485
1.2611341779584742 -0.087338376211622257

1.2611341779584742 -0.087338376211622257
1.2601679996248356 -0.086085214398023663

1.2601679996248356 -0.086085214398023663
1.2587686105286784 -0.0842191484897786

1.2587686105286784 -0.0842191484897786
1.2570487719029919 -0.081890947326128921

1.2570487719029919 -0.081890947326128921
1.2564208649662305 -0.081099920767934958

1.2564208649662305 -0.081099920767934958
1.2541866860783819 -0.077980693046091301

1.2541866860783819 -0.077980693046091301
1.2539295441811482 -0.077667017242633821

1.2539295441811482 -0.077667017242633821
1.2518462616324766 -0.074861465324247645

1.2518462616324766 -0.074861465324247645
1.2508103164593045 -0.073564164193409082

1.2508103164593045 -0.073564164193409082
1.2493846317684585 -0.071742237602403988

1.2493846317684585 -0.071742237602403988
1.247691088737461 -0.069563849403854891

1.247691088737461 -0.069563849403854891
1.2469190456127566 -0.068623009880560346

1.2469190456127566 -0.068623009880560346
1.2445718610156173 -0.065546470485611991

1.2445718610156173 -0.065546470485611991
1.2445354810916189 -0.065503782158716689

1.2445354810916189 -0.065503782158716689
1.2421294196104526 -0.062384554436873046

1.2421294196104526 -0.062384554436873046
1.2414526332937736 -0.061587875439769194

1.2414526332937736 -0.061587875439769194
1.2395802933759925 -0.05926532671502939

1.2395802933759925 -0.05926532671502939
1.2383334055719299 -0.057786893846687185

1.2383334055719299 -0.057786893846687185
1.2369529107577275 -0.05614609899318574

1.2369529107577275 -0.05614609899318574
1.2352141778500862 -0.05406511666063913

1.2352141778500862 -0.05406511666063913
1.2343134364548385 -0.053026871271342091

1.2343134364548385 -0.053026871271342091
1.2320949501282428 -0.050341969204608018

1.2320949501282428 -0.050341969204608018
1.231709633865421 -0.049907643549498434

1.231709633865421 -0.049907643549498434
1.2291476842326821 -0.046788415827654785

1.2291476842326821 -0.046788415827654785
1.2289757224063991 -0.046597393329514639

1.2289757224063991 -0.046597393329514639
1.2265122629426093 -0.043669188105811135

1.2265122629426093 -0.043669188105811135
1.2258564946845554 -0.042942316518883125

1.2258564946845554 -0.042942316518883125
1.2237764599546599 -0.040549960383967479

1.2237764599546599 -0.040549960383967479
1.2227372669627117 -0.039405417687097363

1.2227372669627117 -0.039405417687097363
1.2209686237549329 -0.037430732662123829

1.2209686237549329 -0.037430732662123829
1.219618039240868 -0.035954279483605009

1.219618039240868 -0.035954279483605009
1.2181120023674559 -0.034311504940280173

1.2181120023674559 -0.034311504940280173
1.2164988115190245 -0.03256614840748287

1.2164988115190245 -0.03256614840748287
1.2152124925053995 -0.03119227721843652

1.2152124925053995 -0.03119227721843652
1.2133795837971808 -0.02923978585960952

1.2133795837971808 -0.02923978585960952
1.212264986196657 -0.028073049496592867

1.212264986196657 -0.028073049496592867
1.2102603560753371 -0.025975513744405789

1.2102603560753371 -0.025975513744405789
1.209267166530529 -0.024953821774749217

1.209267166530529 -0.024953821774749217
1.2071411283534934 -0.022772999112459974

1.2071411283534934 -0.022772999112459974
1.2062132138030455 -0.021834594052905564

1.2062132138030455 -0.021834594052905564
1.2040219006316497 -0.019635896224891793

1.2040219006316497 -0.019635896224891793
1.2030957608774369 -0.018715366331061911

1.2030957608774369 -0.018715366331061911
1.2009026729098062 -0.016563041780185465

1.2009026729098062 -0.016563041780185465
1.1999141528260242 -0.015596138609218262

1.1999141528260242 -0.015596138609218262
1.1977834451879625 -0.013543858001922109

1.1977834451879625 -0.013543858001922109
1.1977834451879625 -0.013543858001922109

1.1977834451879625 -0.013543858001922109
1.196676240894172 -0.012476910887374609

1.196676240894172 -0.012476910887374609
1.1946642174661188 -0.010568525794056148

1.1946642174661188 -0.010568525794056148
1.1933887092678006 -0.0093576831655309573

1.1933887092678006 -0.0093576831655309573
1.1915449897442751 -0.0076307586299283825

1.1915449897442751 -0.0076307586299283825
1.1900544121129251 -0.0062384554436873043

1.1900544121129251 -0.0062384554436873043
1.1884257620224317 -0.0047286761115988216

1.1884257620224317 -0.0047286761115988216
1.1866705291983111 -0.0031192277218436521

1.1866705291983111 -0.0031192277218436521
1.185306534300588 -0.0018652798293571694

1.185306534300588 -0.0018652798293571694
1.185306534300588 -0.0018652798293571694

1.185306534300588 -0.0018652798293571694
1.1832271201851892 0

1.1832271201851892 0
1.1821873065787443 0.00094964139409129842

1.1821873065787443 0.00094964139409129842
1.1796982783429961 0.0031192277218436517

1.1796982783429961 0.0031192277218436517
1.1790680788569006 0.0036912155923888934

1.1790680788569006 0.0036912155923888934
1.1760403201891578 0.0062384554436873043

1.1760403201891578 0.0062384554436873043
1.1759488511350569 0.0063208779210249593

1.1759488511350569 0.0063208779210249593
1.1728296234132134 0.0088826106645527644

1.1728296234132134 0.0088826106645527644
1.1722913819766494 0.0093576831655309556

1.1722913819766494 0.0093576831655309556
1.1697103956913697 0.011485211566510294

1.1697103956913697 0.011485211566510294
1.1685557182102635 0.012476910887374609

1.1685557182102635 0.012476910887374609
1.166591167969526 0.014111371681757606

1.166591167969526 0.014111371681757606
1.1647977433904704 0.01559613860921826

1.1647977433904704 0.01559613860921826
1.1634719402476823 0.016708349600066823

1.1634719402476823 0.016708349600066823
1.1609169962340364 0.018715366331061915

1.1609169962340364 0.018715366331061915
1.1603527125258386 0.019191130887633627

1.1603527125258386 0.019191130887633627
1.1572334848039951 0.021516915840209542

1.1572334848039951 0.021516915840209542
1.1568511907177861 0.021834594052905568

1.1568511907177861 0.021834594052905568
1.1541142570821514 0.023899725061479447

1.1541142570821514 0.023899725061479447
1.1527894616064573 0.024953821774749217

1.1527894616064573 0.024953821774749217
1.1509950293603077 0.026348203436558533

1.1509950293603077 0.026348203436558533
1.1486893316679387 0.02807304949659287

1.1486893316679387 0.02807304949659287
1.147875801638464 0.028722051023829402

1.147875801638464 0.028722051023829402
1.1447565739166203 0.030915689111016789

1.1447565739166203 0.030915689111016789
1.1444085414945073 0.03119227721843652

1.1444085414945073 0.03119227721843652
1.1416373461947769 0.033165105306638909

1.1416373461947769 0.033165105306638909
1.1400925184168893 0.034311504940280173

1.1400925184168893 0.034311504940280173
1.1385181184729332 0.03547543930218381

1.1385181184729332 0.03547543930218381
1.1356816969723522 0.037430732662123822

1.1356816969723522 0.037430732662123822
1.1353988907510895 0.037648892954309593

1.1353988907510895 0.037648892954309593
1.1322796630292458 0.039720647210137565

1.1322796630292458 0.039720647210137565
1.1311385474513924 0.040549960383967479

1.1311385474513924 0.040549960383967479
1.1291604353074021 0.041922419100705433

1.1291604353074021 0.041922419100705433
1.1265318599779284 0.043669188105811128

1.1265318599779284 0.043669188105811128
1.1260412075855586 0.044029868995246066

1.1260412075855586 0.044029868995246066
1.1229219798637149 0.045996398127409091

1.1229219798637149 0.045996398127409091
1.1217876022862601 0.046788415827654778

1.1217876022862601 0.046788415827654778
1.1198027521418712 0.048111624889816872

1.1198027521418712 0.048111624889816872
1.1169972156886876 0.049907643549498434

1.1169972156886876 0.049907643549498434
1.1166835244200275 0.050133478031498611

1.1166835244200275 0.050133478031498611
1.1135642966981838 0.052055277721117454

1.1135642966981838 0.052055277721117454
1.1120939238598242 0.053026871271342084

1.1120939238598242 0.053026871271342084
1.1104450689763403 0.054105285514269394

1.1104450689763403 0.054105285514269394
1.1073258412544966 0.055999567947643658

1.1073258412544966 0.055999567947643658
1.1071163288238761 0.056146098993185733

1.1071163288238761 0.056146098993185733
1.1042066135326529 0.057931717803055997

1.1042066135326529 0.057931717803055997
1.1020567414658387 0.05926532671502939

1.1020567414658387 0.05926532671502939
1.1010873858108092 0.059903230316557053

1.1010873858108092 0.059903230316557053
1.0979681580889658 0.061693580196138735

1.0979681580889658 0.061693580196138735
1.0968758949890405 0.06238455443687304

1.0968758949890405 0.06238455443687304
1.0948489303671221 0.063607186812994446

1.0948489303671221 0.063607186812994446
1.0917297026452784 0.065388054984379579

1.0917297026452784 0.065388054984379579
1.0915519684363952 0.065503782158716703

1.0915519684363952 0.065503782158716703
1.0886104749234347 0.067180856800612601

1.0886104749234347 0.067180856800612601
1.0860493360951982 0.068623009880560346

1.0860493360951982 0.068623009880560346
1.085491247201591 0.068967898328232399

1.085491247201591 0.068967898328232399
1.0823720194797475 0.07063128926003362

1.0823720194797475 0.07063128926003362
1.0803484176023217 0.071742237602404002

1.0803484176023217 0.071742237602404002
1.0792527917579038 0.072368667247655255

1.0792527917579038 0.072368667247655255
1.0761335640360601 0.073963604550591491

1.0761335640360601 0.073963604550591491
1.0744664113869635 0.074861465324247659

1.0744664113869635 0.074861465324247659
1.0730143363142164 0.075650082051800058

1.0730143363142164 0.075650082051800058
1.0698951085923727 0.077201901771814158

1.0698951085923727 0.077201901771814158
1.0684228969045577 0.077980693046091315

1.0684228969045577 0.077980693046091315
1.0667758808705292 0.078844900239935192

1.0667758808705292 0.078844900239935192
1.0636566531486855 0.080366837438589675

1.0636566531486855 0.080366837438589675
1.062248145569235 0.081099920767934958

1.062248145569235 0.081099920767934958
1.0605374254268418 0.081978728881637014

1.0605374254268418 0.081978728881637014
1.0574181977049981 0.083478058690620596

1.0574181977049981 0.083478058690620596
1.0559644545760953 0.084219148489778614

1.0559644545760953 0.084219148489778614
1.0542989699831544 0.085060349392888868

1.0542989699831544 0.085060349392888868
1.0511797422613109 0.086531703850033809

1.0511797422613109 0.086531703850033809
1.0495440339515598 0.087338376211622271

1.0495440339515598 0.087338376211622271
1.0480605145394672 0.088073812000622906

1.0480605145394672 0.088073812000622906
1.0449412868176235 0.089509462205487542

1.0449412868176235 0.089509462205487542
1.0429320609859638 0.090457603933465913

1.0429320609859638 0.090457603933465913
1.0418220590957799 0.090999311552419138

1.0418220590957799 0.090999311552419138
1.0387028313739362 0.092393440866469875

1.0387028313739362 0.092393440866469875
1.0360662719302911 0.09357683165530957

1.0360662719302911 0.09357683165530957
1.0355836036520927 0.09381142066138827

1.0355836036520927 0.09381142066138827
1.032464375930249 0.095163449606353659

1.032464375930249 0.095163449606353659
1.0293451482084053 0.096493544256410393

1.0293451482084053 0.096493544256410393
1.028905008878354 0.096696059377153226

1.028905008878354 0.096696059377153226
1.0262259204865616 0.097833476106164941

1.0262259204865616 0.097833476106164941
1.0231066927647179 0.09911127217940266

1.0231066927647179 0.09911127217940266
1.021424976961177 0.099815287098996869

1.021424976961177 0.099815287098996869
1.0199874650428744 0.10042170186109718

1.0199874650428744 0.10042170186109718
1.0168682373210307 0.10166627445251002

1.0168682373210307 0.10166627445251002
1.013749009599187 0.10291208410778449

1.013749009599187 0.10291208410778449
1.0136977547826795 0.10293451482084053

1.0136977547826795 0.10293451482084053
1.0106297818773433 0.10414794599598116

1.0106297818773433 0.10414794599598116
1.0075105541554998 0.10535492000316067

1.0075105541554998 0.10535492000316067
1.0057456951488912 0.10605374254268418

1.0057456951488912 0.10605374254268418
1.0043913264336561 0.10659705085082868

1.0043913264336561 0.10659705085082868
1.0012720987118124 0.10778619469778797

1.0012720987118124 0.10778619469778797
0.99815287098996863 0.10896351310508545

0.99815287098996863 0.10896351310508545
0.99763265056225769 0.10917297026452782

0.99763265056225769 0.10917297026452782
0.99503364326812505 0.1101529736089687

0.99503364326812505 0.1101529736089687
0.99191441554628135 0.11130589626984569

0.99191441554628135 0.11130589626984569
0.98922954362929938 0.11229219798637148

0.98922954362929938 0.11229219798637148
0.98879518782443776 0.11246300215807191

0.98879518782443776 0.11246300215807191
0.98567596010259406 0.11357609356743939

0.98567596010259406 0.11357609356743939
0.98255673238075036 0.11466500299235657

0.98255673238075036 0.11466500299235657
0.98039616836614696 0.11541142570821514

0.98039616836614696 0.11541142570821514
0.97943750465890678 0.11575372844689173

0.97943750465890678 0.11575372844689173
0.97631827693706308 0.11678523399191305

0.97631827693706308 0.11678523399191305
0.97319904921521949 0.11779756818646216

0.97319904921521949 0.11779756818646216
0.97090328180376084 0.11853065343005878

0.97090328180376084 0.11853065343005878
0.97007982149337579 0.11880365870198266

0.97007982149337579 0.11880365870198266
0.9669605937715321 0.11975696089329703

0.9669605937715321 0.11975696089329703
0.96384136604968851 0.12069337331128074

0.96384136604968851 0.12069337331128074
0.96072213832784481 0.12160336387715219

0.96072213832784481 0.12160336387715219
0.96057022938599379 0.12164988115190244

0.96057022938599379 0.12164988115190244
0.95760291060600122 0.12249908730283933

0.95760291060600122 0.12249908730283933
0.95448368288415752 0.12337240995279967

0.95448368288415752 0.12337240995279967
0.95136445516231394 0.12422413248759694

0.95136445516231394 0.12422413248759694
0.94937142136661345 0.12476910887374609

0.94937142136661345 0.12476910887374609
0.94824522744047024 0.12508294126186228

0.94824522744047024 0.12508294126186228
0.94512599971862654 0.12591132610294417

0.94512599971862654 0.12591132610294417
0.94200677199678295 0.12673800372299171

0.94200677199678295 0.12673800372299171
0.93888754427493926 0.12754695273149805

0.93888754427493926 0.12754695273149805
0.93760118468214781 0.12788833659558974

0.93760118468214781 0.12788833659558974
0.93576831655309567 0.12836906559733802

0.93576831655309567 0.12836906559733802
0.93264908883125197 0.12916777712286176

0.93264908883125197 0.12916777712286176
0.92952986110940827 0.12996409365762931

0.92952986110940827 0.12996409365762931
0.92641063338756469 0.13073863839963673

0.92641063338756469 0.13073863839963673
0.92534024268394943 0.13100756431743341

0.92534024268394943 0.13100756431743341
0.92329140566572099 0.13151198421053756

0.92329140566572099 0.13151198421053756
0.9201721779438774 0.13225180032330183

0.9201721779438774 0.13225180032330183
0.9170529502220337 0.13297511391203051

0.9170529502220337 0.13297511391203051
0.91393372250019 0.13367379740095703

0.91393372250019 0.13367379740095703
0.91186316125963207 0.13412679203927705

0.91186316125963207 0.13412679203927705
0.91081449477834642 0.1343601827683201

0.91081449477834642 0.1343601827683201
0.90769526705650272 0.13500856521129312

0.90769526705650272 0.13500856521129312
0.90457603933465913 0.13563650850541226

0.90457603933465913 0.13563650850541226
0.90145681161281543 0.13623871694747947

0.90145681161281543 0.13623871694747947
0.89833758389097185 0.13681653964644017

0.89833758389097185 0.13681653964644017
0.89596452174721264 0.13724601976112069

0.89596452174721264 0.13724601976112069
0.89521835616912815 0.13738426371620993

0.89521835616912815 0.13738426371620993
0.89209912844728445 0.13793118785273534

0.89209912844728445 0.13793118785273534
0.88897990072544086 0.13846816620872074

0.88897990072544086 0.13846816620872074
0.88586067300359717 0.13899261076949823

0.88586067300359717 0.13899261076949823
0.88274144528175358 0.13950548145955569

0.88274144528175358 0.13950548145955569
0.87962221755990988 0.14000694990327303

0.87962221755990988 0.14000694990327303
0.87736802961503024 0.14036524748296436

0.87736802961503024 0.14036524748296436
0.87650298983806618 0.14050518009256674

0.87650298983806618 0.14050518009256674
0.8733837621162226 0.14098913431250473

0.8733837621162226 0.14098913431250473
0.8702645343943789 0.14146641390236117

0.8702645343943789 0.14146641390236117
0.86714530667253531 0.14193084041392712

0.86714530667253531 0.14193084041392712
0.86402607895069161 0.14237910894752823

0.86402607895069161 0.14237910894752823
0.86090685122884802 0.14280903873931186

0.86090685122884802 0.14280903873931186
0.85778762350700433 0.14321872221616649

0.85778762350700433 0.14321872221616649
0.8556729838829551 0.143484475204808

0.8556729838829551 0.143484475204808
0.85466839578516063 0.14361204819281531

0.85466839578516063 0.14361204819281531
0.85154916806331704 0.14398087256012201

0.85154916806331704 0.14398087256012201
0.84842994034147334 0.14433115334010474

0.84842994034147334 0.14433115334010474
0.84531071261962976 0.14466122466579606

0.84531071261962976 0.14466122466579606
0.84219148489778606 0.14497237728104989

0.84219148489778606 0.14497237728104989
0.83907225717594236 0.14526645328599214

0.83907225717594236 0.14526645328599214
0.83595302945409877 0.14554509948003078

0.83595302945409877 0.14554509948003078
0.83283380173225507 0.14581012925895112

0.83283380173225507 0.14581012925895112
0.82971457401041149 0.1460638003373175

0.82971457401041149 0.1460638003373175
0.82659534628856779 0.14630841051290075

0.82659534628856779 0.14630841051290075
0.82347611856672409 0.14654512405329898

0.82347611856672409 0.14654512405329898
0.82269532650906652 0.14660370292665165

0.82269532650906652 0.14660370292665165
0.8203568908448805 0.14677748039687752

0.8203568908448805 0.14677748039687752
0.81723766312303681 0.14700350752280622

0.81723766312303681 0.14700350752280622
0.81411843540119322 0.14722347885754256

0.81411843540119322 0.14722347885754256
0.81099920767934952 0.14743536217145464

0.81099920767934952 0.14743536217145464
0.80787997995750593 0.14763716706927563

0.80787997995750593 0.14763716706927563
0.80476075223566224 0.14782710868444568

0.80476075223566224 0.14782710868444568
0.80164152451381854 0.14800357673131323

0.80164152451381854 0.14800357673131323
0.79852229679197495 0.14816518446224783

0.79852229679197495 0.14816518446224783
0.79540306907013125 0.14831039534268842

0.79540306907013125 0.14831039534268842
0.79228384134828767 0.14843748783733818

0.79228384134828767 0.14843748783733818
0.78916461362644397 0.14854531329000789

0.78916461362644397 0.14854531329000789
0.78604538590460027 0.14863369669643131

0.78604538590460027 0.14863369669643131
0.78292615818275668 0.14870347617864757

0.78292615818275668 0.14870347617864757
0.77980693046091298 0.14875619505552606

0.77980693046091298 0.14875619505552606
0.7766877027390694 0.1487936405662964

0.7766877027390694 0.1487936405662964
0.7735684750172257 0.14881754701538205

0.7735684750172257 0.14881754701538205
0.77044924729538211 0.14882961656094326

0.77044924729538211 0.14882961656094326
0.76733001957353841 0.14883167809990047

0.76733001957353841 0.14883167809990047
0.76421079185169472 0.14882568135902105

0.76421079185169472 0.14882568135902105
0.76109156412985113 0.14881343085740489

0.76109156412985113 0.14881343085740489
0.75797233640800743 0.14879624411553355

0.75797233640800743 0.14879624411553355
0.75485310868616384 0.148774766061568

0.75485310868616384 0.148774766061568
0.75173388096432014 0.14874901040872684

0.75173388096432014 0.14874901040872684
0.74861465324247645 0.14871855363439659

0.74861465324247645 0.14871855363439659
0.74549542552063286 0.14868276194986399

0.74549542552063286 0.14868276194986399
0.74237619779878916 0.14864091681068295

0.74237619779878916 0.14864091681068295
0.73925697007694557 0.14859216057085584

0.73925697007694557 0.14859216057085584
0.73613774235510188 0.14853537296004499

0.73613774235510188 0.14853537296004499
0.73301851463325818 0.14846922293766321

0.73301851463325818 0.14846922293766321
0.72989928691141459 0.14839249488402467

0.72989928691141459 0.14839249488402467
0.72678005918957089 0.14830451493870209

0.72678005918957089 0.14830451493870209
0.72366083146772731 0.14820539415144091

0.72366083146772731 0.14820539415144091
0.72054160374588361 0.14809588946999089

0.72054160374588361 0.14809588946999089
0.71742237602404002 0.14797712418529513

0.71742237602404002 0.14797712418529513
0.71430314830219632 0.14785034768919217

0.71430314830219632 0.14785034768919217
0.71118392058035262 0.1477167755026029

0.71118392058035262 0.1477167755026029
0.70806469285850904 0.14757764347826288

0.70806469285850904 0.14757764347826288
0.70494546513666534 0.14743437020332481

0.70494546513666534 0.14743437020332481
0.70182623741482175 0.1472885280932402

0.70182623741482175 0.1472885280932402
0.69870700969297805 0.14714156435412667

0.69870700969297805 0.14714156435412667
0.69558778197113436 0.14699449804913101

0.69558778197113436 0.14699449804913101
0.69246855424929077 0.14684772531956636

0.69246855424929077 0.14684772531956636
0.68934932652744707 0.14670114036978302

0.68934932652744707 0.14670114036978302
0.68729286154305191 0.14660370292665165

0.68729286154305191 0.14660370292665165
0.68623009880560348 0.14655315421709353

0.68623009880560348 0.14655315421709353
0.68311087108375979 0.14640389000110174

0.68311087108375979 0.14640389000110174
0.6799916433619162 0.14625178229808838

0.6799916433619162 0.14625178229808838
0.6768724156400725 0.14609640599922405

0.6768724156400725 0.14609640599922405
0.6737531879182288 0.14593706306655049

0.6737531879182288 0.14593706306655049
0.67063396019638521 0.14577333959503685

0.67063396019638521 0.14577333959503685
0.66751473247454152 0.14560514729748106

0.66751473247454152 0.14560514729748106
0.66439550475269793 0.14543280109926046

0.66439550475269793 0.14543280109926046
0.66127627703085423 0.14525714182517238

0.66127627703085423 0.14525714182517238
0.65815704930901053 0.14507942222566328

0.65815704930901053 0.14507942222566328
0.65503782158716695 0.14490123566785162

0.65503782158716695 0.14490123566785162
0.65191859386532325 0.14472435513762666

0.65191859386532325 0.14472435513762666
0.64879936614347966 0.14455052967860288

0.64879936614347966 0.14455052967860288
0.64568013842163596 0.14438134641882694

0.64568013842163596 0.14438134641882694
0.64256091069979226 0.14421803132150937

0.64256091069979226 0.14421803132150937
0.63944168297794868 0.14406142105396003

0.63944168297794868 0.14406142105396003
0.63632245525610498 0.14391198848219558

0.63632245525610498 0.14391198848219558
0.63320322753426139 0.14376992081235734

0.63320322753426139 0.14376992081235734
0.63008399981241769 0.14363520350038753

0.63008399981241769 0.14363520350038753
0.62696477209057411 0.14350780850840086

0.62696477209057411 0.14350780850840086
0.62636610534215298 0.143484475204808

0.62636610534215298 0.143484475204808
0.62384554436873041 0.14338684691250994

0.62384554436873041 0.14338684691250994
0.62072631664688671 0.14327240405690958

0.62072631664688671 0.14327240405690958
0.61760708892504312 0.14316367542271721

0.61760708892504312 0.14316367542271721
0.61448786120319943 0.14305985799205095

0.61448786120319943 0.14305985799205095
0.61136863348135584 0.14295998789979369

0.61136863348135584 0.14295998789979369
0.60824940575951214 0.14286305984370654

0.60824940575951214 0.14286305984370654
0.60513017803766844 0.14276813206079747

0.60513017803766844 0.14276813206079747
0.60201095031582486 0.14267442892895951

0.60201095031582486 0.14267442892895951
0.59889172259398116 0.14258142467766222

0.59889172259398116 0.14258142467766222
0.59577249487213757 0.14248889026981301

0.59577249487213757 0.14248889026981301
0.59265326715029387 0.14239689950010059

0.59265326715029387 0.14239689950010059
0.58953403942845028 0.14230580612064186

0.58953403942845028 0.14230580612064186
0.58641481170660659 0.14221621359577769

0.58641481170660659 0.14221621359577769
0.58329558398476289 0.14212895450017954

0.58329558398476289 0.14212895450017954
0.5801763562629193 0.14204508192925624

0.5801763562629193 0.14204508192925624
0.5770571285410756 0.14196583604678967

0.5770571285410756 0.14196583604678967
0.57393790081923202 0.14189258293090534

0.57393790081923202 0.14189258293090534
0.57081867309738832 0.14182663589918651

0.57081867309738832 0.14182663589918651
0.56769944537554462 0.14176903245991884

0.56769944537554462 0.14176903245991884
0.56458021765370103 0.14172040468758695

0.56458021765370103 0.14172040468758695
0.56146098993185733 0.14168089336103803

0.56146098993185733 0.14168089336103803
0.55834176221001375 0.14165012468502874

0.55834176221001375 0.14165012468502874
0.55522253448817005 0.14162727243240456

0.55522253448817005 0.14162727243240456
0.55210330676632646 0.14161114857016424

0.55210330676632646 0.14161114857016424
0.54898407904448276 0.14160026531188852

0.54898407904448276 0.14160026531188852
0.54586485132263907 0.14159287592926087

0.54586485132263907 0.14159287592926087
0.54274562360079548 0.14158701902691614

0.54274562360079548 0.14158701902691614
0.53962639587895178 0.14158060917845539

0.53962639587895178 0.14158060917845539
0.53650716815710819 0.1415716026676902

0.53650716815710819 0.1415716026676902
0.5333879404352645 0.14155822621102643

0.5333879404352645 0.14155822621102643
0.5302687127134208 0.14153922555506718

0.5302687127134208 0.14153922555506718
0.52714948499157721 0.14151407188474244

0.52714948499157721 0.14151407188474244
0.52403025726973351 0.14148305967220384

0.52403025726973351 0.14148305967220384
0.52091102954788993 0.14144723837359913

0.52091102954788993 0.14144723837359913
0.51779180182604623 0.14140816265975767

0.51779180182604623 0.14140816265975767
0.51467257410420253 0.14136751741531783

0.51467257410420253 0.14136751741531783
0.51155334638235894 0.14132674725742972

0.51155334638235894 0.14132674725742972
0.50843411866051524 0.14128683936368283

0.50843411866051524 0.14128683936368283
0.50531489093867166 0.14124831309820984

0.50531489093867166 0.14124831309820984
0.50531489093867166 0.14124831309820984

0.50531489093867166 0.14124831309820984
0.50219566321682796 0.14121134289684298

0.50219566321682796 0.14121134289684298
0.49907643549498437 0.14117587425120046

0.49907643549498437 0.14117587425120046
0.49595720777314067 0.14114162682868889

0.49595720777314067 0.14114162682868889
0.49283798005129703 0.14110799923502365

0.49283798005129703 0.14110799923502365
0.48971875232945339 0.14107398905634458

0.48971875232945339 0.14107398905634458
0.48659952460760969 0.14103822512151329

0.48659952460760969 0.14103822512151329
0.48348029688576605 0.14099910727931328

0.48348029688576605 0.14099910727931328
0.48036106916392241 0.14095497551775107

0.48036106916392241 0.14095497551775107
0.47724184144207876 0.14090425615094421

0.47724184144207876 0.14090425615094421
0.47412261372023512 0.14084560866650919

0.47412261372023512 0.14084560866650919
0.47100338599839148 0.14077810086689718

0.47100338599839148 0.14077810086689718
0.46788415827654778 0.14070133238457791

0.46788415827654778 0.14070133238457791
0.46476493055470414 0.14061537573488003

0.46476493055470414 0.14061537573488003
0.46164570283286049 0.14052057130543399

0.46164570283286049 0.14052057130543399
0.45852647511101685 0.14041746645564182

0.45852647511101685 0.14041746645564182
0.45706363891910617 0.14036524748296436

0.45706363891910617 0.14036524748296436
0.45540724738917321 0.14030613404941589

0.45540724738917321 0.14030613404941589
0.45228801966732957 0.14018816529330741

0.45228801966732957 0.14018816529330741
0.44916879194548587 0.14006392712585261

0.44916879194548587 0.14006392712585261
0.44604956422364223 0.13993424624952691

0.44604956422364223 0.13993424624952691
0.44293033650179858 0.13979971305263064

0.44293033650179858 0.13979971305263064
0.43981110877995494 0.13966060920062581

0.43981110877995494 0.13966060920062581
0.4366918810581113 0.13951677552404865

0.4366918810581113 0.13951677552404865
0.4335726533362676 0.13936758016707229

0.4335726533362676 0.13936758016707229
0.43045342561442396 0.1392119259144238

0.43045342561442396 0.1392119259144238
0.42733419789258031 0.13904830201851565

0.42733419789258031 0.13904830201851565
0.42421497017073667 0.13887493646171595

0.42421497017073667 0.13887493646171595
0.42109574244889303 0.13868999870024987

0.42109574244889303 0.13868999870024987
0.41797651472704939 0.13849181777786115

0.41797651472704939 0.13849181777786115
0.41485728700520569 0.13827898566268654

0.41485728700520569 0.13827898566268654
0.41173805928336205 0.13805043235138165

0.41173805928336205 0.13805043235138165
0.4086188315615184 0.13780553867743725

0.4086188315615184 0.13780553867743725
0.40549960383967476 0.13754418502503349

0.40549960383967476 0.13754418502503349
0.40238037611783112 0.13726716776818387

0.40238037611783112 0.13726716776818387
0.40215925685731935 0.13724601976112069

0.40215925685731935 0.13724601976112069
0.39926114839598748 0.13697426081324923

0.39926114839598748 0.13697426081324923
0.39614192067414378 0.13666841249757469

0.39614192067414378 0.13666841249757469
0.39302269295230013 0.13635055850818981

0.39302269295230013 0.13635055850818981
0.38990346523045649 0.13602215407057935

0.38990346523045649 0.13602215407057935
0.38678423750861285 0.13568451265285583

0.38678423750861285 0.13568451265285583
0.38366500978676921 0.13533857721018694

0.38366500978676921 0.13533857721018694
0.38054578206492556 0.13498479242570099

0.38054578206492556 0.13498479242570099
0.37742655434308187 0.13462299074702541

0.37742655434308187 0.13462299074702541
0.37430732662123822 0.13425398136928537

0.37430732662123822 0.13425398136928537
0.37327896483931705 0.13412679203927705

0.37327896483931705 0.13412679203927705
0.37118809889939458 0.13387077910612083

0.37118809889939458 0.13387077910612083
0.36806887117755094 0.13348006336362811

0.36806887117755094 0.13348006336362811
0.3649496434557073 0.13307556121246689

0.3649496434557073 0.13307556121246689
0.36183041573386365 0.13265526387511062

0.36183041573386365 0.13265526387511062
0.35871118801201995 0.13221678525943745

0.35871118801201995 0.13221678525943745
0.35559196029017631 0.13175822272447174

0.35559196029017631 0.13175822272447174
0.35247273256833267 0.13128021570408024

0.35247273256833267 0.13128021570408024
0.35079525288987506 0.13100756431743341

0.35079525288987506 0.13100756431743341
0.34935350484648903 0.1307722879758865

0.34935350484648903 0.1307722879758865
0.34623427712464538 0.13024984746216881

0.34623427712464538 0.13024984746216881
0.34311504940280169 0.12970245380653644

0.34311504940280169 0.12970245380653644
0.33999582168095804 0.12913320035540171

0.33999582168095804 0.12913320035540171
0.3368765939591144 0.12854322330462056

0.3368765939591144 0.12854322330462056
0.33375736623727076 0.12793584624873586

0.33375736623727076 0.12793584624873586
0.33353111148075942 0.12788833659558974

0.33353111148075942 0.12788833659558974
0.33063813851542712 0.12730657157376646

0.33063813851542712 0.12730657157376646
0.32751891079358347 0.12666411041631956

0.32751891079358347 0.12666411041631956
0.32439968307173978 0.12600736989247502

0.32439968307173978 0.12600736989247502
0.32128045534989613 0.12533855857003981

0.32128045534989613 0.12533855857003981
0.31867999736508762 0.12476910887374609

0.31867999736508762 0.12476910887374609
0.31816122762805249 0.12465113791969874

0.31816122762805249 0.12465113791969874
0.31504199990620885 0.12396207020871762

0.31504199990620885 0.12396207020871762
0.3119227721843652 0.12325721849060739

0.3119227721843652 0.12325721849060739
0.30880354446252156 0.12253912337440591

0.30880354446252156 0.12253912337440591
0.30568431674067786 0.12181200408832889

0.30568431674067786 0.12181200408832889
0.30503475316122214 0.12164988115190244

0.30503475316122214 0.12164988115190244
0.30256508901883422 0.12105472096246783

0.30256508901883422 0.12105472096246783
0.29944586129699058 0.12028834554684194

0.29944586129699058 0.12028834554684194
0.29632663357514694 0.11950035126048655

0.29632663357514694 0.11950035126048655
0.29320740585330329 0.11869763330212262

0.29320740585330329 0.11869763330212262
0.29260916845155355 0.11853065343005878

0.29260916845155355 0.11853065343005878
0.29008817813145965 0.1178553418368106

0.29008817813145965 0.1178553418368106
0.28696895040961595 0.11699905227860433

0.28696895040961595 0.11699905227860433
0.28384972268777231 0.1161193953149648

0.28384972268777231 0.1161193953149648
0.28142022778153658 0.11541142570821514

0.28142022778153658 0.11541142570821514
0.28073049496592867 0.11520170889546021

0.28073049496592867 0.11520170889546021
0.27761126724408502 0.11428161650364455

0.27761126724408502 0.11428161650364455
0.27449203952224138 0.11333070025113466

0.27449203952224138 0.11333070025113466
0.27137281180039774 0.11236695065214958

0.27137281180039774 0.11236695065214958
0.27115172125206621 0.11229219798637148

0.27115172125206621 0.11229219798637148
0.26825358407855404 0.11137809462014631

0.26825358407855404 0.11137809462014631
0.2651343563567104 0.11038357761644517

0.2651343563567104 0.11038357761644517
0.26201512863486676 0.1093924104983121

0.26201512863486676 0.1093924104983121
0.26136947018096951 0.10917297026452782

0.26136947018096951 0.10917297026452782
0.25889590091302311 0.10837204441052414

0.25889590091302311 0.10837204441052414
0.25577667319117947 0.10736561170457518

0.25577667319117947 0.10736561170457518
0.25265744546933583 0.10636805681527478

0.25265744546933583 0.10636805681527478
0.25172576130552643 0.10605374254268418

0.25172576130552643 0.10605374254268418
0.24953821774749216 0.10533995733657485

0.24953821774749216 0.10533995733657485
0.24641899002564852 0.10433264999134194

0.24641899002564852 0.10433264999134194
0.24329976230380487 0.10333010395790691

0.24329976230380487 0.10333010395790691
0.2421280740649924 0.10293451482084053

0.2421280740649924 0.10293451482084053
0.24018053458196123 0.1022903250505571

0.24018053458196123 0.1022903250505571
0.23706130686011756 0.10127009256414973

0.23706130686011756 0.10127009256414973
0.23394207913827392 0.10024681514556516

0.23394207913827392 0.10024681514556516
0.2326946278209544 0.099815287098996869

0.2326946278209544 0.099815287098996869
0.23082285141643027 0.099178466846141039

0.23082285141643027 0.099178466846141039
0.2277036236945866 0.098126643399198618

0.2277036236945866 0.098126643399198618
0.22458439597274296 0.09706809913237871

0.22458439597274296 0.09706809913237871
0.22355670260100124 0.096696059377153226

0.22355670260100124 0.096696059377153226
0.22146516825089932 0.095961143420514844

0.22146516825089932 0.095961143420514844
0.21834594052905565 0.094869766295322802

0.21834594052905565 0.094869766295322802
0.21522671280721201 0.093775572533318891

0.21522671280721201 0.093775572533318891
0.21470336729244197 0.09357683165530957

0.21470336729244197 0.09357683165530957
0.21210748508536836 0.092649316537414678

0.21210748508536836 0.092649316537414678
0.20898825736352469 0.091536820666593632

0.20898825736352469 0.091536820666593632
0.20596005340142026 0.090457603933465913

0.20596005340142026 0.090457603933465913
0.20586902964168105 0.090422203666251449

0.20586902964168105 0.090422203666251449
0.20274980191983741 0.089320017738613672

0.20274980191983741 0.089320017738613672
0.19963057419799374 0.088226637489812298

0.19963057419799374 0.088226637489812298
0.19707699697334222 0.087338376211622271

0.19707699697334222 0.087338376211622271
0.19651134647615009 0.087130213147837282

0.19651134647615009 0.087130213147837282
0.19339211875430642 0.086075609870936723

0.19339211875430642 0.086075609870936723
0.19027289103246278 0.08502850574967144

0.19027289103246278 0.08502850574967144
0.18783598268022611 0.084219148489778614

0.18783598268022611 0.084219148489778614
0.18715366331061914 0.083981624322725879

0.18715366331061914 0.083981624322725879
0.18403443558877547 0.082978762087382973

0.18403443558877547 0.082978762087382973
0.18091520786693183 0.081980310591585129

0.18091520786693183 0.081980310591585129
0.17812278501270024 0.081099920767934958

0.17812278501270024 0.081099920767934958
0.17779598014508818 0.080990122324260533

0.17779598014508818 0.080990122324260533
0.17467675242324451 0.080028783826450664

0.17467675242324451 0.080028783826450664
0.17155752470140087 0.079072712626005695

0.17155752470140087 0.079072712626005695
0.16843829697955723 0.078138656095886883

0.16843829697955723 0.078138656095886883
0.16793653412463921 0.077980693046091315

0.16793653412463921 0.077980693046091315
0.16531906925771356 0.077198752464632439

0.16531906925771356 0.077198752464632439
0.16219984153586992 0.076280950284375149

0.16219984153586992 0.076280950284375149
0.15908061381402627 0.075381981744893065

0.15908061381402627 0.075381981744893065
0.15728285014380197 0.074861465324247659

0.15728285014380197 0.074861465324247659
0.1559613860921826 0.074474801385130615

0.1559613860921826 0.074474801385130615
0.15284215837033896 0.07360662989942468

0.15284215837033896 0.07360662989942468
0.14972293064849532 0.072744868822945313

0.14972293064849532 0.072744868822945313
0.14660370292665165 0.071908607173622144

0.14660370292665165 0.071908607173622144
0.1460017605850466 0.071742237602404002

0.1460017605850466 0.071742237602404002
0.143484475204808 0.071075314449697502

0.143484475204808 0.071075314449697502
0.14036524748296436 0.070271920361026627

0.14036524748296436 0.070271920361026627
0.13724601976112069 0.069488038432350491

0.13724601976112069 0.069488038432350491
0.13412679203927705 0.068731937713916488

0.13412679203927705 0.068731937713916488
0.13368674611771666 0.068623009880560346

0.13368674611771666 0.068623009880560346
0.13100756431743341 0.067988600290662698

0.13100756431743341 0.067988600290662698
0.12788833659558974 0.067273756300504264

0.12788833659558974 0.067273756300504264
0.12476910887374609 0.066580129814307332

0.12476910887374609 0.066580129814307332
0.12164988115190244 0.065911575006498163

0.12164988115190244 0.065911575006498163
0.11971167662998819 0.065503782158716703

0.11971167662998819 0.065503782158716703
0.11853065343005878 0.065252288255138763

0.11853065343005878 0.065252288255138763
0.11541142570821514 0.06462468982268646

0.11541142570821514 0.06462468982268646
0.11229219798637148 0.064008997952455751

0.11229219798637148 0.064008997952455751
0.10917297026452782 0.063409259201863355

0.10917297026452782 0.063409259201863355
0.10605374254268418 0.062825542237607418

0.10605374254268418 0.062825542237607418
0.10365218917579246 0.06238455443687304

0.10365218917579246 0.06238455443687304
0.10293451482084053 0.062249493761504911

0.10293451482084053 0.062249493761504911
0.099815287098996869 0.061693892073860029

0.099815287098996869 0.061693892073860029
0.096696059377153226 0.061146047358737021

0.096696059377153226 0.061146047358737021
0.09357683165530957 0.060609992952793408

0.09357683165530957 0.060609992952793408
0.090457603933465913 0.060086028945654998

0.090457603933465913 0.060086028945654998
0.087338376211622271 0.059576526505900215

0.087338376211622271 0.059576526505900215
0.085402097526024165 0.05926532671502939

0.085402097526024165 0.05926532671502939
0.084219148489778614 0.059073445008664099

0.084219148489778614 0.059073445008664099
0.081099920767934958 0.05859182855836232

0.081099920767934958 0.05859182855836232
0.077980693046091315 0.058121800569601569

0.077980693046091315 0.058121800569601569
0.074861465324247659 0.05766729110220966

0.074861465324247659 0.05766729110220966
0.071742237602404002 0.057228665728141351

0.071742237602404002 0.057228665728141351
0.068623009880560346 0.056805729030484926

0.068623009880560346 0.056805729030484926
0.065503782158716703 0.056399059359225311

0.065503782158716703 0.056399059359225311
0.063506173286420803 0.056146098993185733

0.063506173286420803 0.056146098993185733
0.06238455443687304 0.056002875000808881

0.06238455443687304 0.056002875000808881
0.05926532671502939 0.055624973258672869

0.05926532671502939 0.055624973258672869
0.056146098993185733 0.055257342000242959

0.056146098993185733 0.055257342000242959
0.053026871271342084 0.054899944171392788

0.053026871271342084 0.054899944171392788
0.049907643549498434 0.054550622577473971

0.049907643549498434 0.054550622577473971
0.046788415827654778 0.054207246125627356

0.046788415827654778 0.054207246125627356
0.043669188105811128 0.053868179286369333

0.043669188105811128 0.053868179286369333
0.040549960383967479 0.053532439972001931

0.040549960383967479 0.053532439972001931
0.037430732662123822 0.053200805857391925

0.037430732662123822 0.053200805857391925
0.035796971356779242 0.053026871271342084

0.035796971356779242 0.053026871271342084
0.034311504940280173 0.052868544166035675

0.034311504940280173 0.052868544166035675
0.03119227721843652 0.052543290225812465

0.03119227721843652 0.052543290225812465
0.02807304949659287 0.052220811140587478

0.02807304949659287 0.052220811140587478
0.024953821774749217 0.051903540301075475

0.024953821774749217 0.051903540301075475
0.021834594052905568 0.051592790498355877

0.021834594052905568 0.051592790498355877
0.018715366331061915 0.051289756989850749

0.018715366331061915 0.051289756989850749
0.01559613860921826 0.050995302015394123

0.01559613860921826 0.050995302015394123
0.012476910887374609 0.050709864674888312

0.012476910887374609 0.050709864674888312
0.0093576831655309556 0.050433453192248102

0.0093576831655309556 0.050433453192248102
0.0062384554436873043 0.050165650373803876

0.0062384554436873043 0.050165650373803876
0.0031439420602547346 0.049907643549498434

0.0031439420602547346 0.049907643549498434
0.0031192277218436517 0.049905539970516728

0.0031192277218436517 0.049905539970516728
0 0.049652141245380955

0 0.049652141245380955
-0.0031192277218436521 0.049403833770956911

-0.0031192277218436521 0.049403833770956911
-0.0062384554436873043 0.049158118368323865

-0.0062384554436873043 0.049158118368323865
-0.0093576831655309573 0.048912609018860825

-0.0093576831655309573 0.048912609018860825
-0.012476910887374609 0.048664980993072371

-0.012476910887374609 0.048664980993072371
-0.015596138609218262 0.048413146640762197

-0.015596138609218262 0.048413146640762197
-0.018715366331061911 0.048155227802594028

-0.018715366331061911 0.048155227802594028
-0.021834594052905564 0.047889595141762588

-0.021834594052905564 0.047889595141762588
-0.024953821774749217 0.047614977860253899

-0.024953821774749217 0.047614977860253899
-0.028073049496592867 0.047330785605570913

-0.028073049496592867 0.047330785605570913
-0.03119227721843652 0.04703744284192319

-0.03119227721843652 0.04703744284192319
-0.033756455653319993 0.046788415827654778

-0.033756455653319993 0.046788415827654778
-0.034311504940280173 0.04673363557249402

-0.034311504940280173 0.04673363557249402
-0.037430732662123829 0.046424331758386034

-0.037430732662123829 0.046424331758386034
-0.040549960383967479 0.046107491563258052

-0.040549960383967479 0.046107491563258052
-0.043669188105811135 0.045784868904782901

-0.043669188105811135 0.045784868904782901
-0.046788415827654785 0.045457175855425677

-0.046788415827654785 0.045457175855425677
-0.049907643549498434 0.045125049676868152

-0.049907643549498434 0.045125049676868152
-0.053026871271342091 0.044788896438064482

-0.053026871271342091 0.044788896438064482
-0.05614609899318574 0.044448735222411641

-0.05614609899318574 0.044448735222411641
-0.05926532671502939 0.044104250987712215

-0.05926532671502939 0.044104250987712215
-0.062384554436873046 0.04375611530146406

-0.062384554436873046 0.04375611530146406
-0.063134586501371465 0.043669188105811128

-0.063134586501371465 0.043669188105811128
-0.065503782158716689 0.043398602095266137

-0.065503782158716689 0.043398602095266137
-0.068623009880560346 0.043036161113724714

-0.068623009880560346 0.043036161113724714
-0.071742237602403988 0.042663711404963098

-0.071742237602403988 0.042663711404963098
-0.074861465324247645 0.042279612980410351

-0.074861465324247645 0.042279612980410351
-0.077980693046091301 0.041881998434953216

-0.077980693046091301 0.041881998434953216
-0.081099920767934958 0.041469241830797525

-0.081099920767934958 0.041469241830797525
-0.0842191484897786 0.041040294754109974

-0.0842191484897786 0.041040294754109974
-0.087338376211622257 0.040595905843333897

-0.087338376211622257 0.040595905843333897
-0.087638651368659296 0.040549960383967479

-0.087638651368659296 0.040549960383967479
-0.090457603933465913 0.04013127223094648

-0.090457603933465913 0.04013127223094648
-0.093576831655309556 0.03965208737703068

-0.093576831655309556 0.03965208737703068
-0.096696059377153212 0.039155306392340931

-0.096696059377153212 0.039155306392340931
-0.099815287098996869 0.03864166326460132

-0.099815287098996869 0.03864166326460132
-0.10293451482084051 0.038111584915599121

-0.10293451482084051 0.038111584915599121
-0.10605374254268417 0.037568711515498142

-0.10605374254268417 0.037568711515498142
-0.10679810535576052 0.037430732662123822

-0.10679810535576052 0.037430732662123822
-0.10917297026452782 0.037000667871282013

-0.10917297026452782 0.037000667871282013
-0.11229219798637147 0.036424573182571716

-0.11229219798637147 0.036424573182571716
-0.11541142570821512 0.035830930874293287

-0.11541142570821512 0.035830930874293287
-0.11853065343005878 0.035220685625758419

-0.11853065343005878 0.035220685625758419
-0.12164988115190242 0.03459726791693362

-0.12164988115190242 0.03459726791693362
-0.12300669057763532 0.034311504940280173

-0.12300669057763532 0.034311504940280173
-0.12476910887374608 0.033942564216907785

-0.12476910887374608 0.033942564216907785
-0.12788833659558974 0.033281252545344739

-0.12788833659558974 0.033281252545344739
-0.13100756431743338 0.032596476166462177

-0.13100756431743338 0.032596476166462177
-0.13412679203927705 0.031891122804898094

-0.13412679203927705 0.031891122804898094
-0.13712667916251897 0.03119227721843652

-0.13712667916251897 0.03119227721843652
-0.13724601976112069 0.031162868592423162

-0.13724601976112069 0.031162868592423162
-0.14036524748296433 0.03041738370400162

-0.14036524748296433 0.03041738370400162
-0.143484475204808 0.029650496037596105

-0.143484475204808 0.029650496037596105
-0.14660370292665165 0.028863404077124923

-0.14660370292665165 0.028863404077124923
-0.1496572789045304 0.02807304949659287

-0.1496572789045304 0.02807304949659287
-0.14972293064849529 0.028054918220055569

-0.14972293064849529 0.028054918220055569
-0.15284215837033896 0.027229570673682507

-0.15284215837033896 0.027229570673682507
-0.1559613860921826 0.026384640576247377

-0.1559613860921826 0.026384640576247377
-0.15908061381402624 0.025525239264283031

-0.15908061381402624 0.025525239264283031
-0.16107959443481529 0.024953821774749217

-0.16107959443481529 0.024953821774749217
-0.16219984153586992 0.024626752839311934

-0.16219984153586992 0.024626752839311934
-0.16531906925771356 0.023733388575435263

-0.16531906925771356 0.023733388575435263
-0.1684382969795572 0.022811212354245942

-0.1684382969795572 0.022811212354245942
-0.17155752470140087 0.021871615975405895

-0.17155752470140087 0.021871615975405895
-0.17166891093341588 0.021834594052905568

-0.17166891093341588 0.021834594052905568
-0.17467675242324451 0.020905665032995412

-0.17467675242324451 0.020905665032995412
-0.17779598014508816 0.019921088999264161

-0.17779598014508816 0.019921088999264161
-0.18091520786693183 0.018926161864774142

-0.18091520786693183 0.018926161864774142
-0.18152067746938863 0.018715366331061915

-0.18152067746938863 0.018715366331061915
-0.18403443558877547 0.017883637322550834

-0.18403443558877547 0.017883637322550834
-0.18715366331061911 0.016833760382099643

-0.18715366331061911 0.016833760382099643
-0.19027289103246278 0.015769994951698476

-0.19027289103246278 0.015769994951698476
-0.19073615375738781 0.01559613860921826

-0.19073615375738781 0.01559613860921826
-0.19339211875430642 0.014660211150289849

-0.19339211875430642 0.014660211150289849
-0.19651134647615007 0.013543981274761304

-0.19651134647615007 0.013543981274761304
-0.19943633602673622 0.012476910887374609

-0.19943633602673622 0.012476910887374609
-0.19963057419799374 0.012399838723692339

-0.19963057419799374 0.012399838723692339
-0.20274980191983738 0.01125139838201878

-0.20274980191983738 0.01125139838201878
-0.20586902964168105 0.010092504343196217

-0.20586902964168105 0.010092504343196217
-0.20778290925671983 0.0093576831655309556

-0.20778290925671983 0.0093576831655309556
-0.20898825736352469 0.008884363730980737

-0.20898825736352469 0.008884363730980737
-0.21210748508536834 0.0077097847036292884

-0.21210748508536834 0.0077097847036292884
-0.21522671280721201 0.0065260688834289093

-0.21522671280721201 0.0065260688834289093
-0.21592618487342169 0.0062384554436873043

-0.21592618487342169 0.0062384554436873043
-0.21834594052905565 0.0052965388530801542

-0.21834594052905565 0.0052965388530801542
-0.22146516825089929 0.0040885414064853283

-0.22146516825089929 0.0040885414064853283
-0.22392368466571641 0.0031192277218436517

-0.22392368466571641 0.0031192277218436517
-0.22458439597274296 0.0028429232048906524

-0.22458439597274296 0.0028429232048906524
-0.2277036236945866 0.001625574943690936

-0.2277036236945866 0.001625574943690936
-0.23082285141643025 0.000400331670862333

-0.23082285141643025 0.000400331670862333
-0.23176822816816794 0

-0.23176822816816794 0
-0.23394207913827392 -0.0008842186766480311

-0.23394207913827392 -0.0008842186766480311
-0.23706130686011756 -0.0021422551320190719

-0.23706130686011756 -0.0021422551320190719
-0.23941307957942165 -0.0031192277218436521

-0.23941307957942165 -0.0031192277218436521
-0.2401805345819612 -0.0034560559170992676

-0.2401805345819612 -0.0034560559170992676
-0.24329976230380487 -0.0047418830821076945

-0.24329976230380487 -0.0047418830821076945
-0.24641899002564852 -0.0060475531057518177

-0.24641899002564852 -0.0060475531057518177
-0.24682903642413148 -0.0062384554436873043

-0.24682903642413148 -0.0062384554436873043
-0.24953821774749216 -0.0074009082370579092

-0.24953821774749216 -0.0074009082370579092
-0.25265744546933583 -0.0087289982738252003

-0.25265744546933583 -0.0087289982738252003
-0.25405070278053954 -0.0093576831655309573

-0.25405070278053954 -0.0093576831655309573
-0.25577667319117953 -0.010127529772996422

-0.25577667319117953 -0.010127529772996422
-0.25889590091302317 -0.011470801339274597

-0.25889590091302317 -0.011470801339274597
-0.26116698113757686 -0.012476910887374609

-0.26116698113757686 -0.012476910887374609
-0.26201512863486681 -0.012872658582307447

-0.26201512863486681 -0.012872658582307447
-0.26513435635671045 -0.01422104447799075

-0.26513435635671045 -0.01422104447799075
-0.2682535840785541 -0.015587368621085188

-0.2682535840785541 -0.015587368621085188
-0.26827153629719064 -0.015596138609218262

-0.26827153629719064 -0.015596138609218262
-0.27137281180039774 -0.016947566542057636

-0.27137281180039774 -0.016947566542057636
-0.27449203952224144 -0.018275254070518103

-0.27449203952224144 -0.018275254070518103
-0.27546532868773682 -0.018715366331061911

-0.27546532868773682 -0.018715366331061911
-0.27761126724408508 -0.019645768435561064

-0.27761126724408508 -0.019645768435561064
-0.28073049496592872 -0.020953214718862415

-0.28073049496592872 -0.020953214718862415
-0.28279546820332807 -0.021834594052905564

-0.28279546820332807 -0.021834594052905564
-0.28384972268777237 -0.022300469222550839

-0.28384972268777237 -0.022300469222550839
-0.28696895040961601 -0.023586346748454785

-0.28696895040961601 -0.023586346748454785
-0.29008817813145965 -0.024879332120223415

-0.29008817813145965 -0.024879332120223415
-0.29025099462278853 -0.024953821774749217

-0.29025099462278853 -0.024953821774749217
-0.29320740585330335 -0.026180622561674794

-0.29320740585330335 -0.026180622561674794
-0.29632663357514699 -0.027452681464410694

-0.29632663357514699 -0.027452681464410694
-0.29778729653148522 -0.028073049496592867

-0.29778729653148522 -0.028073049496592867
-0.29944586129699063 -0.028772714883676696

-0.29944586129699063 -0.028772714883676696
-0.30256508901883428 -0.030040444443346786

-0.30256508901883428 -0.030040444443346786
-0.30537408478023087 -0.03119227721843652

-0.30537408478023087 -0.03119227721843652
-0.30568431674067792 -0.031330801262026725

-0.30568431674067792 -0.031330801262026725
-0.30880354446252156 -0.032589612311041995

-0.30880354446252156 -0.032589612311041995
-0.31192277218436526 -0.033831370417077462

-0.31192277218436526 -0.033831370417077462
-0.31307791438724936 -0.034311504940280173

-0.31307791438724936 -0.034311504940280173
-0.3150419999062089 -0.035105930105377166

-0.3150419999062089 -0.035105930105377166
-0.31816122762805255 -0.036322193478280793

-0.31816122762805255 -0.036322193478280793
-0.32103132975930221 -0.037430732662123829

-0.32103132975930221 -0.037430732662123829
-0.32128045534989619 -0.037535321534413066

-0.32128045534989619 -0.037535321534413066
-0.32439968307173983 -0.038705064351051616

-0.32439968307173983 -0.038705064351051616
-0.32751891079358347 -0.039846091306874387

-0.32751891079358347 -0.039846091306874387
-0.32945594621014701 -0.040549960383967479

-0.32945594621014701 -0.040549960383967479
-0.33063813851542717 -0.040988623963234827

-0.33063813851542717 -0.040988623963234827
-0.33375736623727081 -0.042062060972789757

-0.33375736623727081 -0.042062060972789757
-0.33687659395911446 -0.043107736927841013

-0.33687659395911446 -0.043107736927841013
-0.33856032598528951 -0.043669188105811135

-0.33856032598528951 -0.043669188105811135
-0.3399958216809581 -0.044150421320421643

-0.3399958216809581 -0.044150421320421643
-0.34311504940280174 -0.045130018950089959

-0.34311504940280174 -0.045130018950089959
-0.34623427712464538 -0.046085290827662634

-0.34623427712464538 -0.046085290827662634
-0.34859770804434403 -0.046788415827654785

-0.34859770804434403 -0.046788415827654785
-0.34935350484648908 -0.04702188517188275

-0.34935350484648908 -0.04702188517188275
-0.35247273256833273 -0.047904335731615642

-0.35247273256833273 -0.047904335731615642
-0.35559196029017637 -0.048765780939564629

-0.35559196029017637 -0.048765780939564629
-0.35871118801202001 -0.049584599215229411

-0.35871118801202001 -0.049584599215229411
-0.35995396114485034 -0.049907643549498434

-0.35995396114485034 -0.049907643549498434
-0.36183041573386365 -0.050388389545347981

-0.36183041573386365 -0.050388389545347981
-0.36494964345570735 -0.051141760129365769

-0.36494964345570735 -0.051141760129365769
-0.36806887117755099 -0.051863722123378683

-0.36806887117755099 -0.051863722123378683
-0.37118809889939464 -0.052542723390162777

-0.37118809889939464 -0.052542723390162777
-0.37355255407736498 -0.053026871271342091

-0.37355255407736498 -0.053026871271342091
-0.37430732662123828 -0.053185317542407851

-0.37430732662123828 -0.053185317542407851
-0.37742655434308192 -0.053773425577205269

-0.37742655434308192 -0.053773425577205269
-0.38054578206492556 -0.054321525786894496

-0.38054578206492556 -0.054321525786894496
-0.38366500978676926 -0.054822339190226027

-0.38366500978676926 -0.054822339190226027
-0.3867842375086129 -0.055274371358388467

-0.3867842375086129 -0.055274371358388467
-0.38990346523045655 -0.055676810889967135

-0.38990346523045655 -0.055676810889967135
-0.39302269295230019 -0.056028228397056748

-0.39302269295230019 -0.056028228397056748
-0.3942187788334659 -0.05614609899318574

-0.3942187788334659 -0.05614609899318574
-0.39614192067414383 -0.056334175738519843

-0.39614192067414383 -0.056334175738519843
-0.39926114839598748 -0.056591642592709664

-0.39926114839598748 -0.056591642592709664
-0.40238037611783117 -0.056806029027669402

-0.40238037611783117 -0.056806029027669402
-0.40549960383967482 -0.056978296208927776

-0.40549960383967482 -0.056978296208927776
-0.40861883156151846 -0.05711008121993176

-0.40861883156151846 -0.05711008121993176
-0.4117380592833621 -0.057203214771708331

-0.4117380592833621 -0.057203214771708331
-0.41485728700520574 -0.057259431276460881

-0.41485728700520574 -0.057259431276460881
-0.41797651472704939 -0.057279889375762866

-0.41797651472704939 -0.057279889375762866
-0.42109574244889308 -0.057264892027322899

-0.42109574244889308 -0.057264892027322899
-0.42421497017073673 -0.057213983045098268

-0.42421497017073673 -0.057213983045098268
-0.42733419789258037 -0.057126427023017894

-0.42733419789258037 -0.057126427023017894
-0.43045342561442401 -0.057001780859013133

-0.43045342561442401 -0.057001780859013133
-0.43357265333626765 -0.056840339316011512

-0.43357265333626765 -0.056840339316011512
-0.4366918810581113 -0.056642882071504995

-0.4366918810581113 -0.056642882071504995
-0.439811108779955 -0.056410155060902557

-0.439811108779955 -0.056410155060902557
-0.44289768570456428 -0.05614609899318574

-0.44289768570456428 -0.05614609899318574
-0.44293033650179864 -0.056143242063654883

-0.44293033650179864 -0.056143242063654883
-0.44604956422364228 -0.055843169760327493

-0.44604956422364228 -0.055843169760327493
-0.44916879194548592 -0.055510758690434266

-0.44916879194548592 -0.055510758690434266
-0.45228801966732957 -0.055147866721182513

-0.45228801966732957 -0.055147866721182513
-0.45540724738917326 -0.054757242835870169

-0.45540724738917326 -0.054757242835870169
-0.45852647511101691 -0.054342541287395463

-0.45852647511101691 -0.054342541287395463
-0.46164570283286055 -0.053906669035458307

-0.46164570283286055 -0.053906669035458307
-0.46476493055470419 -0.053452326072812063

-0.46476493055470419 -0.053452326072812063
-0.46759198511273092 -0.053026871271342091

-0.46759198511273092 -0.053026871271342091
-0.46788415827654783 -0.052981490723401269

-0.46788415827654783 -0.052981490723401269
-0.47100338599839148 -0.052502285158095699

-0.47100338599839148 -0.052502285158095699
-0.47412261372023518 -0.052013072366131272

-0.47412261372023518 -0.052013072366131272
-0.47724184144207882 -0.051517134492062439

-0.47724184144207882 -0.051517134492062439
-0.48036106916392246 -0.051015856029543991

-0.48036106916392246 -0.051015856029543991
-0.4834802968857661 -0.050510682676870512

-0.4834802968857661 -0.050510682676870512
-0.48659952460760975 -0.050004504827209577

-0.48659952460760975 -0.050004504827209577
-0.48717342212994791 -0.049907643549498434

-0.48717342212994791 -0.049907643549498434
-0.48971875232945339 -0.049489161736254124

-0.48971875232945339 -0.049489161736254124
-0.49283798005129709 -0.048972936427498101

-0.49283798005129709 -0.048972936427498101
-0.49595720777314073 -0.048451551784689052

-0.49595720777314073 -0.048451551784689052
-0.49907643549498437 -0.047930689753198211

-0.49907643549498437 -0.047930689753198211
-0.50219566321682807 -0.047412819970483369

-0.50219566321682807 -0.047412819970483369
-0.50531489093867166 -0.046901390031354635

-0.50531489093867166 -0.046901390031354635
-0.50598924698053094 -0.046788415827654785

-0.50598924698053094 -0.046788415827654785
-0.50843411866051536 -0.046388432250509821

-0.50843411866051536 -0.046388432250509821
-0.51155334638235894 -0.045887517579036495

-0.51155334638235894 -0.045887517579036495
-0.51467257410420264 -0.045397539035011654

-0.51467257410420264 -0.045397539035011654
-0.51779180182604623 -0.044924212508474566

-0.51779180182604623 -0.044924212508474566
-0.52091102954788993 -0.044470218217699982

-0.52091102954788993 -0.044470218217699982
-0.52403025726973362 -0.044036159134099341

-0.52403025726973362 -0.044036159134099341
-0.52679775539469831 -0.043669188105811135

-0.52679775539469831 -0.043669188105811135
-0.52714948499157721 -0.043621362157468715

-0.52714948499157721 -0.043621362157468715
-0.53026871271342091 -0.043232075389221539

-0.53026871271342091 -0.043232075389221539
-0.5333879404352645 -0.042866208204673947

-0.5333879404352645 -0.042866208204673947
-0.53650716815710819 -0.042523227752021692

-0.53650716815710819 -0.042523227752021692
-0.53962639587895189 -0.042200606023579335

-0.53962639587895189 -0.042200606023579335
-0.54274562360079548 -0.041898485891485079

-0.54274562360079548 -0.041898485891485079
-0.54586485132263918 -0.04161643578148682

-0.54586485132263918 -0.04161643578148682
-0.54898407904448276 -0.041351826141555241

-0.54898407904448276 -0.041351826141555241
-0.55210330676632646 -0.041103017889088204

-0.55210330676632646 -0.041103017889088204
-0.55522253448817016 -0.040872056949707983

-0.55522253448817016 -0.040872056949707983
-0.55834176221001375 -0.040662876072157586

-0.55834176221001375 -0.040662876072157586
-0.56018274501697751 -0.040549960383967479

-0.56018274501697751 -0.040549960383967479
-0.56146098993185745 -0.040471388301051646

-0.56146098993185745 -0.040471388301051646
-0.56458021765370103 -0.040298720027838818

-0.56458021765370103 -0.040298720027838818
-0.56769944537554473 -0.040149455857764665

-0.56769944537554473 -0.040149455857764665
-0.57081867309738832 -0.040027424176619468

-0.57081867309738832 -0.040027424176619468
-0.57393790081923202 -0.039933519465029627

-0.57393790081923202 -0.039933519465029627
-0.57705712854107571 -0.039868297739066715

-0.57705712854107571 -0.039868297739066715
-0.5801763562629193 -0.039833079674954155

-0.5801763562629193 -0.039833079674954155
-0.583295583984763 -0.03982990195040817

-0.583295583984763 -0.03982990195040817
-0.58641481170660659 -0.039859074727328289

-0.58641481170660659 -0.039859074727328289
-0.58953403942845028 -0.039919177576322656

-0.58953403942845028 -0.039919177576322656
-0.59265326715029398 -0.0400089544221474

-0.59265326715029398 -0.0400089544221474
-0.59577249487213757 -0.040127293955739718

-0.59577249487213757 -0.040127293955739718
-0.59889172259398127 -0.040272490816408484

-0.59889172259398127 -0.040272490816408484
-0.60201095031582486 -0.040442913311889109

-0.60201095031582486 -0.040442913311889109
-0.60371164303220881 -0.040549960383967479

-0.60371164303220881 -0.040549960383967479
-0.60513017803766855 -0.040639465287114526

-0.60513017803766855 -0.040639465287114526
-0.60824940575951214 -0.040859616611662597

-0.60824940575951214 -0.040859616611662597
-0.61136863348135584 -0.04110483369256334

-0.61136863348135584 -0.04110483369256334
-0.61448786120319954 -0.041375908278448788

-0.61448786120319954 -0.041375908278448788
-0.61760708892504312 -0.041675068945018989

-0.61760708892504312 -0.041675068945018989
-0.62072631664688682 -0.04200443813069249

-0.62072631664688682 -0.04200443813069249
-0.62384554436873041 -0.042365452077770073

-0.62384554436873041 -0.042365452077770073
-0.62696477209057411 -0.04275925057572845

-0.62696477209057411 -0.04275925057572845
-0.63008399981241781 -0.043187063128284006

-0.63008399981241781 -0.043187063128284006
-0.63320322753426139 -0.043649245006012055

-0.63320322753426139 -0.043649245006012055
-0.63332375091156012 -0.043669188105811135

-0.63332375091156012 -0.043669188105811135
-0.63632245525610509 -0.04414779847499832

-0.63632245525610509 -0.04414779847499832
-0.63944168297794868 -0.044678946035505283

-0.63944168297794868 -0.044678946035505283
-0.64256091069979238 -0.045242107007050697

-0.64256091069979238 -0.045242107007050697
-0.64568013842163596 -0.045836382379611643

-0.64568013842163596 -0.045836382379611643
-0.64879936614347966 -0.046456925924907723

-0.64879936614347966 -0.046456925924907723
-0.65036294659178839 -0.046788415827654785

-0.65036294659178839 -0.046788415827654785
-0.65191859386532336 -0.047118634382577032

-0.65191859386532336 -0.047118634382577032
-0.65503782158716695 -0.047793370007418401

-0.65503782158716695 -0.047793370007418401
-0.65815704930901064 -0.048497056071702467

-0.65815704930901064 -0.048497056071702467
-0.66127627703085423 -0.049224850335818152

-0.66127627703085423 -0.049224850335818152
-0.66410045733702516 -0.049907643549498434

-0.66410045733702516 -0.049907643549498434
-0.66439550475269793 -0.049982737582505779

-0.66439550475269793 -0.049982737582505779
-0.66751473247454163 -0.050758780636415042

-0.66751473247454163 -0.050758780636415042
-0.67063396019638521 -0.051564610194064969

-0.67063396019638521 -0.051564610194064969
-0.67375318791822891 -0.052395272099585034

-0.67375318791822891 -0.052395272099585034
-0.67602299728887871 -0.053026871271342091

-0.67602299728887871 -0.053026871271342091
-0.6768724156400725 -0.053271287305284264

-0.6768724156400725 -0.053271287305284264
-0.6799916433619162 -0.054156895769919312

-0.6799916433619162 -0.054156895769919312
-0.6831108710837599 -0.055082546846263881

-0.6831108710837599 -0.055082546846263881
-0.68623009880560348 -0.056032460051383952

-0.68623009880560348 -0.056032460051383952
-0.68656678121582648 -0.05614609899318574

-0.68656678121582648 -0.05614609899318574
-0.68934932652744718 -0.057028091890262977

-0.68934932652744718 -0.057028091890262977
-0.69246855424929077 -0.058044848317310049

-0.69246855424929077 -0.058044848317310049
-0.69558778197113447 -0.059078695410426714

-0.69558778197113447 -0.059078695410426714
-0.69609948860988569 -0.05926532671502939

-0.69609948860988569 -0.05926532671502939
-0.69870700969297805 -0.060162371412601827

-0.69870700969297805 -0.060162371412601827
-0.70182623741482175 -0.061255843978106343

-0.70182623741482175 -0.061255843978106343
-0.70494546513666545 -0.062374065395107869

-0.70494546513666545 -0.062374065395107869
-0.70497153872474272 -0.062384554436873046

-0.70497153872474272 -0.062384554436873046
-0.70806469285850904 -0.063518014504071976

-0.70806469285850904 -0.063518014504071976
-0.71118392058035274 -0.064677253120646358

-0.71118392058035274 -0.064677253120646358
-0.71332876608277218 -0.065503782158716689

-0.71332876608277218 -0.065503782158716689
-0.71430314830219632 -0.06589379429699585

-0.71430314830219632 -0.06589379429699585
-0.71742237602404002 -0.067094926392678708

-0.71742237602404002 -0.067094926392678708
-0.72054160374588372 -0.06832419621656538

-0.72054160374588372 -0.06832419621656538
-0.72122596516874349 -0.068623009880560346

-0.72122596516874349 -0.068623009880560346
-0.72366083146772731 -0.069626135519945578

-0.72366083146772731 -0.069626135519945578
-0.726780059189571 -0.070919378352908569

-0.726780059189571 -0.070919378352908569
-0.72865839073755667 -0.071742237602403988

-0.72865839073755667 -0.071742237602403988
-0.72989928691141459 -0.072299082348783628

-0.72989928691141459 -0.072299082348783628
-0.73301851463325829 -0.073651193855809469

-0.73301851463325829 -0.073651193855809469
-0.73569914882538057 -0.074861465324247645

-0.73569914882538057 -0.074861465324247645
-0.73613774235510188 -0.07507721917675772

-0.73613774235510188 -0.07507721917675772
-0.73925697007694557 -0.076492471734785572

-0.73925697007694557 -0.076492471734785572
-0.74237619779878927 -0.077945733048188345

-0.74237619779878927 -0.077945733048188345
-0.74244175754482578 -0.077980693046091301

-0.74244175754482578 -0.077980693046091301
-0.74549542552063286 -0.079425798088756494

-0.74549542552063286 -0.079425798088756494
-0.74861465324247656 -0.080897898995001827

-0.74861465324247656 -0.080897898995001827
-0.74899578026144331 -0.081099920767934958

-0.74899578026144331 -0.081099920767934958
-0.75173388096432014 -0.082419814642949465

-0.75173388096432014 -0.082419814642949465
-0.75485310868616384 -0.083903433240676298

-0.75485310868616384 -0.083903433240676298
-0.75545083635483345 -0.0842191484897786

-0.75545083635483345 -0.0842191484897786
-0.75797233640800754 -0.085451127173030078

-0.75797233640800754 -0.085451127173030078
-0.76109156412985113 -0.086943074557612063

-0.76109156412985113 -0.086943074557612063
-0.76184069878649685 -0.087338376211622257

-0.76184069878649685 -0.087338376211622257
-0.76421079185169483 -0.088509176763216846

-0.76421079185169483 -0.088509176763216846
-0.76733001957353841 -0.090009514825482487

-0.76733001957353841 -0.090009514825482487
-0.76817637557885265 -0.090457603933465913

-0.76817637557885265 -0.090457603933465913
-0.77044924729538211 -0.091592748491212489

-0.77044924729538211 -0.091592748491212489
-0.77356847501722581 -0.093105529299343973

-0.77356847501722581 -0.093105529299343973
-0.77445103301884211 -0.093576831655309556

-0.77445103301884211 -0.093576831655309556
-0.7766877027390694 -0.094706288113684256

-0.7766877027390694 -0.094706288113684256
-0.77980693046091309 -0.096231166244331409

-0.77980693046091309 -0.096231166244331409
-0.78067148049424362 -0.096696059377153212

-0.78067148049424362 -0.096696059377153212
-0.78292615818275668 -0.097840105467611904

-0.78292615818275668 -0.097840105467611904
-0.78604538590460038 -0.099367462663155603

-0.78604538590460038 -0.099367462663155603
-0.7868790778431296 -0.099815287098996869

-0.7868790778431296 -0.099815287098996869
-0.78916461362644397 -0.10097059791787855

-0.78916461362644397 -0.10097059791787855
-0.79228384134828767 -0.10248660768197598

-0.79228384134828767 -0.10248660768197598
-0.79313203011929456 -0.10293451482084051

-0.79313203011929456 -0.10293451482084051
-0.79540306907013136 -0.10406491680829007

-0.79540306907013136 -0.10406491680829007
-0.79852229679197495 -0.10554646045324824

-0.79852229679197495 -0.10554646045324824
-0.79952386369601058 -0.10605374254268417

-0.79952386369601058 -0.10605374254268417
-0.80164152451381865 -0.10707867045886671

-0.80164152451381865 -0.10707867045886671
-0.80476075223566224 -0.10850385595486912

-0.80476075223566224 -0.10850385595486912
-0.80617911665354458 -0.10917297026452782

-0.80617911665354458 -0.10917297026452782
-0.80787997995750593 -0.10996562842764174

-0.80787997995750593 -0.10996562842764174
-0.81099920767934963 -0.11132099027903289

-0.81099920767934963 -0.11132099027903289
-0.81325190983815476 -0.11229219798637147

-0.81325190983815476 -0.11229219798637147
-0.81411843540119322 -0.11268366195578262

-0.81411843540119322 -0.11268366195578262
-0.81723766312303692 -0.11394780143068403

-0.81723766312303692 -0.11394780143068403
-0.8203568908448805 -0.11516660520327425

-0.8203568908448805 -0.11516660520327425
-0.8209656519399452 -0.11541142570821512

-0.8209656519399452 -0.11541142570821512
-0.8234761185667242 -0.11636065180095399

-0.8234761185667242 -0.11636065180095399
-0.82659534628856779 -0.11748059397468694

-0.82659534628856779 -0.11748059397468694
-0.8296874473767748 -0.11853065343005878

-0.8296874473767748 -0.11853065343005878
-0.82971457401041149 -0.11854067136957298

-0.82971457401041149 -0.11854067136957298
-0.83283380173225519 -0.11953146495998887

-0.83283380173225519 -0.11953146495998887
-0.83595302945409877 -0.12045843104360376

-0.83595302945409877 -0.12045843104360376
-0.83907225717594247 -0.12130202973834574

-0.83907225717594247 -0.12130202973834574
-0.84045553675923723 -0.12164988115190242

-0.84045553675923723 -0.12164988115190242
-0.84219148489778606 -0.12208188302676501

-0.84219148489778606 -0.12208188302676501
-0.84531071261962976 -0.12276526069453825

-0.84531071261962976 -0.12276526069453825
-0.84842994034147345 -0.12337138578638998

-0.84842994034147345 -0.12337138578638998
-0.85154916806331704 -0.12388667636509558

-0.85154916806331704 -0.12388667636509558
-0.85466839578516074 -0.12430630518195766

-0.85466839578516074 -0.12430630518195766
-0.85778762350700433 -0.12462789276135715

-0.85778762350700433 -0.12462789276135715
-0.85973928194053639 -0.12476910887374608

-0.85973928194053639 -0.12476910887374608
-0.86090685122884802 -0.12485364263454214

-0.86090685122884802 -0.12485364263454214
-0.86402607895069172 -0.12498105585069441

-0.86402607895069172 -0.12498105585069441
-0.86714530667253531 -0.12501287905467826

-0.86714530667253531 -0.12501287905467826
-0.87026453439437901 -0.12494875236080216

-0.87026453439437901 -0.12494875236080216
-0.8733837621162226 -0.12479038376937489

-0.8733837621162226 -0.12479038376937489
-0.87364376747218753 -0.12476910887374608

-0.87364376747218753 -0.12476910887374608
-0.87650298983806629 -0.12453821887992897

-0.87650298983806629 -0.12453821887992897
-0.87962221755990988 -0.12419397922129159

-0.87962221755990988 -0.12419397922129159
-0.88274144528175358 -0.12376008473241593

-0.88274144528175358 -0.12376008473241593
-0.88586067300359728 -0.12323993167837873

-0.88586067300359728 -0.12323993167837873
-0.88897990072544086 -0.12263472390139864

-0.88897990072544086 -0.12263472390139864
-0.89209912844728456 -0.12195343616987944

-0.89209912844728456 -0.12195343616987944
-0.89331075010089467 -0.12164988115190242

-0.89331075010089467 -0.12164988115190242
-0.89521835616912815 -0.12117713354269834

-0.89521835616912815 -0.12117713354269834
-0.89833758389097185 -0.12034767737968007

-0.89833758389097185 -0.12034767737968007
-0.90145681161281555 -0.11944773674050224

-0.90145681161281555 -0.11944773674050224
-0.90443184919550634 -0.11853065343005878

-0.90443184919550634 -0.11853065343005878
-0.90457603933465913 -0.11848274661141824

-0.90457603933465913 -0.11848274661141824
-0.90769526705650283 -0.11746920470610291

-0.90769526705650283 -0.11746920470610291
-0.91081449477834642 -0.11639931853428422

-0.91081449477834642 -0.11639931853428422
-0.91357311092639981 -0.11541142570821512

-0.91357311092639981 -0.11541142570821512
-0.91393372250019012 -0.11527252336024887

-0.91393372250019012 -0.11527252336024887
-0.9170529502220337 -0.11413079828865014

-0.9170529502220337 -0.11413079828865014
-0.9201721779438774 -0.11295745696535163

-0.9201721779438774 -0.11295745696535163
-0.92183998975142456 -0.11229219798637147

-0.92183998975142456 -0.11229219798637147
-0.9232914056657211 -0.11170860752626208

-0.9232914056657211 -0.11170860752626208
-0.92641063338756469 -0.11048360720676353

-0.92641063338756469 -0.11048360720676353
-0.92952986110940838 -0.1092259585646118

-0.92952986110940838 -0.1092259585646118
-0.92964669238706321 -0.10917297026452782

-0.92964669238706321 -0.10917297026452782
-0.93264908883125197 -0.10793969788558928

-0.93264908883125197 -0.10793969788558928
-0.93576831655309567 -0.10666306520028215

-0.93576831655309567 -0.10666306520028215
-0.93717605717551533 -0.10605374254268417

-0.93717605717551533 -0.10605374254268417
-0.93888754427493937 -0.10532042824077237

-0.93888754427493937 -0.10532042824077237
-0.94200677199678295 -0.1040271261441852

-0.94200677199678295 -0.1040271261441852
-0.94458946005087463 -0.10293451482084051

-0.94458946005087463 -0.10293451482084051
-0.94512599971862665 -0.10269058290232289

-0.94512599971862665 -0.10269058290232289
-0.94824522744047024 -0.10139163075446816

-0.94824522744047024 -0.10139163075446816
-0.95136445516231394 -0.10009499452206931

-0.95136445516231394 -0.10009499452206931
-0.95198464199198651 -0.099815287098996869

-0.95198464199198651 -0.099815287098996869
-0.95448368288415764 -0.098760181522186491

-0.95448368288415764 -0.098760181522186491
-0.95760291060600122 -0.097475753302648141

-0.95760291060600122 -0.097475753302648141
-0.95945007716938313 -0.096696059377153212

-0.95945007716938313 -0.096696059377153212
-0.96072213832784492 -0.096148658868317236

-0.96072213832784492 -0.096148658868317236
-0.96384136604968851 -0.094886414214302814

-0.96384136604968851 -0.094886414214302814
-0.96696059377153221 -0.093623957566571617

-0.96696059377153221 -0.093623957566571617
-0.9670671441307539 -0.093576831655309556

-0.9670671441307539 -0.093576831655309556
-0.97007982149337579 -0.092369692619252514

-0.97007982149337579 -0.092369692619252514
-0.97319904921521949 -0.091153353322005568

-0.97319904921521949 -0.091153353322005568
-0.97495996409901953 -0.090457603933465913

-0.97495996409901953 -0.090457603933465913
-0.97631827693706319 -0.08991442585963394

-0.97631827693706319 -0.08991442585963394
-0.97943750465890678 -0.088744328497023586

-0.97943750465890678 -0.088744328497023586
-0.98255673238075047 -0.087600044634368171

-0.98255673238075047 -0.087600044634368171
-0.98323914930530187 -0.087338376211622257

-0.98323914930530187 -0.087338376211622257
-0.98567596010259406 -0.086452909871962427

-0.98567596010259406 -0.086452909871962427
-0.98879518782443776 -0.085357574764765742

-0.98879518782443776 -0.085357574764765742
-0.99191441554628146 -0.084293873253314194

-0.99191441554628146 -0.084293873253314194
-0.99212288592786768 -0.0842191484897786

-0.99212288592786768 -0.0842191484897786
-0.99503364326812505 -0.083252335925549162

-0.99503364326812505 -0.083252335925549162
-0.99815287098996874 -0.082251072037731646

-0.99815287098996874 -0.082251072037731646
-1.0012720987118122 -0.081290342266213358

-1.0012720987118122 -0.081290342266213358
-1.0018727867600132 -0.081099920767934958

-1.0018727867600132 -0.081099920767934958
-1.0043913264336559 -0.080339630389543851

-1.0043913264336559 -0.080339630389543851
-1.0075105541554996 -0.079434996735552044

-1.0075105541554996 -0.079434996735552044
-1.0106297818773433 -0.078565994479266141

-1.0106297818773433 -0.078565994479266141
-1.0127773075434365 -0.077980693046091301

-1.0127773075434365 -0.077980693046091301
-1.0137490095991868 -0.07770912743430794

-1.0137490095991868 -0.07770912743430794
-1.0168682373210305 -0.07689899856315599

-1.0168682373210305 -0.07689899856315599
-1.0199874650428742 -0.07610795480350907

-1.0199874650428742 -0.07610795480350907
-1.0231066927647179 -0.075348648548598074

-1.0231066927647179 -0.075348648548598074
-1.0251543759165971 -0.074861465324247645

-1.0251543759165971 -0.074861465324247645
-1.0262259204865614 -0.074601930469774397

-1.0262259204865614 -0.074601930469774397
-1.0293451482084051 -0.073900100682818173

-1.0293451482084051 -0.073900100682818173
-1.0324643759302488 -0.073225412186233504

-1.0324643759302488 -0.073225412186233504
-1.0355836036520925 -0.072583263985046137

-1.0355836036520925 -0.072583263985046137
-1.0387028313739362 -0.071977850621123149

-1.0387028313739362 -0.071977850621123149
-1.0399569483124504 -0.071742237602403988

-1.0399569483124504 -0.071742237602403988
-1.0418220590957796 -0.071395507417122819

-1.0418220590957796 -0.071395507417122819
-1.0449412868176233 -0.070856942552245714

-1.0449412868176233 -0.070856942552245714
-1.048060514539467 -0.07035297751105303

-1.048060514539467 -0.07035297751105303
-1.0511797422613107 -0.069885797688801654

-1.0511797422613107 -0.069885797688801654
-1.0542989699831544 -0.069453781054602773

-1.0542989699831544 -0.069453781054602773
-1.0574181977049979 -0.069058114498640966

-1.0574181977049979 -0.069058114498640966
-1.0605374254268416 -0.068700415451415614

-1.0605374254268416 -0.068700415451415614
-1.0612647031417302 -0.068623009880560346

-1.0612647031417302 -0.068623009880560346
-1.0636566531486853 -0.068372286861689113

-1.0636566531486853 -0.068372286861689113
-1.066775880870529 -0.06807582657656637

-1.066775880870529 -0.06807582657656637
-1.0698951085923727 -0.067811789371972367

-1.0698951085923727 -0.067811789371972367
-1.0730143363142162 -0.067580277734650182

-1.0730143363142162 -0.067580277734650182
-1.0761335640360599 -0.067378764123023738

-1.0761335640360599 -0.067378764123023738
-1.0792527917579036 -0.067208828985365662

-1.0792527917579036 -0.067208828985365662
-1.0823720194797473 -0.06707171556043319

-1.0823720194797473 -0.06707171556043319
-1.085491247201591 -0.066967151074335068

-1.085491247201591 -0.066967151074335068
-1.0886104749234344 -0.066896440292954704

-1.0886104749234344 -0.066896440292954704
-1.0917297026452781 -0.066861826219572276

-1.0917297026452781 -0.066861826219572276
-1.0948489303671218 -0.066864926578274919

-1.0948489303671218 -0.066864926578274919
-1.0979681580889655 -0.066906593554956706

-1.0979681580889655 -0.066906593554956706
-1.1010873858108092 -0.066986950007742324

-1.1010873858108092 -0.066986950007742324
-1.1042066135326527 -0.067105874677285585

-1.1042066135326527 -0.067105874677285585
-1.1073258412544964 -0.067263626982889929

-1.1073258412544964 -0.067263626982889929
-1.1104450689763401 -0.067460040096672932

-1.1104450689763401 -0.067460040096672932
-1.1135642966981838 -0.067693691015348917

-1.1135642966981838 -0.067693691015348917
-1.1166835244200273 -0.067962705837451232

-1.1166835244200273 -0.067962705837451232
-1.119802752141871 -0.068265529879176279

-1.119802752141871 -0.068265529879176279
-1.1229219798637147 -0.068600694052909097

-1.1229219798637147 -0.068600694052909097
-1.1231062680499424 -0.068623009880560346

-1.1231062680499424 -0.068623009880560346
-1.1260412075855584 -0.068969617917422343

-1.1260412075855584 -0.068969617917422343
-1.1291604353074021 -0.069369563896253303

-1.1291604353074021 -0.069369563896253303
-1.1322796630292455 -0.069800901560186798

-1.1322796630292455 -0.069800901560186798
-1.1353988907510892 -0.070264717368789337

-1.1353988907510892 -0.070264717368789337
-1.1385181184729329 -0.070762967638915847

-1.1385181184729329 -0.070762967638915847
-1.1416373461947766 -0.07129720695706375

-1.1416373461947766 -0.07129720695706375
-1.1440554198598558 -0.071742237602403988

-1.1440554198598558 -0.071742237602403988
-1.1447565739166203 -0.071874840107426799

-1.1447565739166203 -0.071874840107426799
-1.1478758016384638 -0.07248200044633632

-1.1478758016384638 -0.07248200044633632
-1.1509950293603075 -0.073132303755813324

-1.1509950293603075 -0.073132303755813324
-1.1541142570821512 -0.073824705002468821

-1.1541142570821512 -0.073824705002468821
-1.1572334848039949 -0.074554205370577858

-1.1572334848039949 -0.074554205370577858
-1.1584326130884175 -0.074861465324247645

-1.1584326130884175 -0.074861465324247645
-1.1603527125258386 -0.075347131192157565

-1.1603527125258386 -0.075347131192157565
-1.1634719402476821 -0.076166068076155669

-1.1634719402476821 -0.076166068076155669
-1.1665911679695258 -0.077034655205710817

-1.1665911679695258 -0.077034655205710817
-1.1697103956913695 -0.077945457393199941

-1.1697103956913695 -0.077945457393199941
-1.1698169637716809 -0.077980693046091301

-1.1698169637716809 -0.077980693046091301
-1.1728296234132132 -0.078907357855753271

-1.1728296234132132 -0.078907357855753271
-1.1759488511350569 -0.079912947943270377

-1.1759488511350569 -0.079912947943270377
-1.1790680788569003 -0.080952035883352744

-1.1790680788569003 -0.080952035883352744
-1.1794636423111022 -0.081099920767934958

-1.1794636423111022 -0.081099920767934958
-1.182187306578744 -0.082053369900777606

-1.182187306578744 -0.082053369900777606
-1.1853065343005877 -0.083183485913306404

-1.1853065343005877 -0.083183485913306404
-1.1880435909144593 -0.0842191484897786

-1.1880435909144593 -0.0842191484897786
-1.1884257620224314 -0.084375216465366554

-1.1884257620224314 -0.084375216465366554
-1.1915449897442751 -0.085587016517330208

-1.1915449897442751 -0.085587016517330208
-1.1946642174661186 -0.086830983600913042

-1.1946642174661186 -0.086830983600913042
-1.1958260168929313 -0.087338376211622257

-1.1958260168929313 -0.087338376211622257
-1.1977834451879623 -0.088171668126672625

-1.1977834451879623 -0.088171668126672625
-1.200902672909806 -0.08950341316006126

-1.200902672909806 -0.08950341316006126
-1.2030055260809627 -0.090457603933465913

-1.2030055260809627 -0.090457603933465913
-1.2040219006316497 -0.090938714829334272

-1.2040219006316497 -0.090938714829334272
-1.2071411283534932 -0.092352036622164221

-1.2071411283534932 -0.092352036622164221
-1.209702788177037 -0.093576831655309556

-1.209702788177037 -0.093576831655309556
-1.2102603560753369 -0.093866225608391446

-1.2102603560753369 -0.093866225608391446
-1.2133795837971806 -0.095372834891495256

-1.2133795837971806 -0.095372834891495256
-1.2159751440633186 -0.096696059377153212

-1.2159751440633186 -0.096696059377153212
-1.2164988115190243 -0.096988430472976089

-1.2164988115190243 -0.096988430472976089
-1.219618039240868 -0.098586128263185302

-1.219618039240868 -0.098586128263185302
-1.2218701630389932 -0.099815287098996869

-1.2218701630389932 -0.099815287098996869
-1.2227372669627115 -0.10032025255229561

-1.2227372669627115 -0.10032025255229561
-1.2258564946845552 -0.10199191857053964

-1.2258564946845552 -0.10199191857053964
-1.2274427084116029 -0.10293451482084051

-1.2274427084116029 -0.10293451482084051
-1.2289757224063989 -0.10384996610377428

-1.2289757224063989 -0.10384996610377428
-1.2320949501282425 -0.10562103165234192

-1.2320949501282425 -0.10562103165234192
-1.2327444623597485 -0.10605374254268417

-1.2327444623597485 -0.10605374254268417
-1.2352141778500862 -0.10756140850108548

-1.2352141778500862 -0.10756140850108548
-1.237784069001753 -0.10917297026452782

-1.237784069001753 -0.10917297026452782
-1.2383334055719297 -0.10955545703874171

-1.2383334055719297 -0.10955545703874171
-1.2414526332937734 -0.1114720783628593

-1.2414526332937734 -0.1114720783628593
-1.2426216692005509 -0.11229219798637147

-1.2426216692005509 -0.11229219798637147
-1.2445718610156171 -0.11360829876234436

-1.2445718610156171 -0.11360829876234436
-1.2472544128443337 -0.11541142570821512

-1.2472544128443337 -0.11541142570821512
-1.2476910887374608 -0.11573965182135242

-1.2476910887374608 -0.11573965182135242
-1.2508103164593045 -0.1178007662046142

-1.2508103164593045 -0.1178007662046142
-1.2517747315194716 -0.11853065343005878

-1.2517747315194716 -0.11853065343005878
-1.253929544181148 -0.1200734016057942

-1.253929544181148 -0.1200734016057942
-1.2560801018319399 -0.12164988115190242

-1.2560801018319399 -0.12164988115190242
-1.2570487719029917 -0.12240474441240563

-1.2570487719029917 -0.12240474441240563
-1.2601679996248354 -0.12461699906503412

-1.2601679996248354 -0.12461699906503412
-1.2603548339825079 -0.12476910887374608

-1.2603548339825079 -0.12476910887374608
-1.2632872273466791 -0.12691368526813906

-1.2632872273466791 -0.12691368526813906
-1.2645032973640162 -0.12788833659558974

-1.2645032973640162 -0.12788833659558974
-1.2664064550685228 -0.12937323221038824

-1.2664064550685228 -0.12937323221038824
-1.2684884257713207 -0.13100756431743338

-1.2684884257713207 -0.13100756431743338
-1.2695256827903663 -0.13186129127506774

-1.2695256827903663 -0.13186129127506774
-1.2725002537313006 -0.13412679203927705

-1.2725002537313006 -0.13412679203927705
-1.27264491051221 -0.13424904544110977

-1.27264491051221 -0.13424904544110977
-1.2757641382340537 -0.13660742569559714

-1.2757641382340537 -0.13660742569559714
-1.2765242103859047 -0.13724601976112069

-1.2765242103859047 -0.13724601976112069
-1.2788833659558974 -0.13911170017342808

-1.2788833659558974 -0.13911170017342808
-1.2803967995211101 -0.14036524748296433

-1.2803967995211101 -0.14036524748296433
-1.2820025936777411 -0.14169281069306369

-1.2820025936777411 -0.14169281069306369
-1.2842403115798697 -0.143484475204808

-1.2842403115798697 -0.143484475204808
-1.2851218213995845 -0.14422720132364195

-1.2851218213995845 -0.14422720132364195
-1.2882263043392896 -0.14660370292665165

-1.2882263043392896 -0.14660370292665165
-1.2882410491214282 -0.14661623454039868

-1.2882410491214282 -0.14661623454039868
-1.2913602768432719 -0.14898533631846989

-1.2913602768432719 -0.14898533631846989
-1.2922530939872363 -0.14972293064849529

-1.2922530939872363 -0.14972293064849529
-1.2944795045651156 -0.15145571936068863

-1.2944795045651156 -0.15145571936068863
-1.2962515497687048 -0.15284215837033896

-1.2962515497687048 -0.15284215837033896
-1.2975987322869591 -0.15391242418087192

-1.2975987322869591 -0.15391242418087192
-1.3004702698592201 -0.1559613860921826

-1.3004702698592201 -0.1559613860921826
-1.3007179600088028 -0.15615713296413383

-1.3007179600088028 -0.15615713296413383
-1.3038371877306465 -0.15825079764498173

-1.3038371877306465 -0.15825079764498173
-1.304990371557166 -0.15908061381402624

-1.304990371557166 -0.15908061381402624
-1.3069564154524902 -0.16042886405522697

-1.3069564154524902 -0.16042886405522697
-1.3097886111046295 -0.16219984153586992

-1.3097886111046295 -0.16219984153586992
-1.3100756431743339 -0.16240046762273475

-1.3100756431743339 -0.16240046762273475
-1.3131948708961774 -0.16416978117169292

-1.3131948708961774 -0.16416978117169292
-1.3153530700576477 -0.16531906925771356

-1.3153530700576477 -0.16531906925771356
-1.3163140986180211 -0.16585397300619456

-1.3163140986180211 -0.16585397300619456
-1.3194333263398648 -0.16728676708705589

-1.3194333263398648 -0.16728676708705589
-1.3222225888808898 -0.1684382969795572

-1.3222225888808898 -0.1684382969795572
-1.3225525540617085 -0.1685852252566222

-1.3225525540617085 -0.1685852252566222
-1.3256717817835522 -0.16966317453212096

-1.3256717817835522 -0.16966317453212096
-1.3287910095053956 -0.17055287640846895

-1.3287910095053956 -0.17055287640846895
-1.3319102372272393 -0.17120922764216334

-1.3319102372272393 -0.17120922764216334
-1.3345850575933169 -0.17155752470140087

-1.3345850575933169 -0.17155752470140087
-1.335029464949083 -0.17161614224664359

-1.335029464949083 -0.17161614224664359
-1.3381486926709267 -0.17177022894853994

-1.3381486926709267 -0.17177022894853994
-1.3412679203927704 -0.17167994054868899

-1.3412679203927704 -0.17167994054868899
-1.342499336850334 -0.17155752470140087

-1.342499336850334 -0.17155752470140087
-1.3443871481146139 -0.17136945843765955

-1.3443871481146139 -0.17136945843765955
-1.3475063758364576 -0.17084920644137097

-1.3475063758364576 -0.17084920644137097
-1.3506256035583013 -0.17007943456794397

-1.3506256035583013 -0.17007943456794397
-1.353744831280145 -0.16906864673756231

-1.353744831280145 -0.16906864673756231
-1.3552543137713948 -0.1684382969795572

-1.3552543137713948 -0.1684382969795572
-1.3568640590019887 -0.16776175408007574

-1.3568640590019887 -0.16776175408007574
-1.3599832867238322 -0.16629670600452476

-1.3599832867238322 -0.16629670600452476
-1.361705151992235 -0.16531906925771356

-1.361705151992235 -0.16531906925771356
-1.3631025144456759 -0.16450709440460692

-1.3631025144456759 -0.16450709440460692
-1.3662217421675196 -0.16267092019789342

-1.3662217421675196 -0.16267092019789342
-1.3668650632645003 -0.16219984153586992

-1.3668650632645003 -0.16219984153586992
-1.3693409698893633 -0.16051309351808776

-1.3693409698893633 -0.16051309351808776
-1.3712211353959345 -0.15908061381402624

-1.3712211353959345 -0.15908061381402624
-1.372460197611207 -0.15809690529560858

-1.372460197611207 -0.15809690529560858
-1.3751860903149187 -0.1559613860921826

-1.3751860903149187 -0.1559613860921826
-1.3755794253330504 -0.15562158565516604

-1.3755794253330504 -0.15562158565516604
-1.3786986530548941 -0.15310372340538106

-1.3786986530548941 -0.15310372340538106
-1.3789892032869198 -0.15284215837033896

-1.3789892032869198 -0.15284215837033896
-1.3818178807767378 -0.15042603016699102

-1.3818178807767378 -0.15042603016699102
-1.3825832385366819 -0.14972293064849529

-1.3825832385366819 -0.14972293064849529
-1.3849371084985815 -0.14760898943882308

-1.3849371084985815 -0.14760898943882308
-1.3860106275142132 -0.14660370292665165

-1.3860106275142132 -0.14660370292665165
-1.388056336220425 -0.14470188783302443

-1.388056336220425 -0.14470188783302443
-1.3893368746666437 -0.143484475204808

-1.3893368746666437 -0.143484475204808
-1.3911755639422687 -0.1417398210066951

-1.3911755639422687 -0.1417398210066951
-1.3926103913075671 -0.14036524748296433

-1.3926103913075671 -0.14036524748296433
-1.3942947916641124 -0.13875326923051887

-1.3942947916641124 -0.13875326923051887
-1.3958653786747368 -0.13724601976112069

-1.3958653786747368 -0.13724601976112069
-1.3974140193859561 -0.13575883798456517

-1.3974140193859561 -0.13575883798456517
-1.399114116221341 -0.13412679203927705

-1.399114116221341 -0.13412679203927705
-1.4005332471077998 -0.13276120711302

-1.4005332471077998 -0.13276120711302
-1.4023658267173342 -0.13100756431743338

-1.4023658267173342 -0.13100756431743338
-1.4036524748296433 -0.12977310745637119

-1.4036524748296433 -0.12977310745637119
-1.4056437261589705 -0.12788833659558974

-1.4056437261589705 -0.12788833659558974
-1.406771702551487 -0.12681456148859291

-1.406771702551487 -0.12681456148859291
-1.4089674308232789 -0.12476910887374608

-1.4089674308232789 -0.12476910887374608
-1.4098909302733307 -0.12389713660117291

-1.4098909302733307 -0.12389713660117291
-1.4123512903223916 -0.12164988115190242

-1.4123512903223916 -0.12164988115190242
-1.4130101579951744 -0.12103250293925374

-1.4130101579951744 -0.12103250293925374
-1.4158239378921815 -0.11853065343005878

-1.4158239378921815 -0.11853065343005878
-1.4161293857170181 -0.11824714519454002

-1.4161293857170181 -0.11824714519454002
-1.4192486134388616 -0.11556349875018963

-1.4192486134388616 -0.11556349875018963
-1.4194150723770118 -0.11541142570821512

-1.4194150723770118 -0.11541142570821512
-1.4223678411607052 -0.11290682980278934

-1.4223678411607052 -0.11290682980278934
-1.4230559803141534 -0.11229219798637147

-1.4230559803141534 -0.11229219798637147
-1.4254870688825489 -0.11023894959026526

-1.4254870688825489 -0.11023894959026526
-1.4267161442195186 -0.10917297026452782

-1.4267161442195186 -0.10917297026452782
-1.4286062966043926 -0.10757824121224401

-1.4286062966043926 -0.10757824121224401
-1.4304390141896242 -0.10605374254268417

-1.4304390141896242 -0.10605374254268417
-1.4317255243262363 -0.10496884902252379

-1.4317255243262363 -0.10496884902252379
-1.4343240440045728 -0.10293451482084051

-1.4343240440045728 -0.10293451482084051
-1.4348447520480798 -0.10249654363751884

-1.4348447520480798 -0.10249654363751884
-1.4379639797699235 -0.1001999642373409

-1.4379639797699235 -0.1001999642373409
-1.4384346749485659 -0.099815287098996869

-1.4384346749485659 -0.099815287098996869
-1.4410832074917672 -0.097849688763439024

-1.4410832074917672 -0.097849688763439024
-1.4425863863569826 -0.096696059377153212

-1.4425863863569826 -0.096696059377153212
-1.4442024352136109 -0.095467907032822236

-1.4442024352136109 -0.095467907032822236
-1.4468859550500488 -0.093576831655309556

-1.4468859550500488 -0.093576831655309556
-1.4473216629354546 -0.093238693029395539

-1.4473216629354546 -0.093238693029395539
-1.4504408906572981 -0.091176966891223787

-1.4504408906572981 -0.091176966891223787
-1.4514353016956301 -0.090457603933465913

-1.4514353016956301 -0.090457603933465913
-1.4535601183791418 -0.089014034723127383

-1.4535601183791418 -0.089014034723127383
-1.4561421599091386 -0.087338376211622257

-1.4561421599091386 -0.087338376211622257
-1.4566793461009855 -0.086954375327953359

-1.4566793461009855 -0.086954375327953359
-1.4597985738228292 -0.085062853349379935

-1.4597985738228292 -0.085062853349379935
-1.4610985990987806 -0.0842191484897786

-1.4610985990987806 -0.0842191484897786
-1.4629178015446729 -0.083072539463801554

-1.4629178015446729 -0.083072539463801554
-1.4660370292665164 -0.081265998377292953

-1.4660370292665164 -0.081265998377292953
-1.4662908539130584 -0.081099920767934958

-1.4662908539130584 -0.081099920767934958
-1.4691562569883601 -0.079449997419363511

-1.4691562569883601 -0.079449997419363511
-1.471768481811029 -0.077980693046091301

-1.471768481811029 -0.077980693046091301
-1.4722754847102038 -0.077666430200596284

-1.4722754847102038 -0.077666430200596284
-1.4753947124320475 -0.076014136139047755

-1.4753947124320475 -0.076014136139047755
-1.4775513391927384 -0.074861465324247645

-1.4775513391927384 -0.074861465324247645
-1.4785139401538909 -0.074320299068340229

-1.4785139401538909 -0.074320299068340229
-1.4816331678757346 -0.072775458747545485

-1.4816331678757346 -0.072775458747545485
-1.483687751965477 -0.071742237602403988

-1.483687751965477 -0.071742237602403988
-1.4847523955975783 -0.071185524076123496

-1.4847523955975783 -0.071185524076123496
-1.487871623319422 -0.069721804232926343

-1.487871623319422 -0.069721804232926343
-1.4902022304655533 -0.068623009880560346

-1.4902022304655533 -0.068623009880560346
-1.4909908510412657 -0.068228836864016637

-1.4909908510412657 -0.068228836864016637
-1.4941100787631092 -0.066837571492245923

-1.4941100787631092 -0.066837571492245923
-1.4971375674996297 -0.065503782158716689

-1.4971375674996297 -0.065503782158716689
-1.4972293064849529 -0.065458768451818194

-1.4972293064849529 -0.065458768451818194
-1.5003485342067966 -0.064126568973156842

-1.5003485342067966 -0.064126568973156842
-1.5034677619286403 -0.062846192518786592

-1.5034677619286403 -0.062846192518786592
-1.5045562694726868 -0.062384554436873046

-1.5045562694726868 -0.062384554436873046
-1.506586989650484 -0.061551239995435374

-1.506586989650484 -0.061551239995435374
-1.5097062173723275 -0.060332706539698765

-1.5097062173723275 -0.060332706539698765
-1.5124899981831872 -0.05926532671502939

-1.5124899981831872 -0.05926532671502939
-1.5128254450941712 -0.05912645267670423

-1.5128254450941712 -0.05912645267670423
-1.5159446728160149 -0.057980018377528059

-1.5159446728160149 -0.057980018377528059
-1.5190639005378586 -0.056869936312941592

-1.5190639005378586 -0.056869936312941592
-1.5211303966242555 -0.05614609899318574

-1.5211303966242555 -0.05614609899318574
-1.5221831282597023 -0.05576709084676551

-1.5221831282597023 -0.05576709084676551
-1.5253023559815457 -0.054737037049226875

-1.5253023559815457 -0.054737037049226875
-1.5284215837033894 -0.053740219873253808

-1.5284215837033894 -0.053740219873253808
-1.5307300618751876 -0.053026871271342091

-1.5307300618751876 -0.053026871271342091
-1.5315408114252331 -0.052767105075285724

-1.5315408114252331 -0.052767105075285724
-1.5346600391470768 -0.051861345402382082

-1.5346600391470768 -0.051861345402382082
-1.5377792668689205 -0.050989462747522141

-1.5377792668689205 -0.050989462747522141
-1.540898494590764 -0.050168347928295103

-1.540898494590764 -0.050168347928295103
-1.541900643724075 -0.049907643549498434

-1.541900643724075 -0.049907643549498434
-1.5440177223126077 -0.049370307327953625

-1.5440177223126077 -0.049370307327953625
-1.5471369500344514 -0.048626771501282008

-1.5471369500344514 -0.048626771501282008
-1.5502561777562951 -0.047919297568668875

-1.5502561777562951 -0.047919297568668875
-1.5533754054781388 -0.047253759156197409

-1.5533754054781388 -0.047253759156197409
-1.5556623253059458 -0.046788415827654785

-1.5556623253059458 -0.046788415827654785
-1.5564946331999823 -0.046615157791377371

-1.5564946331999823 -0.046615157791377371
-1.559613860921826 -0.046020115114311033

-1.559613860921826 -0.046020115114311033
-1.5627330886436697 -0.045453908383177061

-1.5627330886436697 -0.045453908383177061
-1.5658523163655134 -0.044919475279603022

-1.5658523163655134 -0.044919475279603022
-1.5689715440873568 -0.044416400800012634

-1.5689715440873568 -0.044416400800012634
-1.5720907718092005 -0.043946468074051365

-1.5720907718092005 -0.043946468074051365
-1.5740395902508029 -0.043669188105811135

-1.5740395902508029 -0.043669188105811135
-1.5752099995310442 -0.043501360708326539

-1.5752099995310442 -0.043501360708326539
-1.5783292272528879 -0.043092371532260081

-1.5783292272528879 -0.043092371532260081
-1.5814484549747316 -0.042714850779194957

-1.5814484549747316 -0.042714850779194957
-1.5845676826965751 -0.042371940056692453

-1.5845676826965751 -0.042371940056692453
-1.5876869104184188 -0.042063269276259224

-1.5876869104184188 -0.042063269276259224
-1.5908061381402625 -0.041789249112283607

-1.5908061381402625 -0.041789249112283607
-1.5939253658621062 -0.041551103702452685

-1.5939253658621062 -0.041551103702452685
-1.5970445935839499 -0.041350109790251721

-1.5970445935839499 -0.041350109790251721
-1.6001638213057934 -0.041186216034268142

-1.6001638213057934 -0.041186216034268142
-1.6032830490276371 -0.041058412345124133

-1.6032830490276371 -0.041058412345124133
-1.6064022767494808 -0.040965923802063264

-1.6064022767494808 -0.040965923802063264
-1.6095215044713245 -0.040908435992571594

-1.6095215044713245 -0.040908435992571594
-1.6126407321931682 -0.040885411907565748

-1.6126407321931682 -0.040885411907565748
-1.6157599599150116 -0.040895698820218651

-1.6157599599150116 -0.040895698820218651
-1.6188791876368553 -0.040937994955492663

-1.6188791876368553 -0.040937994955492663
-1.621998415358699 -0.041011414668467083

-1.621998415358699 -0.041011414668467083
-1.6251176430805427 -0.041115443351460682

-1.6251176430805427 -0.041115443351460682
-1.6282368708023864 -0.041249646512826005

-1.6282368708023864 -0.041249646512826005
-1.6313560985242299 -0.041413721562079717

-1.6313560985242299 -0.041413721562079717
-1.6344753262460736 -0.041607717408505156

-1.6344753262460736 -0.041607717408505156
-1.6375945539679173 -0.041831976128204981

-1.6375945539679173 -0.041831976128204981
-1.640713781689761 -0.042086950928240441

-1.640713781689761 -0.042086950928240441
-1.6438330094116045 -0.042373628341400911

-1.6438330094116045 -0.042373628341400911
-1.6469522371334482 -0.042693674200960728

-1.6469522371334482 -0.042693674200960728
-1.6500714648552919 -0.043048587346199395

-1.6500714648552919 -0.043048587346199395
-1.6531906925771356 -0.04343818925705735

-1.6531906925771356 -0.04343818925705735
-1.6548587848357219 -0.043669188105811135

-1.6548587848357219 -0.043669188105811135
-1.6563099202989793 -0.043870947759467177

-1.6563099202989793 -0.043870947759467177
-1.6594291480208228 -0.04433776518109335

-1.6594291480208228 -0.04433776518109335
-1.6625483757426665 -0.044847901773704166

-1.6625483757426665 -0.044847901773704166
-1.6656676034645101 -0.045400565333969266

-1.6656676034645101 -0.045400565333969266
-1.6687868311863538 -0.04599586738277818

-1.6687868311863538 -0.04599586738277818
-1.6719060589081975 -0.046628259015504561

-1.6719060589081975 -0.046628259015504561
-1.6726187309215912 -0.046788415827654785

-1.6726187309215912 -0.046788415827654785
-1.675025286630041 -0.047314115331432045

-1.675025286630041 -0.047314115331432045
-1.6781445143518847 -0.048033816316466756

-1.6781445143518847 -0.048033816316466756
-1.6812637420737284 -0.048796158751390803

-1.6812637420737284 -0.048796158751390803
-1.6843829697955721 -0.049589623166936374

-1.6843829697955721 -0.049589623166936374
-1.685535603769801 -0.049907643549498434

-1.685535603769801 -0.049907643549498434
-1.6875021975174158 -0.050441460182170383

-1.6875021975174158 -0.050441460182170383
-1.6906214252392593 -0.051311793999419091

-1.6906214252392593 -0.051311793999419091
-1.693740652961103 -0.052220755068738814

-1.693740652961103 -0.052220755068738814
-1.6963909415230072 -0.053026871271342091

-1.6963909415230072 -0.053026871271342091
-1.6968598806829467 -0.053177764725006064

-1.6968598806829467 -0.053177764725006064
-1.6999791084047904 -0.054152403725306719

-1.6999791084047904 -0.054152403725306719
-1.7030983361266341 -0.05516900633326402

-1.7030983361266341 -0.05516900633326402
-1.7059918378447301 -0.05614609899318574

-1.7059918378447301 -0.05614609899318574
-1.7062175638484776 -0.056228386361125399

-1.7062175638484776 -0.056228386361125399
-1.7093367915703213 -0.057311077649898318

-1.7093367915703213 -0.057311077649898318
-1.712456019292165 -0.058431182198314648

-1.712456019292165 -0.058431182198314648
-1.7146706471935567 -0.05926532671502939

-1.7146706471935567 -0.05926532671502939
-1.7155752470140087 -0.059620685085801026

-1.7155752470140087 -0.059620685085801026
-1.7186944747358524 -0.060809261035268972

-1.7186944747358524 -0.060809261035268972
-1.7218137024576958 -0.062033183413814981

-1.7218137024576958 -0.062033183413814981
-1.7226202694305486 -0.062384554436873046

-1.7226202694305486 -0.062384554436873046
-1.7249329301795395 -0.063343471182514779

-1.7249329301795395 -0.063343471182514779
-1.7280521579013832 -0.064653249617582217

-1.7280521579013832 -0.064653249617582217
-1.7299519883045089 -0.065503782158716689

-1.7299519883045089 -0.065503782158716689
-1.7311713856232269 -0.066064413102876918

-1.7311713856232269 -0.066064413102876918
-1.7342906133450704 -0.067454823920426649

-1.7342906133450704 -0.067454823920426649
-1.7367687924643243 -0.068623009880560346

-1.7367687924643243 -0.068623009880560346
-1.7374098410669141 -0.068948379903202003

-1.7374098410669141 -0.068948379903202003
-1.7405290687887578 -0.070429581363988691

-1.7405290687887578 -0.070429581363988691
-1.743151506232236 -0.071742237602403988

-1.743151506232236 -0.071742237602403988
-1.7436482965106015 -0.072014687561097759

-1.7436482965106015 -0.072014687561097759
-1.7467675242324452 -0.073587691823714732

-1.7467675242324452 -0.073587691823714732
-1.7491525825931686 -0.074861465324247645

-1.7491525825931686 -0.074861465324247645
-1.7498867519542887 -0.07528426953200533

-1.7498867519542887 -0.07528426953200533
-1.7530059796761324 -0.076927848706075136

-1.7530059796761324 -0.076927848706075136
-1.7548454049635647 -0.077980693046091301

-1.7548454049635647 -0.077980693046091301
-1.7561252073979761 -0.078734005161986725

-1.7561252073979761 -0.078734005161986725
-1.7592444351198198 -0.080446876397871792

-1.7592444351198198 -0.080446876397871792
-1.7602826715746707 -0.081099920767934958

-1.7602826715746707 -0.081099920767934958
-1.7623636628416635 -0.082345801631541468

-1.7623636628416635 -0.082345801631541468
-1.7654828905635069 -0.084200654003173003

-1.7654828905635069 -0.084200654003173003
-1.7655094138725875 -0.0842191484897786

-1.7655094138725875 -0.0842191484897786
-1.7686021182853506 -0.086093556186054215

-1.7686021182853506 -0.086093556186054215
-1.7705420186273875 -0.087338376211622257

-1.7705420186273875 -0.087338376211622257
-1.7717213460071943 -0.08812734004516555

-1.7717213460071943 -0.08812734004516555
-1.774840573729038 -0.090028106719409917

-1.774840573729038 -0.090028106719409917
-1.7754443337663852 -0.090457603933465913

-1.7754443337663852 -0.090457603933465913
-1.7779598014508817 -0.092088862084494724

-1.7779598014508817 -0.092088862084494724
-1.7801879910980776 -0.093576831655309556

-1.7801879910980776 -0.093576831655309556
-1.7810790291727252 -0.094216039694754936

-1.7810790291727252 -0.094216039694754936
-1.7841982568945689 -0.096204924815456061

-1.7841982568945689 -0.096204924815456061
-1.7848618404674652 -0.096696059377153212

-1.7848618404674652 -0.096696059377153212
-1.7873174846164126 -0.098363949225773212

-1.7873174846164126 -0.098363949225773212
-1.7893854233733688 -0.099815287098996869

-1.7893854233733688 -0.099815287098996869
-1.7904367123382563 -0.10059493080699655

-1.7904367123382563 -0.10059493080699655
-1.7935559400601 -0.10268080849574363

-1.7935559400601 -0.10268080849574363
-1.7938834879441168 -0.10293451482084051

-1.7938834879441168 -0.10293451482084051
-1.7966751677819435 -0.10487374822208574

-1.7966751677819435 -0.10487374822208574
-1.798258797530301 -0.10605374254268417

-1.798258797530301 -0.10605374254268417
-1.7997943955037872 -0.10720333003567302

-1.7997943955037872 -0.10720333003567302
-1.8025725091568539 -0.10917297026452782

-1.8025725091568539 -0.10917297026452782
-1.8029136232256309 -0.10944241819971226

-1.8029136232256309 -0.10944241819971226
-1.8060328509474746 -0.11159732963093241

-1.8060328509474746 -0.11159732963093241
-1.8069252622259382 -0.11229219798637147

-1.8069252622259382 -0.11229219798637147
-1.8091520786693183 -0.11391917148660675

-1.8091520786693183 -0.11391917148660675
-1.8111705537880163 -0.11541142570821512

-1.8111705537880163 -0.11541142570821512
-1.8122713063911617 -0.11626314842396432

-1.8122713063911617 -0.11626314842396432
-1.8153905341130054 -0.11843214466495526

-1.8153905341130054 -0.11843214466495526
-1.8155152689098895 -0.11853065343005878

-1.8155152689098895 -0.11853065343005878
-1.8185097618348491 -0.12061342742780506

-1.8185097618348491 -0.12061342742780506
-1.819910310376309 -0.12164988115190242

-1.819910310376309 -0.12164988115190242
-1.8216289895566928 -0.12289919071286542

-1.8216289895566928 -0.12289919071286542
-1.8243934031969034 -0.12476910887374608

-1.8243934031969034 -0.12476910887374608
-1.8247482172785363 -0.12503606575619186

-1.8247482172785363 -0.12503606575619186
-1.82786744500038 -0.12701701636247481

-1.82786744500038 -0.12701701636247481
-1.8291534843764121 -0.12788833659558974

-1.8291534843764121 -0.12788833659558974
-1.8309866727222237 -0.12909079013893143

-1.8309866727222237 -0.12909079013893143
-1.8341059004440674 -0.13095363911677221

-1.8341059004440674 -0.13095363911677221
-1.8341873383699669 -0.13100756431743338

-1.8341873383699669 -0.13100756431743338
-1.8372251281659111 -0.13274562737122525

-1.8372251281659111 -0.13274562737122525
-1.8397991405471124 -0.13412679203927705

-1.8397991405471124 -0.13412679203927705
-1.8403443558877546 -0.13444520298328122

-1.8403443558877546 -0.13444520298328122
-1.8434635836095983 -0.13594856895845051

-1.8434635836095983 -0.13594856895845051
-1.8463861014448142 -0.13724601976112069

-1.8463861014448142 -0.13724601976112069
-1.846582811331442 -0.13734196358883929

-1.846582811331442 -0.13734196358883929
-1.8497020390532857 -0.13855228106159626

-1.8497020390532857 -0.13855228106159626
-1.8528212667751294 -0.13960407061193369

-1.8528212667751294 -0.13960407061193369
-1.8555947363599177 -0.14036524748296433

-1.8555947363599177 -0.14036524748296433
-1.8559404944969728 -0.14046457848951938

-1.8559404944969728 -0.14046457848951938
-1.8590597222188165 -0.14110770355691454

-1.8590597222188165 -0.14110770355691454
-1.8621789499406602 -0.14155627073426558

-1.8621789499406602 -0.14155627073426558
-1.8652981776625039 -0.14179393551221794

-1.8652981776625039 -0.14179393551221794
-1.8684174053843476 -0.14180788649440706

-1.8684174053843476 -0.14180788649440706
-1.8715366331061911 -0.14158796918992014

-1.8715366331061911 -0.14158796918992014
-1.8746558608280348 -0.14112368030337261

-1.8746558608280348 -0.14112368030337261
-1.8777750885498785 -0.14040910576480473

-1.8777750885498785 -0.14040910576480473
-1.8779070979156931 -0.14036524748296433

-1.8779070979156931 -0.14036524748296433
-1.8808943162717222 -0.13943355338287391

-1.8808943162717222 -0.13943355338287391
-1.8840135439935659 -0.13820528597456938

-1.8840135439935659 -0.13820528597456938
-1.8859647147559202 -0.13724601976112069

-1.8859647147559202 -0.13724601976112069
-1.8871327717154094 -0.13664716785172865

-1.8871327717154094 -0.13664716785172865
-1.8902519994372531 -0.13495300581540695

-1.8902519994372531 -0.13495300581540695
-1.8914420961129093 -0.13412679203927705

-1.8914420961129093 -0.13412679203927705
-1.8933712271590968 -0.13281721530599774

-1.8933712271590968 -0.13281721530599774
-1.8957941944718513 -0.13100756431743338

-1.8957941944718513 -0.13100756431743338
-1.8964904548809405 -0.13043572785661603

-1.8964904548809405 -0.13043572785661603
-1.8996096826027842 -0.12788914487732467

-1.8996096826027842 -0.12788914487732467
-1.8996096826027842 -0.12788914487732467

-1.8996096826027842 -0.12788914487732467
-1.8996105559535403 -0.12788833659558974

-1.8996105559535403 -0.12788833659558974
-1.9027289103246277 -0.12504733950799099

-1.9027289103246277 -0.12504733950799099
-1.9027289103246277 -0.12504733950799099

-1.9027289103246277 -0.12504733950799099
-1.903012346852216 -0.12476910887374608

-1.903012346852216 -0.12476910887374608
-1.9058481380464714 -0.12188883794670753

-1.9058481380464714 -0.12188883794670753
-1.9060790104716909 -0.12164988115190242

-1.9060790104716909 -0.12164988115190242
-1.9088868627215312 -0.11853065343005878

-1.9088868627215312 -0.11853065343005878
-1.908967365768315 -0.11844367172052257

-1.908967365768315 -0.11844367172052257
-1.911544117737066 -0.11541142570821512

-1.911544117737066 -0.11541142570821512
-1.9120865934901587 -0.1147963007442184

-1.9120865934901587 -0.1147963007442184
-1.9141434954344025 -0.11229219798637147

-1.9141434954344025 -0.11229219798637147
-1.9152058212120022 -0.11102074025340569

-1.9152058212120022 -0.11102074025340569
-1.9167063864262091 -0.10917297026452782

-1.9167063864262091 -0.10917297026452782
-1.9183250489338459 -0.10710423110228108

-1.9183250489338459 -0.10710423110228108
-1.9191782088773244 -0.10605374254268417

-1.9191782088773244 -0.10605374254268417
-1.9214442766556896 -0.10297717477696533

-1.9214442766556896 -0.10297717477696533
-1.9214442766556896 -0.10297717477696533

-1.9214442766556896 -0.10297717477696533
-1.9214794294845459 -0.10293451482084051

-1.9214794294845459 -0.10293451482084051
-1.9237383861566038 -0.099815287098996869

-1.9237383861566038 -0.099815287098996869
-1.9245635043775333 -0.098758237052003942

-1.9245635043775333 -0.098758237052003942
-1.9260973545489193 -0.096696059377153212

-1.9260973545489193 -0.096696059377153212
-1.927682732099377 -0.094543297978750038

-1.927682732099377 -0.094543297978750038
-1.928435319920371 -0.093576831655309556

-1.928435319920371 -0.093576831655309556
-1.9306309082550572 -0.090457603933465913

-1.9306309082550572 -0.090457603933465913
-1.9308019598212205 -0.090245202342349937

-1.9308019598212205 -0.090245202342349937
-1.9328915245931448 -0.087338376211622257

-1.9328915245931448 -0.087338376211622257
-1.9339211875430642 -0.085997338474037732

-1.9339211875430642 -0.085997338474037732
-1.9352597920605126 -0.0842191484897786

-1.9352597920605126 -0.0842191484897786
-1.9370404152649079 -0.081796860624892137

-1.9370404152649079 -0.081796860624892137
-1.9375953116337179 -0.081099920767934958

-1.9375953116337179 -0.081099920767934958
-1.9398214330439694 -0.077980693046091301

-1.9398214330439694 -0.077980693046091301
-1.9401596429867516 -0.077566425966891783

-1.9401596429867516 -0.077566425966891783
-1.9421736399645331 -0.074861465324247645

-1.9421736399645331 -0.074861465324247645
-1.9432788707085953 -0.073472888451546536

-1.9432788707085953 -0.073472888451546536
-1.9446393263791286 -0.071742237602403988

-1.9446393263791286 -0.071742237602403988
-1.9463980984304388 -0.069470047722257677

-1.9463980984304388 -0.069470047722257677
-1.9470954123312307 -0.068623009880560346

-1.9470954123312307 -0.068623009880560346
-1.9494669988707884 -0.065503782158716689

-1.9494669988707884 -0.065503782158716689
-1.9495173261522825 -0.065444976024648854

-1.9495173261522825 -0.065444976024648854
-1.9518895626420225 -0.062384554436873046

-1.9518895626420225 -0.062384554436873046
-1.9526365538741262 -0.061503327942914833

-1.9526365538741262 -0.061503327942914833
-1.9544475871319438 -0.05926532671502939

-1.9544475871319438 -0.05926532671502939
-1.9557557815959699 -0.057709678040655243

-1.9557557815959699 -0.057709678040655243
-1.9570746328993727 -0.05614609899318574

-1.9570746328993727 -0.05614609899318574
-1.9588750093178136 -0.05398480934479704

-1.9588750093178136 -0.05398480934479704
-1.9597078838824238 -0.053026871271342091

-1.9597078838824238 -0.053026871271342091
-1.961994237039657 -0.050251251012407315

-1.961994237039657 -0.050251251012407315
-1.9622995004922514 -0.049907643549498434

-1.9622995004922514 -0.049907643549498434
-1.9648563667390675 -0.046788415827654785

-1.9648563667390675 -0.046788415827654785
-1.9651134647615007 -0.046502290323680653

-1.9651134647615007 -0.046502290323680653
-1.9675005720802534 -0.043669188105811135

-1.9675005720802534 -0.043669188105811135
-1.9682326924833444 -0.042856104132869166

-1.9682326924833444 -0.042856104132869166
-1.9702422672643649 -0.040549960383967479

-1.9702422672643649 -0.040549960383967479
-1.9713519202051881 -0.039325717410529475

-1.9713519202051881 -0.039325717410529475
-1.9730525524462319 -0.037430732662123829

-1.9730525524462319 -0.037430732662123829
-1.9744711479270318 -0.035877623654203356

-1.9744711479270318 -0.035877623654203356
-1.9759092713500406 -0.034311504940280173

-1.9759092713500406 -0.034311504940280173
-1.9775903756488753 -0.032490279500361513

-1.9775903756488753 -0.032490279500361513
-1.9788071817393764 -0.03119227721843652

-1.9788071817393764 -0.03119227721843652
-1.980709603370719 -0.029163638604001212

-1.980709603370719 -0.029163638604001212
-1.9817524815556709 -0.028073049496592867

-1.9817524815556709 -0.028073049496592867
-1.9838288310925627 -0.025899486009894234

-1.9838288310925627 -0.025899486009894234
-1.9847488719208937 -0.024953821774749217

-1.9847488719208937 -0.024953821774749217
-1.9869480588144064 -0.022697894380964173

-1.9869480588144064 -0.022697894380964173
-1.9878020517777122 -0.021834594052905564

-1.9878020517777122 -0.021834594052905564
-1.9900672865362501 -0.019562122836258043

-1.9900672865362501 -0.019562122836258043
-1.9909191635541894 -0.018715366331061911

-1.9909191635541894 -0.018715366331061911
-1.9931865142580936 -0.016490923690849407

-1.9931865142580936 -0.016490923690849407
-1.9941008889091176 -0.015596138609218262

-1.9941008889091176 -0.015596138609218262
-1.9963057419799373 -0.013473621266161162

-1.9963057419799373 -0.013473621266161162
-1.9963057419799373 -0.013473621266161162

-1.9963057419799373 -0.013473621266161162
-1.9973393148727918 -0.012476910887374609

-1.9973393148727918 -0.012476910887374609
-1.999424969701781 -0.010500083079417953

-1.999424969701781 -0.010500083079417953
-2.0006269799806748 -0.0093576831655309573

-2.0006269799806748 -0.0093576831655309573
-2.0025441974236249 -0.0075631547930067548

-2.0025441974236249 -0.0075631547930067548
-2.0039602790346374 -0.0062384554436873043

-2.0039602790346374 -0.0062384554436873043
-2.0056634251454684 -0.0046611032942109097

-2.0056634251454684 -0.0046611032942109097
-2.0073417166163039 -0.0031192277218436521

-2.0073417166163039 -0.0031192277218436521
-2.0087826528673123 -0.0017960090197959037

-2.0087826528673123 -0.0017960090197959037
-2.0087826528673123 -0.0017960090197959037

-2.0087826528673123 -0.0017960090197959037
-2.0107801102458258 0

-2.0107801102458258 0
-2.0119018805891558 0.0010230977418682519

-2.0119018805891558 0.0010230977418682519
-2.0142983202175424 0.0031192277218436517

-2.0142983202175424 0.0031192277218436517
-2.0150211083109992 0.0037746178905045799

-2.0150211083109992 0.0037746178905045799
-2.0179414383243883 0.0062384554436873043

-2.0179414383243883 0.0062384554436873043
-2.0181403360328432 0.0064174769130013925

-2.0181403360328432 0.0064174769130013925
-2.0212595637546866 0.0089705844654765724

-2.0212595637546866 0.0089705844654765724
-2.0216973566280694 0.0093576831655309556

-2.0216973566280694 0.0093576831655309556
-2.0243787914765305 0.011560049096727969

-2.0243787914765305 0.011560049096727969
-2.0254431973876685 0.012476910887374609

-2.0254431973876685 0.012476910887374609
-2.027498019198374 0.014181275725567316

-2.027498019198374 0.014181275725567316
-2.0292001819591743 0.01559613860921826

-2.0292001819591743 0.01559613860921826
-2.0306172469202175 0.016781642032533937

-2.0306172469202175 0.016781642032533937
-2.0330674536947271 0.018715366331061915

-2.0330674536947271 0.018715366331061915
-2.0337364746420614 0.019278182170691157

-2.0337364746420614 0.019278182170691157
-2.0368557023639049 0.02160981482614301

-2.0368557023639049 0.02160981482614301
-2.0371254696612668 0.021834594052905568

-2.0371254696612668 0.021834594052905568
-2.0399749300857488 0.023975189311621636

-2.0399749300857488 0.023975189311621636
-2.0412008616061335 0.024953821774749217

-2.0412008616061335 0.024953821774749217
-2.0430941578075923 0.026416952923195486

-2.0430941578075923 0.026416952923195486
-2.0452980356032455 0.02807304949659287

-2.0452980356032455 0.02807304949659287
-2.0462133855294358 0.028800571881414223

-2.0462133855294358 0.028800571881414223
-2.0493326132512797 0.031004363387528346

-2.0493326132512797 0.031004363387528346
-2.0495679907121449 0.03119227721843652

-2.0495679907121449 0.03119227721843652
-2.0524518409731232 0.03323956031520689

-2.0524518409731232 0.03323956031520689
-2.0538866890524816 0.034311504940280173

-2.0538866890524816 0.034311504940280173
-2.0555710686949671 0.035551150241645534

-2.0555710686949671 0.035551150241645534
-2.0582855654978638 0.037430732662123822

-2.0582855654978638 0.037430732662123822
-2.0586902964168106 0.037741582389725838

-2.0586902964168106 0.037741582389725838
-2.061809524138654 0.039803389880991594

-2.061809524138654 0.039803389880991594
-2.0628300113272982 0.040549960383967479

-2.0628300113272982 0.040549960383967479
-2.064928751860498 0.041998354137431214

-2.064928751860498 0.041998354137431214
-2.0674320894529443 0.043669188105811128

-2.0674320894529443 0.043669188105811128
-2.0680479795823414 0.044119213161506139

-2.0680479795823414 0.044119213161506139
-2.0711672073041854 0.046078043808977787

-2.0711672073041854 0.046078043808977787
-2.0721783041235646 0.046788415827654778

-2.0721783041235646 0.046788415827654778
-2.0742864350260288 0.048185334181425683

-2.0742864350260288 0.048185334181425683
-2.0769679116979862 0.049907643549498434

-2.0769679116979862 0.049907643549498434
-2.0774056627478723 0.05022071340776256

-2.0774056627478723 0.05022071340776256
-2.0805248904697162 0.052130530189481064

-2.0805248904697162 0.052130530189481064
-2.0818729148059338 0.053026871271342084

-2.0818729148059338 0.053026871271342084
-2.0836441181915597 0.054177623153396449

-2.0836441181915597 0.054177623153396449
-2.0867633459134036 0.056085179080873147

-2.0867633459134036 0.056085179080873147
-2.086849921616639 0.056146098993185733

-2.086849921616639 0.056146098993185733
-2.0898825736352471 0.058000241786662507

-2.0898825736352471 0.058000241786662507
-2.0919154226458825 0.05926532671502939

-2.0919154226458825 0.05926532671502939
-2.0930018013570906 0.059974175116973137

-2.0930018013570906 0.059974175116973137
-2.0961210290789345 0.061762892007255696

-2.0961210290789345 0.061762892007255696
-2.0970967808246108 0.06238455443687304

-2.0970967808246108 0.06238455443687304
-2.099240256800778 0.063671576052309525

-2.099240256800778 0.063671576052309525
-2.1023594845226219 0.065463599779263082

-2.1023594845226219 0.065463599779263082
-2.1024207486145166 0.065503782158716703

-2.1024207486145166 0.065503782158716703
-2.1054787122444654 0.067242589660401475

-2.1054787122444654 0.067242589660401475
-2.1079261061574068 0.068623009880560346

-2.1079261061574068 0.068623009880560346
-2.1085979399663088 0.069034449665868344

-2.1085979399663088 0.069034449665868344
-2.1117171676881528 0.070690700337134829

-2.1117171676881528 0.070690700337134829
-2.1136282425889146 0.071742237602404002

-2.1136282425889146 0.071742237602404002
-2.1148363954099962 0.072427468721968785

-2.1148363954099962 0.072427468721968785
-2.1179556231318402 0.074017809783887667

-2.1179556231318402 0.074017809783887667
-2.1195187530837414 0.074861465324247659

-2.1195187530837414 0.074861465324247659
-2.1210748508536836 0.075700762187586049

-2.1210748508536836 0.075700762187586049
-2.1241940785755271 0.077249928186641711

-2.1241940785755271 0.077249928186641711
-2.1255713397855351 0.077980693046091315

-2.1255713397855351 0.077980693046091315
-2.127313306297371 0.078890181449950331

-2.127313306297371 0.078890181449950331
-2.1304325340192145 0.080411416108439132

-2.1304325340192145 0.080411416108439132
-2.131750139447731 0.081099920767934958

-2.131750139447731 0.081099920767934958
-2.133551761741058 0.082022171607953248

-2.133551761741058 0.082022171607953248
-2.1366709894629019 0.083522481008289781

-2.1366709894629019 0.083522481008289781
-2.1380310408958105 0.084219148489778614

-2.1380310408958105 0.084219148489778614
-2.1397902171847454 0.08510516242968709

-2.1397902171847454 0.08510516242968709
-2.1429094449065893 0.086577508832024183

-2.1429094449065893 0.086577508832024183
-2.1444454467280223 0.087338376211622271

-2.1444454467280223 0.087338376211622271
-2.1460286726284328 0.088120511953105635

-2.1460286726284328 0.088120511953105635
-2.1491479003502763 0.089556166145010913

-2.1491479003502763 0.089556166145010913
-2.1510524900292314 0.090457603933465913

-2.1510524900292314 0.090457603933465913
-2.1522671280721202 0.091047338251261392

-2.1522671280721202 0.091047338251261392
-2.1553863557939636 0.0924398835047191

-2.1553863557939636 0.0924398835047191
-2.1579182606784468 0.09357683165530957

-2.1579182606784468 0.09357683165530957
-2.1585055835158076 0.093860120189012256

-2.1585055835158076 0.093860120189012256
-2.161624811237651 0.095208602301362369

-2.161624811237651 0.095208602301362369
-2.1647440389594945 0.096539059761898624

-2.1647440389594945 0.096539059761898624
-2.1650838005797919 0.096696059377153226

-2.1650838005797919 0.096696059377153226
-2.1678632666813384 0.097872694675411903

-2.1678632666813384 0.097872694675411903
-2.1709824944031819 0.099148348607562109

-2.1709824944031819 0.099148348607562109
-2.1725722931413447 0.099815287098996869

-2.1725722931413447 0.099815287098996869
-2.1741017221250258 0.10045785708426849

-2.1741017221250258 0.10045785708426849
-2.1772209498468693 0.10170335576274639

-2.1772209498468693 0.10170335576274639
-2.180295772068543 0.10293451482084053

-2.180295772068543 0.10293451482084053
-2.1803401775687128 0.10295419856371256

-2.1803401775687128 0.10295419856371256
-2.1834594052905567 0.10418694397970289

-2.1834594052905567 0.10418694397970289
-2.1865786330124002 0.10539374858869585

-2.1865786330124002 0.10539374858869585
-2.1882392296847311 0.10605374254268418

-2.1882392296847311 0.10605374254268418
-2.1896978607342441 0.10663715438905517

-2.1896978607342441 0.10663715438905517
-2.1928170884560876 0.10782842494285357

-2.1928170884560876 0.10782842494285357
-2.1959363161779311 0.1090099289637978

-2.1959363161779311 0.1090099289637978
-2.1963379271915069 0.10917297026452782

-2.1963379271915069 0.10917297026452782
-2.199055543899775 0.1101981907008797

-2.199055543899775 0.1101981907008797
-2.2021747716216185 0.11135126720912369

-2.2021747716216185 0.11135126720912369
-2.2047335662932177 0.11229219798637148

-2.2047335662932177 0.11229219798637148
-2.2052939993434624 0.11251108598699124

-2.2052939993434624 0.11251108598699124
-2.2084132270653059 0.11362262068563471

-2.2084132270653059 0.11362262068563471
-2.2115324547871493 0.11471028460507011

-2.2115324547871493 0.11471028460507011
-2.2135589943338965 0.11541142570821514

-2.2135589943338965 0.11541142570821514
-2.2146516825089932 0.11579915979939215

-2.2146516825089932 0.11579915979939215
-2.2177709102308367 0.11682887443233148

-2.2177709102308367 0.11682887443233148
-2.2208901379526806 0.11783822315050937

-2.2208901379526806 0.11783822315050937
-2.2230590367845013 0.11853065343005878

-2.2230590367845013 0.11853065343005878
-2.2240093656745241 0.11884354568415395

-2.2240093656745241 0.11884354568415395
-2.2271285933963676 0.11979533857327765

-2.2271285933963676 0.11979533857327765
-2.2302478211182115 0.12073031393119089

-2.2302478211182115 0.12073031393119089
-2.233367048840055 0.12164069736735897

-2.233367048840055 0.12164069736735897
-2.2333969369323015 0.12164988115190244

-2.2333969369323015 0.12164988115190244
-2.2364862765618989 0.122531882028798

-2.2364862765618989 0.122531882028798
-2.2396055042837424 0.12340351707742583

-2.2396055042837424 0.12340351707742583
-2.2427247320055859 0.1242537616811078

-2.2427247320055859 0.1242537616811078
-2.2446063091765698 0.12476910887374609

-2.2446063091765698 0.12476910887374609
-2.2458439597274298 0.125112861704954

-2.2458439597274298 0.125112861704954
-2.2489631874492733 0.12594186784675501

-2.2489631874492733 0.12594186784675501
-2.2520824151711172 0.12676957224815258

-2.2520824151711172 0.12676957224815258
-2.2552016428929607 0.12757917824601123

-2.2552016428929607 0.12757917824601123
-2.2563615126574046 0.12788833659558974

-2.2563615126574046 0.12788833659558974
-2.2583208706148041 0.12840170847251378

-2.2583208706148041 0.12840170847251378
-2.2614400983366481 0.12920183661130538

-2.2614400983366481 0.12920183661130538
-2.2645593260584915 0.12999877399036383

-2.2645593260584915 0.12999877399036383
-2.2676785537803354 0.13077396937462873

-2.2676785537803354 0.13077396937462873
-2.268604192596761 0.13100756431743341

-2.268604192596761 0.13100756431743341
-2.2707977815021789 0.13154685974235256

-2.2707977815021789 0.13154685974235256
-2.2739170092240224 0.13228644282305627

-2.2739170092240224 0.13228644282305627
-2.2770362369458663 0.13300778537691094

-2.2770362369458663 0.13300778537691094
-2.2801554646677098 0.13370399627303847

-2.2801554646677098 0.13370399627303847
-2.2820880178405742 0.13412679203927705

-2.2820880178405742 0.13412679203927705
-2.2832746923895537 0.1343896050405857

-2.2832746923895537 0.1343896050405857
-2.2863939201113972 0.13503777838439576

-2.2863939201113972 0.13503777838439576
-2.2895131478332407 0.13566625009864614

-2.2895131478332407 0.13566625009864614
-2.2926323755550846 0.13626914543241508

-2.2926323755550846 0.13626914543241508
-2.2957516032769281 0.13684758588514212

-2.2957516032769281 0.13684758588514212
-2.2979450519209297 0.13724601976112069

-2.2979450519209297 0.13724601976112069
-2.298870830998772 0.13741726507919017

-2.298870830998772 0.13741726507919017
-2.3019900587206155 0.13796558731990549

-2.3019900587206155 0.13796558731990549
-2.3051092864424589 0.13850493986586801

-2.3051092864424589 0.13850493986586801
-2.3082285141643029 0.1390317814096319

-2.3082285141643029 0.1390317814096319
-2.3113477418861463 0.13954665931430343

-2.3113477418861463 0.13954665931430343
-2.3144669696079898 0.14004866410118108

-2.3144669696079898 0.14004866410118108
-2.3164539371105697 0.14036524748296436

-2.3164539371105697 0.14036524748296436
-2.3175861973298337 0.14054758130481959

-2.3175861973298337 0.14054758130481959
-2.3207054250516772 0.14103080207709356

-2.3207054250516772 0.14103080207709356
-2.3238246527735211 0.14150695476690725

-2.3238246527735211 0.14150695476690725
-2.3269438804953646 0.14197020826431578

-2.3269438804953646 0.14197020826431578
-2.3300631082172081 0.14241735561642402

-2.3300631082172081 0.14241735561642402
-2.333182335939052 0.1428458835216547

-2.333182335939052 0.1428458835216547
-2.3363015636608955 0.14325322904470411

-2.3363015636608955 0.14325322904470411
-2.3381488960701926 0.143484475204808

-2.3381488960701926 0.143484475204808
-2.3394207913827394 0.14364448317743089

-2.3394207913827394 0.14364448317743089
-2.3425400191045829 0.1440111748780924

-2.3425400191045829 0.1440111748780924
-2.3456592468264263 0.14435958016910674

-2.3456592468264263 0.14435958016910674
-2.3487784745482703 0.14468827472136667

-2.3487784745482703 0.14468827472136667
-2.3518977022701137 0.14499864642932925

-2.3518977022701137 0.14499864642932925
-2.3550169299919577 0.14529271829574922

-2.3550169299919577 0.14529271829574922
-2.3581361577138011 0.14557222874081027

-2.3581361577138011 0.14557222874081027
-2.3612553854356446 0.14583877901471459

-2.3612553854356446 0.14583877901471459
-2.3643746131574885 0.14609417602561786

-2.3643746131574885 0.14609417602561786
-2.367493840879332 0.14634037622631998

-2.367493840879332 0.14634037622631998
-2.3706130686011759 0.14657881950693163

-2.3706130686011759 0.14657881950693163
-2.3709413671751833 0.14660370292665165

-2.3709413671751833 0.14660370292665165
-2.3737322963230194 0.14681207827931841

-2.3737322963230194 0.14681207827931841
-2.3768515240448629 0.14703916046124488

-2.3768515240448629 0.14703916046124488
-2.3799707517667068 0.14725961562434053

-2.3799707517667068 0.14725961562434053
-2.3830899794885503 0.14747179526593981

-2.3830899794885503 0.14747179526593981
-2.3862092072103942 0.14767378322648186

-2.3862092072103942 0.14767378322648186
-2.3893284349322377 0.14786365783117228

-2.3893284349322377 0.14786365783117228
-2.3924476626540812 0.14803959025558436

-2.3924476626540812 0.14803959025558436
-2.3955668903759251 0.14820015346466275

-2.3955668903759251 0.14820015346466275
-2.3986861180977685 0.14834403231622709

-2.3986861180977685 0.14834403231622709
-2.4018053458196125 0.148469851854868

-2.4018053458196125 0.148469851854868
-2.4049245735414559 0.1485767248419835

-2.4049245735414559 0.1485767248419835
-2.4080438012632994 0.14866450171024484

-2.4080438012632994 0.14866450171024484
-2.4111630289851433 0.14873393879053237

-2.4111630289851433 0.14873393879053237
-2.4142822567069868 0.14878650682516717

-2.4142822567069868 0.14878650682516717
-2.4174014844288307 0.148823978162552

-2.4174014844288307 0.148823978162552
-2.4205207121506742 0.14884809992365861

-2.4205207121506742 0.14884809992365861
-2.4236399398725177 0.1488605396504096

-2.4236399398725177 0.1488605396504096
-2.4267591675943616 0.14886302551925312

-2.4267591675943616 0.14886302551925312
-2.4298783953162051 0.14885740307387857

-2.4298783953162051 0.14885740307387857
-2.432997623038049 0.14884543322600469

-2.432997623038049 0.14884543322600469
-2.4361168507598925 0.1488284501040314

-2.4361168507598925 0.1488284501040314
-2.439236078481736 0.14880712468107971

-2.439236078481736 0.14880712468107971
-2.4423553062035799 0.14878146595984409

-2.4423553062035799 0.14878146595984409
-2.4454745339254234 0.14875102971077014

-2.4454745339254234 0.14875102971077014
-2.4485937616472673 0.14871518591149757

-2.4485937616472673 0.14871518591149757
-2.4517129893691108 0.14867325331977685

-2.4517129893691108 0.14867325331977685
-2.4548322170909542 0.14862442710612611

-2.4548322170909542 0.14862442710612611
-2.4579514448127981 0.14856764775792478

-2.4579514448127981 0.14856764775792478
-2.4610706725346416 0.14850165004583035

-2.4610706725346416 0.14850165004583035
-2.4641899002564855 0.14842525765637424

-2.4641899002564855 0.14842525765637424
-2.467309127978329 0.14833776299499088

-2.467309127978329 0.14833776299499088
-2.4704283557001725 0.14823916955929775

-2.4704283557001725 0.14823916955929775
-2.4735475834220164 0.14813019884948322

-2.4735475834220164 0.14813019884948322
-2.4766668111438599 0.14801200908485079

-2.4766668111438599 0.14801200908485079
-2.4797860388657038 0.14788594730910043

-2.4797860388657038 0.14788594730910043
-2.4829052665875473 0.14775336694510935

-2.4829052665875473 0.14775336694510935
-2.4860244943093908 0.14761557149476734

-2.4860244943093908 0.14761557149476734
-2.4891437220312347 0.14747398020292957

-2.4891437220312347 0.14747398020292957
-2.4922629497530782 0.1473301436749386

-2.4922629497530782 0.1473301436749386
-2.4953821774749216 0.14718551558559423

-2.4953821774749216 0.14718551558559423
-2.4985014051967656 0.14704109498857282

-2.4985014051967656 0.14704109498857282
-2.501620632918609 0.14689720609232998

-2.501620632918609 0.14689720609232998
-2.504739860640453 0.14675346510784656

-2.504739860640453 0.14675346510784656
-2.5078590883622964 0.1466090110053398

-2.5078590883622964 0.1466090110053398
-2.5079706969802387 0.14660370292665165

-2.5079706969802387 0.14660370292665165
-2.5109783160841399 0.14646220526091908

-2.5109783160841399 0.14646220526091908
-2.5140975438059838 0.14631220512612048

-2.5140975438059838 0.14631220512612048
-2.5172167715278273 0.14615837746423227

-2.5172167715278273 0.14615837746423227
-2.5203359992496712 0.14600003845845211

-2.5203359992496712 0.14600003845845211
-2.5234552269715147 0.14583688368413339

-2.5234552269715147 0.14583688368413339
-2.5265744546933582 0.1456689461086548

-2.5265744546933582 0.1456689461086548
-2.5296936824152021 0.14549666114942611

-2.5296936824152021 0.14549666114942611
-2.5328129101370456 0.14532091014867882

-2.5328129101370456 0.14532091014867882
-2.5359321378588895 0.14514301610956154

-2.5359321378588895 0.14514301610956154
-2.539051365580733 0.1449645958133369

-2.539051365580733 0.1449645958133369
-2.5421705933025764 0.14478740538590959

-2.5421705933025764 0.14478740538590959
-2.5452898210244204 0.14461318179944993

-2.5452898210244204 0.14461318179944993
-2.5484090487462638 0.14444345065437797

-2.5484090487462638 0.14444345065437797
-2.5515282764681078 0.14427947473985447

-2.5515282764681078 0.14427947473985447
-2.5546475041899512 0.14412218290855433

-2.5546475041899512 0.14412218290855433
-2.5577667319117947 0.14397211672762417

-2.5577667319117947 0.14397211672762417
-2.5608859596336386 0.14382953465550843

-2.5608859596336386 0.14382953465550843
-2.5640051873554821 0.1436944715853718

-2.5640051873554821 0.1436944715853718
-2.567124415077326 0.14356685227591129

-2.567124415077326 0.14356685227591129
-2.5692507663526771 0.143484475204808

-2.5692507663526771 0.143484475204808
-2.5702436427991695 0.14344588477228168

-2.5702436427991695 0.14344588477228168
-2.573362870521013 0.1433318283619163

-2.573362870521013 0.1433318283619163
-2.5764820982428569 0.1432235052075293

-2.5764820982428569 0.1432235052075293
-2.5796013259647004 0.14312030242029089

-2.5796013259647004 0.14312030242029089
-2.5827205536865443 0.14302121519633842

-2.5827205536865443 0.14302121519633842
-2.5858397814083878 0.1429251362993659

-2.5858397814083878 0.1429251362993659
-2.5889590091302312 0.14283100909976046

-2.5889590091302312 0.14283100909976046
-2.5920782368520752 0.14273794501050671

-2.5920782368520752 0.14273794501050671
-2.5951974645739186 0.14264533806788085

-2.5951974645739186 0.14264533806788085
-2.5983166922957626 0.14255293192580196

-2.5983166922957626 0.14255293192580196
-2.601435920017606 0.14246083379733571

-2.601435920017606 0.14246083379733571
-2.6045551477394495 0.14236949104646709

-2.6045551477394495 0.14236949104646709
-2.6076743754612934 0.14227963272760025

-2.6076743754612934 0.14227963272760025
-2.6107936031831369 0.14219221104871635

-2.6107936031831369 0.14219221104871635
-2.6139128309049808 0.14210835225697355

-2.6139128309049808 0.14210835225697355
-2.6170320586268243 0.14202930950493647

-2.6170320586268243 0.14202930950493647
-2.6201512863486678 0.14195638666605742

-2.6201512863486678 0.14195638666605742
-2.6232705140705117 0.14189085427565007

-2.6232705140705117 0.14189085427565007
-2.6263897417923552 0.14183372047912812

-2.6263897417923552 0.14183372047912812
-2.6295089695141991 0.14178553121423276

-2.6295089695141991 0.14178553121423276
-2.6326281972360426 0.14174632298987963

-2.6326281972360426 0.14174632298987963
-2.6357474249578861 0.14171561938167165

-2.6357474249578861 0.14171561938167165
-2.63886665267973 0.14169251673154221

-2.63886665267973 0.14169251673154221
-2.6419858804015734 0.14167578364306016

-2.6419858804015734 0.14167578364306016
-2.6451051081234174 0.14166395694556927

-2.6451051081234174 0.14166395694556927
-2.6482243358452608 0.14165539695300083

-2.6482243358452608 0.14165539695300083
-2.6513435635671043 0.14164831383431573

-2.6513435635671043 0.14164831383431573
-2.6544627912889482 0.14164081418771729

-2.6544627912889482 0.14164081418771729
-2.6575820190107917 0.14163102280829298

-2.6575820190107917 0.14163102280829298
-2.6607012467326356 0.14161727775152924

-2.6607012467326356 0.14161727775152924
-2.6638204744544791 0.1415983625904223

-2.6638204744544791 0.1415983625904223
-2.6669397021763226 0.141573708990613

-2.6669397021763226 0.141573708990613
-2.6700589298981665 0.14154349891552184

-2.6700589298981665 0.14154349891552184
-2.67317815762001 0.14150862290772179

-2.67317815762001 0.14150862290772179
-2.6762973853418535 0.14147047966346948

-2.6762973853418535 0.14147047966346948
-2.6794166130636974 0.14143065616496053

-2.6794166130636974 0.14143065616496053
-2.6825358407855409 0.1413905769498176

-2.6825358407855409 0.1413905769498176
-2.6856550685073848 0.14135124807949886

-2.6856550685073848 0.14135124807949886
-2.6887742962292283 0.14131318220358344

-2.6887742962292283 0.14131318220358344
-2.6918935239510717 0.1412764919408106

-2.6918935239510717 0.1412764919408106
-2.6950127516729157 0.14124104572080529

-2.6950127516729157 0.14124104572080529
-2.6981319793947591 0.14120654674309152

-2.6981319793947591 0.14120654674309152
-2.701251207116603 0.14117247151810156

-2.701251207116603 0.14117247151810156
-2.7043704348384465 0.14113794199341073

-2.7043704348384465 0.14113794199341073
-2.70748966256029 0.14110167688225123

-2.70748966256029 0.14110167688225123
-2.7106088902821339 0.14106210014683937

-2.7106088902821339 0.14106210014683937
-2.7137281180039774 0.14101754954000395

-2.7137281180039774 0.14101754954000395
-2.7168473457258213 0.14096646809900124

-2.7168473457258213 0.14096646809900124
-2.7199665734476648 0.14090752537153253

-2.7199665734476648 0.14090752537153253
-2.7230858011695083 0.14083971624730285

-2.7230858011695083 0.14083971624730285
-2.7262050288913522 0.14076248964780455

-2.7262050288913522 0.14076248964780455
-2.7293242566131957 0.14067583628077412

-2.7293242566131957 0.14067583628077412
-2.7324434843350396 0.1405801883421697

-2.7324434843350396 0.1405801883421697
-2.7355627120568831 0.14047616068014904

-2.7355627120568831 0.14047616068014904
-2.7386585355123247 0.14036524748296436

-2.7386585355123247 0.14036524748296436
-2.7386819397787265 0.14036440126891153

-2.7386819397787265 0.14036440126891153
-2.7418011675005705 0.14024577547808345

-2.7418011675005705 0.14024577547808345
-2.7449203952224139 0.1401211698392005

-2.7449203952224139 0.1401211698392005
-2.7480396229442579 0.13999131877297746

-2.7480396229442579 0.13999131877297746
-2.7511588506661013 0.13985673834888424

-2.7511588506661013 0.13985673834888424
-2.7542780783879448 0.13971763068990589

-2.7542780783879448 0.13971763068990589
-2.7573973061097887 0.13957381484594905

-2.7573973061097887 0.13957381484594905
-2.7605165338316322 0.13942467005380568

-2.7605165338316322 0.13942467005380568
-2.7636357615534761 0.13926909408984253

-2.7636357615534761 0.13926909408984253
-2.7667549892753196 0.13910557094874754

-2.7667549892753196 0.13910557094874754
-2.7698742169971631 0.13893230476651089

-2.7698742169971631 0.13893230476651089
-2.772993444719007 0.1387474088301402

-2.772993444719007 0.1387474088301402
-2.7761126724408505 0.13854919257527684

-2.7761126724408505 0.13854919257527684
-2.7792319001626944 0.13833624804179465

-2.7792319001626944 0.13833624804179465
-2.7823511278845379 0.13810749897171612

-2.7823511278845379 0.13810749897171612
-2.7854703556063813 0.13786238111027396

-2.7854703556063813 0.13786238111027396
-2.7885895833282253 0.13760080818965395

-2.7885895833282253 0.13760080818965395
-2.7917088110500687 0.13732413356411341

-2.7917088110500687 0.13732413356411341
-2.7925314642010175 0.13724601976112069

-2.7925314642010175 0.13724601976112069
-2.7948280387719127 0.13703024899632296

-2.7948280387719127 0.13703024899632296
-2.7979472664937561 0.13672485937318973

-2.7979472664937561 0.13672485937318973
-2.8010664942155996 0.1364074073301241

-2.8010664942155996 0.1364074073301241
-2.8041857219374435 0.13607969469872971

-2.8041857219374435 0.13607969469872971
-2.807304949659287 0.13574296000869135

-2.807304949659287 0.13574296000869135
-2.8104241773811309 0.13539805381170233

-2.8104241773811309 0.13539805381170233
-2.8135434051029744 0.13504528194733884

-2.8135434051029744 0.13504528194733884
-2.8166626328248179 0.13468433094636251

-2.8166626328248179 0.13468433094636251
-2.8197818605466618 0.13431569099930823

-2.8197818605466618 0.13431569099930823
-2.8213194304149574 0.13412679203927705

-2.8213194304149574 0.13412679203927705
-2.8229010882685053 0.13393247609619191

-2.8229010882685053 0.13393247609619191
-2.8260203159903492 0.13354249428617526

-2.8260203159903492 0.13354249428617526
-2.8291395437121927 0.13313812184474572

-2.8291395437121927 0.13313812184474572
-2.8322587714340361 0.13271790819015231

-2.8322587714340361 0.13271790819015231
-2.8353779991558801 0.13227943920633659

-2.8353779991558801 0.13227943920633659
-2.8384972268777235 0.13182069177368083

-2.8384972268777235 0.13182069177368083
-2.841616454599567 0.13134139391915395

-2.841616454599567 0.13134139391915395
-2.8436746303339784 0.13100756431743341

-2.8436746303339784 0.13100756431743341
-2.8447356823214109 0.13083303959771903

-2.8447356823214109 0.13083303959771903
-2.8478549100432544 0.1303096882087573

-2.8478549100432544 0.1303096882087573
-2.8509741377650983 0.12976089378940833

-2.8509741377650983 0.12976089378940833
-2.8540933654869418 0.12919031177658011

-2.8540933654869418 0.12919031177658011
-2.8572125932087853 0.12859914027082606

-2.8572125932087853 0.12859914027082606
-2.8603318209306292 0.12799242174183378

-2.8603318209306292 0.12799242174183378
-2.8608309360586848 0.12788833659558974

-2.8608309360586848 0.12788833659558974
-2.8634510486524727 0.12736030279582147

-2.8634510486524727 0.12736030279582147
-2.8665702763743166 0.12671792865548498

-2.8665702763743166 0.12671792865548498
-2.8696895040961601 0.12606087390063855

-2.8696895040961601 0.12606087390063855
-2.8728087318180036 0.12539120160758588

-2.8728087318180036 0.12539120160758588
-2.875651611136226 0.12476910887374609

-2.875651611136226 0.12476910887374609
-2.8759279595398475 0.12470575311698616

-2.8759279595398475 0.12470575311698616
-2.879047187261691 0.12401483360555535

-2.879047187261691 0.12401483360555535
-2.8821664149835349 0.12330980042870317

-2.8821664149835349 0.12330980042870317
-2.8852856427053784 0.12259179608822626

-2.8852856427053784 0.12259179608822626
-2.8884048704272218 0.12186540207662167

-2.8884048704272218 0.12186540207662167
-2.8892740169649946 0.12164988115190244

-2.8892740169649946 0.12164988115190244
-2.8915240981490657 0.12110645039243863

-2.8915240981490657 0.12110645039243863
-2.8946433258709092 0.12034073661256657

-2.8946433258709092 0.12034073661256657
-2.8977625535927531 0.11955218932752738

-2.8977625535927531 0.11955218932752738
-2.9008817813145966 0.11874951469878647

-2.9008817813145966 0.11874951469878647
-2.9016699044732679 0.11853065343005878

-2.9016699044732679 0.11853065343005878
-2.9040010090364401 0.11790416963540658

-2.9040010090364401 0.11790416963540658
-2.907120236758284 0.1170476037421521

-2.907120236758284 0.1170476037421521
-2.9102394644801275 0.11616573318846457

-2.9102394644801275 0.11616573318846457
-2.9128284343694451 0.11541142570821514

-2.9128284343694451 0.11541142570821514
-2.9133586922019714 0.11524896827017024

-2.9133586922019714 0.11524896827017024
-2.9164779199238149 0.11432688289504532

-2.9164779199238149 0.11432688289504532
-2.9195971476456584 0.11337522850713914

-2.9195971476456584 0.11337522850713914
-2.9227163753675023 0.11241336385608879

-2.9227163753675023 0.11241336385608879
-2.9230771438229666 0.11229219798637148

-2.9230771438229666 0.11229219798637148
-2.9258356030893458 0.11142146340885428

-2.9258356030893458 0.11142146340885428
-2.9289548308111897 0.11042762015972962

-2.9289548308111897 0.11042762015972962
-2.9320740585330332 0.10943749094382228

-2.9320740585330332 0.10943749094382228
-2.9328570500940865 0.10917297026452782

-2.9328570500940865 0.10917297026452782
-2.9351932862548766 0.10841546616709791

-2.9351932862548766 0.10841546616709791
-2.9383125139767206 0.10741037400492737

-2.9383125139767206 0.10741037400492737
-2.941431741698564 0.10641290587083665

-2.941431741698564 0.10641290587083665
-2.9425015055360135 0.10605374254268418

-2.9425015055360135 0.10605374254268418
-2.9445509694204079 0.10538329300039988

-2.9445509694204079 0.10538329300039988
-2.9476701971422514 0.10437664932234077

-2.9476701971422514 0.10437664932234077
-2.9507894248640949 0.10337288851333883

-2.9507894248640949 0.10337288851333883
-2.9520920568329934 0.10293451482084053

-2.9520920568329934 0.10293451482084053
-2.9539086525859388 0.10233135952766521

-2.9539086525859388 0.10233135952766521
-2.9570278803077823 0.1013108613238576

-2.9570278803077823 0.1013108613238576
-2.9601471080296262 0.10028530836099615

-2.9601471080296262 0.10028530836099615
-2.9615082435383777 0.099815287098996869

-2.9615082435383777 0.099815287098996869
-2.9632663357514697 0.099214466375785584

-2.9632663357514697 0.099214466375785584
-2.9663855634733132 0.09816188756282096

-2.9663855634733132 0.09816188756282096
-2.9695047911951571 0.09710166755177245

-2.9695047911951571 0.09710166755177245
-2.9706280998965715 0.096696059377153226

-2.9706280998965715 0.096696059377153226
-2.9726240189170006 0.095992732457854543

-2.9726240189170006 0.095992732457854543
-2.9757432466388445 0.094901807356463724

-2.9757432466388445 0.094901807356463724
-2.978862474360688 0.09380837898192973

-2.978862474360688 0.09380837898192973
-2.9794749636385922 0.09357683165530957

-2.9794749636385922 0.09357683165530957
-2.9819817020825314 0.092680420608209219

-2.9819817020825314 0.092680420608209219
-2.9851009298043754 0.09156903738320317

-2.9851009298043754 0.09156903738320317
-2.9882201575262188 0.090458099498937031

-2.9882201575262188 0.090458099498937031
-2.988221432955255 0.090457603933465913

-2.988221432955255 0.090457603933465913
-2.9913393852480628 0.089353584640417899

-2.9913393852480628 0.089353584640417899
-2.9944586129699062 0.088259983662519845

-2.9944586129699062 0.088259983662519845
-2.9971113265640525 0.087338376211622271

-2.9971113265640525 0.087338376211622271
-2.9975778406917497 0.08716591261489906

-2.9975778406917497 0.08716591261489906
-3.0006970684135936 0.0861102587768897

-3.0006970684135936 0.0861102587768897
-3.0038162961354371 0.085062162163691474

-3.0038162961354371 0.085062162163691474
-3.0063559863671312 0.084219148489778614

-3.0063559863671312 0.084219148489778614
-3.006935523857281 0.084016360485378541

-3.006935523857281 0.084016360485378541
-3.0100547515791245 0.083011880268555688

-3.0100547515791245 0.083011880268555688
-3.013173979300968 0.082012056673323896

-3.013173979300968 0.082012056673323896
-3.0160650215588958 0.081099920767934958

-3.0160650215588958 0.081099920767934958
-3.0162932070228119 0.081022786808551475

-3.0162932070228119 0.081022786808551475
-3.0194124347446554 0.080058576494535919

-3.0194124347446554 0.080058576494535919
-3.0225316624664988 0.079101417651219377

-3.0225316624664988 0.079101417651219377
-3.0256508901883428 0.07816719440295522

-3.0256508901883428 0.07816719440295522
-3.0262450317611984 0.077980693046091315

-3.0262450317611984 0.077980693046091315
-3.0287701179101862 0.07722510666600528

-3.0287701179101862 0.07722510666600528
-3.0318893456320302 0.076307170593321871

-3.0318893456320302 0.076307170593321871
-3.0350085733538736 0.075407084511979833

-3.0350085733538736 0.075407084511979833
-3.0368957870436315 0.074861465324247659

-3.0368957870436315 0.074861465324247659
-3.0381278010757171 0.074499996740615998

-3.0381278010757171 0.074499996740615998
-3.041247028797561 0.073632220189532652

-3.041247028797561 0.073632220189532652
-3.0443662565194045 0.072770936973913278

-3.0443662565194045 0.072770936973913278
-3.0474854842412484 0.071935962006626483

-3.0474854842412484 0.071935962006626483
-3.0481897430978502 0.071742237602404002

-3.0481897430978502 0.071742237602404002
-3.0506047119630919 0.071102573344307862

-3.0506047119630919 0.071102573344307862
-3.0537239396849354 0.070300679685697864

-3.0537239396849354 0.070300679685697864
-3.0568431674067793 0.06951767902878804

-3.0568431674067793 0.06951767902878804
-3.0599623951286228 0.068763055364812739

-3.0599623951286228 0.068763055364812739
-3.0605309158918845 0.068623009880560346

-3.0605309158918845 0.068623009880560346
-3.0630816228504667 0.068018895998371659

-3.0630816228504667 0.068018895998371659
-3.0662008505723102 0.067304603783244876

-3.0662008505723102 0.067304603783244876
-3.0693200782941537 0.066610756293329618

-3.0693200782941537 0.066610756293329618
-3.0724393060159976 0.065941148863633198

-3.0724393060159976 0.065941148863633198
-3.0745196260590451 0.065503782158716703

-3.0745196260590451 0.065503782158716703
-3.075558533737841 0.06528164159201344

-3.075558533737841 0.06528164159201344
-3.078677761459685 0.064653491425206905

-3.078677761459685 0.064653491425206905
-3.0817969891815284 0.06403715568444425

-3.0817969891815284 0.06403715568444425
-3.0849162169033719 0.063436754489412911

-3.0849162169033719 0.063436754489412911
-3.0880354446252158 0.062851936145686849

-3.0880354446252158 0.062851936145686849
-3.0905798689502642 0.06238455443687304

-3.0905798689502642 0.06238455443687304
-3.0911546723470593 0.06227587529848904

-3.0911546723470593 0.06227587529848904
-3.0942739000689032 0.061719338828560413

-3.0942739000689032 0.061719338828560413
-3.0973931277907467 0.06117098048889754

-3.0973931277907467 0.06117098048889754
-3.1005123555125902 0.060634414160921156

-3.1005123555125902 0.060634414160921156
-3.1036315832344341 0.060109926281373731

-3.1036315832344341 0.060109926281373731
-3.1067508109562776 0.059599650423150685

-3.1067508109562776 0.059599650423150685
-3.1088324398989098 0.05926532671502939

-3.1088324398989098 0.05926532671502939
-3.1098700386781215 0.059096505193034561

-3.1098700386781215 0.059096505193034561
-3.112989266399965 0.05861473791290514

-3.112989266399965 0.05861473791290514
-3.1161084941218085 0.058144681376291966

-3.1161084941218085 0.058144681376291966
-3.1192277218436524 0.057690332184770141

-3.1192277218436524 0.057690332184770141
-3.1223469495654959 0.057252012211171252

-3.1223469495654959 0.057252012211171252
-3.1254661772873398 0.056829411769946651

-3.1254661772873398 0.056829411769946651
-3.1285854050091833 0.056422769989459193

-3.1285854050091833 0.056422769989459193
-3.1307744928010215 0.056146098993185733

-3.1307744928010215 0.056146098993185733
-3.1317046327310267 0.056027091827124606

-3.1317046327310267 0.056027091827124606
-3.1348238604528706 0.055649345404022936

-3.1348238604528706 0.055649345404022936
-3.1379430881747141 0.055281790423462013

-3.1379430881747141 0.055281790423462013
-3.141062315896558 0.054924395645000505

-3.141062315896558 0.054924395645000505
-3.1441815436184015 0.054575001125902162

-3.1441815436184015 0.054575001125902162
-3.147300771340245 0.054231464742339676

-3.147300771340245 0.054231464742339676
-3.1504199990620889 0.053892133616365724

-3.1504199990620889 0.053892133616365724
-3.1535392267839324 0.053556011162926007

-3.1535392267839324 0.053556011162926007
-3.1566584545057763 0.053223698216742471

-3.1566584545057763 0.053223698216742471
-3.1585070022434287 0.053026871271342084

-3.1585070022434287 0.053026871271342084
-3.1597776822276198 0.052890919740180863

-3.1597776822276198 0.052890919740180863
-3.1628969099494633 0.052565031050719128

-3.1628969099494633 0.052565031050719128
-3.1660161376713072 0.052241704053286341

-3.1660161376713072 0.052241704053286341
-3.1691353653931507 0.051923440435484323

-3.1691353653931507 0.051923440435484323
-3.1722545931149946 0.051611540833970522

-3.1722545931149946 0.051611540833970522
-3.1753738208368381 0.051307258883878541

-3.1753738208368381 0.051307258883878541
-3.1784930485586815 0.051011597302113916

-3.1784930485586815 0.051011597302113916
-3.1816122762805255 0.050725130651964746

-3.1816122762805255 0.050725130651964746
-3.1847315040023689 0.050447906761226922

-3.1847315040023689 0.050447906761226922
-3.1878507317242128 0.050179455797648952

-3.1878507317242128 0.050179455797648952
-3.1909699594460563 0.049919027705517663

-3.1909699594460563 0.049919027705517663
-3.1912409366618082 0.049907643549498434

-3.1912409366618082 0.049907643549498434
-3.1940891871678998 0.049790190896156813

