-3.1940891871678998 -0.022325658948067248
-3.1909699594460563 -0.021970665904649991

-3.1909699594460563 -0.021970665904649991
-3.1904034406854498 -0.021834594052905564

-3.1904034406854498 -0.021834594052905564
-3.1878507317242128 -0.021244054809382899

-3.1878507317242128 -0.021244054809382899
-3.1847315040023689 -0.020526006247094115

-3.1847315040023689 -0.020526006247094115
-3.1816122762805255 -0.019808385926380897

-3.1816122762805255 -0.019808385926380897
-3.1784930485586815 -0.019097529837188473

-3.1784930485586815 -0.019097529837188473
-3.1768452602615453 -0.018715366331061911

-3.1768452602615453 -0.018715366331061911
-3.1753738208368381 -0.018372995057344299

-3.1753738208368381 -0.018372995057344299
-3.1722545931149946 -0.017664456331963424

-3.1722545931149946 -0.017664456331963424
-3.1691353653931507 -0.016949520477510371

-3.1691353653931507 -0.016949520477510371
-3.1660161376713072 -0.016234086790584704

-3.1660161376713072 -0.016234086790584704
-3.1632434309836359 -0.015596138609218262

-3.1632434309836359 -0.015596138609218262
-3.1628969099494633 -0.015512670138569402

-3.1628969099494633 -0.015512670138569402
-3.1597776822276198 -0.014796770337052364

-3.1597776822276198 -0.014796770337052364
-3.1566584545057763 -0.014073712205423833

-3.1566584545057763 -0.014073712205423833
-3.1535392267839324 -0.013347109508393554

-3.1535392267839324 -0.013347109508393554
-3.1504199990620889 -0.012622543443667601

-3.1504199990620889 -0.012622543443667601
-3.1498252389393717 -0.012476910887374609

-3.1498252389393717 -0.012476910887374609
-3.147300771340245 -0.011881204854504094

-3.147300771340245 -0.011881204854504094
-3.1441815436184015 -0.011143121407913764

-3.1441815436184015 -0.011143121407913764
-3.141062315896558 -0.010399136985710997

-3.141062315896558 -0.010399136985710997
-3.1379430881747141 -0.0096578591760734921

-3.1379430881747141 -0.0096578591760734921
-3.1367256174311882 -0.0093576831655309573

-3.1367256174311882 -0.0093576831655309573
-3.1348238604528706 -0.0088949651409876516

-3.1348238604528706 -0.0088949651409876516
-3.1317046327310267 -0.0081431415501409723

-3.1317046327310267 -0.0081431415501409723
-3.1285854050091833 -0.0073834792732379081

-3.1285854050091833 -0.0073834792732379081
-3.1254661772873398 -0.0066270312112305671

-3.1254661772873398 -0.0066270312112305671
-3.1239055796205131 -0.0062384554436873043

-3.1239055796205131 -0.0062384554436873043
-3.1223469495654959 -0.0058503141037261671

-3.1223469495654959 -0.0058503141037261671
-3.1192277218436524 -0.005088907900228673

-3.1192277218436524 -0.005088907900228673
-3.1161084941218085 -0.0043193233811859612

-3.1161084941218085 -0.0043193233811859612
-3.112989266399965 -0.0035539384015983908

-3.112989266399965 -0.0035539384015983908
-3.1112522769743953 -0.0031192277218436521

-3.1112522769743953 -0.0031192277218436521
-3.1098700386781215 -0.0027708134361337637

-3.1098700386781215 -0.0027708134361337637
-3.1067508109562776 -0.0020055948551432699

-3.1067508109562776 -0.0020055948551432699
-3.1036315832344341 -0.0012327974801325356

-3.1036315832344341 -0.0012327974801325356
-3.1005123555125902 -0.00046447961479684978

-3.1005123555125902 -0.00046447961479684978
-3.0986575054089327 0

-3.0986575054089327 0
-3.0973931277907467 0.00032041874815773178

-3.0973931277907467 0.00032041874815773178
-3.0942739000689032 0.0010873937599689036

-3.0942739000689032 0.0010873937599689036
-3.0911546723470593 0.0018627847251860049

-3.0911546723470593 0.0018627847251860049
-3.0880354446252158 0.0026348132569524144

-3.0880354446252158 0.0026348132569524144
-3.0861100850825149 0.0031192277218436517

-3.0861100850825149 0.0031192277218436517
-3.0849162169033719 0.0034241190267098416

-3.0849162169033719 0.0034241190267098416
-3.0817969891815284 0.0041967095324261352

-3.0817969891815284 0.0041967095324261352
-3.078677761459685 0.004979215052116447

-3.078677761459685 0.004979215052116447
-3.075558533737841 0.005759391482955011

-3.075558533737841 0.005759391482955011
-3.0736805557038025 0.0062384554436873043

-3.0736805557038025 0.0062384554436873043
-3.0724393060159976 0.0065593139636338227

-3.0724393060159976 0.0065593139636338227
-3.0693200782941537 0.0073435949436171863

-3.0693200782941537 0.0073435949436171863
-3.0662008505723102 0.0081393447653243089

-3.0662008505723102 0.0081393447653243089
-3.0630816228504667 0.0089322994963792549

-3.0630816228504667 0.0089322994963792549
-3.0614522894722556 0.0093576831655309556

-3.0614522894722556 0.0093576831655309556
-3.0599623951286228 0.0097478572676019323

-3.0599623951286228 0.0097478572676019323
-3.0568431674067793 0.010546978810640746

-3.0568431674067793 0.010546978810640746
-3.0537239396849354 0.011356159346499636

-3.0537239396849354 0.011356159346499636
-3.0506047119630919 0.01215967962645912

-3.0506047119630919 0.01215967962645912
-3.0494186573516311 0.012476910887374609

-3.0494186573516311 0.012476910887374609
-3.0474854842412484 0.012985867247860119

-3.0474854842412484 0.012985867247860119
-3.0443662565194045 0.013796440122173724

-3.0443662565194045 0.013796440122173724
-3.041247028797561 0.014613262845394361

-3.041247028797561 0.014613262845394361
-3.0381278010757171 0.015423786778576471

-3.0381278010757171 0.015423786778576471
-3.0374988111556163 0.01559613860921826

-3.0374988111556163 0.01559613860921826
-3.0350085733538736 0.01625175101998072

-3.0350085733538736 0.01625175101998072
-3.0318893456320302 0.017070653909888284

-3.0318893456320302 0.017070653909888284
-3.0287701179101862 0.01789252089765234

-3.0287701179101862 0.01789252089765234
-3.0256508901883428 0.018715209785960255

-3.0256508901883428 0.018715209785960255
-3.0256503367375704 0.018715366331061915

-3.0256503367375704 0.018715366331061915
-3.0225316624664988 0.019539323394573108

-3.0225316624664988 0.019539323394573108
-3.0194124347446554 0.020365198759930103

-3.0194124347446554 0.020365198759930103
-3.0162932070228119 0.021189940773170386

-3.0162932070228119 0.021189940773170386
-3.0138701240725712 0.021834594052905568

-3.0138701240725712 0.021834594052905568
-3.013173979300968 0.022026883121003035

-3.013173979300968 0.022026883121003035
-3.0100547515791245 0.022846781832075534

-3.0100547515791245 0.022846781832075534
-3.006935523857281 0.023674793740654919

-3.006935523857281 0.023674793740654919
-3.0038162961354371 0.024496176327662586

-3.0038162961354371 0.024496176327662586
-3.0021134603830419 0.024953821774749217

-3.0021134603830419 0.024953821774749217
-3.0006970684135936 0.025336837575463764

-3.0006970684135936 0.025336837575463764
-2.9975778406917497 0.026155816171945619

-2.9975778406917497 0.026155816171945619
-2.9944586129699062 0.02698237201841909

-2.9944586129699062 0.02698237201841909
-2.9913393852480628 0.027800595857688428

-2.9913393852480628 0.027800595857688428
-2.9903438634153248 0.02807304949659287

-2.9903438634153248 0.02807304949659287
-2.9882201575262188 0.028640267709187324

-2.9882201575262188 0.028640267709187324
-2.9851009298043754 0.029465930414777249

-2.9851009298043754 0.029465930414777249
-2.9819817020825314 0.030298023470297277

-2.9819817020825314 0.030298023470297277
-2.978862474360688 0.031129568592714853

-2.978862474360688 0.031129568592714853
-2.9786429238056553 0.03119227721843652

-2.9786429238056553 0.03119227721843652
-2.9757432466388445 0.031972766100884023

-2.9757432466388445 0.031972766100884023
-2.9726240189170006 0.032816457217299484

-2.9726240189170006 0.032816457217299484
-2.9695047911951571 0.033662115340850035

-2.9695047911951571 0.033662115340850035
-2.9671370863908502 0.034311504940280173

-2.9671370863908502 0.034311504940280173
-2.9663855634733132 0.03452525215754685

-2.9663855634733132 0.03452525215754685
-2.9632663357514697 0.035372864086403874

-2.9632663357514697 0.035372864086403874
-2.9601471080296262 0.036232326023442396

-2.9601471080296262 0.036232326023442396
-2.9570278803077823 0.037084918982193342

-2.9570278803077823 0.037084918982193342
-2.9558092988871816 0.037430732662123822

-2.9558092988871816 0.037430732662123822
-2.9539086525859388 0.037961885002158677

-2.9539086525859388 0.037961885002158677
-2.9507894248640949 0.038819437511195633

-2.9507894248640949 0.038819437511195633
-2.9476701971422514 0.039682334181548803

-2.9476701971422514 0.039682334181548803
-2.9445509694204079 0.040543107523405265

-2.9445509694204079 0.040543107523405265
-2.9445277815147128 0.040549960383967479

-2.9445277815147128 0.040549960383967479
-2.941431741698564 0.041402811150037522

-2.941431741698564 0.041402811150037522
-2.9383125139767206 0.042259980113861215

-2.9383125139767206 0.042259980113861215
-2.9351932862548766 0.043109934964190633

-2.9351932862548766 0.043109934964190633
-2.9331633886741968 0.043669188105811128

-2.9331633886741968 0.043669188105811128
-2.9320740585330332 0.043975644537460348

-2.9320740585330332 0.043975644537460348
-2.9289548308111897 0.044817177626690324

-2.9289548308111897 0.044817177626690324
-2.9258356030893458 0.045666456862752246

-2.9258356030893458 0.045666456862752246
-2.9227163753675023 0.046506151476341212

-2.9227163753675023 0.046506151476341212
-2.921711644028592 0.046788415827654778

-2.921711644028592 0.046788415827654778
-2.9195971476456584 0.047368006910358168

-2.9195971476456584 0.047368006910358168
-2.9164779199238149 0.048214683872520508

-2.9164779199238149 0.048214683872520508
-2.9133586922019714 0.049067618528281919

-2.9133586922019714 0.049067618528281919
-2.9102957880494369 0.049907643549498434

-2.9102957880494369 0.049907643549498434
-2.9102394644801275 0.049924185802341037

-2.9102394644801275 0.049924185802341037
-2.907120236758284 0.050781952925078921

-2.907120236758284 0.050781952925078921
-2.9040010090364401 0.051644754754080577

-2.9040010090364401 0.051644754754080577
-2.9008817813145966 0.052505094033342359

-2.9008817813145966 0.052505094033342359
-2.8990312463708263 0.053026871271342084

-2.8990312463708263 0.053026871271342084
-2.8977625535927531 0.053389403575657753

-2.8977625535927531 0.053389403575657753
-2.8946433258709092 0.054253067545467305

-2.8946433258709092 0.054253067545467305
-2.8915240981490657 0.055128422739480799

-2.8915240981490657 0.055128422739480799
-2.8884048704272218 0.055997935702778938

-2.8884048704272218 0.055997935702778938
-2.8879044501438784 0.056146098993185733

-2.8879044501438784 0.056146098993185733
-2.8852856427053784 0.056884391774571316

-2.8852856427053784 0.056884391774571316
-2.8821664149835349 0.057761431405258634

-2.8821664149835349 0.057761431405258634
-2.879047187261691 0.058635636124686905

-2.879047187261691 0.058635636124686905
-2.8768185658388834 0.05926532671502939

-2.8768185658388834 0.05926532671502939
-2.8759279595398475 0.059524808415675881

-2.8759279595398475 0.059524808415675881
-2.8728087318180036 0.06038995809369653

-2.8728087318180036 0.06038995809369653
-2.8696895040961601 0.061262110520865616

-2.8696895040961601 0.061262110520865616
-2.8665702763743166 0.062122070953060049

-2.8665702763743166 0.062122070953060049
-2.8656579730251153 0.06238455443687304

-2.8656579730251153 0.06238455443687304
-2.8634510486524727 0.063001054305245718

-2.8634510486524727 0.063001054305245718
-2.8603318209306292 0.063861272928659604

-2.8603318209306292 0.063861272928659604
-2.8572125932087853 0.064722510317421295

-2.8572125932087853 0.064722510317421295
-2.8543813609268254 0.065503782158716703

-2.8543813609268254 0.065503782158716703
-2.8540933654869418 0.065587987078896653

-2.8540933654869418 0.065587987078896653
-2.8509741377650983 0.066443361442552348

-2.8509741377650983 0.066443361442552348
-2.8478549100432544 0.067304912009121004

-2.8478549100432544 0.067304912009121004
-2.8447356823214109 0.0681615431954707

-2.8447356823214109 0.0681615431954707
-2.8431012899777022 0.068623009880560346

-2.8431012899777022 0.068623009880560346
-2.841616454599567 0.069043732591439783

-2.841616454599567 0.069043732591439783
-2.8384972268777235 0.069906488308694337

-2.8384972268777235 0.069906488308694337
-2.8353779991558801 0.070781372079117388

-2.8353779991558801 0.070781372079117388
-2.8322587714340361 0.071654321634787466

-2.8322587714340361 0.071654321634787466
-2.8319653158524027 0.071742237602404002

-2.8319653158524027 0.071742237602404002
-2.8291395437121927 0.072540356483013949

-2.8291395437121927 0.072540356483013949
-2.8260203159903492 0.0734217731233653

-2.8260203159903492 0.0734217731233653
-2.8229010882685053 0.074298104804043294

-2.8229010882685053 0.074298104804043294
-2.820923155669762 0.074861465324247659

-2.820923155669762 0.074861465324247659
-2.8197818605466618 0.075192833575505685

-2.8197818605466618 0.075192833575505685
-2.8166626328248179 0.07606115219865002

-2.8166626328248179 0.07606115219865002
-2.8135434051029744 0.076935686815440482

-2.8135434051029744 0.076935686815440482
-2.8104241773811309 0.07779821567133377

-2.8104241773811309 0.07779821567133377
-2.8097969884481535 0.077980693046091315

-2.8097969884481535 0.077980693046091315
-2.807304949659287 0.078675446407056399

-2.807304949659287 0.078675446407056399
-2.8041857219374435 0.079538171318728507

-2.8041857219374435 0.079538171318728507
-2.8010664942155996 0.080399206330073081

-2.8010664942155996 0.080399206330073081
-2.7985369139331469 0.081099920767934958

-2.7985369139331469 0.081099920767934958
-2.7979472664937561 0.081270608259970234

-2.7979472664937561 0.081270608259970234
-2.7948280387719127 0.082125368477440355

-2.7948280387719127 0.082125368477440355
-2.7917088110500687 0.082989827952400883

-2.7917088110500687 0.082989827952400883
-2.7885895833282253 0.083848179567000525

-2.7885895833282253 0.083848179567000525
-2.7872913918146405 0.084219148489778614

-2.7872913918146405 0.084219148489778614
-2.7854703556063813 0.084733436890690961

-2.7854703556063813 0.084733436890690961
-2.7823511278845379 0.085600937311225686

-2.7823511278845379 0.085600937311225686
-2.7792319001626944 0.086477908840752196

-2.7792319001626944 0.086477908840752196
-2.7761785521214239 0.087338376211622271

-2.7761785521214239 0.087338376211622271
-2.7761126724408505 0.08735828628889164

-2.7761126724408505 0.08735828628889164
-2.772993444719007 0.088237134495606218

-2.772993444719007 0.088237134495606218
-2.7698742169971631 0.089117515038993456

-2.7698742169971631 0.089117515038993456
-2.7667549892753196 0.089988853926803544

-2.7667549892753196 0.089988853926803544
-2.7651114965969503 0.090457603933465913

-2.7651114965969503 0.090457603933465913
-2.7636357615534761 0.090880066444991067

-2.7636357615534761 0.090880066444991067
-2.7605165338316322 0.091743739634540133

-2.7605165338316322 0.091743739634540133
-2.7573973061097887 0.092610958802710322

-2.7573973061097887 0.092610958802710322
-2.7542780783879448 0.093466937586590262

-2.7542780783879448 0.093466937586590262
-2.7538992450760831 0.09357683165530957

-2.7538992450760831 0.09357683165530957
-2.7511588506661013 0.094330268245634549

-2.7511588506661013 0.094330268245634549
-2.7480396229442579 0.095181948819893392

-2.7480396229442579 0.095181948819893392
-2.7449203952224139 0.096028697247004677

-2.7449203952224139 0.096028697247004677
-2.7424691466299778 0.096696059377153226

-2.7424691466299778 0.096696059377153226
-2.7418011675005705 0.096885270886245989

-2.7418011675005705 0.096885270886245989
-2.7386819397787265 0.097723274614560082

-2.7386819397787265 0.097723274614560082
-2.7355627120568831 0.098570162776173906

-2.7355627120568831 0.098570162776173906
-2.7324434843350396 0.099411332325666166

-2.7324434843350396 0.099411332325666166
-2.730993262446376 0.099815287098996869

-2.730993262446376 0.099815287098996869
-2.7293242566131957 0.10027798594149501

-2.7293242566131957 0.10027798594149501
-2.7262050288913522 0.10112650241210912

-2.7262050288913522 0.10112650241210912
-2.7230858011695083 0.10198514905980186

-2.7230858011695083 0.10198514905980186
-2.7199665734476648 0.10284095453782324

-2.7199665734476648 0.10284095453782324
-2.7196470277479201 0.10293451482084053

-2.7196470277479201 0.10293451482084053
-2.7168473457258213 0.10370919050996913

-2.7168473457258213 0.10370919050996913
-2.7137281180039774 0.10457159000245186

-2.7137281180039774 0.10457159000245186
-2.7106088902821339 0.10543023133980664

-2.7106088902821339 0.10543023133980664
-2.7083585441732074 0.10605374254268418

-2.7083585441732074 0.10605374254268418
-2.70748966256029 0.10630207489171579

-2.70748966256029 0.10630207489171579
-2.7043704348384465 0.10714951958651357

-2.7043704348384465 0.10714951958651357
-2.701251207116603 0.10800199175807307

-2.701251207116603 0.10800199175807307
-2.6981319793947591 0.1088414714279165

-2.6981319793947591 0.1088414714279165
-2.6969378881346748 0.10917297026452782

-2.6969378881346748 0.10917297026452782
-2.6950127516729157 0.10969877359582418

-2.6950127516729157 0.10969877359582418
-2.6918935239510717 0.11053297096310329

-2.6918935239510717 0.11053297096310329
-2.6887742962292283 0.11136844549631048

-2.6887742962292283 0.11136844549631048
-2.6856550685073848 0.11219552643507041

-2.6856550685073848 0.11219552643507041
-2.6853108309494331 0.11229219798637148

-2.6853108309494331 0.11229219798637148
-2.6825358407855409 0.1130310142488359

-2.6825358407855409 0.1130310142488359
-2.6794166130636974 0.11385859574661664

-2.6794166130636974 0.11385859574661664
-2.6762973853418535 0.1146849095500609

-2.6762973853418535 0.1146849095500609
-2.6735578088549077 0.11541142570821514

-2.6735578088549077 0.11541142570821514
-2.67317815762001 0.11551742173097496

-2.67317815762001 0.11551742173097496
-2.6700589298981665 0.11633859643709879

-2.6700589298981665 0.11633859643709879
-2.6669397021763226 0.11716598289515273

-2.6669397021763226 0.11716598289515273
-2.6638204744544791 0.11798967780474831

-2.6638204744544791 0.11798967780474831
-2.661800813009759 0.11853065343005878

-2.661800813009759 0.11853065343005878
-2.6607012467326356 0.11883111659598759

-2.6607012467326356 0.11883111659598759
-2.6575820190107917 0.11965172918555063

-2.6575820190107917 0.11965172918555063
-2.6544627912889482 0.12048073826087376

-2.6544627912889482 0.12048073826087376
-2.6513435635671043 0.12130078257406268

-2.6513435635671043 0.12130078257406268
-2.6500550561087155 0.12164988115190244

-2.6500550561087155 0.12164988115190244
-2.6482243358452608 0.12214005801191946

-2.6482243358452608 0.12214005801191946
-2.6451051081234174 0.12295706641881778

-2.6451051081234174 0.12295706641881778
-2.6419858804015734 0.12377511574423949

-2.6419858804015734 0.12377511574423949
-2.63886665267973 0.12458060078673444

-2.63886665267973 0.12458060078673444
-2.6381666936686003 0.12476910887374609

-2.6381666936686003 0.12476910887374609
-2.6357474249578861 0.12539718716992873

-2.6357474249578861 0.12539718716992873
-2.6326281972360426 0.12619669866840053

-2.6326281972360426 0.12619669866840053
-2.6295089695141991 0.12699301732638643

-2.6295089695141991 0.12699301732638643
-2.6263897417923552 0.12777983795923767

-2.6263897417923552 0.12777983795923767
-2.6259812255199448 0.12788833659558974

-2.6259812255199448 0.12788833659558974
-2.6232705140705117 0.12857457340113693

-2.6232705140705117 0.12857457340113693
-2.6201512863486678 0.12936078500508219

-2.6201512863486678 0.12936078500508219
-2.6170320586268243 0.130147382422377

-2.6170320586268243 0.130147382422377
-2.6139128309049808 0.13093085666412202

-2.6139128309049808 0.13093085666412202
-2.6136252925688241 0.13100756431743341

-2.6136252925688241 0.13100756431743341
-2.6107936031831369 0.13172405050949534

-2.6107936031831369 0.13172405050949534
-2.6076743754612934 0.13251386620230349

-2.6076743754612934 0.13251386620230349
-2.6045551477394495 0.13330517966433575

-2.6045551477394495 0.13330517966433575
-2.601435920017606 0.13409475892925113

-2.601435920017606 0.13409475892925113
-2.601316907471543 0.13412679203927705

-2.601316907471543 0.13412679203927705
-2.5983166922957626 0.13488701332733008

-2.5983166922957626 0.13488701332733008
-2.5951974645739186 0.13567474330697563

-2.5951974645739186 0.13567474330697563
-2.5920782368520752 0.13645853426524829

-2.5920782368520752 0.13645853426524829
-2.5889590091302312 0.13723623686886757

-2.5889590091302312 0.13723623686886757
-2.5889218799127764 0.13724601976112069

-2.5889218799127764 0.13724601976112069
-2.5858397814083878 0.13800884002876262

-2.5858397814083878 0.13800884002876262
-2.5827205536865443 0.13877434392757382

-2.5827205536865443 0.13877434392757382
-2.5796013259647004 0.13953341873805844

-2.5796013259647004 0.13953341873805844
-2.5764820982428569 0.14028270034362023

-2.5764820982428569 0.14028270034362023
-2.5761545691278029 0.14036524748296436

-2.5761545691278029 0.14036524748296436
-2.573362870521013 0.14103535352357818

-2.573362870521013 0.14103535352357818
-2.5702436427991695 0.1417791443351778

-2.5702436427991695 0.1417791443351778
-2.567124415077326 0.14252042637196177

-2.567124415077326 0.14252042637196177
-2.5640051873554821 0.14325290660874912

-2.5640051873554821 0.14325290660874912
-2.563053287244768 0.143484475204808

-2.563053287244768 0.143484475204808
-2.5608859596336386 0.14399947399966673

-2.5608859596336386 0.14399947399966673
-2.5577667319117947 0.14473187862599712

-2.5577667319117947 0.14473187862599712
-2.5546475041899512 0.14546505406533874

-2.5546475041899512 0.14546505406533874
-2.5515282764681078 0.14619079961760545

-2.5515282764681078 0.14619079961760545
-2.5497757474532325 0.14660370292665165

-2.5497757474532325 0.14660370292665165
-2.5484090487462638 0.14692801236833955

-2.5484090487462638 0.14692801236833955
-2.5452898210244204 0.14764428988769807

-2.5452898210244204 0.14764428988769807
-2.5421705933025764 0.14836131661778779

-2.5421705933025764 0.14836131661778779
-2.539051365580733 0.14907257272513583

-2.539051365580733 0.14907257272513583
-2.5361773925846784 0.14972293064849532

-2.5361773925846784 0.14972293064849532
-2.5359321378588895 0.14978119353975317

-2.5359321378588895 0.14978119353975317
-2.5328129101370456 0.15047833504365957

-2.5328129101370456 0.15047833504365957
-2.5296936824152021 0.15117308564215148

-2.5296936824152021 0.15117308564215148
-2.5265744546933582 0.15186321656425228

-2.5265744546933582 0.15186321656425228
-2.5234552269715147 0.15254421243618285

-2.5234552269715147 0.15254421243618285
-2.5221190904641069 0.15284215837033896

-2.5221190904641069 0.15284215837033896
-2.5203359992496712 0.15323657010936664

-2.5203359992496712 0.15323657010936664
-2.5172167715278273 0.153912743177853

-2.5172167715278273 0.153912743177853
-2.5140975438059838 0.15459007046912915

-2.5140975438059838 0.15459007046912915
-2.5109783160841399 0.15526465199440795

-2.5109783160841399 0.15526465199440795
-2.5078590883622964 0.1559347245681266

-2.5078590883622964 0.1559347245681266
-2.5077406909586393 0.1559613860921826

-2.5077406909586393 0.1559613860921826
-2.504739860640453 0.15660360874771267

-2.504739860640453 0.15660360874771267
-2.501620632918609 0.15726672173122175

-2.501620632918609 0.15726672173122175
-2.4985014051967656 0.15792511522808539

-2.4985014051967656 0.15792511522808539
-2.4953821774749216 0.1585771254668453

-2.4953821774749216 0.1585771254668453
-2.4929646193234163 0.15908061381402627

-2.4929646193234163 0.15908061381402627
-2.4922629497530782 0.15923101936562495

-2.4922629497530782 0.15923101936562495
-2.4891437220312347 0.15986883864503371

-2.4891437220312347 0.15986883864503371
-2.4860244943093908 0.16050615284116967

-2.4860244943093908 0.16050615284116967
-2.4829052665875473 0.16113877962604028

-2.4829052665875473 0.16113877962604028
-2.4797860388657038 0.16176535718569671

-2.4797860388657038 0.16176535718569671
-2.4776274905217073 0.16219984153586992

-2.4776274905217073 0.16219984153586992
-2.4766668111438599 0.1623969928048343

-2.4766668111438599 0.1623969928048343
-2.4735475834220164 0.16301365165791407

-2.4735475834220164 0.16301365165791407
-2.4704283557001725 0.16363157970150263

-2.4704283557001725 0.16363157970150263
-2.467309127978329 0.16424601643087519

-2.467309127978329 0.16424601643087519
-2.4641899002564855 0.16485543966275432

-2.4641899002564855 0.16485543966275432
-2.4618116019808483 0.16531906925771356

-2.4618116019808483 0.16531906925771356
-2.4610706725346416 0.16546727059111044

-2.4610706725346416 0.16546727059111044
-2.4579514448127981 0.16606460008311016

-2.4579514448127981 0.16606460008311016
-2.4548322170909542 0.1666606790168948

-2.4548322170909542 0.1666606790168948
-2.4517129893691108 0.16725073832345255

-2.4517129893691108 0.16725073832345255
-2.4485937616472673 0.16783447332165463

-2.4485937616472673 0.16783447332165463
-2.4454745339254234 0.16841030122349909

-2.4454745339254234 0.16841030122349909
-2.4453276974922633 0.16843829697955723

-2.4453276974922633 0.16843829697955723
-2.4423553062035799 0.16898140042460741

-2.4423553062035799 0.16898140042460741
-2.439236078481736 0.16954398456286485

-2.439236078481736 0.16954398456286485
-2.4361168507598925 0.17009919472367077

-2.4361168507598925 0.17009919472367077
-2.432997623038049 0.17064702412246338

-2.432997623038049 0.17064702412246338
-2.4298783953162051 0.17118605758231939

-2.4298783953162051 0.17118605758231939
-2.4277125337640322 0.17155752470140087

-2.4277125337640322 0.17155752470140087
-2.4267591675943616 0.17172375363285464

-2.4267591675943616 0.17172375363285464
-2.4236399398725177 0.17224520078875424

-2.4236399398725177 0.17224520078875424
-2.4205207121506742 0.17276186670879798

-2.4205207121506742 0.17276186670879798
-2.4174014844288307 0.17327048660911976

-2.4174014844288307 0.17327048660911976
-2.4142822567069868 0.17377122442307685

-2.4142822567069868 0.17377122442307685
-2.4111630289851433 0.17426384165218339

-2.4111630289851433 0.17426384165218339
-2.4085118194803727 0.17467675242324451

-2.4085118194803727 0.17467675242324451
-2.4080438012632994 0.17475166223138236

-2.4080438012632994 0.17475166223138236
-2.4049245735414559 0.1752277312498037

-2.4049245735414559 0.1752277312498037
-2.4018053458196125 0.17569916431834148

-2.4018053458196125 0.17569916431834148
-2.3986861180977685 0.17616425688182066

-2.3986861180977685 0.17616425688182066
-2.3955668903759251 0.17662363702039022

-2.3955668903759251 0.17662363702039022
-2.3924476626540812 0.17707793148002687

-2.3924476626540812 0.17707793148002687
-2.3893284349322377 0.17752600011868316

-2.3893284349322377 0.17752600011868316
-2.3874462937203953 0.17779598014508818

-2.3874462937203953 0.17779598014508818
-2.3862092072103942 0.17797472298621006

-2.3862092072103942 0.17797472298621006
-2.3830899794885503 0.1784125517226921

-2.3830899794885503 0.1784125517226921
-2.3799707517667068 0.17884764745311527

-2.3799707517667068 0.17884764745311527
-2.3768515240448629 0.1792775349905579

-2.3768515240448629 0.1792775349905579
-2.3737322963230194 0.17970187210245298

-2.3737322963230194 0.17970187210245298
-2.3706130686011759 0.18012008374381996

-2.3706130686011759 0.18012008374381996
-2.367493840879332 0.18053162113849119

-2.367493840879332 0.18053162113849119
-2.3645341740156671 0.18091520786693183

-2.3645341740156671 0.18091520786693183
-2.3643746131574885 0.18093650037222903

-2.3643746131574885 0.18093650037222903
-2.3612553854356446 0.18133226723639423

-2.3612553854356446 0.18133226723639423
-2.3581361577138011 0.18172057674893743

-2.3581361577138011 0.18172057674893743
-2.3550169299919577 0.18210054103051768

-2.3550169299919577 0.18210054103051768
-2.3518977022701137 0.18247202790656816

-2.3518977022701137 0.18247202790656816
-2.3487784745482703 0.18283506528683532

-2.3487784745482703 0.18283506528683532
-2.3456592468264263 0.18318972048084023

-2.3456592468264263 0.18318972048084023
-2.3425400191045829 0.18353618056414456

-2.3425400191045829 0.18353618056414456
-2.3394207913827394 0.18387348942557635

-2.3394207913827394 0.18387348942557635
-2.3379116259877386 0.18403443558877547

-2.3379116259877386 0.18403443558877547
-2.3363015636608955 0.18420593601046661

-2.3363015636608955 0.18420593601046661
-2.333182335939052 0.18452671899155265

-2.333182335939052 0.18452671899155265
-2.3300631082172081 0.18483995919867777

-2.3300631082172081 0.18483995919867777
-2.3269438804953646 0.18514458482074816

-2.3269438804953646 0.18514458482074816
-2.3238246527735211 0.18544041218729962

-2.3238246527735211 0.18544041218729962
-2.3207054250516772 0.18572724842021365

-2.3207054250516772 0.18572724842021365
-2.3175861973298337 0.18600496976084707

-2.3175861973298337 0.18600496976084707
-2.3144669696079898 0.1862733782687909

-2.3144669696079898 0.1862733782687909
-2.3113477418861463 0.18653228131899557

-2.3113477418861463 0.18653228131899557
-2.3082285141643029 0.18678170219982676

-2.3082285141643029 0.18678170219982676
-2.3051092864424589 0.18702128163717555

-2.3051092864424589 0.18702128163717555
-2.3033242577828128 0.18715366331061914

-2.3033242577828128 0.18715366331061914
-2.3019900587206155 0.18725283768825671

-2.3019900587206155 0.18725283768825671
-2.298870830998772 0.18747313324413284

-2.298870830998772 0.18747313324413284
-2.2957516032769281 0.18768443690415218

-2.2957516032769281 0.18768443690415218
-2.2926323755550846 0.18788635003770482

-2.2926323755550846 0.18788635003770482
-2.2895131478332407 0.18807894046367782

-2.2895131478332407 0.18807894046367782
-2.2863939201113972 0.18826220174702224

-2.2863939201113972 0.18826220174702224
-2.2832746923895537 0.18843609421341068

-2.2832746923895537 0.18843609421341068
-2.2801554646677098 0.18860046339503736

-2.2801554646677098 0.18860046339503736
-2.2770362369458663 0.18875508137227756

-2.2770362369458663 0.18875508137227756
-2.2739170092240224 0.18889964770395115

-2.2739170092240224 0.18889964770395115
-2.2707977815021789 0.18903379825228256

-2.2707977815021789 0.18903379825228256
-2.2676785537803354 0.18915718814555599

-2.2676785537803354 0.18915718814555599
-2.2645593260584915 0.18926956396709732

-2.2645593260584915 0.18926956396709732
-2.2614400983366481 0.18937082454898571

-2.2614400983366481 0.18937082454898571
-2.2583208706148041 0.18946101765584378

-2.2583208706148041 0.18946101765584378
-2.2552016428929607 0.18954028849632415

-2.2552016428929607 0.18954028849632415
-2.2520824151711172 0.1896088365098928

-2.2520824151711172 0.1896088365098928
-2.2489631874492733 0.18966690804192304

-2.2489631874492733 0.18966690804192304
-2.2458439597274298 0.18971479175864997

-2.2458439597274298 0.18971479175864997
-2.2427247320055859 0.18975275999647293

-2.2427247320055859 0.18975275999647293
-2.2396055042837424 0.18978096902252437

-2.2396055042837424 0.18978096902252437
-2.2364862765618989 0.18979941086887847

-2.2364862765618989 0.18979941086887847
-2.233367048840055 0.18980797236894786

-2.233367048840055 0.18980797236894786
-2.2302478211182115 0.18980652509442783

-2.2302478211182115 0.18980652509442783
-2.2271285933963676 0.1897949144970279

-2.2271285933963676 0.1897949144970279
-2.2240093656745241 0.18977284015241955

-2.2240093656745241 0.18977284015241955
-2.2208901379526806 0.18973978389249663

-2.2208901379526806 0.18973978389249663
-2.2177709102308367 0.18969511170290615

-2.2177709102308367 0.18969511170290615
-2.2146516825089932 0.18963826067478678

-2.2146516825089932 0.18963826067478678
-2.2115324547871493 0.18956880604510271

-2.2115324547871493 0.18956880604510271
-2.2084132270653059 0.18948635294560537

-2.2084132270653059 0.18948635294560537
-2.2052939993434624 0.18939043713849249

-2.2052939993434624 0.18939043713849249
-2.2021747716216185 0.1892806384734245

-2.2021747716216185 0.1892806384734245
-2.199055543899775 0.1891568497120048

-2.199055543899775 0.1891568497120048
-2.1959363161779311 0.18901937736632679

-2.1959363161779311 0.18901937736632679
-2.1928170884560876 0.18886873833021323

-2.1928170884560876 0.18886873833021323
-2.1896978607342441 0.18870539423540303

-2.1896978607342441 0.18870539423540303
-2.1865786330124002 0.18852949756399046

-2.1865786330124002 0.18852949756399046
-2.1834594052905567 0.18834113861227156

-2.1834594052905567 0.18834113861227156
-2.1803401775687128 0.18814076445657946

-2.1803401775687128 0.18814076445657946
-2.1772209498468693 0.18792883454679163

-2.1772209498468693 0.18792883454679163
-2.1741017221250258 0.18770522416297664

-2.1741017221250258 0.18770522416297664
-2.1709824944031819 0.18746942040768683

-2.1709824944031819 0.18746942040768683
-2.1678632666813384 0.18722116555285426

-2.1678632666813384 0.18722116555285426
-2.1670679306590754 0.18715366331061914

-2.1670679306590754 0.18715366331061914
-2.1647440389594945 0.18695836860063866

-2.1647440389594945 0.18695836860063866
-2.161624811237651 0.1866831571301486

-2.161624811237651 0.1866831571301486
-2.1585055835158076 0.18639215422923033

-2.1585055835158076 0.18639215422923033
-2.1553863557939636 0.18608627257242116

-2.1553863557939636 0.18608627257242116
-2.1522671280721202 0.18576510216730738

-2.1522671280721202 0.18576510216730738
-2.1491479003502763 0.18542772513890651

-2.1491479003502763 0.18542772513890651
-2.1460286726284328 0.18507368196743082

-2.1460286726284328 0.18507368196743082
-2.1429094449065893 0.18470368612124535

-2.1429094449065893 0.18470368612124535
-2.1397902171847454 0.18431955104477174

-2.1397902171847454 0.18431955104477174
-2.137570142131124 0.18403443558877547

-2.137570142131124 0.18403443558877547
-2.1366709894629019 0.18391729813012098

-2.1366709894629019 0.18391729813012098
-2.133551761741058 0.18350474599982416

-2.133551761741058 0.18350474599982416
-2.1304325340192145 0.18307555401812337

-2.1304325340192145 0.18307555401812337
-2.127313306297371 0.18263189878731084

-2.127313306297371 0.18263189878731084
-2.1241940785755271 0.18217350121771847

-2.1241940785755271 0.18217350121771847
-2.1210748508536836 0.18169978579403245

-2.1210748508536836 0.18169978579403245
-2.1179556231318402 0.18121371989993607

-2.1179556231318402 0.18121371989993607
-2.1161114239692433 0.18091520786693183

-2.1161114239692433 0.18091520786693183
-2.1148363954099962 0.18070716952325366

-2.1148363954099962 0.18070716952325366
-2.1117171676881528 0.18019362832364158

-2.1117171676881528 0.18019362832364158
-2.1085979399663088 0.1796617088238224

-2.1085979399663088 0.1796617088238224
-2.1054787122444654 0.17911427008195124

-2.1054787122444654 0.17911427008195124
-2.1023594845226219 0.17855008750855098

-2.1023594845226219 0.17855008750855098
-2.099240256800778 0.17797165854877356

-2.099240256800778 0.17797165854877356
-2.0983474239359543 0.17779598014508818

-2.0983474239359543 0.17779598014508818
-2.0961210290789345 0.177366699278657

-2.0961210290789345 0.177366699278657
-2.0930018013570906 0.17675354814243124

-2.0930018013570906 0.17675354814243124
-2.0898825736352471 0.17612010137061315

-2.0898825736352471 0.17612010137061315
-2.0867633459134036 0.1754685312977709

-2.0867633459134036 0.1754685312977709
-2.0836441181915597 0.17480302287144497

-2.0836441181915597 0.17480302287144497
-2.0830911317428757 0.17467675242324451

-2.0830911317428757 0.17467675242324451
-2.0805248904697162 0.17411131064779242

-2.0805248904697162 0.17411131064779242
-2.0774056627478723 0.17341045270287192

-2.0774056627478723 0.17341045270287192
-2.0742864350260288 0.17268830487205231

-2.0742864350260288 0.17268830487205231
-2.0711672073041854 0.17195300523509283

-2.0711672073041854 0.17195300523509283
-2.0695579899948511 0.17155752470140087

-2.0695579899948511 0.17155752470140087
-2.0680479795823414 0.17118548351847027

-2.0680479795823414 0.17118548351847027
-2.064928751860498 0.17041915612625055

-2.064928751860498 0.17041915612625055
-2.061809524138654 0.16962596610887581

-2.061809524138654 0.16962596610887581
-2.0586902964168106 0.16881901537469882

-2.0586902964168106 0.16881901537469882
-2.0572923594924499 0.16843829697955723

-2.0572923594924499 0.16843829697955723
-2.0555710686949671 0.16797249896453226

-2.0555710686949671 0.16797249896453226
-2.0524518409731232 0.16712781226318418

-2.0524518409731232 0.16712781226318418
-2.0493326132512797 0.16625543806713003

-2.0493326132512797 0.16625543806713003
-2.0462133855294358 0.16536422120318453

-2.0462133855294358 0.16536422120318453
-2.0460695160879743 0.16531906925771356

-2.0460695160879743 0.16531906925771356
-2.0430941578075923 0.16444672752435688

-2.0430941578075923 0.16444672752435688
-2.0399749300857488 0.16351255841950935

-2.0399749300857488 0.16351255841950935
-2.0368557023639049 0.16256712191307587

-2.0368557023639049 0.16256712191307587
-2.0357199709891263 0.16219984153586992

-2.0357199709891263 0.16219984153586992
-2.0337364746420614 0.16157175636603249

-2.0337364746420614 0.16157175636603249
-2.0306172469202175 0.16057936219770241

-2.0306172469202175 0.16057936219770241
-2.027498019198374 0.15956991242995111

-2.027498019198374 0.15956991242995111
-2.0260627081711156 0.15908061381402627

-2.0260627081711156 0.15908061381402627
-2.0243787914765305 0.15851007929923083

-2.0243787914765305 0.15851007929923083
-2.0212595637546866 0.15746080334614265

-2.0212595637546866 0.15746080334614265
-2.0181403360328432 0.15639081011738692

-2.0181403360328432 0.15639081011738692
-2.0169653533153502 0.1559613860921826

-2.0169653533153502 0.1559613860921826
-2.0150211083109992 0.15526617725730901

-2.0150211083109992 0.15526617725730901
-2.0119018805891558 0.15415728549277183

-2.0119018805891558 0.15415728549277183
-2.0087826528673123 0.15302663528996335

-2.0087826528673123 0.15302663528996335
-2.0083230228152291 0.15284215837033896

-2.0083230228152291 0.15284215837033896
-2.0056634251454684 0.15184440279172476

-2.0056634251454684 0.15184440279172476
-2.0025441974236249 0.15066132398467383

-2.0025441974236249 0.15066132398467383
-2.0001443562319157 0.14972293064849532

-2.0001443562319157 0.14972293064849532
-1.999424969701781 0.14942568819907209

-1.999424969701781 0.14942568819907209
-1.9963057419799373 0.14820398873444687

-1.9963057419799373 0.14820398873444687
-1.9931865142580936 0.14695512908959127

-1.9931865142580936 0.14695512908959127
-1.9923893922511271 0.14660370292665165

-1.9923893922511271 0.14660370292665165
-1.9900672865362501 0.1456313787327998

-1.9900672865362501 0.1456313787327998
-1.9869480588144064 0.14432799117971853

-1.9869480588144064 0.14432799117971853
-1.9850286616605655 0.143484475204808

-1.9850286616605655 0.143484475204808
-1.9838288310925627 0.14294293768564523

-1.9838288310925627 0.14294293768564523
-1.980709603370719 0.14159349090008033

-1.980709603370719 0.14159349090008033
-1.9779734754664768 0.14036524748296436

-1.9779734754664768 0.14036524748296436
-1.9775903756488753 0.14017717892077247

-1.9775903756488753 0.14017717892077247
-1.9744711479270318 0.13877240120770393

-1.9744711479270318 0.13877240120770393
-1.9713519202051881 0.13733684439082253

-1.9713519202051881 0.13733684439082253
-1.9711789518109055 0.13724601976112069

-1.9711789518109055 0.13724601976112069
-1.9682326924833444 0.13585952821306124

-1.9682326924833444 0.13585952821306124
-1.9651134647615007 0.13438930570683838

-1.9651134647615007 0.13438930570683838
-1.9646202115037168 0.13412679203927705

-1.9646202115037168 0.13412679203927705
-1.961994237039657 0.13284483795730698

-1.961994237039657 0.13284483795730698
-1.9588750093178136 0.13133075619397

-1.9588750093178136 0.13133075619397
-1.9582860874263222 0.13100756431743341

-1.9582860874263222 0.13100756431743341
-1.9557557815959699 0.1297273037449159

-1.9557557815959699 0.1297273037449159
-1.9526365538741262 0.12816114492875236

-1.9526365538741262 0.12816114492875236
-1.9521613179979269 0.12788833659558974

-1.9521613179979269 0.12788833659558974
-1.9495173261522825 0.12650720112273556

-1.9495173261522825 0.12650720112273556
-1.9463980984304388 0.12487350652855575

-1.9463980984304388 0.12487350652855575
-1.9462267403729967 0.12476910887374609

-1.9462267403729967 0.12476910887374609
-1.9432788707085953 0.1231844210611273

-1.9432788707085953 0.1231844210611273
-1.9404768345892756 0.12164988115190244

-1.9404768345892756 0.12164988115190244
-1.9401596429867516 0.12145468059346308

-1.9401596429867516 0.12145468059346308
-1.9370404152649079 0.11975659485208516

-1.9370404152649079 0.11975659485208516
-1.9349103587813277 0.11853065343005878

-1.9349103587813277 0.11853065343005878
-1.9339211875430642 0.11792872320833302

-1.9339211875430642 0.11792872320833302
-1.9308019598212205 0.11620116692743816

-1.9308019598212205 0.11620116692743816
-1.9295340100290634 0.11541142570821514

-1.9295340100290634 0.11541142570821514
-1.927682732099377 0.11428965720729918

-1.927682732099377 0.11428965720729918
-1.9245635043775333 0.11245881278683155

-1.9245635043775333 0.11245881278683155
-1.9243220986664491 0.11229219798637148

-1.9243220986664491 0.11229219798637148
-1.9214442766556896 0.11053722387622957

-1.9214442766556896 0.11053722387622957
-1.9192929872287996 0.10917297026452782

-1.9192929872287996 0.10917297026452782
-1.9183250489338459 0.10851939865042118

-1.9183250489338459 0.10851939865042118
-1.9152058212120022 0.10663348439093032

-1.9152058212120022 0.10663348439093032
-1.9143756122765081 0.10605374254268418

-1.9143756122765081 0.10605374254268418
-1.9120865934901587 0.10456875206979982

-1.9120865934901587 0.10456875206979982
-1.9095782634248069 0.10293451482084053

-1.9095782634248069 0.10293451482084053
-1.908967365768315 0.10249605335426647

-1.908967365768315 0.10249605335426647
-1.9058481380464714 0.10053016042247911

-1.9058481380464714 0.10053016042247911
-1.9048511702130164 0.099815287098996869

-1.9048511702130164 0.099815287098996869
-1.9027289103246277 0.098378891451440562

-1.9027289103246277 0.098378891451440562
-1.9002298756257052 0.096696059377153226

-1.9002298756257052 0.096696059377153226
-1.8996096826027842 0.096236919123483353

-1.8996096826027842 0.096236919123483353
-1.8964904548809405 0.094197623711577042

-1.8964904548809405 0.094197623711577042
-1.8956655262399227 0.09357683165530957

-1.8956655262399227 0.09357683165530957
-1.8933712271590968 0.09196827446188556

-1.8933712271590968 0.09196827446188556
-1.8912535205762735 0.090457603933465913

-1.8912535205762735 0.090457603933465913
-1.8902519994372531 0.089700942741649164

-1.8902519994372531 0.089700942741649164
-1.8871327717154094 0.087565185017315389

-1.8871327717154094 0.087565185017315389
-1.8868472224917918 0.087338376211622271

-1.8868472224917918 0.087338376211622271
-1.8840135439935659 0.085313621073864754

-1.8840135439935659 0.085313621073864754
-1.8825960938893074 0.084219148489778614

-1.8825960938893074 0.084219148489778614
-1.8808943162717222 0.082920873351162896

-1.8808943162717222 0.082920873351162896
-1.8784297446046716 0.081099920767934958

-1.8784297446046716 0.081099920767934958
-1.8777750885498785 0.080575093011254997

-1.8777750885498785 0.080575093011254997
-1.8746558608280348 0.078343673102454159

-1.8746558608280348 0.078343673102454159
-1.8742126034326925 0.077980693046091315

-1.8742126034326925 0.077980693046091315
-1.8715366331061911 0.075975671941112016

-1.8715366331061911 0.075975671941112016
-1.8701463141392147 0.074861465324247659

-1.8701463141392147 0.074861465324247659
-1.8684174053843476 0.073494297704780956

-1.8684174053843476 0.073494297704780956
-1.8661506652318685 0.071742237602404002

-1.8661506652318685 0.071742237602404002
-1.8652981776625039 0.071042196121177792

-1.8652981776625039 0.071042196121177792
-1.8621789499406602 0.068706159106425413

-1.8621789499406602 0.068706159106425413
-1.8620804872810246 0.068623009880560346

-1.8620804872810246 0.068623009880560346
-1.8590597222188165 0.066319214930705514

-1.8590597222188165 0.066319214930705514
-1.8580813381892076 0.065503782158716703

-1.8580813381892076 0.065503782158716703
-1.8559404944969728 0.063796788654179051

-1.8559404944969728 0.063796788654179051
-1.8542082614402262 0.06238455443687304

-1.8542082614402262 0.06238455443687304
-1.8528212667751294 0.061237443740846824

-1.8528212667751294 0.061237443740846824
-1.8503201238337714 0.05926532671502939

-1.8503201238337714 0.05926532671502939
-1.8497020390532857 0.058742099119998309

-1.8497020390532857 0.058742099119998309
-1.846582811331442 0.056356996195006219

-1.846582811331442 0.056356996195006219
-1.8463364862406511 0.056146098993185733

-1.8463364862406511 0.056146098993185733
-1.8434635836095983 0.053898070776587592

-1.8434635836095983 0.053898070776587592
-1.8424315340162183 0.053026871271342084

-1.8424315340162183 0.053026871271342084
-1.8403443558877546 0.051332568286401759

-1.8403443558877546 0.051332568286401759
-1.8386140234274542 0.049907643549498434

-1.8386140234274542 0.049907643549498434
-1.8372251281659111 0.04874948837685944

-1.8372251281659111 0.04874948837685944
-1.8347551789825334 0.046788415827654778

-1.8347551789825334 0.046788415827654778
-1.8341059004440674 0.046237244675824948

-1.8341059004440674 0.046237244675824948
-1.8309866727222237 0.043845787441138859

-1.8309866727222237 0.043845787441138859
-1.8307802359687775 0.043669188105811128

-1.8307802359687775 0.043669188105811128
-1.82786744500038 0.041403940944027953

-1.82786744500038 0.041403940944027953
-1.8268469427359006 0.040549960383967479

-1.8268469427359006 0.040549960383967479
-1.8247482172785363 0.038867436158418138

-1.8247482172785363 0.038867436158418138
-1.8229736409367656 0.037430732662123822

-1.8229736409367656 0.037430732662123822
-1.8216289895566928 0.036324826144023395

-1.8216289895566928 0.036324826144023395
-1.8190216636120096 0.034311504940280173

-1.8190216636120096 0.034311504940280173
-1.8185097618348491 0.033883656656556821

-1.8185097618348491 0.033883656656556821
-1.8153905341130054 0.031579421131545292

-1.8153905341130054 0.031579421131545292
-1.8149219410720137 0.03119227721843652

-1.8149219410720137 0.03119227721843652
-1.8122713063911617 0.029193645135263593

-1.8122713063911617 0.029193645135263593
-1.8108535856616472 0.02807304949659287

-1.8108535856616472 0.02807304949659287
-1.8091520786693183 0.026748683738275054

-1.8091520786693183 0.026748683738275054
-1.8067186530083978 0.024953821774749217

-1.8067186530083978 0.024953821774749217
-1.8060328509474746 0.024409035878083504

-1.8060328509474746 0.024409035878083504
-1.8029136232256309 0.022258834625101337

-1.8029136232256309 0.022258834625101337
-1.8023677798428961 0.021834594052905568

-1.8023677798428961 0.021834594052905568
-1.7997943955037872 0.02002004221078962

-1.7997943955037872 0.02002004221078962
-1.7979681432000354 0.018715366331061915

-1.7979681432000354 0.018715366331061915
-1.7966751677819435 0.01776849544642049

-1.7966751677819435 0.01776849544642049
-1.7935559400601 0.0157411964598341

-1.7935559400601 0.0157411964598341
-1.7933590705890925 0.01559613860921826

-1.7933590705890925 0.01559613860921826
-1.7904367123382563 0.013708867081793887

-1.7904367123382563 0.013708867081793887
-1.7885478378158239 0.012476910887374609

-1.7885478378158239 0.012476910887374609
-1.7873174846164126 0.011648230298682102

-1.7873174846164126 0.011648230298682102
-1.7841982568945689 0.0098158136477515898

-1.7841982568945689 0.0098158136477515898
-1.7835012349455497 0.0093576831655309556

-1.7835012349455497 0.0093576831655309556
-1.7810790291727252 0.0079002213211368886

-1.7810790291727252 0.0079002213211368886
-1.7781947176552668 0.0062384554436873043

-1.7781947176552668 0.0062384554436873043
-1.7779598014508817 0.0060856508689794133

-1.7779598014508817 0.0060856508689794133
-1.774840573729038 0.0043753070183628982

-1.774840573729038 0.0043753070183628982
-1.7725289700860107 0.0031192277218436517

-1.7725289700860107 0.0031192277218436517
-1.7717213460071943 0.0026509884935399233

-1.7717213460071943 0.0026509884935399233
-1.7686021182853506 0.0010846259383248645

-1.7686021182853506 0.0010846259383248645
-1.7664480716357043 0

-1.7664480716357043 0
-1.7654828905635069 -0.00050906767951354839

-1.7654828905635069 -0.00050906767951354839
-1.7623636628416635 -0.0019580013077890295

-1.7623636628416635 -0.0019580013077890295
-1.7598133498926731 -0.0031192277218436521

-1.7598133498926731 -0.0031192277218436521
-1.7592444351198198 -0.0033976402363298476

-1.7592444351198198 -0.0033976402363298476
-1.7561252073979761 -0.0047247345053795303

-1.7561252073979761 -0.0047247345053795303
-1.7530059796761324 -0.0059886560089506919

-1.7530059796761324 -0.0059886560089506919
-1.752408459739615 -0.0062384554436873043

-1.752408459739615 -0.0062384554436873043
-1.7498867519542887 -0.0072266488315044682

-1.7498867519542887 -0.0072266488315044682
-1.7467675242324452 -0.0083793286220269752

-1.7467675242324452 -0.0083793286220269752
-1.7439774536297532 -0.0093576831655309573

-1.7439774536297532 -0.0093576831655309573
-1.7436482965106015 -0.0094813569689261162

-1.7436482965106015 -0.0094813569689261162
-1.7405290687887578 -0.010506125661783688

-1.7405290687887578 -0.010506125661783688
-1.7374098410669141 -0.011482972598700594

-1.7374098410669141 -0.011482972598700594
-1.7342906133450704 -0.01240397822630105

-1.7342906133450704 -0.01240397822630105
-1.7340478269688619 -0.012476910887374609

-1.7340478269688619 -0.012476910887374609
-1.7311713856232269 -0.013288030393656126

-1.7311713856232269 -0.013288030393656126
-1.7280521579013832 -0.014122973766389182

-1.7280521579013832 -0.014122973766389182
-1.7249329301795395 -0.014915019996655442

-1.7249329301795395 -0.014915019996655442
-1.7221108542349852 -0.015596138609218262

-1.7221108542349852 -0.015596138609218262
-1.7218137024576958 -0.015671416031239824

-1.7218137024576958 -0.015671416031239824
-1.7186944747358524 -0.016382167811708717

-1.7186944747358524 -0.016382167811708717
-1.7155752470140087 -0.017062940519981955

-1.7155752470140087 -0.017062940519981955
-1.712456019292165 -0.017714764772632306

-1.712456019292165 -0.017714764772632306
-1.7093367915703213 -0.018335304897873512

-1.7093367915703213 -0.018335304897873512
-1.7073551861098586 -0.018715366331061911

-1.7073551861098586 -0.018715366331061911
-1.7062175638484776 -0.018936175336795692

-1.7062175638484776 -0.018936175336795692
-1.7030983361266341 -0.019498939344529644

-1.7030983361266341 -0.019498939344529644
-1.6999791084047904 -0.020040183696467789

-1.6999791084047904 -0.020040183696467789
-1.6968598806829467 -0.020557991710286754

-1.6968598806829467 -0.020557991710286754
-1.693740652961103 -0.021052371212167593

-1.693740652961103 -0.021052371212167593
-1.6906214252392593 -0.021524234652009051

-1.6906214252392593 -0.021524234652009051
-1.6885054162116413 -0.021834594052905564

-1.6885054162116413 -0.021834594052905564
-1.6875021975174158 -0.021983592710714511

-1.6875021975174158 -0.021983592710714511
-1.6843829697955721 -0.022421549144439716

-1.6843829697955721 -0.022421549144439716
-1.6812637420737284 -0.022848169638565542

-1.6812637420737284 -0.022848169638565542
-1.6781445143518847 -0.02326370489066221

-1.6781445143518847 -0.02326370489066221
-1.675025286630041 -0.023671399276270249

-1.675025286630041 -0.023671399276270249
-1.6719060589081975 -0.024074583841214726

-1.6719060589081975 -0.024074583841214726
-1.6687868311863538 -0.024475927095881138

-1.6687868311863538 -0.024475927095881138
-1.6656676034645101 -0.024875533590288781

-1.6656676034645101 -0.024875533590288781
-1.665077960407747 -0.024953821774749217

-1.665077960407747 -0.024953821774749217
-1.6625483757426665 -0.025282988374333043

-1.6625483757426665 -0.025282988374333043
-1.6594291480208228 -0.025692974166109321

-1.6594291480208228 -0.025692974166109321
-1.6563099202989793 -0.026107552876517753

-1.6563099202989793 -0.026107552876517753
-1.6531906925771356 -0.02652875566567247

-1.6531906925771356 -0.02652875566567247
-1.6500714648552919 -0.026956859807561226

-1.6500714648552919 -0.026956859807561226
-1.6469522371334482 -0.027392170055840697

-1.6469522371334482 -0.027392170055840697
-1.6438330094116045 -0.027833984809786487

-1.6438330094116045 -0.027833984809786487
-1.642201684514937 -0.028073049496592867

-1.642201684514937 -0.028073049496592867
-1.640713781689761 -0.028291552967993159

-1.640713781689761 -0.028291552967993159
-1.6375945539679173 -0.028752947864518645

-1.6375945539679173 -0.028752947864518645
-1.6344753262460736 -0.029227146221936083

-1.6344753262460736 -0.029227146221936083
-1.6313560985242299 -0.029711975560341074

-1.6313560985242299 -0.029711975560341074
-1.6282368708023864 -0.030208450365536196

-1.6282368708023864 -0.030208450365536196
-1.6251176430805427 -0.03071809889815845

-1.6251176430805427 -0.03071809889815845
-1.6222935593428782 -0.03119227721843652

-1.6222935593428782 -0.03119227721843652
-1.621998415358699 -0.03124360781618598

-1.621998415358699 -0.03124360781618598
-1.6188791876368553 -0.031778140159025609

-1.6188791876368553 -0.031778140159025609
-1.6157599599150116 -0.032326959342351427

-1.6157599599150116 -0.032326959342351427
-1.6126407321931682 -0.032889536018768609

-1.6126407321931682 -0.032889536018768609
-1.6095215044713245 -0.033468153161293882

-1.6095215044713245 -0.033468153161293882
-1.6064022767494808 -0.034059399172923846

-1.6064022767494808 -0.034059399172923846
-1.6051387491090021 -0.034311504940280173

-1.6051387491090021 -0.034311504940280173
-1.6032830490276371 -0.034678525363766088

-1.6032830490276371 -0.034678525363766088
-1.6001638213057934 -0.035304021296040752

-1.6001638213057934 -0.035304021296040752
-1.5970445935839499 -0.035951814102204958

-1.5970445935839499 -0.035951814102204958
-1.5939253658621062 -0.03662073158916921

-1.5939253658621062 -0.03662073158916921
-1.5908061381402625 -0.037306669137200626

-1.5908061381402625 -0.037306669137200626
-1.5902831579716101 -0.037430732662123829

-1.5902831579716101 -0.037430732662123829
-1.5876869104184188 -0.038023716300925256

-1.5876869104184188 -0.038023716300925256
-1.5845676826965751 -0.038753640192238217

-1.5845676826965751 -0.038753640192238217
-1.5814484549747316 -0.039505411136122819

-1.5814484549747316 -0.039505411136122819
-1.5783292272528879 -0.040270806753625321

-1.5783292272528879 -0.040270806753625321
-1.5772591283474837 -0.040549960383967479

-1.5772591283474837 -0.040549960383967479
-1.5752099995310442 -0.041074132181849708

-1.5752099995310442 -0.041074132181849708
-1.5720907718092005 -0.041879647320420821

-1.5720907718092005 -0.041879647320420821
-1.5689715440873568 -0.042707095103984578

-1.5689715440873568 -0.042707095103984578
-1.5658523163655134 -0.043544142577706876

-1.5658523163655134 -0.043544142577706876
-1.5654204844844772 -0.043669188105811135

-1.5654204844844772 -0.043669188105811135
-1.5627330886436697 -0.044409048632218659

-1.5627330886436697 -0.044409048632218659
-1.559613860921826 -0.045280006896707428

-1.559613860921826 -0.045280006896707428
-1.5564946331999823 -0.04616178721975206

-1.5564946331999823 -0.04616178721975206
-1.5543349859620919 -0.046788415827654785

-1.5543349859620919 -0.046788415827654785
-1.5533754054781388 -0.0470749962881329

-1.5533754054781388 -0.0470749962881329
-1.5502561777562951 -0.047976356795599508

-1.5502561777562951 -0.047976356795599508
-1.5471369500344514 -0.04890018040817766

-1.5471369500344514 -0.04890018040817766
-1.5440177223126077 -0.049832358152806448

-1.5440177223126077 -0.049832358152806448
-1.5437866951379522 -0.049907643549498434

-1.5437866951379522 -0.049907643549498434
-1.540898494590764 -0.050788241668364952

-1.540898494590764 -0.050788241668364952
-1.5377792668689205 -0.051752470073478683

-1.5377792668689205 -0.051752470073478683
-1.5346600391470768 -0.052719548929470311

-1.5346600391470768 -0.052719548929470311
-1.5337309156441317 -0.053026871271342091

-1.5337309156441317 -0.053026871271342091
-1.5315408114252331 -0.05372814606133116

-1.5315408114252331 -0.05372814606133116
-1.5284215837033894 -0.054726434510390359

-1.5284215837033894 -0.054726434510390359
-1.5253023559815457 -0.055729044048007673

-1.5253023559815457 -0.055729044048007673
-1.5240699586807938 -0.05614609899318574

-1.5240699586807938 -0.05614609899318574
-1.5221831282597023 -0.056773668547064261

-1.5221831282597023 -0.056773668547064261
-1.5190639005378586 -0.057797227745727035

-1.5190639005378586 -0.057797227745727035
-1.5159446728160149 -0.058821716074741515

-1.5159446728160149 -0.058821716074741515
-1.5146484417384172 -0.05926532671502939

-1.5146484417384172 -0.05926532671502939
-1.5128254450941712 -0.059880248098119912

-1.5128254450941712 -0.059880248098119912
-1.5097062173723275 -0.060905042760187281

-1.5097062173723275 -0.060905042760187281
-1.506586989650484 -0.061922384381558039

-1.506586989650484 -0.061922384381558039
-1.5052153068033365 -0.062384554436873046

-1.5052153068033365 -0.062384554436873046
-1.5034677619286403 -0.06296730304355426

-1.5034677619286403 -0.06296730304355426
-1.5003485342067966 -0.063974203173300409

-1.5003485342067966 -0.063974203173300409
-1.4972293064849529 -0.064970106160012545

-1.4972293064849529 -0.064970106160012545
-1.4955808270440891 -0.065503782158716689

-1.4955808270440891 -0.065503782158716689
-1.4941100787631092 -0.065981820583931261

-1.4941100787631092 -0.065981820583931261
-1.4909908510412657 -0.066947515957420808

-1.4909908510412657 -0.066947515957420808
-1.487871623319422 -0.067906666544089236

-1.487871623319422 -0.067906666544089236
-1.485532482450624 -0.068623009880560346

-1.485532482450624 -0.068623009880560346
-1.4847523955975783 -0.068871283561065186

-1.4847523955975783 -0.068871283561065186
-1.4816331678757346 -0.069797472841145292

-1.4816331678757346 -0.069797472841145292
-1.4785139401538909 -0.070716974543402575

-1.4785139401538909 -0.070716974543402575
-1.4753947124320475 -0.071610265284523883

-1.4753947124320475 -0.071610265284523883
-1.4749528960703537 -0.071742237602403988

-1.4749528960703537 -0.071742237602403988
-1.4722754847102038 -0.072500882185809801

-1.4722754847102038 -0.072500882185809801
-1.4691562569883601 -0.073366146895563478

-1.4691562569883601 -0.073366146895563478
-1.4660370292665164 -0.074212617454432708

-1.4660370292665164 -0.074212617454432708
-1.4636060012047665 -0.074861465324247645

-1.4636060012047665 -0.074861465324247645
-1.4629178015446729 -0.075052104135351266

-1.4629178015446729 -0.075052104135351266
-1.4597985738228292 -0.07585370905960348

-1.4597985738228292 -0.07585370905960348
-1.4566793461009855 -0.076641729103863451

-1.4566793461009855 -0.076641729103863451
-1.4535601183791418 -0.077406485090348282

-1.4535601183791418 -0.077406485090348282
-1.4511652271617275 -0.077980693046091301

-1.4511652271617275 -0.077980693046091301
-1.4504408906572981 -0.078159964693644043

-1.4504408906572981 -0.078159964693644043
-1.4473216629354546 -0.07887733354321752

-1.4473216629354546 -0.07887733354321752
-1.4442024352136109 -0.079578682401580225

-1.4442024352136109 -0.079578682401580225
-1.4410832074917672 -0.080256583418868113

-1.4410832074917672 -0.080256583418868113
-1.4379639797699235 -0.080905112364298287

-1.4379639797699235 -0.080905112364298287
-1.4370267813533573 -0.081099920767934958

-1.4370267813533573 -0.081099920767934958
-1.4348447520480798 -0.081543931468127648

-1.4348447520480798 -0.081543931468127648
-1.4317255243262363 -0.082150823640963988

-1.4317255243262363 -0.082150823640963988
-1.4286062966043926 -0.082734444544066685

-1.4286062966043926 -0.082734444544066685
-1.4254870688825489 -0.083296205322333755

-1.4254870688825489 -0.083296205322333755
-1.4223678411607052 -0.083835925639380082

-1.4223678411607052 -0.083835925639380082
-1.4200850604466992 -0.0842191484897786

-1.4200850604466992 -0.0842191484897786
-1.4192486134388616 -0.084362253786822189

-1.4192486134388616 -0.084362253786822189
-1.4161293857170181 -0.084864620583970055

-1.4161293857170181 -0.084864620583970055
-1.4130101579951744 -0.085355475305454662

-1.4130101579951744 -0.085355475305454662
-1.4098909302733307 -0.085833682240338799

-1.4098909302733307 -0.085833682240338799
-1.406771702551487 -0.086301123360678716

-1.406771702551487 -0.086301123360678716
-1.4036524748296433 -0.086759546631794957

-1.4036524748296433 -0.086759546631794957
-1.4005332471077998 -0.087208605926970495

-1.4005332471077998 -0.087208605926970495
-1.3996480785094185 -0.087338376211622257

-1.3996480785094185 -0.087338376211622257
-1.3974140193859561 -0.087660796907124791

-1.3974140193859561 -0.087660796907124791
-1.3942947916641124 -0.088106047247752589

-1.3942947916641124 -0.088106047247752589
-1.3911755639422687 -0.088548213890489294

-1.3911755639422687 -0.088548213890489294
-1.388056336220425 -0.088989178613232731

-1.388056336220425 -0.088989178613232731
-1.3849371084985815 -0.089429450129834706

-1.3849371084985815 -0.089429450129834706
-1.3818178807767378 -0.089868022834159511

-1.3818178807767378 -0.089868022834159511
-1.3786986530548941 -0.090303187644236449

-1.3786986530548941 -0.090303187644236449
-1.3776158815103958 -0.090457603933465913

-1.3776158815103958 -0.090457603933465913
-1.3755794253330504 -0.090744909878085089

-1.3755794253330504 -0.090744909878085089
-1.372460197611207 -0.091183487734634319

-1.372460197611207 -0.091183487734634319
-1.3693409698893633 -0.091625613324878397

-1.3693409698893633 -0.091625613324878397
-1.3662217421675196 -0.092070506339336014

-1.3662217421675196 -0.092070506339336014
-1.3631025144456759 -0.09251852833405759

-1.3631025144456759 -0.09251852833405759
-1.3599832867238322 -0.092970196544135172

-1.3599832867238322 -0.092970196544135172
-1.3568640590019887 -0.093423787185493476

-1.3568640590019887 -0.093423787185493476
-1.3558465319017503 -0.093576831655309556

-1.3558465319017503 -0.093576831655309556
-1.353744831280145 -0.093888935008817065

-1.353744831280145 -0.093888935008817065
-1.3506256035583013 -0.094354198413621138

-1.3506256035583013 -0.094354198413621138
-1.3475063758364576 -0.094825501638987564

-1.3475063758364576 -0.094825501638987564
-1.3443871481146139 -0.095301179056292776

-1.3443871481146139 -0.095301179056292776
-1.3412679203927704 -0.095781324446028229

-1.3412679203927704 -0.095781324446028229
-1.3381486926709267 -0.096266427827829792

-1.3381486926709267 -0.096266427827829792
-1.3354234445880253 -0.096696059377153212

-1.3354234445880253 -0.096696059377153212
-1.335029464949083 -0.096760071640486139

-1.335029464949083 -0.096760071640486139
-1.3319102372272393 -0.097256219161674026

-1.3319102372272393 -0.097256219161674026
-1.3287910095053956 -0.097761961668086692

-1.3287910095053956 -0.097761961668086692
-1.3256717817835522 -0.098276358061376495

-1.3256717817835522 -0.098276358061376495
-1.3225525540617085 -0.09880027004863387

-1.3225525540617085 -0.09880027004863387
-1.3194333263398648 -0.099334394453902616

-1.3194333263398648 -0.099334394453902616
-1.3166815795252025 -0.099815287098996869

-1.3166815795252025 -0.099815287098996869
-1.3163140986180211 -0.099881753220234543

-1.3163140986180211 -0.099881753220234543
-1.3131948708961774 -0.10043363552671701

-1.3131948708961774 -0.10043363552671701
-1.3100756431743339 -0.10099636412734578

-1.3100756431743339 -0.10099636412734578
-1.3069564154524902 -0.10156657849328626

-1.3069564154524902 -0.10156657849328626
-1.3038371877306465 -0.10214310472797444

-1.3038371877306465 -0.10214310472797444
-1.3007179600088028 -0.10272032372735468

-1.3007179600088028 -0.10272032372735468
-1.2995960545270457 -0.10293451482084051

-1.2995960545270457 -0.10293451482084051
-1.2975987322869591 -0.10331082026472968

-1.2975987322869591 -0.10331082026472968
-1.2944795045651156 -0.1038948271631836

-1.2944795045651156 -0.1038948271631836
-1.2913602768432719 -0.10448351913230169

-1.2913602768432719 -0.10448351913230169
-1.2882410491214282 -0.10507316228129812

-1.2882410491214282 -0.10507316228129812
-1.2851218213995845 -0.10566071660629368

-1.2851218213995845 -0.10566071660629368
-1.2830524345584347 -0.10605374254268417

-1.2830524345584347 -0.10605374254268417
-1.2820025936777411 -0.10625627039394067

-1.2820025936777411 -0.10625627039394067
-1.2788833659558974 -0.10684003698211141

-1.2788833659558974 -0.10684003698211141
-1.2757641382340537 -0.10742528978884003

-1.2757641382340537 -0.10742528978884003
-1.27264491051221 -0.10800587319848405

-1.27264491051221 -0.10800587319848405
-1.2695256827903663 -0.10857919998459796

-1.2695256827903663 -0.10857919998459796
-1.2664064550685228 -0.10914160741854038

-1.2664064550685228 -0.10914160741854038
-1.2662364926243166 -0.10917297026452782

-1.2662364926243166 -0.10917297026452782
-1.2632872273466791 -0.10969546292566756

-1.2632872273466791 -0.10969546292566756
-1.2601679996248354 -0.11023545634078057

-1.2601679996248354 -0.11023545634078057
-1.2570487719029917 -0.11076148898827137

-1.2570487719029917 -0.11076148898827137
-1.253929544181148 -0.11127286509852803

-1.253929544181148 -0.11127286509852803
-1.2508103164593045 -0.11177064059449961

-1.2508103164593045 -0.11177064059449961
-1.2476910887374608 -0.11225594321826546

-1.2476910887374608 -0.11225594321826546
-1.2474617489535327 -0.11229219798637147

-1.2474617489535327 -0.11229219798637147
-1.2445718610156171 -0.11273397492808872

-1.2445718610156171 -0.11273397492808872
-1.2414526332937734 -0.11320073587751185

-1.2414526332937734 -0.11320073587751185
-1.2383334055719297 -0.11365665658400971

-1.2383334055719297 -0.11365665658400971
-1.2352141778500862 -0.11410137985929331

-1.2352141778500862 -0.11410137985929331
-1.2320949501282425 -0.11453452541523809

-1.2320949501282425 -0.11453452541523809
-1.2289757224063989 -0.11495473288019448

-1.2289757224063989 -0.11495473288019448
-1.2258564946845552 -0.11535991047862802

-1.2258564946845552 -0.11535991047862802
-1.2254566688208572 -0.11541142570821512

-1.2254566688208572 -0.11541142570821512
-1.2227372669627115 -0.11575340574108142

-1.2227372669627115 -0.11575340574108142
-1.219618039240868 -0.116129678874226

-1.219618039240868 -0.116129678874226
-1.2164988115190243 -0.11648942421531899

-1.2164988115190243 -0.11648942421531899
-1.2133795837971806 -0.11683258525790864

-1.2133795837971806 -0.11683258525790864
-1.2102603560753369 -0.117159465250653

-1.2102603560753369 -0.117159465250653
-1.2071411283534932 -0.1174699965493872

-1.2071411283534932 -0.1174699965493872
-1.2040219006316497 -0.11776413119464717

-1.2040219006316497 -0.11776413119464717
-1.200902672909806 -0.11804342384856192

-1.200902672909806 -0.11804342384856192
-1.1977834451879623 -0.11831058405591584

-1.1977834451879623 -0.11831058405591584
-1.1951064045958362 -0.11853065343005878

-1.1951064045958362 -0.11853065343005878
-1.1946642174661186 -0.11856753037270668

-1.1946642174661186 -0.11856753037270668
-1.1915449897442751 -0.11881210517333421

-1.1915449897442751 -0.11881210517333421
-1.1884257620224314 -0.11904658477566714

-1.1884257620224314 -0.11904658477566714
-1.1853065343005877 -0.11927145374214639

-1.1853065343005877 -0.11927145374214639
-1.182187306578744 -0.11948787304535834

-1.182187306578744 -0.11948787304535834
-1.1790680788569003 -0.11969679728416997

-1.1790680788569003 -0.11969679728416997
-1.1759488511350569 -0.11989876567615734

-1.1759488511350569 -0.11989876567615734
-1.1728296234132132 -0.12009426078886369

-1.1728296234132132 -0.12009426078886369
-1.1697103956913695 -0.12028373177390192

-1.1697103956913695 -0.12028373177390192
-1.1665911679695258 -0.12046767233951888

-1.1665911679695258 -0.12046767233951888
-1.1634719402476821 -0.12064660821758554

-1.1634719402476821 -0.12064660821758554
-1.1603527125258386 -0.12082102016836334

-1.1603527125258386 -0.12082102016836334
-1.1572334848039949 -0.12099177601407604

-1.1572334848039949 -0.12099177601407604
-1.1541142570821512 -0.12115996528087716

-1.1541142570821512 -0.12115996528087716
-1.1509950293603075 -0.12132608013480545

-1.1509950293603075 -0.12132608013480545
-1.1478758016384638 -0.12149098116122781

-1.1478758016384638 -0.12149098116122781
-1.1448707127412325 -0.12164988115190242

-1.1448707127412325 -0.12164988115190242
-1.1447565739166203 -0.12165599143456307

-1.1447565739166203 -0.12165599143456307
-1.1416373461947766 -0.12182082632104312

-1.1416373461947766 -0.12182082632104312
-1.1385181184729329 -0.12198539535109069

-1.1385181184729329 -0.12198539535109069
-1.1353988907510892 -0.12214986727048803

-1.1353988907510892 -0.12214986727048803
-1.1322796630292455 -0.12231430096819972

-1.1322796630292455 -0.12231430096819972
-1.1291604353074021 -0.12247843888555608

-1.1291604353074021 -0.12247843888555608
-1.1260412075855584 -0.1226418831796493

-1.1260412075855584 -0.1226418831796493
-1.1229219798637147 -0.1228044032300369

-1.1229219798637147 -0.1228044032300369
-1.119802752141871 -0.12296609444424859

-1.119802752141871 -0.12296609444424859
-1.1166835244200273 -0.12312749386878975

-1.1166835244200273 -0.12312749386878975
-1.1135642966981838 -0.12328941868326031

-1.1135642966981838 -0.12328941868326031
-1.1104450689763401 -0.12345282528090787

-1.1104450689763401 -0.12345282528090787
-1.1073258412544964 -0.12361845660820299

-1.1073258412544964 -0.12361845660820299
-1.1042066135326527 -0.12378645125179771

-1.1042066135326527 -0.12378645125179771
-1.1010873858108092 -0.1239565919114033

-1.1010873858108092 -0.1239565919114033
-1.0979681580889655 -0.12412758054927972

-1.0979681580889655 -0.12412758054927972
-1.0948489303671218 -0.12429748577125829

-1.0948489303671218 -0.12429748577125829
-1.0917297026452781 -0.12446414040998767

-1.0917297026452781 -0.12446414040998767
-1.0886104749234344 -0.12462487895437847

-1.0886104749234344 -0.12462487895437847
-1.0856775682104929 -0.12476910887374608

-1.0856775682104929 -0.12476910887374608
-1.085491247201591 -0.12477836891643962

-1.085491247201591 -0.12477836891643962
-1.0823720194797473 -0.12492289920490124

-1.0823720194797473 -0.12492289920490124
-1.0792527917579036 -0.12505784066186651

-1.0792527917579036 -0.12505784066186651
-1.0761335640360599 -0.12518437627089815

-1.0761335640360599 -0.12518437627089815
-1.0730143363142162 -0.1253045466264367

-1.0730143363142162 -0.1253045466264367
-1.0698951085923727 -0.1254200344903168

-1.0698951085923727 -0.1254200344903168
-1.066775880870529 -0.12553185741674233

-1.066775880870529 -0.12553185741674233
-1.0636566531486853 -0.1256405649310183

-1.0636566531486853 -0.1256405649310183
-1.0605374254268416 -0.12574636974686978

-1.0605374254268416 -0.12574636974686978
-1.0574181977049979 -0.12584895533109725

-1.0574181977049979 -0.12584895533109725
-1.0542989699831544 -0.12594725869768961

-1.0542989699831544 -0.12594725869768961
-1.0511797422613107 -0.12603959599329645

-1.0511797422613107 -0.12603959599329645
-1.048060514539467 -0.12612413516065468

-1.048060514539467 -0.12612413516065468
-1.0449412868176233 -0.12619939306374486

-1.0449412868176233 -0.12619939306374486
-1.0418220590957796 -0.1262645270359217

-1.0418220590957796 -0.1262645270359217
-1.0387028313739362 -0.1263193208524952

-1.0387028313739362 -0.1263193208524952
-1.0355836036520925 -0.12636406087964228

-1.0355836036520925 -0.12636406087964228
-1.0324643759302488 -0.12639951225135515

-1.0324643759302488 -0.12639951225135515
-1.0293451482084051 -0.12642678167952628

-1.0293451482084051 -0.12642678167952628
-1.0262259204865614 -0.12644699969581122

-1.0262259204865614 -0.12644699969581122
-1.0231066927647179 -0.12646101371019011

-1.0231066927647179 -0.12646101371019011
-1.0199874650428742 -0.12646925236338871

-1.0199874650428742 -0.12646925236338871
-1.0168682373210305 -0.12647175545418221

-1.0168682373210305 -0.12647175545418221
-1.0137490095991868 -0.12646826515057774

-1.0137490095991868 -0.12646826515057774
-1.0106297818773433 -0.12645832815301003

-1.0106297818773433 -0.12645832815301003
-1.0075105541554996 -0.12644146274005663

-1.0075105541554996 -0.12644146274005663
-1.0043913264336559 -0.12641741068157378

-1.0043913264336559 -0.12641741068157378
-1.0012720987118122 -0.12638633430195137

-1.0012720987118122 -0.12638633430195137
-0.99815287098996874 -0.12634881811679469

-0.99815287098996874 -0.12634881811679469
-0.99503364326812505 -0.12630581461481266

-0.99503364326812505 -0.12630581461481266
-0.99191441554628146 -0.12625883366177773

-0.99191441554628146 -0.12625883366177773
-0.98879518782443776 -0.12621028358502262

-0.98879518782443776 -0.12621028358502262
-0.98567596010259406 -0.12616328408607985

-0.98567596010259406 -0.12616328408607985
-0.98255673238075047 -0.12612058748308422

-0.98255673238075047 -0.12612058748308422
-0.97943750465890678 -0.12608336558891334

-0.97943750465890678 -0.12608336558891334
-0.97631827693706319 -0.12605090109163533

-0.97631827693706319 -0.12605090109163533
-0.97319904921521949 -0.12602139319661229

-0.97319904921521949 -0.12602139319661229
-0.97007982149337579 -0.1259930744176064

-0.97007982149337579 -0.1259930744176064
-0.96696059377153221 -0.12596473223990559

-0.96696059377153221 -0.12596473223990559
-0.96384136604968851 -0.12593556461511698

-0.96384136604968851 -0.12593556461511698
-0.96072213832784492 -0.12590486468931716

-0.96072213832784492 -0.12590486468931716
-0.95760291060600122 -0.12587190684226413

-0.95760291060600122 -0.12587190684226413
-0.95448368288415764 -0.12583603366863758

-0.95448368288415764 -0.12583603366863758
-0.95136445516231394 -0.12579677054018051

-0.95136445516231394 -0.12579677054018051
-0.94824522744047024 -0.1257538605187753

-0.94824522744047024 -0.1257538605187753
-0.94512599971862665 -0.12570725503917435

-0.94512599971862665 -0.12570725503917435
-0.94200677199678295 -0.12565712342665344

-0.94200677199678295 -0.12565712342665344
-0.93888754427493937 -0.12560388856461965

-0.93888754427493937 -0.12560388856461965
-0.93576831655309567 -0.12554827178525513

-0.93576831655309567 -0.12554827178525513
-0.93264908883125197 -0.12549134355577424

-0.93264908883125197 -0.12549134355577424
-0.92952986110940838 -0.12543452505219346

-0.92952986110940838 -0.12543452505219346
-0.92641063338756469 -0.12537942900578819

-0.92641063338756469 -0.12537942900578819
-0.9232914056657211 -0.12532752480782153

-0.9232914056657211 -0.12532752480782153
-0.9201721779438774 -0.12527976980565986

-0.9201721779438774 -0.12527976980565986
-0.9170529502220337 -0.12523634675706175

-0.9170529502220337 -0.12523634675706175
-0.91393372250019012 -0.12519653658384677

-0.91393372250019012 -0.12519653658384677
-0.91081449477834642 -0.12515873582650783

-0.91081449477834642 -0.12515873582650783
-0.90769526705650283 -0.12512065213689186

-0.90769526705650283 -0.12512065213689186
-0.90457603933465913 -0.12507965508355695

-0.90457603933465913 -0.12507965508355695
-0.90145681161281555 -0.1250332226173374

-0.90145681161281555 -0.1250332226173374
-0.89833758389097185 -0.12497941175179438

-0.89833758389097185 -0.12497941175179438
-0.89521835616912815 -0.12491726143941775

-0.89521835616912815 -0.12491726143941775
-0.89209912844728456 -0.12484715109684867

-0.89209912844728456 -0.12484715109684867
-0.88897990072544086 -0.12477039118713072

-0.88897990072544086 -0.12477039118713072
-0.88893270661469725 -0.12476910887374608

-0.88893270661469725 -0.12476910887374608
-0.88586067300359728 -0.12468615486103615

-0.88586067300359728 -0.12468615486103615
-0.88274144528175358 -0.12459573761865293

-0.88274144528175358 -0.12459573761865293
-0.87962221755990988 -0.12450362539843232

-0.87962221755990988 -0.12450362539843232
-0.87650298983806629 -0.12441115314085062

-0.87650298983806629 -0.12441115314085062
-0.8733837621162226 -0.1243189873318828

-0.8733837621162226 -0.1243189873318828
-0.87026453439437901 -0.12422868096274248

-0.87026453439437901 -0.12422868096274248
-0.86714530667253531 -0.12413966254225393

-0.86714530667253531 -0.12413966254225393
-0.86402607895069172 -0.1240501392482609

-0.86402607895069172 -0.1240501392482609
-0.86090685122884802 -0.12395917123428504

-0.86090685122884802 -0.12395917123428504
-0.85778762350700433 -0.12386564497158234

-0.85778762350700433 -0.12386564497158234
-0.85466839578516074 -0.12376787594518672

-0.85466839578516074 -0.12376787594518672
-0.85154916806331704 -0.12366521319482505

-0.85154916806331704 -0.12366521319482505
-0.84842994034147345 -0.12355831533652958

-0.84842994034147345 -0.12355831533652958
-0.84531071261962976 -0.12344782585317841

-0.84531071261962976 -0.12344782585317841
-0.84219148489778606 -0.1233340678096142

-0.84219148489778606 -0.1233340678096142
-0.83907225717594247 -0.12321778695610681

-0.83907225717594247 -0.12321778695610681
-0.83595302945409877 -0.12310002401995268

-0.83595302945409877 -0.12310002401995268
-0.83283380173225519 -0.12298124534365067

-0.83283380173225519 -0.12298124534365067
-0.82971457401041149 -0.12286118512554904

-0.82971457401041149 -0.12286118512554904
-0.82659534628856779 -0.1227395302710353

-0.82659534628856779 -0.1227395302710353
-0.8234761185667242 -0.12261645756185557

-0.8234761185667242 -0.12261645756185557
-0.8203568908448805 -0.12249239913294147

-0.8203568908448805 -0.12249239913294147
-0.81723766312303692 -0.12236753312208221

-0.81723766312303692 -0.12236753312208221
-0.81411843540119322 -0.12224173593027926

-0.81411843540119322 -0.12224173593027926
-0.81099920767934963 -0.12211503620447539

-0.81099920767934963 -0.12211503620447539
-0.80787997995750593 -0.1219880276068768

-0.80787997995750593 -0.1219880276068768
-0.80476075223566224 -0.12186183726945869

-0.80476075223566224 -0.12186183726945869
-0.80164152451381865 -0.12173783035313311

-0.80164152451381865 -0.12173783035313311
-0.79938411561215073 -0.12164988115190242

-0.79938411561215073 -0.12164988115190242
-0.79852229679197495 -0.12161616098690098

-0.79852229679197495 -0.12161616098690098
-0.79540306907013136 -0.12149725579513075

-0.79540306907013136 -0.12149725579513075
-0.79228384134828767 -0.12138013595720799

-0.79228384134828767 -0.12138013595720799
-0.78916461362644397 -0.12126435924011603

-0.78916461362644397 -0.12126435924011603
-0.78604538590460038 -0.12114906875141157

-0.78604538590460038 -0.12114906875141157
-0.78292615818275668 -0.12103330543625018

-0.78292615818275668 -0.12103330543625018
-0.77980693046091309 -0.12091601924748632

-0.77980693046091309 -0.12091601924748632
-0.7766877027390694 -0.12079634586914655

-0.7766877027390694 -0.12079634586914655
-0.77356847501722581 -0.120673956453429

-0.77356847501722581 -0.120673956453429
-0.77044924729538211 -0.12054914778278759

-0.77044924729538211 -0.12054914778278759
-0.76733001957353841 -0.12042257490653517

-0.76733001957353841 -0.12042257490653517
-0.76421079185169483 -0.12029488118012353

-0.76421079185169483 -0.12029488118012353
-0.76109156412985113 -0.1201665151905368

-0.76109156412985113 -0.1201665151905368
-0.75797233640800754 -0.12003771597696333

-0.75797233640800754 -0.12003771597696333
-0.75485310868616384 -0.11990843162998104

-0.75485310868616384 -0.11990843162998104
-0.75173388096432014 -0.11977819262354068

-0.75173388096432014 -0.11977819262354068
-0.74861465324247656 -0.1196460844861553

-0.74861465324247656 -0.1196460844861553
-0.74549542552063286 -0.11951091610596758

-0.74549542552063286 -0.11951091610596758
-0.74237619779878927 -0.11937155632824105

-0.74237619779878927 -0.11937155632824105
-0.73925697007694557 -0.119227185686562

-0.73925697007694557 -0.119227185686562
-0.73613774235510188 -0.1190773688787482

-0.73613774235510188 -0.1190773688787482
-0.73301851463325829 -0.11892206408051843

-0.73301851463325829 -0.11892206408051843
-0.72989928691141459 -0.11876170921201154

-0.72989928691141459 -0.11876170921201154
-0.726780059189571 -0.11859762530668361

-0.726780059189571 -0.11859762530668361
-0.72553707344083906 -0.11853065343005878

-0.72553707344083906 -0.11853065343005878
-0.72366083146772731 -0.1184298282203827

-0.72366083146772731 -0.1184298282203827
-0.72054160374588372 -0.11826100547208619

-0.72054160374588372 -0.11826100547208619
-0.71742237602404002 -0.11809118603063735

-0.71742237602404002 -0.11809118603063735
-0.71430314830219632 -0.11792146527630022

-0.71430314830219632 -0.11792146527630022
-0.71118392058035274 -0.11775248872491478

-0.71118392058035274 -0.11775248872491478
-0.70806469285850904 -0.11758469335395429

-0.70806469285850904 -0.11758469335395429
-0.70494546513666545 -0.11741828269138042

-0.70494546513666545 -0.11741828269138042
-0.70182623741482175 -0.11725316415939119

-0.70182623741482175 -0.11725316415939119
-0.69870700969297805 -0.11708894757774256

-0.69870700969297805 -0.11708894757774256
-0.69558778197113447 -0.11692504073340056

-0.69558778197113447 -0.11692504073340056
-0.69246855424929077 -0.11676083283927781

-0.69246855424929077 -0.11676083283927781
-0.68934932652744718 -0.11659583291401376

-0.68934932652744718 -0.11659583291401376
-0.68623009880560348 -0.11642960728092604

-0.68623009880560348 -0.11642960728092604
-0.6831108710837599 -0.11626165761362452

-0.6831108710837599 -0.11626165761362452
-0.6799916433619162 -0.11609141401900216

-0.6799916433619162 -0.11609141401900216
-0.6768724156400725 -0.11591835018206463

-0.6768724156400725 -0.11591835018206463
-0.67375318791822891 -0.11574209507100074

-0.67375318791822891 -0.11574209507100074
-0.67063396019638521 -0.11556258787154834

-0.67063396019638521 -0.11556258787154834
-0.66805556975422553 -0.11541142570821512

-0.66805556975422553 -0.11541142570821512
-0.66751473247454163 -0.11537940765890686

-0.66751473247454163 -0.11537940765890686
-0.66439550475269793 -0.11519378438469439

-0.66439550475269793 -0.11519378438469439
-0.66127627703085423 -0.11500490454308789

-0.66127627703085423 -0.11500490454308789
-0.65815704930901064 -0.11481354428800916

-0.65815704930901064 -0.11481354428800916
-0.65503782158716695 -0.11462029244401799

-0.65503782158716695 -0.11462029244401799
-0.65191859386532336 -0.11442578164761869

-0.65191859386532336 -0.11442578164761869
-0.64879936614347966 -0.11423054328713851

-0.64879936614347966 -0.11423054328713851
-0.64568013842163596 -0.11403485778023739

-0.64568013842163596 -0.11403485778023739
-0.64256091069979238 -0.11383874624304216

-0.64256091069979238 -0.11383874624304216
-0.63944168297794868 -0.11364191844594611

-0.63944168297794868 -0.11364191844594611
-0.63632245525610509 -0.11344394114859313

-0.63632245525610509 -0.11344394114859313
-0.63320322753426139 -0.11324450981394656

-0.63320322753426139 -0.11324450981394656
-0.63008399981241781 -0.11304337717758686

-0.63008399981241781 -0.11304337717758686
-0.62696477209057411 -0.11284020125705473

-0.62696477209057411 -0.11284020125705473
-0.62384554436873041 -0.1126344971299743

-0.62384554436873041 -0.1126344971299743
-0.62072631664688682 -0.11242615571213622

-0.62072631664688682 -0.11242615571213622
-0.61875903952476097 -0.11229219798637147

-0.61875903952476097 -0.11229219798637147
-0.61760708892504312 -0.11221339658161958

-0.61760708892504312 -0.11221339658161958
-0.61760708892504312 -0.11221339658161958

-0.61760708892504312 -0.11221339658161958
-0.61448786120319954 -0.11199836436795942

-0.61448786120319954 -0.11199836436795942
-0.61136863348135584 -0.11177899456273807

-0.61136863348135584 -0.11177899456273807
-0.60824940575951214 -0.11155587141886963

-0.60824940575951214 -0.11155587141886963
-0.60513017803766855 -0.11132911873487671

-0.60513017803766855 -0.11132911873487671
-0.60201095031582486 -0.11109897588170518

-0.60201095031582486 -0.11109897588170518
-0.59889172259398127 -0.11086581571652047

-0.59889172259398127 -0.11086581571652047
-0.59577249487213757 -0.11063011724106524

-0.59577249487213757 -0.11063011724106524
-0.59265326715029398 -0.1103924722323876

-0.59265326715029398 -0.1103924722323876
-0.58953403942845028 -0.11015361892445452

-0.58953403942845028 -0.11015361892445452
-0.58641481170660659 -0.10991443566213215

-0.58641481170660659 -0.10991443566213215
-0.583295583984763 -0.10967583021697541

-0.583295583984763 -0.10967583021697541
-0.5801763562629193 -0.10943855871863711

-0.5801763562629193 -0.10943855871863711
-0.57705712854107571 -0.10920335948604694

-0.57705712854107571 -0.10920335948604694
-0.57665866499432561 -0.10917297026452782

-0.57665866499432561 -0.10917297026452782
-0.57393790081923202 -0.10896837834393582

-0.57393790081923202 -0.10896837834393582
-0.57081867309738832 -0.10873427415664089

-0.57081867309738832 -0.10873427415664089
-0.56769944537554473 -0.10849948571183807

-0.56769944537554473 -0.10849948571183807
-0.56458021765370103 -0.10826289083905319

-0.56458021765370103 -0.10826289083905319
-0.56146098993185745 -0.1080232527249773

-0.56146098993185745 -0.1080232527249773
-0.55834176221001375 -0.10777945924772606

-0.55834176221001375 -0.10777945924772606
-0.55522253448817016 -0.10753082896001172

-0.55522253448817016 -0.10753082896001172
-0.55210330676632646 -0.10727728105466651

-0.55210330676632646 -0.10727728105466651
-0.54898407904448276 -0.10701927341869789

-0.54898407904448276 -0.10701927341869789
-0.54586485132263918 -0.10675770010352811

-0.54586485132263918 -0.10675770010352811
-0.54274562360079548 -0.10649386827886764

-0.54274562360079548 -0.10649386827886764
-0.53962639587895189 -0.10622977086382772

-0.53962639587895189 -0.10622977086382772
-0.53755235652527333 -0.10605374254268417

-0.53755235652527333 -0.10605374254268417
-0.53650716815710819 -0.10596441254732619

-0.53650716815710819 -0.10596441254732619
-0.5333879404352645 -0.10570193054547271

-0.5333879404352645 -0.10570193054547271
-0.53026871271342091 -0.10543947567726546

-0.53026871271342091 -0.10543947567726546
-0.52714948499157721 -0.1051777436344711

-0.52714948499157721 -0.1051777436344711
-0.52403025726973362 -0.1049160717126069

-0.52403025726973362 -0.1049160717126069
-0.52091102954788993 -0.10465325501474937

-0.52091102954788993 -0.10465325501474937
-0.51779180182604623 -0.10438768281551009

-0.51779180182604623 -0.10438768281551009
-0.51467257410420264 -0.10411768990251626

-0.51467257410420264 -0.10411768990251626
-0.51155334638235894 -0.10384191200793733

-0.51155334638235894 -0.10384191200793733
-0.50843411866051536 -0.10355949633482554

-0.50843411866051536 -0.10355949633482554
-0.50531489093867166 -0.10327024373708529

-0.50531489093867166 -0.10327024373708529
-0.50219566321682807 -0.10297536180197699

-0.50219566321682807 -0.10297536180197699
-0.50178028540655362 -0.10293451482084051

-0.50178028540655362 -0.10293451482084051
-0.49907643549498437 -0.10267328227843217

-0.49907643549498437 -0.10267328227843217
-0.49595720777314073 -0.10236772085072353

-0.49595720777314073 -0.10236772085072353
-0.49283798005129709 -0.10205929073741066

-0.49283798005129709 -0.10205929073741066
-0.48971875232945339 -0.10174993870682925

-0.48971875232945339 -0.10174993870682925
-0.48659952460760975 -0.10144134625913628

-0.48659952460760975 -0.10144134625913628
-0.4834802968857661 -0.10113470677719015

-0.4834802968857661 -0.10113470677719015
-0.48036106916392246 -0.10083062782210769

-0.48036106916392246 -0.10083062782210769
-0.47724184144207882 -0.1005291703192424

-0.47724184144207882 -0.1005291703192424
-0.47412261372023518 -0.10022973395686587

-0.47412261372023518 -0.10022973395686587
-0.47100338599839148 -0.09993206268923871

-0.47100338599839148 -0.09993206268923871
-0.46979936143718304 -0.099815287098996869

-0.46979936143718304 -0.099815287098996869
-0.46788415827654783 -0.09963054181619739

-0.46788415827654783 -0.09963054181619739
-0.46476493055470419 -0.099328261690475289

-0.46476493055470419 -0.099328261690475289
-0.46164570283286055 -0.099020173683255608

-0.46164570283286055 -0.099020173683255608
-0.45852647511101691 -0.098705315230915469

-0.45852647511101691 -0.098705315230915469
-0.45540724738917326 -0.098382687380573236

-0.45540724738917326 -0.098382687380573236
-0.45228801966732957 -0.098052158030759951

-0.45228801966732957 -0.098052158030759951
-0.44916879194548592 -0.097714567643823691

-0.44916879194548592 -0.097714567643823691
-0.44604956422364228 -0.097371578148208626

-0.44604956422364228 -0.097371578148208626
-0.44293033650179864 -0.097025528326850866

-0.44293033650179864 -0.097025528326850866
-0.43997003972325816 -0.096696059377153212

-0.43997003972325816 -0.096696059377153212
-0.439811108779955 -0.096677917446538225

-0.439811108779955 -0.096677917446538225
-0.4366918810581113 -0.096331506217382859

-0.4366918810581113 -0.096331506217382859
-0.43357265333626765 -0.095986045165621259

-0.43357265333626765 -0.095986045165621259
-0.43045342561442401 -0.09564286900812613

-0.43045342561442401 -0.09564286900812613
-0.42733419789258037 -0.095302218892729509

-0.42733419789258037 -0.095302218892729509
-0.42421497017073673 -0.094963512272711714

-0.42421497017073673 -0.094963512272711714
-0.42109574244889308 -0.094625489033882182

-0.42109574244889308 -0.094625489033882182
-0.41797651472704939 -0.09428649611709676

-0.41797651472704939 -0.09428649611709676
-0.41485728700520574 -0.093944698416546998

-0.41485728700520574 -0.093944698416546998
-0.4117380592833621 -0.09359893959349809

-0.4117380592833621 -0.09359893959349809
-0.41154722366439561 -0.093576831655309556

-0.41154722366439561 -0.093576831655309556
-0.40861883156151846 -0.093245899358907203

-0.40861883156151846 -0.093245899358907203
-0.40549960383967482 -0.092886119191630076

-0.40549960383967482 -0.092886119191630076
-0.40238037611783117 -0.092518595210077215

-0.40238037611783117 -0.092518595210077215
-0.39926114839598748 -0.092143751053835821

-0.39926114839598748 -0.092143751053835821
-0.39614192067414383 -0.0917624596349077

-0.39614192067414383 -0.0917624596349077
-0.39302269295230019 -0.091375758557632275

-0.39302269295230019 -0.091375758557632275
-0.38990346523045655 -0.090984912631999343

-0.38990346523045655 -0.090984912631999343
-0.3867842375086129 -0.090593473797146398

-0.3867842375086129 -0.090593473797146398
-0.38572571345040607 -0.090457603933465913

-0.38572571345040607 -0.090457603933465913
-0.38366500978676926 -0.090195779442209856

-0.38366500978676926 -0.090195779442209856
-0.38054578206492556 -0.089800828651410924

-0.38054578206492556 -0.089800828651410924
-0.37742655434308192 -0.089404718458921215

-0.37742655434308192 -0.089404718458921215
-0.37430732662123828 -0.089009113562241074

-0.37430732662123828 -0.089009113562241074
-0.37118809889939464 -0.088614572066967601

-0.37118809889939464 -0.088614572066967601
-0.36806887117755099 -0.088221586905761609

-0.36806887117755099 -0.088221586905761609
-0.36494964345570735 -0.087830458917405402

-0.36494964345570735 -0.087830458917405402
-0.36183041573386365 -0.087442972497037502

-0.36183041573386365 -0.087442972497037502
-0.36100347359053109 -0.087338376211622257

-0.36100347359053109 -0.087338376211622257
-0.35871118801202001 -0.087052688919885907

-0.35871118801202001 -0.087052688919885907
-0.35559196029017637 -0.086665793033289001

-0.35559196029017637 -0.086665793033289001
-0.35247273256833273 -0.086277614537125347

-0.35247273256833273 -0.086277614537125347
-0.34935350484648908 -0.08588757256792337

-0.34935350484648908 -0.08588757256792337
-0.34623427712464538 -0.085494345895749557

-0.34623427712464538 -0.085494345895749557
-0.34311504940280174 -0.085096553115351178

-0.34311504940280174 -0.085096553115351178
-0.3399958216809581 -0.084692935508762709

-0.3399958216809581 -0.084692935508762709
-0.33687659395911446 -0.084283890609304551

-0.33687659395911446 -0.084283890609304551
-0.3364056018394489 -0.0842191484897786

-0.3364056018394489 -0.0842191484897786
-0.33375736623727081 -0.083863533272286184

-0.33375736623727081 -0.083863533272286184
-0.33063813851542717 -0.083437019405051521

-0.33063813851542717 -0.083437019405051521
-0.32751891079358347 -0.083002293100477353

-0.32751891079358347 -0.083002293100477353
-0.32439968307173983 -0.082560641494924134

-0.32439968307173983 -0.082560641494924134
-0.32128045534989619 -0.082113599208836666

-0.32128045534989619 -0.082113599208836666
-0.31816122762805255 -0.081663056679833201

-0.31816122762805255 -0.081663056679833201
-0.3150419999062089 -0.081213577650337002

-0.3150419999062089 -0.081213577650337002
-0.31427357076318446 -0.081099920767934958

-0.31427357076318446 -0.081099920767934958
-0.31192277218436526 -0.080758621452968957

-0.31192277218436526 -0.080758621452968957
-0.30880354446252156 -0.080308118930896899

-0.30880354446252156 -0.080308118930896899
-0.30568431674067792 -0.079858176181052051

-0.30568431674067792 -0.079858176181052051
-0.30256508901883428 -0.079409565861451564

-0.30256508901883428 -0.079409565861451564
-0.29944586129699063 -0.078961669121561107

-0.29944586129699063 -0.078961669121561107
-0.29632663357514699 -0.078513412661161602

-0.29632663357514699 -0.078513412661161602
-0.29320740585330335 -0.078065297963535216

-0.29320740585330335 -0.078065297963535216
-0.29264035145077005 -0.077980693046091301

-0.29264035145077005 -0.077980693046091301
-0.29008817813145965 -0.077608659254796042

-0.29008817813145965 -0.077608659254796042
-0.28696895040961601 -0.077149107042830428

-0.28696895040961601 -0.077149107042830428
-0.28384972268777237 -0.076682062268458029

-0.28384972268777237 -0.076682062268458029
-0.28073049496592872 -0.076207475821815279

-0.28073049496592872 -0.076207475821815279
-0.27761126724408508 -0.075725737580017285

-0.27761126724408508 -0.075725737580017285
-0.27449203952224144 -0.075238799948663559

-0.27449203952224144 -0.075238799948663559
-0.2721076682729065 -0.074861465324247645

-0.2721076682729065 -0.074861465324247645
-0.27137281180039774 -0.074742666029291027

-0.27137281180039774 -0.074742666029291027
-0.2682535840785541 -0.074249400256273662

-0.2682535840785541 -0.074249400256273662
-0.26513435635671045 -0.073751571862168963

-0.26513435635671045 -0.073751571862168963
-0.26201512863486681 -0.073253688868065991

-0.26201512863486681 -0.073253688868065991
-0.25889590091302317 -0.072757222931215337

-0.25889590091302317 -0.072757222931215337
-0.25577667319117953 -0.072263396991835246

-0.25577667319117953 -0.072263396991835246
-0.25265744546933583 -0.071773946867971505

-0.25265744546933583 -0.071773946867971505
-0.2524617924887812 -0.071742237602403988

-0.2524617924887812 -0.071742237602403988
-0.24953821774749216 -0.071284659574661333

-0.24953821774749216 -0.071284659574661333
-0.24641899002564852 -0.070797622074267541

-0.24641899002564852 -0.070797622074267541
-0.24329976230380487 -0.070310386656117094

-0.24329976230380487 -0.070310386656117094
-0.2401805345819612 -0.069821746355077097

-0.2401805345819612 -0.069821746355077097
-0.23706130686011756 -0.069330357330079653

-0.23706130686011756 -0.069330357330079653
-0.23394207913827392 -0.068837685317694797

-0.23394207913827392 -0.068837685317694797
-0.2326238016074374 -0.068623009880560346

-0.2326238016074374 -0.068623009880560346
-0.23082285141643025 -0.068331490549113555

-0.23082285141643025 -0.068331490549113555
-0.2277036236945866 -0.067825317463672971

-0.2277036236945866 -0.067825317463672971
-0.22458439597274296 -0.067309474696534685

-0.22458439597274296 -0.067309474696534685
-0.22146516825089929 -0.066785880474544382

-0.22146516825089929 -0.066785880474544382
-0.21834594052905565 -0.066254840898570797

-0.21834594052905565 -0.066254840898570797
-0.21522671280721201 -0.065720831148802505

-0.21522671280721201 -0.065720831148802505
-0.21400001148856351 -0.065503782158716689

-0.21400001148856351 -0.065503782158716689
-0.21210748508536834 -0.06517198114197055

-0.21210748508536834 -0.06517198114197055
-0.20898825736352469 -0.064625964288806861

-0.20898825736352469 -0.064625964288806861
-0.20586902964168105 -0.064073601332968383

-0.20586902964168105 -0.064073601332968383
-0.20274980191983738 -0.063518369381588682

-0.20274980191983738 -0.063518369381588682
-0.19963057419799374 -0.062961608528599874

-0.19963057419799374 -0.062961608528599874
-0.19651134647615007 -0.06240543555007641

-0.19651134647615007 -0.06240543555007641
-0.19639925575354564 -0.062384554436873046

-0.19639925575354564 -0.062384554436873046
-0.19339211875430642 -0.061847571385551817

-0.19339211875430642 -0.061847571385551817
-0.19027289103246278 -0.06129089327774305

-0.19027289103246278 -0.06129089327774305
-0.18715366331061911 -0.060734867770489261

-0.18715366331061911 -0.060734867770489261
-0.18403443558877547 -0.060179727778791173

-0.18403443558877547 -0.060179727778791173
-0.18091520786693183 -0.059627696251407777

-0.18091520786693183 -0.059627696251407777
-0.17888306896135547 -0.05926532671502939

-0.17888306896135547 -0.05926532671502939
-0.17779598014508816 -0.059068825994119042

-0.17779598014508816 -0.059068825994119042
-0.17467675242324451 -0.05851896706024267

-0.17467675242324451 -0.05851896706024267
-0.17155752470140087 -0.05796407439789681

-0.17155752470140087 -0.05796407439789681
-0.1684382969795572 -0.057407089232246487

-0.1684382969795572 -0.057407089232246487
-0.16531906925771356 -0.056847208972158378

-0.16531906925771356 -0.056847208972158378
-0.16219984153586992 -0.056287375558525601

-0.16219984153586992 -0.056287375558525601
-0.16144459852465301 -0.05614609899318574

-0.16144459852465301 -0.05614609899318574
-0.15908061381402624 -0.055714205875334023

-0.15908061381402624 -0.055714205875334023
-0.1559613860921826 -0.055141129259447072

-0.1559613860921826 -0.055141129259447072
-0.15284215837033896 -0.054560462481970946

-0.15284215837033896 -0.054560462481970946
-0.14972293064849529 -0.053973314623084856

-0.14972293064849529 -0.053973314623084856
-0.14660370292665165 -0.053383003931450033

-0.14660370292665165 -0.053383003931450033
-0.14476403093760487 -0.053026871271342091

-0.14476403093760487 -0.053026871271342091
-0.143484475204808 -0.05277693614137921

-0.143484475204808 -0.05277693614137921
-0.14036524748296433 -0.052176187020701315

-0.14036524748296433 -0.052176187020701315
-0.13724601976112069 -0.051565700373481446

-0.13724601976112069 -0.051565700373481446
-0.13412679203927705 -0.050950655048883672

-0.13412679203927705 -0.050950655048883672
-0.13100756431743338 -0.050334581347529703

-0.13100756431743338 -0.050334581347529703
-0.12887088332353008 -0.049907643549498434

-0.12887088332353008 -0.049907643549498434
-0.12788833659558974 -0.049707606474563605

-0.12788833659558974 -0.049707606474563605
-0.12476910887374608 -0.049090410307436973

-0.12476910887374608 -0.049090410307436973
-0.12164988115190242 -0.048467314019886153

-0.12164988115190242 -0.048467314019886153
-0.11853065343005878 -0.047844016404297508

-0.11853065343005878 -0.047844016404297508
-0.11541142570821512 -0.047223686098477727

-0.11541142570821512 -0.047223686098477727
-0.11323391074529424 -0.046788415827654785

-0.11323391074529424 -0.046788415827654785
-0.11229219798637147 -0.04659638421577527

-0.11229219798637147 -0.04659638421577527
-0.10917297026452782 -0.045981432924522114

-0.10917297026452782 -0.045981432924522114
-0.10605374254268417 -0.045362418187516275

-0.10605374254268417 -0.045362418187516275
-0.10293451482084051 -0.044743896925905795

-0.10293451482084051 -0.044743896925905795
-0.099815287098996869 -0.044127092461089826

-0.099815287098996869 -0.044127092461089826
-0.097516612587222135 -0.043669188105811135

-0.097516612587222135 -0.043669188105811135
-0.096696059377153212 -0.043501768195610149

-0.096696059377153212 -0.043501768195610149
-0.093576831655309556 -0.042884381402956945

-0.093576831655309556 -0.042884381402956945
-0.090457603933465913 -0.042258297999978357

-0.090457603933465913 -0.042258297999978357
-0.087338376211622257 -0.04162691081408243

-0.087338376211622257 -0.04162691081408243
-0.0842191484897786 -0.040991744825088584

-0.0842191484897786 -0.040991744825088584
-0.082091100356114347 -0.040549960383967479

-0.082091100356114347 -0.040549960383967479
-0.081099920767934958 -0.040340160556449539

-0.081099920767934958 -0.040340160556449539
-0.077980693046091301 -0.039693648812934343

-0.077980693046091301 -0.039693648812934343
-0.074861465324247645 -0.039034981216778349

-0.074861465324247645 -0.039034981216778349
-0.071742237602403988 -0.038370408111507798

-0.071742237602403988 -0.038370408111507798
-0.068623009880560346 -0.037707206059182763

-0.068623009880560346 -0.037707206059182763
-0.067361814292008756 -0.037430732662123829

-0.067361814292008756 -0.037430732662123829
-0.065503782158716689 -0.037027619490187631

-0.065503782158716689 -0.037027619490187631
-0.062384554436873046 -0.036359205458414742

-0.062384554436873046 -0.036359205458414742
-0.05926532671502939 -0.035687576592708603

-0.05926532671502939 -0.035687576592708603
-0.05614609899318574 -0.03501792315393823

-0.05614609899318574 -0.03501792315393823
-0.053026871271342091 -0.034353329197121488

-0.053026871271342091 -0.034353329197121488
-0.052839609743040757 -0.034311504940280173

-0.052839609743040757 -0.034311504940280173
-0.049907643549498434 -0.033687374621938222

-0.049907643549498434 -0.033687374621938222
-0.046788415827654785 -0.033025435735634594

-0.046788415827654785 -0.033025435735634594
-0.043669188105811135 -0.032364563435202755

-0.043669188105811135 -0.032364563435202755
-0.040549960383967479 -0.03170537871678495

-0.040549960383967479 -0.03170537871678495
-0.038137064133306843 -0.03119227721843652

-0.038137064133306843 -0.03119227721843652
-0.037430732662123829 -0.031037564607170505

-0.037430732662123829 -0.031037564607170505
-0.034311504940280173 -0.030378010169761178

-0.034311504940280173 -0.030378010169761178
-0.03119227721843652 -0.029708851341400232

-0.03119227721843652 -0.029708851341400232
-0.028073049496592867 -0.029033921385999303

-0.028073049496592867 -0.029033921385999303
-0.024953821774749217 -0.028358146607025115

-0.024953821774749217 -0.028358146607025115
-0.023686685763722008 -0.028073049496592867

-0.023686685763722008 -0.028073049496592867
-0.021834594052905564 -0.027660563748068492

-0.021834594052905564 -0.027660563748068492
-0.018715366331061911 -0.02696852446035776

-0.018715366331061911 -0.02696852446035776
-0.015596138609218262 -0.026265672634726983

-0.015596138609218262 -0.026265672634726983
-0.012476910887374609 -0.025557768962670445

-0.012476910887374609 -0.025557768962670445
-0.0098400937516403188 -0.024953821774749217

-0.0098400937516403188 -0.024953821774749217
-0.0093576831655309573 -0.024838757430192142

-0.0093576831655309573 -0.024838757430192142
-0.0062384554436873043 -0.024125961497765008

-0.0062384554436873043 -0.024125961497765008
-0.0031192277218436521 -0.023405487136680836

-0.0031192277218436521 -0.023405487136680836
0 -0.022683629805100157

0 -0.022683629805100157
0.0031192277218436517 -0.021967443581823527

0.0031192277218436517 -0.021967443581823527
0.0036719543077207229 -0.021834594052905564

0.0036719543077207229 -0.021834594052905564
0.0062384554436873043 -0.021240777323782292

0.0062384554436873043 -0.021240777323782292
0.0093576831655309556 -0.02052246601932272

0.0093576831655309556 -0.02052246601932272
0.012476910887374609 -0.019804645221433968

0.012476910887374609 -0.019804645221433968
0.01559613860921826 -0.019093747238239499

0.01559613860921826 -0.019093747238239499
0.017226997762860248 -0.018715366331061911

0.017226997762860248 -0.018715366331061911
0.018715366331061915 -0.018369142390577742

0.018715366331061915 -0.018369142390577742
0.021834594052905568 -0.017660494663848825

0.021834594052905568 -0.017660494663848825
0.024953821774749217 -0.016945541133079903

0.024953821774749217 -0.016945541133079903
0.02807304949659287 -0.016230148731151167

0.02807304949659287 -0.016230148731151167
0.030828386173416066 -0.015596138609218262

0.030828386173416066 -0.015596138609218262
0.03119227721843652 -0.015508536465075752

0.03119227721843652 -0.015508536465075752
0.034311504940280173 -0.014792772721087942

0.034311504940280173 -0.014792772721087942
0.037430732662123822 -0.014069727664050955

0.037430732662123822 -0.014069727664050955
0.040549960383967479 -0.013343145017719183

0.040549960383967479 -0.013343145017719183
0.043669188105811128 -0.012618490611451108

0.043669188105811128 -0.012618490611451108
0.04424706539079893 -0.012476910887374609

0.04424706539079893 -0.012476910887374609
0.046788415827654778 -0.011877273195058029

0.046788415827654778 -0.011877273195058029
0.049907643549498434 -0.011139118913156396

0.049907643549498434 -0.011139118913156396
0.053026871271342084 -0.010395133386314847

0.053026871271342084 -0.010395133386314847
0.056146098993185733 -0.0096538419790663972

0.056146098993185733 -0.0096538419790663972
0.057346699324792298 -0.0093576831655309573

0.057346699324792298 -0.0093576831655309573
0.05926532671502939 -0.0088909470446631549

0.05926532671502939 -0.0088909470446631549
0.06238455443687304 -0.0081389991690582423

0.06238455443687304 -0.0081389991690582423
0.065503782158716703 -0.0073792760812949037

0.065503782158716703 -0.0073792760812949037
0.068623009880560346 -0.0066228041632082051

0.068623009880560346 -0.0066228041632082051
0.070165770575389419 -0.0062384554436873043

0.070165770575389419 -0.0062384554436873043
0.071742237602404002 -0.0058459319653383184

0.071742237602404002 -0.0058459319653383184
0.074861465324247659 -0.0050842773063468879

0.074861465324247659 -0.0050842773063468879
0.077980693046091315 -0.0043145306565418092

0.077980693046091315 -0.0043145306565418092
0.081099920767934958 -0.0035491171771072963

0.081099920767934958 -0.0035491171771072963
0.082816821102681515 -0.0031192277218436521

0.082816821102681515 -0.0031192277218436521
0.084219148489778614 -0.0027658659610627608

0.084219148489778614 -0.0027658659610627608
0.087338376211622271 -0.002000504004821462

0.087338376211622271 -0.002000504004821462
0.090457603933465913 -0.001227600538231259

0.090457603933465913 -0.001227600538231259
0.09357683165530957 -0.00045928329172340422

0.09357683165530957 -0.00045928329172340422
0.095410070376572828 0

0.095410070376572828 0
0.096696059377153226 0.00032576407061139919

0.096696059377153226 0.00032576407061139919
0.099815287098996869 0.0010928424070801111

0.099815287098996869 0.0010928424070801111
0.10293451482084053 0.0018682345536181122

0.10293451482084053 0.0018682345536181122
0.10605374254268418 0.002640137490141269

0.10605374254268418 0.002640137490141269
0.10795724711286585 0.0031192277218436517

0.10795724711286585 0.0031192277218436517
0.10917297026452782 0.0034295378600986124

0.10917297026452782 0.0034295378600986124
0.11229219798637148 0.0042022426093460876

0.11229219798637148 0.0042022426093460876
0.11541142570821514 0.0049848740714492044

0.11541142570821514 0.0049848740714492044
0.11853065343005878 0.005765037874512274

0.11853065343005878 0.005765037874512274
0.12038565806032159 0.0062384554436873043

0.12038565806032159 0.0062384554436873043
0.12164988115190244 0.0065650904928273753

0.12164988115190244 0.0065650904928273753
0.12476910887374609 0.0073494294846707274

0.12476910887374609 0.0073494294846707274
0.12788833659558974 0.0081451520870721265

0.12788833659558974 0.0081451520870721265
0.13100756431743341 0.0089379615677871449

0.13100756431743341 0.0089379615677871449
0.13261455872310152 0.0093576831655309556

0.13261455872310152 0.0093576831655309556
0.13412679203927705 0.0097534975385329906

0.13412679203927705 0.0097534975385329906
0.13724601976112069 0.01055267726409702

0.13724601976112069 0.01055267726409702
0.14036524748296436 0.011361800589988601

0.14036524748296436 0.011361800589988601
0.143484475204808 0.012165189497367902

0.143484475204808 0.012165189497367902
0.14464945026130807 0.012476910887374609

0.14464945026130807 0.012476910887374609
0.14660370292665165 0.012991167928525914

0.14660370292665165 0.012991167928525914
0.14972293064849532 0.013801732108935696

0.14972293064849532 0.013801732108935696
0.15284215837033896 0.014618415536727413

0.15284215837033896 0.014618415536727413
0.1559613860921826 0.015428912594821709

0.1559613860921826 0.015428912594821709
0.15657135069403061 0.01559613860921826

0.15657135069403061 0.01559613860921826
0.15908061381402627 0.016256562358960523

0.15908061381402627 0.016256562358960523
0.16219984153586992 0.017075477505367882

0.16219984153586992 0.017075477505367882
0.16531906925771356 0.017897286363782745

0.16531906925771356 0.017897286363782745
0.16842090580508579 0.018715366331061915

0.16842090580508579 0.018715366331061915
0.16843829697955723 0.018720273151938062

0.16843829697955723 0.018720273151938062
0.17155752470140087 0.019544033094489172

0.17155752470140087 0.019544033094489172
0.17467675242324451 0.020369895456021157

0.17467675242324451 0.020369895456021157
0.17779598014508818 0.021194560790144774

0.17779598014508818 0.021194560790144774
0.18020119576294102 0.021834594052905568

0.18020119576294102 0.021834594052905568
0.18091520786693183 0.022031705148587401

0.18091520786693183 0.022031705148587401
0.18403443558877547 0.022851551011961516

0.18403443558877547 0.022851551011961516
0.18715366331061914 0.023679583821270889

0.18715366331061914 0.023679583821270889
0.19027289103246278 0.024500895420259718

0.19027289103246278 0.024500895420259718
0.19195750435955694 0.024953821774749217

0.19195750435955694 0.024953821774749217
0.19339211875430642 0.025341612521945906

0.19339211875430642 0.025341612521945906
0.19651134647615009 0.026160683181059394

0.19651134647615009 0.026160683181059394
0.19963057419799374 0.026987239721964103

0.19963057419799374 0.026987239721964103
0.20274980191983741 0.027805456739982182

0.20274980191983741 0.027805456739982182
0.2037270251528483 0.02807304949659287

0.2037270251528483 0.02807304949659287
0.20586902964168105 0.02864501439253633

0.20586902964168105 0.02864501439253633
0.20898825736352469 0.029470793067712924

0.20898825736352469 0.029470793067712924
0.21210748508536836 0.030302882558934596

0.21210748508536836 0.030302882558934596
0.21522671280721201 0.031134685499722415

0.21522671280721201 0.031134685499722415
0.21542818862274715 0.03119227721843652

0.21542818862274715 0.03119227721843652
0.21834594052905565 0.031977605626975873

0.21834594052905565 0.031977605626975873
0.22146516825089932 0.032821361261519376

0.22146516825089932 0.032821361261519376
0.22458439597274296 0.033666948599510922

0.22458439597274296 0.033666948599510922
0.22693389538328607 0.034311504940280173

0.22693389538328607 0.034311504940280173
0.2277036236945866 0.034530304823062512

0.2277036236945866 0.034530304823062512
0.23082285141643027 0.035377895360347758

0.23082285141643027 0.035377895360347758
0.23394207913827392 0.03623738328297206

0.23394207913827392 0.03623738328297206
0.23706130686011756 0.037089922113732361

0.23706130686011756 0.037089922113732361
0.23826170183582315 0.037430732662123822

0.23826170183582315 0.037430732662123822
0.24018053458196123 0.037966775170465608

0.24018053458196123 0.037966775170465608
0.24329976230380487 0.03882440765970338

0.24329976230380487 0.03882440765970338
0.24641899002564852 0.039687276011115845

0.24641899002564852 0.039687276011115845
0.24953821774749216 0.040548406837049453

0.24953821774749216 0.040548406837049453
0.24954346983616763 0.040549960383967479

0.24954346983616763 0.040549960383967479
0.25265744546933583 0.041407775896459997

0.25265744546933583 0.041407775896459997
0.25577667319117947 0.042264986599678693

0.25577667319117947 0.042264986599678693
0.25889590091302311 0.043114851794326552

0.25889590091302311 0.043114851794326552
0.26090738052604773 0.043669188105811128

0.26090738052604773 0.043669188105811128
0.26201512863486676 0.043980657274361498

0.26201512863486676 0.043980657274361498
0.2651343563567104 0.04482216865875388

0.2651343563567104 0.04482216865875388
0.26825358407855404 0.045671352341576196

0.26825358407855404 0.045671352341576196
0.27137281180039774 0.046510962550733857

0.27137281180039774 0.046510962550733857
0.27235999655742194 0.046788415827654778

0.27235999655742194 0.046788415827654778
0.27449203952224138 0.047372607408410226

0.27449203952224138 0.047372607408410226
0.27761126724408502 0.04821924384086379

0.27761126724408502 0.04821924384086379
0.28073049496592867 0.04907197058378427

0.28073049496592867 0.04907197058378427
0.28377828305039793 0.049907643549498434

0.28377828305039793 0.049907643549498434
0.28384972268777231 0.049928604946355197

0.28384972268777231 0.049928604946355197
0.28696895040961595 0.050785906536975713

0.28696895040961595 0.050785906536975713
0.29008817813145965 0.051648582475809064

0.29008817813145965 0.051648582475809064
0.29320740585330329 0.052508761188980041

0.29320740585330329 0.052508761188980041
0.29504458724872662 0.053026871271342084

0.29504458724872662 0.053026871271342084
0.29632663357514694 0.053393065942661272

0.29632663357514694 0.053393065942661272
0.29944586129699058 0.054256747875480564

0.29944586129699058 0.054256747875480564
0.30256508901883422 0.055132106458569009

0.30256508901883422 0.055132106458569009
0.30568431674067786 0.056001765097284634

0.30568431674067786 0.056001765097284634
0.30617151490796146 0.056146098993185733

0.30617151490796146 0.056146098993185733
0.30880354446252156 0.056888094391991377

0.30880354446252156 0.056888094391991377
0.3119227721843652 0.057765249453590906

0.3119227721843652 0.057765249453590906
0.31504199990620885 0.058639400889613821

0.31504199990620885 0.058639400889613821
0.31725683668472882 0.05926532671502939

0.31725683668472882 0.05926532671502939
0.31816122762805249 0.059528711372825532

0.31816122762805249 0.059528711372825532
0.32128045534989613 0.060393838550779587

0.32128045534989613 0.060393838550779587
0.32439968307173978 0.061265951185247622

0.32439968307173978 0.061265951185247622
0.32751891079358347 0.062125846274926191

0.32751891079358347 0.062125846274926191
0.32841779809861338 0.06238455443687304

0.32841779809861338 0.06238455443687304
0.33063813851542712 0.06300462776736962

0.33063813851542712 0.06300462776736962
0.33375736623727076 0.063864858520181408

0.33375736623727076 0.063864858520181408
0.3368765939591144 0.064725992570184826

0.3368765939591144 0.064725992570184826
0.3396951401225341 0.065503782158716703

0.3396951401225341 0.065503782158716703
0.33999582168095804 0.065591646431840844

0.33999582168095804 0.065591646431840844
0.34311504940280169 0.06644688723702856

0.34311504940280169 0.06644688723702856
0.34623427712464538 0.067308514733580904

0.34623427712464538 0.067308514733580904
0.34935350484648903 0.06816518557352351

0.34935350484648903 0.06816518557352351
0.35097426108054069 0.068623009880560346

0.35097426108054069 0.068623009880560346
0.35247273256833267 0.069047526696156034

0.35247273256833267 0.069047526696156034
0.35559196029017631 0.069910453228348518

0.35559196029017631 0.069910453228348518
0.35871118801201995 0.070785389223942688

0.35871118801201995 0.070785389223942688
0.36183041573386365 0.071658518697382892

0.36183041573386365 0.071658518697382892
0.3621097150028364 0.071742237602404002

0.3621097150028364 0.071742237602404002
0.3649496434557073 0.072544236550485711

0.3649496434557073 0.072544236550485711
0.36806887117755094 0.073425571879550899

0.36806887117755094 0.073425571879550899
0.37118809889939458 0.074301668705953228

0.37118809889939458 0.074301668705953228
0.37315343496772679 0.074861465324247659

0.37315343496772679 0.074861465324247659
0.37430732662123822 0.075196309420732008

0.37430732662123822 0.075196309420732008
0.37742655434308187 0.076064529569409595

0.37742655434308187 0.076064529569409595
0.38054578206492556 0.076938965505913878

0.38054578206492556 0.076938965505913878
0.38366500978676921 0.077801497784894966

0.38366500978676921 0.077801497784894966
0.38428068148532979 0.077980693046091315

0.38428068148532979 0.077980693046091315
0.38678423750861285 0.078678555298611536

0.38678423750861285 0.078678555298611536
0.38990346523045649 0.079541329290819779

0.38990346523045649 0.079541329290819779
0.39302269295230013 0.080402317987430805

0.39302269295230013 0.080402317987430805
0.39554066620790418 0.081099920767934958

0.39554066620790418 0.081099920767934958
0.39614192067414378 0.081273901716278171

0.39614192067414378 0.081273901716278171
0.39926114839598748 0.082128654892592898

0.39926114839598748 0.082128654892592898
0.40238037611783112 0.08299318999285632

0.40238037611783112 0.08299318999285632
0.40549960383967476 0.083851559054028538

0.40549960383967476 0.083851559054028538
0.40678545254375903 0.084219148489778614

0.40678545254375903 0.084219148489778614
0.4086188315615184 0.084736839494393257

0.4086188315615184 0.084736839494393257
0.41173805928336205 0.085604501532560592

0.41173805928336205 0.085604501532560592
0.41485728700520569 0.086481560414311279

0.41485728700520569 0.086481560414311279
0.41789724269232015 0.087338376211622271

0.41789724269232015 0.087338376211622271
0.41797651472704939 0.087362321875830193

0.41797651472704939 0.087362321875830193
0.42109574244889303 0.088241038238501629

0.42109574244889303 0.088241038238501629
0.42421497017073667 0.089121532198366146

0.42421497017073667 0.089121532198366146
0.42733419789258031 0.089992870407062567

0.42733419789258031 0.089992870407062567
0.42896299014600447 0.090457603933465913

0.42896299014600447 0.090457603933465913
0.43045342561442396 0.090884148998821149

0.43045342561442396 0.090884148998821149
0.4335726533362676 0.091747924061641006

0.4335726533362676 0.091747924061641006
0.4366918810581113 0.092615162234708559

0.4366918810581113 0.092615162234708559
0.43981110877995494 0.093471306610604613

0.43981110877995494 0.093471306610604613
0.44017465820121837 0.09357683165530957

0.44017465820121837 0.09357683165530957
0.44293033650179858 0.09433440002312711

0.44293033650179858 0.09433440002312711
0.44604956422364223 0.095186144661866479

0.44604956422364223 0.095186144661866479
0.44916879194548587 0.09603283638187983

0.44916879194548587 0.09603283638187983
0.45160439636523964 0.096696059377153226

0.45160439636523964 0.096696059377153226
0.45228801966732957 0.096889601153442237

0.45228801966732957 0.096889601153442237
0.45540724738917321 0.09772753632759737

0.45540724738917321 0.09772753632759737
0.45852647511101685 0.098574424681809089

0.45852647511101685 0.098574424681809089
0.46164570283286049 0.099415556576027297

0.46164570283286049 0.099415556576027297
0.46308012411391858 0.099815287098996869

0.46308012411391858 0.099815287098996869
0.46476493055470414 0.10028224431721652

0.46476493055470414 0.10028224431721652
0.46788415827654778 0.10113090642690677

0.46788415827654778 0.10113090642690677
0.47100338599839148 0.10198960897739329

0.47100338599839148 0.10198960897739329
0.47412261372023512 0.10284565211050237

0.47412261372023512 0.10284565211050237
0.47442590554677599 0.10293451482084053

0.47442590554677599 0.10293451482084053
0.47724184144207876 0.10371363436305139

0.47724184144207876 0.10371363436305139
0.48036106916392241 0.10457607145321197

0.48036106916392241 0.10457607145321197
0.48348029688576605 0.10543459559210311

0.48348029688576605 0.10543459559210311
0.48571446211099106 0.10605374254268418

0.48571446211099106 0.10605374254268418
0.48659952460760969 0.10630656230225277

0.48659952460760969 0.10630656230225277
0.48971875232945339 0.10715396512621521

0.48971875232945339 0.10715396512621521
0.49283798005129703 0.10800641391947165

0.49283798005129703 0.10800641391947165
0.49595720777314067 0.10884585404443319

0.49595720777314067 0.10884585404443319
0.4971349599890828 0.10917297026452782

0.4971349599890828 0.10917297026452782
0.49907643549498437 0.10970310164435851

0.49907643549498437 0.10970310164435851
0.50219566321682796 0.11053741441151554

0.50219566321682796 0.11053741441151554
0.50531489093867166 0.11137290277290321

0.50531489093867166 0.11137290277290321
0.50843411866051524 0.11220019884780984

0.50843411866051524 0.11220019884780984
0.50876146722399163 0.11229219798637148

0.50876146722399163 0.11229219798637148
0.51155334638235894 0.1130355166554016

0.51155334638235894 0.1130355166554016
0.51467257410420253 0.11386327416333189

0.51467257410420253 0.11386327416333189
0.51779180182604623 0.11468967864238158

0.51779180182604623 0.11468967864238158
0.52051253895909089 0.11541142570821514

0.52051253895909089 0.11541142570821514
0.52091102954788993 0.11552262469164171

0.52091102954788993 0.11552262469164171
0.52403025726973351 0.11634379519846769

0.52403025726973351 0.11634379519846769
0.52714948499157721 0.11717135907521598

0.52714948499157721 0.11717135907521598
0.5302687127134208 0.1179950825841966

0.5302687127134208 0.1179950825841966
0.5322672467034435 0.11853065343005878

0.5322672467034435 0.11853065343005878
0.5333879404352645 0.11883675442474595

0.5333879404352645 0.11883675442474595
0.53650716815710819 0.11965748627555221

0.53650716815710819 0.11965748627555221
0.53962639587895178 0.12048658162569625

0.53962639587895178 0.12048658162569625
0.54274562360079548 0.12130666119793776

0.54274562360079548 0.12130666119793776
0.5440115400780724 0.12164988115190244

0.5440115400780724 0.12164988115190244
0.54586485132263907 0.12214597108628551

0.54586485132263907 0.12214597108628551
0.54898407904448276 0.12296319807199739

0.54898407904448276 0.12296319807199739
0.55210330676632646 0.12378134270672779

0.55210330676632646 0.12378134270672779
0.55522253448817005 0.12458704200167767

0.55522253448817005 0.12458704200167767
0.55589791575431846 0.12476910887374609

0.55589791575431846 0.12476910887374609
0.55834176221001375 0.12540351642268432

0.55834176221001375 0.12540351642268432
0.56146098993185733 0.12620325427311335

0.56146098993185733 0.12620325427311335
0.56458021765370103 0.12699965668596064

0.56458021765370103 0.12699965668596064
0.56769944537554462 0.12778675806594061

0.56769944537554462 0.12778675806594061
0.56808152130294143 0.12788833659558974

0.56808152130294143 0.12788833659558974
0.57081867309738832 0.12858118786027611

0.57081867309738832 0.12858118786027611
0.57393790081923202 0.12936748633351475

0.57393790081923202 0.12936748633351475
0.5770571285410756 0.13015407053749389

0.5770571285410756 0.13015407053749389
0.5801763562629193 0.13093781745603117

0.5801763562629193 0.13093781745603117
0.58043753761872741 0.13100756431743341

0.58043753761872741 0.13100756431743341
0.58329558398476289 0.13173064105403942

0.58329558398476289 0.13173064105403942
0.58641481170660659 0.13252052074235951

0.58641481170660659 0.13252052074235951
0.58953403942845028 0.13331182835423713

0.58953403942845028 0.13331182835423713
0.59265326715029387 0.13410179046752574

0.59265326715029387 0.13410179046752574
0.59274605345047593 0.13412679203927705

0.59274605345047593 0.13412679203927705
0.59577249487213757 0.13489363470100083

0.59577249487213757 0.13489363470100083
0.59889172259398116 0.13568139845419536

0.59889172259398116 0.13568139845419536
0.60201095031582486 0.13646520576211701

0.60201095031582486 0.13646520576211701
0.60513017803766844 0.13724337758457802

0.60513017803766844 0.13724337758457802
0.60514019358638016 0.13724601976112069

0.60514019358638016 0.13724601976112069
0.60824940575951214 0.13801561476097104

0.60824940575951214 0.13801561476097104
0.61136863348135584 0.13878121953654926

0.61136863348135584 0.13878121953654926
0.61448786120319943 0.13954041049758653

0.61448786120319943 0.13954041049758653
0.61760708892504312 0.14029009048647995

0.61760708892504312 0.14029009048647995
0.617904916241236 0.14036524748296436

0.617904916241236 0.14036524748296436
0.62072631664688671 0.14104253052202201

0.62072631664688671 0.14104253052202201
0.62384554436873041 0.14178655682395513

0.62384554436873041 0.14178655682395513
0.62696477209057411 0.14252801845830007

0.62696477209057411 0.14252801845830007
0.63008399981241769 0.14326070716779735

0.63008399981241769 0.14326070716779735
0.63100277984525932 0.143484475204808

0.63100277984525932 0.143484475204808
0.63320322753426139 0.14400726945722511

0.63320322753426139 0.14400726945722511
0.63632245525610498 0.14473996126958102

0.63632245525610498 0.14473996126958102
0.63944168297794868 0.14547325747396536

0.63944168297794868 0.14547325747396536
0.64256091069979226 0.14619901049676073

0.64256091069979226 0.14619901049676073
0.64427716130597346 0.14660370292665165

0.64427716130597346 0.14660370292665165
0.64568013842163596 0.1469364397081829

0.64568013842163596 0.1469364397081829
0.64879936614347966 0.14765292226949497

0.64879936614347966 0.14765292226949497
0.65191859386532325 0.14837006539146927

0.65191859386532325 0.14837006539146927
0.65503782158716695 0.14908140040069889

0.65503782158716695 0.14908140040069889
0.65787179791659978 0.14972293064849532

0.65787179791659978 0.14972293064849532
0.65815704930901053 0.14979061680026134

0.65815704930901053 0.14979061680026134
0.66127627703085423 0.15048756393813059

0.66127627703085423 0.15048756393813059
0.66439550475269793 0.15118248045598184

0.66439550475269793 0.15118248045598184
0.66751473247454152 0.15187276510102529

0.66751473247454152 0.15187276510102529
0.67063396019638521 0.15255382667267661

0.67063396019638521 0.15255382667267661
0.67192553169751135 0.15284215837033896

0.67192553169751135 0.15284215837033896
0.6737531879182288 0.15324623763935827

0.6737531879182288 0.15324623763935827
0.6768724156400725 0.15392264472841477

0.6768724156400725 0.15392264472841477
0.6799916433619162 0.15460000608724439

0.6799916433619162 0.15460000608724439
0.68311087108375979 0.15527462215499999

0.68311087108375979 0.15527462215499999
0.68623009880560348 0.15594522860435242

0.68623009880560348 0.15594522860435242
0.68630172841347248 0.1559613860921826

0.68630172841347248 0.1559613860921826
0.68934932652744707 0.15661362429769776

0.68934932652744707 0.15661362429769776
0.69246855424929077 0.15727679528854846

0.69246855424929077 0.15727679528854846
0.69558778197113436 0.15793521382783773

0.69558778197113436 0.15793521382783773
0.69870700969297805 0.15858708450269746

0.69870700969297805 0.15858708450269746
0.70107576308160469 0.15908061381402627

0.70107576308160469 0.15908061381402627
0.70182623741482175 0.15924128027871656

0.70182623741482175 0.15924128027871656
0.70494546513666534 0.15987900399187277

0.70494546513666534 0.15987900399187277
0.70806469285850904 0.16051631639051647

0.70806469285850904 0.16051631639051647
0.71118392058035262 0.1611489314358924

0.71118392058035262 0.1611489314358924
0.71430314830219632 0.16177532689133683

0.71430314830219632 0.16177532689133683
0.71641117806987065 0.16219984153586992

0.71641117806987065 0.16219984153586992
0.71742237602404002 0.16240711457396956

0.71742237602404002 0.16240711457396956
0.72054160374588361 0.16302370229113702

0.72054160374588361 0.16302370229113702
0.72366083146772731 0.16364155807571423

0.72366083146772731 0.16364155807571423
0.72678005918957089 0.16425593656845358

0.72678005918957089 0.16425593656845358
0.72989928691141459 0.16486517118858748

0.72989928691141459 0.16486517118858748
0.73222684191321996 0.16531906925771356

0.73222684191321996 0.16531906925771356
0.73301851463325818 0.16547722045717289

0.73301851463325818 0.16547722045717289
0.73613774235510188 0.16607444759007384

0.73613774235510188 0.16607444759007384
0.73925697007694557 0.16667051803360056

0.73925697007694557 0.16667051803360056
0.74237619779878916 0.16726056924700372

0.74237619779878916 0.16726056924700372
0.74549542552063286 0.16784430027636502

0.74549542552063286 0.16784430027636502
0.74861465324247645 0.1684205326567996

0.74861465324247645 0.1684205326567996
0.74870767620737511 0.16843829697955723

0.74870767620737511 0.16843829697955723
0.75173388096432014 0.16899121519874358

0.75173388096432014 0.16899121519874358
0.75485310868616384 0.16955384770750556

0.75485310868616384 0.16955384770750556
0.75797233640800743 0.17010908153523394

0.75797233640800743 0.17010908153523394
0.76109156412985113 0.17065694127353884

0.76109156412985113 0.17065694127353884
0.76421079185169472 0.17119585931890399

0.76421079185169472 0.17119585931890399
0.76631835584085406 0.17155752470140087

0.76631835584085406 0.17155752470140087
0.76733001957353841 0.1717337287062321

0.76733001957353841 0.1717337287062321
0.77044924729538211 0.17225516284038211

0.77044924729538211 0.17225516284038211
0.7735684750172257 0.17277180720302135

0.7735684750172257 0.17277180720302135
0.7766877027390694 0.17328038255400491

0.7766877027390694 0.17328038255400491
0.77980693046091298 0.173781046961555

0.77980693046091298 0.173781046961555
0.78292615818275668 0.17427348498014097

0.78292615818275668 0.17427348498014097
0.78551527985874758 0.17467675242324451

0.78551527985874758 0.17467675242324451
0.78604538590460027 0.17476147060906722

0.78604538590460027 0.17476147060906722
0.78916461362644397 0.17523728997717961

0.78916461362644397 0.17523728997717961
0.79228384134828767 0.17570865626679222

0.79228384134828767 0.17570865626679222
0.79540306907013125 0.17617372322321453

0.79540306907013125 0.17617372322321453
0.79852229679197495 0.17663309863759835

0.79852229679197495 0.17663309863759835
0.80164152451381854 0.17708741076466697

0.80164152451381854 0.17708741076466697
0.80476075223566224 0.17753541812037651

0.80476075223566224 0.17753541812037651
0.8065758279321712 0.17779598014508818

0.8065758279321712 0.17779598014508818
0.80787997995750593 0.17798426776720602

0.80787997995750593 0.17798426776720602
0.81099920767934952 0.17842215565401828

0.81099920767934952 0.17842215565401828
0.81411843540119322 0.17885717763481959

0.81411843540119322 0.17885717763481959
0.81723766312303681 0.17928692644997848

0.81723766312303681 0.17928692644997848
0.8203568908448805 0.17971108654780893

0.8203568908448805 0.17971108654780893
0.82347611856672409 0.18012910438197238

0.82347611856672409 0.18012910438197238
0.82659534628856779 0.1805404050753675

0.82659534628856779 0.1805404050753675
0.82948844973132652 0.18091520786693183

0.82948844973132652 0.18091520786693183
0.82971457401041149 0.1809453270136421

0.82971457401041149 0.1809453270136421
0.83283380173225507 0.18134070489117851

0.83283380173225507 0.18134070489117851
0.83595302945409877 0.18172884832083724

0.83595302945409877 0.18172884832083724
0.83907225717594236 0.18210862807987002

0.83907225717594236 0.18210862807987002
0.84219148489778606 0.18247996432430247

0.84219148489778606 0.18247996432430247
0.84531071261962976 0.18284287984945616

0.84531071261962976 0.18284287984945616
0.84842994034147334 0.18319738606689959

0.84842994034147334 0.18319738606689959
0.85154916806331704 0.18354365310652346

0.85154916806331704 0.18354365310652346
0.85466839578516063 0.18388069743605001

0.85466839578516063 0.18388069743605001
0.85611017135464851 0.18403443558877547

0.85611017135464851 0.18403443558877547
0.85778762350700433 0.1842128840559277

0.85778762350700433 0.1842128840559277
0.86090685122884802 0.18453344975572855

0.86090685122884802 0.18453344975572855
0.86402607895069161 0.18484642828442102

0.86402607895069161 0.18484642828442102
0.86714530667253531 0.18515080531288533

0.86714530667253531 0.18515080531288533
0.8702645343943789 0.18544638730808502

0.8702645343943789 0.18544638730808502
0.8733837621162226 0.18573299726613182

0.8733837621162226 0.18573299726613182
0.87650298983806618 0.18601051637618343

0.87650298983806618 0.18601051637618343
0.87962221755990988 0.18627873787286262

0.87962221755990988 0.18627873787286262
0.88274144528175358 0.1865374587250786

0.88274144528175358 0.1865374587250786
0.88586067300359717 0.18678669281592253

0.88586067300359717 0.18678669281592253
0.88897990072544086 0.18702606248586612

0.88897990072544086 0.18702606248586612
0.89070132235656962 0.18715366331061914

0.89070132235656962 0.18715366331061914
0.89209912844728445 0.18725743508571444

0.89209912844728445 0.18725743508571444
0.89521835616912815 0.18747752926150474

0.89521835616912815 0.18747752926150474
0.89833758389097185 0.18768860536674972

0.89833758389097185 0.18768860536674972
0.90145681161281543 0.18789028229991189

0.90145681161281543 0.18789028229991189
0.90457603933465913 0.18808262987544769

0.90457603933465913 0.18808262987544769
0.90769526705650272 0.18826565170843446

0.90769526705650272 0.18826565170843446
0.91081449477834642 0.18843930636909584

0.91081449477834642 0.18843930636909584
0.91393372250019 0.18860344414942332

0.91393372250019 0.18860344414942332
0.9170529502220337 0.1887578536152564

0.9170529502220337 0.1887578536152564
0.9201721779438774 0.1889022432367419

0.9201721779438774 0.1889022432367419
0.92329140566572099 0.18903624466734401

0.92329140566572099 0.18903624466734401
0.92641063338756469 0.18915950535008577

0.92641063338756469 0.18915950535008577
0.92952986110940827 0.18927176429218676

0.92952986110940827 0.18927176429218676
0.93264908883125197 0.18937291584967442

0.93264908883125197 0.18937291584967442
0.93576831655309567 0.18946301086516346

0.93576831655309567 0.18946301086516346
0.93888754427493926 0.18954219977551365

0.93888754427493926 0.18954219977551365
0.94200677199678295 0.1896106830557962

0.94200677199678295 0.1896106830557962
0.94512599971862654 0.18966870540826503

0.94512599971862654 0.18966870540826503
0.94824522744047024 0.18971655336930104

0.94824522744047024 0.18971655336930104
0.95136445516231394 0.18975449602104824

0.95136445516231394 0.18975449602104824
0.95448368288415752 0.18978268741282112

0.95448368288415752 0.18978268741282112
0.95760291060600122 0.18980112407289385

0.95760291060600122 0.18980112407289385
0.96072213832784481 0.18980970534332009

0.96072213832784481 0.18980970534332009
0.96384136604968851 0.1898083145576327

0.96384136604968851 0.1898083145576327
0.9669605937715321 0.1897967952120822

0.9669605937715321 0.1897967952120822
0.97007982149337579 0.1897748265296291

0.97007982149337579 0.1897748265296291
0.97319904921521949 0.18974186097457929

0.97319904921521949 0.18974186097457929
0.97631827693706308 0.18969724166271879

0.97631827693706308 0.18969724166271879
0.97943750465890678 0.1896403981938167

0.97943750465890678 0.1896403981938167
0.98255673238075036 0.18957091208376345

0.98255673238075036 0.18957091208376345
0.98567596010259406 0.18948840286175939

0.98567596010259406 0.18948840286175939
0.98879518782443776 0.18939242612987434

0.98879518782443776 0.18939242612987434
0.99191441554628135 0.18928258601840128

0.99191441554628135 0.18928258601840128
0.99503364326812505 0.18915879848113379

0.99503364326812505 0.18915879848113379
0.99815287098996863 0.18902138000888316

0.99815287098996863 0.18902138000888316
1.0012720987118124 0.18887083730419099

1.0012720987118124 0.18887083730419099
1.0043913264336561 0.18870760926399313

1.0043913264336561 0.18870760926399313
1.0075105541554998 0.18853182590828396

1.0075105541554998 0.18853182590828396
1.0106297818773433 0.18834356814003383

1.0106297818773433 0.18834356814003383
1.013749009599187 0.18814328018786319

1.013749009599187 0.18814328018786319
1.0168682373210307 0.18793139819035784

1.0168682373210307 0.18793139819035784
1.0199874650428744 0.18770777489558321

1.0199874650428744 0.18770777489558321
1.0231066927647179 0.18747188478076054

1.0231066927647179 0.18747188478076054
1.0262259204865616 0.18722349076667122

1.0262259204865616 0.18722349076667122
1.0270484410291785 0.18715366331061914

1.0270484410291785 0.18715366331061914
1.0293451482084053 0.18696053366031506

1.0293451482084053 0.18696053366031506
1.032464375930249 0.18668523366417741

1.032464375930249 0.18668523366417741
1.0355836036520927 0.18639412758835208

1.0355836036520927 0.18639412758835208
1.0387028313739362 0.18608817302235658

1.0387028313739362 0.18608817302235658
1.0418220590957799 0.18576697151768792

1.0418220590957799 0.18576697151768792
1.0449412868176235 0.18542956119865714

1.0449412868176235 0.18542956119865714
1.0480605145394672 0.18507545726295266

1.0480605145394672 0.18507545726295266
1.0511797422613109 0.18470539175039385

1.0511797422613109 0.18470539175039385
1.0542989699831544 0.1843211569481282

1.0542989699831544 0.1843211569481282
1.056531134189834 0.18403443558877547

1.056531134189834 0.18403443558877547
1.0574181977049981 0.18391882205069876

1.0574181977049981 0.18391882205069876
1.0605374254268418 0.18350618712798339

1.0605374254268418 0.18350618712798339
1.0636566531486855 0.18307697764994685

1.0636566531486855 0.18307697764994685
1.0667758808705292 0.18263337660637094

1.0667758808705292 0.18263337660637094
1.0698951085923727 0.18217508138344127

1.0698951085923727 0.18217508138344127
1.0730143363142164 0.18170151080615257

1.0730143363142164 0.18170151080615257
1.0761335640360601 0.18121560183171456

1.0761335640360601 0.18121560183171456
1.0779902829961534 0.18091520786693183

1.0779902829961534 0.18091520786693183
1.0792527917579038 0.18070924444665468

1.0792527917579038 0.18070924444665468
1.0823720194797475 0.18019587450364125

1.0823720194797475 0.18019587450364125
1.085491247201591 0.17966411511084246

1.085491247201591 0.17966411511084246
1.0886104749234347 0.17911681299702648

1.0886104749234347 0.17911681299702648
1.0917297026452784 0.17855271868021513

1.0917297026452784 0.17855271868021513
1.0948489303671221 0.17797439582998803

1.0948489303671221 0.17797439582998803
1.0957561898635142 0.17779598014508818

1.0957561898635142 0.17779598014508818
1.0979681580889658 0.17736952844110584

1.0979681580889658 0.17736952844110584
1.1010873858108092 0.17675654474108424

1.1010873858108092 0.17675654474108424
1.1042066135326529 0.17612315180217061

1.1042066135326529 0.17612315180217061
1.1073258412544966 0.17547158385031172

1.1073258412544966 0.17547158385031172
1.1104450689763403 0.17480611474995222

1.1104450689763403 0.17480611474995222
1.1110118174688619 0.17467675242324451

1.1110118174688619 0.17467675242324451
1.1135642966981838 0.17411428294599601

1.1135642966981838 0.17411428294599601
1.1166835244200275 0.17341344384335375

1.1166835244200275 0.17341344384335375
1.1198027521418712 0.1726912423004445

1.1198027521418712 0.1726912423004445
1.1229219798637149 0.17195590796994115

1.1229219798637149 0.17195590796994115
1.1245435707750768 0.17155752470140087

1.1245435707750768 0.17155752470140087
1.1260412075855586 0.17118848047392887

1.1260412075855586 0.17118848047392887
1.1291604353074021 0.17042230459355023

1.1291604353074021 0.17042230459355023
1.1322796630292458 0.16962921871150016

1.1322796630292458 0.16962921871150016
1.1353988907510895 0.16882236036682849

1.1353988907510895 0.16882236036682849
1.136809884889056 0.16843829697955723

1.136809884889056 0.16843829697955723
1.1385181184729332 0.16797602277043636

1.1385181184729332 0.16797602277043636
1.1416373461947769 0.16713161072068122

1.1416373461947769 0.16713161072068122
1.1447565739166203 0.16625944502675549

1.1447565739166203 0.16625944502675549
1.147875801638464 0.16536864077922275

1.147875801638464 0.16536864077922275
1.1480338827305774 0.16531906925771356

1.1480338827305774 0.16531906925771356
1.1509950293603077 0.16445097951011281

1.1509950293603077 0.16445097951011281
1.1541142570821514 0.16351689985704107

1.1541142570821514 0.16351689985704107
1.1572334848039951 0.16257143448304287

1.1572334848039951 0.16257143448304287
1.1583830022825292 0.16219984153586992

1.1583830022825292 0.16219984153586992
1.1603527125258386 0.16157592124272394

1.1603527125258386 0.16157592124272394
1.1634719402476823 0.16058351006410648

1.1634719402476823 0.16058351006410648
1.166591167969526 0.15957388808120956

1.166591167969526 0.15957388808120956
1.1680384919095146 0.15908061381402627

1.1680384919095146 0.15908061381402627
1.1697103956913697 0.1585139135833652

1.1697103956913697 0.1585139135833652
1.1728296234132134 0.15746458297069352

1.1728296234132134 0.15746458297069352
1.1759488511350569 0.15639450762004578

1.1759488511350569 0.15639450762004578
1.1771344873595944 0.1559613860921826

1.1771344873595944 0.1559613860921826
1.1790680788569006 0.15526987181581109

1.1790680788569006 0.15526987181581109
1.1821873065787443 0.15416121320819992

1.1821873065787443 0.15416121320819992
1.185306534300588 0.15303084057518113

1.185306534300588 0.15303084057518113
1.185776989781465 0.15284215837033896

1.185776989781465 0.15284215837033896
1.1884257620224317 0.15184851425138424

1.1884257620224317 0.15184851425138424
1.1915449897442751 0.150665668446261

1.1915449897442751 0.150665668446261
1.1939568322831628 0.14972293064849532

1.1939568322831628 0.14972293064849532
1.1946642174661188 0.14943052826486927

1.1946642174661188 0.14943052826486927
1.1977834451879625 0.14820890697329386

1.1977834451879625 0.14820890697329386
1.2009026729098062 0.14696027882201637

1.2009026729098062 0.14696027882201637
1.2017121121495935 0.14660370292665165

1.2017121121495935 0.14660370292665165
1.2040219006316497 0.14563646080756387

1.2040219006316497 0.14563646080756387
1.2071411283534934 0.14433323053445096

1.2071411283534934 0.14433323053445096
1.2090733353476975 0.143484475204808

1.2090733353476975 0.143484475204808
1.2102603560753371 0.1429484740518755

1.2102603560753371 0.1429484740518755
1.2133795837971808 0.14159907728051274

1.2133795837971808 0.14159907728051274
1.2161285525663579 0.14036524748296436

1.2161285525663579 0.14036524748296436
1.2164988115190245 0.14018332696094249

1.2164988115190245 0.14018332696094249
1.219618039240868 0.13877822085125774

1.219618039240868 0.13877822085125774
1.2227372669627117 0.13734332075521369

1.2227372669627117 0.13734332075521369
1.2229227596778127 0.13724601976112069

1.2229227596778127 0.13724601976112069
1.2258564946845554 0.13586539120625615

1.2258564946845554 0.13586539120625615
1.2289757224063991 0.1343955355578326

1.2289757224063991 0.1343955355578326
1.2294810980902471 0.13412679203927705

1.2294810980902471 0.13412679203927705
1.2320949501282428 0.13285051819832144

1.2320949501282428 0.13285051819832144
1.2352141778500862 0.13133682724178078

1.2352141778500862 0.13133682724178078
1.2358146495439635 0.13100756431743341

1.2358146495439635 0.13100756431743341
1.2383334055719299 0.12973291786365374

1.2383334055719299 0.12973291786365374
1.2414526332937736 0.12816728465380076

1.2414526332937736 0.12816728465380076
1.241938925216735 0.12788833659558974

1.241938925216735 0.12788833659558974
1.2445718610156173 0.12651263129674845

1.2445718610156173 0.12651263129674845
1.247691088737461 0.12487962700858685

1.247691088737461 0.12487962700858685
1.2478726288706545 0.12476910887374609

1.2478726288706545 0.12476910887374609
1.2508103164593045 0.12318965192701657

1.2508103164593045 0.12318965192701657
1.2536221704409631 0.12164988115190244

1.2536221704409631 0.12164988115190244
1.2539295441811482 0.12146056724955612

1.2539295441811482 0.12146056724955612
1.2570487719029919 0.1197616787073216

1.2570487719029919 0.1197616787073216
1.2591880780757245 0.11853065343005878

1.2591880780757245 0.11853065343005878
1.2601679996248356 0.11793393110530836

1.2601679996248356 0.11793393110530836
1.2632872273466793 0.11620605413300152

1.2632872273466793 0.11620605413300152
1.2645636010420316 0.11541142570821514

1.2645636010420316 0.11541142570821514
1.2664064550685228 0.11429435056185025

1.2664064550685228 0.11429435056185025
1.2695256827903665 0.11246426528781284

1.2695256827903665 0.11246426528781284
1.2697750777598507 0.11229219798637148

1.2697750777598507 0.11229219798637148
1.2726449105122102 0.11054158970827567

1.2726449105122102 0.11054158970827567
1.2748034513819477 0.10917297026452782

1.2748034513819477 0.10917297026452782
1.2757641382340539 0.10852393288583453

1.2757641382340539 0.10852393288583453
1.2788833659558976 0.10663817319427614

1.2788833659558976 0.10663817319427614
1.2797206892097681 0.10605374254268418

1.2797206892097681 0.10605374254268418
1.2820025936777411 0.10457304685972693

1.2820025936777411 0.10457304685972693
1.284517629047953 0.10293451482084053

1.284517629047953 0.10293451482084053
1.2851218213995848 0.10250061661141695

1.2851218213995848 0.10250061661141695
1.2882410491214284 0.10053394159477783

1.2882410491214284 0.10053394159477783
1.2892433455738042 0.099815287098996869

1.2892433455738042 0.099815287098996869
1.2913602768432721 0.098381871662827441

1.2913602768432721 0.098381871662827441
1.2938639312375106 0.096696059377153226

1.2938639312375106 0.096696059377153226
1.2944795045651156 0.096240200688974514

1.2944795045651156 0.096240200688974514
1.2975987322869593 0.094200894966770185

1.2975987322869593 0.094200894966770185
1.2984282459948715 0.09357683165530957

1.2984282459948715 0.09357683165530957
1.300717960008803 0.091971231445401758

1.300717960008803 0.091971231445401758
1.3028398168176674 0.090457603933465913

1.3028398168176674 0.090457603933465913
1.3038371877306467 0.089703770085562226

1.3038371877306467 0.089703770085562226
1.3069564154524904 0.087567931540505253

1.3069564154524904 0.087567931540505253
1.3072454315711186 0.087338376211622271

1.3072454315711186 0.087338376211622271
1.3100756431743339 0.085315728115257936

1.3100756431743339 0.085315728115257936
1.3114959827123867 0.084219148489778614

1.3114959827123867 0.084219148489778614
1.3131948708961776 0.08292285826348135

1.3131948708961776 0.08292285826348135
1.3156622255899131 0.081099920767934958

1.3156622255899131 0.081099920767934958
1.3163140986180213 0.080577229916317925

1.3163140986180213 0.080577229916317925
1.319433326339865 0.078345509491383664

1.319433326339865 0.078345509491383664
1.3198787825198164 0.077980693046091315

1.3198787825198164 0.077980693046091315
1.3225525540617087 0.075976747480271847

1.3225525540617087 0.075976747480271847
1.3239439960682235 0.074861465324247659

1.3239439960682235 0.074861465324247659
1.3256717817835522 0.073494815125052071

1.3256717817835522 0.073494815125052071
1.3279387094377526 0.071742237602404002

1.3279387094377526 0.071742237602404002
1.3287910095053959 0.071042219265703643

1.3287910095053959 0.071042219265703643
1.3319102372272396 0.068705710878089438

1.3319102372272396 0.068705710878089438
1.3320081582477838 0.068623009880560346

1.3320081582477838 0.068623009880560346
1.3350294649490833 0.066318554366058671

1.3350294649490833 0.066318554366058671
1.3360069412179627 0.065503782158716703

1.3360069412179627 0.065503782158716703
1.338148692670927 0.063795952630900571

1.338148692670927 0.063795952630900571
1.3398796168684166 0.06238455443687304

1.3398796168684166 0.06238455443687304
1.3412679203927704 0.061236303981130689

1.3412679203927704 0.061236303981130689
1.3437672997192627 0.05926532671502939

1.3437672997192627 0.05926532671502939
1.3443871481146141 0.05874061650430687

1.3443871481146141 0.05874061650430687
1.3475063758364578 0.056355437178468033

1.3475063758364578 0.056355437178468033
1.3477508791378983 0.056146098993185733

1.3477508791378983 0.056146098993185733
1.3506256035583015 0.053896868125689959

1.3506256035583015 0.053896868125689959
1.3516562009327755 0.053026871271342084

1.3516562009327755 0.053026871271342084
1.3537448312801452 0.051331509490190649

1.3537448312801452 0.051331509490190649
1.3554736974802282 0.049907643549498434

1.3554736974802282 0.049907643549498434
1.3568640590019887 0.048748264711136656

1.3568640590019887 0.048748264711136656
1.3593320565292346 0.046788415827654778

1.3593320565292346 0.046788415827654778
1.3599832867238324 0.046235574674790121

1.3599832867238324 0.046235574674790121
1.3631025144456761 0.043843716215475101

1.3631025144456761 0.043843716215475101
1.3633065083402323 0.043669188105811128

1.3633065083402323 0.043669188105811128
1.3662217421675198 0.04140200843393893

1.3662217421675198 0.04140200843393893
1.3672397666670386 0.040549960383967479

1.3672397666670386 0.040549960383967479
1.3693409698893635 0.038865463802000608

1.3693409698893635 0.038865463802000608
1.3711127357708102 0.037430732662123822

1.3711127357708102 0.037430732662123822
1.372460197611207 0.036322547420528255

1.372460197611207 0.036322547420528255
1.3750641742840208 0.034311504940280173

1.3750641742840208 0.034311504940280173
1.3755794253330507 0.033880893032459836

1.3755794253330507 0.033880893032459836
1.3786986530548944 0.031576750235983816

1.3786986530548944 0.031576750235983816
1.3791640012299611 0.03119227721843652

1.3791640012299611 0.03119227721843652
1.3818178807767381 0.029191630880473256

1.3818178807767381 0.029191630880473256
1.3832330599353242 0.02807304949659287

1.3832330599353242 0.02807304949659287
1.3849371084985815 0.026747023567501724

1.3849371084985815 0.026747023567501724
1.3873683551652787 0.024953821774749217

1.3873683551652787 0.024953821774749217
1.3880563362204252 0.0244073991579602

1.3880563362204252 0.0244073991579602
1.3911755639422689 0.022257415623352955

1.3911755639422689 0.022257415623352955
1.3917195712717214 0.021834594052905568

1.3917195712717214 0.021834594052905568
1.3942947916641126 0.020018925115447207

1.3942947916641126 0.020018925115447207
1.3961190663243201 0.018715366331061915

1.3961190663243201 0.018715366331061915
1.3974140193859563 0.017767012183121281

1.3974140193859563 0.017767012183121281
1.4005332471077998 0.015739097631906278

1.4005332471077998 0.015739097631906278
1.4007272214077005 0.01559613860921826

1.4007272214077005 0.01559613860921826
1.4036524748296435 0.013706972920696638

1.4036524748296435 0.013706972920696638
1.4055380642920294 0.012476910887374609

1.4055380642920294 0.012476910887374609
1.4067717025514872 0.011646130408379928

1.4067717025514872 0.011646130408379928
1.4098909302733309 0.0098134769173125296

1.4098909302733309 0.0098134769173125296
1.4105841505004462 0.0093576831655309556

1.4105841505004462 0.0093576831655309556
1.4130101579951746 0.0078979500935806961

1.4130101579951746 0.0078979500935806961
1.415889939591062 0.0062384554436873043

1.415889939591062 0.0062384554436873043
1.4161293857170181 0.0060827312963282832

1.4161293857170181 0.0060827312963282832
1.4192486134388618 0.0043725853912994581

1.4192486134388618 0.0043725853912994581
1.4215545177667519 0.0031192277218436517

1.4215545177667519 0.0031192277218436517
1.4223678411607055 0.0026477837192460411

1.4223678411607055 0.0026477837192460411
1.4254870688825492 0.0010813828338840396

1.4254870688825492 0.0010813828338840396
1.427634043930333 0

1.427634043930333 0
1.4286062966043929 -0.00051264458529481113

1.4286062966043929 -0.00051264458529481113
1.4317255243262363 -0.0019615078697540591

1.4317255243262363 -0.0019615078697540591
1.4342679424904428 -0.0031192277218436521

1.4342679424904428 -0.0031192277218436521
1.43484475204808 -0.0034013497702636113

1.43484475204808 -0.0034013497702636113
1.4379639797699237 -0.0047281038657124401

1.4379639797699237 -0.0047281038657124401
1.4410832074917674 -0.0059919853114827467

1.4410832074917674 -0.0059919853114827467
1.4416725065373417 -0.0062384554436873043

1.4416725065373417 -0.0062384554436873043
1.4442024352136111 -0.0072297670478324522

1.4442024352136111 -0.0072297670478324522
1.4473216629354546 -0.008382578048078345

1.4473216629354546 -0.008382578048078345
1.4501016631155386 -0.0093576831655309573

1.4501016631155386 -0.0093576831655309573
1.4504408906572983 -0.0094851034621279799

1.4504408906572983 -0.0094851034621279799
1.453560118379142 -0.010509915759866572

1.453560118379142 -0.010509915759866572
1.4566793461009857 -0.011486866151754009

1.4566793461009857 -0.011486866151754009
1.4597985738228294 -0.012408032361396116

1.4597985738228294 -0.012408032361396116
1.4600277502009398 -0.012476910887374609

1.4600277502009398 -0.012476910887374609
1.4629178015446729 -0.013291749359326718

1.4629178015446729 -0.013291749359326718
1.4660370292665166 -0.014126700843196924

1.4660370292665166 -0.014126700843196924
1.4691562569883603 -0.014918794068663005

1.4691562569883603 -0.014918794068663005
1.4719616405158467 -0.015596138609218262

1.4719616405158467 -0.015596138609218262
1.472275484710204 -0.015675622764193937

1.472275484710204 -0.015675622764193937
1.4753947124320475 -0.016386498437810783

1.4753947124320475 -0.016386498437810783
1.4785139401538911 -0.017067411179275599

1.4785139401538911 -0.017067411179275599
1.4816331678757348 -0.017719387791812299

1.4816331678757348 -0.017719387791812299
1.4847523955975785 -0.018340217542815812

1.4847523955975785 -0.018340217542815812
1.4867060242597077 -0.018715366331061911

1.4867060242597077 -0.018715366331061911
1.4878716233194222 -0.01894168621863929

1.4878716233194222 -0.01894168621863929
1.4909908510412657 -0.019504864250994135

1.4909908510412657 -0.019504864250994135
1.4941100787631094 -0.020046173561525299

1.4941100787631094 -0.020046173561525299
1.4972293064849531 -0.020563934254071489

1.4972293064849531 -0.020563934254071489
1.5003485342067968 -0.021058326630452748

1.5003485342067968 -0.021058326630452748
1.5034677619286405 -0.021530133698012339

1.5034677619286405 -0.021530133698012339
1.5055426543377246 -0.021834594052905564

1.5055426543377246 -0.021834594052905564
1.506586989650484 -0.021989615781857513

1.506586989650484 -0.021989615781857513
1.5097062173723277 -0.02242769665028168

1.5097062173723277 -0.02242769665028168
1.5128254450941714 -0.022854503245567013

1.5128254450941714 -0.022854503245567013
1.5159446728160151 -0.023270221300613285

1.5159446728160151 -0.023270221300613285
1.5190639005378588 -0.023678041764481458

1.5190639005378588 -0.023678041764481458
1.5221831282597023 -0.024081321965368215

1.5221831282597023 -0.024081321965368215
1.525302355981546 -0.024482954654148337

1.525302355981546 -0.024482954654148337
1.5284215837033897 -0.024882946442222647

1.5284215837033897 -0.024882946442222647
1.5289548685291126 -0.024953821774749217

1.5289548685291126 -0.024953821774749217
1.5315408114252334 -0.025290248520123706

1.5315408114252334 -0.025290248520123706
1.534660039147077 -0.025700157863459774

1.534660039147077 -0.025700157863459774
1.5377792668689205 -0.026114715097061279

1.5377792668689205 -0.026114715097061279
1.5408984945907642 -0.026536063638628794

1.5408984945907642 -0.026536063638628794
1.5440177223126079 -0.026964336683189198

1.5440177223126079 -0.026964336683189198
1.5471369500344516 -0.027399756110336272

1.5471369500344516 -0.027399756110336272
1.5502561777562953 -0.027841562610009977

1.5502561777562953 -0.027841562610009977
1.5518347504166796 -0.028073049496592867

1.5518347504166796 -0.028073049496592867
1.5533754054781388 -0.028299167949512209

1.5533754054781388 -0.028299167949512209
1.5564946331999825 -0.02876063904846721

1.5564946331999825 -0.02876063904846721
1.5596138609218262 -0.029234850439922876

1.5596138609218262 -0.029234850439922876
1.5627330886436699 -0.029719661585080423

1.5627330886436699 -0.029719661585080423
1.5658523163655134 -0.030216061079467647

1.5658523163655134 -0.030216061079467647
1.5689715440873571 -0.03072554932162706

1.5689715440873571 -0.03072554932162706
1.5717513150816971 -0.03119227721843652

1.5717513150816971 -0.03119227721843652
1.5720907718092008 -0.031251240534288377

1.5720907718092008 -0.031251240534288377
1.5752099995310445 -0.03178555181643937

1.5752099995310445 -0.03178555181643937
1.5783292272528882 -0.032334395036410911

1.5783292272528882 -0.032334395036410911
1.5814484549747316 -0.032897022352017691

1.5814484549747316 -0.032897022352017691
1.5845676826965753 -0.033475699618593618

1.5845676826965753 -0.033475699618593618
1.587686910418419 -0.034067008877989469

1.587686910418419 -0.034067008877989469
1.5889111670843528 -0.034311504940280173

1.5889111670843528 -0.034311504940280173
1.5908061381402627 -0.034686166936172082

1.5908061381402627 -0.034686166936172082
1.5939253658621064 -0.035311789943466232

1.5939253658621064 -0.035311789943466232
1.5970445935839499 -0.035959494099489189

1.5970445935839499 -0.035959494099489189
1.6001638213057936 -0.036628295646798335

1.6001638213057936 -0.036628295646798335
1.6032830490276373 -0.037314307711785677

1.6032830490276373 -0.037314307711785677
1.6037733693276872 -0.037430732662123829

1.6037733693276872 -0.037430732662123829
1.606402276749481 -0.038031002951788698

1.606402276749481 -0.038031002951788698
1.6095215044713247 -0.038760987021188707

1.6095215044713247 -0.038760987021188707
1.6126407321931682 -0.039512594047875021

1.6126407321931682 -0.039512594047875021
1.6157599599150119 -0.040277849857150778

1.6157599599150119 -0.040277849857150778
1.6168023485875089 -0.040549960383967479

1.6168023485875089 -0.040549960383967479
1.6188791876368556 -0.041080971150824923

1.6188791876368556 -0.041080971150824923
1.6219984153586993 -0.041886594591980984

1.6219984153586993 -0.041886594591980984
1.625117643080543 -0.042714064361796145

1.625117643080543 -0.042714064361796145
1.6282368708023864 -0.043551282613862596

1.6282368708023864 -0.043551282613862596
1.6286437079744958 -0.043669188105811135

1.6286437079744958 -0.043669188105811135
1.6313560985242301 -0.044415699012805107

1.6313560985242301 -0.044415699012805107
1.6344753262460738 -0.045286621773741723

1.6344753262460738 -0.045286621773741723
1.6375945539679175 -0.046168055142169227

1.6375945539679175 -0.046168055142169227
1.6397322105435561 -0.046788415827654785

1.6397322105435561 -0.046788415827654785
1.640713781689761 -0.047081311591742829

1.640713781689761 -0.047081311591742829
1.6438330094116047 -0.047982636279070283

1.6438330094116047 -0.047982636279070283
1.6469522371334484 -0.048906494889203407

1.6469522371334484 -0.048906494889203407
1.6500714648552921 -0.049839050998149156

1.6500714648552921 -0.049839050998149156
1.6502817557112028 -0.049907643549498434

1.6502817557112028 -0.049907643549498434
1.6531906925771358 -0.050794444119541045

1.6531906925771358 -0.050794444119541045
1.6563099202989793 -0.051758634528778019

1.6563099202989793 -0.051758634528778019
1.659429148020823 -0.052725645112717212

1.659429148020823 -0.052725645112717212
1.6603392827214074 -0.053026871271342091

1.6603392827214074 -0.053026871271342091
1.6625483757426667 -0.053733956509796156

1.6625483757426667 -0.053733956509796156
1.6656676034645104 -0.0547322805077387

1.6656676034645104 -0.0547322805077387
1.6687868311863541 -0.055734688265336327

1.6687868311863541 -0.055734688265336327
1.6700020471150032 -0.05614609899318574

1.6700020471150032 -0.05614609899318574
1.6719060589081975 -0.056779059806831275

1.6719060589081975 -0.056779059806831275
1.6750252866300412 -0.057802659420792976

1.6750252866300412 -0.057802659420792976
1.6781445143518849 -0.05882705251120695

1.6781445143518849 -0.05882705251120695
1.6794244878435467 -0.05926532671502939

1.6794244878435467 -0.05926532671502939
1.6812637420737286 -0.059885502889065884

1.6812637420737286 -0.059885502889065884
1.6843829697955723 -0.06091037829683997

1.6843829697955723 -0.06091037829683997
1.6875021975174158 -0.061927471126653512

1.6875021975174158 -0.061927471126653512
1.688858494485511 -0.062384554436873046

1.688858494485511 -0.062384554436873046
1.6906214252392595 -0.062972073928724198

1.6906214252392595 -0.062972073928724198
1.6937406529611032 -0.063978907664133236

1.6937406529611032 -0.063978907664133236
1.6968598806829469 -0.064974618062758741

1.6968598806829469 -0.064974618062758741
1.6984938232387496 -0.065503782158716689

1.6984938232387496 -0.065503782158716689
1.6999791084047906 -0.065986359635989034

1.6999791084047906 -0.065986359635989034
1.7030983361266341 -0.066952174163472503

1.7030983361266341 -0.066952174163472503
1.7062175638484778 -0.067911202493683182

1.7062175638484778 -0.067911202493683182
1.7085415407177829 -0.068623009880560346

1.7085415407177829 -0.068623009880560346
1.7093367915703215 -0.068875953764601414

1.7093367915703215 -0.068875953764601414
1.7124560192921652 -0.069802053484016413

1.7124560192921652 -0.069802053484016413
1.7155752470140089 -0.070721499808379593

1.7155752470140089 -0.070721499808379593
1.7186944747358524 -0.071614884354200131

1.7186944747358524 -0.071614884354200131
1.7191206288473631 -0.071742237602403988

1.7191206288473631 -0.071742237602403988
1.721813702457696 -0.072505107757444093

1.721813702457696 -0.072505107757444093
1.7249329301795397 -0.073370156107361986

1.7249329301795397 -0.073370156107361986
1.7280521579013834 -0.074216274963368883

1.7280521579013834 -0.074216274963368883
1.7304699005294468 -0.074861465324247645

1.7304699005294468 -0.074861465324247645
1.7311713856232269 -0.075055635003669408

1.7311713856232269 -0.075055635003669408
1.7342906133450706 -0.075856950159398376

1.7342906133450706 -0.075856950159398376
1.7374098410669143 -0.076644724338569822

1.7374098410669143 -0.076644724338569822
1.740529068788758 -0.077409191614081399

1.740529068788758 -0.077409191614081399
1.7429131423912863 -0.077980693046091301

1.7429131423912863 -0.077980693046091301
1.7436482965106017 -0.078162526895063103

1.7436482965106017 -0.078162526895063103
1.7467675242324452 -0.078879656999623862

1.7467675242324452 -0.078879656999623862
1.7498867519542889 -0.079580844820893504

1.7498867519542889 -0.079580844820893504
1.7530059796761326 -0.080258715843846085

1.7530059796761326 -0.080258715843846085
1.7561252073979763 -0.080907315426700252

1.7561252073979763 -0.080907315426700252
1.7570513567837474 -0.081099920767934958

1.7570513567837474 -0.081099920767934958
1.75924443511982 -0.08154623404149515

1.75924443511982 -0.08154623404149515
1.7623636628416635 -0.082153391732882414

1.7623636628416635 -0.082153391732882414
1.7654828905635072 -0.082737230241307858

1.7654828905635072 -0.082737230241307858
1.7686021182853509 -0.083299172249762674

1.7686021182853509 -0.083299172249762674
1.7717213460071946 -0.083839006288642604

1.7717213460071946 -0.083839006288642604
1.7739849444472569 -0.0842191484897786

1.7739849444472569 -0.0842191484897786
1.7748405737290383 -0.084365513102828069

1.7748405737290383 -0.084365513102828069
1.7779598014508817 -0.084867942538998264

1.7779598014508817 -0.084867942538998264
1.7810790291727254 -0.085358874462082623

1.7810790291727254 -0.085358874462082623
1.7841982568945691 -0.085837164592544701

1.7841982568945691 -0.085837164592544701
1.7873174846164128 -0.086304718203253764

1.7873174846164128 -0.086304718203253764
1.7904367123382565 -0.086763337543508068

1.7904367123382565 -0.086763337543508068
1.7935559400601 -0.087212515137910354

1.7935559400601 -0.087212515137910354
1.7944140529849129 -0.087338376211622257

1.7944140529849129 -0.087338376211622257
1.7966751677819437 -0.087664644665138361

1.7966751677819437 -0.087664644665138361
1.7997943955037874 -0.088109907232484977

1.7997943955037874 -0.088109907232484977
1.8029136232256311 -0.088551967510006699

1.8029136232256311 -0.088551967510006699
1.8060328509474748 -0.088992809087076755

1.8060328509474748 -0.088992809087076755
1.8091520786693183 -0.089432953398725631

1.8091520786693183 -0.089432953398725631
1.812271306391162 -0.089871400727525932

1.812271306391162 -0.089871400727525932
1.8153905341130057 -0.090306427149652035

1.8153905341130057 -0.090306427149652035
1.816450385437673 -0.090457603933465913

1.816450385437673 -0.090457603933465913
1.8185097618348494 -0.09074805026623925

1.8185097618348494 -0.09074805026623925
1.8216289895566928 -0.091186685711343016

1.8216289895566928 -0.091186685711343016
1.8247482172785365 -0.091628853387310888

1.8247482172785365 -0.091628853387310888
1.8278674450003802 -0.092073838096792995

1.8278674450003802 -0.092073838096792995
1.8309866727222239 -0.092521993358037791

1.8309866727222239 -0.092521993358037791
1.8341059004440676 -0.092973795921521718

1.8341059004440676 -0.092973795921521718
1.8372251281659111 -0.093427481705993243

1.8372251281659111 -0.093427481705993243
1.8382175806271062 -0.093576831655309556

1.8382175806271062 -0.093576831655309556
1.8403443558877548 -0.093892630284117665

1.8403443558877548 -0.093892630284117665
1.8434635836095985 -0.094357947444067516

1.8434635836095985 -0.094357947444067516
1.8465828113314422 -0.094829227349932349

1.8465828113314422 -0.094829227349932349
1.8497020390532859 -0.095304861427801341

1.8497020390532859 -0.095304861427801341
1.8528212667751294 -0.095784922853961924

1.8528212667751294 -0.095784922853961924
1.8559404944969731 -0.096269884340981951

1.8559404944969731 -0.096269884340981951
1.8586442440821787 -0.096696059377153212

1.8586442440821787 -0.096696059377153212
1.8590597222188168 -0.096763515914862319

1.8590597222188168 -0.096763515914862319
1.8621789499406605 -0.097259503671730946

1.8621789499406605 -0.097259503671730946
1.8652981776625042 -0.097765209216092303

1.8652981776625042 -0.097765209216092303
1.8684174053843476 -0.098279639845015615

1.8684174053843476 -0.098279639845015615
1.8715366331061913 -0.098803627403640598

1.8715366331061913 -0.098803627403640598
1.874655860828035 -0.099337787154843551

1.874655860828035 -0.099337787154843551
1.8773878703151916 -0.099815287098996869

1.8773878703151916 -0.099815287098996869
1.8777750885498787 -0.099885291468982104

1.8777750885498787 -0.099885291468982104
1.8808943162717224 -0.10043705241722202

1.8808943162717224 -0.10043705241722202
1.8840135439935659 -0.100999669587633

1.8840135439935659 -0.100999669587633
1.8871327717154096 -0.10156970083327831

1.8871327717154096 -0.10156970083327831
1.8902519994372533 -0.10214599098492852

1.8902519994372533 -0.10214599098492852
1.893371227159097 -0.10272296631093722

1.893371227159097 -0.10272296631093722
1.8944793983909001 -0.10293451482084051

1.8944793983909001 -0.10293451482084051
1.8964904548809407 -0.10331321495475347

1.8964904548809407 -0.10331321495475347
1.8996096826027842 -0.10389712010182235

1.8996096826027842 -0.10389712010182235
1.9027289103246279 -0.10448576452955401

1.9027289103246279 -0.10448576452955401
1.9058481380464716 -0.10507544845670894

1.9058481380464716 -0.10507544845670894
1.9089673657683153 -0.10566307666442953

1.9089673657683153 -0.10566307666442953
1.9089673657683153 -0.10566307666442953

1.9089673657683153 -0.10566307666442953
1.9110235199812773 -0.10605374254268417

1.9110235199812773 -0.10605374254268417
1.9120865934901587 -0.10625882098934793

1.9120865934901587 -0.10625882098934793
1.9120865934901587 -0.10625882098934793

1.9120865934901587 -0.10625882098934793
1.9152058212120024 -0.10684273711443376

1.9152058212120024 -0.10684273711443376
1.9183250489338461 -0.10742812553256441

1.9183250489338461 -0.10742812553256441
1.9214442766556898 -0.10800882690990514

1.9214442766556898 -0.10800882690990514
1.9245635043775335 -0.10858224954543266

1.9245635043775335 -0.10858224954543266
1.927682732099377 -0.10914484840568739

1.927682732099377 -0.10914484840568739
1.9278350386537266 -0.10917297026452782

1.9278350386537266 -0.10917297026452782
1.9308019598212207 -0.1096986323952313

1.9308019598212207 -0.1096986323952313
1.9339211875430644 -0.11023868601467708

1.9339211875430644 -0.11023868601467708
1.9370404152649081 -0.11076477948209064

1.9370404152649081 -0.11076477948209064
1.9401596429867518 -0.11127622900921678

1.9401596429867518 -0.11127622900921678
1.9432788707085953 -0.11177404419693619

1.9432788707085953 -0.11177404419693619
1.946398098430439 -0.1122594288301481

1.946398098430439 -0.1122594288301481
1.9466053005207515 -0.11229219798637147

1.9466053005207515 -0.11229219798637147
1.9495173261522827 -0.11273730115233525

1.9495173261522827 -0.11273730115233525
1.9526365538741264 -0.11320403978499748

1.9526365538741264 -0.11320403978499748
1.9557557815959701 -0.1136599322264831

1.9557557815959701 -0.1136599322264831
1.9588750093178136 -0.11410460456157843

1.9588750093178136 -0.11410460456157843
1.9619942370396573 -0.11453769716569431

1.9619942370396573 -0.11453769716569431
1.9651134647615009 -0.11495784525714955

1.9651134647615009 -0.11495784525714955
1.9682326924833446 -0.11536304236374752

1.9682326924833446 -0.11536304236374752
1.9686080952498011 -0.11541142570821512

1.9686080952498011 -0.11541142570821512
1.9713519202051883 -0.11575640903334884

1.9713519202051883 -0.11575640903334884
1.9744711479270318 -0.116132593984567

1.9744711479270318 -0.116132593984567
1.9775903756488755 -0.11649221023454814

1.9775903756488755 -0.11649221023454814
1.9807096033707192 -0.11683519538984605

1.9807096033707192 -0.11683519538984605
1.9838288310925629 -0.11716191454916575

1.9838288310925629 -0.11716191454916575
1.9869480588144066 -0.11747234091907462

1.9869480588144066 -0.11747234091907462
1.9900672865362501 -0.11776640837850151

1.9900672865362501 -0.11776640837850151
1.9931865142580938 -0.11804562162753097

1.9931865142580938 -0.11804562162753097
1.9963057419799375 -0.11831272136629115

1.9963057419799375 -0.11831272136629115
1.9989564180633927 -0.11853065343005878

1.9989564180633927 -0.11853065343005878
1.9994249697017812 -0.11856972084309436

1.9994249697017812 -0.11856972084309436
2.0025441974236244 -0.11881433433074551

2.0025441974236244 -0.11881433433074551
2.0056634251454684 -0.11904889235893651

2.0056634251454684 -0.11904889235893651
2.0087826528673118 -0.1192738483500002

2.0087826528673118 -0.1192738483500002
2.0119018805891553 -0.1194903554861784

2.0119018805891553 -0.1194903554861784
2.0150211083109992 -0.11969935751225667

2.0150211083109992 -0.11969935751225667
2.0181403360328427 -0.11990137108976072

2.0181403360328427 -0.11990137108976072
2.0212595637546866 -0.12009687590732103

2.0212595637546866 -0.12009687590732103
2.0243787914765301 -0.12028633326393899

2.0243787914765301 -0.12028633326393899
2.0274980191983736 -0.12047023713864638

2.0274980191983736 -0.12047023713864638
2.0306172469202175 -0.12064913349381395

2.0306172469202175 -0.12064913349381395
2.033736474642061 -0.12082350902139916

2.033736474642061 -0.12082350902139916
2.0368557023639049 -0.12099422720136396

2.0368557023639049 -0.12099422720136396
2.0399749300857484 -0.12116240461233993

2.0399749300857484 -0.12116240461233993
2.0430941578075918 -0.12132854514426189

2.0430941578075918 -0.12132854514426189
2.0462133855294358 -0.12149347538063809

2.0462133855294358 -0.12149347538063809
2.049170316851733 -0.12164988115190242

2.049170316851733 -0.12164988115190242
2.0493326132512792 -0.12165856885485773

2.0493326132512792 -0.12165856885485773
2.0524518409731232 -0.12182343379583395

2.0524518409731232 -0.12182343379583395
2.0555710686949666 -0.12198802836646734

2.0555710686949666 -0.12198802836646734
2.0586902964168101 -0.12215249590670597

2.0586902964168101 -0.12215249590670597
2.061809524138654 -0.12231689349100547

2.061809524138654 -0.12231689349100547
2.0649287518604975 -0.12248096792550456

2.0649287518604975 -0.12248096792550456
2.0680479795823414 -0.12264433164559153

2.0680479795823414 -0.12264433164559153
2.0711672073041849 -0.12280676422385858

2.0711672073041849 -0.12280676422385858
2.0742864350260284 -0.12296836611131007

2.0742864350260284 -0.12296836611131007
2.0774056627478723 -0.1231296826031469

2.0774056627478723 -0.1231296826031469
2.0805248904697158 -0.12329154603630602

2.0805248904697158 -0.12329154603630602
2.0836441181915597 -0.12345491954672191

2.0836441181915597 -0.12345491954672191
2.0867633459134032 -0.12362055302981088

2.0867633459134032 -0.12362055302981088
2.0898825736352467 -0.12378858406830706

2.0898825736352467 -0.12378858406830706
2.0930018013570906 -0.12395879695147256

2.0930018013570906 -0.12395879695147256
2.0961210290789341 -0.12412988407676412

2.0961210290789341 -0.12412988407676412
2.099240256800778 -0.12429986366445983

2.099240256800778 -0.12429986366445983
2.1023594845226214 -0.12446658077386778

2.1023594845226214 -0.12446658077386778
2.1054787122444649 -0.12462736760093006

2.1054787122444649 -0.12462736760093006
2.1083608911632705 -0.12476910887374608

2.1083608911632705 -0.12476910887374608
2.1085979399663088 -0.12478088577346172

2.1085979399663088 -0.12478088577346172
2.1117171676881523 -0.12492530382260474

2.1117171676881523 -0.12492530382260474
2.1148363954099962 -0.12506004414294847

2.1148363954099962 -0.12506004414294847
2.1179556231318397 -0.12518629083192523

2.1179556231318397 -0.12518629083192523
2.1210748508536832 -0.12530610744003637

2.1210748508536832 -0.12530610744003637
2.1241940785755271 -0.12542121859813257

2.1241940785755271 -0.12542121859813257
2.1273133062973706 -0.12553269395665037

2.1273133062973706 -0.12553269395665037
2.1304325340192141 -0.12564112977117697

2.1304325340192141 -0.12564112977117697
2.133551761741058 -0.12574676580797153

2.133551761741058 -0.12574676580797153
2.1366709894629015 -0.12584928902319245

2.1366709894629015 -0.12584928902319245
2.1397902171847454 -0.12594762182138425

2.1397902171847454 -0.12594762182138425
2.1429094449065889 -0.12604005285216652

2.1429094449065889 -0.12604005285216652
2.1460286726284323 -0.1261247122732681

2.1460286726284323 -0.1261247122732681
2.1491479003502763 -0.12620007232728048

2.1491479003502763 -0.12620007232728048
2.1522671280721197 -0.12626524963254809

2.1522671280721197 -0.12626524963254809
2.1553863557939636 -0.12632000545632999

2.1553863557939636 -0.12632000545632999
2.1585055835158071 -0.12636462926963185

2.1585055835158071 -0.12636462926963185
2.1616248112376506 -0.12639991032910225

2.1616248112376506 -0.12639991032910225
2.1647440389594945 -0.1264269872625923

2.1647440389594945 -0.1264269872625923
2.167863266681338 -0.12644702046711537

2.167863266681338 -0.12644702046711537
2.1709824944031819 -0.12646088188252555

2.1709824944031819 -0.12646088188252555
2.1741017221250254 -0.12646901698897908

2.1741017221250254 -0.12646901698897908
2.1772209498468689 -0.12647147086909805

2.1772209498468689 -0.12647147086909805
2.1803401775687128 -0.1264679787447

2.1803401775687128 -0.1264679787447
2.1834594052905563 -0.12645807495887623

2.1834594052905563 -0.12645807495887623
2.1865786330124002 -0.12644126998730865

2.1865786330124002 -0.12644126998730865
2.1896978607342437 -0.12641730467498113

2.1896978607342437 -0.12641730467498113
2.1928170884560871 -0.12638633778598946

2.1928170884560871 -0.12638633778598946
2.1959363161779311 -0.12634893726951998

2.1959363161779311 -0.12634893726951998
2.1990555438997745 -0.12630602947337763

2.1990555438997745 -0.12630602947337763
2.2021747716216185 -0.12625910483586561

2.2021747716216185 -0.12625910483586561
2.2052939993434619 -0.12621056947854059

2.2052939993434619 -0.12621056947854059
2.2084132270653054 -0.12616355057421547

2.2084132270653054 -0.12616355057421547
2.2115324547871493 -0.12612080419824995

2.2115324547871493 -0.12612080419824995
2.2146516825089928 -0.12608350097954865

2.2146516825089928 -0.12608350097954865
2.2177709102308367 -0.12605092630360956

2.2177709102308367 -0.12605092630360956
2.2208901379526802 -0.12602128931959783

2.2208901379526802 -0.12602128931959783
2.2240093656745237 -0.12599283378427531

2.2240093656745237 -0.12599283378427531
2.2271285933963676 -0.12596435575656842

2.2271285933963676 -0.12596435575656842
2.2302478211182111 -0.12593506398404034

2.2302478211182111 -0.12593506398404034
2.233367048840055 -0.1259042701264837

2.233367048840055 -0.1259042701264837
2.2364862765618985 -0.12587126893019474

2.2364862765618985 -0.12587126893019474
2.2396055042837419 -0.12583540864793286

2.2396055042837419 -0.12583540864793286
2.2427247320055859 -0.12579619620474314

2.2427247320055859 -0.12579619620474314
2.2458439597274293 -0.12575334616586112

2.2458439597274293 -0.12575334616586112
2.2489631874492733 -0.12570679665831211

2.2489631874492733 -0.12570679665831211
2.2520824151711167 -0.12565672379065326

2.2520824151711167 -0.12565672379065326
2.2552016428929602 -0.12560355441030222

2.2552016428929602 -0.12560355441030222
2.2583208706148041 -0.12554799114340068

2.2583208706148041 -0.12554799114340068
2.2614400983366476 -0.1254910726759203

2.2614400983366476 -0.1254910726759203
2.2645593260584915 -0.12543420055067744

2.2645593260584915 -0.12543420055067744
2.267678553780335 -0.12537899143728884

2.267678553780335 -0.12537899143728884
2.2707977815021785 -0.12532693532059308

2.2707977815021785 -0.12532693532059308
2.2739170092240224 -0.12527901685797993

2.2739170092240224 -0.12527901685797993
2.2770362369458659 -0.12523544623281735

2.2770362369458659 -0.12523544623281735
2.2801554646677098 -0.12519552571745435

2.2801554646677098 -0.12519552571745435
2.2832746923895533 -0.12515766284452315

2.2832746923895533 -0.12515766284452315
2.2863939201113967 -0.12511956700141624

2.2863939201113967 -0.12511956700141624
2.2895131478332407 -0.12507860402601656

2.2895131478332407 -0.12507860402601656
2.2926323755550841 -0.1250322444358184

2.2926323755550841 -0.1250322444358184
2.2957516032769281 -0.12497853329590559

2.2957516032769281 -0.12497853329590559
2.2988708309987715 -0.12491649409374939

2.2988708309987715 -0.12491649409374939
2.301990058720615 -0.12484648702088717

2.301990058720615 -0.12484648702088717
2.3051092864424589 -0.12476978948865176

2.3051092864424589 -0.12476978948865176
2.3051343475618005 -0.12476910887374608

2.3051343475618005 -0.12476910887374608
2.3082285141643024 -0.12468560450204713

2.3082285141643024 -0.12468560450204713
2.3113477418861459 -0.1245952245792559

2.3113477418861459 -0.1245952245792559
2.3144669696079898 -0.12450315012135024

2.3144669696079898 -0.12450315012135024
2.3175861973298333 -0.12441075715982294

2.3175861973298333 -0.12441075715982294
2.3207054250516772 -0.12431870365087126

2.3207054250516772 -0.12431870365087126
2.3238246527735207 -0.12422853365241175

2.3238246527735207 -0.12422853365241175
2.3269438804953642 -0.12413967355183385

2.3269438804953642 -0.12413967355183385
2.3300631082172081 -0.12405030541486824

2.3300631082172081 -0.12405030541486824
2.3331823359390516 -0.12395945586290287

2.3331823359390516 -0.12395945586290287
2.3363015636608955 -0.12386598835057025

2.3363015636608955 -0.12386598835057025
2.339420791382739 -0.12376819582166855

2.339420791382739 -0.12376819582166855
2.3425400191045824 -0.12366540526875643

2.3425400191045824 -0.12366540526875643
2.3456592468264263 -0.12355827753105136

2.3456592468264263 -0.12355827753105136
2.3487784745482698 -0.12344748429244326

2.3487784745482698 -0.12344748429244326
2.3518977022701137 -0.12333337581571814

2.3518977022701137 -0.12333337581571814
2.3550169299919572 -0.12321671765040031

2.3550169299919572 -0.12321671765040031
2.3581361577138007 -0.12309858654251198

2.3581361577138007 -0.12309858654251198
2.3612553854356446 -0.12297950454361857

2.3612553854356446 -0.12297950454361857
2.3643746131574881 -0.12285924948022327

2.3643746131574881 -0.12285924948022327
2.367493840879332 -0.1227375148347782

2.367493840879332 -0.1227375148347782
2.3706130686011755 -0.1226144584355081

2.3706130686011755 -0.1226144584355081
2.373732296323019 -0.12249049906928887

2.373732296323019 -0.12249049906928887
2.3768515240448629 -0.12236581722175938

2.3768515240448629 -0.12236581722175938
2.3799707517667064 -0.12224028613257334

2.3799707517667064 -0.12224028613257334
2.3830899794885503 -0.12211390175926161

2.3830899794885503 -0.12211390175926161
2.3862092072103938 -0.12198719504183675

2.3862092072103938 -0.12198719504183675
2.3893284349322372 -0.12186122298056082

2.3893284349322372 -0.12186122298056082
2.3924476626540812 -0.12173730742821902

2.3924476626540812 -0.12173730742821902
2.3946909026157237 -0.12164988115190242

2.3946909026157237 -0.12164988115190242
2.3955668903759246 -0.12161559803003244

2.3955668903759246 -0.12161559803003244
2.3986861180977685 -0.12149654825587013

2.3986861180977685 -0.12149654825587013
2.401805345819612 -0.12137921053104404

2.401805345819612 -0.12137921053104404
2.4049245735414555 -0.12126320105558365

2.4049245735414555 -0.12126320105558365
2.4080438012632994 -0.12114770977215913

2.4080438012632994 -0.12114770977215913
2.4111630289851429 -0.12103180096766415

2.4111630289851429 -0.12103180096766415
2.4142822567069868 -0.12091442581643937

2.4142822567069868 -0.12091442581643937
2.4174014844288303 -0.12079471075704616

2.4174014844288303 -0.12079471075704616
2.4205207121506738 -0.12067232124893101

2.4205207121506738 -0.12067232124893101
2.4236399398725177 -0.12054755311893135

2.4236399398725177 -0.12054755311893135
2.4267591675943612 -0.12042105358193926

2.4267591675943612 -0.12042105358193926
2.4298783953162051 -0.12029344406939167

2.4298783953162051 -0.12029344406939167
2.4329976230380486 -0.12016514401130159

2.4329976230380486 -0.12016514401130159
2.436116850759892 -0.12003637411816091

2.436116850759892 -0.12003637411816091
2.439236078481736 -0.11990708068739936

2.439236078481736 -0.11990708068739936
2.4423553062035794 -0.11977679915007795

2.4423553062035794 -0.11977679915007795
2.4454745339254234 -0.11964462045623522

2.4454745339254234 -0.11964462045623522
2.4485937616472668 -0.11950935857759602

2.4485937616472668 -0.11950935857759602
2.4517129893691103 -0.11936988658681512

2.4517129893691103 -0.11936988658681512
2.4548322170909542 -0.11922538767971377

2.4548322170909542 -0.11922538767971377
2.4579514448127977 -0.11907542691056787

2.4579514448127977 -0.11907542691056787
2.4610706725346416 -0.11891995876511031

2.4610706725346416 -0.11891995876511031
2.4641899002564851 -0.11875942030350729

2.4641899002564851 -0.11875942030350729
2.4673091279783286 -0.11859514923338209

2.4673091279783286 -0.11859514923338209
2.4685045962274832 -0.11853065343005878

2.4685045962274832 -0.11853065343005878
2.4704283557001725 -0.11842718255275228

2.4704283557001725 -0.11842718255275228
2.473547583422016 -0.11825822191580891

2.473547583422016 -0.11825822191580891
2.4766668111438599 -0.1180883577920904

2.4766668111438599 -0.1180883577920904
2.4797860388657034 -0.11791869540117457

2.4797860388657034 -0.11791869540117457
2.4829052665875468 -0.11774987989196632

2.4829052665875468 -0.11774987989196632
2.4860244943093908 -0.1175823290914023

2.4860244943093908 -0.1175823290914023
2.4891437220312342 -0.1174162137968222

2.4891437220312342 -0.1174162137968222
2.4922629497530777 -0.11725140092999628

2.4922629497530777 -0.11725140092999628
2.4953821774749216 -0.11708745204008159

2.4953821774749216 -0.11708745204008159
2.4985014051967651 -0.11692372107054511

2.4985014051967651 -0.11692372107054511
2.501620632918609 -0.11675955395687435

2.501620632918609 -0.11675955395687435
2.5047398606404525 -0.11659444703981167

2.5047398606404525 -0.11659444703981167
2.507859088362296 -0.11642799214005314

2.507859088362296 -0.11642799214005314
2.5109783160841399 -0.11625974605179644

2.5109783160841399 -0.11625974605179644
2.5140975438059834 -0.11608920111101616

2.5140975438059834 -0.11608920111101616
2.5172167715278273 -0.11591587383214688

2.5172167715278273 -0.11591587383214688
2.5203359992496708 -0.11573941470102286

2.5203359992496708 -0.11573941470102286
2.5234552269715143 -0.1155597863129461

2.5234552269715143 -0.1155597863129461
2.5259848411491084 -0.11541142570821512

2.5259848411491084 -0.11541142570821512
2.5265744546933582 -0.11537652253548106

2.5265744546933582 -0.11537652253548106
2.5296936824152016 -0.11519092829017676

2.5296936824152016 -0.11519092829017676
2.5328129101370456 -0.11500211909356463

2.5328129101370456 -0.11500211909356463
2.535932137858889 -0.11481086039966518

2.535932137858889 -0.11481086039966518
2.5390513655807325 -0.11461771731578424

2.5390513655807325 -0.11461771731578424
2.5421705933025764 -0.11442330946521152

2.5421705933025764 -0.11442330946521152
2.5452898210244199 -0.11422816450136958

2.5452898210244199 -0.11422816450136958
2.5484090487462638 -0.11403256937280712

2.5484090487462638 -0.11403256937280712
2.5515282764681073 -0.1138365492139308

2.5515282764681073 -0.1138365492139308
2.5546475041899508 -0.11363980867324189

2.5546475041899508 -0.11363980867324189
2.5577667319117947 -0.11344190238374122

2.5577667319117947 -0.11344190238374122
2.5608859596336382 -0.11324250421088321

2.5608859596336382 -0.11324250421088321
2.5640051873554821 -0.11304134719958657

2.5640051873554821 -0.11304134719958657
2.5671244150773256 -0.11283809818090888

2.5671244150773256 -0.11283809818090888
2.5702436427991691 -0.11263230280286558

2.5702436427991691 -0.11263230280286558
2.573362870521013 -0.11242388816715379

2.573362870521013 -0.11242388816715379
2.5752958227974836 -0.11229219798637147

2.5752958227974836 -0.11229219798637147
2.5764820982428565 -0.11221103588966183

2.5764820982428565 -0.11221103588966183
2.5796013259647004 -0.11199590952687447

2.5796013259647004 -0.11199590952687447
2.5827205536865439 -0.11177642570505338

2.5827205536865439 -0.11177642570505338
2.5858397814083873 -0.11155316690453455

2.5858397814083873 -0.11155316690453455
2.5889590091302312 -0.11132629342924218

2.5889590091302312 -0.11132629342924218
2.5920782368520747 -0.1110960906242857

2.5920782368520747 -0.1110960906242857
2.5951974645739186 -0.11086296462533059

2.5951974645739186 -0.11086296462533059
2.5983166922957621 -0.11062739970127781

2.5983166922957621 -0.11062739970127781
2.6014359200176056 -0.11038996884348024

2.6014359200176056 -0.11038996884348024
2.6045551477394495 -0.1101513731970377

2.6045551477394495 -0.1101513731970377
2.607674375461293 -0.10991244096105326

2.607674375461293 -0.10991244096105326
2.6107936031831369 -0.10967404076170038

2.6107936031831369 -0.10967404076170038
2.6139128309049804 -0.10943690450075567

2.6139128309049804 -0.10943690450075567
2.6170320586268239 -0.10920174733555256

2.6170320586268239 -0.10920174733555256
2.6174092863100205 -0.10917297026452782

2.6174092863100205 -0.10917297026452782
2.6201512863486678 -0.10896678134141388

2.6201512863486678 -0.10896678134141388
2.6232705140705113 -0.10873261937027492

2.6232705140705113 -0.10873261937027492
2.6263897417923552 -0.10849776059886239

2.6263897417923552 -0.10849776059886239
2.6295089695141987 -0.10826109971337555

2.6295089695141987 -0.10826109971337555
2.6326281972360421 -0.10802141277989921

2.6326281972360421 -0.10802141277989921
2.6357474249578861 -0.1077775905806751

2.6357474249578861 -0.1077775905806751
2.6388666526797295 -0.10752895566866368

2.6388666526797295 -0.10752895566866368
2.6419858804015734 -0.10727543704063978

2.6419858804015734 -0.10727543704063978
2.6451051081234169 -0.10701750202922199

2.6451051081234169 -0.10701750202922199
2.6482243358452604 -0.10675604343580282

2.6482243358452604 -0.10675604343580282
2.6513435635671043 -0.10649234902248184

2.6513435635671043 -0.10649234902248184
2.6544627912889478 -0.10622840838379022

2.6544627912889478 -0.10622840838379022
2.6565218711367367 -0.10605374254268417

2.6565218711367367 -0.10605374254268417
2.6575820190107917 -0.10596320102609103

2.6575820190107917 -0.10596320102609103
2.6607012467326352 -0.10570088073372633

2.6607012467326352 -0.10570088073372633
2.6638204744544787 -0.10543857651706311

2.6638204744544787 -0.10543857651706311
2.6669397021763226 -0.10517696607029485

2.6669397021763226 -0.10517696607029485
2.6700589298981661 -0.10491539479459762

2.6700589298981661 -0.10491539479459762
2.6731781576200095 -0.10465267363148394

2.6731781576200095 -0.10465267363148394
2.6762973853418535 -0.10438720053717969

2.6762973853418535 -0.10438720053717969
2.6794166130636969 -0.10411729994589455

2.6794166130636969 -0.10411729994589455
2.6825358407855409 -0.10384158236054875

2.6825358407855409 -0.10384158236054875
2.6856550685073843 -0.10355916728172032

2.6856550685073843 -0.10355916728172032
2.6887742962292278 -0.1032698450768666

2.6887742962292278 -0.1032698450768666
2.6918935239510717 -0.10297483112747675

2.6918935239510717 -0.10297483112747675
2.6923032625033017 -0.10293451482084051

2.6923032625033017 -0.10293451482084051
2.6950127516729152 -0.10267260787622882

2.6950127516729152 -0.10267260787622882
2.6981319793947591 -0.10236690210524763

2.6981319793947591 -0.10236690210524763
2.7012512071166026 -0.10205837792481627

2.7012512071166026 -0.10205837792481627
2.7043704348384461 -0.10174900399389532

2.7043704348384461 -0.10174900399389532
2.70748966256029 -0.10144045170427883

2.70748966256029 -0.10144045170427883
2.7106088902821335 -0.10113386882436437

2.7106088902821335 -0.10113386882436437
2.7137281180039774 -0.10082983195949798

2.7137281180039774 -0.10082983195949798
2.7168473457258209 -0.10052841172707203

2.7168473457258209 -0.10052841172707203
2.7199665734476643 -0.10022902504340303

2.7199665734476643 -0.10022902504340303
2.7230858011695083 -0.09993144686371

2.7230858011695083 -0.09993144686371
2.724283805019089 -0.099815287098996869

2.724283805019089 -0.099815287098996869
2.7262050288913517 -0.099630028437272672

2.7262050288913517 -0.099630028437272672
2.7293242566131957 -0.099327829007881535

2.7293242566131957 -0.099327829007881535
2.7324434843350391 -0.099019844022725165

2.7324434843350391 -0.099019844022725165
2.7355627120568826 -0.098705076100199476

2.7355627120568826 -0.098705076100199476
2.7386819397787265 -0.098382503349732559

2.7386819397787265 -0.098382503349732559
2.74180116750057 -0.098051985260174016

2.74180116750057 -0.098051985260174016
2.7449203952224139 -0.09771437601467875

2.7449203952224139 -0.09771437601467875
2.7480396229442574 -0.097371374354088339

2.7480396229442574 -0.097371374354088339
2.7511588506661009 -0.097025344703200456

2.7511588506661009 -0.097025344703200456
2.7541179012666084 -0.096696059377153212

2.7541179012666084 -0.096696059377153212
2.7542780783879448 -0.096677778187155658

2.7542780783879448 -0.096677778187155658
2.7573973061097883 -0.096331430059557022

2.7573973061097883 -0.096331430059557022
2.7605165338316322 -0.095986028668041443

2.7605165338316322 -0.095986028668041443
2.7636357615534757 -0.095642895595589777

2.7636357615534757 -0.095642895595589777
2.7667549892753192 -0.095302253819662328

2.7667549892753192 -0.095302253819662328
2.7698742169971631 -0.094963508101850572

2.7698742169971631 -0.094963508101850572
2.7729934447190066 -0.094625392193320113

2.7729934447190066 -0.094625392193320113
2.7761126724408505 -0.094286276716234144

2.7761126724408505 -0.094286276716234144
2.7792319001626939 -0.093944368010233037

2.7792319001626939 -0.093944368010233037
2.7823511278845374 -0.09359852101495536

2.7823511278845374 -0.09359852101495536
2.7825383036417084 -0.093576831655309556

2.7825383036417084 -0.093576831655309556
2.7854703556063813 -0.093245427100632008

2.7854703556063813 -0.093245427100632008
2.7885895833282248 -0.09288556872954068

2.7885895833282248 -0.09288556872954068
2.7917088110500687 -0.092517950831661575

2.7917088110500687 -0.092517950831661575
2.7948280387719122 -0.092143016051134577

2.7948280387719122 -0.092143016051134577
2.7979472664937557 -0.091761664818496402

2.7979472664937557 -0.091761664818496402
2.8010664942155996 -0.091374962174599242

2.8010664942155996 -0.091374962174599242
2.8041857219374431 -0.09098418438044853

2.8041857219374431 -0.09098418438044853
2.807304949659287 -0.09059286512895294

2.807304949659287 -0.09059286512895294
2.8083590852391644 -0.090457603933465913

2.8083590852391644 -0.090457603933465913
2.8104241773811305 -0.09019533269070111

2.8104241773811305 -0.09019533269070111
2.813543405102974 -0.089800561159114708

2.813543405102974 -0.089800561159114708
2.8166626328248179 -0.089404666772942967

2.8166626328248179 -0.089404666772942967
2.8197818605466614 -0.089009287420658084

2.8197818605466614 -0.089009287420658084
2.8229010882685053 -0.088614953692308762

2.8229010882685053 -0.088614953692308762
2.8260203159903488 -0.08822215438588335

2.8260203159903488 -0.08822215438588335
2.8291395437121922 -0.087831204776998947

2.8291395437121922 -0.087831204776998947
2.8322587714340361 -0.087443864886203454

2.8322587714340361 -0.087443864886203454
2.83309302045028 -0.087338376211622257

2.83309302045028 -0.087338376211622257
2.8353779991558796 -0.087053641826268999

2.8353779991558796 -0.087053641826268999
2.8384972268777231 -0.086666725024978852

2.8384972268777231 -0.086666725024978852
2.841616454599567 -0.08627839249854849

2.841616454599567 -0.08627839249854849
2.8447356823214105 -0.085888110068045143

2.8447356823214105 -0.085888110068045143
2.8478549100432544 -0.085494614269418706

2.8478549100432544 -0.085494614269418706
2.8509741377650979 -0.085096580934043278

2.8509741377650979 -0.085096580934043278
2.8540933654869414 -0.084692807069186637

2.8540933654869414 -0.084692807069186637
2.8572125932087853 -0.084283718446537856

2.8572125932087853 -0.084283718446537856
2.8576823921605681 -0.0842191484897786

2.8576823921605681 -0.0842191484897786
2.8603318209306288 -0.083863427267915305

2.8603318209306288 -0.083863427267915305
2.8634510486524727 -0.083437049393880469

2.8634510486524727 -0.083437049393880469
2.8665702763743162 -0.083002508569315764

2.8665702763743162 -0.083002508569315764
2.8696895040961596 -0.082561062837812491

2.8696895040961596 -0.082561062837812491
2.8728087318180036 -0.082114222631578804

2.8728087318180036 -0.082114222631578804
2.875927959539847 -0.081663851362837256

2.875927959539847 -0.081663851362837256
2.879047187261691 -0.081214517008254564

2.879047187261691 -0.081214517008254564
2.8798222750796971 -0.081099920767934958

2.8798222750796971 -0.081099920767934958
2.8821664149835344 -0.080759667951915054

2.8821664149835344 -0.080759667951915054
2.8852856427053779 -0.080309273070677686

2.8852856427053779 -0.080309273070677686
2.8884048704272218 -0.07985935986627303

2.8884048704272218 -0.07985935986627303
2.8915240981490653 -0.079410704878435864

2.8915240981490653 -0.079410704878435864
2.8946433258709092 -0.078962735720735019

2.8946433258709092 -0.078962735720735019
2.8977625535927527 -0.078514373126379114

2.8977625535927527 -0.078514373126379114
2.9008817813145962 -0.078066121909544164

2.9008817813145962 -0.078066121909544164
2.9014541600729453 -0.077980693046091301

2.9014541600729453 -0.077980693046091301
2.9040010090364401 -0.077609262404467486

2.9040010090364401 -0.077609262404467486
2.9071202367582836 -0.077149483078884973

2.9071202367582836 -0.077149483078884973
2.9102394644801275 -0.076682262070116525

2.9102394644801275 -0.076682262070116525
2.913358692201971 -0.076207584154464839

2.913358692201971 -0.076207584154464839
2.9164779199238144 -0.075725804998439158

2.9164779199238144 -0.075725804998439158
2.9195971476456584 -0.075238859525360136

2.9195971476456584 -0.075238859525360136
2.9219821107046275 -0.074861465324247645

2.9219821107046275 -0.074861465324247645
2.9227163753675018 -0.074742771141143222

2.9227163753675018 -0.074742771141143222
2.9258356030893458 -0.074249618242521062

2.9258356030893458 -0.074249618242521062
2.9289548308111892 -0.073751976850398013

2.9289548308111892 -0.073751976850398013
2.9320740585330327 -0.073254312246972791

2.9320740585330327 -0.073254312246972791
2.9351932862548766 -0.072758056561572401

2.9351932862548766 -0.072758056561572401
2.9383125139767201 -0.072264412636581496

2.9383125139767201 -0.072264412636581496
2.941431741698564 -0.071775126784364679

2.941431741698564 -0.071775126784364679
2.9416347223659356 -0.071742237602403988

2.9416347223659356 -0.071742237602403988
2.9445509694204075 -0.071285822627268944

2.9445509694204075 -0.071285822627268944
2.947670197142251 -0.070798680333499828

2.947670197142251 -0.070798680333499828
2.9507894248640949 -0.070311241786144174

2.9507894248640949 -0.070311241786144174
2.9539086525859384 -0.069822334982205039

2.9539086525859384 -0.069822334982205039
2.9570278803077823 -0.069330643754933918

2.9570278803077823 -0.069330643754933918
2.9601471080296258 -0.068837686987243865

2.9601471080296258 -0.068837686987243865
2.9614647387578867 -0.068623009880560346

2.9614647387578867 -0.068623009880560346
2.9632663357514692 -0.068331246857209815

2.9632663357514692 -0.068331246857209815
2.9663855634733132 -0.067824905097296814

2.9663855634733132 -0.067824905097296814
2.9695047911951566 -0.067309005876992387

2.9695047911951566 -0.067309005876992387
2.9726240189170006 -0.066785457674995496

2.9726240189170006 -0.066785457674995496
2.975743246638844 -0.066254508117510616

2.975743246638844 -0.066254508117510616
2.9788624743606875 -0.065720609397208113

2.9788624743606875 -0.065720609397208113
2.9800881617374118 -0.065503782158716689

2.9800881617374118 -0.065503782158716689
2.9819817020825314 -0.06517187672199401

2.9819817020825314 -0.06517187672199401
2.9851009298043749 -0.064625964988567597

2.9851009298043749 -0.064625964988567597
2.9882201575262188 -0.064073725696808081

2.9882201575262188 -0.064073725696808081
2.9913393852480623 -0.063518651486429031

2.9913393852480623 -0.063518651486429031
2.9944586129699058 -0.062962096680495072

2.9944586129699058 -0.062962096680495072
2.9975778406917497 -0.06240618509859646

2.9975778406917497 -0.06240618509859646
2.9976940175572744 -0.062384554436873046

2.9976940175572744 -0.062384554436873046
3.0006970684135932 -0.061848514438753492

3.0006970684135932 -0.061848514438753492
3.0038162961354371 -0.061292032322024265

3.0038162961354371 -0.061292032322024265
3.0069355238572806 -0.060736170976000599

3.0069355238572806 -0.060736170976000599
3.0100547515791241 -0.060181180351242092

3.0100547515791241 -0.060181180351242092
3.013173979300968 -0.059629253611294473

3.013173979300968 -0.059629253611294473
3.0152153617827575 -0.05926532671502939

3.0152153617827575 -0.05926532671502939
3.0162932070228115 -0.059070493608564423

3.0162932070228115 -0.059070493608564423
3.0194124347446549 -0.05852065175231224

3.0194124347446549 -0.05852065175231224
3.0225316624664988 -0.057965709325559167

3.0225316624664988 -0.057965709325559167
3.0256508901883423 -0.057408643967108069

3.0256508901883423 -0.057408643967108069
3.0287701179101862 -0.056848664545381573

3.0287701179101862 -0.056848664545381573
3.0318893456320297 -0.056288748279937018

3.0318893456320297 -0.056288748279937018
3.0326519505355205 -0.05614609899318574

3.0326519505355205 -0.05614609899318574
3.0350085733538732 -0.055715471327317759

3.0350085733538732 -0.055715471327317759
3.0381278010757171 -0.055142371733397158

3.0381278010757171 -0.055142371733397158
3.0412470287975606 -0.054561718501055512

3.0412470287975606 -0.054561718501055512
3.0443662565194045 -0.053974632317532398

3.0443662565194045 -0.053974632317532398
3.047485484241248 -0.053384378252949616

3.047485484241248 -0.053384378252949616
3.0493326674886223 -0.053026871271342091

3.0493326674886223 -0.053026871271342091
3.0506047119630915 -0.052778400650170088

3.0506047119630915 -0.052778400650170088
3.0537239396849354 -0.05217772494054107

3.0537239396849354 -0.05217772494054107
3.0568431674067789 -0.051567295926296088

3.0568431674067789 -0.051567295926296088
3.0599623951286228 -0.050952298179491151

3.0599623951286228 -0.050952298179491151
3.0630816228504663 -0.050336239502265463

3.0630816228504663 -0.050336239502265463
3.0652270269831625 -0.049907643549498434

3.0652270269831625 -0.049907643549498434
3.0662008505723097 -0.049709366245747004

3.0662008505723097 -0.049709366245747004
3.0693200782941537 -0.049092260830969736

3.0693200782941537 -0.049092260830969736
3.0724393060159971 -0.048469273666846238

3.0724393060159971 -0.048469273666846238
3.075558533737841 -0.047846078621307533

3.075558533737841 -0.047846078621307533
3.0786777614596845 -0.047225803351589844

3.0786777614596845 -0.047225803351589844
3.0808664161488868 -0.046788415827654785

3.0808664161488868 -0.046788415827654785
3.081796989181528 -0.046598635078607759

3.081796989181528 -0.046598635078607759
3.0849162169033719 -0.045983762780378773

3.0849162169033719 -0.045983762780378773
3.0880354446252154 -0.045364840616686643

3.0880354446252154 -0.045364840616686643
3.0911546723470593 -0.04474641297928774

3.0911546723470593 -0.04474641297928774
3.0942739000689028 -0.044129635738153289

3.0942739000689028 -0.044129635738153289
3.0965856622686645 -0.043669188105811135

3.0965856622686645 -0.043669188105811135
3.0973931277907463 -0.043504391056961335

3.0973931277907463 -0.043504391056961335
3.1005123555125902 -0.042886932221715642

3.1005123555125902 -0.042886932221715642
3.1036315832344337 -0.042260716574389241

3.1036315832344337 -0.042260716574389241
3.1067508109562776 -0.04162913303628419

3.1067508109562776 -0.04162913303628419
3.1098700386781211 -0.040993708267864956

3.1098700386781211 -0.040993708267864956
3.1120070188498352 -0.040549960383967479

3.1120070188498352 -0.040549960383967479
3.1129892663999645 -0.040341936256175687

3.1129892663999645 -0.040341936256175687
3.1161084941218085 -0.039695270194950727

3.1161084941218085 -0.039695270194950727
3.1192277218436519 -0.039036526187153836

3.1192277218436519 -0.039036526187153836
3.1223469495654959 -0.038371939834659058

3.1223469495654959 -0.038371939834659058
3.1254661772873393 -0.037708735986023409

3.1254661772873393 -0.037708735986023409
3.1267346184845408 -0.037430732662123829

3.1267346184845408 -0.037430732662123829
3.1285854050091828 -0.037029174886962696

3.1285854050091828 -0.037029174886962696
3.1317046327310267 -0.036360880262775459

3.1317046327310267 -0.036360880262775459
3.1348238604528702 -0.035689395083414212

3.1348238604528702 -0.035689395083414212
3.1379430881747141 -0.035019928809710062

3.1379430881747141 -0.035019928809710062
3.1410623158965576 -0.034355634427734975

3.1410623158965576 -0.034355634427734975
3.1412600312055119 -0.034311504940280173

3.1412600312055119 -0.034311504940280173
3.1441815436184011 -0.033689774956443277

3.1441815436184011 -0.033689774956443277
3.147300771340245 -0.033028024747813162

3.147300771340245 -0.033028024747813162
3.1504199990620885 -0.032367291296020118

3.1504199990620885 -0.032367291296020118
3.1535392267839324 -0.031708171981317798

3.1535392267839324 -0.031708171981317798
3.1559658889360276 -0.03119227721843652

3.1559658889360276 -0.03119227721843652
3.1566584545057759 -0.031040547066421058

3.1566584545057759 -0.031040547066421058
3.1597776822276193 -0.030381028554123321

3.1597776822276193 -0.030381028554123321
3.1628969099494633 -0.029711902814848413

3.1628969099494633 -0.029711902814848413
3.1660161376713067 -0.029036975118292844

3.1660161376713067 -0.029036975118292844
3.1691353653931507 -0.028361149749508416

3.1691353653931507 -0.028361149749508416
3.1704161451812349 -0.028073049496592867

3.1704161451812349 -0.028073049496592867
3.1722545931149941 -0.027663496950702277

3.1722545931149941 -0.027663496950702277
3.1753738208368376 -0.026971482331451087

3.1753738208368376 -0.026971482331451087
3.1784930485586815 -0.026268601829763916

3.1784930485586815 -0.026268601829763916
3.181612276280525 -0.025560639006540917

3.181612276280525 -0.025560639006540917
3.1842617845106007 -0.024953821774749217

3.1842617845106007 -0.024953821774749217
3.1847315040023689 -0.024841737252750594

3.1847315040023689 -0.024841737252750594
3.1878507317242124 -0.02412887227208425

3.1878507317242124 -0.02412887227208425
3.1909699594460559 -0.023408435350002463

3.1909699594460559 -0.023408435350002463
3.1940891871678998 -0.023047659434617691

