3.1940891871678998 0.033469094376230253
3.1909699594460559 0.032617725703965705

3.1909699594460559 0.032617725703965705
3.1883863234283489 0.03119227721843652

3.1883863234283489 0.03119227721843652
3.1878507317242124 0.03086735791662262

3.1878507317242124 0.03086735791662262
3.1847315040023689 0.029199510111814261

3.1847315040023689 0.029199510111814261
3.1827293645890111 0.02807304949659287

3.1827293645890111 0.02807304949659287
3.181612276280525 0.02741833536884165

3.181612276280525 0.02741833536884165
3.1784930485586815 0.025762093819669849

3.1784930485586815 0.025762093819669849
3.1770980486210041 0.024953821774749217

3.1770980486210041 0.024953821774749217
3.1753738208368376 0.023969688845780476

3.1753738208368376 0.023969688845780476
3.1722545931149941 0.022301443307739997

3.1722545931149941 0.022301443307739997
3.1714789354283717 0.021834594052905568

3.1714789354283717 0.021834594052905568
3.1691353653931507 0.020523172539566932

3.1691353653931507 0.020523172539566932
3.1660161376713067 0.018818387374684119

3.1660161376713067 0.018818387374684119
3.1658522701178935 0.018715366331061915

3.1658522701178935 0.018715366331061915
3.1628969099494633 0.017083005037839862

3.1628969099494633 0.017083005037839862
3.1602127227910044 0.01559613860921826

3.1602127227910044 0.01559613860921826
3.1597776822276193 0.015328568529194848

3.1597776822276193 0.015328568529194848
3.1566584545057759 0.013651738571614631

3.1566584545057759 0.013651738571614631
3.1545610173625631 0.012476910887374609

3.1545610173625631 0.012476910887374609
3.1535392267839324 0.01187565382382968

3.1535392267839324 0.01187565382382968
3.1504199990620885 0.010224434168846597

3.1504199990620885 0.010224434168846597
3.1489067860399977 0.0093576831655309556

3.1489067860399977 0.0093576831655309556
3.147300771340245 0.0084416381426055224

3.147300771340245 0.0084416381426055224
3.1441815436184011 0.006786928197273649

3.1441815436184011 0.006786928197273649
3.143253744701616 0.0062384554436873043

3.143253744701616 0.0062384554436873043
3.1410623158965576 0.005016351007740897

3.1410623158965576 0.005016351007740897
3.1379430881747141 0.003340454054256791

3.1379430881747141 0.003340454054256791
3.1375816258472229 0.0031192277218436517

3.1375816258472229 0.0031192277218436517
3.1348238604528702 0.001609215393577881

3.1348238604528702 0.001609215393577881
3.1318557753551062 0

3.1318557753551062 0
3.1317046327310267 -9.3187252176218913e-05

3.1317046327310267 -9.3187252176218913e-05
3.1285854050091828 -0.0017519660133438494

3.1285854050091828 -0.0017519660133438494
3.1260147473836839 -0.0031192277218436521

3.1260147473836839 -0.0031192277218436521
3.1254661772873393 -0.0034381208656623086

3.1254661772873393 -0.0034381208656623086
3.1223469495654959 -0.0050251094764399819

3.1223469495654959 -0.0050251094764399819
3.1199890200450926 -0.0062384554436873043

3.1199890200450926 -0.0062384554436873043
3.1192277218436519 -0.0066571296024228854

3.1192277218436519 -0.0066571296024228854
3.1161084941218085 -0.0081756436776119681

3.1161084941218085 -0.0081756436776119681
3.1136914825407112 -0.0093576831655309573

3.1136914825407112 -0.0093576831655309573
3.1129892663999645 -0.0097251088717701419

3.1129892663999645 -0.0097251088717701419
3.1098700386781211 -0.0111719717698823

3.1098700386781211 -0.0111719717698823
3.1070245313030123 -0.012476910887374609

3.1070245313030123 -0.012476910887374609
3.1067508109562776 -0.01261520282215501

3.1067508109562776 -0.01261520282215501
3.1036315832344337 -0.013981999020190494

3.1036315832344337 -0.013981999020190494
3.1005123555125902 -0.01529352307029312

3.1005123555125902 -0.01529352307029312
3.099819972911031 -0.015596138609218262

3.099819972911031 -0.015596138609218262
3.0973931277907463 -0.016593980574380506

3.0973931277907463 -0.016593980574380506
3.0942739000689028 -0.017807713478992265

3.0942739000689028 -0.017807713478992265
3.09185118919673 -0.018715366331061911

3.09185118919673 -0.018715366331061911
3.0911546723470593 -0.018989836771635238

3.0911546723470593 -0.018989836771635238
3.0880354446252154 -0.020079909111288742

3.0880354446252154 -0.020079909111288742
3.0849162169033719 -0.021122013255261998

3.0849162169033719 -0.021122013255261998
3.0826701483900241 -0.021834594052905564

3.0826701483900241 -0.021834594052905564
3.081796989181528 -0.022120856482603708

3.081796989181528 -0.022120856482603708
3.0786777614596845 -0.023033307551756966

3.0786777614596845 -0.023033307551756966
3.075558533737841 -0.023900433179311901

3.075558533737841 -0.023900433179311901
3.0724393060159971 -0.024697605925180669

3.0724393060159971 -0.024697605925180669
3.0713870596514052 -0.024953821774749217

3.0713870596514052 -0.024953821774749217
3.0693200782941537 -0.02544603540802283

3.0693200782941537 -0.02544603540802283
3.0662008505723097 -0.026119364009677501

3.0662008505723097 -0.026119364009677501
3.0630816228504663 -0.026734332214593742

3.0630816228504663 -0.026734332214593742
3.0599623951286228 -0.027282050008335404

3.0599623951286228 -0.027282050008335404
3.0568431674067789 -0.027756807489566378

3.0568431674067789 -0.027756807489566378
3.0543884397426044 -0.028073049496592867

3.0543884397426044 -0.028073049496592867
3.0537239396849354 -0.028160001859747291

3.0537239396849354 -0.028160001859747291
3.0506047119630915 -0.028485538982078142

3.0506047119630915 -0.028485538982078142
3.047485484241248 -0.028739487055179817

3.047485484241248 -0.028739487055179817
3.0443662565194045 -0.028919068637167415

3.0443662565194045 -0.028919068637167415
3.0412470287975606 -0.029023763665527596

3.0412470287975606 -0.029023763665527596
3.0381278010757171 -0.029053823463651908

3.0381278010757171 -0.029053823463651908
3.0350085733538732 -0.029009537348274321

3.0350085733538732 -0.029009537348274321
3.0318893456320297 -0.028891132108421161

3.0318893456320297 -0.028891132108421161
3.0287701179101862 -0.0286994064884184

3.0287701179101862 -0.0286994064884184
3.0256508901883423 -0.028435145470918369

3.0256508901883423 -0.028435145470918369
3.0225316624664988 -0.028097941746846558

3.0225316624664988 -0.028097941746846558
3.0223470860515502 -0.028073049496592867

3.0223470860515502 -0.028073049496592867
3.0194124347446549 -0.027687648122561678

3.0194124347446549 -0.027687648122561678
3.0162932070228115 -0.027211184249372695

3.0162932070228115 -0.027211184249372695
3.013173979300968 -0.026668956327842955

3.013173979300968 -0.026668956327842955
3.0100547515791241 -0.026062108643468532

3.0100547515791241 -0.026062108643468532
3.0069355238572806 -0.025394635674652482

3.0069355238572806 -0.025394635674652482
3.0050567560405019 -0.024953821774749217

3.0050567560405019 -0.024953821774749217
3.0038162961354371 -0.024658712491374864

3.0038162961354371 -0.024658712491374864
3.0006970684135932 -0.023890151903335499

3.0006970684135932 -0.023890151903335499
2.9975778406917497 -0.023060299370494211

2.9975778406917497 -0.023060299370494211
2.9944586129699058 -0.022188728660686011

2.9944586129699058 -0.022188728660686011
2.993300111054471 -0.021834594052905564

2.993300111054471 -0.021834594052905564
2.9913393852480623 -0.021245840487141069

2.9913393852480623 -0.021245840487141069
2.9882201575262188 -0.020288524543770965

2.9882201575262188 -0.020288524543770965
2.9851009298043749 -0.019294687238712072

2.9851009298043749 -0.019294687238712072
2.9833972345425059 -0.018715366331061911

2.9833972345425059 -0.018715366331061911
2.9819817020825314 -0.018229544680585949

2.9819817020825314 -0.018229544680585949
2.9788624743606875 -0.01716614019362309

2.9788624743606875 -0.01716614019362309
2.975743246638844 -0.016075331940120202

2.975743246638844 -0.016075331940120202
2.9744659446532999 -0.015596138609218262

2.9744659446532999 -0.015596138609218262
2.9726240189170006 -0.014915875681819155

2.9726240189170006 -0.014915875681819155
2.9695047911951566 -0.013764745516512135

2.9695047911951566 -0.013764745516512135
2.9663855634733132 -0.012584539297917821

2.9663855634733132 -0.012584539297917821
2.9661307712833369 -0.012476910887374609

2.9661307712833369 -0.012476910887374609
2.9632663357514692 -0.011364347715310464

2.9632663357514692 -0.011364347715310464
2.9601471080296258 -0.010148289001707946

2.9601471080296258 -0.010148289001707946
2.9581917145489327 -0.0093576831655309573

2.9581917145489327 -0.0093576831655309573
2.9570278803077823 -0.0088744353943378766

2.9570278803077823 -0.0088744353943378766
2.9539086525859384 -0.0076363054529003582

2.9539086525859384 -0.0076363054529003582
2.9507894248640949 -0.006380659523909777

2.9507894248640949 -0.006380659523909777
2.9504697990047126 -0.0062384554436873043

2.9504697990047126 -0.0062384554436873043
2.947670197142251 -0.0050938494360588246

2.947670197142251 -0.0050938494360588246
2.9445509694204075 -0.0038326378917497299

2.9445509694204075 -0.0038326378917497299
2.9428499126138963 -0.0031192277218436521

2.9428499126138963 -0.0031192277218436521
2.941431741698564 -0.0025187073256909497

2.941431741698564 -0.0025187073256909497
2.9383125139767201 -0.00125723034394865

2.9383125139767201 -0.00125723034394865
2.935242041398793 0

2.935242041398793 0
2.9351932862548766 2.2157408253609383e-05

2.9351932862548766 2.2157408253609383e-05
2.9320740585330327 0.0012940989332221532

2.9320740585330327 0.0012940989332221532
2.9289548308111892 0.002547360118906261

2.9289548308111892 0.002547360118906261
2.9275960013131459 0.0031192277218436517

2.9275960013131459 0.0031192277218436517
2.9258356030893458 0.0038501311458496619

2.9258356030893458 0.0038501311458496619
2.9227163753675018 0.0051012268982815528

2.9227163753675018 0.0051012268982815528
2.9199018124977725 0.0062384554436873043

2.9199018124977725 0.0062384554436873043
2.9195971476456584 0.0063723886940692202

2.9195971476456584 0.0063723886940692202
2.9164779199238144 0.007609389012937345

2.9164779199238144 0.007609389012937345
2.913358692201971 0.0088263604188142161

2.913358692201971 0.0088263604188142161
2.9120464078121611 0.0093576831655309556

2.9120464078121611 0.0093576831655309556
2.9102394644801275 0.010077324233055037

2.9102394644801275 0.010077324233055037
2.9071202367582836 0.011270121181083892

2.9071202367582836 0.011270121181083892
2.9040010090364401 0.012453690229614858

2.9040010090364401 0.012453690229614858
2.9039444839440933 0.012476910887374609

2.9039444839440933 0.012476910887374609
2.9008817813145962 0.01362086932094074

2.9008817813145962 0.01362086932094074
2.8977625535927527 0.014762125875321106

2.8977625535927527 0.014762125875321106
2.8954855763056409 0.01559613860921826

2.8954855763056409 0.01559613860921826
2.8946433258709092 0.015918098914934516

2.8946433258709092 0.015918098914934516
2.8915240981490653 0.01702216923978677

2.8915240981490653 0.01702216923978677
2.8884048704272218 0.018108927156428704

2.8884048704272218 0.018108927156428704
2.8866887442624054 0.018715366331061915

2.8866887442624054 0.018715366331061915
2.8852856427053779 0.01921543603314663

2.8852856427053779 0.01921543603314663
2.8821664149835344 0.020272400292226687

2.8821664149835344 0.020272400292226687
2.879047187261691 0.021311973758147293

2.879047187261691 0.021311973758147293
2.8775011263578656 0.021834594052905568

2.8775011263578656 0.021834594052905568
2.875927959539847 0.022365653813121802

2.875927959539847 0.022365653813121802
2.8728087318180036 0.023371430095553584

2.8728087318180036 0.023371430095553584
2.8696895040961596 0.024361314893989086

2.8696895040961596 0.024361314893989086
2.8678257031213161 0.024953821774749217

2.8678257031213161 0.024953821774749217
2.8665702763743162 0.025358958825028314

2.8665702763743162 0.025358958825028314
2.8634510486524727 0.0263066564106695

2.8634510486524727 0.0263066564106695
2.8603318209306288 0.027241280257705839

2.8603318209306288 0.027241280257705839
2.8574905342029586 0.02807304949659287

2.8574905342029586 0.02807304949659287
2.8572125932087853 0.028159539927257456

2.8572125932087853 0.028159539927257456
2.8540933654869414 0.02904282412445508

2.8540933654869414 0.02904282412445508
2.8509741377650979 0.029904290000719164

2.8509741377650979 0.029904290000719164
2.8478549100432544 0.030731262883073332

2.8478549100432544 0.030731262883073332
2.8460975157109596 0.03119227721843652

2.8460975157109596 0.03119227721843652
2.8447356823214105 0.03155221120535933

2.8447356823214105 0.03155221120535933
2.841616454599567 0.032326310792129435

2.841616454599567 0.032326310792129435
2.8384972268777231 0.033076484628500734

2.8384972268777231 0.033076484628500734
2.8353779991558796 0.033794912611173712

2.8353779991558796 0.033794912611173712
2.8330735028905196 0.034311504940280173

2.8330735028905196 0.034311504940280173
2.8322587714340361 0.034499013410364245

2.8322587714340361 0.034499013410364245
2.8291395437121922 0.035164208034576538

2.8291395437121922 0.035164208034576538
2.8260203159903488 0.035806478713782335

2.8260203159903488 0.035806478713782335
2.8229010882685053 0.036425825804509052

2.8229010882685053 0.036425825804509052
2.8197818605466614 0.037019970601274314

2.8197818605466614 0.037019970601274314
2.817556295588687 0.037430732662123822

2.817556295588687 0.037430732662123822
2.8166626328248179 0.037598861276657625

2.8166626328248179 0.037598861276657625
2.813543405102974 0.038145711310046092

2.813543405102974 0.038145711310046092
2.8104241773811305 0.03867195636229194

2.8104241773811305 0.03867195636229194
2.807304949659287 0.039176054514258991

2.807304949659287 0.039176054514258991
2.8041857219374431 0.039655255756580472

2.8041857219374431 0.039655255756580472
2.8010664942155996 0.040106702057457783

2.8010664942155996 0.040106702057457783
2.7979472664937557 0.04053044031918264

2.7979472664937557 0.04053044031918264
2.7977989573460458 0.040549960383967479

2.7977989573460458 0.040549960383967479
2.7948280387719122 0.040929278455614032

2.7948280387719122 0.040929278455614032
2.7917088110500687 0.041301936125713548

2.7917088110500687 0.041301936125713548
2.7885895833282248 0.041647043642111428

2.7885895833282248 0.041647043642111428
2.7854703556063813 0.041962364686200612

2.7854703556063813 0.041962364686200612
2.7823511278845374 0.042249689483917996

2.7823511278845374 0.042249689483917996
2.7792319001626939 0.042509401084240582

2.7792319001626939 0.042509401084240582
2.7761126724408505 0.042740348681293547

2.7761126724408505 0.042740348681293547
2.7729934447190066 0.042943120702946487

2.7729934447190066 0.042943120702946487
2.7698742169971631 0.043118762056038491

2.7698742169971631 0.043118762056038491
2.7667549892753192 0.043266823969571842

2.7667549892753192 0.043266823969571842
2.7636357615534757 0.04338644690672968

2.7636357615534757 0.04338644690672968
2.7605165338316322 0.043477192930178751

2.7605165338316322 0.043477192930178751
2.7573973061097883 0.043538606552661084

2.7573973061097883 0.043538606552661084
2.7542780783879448 0.043570264449421831

2.7542780783879448 0.043570264449421831
2.7511588506661009 0.04357193310464437

2.7511588506661009 0.04357193310464437
2.7480396229442574 0.043543083642785509

2.7480396229442574 0.043543083642785509
2.7449203952224139 0.043482714087301783

2.7449203952224139 0.043482714087301783
2.74180116750057 0.043390110961185523

2.74180116750057 0.043390110961185523
2.7386819397787265 0.043265615239535808

2.7386819397787265 0.043265615239535808
2.7355627120568826 0.043110407935790476

2.7355627120568826 0.043110407935790476
2.7324434843350391 0.042925609402613883

2.7324434843350391 0.042925609402613883
2.7293242566131957 0.042711731551355339

2.7293242566131957 0.042711731551355339
2.7262050288913517 0.042468969835892892

2.7262050288913517 0.042468969835892892
2.7230858011695083 0.042198054164231898

2.7230858011695083 0.042198054164231898
2.7199665734476643 0.041900273052154574

2.7199665734476643 0.041900273052154574
2.7168473457258209 0.041576122919844791

2.7168473457258209 0.041576122919844791
2.7137281180039774 0.041224555122006366

2.7137281180039774 0.041224555122006366
2.7106088902821335 0.040845388813776466

2.7106088902821335 0.040845388813776466
2.7083591086178185 0.040549960383967479

2.7083591086178185 0.040549960383967479
2.70748966256029 0.040433965881462842

2.70748966256029 0.040433965881462842
2.7043704348384461 0.039998032218812908

2.7043704348384461 0.039998032218812908
2.7012512071166026 0.039531528721274842

2.7012512071166026 0.039531528721274842
2.6981319793947591 0.03903558786672072

2.6981319793947591 0.03903558786672072
2.6950127516729152 0.038506560724141423

2.6950127516729152 0.038506560724141423
2.6918935239510717 0.037941678051065034

2.6918935239510717 0.037941678051065034
2.6892480432944641 0.037430732662123822

2.6892480432944641 0.037430732662123822
2.6887742962292278 0.037335909035503684

2.6887742962292278 0.037335909035503684
2.6856550685073843 0.036701979435615255

2.6856550685073843 0.036701979435615255
2.6825358407855409 0.036029376346090228

2.6825358407855409 0.036029376346090228
2.6794166130636969 0.035320008749403074

2.6794166130636969 0.035320008749403074
2.6762973853418535 0.034578612110406713

2.6762973853418535 0.034578612110406713
2.6752681467912258 0.034311504940280173

2.6752681467912258 0.034311504940280173
2.6731781576200095 0.033780088236125293

2.6731781576200095 0.033780088236125293
2.6700589298981661 0.032964058204568721

2.6700589298981661 0.032964058204568721
2.6669397021763226 0.032109896622936292

2.6669397021763226 0.032109896622936292
2.6638204744544787 0.031223360843914562

2.6638204744544787 0.031223360843914562
2.6637226751140393 0.03119227721843652

2.6637226751140393 0.03119227721843652
2.6607012467326352 0.03029724491843528

2.6607012467326352 0.03029724491843528
2.6575820190107917 0.029341063746451772

2.6575820190107917 0.029341063746451772
2.6544627912889478 0.028368663440029172

2.6544627912889478 0.028368663440029172
2.6535924456113325 0.02807304949659287

2.6535924456113325 0.02807304949659287
2.6513435635671043 0.027335803207628035

2.6513435635671043 0.027335803207628035
2.6482243358452604 0.026289066861521961

2.6482243358452604 0.026289066861521961
2.6451051081234169 0.025216951212982806

2.6451051081234169 0.025216951212982806
2.6444124035647478 0.024953821774749217

2.6444124035647478 0.024953821774749217
2.6419858804015734 0.024076896717185145

2.6419858804015734 0.024076896717185145
2.6388666526797295 0.022919760259381187

2.6388666526797295 0.022919760259381187
2.6360599339169912 0.021834594052905568

2.6360599339169912 0.021834594052905568
2.6357474249578861 0.021703366318455552

2.6357474249578861 0.021703366318455552
2.6326281972360421 0.020462906542347319

2.6326281972360421 0.020462906542347319
2.6295089695141987 0.019189960650030848

2.6295089695141987 0.019189960650030848
2.6284566887473235 0.018715366331061915

2.6284566887473235 0.018715366331061915
2.6263897417923552 0.017814148333210402

2.6263897417923552 0.017814148333210402
2.6232705140705113 0.016446281276037499

2.6232705140705113 0.016446281276037499
2.621468178775241 0.01559613860921826

2.621468178775241 0.01559613860921826
2.6201512863486678 0.014962141619594709

2.6201512863486678 0.014962141619594709
2.6170320586268239 0.013514237928130276

2.6170320586268239 0.013514237928130276
2.6149400123910032 0.012476910887374609

2.6149400123910032 0.012476910887374609
2.6139128309049804 0.011944068078184263

2.6139128309049804 0.011944068078184263
2.6107936031831369 0.010418701718710423

2.6107936031831369 0.010418701718710423
2.6087748493547753 0.0093576831655309556

2.6087748493547753 0.0093576831655309556
2.607674375461293 0.0087549144134654033

2.607674375461293 0.0087549144134654033
2.6045551477394495 0.0071618910559450369

2.6045551477394495 0.0071618910559450369
2.6028964859622805 0.0062384554436873043

2.6028964859622805 0.0062384554436873043
2.6014359200176056 0.005416803687132766

2.6014359200176056 0.005416803687132766
2.5983166922957621 0.0037623755468405786

2.5983166922957621 0.0037623755468405786
2.5972470868373509 0.0031192277218436517

2.5972470868373509 0.0031192277218436517
2.5951974645739186 0.0019403446662779279

2.5951974645739186 0.0019403446662779279
2.5920782368520747 0.00017701632771890009

2.5920782368520747 0.00017701632771890009
2.5918115688565422 0

2.5918115688565422 0
2.5889590091302312 -0.0016774678924149277

2.5889590091302312 -0.0016774678924149277
2.5865917941226435 -0.0031192277218436521

2.5865917941226435 -0.0031192277218436521
2.5858397814083873 -0.0036170879981552708

2.5858397814083873 -0.0036170879981552708
2.5827205536865439 -0.0054556724317709419

2.5827205536865439 -0.0054556724317709419
2.5815595903589776 -0.0062384554436873043

2.5815595903589776 -0.0062384554436873043
2.5796013259647004 -0.007507598832975285

2.5796013259647004 -0.007507598832975285
2.5767221856563736 -0.0093576831655309573

2.5767221856563736 -0.0093576831655309573
2.5764820982428565 -0.0095331903458260783

2.5764820982428565 -0.0095331903458260783
2.573362870521013 -0.011534355798220082

2.573362870521013 -0.011534355798220082
2.5720557616883841 -0.012476910887374609

2.5720557616883841 -0.012476910887374609
2.5702436427991691 -0.013752527741525069

2.5702436427991691 -0.013752527741525069
2.5675879237556813 -0.015596138609218262

2.5675879237556813 -0.015596138609218262
2.5671244150773256 -0.015954019867109301

2.5671244150773256 -0.015954019867109301
2.5640051873554821 -0.018082824834907016

2.5640051873554821 -0.018082824834907016
2.5632000280912428 -0.018715366331061911

2.5632000280912428 -0.018715366331061911
2.5608859596336382 -0.020419458380430019

2.5608859596336382 -0.020419458380430019
2.5590587105756764 -0.021834594052905564

2.5590587105756764 -0.021834594052905564
2.5577667319117947 -0.022864271356656682

2.5577667319117947 -0.022864271356656682
2.5550075043710661 -0.024953821774749217

2.5550075043710661 -0.024953821774749217
2.5546475041899508 -0.025254611746365833

2.5546475041899508 -0.025254611746365833
2.5515282764681073 -0.027598692579580371

2.5515282764681073 -0.027598692579580371
2.5509701009155323 -0.028073049496592867

2.5509701009155323 -0.028073049496592867
2.5484090487462638 -0.03010723970521359

2.5484090487462638 -0.03010723970521359
2.5471363805460681 -0.03119227721843652

2.5471363805460681 -0.03119227721843652
2.5452898210244199 -0.032744209608432183

2.5452898210244199 -0.032744209608432183
2.5434530999665275 -0.034311504940280173

2.5434530999665275 -0.034311504940280173
2.5421705933025764 -0.035430482787433562

2.5421705933025764 -0.035430482787433562
2.5398195830686188 -0.037430732662123829

2.5398195830686188 -0.037430732662123829
2.5390513655807325 -0.038117584850893414

2.5390513655807325 -0.038117584850893414
2.5361935401215145 -0.040549960383967479

2.5361935401215145 -0.040549960383967479
2.535932137858889 -0.040788762950757909

2.535932137858889 -0.040788762950757909
2.5328129101370456 -0.043474519067374782

2.5328129101370456 -0.043474519067374782
2.5326036057289145 -0.043669188105811135

2.5326036057289145 -0.043669188105811135
2.5296936824152016 -0.046253909242970848

2.5296936824152016 -0.046253909242970848
2.5291248627889007 -0.046788415827654785

2.5291248627889007 -0.046788415827654785
2.5265744546933582 -0.04912329238040497

2.5265744546933582 -0.04912329238040497
2.5257499877567136 -0.049907643549498434

2.5257499877567136 -0.049907643549498434
2.5234552269715143 -0.052067859111189399

2.5234552269715143 -0.052067859111189399
2.5224625448286266 -0.053026871271342091

2.5224625448286266 -0.053026871271342091
2.5203359992496708 -0.055078523636384727

2.5203359992496708 -0.055078523636384727
2.5192474689637323 -0.05614609899318574

2.5192474689637323 -0.05614609899318574
2.5172167715278273 -0.058144671160511321

2.5172167715278273 -0.058144671160511321
2.5160900989416661 -0.05926532671502939

2.5160900989416661 -0.05926532671502939
2.5140975438059834 -0.061263420339949831

2.5140975438059834 -0.061263420339949831
2.5129872520959182 -0.062384554436873046

2.5129872520959182 -0.062384554436873046
2.5109783160841399 -0.06443746110732268

2.5109783160841399 -0.06443746110732268
2.5099365904393856 -0.065503782158716689

2.5099365904393856 -0.065503782158716689
2.507859088362296 -0.067663931943938438

2.507859088362296 -0.067663931943938438
2.5069321287868656 -0.068623009880560346

2.5069321287868656 -0.068623009880560346
2.5047398606404525 -0.070937860171129491

2.5047398606404525 -0.070937860171129491
2.5039685618035104 -0.071742237602403988

2.5039685618035104 -0.071742237602403988
2.501620632918609 -0.074259475842143804

2.501620632918609 -0.074259475842143804
2.5010468961575278 -0.074861465324247645

2.5010468961575278 -0.074861465324247645
2.4985014051967651 -0.077628292739801222

2.4985014051967651 -0.077628292739801222
2.49816632616389 -0.077980693046091301

2.49816632616389 -0.077980693046091301
2.4953821774749216 -0.081035102993466598

2.4953821774749216 -0.081035102993466598
2.4953205213604934 -0.081099920767934958

2.4953205213604934 -0.081099920767934958
2.4924820859193595 -0.0842191484897786

2.4924820859193595 -0.0842191484897786
2.4922629497530777 -0.084449333141650179

2.4922629497530777 -0.084449333141650179
2.4896055791577267 -0.087338376211622257

2.4896055791577267 -0.087338376211622257
2.4891437220312342 -0.087821587403090567

2.4891437220312342 -0.087821587403090567
2.4866802184591834 -0.090457603933465913

2.4866802184591834 -0.090457603933465913
2.4860244943093908 -0.0911384623151347

2.4860244943093908 -0.0911384623151347
2.4837012685520823 -0.093576831655309556

2.4837012685520823 -0.093576831655309556
2.4829052665875468 -0.094393175532114085

2.4829052665875468 -0.094393175532114085
2.4806601865346303 -0.096696059377153212

2.4806601865346303 -0.096696059377153212
2.4797860388657034 -0.097577957326515044

2.4797860388657034 -0.097577957326515044
2.4775431408080042 -0.099815287098996869

2.4775431408080042 -0.099815287098996869
2.4766668111438599 -0.10068046773958211

2.4766668111438599 -0.10068046773958211
2.4743261226898996 -0.10293451482084051

2.4743261226898996 -0.10293451482084051
2.473547583422016 -0.10368446582087651

2.473547583422016 -0.10368446582087651
2.4709705432369877 -0.10605374254268417

2.4709705432369877 -0.10605374254268417
2.4704283557001725 -0.10656156209294951

2.4704283557001725 -0.10656156209294951
2.4674097141626889 -0.10917297026452782

2.4674097141626889 -0.10917297026452782
2.4673091279783286 -0.1092644864341393

2.4673091279783286 -0.1092644864341393
2.4641899002564851 -0.11181577676948029

2.4641899002564851 -0.11181577676948029
2.4636377825891058 -0.11229219798637147

2.4636377825891058 -0.11229219798637147
2.4610706725346416 -0.11431655377142999

2.4610706725346416 -0.11431655377142999
2.4596888134576771 -0.11541142570821512

2.4596888134576771 -0.11541142570821512
2.4579514448127977 -0.11675282531909076

2.4579514448127977 -0.11675282531909076
2.4553578980636095 -0.11853065343005878

2.4553578980636095 -0.11853065343005878
2.4548322170909542 -0.11892150056656241

2.4548322170909542 -0.11892150056656241
2.4517129893691103 -0.12080341953820037

2.4517129893691103 -0.12080341953820037
2.450317924808175 -0.12164988115190242

2.450317924808175 -0.12164988115190242
2.4485937616472668 -0.12267188629594601

2.4485937616472668 -0.12267188629594601
2.4454745339254234 -0.12423399656638116

2.4454745339254234 -0.12423399656638116
2.4443548429609021 -0.12476910887374608

2.4443548429609021 -0.12476910887374608
2.4423553062035794 -0.12568580627939488

2.4423553062035794 -0.12568580627939488
2.439236078481736 -0.12690315774398414

2.439236078481736 -0.12690315774398414
2.4362666291844759 -0.12788833659558974

2.4362666291844759 -0.12788833659558974
2.436116850759892 -0.12794153842738568

2.436116850759892 -0.12794153842738568
2.4329976230380486 -0.12877012335645641

2.4329976230380486 -0.12877012335645641
2.4298783953162051 -0.12943208260855335

2.4298783953162051 -0.12943208260855335
2.4267591675943612 -0.12992462225337464

2.4267591675943612 -0.12992462225337464
2.4236399398725177 -0.1302376715473845

2.4236399398725177 -0.1302376715473845
2.4205207121506738 -0.13037140901695457

2.4205207121506738 -0.13037140901695457
2.4174014844288303 -0.13033612396551422

2.4174014844288303 -0.13033612396551422
2.4142822567069868 -0.13014674467030046

2.4142822567069868 -0.13014674467030046
2.4111630289851429 -0.12981374960789371

2.4111630289851429 -0.12981374960789371
2.4080438012632994 -0.1293416237223482

2.4080438012632994 -0.1293416237223482
2.4049245735414555 -0.12873270227055569

2.4049245735414555 -0.12873270227055569
2.401805345819612 -0.12799912571650232

2.401805345819612 -0.12799912571650232
2.4014222969481085 -0.12788833659558974

2.4014222969481085 -0.12788833659558974
2.3986861180977685 -0.12713448094458452

2.3986861180977685 -0.12713448094458452
2.3955668903759246 -0.12616905730694525

2.3955668903759246 -0.12616905730694525
2.3924476626540812 -0.125122465669812

2.3924476626540812 -0.125122465669812
2.3915256698446852 -0.12476910887374608

2.3915256698446852 -0.12476910887374608
2.3893284349322372 -0.12395626508104327

2.3893284349322372 -0.12395626508104327
2.3862092072103938 -0.12274622440955943

2.3862092072103938 -0.12274622440955943
2.383568168051748 -0.12164988115190242

2.383568168051748 -0.12164988115190242
2.3830899794885503 -0.12143537734744558

2.3830899794885503 -0.12143537734744558
2.3799707517667064 -0.12009416921113908

2.3799707517667064 -0.12009416921113908
2.3768515240448629 -0.11869691649847665

2.3768515240448629 -0.11869691649847665
2.3765272530081432 -0.11853065343005878

2.3765272530081432 -0.11853065343005878
2.373732296323019 -0.11722793091235352

2.373732296323019 -0.11722793091235352
2.3706130686011755 -0.1157729334766335

2.3706130686011755 -0.1157729334766335
2.3699231037137807 -0.11541142570821512

2.3699231037137807 -0.11541142570821512
2.367493840879332 -0.11422376768107546

2.367493840879332 -0.11422376768107546
2.3643746131574881 -0.11271808258185165

2.3643746131574881 -0.11271808258185165
2.3635871447330721 -0.11229219798637147

2.3635871447330721 -0.11229219798637147
2.3612553854356446 -0.11110914581728074

2.3612553854356446 -0.11110914581728074
2.3581361577138007 -0.10956631473698449

2.3581361577138007 -0.10956631473698449
2.3574219245632237 -0.10917297026452782

2.3574219245632237 -0.10917297026452782
2.3550169299919572 -0.10794039062511357

2.3550169299919572 -0.10794039062511357
2.3518977022701137 -0.10638803252902143

2.3518977022701137 -0.10638803252902143
2.3512984333015048 -0.10605374254268417

2.3512984333015048 -0.10605374254268417
2.3487784745482698 -0.10475885787699234

2.3487784745482698 -0.10475885787699234
2.3456592468264263 -0.10319369388805588

2.3456592468264263 -0.10319369388805588
2.3451980206927381 -0.10293451482084051

2.3451980206927381 -0.10293451482084051
2.3425400191045824 -0.10157593070808965

2.3425400191045824 -0.10157593070808965
2.339420791382739 -0.10002473026221397

2.339420791382739 -0.10002473026221397
2.3390428036590083 -0.099815287098996869

2.3390428036590083 -0.099815287098996869
2.3363015636608955 -0.098441432424222694

2.3363015636608955 -0.098441432424222694
2.3331823359390516 -0.096916289895419408

2.3331823359390516 -0.096916289895419408
2.3327781598567277 -0.096696059377153212

2.3327781598567277 -0.096696059377153212
2.3300631082172081 -0.095352803496966385

2.3300631082172081 -0.095352803496966385
2.3269438804953642 -0.093856133789790547

2.3269438804953642 -0.093856133789790547
2.3264103662755442 -0.093576831655309556

2.3264103662755442 -0.093576831655309556
2.3238246527735207 -0.092331973354651292

2.3238246527735207 -0.092331973354651292
2.3207054250516772 -0.090894325258227882

2.3207054250516772 -0.090894325258227882
2.3198194764487119 -0.090457603933465913

2.3198194764487119 -0.090457603933465913
2.3175861973298333 -0.089413296809956591

2.3175861973298333 -0.089413296809956591
2.3144669696079898 -0.088022465513198422

2.3144669696079898 -0.088022465513198422
2.3129881960897163 -0.087338376211622257

2.3129881960897163 -0.087338376211622257
2.3113477418861459 -0.086584901403710668

2.3113477418861459 -0.086584901403710668
2.3082285141643024 -0.085244487728058052

2.3082285141643024 -0.085244487728058052
2.3058435362351455 -0.0842191484897786

2.3058435362351455 -0.0842191484897786
2.3051092864424589 -0.083884894737573157

2.3051092864424589 -0.083884894737573157
2.301990058720615 -0.082604186995440712

2.301990058720615 -0.082604186995440712
2.2988708309987715 -0.081349525045342458

2.2988708309987715 -0.081349525045342458
2.2982855522971328 -0.081099920767934958

2.2982855522971328 -0.081099920767934958
2.2957516032769281 -0.08008802787878716

2.2957516032769281 -0.08008802787878716
2.2926323755550841 -0.078888380809377309

2.2926323755550841 -0.078888380809377309
2.2902354888540093 -0.077980693046091301

2.2902354888540093 -0.077980693046091301
2.2895131478332407 -0.07769288108034568

2.2895131478332407 -0.07769288108034568
2.2863939201113967 -0.076565954909966052

2.2863939201113967 -0.076565954909966052
2.2832746923895533 -0.075466043326392507

2.2832746923895533 -0.075466043326392507
2.2815639452941454 -0.074861465324247645

2.2815639452941454 -0.074861465324247645
2.2801554646677098 -0.074359982534629554

2.2801554646677098 -0.074359982534629554
2.2770362369458659 -0.073318791925870874

2.2770362369458659 -0.073318791925870874
2.2739170092240224 -0.072303234883575901

2.2739170092240224 -0.072303234883575901
2.2721920195325569 -0.071742237602403988

2.2721920195325569 -0.071742237602403988
2.2707977815021785 -0.071285321927230152

2.2707977815021785 -0.071285321927230152
2.267678553780335 -0.07032196660759768

2.267678553780335 -0.07032196660759768
2.2645593260584915 -0.069372433933830607

2.2645593260584915 -0.069372433933830607
2.2620558616959596 -0.068623009880560346

2.2620558616959596 -0.068623009880560346
2.2614400983366476 -0.068430086873229448

2.2614400983366476 -0.068430086873229448
2.2583208706148041 -0.067531442571229505

2.2583208706148041 -0.067531442571229505
2.2552016428929602 -0.066650396418699867

2.2552016428929602 -0.066650396418699867
2.2520824151711167 -0.065804026481558184

2.2520824151711167 -0.065804026481558184
2.2509863762194908 -0.065503782158716689

2.2509863762194908 -0.065503782158716689
2.2489631874492733 -0.064961142120445681

2.2489631874492733 -0.064961142120445681
2.2458439597274293 -0.064160316420102309

2.2458439597274293 -0.064160316420102309
2.2427247320055859 -0.06338432192827341

2.2427247320055859 -0.06338432192827341
2.2396055042837419 -0.062647620005834778

2.2396055042837419 -0.062647620005834778
2.2384791060248639 -0.062384554436873046

2.2384791060248639 -0.062384554436873046
2.2364862765618985 -0.061927133194169995

2.2364862765618985 -0.061927133194169995
2.233367048840055 -0.061248361532966866

2.233367048840055 -0.061248361532966866
2.2302478211182111 -0.060595314776732849

2.2302478211182111 -0.060595314776732849
2.2271285933963676 -0.059972777851089384

2.2271285933963676 -0.059972777851089384
2.2240093656745237 -0.059383202035955741

2.2240093656745237 -0.059383202035955741
2.2233787426911427 -0.05926532671502939

2.2233787426911427 -0.05926532671502939
2.2208901379526802 -0.058813234196781902

2.2208901379526802 -0.058813234196781902
2.2177709102308367 -0.05827314811020394

2.2177709102308367 -0.05827314811020394
2.2146516825089928 -0.057756978245012969

2.2146516825089928 -0.057756978245012969
2.2115324547871493 -0.057266590254194241

2.2115324547871493 -0.057266590254194241
2.2084132270653054 -0.056800798408491358

2.2084132270653054 -0.056800798408491358
2.2052939993434619 -0.056359694492114018

2.2052939993434619 -0.056359694492114018
2.2037338165327123 -0.05614609899318574

2.2037338165327123 -0.05614609899318574
2.2021747716216185 -0.055932808512628981

2.2021747716216185 -0.055932808512628981
2.1990555438997745 -0.055531414119679545

2.1990555438997745 -0.055531414119679545
2.1959363161779311 -0.055151602221345866

2.1959363161779311 -0.055151602221345866
2.1928170884560871 -0.054794130613100497

2.1928170884560871 -0.054794130613100497
2.1896978607342437 -0.054456230281103322

2.1896978607342437 -0.054456230281103322
2.1865786330124002 -0.054137901577780659

2.1865786330124002 -0.054137901577780659
2.1834594052905563 -0.053840608013795692

2.1834594052905563 -0.053840608013795692
2.1803401775687128 -0.05356418553444494

2.1803401775687128 -0.05356418553444494
2.1772209498468689 -0.053307626351723571

2.1772209498468689 -0.053307626351723571
2.1741017221250254 -0.053071428470635465

2.1741017221250254 -0.053071428470635465
2.1734680973222975 -0.053026871271342091

2.1734680973222975 -0.053026871271342091
2.1709824944031819 -0.052854023238909892

2.1709824944031819 -0.052854023238909892
2.167863266681338 -0.052656279736165476

2.167863266681338 -0.052656279736165476
2.1647440389594945 -0.052477281416150816

2.1647440389594945 -0.052477281416150816
2.1616248112376506 -0.052317537846760423

2.1616248112376506 -0.052317537846760423
2.1585055835158071 -0.052176636799568236

2.1585055835158071 -0.052176636799568236
2.1553863557939636 -0.052054835126431359

2.1553863557939636 -0.052054835126431359
2.1522671280721197 -0.051952549078543755

2.1522671280721197 -0.051952549078543755
2.1491479003502763 -0.051869219613733281

2.1491479003502763 -0.051869219613733281
2.1460286726284323 -0.051804068059343268

2.1460286726284323 -0.051804068059343268
2.1429094449065889 -0.051757473650591759

2.1429094449065889 -0.051757473650591759
2.1397902171847454 -0.051730172756946739

2.1397902171847454 -0.051730172756946739
2.1366709894629015 -0.051721897792154581

2.1366709894629015 -0.051721897792154581
2.133551761741058 -0.051731995807186529

2.133551761741058 -0.051731995807186529
2.1304325340192141 -0.051760499585044993

2.1304325340192141 -0.051760499585044993
2.1273133062973706 -0.051807688152862089

2.1273133062973706 -0.051807688152862089
2.1241940785755271 -0.051873330462970685

2.1241940785755271 -0.051873330462970685
2.1210748508536832 -0.051956899195656436

2.1210748508536832 -0.051956899195656436
2.1179556231318397 -0.05205802867898366

2.1179556231318397 -0.05205802867898366
2.1148363954099962 -0.052176582017326556

2.1148363954099962 -0.052176582017326556
2.1117171676881523 -0.052312580756702094

2.1117171676881523 -0.052312580756702094
2.1085979399663088 -0.052466115828718289

2.1085979399663088 -0.052466115828718289
2.1054787122444649 -0.052637159998004272

2.1054787122444649 -0.052637159998004272
2.1023594845226214 -0.052825678354105898

2.1023594845226214 -0.052825678354105898
2.0993277881940937 -0.053026871271342091

2.0993277881940937 -0.053026871271342091
2.099240256800778 -0.053032777219321474

2.099240256800778 -0.053032777219321474
2.0961210290789341 -0.053257809177786219

2.0961210290789341 -0.053257809177786219
2.0930018013570906 -0.053501036128391632

2.0930018013570906 -0.053501036128391632
2.0898825736352467 -0.053763995361289611

2.0898825736352467 -0.053763995361289611
2.0867633459134032 -0.054047259509160159

2.0867633459134032 -0.054047259509160159
2.0836441181915597 -0.054351301560664561

2.0836441181915597 -0.054351301560664561
2.0805248904697158 -0.054676640906003514

2.0805248904697158 -0.054676640906003514
2.0774056627478723 -0.055023731887056671

2.0774056627478723 -0.055023731887056671
2.0742864350260284 -0.055392612143676925

2.0742864350260284 -0.055392612143676925
2.0711672073041849 -0.055782571286075777

2.0711672073041849 -0.055782571286075777
2.0684044289361787 -0.05614609899318574

2.0684044289361787 -0.05614609899318574
2.0680479795823414 -0.056194260890001312

2.0680479795823414 -0.056194260890001312
2.0649287518604975 -0.056622045559161782

2.0649287518604975 -0.056622045559161782
2.061809524138654 -0.057068435160584095

2.061809524138654 -0.057068435160584095
2.0586902964168101 -0.057530968062632477

2.0586902964168101 -0.057530968062632477
2.0555710686949666 -0.058008466230710452

2.0555710686949666 -0.058008466230710452
2.0524518409731232 -0.058499939527955729

2.0524518409731232 -0.058499939527955729
2.0493326132512792 -0.059002428902011989

2.0493326132512792 -0.059002428902011989
2.0477687019103463 -0.05926532671502939

2.0477687019103463 -0.05926532671502939
2.0462133855294358 -0.059526959040047629

2.0462133855294358 -0.059526959040047629
2.0430941578075918 -0.060057799452587123

2.0430941578075918 -0.060057799452587123
2.0399749300857484 -0.060607694526275631

2.0399749300857484 -0.060607694526275631
2.0368557023639049 -0.061176039216693144

2.0368557023639049 -0.061176039216693144
2.033736474642061 -0.061764659778102943

2.033736474642061 -0.061764659778102943
2.0306172469202175 -0.062374434091072843

2.0306172469202175 -0.062374434091072843
2.0305697354581707 -0.062384554436873046

2.0305697354581707 -0.062384554436873046
2.0274980191983736 -0.063007279398671442

2.0274980191983736 -0.063007279398671442
2.0243787914765301 -0.06366222476975808

2.0243787914765301 -0.06366222476975808
2.0212595637546866 -0.064341768372126101

2.0212595637546866 -0.064341768372126101
2.0181403360328427 -0.065044624483566404

2.0181403360328427 -0.065044624483566404
2.0162074892240258 -0.065503782158716689

2.0162074892240258 -0.065503782158716689
2.0150211083109992 -0.065790016497364476

2.0150211083109992 -0.065790016497364476
2.0119018805891553 -0.066547664873685394

2.0119018805891553 -0.066547664873685394
2.0087826528673118 -0.067342815211229062

2.0087826528673118 -0.067342815211229062
2.0056634251454684 -0.068163810757204846

2.0056634251454684 -0.068163810757204846
2.0040233340769511 -0.068623009880560346

2.0040233340769511 -0.068623009880560346
2.0025441974236244 -0.069039191679197948

2.0025441974236244 -0.069039191679197948
1.9994249697017812 -0.069922866086010588

1.9994249697017812 -0.069922866086010588
1.9963057419799375 -0.070845455734401735

1.9963057419799375 -0.070845455734401735
1.9933756901636608 -0.071742237602403988

1.9933756901636608 -0.071742237602403988
1.9931865142580938 -0.071804397333828776

1.9931865142580938 -0.071804397333828776
1.9900672865362501 -0.072785341593713915

1.9900672865362501 -0.072785341593713915
1.9869480588144066 -0.073800048582296468

1.9869480588144066 -0.073800048582296468
1.9838288310925629 -0.074843018522545893

1.9838288310925629 -0.074843018522545893
1.9837796642846732 -0.074861465324247645

1.9837796642846732 -0.074861465324247645
1.9807096033707192 -0.075918645042078778

1.9807096033707192 -0.075918645042078778
1.9775903756488755 -0.077019925714495036

1.9775903756488755 -0.077019925714495036
1.9749490462290211 -0.077980693046091301

1.9749490462290211 -0.077980693046091301
1.9744711479270318 -0.078166467474449552

1.9744711479270318 -0.078166467474449552
1.9713519202051883 -0.079315131377718964

1.9713519202051883 -0.079315131377718964
1.9682326924833446 -0.080489662410861862

1.9682326924833446 -0.080489662410861862
1.9667113734434367 -0.081099920767934958

1.9667113734434367 -0.081099920767934958
1.9651134647615009 -0.081740142411681274

1.9651134647615009 -0.081740142411681274
1.9619942370396573 -0.082976637354712418

1.9619942370396573 -0.082976637354712418
1.9589735876922316 -0.0842191484897786

1.9589735876922316 -0.0842191484897786
1.9588750093178136 -0.084264082454323236

1.9588750093178136 -0.084264082454323236
1.9557557815959701 -0.08557582857172398

1.9557557815959701 -0.08557582857172398
1.9526365538741264 -0.08690387722798433

1.9526365538741264 -0.08690387722798433
1.951712249952799 -0.087338376211622257

1.951712249952799 -0.087338376211622257
1.9495173261522827 -0.088324542177538518

1.9495173261522827 -0.088324542177538518
1.946398098430439 -0.089719042467837809

1.946398098430439 -0.089719042467837809
1.9448709707759397 -0.090457603933465913

1.9448709707759397 -0.090457603933465913
1.9432788707085953 -0.091226885533468818

1.9432788707085953 -0.091226885533468818
1.9401596429867518 -0.092688402867155656

1.9401596429867518 -0.092688402867155656
1.9384054423114991 -0.093576831655309556

1.9384054423114991 -0.093576831655309556
1.9370404152649081 -0.09428045962088609

1.9370404152649081 -0.09428045962088609
1.9339211875430644 -0.095813198754651913

1.9339211875430644 -0.095813198754651913
1.9322753043348444 -0.096696059377153212

1.9322753043348444 -0.096696059377153212
1.9308019598212207 -0.097493602141829006

1.9308019598212207 -0.097493602141829006
1.927682732099377 -0.09909579003824065

1.927682732099377 -0.09909579003824065
1.9264288387323778 -0.099815287098996869

1.9264288387323778 -0.099815287098996869
1.9245635043775335 -0.10085806343260457

1.9245635043775335 -0.10085806343260457
1.9214442766556898 -0.10254344443442689

1.9214442766556898 -0.10254344443442689
1.9208206805833528 -0.10293451482084051

1.9208206805833528 -0.10293451482084051
1.9183250489338461 -0.10436793218533597

1.9183250489338461 -0.10436793218533597
1.9154244978812351 -0.10605374254268417

1.9154244978812351 -0.10605374254268417
1.9152058212120024 -0.1061985145837889

1.9152058212120024 -0.1061985145837889
1.9120865934901587 -0.10800616344531143

1.9120865934901587 -0.10800616344531143
1.910202586061299 -0.10917297026452782

1.910202586061299 -0.10917297026452782
1.9089673657683153 -0.10996463383047966

1.9089673657683153 -0.10996463383047966
1.9058481380464716 -0.11179694323204233

1.9058481380464716 -0.11179694323204233
1.9051235358440657 -0.11229219798637147

1.9051235358440657 -0.11229219798637147
1.9027289103246279 -0.11379968227016743

1.9027289103246279 -0.11379968227016743
1.900198406453754 -0.11541142570821512

1.900198406453754 -0.11541142570821512
1.8996096826027842 -0.11582543043176846

1.8996096826027842 -0.11582543043176846
1.8964904548809407 -0.11774530647210592

1.8964904548809407 -0.11774530647210592
1.8953691926309708 -0.11853065343005878

1.8953691926309708 -0.11853065343005878
1.893371227159097 -0.11986907310786213

1.893371227159097 -0.11986907310786213
1.890677991729266 -0.12164988115190242

1.890677991729266 -0.12164988115190242
1.8902519994372533 -0.12196468642412654

1.8902519994372533 -0.12196468642412654
1.8871327717154096 -0.12397563354239191

1.8871327717154096 -0.12397563354239191
1.8860482662544007 -0.12476910887374608

1.8860482662544007 -0.12476910887374608
1.8840135439935659 -0.12618875408845232

1.8840135439935659 -0.12618875408845232
1.8815616368553321 -0.12788833659558974

1.8815616368553321 -0.12788833659558974
1.8808943162717224 -0.12839370439592124

1.8808943162717224 -0.12839370439592124
1.8777750885498787 -0.13046818157725437

1.8777750885498787 -0.13046818157725437
1.877069849503032 -0.13100756431743338

1.877069849503032 -0.13100756431743338
1.874655860828035 -0.13271068837116695

1.874655860828035 -0.13271068837116695
1.8727075333023526 -0.13412679203927705

1.8727075333023526 -0.13412679203927705
1.8715366331061913 -0.13501320249785997

1.8715366331061913 -0.13501320249785997
1.8684174053843476 -0.13715759080740964

1.8684174053843476 -0.13715759080740964
1.8683049094391802 -0.13724601976112069

1.8683049094391802 -0.13724601976112069
1.8652981776625042 -0.13932889540745

1.8652981776625042 -0.13932889540745
1.8639040776484557 -0.14036524748296433

1.8639040776484557 -0.14036524748296433
1.8621789499406605 -0.14162542556806262

1.8621789499406605 -0.14162542556806262
1.859479504239973 -0.143484475204808

1.859479504239973 -0.143484475204808
1.8590597222188168 -0.14380474492112677

1.8590597222188168 -0.14380474492112677
1.8559404944969731 -0.1458350570630042

1.8559404944969731 -0.1458350570630042
1.8548688190252283 -0.14660370292665165

1.8548688190252283 -0.14660370292665165
1.8528212667751294 -0.14799539022675071

1.8528212667751294 -0.14799539022675071
1.8501342783901598 -0.14972293064849529

1.8501342783901598 -0.14972293064849529
1.8497020390532859 -0.15003131263537692

1.8497020390532859 -0.15003131263537692
1.8465828113314422 -0.15189021685280549

1.8465828113314422 -0.15189021685280549
1.8450344817041595 -0.15284215837033896

1.8450344817041595 -0.15284215837033896
1.8434635836095985 -0.15380313817118152

1.8434635836095985 -0.15380313817118152
1.8403443558877548 -0.15547302763620638

1.8403443558877548 -0.15547302763620638
1.8394666283590488 -0.1559613860921826

1.8394666283590488 -0.1559613860921826
1.8372251281659111 -0.15713146906260397

1.8372251281659111 -0.15713146906260397
1.8341059004440676 -0.15858058229764144

1.8341059004440676 -0.15858058229764144
1.8329869501863898 -0.15908061381402624

1.8329869501863898 -0.15908061381402624
1.8309866727222239 -0.15994167369530524

1.8309866727222239 -0.15994167369530524
1.8278674450003802 -0.161108728244194

1.8278674450003802 -0.161108728244194
1.8247482172785365 -0.16210474055389043

1.8247482172785365 -0.16210474055389043
1.8244004009377184 -0.16219984153586992

1.8244004009377184 -0.16219984153586992
1.8216289895566928 -0.16291374826170474

1.8216289895566928 -0.16291374826170474
1.8185097618348494 -0.16352999096241955

1.8185097618348494 -0.16352999096241955
1.8153905341130057 -0.1639561513068753

1.8153905341130057 -0.1639561513068753
1.812271306391162 -0.1641744614139668

1.812271306391162 -0.1641744614139668
1.8091520786693183 -0.1641748580205046

1.8091520786693183 -0.1641748580205046
1.8060328509474748 -0.16394814084515122

1.8060328509474748 -0.16394814084515122
1.8029136232256311 -0.16348756079666735

1.8029136232256311 -0.16348756079666735
1.7997943955037874 -0.16278921825793324

1.7997943955037874 -0.16278921825793324
1.7978561279089726 -0.16219984153586992

1.7978561279089726 -0.16219984153586992
1.7966751677819437 -0.16183051986705096

1.7966751677819437 -0.16183051986705096
1.7935559400601 -0.16066509849107863

1.7935559400601 -0.16066509849107863
1.7904367123382565 -0.15925876898464505

1.7904367123382565 -0.15925876898464505
1.7901358553245419 -0.15908061381402624

1.7901358553245419 -0.15908061381402624
1.7873174846164128 -0.15757206658424308

1.7873174846164128 -0.15757206658424308
1.7846861000428147 -0.1559613860921826

1.7846861000428147 -0.1559613860921826
1.7841982568945691 -0.15562489227614806

1.7841982568945691 -0.15562489227614806
1.7810790291727254 -0.15358993008311145

1.7810790291727254 -0.15358993008311145
1.7801388064818735 -0.15284215837033896

1.7801388064818735 -0.15284215837033896
1.7779598014508817 -0.15116986461575424

1.7779598014508817 -0.15116986461575424
1.776240559313933 -0.14972293064849529

1.776240559313933 -0.14972293064849529
1.7748405737290383 -0.14850926930865654

1.7748405737290383 -0.14850926930865654
1.7726998172818145 -0.14660370292665165

1.7726998172818145 -0.14660370292665165
1.7717213460071946 -0.145691854673826

1.7717213460071946 -0.145691854673826
1.7693867526730809 -0.143484475204808

1.7693867526730809 -0.143484475204808
1.7686021182853509 -0.14271482746689884

1.7686021182853509 -0.14271482746689884
1.7662543383929268 -0.14036524748296433

1.7662543383929268 -0.14036524748296433
1.7654828905635072 -0.13957897708247513

1.7654828905635072 -0.13957897708247513
1.7632467653114217 -0.13724601976112069

1.7632467653114217 -0.13724601976112069
1.7623636628416635 -0.13632422849203304

1.7623636628416635 -0.13632422849203304
1.7603076199407579 -0.13412679203927705

1.7603076199407579 -0.13412679203927705
1.75924443511982 -0.13299463683733284

1.75924443511982 -0.13299463683733284
1.7574166218503597 -0.13100756431743338

1.7574166218503597 -0.13100756431743338
1.7561252073979763 -0.12960449345047109

1.7561252073979763 -0.12960449345047109
1.754562050514519 -0.12788833659558974

1.754562050514519 -0.12788833659558974
1.7530059796761326 -0.12616931252465477

1.7530059796761326 -0.12616931252465477
1.7517310748279986 -0.12476910887374608

1.7517310748279986 -0.12476910887374608
1.7498867519542889 -0.12271363793912325

1.7498867519542889 -0.12271363793912325
1.7489110823626166 -0.12164988115190242

1.7489110823626166 -0.12164988115190242
1.7467675242324452 -0.1192471083690488

1.7467675242324452 -0.1192471083690488
1.7461055206541243 -0.11853065343005878

1.7461055206541243 -0.11853065343005878
1.7436482965106017 -0.11576093248382917

1.7436482965106017 -0.11576093248382917
1.7433228515439831 -0.11541142570821512

1.7433228515439831 -0.11541142570821512
1.7405521241697057 -0.11229219798637147

1.7405521241697057 -0.11229219798637147
1.740529068788758 -0.11226773058832859

1.740529068788758 -0.11226773058832859
1.737733744296222 -0.10917297026452782

1.737733744296222 -0.10917297026452782
1.7374098410669143 -0.10883237749607123

1.7374098410669143 -0.10883237749607123
1.7348333107817731 -0.10605374254268417

1.7348333107817731 -0.10605374254268417
1.7342906133450706 -0.10549020005452887

1.7342906133450706 -0.10549020005452887
1.7318563026946325 -0.10293451482084051

1.7318563026946325 -0.10293451482084051
1.7311713856232269 -0.10223342623338018

1.7311713856232269 -0.10223342623338018
1.7288093914101508 -0.099815287098996869

1.7288093914101508 -0.099815287098996869
1.7280521579013834 -0.099052505149972603

1.7280521579013834 -0.099052505149972603
1.7256908828118129 -0.096696059377153212

1.7256908828118129 -0.096696059377153212
1.7249329301795397 -0.095945847896259429

1.7249329301795397 -0.095945847896259429
1.7224948204486294 -0.093576831655309556

1.7224948204486294 -0.093576831655309556
1.721813702457696 -0.092914060501786869

1.721813702457696 -0.092914060501786869
1.7192105709195789 -0.090457603933465913

1.7192105709195789 -0.090457603933465913
1.7186944747358524 -0.089963839157397474

1.7186944747358524 -0.089963839157397474
1.7158072421856536 -0.087338376211622257

1.7158072421856536 -0.087338376211622257
1.7155752470140089 -0.087120417181268506

1.7155752470140089 -0.087120417181268506
1.7124560192921652 -0.08439496690337632

1.7124560192921652 -0.08439496690337632
1.7122648524046795 -0.0842191484897786

1.7122648524046795 -0.0842191484897786
1.7093367915703215 -0.081713755258502524

1.7093367915703215 -0.081713755258502524
1.7086514376839645 -0.081099920767934958

1.7086514376839645 -0.081099920767934958
1.7062175638484778 -0.079041623883189319

1.7062175638484778 -0.079041623883189319
1.7049899211263586 -0.077980693046091301

1.7049899211263586 -0.077980693046091301
1.7030983361266341 -0.07639345236676999

1.7030983361266341 -0.07639345236676999
1.701231509836908 -0.074861465324247645

1.701231509836908 -0.074861465324247645
1.6999791084047906 -0.073817236970641839

1.6999791084047906 -0.073817236970641839
1.6972590344579344 -0.071742237602403988

1.6972590344579344 -0.071742237602403988
1.6968598806829469 -0.071411709277411611

1.6968598806829469 -0.071411709277411611
1.6937406529611032 -0.069174573614995266

1.6937406529611032 -0.069174573614995266
1.693044853435455 -0.068623009880560346

1.693044853435455 -0.068623009880560346
1.6906214252392595 -0.066856732649994199

1.6906214252392595 -0.066856732649994199
1.6887664907294215 -0.065503782158716689

1.6887664907294215 -0.065503782158716689
1.6875021975174158 -0.064557495792956346

1.6875021975174158 -0.064557495792956346
1.6843829697955723 -0.062480458712989642

1.6843829697955723 -0.062480458712989642
1.6842557224917154 -0.062384554436873046

1.6842557224917154 -0.062384554436873046
1.6812637420737286 -0.060415046247788942

1.6812637420737286 -0.060415046247788942
1.6795598261928069 -0.05926532671502939

1.6795598261928069 -0.05926532671502939
1.6781445143518849 -0.058297681534491011

1.6781445143518849 -0.058297681534491011
1.6750252866300412 -0.056397475489726505

1.6750252866300412 -0.056397475489726505
1.674662312670947 -0.05614609899318574

1.674662312670947 -0.05614609899318574
1.6719060589081975 -0.054452568444360944

1.6719060589081975 -0.054452568444360944
1.6695530850701539 -0.053026871271342091

1.6695530850701539 -0.053026871271342091
1.6687868311863541 -0.052525660604140684

1.6687868311863541 -0.052525660604140684
1.6656676034645104 -0.050777608976740538

1.6656676034645104 -0.050777608976740538
1.6642046561602273 -0.049907643549498434

1.6642046561602273 -0.049907643549498434
1.6625483757426667 -0.048933551384944297

1.6625483757426667 -0.048933551384944297
1.659429148020823 -0.047266339407381078

1.659429148020823 -0.047266339407381078
1.6586122811254309 -0.046788415827654785

1.6586122811254309 -0.046788415827654785
1.6563099202989793 -0.045531403707461476

1.6563099202989793 -0.045531403707461476
1.6531906925771358 -0.043925190707643592

1.6531906925771358 -0.043925190707643592
1.6527377841296624 -0.043669188105811135

1.6527377841296624 -0.043669188105811135
1.6500714648552921 -0.042301953990771718

1.6500714648552921 -0.042301953990771718
1.6469522371334484 -0.040776863007953114

1.6469522371334484 -0.040776863007953114
1.6465248574642339 -0.040549960383967479

1.6465248574642339 -0.040549960383967479
1.6438330094116047 -0.039248670281709398

1.6438330094116047 -0.039248670281709398
1.640713781689761 -0.037815884203679609

1.640713781689761 -0.037815884203679609
1.6399194570693401 -0.037430732662123829

1.6399194570693401 -0.037430732662123829
1.6375945539679175 -0.036368642163249698

1.6375945539679175 -0.036368642163249698
1.6344753262460738 -0.035024039724162105

1.6344753262460738 -0.035024039724162105
1.63284009336194 -0.034311504940280173

1.63284009336194 -0.034311504940280173
1.6313560985242301 -0.033662569347769462

1.6313560985242301 -0.033662569347769462
1.6282368708023864 -0.032397002876845452

1.6282368708023864 -0.032397002876845452
1.6252109330677889 -0.03119227721843652

1.6252109330677889 -0.03119227721843652
1.625117643080543 -0.031151380683355091

1.625117643080543 -0.031151380683355091
1.6219984153586993 -0.029956436580039245

1.6219984153586993 -0.029956436580039245
1.6188791876368556 -0.028808362459700962

1.6188791876368556 -0.028808362459700962
1.6168544466582655 -0.028073049496592867

1.6168544466582655 -0.028073049496592867
1.6157599599150119 -0.027665042756381375

1.6157599599150119 -0.027665042756381375
1.6126407321931682 -0.026592610860599143

1.6126407321931682 -0.026592610860599143
1.6095215044713247 -0.025549472904628147

1.6095215044713247 -0.025549472904628147
1.6077253451423472 -0.024953821774749217

1.6077253451423472 -0.024953821774749217
1.606402276749481 -0.024510007089808251

1.606402276749481 -0.024510007089808251
1.6032830490276373 -0.023531018613721432

1.6032830490276373 -0.023531018613721432
1.6001638213057936 -0.022571945279165995

1.6001638213057936 -0.022571945279165995
1.5977171006132698 -0.021834594052905564

1.5977171006132698 -0.021834594052905564
1.5970445935839499 -0.021623020632018472

1.5970445935839499 -0.021623020632018472
1.5939253658621064 -0.020720061731347592

1.5939253658621064 -0.020720061731347592
1.5908061381402627 -0.019835564250899385

1.5908061381402627 -0.019835564250899385
1.587686910418419 -0.018986651025835383

1.587686910418419 -0.018986651025835383
1.5867008476400748 -0.018715366331061911

1.5867008476400748 -0.018715366331061911
1.5845676826965753 -0.018143578227676715

1.5845676826965753 -0.018143578227676715
1.5814484549747316 -0.017343176546182552

1.5814484549747316 -0.017343176546182552
1.5783292272528882 -0.016567653628393825

1.5783292272528882 -0.016567653628393825
1.5752099995310445 -0.015829597482903839

1.5752099995310445 -0.015829597482903839
1.5742123712881826 -0.015596138609218262

1.5742123712881826 -0.015596138609218262
1.5720907718092008 -0.015110591208317814

1.5720907718092008 -0.015110591208317814
1.5689715440873571 -0.0144382200331471

1.5689715440873571 -0.0144382200331471
1.5658523163655134 -0.013797944077845022

1.5658523163655134 -0.013797944077845022
1.5627330886436699 -0.013191237902423256

1.5627330886436699 -0.013191237902423256
1.5596138609218262 -0.012622644556311827

1.5596138609218262 -0.012622644556311827
1.5587883953419499 -0.012476910887374609

1.5587883953419499 -0.012476910887374609
1.5564946331999825 -0.012080739653149349

1.5564946331999825 -0.012080739653149349
1.5533754054781388 -0.011578020904536917

1.5533754054781388 -0.011578020904536917
1.5502561777562953 -0.011105818335367865

1.5502561777562953 -0.011105818335367865
1.5471369500344516 -0.010663967392043668

1.5471369500344516 -0.010663967392043668
1.5440177223126079 -0.010251832284422831

1.5440177223126079 -0.010251832284422831
1.5408984945907642 -0.0098670735199780871

1.5408984945907642 -0.0098670735199780871
1.5377792668689205 -0.0095087315172376237

1.5377792668689205 -0.0095087315172376237
1.5363937155893865 -0.0093576831655309573

1.5363937155893865 -0.0093576831655309573
1.534660039147077 -0.0091694166440840254

1.534660039147077 -0.0091694166440840254
1.5315408114252334 -0.0088541507562313933

1.5315408114252334 -0.0088541507562313933
1.5284215837033897 -0.0085602918287078777

1.5284215837033897 -0.0085602918287078777
1.525302355981546 -0.0082903256865563026

1.525302355981546 -0.0082903256865563026
1.5221831282597023 -0.0080429403652197504

1.5221831282597023 -0.0080429403652197504
1.5190639005378588 -0.0078174135889835464

1.5190639005378588 -0.0078174135889835464
1.5159446728160151 -0.0076149633014931592

1.5159446728160151 -0.0076149633014931592
1.5128254450941714 -0.007437834185002783

1.5128254450941714 -0.007437834185002783
1.5097062173723277 -0.0072883668607828999

1.5097062173723277 -0.0072883668607828999
1.506586989650484 -0.0071685799189921857

1.506586989650484 -0.0071685799189921857
1.5034677619286405 -0.0070800102310439456

1.5034677619286405 -0.0070800102310439456
1.5003485342067968 -0.0070238780237916144

1.5003485342067968 -0.0070238780237916144
1.4972293064849531 -0.0070013004219886786

1.4972293064849531 -0.0070013004219886786
1.4941100787631094 -0.0070131430095922093

1.4941100787631094 -0.0070131430095922093
1.4909908510412657 -0.0070598124921015006

1.4909908510412657 -0.0070598124921015006
1.4878716233194222 -0.0071412442275515476

1.4878716233194222 -0.0071412442275515476
1.4847523955975785 -0.0072569299702463716

1.4847523955975785 -0.0072569299702463716
1.4816331678757348 -0.0074059113140690393

1.4816331678757348 -0.0074059113140690393
1.4785139401538911 -0.0075869377648747349

1.4785139401538911 -0.0075869377648747349
1.4753947124320475 -0.0077985174423709971

1.4753947124320475 -0.0077985174423709971
1.472275484710204 -0.0080392686541770151

1.472275484710204 -0.0080392686541770151
1.4691562569883603 -0.0083085130753744029

1.4691562569883603 -0.0083085130753744029
1.4660370292665166 -0.0086062431504328653

1.4660370292665166 -0.0086062431504328653
1.4629178015446729 -0.008932271604225963

1.4629178015446729 -0.008932271604225963
1.4597985738228294 -0.0092844089985628462

1.4597985738228294 -0.0092844089985628462
1.4592096282576139 -0.0093576831655309573

1.4592096282576139 -0.0093576831655309573
1.4566793461009857 -0.0096668511604335993

1.4566793461009857 -0.0096668511604335993
1.453560118379142 -0.010074648573457459

1.453560118379142 -0.010074648573457459
1.4504408906572983 -0.010511436122707395

1.4504408906572983 -0.010511436122707395
1.4473216629354546 -0.010979297734553167

1.4473216629354546 -0.010979297734553167
1.4442024352136111 -0.011480836272701554

1.4442024352136111 -0.011480836272701554
1.4410832074917674 -0.012018011819152789

1.4410832074917674 -0.012018011819152789
1.4386060678053945 -0.012476910887374609

1.4386060678053945 -0.012476910887374609
1.4379639797699237 -0.012599395703788308

1.4379639797699237 -0.012599395703788308
1.43484475204808 -0.013212382752401887

1.43484475204808 -0.013212382752401887
1.4317255243262363 -0.013870203093802227

1.4317255243262363 -0.013870203093802227
1.4286062966043929 -0.014571815386039662

1.4286062966043929 -0.014571815386039662
1.4254870688825492 -0.015311022225377724

1.4254870688825492 -0.015311022225377724
1.4243922380098943 -0.015596138609218262

1.4243922380098943 -0.015596138609218262
1.4223678411607055 -0.016114249183015433

1.4223678411607055 -0.016114249183015433
1.4192486134388618 -0.016946013511329718

1.4192486134388618 -0.016946013511329718
1.4161293857170181 -0.01782500217755419

1.4161293857170181 -0.01782500217755419
1.4131200873867129 -0.018715366331061911

1.4131200873867129 -0.018715366331061911
1.4130101579951746 -0.018750360251310098

1.4130101579951746 -0.018750360251310098
1.4098909302733309 -0.019713810235560535

1.4098909302733309 -0.019713810235560535
1.4067717025514872 -0.020720869604419122

1.4067717025514872 -0.020720869604419122
1.4036524748296435 -0.02176357711262953

1.4036524748296435 -0.02176357711262953
1.4034643741903672 -0.021834594052905564

1.4034643741903672 -0.021834594052905564
1.4005332471077998 -0.022858085383579373

1.4005332471077998 -0.022858085383579373
1.3974140193859563 -0.023983769817711338

1.3974140193859563 -0.023983769817711338
1.3948346464241934 -0.024953821774749217

1.3948346464241934 -0.024953821774749217
1.3942947916641126 -0.025170572033699795

1.3942947916641126 -0.025170572033699795
1.3911755639422689 -0.026368943521095051

1.3911755639422689 -0.026368943521095051
1.3880563362204252 -0.027603428392524356

1.3880563362204252 -0.027603428392524356
1.3869780457768386 -0.028073049496592867

1.3869780457768386 -0.028073049496592867
1.3849371084985815 -0.028934646910935065

1.3849371084985815 -0.028934646910935065
1.3818178807767381 -0.030259265789784169

1.3818178807767381 -0.030259265789784169
1.3797566294647556 -0.03119227721843652

1.3797566294647556 -0.03119227721843652
1.3786986530548944 -0.031690319849653217

1.3786986530548944 -0.031690319849653217
1.3755794253330507 -0.033104691493296354

1.3755794253330507 -0.033104691493296354
1.3730741933564468 -0.034311504940280173

1.3730741933564468 -0.034311504940280173
1.372460197611207 -0.034631370574044064

1.372460197611207 -0.034631370574044064
1.3693409698893635 -0.036150968988992553

1.3693409698893635 -0.036150968988992553
1.3668673485853216 -0.037430732662123829

1.3668673485853216 -0.037430732662123829
1.3662217421675198 -0.037793037572308799

1.3662217421675198 -0.037793037572308799
1.3631025144456761 -0.039405580035755838

1.3631025144456761 -0.039405580035755838
1.3610517910510718 -0.040549960383967479

1.3610517910510718 -0.040549960383967479
1.3599832867238324 -0.041175171630619047

1.3599832867238324 -0.041175171630619047
1.3568640590019887 -0.042869951936331648

1.3568640590019887 -0.042869951936331648
1.3555661017521461 -0.043669188105811135

1.3555661017521461 -0.043669188105811135
1.3537448312801452 -0.044765103772426804

1.3537448312801452 -0.044765103772426804
1.3506256035583015 -0.046594548436925842

1.3506256035583015 -0.046594548436925842
1.3503455423852697 -0.046788415827654785

1.3503455423852697 -0.046788415827654785
1.3475063758364578 -0.048533120947078401

1.3475063758364578 -0.048533120947078401
1.3453834550750985 -0.049907643549498434

1.3453834550750985 -0.049907643549498434
1.3443871481146141 -0.050593995191524278

1.3443871481146141 -0.050593995191524278
1.3412679203927704 -0.052534375945914424

1.3412679203927704 -0.052534375945914424
1.3405916530167172 -0.053026871271342091

1.3405916530167172 -0.053026871271342091
1.338148692670927 -0.054662840622784439

1.338148692670927 -0.054662840622784439
1.3360208170211925 -0.05614609899318574

1.3360208170211925 -0.05614609899318574
1.3350294649490833 -0.056881589211062587

1.3350294649490833 -0.056881589211062587
1.3319102372272396 -0.058976473967437097

1.3319102372272396 -0.058976473967437097
1.3315408965644888 -0.05926532671502939

1.3315408965644888 -0.05926532671502939
1.3287910095053959 -0.061209944802752589

1.3287910095053959 -0.061209944802752589
1.3272624985985042 -0.062384554436873046

1.3272624985985042 -0.062384554436873046
1.3256717817835522 -0.063608827837474638

1.3256717817835522 -0.063608827837474638
1.3231409937873357 -0.065503782158716689

1.3231409937873357 -0.065503782158716689
1.3225525540617087 -0.06598453621526848

1.3225525540617087 -0.06598453621526848
1.319433326339865 -0.068273309136330923

1.319433326339865 -0.068273309136330923
1.3190158858830774 -0.068623009880560346

1.3190158858830774 -0.068623009880560346
1.3163140986180213 -0.070708605292299595

1.3163140986180213 -0.070708605292299595
1.3150799219369842 -0.071742237602403988

1.3150799219369842 -0.071742237602403988
1.3131948708961776 -0.073289813341075247

1.3131948708961776 -0.073289813341075247
1.3113022456234944 -0.074861465324247645

1.3113022456234944 -0.074861465324247645
1.3100756431743339 -0.075907661542933061

1.3100756431743339 -0.075907661542933061
1.3075292248795505 -0.077980693046091301

1.3075292248795505 -0.077980693046091301
1.3069564154524904 -0.078480110305571948

1.3069564154524904 -0.078480110305571948
1.3038371877306467 -0.080982561598795827

1.3038371877306467 -0.080982561598795827
1.3037049900877784 -0.081099920767934958

1.3037049900877784 -0.081099920767934958
1.300717960008803 -0.083539904082124944

1.300717960008803 -0.083539904082124944
1.2999461430477095 -0.0842191484897786

1.2999461430477095 -0.0842191484897786
1.2975987322869593 -0.086181534271933286

1.2975987322869593 -0.086181534271933286
1.2962600223460601 -0.087338376211622257

1.2962600223460601 -0.087338376211622257
1.2944795045651156 -0.088853177307518155

1.2944795045651156 -0.088853177307518155
1.2925707707181868 -0.090457603933465913

1.2925707707181868 -0.090457603933465913
1.2913602768432721 -0.091497576377588763

1.2913602768432721 -0.091497576377588763
1.2887693198837074 -0.093576831655309556

1.2887693198837074 -0.093576831655309556
1.2882410491214284 -0.094030565621984696

1.2882410491214284 -0.094030565621984696
1.2851218213995848 -0.096405016483222958

1.2851218213995848 -0.096405016483222958
1.2847759873958522 -0.096696059377153212

1.2847759873958522 -0.096696059377153212
1.2820025936777411 -0.098801316121435348

1.2820025936777411 -0.098801316121435348
1.2807204526907179 -0.099815287098996869

1.2807204526907179 -0.099815287098996869
1.2788833659558976 -0.1012233263282397

1.2788833659558976 -0.1012233263282397
1.2764739343070637 -0.10293451482084051

1.2764739343070637 -0.10293451482084051
1.2757641382340539 -0.1034758538048772

1.2757641382340539 -0.1034758538048772
1.2726449105122102 -0.10546398854163599

1.2726449105122102 -0.10546398854163599
1.2717957062569354 -0.10605374254268417

1.2717957062569354 -0.10605374254268417
1.2695256827903665 -0.10750960985026112

1.2695256827903665 -0.10750960985026112
1.2666875288699269 -0.10917297026452782

1.2666875288699269 -0.10917297026452782
1.2664064550685228 -0.10935722763718353

1.2664064550685228 -0.10935722763718353
1.2632872273466793 -0.11100750355202062

1.2632872273466793 -0.11100750355202062
1.26063133039868 -0.11229219798637147

1.26063133039868 -0.11229219798637147
1.2601679996248356 -0.11253497500624302

1.2601679996248356 -0.11253497500624302
1.2570487719029919 -0.11384418817471802

1.2570487719029919 -0.11384418817471802
1.2539295441811482 -0.1149894305787099

1.2539295441811482 -0.1149894305787099
1.2525941882060103 -0.11541142570821512

1.2525941882060103 -0.11541142570821512
1.2508103164593045 -0.11596410844695092

1.2508103164593045 -0.11596410844695092
1.247691088737461 -0.1167193322702602

1.247691088737461 -0.1167193322702602
1.2445718610156173 -0.11728999586975469

1.2445718610156173 -0.11728999586975469
1.2414526332937736 -0.11765872437683736

1.2414526332937736 -0.11765872437683736
1.2383334055719299 -0.11782152754976979

1.2383334055719299 -0.11782152754976979
1.2352141778500862 -0.11777713675223221

1.2352141778500862 -0.11777713675223221
1.2320949501282428 -0.11752999772298381

1.2320949501282428 -0.11752999772298381
1.2289757224063991 -0.11708073285812384

1.2289757224063991 -0.11708073285812384
1.2258564946845554 -0.11642206660916937

1.2258564946845554 -0.11642206660916937
1.2227372669627117 -0.11556400281451536

1.2227372669627117 -0.11556400281451536
1.2223142697049532 -0.11541142570821512

1.2223142697049532 -0.11541142570821512
1.219618039240868 -0.1144920290695126

1.219618039240868 -0.1144920290695126
1.2164988115190245 -0.11325263003263776

1.2164988115190245 -0.11325263003263776
1.2144413349589616 -0.11229219798637147

1.2144413349589616 -0.11229219798637147
1.2133795837971808 -0.11177360772280066

1.2133795837971808 -0.11177360772280066
1.2102603560753371 -0.11021545310823284

1.2102603560753371 -0.11021545310823284
1.2084748638350804 -0.10917297026452782

1.2084748638350804 -0.10917297026452782
1.2071411283534934 -0.10837219869812288

1.2071411283534934 -0.10837219869812288
1.2040219006316497 -0.10653629134074576

1.2040219006316497 -0.10653629134074576
1.2033477752402904 -0.10605374254268417

1.2033477752402904 -0.10605374254268417
1.2009026729098062 -0.10443555787080469

1.2009026729098062 -0.10443555787080469
1.1987831907394466 -0.10293451482084051

1.1987831907394466 -0.10293451482084051
1.1977834451879625 -0.10218091031845841

1.1977834451879625 -0.10218091031845841
1.1946642174661188 -0.099986964382011684

1.1946642174661188 -0.099986964382011684
1.1944549039930301 -0.099815287098996869

1.1944549039930301 -0.099815287098996869
1.1915449897442751 -0.097644638324944522

1.1915449897442751 -0.097644638324944522
1.1903996171268172 -0.096696059377153212

1.1903996171268172 -0.096696059377153212
1.1884257620224317 -0.095101872508293536

1.1884257620224317 -0.095101872508293536
1.1865918008276517 -0.093576831655309556

1.1865918008276517 -0.093576831655309556
1.185306534300588 -0.09248110910491715

1.185306534300588 -0.09248110910491715
1.1828722873171067 -0.090457603933465913

1.1828722873171067 -0.090457603933465913
1.1821873065787443 -0.089852796534036897

1.1821873065787443 -0.089852796534036897
1.1791726510899321 -0.087338376211622257

1.1791726510899321 -0.087338376211622257
1.1790680788569006 -0.087243696646991137

1.1790680788569006 -0.087243696646991137
1.1759488511350569 -0.084610765781847549

1.1759488511350569 -0.084610765781847549
1.1755198818618957 -0.0842191484897786

1.1755198818618957 -0.0842191484897786
1.1728296234132134 -0.081884113355790197

1.1728296234132134 -0.081884113355790197
1.1719712727249569 -0.081099920767934958

1.1719712727249569 -0.081099920767934958
1.1697103956913697 -0.079093530637277587

1.1697103956913697 -0.079093530637277587
1.168492836384756 -0.077980693046091301

1.168492836384756 -0.077980693046091301
1.166591167969526 -0.076265227269494307

1.166591167969526 -0.076265227269494307
1.1650504705152687 -0.074861465324247645

1.1650504705152687 -0.074861465324247645
1.1634719402476823 -0.073425046003307834

1.1634719402476823 -0.073425046003307834
1.1616067971060833 -0.071742237602403988

1.1616067971060833 -0.071742237602403988
1.1603527125258386 -0.070597781818324601

1.1603527125258386 -0.070597781818324601
1.1581307270154042 -0.068623009880560346

1.1581307270154042 -0.068623009880560346
1.1572334848039951 -0.067803298795219707

1.1572334848039951 -0.067803298795219707
1.1545916608585463 -0.065503782158716689

1.1545916608585463 -0.065503782158716689
1.1541142570821514 -0.06506767597477052

1.1541142570821514 -0.06506767597477052
1.1509950293603077 -0.062416266226229804

1.1509950293603077 -0.062416266226229804
1.1509602009471958 -0.062384554436873046

1.1509602009471958 -0.062384554436873046
1.147875801638464 -0.059786416662357733

1.147875801638464 -0.059786416662357733
1.1472947677941416 -0.05926532671502939

1.1472947677941416 -0.05926532671502939
1.1447565739166203 -0.057117569975964844

1.1447565739166203 -0.057117569975964844
1.1436514681886487 -0.05614609899318574

1.1436514681886487 -0.05614609899318574
1.1416373461947769 -0.054430329178164559

1.1416373461947769 -0.054430329178164559
1.1399942713546216 -0.053026871271342091

1.1399942713546216 -0.053026871271342091
1.1385181184729332 -0.051764387800679247

1.1385181184729332 -0.051764387800679247
1.1362482611591385 -0.049907643549498434

1.1362482611591385 -0.049907643549498434
1.1353988907510895 -0.049180691112580242

1.1353988907510895 -0.049180691112580242
1.1323265891825591 -0.046788415827654785

1.1323265891825591 -0.046788415827654785
1.1322796630292458 -0.04674819028028121

1.1322796630292458 -0.04674819028028121
1.1291604353074021 -0.044369977087252863

1.1291604353074021 -0.044369977087252863
1.1283109705971348 -0.043669188105811135

1.1283109705971348 -0.043669188105811135
1.1260412075855586 -0.041911231621783181

1.1260412075855586 -0.041911231621783181
1.124298241269196 -0.040549960383967479

1.124298241269196 -0.040549960383967479
1.1229219798637149 -0.039461720170627532

1.1229219798637149 -0.039461720170627532
1.1201276297591081 -0.037430732662123829

1.1201276297591081 -0.037430732662123829
1.1198027521418712 -0.037170008158438642

1.1198027521418712 -0.037170008158438642
1.1166835244200275 -0.035006912123087687

1.1166835244200275 -0.035006912123087687
1.1157763046413927 -0.034311504940280173

1.1157763046413927 -0.034311504940280173
1.1135642966981838 -0.032725520743259941

1.1135642966981838 -0.032725520743259941
1.1113897742921945 -0.03119227721843652

1.1113897742921945 -0.03119227721843652
1.1104450689763403 -0.030485839374326008

1.1104450689763403 -0.030485839374326008
1.1073258412544966 -0.028455869326450254

1.1073258412544966 -0.028455869326450254
1.106808680020382 -0.028073049496592867

1.106808680020382 -0.028073049496592867
1.1042066135326529 -0.026336610879997939

1.1042066135326529 -0.026336610879997939
1.1021431701666242 -0.024953821774749217

1.1021431701666242 -0.024953821774749217
1.1010873858108092 -0.024209522473048365

1.1010873858108092 -0.024209522473048365
1.0979681580889658 -0.022293834563138198

1.0979681580889658 -0.022293834563138198
1.0973077417429589 -0.021834594052905564

1.0973077417429589 -0.021834594052905564
1.0948489303671221 -0.020276565879606287

1.0948489303671221 -0.020276565879606287
1.0923294685792693 -0.018715366331061911

1.0923294685792693 -0.018715366331061911
1.0917297026452784 -0.018307446900899374

1.0917297026452784 -0.018307446900899374
1.0886104749234347 -0.016498730382516136

1.0886104749234347 -0.016498730382516136
1.0871479890692488 -0.015596138609218262

1.0871479890692488 -0.015596138609218262
1.085491247201591 -0.01458515219158724

1.085491247201591 -0.01458515219158724
1.0823720194797475 -0.012850085094504532

1.0823720194797475 -0.012850085094504532
1.0817725404492868 -0.012476910887374609

1.0817725404492868 -0.012476910887374609
1.0792527917579038 -0.011047795897967826

1.0792527917579038 -0.011047795897967826
1.0761767877507038 -0.0093576831655309573

1.0761767877507038 -0.0093576831655309573
1.0761335640360601 -0.0093304370885149805

1.0761335640360601 -0.0093304370885149805
1.0730143363142164 -0.0076562240049158964

1.0730143363142164 -0.0076562240049158964
1.0703353117518426 -0.0062384554436873043

1.0703353117518426 -0.0062384554436873043
1.0698951085923727 -0.0059814368233799941

1.0698951085923727 -0.0059814368233799941
1.0667758808705292 -0.0044012213353479684

1.0667758808705292 -0.0044012213353479684
1.0642567641726712 -0.0031192277218436521

1.0642567641726712 -0.0031192277218436521
1.0636566531486855 -0.0027882794190229525

1.0636566531486855 -0.0027882794190229525
1.0605374254268418 -0.0012690355968221242

1.0605374254268418 -0.0012690355968221242
1.0605374254268418 -0.0012690355968221242

1.0605374254268418 -0.0012690355968221242
1.057949844127591 0

1.057949844127591 0
1.0574181977049981 0.00028337867643085006

1.0574181977049981 0.00028337867643085006
1.0542989699831544 0.0017585649586201364

1.0542989699831544 0.0017585649586201364
1.0514268596396643 0.0031192277218436517

1.0514268596396643 0.0031192277218436517
1.0511797422613109 0.003249140248895666

1.0511797422613109 0.003249140248895666
1.0480605145394672 0.0046916386640856265

1.0480605145394672 0.0046916386640856265
1.0449412868176235 0.0061146754247512012

1.0449412868176235 0.0061146754247512012
1.044694988472709 0.0062384554436873043

1.044694988472709 0.0062384554436873043
1.0418220590957799 0.0075431178085019089

1.0418220590957799 0.0075431178085019089
1.0387028313739362 0.0089137451305034195

1.0387028313739362 0.0089137451305034195
1.0377490400389766 0.0093576831655309556

1.0377490400389766 0.0093576831655309556
1.0355836036520927 0.010321195270337894

1.0355836036520927 0.010321195270337894
1.032464375930249 0.011650781958627548

1.032464375930249 0.011650781958627548
1.0305582796862542 0.012476910887374609

1.0305582796862542 0.012476910887374609
1.0293451482084053 0.013015166763242495

1.0293451482084053 0.013015166763242495
1.0262259204865616 0.014301488901239136

1.0262259204865616 0.014301488901239136
1.0231066927647179 0.015581266118327629

1.0231066927647179 0.015581266118327629
1.0230733741725695 0.01559613860921826

1.0230733741725695 0.01559613860921826
1.0199874650428744 0.016836729734618767

1.0199874650428744 0.016836729734618767
1.0168682373210307 0.01805105808765466

1.0168682373210307 0.01805105808765466
1.0151784472714667 0.018715366331061915

1.0151784472714667 0.018715366331061915
1.013749009599187 0.019281344102209969

1.013749009599187 0.019281344102209969
1.0106297818773433 0.020441150982873753

1.0106297818773433 0.020441150982873753
1.0075105541554998 0.021576815333158618

1.0075105541554998 0.021576815333158618
1.0068358991211486 0.021834594052905568

1.0068358991211486 0.021834594052905568
1.0043913264336561 0.022719755238745202

1.0043913264336561 0.022719755238745202
1.0012720987118124 0.02381734976333039

1.0012720987118124 0.02381734976333039
0.99815287098996863 0.024890960164112942

0.99815287098996863 0.024890960164112942
0.99798180373814627 0.024953821774749217

0.99798180373814627 0.024953821774749217
0.99503364326812505 0.02595452185818076

0.99503364326812505 0.02595452185818076
0.99191441554628135 0.026994908536356572

0.99191441554628135 0.026994908536356572
0.98879518782443776 0.028014635173553463

0.98879518782443776 0.028014635173553463
0.98862782102873481 0.02807304949659287

0.98862782102873481 0.02807304949659287
0.98567596010259406 0.02902833096188041

0.98567596010259406 0.02902833096188041
0.98255673238075036 0.030024059876491635

0.98255673238075036 0.030024059876491635
0.97943750465890678 0.030997681600129317

0.97943750465890678 0.030997681600129317
0.97884579970845764 0.03119227721843652

0.97884579970845764 0.03119227721843652
0.97631827693706308 0.031982852517713677

0.97631827693706308 0.031982852517713677
0.97319904921521949 0.032944432487113942

0.97319904921521949 0.032944432487113942
0.97007982149337579 0.033888198201139065

0.97007982149337579 0.033888198201139065
0.96871469621772555 0.034311504940280173

0.96871469621772555 0.034311504940280173
0.9669605937715321 0.034850010759532951

0.9669605937715321 0.034850010759532951
0.96384136604968851 0.035776495364182537

0.96384136604968851 0.035776495364182537
0.96072213832784481 0.036698395477535929

0.96072213832784481 0.036698395477535929
0.95823171730823842 0.037430732662123822

0.95823171730823842 0.037430732662123822
0.95760291060600122 0.03762404872427759

0.95760291060600122 0.03762404872427759
0.95448368288415752 0.038519788359955183

0.95448368288415752 0.038519788359955183
0.95136445516231394 0.039414408433359353

0.95136445516231394 0.039414408433359353
0.94824522744047024 0.040289525575721991

0.94824522744047024 0.040289525575721991
0.94734942024369184 0.040549960383967479

0.94734942024369184 0.040549960383967479
0.94512599971862654 0.041176723468320603

0.94512599971862654 0.041176723468320603
0.94200677199678295 0.042037962993814959

0.94200677199678295 0.042037962993814959
0.93888754427493926 0.042893072485105842

0.93888754427493926 0.042893072485105842
0.93603089779108639 0.043669188105811128

0.93603089779108639 0.043669188105811128
0.93576831655309567 0.043744773291454486

0.93576831655309567 0.043744773291454486
0.93264908883125197 0.044579701953890029

0.93264908883125197 0.044579701953890029
0.92952986110940827 0.045411502907072167

0.92952986110940827 0.045411502907072167
0.92641063338756469 0.046232382425962733

0.92641063338756469 0.046232382425962733
0.92430606121748371 0.046788415827654778

0.92430606121748371 0.046788415827654778
0.92329140566572099 0.047062756032682167

0.92329140566572099 0.047062756032682167
0.9201721779438774 0.047867165146309662

0.9201721779438774 0.047867165146309662
0.9170529502220337 0.048674113901637409

0.9170529502220337 0.048674113901637409
0.91393372250019 0.049469778092519019

0.91393372250019 0.049469778092519019
0.91224162505270334 0.049907643549498434

0.91224162505270334 0.049907643549498434
0.91081449477834642 0.050278909393990441

0.91081449477834642 0.050278909393990441
0.90769526705650272 0.051063491308180511

0.90769526705650272 0.051063491308180511
0.90457603933465913 0.051849658758899839

0.90457603933465913 0.051849658758899839
0.90145681161281543 0.052624053180205084

0.90145681161281543 0.052624053180205084
0.89985849636889659 0.053026871271342084

0.89985849636889659 0.053026871271342084
0.89833758389097185 0.053410694999228618

0.89833758389097185 0.053410694999228618
0.89521835616912815 0.054173414666866843

0.89521835616912815 0.054173414666866843
0.89209912844728445 0.054935924775939678

0.89209912844728445 0.054935924775939678
0.88897990072544086 0.055687083533550945

0.88897990072544086 0.055687083533550945
0.88708435086211279 0.056146098993185733

0.88708435086211279 0.056146098993185733
0.88586067300359717 0.056446249931678898

0.88586067300359717 0.056446249931678898
0.88274144528175358 0.057181112351616076

0.88274144528175358 0.057181112351616076
0.87962221755990988 0.057914811717406665

0.87962221755990988 0.057914811717406665
0.87650298983806618 0.058639733707607083

0.87650298983806618 0.058639733707607083
0.87378942415119298 0.05926532671502939

0.87378942415119298 0.05926532671502939
0.8733837621162226 0.059362989361894776

0.8733837621162226 0.059362989361894776
0.8702645343943789 0.060070068706177857

0.8702645343943789 0.060070068706177857
0.86714530667253531 0.060774029052079341

0.86714530667253531 0.060774029052079341
0.86402607895069161 0.061471320724083581

0.86402607895069161 0.061471320724083581
0.86090685122884802 0.062156778623591251

0.86090685122884802 0.062156778623591251
0.85989778344844592 0.06238455443687304

0.85989778344844592 0.06238455443687304
0.85778762350700433 0.062851498027118077

0.85778762350700433 0.062851498027118077
0.85466839578516063 0.063531088540716721

0.85466839578516063 0.063531088540716721
0.85154916806331704 0.064209689067615386

0.85154916806331704 0.064209689067615386
0.84842994034147334 0.064884555840944269

0.84842994034147334 0.064884555840944269
0.84555352918426374 0.065503782158716703

0.84555352918426374 0.065503782158716703
0.84531071261962976 0.065558535061833859

0.84531071261962976 0.065558535061833859
0.84219148489778606 0.066223460135276607

0.84219148489778606 0.066223460135276607
0.83907225717594236 0.066886530712154779

0.83907225717594236 0.066886530712154779
0.83595302945409877 0.067544450831284783

0.83595302945409877 0.067544450831284783
0.83283380173225507 0.068193829721488478

0.83283380173225507 0.068193829721488478
0.8307701463371312 0.068623009880560346

0.8307701463371312 0.068623009880560346
0.82971457401041149 0.068846218817991536

0.82971457401041149 0.068846218817991536
0.82659534628856779 0.069477829846905106

0.82659534628856779 0.069477829846905106
0.82347611856672409 0.070105282331880611

0.82347611856672409 0.070105282331880611
0.8203568908448805 0.070723184598914982

0.8203568908448805 0.070723184598914982
0.81723766312303681 0.071329685543053314

0.81723766312303681 0.071329685543053314
0.81510126514444403 0.071742237602404002

0.81510126514444403 0.071742237602404002
0.81411843540119322 0.071935407506693763

0.81411843540119322 0.071935407506693763
0.81099920767934952 0.072521986796515059

0.81099920767934952 0.072521986796515059
0.80787997995750593 0.07310510794570528

0.80787997995750593 0.07310510794570528
0.80476075223566224 0.073681318480035299

0.80476075223566224 0.073681318480035299
0.80164152451381854 0.074251585769915154

0.80164152451381854 0.074251585769915154
0.79852229679197495 0.074815022949209858

0.79852229679197495 0.074815022949209858
0.79827398492597246 0.074861465324247659

0.79827398492597246 0.074861465324247659
0.79540306907013125 0.075378034498728361

0.79540306907013125 0.075378034498728361
0.79228384134828767 0.075935415072961004

0.79228384134828767 0.075935415072961004
0.78916461362644397 0.076490043500385602

0.78916461362644397 0.076490043500385602
0.78604538590460027 0.077042237871700309

0.78604538590460027 0.077042237871700309
0.78292615818275668 0.077589743740554107

0.78292615818275668 0.077589743740554107
0.78070275927619459 0.077980693046091315

0.78070275927619459 0.077980693046091315
0.77980693046091298 0.078141207516635308

0.77980693046091298 0.078141207516635308
0.7766877027390694 0.078682088287629348

0.7766877027390694 0.078682088287629348
0.7735684750172257 0.079223695387877477

0.7735684750172257 0.079223695387877477
0.77044924729538211 0.079763184780947266

0.77044924729538211 0.079763184780947266
0.76733001957353841 0.080300689061803321

0.76733001957353841 0.080300689061803321
0.76421079185169472 0.080832674159654963

0.76421079185169472 0.080832674159654963
0.7626591263321667 0.081099920767934958

0.7626591263321667 0.081099920767934958
0.76109156412985113 0.081369805134783424

0.76109156412985113 0.081369805134783424
0.75797233640800743 0.081894089068018872

0.75797233640800743 0.081894089068018872
0.75485310868616384 0.082415839242746647

0.75485310868616384 0.082415839242746647
0.75173388096432014 0.082932025236679696

0.75173388096432014 0.082932025236679696
0.74861465324247645 0.083442863028502415

0.74861465324247645 0.083442863028502415
0.74549542552063286 0.083946188796676036

0.74549542552063286 0.083946188796676036
0.74380915149030924 0.084219148489778614

0.74380915149030924 0.084219148489778614
0.74237619779878916 0.084451821096689458

0.74237619779878916 0.084451821096689458
0.73925697007694557 0.084945002025092808

0.73925697007694557 0.084945002025092808
0.73613774235510188 0.085436640219286944

0.73613774235510188 0.085436640219286944
0.73301851463325818 0.085924966012990309

0.73301851463325818 0.085924966012990309
0.72989928691141459 0.086411153259669443

0.72989928691141459 0.086411153259669443
0.72678005918957089 0.086896255064578612

0.72678005918957089 0.086896255064578612
0.72393886256982887 0.087338376211622271

0.72393886256982887 0.087338376211622271
0.72366083146772731 0.087383070231214513

0.72366083146772731 0.087383070231214513
0.72054160374588361 0.087867056608919761

0.72054160374588361 0.087867056608919761
0.71742237602404002 0.088352621830093292

0.71742237602404002 0.088352621830093292
0.71430314830219632 0.088838904269620461

0.71430314830219632 0.088838904269620461
0.71118392058035262 0.089326989174301569

0.71118392058035262 0.089326989174301569
0.70806469285850904 0.089817523991260306

0.70806469285850904 0.089817523991260306
0.70494546513666534 0.090307736794779353

0.70494546513666534 0.090307736794779353
0.70402104900891038 0.090457603933465913

0.70402104900891038 0.090457603933465913
0.70182623741482175 0.090807690164126709

0.70182623741482175 0.090807690164126709
0.69870700969297805 0.091305155548380229

0.69870700969297805 0.091305155548380229
0.69558778197113436 0.091806802298407875

0.69558778197113436 0.091806802298407875
0.69246855424929077 0.09231248050241779

0.69246855424929077 0.09231248050241779
0.68934932652744707 0.092822793014654417

0.68934932652744707 0.092822793014654417
0.68623009880560348 0.093334949845684453

0.68623009880560348 0.093334949845684453
0.68479597298869255 0.09357683165530957

0.68479597298869255 0.09357683165530957
0.68311087108375979 0.093860131073537453

0.68311087108375979 0.093860131073537453
0.6799916433619162 0.094381406973487916

0.6799916433619162 0.094381406973487916
0.6768724156400725 0.094909233423840042

0.6768724156400725 0.094909233423840042
0.6737531879182288 0.095441181473720216

0.6737531879182288 0.095441181473720216
0.67063396019638521 0.095977246097983526

0.67063396019638521 0.095977246097983526
0.66751473247454152 0.096513675760070139

0.66751473247454152 0.096513675760070139
0.6664890117826866 0.096696059377153226

0.6664890117826866 0.096696059377153226
0.66439550475269793 0.097062783349326012

0.66439550475269793 0.097062783349326012
0.66127627703085423 0.097608662196522852

0.66127627703085423 0.097608662196522852
0.65815704930901053 0.098159542915900969

0.65815704930901053 0.098159542915900969
0.65503782158716695 0.098712637182321955

0.65503782158716695 0.098712637182321955
0.65191859386532325 0.099267476614746525

0.65191859386532325 0.099267476614746525
0.64884823514228551 0.099815287098996869

0.64884823514228551 0.099815287098996869
0.64879936614347966 0.099824400626232504

0.64879936614347966 0.099824400626232504
0.64568013842163596 0.10038206366661952

0.64568013842163596 0.10038206366661952
0.64256091069979226 0.10094135731538112

0.64256091069979226 0.10094135731538112
0.63944168297794868 0.10150147044377175

0.63944168297794868 0.10150147044377175
0.63632245525610498 0.10206237331524499

0.63632245525610498 0.10206237331524499
0.63320322753426139 0.10262179687973005

0.63320322753426139 0.10262179687973005
0.63148701540611496 0.10293451482084053

0.63148701540611496 0.10293451482084053
0.63008399981241769 0.10319134251674944

0.63008399981241769 0.10319134251674944
0.62696477209057411 0.10375223980514725

0.62696477209057411 0.10375223980514725
0.62384554436873041 0.10431936058809908

0.62384554436873041 0.10431936058809908
0.62072631664688671 0.10489049880927326

0.62072631664688671 0.10489049880927326
0.61760708892504312 0.10546624048947231

0.61760708892504312 0.10546624048947231
0.61448786120319943 0.10604707032803952

0.61448786120319943 0.10604707032803952
0.61445407668108232 0.10605374254268418

0.61445407668108232 0.10605374254268418
0.61136863348135584 0.1066351905083946

0.61136863348135584 0.1066351905083946
0.60824940575951214 0.10723088904097597

0.60824940575951214 0.10723088904097597
0.60513017803766844 0.1078350965310949

0.60513017803766844 0.1078350965310949
0.60201095031582486 0.10844850177019377

0.60201095031582486 0.10844850177019377
0.59889172259398116 0.10906786934903129

0.59889172259398116 0.10906786934903129
0.59839169748295984 0.10917297026452782

0.59839169748295984 0.10917297026452782
0.59577249487213757 0.10970471961540471

0.59577249487213757 0.10970471961540471
0.59265326715029387 0.11034519833143387

0.59265326715029387 0.11034519833143387
0.58953403942845028 0.11099471641906687

0.58953403942845028 0.11099471641906687
0.58641481170660659 0.11165150643606075

0.58641481170660659 0.11165150643606075
0.58339959354476778 0.11229219798637148

0.58339959354476778 0.11229219798637148
0.58329558398476289 0.1123154566397081

0.58329558398476289 0.1123154566397081
0.5801763562629193 0.11298184819699314

0.5801763562629193 0.11298184819699314
0.5770571285410756 0.11365264591719483

0.5770571285410756 0.11365264591719483
0.57393790081923202 0.1143251265224903

0.57393790081923202 0.1143251265224903
0.57081867309738832 0.11499418130969483

0.57081867309738832 0.11499418130969483
0.56889654070563767 0.11541142570821514

0.56889654070563767 0.11541142570821514
0.56769944537554462 0.11567460899347941

0.56769944537554462 0.11567460899347941
0.56458021765370103 0.11633988676393375

0.56458021765370103 0.11633988676393375
0.56146098993185733 0.11700747361376521

0.56146098993185733 0.11700747361376521
0.55834176221001375 0.11767225339336837

0.55834176221001375 0.11767225339336837
0.55522253448817005 0.11832944720268687

0.55522253448817005 0.11832944720268687
0.55429688722842529 0.11853065343005878

0.55429688722842529 0.11853065343005878
0.55210330676632646 0.11899712496296017

0.55210330676632646 0.11899712496296017
0.54898407904448276 0.11965367565038386

0.54898407904448276 0.11965367565038386
0.54586485132263907 0.12031057724564385

0.54586485132263907 0.12031057724564385
0.54274562360079548 0.12096621343742955

0.54274562360079548 0.12096621343742955
0.53962639587895178 0.12162035429474376

0.53962639587895178 0.12162035429474376
0.53949280892291063 0.12164988115190244

0.53949280892291063 0.12164988115190244
0.53650716815710819 0.12227809285226948

0.53650716815710819 0.12227809285226948
0.5333879404352645 0.12293529245731448

0.5333879404352645 0.12293529245731448
0.5302687127134208 0.12359329285799606

0.5302687127134208 0.12359329285799606
0.52714948499157721 0.12424979034400395

0.52714948499157721 0.12424979034400395
0.52469288626843325 0.12476910887374609

0.52469288626843325 0.12476910887374609
0.52403025726973351 0.12491358789250852

0.52403025726973351 0.12491358789250852
0.52091102954788993 0.12556646948880118

0.52091102954788993 0.12556646948880118
0.51779180182604623 0.12622240627838927

0.51779180182604623 0.12622240627838927
0.51467257410420253 0.12687638863429981

0.51467257410420253 0.12687638863429981
0.51155334638235894 0.12752285375598935

0.51155334638235894 0.12752285375598935
0.5098066299665327 0.12788833659558974

0.5098066299665327 0.12788833659558974
0.50843411866051524 0.12817729865456068

0.50843411866051524 0.12817729865456068
0.50531489093867166 0.12881379426796885

0.50531489093867166 0.12881379426796885
0.50219566321682796 0.12944769952838997

0.50219566321682796 0.12944769952838997
0.49907643549498437 0.13007394134979211

0.49907643549498437 0.13007394134979211
0.49595720777314067 0.13068836778910078

0.49595720777314067 0.13068836778910078
0.49434707698443681 0.13100756431743341

0.49434707698443681 0.13100756431743341
0.49283798005129703 0.13130714762667747

0.49283798005129703 0.13130714762667747
0.48971875232945339 0.13190764976477715

0.48971875232945339 0.13190764976477715
0.48659952460760969 0.13250348038028184

0.48659952460760969 0.13250348038028184
0.48348029688576605 0.13309195522572967

0.48348029688576605 0.13309195522572967
0.48036106916392241 0.13367312017054175

0.48036106916392241 0.13367312017054175
0.477917760277217 0.13412679203927705

0.477917760277217 0.13412679203927705
0.47724184144207876 0.13425567707440483

0.47724184144207876 0.13425567707440483
0.47412261372023512 0.1348253449765737

0.47412261372023512 0.1348253449765737
0.47100338599839148 0.13539337606729782

0.47100338599839148 0.13539337606729782
0.46788415827654778 0.13595875724489043

0.46788415827654778 0.13595875724489043
0.46476493055470414 0.13651987841284802

0.46476493055470414 0.13651987841284802
0.46164570283286049 0.13707003693935077

0.46164570283286049 0.13707003693935077
0.46066400591890017 0.13724601976112069

0.46066400591890017 0.13724601976112069
0.45852647511101685 0.137622875510028

0.45852647511101685 0.137622875510028
0.45540724738917321 0.13816551555062062

0.45540724738917321 0.13816551555062062
0.45228801966732957 0.13870291342422028

0.45228801966732957 0.13870291342422028
0.44916879194548587 0.13922840960595706

0.44916879194548587 0.13922840960595706
0.44604956422364223 0.13974271914292491

0.44604956422364223 0.13974271914292491
0.44293033650179858 0.14024364028672326

0.44293033650179858 0.14024364028672326
0.44217739159315184 0.14036524748296436

0.44217739159315184 0.14036524748296436
0.43981110877995494 0.14073942037128889

0.43981110877995494 0.14073942037128889
0.4366918810581113 0.1412185513555255

0.4366918810581113 0.1412185513555255
0.4335726533362676 0.1416841331190668

0.4335726533362676 0.1416841331190668
0.43045342561442396 0.14213441146939174

0.43045342561442396 0.14213441146939174
0.42733419789258031 0.14257112713438902

0.42733419789258031 0.14257112713438902
0.42421497017073667 0.14299381025667518

0.42421497017073667 0.14299381025667518
0.42109574244889303 0.1434000900074559

0.42109574244889303 0.1434000900074559
0.42044391592150437 0.143484475204808

0.42044391592150437 0.143484475204808
0.41797651472704939 0.14379786745790121

0.41797651472704939 0.14379786745790121
0.41485728700520569 0.14418394270852367

0.41485728700520569 0.14418394270852367
0.41173805928336205 0.14455905294730059

0.41173805928336205 0.14455905294730059
0.4086188315615184 0.14492046479005569

0.4086188315615184 0.14492046479005569
0.40549960383967476 0.14527072417757986

0.40549960383967476 0.14527072417757986
0.40238037611783112 0.14561015266000682

0.40238037611783112 0.14561015266000682
0.39926114839598748 0.14593615542765143

0.39926114839598748 0.14593615542765143
0.39614192067414378 0.14624653894519424

0.39614192067414378 0.14624653894519424
0.39302269295230013 0.14654000969786415

0.39302269295230013 0.14654000969786415
0.3923234040593957 0.14660370292665165

0.3923234040593957 0.14660370292665165
0.38990346523045649 0.14682127294472408

0.38990346523045649 0.14682127294472408
0.38678423750861285 0.14708733680061889

0.38678423750861285 0.14708733680061889
0.38366500978676921 0.1473347095345503

0.38366500978676921 0.1473347095345503
0.38054578206492556 0.14756146747498478

0.38054578206492556 0.14756146747498478
0.37742655434308187 0.14777065782527216

0.37742655434308187 0.14777065782527216
0.37430732662123822 0.14796127493184652

0.37430732662123822 0.14796127493184652
0.37118809889939458 0.14813179291654738

0.37118809889939458 0.14813179291654738
0.36806887117755094 0.14828405055557148

0.36806887117755094 0.14828405055557148
0.3649496434557073 0.1484193820178219

0.3649496434557073 0.1484193820178219
0.36183041573386365 0.14853745720553163

0.36183041573386365 0.14853745720553163
0.35871118801201995 0.148638973113908

0.35871118801201995 0.148638973113908
0.35559196029017631 0.14872501367012447

0.35559196029017631 0.14872501367012447
0.35247273256833267 0.1487955165979101

0.35247273256833267 0.1487955165979101
0.34935350484648903 0.14885011734943857

0.34935350484648903 0.14885011734943857
0.34623427712464538 0.14888861096782685

0.34623427712464538 0.14888861096782685
0.34311504940280169 0.14891023196607636

0.34311504940280169 0.14891023196607636
0.33999582168095804 0.14891376964755804

0.33999582168095804 0.14891376964755804
0.3368765939591144 0.14889814299906204

0.3368765939591144 0.14889814299906204
0.33375736623727076 0.1488622642051354

0.33375736623727076 0.1488622642051354
0.33063813851542712 0.14880487065018413

0.33063813851542712 0.14880487065018413
0.32751891079358347 0.14872490164898311

0.32751891079358347 0.14872490164898311
0.32439968307173978 0.14862174212855339

0.32439968307173978 0.14862174212855339
0.32128045534989613 0.14849504291361473

0.32128045534989613 0.14849504291361473
0.31816122762805249 0.14834464261706834

0.31816122762805249 0.14834464261706834
0.31504199990620885 0.14817083314427174

0.31504199990620885 0.14817083314427174
0.3119227721843652 0.1479742977046947

0.3119227721843652 0.1479742977046947
0.30880354446252156 0.14775575798747015

0.30880354446252156 0.14775575798747015
0.30568431674067786 0.14751595588970659

0.30568431674067786 0.14751595588970659
0.30256508901883422 0.14725553792444621

0.30256508901883422 0.14725553792444621
0.29944586129699058 0.14697500952132148

0.29944586129699058 0.14697500952132148
0.29632663357514694 0.14667605021085381

0.29632663357514694 0.14667605021085381
0.29562929015032868 0.14660370292665165

0.29562929015032868 0.14660370292665165
0.29320740585330329 0.14635580769158479

0.29320740585330329 0.14635580769158479
0.29008817813145965 0.14601913422351451

0.29008817813145965 0.14601913422351451
0.28696895040961595 0.14566357484264897

0.28696895040961595 0.14566357484264897
0.28384972268777231 0.14528812351761763

0.28384972268777231 0.14528812351761763
0.28073049496592867 0.14489157863916913

0.28073049496592867 0.14489157863916913
0.27761126724408502 0.14447269891088466

0.27761126724408502 0.14447269891088466
0.27449203952224138 0.14403046325369448

0.27449203952224138 0.14403046325369448
0.27137281180039774 0.1435661960217903

0.27137281180039774 0.1435661960217903
0.27086704813105272 0.143484475204808

0.27086704813105272 0.143484475204808
0.26825358407855404 0.14307302739223907

0.26825358407855404 0.14307302739223907
0.2651343563567104 0.14255967638452458

0.2651343563567104 0.14255967638452458
0.26201512863486676 0.14202173135723678

0.26201512863486676 0.14202173135723678
0.25889590091302311 0.14145873167267045

0.25889590091302311 0.14145873167267045
0.25577667319117947 0.14087156161216002

0.25577667319117947 0.14087156161216002
0.25320356830004842 0.14036524748296436

0.25320356830004842 0.14036524748296436
0.25265744546933583 0.14025411899482432

0.25265744546933583 0.14025411899482432
0.24953821774749216 0.13962135273544915

0.24953821774749216 0.13962135273544915
0.24641899002564852 0.13896295412677315

0.24641899002564852 0.13896295412677315
0.24329976230380487 0.13828261370968653

0.24329976230380487 0.13828261370968653
0.24018053458196123 0.1375859943517308

0.24018053458196123 0.1375859943517308
0.23873842874639989 0.13724601976112069

0.23873842874639989 0.13724601976112069
0.23706130686011756 0.13685205522747024

0.23706130686011756 0.13685205522747024
0.23394207913827392 0.13611373043931882

0.23394207913827392 0.13611373043931882
0.23082285141643027 0.13535123264328924

0.23082285141643027 0.13535123264328924
0.2277036236945866 0.13457438537125072

0.2277036236945866 0.13457438537125072
0.22598614294995531 0.13412679203927705

0.22598614294995531 0.13412679203927705
0.22458439597274296 0.13375875214730937

0.22458439597274296 0.13375875214730937
0.22146516825089932 0.13294422890933116

0.22146516825089932 0.13294422890933116
0.21834594052905565 0.13210366181209188

0.21834594052905565 0.13210366181209188
0.21522671280721201 0.13125218508679379

0.21522671280721201 0.13125218508679379
0.21439260378187566 0.13100756431743341

0.21439260378187566 0.13100756431743341
0.21210748508536836 0.13035897931912374

0.21210748508536836 0.13035897931912374
0.20898825736352469 0.12946182033482392

0.20898825736352469 0.12946182033482392
0.20586902964168105 0.1285463816281136

0.20586902964168105 0.1285463816281136
0.20370088550786303 0.12788833659558974

0.20370088550786303 0.12788833659558974
0.20274980191983741 0.12759060322050939

0.20274980191983741 0.12759060322050939
0.19963057419799374 0.12664099514448357

0.19963057419799374 0.12664099514448357
0.19651134647615009 0.12566176591966913

0.19651134647615009 0.12566176591966913
0.19373008865591457 0.12476910887374609

0.19373008865591457 0.12476910887374609
0.19339211875430642 0.12465325830148155

0.19339211875430642 0.12465325830148155
0.19027289103246278 0.12364032738672802

0.19027289103246278 0.12364032738672802
0.18715366331061914 0.12260124953409787

0.18715366331061914 0.12260124953409787
0.18435533669227389 0.12164988115190244

0.18435533669227389 0.12164988115190244
0.18403443558877547 0.12153278247764876

0.18403443558877547 0.12153278247764876
0.18091520786693183 0.1204614441001446

0.18091520786693183 0.1204614441001446
0.17779598014508818 0.11936749912245591

0.17779598014508818 0.11936749912245591
0.17547477468473038 0.11853065343005878

0.17547477468473038 0.11853065343005878
0.17467675242324451 0.11822944498804842

0.17467675242324451 0.11822944498804842
0.17155752470140087 0.11710666198102654

0.17155752470140087 0.11710666198102654
0.16843829697955723 0.1159649104479675

0.16843829697955723 0.1159649104479675
0.16700998038435952 0.11541142570821514

0.16700998038435952 0.11541142570821514
0.16531906925771356 0.11476096028171801

0.16531906925771356 0.11476096028171801
0.16219984153586992 0.1135781063947461

0.16219984153586992 0.1135781063947461
0.15908061381402627 0.11237082250690543

0.15908061381402627 0.11237082250690543
0.15889888682837983 0.11229219798637148

0.15889888682837983 0.11229219798637148
0.1559613860921826 0.11113120138485115

0.1559613860921826 0.11113120138485115
0.15284215837033896 0.10989427416974157

0.15284215837033896 0.10989427416974157
0.15110378059298407 0.10917297026452782

0.15110378059298407 0.10917297026452782
0.14972293064849532 0.10859269206354552

0.14972293064849532 0.10859269206354552
0.14660370292665165 0.10732463226073628

0.14660370292665165 0.10732463226073628
0.14356029460334857 0.10605374254268418

0.14356029460334857 0.10605374254268418
0.143484475204808 0.10601856715170127

0.143484475204808 0.10601856715170127
0.14036524748296436 0.10470336863383073

0.14036524748296436 0.10470336863383073
0.13724601976112069 0.10339059244492382

0.13724601976112069 0.10339059244492382
0.13624440365930973 0.10293451482084053

0.13624440365930973 0.10293451482084053
0.13412679203927705 0.10200744804618364

0.13412679203927705 0.10200744804618364
0.13100756431743341 0.10066706640147727

0.13100756431743341 0.10066706640147727
0.12911331049996735 0.099815287098996869

0.12911331049996735 0.099815287098996869
0.12788833659558974 0.099250509879130033

0.12788833659558974 0.099250509879130033
0.12476910887374609 0.097882342866749253

0.12476910887374609 0.097882342866749253
0.12215067279290442 0.096696059377153226

0.12215067279290442 0.096696059377153226
0.12164988115190244 0.096450144103787092

0.12164988115190244 0.096450144103787092
0.11853065343005878 0.09504533153206407

0.11853065343005878 0.09504533153206407
0.11541142570821514 0.093609148984658386

0.11541142570821514 0.093609148984658386
0.11534988699659024 0.09357683165530957

0.11534988699659024 0.09357683165530957
0.11229219798637148 0.092149779516388364

0.11229219798637148 0.092149779516388364
0.10917297026452782 0.090697990520516053

0.10917297026452782 0.090697990520516053
0.10871240879692365 0.090457603933465913

0.10871240879692365 0.090457603933465913
0.10605374254268418 0.089185875957079455

0.10605374254268418 0.089185875957079455
0.10293451482084053 0.087711755791459636

0.10293451482084053 0.087711755791459636
0.10222280798023389 0.087338376211622271

0.10222280798023389 0.087338376211622271
0.099815287098996869 0.086158624782408252

0.099815287098996869 0.086158624782408252
0.096696059377153226 0.084661941393939719

0.096696059377153226 0.084661941393939719
0.095861365691030528 0.084219148489778614

0.095861365691030528 0.084219148489778614
0.09357683165530957 0.083077003667957436

0.09357683165530957 0.083077003667957436
0.090457603933465913 0.081560394766957964

0.090457603933465913 0.081560394766957964
0.089600434759375 0.081099920767934958

0.089600434759375 0.081099920767934958
0.087338376211622271 0.079953615033510742

0.087338376211622271 0.079953615033510742
0.084219148489778614 0.07842167883431822

0.084219148489778614 0.07842167883431822
0.083407548462483355 0.077980693046091315

0.083407548462483355 0.077980693046091315
0.081099920767934958 0.076803258606011782

0.081099920767934958 0.076803258606011782
0.077980693046091315 0.075261046901378137

0.077980693046091315 0.075261046901378137
0.07725249111590364 0.074861465324247659

0.07725249111590364 0.074861465324247659
0.074861465324247659 0.073638664516856814

0.074861465324247659 0.073638664516856814
0.071742237602404002 0.072088674209112732

0.071742237602404002 0.072088674209112732
0.071116951466149103 0.071742237602404002

0.071116951466149103 0.071742237602404002
0.071116951466149103 0.071742237602404002

0.071116951466149103 0.071742237602404002
0.068623009880560346 0.070466133606555376

0.068623009880560346 0.070466133606555376
0.065503782158716703 0.068907401797404774

0.065503782158716703 0.068907401797404774
0.064996594778544081 0.068623009880560346

0.064996594778544081 0.068623009880560346
0.06238455443687304 0.067284660595614831

0.06238455443687304 0.067284660595614831
0.05926532671502939 0.065713096189721293

0.05926532671502939 0.065713096189721293
0.0588982530783735 0.065503782158716703

0.0588982530783735 0.065503782158716703
0.056146098993185733 0.064088227089123415

0.056146098993185733 0.064088227089123415
0.053026871271342084 0.062496120551658624

0.053026871271342084 0.062496120551658624
0.052835721426479083 0.06238455443687304

0.052835721426479083 0.06238455443687304
0.049907643549498434 0.060868847900575167

0.049907643549498434 0.060868847900575167
0.046821720584052769 0.05926532671502939

0.046821720584052769 0.05926532671502939
0.046788415827654778 0.059245503754980715

0.046788415827654778 0.059245503754980715
0.043669188105811128 0.057620211564264202

0.043669188105811128 0.057620211564264202
0.040864540619225967 0.056146098993185733

0.040864540619225967 0.056146098993185733
0.040549960383967479 0.055961362328529121

0.040549960383967479 0.055961362328529121
0.037430732662123822 0.054343978622971099

0.037430732662123822 0.054343978622971099
0.034957246490183877 0.053026871271342084

0.034957246490183877 0.053026871271342084
0.034311504940280173 0.052653893745750219

0.034311504940280173 0.052653893745750219
0.03119227721843652 0.051043609431520746

0.03119227721843652 0.051043609431520746
0.029092641667145206 0.049907643549498434

0.029092641667145206 0.049907643549498434
0.02807304949659287 0.049328839243018542

0.02807304949659287 0.049328839243018542
0.024953821774749217 0.047721349715318759

0.024953821774749217 0.047721349715318759
0.023264357160398465 0.046788415827654778

0.023264357160398465 0.046788415827654778
0.021834594052905568 0.045989571992305758

0.021834594052905568 0.045989571992305758
0.018715366331061915 0.044376480851823039

0.018715366331061915 0.044376480851823039
0.01746823466880584 0.043669188105811128

0.01746823466880584 0.043669188105811128
0.01559613860921826 0.042636554748014414

0.01559613860921826 0.042636554748014414
0.012476910887374609 0.041005508197887099

0.012476910887374609 0.041005508197887099
0.011701130500785304 0.040549960383967479

0.011701130500785304 0.040549960383967479
0.0093576831655309556 0.039268076515372376

0.0093576831655309556 0.039268076515372376
0.0062384554436873043 0.037601539796414236

0.0062384554436873043 0.037601539796414236
0.0059600785696868608 0.037430732662123822

0.0059600785696868608 0.037430732662123822
0.0031192277218436517 0.035881166709775744

0.0031192277218436517 0.035881166709775744
0.00024871889465754758 0.034311504940280173

0.00024871889465754758 0.034311504940280173
0 0.034157959736641437

0 0.034157959736641437
-0.0031192277218436521 0.032476962146033905

-0.0031192277218436521 0.032476962146033905
-0.0054328945205999075 0.03119227721843652

-0.0054328945205999075 0.03119227721843652
-0.0062384554436873043 0.030712772762197662

-0.0062384554436873043 0.030712772762197662
-0.0093576831655309573 0.029055621482627244

-0.0093576831655309573 0.029055621482627244
-0.011085925832672608 0.02807304949659287

-0.011085925832672608 0.02807304949659287
-0.012476910887374609 0.027269774887610503

-0.012476910887374609 0.027269774887610503
-0.015596138609218262 0.025614096775175801

-0.015596138609218262 0.025614096775175801
-0.01672059963066546 0.024953821774749217

-0.01672059963066546 0.024953821774749217
-0.018715366331061911 0.023828469841251861

-0.018715366331061911 0.023828469841251861
-0.021834594052905564 0.022151103077921831

-0.021834594052905564 0.022151103077921831
-0.022351524850500938 0.021834594052905568

-0.022351524850500938 0.021834594052905568
-0.024953821774749217 0.020388871231108559

-0.024953821774749217 0.020388871231108559
-0.027987522349202973 0.018715366331061915

-0.027987522349202973 0.018715366331061915
-0.028073049496592867 0.018661294082801001

-0.028073049496592867 0.018661294082801001
-0.03119227721843652 0.016952943007481968

-0.03119227721843652 0.016952943007481968
-0.033632451468537182 0.01559613860921826

-0.033632451468537182 0.01559613860921826
-0.034311504940280173 0.015186532019711253

-0.034311504940280173 0.015186532019711253
-0.037430732662123829 0.013523603557304371

-0.037430732662123829 0.013523603557304371
-0.039284053984304533 0.012476910887374609

-0.039284053984304533 0.012476910887374609
-0.040549960383967479 0.011742505558565442

-0.040549960383967479 0.011742505558565442
-0.043669188105811135 0.010092956838906023

-0.043669188105811135 0.010092956838906023
-0.044937645600381035 0.0093576831655309556

-0.044937645600381035 0.0093576831655309556
-0.046788415827654785 0.0083131399001146848

-0.046788415827654785 0.0083131399001146848
-0.049907643549498434 0.0066517810323977467

-0.049907643549498434 0.0066517810323977467
-0.050596421414324799 0.0062384554436873043

-0.050596421414324799 0.0062384554436873043
-0.053026871271342091 0.0048930033570962882

-0.053026871271342091 0.0048930033570962882
-0.05614609899318574 0.003202026429221785

-0.05614609899318574 0.003202026429221785
-0.05627931435690977 0.0031192277218436517

-0.05627931435690977 0.0031192277218436517
-0.05926532671502939 0.0014926896577737337

-0.05926532671502939 0.0014926896577737337
-0.062019282103551961 0

-0.062019282103551961 0
-0.062384554436873046 -0.00022071866488235299

-0.062384554436873046 -0.00022071866488235299
-0.065503782158716689 -0.001857806668213098

-0.065503782158716689 -0.001857806668213098
-0.067875257853651449 -0.0031192277218436521

-0.067875257853651449 -0.0031192277218436521
-0.068623009880560346 -0.0035460402003389718

-0.068623009880560346 -0.0035460402003389718
-0.071742237602403988 -0.005119644395942818

-0.071742237602403988 -0.005119644395942818
-0.073914635334078591 -0.0062384554436873043

-0.073914635334078591 -0.0062384554436873043
-0.074861465324247645 -0.0067512785821133205

-0.074861465324247645 -0.0067512785821133205
-0.077980693046091301 -0.0082601859366496951

-0.077980693046091301 -0.0082601859366496951
-0.080224925190615262 -0.0093576831655309573

-0.080224925190615262 -0.0093576831655309573
-0.081099920767934958 -0.0098090046246816932

-0.081099920767934958 -0.0098090046246816932
-0.0842191484897786 -0.011247879419434823

-0.0842191484897786 -0.011247879419434823
-0.0869067728317241 -0.012476910887374609

-0.0869067728317241 -0.012476910887374609
-0.087338376211622257 -0.012691548252318921

-0.087338376211622257 -0.012691548252318921
-0.090457603933465913 -0.014047618356771024

-0.090457603933465913 -0.014047618356771024
-0.093576831655309556 -0.015354700357018792

-0.093576831655309556 -0.015354700357018792
-0.094128470238083975 -0.015596138609218262

-0.094128470238083975 -0.015596138609218262
-0.096696059377153212 -0.016643464408715607

-0.096696059377153212 -0.016643464408715607
-0.099815287098996869 -0.017848681065522745

-0.099815287098996869 -0.017848681065522745
-0.10214504581021618 -0.018715366331061911

-0.10214504581021618 -0.018715366331061911
-0.10293451482084051 -0.019022374124198667

-0.10293451482084051 -0.019022374124198667
-0.10605374254268417 -0.020102458137163808

-0.10605374254268417 -0.020102458137163808
-0.10917297026452782 -0.021134487410110661

-0.10917297026452782 -0.021134487410110661
-0.11140269101766857 -0.021834594052905564

-0.11140269101766857 -0.021834594052905564
-0.11229219798637147 -0.022122858792334603

-0.11229219798637147 -0.022122858792334603
-0.11541142570821512 -0.023025421741440202

-0.11541142570821512 -0.023025421741440202
-0.11853065343005878 -0.023882836397571251

-0.11853065343005878 -0.023882836397571251
-0.12164988115190242 -0.024670923201220347

-0.12164988115190242 -0.024670923201220347
-0.12283084370007508 -0.024953821774749217

-0.12283084370007508 -0.024953821774749217
-0.12476910887374608 -0.025410250021240675

-0.12476910887374608 -0.025410250021240675
-0.12788833659558974 -0.026073272059411935

-0.12788833659558974 -0.026073272059411935
-0.13100756431743338 -0.026678215772409575

-0.13100756431743338 -0.026678215772409575
-0.13412679203927705 -0.027215931669620289

-0.13412679203927705 -0.027215931669620289
-0.13724601976112069 -0.027681532785990913

-0.13724601976112069 -0.027681532785990913
-0.14036524748296433 -0.028071828491237544

-0.14036524748296433 -0.028071828491237544
-0.14037697516801717 -0.028073049496592867

-0.14037697516801717 -0.028073049496592867
-0.143484475204808 -0.028387483348005265

-0.143484475204808 -0.028387483348005265
-0.14660370292665165 -0.028630458996261449

-0.14660370292665165 -0.028630458996261449
-0.14972293064849529 -0.02880053767502214

-0.14972293064849529 -0.02880053767502214
-0.15284215837033896 -0.028897028675130602

-0.15284215837033896 -0.028897028675130602
-0.1559613860921826 -0.028919333127504474

-0.1559613860921826 -0.028919333127504474
-0.15908061381402624 -0.028867175849270496

-0.15908061381402624 -0.028867175849270496
-0.16219984153586992 -0.028740432633841701

-0.16219984153586992 -0.028740432633841701
-0.16531906925771356 -0.028538896943503585

-0.16531906925771356 -0.028538896943503585
-0.1684382969795572 -0.02826496396607122

-0.1684382969795572 -0.02826496396607122
-0.17015490052533466 -0.028073049496592867

-0.17015490052533466 -0.028073049496592867
-0.17155752470140087 -0.027915328469208932

-0.17155752470140087 -0.027915328469208932
-0.17467675242324451 -0.027499092230629393

-0.17467675242324451 -0.027499092230629393
-0.17779598014508816 -0.027013369757226235

-0.17779598014508816 -0.027013369757226235
-0.18091520786693183 -0.026460860584113552

-0.18091520786693183 -0.026460860584113552
-0.18403443558877547 -0.025845349429323206

-0.18403443558877547 -0.025845349429323206
-0.18715366331061911 -0.025176726085282097

-0.18715366331061911 -0.025176726085282097
-0.18807754133509968 -0.024953821774749217

-0.18807754133509968 -0.024953821774749217
-0.19027289103246278 -0.024435694110685541

-0.19027289103246278 -0.024435694110685541
-0.19339211875430642 -0.023655713748271676

-0.19339211875430642 -0.023655713748271676
-0.19651134647615007 -0.022823690667342505

-0.19651134647615007 -0.022823690667342505
-0.19963057419799374 -0.021949188611349611

-0.19963057419799374 -0.021949188611349611
-0.19999450109294717 -0.021834594052905564

-0.19999450109294717 -0.021834594052905564
-0.20274980191983738 -0.021014892176381649

-0.20274980191983738 -0.021014892176381649
-0.20586902964168105 -0.020047088170926802

-0.20586902964168105 -0.020047088170926802
-0.20898825736352469 -0.019054647416119827

-0.20898825736352469 -0.019054647416119827
-0.20996555993678329 -0.018715366331061911

-0.20996555993678329 -0.018715366331061911
-0.21210748508536834 -0.017994046706532082

-0.21210748508536834 -0.017994046706532082
-0.21522671280721201 -0.016924817234652313

-0.21522671280721201 -0.016924817234652313
-0.21834594052905565 -0.015831456442884979

-0.21834594052905565 -0.015831456442884979
-0.21895524077402731 -0.015596138609218262

-0.21895524077402731 -0.015596138609218262
-0.22146516825089929 -0.014679736445410384

-0.22146516825089929 -0.014679736445410384
-0.22458439597274296 -0.013525375395385708

-0.22458439597274296 -0.013525375395385708
-0.22734276135496831 -0.012476910887374609

-0.22734276135496831 -0.012476910887374609
-0.2277036236945866 -0.012328777958861137

-0.2277036236945866 -0.012328777958861137
-0.23082285141643025 -0.01113256725151056

-0.23082285141643025 -0.01113256725151056
-0.23394207913827392 -0.009924814814981784

-0.23394207913827392 -0.009924814814981784
-0.23532697005209452 -0.0093576831655309573

-0.23532697005209452 -0.0093576831655309573
-0.23706130686011756 -0.0086551699683595773

-0.23706130686011756 -0.0086551699683595773
-0.2401805345819612 -0.0074197628202375392

-0.2401805345819612 -0.0074197628202375392
-0.2431024288965937 -0.0062384554436873043

-0.2431024288965937 -0.0062384554436873043
-0.24329976230380487 -0.0061509141729927126

-0.24329976230380487 -0.0061509141729927126
-0.24641899002564852 -0.0048915125379373672

-0.24641899002564852 -0.0048915125379373672
-0.24953821774749216 -0.0036406382140450329

-0.24953821774749216 -0.0036406382140450329
-0.2507676231413577 -0.0031192277218436521

-0.2507676231413577 -0.0031192277218436521
-0.25265744546933583 -0.0023352307644613512

-0.25265744546933583 -0.0023352307644613512
-0.25577667319117953 -0.0010754470830425331

-0.25577667319117953 -0.0010754470830425331
-0.25840090688184392 0

-0.25840090688184392 0
-0.25889590091302317 0.00021809049650116505

-0.25889590091302317 0.00021809049650116505
-0.26201512863486681 0.0014741155398442284

-0.26201512863486681 0.0014741155398442284
-0.26513435635671045 0.0027224544008854724

-0.26513435635671045 0.0027224544008854724
-0.26606329227565195 0.0031192277218436517

-0.26606329227565195 0.0031192277218436517
-0.2682535840785541 0.004015916433458229

-0.2682535840785541 0.004015916433458229
-0.27137281180039774 0.0052635699389821863

-0.27137281180039774 0.0052635699389821863
-0.27378287775347609 0.0062384554436873043

-0.27378287775347609 0.0062384554436873043
-0.27449203952224144 0.0065419727005176734

-0.27449203952224144 0.0065419727005176734
-0.27761126724408508 0.0077687161983925656

-0.27761126724408508 0.0077687161983925656
-0.28073049496592872 0.0089810790932934072

-0.28073049496592872 0.0089810790932934072
-0.28164903274577108 0.0093576831655309556

-0.28164903274577108 0.0093576831655309556
-0.28384972268777237 0.010222943073935339

-0.28384972268777237 0.010222943073935339
-0.28696895040961601 0.011414769464583216

-0.28696895040961601 0.011414769464583216
-0.28976729770448995 0.012476910887374609

-0.28976729770448995 0.012476910887374609
-0.29008817813145965 0.012608516155634027

-0.29008817813145965 0.012608516155634027
-0.29320740585330335 0.013760353062580265

-0.29320740585330335 0.013760353062580265
-0.29632663357514699 0.014891918091250863

-0.29632663357514699 0.014891918091250863
-0.2982482931484649 0.01559613860921826

-0.2982482931484649 0.01559613860921826
-0.29944586129699063 0.016044403441212586

-0.29944586129699063 0.016044403441212586
-0.30256508901883428 0.017142416861484478

-0.30256508901883428 0.017142416861484478
-0.30568431674067792 0.018221440274302943

-0.30568431674067792 0.018221440274302943
-0.30707797544936116 0.018715366331061915

-0.30707797544936116 0.018715366331061915
-0.30880354446252156 0.019320909559057239

-0.30880354446252156 0.019320909559057239
-0.31192277218436526 0.020374423748867221

-0.31192277218436526 0.020374423748867221
-0.3150419999062089 0.021409952294324658

-0.3150419999062089 0.021409952294324658
-0.31628966597815661 0.021834594052905568

-0.31628966597815661 0.021834594052905568
-0.31816122762805255 0.022460458367413172

-0.31816122762805255 0.022460458367413172
-0.32128045534989619 0.023464969353765051

-0.32128045534989619 0.023464969353765051
-0.32439968307173983 0.024449567256925119

-0.32439968307173983 0.024449567256925119
-0.32598110890188253 0.024953821774749217

-0.32598110890188253 0.024953821774749217
-0.32751891079358347 0.025444377536012787

-0.32751891079358347 0.025444377536012787
-0.33063813851542717 0.026390277337541776

-0.33063813851542717 0.026390277337541776
-0.33375736623727081 0.027319811122719508

-0.33375736623727081 0.027319811122719508
-0.33633741285485924 0.02807304949659287

-0.33633741285485924 0.02807304949659287
-0.33687659395911446 0.028238223070167601

-0.33687659395911446 0.028238223070167601
-0.3399958216809581 0.029114852599466841

-0.3399958216809581 0.029114852599466841
-0.34311504940280174 0.029971212614897786

-0.34311504940280174 0.029971212614897786
-0.34623427712464538 0.030792076225594996

-0.34623427712464538 0.030792076225594996
-0.34776369371011234 0.03119227721843652

-0.34776369371011234 0.03119227721843652
-0.34935350484648908 0.031607374049940261

-0.34935350484648908 0.031607374049940261
-0.35247273256833273 0.032377252294874426

-0.35247273256833273 0.032377252294874426
-0.35559196029017637 0.033123037598658742

-0.35559196029017637 0.033123037598658742
-0.35871118801202001 0.033835884436086483

-0.35871118801202001 0.033835884436086483
-0.36084049848840999 0.034311504940280173

-0.36084049848840999 0.034311504940280173
-0.36183041573386365 0.034537066835901804

-0.36183041573386365 0.034537066835901804
-0.36494964345570735 0.035200046070426899

-0.36494964345570735 0.035200046070426899
-0.36806887117755099 0.035840519873012754

-0.36806887117755099 0.035840519873012754
-0.37118809889939464 0.036457709330488128

-0.37118809889939464 0.036457709330488128
-0.37430732662123828 0.037049319701104907

-0.37430732662123828 0.037049319701104907
-0.3763762235758259 0.037430732662123822

-0.3763762235758259 0.037430732662123822
-0.37742655434308192 0.037627186058343726

-0.37742655434308192 0.037627186058343726
-0.38054578206492556 0.038172927573767203

-0.38054578206492556 0.038172927573767203
-0.38366500978676926 0.038698046609550327

-0.38366500978676926 0.038698046609550327
-0.3867842375086129 0.039201319457141989

-0.3867842375086129 0.039201319457141989
-0.38990346523045655 0.039680318652184243

-0.38990346523045655 0.039680318652184243
-0.39302269295230019 0.040131820713165664

-0.39302269295230019 0.040131820713165664
-0.39609871542570019 0.040549960383967479

-0.39609871542570019 0.040549960383967479
-0.39614192067414383 0.040556027483529079

-0.39614192067414383 0.040556027483529079
-0.39926114839598748 0.040953055474598724

-0.39926114839598748 0.040953055474598724
-0.40238037611783117 0.041324102481924425

-0.40238037611783117 0.041324102481924425
-0.40549960383967482 0.041667220393190346

-0.40549960383967482 0.041667220393190346
-0.40861883156151846 0.041980201821209491

-0.40861883156151846 0.041980201821209491
-0.4117380592833621 0.042264681341579596

-0.4117380592833621 0.042264681341579596
-0.41485728700520574 0.042521447908156221

-0.41485728700520574 0.042521447908156221
-0.41797651472704939 0.04274956381717375

-0.41797651472704939 0.04274956381717375
-0.42109574244889308 0.042949560849015543

-0.42109574244889308 0.042949560849015543
-0.42421497017073673 0.043122461917370312

-0.42421497017073673 0.043122461917370312
-0.42733419789258037 0.043267726199759875

-0.42733419789258037 0.043267726199759875
-0.43045342561442401 0.043384401942625966

-0.43045342561442401 0.043384401942625966
-0.43357265333626765 0.043472231514429263

-0.43357265333626765 0.043472231514429263
-0.4366918810581113 0.043531056927342451

-0.4366918810581113 0.043531056927342451
-0.439811108779955 0.043560420903714064

-0.439811108779955 0.043560420903714064
-0.44293033650179864 0.043559664930132136

-0.44293033650179864 0.043559664930132136
-0.44604956422364228 0.043527907361501299

-0.44604956422364228 0.043527907361501299
-0.44916879194548592 0.043464295295525424

-0.44916879194548592 0.043464295295525424
-0.45228801966732957 0.043368625031549014

-0.45228801966732957 0.043368625031549014
-0.45540724738917326 0.043241528114669005

-0.45540724738917326 0.043241528114669005
-0.45852647511101691 0.043083923861546386

-0.45852647511101691 0.043083923861546386
-0.46164570283286055 0.042896432908848994

-0.46164570283286055 0.042896432908848994
-0.46476493055470419 0.042679430550253805

-0.46476493055470419 0.042679430550253805
-0.46788415827654783 0.042433534498595799

-0.46788415827654783 0.042433534498595799
-0.47100338599839148 0.042159894287635488

-0.47100338599839148 0.042159894287635488
-0.47412261372023518 0.041859321401237562

-0.47412261372023518 0.041859321401237562
-0.47724184144207882 0.041531648487606876

-0.47724184144207882 0.041531648487606876
-0.48036106916392246 0.041176695589694438

-0.48036106916392246 0.041176695589694438
-0.4834802968857661 0.040795382854010562

-0.4834802968857661 0.040795382854010562
-0.48533246297570448 0.040549960383967479

-0.48533246297570448 0.040549960383967479
-0.48659952460760975 0.04038081206780221

-0.48659952460760975 0.04038081206780221
-0.48971875232945339 0.039942633217961633

-0.48971875232945339 0.039942633217961633
-0.49283798005129709 0.039474080937265295

-0.49283798005129709 0.039474080937265295
-0.49595720777314073 0.038975351215674359

-0.49595720777314073 0.038975351215674359
-0.49907643549498437 0.038443000309708195

-0.49907643549498437 0.038443000309708195
-0.50219566321682807 0.037875886381651652

-0.50219566321682807 0.037875886381651652
-0.50448555294896791 0.037430732662123822

-0.50448555294896791 0.037430732662123822
-0.50531489093867166 0.037265513649796224

-0.50531489093867166 0.037265513649796224
-0.50843411866051536 0.036630820455681071

-0.50843411866051536 0.036630820455681071
-0.51155334638235894 0.035955229038502852

-0.51155334638235894 0.035955229038502852
-0.51467257410420264 0.035240494887003801

-0.51467257410420264 0.035240494887003801
-0.51779180182604623 0.034492853683676723

-0.51779180182604623 0.034492853683676723
-0.51847929572814944 0.034311504940280173

-0.51847929572814944 0.034311504940280173
-0.52091102954788993 0.033692057713700783

-0.52091102954788993 0.033692057713700783
-0.52403025726973362 0.03287045041497666

-0.52403025726973362 0.03287045041497666
-0.52714948499157721 0.032012888881731483

-0.52714948499157721 0.032012888881731483
-0.5300076367855806 0.03119227721843652

-0.5300076367855806 0.03119227721843652
-0.53026871271342091 0.031112413911728039

-0.53026871271342091 0.031112413911728039
-0.5333879404352645 0.0301885663633739

-0.5333879404352645 0.0301885663633739
-0.53650716815710819 0.029231040781365999

-0.53650716815710819 0.029231040781365999
-0.53962639587895189 0.028252587631228156

-0.53962639587895189 0.028252587631228156
-0.54014507453089866 0.02807304949659287

-0.54014507453089866 0.02807304949659287
-0.54274562360079548 0.027220908328789806

-0.54274562360079548 0.027220908328789806
-0.54586485132263918 0.026169532812444444

-0.54586485132263918 0.026169532812444444
-0.54898407904448276 0.025093189361180834

-0.54898407904448276 0.025093189361180834
-0.54934536958294911 0.024953821774749217

-0.54934536958294911 0.024953821774749217
-0.55210330676632646 0.023961812164441276

-0.55210330676632646 0.023961812164441276
-0.55522253448817016 0.022805632442301396

-0.55522253448817016 0.022805632442301396
-0.55772391869582916 0.021834594052905568

-0.55772391869582916 0.021834594052905568
-0.55834176221001375 0.021579238659846275

-0.55834176221001375 0.021579238659846275
-0.56146098993185745 0.020342680232874902

-0.56146098993185745 0.020342680232874902
-0.56458021765370103 0.019070536432464993

-0.56458021765370103 0.019070536432464993
-0.56535810445883605 0.018715366331061915

-0.56535810445883605 0.018715366331061915
-0.56769944537554473 0.017701892486722107

-0.56769944537554473 0.017701892486722107
-0.57081867309738832 0.01633372339478141

-0.57081867309738832 0.01633372339478141
-0.57236704774407565 0.01559613860921826

-0.57236704774407565 0.01559613860921826
-0.57393790081923202 0.014846995110969124

-0.57393790081923202 0.014846995110969124
-0.57705712854107571 0.013398041556720589

-0.57705712854107571 0.013398041556720589
-0.57889943523988074 0.012476910887374609

-0.57889943523988074 0.012476910887374609
-0.5801763562629193 0.011822489327417139

-0.5801763562629193 0.011822489327417139
-0.583295583984763 0.010299470823048771

-0.583295583984763 0.010299470823048771
-0.5850716069013665 0.0093576831655309556

-0.5850716069013665 0.0093576831655309556
-0.58641481170660659 0.0086307797675859669

-0.58641481170660659 0.0086307797675859669
-0.58953403942845028 0.0070373973911244132

-0.58953403942845028 0.0070373973911244132
-0.59095017784177495 0.0062384554436873043

-0.59095017784177495 0.0062384554436873043
-0.59265326715029398 0.0052885837345622473

-0.59265326715029398 0.0052885837345622473
-0.59577249487213757 0.003626541456757346

-0.59577249487213757 0.003626541456757346
-0.59660183686777091 0.0031192277218436517

-0.59660183686777091 0.0031192277218436517
-0.59889172259398127 0.0018097854725468582

-0.59889172259398127 0.0018097854725468582
-0.60201095031582486 1.9336914401471648e-05

-0.60201095031582486 1.9336914401471648e-05
-0.60203963360452528 0

-0.60203963360452528 0
-0.60513017803766855 -0.0018104489764646224

-0.60513017803766855 -0.0018104489764646224
-0.60725935872183401 -0.0031192277218436521

-0.60725935872183401 -0.0031192277218436521
-0.60824940575951214 -0.0037652283918156665

-0.60824940575951214 -0.0037652283918156665
-0.61136863348135584 -0.0056035513799047899

-0.61136863348135584 -0.0056035513799047899
-0.61229775826048138 -0.0062384554436873043

-0.61229775826048138 -0.0062384554436873043
-0.61448786120319954 -0.007644594754432305

-0.61448786120319954 -0.007644594754432305
-0.61713153828777201 -0.0093576831655309573

-0.61713153828777201 -0.0093576831655309573
-0.61760708892504312 -0.0097016822069433024

-0.61760708892504312 -0.0097016822069433024
-0.62072631664688682 -0.011686156875994155

-0.62072631664688682 -0.011686156875994155
-0.62181101601090194 -0.012476910887374609

-0.62181101601090194 -0.012476910887374609
-0.62384554436873041 -0.013893432161825047

-0.62384554436873041 -0.013893432161825047
-0.62627250128930989 -0.015596138609218262

-0.62627250128930989 -0.015596138609218262
-0.62696477209057411 -0.016126472233618665

-0.62696477209057411 -0.016126472233618665
-0.63008399981241781 -0.018255231840779953

-0.63008399981241781 -0.018255231840779953
-0.63066534820172948 -0.018715366331061911

-0.63066534820172948 -0.018715366331061911
-0.63320322753426139 -0.020566346804121036

-0.63320322753426139 -0.020566346804121036
-0.63482453433425445 -0.021834594052905564

-0.63482453433425445 -0.021834594052905564
-0.63632245525610509 -0.023018372788232665

-0.63632245525610509 -0.023018372788232665
-0.6388492914998537 -0.024953821774749217

-0.6388492914998537 -0.024953821774749217
-0.63944168297794868 -0.025446810151660768

-0.63944168297794868 -0.025446810151660768
-0.64256091069979238 -0.027797573113925816

-0.64256091069979238 -0.027797573113925816
-0.64288359393539729 -0.028073049496592867

-0.64288359393539729 -0.028073049496592867
-0.64568013842163596 -0.030274621601881171

-0.64568013842163596 -0.030274621601881171
-0.64675090503692434 -0.03119227721843652

-0.64675090503692434 -0.03119227721843652
-0.64879936614347966 -0.032898957504911099

-0.64879936614347966 -0.032898957504911099
-0.65044408138711363 -0.034311504940280173

-0.65044408138711363 -0.034311504940280173
-0.65191859386532336 -0.035590866799744915

-0.65191859386532336 -0.035590866799744915
-0.65406401727905361 -0.037430732662123829

-0.65406401727905361 -0.037430732662123829
-0.65503782158716695 -0.038298254085280981

-0.65503782158716695 -0.038298254085280981
-0.65766371840461246 -0.040549960383967479

-0.65766371840461246 -0.040549960383967479
-0.65815704930901064 -0.040999211281679805

-0.65815704930901064 -0.040999211281679805
-0.66124139457785203 -0.043669188105811135

-0.66124139457785203 -0.043669188105811135
-0.66127627703085423 -0.043701603671633102

-0.66127627703085423 -0.043701603671633102
-0.66439550475269793 -0.046457581021278289

-0.66439550475269793 -0.046457581021278289
-0.66474711413920029 -0.046788415827654785

-0.66474711413920029 -0.046788415827654785
-0.66751473247454163 -0.049306918962252241

-0.66751473247454163 -0.049306918962252241
-0.66814571905526998 -0.049907643549498434

-0.66814571905526998 -0.049907643549498434
-0.67063396019638521 -0.052238627493571166

-0.67063396019638521 -0.052238627493571166
-0.67145004399247721 -0.053026871271342091

-0.67145004399247721 -0.053026871271342091
-0.67375318791822891 -0.05524206516584125

-0.67375318791822891 -0.05524206516584125
-0.67467466240690099 -0.05614609899318574

-0.67467466240690099 -0.05614609899318574
-0.6768724156400725 -0.058307228151375151

-0.6768724156400725 -0.058307228151375151
-0.67783547932527644 -0.05926532671502939

-0.67783547932527644 -0.05926532671502939
-0.6799916433619162 -0.061427370274460574

-0.6799916433619162 -0.061427370274460574
-0.68094012009562821 -0.062384554436873046

-0.68094012009562821 -0.062384554436873046
-0.6831108710837599 -0.064604561770394392

-0.6831108710837599 -0.064604561770394392
-0.68399000361690165 -0.065503782158716689

-0.68399000361690165 -0.065503782158716689
-0.68623009880560348 -0.067837283349311273

-0.68623009880560348 -0.067837283349311273
-0.68699028668536954 -0.068623009880560346

-0.68699028668536954 -0.068623009880560346
-0.68934932652744718 -0.071121001441970574

-0.68934932652744718 -0.071121001441970574
-0.68994573244920565 -0.071742237602403988

-0.68994573244920565 -0.071742237602403988
-0.69246855424929077 -0.074456138443174433

-0.69246855424929077 -0.074456138443174433
-0.69285553420190993 -0.074861465324247645

-0.69285553420190993 -0.074861465324247645
-0.69558778197113447 -0.077841740761145306

-0.69558778197113447 -0.077841740761145306
-0.695720088330118 -0.077980693046091301

-0.695720088330118 -0.077980693046091301
-0.69855563637150142 -0.081099920767934958

-0.69855563637150142 -0.081099920767934958
-0.69870700969297805 -0.081259175403611147

-0.69870700969297805 -0.081259175403611147
-0.70141176470694078 -0.0842191484897786

-0.70141176470694078 -0.0842191484897786
-0.70182623741482175 -0.084654771708293469

-0.70182623741482175 -0.084654771708293469
-0.70430615124180607 -0.087338376211622257

-0.70430615124180607 -0.087338376211622257
-0.70494546513666545 -0.088008079698595684

-0.70494546513666545 -0.088008079698595684
-0.70724112804116301 -0.090457603933465913

-0.70724112804116301 -0.090457603933465913
-0.70806469285850904 -0.091313977613333111

-0.70806469285850904 -0.091313977613333111
-0.71022484865321456 -0.093576831655309556

-0.71022484865321456 -0.093576831655309556
-0.71118392058035274 -0.094561048158464223

-0.71118392058035274 -0.094561048158464223
-0.7132676080265048 -0.096696059377153212

-0.7132676080265048 -0.096696059377153212
-0.71430314830219632 -0.097741188156146047

-0.71430314830219632 -0.097741188156146047
-0.71638130742341499 -0.099815287098996869

-0.71638130742341499 -0.099815287098996869
-0.71742237602404002 -0.10084275988020161

-0.71742237602404002 -0.10084275988020161
-0.71959139019899643 -0.10293451482084051

-0.71959139019899643 -0.10293451482084051
-0.72054160374588372 -0.10384834320436988

-0.72054160374588372 -0.10384834320436988
-0.72293342178038977 -0.10605374254268417

-0.72293342178038977 -0.10605374254268417
-0.72366083146772731 -0.10673334531745186

-0.72366083146772731 -0.10673334531745186
-0.7264770824092649 -0.10917297026452782

-0.7264770824092649 -0.10917297026452782
-0.726780059189571 -0.10944749746458649

-0.726780059189571 -0.10944749746458649
-0.72989928691141459 -0.1119734030033552

-0.72989928691141459 -0.1119734030033552
-0.7302675184126215 -0.11229219798637147

-0.7302675184126215 -0.11229219798637147
-0.73301851463325829 -0.11444130470420313

-0.73301851463325829 -0.11444130470420313
-0.73423743961215426 -0.11541142570821512

-0.73423743961215426 -0.11541142570821512
-0.73613774235510188 -0.11686224865008921

-0.73613774235510188 -0.11686224865008921
-0.73856440420665559 -0.11853065343005878

-0.73856440420665559 -0.11853065343005878
-0.73925697007694557 -0.11904102618600335

-0.73925697007694557 -0.11904102618600335
-0.74237619779878927 -0.12090355991941489

-0.74237619779878927 -0.12090355991941489
-0.7436030257690549 -0.12164988115190242

-0.7436030257690549 -0.12164988115190242
-0.74549542552063286 -0.1227568381874273

-0.74549542552063286 -0.1227568381874273
-0.74861465324247656 -0.12431521801374273

-0.74861465324247656 -0.12431521801374273
-0.74956060228661447 -0.12476910887374608

-0.74956060228661447 -0.12476910887374608
-0.75173388096432014 -0.12575662496307116

-0.75173388096432014 -0.12575662496307116
-0.75485310868616384 -0.12696722272805711

-0.75485310868616384 -0.12696722272805711
-0.75765675689709766 -0.12788833659558974

-0.75765675689709766 -0.12788833659558974
-0.75797233640800754 -0.1279982193373857

-0.75797233640800754 -0.1279982193373857
-0.76109156412985113 -0.1288143254400872

-0.76109156412985113 -0.1288143254400872
-0.76421079185169483 -0.12946868060685687

-0.76421079185169483 -0.12946868060685687
-0.76733001957353841 -0.12995295767203002

-0.76733001957353841 -0.12995295767203002
-0.77044924729538211 -0.13025747700724633

-0.77044924729538211 -0.13025747700724633
-0.77356847501722581 -0.13038244779690147

-0.77356847501722581 -0.13038244779690147
-0.7766877027390694 -0.13033828241016759

-0.7766877027390694 -0.13033828241016759
-0.77980693046091309 -0.13014033174415113

-0.77980693046091309 -0.13014033174415113
-0.78292615818275668 -0.12979910226682406

-0.78292615818275668 -0.12979910226682406
-0.78604538590460038 -0.12931913369065862

-0.78604538590460038 -0.12931913369065862
-0.78916461362644397 -0.12870342695346898

-0.78916461362644397 -0.12870342695346898
-0.79228384134828767 -0.12796332177740349

-0.79228384134828767 -0.12796332177740349
-0.79254050586320757 -0.12788833659558974

-0.79254050586320757 -0.12788833659558974
-0.79540306907013136 -0.12709656774134001

-0.79540306907013136 -0.12709656774134001
-0.79852229679197495 -0.12612577063280705

-0.79852229679197495 -0.12612577063280705
-0.80164152451381865 -0.12507227892948414

-0.80164152451381865 -0.12507227892948414
-0.80242316112895684 -0.12476910887374608

-0.80242316112895684 -0.12476910887374608
-0.80476075223566224 -0.12390168411203617

-0.80476075223566224 -0.12390168411203617
-0.80787997995750593 -0.12268668646956739

-0.80787997995750593 -0.12268668646956739
-0.81036678125517214 -0.12164988115190242

-0.81036678125517214 -0.12164988115190242
-0.81099920767934963 -0.12136803259534436

-0.81099920767934963 -0.12136803259534436
-0.81411843540119322 -0.1200266359719315

-0.81411843540119322 -0.1200266359719315
-0.81723766312303692 -0.11861909376984611

-0.81723766312303692 -0.11861909376984611
-0.81740757089034033 -0.11853065343005878

-0.81740757089034033 -0.11853065343005878
-0.8203568908448805 -0.11715306714042982

-0.8203568908448805 -0.11715306714042982
-0.8234761185667242 -0.11568814334545417

-0.8234761185667242 -0.11568814334545417
-0.82399667135785426 -0.11541142570821512

-0.82399667135785426 -0.11541142570821512
-0.82659534628856779 -0.114140896460783

-0.82659534628856779 -0.114140896460783
-0.82971457401041149 -0.11262561197287801

-0.82971457401041149 -0.11262561197287801
-0.83032166984057976 -0.11229219798637147

-0.83032166984057976 -0.11229219798637147
-0.83283380173225519 -0.11101812487243241

-0.83283380173225519 -0.11101812487243241
-0.83595302945409877 -0.1094631099149139

-0.83595302945409877 -0.1094631099149139
-0.83647132611595487 -0.10917297026452782

-0.83647132611595487 -0.10917297026452782
-0.83907225717594247 -0.10784143567896375

-0.83907225717594247 -0.10784143567896375
-0.84219148489778606 -0.10627731657054555

-0.84219148489778606 -0.10627731657054555
-0.84258600654513405 -0.10605374254268417

-0.84258600654513405 -0.10605374254268417
-0.84531071261962976 -0.10465719169499782

-0.84531071261962976 -0.10465719169499782
-0.84842994034147345 -0.10308017635607278

-0.84842994034147345 -0.10308017635607278
-0.84868468704341971 -0.10293451482084051

-0.84868468704341971 -0.10293451482084051
-0.85154916806331704 -0.10147213384634293

-0.85154916806331704 -0.10147213384634293
-0.85466839578516074 -0.099906914446588918

-0.85466839578516074 -0.099906914446588918
-0.85483091205156347 -0.099815287098996869

-0.85483091205156347 -0.099815287098996869
-0.85778762350700433 -0.098336141063892393

-0.85778762350700433 -0.098336141063892393
-0.86090685122884802 -0.096801504608853464

-0.86090685122884802 -0.096801504608853464
-0.86109742724413885 -0.096696059377153212

-0.86109742724413885 -0.096696059377153212
-0.86402607895069172 -0.095251637131593278

-0.86402607895069172 -0.095251637131593278
-0.86714530667253531 -0.093747983403145912

-0.86714530667253531 -0.093747983403145912
-0.86746745100257627 -0.093576831655309556

-0.86746745100257627 -0.093576831655309556
-0.87026453439437901 -0.092233957500957919

-0.87026453439437901 -0.092233957500957919
-0.8733837621162226 -0.09079204310968933

-0.8733837621162226 -0.09079204310968933
-0.87405421443008924 -0.090457603933465913

-0.87405421443008924 -0.090457603933465913
-0.87650298983806629 -0.089318208616285324

-0.87650298983806629 -0.089318208616285324
-0.87962221755990988 -0.087927298251679248

-0.87962221755990988 -0.087927298251679248
-0.88088460124136847 -0.087338376211622257

-0.88088460124136847 -0.087338376211622257
-0.88274144528175358 -0.086491939948633453

-0.88274144528175358 -0.086491939948633453
-0.88586067300359728 -0.085152302231348245

-0.88586067300359728 -0.085152302231348245
-0.88802411406356563 -0.0842191484897786

-0.88802411406356563 -0.0842191484897786
-0.88897990072544086 -0.083789517882842321

-0.88897990072544086 -0.083789517882842321
-0.89209912844728456 -0.08251215162126363

-0.89209912844728456 -0.08251215162126363
-0.89521835616912815 -0.081255576741335087

-0.89521835616912815 -0.081255576741335087
-0.89557922436502824 -0.081099920767934958

-0.89557922436502824 -0.081099920767934958
-0.89833758389097185 -0.080002554700713768

-0.89833758389097185 -0.080002554700713768
-0.90145681161281555 -0.078805148882372805

-0.90145681161281555 -0.078805148882372805
-0.9036285919171011 -0.077980693046091301

-0.9036285919171011 -0.077980693046091301
-0.90457603933465913 -0.077607596160810921

-0.90457603933465913 -0.077607596160810921
-0.90769526705650283 -0.07648318865469042

-0.90769526705650283 -0.07648318865469042
-0.91081449477834642 -0.0753864962920619

-0.91081449477834642 -0.0753864962920619
-0.91229254721506803 -0.074861465324247645

-0.91229254721506803 -0.074861465324247645
-0.91393372250019012 -0.074281859907956008

-0.91393372250019012 -0.074281859907956008
-0.9170529502220337 -0.073240267812863705

-0.9170529502220337 -0.073240267812863705
-0.9201721779438774 -0.072226706956798115

-0.9201721779438774 -0.072226706956798115
-0.92165275199909835 -0.071742237602403988

-0.92165275199909835 -0.071742237602403988
-0.9232914056657211 -0.071208810605023709

-0.9232914056657211 -0.071208810605023709
-0.92641063338756469 -0.070244479357717979

-0.92641063338756469 -0.070244479357717979
-0.92952986110940838 -0.069297650825373022

-0.92952986110940838 -0.069297650825373022
-0.93177936895276303 -0.068623009880560346

-0.93177936895276303 -0.068623009880560346
-0.93264908883125197 -0.068353431944768894

-0.93264908883125197 -0.068353431944768894
-0.93576831655309567 -0.067456571842570187

-0.93576831655309567 -0.067456571842570187
-0.93888754427493937 -0.066576532539930997

-0.93888754427493937 -0.066576532539930997
-0.94200677199678295 -0.06573167340332306

-0.94200677199678295 -0.06573167340332306
-0.9428342750815204 -0.065503782158716689

-0.9428342750815204 -0.065503782158716689
-0.94512599971862665 -0.064893013977806474

-0.94512599971862665 -0.064893013977806474
-0.94824522744047024 -0.064093397083514303

-0.94824522744047024 -0.064093397083514303
-0.95136445516231394 -0.063319536267702967

-0.95136445516231394 -0.063319536267702967
-0.95448368288415764 -0.062584133998798433

-0.95448368288415764 -0.062584133998798433
-0.95533450409404286 -0.062384554436873046

-0.95533450409404286 -0.062384554436873046
-0.95760291060600122 -0.061866917444585945

-0.95760291060600122 -0.061866917444585945
-0.96072213832784492 -0.061189693095580241

-0.96072213832784492 -0.061189693095580241
-0.96384136604968851 -0.060539324526590783

-0.96384136604968851 -0.060539324526590783
-0.96696059377153221 -0.059918790586710728

-0.96696059377153221 -0.059918790586710728
-0.97007982149337579 -0.059330199211046632

-0.97007982149337579 -0.059330199211046632
-0.97042603626145651 -0.05926532671502939

-0.97042603626145651 -0.05926532671502939
-0.97319904921521949 -0.0587645387392167

-0.97319904921521949 -0.0587645387392167
-0.97631827693706319 -0.058227144877613761

-0.97631827693706319 -0.058227144877613761
-0.97943750465890678 -0.057713803277400631

-0.97943750465890678 -0.057713803277400631
-0.98255673238075047 -0.057225426045692224

-0.98255673238075047 -0.057225426045692224
-0.98567596010259406 -0.05676194874467997

-0.98567596010259406 -0.05676194874467997
-0.98879518782443776 -0.056323561211148454

-0.98879518782443776 -0.056323561211148454
-0.99009562748570512 -0.05614609899318574

-0.99009562748570512 -0.05614609899318574
-0.99191441554628146 -0.055899484081333856

-0.99191441554628146 -0.055899484081333856
-0.99503364326812505 -0.055499987531430803

-0.99503364326812505 -0.055499987531430803
-0.99815287098996874 -0.055122021720509347

-0.99815287098996874 -0.055122021720509347
-1.0012720987118122 -0.054767238479826827

-1.0012720987118122 -0.054767238479826827
-1.0043913264336559 -0.054432321261900715

-1.0043913264336559 -0.054432321261900715
-1.0075105541554996 -0.054116331642060519

-1.0075105541554996 -0.054116331642060519
-1.0106297818773433 -0.053820656721342758

-1.0106297818773433 -0.053820656721342758
-1.0137490095991868 -0.053545798729778091

-1.0137490095991868 -0.053545798729778091
-1.0168682373210305 -0.053290777213830597

-1.0168682373210305 -0.053290777213830597
-1.0199874650428742 -0.053055508807015699

-1.0199874650428742 -0.053055508807015699
-1.0203952146105892 -0.053026871271342091

-1.0203952146105892 -0.053026871271342091
-1.0231066927647179 -0.052839022080370897

-1.0231066927647179 -0.052839022080370897
-1.0262259204865614 -0.052641965727526122

-1.0262259204865614 -0.052641965727526122
-1.0293451482084051 -0.052463634073205916

-1.0293451482084051 -0.052463634073205916
-1.0324643759302488 -0.052304439317831186

-1.0324643759302488 -0.052304439317831186
-1.0355836036520925 -0.052163904753316066

-1.0355836036520925 -0.052163904753316066
-1.0387028313739362 -0.052042116342105239

-1.0387028313739362 -0.052042116342105239
-1.0418220590957796 -0.051939670920099781

-1.0418220590957796 -0.051939670920099781
-1.0449412868176233 -0.051856302859542763

-1.0449412868176233 -0.051856302859542763
-1.048060514539467 -0.051791171219965383

-1.048060514539467 -0.051791171219965383
-1.0511797422613107 -0.05174449472974052

-1.0511797422613107 -0.05174449472974052
-1.0542989699831544 -0.051717245946287127

-1.0542989699831544 -0.051717245946287127
-1.0574181977049979 -0.051709488656134894

-1.0574181977049979 -0.051709488656134894
-1.0605374254268416 -0.05172050027925839

-1.0605374254268416 -0.05172050027925839
-1.0636566531486853 -0.051750105562095305

-1.0636566531486853 -0.051750105562095305
-1.066775880870529 -0.051798684976257649

-1.066775880870529 -0.051798684976257649
-1.0698951085923727 -0.051866262664471696

-1.0698951085923727 -0.051866262664471696
-1.0730143363142162 -0.05195239087392492

-1.0730143363142162 -0.05195239087392492
-1.0761335640360599 -0.052056622896160518

-1.0761335640360599 -0.052056622896160518
-1.0792527917579036 -0.052178691939637339

-1.0792527917579036 -0.052178691939637339
-1.0823720194797473 -0.052318417106895825

-1.0823720194797473 -0.052318417106895825
-1.085491247201591 -0.052475565102052632

-1.085491247201591 -0.052475565102052632
-1.0886104749234344 -0.05264978994330094

-1.0886104749234344 -0.05264978994330094
-1.0917297026452781 -0.052841239458128797

-1.0917297026452781 -0.052841239458128797
-1.0944949103549317 -0.053026871271342091

-1.0944949103549317 -0.053026871271342091
-1.0948489303671218 -0.0530509672297068

-1.0948489303671218 -0.0530509672297068
-1.0979681580889655 -0.053277537520481866

-1.0979681580889655 -0.053277537520481866
-1.1010873858108092 -0.053522129603032147

-1.1010873858108092 -0.053522129603032147
-1.1042066135326527 -0.053786003137922721

-1.1042066135326527 -0.053786003137922721
-1.1073258412544964 -0.054070189984846646

-1.1073258412544964 -0.054070189984846646
-1.1104450689763401 -0.054375121673828686

-1.1104450689763401 -0.054375121673828686
-1.1135642966981838 -0.054701224306355323

-1.1135642966981838 -0.054701224306355323
-1.1166835244200273 -0.055048862340368904

-1.1166835244200273 -0.055048862340368904
-1.119802752141871 -0.055418041375216387

-1.119802752141871 -0.055418041375216387
-1.1229219798637147 -0.055807888683562262

-1.1229219798637147 -0.055807888683562262
-1.1254926452195104 -0.05614609899318574

-1.1254926452195104 -0.05614609899318574
-1.1260412075855584 -0.056219901244016393

-1.1260412075855584 -0.056219901244016393
-1.1291604353074021 -0.056646711538615599

-1.1291604353074021 -0.056646711538615599
-1.1322796630292455 -0.057092369524897435

-1.1322796630292455 -0.057092369524897435
-1.1353988907510892 -0.057553950189293782

-1.1353988907510892 -0.057553950189293782
-1.1385181184729329 -0.058030268782923555

-1.1385181184729329 -0.058030268782923555
-1.1416373461947766 -0.058520349060420231

-1.1416373461947766 -0.058520349060420231
-1.1447565739166203 -0.05902115036833986

-1.1447565739166203 -0.05902115036833986
-1.1462114360559947 -0.05926532671502939

-1.1462114360559947 -0.05926532671502939
-1.1478758016384638 -0.059544037960335236

-1.1478758016384638 -0.059544037960335236
-1.1509950293603075 -0.060073526277660147

-1.1509950293603075 -0.060073526277660147
-1.1541142570821512 -0.060621972936923139

-1.1541142570821512 -0.060621972936923139
-1.1572334848039949 -0.061189121247668003

-1.1572334848039949 -0.061189121247668003
-1.1603527125258386 -0.06177689644073836

-1.1603527125258386 -0.06177689644073836
-1.1634609401966969 -0.062384554436873046

-1.1634609401966969 -0.062384554436873046
-1.1634719402476821 -0.062386816793385792

-1.1634719402476821 -0.062386816793385792
-1.1665911679695258 -0.063018985981115883

-1.1665911679695258 -0.063018985981115883
-1.1697103956913695 -0.063674315476538484

-1.1697103956913695 -0.063674315476538484
-1.1728296234132132 -0.064354714252587167

-1.1728296234132132 -0.064354714252587167
-1.1759488511350569 -0.065058452233300257

-1.1759488511350569 -0.065058452233300257
-1.17781807827477 -0.065503782158716689

-1.17781807827477 -0.065503782158716689
-1.1790680788569003 -0.065805510650743873

-1.1790680788569003 -0.065805510650743873
-1.182187306578744 -0.06656501308383822

-1.182187306578744 -0.06656501308383822
-1.1853065343005877 -0.067362212356393711

-1.1853065343005877 -0.067362212356393711
-1.1884257620224314 -0.068184735558825052

-1.1884257620224314 -0.068184735558825052
-1.1899853892343264 -0.068623009880560346

-1.1899853892343264 -0.068623009880560346
-1.1915449897442751 -0.069061844003288436

-1.1915449897442751 -0.069061844003288436
-1.1946642174661186 -0.069947014886764691

-1.1946642174661186 -0.069947014886764691
-1.1977834451879623 -0.070869961429806783

-1.1977834451879623 -0.070869961429806783
-1.2006327509762962 -0.071742237602403988

-1.2006327509762962 -0.071742237602403988
-1.200902672909806 -0.071830573650078028

-1.200902672909806 -0.071830573650078028
-1.2040219006316497 -0.072809308018015786

-1.2040219006316497 -0.072809308018015786
-1.2071411283534932 -0.073822527494897497

-1.2071411283534932 -0.073822527494897497
-1.2102495553919885 -0.074861465324247645

-1.2102495553919885 -0.074861465324247645
-1.2102603560753369 -0.074865406988619612

-1.2102603560753369 -0.074865406988619612
-1.2133795837971806 -0.075936946405292624

-1.2133795837971806 -0.075936946405292624
-1.2164988115190243 -0.077035659904657786

-1.2164988115190243 -0.077035659904657786
-1.2191010822429751 -0.077980693046091301

-1.2191010822429751 -0.077980693046091301
-1.219618039240868 -0.078180818369485178

-1.219618039240868 -0.078180818369485178
-1.2227372669627115 -0.079326644344573774

-1.2227372669627115 -0.079326644344573774
-1.2258564946845552 -0.080498538391163388

-1.2258564946845552 -0.080498538391163388
-1.2273581364992852 -0.081099920767934958

-1.2273581364992852 -0.081099920767934958
-1.2289757224063989 -0.081746154402400337

-1.2289757224063989 -0.081746154402400337
-1.2320949501282425 -0.082980189298856685

-1.2320949501282425 -0.082980189298856685
-1.235113323067409 -0.0842191484897786

-1.235113323067409 -0.0842191484897786
-1.2352141778500862 -0.084265005432263951

-1.2352141778500862 -0.084265005432263951
-1.2383334055719297 -0.085574056938101925

-1.2383334055719297 -0.085574056938101925
-1.2414526332937734 -0.086899733028367898

-1.2414526332937734 -0.086899733028367898
-1.2423878176710614 -0.087338376211622257

-1.2423878176710614 -0.087338376211622257
-1.2445718610156171 -0.088318362740170492

-1.2445718610156171 -0.088318362740170492
-1.2476910887374608 -0.089711188892552196

-1.2476910887374608 -0.089711188892552196
-1.2492373624152233 -0.090457603933465913

-1.2492373624152233 -0.090457603933465913
-1.2508103164593045 -0.091217335720119752

-1.2508103164593045 -0.091217335720119752
-1.253929544181148 -0.092677615746098452

-1.253929544181148 -0.092677615746098452
-1.2557082404917084 -0.093576831655309556

-1.2557082404917084 -0.093576831655309556
-1.2570487719029917 -0.09426796292932807

-1.2570487719029917 -0.09426796292932807
-1.2601679996248354 -0.095799441935372265

-1.2601679996248354 -0.095799441935372265
-1.2618434689971418 -0.096696059377153212

-1.2618434689971418 -0.096696059377153212
-1.2632872273466791 -0.097477729632190049

-1.2632872273466791 -0.097477729632190049
-1.2664064550685228 -0.099077981757284883

-1.2664064550685228 -0.099077981757284883
-1.2676956297518132 -0.099815287098996869

-1.2676956297518132 -0.099815287098996869
-1.2695256827903663 -0.10083826521643781

-1.2695256827903663 -0.10083826521643781
-1.27264491051221 -0.10251928318267348

-1.27264491051221 -0.10251928318267348
-1.2733101713753303 -0.10293451482084051

-1.2733101713753303 -0.10293451482084051
-1.2757641382340537 -0.10434298797056073

-1.2757641382340537 -0.10434298797056073
-1.2787158190094727 -0.10605374254268417

-1.2787158190094727 -0.10605374254268417
-1.2788833659558974 -0.10616483481208791

-1.2788833659558974 -0.10616483481208791
-1.2820025936777411 -0.10797445160702025

-1.2820025936777411 -0.10797445160702025
-1.283946738057038 -0.10917297026452782

-1.283946738057038 -0.10917297026452782
-1.2851218213995845 -0.10992712298907617

-1.2851218213995845 -0.10992712298907617
-1.2882410491214282 -0.11175351066456439

-1.2882410491214282 -0.11175351066456439
-1.2890337004477903 -0.11229219798637147

-1.2890337004477903 -0.11229219798637147
-1.2913602768432719 -0.11375776118044355

-1.2913602768432719 -0.11375776118044355
-1.2939675055783431 -0.11541142570821512

-1.2939675055783431 -0.11541142570821512
-1.2944795045651156 -0.11577238948805031

-1.2944795045651156 -0.11577238948805031
-1.2975987322869591 -0.11769281374217759

-1.2975987322869591 -0.11769281374217759
-1.298802095113893 -0.11853065343005878

-1.298802095113893 -0.11853065343005878
-1.3007179600088028 -0.11981707101129789

-1.3007179600088028 -0.11981707101129789
-1.3035017145556318 -0.12164988115190242

-1.3035017145556318 -0.12164988115190242
-1.3038371877306465 -0.12189852027809685

-1.3038371877306465 -0.12189852027809685
-1.3069564154524902 -0.12391414896596104

-1.3069564154524902 -0.12391414896596104
-1.3081306599189584 -0.12476910887374608

-1.3081306599189584 -0.12476910887374608
-1.3100756431743339 -0.12613152682294981

-1.3100756431743339 -0.12613152682294981
-1.3126203487663322 -0.12788833659558974

-1.3126203487663322 -0.12788833659558974
-1.3131948708961774 -0.12832500088906831

-1.3131948708961774 -0.12832500088906831
-1.3163140986180211 -0.13040147353913906

-1.3163140986180211 -0.13040147353913906
-1.3171085554934157 -0.13100756431743338

-1.3171085554934157 -0.13100756431743338
-1.3194333263398648 -0.13265636233605407

-1.3194333263398648 -0.13265636233605407
-1.3214614544937355 -0.13412679203927705

-1.3214614544937355 -0.13412679203927705
-1.3225525540617085 -0.13495704776115405

-1.3225525540617085 -0.13495704776115405
-1.3256717817835522 -0.13709625395064476

-1.3256717817835522 -0.13709625395064476
-1.3258624414853382 -0.13724601976112069

-1.3258624414853382 -0.13724601976112069
-1.3287910095053956 -0.13928465292766126

-1.3287910095053956 -0.13928465292766126
-1.3302448335367132 -0.14036524748296433

-1.3302448335367132 -0.14036524748296433
-1.3319102372272393 -0.14158938493810039

-1.3319102372272393 -0.14158938493810039
-1.3346596717734245 -0.143484475204808

-1.3346596717734245 -0.143484475204808
-1.335029464949083 -0.14376779723113708

-1.335029464949083 -0.14376779723113708
-1.3381486926709267 -0.14580732833538795

-1.3381486926709267 -0.14580732833538795
-1.3392590519894314 -0.14660370292665165

-1.3392590519894314 -0.14660370292665165
-1.3412679203927704 -0.14797433344400335

-1.3412679203927704 -0.14797433344400335
-1.3439857535745825 -0.14972293064849529

-1.3439857535745825 -0.14972293064849529
-1.3443871481146139 -0.15001018087414705

-1.3443871481146139 -0.15001018087414705
-1.3475063758364576 -0.1518747792529771

-1.3475063758364576 -0.1518747792529771
-1.3490789533207368 -0.15284215837033896

-1.3490789533207368 -0.15284215837033896
-1.3506256035583013 -0.15379106093708692

-1.3506256035583013 -0.15379106093708692
-1.353744831280145 -0.15546273850152403

-1.353744831280145 -0.15546273850152403
-1.354640207140817 -0.1559613860921826

-1.354640207140817 -0.1559613860921826
-1.3568640590019887 -0.15712506701957601

-1.3568640590019887 -0.15712506701957601
-1.3599832867238322 -0.15857660327246145

-1.3599832867238322 -0.15857660327246145
-1.3611099325512539 -0.15908061381402624

-1.3611099325512539 -0.15908061381402624
-1.3631025144456759 -0.15993970153604684

-1.3631025144456759 -0.15993970153604684
-1.3662217421675196 -0.16110817529903779

-1.3662217421675196 -0.16110817529903779
-1.3693409698893633 -0.16210630699423856

-1.3693409698893633 -0.16210630699423856
-1.3696814817806231 -0.16219984153586992

-1.3696814817806231 -0.16219984153586992
-1.372460197611207 -0.16291859115115681

-1.372460197611207 -0.16291859115115681
-1.3755794253330504 -0.16353970300665741

-1.3755794253330504 -0.16353970300665741
-1.3786986530548941 -0.16397217914638462

-1.3786986530548941 -0.16397217914638462
-1.3818178807767378 -0.16419756823268924

-1.3818178807767378 -0.16419756823268924
-1.3849371084985815 -0.16420567351205348

-1.3849371084985815 -0.16420567351205348
-1.388056336220425 -0.16398743490150808

-1.388056336220425 -0.16398743490150808
-1.3911755639422687 -0.16353460039993242

-1.3911755639422687 -0.16353460039993242
-1.3942947916641124 -0.16284153647365082

-1.3942947916641124 -0.16284153647365082
-1.3964295970956733 -0.16219984153586992

-1.3964295970956733 -0.16219984153586992
-1.3974140193859561 -0.16189264032296088

-1.3974140193859561 -0.16189264032296088
-1.4005332471077998 -0.16073499957604406

-1.4005332471077998 -0.16073499957604406
-1.4036524748296433 -0.15934073616034641

-1.4036524748296433 -0.15934073616034641
-1.4040978392853829 -0.15908061381402624

-1.4040978392853829 -0.15908061381402624
-1.406771702551487 -0.15765129256796773

-1.406771702551487 -0.15765129256796773
-1.4095480503174822 -0.1559613860921826

-1.4095480503174822 -0.1559613860921826
-1.4098909302733307 -0.15572291018635856

-1.4098909302733307 -0.15572291018635856
-1.4130101579951744 -0.15368482277988343

-1.4130101579951744 -0.15368482277988343
-1.4140753146471783 -0.15284215837033896

-1.4140753146471783 -0.15284215837033896
-1.4161293857170181 -0.15125859775896733

-1.4161293857170181 -0.15125859775896733
-1.4179632445840606 -0.14972293064849529

-1.4179632445840606 -0.14972293064849529
-1.4192486134388616 -0.14860601661304459

-1.4192486134388616 -0.14860601661304459
-1.4215073762760568 -0.14660370292665165

-1.4215073762760568 -0.14660370292665165
-1.4223678411607052 -0.14580077971878605

-1.4223678411607052 -0.14580077971878605
-1.4248207966062407 -0.143484475204808

-1.4248207966062407 -0.143484475204808
-1.4254870688825489 -0.14283013930131147

-1.4254870688825489 -0.14283013930131147
-1.4279479183151269 -0.14036524748296433

-1.4279479183151269 -0.14036524748296433
-1.4286062966043926 -0.1396942691669972

-1.4286062966043926 -0.1396942691669972
-1.4309501647685974 -0.13724601976112069

-1.4309501647685974 -0.13724601976112069
-1.4317255243262363 -0.13643760967410609

-1.4317255243262363 -0.13643760967410609
-1.433883460126729 -0.13412679203927705

-1.433883460126729 -0.13412679203927705
-1.4348447520480798 -0.13310413661431475

-1.4348447520480798 -0.13310413661431475
-1.4367673253695057 -0.13100756431743338

-1.4367673253695057 -0.13100756431743338
-1.4379639797699235 -0.12970804025267629

-1.4379639797699235 -0.12970804025267629
-1.4396154168623483 -0.12788833659558974

-1.4396154168623483 -0.12788833659558974
-1.4410832074917672 -0.12626808570299397

-1.4410832074917672 -0.12626808570299397
-1.4424439290701048 -0.12476910887374608

-1.4424439290701048 -0.12476910887374608
-1.4442024352136109 -0.12281233283704082

-1.4442024352136109 -0.12281233283704082
-1.4452661607589827 -0.12164988115190242

-1.4452661607589827 -0.12164988115190242
-1.4473216629354546 -0.11934905111123714

-1.4473216629354546 -0.11934905111123714
-1.4480758797529429 -0.11853065343005878

-1.4480758797529429 -0.11853065343005878
-1.4504408906572981 -0.11586580504444202

-1.4504408906572981 -0.11586580504444202
-1.4508627598411921 -0.11541142570821512

-1.4508627598411921 -0.11541142570821512
-1.4535601183791418 -0.1123723890707669

-1.4535601183791418 -0.1123723890707669
-1.4536354266007034 -0.11229219798637147

-1.4536354266007034 -0.11229219798637147
-1.4564407832589001 -0.10917297026452782

-1.4564407832589001 -0.10917297026452782
-1.4566793461009855 -0.10892199091177032

-1.4566793461009855 -0.10892199091177032
-1.4593283079216326 -0.10605374254268417

-1.4593283079216326 -0.10605374254268417
-1.4597985738228292 -0.10556474567287275

-1.4597985738228292 -0.10556474567287275
-1.4622943717059023 -0.10293451482084051

-1.4622943717059023 -0.10293451482084051
-1.4629178015446729 -0.10229543378570838

-1.4629178015446729 -0.10229543378570838
-1.465333705776813 -0.099815287098996869

-1.465333705776813 -0.099815287098996869
-1.4660370292665164 -0.099105929023745432

-1.4660370292665164 -0.099105929023745432
-1.4684481148767774 -0.096696059377153212

-1.4684481148767774 -0.096696059377153212
-1.4691562569883601 -0.095994550019696187

-1.4691562569883601 -0.095994550019696187
-1.4716443790455254 -0.093576831655309556

-1.4716443790455254 -0.093576831655309556
-1.4722754847102038 -0.092962640349523909

-1.4722754847102038 -0.092962640349523909
-1.4749347472018446 -0.090457603933465913

-1.4749347472018446 -0.090457603933465913
-1.4753947124320475 -0.090017761180770262

-1.4753947124320475 -0.090017761180770262
-1.478348810347583 -0.087338376211622257

-1.478348810347583 -0.087338376211622257
-1.4785139401538909 -0.087183301469312288

-1.4785139401538909 -0.087183301469312288
-1.4816331678757346 -0.084458889774870607

-1.4816331678757346 -0.084458889774870607
-1.4818940788569048 -0.0842191484897786

-1.4818940788569048 -0.0842191484897786
-1.4847523955975783 -0.081769415871161946

-1.4847523955975783 -0.081769415871161946
-1.4855008675071493 -0.081099920767934958

-1.4855008675071493 -0.081099920767934958
-1.487871623319422 -0.079090859149055837

-1.487871623319422 -0.079090859149055837
-1.4891589391873108 -0.077980693046091301

-1.4891589391873108 -0.077980693046091301
-1.4909908510412657 -0.076440644531844515

-1.4909908510412657 -0.076440644531844515
-1.4929211403444476 -0.074861465324247645

-1.4929211403444476 -0.074861465324247645
-1.4941100787631092 -0.073868368666582584

-1.4941100787631092 -0.073868368666582584
-1.4969042491174573 -0.071742237602403988

-1.4969042491174573 -0.071742237602403988
-1.4972293064849529 -0.071472568284024249

-1.4972293064849529 -0.071472568284024249
-1.5003485342067966 -0.069229000797170065

-1.5003485342067966 -0.069229000797170065
-1.5011140022809411 -0.068623009880560346

-1.5011140022809411 -0.068623009880560346
-1.5034677619286403 -0.066899395638662346

-1.5034677619286403 -0.066899395638662346
-1.5053848285361506 -0.065503782158716689

-1.5053848285361506 -0.065503782158716689
-1.506586989650484 -0.064600438355481904

-1.506586989650484 -0.064600438355481904
-1.5097062173723275 -0.062529607305384358

-1.5097062173723275 -0.062529607305384358
-1.5098991308309906 -0.062384554436873046

-1.5098991308309906 -0.062384554436873046
-1.5128254450941712 -0.060453460988236396

-1.5128254450941712 -0.060453460988236396
-1.5145903813090458 -0.05926532671502939

-1.5145903813090458 -0.05926532671502939
-1.5159446728160149 -0.058335559367934837

-1.5159446728160149 -0.058335559367934837
-1.5190639005378586 -0.056437334793686587

-1.5190639005378586 -0.056437334793686587
-1.5194849872557483 -0.05614609899318574

-1.5194849872557483 -0.05614609899318574
-1.5221831282597023 -0.054482007087859323

-1.5221831282597023 -0.054482007087859323
-1.5245805909942665 -0.053026871271342091

-1.5245805909942665 -0.053026871271342091
-1.5253023559815457 -0.052551906570381411

-1.5253023559815457 -0.052551906570381411
-1.5284215837033894 -0.050796195093802739

-1.5284215837033894 -0.050796195093802739
-1.5299126240446219 -0.049907643549498434

-1.5299126240446219 -0.049907643549498434
-1.5315408114252331 -0.048945544514343464

-1.5315408114252331 -0.048945544514343464
-1.5346600391470768 -0.047274701712340959

-1.5346600391470768 -0.047274701712340959
-1.535490233766388 -0.046788415827654785

-1.535490233766388 -0.046788415827654785
-1.5377792668689205 -0.045535938710750776

-1.5377792668689205 -0.045535938710750776
-1.540898494590764 -0.043927969873074013

-1.540898494590764 -0.043927969873074013
-1.5413556687296095 -0.043669188105811135

-1.5413556687296095 -0.043669188105811135
-1.5440177223126077 -0.04230184980239747

-1.5440177223126077 -0.04230184980239747
-1.5471369500344514 -0.040773834311467284

-1.5471369500344514 -0.040773834311467284
-1.5475576376427 -0.040549960383967479

-1.5475576376427 -0.040549960383967479
-1.5502561777562951 -0.039243327783937382

-1.5502561777562951 -0.039243327783937382
-1.5533754054781388 -0.037808062663450784

-1.5533754054781388 -0.037808062663450784
-1.5541516919661627 -0.037430732662123829

-1.5541516919661627 -0.037430732662123829
-1.5564946331999823 -0.036359349996770179

-1.5564946331999823 -0.036359349996770179
-1.559613860921826 -0.035013263200725571

-1.559613860921826 -0.035013263200725571
-1.561221689885044 -0.034311504940280173

-1.561221689885044 -0.034311504940280173
-1.5627330886436697 -0.033650773015995887

-1.5627330886436697 -0.033650773015995887
-1.5658523163655134 -0.03238469907537514

-1.5658523163655134 -0.03238469907537514
-1.5688475047481951 -0.03119227721843652

-1.5688475047481951 -0.03119227721843652
-1.5689715440873568 -0.031138021773016073

-1.5689715440873568 -0.031138021773016073
-1.5720907718092005 -0.029944503747316928

-1.5720907718092005 -0.029944503747316928
-1.5752099995310442 -0.02879663722235774

-1.5752099995310442 -0.02879663722235774
-1.5771998573905264 -0.028073049496592867

-1.5771998573905264 -0.028073049496592867
-1.5783292272528879 -0.027652355292996495

-1.5783292272528879 -0.027652355292996495
-1.5814484549747316 -0.026578994461247781

-1.5814484549747316 -0.026578994461247781
-1.5845676826965751 -0.025534801481844727

-1.5845676826965751 -0.025534801481844727
-1.5863148378032199 -0.024953821774749217

-1.5863148378032199 -0.024953821774749217
-1.5876869104184188 -0.02449352430653089

-1.5876869104184188 -0.02449352430653089
-1.5908061381402625 -0.023513137765851191

-1.5908061381402625 -0.023513137765851191
-1.5939253658621062 -0.022553394949780037

-1.5939253658621062 -0.022553394949780037
-1.5963070784015201 -0.021834594052905564

-1.5963070784015201 -0.021834594052905564
-1.5970445935839499 -0.021602988395812418

-1.5970445935839499 -0.021602988395812418
-1.6001638213057934 -0.02070006548155549

-1.6001638213057934 -0.02070006548155549
-1.6032830490276371 -0.019815404288300274

-1.6032830490276371 -0.019815404288300274
-1.6064022767494808 -0.018966863715078951

-1.6064022767494808 -0.018966863715078951
-1.607315525490115 -0.018715366331061911

-1.607315525490115 -0.018715366331061911
-1.6095215044713245 -0.018125364280540707

-1.6095215044713245 -0.018125364280540707
-1.6126407321931682 -0.017326188322840871

-1.6126407321931682 -0.017326188322840871
-1.6157599599150116 -0.016552497484389063

-1.6157599599150116 -0.016552497484389063
-1.6188791876368553 -0.01581589322920424

-1.6188791876368553 -0.01581589322920424
-1.6198182272407264 -0.015596138609218262

-1.6198182272407264 -0.015596138609218262
-1.621998415358699 -0.015098234585326083

-1.621998415358699 -0.015098234585326083
-1.6251176430805427 -0.014426501295731455

-1.6251176430805427 -0.014426501295731455
-1.6282368708023864 -0.013786902479407078

-1.6282368708023864 -0.013786902479407078
-1.6313560985242299 -0.013180481469035764

-1.6313560985242299 -0.013180481469035764
-1.6344753262460736 -0.012611647448485658

-1.6344753262460736 -0.012611647448485658
-1.6352367543075157 -0.012476910887374609

-1.6352367543075157 -0.012476910887374609
-1.6375945539679173 -0.012069485037821053

-1.6375945539679173 -0.012069485037821053
-1.640713781689761 -0.011566042797599138

-1.640713781689761 -0.011566042797599138
-1.6438330094116045 -0.011093218779534503

-1.6438330094116045 -0.011093218779534503
-1.6469522371334482 -0.010650698525125769

-1.6469522371334482 -0.010650698525125769
-1.6500714648552919 -0.010238152033580972

-1.6500714648552919 -0.010238152033580972
-1.6531906925771356 -0.009853435359272222

-1.6531906925771356 -0.009853435359272222
-1.6563099202989793 -0.0094954462800861655

-1.6563099202989793 -0.0094954462800861655
-1.6575744521575069 -0.0093576831655309573

-1.6575744521575069 -0.0093576831655309573
-1.6594291480208228 -0.0091568363273120314

-1.6594291480208228 -0.0091568363273120314
-1.6625483757426665 -0.0088426205921844029

-1.6625483757426665 -0.0088426205921844029
-1.6656676034645101 -0.0085499074258939198

-1.6656676034645101 -0.0085499074258939198
-1.6687868311863538 -0.0082811151468185507

-1.6687868311863538 -0.0082811151468185507
-1.6719060589081975 -0.0080355758101986578

-1.6719060589081975 -0.0080355758101986578
-1.675025286630041 -0.0078125207272161067

-1.675025286630041 -0.0078125207272161067
-1.6781445143518847 -0.0076129333392027862

-1.6781445143518847 -0.0076129333392027862
-1.6812637420737284 -0.0074389982437324037

-1.6812637420737284 -0.0074389982437324037
-1.6843829697955721 -0.0072930343130550995

-1.6843829697955721 -0.0072930343130550995
-1.6875021975174158 -0.0071770196522363723

-1.6875021975174158 -0.0071770196522363723
-1.6906214252392593 -0.0070924013968291658

-1.6906214252392593 -0.0070924013968291658
-1.693740652961103 -0.0070401909297207804

-1.693740652961103 -0.0070401909297207804
-1.6968598806829467 -0.0070212303239524263

-1.6968598806829467 -0.0070212303239524263
-1.6999791084047904 -0.0070361963805326173

-1.6999791084047904 -0.0070361963805326173
-1.7030983361266341 -0.0070854343131553582

-1.7030983361266341 -0.0070854343131553582
-1.7062175638484776 -0.0071688432402526384

-1.7062175638484776 -0.0071688432402526384
-1.7093367915703213 -0.0072858486585578343

-1.7093367915703213 -0.0072858486585578343
-1.712456019292165 -0.0074354893586549616

-1.712456019292165 -0.0074354893586549616
-1.7155752470140087 -0.0076166135926070246

-1.7155752470140087 -0.0076166135926070246
-1.7186944747358524 -0.0078278198539158267

-1.7186944747358524 -0.0078278198539158267
-1.7218137024576958 -0.0080678283237765065

-1.7218137024576958 -0.0080678283237765065
-1.7249329301795395 -0.0083361327775716663

-1.7249329301795395 -0.0083361327775716663
-1.7280521579013832 -0.0086328765954216628

-1.7280521579013832 -0.0086328765954216628
-1.7311713856232269 -0.0089578921736645951

-1.7311713856232269 -0.0089578921736645951
-1.7342906133450704 -0.0093092613615470676

-1.7342906133450704 -0.0093092613615470676
-1.7346796440512582 -0.0093576831655309573

-1.7346796440512582 -0.0093576831655309573
-1.7374098410669141 -0.0096901149497202813

-1.7374098410669141 -0.0096901149497202813
-1.7405290687887578 -0.010097192909745447

-1.7405290687887578 -0.010097192909745447
-1.7436482965106015 -0.010533416365802937

-1.7436482965106015 -0.010533416365802937
-1.7467675242324452 -0.011001115926257765

-1.7467675242324452 -0.011001115926257765
-1.7498867519542887 -0.011502871124437583

-1.7498867519542887 -0.011502871124437583
-1.7530059796761324 -0.012040336667069346

-1.7530059796761324 -0.012040336667069346
-1.7553575601250413 -0.012476910887374609

-1.7553575601250413 -0.012476910887374609
-1.7561252073979761 -0.012623108564287723

-1.7561252073979761 -0.012623108564287723
-1.7592444351198198 -0.013236633125916364

-1.7592444351198198 -0.013236633125916364
-1.7623636628416635 -0.01389519737125346

-1.7623636628416635 -0.01389519737125346
-1.7654828905635069 -0.014597244546136175

-1.7654828905635069 -0.014597244546136175
-1.7686021182853506 -0.01533640384845195

-1.7686021182853506 -0.01533640384845195
-1.7695974583509924 -0.015596138609218262

-1.7695974583509924 -0.015596138609218262
-1.7717213460071943 -0.016138570036373933

-1.7717213460071943 -0.016138570036373933
-1.774840573729038 -0.016969866761457321

-1.774840573729038 -0.016969866761457321
-1.7779598014508817 -0.017847338834603543

-1.7779598014508817 -0.017847338834603543
-1.78089796014544 -0.018715366331061911

-1.78089796014544 -0.018715366331061911
-1.7810790291727252 -0.018772707058544561

-1.7810790291727252 -0.018772707058544561
-1.7841982568945689 -0.019733126254510746

-1.7841982568945689 -0.019733126254510746
-1.7873174846164126 -0.020738343032085427

-1.7873174846164126 -0.020738343032085427
-1.7904367123382563 -0.021780412805356128

-1.7904367123382563 -0.021780412805356128
-1.7905801078620751 -0.021834594052905564

-1.7905801078620751 -0.021834594052905564
-1.7935559400601 -0.022871857722084728

-1.7935559400601 -0.022871857722084728
-1.7966751677819435 -0.023995763139146562

-1.7966751677819435 -0.023995763139146562
-1.7992250871820625 -0.024953821774749217

-1.7992250871820625 -0.024953821774749217
-1.7997943955037872 -0.02518173507799986

-1.7997943955037872 -0.02518173507799986
-1.8029136232256309 -0.026378626816480111

-1.8029136232256309 -0.026378626816480111
-1.8060328509474746 -0.027612291429129472

-1.8060328509474746 -0.027612291429129472
-1.8070903867793733 -0.028073049496592867

-1.8070903867793733 -0.028073049496592867
-1.8091520786693183 -0.028942514760517485

-1.8091520786693183 -0.028942514760517485
-1.8122713063911617 -0.03026647056996614

-1.8122713063911617 -0.03026647056996614
-1.8143176465445503 -0.03119227721843652

-1.8143176465445503 -0.03119227721843652
-1.8153905341130054 -0.031696501968819769

-1.8153905341130054 -0.031696501968819769
-1.8185097618348491 -0.033109096139032297

-1.8185097618348491 -0.033109096139032297
-1.8210098489844004 -0.034311504940280173

-1.8210098489844004 -0.034311504940280173
-1.8216289895566928 -0.034633345653069178

-1.8216289895566928 -0.034633345653069178
-1.8247482172785363 -0.036150052864964262

-1.8247482172785363 -0.036150052864964262
-1.8272291628790549 -0.037430732662123829

-1.8272291628790549 -0.037430732662123829
-1.82786744500038 -0.037788289234441344

-1.82786744500038 -0.037788289234441344
-1.8309866727222237 -0.03939818093177596

-1.8309866727222237 -0.03939818093177596
-1.8330559314471406 -0.040549960383967479

-1.8330559314471406 -0.040549960383967479
-1.8341059004440674 -0.04116375020487071

-1.8341059004440674 -0.04116375020487071
-1.8372251281659111 -0.042855675938745175

-1.8372251281659111 -0.042855675938745175
-1.8385511955225711 -0.043669188105811135

-1.8385511955225711 -0.043669188105811135
-1.8403443558877546 -0.044747184407602253

-1.8403443558877546 -0.044747184407602253
-1.8434635836095983 -0.046569839710272884

-1.8434635836095983 -0.046569839710272884
-1.8437805234379046 -0.046788415827654785

-1.8437805234379046 -0.046788415827654785
-1.846582811331442 -0.048509068105642893

-1.846582811331442 -0.048509068105642893
-1.8487509784876941 -0.049907643549498434

-1.8487509784876941 -0.049907643549498434
-1.8497020390532857 -0.050563311846499197

-1.8497020390532857 -0.050563311846499197
-1.8528212667751294 -0.052498685642897204

-1.8528212667751294 -0.052498685642897204
-1.8535494987950074 -0.053026871271342091

-1.8535494987950074 -0.053026871271342091
-1.8559404944969728 -0.054628481106534101

-1.8559404944969728 -0.054628481106534101
-1.8581275007754454 -0.05614609899318574

-1.8581275007754454 -0.05614609899318574
-1.8590597222188165 -0.056838558343271076

-1.8590597222188165 -0.056838558343271076
-1.8621789499406602 -0.058925505213374058

-1.8621789499406602 -0.058925505213374058
-1.8626148699513476 -0.05926532671502939

-1.8626148699513476 -0.05926532671502939
-1.8652981776625039 -0.061165756784884895

-1.8652981776625039 -0.061165756784884895
-1.866888357917933 -0.062384554436873046

-1.866888357917933 -0.062384554436873046
-1.8684174053843476 -0.063565426028107871

-1.8684174053843476 -0.063565426028107871
-1.8710126297725764 -0.065503782158716689

-1.8710126297725764 -0.065503782158716689
-1.8715366331061911 -0.065932725156703093

-1.8715366331061911 -0.065932725156703093
-1.8746558608280348 -0.068221978932442556

-1.8746558608280348 -0.068221978932442556
-1.8751345917772364 -0.068623009880560346

-1.8751345917772364 -0.068623009880560346
-1.8777750885498785 -0.070669672273061548

-1.8777750885498785 -0.070669672273061548
-1.879055438347712 -0.071742237602403988

-1.879055438347712 -0.071742237602403988
-1.8808943162717222 -0.073257805656573055

-1.8808943162717222 -0.073257805656573055
-1.8828261356125968 -0.074861465324247645

-1.8828261356125968 -0.074861465324247645
-1.8840135439935659 -0.075876377136468526

-1.8840135439935659 -0.075876377136468526
-1.8866014081712585 -0.077980693046091301

-1.8866014081712585 -0.077980693046091301
-1.8871327717154094 -0.078444461207665475

-1.8871327717154094 -0.078444461207665475
-1.8902519994372531 -0.080943434075743934

-1.8902519994372531 -0.080943434075743934
-1.8904284105959688 -0.081099920767934958

-1.8904284105959688 -0.081099920767934958
-1.8933712271590968 -0.083505146221528159

-1.8933712271590968 -0.083505146221528159
-1.8941840492919997 -0.0842191484897786

-1.8941840492919997 -0.0842191484897786
-1.8964904548809405 -0.086147883599260122

-1.8964904548809405 -0.086147883599260122
-1.8978724608851127 -0.087338376211622257

-1.8978724608851127 -0.087338376211622257
-1.8996096826027842 -0.088815514789647429

-1.8996096826027842 -0.088815514789647429
-1.9015725168968973 -0.090457603933465913

-1.9015725168968973 -0.090457603933465913
-1.9027289103246277 -0.091450304709617833

-1.9027289103246277 -0.091450304709617833
-1.905393405995307 -0.093576831655309556

-1.905393405995307 -0.093576831655309556
-1.9058481380464714 -0.093967145783954195

-1.9058481380464714 -0.093967145783954195
-1.908967365768315 -0.096333994466754891

-1.908967365768315 -0.096333994466754891
-1.9093995700086765 -0.096696059377153212

-1.9093995700086765 -0.096696059377153212
-1.9120865934901587 -0.09873700284686722

-1.9120865934901587 -0.09873700284686722
-1.9134588747608854 -0.099815287098996869

-1.9134588747608854 -0.099815287098996869
-1.9152058212120022 -0.10115692761464441

-1.9152058212120022 -0.10115692761464441
-1.9177275049667584 -0.10293451482084051

-1.9177275049667584 -0.10293451482084051
-1.9183250489338459 -0.10339090508575019

-1.9183250489338459 -0.10339090508575019
-1.9214442766556896 -0.10537989127713449

-1.9214442766556896 -0.10537989127713449
-1.9224231085258323 -0.10605374254268417

-1.9224231085258323 -0.10605374254268417
-1.9245635043775333 -0.10743249974549393

-1.9245635043775333 -0.10743249974549393
-1.9275436251368154 -0.10917297026452782

-1.9275436251368154 -0.10917297026452782
-1.927682732099377 -0.10926487548585234

-1.927682732099377 -0.10926487548585234
-1.9308019598212205 -0.11092715944338156

-1.9308019598212205 -0.11092715944338156
-1.9336245347502858 -0.11229219798637147

-1.9336245347502858 -0.11229219798637147
-1.9339211875430642 -0.11244986248827391

-1.9339211875430642 -0.11244986248827391
-1.9370404152649079 -0.11376855861169798

-1.9370404152649079 -0.11376855861169798
-1.9401596429867516 -0.1149187851647544

-1.9401596429867516 -0.1149187851647544
-1.9417205204363859 -0.11541142570821512

-1.9417205204363859 -0.11541142570821512
-1.9432788707085953 -0.11589909660113064

-1.9432788707085953 -0.11589909660113064
-1.9463980984304388 -0.11665581716683239

-1.9463980984304388 -0.11665581716683239
-1.9495173261522825 -0.11722996374570155

-1.9495173261522825 -0.11722996374570155
-1.9526365538741262 -0.11760226208206587

-1.9526365538741262 -0.11760226208206587
-1.9557557815959699 -0.11776914145301202

-1.9557557815959699 -0.11776914145301202
-1.9588750093178136 -0.1177318665384766

-1.9588750093178136 -0.1177318665384766
-1.961994237039657 -0.11749263965057666

-1.961994237039657 -0.11749263965057666
-1.9651134647615007 -0.11705093914113006

-1.9651134647615007 -0.11705093914113006
-1.9682326924833444 -0.11639957784157982

-1.9682326924833444 -0.11639957784157982
-1.9713519202051881 -0.11554780229736518

-1.9713519202051881 -0.11554780229736518
-1.9717316022863929 -0.11541142570821512

-1.9717316022863929 -0.11541142570821512
-1.9744711479270318 -0.11448309507664102

-1.9744711479270318 -0.11448309507664102
-1.9775903756488753 -0.11324904491383476

-1.9775903756488753 -0.11324904491383476
-1.9796471443353538 -0.11229219798637147

-1.9796471443353538 -0.11229219798637147
-1.980709603370719 -0.11177506835559323

-1.980709603370719 -0.11177506835559323
-1.9838288310925627 -0.11021928888786632

-1.9838288310925627 -0.11021928888786632
-1.9856229917720933 -0.10917297026452782

-1.9856229917720933 -0.10917297026452782
-1.9869480588144064 -0.10837763657921526

-1.9869480588144064 -0.10837763657921526
-1.9900672865362501 -0.10654295947822143

-1.9900672865362501 -0.10654295947822143
-1.9907514088934566 -0.10605374254268417

-1.9907514088934566 -0.10605374254268417
-1.9931865142580936 -0.10444262726059989

-1.9931865142580936 -0.10444262726059989
-1.9953188612647703 -0.10293451482084051

-1.9953188612647703 -0.10293451482084051
-1.9963057419799373 -0.10219066635261997

-1.9963057419799373 -0.10219066635261997
-1.999424969701781 -0.10000012992844814

-1.999424969701781 -0.10000012992844814
-1.9996505924838595 -0.099815287098996869

-1.9996505924838595 -0.099815287098996869
-2.0025441974236249 -0.097657796080146131

-2.0025441974236249 -0.097657796080146131
-2.0037071103595947 -0.096696059377153212

-2.0037071103595947 -0.096696059377153212
-2.0056634251454684 -0.095116210122987974

-2.0056634251454684 -0.095116210122987974
-2.0075183462073265 -0.093576831655309556

-2.0075183462073265 -0.093576831655309556
-2.0087826528673123 -0.09249959351316199

-2.0087826528673123 -0.09249959351316199
-2.0112484584188062 -0.090457603933465913

-2.0112484584188062 -0.090457603933465913
-2.0119018805891558 -0.089881629781363881

-2.0119018805891558 -0.089881629781363881
-2.0149584840962316 -0.087338376211622257

-2.0149584840962316 -0.087338376211622257
-2.0150211083109992 -0.087281650763111465

-2.0150211083109992 -0.087281650763111465
-2.0181403360328432 -0.084645486767623582

-2.0181403360328432 -0.084645486767623582
-2.018607640128625 -0.0842191484897786

-2.018607640128625 -0.0842191484897786
-2.0212595637546866 -0.081914355913879966

-2.0212595637546866 -0.081914355913879966
-2.0221511254988358 -0.081099920767934958

-2.0221511254988358 -0.081099920767934958
-2.0243787914765305 -0.079120490907779756

-2.0243787914765305 -0.079120490907779756
-2.0256264014429659 -0.077980693046091301

-2.0256264014429659 -0.077980693046091301
-2.027498019198374 -0.076290916427471378

-2.027498019198374 -0.076290916427471378
-2.0290670577844292 -0.074861465324247645

-2.0290670577844292 -0.074861465324247645
-2.0306172469202175 -0.073448737003761352

-2.0306172469202175 -0.073448737003761352
-2.0325064400758146 -0.071742237602403988

-2.0325064400758146 -0.071742237602403988
-2.0337364746420614 -0.07061720255725884

-2.0337364746420614 -0.07061720255725884
-2.0359763980541157 -0.068623009880560346

-2.0359763980541157 -0.068623009880560346
-2.0368557023639049 -0.067818126876523735

-2.0368557023639049 -0.067818126876523735
-2.0395114063302975 -0.065503782158716689

-2.0395114063302975 -0.065503782158716689
-2.0399749300857488 -0.065079929308837103

-2.0399749300857488 -0.065079929308837103
-2.0430941578075923 -0.062428144574521706

-2.0430941578075923 -0.062428144574521706
-2.0431420265540181 -0.062384554436873046

-2.0431420265540181 -0.062384554436873046
-2.0462133855294358 -0.059795561184390493

-2.0462133855294358 -0.059795561184390493
-2.0468044122945361 -0.05926532671502939

-2.0468044122945361 -0.05926532671502939
-2.0493326132512797 -0.05712397556815306

-2.0493326132512797 -0.05712397556815306
-2.0504447656866827 -0.05614609899318574

-2.0504447656866827 -0.05614609899318574
-2.0524518409731232 -0.054435136793935669

-2.0524518409731232 -0.054435136793935669
-2.0541002810229725 -0.053026871271342091

-2.0541002810229725 -0.053026871271342091
-2.0555710686949671 -0.051768216875385582

-2.0555710686949671 -0.051768216875385582
-2.0578439329665934 -0.049907643549498434

-2.0578439329665934 -0.049907643549498434
-2.0586902964168106 -0.049182571192896263

-2.0586902964168106 -0.049182571192896263
-2.0617624810556783 -0.046788415827654785

-2.0617624810556783 -0.046788415827654785
-2.061809524138654 -0.046748074375888481

-2.061809524138654 -0.046748074375888481
-2.064928751860498 -0.044369016777951284

-2.064928751860498 -0.044369016777951284
-2.0657768071288309 -0.043669188105811135

-2.0657768071288309 -0.043669188105811135
-2.0680479795823414 -0.041909959212624887

-2.0680479795823414 -0.041909959212624887
-2.0697891826460162 -0.040549960383967479

-2.0697891826460162 -0.040549960383967479
-2.0711672073041854 -0.039460399417634573

-2.0711672073041854 -0.039460399417634573
-2.07395767148452 -0.037430732662123829

-2.07395767148452 -0.037430732662123829
-2.0742864350260288 -0.037166750978965594

-2.0742864350260288 -0.037166750978965594
-2.0774056627478723 -0.035002234421146215

-2.0774056627478723 -0.035002234421146215
-2.0783058993482553 -0.034311504940280173

-2.0783058993482553 -0.034311504940280173
-2.0805248904697162 -0.032719757063801418

-2.0805248904697162 -0.032719757063801418
-2.0826872449733225 -0.03119227721843652

-2.0826872449733225 -0.03119227721843652
-2.0836441181915597 -0.030476208802106296

-2.0836441181915597 -0.030476208802106296
-2.0867633459134036 -0.028442238009439527

-2.0867633459134036 -0.028442238009439527
-2.0872609614376518 -0.028073049496592867

-2.0872609614376518 -0.028073049496592867
-2.0898825736352471 -0.02632236791957928

-2.0898825736352471 -0.02632236791957928
-2.0919209457670611 -0.024953821774749217

-2.0919209457670611 -0.024953821774749217
-2.0930018013570906 -0.024192386432370608

-2.0930018013570906 -0.024192386432370608
-2.0961210290789345 -0.022276199921611589

-2.0961210290789345 -0.022276199921611589
-2.0967554981892302 -0.021834594052905564

-2.0967554981892302 -0.021834594052905564
-2.099240256800778 -0.020262453539484835

-2.099240256800778 -0.020262453539484835
-2.1017371309066633 -0.018715366331061911

-2.1017371309066633 -0.018715366331061911
-2.1023594845226219 -0.01829297356359717

-2.1023594845226219 -0.01829297356359717
-2.1054787122444654 -0.016486715793784613

-2.1054787122444654 -0.016486715793784613
-2.1069214702779431 -0.015596138609218262

-2.1069214702779431 -0.015596138609218262
-2.1085979399663088 -0.014574909196285757

-2.1085979399663088 -0.014574909196285757
-2.1117171676881528 -0.012840417510480975

-2.1117171676881528 -0.012840417510480975
-2.1123010225378507 -0.012476910887374609

-2.1123010225378507 -0.012476910887374609
-2.1148363954099962 -0.011040737070049395

-2.1148363954099962 -0.011040737070049395
-2.1179010906150397 -0.0093576831655309573

-2.1179010906150397 -0.0093576831655309573
-2.1179556231318402 -0.0093233589277825161

-2.1179556231318402 -0.0093233589277825161
-2.1210748508536836 -0.0076506006358072181

-2.1210748508536836 -0.0076506006358072181
-2.1237422075666275 -0.0062384554436873043

-2.1237422075666275 -0.0062384554436873043
-2.1241940785755271 -0.0059747910277372432

-2.1241940785755271 -0.0059747910277372432
-2.127313306297371 -0.0043944579589055921

-2.127313306297371 -0.0043944579589055921
-2.1298170715493585 -0.0031192277218436521

-2.1298170715493585 -0.0031192277218436521
-2.1304325340192145 -0.0027799732233587731

-2.1304325340192145 -0.0027799732233587731
-2.133551761741058 -0.0012605267389939226

-2.133551761741058 -0.0012605267389939226
-2.133551761741058 -0.0012605267389939226

-2.133551761741058 -0.0012605267389939226
-2.1361193151251516 0

-2.1361193151251516 0
-2.1366709894629019 0.00029388981407379609

-2.1366709894629019 0.00029388981407379609
-2.1397902171847454 0.0017695898934807198

-2.1397902171847454 0.0017695898934807198
-2.1426367787350302 0.0031192277218436517

-2.1426367787350302 0.0031192277218436517
-2.1429094449065893 0.003262387894176759

-2.1429094449065893 0.003262387894176759
-2.1460286726284328 0.0047041309147841824

-2.1460286726284328 0.0047041309147841824
-2.1491479003502763 0.0061279788076172717

-2.1491479003502763 0.0061279788076172717
-2.1493673869308458 0.0062384554436873043

-2.1493673869308458 0.0062384554436873043
-2.1522671280721202 0.0075545536089858681

-2.1522671280721202 0.0075545536089858681
-2.1553863557939636 0.0089245224480489129

-2.1553863557939636 0.0089245224480489129
-2.1563169766508508 0.0093576831655309556

-2.1563169766508508 0.0093576831655309556
-2.1585055835158076 0.010329883584345098

-2.1585055835158076 0.010329883584345098
-2.161624811237651 0.011657359715661423

-2.161624811237651 0.011657359715661423
-2.1635200462561124 0.012476910887374609

-2.1635200462561124 0.012476910887374609
-2.1647440389594945 0.013018282976585532

-2.1647440389594945 0.013018282976585532
-2.1678632666813384 0.014300872890938399

-2.1678632666813384 0.014300872890938399
-2.1709824944031819 0.01557613444687788

-2.1709824944031819 0.01557613444687788
-2.1710275028766657 0.01559613860921826

-2.1710275028766657 0.01559613860921826
-2.1741017221250258 0.016828170988403127

-2.1741017221250258 0.016828170988403127
-2.1772209498468693 0.018039254917980523

-2.1772209498468693 0.018039254917980523
-2.1789477875455061 0.018715366331061915

-2.1789477875455061 0.018715366331061915
-2.1803401775687128 0.019265708621869694

-2.1803401775687128 0.019265708621869694
-2.1834594052905567 0.02042208382262084

-2.1834594052905567 0.02042208382262084
-2.1865786330124002 0.021554511447346457

-2.1865786330124002 0.021554511447346457
-2.1873154667951646 0.021834594052905568

-2.1873154667951646 0.021834594052905568
-2.1896978607342441 0.022696131672572405

-2.1896978607342441 0.022696131672572405
-2.1928170884560876 0.023791313105635321

-2.1928170884560876 0.023791313105635321
-2.1959363161779311 0.024861451588978296

-2.1959363161779311 0.024861451588978296
-2.1961892237545371 0.024953821774749217

-2.1961892237545371 0.024953821774749217
-2.199055543899775 0.02592557620906354

-2.199055543899775 0.02592557620906354
-2.2021747716216185 0.026964154449190793

-2.2021747716216185 0.026964154449190793
-2.2052939993434624 0.027980462892625322

-2.2052939993434624 0.027980462892625322
-2.2055609738832489 0.02807304949659287

-2.2055609738832489 0.02807304949659287
-2.2084132270653059 0.028995394140826931

-2.2084132270653059 0.028995394140826931
-2.2115324547871493 0.029989772700092038

-2.2115324547871493 0.029989772700092038
-2.2146516825089932 0.030961414638481229

-2.2146516825089932 0.030961414638481229
-2.2153579686976865 0.03119227721843652

-2.2153579686976865 0.03119227721843652
-2.2177709102308367 0.031946946907634888

-2.2177709102308367 0.031946946907634888
-2.2208901379526806 0.032906452992772145

-2.2208901379526806 0.032906452992772145
-2.2240093656745241 0.033849653940562593

-2.2240093656745241 0.033849653940562593
-2.2255057274852894 0.034311504940280173

-2.2255057274852894 0.034311504940280173
-2.2271285933963676 0.0348106490016898

-2.2271285933963676 0.0348106490016898
-2.2302478211182115 0.035735479339049803

-2.2302478211182115 0.035735479339049803
-2.233367048840055 0.036657670734891838

-2.233367048840055 0.036657670734891838
-2.2359995536739516 0.037430732662123822

-2.2359995536739516 0.037430732662123822
-2.2364862765618989 0.037581209564762061

-2.2364862765618989 0.037581209564762061
-2.2396055042837424 0.03847849596459306

-2.2396055042837424 0.03847849596459306
-2.2427247320055859 0.03937394741328458

-2.2427247320055859 0.03937394741328458
-2.2458439597274298 0.040249993606516821

-2.2458439597274298 0.040249993606516821
-2.2468790377103303 0.040549960383967479

-2.2468790377103303 0.040549960383967479
-2.2489631874492733 0.041139349545488993

-2.2489631874492733 0.041139349545488993
-2.2520824151711172 0.042000729121947938

-2.2520824151711172 0.042000729121947938
-2.2552016428929607 0.042857058124959088

-2.2552016428929607 0.042857058124959088
-2.2581894768202924 0.043669188105811128

-2.2581894768202924 0.043669188105811128
-2.2583208706148041 0.043707258915736159

-2.2583208706148041 0.043707258915736159
-2.2614400983366481 0.044544596296775499

-2.2614400983366481 0.044544596296775499
-2.2645593260584915 0.045376682333637321

-2.2645593260584915 0.045376682333637321
-2.2676785537803354 0.046198383379700184

-2.2676785537803354 0.046198383379700184
-2.2699163380571252 0.046788415827654778

-2.2699163380571252 0.046788415827654778
-2.2707977815021789 0.047027619502301068

-2.2707977815021789 0.047027619502301068
-2.2739170092240224 0.047831534845803894

-2.2739170092240224 0.047831534845803894
-2.2770362369458663 0.048637619707122486

-2.2770362369458663 0.048637619707122486
-2.2801554646677098 0.049433025704798281

-2.2801554646677098 0.049433025704798281
-2.2819972327537212 0.049907643549498434

-2.2819972327537212 0.049907643549498434
-2.2832746923895537 0.050240654256826625

-2.2832746923895537 0.050240654256826625
-2.2863939201113972 0.05102350957644141

-2.2863939201113972 0.05102350957644141
-2.2895131478332407 0.051808310479461356

-2.2895131478332407 0.051808310479461356
-2.2926323755550846 0.052582173752807451

-2.2926323755550846 0.052582173752807451
-2.2944055447226677 0.053026871271342084

-2.2944055447226677 0.053026871271342084
-2.2957516032769281 0.053367298896801668

-2.2957516032769281 0.053367298896801668
-2.298870830998772 0.054128220814795236

-2.298870830998772 0.054128220814795236
-2.3019900587206155 0.05488952865567541

-2.3019900587206155 0.05488952865567541
-2.3051092864424589 0.055640519077851155

-2.3051092864424589 0.055640519077851155
-2.3072052826659566 0.056146098993185733

-2.3072052826659566 0.056146098993185733
-2.3082285141643029 0.056398077552656356

-2.3082285141643029 0.056398077552656356
-2.3113477418861463 0.057132099754027221

-2.3113477418861463 0.057132099754027221
-2.3144669696079898 0.057865264529924507

-2.3144669696079898 0.057865264529924507
-2.3175861973298337 0.058590724115897642

-2.3175861973298337 0.058590724115897642
-2.3205135426403403 0.05926532671502939

-2.3205135426403403 0.05926532671502939
-2.3207054250516772 0.059311885635306039

-2.3207054250516772 0.059311885635306039
-2.3238246527735211 0.060021468600990405

-2.3238246527735211 0.060021468600990405
-2.3269438804953646 0.060726612975692096

-2.3269438804953646 0.060726612975692096
-2.3300631082172081 0.061425010398304551

-2.3300631082172081 0.061425010398304551
-2.333182335939052 0.062111592311162776

-2.333182335939052 0.062111592311162776
-2.3343961367207964 0.06238455443687304

-2.3343961367207964 0.06238455443687304
-2.3363015636608955 0.06280769487114668

-2.3363015636608955 0.06280769487114668
-2.3394207913827394 0.063486982866860539

-2.3394207913827394 0.063486982866860539
-2.3425400191045829 0.064165858005826137

-2.3425400191045829 0.064165858005826137
-2.3456592468264263 0.064840576840140468

-2.3456592468264263 0.064840576840140468
-2.348744306777601 0.065503782158716703

-2.348744306777601 0.065503782158716703
-2.3487784745482703 0.065511533530125704

-2.3487784745482703 0.065511533530125704
-2.3518977022701137 0.066177680227206645

-2.3518977022701137 0.066177680227206645
-2.3550169299919577 0.066839725158160973

-2.3550169299919577 0.066839725158160973
-2.3581361577138011 0.067496262665807133

-2.3581361577138011 0.067496262665807133
-2.3612553854356446 0.068145041009155596

-2.3612553854356446 0.068145041009155596
-2.3635641465171919 0.068623009880560346

-2.3635641465171919 0.068623009880560346
-2.3643746131574885 0.068795018978202005

-2.3643746131574885 0.068795018978202005
-2.367493840879332 0.069425764298599507

-2.367493840879332 0.069425764298599507
-2.3706130686011759 0.070052930567086183

-2.3706130686011759 0.070052930567086183
-2.3737322963230194 0.070671475465084455

-2.3737322963230194 0.070671475465084455
-2.3768515240448629 0.071280143066725213

-2.3768515240448629 0.071280143066725213
-2.3792418471409289 0.071742237602404002

-2.3792418471409289 0.071742237602404002
-2.3799707517667068 0.071886821481781479

-2.3799707517667068 0.071886821481781479
-2.3830899794885503 0.07247612023352519

-2.3830899794885503 0.07247612023352519
-2.3862092072103942 0.073062019491381469

-2.3862092072103942 0.073062019491381469
-2.3893284349322377 0.073640930156610412

-2.3893284349322377 0.073640930156610412
-2.3924476626540812 0.074213636007512782

-2.3924476626540812 0.074213636007512782
-2.3955668903759251 0.074778149392320692

-2.3955668903759251 0.074778149392320692
-2.3960133062885225 0.074861465324247659

-2.3960133062885225 0.074861465324247659
-2.3986861180977685 0.075344148129004182

-2.3986861180977685 0.075344148129004182
-2.4018053458196125 0.075902658026091668

-2.4018053458196125 0.075902658026091668
-2.4049245735414559 0.076458574085602402

-2.4049245735414559 0.076458574085602402
-2.4080438012632994 0.077011943551115333

-2.4080438012632994 0.077011943551115333
-2.4111630289851433 0.077560860020570235

-2.4111630289851433 0.077560860020570235
-2.4135485502517406 0.077980693046091315

-2.4135485502517406 0.077980693046091315
-2.4142822567069868 0.078112897039382928

-2.4142822567069868 0.078112897039382928
-2.4174014844288307 0.078655033108051026

-2.4174014844288307 0.078655033108051026
-2.4205207121506742 0.07919757263027602

-2.4205207121506742 0.07919757263027602
-2.4236399398725177 0.079737895425830027

-2.4236399398725177 0.079737895425830027
-2.4267591675943616 0.080275745081887409

-2.4267591675943616 0.080275745081887409
-2.4298783953162051 0.080807832922030254

-2.4298783953162051 0.080807832922030254
-2.4315800902081737 0.081099920767934958

-2.4315800902081737 0.081099920767934958
-2.432997623038049 0.081344145586392261

-2.432997623038049 0.081344145586392261
-2.4361168507598925 0.081866907595314634

-2.4361168507598925 0.081866907595314634
-2.439236078481736 0.082386964660078027

-2.439236078481736 0.082386964660078027
-2.4423553062035799 0.082901185054694279

-2.4423553062035799 0.082901185054694279
-2.4454745339254234 0.083409951078711242

-2.4454745339254234 0.083409951078711242
-2.4485937616472673 0.083911729308884866

-2.4485937616472673 0.083911729308884866
-2.4505044754224792 0.084219148489778614

-2.4505044754224792 0.084219148489778614
-2.4517129893691108 0.084415328829265543

-2.4517129893691108 0.084415328829265543
-2.4548322170909542 0.084906764043871694

-2.4548322170909542 0.084906764043871694
-2.4579514448127981 0.085397212647631088

-2.4579514448127981 0.085397212647631088
-2.4610706725346416 0.085884834778879662

-2.4610706725346416 0.085884834778879662
-2.4641899002564855 0.086370736060408002

-2.4641899002564855 0.086370736060408002
-2.467309127978329 0.086855830439929241

-2.467309127978329 0.086855830439929241
-2.4704136971118276 0.087338376211622271

-2.4704136971118276 0.087338376211622271
-2.4704283557001725 0.087340745800315644

-2.4704283557001725 0.087340745800315644
-2.4735475834220164 0.087825273633936246

-2.4735475834220164 0.087825273633936246
-2.4766668111438599 0.088309730657334704

-2.4766668111438599 0.088309730657334704
-2.4797860388657038 0.088794531812761229

-2.4797860388657038 0.088794531812761229
-2.4829052665875473 0.089280696363013945

-2.4829052665875473 0.089280696363013945
-2.4860244943093908 0.089769170319553546

-2.4860244943093908 0.089769170319553546
-2.4891437220312347 0.090257526778978497

-2.4891437220312347 0.090257526778978497
-2.4903892213555485 0.090457603933465913

-2.4903892213555485 0.090457603933465913
-2.4922629497530782 0.090756221201551177

-2.4922629497530782 0.090756221201551177
-2.4953821774749216 0.091250847879444388

-2.4953821774749216 0.091250847879444388
-2.4985014051967656 0.0917502330974546

-2.4985014051967656 0.0917502330974546
-2.501620632918609 0.092254076453032796

-2.501620632918609 0.092254076453032796
-2.504739860640453 0.09276256987936618

-2.504739860640453 0.09276256987936618
-2.5078590883622964 0.093273293082325431

-2.5078590883622964 0.093273293082325431
-2.5096759211219677 0.09357683165530957

-2.5096759211219677 0.09357683165530957
-2.5109783160841399 0.093795971773272535

-2.5109783160841399 0.093795971773272535
-2.5140975438059838 0.094314498015304032

-2.5140975438059838 0.094314498015304032
-2.5172167715278273 0.094840544361863538

-2.5172167715278273 0.094840544361863538
-2.5203359992496712 0.095371347134943468

-2.5203359992496712 0.095371347134943468
-2.5234552269715147 0.095906835267321203

-2.5234552269715147 0.095906835267321203
-2.5265744546933582 0.096443575780653754

-2.5265744546933582 0.096443575780653754
-2.5280029136786344 0.096696059377153226

-2.5280029136786344 0.096696059377153226
-2.5296936824152021 0.09699385277319196

-2.5296936824152021 0.09699385277319196
-2.5328129101370456 0.097539609603101457

-2.5328129101370456 0.097539609603101457
-2.5359321378588895 0.098091267778914498

-2.5359321378588895 0.098091267778914498
-2.539051365580733 0.098645100888818726

-2.539051365580733 0.098645100888818726
-2.5421705933025764 0.099200866957897607

-2.5421705933025764 0.099200866957897607
-2.5452898210244204 0.099755840873729698

-2.5452898210244204 0.099755840873729698
-2.5456101365460437 0.099815287098996869

-2.5456101365460437 0.099815287098996869
-2.5484090487462638 0.10031627913120765

-2.5484090487462638 0.10031627913120765
-2.5515282764681078 0.10087500924031172

-2.5515282764681078 0.10087500924031172
-2.5546475041899512 0.10143442822488317

-2.5546475041899512 0.10143442822488317
-2.5577667319117947 0.10199442211150214

-2.5577667319117947 0.10199442211150214
-2.5608859596336386 0.102554069868883

-2.5608859596336386 0.102554069868883
-2.5629864884223394 0.10293451482084053

-2.5629864884223394 0.10293451482084053
-2.5640051873554821 0.103121960081662

-2.5640051873554821 0.103121960081662
-2.567124415077326 0.10368178423334133

-2.567124415077326 0.10368178423334133
-2.5702436427991695 0.1042489516209039

-2.5702436427991695 0.1042489516209039
-2.573362870521013 0.1048204882097941

-2.573362870521013 0.1048204882097941
-2.5764820982428569 0.10539699366641327

-2.5764820982428569 0.10539699366641327
-2.5796013259647004 0.10597667044344378

-2.5796013259647004 0.10597667044344378
-2.5799942389011354 0.10605374254268418

-2.5799942389011354 0.10605374254268418
-2.5827205536865443 0.10656976936811935

-2.5827205536865443 0.10656976936811935
-2.5858397814083878 0.10716765659000715

-2.5858397814083878 0.10716765659000715
-2.5889590091302312 0.10777486280524823

-2.5889590091302312 0.10777486280524823
-2.5920782368520752 0.1083917152125308

-2.5920782368520752 0.1083917152125308
-2.5951974645739186 0.10901379170331092

-2.5951974645739186 0.10901379170331092
-2.5959557185495807 0.10917297026452782

-2.5959557185495807 0.10917297026452782
-2.5983166922957626 0.10965575978025574

-2.5983166922957626 0.10965575978025574
-2.601435920017606 0.11029866760423573

-2.601435920017606 0.11029866760423573
-2.6045551477394495 0.1109507702294964

-2.6045551477394495 0.1109507702294964
-2.6076743754612934 0.11160934921155224

-2.6076743754612934 0.11160934921155224
-2.6107936031831369 0.1122717820114046

-2.6107936031831369 0.1122717820114046
-2.6108842573707824 0.11229219798637148

-2.6108842573707824 0.11229219798637148
-2.6139128309049808 0.11293999921253729

-2.6139128309049808 0.11293999921253729
-2.6170320586268243 0.11360946085313758

-2.6170320586268243 0.11360946085313758
-2.6201512863486678 0.11427964138447032

-2.6201512863486678 0.11427964138447032
-2.6232705140705117 0.11494649719221563

-2.6232705140705117 0.11494649719221563
-2.6254305692004292 0.11541142570821514

-2.6254305692004292 0.11541142570821514
-2.6263897417923552 0.1156222454087137

-2.6263897417923552 0.1156222454087137
-2.6295089695141991 0.11628310605816536

-2.6295089695141991 0.11628310605816536
-2.6326281972360426 0.11694636178776423

-2.6326281972360426 0.11694636178776423
-2.6357474249578861 0.11760720501646611

-2.6357474249578861 0.11760720501646611
-2.63886665267973 0.11826084577935825

-2.63886665267973 0.11826084577935825
-2.6401233339315637 0.11853065343005878

-2.6401233339315637 0.11853065343005878
-2.6419858804015734 0.11892639451770888

-2.6419858804015734 0.11892639451770888
-2.6451051081234174 0.11957930559801948

-2.6451051081234174 0.11957930559801948
-2.6482243358452608 0.12023460185576783

-2.6482243358452608 0.12023460185576783
-2.6513435635671043 0.12088963976765145

-2.6513435635671043 0.12088963976765145
-2.6544627912889482 0.12154156535641567

-2.6544627912889482 0.12154156535641567
-2.6549576234645103 0.12164988115190244

-2.6549576234645103 0.12164988115190244
-2.6575820190107917 0.12220369476145156

-2.6575820190107917 0.12220369476145156
-2.6607012467326356 0.12286212570776402

-2.6607012467326356 0.12286212570776402
-2.6638204744544791 0.12352246480559116

-2.6638204744544791 0.12352246480559116
-2.6669397021763226 0.12418259237977552

-2.6669397021763226 0.12418259237977552
-2.6697076745041985 0.12476910887374609

-2.6697076745041985 0.12476910887374609
-2.6700589298981665 0.12484672418452637

-2.6700589298981665 0.12484672418452637
-2.67317815762001 0.12550373514351992

-2.67317815762001 0.12550373514351992
-2.6762973853418535 0.12616267683472493

-2.6762973853418535 0.12616267683472493
-2.6794166130636974 0.12681939613271065

-2.6794166130636974 0.12681939613271065
-2.6825358407855409 0.12746890641977565

-2.6825358407855409 0.12746890641977565
-2.6845409193963343 0.12788833659558974

-2.6845409193963343 0.12788833659558974
-2.6856550685073848 0.12812491328995818

-2.6856550685073848 0.12812491328995818
-2.6887742962292283 0.12876280023719686

-2.6887742962292283 0.12876280023719686
-2.6918935239510717 0.12939759438757659

-2.6918935239510717 0.12939759438757659
-2.6950127516729157 0.13002464571327285

-2.6950127516729157 0.13002464571327285
-2.6981319793947591 0.13064006144775897

-2.6981319793947591 0.13064006144775897
-2.6999910368533304 0.13100756431743341

-2.6999910368533304 0.13100756431743341
-2.701251207116603 0.13125902599751485

-2.701251207116603 0.13125902599751485
-2.7043704348384465 0.13185950732805346

-2.7043704348384465 0.13185950732805346
-2.70748966256029 0.13245514653105725

-2.70748966256029 0.13245514653105725
-2.7106088902821339 0.13304385047265441

-2.7106088902821339 0.13304385047265441
-2.7137281180039774 0.13362687679461591

-2.7137281180039774 0.13362687679461591
-2.716421121990884 0.13412679203927705

-2.716421121990884 0.13412679203927705
-2.7168473457258213 0.13420865913887492

-2.7168473457258213 0.13420865913887492
-2.7199665734476648 0.13477923743199705

-2.7199665734476648 0.13477923743199705
-2.7230858011695083 0.13534869263277299

-2.7230858011695083 0.13534869263277299
-2.7262050288913522 0.1359160803683139

-2.7262050288913522 0.1359160803683139
-2.7293242566131957 0.13647914744703332

-2.7293242566131957 0.13647914744703332
-2.7324434843350396 0.13703108781436218

-2.7324434843350396 0.13703108781436218
-2.7336415473358162 0.13724601976112069

-2.7336415473358162 0.13724601976112069
-2.7355627120568831 0.13758709005909647

-2.7355627120568831 0.13758709005909647
-2.7386819397787265 0.13813197509520894

-2.7386819397787265 0.13813197509520894
-2.7418011675005705 0.13867148094987952

-2.7418011675005705 0.13867148094987952
-2.7449203952224139 0.13919928407262405

-2.7449203952224139 0.13919928407262405
-2.7480396229442579 0.13971619503237603

-2.7480396229442579 0.13971619503237603
-2.7511588506661013 0.14021894405744578

-2.7511588506661013 0.14021894405744578
-2.752065182974067 0.14036524748296436

-2.752065182974067 0.14036524748296436
-2.7542780783879448 0.14071634247265005

-2.7542780783879448 0.14071634247265005
-2.7573973061097887 0.14119565212129725

-2.7573973061097887 0.14119565212129725
-2.7605165338316322 0.14166116535239992

-2.7605165338316322 0.14166116535239992
-2.7636357615534761 0.14211115559612375

-2.7636357615534761 0.14211115559612375
-2.7667549892753196 0.14254725608814628

-2.7667549892753196 0.14254725608814628
-2.7698742169971631 0.14296868327216711

-2.7698742169971631 0.14296868327216711
-2.772993444719007 0.14337316283915344

-2.772993444719007 0.14337316283915344
-2.7738580328432536 0.143484475204808

-2.7738580328432536 0.143484475204808
-2.7761126724408505 0.14377054529801903

-2.7761126724408505 0.14377054529801903
-2.7792319001626944 0.14415599463664314

-2.7792319001626944 0.14415599463664314
-2.7823511278845379 0.14453036932935651

-2.7823511278845379 0.14453036932935651
-2.7854703556063813 0.14489164446437086

-2.7854703556063813 0.14489164446437086
-2.7885895833282253 0.14524286835519643

-2.7885895833282253 0.14524286835519643
-2.7917088110500687 0.14558355544496188

-2.7917088110500687 0.14558355544496188
-2.7948280387719127 0.14591089279927857

-2.7948280387719127 0.14591089279927857
-2.7979472664937561 0.14622303068273507

-2.7979472664937561 0.14622303068273507
-2.8010664942155996 0.14651799689920655

-2.8010664942155996 0.14651799689920655
-2.802003228670336 0.14660370292665165

-2.802003228670336 0.14660370292665165
-2.8041857219374435 0.14680149317645222

-2.8041857219374435 0.14680149317645222
-2.807304949659287 0.14706964507383813

-2.807304949659287 0.14706964507383813
-2.8104241773811309 0.14731840185793507

-2.8104241773811309 0.14731840185793507
-2.8135434051029744 0.1475464883085004

-2.8135434051029744 0.1475464883085004
-2.8166626328248179 0.14775707430885252

-2.8166626328248179 0.14775707430885252
-2.8197818605466618 0.14794846507751214

-2.8197818605466618 0.14794846507751214
-2.8229010882685053 0.14811940629630499

-2.8229010882685053 0.14811940629630499
-2.8260203159903492 0.14827220253286749

-2.8260203159903492 0.14827220253286749
-2.8291395437121927 0.14840796698763087

-2.8291395437121927 0.14840796698763087
-2.8322587714340361 0.1485263845375244

-2.8322587714340361 0.1485263845375244
-2.8353779991558801 0.14862845791172757

-2.8353779991558801 0.14862845791172757
-2.8384972268777235 0.1487152199813252

-2.8384972268777235 0.1487152199813252
-2.841616454599567 0.1487864585848829

-2.841616454599567 0.1487864585848829
-2.8447356823214109 0.14884189307707449

-2.8447356823214109 0.14884189307707449
-2.8478549100432544 0.14888130538713268

-2.8478549100432544 0.14888130538713268
-2.8509741377650983 0.14890374840749657

-2.8509741377650983 0.14890374840749657
-2.8540933654869418 0.14890794981028965

-2.8540933654869418 0.14890794981028965
-2.8572125932087853 0.14889286336533655

-2.8572125932087853 0.14889286336533655
-2.8603318209306292 0.14885735480212933

-2.8603318209306292 0.14885735480212933
-2.8634510486524727 0.14880010362070664

-2.8634510486524727 0.14880010362070664
-2.8665702763743166 0.14872008370553227

-2.8665702763743166 0.14872008370553227
-2.8696895040961601 0.14861671045506428

-2.8696895040961601 0.14861671045506428
-2.8728087318180036 0.14848957065666119

-2.8728087318180036 0.14848957065666119
-2.8759279595398475 0.14833840681881333

-2.8759279595398475 0.14833840681881333
-2.879047187261691 0.14816344895785657

-2.879047187261691 0.14816344895785657
-2.8821664149835349 0.14796535727281307

-2.8821664149835349 0.14796535727281307
-2.8852856427053784 0.14774487499682598

-2.8852856427053784 0.14774487499682598
-2.8884048704272218 0.14750285705601879

-2.8884048704272218 0.14750285705601879
-2.8915240981490657 0.1472401454898471

-2.8915240981490657 0.1472401454898471
-2.8946433258709092 0.14695748637163258

-2.8946433258709092 0.14695748637163258
-2.8977625535927531 0.14665667897418841

-2.8977625535927531 0.14665667897418841
-2.8982700373170487 0.14660370292665165

-2.8982700373170487 0.14660370292665165
-2.9008817813145966 0.14633558757576379

-2.9008817813145966 0.14633558757576379
-2.9040010090364401 0.14599818772034368

-2.9040010090364401 0.14599818772034368
-2.907120236758284 0.14564281184677921

-2.907120236758284 0.14564281184677921
-2.9102394644801275 0.14526859912507642

-2.9102394644801275 0.14526859912507642
-2.9133586922019714 0.14487441017338304

-2.9133586922019714 0.14487441017338304
-2.9164779199238149 0.14445887666055091

-2.9164779199238149 0.14445887666055091
-2.9195971476456584 0.14402074526655664

-2.9195971476456584 0.14402074526655664
-2.9227163753675023 0.14356098928045533

-2.9227163753675023 0.14356098928045533
-2.9231943859868674 0.143484475204808

-2.9231943859868674 0.143484475204808
-2.9258356030893458 0.14307272653318018

-2.9258356030893458 0.14307272653318018
-2.9289548308111897 0.14256369665469626

-2.9289548308111897 0.14256369665469626
-2.9320740585330332 0.14202973501812846

-2.9320740585330332 0.14202973501812846
-2.9351932862548766 0.14147031813918687

-2.9351932862548766 0.14147031813918687
-2.9383125139767206 0.14088616537341953

-2.9383125139767206 0.14088616537341953
-2.9409744176707378 0.14036524748296436

-2.9409744176707378 0.14036524748296436
-2.941431741698564 0.14027244775371359

-2.941431741698564 0.14027244775371359
-2.9445509694204079 0.13964227231664156

-2.9445509694204079 0.13964227231664156
-2.9476701971422514 0.13898687413536415

-2.9476701971422514 0.13898687413536415
-2.9507894248640949 0.13830971334555056

-2.9507894248640949 0.13830971334555056
-2.9539086525859388 0.13761587367478537

-2.9539086525859388 0.13761587367478537
-2.9554888441439426 0.13724601976112069

-2.9554888441439426 0.13724601976112069
-2.9570278803077823 0.13688521312266064

-2.9570278803077823 0.13688521312266064
-2.9601471080296262 0.13615072858674573

-2.9601471080296262 0.13615072858674573
-2.9632663357514697 0.13539181763082372

-2.9632663357514697 0.13539181763082372
-2.9663855634733132 0.13461762759516602

-2.9663855634733132 0.13461762759516602
-2.9682829515199991 0.13412679203927705

-2.9682829515199991 0.13412679203927705
-2.9695047911951571 0.13380595152036187

-2.9695047911951571 0.13380595152036187
-2.9726240189170006 0.13299508009091099

-2.9726240189170006 0.13299508009091099
-2.9757432466388445 0.13215773543275094

-2.9757432466388445 0.13215773543275094
-2.978862474360688 0.13130946845174973

-2.978862474360688 0.13130946845174973
-2.9799022213631501 0.13100756431743341

-2.9799022213631501 0.13100756431743341
-2.9819817020825314 0.13041753786128044

-2.9819817020825314 0.13041753786128044
-2.9851009298043754 0.12952424923012387

-2.9851009298043754 0.12952424923012387
-2.9882201575262188 0.12860947634262068

-2.9882201575262188 0.12860947634262068
-2.9906073687441501 0.12788833659558974

-2.9906073687441501 0.12788833659558974
-2.9913393852480628 0.12765775893736142

-2.9913393852480628 0.12765775893736142
-2.9944586129699062 0.12670843434290516

-2.9944586129699062 0.12670843434290516
-2.9975778406917497 0.12572874240858969

-2.9975778406917497 0.12572874240858969
-3.0005692154495658 0.12476910887374609

-3.0005692154495658 0.12476910887374609
-3.0006970684135936 0.12472479360390407

-3.0006970684135936 0.12472479360390407
-3.0038162961354371 0.12370694742725104

-3.0038162961354371 0.12370694742725104
-3.006935523857281 0.12266590486830997

-3.006935523857281 0.12266590486830997
-3.0099221079893383 0.12164988115190244

-3.0099221079893383 0.12164988115190244
-3.0100547515791245 0.12160090629306554

-3.0100547515791245 0.12160090629306554
-3.013173979300968 0.12052400451953954

-3.013173979300968 0.12052400451953954
-3.0162932070228119 0.11942715956697195

-3.0162932070228119 0.11942715956697195
-3.0187831378990064 0.11853065343005878

-3.0187831378990064 0.11853065343005878
-3.0194124347446554 0.11829101607899201

-3.0194124347446554 0.11829101607899201
-3.0225316624664988 0.11716658663081772

-3.0225316624664988 0.11716658663081772
-3.0256508901883428 0.11602352688642298

-3.0256508901883428 0.11602352688642298
-3.0272387626105233 0.11541142570821514

-3.0272387626105233 0.11541142570821514
-3.0287701179101862 0.11481959484597404

-3.0287701179101862 0.11481959484597404
-3.0318893456320302 0.11363901059577006

-3.0318893456320302 0.11363901059577006
-3.0350085733538736 0.11243731126310082

-3.0350085733538736 0.11243731126310082
-3.0353476634959136 0.11229219798637148

-3.0353476634959136 0.11229219798637148
-3.0381278010757171 0.11119346755656494

-3.0381278010757171 0.11119346755656494
-3.041247028797561 0.10995632631326044

-3.041247028797561 0.10995632631326044
-3.0431453080747688 0.10917297026452782

-3.0431453080747688 0.10917297026452782
-3.0443662565194045 0.10865721090734634

-3.0443662565194045 0.10865721090734634
-3.0474854842412484 0.10739170965993101

-3.0474854842412484 0.10739170965993101
-3.0506047119630919 0.10609484154652031

-3.0506047119630919 0.10609484154652031
-3.0506924288521318 0.10605374254268418

-3.0506924288521318 0.10605374254268418
-3.0537239396849354 0.10477383304092819

-3.0537239396849354 0.10477383304092819
-3.0568431674067793 0.10346271454769687

-3.0568431674067793 0.10346271454769687
-3.0580146276881521 0.10293451482084053

-3.0580146276881521 0.10293451482084053
-3.0599623951286228 0.10207973542595659

-3.0599623951286228 0.10207973542595659
-3.0630816228504667 0.10074143443039282

-3.0630816228504667 0.10074143443039282
-3.0651545935334679 0.099815287098996869

-3.0651545935334679 0.099815287098996869
-3.0662008505723102 0.099329724199935632

-3.0662008505723102 0.099329724199935632
-3.0693200782941537 0.097962793954545574

-3.0693200782941537 0.097962793954545574
-3.0721261597929419 0.096696059377153226

-3.0721261597929419 0.096696059377153226
-3.0724393060159976 0.09654060099448504

-3.0724393060159976 0.09654060099448504
-3.075558533737841 0.095133122624990712

-3.075558533737841 0.095133122624990712
-3.078677761459685 0.093708675840406444

-3.078677761459685 0.093708675840406444
-3.0789332683505468 0.09357683165530957

-3.0789332683505468 0.09357683165530957
-3.0817969891815284 0.092242013145746204

-3.0817969891815284 0.092242013145746204
-3.0849162169033719 0.090798580433822773

-3.0849162169033719 0.090798580433822773
-3.0855802767338112 0.090457603933465913

-3.0855802767338112 0.090457603933465913
-3.0880354446252158 0.089282684888287903

-3.0880354446252158 0.089282684888287903
-3.0911546723470593 0.087816859682008738

-3.0911546723470593 0.087816859682008738
-3.0920810622285466 0.087338376211622271

-3.0920810622285466 0.087338376211622271
-3.0942739000689032 0.086261493700502179

-3.0942739000689032 0.086261493700502179
-3.0973931277907467 0.084772583273447846

-3.0973931277907467 0.084772583273447846
-3.0984522675169126 0.084219148489778614

-3.0984522675169126 0.084219148489778614
-3.1005123555125902 0.08318544053016988

-3.1005123555125902 0.08318544053016988
-3.1036315832344341 0.081676074203245297

-3.1036315832344341 0.081676074203245297
-3.1047200074113337 0.081099920767934958

-3.1047200074113337 0.081099920767934958
-3.1067508109562776 0.080065828326885691

-3.1067508109562776 0.080065828326885691
-3.1098700386781215 0.078540444497529907

-3.1098700386781215 0.078540444497529907
-3.1109148539012281 0.077980693046091315

-3.1109148539012281 0.077980693046091315
-3.112989266399965 0.076916115869583426

-3.112989266399965 0.076916115869583426
-3.1161084941218085 0.075379663754142442

-3.1161084941218085 0.075379663754142442
-3.1170656111778547 0.074861465324247659

-3.1170656111778547 0.074861465324247659
-3.1192277218436524 0.073748851427665393

-3.1192277218436524 0.073748851427665393
-3.1223469495654959 0.072204442758896911

-3.1223469495654959 0.072204442758896911
-3.1231921104222642 0.071742237602404002

-3.1231921104222642 0.071742237602404002
-3.1254661772873398 0.070571730315781747

-3.1254661772873398 0.070571730315781747
-3.1285854050091833 0.069019739111826975

-3.1285854050091833 0.069019739111826975
-3.1293026615158848 0.068623009880560346

-3.1293026615158848 0.068623009880560346
-3.1317046327310267 0.067386531217218076

-3.1317046327310267 0.067386531217218076
-3.1348238604528706 0.065823735145337417

-3.1348238604528706 0.065823735145337417
-3.1353934628375884 0.065503782158716703

-3.1353934628375884 0.065503782158716703
-3.1379430881747141 0.064188487957100762

-3.1379430881747141 0.064188487957100762
-3.141062315896558 0.06260872652232774

-3.141062315896558 0.06260872652232774
-3.141453068074378 0.06238455443687304

-3.141453068074378 0.06238455443687304
-3.1441815436184015 0.060970661908999482

-3.1441815436184015 0.060970661908999482
-3.147300771340245 0.059365399381378831

-3.147300771340245 0.059365399381378831
-3.1474703834014446 0.05926532671502939

-3.1474703834014446 0.05926532671502939
-3.1504199990620889 0.05772637225214175

-3.1504199990620889 0.05772637225214175
-3.1534365792382237 0.056146098993185733

-3.1534365792382237 0.056146098993185733
-3.1535392267839324 0.056084838311407904

-3.1535392267839324 0.056084838311407904
-3.1566584545057763 0.054454106165688215

-3.1566584545057763 0.054454106165688215
-3.1593529028832976 0.053026871271342084

-3.1593529028832976 0.053026871271342084
-3.1597776822276198 0.052777862189572124

-3.1597776822276198 0.052777862189572124
-3.1628969099494633 0.051158895910580038

-3.1628969099494633 0.051158895910580038
-3.1652276924872953 0.049907643549498434

-3.1652276924872953 0.049907643549498434
-3.1660161376713072 0.049454255395822523

-3.1660161376713072 0.049454255395822523
-3.1691353653931507 0.047843158417860479

-3.1691353653931507 0.047843158417860479
-3.1710665637488096 0.046788415827654778

-3.1710665637488096 0.046788415827654778
-3.1722545931149946 0.046117648424040647

-3.1722545931149946 0.046117648424040647
-3.1753738208368381 0.044507194200185174

-3.1753738208368381 0.044507194200185174
-3.1768734388570574 0.043669188105811128

-3.1768734388570574 0.043669188105811128
-3.1784930485586815 0.042768769574309001

-3.1784930485586815 0.042768769574309001
-3.1816122762805255 0.041147451493031659

-3.1816122762805255 0.041147451493031659
-3.1826487440247484 0.040549960383967479

-3.1826487440247484 0.040549960383967479
-3.1847315040023689 0.039404370984948908

-3.1847315040023689 0.039404370984948908
-3.1878507317242128 0.037756421736160312

-3.1878507317242128 0.037756421736160312
-3.1883930140184495 0.037430732662123822

-3.1883930140184495 0.037430732662123822
-3.1909699594460563 0.036020622291840707

-3.1909699594460563 0.036020622291840707
-3.1940891871678998 0.035173733582380511

