-3.1940891871678998 -0.12958132760976643
-3.1909699594460563 -0.12930537301379511

-3.1909699594460563 -0.12930537301379511
-3.1878507317242128 -0.12876303101142977

-3.1878507317242128 -0.12876303101142977
-3.1847315040023689 -0.12824201857143666

-3.1847315040023689 -0.12824201857143666
-3.1825351830767405 -0.12788833659558974

-3.1825351830767405 -0.12788833659558974
-3.1816122762805255 -0.12773737323817669

-3.1816122762805255 -0.12773737323817669
-3.1784930485586815 -0.12726293317189394

-3.1784930485586815 -0.12726293317189394
-3.1753738208368381 -0.12681008583524253

-3.1753738208368381 -0.12681008583524253
-3.1722545931149946 -0.12638329552874769

-3.1722545931149946 -0.12638329552874769
-3.1691353653931507 -0.1259840233560911

-3.1691353653931507 -0.1259840233560911
-3.1660161376713072 -0.12561293264120652

-3.1660161376713072 -0.12561293264120652
-3.1628969099494633 -0.12527033893550757

-3.1628969099494633 -0.12527033893550757
-3.1597776822276198 -0.12495725086382806

-3.1597776822276198 -0.12495725086382806
-3.1577158959197926 -0.12476910887374608

-3.1577158959197926 -0.12476910887374608
-3.1566584545057763 -0.12467201952992416

-3.1566584545057763 -0.12467201952992416
-3.1535392267839324 -0.12441895376343105

-3.1535392267839324 -0.12441895376343105
-3.1504199990620889 -0.12419493303075689

-3.1504199990620889 -0.12419493303075689
-3.147300771340245 -0.12400117058693695

-3.147300771340245 -0.12400117058693695
-3.1441815436184015 -0.12383779173355104

-3.1441815436184015 -0.12383779173355104
-3.141062315896558 -0.12370437358979487

-3.141062315896558 -0.12370437358979487
-3.1379430881747141 -0.12360081631818252

-3.1379430881747141 -0.12360081631818252
-3.1348238604528706 -0.1235272094243987

-3.1348238604528706 -0.1235272094243987
-3.1317046327310267 -0.12348294913965505

-3.1317046327310267 -0.12348294913965505
-3.1285854050091833 -0.12346740508544339

-3.1285854050091833 -0.12346740508544339
-3.1254661772873398 -0.1234805484466598

-3.1254661772873398 -0.1234805484466598
-3.1223469495654959 -0.12352162486561452

-3.1223469495654959 -0.12352162486561452
-3.1192277218436524 -0.12358930633139661

-3.1192277218436524 -0.12358930633139661
-3.1161084941218085 -0.12368376062886301

-3.1161084941218085 -0.12368376062886301
-3.112989266399965 -0.12380550691396548

-3.112989266399965 -0.12380550691396548
-3.1098700386781215 -0.1239536022057485

-3.1098700386781215 -0.1239536022057485
-3.1067508109562776 -0.12412838145897727

-3.1067508109562776 -0.12412838145897727
-3.1036315832344341 -0.12433204524619715

-3.1036315832344341 -0.12433204524619715
-3.1005123555125902 -0.12456397157062395

-3.1005123555125902 -0.12456397157062395
-3.0980498633691642 -0.12476910887374608

-3.0980498633691642 -0.12476910887374608
-3.0973931277907467 -0.12482454925772477

-3.0973931277907467 -0.12482454925772477
-3.0942739000689032 -0.12511266304773677

-3.0942739000689032 -0.12511266304773677
-3.0911546723470593 -0.12543166235031167

-3.0911546723470593 -0.12543166235031167
-3.0880354446252158 -0.12578008079487796

-3.0880354446252158 -0.12578008079487796
-3.0849162169033719 -0.12615725159935118

-3.0849162169033719 -0.12615725159935118
-3.0817969891815284 -0.12656226616327604

-3.0817969891815284 -0.12656226616327604
-3.078677761459685 -0.12699271864872391

-3.078677761459685 -0.12699271864872391
-3.075558533737841 -0.12744612434473188

-3.075558533737841 -0.12744612434473188
-3.0726566777838942 -0.12788833659558974

-3.0726566777838942 -0.12788833659558974
-3.0724393060159976 -0.12792261491396789

-3.0724393060159976 -0.12792261491396789
-3.0693200782941537 -0.12841647429737751

-3.0693200782941537 -0.12841647429737751
-3.0662008505723102 -0.12892890129380399

-3.0662008505723102 -0.12892890129380399
-3.0630816228504667 -0.12945838136868712

-3.0630816228504667 -0.12945838136868712
-3.0599623951286228 -0.13000460589482149

-3.0599623951286228 -0.13000460589482149
-3.0568431674067793 -0.13056357841597713

-3.0568431674067793 -0.13056357841597713
-3.054427349700819 -0.13100756431743338

-3.054427349700819 -0.13100756431743338
-3.0537239396849354 -0.13114025036314142

-3.0537239396849354 -0.13114025036314142
-3.0506047119630919 -0.1317199325517521

-3.0506047119630919 -0.1317199325517521
-3.0474854842412484 -0.1323147847673454

-3.0474854842412484 -0.1323147847673454
-3.0443662565194045 -0.13292052705043694

-3.0443662565194045 -0.13292052705043694
-3.041247028797561 -0.1335343420921887

-3.041247028797561 -0.1335343420921887
-3.0382627952303136 -0.13412679203927705

-3.0382627952303136 -0.13412679203927705
-3.0381278010757171 -0.13415486955259048

-3.0381278010757171 -0.13415486955259048
-3.0350085733538736 -0.13477655977400096

-3.0350085733538736 -0.13477655977400096
-3.0318893456320302 -0.13540266411999435

-3.0318893456320302 -0.13540266411999435
-3.0287701179101862 -0.13603003078004655

-3.0287701179101862 -0.13603003078004655
-3.0256508901883428 -0.13665463655643093

-3.0256508901883428 -0.13665463655643093
-3.022668048537331 -0.13724601976112069

-3.022668048537331 -0.13724601976112069
-3.0225316624664988 -0.13727433188308

-3.0225316624664988 -0.13727433188308
-3.0194124347446554 -0.13788344938158426

-3.0194124347446554 -0.13788344938158426
-3.0162932070228119 -0.13848432247129405

-3.0162932070228119 -0.13848432247129405
-3.013173979300968 -0.13907218722778397

-3.013173979300968 -0.13907218722778397
-3.0100547515791245 -0.13964266147915178

-3.0100547515791245 -0.13964266147915178
-3.006935523857281 -0.14018844326772958

-3.006935523857281 -0.14018844326772958
-3.005908553468541 -0.14036524748296433

-3.005908553468541 -0.14036524748296433
-3.0038162961354371 -0.14071991237472109

-3.0038162961354371 -0.14071991237472109
-3.0006970684135936 -0.14121962210644312

-3.0006970684135936 -0.14121962210644312
-2.9975778406917497 -0.14169075533602468

-2.9975778406917497 -0.14169075533602468
-2.9944586129699062 -0.14212792895277407

-2.9944586129699062 -0.14212792895277407
-2.9913393852480628 -0.14252867611417333

-2.9913393852480628 -0.14252867611417333
-2.9882201575262188 -0.14289224005978243

-2.9882201575262188 -0.14289224005978243
-2.9851009298043754 -0.14321851460904292

-2.9851009298043754 -0.14321851460904292
-2.9822206115603271 -0.143484475204808

-2.9822206115603271 -0.143484475204808
-2.9819817020825314 -0.14350693905844231

-2.9819817020825314 -0.14350693905844231
-2.978862474360688 -0.1437542068470338

-2.978862474360688 -0.1437542068470338
-2.9757432466388445 -0.14396061420315856

-2.9757432466388445 -0.14396061420315856
-2.9726240189170006 -0.14412549741288028

-2.9726240189170006 -0.14412549741288028
-2.9695047911951571 -0.1442488183562963

-2.9695047911951571 -0.1442488183562963
-2.9663855634733132 -0.14433064796499684

-2.9663855634733132 -0.14433064796499684
-2.9632663357514697 -0.14437100102319686

-2.9632663357514697 -0.14437100102319686
-2.9601471080296262 -0.144370178729335

-2.9601471080296262 -0.144370178729335
-2.9570278803077823 -0.14432907054659214

-2.9570278803077823 -0.14432907054659214
-2.9539086525859388 -0.14424906605281068

-2.9539086525859388 -0.14424906605281068
-2.9507894248640949 -0.14413166287041812

-2.9507894248640949 -0.14413166287041812
-2.9476701971422514 -0.14397810451178492

-2.9476701971422514 -0.14397810451178492
-2.9445509694204079 -0.14378943920122028

-2.9445509694204079 -0.14378943920122028
-2.941431741698564 -0.1435677072715412

-2.941431741698564 -0.1435677072715412
-2.9404280802735467 -0.143484475204808

-2.9404280802735467 -0.143484475204808
-2.9383125139767206 -0.14331007705054194

-2.9383125139767206 -0.14331007705054194
-2.9351932862548766 -0.14301891847195483

-2.9351932862548766 -0.14301891847195483
-2.9320740585330332 -0.14269186563602113

-2.9320740585330332 -0.14269186563602113
-2.9289548308111897 -0.14232941236050281

-2.9289548308111897 -0.14232941236050281
-2.9258356030893458 -0.1419320745087993

-2.9258356030893458 -0.1419320745087993
-2.9227163753675023 -0.14150100127817672

-2.9227163753675023 -0.14150100127817672
-2.9195971476456584 -0.14103845585992089

-2.9195971476456584 -0.14103845585992089
-2.9164779199238149 -0.14055156369254407

-2.9164779199238149 -0.14055156369254407
-2.9153680539247588 -0.14036524748296433

-2.9153680539247588 -0.14036524748296433
-2.9133586922019714 -0.14003162784592732

-2.9133586922019714 -0.14003162784592732
-2.9102394644801275 -0.13949476609521619

-2.9102394644801275 -0.13949476609521619
-2.907120236758284 -0.13893597842008965

-2.907120236758284 -0.13893597842008965
-2.9040010090364401 -0.13836160619231586

-2.9040010090364401 -0.13836160619231586
-2.9008817813145966 -0.13777667217234671

-2.9008817813145966 -0.13777667217234671
-2.8980860449533452 -0.13724601976112069

-2.8980860449533452 -0.13724601976112069
-2.8977625535927531 -0.13718220522827135

-2.8977625535927531 -0.13718220522827135
-2.8946433258709092 -0.13658769445680824

-2.8946433258709092 -0.13658769445680824
-2.8915240981490657 -0.13598717092447321

-2.8915240981490657 -0.13598717092447321
-2.8884048704272218 -0.13538585517311594

-2.8884048704272218 -0.13538585517311594
-2.8852856427053784 -0.13478633009860691

-2.8852856427053784 -0.13478633009860691
-2.8821664149835349 -0.1341933435453691

-2.8821664149835349 -0.1341933435453691
-2.8818290109444247 -0.13412679203927705

-2.8818290109444247 -0.13412679203927705
-2.879047187261691 -0.13359854773128468

-2.879047187261691 -0.13359854773128468
-2.8759279595398475 -0.13300951474985145

-2.8759279595398475 -0.13300951474985145
-2.8728087318180036 -0.13242393793619217

-2.8728087318180036 -0.13242393793619217
-2.8696895040961601 -0.13184380073096413

-2.8696895040961601 -0.13184380073096413
-2.8665702763743166 -0.13127518286779893

-2.8665702763743166 -0.13127518286779893
-2.8651031056284677 -0.13100756431743338

-2.8651031056284677 -0.13100756431743338
-2.8634510486524727 -0.13070716869029794

-2.8634510486524727 -0.13070716869029794
-2.8603318209306292 -0.13015938359823376

-2.8603318209306292 -0.13015938359823376
-2.8572125932087853 -0.12962010345913241

-2.8572125932087853 -0.12962010345913241
-2.8540933654869418 -0.12909284508133465

-2.8540933654869418 -0.12909284508133465
-2.8509741377650983 -0.12857820047455837

-2.8509741377650983 -0.12857820047455837
-2.8478549100432544 -0.12807970183654074

-2.8478549100432544 -0.12807970183654074
-2.8466484648841384 -0.12788833659558974

-2.8466484648841384 -0.12788833659558974
-2.8447356823214109 -0.12758780636857167

-2.8447356823214109 -0.12758780636857167
-2.841616454599567 -0.12711661222823512

-2.841616454599567 -0.12711661222823512
-2.8384972268777235 -0.12665885359045617

-2.8384972268777235 -0.12665885359045617
-2.8353779991558801 -0.12621688763991903

-2.8353779991558801 -0.12621688763991903
-2.8322587714340361 -0.12579157078880415

-2.8322587714340361 -0.12579157078880415
-2.8291395437121927 -0.12538382566980283

-2.8291395437121927 -0.12538382566980283
-2.8260203159903492 -0.1249954469252916

-2.8260203159903492 -0.1249954469252916
-2.8241236560120524 -0.12476910887374608

-2.8241236560120524 -0.12476910887374608
-2.8229010882685053 -0.12462238241306028

-2.8229010882685053 -0.12462238241306028
-2.8197818605466618 -0.12427329289624657

-2.8197818605466618 -0.12427329289624657
-2.8166626328248179 -0.12394303904200464

-2.8166626328248179 -0.12394303904200464
-2.8135434051029744 -0.12363317743637477

-2.8135434051029744 -0.12363317743637477
-2.8104241773811309 -0.12334331500759696

-2.8104241773811309 -0.12334331500759696
-2.807304949659287 -0.12307269567363031

-2.807304949659287 -0.12307269567363031
-2.8041857219374435 -0.12282032835053087

-2.8041857219374435 -0.12282032835053087
-2.8010664942155996 -0.12258502013124589

-2.8010664942155996 -0.12258502013124589
-2.7979472664937561 -0.12236550906361457

-2.7979472664937561 -0.12236550906361457
-2.7948280387719127 -0.12216070944145387

-2.7948280387719127 -0.12216070944145387
-2.7917088110500687 -0.1219699058958007

-2.7917088110500687 -0.1219699058958007
-2.7885895833282253 -0.12179269758141434

-2.7885895833282253 -0.12179269758141434
-2.7858651730173176 -0.12164988115190242

-2.7858651730173176 -0.12164988115190242
-2.7854703556063813 -0.12162899169364537

-2.7854703556063813 -0.12162899169364537
-2.7823511278845379 -0.12148046950833173

-2.7823511278845379 -0.12148046950833173
-2.7792319001626944 -0.12134816019169316

-2.7792319001626944 -0.12134816019169316
-2.7761126724408505 -0.12123395228092118

-2.7761126724408505 -0.12123395228092118
-2.772993444719007 -0.12113883263930325

-2.772993444719007 -0.12113883263930325
-2.7698742169971631 -0.12106231194713107

-2.7698742169971631 -0.12106231194713107
-2.7667549892753196 -0.12100284540283129

-2.7667549892753196 -0.12100284540283129
-2.7636357615534761 -0.12095901946795662

-2.7636357615534761 -0.12095901946795662
-2.7605165338316322 -0.12092991617952908

-2.7605165338316322 -0.12092991617952908
-2.7573973061097887 -0.12091425613236646

-2.7573973061097887 -0.12091425613236646
-2.7542780783879448 -0.12090977176017298

-2.7542780783879448 -0.12090977176017298
-2.7511588506661013 -0.12091359587878658

-2.7511588506661013 -0.12091359587878658
-2.7480396229442579 -0.1209228837589343

-2.7480396229442579 -0.1209228837589343
-2.7449203952224139 -0.12093503979597402

-2.7449203952224139 -0.12093503979597402
-2.7418011675005705 -0.12094773288788421

-2.7418011675005705 -0.12094773288788421
-2.7386819397787265 -0.12095902285328694

-2.7386819397787265 -0.12095902285328694
-2.7355627120568831 -0.12096759474941225

-2.7355627120568831 -0.12096759474941225
-2.7324434843350396 -0.12097277442234079

-2.7324434843350396 -0.12097277442234079
-2.7293242566131957 -0.12097418890705144

-2.7293242566131957 -0.12097418890705144
-2.7262050288913522 -0.12097148623642379

-2.7262050288913522 -0.12097148623642379
-2.7230858011695083 -0.12096456466464084

-2.7230858011695083 -0.12096456466464084
-2.7199665734476648 -0.12095391155975992

-2.7199665734476648 -0.12095391155975992
-2.7168473457258213 -0.12094024269590554

-2.7168473457258213 -0.12094024269590554
-2.7137281180039774 -0.12092363377215543

-2.7137281180039774 -0.12092363377215543
-2.7106088902821339 -0.12090321627473168

-2.7106088902821339 -0.12090321627473168
-2.70748966256029 -0.12087777903601757

-2.70748966256029 -0.12087777903601757
-2.7043704348384465 -0.12084635816650656

-2.7043704348384465 -0.12084635816650656
-2.701251207116603 -0.12080800929285218

-2.701251207116603 -0.12080800929285218
-2.6981319793947591 -0.1207612077712575

-2.6981319793947591 -0.1207612077712575
-2.6950127516729157 -0.12070388141322784

-2.6950127516729157 -0.12070388141322784
-2.6918935239510717 -0.12063411232924351

-2.6918935239510717 -0.12063411232924351
-2.6887742962292283 -0.12055035656080562

-2.6887742962292283 -0.12055035656080562
-2.6856550685073848 -0.12045056160315347

-2.6856550685073848 -0.12045056160315347
-2.6825358407855409 -0.12033146764090792

-2.6825358407855409 -0.12033146764090792
-2.6794166130636974 -0.12018955355262656

-2.6794166130636974 -0.12018955355262656
-2.6762973853418535 -0.12002283501995992

-2.6762973853418535 -0.12002283501995992
-2.67317815762001 -0.11983137753439019

-2.67317815762001 -0.11983137753439019
-2.6700589298981665 -0.11961610533854247

-2.6700589298981665 -0.11961610533854247
-2.6669397021763226 -0.119377438624827

-2.6669397021763226 -0.119377438624827
-2.6638204744544791 -0.11911490647780283

-2.6638204744544791 -0.11911490647780283
-2.6607012467326356 -0.11882769724296166

-2.6607012467326356 -0.11882769724296166
-2.6577386748573075 -0.11853065343005878

-2.6577386748573075 -0.11853065343005878
-2.6575820190107917 -0.11851456680524353

-2.6575820190107917 -0.11851456680524353
-2.6544627912889482 -0.11817617925411729

-2.6544627912889482 -0.11817617925411729
-2.6513435635671043 -0.11781128671010428

-2.6513435635671043 -0.11781128671010428
-2.6482243358452608 -0.11742021963944177

-2.6482243358452608 -0.11742021963944177
-2.6451051081234174 -0.11700292815866632

-2.6451051081234174 -0.11700292815866632
-2.6419858804015734 -0.11655968518623523

-2.6419858804015734 -0.11655968518623523
-2.63886665267973 -0.11609130866814231

-2.63886665267973 -0.11609130866814231
-2.6357474249578861 -0.11560226443821715

-2.6357474249578861 -0.11560226443821715
-2.6346109389000043 -0.11541142570821512

-2.6346109389000043 -0.11541142570821512
-2.6326281972360426 -0.11508192324992983

-2.6326281972360426 -0.11508192324992983
-2.6295089695141991 -0.11454539429382209

-2.6295089695141991 -0.11454539429382209
-2.6263897417923552 -0.11398468947755086

-2.6263897417923552 -0.11398468947755086
-2.6232705140705117 -0.11340370904825098

-2.6232705140705117 -0.11340370904825098
-2.6201512863486678 -0.11280566787561676

-2.6201512863486678 -0.11280566787561676
-2.6175492440532251 -0.11229219798637147

-2.6175492440532251 -0.11229219798637147
-2.6170320586268243 -0.11218658982840229

-2.6170320586268243 -0.11218658982840229
-2.6139128309049808 -0.11155902603294439

-2.6139128309049808 -0.11155902603294439
-2.6107936031831369 -0.11091171126021418

-2.6107936031831369 -0.11091171126021418
-2.6076743754612934 -0.11024973352826843

-2.6076743754612934 -0.11024973352826843
-2.6045551477394495 -0.10957864188260134

-2.6045551477394495 -0.10957864188260134
-2.6027286790011495 -0.10917297026452782

-2.6027286790011495 -0.10917297026452782
-2.601435920017606 -0.10888294582332755

-2.601435920017606 -0.10888294582332755
-2.5983166922957626 -0.10819013573395871

-2.5983166922957626 -0.10819013573395871
-2.5951974645739186 -0.10748056510866971

-2.5951974645739186 -0.10748056510866971
-2.5920782368520752 -0.10676152167331875

-2.5920782368520752 -0.10676152167331875
-2.5890389710843871 -0.10605374254268417

-2.5890389710843871 -0.10605374254268417
-2.5889590091302312 -0.10603402722028875

-2.5889590091302312 -0.10603402722028875
-2.5858397814083878 -0.10530187178488658

-2.5858397814083878 -0.10530187178488658
-2.5827205536865443 -0.10456206306883968

-2.5827205536865443 -0.10456206306883968
-2.5796013259647004 -0.10381737924059242

-2.5796013259647004 -0.10381737924059242
-2.5764820982428569 -0.10307563840180003

-2.5764820982428569 -0.10307563840180003
-2.575918075027487 -0.10293451482084051

-2.575918075027487 -0.10293451482084051
-2.573362870521013 -0.10231968056932211

-2.573362870521013 -0.10231968056932211
-2.5702436427991695 -0.10157063934648414

-2.5702436427991695 -0.10157063934648414
-2.567124415077326 -0.10082125279014577

-2.567124415077326 -0.10082125279014577
-2.5640051873554821 -0.10008202906287497

-2.5640051873554821 -0.10008202906287497
-2.5629099658230294 -0.099815287098996869

-2.5629099658230294 -0.099815287098996869
-2.5608859596336386 -0.099331225468351825

-2.5608859596336386 -0.099331225468351825
-2.5577667319117947 -0.098599467675770949

-2.5577667319117947 -0.098599467675770949
-2.5546475041899512 -0.097870442652079462

-2.5546475041899512 -0.097870442652079462
-2.5515282764681078 -0.097152972083392949

-2.5515282764681078 -0.097152972083392949
-2.5495377544473676 -0.096696059377153212

-2.5495377544473676 -0.096696059377153212
-2.5484090487462638 -0.096432912346706146

-2.5484090487462638 -0.096432912346706146
-2.5452898210244204 -0.095738611931102446

-2.5452898210244204 -0.095738611931102446
-2.5421705933025764 -0.09504915861863257

-2.5421705933025764 -0.09504915861863257
-2.539051365580733 -0.094370954040446223

-2.539051365580733 -0.094370954040446223
-2.5359321378588895 -0.093708695239423184

-2.5359321378588895 -0.093708695239423184
-2.5353260341263013 -0.093576831655309556

-2.5353260341263013 -0.093576831655309556
-2.5328129101370456 -0.093047918682167871

-2.5328129101370456 -0.093047918682167871
-2.5296936824152021 -0.092404991919095375

-2.5296936824152021 -0.092404991919095375
-2.5265744546933582 -0.091772413113755918

-2.5265744546933582 -0.091772413113755918
-2.5234552269715147 -0.091151531221925625

-2.5234552269715147 -0.091151531221925625
-2.5203359992496712 -0.09054596667791126

-2.5203359992496712 -0.09054596667791126
-2.5198900050152502 -0.090457603933465913

-2.5198900050152502 -0.090457603933465913
-2.5172167715278273 -0.089946324758213694

-2.5172167715278273 -0.089946324758213694
-2.5140975438059838 -0.08936383030115877

-2.5140975438059838 -0.08936383030115877
-2.5109783160841399 -0.088794609121280593

-2.5109783160841399 -0.088794609121280593
-2.5078590883622964 -0.088239772421384463

-2.5078590883622964 -0.088239772421384463
-2.504739860640453 -0.087701161567131203

-2.504739860640453 -0.087701161567131203
-2.5025952641714539 -0.087338376211622257

-2.5025952641714539 -0.087338376211622257
-2.501620632918609 -0.08717094793569774

-2.501620632918609 -0.08717094793569774
-2.4985014051967656 -0.086663348935782203

-2.4985014051967656 -0.086663348935782203
-2.4953821774749216 -0.086166898405794667

-2.4953821774749216 -0.086166898405794667
-2.4922629497530782 -0.085684500476636463

-2.4922629497530782 -0.085684500476636463
-2.4891437220312347 -0.085215834956950426

-2.4891437220312347 -0.085215834956950426
-2.4860244943093908 -0.084760530373233722

-2.4860244943093908 -0.084760530373233722
-2.4829052665875473 -0.084320106834012226

-2.4829052665875473 -0.084320106834012226
-2.4821887887248724 -0.0842191484897786

-2.4821887887248724 -0.0842191484897786
-2.4797860388657038 -0.083887065247274586

-2.4797860388657038 -0.083887065247274586
-2.4766668111438599 -0.083469188536072825

-2.4766668111438599 -0.083469188536072825
-2.4735475834220164 -0.083062518927974269

-2.4735475834220164 -0.083062518927974269
-2.4704283557001725 -0.082667313467503611

-2.4704283557001725 -0.082667313467503611
-2.467309127978329 -0.082283091782407627

-2.467309127978329 -0.082283091782407627
-2.4641899002564855 -0.081909226996691245

-2.4641899002564855 -0.081909226996691245
-2.4610706725346416 -0.081544942659571629

-2.4610706725346416 -0.081544942659571629
-2.4579514448127981 -0.081190723288890015

-2.4579514448127981 -0.081190723288890015
-2.4571505458820209 -0.081099920767934958

-2.4571505458820209 -0.081099920767934958
-2.4548322170909542 -0.080840726127199225

-2.4548322170909542 -0.080840726127199225
-2.4517129893691108 -0.08049955084385757

-2.4517129893691108 -0.08049955084385757
-2.4485937616472673 -0.080163209480848513

-2.4485937616472673 -0.080163209480848513
-2.4454745339254234 -0.079830921118754158

-2.4454745339254234 -0.079830921118754158
-2.4423553062035799 -0.079501421186733659

-2.4423553062035799 -0.079501421186733659
-2.439236078481736 -0.079173519033878412

-2.439236078481736 -0.079173519033878412
-2.4361168507598925 -0.078846002358330711

-2.4361168507598925 -0.078846002358330711
-2.432997623038049 -0.078517553771005208

-2.432997623038049 -0.078517553771005208
-2.4298783953162051 -0.078187722671453921

-2.4298783953162051 -0.078187722671453921
-2.4279532108756769 -0.077980693046091301

-2.4279532108756769 -0.077980693046091301
-2.4267591675943616 -0.077851453313415725

-2.4267591675943616 -0.077851453313415725
-2.4236399398725177 -0.07751433823725333

-2.4236399398725177 -0.07751433823725333
-2.4205207121506742 -0.077170627210536691

-2.4205207121506742 -0.077170627210536691
-2.4174014844288307 -0.07682065590344811

-2.4174014844288307 -0.07682065590344811
-2.4142822567069868 -0.076463445958573184

-2.4142822567069868 -0.076463445958573184
-2.4111630289851433 -0.076098270336930479

-2.4111630289851433 -0.076098270336930479
-2.4080438012632994 -0.075724593738874246

-2.4080438012632994 -0.075724593738874246
-2.4049245735414559 -0.075342094576358529

-2.4049245735414559 -0.075342094576358529
-2.4018053458196125 -0.074952526377382464

-2.4018053458196125 -0.074952526377382464
-2.4011100494078561 -0.074861465324247645

-2.4011100494078561 -0.074861465324247645
-2.3986861180977685 -0.074549542028628762

-2.3986861180977685 -0.074549542028628762
-2.3955668903759251 -0.074139184625696089

-2.3955668903759251 -0.074139184625696089
-2.3924476626540812 -0.073717944305369348

-2.3924476626540812 -0.073717944305369348
-2.3893284349322377 -0.073286512963497544

-2.3893284349322377 -0.073286512963497544
-2.3862092072103942 -0.072844529206325531

-2.3862092072103942 -0.072844529206325531
-2.3830899794885503 -0.072391150746016486

-2.3830899794885503 -0.072391150746016486
-2.3799707517667068 -0.071928367342003613

-2.3799707517667068 -0.071928367342003613
-2.3787756460691991 -0.071742237602403988

-2.3787756460691991 -0.071742237602403988
-2.3768515240448629 -0.071445097653405384

-2.3768515240448629 -0.071445097653405384
-2.3737322963230194 -0.070952716081599282

-2.3737322963230194 -0.070952716081599282
-2.3706130686011759 -0.070442207034006069

-2.3706130686011759 -0.070442207034006069
-2.367493840879332 -0.069914791857006983

-2.367493840879332 -0.069914791857006983
-2.3643746131574885 -0.069370022282334132

-2.3643746131574885 -0.069370022282334132
-2.3612553854356446 -0.068812326224662171

-2.3612553854356446 -0.068812326224662171
-2.3602564464290974 -0.068623009880560346

-2.3602564464290974 -0.068623009880560346
-2.3581361577138011 -0.068227624882210056

-2.3581361577138011 -0.068227624882210056
-2.3550169299919577 -0.067633144202066051

-2.3550169299919577 -0.067633144202066051
-2.3518977022701137 -0.067019648034424201

-2.3518977022701137 -0.067019648034424201
-2.3487784745482703 -0.066390624943242285

-2.3487784745482703 -0.066390624943242285
-2.3456592468264263 -0.065753595487508379

-2.3456592468264263 -0.065753595487508379
-2.3444912340277506 -0.065503782158716689

-2.3444912340277506 -0.065503782158716689
-2.3425400191045829 -0.065091794109098697

-2.3425400191045829 -0.065091794109098697
-2.3394207913827394 -0.064430000219911118

-2.3394207913827394 -0.064430000219911118
-2.3363015636608955 -0.063755548793499262

-2.3363015636608955 -0.063755548793499262
-2.333182335939052 -0.063074486556349202

-2.333182335939052 -0.063074486556349202
-2.3300631082172081 -0.062389510831825506

-2.3300631082172081 -0.062389510831825506
-2.3300419030039459 -0.062384554436873046

-2.3300419030039459 -0.062384554436873046
-2.3269438804953646 -0.061699759228355577

-2.3269438804953646 -0.061699759228355577
-2.3238246527735211 -0.061005786055509534

-2.3238246527735211 -0.061005786055509534
-2.3207054250516772 -0.06030802475124504

-2.3207054250516772 -0.06030802475124504
-2.3175861973298337 -0.059612144756918894

-2.3175861973298337 -0.059612144756918894
-2.3160723697978338 -0.05926532671502939

-2.3160723697978338 -0.05926532671502939
-2.3144669696079898 -0.058898096250066111

-2.3144669696079898 -0.058898096250066111
-2.3113477418861463 -0.058194661606042163

-2.3113477418861463 -0.058194661606042163
-2.3082285141643029 -0.057481564710863062

-2.3082285141643029 -0.057481564710863062
-2.3051092864424589 -0.056765652835895818

-2.3051092864424589 -0.056765652835895818
-2.3024214364242863 -0.05614609899318574

-2.3024214364242863 -0.05614609899318574
-2.3019900587206155 -0.056042335684613045

-2.3019900587206155 -0.056042335684613045
-2.298870830998772 -0.05532775012350253

-2.298870830998772 -0.05532775012350253
-2.2957516032769281 -0.054609624253939046

-2.2957516032769281 -0.054609624253939046
-2.2926323755550846 -0.053894983438916431

-2.2926323755550846 -0.053894983438916431
-2.2895131478332407 -0.053192302787211002

-2.2895131478332407 -0.053192302787211002
-2.2888009145607788 -0.053026871271342091

-2.2888009145607788 -0.053026871271342091
-2.2863939201113972 -0.052485073468932851

-2.2863939201113972 -0.052485073468932851
-2.2832746923895537 -0.051795133478182133

-2.2832746923895537 -0.051795133478182133
-2.2801554646677098 -0.051112889239763287

-2.2801554646677098 -0.051112889239763287
-2.2770362369458663 -0.050441099719527274

-2.2770362369458663 -0.050441099719527274
-2.2745347951129107 -0.049907643549498434

-2.2745347951129107 -0.049907643549498434
-2.2739170092240224 -0.049771561061864818

-2.2739170092240224 -0.049771561061864818
-2.2707977815021789 -0.049120166090328654

-2.2707977815021789 -0.049120166090328654
-2.2676785537803354 -0.048470592566841809

-2.2676785537803354 -0.048470592566841809
-2.2645593260584915 -0.047826251367530222

-2.2645593260584915 -0.047826251367530222
-2.2614400983366481 -0.047189123289515432

-2.2614400983366481 -0.047189123289515432
-2.2594885443862789 -0.046788415827654785

-2.2594885443862789 -0.046788415827654785
-2.2583208706148041 -0.046545565534695708

-2.2583208706148041 -0.046545565534695708
-2.2552016428929607 -0.045918352974387684

-2.2552016428929607 -0.045918352974387684
-2.2520824151711172 -0.045290754170120198

-2.2520824151711172 -0.045290754170120198
-2.2489631874492733 -0.044668536649360248

-2.2489631874492733 -0.044668536649360248
-2.2458439597274298 -0.044055709154436073

-2.2458439597274298 -0.044055709154436073
-2.2438712883924476 -0.043669188105811135

-2.2438712883924476 -0.043669188105811135
-2.2427247320055859 -0.04344166534333109

-2.2427247320055859 -0.04344166534333109
-2.2396055042837424 -0.042848602261023501

-2.2396055042837424 -0.042848602261023501
-2.2364862765618989 -0.042262004035906672

-2.2364862765618989 -0.042262004035906672
-2.233367048840055 -0.041686955587689867

-2.233367048840055 -0.041686955587689867
-2.2302478211182115 -0.04112346666621939

-2.2302478211182115 -0.04112346666621939
-2.2271285933963676 -0.040571847566770534

-2.2271285933963676 -0.040571847566770534
-2.2270078474803694 -0.040549960383967479

-2.2270078474803694 -0.040549960383967479
-2.2240093656745241 -0.040028445974722243

-2.2240093656745241 -0.040028445974722243
-2.2208901379526806 -0.03949484036890416

-2.2208901379526806 -0.03949484036890416
-2.2177709102308367 -0.038968721192264563

-2.2177709102308367 -0.038968721192264563
-2.2146516825089932 -0.038448592789510627

-2.2146516825089932 -0.038448592789510627
-2.2115324547871493 -0.037932743673298637

-2.2115324547871493 -0.037932743673298637
-2.2084823207097228 -0.037430732662123829

-2.2084823207097228 -0.037430732662123829
-2.2084132270653059 -0.037418896088160354

-2.2084132270653059 -0.037418896088160354
-2.2052939993434624 -0.036907398933795577

-2.2052939993434624 -0.036907398933795577
-2.2021747716216185 -0.036396176179324134

-2.2021747716216185 -0.036396176179324134
-2.199055543899775 -0.035885011003289093

-2.199055543899775 -0.035885011003289093
-2.1959363161779311 -0.035373559852581241

-2.1959363161779311 -0.035373559852581241
-2.1928170884560876 -0.034861595460543023

-2.1928170884560876 -0.034861595460543023
-2.1896978607342441 -0.034350256031005839

-2.1896978607342441 -0.034350256031005839
-2.1894708313721001 -0.034311504940280173

-2.1894708313721001 -0.034311504940280173
-2.1865786330124002 -0.033835191845866239

-2.1865786330124002 -0.033835191845866239
-2.1834594052905567 -0.033320768502178147

-2.1834594052905567 -0.033320768502178147
-2.1803401775687128 -0.032804994184415313

-2.1803401775687128 -0.032804994184415313
-2.1772209498468693 -0.032287456820207124

-2.1772209498468693 -0.032287456820207124
-2.1741017221250258 -0.03176755643737187

-2.1741017221250258 -0.03176755643737187
-2.1709824944031819 -0.031246337128732895

-2.1709824944031819 -0.031246337128732895
-2.1706736082306315 -0.03119227721843652

-2.1706736082306315 -0.03119227721843652
-2.1678632666813384 -0.030717005898226089

-2.1678632666813384 -0.030717005898226089
-2.1647440389594945 -0.030184661401872415

-2.1647440389594945 -0.030184661401872415
-2.161624811237651 -0.029645783968029894

-2.161624811237651 -0.029645783968029894
-2.1585055835158076 -0.02909955398775323

-2.1585055835158076 -0.02909955398775323
-2.1553863557939636 -0.028545782691613238

-2.1553863557939636 -0.028545782691613238
-2.1527701473508767 -0.028073049496592867

-2.1527701473508767 -0.028073049496592867
-2.1522671280721202 -0.027979252613658637

-2.1522671280721202 -0.027979252613658637
-2.1491479003502763 -0.027410086123022884

-2.1491479003502763 -0.027410086123022884
-2.1460286726284328 -0.026828462959004349

-2.1460286726284328 -0.026828462959004349
-2.1429094449065893 -0.02623731901880999

-2.1429094449065893 -0.02623731901880999
-2.1397902171847454 -0.02563672039399115

-2.1397902171847454 -0.02563672039399115
-2.1366709894629019 -0.025029948877614564

-2.1366709894629019 -0.025029948877614564
-2.136302072261226 -0.024953821774749217

-2.136302072261226 -0.024953821774749217
-2.133551761741058 -0.024407576348280887

-2.133551761741058 -0.024407576348280887
-2.1304325340192145 -0.023779092052366228

-2.1304325340192145 -0.023779092052366228
-2.127313306297371 -0.023140153546252519

-2.127313306297371 -0.023140153546252519
-2.1241940785755271 -0.022490789179091777

-2.1241940785755271 -0.022490789179091777
-2.1210935399469153 -0.021834594052905564

-2.1210935399469153 -0.021834594052905564
-2.1210748508536836 -0.021830418598553523

-2.1210748508536836 -0.021830418598553523
-2.1179556231318402 -0.021158587389624495

-2.1179556231318402 -0.021158587389624495
-2.1148363954099962 -0.020473597990281027

-2.1148363954099962 -0.020473597990281027
-2.1117171676881528 -0.019775069512388985

-2.1117171676881528 -0.019775069512388985
-2.1085979399663088 -0.019068060554508135

-2.1085979399663088 -0.019068060554508135
-2.1071077835946261 -0.018715366331061911

-2.1071077835946261 -0.018715366331061911
-2.1054787122444654 -0.018330577432879695

-2.1054787122444654 -0.018330577432879695
-2.1023594845226219 -0.017594292472628805

-2.1023594845226219 -0.017594292472628805
-2.099240256800778 -0.016838650941642871

-2.099240256800778 -0.016838650941642871
-2.0961210290789345 -0.016075227560192831

-2.0961210290789345 -0.016075227560192831
-2.094219358869946 -0.015596138609218262

-2.094219358869946 -0.015596138609218262
-2.0930018013570906 -0.015284971292869664

-2.0930018013570906 -0.015284971292869664
-2.0898825736352471 -0.014503616516858176

-2.0898825736352471 -0.014503616516858176
-2.0867633459134036 -0.013705848348873579

-2.0867633459134036 -0.013705848348873579
-2.0836441181915597 -0.012907887427852895

-2.0836441181915597 -0.012907887427852895
-2.0820050614118988 -0.012476910887374609

-2.0820050614118988 -0.012476910887374609
-2.0805248904697162 -0.012086349595839516

-2.0805248904697162 -0.012086349595839516
-2.0774056627478723 -0.01128124662984871

-2.0774056627478723 -0.01128124662984871
-2.0742864350260288 -0.010464764707492122

-2.0742864350260288 -0.010464764707492122
-2.0711672073041854 -0.0096524029663019439

-2.0711672073041854 -0.0096524029663019439
-2.0700833097132705 -0.0093576831655309573

-2.0700833097132705 -0.0093576831655309573
-2.0680479795823414 -0.0088154186092365729

-2.0680479795823414 -0.0088154186092365729
-2.064928751860498 -0.0079904258976188948

-2.064928751860498 -0.0079904258976188948
-2.061809524138654 -0.0071548662025618225

-2.061809524138654 -0.0071548662025618225
-2.0586902964168106 -0.0063169892045073237

-2.0586902964168106 -0.0063169892045073237
-2.0584185032432027 -0.0062384554436873043

-2.0584185032432027 -0.0062384554436873043
-2.0555710686949671 -0.0054617232484155467

-2.0555710686949671 -0.0054617232484155467
-2.0524518409731232 -0.004602465611930279

-2.0524518409731232 -0.004602465611930279
-2.0493326132512797 -0.0037375456113753341

-2.0493326132512797 -0.0037375456113753341
-2.0471463887903596 -0.0031192277218436521

-2.0471463887903596 -0.0031192277218436521
-2.0462133855294358 -0.0028475464269148453

-2.0462133855294358 -0.0028475464269148453
-2.0430941578075923 -0.0019724872183316728

-2.0430941578075923 -0.0019724872183316728
-2.0399749300857488 -0.0010820949832957699

-2.0399749300857488 -0.0010820949832957699
-2.0368557023639049 -0.00019696579508630458

-2.0368557023639049 -0.00019696579508630458
-2.0362001727422578 0

-2.0362001727422578 0
-2.0337364746420614 0.00070938767467238666

-2.0337364746420614 0.00070938767467238666
-2.0306172469202175 0.0016018075830762581

-2.0306172469202175 0.0016018075830762581
-2.027498019198374 0.0024894346136308141

-2.027498019198374 0.0024894346136308141
-2.0252936307842395 0.0031192277218436517

-2.0252936307842395 0.0031192277218436517
-2.0243787914765305 0.0033884738889973058

-2.0243787914765305 0.0033884738889973058
-2.0212595637546866 0.0042579912883724206

-2.0212595637546866 0.0042579912883724206
-2.0181403360328432 0.0051300942620913365

-2.0181403360328432 0.0051300942620913365
-2.0150211083109992 0.0059867032907202572

-2.0150211083109992 0.0059867032907202572
-2.0141400599666457 0.0062384554436873043

-2.0141400599666457 0.0062384554436873043
-2.0119018805891558 0.0068585726608772369

-2.0119018805891558 0.0068585726608772369
-2.0087826528673123 0.0077102992377038378

-2.0087826528673123 0.0077102992377038378
-2.0056634251454684 0.0085628575177543586

-2.0056634251454684 0.0085628575177543586
-2.002753384313837 0.0093576831655309556

-2.002753384313837 0.0093576831655309556
-2.0025441974236249 0.0094184078628006991

-2.0025441974236249 0.0094184078628006991
-1.999424969701781 0.010266733123291344

-1.999424969701781 0.010266733123291344
-1.9963057419799373 0.011119612814568865

-1.9963057419799373 0.011119612814568865
-1.9931865142580936 0.01196781028097145

-1.9931865142580936 0.01196781028097145
-1.9913504480058684 0.012476910887374609

-1.9913504480058684 0.012476910887374609
-1.9900672865362501 0.012837140296449579

-1.9900672865362501 0.012837140296449579
-1.9869480588144064 0.013683988442700731

-1.9869480588144064 0.013683988442700731
-1.9838288310925627 0.01453854379351421

-1.9838288310925627 0.01453854379351421
-1.980709603370719 0.015382482738080436

-1.980709603370719 0.015382482738080436
-1.9799554203511889 0.01559613860921826

-1.9799554203511889 0.01559613860921826
-1.9775903756488753 0.016242404001118937

-1.9775903756488753 0.016242404001118937
-1.9744711479270318 0.017084843623338612

-1.9744711479270318 0.017084843623338612
-1.9713519202051881 0.017925320635024545

-1.9713519202051881 0.017925320635024545
-1.9684066482090024 0.018715366331061915

-1.9684066482090024 0.018715366331061915
-1.9682326924833444 0.018764976719100504

-1.9682326924833444 0.018764976719100504
-1.9651134647615007 0.019595204271081614

-1.9651134647615007 0.019595204271081614
-1.961994237039657 0.02042611110379584

-1.961994237039657 0.02042611110379584
-1.9588750093178136 0.02125244663598886

-1.9588750093178136 0.02125244663598886
-1.9567005629839234 0.021834594052905568

-1.9567005629839234 0.021834594052905568
-1.9557557815959699 0.022094396746309055

-1.9557557815959699 0.022094396746309055
-1.9526365538741262 0.022917319699448699

-1.9526365538741262 0.022917319699448699
-1.9495173261522825 0.023750587741540451

-1.9495173261522825 0.023750587741540451
-1.9463980984304388 0.024578344570357343

-1.9463980984304388 0.024578344570357343
-1.9450305841819895 0.024953821774749217

-1.9450305841819895 0.024953821774749217
-1.9432788707085953 0.025430807614345883

-1.9432788707085953 0.025430807614345883
-1.9401596429867516 0.026265242634937201

-1.9401596429867516 0.026265242634937201
-1.9370404152649079 0.027107154947399181

-1.9370404152649079 0.027107154947399181
-1.9339211875430642 0.027942613048053219

-1.9339211875430642 0.027942613048053219
-1.9334611719076311 0.02807304949659287

-1.9334611719076311 0.02807304949659287
-1.9308019598212205 0.028791149295809212

-1.9308019598212205 0.028791149295809212
-1.927682732099377 0.029629995658956406

-1.927682732099377 0.029629995658956406
-1.9245635043775333 0.03046743482951618

-1.9245635043775333 0.03046743482951618
-1.9218662846360512 0.03119227721843652

-1.9218662846360512 0.03119227721843652
-1.9214442766556896 0.031311525975887732

-1.9214442766556896 0.031311525975887732
-1.9183250489338459 0.032142592130267017

-1.9183250489338459 0.032142592130267017
-1.9152058212120022 0.032980796175715546

-1.9152058212120022 0.032980796175715546
-1.9120865934901587 0.033815583144759645

-1.9120865934901587 0.033815583144759645
-1.9102776208842709 0.034311504940280173

-1.9102776208842709 0.034311504940280173
-1.908967365768315 0.034674766862255742

-1.908967365768315 0.034674766862255742
-1.9058481380464714 0.035518391338094493

-1.9058481380464714 0.035518391338094493
-1.9027289103246277 0.036379791060360718

-1.9027289103246277 0.036379791060360718
-1.8996096826027842 0.037244043626285639

-1.8996096826027842 0.037244043626285639
-1.8989811630247502 0.037430732662123822

-1.8989811630247502 0.037430732662123822
-1.8964904548809405 0.038139508526670869

-1.8964904548809405 0.038139508526670869
-1.8933712271590968 0.039035422625938142

-1.8933712271590968 0.039035422625938142
-1.8902519994372531 0.039940712011011681

-1.8902519994372531 0.039940712011011681
-1.8882079551943907 0.040549960383967479

-1.8882079551943907 0.040549960383967479
-1.8871327717154094 0.040878165253977194

-1.8871327717154094 0.040878165253977194
-1.8840135439935659 0.041799179622867173

-1.8840135439935659 0.041799179622867173
-1.8808943162717222 0.042738332930927797

-1.8808943162717222 0.042738332930927797
-1.8778181235662157 0.043669188105811128

-1.8778181235662157 0.043669188105811128
-1.8777750885498785 0.043683246510655145

-1.8777750885498785 0.043683246510655145
-1.8746558608280348 0.044629544131413651

-1.8746558608280348 0.044629544131413651
-1.8715366331061911 0.045579512344455994

-1.8715366331061911 0.045579512344455994
-1.8684174053843476 0.046519567487340707

-1.8684174053843476 0.046519567487340707
-1.8675718647740081 0.046788415827654778

-1.8675718647740081 0.046788415827654778
-1.8652981776625039 0.047486001668487952

-1.8652981776625039 0.047486001668487952
-1.8621789499406602 0.048435816959359786

-1.8621789499406602 0.048435816959359786
-1.8590597222188165 0.049384703645308954

-1.8590597222188165 0.049384703645308954
-1.8573935075628911 0.049907643549498434

-1.8573935075628911 0.049907643549498434
-1.8559404944969728 0.050366246072788001

-1.8559404944969728 0.050366246072788001
-1.8528212667751294 0.051326274460562891

-1.8528212667751294 0.051326274460562891
-1.8497020390532857 0.05230096448576755

-1.8497020390532857 0.05230096448576755
-1.8474220720796777 0.053026871271342084

-1.8474220720796777 0.053026871271342084
-1.846582811331442 0.053304388174996505

-1.846582811331442 0.053304388174996505
-1.8434635836095983 0.054290351135026831

-1.8434635836095983 0.054290351135026831
-1.8403443558877546 0.055295810709615992

-1.8403443558877546 0.055295810709615992
-1.8377348814879253 0.056146098993185733

-1.8377348814879253 0.056146098993185733
-1.8372251281659111 0.056321881899709977

-1.8372251281659111 0.056321881899709977
-1.8341059004440674 0.057331716107952582

-1.8341059004440674 0.057331716107952582
-1.8309866727222237 0.058353835071642275

-1.8309866727222237 0.058353835071642275
-1.8282079606094692 0.05926532671502939

-1.8282079606094692 0.05926532671502939
-1.82786744500038 0.059384662760426095

-1.82786744500038 0.059384662760426095
-1.8247482172785363 0.060396840683170645

-1.8247482172785363 0.060396840683170645
-1.8216289895566928 0.061413068999573994

-1.8216289895566928 0.061413068999573994
-1.8186291927552747 0.06238455443687304

-1.8186291927552747 0.06238455443687304
-1.8185097618348491 0.062426344023003857

-1.8185097618348491 0.062426344023003857
-1.8153905341130054 0.063427280149579046

-1.8153905341130054 0.063427280149579046
-1.8122713063911617 0.064426426930408773

-1.8122713063911617 0.064426426930408773
-1.8091520786693183 0.065414988786388378

-1.8091520786693183 0.065414988786388378
-1.8088914927619693 0.065503782158716703

-1.8088914927619693 0.065503782158716703
-1.8060328509474746 0.066413275508240069

-1.8060328509474746 0.066413275508240069
-1.8029136232256309 0.067405042861508085

-1.8029136232256309 0.067405042861508085
-1.7997943955037872 0.068388866619001523

-1.7997943955037872 0.068388866619001523
-1.7990985502199186 0.068623009880560346

-1.7990985502199186 0.068623009880560346
-1.7966751677819435 0.069402279900794797

-1.7966751677819435 0.069402279900794797
-1.7935559400601 0.070403275760002659

-1.7935559400601 0.070403275760002659
-1.7904367123382563 0.071400362643181059

-1.7904367123382563 0.071400362643181059
-1.7894246483968261 0.071742237602404002

-1.7894246483968261 0.071742237602404002
-1.7873174846164126 0.072433673376281593

-1.7873174846164126 0.072433673376281593
-1.7841982568945689 0.07344626945601837

-1.7841982568945689 0.07344626945601837
-1.7810790291727252 0.074453449676595659

-1.7810790291727252 0.074453449676595659
-1.7798671080209143 0.074861465324247659

-1.7798671080209143 0.074861465324247659
-1.7779598014508817 0.075491696874320294

-1.7779598014508817 0.075491696874320294
-1.774840573729038 0.076497692138361773

-1.774840573729038 0.076497692138361773
-1.7717213460071943 0.077492987611715192

-1.7717213460071943 0.077492987611715192
-1.7702268757381556 0.077980693046091315

-1.7702268757381556 0.077980693046091315
-1.7686021182853506 0.078508881632466887

-1.7686021182853506 0.078508881632466887
-1.7654828905635069 0.079484448861451715

-1.7654828905635069 0.079484448861451715
-1.7623636628416635 0.080453208031948956

-1.7623636628416635 0.080453208031948956
-1.7602862678993134 0.081099920767934958

-1.7602862678993134 0.081099920767934958
-1.7592444351198198 0.08143269129532725

-1.7592444351198198 0.08143269129532725
-1.7561252073979761 0.082373356124405453

-1.7561252073979761 0.082373356124405453
-1.7530059796761324 0.083316114199270069

-1.7530059796761324 0.083316114199270069
-1.7499947145920152 0.084219148489778614

-1.7499947145920152 0.084219148489778614
-1.7498867519542887 0.08425394384451336

-1.7498867519542887 0.08425394384451336
-1.7467675242324452 0.085181855833145387

-1.7467675242324452 0.085181855833145387
-1.7436482965106015 0.086109405373044498

-1.7436482965106015 0.086109405373044498
-1.7405290687887578 0.087024857718255966

-1.7405290687887578 0.087024857718255966
-1.7395075864986846 0.087338376211622271

-1.7395075864986846 0.087338376211622271
-1.7374098410669141 0.087965619464506484

-1.7374098410669141 0.087965619464506484
-1.7342906133450704 0.088886154993519553

-1.7342906133450704 0.088886154993519553
-1.7311713856232269 0.089807355211225445

-1.7311713856232269 0.089807355211225445
-1.7289932699070873 0.090457603933465913

-1.7289932699070873 0.090457603933465913
-1.7280521579013832 0.090747114502158777

-1.7280521579013832 0.090747114502158777
-1.7249329301795395 0.091659122472677407

-1.7249329301795395 0.091659122472677407
-1.7218137024576958 0.092577036853601982

-1.7218137024576958 0.092577036853601982
-1.7186944747358524 0.093483007883578689

-1.7186944747358524 0.093483007883578689
-1.7183900955482356 0.09357683165530957

-1.7183900955482356 0.09357683165530957
-1.7155752470140087 0.094393602621238581

-1.7155752470140087 0.094393602621238581
-1.712456019292165 0.095290113255341924

-1.712456019292165 0.095290113255341924
-1.7093367915703213 0.096172400922248533

-1.7093367915703213 0.096172400922248533
-1.7075031444063615 0.096696059377153226

-1.7075031444063615 0.096696059377153226
-1.7062175638484776 0.097067734338282446

-1.7062175638484776 0.097067734338282446
-1.7030983361266341 0.097931113287691635

-1.7030983361266341 0.097931113287691635
-1.6999791084047904 0.098797664584484718

-1.6999791084047904 0.098797664584484718
-1.6968598806829467 0.099652994119667077

-1.6968598806829467 0.099652994119667077
-1.6962993484438744 0.099815287098996869

-1.6962993484438744 0.099815287098996869
-1.693740652961103 0.10052326180794086

-1.693740652961103 0.10052326180794086
-1.6906214252392593 0.10138308978442814

-1.6906214252392593 0.10138308978442814
-1.6875021975174158 0.10224450662324838

-1.6875021975174158 0.10224450662324838
-1.6850247708979949 0.10293451482084053

-1.6850247708979949 0.10293451482084053
-1.6843829697955721 0.10312093187380712

-1.6843829697955721 0.10312093187380712
-1.6812637420737284 0.10398311519024972

-1.6812637420737284 0.10398311519024972
-1.6781445143518847 0.10485830969078763

-1.6781445143518847 0.10485830969078763
-1.675025286630041 0.10572871011723871

-1.675025286630041 0.10572871011723871
-1.6739120234402838 0.10605374254268418

-1.6739120234402838 0.10605374254268418
-1.6719060589081975 0.10662752269571252

-1.6719060589081975 0.10662752269571252
-1.6687868311863538 0.10750975521318601

-1.6687868311863538 0.10750975521318601
-1.6656676034645101 0.108397405877265

-1.6656676034645101 0.108397405877265
-1.6629441941555483 0.10917297026452782

-1.6629441941555483 0.10917297026452782
-1.6625483757426665 0.10929200317700945

-1.6625483757426665 0.10929200317700945
-1.6594291480208228 0.11017067416497492

-1.6594291480208228 0.11017067416497492
-1.6563099202989793 0.11105323769324993

-1.6563099202989793 0.11105323769324993
-1.6531906925771356 0.11192290096829881

-1.6531906925771356 0.11192290096829881
-1.6519037650298793 0.11229219798637148

-1.6519037650298793 0.11229219798637148
-1.6500714648552919 0.11281136195067729

-1.6500714648552919 0.11281136195067729
-1.6469522371334482 0.1136729565977581

-1.6469522371334482 0.1136729565977581
-1.6438330094116045 0.11453533368696792

-1.6438330094116045 0.11453533368696792
-1.640713781689761 0.11539163853337808

-1.640713781689761 0.11539163853337808
-1.6406463267306108 0.11541142570821514

-1.6406463267306108 0.11541142570821514
-1.6375945539679173 0.11624790927545715

-1.6375945539679173 0.11624790927545715
-1.6344753262460736 0.11710190521035053

-1.6344753262460736 0.11710190521035053
-1.6313560985242299 0.11795112040678482

-1.6313560985242299 0.11795112040678482
-1.6292529961349114 0.11853065343005878

-1.6292529961349114 0.11853065343005878
-1.6282368708023864 0.1188175522849249

-1.6282368708023864 0.1188175522849249
-1.6251176430805427 0.11966377151211006

-1.6251176430805427 0.11966377151211006
-1.621998415358699 0.12052216047666199

-1.621998415358699 0.12052216047666199
-1.6188791876368553 0.12137525483860988

-1.6188791876368553 0.12137525483860988
-1.6179224933638761 0.12164988115190244

-1.6179224933638761 0.12164988115190244
-1.6157599599150116 0.12225397108869764

-1.6157599599150116 0.12225397108869764
-1.6126407321931682 0.12311839383029345

-1.6126407321931682 0.12311839383029345
-1.6095215044713245 0.12398779518669736

-1.6095215044713245 0.12398779518669736
-1.6067215721694845 0.12476910887374609

-1.6067215721694845 0.12476910887374609
-1.6064022767494808 0.12486343687972123

-1.6064022767494808 0.12486343687972123
-1.6032830490276371 0.12572693322156361

-1.6032830490276371 0.12572693322156361
-1.6001638213057934 0.12659367183720077

-1.6001638213057934 0.12659367183720077
-1.5970445935839499 0.12744876373931022

-1.5970445935839499 0.12744876373931022
-1.5954704014657108 0.12788833659558974

-1.5954704014657108 0.12788833659558974
-1.5939253658621062 0.12831992786485114

-1.5939253658621062 0.12831992786485114
-1.5908061381402625 0.12916178743713122

-1.5908061381402625 0.12916178743713122
-1.5876869104184188 0.13000384326792397

-1.5876869104184188 0.13000384326792397
-1.5845676826965751 0.1308311818978998

-1.5845676826965751 0.1308311818978998
-1.5839308199092041 0.13100756431743341

-1.5839308199092041 0.13100756431743341
-1.5814484549747316 0.1316678123603594

-1.5814484549747316 0.1316678123603594
-1.5783292272528879 0.13248670598872725

-1.5783292272528879 0.13248670598872725
-1.5752099995310442 0.13330199050282776

-1.5752099995310442 0.13330199050282776
-1.5720907718092005 0.13411169419651597

-1.5720907718092005 0.13411169419651597
-1.5720360913088478 0.13412679203927705

-1.5720360913088478 0.13412679203927705
-1.5689715440873568 0.13492004055136489

-1.5689715440873568 0.13492004055136489
-1.5658523163655134 0.13572559538214859

-1.5658523163655134 0.13572559538214859
-1.5627330886436697 0.13652926540831919

-1.5627330886436697 0.13652926540831919
-1.5599487174736326 0.13724601976112069

-1.5599487174736326 0.13724601976112069
-1.559613860921826 0.13733679889080661

-1.559613860921826 0.13733679889080661
-1.5564946331999823 0.13813248805788569

-1.5564946331999823 0.13813248805788569
-1.5533754054781388 0.13892972802599052

-1.5533754054781388 0.13892972802599052
-1.5502561777562951 0.13972069552839386

-1.5502561777562951 0.13972069552839386
-1.5477008775710515 0.14036524748296436

-1.5477008775710515 0.14036524748296436
-1.5471369500344514 0.14051340943969828

-1.5471369500344514 0.14051340943969828
-1.5440177223126077 0.14128377605738562

-1.5440177223126077 0.14128377605738562
-1.540898494590764 0.14205005478748625

-1.540898494590764 0.14205005478748625
-1.5377792668689205 0.14280391911035328

-1.5377792668689205 0.14280391911035328
-1.5349153122821082 0.143484475204808

-1.5349153122821082 0.143484475204808
-1.5346600391470768 0.14354827012618662

-1.5346600391470768 0.14354827012618662
-1.5315408114252331 0.14427331295755932

-1.5315408114252331 0.14427331295755932
-1.5284215837033894 0.14498953523812463

-1.5284215837033894 0.14498953523812463
-1.5253023559815457 0.14569421506845864

-1.5253023559815457 0.14569421506845864
-1.5221831282597023 0.14638338330972941

-1.5221831282597023 0.14638338330972941
-1.5212088680570697 0.14660370292665165

-1.5212088680570697 0.14660370292665165
-1.5190639005378586 0.1470785445121334

-1.5190639005378586 0.1470785445121334
-1.5159446728160149 0.14775692008841051

-1.5159446728160149 0.14775692008841051
-1.5128254450941712 0.14843389972816284

-1.5128254450941712 0.14843389972816284
-1.5097062173723275 0.14910812205541885

-1.5097062173723275 0.14910812205541885
-1.506856216801493 0.14972293064849532

-1.506856216801493 0.14972293064849532
-1.506586989650484 0.14978371770927779

-1.506586989650484 0.14978371770927779
-1.5034677619286403 0.15045248598872624

-1.5034677619286403 0.15045248598872624
-1.5003485342067966 0.15112296226034513

-1.5003485342067966 0.15112296226034513
-1.4972293064849529 0.15179169286526734

-1.4972293064849529 0.15179169286526734
-1.4941100787631092 0.15245381016904194

-1.4941100787631092 0.15245381016904194
-1.4922956534427991 0.15284215837033896

-1.4922956534427991 0.15284215837033896
-1.4909908510412657 0.15312383469892846

-1.4909908510412657 0.15312383469892846
-1.487871623319422 0.15377440276722198

-1.487871623319422 0.15377440276722198
-1.4847523955975783 0.15442279425894537

-1.4847523955975783 0.15442279425894537
-1.4816331678757346 0.15506285740877204

-1.4816331678757346 0.15506285740877204
-1.4785139401538909 0.15568922618456807

-1.4785139401538909 0.15568922618456807
-1.477168600195371 0.1559613860921826

-1.477168600195371 0.1559613860921826
-1.4753947124320475 0.15631761408038192

-1.4753947124320475 0.15631761408038192
-1.4722754847102038 0.15692502272399611

-1.4722754847102038 0.15692502272399611
-1.4691562569883601 0.15752627958847101

-1.4691562569883601 0.15752627958847101
-1.4660370292665164 0.15811914533800506

-1.4660370292665164 0.15811914533800506
-1.4629178015446729 0.15870268881955099

-1.4629178015446729 0.15870268881955099
-1.4608965532882949 0.15908061381402627

-1.4608965532882949 0.15908061381402627
-1.4597985738228292 0.15928874655672237

-1.4597985738228292 0.15928874655672237
-1.4566793461009855 0.15986075218580797

-1.4566793461009855 0.15986075218580797
-1.4535601183791418 0.16043483330688182

-1.4535601183791418 0.16043483330688182
-1.4504408906572981 0.16100829502759137

-1.4504408906572981 0.16100829502759137
-1.4473216629354546 0.16158207272903041

-1.4473216629354546 0.16158207272903041
-1.4442024352136109 0.16215496714773561

-1.4442024352136109 0.16215496714773561
-1.4439689742499029 0.16219984153586992

-1.4439689742499029 0.16219984153586992
-1.4410832074917672 0.16273277952766405

-1.4410832074917672 0.16273277952766405
-1.4379639797699235 0.16330977290406609

-1.4379639797699235 0.16330977290406609
-1.4348447520480798 0.16388748012400539

-1.4348447520480798 0.16388748012400539
-1.4317255243262363 0.16446473733969261

-1.4317255243262363 0.16446473733969261
-1.4286062966043926 0.16503665931626108

-1.4286062966043926 0.16503665931626108
-1.4270842822498584 0.16531906925771356

-1.4270842822498584 0.16531906925771356
-1.4254870688825489 0.16561505087586512

-1.4254870688825489 0.16561505087586512
-1.4223678411607052 0.16617907391339673

-1.4223678411607052 0.16617907391339673
-1.4192486134388616 0.1667409032647601

-1.4192486134388616 0.1667409032647601
-1.4161293857170181 0.16729635434263287

-1.4161293857170181 0.16729635434263287
-1.4130101579951744 0.16784459622490691

-1.4130101579951744 0.16784459622490691
-1.4098909302733307 0.16838305016341198

-1.4098909302733307 0.16838305016341198
-1.4095787173935985 0.16843829697955723

-1.4095787173935985 0.16843829697955723
-1.406771702551487 0.1689178943783004

-1.406771702551487 0.1689178943783004
-1.4036524748296433 0.16944354123315794

-1.4036524748296433 0.16944354123315794
-1.4005332471077998 0.16996307686107545

-1.4005332471077998 0.16996307686107545
-1.3974140193859561 0.17047709192340574

-1.3974140193859561 0.17047709192340574
-1.3942947916641124 0.17098610188384955

-1.3942947916641124 0.17098610188384955
-1.3911755639422687 0.1714885644519516

-1.3911755639422687 0.1714885644519516
-1.3907591313221876 0.17155752470140087

-1.3907591313221876 0.17155752470140087
-1.388056336220425 0.17199186308431308

-1.388056336220425 0.17199186308431308
-1.3849371084985815 0.17248960273742864

-1.3849371084985815 0.17248960273742864
-1.3818178807767378 0.17298490061456551

-1.3818178807767378 0.17298490061456551
-1.3786986530548941 0.17347717824246653

-1.3786986530548941 0.17347717824246653
-1.3755794253330504 0.17396625922652292

-1.3755794253330504 0.17396625922652292
-1.372460197611207 0.17444901056920439

-1.372460197611207 0.17444901056920439
-1.370997033627086 0.17467675242324451

-1.370997033627086 0.17467675242324451
-1.3693409698893633 0.17493384176548188

-1.3693409698893633 0.17493384176548188
-1.3662217421675196 0.17540592625475265

-1.3662217421675196 0.17540592625475265
-1.3631025144456759 0.1758732939785555

-1.3631025144456759 0.1758732939785555
-1.3599832867238322 0.1763325938334846

-1.3599832867238322 0.1763325938334846
-1.3568640590019887 0.17678245078785293

-1.3568640590019887 0.17678245078785293
-1.353744831280145 0.17722169480815753

-1.353744831280145 0.17722169480815753
-1.3506256035583013 0.17764756934877601

-1.3506256035583013 0.17764756934877601
-1.3495303776666818 0.17779598014508818

-1.3495303776666818 0.17779598014508818
-1.3475063758364576 0.17806738300328384

-1.3475063758364576 0.17806738300328384
-1.3443871481146139 0.17847217430026496

-1.3443871481146139 0.17847217430026496
-1.3412679203927704 0.17886840509200849

-1.3412679203927704 0.17886840509200849
-1.3381486926709267 0.17925622699635785

-1.3381486926709267 0.17925622699635785
-1.335029464949083 0.17963739703970855

-1.335029464949083 0.17963739703970855
-1.3319102372272393 0.18001355854035564

-1.3319102372272393 0.18001355854035564
-1.3287910095053956 0.18038608112505489

-1.3287910095053956 0.18038608112505489
-1.3256717817835522 0.18075494988997504

-1.3256717817835522 0.18075494988997504
-1.3243290369655627 0.18091520786693183

-1.3243290369655627 0.18091520786693183
-1.3225525540617085 0.18112634001436415

-1.3225525540617085 0.18112634001436415
-1.3194333263398648 0.18149215992196616

-1.3194333263398648 0.18149215992196616
-1.3163140986180211 0.18185720604077188

-1.3163140986180211 0.18185720604077188
-1.3131948708961774 0.18221938606198901

-1.3131948708961774 0.18221938606198901
-1.3100756431743339 0.18257729818028826

-1.3100756431743339 0.18257729818028826
-1.3069564154524902 0.18292926783953431

-1.3069564154524902 0.18292926783953431
-1.3038371877306465 0.18327338336081292

-1.3038371877306465 0.18327338336081292
-1.3007179600088028 0.18360771507646939

-1.3007179600088028 0.18360771507646939
-1.2975987322869591 0.18392944498640162

-1.2975987322869591 0.18392944498640162
-1.2965554925210396 0.18403443558877547

-1.2965554925210396 0.18403443558877547
-1.2944795045651156 0.18424152623158649

-1.2944795045651156 0.18424152623158649
-1.2913602768432719 0.18453818171932118

-1.2913602768432719 0.18453818171932118
-1.2882410491214282 0.18482212765307562

-1.2882410491214282 0.18482212765307562
-1.2851218213995845 0.18509308717888193

-1.2851218213995845 0.18509308717888193
-1.2820025936777411 0.18535181244947746

-1.2820025936777411 0.18535181244947746
-1.2788833659558974 0.18559946563129284

-1.2788833659558974 0.18559946563129284
-1.2757641382340537 0.18583745473112151

-1.2757641382340537 0.18583745473112151
-1.27264491051221 0.18606727783371371

-1.27264491051221 0.18606727783371371
-1.2695256827903663 0.18629042717209934

-1.2695256827903663 0.18629042717209934
-1.2664064550685228 0.18650825526876993

-1.2664064550685228 0.18650825526876993
-1.2632872273466791 0.18672200696097424

-1.2632872273466791 0.18672200696097424
-1.2601679996248354 0.18693259952236488

-1.2601679996248354 0.18693259952236488
-1.2570487719029917 0.18714005011882043

-1.2570487719029917 0.18714005011882043
-1.2568442463314697 0.18715366331061914

-1.2568442463314697 0.18715366331061914
-1.253929544181148 0.18734487743267547

-1.253929544181148 0.18734487743267547
-1.2508103164593045 0.18754628610925439

-1.2508103164593045 0.18754628610925439
-1.2476910887374608 0.18774416950920428

-1.2476910887374608 0.18774416950920428
-1.2445718610156171 0.18793807772429658

-1.2445718610156171 0.18793807772429658
-1.2414526332937734 0.18812735103334727

-1.2414526332937734 0.18812735103334727
-1.2383334055719297 0.18831111223366609

-1.2383334055719297 0.18831111223366609
-1.2352141778500862 0.18848824402490708

-1.2352141778500862 0.18848824402490708
-1.2320949501282425 0.18865760072333701

-1.2320949501282425 0.18865760072333701
-1.2289757224063989 0.18881809698200469

-1.2289757224063989 0.18881809698200469
-1.2258564946845552 0.18896897011116803

-1.2258564946845552 0.18896897011116803
-1.2227372669627115 0.18910996791717319

-1.2227372669627115 0.18910996791717319
-1.219618039240868 0.18924116888304651

-1.219618039240868 0.18924116888304651
-1.2164988115190243 0.1893629204504132

-1.2164988115190243 0.1893629204504132
-1.2133795837971806 0.18947574657484989

-1.2133795837971806 0.18947574657484989
-1.2102603560753369 0.18958036091531635

-1.2102603560753369 0.18958036091531635
-1.2071411283534932 0.18967774145759209

-1.2071411283534932 0.18967774145759209
-1.2040219006316497 0.18976915035587724

-1.2040219006316497 0.18976915035587724
-1.200902672909806 0.18985599787052548

-1.200902672909806 0.18985599787052548
-1.1977834451879623 0.18993959964783075

-1.1977834451879623 0.18993959964783075
-1.1946642174661186 0.19002092309725196

-1.1946642174661186 0.19002092309725196
-1.1915449897442751 0.19010034860595162

-1.1915449897442751 0.19010034860595162
-1.1884257620224314 0.1901774809865672

-1.1884257620224314 0.1901774809865672
-1.1853065343005877 0.19025103373127875

-1.1853065343005877 0.19025103373127875
-1.1843185235592444 0.19027289103246278

-1.1843185235592444 0.19027289103246278
-1.182187306578744 0.19031993367483491

-1.182187306578744 0.19031993367483491
-1.1790680788569003 0.19038289077212858

-1.1790680788569003 0.19038289077212858
-1.1759488511350569 0.19043874097707886

-1.1759488511350569 0.19043874097707886
-1.1728296234132132 0.19048605068247326

-1.1728296234132132 0.19048605068247326
-1.1697103956913695 0.19052349536124608

-1.1697103956913695 0.19052349536124608
-1.1665911679695258 0.19055003317601937

-1.1665911679695258 0.19055003317601937
-1.1634719402476821 0.19056504857007944

-1.1634719402476821 0.19056504857007944
-1.1603527125258386 0.19056838578463473

-1.1603527125258386 0.19056838578463473
-1.1572334848039949 0.19056026047031002

-1.1572334848039949 0.19056026047031002
-1.1541142570821512 0.19054114573883138

-1.1541142570821512 0.19054114573883138
-1.1509950293603075 0.19051172057659127

-1.1509950293603075 0.19051172057659127
-1.1478758016384638 0.19047286323618537

-1.1478758016384638 0.19047286323618537
-1.1447565739166203 0.19042560601101019

-1.1447565739166203 0.19042560601101019
-1.1416373461947766 0.19037100845979299

-1.1416373461947766 0.19037100845979299
-1.1385181184729329 0.19031002970317082

-1.1385181184729329 0.19031002970317082
-1.1367849546623967 0.19027289103246278

-1.1367849546623967 0.19027289103246278
-1.1353988907510892 0.19024316582173262

-1.1353988907510892 0.19024316582173262
-1.1322796630292455 0.19017099377310548

-1.1322796630292455 0.19017099377310548
-1.1291604353074021 0.19009302346161996

-1.1291604353074021 0.19009302346161996
-1.1260412075855584 0.19000890975103266

-1.1260412075855584 0.19000890975103266
-1.1229219798637147 0.18991840515692471

-1.1229219798637147 0.18991840515692471
-1.119802752141871 0.18982092606855513

-1.119802752141871 0.18982092606855513
-1.1166835244200273 0.1897156475873083

-1.1166835244200273 0.1897156475873083
-1.1135642966981838 0.18960165700223386

-1.1135642966981838 0.18960165700223386
-1.1104450689763401 0.18947805566899273

-1.1104450689763401 0.18947805566899273
-1.1073258412544964 0.18934415609177721

-1.1073258412544964 0.18934415609177721
-1.1042066135326527 0.18919952534936862

-1.1042066135326527 0.18919952534936862
-1.1010873858108092 0.18904381935427889

-1.1010873858108092 0.18904381935427889
-1.0979681580889655 0.18887663417771555

-1.0979681580889655 0.18887663417771555
-1.0948489303671218 0.18869749330076188

-1.0948489303671218 0.18869749330076188
-1.0917297026452781 0.18850590729410996

-1.0917297026452781 0.18850590729410996
-1.0886104749234344 0.18830161807808493

-1.0886104749234344 0.18830161807808493
-1.085491247201591 0.18808487173851804

-1.085491247201591 0.18808487173851804
-1.0823720194797473 0.18785647076980472

-1.0823720194797473 0.18785647076980472
-1.0792527917579036 0.18761757081403305

-1.0792527917579036 0.18761757081403305
-1.0761335640360599 0.1873694402133658

-1.0761335640360599 0.1873694402133658
-1.0735131604396864 0.18715366331061914

-1.0735131604396864 0.18715366331061914
-1.0730143363142162 0.18711199052788774

-1.0730143363142162 0.18711199052788774
-1.0698951085923727 0.18684795110273306

-1.0698951085923727 0.18684795110273306
-1.066775880870529 0.186575728685757

-1.066775880870529 0.186575728685757
-1.0636566531486853 0.18629620877105035

-1.0636566531486853 0.18629620877105035
-1.0605374254268416 0.18600959719488699

-1.0605374254268416 0.18600959719488699
-1.0574181977049979 0.18571601001387877

-1.0574181977049979 0.18571601001387877
-1.0542989699831544 0.18541530044271631

-1.0542989699831544 0.18541530044271631
-1.0511797422613107 0.18510696987516795

-1.0511797422613107 0.18510696987516795
-1.048060514539467 0.1847898827749847

-1.048060514539467 0.1847898827749847
-1.0449412868176233 0.1844624315454918

-1.0449412868176233 0.1844624315454918
-1.0418220590957796 0.18412484141200558

-1.0418220590957796 0.18412484141200558
-1.0410317650093901 0.18403443558877547

-1.0410317650093901 0.18403443558877547
-1.0387028313739362 0.18377158853882222

-1.0387028313739362 0.18377158853882222
-1.0355836036520925 0.18340784108120803

-1.0355836036520925 0.18340784108120803
-1.0324643759302488 0.18303026626286498

-1.0324643759302488 0.18303026626286498
-1.0293451482084051 0.18263922857817699

-1.0293451482084051 0.18263922857817699
-1.0262259204865614 0.18223477655703779

-1.0262259204865614 0.18223477655703779
-1.0231066927647179 0.18181735105072747

-1.0231066927647179 0.18181735105072747
-1.0199874650428742 0.18138801252254319

-1.0199874650428742 0.18138801252254319
-1.0168682373210305 0.1809490094164912

-1.0168682373210305 0.1809490094164912
-1.0166413218227315 0.18091520786693183

-1.0166413218227315 0.18091520786693183
-1.0137490095991868 0.18049747816373798

-1.0137490095991868 0.18049747816373798
-1.0106297818773433 0.18003673997303155

-1.0106297818773433 0.18003673997303155
-1.0075105541554996 0.17956592198311228

-1.0075105541554996 0.17956592198311228
-1.0043913264336559 0.17908593782922494

-1.0043913264336559 0.17908593782922494
-1.0012720987118122 0.17859720143296959

-1.0012720987118122 0.17859720143296959
-0.99815287098996874 0.17810157253263773

-0.99815287098996874 0.17810157253263773
-0.99628726281023838 0.17779598014508818

-0.99628726281023838 0.17779598014508818
-0.99503364326812505 0.17758888149976496

-0.99503364326812505 0.17758888149976496
-0.99191441554628146 0.17707362444178437

-0.99191441554628146 0.17707362444178437
-0.98879518782443776 0.17654311333403017

-0.98879518782443776 0.17654311333403017
-0.98567596010259406 0.17599995575951644

-0.98567596010259406 0.17599995575951644
-0.98255673238075047 0.17544454922636085

-0.98255673238075047 0.17544454922636085
-0.97943750465890678 0.17488153332962336

-0.97943750465890678 0.17488153332962336
-0.97835419978222937 0.17467675242324451

-0.97835419978222937 0.17467675242324451
-0.97631827693706319 0.17429720037691945

-0.97631827693706319 0.17429720037691945
-0.97319904921521949 0.1737092665301386

-0.97319904921521949 0.1737092665301386
-0.97007982149337579 0.1731053665393904

-0.97007982149337579 0.1731053665393904
-0.96696059377153221 0.17248753318766019

-0.96696059377153221 0.17248753318766019
-0.96384136604968851 0.17186118812888701

-0.96384136604968851 0.17186118812888701
-0.9623902168032934 0.17155752470140087

-0.9623902168032934 0.17155752470140087
-0.96072213832784492 0.17120955760217679

-0.96072213832784492 0.17120955760217679
-0.95760291060600122 0.17055742577042227

-0.95760291060600122 0.17055742577042227
-0.95448368288415764 0.16988715089595235

-0.95448368288415764 0.16988715089595235
-0.95136445516231394 0.16920133216883074

-0.95136445516231394 0.16920133216883074
-0.94824522744047024 0.16850180032391765

-0.94824522744047024 0.16850180032391765
-0.94798304006175871 0.16843829697955723

-0.94798304006175871 0.16843829697955723
-0.94512599971862665 0.16777905617383343

-0.94512599971862665 0.16777905617383343
-0.94200677199678295 0.16704309295099509

-0.94200677199678295 0.16704309295099509
-0.93888754427493937 0.16628980963341589

-0.93888754427493937 0.16628980963341589
-0.93576831655309567 0.16552764605004414

-0.93576831655309567 0.16552764605004414
-0.9349656710962182 0.16531906925771356

-0.9349656710962182 0.16531906925771356
-0.93264908883125197 0.16473519875903914

-0.93264908883125197 0.16473519875903914
-0.92952986110940838 0.16394144696473206

-0.92952986110940838 0.16394144696473206
-0.92641063338756469 0.16313125293303776

-0.92641063338756469 0.16313125293303776
-0.9232914056657211 0.1623123136142213

-0.9232914056657211 0.1623123136142213
-0.92289350100829781 0.16219984153586992

-0.92289350100829781 0.16219984153586992
-0.9201721779438774 0.16146882759168987

-0.9201721779438774 0.16146882759168987
-0.9170529502220337 0.16062242917437516

-0.9170529502220337 0.16062242917437516
-0.91393372250019012 0.15976671076619775

-0.91393372250019012 0.15976671076619775
-0.91147650390037183 0.15908061381402627

-0.91147650390037183 0.15908061381402627
-0.91081449477834642 0.1588879433321847

-0.91081449477834642 0.1588879433321847
-0.90769526705650283 0.1580162739006421

-0.90769526705650283 0.1580162739006421
-0.90457603933465913 0.15712160615437915

-0.90457603933465913 0.15712160615437915
-0.90145681161281555 0.15621884684796994

-0.90145681161281555 0.15621884684796994
-0.90062866180929435 0.1559613860921826

-0.90062866180929435 0.1559613860921826
-0.89833758389097185 0.15527371350594282

-0.89833758389097185 0.15527371350594282
-0.89521835616912815 0.1543266018946336

-0.89521835616912815 0.1543266018946336
-0.89209912844728456 0.15336451168177875

-0.89209912844728456 0.15336451168177875
-0.89048483852979743 0.15284215837033896

-0.89048483852979743 0.15284215837033896
-0.88897990072544086 0.15235339424195307

-0.88897990072544086 0.15235339424195307
-0.88586067300359728 0.15135056694382232

-0.88586067300359728 0.15135056694382232
-0.88274144528175358 0.15032353477532229

-0.88274144528175358 0.15032353477532229
-0.88099935994735823 0.14972293064849532

-0.88099935994735823 0.14972293064849532
-0.87962221755990988 0.14924290038214155

-0.87962221755990988 0.14924290038214155
-0.87650298983806629 0.14817610623716726

-0.87650298983806629 0.14817610623716726
-0.8733837621162226 0.14709168687657956

-0.8733837621162226 0.14709168687657956
-0.872058219984301 0.14660370292665165

-0.872058219984301 0.14660370292665165
-0.87026453439437901 0.1459519215564645

-0.87026453439437901 0.1459519215564645
-0.86714530667253531 0.14482780997071495

-0.86714530667253531 0.14482780997071495
-0.86402607895069172 0.14368480716062018

-0.86402607895069172 0.14368480716062018
-0.86352761945724144 0.143484475204808

-0.86352761945724144 0.143484475204808
-0.86090685122884802 0.14249821063925852

-0.86090685122884802 0.14249821063925852
-0.85778762350700433 0.14132039271666383

-0.85778762350700433 0.14132039271666383
-0.8553170499525522 0.14036524748296436

-0.8553170499525522 0.14036524748296436
-0.85466839578516074 0.14009927872608877

-0.85466839578516074 0.14009927872608877
-0.85154916806331704 0.13889668509996797

-0.85154916806331704 0.13889668509996797
-0.84842994034147345 0.13767826244634415

-0.84842994034147345 0.13767826244634415
-0.84740251033495884 0.13724601976112069

-0.84740251033495884 0.13724601976112069
-0.84531071261962976 0.13639605060235208

-0.84531071261962976 0.13639605060235208
-0.84219148489778606 0.13513967452385328

-0.84219148489778606 0.13513967452385328
-0.83975907651375803 0.13412679203927705

-0.83975907651375803 0.13412679203927705
-0.83907225717594247 0.13382281758156234

-0.83907225717594247 0.13382281758156234
-0.83595302945409877 0.13252865280447348

-0.83595302945409877 0.13252865280447348
-0.83283380173225519 0.13120874415110836

-0.83283380173225519 0.13120874415110836
-0.8324095864764175 0.13100756431743341

-0.8324095864764175 0.13100756431743341
-0.82971457401041149 0.12982992724361833

-0.82971457401041149 0.12982992724361833
-0.82659534628856779 0.12846972204169582

-0.82659534628856779 0.12846972204169582
-0.82536547792297044 0.12788833659558974

-0.82536547792297044 0.12788833659558974
-0.8234761185667242 0.12701601721719991

-0.8234761185667242 0.12701601721719991
-0.8203568908448805 0.12560889979913747

-0.8203568908448805 0.12560889979913747
-0.81861267024830708 0.12476910887374609

-0.81861267024830708 0.12476910887374609
-0.81723766312303692 0.12409678159769227

-0.81723766312303692 0.12409678159769227
-0.81411843540119322 0.12264082765514631

-0.81411843540119322 0.12264082765514631
-0.81212108200972888 0.12164988115190244

-0.81212108200972888 0.12164988115190244
-0.81099920767934963 0.12107257781378335

-0.81099920767934963 0.12107257781378335
-0.80787997995750593 0.11956730247790094

-0.80787997995750593 0.11956730247790094
-0.80585936339330067 0.11853065343005878

-0.80585936339330067 0.11853065343005878
-0.80476075223566224 0.11794420753439473

-0.80476075223566224 0.11794420753439473
-0.80164152451381865 0.11639682659509601

-0.80164152451381865 0.11639682659509601
-0.79978834407848809 0.11541142570821514

-0.79978834407848809 0.11541142570821514
-0.79852229679197495 0.11472018799912868

-0.79852229679197495 0.11472018799912868
-0.79540306907013136 0.11313279154962315

-0.79540306907013136 0.11313279154962315
-0.79389058161580817 0.11229219798637148

-0.79389058161580817 0.11229219798637148
-0.79228384134828767 0.11140210120590671

-0.79228384134828767 0.11140210120590671
-0.78916461362644397 0.10976841858406651

-0.78916461362644397 0.10976841858406651
-0.78815409112889867 0.10917297026452782

-0.78815409112889867 0.10917297026452782
-0.78604538590460038 0.10799086307784295

-0.78604538590460038 0.10799086307784295
-0.78292615818275668 0.10628387294990749

-0.78292615818275668 0.10628387294990749
-0.78256602586868773 0.10605374254268418

-0.78256602586868773 0.10605374254268418
-0.77980693046091309 0.10447803287572137

-0.77980693046091309 0.10447803287572137
-0.77715929358612512 0.10293451482084053

-0.77715929358612512 0.10293451482084053
-0.7766877027390694 0.10262844721288168

-0.7766877027390694 0.10262844721288168
-0.77356847501722581 0.10084578644799483

-0.77356847501722581 0.10084578644799483
-0.77191418219449415 0.099815287098996869

-0.77191418219449415 0.099815287098996869
-0.77044924729538211 0.098892811334809483

-0.77044924729538211 0.098892811334809483
-0.76733001957353841 0.097053080101625749

-0.76733001957353841 0.097053080101625749
-0.76681491711551208 0.096696059377153226

-0.76681491711551208 0.096696059377153226
-0.76421079185169483 0.095063656580902212

-0.76421079185169483 0.095063656580902212
-0.76190896499505933 0.09357683165530957

-0.76190896499505933 0.09357683165530957
-0.76109156412985113 0.093005810862161906

-0.76109156412985113 0.093005810862161906
-0.75797233640800754 0.091069407628700694

-0.75797233640800754 0.091069407628700694
-0.7571203467097215 0.090457603933465913

-0.7571203467097215 0.090457603933465913
-0.75485310868616384 0.088939846707876968

-0.75485310868616384 0.088939846707876968
-0.75249616125321428 0.087338376211622271

-0.75249616125321428 0.087338376211622271
-0.75173388096432014 0.086775524282809671

-0.75173388096432014 0.086775524282809671
-0.74861465324247656 0.084719682710315825

-0.74861465324247656 0.084719682710315825
-0.74796086539043738 0.084219148489778614

-0.74796086539043738 0.084219148489778614
-0.74549542552063286 0.082483833255916572

-0.74549542552063286 0.082483833255916572
-0.74360424562809568 0.081099920767934958

-0.74360424562809568 0.081099920767934958
-0.74237619779878927 0.080169164892222353

-0.74237619779878927 0.080169164892222353
-0.7392826426945206 0.077980693046091315

-0.7392826426945206 0.077980693046091315
-0.73925697007694557 0.077960010831183452

-0.73925697007694557 0.077960010831183452
-0.73613774235510188 0.075716363607442008

-0.73613774235510188 0.075716363607442008
-0.73506688525847763 0.074861465324247659

-0.73506688525847763 0.074861465324247659
-0.73301851463325829 0.073292681336045384

-0.73301851463325829 0.073292681336045384
-0.73102526711804161 0.071742237602404002

-0.73102526711804161 0.071742237602404002
-0.72989928691141459 0.070830223809103254

-0.72989928691141459 0.070830223809103254
-0.72699259882882372 0.068623009880560346

-0.72699259882882372 0.068623009880560346
-0.726780059189571 0.068443830204353656

-0.726780059189571 0.068443830204353656
-0.72366083146772731 0.066069555940983904

-0.72366083146772731 0.066069555940983904
-0.72299811836313421 0.065503782158716703

-0.72299811836313421 0.065503782158716703
-0.72054160374588372 0.063527900478522512

-0.72054160374588372 0.063527900478522512
-0.71920286747188811 0.06238455443687304

-0.71920286747188811 0.06238455443687304
-0.71742237602404002 0.060878490824726648

-0.71742237602404002 0.060878490824726648
-0.71553519620521633 0.05926532671502939

-0.71553519620521633 0.05926532671502939
-0.71430314830219632 0.058184746745374029

-0.71430314830219632 0.058184746745374029
-0.71192679807898196 0.056146098993185733

-0.71192679807898196 0.056146098993185733
-0.71118392058035274 0.055476084401045213

-0.71118392058035274 0.055476084401045213
-0.70834819690033268 0.053026871271342084

-0.70834819690033268 0.053026871271342084
-0.70806469285850904 0.052765614974262985

-0.70806469285850904 0.052765614974262985
-0.70494546513666545 0.050040419416925247

-0.70494546513666545 0.050040419416925247
-0.70480371516852069 0.049907643549498434

-0.70480371516852069 0.049907643549498434
-0.70182623741482175 0.04723260173956384

-0.70182623741482175 0.04723260173956384
-0.7013575673603899 0.046788415827654778

-0.7013575673603899 0.046788415827654778
-0.69870700969297805 0.044336350148883923

-0.69870700969297805 0.044336350148883923
-0.69801148394679757 0.043669188105811128

-0.69801148394679757 0.043669188105811128
-0.69558778197113447 0.041370432838488964

-0.69558778197113447 0.041370432838488964
-0.69474322217934259 0.040549960383967479

-0.69474322217934259 0.040549960383967479
-0.69246855424929077 0.038346229729001848

-0.69246855424929077 0.038346229729001848
-0.69153860917486532 0.037430732662123822

-0.69153860917486532 0.037430732662123822
-0.68934932652744718 0.035267189082909225

-0.68934932652744718 0.035267189082909225
-0.68839210495946157 0.034311504940280173

-0.68839210495946157 0.034311504940280173
-0.68623009880560348 0.032133007508855109

-0.68623009880560348 0.032133007508855109
-0.68530111722187348 0.03119227721843652

-0.68530111722187348 0.03119227721843652
-0.6831108710837599 0.028940793333749392

-0.6831108710837599 0.028940793333749392
-0.68226559697200151 0.02807304949659287

-0.68226559697200151 0.02807304949659287
-0.6799916433619162 0.025687801929263392

-0.6799916433619162 0.025687801929263392
-0.67928516726509702 0.024953821774749217

-0.67928516726509702 0.024953821774749217
-0.6768724156400725 0.022367759915749803

-0.6768724156400725 0.022367759915749803
-0.67636468532037863 0.021834594052905568

-0.67636468532037863 0.021834594052905568
-0.67375318791822891 0.018967266289218725

-0.67375318791822891 0.018967266289218725
-0.67351551923168085 0.018715366331061915

-0.67351551923168085 0.018715366331061915
-0.67074359774664438 0.01559613860921826

-0.67074359774664438 0.01559613860921826
-0.67063396019638521 0.015478742918307777

-0.67063396019638521 0.015478742918307777
-0.6679928078880869 0.012476910887374609

-0.6679928078880869 0.012476910887374609
-0.66751473247454163 0.011958599408038893

-0.66751473247454163 0.011958599408038893
-0.66522995921110417 0.0093576831655309556

-0.66522995921110417 0.0093576831655309556
-0.66439550475269793 0.008440459669726225

-0.66439550475269793 0.008440459669726225
-0.66245974904033167 0.0062384554436873043

-0.66245974904033167 0.0062384554436873043
-0.66127627703085423 0.0049139439129912621

-0.66127627703085423 0.0049139439129912621
-0.65969772748412836 0.0031192277218436517

-0.65969772748412836 0.0031192277218436517
-0.65815704930901064 0.0013559355929245594

-0.65815704930901064 0.0013559355929245594
-0.65696272500921382 0

-0.65696272500921382 0
-0.65503782158716695 -0.0022693422272874043

-0.65503782158716695 -0.0022693422272874043
-0.65428853942525977 -0.0031192277218436521

-0.65428853942525977 -0.0031192277218436521
-0.65191859386532336 -0.0060165977327737586

-0.65191859386532336 -0.0060165977327737586
-0.65172279171472369 -0.0062384554436873043

-0.65172279171472369 -0.0062384554436873043
-0.64924062497198198 -0.0093576831655309573

-0.64924062497198198 -0.0093576831655309573
-0.64879936614347966 -0.0098663011376144034

-0.64879936614347966 -0.0098663011376144034
-0.64669555850459459 -0.012476910887374609

-0.64669555850459459 -0.012476910887374609
-0.64568013842163596 -0.013677253115933874

-0.64568013842163596 -0.013677253115933874
-0.64568013842163596 -0.013677253115933874

-0.64568013842163596 -0.013677253115933874
-0.64410175179328777 -0.015596138609218262

-0.64410175179328777 -0.015596138609218262
-0.64256091069979238 -0.0174789922887361

-0.64256091069979238 -0.0174789922887361
-0.64152678793799711 -0.018715366331061911

-0.64152678793799711 -0.018715366331061911
-0.63944168297794868 -0.021376554862102371

-0.63944168297794868 -0.021376554862102371
-0.63905324702771438 -0.021834594052905564

-0.63905324702771438 -0.021834594052905564
-0.63669179580535784 -0.024953821774749217

-0.63669179580535784 -0.024953821774749217
-0.63632245525610509 -0.025391127609732184

-0.63632245525610509 -0.025391127609732184
-0.63423932520129678 -0.028073049496592867

-0.63423932520129678 -0.028073049496592867
-0.63320322753426139 -0.029328166423622272

-0.63320322753426139 -0.029328166423622272
-0.63170145716417669 -0.03119227721843652

-0.63170145716417669 -0.03119227721843652
-0.63008399981241781 -0.033217410663894061

-0.63008399981241781 -0.033217410663894061
-0.62917812298920017 -0.034311504940280173

-0.62917812298920017 -0.034311504940280173
-0.62696477209057411 -0.037181778666896946

-0.62696477209057411 -0.037181778666896946
-0.62675350228139048 -0.037430732662123829

-0.62675350228139048 -0.037430732662123829
-0.62438302924443467 -0.040549960383967479

-0.62438302924443467 -0.040549960383967479
-0.62384554436873041 -0.041185376992863773

-0.62384554436873041 -0.041185376992863773
-0.62187871011731677 -0.043669188105811135

-0.62187871011731677 -0.043669188105811135
-0.62072631664688682 -0.04504533033178762

-0.62072631664688682 -0.04504533033178762
-0.6192827131269143 -0.046788415827654785

-0.6192827131269143 -0.046788415827654785
-0.61760708892504312 -0.048814315762857122

-0.61760708892504312 -0.048814315762857122
-0.61667041982132009 -0.049907643549498434

-0.61667041982132009 -0.049907643549498434
-0.61448786120319954 -0.052569784440329219

-0.61448786120319954 -0.052569784440329219
-0.61408424395314998 -0.053026871271342091

-0.61408424395314998 -0.053026871271342091
-0.61151973475628951 -0.05614609899318574

-0.61151973475628951 -0.05614609899318574
-0.61136863348135584 -0.056313299545497797

-0.61136863348135584 -0.056313299545497797
-0.61136863348135584 -0.056313299545497797

-0.61136863348135584 -0.056313299545497797
-0.60885498943951188 -0.05926532671502939

-0.60885498943951188 -0.05926532671502939
-0.60824940575951214 -0.059925966200307483

-0.60824940575951214 -0.059925966200307483
-0.60605556343839484 -0.062384554436873046

-0.60605556343839484 -0.062384554436873046
-0.60513017803766855 -0.063371392382536917

-0.60513017803766855 -0.063371392382536917
-0.60513017803766855 -0.063371392382536917

-0.60513017803766855 -0.063371392382536917
-0.60313622094667096 -0.065503782158716689

-0.60313622094667096 -0.065503782158716689
-0.60201095031582486 -0.066668021991606957

-0.60201095031582486 -0.066668021991606957
-0.60009539986266214 -0.068623009880560346

-0.60009539986266214 -0.068623009880560346
-0.59889172259398127 -0.069823227696823545

-0.59889172259398127 -0.069823227696823545
-0.59889172259398127 -0.069823227696823545

-0.59889172259398127 -0.069823227696823545
-0.59692007577780282 -0.071742237602403988

-0.59692007577780282 -0.071742237602403988
-0.59577249487213757 -0.072845254405100951

-0.59577249487213757 -0.072845254405100951
-0.59358075747031369 -0.074861465324247645

-0.59358075747031369 -0.074861465324247645
-0.59265326715029398 -0.075716892715171291

-0.59265326715029398 -0.075716892715171291
-0.59265326715029398 -0.075716892715171291

-0.59265326715029398 -0.075716892715171291
-0.58997233871084309 -0.077980693046091301

-0.58997233871084309 -0.077980693046091301
-0.58953403942845028 -0.078367074334588407

-0.58953403942845028 -0.078367074334588407
-0.58953403942845028 -0.078367074334588407

-0.58953403942845028 -0.078367074334588407
-0.58641481170660659 -0.080746256309726386

-0.58641481170660659 -0.080746256309726386
-0.58598173599260017 -0.081099920767934958

-0.58598173599260017 -0.081099920767934958
-0.583295583984763 -0.083063913759690397

-0.583295583984763 -0.083063913759690397
-0.58168129668103674 -0.0842191484897786

-0.58168129668103674 -0.0842191484897786
-0.5801763562629193 -0.085292691457665687

-0.5801763562629193 -0.085292691457665687
-0.57705712854107571 -0.087184844086766147

-0.57705712854107571 -0.087184844086766147
-0.57682197271144264 -0.087338376211622257

-0.57682197271144264 -0.087338376211622257
-0.57393790081923202 -0.088981717859661594

-0.57393790081923202 -0.088981717859661594
-0.5710672063623482 -0.090457603933465913

-0.5710672063623482 -0.090457603933465913
-0.57081867309738832 -0.090599736494947458

-0.57081867309738832 -0.090599736494947458
-0.56769944537554473 -0.092020696023767515

-0.56769944537554473 -0.092020696023767515
-0.56458021765370103 -0.093274263142770486

-0.56458021765370103 -0.093274263142770486
-0.56378117532480743 -0.093576831655309556

-0.56378117532480743 -0.093576831655309556
-0.56146098993185745 -0.094412056912761028

-0.56146098993185745 -0.094412056912761028
-0.55834176221001375 -0.095384831971893069

-0.55834176221001375 -0.095384831971893069
-0.55522253448817016 -0.096214870338474298

-0.55522253448817016 -0.096214870338474298
-0.55309478924040989 -0.096696059377153212

-0.55309478924040989 -0.096696059377153212
-0.55210330676632646 -0.096923814036407874

-0.55210330676632646 -0.096923814036407874
-0.54898407904448276 -0.097493091797253753

-0.54898407904448276 -0.097493091797253753
-0.54586485132263918 -0.09794544847202942

-0.54586485132263918 -0.09794544847202942
-0.54274562360079548 -0.098282152535863837

-0.54274562360079548 -0.098282152535863837
-0.53962639587895189 -0.098509721259556204

-0.53962639587895189 -0.098509721259556204
-0.53650716815710819 -0.098635334130292018

-0.53650716815710819 -0.098635334130292018
-0.5333879404352645 -0.098664341445188791

-0.5333879404352645 -0.098664341445188791
-0.53026871271342091 -0.098602038307897724

-0.53026871271342091 -0.098602038307897724
-0.52714948499157721 -0.0984540440035961

-0.52714948499157721 -0.0984540440035961
-0.52403025726973362 -0.098225603893520669

-0.52403025726973362 -0.098225603893520669
-0.52091102954788993 -0.097921512899079646

-0.52091102954788993 -0.097921512899079646
-0.51779180182604623 -0.097547675229716871

-0.51779180182604623 -0.097547675229716871
-0.51467257410420264 -0.097112376335075634

-0.51467257410420264 -0.097112376335075634
-0.51203114948468065 -0.096696059377153212

-0.51203114948468065 -0.096696059377153212
-0.51155334638235894 -0.096618462229464908

-0.51155334638235894 -0.096618462229464908
-0.50843411866051536 -0.096076052573927762

-0.50843411866051536 -0.096076052573927762
-0.50531489093867166 -0.095482333713671375

-0.50531489093867166 -0.095482333713671375
-0.50219566321682807 -0.094846563793124769

-0.50219566321682807 -0.094846563793124769
-0.49907643549498437 -0.09417778686786335

-0.49907643549498437 -0.09417778686786335
-0.49638350253896635 -0.093576831655309556

-0.49638350253896635 -0.093576831655309556
-0.49595720777314073 -0.093477579211726863

-0.49595720777314073 -0.093477579211726863
-0.49283798005129709 -0.092761834715662322

-0.49283798005129709 -0.092761834715662322
-0.48971875232945339 -0.092020704995701683

-0.48971875232945339 -0.092020704995701683
-0.48659952460760975 -0.091264824283817769

-0.48659952460760975 -0.091264824283817769
-0.4834802968857661 -0.090503210223031233

-0.4834802968857661 -0.090503210223031233
-0.48330610148393272 -0.090457603933465913

-0.48330610148393272 -0.090457603933465913
-0.48036106916392246 -0.089728613772434462

-0.48036106916392246 -0.089728613772434462
-0.47724184144207882 -0.088948933981772643

-0.47724184144207882 -0.088948933981772643
-0.47412261372023518 -0.08816571709078394

-0.47412261372023518 -0.08816571709078394
-0.47100338599839148 -0.087385758492533105

-0.47100338599839148 -0.087385758492533105
-0.47082491626581963 -0.087338376211622257

-0.47082491626581963 -0.087338376211622257
-0.46788415827654783 -0.086600913852821509

-0.46788415827654783 -0.086600913852821509
-0.46476493055470419 -0.085818961683122696

-0.46476493055470419 -0.085818961683122696
-0.46164570283286055 -0.085039746827671903

-0.46164570283286055 -0.085039746827671903
-0.45852647511101691 -0.084269303000039944

-0.45852647511101691 -0.084269303000039944
-0.45833332233428581 -0.0842191484897786

-0.45833332233428581 -0.0842191484897786
-0.45540724738917326 -0.083500420439151124

-0.45540724738917326 -0.083500420439151124
-0.45228801966732957 -0.082742710575881326

-0.45228801966732957 -0.082742710575881326
-0.44916879194548592 -0.081996392267752918

-0.44916879194548592 -0.081996392267752918
-0.44604956422364228 -0.081270776117522814

-0.44604956422364228 -0.081270776117522814
-0.44532908615963451 -0.081099920767934958

-0.44532908615963451 -0.081099920767934958
-0.44293033650179864 -0.080549048481700497

-0.44293033650179864 -0.080549048481700497
-0.439811108779955 -0.079854435755377096

-0.439811108779955 -0.079854435755377096
-0.4366918810581113 -0.079178353836022661

-0.4366918810581113 -0.079178353836022661
-0.43357265333626765 -0.078524970706991062

-0.43357265333626765 -0.078524970706991062
-0.43087975387725325 -0.077980693046091301

-0.43087975387725325 -0.077980693046091301
-0.43045342561442401 -0.077891332809019012

-0.43045342561442401 -0.077891332809019012
-0.42733419789258037 -0.077288835652711857

-0.42733419789258037 -0.077288835652711857
-0.42421497017073673 -0.076707062655743813

-0.42421497017073673 -0.076707062655743813
-0.42109574244889308 -0.076149393018442577

-0.42109574244889308 -0.076149393018442577
-0.41797651472704939 -0.075615443721840106

-0.41797651472704939 -0.075615443721840106
-0.41485728700520574 -0.075107737987925333

-0.41485728700520574 -0.075107737987925333
-0.41329216462698087 -0.074861465324247645

-0.41329216462698087 -0.074861465324247645
-0.4117380592833621 -0.074617133540426039

-0.4117380592833621 -0.074617133540426039
-0.40861883156151846 -0.074157839141781687

-0.40861883156151846 -0.074157839141781687
-0.40549960383967482 -0.073720991738387198

-0.40549960383967482 -0.073720991738387198
-0.40238037611783117 -0.073309616824402207

-0.40238037611783117 -0.073309616824402207
-0.39926114839598748 -0.072924838675469936

-0.39926114839598748 -0.072924838675469936
-0.39614192067414383 -0.072567673677710623

-0.39614192067414383 -0.072567673677710623
-0.39302269295230019 -0.07223910558325107

-0.39302269295230019 -0.07223910558325107
-0.38990346523045655 -0.071940119863487376

-0.38990346523045655 -0.071940119863487376
-0.38761619230507482 -0.071742237602403988

-0.38761619230507482 -0.071742237602403988
-0.3867842375086129 -0.071669616911334638

-0.3867842375086129 -0.071669616911334638
-0.38366500978676926 -0.071431240016626291

-0.38366500978676926 -0.071431240016626291
-0.38054578206492556 -0.071222758868919753

-0.38054578206492556 -0.071222758868919753
-0.37742655434308192 -0.071045343526126653

-0.37742655434308192 -0.071045343526126653
-0.37430732662123828 -0.070898794976499466

-0.37430732662123828 -0.070898794976499466
-0.37118809889939464 -0.070782779265954679

-0.37118809889939464 -0.070782779265954679
-0.36806887117755099 -0.070697383848791193

-0.36806887117755099 -0.070697383848791193
-0.36494964345570735 -0.070643038982297568

-0.36494964345570735 -0.070643038982297568
-0.36183041573386365 -0.070620204319630647

-0.36183041573386365 -0.070620204319630647
-0.35871118801202001 -0.070629069017364848

-0.35871118801202001 -0.070629069017364848
-0.35559196029017637 -0.07066948352185709

-0.35559196029017637 -0.07066948352185709
-0.35247273256833273 -0.070741356283144777

-0.35247273256833273 -0.070741356283144777
-0.34935350484648908 -0.070845141942543363

-0.34935350484648908 -0.070845141942543363
-0.34623427712464538 -0.070981440930016834

-0.34623427712464538 -0.070981440930016834
-0.34311504940280174 -0.071149985926416151

-0.34311504940280174 -0.071149985926416151
-0.3399958216809581 -0.071350016269792649

-0.3399958216809581 -0.071350016269792649
-0.33687659395911446 -0.071579749893449285

-0.33687659395911446 -0.071579749893449285
-0.33493451331653429 -0.071742237602403988

-0.33493451331653429 -0.071742237602403988
-0.33375736623727081 -0.071841358108277797

-0.33375736623727081 -0.071841358108277797
-0.33063813851542717 -0.072132175752103039

-0.33063813851542717 -0.072132175752103039
-0.32751891079358347 -0.072454679469802691

-0.32751891079358347 -0.072454679469802691
-0.32439968307173983 -0.072806456983953188

-0.32439968307173983 -0.072806456983953188
-0.32128045534989619 -0.07318819665004575

-0.32128045534989619 -0.07318819665004575
-0.31816122762805255 -0.073602361573274572

-0.31816122762805255 -0.073602361573274572
-0.3150419999062089 -0.074050270821334918

-0.3150419999062089 -0.074050270821334918
-0.31192277218436526 -0.074528294538078244

-0.31192277218436526 -0.074528294538078244
-0.30989932773272433 -0.074861465324247645

-0.30989932773272433 -0.074861465324247645
-0.30880354446252156 -0.075044377335099

-0.30880354446252156 -0.075044377335099
-0.30568431674067792 -0.075586751254013609

-0.30568431674067792 -0.075586751254013609
-0.30256508901883428 -0.076169040675614405

-0.30256508901883428 -0.076169040675614405
-0.29944586129699063 -0.076788293766515914

-0.29944586129699063 -0.076788293766515914
-0.29632663357514699 -0.077442404801439185

-0.29632663357514699 -0.077442404801439185
-0.29390775532458624 -0.077980693046091301

-0.29390775532458624 -0.077980693046091301
-0.29320740585330335 -0.078141727013019829

-0.29320740585330335 -0.078141727013019829
-0.29008817813145965 -0.078866380657195048

-0.29008817813145965 -0.078866380657195048
-0.28696895040961601 -0.079633612517081051

-0.28696895040961601 -0.079633612517081051
-0.28384972268777237 -0.080435506794245215

-0.28384972268777237 -0.080435506794245215
-0.28138947704296008 -0.081099920767934958

-0.28138947704296008 -0.081099920767934958
-0.28073049496592872 -0.081285382129581377

-0.28073049496592872 -0.081285382129581377
-0.27761126724408508 -0.082152852835251033

-0.27761126724408508 -0.082152852835251033
-0.27449203952224144 -0.083061517879760696

-0.27449203952224144 -0.083061517879760696
-0.27137281180039774 -0.083992780355791663

-0.27137281180039774 -0.083992780355791663
-0.27068074731556285 -0.0842191484897786

-0.27068074731556285 -0.0842191484897786
-0.2682535840785541 -0.084979346965899483

-0.2682535840785541 -0.084979346965899483
-0.26513435635671045 -0.085980578653579887

-0.26513435635671045 -0.085980578653579887
-0.26201512863486681 -0.087005172402820824

-0.26201512863486681 -0.087005172402820824
-0.26108089021892228 -0.087338376211622257

-0.26108089021892228 -0.087338376211622257
-0.25889590091302317 -0.088091490161082656

-0.25889590091302317 -0.088091490161082656
-0.25577667319117953 -0.08918203294644364

-0.25577667319117953 -0.08918203294644364
-0.25265744546933583 -0.090303296480941431

-0.25265744546933583 -0.090303296480941431
-0.25227363156461685 -0.090457603933465913

-0.25227363156461685 -0.090457603933465913
-0.24953821774749216 -0.091481181447377241

-0.24953821774749216 -0.091481181447377241
-0.24641899002564852 -0.092670239038300684

-0.24641899002564852 -0.092670239038300684
-0.24413441437710481 -0.093576831655309556

-0.24413441437710481 -0.093576831655309556
-0.24329976230380487 -0.093924555636192758

-0.24329976230380487 -0.093924555636192758
-0.2401805345819612 -0.095167965815800504

-0.2401805345819612 -0.095167965815800504
-0.23706130686011756 -0.096444290500856622

-0.23706130686011756 -0.096444290500856622
-0.23651020404937434 -0.096696059377153212

-0.23651020404937434 -0.096696059377153212
-0.23394207913827392 -0.097789803459315705

-0.23394207913827392 -0.097789803459315705
-0.23082285141643025 -0.099117574004696563

-0.23082285141643025 -0.099117574004696563
-0.22928679842554961 -0.099815287098996869

-0.22928679842554961 -0.099815287098996869
-0.2277036236945866 -0.10053390418727375

-0.2277036236945866 -0.10053390418727375
-0.22458439597274296 -0.10190569591865087

-0.22458439597274296 -0.10190569591865087
-0.22234934970388062 -0.10293451482084051

-0.22234934970388062 -0.10293451482084051
-0.22146516825089929 -0.10336325990402344

-0.22146516825089929 -0.10336325990402344
-0.21834594052905565 -0.10477785905676308

-0.21834594052905565 -0.10477785905676308
-0.21562503349199502 -0.10605374254268417

-0.21562503349199502 -0.10605374254268417
-0.21522671280721201 -0.10625853548987914

-0.21522671280721201 -0.10625853548987914
-0.21210748508536834 -0.10771782405589178

-0.21210748508536834 -0.10771782405589178
-0.20907188448827968 -0.10917297026452782

-0.20907188448827968 -0.10917297026452782
-0.20898825736352469 -0.10921821616651869

-0.20898825736352469 -0.10921821616651869
-0.20586902964168105 -0.11072338730530988

-0.20586902964168105 -0.11072338730530988
-0.20274980191983738 -0.11224008684637601

-0.20274980191983738 -0.11224008684637601
-0.2026559297460461 -0.11229219798637147

-0.2026559297460461 -0.11229219798637147
-0.19963057419799374 -0.11377848100708558

-0.19963057419799374 -0.11377848100708558
-0.19651134647615007 -0.11530754492744853

-0.19651134647615007 -0.11530754492744853
-0.19632488667392251 -0.11541142570821512

-0.19632488667392251 -0.11541142570821512
-0.19339211875430642 -0.11686728684660017

-0.19339211875430642 -0.11686728684660017
-0.19027289103246278 -0.11840432579816532

-0.19027289103246278 -0.11840432579816532
-0.19004584123959978 -0.11853065343005878

-0.19004584123959978 -0.11853065343005878
-0.18715366331061911 -0.11996877239658951

-0.18715366331061911 -0.11996877239658951
-0.18403443558877547 -0.1214963408554751

-0.18403443558877547 -0.1214963408554751
-0.18375420148472765 -0.12164988115190242

-0.18375420148472765 -0.12164988115190242
-0.18091520786693183 -0.12304765498953833

-0.18091520786693183 -0.12304765498953833
-0.17779598014508816 -0.12454610080295618

-0.17779598014508816 -0.12454610080295618
-0.17737467735503751 -0.12476910887374608

-0.17737467735503751 -0.12476910887374608
-0.17467675242324451 -0.12607039790452845

-0.17467675242324451 -0.12607039790452845
-0.17155752470140087 -0.12751901616861783

-0.17155752470140087 -0.12751901616861783
-0.17081469929038348 -0.12788833659558974

-0.17081469929038348 -0.12788833659558974
-0.1684382969795572 -0.12899612338401542

-0.1684382969795572 -0.12899612338401542
-0.16531906925771356 -0.1303764540293833

-0.16531906925771356 -0.1303764540293833
-0.16393347773855513 -0.13100756431743338

-0.16393347773855513 -0.13100756431743338
-0.16219984153586992 -0.13178601200095472

-0.16219984153586992 -0.13178601200095472
-0.15908061381402624 -0.13309318392949668

-0.15908061381402624 -0.13309318392949668
-0.15658012638335544 -0.13412679203927705

-0.15658012638335544 -0.13412679203927705
-0.1559613860921826 -0.13439903548660101

-0.1559613860921826 -0.13439903548660101
-0.15284215837033896 -0.13561568940562638

-0.15284215837033896 -0.13561568940562638
-0.14972293064849529 -0.13677891484478888

-0.14972293064849529 -0.13677891484478888
-0.14846901149042049 -0.13724601976112069

-0.14846901149042049 -0.13724601976112069
-0.14660370292665165 -0.13792690101715926

-0.14660370292665165 -0.13792690101715926
-0.143484475204808 -0.13898049904577214

-0.143484475204808 -0.13898049904577214
-0.14036524748296433 -0.1399682351034251

-0.14036524748296433 -0.1399682351034251
-0.13907693073389166 -0.14036524748296433

-0.13907693073389166 -0.14036524748296433
-0.13724601976112069 -0.14092057148222742

-0.13724601976112069 -0.14092057148222742
-0.13412679203927705 -0.141780307120213

-0.13412679203927705 -0.141780307120213
-0.13100756431743338 -0.14257180975669889

-0.13100756431743338 -0.14257180975669889
-0.12788833659558974 -0.14328132409401356

-0.12788833659558974 -0.14328132409401356
-0.12692926419002218 -0.143484475204808

-0.12692926419002218 -0.143484475204808
-0.12476910887374608 -0.14393170280204257

-0.12476910887374608 -0.14393170280204257
-0.12164988115190242 -0.14449994791023676

-0.12164988115190242 -0.14449994791023676
-0.11853065343005878 -0.14499115686554043

-0.11853065343005878 -0.14499115686554043
-0.11541142570821512 -0.14540537521528918

-0.11541142570821512 -0.14540537521528918
-0.11229219798637147 -0.14574406487871228

-0.11229219798637147 -0.14574406487871228
-0.10917297026452782 -0.14600913644732258

-0.10917297026452782 -0.14600913644732258
-0.10605374254268417 -0.14620264448265596

-0.10605374254268417 -0.14620264448265596
-0.10293451482084051 -0.14632676869795139

-0.10293451482084051 -0.14632676869795139
-0.099815287098996869 -0.14638382412775469

-0.099815287098996869 -0.14638382412775469
-0.096696059377153212 -0.1463761098142031

-0.096696059377153212 -0.1463761098142031
-0.093576831655309556 -0.14630585559213952

-0.093576831655309556 -0.14630585559213952
-0.090457603933465913 -0.14617538107685474

-0.090457603933465913 -0.14617538107685474
-0.087338376211622257 -0.14598727910256501

-0.087338376211622257 -0.14598727910256501
-0.0842191484897786 -0.14574426152335321

-0.0842191484897786 -0.14574426152335321
-0.081099920767934958 -0.14544896217254821

-0.081099920767934958 -0.14544896217254821
-0.077980693046091301 -0.14510432432739986

-0.077980693046091301 -0.14510432432739986
-0.074861465324247645 -0.14471320049863143

-0.074861465324247645 -0.14471320049863143
-0.071742237602403988 -0.14427901156851286

-0.071742237602403988 -0.14427901156851286
-0.068623009880560346 -0.14380843896466963

-0.068623009880560346 -0.14380843896466963
-0.06663876293577578 -0.143484475204808

-0.06663876293577578 -0.143484475204808
-0.065503782158716689 -0.14329682566666155

-0.065503782158716689 -0.14329682566666155
-0.062384554436873046 -0.142759628040832

-0.062384554436873046 -0.142759628040832
-0.05926532671502939 -0.14218824518763418

-0.05926532671502939 -0.14218824518763418
-0.05614609899318574 -0.14159049743775143

-0.05614609899318574 -0.14159049743775143
-0.053026871271342091 -0.14097150257790925

-0.053026871271342091 -0.14097150257790925
-0.050053441395656137 -0.14036524748296433

-0.050053441395656137 -0.14036524748296433
-0.049907643549498434 -0.14033406042092686

-0.049907643549498434 -0.14033406042092686
-0.046788415827654785 -0.13968389945078738

-0.046788415827654785 -0.13968389945078738
-0.043669188105811135 -0.13901812910414416

-0.043669188105811135 -0.13901812910414416
-0.040549960383967479 -0.13834159459608153

-0.040549960383967479 -0.13834159459608153
-0.037430732662123829 -0.1376619965859826

-0.037430732662123829 -0.1376619965859826
-0.035555189092946742 -0.13724601976112069

-0.035555189092946742 -0.13724601976112069
-0.034311504940280173 -0.13696702913902342

-0.034311504940280173 -0.13696702913902342
-0.03119227721843652 -0.13628495851997507

-0.03119227721843652 -0.13628495851997507
-0.028073049496592867 -0.13559773230176878

-0.028073049496592867 -0.13559773230176878
-0.024953821774749217 -0.13491452373481819

-0.024953821774749217 -0.13491452373481819
-0.021834594052905564 -0.13424380454933757

-0.021834594052905564 -0.13424380454933757
-0.021306159019358326 -0.13412679203927705

-0.021306159019358326 -0.13412679203927705
-0.018715366331061911 -0.13357357601754494

-0.018715366331061911 -0.13357357601754494
-0.015596138609218262 -0.13291988657169612

-0.015596138609218262 -0.13291988657169612
-0.012476910887374609 -0.13227809193192916

-0.012476910887374609 -0.13227809193192916
-0.0093576831655309573 -0.13165063596669205

-0.0093576831655309573 -0.13165063596669205
-0.0062384554436873043 -0.13104053191710635

-0.0062384554436873043 -0.13104053191710635
-0.0060731251045515727 -0.13100756431743338

-0.0060731251045515727 -0.13100756431743338
-0.0031192277218436521 -0.13044404163370579

-0.0031192277218436521 -0.13044404163370579
0 -0.12986581528971058

0 -0.12986581528971058
0.0031192277218436517 -0.12930512862182833

0.0031192277218436517 -0.12930512862182833
0.0062384554436873043 -0.12876294354341367

0.0062384554436873043 -0.12876294354341367
0.0093576831655309556 -0.12824199490513311

0.0093576831655309556 -0.12824199490513311
0.011553692573442905 -0.12788833659558974

0.011553692573442905 -0.12788833659558974
0.012476910887374609 -0.12773731135632657

0.012476910887374609 -0.12773731135632657
0.01559613860921826 -0.12726273165472393

0.01559613860921826 -0.12726273165472393
0.018715366331061915 -0.12680966663826196

0.018715366331061915 -0.12680966663826196
0.021834594052905568 -0.12638259878098576

0.021834594052905568 -0.12638259878098576
0.024953821774749217 -0.12598300228254436

0.024953821774749217 -0.12598300228254436
0.02807304949659287 -0.12561157839486958

0.02807304949659287 -0.12561157839486958
0.03119227721843652 -0.12526867641529094

0.03119227721843652 -0.12526867641529094
0.034311504940280173 -0.1249553469891682

0.034311504940280173 -0.1249553469891682
0.036350754707039683 -0.12476910887374608

0.036350754707039683 -0.12476910887374608
0.037430732662123822 -0.12466990160035557

0.037430732662123822 -0.12466990160035557
0.040549960383967479 -0.12441671570612178

0.040549960383967479 -0.12441671570612178
0.043669188105811128 -0.12419266815834895

0.043669188105811128 -0.12419266815834895
0.046788415827654778 -0.12399894368741697

0.046788415827654778 -0.12399894368741697
0.049907643549498434 -0.12383562479309608

0.049907643549498434 -0.12383562479309608
0.053026871271342084 -0.1237022702605492

0.053026871271342084 -0.1237022702605492
0.056146098993185733 -0.12359877838468133

0.056146098993185733 -0.12359877838468133
0.05926532671502939 -0.12352521755906884

0.05926532671502939 -0.12352521755906884
0.06238455443687304 -0.12348096143412839

0.06238455443687304 -0.12348096143412839
0.065503782158716703 -0.12346538942673947

0.065503782158716703 -0.12346538942673947
0.068623009880560346 -0.12347846532502325

0.068623009880560346 -0.12347846532502325
0.071742237602404002 -0.12351939915913403

0.071742237602404002 -0.12351939915913403
0.074861465324247659 -0.12358689222934383

0.074861465324247659 -0.12358689222934383
0.077980693046091315 -0.12368117664835078

0.077980693046091315 -0.12368117664835078
0.081099920767934958 -0.12380276060726118

0.081099920767934958 -0.12380276060726118
0.084219148489778614 -0.12395071263255836

0.084219148489778614 -0.12395071263255836
0.087338376211622271 -0.12412546453770885

0.087338376211622271 -0.12412546453770885
0.090457603933465913 -0.12432920939559601

0.090457603933465913 -0.12432920939559601
0.09357683165530957 -0.12456126058204005

0.09357683165530957 -0.12456126058204005
0.096070098164883183 -0.12476910887374608

0.096070098164883183 -0.12476910887374608
0.096696059377153226 -0.12482201169748353

0.096696059377153226 -0.12482201169748353
0.099815287098996869 -0.12511042694146812

0.099815287098996869 -0.12511042694146812
0.10293451482084053 -0.125429704644277

0.10293451482084053 -0.125429704644277
0.10605374254268418 -0.1257784079266365

0.10605374254268418 -0.1257784079266365
0.10917297026452782 -0.12615586471149862

0.10917297026452782 -0.12615586471149862
0.11229219798637148 -0.12656113478641687

0.11229219798637148 -0.12656113478641687
0.11541142570821514 -0.1269917851227739

0.11541142570821514 -0.1269917851227739
0.11853065343005878 -0.12744533568929678

0.11853065343005878 -0.12744533568929678
0.12143714474832439 -0.12788833659558974

0.12143714474832439 -0.12788833659558974
0.12164988115190244 -0.12792189424185438

0.12164988115190244 -0.12792189424185438
0.12476910887374609 -0.12841582451452957

0.12476910887374609 -0.12841582451452957
0.12788833659558974 -0.12892828878395948

0.12788833659558974 -0.12892828878395948
0.13100756431743341 -0.12945782393330096

0.13100756431743341 -0.12945782393330096
0.13412679203927705 -0.13000414861782339

0.13412679203927705 -0.13000414861782339
0.13724601976112069 -0.13056328854206703

0.13724601976112069 -0.13056328854206703
0.13966245918146356 -0.13100756431743338

0.13966245918146356 -0.13100756431743338
0.14036524748296436 -0.13114018964029897

0.14036524748296436 -0.13114018964029897
0.143484475204808 -0.13172013382626116

0.143484475204808 -0.13172013382626116
0.14660370292665165 -0.13231525277434839

0.14660370292665165 -0.13231525277434839
0.14972293064849532 -0.13292124885062301

0.14972293064849532 -0.13292124885062301
0.15284215837033896 -0.13353530632867044

0.15284215837033896 -0.13353530632867044
0.15582031019522372 -0.13412679203927705

0.15582031019522372 -0.13412679203927705
0.1559613860921826 -0.13415614118644348

0.1559613860921826 -0.13415614118644348
0.15908061381402627 -0.13477801750274365

0.15908061381402627 -0.13477801750274365
0.16219984153586992 -0.13540433830276014

0.16219984153586992 -0.13540433830276014
0.16531906925771356 -0.13603189585372913

0.16531906925771356 -0.13603189585372913
0.16843829697955723 -0.13665665267490257

0.16843829697955723 -0.13665665267490257
0.17141035458342543 -0.13724601976112069

0.17141035458342543 -0.13724601976112069
0.17155752470140087 -0.13727656611219383

0.17155752470140087 -0.13727656611219383
0.17467675242324451 -0.13788565182908946

0.17467675242324451 -0.13788565182908946
0.17779598014508818 -0.13848654494533119

0.17779598014508818 -0.13848654494533119
0.18091520786693183 -0.13907442035883072

0.18091520786693183 -0.13907442035883072
0.18403443558877547 -0.13964490834211832

0.18403443558877547 -0.13964490834211832
0.18715366331061914 -0.14019067855800169

0.18715366331061914 -0.14019067855800169
0.18816748146966797 -0.14036524748296433

0.18816748146966797 -0.14036524748296433
0.19027289103246278 -0.14072207279504748

0.19027289103246278 -0.14072207279504748
0.19339211875430642 -0.14122174365178491

0.19339211875430642 -0.14122174365178491
0.19651134647615009 -0.14169273363260504

0.19651134647615009 -0.14169273363260504
0.19963057419799374 -0.14212968839545675

0.19963057419799374 -0.14212968839545675
0.20274980191983741 -0.14253014780025711

0.20274980191983741 -0.14253014780025711
0.20586902964168105 -0.14289336119653756

0.20586902964168105 -0.14289336119653756
0.20898825736352469 -0.14321925810647063

0.20898825736352469 -0.14321925810647063
0.21186405325950397 -0.143484475204808

0.21186405325950397 -0.143484475204808
0.21210748508536836 -0.14350733410502253

0.21210748508536836 -0.14350733410502253
0.21522671280721201 -0.14375429681299878

0.21522671280721201 -0.14375429681299878
0.21834594052905565 -0.14396049457891077

0.21834594052905565 -0.14396049457891077
0.22146516825089932 -0.1441252802858721

0.22146516825089932 -0.1441252802858721
0.22458439597274296 -0.14424861690494617

0.22458439597274296 -0.14424861690494617
0.2277036236945866 -0.14433055878109263

0.2277036236945866 -0.14433055878109263
0.23082285141643027 -0.14437109714075635

0.23082285141643027 -0.14437109714075635
0.23394207913827392 -0.14437050467790186

0.23394207913827392 -0.14437050467790186
0.23706130686011756 -0.14432963655880229

0.23706130686011756 -0.14432963655880229
0.24018053458196123 -0.14424984971836299

0.24018053458196123 -0.14424984971836299
0.24329976230380487 -0.14413261823337004

0.24329976230380487 -0.14413261823337004
0.24641899002564852 -0.14397916944337874

0.24641899002564852 -0.14397916944337874
0.24953821774749216 -0.14379054884603309

0.24953821774749216 -0.14379054884603309
0.25265744546933583 -0.14356878250420557

0.25265744546933583 -0.14356878250420557
0.25367380626152092 -0.143484475204808

0.25367380626152092 -0.143484475204808
0.25577667319117947 -0.1433110496090797

0.25577667319117947 -0.1433110496090797
0.25889590091302311 -0.14301975160747385

0.25889590091302311 -0.14301975160747385
0.26201512863486676 -0.14269247520797629

0.26201512863486676 -0.14269247520797629
0.2651343563567104 -0.14232973560279749

0.2651343563567104 -0.14232973560279749
0.26825358407855404 -0.14193205058094877

0.26825358407855404 -0.14193205058094877
0.27137281180039774 -0.14150058020012715

0.27137281180039774 -0.14150058020012715
0.27449203952224138 -0.14103761240071871

0.27449203952224138 -0.14103761240071871
0.27761126724408502 -0.14055031106326454

0.27761126724408502 -0.14055031106326454
0.27871268501935659 -0.14036524748296433

0.27871268501935659 -0.14036524748296433
0.28073049496592867 -0.14003000484041556

0.28073049496592867 -0.14003000484041556
0.28384972268777231 -0.13949281348460846

0.28384972268777231 -0.13949281348460846
0.28696895040961595 -0.13893379412321827

0.28696895040961595 -0.13893379412321827
0.29008817813145965 -0.13835926644084201

0.29008817813145965 -0.13835926644084201
0.29320740585330329 -0.13777426909182361

0.29320740585330329 -0.13777426909182361
0.29599020329208287 -0.13724601976112069

0.29599020329208287 -0.13724601976112069
0.29632663357514694 -0.13717967309683013

0.29632663357514694 -0.13717967309683013
0.29944586129699058 -0.1365852236707463

0.29944586129699058 -0.1365852236707463
0.30256508901883422 -0.13598469877405925

0.30256508901883422 -0.13598469877405925
0.30568431674067786 -0.1353833547063707

0.30568431674067786 -0.1353833547063707
0.30880354446252156 -0.13478372695651278

0.30880354446252156 -0.13478372695651278
0.3119227721843652 -0.13419041678207005

0.3119227721843652 -0.13419041678207005
0.31224498196097977 -0.13412679203927705

0.31224498196097977 -0.13412679203927705
0.31504199990620885 -0.13359534091322608

0.31504199990620885 -0.13359534091322608
0.31816122762805249 -0.13300578039914304

0.31816122762805249 -0.13300578039914304
0.32128045534989613 -0.13241969402527498

0.32128045534989613 -0.13241969402527498
0.32439968307173978 -0.1318392342655462

0.32439968307173978 -0.1318392342655462
0.32751891079358347 -0.13127059058947013

0.32751891079358347 -0.13127059058947013
0.32896062180795677 -0.13100756431743338

0.32896062180795677 -0.13100756431743338
0.33063813851542712 -0.13070270762771746

0.33063813851542712 -0.13070270762771746
0.33375736623727076 -0.1301550655212704

0.33375736623727076 -0.1301550655212704
0.3368765939591144 -0.12961600635462078

0.3368765939591144 -0.12961600635462078
0.33999582168095804 -0.12908898248299905

0.33999582168095804 -0.12908898248299905
0.34311504940280169 -0.12857459705540647

0.34311504940280169 -0.12857459705540647
0.34623427712464538 -0.12807637514197254

0.34623427712464538 -0.12807637514197254
0.34741993343325228 -0.12788833659558974

0.34741993343325228 -0.12788833659558974
0.34935350484648903 -0.12758474515615373

0.34935350484648903 -0.12758474515615373
0.35247273256833267 -0.12711366838177013

0.35247273256833267 -0.12711366838177013
0.35559196029017631 -0.12665596617714428

0.35559196029017631 -0.12665596617714428
0.35871118801201995 -0.12621393954954366

0.35871118801201995 -0.12621393954954366
0.36183041573386365 -0.12578845727993415

0.36183041573386365 -0.12578845727993415
0.3649496434557073 -0.12538052577487263

0.3649496434557073 -0.12538052577487263
0.36806887117755094 -0.12499206568610083

0.36806887117755094 -0.12499206568610083
0.36993649258117778 -0.12476910887374608

0.36993649258117778 -0.12476910887374608
0.37118809889939458 -0.12461892447759482

0.37118809889939458 -0.12461892447759482
0.37430732662123822 -0.12426979386034327

0.37430732662123822 -0.12426979386034327
0.37742655434308187 -0.12393955558613604

0.37742655434308187 -0.12393955558613604
0.38054578206492556 -0.12362974979381881

0.38054578206492556 -0.12362974979381881
0.38366500978676921 -0.12333993973096236

0.38366500978676921 -0.12333993973096236
0.38678423750861285 -0.12306935128756376

0.38678423750861285 -0.12306935128756376
0.38990346523045649 -0.12281697698843964

0.38990346523045649 -0.12281697698843964
0.39302269295230013 -0.12258161764329825

0.39302269295230013 -0.12258161764329825
0.39614192067414378 -0.12236202065758189

0.39614192067414378 -0.12236202065758189
0.39926114839598748 -0.12215711552104659

0.39926114839598748 -0.12215711552104659
0.40238037611783112 -0.12196620568310451

0.40238037611783112 -0.12196620568310451
0.40549960383967476 -0.12178892065946029

0.40549960383967476 -0.12178892065946029
0.40815140644435444 -0.12164988115190242

0.40815140644435444 -0.12164988115190242
0.4086188315615184 -0.12162516014673866

0.4086188315615184 -0.12162516014673866
0.41173805928336205 -0.12147674588545156

0.41173805928336205 -0.12147674588545156
0.41485728700520569 -0.1213446389864323

0.41485728700520569 -0.1213446389864323
0.41797651472704939 -0.121230695639129

0.41797651472704939 -0.121230695639129
0.42109574244889303 -0.12113577777290102

0.42109574244889303 -0.12113577777290102
0.42421497017073667 -0.12105929353815677

0.42421497017073667 -0.12105929353815677
0.42733419789258031 -0.12099974367657373

0.42733419789258031 -0.12099974367657373
0.43045342561442396 -0.12095585691135366

0.43045342561442396 -0.12095585691135366
0.4335726533362676 -0.12092677020115947

0.4335726533362676 -0.12092677020115947
0.4366918810581113 -0.1209111316695678

0.4366918810581113 -0.1209111316695678
0.43981110877995494 -0.12090660548188467

0.43981110877995494 -0.12090660548188467
0.44293033650179858 -0.12091033048434364

0.44293033650179858 -0.12091033048434364
0.44604956422364223 -0.1209194912997662

0.44604956422364223 -0.1209194912997662
0.44916879194548587 -0.1209315055216913

0.44916879194548587 -0.1209315055216913
0.45228801966732957 -0.12094404393075568

0.45228801966732957 -0.12094404393075568
0.45540724738917321 -0.12095515505651531

0.45540724738917321 -0.12095515505651531
0.45852647511101685 -0.12096350022196649

0.45852647511101685 -0.12096350022196649
0.46164570283286049 -0.12096842732738626

0.46164570283286049 -0.12096842732738626
0.46476493055470414 -0.12096967339792419

0.46476493055470414 -0.12096967339792419
0.46788415827654778 -0.12096697900389555

0.46788415827654778 -0.12096697900389555
0.47100338599839148 -0.12096016794044603

0.47100338599839148 -0.12096016794044603
0.47412261372023512 -0.12094954542144647

0.47412261372023512 -0.12094954542144647
0.47724184144207876 -0.12093577754868341

0.47724184144207876 -0.12093577754868341
0.48036106916392241 -0.12091909655381736

0.48036106916392241 -0.12091909655381736
0.48348029688576605 -0.12089878428788567

0.48348029688576605 -0.12089878428788567
0.48659952460760969 -0.12087358525131538

0.48659952460760969 -0.12087358525131538
0.48971875232945339 -0.12084238002165577

0.48971875232945339 -0.12084238002165577
0.49283798005129703 -0.12080415671735642

0.49283798005129703 -0.12080415671735642
0.49595720777314067 -0.12075744796498568

0.49595720777314067 -0.12075744796498568
0.49907643549498437 -0.12070022856073789

0.49907643549498437 -0.12070022856073789
0.50219566321682796 -0.1206305428740418

0.50219566321682796 -0.1206305428740418
0.50531489093867166 -0.12054683175398531

0.50531489093867166 -0.12054683175398531
0.50843411866051524 -0.12044716032295705

0.50843411866051524 -0.12044716032295705
0.51155334638235894 -0.12032840420105666

0.51155334638235894 -0.12032840420105666
0.51467257410420253 -0.12018699156866761

0.51467257410420253 -0.12018699156866761
0.51779180182604623 -0.12002073079889729

0.51779180182604623 -0.12002073079889729
0.52091102954788993 -0.11982953973686701

0.52091102954788993 -0.11982953973686701
0.52403025726973351 -0.11961436785455797

0.52403025726973351 -0.11961436785455797
0.52714948499157721 -0.11937575165378025

0.52714948499157721 -0.11937575165378025
0.5302687127134208 -0.11911329660824418

0.5302687127134208 -0.11911329660824418
0.5333879404352645 -0.11882618429069164

0.5333879404352645 -0.11882618429069164
0.53633572617580905 -0.11853065343005878

0.53633572617580905 -0.11853065343005878
0.53650716815710819 -0.11851305451231463

0.53650716815710819 -0.11851305451231463
0.53962639587895178 -0.11817463474219393

0.53962639587895178 -0.11817463474219393
0.54274562360079548 -0.11780959845868588

0.54274562360079548 -0.11780959845868588
0.54586485132263907 -0.11741834475727173

0.54586485132263907 -0.11741834475727173
0.54898407904448276 -0.11700083905664964

0.54898407904448276 -0.11700083905664964
0.55210330676632646 -0.11655734710355549

0.55210330676632646 -0.11655734710355549
0.55522253448817005 -0.11608870697898797

0.55522253448817005 -0.11608870697898797
0.55834176221001375 -0.11559944544429593

0.55834176221001375 -0.11559944544429593
0.55946079367829638 -0.11541142570821512

0.55946079367829638 -0.11541142570821512
0.56146098993185733 -0.11507898241430121

0.56146098993185733 -0.11507898241430121
0.56458021765370103 -0.11454234116308201

0.56458021765370103 -0.11454234116308201
0.56769944537554462 -0.11398163857689175

0.56769944537554462 -0.11398163857689175
0.57081867309738832 -0.11340071408639199

0.57081867309738832 -0.11340071408639199
0.57393790081923202 -0.1128027555387139

0.57393790081923202 -0.1128027555387139
0.57652489335996571 -0.11229219798637147

0.57652489335996571 -0.11229219798637147
0.5770571285410756 -0.11218355715288691

0.5770571285410756 -0.11218355715288691
0.5801763562629193 -0.11155593732009599

0.5801763562629193 -0.11155593732009599
0.58329558398476289 -0.11090840259130071

0.58329558398476289 -0.11090840259130071
0.58641481170660659 -0.1102461102299427

0.58641481170660659 -0.1102461102299427
0.58953403942845028 -0.1095747019084701

0.58953403942845028 -0.1095747019084701
0.59134105330934039 -0.10917297026452782

0.59134105330934039 -0.10917297026452782
0.59265326715029387 -0.10887850489580349

0.59265326715029387 -0.10887850489580349
0.59577249487213757 -0.10818523135082694

0.59577249487213757 -0.10818523135082694
0.59889172259398116 -0.10747526753847478

0.59889172259398116 -0.10747526753847478
0.60201095031582486 -0.10675589879476126

0.60201095031582486 -0.10675589879476126
0.60502488329030424 -0.10605374254268417

0.60502488329030424 -0.10605374254268417
0.60513017803766844 -0.1060277963981025

0.60513017803766844 -0.1060277963981025
0.60824940575951214 -0.1052957329050957

0.60824940575951214 -0.1052957329050957
0.61136863348135584 -0.10455572856857917

0.61136863348135584 -0.10455572856857917
0.61448786120319943 -0.10381087934955702

0.61448786120319943 -0.10381087934955702
0.61760708892504312 -0.10306885143680278

0.61760708892504312 -0.10306885143680278
0.61814339093179016 -0.10293451482084051

0.61814339093179016 -0.10293451482084051
0.62072631664688671 -0.10231301046628488

0.62072631664688671 -0.10231301046628488
0.62384554436873041 -0.101563733473764

0.62384554436873041 -0.101563733473764
0.62696477209057411 -0.1008142564078318

0.62696477209057411 -0.1008142564078318
0.63008399981241769 -0.1000749785992443

0.63008399981241769 -0.1000749785992443
0.63114934357146435 -0.099815287098996869

0.63114934357146435 -0.099815287098996869
0.63320322753426139 -0.099324222212305233

0.63320322753426139 -0.099324222212305233
0.63632245525610498 -0.098592261061516168

0.63632245525610498 -0.098592261061516168
0.63944168297794868 -0.097863191688578752

0.63944168297794868 -0.097863191688578752
0.64256091069979226 -0.097145836508280667

0.64256091069979226 -0.097145836508280667
0.64451937369158674 -0.096696059377153212

0.64451937369158674 -0.096696059377153212
0.64568013842163596 -0.096425625274045537

0.64568013842163596 -0.096425625274045537
0.64879936614347966 -0.095731234641779656

0.64879936614347966 -0.095731234641779656
0.65191859386532325 -0.095041729540007946

0.65191859386532325 -0.095041729540007946
0.65503782158716695 -0.094363510094148215

0.65503782158716695 -0.094363510094148215
0.65815704930901053 -0.093701156365058297

0.65815704930901053 -0.093701156365058297
0.65872801303681605 -0.093576831655309556

0.65872801303681605 -0.093576831655309556
0.66127627703085423 -0.093040717061966025

0.66127627703085423 -0.093040717061966025
0.66439550475269793 -0.092397821942189762

0.66439550475269793 -0.092397821942189762
0.66751473247454152 -0.091765382080148686

0.66751473247454152 -0.091765382080148686
0.67063396019638521 -0.091144623010463485

0.67063396019638521 -0.091144623010463485
0.6737531879182288 -0.090538996314469627

0.6737531879182288 -0.090538996314469627
0.67416365244602194 -0.090457603933465913

0.67416365244602194 -0.090457603933465913
0.6768724156400725 -0.089939668570721637

0.6768724156400725 -0.089939668570721637
0.6799916433619162 -0.089357139689235712

0.6799916433619162 -0.089357139689235712
0.68311087108375979 -0.088787935494706816

0.68311087108375979 -0.088787935494706816
0.68623009880560348 -0.088233121858878077

0.68623009880560348 -0.088233121858878077
0.68934932652744707 -0.087694643662191873

0.68934932652744707 -0.087694643662191873
0.69145491550947602 -0.087338376211622257

0.69145491550947602 -0.087338376211622257
0.69246855424929077 -0.087164394050249921

0.69246855424929077 -0.087164394050249921
0.69558778197113436 -0.086656887015223158

0.69558778197113436 -0.086656887015223158
0.69870700969297805 -0.086160572207623687

0.69870700969297805 -0.086160572207623687
0.70182623741482175 -0.08567837512383801

0.70182623741482175 -0.08567837512383801
0.70494546513666534 -0.085209981869983686

0.70494546513666534 -0.085209981869983686
0.70806469285850904 -0.084755000831414906

0.70806469285850904 -0.084755000831414906
0.71118392058035262 -0.084314872201463678

0.71118392058035262 -0.084314872201463678
0.71186335449881999 -0.0842191484897786

0.71186335449881999 -0.0842191484897786
0.71430314830219632 -0.083882272764999474

0.71430314830219632 -0.083882272764999474
0.71742237602404002 -0.083464644932738183

0.71742237602404002 -0.083464644932738183
0.72054160374588361 -0.083058199401627703

0.72054160374588361 -0.083058199401627703
0.72366083146772731 -0.082663100453463742

0.72366083146772731 -0.082663100453463742
0.72678005918957089 -0.082278859182564779

0.72678005918957089 -0.082278859182564779
0.72989928691141459 -0.081904857120969121

0.72989928691141459 -0.081904857120969121
0.73301851463325818 -0.081540336027035018

0.73301851463325818 -0.081540336027035018
0.73613774235510188 -0.081185791730804591

0.73613774235510188 -0.081185791730804591
0.73689394873984204 -0.081099920767934958

0.73689394873984204 -0.081099920767934958
0.73925697007694557 -0.080835529461339428

0.73925697007694557 -0.080835529461339428
0.74237619779878916 -0.080493976927319924

0.74237619779878916 -0.080493976927319924
0.74549542552063286 -0.080157335822706691

0.74549542552063286 -0.080157335822706691
0.74861465324247645 -0.079824801613682203

0.74861465324247645 -0.079824801613682203
0.75173388096432014 -0.079495121414230333

0.75173388096432014 -0.079495121414230333
0.75485310868616384 -0.079167125328414911

0.75485310868616384 -0.079167125328414911
0.75797233640800743 -0.078839620801718857

0.75797233640800743 -0.078839620801718857
0.76109156412985113 -0.07851129257107986

0.76109156412985113 -0.07851129257107986
0.76421079185169472 -0.078181717261754269

0.76421079185169472 -0.078181717261754269
0.76608089056482831 -0.077980693046091301

0.76608089056482831 -0.077980693046091301
0.76733001957353841 -0.077845675365640993

0.76733001957353841 -0.077845675365640993
0.77044924729538211 -0.077508802857202963

0.77044924729538211 -0.077508802857202963
0.7735684750172257 -0.077165319840109423

0.7735684750172257 -0.077165319840109423
0.7766877027390694 -0.076815518863511761

0.7766877027390694 -0.076815518863511761
0.77980693046091298 -0.076458395307216098

0.77980693046091298 -0.076458395307216098
0.78292615818275668 -0.076093190385316894

0.78292615818275668 -0.076093190385316894
0.78604538590460027 -0.075719352663826775

0.78604538590460027 -0.075719352663826775
0.78916461362644397 -0.075336568580380028

0.78916461362644397 -0.075336568580380028
0.79228384134828767 -0.07494657016169555

0.79228384134828767 -0.07494657016169555
0.79293247293241031 -0.074861465324247645

0.79293247293241031 -0.074861465324247645
0.79540306907013125 -0.074543272609698882

0.79540306907013125 -0.074543272609698882
0.79852229679197495 -0.074132468969103527

0.79852229679197495 -0.074132468969103527
0.80164152451381854 -0.073710923399389547

0.80164152451381854 -0.073710923399389547
0.80476075223566224 -0.07327929228727896

0.80476075223566224 -0.07327929228727896
0.80787997995750593 -0.072837211859433371

0.80787997995750593 -0.072837211859433371
0.81099920767934952 -0.072383793048537926

0.81099920767934952 -0.072383793048537926
0.81411843540119322 -0.071921037277319647

0.81411843540119322 -0.071921037277319647
0.81526556069756562 -0.071742237602403988

0.81526556069756562 -0.071742237602403988
0.81723766312303681 -0.071437807432803729

0.81723766312303681 -0.071437807432803729
0.8203568908448805 -0.070945220851564794

0.8203568908448805 -0.070945220851564794
0.82347611856672409 -0.070434535860875599

0.82347611856672409 -0.070434535860875599
0.82659534628856779 -0.069906827712210032

0.82659534628856779 -0.069906827712210032
0.82971457401041149 -0.069361641511744038

0.82971457401041149 -0.069361641511744038
0.83283380173225507 -0.068803473092796441

0.83283380173225507 -0.068803473092796441
0.83378413542870689 -0.068623009880560346

0.83378413542870689 -0.068623009880560346
0.83595302945409877 -0.068218355244080528

0.83595302945409877 -0.068218355244080528
0.83907225717594236 -0.067623082094466075

0.83907225717594236 -0.067623082094466075
0.84219148489778606 -0.067008956174496606

0.84219148489778606 -0.067008956174496606
0.84531071261962976 -0.066379361298035663

0.84531071261962976 -0.066379361298035663
0.84842994034147334 -0.06574189325853437

0.84842994034147334 -0.06574189325853437
0.84954113201416903 -0.065503782158716689

0.84954113201416903 -0.065503782158716689
0.85154916806331704 -0.065079820991473636

0.85154916806331704 -0.065079820991473636
0.85466839578516063 -0.064417502839714674

0.85466839578516063 -0.064417502839714674
0.85778762350700433 -0.063742925353907062

0.85778762350700433 -0.063742925353907062
0.86090685122884802 -0.063061960046721571

0.86090685122884802 -0.063061960046721571
0.86399141298708981 -0.062384554436873046

0.86399141298708981 -0.062384554436873046
0.86402607895069161 -0.062376508414028926

0.86402607895069161 -0.062376508414028926
0.86714530667253531 -0.061687749668787588

0.86714530667253531 -0.061687749668787588
0.8702645343943789 -0.060994061932051556

0.8702645343943789 -0.060994061932051556
0.8733837621162226 -0.060296558002268373

0.8733837621162226 -0.060296558002268373
0.87650298983806618 -0.059601136838986615

0.87650298983806618 -0.059601136838986615
0.87796788543634541 -0.05926532671502939

0.87796788543634541 -0.05926532671502939
0.87962221755990988 -0.058887350050188914

0.87962221755990988 -0.058887350050188914
0.88274144528175358 -0.058183752537178987

0.88274144528175358 -0.058183752537178987
0.88586067300359717 -0.057470506799629277

0.88586067300359717 -0.057470506799629277
0.88897990072544086 -0.056754458144737126

0.88897990072544086 -0.056754458144737126
0.89161696353165665 -0.05614609899318574

0.89161696353165665 -0.05614609899318574
0.89209912844728445 -0.05603024399637449

0.89209912844728445 -0.05603024399637449
0.89521835616912815 -0.055315516018648266

0.89521835616912815 -0.055315516018648266
0.89833758389097185 -0.054596915826394102

0.89833758389097185 -0.054596915826394102
0.90145681161281543 -0.053881849054116922

0.90145681161281543 -0.053881849054116922
0.90457603933465913 -0.053178656039014442

0.90457603933465913 -0.053178656039014442
0.90522817873197092 -0.053026871271342091

0.90522817873197092 -0.053026871271342091
0.90769526705650272 -0.0524716487568124

0.90769526705650272 -0.0524716487568124
0.91081449477834642 -0.051781457967957141

0.91081449477834642 -0.051781457967957141
0.91393372250019 -0.05109940674545476

0.91393372250019 -0.05109940674545476
0.9170529502220337 -0.05042820072017417

0.9170529502220337 -0.05042820072017417
0.91949484059330777 -0.049907643549498434

0.91949484059330777 -0.049907643549498434
0.9201721779438774 -0.049758815779091942

0.9201721779438774 -0.049758815779091942
0.92329140566572099 -0.049108211186431668

0.92329140566572099 -0.049108211186431668
0.92641063338756469 -0.048459235936513551

0.92641063338756469 -0.048459235936513551
0.92952986110940827 -0.047815424994858038

0.92952986110940827 -0.047815424994858038
0.93264908883125197 -0.047178887282130509

0.93264908883125197 -0.047178887282130509
0.93455044428054823 -0.046788415827654785

0.93455044428054823 -0.046788415827654785
0.93576831655309567 -0.046535500613983767

0.93576831655309567 -0.046535500613983767
0.93888754427493926 -0.04590839549589238

0.93888754427493926 -0.04590839549589238
0.94200677199678295 -0.045280855253748434

0.94200677199678295 -0.045280855253748434
0.94512599971862654 -0.044658602753066594

0.94512599971862654 -0.044658602753066594
0.94824522744047024 -0.044045855968222268

0.94824522744047024 -0.044045855968222268
0.95016607809605869 -0.043669188105811135

0.95016607809605869 -0.043669188105811135
0.95136445516231394 -0.043431581512929786

0.95136445516231394 -0.043431581512929786
0.95448368288415752 -0.042838374479631638

0.95448368288415752 -0.042838374479631638
0.95760291060600122 -0.04225172487065465

0.95760291060600122 -0.04225172487065465
0.96072213832784481 -0.041676694898485293

0.96072213832784481 -0.041676694898485293
0.96384136604968851 -0.041113311326888675

0.96384136604968851 -0.041113311326888675
0.9669605937715321 -0.040561496128621213

0.9669605937715321 -0.040561496128621213
0.96702416592620277 -0.040549960383967479

0.96702416592620277 -0.040549960383967479
0.97007982149337579 -0.040018809076510245

0.97007982149337579 -0.040018809076510245
0.97319904921521949 -0.039485510197296507

0.97319904921521949 -0.039485510197296507
0.97631827693706308 -0.03895970674833768

0.97631827693706308 -0.03895970674833768
0.97943750465890678 -0.038439866188481553

0.97943750465890678 -0.038439866188481553
0.98255673238075036 -0.037924279549704433

0.98255673238075036 -0.037924279549704433
0.98555654000561377 -0.037430732662123829

0.98555654000561377 -0.037430732662123829
0.98567596010259406 -0.037410310561679212

0.98567596010259406 -0.037410310561679212
0.98879518782443776 -0.036899289583225275

0.98879518782443776 -0.036899289583225275
0.99191441554628135 -0.036388195003105708

0.99191441554628135 -0.036388195003105708
0.99503364326812505 -0.035877150702360132

0.99503364326812505 -0.035877150702360132
0.99815287098996863 -0.035365818599519622

0.99815287098996863 -0.035365818599519622
1.0012720987118124 -0.034853972871032889

1.0012720987118124 -0.034853972871032889
1.0043913264336561 -0.034342505155107624

1.0043913264336561 -0.034342505155107624
1.0045727670368698 -0.034311504940280173

1.0045727670368698 -0.034311504940280173
1.0075105541554998 -0.033827805474847074

1.0075105541554998 -0.033827805474847074
1.0106297818773433 -0.033313393124638442

1.0106297818773433 -0.033313393124638442
1.013749009599187 -0.032797615485317247

1.013749009599187 -0.032797615485317247
1.0168682373210307 -0.032280032026453589

1.0168682373210307 -0.032280032026453589
1.0199874650428744 -0.031760057029100314

1.0199874650428744 -0.031760057029100314
1.0231066927647179 -0.031238537100605569

1.0231066927647179 -0.031238537100605569
1.0233706719919964 -0.03119227721843652

1.0233706719919964 -0.03119227721843652
1.0262259204865616 -0.030709400786519212

1.0262259204865616 -0.030709400786519212
1.0293451482084053 -0.030176998183825878

1.0293451482084053 -0.030176998183825878
1.032464375930249 -0.029638233577558577

1.032464375930249 -0.029638233577558577
1.0355836036520927 -0.029092230108123566

1.0355836036520927 -0.029092230108123566
1.0387028313739362 -0.028538839324591055

1.0387028313739362 -0.028538839324591055
1.0412817312321552 -0.028073049496592867

1.0412817312321552 -0.028073049496592867
1.0418220590957799 -0.027972452994513772

1.0418220590957799 -0.027972452994513772
1.0449412868176235 -0.027403767622116555

1.0449412868176235 -0.027403767622116555
1.0480605145394672 -0.026822476259176289

1.0480605145394672 -0.026822476259176289
1.0511797422613109 -0.026231582513417763

1.0511797422613109 -0.026231582513417763
1.0542989699831544 -0.025631112925178914

1.0542989699831544 -0.025631112925178914
1.0574181977049981 -0.025024142914142403

1.0574181977049981 -0.025024142914142403
1.0577585778588223 -0.024953821774749217

1.0577585778588223 -0.024953821774749217
1.0605374254268418 -0.024401781455275644

1.0605374254268418 -0.024401781455275644
1.0636566531486855 -0.023772902092834471

1.0636566531486855 -0.023772902092834471
1.0667758808705292 -0.02313354271683005

1.0667758808705292 -0.02313354271683005
1.0698951085923727 -0.022483726771898346

1.0698951085923727 -0.022483726771898346
1.0729600897139864 -0.021834594052905564

1.0729600897139864 -0.021834594052905564
1.0730143363142164 -0.021822480770052662

1.0730143363142164 -0.021822480770052662
1.0761335640360601 -0.021150634723645954

1.0761335640360601 -0.021150634723645954
1.0792527917579038 -0.020465333850140831

1.0792527917579038 -0.020465333850140831
1.0823720194797475 -0.019766641124542385

1.0823720194797475 -0.019766641124542385
1.085491247201591 -0.019059741533733375

1.085491247201591 -0.019059741533733375
1.0869454788278807 -0.018715366331061911

1.0869454788278807 -0.018715366331061911
1.0886104749234347 -0.018322419009953569

1.0886104749234347 -0.018322419009953569
1.0917297026452784 -0.01758619572759678

1.0917297026452784 -0.01758619572759678
1.0948489303671221 -0.016830779239461049

1.0948489303671221 -0.016830779239461049
1.0979681580889658 -0.016067733035110297

1.0979681580889658 -0.016067733035110297
1.0998396343712522 -0.015596138609218262

1.0998396343712522 -0.015596138609218262
1.1010873858108092 -0.015277570909718907

1.1010873858108092 -0.015277570909718907
1.1042066135326529 -0.014496267352315342

1.1042066135326529 -0.014496267352315342
1.1073258412544966 -0.013698557321842171

1.1073258412544966 -0.013698557321842171
1.1104450689763403 -0.012900770288503411

1.1104450689763403 -0.012900770288503411
1.112056269438279 -0.012476910887374609

1.112056269438279 -0.012476910887374609
1.1135642966981838 -0.012079273079672374

1.1135642966981838 -0.012079273079672374
1.1166835244200275 -0.011274150459370353

1.1166835244200275 -0.011274150459370353
1.1198027521418712 -0.010457793444521347

1.1198027521418712 -0.010457793444521347
1.1229219798637149 -0.0096455592769852331

1.1229219798637149 -0.0096455592769852331
1.1239800398687354 -0.0093576831655309573

1.1239800398687354 -0.0093576831655309573
1.1260412075855586 -0.0088088009097679332

1.1260412075855586 -0.0088088009097679332
1.1291604353074021 -0.0079837539308116132

1.1291604353074021 -0.0079837539308116132
1.1322796630292458 -0.0071483351836735664

1.1322796630292458 -0.0071483351836735664
1.1353988907510895 -0.0063103391750754878

1.1353988907510895 -0.0063103391750754878
1.1356474864551054 -0.0062384554436873043

1.1356474864551054 -0.0062384554436873043
1.1385181184729332 -0.0054556456029258996

1.1385181184729332 -0.0054556456029258996
1.1416373461947769 -0.004596514343158011

1.1416373461947769 -0.004596514343158011
1.1447565739166203 -0.0037319134618402075

1.1447565739166203 -0.0037319134618402075
1.1469227453255311 -0.0031192277218436521

1.1469227453255311 -0.0031192277218436521
1.147875801638464 -0.0028419482758578253

1.147875801638464 -0.0028419482758578253
1.1509950293603077 -0.0019670766798399607

1.1509950293603077 -0.0019670766798399607
1.1541142570821514 -0.0010768349440053522

1.1541142570821514 -0.0010768349440053522
1.1572334848039951 -0.00019170398811595076

1.1572334848039951 -0.00019170398811595076
1.1578711150673964 0

1.1578711150673964 0
1.1603527125258386 0.00071436810876594238

1.1603527125258386 0.00071436810876594238
1.1634719402476823 0.0016068430891666978

1.1634719402476823 0.0016068430891666978
1.166591167969526 0.0024942746756799168

1.166591167969526 0.0024942746756799168
1.1687783824344866 0.0031192277218436517

1.1687783824344866 0.0031192277218436517
1.1697103956913697 0.003393336065120474

1.1697103956913697 0.003393336065120474
1.1728296234132134 0.0042626991013497697

1.1728296234132134 0.0042626991013497697
1.1759488511350569 0.0051346383909527862

1.1759488511350569 0.0051346383909527862
1.1790680788569006 0.0059910488377453615

1.1790680788569006 0.0059910488377453615
1.1799337709817077 0.0062384554436873043

1.1799337709817077 0.0062384554436873043
1.1821873065787443 0.006862505615484211

1.1821873065787443 0.006862505615484211
1.185306534300588 0.0077140424606165102

1.185306534300588 0.0077140424606165102
1.1884257620224317 0.0085662725062098585

1.1884257620224317 0.0085662725062098585
1.1913242499118957 0.0093576831655309556

1.1913242499118957 0.0093576831655309556
1.1915449897442751 0.0094217048590759453

1.1915449897442751 0.0094217048590759453
1.1946642174661188 0.010269576704799213

1.1946642174661188 0.010269576704799213
1.1977834451879625 0.011122196666082504

1.1977834451879625 0.011122196666082504
1.2009026729098062 0.011970127828319958

1.2009026729098062 0.011970127828319958
1.2027304603357343 0.012476910887374609

1.2027304603357343 0.012476910887374609
1.2040219006316497 0.012839314397815351

1.2040219006316497 0.012839314397815351
1.2071411283534934 0.01368607625477204

1.2071411283534934 0.01368607625477204
1.2102603560753371 0.01454056575199264

1.2102603560753371 0.01454056575199264
1.2133795837971808 0.015384500365867285

1.2133795837971808 0.015384500365867285
1.2141264654283364 0.01559613860921826

1.2141264654283364 0.01559613860921826
1.2164988115190245 0.016244342639109833

1.2164988115190245 0.016244342639109833
1.219618039240868 0.017086835425221748

1.219618039240868 0.017086835425221748
1.2227372669627117 0.017927331915644155

1.2227372669627117 0.017927331915644155
1.2256748117785086 0.018715366331061915

1.2256748117785086 0.018715366331061915
1.2258564946845554 0.018767166442340805

1.2258564946845554 0.018767166442340805
1.2289757224063991 0.019597332970583411

1.2289757224063991 0.019597332970583411
1.2320949501282428 0.020428286432945492

1.2320949501282428 0.020428286432945492
1.2352141778500862 0.021254598207780639

1.2352141778500862 0.021254598207780639
1.2373804302804781 0.021834594052905568

1.2373804302804781 0.021834594052905568
1.2383334055719299 0.022096574236701073

1.2383334055719299 0.022096574236701073
1.2414526332937736 0.022919415451016018

1.2414526332937736 0.022919415451016018
1.2445718610156173 0.023752559211913653

1.2445718610156173 0.023752559211913653
1.247691088737461 0.024580127503215237

1.247691088737461 0.024580127503215237
1.2490522411738645 0.024953821774749217

1.2490522411738645 0.024953821774749217
1.2508103164593045 0.025432360425868068

1.2508103164593045 0.025432360425868068
1.2539295441811482 0.026266602505142834

1.2539295441811482 0.026266602505142834
1.2570487719029919 0.02710829821030853

1.2570487719029919 0.02710829821030853
1.2601679996248356 0.027943639848309467

1.2601679996248356 0.027943639848309467
1.2606243719374628 0.02807304949659287

1.2606243719374628 0.02807304949659287
1.2632872273466793 0.028792054690342496

1.2632872273466793 0.028792054690342496
1.2664064550685228 0.02963090487344584

1.2664064550685228 0.02963090487344584
1.2695256827903665 0.030468348980581181

1.2695256827903665 0.030468348980581181
1.2722194219447753 0.03119227721843652

1.2722194219447753 0.03119227721843652
1.2726449105122102 0.031312494112682158

1.2726449105122102 0.031312494112682158
1.2757641382340539 0.032143502729012667

1.2757641382340539 0.032143502729012667
1.2788833659558976 0.032981636137468379

1.2788833659558976 0.032981636137468379
1.2820025936777411 0.033816259463576491

1.2820025936777411 0.033816259463576491
1.2838095676665455 0.034311504940280173

1.2838095676665455 0.034311504940280173
1.2851218213995848 0.034675191868465349

1.2851218213995848 0.034675191868465349
1.2882410491214284 0.035518486711561666

1.2882410491214284 0.035518486711561666
1.2913602768432721 0.036379505542191638

1.2913602768432721 0.036379505542191638
1.2944795045651156 0.037243317468624519

1.2944795045651156 0.037243317468624519
1.295110853081969 0.037430732662123822

1.295110853081969 0.037430732662123822
1.2975987322869593 0.038138385373090479

1.2975987322869593 0.038138385373090479
1.300717960008803 0.039033939041513553

1.300717960008803 0.039033939041513553
1.3038371877306467 0.039938990828011209

1.3038371877306467 0.039938990828011209
1.3058877821002945 0.040549960383967479

1.3058877821002945 0.040549960383967479
1.3069564154524904 0.040876144470327468

1.3069564154524904 0.040876144470327468
1.3100756431743339 0.041796955704585047

1.3100756431743339 0.041796955704585047
1.3131948708961776 0.042735970343091137

1.3131948708961776 0.042735970343091137
1.3162790899632593 0.043669188105811128

1.3162790899632593 0.043669188105811128
1.3163140986180213 0.043680628477370156

1.3163140986180213 0.043680628477370156
1.319433326339865 0.044627116177921818

1.319433326339865 0.044627116177921818
1.3225525540617087 0.045577142081797903

1.3225525540617087 0.045577142081797903
1.3256717817835522 0.046517288211683112

1.3256717817835522 0.046517288211683112
1.3265245513494515 0.046788415827654778

1.3265245513494515 0.046788415827654778
1.3287910095053959 0.047483985474602829

1.3287910095053959 0.047483985474602829
1.3319102372272396 0.048433963377191233

1.3319102372272396 0.048433963377191233
1.3350294649490833 0.049383066014282592

1.3350294649490833 0.049383066014282592
1.3367009037935038 0.049907643549498434

1.3367009037935038 0.049907643549498434
1.338148692670927 0.050364715339554986

1.338148692670927 0.050364715339554986
1.3412679203927704 0.051324810200716497

1.3412679203927704 0.051324810200716497
1.3443871481146141 0.052299626520935893

1.3443871481146141 0.052299626520935893
1.3466712215821033 0.053026871271342084

1.3466712215821033 0.053026871271342084
1.3475063758364578 0.053303102428358812

1.3475063758364578 0.053303102428358812
1.3506256035583015 0.05428916390531021

1.3506256035583015 0.05428916390531021
1.3537448312801452 0.05529472518796192

1.3537448312801452 0.05529472518796192
1.3563574687805131 0.056146098993185733

1.3563574687805131 0.056146098993185733
1.3568640590019887 0.056320833901669531

1.3568640590019887 0.056320833901669531
1.3599832867238324 0.057330848556948241

1.3599832867238324 0.057330848556948241
1.3631025144456761 0.058353195176713592

1.3631025144456761 0.058353195176713592
1.3658823966243567 0.05926532671502939

1.3658823966243567 0.05926532671502939
1.3662217421675198 0.059384296512987364

1.3662217421675198 0.059384296512987364
1.3693409698893635 0.060396828168421041

1.3693409698893635 0.060396828168421041
1.372460197611207 0.061413383022569955

1.372460197611207 0.061413383022569955
1.3754582258094659 0.06238455443687304

1.3754582258094659 0.06238455443687304
1.3755794253330507 0.062426970723088566

1.3755794253330507 0.062426970723088566
1.3786986530548944 0.063428058366705037

1.3786986530548944 0.063428058366705037
1.3818178807767381 0.064427369187379277

1.3818178807767381 0.064427369187379277
1.3849371084985815 0.065416140674573131

1.3849371084985815 0.065416140674573131
1.385194234989289 0.065503782158716703

1.385194234989289 0.065503782158716703
1.3880563362204252 0.066414475610490062

1.3880563362204252 0.066414475610490062
1.3911755639422689 0.06740635406417593

1.3911755639422689 0.06740635406417593
1.3942947916641126 0.068390283997935883

1.3942947916641126 0.068390283997935883
1.3949862486979141 0.068623009880560346

1.3949862486979141 0.068623009880560346
1.3974140193859563 0.069403703846732223

1.3974140193859563 0.069403703846732223
1.4005332471077998 0.070404782513086295

1.4005332471077998 0.070404782513086295
1.4036524748296435 0.071401892913300916

1.4036524748296435 0.071401892913300916
1.4046598255985316 0.071742237602404002

1.4046598255985316 0.071742237602404002
1.4067717025514872 0.072435170382178768

1.4067717025514872 0.072435170382178768
1.4098909302733309 0.0734478474603045

1.4098909302733309 0.0734478474603045
1.4130101579951746 0.074455140965903041

1.4130101579951746 0.074455140965903041
1.4142165095440129 0.074861465324247659

1.4142165095440129 0.074861465324247659
1.4161293857170181 0.075493634818470698

1.4161293857170181 0.075493634818470698
1.4192486134388618 0.076500051842794306

1.4192486134388618 0.076500051842794306
1.4223678411607055 0.077495680750313836

1.4223678411607055 0.077495680750313836
1.4238531413784421 0.077980693046091315

1.4238531413784421 0.077980693046091315
1.4254870688825492 0.078511934426660226

1.4254870688825492 0.078511934426660226
1.4286062966043929 0.07948782503223939

1.4286062966043929 0.07948782503223939
1.4317255243262363 0.080456651259863302

1.4317255243262363 0.080456651259863302
1.4337912415897645 0.081099920767934958

1.4337912415897645 0.081099920767934958
1.43484475204808 0.081436322328026695

1.43484475204808 0.081436322328026695
1.4379639797699237 0.082377024102452276

1.4379639797699237 0.082377024102452276
1.4410832074917674 0.083319744774439597

1.4410832074917674 0.083319744774439597
1.4440824956883396 0.084219148489778614

1.4440824956883396 0.084219148489778614
1.4442024352136111 0.084257778164736424

1.4442024352136111 0.084257778164736424
1.4473216629354546 0.085185379596009719

1.4473216629354546 0.085185379596009719
1.4504408906572983 0.086112852022365072

1.4504408906572983 0.086112852022365072
1.453560118379142 0.087028206195057245

1.453560118379142 0.087028206195057245
1.4545704627372698 0.087338376211622271

1.4545704627372698 0.087338376211622271
1.4566793461009857 0.087968751133910242

1.4566793461009857 0.087968751133910242
1.4597985738228294 0.088889217487681568

1.4597985738228294 0.088889217487681568
1.4629178015446729 0.089810197234848024

1.4629178015446729 0.089810197234848024
1.4650864183277363 0.090457603933465913

1.4650864183277363 0.090457603933465913
1.4660370292665166 0.090749897076864275

1.4660370292665166 0.090749897076864275
1.4691562569883603 0.091661797030209907

1.4691562569883603 0.091661797030209907
1.472275484710204 0.092579656760397672

1.472275484710204 0.092579656760397672
1.4753947124320475 0.093485746332434089

1.4753947124320475 0.093485746332434089
1.4756900828481625 0.09357683165530957

1.4756900828481625 0.09357683165530957
1.4785139401538911 0.094396199451200355

1.4785139401538911 0.094396199451200355
1.4816331678757348 0.095292783594213823

1.4816331678757348 0.095292783594213823
1.4847523955975785 0.096175076578093072

1.4847523955975785 0.096175076578093072
1.4865761932860997 0.096696059377153226

1.4865761932860997 0.096696059377153226
1.4878716233194222 0.097070510567198565

1.4878716233194222 0.097070510567198565
1.4909908510412657 0.097933969653197173

1.4909908510412657 0.097933969653197173
1.4941100787631094 0.098800570493679976

1.4941100787631094 0.098800570493679976
1.4972293064849531 0.099656004533455356

1.4972293064849531 0.099656004533455356
1.4977792065856317 0.099815287098996869

1.4977792065856317 0.099815287098996869
1.5003485342067968 0.10052615953806147

1.5003485342067968 0.10052615953806147
1.5034677619286405 0.10138606576847622

1.5034677619286405 0.10138606576847622
1.506586989650484 0.10224742042892188

1.506586989650484 0.10224742042892188
1.5090538377391114 0.10293451482084053

1.5090538377391114 0.10293451482084053
1.5097062173723277 0.10312392021360825

1.5097062173723277 0.10312392021360825
1.5128254450941714 0.10398595741213751

1.5128254450941714 0.10398595741213751
1.5159446728160151 0.10486104401751351

1.5159446728160151 0.10486104401751351
1.5190639005378588 0.1057313419284248

1.5190639005378588 0.1057313419284248
1.520167933689123 0.10605374254268418

1.520167933689123 0.10605374254268418
1.5221831282597023 0.10663002997606236

1.5221831282597023 0.10663002997606236
1.525302355981546 0.10751228999950817

1.525302355981546 0.10751228999950817
1.5284215837033897 0.10839991180034655

1.5284215837033897 0.10839991180034655
1.5311357932542575 0.10917297026452782

1.5311357932542575 0.10917297026452782
1.5315408114252334 0.10929473516143952

1.5315408114252334 0.10929473516143952
1.534660039147077 0.11017346480181812

1.534660039147077 0.11017346480181812
1.5377792668689205 0.11105628582731905

1.5377792668689205 0.11105628582731905
1.5408984945907642 0.11192627279891593

1.5408984945907642 0.11192627279891593
1.5421725373303614 0.11229219798637148

1.5421725373303614 0.11229219798637148
1.5440177223126079 0.11281516746706129

1.5440177223126079 0.11281516746706129
1.5471369500344516 0.11367731353862166

1.5471369500344516 0.11367731353862166
1.5502561777562953 0.11454009731349632

1.5502561777562953 0.11454009731349632
1.5533754054781388 0.11539704119631815

1.5533754054781388 0.11539704119631815
1.5534243890661581 0.11541142570821514

1.5534243890661581 0.11541142570821514
1.5564946331999825 0.11625314444793612

1.5564946331999825 0.11625314444793612
1.5596138609218262 0.11710724904997236

1.5596138609218262 0.11710724904997236
1.5627330886436699 0.11795634228409431

1.5627330886436699 0.11795634228409431
1.5648169494036011 0.11853065343005878

1.5648169494036011 0.11853065343005878
1.5658523163655134 0.11882277109420056

1.5658523163655134 0.11882277109420056
1.5689715440873571 0.11966875016816164

1.5689715440873571 0.11966875016816164
1.5720907718092008 0.12052677323308343

1.5720907718092008 0.12052677323308343
1.5752099995310445 0.12137948197311153

1.5752099995310445 0.12137948197311153
1.5761519888548914 0.12164988115190244

1.5761519888548914 0.12164988115190244
1.5783292272528882 0.12225766461796989

1.5783292272528882 0.12225766461796989
1.5814484549747316 0.12312180119046656

1.5814484549747316 0.12312180119046656
1.5845676826965753 0.12399088953333816

1.5845676826965753 0.12399088953333816
1.5873569438219173 0.12476910887374609

1.5873569438219173 0.12476910887374609
1.587686910418419 0.12486652514204992

1.587686910418419 0.12486652514204992
1.5908061381402627 0.12572979673058393

1.5908061381402627 0.12572979673058393
1.5939253658621064 0.12659649914372378

1.5939253658621064 0.12659649914372378
1.5970445935839499 0.12745155128816518

1.5970445935839499 0.12745155128816518
1.5986083511398506 0.12788833659558974

1.5986083511398506 0.12788833659558974
1.6001638213057936 0.12832276551662322

1.6001638213057936 0.12832276551662322
1.6032830490276373 0.12916472347772015

1.6032830490276373 0.12916472347772015
1.606402276749481 0.13000679686302979

1.606402276749481 0.13000679686302979
1.6095215044713247 0.13083418519102982

1.6095215044713247 0.13083418519102982
1.6101473125525394 0.13100756431743341

1.6101473125525394 0.13100756431743341
1.6126407321931682 0.13167065266198036

1.6126407321931682 0.13167065266198036
1.6157599599150119 0.13248951102730802

1.6157599599150119 0.13248951102730802
1.6188791876368556 0.1333046728218405

1.6188791876368556 0.1333046728218405
1.6219984153586993 0.13411436678256677

1.6219984153586993 0.13411436678256677
1.6220434096797127 0.13412679203927705

1.6220434096797127 0.13412679203927705
1.625117643080543 0.13492233951629562

1.625117643080543 0.13492233951629562
1.6282368708023864 0.1357276842990188

1.6282368708023864 0.1357276842990188
1.6313560985242301 0.13653114482512618

1.6313560985242301 0.13653114482512618
1.634133453273992 0.13724601976112069

1.634133453273992 0.13724601976112069
1.6344753262460738 0.13733866324422353

1.6344753262460738 0.13733866324422353
1.6375945539679175 0.13813429050541612

1.6375945539679175 0.13813429050541612
1.640713781689761 0.13893164451463971

1.640713781689761 0.13893164451463971
1.6438330094116047 0.13972278262446805

1.6438330094116047 0.13972278262446805
1.6463788133008757 0.14036524748296436

1.6463788133008757 0.14036524748296436
1.6469522371334484 0.14051592023808693

1.6469522371334484 0.14051592023808693
1.6500714648552921 0.14128664719496742

1.6500714648552921 0.14128664719496742
1.6531906925771358 0.142053401879918

1.6531906925771358 0.142053401879918
1.6563099202989793 0.14280770011251923

1.6563099202989793 0.14280770011251923
1.6591561565840631 0.143484475204808

1.6591561565840631 0.143484475204808
1.659429148020823 0.14355269503457976

1.659429148020823 0.14355269503457976
1.6625483757426667 0.14427789647084865

1.6625483757426667 0.14427789647084865
1.6656676034645104 0.14499432973724363

1.6656676034645104 0.14499432973724363
1.6687868311863541 0.14569909182777907

1.6687868311863541 0.14569909182777907
1.6719060589081975 0.14638824005986684

1.6719060589081975 0.14638824005986684
1.672858492143753 0.14660370292665165

1.672858492143753 0.14660370292665165
1.6750252866300412 0.14708317599815182

1.6750252866300412 0.14708317599815182
1.6781445143518849 0.14776144438584957

1.6781445143518849 0.14776144438584957
1.6812637420737286 0.14843821001235588

1.6812637420737286 0.14843821001235588
1.6843829697955723 0.14911220998818167

1.6843829697955723 0.14911220998818167
1.6872144729476941 0.14972293064849532

1.6872144729476941 0.14972293064849532
1.6875021975174158 0.14978784001182741

1.6875021975174158 0.14978784001182741
1.6906214252392595 0.15045639293565446

1.6906214252392595 0.15045639293565446
1.6937406529611032 0.15112688038149663

1.6937406529611032 0.15112688038149663
1.6968598806829469 0.15179571614980858

1.6968598806829469 0.15179571614980858
1.6999791084047906 0.15245794411730348

1.6999791084047906 0.15245794411730348
1.7017730214244198 0.15284215837033896

1.7017730214244198 0.15284215837033896
1.7030983361266341 0.15312825295377255

1.7030983361266341 0.15312825295377255
1.7062175638484778 0.15377912636932944

1.7062175638484778 0.15377912636932944
1.7093367915703215 0.15442777272592981

1.7093367915703215 0.15442777272592981
1.7124560192921652 0.1550680449133221

1.7124560192921652 0.1550680449133221
1.7155752470140089 0.15569451043843835

1.7155752470140089 0.15569451043843835
1.7168936419434575 0.1559613860921826

1.7168936419434575 0.1559613860921826
1.7186944747358524 0.15632293462043897

1.7186944747358524 0.15632293462043897
1.721813702457696 0.15693043191931841

1.721813702457696 0.15693043191931841
1.7249329301795397 0.15753162621049716

1.7249329301795397 0.15753162621049716
1.7280521579013834 0.15812436127343948

1.7280521579013834 0.15812436127343948
1.7311713856232269 0.15870765016059854

1.7311713856232269 0.15870765016059854
1.7331663467302219 0.15908061381402627

1.7331663467302219 0.15908061381402627
1.7342906133450706 0.15929353202232741

1.7342906133450706 0.15929353202232741
1.7374098410669143 0.15986525189680714

1.7374098410669143 0.15986525189680714
1.740529068788758 0.16043899071958131

1.740529068788758 0.16043899071958131
1.7436482965106017 0.16101208578795029

1.7436482965106017 0.16101208578795029
1.7467675242324452 0.16158549516183979

1.7467675242324452 0.16158549516183979
1.7498867519542889 0.1621581176528758

1.7498867519542889 0.1621581176528758
1.7501038550256365 0.16219984153586992

1.7501038550256365 0.16219984153586992
1.7530059796761326 0.16273546620032334

1.7530059796761326 0.16273546620032334
1.7561252073979763 0.16331220846536537

1.7561252073979763 0.16331220846536537
1.75924443511982 0.16388967405640056

1.75924443511982 0.16388967405640056
1.7623636628416635 0.1644667323613612

1.7623636628416635 0.1644667323613612
1.7654828905635072 0.16503847221246912

1.7654828905635072 0.16503847221246912
1.7669953028046976 0.16531906925771356

1.7669953028046976 0.16531906925771356
1.7686021182853509 0.16561671240101569

1.7686021182853509 0.16561671240101569
1.7717213460071946 0.16618061849564908

1.7717213460071946 0.16618061849564908
1.7748405737290383 0.16674229761827952

1.7748405737290383 0.16674229761827952
1.7779598014508817 0.16729757572929477

1.7779598014508817 0.16729757572929477
1.7810790291727254 0.16784561325196817

1.7810790291727254 0.16784561325196817
1.7841982568945691 0.16838384525969999

1.7841982568945691 0.16838384525969999
1.7845061105643094 0.16843829697955723

1.7845061105643094 0.16843829697955723
1.7873174846164128 0.16891837921896999

1.7873174846164128 0.16891837921896999
1.7904367123382565 0.16944374020262221

1.7904367123382565 0.16944374020262221
1.7935559400601 0.16996300779322815

1.7935559400601 0.16996300779322815
1.7966751677819437 0.1704767792967222

1.7966751677819437 0.1704767792967222
1.7997943955037874 0.17098557590564714

1.7997943955037874 0.17098557590564714
1.8029136232256311 0.17148787422412692

1.8029136232256311 0.17148787422412692
1.8033343380982705 0.17155752470140087

1.8033343380982705 0.17155752470140087
1.8060328509474748 0.17199110949548296

1.8060328509474748 0.17199110949548296
1.8091520786693183 0.17248880279423967

1.8091520786693183 0.17248880279423967
1.812271306391162 0.17298408277839217

1.812271306391162 0.17298408277839217
1.8153905341130057 0.17347636146508053

1.8153905341130057 0.17347636146508053
1.8185097618348494 0.17396545163802152

1.8185097618348494 0.17396545163802152
1.8216289895566928 0.17444822227928425

1.8216289895566928 0.17444822227928425
1.8230973928157359 0.17467675242324451

1.8230973928157359 0.17467675242324451
1.8247482172785365 0.17493303051130318

1.8247482172785365 0.17493303051130318
1.8278674450003802 0.1754050153893506

1.8278674450003802 0.1754050153893506
1.8309866727222239 0.17587223249048953

1.8309866727222239 0.17587223249048953
1.8341059004440676 0.1763313155831068

1.8341059004440676 0.1763313155831068
1.8372251281659111 0.17678089654808815

1.8372251281659111 0.17678089654808815
1.8403443558877548 0.1772198282318726

1.8403443558877548 0.1772198282318726
1.8434635836095985 0.17764536946670426

1.8434635836095985 0.17764536946670426
1.8445762954751086 0.17779598014508818

1.8445762954751086 0.17779598014508818
1.8465828113314422 0.17806483963091274

1.8465828113314422 0.17806483963091274
1.8497020390532859 0.17846923624768343

1.8497020390532859 0.17846923624768343
1.8528212667751294 0.17886509041456891

1.8528212667751294 0.17886509041456891
1.8559404944969731 0.17925256177203572

1.8559404944969731 0.17925256177203572
1.8590597222188168 0.17963343000694609

1.8590597222188168 0.17963343000694609
1.8621789499406605 0.18000933161035057

1.8621789499406605 0.18000933161035057
1.8652981776625042 0.18038162555306519

1.8652981776625042 0.18038162555306519
1.8684174053843476 0.18075033197683846

1.8684174053843476 0.18075033197683846
1.8698000480067938 0.18091520786693183

1.8698000480067938 0.18091520786693183
1.8715366331061913 0.18112157581360194

1.8715366331061913 0.18112157581360194
1.874655860828035 0.18148719823774337

1.874655860828035 0.18148719823774337
1.8777750885498787 0.18185208430371963

1.8777750885498787 0.18185208430371963
1.8808943162717224 0.18221411771331705

1.8808943162717224 0.18221411771331705
1.8840135439935659 0.18257191886348864

1.8840135439935659 0.18257191886348864
1.8871327717154096 0.18292381574877015

1.8871327717154096 0.18292381574877015
1.8902519994372533 0.18326789474505292

1.8902519994372533 0.18326789474505292
1.893371227159097 0.18360224272890877

1.893371227159097 0.18360224272890877
1.8964904548809407 0.1839240587049526

1.8964904548809407 0.1839240587049526
1.8975873971656676 0.18403443558877547

1.8975873971656676 0.18403443558877547
1.8996096826027842 0.18423630947471265

1.8996096826027842 0.18423630947471265
1.9027289103246279 0.18453305435812378

1.9027289103246279 0.18453305435812378
1.9058481380464716 0.18481712216627597

1.9058481380464716 0.18481712216627597
1.9089673657683153 0.18508816945153078

1.9089673657683153 0.18508816945153078
1.9120865934901587 0.18534692592030327

1.9120865934901587 0.18534692592030327
1.9152058212120024 0.18559453026928091

1.9152058212120024 0.18559453026928091
1.9183250489338461 0.18583238053815554

1.9183250489338461 0.18583238053815554
1.9214442766556898 0.18606197595755269

1.9214442766556898 0.18606197595755269
1.9245635043775335 0.1862848094492208

1.9245635043775335 0.1862848094492208
1.927682732099377 0.18650225254289571

1.927682732099377 0.18650225254289571
1.9308019598212207 0.18671559034503954

1.9308019598212207 0.18671559034503954
1.9339211875430644 0.18692576439143352

1.9339211875430644 0.18692576439143352
1.9370404152649081 0.18713273639166553

1.9370404152649081 0.18713273639166553
1.9373557110229367 0.18715366331061914

1.9373557110229367 0.18715366331061914
1.9401596429867518 0.18733731340623389

1.9401596429867518 0.18733731340623389
1.9432788707085953 0.18753841839069599

1.9432788707085953 0.18753841839069599
1.946398098430439 0.18773609284067583

1.946398098430439 0.18773609284067583
1.9495173261522827 0.1879298681680846

1.9495173261522827 0.1879298681680846
1.9526365538741264 0.18811907280562679

1.9526365538741264 0.18811907280562679
1.9557557815959701 0.18830281706964713

1.9557557815959701 0.18830281706964713
1.9588750093178136 0.18847997328230159

1.9588750093178136 0.18847997328230159
1.9619942370396573 0.18864937329357451

1.9619942370396573 0.18864937329357451
1.9651134647615009 0.18880990197553282

1.9651134647615009 0.18880990197553282
1.9682326924833446 0.18896076740404558

1.9682326924833446 0.18896076740404558
1.9713519202051883 0.18910169671569288

1.9713519202051883 0.18910169671569288
1.9744711479270318 0.18923276528417446

1.9744711479270318 0.18923276528417446
1.9775903756488755 0.18935432271849295

1.9775903756488755 0.18935432271849295
1.9807096033707192 0.1894668999871652

1.9807096033707192 0.1894668999871652
1.9838288310925629 0.18957122475627342

1.9838288310925629 0.18957122475627342
1.9869480588144066 0.18966828981136419

1.9869480588144066 0.18966828981136419
1.9900672865362501 0.18975937144301505

1.9900672865362501 0.18975937144301505
1.9931865142580938 0.18984591604383827

1.9931865142580938 0.18984591604383827
1.9963057419799375 0.18992927970693063

1.9963057419799375 0.18992927970693063
1.9994249697017812 0.19001044271992226

1.9994249697017812 0.19001044271992226
2.0025441974236244 0.19008977774373725

2.0025441974236244 0.19008977774373725
2.0056634251454684 0.19016688982344776

2.0056634251454684 0.19016688982344776
2.0087826528673118 0.19024054787382771

2.0087826528673118 0.19024054787382771
2.0102443509239465 0.19027289103246278

2.0102443509239465 0.19027289103246278
2.0119018805891553 0.19030954664759392

2.0119018805891553 0.19030954664759392
2.0150211083109992 0.19037246849926232

2.0150211083109992 0.19037246849926232
2.0181403360328427 0.19042827532379422

2.0181403360328427 0.19042827532379422
2.0212595637546866 0.19047550776872696

2.0212595637546866 0.19047550776872696
2.0243787914765301 0.19051284863210305

2.0243787914765301 0.19051284863210305
2.0274980191983736 0.19053927573253618

2.0274980191983736 0.19053927573253618
2.0274980191983736 0.19053927573253618

2.0274980191983736 0.19053927573253618
2.0306172469202175 0.19055419493161166

2.0306172469202175 0.19055419493161166
2.033736474642061 0.19055746750767427

2.033736474642061 0.19055746750767427
2.0368557023639049 0.19054931878430151

2.0368557023639049 0.19054931878430151
2.0399749300857484 0.19053022725684859

2.0399749300857484 0.19053022725684859
2.0430941578075918 0.19050087746605482

2.0430941578075918 0.19050087746605482
2.0462133855294358 0.19046214981129342

2.0462133855294358 0.19046214981129342
2.0493326132512792 0.19041506186104581

2.0493326132512792 0.19041506186104581
2.0524518409731232 0.19036064276818027

2.0524518409731232 0.19036064276818027
2.0555710686949666 0.19029985053750442

2.0555710686949666 0.19029985053750442
2.0568318672229675 0.19027289103246278

2.0568318672229675 0.19027289103246278
2.0586902964168101 0.19023318442042547

2.0586902964168101 0.19023318442042547
2.061809524138654 0.19016114291209185

2.061809524138654 0.19016114291209185
2.0649287518604975 0.19008327352073362

2.0649287518604975 0.19008327352073362
2.0680479795823414 0.18999930645697083

2.0680479795823414 0.18999930645697083
2.0711672073041849 0.18990899204629078

2.0711672073041849 0.18990899204629078
2.0742864350260284 0.18981174403088227

2.0742864350260284 0.18981174403088227
2.0774056627478723 0.18970671369235237

2.0774056627478723 0.18970671369235237
2.0805248904697158 0.189592981903382

2.0805248904697158 0.189592981903382
2.0836441181915597 0.1894696485997337

2.0836441181915597 0.1894696485997337
2.0867633459134032 0.18933600526470906

2.0867633459134032 0.18933600526470906
2.0898825736352467 0.18919160923035688

2.0898825736352467 0.18919160923035688
2.0930018013570906 0.18903611879608673

2.0930018013570906 0.18903611879608673
2.0961210290789341 0.18886912299715736

2.0961210290789341 0.18886912299715736
2.099240256800778 0.1886901435611226

2.099240256800778 0.1886901435611226
2.1023594845226214 0.18849871057276832

2.1023594845226214 0.18849871057276832
2.1054787122444649 0.18829458944123034

2.1054787122444649 0.18829458944123034
2.1085979399663088 0.18807803297879028

2.1085979399663088 0.18807803297879028
2.1117171676881523 0.18784983123621996

2.1117171676881523 0.18784983123621996
2.1148363954099962 0.18761111234330063

2.1148363954099962 0.18761111234330063
2.1179556231318397 0.18736316131304262

2.1179556231318397 0.18736316131304262
2.1205005815347491 0.18715366331061914

2.1205005815347491 0.18715366331061914
2.1210748508536832 0.18710575146070857

2.1210748508536832 0.18710575146070857
2.1241940785755271 0.18684188549274039

2.1241940785755271 0.18684188549274039
2.1273133062973706 0.18656979348456476

2.1273133062973706 0.18656979348456476
2.1304325340192141 0.18629043012165028

2.1304325340192141 0.18629043012165028
2.133551761741058 0.18600401703477853

2.133551761741058 0.18600401703477853
2.1366709894629015 0.18571066807775641

2.1366709894629015 0.18571066807775641
2.1397902171847454 0.18541019120079053

2.1397902171847454 0.18541019120079053
2.1429094449065889 0.18510206337609594

2.1429094449065889 0.18510206337609594
2.1460286726284323 0.18478520030098286

2.1460286726284323 0.18478520030098286
2.1491479003502763 0.18445799063476465

2.1491479003502763 0.18445799063476465
2.1522671280721197 0.18412060930256871

2.1522671280721197 0.18412060930256871
2.153020571439614 0.18403443558877547

2.153020571439614 0.18403443558877547
2.1553863557939636 0.18376765783542803

2.1553863557939636 0.18376765783542803
2.1585055835158071 0.18340410999842569

2.1585055835158071 0.18340410999842569
2.1616248112376506 0.18302677480857069

2.1616248112376506 0.18302677480857069
2.1647440389594945 0.18263594549482179

2.1647440389594945 0.18263594549482179
2.167863266681338 0.18223167897934772

2.167863266681338 0.18223167897934772
2.1709824944031819 0.18181444146062176

2.1709824944031819 0.18181444146062176
2.1741017221250254 0.18138524617907023

2.1741017221250254 0.18138524617907023
2.1772209498468689 0.18094628452498177

2.1772209498468689 0.18094628452498177
2.1774295310787073 0.18091520786693183

2.1774295310787073 0.18091520786693183
2.1803401775687128 0.18049492594947264

2.1803401775687128 0.18049492594947264
2.1834594052905563 0.18003423165207949

2.1834594052905563 0.18003423165207949
2.1865786330124002 0.17956346206839716

2.1865786330124002 0.17956346206839716
2.1896978607342437 0.1790834794138276

2.1896978607342437 0.1790834794138276
2.1928170884560871 0.17859469087344612

2.1928170884560871 0.17859469087344612
2.1959363161779311 0.17809900709436832

2.1959363161779311 0.17809900709436832
2.1977855836000786 0.17779598014508818

2.1977855836000786 0.17779598014508818
2.1990555438997745 0.17758619515113386

2.1990555438997745 0.17758619515113386
2.2021747716216185 0.1770708201970341

2.2021747716216185 0.1770708201970341
2.2052939993434619 0.17654019625040768

2.2052939993434619 0.17654019625040768
2.2084132270653054 0.17599692149055629

2.2084132270653054 0.17599692149055629
2.2115324547871493 0.17544139195308373

2.2115324547871493 0.17544139195308373
2.2146516825089928 0.17487824418565637

2.2146516825089928 0.17487824418565637
2.2157169876416409 0.17467675242324451

2.2157169876416409 0.17467675242324451
2.2177709102308367 0.17429383914485044

2.2177709102308367 0.17429383914485044
2.2208901379526802 0.17370578795961442

2.2208901379526802 0.17370578795961442
2.2240093656745237 0.1731018528234676

2.2240093656745237 0.1731018528234676
2.2271285933963676 0.17248399662920569

2.2271285933963676 0.17248399662920569
2.2302478211182111 0.17185769440538981

2.2302478211182111 0.17185769440538981
2.2316819130922858 0.17155752470140087

2.2316819130922858 0.17155752470140087
2.233367048840055 0.17120611176880413

2.233367048840055 0.17120611176880413
2.2364862765618985 0.17055397148064652

2.2364862765618985 0.17055397148064652
2.2396055042837419 0.16988375064377326

2.2396055042837419 0.16988375064377326
2.2427247320055859 0.16919800050853795

2.2427247320055859 0.16919800050853795
2.2458439597274293 0.16849844347819207

2.2458439597274293 0.16849844347819207
2.2460922029519925 0.16843829697955723

2.2460922029519925 0.16843829697955723
2.2489631874492733 0.16777596323529323

2.2489631874492733 0.16777596323529323
2.2520824151711167 0.16704005666316321

2.2520824151711167 0.16704005666316321
2.2552016428929602 0.16628689239439912

2.2552016428929602 0.16628689239439912
2.2583208706148041 0.16552482275846539

2.2583208706148041 0.16552482275846539
2.2591125078329477 0.16531906925771356

2.2591125078329477 0.16531906925771356
2.2614400983366476 0.1647325824698086

2.2614400983366476 0.1647325824698086
2.2645593260584915 0.16393889740033779

2.2645593260584915 0.16393889740033779
2.267678553780335 0.16312880863190993

2.267678553780335 0.16312880863190993
2.2707977815021785 0.16230987170673461

2.2707977815021785 0.16230987170673461
2.2711869326288379 0.16219984153586992

2.2711869326288379 0.16219984153586992
2.2739170092240224 0.16146654502240629

2.2739170092240224 0.16146654502240629
2.2770362369458659 0.16062010972014354

2.2770362369458659 0.16062010972014354
2.2801554646677098 0.15976444094924949

2.2801554646677098 0.15976444094924949
2.2826044181717102 0.15908061381402627

2.2826044181717102 0.15908061381402627
2.2832746923895533 0.15888560194096313

2.2832746923895533 0.15888560194096313
2.2863939201113967 0.15801401030171125

2.2863939201113967 0.15801401030171125
2.2895131478332407 0.15711940329565149

2.2895131478332407 0.15711940329565149
2.2926323755550841 0.15621669429724561

2.2926323755550841 0.15621669429724561
2.2934534508930926 0.1559613860921826

2.2934534508930926 0.1559613860921826
2.2957516032769281 0.15527170306659238

2.2957516032769281 0.15527170306659238
2.2988708309987715 0.1543245924067069

2.2988708309987715 0.1543245924067069
2.301990058720615 0.15336259095939919

2.301990058720615 0.15336259095939919
2.3035982889366768 0.15284215837033896

2.3035982889366768 0.15284215837033896
2.3051092864424589 0.15235154335769502

2.3051092864424589 0.15235154335769502
2.3082285141643024 0.15134872409118053

2.3082285141643024 0.15134872409118053
2.3113477418861459 0.15032172418118986

2.3113477418861459 0.15032172418118986
2.3130842255397761 0.14972293064849532

2.3130842255397761 0.14972293064849532
2.3144669696079898 0.14924099974024993

2.3144669696079898 0.14924099974024993
2.3175861973298333 0.14817407764834759

2.3175861973298333 0.14817407764834759
2.3207054250516772 0.14708962654670957

2.3207054250516772 0.14708962654670957
2.3220251769046554 0.14660370292665165

2.3220251769046554 0.14660370292665165
2.3238246527735207 0.14594994778908613

2.3238246527735207 0.14594994778908613
2.3269438804953642 0.14482594233727847

2.3269438804953642 0.14482594233727847
2.3300631082172081 0.14368305660633127

2.3300631082172081 0.14368305660633127
2.3305571758395258 0.143484475204808

2.3305571758395258 0.143484475204808
2.3331823359390516 0.14249675147982555

2.3331823359390516 0.14249675147982555
2.3363015636608955 0.1413191369618807

2.3363015636608955 0.1413191369618807
2.3387693685658348 0.14036524748296436

2.3387693685658348 0.14036524748296436
2.339420791382739 0.14009824735947765

2.339420791382739 0.14009824735947765
2.3425400191045824 0.13889592755945862

2.3425400191045824 0.13889592755945862
2.3456592468264263 0.13767765596513276

2.3456592468264263 0.13767765596513276
2.3466852022113849 0.13724601976112069

2.3466852022113849 0.13724601976112069
2.3487784745482698 0.13639550288036786

2.3487784745482698 0.13639550288036786
2.3518977022701137 0.13513907328786534

2.3518977022701137 0.13513907328786534
2.3543284622932177 0.13412679203927705

2.3543284622932177 0.13412679203927705
2.3550169299919572 0.1338220962471868

2.3550169299919572 0.1338220962471868
2.3581361577138007 0.13252782792719253

2.3581361577138007 0.13252782792719253
2.3612553854356446 0.13120768188686172

2.3612553854356446 0.13120768188686172
2.3616772215768531 0.13100756431743341

2.3616772215768531 0.13100756431743341
2.3643746131574881 0.12982872523411543

2.3643746131574881 0.12982872523411543
2.367493840879332 0.12846832321191373

2.367493840879332 0.12846832321191373
2.3687204344907458 0.12788833659558974

2.3687204344907458 0.12788833659558974
2.3706130686011755 0.12701450054108446

2.3706130686011755 0.12701450054108446
2.373732296323019 0.12560731255415364

2.373732296323019 0.12560731255415364
2.3754728732271366 0.12476910887374609

2.3754728732271366 0.12476910887374609
2.3768515240448629 0.12409505488416503

2.3768515240448629 0.12409505488416503
2.3799707517667064 0.12263902325349817

2.3799707517667064 0.12263902325349817
2.3819639599578952 0.12164988115190244

2.3819639599578952 0.12164988115190244
2.3830899794885503 0.12107048657020188

2.3830899794885503 0.12107048657020188
2.3862092072103938 0.11956500425131221

2.3862092072103938 0.11956500425131221
2.3882246134146623 0.11853065343005878

2.3882246134146623 0.11853065343005878
2.3893284349322372 0.11794146720693106

2.3893284349322372 0.11794146720693106
2.3924476626540812 0.11639395824001232

2.3924476626540812 0.11639395824001232
2.3942949996891412 0.11541142570821514

2.3942949996891412 0.11541142570821514
2.3955668903759246 0.11471718525599964

2.3955668903759246 0.11471718525599964
2.3986861180977685 0.1131298929271921

2.3986861180977685 0.1131298929271921
2.4001931246250612 0.11229219798637148

2.4001931246250612 0.11229219798637148
2.401805345819612 0.11139934524412311

2.401805345819612 0.11139934524412311
2.4049245735414555 0.1097656833910038

2.4049245735414555 0.1097656833910038
2.4059301621085045 0.10917297026452782

2.4059301621085045 0.10917297026452782
2.4080438012632994 0.1079882892675799

2.4080438012632994 0.1079882892675799
2.4111630289851429 0.10628088411821786

2.4111630289851429 0.10628088411821786
2.4115183346205722 0.10605374254268418

2.4115183346205722 0.10605374254268418
2.4142822567069868 0.10447527054940307

2.4142822567069868 0.10447527054940307
2.4169243032180598 0.10293451482084053

2.4169243032180598 0.10293451482084053
2.4174014844288303 0.10262487364646188

2.4174014844288303 0.10262487364646188
2.4205207121506738 0.10084219474978132

2.4205207121506738 0.10084219474978132
2.422168383531949 0.099815287098996869

2.422168383531949 0.099815287098996869
2.4236399398725177 0.098888781710154194

2.4236399398725177 0.098888781710154194
2.4267591675943612 0.097048256985885428

2.4267591675943612 0.097048256985885428
2.4272670395895983 0.096696059377153226

2.4272670395895983 0.096696059377153226
2.4298783953162051 0.095059292059184466

2.4298783953162051 0.095059292059184466
2.4321726482981183 0.09357683165530957

2.4321726482981183 0.09357683165530957
2.4329976230380486 0.093000726943800127

2.4329976230380486 0.093000726943800127
2.436116850759892 0.091063908683144373

2.436116850759892 0.091063908683144373
2.4369606222199933 0.090457603933465913

2.4369606222199933 0.090457603933465913
2.439236078481736 0.088934492449275884

2.439236078481736 0.088934492449275884
2.4415841962025406 0.087338376211622271

2.4415841962025406 0.087338376211622271
2.4423553062035794 0.086769248139772881

2.4423553062035794 0.086769248139772881
2.4454745339254234 0.084713194074211545

2.4454745339254234 0.084713194074211545
2.4461195814081296 0.084219148489778614

2.4461195814081296 0.084219148489778614
2.4485937616472668 0.082478235005815637

2.4485937616472668 0.082478235005815637
2.4504766366924802 0.081099920767934958

2.4504766366924802 0.081099920767934958
2.4517129893691103 0.080163333853769114

2.4517129893691103 0.080163333853769114
2.4547978573415588 0.077980693046091315

2.4547978573415588 0.077980693046091315
2.4548322170909542 0.077953021909208914

2.4548322170909542 0.077953021909208914
2.4579514448127977 0.07571085649616012

2.4579514448127977 0.07571085649616012
2.4590152211927192 0.074861465324247659

2.4590152211927192 0.074861465324247659
2.4610706725346416 0.073287947075233201

2.4610706725346416 0.073287947075233201
2.4630570268071228 0.071742237602404002

2.4630570268071228 0.071742237602404002
2.4641899002564851 0.070824799285337497

2.4641899002564851 0.070824799285337497
2.467088588729422 0.068623009880560346

2.467088588729422 0.068623009880560346
2.4673091279783286 0.068437123285756227

2.4673091279783286 0.068437123285756227
2.4704283557001725 0.066063798932995438

2.4704283557001725 0.066063798932995438
2.471084357249195 0.065503782158716703

2.471084357249195 0.065503782158716703
2.473547583422016 0.063523561033665521

2.473547583422016 0.063523561033665521
2.4748812744450275 0.06238455443687304

2.4748812744450275 0.06238455443687304
2.4766668111438599 0.06087477355296371

2.4766668111438599 0.06087477355296371
2.4785495435057876 0.05926532671502939

2.4785495435057876 0.05926532671502939
2.4797860388657034 0.058181044292124506

2.4797860388657034 0.058181044292124506
2.4821577827896379 0.056146098993185733

2.4821577827896379 0.056146098993185733
2.4829052665875468 0.055471998857380946

2.4829052665875468 0.055471998857380946
2.4857361132655318 0.053026871271342084

2.4857361132655318 0.053026871271342084
2.4860244943093908 0.052761155407728098

2.4860244943093908 0.052761155407728098
2.4891437220312342 0.050036188871744713

2.4891437220312342 0.050036188871744713
2.4892809658314823 0.049907643549498434

2.4892809658314823 0.049907643549498434
2.4922629497530777 0.047229274746499281

2.4922629497530777 0.047229274746499281
2.4927281533998937 0.046788415827654778

2.4927281533998937 0.046788415827654778
2.4953821774749216 0.044333689627279016

2.4953821774749216 0.044333689627279016
2.4960749583530082 0.043669188105811128

2.4960749583530082 0.043669188105811128
2.4985014051967651 0.041368134943733363

2.4985014051967651 0.041368134943733363
2.4993436435585554 0.040549960383967479

2.4993436435585554 0.040549960383967479
2.501620632918609 0.038344229347698794

2.501620632918609 0.038344229347698794
2.5025486010020632 0.037430732662123822

2.5025486010020632 0.037430732662123822
2.5047398606404525 0.035265403194322663

2.5047398606404525 0.035265403194322663
2.5056953321294992 0.034311504940280173

2.5056953321294992 0.034311504940280173
2.507859088362296 0.032131224037919404

2.507859088362296 0.032131224037919404
2.5087862692257588 0.03119227721843652

2.5087862692257588 0.03119227721843652
2.5109783160841399 0.028938587846520619

2.5109783160841399 0.028938587846520619
2.5118213329450261 0.02807304949659287

2.5118213329450261 0.02807304949659287
2.5140975438059834 0.025684839108196359

2.5140975438059834 0.025684839108196359
2.5148010758074419 0.024953821774749217

2.5148010758074419 0.024953821774749217
2.5172167715278273 0.022363905511700866

2.5172167715278273 0.022363905511700866
2.5177207872508873 0.021834594052905568

2.5177207872508873 0.021834594052905568
2.5203359992496708 0.018962595084109378

2.5203359992496708 0.018962595084109378
2.5205692596338003 0.018715366331061915

2.5205692596338003 0.018715366331061915
2.5233412015082592 0.01559613860921826

2.5233412015082592 0.01559613860921826
2.5234552269715143 0.015474050079991029

2.5234552269715143 0.015474050079991029
2.5260930380830562 0.012476910887374609

2.5260930380830562 0.012476910887374609
2.5265744546933582 0.011955034633215837

2.5265744546933582 0.011955034633215837
2.5288568613922533 0.0093576831655309556

2.5288568613922533 0.0093576831655309556
2.5296936824152016 0.0084379219864086624

2.5296936824152016 0.0084379219864086624
2.5316275312724348 0.0062384554436873043

2.5316275312724348 0.0062384554436873043
2.5328129101370456 0.004911703132731279

2.5328129101370456 0.004911703132731279
2.5343894040340866 0.0031192277218436517

2.5343894040340866 0.0031192277218436517
2.535932137858889 0.0013530363734662327

2.535932137858889 0.0013530363734662327
2.5371237123045818 0

2.5371237123045818 0
2.5390513655807325 -0.0022735153772835285

2.5390513655807325 -0.0022735153772835285
2.5390513655807325 -0.0022735153772835285

2.5390513655807325 -0.0022735153772835285
2.5397968904656421 -0.0031192277218436521

2.5397968904656421 -0.0031192277218436521
2.5421705933025764 -0.0060225157650880597

2.5421705933025764 -0.0060225157650880597
2.5423611485262918 -0.0062384554436873043

2.5423611485262918 -0.0062384554436873043
2.5448429244726327 -0.0093576831655309573

2.5448429244726327 -0.0093576831655309573
2.5452898210244199 -0.0098729629984610819

2.5452898210244199 -0.0098729629984610819
2.5452898210244199 -0.0098729629984610819

2.5452898210244199 -0.0098729629984610819
2.5473884752389675 -0.012476910887374609

2.5473884752389675 -0.012476910887374609
2.5484090487462638 -0.013683629394452375

2.5484090487462638 -0.013683629394452375
2.5499824855665469 -0.015596138609218262

2.5499824855665469 -0.015596138609218262
2.5515282764681073 -0.017486136453881002

2.5515282764681073 -0.017486136453881002
2.5525563513728513 -0.018715366331061911

2.5525563513728513 -0.018715366331061911
2.5546475041899508 -0.021385866263562196

2.5546475041899508 -0.021385866263562196
2.555028072081404 -0.021834594052905564

2.555028072081404 -0.021834594052905564
2.5573891819525181 -0.024953821774749217

2.5573891819525181 -0.024953821774749217
2.5577667319117947 -0.02540098030054393

2.5577667319117947 -0.02540098030054393
2.5598427833494877 -0.028073049496592867

2.5598427833494877 -0.028073049496592867
2.5608859596336382 -0.029337220004246052

2.5608859596336382 -0.029337220004246052
2.5623809011003944 -0.03119227721843652

2.5623809011003944 -0.03119227721843652
2.5640051873554821 -0.033227175851550404

2.5640051873554821 -0.033227175851550404
2.5649031415510102 -0.034311504940280173

2.5649031415510102 -0.034311504940280173
2.5671244150773256 -0.037193739468764822

2.5671244150773256 -0.037193739468764822
2.5673255572720195 -0.037430732662123829

2.5673255572720195 -0.037430732662123829
2.5696961619942469 -0.040549960383967479

2.5696961619942469 -0.040549960383967479
2.5702436427991691 -0.04119750013485643

2.5702436427991691 -0.04119750013485643
2.5722015243267844 -0.043669188105811135

2.5722015243267844 -0.043669188105811135
2.573362870521013 -0.045056585103833723

2.573362870521013 -0.045056585103833723
2.5747977602166938 -0.046788415827654785

2.5747977602166938 -0.046788415827654785
2.5764820982428565 -0.048825754046990612

2.5764820982428565 -0.048825754046990612
2.577409281308868 -0.049907643549498434

2.577409281308868 -0.049907643549498434
2.5796013259647004 -0.052582617761297128

2.5796013259647004 -0.052582617761297128
2.5799937024869797 -0.053026871271342091

2.5799937024869797 -0.053026871271342091
2.5825567883193155 -0.05614609899318574

2.5825567883193155 -0.05614609899318574
2.5827205536865439 -0.056327368072730304

2.5827205536865439 -0.056327368072730304
2.5827205536865439 -0.056327368072730304

2.5827205536865439 -0.056327368072730304
2.5852226156531617 -0.05926532671502939

2.5852226156531617 -0.05926532671502939
2.5858397814083873 -0.059938720204414646

2.5858397814083873 -0.059938720204414646
2.5880230160111948 -0.062384554436873046

2.5880230160111948 -0.062384554436873046
2.5889590091302312 -0.063382837995288169

2.5889590091302312 -0.063382837995288169
2.5889590091302312 -0.063382837995288169

2.5889590091302312 -0.063382837995288169
2.5909426223149405 -0.065503782158716689

2.5909426223149405 -0.065503782158716689
2.5920782368520747 -0.066678773580160722

2.5920782368520747 -0.066678773580160722
2.5939836168176584 -0.068623009880560346

2.5939836168176584 -0.068623009880560346
2.5951974645739186 -0.069833095442067727

2.5951974645739186 -0.069833095442067727
2.5951974645739186 -0.069833095442067727

2.5951974645739186 -0.069833095442067727
2.5971595098326214 -0.071742237602403988

2.5971595098326214 -0.071742237602403988
2.5983166922957621 -0.072854126288818072

2.5983166922957621 -0.072854126288818072
2.600498433975527 -0.074861465324247645

2.600498433975527 -0.074861465324247645
2.6014359200176056 -0.075726097739715309

2.6014359200176056 -0.075726097739715309
2.6014359200176056 -0.075726097739715309

2.6014359200176056 -0.075726097739715309
2.6041048173048242 -0.077980693046091301

2.6041048173048242 -0.077980693046091301
2.6045551477394495 -0.078377605213817203

2.6045551477394495 -0.078377605213817203
2.6045551477394495 -0.078377605213817203

2.6045551477394495 -0.078377605213817203
2.607674375461293 -0.080756415892034264

2.607674375461293 -0.080756415892034264
2.6080948957329038 -0.081099920767934958

2.6080948957329038 -0.081099920767934958
2.6107936031831369 -0.083071603469179259

2.6107936031831369 -0.083071603469179259
2.6123966680578095 -0.0842191484897786

2.6123966680578095 -0.0842191484897786
2.6139128309049804 -0.085299817322775334

2.6139128309049804 -0.085299817322775334
2.6170320586268239 -0.087192659490600705

2.6170320586268239 -0.087192659490600705
2.6172551132232313 -0.087338376211622257

2.6172551132232313 -0.087338376211622257
2.6201512863486678 -0.088987714471656751

2.6201512863486678 -0.088987714471656751
2.6230115901423723 -0.090457603933465913

2.6230115901423723 -0.090457603933465913
2.6232705140705113 -0.090605470668268961

2.6232705140705113 -0.090605470668268961
2.6263897417923552 -0.09202517525418058

2.6263897417923552 -0.09202517525418058
2.6295089695141987 -0.09327815298738075

2.6295089695141987 -0.09327815298738075
2.6302978238434309 -0.093576831655309556

2.6302978238434309 -0.093576831655309556
2.6326281972360421 -0.094415146693804214

2.6326281972360421 -0.094415146693804214
2.6357474249578861 -0.09538766061396399

2.6357474249578861 -0.09538766061396399
2.6388666526797295 -0.09621759032506158

2.6388666526797295 -0.09621759032506158
2.6409819469866949 -0.096696059377153212

2.6409819469866949 -0.096696059377153212
2.6419858804015734 -0.096926615242231839

2.6419858804015734 -0.096926615242231839
2.6451051081234169 -0.097495877083355262

2.6451051081234169 -0.097495877083355262
2.6482243358452604 -0.097948131748334472

2.6482243358452604 -0.097948131748334472
2.6513435635671043 -0.098284654296733512

2.6513435635671043 -0.098284654296733512
2.6544627912889478 -0.098512020835515732

2.6544627912889478 -0.098512020835515732
2.6575820190107917 -0.098637483052154862

2.6575820190107917 -0.098637483052154862
2.6607012467326352 -0.0986664115763001

2.6607012467326352 -0.0986664115763001
2.6638204744544787 -0.098604059560476062

2.6638204744544787 -0.098604059560476062
2.6669397021763226 -0.098455984037199504

2.6669397021763226 -0.098455984037199504
2.6700589298981661 -0.09822740197015617

2.6700589298981661 -0.09822740197015617
2.6731781576200095 -0.097923098334413428

2.6731781576200095 -0.097923098334413428
2.6762973853418535 -0.097548976132198595

2.6762973853418535 -0.097548976132198595
2.6794166130636969 -0.09711335135588485

2.6794166130636969 -0.09711335135588485
2.6820625918812033 -0.096696059377153212

2.6820625918812033 -0.096696059377153212
2.6825358407855409 -0.096619144082368713

2.6825358407855409 -0.096619144082368713
2.6856550685073843 -0.096076457713462807

2.6856550685073843 -0.096076457713462807
2.6887742962292278 -0.095482515446586952

2.6887742962292278 -0.095482515446586952
2.6918935239510717 -0.094846540610182523

2.6918935239510717 -0.094846540610182523
2.6950127516729152 -0.094177597430323806

2.6950127516729152 -0.094177597430323806
2.6977043546091606 -0.093576831655309556

2.6977043546091606 -0.093576831655309556
2.6981319793947591 -0.093477256105523668

2.6981319793947591 -0.093477256105523668
2.7012512071166026 -0.092761412057395756

2.7012512071166026 -0.092761412057395756
2.7043704348384461 -0.09202013907550266

2.7043704348384461 -0.09202013907550266
2.70748966256029 -0.091264096192651828

2.70748966256029 -0.091264096192651828
2.7106088902821335 -0.090502300669676114

2.7106088902821335 -0.090502300669676114
2.7107795719474983 -0.090457603933465913

2.7107795719474983 -0.090457603933465913
2.7137281180039774 -0.089727688698054545

2.7137281180039774 -0.089727688698054545
2.7168473457258209 -0.088948037444580241

2.7168473457258209 -0.088948037444580241
2.7199665734476643 -0.08816497378232932

2.7199665734476643 -0.08816497378232932
2.7230858011695083 -0.087385243164514723

2.7230858011695083 -0.087385243164514723
2.7232623840932466 -0.087338376211622257

2.7232623840932466 -0.087338376211622257
2.7262050288913517 -0.086600710732807659

2.7262050288913517 -0.086600710732807659
2.7293242566131957 -0.085819021040247911

2.7293242566131957 -0.085819021040247911
2.7324434843350391 -0.085040042303379221

2.7324434843350391 -0.085040042303379221
2.7355627120568826 -0.084269838613917347

2.7355627120568826 -0.084269838613917347
2.7357579951558035 -0.0842191484897786

2.7357579951558035 -0.0842191484897786
2.7386819397787265 -0.083501117723548401

2.7386819397787265 -0.083501117723548401
2.74180116750057 -0.082743563579592921

2.74180116750057 -0.082743563579592921
2.7449203952224139 -0.081997351635462359

2.7449203952224139 -0.081997351635462359
2.7480396229442574 -0.081271808595377998

2.7480396229442574 -0.081271808595377998
2.7487645613103635 -0.081099920767934958

2.7487645613103635 -0.081099920767934958
2.7511588506661009 -0.08055005933822032

2.7511588506661009 -0.08055005933822032
2.7542780783879448 -0.07985541718886946

2.7542780783879448 -0.07985541718886946
2.7573973061097883 -0.079179222838277011

2.7573973061097883 -0.079179222838277011
2.7605165338316322 -0.078525649230932693

2.7605165338316322 -0.078525649230932693
2.7632118316442398 -0.077980693046091301

2.7632118316442398 -0.077980693046091301
2.7636357615534757 -0.077891795434137892

2.7636357615534757 -0.077891795434137892
2.7667549892753192 -0.07728905416042961

2.7667549892753192 -0.07728905416042961
2.7698742169971631 -0.076707092071179178

2.7698742169971631 -0.076707092071179178
2.7729934447190066 -0.07614932590528109

2.7729934447190066 -0.07614932590528109
2.7761126724408505 -0.075615397422214847

2.7761126724408505 -0.075615397422214847
2.7792319001626939 -0.075107817563789606

2.7792319001626939 -0.075107817563789606
2.7807982735894377 -0.074861465324247645

2.7807982735894377 -0.074861465324247645
2.7823511278845374 -0.074617439575887415

2.7823511278845374 -0.074617439575887415
2.7854703556063813 -0.074158438199309493

2.7854703556063813 -0.074158438199309493
2.7885895833282248 -0.073721923036923251

2.7885895833282248 -0.073721923036923251
2.7917088110500687 -0.073310886085362736

2.7917088110500687 -0.073310886085362736
2.7948280387719122 -0.072926434041315158

2.7948280387719122 -0.072926434041315158
2.7979472664937557 -0.072569572859041073

2.7979472664937557 -0.072569572859041073
2.8010664942155996 -0.072241257495148412

2.8010664942155996 -0.072241257495148412
2.8041857219374431 -0.071942414574247951

2.8041857219374431 -0.071942414574247951
2.8065002242183805 -0.071742237602403988

2.8065002242183805 -0.071742237602403988
2.807304949659287 -0.07167198830060327

2.807304949659287 -0.07167198830060327
2.8104241773811305 -0.071433570958587836

2.8104241773811305 -0.071433570958587836
2.813543405102974 -0.071225014887203258

2.813543405102974 -0.071225014887203258
2.8166626328248179 -0.071047533138595173

2.8166626328248179 -0.071047533138595173
2.8197818605466614 -0.070900962721723068

2.8197818605466614 -0.070900962721723068
2.8229010882685053 -0.070785007744011516

2.8229010882685053 -0.070785007744011516
2.8260203159903488 -0.070699797570381917

2.8260203159903488 -0.070699797570381917
2.8291395437121922 -0.070645774042240678

2.8291395437121922 -0.070645774042240678
2.8322587714340361 -0.070623349308040387

2.8322587714340361 -0.070623349308040387
2.8353779991558796 -0.070632638271944742

2.8353779991558796 -0.070632638271944742
2.8384972268777231 -0.070673442525102423

2.8384972268777231 -0.070673442525102423
2.841616454599567 -0.070745646029388903

2.841616454599567 -0.070745646029388903
2.8447356823214105 -0.070849658410176153

2.8447356823214105 -0.070849658410176153
2.8478549100432544 -0.070986061239000281

2.8478549100432544 -0.070986061239000281
2.8509741377650979 -0.071154615242689137

2.8509741377650979 -0.071154615242689137
2.8540933654869414 -0.071354621700711537

2.8540933654869414 -0.071354621700711537
2.8572125932087853 -0.071584284054154457

2.8572125932087853 -0.071584284054154457
2.8591012172704877 -0.071742237602403988

2.8591012172704877 -0.071742237602403988
2.8603318209306288 -0.071845743311233223

2.8603318209306288 -0.071845743311233223
2.8634510486524727 -0.072136323281708908

2.8634510486524727 -0.072136323281708908
2.8665702763743162 -0.072458622391363983

2.8665702763743162 -0.072458622391363983
2.8696895040961596 -0.072810190864069341

2.8696895040961596 -0.072810190864069341
2.8728087318180036 -0.073191686471623968

2.8728087318180036 -0.073191686471623968
2.875927959539847 -0.073605602510734891

2.875927959539847 -0.073605602510734891
2.879047187261691 -0.074053309825588942

2.879047187261691 -0.074053309825588942
2.8821664149835344 -0.074531134245420808

2.8821664149835344 -0.074531134245420808
2.884173092300693 -0.074861465324247645

2.884173092300693 -0.074861465324247645
2.8852856427053779 -0.075047047642052889

2.8852856427053779 -0.075047047642052889
2.8884048704272218 -0.075589188546733771

2.8884048704272218 -0.075589188546733771
2.8915240981490653 -0.07617122317198631

2.8915240981490653 -0.07617122317198631
2.8946433258709092 -0.07679021373790372

2.8946433258709092 -0.07679021373790372
2.8977625535927527 -0.077444008250928495

2.8977625535927527 -0.077444008250928495
2.9001752531729568 -0.077980693046091301

2.9001752531729568 -0.077980693046091301
2.9008817813145962 -0.078143039397956873

2.9008817813145962 -0.078143039397956873
2.9040010090364401 -0.078867348877244198

2.9040010090364401 -0.078867348877244198
2.9071202367582836 -0.079634272314827947

2.9071202367582836 -0.079634272314827947
2.9102394644801275 -0.080435901482500474

2.9102394644801275 -0.080435901482500474
2.9126988782191616 -0.081099920767934958

2.9126988782191616 -0.081099920767934958
2.913358692201971 -0.081285560107414306

2.913358692201971 -0.081285560107414306
2.9164779199238144 -0.082152836778819266

2.9164779199238144 -0.082152836778819266
2.9195971476456584 -0.083061312475852217

2.9195971476456584 -0.083061312475852217
2.9227163753675018 -0.083992374167120659

2.9227163753675018 -0.083992374167120659
2.9234098970822009 -0.0842191484897786

2.9234098970822009 -0.0842191484897786
2.9258356030893458 -0.084978718146216894

2.9258356030893458 -0.084978718146216894
2.9289548308111892 -0.085979650488823819

2.9289548308111892 -0.085979650488823819
2.9320740585330327 -0.08700391057104849

2.9320740585330327 -0.08700391057104849
2.9330123274619395 -0.087338376211622257

2.9330123274619395 -0.087338376211622257
2.9351932862548766 -0.088089885889647293

2.9351932862548766 -0.088089885889647293
2.9383125139767201 -0.089179991866105368

2.9383125139767201 -0.089179991866105368
2.941431741698564 -0.090300796532399114

2.941431741698564 -0.090300796532399114
2.941822036042141 -0.090457603933465913

2.941822036042141 -0.090457603933465913
2.9445509694204075 -0.091478510289232151

2.9445509694204075 -0.091478510289232151
2.947670197142251 -0.092667292720460676

2.947670197142251 -0.092667292720460676
2.9499629977232988 -0.093576831655309556

2.9499629977232988 -0.093576831655309556
2.9507894248640949 -0.093921192431962841

2.9507894248640949 -0.093921192431962841
2.9539086525859384 -0.095164394592065354

2.9539086525859384 -0.095164394592065354
2.9570278803077823 -0.09644028611094517

2.9570278803077823 -0.09644028611094517
2.9575882120293073 -0.096696059377153212

2.9575882120293073 -0.096696059377153212
2.9601471080296258 -0.097785714026685122

2.9601471080296258 -0.097785714026685122
2.9632663357514692 -0.099113137740764204

2.9632663357514692 -0.099113137740764204
2.9648131361444516 -0.099815287098996869

2.9648131361444516 -0.099815287098996869
2.9663855634733132 -0.10052913463434324

2.9663855634733132 -0.10052913463434324
2.9695047911951566 -0.10190075020110619

2.9695047911951566 -0.10190075020110619
2.9717514803076814 -0.10293451482084051

2.9717514803076814 -0.10293451482084051
2.9726240189170006 -0.10335781814866314

2.9726240189170006 -0.10335781814866314
2.975743246638844 -0.10477237087631126

2.975743246638844 -0.10477237087631126
2.9784767004565951 -0.10605374254268417

2.9784767004565951 -0.10605374254268417
2.9788624743606875 -0.1062522226430125

2.9788624743606875 -0.1062522226430125
2.9819817020825314 -0.10771169807916836

2.9819817020825314 -0.10771169807916836
2.9850306933517885 -0.10917297026452782

2.9850306933517885 -0.10917297026452782
2.9851009298043749 -0.10921100676637803

2.9851009298043749 -0.10921100676637803
2.9882201575262188 -0.11071667598231319

2.9882201575262188 -0.11071667598231319
2.9913393852480623 -0.11223226404355803

2.9913393852480623 -0.11223226404355803
2.9914474996337845 -0.11229219798637147

2.9914474996337845 -0.11229219798637147
2.9944586129699058 -0.11377132232464721

2.9944586129699058 -0.11377132232464721
2.9975778406917497 -0.11529938779373033

2.9975778406917497 -0.11529938779373033
2.9977792141032644 -0.11541142570821512

2.9977792141032644 -0.11541142570821512
3.0006970684135932 -0.11685985580765167

3.0006970684135932 -0.11685985580765167
3.0038162961354371 -0.1183959099787902

3.0038162961354371 -0.1183959099787902
3.0040588035171663 -0.11853065343005878

3.0040588035171663 -0.11853065343005878
3.0069355238572806 -0.11996109501792294

3.0069355238572806 -0.11996109501792294
3.0100547515791241 -0.12148771532198654

3.0100547515791241 -0.12148771532198654
3.0103511174308752 -0.12164988115190242

3.0103511174308752 -0.12164988115190242
3.013173979300968 -0.12303984853849545

3.013173979300968 -0.12303984853849545
3.0162932070228115 -0.12453775027926797

3.0162932070228115 -0.12453775027926797
3.0167307433890915 -0.12476910887374608

3.0167307433890915 -0.12476910887374608
3.0194124347446549 -0.12606295380831772

3.0194124347446549 -0.12606295380831772
3.0225316624664988 -0.12751144326189104

3.0225316624664988 -0.12751144326189104
3.0232902741318961 -0.12788833659558974

3.0232902741318961 -0.12788833659558974
3.0256508901883423 -0.12898930213697621

3.0256508901883423 -0.12898930213697621
3.0287701179101862 -0.13036982330206207

3.0287701179101862 -0.13036982330206207
3.0301706997910691 -0.13100756431743338

3.0301706997910691 -0.13100756431743338
3.0318893456320297 -0.13177987968685662

3.0318893456320297 -0.13177987968685662
3.0350085733538732 -0.13308737121669773

3.0350085733538732 -0.13308737121669773
3.0375228780907508 -0.13412679203927705

3.0375228780907508 -0.13412679203927705
3.0381278010757171 -0.13439324325673876

3.0381278010757171 -0.13439324325673876
3.0412470287975606 -0.13561034651195758

3.0412470287975606 -0.13561034651195758
3.0443662565194045 -0.13677389393622652

3.0443662565194045 -0.13677389393622652
3.0456340182861177 -0.13724601976112069

3.0456340182861177 -0.13724601976112069
3.047485484241248 -0.1379221990301786

3.047485484241248 -0.1379221990301786
3.0506047119630915 -0.13897573706077587

3.0506047119630915 -0.13897573706077587
3.0537239396849354 -0.13996364322031449

3.0537239396849354 -0.13996364322031449
3.0550276750362566 -0.14036524748296433

3.0550276750362566 -0.14036524748296433
3.0568431674067789 -0.14091608695196781

3.0568431674067789 -0.14091608695196781
3.0599623951286228 -0.14177570294619007

3.0599623951286228 -0.14177570294619007
3.0630816228504663 -0.14256714570366147

3.0630816228504663 -0.14256714570366147
3.0662008505723097 -0.14327665603947559

3.0662008505723097 -0.14327665603947559
3.0671822083737958 -0.143484475204808

3.0671822083737958 -0.143484475204808
3.0693200782941537 -0.14392730711249288

3.0693200782941537 -0.14392730711249288
3.0724393060159971 -0.1444956691305454

3.0724393060159971 -0.1444956691305454
3.075558533737841 -0.14498721975587867

3.075558533737841 -0.14498721975587867
3.0786777614596845 -0.14540197028314666

3.0786777614596845 -0.14540197028314666
3.081796989181528 -0.14574127902159234

3.081796989181528 -0.14574127902159234
3.0849162169033719 -0.14600702801457746

3.0849162169033719 -0.14600702801457746
3.0880354446252154 -0.14620124513417818

3.0880354446252154 -0.14620124513417818
3.0911546723470593 -0.14632602335410938

3.0911546723470593 -0.14632602335410938
3.0942739000689028 -0.1463836075707555

3.0942739000689028 -0.1463836075707555
3.0973931277907463 -0.14637626948999735

3.0973931277907463 -0.14637626948999735
3.1005123555125902 -0.14630624962288472

3.1005123555125902 -0.14630624962288472
3.1036315832344337 -0.14617590732131072

3.1036315832344337 -0.14617590732131072
3.1067508109562776 -0.1459878863546758

3.1067508109562776 -0.1459878863546758
3.1098700386781211 -0.14574493839467551

3.1098700386781211 -0.14574493839467551
3.1129892663999645 -0.14544971367409124

3.1129892663999645 -0.14544971367409124
3.1161084941218085 -0.14510515563794629

3.1161084941218085 -0.14510515563794629
3.1192277218436519 -0.14471412529501068

3.1192277218436519 -0.14471412529501068
3.1223469495654959 -0.14428005471303443

3.1223469495654959 -0.14428005471303443
3.1254661772873393 -0.14380958278681905

3.1254661772873393 -0.14380958278681905
3.127457894523316 -0.143484475204808

3.127457894523316 -0.143484475204808
3.1285854050091828 -0.14329806753677149

3.1285854050091828 -0.14329806753677149
3.1317046327310267 -0.14276089737806913

3.1317046327310267 -0.14276089737806913
3.1348238604528702 -0.14218947998349737

3.1348238604528702 -0.14218947998349737
3.1379430881747141 -0.14159166632611531

3.1379430881747141 -0.14159166632611531
3.1410623158965576 -0.14097259084743649

3.1410623158965576 -0.14097259084743649
3.1440408108825921 -0.14036524748296433

3.1440408108825921 -0.14036524748296433
3.1441815436184011 -0.14033513580976623

3.1441815436184011 -0.14033513580976623
3.147300771340245 -0.1396849048191344

3.147300771340245 -0.1396849048191344
3.1504199990620885 -0.13901915106418389

3.1504199990620885 -0.13901915106418389
3.1535392267839324 -0.13834266417694147

3.1535392267839324 -0.13834266417694147
3.1566584545057759 -0.13766312893570209

3.1566584545057759 -0.13766312893570209
3.1585396478664012 -0.13724601976112069

3.1585396478664012 -0.13724601976112069
3.1597776822276193 -0.13696832195163791

3.1597776822276193 -0.13696832195163791
3.1628969099494633 -0.13628643522509412

3.1628969099494633 -0.13628643522509412
3.1660161376713067 -0.13559936385536031

3.1660161376713067 -0.13559936385536031
3.1691353653931507 -0.13491624722043821

3.1691353653931507 -0.13491624722043821
3.1722545931149941 -0.13424559798191826

3.1722545931149941 -0.13424559798191826
3.1727912385133403 -0.13412679203927705

3.1727912385133403 -0.13412679203927705
3.1753738208368376 -0.13357528321609954

3.1753738208368376 -0.13357528321609954
3.1784930485586815 -0.13292153988220631

3.1784930485586815 -0.13292153988220631
3.181612276280525 -0.13227961124553556

3.181612276280525 -0.13227961124553556
3.1847315040023689 -0.13165196122731423

3.1847315040023689 -0.13165196122731423
3.1878507317242124 -0.13104165056462527

3.1878507317242124 -0.13104165056462527
3.1880216135670567 -0.13100756431743338

3.1880216135670567 -0.13100756431743338
3.1909699594460559 -0.13044482029530635

3.1909699594460559 -0.13044482029530635
3.1940891871678998 -0.13015127726103229

