-3.1940891871678998 -0.16052278121003594
-3.1909699594460563 -0.15996702697625631

-3.1909699594460563 -0.15996702697625631
-3.1886384879946208 -0.15908061381402624

-3.1886384879946208 -0.15908061381402624
-3.1878507317242128 -0.15876468866405324

-3.1878507317242128 -0.15876468866405324
-3.1847315040023689 -0.15747964382275903

-3.1847315040023689 -0.15747964382275903
-3.1816122762805255 -0.15608232816246956

-3.1816122762805255 -0.15608232816246956
-3.1813877708256428 -0.1559613860921826

-3.1813877708256428 -0.1559613860921826
-3.1784930485586815 -0.15455685558413446

-3.1784930485586815 -0.15455685558413446
-3.1753738208368381 -0.1529684334949063

-3.1753738208368381 -0.1529684334949063
-3.1751664646916526 -0.15284215837033896

-3.1751664646916526 -0.15284215837033896
-3.1722545931149946 -0.15126840635506947

-3.1722545931149946 -0.15126840635506947
-3.1695219059908868 -0.14972293064849529

-3.1695219059908868 -0.14972293064849529
-3.1691353653931507 -0.14947780473205199

-3.1691353653931507 -0.14947780473205199
-3.1660161376713072 -0.14770489658626565

-3.1660161376713072 -0.14770489658626565
-3.1642471052914547 -0.14660370292665165

-3.1642471052914547 -0.14660370292665165
-3.1628969099494633 -0.14574347992293307

-3.1628969099494633 -0.14574347992293307
-3.1597776822276198 -0.14389136289564233

-3.1597776822276198 -0.14389136289564233
-3.1591963125865767 -0.143484475204808

-3.1591963125865767 -0.143484475204808
-3.1566584545057763 -0.14186813173691776

-3.1566584545057763 -0.14186813173691776
-3.1543633575913073 -0.14036524748296433

-3.1543633575913073 -0.14036524748296433
-3.1535392267839324 -0.13978245701470693

-3.1535392267839324 -0.13978245701470693
-3.1504199990620889 -0.1378344074859108

-3.1504199990620889 -0.1378344074859108
-3.149606782080169 -0.13724601976112069

-3.149606782080169 -0.13724601976112069
-3.147300771340245 -0.13569647211775751

-3.147300771340245 -0.13569647211775751
-3.1449897169561116 -0.13412679203927705

-3.1449897169561116 -0.13412679203927705
-3.1441815436184015 -0.13353409115341114

-3.1441815436184015 -0.13353409115341114
-3.141062315896558 -0.13152393600330528

-3.141062315896558 -0.13152393600330528
-3.1403682879305164 -0.13100756431743338

-3.1403682879305164 -0.13100756431743338
-3.1379430881747141 -0.12934861049684221

-3.1379430881747141 -0.12934861049684221
-3.1358478156810481 -0.12788833659558974

-3.1358478156810481 -0.12788833659558974
-3.1348238604528706 -0.12713435224994604

-3.1348238604528706 -0.12713435224994604
-3.1317046327310267 -0.12509549689185631

-3.1317046327310267 -0.12509549689185631
-3.1312723294836524 -0.12476910887374608

-3.1312723294836524 -0.12476910887374608
-3.1285854050091833 -0.12294445730953273

-3.1285854050091833 -0.12294445730953273
-3.1267455052349789 -0.12164988115190242

-3.1267455052349789 -0.12164988115190242
-3.1254661772873398 -0.12072324520865808

-3.1254661772873398 -0.12072324520865808
-3.1223469495654959 -0.11868330499828569

-3.1223469495654959 -0.11868330499828569
-3.1221440582980282 -0.11853065343005878

-3.1221440582980282 -0.11853065343005878
-3.1192277218436524 -0.11659577548253502

-3.1192277218436524 -0.11659577548253502
-3.1175162173603299 -0.11541142570821512

-3.1175162173603299 -0.11541142570821512
-3.1161084941218085 -0.11442230257728557

-3.1161084941218085 -0.11442230257728557
-3.112989266399965 -0.11243497032510463

-3.112989266399965 -0.11243497032510463
-3.1127943468677506 -0.11229219798637147

-3.1127943468677506 -0.11229219798637147
-3.1098700386781215 -0.1104110077049528

-3.1098700386781215 -0.1104110077049528
-3.1079957897219126 -0.10917297026452782

-3.1079957897219126 -0.10917297026452782
-3.1067508109562776 -0.108323864313335

-3.1067508109562776 -0.108323864313335
-3.1036315832344341 -0.10643700213135165

-3.1036315832344341 -0.10643700213135165
-3.1030778205869929 -0.10605374254268417

-3.1030778205869929 -0.10605374254268417
-3.1005123555125902 -0.10445004838257886

-3.1005123555125902 -0.10445004838257886
-3.0980597323312171 -0.10293451482084051

-3.0980597323312171 -0.10293451482084051
-3.0973931277907467 -0.10248498536781311

-3.0973931277907467 -0.10248498536781311
-3.0942739000689032 -0.10067877904162729

-3.0942739000689032 -0.10067877904162729
-3.0928900876559169 -0.099815287098996869

-3.0928900876559169 -0.099815287098996869
-3.0911546723470593 -0.098752602424627564

-3.0911546723470593 -0.098752602424627564
-3.0880354446252158 -0.096991761767489193

-3.0880354446252158 -0.096991761767489193
-3.0875730870783316 -0.096696059377153212

-3.0875730870783316 -0.096696059377153212
-3.0849162169033719 -0.095169618150785951

-3.0849162169033719 -0.095169618150785951
-3.082074900829658 -0.093576831655309556

-3.082074900829658 -0.093576831655309556
-3.0817969891815284 -0.093401519474931943

-3.0817969891815284 -0.093401519474931943
-3.078677761459685 -0.091720237542871244

-3.078677761459685 -0.091720237542871244
-3.0763444369486339 -0.090457603933465913

-3.0763444369486339 -0.090457603933465913
-3.075558533737841 -0.090002527972167026

-3.075558533737841 -0.090002527972167026
-3.0724393060159976 -0.088416230313656141

-3.0724393060159976 -0.088416230313656141
-3.0703651076118996 -0.087338376211622257

-3.0703651076118996 -0.087338376211622257
-3.0693200782941537 -0.086771940420235213

-3.0693200782941537 -0.086771940420235213
-3.0662008505723102 -0.085256888823318708

-3.0662008505723102 -0.085256888823318708
-3.0641042026149914 -0.0842191484897786

-3.0641042026149914 -0.0842191484897786
-3.0630816228504667 -0.083691294616435638

-3.0630816228504667 -0.083691294616435638
-3.0599623951286228 -0.082235865749819906

-3.0599623951286228 -0.082235865749819906
-3.05754661672594 -0.081099920767934958

-3.05754661672594 -0.081099920767934958
-3.0568431674067793 -0.080746832860162931

-3.0568431674067793 -0.080746832860162931
-3.0537239396849354 -0.079344706574546453

-3.0537239396849354 -0.079344706574546453
-3.0506718226283995 -0.077980693046091301

-3.0506718226283995 -0.077980693046091301
-3.0506047119630919 -0.077947161749838192

-3.0506047119630919 -0.077947161749838192
-3.0474854842412484 -0.076588743746583213

-3.0474854842412484 -0.076588743746583213
-3.0443662565194045 -0.075278371643320116

-3.0443662565194045 -0.075278371643320116
-3.0434154647782372 -0.074861465324247645

-3.0434154647782372 -0.074861465324247645
-3.041247028797561 -0.07395102865110903

-3.041247028797561 -0.07395102865110903
-3.0381278010757171 -0.07270280336865606

-3.0381278010757171 -0.07270280336865606
-3.0356890729842756 -0.071742237602403988

-3.0356890729842756 -0.071742237602403988
-3.0350085733538736 -0.0714589319206788

-3.0350085733538736 -0.0714589319206788
-3.0318893456320302 -0.070291811713693697

-3.0318893456320302 -0.070291811713693697
-3.0287701179101862 -0.069161781693707666

-3.0287701179101862 -0.069161781693707666
-3.027280586949515 -0.068623009880560346

-3.027280586949515 -0.068623009880560346
-3.0256508901883428 -0.068036982203158347

-3.0256508901883428 -0.068036982203158347
-3.0225316624664988 -0.066990852818741786

-3.0225316624664988 -0.066990852818741786
-3.0194124347446554 -0.065984710581473691

-3.0194124347446554 -0.065984710581473691
-3.0179106156348845 -0.065503782158716689

-3.0179106156348845 -0.065503782158716689
-3.0162932070228119 -0.06498818846153398

-3.0162932070228119 -0.06498818846153398
-3.013173979300968 -0.064057629930447946

-3.013173979300968 -0.064057629930447946
-3.0100547515791245 -0.063154052426974347

-3.0100547515791245 -0.063154052426974347
-3.0073038789776736 -0.062384554436873046

-3.0073038789776736 -0.062384554436873046
-3.006935523857281 -0.062275847428786481

-3.006935523857281 -0.062275847428786481
-3.0038162961354371 -0.06144049009688473

-3.0038162961354371 -0.06144049009688473
-3.0006970684135936 -0.060628418832046921

-3.0006970684135936 -0.060628418832046921
-2.9975778406917497 -0.059845911425425197

-2.9975778406917497 -0.059845911425425197
-2.9951966743913605 -0.05926532671502939

-2.9951966743913605 -0.05926532671502939
-2.9944586129699062 -0.059079606426432528

-2.9944586129699062 -0.059079606426432528
-2.9913393852480628 -0.05835540755428157

-2.9913393852480628 -0.05835540755428157
-2.9882201575262188 -0.057653647637786951

-2.9882201575262188 -0.057653647637786951
-2.9851009298043754 -0.056982338759383938

-2.9851009298043754 -0.056982338759383938
-2.9819817020825314 -0.056347480159752696

-2.9819817020825314 -0.056347480159752696
-2.9809687395532372 -0.05614609899318574

-2.9809687395532372 -0.05614609899318574
-2.978862474360688 -0.055735113166865705

-2.978862474360688 -0.055735113166865705
-2.9757432466388445 -0.055167002826634406

-2.9757432466388445 -0.055167002826634406
-2.9726240189170006 -0.054633955107051956

-2.9726240189170006 -0.054633955107051956
-2.9695047911951571 -0.05413848881289457

-2.9695047911951571 -0.05413848881289457
-2.9663855634733132 -0.053680772583071218

-2.9663855634733132 -0.053680772583071218
-2.9632663357514697 -0.05326114115472505

-2.9632663357514697 -0.05326114115472505
-2.9613796381696416 -0.053026871271342091

-2.9613796381696416 -0.053026871271342091
-2.9601471080296262 -0.052873044723981792

-2.9601471080296262 -0.052873044723981792
-2.9570278803077823 -0.052523788194493271

-2.9570278803077823 -0.052523788194493271
-2.9539086525859388 -0.052205987758413876

-2.9539086525859388 -0.052205987758413876
-2.9507894248640949 -0.051919495841473422

-2.9507894248640949 -0.051919495841473422
-2.9476701971422514 -0.05166234217858244

-2.9476701971422514 -0.05166234217858244
-2.9445509694204079 -0.051432647553003613

-2.9445509694204079 -0.051432647553003613
-2.941431741698564 -0.051229150487767189

-2.941431741698564 -0.051229150487767189
-2.9383125139767206 -0.051051414530825789

-2.9383125139767206 -0.051051414530825789
-2.9351932862548766 -0.050899718022949528

-2.9351932862548766 -0.050899718022949528
-2.9320740585330332 -0.050774751530060433

-2.9320740585330332 -0.050774751530060433
-2.9289548308111897 -0.050677385726033579

-2.9289548308111897 -0.050677385726033579
-2.9258356030893458 -0.050609055732475455

-2.9258356030893458 -0.050609055732475455
-2.9227163753675023 -0.050571803033022958

-2.9227163753675023 -0.050571803033022958
-2.9195971476456584 -0.050567520821513993

-2.9195971476456584 -0.050567520821513993
-2.9164779199238149 -0.050597313550913743

-2.9164779199238149 -0.050597313550913743
-2.9133586922019714 -0.050661785184473826

-2.9133586922019714 -0.050661785184473826
-2.9102394644801275 -0.050761766949111171

-2.9102394644801275 -0.050761766949111171
-2.907120236758284 -0.05089835174465087

-2.907120236758284 -0.05089835174465087
-2.9040010090364401 -0.051071882405065577

-2.9040010090364401 -0.051071882405065577
-2.9008817813145966 -0.051281107535680361

-2.9008817813145966 -0.051281107535680361
-2.8977625535927531 -0.051524278518787069

-2.8977625535927531 -0.051524278518787069
-2.8946433258709092 -0.051800726526202205

-2.8946433258709092 -0.051800726526202205
-2.8915240981490657 -0.052110980401430099

-2.8915240981490657 -0.052110980401430099
-2.8884048704272218 -0.052456623642015469

-2.8884048704272218 -0.052456623642015469
-2.8852856427053784 -0.052834367870854174

-2.8852856427053784 -0.052834367870854174
-2.8838351873667438 -0.053026871271342091

-2.8838351873667438 -0.053026871271342091
-2.8821664149835349 -0.053248107863322403

-2.8821664149835349 -0.053248107863322403
-2.879047187261691 -0.053689289090707699

-2.879047187261691 -0.053689289090707699
-2.8759279595398475 -0.054167836794952094

-2.8759279595398475 -0.054167836794952094
-2.8728087318180036 -0.054682313563956843

-2.8728087318180036 -0.054682313563956843
-2.8696895040961601 -0.055233256927043034

-2.8696895040961601 -0.055233256927043034
-2.8665702763743166 -0.055815460718655639

-2.8665702763743166 -0.055815460718655639
-2.8649232573405712 -0.05614609899318574

-2.8649232573405712 -0.05614609899318574
-2.8634510486524727 -0.056442907742336255

-2.8634510486524727 -0.056442907742336255
-2.8603318209306292 -0.057095185461541596

-2.8603318209306292 -0.057095185461541596
-2.8572125932087853 -0.05778942035622206

-2.8572125932087853 -0.05778942035622206
-2.8540933654869418 -0.058520424972385639

-2.8540933654869418 -0.058520424972385639
-2.8510647204858657 -0.05926532671502939

-2.8510647204858657 -0.05926532671502939
-2.8509741377650983 -0.05928901092551031

-2.8509741377650983 -0.05928901092551031
-2.8478549100432544 -0.06009041981685459

-2.8478549100432544 -0.06009041981685459
-2.8447356823214109 -0.060931460217409132

-2.8447356823214109 -0.060931460217409132
-2.841616454599567 -0.061806064299648016

-2.841616454599567 -0.061806064299648016
-2.8396723907352746 -0.062384554436873046

-2.8396723907352746 -0.062384554436873046
-2.8384972268777235 -0.062741354032055441

-2.8384972268777235 -0.062741354032055441
-2.8353779991558801 -0.063688357979286347

-2.8353779991558801 -0.063688357979286347
-2.8322587714340361 -0.064681608447436437

-2.8322587714340361 -0.064681608447436437
-2.8297943230925631 -0.065503782158716689

-2.8297943230925631 -0.065503782158716689
-2.8291395437121927 -0.065733751866262263

-2.8291395437121927 -0.065733751866262263
-2.8260203159903492 -0.066804061567836498

-2.8260203159903492 -0.066804061567836498
-2.8229010882685053 -0.067920102439487345

-2.8229010882685053 -0.067920102439487345
-2.8210527018836733 -0.068623009880560346

-2.8210527018836733 -0.068623009880560346
-2.8197818605466618 -0.069115850802385984

-2.8197818605466618 -0.069115850802385984
-2.8166626328248179 -0.070312637990764079

-2.8166626328248179 -0.070312637990764079
-2.8135434051029744 -0.071558356553962005

-2.8135434051029744 -0.071558356553962005
-2.8131382179070119 -0.071742237602403988

-2.8131382179070119 -0.071742237602403988
-2.8104241773811309 -0.072880500715408969

-2.8104241773811309 -0.072880500715408969
-2.807304949659287 -0.074206796334637962

-2.807304949659287 -0.074206796334637962
-2.8058848747947396 -0.074861465324247645

-2.8058848747947396 -0.074861465324247645
-2.8041857219374435 -0.075638068179399276

-2.8041857219374435 -0.075638068179399276
-2.8010664942155996 -0.07703633333889634

-2.8010664942155996 -0.07703633333889634
-2.7991024051822802 -0.077980693046091301

-2.7991024051822802 -0.077980693046091301
-2.7979472664937561 -0.078555153503015701

-2.7979472664937561 -0.078555153503015701
-2.7948280387719127 -0.080034735640571286

-2.7948280387719127 -0.080034735640571286
-2.7927339217082658 -0.081099920767934958

-2.7927339217082658 -0.081099920767934958
-2.7917088110500687 -0.081646214090774175

-2.7917088110500687 -0.081646214090774175
-2.7885895833282253 -0.083204278343258456

-2.7885895833282253 -0.083204278343258456
-2.7867194000110667 -0.0842191484897786

-2.7867194000110667 -0.0842191484897786
-2.7854703556063813 -0.084917250394030294

-2.7854703556063813 -0.084917250394030294
-2.7823511278845379 -0.086558027286416955

-2.7823511278845379 -0.086558027286416955
-2.7810363930957673 -0.087338376211622257

-2.7810363930957673 -0.087338376211622257
-2.7792319001626944 -0.088387219701584543

-2.7792319001626944 -0.088387219701584543
-2.7761126724408505 -0.090146144733936104

-2.7761126724408505 -0.090146144733936104
-2.7756440553089115 -0.090457603933465913

-2.7756440553089115 -0.090457603933465913
-2.772993444719007 -0.092046507437688441

-2.772993444719007 -0.092046507437688441
-2.7705244211652915 -0.093576831655309556

-2.7705244211652915 -0.093576831655309556
-2.7698742169971631 -0.094019765108257145

-2.7698742169971631 -0.094019765108257145
-2.7667549892753196 -0.095908910410406834

-2.7667549892753196 -0.095908910410406834
-2.7656227585671496 -0.096696059377153212

-2.7656227585671496 -0.096696059377153212
-2.7636357615534761 -0.098019618096963676

-2.7636357615534761 -0.098019618096963676
-2.7609179047517785 -0.099815287098996869

-2.7609179047517785 -0.099815287098996869
-2.7605165338316322 -0.10011242886503979

-2.7605165338316322 -0.10011242886503979
-2.7573973061097887 -0.10213849662479201

-2.7573973061097887 -0.10213849662479201
-2.7563206607476265 -0.10293451482084051

-2.7563206607476265 -0.10293451482084051
-2.7542780783879448 -0.10437529170217173

-2.7542780783879448 -0.10437529170217173
-2.7518972059721292 -0.10605374254268417

-2.7518972059721292 -0.10605374254268417
-2.7511588506661013 -0.10661841136024679

-2.7511588506661013 -0.10661841136024679
-2.7480396229442579 -0.10872945331555298

-2.7480396229442579 -0.10872945331555298
-2.7474706940697753 -0.10917297026452782

-2.7474706940697753 -0.10917297026452782
-2.7449203952224139 -0.11099300347000875

-2.7449203952224139 -0.11099300347000875
-2.7431869905323802 -0.11229219798637147

-2.7431869905323802 -0.11229219798637147
-2.7418011675005705 -0.11334977388949598

-2.7418011675005705 -0.11334977388949598
-2.7389105511538965 -0.11541142570821512

-2.7389105511538965 -0.11541142570821512
-2.7386819397787265 -0.11559397348607184

-2.7386819397787265 -0.11559397348607184
-2.7355627120568831 -0.11777603763528666

-2.7355627120568831 -0.11777603763528666
-2.7345966573148277 -0.11853065343005878

-2.7345966573148277 -0.11853065343005878
-2.7324434843350396 -0.12012286551276051

-2.7324434843350396 -0.12012286551276051
-2.730380984821251 -0.12164988115190242

-2.730380984821251 -0.12164988115190242
-2.7293242566131957 -0.12246913485501155

-2.7293242566131957 -0.12246913485501155
-2.7262050288913522 -0.1246184639761303

-2.7262050288913522 -0.1246184639761303
-2.72601215346381 -0.12476910887374608

-2.72601215346381 -0.12476910887374608
-2.7230858011695083 -0.12679027869675291

-2.7230858011695083 -0.12679027869675291
-2.721568524601397 -0.12788833659558974

-2.721568524601397 -0.12788833659558974
-2.7199665734476648 -0.1290395772226571

-2.7199665734476648 -0.1290395772226571
-2.7169515791524406 -0.13100756431743338

-2.7169515791524406 -0.13100756431743338
-2.7168473457258213 -0.13108455584026529

-2.7168473457258213 -0.13108455584026529
-2.7137281180039774 -0.1330167664579309

-2.7137281180039774 -0.1330167664579309
-2.7119200385088771 -0.13412679203927705

-2.7119200385088771 -0.13412679203927705
-2.7106088902821339 -0.13494742462432532

-2.7106088902821339 -0.13494742462432532
-2.70748966256029 -0.13659930842854093

-2.70748966256029 -0.13659930842854093
-2.7062845304176437 -0.13724601976112069

-2.7062845304176437 -0.13724601976112069
-2.7043704348384465 -0.13823707714517847

-2.7043704348384465 -0.13823707714517847
-2.701251207116603 -0.13963974856386682

-2.701251207116603 -0.13963974856386682
-2.6995131801650016 -0.14036524748296433

-2.6995131801650016 -0.14036524748296433
-2.6981319793947591 -0.14094461373438408

-2.6981319793947591 -0.14094461373438408
-2.6950127516729157 -0.14201741208512567

-2.6950127516729157 -0.14201741208512567
-2.6918935239510717 -0.14291406675711565

-2.6918935239510717 -0.14291406675711565
-2.6894046735286969 -0.143484475204808

-2.6894046735286969 -0.143484475204808
-2.6887742962292283 -0.14363291377764298

-2.6887742962292283 -0.14363291377764298
-2.6856550685073848 -0.14415436465309556

-2.6856550685073848 -0.14415436465309556
-2.6825358407855409 -0.14449145059038485

-2.6825358407855409 -0.14449145059038485
-2.6794166130636974 -0.14463350749242967

-2.6794166130636974 -0.14463350749242967
-2.6762973853418535 -0.14457171973533875

-2.6762973853418535 -0.14457171973533875
-2.67317815762001 -0.14430282049468598

-2.67317815762001 -0.14430282049468598
-2.6700589298981665 -0.14383530256052818

-2.6700589298981665 -0.14383530256052818
-2.6684565176376074 -0.143484475204808

-2.6684565176376074 -0.143484475204808
-2.6669397021763226 -0.14314900264901242

-2.6669397021763226 -0.14314900264901242
-2.6638204744544791 -0.14227537168104679

-2.6638204744544791 -0.14227537168104679
-2.6607012467326356 -0.14122070855562413

-2.6607012467326356 -0.14122070855562413
-2.658564539045317 -0.14036524748296433

-2.658564539045317 -0.14036524748296433
-2.6575820190107917 -0.13995339167439572

-2.6575820190107917 -0.13995339167439572
-2.6544627912889482 -0.13854987500243657

-2.6544627912889482 -0.13854987500243657
-2.6519313930594235 -0.13724601976112069

-2.6519313930594235 -0.13724601976112069
-2.6513435635671043 -0.13691439497389982

-2.6513435635671043 -0.13691439497389982
-2.6482243358452608 -0.13520970772278326

-2.6482243358452608 -0.13520970772278326
-2.6464952738115146 -0.13412679203927705

-2.6464952738115146 -0.13412679203927705
-2.6451051081234174 -0.13323662138435743

-2.6451051081234174 -0.13323662138435743
-2.6419858804015734 -0.13130647753290292

-2.6419858804015734 -0.13130647753290292
-2.6415855469014331 -0.13100756431743338

-2.6415855469014331 -0.13100756431743338
-2.63886665267973 -0.12916589747221147

-2.63886665267973 -0.12916589747221147
-2.6371589751471372 -0.12788833659558974

-2.6371589751471372 -0.12788833659558974
-2.6357474249578861 -0.12681142405747151

-2.6357474249578861 -0.12681142405747151
-2.6329811949518969 -0.12476910887374608

-2.6329811949518969 -0.12476910887374608
-2.6326281972360426 -0.1244786002741092

-2.6326281972360426 -0.1244786002741092
-2.6295089695141991 -0.12217830782984029

-2.6295089695141991 -0.12217830782984029
-2.6288780149211566 -0.12164988115190242

-2.6288780149211566 -0.12164988115190242
-2.6263897417923552 -0.11970031440027476

-2.6263897417923552 -0.11970031440027476
-2.6249962098376796 -0.11853065343005878

-2.6249962098376796 -0.11853065343005878
-2.6232705140705117 -0.1170946015584766

-2.6232705140705117 -0.1170946015584766
-2.621250478684388 -0.11541142570821512

-2.621250478684388 -0.11541142570821512
-2.6201512863486678 -0.11446315094693833

-2.6201512863486678 -0.11446315094693833
-2.6175024672376441 -0.11229219798637147

-2.6175024672376441 -0.11229219798637147
-2.6170320586268243 -0.11187766773318751

-2.6170320586268243 -0.11187766773318751
-2.6139128309049808 -0.10937123653176878

-2.6139128309049808 -0.10937123653176878
-2.6136883487529383 -0.10917297026452782

-2.6136883487529383 -0.10917297026452782
-2.6107936031831369 -0.10681643298054383

-2.6107936031831369 -0.10681643298054383
-2.6099198376539259 -0.10605374254268417

-2.6099198376539259 -0.10605374254268417
-2.6076743754612934 -0.10418132259226269

-2.6076743754612934 -0.10418132259226269
-2.6062189413540402 -0.10293451482084051

-2.6062189413540402 -0.10293451482084051
-2.6045551477394495 -0.1015230245063975

-2.6045551477394495 -0.1015230245063975
-2.6024909023182627 -0.099815287098996869

-2.6024909023182627 -0.099815287098996869
-2.601435920017606 -0.098913954857677053

-2.601435920017606 -0.098913954857677053
-2.5986234432900308 -0.096696059377153212

-2.5986234432900308 -0.096696059377153212
-2.5983166922957626 -0.096433015016421417

-2.5983166922957626 -0.096433015016421417
-2.5951974645739186 -0.094062442494629847

-2.5951974645739186 -0.094062442494629847
-2.5946191467385478 -0.093576831655309556

-2.5946191467385478 -0.093576831655309556
-2.5920782368520752 -0.091607751081008104

-2.5920782368520752 -0.091607751081008104
-2.5906521707094066 -0.090457603933465913

-2.5906521707094066 -0.090457603933465913
-2.5889590091302312 -0.089113170364926955

-2.5889590091302312 -0.089113170364926955
-2.5866059416047213 -0.087338376211622257

-2.5866059416047213 -0.087338376211622257
-2.5858397814083878 -0.086721192321321749

-2.5858397814083878 -0.086721192321321749
-2.5827205536865443 -0.084515951131970871

-2.5827205536865443 -0.084515951131970871
-2.5823488345195433 -0.0842191484897786

-2.5823488345195433 -0.0842191484897786
-2.5796013259647004 -0.082248872374925633

-2.5796013259647004 -0.082248872374925633
-2.5780634262192037 -0.081099920767934958

-2.5780634262192037 -0.081099920767934958
-2.5764820982428569 -0.079924910278348762

-2.5764820982428569 -0.079924910278348762
-2.5736463548829707 -0.077980693046091301

-2.5736463548829707 -0.077980693046091301
-2.573362870521013 -0.077763490750516209

-2.573362870521013 -0.077763490750516209
-2.5702436427991695 -0.075719114783949854

-2.5702436427991695 -0.075719114783949854
-2.5690394219394972 -0.074861465324247645

-2.5690394219394972 -0.074861465324247645
-2.567124415077326 -0.073552187400137761

-2.567124415077326 -0.073552187400137761
-2.564314138582684 -0.071742237602403988

-2.564314138582684 -0.071742237602403988
-2.5640051873554821 -0.071518961463301944

-2.5640051873554821 -0.071518961463301944
-2.5608859596336386 -0.069603796953210673

-2.5608859596336386 -0.069603796953210673
-2.5593750290334731 -0.068623009880560346

-2.5593750290334731 -0.068623009880560346
-2.5577667319117947 -0.067586352410155676

-2.5577667319117947 -0.067586352410155676
-2.5546475041899512 -0.065758936217327688

-2.5546475041899512 -0.065758936217327688
-2.5542644237619734 -0.065503782158716689

-2.5542644237619734 -0.065503782158716689
-2.5515282764681078 -0.063882107491097004

-2.5515282764681078 -0.063882107491097004
-2.5489562809970052 -0.062384554436873046

-2.5489562809970052 -0.062384554436873046
-2.5484090487462638 -0.062033858069683742

-2.5484090487462638 -0.062033858069683742
-2.5452898210244204 -0.060320502782353687

-2.5452898210244204 -0.060320502782353687
-2.5434336209436466 -0.05926532671502939

-2.5434336209436466 -0.05926532671502939
-2.5421705933025764 -0.058528621431209134

-2.5421705933025764 -0.058528621431209134
-2.539051365580733 -0.056901869008070864

-2.539051365580733 -0.056901869008070864
-2.537689994153058 -0.05614609899318574

-2.537689994153058 -0.05614609899318574
-2.5359321378588895 -0.055188591909388005

-2.5359321378588895 -0.055188591909388005
-2.5328129101370456 -0.053623793853421788

-2.5328129101370456 -0.053623793853421788
-2.5316982918995268 -0.053026871271342091

-2.5316982918995268 -0.053026871271342091
-2.5296936824152021 -0.051994438772582467

-2.5296936824152021 -0.051994438772582467
-2.5265744546933582 -0.050495894211354045

-2.5265744546933582 -0.050495894211354045
-2.5254138497201777 -0.049907643549498434

-2.5254138497201777 -0.049907643549498434
-2.5234552269715147 -0.048947579280810116

-2.5234552269715147 -0.048947579280810116
-2.5203359992496712 -0.047517948713776965

-2.5203359992496712 -0.047517948713776965
-2.5187910469449495 -0.046788415827654785

-2.5187910469449495 -0.046788415827654785
-2.5172167715278273 -0.046047006495068564

-2.5172167715278273 -0.046047006495068564
-2.5140975438059838 -0.044682529996932029

-2.5140975438059838 -0.044682529996932029
-2.5117830531314942 -0.043669188105811135

-2.5117830531314942 -0.043669188105811135
-2.5109783160841399 -0.043297722591661758

-2.5109783160841399 -0.043297722591661758
-2.5078590883622964 -0.041999145183362445

-2.5078590883622964 -0.041999145183362445
-2.504739860640453 -0.040725140098230896

-2.504739860640453 -0.040725140098230896
-2.504338552392003 -0.040549960383967479

-2.504338552392003 -0.040549960383967479
-2.501620632918609 -0.03945386971622393

-2.501620632918609 -0.03945386971622393
-2.4985014051967656 -0.038237633051179408

-2.4985014051967656 -0.038237633051179408
-2.4964254325819741 -0.037430732662123829

-2.4964254325819741 -0.037430732662123829
-2.4953821774749216 -0.037012230891286739

-2.4953821774749216 -0.037012230891286739
-2.4922629497530782 -0.03585648171875027

-2.4922629497530782 -0.03585648171875027
-2.4891437220312347 -0.034723055298080424

-2.4891437220312347 -0.034723055298080424
-2.4880475535177253 -0.034311504940280173

-2.4880475535177253 -0.034311504940280173
-2.4860244943093908 -0.033573276261855592

-2.4860244943093908 -0.033573276261855592
-2.4829052665875473 -0.032478671309985614

-2.4829052665875473 -0.032478671309985614
-2.4797860388657038 -0.031411277443055378

-2.4797860388657038 -0.031411277443055378
-2.4791745461627261 -0.03119227721843652

-2.4791745461627261 -0.03119227721843652
-2.4766668111438599 -0.030341427531886452

-2.4766668111438599 -0.030341427531886452
-2.4735475834220164 -0.029315240754626753

-2.4735475834220164 -0.029315240754626753
-2.4704283557001725 -0.02832375453173459

-2.4704283557001725 -0.02832375453173459
-2.4696636190005443 -0.028073049496592867

-2.4696636190005443 -0.028073049496592867
-2.467309127978329 -0.027332951542775243

-2.467309127978329 -0.027332951542775243
-2.4641899002564855 -0.026388056376643293

-2.4641899002564855 -0.026388056376643293
-2.4610706725346416 -0.025474619462897558

-2.4610706725346416 -0.025474619462897558
-2.4592753897353634 -0.024953821774749217

-2.4592753897353634 -0.024953821774749217
-2.4579514448127981 -0.024565937431785031

-2.4579514448127981 -0.024565937431785031
-2.4548322170909542 -0.023709195442273893

-2.4548322170909542 -0.023709195442273893
-2.4517129893691108 -0.022870069076888849

-2.4517129893691108 -0.022870069076888849
-2.4485937616472673 -0.022063390477311415

-2.4485937616472673 -0.022063390477311415
-2.4477209102279378 -0.021834594052905564

-2.4477209102279378 -0.021834594052905564
-2.4454745339254234 -0.02126284233538682

-2.4454745339254234 -0.02126284233538682
-2.4423553062035799 -0.02049906097574963

-2.4423553062035799 -0.02049906097574963
-2.439236078481736 -0.019754775528440675

-2.439236078481736 -0.019754775528440675
-2.4361168507598925 -0.019036775959932476

-2.4361168507598925 -0.019036775959932476
-2.4347156854367413 -0.018715366331061911

-2.4347156854367413 -0.018715366331061911
-2.432997623038049 -0.018323876750597917

-2.432997623038049 -0.018323876750597917
-2.4298783953162051 -0.017646102228415877

-2.4298783953162051 -0.017646102228415877
-2.4267591675943616 -0.016985221615296413

-2.4267591675943616 -0.016985221615296413
-2.4236399398725177 -0.016345041774129879

-2.4236399398725177 -0.016345041774129879
-2.4205207121506742 -0.015729442594361348

-2.4205207121506742 -0.015729442594361348
-2.4198461617871487 -0.015596138609218262

-2.4198461617871487 -0.015596138609218262
-2.4174014844288307 -0.015126631364811113

-2.4174014844288307 -0.015126631364811113
-2.4142822567069868 -0.014553010684396593

-2.4142822567069868 -0.014553010684396593
-2.4111630289851433 -0.014002038879551091

-2.4111630289851433 -0.014002038879551091
-2.4080438012632994 -0.013474932340803053

-2.4080438012632994 -0.013474932340803053
-2.4049245735414559 -0.012972330515787452

-2.4049245735414559 -0.012972330515787452
-2.4018053458196125 -0.012495304089113582

-2.4018053458196125 -0.012495304089113582
-2.4016828928872389 -0.012476910887374609

-2.4016828928872389 -0.012476910887374609
-2.3986861180977685 -0.012042276156094784

-2.3986861180977685 -0.012042276156094784
-2.3955668903759251 -0.011614950892230597

-2.3955668903759251 -0.011614950892230597
-2.3924476626540812 -0.011211925631082625

-2.3924476626540812 -0.011211925631082625
-2.3893284349322377 -0.010832611577142466

-2.3893284349322377 -0.010832611577142466
-2.3862092072103942 -0.010476171821242393

-2.3862092072103942 -0.010476171821242393
-2.3830899794885503 -0.010141367607818932

-2.3830899794885503 -0.010141367607818932
-2.3799707517667068 -0.0098271833316432734

-2.3799707517667068 -0.0098271833316432734
-2.3768515240448629 -0.0095335591264631356

-2.3768515240448629 -0.0095335591264631356
-2.3748550202472907 -0.0093576831655309573

-2.3748550202472907 -0.0093576831655309573
-2.3737322963230194 -0.0092582485683868881

-2.3737322963230194 -0.0092582485683868881
-2.3706130686011759 -0.0090055156395689312

-2.3706130686011759 -0.0090055156395689312
-2.367493840879332 -0.0087730582732630791

-2.367493840879332 -0.0087730582732630791
-2.3643746131574885 -0.0085630365180879471

-2.3643746131574885 -0.0085630365180879471
-2.3612553854356446 -0.0083763750581282749

-2.3612553854356446 -0.0083763750581282749
-2.3581361577138011 -0.008213724817045763

-2.3581361577138011 -0.008213724817045763
-2.3550169299919577 -0.0080762477998852725

-2.3550169299919577 -0.0080762477998852725
-2.3518977022701137 -0.007965370446867355

-2.3518977022701137 -0.007965370446867355
-2.3487784745482703 -0.0078817569138075177

-2.3487784745482703 -0.0078817569138075177
-2.3456592468264263 -0.0078250527421414983

-2.3456592468264263 -0.0078250527421414983
-2.3425400191045829 -0.0077951250189685203

-2.3425400191045829 -0.0077951250189685203
-2.3394207913827394 -0.0077929042970279437

-2.3394207913827394 -0.0077929042970279437
-2.3363015636608955 -0.0078189034288931574

-2.3363015636608955 -0.0078189034288931574
-2.333182335939052 -0.007871494328778806

-2.333182335939052 -0.007871494328778806
-2.3300631082172081 -0.0079484224010444773

-2.3300631082172081 -0.0079484224010444773
-2.3269438804953646 -0.0080497481311405886

-2.3269438804953646 -0.0080497481311405886
-2.3238246527735211 -0.0081768743514474967

-2.3238246527735211 -0.0081768743514474967
-2.3207054250516772 -0.0083287418091397315

-2.3207054250516772 -0.0083287418091397315
-2.3175861973298337 -0.0085027254615750794

-2.3175861973298337 -0.0085027254615750794
-2.3144669696079898 -0.0086997109857407176

-2.3144669696079898 -0.0086997109857407176
-2.3113477418861463 -0.0089233868518341034

-2.3113477418861463 -0.0089233868518341034
-2.3082285141643029 -0.0091717225182988606

-2.3082285141643029 -0.0091717225182988606
-2.3060880890818272 -0.0093576831655309573

-2.3060880890818272 -0.0093576831655309573
-2.3051092864424589 -0.0094434908705836873

-2.3051092864424589 -0.0094434908705836873
-2.3019900587206155 -0.0097385669784854981

-2.3019900587206155 -0.0097385669784854981
-2.298870830998772 -0.010065110534174072

-2.298870830998772 -0.010065110534174072
-2.2957516032769281 -0.010421781963961648

-2.2957516032769281 -0.010421781963961648
-2.2926323755550846 -0.010807510350619991

-2.2926323755550846 -0.010807510350619991
-2.2895131478332407 -0.011224745854701521

-2.2895131478332407 -0.011224745854701521
-2.2863939201113972 -0.011675870911948369

-2.2863939201113972 -0.011675870911948369
-2.2832746923895537 -0.012155553813722868

-2.2832746923895537 -0.012155553813722868
-2.2813147141560326 -0.012476910887374609

-2.2813147141560326 -0.012476910887374609
-2.2801554646677098 -0.012669223576024482

-2.2801554646677098 -0.012669223576024482
-2.2770362369458663 -0.013204766114262356

-2.2770362369458663 -0.013204766114262356
-2.2739170092240224 -0.013774712072188352

-2.2739170092240224 -0.013774712072188352
-2.2707977815021789 -0.014372509463262725

-2.2707977815021789 -0.014372509463262725
-2.2676785537803354 -0.014996143459582766

-2.2676785537803354 -0.014996143459582766
-2.2648070032034799 -0.015596138609218262

-2.2648070032034799 -0.015596138609218262
-2.2645593260584915 -0.015650333332453244

-2.2645593260584915 -0.015650333332453244
-2.2614400983366481 -0.016326072519062537

-2.2614400983366481 -0.016326072519062537
-2.2583208706148041 -0.017026916684783903

-2.2583208706148041 -0.017026916684783903
-2.2552016428929607 -0.017750265799923184

-2.2552016428929607 -0.017750265799923184
-2.2520824151711172 -0.018493237692038027

-2.2520824151711172 -0.018493237692038027
-2.2512136856015439 -0.018715366331061911

-2.2512136856015439 -0.018715366331061911
-2.2489631874492733 -0.019275299247862584

-2.2489631874492733 -0.019275299247862584
-2.2458439597274298 -0.020064365012781395

-2.2458439597274298 -0.020064365012781395
-2.2427247320055859 -0.020878911074813638

-2.2427247320055859 -0.020878911074813638
-2.2396055042837424 -0.021708442039588598

-2.2396055042837424 -0.021708442039588598
-2.239169118362669 -0.021834594052905564

-2.239169118362669 -0.021834594052905564
-2.2364862765618989 -0.022572376017959927

-2.2364862765618989 -0.022572376017959927
-2.233367048840055 -0.023448843237040651

-2.233367048840055 -0.023448843237040651
-2.2302478211182115 -0.024340002852036711

-2.2302478211182115 -0.024340002852036711
-2.2281627080067588 -0.024953821774749217

-2.2281627080067588 -0.024953821774749217
-2.2271285933963676 -0.025266181274926761

-2.2271285933963676 -0.025266181274926761
-2.2240093656745241 -0.026180049724811968

-2.2240093656745241 -0.026180049724811968
-2.2208901379526806 -0.027115508207859292

-2.2208901379526806 -0.027115508207859292
-2.2177709102308367 -0.028058690367539892

-2.2177709102308367 -0.028058690367539892
-2.2177272426760446 -0.028073049496592867

-2.2177272426760446 -0.028073049496592867
-2.2146516825089932 -0.029009729703429944

-2.2146516825089932 -0.029009729703429944
-2.2115324547871493 -0.029963874016524037

-2.2115324547871493 -0.029963874016524037
-2.2084132270653059 -0.030910660756913958

-2.2084132270653059 -0.030910660756913958
-2.2075326368602264 -0.03119227721843652

-2.2075326368602264 -0.03119227721843652
-2.2052939993434624 -0.03188400465212618

-2.2052939993434624 -0.03188400465212618
-2.2021747716216185 -0.032836456532575713

-2.2021747716216185 -0.032836456532575713
-2.199055543899775 -0.033783636032371514

-2.199055543899775 -0.033783636032371514
-2.1973511522699041 -0.034311504940280173

-2.1973511522699041 -0.034311504940280173
-2.1959363161779311 -0.034752759448651555

-2.1959363161779311 -0.034752759448651555
-2.1928170884560876 -0.035687470071050484

-2.1928170884560876 -0.035687470071050484
-2.1896978607342441 -0.036623197811693986

-2.1896978607342441 -0.036623197811693986
-2.1869816737341417 -0.037430732662123829

-2.1869816737341417 -0.037430732662123829
-2.1865786330124002 -0.037557485793869229

-2.1865786330124002 -0.037557485793869229
-2.1834594052905567 -0.038463482858085221

-2.1834594052905567 -0.038463482858085221
-2.1803401775687128 -0.039360845226292768

-2.1803401775687128 -0.039360845226292768
-2.1772209498468693 -0.040230030928976292

-2.1772209498468693 -0.040230030928976292
-2.1760890523453238 -0.040549960383967479

-2.1760890523453238 -0.040549960383967479
-2.1741017221250258 -0.041100491057903164

-2.1741017221250258 -0.041100491057903164
-2.1709824944031819 -0.041928028133455628

-2.1709824944031819 -0.041928028133455628
-2.1678632666813384 -0.042732630548082531

-2.1678632666813384 -0.042732630548082531
-2.1647440389594945 -0.043498646650179162

-2.1647440389594945 -0.043498646650179162
-2.1640488818738342 -0.043669188105811135

-2.1640488818738342 -0.043669188105811135
-2.161624811237651 -0.044243494640410171

-2.161624811237651 -0.044243494640410171
-2.1585055835158076 -0.044939474634776162

-2.1585055835158076 -0.044939474634776162
-2.1553863557939636 -0.045591272596277856

-2.1553863557939636 -0.045591272596277856
-2.1522671280721202 -0.046192416011747901

-2.1522671280721202 -0.046192416011747901
-2.1491479003502763 -0.046736881949985945

-2.1491479003502763 -0.046736881949985945
-2.1488289092812796 -0.046788415827654785

-2.1488289092812796 -0.046788415827654785
-2.1460286726284328 -0.047225640063938534

-2.1460286726284328 -0.047225640063938534
-2.1429094449065893 -0.047648775482198036

-2.1429094449065893 -0.047648775482198036
-2.1397902171847454 -0.048004033276042586

-2.1397902171847454 -0.048004033276042586
-2.1366709894629019 -0.048287347116531994

-2.1366709894629019 -0.048287347116531994
-2.133551761741058 -0.048495723390578817

-2.133551761741058 -0.048495723390578817
-2.1304325340192145 -0.048627673760170985

-2.1304325340192145 -0.048627673760170985
-2.127313306297371 -0.048682211467726451

-2.127313306297371 -0.048682211467726451
-2.1241940785755271 -0.048658424098880944

-2.1241940785755271 -0.048658424098880944
-2.1210748508536836 -0.048555606053256983

-2.1210748508536836 -0.048555606053256983
-2.1179556231318402 -0.048373672134501847

-2.1179556231318402 -0.048373672134501847
-2.1148363954099962 -0.048112389707736257

-2.1148363954099962 -0.048112389707736257
-2.1117171676881528 -0.047771221081329647

-2.1117171676881528 -0.047771221081329647
-2.1085979399663088 -0.047350505854393002

-2.1085979399663088 -0.047350505854393002
-2.1054787122444654 -0.046853707653119067

-2.1054787122444654 -0.046853707653119067
-2.1051392549989032 -0.046788415827654785

-2.1051392549989032 -0.046788415827654785
-2.1023594845226219 -0.046271410214668962

-2.1023594845226219 -0.046271410214668962
-2.099240256800778 -0.045609622034132248

-2.099240256800778 -0.045609622034132248
-2.0961210290789345 -0.044866249351376397

-2.0961210290789345 -0.044866249351376397
-2.0930018013570906 -0.044053944090313428

-2.0930018013570906 -0.044053944090313428
-2.0916998743185355 -0.043669188105811135

-2.0916998743185355 -0.043669188105811135
-2.0898825736352471 -0.04313679744612342

-2.0898825736352471 -0.04313679744612342
-2.0867633459134036 -0.042159172714871858

-2.0867633459134036 -0.042159172714871858
-2.0836441181915597 -0.041107748625565675

-2.0836441181915597 -0.041107748625565675
-2.0821544694206731 -0.040549960383967479

-2.0821544694206731 -0.040549960383967479
-2.0805248904697162 -0.039940352819403384

-2.0805248904697162 -0.039940352819403384
-2.0774056627478723 -0.038733624016769656

-2.0774056627478723 -0.038733624016769656
-2.0742864350260288 -0.037437805934703763

-2.0742864350260288 -0.037437805934703763
-2.0742720658033562 -0.037430732662123829

-2.0742720658033562 -0.037430732662123829
-2.0711672073041854 -0.036064070617337567

-2.0711672073041854 -0.036064070617337567
-2.0680479795823414 -0.034647767839312678

-2.0680479795823414 -0.034647767839312678
-2.0674024342580748 -0.034311504940280173

-2.0674024342580748 -0.034311504940280173
-2.064928751860498 -0.033110849931482243

-2.064928751860498 -0.033110849931482243
-2.061809524138654 -0.031583043300935053

-2.061809524138654 -0.031583043300935053
-2.0611136609278007 -0.03119227721843652

-2.0611136609278007 -0.03119227721843652
-2.0586902964168106 -0.029926510403884929

-2.0586902964168106 -0.029926510403884929
-2.0555710686949671 -0.028291047672458068

-2.0555710686949671 -0.028291047672458068
-2.055215769373556 -0.028073049496592867

-2.055215769373556 -0.028073049496592867
-2.0524518409731232 -0.026552907727636327

-2.0524518409731232 -0.026552907727636327
-2.0496089085674107 -0.024953821774749217

-2.0496089085674107 -0.024953821774749217
-2.0493326132512797 -0.024778108642380777

-2.0493326132512797 -0.024778108642380777
-2.0462133855294358 -0.023026638749319192

-2.0462133855294358 -0.023026638749319192
-2.0442152717445694 -0.021834594052905564

-2.0442152717445694 -0.021834594052905564
-2.0430941578075923 -0.021135648725346175

-2.0430941578075923 -0.021135648725346175
-2.0399749300857488 -0.019365298712258887

-2.0399749300857488 -0.019365298712258887
-2.0389740836000008 -0.018715366331061911

-2.0389740836000008 -0.018715366331061911
-2.0368557023639049 -0.017413790579862049

-2.0368557023639049 -0.017413790579862049
-2.0338621194350663 -0.015596138609218262

-2.0338621194350663 -0.015596138609218262
-2.0337364746420614 -0.01550858690429514

-2.0337364746420614 -0.01550858690429514
-2.0306172469202175 -0.013615408193419779

-2.0306172469202175 -0.013615408193419779
-2.0288563366471268 -0.012476910887374609

-2.0288563366471268 -0.012476910887374609
-2.027498019198374 -0.011579498618412027

-2.027498019198374 -0.011579498618412027
-2.0243787914765305 -0.009691107689443583

-2.0243787914765305 -0.009691107689443583
-2.0239059701026187 -0.0093576831655309573

-2.0239059701026187 -0.0093576831655309573
-2.0212595637546866 -0.0076795337072109162

-2.0212595637546866 -0.0076795337072109162
-2.019026555085746 -0.0062384554436873043

-2.019026555085746 -0.0062384554436873043
-2.0181403360328432 -0.0056254282133134286

-2.0181403360328432 -0.0056254282133134286
-2.0150211083109992 -0.0037329506515866632

-2.0150211083109992 -0.0037329506515866632
-2.0141323337246377 -0.0031192277218436521

-2.0141323337246377 -0.0031192277218436521
-2.0119018805891558 -0.0016832440041750004

-2.0119018805891558 -0.0016832440041750004
-2.0092285146330924 0

-2.0092285146330924 0
-2.0087826528673123 0.00031271710652142201

-2.0087826528673123 0.00031271710652142201
-2.0056634251454684 0.0021921105838349922

-2.0056634251454684 0.0021921105838349922
-2.0042391401993065 0.0031192277218436517

-2.0042391401993065 0.0031192277218436517
-2.0025441974236249 0.004205925396995892

-2.0025441974236249 0.004205925396995892
-1.999424969701781 0.0060577877096231556

-1.999424969701781 0.0060577877096231556
-1.9991599493526098 0.0062384554436873043

-1.9991599493526098 0.0062384554436873043
-1.9963057419799373 0.0079528589273002385

-1.9963057419799373 0.0079528589273002385
-1.9939639916740093 0.0093576831655309556

-1.9939639916740093 0.0093576831655309556
-1.9931865142580936 0.0098609762816293366

-1.9931865142580936 0.0098609762816293366
-1.9900672865362501 0.011609762110485485

-1.9900672865362501 0.011609762110485485
-1.9886246332551034 0.012476910887374609

-1.9886246332551034 0.012476910887374609
-1.9869480588144064 0.013472130534005334

-1.9869480588144064 0.013472130534005334
-1.9838288310925627 0.015175328009606725

-1.9838288310925627 0.015175328009606725
-1.9831413208687527 0.01559613860921826

-1.9831413208687527 0.01559613860921826
-1.980709603370719 0.016965956843994035

-1.980709603370719 0.016965956843994035
-1.9775903756488753 0.018675059302824263

-1.9775903756488753 0.018675059302824263
-1.9775259860157803 0.018715366331061915

-1.9775259860157803 0.018715366331061915
-1.9744711479270318 0.020379855287608592

-1.9744711479270318 0.020379855287608592
-1.9717820931306713 0.021834594052905568

-1.9717820931306713 0.021834594052905568
-1.9713519202051881 0.022092342999652816

-1.9713519202051881 0.022092342999652816
-1.9682326924833444 0.023721680881196416

-1.9682326924833444 0.023721680881196416
-1.9659216972304148 0.024953821774749217

-1.9659216972304148 0.024953821774749217
-1.9651134647615007 0.025413965936747752

-1.9651134647615007 0.025413965936747752
-1.961994237039657 0.026996114907357545

-1.961994237039657 0.026996114907357545
-1.9599412722559466 0.02807304949659287

-1.9599412722559466 0.02807304949659287
-1.9588750093178136 0.028656054645228631

-1.9588750093178136 0.028656054645228631
-1.9557557815959699 0.03019578949334558

-1.9557557815959699 0.03019578949334558
-1.9538047219258436 0.03119227721843652

-1.9538047219258436 0.03119227721843652
-1.9526365538741262 0.031807980146955843

-1.9526365538741262 0.031807980146955843
-1.9495173261522825 0.033302944947916815

-1.9495173261522825 0.033302944947916815
-1.947466053609284 0.034311504940280173

-1.947466053609284 0.034311504940280173
-1.9463980984304388 0.034857086259005667

-1.9463980984304388 0.034857086259005667
-1.9432788707085953 0.03630495889075467

-1.9432788707085953 0.03630495889075467
-1.9408755560460758 0.037430732662123822

-1.9408755560460758 0.037430732662123822
-1.9401596429867516 0.037788268085627352

-1.9401596429867516 0.037788268085627352
-1.9370404152649079 0.03918490267877988

-1.9370404152649079 0.03918490267877988
-1.9339763384081181 0.040549960383967479

-1.9339763384081181 0.040549960383967479
-1.9339211875430642 0.040577447913061879

-1.9339211875430642 0.040577447913061879
-1.9308019598212205 0.041934364020156531

-1.9308019598212205 0.041934364020156531
-1.927682732099377 0.043246822626034506

-1.927682732099377 0.043246822626034506
-1.9267271791548903 0.043669188105811128

-1.9267271791548903 0.043669188105811128
-1.9245635043775333 0.044585311803828451

-1.9245635043775333 0.044585311803828451
-1.9214442766556896 0.045853795586738418

-1.9214442766556896 0.045853795586738418
-1.9191489832422224 0.046788415827654778

-1.9191489832422224 0.046788415827654778
-1.9183250489338459 0.047140516976838798

-1.9183250489338459 0.047140516976838798
-1.9152058212120022 0.0483626975862715

-1.9152058212120022 0.0483626975862715
-1.9120865934901587 0.049567753604004408

-1.9120865934901587 0.049567753604004408
-1.9112516110675339 0.049907643549498434

-1.9112516110675339 0.049907643549498434
-1.908967365768315 0.050794735209314219

-1.908967365768315 0.050794735209314219
-1.9058481380464714 0.051970673241956131

-1.9058481380464714 0.051970673241956131
-1.9030155673435303 0.053026871271342084

-1.9030155673435303 0.053026871271342084
-1.9027289103246277 0.053142458857216544

-1.9027289103246277 0.053142458857216544
-1.8996096826027842 0.054274322262996902

-1.8996096826027842 0.054274322262996902
-1.8964904548809405 0.055385150830560337

-1.8964904548809405 0.055385150830560337
-1.8943360008661216 0.056146098993185733

-1.8943360008661216 0.056146098993185733
-1.8933712271590968 0.05649833850632778

-1.8933712271590968 0.05649833850632778
-1.8902519994372531 0.05754879037360195

-1.8902519994372531 0.05754879037360195
-1.8871327717154094 0.058579686511363159

-1.8871327717154094 0.058579686511363159
-1.8850308457669813 0.05926532671502939

-1.8850308457669813 0.05926532671502939
-1.8840135439935659 0.05960643888280117

-1.8840135439935659 0.05960643888280117
-1.8808943162717222 0.060573940738948479

-1.8808943162717222 0.060573940738948479
-1.8777750885498785 0.061525211031224464

-1.8777750885498785 0.061525211031224464
-1.8748768721806692 0.06238455443687304

-1.8748768721806692 0.06238455443687304
-1.8746558608280348 0.062454459193409945

-1.8746558608280348 0.062454459193409945
-1.8715366331061911 0.06334916019699087

-1.8715366331061911 0.06334916019699087
-1.8684174053843476 0.064225447937693469

-1.8684174053843476 0.064225447937693469
-1.8652981776625039 0.06507486209479045

-1.8652981776625039 0.06507486209479045
-1.8637307936248013 0.065503782158716703

-1.8637307936248013 0.065503782158716703
-1.8621789499406602 0.065928306389652996

-1.8621789499406602 0.065928306389652996
-1.8590597222188165 0.066744726031283924

-1.8590597222188165 0.066744726031283924
-1.8559404944969728 0.067554170197814623

-1.8559404944969728 0.067554170197814623
-1.8528212667751294 0.068344311165176266

-1.8528212667751294 0.068344311165176266
-1.8517468573291911 0.068623009880560346

-1.8517468573291911 0.068623009880560346
-1.8497020390532857 0.069142708806622946

-1.8497020390532857 0.069142708806622946
-1.846582811331442 0.069914028096251801

-1.846582811331442 0.069914028096251801
-1.8434635836095983 0.070675636899857938

-1.8434635836095983 0.070675636899857938
-1.8403443558877546 0.071416494573843414

-1.8403443558877546 0.071416494573843414
-1.8389814374249485 0.071742237602404002

-1.8389814374249485 0.071742237602404002
-1.8372251281659111 0.07215858479906552

-1.8372251281659111 0.07215858479906552
-1.8341059004440674 0.072868047056385901

-1.8341059004440674 0.072868047056385901
-1.8309866727222237 0.073563007108399608

-1.8309866727222237 0.073563007108399608
-1.82786744500038 0.074237706726439742

-1.82786744500038 0.074237706726439742
-1.824895297925059 0.074861465324247659

-1.824895297925059 0.074861465324247659
-1.8247482172785363 0.074893845213946472

-1.8247482172785363 0.074893845213946472
-1.8216289895566928 0.075526337093576021

-1.8216289895566928 0.075526337093576021
-1.8185097618348491 0.0761401652722766

-1.8185097618348491 0.0761401652722766
-1.8153905341130054 0.076734845080799516

-1.8153905341130054 0.076734845080799516
-1.8122713063911617 0.077311887347847288

-1.8122713063911617 0.077311887347847288
-1.8091520786693183 0.077870528100397421

-1.8091520786693183 0.077870528100397421
-1.8085430111035576 0.077980693046091315

-1.8085430111035576 0.077980693046091315
-1.8060328509474746 0.078422291803899785

-1.8060328509474746 0.078422291803899785
-1.8029136232256309 0.078956362788599618

-1.8029136232256309 0.078956362788599618
-1.7997943955037872 0.079479657399153664

-1.7997943955037872 0.079479657399153664
-1.7966751677819435 0.079992885195590668

-1.7966751677819435 0.079992885195590668
-1.7935559400601 0.080496876279819635

-1.7935559400601 0.080496876279819635
-1.7904367123382563 0.080989359851264098

-1.7904367123382563 0.080989359851264098
-1.7897434854035772 0.081099920767934958

-1.7897434854035772 0.081099920767934958
-1.7873174846164126 0.081478297451431161

-1.7873174846164126 0.081478297451431161
-1.7841982568945689 0.081952466968621199

-1.7841982568945689 0.081952466968621199
-1.7810790291727252 0.082415547015097623

-1.7810790291727252 0.082415547015097623
-1.7779598014508817 0.082865695484454466

-1.7779598014508817 0.082865695484454466
-1.774840573729038 0.08330155002932757

-1.774840573729038 0.08330155002932757
-1.7717213460071943 0.083721931914379891

-1.7717213460071943 0.083721931914379891
-1.7686021182853506 0.084124550692134953

-1.7686021182853506 0.084124550692134953
-1.7678555277748638 0.084219148489778614

-1.7678555277748638 0.084219148489778614
-1.7654828905635069 0.084514693332042534

-1.7654828905635069 0.084514693332042534
-1.7623636628416635 0.0848853375825699

-1.7623636628416635 0.0848853375825699
-1.7592444351198198 0.085240062806601527

-1.7592444351198198 0.085240062806601527
-1.7561252073979761 0.085579341759479441

-1.7561252073979761 0.085579341759479441
-1.7530059796761324 0.085904537613525636

-1.7530059796761324 0.085904537613525636
-1.7498867519542887 0.08621727003166238

-1.7498867519542887 0.08621727003166238
-1.7467675242324452 0.086519321713806469

-1.7467675242324452 0.086519321713806469
-1.7436482965106015 0.086812436962460673

-1.7436482965106015 0.086812436962460673
-1.7405290687887578 0.08709804172149968

-1.7405290687887578 0.08709804172149968
-1.7378448881243309 0.087338376211622271

-1.7378448881243309 0.087338376211622271
-1.7374098410669141 0.087377957999305214

-1.7374098410669141 0.087377957999305214
-1.7342906133450704 0.087650157783173185

-1.7342906133450704 0.087650157783173185
-1.7311713856232269 0.087916711126637015

-1.7311713856232269 0.087916711126637015
-1.7280521579013832 0.088176777114246513

-1.7280521579013832 0.088176777114246513
-1.7249329301795395 0.088429723844217642

-1.7249329301795395 0.088429723844217642
-1.7218137024576958 0.088674571786567472

-1.7218137024576958 0.088674571786567472
-1.7186944747358524 0.088910091011704967

-1.7186944747358524 0.088910091011704967
-1.7155752470140087 0.089135011445409154

-1.7155752470140087 0.089135011445409154
-1.712456019292165 0.089348259556886495

-1.712456019292165 0.089348259556886495
-1.7093367915703213 0.089549006432595502

-1.7093367915703213 0.089549006432595502
-1.7062175638484776 0.089736654563809734

-1.7062175638484776 0.089736654563809734
-1.7030983361266341 0.08991100249735838

-1.7030983361266341 0.08991100249735838
-1.6999791084047904 0.09007231667505608

-1.6999791084047904 0.09007231667505608
-1.6968598806829467 0.090221391776618795

-1.6968598806829467 0.090221391776618795
-1.693740652961103 0.090359519759505333

-1.693740652961103 0.090359519759505333
-1.6913634551869094 0.090457603933465913

-1.6913634551869094 0.090457603933465913
-1.6906214252392593 0.090488375599617726

-1.6906214252392593 0.090488375599617726
-1.6875021975174158 0.090608360977647712

-1.6875021975174158 0.090608360977647712
-1.6843829697955721 0.090721498073890045

-1.6843829697955721 0.090721498073890045
-1.6812637420737284 0.090829191844696761

-1.6812637420737284 0.090829191844696761
-1.6781445143518847 0.090932821498498295

-1.6781445143518847 0.090932821498498295
-1.675025286630041 0.091033411068490319

-1.675025286630041 0.091033411068490319
-1.6719060589081975 0.091131470810154727

-1.6719060589081975 0.091131470810154727
-1.6687868311863538 0.091226863081334764

-1.6687868311863538 0.091226863081334764
-1.6656676034645101 0.091318811377499226

-1.6656676034645101 0.091318811377499226
-1.6625483757426665 0.091406058446758726

-1.6625483757426665 0.091406058446758726
-1.6594291480208228 0.091486985040821492

-1.6594291480208228 0.091486985040821492
-1.6563099202989793 0.091559576517286329

-1.6563099202989793 0.091559576517286329
-1.6531906925771356 0.091621471720984157

-1.6531906925771356 0.091621471720984157
-1.6500714648552919 0.091670366071270604

-1.6500714648552919 0.091670366071270604
-1.6469522371334482 0.091704544329630489

-1.6469522371334482 0.091704544329630489
-1.6438330094116045 0.091723059550648092

-1.6438330094116045 0.091723059550648092
-1.640713781689761 0.091725499267131777

-1.640713781689761 0.091725499267131777
-1.6375945539679173 0.09171170295350152

-1.6375945539679173 0.09171170295350152
-1.6344753262460736 0.091681779821371573

-1.6344753262460736 0.091681779821371573
-1.6313560985242299 0.091636541977293054

-1.6313560985242299 0.091636541977293054
-1.6282368708023864 0.091577959037672949

-1.6282368708023864 0.091577959037672949
-1.6251176430805427 0.091508912978382984

-1.6251176430805427 0.091508912978382984
-1.621998415358699 0.091432230961281696

-1.621998415358699 0.091432230961281696
-1.6188791876368553 0.091349833207624478

-1.6188791876368553 0.091349833207624478
-1.6157599599150116 0.091262981309052915

-1.6157599599150116 0.091262981309052915
-1.6126407321931682 0.091173721126586699

-1.6126407321931682 0.091173721126586699
-1.6095215044713245 0.091084875289809214

-1.6095215044713245 0.091084875289809214
-1.6064022767494808 0.090997371254016482

-1.6064022767494808 0.090997371254016482
-1.6032830490276371 0.090910146638429806

-1.6032830490276371 0.090910146638429806
-1.6001638213057934 0.090823615999435892

-1.6001638213057934 0.090823615999435892
-1.5970445935839499 0.090738312798160498

-1.5970445935839499 0.090738312798160498
-1.5939253658621062 0.090651763759616019

-1.5939253658621062 0.090651763759616019
-1.5908061381402625 0.09056347528520467

-1.5908061381402625 0.09056347528520467
-1.5876869104184188 0.090474618052939978

-1.5876869104184188 0.090474618052939978
-1.5871101307690441 0.090457603933465913

-1.5871101307690441 0.090457603933465913
-1.5845676826965751 0.090382939834802001

-1.5845676826965751 0.090382939834802001
-1.5814484549747316 0.090285540697917638

-1.5814484549747316 0.090285540697917638
-1.5783292272528879 0.090180459592564488

-1.5783292272528879 0.090180459592564488
-1.5752099995310442 0.090067821582970956

-1.5752099995310442 0.090067821582970956
-1.5720907718092005 0.089948346707330554

-1.5720907718092005 0.089948346707330554
-1.5689715440873568 0.089822986525169998

-1.5689715440873568 0.089822986525169998
-1.5658523163655134 0.089692972294428464

-1.5658523163655134 0.089692972294428464
-1.5627330886436697 0.089559725491776418

-1.5627330886436697 0.089559725491776418
-1.559613860921826 0.089424940885374352

-1.559613860921826 0.089424940885374352
-1.5564946331999823 0.089290774048796651

-1.5564946331999823 0.089290774048796651
-1.5533754054781388 0.08915970431633484

-1.5533754054781388 0.08915970431633484
-1.5502561777562951 0.089034115605506378

-1.5502561777562951 0.089034115605506378
-1.5471369500344514 0.088916033845206605

-1.5471369500344514 0.088916033845206605
-1.5440177223126077 0.088807137658482235

-1.5440177223126077 0.088807137658482235
-1.540898494590764 0.088708816330068566

-1.540898494590764 0.088708816330068566
-1.5377792668689205 0.088622116077251123

-1.5377792668689205 0.088622116077251123
-1.5346600391470768 0.088547658163169826

-1.5346600391470768 0.088547658163169826
-1.5315408114252331 0.088485707499088198

-1.5315408114252331 0.088485707499088198
-1.5284215837033894 0.08843637261299267

-1.5284215837033894 0.08843637261299267
-1.5253023559815457 0.08839974880828147

-1.5253023559815457 0.08839974880828147
-1.5221831282597023 0.08837585933912083

-1.5221831282597023 0.08837585933912083
-1.5190639005378586 0.088364466320388982

-1.5190639005378586 0.088364466320388982
-1.5159446728160149 0.088364954018863448

-1.5159446728160149 0.088364954018863448
-1.5128254450941712 0.088376394301132893

-1.5128254450941712 0.088376394301132893
-1.5097062173723275 0.088397745187103041

-1.5097062173723275 0.088397745187103041
-1.506586989650484 0.088428077869306218

-1.506586989650484 0.088428077869306218
-1.5034677619286403 0.088466762755573705

-1.5034677619286403 0.088466762755573705
-1.5003485342067966 0.088513578592245942

-1.5003485342067966 0.088513578592245942
-1.4972293064849529 0.088568726595122785

-1.4972293064849529 0.088568726595122785
-1.4941100787631092 0.088632747564016248

-1.4941100787631092 0.088632747564016248
-1.4909908510412657 0.08870638564980958

-1.4909908510412657 0.08870638564980958
-1.487871623319422 0.088790487366443904

-1.487871623319422 0.088790487366443904
-1.4847523955975783 0.088886002091462718

-1.4847523955975783 0.088886002091462718
-1.4816331678757346 0.088994068707960297

-1.4816331678757346 0.088994068707960297
-1.4785139401538909 0.089115925592988046

-1.4785139401538909 0.089115925592988046
-1.4753947124320475 0.089252634639163525

-1.4753947124320475 0.089252634639163525
-1.4722754847102038 0.089404915008948385

-1.4722754847102038 0.089404915008948385
-1.4691562569883601 0.089573214647999166

-1.4691562569883601 0.089573214647999166
-1.4660370292665164 0.089757913231620523

-1.4660370292665164 0.089757913231620523
-1.4629178015446729 0.089959378820747823

-1.4629178015446729 0.089959378820747823
-1.4597985738228292 0.090177808429805953

-1.4597985738228292 0.090177808429805953
-1.4566793461009855 0.090412417230633896

-1.4566793461009855 0.090412417230633896
-1.4561277441579157 0.090457603933465913

-1.4561277441579157 0.090457603933465913
-1.4535601183791418 0.090665338103916471

-1.4535601183791418 0.090665338103916471
-1.4504408906572981 0.090934867332700717

-1.4504408906572981 0.090934867332700717
-1.4473216629354546 0.091222274654141858

-1.4473216629354546 0.091222274654141858
-1.4442024352136109 0.091527189001579884

-1.4442024352136109 0.091527189001579884
-1.4410832074917672 0.091849203024692766

-1.4410832074917672 0.091849203024692766
-1.4379639797699235 0.092188097410067421

-1.4379639797699235 0.092188097410067421
-1.4348447520480798 0.09254379929739516

-1.4348447520480798 0.09254379929739516
-1.4317255243262363 0.092916012145568522

-1.4317255243262363 0.092916012145568522
-1.4286062966043926 0.093302949254741113

-1.4286062966043926 0.093302949254741113
-1.4264923528685818 0.09357683165530957

-1.4264923528685818 0.09357683165530957
-1.4254870688825489 0.09370867511802411

-1.4254870688825489 0.09370867511802411
-1.4223678411607052 0.094125960475734932

-1.4223678411607052 0.094125960475734932
-1.4192486134388616 0.094562797216558928

-1.4192486134388616 0.094562797216558928
-1.4161293857170181 0.095016683794159132

-1.4161293857170181 0.095016683794159132
-1.4130101579951744 0.09548667852664508

-1.4130101579951744 0.09548667852664508
-1.4098909302733307 0.095972010093262894

-1.4098909302733307 0.095972010093262894
-1.406771702551487 0.096468516248346389

-1.406771702551487 0.096468516248346389
-1.4054033541488899 0.096696059377153226

-1.4054033541488899 0.096696059377153226
-1.4036524748296433 0.096985883396566941

-1.4036524748296433 0.096985883396566941
-1.4005332471077998 0.097507971081593564

-1.4005332471077998 0.097507971081593564
-1.3974140193859561 0.098043199020676861

-1.3974140193859561 0.098043199020676861
-1.3942947916641124 0.098587021556765825

-1.3942947916641124 0.098587021556765825
-1.3911755639422687 0.099137758828501482

-1.3911755639422687 0.099137758828501482
-1.388056336220425 0.099690897266888845

-1.388056336220425 0.099690897266888845
-1.3873850643016834 0.099815287098996869

-1.3873850643016834 0.099815287098996869
-1.3849371084985815 0.1002573430970061

-1.3849371084985815 0.1002573430970061
-1.3818178807767378 0.1008241528779389

-1.3818178807767378 0.1008241528779389
-1.3786986530548941 0.10139768097349737

-1.3786986530548941 0.10139768097349737
-1.3755794253330504 0.1019775719534156

-1.3755794253330504 0.1019775719534156
-1.372460197611207 0.10256222618506917

-1.372460197611207 0.10256222618506917
-1.3705221999670638 0.10293451482084053

-1.3705221999670638 0.10293451482084053
-1.3693409698893633 0.10316418386682888

-1.3693409698893633 0.10316418386682888
-1.3662217421675196 0.10376469408497441

-1.3662217421675196 0.10376469408497441
-1.3631025144456759 0.10438070858631274

-1.3631025144456759 0.10438070858631274
-1.3599832867238322 0.10500897950803495

-1.3599832867238322 0.10500897950803495
-1.3568640590019887 0.10564670297756089

-1.3568640590019887 0.10564670297756089
-1.3549347323399255 0.10605374254268418

-1.3549347323399255 0.10605374254268418
-1.353744831280145 0.10630809112905462

-1.353744831280145 0.10630809112905462
-1.3506256035583013 0.10696875633444342

-1.3506256035583013 0.10696875633444342
-1.3475063758364576 0.10764686172095701

-1.3475063758364576 0.10764686172095701
-1.3443871481146139 0.10833605098433102

-1.3443871481146139 0.10833605098433102
-1.3412679203927704 0.10902902914499292

-1.3412679203927704 0.10902902914499292
-1.3406549898202709 0.10917297026452782

-1.3406549898202709 0.10917297026452782
-1.3381486926709267 0.10974147573035345

-1.3381486926709267 0.10974147573035345
-1.335029464949083 0.1104530458230157

-1.335029464949083 0.1104530458230157
-1.3319102372272393 0.11117066612798908

-1.3319102372272393 0.11117066612798908
-1.3287910095053956 0.11188555629419587

-1.3287910095053956 0.11188555629419587
-1.3270457022021098 0.11229219798637148

-1.3270457022021098 0.11229219798637148
-1.3256717817835522 0.11261452488822314

-1.3256717817835522 0.11261452488822314
-1.3225525540617085 0.11332577226752409

-1.3225525540617085 0.11332577226752409
-1.3194333263398648 0.11404031230644902

-1.3194333263398648 0.11404031230644902
-1.3163140986180211 0.11475103164105686

-1.3163140986180211 0.11475103164105686
-1.3133987419669022 0.11541142570821514

-1.3133987419669022 0.11541142570821514
-1.3131948708961774 0.11545998876374929

-1.3131948708961774 0.11545998876374929
-1.3100756431743339 0.11616069273272529

-1.3100756431743339 0.11616069273272529
-1.3069564154524902 0.1168617356684407

-1.3069564154524902 0.1168617356684407
-1.3038371877306465 0.11756155825863246

-1.3038371877306465 0.11756155825863246
-1.3007179600088028 0.11825575381344924

-1.3007179600088028 0.11825575381344924
-1.2995214032559272 0.11853065343005878

-1.2995214032559272 0.11853065343005878
-1.2975987322869591 0.1189665784808092

-1.2975987322869591 0.1189665784808092
-1.2944795045651156 0.11966700137759666

-1.2944795045651156 0.11966700137759666
-1.2913602768432719 0.12037457474479561

-1.2913602768432719 0.12037457474479561
-1.2882410491214282 0.12108438365980281

-1.2882410491214282 0.12108438365980281
-1.2857767167401226 0.12164988115190244

-1.2857767167401226 0.12164988115190244
-1.2851218213995845 0.12180535129910761

-1.2851218213995845 0.12180535129910761
-1.2820025936777411 0.12251605441713628

-1.2820025936777411 0.12251605441713628
-1.2788833659558974 0.12323349949751328

-1.2788833659558974 0.12323349949751328
-1.2757641382340537 0.12395073449206359

-1.2757641382340537 0.12395073449206359
-1.27264491051221 0.12466173798213812

-1.27264491051221 0.12466173798213812
-1.2721944066865334 0.12476910887374609

-1.2721944066865334 0.12476910887374609
-1.2695256827903663 0.12537920772270175

-1.2695256827903663 0.12537920772270175
-1.2664064550685228 0.12608644654924331

-1.2664064550685228 0.12608644654924331
-1.2632872273466791 0.12678934258288299

-1.2632872273466791 0.12678934258288299
-1.2601679996248354 0.12748230841951746

-1.2601679996248354 0.12748230841951746
-1.2583488980090438 0.12788833659558974

-1.2583488980090438 0.12788833659558974
-1.2570487719029917 0.12818115159694252

-1.2570487719029917 0.12818115159694252
-1.253929544181148 0.12885716992415713

-1.253929544181148 0.12885716992415713
-1.2508103164593045 0.12953000327043884

-1.2508103164593045 0.12953000327043884
-1.2476910887374608 0.13019406580686202

-1.2476910887374608 0.13019406580686202
-1.2445718610156171 0.13084526874016672

-1.2445718610156171 0.13084526874016672
-1.2438143643784594 0.13100756431743341

-1.2438143643784594 0.13100756431743341
-1.2414526332937734 0.13149984417352226

-1.2414526332937734 0.13149984417352226
-1.2383334055719297 0.13213947974922607

-1.2383334055719297 0.13213947974922607
-1.2352141778500862 0.13277513261755558

-1.2352141778500862 0.13277513261755558
-1.2320949501282425 0.1334065347672467

-1.2320949501282425 0.1334065347672467
-1.2289757224063989 0.13403137117059563

-1.2289757224063989 0.13403137117059563
-1.2285168302433565 0.13412679203927705

-1.2285168302433565 0.13412679203927705
-1.2258564946845552 0.13466029970057125

-1.2258564946845552 0.13466029970057125
-1.2227372669627115 0.13528052418304795

-1.2227372669627115 0.13528052418304795
-1.219618039240868 0.1358971020886274

-1.219618039240868 0.1358971020886274
-1.2164988115190243 0.13650832537666188

-1.2164988115190243 0.13650832537666188
-1.2133795837971806 0.13710927304016329

-1.2133795837971806 0.13710927304016329
-1.2126863049254284 0.13724601976112069

-1.2126863049254284 0.13724601976112069
-1.2102603560753369 0.1377116089478754

-1.2102603560753369 0.1377116089478754
-1.2071411283534932 0.13829859437804623

-1.2071411283534932 0.13829859437804623
-1.2040219006316497 0.1388763133127992

-1.2040219006316497 0.1388763133127992
-1.200902672909806 0.13944246083805856

-1.200902672909806 0.13944246083805856
-1.1977834451879623 0.13999396137411174

-1.1977834451879623 0.13999396137411174
-1.1956412052846417 0.14036524748296436

-1.1956412052846417 0.14036524748296436
-1.1946642174661186 0.14053724981656177

-1.1946642174661186 0.14053724981656177
-1.1915449897442751 0.14105579556718453

-1.1915449897442751 0.14105579556718453
-1.1884257620224314 0.14156083729013194

-1.1884257620224314 0.14156083729013194
-1.1853065343005877 0.14204863704595413

-1.1853065343005877 0.14204863704595413
-1.182187306578744 0.1425192100627995

-1.182187306578744 0.1425192100627995
-1.1790680788569003 0.14297341061598851

-1.1790680788569003 0.14297341061598851
-1.1759488511350569 0.14341090891669434

-1.1759488511350569 0.14341090891669434
-1.1754222564399364 0.143484475204808

-1.1754222564399364 0.143484475204808
-1.1728296234132132 0.14383828689209241

-1.1728296234132132 0.14383828689209241
-1.1697103956913695 0.14424999085596804

-1.1697103956913695 0.14424999085596804
-1.1665911679695258 0.14464980561587129

-1.1665911679695258 0.14464980561587129
-1.1634719402476821 0.14503875932858309

-1.1634719402476821 0.14503875932858309
-1.1603527125258386 0.14541820151831783

-1.1603527125258386 0.14541820151831783
-1.1572334848039949 0.1457891360039934

-1.1572334848039949 0.1457891360039934
-1.1541142570821512 0.1461517122507846

-1.1541142570821512 0.1461517122507846
-1.1509950293603075 0.14650383057556748

-1.1509950293603075 0.14650383057556748
-1.1501010457659588 0.14660370292665165

-1.1501010457659588 0.14660370292665165
-1.1478758016384638 0.14684926578011817

-1.1478758016384638 0.14684926578011817
-1.1447565739166203 0.14718113661813206

-1.1447565739166203 0.14718113661813206
-1.1416373461947766 0.14750129761466613

-1.1416373461947766 0.14750129761466613
-1.1385181184729329 0.14780794727212815

-1.1385181184729329 0.14780794727212815
-1.1353988907510892 0.14809936361652778

-1.1353988907510892 0.14809936361652778
-1.1322796630292455 0.14837335674525706

-1.1322796630292455 0.14837335674525706
-1.1291604353074021 0.14862780974000708

-1.1291604353074021 0.14862780974000708
-1.1260412075855584 0.1488610399743685

-1.1260412075855584 0.1488610399743685
-1.1229219798637147 0.14907197049643747

-1.1229219798637147 0.14907197049643747
-1.119802752141871 0.14926017831757851

-1.119802752141871 0.14926017831757851
-1.1166835244200273 0.14942583267393325

-1.1166835244200273 0.14942583267393325
-1.1135642966981838 0.14956965958994708

-1.1135642966981838 0.14956965958994708
-1.1104450689763401 0.14969282153400604

-1.1104450689763401 0.14969282153400604
-1.1095462681155566 0.14972293064849532

-1.1095462681155566 0.14972293064849532
-1.1073258412544964 0.14979699407629019

-1.1073258412544964 0.14979699407629019
-1.1042066135326527 0.14988288305059555

-1.1042066135326527 0.14988288305059555
-1.1010873858108092 0.14995233654132153

-1.1010873858108092 0.14995233654132153
-1.0979681580889655 0.15000677171999119

-1.0979681580889655 0.15000677171999119
-1.0948489303671218 0.15004740877686532

-1.0948489303671218 0.15004740877686532
-1.0917297026452781 0.15007514085941406

-1.0917297026452781 0.15007514085941406
-1.0886104749234344 0.15009006634391869

-1.0886104749234344 0.15009006634391869
-1.085491247201591 0.15009171278697864

-1.085491247201591 0.15009171278697864
-1.0823720194797473 0.15007899078511625

-1.0823720194797473 0.15007899078511625
-1.0792527917579036 0.15005041389894125

-1.0792527917579036 0.15005041389894125
-1.0761335640360599 0.1500045408039499

-1.0761335640360599 0.1500045408039499
-1.0730143363142162 0.14993895845448665

-1.0730143363142162 0.14993895845448665
-1.0698951085923727 0.14985282009803944

-1.0698951085923727 0.14985282009803944
-1.066775880870529 0.14974631363490065

-1.066775880870529 0.14974631363490065
-1.0662143581192278 0.14972293064849532

-1.0662143581192278 0.14972293064849532
-1.0636566531486853 0.14961702717566078

-1.0636566531486853 0.14961702717566078
-1.0605374254268416 0.14946329271726361

-1.0605374254268416 0.14946329271726361
-1.0574181977049979 0.1492835663101362

-1.0574181977049979 0.1492835663101362
-1.0542989699831544 0.14907840782851337

-1.0542989699831544 0.14907840782851337
-1.0511797422613107 0.14884939852264567

-1.0511797422613107 0.14884939852264567
-1.048060514539467 0.14859821512589352

-1.048060514539467 0.14859821512589352
-1.0449412868176233 0.14832623411377713

-1.0449412868176233 0.14832623411377713
-1.0418220590957796 0.14803504074496271

-1.0418220590957796 0.14803504074496271
-1.0387028313739362 0.14772660531437723

-1.0387028313739362 0.14772660531437723
-1.0355836036520925 0.14740202423409149

-1.0355836036520925 0.14740202423409149
-1.0324643759302488 0.14706169626230117

-1.0324643759302488 0.14706169626230117
-1.0293451482084051 0.14670612197767144

-1.0293451482084051 0.14670612197767144
-1.0284990214333671 0.14660370292665165

-1.0284990214333671 0.14660370292665165
-1.0262259204865614 0.14633219548234988

-1.0262259204865614 0.14633219548234988
-1.0231066927647179 0.1459451008354162

-1.0231066927647179 0.1459451008354162
-1.0199874650428742 0.14553736456606664

-1.0199874650428742 0.14553736456606664
-1.0168682373210305 0.1451111038570625

-1.0168682373210305 0.1451111038570625
-1.0137490095991868 0.14466461360196223

-1.0137490095991868 0.14466461360196223
-1.0106297818773433 0.14419353568416129

-1.0106297818773433 0.14419353568416129
-1.0075105541554996 0.14369849689284717

-1.0075105541554996 0.14369849689284717
-1.0062523799111847 0.143484475204808

-1.0062523799111847 0.143484475204808
-1.0043913264336559 0.14317019490059518

-1.0043913264336559 0.14317019490059518
-1.0012720987118122 0.14262293738791729

-1.0012720987118122 0.14262293738791729
-0.99815287098996874 0.14204284059873315

-0.99815287098996874 0.14204284059873315
-0.99503364326812505 0.14143260715551159

-0.99503364326812505 0.14143260715551159
-0.99191441554628146 0.14079629147445086

-0.99191441554628146 0.14079629147445086
-0.98991034987944637 0.14036524748296436

-0.98991034987944637 0.14036524748296436
-0.98879518782443776 0.14012138551051909

-0.98879518782443776 0.14012138551051909
-0.98567596010259406 0.13943310648119586

-0.98567596010259406 0.13943310648119586
-0.98255673238075047 0.13871534870600599

-0.98255673238075047 0.13871534870600599
-0.97943750465890678 0.13797686210904128

-0.97943750465890678 0.13797686210904128
-0.97643157601915831 0.13724601976112069

-0.97643157601915831 0.13724601976112069
-0.97631827693706319 0.13721680307783338

-0.97631827693706319 0.13721680307783338
-0.97319904921521949 0.1364407747534849

-0.97319904921521949 0.1364407747534849
-0.97007982149337579 0.13564624760407332

-0.97007982149337579 0.13564624760407332
-0.96696059377153221 0.13483833426684191

-0.96696059377153221 0.13483833426684191
-0.9642640982142836 0.13412679203927705

-0.9642640982142836 0.13412679203927705
-0.96384136604968851 0.13400954247917254

-0.96384136604968851 0.13400954247917254
-0.96072213832784492 0.13317939740782544

-0.96072213832784492 0.13317939740782544
-0.95760291060600122 0.13232694728187797

-0.95760291060600122 0.13232694728187797
-0.95448368288415764 0.13146420797164429

-0.95448368288415764 0.13146420797164429
-0.95290872914124847 0.13100756431743341

-0.95290872914124847 0.13100756431743341
-0.95136445516231394 0.1305591488871172

-0.95136445516231394 0.1305591488871172
-0.94824522744047024 0.12965765295624787

-0.94824522744047024 0.12965765295624787
-0.94512599971862665 0.12872533873101338

-0.94512599971862665 0.12872533873101338
-0.94240782405645174 0.12788833659558974

-0.94240782405645174 0.12788833659558974
-0.94200677199678295 0.12775719938866625

-0.94200677199678295 0.12775719938866625
-0.93888754427493937 0.12677868110405144

-0.93888754427493937 0.12677868110405144
-0.93576831655309567 0.12576338566581219

-0.93576831655309567 0.12576338566581219
-0.93280496571525962 0.12476910887374609

-0.93280496571525962 0.12476910887374609
-0.93264908883125197 0.12471246415480719

-0.93264908883125197 0.12471246415480719
-0.92952986110940838 0.12364458814060618

-0.92952986110940838 0.12364458814060618
-0.92641063338756469 0.12255258559360904

-0.92641063338756469 0.12255258559360904
-0.92390503395968315 0.12164988115190244

-0.92390503395968315 0.12164988115190244
-0.9232914056657211 0.12141577926141998

-0.9232914056657211 0.12141577926141998
-0.9201721779438774 0.12028487135074943

-0.9201721779438774 0.12028487135074943
-0.9170529502220337 0.11913422303015574

-0.9170529502220337 0.11913422303015574
-0.91549343120959115 0.11853065343005878

-0.91549343120959115 0.11853065343005878
-0.91393372250019012 0.11792667842135669

-0.91393372250019012 0.11792667842135669
-0.91081449477834642 0.11674748005709847

-0.91081449477834642 0.11674748005709847
-0.90769526705650283 0.11554799402529654

-0.90769526705650283 0.11554799402529654
-0.90737542678081917 0.11541142570821514

-0.90737542678081917 0.11541142570821514
-0.90457603933465913 0.11430890133697322

-0.90457603933465913 0.11430890133697322
-0.90145681161281555 0.11307949933577895

-0.90145681161281555 0.11307949933577895
-0.89952984937223213 0.11229219798637148

-0.89952984937223213 0.11229219798637148
-0.89833758389097185 0.11179274400370867

-0.89833758389097185 0.11179274400370867
-0.89521835616912815 0.11053880883804582

-0.89521835616912815 0.11053880883804582
-0.89209912844728456 0.10925414865706422

-0.89209912844728456 0.10925414865706422
-0.8919242573888273 0.10917297026452782

-0.8919242573888273 0.10917297026452782
-0.88897990072544086 0.10793266389299168

-0.88897990072544086 0.10793266389299168
-0.88586067300359728 0.1066168097536879

-0.88586067300359728 0.1066168097536879
-0.8846232845697185 0.10605374254268418

-0.8846232845697185 0.10605374254268418
-0.88274144528175358 0.10521623503368968

-0.88274144528175358 0.10521623503368968
-0.87962221755990988 0.10385379480597759

-0.87962221755990988 0.10385379480597759
-0.87763059301921398 0.10293451482084053

-0.87763059301921398 0.10293451482084053
-0.87650298983806629 0.10239619125287797

-0.87650298983806629 0.10239619125287797
-0.8733837621162226 0.10097867070264742

-0.8733837621162226 0.10097867070264742
-0.87094206814827757 0.099815287098996869

-0.87094206814827757 0.099815287098996869
-0.87026453439437901 0.099468723149371066

-0.87026453439437901 0.099468723149371066
-0.86714530667253531 0.097990473010038978

-0.86714530667253531 0.097990473010038978
-0.86452218413353432 0.096696059377153226

-0.86452218413353432 0.096696059377153226
-0.86402607895069172 0.09642846628886563

-0.86402607895069172 0.09642846628886563
-0.86090685122884802 0.094895765095821774

-0.86090685122884802 0.094895765095821774
-0.85831642447083445 0.09357683165530957

-0.85831642447083445 0.09357683165530957
-0.85778762350700433 0.093282616900310811

-0.85778762350700433 0.093282616900310811
-0.85466839578516074 0.091714282685571538

-0.85466839578516074 0.091714282685571538
-0.85226599430665462 0.090457603933465913

-0.85226599430665462 0.090457603933465913
-0.85154916806331704 0.090053839620438197

-0.85154916806331704 0.090053839620438197
-0.84842994034147345 0.088464600670630444

-0.84842994034147345 0.088464600670630444
-0.84633223126114066 0.087338376211622271

-0.84633223126114066 0.087338376211622271
-0.84531071261962976 0.08676293732467226

-0.84531071261962976 0.08676293732467226
-0.84219148489778606 0.08515931957160848

-0.84219148489778606 0.08515931957160848
-0.84049275973333926 0.084219148489778614

-0.84049275973333926 0.084219148489778614
-0.83907225717594247 0.083422582230900821

-0.83907225717594247 0.083422582230900821
-0.83595302945409877 0.081793885558851739

-0.83595302945409877 0.081793885558851739
-0.83475641734610562 0.081099920767934958

-0.83475641734610562 0.081099920767934958
-0.83283380173225519 0.080020593716892574

-0.83283380173225519 0.080020593716892574
-0.82971457401041149 0.078339434616132173

-0.82971457401041149 0.078339434616132173
-0.82913691093488828 0.077980693046091315

-0.82913691093488828 0.077980693046091315
-0.82659534628856779 0.076541556973329108

-0.82659534628856779 0.076541556973329108
-0.82364078641044358 0.074861465324247659

-0.82364078641044358 0.074861465324247659
-0.8234761185667242 0.074754506523876038

-0.8234761185667242 0.074754506523876038
-0.8203568908448805 0.072982987784162193

-0.8203568908448805 0.072982987784162193
-0.81827704255071809 0.071742237602404002

-0.81827704255071809 0.071742237602404002
-0.81723766312303692 0.071088893881582488

-0.81723766312303692 0.071088893881582488
-0.81411843540119322 0.069315864568075203

-0.81411843540119322 0.069315864568075203
-0.81304593698118766 0.068623009880560346

-0.81304593698118766 0.068623009880560346
-0.81099920767934963 0.067363212396555197

-0.81099920767934963 0.067363212396555197
-0.80792777649983427 0.065503782158716703

-0.80792777649983427 0.065503782158716703
-0.80787997995750593 0.065470362087622191

-0.80787997995750593 0.065470362087622191
-0.80476075223566224 0.063568500282298532

-0.80476075223566224 0.063568500282298532
-0.80292982499785104 0.06238455443687304

-0.80292982499785104 0.06238455443687304
-0.80164152451381865 0.061526383397895568

-0.80164152451381865 0.061526383397895568
-0.79852229679197495 0.059620958327110424

-0.79852229679197495 0.059620958327110424
-0.79802335068317387 0.05926532671502939

-0.79802335068317387 0.05926532671502939
-0.79540306907013136 0.057580342634740669

-0.79540306907013136 0.057580342634740669
-0.79322917968690365 0.056146098993185733

-0.79322917968690365 0.056146098993185733
-0.79228384134828767 0.05548049492758364

-0.79228384134828767 0.05548049492758364
-0.78916461362644397 0.053524744025856955

-0.78916461362644397 0.053524744025856955
-0.78848065982173465 0.053026871271342084

-0.78848065982173465 0.053026871271342084
-0.78604538590460038 0.051400341943989521

-0.78604538590460038 0.051400341943989521
-0.78385055764809464 0.049907643549498434

-0.78385055764809464 0.049907643549498434
-0.78292615818275668 0.049235797987811414

-0.78292615818275668 0.049235797987811414
-0.77980693046091309 0.047218764133327082

-0.77980693046091309 0.047218764133327082
-0.7792323478796398 0.046788415827654778

-0.7792323478796398 0.046788415827654778
-0.7766877027390694 0.045053714393029715

-0.7766877027390694 0.045053714393029715
-0.77472605638396075 0.043669188105811128

-0.77472605638396075 0.043669188105811128
-0.77356847501722581 0.042815693412678421

-0.77356847501722581 0.042815693412678421
-0.77044924729538211 0.040708547535588294

-0.77044924729538211 0.040708547535588294
-0.77044924729538211 0.040708547535588294

-0.77044924729538211 0.040708547535588294
-0.7702464386994996 0.040549960383967479

-0.7702464386994996 0.040549960383967479
-0.76733001957353841 0.038519150674885594

-0.76733001957353841 0.038519150674885594
-0.765884662088261 0.037430732662123822

-0.765884662088261 0.037430732662123822
-0.76421079185169483 0.036181874709293682

-0.76421079185169483 0.036181874709293682
-0.76162385124750931 0.034311504940280173

-0.76162385124750931 0.034311504940280173
-0.76109156412985113 0.033888437153156245

-0.76109156412985113 0.033888437153156245
-0.75797233640800754 0.031682564123255194

-0.75797233640800754 0.031682564123255194
-0.75736759190266367 0.03119227721843652

-0.75736759190266367 0.03119227721843652
-0.75485310868616384 0.029306703255019852

-0.75485310868616384 0.029306703255019852
-0.7533041713776123 0.02807304949659287

-0.7533041713776123 0.02807304949659287
-0.75173388096432014 0.026819684369446765

-0.75173388096432014 0.026819684369446765
-0.74933188485052382 0.024953821774749217

-0.74933188485052382 0.024953821774749217
-0.74861465324247656 0.024355753187591572

-0.74861465324247656 0.024355753187591572
-0.74549542552063286 0.021979819190663673

-0.74549542552063286 0.021979819190663673
-0.74532620772967728 0.021834594052905568

-0.74532620772967728 0.021834594052905568
-0.74237619779878927 0.019517940570486825

-0.74237619779878927 0.019517940570486825
-0.74144046542042952 0.018715366331061915

-0.74144046542042952 0.018715366331061915
-0.73925697007694557 0.016915413982254528

-0.73925697007694557 0.016915413982254528
-0.73771206739519657 0.01559613860921826

-0.73771206739519657 0.01559613860921826
-0.73613774235510188 0.01424811143739255

-0.73613774235510188 0.01424811143739255
-0.73405006916966919 0.012476910887374609

-0.73405006916966919 0.012476910887374609
-0.73301851463325829 0.011569939767989703

-0.73301851463325829 0.011569939767989703
-0.73038692644979575 0.0093576831655309556

-0.73038692644979575 0.0093576831655309556
-0.72989928691141459 0.0089206949301883914

-0.72989928691141459 0.0089206949301883914
-0.726780059189571 0.0063138304830488764

-0.726780059189571 0.0063138304830488764
-0.72669714424265897 0.0062384554436873043

-0.72669714424265897 0.0062384554436873043
-0.72366083146772731 0.0036557121100793586

-0.72366083146772731 0.0036557121100793586
-0.72307286111322822 0.0031192277218436517

-0.72307286111322822 0.0031192277218436517
-0.72054160374588372 0.00090567218825967494

-0.72054160374588372 0.00090567218825967494
-0.71955130813367141 0

-0.71955130813367141 0
-0.71742237602404002 -0.001904916174043538

-0.71742237602404002 -0.001904916174043538
-0.71742237602404002 -0.001904916174043538

-0.71742237602404002 -0.001904916174043538
-0.71609755654090801 -0.0031192277218436521

-0.71609755654090801 -0.0031192277218436521
-0.71430314830219632 -0.0047542863936931761

-0.71430314830219632 -0.0047542863936931761
-0.71269092328631833 -0.0062384554436873043

-0.71269092328631833 -0.0062384554436873043
-0.71118392058035274 -0.0076344374833831642

-0.71118392058035274 -0.0076344374833831642
-0.71118392058035274 -0.0076344374833831642

-0.71118392058035274 -0.0076344374833831642
-0.70932405971286772 -0.0093576831655309573

-0.70932405971286772 -0.0093576831655309573
-0.70806469285850904 -0.010540829600684795

-0.70806469285850904 -0.010540829600684795
-0.70598887736851179 -0.012476910887374609

-0.70598887736851179 -0.012476910887374609
-0.70494546513666545 -0.01346786977348911

-0.70494546513666545 -0.01346786977348911
-0.70494546513666545 -0.01346786977348911

-0.70494546513666545 -0.01346786977348911
-0.702677958728538 -0.015596138609218262

-0.702677958728538 -0.015596138609218262
-0.70182623741482175 -0.016412289127983207

-0.70182623741482175 -0.016412289127983207
-0.69939154946735094 -0.018715366331061911

-0.69939154946735094 -0.018715366331061911
-0.69870700969297805 -0.019377075527639943

-0.69870700969297805 -0.019377075527639943
-0.69870700969297805 -0.019377075527639943

-0.69870700969297805 -0.019377075527639943
-0.69613498662699402 -0.021834594052905564

-0.69613498662699402 -0.021834594052905564
-0.69558778197113447 -0.022368155892657841

-0.69558778197113447 -0.022368155892657841
-0.6929091228623101 -0.024953821774749217

-0.6929091228623101 -0.024953821774749217
-0.69246855424929077 -0.02538633857805021

-0.69246855424929077 -0.02538633857805021
-0.68970763295741411 -0.028073049496592867

-0.68970763295741411 -0.028073049496592867
-0.68934932652744718 -0.028426483885156929

-0.68934932652744718 -0.028426483885156929
-0.68652830456594272 -0.03119227721843652

-0.68652830456594272 -0.03119227721843652
-0.68623009880560348 -0.031487864739389686

-0.68623009880560348 -0.031487864739389686
-0.68337652730558407 -0.034311504940280173

-0.68337652730558407 -0.034311504940280173
-0.6831108710837599 -0.034576344962950013

-0.6831108710837599 -0.034576344962950013
-0.68025308879146806 -0.037430732662123829

-0.68025308879146806 -0.037430732662123829
-0.6799916433619162 -0.037692563172534985

-0.6799916433619162 -0.037692563172534985
-0.6771432723449049 -0.040549960383967479

-0.6771432723449049 -0.040549960383967479
-0.6768724156400725 -0.040821292894256254

-0.6768724156400725 -0.040821292894256254
-0.67402551107861663 -0.043669188105811135

-0.67402551107861663 -0.043669188105811135
-0.67375318791822891 -0.043941165414613438

-0.67375318791822891 -0.043941165414613438
-0.67089503971617848 -0.046788415827654785

-0.67089503971617848 -0.046788415827654785
-0.67063396019638521 -0.047048774943937194

-0.67063396019638521 -0.047048774943937194
-0.66775343514211771 -0.049907643549498434

-0.66775343514211771 -0.049907643549498434
-0.66751473247454163 -0.050145013611465991

-0.66751473247454163 -0.050145013611465991
-0.66458908590305221 -0.053026871271342091

-0.66458908590305221 -0.053026871271342091
-0.66439550475269793 -0.053218351519132241

-0.66439550475269793 -0.053218351519132241
-0.66138145294604789 -0.05614609899318574

-0.66138145294604789 -0.05614609899318574
-0.66127627703085423 -0.056249219392609136

-0.66127627703085423 -0.056249219392609136
-0.65815704930901064 -0.059223768237386787

-0.65815704930901064 -0.059223768237386787
-0.65811426975741905 -0.05926532671502939

-0.65811426975741905 -0.05926532671502939
-0.65503782158716695 -0.062158780065502815

-0.65503782158716695 -0.062158780065502815
-0.65480355108886534 -0.062384554436873046

-0.65480355108886534 -0.062384554436873046
-0.65191859386532336 -0.065064988888400122

-0.65191859386532336 -0.065064988888400122
-0.65145772663808099 -0.065503782158716689

-0.65145772663808099 -0.065503782158716689
-0.64879936614347966 -0.067936423518865363

-0.64879936614347966 -0.067936423518865363
-0.64806512912909353 -0.068623009880560346

-0.64806512912909353 -0.068623009880560346
-0.64568013842163596 -0.070768761698778285

-0.64568013842163596 -0.070768761698778285
-0.64461484722903428 -0.071742237602403988

-0.64461484722903428 -0.071742237602403988
-0.64256091069979238 -0.073565061030997345

-0.64256091069979238 -0.073565061030997345
-0.64110529579219433 -0.074861465324247645

-0.64110529579219433 -0.074861465324247645
-0.63944168297794868 -0.076325593533685496

-0.63944168297794868 -0.076325593533685496
-0.63750835576954157 -0.077980693046091301

-0.63750835576954157 -0.077980693046091301
-0.63632245525610509 -0.079010418418394845

-0.63632245525610509 -0.079010418418394845
-0.63372754682870591 -0.081099920767934958

-0.63372754682870591 -0.081099920767934958
-0.63320322753426139 -0.081549962584204508

-0.63320322753426139 -0.081549962584204508
-0.63008399981241781 -0.083892340798362039

-0.63008399981241781 -0.083892340798362039
-0.6296874972595603 -0.0842191484897786

-0.6296874972595603 -0.0842191484897786
-0.62696477209057411 -0.086246162702792881

-0.62696477209057411 -0.086246162702792881
-0.6255398264228279 -0.087338376211622257

-0.6255398264228279 -0.087338376211622257
-0.62384554436873041 -0.088610988177238142

-0.62384554436873041 -0.088610988177238142
-0.62114389164261052 -0.090457603933465913

-0.62114389164261052 -0.090457603933465913
-0.62072631664688682 -0.090772087919080466

-0.62072631664688682 -0.090772087919080466
-0.61760708892504312 -0.092740235959064568

-0.61760708892504312 -0.092740235959064568
-0.61634861969575172 -0.093576831655309556

-0.61634861969575172 -0.093576831655309556
-0.61448786120319954 -0.094769968742922081

-0.61448786120319954 -0.094769968742922081
-0.61136863348135584 -0.096567268579768176

-0.61136863348135584 -0.096567268579768176
-0.61116532495816522 -0.096696059377153212

-0.61116532495816522 -0.096696059377153212
-0.60824940575951214 -0.098313555424862906

-0.60824940575951214 -0.098313555424862906
-0.60535254591687981 -0.099815287098996869

-0.60535254591687981 -0.099815287098996869
-0.60513017803766855 -0.099944257487654176

-0.60513017803766855 -0.099944257487654176
-0.60513017803766855 -0.099944257487654176

-0.60513017803766855 -0.099944257487654176
-0.60201095031582486 -0.10143151575182326

-0.60201095031582486 -0.10143151575182326
-0.59889172259398127 -0.10281072285941699

-0.59889172259398127 -0.10281072285941699
-0.59861673821648287 -0.10293451482084051

-0.59861673821648287 -0.10293451482084051
-0.59577249487213757 -0.10410098559566222

-0.59577249487213757 -0.10410098559566222
-0.59265326715029398 -0.10525664095899728

-0.59265326715029398 -0.10525664095899728
-0.59028344676610389 -0.10605374254268417

-0.59028344676610389 -0.10605374254268417
-0.58953403942845028 -0.10631605989436949

-0.58953403942845028 -0.10631605989436949
-0.58641481170660659 -0.10723268910715394

-0.58641481170660659 -0.10723268910715394
-0.583295583984763 -0.10804723279225618

-0.583295583984763 -0.10804723279225618
-0.5801763562629193 -0.10874700179787104

-0.5801763562629193 -0.10874700179787104
-0.5779435401732097 -0.10917297026452782

-0.5779435401732097 -0.10917297026452782
-0.57705712854107571 -0.10934487362409565

-0.57705712854107571 -0.10934487362409565
-0.57393790081923202 -0.10982414874422673

-0.57393790081923202 -0.10982414874422673
-0.57081867309738832 -0.11019557142287172

-0.57081867309738832 -0.11019557142287172
-0.56769944537554473 -0.11045616426198143

-0.56769944537554473 -0.11045616426198143
-0.56458021765370103 -0.11060833551580759

-0.56458021765370103 -0.11060833551580759
-0.56146098993185745 -0.11065519713189007

-0.56146098993185745 -0.11065519713189007
-0.55834176221001375 -0.11059902366825096

-0.55834176221001375 -0.11059902366825096
-0.55522253448817016 -0.11044121376225452

-0.55522253448817016 -0.11044121376225452
-0.55210330676632646 -0.11018299631277768

-0.55210330676632646 -0.11018299631277768
-0.54898407904448276 -0.10982755668429475

-0.54898407904448276 -0.10982755668429475
-0.54586485132263918 -0.10938211931617116

-0.54586485132263918 -0.10938211931617116
-0.5446814929809668 -0.10917297026452782

-0.5446814929809668 -0.10917297026452782
-0.54274562360079548 -0.10883309130546415

-0.54274562360079548 -0.10883309130546415
-0.53962639587895189 -0.10819536773024935

-0.53962639587895189 -0.10819536773024935
-0.53650716815710819 -0.10746090190021505

-0.53650716815710819 -0.10746090190021505
-0.5333879404352645 -0.10664347550994781

-0.5333879404352645 -0.10664347550994781
-0.53138303870833392 -0.10605374254268417

-0.53138303870833392 -0.10605374254268417
-0.53026871271342091 -0.10571767386479437

-0.53026871271342091 -0.10571767386479437
-0.52714948499157721 -0.10472698697864172

-0.52714948499157721 -0.10472698697864172
-0.52403025726973362 -0.10364908295760193

-0.52403025726973362 -0.10364908295760193
-0.52215049885153508 -0.10293451482084051

-0.52215049885153508 -0.10293451482084051
-0.52091102954788993 -0.10245226690941457

-0.52091102954788993 -0.10245226690941457
-0.51779180182604623 -0.1012143685854478

-0.51779180182604623 -0.1012143685854478
-0.51467257410420264 -0.099886743729099919

-0.51467257410420264 -0.099886743729099919
-0.51453080857633327 -0.099815287098996869

-0.51453080857633327 -0.099815287098996869
-0.51155334638235894 -0.098464077982148068

-0.51155334638235894 -0.098464077982148068
-0.50843411866051536 -0.097001149676529994

-0.50843411866051536 -0.097001149676529994
-0.5078734613644057 -0.096696059377153212

-0.5078734613644057 -0.096696059377153212
-0.50531489093867166 -0.095411158245837582

-0.50531489093867166 -0.095411158245837582
-0.50219566321682807 -0.093814732861175712

-0.50219566321682807 -0.093814732861175712
-0.50179989937908998 -0.093576831655309556

-0.50179989937908998 -0.093576831655309556
-0.49907643549498437 -0.092100606765058823

-0.49907643549498437 -0.092100606765058823
-0.49613122185392677 -0.090457603933465913

-0.49613122185392677 -0.090457603933465913
-0.49595720777314073 -0.090346810579259237

-0.49595720777314073 -0.090346810579259237
-0.49283798005129709 -0.088587568493347466

-0.49283798005129709 -0.088587568493347466
-0.49074392066291439 -0.087338376211622257

-0.49074392066291439 -0.087338376211622257
-0.48971875232945339 -0.086692999770562995

-0.48971875232945339 -0.086692999770562995
-0.48659952460760975 -0.084916327073816494

-0.48659952460760975 -0.084916327073816494
-0.48552451995650669 -0.0842191484897786

-0.48552451995650669 -0.0842191484897786
-0.4834802968857661 -0.08295553430726732

-0.4834802968857661 -0.08295553430726732
-0.48041897261762523 -0.081099920767934958

-0.48041897261762523 -0.081099920767934958
-0.48036106916392246 -0.08105946075742762

-0.48036106916392246 -0.08105946075742762
-0.47724184144207882 -0.079166331673468204

-0.47724184144207882 -0.079166331673468204
-0.47537841522065388 -0.077980693046091301

-0.47537841522065388 -0.077980693046091301
-0.47412261372023518 -0.077156237785554166

-0.47412261372023518 -0.077156237785554166
-0.47100338599839148 -0.075310826821553087

-0.47100338599839148 -0.075310826821553087
-0.47034445542547126 -0.074861465324247645

-0.47034445542547126 -0.074861465324247645
-0.46788415827654783 -0.07332886977076078

-0.46788415827654783 -0.07332886977076078
-0.46531881052342405 -0.071742237602403988

-0.46531881052342405 -0.071742237602403988
-0.46476493055470419 -0.071364130696944861

-0.46476493055470419 -0.071364130696944861
-0.46164570283286055 -0.069528361745036335

-0.46164570283286055 -0.069528361745036335
-0.46023013389244033 -0.068623009880560346

-0.46023013389244033 -0.068623009880560346
-0.45852647511101691 -0.067549893638459368

-0.45852647511101691 -0.067549893638459368
-0.45540724738917326 -0.065721899302384798

-0.45540724738917326 -0.065721899302384798
-0.45508411656754177 -0.065503782158716689

-0.45508411656754177 -0.065503782158716689
-0.45228801966732957 -0.063830767005328762

-0.45228801966732957 -0.063830767005328762
-0.44987168137269695 -0.062384554436873046

-0.44987168137269695 -0.062384554436873046
-0.44916879194548592 -0.061927231431434138

-0.44916879194548592 -0.061927231431434138
-0.44604956422364228 -0.060168955701942292

-0.44604956422364228 -0.060168955701942292
-0.44455797938658959 -0.05926532671502939

-0.44455797938658959 -0.05926532671502939
-0.44293033650179864 -0.058286606419699565

-0.44293033650179864 -0.058286606419699565
-0.439811108779955 -0.056563403054584474

-0.439811108779955 -0.056563403054584474
-0.43914017458314608 -0.05614609899318574

-0.43914017458314608 -0.05614609899318574
-0.4366918810581113 -0.054748346779079464

-0.4366918810581113 -0.054748346779079464
-0.43359775051303912 -0.053026871271342091

-0.43359775051303912 -0.053026871271342091
-0.43357265333626765 -0.053010806112606779

-0.43357265333626765 -0.053010806112606779
-0.43045342561442401 -0.051302794161966689

-0.43045342561442401 -0.051302794161966689
-0.42788145016341655 -0.049907643549498434

-0.42788145016341655 -0.049907643549498434
-0.42733419789258037 -0.049582649508207212

-0.42733419789258037 -0.049582649508207212
-0.42421497017073673 -0.047971287250421608

-0.42421497017073673 -0.047971287250421608
-0.4219586517139281 -0.046788415827654785

-0.4219586517139281 -0.046788415827654785
-0.42109574244889308 -0.046308646716503123

-0.42109574244889308 -0.046308646716503123
-0.41797651472704939 -0.044768852589866938

-0.41797651472704939 -0.044768852589866938
-0.41578199959612011 -0.043669188105811135

-0.41578199959612011 -0.043669188105811135
-0.41485728700520574 -0.043181755051319173

-0.41485728700520574 -0.043181755051319173
-0.4117380592833621 -0.041710432614181059

-0.4117380592833621 -0.041710432614181059
-0.40928134874843985 -0.040549960383967479

-0.40928134874843985 -0.040549960383967479
-0.40861883156151846 -0.04021482754017329

-0.40861883156151846 -0.04021482754017329
-0.40549960383967482 -0.038814436323195825

-0.40549960383967482 -0.038814436323195825
-0.40238037611783117 -0.037433780368825026

-0.40238037611783117 -0.037433780368825026
-0.40237404052338094 -0.037430732662123829

-0.40237404052338094 -0.037430732662123829
-0.39926114839598748 -0.036095570398054673

-0.39926114839598748 -0.036095570398054673
-0.39614192067414383 -0.034818209891578182

-0.39614192067414383 -0.034818209891578182
-0.39492966174051264 -0.034311504940280173

-0.39492966174051264 -0.034311504940280173
-0.39302269295230019 -0.033533929418549435

-0.39302269295230019 -0.033533929418549435
-0.38990346523045655 -0.032333595223941573

-0.38990346523045655 -0.032333595223941573
-0.38686188364470153 -0.03119227721843652

-0.38686188364470153 -0.03119227721843652
-0.3867842375086129 -0.031160348106906075

-0.3867842375086129 -0.031160348106906075
-0.38366500978676926 -0.030031833782590233

-0.38366500978676926 -0.030031833782590233
-0.38054578206492556 -0.02894024325138235

-0.38054578206492556 -0.02894024325138235
-0.37799419575964094 -0.028073049496592867

-0.37799419575964094 -0.028073049496592867
-0.37742655434308192 -0.027869420218210855

-0.37742655434308192 -0.027869420218210855
-0.37430732662123828 -0.02685948296342432

-0.37430732662123828 -0.02685948296342432
-0.37118809889939464 -0.025874051043591369

-0.37118809889939464 -0.025874051043591369
-0.36816515908410818 -0.024953821774749217

-0.36816515908410818 -0.024953821774749217
-0.36806887117755099 -0.024922305679436388

-0.36806887117755099 -0.024922305679436388
-0.36494964345570735 -0.024011174556174724

-0.36494964345570735 -0.024011174556174724
-0.36183041573386365 -0.023134216323458093

-0.36183041573386365 -0.023134216323458093
-0.35871118801202001 -0.022300185048894836

-0.35871118801202001 -0.022300185048894836
-0.35692034854143367 -0.021834594052905564

-0.35692034854143367 -0.021834594052905564
-0.35559196029017637 -0.021486434268391974

-0.35559196029017637 -0.021486434268391974
-0.35247273256833273 -0.020732522313444968

-0.35247273256833273 -0.020732522313444968
-0.34935350484648908 -0.020012881169211297

-0.34935350484648908 -0.020012881169211297
-0.34623427712464538 -0.019334282478405202

-0.34623427712464538 -0.019334282478405202
-0.34320754515652069 -0.018715366331061911

-0.34320754515652069 -0.018715366331061911
-0.34311504940280174 -0.018695531351159731

-0.34311504940280174 -0.018695531351159731
-0.3399958216809581 -0.018099609505035967

-0.3399958216809581 -0.018099609505035967
-0.33687659395911446 -0.017543469239285139

-0.33687659395911446 -0.017543469239285139
-0.33375736623727081 -0.017027519034333662

-0.33375736623727081 -0.017027519034333662
-0.33063813851542717 -0.016550822121234935

-0.33063813851542717 -0.016550822121234935
-0.32751891079358347 -0.016112457629288115

-0.32751891079358347 -0.016112457629288115
-0.32439968307173983 -0.015712896597350499

-0.32439968307173983 -0.015712896597350499
-0.32341265605396691 -0.015596138609218262

-0.32341265605396691 -0.015596138609218262
-0.32128045534989619 -0.015347015798110672

-0.32128045534989619 -0.015347015798110672
-0.31816122762805255 -0.01502274677325287

-0.31816122762805255 -0.01502274677325287
-0.3150419999062089 -0.01473608033264143

-0.3150419999062089 -0.01473608033264143
-0.31192277218436526 -0.014486837984074893

-0.31192277218436526 -0.014486837984074893
-0.30880354446252156 -0.014273824738918818

-0.30880354446252156 -0.014273824738918818
-0.30568431674067792 -0.014096577752938749

-0.30568431674067792 -0.014096577752938749
-0.30256508901883428 -0.013955732716652023

-0.30256508901883428 -0.013955732716652023
-0.29944586129699063 -0.013852493339650529

-0.29944586129699063 -0.013852493339650529
-0.29632663357514699 -0.013787467526841674

-0.29632663357514699 -0.013787467526841674
-0.29320740585330335 -0.01376007839720696

-0.29320740585330335 -0.01376007839720696
-0.29008817813145965 -0.013769645476668948

-0.29008817813145965 -0.013769645476668948
-0.28696895040961601 -0.013816596229592477

-0.28696895040961601 -0.013816596229592477
-0.28384972268777237 -0.013902724225498736

-0.28384972268777237 -0.013902724225498736
-0.28073049496592872 -0.014030404001564419

-0.28073049496592872 -0.014030404001564419
-0.27761126724408508 -0.014201335174252091

-0.27761126724408508 -0.014201335174252091
-0.27449203952224144 -0.014415656404890436

-0.27449203952224144 -0.014415656404890436
-0.27137281180039774 -0.014673045664866458

-0.27137281180039774 -0.014673045664866458
-0.2682535840785541 -0.014974673498105209

-0.2682535840785541 -0.014974673498105209
-0.26513435635671045 -0.015322055886334241

-0.26513435635671045 -0.015322055886334241
-0.26297826960847387 -0.015596138609218262

-0.26297826960847387 -0.015596138609218262
-0.26201512863486681 -0.015720318430672335

-0.26201512863486681 -0.015720318430672335
-0.25889590091302317 -0.016160423377121546

-0.25889590091302317 -0.016160423377121546
-0.25577667319117953 -0.016647793919925862

-0.25577667319117953 -0.016647793919925862
-0.25265744546933583 -0.017178584370504655

-0.25265744546933583 -0.017178584370504655
-0.24953821774749216 -0.01775103038692032

-0.24953821774749216 -0.01775103038692032
-0.24641899002564852 -0.018360419688029581

-0.24641899002564852 -0.018360419688029581
-0.24474097147693827 -0.018715366331061911

-0.24474097147693827 -0.018715366331061911
-0.24329976230380487 -0.019021942604476965

-0.24329976230380487 -0.019021942604476965
-0.2401805345819612 -0.019709011134980383

-0.2401805345819612 -0.019709011134980383
-0.23706130686011756 -0.020436277960422612

-0.23706130686011756 -0.020436277960422612
-0.23394207913827392 -0.02119525074374029

-0.23394207913827392 -0.02119525074374029
-0.23144381498179395 -0.021834594052905564

-0.23144381498179395 -0.021834594052905564
-0.23082285141643025 -0.022000130442479456

-0.23082285141643025 -0.022000130442479456
-0.2277036236945866 -0.02282684985598999

-0.2277036236945866 -0.02282684985598999
-0.22458439597274296 -0.023699785971247479

-0.22458439597274296 -0.023699785971247479
-0.22146516825089929 -0.024603908315997625

-0.22146516825089929 -0.024603908315997625
-0.22035981102389798 -0.024953821774749217

-0.22035981102389798 -0.024953821774749217
-0.21834594052905565 -0.025577990889570391

-0.21834594052905565 -0.025577990889570391
-0.21522671280721201 -0.02657644843494707

-0.21522671280721201 -0.02657644843494707
-0.21210748508536834 -0.02762021756768385

-0.21210748508536834 -0.02762021756768385
-0.21087208476430849 -0.028073049496592867

-0.21087208476430849 -0.028073049496592867
-0.20898825736352469 -0.028752009725505526

-0.20898825736352469 -0.028752009725505526
-0.20586902964168105 -0.029904453793098893

-0.20586902964168105 -0.029904453793098893
-0.20274980191983738 -0.031120075874639701

-0.20274980191983738 -0.031120075874639701
-0.20259002915703109 -0.03119227721843652

-0.20259002915703109 -0.03119227721843652
-0.19963057419799374 -0.03240953409355838

-0.19963057419799374 -0.03240953409355838
-0.19651134647615007 -0.033730384780087191

-0.19651134647615007 -0.033730384780087191
-0.19527304402333434 -0.034311504940280173

-0.19527304402333434 -0.034311504940280173
-0.19339211875430642 -0.035175571471161765

-0.19339211875430642 -0.035175571471161765
-0.19027289103246278 -0.036605526032844948

-0.19027289103246278 -0.036605526032844948
-0.18863220057398941 -0.037430732662123829

-0.18863220057398941 -0.037430732662123829
-0.18715366331061911 -0.03818114284243742

-0.18715366331061911 -0.03818114284243742
-0.18403443558877547 -0.039712650728961317

-0.18403443558877547 -0.039712650728961317
-0.18249333993345634 -0.040549960383967479

-0.18249333993345634 -0.040549960383967479
-0.18091520786693183 -0.041407970696248367

-0.18091520786693183 -0.041407970696248367
-0.17779598014508816 -0.043041102852847644

-0.17779598014508816 -0.043041102852847644
-0.17674675403232776 -0.043669188105811135

-0.17674675403232776 -0.043669188105811135
-0.17467675242324451 -0.044852574673402999

-0.17467675242324451 -0.044852574673402999
-0.17155752470140087 -0.046617055094498289

-0.17155752470140087 -0.046617055094498289
-0.17130133623148178 -0.046788415827654785

-0.17130133623148178 -0.046788415827654785
-0.1684382969795572 -0.048485682345630839

-0.1684382969795572 -0.048485682345630839
-0.16615621504379696 -0.049907643549498434

-0.16615621504379696 -0.049907643549498434
-0.16531906925771356 -0.050471189226903537

-0.16531906925771356 -0.050471189226903537
-0.16219984153586992 -0.05236825457672397

-0.16219984153586992 -0.05236825457672397
-0.16127032658898666 -0.053026871271342091

-0.16127032658898666 -0.053026871271342091
-0.15908061381402624 -0.054485567270290663

-0.15908061381402624 -0.054485567270290663
-0.15663506687067216 -0.05614609899318574

-0.15663506687067216 -0.05614609899318574
-0.1559613860921826 -0.056647913054982568

-0.1559613860921826 -0.056647913054982568
-0.15284215837033896 -0.058739542646565529

-0.15284215837033896 -0.058739542646565529
-0.15217293506585539 -0.05926532671502939

-0.15217293506585539 -0.05926532671502939
-0.14972293064849529 -0.061051694340743749

-0.14972293064849529 -0.061051694340743749
-0.14801184638778017 -0.062384554436873046

-0.14801184638778017 -0.062384554436873046
-0.14660370292665165 -0.06350332692508473

-0.14660370292665165 -0.06350332692508473
-0.14401647322869485 -0.065503782158716689

-0.14401647322869485 -0.065503782158716689
-0.143484475204808 -0.065952625599135478

-0.143484475204808 -0.065952625599135478
-0.14036524748296433 -0.068371676294355921

-0.14036524748296433 -0.068371676294355921
-0.14007815941109292 -0.068623009880560346

-0.14007815941109292 -0.068623009880560346
-0.13724601976112069 -0.070939558662347982

-0.13724601976112069 -0.070939558662347982
-0.13634443959876663 -0.071742237602403988

-0.13634443959876663 -0.071742237602403988
-0.13412679203927705 -0.073664697122092337

-0.13412679203927705 -0.073664697122092337
-0.13280564479492846 -0.074861465324247645

-0.13280564479492846 -0.074861465324247645
-0.13100756431743338 -0.076489406615173186

-0.13100756431743338 -0.076489406615173186
-0.12939457739996332 -0.077980693046091301

-0.12939457739996332 -0.077980693046091301
-0.12788833659558974 -0.079390509224757697

-0.12788833659558974 -0.079390509224757697
-0.12608189918116652 -0.081099920767934958

-0.12608189918116652 -0.081099920767934958
-0.12476910887374608 -0.082363190111604243

-0.12476910887374608 -0.082363190111604243
-0.12285731082371966 -0.0842191484897786

-0.12285731082371966 -0.0842191484897786
-0.12164988115190242 -0.085409175114949304

-0.12164988115190242 -0.085409175114949304
-0.11971195021520778 -0.087338376211622257

-0.11971195021520778 -0.087338376211622257
-0.11853065343005878 -0.08852736506925539

-0.11853065343005878 -0.08852736506925539
-0.11663567315734878 -0.090457603933465913

-0.11663567315734878 -0.090457603933465913
-0.11541142570821512 -0.091713699131947879

-0.11541142570821512 -0.091713699131947879
-0.11362063378175648 -0.093576831655309556

-0.11362063378175648 -0.093576831655309556
-0.11229219798637147 -0.094967808966472445

-0.11229219798637147 -0.094967808966472445
-0.11066002870028802 -0.096696059377153212

-0.11066002870028802 -0.096696059377153212
-0.10917297026452782 -0.098280456952523271

-0.10917297026452782 -0.098280456952523271
-0.10773827042267077 -0.099815287098996869

-0.10773827042267077 -0.099815287098996869
-0.10605374254268417 -0.10163925909583828

-0.10605374254268417 -0.10163925909583828
-0.1048519931155812 -0.10293451482084051

-0.1048519931155812 -0.10293451482084051
-0.10293451482084051 -0.10505211645852995

-0.10293451482084051 -0.10505211645852995
-0.10201154628393849 -0.10605374254268417

-0.10201154628393849 -0.10605374254268417
-0.099815287098996869 -0.10853447408738182

-0.099815287098996869 -0.10853447408738182
-0.099228851680043806 -0.10917297026452782

-0.099228851680043806 -0.10917297026452782
-0.096696059377153212 -0.11209199220336705

-0.096696059377153212 -0.11209199220336705
-0.096511862383086358 -0.11229219798637147

-0.096511862383086358 -0.11229219798637147
-0.093837462872083693 -0.11541142570821512

-0.093837462872083693 -0.11541142570821512
-0.093576831655309556 -0.11569557923690463

-0.093576831655309556 -0.11569557923690463
-0.091122309683198177 -0.11853065343005878

-0.091122309683198177 -0.11853065343005878
-0.090457603933465913 -0.11926003876605341

-0.090457603933465913 -0.11926003876605341
-0.088362370637901866 -0.12164988115190242

-0.088362370637901866 -0.12164988115190242
-0.087338376211622257 -0.12277977361121875

-0.087338376211622257 -0.12277977361121875
-0.08556735655889379 -0.12476910887374608

-0.08556735655889379 -0.12476910887374608
-0.0842191484897786 -0.12625442257956421

-0.0842191484897786 -0.12625442257956421
-0.082734593745091262 -0.12788833659558974

-0.082734593745091262 -0.12788833659558974
-0.081099920767934958 -0.12967425428075086

-0.081099920767934958 -0.12967425428075086
-0.079862381512508088 -0.13100756431743338

-0.079862381512508088 -0.13100756431743338
-0.077980693046091301 -0.13303339750470539

-0.077980693046091301 -0.13303339750470539
-0.076943473101505566 -0.13412679203927705

-0.076943473101505566 -0.13412679203927705
-0.074861465324247645 -0.1363160377726059

-0.074861465324247645 -0.1363160377726059
-0.073955927472688143 -0.13724601976112069

-0.073955927472688143 -0.13724601976112069
-0.071742237602403988 -0.13948679369261505

-0.071742237602403988 -0.13948679369261505
-0.070855549348880123 -0.14036524748296433

-0.070855549348880123 -0.14036524748296433
-0.068623009880560346 -0.14251063187214658

-0.068623009880560346 -0.14251063187214658
-0.067592351979630552 -0.143484475204808

-0.067592351979630552 -0.143484475204808
-0.065503782158716689 -0.14538119266108643

-0.065503782158716689 -0.14538119266108643
-0.064126037785047413 -0.14660370292665165

-0.064126037785047413 -0.14660370292665165
-0.062384554436873046 -0.14810378221567014

-0.062384554436873046 -0.14810378221567014
-0.060363138430360799 -0.14972293064849529

-0.060363138430360799 -0.14972293064849529
-0.05926532671502939 -0.15061893262647977

-0.05926532671502939 -0.15061893262647977
-0.05614609899318574 -0.15278450415998238

-0.05614609899318574 -0.15278450415998238
-0.056069581888001152 -0.15284215837033896

-0.056069581888001152 -0.15284215837033896
-0.053026871271342091 -0.15481068543579146

-0.053026871271342091 -0.15481068543579146
-0.051125446922653715 -0.1559613860921826

-0.051125446922653715 -0.1559613860921826
-0.049907643549498434 -0.15671652497479874

-0.049907643549498434 -0.15671652497479874
-0.046788415827654785 -0.15828350835776542

-0.046788415827654785 -0.15828350835776542
-0.045098710126565023 -0.15908061381402624

-0.045098710126565023 -0.15908061381402624
-0.043669188105811135 -0.15975613661034047

-0.043669188105811135 -0.15975613661034047
-0.040549960383967479 -0.16096684611549777

-0.040549960383967479 -0.16096684611549777
-0.037430732662123829 -0.16199259058295037

-0.037430732662123829 -0.16199259058295037
-0.036707738161742526 -0.16219984153586992

-0.036707738161742526 -0.16219984153586992
-0.034311504940280173 -0.16285669611487297

-0.034311504940280173 -0.16285669611487297
-0.03119227721843652 -0.16352716840839512

-0.03119227721843652 -0.16352716840839512
-0.028073049496592867 -0.16401485763780224

-0.028073049496592867 -0.16401485763780224
-0.024953821774749217 -0.16432713615658409

-0.024953821774749217 -0.16432713615658409
-0.021834594052905564 -0.16446931497271439

-0.021834594052905564 -0.16446931497271439
-0.018715366331061911 -0.16444349254829491

-0.018715366331061911 -0.16444349254829491
-0.015596138609218262 -0.16425225539672481

-0.015596138609218262 -0.16425225539672481
-0.012476910887374609 -0.16390094882027173

-0.012476910887374609 -0.16390094882027173
-0.0093576831655309573 -0.16339645906763856

-0.0093576831655309573 -0.16339645906763856
-0.0062384554436873043 -0.16275312996249067

-0.0062384554436873043 -0.16275312996249067
-0.0040532302570114873 -0.16219984153586992

-0.0040532302570114873 -0.16219984153586992
-0.0031192277218436521 -0.16195569325591228

-0.0031192277218436521 -0.16195569325591228
0 -0.16102962452342309

0 -0.16102962452342309
0.0031192277218436517 -0.15996675596446358

0.0031192277218436517 -0.15996675596446358
0.0054378615675341347 -0.15908061381402624

0.0054378615675341347 -0.15908061381402624
0.0062384554436873043 -0.15875805146592106

0.0062384554436873043 -0.15875805146592106
0.0093576831655309556 -0.15746823747505856

0.0093576831655309556 -0.15746823747505856
0.012476910887374609 -0.15606485526091524

0.012476910887374609 -0.15606485526091524
0.012667860239796915 -0.1559613860921826

0.012667860239796915 -0.1559613860921826
0.01559613860921826 -0.15453688252779985

0.01559613860921826 -0.15453688252779985
0.018715366331061915 -0.15294125050126534

0.018715366331061915 -0.15294125050126534
0.018877104714889043 -0.15284215837033896

0.018877104714889043 -0.15284215837033896
0.021834594052905568 -0.15124088038927133

0.021834594052905568 -0.15124088038927133
0.024509815337860293 -0.14972293064849529

0.024509815337860293 -0.14972293064849529
0.024953821774749217 -0.14944189558009519

0.024953821774749217 -0.14944189558009519
0.02807304949659287 -0.14766985149449666

0.02807304949659287 -0.14766985149449666
0.029778017370915195 -0.14660370292665165

0.029778017370915195 -0.14660370292665165
0.03119227721843652 -0.14570437387086044

0.03119227721843652 -0.14570437387086044
0.034311504940280173 -0.14384619562729073

0.034311504940280173 -0.14384619562729073
0.034826276994452142 -0.143484475204808

0.034826276994452142 -0.143484475204808
0.037430732662123822 -0.14182846291839937

0.037430732662123822 -0.14182846291839937
0.039658647882771764 -0.14036524748296433

0.039658647882771764 -0.14036524748296433
0.040549960383967479 -0.13973713551502329

0.040549960383967479 -0.13973713551502329
0.043669188105811128 -0.13778865194052226

0.043669188105811128 -0.13778865194052226
0.044416705164993582 -0.13724601976112069

0.044416705164993582 -0.13724601976112069
0.046788415827654778 -0.13565618722419878

0.046788415827654778 -0.13565618722419878
0.049033085931035357 -0.13412679203927705

0.049033085931035357 -0.13412679203927705
0.049907643549498434 -0.13348734005838839

0.049907643549498434 -0.13348734005838839
0.053026871271342084 -0.13147609525251625

0.053026871271342084 -0.13147609525251625
0.053654807613137595 -0.13100756431743338

0.053654807613137595 -0.13100756431743338
0.056146098993185733 -0.12930771495017801

0.056146098993185733 -0.12930771495017801
0.058175330704131542 -0.12788833659558974

0.058175330704131542 -0.12788833659558974
0.05926532671502939 -0.12708795200162304

0.05926532671502939 -0.12708795200162304
0.06238455443687304 -0.12504401919206651

0.06238455443687304 -0.12504401919206651
0.062747729640846489 -0.12476910887374608

0.062747729640846489 -0.12476910887374608
0.065503782158716703 -0.12290242519291082

0.065503782158716703 -0.12290242519291082
0.067277890017199887 -0.12164988115190242

0.067277890017199887 -0.12164988115190242
0.068623009880560346 -0.12067892028399604

0.068623009880560346 -0.12067892028399604
0.071742237602404002 -0.11863121147813555

0.071742237602404002 -0.11863121147813555
0.071875573859586081 -0.11853065343005878

0.071875573859586081 -0.11853065343005878
0.074861465324247659 -0.11655490022272552

0.074861465324247659 -0.11655490022272552
0.076509317262375601 -0.11541142570821512

0.076509317262375601 -0.11541142570821512
0.077980693046091315 -0.1143817740866401

0.077980693046091315 -0.1143817740866401
0.081099920767934958 -0.11238815017807011

0.081099920767934958 -0.11238815017807011
0.08123063752640218 -0.11229219798637147

0.08123063752640218 -0.11229219798637147
0.084219148489778614 -0.1103749553972256

0.084219148489778614 -0.1103749553972256
0.086036075539042287 -0.10917297026452782

0.086036075539042287 -0.10917297026452782
0.087338376211622271 -0.10828874187275891

0.087338376211622271 -0.10828874187275891
0.090457603933465913 -0.10640118831398233

0.090457603933465913 -0.10640118831398233
0.090958713234848845 -0.10605374254268417

0.090958713234848845 -0.10605374254268417
0.09357683165530957 -0.10442174147058747

0.09357683165530957 -0.10442174147058747
0.095982414340185451 -0.10293451482084051

0.095982414340185451 -0.10293451482084051
0.096696059377153226 -0.1024550859810061

0.096696059377153226 -0.1024550859810061
0.099815287098996869 -0.10065220306268294

0.099815287098996869 -0.10065220306268294
0.10115356558555333 -0.099815287098996869

0.10115356558555333 -0.099815287098996869
0.10293451482084053 -0.098727197322678248

0.10293451482084053 -0.098727197322678248
0.10605374254268418 -0.096963470728569617

0.10605374254268418 -0.096963470728569617
0.10647056174346095 -0.096696059377153212

0.10647056174346095 -0.096696059377153212
0.10917297026452782 -0.09514515176211015

0.10917297026452782 -0.09514515176211015
0.111968875105177 -0.093576831655309556

0.111968875105177 -0.093576831655309556
0.11229219798637148 -0.093373566262906049

0.11229219798637148 -0.093373566262906049
0.11541142570821514 -0.091696081267356955

0.11541142570821514 -0.091696081267356955
0.1176974206004245 -0.090457603933465913

0.1176974206004245 -0.090457603933465913
0.11853065343005878 -0.089976619721365322

0.11853065343005878 -0.089976619721365322
0.12164988115190244 -0.088391371086910614

0.12164988115190244 -0.088391371086910614
0.12367181040069566 -0.087338376211622257

0.12367181040069566 -0.087338376211622257
0.12476910887374609 -0.086744936857273802

0.12476910887374609 -0.086744936857273802
0.12788833659558974 -0.085229600625466556

0.12788833659558974 -0.085229600625466556
0.12992431722210435 -0.0842191484897786

0.12992431722210435 -0.0842191484897786
0.13100756431743341 -0.083661196346848016

0.13100756431743341 -0.083661196346848016
0.13412679203927705 -0.082205148051597871

0.13412679203927705 -0.082205148051597871
0.13647078699135343 -0.081099920767934958

0.13647078699135343 -0.081099920767934958
0.13724601976112069 -0.080711895948540224

0.13724601976112069 -0.080711895948540224
0.14036524748296436 -0.07930850981831522

0.14036524748296436 -0.07930850981831522
0.14333106249434643 -0.077980693046091301

0.14333106249434643 -0.077980693046091301
0.143484475204808 -0.077904416924956837

0.143484475204808 -0.077904416924956837
0.14660370292665165 -0.076548417106363245

0.14660370292665165 -0.076548417106363245
0.14972293064849532 -0.075237341560974808

0.14972293064849532 -0.075237341560974808
0.15057648056111436 -0.074861465324247645

0.15057648056111436 -0.074861465324247645
0.15284215837033896 -0.07391255540443642

0.15284215837033896 -0.07391255540443642
0.1559613860921826 -0.072665716985360174

0.1559613860921826 -0.072665716985360174
0.15830728057249799 -0.071742237602403988

0.15830728057249799 -0.071742237602403988
0.15908061381402627 -0.071422465805067226

0.15908061381402627 -0.071422465805067226
0.16219984153586992 -0.070259081851432745

0.16219984153586992 -0.070259081851432745
0.16531906925771356 -0.069132935496548725

0.16531906925771356 -0.069132935496548725
0.16672932841505714 -0.068623009880560346

0.16672932841505714 -0.068623009880560346
0.16843829697955723 -0.068011464426010637

0.16843829697955723 -0.068011464426010637
0.17155752470140087 -0.066966920361847981

0.17155752470140087 -0.066966920361847981
0.17467675242324451 -0.065962684517711659

0.17467675242324451 -0.065962684517711659
0.17610792114553769 -0.065503782158716689

0.17610792114553769 -0.065503782158716689
0.17779598014508818 -0.064966890437140462

0.17779598014508818 -0.064966890437140462
0.18091520786693183 -0.06403563694801695

0.18091520786693183 -0.06403563694801695
0.18403443558877547 -0.063131468545738298

0.18403443558877547 -0.063131468545738298
0.18669836614308935 -0.062384554436873046

0.18669836614308935 -0.062384554436873046
0.18715366331061914 -0.06225040897880614

0.18715366331061914 -0.06225040897880614
0.19027289103246278 -0.061413927965412819

0.19027289103246278 -0.061413927965412819
0.19339211875430642 -0.06059943033320437

0.19339211875430642 -0.06059943033320437
0.19651134647615009 -0.05981487081539108

0.19651134647615009 -0.05981487081539108
0.19875368793553563 -0.05926532671502939

0.19875368793553563 -0.05926532671502939
0.19963057419799374 -0.059044746000359305

0.19963057419799374 -0.059044746000359305
0.20274980191983741 -0.058318374006953354

0.20274980191983741 -0.058318374006953354
0.20586902964168105 -0.057614540643905421

0.20586902964168105 -0.057614540643905421
0.20898825736352469 -0.056941654248418253

0.20898825736352469 -0.056941654248418253
0.21210748508536836 -0.056305439534028834

0.21210748508536836 -0.056305439534028834
0.21290393682424305 -0.05614609899318574

0.21290393682424305 -0.05614609899318574
0.21522671280721201 -0.055693144981625323

0.21522671280721201 -0.055693144981625323
0.21834594052905565 -0.055124028593056117

0.21834594052905565 -0.055124028593056117
0.22146516825089932 -0.054590739988462443

0.22146516825089932 -0.054590739988462443
0.22458439597274296 -0.054095040811522228

0.22458439597274296 -0.054095040811522228
0.2277036236945866 -0.053637025197083139

0.2277036236945866 -0.053637025197083139
0.23082285141643027 -0.053217246528181564

0.23082285141643027 -0.053217246528181564
0.2323476219679296 -0.053026871271342091

0.2323476219679296 -0.053026871271342091
0.23394207913827392 -0.052828215183598086

0.23394207913827392 -0.052828215183598086
0.23706130686011756 -0.052477952423577869

0.23706130686011756 -0.052477952423577869
0.24018053458196123 -0.052159508311988241

0.24018053458196123 -0.052159508311988241
0.24329976230380487 -0.051872463642137663

0.24329976230380487 -0.051872463642137663
0.24641899002564852 -0.05161498623466855

0.24641899002564852 -0.05161498623466855
0.24953821774749216 -0.051385275608082655

0.24953821774749216 -0.051385275608082655
0.25265744546933583 -0.051182041056047331

0.25265744546933583 -0.051182041056047331
0.25577667319117947 -0.051004872000863365

0.25577667319117947 -0.051004872000863365
0.25889590091302311 -0.050853955028222993

0.25889590091302311 -0.050853955028222993
0.26201512863486676 -0.050729754866956821

0.26201512863486676 -0.050729754866956821
0.2651343563567104 -0.050633137097451049

0.2651343563567104 -0.050633137097451049
0.26825358407855404 -0.050565680402354589

0.26825358407855404 -0.050565680402354589
0.27137281180039774 -0.050529400678338159

0.27137281180039774 -0.050529400678338159
0.27449203952224138 -0.050525962861275225

0.27449203952224138 -0.050525962861275225
0.27761126724408502 -0.050556342959855019

0.27761126724408502 -0.050556342959855019
0.28073049496592867 -0.05062134356741578

0.28073049496592867 -0.05062134356741578
0.28384972268777231 -0.050722128844145321

0.28384972268777231 -0.050722128844145321
0.28696895040961595 -0.050859803867683212

0.28696895040961595 -0.050859803867683212
0.29008817813145965 -0.051034306596713201

0.29008817813145965 -0.051034306596713201
0.29320740585330329 -0.051244171212131505

0.29320740585330329 -0.051244171212131505
0.29632663357514694 -0.051487940033795879

0.29632663357514694 -0.051487940033795879
0.29944586129699058 -0.051765304479756476

0.29944586129699058 -0.051765304479756476
0.30256508901883422 -0.052077057636333787

0.30256508901883422 -0.052077057636333787
0.30568431674067786 -0.052424226382615527

0.30568431674067786 -0.052424226382615527
0.30880354446252156 -0.052803021140181615

0.30880354446252156 -0.052803021140181615
0.31049083466912275 -0.053026871271342091

0.31049083466912275 -0.053026871271342091
0.3119227721843652 -0.053217602343161162

0.3119227721843652 -0.053217602343161162
0.31504199990620885 -0.0536594311355479

0.31504199990620885 -0.0536594311355479
0.31816122762805249 -0.054138386218581351

0.31816122762805249 -0.054138386218581351
0.32128045534989613 -0.05465322420595127

0.32128045534989613 -0.05465322420595127
0.32439968307173978 -0.055204358128775208

0.32439968307173978 -0.055204358128775208
0.32751891079358347 -0.055786532239225826

0.32751891079358347 -0.055786532239225826
0.32931570375659691 -0.05614609899318574

0.32931570375659691 -0.05614609899318574
0.33063813851542712 -0.056413159147092697

0.33063813851542712 -0.056413159147092697
0.33375736623727076 -0.057064337725550751

0.33375736623727076 -0.057064337725550751
0.3368765939591144 -0.057757573894589152

0.3368765939591144 -0.057757573894589152
0.33999582168095804 -0.058487928375766308

0.33999582168095804 -0.058487928375766308
0.34311504940280169 -0.059254217954037298

0.34311504940280169 -0.059254217954037298
0.34315554794054681 -0.05926532671502939

0.34315554794054681 -0.05926532671502939
0.34623427712464538 -0.060058106732482901

0.34623427712464538 -0.060058106732482901
0.34935350484648903 -0.060899703222635347

0.34935350484648903 -0.060899703222635347
0.35247273256833267 -0.06177583354185695

0.35247273256833267 -0.06177583354185695
0.35451989838114173 -0.062384554436873046

0.35451989838114173 -0.062384554436873046
0.35559196029017631 -0.062711440721042594

0.35559196029017631 -0.062711440721042594
0.35871118801201995 -0.063658892891304497

0.35871118801201995 -0.063658892891304497
0.36183041573386365 -0.064653499457120872

0.36183041573386365 -0.064653499457120872
0.36437896513984408 -0.065503782158716689

0.36437896513984408 -0.065503782158716689
0.3649496434557073 -0.065705179461196972

0.3649496434557073 -0.065705179461196972
0.36806887117755094 -0.066776600039299819

0.36806887117755094 -0.066776600039299819
0.37118809889939458 -0.067892913485839007

0.37118809889939458 -0.067892913485839007
0.37311379299313308 -0.068623009880560346

0.37311379299313308 -0.068623009880560346
0.37430732662123822 -0.06908665294820357

0.37430732662123822 -0.06908665294820357
0.37742655434308187 -0.070280833860803527

0.37742655434308187 -0.070280833860803527
0.38054578206492556 -0.071522398968519724

0.38054578206492556 -0.071522398968519724
0.38103377108034348 -0.071742237602403988

0.38103377108034348 -0.071742237602403988
0.38366500978676921 -0.072844347971667153

0.38366500978676921 -0.072844347971667153
0.38678423750861285 -0.074167588012033436

0.38678423750861285 -0.074167588012033436
0.38829787147741918 -0.074861465324247645

0.38829787147741918 -0.074861465324247645
0.38990346523045649 -0.075596264620607409

0.38990346523045649 -0.075596264620607409
0.39302269295230013 -0.076993077749686362

0.39302269295230013 -0.076993077749686362
0.39508419521549948 -0.077980693046091301

0.39508419521549948 -0.077980693046091301
0.39614192067414378 -0.078508843956285726

0.39614192067414378 -0.078508843956285726
0.39926114839598748 -0.079989626988345164

0.39926114839598748 -0.079989626988345164
0.4014477608669218 -0.081099920767934958

0.4014477608669218 -0.081099920767934958
0.40238037611783112 -0.081599980388682616

0.40238037611783112 -0.081599980388682616
0.40549960383967476 -0.083161750608307564

0.40549960383967476 -0.083161750608307564
0.40744912774077818 -0.0842191484897786

0.40744912774077818 -0.0842191484897786
0.4086188315615184 -0.08487731235838808

0.4086188315615184 -0.08487731235838808
0.41173805928336205 -0.086522328868758311

0.41173805928336205 -0.086522328868758311
0.41311422166098782 -0.087338376211622257

0.41311422166098782 -0.087338376211622257
0.41485728700520569 -0.08835640969197267

0.41485728700520569 -0.08835640969197267
0.41797651472704939 -0.090115115266036119

0.41797651472704939 -0.090115115266036119
0.41849253927099944 -0.090457603933465913

0.41849253927099944 -0.090457603933465913
0.42109574244889303 -0.092022276714955442

0.42109574244889303 -0.092022276714955442
0.42360417322828958 -0.093576831655309556

0.42360417322828958 -0.093576831655309556
0.42421497017073667 -0.093994397704919422

0.42421497017073667 -0.093994397704919422
0.42733419789258031 -0.095886493321626978

0.42733419789258031 -0.095886493321626978
0.42850040931727201 -0.096696059377153212

0.42850040931727201 -0.096696059377153212
0.43045342561442396 -0.09799938260595685

0.43045342561442396 -0.09799938260595685
0.4332051871834065 -0.099815287098996869

0.4332051871834065 -0.099815287098996869
0.4335726533362676 -0.1000877292984451

0.4335726533362676 -0.1000877292984451
0.4366918810581113 -0.10211585224312893

0.4366918810581113 -0.10211585224312893
0.43780128969643295 -0.10293451482084051

0.43780128969643295 -0.10293451482084051
0.43981110877995494 -0.10435374772283951

0.43981110877995494 -0.10435374772283951
0.44222882492267479 -0.10605374254268417

0.44222882492267479 -0.10605374254268417
0.44293033650179858 -0.10659050501095706

0.44293033650179858 -0.10659050501095706
0.44604956422364223 -0.10869837161764483

0.44604956422364223 -0.10869837161764483
0.44665966860579631 -0.10917297026452782

0.44665966860579631 -0.10917297026452782
0.44916879194548587 -0.11096542526431044

0.44916879194548587 -0.11096542526431044
0.45094333668988629 -0.11229219798637147

0.45094333668988629 -0.11229219798637147
0.45228801966732957 -0.1133200086256073

0.45228801966732957 -0.1133200086256073
0.45522566920719643 -0.11541142570821512

0.45522566920719643 -0.11541142570821512
0.45540724738917321 -0.11555659116274167

0.45540724738917321 -0.11555659116274167
0.45852647511101685 -0.11774377379850522

0.45852647511101685 -0.11774377379850522
0.45953496975357233 -0.11853065343005878

0.45953496975357233 -0.11853065343005878
0.46164570283286049 -0.12009569524566084

0.46164570283286049 -0.12009569524566084
0.4637486475729341 -0.12164988115190242

0.4637486475729341 -0.12164988115190242
0.46476493055470414 -0.12243919014890142

0.46476493055470414 -0.12243919014890142
0.46788415827654778 -0.12458455896793007

0.46788415827654778 -0.12458455896793007
0.4681207619713364 -0.12476910887374608

0.4681207619713364 -0.12476910887374608
0.47100338599839148 -0.12676353389517003

0.47100338599839148 -0.12676353389517003
0.4725607237774121 -0.12788833659558974

0.4725607237774121 -0.12788833659558974
0.47412261372023512 -0.12901326273660091

0.47412261372023512 -0.12901326273660091
0.47718188557161167 -0.13100756431743338

0.47718188557161167 -0.13100756431743338
0.47724184144207876 -0.13105192523050066

0.47724184144207876 -0.13105192523050066
0.48036106916392241 -0.13299107652494224

0.48036106916392241 -0.13299107652494224
0.48221445663583606 -0.13412679203927705

0.48221445663583606 -0.13412679203927705
0.48348029688576605 -0.13492110220858169

0.48348029688576605 -0.13492110220858169
0.48659952460760969 -0.13657206416857848

0.48659952460760969 -0.13657206416857848
0.48786022408076535 -0.13724601976112069

0.48786022408076535 -0.13724601976112069
0.48971875232945339 -0.13820913783165314

0.48971875232945339 -0.13820913783165314
0.49283798005129703 -0.13960993388582935

0.49283798005129703 -0.13960993388582935
0.49465437322649053 -0.14036524748296433

0.49465437322649053 -0.14036524748296433
0.49595720777314067 -0.14091250043626324

0.49595720777314067 -0.14091250043626324
0.49907643549498437 -0.14198321654658283

0.49907643549498437 -0.14198321654658283
0.50219566321682796 -0.14287920340325685

0.50219566321682796 -0.14287920340325685
0.50484556987851836 -0.143484475204808

0.50484556987851836 -0.143484475204808
0.50531489093867166 -0.1435952789642804

0.50531489093867166 -0.1435952789642804
0.50843411866051524 -0.14411696979115024

0.50843411866051524 -0.14411696979115024
0.51155334638235894 -0.14445449009972897

0.51155334638235894 -0.14445449009972897
0.51467257410420253 -0.14459733430442509

0.51467257410420253 -0.14459733430442509
0.51779180182604623 -0.14453668736489805

0.51779180182604623 -0.14453668736489805
0.52091102954788993 -0.14426951048804151

0.52091102954788993 -0.14426951048804151
0.52403025726973351 -0.14380419584117257

0.52403025726973351 -0.14380419584117257
0.52548993403828448 -0.143484475204808

0.52548993403828448 -0.143484475204808
0.52714948499157721 -0.14311909849605389

0.52714948499157721 -0.14311909849605389
0.5302687127134208 -0.14224517312532828

0.5302687127134208 -0.14224517312532828
0.5333879404352645 -0.14119104050516751

0.5333879404352645 -0.14119104050516751
0.53544636083841346 -0.14036524748296433

0.53544636083841346 -0.14036524748296433
0.53650716815710819 -0.13992195749627515

0.53650716815710819 -0.13992195749627515
0.53962639587895178 -0.13851835080981528

0.53962639587895178 -0.13851835080981528
0.54209143580961938 -0.13724601976112069

0.54209143580961938 -0.13724601976112069
0.54274562360079548 -0.13687830824303121

0.54274562360079548 -0.13687830824303121
0.54586485132263907 -0.13517491428851852

0.54586485132263907 -0.13517491428851852
0.54753199687870113 -0.13412679203927705

0.54753199687870113 -0.13412679203927705
0.54898407904448276 -0.13319925962955376

0.54898407904448276 -0.13319925962955376
0.55210330676632646 -0.13126256882221798

0.55210330676632646 -0.13126256882221798
0.55244411425017659 -0.13100756431743338

0.55244411425017659 -0.13100756431743338
0.55522253448817005 -0.12912952651735449

0.55522253448817005 -0.12912952651735449
0.55687754815801715 -0.12788833659558974

0.55687754815801715 -0.12788833659558974
0.55834176221001375 -0.12677457316572913

0.55834176221001375 -0.12677457316572913
0.56105361495013972 -0.12476910887374608

0.56105361495013972 -0.12476910887374608
0.56146098993185733 -0.12443450679997496

0.56146098993185733 -0.12443450679997496
0.56458021765370103 -0.12213619377022313

0.56458021765370103 -0.12213619377022313
0.56516048135251651 -0.12164988115190242

0.56516048135251651 -0.12164988115190242
0.56769944537554462 -0.11966641932161864

0.56769944537554462 -0.11966641932161864
0.5690521440524825 -0.11853065343005878

0.5690521440524825 -0.11853065343005878
0.57081867309738832 -0.11706466417131897

0.57081867309738832 -0.11706466417131897
0.57280177346061889 -0.11541142570821512

0.57280177346061889 -0.11541142570821512
0.57393790081923202 -0.1144332211985799

0.57393790081923202 -0.1144332211985799
0.57654918751176409 -0.11229219798637147

0.57654918751176409 -0.11229219798637147
0.5770571285410756 -0.11184520607087306

0.5770571285410756 -0.11184520607087306
0.5801763562629193 -0.10933923435957504

0.5801763562629193 -0.10933923435957504
0.58036463871439437 -0.10917297026452782

0.58036463871439437 -0.10917297026452782
0.58329558398476289 -0.10679142438635357

0.58329558398476289 -0.10679142438635357
0.58414041633425506 -0.10605374254268417

0.58414041633425506 -0.10605374254268417
0.58641481170660659 -0.10416002328292674

0.58641481170660659 -0.10416002328292674
0.58784433924784985 -0.10293451482084051

0.58784433924784985 -0.10293451482084051
0.58953403942845028 -0.10150241779775913

0.58953403942845028 -0.10150241779775913
0.59157035858500684 -0.099815287098996869

0.59157035858500684 -0.099815287098996869
0.59265326715029387 -0.098890510030291687

0.59265326715029387 -0.098890510030291687
0.59543208046708684 -0.096696059377153212

0.59543208046708684 -0.096696059377153212
0.59577249487213757 -0.09640429467426738

0.59577249487213757 -0.09640429467426738
0.59889172259398116 -0.09403554015349537

0.59889172259398116 -0.09403554015349537
0.59943774517867165 -0.093576831655309556

0.59943774517867165 -0.093576831655309556
0.60201095031582486 -0.091586229940624306

0.60201095031582486 -0.091586229940624306
0.60340921301885098 -0.090457603933465913

0.60340921301885098 -0.090457603933465913
0.60513017803766844 -0.089093265605989749

0.60513017803766844 -0.089093265605989749
0.60745452047500759 -0.087338376211622257

0.60745452047500759 -0.087338376211622257
0.60824940575951214 -0.086698792892553153

0.60824940575951214 -0.086698792892553153
0.61136863348135584 -0.084492320637612334

0.61136863348135584 -0.084492320637612334
0.61171048385240911 -0.0842191484897786

0.61171048385240911 -0.0842191484897786
0.61448786120319943 -0.082229985495711713

0.61448786120319943 -0.082229985495711713
0.61599835059639407 -0.081099920767934958

0.61599835059639407 -0.081099920767934958
0.61760708892504312 -0.079906183374062412

0.61760708892504312 -0.079906183374062412
0.6204127093249181 -0.077980693046091301

0.6204127093249181 -0.077980693046091301
0.62072631664688671 -0.077740679549230515

0.62072631664688671 -0.077740679549230515
0.62384554436873041 -0.075699378746020382

0.62384554436873041 -0.075699378746020382
0.62502013348532459 -0.074861465324247645

0.62502013348532459 -0.074861465324247645
0.62696477209057411 -0.07353384175560107

0.62696477209057411 -0.07353384175560107
0.62974324282343597 -0.071742237602403988

0.62974324282343597 -0.071742237602403988
0.63008399981241769 -0.071496274812521132

0.63008399981241769 -0.071496274812521132
0.63320322753426139 -0.069583059957842863

0.63320322753426139 -0.069583059957842863
0.63467780830996534 -0.068623009880560346

0.63467780830996534 -0.068623009880560346
0.63632245525610498 -0.067563759976267859

0.63632245525610498 -0.067563759976267859
0.63944168297794868 -0.065731151692158249

0.63944168297794868 -0.065731151692158249
0.63978171058346034 -0.065503782158716689

0.63978171058346034 -0.065503782158716689
0.64256091069979226 -0.063856455951766505

0.64256091069979226 -0.063856455951766505
0.64508219747939122 -0.062384554436873046

0.64508219747939122 -0.062384554436873046
0.64568013842163596 -0.062002094632880277

0.64568013842163596 -0.062002094632880277
0.64879936614347966 -0.060289246258405954

0.64879936614347966 -0.060289246258405954
0.65059304430231546 -0.05926532671502939

0.65059304430231546 -0.05926532671502939
0.65191859386532325 -0.058493338405371367

0.65191859386532325 -0.058493338405371367
0.65503782158716695 -0.056863806978380185

0.65503782158716695 -0.056863806978380185
0.65632298703730263 -0.05614609899318574

0.65632298703730263 -0.05614609899318574
0.65815704930901053 -0.055147934947530668

0.65815704930901053 -0.055147934947530668
0.66127627703085423 -0.053578732387170848

0.66127627703085423 -0.053578732387170848
0.66229931306996359 -0.053026871271342091

0.66229931306996359 -0.053026871271342091
0.66439550475269793 -0.051947956849909126

0.66439550475269793 -0.051947956849909126
0.66751473247454152 -0.050445560240925981

0.66751473247454152 -0.050445560240925981
0.66856859517827172 -0.049907643549498434

0.66856859517827172 -0.049907643549498434
0.67063396019638521 -0.048896904556331257

0.67063396019638521 -0.048896904556331257
0.6737531879182288 -0.047465468035364285

0.6737531879182288 -0.047465468035364285
0.67517921011403415 -0.046788415827654785

0.67517921011403415 -0.046788415827654785
0.6768724156400725 -0.045993834848562253

0.6768724156400725 -0.045993834848562253
0.6799916433619162 -0.044629195616979339

0.6799916433619162 -0.044629195616979339
0.6821784683751565 -0.043669188105811135

0.6821784683751565 -0.043669188105811135
0.68311087108375979 -0.043241628377863377

0.68311087108375979 -0.043241628377863377
0.68623009880560348 -0.041943671116874394

0.68623009880560348 -0.041943671116874394
0.68934932652744707 -0.04066652688058936

0.68934932652744707 -0.04066652688058936
0.68961416000529019 -0.040549960383967479

0.68961416000529019 -0.040549960383967479
0.69246855424929077 -0.039400188812928505

0.69246855424929077 -0.039400188812928505
0.69558778197113436 -0.038184940880766696

0.69558778197113436 -0.038184940880766696
0.69752182459924505 -0.037430732662123829

0.69752182459924505 -0.037430732662123829
0.69870700969297805 -0.0369580019910144

0.69870700969297805 -0.0369580019910144
0.70182623741482175 -0.035801705273681983

0.70182623741482175 -0.035801705273681983
0.70494546513666534 -0.034667936055793817

0.70494546513666534 -0.034667936055793817
0.70588837964093221 -0.034311504940280173

0.70588837964093221 -0.034311504940280173
0.70806469285850904 -0.033519241130727954

0.70806469285850904 -0.033519241130727954
0.71118392058035262 -0.032422630411131664

0.71118392058035262 -0.032422630411131664
0.71430314830219632 -0.031352853635405818

0.71430314830219632 -0.031352853635405818
0.71474781213542316 -0.03119227721843652

0.71474781213542316 -0.03119227721843652
0.71742237602404002 -0.030285976389939809

0.71742237602404002 -0.030285976389939809
0.72054160374588361 -0.02925851470954019

0.72054160374588361 -0.02925851470954019
0.72366083146772731 -0.028265572796594494

0.72366083146772731 -0.028265572796594494
0.72424364158701193 -0.028073049496592867

0.72424364158701193 -0.028073049496592867
0.72678005918957089 -0.027277291622796494

0.72678005918957089 -0.027277291622796494
0.72989928691141459 -0.026331293409258095

0.72989928691141459 -0.026331293409258095
0.73301851463325818 -0.025418999833737663

0.73301851463325818 -0.025418999833737663
0.73461453478394223 -0.024953821774749217

0.73461453478394223 -0.024953821774749217
0.73613774235510188 -0.024509604236339511

0.73613774235510188 -0.024509604236339511
0.73925697007694557 -0.023651509413996078

0.73925697007694557 -0.023651509413996078
0.74237619779878916 -0.022811988137105593

0.74237619779878916 -0.022811988137105593
0.74549542552063286 -0.02200411697085819

0.74549542552063286 -0.02200411697085819
0.74613699352022023 -0.021834594052905564

0.74613699352022023 -0.021834594052905564
0.74861465324247645 -0.021205052552162991

0.74861465324247645 -0.021205052552162991
0.75173388096432014 -0.020439822024047729

0.75173388096432014 -0.020439822024047729
0.75485310868616384 -0.019694983014465678

0.75485310868616384 -0.019694983014465678
0.75797233640800743 -0.018976965412523507

0.75797233640800743 -0.018976965412523507
0.75910555778152389 -0.018715366331061911

0.75910555778152389 -0.018715366331061911
0.76109156412985113 -0.01826441285309547

0.76109156412985113 -0.01826441285309547
0.76421079185169472 -0.017585649283890645

0.76421079185169472 -0.017585649283890645
0.76733001957353841 -0.016924953494963174

0.76733001957353841 -0.016924953494963174
0.77044924729538211 -0.016285039234185932

0.77044924729538211 -0.016285039234185932
0.7735684750172257 -0.01566869173472921

0.7735684750172257 -0.01566869173472921
0.7739331857273325 -0.015596138609218262

0.7739331857273325 -0.015596138609218262
0.7766877027390694 -0.015068785803208411

0.7766877027390694 -0.015068785803208411
0.77980693046091298 -0.014495752964919381

0.77980693046091298 -0.014495752964919381
0.78292615818275668 -0.013945884935476644

0.78292615818275668 -0.013945884935476644
0.78604538590460027 -0.013419798336349488

0.78604538590460027 -0.013419798336349488
0.78916461362644397 -0.012918102331831809

0.78916461362644397 -0.012918102331831809
0.79204722003379646 -0.012476910887374609

0.79204722003379646 -0.012476910887374609
0.79228384134828767 -0.012439518597111985

0.79228384134828767 -0.012439518597111985
0.79540306907013125 -0.011988188511676906

0.79540306907013125 -0.011988188511676906
0.79852229679197495 -0.011560134098591742

0.79852229679197495 -0.011560134098591742
0.80164152451381854 -0.011155960045666113

0.80164152451381854 -0.011155960045666113
0.80476075223566224 -0.010775128534514396

0.80476075223566224 -0.010775128534514396
0.80787997995750593 -0.010416781015393268

0.80787997995750593 -0.010416781015393268
0.81099920767934952 -0.010079909189404117

0.81099920767934952 -0.010079909189404117
0.81411843540119322 -0.0097636155361918928

0.81411843540119322 -0.0097636155361918928
0.81723766312303681 -0.0094683218855698831

0.81723766312303681 -0.0094683218855698831
0.81847756998463439 -0.0093576831655309573

0.81847756998463439 -0.0093576831655309573
0.8203568908448805 -0.0091908891085697095

0.8203568908448805 -0.0091908891085697095
0.82347611856672409 -0.0089363465150348216

0.82347611856672409 -0.0089363465150348216
0.82659534628856779 -0.0087032695740380077

0.82659534628856779 -0.0087032695740380077
0.82971457401041149 -0.0084929671591378215

0.82971457401041149 -0.0084929671591378215
0.83283380173225507 -0.0083061602186771007

0.83283380173225507 -0.0083061602186771007
0.83595302945409877 -0.0081438873560806535

0.83595302945409877 -0.0081438873560806535
0.83907225717594236 -0.0080076009971380337

0.83907225717594236 -0.0080076009971380337
0.84219148489778606 -0.0078985447096225157

0.84219148489778606 -0.0078985447096225157
0.84531071261962976 -0.0078168974059095054

0.84531071261962976 -0.0078168974059095054
0.84842994034147334 -0.0077621722831453686

0.84842994034147334 -0.0077621722831453686
0.85154916806331704 -0.0077347246769678569

0.85154916806331704 -0.0077347246769678569
0.85466839578516063 -0.0077356454702809871

0.85466839578516063 -0.0077356454702809871
0.85778762350700433 -0.0077645671627724344

0.85778762350700433 -0.0077645671627724344
0.86090685122884802 -0.0078191083581203077

0.86090685122884802 -0.0078191083581203077
0.86402607895069161 -0.0078975867140137473

0.86402607895069161 -0.0078975867140137473
0.86714530667253531 -0.00800081686885417

0.86714530667253531 -0.00800081686885417
0.8702645343943789 -0.0081293138351831006

0.8702645343943789 -0.0081293138351831006
0.8733837621162226 -0.0082808322886803922

0.8733837621162226 -0.0082808322886803922
0.87650298983806618 -0.0084540411717043129

0.87650298983806618 -0.0084540411717043129
0.87962221755990988 -0.0086516060759759244

0.87962221755990988 -0.0086516060759759244
0.88274144528175358 -0.0088757637713656693

0.88274144528175358 -0.0088757637713656693
0.88586067300359717 -0.0091230906086508055

0.88586067300359717 -0.0091230906086508055
0.88857033150936449 -0.0093576831655309573

0.88857033150936449 -0.0093576831655309573
0.88897990072544086 -0.0093937542732984488

0.88897990072544086 -0.0093937542732984488
0.89209912844728445 -0.0096900464612974992

0.89209912844728445 -0.0096900464612974992
0.89521835616912815 -0.010016715503061591

0.89521835616912815 -0.010016715503061591
0.89833758389097185 -0.010373278843380991

0.89833758389097185 -0.010373278843380991
0.90145681161281543 -0.010759570157020752

0.90145681161281543 -0.010759570157020752
0.90457603933465913 -0.011178246325347096

0.90457603933465913 -0.011178246325347096
0.90769526705650272 -0.011631019163830117

0.90769526705650272 -0.011631019163830117
0.91081449477834642 -0.012112624361209409

0.91081449477834642 -0.012112624361209409
0.9130311968220326 -0.012476910887374609

0.9130311968220326 -0.012476910887374609
0.91393372250019 -0.012628028423469178

0.91393372250019 -0.012628028423469178
0.9170529502220337 -0.013166797278263977

0.9170529502220337 -0.013166797278263977
0.9201721779438774 -0.013739684216471546

0.9201721779438774 -0.013739684216471546
0.92329140566572099 -0.014339894990628021

0.92329140566572099 -0.014339894990628021
0.92641063338756469 -0.014966251440095588

0.92641063338756469 -0.014966251440095588
0.92941326509361266 -0.015596138609218262

0.92941326509361266 -0.015596138609218262
0.92952986110940827 -0.015621876117115626

0.92952986110940827 -0.015621876117115626
0.93264908883125197 -0.016301157585503805

0.93264908883125197 -0.016301157585503805
0.93576831655309567 -0.017003987629350282

0.93576831655309567 -0.017003987629350282
0.93888754427493926 -0.01772878055886512

0.93888754427493926 -0.01772878055886512
0.94200677199678295 -0.018472596279668685

0.94200677199678295 -0.018472596279668685
0.94295817275081317 -0.018715366331061911

0.94295817275081317 -0.018715366331061911
0.94512599971862654 -0.019255408376001305

0.94512599971862654 -0.019255408376001305
0.94824522744047024 -0.020043804589054234

0.94824522744047024 -0.020043804589054234
0.95136445516231394 -0.020858395253743275

0.95136445516231394 -0.020858395253743275
0.95448368288415752 -0.021687858330867719

0.95448368288415752 -0.021687858330867719
0.95499254141781487 -0.021834594052905564

0.95499254141781487 -0.021834594052905564
0.95760291060600122 -0.022552989506197621

0.95760291060600122 -0.022552989506197621
0.96072213832784481 -0.02342866849313395

0.96072213832784481 -0.02342866849313395
0.96384136604968851 -0.024319894212102497

0.96384136604968851 -0.024319894212102497
0.96599710385258564 -0.024953821774749217

0.96599710385258564 -0.024953821774749217
0.9669605937715321 -0.025245535485529703

0.9669605937715321 -0.025245535485529703
0.97007982149337579 -0.026160187002784718

0.97007982149337579 -0.026160187002784718
0.97319904921521949 -0.027096941007020977

0.97319904921521949 -0.027096941007020977
0.97631827693706308 -0.028040251372778213

0.97631827693706308 -0.028040251372778213
0.97641816879473797 -0.028073049496592867

0.97641816879473797 -0.028073049496592867
0.97943750465890678 -0.028993849728851339

0.97943750465890678 -0.028993849728851339
0.98255673238075036 -0.029948747615310984

0.98255673238075036 -0.029948747615310984
0.98567596010259406 -0.030895776909462744

0.98567596010259406 -0.030895776909462744
0.98660492154702706 -0.03119227721843652

0.98660492154702706 -0.03119227721843652
0.98879518782443776 -0.031869366545177524

0.98879518782443776 -0.031869366545177524
0.99191441554628135 -0.032820830544196038

0.99191441554628135 -0.032820830544196038
0.99503364326812505 -0.033767635593396114

0.99503364326812505 -0.033767635593396114
0.99679351210242872 -0.034311504940280173

0.99679351210242872 -0.034311504940280173
0.99815287098996863 -0.034735708408461199

0.99815287098996863 -0.034735708408461199
1.0012720987118124 -0.035669180065917253

1.0012720987118124 -0.035669180065917253
1.0043913264336561 -0.036604030633281118

1.0043913264336561 -0.036604030633281118
1.0071761569714697 -0.037430732662123829

1.0071761569714697 -0.037430732662123829
1.0075105541554998 -0.037536096832894328

1.0075105541554998 -0.037536096832894328
1.0106297818773433 -0.038442549019399322

1.0106297818773433 -0.038442549019399322
1.013749009599187 -0.039340246527947202

1.013749009599187 -0.039340246527947202
1.0168682373210307 -0.040210581719898858

1.0168682373210307 -0.040210581719898858
1.0180689484390208 -0.040549960383967479

1.0180689484390208 -0.040549960383967479
1.0199874650428744 -0.041083067370584515

1.0199874650428744 -0.041083067370584515
1.0231066927647179 -0.04191213004916549

1.0231066927647179 -0.04191213004916549
1.0262259204865616 -0.042718767778306146

1.0262259204865616 -0.042718767778306146
1.0293451482084053 -0.043486314317604358

1.0293451482084053 -0.043486314317604358
1.0300903268070194 -0.043669188105811135

1.0300903268070194 -0.043669188105811135
1.032464375930249 -0.044232890434815403

1.032464375930249 -0.044232890434815403
1.0355836036520927 -0.044929650588502866

1.0355836036520927 -0.044929650588502866
1.0387028313739362 -0.045581992665957076

1.0387028313739362 -0.045581992665957076
1.0418220590957799 -0.046182917303317327

1.0418220590957799 -0.046182917303317327
1.0449412868176235 -0.046725995954671036

1.0449412868176235 -0.046725995954671036
1.0453296793223235 -0.046788415827654785

1.0453296793223235 -0.046788415827654785
1.0480605145394672 -0.047213387575189364

1.0480605145394672 -0.047213387575189364
1.0511797422613109 -0.047634586160208249

1.0511797422613109 -0.047634586160208249
1.0542989699831544 -0.0479880092864668

1.0542989699831544 -0.0479880092864668
1.0574181977049981 -0.04826949236674296

1.0574181977049981 -0.04826949236674296
1.0605374254268418 -0.048475730449388764

1.0605374254268418 -0.048475730449388764
1.0636566531486855 -0.048605272120778385

1.0636566531486855 -0.048605272120778385
1.0667758808705292 -0.048657431819163696

1.0667758808705292 -0.048657431819163696
1.0698951085923727 -0.048631483393987873

1.0698951085923727 -0.048631483393987873
1.0730143363142164 -0.048526828651733238

1.0730143363142164 -0.048526828651733238
1.0761335640360601 -0.048343419365507075

1.0761335640360601 -0.048343419365507075
1.0792527917579038 -0.048081002536708238

1.0792527917579038 -0.048081002536708238
1.0823720194797475 -0.047739144131072053

1.0823720194797475 -0.047739144131072053
1.085491247201591 -0.047318202923281635

1.085491247201591 -0.047318202923281635
1.0886104749234347 -0.046819582684264123

1.0886104749234347 -0.046819582684264123
1.0887713069252354 -0.046788415827654785

1.0887713069252354 -0.046788415827654785
1.0917297026452784 -0.04623716167258661

1.0917297026452784 -0.04623716167258661
1.0948489303671221 -0.04557394588289744

1.0948489303671221 -0.04557394588289744
1.0979681580889658 -0.044829737180913959

1.0979681580889658 -0.044829737180913959
1.1010873858108092 -0.044016776502942688

1.1010873858108092 -0.044016776502942688
1.102257256906342 -0.043669188105811135

1.102257256906342 -0.043669188105811135
1.1042066135326529 -0.043098612596435416

1.1042066135326529 -0.043098612596435416
1.1073258412544966 -0.042118041776074019

1.1073258412544966 -0.042118041776074019
1.1104450689763403 -0.041065409796964374

1.1104450689763403 -0.041065409796964374
1.1118137593234796 -0.040549960383967479

1.1118137593234796 -0.040549960383967479
1.1135642966981838 -0.039896109571662432

1.1135642966981838 -0.039896109571662432
1.1166835244200275 -0.038686480680736109

1.1166835244200275 -0.038686480680736109
1.1196993212949768 -0.037430732662123829

1.1196993212949768 -0.037430732662123829
1.1198027521418712 -0.037382871362451997

1.1198027521418712 -0.037382871362451997
1.1229219798637149 -0.036012214522261048

1.1229219798637149 -0.036012214522261048
1.1260412075855586 -0.034591883761136144

1.1260412075855586 -0.034591883761136144
1.1265743556384038 -0.034311504940280173

1.1265743556384038 -0.034311504940280173
1.1291604353074021 -0.033056046333416772

1.1291604353074021 -0.033056046333416772
1.1322796630292458 -0.03152119415911777

1.1322796630292458 -0.03152119415911777
1.132859660626536 -0.03119227721843652

1.132859660626536 -0.03119227721843652
1.1353988907510895 -0.02986675400367142

1.1353988907510895 -0.02986675400367142
1.1385181184729332 -0.028221120069703634

1.1385181184729332 -0.028221120069703634
1.1387572490368303 -0.028073049496592867

1.1387572490368303 -0.028073049496592867
1.1416373461947769 -0.026491241929216449

1.1416373461947769 -0.026491241929216449
1.1443662534403367 -0.024953821774749217

1.1443662534403367 -0.024953821774749217
1.1447565739166203 -0.024707802183270119

1.1447565739166203 -0.024707802183270119
1.147875801638464 -0.022966604759943294

1.147875801638464 -0.022966604759943294
1.1497679825528391 -0.021834594052905564

1.1497679825528391 -0.021834594052905564
1.1509950293603077 -0.021075441023914336

1.1509950293603077 -0.021075441023914336
1.1541142570821514 -0.019306228550340337

1.1541142570821514 -0.019306228550340337
1.1550196865776228 -0.018715366331061911

1.1550196865776228 -0.018715366331061911
1.1572334848039951 -0.017361292797571523

1.1572334848039951 -0.017361292797571523
1.1601383296082504 -0.015596138609218262

1.1601383296082504 -0.015596138609218262
1.1603527125258386 -0.015447718489496338

1.1603527125258386 -0.015447718489496338
1.1634719402476823 -0.013567265727561563

1.1634719402476823 -0.013567265727561563
1.1651546351914184 -0.012476910887374609

1.1651546351914184 -0.012476910887374609
1.166591167969526 -0.011533456193293011

1.166591167969526 -0.011533456193293011
1.1697103956913697 -0.0096411006762132743

1.1697103956913697 -0.0096411006762132743
1.1701110072023913 -0.0093576831655309573

1.1701110072023913 -0.0093576831655309573
1.1728296234132134 -0.0076384789380514843

1.1728296234132134 -0.0076384789380514843
1.1749939175136639 -0.0062384554436873043

1.1749939175136639 -0.0062384554436873043
1.1759488511350569 -0.0055807216372787197

1.1759488511350569 -0.0055807216372787197
1.1790680788569006 -0.0036889421245137749

1.1790680788569006 -0.0036889421245137749
1.1798903375971888 -0.0031192277218436521

1.1798903375971888 -0.0031192277218436521
1.1821873065787443 -0.0016447495779738986

1.1821873065787443 -0.0016447495779738986
1.1847948717375782 0

1.1847948717375782 0
1.185306534300588 0.00035750206977925095

1.185306534300588 0.00035750206977925095
1.1884257620224317 0.0022314522013685018

1.1884257620224317 0.0022314522013685018
1.1897854645601051 0.0031192277218436517

1.1897854645601051 0.0031192277218436517
1.1915449897442751 0.0042432240784684126

1.1915449897442751 0.0042432240784684126
1.1946642174661188 0.0061000616117234049

1.1946642174661188 0.0061000616117234049
1.1948665974119184 0.0062384554436873043

1.1948665974119184 0.0062384554436873043
1.1977834451879625 0.0079868095676796091

1.1977834451879625 0.0079868095676796091
1.2000653866197095 0.0093576831655309556

1.2000653866197095 0.0093576831655309556
1.2009026729098062 0.0098973435457973668

1.2009026729098062 0.0098973435457973668
1.2040219006316497 0.011644025748611357

1.2040219006316497 0.011644025748611357
1.205402577149898 0.012476910887374609

1.205402577149898 0.012476910887374609
1.2071411283534934 0.013506515598286868

1.2071411283534934 0.013506515598286868
1.2102603560753371 0.015213812718462779

1.2102603560753371 0.015213812718462779
1.2108811521754845 0.01559613860921826

1.2108811521754845 0.01559613860921826
1.2133795837971808 0.017003030023156916

1.2133795837971808 0.017003030023156916
1.2164889842639901 0.018715366331061915

1.2164889842639901 0.018715366331061915
1.2164988115190245 0.018721601043047778

1.2164988115190245 0.018721601043047778
1.219618039240868 0.020420736871149599

1.219618039240868 0.020420736871149599
1.2222262374636759 0.021834594052905568

1.2222262374636759 0.021834594052905568
1.2227372669627117 0.022139111930428071

1.2227372669627117 0.022139111930428071
1.2258564946845554 0.023764619348071402

1.2258564946845554 0.023764619348071402
1.2280819244936103 0.024953821774749217

1.2280819244936103 0.024953821774749217
1.2289757224063991 0.025459931299927924

1.2289757224063991 0.025459931299927924
1.2320949501282428 0.027039082316294375

1.2320949501282428 0.027039082316294375
1.2340619272053666 0.02807304949659287

1.2340619272053666 0.02807304949659287
1.2352141778500862 0.028699690135379947

1.2352141778500862 0.028699690135379947
1.2383334055719299 0.030236822852972686

1.2383334055719299 0.030236822852972686
1.2402010276934867 0.03119227721843652

1.2402010276934867 0.03119227721843652
1.2414526332937736 0.031848447857550394

1.2414526332937736 0.031848447857550394
1.2445718610156173 0.033340891934001214

1.2445718610156173 0.033340891934001214
1.246543811487232 0.034311504940280173

1.246543811487232 0.034311504940280173
1.247691088737461 0.034894477068958603

1.247691088737461 0.034894477068958603
1.2508103164593045 0.036339962956924633

1.2508103164593045 0.036339962956924633
1.2531371274892271 0.037430732662123822

1.2531371274892271 0.037430732662123822
1.2539295441811482 0.03782439655774026

1.2539295441811482 0.03782439655774026
1.2570487719029919 0.039220076432082036

1.2570487719029919 0.039220076432082036
1.2600317484330468 0.040549960383967479

1.2600317484330468 0.040549960383967479
1.2601679996248356 0.040617487791340015

1.2601679996248356 0.040617487791340015
1.2632872273466793 0.041971666681883492

1.2632872273466793 0.041971666681883492
1.2664064550685228 0.043285777264097186

1.2664064550685228 0.043285777264097186
1.267268837740976 0.043669188105811128

1.267268837740976 0.043669188105811128
1.2695256827903665 0.04462400550243651

1.2695256827903665 0.04462400550243651
1.2726449105122102 0.045893133881004265

1.2726449105122102 0.045893133881004265
1.274839077021487 0.046788415827654778

1.274839077021487 0.046788415827654778
1.2757641382340539 0.047181843891027191

1.2757641382340539 0.047181843891027191
1.2788833659558976 0.048403082455962185

1.2788833659558976 0.048403082455962185
1.2820025936777411 0.049607411519638003

1.2820025936777411 0.049607411519638003
1.2827380065547735 0.049907643549498434

1.2827380065547735 0.049907643549498434
1.2851218213995848 0.050830206299417577

1.2851218213995848 0.050830206299417577
1.2882410491214284 0.052003740835750427

1.2882410491214284 0.052003740835750427
1.2909916561773029 0.053026871271342084

1.2909916561773029 0.053026871271342084
1.2913602768432721 0.053174334900477439

1.2913602768432721 0.053174334900477439
1.2944795045651156 0.054300864471281046

1.2944795045651156 0.054300864471281046
1.2975987322869593 0.055407641426579154

1.2975987322869593 0.055407641426579154
1.2996932375310568 0.056146098993185733

1.2996932375310568 0.056146098993185733
1.300717960008803 0.056518240473251789

1.300717960008803 0.056518240473251789
1.3038371877306467 0.057566284281479224

1.3038371877306467 0.057566284281479224
1.3069564154524904 0.058595056779491297

1.3069564154524904 0.058595056779491297
1.3090117078775796 0.05926532671502939

1.3090117078775796 0.05926532671502939
1.3100756431743339 0.059621106037353148

1.3100756431743339 0.059621106037353148
1.3131948708961776 0.060588243116137815

1.3131948708961776 0.060588243116137815
1.3163140986180213 0.061539559166587675

1.3163140986180213 0.061539559166587675
1.3191612272554345 0.06238455443687304

1.3191612272554345 0.06238455443687304
1.319433326339865 0.062470483721351756

1.319433326339865 0.062470483721351756
1.3225525540617087 0.063365391508236293

1.3225525540617087 0.063365391508236293
1.3256717817835522 0.064242833562117393

1.3256717817835522 0.064242833562117393
1.3287910095053959 0.065092951007620414

1.3287910095053959 0.065092951007620414
1.3302884257215062 0.065503782158716703

1.3302884257215062 0.065503782158716703
1.3319102372272396 0.065947223258667198

1.3319102372272396 0.065947223258667198
1.3350294649490833 0.0667645553971591

1.3350294649490833 0.0667645553971591
1.338148692670927 0.067574473151013059

1.338148692670927 0.067574473151013059
1.3412679203927704 0.068365000043068877

1.3412679203927704 0.068365000043068877
1.3422599635908681 0.068623009880560346

1.3422599635908681 0.068623009880560346
1.3443871481146141 0.06916321266545665

1.3443871481146141 0.06916321266545665
1.3475063758364578 0.069934901151116002

1.3475063758364578 0.069934901151116002
1.3506256035583015 0.07069609481268431

1.3506256035583015 0.07069609481268431
1.3537448312801452 0.071436039528064474

1.3537448312801452 0.071436039528064474
1.3550255620017548 0.071742237602404002

1.3550255620017548 0.071742237602404002
1.3568640590019887 0.072176841677496675

1.3568640590019887 0.072176841677496675
1.3599832867238324 0.072885166981584926

1.3599832867238324 0.072885166981584926
1.3631025144456761 0.07357808624693489

1.3631025144456761 0.07357808624693489
1.3662217421675198 0.074250125451045229

1.3662217421675198 0.074250125451045229
1.3691478286591796 0.074861465324247659

1.3691478286591796 0.074861465324247659
1.3693409698893635 0.074903716576061527

1.3693409698893635 0.074903716576061527
1.372460197611207 0.075532641751687821

1.372460197611207 0.075532641751687821
1.3755794253330507 0.076143384085793284

1.3755794253330507 0.076143384085793284
1.3786986530548944 0.076735318420546955

1.3786986530548944 0.076735318420546955
1.3818178807767381 0.07731015774150421

1.3818178807767381 0.07731015774150421
1.3849371084985815 0.077867152402276582

1.3849371084985815 0.077867152402276582
1.3855664293574714 0.077980693046091315

1.3855664293574714 0.077980693046091315
1.3880563362204252 0.07841790930975033

1.3880563362204252 0.07841790930975033
1.3911755639422689 0.078951264859042414

1.3911755639422689 0.078951264859042414
1.3942947916641126 0.079474143970891323

1.3942947916641126 0.079474143970891323
1.3974140193859563 0.079987042092850402

1.3974140193859563 0.079987042092850402
1.4005332471077998 0.080490606703029599

1.4005332471077998 0.080490606703029599
1.4036524748296435 0.080982360068280482

1.4036524748296435 0.080982360068280482
1.4043917996030404 0.081099920767934958

1.4043917996030404 0.081099920767934958
1.4067717025514872 0.081470443897092432

1.4067717025514872 0.081470443897092432
1.4098909302733309 0.081943197421462471

1.4098909302733309 0.081943197421462471
1.4130101579951746 0.082404574879731643

1.4130101579951746 0.082404574879731643
1.4161293857170181 0.082852719062788946

1.4161293857170181 0.082852719062788946
1.4192486134388618 0.083286378299742489

1.4192486134388618 0.083286378299742489
1.4223678411607055 0.083704453683665844

1.4223678411607055 0.083704453683665844
1.4254870688825492 0.08410462733589319

1.4254870688825492 0.08410462733589319
1.4263986887178304 0.084219148489778614

1.4263986887178304 0.084219148489778614
1.4286062966043929 0.084492720820828204

1.4286062966043929 0.084492720820828204
1.4317255243262363 0.084861000858390379

1.4317255243262363 0.084861000858390379
1.43484475204808 0.085213745116355114

1.43484475204808 0.085213745116355114
1.4379639797699237 0.085551333920221698

1.4379639797699237 0.085551333920221698
1.4410832074917674 0.08587523622338121

1.4410832074917674 0.08587523622338121
1.4442024352136111 0.086187071317593636

1.4442024352136111 0.086187071317593636
1.4473216629354546 0.086488523804446299

1.4473216629354546 0.086488523804446299
1.4504408906572983 0.086781318876969771

1.4504408906572983 0.086781318876969771
1.453560118379142 0.087067049548999312

1.453560118379142 0.087067049548999312
1.456585944171974 0.087338376211622271

1.456585944171974 0.087338376211622271
1.4566793461009857 0.08734692988795284

1.4566793461009857 0.08734692988795284
1.4597985738228294 0.087620551605107677

1.4597985738228294 0.087620551605107677
1.4629178015446729 0.087888224043181709

1.4629178015446729 0.087888224043181709
1.4660370292665166 0.088149371602648671

1.4660370292665166 0.088149371602648671
1.4691562569883603 0.088403267117976206

1.4691562569883603 0.088403267117976206
1.472275484710204 0.088648976234095928

1.472275484710204 0.088648976234095928
1.4753947124320475 0.08888529312059025

1.4753947124320475 0.08888529312059025
1.4785139401538911 0.0891108238427024

1.4785139401538911 0.0891108238427024
1.4816331678757348 0.089324341726476991

1.4816331678757348 0.089324341726476991
1.4847523955975785 0.089524996197640483

1.4847523955975785 0.089524996197640483
1.4878716233194222 0.089712259219062576

1.4878716233194222 0.089712259219062576
1.4909908510412657 0.089885939250161986

1.4909908510412657 0.089885939250161986
1.4941100787631094 0.090046302853198104

1.4941100787631094 0.090046302853198104
1.4972293064849531 0.090194233101883334

1.4972293064849531 0.090194233101883334
1.5003485342067968 0.090331174053794469

1.5003485342067968 0.090331174053794469
1.5034421583666047 0.090457603933465913

1.5034421583666047 0.090457603933465913
1.5034677619286405 0.090458660543612596

1.5034677619286405 0.090458660543612596
1.506586989650484 0.090577961650605124

1.506586989650484 0.090577961650605124
1.5097062173723277 0.09069054765331612

1.5097062173723277 0.09069054765331612
1.5128254450941714 0.090798055797289889

1.5128254450941714 0.090798055797289889
1.5159446728160151 0.090901952519527998

1.5159446728160151 0.090901952519527998
1.5190639005378588 0.091003297171073055

1.5190639005378588 0.091003297171073055
1.5221831282597023 0.09110258794567784

1.5221831282597023 0.09110258794567784
1.525302355981546 0.091199619896399964

1.525302355981546 0.091199619896399964
1.5284215837033897 0.09129347388873027

1.5284215837033897 0.09129347388873027
1.5315408114252334 0.091382718535754151

1.5315408114252334 0.091382718535754151
1.534660039147077 0.091465637234601896

1.534660039147077 0.091465637234601896
1.5377792668689205 0.091540241840658093

1.5377792668689205 0.091540241840658093
1.5408984945907642 0.091604191863417964

1.5408984945907642 0.091604191863417964
1.5440177223126079 0.091655010029467507

1.5440177223126079 0.091655010029467507
1.5471369500344516 0.09169064516769955

1.5471369500344516 0.09169064516769955
1.5502561777562953 0.091709908603874499

1.5502561777562953 0.091709908603874499
1.5533754054781388 0.091712443961373305

1.5533754054781388 0.091712443961373305
1.5564946331999825 0.091698428402253576

1.5564946331999825 0.091698428402253576
1.5596138609218262 0.091668318830298107

1.5596138609218262 0.091668318830298107
1.5627330886436699 0.09162285571331065

1.5627330886436699 0.09162285571331065
1.5658523163655134 0.091563505354997424

1.5658523163655134 0.091563505354997424
1.5689715440873571 0.091492920499578509

1.5689715440873571 0.091492920499578509
1.5720907718092008 0.091414488000362351

1.5720907718092008 0.091414488000362351
1.5752099995310445 0.091331039981575865

1.5752099995310445 0.091331039981575865
1.5783292272528882 0.091244042519038615

1.5783292272528882 0.091244042519038615
1.5814484549747316 0.091154550269927762

1.5814484549747316 0.091154550269927762
1.5845676826965753 0.091064866802181593

1.5845676826965753 0.091064866802181593
1.587686910418419 0.090977079621436099

1.587686910418419 0.090977079621436099
1.5908061381402627 0.09089040931980584

1.5908061381402627 0.09089040931980584
1.5939253658621064 0.090803846790248291

1.5939253658621064 0.090803846790248291
1.5970445935839499 0.090718456054167201

1.5970445935839499 0.090718456054167201
1.6001638213057936 0.090632762527329741

1.6001638213057936 0.090632762527329741
1.6032830490276373 0.090544717716411399

1.6032830490276373 0.090544717716411399
1.6063551447378912 0.090457603933465913

1.6063551447378912 0.090457603933465913
1.606402276749481 0.09045625825435441

1.606402276749481 0.09045625825435441
1.6095215044713247 0.090365744667093989

1.6095215044713247 0.090365744667093989
1.6126407321931682 0.090268472238217504

1.6126407321931682 0.090268472238217504
1.6157599599150119 0.090163276314153551

1.6157599599150119 0.090163276314153551
1.6188791876368556 0.090050549563224142

1.6188791876368556 0.090050549563224142
1.6219984153586993 0.089930914824092656

1.6219984153586993 0.089930914824092656
1.625117643080543 0.089805252246145897

1.625117643080543 0.089805252246145897
1.6282368708023864 0.089674675443625423

1.6282368708023864 0.089674675443625423
1.6313560985242301 0.089540611504705228

1.6313560985242301 0.089540611504705228
1.6344753262460738 0.089405039181710028

1.6344753262460738 0.089405039181710028
1.6375945539679175 0.08927042416669502

1.6375945539679175 0.08927042416669502
1.640713781689761 0.089139288496084282

1.640713781689761 0.089139288496084282
1.6438330094116047 0.089013862222536891

1.6438330094116047 0.089013862222536891
1.6469522371334484 0.088896030128093606

1.6469522371334484 0.088896030128093606
1.6500714648552921 0.088787395455963924

1.6500714648552921 0.088787395455963924
1.6531906925771358 0.088689281138966403

1.6531906925771358 0.088689281138966403
1.6563099202989793 0.088602651787624706

1.6563099202989793 0.088602651787624706
1.659429148020823 0.088528085987720037

1.659429148020823 0.088528085987720037
1.6625483757426667 0.088465901914539902

1.6625483757426667 0.088465901914539902
1.6656676034645104 0.088416349758000432

1.6656676034645104 0.088416349758000432
1.6687868311863541 0.088379683772326273

1.6687868311863541 0.088379683772326273
1.6719060589081975 0.088356022305735749

1.6719060589081975 0.088356022305735749
1.6750252866300412 0.088345116424333167

1.6750252866300412 0.088345116424333167
1.6781445143518849 0.088346239714474681

1.6781445143518849 0.088346239714474681
1.6812637420737286 0.088358303001944763

1.6812637420737286 0.088358303001944763
1.6843829697955723 0.088380119276917773

1.6843829697955723 0.088380119276917773
1.6875021975174158 0.088410673295112346

1.6875021975174158 0.088410673295112346
1.6906214252392595 0.088449313631197818

1.6906214252392595 0.088449313631197818
1.6937406529611032 0.088495853601440577

1.6937406529611032 0.088495853601440577
1.6968598806829469 0.088550573115313738

1.6968598806829469 0.088550573115313738
1.6999791084047906 0.088614116253406858

1.6999791084047906 0.088614116253406858
1.7030983361266341 0.088687330520798802

1.7030983361266341 0.088687330520798802
1.7062175638484778 0.088771142886851298

1.7062175638484778 0.088771142886851298
1.7093367915703215 0.088866563977772539

1.7093367915703215 0.088866563977772539
1.7124560192921652 0.088974764587400154

1.7124560192921652 0.088974764587400154
1.7155752470140089 0.089096972729431734

1.7155752470140089 0.089096972729431734
1.7186944747358524 0.089234205687327095

1.7186944747358524 0.089234205687327095
1.721813702457696 0.089387116755177867

1.721813702457696 0.089387116755177867
1.7249329301795397 0.089556084738132591

1.7249329301795397 0.089556084738132591
1.7280521579013834 0.089741450250801783

1.7280521579013834 0.089741450250801783
1.7311713856232269 0.089943599819770695

1.7311713856232269 0.089943599819770695
1.7311713856232269 0.089943599819770695

1.7311713856232269 0.089943599819770695
1.7342906133450706 0.090162750273510894

1.7342906133450706 0.090162750273510894
1.7374098410669143 0.090398116265076142

1.7374098410669143 0.090398116265076142
1.7381344979126918 0.090457603933465913

1.7381344979126918 0.090457603933465913
1.740529068788758 0.090652175427182805

1.740529068788758 0.090652175427182805
1.7436482965106017 0.090922712827213731

1.7436482965106017 0.090922712827213731
1.7467675242324452 0.091211419012227388

1.7467675242324452 0.091211419012227388
1.7498867519542889 0.09151771067253546

1.7498867519542889 0.09151771067253546
1.7530059796761326 0.091841120058447842

1.7530059796761326 0.091841120058447842
1.7561252073979763 0.092181467312894422

1.7561252073979763 0.092181467312894422
1.75924443511982 0.0925387396672121

1.75924443511982 0.0925387396672121
1.7623636628416635 0.092912630014086062

1.7623636628416635 0.092912630014086062
1.7654828905635072 0.093301317748548343

1.7654828905635072 0.093301317748548343
1.767599946881204 0.09357683165530957

1.767599946881204 0.09357683165530957
1.7686021182853509 0.093708871174761302

1.7686021182853509 0.093708871174761302
1.7717213460071946 0.094127979373395676

1.7717213460071946 0.094127979373395676
1.7748405737290383 0.094566705471831852

1.7748405737290383 0.094566705471831852
1.7779598014508817 0.095022554267189266

1.7779598014508817 0.095022554267189266
1.7810790291727254 0.095494594718451647

1.7810790291727254 0.095494594718451647
1.7841982568945691 0.095982004903384641

1.7841982568945691 0.095982004903384641
1.7873174846164128 0.096480460167350901

1.7873174846164128 0.096480460167350901
1.7886071568512503 0.096696059377153226

1.7886071568512503 0.096696059377153226
1.7904367123382565 0.096999870183538978

1.7904367123382565 0.096999870183538978
1.7935559400601 0.097524221820702514

1.7935559400601 0.097524221820702514
1.7966751677819437 0.098061575407752816

1.7966751677819437 0.098061575407752816
1.7997943955037874 0.098607450732326934

1.7997943955037874 0.098607450732326934
1.8029136232256311 0.099160147522521794

1.8029136232256311 0.099160147522521794
1.8060328509474748 0.09971550241947448

1.8060328509474748 0.09971550241947448
1.8065676869419591 0.099815287098996869

1.8065676869419591 0.099815287098996869
1.8091520786693183 0.10028323177552884

1.8091520786693183 0.10028323177552884
1.812271306391162 0.10085237597161358

1.812271306391162 0.10085237597161358
1.8153905341130057 0.10142780656245838

1.8153905341130057 0.10142780656245838
1.8185097618348494 0.10200947132210308

1.8185097618348494 0.10200947132210308
1.8216289895566928 0.10259527532509193

1.8216289895566928 0.10259527532509193
1.8233859920059554 0.10293451482084053

1.8233859920059554 0.10293451482084053
1.8247482172785365 0.10319924003421063

1.8247482172785365 0.10319924003421063
1.8278674450003802 0.10380160173787764

1.8278674450003802 0.10380160173787764
1.8309866727222239 0.10441928272936787

1.8309866727222239 0.10441928272936787
1.8341059004440676 0.10504928895932668

1.8341059004440676 0.10504928895932668
1.8372251281659111 0.10568808853345406

1.8372251281659111 0.10568808853345406
1.8389480374030727 0.10605374254268418

1.8389480374030727 0.10605374254268418
1.8403443558877548 0.106351894723788

1.8403443558877548 0.106351894723788
1.8434635836095985 0.10701504251191554

1.8434635836095985 0.10701504251191554
1.8465828113314422 0.10769544737459691

1.8465828113314422 0.10769544737459691
1.8497020390532859 0.10838694943439081

1.8497020390532859 0.10838694943439081
1.8528212667751294 0.10908345079237031

1.8528212667751294 0.10908345079237031
1.8531984317428938 0.10917297026452782

1.8531984317428938 0.10917297026452782
1.8559404944969731 0.10979597093521988

1.8559404944969731 0.10979597093521988
1.8590597222188168 0.11051007525973741

1.8590597222188168 0.11051007525973741
1.8621789499406605 0.11122885454363941

1.8621789499406605 0.11122885454363941
1.8652981776625042 0.11194334247614181

1.8652981776625042 0.11194334247614181
1.8667886587016698 0.11229219798637148

1.8667886587016698 0.11229219798637148
1.8684174053843476 0.11267239655873429

1.8684174053843476 0.11267239655873429
1.8715366331061913 0.11338380601558734

1.8715366331061913 0.11338380601558734
1.874655860828035 0.11409720409206542

1.874655860828035 0.11409720409206542
1.8777750885498787 0.11480586814268819

1.8777750885498787 0.11480586814268819
1.880452719696917 0.11541142570821514

1.880452719696917 0.11541142570821514
1.8808943162717224 0.11551549345423766

1.8808943162717224 0.11551549345423766
1.8840135439935659 0.11621261372029468

1.8840135439935659 0.11621261372029468
1.8871327717154096 0.11691215799777234

1.8871327717154096 0.11691215799777234
1.8902519994372533 0.11761078285284567

1.8902519994372533 0.11761078285284567
1.893371227159097 0.11830398606216468

1.893371227159097 0.11830398606216468
1.894353640474649 0.11853065343005878

1.894353640474649 0.11853065343005878
1.8964904548809407 0.11901340860868934

1.8964904548809407 0.11901340860868934
1.8996096826027842 0.11971438075049583

1.8996096826027842 0.11971438075049583
1.9027289103246279 0.12042170979455627

1.9027289103246279 0.12042170979455627
1.9058481380464716 0.12113043776149883

1.9058481380464716 0.12113043776149883
1.9081084810412179 0.12164988115190244

1.9081084810412179 0.12164988115190244
1.9089673657683153 0.12185251039754856

1.9089673657683153 0.12185251039754856
1.9120865934901587 0.12256247622573643

1.9120865934901587 0.12256247622573643
1.9152058212120024 0.12327970199103921

1.9152058212120024 0.12327970199103921
1.9183250489338461 0.12399673459433437

1.9183250489338461 0.12399673459433437
1.9214442766556898 0.12470919371299027

1.9214442766556898 0.12470919371299027
1.9216939787957907 0.12476910887374609

1.9216939787957907 0.12476910887374609
1.9245635043775335 0.12542451492627099

1.9245635043775335 0.12542451492627099
1.927682732099377 0.12613215306129505

1.927682732099377 0.12613215306129505
1.9308019598212207 0.12683479809376097

1.9308019598212207 0.12683479809376097
1.9339211875430644 0.12752652745176449

1.9339211875430644 0.12752652745176449
1.9355385584075024 0.12788833659558974

1.9355385584075024 0.12788833659558974
1.9370404152649081 0.12822488955725367

1.9370404152649081 0.12822488955725367
1.9401596429867518 0.12890051676486411

1.9401596429867518 0.12890051676486411
1.9432788707085953 0.12957237113091699

1.9432788707085953 0.12957237113091699
1.946398098430439 0.13023527890044281

1.946398098430439 0.13023527890044281
1.9495173261522827 0.13088576269420563

1.9495173261522827 0.13088576269420563
1.95008407874086 0.13100756431743341

1.95008407874086 0.13100756431743341
1.9526365538741264 0.13153780419863839

1.9526365538741264 0.13153780419863839
1.9557557815959701 0.13217682262106606

1.9557557815959701 0.13217682262106606
1.9588750093178136 0.13281141876055511

1.9588750093178136 0.13281141876055511
1.9619942370396573 0.13344181273776209

1.9619942370396573 0.13344181273776209
1.9651134647615009 0.13406664999492027

1.9651134647615009 0.13406664999492027
1.9654017142730187 0.13412679203927705

1.9654017142730187 0.13412679203927705
1.9682326924833446 0.13469327105158685

1.9682326924833446 0.13469327105158685
1.9713519202051883 0.13531292334134054

1.9713519202051883 0.13531292334134054
1.9744711479270318 0.13592852392188898

1.9744711479270318 0.13592852392188898
1.9775903756488755 0.1365385685675102

1.9775903756488755 0.1365385685675102
1.9807096033707192 0.13713883813217062

1.9807096033707192 0.13713883813217062
1.9812520076071376 0.13724601976112069

1.9812520076071376 0.13724601976112069
1.9838288310925629 0.13773913880228278

1.9838288310925629 0.13773913880228278
1.9869480588144066 0.13832521506813658

1.9869480588144066 0.13832521506813658
1.9900672865362501 0.1389017398389126

1.9900672865362501 0.1389017398389126
1.9931865142580938 0.13946664165518338

1.9931865142580938 0.13946664165518338
1.9963057419799375 0.14001648790421173

1.9963057419799375 0.14001648790421173
1.9983206335917956 0.14036524748296436

1.9983206335917956 0.14036524748296436
1.9994249697017812 0.14055871825626068

1.9994249697017812 0.14055871825626068
2.0025441974236244 0.14107599542458299

2.0025441974236244 0.14107599542458299
2.0056634251454684 0.14157975294803379

2.0056634251454684 0.14157975294803379
2.0087826528673118 0.14206628014487302

2.0087826528673118 0.14206628014487302
2.0119018805891553 0.14253566340452012

2.0119018805891553 0.14253566340452012
2.0150211083109992 0.14298887890335693

2.0150211083109992 0.14298887890335693
2.0181403360328427 0.14342595684745035

2.0181403360328427 0.14342595684745035
2.0185588289718686 0.143484475204808

2.0185588289718686 0.143484475204808
2.0212595637546866 0.14385250129317886

2.0212595637546866 0.14385250129317886
2.0243787914765301 0.14426398957156883

2.0243787914765301 0.14426398957156883
2.0274980191983736 0.14466379159963791

2.0274980191983736 0.14466379159963791
2.0306172469202175 0.14505303695927751

2.0306172469202175 0.14505303695927751
2.033736474642061 0.14543298036827254

2.033736474642061 0.14543298036827254
2.0368557023639049 0.14580432494263226

2.0368557023639049 0.14580432494263226
2.0399749300857484 0.14616704651722864

2.0399749300857484 0.14616704651722864
2.0430941578075918 0.14651915815193195

2.0430941578075918 0.14651915815193195
2.0438502514230348 0.14660370292665165

2.0438502514230348 0.14660370292665165
2.0462133855294358 0.14686407857542846

2.0462133855294358 0.14686407857542846
2.0493326132512792 0.14719540092011921

2.0493326132512792 0.14719540092011921
2.0524518409731232 0.14751457024407197

2.0524518409731232 0.14751457024407197
2.0555710686949666 0.14782001395699018

2.0555710686949666 0.14782001395699018
2.0586902964168101 0.14810994686615958

2.0586902964168101 0.14810994686615958
2.061809524138654 0.14838223270382025

2.061809524138654 0.14838223270382025
2.0649287518604975 0.14863491815488095

2.0649287518604975 0.14863491815488095
2.0680479795823414 0.14886647797929825

2.0680479795823414 0.14886647797929825
2.0711672073041849 0.14907596059197001

2.0711672073041849 0.14907596059197001
2.0742864350260284 0.1492630380648802

2.0742864350260284 0.1492630380648802
2.0774056627478723 0.14942797680600597

2.0774056627478723 0.14942797680600597
2.0805248904697158 0.1495715605961605

2.0805248904697158 0.1495715605961605
2.0836441181915597 0.14969492339575896

2.0836441181915597 0.14969492339575896
2.0844749456040761 0.14972293064849532

2.0844749456040761 0.14972293064849532
2.0867633459134032 0.14979971337698916

2.0867633459134032 0.14979971337698916
2.0898825736352467 0.14988662496205613

2.0898825736352467 0.14988662496205613
2.0930018013570906 0.14995733429935459

2.0930018013570906 0.14995733429935459
2.0961210290789341 0.15001307848244358

2.0961210290789341 0.15001307848244358
2.099240256800778 0.15005495867106389

2.099240256800778 0.15005495867106389
2.1023594845226214 0.15008369598537233

2.1023594845226214 0.15008369598537233
2.1054787122444649 0.15009924138461822

2.1054787122444649 0.15009924138461822
2.1085979399663088 0.15010106902435394

2.1085979399663088 0.15010106902435394
2.1117171676881523 0.15008806582100814

2.1117171676881523 0.15008806582100814
2.1148363954099962 0.15005894094849401

2.1148363954099962 0.15005894094849401
2.1179556231318397 0.15001227068617842

2.1179556231318397 0.15001227068617842
2.1210748508536832 0.14994553694926346

2.1210748508536832 0.14994553694926346
2.1241940785755271 0.14985810845613776

2.1241940785755271 0.14985810845613776
2.1273133062973706 0.14975012824111145

2.1273133062973706 0.14975012824111145
2.1279596305173611 0.14972293064849532

2.1279596305173611 0.14972293064849532
2.1304325340192141 0.14961941141402596

2.1304325340192141 0.14961941141402596
2.133551761741058 0.14946465973370196

2.133551761741058 0.14946465973370196
2.1366709894629015 0.14928408783464675

2.1366709894629015 0.14928408783464675
2.1397902171847454 0.14907822862951089

2.1397902171847454 0.14907822862951089
2.1429094449065889 0.14884866950648398

2.1429094449065889 0.14884866950648398
2.1460286726284323 0.1485971678786796

2.1460286726284323 0.1485971678786796
2.1491479003502763 0.14832510167481627

2.1491479003502763 0.14832510167481627
2.1522671280721197 0.14803399168940717

2.1522671280721197 0.14803399168940717
2.1553863557939636 0.14772579091704305

2.1553863557939636 0.14772579091704305
2.1585055835158071 0.14740155093444732

2.1585055835158071 0.14740155093444732
2.1616248112376506 0.14706151302009071

2.1616248112376506 0.14706151302009071
2.1647440389594945 0.14670605123107114

2.1647440389594945 0.14670605123107114
2.1655893310595244 0.14660370292665165

2.1655893310595244 0.14660370292665165
2.167863266681338 0.14633201836203352

2.167863266681338 0.14633201836203352
2.1709824944031819 0.14594454834622034

2.1709824944031819 0.14594454834622034
2.1741017221250254 0.1455360096566912

2.1741017221250254 0.1455360096566912
2.1772209498468689 0.14510842950637859

2.1772209498468689 0.14510842950637859
2.1803401775687128 0.1446602383214243

2.1803401775687128 0.1446602383214243
2.1834594052905563 0.14418734940741207

2.1834594052905563 0.14418734940741207
2.1865786330124002 0.14369038818437863

2.1865786330124002 0.14369038818437863
2.1877829600652343 0.143484475204808

2.1877829600652343 0.143484475204808
2.1896978607342437 0.14315993185465953

2.1896978607342437 0.14315993185465953
2.1928170884560871 0.14261040311625323

2.1928170884560871 0.14261040311625323
2.1959363161779311 0.14202836510510836

2.1959363161779311 0.14202836510510836
2.1990555438997745 0.14141639737370773

2.1990555438997745 0.14141639737370773
2.2021747716216185 0.140778982230889

2.2021747716216185 0.140778982230889
2.2040934992576453 0.14036524748296436

2.2040934992576453 0.14036524748296436
2.2052939993434619 0.14010283854962849

2.2052939993434619 0.14010283854962849
2.2084132270653054 0.1394137631361646

2.2084132270653054 0.1394137631361646
2.2115324547871493 0.13869561878605699

2.2115324547871493 0.13869561878605699
2.2146516825089928 0.13795739803951038

2.2146516825089928 0.13795739803951038
2.2175800774701946 0.13724601976112069

2.2175800774701946 0.13724601976112069
2.2177709102308367 0.13719701208131455

2.2177709102308367 0.13719701208131455
2.2208901379526802 0.13642296804364545

2.2208901379526802 0.13642296804364545
2.2240093656745237 0.13562943461442833

2.2240093656745237 0.13562943461442833
2.2271285933963676 0.13482267755064145

2.2271285933963676 0.13482267755064145
2.2297675604528986 0.13412679203927705

2.2297675604528986 0.13412679203927705
2.2302478211182111 0.1339940205480642

2.2302478211182111 0.1339940205480642
2.233367048840055 0.13316503970647986

2.233367048840055 0.13316503970647986
2.2364862765618985 0.1323130155970253

2.2364862765618985 0.1323130155970253
2.2396055042837419 0.13145047564067169

2.2396055042837419 0.13145047564067169
2.2411301240499242 0.13100756431743341

2.2411301240499242 0.13100756431743341
2.2427247320055859 0.13054470662590584

2.2427247320055859 0.13054470662590584
2.2458439597274293 0.12964143639691827

2.2458439597274293 0.12964143639691827
2.2489631874492733 0.128707075036159

2.2489631874492733 0.128707075036159
2.2516131126197059 0.12788833659558974

2.2516131126197059 0.12788833659558974
2.2520824151711167 0.12773488406292857

2.2520824151711167 0.12773488406292857
2.2552016428929602 0.12675457296141096

2.2552016428929602 0.12675457296141096
2.2583208706148041 0.12573687666014297

2.2583208706148041 0.12573687666014297
2.2611955313420542 0.12476910887374609

2.2611955313420542 0.12476910887374609
2.2614400983366476 0.12468036827448732

2.2614400983366476 0.12468036827448732
2.2645593260584915 0.12361092093737788

2.2645593260584915 0.12361092093737788
2.267678553780335 0.12251648398765258

2.267678553780335 0.12251648398765258
2.2700755148812366 0.12164988115190244

2.2700755148812366 0.12164988115190244
2.2707977815021785 0.12137514977550401

2.2707977815021785 0.12137514977550401
2.2739170092240224 0.12024293659528451

2.2739170092240224 0.12024293659528451
2.2770362369458659 0.11909067577087436

2.2770362369458659 0.11909067577087436
2.2784742210089091 0.11853065343005878

2.2784742210089091 0.11853065343005878
2.2801554646677098 0.11788047345668919

2.2801554646677098 0.11788047345668919
2.2832746923895533 0.11669739855434369

2.2832746923895533 0.11669739855434369
2.2863939201113967 0.11549268986403519

2.2863939201113967 0.11549268986403519
2.2865824878345209 0.11541142570821514

2.2865824878345209 0.11541142570821514
2.2895131478332407 0.11425689166044696

2.2895131478332407 0.11425689166044696
2.2926323755550841 0.11302691280586284

2.2926323755550841 0.11302691280586284
2.2944223869803526 0.11229219798637148

2.2944223869803526 0.11229219798637148
2.2957516032769281 0.11173787917654733

2.2957516032769281 0.11173787917654733
2.2988708309987715 0.11048226257046932

2.2988708309987715 0.11048226257046932
2.301990058720615 0.1091913823198932

2.301990058720615 0.1091913823198932
2.3020293293487812 0.10917297026452782

2.3020293293487812 0.10917297026452782
2.3051092864424589 0.10787580044088817

2.3051092864424589 0.10787580044088817
2.3082285141643024 0.10655958659021268

2.3082285141643024 0.10655958659021268
2.3093327438212361 0.10605374254268418

2.3093327438212361 0.10605374254268418
2.3113477418861459 0.10515967058730803

2.3113477418861459 0.10515967058730803
2.3144669696079898 0.103796694500167

2.3144669696079898 0.103796694500167
2.3163263525896465 0.10293451482084053

2.3163263525896465 0.10293451482084053
2.3175861973298333 0.10233627153501478

2.3175861973298333 0.10233627153501478
2.3207054250516772 0.10091887626242199

2.3207054250516772 0.10091887626242199
2.3230140048538566 0.099815287098996869

2.3230140048538566 0.099815287098996869
2.3238246527735207 0.099403672120287848

2.3238246527735207 0.099403672120287848
2.3269438804953642 0.097927644696956292

2.3269438804953642 0.097927644696956292
2.3294327995826531 0.096696059377153226

2.3294327995826531 0.096696059377153226
2.3300631082172081 0.096358980415170506

2.3300631082172081 0.096358980415170506
2.3331823359390516 0.094830557755797781

2.3331823359390516 0.094830557755797781
2.3356375072973461 0.09357683165530957

2.3356375072973461 0.09357683165530957
2.3363015636608955 0.093210611282095068

2.3363015636608955 0.093210611282095068
2.339420791382739 0.091647071982056114

2.339420791382739 0.091647071982056114
2.3416868784863207 0.090457603933465913

2.3416868784863207 0.090457603933465913
2.3425400191045824 0.089981152517230198

2.3425400191045824 0.089981152517230198
2.3456592468264263 0.088396217451709891

2.3456592468264263 0.088396217451709891
2.3476213114009385 0.087338376211622271

2.3476213114009385 0.087338376211622271
2.3487784745482698 0.086691578129588706

2.3487784745482698 0.086691578129588706
2.3518977022701137 0.08508939166480102

2.3518977022701137 0.08508939166480102
2.353460764331174 0.084219148489778614

2.353460764331174 0.084219148489778614
2.3550169299919572 0.083351937493196651

2.3550169299919572 0.083351937493196651
2.3581361577138007 0.081721567520487606

2.3581361577138007 0.081721567520487606
2.3591994075060665 0.081099920767934958

2.3591994075060665 0.081099920767934958
2.3612553854356446 0.079950558705685862

2.3612553854356446 0.079950558705685862
2.3643746131574881 0.078261530026669981

2.3643746131574881 0.078261530026669981
2.36482252489483 0.077980693046091315

2.36482252489483 0.077980693046091315
2.367493840879332 0.076471736666369583

2.367493840879332 0.076471736666369583
2.3703177766156145 0.074861465324247659

2.3703177766156145 0.074861465324247659
2.3706130686011755 0.074671326077958622

2.3706130686011755 0.074671326077958622
2.373732296323019 0.072911462906720764

2.373732296323019 0.072911462906720764
2.3756829885604205 0.071742237602404002

2.3756829885604205 0.071742237602404002
2.3768515240448629 0.071013575668373533

2.3768515240448629 0.071013575668373533
2.3799707517667064 0.069238675235178793

2.3799707517667064 0.069238675235178793
2.380914720976715 0.068623009880560346

2.380914720976715 0.068623009880560346
2.3830899794885503 0.067288582762366031

2.3830899794885503 0.067288582762366031
2.3860258786299267 0.065503782158716703

2.3860258786299267 0.065503782158716703
2.3862092072103938 0.065376448066331277

2.3862092072103938 0.065376448066331277
2.3893284349322372 0.063489363297972001

2.3893284349322372 0.063489363297972001
2.3910253024271388 0.06238455443687304

2.3910253024271388 0.06238455443687304
2.3924476626540812 0.061443941063906875

2.3924476626540812 0.061443941063906875
2.3955668903759246 0.059527514501590967

2.3955668903759246 0.059527514501590967
2.3959321802461302 0.05926532671502939

2.3959321802461302 0.05926532671502939
2.3986861180977685 0.057501246166234816

2.3986861180977685 0.057501246166234816
2.4007275396084515 0.056146098993185733

2.4007275396084515 0.056146098993185733
2.401805345819612 0.055392490117678994

2.401805345819612 0.055392490117678994
2.4049245735414555 0.053431340014422513

2.4049245735414555 0.053431340014422513
2.405476814645731 0.053026871271342084

2.405476814645731 0.053026871271342084
2.4080438012632994 0.051320882970830026

2.4080438012632994 0.051320882970830026
2.4101085014449746 0.049907643549498434

2.4101085014449746 0.049907643549498434
2.4111630289851429 0.049145765999083282

2.4111630289851429 0.049145765999083282
2.4142822567069868 0.047119494699757063

2.4142822567069868 0.047119494699757063
2.4147215465241976 0.046788415827654778

2.4147215465241976 0.046788415827654778
2.4174014844288303 0.044969455264822676

2.4174014844288303 0.044969455264822676
2.4192299400651613 0.043669188105811128

2.4192299400651613 0.043669188105811128
2.4205207121506738 0.042723262921782301

2.4205207121506738 0.042723262921782301
2.4236399398725177 0.040596036962948785

2.4236399398725177 0.040596036962948785
2.4236985540667062 0.040549960383967479

2.4236985540667062 0.040549960383967479
2.4267591675943612 0.038426522413867112

2.4267591675943612 0.038426522413867112
2.428072842468604 0.037430732662123822

2.428072842468604 0.037430732662123822
2.4298783953162051 0.036092240527967431

2.4298783953162051 0.036092240527967431
2.4323247803786296 0.034311504940280173

2.4323247803786296 0.034311504940280173
2.4329976230380486 0.033778934184766136

2.4329976230380486 0.033778934184766136
2.436116850759892 0.031569556930272476

2.436116850759892 0.031569556930272476
2.436580034703054 0.03119227721843652

2.436580034703054 0.03119227721843652
2.439236078481736 0.029209727403586887

2.439236078481736 0.029209727403586887
2.4406537056271578 0.02807304949659287

2.4406537056271578 0.02807304949659287
2.4423553062035794 0.026721106455483638

2.4423553062035794 0.026721106455483638
2.4446116898827777 0.024953821774749217

2.4446116898827777 0.024953821774749217
2.4454745339254234 0.024236579888073137

2.4454745339254234 0.024236579888073137
2.4485937616472668 0.021837981667245886

2.4485937616472668 0.021837981667245886
2.4485976982287787 0.021834594052905568

2.4485976982287787 0.021834594052905568
2.4517129893691103 0.019399730639102785

2.4517129893691103 0.019399730639102785
2.4525085788897947 0.018715366331061915

2.4525085788897947 0.018715366331061915
2.4548322170909542 0.016812347921274524

2.4548322170909542 0.016812347921274524
2.4562503780003593 0.01559613860921826

2.4562503780003593 0.01559613860921826
2.4579514448127977 0.014145388322763132

2.4579514448127977 0.014145388322763132
2.4599078441060804 0.012476910887374609

2.4599078441060804 0.012476910887374609
2.4610706725346416 0.011457470705385855

2.4610706725346416 0.011457470705385855
2.4635530183564791 0.0093576831655309556

2.4635530183564791 0.0093576831655309556
2.4641899002564851 0.0087880927239462545

2.4641899002564851 0.0087880927239462545
2.4672224423932638 0.0062384554436873043

2.4672224423932638 0.0062384554436873043
2.4673091279783286 0.0061597260501588102

2.4673091279783286 0.0061597260501588102
2.4704283557001725 0.003519500998140111

2.4704283557001725 0.003519500998140111
2.4708664494696966 0.0031192277218436517

2.4708664494696966 0.0031192277218436517
2.473547583422016 0.00078712558016526572

2.473547583422016 0.00078712558016526572
2.4744065035292868 0

2.4744065035292868 0
2.4766668111438599 -0.0020151011906486003

2.4766668111438599 -0.0020151011906486003
2.4766668111438599 -0.0020151011906486003

2.4766668111438599 -0.0020151011906486003
2.4778687111592781 -0.0031192277218436521

2.4778687111592781 -0.0031192277218436521
2.4797860388657034 -0.0048615909647942634

2.4797860388657034 -0.0048615909647942634
2.4812784535132679 -0.0062384554436873043

2.4812784535132679 -0.0062384554436873043
2.4829052665875468 -0.0077420290416096906

2.4829052665875468 -0.0077420290416096906
2.4829052665875468 -0.0077420290416096906

2.4829052665875468 -0.0077420290416096906
2.4846453445957151 -0.0093576831655309573

2.4846453445957151 -0.0093576831655309573
2.4860244943093908 -0.0106512058718589

2.4860244943093908 -0.0106512058718589
2.487977751205583 -0.012476910887374609

2.487977751205583 -0.012476910887374609
2.4891437220312342 -0.013582860224218873

2.4891437220312342 -0.013582860224218873
2.4891437220312342 -0.013582860224218873

2.4891437220312342 -0.013582860224218873
2.4912845730629538 -0.015596138609218262

2.4912845730629538 -0.015596138609218262
2.4922629497530777 -0.016532528847454989

2.4922629497530777 -0.016532528847454989
2.4945673530620835 -0.018715366331061911

2.4945673530620835 -0.018715366331061911
2.4953821774749216 -0.019502126911099996

2.4953821774749216 -0.019502126911099996
2.4953821774749216 -0.019502126911099996

2.4953821774749216 -0.019502126911099996
2.4978211072029572 -0.021834594052905564

2.4978211072029572 -0.021834594052905564
2.4985014051967651 -0.02249725409251141

2.4985014051967651 -0.02249725409251141
2.5010449811430626 -0.024953821774749217

2.5010449811430626 -0.024953821774749217
2.501620632918609 -0.025518521903035073

2.501620632918609 -0.025518521903035073
2.5042450081569978 -0.028073049496592867

2.5042450081569978 -0.028073049496592867
2.5047398606404525 -0.028560840966559475

2.5047398606404525 -0.028560840966559475
2.5074248101189993 -0.03119227721843652

2.5074248101189993 -0.03119227721843652
2.507859088362296 -0.031622351781636943

2.507859088362296 -0.031622351781636943
2.5105796906411157 -0.034311504940280173

2.5105796906411157 -0.034311504940280173
2.5109783160841399 -0.03470851809428023

2.5109783160841399 -0.03470851809428023
2.5137082862067066 -0.037430732662123829

2.5137082862067066 -0.037430732662123829
2.5140975438059834 -0.037820107326551625

2.5140975438059834 -0.037820107326551625
2.5168227220165402 -0.040549960383967479

2.5168227220165402 -0.040549960383967479
2.5172167715278273 -0.040944539274485291

2.5172167715278273 -0.040944539274485291
2.5199434527391307 -0.043669188105811135

2.5199434527391307 -0.043669188105811135
2.5203359992496708 -0.044060894948718891

2.5203359992496708 -0.044060894948718891
2.5230799025749473 -0.046788415827654785

2.5230799025749473 -0.046788415827654785
2.5234552269715143 -0.047162084202969495

2.5234552269715143 -0.047162084202969495
2.5262259167428707 -0.049907643549498434

2.5262259167428707 -0.049907643549498434
2.5265744546933582 -0.050254039064647607

2.5265744546933582 -0.050254039064647607
2.5293888368176152 -0.053026871271342091

2.5293888368176152 -0.053026871271342091
2.5296936824152016 -0.053328378930936136

2.5296936824152016 -0.053328378930936136
2.5325914445372515 -0.05614609899318574

2.5325914445372515 -0.05614609899318574
2.5328129101370456 -0.056363220301247623

2.5328129101370456 -0.056363220301247623
2.5358525945614154 -0.05926532671502939

2.5358525945614154 -0.05926532671502939
2.535932137858889 -0.059342602032443556

2.535932137858889 -0.059342602032443556
2.5390513655807325 -0.062270895252165531

2.5390513655807325 -0.062270895252165531
2.5391692689734979 -0.062384554436873046

2.5391692689734979 -0.062384554436873046
2.5421705933025764 -0.06516775733661076

2.5421705933025764 -0.06516775733661076
2.5425230930410279 -0.065503782158716689

2.5425230930410279 -0.065503782158716689
2.5452898210244199 -0.068030493389533431

2.5452898210244199 -0.068030493389533431
2.5459226879562298 -0.068623009880560346

2.5459226879562298 -0.068623009880560346
2.5484090487462638 -0.070854135930755818

2.5484090487462638 -0.070854135930755818
2.5493797139784973 -0.071742237602403988

2.5493797139784973 -0.071742237602403988
2.5515282764681073 -0.073642323606611326

2.5515282764681073 -0.073642323606611326
2.5528956509677467 -0.074861465324247645

2.5528956509677467 -0.074861465324247645
2.5546475041899508 -0.076397547054781856

2.5546475041899508 -0.076397547054781856
2.5564930325251822 -0.077980693046091301

2.5564930325251822 -0.077980693046091301
2.5577667319117947 -0.079082987645764019

2.5577667319117947 -0.079082987645764019
2.5602675161510264 -0.081099920767934958

2.5602675161510264 -0.081099920767934958
2.5608859596336382 -0.081628809648536638

2.5608859596336382 -0.081628809648536638
2.5640051873554821 -0.083969292300163409

2.5640051873554821 -0.083969292300163409
2.5643079140993454 -0.0842191484897786

2.5643079140993454 -0.0842191484897786
2.5671244150773256 -0.086304046639332582

2.5671244150773256 -0.086304046639332582
2.5684724029351589 -0.087338376211622257

2.5684724029351589 -0.087338376211622257
2.5702436427991691 -0.088660768938050999

2.5702436427991691 -0.088660768938050999
2.572868862790481 -0.090457603933465913

2.572868862790481 -0.090457603933465913
2.573362870521013 -0.090828151186149092

2.573362870521013 -0.090828151186149092
2.5764820982428565 -0.092785170981156795

2.5764820982428565 -0.092785170981156795
2.5776715888147139 -0.093576831655309556

2.5776715888147139 -0.093576831655309556
2.5796013259647004 -0.094807034306962162

2.5796013259647004 -0.094807034306962162
2.5827205536865439 -0.096607492777276413

2.5827205536865439 -0.096607492777276413
2.5828599014104272 -0.096696059377153212

2.5828599014104272 -0.096696059377153212
2.5858397814083873 -0.09834508974349114

2.5858397814083873 -0.09834508974349114
2.5886797075120782 -0.099815287098996869

2.5886797075120782 -0.099815287098996869
2.5889590091302312 -0.099976196989083305

2.5889590091302312 -0.099976196989083305
2.5889590091302312 -0.099976196989083305

2.5889590091302312 -0.099976196989083305
2.5920782368520747 -0.10145649071065053

2.5920782368520747 -0.10145649071065053
2.5951974645739186 -0.10283239849124315

2.5951974645739186 -0.10283239849124315
2.5954246436052002 -0.10293451482084051

2.5954246436052002 -0.10293451482084051
2.5983166922957621 -0.10411521055968631

2.5983166922957621 -0.10411521055968631
2.6014359200176056 -0.10526536507616382

2.6014359200176056 -0.10526536507616382
2.6037912125537179 -0.10605374254268417

2.6037912125537179 -0.10605374254268417
2.6045551477394495 -0.10631958112515387

2.6045551477394495 -0.10631958112515387
2.607674375461293 -0.10723140321821623

2.607674375461293 -0.10723140321821623
2.6107936031831369 -0.10804070478605958

2.6107936031831369 -0.10804070478605958
2.6139128309049804 -0.10873479196191363

2.6139128309049804 -0.10873479196191363
2.616236142561231 -0.10917297026452782

2.616236142561231 -0.10917297026452782
2.6170320586268239 -0.10932595376428826

2.6170320586268239 -0.10932595376428826
2.6201512863486678 -0.10979953205070307

2.6201512863486678 -0.10979953205070307
2.6232705140705113 -0.11016557143973052

2.6232705140705113 -0.11016557143973052
2.6263897417923552 -0.11042081570574019

2.6263897417923552 -0.11042081570574019
2.6295089695141987 -0.11056733657587046

2.6295089695141987 -0.11056733657587046
2.6326281972360421 -0.11060839365559182

2.6326281972360421 -0.11060839365559182
2.6357474249578861 -0.11054682697055145

2.6357474249578861 -0.11054682697055145
2.6388666526797295 -0.11038479652810039

2.6388666526797295 -0.11038479652810039
2.6419858804015734 -0.11012387005212627

2.6419858804015734 -0.11012387005212627
2.6451051081234169 -0.10976644821978324

2.6451051081234169 -0.10976644821978324
2.6482243358452604 -0.10931882087569988

2.6482243358452604 -0.10931882087569988
2.6490394910266049 -0.10917297026452782

2.6490394910266049 -0.10917297026452782
2.6513435635671043 -0.10876772588090644

2.6513435635671043 -0.10876772588090644
2.6544627912889478 -0.10812611967192545

2.6544627912889478 -0.10812611967192545
2.6575820190107917 -0.10738946010321448

2.6575820190107917 -0.10738946010321448
2.6607012467326352 -0.10657141936836442

2.6607012467326352 -0.10657141936836442
2.6624473818945256 -0.10605374254268417

2.6624473818945256 -0.10605374254268417
2.6638204744544787 -0.10564146509694779

2.6638204744544787 -0.10564146509694779
2.6669397021763226 -0.10464669454013037

2.6669397021763226 -0.10464669454013037
2.6700589298981661 -0.10356766154560476

2.6700589298981661 -0.10356766154560476
2.6717078511872727 -0.10293451482084051

2.6717078511872727 -0.10293451482084051
2.6731781576200095 -0.10236479827978903

2.6731781576200095 -0.10236479827978903
2.6762973853418535 -0.10112078758930419

2.6762973853418535 -0.10112078758930419
2.6793360263326842 -0.099815287098996869

2.6793360263326842 -0.099815287098996869
2.6794166130636969 -0.099776606021379569

2.6794166130636969 -0.099776606021379569
2.6825358407855409 -0.098360543099284464

2.6825358407855409 -0.098360543099284464
2.6856550685073843 -0.096886108929576539

2.6856550685073843 -0.096886108929576539
2.685997461290988 -0.096696059377153212

2.685997461290988 -0.096696059377153212
2.6887742962292278 -0.095300807858396813

2.6887742962292278 -0.095300807858396813
2.6918935239510717 -0.093684279964647496

2.6918935239510717 -0.093684279964647496
2.6920686403307039 -0.093576831655309556

2.6920686403307039 -0.093576831655309556
2.6950127516729152 -0.091980622856176683

2.6950127516729152 -0.091980622856176683
2.6977262022935018 -0.090457603933465913

2.6977262022935018 -0.090457603933465913
2.6981319793947591 -0.09020307785961669

2.6981319793947591 -0.09020307785961669
2.7012512071166026 -0.088459810781189196

2.7012512071166026 -0.088459810781189196
2.7031114705057351 -0.087338376211622257

2.7031114705057351 -0.087338376211622257
2.7043704348384461 -0.086555636057946764

2.7043704348384461 -0.086555636057946764
2.70748966256029 -0.084774938919105952

2.70748966256029 -0.084774938919105952
2.7083325935328175 -0.0842191484897786

2.7083325935328175 -0.0842191484897786
2.7106088902821335 -0.082821206329567659

2.7106088902821335 -0.082821206329567659
2.7134282969458763 -0.081099920767934958

2.7134282969458763 -0.081099920767934958
2.7137281180039774 -0.080893055512161333

2.7137281180039774 -0.080893055512161333
2.7168473457258209 -0.079026475924934808

2.7168473457258209 -0.079026475924934808
2.7184722563326145 -0.077980693046091301

2.7184722563326145 -0.077980693046091301
2.7199665734476643 -0.077012467758214589

2.7199665734476643 -0.077012467758214589
2.7230858011695083 -0.075151438019015165

2.7230858011695083 -0.075151438019015165
2.7235050190636114 -0.074861465324247645

2.7235050190636114 -0.074861465324247645
2.7262050288913517 -0.073191232729176478

2.7262050288913517 -0.073191232729176478
2.7285293538484994 -0.071742237602403988

2.7285293538484994 -0.071742237602403988
2.7293242566131957 -0.071207275613078658

2.7293242566131957 -0.071207275613078658
2.7324434843350391 -0.069382703806999277

2.7324434843350391 -0.069382703806999277
2.7336138007844455 -0.068623009880560346

2.7336138007844455 -0.068623009880560346
2.7355627120568826 -0.067407758978870039

2.7355627120568826 -0.067407758978870039
2.7386819397787265 -0.065551897636705311

2.7386819397787265 -0.065551897636705311
2.7387521276816877 -0.065503782158716689

2.7387521276816877 -0.065503782158716689
2.74180116750057 -0.063689701943165811

2.74180116750057 -0.063689701943165811
2.743965874517404 -0.062384554436873046

2.743965874517404 -0.062384554436873046
2.7449203952224139 -0.061773992151859629

2.7449203952224139 -0.061773992151859629
2.7480396229442574 -0.060024153111013667

2.7480396229442574 -0.060024153111013667
2.749275299028644 -0.05926532671502939

2.749275299028644 -0.05926532671502939
2.7511588506661009 -0.058145326636883779

2.7511588506661009 -0.058145326636883779
2.7542780783879448 -0.056408256230178616

2.7542780783879448 -0.056408256230178616
2.7546920054943214 -0.05614609899318574

2.7546920054943214 -0.05614609899318574
2.7573973061097883 -0.054611465718092896

2.7573973061097883 -0.054611465718092896
2.7602398291239791 -0.053026871271342091

2.7602398291239791 -0.053026871271342091
2.7605165338316322 -0.052853239029545251

2.7605165338316322 -0.052853239029545251
2.7636357615534757 -0.051172360426486756

2.7636357615534757 -0.051172360426486756
2.7659622830419579 -0.049907643549498434

2.7659622830419579 -0.049907643549498434
2.7667549892753192 -0.049446557396990019

2.7667549892753192 -0.049446557396990019
2.7698742169971631 -0.047849388649961598

2.7698742169971631 -0.047849388649961598
2.7718901642024028 -0.046788415827654785

2.7718901642024028 -0.046788415827654785
2.7729934447190066 -0.0461854293240593

2.7729934447190066 -0.0461854293240593
2.7761126724408505 -0.0446547983131187

2.7761126724408505 -0.0446547983131187
2.7780728786755522 -0.043669188105811135

2.7780728786755522 -0.043669188105811135
2.7792319001626939 -0.043067999181109443

2.7792319001626939 -0.043067999181109443
2.7823511278845374 -0.041604881887070622

2.7823511278845374 -0.041604881887070622
2.7845814094490713 -0.040549960383967479

2.7845814094490713 -0.040549960383967479
2.7854703556063813 -0.04010774838727682

2.7854703556063813 -0.04010774838727682
2.7885895833282248 -0.038713555327917003

2.7885895833282248 -0.038713555327917003
2.7914919507473455 -0.037430732662123829

2.7914919507473455 -0.037430732662123829
2.7917088110500687 -0.037325016542076248

2.7917088110500687 -0.037325016542076248
2.7948280387719122 -0.035999258604134977

2.7948280387719122 -0.035999258604134977
2.7979472664937557 -0.034724753248782783

2.7979472664937557 -0.034724753248782783
2.7989273997043598 -0.034311504940280173

2.7989273997043598 -0.034311504940280173
2.8010664942155996 -0.033445088464611292

2.8010664942155996 -0.033445088464611292
2.8041857219374431 -0.032243771383146741

2.8041857219374431 -0.032243771383146741
2.8069877253411151 -0.03119227721843652

2.8069877253411151 -0.03119227721843652
2.807304949659287 -0.031063847762464541

2.807304949659287 -0.031063847762464541
2.8104241773811305 -0.029942962388470003

2.8104241773811305 -0.029942962388470003
2.813543405102974 -0.028854418561451878

2.813543405102974 -0.028854418561451878
2.8158367104689512 -0.028073049496592867

2.8158367104689512 -0.028073049496592867
2.8166626328248179 -0.027780346018574192

2.8166626328248179 -0.027780346018574192
2.8197818605466614 -0.026773484401967876

2.8197818605466614 -0.026773484401967876
2.8229010882685053 -0.025790895106517941

2.8229010882685053 -0.025790895106517941
2.8256554154296172 -0.024953821774749217

2.8256554154296172 -0.024953821774749217
2.8260203159903488 -0.024836254544323946

2.8260203159903488 -0.024836254544323946
2.8291395437121922 -0.023932523835608389

2.8291395437121922 -0.023932523835608389
2.8322587714340361 -0.023058407680534861

2.8322587714340361 -0.023058407680534861
2.8353779991558796 -0.022228221666368064

2.8353779991558796 -0.022228221666368064
2.8368882224392058 -0.021834594052905564

2.8368882224392058 -0.021834594052905564
2.8384972268777231 -0.021416759268730233

2.8384972268777231 -0.021416759268730233
2.841616454599567 -0.020664324351185034

2.841616454599567 -0.020664324351185034
2.8447356823214105 -0.019946835961012269

2.8447356823214105 -0.019946835961012269
2.8478549100432544 -0.019270417384356878

2.8478549100432544 -0.019270417384356878
2.8505731066832096 -0.018715366331061911

2.8505731066832096 -0.018715366331061911
2.8509741377650979 -0.018630393270098453

2.8509741377650979 -0.018630393270098453
2.8540933654869414 -0.018037970283589222

2.8540933654869414 -0.018037970283589222
2.8572125932087853 -0.017483073744553036

2.8572125932087853 -0.017483073744553036
2.8603318209306288 -0.016968322096767144

2.8603318209306288 -0.016968322096767144
2.8634510486524727 -0.016492765570271836

2.8634510486524727 -0.016492765570271836
2.8665702763743162 -0.016055536467383769

2.8665702763743162 -0.016055536467383769
2.8696895040961596 -0.015656928327965294

2.8696895040961596 -0.015656928327965294
2.8702017936204625 -0.015596138609218262

2.8702017936204625 -0.015596138609218262
2.8728087318180036 -0.015293305828704007

2.8728087318180036 -0.015293305828704007
2.875927959539847 -0.01496978737322311

2.875927959539847 -0.01496978737322311
2.879047187261691 -0.014684076336847041

2.879047187261691 -0.014684076336847041
2.8821664149835344 -0.014435601772214611

2.8821664149835344 -0.014435601772214611
2.8852856427053779 -0.014223393783697866

2.8852856427053779 -0.014223393783697866
2.8884048704272218 -0.014047121559930792

2.8884048704272218 -0.014047121559930792
2.8915240981490653 -0.013907421889429552

2.8915240981490653 -0.013907421889429552
2.8946433258709092 -0.01380528412765209

2.8946433258709092 -0.01380528412765209
2.8977625535927527 -0.013740962746223615

2.8977625535927527 -0.013740962746223615
2.9008817813145962 -0.013713800034591082

2.9008817813145962 -0.013713800034591082
2.9040010090364401 -0.013723279182075216

2.9040010090364401 -0.013723279182075216
2.9071202367582836 -0.013770147589162332

2.9071202367582836 -0.013770147589162332
2.9102394644801275 -0.013856515425459364

2.9102394644801275 -0.013856515425459364
2.913358692201971 -0.013984708103126464

2.913358692201971 -0.013984708103126464
2.9164779199238144 -0.014155743033268282

2.9164779199238144 -0.014155743033268282
2.9195971476456584 -0.014369251124496194

2.9195971476456584 -0.014369251124496194
2.9227163753675018 -0.014625362345315314

2.9227163753675018 -0.014625362345315314
2.9258356030893458 -0.014925895540053497

2.9258356030893458 -0.014925895540053497
2.9289548308111892 -0.015272917685168494

2.9289548308111892 -0.015272917685168494
2.9315061293843407 -0.015596138609218262

2.9315061293843407 -0.015596138609218262
2.9320740585330327 -0.01566970994918743

2.9320740585330327 -0.01566970994918743
2.9351932862548766 -0.016109577151570985

2.9351932862548766 -0.016109577151570985
2.9383125139767201 -0.016596769166228438

2.9383125139767201 -0.016596769166228438
2.941431741698564 -0.017127721857111887

2.941431741698564 -0.017127721857111887
2.9445509694204075 -0.017700341259632785

2.9445509694204075 -0.017700341259632785
2.947670197142251 -0.018311207721676413

2.947670197142251 -0.018311207721676413
2.9495840025134648 -0.018715366331061911

2.9495840025134648 -0.018715366331061911
2.9507894248640949 -0.018973433462636601

2.9507894248640949 -0.018973433462636601
2.9539086525859384 -0.01966051161577655

2.9539086525859384 -0.01966051161577655
2.9570278803077823 -0.020387739603853396

2.9570278803077823 -0.020387739603853396
2.9601471080296258 -0.021147872401188532

2.9601471080296258 -0.021147872401188532
2.9628295665867959 -0.021834594052905564

2.9628295665867959 -0.021834594052905564
2.9632663357514692 -0.021951999011898208

2.9632663357514692 -0.021951999011898208
2.9663855634733132 -0.022781713123248379

2.9663855634733132 -0.022781713123248379
2.9695047911951566 -0.023656816535154612

2.9695047911951566 -0.023656816535154612
2.9726240189170006 -0.0245630999611876

2.9726240189170006 -0.0245630999611876
2.973861300000463 -0.024953821774749217

2.973861300000463 -0.024953821774749217
2.975743246638844 -0.025539560467141797

2.975743246638844 -0.025539560467141797
2.9788624743606875 -0.026538232515436626

2.9788624743606875 -0.026538232515436626
2.9819817020825314 -0.027582523236363964

2.9819817020825314 -0.027582523236363964
2.9833249724120701 -0.028073049496592867

2.9833249724120701 -0.028073049496592867
2.9851009298043749 -0.028714787923527663

2.9851009298043749 -0.028714787923527663
2.9882201575262188 -0.029866266299375915

2.9882201575262188 -0.029866266299375915
2.9913393852480623 -0.031079220921099

2.9913393852480623 -0.031079220921099
2.9915909260212645 -0.03119227721843652

2.9915909260212645 -0.03119227721843652
2.9944586129699058 -0.03237308588030989

2.9944586129699058 -0.03237308588030989
2.9975778406917497 -0.033695037916486516

2.9975778406917497 -0.033695037916486516
2.9988947672223825 -0.034311504940280173

2.9988947672223825 -0.034311504940280173
3.0006970684135932 -0.035142222126110491

3.0006970684135932 -0.035142222126110491
3.0038162961354371 -0.036572991463071539

3.0038162961354371 -0.036572991463071539
3.0055255833664543 -0.037430732662123829

3.0055255833664543 -0.037430732662123829
3.0069355238572806 -0.038148653354152129

3.0069355238572806 -0.038148653354152129
3.0100547515791241 -0.0396803322051534

3.0100547515791241 -0.0396803322051534
3.0116588703528677 -0.040549960383967479

3.0116588703528677 -0.040549960383967479
3.013173979300968 -0.041376475214631198

3.013173979300968 -0.041376475214631198
3.0162932070228115 -0.043010038056786201

3.0162932070228115 -0.043010038056786201
3.0173968675906826 -0.043669188105811135

3.0173968675906826 -0.043669188105811135
3.0194124347446549 -0.044824716516518294

3.0194124347446549 -0.044824716516518294
3.0225316624664988 -0.046587447492177698

3.0225316624664988 -0.046587447492177698
3.0228324687293018 -0.046788415827654785

3.0228324687293018 -0.046788415827654785
3.0256508901883423 -0.048463387260231937

3.0256508901883423 -0.048463387260231937
3.0279681161426018 -0.049907643549498434

3.0279681161426018 -0.049907643549498434
3.0287701179101862 -0.050449593278104304

3.0287701179101862 -0.050449593278104304
3.0318893456320297 -0.052349049035455592

3.0318893456320297 -0.052349049035455592
3.032846683294065 -0.053026871271342091

3.032846683294065 -0.053026871271342091
3.0350085733538732 -0.054469641813831474

3.0350085733538732 -0.054469641813831474
3.0374789155166875 -0.05614609899318574

3.0374789155166875 -0.05614609899318574
3.0381278010757171 -0.056630210873201192

3.0381278010757171 -0.056630210873201192
3.0412470287975606 -0.058723104890972391

3.0412470287975606 -0.058723104890972391
3.0419372618812579 -0.05926532671502939

3.0419372618812579 -0.05926532671502939
3.0443662565194045 -0.061039079801357976

3.0443662565194045 -0.061039079801357976
3.046093738271118 -0.062384554436873046

3.046093738271118 -0.062384554436873046
3.047485484241248 -0.063491787806002717

3.047485484241248 -0.063491787806002717
3.0500877893682903 -0.065503782158716689

3.0500877893682903 -0.065503782158716689
3.0506047119630915 -0.065940258725644518

3.0506047119630915 -0.065940258725644518
3.0537239396849354 -0.068359236120905068

3.0537239396849354 -0.068359236120905068
3.0540252926923332 -0.068623009880560346

3.0540252926923332 -0.068623009880560346
3.0568431674067789 -0.070928610197956196

3.0568431674067789 -0.070928610197956196
3.0577575072373775 -0.071742237602403988

3.0577575072373775 -0.071742237602403988
3.0599623951286228 -0.073653628500127896

3.0599623951286228 -0.073653628500127896
3.0612968352259871 -0.074861465324247645

3.0612968352259871 -0.074861465324247645
3.0630816228504663 -0.076476695439520431

3.0630816228504663 -0.076476695439520431
3.0647103339262669 -0.077980693046091301

3.0647103339262669 -0.077980693046091301
3.0662008505723097 -0.079374627948777837

3.0662008505723097 -0.079374627948777837
3.0680268392521377 -0.081099920767934958

3.0680268392521377 -0.081099920767934958
3.0693200782941537 -0.082343042156113697

3.0693200782941537 -0.082343042156113697
3.0712558178624474 -0.0842191484897786

3.0712558178624474 -0.0842191484897786
3.0724393060159971 -0.085384191338777865

3.0724393060159971 -0.085384191338777865
3.0744050120106263 -0.087338376211622257

3.0744050120106263 -0.087338376211622257
3.075558533737841 -0.088498254963694414

3.075558533737841 -0.088498254963694414
3.077484154272351 -0.090457603933465913

3.077484154272351 -0.090457603933465913
3.0786777614596845 -0.091680690650310565

3.0786777614596845 -0.091680690650310565
3.0805016568125403 -0.093576831655309556

3.0805016568125403 -0.093576831655309556
3.081796989181528 -0.094931664065632304

3.081796989181528 -0.094931664065632304
3.0834635991774459 -0.096696059377153212

3.0834635991774459 -0.096696059377153212
3.0849162169033719 -0.098241843505894516

3.0849162169033719 -0.098241843505894516
3.0863869515255056 -0.099815287098996869

3.0863869515255056 -0.099815287098996869
3.0880354446252154 -0.10159848116871213

3.0880354446252154 -0.10159848116871213
3.0892741967097095 -0.10293451482084051

3.0892741967097095 -0.10293451482084051
3.0911546723470593 -0.10500910963117591

3.0911546723470593 -0.10500910963117591
3.0921167411097681 -0.10605374254268417

3.0921167411097681 -0.10605374254268417
3.0942739000689028 -0.10848519110447098

3.0942739000689028 -0.10848519110447098
3.094905635478415 -0.10917297026452782

3.094905635478415 -0.10917297026452782
3.0973931277907463 -0.11203243952241944

3.0973931277907463 -0.11203243952241944
3.0976321412292402 -0.11229219798637147

3.0976321412292402 -0.11229219798637147
3.1003091503722255 -0.11541142570821512

3.1003091503722255 -0.11541142570821512
3.1005123555125902 -0.11563271161980876

3.1005123555125902 -0.11563271161980876
3.1030179924506589 -0.11853065343005878

3.1030179924506589 -0.11853065343005878
3.1036315832344337 -0.11920350362657706

3.1036315832344337 -0.11920350362657706
3.10577254809726 -0.12164988115190242

3.10577254809726 -0.12164988115190242
3.1067508109562776 -0.12272816431486455

3.1067508109562776 -0.12272816431486455
3.108565731220291 -0.12476910887374608

3.108565731220291 -0.12476910887374608
3.1098700386781211 -0.12620432678011936

3.1098700386781211 -0.12620432678011936
3.1113991945776185 -0.12788833659558974

3.1113991945776185 -0.12788833659558974
3.1129892663999645 -0.12962254643421614

3.1129892663999645 -0.12962254643421614
3.1142744588255558 -0.13100756431743338

3.1142744588255558 -0.13100756431743338
3.1161084941218085 -0.13297943505446255

3.1161084941218085 -0.13297943505446255
3.1171965234756924 -0.13412679203927705

3.1171965234756924 -0.13412679203927705
3.1192277218436519 -0.13626002031535686

3.1192277218436519 -0.13626002031535686
3.1201880649500184 -0.13724601976112069

3.1201880649500184 -0.13724601976112069
3.1223469495654959 -0.13942899103097772

3.1223469495654959 -0.13942899103097772
3.1232930243681194 -0.14036524748296433

3.1232930243681194 -0.14036524748296433
3.1254661772873393 -0.14245179992342633

3.1254661772873393 -0.14245179992342633
3.1265613653911228 -0.143484475204808

3.1265613653911228 -0.143484475204808
3.1285854050091828 -0.1453225114886591

3.1285854050091828 -0.1453225114886591
3.1300348576040529 -0.14660370292665165

3.1300348576040529 -0.14660370292665165
3.1317046327310267 -0.14804204653002045

3.1317046327310267 -0.14804204653002045
3.1338181647443064 -0.14972293064849529

3.1338181647443064 -0.14972293064849529
3.1348238604528702 -0.15054442635830623

3.1348238604528702 -0.15054442635830623
3.1379430881747141 -0.15269718259140119

3.1379430881747141 -0.15269718259140119
3.1381366906529418 -0.15284215837033896

3.1381366906529418 -0.15284215837033896
3.1410623158965576 -0.15474061949104606

3.1410623158965576 -0.15474061949104606
3.1430883704393575 -0.1559613860921826

3.1430883704393575 -0.1559613860921826
3.1441815436184011 -0.15664462985956104

3.1441815436184011 -0.15664462985956104
3.147300771340245 -0.15821485613287711

3.147300771340245 -0.15821485613287711
3.1491433597070597 -0.15908061381402624

3.1491433597070597 -0.15908061381402624
3.1504199990620885 -0.15968854512683539

3.1504199990620885 -0.15968854512683539
3.1535392267839324 -0.16090117881248209

3.1535392267839324 -0.16090117881248209
3.1566584545057759 -0.16193073712776423

3.1566584545057759 -0.16193073712776423
3.1575987854943968 -0.16219984153586992

3.1575987854943968 -0.16219984153586992
3.1597776822276193 -0.16280194283792018

3.1597776822276193 -0.16280194283792018
3.1628969099494633 -0.16347601780299631

3.1628969099494633 -0.16347601780299631
3.1660161376713067 -0.16396744971013794

3.1660161376713067 -0.16396744971013794
3.1691353653931507 -0.16428310429864779

3.1691353653931507 -0.16428310429864779
3.1722545931149941 -0.16442870930342271

3.1722545931149941 -0.16442870930342271
3.1753738208368376 -0.16440630566280404

3.1753738208368376 -0.16440630566280404
3.1784930485586815 -0.16421881429696739

3.1784930485586815 -0.16421881429696739
3.181612276280525 -0.16387197697839029

3.181612276280525 -0.16387197697839029
3.1847315040023689 -0.16337287389819086

3.1847315040023689 -0.16337287389819086
3.1878507317242124 -0.16273567237276951

3.1878507317242124 -0.16273567237276951
3.189981926346543 -0.16219984153586992

3.189981926346543 -0.16219984153586992
3.1909699594460559 -0.16194399897218917

3.1909699594460559 -0.16194399897218917
3.1940891871678998 -0.16152508819939873

