3.1940891871678998 0.24116313132079956
3.1878507317242128 0.24110212258491867

3.1878507317242128 0.24110212258491867
3.1816122762805255 0.24091827360898146

3.1816122762805255 0.24091827360898146
3.1753738208368381 0.24060816016114944

3.1753738208368381 0.24060816016114944
3.1691353653931507 0.24016867158641211

3.1691353653931507 0.24016867158641211
3.1628969099494633 0.2396031581575542

3.1628969099494633 0.2396031581575542
3.1566584545057763 0.23891869973075128

3.1566584545057763 0.23891869973075128
3.1504199990620889 0.23811953067417818

3.1504199990620889 0.23811953067417818
3.1441815436184015 0.23721256114892661

3.1441815436184015 0.23721256114892661
3.1432835321418215 0.23706130686011756

3.1432835321418215 0.23706130686011756
3.1379430881747141 0.23618607091895163

3.1379430881747141 0.23618607091895163
3.1317046327310267 0.23505799302538821

3.1317046327310267 0.23505799302538821
3.1254661772873398 0.23382406665569

3.1254661772873398 0.23382406665569
3.1192277218436524 0.23248921192904859

3.1192277218436524 0.23248921192904859
3.112989266399965 0.2310685659623313

3.112989266399965 0.2310685659623313
3.1120254424927314 0.23082285141643027

3.1120254424927314 0.23082285141643027
3.1067508109562776 0.22953251758564086

3.1067508109562776 0.22953251758564086
3.1005123555125906 0.22792390309283378

3.1005123555125906 0.22792390309283378
3.0942739000689032 0.22623197984068957

3.0942739000689032 0.22623197984068957
3.0884706458661677 0.22458439597274296

3.0884706458661677 0.22458439597274296
3.0880354446252158 0.22445258411194893

3.0880354446252158 0.22445258411194893
3.0817969891815284 0.222615181528249

3.0817969891815284 0.222615181528249
3.075558533737841 0.22069975740486189

3.075558533737841 0.22069975740486189
3.0693200782941541 0.21874045413064047

3.0693200782941541 0.21874045413064047
3.0681799440897723 0.21834594052905565

3.0681799440897723 0.21834594052905565
3.0630816228504667 0.21667151964359102

3.0630816228504667 0.21667151964359102
3.0568431674067793 0.21457543203605633

3.0568431674067793 0.21457543203605633
3.0506047119630919 0.21244252896346155

3.0506047119630919 0.21244252896346155
3.0497177163488129 0.21210748508536836

3.0497177163488129 0.21210748508536836
3.0443662565194045 0.21021214417754613

3.0443662565194045 0.21021214417754613
3.0381278010757176 0.20796493254679541

3.0381278010757176 0.20796493254679541
3.0324351190945786 0.20586902964168105

3.0324351190945786 0.20586902964168105
3.0318893456320302 0.20565137680142731

3.0318893456320302 0.20565137680142731
3.0256508901883428 0.20333248163760159

3.0256508901883428 0.20333248163760159
3.0194124347446554 0.20098581049336203

3.0194124347446554 0.20098581049336203
3.0159672900875001 0.19963057419799374

3.0159672900875001 0.19963057419799374
3.013173979300968 0.19851954980199055

3.013173979300968 0.19851954980199055
3.006935523857281 0.19611325327660034

3.006935523857281 0.19611325327660034
3.0006970684135936 0.19366752669537809

3.0006970684135936 0.19366752669537809
3.0000635583120605 0.19339211875430645

3.0000635583120605 0.19339211875430645
2.9944586129699062 0.19114851094137469

2.9944586129699062 0.19114851094137469
2.9882201575262188 0.18865884430293828

2.9882201575262188 0.18865884430293828
2.9845892063893582 0.18715366331061914

2.9845892063893582 0.18715366331061914
2.9819817020825314 0.18605355495799711

2.9819817020825314 0.18605355495799711
2.9757432466388445 0.18353133150207346

2.9757432466388445 0.18353133150207346
2.9695047911951571 0.18095759111418414

2.9695047911951571 0.18095759111418414
2.9694131217014412 0.18091520786693183

2.9694131217014412 0.18091520786693183
2.9632663357514697 0.17835914681050033

2.9632663357514697 0.17835914681050033
2.9570278803077823 0.17579164155730509

2.9570278803077823 0.17579164155730509
2.954470688565721 0.17467675242324454

2.954470688565721 0.17467675242324454
2.9507894248640949 0.17310230789177161

2.9507894248640949 0.17310230789177161
2.9445509694204079 0.17050898406812853

2.9445509694204079 0.17050898406812853
2.9396849798328231 0.16843829697955723

2.9396849798328231 0.16843829697955723
2.9383125139767206 0.16781713439853788

2.9383125139767206 0.16781713439853788
2.9320740585330332 0.16520781812047886

2.9320740585330332 0.16520781812047886
2.9258356030893458 0.16258242823649904

2.9258356030893458 0.16258242823649904
2.9250108426781161 0.16219984153586992

2.9250108426781161 0.16219984153586992
2.9195971476456588 0.15988570844520794

2.9195971476456588 0.15988570844520794
2.9133586922019714 0.15726260695731947

2.9133586922019714 0.15726260695731947
2.9104079504799896 0.15596138609218263

2.9104079504799896 0.15596138609218263
2.907120236758284 0.15452006303606983

2.907120236758284 0.15452006303606983
2.9008817813145966 0.15189145412019842

2.9008817813145966 0.15189145412019842
2.8958406520412288 0.14972293064849532

2.8958406520412288 0.14972293064849532
2.8946433258709092 0.14917132132305111

2.8946433258709092 0.14917132132305111
2.8884048704272223 0.14653649744529892

2.8884048704272223 0.14653649744529892
2.8821664149835349 0.1438959742340559

2.8821664149835349 0.1438959742340559
2.8812813462398985 0.143484475204808

2.8812813462398985 0.143484475204808
2.8759279595398475 0.14118686743384015

2.8759279595398475 0.14118686743384015
2.8696895040961601 0.13856033456125258

2.8696895040961601 0.13856033456125258
2.8667046172900745 0.13724601976112069

2.8667046172900745 0.13724601976112069
2.8634510486524727 0.13582025237648443

2.8634510486524727 0.13582025237648443
2.8572125932087857 0.13319901123255418

2.8572125932087857 0.13319901123255418
2.8520897854601448 0.13100756431743341

2.8520897854601448 0.13100756431743341
2.8509741377650983 0.13049515654468399

2.8509741377650983 0.13049515654468399
2.8447356823214109 0.12787705761258275

2.8447356823214109 0.12787705761258275
2.8384972268777235 0.12526309106062031

2.8384972268777235 0.12526309106062031
2.8374162296712391 0.12476910887374608

2.8374162296712391 0.12476910887374608
2.8322587714340361 0.12257629685371711

2.8322587714340361 0.12257629685371711
2.8260203159903492 0.11997808355840241

2.8260203159903492 0.11997808355840241
2.8226660195557507 0.11853065343005878

2.8226660195557507 0.11853065343005878
2.8197818605466618 0.11727608211663282

2.8197818605466618 0.11727608211663282
2.8135434051029744 0.11469205503830995

2.8135434051029744 0.11469205503830995
2.8078256580883227 0.11229219798637147

2.8078256580883227 0.11229219798637147
2.807304949659287 0.11205275308240575

2.807304949659287 0.11205275308240575
2.8010664942155996 0.10946534043970559

2.8010664942155996 0.10946534043970559
2.7948280387719127 0.10690699135688346

2.7948280387719127 0.10690699135688346
2.7928749525277525 0.10605374254268417

2.7928749525277525 0.10605374254268417
2.7885895833282253 0.10425536470914626

2.7885895833282253 0.10425536470914626
2.7823511278845379 0.10170548309447218

2.7823511278845379 0.10170548309447218
2.7778035123303231 0.099815287098996869

2.7778035123303231 0.099815287098996869
2.7761126724408505 0.09907753834816066

2.7761126724408505 0.09907753834816066
2.7698742169971631 0.096554360904861136

2.7698742169971631 0.096554360904861136
2.7636357615534761 0.094032950763763445

2.7636357615534761 0.094032950763763445
2.762596465718878 0.093576831655309556

2.762596465718878 0.093576831655309556
2.7573973061097887 0.091451068110463857

2.7573973061097887 0.091451068110463857
2.7511588506661013 0.088946361863778689

2.7511588506661013 0.088946361863778689
2.7472379420359312 0.087338376211622257

2.7472379420359312 0.087338376211622257
2.7449203952224139 0.086362444802311394

2.7449203952224139 0.086362444802311394
2.738681939778727 0.083889740148937464

2.738681939778727 0.083889740148937464
2.7324434843350396 0.081413571593789869

2.7324434843350396 0.081413571593789869
2.7317188705528737 0.081099920767934958

2.7317188705528737 0.081099920767934958
2.7262050288913522 0.078896820584206565

2.7262050288913522 0.078896820584206565
2.7199665734476648 0.076443025903048814

2.7199665734476648 0.076443025903048814
2.7160197205060723 0.074861465324247645

2.7160197205060723 0.074861465324247645
2.7137281180039774 0.073918352002680501

2.7137281180039774 0.073918352002680501
2.7074896625602904 0.071501152091906314

2.7074896625602904 0.071501152091906314
2.701251207116603 0.069089232378668472

2.701251207116603 0.069089232378668472
2.7001332696514884 0.068623009880560346

2.7001332696514884 0.068623009880560346
2.6950127516729157 0.066621952134949841

2.6950127516729157 0.066621952134949841
2.6887742962292283 0.064220326928979471

2.6887742962292283 0.064220326928979471
2.6840410761611242 0.06238455443687304

2.6840410761611242 0.06238455443687304
2.6825358407855409 0.061770081061813413

2.6825358407855409 0.061770081061813413
2.6762973853418539 0.059410828106549247

2.6762973853418539 0.059410828106549247
2.6700589298981665 0.057064357175845327

2.6700589298981665 0.057064357175845327
2.6677303749841781 0.05614609899318574

2.6677303749841781 0.05614609899318574
2.6638204744544791 0.054642240455496816

2.6638204744544791 0.054642240455496816
2.6575820190107917 0.052306892461382121

2.6575820190107917 0.052306892461382121
2.6513435635671043 0.04997015132853716

2.6513435635671043 0.04997015132853716
2.6511910612978373 0.049907643549498434

2.6511910612978373 0.049907643549498434
2.6451051081234174 0.047635253664487127

2.6451051081234174 0.047635253664487127
2.63886665267973 0.045331607923143225

2.63886665267973 0.045331607923143225
2.6343971075564996 0.043669188105811135

2.6343971075564996 0.043669188105811135
2.6326281972360426 0.04298385549555158

2.6326281972360426 0.04298385549555158
2.6263897417923552 0.040726626478828867

2.6263897417923552 0.040726626478828867
2.6263897417923552 0.040726626478828867

2.6263897417923552 0.040726626478828867
2.6201512863486678 0.038479025787419137

2.6201512863486678 0.038479025787419137
2.6173409283836273 0.037430732662123829

2.6173409283836273 0.037430732662123829
2.6139128309049808 0.036164076664742389

2.6139128309049808 0.036164076664742389
2.6076743754612934 0.033937889307438726

2.6076743754612934 0.033937889307438726
2.601435920017606 0.031730444292944276

2.601435920017606 0.031730444292944276
2.6000054409637672 0.03119227721843652

2.6000054409637672 0.03119227721843652
2.5951974645739186 0.029471575231623474

2.5951974645739186 0.029471575231623474
2.5889590091302312 0.027270885847526554

2.5889590091302312 0.027270885847526554
2.5827205536865443 0.025086168886637641

2.5827205536865443 0.025086168886637641
2.5823716216583907 0.024953821774749217

2.5823716216583907 0.024953821774749217
2.5764820982428569 0.022894060256717027

2.5764820982428569 0.022894060256717027
2.5702436427991695 0.020727881933420469

2.5702436427991695 0.020727881933420469
2.5644164128789102 0.018715366331061911

2.5644164128789102 0.018715366331061911
2.5640051873554821 0.018561882289802371

2.5640051873554821 0.018561882289802371
2.5577667319117952 0.01643368680889188

2.5577667319117952 0.01643368680889188
2.5515282764681078 0.014310563961114506

2.5515282764681078 0.014310563961114506
2.5461202457275585 0.012476910887374609

2.5461202457275585 0.012476910887374609
2.5452898210244204 0.012176763464968158

2.5452898210244204 0.012176763464968158
2.539051365580733 0.010097886941109233

2.539051365580733 0.010097886941109233
2.5328129101370456 0.0080168925794138791

2.5328129101370456 0.0080168925794138791
2.5274623789923027 0.0062384554436873034

2.5274623789923027 0.0062384554436873034
2.5265744546933586 0.005924766358637164

2.5265744546933586 0.005924766358637164
2.5203359992496712 0.003887988411573983

2.5203359992496712 0.003887988411573983
2.5140975438059838 0.0018473845353342479

2.5140975438059838 0.0018473845353342479
2.5084177879985137 0

2.5084177879985137 0
2.5078590883622964 -0.00019465908142661759

2.5078590883622964 -0.00019465908142661759
2.501620632918609 -0.0021951900684535697

2.501620632918609 -0.0021951900684535697
2.4953821774749221 -0.0041947555120016881

2.4953821774749221 -0.0041947555120016881
2.4891437220312347 -0.0061754840645652318

2.4891437220312347 -0.0061754840645652318
2.4889593082595596 -0.0062384554436873043

2.4889593082595596 -0.0062384554436873043
2.4829052665875473 -0.0081514699298163643

2.4829052665875473 -0.0081514699298163643
2.4766668111438599 -0.010108303212570545

2.4766668111438599 -0.010108303212570545
2.4704283557001725 -0.012030154983137633

2.4704283557001725 -0.012030154983137633
2.4690514512321937 -0.012476910887374609

2.4690514512321937 -0.012476910887374609
2.4641899002564855 -0.013985494647670413

2.4641899002564855 -0.013985494647670413
2.4579514448127981 -0.01589429903940507

2.4579514448127981 -0.01589429903940507
2.4517129893691108 -0.017775898574522553

2.4517129893691108 -0.017775898574522553
2.4486673971651944 -0.018715366331061915

2.4486673971651944 -0.018715366331061915
2.4454745339254234 -0.019698178389973075

2.4454745339254234 -0.019698178389973075
2.439236078481736 -0.021552239079908341

2.439236078481736 -0.021552239079908341
2.432997623038049 -0.023406723972313546

2.432997623038049 -0.023406723972313546
2.4277720250928376 -0.024953821774749217

2.4277720250928376 -0.024953821774749217
2.4267591675943616 -0.025269369445335248

2.4267591675943616 -0.025269369445335248
2.4205207121506742 -0.027082065335490138

2.4205207121506742 -0.027082065335490138
2.4142822567069868 -0.028896856947587007

2.4142822567069868 -0.028896856947587007
2.4080438012632994 -0.030678141803794457

2.4080438012632994 -0.030678141803794457
2.4063158080677023 -0.031192277218436523

2.4063158080677023 -0.031192277218436523
2.4018053458196125 -0.032490814062745656

2.4018053458196125 -0.032490814062745656
2.3955668903759251 -0.034255736518022717

2.3955668903759251 -0.034255736518022717
2.3893284349322377 -0.036010032639138982

2.3893284349322377 -0.036010032639138982
2.3842578459710917 -0.037430732662123822

2.3842578459710917 -0.037430732662123822
2.3830899794885503 -0.037772842239397371

2.3830899794885503 -0.037772842239397371
2.3768515240448633 -0.039486371746577223

2.3768515240448633 -0.039486371746577223
2.3706130686011759 -0.04120143264686555

2.3706130686011759 -0.04120143264686555
2.3643746131574885 -0.042886450163534526

2.3643746131574885 -0.042886450163534526
2.3615379431334107 -0.043669188105811128

2.3615379431334107 -0.043669188105811128
2.3581361577138011 -0.044601756405474272

2.3581361577138011 -0.044601756405474272
2.3518977022701137 -0.046261087438445654

2.3518977022701137 -0.046261087438445654
2.3456592468264268 -0.047919181129604298

2.3456592468264268 -0.047919181129604298
2.3394207913827394 -0.049548437780008087

2.3394207913827394 -0.049548437780008087
2.3381018556922841 -0.049907643549498434

2.3381018556922841 -0.049907643549498434
2.333182335939052 -0.051196416110283999

2.333182335939052 -0.051196416110283999
2.3269438804953646 -0.052808067426633458

2.3269438804953646 -0.052808067426633458
2.3207054250516772 -0.054409288600409042

2.3207054250516772 -0.054409288600409042
2.3144669696079903 -0.055988146138293865

2.3144669696079903 -0.055988146138293865
2.3138729301874261 -0.056146098993185733

2.3138729301874261 -0.056146098993185733
2.3082285141643029 -0.057569875798058584

2.3082285141643029 -0.057569875798058584
2.3019900587206155 -0.059127633386893794

2.3019900587206155 -0.059127633386893794
2.2957516032769281 -0.060672051480067199

2.2957516032769281 -0.060672051480067199
2.2895131478332407 -0.062193282351398912

2.2895131478332407 -0.062193282351398912
2.288763276094798 -0.06238455443687304

2.288763276094798 -0.06238455443687304
2.2832746923895537 -0.063719480277602561

2.2832746923895537 -0.063719480277602561
2.2770362369458663 -0.06522018503880686

2.2770362369458663 -0.06522018503880686
2.2707977815021789 -0.066707907719187609

2.2707977815021789 -0.066707907719187609
2.2645593260584915 -0.068168512383403171

2.2645593260584915 -0.068168512383403171
2.2626722179079835 -0.068623009880560346

2.2626722179079835 -0.068623009880560346
2.2583208706148041 -0.069646360833579835

2.2583208706148041 -0.069646360833579835
2.2520824151711172 -0.07108621323354343

2.2520824151711172 -0.07108621323354343
2.2458439597274298 -0.072517383778440928

2.2458439597274298 -0.072517383778440928
2.2396055042837424 -0.073928369517718279

2.2396055042837424 -0.073928369517718279
2.2354836007977452 -0.074861465324247659

2.2354836007977452 -0.074861465324247659
2.233367048840055 -0.075349334128109083

2.233367048840055 -0.075349334128109083
2.2271285933963676 -0.076726234176718908

2.2271285933963676 -0.076726234176718908
2.2208901379526806 -0.078100984305065124

2.2208901379526806 -0.078100984305065124
2.2146516825089932 -0.079461661634655054

2.2146516825089932 -0.079461661634655054
2.2084132270653059 -0.080798414071676872

2.2084132270653059 -0.080798414071676872
2.2070480098012131 -0.081099920767934958

2.2070480098012131 -0.081099920767934958
2.2021747716216185 -0.082143463646575113

2.2021747716216185 -0.082143463646575113
2.1959363161779315 -0.08345930935818488

2.1959363161779315 -0.08345930935818488
2.1896978607342441 -0.084763761617365471

2.1896978607342441 -0.084763761617365471
2.1834594052905567 -0.086054207845672387

2.1834594052905567 -0.086054207845672387
2.1772209498468693 -0.087330212043850788

2.1772209498468693 -0.087330212043850788
2.1771826306980966 -0.087338376211622271

2.1771826306980966 -0.087338376211622271
2.1709824944031819 -0.088592982768731843

2.1709824944031819 -0.088592982768731843
2.164744038959495 -0.089841333226098885

2.164744038959495 -0.089841333226098885
2.1585055835158076 -0.091075715529371687

2.1585055835158076 -0.091075715529371687
2.1522671280721202 -0.092296130124369061

2.1522671280721202 -0.092296130124369061
2.1460286726284328 -0.093499309308844633

2.1460286726284328 -0.093499309308844633
2.145640258269105 -0.09357683165530957

2.145640258269105 -0.09357683165530957
2.1397902171847454 -0.094695237834430207

2.1397902171847454 -0.094695237834430207
2.1335517617410584 -0.095873530982850078

2.1335517617410584 -0.095873530982850078
2.127313306297371 -0.097038090802571253

2.127313306297371 -0.097038090802571253
2.1210748508536836 -0.098188726608031685

2.1210748508536836 -0.098188726608031685
2.1148363954099962 -0.099318284642491747

2.1148363954099962 -0.099318284642491747
2.112114898111261 -0.099815287098996869

2.112114898111261 -0.099815287098996869
2.1085979399663088 -0.10045365896894425

2.1085979399663088 -0.10045365896894425
2.1023594845226219 -0.10155712227142255

2.1023594845226219 -0.10155712227142255
2.0961210290789345 -0.10265210577708112

2.0961210290789345 -0.10265210577708112
2.0898825736352471 -0.10373321792305312

2.0898825736352471 -0.10373321792305312
2.0836441181915597 -0.10480044520747989

2.0836441181915597 -0.10480044520747989
2.0774056627478723 -0.10584819859987869

2.0774056627478723 -0.10584819859987869
2.0762059289757984 -0.10605374254268418

2.0762059289757984 -0.10605374254268418
2.0711672073041854 -0.10689459523426161

2.0711672073041854 -0.10689459523426161
2.064928751860498 -0.1079189653318053

2.064928751860498 -0.1079189653318053
2.0586902964168106 -0.10893077311498016

2.0586902964168106 -0.10893077311498016
2.0524518409731232 -0.10992876274433624

2.0524518409731232 -0.10992876274433624
2.0462133855294358 -0.11091294168447483

2.0462133855294358 -0.11091294168447483
2.0399749300857488 -0.11187807136432437

2.0399749300857488 -0.11187807136432437
2.0373084576913771 -0.11229219798637148

2.0373084576913771 -0.11229219798637148
2.0337364746420614 -0.1128436944443974

2.0337364746420614 -0.1128436944443974
2.027498019198374 -0.11378262930390527

2.027498019198374 -0.11378262930390527
2.0212595637546866 -0.11471160973870219

2.0212595637546866 -0.11471160973870219
2.0150211083109997 -0.11562681971870707

2.0150211083109997 -0.11562681971870707
2.0087826528673123 -0.11652827422215037

2.0087826528673123 -0.11652827422215037
2.0025441974236249 -0.11741595989991747

2.0025441974236249 -0.11741595989991747
1.9963057419799373 -0.11828548921656873

1.9963057419799373 -0.11828548921656873
1.9945599202858197 -0.11853065343005878

1.9945599202858197 -0.11853065343005878
1.9900672865362501 -0.1191517737058549

1.9900672865362501 -0.1191517737058549
1.9838288310925627 -0.11999659708490325

1.9838288310925627 -0.11999659708490325
1.9775903756488755 -0.12082934670539737

1.9775903756488755 -0.12082934670539737
1.9713519202051881 -0.12164838938717068

1.9713519202051881 -0.12164838938717068
1.9651134647615007 -0.12245372462177619

1.9651134647615007 -0.12245372462177619
1.9588750093178136 -0.12324536725473206

1.9588750093178136 -0.12324536725473206
1.9526365538741262 -0.12402329230481689

1.9526365538741262 -0.12402329230481689
1.9465487989543298 -0.12476910887374609

1.9465487989543298 -0.12476910887374609
1.946398098430439 -0.1247881202741742

1.946398098430439 -0.1247881202741742
1.9401596429867516 -0.12553815389427442

1.9401596429867516 -0.12553815389427442
1.9339211875430642 -0.1262750663152421

1.9339211875430642 -0.1262750663152421
1.927682732099377 -0.1269983273223366

1.927682732099377 -0.1269983273223366
1.9214442766556896 -0.12770793897110294

1.9214442766556896 -0.12770793897110294
1.9152058212120024 -0.12840391360661024

1.9152058212120024 -0.12840391360661024
1.908967365768315 -0.12908625070602309

1.908967365768315 -0.12908625070602309
1.9027289103246279 -0.12975495823534391

1.9027289103246279 -0.12975495823534391
1.8964904548809405 -0.13040996091438256

1.8964904548809405 -0.13040996091438256
1.8906792690783158 -0.13100756431743338

1.8906792690783158 -0.13100756431743338
1.8902519994372531 -0.13105248780495793

1.8902519994372531 -0.13105248780495793
1.8840135439935659 -0.13167934598972425

1.8840135439935659 -0.13167934598972425
1.8777750885498785 -0.13229359575696939

1.8777750885498785 -0.13229359575696939
1.8715366331061913 -0.13289424815146425

1.8715366331061913 -0.13289424815146425
1.8652981776625039 -0.13348131254518938

1.8652981776625039 -0.13348131254518938
1.8590597222188165 -0.13405479024972491

1.8590597222188165 -0.13405479024972491
1.8528212667751294 -0.13461469359892794

1.8528212667751294 -0.13461469359892794
1.846582811331442 -0.13516102348000386

1.846582811331442 -0.13516102348000386
1.8403443558877548 -0.13569379614662658

1.8403443558877548 -0.13569379614662658
1.8341059004440674 -0.13621300663105979

1.8341059004440674 -0.13621300663105979
1.82786744500038 -0.13671865661423308

1.82786744500038 -0.13671865661423308
1.8216289895566928 -0.13721015471755851

1.8216289895566928 -0.13721015471755851
1.8211692535746729 -0.13724601976112069

1.8211692535746729 -0.13724601976112069
1.8153905341130054 -0.13768933668408909

1.8153905341130054 -0.13768933668408909
1.8091520786693183 -0.13815431204959533

1.8091520786693183 -0.13815431204959533
1.8029136232256309 -0.13860579424049432

1.8029136232256309 -0.13860579424049432
1.7966751677819437 -0.13904374949799803

1.7966751677819437 -0.13904374949799803
1.7904367123382563 -0.13946817812699047

1.7904367123382563 -0.13946817812699047
1.7841982568945689 -0.13987908476438699

1.7841982568945689 -0.13987908476438699
1.7779598014508817 -0.14027647408953617

1.7779598014508817 -0.14027647408953617
1.7717213460071943 -0.14066034916394068

1.7717213460071943 -0.14066034916394068
1.7654828905635072 -0.14103072133616151

1.7654828905635072 -0.14103072133616151
1.7592444351198198 -0.14138759152187924

1.7592444351198198 -0.14138759152187924
1.7530059796761324 -0.14173096936811949

1.7530059796761324 -0.14173096936811949
1.7467675242324452 -0.14206085245295216

1.7467675242324452 -0.14206085245295216
1.7405290687887578 -0.14237724445385938

1.7405290687887578 -0.14237724445385938
1.7342906133450706 -0.14268013985508671

1.7342906133450706 -0.14268013985508671
1.7280521579013832 -0.14296954107653456

1.7280521579013832 -0.14296954107653456
1.721813702457696 -0.1432454347898123

1.721813702457696 -0.1432454347898123
1.716132072115798 -0.14348447520480798

1.716132072115798 -0.14348447520480798
1.7155752470140087 -0.14350809998159239

1.7155752470140087 -0.14350809998159239
1.7093367915703213 -0.14375687064584683

1.7093367915703213 -0.14375687064584683
1.7030983361266341 -0.14399237729816983

1.7030983361266341 -0.14399237729816983
1.6968598806829467 -0.14421441889380096

1.6968598806829467 -0.14421441889380096
1.6906214252392595 -0.14442298983177507

1.6906214252392595 -0.14442298983177507
1.6843829697955721 -0.14461809252045427

1.6843829697955721 -0.14461809252045427
1.6781445143518847 -0.14479971804081496

1.6781445143518847 -0.14479971804081496
1.6719060589081975 -0.14496786803777564

1.6719060589081975 -0.14496786803777564
1.6656676034645101 -0.14512256298995641

1.6656676034645101 -0.14512256298995641
1.659429148020823 -0.14526380422486637

1.659429148020823 -0.14526380422486637
1.6531906925771356 -0.14539159514392766

1.6531906925771356 -0.14539159514392766
1.6469522371334482 -0.14550593708438395

1.6469522371334482 -0.14550593708438395
1.640713781689761 -0.14560683118919007

1.640713781689761 -0.14560683118919007
1.6344753262460736 -0.145694274433668

1.6344753262460736 -0.145694274433668
1.6282368708023864 -0.14576826773844703

1.6282368708023864 -0.14576826773844703
1.621998415358699 -0.14582879107485081

1.621998415358699 -0.14582879107485081
1.6157599599150119 -0.14587584498335876

1.6157599599150119 -0.14587584498335876
1.6095215044713245 -0.14590945424301277

1.6095215044713245 -0.14590945424301277
1.6032830490276371 -0.14592961919950501

1.6032830490276371 -0.14592961919950501
1.5970445935839499 -0.1459363408191513

1.5970445935839499 -0.1459363408191513
1.5908061381402625 -0.14592961919950501

1.5908061381402625 -0.14592961919950501
1.5845676826965753 -0.14590945424301277

1.5845676826965753 -0.14590945424301277
1.5783292272528879 -0.14587584498335876

1.5783292272528879 -0.14587584498335876
1.5720907718092005 -0.14582879107485081

1.5720907718092005 -0.14582879107485081
1.5658523163655134 -0.14576826773844687

1.5658523163655134 -0.14576826773844687
1.559613860921826 -0.1456942744336675

1.559613860921826 -0.1456942744336675
1.5533754054781388 -0.1456068311891896

1.5533754054781388 -0.1456068311891896
1.5471369500344514 -0.14550593708438381

1.5471369500344514 -0.14550593708438381
1.5408984945907642 -0.14539159514392766

1.5408984945907642 -0.14539159514392766
1.5346600391470768 -0.14526380422486612

1.5346600391470768 -0.14526380422486612
1.5284215837033894 -0.14512256298995557

1.5284215837033894 -0.14512256298995557
1.5221831282597023 -0.14496786803777481

1.5221831282597023 -0.14496786803777481
1.5159446728160149 -0.14479971804081468

1.5159446728160149 -0.14479971804081468
1.5097062173723277 -0.14461809252045427

1.5097062173723277 -0.14461809252045427
1.5034677619286403 -0.14442298983177507

1.5034677619286403 -0.14442298983177507
1.4972293064849529 -0.14421441889380096

1.4972293064849529 -0.14421441889380096
1.4909908510412657 -0.14399237729816983

1.4909908510412657 -0.14399237729816983
1.4847523955975783 -0.14375687064584666

1.4847523955975783 -0.14375687064584666
1.4785139401538911 -0.14350809998159186

1.4785139401538911 -0.14350809998159186
1.4779571150521136 -0.14348447520480798

1.4779571150521136 -0.14348447520480798
1.4722754847102038 -0.1432454347898118

1.4722754847102038 -0.1432454347898118
1.4660370292665164 -0.1429695410765344

1.4660370292665164 -0.1429695410765344
1.4597985738228292 -0.14268013985508671

1.4597985738228292 -0.14268013985508671
1.4535601183791418 -0.14237724445385935

1.4535601183791418 -0.14237724445385935
1.4473216629354546 -0.14206085245295216

1.4473216629354546 -0.14206085245295216
1.4410832074917672 -0.14173096936811949

1.4410832074917672 -0.14173096936811949
1.43484475204808 -0.14138759152187924

1.43484475204808 -0.14138759152187924
1.4286062966043926 -0.14103072133616151

1.4286062966043926 -0.14103072133616151
1.4223678411607052 -0.14066034916394066

1.4223678411607052 -0.14066034916394066
1.4161293857170181 -0.14027647408953614

1.4161293857170181 -0.14027647408953614
1.4098909302733307 -0.13987908476438696

1.4098909302733307 -0.13987908476438696
1.4036524748296435 -0.13946817812698992

1.4036524748296435 -0.13946817812698992
1.3974140193859561 -0.13904374949799639

1.3974140193859561 -0.13904374949799639
1.3911755639422687 -0.13860579424049269

1.3911755639422687 -0.13860579424049269
1.3849371084985815 -0.13815431204959477

1.3849371084985815 -0.13815431204959477
1.3786986530548941 -0.13768933668408909

1.3786986530548941 -0.13768933668408909
1.3729199335932272 -0.13724601976112069

1.3729199335932272 -0.13724601976112069
1.372460197611207 -0.13721015471755851

1.372460197611207 -0.13721015471755851
1.3662217421675196 -0.13671865661423305

1.3662217421675196 -0.13671865661423305
1.3599832867238324 -0.13621300663105979

1.3599832867238324 -0.13621300663105979
1.353744831280145 -0.13569379614662655

1.353744831280145 -0.13569379614662655
1.3475063758364576 -0.13516102348000386

1.3475063758364576 -0.13516102348000386
1.3412679203927704 -0.13461469359892791

1.3412679203927704 -0.13461469359892791
1.335029464949083 -0.13405479024972489

1.335029464949083 -0.13405479024972489
1.3287910095053959 -0.13348131254518936

1.3287910095053959 -0.13348131254518936
1.3225525540617085 -0.13289424815146419

1.3225525540617085 -0.13289424815146419
1.3163140986180211 -0.13229359575696936

1.3163140986180211 -0.13229359575696936
1.3100756431743339 -0.13167934598972422

1.3100756431743339 -0.13167934598972422
1.3038371877306465 -0.1310524878049579

1.3038371877306465 -0.1310524878049579
1.303409918089584 -0.13100756431743338

1.303409918089584 -0.13100756431743338
1.2975987322869593 -0.13040996091438253

1.2975987322869593 -0.13040996091438253
1.2913602768432719 -0.12975495823534389

1.2913602768432719 -0.12975495823534389
1.2851218213995845 -0.12908625070602306

1.2851218213995845 -0.12908625070602306
1.2788833659558974 -0.12840391360661024

1.2788833659558974 -0.12840391360661024
1.27264491051221 -0.12770793897110291

1.27264491051221 -0.12770793897110291
1.2664064550685228 -0.12699832732233657

1.2664064550685228 -0.12699832732233657
1.2601679996248354 -0.12627506631524207

1.2601679996248354 -0.12627506631524207
1.2539295441811482 -0.12553815389427439

1.2539295441811482 -0.12553815389427439
1.2476910887374608 -0.12478812027417417

1.2476910887374608 -0.12478812027417417
1.2475403882135703 -0.12476910887374609

1.2475403882135703 -0.12476910887374609
1.2414526332937734 -0.12402329230481686

1.2414526332937734 -0.12402329230481686
1.2352141778500862 -0.12324536725473204

1.2352141778500862 -0.12324536725473204
1.2289757224063989 -0.12245372462177598

1.2289757224063989 -0.12245372462177598
1.2227372669627117 -0.12164838938717004

1.2227372669627117 -0.12164838938717004
1.2164988115190243 -0.12082934670539637

1.2164988115190243 -0.12082934670539637
1.2102603560753369 -0.11999659708490211

1.2102603560753369 -0.11999659708490211
1.2040219006316497 -0.11915177370585407

1.2040219006316497 -0.11915177370585407
1.1995292668820829 -0.11853065343005878

1.1995292668820829 -0.11853065343005878
1.1977834451879623 -0.11828548921656847

1.1977834451879623 -0.11828548921656847
1.1915449897442751 -0.11741595989991746

1.1915449897442751 -0.11741595989991746
1.1853065343005877 -0.11652827422215035

1.1853065343005877 -0.11652827422215035
1.1790680788569006 -0.11562681971870706

1.1790680788569006 -0.11562681971870706
1.1728296234132132 -0.11471160973870217

1.1728296234132132 -0.11471160973870217
1.1665911679695258 -0.11378262930390523

1.1665911679695258 -0.11378262930390523
1.1603527125258386 -0.11284369444439736

1.1603527125258386 -0.11284369444439736
1.1567807294765231 -0.11229219798637148

1.1567807294765231 -0.11229219798637148
1.1541142570821512 -0.11187807136432436

1.1541142570821512 -0.11187807136432436
1.147875801638464 -0.1109129416844748

1.147875801638464 -0.1109129416844748
1.1416373461947766 -0.10992876274433622

1.1416373461947766 -0.10992876274433622
1.1353988907510892 -0.10893077311498005

1.1353988907510892 -0.10893077311498005
1.1291604353074021 -0.10791896533180499

1.1291604353074021 -0.10791896533180499
1.1229219798637147 -0.10689459523426123

1.1229219798637147 -0.10689459523426123
1.1178832581921043 -0.10605374254268418

1.1178832581921043 -0.10605374254268418
1.1166835244200275 -0.10584819859987817

1.1166835244200275 -0.10584819859987817
1.1104450689763401 -0.10480044520747887

1.1104450689763401 -0.10480044520747887
1.1042066135326529 -0.10373321792305222

1.1042066135326529 -0.10373321792305222
1.0979681580889655 -0.10265210577708082

1.0979681580889655 -0.10265210577708082
1.0917297026452781 -0.10155712227142251

1.0917297026452781 -0.10155712227142251
1.085491247201591 -0.10045365896894422

1.085491247201591 -0.10045365896894422
1.0819742890566391 -0.099815287098996869

1.0819742890566391 -0.099815287098996869
1.0792527917579036 -0.099318284642491719

1.0792527917579036 -0.099318284642491719
1.0730143363142164 -0.098188726608031657

1.0730143363142164 -0.098188726608031657
1.066775880870529 -0.097038090802571211

1.066775880870529 -0.097038090802571211
1.0605374254268416 -0.095873530982850036

1.0605374254268416 -0.095873530982850036
1.0542989699831544 -0.094695237834429277

1.0542989699831544 -0.094695237834429277
1.0484489288988095 -0.09357683165530957

1.0484489288988095 -0.09357683165530957
1.048060514539467 -0.093499309308841524

1.048060514539467 -0.093499309308841524
1.0418220590957799 -0.092296130124365869

1.0418220590957799 -0.092296130124365869
1.0355836036520925 -0.091075715529370549

1.0355836036520925 -0.091075715529370549
1.0293451482084051 -0.089841333226098857

1.0293451482084051 -0.089841333226098857
1.0231066927647179 -0.088592982768731801

1.0231066927647179 -0.088592982768731801
1.0169065564698032 -0.087338376211622271

1.0169065564698032 -0.087338376211622271
1.0168682373210305 -0.087330212043850761

1.0168682373210305 -0.087330212043850761
1.0106297818773433 -0.086054207845672401

1.0106297818773433 -0.086054207845672401
1.0043913264336559 -0.084763761617365124

1.0043913264336559 -0.084763761617365124
0.99815287098996874 -0.083459309358183173

0.99815287098996874 -0.083459309358183173
0.99191441554628135 -0.082143463646572129

0.99191441554628135 -0.082143463646572129
0.9870411773667026 -0.081099920767934958

0.9870411773667026 -0.081099920767934958
0.98567596010259406 -0.080798414071673402

0.98567596010259406 -0.080798414071673402
0.97943750465890678 -0.079461661634650904

0.97943750465890678 -0.079461661634650904
0.97319904921521938 -0.07810098430506128

0.97319904921521938 -0.07810098430506128
0.9669605937715321 -0.076726234176717978

0.9669605937715321 -0.076726234176717978
0.96072213832784481 -0.075349334128110165

0.96072213832784481 -0.075349334128110165
0.9586055863701487 -0.074861465324247659

0.9586055863701487 -0.074861465324247659
0.95448368288415752 -0.073928369517720083

0.95448368288415752 -0.073928369517720083
0.94824522744047024 -0.072517383778444827

0.94824522744047024 -0.072517383778444827
0.94200677199678295 -0.071086213233547163

0.94200677199678295 -0.071086213233547163
0.93576831655309556 -0.069646360833579168

0.93576831655309556 -0.069646360833579168
0.93141696925992634 -0.068623009880560346

0.93141696925992634 -0.068623009880560346
0.92952986110940827 -0.068168512383400118

0.92952986110940827 -0.068168512383400118
0.92329140566572099 -0.066707907719187845

0.92329140566572099 -0.066707907719187845
0.9170529502220337 -0.065220185038811149

0.9170529502220337 -0.065220185038811149
0.91081449477834642 -0.063719480277607821

0.91081449477834642 -0.063719480277607821
0.90532591107308891 -0.06238455443687304

0.90532591107308891 -0.06238455443687304
0.90457603933465913 -0.062193282351401771

0.90457603933465913 -0.062193282351401771
0.89833758389097174 -0.06067205148006731

0.89833758389097174 -0.06067205148006731
0.89209912844728445 -0.059127633386894009

0.89209912844728445 -0.059127633386894009
0.88586067300359717 -0.057569875798058827

0.88586067300359717 -0.057569875798058827
0.88021625698048089 -0.056146098993185733

0.88021625698048089 -0.056146098993185733
0.87962221755990988 -0.055988146138291853

0.87962221755990988 -0.055988146138291853
0.8733837621162226 -0.054409288600404518

0.8733837621162226 -0.054409288600404518
0.8671453066725352 -0.052808067426627629

0.8671453066725352 -0.052808067426627629
0.86090685122884791 -0.051196416110280522

0.86090685122884791 -0.051196416110280522
0.85598733147561534 -0.049907643549498434

0.85598733147561534 -0.049907643549498434
0.85466839578516063 -0.049548437780009211

0.85466839578516063 -0.049548437780009211
0.84842994034147334 -0.047919181129605935

0.84842994034147334 -0.047919181129605935
0.84219148489778606 -0.046261087438446001

0.84219148489778606 -0.046261087438446001
0.83595302945409877 -0.044601756405475472

0.83595302945409877 -0.044601756405475472
0.83255124403448211 -0.043669188105811128

0.83255124403448211 -0.043669188105811128
0.82971457401041138 -0.042886450163537107

0.82971457401041138 -0.042886450163537107
0.82347611856672409 -0.041201432646867139

0.82347611856672409 -0.041201432646867139
0.81723766312303681 -0.039486371746574309

0.81723766312303681 -0.039486371746574309
0.81099920767934952 -0.037772842239391674

0.81099920767934952 -0.037772842239391674
0.80983134119682532 -0.037430732662123822

0.80983134119682532 -0.037430732662123822
0.80476075223566224 -0.036010032639137171

0.80476075223566224 -0.036010032639137171
0.79852229679197495 -0.034255736518025166

0.79852229679197495 -0.034255736518025166
0.79228384134828755 -0.032490814062750832

0.79228384134828755 -0.032490814062750832
0.78777337910017542 -0.031192277218436523

0.78777337910017542 -0.031192277218436523
0.78604538590460027 -0.030678141803801177

0.78604538590460027 -0.030678141803801177
0.77980693046091298 -0.028896856947590595

0.77980693046091298 -0.028896856947590595
0.7735684750172257 -0.027082065335488931

0.7735684750172257 -0.027082065335488931
0.76733001957353841 -0.0252693694453308

0.76733001957353841 -0.0252693694453308
0.76631716207507694 -0.024953821774749217

0.76631716207507694 -0.024953821774749217
0.76109156412985113 -0.023406723972309862

0.76109156412985113 -0.023406723972309862
0.75485310868616373 -0.021552239079908133

0.75485310868616373 -0.021552239079908133
0.74861465324247645 -0.019698178389975465

0.74861465324247645 -0.019698178389975465
0.74542179000269504 -0.018715366331061915

0.74542179000269504 -0.018715366331061915
0.74237619779878916 -0.017775898574526178

0.74237619779878916 -0.017775898574526178
0.73613774235510188 -0.015894299039409605

0.73613774235510188 -0.015894299039409605
0.72989928691141459 -0.013985494647675107

0.72989928691141459 -0.013985494647675107
0.72503773593569154 -0.012476910887374609

0.72503773593569154 -0.012476910887374609
0.72366083146772731 -0.012030154983142152

0.72366083146772731 -0.012030154983142152
0.71742237602403991 -0.010108303212574749

0.71742237602403991 -0.010108303212574749
0.71118392058035262 -0.008151469929819511

0.71118392058035262 -0.008151469929819511
0.70512987890834167 -0.0062384554436873043

0.70512987890834167 -0.0062384554436873043
0.70494546513666534 -0.0061754840645646932

0.70494546513666534 -0.0061754840645646932
0.69870700969297805 -0.0041947555119968682

0.69870700969297805 -0.0041947555119968682
0.69246855424929077 -0.0021951900684468971

0.69246855424929077 -0.0021951900684468971
0.68623009880560337 -0.00019465908141947196

0.68623009880560337 -0.00019465908141947196
0.68567139916940645 0

0.68567139916940645 0
0.67999164336191609 0.0018473845353396056

0.67999164336191609 0.0018473845353396056
0.6737531879182288 0.003887988411576121

0.6737531879182288 0.003887988411576121
0.66751473247454152 0.0059247663586378709

0.66751473247454152 0.0059247663586378709
0.66662680817559961 0.0062384554436873034

0.66662680817559961 0.0062384554436873034
0.66127627703085423 0.0080168925794154473

0.66127627703085423 0.0080168925794154473
0.65503782158716695 0.010097886941110218

0.65503782158716695 0.010097886941110218
0.64879936614347955 0.01217676346496728

0.64879936614347955 0.01217676346496728
0.64796894144033801 0.012476910887374609

0.64796894144033801 0.012476910887374609
0.64256091069979226 0.014310563961111151

0.64256091069979226 0.014310563961111151
0.63632245525610498 0.016433686808885954

0.63632245525610498 0.016433686808885954
0.63008399981241769 0.018561882289794066

0.63008399981241769 0.018561882289794066
0.62967277428896684 0.018715366331061911

0.62967277428896684 0.018715366331061911
0.62384554436873041 0.020727881933412483

0.62384554436873041 0.020727881933412483
0.61760708892504312 0.022894060256711958

0.61760708892504312 0.022894060256711958
0.61171756550950873 0.024953821774749217

0.61171756550950873 0.024953821774749217
0.61136863348135573 0.02508616888663788

0.61136863348135573 0.02508616888663788
0.60513017803766844 0.027270885847531588

0.60513017803766844 0.027270885847531588
0.59889172259398116 0.029471575231629465

0.59889172259398116 0.029471575231629465
0.59408374620413851 0.03119227721843652

0.59408374620413851 0.03119227721843652
0.59265326715029387 0.031730444292944908

0.59265326715029387 0.031730444292944908
0.58641481170660659 0.033937889307432162

0.58641481170660659 0.033937889307432162
0.5801763562629193 0.036164076664733938

0.5801763562629193 0.036164076664733938
0.57674825878425839 0.037430732662123829

0.57674825878425839 0.037430732662123829
0.57393790081923191 0.038479025787417034

0.57393790081923191 0.038479025787417034
0.56769944537554462 0.040726626478834071

0.56769944537554462 0.040726626478834071
0.56146098993185733 0.042983855495559088

0.56146098993185733 0.042983855495559088
0.55969207961141976 0.043669188105811135

0.55969207961141976 0.043669188105811135
0.55522253448817005 0.045331607923149386

0.55522253448817005 0.045331607923149386
0.54898407904448276 0.047635253664494052

0.54898407904448276 0.047635253664494052
0.54289812587008923 0.049907643549498434

0.54289812587008923 0.049907643549498434
0.54274562360079548 0.049970151328548117

0.54274562360079548 0.049970151328548117
0.53650716815710808 0.052306892461392779

0.53650716815710808 0.052306892461392779
0.5302687127134208 0.054642240455500993

0.5302687127134208 0.054642240455500993
0.52635881218371938 0.05614609899318574

0.52635881218371938 0.05614609899318574
0.52403025726973351 0.057064357175841303

0.52403025726973351 0.057064357175841303
0.51779180182604623 0.05941082810654727

0.51779180182604623 0.05941082810654727
0.51155334638235894 0.061770081061819693

0.51155334638235894 0.061770081061819693
0.51004811100679337 0.06238455443687304

0.51004811100679337 0.06238455443687304
0.50531489093867166 0.064220326928987798

0.50531489093867166 0.064220326928987798
0.49907643549498432 0.066621952134952117

0.49907643549498432 0.066621952134952117
0.49395591751640355 0.068623009880560346

0.49395591751640355 0.068623009880560346
0.49283798005129703 0.069089232378663948

0.49283798005129703 0.069089232378663948
0.48659952460760975 0.071501152091900319

0.48659952460760975 0.071501152091900319
0.48036106916392246 0.073918352002676324

0.48036106916392246 0.073918352002676324
0.47806946666182271 0.074861465324247645

0.47806946666182271 0.074861465324247645
0.47412261372023512 0.076443025903050729

0.47412261372023512 0.076443025903050729
0.46788415827654783 0.078896820584211838

0.46788415827654783 0.078896820584211838
0.46237031661503586 0.081099920767934958

0.46237031661503586 0.081099920767934958
0.46164570283286055 0.081413571593793532

0.46164570283286055 0.081413571593793532
0.45540724738917321 0.083889740148934563

0.45540724738917321 0.083889740148934563
0.44916879194548592 0.086362444802304095

0.44916879194548592 0.086362444802304095
0.44685124513195784 0.087338376211622257

0.44685124513195784 0.087338376211622257
0.44293033650179864 0.08894636186377973

0.44293033650179864 0.08894636186377973
0.4366918810581113 0.091451068110473446

0.4366918810581113 0.091451068110473446
0.4314927214490385 0.093576831655309556

0.4314927214490385 0.093576831655309556
0.43045342561442401 0.094032950763769496

0.43045342561442401 0.094032950763769496
0.42421497017073673 0.096554360904858375

0.42421497017073673 0.096554360904858375
0.41797651472704939 0.099077538348157246

0.41797651472704939 0.099077538348157246
0.41628567483757123 0.099815287098996869

0.41628567483757123 0.099815287098996869
0.4117380592833621 0.10170548309447247

0.4117380592833621 0.10170548309447247
0.40549960383967482 0.10425536470914444

0.40549960383967482 0.10425536470914444
0.40121423464013606 0.10605374254268417

0.40121423464013606 0.10605374254268417
0.39926114839598748 0.10690699135687745

0.39926114839598748 0.10690699135687745
0.39302269295230019 0.10946534043969952

0.39302269295230019 0.10946534043969952
0.38678423750861285 0.11205275308240105

0.38678423750861285 0.11205275308240105
0.38626352907956785 0.11229219798637147

0.38626352907956785 0.11229219798637147
0.38054578206492556 0.11469205503831063

0.38054578206492556 0.11469205503831063
0.37430732662123828 0.11727608211663865

0.37430732662123828 0.11727608211663865
0.37142316761215921 0.11853065343005878

0.37142316761215921 0.11853065343005878
0.36806887117755094 0.11997808355840403

0.36806887117755094 0.11997808355840403
0.36183041573386365 0.12257629685371152

0.36183041573386365 0.12257629685371152
0.35667295749665417 0.12476910887374608

0.35667295749665417 0.12476910887374608
0.35559196029017637 0.12526309106061817

0.35559196029017637 0.12526309106061817
0.34935350484648903 0.12787705761259013

0.34935350484648903 0.12787705761259013
0.34311504940280174 0.13049515654469446

0.34311504940280174 0.13049515654469446
0.34199940170777648 0.13100756431743341

0.34199940170777648 0.13100756431743341
0.33687659395911446 0.13319901123255859

0.33687659395911446 0.13319901123255859
0.33063813851542712 0.13582025237648263

0.33063813851542712 0.13582025237648263
0.32738456987782022 0.13724601976112069

0.32738456987782022 0.13724601976112069
0.32439968307173983 0.1385603345612505

0.32439968307173983 0.1385603345612505
0.31816122762805255 0.14118686743383932

0.31816122762805255 0.14118686743383932
0.31280784092799774 0.143484475204808

0.31280784092799774 0.143484475204808
0.3119227721843652 0.14389597423405412

0.3119227721843652 0.14389597423405412
0.30568431674067792 0.1465364974452959

0.30568431674067792 0.1465364974452959
0.29944586129699063 0.14917132132304362

0.29944586129699063 0.14917132132304362
0.29824853512665223 0.14972293064849532

0.29824853512665223 0.14972293064849532
0.29320740585330329 0.15189145412018726

0.29320740585330329 0.15189145412018726
0.28696895040961601 0.15452006303606022

0.28696895040961601 0.15452006303606022
0.2836812366878958 0.15596138609218263

0.2836812366878958 0.15596138609218263
0.28073049496592872 0.15726260695731653

0.28073049496592872 0.15726260695731653
0.27449203952224138 0.1598857084452103

0.27449203952224138 0.1598857084452103
0.26907834448979623 0.16219984153586992

0.26907834448979623 0.16219984153586992
0.2682535840785541 0.16258242823650504

0.2682535840785541 0.16258242823650504
0.26201512863486681 0.16520781812048602

0.26201512863486681 0.16520781812048602
0.25577667319117947 0.16781713439854679

0.25577667319117947 0.16781713439854679
0.25440420733509633 0.16843829697955723

0.25440420733509633 0.16843829697955723
0.24953821774749219 0.17050898406813425

0.24953821774749219 0.17050898406813425
0.24329976230380487 0.17310230789177269

0.24329976230380487 0.17310230789177269
0.23961849860218296 0.17467675242324454

0.23961849860218296 0.17467675242324454
0.23706130686011756 0.17579164155730742

0.23706130686011756 0.17579164155730742
0.23082285141643027 0.17835914681050111

0.23082285141643027 0.17835914681050111
0.2246760654664435 0.18091520786693183

0.2246760654664435 0.18091520786693183
0.22458439597274296 0.18095759111417686

0.22458439597274296 0.18095759111417686
0.21834594052905565 0.18353133150206297

0.21834594052905565 0.18353133150206297
0.21210748508536836 0.18605355495798889

0.21210748508536836 0.18605355495798889
0.20949998077852541 0.18715366331061914

0.20949998077852541 0.18715366331061914
0.20586902964168105 0.18865884430293414

0.20586902964168105 0.18865884430293414
0.19963057419799374 0.19114851094136884

0.19963057419799374 0.19114851094136884
0.19402562885582375 0.19339211875430645

0.19402562885582375 0.19339211875430645
0.19339211875430645 0.19366752669537143

0.19339211875430645 0.19366752669537143
0.18715366331061914 0.19611325327660192

0.18715366331061914 0.19611325327660192
0.18091520786693183 0.19851954980199643

0.18091520786693183 0.19851954980199643
0.17812189708040899 0.19963057419799374

0.17812189708040899 0.19963057419799374
0.17467675242324454 0.20098581049336248

0.17467675242324454 0.20098581049336248
0.16843829697955723 0.20333248163759901

0.16843829697955723 0.20333248163759901
0.16219984153586992 0.20565137680142748

0.16219984153586992 0.20565137680142748
0.16165406807332255 0.20586902964168105

0.16165406807332255 0.20586902964168105
0.15596138609218263 0.20796493254679818

0.15596138609218263 0.20796493254679818
0.14972293064849532 0.21021214417754902

0.14972293064849532 0.21021214417754902
0.14437147081909898 0.21210748508536836

0.14437147081909898 0.21210748508536836
0.143484475204808 0.21244252896346633

0.143484475204808 0.21244252896346633
0.13724601976112069 0.21457543203606472

0.13724601976112069 0.21457543203606472
0.13100756431743341 0.21667151964360198

0.13100756431743341 0.21667151964360198
0.12590924307815993 0.21834594052905565

0.12590924307815993 0.21834594052905565
0.12476910887374608 0.21874045413065116

0.12476910887374608 0.21874045413065116
0.11853065343005878 0.220699757404867

0.11853065343005878 0.220699757404867
0.11229219798637147 0.22261518152824838

0.11229219798637147 0.22261518152824838
0.10605374254268417 0.22445258411194702

0.10605374254268417 0.22445258411194702
0.10561854130172656 0.22458439597274296

0.10561854130172656 0.22458439597274296
0.099815287098996869 0.22623197984069052

0.099815287098996869 0.22623197984069052
0.093576831655309556 0.22792390309283794

0.093576831655309556 0.22792390309283794
0.087338376211622257 0.22953251758564544

0.087338376211622257 0.22953251758564544
0.082063744675183389 0.23082285141643027

0.082063744675183389 0.23082285141643027
0.081099920767934958 0.23106856596233477

0.081099920767934958 0.23106856596233477
0.074861465324247645 0.23248921192905223

0.074861465324247645 0.23248921192905223
0.068623009880560346 0.23382406665569375

0.068623009880560346 0.23382406665569375
0.06238455443687304 0.23505799302538929

0.06238455443687304 0.23505799302538929
0.05614609899318574 0.23618607091894897

0.05614609899318574 0.23618607091894897
0.05080565502605594 0.23706130686011756

0.05080565502605594 0.23706130686011756
0.049907643549498434 0.23721256114892267

0.049907643549498434 0.23721256114892267
0.043669188105811135 0.23811953067417602

0.043669188105811135 0.23811953067417602
0.037430732662123829 0.23891869973075097

0.037430732662123829 0.23891869973075097
0.03119227721843652 0.23960315815755487

0.03119227721843652 0.23960315815755487
0.024953821774749217 0.24016867158641308

0.024953821774749217 0.24016867158641308
0.018715366331061911 0.24060816016115036

0.018715366331061911 0.24060816016115036
0.012476910887374609 0.24091827360898233

0.012476910887374609 0.24091827360898233
0.0062384554436873034 0.24110212258491934

0.0062384554436873034 0.24110212258491934
0 0.24116313132080003

0 0.24116313132080003
-0.0062384554436873043 0.24110212258491934

-0.0062384554436873043 0.24110212258491934
-0.012476910887374609 0.24091827360898233

-0.012476910887374609 0.24091827360898233
-0.018715366331061915 0.24060816016115036

-0.018715366331061915 0.24060816016115036
-0.024953821774749217 0.24016867158641308

-0.024953821774749217 0.24016867158641308
-0.031192277218436523 0.23960315815755487

-0.031192277218436523 0.23960315815755487
-0.037430732662123822 0.238918699730751

-0.037430732662123822 0.238918699730751
-0.043669188105811128 0.23811953067417602

-0.043669188105811128 0.23811953067417602
-0.049907643549498434 0.23721256114892267

-0.049907643549498434 0.23721256114892267
-0.05080565502605594 0.23706130686011756

-0.05080565502605594 0.23706130686011756
-0.056146098993185733 0.23618607091894897

-0.056146098993185733 0.23618607091894897
-0.06238455443687304 0.23505799302538929

-0.06238455443687304 0.23505799302538929
-0.068623009880560346 0.23382406665569375

-0.068623009880560346 0.23382406665569375
-0.074861465324247659 0.23248921192905223

-0.074861465324247659 0.23248921192905223
-0.081099920767934958 0.23106856596233477

-0.081099920767934958 0.23106856596233477
-0.082063744675183403 0.23082285141643027

-0.082063744675183403 0.23082285141643027
-0.087338376211622271 0.22953251758564544

-0.087338376211622271 0.22953251758564544
-0.09357683165530957 0.22792390309283794

-0.09357683165530957 0.22792390309283794
-0.099815287098996869 0.22623197984069052

-0.099815287098996869 0.22623197984069052
-0.10561854130172657 0.22458439597274296

-0.10561854130172657 0.22458439597274296
-0.10605374254268418 0.22445258411194702

-0.10605374254268418 0.22445258411194702
-0.11229219798637148 0.22261518152824838

-0.11229219798637148 0.22261518152824838
-0.11853065343005878 0.220699757404867

-0.11853065343005878 0.220699757404867
-0.12476910887374609 0.21874045413065116

-0.12476910887374609 0.21874045413065116
-0.12590924307815995 0.21834594052905565

-0.12590924307815995 0.21834594052905565
-0.13100756431743338 0.21667151964360198

-0.13100756431743338 0.21667151964360198
-0.13724601976112069 0.21457543203606472

-0.13724601976112069 0.21457543203606472
-0.14348447520480798 0.21244252896346633

-0.14348447520480798 0.21244252896346633
-0.14437147081909896 0.21210748508536836

-0.14437147081909896 0.21210748508536836
-0.14972293064849529 0.21021214417754902

-0.14972293064849529 0.21021214417754902
-0.1559613860921826 0.20796493254679818

-0.1559613860921826 0.20796493254679818
-0.16165406807332255 0.20586902964168105

-0.16165406807332255 0.20586902964168105
-0.16219984153586992 0.20565137680142748

-0.16219984153586992 0.20565137680142748
-0.1684382969795572 0.20333248163759901

-0.1684382969795572 0.20333248163759901
-0.17467675242324451 0.20098581049336248

-0.17467675242324451 0.20098581049336248
-0.17812189708040896 0.19963057419799374

-0.17812189708040896 0.19963057419799374
-0.18091520786693183 0.19851954980199643

-0.18091520786693183 0.19851954980199643
-0.18715366331061911 0.19611325327660192

-0.18715366331061911 0.19611325327660192
-0.19339211875430642 0.19366752669537143

-0.19339211875430642 0.19366752669537143
-0.19402562885582375 0.19339211875430645

-0.19402562885582375 0.19339211875430645
-0.19963057419799374 0.19114851094136884

-0.19963057419799374 0.19114851094136884
-0.20586902964168102 0.18865884430293414

-0.20586902964168102 0.18865884430293414
-0.20949998077852539 0.18715366331061914

-0.20949998077852539 0.18715366331061914
-0.21210748508536834 0.18605355495798889

-0.21210748508536834 0.18605355495798889
-0.21834594052905565 0.18353133150206297

-0.21834594052905565 0.18353133150206297
-0.22458439597274293 0.18095759111417686

-0.22458439597274293 0.18095759111417686
-0.22467606546644348 0.18091520786693183

-0.22467606546644348 0.18091520786693183
-0.23082285141643025 0.17835914681050111

-0.23082285141643025 0.17835914681050111
-0.23706130686011756 0.17579164155730742

-0.23706130686011756 0.17579164155730742
-0.23961849860218293 0.17467675242324454

-0.23961849860218293 0.17467675242324454
-0.24329976230380485 0.17310230789177269

-0.24329976230380485 0.17310230789177269
-0.24953821774749216 0.17050898406813425

-0.24953821774749216 0.17050898406813425
-0.25440420733509633 0.16843829697955723

-0.25440420733509633 0.16843829697955723
-0.25577667319117947 0.16781713439854679

-0.25577667319117947 0.16781713439854679
-0.26201512863486676 0.16520781812048602

-0.26201512863486676 0.16520781812048602
-0.2682535840785541 0.16258242823650504

-0.2682535840785541 0.16258242823650504
-0.26907834448979623 0.16219984153586992

-0.26907834448979623 0.16219984153586992
-0.27449203952224138 0.15988570844521038

-0.27449203952224138 0.15988570844521038
-0.28073049496592867 0.15726260695731709

-0.28073049496592867 0.15726260695731709
-0.2836812366878978 0.15596138609218263

-0.2836812366878978 0.15596138609218263
-0.28696895040961601 0.15452006303606133

-0.28696895040961601 0.15452006303606133
-0.29320740585330329 0.15189145412018801

-0.29320740585330329 0.15189145412018801
-0.29824853512665278 0.14972293064849532

-0.29824853512665278 0.14972293064849532
-0.29944586129699058 0.14917132132304375

-0.29944586129699058 0.14917132132304375
-0.30568431674067792 0.1465364974452959

-0.30568431674067792 0.1465364974452959
-0.3119227721843652 0.14389597423405412

-0.3119227721843652 0.14389597423405412
-0.31280784092799774 0.143484475204808

-0.31280784092799774 0.143484475204808
-0.31816122762805249 0.14118686743383932

-0.31816122762805249 0.14118686743383932
-0.32439968307173983 0.1385603345612505

-0.32439968307173983 0.1385603345612505
-0.32738456987782022 0.13724601976112069

-0.32738456987782022 0.13724601976112069
-0.33063813851542712 0.13582025237648263

-0.33063813851542712 0.13582025237648263
-0.3368765939591144 0.13319901123255828

-0.3368765939591144 0.13319901123255828
-0.34199940170777432 0.13100756431743341

-0.34199940170777432 0.13100756431743341
-0.34311504940280174 0.13049515654469335

-0.34311504940280174 0.13049515654469335
-0.34935350484648903 0.127877057612589

-0.34935350484648903 0.127877057612589
-0.35559196029017631 0.12526309106061775

-0.35559196029017631 0.12526309106061775
-0.35667295749665334 0.12476910887374608

-0.35667295749665334 0.12476910887374608
-0.36183041573386365 0.12257629685371152

-0.36183041573386365 0.12257629685371152
-0.36806887117755094 0.11997808355840404

-0.36806887117755094 0.11997808355840404
-0.37142316761215916 0.11853065343005878

-0.37142316761215916 0.11853065343005878
-0.37430732662123822 0.11727608211663865

-0.37430732662123822 0.11727608211663865
-0.38054578206492556 0.11469205503831063

-0.38054578206492556 0.11469205503831063
-0.38626352907956785 0.11229219798637147

-0.38626352907956785 0.11229219798637147
-0.38678423750861285 0.11205275308240105

-0.38678423750861285 0.11205275308240105
-0.39302269295230013 0.10946534043969952

-0.39302269295230013 0.10946534043969952
-0.39926114839598748 0.10690699135687745

-0.39926114839598748 0.10690699135687745
-0.401214234640136 0.10605374254268417

-0.401214234640136 0.10605374254268417
-0.40549960383967476 0.10425536470914444

-0.40549960383967476 0.10425536470914444
-0.4117380592833621 0.10170548309447246

-0.4117380592833621 0.10170548309447246
-0.41628567483757123 0.099815287098996869

-0.41628567483757123 0.099815287098996869
-0.41797651472704939 0.099077538348157246

-0.41797651472704939 0.099077538348157246
-0.42421497017073667 0.096554360904858375

-0.42421497017073667 0.096554360904858375
-0.43045342561442401 0.094032950763769482

-0.43045342561442401 0.094032950763769482
-0.4314927214490385 0.093576831655309556

-0.4314927214490385 0.093576831655309556
-0.4366918810581113 0.091451068110473446

-0.4366918810581113 0.091451068110473446
-0.44293033650179858 0.08894636186377973

-0.44293033650179858 0.08894636186377973
-0.44685124513195779 0.087338376211622257

-0.44685124513195779 0.087338376211622257
-0.44916879194548592 0.086362444802304095

-0.44916879194548592 0.086362444802304095
-0.45540724738917321 0.083889740148934563

-0.45540724738917321 0.083889740148934563
-0.46164570283286049 0.081413571593793532

-0.46164570283286049 0.081413571593793532
-0.4623703166150358 0.081099920767934958

-0.4623703166150358 0.081099920767934958
-0.46788415827654783 0.078896820584211838

-0.46788415827654783 0.078896820584211838
-0.47412261372023512 0.076443025903050715

-0.47412261372023512 0.076443025903050715
-0.47806946666182265 0.074861465324247645

-0.47806946666182265 0.074861465324247645
-0.48036106916392241 0.073918352002676324

-0.48036106916392241 0.073918352002676324
-0.48659952460760975 0.071501152091900319

-0.48659952460760975 0.071501152091900319
-0.49283798005129703 0.069089232378663948

-0.49283798005129703 0.069089232378663948
-0.49395591751640355 0.068623009880560346

-0.49395591751640355 0.068623009880560346
-0.49907643549498432 0.066621952134952117

-0.49907643549498432 0.066621952134952117
-0.50531489093867166 0.064220326928987798

-0.50531489093867166 0.064220326928987798
-0.51004811100679348 0.06238455443687304

-0.51004811100679348 0.06238455443687304
-0.51155334638235905 0.061770081061819693

-0.51155334638235905 0.061770081061819693
-0.51779180182604634 0.05941082810654727

-0.51779180182604634 0.05941082810654727
-0.52403025726973362 0.057064357175841303

-0.52403025726973362 0.057064357175841303
-0.52635881218371949 0.05614609899318574

-0.52635881218371949 0.05614609899318574
-0.53026871271342091 0.054642240455500993

-0.53026871271342091 0.054642240455500993
-0.53650716815710819 0.052306892461392779

-0.53650716815710819 0.052306892461392779
-0.54274562360079548 0.049970151328548117

-0.54274562360079548 0.049970151328548117
-0.54289812587008923 0.049907643549498434

-0.54289812587008923 0.049907643549498434
-0.54898407904448288 0.047635253664494052

-0.54898407904448288 0.047635253664494052
-0.55522253448817016 0.045331607923149386

-0.55522253448817016 0.045331607923149386
-0.55969207961141987 0.043669188105811135

-0.55969207961141987 0.043669188105811135
-0.56146098993185745 0.042983855495559088

-0.56146098993185745 0.042983855495559088
-0.56769944537554473 0.040726626478834071

-0.56769944537554473 0.040726626478834071
-0.57393790081923202 0.038479025787417034

-0.57393790081923202 0.038479025787417034
-0.57674825878425839 0.037430732662123829

-0.57674825878425839 0.037430732662123829
-0.5801763562629193 0.036164076664733938

-0.5801763562629193 0.036164076664733938
-0.5864148117066067 0.033937889307432162

-0.5864148117066067 0.033937889307432162
-0.59265326715029398 0.031730444292944908

-0.59265326715029398 0.031730444292944908
-0.59408374620413862 0.03119227721843652

-0.59408374620413862 0.03119227721843652
-0.59889172259398127 0.029471575231629465

-0.59889172259398127 0.029471575231629465
-0.60513017803766855 0.027270885847531588

-0.60513017803766855 0.027270885847531588
-0.61136863348135584 0.02508616888663788

-0.61136863348135584 0.02508616888663788
-0.61171756550950884 0.024953821774749217

-0.61171756550950884 0.024953821774749217
-0.61760708892504312 0.022894060256711958

-0.61760708892504312 0.022894060256711958
-0.62384554436873052 0.020727881933412483

-0.62384554436873052 0.020727881933412483
-0.62967277428896695 0.018715366331061911

-0.62967277428896695 0.018715366331061911
-0.63008399981241781 0.018561882289794066

-0.63008399981241781 0.018561882289794066
-0.63632245525610509 0.016433686808885954

-0.63632245525610509 0.016433686808885954
-0.64256091069979238 0.014310563961111151

-0.64256091069979238 0.014310563961111151
-0.64796894144033812 0.012476910887374609

-0.64796894144033812 0.012476910887374609
-0.64879936614347966 0.01217676346496728

-0.64879936614347966 0.01217676346496728
-0.65503782158716695 0.010097886941110218

-0.65503782158716695 0.010097886941110218
-0.66127627703085434 0.0080168925794154473

-0.66127627703085434 0.0080168925794154473
-0.66662680817559972 0.0062384554436873034

-0.66662680817559972 0.0062384554436873034
-0.66751473247454163 0.0059247663586378709

-0.66751473247454163 0.0059247663586378709
-0.67375318791822891 0.003887988411576121

-0.67375318791822891 0.003887988411576121
-0.6799916433619162 0.0018473845353396056

-0.6799916433619162 0.0018473845353396056
-0.68567139916940656 0

-0.68567139916940656 0
-0.68623009880560348 -0.00019465908141947196

-0.68623009880560348 -0.00019465908141947196
-0.69246855424929077 -0.0021951900684468967

-0.69246855424929077 -0.0021951900684468967
-0.69870700969297816 -0.0041947555119968682

-0.69870700969297816 -0.0041947555119968682
-0.70494546513666545 -0.0061754840645646967

-0.70494546513666545 -0.0061754840645646967
-0.70512987890834178 -0.0062384554436873043

-0.70512987890834178 -0.0062384554436873043
-0.71118392058035274 -0.0081514699298195145

-0.71118392058035274 -0.0081514699298195145
-0.71742237602404002 -0.010108303212574749

-0.71742237602404002 -0.010108303212574749
-0.72366083146772731 -0.012030154983142152

-0.72366083146772731 -0.012030154983142152
-0.72503773593569154 -0.012476910887374609

-0.72503773593569154 -0.012476910887374609
-0.7298992869114147 -0.013985494647675107

-0.7298992869114147 -0.013985494647675107
-0.73613774235510199 -0.015894299039409605

-0.73613774235510199 -0.015894299039409605
-0.74237619779878927 -0.017775898574526182

-0.74237619779878927 -0.017775898574526182
-0.74542179000269515 -0.018715366331061915

-0.74542179000269515 -0.018715366331061915
-0.74861465324247656 -0.019698178389975462

-0.74861465324247656 -0.019698178389975462
-0.75485310868616384 -0.021552239079908133

-0.75485310868616384 -0.021552239079908133
-0.76109156412985113 -0.023406723972309862

-0.76109156412985113 -0.023406723972309862
-0.76631716207507705 -0.024953821774749217

-0.76631716207507705 -0.024953821774749217
-0.76733001957353852 -0.025269369445330796

-0.76733001957353852 -0.025269369445330796
-0.77356847501722581 -0.027082065335488931

-0.77356847501722581 -0.027082065335488931
-0.77980693046091309 -0.028896856947590595

-0.77980693046091309 -0.028896856947590595
-0.78604538590460038 -0.030678141803801177

-0.78604538590460038 -0.030678141803801177
-0.78777337910017553 -0.031192277218436523

-0.78777337910017553 -0.031192277218436523
-0.79228384134828767 -0.032490814062750832

-0.79228384134828767 -0.032490814062750832
-0.79852229679197495 -0.034255736518025166

-0.79852229679197495 -0.034255736518025166
-0.80476075223566235 -0.036010032639137171

-0.80476075223566235 -0.036010032639137171
-0.80983134119682543 -0.037430732662123822

-0.80983134119682543 -0.037430732662123822
-0.81099920767934963 -0.037772842239391674

-0.81099920767934963 -0.037772842239391674
-0.81723766312303692 -0.039486371746574309

-0.81723766312303692 -0.039486371746574309
-0.8234761185667242 -0.041201432646867139

-0.8234761185667242 -0.041201432646867139
-0.82971457401041149 -0.042886450163537107

-0.82971457401041149 -0.042886450163537107
-0.83255124403448211 -0.043669188105811128

-0.83255124403448211 -0.043669188105811128
-0.83595302945409877 -0.044601756405475472

-0.83595302945409877 -0.044601756405475472
-0.84219148489778617 -0.046261087438446001

-0.84219148489778617 -0.046261087438446001
-0.84842994034147345 -0.047919181129605935

-0.84842994034147345 -0.047919181129605935
-0.85466839578516074 -0.049548437780009211

-0.85466839578516074 -0.049548437780009211
-0.85598733147561545 -0.049907643549498434

-0.85598733147561545 -0.049907643549498434
-0.86090685122884802 -0.051196416110280522

-0.86090685122884802 -0.051196416110280522
-0.86714530667253531 -0.052808067426627629

-0.86714530667253531 -0.052808067426627629
-0.8733837621162226 -0.054409288600404518

-0.8733837621162226 -0.054409288600404518
-0.87962221755990999 -0.055988146138291853

-0.87962221755990999 -0.055988146138291853
-0.880216256980481 -0.056146098993185733

-0.880216256980481 -0.056146098993185733
-0.88586067300359728 -0.057569875798058827

-0.88586067300359728 -0.057569875798058827
-0.89209912844728456 -0.059127633386894009

-0.89209912844728456 -0.059127633386894009
-0.89833758389097185 -0.06067205148006731

-0.89833758389097185 -0.06067205148006731
-0.90457603933465913 -0.062193282351401778

-0.90457603933465913 -0.062193282351401778
-0.90532591107308891 -0.06238455443687304

-0.90532591107308891 -0.06238455443687304
-0.91081449477834653 -0.063719480277607821

-0.91081449477834653 -0.063719480277607821
-0.91705295022203381 -0.065220185038811149

-0.91705295022203381 -0.065220185038811149
-0.9232914056657211 -0.066707907719187845

-0.9232914056657211 -0.066707907719187845
-0.92952986110940838 -0.068168512383400118

-0.92952986110940838 -0.068168512383400118
-0.93141696925992645 -0.068623009880560346

-0.93141696925992645 -0.068623009880560346
-0.93576831655309567 -0.069646360833579168

-0.93576831655309567 -0.069646360833579168
-0.94200677199678295 -0.071086213233547163

-0.94200677199678295 -0.071086213233547163
-0.94824522744047035 -0.072517383778444827

-0.94824522744047035 -0.072517383778444827
-0.95448368288415764 -0.073928369517720083

-0.95448368288415764 -0.073928369517720083
-0.95860558637014881 -0.074861465324247659

-0.95860558637014881 -0.074861465324247659
-0.96072213832784492 -0.075349334128110165

-0.96072213832784492 -0.075349334128110165
-0.96696059377153221 -0.076726234176717978

-0.96696059377153221 -0.076726234176717978
-0.97319904921521949 -0.07810098430506128

-0.97319904921521949 -0.07810098430506128
-0.97943750465890678 -0.079461661634650904

-0.97943750465890678 -0.079461661634650904
-0.98567596010259417 -0.080798414071673402

-0.98567596010259417 -0.080798414071673402
-0.98704117736670272 -0.081099920767934958

-0.98704117736670272 -0.081099920767934958
-0.99191441554628146 -0.082143463646572129

-0.99191441554628146 -0.082143463646572129
-0.99815287098996874 -0.083459309358183187

-0.99815287098996874 -0.083459309358183187
-1.0043913264336561 -0.084763761617365124

-1.0043913264336561 -0.084763761617365124
-1.0106297818773433 -0.086054207845672401

-1.0106297818773433 -0.086054207845672401
-1.0168682373210307 -0.087330212043850761

-1.0168682373210307 -0.087330212043850761
-1.0169065564698034 -0.087338376211622271

-1.0169065564698034 -0.087338376211622271
-1.0231066927647179 -0.088592982768731801

-1.0231066927647179 -0.088592982768731801
-1.0293451482084053 -0.089841333226098857

-1.0293451482084053 -0.089841333226098857
-1.0355836036520925 -0.091075715529370549

-1.0355836036520925 -0.091075715529370549
-1.0418220590957799 -0.092296130124365869

-1.0418220590957799 -0.092296130124365869
-1.0480605145394672 -0.093499309308841511

-1.0480605145394672 -0.093499309308841511
-1.0484489288988097 -0.09357683165530957

-1.0484489288988097 -0.09357683165530957
-1.0542989699831544 -0.094695237834429277

-1.0542989699831544 -0.094695237834429277
-1.0605374254268418 -0.095873530982850036

-1.0605374254268418 -0.095873530982850036
-1.066775880870529 -0.097038090802571211

-1.066775880870529 -0.097038090802571211
-1.0730143363142164 -0.098188726608031657

-1.0730143363142164 -0.098188726608031657
-1.0792527917579038 -0.099318284642491719

-1.0792527917579038 -0.099318284642491719
-1.0819742890566393 -0.099815287098996869

-1.0819742890566393 -0.099815287098996869
-1.085491247201591 -0.10045365896894422

-1.085491247201591 -0.10045365896894422
-1.0917297026452784 -0.10155712227142251

-1.0917297026452784 -0.10155712227142251
-1.0979681580889655 -0.10265210577708082

-1.0979681580889655 -0.10265210577708082
-1.1042066135326529 -0.10373321792305222

-1.1042066135326529 -0.10373321792305222
-1.1104450689763403 -0.10480044520747887

-1.1104450689763403 -0.10480044520747887
-1.1166835244200275 -0.10584819859987817

-1.1166835244200275 -0.10584819859987817
-1.1178832581921045 -0.10605374254268418

-1.1178832581921045 -0.10605374254268418
-1.1229219798637149 -0.10689459523426123

-1.1229219798637149 -0.10689459523426123
-1.1291604353074021 -0.10791896533180499

-1.1291604353074021 -0.10791896533180499
-1.1353988907510895 -0.10893077311498005

-1.1353988907510895 -0.10893077311498005
-1.1416373461947766 -0.10992876274433622

-1.1416373461947766 -0.10992876274433622
-1.147875801638464 -0.1109129416844748

-1.147875801638464 -0.1109129416844748
-1.1541142570821514 -0.11187807136432436

-1.1541142570821514 -0.11187807136432436
-1.1567807294765231 -0.11229219798637148

-1.1567807294765231 -0.11229219798637148
-1.1603527125258386 -0.11284369444439737

-1.1603527125258386 -0.11284369444439737
-1.166591167969526 -0.11378262930390523

-1.166591167969526 -0.11378262930390523
-1.1728296234132132 -0.11471160973870217

-1.1728296234132132 -0.11471160973870217
-1.1790680788569006 -0.11562681971870706

-1.1790680788569006 -0.11562681971870706
-1.185306534300588 -0.11652827422215035

-1.185306534300588 -0.11652827422215035
-1.1915449897442751 -0.11741595989991746

-1.1915449897442751 -0.11741595989991746
-1.1977834451879625 -0.11828548921656847

-1.1977834451879625 -0.11828548921656847
-1.1995292668820829 -0.11853065343005878

-1.1995292668820829 -0.11853065343005878
-1.2040219006316497 -0.11915177370585407

-1.2040219006316497 -0.11915177370585407
-1.2102603560753371 -0.11999659708490211

-1.2102603560753371 -0.11999659708490211
-1.2164988115190243 -0.12082934670539637

-1.2164988115190243 -0.12082934670539637
-1.2227372669627117 -0.12164838938717004

-1.2227372669627117 -0.12164838938717004
-1.2289757224063991 -0.12245372462177598

-1.2289757224063991 -0.12245372462177598
-1.2352141778500862 -0.12324536725473204

-1.2352141778500862 -0.12324536725473204
-1.2414526332937736 -0.12402329230481686

-1.2414526332937736 -0.12402329230481686
-1.2475403882135703 -0.12476910887374609

-1.2475403882135703 -0.12476910887374609
-1.2476910887374608 -0.12478812027417417

-1.2476910887374608 -0.12478812027417417
-1.2539295441811482 -0.12553815389427439

-1.2539295441811482 -0.12553815389427439
-1.2601679996248356 -0.12627506631524207

-1.2601679996248356 -0.12627506631524207
-1.2664064550685228 -0.12699832732233657

-1.2664064550685228 -0.12699832732233657
-1.2726449105122102 -0.12770793897110291

-1.2726449105122102 -0.12770793897110291
-1.2788833659558974 -0.12840391360661024

-1.2788833659558974 -0.12840391360661024
-1.2851218213995848 -0.12908625070602306

-1.2851218213995848 -0.12908625070602306
-1.2913602768432719 -0.12975495823534389

-1.2913602768432719 -0.12975495823534389
-1.2975987322869593 -0.13040996091438253

-1.2975987322869593 -0.13040996091438253
-1.3034099180895842 -0.13100756431743338

-1.3034099180895842 -0.13100756431743338
-1.3038371877306467 -0.1310524878049579

-1.3038371877306467 -0.1310524878049579
-1.3100756431743339 -0.13167934598972422

-1.3100756431743339 -0.13167934598972422
-1.3163140986180213 -0.13229359575696936

-1.3163140986180213 -0.13229359575696936
-1.3225525540617085 -0.13289424815146419

-1.3225525540617085 -0.13289424815146419
-1.3287910095053959 -0.13348131254518936

-1.3287910095053959 -0.13348131254518936
-1.3350294649490833 -0.13405479024972489

-1.3350294649490833 -0.13405479024972489
-1.3412679203927704 -0.13461469359892791

-1.3412679203927704 -0.13461469359892791
-1.3475063758364578 -0.13516102348000386

-1.3475063758364578 -0.13516102348000386
-1.353744831280145 -0.13569379614662655

-1.353744831280145 -0.13569379614662655
-1.3599832867238324 -0.13621300663105979

-1.3599832867238324 -0.13621300663105979
-1.3662217421675198 -0.13671865661423305

-1.3662217421675198 -0.13671865661423305
-1.372460197611207 -0.13721015471755851

-1.372460197611207 -0.13721015471755851
-1.3729199335932272 -0.13724601976112069

-1.3729199335932272 -0.13724601976112069
-1.3786986530548944 -0.13768933668408909

-1.3786986530548944 -0.13768933668408909
-1.3849371084985815 -0.13815431204959477

-1.3849371084985815 -0.13815431204959477
-1.3911755639422689 -0.13860579424049269

-1.3911755639422689 -0.13860579424049269
-1.3974140193859561 -0.13904374949799639

-1.3974140193859561 -0.13904374949799639
-1.4036524748296435 -0.13946817812698992

-1.4036524748296435 -0.13946817812698992
-1.4098909302733309 -0.13987908476438696

-1.4098909302733309 -0.13987908476438696
-1.4161293857170181 -0.14027647408953614

-1.4161293857170181 -0.14027647408953614
-1.4223678411607055 -0.14066034916394066

-1.4223678411607055 -0.14066034916394066
-1.4286062966043926 -0.14103072133616151

-1.4286062966043926 -0.14103072133616151
-1.43484475204808 -0.14138759152187924

-1.43484475204808 -0.14138759152187924
-1.4410832074917674 -0.14173096936811949

-1.4410832074917674 -0.14173096936811949
-1.4473216629354546 -0.14206085245295216

-1.4473216629354546 -0.14206085245295216
-1.453560118379142 -0.14237724445385935

-1.453560118379142 -0.14237724445385935
-1.4597985738228292 -0.14268013985508671

-1.4597985738228292 -0.14268013985508671
-1.4660370292665166 -0.1429695410765344

-1.4660370292665166 -0.1429695410765344
-1.4722754847102038 -0.1432454347898118

-1.4722754847102038 -0.1432454347898118
-1.4779571150521136 -0.14348447520480798

-1.4779571150521136 -0.14348447520480798
-1.4785139401538911 -0.14350809998159186

-1.4785139401538911 -0.14350809998159186
-1.4847523955975785 -0.14375687064584666

-1.4847523955975785 -0.14375687064584666
-1.4909908510412657 -0.14399237729816983

-1.4909908510412657 -0.14399237729816983
-1.4972293064849531 -0.14421441889380096

-1.4972293064849531 -0.14421441889380096
-1.5034677619286403 -0.14442298983177507

-1.5034677619286403 -0.14442298983177507
-1.5097062173723277 -0.14461809252045427

-1.5097062173723277 -0.14461809252045427
-1.5159446728160151 -0.14479971804081468

-1.5159446728160151 -0.14479971804081468
-1.5221831282597023 -0.14496786803777481

-1.5221831282597023 -0.14496786803777481
-1.5284215837033897 -0.14512256298995557

-1.5284215837033897 -0.14512256298995557
-1.5346600391470768 -0.14526380422486612

-1.5346600391470768 -0.14526380422486612
-1.5408984945907642 -0.14539159514392766

-1.5408984945907642 -0.14539159514392766
-1.5471369500344516 -0.14550593708438381

-1.5471369500344516 -0.14550593708438381
-1.5533754054781388 -0.1456068311891896

-1.5533754054781388 -0.1456068311891896
-1.5596138609218262 -0.1456942744336675

-1.5596138609218262 -0.1456942744336675
-1.5658523163655134 -0.14576826773844687

-1.5658523163655134 -0.14576826773844687
-1.5720907718092008 -0.14582879107485081

-1.5720907718092008 -0.14582879107485081
-1.5783292272528879 -0.14587584498335876

-1.5783292272528879 -0.14587584498335876
-1.5845676826965753 -0.14590945424301277

-1.5845676826965753 -0.14590945424301277
-1.5908061381402627 -0.14592961919950501

-1.5908061381402627 -0.14592961919950501
-1.5970445935839499 -0.1459363408191513

-1.5970445935839499 -0.1459363408191513
-1.6032830490276373 -0.14592961919950501

-1.6032830490276373 -0.14592961919950501
-1.6095215044713245 -0.14590945424301277

-1.6095215044713245 -0.14590945424301277
-1.6157599599150119 -0.14587584498335876

-1.6157599599150119 -0.14587584498335876
-1.6219984153586993 -0.14582879107485081

-1.6219984153586993 -0.14582879107485081
-1.6282368708023864 -0.14576826773844703

-1.6282368708023864 -0.14576826773844703
-1.6344753262460738 -0.145694274433668

-1.6344753262460738 -0.145694274433668
-1.640713781689761 -0.14560683118919007

-1.640713781689761 -0.14560683118919007
-1.6469522371334484 -0.14550593708438395

-1.6469522371334484 -0.14550593708438395
-1.6531906925771356 -0.14539159514392766

-1.6531906925771356 -0.14539159514392766
-1.659429148020823 -0.14526380422486637

-1.659429148020823 -0.14526380422486637
-1.6656676034645104 -0.14512256298995641

-1.6656676034645104 -0.14512256298995641
-1.6719060589081975 -0.14496786803777564

-1.6719060589081975 -0.14496786803777564
-1.6781445143518849 -0.14479971804081493

-1.6781445143518849 -0.14479971804081493
-1.6843829697955721 -0.14461809252045427

-1.6843829697955721 -0.14461809252045427
-1.6906214252392595 -0.14442298983177509

-1.6906214252392595 -0.14442298983177509
-1.6968598806829469 -0.14421441889380096

-1.6968598806829469 -0.14421441889380096
-1.7030983361266341 -0.14399237729816983

-1.7030983361266341 -0.14399237729816983
-1.7093367915703215 -0.14375687064584683

-1.7093367915703215 -0.14375687064584683
-1.7155752470140087 -0.14350809998159239

-1.7155752470140087 -0.14350809998159239
-1.716132072115798 -0.14348447520480798

-1.716132072115798 -0.14348447520480798
-1.721813702457696 -0.1432454347898123

-1.721813702457696 -0.1432454347898123
-1.7280521579013834 -0.14296954107653456

-1.7280521579013834 -0.14296954107653456
-1.7342906133450706 -0.14268013985508671

-1.7342906133450706 -0.14268013985508671
-1.740529068788758 -0.14237724445385938

-1.740529068788758 -0.14237724445385938
-1.7467675242324452 -0.14206085245295216

-1.7467675242324452 -0.14206085245295216
-1.7530059796761326 -0.14173096936811949

-1.7530059796761326 -0.14173096936811949
-1.7592444351198198 -0.14138759152187924

-1.7592444351198198 -0.14138759152187924
-1.7654828905635072 -0.14103072133616151

-1.7654828905635072 -0.14103072133616151
-1.7717213460071946 -0.14066034916394068

-1.7717213460071946 -0.14066034916394068
-1.7779598014508817 -0.14027647408953617

-1.7779598014508817 -0.14027647408953617
-1.7841982568945691 -0.13987908476438699

-1.7841982568945691 -0.13987908476438699
-1.7904367123382563 -0.13946817812699047

-1.7904367123382563 -0.13946817812699047
-1.7966751677819437 -0.13904374949799803

-1.7966751677819437 -0.13904374949799803
-1.8029136232256311 -0.13860579424049432

-1.8029136232256311 -0.13860579424049432
-1.8091520786693183 -0.13815431204959533

-1.8091520786693183 -0.13815431204959533
-1.8153905341130057 -0.13768933668408909

-1.8153905341130057 -0.13768933668408909
-1.8211692535746729 -0.13724601976112069

-1.8211692535746729 -0.13724601976112069
-1.8216289895566928 -0.13721015471755851

-1.8216289895566928 -0.13721015471755851
-1.8278674450003802 -0.13671865661423308

-1.8278674450003802 -0.13671865661423308
-1.8341059004440674 -0.13621300663105979

-1.8341059004440674 -0.13621300663105979
-1.8403443558877548 -0.13569379614662658

-1.8403443558877548 -0.13569379614662658
-1.8465828113314422 -0.13516102348000386

-1.8465828113314422 -0.13516102348000386
-1.8528212667751294 -0.13461469359892794

-1.8528212667751294 -0.13461469359892794
-1.8590597222188168 -0.13405479024972491

-1.8590597222188168 -0.13405479024972491
-1.8652981776625039 -0.13348131254518938

-1.8652981776625039 -0.13348131254518938
-1.8715366331061913 -0.13289424815146425

-1.8715366331061913 -0.13289424815146425
-1.8777750885498787 -0.13229359575696939

-1.8777750885498787 -0.13229359575696939
-1.8840135439935659 -0.13167934598972425

-1.8840135439935659 -0.13167934598972425
-1.8902519994372533 -0.13105248780495793

-1.8902519994372533 -0.13105248780495793
-1.8906792690783158 -0.13100756431743338

-1.8906792690783158 -0.13100756431743338
-1.8964904548809405 -0.13040996091438256

-1.8964904548809405 -0.13040996091438256
-1.9027289103246279 -0.12975495823534391

-1.9027289103246279 -0.12975495823534391
-1.9089673657683153 -0.12908625070602309

-1.9089673657683153 -0.12908625070602309
-1.9152058212120024 -0.12840391360661024

-1.9152058212120024 -0.12840391360661024
-1.9214442766556898 -0.12770793897110294

-1.9214442766556898 -0.12770793897110294
-1.927682732099377 -0.1269983273223366

-1.927682732099377 -0.1269983273223366
-1.9339211875430644 -0.1262750663152421

-1.9339211875430644 -0.1262750663152421
-1.9401596429867516 -0.12553815389427442

-1.9401596429867516 -0.12553815389427442
-1.946398098430439 -0.1247881202741742

-1.946398098430439 -0.1247881202741742
-1.9465487989543298 -0.12476910887374609

-1.9465487989543298 -0.12476910887374609
-1.9526365538741264 -0.12402329230481689

-1.9526365538741264 -0.12402329230481689
-1.9588750093178136 -0.12324536725473206

-1.9588750093178136 -0.12324536725473206
-1.9651134647615009 -0.12245372462177619

-1.9651134647615009 -0.12245372462177619
-1.9713519202051881 -0.12164838938717068

-1.9713519202051881 -0.12164838938717068
-1.9775903756488755 -0.12082934670539737

-1.9775903756488755 -0.12082934670539737
-1.9838288310925629 -0.11999659708490325

-1.9838288310925629 -0.11999659708490325
-1.9900672865362501 -0.1191517737058549

-1.9900672865362501 -0.1191517737058549
-1.99455992028582 -0.11853065343005878

-1.99455992028582 -0.11853065343005878
-1.9963057419799375 -0.11828548921656873

-1.9963057419799375 -0.11828548921656873
-2.0025441974236244 -0.11741595989991747

-2.0025441974236244 -0.11741595989991747
-2.0087826528673118 -0.11652827422215037

-2.0087826528673118 -0.11652827422215037
-2.0150211083109992 -0.11562681971870707

-2.0150211083109992 -0.11562681971870707
-2.0212595637546866 -0.11471160973870219

-2.0212595637546866 -0.11471160973870219
-2.0274980191983736 -0.11378262930390527

-2.0274980191983736 -0.11378262930390527
-2.033736474642061 -0.1128436944443974

-2.033736474642061 -0.1128436944443974
-2.0373084576913767 -0.11229219798637148

-2.0373084576913767 -0.11229219798637148
-2.0399749300857484 -0.11187807136432437

-2.0399749300857484 -0.11187807136432437
-2.0462133855294358 -0.11091294168447483

-2.0462133855294358 -0.11091294168447483
-2.0524518409731227 -0.10992876274433624

-2.0524518409731227 -0.10992876274433624
-2.0586902964168101 -0.10893077311498016

-2.0586902964168101 -0.10893077311498016
-2.0649287518604975 -0.1079189653318053

-2.0649287518604975 -0.1079189653318053
-2.0711672073041849 -0.10689459523426161

-2.0711672073041849 -0.10689459523426161
-2.0762059289757984 -0.10605374254268418

-2.0762059289757984 -0.10605374254268418
-2.0774056627478723 -0.10584819859987869

-2.0774056627478723 -0.10584819859987869
-2.0836441181915593 -0.10480044520747989

-2.0836441181915593 -0.10480044520747989
-2.0898825736352467 -0.10373321792305312

-2.0898825736352467 -0.10373321792305312
-2.0961210290789341 -0.10265210577708112

-2.0961210290789341 -0.10265210577708112
-2.1023594845226214 -0.10155712227142255

-2.1023594845226214 -0.10155712227142255
-2.1085979399663088 -0.10045365896894425

-2.1085979399663088 -0.10045365896894425
-2.1121148981112605 -0.099815287098996869

-2.1121148981112605 -0.099815287098996869
-2.1148363954099958 -0.099318284642491747

-2.1148363954099958 -0.099318284642491747
-2.1210748508536832 -0.098188726608031685

-2.1210748508536832 -0.098188726608031685
-2.1273133062973706 -0.097038090802571253

-2.1273133062973706 -0.097038090802571253
-2.133551761741058 -0.095873530982850078

-2.133551761741058 -0.095873530982850078
-2.1397902171847454 -0.094695237834430207

-2.1397902171847454 -0.094695237834430207
-2.145640258269105 -0.09357683165530957

-2.145640258269105 -0.09357683165530957
-2.1460286726284323 -0.093499309308844633

-2.1460286726284323 -0.093499309308844633
-2.1522671280721197 -0.092296130124369061

-2.1522671280721197 -0.092296130124369061
-2.1585055835158071 -0.091075715529371687

-2.1585055835158071 -0.091075715529371687
-2.1647440389594945 -0.089841333226098885

-2.1647440389594945 -0.089841333226098885
-2.1709824944031819 -0.088592982768731843

-2.1709824944031819 -0.088592982768731843
-2.1771826306980961 -0.087338376211622271

-2.1771826306980961 -0.087338376211622271
-2.1772209498468689 -0.087330212043850788

-2.1772209498468689 -0.087330212043850788
-2.1834594052905563 -0.086054207845672387

-2.1834594052905563 -0.086054207845672387
-2.1896978607342437 -0.084763761617365471

-2.1896978607342437 -0.084763761617365471
-2.1959363161779311 -0.08345930935818488

-2.1959363161779311 -0.08345930935818488
-2.2021747716216185 -0.082143463646575113

-2.2021747716216185 -0.082143463646575113
-2.2070480098012126 -0.081099920767934958

-2.2070480098012126 -0.081099920767934958
-2.2084132270653054 -0.080798414071676858

-2.2084132270653054 -0.080798414071676858
-2.2146516825089928 -0.079461661634655054

-2.2146516825089928 -0.079461661634655054
-2.2208901379526802 -0.078100984305065124

-2.2208901379526802 -0.078100984305065124
-2.2271285933963676 -0.076726234176718908

-2.2271285933963676 -0.076726234176718908
-2.2333670488400545 -0.075349334128109069

-2.2333670488400545 -0.075349334128109069
-2.2354836007977448 -0.074861465324247659

-2.2354836007977448 -0.074861465324247659
-2.2396055042837419 -0.073928369517718279

-2.2396055042837419 -0.073928369517718279
-2.2458439597274293 -0.072517383778440928

-2.2458439597274293 -0.072517383778440928
-2.2520824151711167 -0.07108621323354343

-2.2520824151711167 -0.07108621323354343
-2.2583208706148041 -0.069646360833579835

-2.2583208706148041 -0.069646360833579835
-2.262672217907983 -0.068623009880560346

-2.262672217907983 -0.068623009880560346
-2.2645593260584911 -0.068168512383403171

-2.2645593260584911 -0.068168512383403171
-2.2707977815021785 -0.066707907719187609

-2.2707977815021785 -0.066707907719187609
-2.2770362369458659 -0.065220185038806847

-2.2770362369458659 -0.065220185038806847
-2.2832746923895533 -0.063719480277602561

-2.2832746923895533 -0.063719480277602561
-2.288763276094798 -0.06238455443687304

-2.288763276094798 -0.06238455443687304
-2.2895131478332407 -0.062193282351398912

-2.2895131478332407 -0.062193282351398912
-2.2957516032769276 -0.060672051480067199

-2.2957516032769276 -0.060672051480067199
-2.301990058720615 -0.059127633386893794

-2.301990058720615 -0.059127633386893794
-2.3082285141643024 -0.057569875798058584

-2.3082285141643024 -0.057569875798058584
-2.3138729301874257 -0.056146098993185733

-2.3138729301874257 -0.056146098993185733
-2.3144669696079898 -0.055988146138293865

-2.3144669696079898 -0.055988146138293865
-2.3207054250516772 -0.054409288600409042

-2.3207054250516772 -0.054409288600409042
-2.3269438804953642 -0.052808067426633458

-2.3269438804953642 -0.052808067426633458
-2.3331823359390516 -0.051196416110283999

-2.3331823359390516 -0.051196416110283999
-2.3381018556922837 -0.049907643549498434

-2.3381018556922837 -0.049907643549498434
-2.339420791382739 -0.049548437780008087

-2.339420791382739 -0.049548437780008087
-2.3456592468264263 -0.047919181129604298

-2.3456592468264263 -0.047919181129604298
-2.3518977022701137 -0.046261087438445647

-2.3518977022701137 -0.046261087438445647
-2.3581361577138007 -0.044601756405474272

-2.3581361577138007 -0.044601756405474272
-2.3615379431334103 -0.043669188105811128

-2.3615379431334103 -0.043669188105811128
-2.3643746131574881 -0.042886450163534526

-2.3643746131574881 -0.042886450163534526
-2.3706130686011755 -0.04120143264686555

-2.3706130686011755 -0.04120143264686555
-2.3768515240448629 -0.039486371746577223

-2.3768515240448629 -0.039486371746577223
-2.3830899794885503 -0.037772842239397371

-2.3830899794885503 -0.037772842239397371
-2.3842578459710917 -0.037430732662123822

-2.3842578459710917 -0.037430732662123822
-2.3893284349322372 -0.036010032639138982

-2.3893284349322372 -0.036010032639138982
-2.3955668903759246 -0.034255736518022717

-2.3955668903759246 -0.034255736518022717
-2.401805345819612 -0.032490814062745656

-2.401805345819612 -0.032490814062745656
-2.4063158080677023 -0.031192277218436523

-2.4063158080677023 -0.031192277218436523
-2.4080438012632994 -0.030678141803794457

-2.4080438012632994 -0.030678141803794457
-2.4142822567069864 -0.028896856947587007

-2.4142822567069864 -0.028896856947587007
-2.4205207121506738 -0.027082065335490138

-2.4205207121506738 -0.027082065335490138
-2.4267591675943612 -0.025269369445335248

-2.4267591675943612 -0.025269369445335248
-2.4277720250928372 -0.024953821774749217

-2.4277720250928372 -0.024953821774749217
-2.4329976230380486 -0.023406723972313546

-2.4329976230380486 -0.023406723972313546
-2.439236078481736 -0.021552239079908341

-2.439236078481736 -0.021552239079908341
-2.4454745339254229 -0.019698178389973075

-2.4454745339254229 -0.019698178389973075
-2.448667397165194 -0.018715366331061915

-2.448667397165194 -0.018715366331061915
-2.4517129893691103 -0.017775898574522553

-2.4517129893691103 -0.017775898574522553
-2.4579514448127977 -0.01589429903940507

-2.4579514448127977 -0.01589429903940507
-2.4641899002564851 -0.013985494647670413

-2.4641899002564851 -0.013985494647670413
-2.4690514512321937 -0.012476910887374609

-2.4690514512321937 -0.012476910887374609
-2.4704283557001725 -0.012030154983137633

-2.4704283557001725 -0.012030154983137633
-2.4766668111438594 -0.010108303212570545

-2.4766668111438594 -0.010108303212570545
-2.4829052665875468 -0.0081514699298163625

-2.4829052665875468 -0.0081514699298163625
-2.4889593082595591 -0.0062384554436873043

-2.4889593082595591 -0.0062384554436873043
-2.4891437220312342 -0.0061754840645652318

-2.4891437220312342 -0.0061754840645652318
-2.4953821774749216 -0.0041947555120016872

-2.4953821774749216 -0.0041947555120016872
-2.501620632918609 -0.0021951900684535693

-2.501620632918609 -0.0021951900684535693
-2.507859088362296 -0.00019465908142661761

-2.507859088362296 -0.00019465908142661761
-2.507859088362296 -0.00019465908142661761

-2.507859088362296 -0.00019465908142661761
-2.5084177879985132 0

-2.5084177879985132 0
-2.5140975438059834 0.0018473845353342479

-2.5140975438059834 0.0018473845353342479
-2.5203359992496708 0.0038879884115739821

-2.5203359992496708 0.0038879884115739821
-2.5265744546933582 0.005924766358637164

-2.5265744546933582 0.005924766358637164
-2.5274623789923027 0.0062384554436873034

-2.5274623789923027 0.0062384554436873034
-2.5328129101370456 0.0080168925794138791

-2.5328129101370456 0.0080168925794138791
-2.5390513655807325 0.010097886941109234

-2.5390513655807325 0.010097886941109234
-2.5452898210244199 0.012176763464968158

-2.5452898210244199 0.012176763464968158
-2.546120245727558 0.012476910887374609

-2.546120245727558 0.012476910887374609
-2.5515282764681073 0.014310563961114506

-2.5515282764681073 0.014310563961114506
-2.5577667319117947 0.01643368680889188

-2.5577667319117947 0.01643368680889188
-2.5640051873554821 0.018561882289802371

-2.5640051873554821 0.018561882289802371
-2.5644164128789102 0.018715366331061911

-2.5644164128789102 0.018715366331061911
-2.5702436427991691 0.020727881933420469

-2.5702436427991691 0.020727881933420469
-2.5764820982428565 0.022894060256717027

-2.5764820982428565 0.022894060256717027
-2.5823716216583903 0.024953821774749217

-2.5823716216583903 0.024953821774749217
-2.5827205536865439 0.025086168886637644

-2.5827205536865439 0.025086168886637644
-2.5889590091302312 0.027270885847526554

-2.5889590091302312 0.027270885847526554
-2.5951974645739182 0.029471575231623474

-2.5951974645739182 0.029471575231623474
-2.6000054409637667 0.03119227721843652

-2.6000054409637667 0.03119227721843652
-2.6014359200176056 0.03173044429294427

-2.6014359200176056 0.03173044429294427
-2.607674375461293 0.033937889307438719

-2.607674375461293 0.033937889307438719
-2.6139128309049804 0.036164076664742389

-2.6139128309049804 0.036164076664742389
-2.6173409283836269 0.037430732662123829

-2.6173409283836269 0.037430732662123829
-2.6201512863486678 0.038479025787419137

-2.6201512863486678 0.038479025787419137
-2.6263897417923547 0.040726626478828867

-2.6263897417923547 0.040726626478828867
-2.6326281972360421 0.04298385549555158

-2.6326281972360421 0.04298385549555158
-2.6343971075564991 0.043669188105811135

-2.6343971075564991 0.043669188105811135
-2.6388666526797295 0.045331607923143225

-2.6388666526797295 0.045331607923143225
-2.6451051081234169 0.047635253664487127

-2.6451051081234169 0.047635253664487127
-2.6511910612978373 0.049907643549498434

-2.6511910612978373 0.049907643549498434
-2.6513435635671043 0.04997015132853716

-2.6513435635671043 0.04997015132853716
-2.6575820190107913 0.052306892461382121

-2.6575820190107913 0.052306892461382121
-2.6638204744544787 0.054642240455496816

-2.6638204744544787 0.054642240455496816
-2.6677303749841776 0.05614609899318574

-2.6677303749841776 0.05614609899318574
-2.6700589298981661 0.057064357175845327

-2.6700589298981661 0.057064357175845327
-2.6762973853418535 0.059410828106549247

-2.6762973853418535 0.059410828106549247
-2.6825358407855409 0.061770081061813413

-2.6825358407855409 0.061770081061813413
-2.6840410761611242 0.06238455443687304

-2.6840410761611242 0.06238455443687304
-2.6887742962292278 0.064220326928979471

-2.6887742962292278 0.064220326928979471
-2.6950127516729152 0.066621952134949841

-2.6950127516729152 0.066621952134949841
-2.7001332696514879 0.068623009880560346

-2.7001332696514879 0.068623009880560346
-2.7012512071166026 0.069089232378668472

-2.7012512071166026 0.069089232378668472
-2.70748966256029 0.071501152091906314

-2.70748966256029 0.071501152091906314
-2.7137281180039774 0.073918352002680501

-2.7137281180039774 0.073918352002680501
-2.7160197205060723 0.074861465324247645

-2.7160197205060723 0.074861465324247645
-2.7199665734476643 0.076443025903048814

-2.7199665734476643 0.076443025903048814
-2.7262050288913517 0.078896820584206565

-2.7262050288913517 0.078896820584206565
-2.7317188705528732 0.081099920767934958

-2.7317188705528732 0.081099920767934958
-2.7324434843350391 0.081413571593789869

-2.7324434843350391 0.081413571593789869
-2.7386819397787265 0.083889740148937464

-2.7386819397787265 0.083889740148937464
-2.7449203952224139 0.086362444802311394

-2.7449203952224139 0.086362444802311394
-2.7472379420359312 0.087338376211622257

-2.7472379420359312 0.087338376211622257
-2.7511588506661009 0.088946361863778689

-2.7511588506661009 0.088946361863778689
-2.7573973061097883 0.091451068110463857

-2.7573973061097883 0.091451068110463857
-2.7625964657188775 0.093576831655309556

-2.7625964657188775 0.093576831655309556
-2.7636357615534757 0.094032950763763445

-2.7636357615534757 0.094032950763763445
-2.7698742169971631 0.096554360904861136

-2.7698742169971631 0.096554360904861136
-2.77611267244085 0.09907753834816066

-2.77611267244085 0.09907753834816066
-2.7778035123303226 0.099815287098996869

-2.7778035123303226 0.099815287098996869
-2.7823511278845374 0.10170548309447218

-2.7823511278845374 0.10170548309447218
-2.7885895833282248 0.10425536470914626

-2.7885895833282248 0.10425536470914626
-2.7928749525277521 0.10605374254268417

-2.7928749525277521 0.10605374254268417
-2.7948280387719122 0.10690699135688346

-2.7948280387719122 0.10690699135688346
-2.8010664942155996 0.10946534043970559

-2.8010664942155996 0.10946534043970559
-2.8073049496592866 0.11205275308240575

-2.8073049496592866 0.11205275308240575
-2.8078256580883223 0.11229219798637147

-2.8078256580883223 0.11229219798637147
-2.813543405102974 0.11469205503830995

-2.813543405102974 0.11469205503830995
-2.8197818605466614 0.11727608211663282

-2.8197818605466614 0.11727608211663282
-2.8226660195557502 0.11853065343005878

-2.8226660195557502 0.11853065343005878
-2.8260203159903488 0.11997808355840241

-2.8260203159903488 0.11997808355840241
-2.8322587714340361 0.12257629685371711

-2.8322587714340361 0.12257629685371711
-2.8374162296712386 0.12476910887374608

-2.8374162296712386 0.12476910887374608
-2.8384972268777231 0.12526309106062031

-2.8384972268777231 0.12526309106062031
-2.8447356823214105 0.12787705761258275

-2.8447356823214105 0.12787705761258275
-2.8509741377650979 0.13049515654468397

-2.8509741377650979 0.13049515654468397
-2.8520897854601444 0.13100756431743341

-2.8520897854601444 0.13100756431743341
-2.8572125932087853 0.13319901123255418

-2.8572125932087853 0.13319901123255418
-2.8634510486524727 0.1358202523764844

-2.8634510486524727 0.1358202523764844
-2.8667046172900745 0.13724601976112069

-2.8667046172900745 0.13724601976112069
-2.8696895040961596 0.13856033456125258

-2.8696895040961596 0.13856033456125258
-2.875927959539847 0.14118686743384015

-2.875927959539847 0.14118686743384015
-2.8812813462398981 0.143484475204808

-2.8812813462398981 0.143484475204808
-2.8821664149835344 0.1438959742340559

-2.8821664149835344 0.1438959742340559
-2.8884048704272218 0.14653649744529892

-2.8884048704272218 0.14653649744529892
-2.8946433258709092 0.14917132132305111

-2.8946433258709092 0.14917132132305111
-2.8958406520412288 0.14972293064849532

-2.8958406520412288 0.14972293064849532
-2.9008817813145962 0.15189145412019842

-2.9008817813145962 0.15189145412019842
-2.9071202367582836 0.15452006303606983

-2.9071202367582836 0.15452006303606983
-2.9104079504799891 0.15596138609218263

-2.9104079504799891 0.15596138609218263
-2.913358692201971 0.15726260695731947

-2.913358692201971 0.15726260695731947
-2.9195971476456584 0.15988570844520794

-2.9195971476456584 0.15988570844520794
-2.9250108426781161 0.16219984153586992

-2.9250108426781161 0.16219984153586992
-2.9258356030893458 0.16258242823649904

-2.9258356030893458 0.16258242823649904
-2.9320740585330327 0.16520781812047886

-2.9320740585330327 0.16520781812047886
-2.9383125139767201 0.16781713439853788

-2.9383125139767201 0.16781713439853788
-2.9396849798328226 0.16843829697955723

-2.9396849798328226 0.16843829697955723
-2.9445509694204075 0.17050898406812853

-2.9445509694204075 0.17050898406812853
-2.9507894248640949 0.17310230789177161

-2.9507894248640949 0.17310230789177161
-2.954470688565721 0.17467675242324454

-2.954470688565721 0.17467675242324454
-2.9570278803077819 0.17579164155730509

-2.9570278803077819 0.17579164155730509
-2.9632663357514692 0.17835914681050033

-2.9632663357514692 0.17835914681050033
-2.9694131217014408 0.18091520786693183

-2.9694131217014408 0.18091520786693183
-2.9695047911951566 0.18095759111418414

-2.9695047911951566 0.18095759111418414
-2.975743246638844 0.18353133150207346

-2.975743246638844 0.18353133150207346
-2.9819817020825314 0.18605355495799711

-2.9819817020825314 0.18605355495799711
-2.9845892063893582 0.18715366331061914

-2.9845892063893582 0.18715366331061914
-2.9882201575262184 0.18865884430293828

-2.9882201575262184 0.18865884430293828
-2.9944586129699058 0.19114851094137469

-2.9944586129699058 0.19114851094137469
-3.0000635583120601 0.19339211875430645

-3.0000635583120601 0.19339211875430645
-3.0006970684135932 0.19366752669537809

-3.0006970684135932 0.19366752669537809
-3.0069355238572806 0.19611325327660034

-3.0069355238572806 0.19611325327660034
-3.013173979300968 0.19851954980199055

-3.013173979300968 0.19851954980199055
-3.0159672900875001 0.19963057419799374

-3.0159672900875001 0.19963057419799374
-3.0194124347446549 0.20098581049336203

-3.0194124347446549 0.20098581049336203
-3.0256508901883423 0.20333248163760159

-3.0256508901883423 0.20333248163760159
-3.0318893456320297 0.20565137680142731

-3.0318893456320297 0.20565137680142731
-3.0324351190945782 0.20586902964168105

-3.0324351190945782 0.20586902964168105
-3.0381278010757171 0.20796493254679541

-3.0381278010757171 0.20796493254679541
-3.0443662565194045 0.21021214417754613

-3.0443662565194045 0.21021214417754613
-3.0497177163488125 0.21210748508536836

-3.0497177163488125 0.21210748508536836
-3.0506047119630915 0.21244252896346155

-3.0506047119630915 0.21244252896346155
-3.0568431674067789 0.21457543203605633

-3.0568431674067789 0.21457543203605633
-3.0630816228504663 0.21667151964359102

-3.0630816228504663 0.21667151964359102
-3.0681799440897719 0.21834594052905565

-3.0681799440897719 0.21834594052905565
-3.0693200782941537 0.21874045413064047

-3.0693200782941537 0.21874045413064047
-3.075558533737841 0.22069975740486189

-3.075558533737841 0.22069975740486189
-3.081796989181528 0.222615181528249

-3.081796989181528 0.222615181528249
-3.0880354446252154 0.22445258411194893

-3.0880354446252154 0.22445258411194893
-3.0884706458661673 0.22458439597274296

-3.0884706458661673 0.22458439597274296
-3.0942739000689028 0.22623197984068957

-3.0942739000689028 0.22623197984068957
-3.1005123555125902 0.22792390309283378

-3.1005123555125902 0.22792390309283378
-3.1067508109562776 0.22953251758564086

-3.1067508109562776 0.22953251758564086
-3.1120254424927309 0.23082285141643027

-3.1120254424927309 0.23082285141643027
-3.1129892663999645 0.2310685659623313

-3.1129892663999645 0.2310685659623313
-3.1192277218436519 0.23248921192904859

-3.1192277218436519 0.23248921192904859
-3.1254661772873393 0.23382406665569

-3.1254661772873393 0.23382406665569
-3.1317046327310267 0.23505799302538821

-3.1317046327310267 0.23505799302538821
-3.1379430881747137 0.23618607091895163

-3.1379430881747137 0.23618607091895163
-3.1432835321418211 0.23706130686011756

-3.1432835321418211 0.23706130686011756
-3.1441815436184011 0.23721256114892661

-3.1441815436184011 0.23721256114892661
-3.1504199990620885 0.23811953067417818

-3.1504199990620885 0.23811953067417818
-3.1566584545057759 0.23891869973075128

-3.1566584545057759 0.23891869973075128
-3.1628969099494633 0.2396031581575542

-3.1628969099494633 0.2396031581575542
-3.1691353653931502 0.24016867158641211

-3.1691353653931502 0.24016867158641211
-3.1753738208368376 0.24060816016114944

-3.1753738208368376 0.24060816016114944
-3.181612276280525 0.24091827360898146

-3.181612276280525 0.24091827360898146
-3.1878507317242124 0.24110212258491867

-3.1878507317242124 0.24110212258491867
-3.1940891871678998 0.24116313132079956

