-3.1940891871678998 -0.1126769677606809
-3.1909699594460563 -0.11287733527133188

-3.1909699594460563 -0.11287733527133188
-3.1878507317242128 -0.1131865904541853

-3.1878507317242128 -0.1131865904541853
-3.1847315040023689 -0.1133171236290343

-3.1847315040023689 -0.1133171236290343
-3.1816122762805255 -0.11327825540979203

-3.1816122762805255 -0.11327825540979203
-3.1784930485586815 -0.11308051906962385

-3.1784930485586815 -0.11308051906962385
-3.1753738208368381 -0.11273590887569178

-3.1753738208368381 -0.11273590887569178
-3.1725186089066444 -0.11229219798637147

-3.1725186089066444 -0.11229219798637147
-3.1722545931149946 -0.11224955356379585

-3.1722545931149946 -0.11224955356379585
-3.1691353653931507 -0.11162953680911405

-3.1691353653931507 -0.11162953680911405
-3.1660161376713072 -0.1108810815373249

-3.1660161376713072 -0.1108810815373249
-3.1628969099494633 -0.11002353240917881

-3.1628969099494633 -0.11002353240917881
-3.1601186136591752 -0.10917297026452782

-3.1601186136591752 -0.10917297026452782
-3.1597776822276198 -0.10906150786400154

-3.1597776822276198 -0.10906150786400154
-3.1566584545057763 -0.10801928114874829

-3.1566584545057763 -0.10801928114874829
-3.1535392267839324 -0.10689498552544718

-3.1535392267839324 -0.10689498552544718
-3.1513639746917304 -0.10605374254268417

-3.1513639746917304 -0.10605374254268417
-3.1504199990620889 -0.10567310787238136

-3.1504199990620889 -0.10567310787238136
-3.147300771340245 -0.10442805572153806

-3.147300771340245 -0.10442805572153806
-3.1441815436184015 -0.10313058120680105

-3.1441815436184015 -0.10313058120680105
-3.1437671438406642 -0.10293451482084051

-3.1437671438406642 -0.10293451482084051
-3.141062315896558 -0.10175453287870617

-3.141062315896558 -0.10175453287870617
-3.1379430881747141 -0.10038494517817254

-3.1379430881747141 -0.10038494517817254
-3.1367455198695442 -0.099815287098996869

-3.1367455198695442 -0.099815287098996869
-3.1348238604528706 -0.098924780134391696

-3.1348238604528706 -0.098924780134391696
-3.1317046327310267 -0.097513355055386622

-3.1317046327310267 -0.097513355055386622
-3.13000027968183 -0.096696059377153212

-3.13000027968183 -0.096696059377153212
-3.1285854050091833 -0.096009619260229634

-3.1285854050091833 -0.096009619260229634
-3.1254661772873398 -0.094574807148919166

-3.1254661772873398 -0.094574807148919166
-3.1233796292714571 -0.093576831655309556

-3.1233796292714571 -0.093576831655309556
-3.1223469495654959 -0.09306210386243112

-3.1223469495654959 -0.09306210386243112
-3.1192277218436524 -0.091620520373457734

-3.1192277218436524 -0.091620520373457734
-3.116768821293094 -0.090457603933465913

-3.116768821293094 -0.090457603933465913
-3.1161084941218085 -0.090122587565895557

-3.1161084941218085 -0.090122587565895557
-3.112989266399965 -0.088686572635171004

-3.112989266399965 -0.088686572635171004
-3.1100863873235065 -0.087338376211622257

-3.1100863873235065 -0.087338376211622257
-3.1098700386781215 -0.087226818101484277

-3.1098700386781215 -0.087226818101484277
-3.1067508109562776 -0.08580325204448129

-3.1067508109562776 -0.08580325204448129
-3.1036315832344341 -0.084400988772104973

-3.1036315832344341 -0.084400988772104973
-3.103262116664121 -0.0842191484897786

-3.103262116664121 -0.0842191484897786
-3.1005123555125902 -0.082982554945322876

-3.1005123555125902 -0.082982554945322876
-3.0973931277907467 -0.081622152056969807

-3.0973931277907467 -0.081622152056969807
-3.0962532379941856 -0.081099920767934958

-3.0962532379941856 -0.081099920767934958
-3.0942739000689032 -0.080220933520697382

-3.0942739000689032 -0.080220933520697382
-3.0911546723470593 -0.078896452849283483

-3.0911546723470593 -0.078896452849283483
-3.0890223068609779 -0.077980693046091301

-3.0890223068609779 -0.077980693046091301
-3.0880354446252158 -0.077539869312408263

-3.0880354446252158 -0.077539869312408263
-3.0849162169033719 -0.076256748715766973

-3.0849162169033719 -0.076256748715766973
-3.0817969891815284 -0.074987246344252162

-3.0817969891815284 -0.074987246344252162
-3.0815104909892419 -0.074861465324247645

-3.0815104909892419 -0.074861465324247645
-3.078677761459685 -0.073721169578798984

-3.078677761459685 -0.073721169578798984
-3.075558533737841 -0.072503765979695781

-3.075558533737841 -0.072503765979695781
-3.0735996226919808 -0.071742237602403988

-3.0735996226919808 -0.071742237602403988
-3.0724393060159976 -0.071280313140134555

-3.0724393060159976 -0.071280313140134555
-3.0693200782941537 -0.070134840146987398

-3.0693200782941537 -0.070134840146987398
-3.0662008505723102 -0.069024312519760822

-3.0662008505723102 -0.069024312519760822
-3.0650901204697045 -0.068623009880560346

-3.0650901204697045 -0.068623009880560346
-3.0630816228504667 -0.067916887527388808

-3.0630816228504667 -0.067916887527388808
-3.0599623951286228 -0.066878719120931573

-3.0599623951286228 -0.066878719120931573
-3.0568431674067793 -0.065885728770048418

-3.0568431674067793 -0.065885728770048418
-3.0556415451691832 -0.065503782158716689

-3.0556415451691832 -0.065503782158716689
-3.0537239396849354 -0.064906218040496372

-3.0537239396849354 -0.064906218040496372
-3.0506047119630919 -0.063993206692910434

-3.0506047119630919 -0.063993206692910434
-3.0474854842412484 -0.06311575712646636

-3.0474854842412484 -0.06311575712646636
-3.0447648419696174 -0.062384554436873046

-3.0447648419696174 -0.062384554436873046
-3.0443662565194045 -0.062271983932729404

-3.0443662565194045 -0.062271983932729404
-3.041247028797561 -0.061479052458220815

-3.041247028797561 -0.061479052458220815
-3.0381278010757171 -0.060718111658033112

-3.0381278010757171 -0.060718111658033112
-3.0350085733538736 -0.059994411018550658

-3.0350085733538736 -0.059994411018550658
-3.0318893456320302 -0.059308696564111425

-3.0318893456320302 -0.059308696564111425
-3.0316918055760809 -0.05926532671502939

-3.0316918055760809 -0.05926532671502939
-3.0287701179101862 -0.058654080817610081

-3.0287701179101862 -0.058654080817610081
-3.0256508901883428 -0.058036395603215371

-3.0256508901883428 -0.058036395603215371
-3.0225316624664988 -0.057452889896091403

-3.0225316624664988 -0.057452889896091403
-3.0194124347446554 -0.05690452089784518

-3.0194124347446554 -0.05690452089784518
-3.0162932070228119 -0.056394738772755554

-3.0162932070228119 -0.056394738772755554
-3.0146743306364598 -0.05614609899318574

-3.0146743306364598 -0.05614609899318574
-3.013173979300968 -0.05591568257272235

-3.013173979300968 -0.05591568257272235
-3.0100547515791245 -0.055481743086209762

-3.0100547515791245 -0.055481743086209762
-3.006935523857281 -0.05508576288973073

-3.006935523857281 -0.05508576288973073
-3.0038162961354371 -0.054731191919776073

-3.0038162961354371 -0.054731191919776073
-3.0006970684135936 -0.054418383545327319

-3.0006970684135936 -0.054418383545327319
-2.9975778406917497 -0.054147773898279676

-2.9975778406917497 -0.054147773898279676
-2.9944586129699062 -0.053920274121843165

-2.9944586129699062 -0.053920274121843165
-2.9913393852480628 -0.053736434514796413

-2.9913393852480628 -0.053736434514796413
-2.9882201575262188 -0.053595977568806769

-2.9882201575262188 -0.053595977568806769
-2.9851009298043754 -0.053498290468430451

-2.9851009298043754 -0.053498290468430451
-2.9819817020825314 -0.053443044892775446

-2.9819817020825314 -0.053443044892775446
-2.978862474360688 -0.053430046881589609

-2.978862474360688 -0.053430046881589609
-2.9757432466388445 -0.05345867027801432

-2.9757432466388445 -0.05345867027801432
-2.9726240189170006 -0.05352779990519118

-2.9726240189170006 -0.05352779990519118
-2.9695047911951571 -0.053636382083999096

-2.9695047911951571 -0.053636382083999096
-2.9663855634733132 -0.053783828475440242

-2.9663855634733132 -0.053783828475440242
-2.9632663357514697 -0.05396968708305893

-2.9632663357514697 -0.05396968708305893
-2.9601471080296262 -0.054192932220749904

-2.9601471080296262 -0.054192932220749904
-2.9570278803077823 -0.05445247304489173

-2.9570278803077823 -0.05445247304489173
-2.9539086525859388 -0.054748244357745397

-2.9539086525859388 -0.054748244357745397
-2.9507894248640949 -0.055081083277165252

-2.9507894248640949 -0.055081083277165252
-2.9476701971422514 -0.055452392238813868

-2.9476701971422514 -0.055452392238813868
-2.9445509694204079 -0.055860225978214502

-2.9445509694204079 -0.055860225978214502
-2.9425644214457929 -0.05614609899318574

-2.9425644214457929 -0.05614609899318574
-2.941431741698564 -0.056310981847914207

-2.941431741698564 -0.056310981847914207
-2.9383125139767206 -0.05679514960947734

-2.9383125139767206 -0.05679514960947734
-2.9351932862548766 -0.057322918728416911

-2.9351932862548766 -0.057322918728416911
-2.9320740585330332 -0.057893780209360271

-2.9320740585330332 -0.057893780209360271
-2.9289548308111897 -0.058509108481453548

-2.9289548308111897 -0.058509108481453548
-2.9258356030893458 -0.059165101279639656

-2.9258356030893458 -0.059165101279639656
-2.9254088727472958 -0.05926532671502939

-2.9254088727472958 -0.05926532671502939
-2.9227163753675023 -0.059872828259685346

-2.9227163753675023 -0.059872828259685346
-2.9195971476456584 -0.060617927124539769

-2.9195971476456584 -0.060617927124539769
-2.9164779199238149 -0.061408695113294325

-2.9164779199238149 -0.061408695113294325
-2.9133586922019714 -0.062237199155851824

-2.9133586922019714 -0.062237199155851824
-2.9128593351129877 -0.062384554436873046

-2.9128593351129877 -0.062384554436873046
-2.9102394644801275 -0.063121775617129436

-2.9102394644801275 -0.063121775617129436
-2.907120236758284 -0.064035058652759005

-2.907120236758284 -0.064035058652759005
-2.9040010090364401 -0.064979910338443678

-2.9040010090364401 -0.064979910338443678
-2.9023836693617127 -0.065503782158716689

-2.9023836693617127 -0.065503782158716689
-2.9008817813145966 -0.065992521315673361

-2.9008817813145966 -0.065992521315673361
-2.8977625535927531 -0.067015739521722434

-2.8977625535927531 -0.067015739521722434
-2.8946433258709092 -0.068075942161885644

-2.8946433258709092 -0.068075942161885644
-2.8931402705795781 -0.068623009880560346

-2.8931402705795781 -0.068623009880560346
-2.8915240981490657 -0.06921022328303153

-2.8915240981490657 -0.06921022328303153
-2.8884048704272218 -0.070345871225447595

-2.8884048704272218 -0.070345871225447595
-2.8852856427053784 -0.071522403979384072

-2.8852856427053784 -0.071522403979384072
-2.8847671485238853 -0.071742237602403988

-2.8847671485238853 -0.071742237602403988
-2.8821664149835349 -0.072773645307275939

-2.8821664149835349 -0.072773645307275939
-2.879047187261691 -0.074031598853539729

-2.879047187261691 -0.074031598853539729
-2.8771054670510665 -0.074861465324247645

-2.8771054670510665 -0.074861465324247645
-2.8759279595398475 -0.075379130446828507

-2.8759279595398475 -0.075379130446828507
-2.8728087318180036 -0.076711207606630138

-2.8728087318180036 -0.076711207606630138
-2.869973155791314 -0.077980693046091301

-2.869973155791314 -0.077980693046091301
-2.8696895040961601 -0.078120730242971725

-2.8696895040961601 -0.078120730242971725
-2.8665702763743166 -0.07954266373497737

-2.8665702763743166 -0.07954266373497737
-2.8634510486524727 -0.081006088054468461

-2.8634510486524727 -0.081006088054468461
-2.8632777262135223 -0.081099920767934958

-2.8632777262135223 -0.081099920767934958
-2.8603318209306292 -0.082525421743912128

-2.8603318209306292 -0.082525421743912128
-2.8572125932087853 -0.084051102265305169

-2.8572125932087853 -0.084051102265305169
-2.8569144799429358 -0.0842191484897786

-2.8569144799429358 -0.0842191484897786
-2.8540933654869418 -0.085648628076067421

-2.8540933654869418 -0.085648628076067421
-2.8509741377650983 -0.087249362303707279

-2.8509741377650983 -0.087249362303707279
-2.850825506627515 -0.087338376211622257

-2.850825506627515 -0.087338376211622257
-2.8478549100432544 -0.088908614666816918

-2.8478549100432544 -0.088908614666816918
-2.8449914261163229 -0.090457603933465913

-2.8449914261163229 -0.090457603933465913
-2.8447356823214109 -0.090613788257104672

-2.8447356823214109 -0.090613788257104672
-2.841616454599567 -0.092302814437353123

-2.841616454599567 -0.092302814437353123
-2.8393784718637227 -0.093576831655309556

-2.8393784718637227 -0.093576831655309556
-2.8384972268777235 -0.094112450246073551

-2.8384972268777235 -0.094112450246073551
-2.8353779991558801 -0.095827089091886822

-2.8353779991558801 -0.095827089091886822
-2.8339556651382027 -0.096696059377153212

-2.8339556651382027 -0.096696059377153212
-2.8322587714340361 -0.097720388819403384

-2.8322587714340361 -0.097720388819403384
-2.8291395437121927 -0.099512556935363441

-2.8291395437121927 -0.099512556935363441
-2.8286889365462975 -0.099815287098996869

-2.8286889365462975 -0.099815287098996869
-2.8260203159903492 -0.10142696727397021

-2.8260203159903492 -0.10142696727397021
-2.8235724503968322 -0.10293451482084051

-2.8235724503968322 -0.10293451482084051
-2.8229010882685053 -0.10338702593848745

-2.8229010882685053 -0.10338702593848745
-2.8197818605466618 -0.10523111777735064

-2.8197818605466618 -0.10523111777735064
-2.8185400727467207 -0.10605374254268417

-2.8185400727467207 -0.10605374254268417
-2.8166626328248179 -0.10725750093179556

-2.8166626328248179 -0.10725750093179556
-2.8135725418392243 -0.10917297026452782

-2.8135725418392243 -0.10917297026452782
-2.8135434051029744 -0.10919380997150523

-2.8135434051029744 -0.10919380997150523
-2.8104241773811309 -0.11113016333054529

-2.8104241773811309 -0.11113016333054529
-2.8086473742004165 -0.11229219798637147

-2.8086473742004165 -0.11229219798637147
-2.807304949659287 -0.11319071686940294

-2.807304949659287 -0.11319071686940294
-2.8041857219374435 -0.11508671585678915

-2.8041857219374435 -0.11508671585678915
-2.8037238352208367 -0.11541142570821512

-2.8037238352208367 -0.11541142570821512
-2.8010664942155996 -0.11708945680898039

-2.8010664942155996 -0.11708945680898039
-2.7988086313042104 -0.11853065343005878

-2.7988086313042104 -0.11853065343005878
-2.7979472664937561 -0.11912086667506298

-2.7979472664937561 -0.11912086667506298
-2.7948280387719127 -0.12097915972681135

-2.7948280387719127 -0.12097915972681135
-2.793825782756854 -0.12164988115190242

-2.793825782756854 -0.12164988115190242
-2.7917088110500687 -0.12298654834051446

-2.7917088110500687 -0.12298654834051446
-2.7887836799566386 -0.12476910887374608

-2.7887836799566386 -0.12476910887374608
-2.7885895833282253 -0.12490354998959377

-2.7885895833282253 -0.12490354998959377
-2.7854703556063813 -0.12675031755519664

-2.7854703556063813 -0.12675031755519664
-2.7836135340331571 -0.12788833659558974

-2.7836135340331571 -0.12788833659558974
-2.7823511278845379 -0.12868413578681689

-2.7823511278845379 -0.12868413578681689
-2.7792319001626944 -0.13042458991844136

-2.7792319001626944 -0.13042458991844136
-2.7782813807574946 -0.13100756431743338

-2.7782813807574946 -0.13100756431743338
-2.7761126724408505 -0.13226016095632651

-2.7761126724408505 -0.13226016095632651
-2.772993444719007 -0.13394923600773748

-2.772993444719007 -0.13394923600773748
-2.77269785894328 -0.13412679203927705

-2.77269785894328 -0.13412679203927705
-2.7698742169971631 -0.13563519080504341

-2.7698742169971631 -0.13563519080504341
-2.7667549892753196 -0.13723040811498771

-2.7667549892753196 -0.13723040811498771
-2.7667270333970664 -0.13724601976112069

-2.7667270333970664 -0.13724601976112069
-2.7636357615534761 -0.13875981990472927

-2.7636357615534761 -0.13875981990472927
-2.7605165338316322 -0.14019667431620772

-2.7605165338316322 -0.14019667431620772
-2.7601668475095646 -0.14036524748296433

-2.7601668475095646 -0.14036524748296433
-2.7573973061097887 -0.14158199724832204

-2.7573973061097887 -0.14158199724832204
-2.7542780783879448 -0.14284797371673258

-2.7542780783879448 -0.14284797371673258
-2.7526509893383393 -0.143484475204808

-2.7526509893383393 -0.143484475204808
-2.7511588506661013 -0.14406836992633221

-2.7511588506661013 -0.14406836992633221
-2.7480396229442579 -0.14514819150630973

-2.7480396229442579 -0.14514819150630973
-2.7449203952224139 -0.14613831774861444

-2.7449203952224139 -0.14613831774861444
-2.7433488761025955 -0.14660370292665165

-2.7433488761025955 -0.14660370292665165
-2.7418011675005705 -0.14706047519081508

-2.7418011675005705 -0.14706047519081508
-2.7386819397787265 -0.14785739676583343

-2.7386819397787265 -0.14785739676583343
-2.7355627120568831 -0.14855877509621354

-2.7355627120568831 -0.14855877509621354
-2.7324434843350396 -0.14915881086169741

-2.7324434843350396 -0.14915881086169741
-2.7293242566131957 -0.14965775348164004

-2.7293242566131957 -0.14965775348164004
-2.7288330386716364 -0.14972293064849529

-2.7288330386716364 -0.14972293064849529
-2.7262050288913522 -0.15006254654887183

-2.7262050288913522 -0.15006254654887183
-2.7230858011695083 -0.15036833943305239

-2.7230858011695083 -0.15036833943305239
-2.7199665734476648 -0.15057855950132701

-2.7199665734476648 -0.15057855950132701
-2.7168473457258213 -0.1506953262785039

-2.7168473457258213 -0.1506953262785039
-2.7137281180039774 -0.1507210278196669

-2.7137281180039774 -0.1507210278196669
-2.7106088902821339 -0.15065837333430085

-2.7106088902821339 -0.15065837333430085
-2.70748966256029 -0.15051061010598005

-2.70748966256029 -0.15051061010598005
-2.7043704348384465 -0.15028189692954314

-2.7043704348384465 -0.15028189692954314
-2.701251207116603 -0.1499779064127526

-2.701251207116603 -0.1499779064127526
-2.6991536004885788 -0.14972293064849529

-2.6991536004885788 -0.14972293064849529
-2.6981319793947591 -0.14959705413300828

-2.6981319793947591 -0.14959705413300828
-2.6950127516729157 -0.14914823074185091

-2.6950127516729157 -0.14914823074185091
-2.6918935239510717 -0.1486285721835417

-2.6918935239510717 -0.1486285721835417
-2.6887742962292283 -0.1480449083257718

-2.6887742962292283 -0.1480449083257718
-2.6856550685073848 -0.14740293180597011

-2.6856550685073848 -0.14740293180597011
-2.6825358407855409 -0.14671455078357809

-2.6825358407855409 -0.14671455078357809
-2.6820901726574116 -0.14660370292665165

-2.6820901726574116 -0.14660370292665165
-2.6794166130636974 -0.14596564794897929

-2.6794166130636974 -0.14596564794897929
-2.6762973853418535 -0.1451741314489523

-2.6762973853418535 -0.1451741314489523
-2.67317815762001 -0.14434032412592065

-2.67317815762001 -0.14434032412592065
-2.6701035965633459 -0.143484475204808

-2.6701035965633459 -0.143484475204808
-2.6700589298981665 -0.1434711219112598

-2.6700589298981665 -0.1434711219112598
-2.6669397021763226 -0.14257013844773447

-2.6669397021763226 -0.14257013844773447
-2.6638204744544791 -0.14163670779083759

-2.6638204744544791 -0.14163670779083759
-2.6607012467326356 -0.14069189290269818

-2.6607012467326356 -0.14069189290269818
-2.6596940842952499 -0.14036524748296433

-2.6596940842952499 -0.14036524748296433
-2.6575820190107917 -0.13969880229907658

-2.6575820190107917 -0.13969880229907658
-2.6544627912889482 -0.13870796629661339

-2.6544627912889482 -0.13870796629661339
-2.6513435635671043 -0.13770849417714381

-2.6513435635671043 -0.13770849417714381
-2.6499652231767792 -0.13724601976112069

-2.6499652231767792 -0.13724601976112069
-2.6482243358452608 -0.13666733974054104

-2.6482243358452608 -0.13666733974054104
-2.6451051081234174 -0.13564718427475714

-2.6451051081234174 -0.13564718427475714
-2.6419858804015734 -0.13462412774207014

-2.6419858804015734 -0.13462412774207014
-2.6405209594098551 -0.13412679203927705

-2.6405209594098551 -0.13412679203927705
-2.63886665267973 -0.13356806263091217

-2.63886665267973 -0.13356806263091217
-2.6357474249578861 -0.13254376272687207

-2.6357474249578861 -0.13254376272687207
-2.6326281972360426 -0.13152275969443974

-2.6326281972360426 -0.13152275969443974
-2.631093590992629 -0.13100756431743338

-2.631093590992629 -0.13100756431743338
-2.6295089695141991 -0.13047646145748579

-2.6295089695141991 -0.13047646145748579
-2.6263897417923552 -0.12946818681826938

-2.6263897417923552 -0.12946818681826938
-2.6232705140705117 -0.12846507984185404

-2.6232705140705117 -0.12846507984185404
-2.6215024569169376 -0.12788833659558974

-2.6215024569169376 -0.12788833659558974
-2.6201512863486678 -0.12744290752972015

-2.6201512863486678 -0.12744290752972015
-2.6170320586268243 -0.12646114075703019

-2.6170320586268243 -0.12646114075703019
-2.6139128309049808 -0.12548227372672399

-2.6139128309049808 -0.12548227372672399
-2.6116304749988126 -0.12476910887374608

-2.6116304749988126 -0.12476910887374608
-2.6107936031831369 -0.12449795574307344

-2.6107936031831369 -0.12449795574307344
-2.6076743754612934 -0.12355456242250898

-2.6076743754612934 -0.12355456242250898
-2.6045551477394495 -0.12261761400574034

-2.6045551477394495 -0.12261761400574034
-2.601435920017606 -0.12170554923739473

-2.601435920017606 -0.12170554923739473
-2.6012537020773596 -0.12164988115190242

-2.6012537020773596 -0.12164988115190242
-2.5983166922957626 -0.12081014216528758

-2.5983166922957626 -0.12081014216528758
-2.5951974645739186 -0.11994475895587291

-2.5951974645739186 -0.11994475895587291
-2.5920782368520752 -0.11911076296481989

-2.5920782368520752 -0.11911076296481989
-2.5898466595113794 -0.11853065343005878

-2.5898466595113794 -0.11853065343005878
-2.5889590091302312 -0.11829356427372135

-2.5889590091302312 -0.11829356427372135
-2.5858397814083878 -0.11752502580589536

-2.5858397814083878 -0.11752502580589536
-2.5827205536865443 -0.11677881795505721

-2.5827205536865443 -0.11677881795505721
-2.5796013259647004 -0.11606169934690912

-2.5796013259647004 -0.11606169934690912
-2.5766572060654616 -0.11541142570821512

-2.5766572060654616 -0.11541142570821512
-2.5764820982428569 -0.11537080415364016

-2.5764820982428569 -0.11537080415364016
-2.573362870521013 -0.11471154055397884

-2.573362870521013 -0.11471154055397884
-2.5702436427991695 -0.11407695037445026

-2.5702436427991695 -0.11407695037445026
-2.567124415077326 -0.11346821334971328

-2.567124415077326 -0.11346821334971328
-2.5640051873554821 -0.11288469545185728

-2.5640051873554821 -0.11288469545185728
-2.5608859596336386 -0.11232683240159172

-2.5608859596336386 -0.11232683240159172
-2.560691657665632 -0.11229219798637147

-2.560691657665632 -0.11229219798637147
-2.5577667319117947 -0.11179091951578746

-2.5577667319117947 -0.11179091951578746
-2.5546475041899512 -0.11128199711313085

-2.5546475041899512 -0.11128199711313085
-2.5515282764681078 -0.11079895821296014

-2.5515282764681078 -0.11079895821296014
-2.5484090487462638 -0.11034276868972862

-2.5484090487462638 -0.11034276868972862
-2.5452898210244204 -0.1099145697331341

-2.5452898210244204 -0.1099145697331341
-2.5421705933025764 -0.10951544076262963

-2.5421705933025764 -0.10951544076262963
-2.5392760660472056 -0.10917297026452782

-2.5392760660472056 -0.10917297026452782
-2.539051365580733 -0.10914572826726233

-2.539051365580733 -0.10914572826726233
-2.5359321378588895 -0.10880842354574273

-2.5359321378588895 -0.10880842354574273
-2.5328129101370456 -0.10850255362188034

-2.5328129101370456 -0.10850255362188034
-2.5296936824152021 -0.10822967314251396

-2.5296936824152021 -0.10822967314251396
-2.5265744546933582 -0.10799031848416388

-2.5265744546933582 -0.10799031848416388
-2.5234552269715147 -0.10778478988538705

-2.5234552269715147 -0.10778478988538705
-2.5203359992496712 -0.10761296076086711

-2.5203359992496712 -0.10761296076086711
-2.5172167715278273 -0.10747422710939739

-2.5172167715278273 -0.10747422710939739
-2.5140975438059838 -0.10736796256475592

-2.5140975438059838 -0.10736796256475592
-2.5109783160841399 -0.10729347928807079

-2.5109783160841399 -0.10729347928807079
-2.5078590883622964 -0.10724968805955018

-2.5078590883622964 -0.10724968805955018
-2.504739860640453 -0.10723569281173054

-2.504739860640453 -0.10723569281173054
-2.501620632918609 -0.10725083848683985

-2.501620632918609 -0.10725083848683985
-2.4985014051967656 -0.10729390307268218

-2.4985014051967656 -0.10729390307268218
-2.4953821774749216 -0.10736394435088711

-2.4953821774749216 -0.10736394435088711
-2.4922629497530782 -0.10746078705564698

-2.4922629497530782 -0.10746078705564698
-2.4891437220312347 -0.10758359334962622

-2.4891437220312347 -0.10758359334962622
-2.4860244943093908 -0.10773234570933052

-2.4860244943093908 -0.10773234570933052
-2.4829052665875473 -0.10790860808548322

-2.4829052665875473 -0.10790860808548322
-2.4797860388657038 -0.1081120012539753

-2.4797860388657038 -0.1081120012539753
-2.4766668111438599 -0.10834199457152635

-2.4766668111438599 -0.10834199457152635
-2.4735475834220164 -0.10860032458921828

-2.4735475834220164 -0.10860032458921828
-2.4704283557001725 -0.10888568334745412

-2.4704283557001725 -0.10888568334745412
-2.4675382789097378 -0.10917297026452782

-2.4675382789097378 -0.10917297026452782
-2.467309127978329 -0.10919626575224661

-2.467309127978329 -0.10919626575224661
-2.4641899002564855 -0.10953016837095152

-2.4641899002564855 -0.10953016837095152
-2.4610706725346416 -0.10988949978423604

-2.4610706725346416 -0.10988949978423604
-2.4579514448127981 -0.11027420186370807

-2.4579514448127981 -0.11027420186370807
-2.4548322170909542 -0.11068194631853145

-2.4548322170909542 -0.11068194631853145
-2.4517129893691108 -0.11111059801528476

-2.4517129893691108 -0.11111059801528476
-2.4485937616472673 -0.11156138957875948

-2.4485937616472673 -0.11156138957875948
-2.4454745339254234 -0.11203176966778737

-2.4454745339254234 -0.11203176966778737
-2.4438289741387385 -0.11229219798637147

-2.4438289741387385 -0.11229219798637147
-2.4423553062035799 -0.11252605824065402

-2.4423553062035799 -0.11252605824065402
-2.439236078481736 -0.11302998630626898

-2.439236078481736 -0.11302998630626898
-2.4361168507598925 -0.11355632891118278

-2.4361168507598925 -0.11355632891118278
-2.432997623038049 -0.11409973002941937

-2.432997623038049 -0.11409973002941937
-2.4298783953162051 -0.11465910477551712

-2.4298783953162051 -0.11465910477551712
-2.4267591675943616 -0.11523115909996937

-2.4267591675943616 -0.11523115909996937
-2.4258296269608555 -0.11541142570821512

-2.4258296269608555 -0.11541142570821512
-2.4236399398725177 -0.11582812028269814

-2.4236399398725177 -0.11582812028269814
-2.4205207121506742 -0.11642980614832084

-2.4205207121506742 -0.11642980614832084
-2.4174014844288307 -0.11704391359377678

-2.4174014844288307 -0.11704391359377678
-2.4142822567069868 -0.11766558432834144

-2.4142822567069868 -0.11766558432834144
-2.4111630289851433 -0.118288890690169

-2.4111630289851433 -0.118288890690169
-2.40999358533147 -0.11853065343005878

-2.40999358533147 -0.11853065343005878
-2.4080438012632994 -0.1189286238073826

-2.4080438012632994 -0.1189286238073826
-2.4049245735414559 -0.11956101429582652

-2.4049245735414559 -0.11956101429582652
-2.4018053458196125 -0.1201988911064351

-2.4018053458196125 -0.1201988911064351
-2.3986861180977685 -0.12083640631770971

-2.3986861180977685 -0.12083640631770971
-2.3955668903759251 -0.12146652222100228

-2.3955668903759251 -0.12146652222100228
-2.394682692628483 -0.12164988115190242

-2.394682692628483 -0.12164988115190242
-2.3924476626540812 -0.12210307586274227

-2.3924476626540812 -0.12210307586274227
-2.3893284349322377 -0.1227239888634164

-2.3893284349322377 -0.1227239888634164
-2.3862092072103942 -0.12333673090012591

-2.3862092072103942 -0.12333673090012591
-2.3830899794885503 -0.12393672744295044

-2.3830899794885503 -0.12393672744295044
-2.3799707517667068 -0.12451808681966277

-2.3799707517667068 -0.12451808681966277
-2.3786121231287387 -0.12476910887374608

-2.3786121231287387 -0.12476910887374608
-2.3768515240448629 -0.1250922294270411

-2.3768515240448629 -0.1250922294270411
-2.3737322963230194 -0.12563651077437724

-2.3737322963230194 -0.12563651077437724
-2.3706130686011759 -0.1261595153041376

-2.3706130686011759 -0.1261595153041376
-2.367493840879332 -0.12665475713518348

-2.367493840879332 -0.12665475713518348
-2.3643746131574885 -0.12711775102603382

-2.3643746131574885 -0.12711775102603382
-2.3612553854356446 -0.12754684765464991

-2.3612553854356446 -0.12754684765464991
-2.3585598227688398 -0.12788833659558974

-2.3585598227688398 -0.12788833659558974
-2.3581361577138011 -0.12794319513824232

-2.3581361577138011 -0.12794319513824232
-2.3550169299919577 -0.12829874207550199

-2.3550169299919577 -0.12829874207550199
-2.3518977022701137 -0.1286144487809211

-2.3518977022701137 -0.1286144487809211
-2.3487784745482703 -0.12888699901020251

-2.3487784745482703 -0.12888699901020251
-2.3456592468264263 -0.12911416570854856

-2.3456592468264263 -0.12911416570854856
-2.3425400191045829 -0.12929411808120003

-2.3425400191045829 -0.12929411808120003
-2.3394207913827394 -0.12942530524982576

-2.3394207913827394 -0.12942530524982576
-2.3363015636608955 -0.12950684723441344

-2.3363015636608955 -0.12950684723441344
-2.333182335939052 -0.12953809181945172

-2.333182335939052 -0.12953809181945172
-2.3300631082172081 -0.12951771289654399

-2.3300631082172081 -0.12951771289654399
-2.3269438804953646 -0.12944420013442443

-2.3269438804953646 -0.12944420013442443
-2.3238246527735211 -0.12931538497762951

-2.3238246527735211 -0.12931538497762951
-2.3207054250516772 -0.12912915094441785

-2.3207054250516772 -0.12912915094441785
-2.3175861973298337 -0.12888446261921549

-2.3175861973298337 -0.12888446261921549
-2.3144669696079898 -0.12858102185031853

-2.3144669696079898 -0.12858102185031853
-2.3113477418861463 -0.12821997321030582

-2.3113477418861463 -0.12821997321030582
-2.3088863862607529 -0.12788833659558974

-2.3088863862607529 -0.12788833659558974
-2.3082285141643029 -0.12779771697029524

-2.3082285141643029 -0.12779771697029524
-2.3051092864424589 -0.12732167078245368

-2.3051092864424589 -0.12732167078245368
-2.3019900587206155 -0.12678678179569058

-2.3019900587206155 -0.12678678179569058
-2.298870830998772 -0.12619725012564995

-2.298870830998772 -0.12619725012564995
-2.2957516032769281 -0.12555562292028608

-2.2957516032769281 -0.12555562292028608
-2.2926323755550846 -0.12487008944569764

-2.2926323755550846 -0.12487008944569764
-2.292224041233784 -0.12476910887374608

-2.292224041233784 -0.12476910887374608
-2.2895131478332407 -0.12412666104511615

-2.2895131478332407 -0.12412666104511615
-2.2863939201113972 -0.12334070977961591

-2.2863939201113972 -0.12334070977961591
-2.2832746923895537 -0.12251187818936254

-2.2832746923895537 -0.12251187818936254
-2.2801643800477098 -0.12164988115190242

-2.2801643800477098 -0.12164988115190242
-2.2801554646677098 -0.12164722366115154

-2.2801554646677098 -0.12164722366115154
-2.2770362369458663 -0.12074699545151167

-2.2770362369458663 -0.12074699545151167
-2.2739170092240224 -0.11981135196482065

-2.2739170092240224 -0.11981135196482065
-2.2707977815021789 -0.11885886829016074

-2.2707977815021789 -0.11885886829016074
-2.2698015809764382 -0.11853065343005878

-2.2698015809764382 -0.11853065343005878
-2.2676785537803354 -0.11785063412777667

-2.2676785537803354 -0.11785063412777667
-2.2645593260584915 -0.11683775601245672

-2.2645593260584915 -0.11683775601245672
-2.2614400983366481 -0.11580977924548731

-2.2614400983366481 -0.11580977924548731
-2.2603066086186843 -0.11541142570821512

-2.2603066086186843 -0.11541142570821512
-2.2583208706148041 -0.11472942770594156

-2.2583208706148041 -0.11472942770594156
-2.2552016428929607 -0.11366061859916611

-2.2552016428929607 -0.11366061859916611
-2.2520824151711172 -0.11258614855968997

-2.2520824151711172 -0.11258614855968997
-2.2512869630393841 -0.11229219798637147

-2.2512869630393841 -0.11229219798637147
-2.2489631874492733 -0.11147037046679832

-2.2489631874492733 -0.11147037046679832
-2.2458439597274298 -0.11037083576810251

-2.2458439597274298 -0.11037083576810251
-2.2427247320055859 -0.1092727959720526

-2.2427247320055859 -0.1092727959720526
-2.2424639087638694 -0.10917297026452782

-2.2424639087638694 -0.10917297026452782
-2.2396055042837424 -0.10815958251295721

-2.2396055042837424 -0.10815958251295721
-2.2364862765618989 -0.10705552671592526

-2.2364862765618989 -0.10705552671592526
-2.2336473421845215 -0.10605374254268417

-2.2336473421845215 -0.10605374254268417
-2.233367048840055 -0.10594715093318353

-2.233367048840055 -0.10594715093318353
-2.2302478211182115 -0.10486004602526575

-2.2302478211182115 -0.10486004602526575
-2.2271285933963676 -0.10377445730212129

-2.2271285933963676 -0.10377445730212129
-2.2247112129271263 -0.10293451482084051

-2.2247112129271263 -0.10293451482084051
-2.2240093656745241 -0.10267852842016725

-2.2240093656745241 -0.10267852842016725
-2.2208901379526806 -0.10162169262138965

-2.2208901379526806 -0.10162169262138965
-2.2177709102308367 -0.10056750332746274

-2.2177709102308367 -0.10056750332746274
-2.2155411860174263 -0.099815287098996869

-2.2155411860174263 -0.099815287098996869
-2.2146516825089932 -0.099504109949037939

-2.2146516825089932 -0.099504109949037939
-2.2115324547871493 -0.098486114045675491

-2.2115324547871493 -0.098486114045675491
-2.2084132270653059 -0.0974743773434949

-2.2084132270653059 -0.0974743773434949
-2.2059816249278286 -0.096696059377153212

-2.2059816249278286 -0.096696059377153212
-2.2052939993434624 -0.096465857216611939

-2.2052939993434624 -0.096465857216611939
-2.2021747716216185 -0.095503010662399412

-2.2021747716216185 -0.095503010662399412
-2.199055543899775 -0.094551146682605572

-2.199055543899775 -0.094551146682605572
-2.1959363161779311 -0.09362619036105678

-2.1959363161779311 -0.09362619036105678
-2.1957772846579502 -0.093576831655309556

-2.1957772846579502 -0.093576831655309556
-2.1928170884560876 -0.092718743231522405

-2.1928170884560876 -0.092718743231522405
-2.1896978607342441 -0.091839484627375526

-2.1896978607342441 -0.091839484627375526
-2.1865786330124002 -0.090991077412647461

-2.1865786330124002 -0.090991077412647461
-2.1845777694069586 -0.090457603933465913

-2.1845777694069586 -0.090457603933465913
-2.1834594052905567 -0.090154057584915917

-2.1834594052905567 -0.090154057584915917
-2.1803401775687128 -0.089365935304987418

-2.1803401775687128 -0.089365935304987418
-2.1772209498468693 -0.088597665797726294

-2.1772209498468693 -0.088597665797726294
-2.1741017221250258 -0.087858393285775008

-2.1741017221250258 -0.087858393285775008
-2.1718419189822042 -0.087338376211622257

-2.1718419189822042 -0.087338376211622257
-2.1709824944031819 -0.087135590904221683

-2.1709824944031819 -0.087135590904221683
-2.1678632666813384 -0.086453537312284293

-2.1678632666813384 -0.086453537312284293
-2.1647440389594945 -0.085792466041596349

-2.1647440389594945 -0.085792466041596349
-2.161624811237651 -0.085157913408802119

-2.161624811237651 -0.085157913408802119
-2.1585055835158076 -0.084552608950107924

-2.1585055835158076 -0.084552608950107924
-2.1567345828952704 -0.0842191484897786

-2.1567345828952704 -0.0842191484897786
-2.1553863557939636 -0.083963936656701391

-2.1553863557939636 -0.083963936656701391
-2.1522671280721202 -0.083412374771028044

-2.1522671280721202 -0.083412374771028044
-2.1491479003502763 -0.08288435692881585

-2.1491479003502763 -0.08288435692881585
-2.1460286726284328 -0.08238367132156868

-2.1460286726284328 -0.08238367132156868
-2.1429094449065893 -0.081910476684527334

-2.1429094449065893 -0.081910476684527334
-2.1397902171847454 -0.08146479457584592

-2.1397902171847454 -0.08146479457584592
-2.1370717917779301 -0.081099920767934958

-2.1370717917779301 -0.081099920767934958
-2.1366709894629019 -0.081044810175477031

-2.1366709894629019 -0.081044810175477031
-2.133551761741058 -0.08065488367872696

-2.133551761741058 -0.08065488367872696
-2.1304325340192145 -0.080291013278714823

-2.1304325340192145 -0.080291013278714823
-2.127313306297371 -0.079954686698420444

-2.127313306297371 -0.079954686698420444
-2.1241940785755271 -0.079646180981393103

-2.1241940785755271 -0.079646180981393103
-2.1210748508536836 -0.079365591319467452

-2.1210748508536836 -0.079365591319467452
-2.1179556231318402 -0.079112545108374427

-2.1179556231318402 -0.079112545108374427
-2.1148363954099962 -0.078886152246689795

-2.1148363954099962 -0.078886152246689795
-2.1117171676881528 -0.07868518265249777

-2.1117171676881528 -0.07868518265249777
-2.1085979399663088 -0.078508261656472428

-2.1085979399663088 -0.078508261656472428
-2.1054787122444654 -0.078354059452211702

-2.1054787122444654 -0.078354059452211702
-2.1023594845226219 -0.078221572230502245

-2.1023594845226219 -0.078221572230502245
-2.099240256800778 -0.078109998390779201

-2.099240256800778 -0.078109998390779201
-2.0961210290789345 -0.078016394270870787

-2.0961210290789345 -0.078016394270870787
-2.0946908361305505 -0.077980693046091301

-2.0946908361305505 -0.077980693046091301
-2.0930018013570906 -0.077938580465787388

-2.0930018013570906 -0.077938580465787388
-2.0898825736352471 -0.077876158542645138

-2.0898825736352471 -0.077876158542645138
-2.0867633459134036 -0.077828709899831219

-2.0867633459134036 -0.077828709899831219
-2.0836441181915597 -0.077796355667319322

-2.0836441181915597 -0.077796355667319322
-2.0805248904697162 -0.077777877182661895

-2.0805248904697162 -0.077777877182661895
-2.0774056627478723 -0.077772963627999209

-2.0774056627478723 -0.077772963627999209
-2.0742864350260288 -0.077781227077876658

-2.0742864350260288 -0.077781227077876658
-2.0711672073041854 -0.077802321398406912

-2.0711672073041854 -0.077802321398406912
-2.0680479795823414 -0.077835738454905476

-2.0680479795823414 -0.077835738454905476
-2.064928751860498 -0.077880939324743673

-2.064928751860498 -0.077880939324743673
-2.061809524138654 -0.077936586021543686

-2.061809524138654 -0.077936586021543686
-2.0597116556330497 -0.077980693046091301

-2.0597116556330497 -0.077980693046091301
-2.0586902964168106 -0.078002214832999794

-2.0586902964168106 -0.078002214832999794
-2.0555710686949671 -0.078077244896408465

-2.0555710686949671 -0.078077244896408465
-2.0524518409731232 -0.078159221318954267

-2.0524518409731232 -0.078159221318954267
-2.0493326132512797 -0.078245897733177028

-2.0493326132512797 -0.078245897733177028
-2.0462133855294358 -0.078336112254954321

-2.0462133855294358 -0.078336112254954321
-2.0430941578075923 -0.07842813742584373

-2.0430941578075923 -0.07842813742584373
-2.0399749300857488 -0.07851993086600817

-2.0399749300857488 -0.07851993086600817
-2.0368557023639049 -0.078609489651178865

-2.0368557023639049 -0.078609489651178865
-2.0337364746420614 -0.078695039591357374

-2.0337364746420614 -0.078695039591357374
-2.0306172469202175 -0.078774945843285038

-2.0306172469202175 -0.078774945843285038
-2.027498019198374 -0.078847463101700169

-2.027498019198374 -0.078847463101700169
-2.0243787914765305 -0.078910566731418039

-2.0243787914765305 -0.078910566731418039
-2.0212595637546866 -0.078961997979018927

-2.0212595637546866 -0.078961997979018927
-2.0181403360328432 -0.078999462196666898

-2.0181403360328432 -0.078999462196666898
-2.0150211083109992 -0.079020805543910264

-2.0150211083109992 -0.079020805543910264
-2.0119018805891558 -0.07902402822009244

-2.0119018805891558 -0.07902402822009244
-2.0087826528673123 -0.079007119291100991

-2.0087826528673123 -0.079007119291100991
-2.0056634251454684 -0.078967878021178842

-2.0056634251454684 -0.078967878021178842
-2.0025441974236249 -0.078904038515832997

-2.0025441974236249 -0.078904038515832997
-1.999424969701781 -0.078813765506033501

-1.999424969701781 -0.078813765506033501
-1.9963057419799373 -0.078696053482114101

-1.9963057419799373 -0.078696053482114101
-1.9931865142580936 -0.078550562292082432

-1.9931865142580936 -0.078550562292082432
-1.9900672865362501 -0.078377148947022676

-1.9900672865362501 -0.078377148947022676
-1.9869480588144064 -0.078175592558939119

-1.9869480588144064 -0.078175592558939119
-1.9843184250995916 -0.077980693046091301

-1.9843184250995916 -0.077980693046091301
-1.9838288310925627 -0.07794389345422599

-1.9838288310925627 -0.07794389345422599
-1.980709603370719 -0.07768294980089295

-1.980709603370719 -0.07768294980089295
-1.9775903756488753 -0.07739095737119886

-1.9775903756488753 -0.07739095737119886
-1.9744711479270318 -0.077068390918147933

-1.9744711479270318 -0.077068390918147933
-1.9713519202051881 -0.076714825886446972

-1.9713519202051881 -0.076714825886446972
-1.9682326924833444 -0.076329448202522632

-1.9682326924833444 -0.076329448202522632
-1.9651134647615007 -0.075911234141622166

-1.9651134647615007 -0.075911234141622166
-1.961994237039657 -0.075459419458611565

-1.961994237039657 -0.075459419458611565
-1.9588750093178136 -0.074976933211019198

-1.9588750093178136 -0.074976933211019198
-1.9582001793061794 -0.074861465324247645

-1.9582001793061794 -0.074861465324247645
-1.9557557815959699 -0.074452509533096373

-1.9557557815959699 -0.074452509533096373
-1.9526365538741262 -0.073895174301170138

-1.9526365538741262 -0.073895174301170138
-1.9495173261522825 -0.073298949132122246

-1.9495173261522825 -0.073298949132122246
-1.9463980984304388 -0.072665408080654262

-1.9463980984304388 -0.072665408080654262
-1.9432788707085953 -0.072002765682175965

-1.9432788707085953 -0.072002765682175965
-1.9421471348730965 -0.071742237602403988

-1.9421471348730965 -0.071742237602403988
-1.9401596429867516 -0.071291190900451301

-1.9401596429867516 -0.071291190900451301
-1.9370404152649079 -0.070557958658152661

-1.9370404152649079 -0.070557958658152661
-1.9339211875430642 -0.069789380486621019

-1.9339211875430642 -0.069789380486621019
-1.9308019598212205 -0.069002589109341803

-1.9308019598212205 -0.069002589109341803
-1.9293779553704782 -0.068623009880560346

-1.9293779553704782 -0.068623009880560346
-1.927682732099377 -0.068173336333795687

-1.927682732099377 -0.068173336333795687
-1.9245635043775333 -0.067341857661436896

-1.9245635043775333 -0.067341857661436896
-1.9214442766556896 -0.066485098232219653

-1.9214442766556896 -0.066485098232219653
-1.9183250489338459 -0.065621893740192741

-1.9183250489338459 -0.065621893740192741
-1.9179298271372185 -0.065503782158716689

-1.9179298271372185 -0.065503782158716689
-1.9152058212120022 -0.0647322203764992

-1.9152058212120022 -0.0647322203764992
-1.9120865934901587 -0.063836737345672884

-1.9120865934901587 -0.063836737345672884
-1.908967365768315 -0.062937380240361648

-1.908967365768315 -0.062937380240361648
-1.9070983219624893 -0.062384554436873046

-1.9070983219624893 -0.062384554436873046
-1.9058481380464714 -0.062009176555897626

-1.9058481380464714 -0.062009176555897626
-1.9027289103246277 -0.061099627207005139

-1.9027289103246277 -0.061099627207005139
-1.8996096826027842 -0.06017333966236843

-1.8996096826027842 -0.06017333966236843
-1.8965648607454979 -0.05926532671502939

-1.8965648607454979 -0.05926532671502939
-1.8964904548809405 -0.059241439345900662

-1.8964904548809405 -0.059241439345900662
-1.8933712271590968 -0.058308602354327374

-1.8933712271590968 -0.058308602354327374
-1.8902519994372531 -0.057369233631466648

-1.8902519994372531 -0.057369233631466648
-1.8871327717154094 -0.056438902108479863

-1.8871327717154094 -0.056438902108479863
-1.8861984012389739 -0.05614609899318574

-1.8861984012389739 -0.05614609899318574
-1.8840135439935659 -0.055482262679968142

-1.8840135439935659 -0.055482262679968142
-1.8808943162717222 -0.05454527042986481

-1.8808943162717222 -0.05454527042986481
-1.8777750885498785 -0.053612629311588111

-1.8777750885498785 -0.053612629311588111
-1.8758378721454254 -0.053026871271342091

-1.8758378721454254 -0.053026871271342091
-1.8746558608280348 -0.052662904382852878

-1.8746558608280348 -0.052662904382852878
-1.8715366331061911 -0.051747357934415296

-1.8715366331061911 -0.051747357934415296
-1.8684174053843476 -0.050830879219273262

-1.8684174053843476 -0.050830879219273262
-1.8652981776625039 -0.049928705800503431

-1.8652981776625039 -0.049928705800503431
-1.8652293840339593 -0.049907643549498434

-1.8652293840339593 -0.049907643549498434
-1.8621789499406602 -0.049037857072966234

-1.8621789499406602 -0.049037857072966234
-1.8590597222188165 -0.048163345441316147

-1.8590597222188165 -0.048163345441316147
-1.8559404944969728 -0.047310963075887669

-1.8559404944969728 -0.047310963075887669
-1.8540169372664814 -0.046788415827654785

-1.8540169372664814 -0.046788415827654785
-1.8528212667751294 -0.046458634815816705

-1.8528212667751294 -0.046458634815816705
-1.8497020390532857 -0.045646634443145359

-1.8497020390532857 -0.045646634443145359
-1.846582811331442 -0.044844412815834768

-1.846582811331442 -0.044844412815834768
-1.8434635836095983 -0.044065940653911458

-1.8434635836095983 -0.044065940653911458
-1.841872422247977 -0.043669188105811135

-1.841872422247977 -0.043669188105811135
-1.8403443558877546 -0.043287971784186981

-1.8403443558877546 -0.043287971784186981
-1.8372251281659111 -0.042545355857444109

-1.8372251281659111 -0.042545355857444109
-1.8341059004440674 -0.041813626905003939

-1.8341059004440674 -0.041813626905003939
-1.8309866727222237 -0.041099756960943902

-1.8309866727222237 -0.041099756960943902
-1.8285376377714517 -0.040549960383967479

-1.8285376377714517 -0.040549960383967479
-1.82786744500038 -0.040394640111344256

-1.82786744500038 -0.040394640111344256
-1.8247482172785363 -0.039718493768251935

-1.8247482172785363 -0.039718493768251935
-1.8216289895566928 -0.039054646572313771

-1.8216289895566928 -0.039054646572313771
-1.8185097618348491 -0.038408957525446284

-1.8185097618348491 -0.038408957525446284
-1.8153905341130054 -0.037785131586754318

-1.8153905341130054 -0.037785131586754318
-1.8135866995773808 -0.037430732662123829

-1.8135866995773808 -0.037430732662123829
-1.8122713063911617 -0.03717050699602592

-1.8122713063911617 -0.03717050699602592
-1.8091520786693183 -0.036587594073035877

-1.8091520786693183 -0.036587594073035877
-1.8060328509474746 -0.036021601113940531

-1.8060328509474746 -0.036021601113940531
-1.8029136232256309 -0.035476710983198587

-1.8029136232256309 -0.035476710983198587
-1.7997943955037872 -0.034952665835092003

-1.7997943955037872 -0.034952665835092003
-1.7966751677819435 -0.034451634588948295

-1.7966751677819435 -0.034451634588948295
-1.7957909082107397 -0.034311504940280173

-1.7957909082107397 -0.034311504940280173
-1.7935559400601 -0.033963576936245111

-1.7935559400601 -0.033963576936245111
-1.7904367123382563 -0.033499916867917742

-1.7904367123382563 -0.033499916867917742
-1.7873174846164126 -0.033054209757269332

-1.7873174846164126 -0.033054209757269332
-1.7841982568945689 -0.032626684900315187

-1.7841982568945689 -0.032626684900315187
-1.7810790291727252 -0.032216593328387701

-1.7810790291727252 -0.032216593328387701
-1.7779598014508817 -0.031823047315223688

-1.7779598014508817 -0.031823047315223688
-1.774840573729038 -0.031445657502299523

-1.774840573729038 -0.031445657502299523
-1.7726730883978497 -0.03119227721843652

-1.7726730883978497 -0.03119227721843652
-1.7717213460071943 -0.031079800938714448

-1.7717213460071943 -0.031079800938714448
-1.7686021182853506 -0.030731788573946581

-1.7686021182853506 -0.030731788573946581
-1.7654828905635069 -0.030395804069156856

-1.7654828905635069 -0.030395804069156856
-1.7623636628416635 -0.030072698265756356

-1.7623636628416635 -0.030072698265756356
-1.7592444351198198 -0.029761761092924534

-1.7592444351198198 -0.029761761092924534
-1.7561252073979761 -0.029462312921082402

-1.7561252073979761 -0.029462312921082402
-1.7530059796761324 -0.029173735111581649

-1.7530059796761324 -0.029173735111581649
-1.7498867519542887 -0.028895347920540361

-1.7498867519542887 -0.028895347920540361
-1.7467675242324452 -0.028626426678984671

-1.7467675242324452 -0.028626426678984671
-1.7436482965106015 -0.028366225445489252

-1.7436482965106015 -0.028366225445489252
-1.7405290687887578 -0.028114463586048542

-1.7405290687887578 -0.028114463586048542
-1.7400094475068648 -0.028073049496592867

-1.7400094475068648 -0.028073049496592867
-1.7374098410669141 -0.02786863347263004

-1.7374098410669141 -0.02786863347263004
-1.7342906133450704 -0.027630206429422644

-1.7342906133450704 -0.027630206429422644
-1.7311713856232269 -0.027397508622959376

-1.7311713856232269 -0.027397508622959376
-1.7280521579013832 -0.027169776960588206

-1.7280521579013832 -0.027169776960588206
-1.7249329301795395 -0.02694610847777365

-1.7249329301795395 -0.02694610847777365
-1.7218137024576958 -0.02672547147937546

-1.7218137024576958 -0.02672547147937546
-1.7186944747358524 -0.026506704293313268

-1.7186944747358524 -0.026506704293313268
-1.7155752470140087 -0.026288604843432862

-1.7155752470140087 -0.026288604843432862
-1.712456019292165 -0.026069839293496853

-1.712456019292165 -0.026069839293496853
-1.7093367915703213 -0.025848882340334119

-1.7093367915703213 -0.025848882340334119
-1.7062175638484776 -0.025624219970139431

-1.7062175638484776 -0.025624219970139431
-1.7030983361266341 -0.02539447009567334

-1.7030983361266341 -0.02539447009567334
-1.6999791084047904 -0.025158449410030152

-1.6999791084047904 -0.025158449410030152
-1.6973633938950878 -0.024953821774749217

-1.6973633938950878 -0.024953821774749217
-1.6968598806829467 -0.024913889411786582

-1.6968598806829467 -0.024913889411786582
-1.693740652961103 -0.024661545361039303

-1.693740652961103 -0.024661545361039303
-1.6906214252392593 -0.024398710231891184

-1.6906214252392593 -0.024398710231891184
-1.6875021975174158 -0.024125285326106707

-1.6875021975174158 -0.024125285326106707
-1.6843829697955721 -0.023840798177686268

-1.6843829697955721 -0.023840798177686268
-1.6812637420737284 -0.023544856357752844

-1.6812637420737284 -0.023544856357752844
-1.6781445143518847 -0.023237142269708265

-1.6781445143518847 -0.023237142269708265
-1.675025286630041 -0.022917477249097519

-1.675025286630041 -0.022917477249097519
-1.6719060589081975 -0.02258580785026322

-1.6719060589081975 -0.02258580785026322
-1.6687868311863538 -0.022242121073867249

-1.6687868311863538 -0.022242121073867249
-1.6656676034645101 -0.021887342461140439

-1.6656676034645101 -0.021887342461140439
-1.6652312451714528 -0.021834594052905564

-1.6652312451714528 -0.021834594052905564
-1.6625483757426665 -0.0215170139306077

-1.6625483757426665 -0.0215170139306077
-1.6594291480208228 -0.021134285741210873

-1.6594291480208228 -0.021134285741210873
-1.6563099202989793 -0.020736789852972844

-1.6563099202989793 -0.020736789852972844
-1.6531906925771356 -0.020324150142900618

-1.6531906925771356 -0.020324150142900618
-1.6500714648552919 -0.019895739679094727

-1.6500714648552919 -0.019895739679094727
-1.6469522371334482 -0.019451007142422323

-1.6469522371334482 -0.019451007142422323
-1.6438330094116045 -0.018991788121771193

-1.6438330094116045 -0.018991788121771193
-1.6420412381155676 -0.018715366331061911

-1.6420412381155676 -0.018715366331061911
-1.640713781689761 -0.018509245946758492

-1.640713781689761 -0.018509245946758492
-1.6375945539679173 -0.018015762428659762

-1.6375945539679173 -0.018015762428659762
-1.6344753262460736 -0.017500837184319249

-1.6344753262460736 -0.017500837184319249
-1.6313560985242299 -0.016967263697816481

-1.6313560985242299 -0.016967263697816481
-1.6282368708023864 -0.016415318090984003

-1.6282368708023864 -0.016415318090984003
-1.6251176430805427 -0.015849691059812269

-1.6251176430805427 -0.015849691059812269
-1.6237912117411706 -0.015596138609218262

-1.6237912117411706 -0.015596138609218262
-1.621998415358699 -0.015255614962265546

-1.621998415358699 -0.015255614962265546
-1.6188791876368553 -0.014652674708923811

-1.6188791876368553 -0.014652674708923811
-1.6157599599150116 -0.014028483464723818

-1.6157599599150116 -0.014028483464723818
-1.6126407321931682 -0.013387674893827084

-1.6126407321931682 -0.013387674893827084
-1.6095215044713245 -0.012737791680896436

-1.6095215044713245 -0.012737791680896436
-1.6083288632031385 -0.012476910887374609

-1.6083288632031385 -0.012476910887374609
-1.6064022767494808 -0.012060604542429475

-1.6064022767494808 -0.012060604542429475
-1.6032830490276371 -0.011381653145172713

-1.6032830490276371 -0.011381653145172713
-1.6001638213057934 -0.010687042601142858

-1.6001638213057934 -0.010687042601142858
-1.5970445935839499 -0.0099835212510594098

-1.5970445935839499 -0.0099835212510594098
-1.5943031459549972 -0.0093576831655309573

-1.5943031459549972 -0.0093576831655309573
-1.5939253658621062 -0.0092675147787582794

-1.5939253658621062 -0.0092675147787582794
-1.5908061381402625 -0.0085514800458725559

-1.5908061381402625 -0.0085514800458725559
-1.5876869104184188 -0.0078225481105714118

-1.5876869104184188 -0.0078225481105714118
-1.5845676826965751 -0.0070860570487763109

-1.5845676826965751 -0.0070860570487763109
-1.5814484549747316 -0.0063478289028077424

-1.5814484549747316 -0.0063478289028077424
-1.581014418028863 -0.0062384554436873043

-1.581014418028863 -0.0062384554436873043
-1.5783292272528879 -0.0055909728826711268

-1.5783292272528879 -0.0055909728826711268
-1.5752099995310442 -0.0048309147881447807

-1.5752099995310442 -0.0048309147881447807
-1.5720907718092005 -0.0040609967610377093

-1.5720907718092005 -0.0040609967610377093
-1.5689715440873568 -0.0032892237825025076

-1.5689715440873568 -0.0032892237825025076
-1.5683243436368639 -0.0031192277218436521

-1.5683243436368639 -0.0031192277218436521
-1.5658523163655134 -0.0024937012079962739

-1.5658523163655134 -0.0024937012079962739
-1.5627330886436697 -0.001699930043284502

-1.5627330886436697 -0.001699930043284502
-1.559613860921826 -0.00089818345362936041

-1.559613860921826 -0.00089818345362936041
-1.5564946331999823 -9.7638370160330016e-05

-1.5564946331999823 -9.7638370160330016e-05
-1.5561366959324221 0

-1.5561366959324221 0
-1.5533754054781388 0.00071568934892613824

-1.5533754054781388 0.00071568934892613824
-1.5502561777562951 0.0015234860545883604

-1.5502561777562951 0.0015234860545883604
-1.5471369500344514 0.0023294320862605835

-1.5471369500344514 0.0023294320862605835
-1.5440598329494835 0.0031192277218436517

-1.5440598329494835 0.0031192277218436517
-1.5440177223126077 0.0031307525680102895

-1.5440177223126077 0.0031307525680102895
-1.540898494590764 0.003924350362565816

-1.540898494590764 0.003924350362565816
-1.5377792668689205 0.0047119414607254802

-1.5377792668689205 0.0047119414607254802
-1.5346600391470768 0.0054914879711423443

-1.5346600391470768 0.0054914879711423443
-1.5316371798838235 0.0062384554436873043

-1.5316371798838235 0.0062384554436873043
-1.5315408114252331 0.0062637238490603434

-1.5315408114252331 0.0062637238490603434
-1.5284215837033894 0.0070248168882126281

-1.5284215837033894 0.0070248168882126281
-1.5253023559815457 0.0077800789238336885

-1.5253023559815457 0.0077800789238336885
-1.5221831282597023 0.0085282720432157018

-1.5221831282597023 0.0085282720432157018
-1.5190639005378586 0.0092655142305406984

-1.5190639005378586 0.0092655142305406984
-1.5186906850114918 0.0093576831655309556

-1.5186906850114918 0.0093576831655309556
-1.5159446728160149 0.010005253834223318

-1.5159446728160149 0.010005253834223318
-1.5128254450941712 0.010733465101146217

-1.5128254450941712 0.010733465101146217
-1.5097062173723275 0.011455722523771392

-1.5097062173723275 0.011455722523771392
-1.506586989650484 0.01216521687456454

-1.506586989650484 0.01216521687456454
-1.5052369012956668 0.012476910887374609

-1.5052369012956668 0.012476910887374609
-1.5034677619286403 0.012882059650747409

-1.5034677619286403 0.012882059650747409
-1.5003485342067966 0.013575554823731609

-1.5003485342067966 0.013575554823731609
-1.4972293064849529 0.014263381584849237

-1.4972293064849529 0.014263381584849237
-1.4941100787631092 0.01494046497488224

-1.4941100787631092 0.01494046497488224
-1.4910365756138038 0.01559613860921826

-1.4910365756138038 0.01559613860921826
-1.4909908510412657 0.015606420340960221

-1.4909908510412657 0.015606420340960221
-1.487871623319422 0.016259439859185053

-1.487871623319422 0.016259439859185053
-1.4847523955975783 0.016901564441808927

-1.4847523955975783 0.016901564441808927
-1.4816331678757346 0.017532937526151947

-1.4816331678757346 0.017532937526151947
-1.4785139401538909 0.018154504112638348

-1.4785139401538909 0.018154504112638348
-1.4756612959792359 0.018715366331061915

-1.4756612959792359 0.018715366331061915
-1.4753947124320475 0.01876998732430769

-1.4753947124320475 0.01876998732430769
-1.4722754847102038 0.01937290391934135

-1.4722754847102038 0.01937290391934135
-1.4691562569883601 0.019970687177811062

-1.4691562569883601 0.019970687177811062
-1.4660370292665164 0.020561411756154217

-1.4660370292665164 0.020561411756154217
-1.4629178015446729 0.021144987776676775

-1.4629178015446729 0.021144987776676775
-1.4597985738228292 0.02171740187308174

-1.4597985738228292 0.02171740187308174
-1.4591723685583191 0.021834594052905568

-1.4591723685583191 0.021834594052905568
-1.4566793461009855 0.022288258132091676

-1.4566793461009855 0.022288258132091676
-1.4535601183791418 0.022843088511503032

-1.4535601183791418 0.022843088511503032
-1.4504408906572981 0.023386231842473827

-1.4504408906572981 0.023386231842473827
-1.4473216629354546 0.02391559319151839

-1.4473216629354546 0.02391559319151839
-1.4442024352136109 0.024430426852934169

-1.4442024352136109 0.024430426852934169
-1.4410832074917672 0.02492959478770479

-1.4410832074917672 0.02492959478770479
-1.4409331328370099 0.024953821774749217

-1.4409331328370099 0.024953821774749217
-1.4379639797699235 0.025416010494449835

-1.4379639797699235 0.025416010494449835
-1.4348447520480798 0.02588794873886209

-1.4348447520480798 0.02588794873886209
-1.4317255243262363 0.026347933298557478

-1.4317255243262363 0.026347933298557478
-1.4286062966043926 0.026798080287059191

-1.4286062966043926 0.026798080287059191
-1.4254870688825489 0.027240879774697722

-1.4254870688825489 0.027240879774697722
-1.4223678411607052 0.0276788813223744

-1.4223678411607052 0.0276788813223744
-1.4195471286567514 0.02807304949659287

-1.4195471286567514 0.02807304949659287
-1.4192486134388616 0.028115974369253779

-1.4192486134388616 0.028115974369253779
-1.4161293857170181 0.028549554137962625

-1.4161293857170181 0.028549554137962625
-1.4130101579951744 0.028984369366154793

-1.4130101579951744 0.028984369366154793
-1.4098909302733307 0.029420019631169657

-1.4098909302733307 0.029420019631169657
-1.406771702551487 0.02985667372637461

-1.406771702551487 0.02985667372637461
-1.4036524748296433 0.030293859268201544

-1.4036524748296433 0.030293859268201544
-1.4005332471077998 0.030730673022312596

-1.4005332471077998 0.030730673022312596
-1.3974140193859561 0.031165174020266209

-1.3974140193859561 0.031165174020266209
-1.3972246336505043 0.03119227721843652

-1.3972246336505043 0.03119227721843652
-1.3942947916641124 0.031598738837242839

-1.3942947916641124 0.031598738837242839
-1.3911755639422687 0.032027649855884022

-1.3911755639422687 0.032027649855884022
-1.388056336220425 0.032452128400771586

-1.388056336220425 0.032452128400771586
-1.3849371084985815 0.032871794669243157

-1.3849371084985815 0.032871794669243157
-1.3818178807767378 0.033286835866102947

-1.3818178807767378 0.033286835866102947
-1.3786986530548941 0.033697906010717343

-1.3786986530548941 0.033697906010717343
-1.3755794253330504 0.034104548354694744

-1.3755794253330504 0.034104548354694744
-1.3740060606829838 0.034311504940280173

-1.3740060606829838 0.034311504940280173
-1.372460197611207 0.034514897730656531

-1.372460197611207 0.034514897730656531
-1.3693409698893633 0.034920609634160056

-1.3693409698893633 0.034920609634160056
-1.3662217421675196 0.035330404639108991

-1.3662217421675196 0.035330404639108991
-1.3631025144456759 0.0357444060785478

-1.3631025144456759 0.0357444060785478
-1.3599832867238322 0.036164344457976554

-1.3599832867238322 0.036164344457976554
-1.3568640590019887 0.036591728414263752

-1.3568640590019887 0.036591728414263752
-1.353744831280145 0.03702750861131808

-1.353744831280145 0.03702750861131808
-1.3509210195715327 0.037430732662123822

-1.3509210195715327 0.037430732662123822
-1.3506256035583013 0.03747419098403186

-1.3506256035583013 0.03747419098403186
-1.3475063758364576 0.037928110216382843

-1.3475063758364576 0.037928110216382843
-1.3443871481146139 0.038393298739325503

-1.3443871481146139 0.038393298739325503
-1.3412679203927704 0.038868177036069956

-1.3412679203927704 0.038868177036069956
-1.3381486926709267 0.039352280304866025

-1.3381486926709267 0.039352280304866025
-1.335029464949083 0.039845059711587492

-1.335029464949083 0.039845059711587492
-1.3319102372272393 0.040342921059665734

-1.3319102372272393 0.040342921059665734
-1.3306595596221173 0.040549960383967479

-1.3306595596221173 0.040549960383967479
-1.3287910095053956 0.040856870756922702

-1.3287910095053956 0.040856870756922702
-1.3256717817835522 0.041372383725132654

-1.3256717817835522 0.041372383725132654
-1.3225525540617085 0.041899263776139506

-1.3225525540617085 0.041899263776139506
-1.3194333263398648 0.042435837459659877

-1.3194333263398648 0.042435837459659877
-1.3163140986180211 0.042982429137446362

-1.3163140986180211 0.042982429137446362
-1.3131948708961774 0.043535721601711069

-1.3131948708961774 0.043535721601711069
-1.3124814645575118 0.043669188105811128

-1.3124814645575118 0.043669188105811128
-1.3100756431743339 0.044108347055026476

-1.3100756431743339 0.044108347055026476
-1.3069564154524902 0.044687158685134724

-1.3069564154524902 0.044687158685134724
-1.3038371877306465 0.045278943269960396

-1.3038371877306465 0.045278943269960396
-1.3007179600088028 0.045882087395610831

-1.3007179600088028 0.045882087395610831
-1.2975987322869591 0.046491287920216846

-1.2975987322869591 0.046491287920216846
-1.296130620164009 0.046788415827654778

-1.296130620164009 0.046788415827654778
-1.2944795045651156 0.047121717160111432

-1.2944795045651156 0.047121717160111432
-1.2913602768432719 0.047749804966472922

-1.2913602768432719 0.047749804966472922
-1.2882410491214282 0.048390206068022787

-1.2882410491214282 0.048390206068022787
-1.2851218213995845 0.049037900881567356

-1.2851218213995845 0.049037900881567356
-1.2820025936777411 0.04968625140072417

-1.2820025936777411 0.04968625140072417
-1.2809801560975769 0.049907643549498434

-1.2809801560975769 0.049907643549498434
-1.2788833659558974 0.050353475815377746

-1.2788833659558974 0.050353475815377746
-1.2757641382340537 0.051017291292129466

-1.2757641382340537 0.051017291292129466
-1.27264491051221 0.05169126065270415

-1.27264491051221 0.05169126065270415
-1.2695256827903663 0.052372683818769264

-1.2695256827903663 0.052372683818769264
-1.2665646143483922 0.053026871271342084

-1.2665646143483922 0.053026871271342084
-1.2664064550685228 0.053063650246859551

-1.2664064550685228 0.053063650246859551
-1.2632872273466791 0.053759998197747794

-1.2632872273466791 0.053759998197747794
-1.2601679996248354 0.054468545094019494

-1.2601679996248354 0.054468545094019494
-1.2570487719029917 0.055187510522433106

-1.2570487719029917 0.055187510522433106
-1.253929544181148 0.055909549307277394

-1.253929544181148 0.055909549307277394
-1.2529561708351711 0.056146098993185733

-1.2529561708351711 0.056146098993185733
-1.2508103164593045 0.056656111285775392

-1.2508103164593045 0.056656111285775392
-1.2476910887374608 0.057397773904481891

-1.2476910887374608 0.057397773904481891
-1.2445718610156171 0.058148232792895931

-1.2445718610156171 0.058148232792895931
-1.2414526332937734 0.058895675636023777

-1.2414526332937734 0.058895675636023777
-1.2399466882660284 0.05926532671502939

-1.2399466882660284 0.05926532671502939
-1.2383334055719297 0.059660469055187279

-1.2383334055719297 0.059660469055187279
-1.2352141778500862 0.060406589662193214

-1.2352141778500862 0.060406589662193214
-1.2320949501282425 0.061155612960372127

-1.2320949501282425 0.061155612960372127
-1.2289757224063989 0.0618969210445557

-1.2289757224063989 0.0618969210445557
-1.2269318726635068 0.06238455443687304

-1.2269318726635068 0.06238455443687304
-1.2258564946845552 0.062645899609634043

-1.2258564946845552 0.062645899609634043
-1.2227372669627115 0.063373447516513803

-1.2227372669627115 0.063373447516513803
-1.219618039240868 0.064104559337594888

-1.219618039240868 0.064104559337594888
-1.2164988115190243 0.064833332538383678

-1.2164988115190243 0.064833332538383678
-1.2136249330029167 0.065503782158716703

-1.2136249330029167 0.065503782158716703
-1.2133795837971806 0.065563975742324657

-1.2133795837971806 0.065563975742324657
-1.2102603560753369 0.066288734917661976

-1.2102603560753369 0.066288734917661976
-1.2071411283534932 0.067018004671462114

-1.2071411283534932 0.067018004671462114
-1.2040219006316497 0.067749164326078956

-1.2040219006316497 0.067749164326078956
-1.200902672909806 0.068476747239578084

-1.200902672909806 0.068476747239578084
-1.200304936477218 0.068623009880560346

-1.200304936477218 0.068623009880560346
-1.1977834451879623 0.069217563761146669

-1.1977834451879623 0.069217563761146669
-1.1946642174661186 0.069949428758351626

-1.1946642174661186 0.069949428758351626
-1.1915449897442751 0.070680243858424613

-1.1915449897442751 0.070680243858424613
-1.1884257620224314 0.071400826277044679

-1.1884257620224314 0.071400826277044679
-1.186969307406488 0.071742237602404002

-1.186969307406488 0.071742237602404002
-1.1853065343005877 0.072130377381182512

-1.1853065343005877 0.072130377381182512
-1.182187306578744 0.072836055780192477

-1.182187306578744 0.072836055780192477
-1.1790680788569003 0.073537060120285561

-1.1790680788569003 0.073537060120285561
-1.1759488511350569 0.074228013246839711

-1.1759488511350569 0.074228013246839711
-1.1730474165840761 0.074861465324247659

-1.1730474165840761 0.074861465324247659
-1.1728296234132132 0.074911335556642658

-1.1728296234132132 0.074911335556642658
-1.1697103956913695 0.07558043226297774

-1.1697103956913695 0.07558043226297774
-1.1665911679695258 0.076244006047867782

-1.1665911679695258 0.076244006047867782
-1.1634719402476821 0.07690144074914379

-1.1634719402476821 0.07690144074914379
-1.1603527125258386 0.077552005870999502

-1.1603527125258386 0.077552005870999502
-1.1583057091388334 0.077980693046091315

-1.1583057091388334 0.077980693046091315
-1.1572334848039949 0.078208938507833128

-1.1572334848039949 0.078208938507833128
-1.1541142570821512 0.078849284928052835

-1.1541142570821512 0.078849284928052835
-1.1509950293603075 0.079490530120862407

-1.1509950293603075 0.079490530120862407
-1.1478758016384638 0.08012702991176647

-1.1478758016384638 0.08012702991176647
-1.1447565739166203 0.080753788361367068

-1.1447565739166203 0.080753788361367068
-1.143038019451543 0.081099920767934958

-1.143038019451543 0.081099920767934958
-1.1416373461947766 0.081383374437591888

-1.1416373461947766 0.081383374437591888
-1.1385181184729329 0.081990581106753613

-1.1385181184729329 0.081990581106753613
-1.1353988907510892 0.082590084687299795

-1.1353988907510892 0.082590084687299795
-1.1322796630292455 0.083176709382492942

-1.1322796630292455 0.083176709382492942
-1.1291604353074021 0.083749444021578856

-1.1291604353074021 0.083749444021578856
-1.1265477113766642 0.084219148489778614

-1.1265477113766642 0.084219148489778614
-1.1260412075855584 0.084313004513551573

-1.1260412075855584 0.084313004513551573
-1.1229219798637147 0.084857961751687624

-1.1229219798637147 0.084857961751687624
-1.119802752141871 0.085395354287112452

-1.119802752141871 0.085395354287112452
-1.1166835244200273 0.085924415714819041

-1.1166835244200273 0.085924415714819041
-1.1135642966981838 0.086447823358093173

-1.1135642966981838 0.086447823358093173
-1.1104450689763401 0.086966999736450959

-1.1104450689763401 0.086966999736450959
-1.1082222328949938 0.087338376211622271

-1.1082222328949938 0.087338376211622271
-1.1073258412544964 0.08749084591911864

-1.1073258412544964 0.08749084591911864
-1.1042066135326527 0.088007338959214365

-1.1042066135326527 0.088007338959214365
-1.1010873858108092 0.088528041003789956

-1.1010873858108092 0.088528041003789956
-1.0979681580889655 0.089049858144485391

-1.0979681580889655 0.089049858144485391
-1.0948489303671218 0.089572034230194081

-1.0948489303671218 0.089572034230194081
-1.0917297026452781 0.090091663736330915

-1.0917297026452781 0.090091663736330915
-1.0895337513642971 0.090457603933465913

-1.0895337513642971 0.090457603933465913
-1.0886104749234344 0.090614095412224843

-1.0886104749234344 0.090614095412224843
-1.085491247201591 0.091123447600642796

-1.085491247201591 0.091123447600642796
-1.0823720194797473 0.091628491776540283

-1.0823720194797473 0.091628491776540283
-1.0792527917579036 0.092124491650534907

-1.0792527917579036 0.092124491650534907
-1.0761335640360599 0.092610889066043936

-1.0761335640360599 0.092610889066043936
-1.0730143363142162 0.093087950520639937

-1.0730143363142162 0.093087950520639937
-1.0698951085923727 0.093556014618734279

-1.0698951085923727 0.093556014618734279
-1.0697593814268747 0.09357683165530957

-1.0697593814268747 0.09357683165530957
-1.066775880870529 0.094018844419223244

-1.066775880870529 0.094018844419223244
-1.0636566531486853 0.094476267962038368

-1.0636566531486853 0.094476267962038368
-1.0605374254268416 0.094931603520641172

-1.0605374254268416 0.094931603520641172
-1.0574181977049979 0.095387484796725625

-1.0574181977049979 0.095387484796725625
-1.0542989699831544 0.095846122415385482

-1.0542989699831544 0.095846122415385482
-1.0511797422613107 0.096308832903748226

-1.0511797422613107 0.096308832903748226
-1.0486069233999225 0.096696059377153226

-1.0486069233999225 0.096696059377153226
-1.048060514539467 0.096780380198904267

-1.048060514539467 0.096780380198904267
-1.0449412868176233 0.097253497485991353

-1.0449412868176233 0.097253497485991353
-1.0418220590957796 0.09773486314651661

-1.0418220590957796 0.09773486314651661
-1.0387028313739362 0.098221662545356719

-1.0387028313739362 0.098221662545356719
-1.0355836036520925 0.098712937516228547

-1.0355836036520925 0.098712937516228547
-1.0324643759302488 0.099207597794240085

-1.0324643759302488 0.099207597794240085
-1.0293451482084051 0.099701597473373205

-1.0293451482084051 0.099701597473373205
-1.0286505376496096 0.099815287098996869

-1.0286505376496096 0.099815287098996869
-1.0262259204865614 0.10020335351977912

-1.0262259204865614 0.10020335351977912
-1.0231066927647179 0.10070216735446171

-1.0231066927647179 0.10070216735446171
-1.0199874650428742 0.1012030063882004

-1.0199874650428742 0.1012030063882004
-1.0168682373210305 0.1017055889120787

-1.0168682373210305 0.1017055889120787
-1.0137490095991868 0.1022107628085982

-1.0137490095991868 0.1022107628085982
-1.0106297818773433 0.10271675068232999

-1.0106297818773433 0.10271675068232999
-1.0093269563927281 0.10293451482084053

-1.0093269563927281 0.10293451482084053
-1.0075105541554996 0.10323611789454379

-1.0075105541554996 0.10323611789454379
-1.0043913264336559 0.10375460317259129

-1.0043913264336559 0.10375460317259129
-1.0012720987118122 0.10428286276099298

-1.0012720987118122 0.10428286276099298
-0.99815287098996874 0.10481913440472644

-0.99815287098996874 0.10481913440472644
-0.99503364326812505 0.10536336766598507

-0.99503364326812505 0.10536336766598507
-0.99191441554628146 0.10591125453758542

-0.99191441554628146 0.10591125453758542
-0.99113750129732436 0.10605374254268418

-0.99113750129732436 0.10605374254268418
-0.98879518782443776 0.10647376671791878

-0.98879518782443776 0.10647376671791878
-0.98567596010259406 0.10703563182943542

-0.98567596010259406 0.10703563182943542
-0.98255673238075047 0.10760264763778807

-0.98255673238075047 0.10760264763778807
-0.97943750465890678 0.10817248343758774

-0.97943750465890678 0.10817248343758774
-0.97631827693706319 0.10874295118078435

-0.97631827693706319 0.10874295118078435
-0.97398344290834815 0.10917297026452782

-0.97398344290834815 0.10917297026452782
-0.97319904921521949 0.10932082519637025

-0.97319904921521949 0.10932082519637025
-0.97007982149337579 0.10989120444337117

-0.97007982149337579 0.10989120444337117
-0.96696059377153221 0.11046772856283692

-0.96696059377153221 0.11046772856283692
-0.96384136604968851 0.11104747699702941

-0.96384136604968851 0.11104747699702941
-0.96072213832784492 0.11163128458067037

-0.96072213832784492 0.11163128458067037
-0.95760291060600122 0.11221744246979395

-0.95760291060600122 0.11221744246979395
-0.95722546131958997 0.11229219798637148

-0.95722546131958997 0.11229219798637148
-0.95448368288415764 0.11281572016016164

-0.95448368288415764 0.11281572016016164
-0.95136445516231394 0.11341776482659099

-0.95136445516231394 0.11341776482659099
-0.94824522744047024 0.11402783322119728

-0.94824522744047024 0.11402783322119728
-0.94512599971862665 0.11464507298115514

-0.94512599971862665 0.11464507298115514
-0.94200677199678295 0.11526406958133256

-0.94200677199678295 0.11526406958133256
-0.94129672368925377 0.11541142570821514

-0.94129672368925377 0.11541142570821514
-0.93888754427493937 0.11589772956877481

-0.93888754427493937 0.11589772956877481
-0.93576831655309567 0.11652725591395886

-0.93576831655309567 0.11652725591395886
-0.93264908883125197 0.11715881836160255

-0.93264908883125197 0.11715881836160255
-0.92952986110940838 0.11778855123249389

-0.92952986110940838 0.11778855123249389
-0.92641063338756469 0.11841023029217577

-0.92641063338756469 0.11841023029217577
-0.92582504976154856 0.11853065343005878

-0.92582504976154856 0.11853065343005878
-0.9232914056657211 0.11903536513824679

-0.9232914056657211 0.11903536513824679
-0.9201721779438774 0.11964913203787424

-0.9201721779438774 0.11964913203787424
-0.9170529502220337 0.12025797907051612

-0.9170529502220337 0.12025797907051612
-0.91393372250019012 0.1208616317180773

-0.91393372250019012 0.1208616317180773
-0.91081449477834642 0.12145771575175633

-0.91081449477834642 0.12145771575175633
-0.9098357723992001 0.12164988115190244

-0.9098357723992001 0.12164988115190244
-0.90769526705650283 0.12206258090623848

-0.90769526705650283 0.12206258090623848
-0.90457603933465913 0.12265895417751234

-0.90457603933465913 0.12265895417751234
-0.90145681161281555 0.12325911446465936

-0.90145681161281555 0.12325911446465936
-0.89833758389097185 0.12386295087303273

-0.89833758389097185 0.12386295087303273
-0.89521835616912815 0.12446752150790334

-0.89521835616912815 0.12446752150790334
-0.89370141739890885 0.12476910887374609

-0.89370141739890885 0.12476910887374609
-0.89209912844728456 0.1250872722728682

-0.89209912844728456 0.1250872722728682
-0.88897990072544086 0.125698133768432

-0.88897990072544086 0.125698133768432
-0.88586067300359728 0.12631335775657584

-0.88586067300359728 0.12631335775657584
-0.88274144528175358 0.12692712760884356

-0.88274144528175358 0.12692712760884356
-0.87962221755990988 0.12753347967600281

-0.87962221755990988 0.12753347967600281
-0.87779861455499031 0.12788833659558974

-0.87779861455499031 0.12788833659558974
-0.87650298983806629 0.12814245409999947

-0.87650298983806629 0.12814245409999947
-0.8733837621162226 0.128730281215169

-0.8733837621162226 0.128730281215169
-0.87026453439437901 0.12931059096802949

-0.87026453439437901 0.12931059096802949
-0.86714530667253531 0.12987821836687935

-0.86714530667253531 0.12987821836687935
-0.86402607895069172 0.13043311973593438

-0.86402607895069172 0.13043311973593438
-0.86090685122884802 0.13097442541557283

-0.86090685122884802 0.13097442541557283
-0.86071977066972905 0.13100756431743341

-0.86071977066972905 0.13100756431743341
-0.85778762350700433 0.13150727437882115

-0.85778762350700433 0.13150727437882115
-0.85466839578516074 0.13202975381364015

-0.85466839578516074 0.13202975381364015
-0.85154916806331704 0.13254531160958249

-0.85154916806331704 0.13254531160958249
-0.84842994034147345 0.13305599916252384

-0.84842994034147345 0.13305599916252384
-0.84531071261962976 0.13356381637113221

-0.84531071261962976 0.13356381637113221
-0.84219148489778606 0.13406907675934612

-0.84219148489778606 0.13406907675934612
-0.8418475406254442 0.13412679203927705

-0.8418475406254442 0.13412679203927705
-0.83907225717594247 0.13457772036338128

-0.83907225717594247 0.13457772036338128
-0.83595302945409877 0.13508315527823289

-0.83595302945409877 0.13508315527823289
-0.83283380173225519 0.13558814652590889

-0.83283380173225519 0.13558814652590889
-0.82971457401041149 0.1360914536609788

-0.82971457401041149 0.1360914536609788
-0.82659534628856779 0.13659182094976191

-0.82659534628856779 0.13659182094976191
-0.8234761185667242 0.13708470367950176

-0.8234761185667242 0.13708470367950176
-0.82246650100359453 0.13724601976112069

-0.82246650100359453 0.13724601976112069
-0.8203568908448805 0.13757831032458145

-0.8203568908448805 0.13757831032458145
-0.81723766312303692 0.13805801084172825

-0.81723766312303692 0.13805801084172825
-0.81411843540119322 0.13852929176732093

-0.81411843540119322 0.13852929176732093
-0.81099920767934963 0.13898986270066915

-0.81099920767934963 0.13898986270066915
-0.80787997995750593 0.13943931347907307

-0.80787997995750593 0.13943931347907307
-0.80476075223566224 0.13987789221949168

-0.80476075223566224 0.13987789221949168
-0.80164152451381865 0.14030495458240735

-0.80164152451381865 0.14030495458240735
-0.80120467326696032 0.14036524748296436

-0.80120467326696032 0.14036524748296436
-0.79852229679197495 0.14072636657726417

-0.79852229679197495 0.14072636657726417
-0.79540306907013136 0.14113820589157178

-0.79540306907013136 0.14113820589157178
-0.79228384134828767 0.141544248527851

-0.79228384134828767 0.141544248527851
-0.78916461362644397 0.14194599294425189

-0.78916461362644397 0.14194599294425189
-0.78604538590460038 0.14234495545287956

-0.78604538590460038 0.14234495545287956
-0.78292615818275668 0.14274194621370387

-0.78292615818275668 0.14274194621370387
-0.77980693046091309 0.14313703030723013

-0.77980693046091309 0.14313703030723013
-0.77705091837301477 0.143484475204808

-0.77705091837301477 0.143484475204808
-0.7766877027390694 0.14353139476325033

-0.7766877027390694 0.14353139476325033
-0.77356847501722581 0.14392039549898283

-0.77356847501722581 0.14392039549898283
-0.77044924729538211 0.14430650834896452

-0.77044924729538211 0.14430650834896452
-0.76733001957353841 0.14468710301985693

-0.76733001957353841 0.14468710301985693
-0.76421079185169483 0.14506063577542944

-0.76421079185169483 0.14506063577542944
-0.76109156412985113 0.14542571329184734

-0.76109156412985113 0.14542571329184734
-0.75797233640800754 0.14578109563967742

-0.75797233640800754 0.14578109563967742
-0.75485310868616384 0.14612590574096937

-0.75485310868616384 0.14612590574096937
-0.75173388096432014 0.14645874822831786

-0.75173388096432014 0.14645874822831786
-0.75034814433103669 0.14660370292665165

-0.75034814433103669 0.14660370292665165
-0.74861465324247656 0.14678443249126907

-0.74861465324247656 0.14678443249126907
-0.74549542552063286 0.14709745537545973

-0.74549542552063286 0.14709745537545973
-0.74237619779878927 0.14740308737668467

-0.74237619779878927 0.14740308737668467
-0.73925697007694557 0.14770213023936454

-0.73925697007694557 0.14770213023936454
-0.73613774235510188 0.14799660229879127

-0.73613774235510188 0.14799660229879127
-0.73301851463325829 0.14828874902123929

-0.73301851463325829 0.14828874902123929
-0.72989928691141459 0.14858074682417688

-0.72989928691141459 0.14858074682417688
-0.726780059189571 0.14887442044221885

-0.726780059189571 0.14887442044221885
-0.72366083146772731 0.14917091888063752

-0.72366083146772731 0.14917091888063752
-0.72054160374588372 0.14947047114977294

-0.72054160374588372 0.14947047114977294
-0.71794121932540222 0.14972293064849532

-0.71794121932540222 0.14972293064849532
-0.71742237602404002 0.14977413764487213

-0.71742237602404002 0.14977413764487213
-0.71430314830219632 0.15007814053815274

-0.71430314830219632 0.15007814053815274
-0.71118392058035274 0.15038390762941609

-0.71118392058035274 0.15038390762941609
-0.70806469285850904 0.15068861244528106

-0.70806469285850904 0.15068861244528106
-0.70494546513666545 0.15099005014097355

-0.70494546513666545 0.15099005014097355
-0.70182623741482175 0.15128602667552787

-0.70182623741482175 0.15128602667552787
-0.69870700969297805 0.15157454052518493

-0.69870700969297805 0.15157454052518493
-0.69558778197113447 0.15185420833396007

-0.69558778197113447 0.15185420833396007
-0.69246855424929077 0.15212437943809812

-0.69246855424929077 0.15212437943809812
-0.68934932652744718 0.15238515546740031

-0.68934932652744718 0.15238515546740031
-0.68623009880560348 0.15263733357529599

-0.68623009880560348 0.15263733357529599
-0.68362501169549905 0.15284215837033896

-0.68362501169549905 0.15284215837033896
-0.6831108710837599 0.15288311154227457

-0.6831108710837599 0.15288311154227457
-0.6799916433619162 0.15312221089217459

-0.6799916433619162 0.15312221089217459
-0.6768724156400725 0.15335866503197135

-0.6768724156400725 0.15335866503197135
-0.67375318791822891 0.15359426134154647

-0.67375318791822891 0.15359426134154647
-0.67063396019638521 0.15383121386850521

-0.67063396019638521 0.15383121386850521
-0.66751473247454163 0.15407136985838377

-0.66751473247454163 0.15407136985838377
-0.66439550475269793 0.15431588888587219

-0.66439550475269793 0.15431588888587219
-0.66127627703085423 0.15456506249740576

-0.66127627703085423 0.15456506249740576
-0.65815704930901064 0.15481810813206437

-0.65815704930901064 0.15481810813206437
-0.65503782158716695 0.15507336009688075

-0.65503782158716695 0.15507336009688075
-0.65191859386532336 0.15532869895923584

-0.65191859386532336 0.15532869895923584
-0.64879936614347966 0.15558167102107784

-0.64879936614347966 0.15558167102107784
-0.64568013842163596 0.15582907409960406

-0.64568013842163596 0.15582907409960406
-0.64397201261080428 0.1559613860921826

-0.64397201261080428 0.1559613860921826
-0.64256091069979238 0.1560708558956786

-0.64256091069979238 0.1560708558956786
-0.63944168297794868 0.15630184113799095

-0.63944168297794868 0.15630184113799095
-0.63632245525610509 0.15652322111592937

-0.63632245525610509 0.15652322111592937
-0.63320322753426139 0.15673371349969559

-0.63320322753426139 0.15673371349969559
-0.63008399981241781 0.15693317897640954

-0.63008399981241781 0.15693317897640954
-0.62696477209057411 0.15712210869685925

-0.62696477209057411 0.15712210869685925
-0.62384554436873041 0.15730164058285695

-0.62384554436873041 0.15730164058285695
-0.62072631664688682 0.15747317657427912

-0.62072631664688682 0.15747317657427912
-0.61760708892504312 0.15763822323137611

-0.61760708892504312 0.15763822323137611
-0.61448786120319954 0.15779840017394672

-0.61448786120319954 0.15779840017394672
-0.61136863348135584 0.15795525920165776

-0.61136863348135584 0.15795525920165776
-0.60824940575951214 0.15810999626072683

-0.60824940575951214 0.15810999626072683
-0.60513017803766855 0.15826319849559306

-0.60513017803766855 0.15826319849559306
-0.60201095031582486 0.15841478469733755

-0.60201095031582486 0.15841478469733755
-0.59889172259398127 0.15856407302974029

-0.59889172259398127 0.15856407302974029
-0.59577249487213757 0.15871004300861752

-0.59577249487213757 0.15871004300861752
-0.59265326715029398 0.15885157045106951

-0.59265326715029398 0.15885157045106951
-0.58953403942845028 0.15898734275641244

-0.58953403942845028 0.15898734275641244
-0.58953403942845028 0.15898734275641244

-0.58953403942845028 0.15898734275641244
-0.5872773642746264 0.15908061381402627

-0.5872773642746264 0.15908061381402627
-0.58641481170660659 0.15911641836962734

-0.58641481170660659 0.15911641836962734
-0.583295583984763 0.15923690149671274

-0.583295583984763 0.15923690149671274
-0.5801763562629193 0.15934879603404417

-0.5801763562629193 0.15934879603404417
-0.57705712854107571 0.15945163338892157

-0.57705712854107571 0.15945163338892157
-0.57393790081923202 0.15954536945391179

-0.57393790081923202 0.15954536945391179
-0.57081867309738832 0.15963013337455981

-0.57081867309738832 0.15963013337455981
-0.56769944537554473 0.15970627333254714

-0.56769944537554473 0.15970627333254714
-0.56458021765370103 0.15977439244851371

-0.56458021765370103 0.15977439244851371
-0.56146098993185745 0.15983527656927671

-0.56146098993185745 0.15983527656927671
-0.55834176221001375 0.15988970176190234

-0.55834176221001375 0.15988970176190234
-0.55522253448817016 0.15993829534465001

-0.55522253448817016 0.15993829534465001
-0.55210330676632646 0.15998146710334088

-0.55210330676632646 0.15998146710334088
-0.54898407904448276 0.16001930033563982

-0.54898407904448276 0.16001930033563982
-0.54586485132263918 0.16005152509573678

-0.54586485132263918 0.16005152509573678
-0.54274562360079548 0.16007769172686559

-0.54274562360079548 0.16007769172686559
-0.53962639587895189 0.16009722885933317

-0.53962639587895189 0.16009722885933317
-0.53650716815710819 0.1601091703676831

-0.53650716815710819 0.1601091703676831
-0.5333879404352645 0.16011205749154336

-0.5333879404352645 0.16011205749154336
-0.53026871271342091 0.16010441983446971

-0.53026871271342091 0.16010441983446971
-0.52714948499157721 0.16008521681319665

-0.52714948499157721 0.16008521681319665
-0.52403025726973362 0.16005356690757241

-0.52403025726973362 0.16005356690757241
-0.52091102954788993 0.16000831707300547

-0.52091102954788993 0.16000831707300547
-0.51779180182604623 0.15994841320991748

-0.51779180182604623 0.15994841320991748
-0.51467257410420264 0.15987374686173705

-0.51467257410420264 0.15987374686173705
-0.51155334638235894 0.15978522865795053

-0.51155334638235894 0.15978522865795053
-0.50843411866051536 0.15968406145491085

-0.50843411866051536 0.15968406145491085
-0.50531489093867166 0.15957129488104163

-0.50531489093867166 0.15957129488104163
-0.50219566321682807 0.15944793288746287

-0.50219566321682807 0.15944793288746287
-0.49907643549498437 0.15931555826303515

-0.49907643549498437 0.15931555826303515
-0.49595720777314073 0.15917701332151635

-0.49595720777314073 0.15917701332151635
-0.49385538262250867 0.15908061381402627

-0.49385538262250867 0.15908061381402627
-0.49283798005129709 0.15903375713281595

-0.49283798005129709 0.15903375713281595
-0.48971875232945339 0.15888692783701272

-0.48971875232945339 0.15888692783701272
-0.48659952460760975 0.15873526671591986

-0.48659952460760975 0.15873526671591986
-0.4834802968857661 0.15857891414814107

-0.4834802968857661 0.15857891414814107
-0.48036106916392246 0.15841701633923741

-0.48036106916392246 0.15841701633923741
-0.47724184144207882 0.15824798324263856

-0.47724184144207882 0.15824798324263856
-0.47412261372023518 0.15807002045395091

-0.47412261372023518 0.15807002045395091
-0.47100338599839148 0.15788126375072442

-0.47100338599839148 0.15788126375072442
-0.46788415827654783 0.15767940518962728

-0.46788415827654783 0.15767940518962728
-0.46476493055470419 0.15746239876739904

-0.46476493055470419 0.15746239876739904
-0.46164570283286055 0.15722949730280272

-0.46164570283286055 0.15722949730280272
-0.45852647511101691 0.15698069108409851

-0.45852647511101691 0.15698069108409851
-0.45540724738917326 0.15671571390530459

-0.45540724738917326 0.15671571390530459
-0.45228801966732957 0.15643430541991157

-0.45228801966732957 0.15643430541991157
-0.44916879194548592 0.15613932223042981

-0.44916879194548592 0.15613932223042981
-0.44736865001853782 0.1559613860921826

-0.44736865001853782 0.1559613860921826
-0.44604956422364228 0.15583044689468462

-0.44604956422364228 0.15583044689468462
-0.44293033650179864 0.15551412821627356

-0.44293033650179864 0.15551412821627356
-0.439811108779955 0.15518694678289593

-0.439811108779955 0.15518694678289593
-0.4366918810581113 0.15485154007882862

-0.4366918810581113 0.15485154007882862
-0.43357265333626765 0.15450946150753209

-0.43357265333626765 0.15450946150753209
-0.43045342561442401 0.15416176013811447

-0.43045342561442401 0.15416176013811447
-0.42733419789258037 0.15380807601259433

-0.42733419789258037 0.15380807601259433
-0.42421497017073673 0.15344627620687179

-0.42421497017073673 0.15344627620687179
-0.42109574244889308 0.15307664779011962

-0.42109574244889308 0.15307664779011962
-0.41917587100677156 0.15284215837033896

-0.41917587100677156 0.15284215837033896
-0.41797651472704939 0.15269457634410522

-0.41797651472704939 0.15269457634410522
-0.41485728700520574 0.15230630463178105

-0.41485728700520574 0.15230630463178105
-0.4117380592833621 0.15190297594637267

-0.4117380592833621 0.15190297594637267
-0.40861883156151846 0.15148454907109787

-0.40861883156151846 0.15148454907109787
-0.40549960383967482 0.15104914281220663

-0.40549960383967482 0.15104914281220663
-0.40238037611783117 0.15059583056735409

-0.40238037611783117 0.15059583056735409
-0.39926114839598748 0.15012575974254541

-0.39926114839598748 0.15012575974254541
-0.39668188801901499 0.14972293064849532

-0.39668188801901499 0.14972293064849532
-0.39614192067414383 0.14963633296487275

-0.39614192067414383 0.14963633296487275
-0.39302269295230019 0.14913615306317232

-0.39302269295230019 0.14913615306317232
-0.38990346523045655 0.14861768843418843

-0.38990346523045655 0.14861768843418843
-0.3867842375086129 0.14808354732469042

-0.3867842375086129 0.14808354732469042
-0.38366500978676926 0.14753522833991364

-0.38366500978676926 0.14753522833991364
-0.38054578206492556 0.14697766302733337

-0.38054578206492556 0.14697766302733337
-0.37850718597844785 0.14660370292665165

-0.37850718597844785 0.14660370292665165
-0.37742655434308192 0.14640256141760785

-0.37742655434308192 0.14640256141760785
-0.37430732662123828 0.14582714334810065

-0.37430732662123828 0.14582714334810065
-0.37118809889939464 0.14523739710280414

-0.37118809889939464 0.14523739710280414
-0.36806887117755099 0.14463876137918899

-0.36806887117755099 0.14463876137918899
-0.36494964345570735 0.14403202831033274

-0.36494964345570735 0.14403202831033274
-0.36218256237849866 0.143484475204808

-0.36218256237849866 0.143484475204808
-0.36183041573386365 0.14341198473268491

-0.36183041573386365 0.14341198473268491
-0.35871118801202001 0.14278721250366125

-0.35871118801202001 0.14278721250366125
-0.35559196029017637 0.14214769377157641

-0.35559196029017637 0.14214769377157641
-0.35247273256833273 0.14149372543627436

-0.35247273256833273 0.14149372543627436
-0.34935350484648908 0.14082545211287872

-0.34935350484648908 0.14082545211287872
-0.34728948369780682 0.14036524748296436

-0.34728948369780682 0.14036524748296436
-0.34623427712464538 0.14012543384241477

-0.34623427712464538 0.14012543384241477
-0.34311504940280174 0.13941726993905523

-0.34311504940280174 0.13941726993905523
-0.3399958216809581 0.13867944721037051

-0.3399958216809581 0.13867944721037051
-0.33687659395911446 0.1379173339149084

-0.33687659395911446 0.1379173339149084
-0.33422734127844506 0.13724601976112069

-0.33422734127844506 0.13724601976112069
-0.33375736623727081 0.13712127300177251

-0.33375736623727081 0.13712127300177251
-0.33063813851542717 0.13631032498516008

-0.33063813851542717 0.13631032498516008
-0.32751891079358347 0.13546626909054957

-0.32751891079358347 0.13546626909054957
-0.32439968307173983 0.13460531025228156

-0.32439968307173983 0.13460531025228156
-0.32274350680133407 0.13412679203927705

-0.32274350680133407 0.13412679203927705
-0.32128045534989619 0.13370186769126866

-0.32128045534989619 0.13370186769126866
-0.31816122762805255 0.13280436329413403

-0.31816122762805255 0.13280436329413403
-0.3150419999062089 0.13188074764482344

-0.3150419999062089 0.13188074764482344
-0.31214146943332677 0.13100756431743341

-0.31214146943332677 0.13100756431743341
-0.31192277218436526 0.13093713170634524

-0.31192277218436526 0.13093713170634524
-0.30880354446252156 0.12999023330073151

-0.30880354446252156 0.12999023330073151
-0.30568431674067792 0.12902677545191271

-0.30568431674067792 0.12902677545191271
-0.30256508901883428 0.1280576279860039

-0.30256508901883428 0.1280576279860039
-0.30206399417183044 0.12788833659558974

-0.30206399417183044 0.12788833659558974
-0.29944586129699063 0.12705128043081224

-0.29944586129699063 0.12705128043081224
-0.29632663357514699 0.12604030729246415

-0.29632663357514699 0.12604030729246415
-0.29320740585330335 0.12501808169465434

-0.29320740585330335 0.12501808169465434
-0.29250938989266373 0.12476910887374609

-0.29250938989266373 0.12476910887374609
-0.29008817813145965 0.12394537868617676

-0.29008817813145965 0.12394537868617676
-0.28696895040961601 0.12286612836148937

-0.28696895040961601 0.12286612836148937
-0.28384972268777237 0.12175804789416028

-0.28384972268777237 0.12175804789416028
-0.28357810519358179 0.12164988115190244

-0.28357810519358179 0.12164988115190244
-0.28073049496592872 0.1206007641767121

-0.28073049496592872 0.1206007641767121
-0.27761126724408508 0.11942757483376071

-0.27761126724408508 0.11942757483376071
-0.27531835908084662 0.11853065343005878

-0.27531835908084662 0.11853065343005878
-0.27449203952224144 0.11819137440589891

-0.27449203952224144 0.11819137440589891
-0.27137281180039774 0.11696460580583258

-0.27137281180039774 0.11696460580583258
-0.2682535840785541 0.11570484662550456

-0.2682535840785541 0.11570484662550456
-0.26759980974667263 0.11541142570821514

-0.26759980974667263 0.11541142570821514
-0.26513435635671045 0.11437150345654692

-0.26513435635671045 0.11437150345654692
-0.26201512863486681 0.11305579760856227

-0.26201512863486681 0.11305579760856227
-0.26030754180449878 0.11229219798637148

-0.26030754180449878 0.11229219798637148
-0.25889590091302317 0.11165348167435879

-0.25889590091302317 0.11165348167435879
-0.25577667319117953 0.11028871458236207

-0.25577667319117953 0.11028871458236207
-0.25333162393950048 0.10917297026452782

-0.25333162393950048 0.10917297026452782
-0.25265744546933583 0.10884370395946072

-0.25265744546933583 0.10884370395946072
-0.24953821774749216 0.10742758902736368

-0.24953821774749216 0.10742758902736368
-0.246614886593751 0.10605374254268418

-0.246614886593751 0.10605374254268418
-0.24641899002564852 0.10595101902869314

-0.24641899002564852 0.10595101902869314
-0.24329976230380487 0.10446994869398864

-0.24329976230380487 0.10446994869398864
-0.2401805345819612 0.10295163538622543

-0.2401805345819612 0.10295163538622543
-0.24015023645490013 0.10293451482084053

-0.24015023645490013 0.10293451482084053
-0.23706130686011756 0.1013996583589076

-0.23706130686011756 0.1013996583589076
-0.23394207913827392 0.099819811235466738

-0.23394207913827392 0.099819811235466738
-0.23393443656697838 0.099815287098996869

-0.23393443656697838 0.099815287098996869
-0.23082285141643025 0.09820640381669965

-0.23082285141643025 0.09820640381669965
-0.22797445210053979 0.096696059377153226

-0.22797445210053979 0.096696059377153226
-0.2277036236945866 0.096534488318853223

-0.2277036236945866 0.096534488318853223
-0.22458439597274296 0.094871528225274074

-0.22458439597274296 0.094871528225274074
-0.22227397247682404 0.09357683165530957

-0.22227397247682404 0.09357683165530957
-0.22146516825089929 0.093089962966739589

-0.22146516825089929 0.093089962966739589
-0.21834594052905565 0.091389398443650113

-0.21834594052905565 0.091389398443650113
-0.21679852275289124 0.090457603933465913

-0.21679852275289124 0.090457603933465913
-0.21522671280721201 0.089510667400713617

-0.21522671280721201 0.089510667400713617
-0.21210748508536834 0.087727299937636158

-0.21210748508536834 0.087727299937636158
-0.21152729224418898 0.087338376211622271

-0.21152729224418898 0.087338376211622271
-0.20898825736352469 0.085790822649667337

-0.20898825736352469 0.085790822649667337
-0.2064541178265677 0.084219148489778614

-0.2064541178265677 0.084219148489778614
-0.20586902964168105 0.083818420332925983

-0.20586902964168105 0.083818420332925983
-0.20274980191983738 0.081940178864557678

-0.20274980191983738 0.081940178864557678
-0.2015144600276447 0.081099920767934958

-0.2015144600276447 0.081099920767934958
-0.19963057419799374 0.079860231532397602

-0.19963057419799374 0.079860231532397602
-0.1967155966256843 0.077980693046091315

-0.1967155966256843 0.077980693046091315
-0.19651134647615007 0.077830639673202459

-0.19651134647615007 0.077830639673202459
-0.19339211875430642 0.075831256370992375

-0.19339211875430642 0.075831256370992375
-0.19201832994973378 0.074861465324247659

-0.19201832994973378 0.074861465324247659
-0.19027289103246278 0.073652865085280073

-0.19027289103246278 0.073652865085280073
-0.18742482351642398 0.071742237602404002

-0.18742482351642398 0.071742237602404002
-0.18715366331061911 0.071536615156254799

-0.18715366331061911 0.071536615156254799
-0.18403443558877547 0.069455218507754574

-0.18403443558877547 0.069455218507754574
-0.18292783263480222 0.068623009880560346

-0.18292783263480222 0.068623009880560346
-0.18091520786693183 0.067174554394884484

-0.18091520786693183 0.067174554394884484
-0.17859024234489523 0.065503782158716703

-0.17859024234489523 0.065503782158716703
-0.17779598014508816 0.064888062208804609

-0.17779598014508816 0.064888062208804609
-0.17467675242324451 0.062707222587441533

-0.17467675242324451 0.062707222587441533
-0.17427888980327647 0.06238455443687304

-0.17427888980327647 0.06238455443687304
-0.17155752470140087 0.060368914771999932

-0.17155752470140087 0.060368914771999932
-0.17018573739028714 0.05926532671502939

-0.17018573739028714 0.05926532671502939
-0.1684382969795572 0.057875707144139095

-0.1684382969795572 0.057875707144139095
-0.16626123863098344 0.056146098993185733

-0.16626123863098344 0.056146098993185733
-0.16531906925771356 0.05535634962822869

-0.16531906925771356 0.05535634962822869
-0.1623608331378367 0.053026871271342084

-0.1623608331378367 0.053026871271342084
-0.16219984153586992 0.05288694471531228

-0.16219984153586992 0.05288694471531228
-0.15908061381402624 0.050404392884610079

-0.15908061381402624 0.050404392884610079
-0.1585175401455893 0.049907643549498434

-0.1585175401455893 0.049907643549498434
-0.1559613860921826 0.047773475031857693

-0.1559613860921826 0.047773475031857693
-0.15485124723070887 0.046788415827654778

-0.15485124723070887 0.046788415827654778
-0.15284215837033896 0.045041549046409349

-0.15284215837033896 0.045041549046409349
-0.15130069274266539 0.043669188105811128

-0.15130069274266539 0.043669188105811128
-0.14972293064849529 0.042259815928281139

-0.14972293064849529 0.042259815928281139
-0.14780678216363033 0.040549960383967479

-0.14780678216363033 0.040549960383967479
-0.14660370292665165 0.039454188305567114

-0.14660370292665165 0.039454188305567114
-0.14434043166999139 0.037430732662123822

-0.14434043166999139 0.037430732662123822
-0.143484475204808 0.036639646388372374

-0.143484475204808 0.036639646388372374
-0.14088717875825393 0.034311504940280173

-0.14088717875825393 0.034311504940280173
-0.14036524748296433 0.033823167825161232

-0.14036524748296433 0.033823167825161232
-0.13744739738239065 0.03119227721843652

-0.13744739738239065 0.03119227721843652
-0.13724601976112069 0.0310016018666717

-0.13724601976112069 0.0310016018666717
-0.13412679203927705 0.028153942506137963

-0.13412679203927705 0.028153942506137963
-0.13404244208424895 0.02807304949659287

-0.13404244208424895 0.02807304949659287
-0.13100756431743338 0.025236672150024408

-0.13100756431743338 0.025236672150024408
-0.13071617401668378 0.024953821774749217

-0.13071617401668378 0.024953821774749217
-0.12788833659558974 0.022239024885584529

-0.12788833659558974 0.022239024885584529
-0.12747755921801507 0.021834594052905568

-0.12747755921801507 0.021834594052905568
-0.12476910887374608 0.019161542016991686

-0.12476910887374608 0.019161542016991686
-0.1243231755530595 0.018715366331061915

-0.1243231755530595 0.018715366331061915
-0.12164988115190242 0.015998927855059245

-0.12164988115190242 0.015998927855059245
-0.12125409800011136 0.01559613860921826

-0.12125409800011136 0.01559613860921826
-0.11853065343005878 0.012742613684460329

-0.11853065343005878 0.012742613684460329
-0.11827379420243302 0.012476910887374609

-0.11827379420243302 0.012476910887374609
-0.11541142570821512 0.0093817400782633086

-0.11541142570821512 0.0093817400782633086
-0.11538850309420015 0.0093576831655309556

-0.11538850309420015 0.0093576831655309556
-0.11257737496118296 0.0062384554436873043

-0.11257737496118296 0.0062384554436873043
-0.11229219798637147 0.005933936425054717

-0.11229219798637147 0.005933936425054717
-0.1097943678955666 0.0031192277218436517

-0.1097943678955666 0.0031192277218436517
-0.10917297026452782 0.002444107311546641

-0.10917297026452782 0.002444107311546641
-0.10702027767046791 0

-0.10702027767046791 0
-0.10605374254268417 -0.0010691726046760123

-0.10605374254268417 -0.0010691726046760123
-0.10605374254268417 -0.0010691726046760123

-0.10605374254268417 -0.0010691726046760123
-0.10425238443432494 -0.0031192277218436521

-0.10425238443432494 -0.0031192277218436521
-0.10293451482084051 -0.0046081284589601706

-0.10293451482084051 -0.0046081284589601706
-0.10150285319360836 -0.0062384554436873043

-0.10150285319360836 -0.0062384554436873043
-0.099815287098996869 -0.0081992767602388199

-0.099815287098996869 -0.0081992767602388199
-0.099815287098996869 -0.0081992767602388199

-0.099815287098996869 -0.0081992767602388199
-0.098798660056858167 -0.0093576831655309573

-0.098798660056858167 -0.0093576831655309573
-0.096696059377153212 -0.011892020008791856

-0.096696059377153212 -0.011892020008791856
-0.096182262639267657 -0.012476910887374609

-0.096182262639267657 -0.012476910887374609
-0.093687357597018378 -0.015596138609218262

-0.093687357597018378 -0.015596138609218262
-0.093576831655309556 -0.015722388777744001

-0.093576831655309556 -0.015722388777744001
-0.091192733504443096 -0.018715366331061911

-0.091192733504443096 -0.018715366331061911
-0.090457603933465913 -0.019577662770255279

-0.090457603933465913 -0.019577662770255279
-0.088633463118219791 -0.021834594052905564

-0.088633463118219791 -0.021834594052905564
-0.087338376211622257 -0.023405376343684958

-0.087338376211622257 -0.023405376343684958
-0.086064228924088312 -0.024953821774749217

-0.086064228924088312 -0.024953821774749217
-0.0842191484897786 -0.027302189656048775

-0.0842191484897786 -0.027302189656048775
-0.083576581211876708 -0.028073049496592867

-0.083576581211876708 -0.028073049496592867
-0.081246614060571348 -0.03119227721843652

-0.081246614060571348 -0.03119227721843652
-0.081099920767934958 -0.03136816286870453

-0.081099920767934958 -0.03136816286870453
-0.078899486441507488 -0.034311504940280173

-0.078899486441507488 -0.034311504940280173
-0.077980693046091301 -0.035460393568853887

-0.077980693046091301 -0.035460393568853887
-0.076463769024297232 -0.037430732662123829

-0.076463769024297232 -0.037430732662123829
-0.074861465324247645 -0.039548115279123032

-0.074861465324247645 -0.039548115279123032
-0.074065872815363754 -0.040549960383967479

-0.074065872815363754 -0.040549960383967479
-0.071833412861819129 -0.043669188105811135

-0.071833412861819129 -0.043669188105811135
-0.071742237602403988 -0.043781955825403222

-0.071742237602403988 -0.043781955825403222
-0.069588511834756145 -0.046788415827654785

-0.069588511834756145 -0.046788415827654785
-0.068623009880560346 -0.048044576159589292

-0.068623009880560346 -0.048044576159589292
-0.067233015679834376 -0.049907643549498434

-0.067233015679834376 -0.049907643549498434
-0.065503782158716689 -0.05229325379063951

-0.065503782158716689 -0.05229325379063951
-0.064930112834789971 -0.053026871271342091

-0.064930112834789971 -0.053026871271342091
-0.062778675388581895 -0.05614609899318574

-0.062778675388581895 -0.05614609899318574
-0.062384554436873046 -0.056646912814239017

-0.062384554436873046 -0.056646912814239017
-0.060512018582587389 -0.05926532671502939

-0.060512018582587389 -0.05926532671502939
-0.05926532671502939 -0.060931078058966956

-0.05926532671502939 -0.060931078058966956
-0.058165714254222955 -0.062384554436873046

-0.058165714254222955 -0.062384554436873046
-0.05614609899318574 -0.065202361561783287

-0.05614609899318574 -0.065202361561783287
-0.055904956992611207 -0.065503782158716689

-0.055904956992611207 -0.065503782158716689
-0.053708859498072643 -0.068623009880560346

-0.053708859498072643 -0.068623009880560346
-0.053026871271342091 -0.06948357075196239

-0.053026871271342091 -0.06948357075196239
-0.051342550260384402 -0.071742237602403988

-0.051342550260384402 -0.071742237602403988
-0.049907643549498434 -0.073598188805350462

-0.049907643549498434 -0.073598188805350462
-0.048901827902743271 -0.074861465324247645

-0.048901827902743271 -0.074861465324247645
-0.046788415827654785 -0.077636935275640792

-0.046788415827654785 -0.077636935275640792
-0.046499304331242323 -0.077980693046091301

-0.046499304331242323 -0.077980693046091301
-0.044116714117338057 -0.081099920767934958

-0.044116714117338057 -0.081099920767934958
-0.043669188105811135 -0.081618950359477083

-0.043669188105811135 -0.081618950359477083
-0.041552692867157202 -0.0842191484897786

-0.041552692867157202 -0.0842191484897786
-0.040549960383967479 -0.085355887347228904

-0.040549960383967479 -0.085355887347228904
-0.038818570074889952 -0.087338376211622257

-0.038818570074889952 -0.087338376211622257
-0.037430732662123829 -0.08885745156251891

-0.037430732662123829 -0.08885745156251891
-0.035941969990580434 -0.090457603933465913

-0.035941969990580434 -0.090457603933465913
-0.034311504940280173 -0.092148880694362043

-0.034311504940280173 -0.092148880694362043
-0.032888842759865818 -0.093576831655309556

-0.032888842759865818 -0.093576831655309556
-0.03119227721843652 -0.095220976478842312

-0.03119227721843652 -0.095220976478842312
-0.029606926449356349 -0.096696059377153212

-0.029606926449356349 -0.096696059377153212
-0.028073049496592867 -0.098085806070560264

-0.028073049496592867 -0.098085806070560264
-0.026004353233192973 -0.099815287098996869

-0.026004353233192973 -0.099815287098996869
-0.024953821774749217 -0.10070216311243889

-0.024953821774749217 -0.10070216311243889
-0.024953821774749217 -0.10070216311243889

-0.024953821774749217 -0.10070216311243889
-0.021834594052905564 -0.10293368466722208

-0.021834594052905564 -0.10293368466722208
-0.021833507025339913 -0.10293451482084051

-0.021833507025339913 -0.10293451482084051
-0.018715366331061911 -0.10495915048608427

-0.018715366331061911 -0.10495915048608427
-0.016880867569917805 -0.10605374254268417

-0.016880867569917805 -0.10605374254268417
-0.015596138609218262 -0.10683258797924271

-0.015596138609218262 -0.10683258797924271
-0.012476910887374609 -0.10834292517528395

-0.012476910887374609 -0.10834292517528395
-0.010571825160088042 -0.10917297026452782

-0.010571825160088042 -0.10917297026452782
-0.0093576831655309573 -0.1097099484872804

-0.0093576831655309573 -0.1097099484872804
-0.0062384554436873043 -0.11079959517993006

-0.0062384554436873043 -0.11079959517993006
-0.0031192277218436521 -0.11169117586474002

-0.0031192277218436521 -0.11169117586474002
-0.0004073172071546652 -0.11229219798637147

-0.0004073172071546652 -0.11229219798637147
0 -0.1123855612446612

0 -0.1123855612446612
0.0031192277218436517 -0.11287860150088874

0.0031192277218436517 -0.11287860150088874
0.0062384554436873043 -0.11318706614322867

0.0062384554436873043 -0.11318706614322867
0.0093576831655309556 -0.11331700126402122

0.0093576831655309556 -0.11331700126402122
0.012476910887374609 -0.11327784651024946

0.012476910887374609 -0.11327784651024946
0.01559613860921826 -0.11308013646307052

0.01559613860921826 -0.11308013646307052
0.018715366331061915 -0.11273571061729883

0.018715366331061915 -0.11273571061729883
0.021570370420405546 -0.11229219798637147

0.021570370420405546 -0.11229219798637147
0.021834594052905568 -0.11224953662686908

0.021834594052905568 -0.11224953662686908
0.024953821774749217 -0.11162962336560145

0.024953821774749217 -0.11162962336560145
0.02807304949659287 -0.11088112411750277

0.02807304949659287 -0.11088112411750277
0.03119227721843652 -0.11002325402953721

0.03119227721843652 -0.11002325402953721
0.033967701776962948 -0.10917297026452782

0.033967701776962948 -0.10917297026452782
0.034311504940280173 -0.10906049990870199

0.034311504940280173 -0.10906049990870199
0.037430732662123822 -0.10801754892166805

0.037430732662123822 -0.10801754892166805
0.040549960383967479 -0.10689268969417157

0.040549960383967479 -0.10689268969417157
0.042717908695879568 -0.10605374254268417

0.042717908695879568 -0.10605374254268417
0.043669188105811128 -0.10567009128074102

0.043669188105811128 -0.10567009128074102
0.046788415827654778 -0.10442451568323873

0.046788415827654778 -0.10442451568323873
0.049907643549498434 -0.10312658453578595

0.049907643549498434 -0.10312658453578595
0.050313301217246371 -0.10293451482084051

0.050313301217246371 -0.10293451482084051
0.053026871271342084 -0.10175063079256651

0.053026871271342084 -0.10175063079256651
0.056146098993185733 -0.1003807052285722

0.056146098993185733 -0.1003807052285722
0.05733402637266715 -0.099815287098996869

0.05733402637266715 -0.099815287098996869
0.05926532671502939 -0.098920421489625696

0.05926532671502939 -0.098920421489625696
0.06238455443687304 -0.097508906437320395

0.06238455443687304 -0.097508906437320395
0.064078810374363915 -0.096696059377153212

0.064078810374363915 -0.096696059377153212
0.065503782158716703 -0.096004921643234056

0.065503782158716703 -0.096004921643234056
0.068623009880560346 -0.094570127227576684

0.068623009880560346 -0.094570127227576684
0.070699293488751369 -0.093576831655309556

0.070699293488751369 -0.093576831655309556
0.071742237602404002 -0.093057290942257676

0.071742237602404002 -0.093057290942257676
0.074861465324247659 -0.091616049302651492

0.074861465324247659 -0.091616049302651492
0.077310820770707583 -0.090457603933465913

0.077310820770707583 -0.090457603933465913
0.077980693046091315 -0.09011799160186805

0.077980693046091315 -0.09011799160186805
0.081099920767934958 -0.088682355319907383

0.081099920767934958 -0.088682355319907383
0.083994146544273215 -0.087338376211622257

0.083994146544273215 -0.087338376211622257
0.084219148489778614 -0.0872224576791025

0.084219148489778614 -0.0872224576791025
0.087338376211622271 -0.085799550739166147

0.087338376211622271 -0.085799550739166147
0.090457603933465913 -0.084397370895059623

0.090457603933465913 -0.084397370895059623
0.090819633706239813 -0.0842191484897786

0.090819633706239813 -0.0842191484897786
0.09357683165530957 -0.082979615854413519

0.09357683165530957 -0.082979615854413519
0.096696059377153226 -0.081619505265956058

0.096696059377153226 -0.081619505265956058
0.097829981165684074 -0.081099920767934958

0.097829981165684074 -0.081099920767934958
0.099815287098996869 -0.080218508165756416

0.099815287098996869 -0.080218508165756416
0.10293451482084053 -0.078893959228502245

0.10293451482084053 -0.078893959228502245
0.10506025745314551 -0.077980693046091301

0.10506025745314551 -0.077980693046091301
0.10605374254268418 -0.077536940032197077

0.10605374254268418 -0.077536940032197077
0.10917297026452782 -0.076253384835419893

0.10917297026452782 -0.076253384835419893
0.11229219798637148 -0.074983184703963368

0.11229219798637148 -0.074983184703963368
0.11256917033335614 -0.074861465324247645

0.11256917033335614 -0.074861465324247645
0.11541142570821514 -0.073716994731637703

0.11541142570821514 -0.073716994731637703
0.11853065343005878 -0.072499278138732054

0.11853065343005878 -0.072499278138732054
0.12047692393210668 -0.071742237602403988

0.12047692393210668 -0.071742237602403988
0.12164988115190244 -0.071275390548804357

0.12164988115190244 -0.071275390548804357
0.12476910887374609 -0.070129721166014916

0.12476910887374609 -0.070129721166014916
0.12788833659558974 -0.069019259210724548

0.12788833659558974 -0.069019259210724548
0.1289847345342397 -0.068623009880560346

0.1289847345342397 -0.068623009880560346
0.13100756431743341 -0.067912211331569855

0.13100756431743341 -0.067912211331569855
0.13412679203927705 -0.066874368596529371

0.13412679203927705 -0.066874368596529371
0.13724601976112069 -0.065881982270543954

0.13724601976112069 -0.065881982270543954
0.13843606229017055 -0.065503782158716689

0.13843606229017055 -0.065503782158716689
0.14036524748296436 -0.064903056649631141

0.14036524748296436 -0.064903056649631141
0.143484475204808 -0.063990310921260299

0.143484475204808 -0.063990310921260299
0.14660370292665165 -0.063113107290196133

0.14660370292665165 -0.063113107290196133
0.14931468266342288 -0.062384554436873046

0.14931468266342288 -0.062384554436873046
0.14972293064849532 -0.062269313758258969

0.14972293064849532 -0.062269313758258969
0.15284215837033896 -0.061476452730634748

0.15284215837033896 -0.061476452730634748
0.1559613860921826 -0.060715353927490161

0.1559613860921826 -0.060715353927490161
0.15908061381402627 -0.059991336569621592

0.15908061381402627 -0.059991336569621592
0.16219984153586992 -0.059305127453121588

0.16219984153586992 -0.059305127453121588
0.16238089783521545 -0.05926532671502939

0.16238089783521545 -0.05926532671502939
0.16531906925771356 -0.058650229250536277

0.16531906925771356 -0.058650229250536277
0.16843829697955723 -0.05803197579449193

0.16843829697955723 -0.05803197579449193
0.17155752470140087 -0.057447991105961743

0.17155752470140087 -0.057447991105961743
0.17467675242324451 -0.056899185337027619

0.17467675242324451 -0.056899185337027619
0.17779598014508818 -0.056389094763512698

0.17779598014508818 -0.056389094763512698
0.17937623044415332 -0.05614609899318574

0.17937623044415332 -0.05614609899318574
0.18091520786693183 -0.05590969453510411

0.18091520786693183 -0.05590969453510411
0.18403443558877547 -0.055475431835356047

0.18403443558877547 -0.055475431835356047
0.18715366331061914 -0.055079290428426401

0.18715366331061914 -0.055079290428426401
0.19027289103246278 -0.054724623274358425

0.19027289103246278 -0.054724623274358425
0.19339211875430642 -0.054411757130328399

0.19339211875430642 -0.054411757130328399
0.19651134647615009 -0.054141171497346215

0.19651134647615009 -0.054141171497346215
0.19963057419799374 -0.053913769403823433

0.19963057419799374 -0.053913769403823433
0.20274980191983741 -0.053730059763802324

0.20274980191983741 -0.053730059763802324
0.20586902964168105 -0.053589750586787992

0.20586902964168105 -0.053589750586787992
0.20898825736352469 -0.0534922518913548

0.20898825736352469 -0.0534922518913548
0.21210748508536836 -0.053437258529349503

0.21210748508536836 -0.053437258529349503
0.21522671280721201 -0.053424567154035575

0.21522671280721201 -0.053424567154035575
0.21834594052905565 -0.053453524307316397

0.21834594052905565 -0.053453524307316397
0.22146516825089932 -0.053523006957222709

0.22146516825089932 -0.053523006957222709
0.22458439597274296 -0.053631978216175158

0.22458439597274296 -0.053631978216175158
0.2277036236945866 -0.053779854284123553

0.2277036236945866 -0.053779854284123553
0.23082285141643027 -0.053966139630491912

0.23082285141643027 -0.053966139630491912
0.23394207913827392 -0.054189742635846416

0.23394207913827392 -0.054189742635846416
0.23706130686011756 -0.054449548653453562

0.23706130686011756 -0.054449548653453562
0.24018053458196123 -0.054745515524750932

0.24018053458196123 -0.054745515524750932
0.24329976230380487 -0.055078534715482588

0.24329976230380487 -0.055078534715482588
0.24641899002564852 -0.055450026836297892

0.24641899002564852 -0.055450026836297892
0.24953821774749216 -0.055858102544959216

0.24953821774749216 -0.055858102544959216
0.25153824196143365 -0.05614609899318574

0.25153824196143365 -0.05614609899318574
0.25265744546933583 -0.056309177539999714

0.25265744546933583 -0.056309177539999714
0.25577667319117947 -0.056793770353487261

0.25577667319117947 -0.056793770353487261
0.25889590091302311 -0.057322009663760533

0.25889590091302311 -0.057322009663760533
0.26201512863486676 -0.057893315462369192

0.26201512863486676 -0.057893315462369192
0.2651343563567104 -0.058508997246386182

0.2651343563567104 -0.058508997246386182
0.26825358407855404 -0.059165207432102546

0.26825358407855404 -0.059165207432102546
0.26867979501270195 -0.05926532671502939

0.26867979501270195 -0.05926532671502939
0.27137281180039774 -0.059873023915038667

0.27137281180039774 -0.059873023915038667
0.27449203952224138 -0.060618126782243993

0.27449203952224138 -0.060618126782243993
0.27761126724408502 -0.061408810284206874

0.27761126724408502 -0.061408810284206874
0.28073049496592867 -0.062237129442750026

0.28073049496592867 -0.062237129442750026
0.28123025865183104 -0.062384554436873046

0.28123025865183104 -0.062384554436873046
0.28384972268777231 -0.063121433681609995

0.28384972268777231 -0.063121433681609995
0.28696895040961595 -0.064034371858794362

0.28696895040961595 -0.064034371858794362
0.29008817813145965 -0.064978847367075585

0.29008817813145965 -0.064978847367075585
0.29170973376366999 -0.065503782158716689

0.29170973376366999 -0.065503782158716689
0.29320740585330329 -0.065990973980791373

0.29320740585330329 -0.065990973980791373
0.29632663357514694 -0.067013665689502497

0.29632663357514694 -0.067013665689502497
0.29944586129699058 -0.068073380190607893

0.29944586129699058 -0.068073380190607893
0.30095706312204079 -0.068623009880560346

0.30095706312204079 -0.068623009880560346
0.30256508901883422 -0.069207115929408411

0.30256508901883422 -0.069207115929408411
0.30568431674067786 -0.070342249340404936

0.30568431674067786 -0.070342249340404936
0.30880354446252156 -0.07151827616448847

0.30880354446252156 -0.07151827616448847
0.30933222171125413 -0.071742237602403988

0.30933222171125413 -0.071742237602403988
0.3119227721843652 -0.072769454509019282

0.3119227721843652 -0.072769454509019282
0.31504199990620885 -0.074027147557248513

0.31504199990620885 -0.074027147557248513
0.31699509017228322 -0.074861465324247645

0.31699509017228322 -0.074861465324247645
0.31816122762805249 -0.075374285953018941

0.31816122762805249 -0.075374285953018941
0.32128045534989613 -0.076706183270091183

0.32128045534989613 -0.076706183270091183
0.32412776504659913 -0.077980693046091301

0.32412776504659913 -0.077980693046091301
0.32439968307173978 -0.078115036210365349

0.32439968307173978 -0.078115036210365349
0.32751891079358347 -0.079537383294926337

0.32751891079358347 -0.079537383294926337
0.33063813851542712 -0.081000451323161762

0.33063813851542712 -0.081000451323161762
0.33082198957444303 -0.081099920767934958

0.33082198957444303 -0.081099920767934958
0.33375736623727076 -0.082520682428050482

0.33375736623727076 -0.082520682428050482
0.3368765939591144 -0.084046366394800773

0.3368765939591144 -0.084046366394800773
0.33718321188902856 -0.0842191484897786

0.33718321188902856 -0.0842191484897786
0.33999582168095804 -0.085644859827242223

0.33999582168095804 -0.085644859827242223
0.34311504940280169 -0.087245495521009603

0.34311504940280169 -0.087245495521009603
0.34327017674636223 -0.087338376211622257

0.34327017674636223 -0.087338376211622257
0.34623427712464538 -0.088905644695145156

0.34623427712464538 -0.088905644695145156
0.34910276440187649 -0.090457603933465913

0.34910276440187649 -0.090457603933465913
0.34935350484648903 -0.09061083363084417

0.34935350484648903 -0.09061083363084417
0.35247273256833267 -0.092300704308556025

0.35247273256833267 -0.092300704308556025
0.35471380548725678 -0.093576831655309556

0.35471380548725678 -0.093576831655309556
0.35559196029017631 -0.094110891085803589

0.35559196029017631 -0.094110891085803589
0.35871118801201995 -0.095826140609212379

0.35871118801201995 -0.095826140609212379
0.36013474821670949 -0.096696059377153212

0.36013474821670949 -0.096696059377153212
0.36183041573386365 -0.097719995474732826

0.36183041573386365 -0.097719995474732826
0.3649496434557073 -0.099512478633256934

0.3649496434557073 -0.099512478633256934
0.36540030028326065 -0.099815287098996869

0.36540030028326065 -0.099815287098996869
0.36806887117755094 -0.10142717416278216

0.36806887117755094 -0.10142717416278216
0.37051604697344831 -0.10293451482084051

0.37051604697344831 -0.10293451482084051
0.37118809889939458 -0.10338752765873868

0.37118809889939458 -0.10338752765873868
0.37430732662123822 -0.10523176543445242

0.37430732662123822 -0.10523176543445242
0.37554793967227384 -0.10605374254268417

0.37554793967227384 -0.10605374254268417
0.37742655434308187 -0.10725829365439234

0.37742655434308187 -0.10725829365439234
0.38051512179781855 -0.10917297026452782

0.38051512179781855 -0.10917297026452782
0.38054578206492556 -0.10919489868239633

0.38054578206492556 -0.10919489868239633
0.38366500978676921 -0.11113102005863998

0.38366500978676921 -0.11113102005863998
0.38544050318452699 -0.11229219798637147

0.38544050318452699 -0.11229219798637147
0.38678423750861285 -0.11319146525104479

0.38678423750861285 -0.11319146525104479
0.38990346523045649 -0.11508737714451504

0.38990346523045649 -0.11508737714451504
0.39036442755239875 -0.11541142570821512

0.39036442755239875 -0.11541142570821512
0.39302269295230013 -0.11708984819727375

0.39302269295230013 -0.11708984819727375
0.39528007124540243 -0.11853065343005878

0.39528007124540243 -0.11853065343005878
0.39614192067414378 -0.1191211385188535

0.39614192067414378 -0.1191211385188535
0.39926114839598748 -0.12097928831630357

0.39926114839598748 -0.12097928831630357
0.40026329451727949 -0.12164988115190242

0.40026329451727949 -0.12164988115190242
0.40238037611783112 -0.1229864967566611

0.40238037611783112 -0.1229864967566611
0.40530580393046017 -0.12476910887374608

0.40530580393046017 -0.12476910887374608
0.40549960383967476 -0.12490333858851481

0.40549960383967476 -0.12490333858851481
0.4086188315615184 -0.12675004512580959

0.4086188315615184 -0.12675004512580959
0.41047603595600934 -0.12788833659558974

0.41047603595600934 -0.12788833659558974
0.41173805928336205 -0.12868396531113013

0.41173805928336205 -0.12868396531113013
0.41485728700520569 -0.13042484820980946

0.41485728700520569 -0.13042484820980946
0.41580691055436042 -0.13100756431743338

0.41580691055436042 -0.13100756431743338
0.41797651472704939 -0.13226117245804594

0.41797651472704939 -0.13226117245804594
0.42109574244889303 -0.1339512121590799

0.42109574244889303 -0.1339512121590799
0.42138780073474491 -0.13412679203927705

0.42138780073474491 -0.13412679203927705
0.42421497017073667 -0.13563771608847128

0.42421497017073667 -0.13563771608847128
0.42733419789258031 -0.13723423226997167

0.42733419789258031 -0.13723423226997167
0.4273552817261288 -0.13724601976112069

0.4273552817261288 -0.13724601976112069
0.43045342561442396 -0.13876386043666852

0.43045342561442396 -0.13876386043666852
0.4335726533362676 -0.14020152864554014

0.4335726533362676 -0.14020152864554014
0.43391193749348089 -0.14036524748296433

0.43391193749348089 -0.14036524748296433
0.4366918810581113 -0.1415867455076153

0.4366918810581113 -0.1415867455076153
0.43981110877995494 -0.14285276537234051

0.43981110877995494 -0.14285276537234051
0.44142529473809905 -0.143484475204808

0.44142529473809905 -0.143484475204808
0.44293033650179858 -0.14407317759229421

0.44293033650179858 -0.14407317759229421
0.44604956422364223 -0.14515280073782999

0.44604956422364223 -0.14515280073782999
0.44916879194548587 -0.14614227263641644

0.44916879194548587 -0.14614227263641644
0.45072730186040977 -0.14660370292665165

0.45072730186040977 -0.14660370292665165
0.45228801966732957 -0.14706393398289611

0.45228801966732957 -0.14706393398289611
0.45540724738917321 -0.14786059355246145

0.45540724738917321 -0.14786059355246145
0.45852647511101685 -0.14856169859074603

0.45852647511101685 -0.14856169859074603
0.46164570283286049 -0.14916151878845904

0.46164570283286049 -0.14916151878845904
0.46476493055470414 -0.14966051634977398

0.46476493055470414 -0.14966051634977398
0.46523500474958679 -0.14972293064849529

0.46523500474958679 -0.14972293064849529
0.46788415827654778 -0.15006535299041565

0.46788415827654778 -0.15006535299041565
0.47100338599839148 -0.15037131645291058

0.47100338599839148 -0.15037131645291058
0.47412261372023512 -0.15058190293957388

0.47412261372023512 -0.15058190293957388
0.47724184144207876 -0.15069900237933403

0.47724184144207876 -0.15069900237933403
0.48036106916392241 -0.1507249388410109

0.48036106916392241 -0.1507249388410109
0.48348029688576605 -0.15066244969613177

0.48348029688576605 -0.15066244969613177
0.48659952460760969 -0.15051483999675155

0.48659952460760969 -0.15051483999675155
0.48971875232945339 -0.15028627114414617

0.48971875232945339 -0.15028627114414617
0.49283798005129703 -0.14998223727644749

0.49283798005129703 -0.14998223727644749
0.494970728225329 -0.14972293064849529

0.494970728225329 -0.14972293064849529
0.49595720777314067 -0.14960127139022616

0.49595720777314067 -0.14960127139022616
0.49907643549498437 -0.14915232997364139

0.49907643549498437 -0.14915232997364139
0.50219566321682796 -0.14863231062569882

0.50219566321682796 -0.14863231062569882
0.50531489093867166 -0.14804817946057922

0.50531489093867166 -0.14804817946057922
0.50843411866051524 -0.14740583699145474

0.50843411866051524 -0.14740583699145474
0.51155334638235894 -0.14671698167843497

0.51155334638235894 -0.14671698167843497
0.51200858289194651 -0.14660370292665165

0.51200858289194651 -0.14660370292665165
0.51467257410420253 -0.14596742838290186

0.51467257410420253 -0.14596742838290186
0.51779180182604623 -0.14517555184256539

0.51779180182604623 -0.14517555184256539
0.52091102954788993 -0.14434144952725206

0.52091102954788993 -0.14434144952725206
0.52398872833402088 -0.143484475204808

0.52398872833402088 -0.143484475204808
0.52403025726973351 -0.14347205418036554

0.52403025726973351 -0.14347205418036554
0.52714948499157721 -0.14257078240599261

0.52714948499157721 -0.14257078240599261
0.5302687127134208 -0.14163716896877512

0.5302687127134208 -0.14163716896877512
0.5333879404352645 -0.14069213910285946

0.5333879404352645 -0.14069213910285946
0.53439556949724298 -0.14036524748296433

0.53439556949724298 -0.14036524748296433
0.53650716815710819 -0.13969874585243888

0.53650716815710819 -0.13969874585243888
0.53962639587895178 -0.13870770322424442

0.53962639587895178 -0.13870770322424442
0.54274562360079548 -0.13770834325093009

0.54274562360079548 -0.13770834325093009
0.54412386367046206 -0.13724601976112069

0.54412386367046206 -0.13724601976112069
0.54586485132263907 -0.13666744972613876

0.54586485132263907 -0.13666744972613876
0.54898407904448276 -0.13564745734072528

0.54898407904448276 -0.13564745734072528
0.55210330676632646 -0.13462454002845634

0.55210330676632646 -0.13462454002845634
0.55356953611826243 -0.13412679203927705

0.55356953611826243 -0.13412679203927705
0.55522253448817005 -0.13356849529655757

0.55522253448817005 -0.13356849529655757
0.55834176221001375 -0.13254402572981694

0.55834176221001375 -0.13254402572981694
0.56146098993185733 -0.13152269025301944

0.56146098993185733 -0.13152269025301944
0.5629946034244131 -0.13100756431743338

0.5629946034244131 -0.13100756431743338
0.56458021765370103 -0.13047588246827097

0.56458021765370103 -0.13047588246827097
0.56769944537554462 -0.12946703678789939

0.56769944537554462 -0.12946703678789939
0.57081867309738832 -0.12846341167536629

0.57081867309738832 -0.12846341167536629
0.57258042021244282 -0.12788833659558974

0.57258042021244282 -0.12788833659558974
0.57393790081923202 -0.12744067120107253

0.57393790081923202 -0.12744067120107253
0.5770571285410756 -0.12645843568349377

0.5770571285410756 -0.12645843568349377
0.5801763562629193 -0.12547929275289396

0.5801763562629193 -0.12547929275289396
0.58244831936559682 -0.12476910887374608

0.58244831936559682 -0.12476910887374608
0.58329558398476289 -0.1244946315975541

0.58329558398476289 -0.1244946315975541
0.58641481170660659 -0.12355120056558058

0.58641481170660659 -0.12355120056558058
0.58953403942845028 -0.12261427420265036

0.58953403942845028 -0.12261427420265036
0.59265326715029387 -0.12170207541150743

0.59265326715029387 -0.12170207541150743
0.59282403507223513 -0.12164988115190242

0.59282403507223513 -0.12164988115190242
0.59577249487213757 -0.12080694342886461

0.59577249487213757 -0.12080694342886461
0.59889172259398116 -0.11994158935524431

0.59889172259398116 -0.11994158935524431
0.60201095031582486 -0.11910775837577933

0.60201095031582486 -0.11910775837577933
0.60423107374285545 -0.11853065343005878

0.60423107374285545 -0.11853065343005878
0.60513017803766844 -0.11829063475714705

0.60513017803766844 -0.11829063475714705
0.60824940575951214 -0.11752230593464921

0.60824940575951214 -0.11752230593464921
0.61136863348135584 -0.11677633654248017

0.61136863348135584 -0.11677633654248017
0.61448786120319943 -0.116059496970462

0.61448786120319943 -0.116059496970462
0.61742327147459686 -0.11541142570821512

0.61742327147459686 -0.11541142570821512
0.61760708892504312 -0.11536881682842906

0.61760708892504312 -0.11536881682842906
0.62072631664688671 -0.11470998298674168

0.62072631664688671 -0.11470998298674168
0.62384554436873041 -0.11407578452972611

0.62384554436873041 -0.11407578452972611
0.62696477209057411 -0.11346746719836415

0.62696477209057411 -0.11346746719836415
0.63008399981241769 -0.11288436108350298

0.63008399981241769 -0.11288436108350298
0.63320322753426139 -0.11232686219972397

0.63320322753426139 -0.11232686219972397
0.63339781061063294 -0.11229219798637147

0.63339781061063294 -0.11229219798637147
0.63632245525610498 -0.11179124489353462

0.63632245525610498 -0.11179124489353462
0.63944168297794868 -0.11128253236117105

0.63944168297794868 -0.11128253236117105
0.64256091069979226 -0.11079960157325636

0.64256091069979226 -0.11079960157325636
0.64568013842163596 -0.11034344059836207

0.64568013842163596 -0.11034344059836207
0.64879936614347966 -0.10991523425273544

0.64879936614347966 -0.10991523425273544
0.65191859386532325 -0.10951609834707819

0.65191859386532325 -0.10951609834707819
0.65481877040510916 -0.10917297026452782

0.65481877040510916 -0.10917297026452782
0.65503782158716695 -0.10914641113678848

0.65503782158716695 -0.10914641113678848
0.65815704930901053 -0.1088091308043555

0.65815704930901053 -0.1088091308043555
0.66127627703085423 -0.10850332791679587

0.66127627703085423 -0.10850332791679587
0.66439550475269793 -0.10823053511466046

0.66439550475269793 -0.10823053511466046
0.66751473247454152 -0.10799127667159002

0.66751473247454152 -0.10799127667159002
0.67063396019638521 -0.10778585823071528

0.67063396019638521 -0.10778585823071528
0.6737531879182288 -0.10761418321161968

0.6737531879182288 -0.10761418321161968
0.6768724156400725 -0.10747567349989041

0.6768724156400725 -0.10747567349989041
0.6799916433619162 -0.10736971483028684

0.6799916433619162 -0.10736971483028684
0.68311087108375979 -0.1072956339373887

0.68311087108375979 -0.1072956339373887
0.68623009880560348 -0.10725232464840039

0.68623009880560348 -0.10725232464840039
0.68934932652744707 -0.10723882889235509

0.68934932652744707 -0.10723882889235509
0.69246855424929077 -0.10725445234107832

0.69246855424929077 -0.10725445234107832
0.69558778197113436 -0.10729793712057785

0.69558778197113436 -0.10729793712057785
0.69870700969297805 -0.10736828175032934

0.69870700969297805 -0.10736828175032934
0.70182623741482175 -0.10746534457429494

0.70182623741482175 -0.10746534457429494
0.70494546513666534 -0.10758838917533893

0.70494546513666534 -0.10758838917533893
0.70806469285850904 -0.10773733789584421

0.70806469285850904 -0.10773733789584421
0.71118392058035262 -0.10791376993878056

0.71118392058035262 -0.10791376993878056
0.71430314830219632 -0.10811745078388518

0.71430314830219632 -0.10811745078388518
0.71742237602404002 -0.10834775318000105

0.71742237602404002 -0.10834775318000105
0.72054160374588361 -0.10860638194806013

0.72054160374588361 -0.10860638194806013
0.72366083146772731 -0.10889211261253032

0.72366083146772731 -0.10889211261253032
0.72648264074245938 -0.10917297026452782

0.72648264074245938 -0.10917297026452782
0.72678005918957089 -0.10920321125381381

0.72678005918957089 -0.10920321125381381
0.72989928691141459 -0.10953728515083731

0.72989928691141459 -0.10953728515083731
0.73301851463325818 -0.10989691218460702

0.73301851463325818 -0.10989691218460702
0.73613774235510188 -0.11028199385671193

0.73613774235510188 -0.11028199385671193
0.73925697007694557 -0.11069030838336762

0.73925697007694557 -0.11069030838336762
0.74237619779878916 -0.11111956045623227

0.74237619779878916 -0.11111956045623227
0.74549542552063286 -0.11157085654182275

0.74549542552063286 -0.11157085654182275
0.74861465324247645 -0.11204185116067721

0.74861465324247645 -0.11204185116067721
0.75019248241314562 -0.11229219798637147

0.75019248241314562 -0.11229219798637147
0.75173388096432014 -0.11253700688031194

0.75173388096432014 -0.11253700688031194
0.75485310868616384 -0.11304173258308103

0.75485310868616384 -0.11304173258308103
0.75797233640800743 -0.11356877328676755

0.75797233640800743 -0.11356877328676755
0.76109156412985113 -0.11411282761700406

0.76109156412985113 -0.11411282761700406
0.76421079185169472 -0.11467268422655581

0.76421079185169472 -0.11467268422655581
0.76733001957353841 -0.11524505159376289

0.76733001957353841 -0.11524505159376289
0.76818599915956476 -0.11541142570821512

0.76818599915956476 -0.11541142570821512
0.77044924729538211 -0.11584210713572085

0.77044924729538211 -0.11584210713572085
0.7735684750172257 -0.11644453380603305

0.7735684750172257 -0.11644453380603305
0.7766877027390694 -0.11705906392968093

0.7766877027390694 -0.11705906392968093
0.77980693046091298 -0.11768094745282881

0.77980693046091298 -0.11768094745282881
0.78292615818275668 -0.11830421783583847

0.78292615818275668 -0.11830421783583847
0.78401971866300757 -0.11853065343005878

0.78401971866300757 -0.11853065343005878
0.78604538590460027 -0.11894373706318222

0.78604538590460027 -0.11894373706318222
0.78916461362644397 -0.11957646861501495

0.78916461362644397 -0.11957646861501495
0.79228384134828767 -0.12021449077858838

0.79228384134828767 -0.12021449077858838
0.79540306907013125 -0.12085216080924041

0.79540306907013125 -0.12085216080924041
0.79852229679197495 -0.12148249156740568

0.79852229679197495 -0.12148249156740568
0.79932765769073111 -0.12164988115190242

0.79932765769073111 -0.12164988115190242
0.80164152451381854 -0.12211890440289282

0.80164152451381854 -0.12211890440289282
0.80476075223566224 -0.12274043252144205

0.80476075223566224 -0.12274043252144205
0.80787997995750593 -0.12335351391872507

0.80787997995750593 -0.12335351391872507
0.81099920767934952 -0.123953850613298

0.81099920767934952 -0.123953850613298
0.81411843540119322 -0.12453533433068524

0.81411843540119322 -0.12453533433068524
0.8153812488740082 -0.12476910887374608

0.8153812488740082 -0.12476910887374608
0.81723766312303681 -0.12510951372975573

0.81723766312303681 -0.12510951372975573
0.8203568908448805 -0.12565406384313918

0.8203568908448805 -0.12565406384313918
0.82347611856672409 -0.1261768779654911

0.82347611856672409 -0.1261768779654911
0.82659534628856779 -0.12667194813439142

0.82659534628856779 -0.12667194813439142
0.82971457401041149 -0.1271347871298032

0.82971457401041149 -0.1271347871298032
0.83283380173225507 -0.12756338013191343

0.83283380173225507 -0.12756338013191343
0.83540043404194197 -0.12788833659558974

0.83540043404194197 -0.12788833659558974
0.83595302945409877 -0.12795965469287923

0.83595302945409877 -0.12795965469287923
0.83907225717594236 -0.12831457151865663

0.83907225717594236 -0.12831457151865663
0.84219148489778606 -0.12862968201359853

0.84219148489778606 -0.12862968201359853
0.84531071261962976 -0.12890150222080779

0.84531071261962976 -0.12890150222080779
0.84842994034147334 -0.12912789836174055

0.84842994034147334 -0.12912789836174055
0.85154916806331704 -0.12930686711861877

0.85154916806331704 -0.12930686711861877
0.85466839578516063 -0.12943689666913849

0.85466839578516063 -0.12943689666913849
0.85778762350700433 -0.12951739123731387

0.85778762350700433 -0.12951739123731387
0.86090685122884802 -0.12954772218650756

0.86090685122884802 -0.12954772218650756
0.86402607895069161 -0.12952647147435442

0.86402607895069161 -0.12952647147435442
0.86714530667253531 -0.12945205940343529

0.86714530667253531 -0.12945205940343529
0.8702645343943789 -0.12932237000117741

0.8702645343943789 -0.12932237000117741
0.8733837621162226 -0.12913532522225288

0.8733837621162226 -0.12913532522225288
0.87650298983806618 -0.12888982293313683

0.87650298983806618 -0.12888982293313683
0.87962221755990988 -0.1285855399857958

0.87962221755990988 -0.1285855399857958
0.88274144528175358 -0.12822365074148376

0.88274144528175358 -0.12822365074148376
0.88522587861133684 -0.12788833659558974

0.88522587861133684 -0.12788833659558974
0.88586067300359717 -0.12780069999934163

0.88586067300359717 -0.12780069999934163
0.88897990072544086 -0.12732391050123507

0.88897990072544086 -0.12732391050123507
0.89209912844728445 -0.12678830784967129

0.89209912844728445 -0.12678830784967129
0.89521835616912815 -0.12619804850013791

0.89521835616912815 -0.12619804850013791
0.89833758389097185 -0.12555567926108963

0.89833758389097185 -0.12555567926108963
0.90145681161281543 -0.12486931449902819

0.90145681161281543 -0.12486931449902819
0.90186143384955608 -0.12476910887374608

0.90186143384955608 -0.12476910887374608
0.90457603933465913 -0.12412499035289667

0.90457603933465913 -0.12412499035289667
0.90769526705650272 -0.12333806589680725

0.90769526705650272 -0.12333806589680725
0.91081449477834642 -0.12250835474307539

0.91081449477834642 -0.12250835474307539
0.91390936060442418 -0.12164988115190242

0.91390936060442418 -0.12164988115190242
0.91393372250019 -0.12164261790845864

0.91393372250019 -0.12164261790845864
0.9170529502220337 -0.12074212148951477

0.9170529502220337 -0.12074212148951477
0.9201721779438774 -0.11980614212320813

0.9201721779438774 -0.11980614212320813
0.92329140566572099 -0.11885326709106542

0.92329140566572099 -0.11885326709106542
0.92426938697583916 -0.11853065343005878

0.92426938697583916 -0.11853065343005878
0.92641063338756469 -0.11784461190740189

0.92641063338756469 -0.11784461190740189
0.92952986110940827 -0.11683101130082028

0.92952986110940827 -0.11683101130082028
0.93264908883125197 -0.11580257267798136

0.93264908883125197 -0.11580257267798136
0.93376067131083829 -0.11541142570821512

0.93376067131083829 -0.11541142570821512
0.93576831655309567 -0.11472188614056017

0.93576831655309567 -0.11472188614056017
0.93888754427493926 -0.11365238635737682

0.93888754427493926 -0.11365238635737682
0.94200677199678295 -0.11257742836511063

0.94200677199678295 -0.11257742836511063
0.94277755603852309 -0.11229219798637147

0.94277755603852309 -0.11229219798637147
0.94512599971862654 -0.1114617019736472

0.94512599971862654 -0.1114617019736472
0.94824522744047024 -0.11036164797647033

0.94824522744047024 -0.11036164797647033
0.95136445516231394 -0.10926280059622272

0.95136445516231394 -0.10926280059622272
0.95159876951011058 -0.10917297026452782

0.95159876951011058 -0.10917297026452782
0.95448368288415752 -0.10815013754611766

0.95448368288415752 -0.10815013754611766
0.95760291060600122 -0.10704599604587026

0.95760291060600122 -0.10704599604587026
0.96041444881607574 -0.10605374254268417

0.96041444881607574 -0.10605374254268417
0.96072213832784481 -0.10593691015097205

0.96072213832784481 -0.10593691015097205
0.96384136604968851 -0.10485037979406656

0.96384136604968851 -0.10485037979406656
0.9669605937715321 -0.10376507868454027

0.9669605937715321 -0.10376507868454027
0.96935019138395029 -0.10293451482084051

0.96935019138395029 -0.10293451482084051
0.97007982149337579 -0.10266873384991755

0.97007982149337579 -0.10266873384991755
0.97319904921521949 -0.10161208520812148

0.97319904921521949 -0.10161208520812148
0.97631827693706308 -0.10055821642670175

0.97631827693706308 -0.10055821642670175
0.97851963812218912 -0.099815287098996869

0.97851963812218912 -0.099815287098996869
0.97943750465890678 -0.099494571394846881

0.97943750465890678 -0.099494571394846881
0.98255673238075036 -0.098476697484762052

0.98255673238075036 -0.098476697484762052
0.98567596010259406 -0.0974652795357559

0.98567596010259406 -0.0974652795357559
0.98807855551110679 -0.096696059377153212

0.98807855551110679 -0.096696059377153212
0.98879518782443776 -0.096456458164052031

0.98879518782443776 -0.096456458164052031
0.99191441554628135 -0.095493819659235882

0.99191441554628135 -0.095493819659235882
0.99503364326812505 -0.094541904153320505

0.99503364326812505 -0.094541904153320505
0.99815287098996863 -0.093616295960201837

0.99815287098996863 -0.093616295960201837
0.99827983073862414 -0.093576831655309556

0.99827983073862414 -0.093576831655309556
1.0012720987118124 -0.092709514361351067

1.0012720987118124 -0.092709514361351067
1.0043913264336561 -0.091830416844398743

1.0043913264336561 -0.091830416844398743
1.0075105541554998 -0.090982716039204478

1.0075105541554998 -0.090982716039204478
1.0094807907083398 -0.090457603933465913

1.0094807907083398 -0.090457603933465913
1.0106297818773433 -0.090146278912231315

1.0106297818773433 -0.090146278912231315
1.013749009599187 -0.089358790471295732

1.013749009599187 -0.089358790471295732
1.0168682373210307 -0.08859105014706227

1.0168682373210307 -0.08859105014706227
1.0199874650428744 -0.087852223735822868

1.0199874650428744 -0.087852223735822868
1.0222204063474365 -0.087338376211622257

1.0222204063474365 -0.087338376211622257
1.0231066927647179 -0.08712945909482013

1.0231066927647179 -0.08712945909482013
1.0262259204865616 -0.08644749650326522

1.0262259204865616 -0.08644749650326522
1.0293451482084053 -0.08578637073205081

1.0293451482084053 -0.08578637073205081
1.032464375930249 -0.085151662554623045

1.032464375930249 -0.085151662554623045
1.0355836036520927 -0.084546255395600622

1.0355836036520927 -0.084546255395600622
1.037319452228471 -0.0842191484897786

1.037319452228471 -0.0842191484897786
1.0387028313739362 -0.083957348733247797

1.0387028313739362 -0.083957348733247797
1.0418220590957799 -0.083405594365188684

1.0418220590957799 -0.083405594365188684
1.0449412868176235 -0.082877521377443794

1.0449412868176235 -0.082877521377443794
1.0480605145394672 -0.082376894328939285

1.0480605145394672 -0.082376894328939285
1.0511797422613109 -0.081903892996534541

1.0511797422613109 -0.081903892996534541
1.0542989699831544 -0.081458567955043387

1.0542989699831544 -0.081458567955043387
1.0569733976225693 -0.081099920767934958

1.0569733976225693 -0.081099920767934958
1.0574181977049981 -0.08103887593134837

1.0574181977049981 -0.08103887593134837
1.0605374254268418 -0.080649511387402853

1.0605374254268418 -0.080649511387402853
1.0636566531486855 -0.080286095161318155

1.0636566531486855 -0.080286095161318155
1.0667758808705292 -0.079950161633653136

1.0667758808705292 -0.079950161633653136
1.0698951085923727 -0.079641975953645916

1.0698951085923727 -0.079641975953645916
1.0730143363142164 -0.079361628434159601

1.0730143363142164 -0.079361628434159601
1.0761335640360601 -0.07910872655696867

1.0761335640360601 -0.07910872655696867
1.0792527917579038 -0.078882346674454859

1.0792527917579038 -0.078882346674454859
1.0823720194797475 -0.078681233226090233

1.0823720194797475 -0.078681233226090233
1.085491247201591 -0.078504020292099477

1.085491247201591 -0.078504020292099477
1.0886104749234347 -0.078349454419520431

1.0886104749234347 -0.078349454419520431
1.0917297026452784 -0.078216680958739154

1.0917297026452784 -0.078216680958739154
1.0948489303671221 -0.078104877439441334

1.0948489303671221 -0.078104877439441334
1.0979681580889658 -0.078010692354971975

1.0979681580889658 -0.078010692354971975
1.0991616640380986 -0.077980693046091301

1.0991616640380986 -0.077980693046091301
1.1010873858108092 -0.077932394421144413

1.1010873858108092 -0.077932394421144413
1.1042066135326529 -0.077869868987211432

1.1042066135326529 -0.077869868987211432
1.1073258412544966 -0.077822313237270582

1.1073258412544966 -0.077822313237270582
1.1104450689763403 -0.077789851236346089

1.1104450689763403 -0.077789851236346089
1.1135642966981838 -0.077771226423783715

1.1135642966981838 -0.077771226423783715
1.1166835244200275 -0.0777661277350052

1.1166835244200275 -0.0777661277350052
1.1198027521418712 -0.077774131211325578

1.1198027521418712 -0.077774131211325578
1.1229219798637149 -0.077794945321102094

1.1229219798637149 -0.077794945321102094
1.1260412075855586 -0.077828121404069653

1.1260412075855586 -0.077828121404069653
1.1291604353074021 -0.077872949481270687

1.1291604353074021 -0.077872949481270687
1.1322796630292458 -0.077928397816150685

1.1322796630292458 -0.077928397816150685
1.1347790745797512 -0.077980693046091301

1.1347790745797512 -0.077980693046091301
1.1353988907510895 -0.077993707523465433

1.1353988907510895 -0.077993707523465433
1.1385181184729332 -0.07806845878203271

1.1385181184729332 -0.07806845878203271
1.1416373461947769 -0.078150544902769695

1.1416373461947769 -0.078150544902769695
1.1447565739166203 -0.078237323231460945

1.1447565739166203 -0.078237323231460945
1.147875801638464 -0.078327655781894046

1.147875801638464 -0.078327655781894046
1.1509950293603077 -0.078419859094541661

1.1509950293603077 -0.078419859094541661
1.1541142570821514 -0.078511885542364254

1.1541142570821514 -0.078511885542364254
1.1572334848039951 -0.078601705178092271

1.1572334848039951 -0.078601705178092271
1.1603527125258386 -0.078687519787384891

1.1603527125258386 -0.078687519787384891
1.1634719402476823 -0.07876768758591228

1.1634719402476823 -0.07876768758591228
1.166591167969526 -0.078840468374386838

1.166591167969526 -0.078840468374386838
1.1697103956913697 -0.078903838119358125

1.1697103956913697 -0.078903838119358125
1.1728296234132134 -0.078955524674568012

1.1728296234132134 -0.078955524674568012
1.1759488511350569 -0.078993210690568388

1.1759488511350569 -0.078993210690568388
1.1790680788569006 -0.079014718609039289

1.1790680788569006 -0.079014718609039289
1.1821873065787443 -0.079018027426431894

1.1821873065787443 -0.079018027426431894
1.185306534300588 -0.079001120806943409

1.185306534300588 -0.079001120806943409
1.1884257620224317 -0.078961835725814486

1.1884257620224317 -0.078961835725814486
1.1915449897442751 -0.078897980882052909

1.1915449897442751 -0.078897980882052909
1.1946642174661188 -0.078807772784581981

1.1946642174661188 -0.078807772784581981
1.1977834451879625 -0.078690198066846156

1.1977834451879625 -0.078690198066846156
1.2009026729098062 -0.078544881962447813

1.2009026729098062 -0.078544881962447813
1.2040219006316497 -0.07837167543312662

1.2040219006316497 -0.07837167543312662
1.2071411283534934 -0.078170419071814573

1.2071411283534934 -0.078170419071814573
1.2097047468105977 -0.077980693046091301

1.2097047468105977 -0.077980693046091301
1.2102603560753371 -0.077939027246335363

1.2102603560753371 -0.077939027246335363
1.2133795837971808 -0.077678570571540068

1.2133795837971808 -0.077678570571540068
1.2164988115190245 -0.077387029352129738

1.2164988115190245 -0.077387029352129738
1.219618039240868 -0.077064873632665412

1.219618039240868 -0.077064873632665412
1.2227372669627117 -0.076711677104063722

1.2227372669627117 -0.076711677104063722
1.2258564946845554 -0.076326615705466477

1.2258564946845554 -0.076326615705466477
1.2289757224063991 -0.075908634706131156

1.2289757224063991 -0.075908634706131156
1.2320949501282428 -0.075456981422055425

1.2320949501282428 -0.075456981422055425
1.2352141778500862 -0.074974640707946849

1.2352141778500862 -0.074974640707946849
1.2358756671939386 -0.074861465324247645

1.2358756671939386 -0.074861465324247645
1.2383334055719299 -0.07445045860059725

1.2383334055719299 -0.07445045860059725
1.2414526332937736 -0.073893253259274067

1.2414526332937736 -0.073893253259274067
1.2445718610156173 -0.073297150104142311

1.2445718610156173 -0.073297150104142311
1.247691088737461 -0.07266368346117924

1.247691088737461 -0.07266368346117924
1.2508103164593045 -0.072001100785510044

1.2508103164593045 -0.072001100785510044
1.2519346926704531 -0.071742237602403988

1.2519346926704531 -0.071742237602403988
1.2539295441811482 -0.071289590985425588

1.2539295441811482 -0.071289590985425588
1.2570487719029919 -0.070556300273552572

1.2570487719029919 -0.070556300273552572
1.2601679996248356 -0.06978759268866655

1.2601679996248356 -0.06978759268866655
1.2632872273466793 -0.069000623635104258

1.2632872273466793 -0.069000623635104258
1.2647031242269609 -0.068623009880560346

1.2647031242269609 -0.068623009880560346
1.2664064550685228 -0.068171107741850756

1.2664064550685228 -0.068171107741850756
1.2695256827903665 -0.067339254363063497

1.2695256827903665 -0.067339254363063497
1.2726449105122102 -0.066482123876031501

1.2726449105122102 -0.066482123876031501
1.2757641382340539 -0.0656184448516869

1.2757641382340539 -0.0656184448516869
1.2761474788065668 -0.065503782158716689

1.2761474788065668 -0.065503782158716689
1.2788833659558976 -0.064728621523853724

1.2788833659558976 -0.064728621523853724
1.2820025936777411 -0.063832847819829203

1.2820025936777411 -0.063832847819829203
1.2851218213995848 -0.062933494078794644

1.2851218213995848 -0.062933494078794644
1.2869772219503866 -0.062384554436873046

1.2869772219503866 -0.062384554436873046
1.2882410491214284 -0.06200522533836323

1.2882410491214284 -0.06200522533836323
1.2913602768432721 -0.06109564021704883

1.2913602768432721 -0.06109564021704883
1.2944795045651156 -0.060169385485988783

1.2944795045651156 -0.060169385485988783
1.2975113478706737 -0.05926532671502939

1.2975113478706737 -0.05926532671502939
1.2975987322869593 -0.059237294267067579

1.2975987322869593 -0.059237294267067579
1.300717960008803 -0.058304904061078612

1.300717960008803 -0.058304904061078612
1.3038371877306467 -0.057365805592279183

1.3038371877306467 -0.057365805592279183
1.3069564154524904 -0.056435705271893837

1.3069564154524904 -0.056435705271893837
1.3078804029518913 -0.05614609899318574

1.3078804029518913 -0.05614609899318574
1.3100756431743339 -0.055479316750826541

1.3100756431743339 -0.055479316750826541
1.3131948708961776 -0.054542300316144411

1.3131948708961776 -0.054542300316144411
1.3163140986180213 -0.053609707573421039

1.3163140986180213 -0.053609707573421039
1.3182412019561363 -0.053026871271342091

1.3182412019561363 -0.053026871271342091
1.319433326339865 -0.052659886316727633

1.319433326339865 -0.052659886316727633
1.3225525540617087 -0.051744311121457179

1.3225525540617087 -0.051744311121457179
1.3256717817835522 -0.050827926418732503

1.3256717817835522 -0.050827926418732503
1.3287910095053959 -0.049925789204359854

1.3287910095053959 -0.049925789204359854
1.3288502743629158 -0.049907643549498434

1.3288502743629158 -0.049907643549498434
1.3319102372272396 -0.049035488440885344

1.3319102372272396 -0.049035488440885344
1.3350294649490833 -0.048161392554163199

1.3350294649490833 -0.048161392554163199
1.338148692670927 -0.047309480522706081

1.338148692670927 -0.047309480522706081
1.340067705472793 -0.046788415827654785

1.340067705472793 -0.046788415827654785
1.3412679203927704 -0.04645760814264397

1.3412679203927704 -0.04645760814264397
1.3443871481146141 -0.045646080166086636

1.3443871481146141 -0.045646080166086636
1.3475063758364578 -0.044844385007373304

1.3475063758364578 -0.044844385007373304
1.3506256035583015 -0.044066445648388207

1.3506256035583015 -0.044066445648388207
1.3522201288771041 -0.043669188105811135

1.3522201288771041 -0.043669188105811135
1.3537448312801452 -0.043289079960033866

1.3537448312801452 -0.043289079960033866
1.3568640590019887 -0.042547055123352412

1.3568640590019887 -0.042547055123352412
1.3599832867238324 -0.041815873379982563

1.3599832867238324 -0.041815873379982563
1.3631025144456761 -0.041102424414977329

1.3631025144456761 -0.041102424414977329
1.3655651193480507 -0.040549960383967479

1.3655651193480507 -0.040549960383967479
1.3662217421675198 -0.04039781570087516

1.3662217421675198 -0.04039781570087516
1.3693409698893635 -0.039721968744263383

1.3693409698893635 -0.039721968744263383
1.372460197611207 -0.039058459347745343

1.372460197611207 -0.039058459347745343
1.3755794253330507 -0.03841313472479356

1.3755794253330507 -0.03841313472479356
1.3786986530548944 -0.037789645154725354

1.3786986530548944 -0.037789645154725354
1.3805274855363461 -0.037430732662123829

1.3805274855363461 -0.037430732662123829
1.3818178807767381 -0.037175535305571376

1.3818178807767381 -0.037175535305571376
1.3849371084985815 -0.036593146457717718

1.3849371084985815 -0.036593146457717718
1.3880563362204252 -0.036027646157611108

1.3880563362204252 -0.036027646157611108
1.3911755639422689 -0.035483225433483263

1.3911755639422689 -0.035483225433483263
1.3942947916641126 -0.034959625013814007

1.3942947916641126 -0.034959625013814007
1.3974140193859563 -0.034459044476744104

1.3974140193859563 -0.034459044476744104
1.3983466490512315 -0.034311504940280173

1.3983466490512315 -0.034311504940280173
1.4005332471077998 -0.033971274243403925

1.4005332471077998 -0.033971274243403925
1.4036524748296435 -0.03350807136419405

1.4036524748296435 -0.03350807136419405
1.4067717025514872 -0.033062719467874535

1.4067717025514872 -0.033062719467874535
1.4098909302733309 -0.03263550736946632

1.4098909302733309 -0.03263550736946632
1.4130101579951746 -0.032225688733770221

1.4130101579951746 -0.032225688733770221
1.4161293857170181 -0.031832433566165712

1.4161293857170181 -0.031832433566165712
1.4192486134388618 -0.031455296390595876

1.4192486134388618 -0.031455296390595876
1.4215023438300951 -0.03119227721843652

1.4215023438300951 -0.03119227721843652
1.4223678411607055 -0.031090000861045977

1.4223678411607055 -0.031090000861045977
1.4254870688825492 -0.030742479741619373

1.4254870688825492 -0.030742479741619373
1.4286062966043929 -0.030407078806316261

1.4286062966043929 -0.030407078806316261
1.4317255243262363 -0.030084601351815194

1.4317255243262363 -0.030084601351815194
1.43484475204808 -0.029774311718341967

1.43484475204808 -0.029774311718341967
1.4379639797699237 -0.02947548783100519

1.4379639797699237 -0.02947548783100519
1.4410832074917674 -0.029187482403546808

1.4410832074917674 -0.029187482403546808
1.4442024352136111 -0.028909615038242912

1.4442024352136111 -0.028909615038242912
1.4473216629354546 -0.028641170113006327

1.4473216629354546 -0.028641170113006327
1.4504408906572983 -0.028381382328605018

1.4504408906572983 -0.028381382328605018
1.453560118379142 -0.028130048154939479

1.453560118379142 -0.028130048154939479
1.4542772930326422 -0.028073049496592867

1.4542772930326422 -0.028073049496592867
1.4566793461009857 -0.02788422086583503

1.4566793461009857 -0.02788422086583503
1.4597985738228294 -0.027645932391993661

1.4597985738228294 -0.027645932391993661
1.4629178015446729 -0.027413247081473593

1.4629178015446729 -0.027413247081473593
1.4660370292665166 -0.027185506672347259

1.4660370292665166 -0.027185506672347259
1.4691562569883603 -0.026961815102848136

1.4691562569883603 -0.026961815102848136
1.472275484710204 -0.026741157699171875

1.472275484710204 -0.026741157699171875
1.4753947124320475 -0.026522381931012903

1.4753947124320475 -0.026522381931012903
1.4785139401538911 -0.026304287703586032

1.4785139401538911 -0.026304287703586032
1.4816331678757348 -0.026085564858749338

1.4816331678757348 -0.026085564858749338
1.4847523955975785 -0.025864708528770902

1.4847523955975785 -0.025864708528770902
1.4878716233194222 -0.025640194060464628

1.4878716233194222 -0.025640194060464628
1.4909908510412657 -0.025410598619686052

1.4909908510412657 -0.025410598619686052
1.4941100787631094 -0.025174630261763094

1.4941100787631094 -0.025174630261763094
1.4969342112982638 -0.024953821774749217

1.4969342112982638 -0.024953821774749217
1.4972293064849531 -0.024930369626960262

1.4972293064849531 -0.024930369626960262
1.5003485342067968 -0.024677847711020846

1.5003485342067968 -0.024677847711020846
1.5034677619286405 -0.02441499109729936

1.5034677619286405 -0.02441499109729936
1.506586989650484 -0.02414154250066633

1.506586989650484 -0.02414154250066633
1.5097062173723277 -0.023857057138171048

1.5097062173723277 -0.023857057138171048
1.5128254450941714 -0.023561161814071495

1.5128254450941714 -0.023561161814071495
1.5159446728160151 -0.023253558607560818

1.5159446728160151 -0.023253558607560818
1.5190639005378588 -0.022934097107459528

1.5190639005378588 -0.022934097107459528
1.5221831282597023 -0.022602728077209925

1.5221831282597023 -0.022602728077209925
1.525302355981546 -0.022259379397791729

1.525302355981546 -0.022259379397791729
1.5284215837033897 -0.021905179762333183

1.5284215837033897 -0.021905179762333183
1.5290075169585564 -0.021834594052905564

1.5290075169585564 -0.021834594052905564
1.5315408114252334 -0.021534882309746674

1.5315408114252334 -0.021534882309746674
1.534660039147077 -0.021152633092167712

1.534660039147077 -0.021152633092167712
1.5377792668689205 -0.020755395875965262

1.5377792668689205 -0.020755395875965262
1.5408984945907642 -0.020342894801510168

1.5408984945907642 -0.020342894801510168
1.5440177223126079 -0.019914482819121532

1.5440177223126079 -0.019914482819121532
1.5471369500344516 -0.019469625931703021

1.5471369500344516 -0.019469625931703021
1.5502561777562953 -0.019009980726619437

1.5502561777562953 -0.019009980726619437
1.5521671776897294 -0.018715366331061911

1.5521671776897294 -0.018715366331061911
1.5533754054781388 -0.018527330457919763

1.5533754054781388 -0.018527330457919763
1.5564946331999825 -0.018033694375850059

1.5564946331999825 -0.018033694375850059
1.5596138609218262 -0.01751849606469157

1.5596138609218262 -0.01751849606469157
1.5627330886436699 -0.01698465761527683

1.5627330886436699 -0.01698465761527683
1.5658523163655134 -0.01643248893887234

1.5658523163655134 -0.01643248893887234
1.5689715440873571 -0.015866517601871181

1.5689715440873571 -0.015866517601871181
1.5703878965123546 -0.015596138609218262

1.5703878965123546 -0.015596138609218262
1.5720907718092008 -0.015272241538698651

1.5720907718092008 -0.015272241538698651
1.5752099995310445 -0.014669562652608074

1.5752099995310445 -0.014669562652608074
1.5783292272528882 -0.014045486392965127

1.5783292272528882 -0.014045486392965127
1.5814484549747316 -0.013404898461334911

1.5814484549747316 -0.013404898461334911
1.5845676826965753 -0.012755172465060787

1.5845676826965753 -0.012755172465060787
1.5858426834345269 -0.012476910887374609

1.5858426834345269 -0.012476910887374609
1.587686910418419 -0.012078163610206624

1.587686910418419 -0.012078163610206624
1.5908061381402627 -0.011399878279201804

1.5908061381402627 -0.011399878279201804
1.5939253658621064 -0.010705531572554546

1.5939253658621064 -0.010705531572554546
1.5970445935839499 -0.010001937720597076

1.5970445935839499 -0.010001937720597076
1.5998673259618106 -0.0093576831655309573

1.5998673259618106 -0.0093576831655309573
1.6001638213057936 -0.0092867107551851506

1.6001638213057936 -0.0092867107551851506
1.6032830490276373 -0.0085698357238583427

1.6032830490276373 -0.0085698357238583427
1.606402276749481 -0.0078406316179801382

1.606402276749481 -0.0078406316179801382
1.6095215044713247 -0.00710367667646128

1.6095215044713247 -0.00710367667646128
1.6126407321931682 -0.006365276287203514

1.6126407321931682 -0.006365276287203514
1.6131447932003344 -0.0062384554436873043

1.6131447932003344 -0.0062384554436873043
1.6157599599150119 -0.0056070987826664434

1.6157599599150119 -0.0056070987826664434
1.6188791876368556 -0.0048468651373118812

1.6188791876368556 -0.0048468651373118812
1.6219984153586993 -0.0040766907946362405

1.6219984153586993 -0.0040766907946362405
1.625117643080543 -0.003305122867463782

1.625117643080543 -0.003305122867463782
1.6258270316933956 -0.0031192277218436521

1.6258270316933956 -0.0031192277218436521
1.6282368708023864 -0.0025092844182913457

1.6282368708023864 -0.0025092844182913457
1.6313560985242301 -0.001716326884559187

1.6313560985242301 -0.001716326884559187
1.6344753262460738 -0.0009152840414449262

1.6344753262460738 -0.0009152840414449262
1.6375945539679175 -0.00011619618640959072

1.6375945539679175 -0.00011619618640959072
1.638022159169138 0

1.638022159169138 0
1.640713781689761 0.00069710397970574635

1.640713781689761 0.00069710397970574635
1.6438330094116047 0.0015037476288725226

1.6438330094116047 0.0015037476288725226
1.6469522371334484 0.0023088795943792947

1.6469522371334484 0.0023088795943792947
1.6500714648552921 0.0031081398241817487

1.6500714648552921 0.0031081398241817487
1.6501123206180008 0.0031192277218436517

1.6501123206180008 0.0031192277218436517
1.6531906925771358 0.0039027197593252427

1.6531906925771358 0.0039027197593252427
1.6563099202989793 0.0046900914641535866

1.6563099202989793 0.0046900914641535866
1.659429148020823 0.0054696525928112222

1.659429148020823 0.0054696525928112222
1.6625398241807205 0.0062384554436873043

1.6625398241807205 0.0062384554436873043
1.6625483757426667 0.0062407064587745708

1.6625483757426667 0.0062407064587745708
1.6656676034645104 0.0070034315480151576

1.6656676034645104 0.0070034315480151576
1.6687868311863541 0.00775906272578482

1.6687868311863541 0.00775906272578482
1.6719060589081975 0.0085075755381642231

1.6719060589081975 0.0085075755381642231
1.6750252866300412 0.009244428146884795

1.6750252866300412 0.009244428146884795
1.6754851801019794 0.0093576831655309556

1.6754851801019794 0.0093576831655309556
1.6781445143518849 0.00998517158587541

1.6781445143518849 0.00998517158587541
1.6812637420737286 0.010713084424149207

1.6812637420737286 0.010713084424149207
1.6843829697955723 0.011435176135426906

1.6843829697955723 0.011435176135426906
1.6875021975174158 0.0121446466043784

1.6875021975174158 0.0121446466043784
1.6889448602612056 0.012476910887374609

1.6889448602612056 0.012476910887374609
1.6906214252392595 0.012861243483006888

1.6906214252392595 0.012861243483006888
1.6937406529611032 0.013554004513655279

1.6937406529611032 0.013554004513655279
1.6968598806829469 0.014241479470554501

1.6968598806829469 0.014241479470554501
1.6999791084047906 0.014918266867499936

1.6999791084047906 0.014918266867499936
1.7030983361266341 0.015582780204059139

1.7030983361266341 0.015582780204059139
1.7031588657181369 0.01559613860921826

1.7031588657181369 0.01559613860921826
1.7062175638484778 0.016236879600942878

1.7062175638484778 0.016236879600942878
1.7093367915703215 0.016878963105018369

1.7093367915703215 0.016878963105018369
1.7124560192921652 0.017510361217229976

1.7124560192921652 0.017510361217229976
1.7155752470140089 0.018132120605799155

1.7155752470140089 0.018132120605799155
1.7185418411006248 0.018715366331061915

1.7185418411006248 0.018715366331061915
1.7186944747358524 0.018746756243889721

1.7186944747358524 0.018746756243889721
1.721813702457696 0.019350681682818383

1.721813702457696 0.019350681682818383
1.7249329301795397 0.019948635282956366

1.7249329301795397 0.019948635282956366
1.7280521579013834 0.020539455606490325

1.7280521579013834 0.020539455606490325
1.7311713856232269 0.021123026337695999

1.7311713856232269 0.021123026337695999
1.7342906133450706 0.021695077705339086

1.7342906133450706 0.021695077705339086
1.7350384639278509 0.021834594052905568

1.7350384639278509 0.021834594052905568
1.7374098410669143 0.022266325109185747

1.7374098410669143 0.022266325109185747
1.740529068788758 0.022820666337423853

1.740529068788758 0.022820666337423853
1.7436482965106017 0.023363618594254208

1.7436482965106017 0.023363618594254208
1.7467675242324452 0.02389285855930395

1.7467675242324452 0.02389285855930395
1.7498867519542889 0.024407660250486917

1.7498867519542889 0.024407660250486917
1.7530059796761326 0.024906249522127267

1.7530059796761326 0.024906249522127267
1.7533015617868692 0.024953821774749217

1.7533015617868692 0.024953821774749217
1.7561252073979763 0.025393671576332835

1.7561252073979763 0.025393671576332835
1.75924443511982 0.025865827175017227

1.75924443511982 0.025865827175017227
1.7623636628416635 0.026326181912819414

1.7623636628416635 0.026326181912819414
1.7654828905635072 0.026776746509677669

1.7654828905635072 0.026776746509677669
1.7686021182853509 0.027220016331285513

1.7686021182853509 0.027220016331285513
1.7717213460071946 0.027658570899477347

1.7717213460071946 0.027658570899477347
1.7746849546266672 0.02807304949659287

1.7746849546266672 0.02807304949659287
1.7748405737290383 0.028095519785338037

1.7748405737290383 0.028095519785338037
1.7779598014508817 0.028530069770759624

1.7779598014508817 0.028530069770759624
1.7810790291727254 0.028965313460118634

1.7810790291727254 0.028965313460118634
1.7841982568945691 0.029401323179139065

1.7841982568945691 0.029401323179139065
1.7873174846164128 0.02983823762537359

1.7873174846164128 0.02983823762537359
1.7904367123382565 0.030275594193031

1.7904367123382565 0.030275594193031
1.7935559400601 0.030712539532937885

1.7935559400601 0.030712539532937885
1.7966751677819437 0.031146685445313863

1.7966751677819437 0.031146685445313863
1.796994550897024 0.03119227721843652

1.796994550897024 0.03119227721843652
1.7997943955037874 0.03158087430920381

1.7997943955037874 0.03158087430920381
1.8029136232256311 0.032009806182531762

1.8029136232256311 0.032009806182531762
1.8060328509474748 0.032434381981315395

1.8060328509474748 0.032434381981315395
1.8091520786693183 0.032854150281380418

1.8091520786693183 0.032854150281380418
1.812271306391162 0.033269306084930027

1.812271306391162 0.033269306084930027
1.8153905341130057 0.033680503173991135

1.8153905341130057 0.033680503173991135
1.8185097618348494 0.034087401378739425

1.8185097618348494 0.034087401378739425
1.8202153609684271 0.034311504940280173

1.8202153609684271 0.034311504940280173
1.8216289895566928 0.034497813969506796

1.8216289895566928 0.034497813969506796
1.8247482172785365 0.034903500664390526

1.8247482172785365 0.034903500664390526
1.8278674450003802 0.035313395131927383

1.8278674450003802 0.035313395131927383
1.8309866727222239 0.035727509022136547

1.8309866727222239 0.035727509022136547
1.8341059004440676 0.036147576152886961

1.8341059004440676 0.036147576152886961
1.8372251281659111 0.03657507624497143

1.8372251281659111 0.03657507624497143
1.8403443558877548 0.037011018277669047

1.8403443558877548 0.037011018277669047
1.8432840158034731 0.037430732662123822

1.8432840158034731 0.037430732662123822
1.8434635836095985 0.037457217561649235

1.8434635836095985 0.037457217561649235
1.8465828113314422 0.037911509409309103

1.8465828113314422 0.037911509409309103
1.8497020390532859 0.038376497788486619

1.8497020390532859 0.038376497788486619
1.8528212667751294 0.038851038431737504

1.8528212667751294 0.038851038431737504
1.8559404944969731 0.039334719982872419

1.8559404944969731 0.039334719982872419
1.8590597222188168 0.039827073488551905

1.8590597222188168 0.039827073488551905
1.8621789499406605 0.040324684476601057

1.8621789499406605 0.040324684476601057
1.8635429509596133 0.040549960383967479

1.8635429509596133 0.040549960383967479
1.8652981776625042 0.040838454405833315

1.8652981776625042 0.040838454405833315
1.8684174053843476 0.041353535915668989

1.8684174053843476 0.041353535915668989
1.8715366331061913 0.041880340919387443

1.8715366331061913 0.041880340919387443
1.874655860828035 0.042416985325717173

1.874655860828035 0.042416985325717173
1.8777750885498787 0.04296382598481166

1.8777750885498787 0.04296382598481166
1.8808943162717224 0.043517363004942876

1.8808943162717224 0.043517363004942876
1.8817070385639072 0.043669188105811128

1.8817070385639072 0.043669188105811128
1.8840135439935659 0.044090840535025155

1.8840135439935659 0.044090840535025155
1.8871327717154096 0.044669739751811655

1.8871327717154096 0.044669739751811655
1.8902519994372533 0.04526177968166202

1.8902519994372533 0.04526177968166202
1.893371227159097 0.04586502868708435

1.893371227159097 0.04586502868708435
1.8964904548809407 0.046474381300811898

1.8964904548809407 0.046474381300811898
1.8980449128739709 0.046788415827654778

1.8980449128739709 0.046788415827654778
1.8996096826027842 0.047104596796870894

1.8996096826027842 0.047104596796870894
1.9027289103246279 0.047732046889401983

1.9027289103246279 0.047732046889401983
1.9058481380464716 0.048371904324873267

1.9058481380464716 0.048371904324873267
1.9089673657683153 0.049018992810139529

1.9089673657683153 0.049018992810139529
1.9120865934901587 0.049666835901249165

1.9120865934901587 0.049666835901249165
1.9132018958970056 0.049907643549498434

1.9132018958970056 0.049907643549498434
1.9152058212120024 0.050333875254858496

1.9152058212120024 0.050333875254858496
1.9183250489338461 0.050996964408896089

1.9183250489338461 0.050996964408896089
1.9214442766556898 0.051670762951511115

1.9214442766556898 0.051670762951511115
1.9245635043775335 0.052352286337099672

1.9245635043775335 0.052352286337099672
1.9276161738948114 0.053026871271342084

1.9276161738948114 0.053026871271342084
1.927682732099377 0.053042405986321248

1.927682732099377 0.053042405986321248
1.9308019598212207 0.053740157817629162

1.9308019598212207 0.053740157817629162
1.9339211875430644 0.054449240334464848

1.9339211875430644 0.054449240334464848
1.9370404152649081 0.05516884761002331

1.9370404152649081 0.05516884761002331
1.9401596429867518 0.055891615148093571

1.9401596429867518 0.055891615148093571
1.9412077655682169 0.056146098993185733

1.9412077655682169 0.056146098993185733
1.9432788707085953 0.05663930970421565

1.9432788707085953 0.05663930970421565
1.946398098430439 0.057381357495772722

1.946398098430439 0.057381357495772722
1.9495173261522827 0.058132543714284016

1.9495173261522827 0.058132543714284016
1.9526365538741264 0.05888083232518377

1.9526365538741264 0.05888083232518377
1.9542038603315208 0.05926532671502939

1.9542038603315208 0.05926532671502939
1.9557557815959701 0.059646138961176411

1.9557557815959701 0.059646138961176411
1.9588750093178136 0.060392379866269365

1.9588750093178136 0.060392379866269365
1.9619942370396573 0.061141669581785442

1.9619942370396573 0.061141669581785442
1.9651134647615009 0.061883403807622459

1.9651134647615009 0.061883403807622459
1.9672154276895164 0.06238455443687304

1.9672154276895164 0.06238455443687304
1.9682326924833446 0.062632161341956386

1.9682326924833446 0.062632161341956386
1.9713519202051883 0.063359667498085415

1.9713519202051883 0.063359667498085415
1.9744711479270318 0.064090638662325339

1.9744711479270318 0.064090638662325339
1.9775903756488755 0.064819312726743988

1.9775903756488755 0.064819312726743988
1.9805252897836962 0.065503782158716703

1.9805252897836962 0.065503782158716703
1.9807096033707192 0.065549094948158665

1.9807096033707192 0.065549094948158665
1.9838288310925629 0.066274489278023749

1.9838288310925629 0.066274489278023749
1.9869480588144066 0.067003940320777722

1.9869480588144066 0.067003940320777722
1.9900672865362501 0.067735387778270026

1.9900672865362501 0.067735387778270026
1.9931865142580938 0.068463044314536148

1.9931865142580938 0.068463044314536148
1.9938411507688538 0.068623009880560346

1.9938411507688538 0.068623009880560346
1.9963057419799375 0.069204624202611073

1.9963057419799375 0.069204624202611073
1.9994249697017812 0.069936482194674215

1.9994249697017812 0.069936482194674215
2.0025441974236244 0.070667394248042859

2.0025441974236244 0.070667394248042859
2.0056634251454684 0.071388080335201734

2.0056634251454684 0.071388080335201734
2.0071764149234208 0.071742237602404002

2.0071764149234208 0.071742237602404002
2.0087826528673118 0.072117438124439381

2.0087826528673118 0.072117438124439381
2.0119018805891553 0.072822646271116481

2.0119018805891553 0.072822646271116481
2.0150211083109992 0.073523424260481585

2.0150211083109992 0.073523424260481585
2.0181403360328427 0.074214299451074023

2.0181403360328427 0.074214299451074023
2.0211053296526011 0.074861465324247659

2.0211053296526011 0.074861465324247659
2.0212595637546866 0.074896855129287065

2.0212595637546866 0.074896855129287065
2.0243787914765301 0.07556659561658044

2.0243787914765301 0.07556659561658044
2.0274980191983736 0.076230388517048206

2.0274980191983736 0.076230388517048206
2.0306172469202175 0.076888117073163481

2.0306172469202175 0.076888117073163481
2.033736474642061 0.077539190107233563

2.033736474642061 0.077539190107233563
2.0358453095783053 0.077980693046091315

2.0358453095783053 0.077980693046091315
2.0368557023639049 0.078196164580574032

2.0368557023639049 0.078196164580574032
2.0399749300857484 0.078836773948259969

2.0399749300857484 0.078836773948259969
2.0430941578075918 0.079478349419007013

2.0430941578075918 0.079478349419007013
2.0462133855294358 0.080115154507430938

2.0462133855294358 0.080115154507430938
2.0493326132512792 0.080742321785966159

2.0493326132512792 0.080742321785966159
2.0511090818328048 0.081099920767934958

2.0511090818328048 0.081099920767934958
2.0524518409731232 0.081372013875628674

2.0524518409731232 0.081372013875628674
2.0555710686949666 0.081979275334131047

2.0555710686949666 0.081979275334131047
2.0586902964168101 0.082578947704579991

2.0586902964168101 0.082578947704579991
2.061809524138654 0.083165729695314453

2.061809524138654 0.083165729695314453
2.0649287518604975 0.083738749304180765

2.0649287518604975 0.083738749304180765
2.0676007785332002 0.084219148489778614

2.0676007785332002 0.084219148489778614
2.0680479795823414 0.08430216791247741

2.0680479795823414 0.08430216791247741
2.0711672073041849 0.084847563396917708

2.0711672073041849 0.084847563396917708
2.0742864350260284 0.085385203581633956

2.0742864350260284 0.085385203581633956
2.0774056627478723 0.085914520685196588

2.0774056627478723 0.085914520685196588
2.0805248904697158 0.086438206917504243

2.0805248904697158 0.086438206917504243
2.0836441181915597 0.086957776659948111

2.0836441181915597 0.086957776659948111
2.0859220722724641 0.087338376211622271

2.0859220722724641 0.087338376211622271
2.0867633459134032 0.087481691483448823

2.0867633459134032 0.087481691483448823
2.0898825736352467 0.087998424795474567

2.0898825736352467 0.087998424795474567
2.0930018013570906 0.088519304865132653

2.0930018013570906 0.088519304865132653
2.0961210290789341 0.089041284715339342

2.0961210290789341 0.089041284715339342
2.099240256800778 0.089563595940797186

2.099240256800778 0.089563595940797186
2.1023594845226214 0.09008343897760053

2.1023594845226214 0.09008343897760053
2.1046053988944347 0.090457603933465913

2.1046053988944347 0.090457603933465913
2.1054787122444649 0.090605786952172196

2.1054787122444649 0.090605786952172196
2.1085979399663088 0.091115191466396697

2.1085979399663088 0.091115191466396697
2.1117171676881523 0.091620249015196442

2.1117171676881523 0.091620249015196442
2.1148363954099962 0.092116249460521493

2.1148363954099962 0.092116249460521493
2.1179556231318397 0.092602634692841398

2.1179556231318397 0.092602634692841398
2.1210748508536832 0.093079706827382716

2.1210748508536832 0.093079706827382716
2.1241940785755271 0.093547587998745685

2.1241940785755271 0.093547587998745685
2.1243849338409801 0.09357683165530957

2.1243849338409801 0.09357683165530957
2.1273133062973706 0.094010836357529229

2.1273133062973706 0.094010836357529229
2.1304325340192141 0.094468425667341135

2.1304325340192141 0.094468425667341135
2.133551761741058 0.094923993559321004

2.133551761741058 0.094923993559321004
2.1366709894629015 0.095380134662410354

2.1366709894629015 0.095380134662410354
2.1397902171847454 0.095839031330790039

2.1397902171847454 0.095839031330790039
2.1429094449065889 0.096302034162697128

2.1429094449065889 0.096302034162697128
2.1455267545583312 0.096696059377153226

2.1455267545583312 0.096696059377153226
2.1460286726284323 0.096773620452778597

2.1460286726284323 0.096773620452778597
2.1491479003502763 0.097247053277733433

2.1491479003502763 0.097247053277733433
2.1522671280721197 0.097728692441627768

2.1522671280721197 0.097728692441627768
2.1553863557939636 0.09821584543857044

2.1553863557939636 0.09821584543857044
2.1585055835158071 0.098707536863514175

2.1585055835158071 0.098707536863514175
2.1616248112376506 0.099202654364533197

2.1616248112376506 0.099202654364533197
2.1647440389594945 0.099697075133737614

2.1647440389594945 0.099697075133737614
2.1654660140977957 0.099815287098996869

2.1654660140977957 0.099815287098996869
2.167863266681338 0.10019938088596626

2.167863266681338 0.10019938088596626
2.1709824944031819 0.10069855874672126

2.1709824944031819 0.10069855874672126
2.1741017221250254 0.10119979430555537

2.1741017221250254 0.10119979430555537
2.1772209498468689 0.10170276702732205

2.1772209498468689 0.10170276702732205
2.1803401775687128 0.10220835034870911

2.1803401775687128 0.10220835034870911
2.1834594052905563 0.10271476267450831

2.1834594052905563 0.10271476267450831
2.1847732044723047 0.10293451482084053

2.1847732044723047 0.10293451482084053
2.1865786330124002 0.10323459267920911

2.1865786330124002 0.10323459267920911
2.1896978607342437 0.10375353508326164

2.1896978607342437 0.10375353508326164
2.1928170884560871 0.10428230575325487

2.1928170884560871 0.10428230575325487
2.1959363161779311 0.10481911605199509

2.1959363161779311 0.10481911605199509
2.1990555438997745 0.1053639046854612

2.1990555438997745 0.1053639046854612
2.2021747716216185 0.10591234583210732

2.2021747716216185 0.10591234583210732
2.202944888547079 0.10605374254268418

2.202944888547079 0.10605374254268418
2.2052939993434619 0.10647535508030448

2.2052939993434619 0.10647535508030448
2.2084132270653054 0.10703766602502143

2.2084132270653054 0.10703766602502143
2.2115324547871493 0.10760498868854836

2.2115324547871493 0.10760498868854836
2.2146516825089928 0.10817500382329588

2.2146516825089928 0.10817500382329588
2.2177709102308367 0.10874551964408027

2.2177709102308367 0.10874551964408027
2.2200914160593217 0.10917297026452782

2.2200914160593217 0.10917297026452782
2.2208901379526802 0.10932348596430948

2.2208901379526802 0.10932348596430948
2.2240093656745237 0.10989384501449512

2.2240093656745237 0.10989384501449512
2.2271285933963676 0.11047036475787107

2.2271285933963676 0.11047036475787107
2.2302478211182111 0.1110501240842276

2.2302478211182111 0.1110501240842276
2.233367048840055 0.11163396748381026

2.233367048840055 0.11163396748381026
2.2364862765618985 0.11222027289331769

2.2364862765618985 0.11222027289331769
2.2368492128619777 0.11229219798637148

2.2368492128619777 0.11229219798637148
2.2396055042837419 0.11281856850759397

2.2396055042837419 0.11281856850759397
2.2427247320055859 0.11342081657895893

2.2427247320055859 0.11342081657895893
2.2458439597274293 0.1140311270800856

2.2458439597274293 0.1140311270800856
2.2489631874492733 0.11464866738301814

2.2489631874492733 0.11464866738301814
2.2520824151711167 0.11526803479001521

2.2520824151711167 0.11526803479001521
2.2527726395165879 0.11541142570821514

2.2527726395165879 0.11541142570821514
2.2552016428929602 0.11590191165518177

2.2552016428929602 0.11590191165518177
2.2583208706148041 0.11653178934994195

2.2583208706148041 0.11653178934994195
2.2614400983366476 0.11716359121995307

2.2614400983366476 0.11716359121995307
2.2645593260584915 0.11779350797141118

2.2645593260584915 0.11779350797141118
2.267678553780335 0.1184153869611442

2.267678553780335 0.1184153869611442
2.2682386377091146 0.11853065343005878

2.2682386377091146 0.11853065343005878
2.2707977815021785 0.11904040269826542

2.2707977815021785 0.11904040269826542
2.2739170092240224 0.11965422672755295

2.2739170092240224 0.11965422672755295
2.2770362369458659 0.12026302497103662

2.2770362369458659 0.12026302497103662
2.2801554646677098 0.12086660148094301

2.2801554646677098 0.12086660148094301
2.2832746923895533 0.1214626392350804

2.2832746923895533 0.1214626392350804
2.2842278542422281 0.12164988115190244

2.2842278542422281 0.12164988115190244
2.2863939201113967 0.12206738717810227

2.2863939201113967 0.12206738717810227
2.2895131478332407 0.12266384413867543

2.2895131478332407 0.12266384413867543
2.2926323755550841 0.12326407627397153

2.2926323755550841 0.12326407627397153
2.2957516032769281 0.12386799422786456

2.2957516032769281 0.12386799422786456
2.2988708309987715 0.12447256161944593

2.2988708309987715 0.12447256161944593
2.3003615407052664 0.12476910887374609

2.3003615407052664 0.12476910887374609
2.301990058720615 0.12509240192092286

2.301990058720615 0.12509240192092286
2.3051092864424589 0.12570351394839802

2.3051092864424589 0.12570351394839802
2.3082285141643024 0.12631899033685146

2.3082285141643024 0.12631899033685146
2.3113477418861459 0.12693306227751122

2.3113477418861459 0.12693306227751122
2.3144669696079898 0.12753964436742043

2.3144669696079898 0.12753964436742043
2.3162570663479829 0.12788833659558974

2.3162570663479829 0.12788833659558974
2.3175861973298333 0.12814901906511933

2.3175861973298333 0.12814901906511933
2.3207054250516772 0.12873722003639851

2.3207054250516772 0.12873722003639851
2.3238246527735207 0.1293178259306392

2.3238246527735207 0.1293178259306392
2.3269438804953642 0.12988573116079885

2.3269438804953642 0.12988573116079885
2.3300631082172081 0.13044092259310289

2.3300631082172081 0.13044092259310289
2.3331823359390516 0.13098282090314367

2.3331823359390516 0.13098282090314367
2.3333217608343806 0.13100756431743341

2.3333217608343806 0.13100756431743341
2.3363015636608955 0.13151564496006868

2.3363015636608955 0.13151564496006868
2.339420791382739 0.1320384351182706

2.339420791382739 0.1320384351182706
2.3425400191045824 0.13255429959330561

2.3425400191045824 0.13255429959330561
2.3456592468264263 0.13306536289708118

2.3456592468264263 0.13306536289708118
2.3487784745482698 0.13357365410902178

2.3487784745482698 0.13357365410902178
2.3518977022701137 0.13407964872322725

2.3518977022701137 0.13407964872322725
2.3521779195391477 0.13412679203927705

2.3521779195391477 0.13412679203927705
2.3550169299919572 0.1345884665315025

2.3550169299919572 0.1345884665315025
2.3581361577138007 0.13509459572558052

2.3581361577138007 0.13509459572558052
2.3612553854356446 0.13560015065312048

2.3612553854356446 0.13560015065312048
2.3643746131574881 0.13610391858743678

2.3643746131574881 0.13610391858743678
2.367493840879332 0.13660467504319201

2.367493840879332 0.13660467504319201
2.3706130686011755 0.13709796700301136

2.3706130686011755 0.13709796700301136
2.3715376113087085 0.13724601976112069

2.3715376113087085 0.13724601976112069
2.373732296323019 0.1375917253825665

2.373732296323019 0.1375917253825665
2.3768515240448629 0.13807186091907922

2.3768515240448629 0.13807186091907922
2.3799707517667064 0.13854341267065476

2.3799707517667064 0.13854341267065476
2.3830899794885503 0.13900428051860603

2.3830899794885503 0.13900428051860603
2.3862092072103938 0.139454071724569

2.3862092072103938 0.139454071724569
2.3893284349322372 0.13989307678188675

2.3893284349322372 0.13989307678188675
2.3924476626540812 0.14032093652981825

2.3924476626540812 0.14032093652981825
2.3927675557787467 0.14036524748296436

2.3927675557787467 0.14036524748296436
2.3955668903759246 0.14074249216877274

2.3955668903759246 0.14074249216877274
2.3986861180977685 0.14115502220031217

2.3986861180977685 0.14115502220031217
2.401805345819612 0.14156168317959483

2.401805345819612 0.14156168317959483
2.4049245735414555 0.14196405434443896

2.4049245735414555 0.14196405434443896
2.4080438012632994 0.14236359397414483

2.4080438012632994 0.14236359397414483
2.4111630289851429 0.14276105853810322

2.4111630289851429 0.14276105853810322
2.4142822567069868 0.14315636923751973

2.4142822567069868 0.14315636923751973
2.4168819864650923 0.143484475204808

2.4168819864650923 0.143484475204808
2.4174014844288303 0.14355144205800804

2.4174014844288303 0.14355144205800804
2.4205207121506738 0.14394032904044457

2.4205207121506738 0.14394032904044457
2.4236399398725177 0.14432659052104643

2.4236399398725177 0.14432659052104643
2.4267591675943612 0.14470730577426402

2.4267591675943612 0.14470730577426402
2.4298783953162051 0.14508096239134946

2.4298783953162051 0.14508096239134946
2.4329976230380486 0.14544618241075152

2.4329976230380486 0.14544618241075152
2.436116850759892 0.14580175314730021

2.436116850759892 0.14580175314730021
2.439236078481736 0.14614680246718834

2.439236078481736 0.14614680246718834
2.4423553062035794 0.14647978631658398

2.4423553062035794 0.14647978631658398
2.4435365925498709 0.14660370292665165

2.4435365925498709 0.14660370292665165
2.4454745339254234 0.14680562496258248

2.4454745339254234 0.14680562496258248
2.4485937616472668 0.14711916306825884

2.4485937616472668 0.14711916306825884
2.4517129893691103 0.14742515751898

2.4517129893691103 0.14742515751898
2.4548322170909542 0.14772457662766014

2.4548322170909542 0.14772457662766014
2.4579514448127977 0.14801947997828002

2.4579514448127977 0.14801947997828002
2.4610706725346416 0.14831208625000702

2.4610706725346416 0.14831208625000702
2.4641899002564851 0.14860452253204981

2.4641899002564851 0.14860452253204981
2.4673091279783286 0.14889860623193144

2.4673091279783286 0.14889860623193144
2.4704283557001725 0.14919550672163026

2.4704283557001725 0.14919550672163026
2.473547583422016 0.14949527479483565

2.473547583422016 0.14949527479483565
2.475887701360719 0.14972293064849532

2.475887701360719 0.14972293064849532
2.4766668111438599 0.14979966764254327

2.4766668111438599 0.14979966764254327
2.4797860388657034 0.15010382591728244

2.4797860388657034 0.15010382591728244
2.4829052665875468 0.15040985709312493

2.4829052665875468 0.15040985709312493
2.4860244943093908 0.15071472468644184

2.4860244943093908 0.15071472468644184
2.4891437220312342 0.15101622566183626

2.4891437220312342 0.15101622566183626
2.4922629497530777 0.15131217436789446

2.4922629497530777 0.15131217436789446
2.4953821774749216 0.15160066338662659

2.4953821774749216 0.15160066338662659
2.4985014051967651 0.15188039806230302

2.4985014051967651 0.15188039806230302
2.501620632918609 0.15215070792781138

2.501620632918609 0.15215070792781138
2.5047398606404525 0.15241157954917678

2.5047398606404525 0.15241157954917678
2.507859088362296 0.15266361303075193

2.507859088362296 0.15266361303075193
2.5101282068846036 0.15284215837033896

2.5101282068846036 0.15284215837033896
2.5109783160841399 0.15290963509374056

2.5109783160841399 0.15290963509374056
2.5140975438059834 0.15314857787541108

2.5140975438059834 0.15314857787541108
2.5172167715278273 0.15338514294839911

2.5172167715278273 0.15338514294839911
2.5203359992496708 0.15362099535951135

2.5203359992496708 0.15362099535951135
2.5234552269715143 0.15385838585914632

2.5234552269715143 0.15385838585914632
2.5265744546933582 0.15409912353986885

2.5265744546933582 0.15409912353986885
2.5296936824152016 0.15434420111782124

2.5296936824152016 0.15434420111782124
2.5328129101370456 0.15459385007213169

2.5328129101370456 0.15459385007213169
2.535932137858889 0.15484732044038335

2.535932137858889 0.15484732044038335
2.5390513655807325 0.15510291944956567

2.5390513655807325 0.15510291944956567
2.5421705933025764 0.15535850049250702

2.5421705933025764 0.15535850049250702
2.5452898210244199 0.15561158631763308

2.5452898210244199 0.15561158631763308
2.5484090487462638 0.15585886858408221

2.5484090487462638 0.15585886858408221
2.5497293065259141 0.1559613860921826

2.5497293065259141 0.1559613860921826
2.5515282764681073 0.15610061408564854

2.5515282764681073 0.15610061408564854
2.5546475041899508 0.15633178456488234

2.5546475041899508 0.15633178456488234
2.5577667319117947 0.15655330967304887

2.5577667319117947 0.15655330967304887
2.5608859596336382 0.15676402290269981

2.5608859596336382 0.15676402290269981
2.5640051873554821 0.15696380694348841

2.5640051873554821 0.15696380694348841
2.5671244150773256 0.15715320407250416

2.5671244150773256 0.15715320407250416
2.5671244150773256 0.15715320407250416

2.5671244150773256 0.15715320407250416
2.5702436427991691 0.15733324818516278

2.5702436427991691 0.15733324818516278
2.573362870521013 0.15750529101829913

2.573362870521013 0.15750529101829913
2.5764820982428565 0.15767081869975866

2.5764820982428565 0.15767081869975866
2.5796013259647004 0.15783144881559275

2.5796013259647004 0.15783144881559275
2.5827205536865439 0.15798876423925143

2.5827205536865439 0.15798876423925143
2.5858397814083873 0.15814389741176887

2.5858397814083873 0.15814389741176887
2.5889590091302312 0.15829735936572625

2.5889590091302312 0.15829735936572625
2.5920782368520747 0.15844906500146044

2.5920782368520747 0.15844906500146044
2.5951974645739186 0.15859845822866581

2.5951974645739186 0.15859845822866581
2.5983166922957621 0.15874458257942697

2.5983166922957621 0.15874458257942697
2.6014359200176056 0.15888622510510692

2.6014359200176056 0.15888622510510692
2.6045551477394495 0.1590218775389565

2.6045551477394495 0.1590218775389565
2.6059743341373482 0.15908061381402627

2.6059743341373482 0.15908061381402627
2.607674375461293 0.15915088629121055

2.607674375461293 0.15915088629121055
2.6107936031831369 0.1592712648237031

2.6107936031831369 0.1592712648237031
2.6139128309049804 0.15938310991290219

2.6139128309049804 0.15938310991290219
2.6170320586268239 0.1594859853827171

2.6170320586268239 0.1594859853827171
2.6201512863486678 0.15957978358736929

2.6201512863486678 0.15957978358736929
2.6232705140705113 0.15966463068874673

2.6232705140705113 0.15966463068874673
2.6263897417923552 0.15974092161207215

2.6263897417923552 0.15974092161207215
2.6295089695141987 0.15980930472975713

2.6295089695141987 0.15980930472975713
2.6326281972360421 0.15987054145162469

2.6326281972360421 0.15987054145162469
2.6357474249578861 0.15992535918903356

2.6357474249578861 0.15992535918903356
2.6388666526797295 0.15997436002380586

2.6388666526797295 0.15997436002380586
2.6419858804015734 0.16001788669987421

2.6419858804015734 0.16001788669987421
2.6451051081234169 0.16005591501533223

2.6451051081234169 0.16005591501533223
2.6482243358452604 0.16008817241141221

2.6482243358452604 0.16008817241141221
2.6513435635671043 0.16011430664694962

2.6513435635671043 0.16011430664694962
2.6544627912889478 0.16013372586149888

2.6544627912889478 0.16013372586149888
2.6575820190107917 0.16014533483765084

2.6575820190107917 0.16014533483765084
2.6607012467326352 0.16014774985488278

2.6607012467326352 0.16014774985488278
2.6638204744544787 0.16013979334587455

2.6638204744544787 0.16013979334587455
2.6669397021763226 0.1601204947533296

2.6669397021763226 0.1601204947533296
2.6700589298981661 0.16008866538906311

2.6700589298981661 0.16008866538906311
2.6731781576200095 0.16004296839231638

2.6731781576200095 0.16004296839231638
2.6762973853418535 0.15998265743269582

2.6762973853418535 0.15998265743269582
2.6794166130636969 0.15990797397865406

2.6794166130636969 0.15990797397865406
2.6825358407855409 0.1598197091990215

2.6825358407855409 0.1598197091990215
2.6856550685073843 0.15971862997551414

2.6856550685073843 0.15971862997551414
2.6887742962292278 0.1596054341859679

2.6887742962292278 0.1596054341859679
2.6918935239510717 0.15948154109651028

2.6918935239510717 0.15948154109651028
2.6950127516729152 0.15934937109638928

2.6950127516729152 0.15934937109638928
2.6981319793947591 0.15921122234885354

2.6981319793947591 0.15921122234885354
2.7009803086934512 0.15908061381402627

2.7009803086934512 0.15908061381402627
2.7012512071166026 0.15906807079713123

2.7012512071166026 0.15906807079713123
2.7043704348384461 0.15892074095571815

2.7043704348384461 0.15892074095571815
2.70748966256029 0.15876906185751621

2.70748966256029 0.15876906185751621
2.7106088902821335 0.15861283264022602

2.7106088902821335 0.15861283264022602
2.7137281180039774 0.1584508381858446

2.7137281180039774 0.1584508381858446
2.7168473457258209 0.15828155267309857

2.7168473457258209 0.15828155267309857
2.7199665734476643 0.15810353731435181

2.7199665734476643 0.15810353731435181
2.7230858011695083 0.15791482121309114

2.7230858011695083 0.15791482121309114
2.7262050288913517 0.15771283299242428

2.7262050288913517 0.15771283299242428
2.7293242566131957 0.15749571405027496

2.7293242566131957 0.15749571405027496
2.7324434843350391 0.15726291002780329

2.7324434843350391 0.15726291002780329
2.7355627120568826 0.15701414043500261

2.7355627120568826 0.15701414043500261
2.7386819397787265 0.15674881378911049

2.7386819397787265 0.15674881378911049
2.74180116750057 0.15646707974051616

2.74180116750057 0.15646707974051616
2.7449203952224139 0.1561718298197329

2.7449203952224139 0.1561718298197329
2.7470522250787304 0.1559613860921826

2.7470522250787304 0.1559613860921826
2.7480396229442574 0.15586298145504376

2.7480396229442574 0.15586298145504376
2.7511588506661009 0.15554631269699434

2.7511588506661009 0.15554631269699434
2.7542780783879448 0.15521871420883662

2.7542780783879448 0.15521871420883662
2.7573973061097883 0.15488287488724231

2.7573973061097883 0.15488287488724231
2.7605165338316322 0.15454050560959562

2.7605165338316322 0.15454050560959562
2.7636357615534757 0.15419267412771248

2.7636357615534757 0.15419267412771248
2.7667549892753192 0.15383874078585166

2.7667549892753192 0.15383874078585166
2.7698742169971631 0.15347660901859755

2.7698742169971631 0.15347660901859755
2.7729934447190066 0.15310673225945509

2.7729934447190066 0.15310673225945509
2.775163093677786 0.15284215837033896

2.775163093677786 0.15284215837033896
2.7761126724408505 0.15272491900362772

2.7761126724408505 0.15272491900362772
2.7792319001626939 0.15233647644084672

2.7792319001626939 0.15233647644084672
2.7823511278845374 0.15193312303924933

2.7823511278845374 0.15193312303924933
2.7854703556063813 0.15151426371863938

2.7854703556063813 0.15151426371863938
2.7885895833282248 0.15107810074129263

2.7885895833282248 0.15107810074129263
2.7917088110500687 0.15062422978340514

2.7917088110500687 0.15062422978340514
2.7948280387719122 0.15015353681633714

2.7948280387719122 0.15015353681633714
2.7975844021028808 0.14972293064849532

2.7975844021028808 0.14972293064849532
2.7979472664937557 0.14966445345028093

2.7979472664937557 0.14966445345028093
2.8010664942155996 0.149163328491761

2.8010664942155996 0.149163328491761
2.8041857219374431 0.14864443491952098

2.8041857219374431 0.14864443491952098
2.807304949659287 0.14810993334555408

2.807304949659287 0.14810993334555408
2.8104241773811305 0.14756167796368999

2.8104241773811305 0.14756167796368999
2.813543405102974 0.14700402503034152

2.813543405102974 0.14700402503034152
2.8157293238691641 0.14660370292665165

2.8157293238691641 0.14660370292665165
2.8166626328248179 0.14642950850753877

2.8166626328248179 0.14642950850753877
2.8197818605466614 0.14585414528497981

2.8197818605466614 0.14585414528497981
2.8229010882685053 0.14526457612988225

2.8229010882685053 0.14526457612988225
2.8260203159903488 0.14466614402229697

2.8260203159903488 0.14466614402229697
2.8291395437121922 0.14405916416981049

2.8291395437121922 0.14405916416981049
2.8320431819398011 0.143484475204808

2.8320431819398011 0.143484475204808
2.8322587714340361 0.14343988482535708

2.8322587714340361 0.14343988482535708
2.8353779991558796 0.14281367081197424

2.8353779991558796 0.14281367081197424
2.8384972268777231 0.14217357254354507

2.8384972268777231 0.14217357254354507
2.841616454599567 0.14151904427057579

2.841616454599567 0.14151904427057579
2.8447356823214105 0.14084962809801627

2.8447356823214105 0.14084962809801627
2.8469078266077021 0.14036524748296436

2.8469078266077021 0.14036524748296436
2.8478549100432544 0.14014912443274297

2.8478549100432544 0.14014912443274297
2.8509741377650979 0.13944019991269818

2.8509741377650979 0.13944019991269818
2.8540933654869414 0.13870191804972515

2.8540933654869414 0.13870191804972515
2.8572125932087853 0.13793921532309586

2.8572125932087853 0.13793921532309586
2.8599484637273083 0.13724601976112069

2.8599484637273083 0.13724601976112069
2.8603318209306288 0.13714389829614212

2.8603318209306288 0.13714389829614212
2.8634510486524727 0.13633206652917371

2.8634510486524727 0.13633206652917371
2.8665702763743162 0.13548830356255587

2.8665702763743162 0.13548830356255587
2.8696895040961596 0.13462750654018615

2.8696895040961596 0.13462750654018615
2.871426688192773 0.13412679203927705

2.871426688192773 0.13412679203927705
2.8728087318180036 0.13372485226815642

2.8728087318180036 0.13372485226815642
2.875927959539847 0.13282813651757894

2.875927959539847 0.13282813651757894
2.879047187261691 0.13190460038373161

2.879047187261691 0.13190460038373161
2.8820278495499698 0.13100756431743341

2.8820278495499698 0.13100756431743341
2.8821664149835344 0.13096276749692817

2.8821664149835344 0.13096276749692817
2.8852856427053779 0.13001443022401249

2.8852856427053779 0.13001443022401249
2.8884048704272218 0.12905103612408264

2.8884048704272218 0.12905103612408264
2.8915240981490653 0.12808241400957121

2.8915240981490653 0.12808241400957121
2.8921003066220154 0.12788833659558974

2.8921003066220154 0.12788833659558974
2.8946433258709092 0.12707452238190123

2.8946433258709092 0.12707452238190123
2.8977625535927527 0.1260639263617819

2.8977625535927527 0.1260639263617819
2.9008817813145962 0.12504205638085511

2.9008817813145962 0.12504205638085511
2.9016494425858541 0.12476910887374609

2.9016494425858541 0.12476910887374609
2.9040010090364401 0.12396846072282096

2.9040010090364401 0.12396846072282096
2.9071202367582836 0.1228900798504497

2.9071202367582836 0.1228900798504497
2.9102394644801275 0.12178364092350295

2.9102394644801275 0.12178364092350295
2.9105767419605577 0.12164988115190244

2.9105767419605577 0.12164988115190244
2.913358692201971 0.12062494508577853

2.913358692201971 0.12062494508577853
2.9164779199238144 0.1194520153422336

2.9164779199238144 0.1194520153422336
2.9188365717703748 0.11853065343005878

2.9188365717703748 0.11853065343005878
2.9195971476456584 0.11821746757977833

2.9195971476456584 0.11821746757977833
2.9227163753675018 0.11699045297289301

2.9227163753675018 0.11699045297289301
2.9258356030893458 0.11573122112881723

2.9258356030893458 0.11573122112881723
2.9265504503893509 0.11541142570821514

2.9265504503893509 0.11541142570821514
2.9289548308111892 0.11439616413165242

2.9289548308111892 0.11439616413165242
2.9320740585330327 0.11308020101975125

2.9320740585330327 0.11308020101975125
2.9338391762329197 0.11229219798637148

2.9338391762329197 0.11229219798637148
2.9351932862548766 0.111677994748323

2.9351932862548766 0.111677994748323
2.9383125139767201 0.11031282810754717

2.9383125139767201 0.11031282810754717
2.9408120331292742 0.10917297026452782

2.9408120331292742 0.10917297026452782
2.941431741698564 0.10886922521168456

2.941431741698564 0.10886922521168456
2.9445509694204075 0.10745179360563617

2.9445509694204075 0.10745179360563617
2.9475251859203944 0.10605374254268418

2.9475251859203944 0.10605374254268418
2.947670197142251 0.10597735574627487

2.947670197142251 0.10597735574627487
2.9507894248640949 0.10449288011220237

2.9507894248640949 0.10449288011220237
2.9539086525859384 0.10297621977482188

2.9539086525859384 0.10297621977482188
2.9539826722789591 0.10293451482084053

2.9539826722789591 0.10293451482084053
2.9570278803077823 0.10141999012197786

2.9570278803077823 0.10141999012197786
2.9601471080296258 0.099841572666556397

2.9601471080296258 0.099841572666556397
2.960191606500977 0.099815287098996869

2.960191606500977 0.099815287098996869
2.9632663357514692 0.098223847209749526

2.9632663357514692 0.098223847209749526
2.9661469305169281 0.096696059377153226

2.9661469305169281 0.096696059377153226
2.9663855634733132 0.096553224321786105

2.9663855634733132 0.096553224321786105
2.9695047911951566 0.094887353809039343

2.9695047911951566 0.094887353809039343
2.9718448970607763 0.09357683165530957

2.9718448970607763 0.09357683165530957
2.9726240189170006 0.093106802653093929

2.9726240189170006 0.093106802653093929
2.975743246638844 0.091405416366216241

2.975743246638844 0.091405416366216241
2.9773195247806674 0.090457603933465913

2.9773195247806674 0.090457603933465913
2.9788624743606875 0.089526770691138

2.9788624743606875 0.089526770691138
2.9819817020825314 0.087744686117550999

2.9819817020825314 0.087744686117550999
2.9825887938058799 0.087338376211622271

2.9825887938058799 0.087338376211622271
2.9851009298043749 0.085805971654296292

2.9851009298043749 0.085805971654296292
2.9876616700194583 0.084219148489778614

2.9876616700194583 0.084219148489778614
2.9882201575262188 0.083836037573627356

2.9882201575262188 0.083836037573627356
2.9913393852480623 0.08195654771152483

2.9913393852480623 0.08195654771152483
2.9926004079737534 0.081099920767934958

2.9926004079737534 0.081099920767934958
2.9944586129699058 0.07987538881863615

2.9944586129699058 0.07987538881863615
2.9973979037703242 0.077980693046091315

2.9973979037703242 0.077980693046091315
2.9975778406917497 0.07784829906820695

2.9975778406917497 0.07784829906820695
3.0006970684135932 0.075845865755754402

3.0006970684135932 0.075845865755754402
3.0020930984132366 0.074861465324247659

3.0020930984132366 0.074861465324247659
3.0038162961354371 0.073666744248656532

3.0038162961354371 0.073666744248656532
3.0066862261510354 0.071742237602404002

3.0066862261510354 0.071742237602404002
3.0069355238572806 0.071552967054523686

3.0069355238572806 0.071552967054523686
3.0100547515791241 0.069468758152686952

3.0100547515791241 0.069468758152686952
3.0111799179183421 0.068623009880560346

3.0111799179183421 0.068623009880560346
3.013173979300968 0.067186061967683425

3.013173979300968 0.067186061967683425
3.0155161878716852 0.065503782158716703

3.0155161878716852 0.065503782158716703
3.0162932070228115 0.064900889391525218

3.0162932070228115 0.064900889391525218
3.0194124347446549 0.062720322117351984

3.0194124347446549 0.062720322117351984
3.0198265634329049 0.06238455443687304

3.0198265634329049 0.06238455443687304
3.0225316624664988 0.060379519372651722

3.0225316624664988 0.060379519372651722
3.0239174708597121 0.05926532671502939

3.0239174708597121 0.05926532671502939
3.0256508901883423 0.05788605696537974

3.0256508901883423 0.05788605696537974
3.0278428217034881 0.056146098993185733

3.0278428217034881 0.056146098993185733
3.0287701179101862 0.055368578836351018

3.0287701179101862 0.055368578836351018
3.0317456543901566 0.053026871271342084

3.0317456543901566 0.053026871271342084
3.0318893456320297 0.05290194612135856

3.0318893456320297 0.05290194612135856
3.0350085733538732 0.050418066985887196

3.0350085733538732 0.050418066985887196
3.0355872990400852 0.049907643549498434

3.0355872990400852 0.049907643549498434
3.0381278010757171 0.047785406871023194

3.0381278010757171 0.047785406871023194
3.0392518650681382 0.046788415827654778

3.0392518650681382 0.046788415827654778
3.0412470287975606 0.045053078573596986

3.0412470287975606 0.045053078573596986
3.0428021209335836 0.043669188105811128

3.0428021209335836 0.043669188105811128
3.0443662565194045 0.042271590980351485

3.0443662565194045 0.042271590980351485
3.0462963293539871 0.040549960383967479

3.0462963293539871 0.040549960383967479
3.047485484241248 0.039466570686853747

3.047485484241248 0.039466570686853747
3.0497634150335151 0.037430732662123822

3.0497634150335151 0.037430732662123822
3.0506047119630915 0.036653016087291969

3.0506047119630915 0.036653016087291969
3.0532181460501349 0.034311504940280173

3.0532181460501349 0.034311504940280173
3.0537239396849354 0.033838225382660125

3.0537239396849354 0.033838225382660125
3.0566599809477712 0.03119227721843652

3.0566599809477712 0.03119227721843652
3.0568431674067789 0.031018817229506414

3.0568431674067789 0.031018817229506414
3.0599623951286228 0.028171929720873592

3.0599623951286228 0.028171929720873592
3.060065501708416 0.02807304949659287

3.060065501708416 0.02807304949659287
3.0630816228504663 0.025252874592167962

3.0630816228504663 0.025252874592167962
3.0633896440873203 0.024953821774749217

3.0633896440873203 0.024953821774749217
3.0662008505723097 0.022252808576239912

3.0662008505723097 0.022252808576239912
3.0666254372282631 0.021834594052905568

3.0666254372282631 0.021834594052905568
3.0693200782941537 0.019173199823039052

3.0693200782941537 0.019173199823039052
3.0697775315176856 0.018715366331061915

3.0697775315176856 0.018715366331061915
3.0724393060159971 0.016010162966244825

3.0724393060159971 0.016010162966244825
3.0728461215741811 0.01559613860921826

3.0728461215741811 0.01559613860921826
3.075558533737841 0.012754921148738791

3.075558533737841 0.012754921148738791
3.0758273059238381 0.012476910887374609

3.0758273059238381 0.012476910887374609
3.0786777614596845 0.0093954773644031927

3.0786777614596845 0.0093954773644031927
3.0787137735781904 0.0093576831655309556

3.0787137735781904 0.0093576831655309556
3.0815240435658149 0.0062384554436873043

3.0815240435658149 0.0062384554436873043
3.081796989181528 0.0059470521442020223

3.081796989181528 0.0059470521442020223
3.0843056387426642 0.0031192277218436517

3.0843056387426642 0.0031192277218436517
3.0849162169033719 0.0024559621946275809

3.0849162169033719 0.0024559621946275809
3.0870785287107969 0

3.0870785287107969 0
3.0880354446252154 -0.0010583840854351411

3.0880354446252154 -0.0010583840854351411
3.0880354446252154 -0.0010583840854351411

3.0880354446252154 -0.0010583840854351411
3.0898456052129508 -0.0031192277218436521

3.0898456052129508 -0.0031192277218436521
3.0911546723470593 -0.0045979499334141303

3.0911546723470593 -0.0045979499334141303
3.0925947514562053 -0.0062384554436873043

3.0925947514562053 -0.0062384554436873043
3.0942739000689028 -0.0081889550771759162

3.0942739000689028 -0.0081889550771759162
3.0942739000689028 -0.0081889550771759162

3.0942739000689028 -0.0081889550771759162
3.0952993005375387 -0.0093576831655309573

3.0952993005375387 -0.0093576831655309573
3.0973931277907463 -0.011880371379206011

3.0973931277907463 -0.011880371379206011
3.0979170221416745 -0.012476910887374609

3.0979170221416745 -0.012476910887374609
3.1004125176643811 -0.015596138609218262

3.1004125176643811 -0.015596138609218262
3.1005123555125902 -0.015710184103380646

3.1005123555125902 -0.015710184103380646
3.1029042379441578 -0.018715366331061911

3.1029042379441578 -0.018715366331061911
3.1036315832344337 -0.019568769168119161

3.1036315832344337 -0.019568769168119161
3.1054610822298288 -0.021834594052905564

3.1054610822298288 -0.021834594052905564
3.1067508109562776 -0.023399074601821741

3.1067508109562776 -0.023399074601821741
3.1080294962025605 -0.024953821774749217

3.1080294962025605 -0.024953821774749217
3.1098700386781211 -0.027295526433549464

3.1098700386781211 -0.027295526433549464
3.1105181355188964 -0.028073049496592867

3.1105181355188964 -0.028073049496592867
3.1128494017847399 -0.03119227721843652

3.1128494017847399 -0.03119227721843652
3.1129892663999645 -0.03135992497963349

3.1129892663999645 -0.03135992497963349
3.1151954100732837 -0.034311504940280173

3.1151954100732837 -0.034311504940280173
3.1161084941218085 -0.035453039388055461

3.1161084941218085 -0.035453039388055461
3.1176304026686688 -0.037430732662123829

3.1176304026686688 -0.037430732662123829
3.1192277218436519 -0.039540739401770546

3.1192277218436519 -0.039540739401770546
3.120028954630119 -0.040549960383967479

3.120028954630119 -0.040549960383967479
3.1222620223791004 -0.043669188105811135

3.1222620223791004 -0.043669188105811135
3.1223469495654959 -0.04377422681207685

3.1223469495654959 -0.04377422681207685
3.1245050314445142 -0.046788415827654785

3.1245050314445142 -0.046788415827654785
3.1254661772873393 -0.048038933242313113

3.1254661772873393 -0.048038933242313113
3.1268596054507092 -0.049907643549498434

3.1268596054507092 -0.049907643549498434
3.1285854050091828 -0.052288868204478055

3.1285854050091828 -0.052288868204478055
3.1291622189291401 -0.053026871271342091

3.1291622189291401 -0.053026871271342091
3.1313132726695225 -0.05614609899318574

3.1313132726695225 -0.05614609899318574
3.1317046327310267 -0.056643269391657723

3.1317046327310267 -0.056643269391657723
3.1335798145564699 -0.05926532671502939

3.1335798145564699 -0.05926532671502939
3.1348238604528702 -0.060926764706984861

3.1348238604528702 -0.060926764706984861
3.1359268018329303 -0.062384554436873046

3.1359268018329303 -0.062384554436873046
3.1379430881747141 -0.065196121458857101

3.1379430881747141 -0.065196121458857101
3.1381892516209153 -0.065503782158716689

3.1381892516209153 -0.065503782158716689
3.1403853600003369 -0.068623009880560346

3.1403853600003369 -0.068623009880560346
3.1410623158965576 -0.069477061870679993

3.1410623158965576 -0.069477061870679993
3.1427508139299531 -0.071742237602403988

3.1427508139299531 -0.071742237602403988
3.1441815436184011 -0.073592557024058702

3.1441815436184011 -0.073592557024058702
3.1451914936190764 -0.074861465324247645

3.1451914936190764 -0.074861465324247645
3.147300771340245 -0.077630925328387251

3.147300771340245 -0.077630925328387251
3.1475948971268077 -0.077980693046091301

3.1475948971268077 -0.077980693046091301
3.1499781380239766 -0.081099920767934958

3.1499781380239766 -0.081099920767934958
3.1504199990620885 -0.081612157045180517

3.1504199990620885 -0.081612157045180517
3.1525424581337709 -0.0842191484897786

3.1525424581337709 -0.0842191484897786
3.1535392267839324 -0.085348628520193398

3.1535392267839324 -0.085348628520193398
3.1552770750426871 -0.087338376211622257

3.1552770750426871 -0.087338376211622257
3.1566584545057759 -0.088849978135168164

3.1566584545057759 -0.088849978135168164
3.1581542233846922 -0.090457603933465913

3.1581542233846922 -0.090457603933465913
3.1597776822276193 -0.092141195627642364

3.1597776822276193 -0.092141195627642364
3.1612081644601671 -0.093576831655309556

3.1612081644601671 -0.093576831655309556
3.1628969099494633 -0.095213541629746434

3.1628969099494633 -0.095213541629746434
3.1644900901844792 -0.096696059377153212

3.1644900901844792 -0.096696059377153212
3.1660161376713067 -0.098079300314400167

3.1660161376713067 -0.098079300314400167
3.1680927694758196 -0.099815287098996869

3.1680927694758196 -0.099815287098996869
3.1691353653931507 -0.10069577252409959

3.1691353653931507 -0.10069577252409959
3.1691353653931507 -0.10069577252409959

3.1691353653931507 -0.10069577252409959
3.1722545931149941 -0.10292651303994764

3.1722545931149941 -0.10292651303994764
3.1722650741478162 -0.10293451482084051

3.1722650741478162 -0.10293451482084051
3.1753738208368376 -0.10495399194478072

3.1753738208368376 -0.10495399194478072
3.1772170512963354 -0.10605374254268417

3.1772170512963354 -0.10605374254268417
3.1784930485586815 -0.1068279161250022

3.1784930485586815 -0.1068279161250022
3.181612276280525 -0.1083387927894066

3.181612276280525 -0.1083387927894066
3.1835266197423611 -0.10917297026452782

3.1835266197423611 -0.10917297026452782
3.1847315040023689 -0.10970626860958732

3.1847315040023689 -0.10970626860958732
3.1878507317242124 -0.11079632984557881

3.1878507317242124 -0.11079632984557881
3.1909699594460559 -0.11168845578332562

3.1909699594460559 -0.11168845578332562
3.1940891871678998 -0.11208272250889305

