3.1940891871678998 0.16328266312553458
3.1909699594460559 0.16328500231233428

3.1909699594460559 0.16328500231233428
3.1878507317242124 0.16328311992470371

3.1878507317242124 0.16328311992470371
3.1847315040023689 0.16326884579717763

3.1847315040023689 0.16326884579717763
3.181612276280525 0.16324395530989608

3.181612276280525 0.16324395530989608
3.1784930485586815 0.16321050907197807

3.1784930485586815 0.16321050907197807
3.1753738208368376 0.16317021655849856

3.1753738208368376 0.16317021655849856
3.1722545931149941 0.16312408328899153

3.1722545931149941 0.16312408328899153
3.1691353653931507 0.16307246268586595

3.1691353653931507 0.16307246268586595
3.1660161376713067 0.16301529152300084

3.1660161376713067 0.16301529152300084
3.1628969099494633 0.16295224719819462

3.1628969099494633 0.16295224719819462
3.1597776822276193 0.16288277690717778

3.1597776822276193 0.16288277690717778
3.1566584545057759 0.16280609693198669

3.1566584545057759 0.16280609693198669
3.1535392267839324 0.16272122927466012

3.1535392267839324 0.16272122927466012
3.1504199990620885 0.16262709433241965

3.1504199990620885 0.16262709433241965
3.147300771340245 0.16252267501710002

3.147300771340245 0.16252267501710002
3.1441815436184011 0.16240722645932676

3.1441815436184011 0.16240722645932676
3.1410623158965576 0.16228063301418613

3.1410623158965576 0.16228063301418613
3.1392354971695147 0.16219984153586992

3.1392354971695147 0.16219984153586992
3.1379430881747141 0.16214255136678057

3.1379430881747141 0.16214255136678057
3.1348238604528702 0.16199485175680167

3.1348238604528702 0.16199485175680167
3.1317046327310267 0.1618380896149347

3.1317046327310267 0.1618380896149347
3.1285854050091828 0.16167444486124338

3.1285854050091828 0.16167444486124338
3.1254661772873393 0.16150593900316126

3.1254661772873393 0.16150593900316126
3.1223469495654959 0.16133450749173797

3.1223469495654959 0.16133450749173797
3.1192277218436519 0.16116182652962682

3.1192277218436519 0.16116182652962682
3.1161084941218085 0.16098919194904202

3.1161084941218085 0.16098919194904202
3.1129892663999645 0.16081741009053821

3.1129892663999645 0.16081741009053821
3.1098700386781211 0.16064667639143901

3.1098700386781211 0.16064667639143901
3.1067508109562776 0.16047656152700518

3.1067508109562776 0.16047656152700518
3.1036315832344337 0.16030612341146577

3.1036315832344337 0.16030612341146577
3.1005123555125902 0.16013405928977856

3.1005123555125902 0.16013405928977856
3.0973931277907463 0.15995890819100819

3.0973931277907463 0.15995890819100819
3.0942739000689028 0.15977924609364064

3.0942739000689028 0.15977924609364064
3.0911546723470593 0.15959390902792694

3.0911546723470593 0.15959390902792694
3.0880354446252154 0.15940221309021926

3.0880354446252154 0.15940221309021926
3.0849162169033719 0.15920434241218093

3.0849162169033719 0.15920434241218093
3.0830329580049298 0.15908061381402627

3.0830329580049298 0.15908061381402627
3.081796989181528 0.1589991140922011

3.081796989181528 0.1589991140922011
3.0786777614596845 0.15878951904451458

3.0786777614596845 0.15878951904451458
3.075558533737841 0.15857484930637816

3.075558533737841 0.15857484930637816
3.0724393060159971 0.1583572253886481

3.0724393060159971 0.1583572253886481
3.0693200782941537 0.15813826069533876

3.0693200782941537 0.15813826069533876
3.0662008505723097 0.15791932163091668

3.0662008505723097 0.15791932163091668
3.0630816228504663 0.15770138892447583

3.0630816228504663 0.15770138892447583
3.0599623951286228 0.15748487320429522

3.0599623951286228 0.15748487320429522
3.0568431674067789 0.15726953565111754

3.0568431674067789 0.15726953565111754
3.0537239396849354 0.15705466929032894

3.0537239396849354 0.15705466929032894
3.0506047119630915 0.15683925325654469

3.0506047119630915 0.15683925325654469
3.047485484241248 0.15662193812073302

3.047485484241248 0.15662193812073302
3.0443662565194045 0.15640119760650012

3.0443662565194045 0.15640119760650012
3.0412470287975606 0.15617559936709116

3.0412470287975606 0.15617559936709116
3.0383608977579879 0.1559613860921826

3.0383608977579879 0.1559613860921826
3.0381278010757171 0.1559438034286966

3.0381278010757171 0.1559438034286966
3.0350085733538732 0.15570591173363019

3.0350085733538732 0.15570591173363019
3.0318893456320297 0.1554607397983914

3.0318893456320297 0.1554607397983914
3.0287701179101862 0.15520906485544747

3.0287701179101862 0.15520906485544747
3.0256508901883423 0.15495181928697332

3.0256508901883423 0.15495181928697332
3.0225316624664988 0.15469037566361174

3.0225316624664988 0.15469037566361174
3.0194124347446549 0.15442622337294151

3.0194124347446549 0.15442622337294151
3.0162932070228115 0.15416062018067198

3.0162932070228115 0.15416062018067198
3.013173979300968 0.15389429908634

3.013173979300968 0.15389429908634
3.0100547515791241 0.15362742598035162

3.0100547515791241 0.15362742598035162
3.0069355238572806 0.1533596256167726

3.0069355238572806 0.1533596256167726
3.0038162961354371 0.1530900031222471

3.0038162961354371 0.1530900031222471
3.0009841101034929 0.15284215837033896

3.0009841101034929 0.15284215837033896
3.0006970684135932 0.15281657856115985

3.0006970684135932 0.15281657856115985
2.9975778406917497 0.15253932875927345

2.9975778406917497 0.15253932875927345
2.9944586129699058 0.15225492707578744

2.9944586129699058 0.15225492707578744
2.9913393852480623 0.15196163187024769

2.9913393852480623 0.15196163187024769
2.9882201575262188 0.15165750248514201

2.9882201575262188 0.15165750248514201
2.9851009298043749 0.15134105117194277

2.9851009298043749 0.15134105117194277
2.9819817020825314 0.15101155019967569

2.9819817020825314 0.15101155019967569
2.9788624743606875 0.1506691640874471

2.9788624743606875 0.1506691640874471
2.975743246638844 0.15031466053131778

2.975743246638844 0.15031466053131778
2.9726240189170006 0.14995044037732821

2.9726240189170006 0.14995044037732821
2.9707367060588972 0.14972293064849532

2.9707367060588972 0.14972293064849532
2.9695047911951566 0.14957343232056167

2.9695047911951566 0.14957343232056167
2.9663855634733132 0.1491938834308684

2.9663855634733132 0.1491938834308684
2.9632663357514692 0.14880792206260934

2.9632663357514692 0.14880792206260934
2.9601471080296258 0.14841952586143117

2.9601471080296258 0.14841952586143117
2.9570278803077823 0.14803036826363475

2.9570278803077823 0.14803036826363475
2.9539086525859384 0.14764117741545529

2.9539086525859384 0.14764117741545529
2.9507894248640949 0.14725167369873546

2.9507894248640949 0.14725167369873546
2.947670197142251 0.14686168201339872

2.947670197142251 0.14686168201339872
2.9456362397403781 0.14660370292665165

2.9456362397403781 0.14660370292665165
2.9445509694204075 0.14646468735463508

2.9445509694204075 0.14646468735463508
2.941431741698564 0.14606700790684779

2.941431741698564 0.14606700790684779
2.9383125139767201 0.14565926384038733

2.9383125139767201 0.14565926384038733
2.9351932862548766 0.14524033581324666

2.9351932862548766 0.14524033581324666
2.9320740585330327 0.14480778278271311

2.9320740585330327 0.14480778278271311
2.9289548308111892 0.14435984661126708

2.9289548308111892 0.14435984661126708
2.9258356030893458 0.14389601941272542

2.9258356030893458 0.14389601941272542
2.9231639201953814 0.143484475204808

2.9231639201953814 0.143484475204808
2.9227163753675018 0.1434135432656243

2.9227163753675018 0.1434135432656243
2.9195971476456584 0.14291970972779178

2.9195971476456584 0.14291970972779178
2.9164779199238144 0.14240913074969841

2.9164779199238144 0.14240913074969841
2.913358692201971 0.14188606626472955

2.913358692201971 0.14188606626472955
2.9102394644801275 0.14135268579689647

2.9102394644801275 0.14135268579689647
2.9071202367582836 0.14081148801692331

2.9071202367582836 0.14081148801692331
2.9045881327794105 0.14036524748296436

2.9045881327794105 0.14036524748296436
2.9040010090364401 0.14025882598008288

2.9040010090364401 0.14025882598008288
2.9008817813145962 0.13970730918448437

2.9008817813145962 0.13970730918448437
2.8977625535927527 0.13914763756142159

2.8977625535927527 0.13914763756142159
2.8946433258709092 0.13858267032145846

2.8946433258709092 0.13858267032145846
2.8915240981490653 0.13801163015709958

2.8915240981490653 0.13801163015709958
2.8884048704272218 0.13743751765016016

2.8884048704272218 0.13743751765016016
2.8874085055778891 0.13724601976112069

2.8874085055778891 0.13724601976112069
2.8852856427053779 0.13684482509075044

2.8852856427053779 0.13684482509075044
2.8821664149835344 0.13625046105028035

2.8821664149835344 0.13625046105028035
2.879047187261691 0.13564328974924189

2.879047187261691 0.13564328974924189
2.875927959539847 0.13502446860293779

2.875927959539847 0.13502446860293779
2.8728087318180036 0.13439881734440307

2.8728087318180036 0.13439881734440307
2.8715083872639768 0.13412679203927705

2.8715083872639768 0.13412679203927705
2.8696895040961596 0.1337494072250528

2.8696895040961596 0.1337494072250528
2.8665702763743162 0.13310135131891979

2.8665702763743162 0.13310135131891979
2.8634510486524727 0.13244068332859896

2.8634510486524727 0.13244068332859896
2.8603318209306288 0.13177158701662431

2.8603318209306288 0.13177158701662431
2.8572125932087853 0.13109860069285861

2.8572125932087853 0.13109860069285861
2.8568145914171201 0.13100756431743341

2.8568145914171201 0.13100756431743341
2.8540933654869414 0.13041038253315332

2.8540933654869414 0.13041038253315332
2.8509741377650979 0.12971973385507765

2.8509741377650979 0.12971973385507765
2.8478549100432544 0.12902097898877132

2.8478549100432544 0.12902097898877132
2.8447356823214105 0.12831716851963354

2.8447356823214105 0.12831716851963354
2.8428896119685416 0.12788833659558974

2.8428896119685416 0.12788833659558974
2.841616454599567 0.12758927155059277

2.841616454599567 0.12758927155059277
2.8384972268777231 0.12686664156115843

2.8384972268777231 0.12686664156115843
2.8353779991558796 0.12612661658031679

2.8353779991558796 0.12612661658031679
2.8322587714340361 0.12537598591754032

2.8322587714340361 0.12537598591754032
2.8297890577303311 0.12476910887374609

2.8297890577303311 0.12476910887374609
2.8291395437121922 0.12460348702486694

2.8291395437121922 0.12460348702486694
2.8260203159903488 0.12383425370212355

2.8260203159903488 0.12383425370212355
2.8229010882685053 0.12304950638548455

2.8229010882685053 0.12304950638548455
2.8197818605466614 0.12225953740538795

2.8197818605466614 0.12225953740538795
2.8174067585609004 0.12164988115190244

2.8174067585609004 0.12164988115190244
2.8166626328248179 0.12145220358510343

2.8166626328248179 0.12145220358510343
2.813543405102974 0.12065857532718474

2.813543405102974 0.12065857532718474
2.8104241773811305 0.11985678561063445

2.8104241773811305 0.11985678561063445
2.807304949659287 0.11905903700411823

2.807304949659287 0.11905903700411823
2.8052631601090798 0.11853065343005878

2.8052631601090798 0.11853065343005878
2.8041857219374431 0.11824614979907982

2.8041857219374431 0.11824614979907982
2.8010664942155996 0.1174538456741154

2.8010664942155996 0.1174538456741154
2.7979472664937557 0.11665468037292394

2.7979472664937557 0.11665468037292394
2.7948280387719122 0.11586045595464926

2.7948280387719122 0.11586045595464926
2.7931064602518418 0.11541142570821514

2.7931064602518418 0.11541142570821514
2.7917088110500687 0.11504433031803661

2.7917088110500687 0.11504433031803661
2.7885895833282248 0.1142428734910747

2.7885895833282248 0.1142428734910747
2.7854703556063813 0.11342763169274139

2.7854703556063813 0.11342763169274139
2.7823511278845374 0.11261290677143859

2.7823511278845374 0.11261290677143859
2.7811793404607341 0.11229219798637148

2.7811793404607341 0.11229219798637148
2.7792319001626939 0.11176791272773814

2.7792319001626939 0.11176791272773814
2.7761126724408505 0.11093195718115663

2.7761126724408505 0.11093195718115663
2.7729934447190066 0.11008350583433797

2.7729934447190066 0.11008350583433797
2.7698742169971631 0.10923335842295213

2.7698742169971631 0.10923335842295213
2.7696676447649509 0.10917297026452782

2.7696676447649509 0.10917297026452782
2.7667549892753192 0.10837216053206086

2.7667549892753192 0.10837216053206086
2.7636357615534757 0.10751331997827164

2.7636357615534757 0.10751331997827164
2.7605165338316322 0.10665925772185735

2.7605165338316322 0.10665925772185735
2.7583186075294481 0.10605374254268418

2.7583186075294481 0.10605374254268418
2.7573973061097883 0.10579261303191105

2.7573973061097883 0.10579261303191105
2.7542780783879448 0.10495250473111344

2.7542780783879448 0.10495250473111344
2.7511588506661009 0.10411031650754494

2.7511588506661009 0.10411031650754494
2.7480396229442574 0.10328288093948225

2.7480396229442574 0.10328288093948225
2.7467605644181639 0.10293451482084053

2.7467605644181639 0.10293451482084053
2.7449203952224139 0.10243948149620861

2.7449203952224139 0.10243948149620861
2.74180116750057 0.10161886614277363

2.74180116750057 0.10161886614277363
2.7386819397787265 0.10079616652611258

2.7386819397787265 0.10079616652611258
2.7355627120568826 0.099983888658861028

2.7355627120568826 0.099983888658861028
2.7349465955908299 0.099815287098996869

2.7349465955908299 0.099815287098996869
2.7324434843350391 0.099157528471674111

2.7324434843350391 0.099157528471674111
2.7293242566131957 0.098341429628194324

2.7293242566131957 0.098341429628194324
2.7262050288913517 0.097524271859103132

2.7262050288913517 0.097524271859103132
2.7230858011695083 0.096710499548206652

2.7230858011695083 0.096710499548206652
2.7230337853821016 0.096696059377153226

2.7230337853821016 0.096696059377153226
2.7199665734476643 0.095898185402075078

2.7199665734476643 0.095898185402075078
2.7168473457258209 0.095090679142226103

2.7168473457258209 0.095090679142226103
2.7137281180039774 0.094289885796257675

2.7137281180039774 0.094289885796257675
2.7109256943598492 0.09357683165530957

2.7109256943598492 0.09357683165530957
2.7106088902821335 0.093491951572671372

2.7106088902821335 0.093491951572671372
2.70748966256029 0.092712362297176901

2.70748966256029 0.092712362297176901
2.7043704348384461 0.091938614138781724

2.7043704348384461 0.091938614138781724
2.7012512071166026 0.091175988459740245

2.7012512071166026 0.091175988459740245
2.6982697346821265 0.090457603933465913

2.6982697346821265 0.090457603933465913
2.6981319793947591 0.09042250011469774

2.6981319793947591 0.09042250011469774
2.6950127516729152 0.089683093507498535

2.6950127516729152 0.089683093507498535
2.6918935239510717 0.088951107056077269

2.6918935239510717 0.088951107056077269
2.6887742962292278 0.088228710318421985

2.6887742962292278 0.088228710318421985
2.6856550685073843 0.087521652275087805

2.6856550685073843 0.087521652275087805
2.6848686795055472 0.087338376211622271

2.6848686795055472 0.087338376211622271
2.6825358407855409 0.086810127730144016

2.6825358407855409 0.086810127730144016
2.6794166130636969 0.086116598392609336

2.6794166130636969 0.086116598392609336
2.6762973853418535 0.085430500746895136

2.6762973853418535 0.085430500746895136
2.6731781576200095 0.08475629036176395

2.6731781576200095 0.08475629036176395
2.6706564313694643 0.084219148489778614

2.6706564313694643 0.084219148489778614
2.6700589298981661 0.084087625665514934

2.6700589298981661 0.084087625665514934
2.6669397021763226 0.083442111077901587

2.6669397021763226 0.083442111077901587
2.6638204744544787 0.082806027348808278

2.6638204744544787 0.082806027348808278
2.6607012467326352 0.082185411967993824

2.6607012467326352 0.082185411967993824
2.6575820190107917 0.081581992303087283

2.6575820190107917 0.081581992303087283
2.6550266281283887 0.081099920767934958

2.6550266281283887 0.081099920767934958
2.6544627912889478 0.080990327128910272

2.6544627912889478 0.080990327128910272
2.6513435635671043 0.080422348027574309

2.6513435635671043 0.080422348027574309
2.6482243358452604 0.079865793124391932

2.6482243358452604 0.079865793124391932
2.6451051081234169 0.079322698707388228

2.6451051081234169 0.079322698707388228
2.6419858804015734 0.078791513705689556

2.6419858804015734 0.078791513705689556
2.6388666526797295 0.078272895191136532

2.6388666526797295 0.078272895191136532
2.6371027042235804 0.077980693046091315

2.6371027042235804 0.077980693046091315
2.6357474249578861 0.077755029829152444

2.6357474249578861 0.077755029829152444
2.6326281972360421 0.077251819223133039

2.6326281972360421 0.077251819223133039
2.6295089695141987 0.07675072180649771

2.6295089695141987 0.07675072180649771
2.6263897417923552 0.076253716046382591

2.6263897417923552 0.076253716046382591
2.6232705140705113 0.075760579057877711

2.6232705140705113 0.075760579057877711
2.6201512863486678 0.075272294939895165

2.6201512863486678 0.075272294939895165
2.6175011394192342 0.074861465324247659

2.6175011394192342 0.074861465324247659
2.6170320586268239 0.074786741493644726

2.6170320586268239 0.074786741493644726
2.6139128309049804 0.074312035894371561

2.6139128309049804 0.074312035894371561
2.6107936031831369 0.073842477635867806

2.6107936031831369 0.073842477635867806
2.607674375461293 0.073381529919664665

2.607674375461293 0.073381529919664665
2.6045551477394495 0.07293013335035195

2.6045551477394495 0.07293013335035195
2.6014359200176056 0.072488739198372523

2.6014359200176056 0.072488739198372523
2.5983166922957621 0.072057891993516948

2.5983166922957621 0.072057891993516948
2.5959910621944742 0.071742237602404002

2.5959910621944742 0.071742237602404002
2.5951974645739186 0.071632737346917053

2.5951974645739186 0.071632737346917053
2.5920782368520747 0.071220381672586583

2.5920782368520747 0.071220381672586583
2.5889590091302312 0.070812183170069348

2.5889590091302312 0.070812183170069348
2.5858397814083873 0.070407879649393573

2.5858397814083873 0.070407879649393573
2.5827205536865439 0.070005001555253701

2.5827205536865439 0.070005001555253701
2.5796013259647004 0.069601388479003032

2.5796013259647004 0.069601388479003032
2.5764820982428565 0.069195422327565786

2.5764820982428565 0.069195422327565786
2.573362870521013 0.068787898279001267

2.573362870521013 0.068787898279001267
2.5721346855802372 0.068623009880560346

2.5721346855802372 0.068623009880560346
2.5702436427991691 0.068370886870792333

2.5702436427991691 0.068370886870792333
2.5671244150773256 0.067954524113084752

2.5671244150773256 0.067954524113084752
2.5640051873554821 0.067532920834251206

2.5640051873554821 0.067532920834251206
2.5608859596336382 0.06710791273937794

2.5608859596336382 0.06710791273937794
2.5577667319117947 0.06668031734537698

2.5577667319117947 0.06668031734537698
2.5546475041899508 0.066251020560574511

2.5546475041899508 0.066251020560574511
2.5515282764681073 0.065821242042986963

2.5515282764681073 0.065821242042986963
2.5492396457075732 0.065503782158716703

2.5492396457075732 0.065503782158716703
2.5484090487462638 0.065386665492098414

2.5484090487462638 0.065386665492098414
2.5452898210244199 0.064956157502038439

2.5452898210244199 0.064956157502038439
2.5421705933025764 0.064521628474448672

2.5421705933025764 0.064521628474448672
2.5390513655807325 0.064083701176601587

2.5390513655807325 0.064083701176601587
2.535932137858889 0.063640582515468586

2.535932137858889 0.063640582515468586
2.5328129101370456 0.063190279008887962

2.5328129101370456 0.063190279008887962
2.5296936824152016 0.062731738568759327

2.5296936824152016 0.062731738568759327
2.5273956084318678 0.06238455443687304

2.5273956084318678 0.06238455443687304
2.5265744546933582 0.062258180176255624

2.5265744546933582 0.062258180176255624
2.5234552269715143 0.061778929899866761

2.5234552269715143 0.061778929899866761
2.5203359992496708 0.061284267143480939

2.5203359992496708 0.061284267143480939
2.5172167715278273 0.060776349286082262

2.5172167715278273 0.060776349286082262
2.5140975438059834 0.060255430779858572

2.5140975438059834 0.060255430779858572
2.5109783160841399 0.059722529777123431

2.5109783160841399 0.059722529777123431
2.5083646629927916 0.05926532671502939

2.5083646629927916 0.05926532671502939
2.507859088362296 0.059174151684232922

2.507859088362296 0.059174151684232922
2.5047398606404525 0.058621767785992603

2.5047398606404525 0.058621767785992603
2.501620632918609 0.05805787999929881

2.501620632918609 0.05805787999929881
2.4985014051967651 0.057485952190532125

2.4985014051967651 0.057485952190532125
2.4953821774749216 0.056906017961338401

2.4953821774749216 0.056906017961338401
2.4922629497530777 0.056321971989948059

2.4922629497530777 0.056321971989948059
2.4913660883404414 0.056146098993185733

2.4913660883404414 0.056146098993185733
2.4891437220312342 0.05571903355140824

2.4891437220312342 0.05571903355140824
2.4860244943093908 0.055114125935890289

2.4860244943093908 0.055114125935890289
2.4829052665875468 0.054496461211717653

2.4829052665875468 0.054496461211717653
2.4797860388657034 0.053865510487782896

2.4797860388657034 0.053865510487782896
2.4766668111438599 0.053224561721524462

2.4766668111438599 0.053224561721524462
2.4757608810483021 0.053026871271342084

2.4757608810483021 0.053026871271342084
2.473547583422016 0.052554353951676736

2.473547583422016 0.052554353951676736
2.4704283557001725 0.051876036356094529

2.4704283557001725 0.051876036356094529
2.4673091279783286 0.051177360572790417

2.4673091279783286 0.051177360572790417
2.4641899002564851 0.050461634485432921

2.4641899002564851 0.050461634485432921
2.4618533216107137 0.049907643549498434

2.4618533216107137 0.049907643549498434
2.4610706725346416 0.049716281431638198

2.4610706725346416 0.049716281431638198
2.4579514448127977 0.048967432699429103

2.4579514448127977 0.048967432699429103
2.4548322170909542 0.048195204689345031

2.4548322170909542 0.048195204689345031
2.4517129893691103 0.047408568299455493

2.4517129893691103 0.047408568299455493
2.449316693490148 0.046788415827654778

2.449316693490148 0.046788415827654778
2.4485937616472668 0.0465944697574492

2.4485937616472668 0.0465944697574492
2.4454745339254234 0.045782934854726787

2.4454745339254234 0.045782934854726787
2.4423553062035794 0.044950860008976599

2.4423553062035794 0.044950860008976599
2.439236078481736 0.044112783134322354

2.439236078481736 0.044112783134322354
2.4376497764662526 0.043669188105811128

2.4376497764662526 0.043669188105811128
2.436116850759892 0.043239784676222977

2.436116850759892 0.043239784676222977
2.4329976230380486 0.042377121496922798

2.4329976230380486 0.042377121496922798
2.4298783953162051 0.041495184095975052

2.4298783953162051 0.041495184095975052
2.4267591675943612 0.040605051981470693

2.4267591675943612 0.040605051981470693
2.4265816296441032 0.040549960383967479

2.4265816296441032 0.040549960383967479
2.4236399398725177 0.039695407954596459

2.4236399398725177 0.039695407954596459
2.4205207121506738 0.038777330364742457

2.4205207121506738 0.038777330364742457
2.4174014844288303 0.037856878112591225

2.4174014844288303 0.037856878112591225
2.4160235636404082 0.037430732662123822

2.4160235636404082 0.037430732662123822
2.4142822567069868 0.036896748547980723

2.4142822567069868 0.036896748547980723
2.4111630289851429 0.03595071013587945

2.4111630289851429 0.03595071013587945
2.4080438012632994 0.034990897959340371

2.4080438012632994 0.034990897959340371
2.4058891002284475 0.034311504940280173

2.4058891002284475 0.034311504940280173
2.4049245735414555 0.0339977886589675

2.4049245735414555 0.0339977886589675
2.401805345819612 0.033021666194365529

2.401805345819612 0.033021666194365529
2.3986861180977685 0.032025797067019961

2.3986861180977685 0.032025797067019961
2.3961117079773691 0.03119227721843652

2.3961117079773691 0.03119227721843652
2.3955668903759246 0.031005994478550524

2.3955668903759246 0.031005994478550524
2.3924476626540812 0.029998848742984148

2.3924476626540812 0.029998848742984148
2.3893284349322372 0.028973719511001826

2.3893284349322372 0.028973719511001826
2.3866148405013292 0.02807304949659287

2.3866148405013292 0.02807304949659287
2.3862092072103938 0.027929565428715407

2.3862092072103938 0.027929565428715407
2.3830899794885503 0.026897379229011757

2.3830899794885503 0.026897379229011757
2.3799707517667064 0.025852041381725647

2.3799707517667064 0.025852041381725647
2.3773074042071771 0.024953821774749217

2.3773074042071771 0.024953821774749217
2.3768515240448629 0.02479030167588691

2.3768515240448629 0.02479030167588691
2.373732296323019 0.02374745858627797

2.373732296323019 0.02374745858627797
2.3706130686011755 0.022696145551736227

2.3706130686011755 0.022696145551736227
2.3680652283124819 0.021834594052905568

2.3680652283124819 0.021834594052905568
2.367493840879332 0.021630466109607002

2.367493840879332 0.021630466109607002
2.3643746131574881 0.020592500692301056

2.3643746131574881 0.020592500692301056
2.3612553854356446 0.01955008379880576

2.3612553854356446 0.01955008379880576
2.3587576750550143 0.018715366331061915

2.3587576750550143 0.018715366331061915
2.3581361577138007 0.018496726410855657

2.3581361577138007 0.018496726410855657
2.3550169299919572 0.017474630739660452

2.3550169299919572 0.017474630739660452
2.3518977022701137 0.016448849107383812

2.3518977022701137 0.016448849107383812
2.3492956880441129 0.01559613860921826

2.3492956880441129 0.01559613860921826
2.3487784745482698 0.015416883840008258

2.3487784745482698 0.015416883840008258
2.3456592468264263 0.014412974606625356

2.3456592468264263 0.014412974606625356
2.3425400191045824 0.013404411656079992

2.3425400191045824 0.013404411656079992
2.3396519330742045 0.012476910887374609

2.3396519330742045 0.012476910887374609
2.339420791382739 0.012397262048862514

2.339420791382739 0.012397262048862514
2.3363015636608955 0.011407573758780525

2.3363015636608955 0.011407573758780525
2.3331823359390516 0.010417441862839046

2.3331823359390516 0.010417441862839046
2.3300631082172081 0.0094413296798278729

2.3300631082172081 0.0094413296798278729
2.3298126300221549 0.0093576831655309556

2.3298126300221549 0.0093576831655309556
2.3269438804953642 0.0084626824969697978

2.3269438804953642 0.0084626824969697978
2.3238246527735207 0.0074995207500670805

2.3238246527735207 0.0074995207500670805
2.3207054250516772 0.0065596273172409732

2.3207054250516772 0.0065596273172409732
2.3196714299123209 0.0062384554436873043

2.3196714299123209 0.0062384554436873043
2.3175861973298333 0.0056076508678267354

2.3175861973298333 0.0056076508678267354
2.3144669696079898 0.0046925021267792853

2.3144669696079898 0.0046925021267792853
2.3113477418861459 0.0037943974929837928

2.3113477418861459 0.0037943974929837928
2.3089619681585383 0.0031192277218436517

2.3089619681585383 0.0031192277218436517
2.3082285141643024 0.0029037785144386762

2.3082285141643024 0.0029037785144386762
2.3051092864424589 0.0020547242614406347

2.3051092864424589 0.0020547242614406347
2.301990058720615 0.0012192906069944667

2.301990058720615 0.0012192906069944667
2.2988708309987715 0.00041453065143442656

2.2988708309987715 0.00041453065143442656
2.2972531464865686 0

2.2972531464865686 0
2.2957516032769281 -0.00038533055763004823

2.2957516032769281 -0.00038533055763004823
2.2926323755550841 -0.0011442689560537732

2.2926323755550841 -0.0011442689560537732
2.2895131478332407 -0.0018877825184553734

2.2895131478332407 -0.0018877825184553734
2.2863939201113967 -0.0026067538811894758

2.2863939201113967 -0.0026067538811894758
2.2841210542048556 -0.0031192277218436521

2.2841210542048556 -0.0031192277218436521
2.2832746923895533 -0.003314948977267803

2.2832746923895533 -0.003314948977267803
2.2801554646677098 -0.0039904077864807751

2.2801554646677098 -0.0039904077864807751
2.2770362369458659 -0.0046530610840041023

2.2770362369458659 -0.0046530610840041023
2.2739170092240224 -0.0052965308661818283

2.2739170092240224 -0.0052965308661818283
2.2707977815021785 -0.0059168711285464692

2.2707977815021785 -0.0059168711285464692
2.269158598067885 -0.0062384554436873043

2.269158598067885 -0.0062384554436873043
2.267678553780335 -0.0065293255030520313

2.267678553780335 -0.0065293255030520313
2.2645593260584915 -0.0071119620134505318

2.2645593260584915 -0.0071119620134505318
2.2614400983366476 -0.0076797361428536989

2.2614400983366476 -0.0076797361428536989
2.2583208706148041 -0.0082277548335051402

2.2583208706148041 -0.0082277548335051402
2.2552016428929602 -0.0087554014742735227

2.2552016428929602 -0.0087554014742735227
2.2520824151711167 -0.0092598412342732098

2.2520824151711167 -0.0092598412342732098
2.2514714452090789 -0.0093576831655309573

2.2514714452090789 -0.0093576831655309573
2.2489631874492733 -0.009749490921529852

2.2489631874492733 -0.009749490921529852
2.2458439597274293 -0.010215209965965094

2.2458439597274293 -0.010215209965965094
2.2427247320055859 -0.010661604740393477

2.2427247320055859 -0.010661604740393477
2.2396055042837419 -0.011087929571408672

2.2396055042837419 -0.011087929571408672
2.2364862765618985 -0.011494383668482861

2.2364862765618985 -0.011494383668482861
2.233367048840055 -0.011881560966908357

2.233367048840055 -0.011881560966908357
2.233367048840055 -0.011881560966908357

2.233367048840055 -0.011881560966908357
2.2302478211182111 -0.012249549526037271

2.2302478211182111 -0.012249549526037271
2.2282405893052197 -0.012476910887374609

2.2282405893052197 -0.012476910887374609
2.2271285933963676 -0.012603816344579367

2.2271285933963676 -0.012603816344579367
2.2240093656745237 -0.012938909658176458

2.2240093656745237 -0.012938909658176458
2.2208901379526802 -0.013261817932414408

2.2208901379526802 -0.013261817932414408
2.2177709102308367 -0.013572798153498582

2.2177709102308367 -0.013572798153498582
2.2146516825089928 -0.013873519826412576

2.2146516825089928 -0.013873519826412576
2.2115324547871493 -0.014165630853164335

2.2115324547871493 -0.014165630853164335
2.2084132270653054 -0.014450707576391865

2.2084132270653054 -0.014450707576391865
2.2052939993434619 -0.014730165140350301

2.2052939993434619 -0.014730165140350301
2.2021747716216185 -0.015005154093736459

2.2021747716216185 -0.015005154093736459
2.1990555438997745 -0.015276398537414809

2.1990555438997745 -0.015276398537414809
2.1959363161779311 -0.015543494954795234

2.1959363161779311 -0.015543494954795234
2.1953246971703728 -0.015596138609218262

2.1953246971703728 -0.015596138609218262
2.1928170884560871 -0.015809159761757733

2.1928170884560871 -0.015809159761757733
2.1896978607342437 -0.016069949891751992

2.1896978607342437 -0.016069949891751992
2.1865786330124002 -0.016327573925278799

2.1865786330124002 -0.016327573925278799
2.1834594052905563 -0.01658178789906186

2.1834594052905563 -0.01658178789906186
2.1803401775687128 -0.016832774353142361

2.1803401775687128 -0.016832774353142361
2.1772209498468689 -0.017080928304152601

2.1772209498468689 -0.017080928304152601
2.1741017221250254 -0.017327041097016702

2.1741017221250254 -0.017327041097016702
2.1709824944031819 -0.01757233377066383

2.1709824944031819 -0.01757233377066383
2.167863266681338 -0.017818384694076008

2.167863266681338 -0.017818384694076008
2.1647440389594945 -0.018066964337458909

2.1647440389594945 -0.018066964337458909
2.1616248112376506 -0.018319719236278644

2.1616248112376506 -0.018319719236278644
2.1585055835158071 -0.018577437698411869

2.1585055835158071 -0.018577437698411869
2.1568917179154701 -0.018715366331061911

2.1568917179154701 -0.018715366331061911
2.1553863557939636 -0.018844155674312066

2.1553863557939636 -0.018844155674312066
2.1522671280721197 -0.019116556449936293

2.1522671280721197 -0.019116556449936293
2.1491479003502763 -0.019398721852966719

2.1491479003502763 -0.019398721852966719
2.1460286726284323 -0.019690721144493155

2.1460286726284323 -0.019690721144493155
2.1429094449065889 -0.019992910793149611

2.1429094449065889 -0.019992910793149611
2.1397902171847454 -0.020305422740569401

2.1397902171847454 -0.020305422740569401
2.1366709894629015 -0.020628347678064103

2.1366709894629015 -0.020628347678064103
2.133551761741058 -0.020961703694041225

2.133551761741058 -0.020961703694041225
2.1304325340192141 -0.021305439585769966

2.1304325340192141 -0.021305439585769966
2.1273133062973706 -0.02165833959732406

2.1273133062973706 -0.02165833959732406
2.1258180802529303 -0.021834594052905564

2.1258180802529303 -0.021834594052905564
2.1241940785755271 -0.022025876352596094

2.1241940785755271 -0.022025876352596094
2.1210748508536832 -0.022399840328444654

2.1210748508536832 -0.022399840328444654
2.1179556231318397 -0.022785936836182883

2.1179556231318397 -0.022785936836182883
2.1148363954099962 -0.023183604835136429

2.1148363954099962 -0.023183604835136429
2.1117171676881523 -0.023593640781356985

2.1117171676881523 -0.023593640781356985
2.1085979399663088 -0.024016627635351805

2.1085979399663088 -0.024016627635351805
2.1054787122444649 -0.024452868019997291

2.1054787122444649 -0.024452868019997291
2.1023594845226214 -0.024901343629833522

2.1023594845226214 -0.024901343629833522
2.1020168149378304 -0.024953821774749217

2.1020168149378304 -0.024953821774749217
2.099240256800778 -0.025366928855248695

2.099240256800778 -0.025366928855248695
2.0961210290789341 -0.025844407649760339

2.0961210290789341 -0.025844407649760339
2.0930018013570906 -0.026336646789659718

2.0930018013570906 -0.026336646789659718
2.0898825736352467 -0.026844674175246382

2.0898825736352467 -0.026844674175246382
2.0867633459134032 -0.02736958655767454

2.0867633459134032 -0.02736958655767454
2.0836441181915597 -0.027908673062276401

2.0836441181915597 -0.027908673062276401
2.0827509010034957 -0.028073049496592867

2.0827509010034957 -0.028073049496592867
2.0805248904697158 -0.028475102677326152

2.0805248904697158 -0.028475102677326152
2.0774056627478723 -0.029053675923081394

2.0774056627478723 -0.029053675923081394
2.0742864350260284 -0.029653425410091253

2.0742864350260284 -0.029653425410091253
2.0711672073041849 -0.030274253365146747

2.0711672073041849 -0.030274253365146747
2.0680479795823414 -0.030911891926224146

2.0680479795823414 -0.030911891926224146
2.0667541787540924 -0.03119227721843652

2.0667541787540924 -0.03119227721843652
2.0649287518604975 -0.031584591391227657

2.0649287518604975 -0.031584591391227657
2.061809524138654 -0.032265572092273424

2.061809524138654 -0.032265572092273424
2.0586902964168101 -0.032969832356825636

2.0586902964168101 -0.032969832356825636
2.0555710686949666 -0.033692116706313696

2.0555710686949666 -0.033692116706313696
2.0529702004475956 -0.034311504940280173

2.0529702004475956 -0.034311504940280173
2.0524518409731232 -0.034440160682225482

2.0524518409731232 -0.034440160682225482
2.0493326132512792 -0.035193222047622076

2.0493326132512792 -0.035193222047622076
2.0462133855294358 -0.03596645281533456

2.0462133855294358 -0.03596645281533456
2.0430941578075918 -0.036752873174416952

2.0430941578075918 -0.036752873174416952
2.0404599211600063 -0.037430732662123829

2.0404599211600063 -0.037430732662123829
2.0399749300857484 -0.037561403216951679

2.0399749300857484 -0.037561403216951679
2.0368557023639049 -0.038370114961491404

2.0368557023639049 -0.038370114961491404
2.033736474642061 -0.039197200172427532

2.033736474642061 -0.039197200172427532
2.0306172469202175 -0.040032235450743289

2.0306172469202175 -0.040032235450743289
2.0287488360204202 -0.040549960383967479

2.0287488360204202 -0.040549960383967479
2.0274980191983736 -0.040901595877929894

2.0274980191983736 -0.040901595877929894
2.0243787914765301 -0.041762324934006931

2.0243787914765301 -0.041762324934006931
2.0212595637546866 -0.042646067564666414

2.0212595637546866 -0.042646067564666414
2.0181403360328427 -0.043538616613054637

2.0181403360328427 -0.043538616613054637
2.0177201024205025 -0.043669188105811135

2.0177201024205025 -0.043669188105811135
2.0150211083109992 -0.044463328399352471

2.0150211083109992 -0.044463328399352471
2.0119018805891553 -0.045395876150977427

2.0119018805891553 -0.045395876150977427
2.0087826528673118 -0.046335399190673268

2.0087826528673118 -0.046335399190673268
2.0073522189608246 -0.046788415827654785

2.0073522189608246 -0.046788415827654785
2.0056634251454684 -0.047320139695014897

2.0056634251454684 -0.047320139695014897
2.0025441974236244 -0.048293593504704191

2.0025441974236244 -0.048293593504704191
1.9994249697017812 -0.04928238948946842

1.9994249697017812 -0.04928238948946842
1.9975156290352047 -0.049907643549498434

1.9975156290352047 -0.049907643549498434
1.9963057419799375 -0.050311483229052115

1.9963057419799375 -0.050311483229052115
1.9931865142580938 -0.051320556666297944

1.9931865142580938 -0.051320556666297944
1.9900672865362501 -0.05234455230032254

1.9900672865362501 -0.05234455230032254
1.9880399822805535 -0.053026871271342091

1.9880399822805535 -0.053026871271342091
1.9869480588144066 -0.053404024715097434

1.9869480588144066 -0.053404024715097434
1.9838288310925629 -0.054438043061790072

1.9838288310925629 -0.054438043061790072
1.9807096033707192 -0.055482774835017484

1.9807096033707192 -0.055482774835017484
1.9787758049303499 -0.05614609899318574

1.9787758049303499 -0.05614609899318574
1.9775903756488755 -0.056561353215126495

1.9775903756488755 -0.056561353215126495
1.9744711479270318 -0.0576098578135565

1.9744711479270318 -0.0576098578135565
1.9713519202051883 -0.058664539603419094

1.9713519202051883 -0.058664539603419094
1.9696243815201244 -0.05926532671502939

1.9696243815201244 -0.05926532671502939
1.9682326924833446 -0.059753943371889037

1.9682326924833446 -0.059753943371889037
1.9651134647615009 -0.060809548959449886

1.9651134647615009 -0.060809548959449886
1.9619942370396573 -0.061864138043878379

1.9619942370396573 -0.061864138043878379
1.9605027845719281 -0.062384554436873046

1.9605027845719281 -0.062384554436873046
1.9588750093178136 -0.06295033288892872

1.9588750093178136 -0.06295033288892872
1.9557557815959701 -0.063999312290975871

1.9557557815959701 -0.063999312290975871
1.9526365538741264 -0.065038674023820436

1.9526365538741264 -0.065038674023820436
1.9512806769398348 -0.065503782158716689

1.9512806769398348 -0.065503782158716689
1.9495173261522827 -0.066101737349932521

1.9495173261522827 -0.066101737349932521
1.946398098430439 -0.067123284896835056

1.946398098430439 -0.067123284896835056
1.9432788707085953 -0.068127989810783579

1.9432788707085953 -0.068127989810783579
1.9417636048209745 -0.068623009880560346

1.9417636048209745 -0.068623009880560346
1.9401596429867518 -0.069145426477631042

1.9401596429867518 -0.069145426477631042
1.9370404152649081 -0.070115577051003478

1.9370404152649081 -0.070115577051003478
1.9339211875430644 -0.071070050120302736

1.9339211875430644 -0.071070050120302736
1.9316899959750782 -0.071742237602403988

1.9316899959750782 -0.071742237602403988
1.9308019598212207 -0.072018444418854216

1.9308019598212207 -0.072018444418854216
1.927682732099377 -0.072918178272056558

1.927682732099377 -0.072918178272056558
1.9245635043775335 -0.073803833425151233

1.9245635043775335 -0.073803833425151233
1.9214442766556898 -0.074652782023145445

1.9214442766556898 -0.074652782023145445
1.9206894736496067 -0.074861465324247645

1.9206894736496067 -0.074861465324247645
1.9183250489338461 -0.075491975056640043

1.9183250489338461 -0.075491975056640043
1.9152058212120024 -0.07629196133378037

1.9152058212120024 -0.07629196133378037
1.9120865934901587 -0.077065392685046571

1.9120865934901587 -0.077065392685046571
1.9089673657683153 -0.077800650461437693

1.9089673657683153 -0.077800650461437693
1.9082018538048025 -0.077980693046091301

1.9082018538048025 -0.077980693046091301
1.9058481380464716 -0.07851750640154169

1.9058481380464716 -0.07851750640154169
1.9027289103246279 -0.079194402496132202

1.9027289103246279 -0.079194402496132202
1.8996096826027842 -0.079840466913450037

1.8996096826027842 -0.079840466913450037
1.8964904548809407 -0.08045049375920435

1.8964904548809407 -0.08045049375920435
1.893371227159097 -0.081020082870627452

1.893371227159097 -0.081020082870627452
1.8929202925720781 -0.081099920767934958

1.8929202925720781 -0.081099920767934958
1.8902519994372533 -0.081557241968611804

1.8902519994372533 -0.081557241968611804
1.8871327717154096 -0.08205429562381239

1.8871327717154096 -0.08205429562381239
1.8840135439935659 -0.082514416133128307

1.8840135439935659 -0.082514416133128307
1.8808943162717224 -0.082935262976697538

1.8808943162717224 -0.082935262976697538
1.8777750885498787 -0.08331582699960835

1.8777750885498787 -0.08331582699960835
1.874655860828035 -0.083656072859500927

1.874655860828035 -0.083656072859500927
1.8715366331061913 -0.083956540307836794

1.8715366331061913 -0.083956540307836794
1.8684174053843476 -0.084217531415447813

1.8684174053843476 -0.084217531415447813
1.8683950823145148 -0.0842191484897786

1.8683950823145148 -0.0842191484897786
1.8652981776625042 -0.0844391983426038

1.8652981776625042 -0.0844391983426038
1.8621789499406605 -0.084621948038696077

1.8621789499406605 -0.084621948038696077
1.8590597222188168 -0.084766534135298

1.8590597222188168 -0.084766534135298
1.8559404944969731 -0.08487405441277357

1.8559404944969731 -0.08487405441277357
1.8528212667751294 -0.084946172928027211

1.8528212667751294 -0.084946172928027211
1.8497020390532859 -0.084984645696476888

1.8497020390532859 -0.084984645696476888
1.8465828113314422 -0.084991170106132316

1.8465828113314422 -0.084991170106132316
1.8434635836095985 -0.084967722105853669

1.8434635836095985 -0.084967722105853669
1.8403443558877548 -0.08491678030184012

1.8403443558877548 -0.08491678030184012
1.8372251281659111 -0.084841040942339588

1.8372251281659111 -0.084841040942339588
1.8341059004440676 -0.084742990209531188

1.8341059004440676 -0.084742990209531188
1.8309866727222239 -0.084624927843656411

1.8309866727222239 -0.084624927843656411
1.8278674450003802 -0.084488972217350175

1.8278674450003802 -0.084488972217350175
1.8247482172785365 -0.084338120474902023

1.8247482172785365 -0.084338120474902023
1.8225062873351654 -0.0842191484897786

1.8225062873351654 -0.0842191484897786
1.8216289895566928 -0.084172291457723494

1.8216289895566928 -0.084172291457723494
1.8185097618348494 -0.083994664907682884

1.8185097618348494 -0.083994664907682884
1.8153905341130057 -0.083806832161380337

1.8153905341130057 -0.083806832161380337
1.812271306391162 -0.083608476948590305

1.812271306391162 -0.083608476948590305
1.8091520786693183 -0.083402011103517693

1.8091520786693183 -0.083402011103517693
1.8060328509474748 -0.083191565950393925

1.8060328509474748 -0.083191565950393925
1.8029136232256311 -0.082977712623831634

1.8029136232256311 -0.082977712623831634
1.7997943955037874 -0.082759875348462561

1.7997943955037874 -0.082759875348462561
1.7966751677819437 -0.082540450196240719

1.7966751677819437 -0.082540450196240719
1.7935559400601 -0.08232159957717898

1.7935559400601 -0.08232159957717898
1.7904367123382565 -0.082103318987184079

1.7904367123382565 -0.082103318987184079
1.7873174846164128 -0.081886558002866913

1.7873174846164128 -0.081886558002866913
1.7841982568945691 -0.081673270992869626

1.7841982568945691 -0.081673270992869626
1.7810790291727254 -0.081464058638839043

1.7810790291727254 -0.081464058638839043
1.7779598014508817 -0.081259078852800537

1.7779598014508817 -0.081259078852800537
1.7755007955320206 -0.081099920767934958

1.7755007955320206 -0.081099920767934958
1.7748405737290383 -0.081056789843009083

1.7748405737290383 -0.081056789843009083
1.7717213460071946 -0.080859357148516123

1.7717213460071946 -0.080859357148516123
1.7686021182853509 -0.080665693840357183

1.7686021182853509 -0.080665693840357183
1.7654828905635072 -0.080475015391250557

1.7654828905635072 -0.080475015391250557
1.7623636628416635 -0.080289851872952664

1.7623636628416635 -0.080289851872952664
1.75924443511982 -0.080113184007306673

1.75924443511982 -0.080113184007306673
1.7561252073979763 -0.079944553118074524

1.7561252073979763 -0.079944553118074524
1.7530059796761326 -0.079783639888509991

1.7530059796761326 -0.079783639888509991
1.7498867519542889 -0.079633026625928818

1.7498867519542889 -0.079633026625928818
1.7467675242324452 -0.079495981918995817

1.7467675242324452 -0.079495981918995817
1.7436482965106017 -0.079373881053225667

1.7436482965106017 -0.079373881053225667
1.740529068788758 -0.079267069096070786

1.740529068788758 -0.079267069096070786
1.7374098410669143 -0.079176852664582686

1.7374098410669143 -0.079176852664582686
1.7342906133450706 -0.079105655088350477

1.7342906133450706 -0.079105655088350477
1.7311713856232269 -0.079055250972949714

1.7311713856232269 -0.079055250972949714
1.7280521579013834 -0.079025815487061654

1.7280521579013834 -0.079025815487061654
1.7249329301795397 -0.079016994796025253

1.7249329301795397 -0.079016994796025253
1.721813702457696 -0.07902898999042407

1.721813702457696 -0.07902898999042407
1.7186944747358524 -0.079062025567403077

1.7186944747358524 -0.079062025567403077
1.7155752470140089 -0.079115506284587814

1.7155752470140089 -0.079115506284587814
1.7124560192921652 -0.079188389720831864

1.7124560192921652 -0.079188389720831864
1.7093367915703215 -0.079279946189973916

1.7093367915703215 -0.079279946189973916
1.7062175638484778 -0.079389715607816325

1.7062175638484778 -0.079389715607816325
1.7030983361266341 -0.079517221188237175

1.7030983361266341 -0.079517221188237175
1.6999791084047906 -0.079662283707283843

1.6999791084047906 -0.079662283707283843
1.6968598806829469 -0.079825185996692874

1.6968598806829469 -0.079825185996692874
1.6937406529611032 -0.080006457411990042

1.6937406529611032 -0.080006457411990042
1.6906214252392595 -0.080206849467156963

1.6906214252392595 -0.080206849467156963
1.6875021975174158 -0.080427270727759792

1.6875021975174158 -0.080427270727759792
1.6843829697955723 -0.080668686274321652

1.6843829697955723 -0.080668686274321652
1.6812637420737286 -0.080931586979271705

1.6812637420737286 -0.080931586979271705
1.6794362290384977 -0.081099920767934958

1.6794362290384977 -0.081099920767934958
1.6781445143518849 -0.081219485318363135

1.6781445143518849 -0.081219485318363135
1.6750252866300412 -0.081527742206227799

1.6750252866300412 -0.081527742206227799
1.6719060589081975 -0.081860620696897674

1.6719060589081975 -0.081860620696897674
1.6687868311863541 -0.082218257399576194

1.6687868311863541 -0.082218257399576194
1.6656676034645104 -0.082601179391079804

1.6656676034645104 -0.082601179391079804
1.6625483757426667 -0.08300958592027842

1.6625483757426667 -0.08300958592027842
1.659429148020823 -0.083443581428296401

1.659429148020823 -0.083443581428296401
1.6563099202989793 -0.083901864495940934

1.6563099202989793 -0.083901864495940934
1.6542773232898405 -0.0842191484897786

1.6542773232898405 -0.0842191484897786
1.6531906925771358 -0.084390973127581592

1.6531906925771358 -0.084390973127581592
1.6500714648552921 -0.084896751072566598

1.6500714648552921 -0.084896751072566598
1.6469522371334484 -0.085428980578907868

1.6469522371334484 -0.085428980578907868
1.6438330094116047 -0.085985085643625336

1.6438330094116047 -0.085985085643625336
1.640713781689761 -0.08656508164481061

1.640713781689761 -0.08656508164481061
1.6375945539679175 -0.087164195408077072

1.6375945539679175 -0.087164195408077072
1.6367496485734587 -0.087338376211622257

1.6367496485734587 -0.087338376211622257
1.6344753262460738 -0.087796830431150746

1.6344753262460738 -0.087796830431150746
1.6313560985242301 -0.088443569365122932

1.6313560985242301 -0.088443569365122932
1.6282368708023864 -0.089113965765051789

1.6282368708023864 -0.089113965765051789
1.625117643080543 -0.089806389512468554

1.625117643080543 -0.089806389512468554
1.6222784171309066 -0.090457603933465913

1.6222784171309066 -0.090457603933465913
1.6219984153586993 -0.090525061228911352

1.6219984153586993 -0.090525061228911352
1.6188791876368556 -0.091259242120985906

1.6188791876368556 -0.091259242120985906
1.6157599599150119 -0.092018547760598535

1.6157599599150119 -0.092018547760598535
1.6126407321931682 -0.092800135983198528

1.6126407321931682 -0.092800135983198528
1.6096278610002361 -0.093576831655309556

1.6096278610002361 -0.093576831655309556
1.6095215044713247 -0.093606028985715697

1.6095215044713247 -0.093606028985715697
1.606402276749481 -0.094431035769280372

1.606402276749481 -0.094431035769280372
1.6032830490276373 -0.095280186979881526

1.6032830490276373 -0.095280186979881526
1.6001638213057936 -0.096144898619531419

1.6001638213057936 -0.096144898619531419
1.5982545602626712 -0.096696059377153212

1.5982545602626712 -0.096696059377153212
1.5970445935839499 -0.097051398321561899

1.5970445935839499 -0.097051398321561899
1.5939253658621064 -0.097952634641102945

1.5939253658621064 -0.097952634641102945
1.5908061381402627 -0.098881427282888013

1.5908061381402627 -0.098881427282888013
1.5877237068718038 -0.099815287098996869

1.5877237068718038 -0.099815287098996869
1.587686910418419 -0.0998273331426065

1.587686910418419 -0.0998273331426065
1.5845676826965753 -0.10078634517022997

1.5845676826965753 -0.10078634517022997
1.5814484549747316 -0.10175944893141407

1.5814484549747316 -0.10175944893141407
1.5783292272528882 -0.10273277370894164

1.5783292272528882 -0.10273277370894164
1.5777283092252108 -0.10293451482084051

1.5777283092252108 -0.10293451482084051
1.5752099995310445 -0.1037388154187223

1.5752099995310445 -0.1037388154187223
1.5720907718092008 -0.10473919332595726

1.5720907718092008 -0.10473919332595726
1.5689715440873571 -0.10573608290502717

1.5689715440873571 -0.10573608290502717
1.5680351554065046 -0.10605374254268417

1.5680351554065046 -0.10605374254268417
1.5658523163655134 -0.10677022506051398

1.5658523163655134 -0.10677022506051398
1.5627330886436699 -0.10778964008436252

1.5627330886436699 -0.10778964008436252
1.5596138609218262 -0.10880718548580978

1.5596138609218262 -0.10880718548580978
1.5585531100710794 -0.10917297026452782

1.5585531100710794 -0.10917297026452782
1.5564946331999825 -0.10986399093139333

1.5564946331999825 -0.10986399093139333
1.5533754054781388 -0.11090157366536597

1.5533754054781388 -0.11090157366536597
1.5502561777562953 -0.11193505178418234

1.5502561777562953 -0.11193505178418234
1.5492335424739565 -0.11229219798637147

1.5492335424739565 -0.11229219798637147
1.5471369500344516 -0.11300312349439404

1.5471369500344516 -0.11300312349439404
1.5440177223126079 -0.11404621603794635

1.5440177223126079 -0.11404621603794635
1.5408984945907642 -0.11507796724416608

1.5408984945907642 -0.11507796724416608
1.5399358588455514 -0.11541142570821512

1.5399358588455514 -0.11541142570821512
1.5377792668689205 -0.11613430632726798

1.5377792668689205 -0.11613430632726798
1.534660039147077 -0.1171578788279299

1.534660039147077 -0.1171578788279299
1.5315408114252334 -0.11816054448225734

1.5315408114252334 -0.11816054448225734
1.5304223302736621 -0.11853065343005878

1.5304223302736621 -0.11853065343005878
1.5284215837033897 -0.11917715325149926

1.5284215837033897 -0.11917715325149926
1.525302355981546 -0.12015197587559197

1.525302355981546 -0.12015197587559197
1.5221831282597023 -0.12110437293364223

1.5221831282597023 -0.12110437293364223
1.520389178268865 -0.12164988115190242

1.520389178268865 -0.12164988115190242
1.5190639005378588 -0.12205712213369396

1.5190639005378588 -0.12205712213369396
1.5159446728160151 -0.12295965106925701

1.5159446728160151 -0.12295965106925701
1.5128254450941714 -0.12384686308192576

1.5128254450941714 -0.12384686308192576
1.5097062173723277 -0.12469986633410425

1.5097062173723277 -0.12469986633410425
1.5094599692064026 -0.12476910887374608

1.5094599692064026 -0.12476910887374608
1.506586989650484 -0.12553095156223817

1.506586989650484 -0.12553095156223817
1.5034677619286405 -0.12632872532409659

1.5034677619286405 -0.12632872532409659
1.5003485342067968 -0.12709337425280615

1.5003485342067968 -0.12709337425280615
1.4972293064849531 -0.12781588243228256

1.4972293064849531 -0.12781588243228256
1.4969150917155871 -0.12788833659558974

1.4969150917155871 -0.12788833659558974
1.4941100787631094 -0.12850572468660529

1.4941100787631094 -0.12850572468660529
1.4909908510412657 -0.12915364656401782

1.4909908510412657 -0.12915364656401782
1.4878716233194222 -0.12976033262034289

1.4878716233194222 -0.12976033262034289
1.4847523955975785 -0.13031983606215303

1.4847523955975785 -0.13031983606215303
1.4816331678757348 -0.13082532503048058

1.4816331678757348 -0.13082532503048058
1.4804028383582077 -0.13100756431743338

1.4804028383582077 -0.13100756431743338
1.4785139401538911 -0.13128459175572241

1.4785139401538911 -0.13128459175572241
1.4753947124320475 -0.13168690614012496

1.4753947124320475 -0.13168690614012496
1.472275484710204 -0.13203781172352144

1.472275484710204 -0.13203781172352144
1.4691562569883603 -0.13233106514879397

1.4691562569883603 -0.13233106514879397
1.4660370292665166 -0.1325636951191452

1.4660370292665166 -0.1325636951191452
1.4629178015446729 -0.13273479977052494

1.4629178015446729 -0.13273479977052494
1.4597985738228294 -0.1328433456607874

1.4597985738228294 -0.1328433456607874
1.4566793461009857 -0.13288766717626341

1.4566793461009857 -0.13288766717626341
1.453560118379142 -0.13286654917569279

1.453560118379142 -0.13286654917569279
1.4504408906572983 -0.13277947144740435

1.4504408906572983 -0.13277947144740435
1.4473216629354546 -0.13262666661572722

1.4473216629354546 -0.13262666661572722
1.4442024352136111 -0.13240834624905987

1.4442024352136111 -0.13240834624905987
1.4410832074917674 -0.13212479853344966

1.4410832074917674 -0.13212479853344966
1.4379639797699237 -0.13177663109683588

1.4379639797699237 -0.13177663109683588
1.43484475204808 -0.13136480172331275

1.43484475204808 -0.13136480172331275
1.4324996805225925 -0.13100756431743338

1.4324996805225925 -0.13100756431743338
1.4317255243262363 -0.13088703263475665

1.4317255243262363 -0.13088703263475665
1.4286062966043929 -0.13035499737875814

1.4286062966043929 -0.13035499737875814
1.4254870688825492 -0.1297593987386324

1.4254870688825492 -0.1297593987386324
1.4223678411607055 -0.12910527004451816

1.4223678411607055 -0.12910527004451816
1.4192486134388618 -0.12839834773990605

1.4192486134388618 -0.12839834773990605
1.4171752704523473 -0.12788833659558974

1.4171752704523473 -0.12788833659558974
1.4161293857170181 -0.12762520664108606

1.4161293857170181 -0.12762520664108606
1.4130101579951746 -0.12682204260258664

1.4130101579951746 -0.12682204260258664
1.4098909302733309 -0.12596509013975993

1.4098909302733309 -0.12596509013975993
1.4067717025514872 -0.12507550749138657

1.4067717025514872 -0.12507550749138657
1.4057882208747754 -0.12476910887374608

1.4057882208747754 -0.12476910887374608
1.4036524748296435 -0.12412138977611119

1.4036524748296435 -0.12412138977611119
1.4005332471077998 -0.12315296610956866

1.4005332471077998 -0.12315296610956866
1.3974140193859563 -0.12215861297678235

1.3974140193859563 -0.12215861297678235
1.3959106117297391 -0.12164988115190242

1.3959106117297391 -0.12164988115190242
1.3942947916641126 -0.1211042236125642

1.3942947916641126 -0.1211042236125642
1.3911755639422689 -0.12006041724900977

1.3911755639422689 -0.12006041724900977
1.3880563362204252 -0.11900021565261602

1.3880563362204252 -0.11900021565261602
1.3867521808775558 -0.11853065343005878

1.3867521808775558 -0.11853065343005878
1.3849371084985815 -0.11788629595509459

1.3849371084985815 -0.11788629595509459
1.3818178807767381 -0.11679539523039846

1.3818178807767381 -0.11679539523039846
1.3786986530548944 -0.11570119319239851

1.3786986530548944 -0.11570119319239851
1.3779282290501962 -0.11541142570821512

1.3779282290501962 -0.11541142570821512
1.3755794253330507 -0.1145680306090059

1.3755794253330507 -0.1145680306090059
1.372460197611207 -0.11345596245558302

1.372460197611207 -0.11345596245558302
1.3693409698893635 -0.11234068821577291

1.3693409698893635 -0.11234068821577291
1.3692169993886587 -0.11229219798637147

1.3692169993886587 -0.11229219798637147
1.3662217421675198 -0.11121743500265359

1.3662217421675198 -0.11121743500265359
1.3631025144456761 -0.11010615301817819

1.3631025144456761 -0.11010615301817819
1.360479823939502 -0.10917297026452782

1.360479823939502 -0.10917297026452782
1.3599832867238324 -0.10898492153308234

1.3599832867238324 -0.10898492153308234
1.3568640590019887 -0.10789718518553652

1.3568640590019887 -0.10789718518553652
1.3537448312801452 -0.10681667381165118

1.3537448312801452 -0.10681667381165118
1.3515480880610291 -0.10605374254268417

1.3515480880610291 -0.10605374254268417
1.3506256035583015 -0.10572170351641406

1.3506256035583015 -0.10572170351641406
1.3475063758364578 -0.10467564154426033

1.3475063758364578 -0.10467564154426033
1.3443871481146141 -0.10364371005772519

1.3443871481146141 -0.10364371005772519
1.3422272662654975 -0.10293451482084051

1.3422272662654975 -0.10293451482084051
1.3412679203927704 -0.10260949120673626

1.3412679203927704 -0.10260949120673626
1.338148692670927 -0.10162915885480484

1.338148692670927 -0.10162915885480484
1.3350294649490833 -0.10066445996836594

1.3350294649490833 -0.10066445996836594
1.3322106798855171 -0.099815287098996869

1.3322106798855171 -0.099815287098996869
1.3319102372272396 -0.099719022161311177

1.3319102372272396 -0.099719022161311177
1.3287910095053959 -0.098813500296892537

1.3287910095053959 -0.098813500296892537
1.3256717817835522 -0.097932392692208159

1.3256717817835522 -0.097932392692208159
1.3225525540617087 -0.097090558664132492

1.3225525540617087 -0.097090558664132492
1.3210764016607266 -0.096696059377153212

1.3210764016607266 -0.096696059377153212
1.319433326339865 -0.096259055297173088

1.319433326339865 -0.096259055297173088
1.3163140986180213 -0.095476522579659412

1.3163140986180213 -0.095476522579659412
1.3131948708961776 -0.094719692752087276

1.3131948708961776 -0.094719692752087276
1.3100756431743339 -0.094002714434381962

1.3100756431743339 -0.094002714434381962
1.3081612223074306 -0.093576831655309556

1.3081612223074306 -0.093576831655309556
1.3069564154524904 -0.093305708178068505

1.3069564154524904 -0.093305708178068505
1.3038371877306467 -0.092653700041060438

1.3038371877306467 -0.092653700041060438
1.300717960008803 -0.092028398076208801

1.300717960008803 -0.092028398076208801
1.2975987322869593 -0.091436263642460033

1.2975987322869593 -0.091436263642460033
1.2944795045651156 -0.090879408377770213

1.2944795045651156 -0.090879408377770213
1.2919874584335123 -0.090457603933465913

1.2919874584335123 -0.090457603933465913
1.2913602768432721 -0.090348805132257015

1.2913602768432721 -0.090348805132257015
1.2882410491214284 -0.089853541744042045

1.2882410491214284 -0.089853541744042045
1.2851218213995848 -0.089386653242769634

1.2851218213995848 -0.089386653242769634
1.2820025936777411 -0.088950370828596539

1.2820025936777411 -0.088950370828596539
1.2788833659558976 -0.088544361789412773

1.2788833659558976 -0.088544361789412773
1.2757641382340539 -0.088167183157814868

1.2757641382340539 -0.088167183157814868
1.2726449105122102 -0.087818731345828752

1.2726449105122102 -0.087818731345828752
1.2695256827903665 -0.087501808318756188

1.2695256827903665 -0.087501808318756188
1.2677513021051459 -0.087338376211622257

1.2677513021051459 -0.087338376211622257
1.2664064550685228 -0.087214272288046846

1.2664064550685228 -0.087214272288046846
1.2632872273466793 -0.08696138993509725

1.2632872273466793 -0.08696138993509725
1.2601679996248356 -0.086740486692159419

1.2601679996248356 -0.086740486692159419
1.2570487719029919 -0.086553861056163736

1.2570487719029919 -0.086553861056163736
1.2539295441811482 -0.086403687999253992

1.2539295441811482 -0.086403687999253992
1.2508103164593045 -0.086292399951888296

1.2508103164593045 -0.086292399951888296
1.247691088737461 -0.08622227163213575

1.247691088737461 -0.08622227163213575
1.2445718610156173 -0.086194398849145815

1.2445718610156173 -0.086194398849145815
1.2414526332937736 -0.086207841061539531

1.2414526332937736 -0.086207841061539531
1.2383334055719299 -0.086260453710451879

1.2383334055719299 -0.086260453710451879
1.2352141778500862 -0.086350638363309973

1.2352141778500862 -0.086350638363309973
1.2320949501282428 -0.086478120443547635

1.2320949501282428 -0.086478120443547635
1.2289757224063991 -0.086642624161661755

1.2289757224063991 -0.086642624161661755
1.2258564946845554 -0.086842200748272896

1.2258564946845554 -0.086842200748272896
1.2227372669627117 -0.087073461005455627

1.2227372669627117 -0.087073461005455627
1.219618039240868 -0.087333142928006494

1.219618039240868 -0.087333142928006494
1.2195623267628577 -0.087338376211622257

1.2195623267628577 -0.087338376211622257
1.2164988115190245 -0.087620073940009646

1.2164988115190245 -0.087620073940009646
1.2133795837971808 -0.08793462435841555

1.2133795837971808 -0.08793462435841555
1.2102603560753371 -0.088278944010117752

1.2102603560753371 -0.088278944010117752
1.2071411283534934 -0.088654420580164636

1.2071411283534934 -0.088654420580164636
1.2040219006316497 -0.089061536599982713

1.2040219006316497 -0.089061536599982713
1.2009026729098062 -0.089501411217104337

1.2009026729098062 -0.089501411217104337
1.1977834451879625 -0.089976235995986462

1.1977834451879625 -0.089976235995986462
1.1948531623398959 -0.090457603933465913

1.1948531623398959 -0.090457603933465913
1.1946642174661188 -0.090489856759480763

1.1946642174661188 -0.090489856759480763
1.1915449897442751 -0.091040200229021262

1.1915449897442751 -0.091040200229021262
1.1884257620224317 -0.09163106191312935

1.1884257620224317 -0.09163106191312935
1.185306534300588 -0.092260694100422855

1.185306534300588 -0.092260694100422855
1.1821873065787443 -0.092928552106140233

1.1821873065787443 -0.092928552106140233
1.1793261640105488 -0.093576831655309556

1.1793261640105488 -0.093576831655309556
1.1790680788569006 -0.093638310742737402

1.1790680788569006 -0.093638310742737402
1.1759488511350569 -0.094380413643753755

1.1759488511350569 -0.094380413643753755
1.1728296234132134 -0.095162811432519673

1.1728296234132134 -0.095162811432519673
1.1697103956913697 -0.095979363435325482

1.1697103956913697 -0.095979363435325482
1.1670889168864029 -0.096696059377153212

1.1670889168864029 -0.096696059377153212
1.166591167969526 -0.096838985028987731

1.166591167969526 -0.096838985028987731
1.1634719402476823 -0.097715306334546531

1.1634719402476823 -0.097715306334546531
1.1603527125258386 -0.098629337567259973

1.1603527125258386 -0.098629337567259973
1.1572334848039951 -0.099563794001543027

1.1572334848039951 -0.099563794001543027
1.1564646768471318 -0.099815287098996869

1.1564646768471318 -0.099815287098996869
1.1541142570821514 -0.10055445969975466

1.1541142570821514 -0.10055445969975466
1.1509950293603077 -0.10155813585531159

1.1509950293603077 -0.10155813585531159
1.147875801638464 -0.10258295114194352

1.147875801638464 -0.10258295114194352
1.1468915474765331 -0.10293451482084051

1.1468915474765331 -0.10293451482084051
1.1447565739166203 -0.103673764896461

1.1447565739166203 -0.103673764896461
1.1416373461947769 -0.10477152675865964

1.1416373461947769 -0.10477152675865964
1.1385181184729332 -0.10589751656184471

1.1385181184729332 -0.10589751656184471
1.138131125990145 -0.10605374254268417

1.138131125990145 -0.10605374254268417
1.1353988907510895 -0.10708035894653227

1.1353988907510895 -0.10708035894653227
1.1322796630292458 -0.10827658678763349

1.1322796630292458 -0.10827658678763349
1.1300344723028271 -0.10917297026452782

1.1300344723028271 -0.10917297026452782
1.1291604353074021 -0.10953843490683371

1.1291604353074021 -0.10953843490683371
1.1260412075855586 -0.11078859749893018

1.1260412075855586 -0.11078859749893018
1.1229219798637149 -0.11207297419559335

1.1229219798637149 -0.11207297419559335
1.1224468527746507 -0.11229219798637147

1.1224468527746507 -0.11229219798637147
1.1198027521418712 -0.11342299131250606

1.1198027521418712 -0.11342299131250606
1.1166835244200275 -0.11475775836873368

1.1166835244200275 -0.11475775836873368
1.1152540484606397 -0.11541142570821512

1.1152540484606397 -0.11541142570821512
1.1135642966981838 -0.11617758363833994

1.1135642966981838 -0.11617758363833994
1.1104450689763403 -0.1175525467625705

1.1104450689763403 -0.1175525467625705
1.1083221975030129 -0.11853065343005878

1.1083221975030129 -0.11853065343005878
1.1073258412544966 -0.1190099545697083

1.1073258412544966 -0.1190099545697083
1.1042066135326529 -0.12042009027400304

1.1042066135326529 -0.12042009027400304
1.1015690198507513 -0.12164988115190242

1.1015690198507513 -0.12164988115190242
1.1010873858108092 -0.12189415478889427

1.1010873858108092 -0.12189415478889427
1.0979681580889658 -0.12333244375653085

1.0979681580889658 -0.12333244375653085
1.094904738774872 -0.12476910887374608

1.094904738774872 -0.12476910887374608
1.0948489303671221 -0.12479861056227239

1.0948489303671221 -0.12479861056227239
1.0917297026452784 -0.12625800870145018

1.0917297026452784 -0.12625800870145018
1.0886104749234347 -0.12770143714823406

1.0886104749234347 -0.12770143714823406
1.0882449614714802 -0.12788833659558974

1.0882449614714802 -0.12788833659558974
1.085491247201591 -0.12917038292759964

1.085491247201591 -0.12917038292759964
1.0823720194797475 -0.13057750012392122

1.0823720194797475 -0.13057750012392122
1.0814734775359793 -0.13100756431743338

1.0814734775359793 -0.13100756431743338
1.0792527917579038 -0.13201809800084488

1.0792527917579038 -0.13201809800084488
1.0761335640360601 -0.1333690644759522

1.0761335640360601 -0.1333690644759522
1.0743969385856058 -0.13412679203927705

1.0743969385856058 -0.13412679203927705
1.0730143363142164 -0.13473639749687721

1.0730143363142164 -0.13473639749687721
1.0698951085923727 -0.13600248838992821

1.0698951085923727 -0.13600248838992821
1.0667758808705292 -0.13722785925511338

1.0667758808705292 -0.13722785925511338
1.0667315481535402 -0.13724601976112069

1.0667315481535402 -0.13724601976112069
1.0636566531486855 -0.13838867741676553

1.0636566531486855 -0.13838867741676553
1.0605374254268418 -0.13947639123469116

1.0605374254268418 -0.13947639123469116
1.057771854123676 -0.14036524748296433

1.057771854123676 -0.14036524748296433
1.0574181977049981 -0.14048592267260343

1.0574181977049981 -0.14048592267260343
1.0542989699831544 -0.14138759284467703

1.0542989699831544 -0.14138759284467703
1.0511797422613109 -0.14220543877146782

1.0511797422613109 -0.14220543877146782
1.0480605145394672 -0.14291663387617781

1.0480605145394672 -0.14291663387617781
1.0450669546388147 -0.143484475204808

1.0450669546388147 -0.143484475204808
1.0449412868176235 -0.14350926852409876

1.0449412868176235 -0.14350926852409876
1.0418220590957799 -0.14397507675439655

1.0418220590957799 -0.14397507675439655
1.0387028313739362 -0.14431890321828528

1.0387028313739362 -0.14431890321828528
1.0355836036520927 -0.14453564600829533

1.0355836036520927 -0.14453564600829533
1.032464375930249 -0.1446166894425065

1.032464375930249 -0.1446166894425065
1.0293451482084053 -0.14455518683605381

1.0293451482084053 -0.14455518683605381
1.0262259204865616 -0.14434740643518235

1.0262259204865616 -0.14434740643518235
1.0231066927647179 -0.14399245712013004

1.0231066927647179 -0.14399245712013004
1.0199874650428744 -0.14349135986872141

1.0199874650428744 -0.14349135986872141
1.0199557291116537 -0.143484475204808

1.0199557291116537 -0.143484475204808
1.0168682373210307 -0.142844822873814

1.0168682373210307 -0.142844822873814
1.013749009599187 -0.14205099811565072

1.013749009599187 -0.14205099811565072
1.0106297818773433 -0.14110749037137751

1.0106297818773433 -0.14110749037137751
1.008542580265511 -0.14036524748296433

1.008542580265511 -0.14036524748296433
1.0075105541554998 -0.13998458701386346

1.0075105541554998 -0.13998458701386346
1.0043913264336561 -0.13875432396748044

1.0043913264336561 -0.13875432396748044
1.0012720987118124 -0.13737452317924934

1.0012720987118124 -0.13737452317924934
1.001036698567642 -0.13724601976112069

1.001036698567642 -0.13724601976112069
0.99815287098996863 -0.13582750640102492

0.99815287098996863 -0.13582750640102492
0.99503364326812505 -0.13416657127694109

0.99503364326812505 -0.13416657127694109
0.99497259844356567 -0.13412679203927705

0.99497259844356567 -0.13412679203927705
0.99191441554628135 -0.13237856169579132

0.99191441554628135 -0.13237856169579132
0.98970307767584131 -0.13100756431743338

0.98970307767584131 -0.13100756431743338
0.98879518782443776 -0.13040334162737685

0.98879518782443776 -0.13040334162737685
0.98567596010259406 -0.12849446273447596

0.98567596010259406 -0.12849446273447596
0.98484485160910229 -0.12788833659558974

0.98484485160910229 -0.12788833659558974
0.98255673238075036 -0.12632721420435583

0.98255673238075036 -0.12632721420435583
0.98036690305614815 -0.12476910887374608

0.98036690305614815 -0.12476910887374608
0.97943750465890678 -0.12406215256344978

0.97943750465890678 -0.12406215256344978
0.97631827693706308 -0.1218841772254054

0.97631827693706308 -0.1218841772254054
0.97602972834460444 -0.12164988115190242

0.97602972834460444 -0.12164988115190242
0.97319904921521949 -0.11956289472001178

0.97319904921521949 -0.11956289472001178
0.97192132074981075 -0.11853065343005878

0.97192132074981075 -0.11853065343005878
0.97007982149337579 -0.11707191911553029

0.97007982149337579 -0.11707191911553029
0.96798834008742474 -0.11541142570821512

0.96798834008742474 -0.11541142570821512
0.9669605937715321 -0.11455822684461911

0.9669605937715321 -0.11455822684461911
0.96403328854329717 -0.11229219798637147

0.96403328854329717 -0.11229219798637147
0.96384136604968851 -0.11212823107077598

0.96384136604968851 -0.11212823107077598
0.96072213832784481 -0.1097314097424604

0.96072213832784481 -0.1097314097424604
0.96006603407534608 -0.10917297026452782

0.96006603407534608 -0.10917297026452782
0.95760291060600122 -0.10721093938568009

0.95760291060600122 -0.10721093938568009
0.95621298275033539 -0.10605374254268417

0.95621298275033539 -0.10605374254268417
0.95448368288415752 -0.10463479503619751

0.95448368288415752 -0.10463479503619751
0.95236028333902645 -0.10293451482084051

0.95236028333902645 -0.10293451482084051
0.95136445516231394 -0.10210332203818943

0.95136445516231394 -0.10210332203818943
0.94836906335433058 -0.099815287098996869

0.94836906335433058 -0.099815287098996869
0.94824522744047024 -0.099710763701828548

0.94824522744047024 -0.099710763701828548
0.94512599971862654 -0.097377483245741664

0.94512599971862654 -0.097377483245741664
0.94429446707230746 -0.096696059377153212

0.94429446707230746 -0.096696059377153212
0.94200677199678295 -0.094938521673025522

0.94200677199678295 -0.094938521673025522
0.94025925174365921 -0.093576831655309556

0.94025925174365921 -0.093576831655309556
0.93888754427493926 -0.092493026381672644

0.93888754427493926 -0.092493026381672644
0.93610150381205415 -0.090457603933465913

0.93610150381205415 -0.090457603933465913
0.93576831655309567 -0.090188870939844207

0.93576831655309567 -0.090188870939844207
0.93264908883125197 -0.08800131841213954

0.93264908883125197 -0.08800131841213954
0.93179943508155183 -0.087338376211622257

0.93179943508155183 -0.087338376211622257
0.92952986110940827 -0.085686347372954094

0.92952986110940827 -0.085686347372954094
0.92751454472881545 -0.0842191484897786

0.92751454472881545 -0.0842191484897786
0.92641063338756469 -0.083379961047044496

0.92641063338756469 -0.083379961047044496
0.92329140566572099 -0.081268186897899247

0.92329140566572099 -0.081268186897899247
0.92307311596840891 -0.081099920767934958

0.92307311596840891 -0.081099920767934958
0.9201721779438774 -0.079122708270755029

0.9201721779438774 -0.079122708270755029
0.91856794108950168 -0.077980693046091301

0.91856794108950168 -0.077980693046091301
0.9170529502220337 -0.076898998605618094

0.9170529502220337 -0.076898998605618094
0.91394530605583968 -0.074861465324247645

0.91394530605583968 -0.074861465324247645
0.91393372250019 -0.074852774947012951

0.91393372250019 -0.074852774947012951
0.91081449477834642 -0.072842170188660835

0.91081449477834642 -0.072842170188660835
0.90916842506610596 -0.071742237602403988

0.90916842506610596 -0.071742237602403988
0.90769526705650272 -0.070750568802203082

0.90769526705650272 -0.070750568802203082
0.90457603933465913 -0.068863099328968863

0.90457603933465913 -0.068863099328968863
0.9042271146327705 -0.068623009880560346

0.9042271146327705 -0.068623009880560346
0.90145681161281543 -0.066934069056520801

0.90145681161281543 -0.066934069056520801
0.89907524880873912 -0.065503782158716689

0.89907524880873912 -0.065503782158716689
0.89833758389097185 -0.065024308803998732

0.89833758389097185 -0.065024308803998732
0.89521835616912815 -0.063288153122587371

0.89521835616912815 -0.063288153122587371
0.89367749994247936 -0.062384554436873046

0.89367749994247936 -0.062384554436873046
0.89209912844728445 -0.061462375995768273

0.89209912844728445 -0.061462375995768273
0.88897990072544086 -0.059813908015923865

0.88897990072544086 -0.059813908015923865
0.88802262361521067 -0.05926532671502939

0.88802262361521067 -0.05926532671502939
0.88586067300359717 -0.058093575057652475

0.88586067300359717 -0.058093575057652475
0.88274144528175358 -0.056511357917621206

0.88274144528175358 -0.056511357917621206
0.8820796548869817 -0.05614609899318574

0.8820796548869817 -0.05614609899318574
0.87962221755990988 -0.05489180350392972

0.87962221755990988 -0.05489180350392972
0.87650298983806618 -0.053385569569756285

0.87650298983806618 -0.053385569569756285
0.87581156044813091 -0.053026871271342091

0.87581156044813091 -0.053026871271342091
0.8733837621162226 -0.051854084415040913

0.8733837621162226 -0.051854084415040913
0.8702645343943789 -0.050429112042511187

0.8702645343943789 -0.050429112042511187
0.86917229352234371 -0.049907643549498434

0.86917229352234371 -0.049907643549498434
0.86714530667253531 -0.048974862438064433

0.86714530667253531 -0.048974862438064433
0.86402607895069161 -0.047625345895135715

0.86402607895069161 -0.047625345895135715
0.86210668851675099 -0.046788415827654785

0.86210668851675099 -0.046788415827654785
0.86090685122884802 -0.046252551289657509

0.86090685122884802 -0.046252551289657509
0.85778762350700433 -0.044972672716730194

0.85778762350700433 -0.044972672716730194
0.85466839578516063 -0.04371433758545059

0.85466839578516063 -0.04371433758545059
0.85456406313623179 -0.043669188105811135

0.85456406313623179 -0.043669188105811135
0.85154916806331704 -0.042485886112637081

0.85154916806331704 -0.042485886112637081
0.84842994034147334 -0.041309578175016189

0.84842994034147334 -0.041309578175016189
0.84638529278441121 -0.040549960383967479

0.84638529278441121 -0.040549960383967479
0.84531071261962976 -0.040139499605082236

0.84531071261962976 -0.040139499605082236
0.84219148489778606 -0.039048795475452834

0.84219148489778606 -0.039048795475452834
0.83907225717594236 -0.037997569928401607

0.83907225717594236 -0.037997569928401607
0.83735658063835783 -0.037430732662123829

0.83735658063835783 -0.037430732662123829
0.83595302945409877 -0.036964048459722947

0.83595302945409877 -0.036964048459722947
0.83283380173225507 -0.036008597333945444

0.83283380173225507 -0.036008597333945444
0.82971457401041149 -0.035090921777039832

0.82971457401041149 -0.035090921777039832
0.82692429822469216 -0.034311504940280173

0.82692429822469216 -0.034311504940280173
0.82659534628856779 -0.034214449058639664

0.82659534628856779 -0.034214449058639664
0.82347611856672409 -0.033397116511425733

0.82347611856672409 -0.033397116511425733
0.8203568908448805 -0.032623677408039578

0.8203568908448805 -0.032623677408039578
0.81723766312303681 -0.031896786274155278

0.81723766312303681 -0.031896786274155278
0.81411843540119322 -0.0312135177475968

0.81411843540119322 -0.0312135177475968
0.81402065798865308 -0.03119227721843652

0.81402065798865308 -0.03119227721843652
0.81099920767934952 -0.030568725242876134

0.81099920767934952 -0.030568725242876134
0.80787997995750593 -0.029964486334711209

0.80787997995750593 -0.029964486334711209
0.80476075223566224 -0.029396365822936438

0.80476075223566224 -0.029396365822936438
0.80164152451381854 -0.028863079020155655

0.80164152451381854 -0.028863079020155655
0.79852229679197495 -0.028368576186880018

0.79852229679197495 -0.028368576186880018
0.7965331662357592 -0.028073049496592867

0.7965331662357592 -0.028073049496592867
0.79540306907013125 -0.027903634057037496

0.79540306907013125 -0.027903634057037496
0.79228384134828767 -0.027478992186244982

0.79228384134828767 -0.027478992186244982
0.78916461362644397 -0.027090217753636438

0.78916461362644397 -0.027090217753636438
0.78604538590460027 -0.026742216391954187

0.78604538590460027 -0.026742216391954187
0.78292615818275668 -0.026436516893061306

0.78292615818275668 -0.026436516893061306
0.77980693046091298 -0.026175555995324874

0.77980693046091298 -0.026175555995324874
0.7766877027390694 -0.02596073424669974

0.7766877027390694 -0.02596073424669974
0.7735684750172257 -0.025793377712566842

0.7735684750172257 -0.025793377712566842
0.77044924729538211 -0.025674676083469634

0.77044924729538211 -0.025674676083469634
0.76733001957353841 -0.025604688132954495

0.76733001957353841 -0.025604688132954495
0.76421079185169472 -0.025582515317017756

0.76421079185169472 -0.025582515317017756
0.76109156412985113 -0.025606971588670969

0.76109156412985113 -0.025606971588670969
0.75797233640800743 -0.025676952035525627

0.75797233640800743 -0.025676952035525627
0.75485310868616384 -0.025791200857776756

0.75485310868616384 -0.025791200857776756
0.75173388096432014 -0.025947920890395978

0.75173388096432014 -0.025947920890395978
0.74861465324247645 -0.026145046991943189

0.74861465324247645 -0.026145046991943189
0.74549542552063286 -0.026381155990480281

0.74549542552063286 -0.026381155990480281
0.74237619779878916 -0.026655813646055834

0.74237619779878916 -0.026655813646055834
0.73925697007694557 -0.026969035564598221

0.73925697007694557 -0.026969035564598221
0.73613774235510188 -0.027320762544529708

0.73613774235510188 -0.027320762544529708
0.73301851463325818 -0.027710993155690498

0.73301851463325818 -0.027710993155690498
0.73039973508474798 -0.028073049496592867

0.73039973508474798 -0.028073049496592867
0.72989928691141459 -0.028144024084467079

0.72989928691141459 -0.028144024084467079
0.72678005918957089 -0.028614245038675903

0.72678005918957089 -0.028614245038675903
0.72366083146772731 -0.029128396505728616

0.72366083146772731 -0.029128396505728616
0.72054160374588361 -0.029687758540070469

0.72054160374588361 -0.029687758540070469
0.71742237602404002 -0.030294614644983339

0.71742237602404002 -0.030294614644983339
0.71430314830219632 -0.030945256635978947

0.71430314830219632 -0.030945256635978947
0.71323908254235535 -0.03119227721843652

0.71323908254235535 -0.03119227721843652
0.71118392058035262 -0.031661735579894691

0.71118392058035262 -0.031661735579894691
0.70806469285850904 -0.032418458628100048

0.70806469285850904 -0.032418458628100048
0.70494546513666534 -0.033230719087329989

0.70494546513666534 -0.033230719087329989
0.70182623741482175 -0.034086530158303235

0.70182623741482175 -0.034086530158303235
0.70109392022142203 -0.034311504940280173

0.70109392022142203 -0.034311504940280173
0.69870700969297805 -0.035017642356526824

0.69870700969297805 -0.035017642356526824
0.69558778197113436 -0.035987436665342348

0.69558778197113436 -0.035987436665342348
0.69246855424929077 -0.036998117161677661

0.69246855424929077 -0.036998117161677661
0.69124954939251071 -0.037430732662123829

0.69124954939251071 -0.037430732662123829
0.68934932652744707 -0.038093638264771933

0.68934932652744707 -0.038093638264771933
0.68623009880560348 -0.039207061654530112

0.68623009880560348 -0.039207061654530112
0.68311087108375979 -0.040361641118297972

0.68311087108375979 -0.040361641118297972
0.68265948113993091 -0.040549960383967479

0.68265948113993091 -0.040549960383967479
0.6799916433619162 -0.041588033952233587

0.6799916433619162 -0.041588033952233587
0.6768724156400725 -0.042830414776316279

0.6768724156400725 -0.042830414776316279
0.67487859256476301 -0.043669188105811135

0.67487859256476301 -0.043669188105811135
0.6737531879182288 -0.044157726491227643

0.6737531879182288 -0.044157726491227643
0.67063396019638521 -0.045471185262075345

0.67063396019638521 -0.045471185262075345
0.66763562346337146 -0.046788415827654785

0.66763562346337146 -0.046788415827654785
0.66751473247454152 -0.046847600661109413

0.66751473247454152 -0.046847600661109413
0.66439550475269793 -0.048250011636609955

0.66439550475269793 -0.048250011636609955
0.66127627703085423 -0.049679038474033765

0.66127627703085423 -0.049679038474033765
0.66083880007150986 -0.049907643549498434

0.66083880007150986 -0.049907643549498434
0.65815704930901053 -0.051190894079891545

0.65815704930901053 -0.051190894079891545
0.65503782158716695 -0.052693398223710046

0.65503782158716695 -0.052693398223710046
0.65443008067563535 -0.053026871271342091

0.65443008067563535 -0.053026871271342091
0.65191859386532325 -0.054300901494589236

0.65191859386532325 -0.054300901494589236
0.64879936614347966 -0.055890901324710252

0.64879936614347966 -0.055890901324710252
0.6483686793677973 -0.05614609899318574

0.6483686793677973 -0.05614609899318574
0.64568013842163596 -0.057588027991053649

0.64568013842163596 -0.057588027991053649
0.64262796486567664 -0.05926532671502939

0.64262796486567664 -0.05926532671502939
0.64256091069979226 -0.059307752880296466

0.64256091069979226 -0.059307752880296466
0.63944168297794868 -0.061052869610292326

0.63944168297794868 -0.061052869610292326
0.63717068667355681 -0.062384554436873046

0.63717068667355681 -0.062384554436873046
0.63632245525610498 -0.062918553921386108

0.63632245525610498 -0.062918553921386108
0.63320322753426139 -0.064686860400125903

0.63320322753426139 -0.064686860400125903
0.63192675665390652 -0.065503782158716689

0.63192675665390652 -0.065503782158716689
0.63008399981241769 -0.06665189530952631

0.63008399981241769 -0.06665189530952631
0.62696477209057411 -0.06853897963887412

0.62696477209057411 -0.06853897963887412
0.62684581694712749 -0.068623009880560346

0.62684581694712749 -0.068623009880560346
0.62384554436873041 -0.070476413593601447

0.62384554436873041 -0.070476413593601447
0.62188748347322287 -0.071742237602403988

0.62188748347322287 -0.071742237602403988
0.62072631664688671 -0.07252590407218984

0.62072631664688671 -0.07252590407218984
0.61760708892504312 -0.074422881426000675

0.61760708892504312 -0.074422881426000675
0.61698399028655693 -0.074861465324247645

0.61698399028655693 -0.074861465324247645
0.61448786120319943 -0.076462127421832532

0.61448786120319943 -0.076462127421832532
0.61213329322455023 -0.077980693046091301

0.61213329322455023 -0.077980693046091301
0.61136863348135584 -0.078515500975303992

0.61136863348135584 -0.078515500975303992
0.60824940575951214 -0.080409503957574888

0.60824940575951214 -0.080409503957574888
0.60724203819147571 -0.081099920767934958

0.60724203819147571 -0.081099920767934958
0.60513017803766844 -0.082466023279285872

0.60513017803766844 -0.082466023279285872
0.60233234321870055 -0.0842191484897786

0.60233234321870055 -0.0842191484897786
0.60201095031582486 -0.084445748832222792

0.60201095031582486 -0.084445748832222792
0.59889172259398116 -0.086319823589853378

0.59889172259398116 -0.086319823589853378
0.59729193559210547 -0.087338376211622257

0.59729193559210547 -0.087338376211622257
0.59577249487213757 -0.088308695997719622

0.59577249487213757 -0.088308695997719622
0.59265326715029387 -0.090115085976218354

0.59265326715029387 -0.090115085976218354
0.59212985980810329 -0.090457603933465913

0.59212985980810329 -0.090457603933465913
0.58953403942845028 -0.091989728582210273

0.58953403942845028 -0.091989728582210273
0.58675938756078583 -0.093576831655309556

0.58675938756078583 -0.093576831655309556
0.58641481170660659 -0.093797411297309702

0.58641481170660659 -0.093797411297309702
0.58329558398476289 -0.09548427213606063

0.58329558398476289 -0.09548427213606063
0.5810380643816343 -0.096696059377153212

0.5810380643816343 -0.096696059377153212
0.5801763562629193 -0.097186344909689193

0.5801763562629193 -0.097186344909689193
0.5770571285410756 -0.098718533899395458

0.5770571285410756 -0.098718533899395458
0.5747716917777721 -0.099815287098996869

0.5747716917777721 -0.099815287098996869
0.57393790081923202 -0.10023710714922651

0.57393790081923202 -0.10023710714922651
0.57081867309738832 -0.10159296017055273

0.57081867309738832 -0.10159296017055273
0.56769944537554462 -0.10285337712660883

0.56769944537554462 -0.10285337712660883
0.56749520502135409 -0.10293451482084051

0.56749520502135409 -0.10293451482084051
0.56458021765370103 -0.10399494387472524

0.56458021765370103 -0.10399494387472524
0.56146098993185733 -0.10499650627847344

0.56146098993185733 -0.10499650627847344
0.55834176221001375 -0.1058409958534746

0.55834176221001375 -0.1058409958534746
0.55739931842207446 -0.10605374254268417

0.55739931842207446 -0.10605374254268417
0.55522253448817005 -0.10653103228271821

0.55522253448817005 -0.10653103228271821
0.55210330676632646 -0.10704229945699341

0.55210330676632646 -0.10704229945699341
0.54898407904448276 -0.10738291090512021

0.54898407904448276 -0.10738291090512021
0.54586485132263907 -0.10753630562916706

0.54586485132263907 -0.10753630562916706
0.54274562360079548 -0.10749042121095218

0.54274562360079548 -0.10749042121095218
0.53962639587895178 -0.10723456989683761

0.53962639587895178 -0.10723456989683761
0.53650716815710819 -0.10675750285365905

0.53650716815710819 -0.10675750285365905
0.53341016150108866 -0.10605374254268417

0.53341016150108866 -0.10605374254268417
0.5333879404352645 -0.10604833830564149

0.5333879404352645 -0.10604833830564149
0.5302687127134208 -0.10510221907902026

0.5302687127134208 -0.10510221907902026
0.52714948499157721 -0.10390949126699338

0.52714948499157721 -0.10390949126699338
0.52509734564368005 -0.10293451482084051

0.52509734564368005 -0.10293451482084051
0.52403025726973351 -0.10240215437102385

0.52403025726973351 -0.10240215437102385
0.52091102954788993 -0.10074285356146796

0.52091102954788993 -0.10074285356146796
0.51954178426957387 -0.099815287098996869

0.51954178426957387 -0.099815287098996869
0.51779180182604623 -0.098637162018744451

0.51779180182604623 -0.098637162018744451
0.51514610831952001 -0.096696059377153212

0.51514610831952001 -0.096696059377153212
0.51467257410420253 -0.096305631796348531

0.51467257410420253 -0.096305631796348531
0.51155334638235894 -0.093785865187736225

0.51155334638235894 -0.093785865187736225
0.51132813686521816 -0.093576831655309556

0.51132813686521816 -0.093576831655309556
0.50843411866051524 -0.090889949276745111

0.50843411866051524 -0.090889949276745111
0.50800037038629986 -0.090457603933465913

0.50800037038629986 -0.090457603933465913
0.50531489093867166 -0.087631516506244872

0.50531489093867166 -0.087631516506244872
0.50503793037405464 -0.087338376211622257

0.50503793037405464 -0.087338376211622257
0.50235468287723584 -0.0842191484897786

0.50235468287723584 -0.0842191484897786
0.50219566321682796 -0.084041896621650083

0.50219566321682796 -0.084041896621650083
0.49980577695359746 -0.081099920767934958

0.49980577695359746 -0.081099920767934958
0.49907643549498437 -0.080229987980521361

0.49907643549498437 -0.080229987980521361
0.49730978329002873 -0.077980693046091301

0.49730978329002873 -0.077980693046091301
0.49595720777314067 -0.076221250814619224

0.49595720777314067 -0.076221250814619224
0.49489976014176851 -0.074861465324247645

0.49489976014176851 -0.074861465324247645
0.49283798005129703 -0.071948822078850436

0.49283798005129703 -0.071948822078850436
0.49267457623092703 -0.071742237602403988

0.49267457623092703 -0.071742237602403988
0.4905625440776693 -0.068623009880560346

0.4905625440776693 -0.068623009880560346
0.48971875232945339 -0.067457016191135102

0.48971875232945339 -0.067457016191135102
0.48836604751450868 -0.065503782158716689

0.48836604751450868 -0.065503782158716689
0.48659952460760969 -0.062830174490759505

0.48659952460760969 -0.062830174490759505
0.48627261950748124 -0.062384554436873046

0.48627261950748124 -0.062384554436873046
0.4843210496142677 -0.05926532671502939

0.4843210496142677 -0.05926532671502939
0.48348029688576605 -0.058038276514307756

0.48348029688576605 -0.058038276514307756
0.48222909143506626 -0.05614609899318574

0.48222909143506626 -0.05614609899318574
0.48036106916392241 -0.053206950160092852

0.48036106916392241 -0.053206950160092852
0.48023086728462061 -0.053026871271342091

0.48023086728462061 -0.053026871271342091
0.47829645307795149 -0.049907643549498434

0.47829645307795149 -0.049907643549498434
0.47724184144207876 -0.0483149685482165

0.47724184144207876 -0.0483149685482165
0.47622645454952472 -0.046788415827654785

0.47622645454952472 -0.046788415827654785
0.47428527144773269 -0.043669188105811135

0.47428527144773269 -0.043669188105811135
0.47412261372023512 -0.043444200243924869

0.47412261372023512 -0.043444200243924869
0.47227551917229449 -0.040549960383967479

0.47227551917229449 -0.040549960383967479
0.47100338599839148 -0.038650561891312232

0.47100338599839148 -0.038650561891312232
0.47015456410399736 -0.037430732662123829

0.47015456410399736 -0.037430732662123829
0.46817120596288975 -0.034311504940280173

0.46817120596288975 -0.034311504940280173
0.46788415827654778 -0.03392406342756589

0.46788415827654778 -0.03392406342756589
0.46606792673859443 -0.03119227721843652

0.46606792673859443 -0.03119227721843652
0.46476493055470414 -0.029337602998870851

0.46476493055470414 -0.029337602998870851
0.46384583458538564 -0.028073049496592867

0.46384583458538564 -0.028073049496592867
0.46173041976541607 -0.024953821774749217

0.46173041976541607 -0.024953821774749217
0.46164570283286049 -0.024845908261689545

0.46164570283286049 -0.024845908261689545
0.45955159382334154 -0.021834594052905564

0.45955159382334154 -0.021834594052905564
0.45852647511101685 -0.020485454101322915

0.45852647511101685 -0.020485454101322915
0.45720461582003336 -0.018715366331061911

0.45720461582003336 -0.018715366331061911
0.45540724738917321 -0.016274632524400878

0.45540724738917321 -0.016274632524400878
0.45486458812327279 -0.015596138609218262

0.45486458812327279 -0.015596138609218262
0.45261808160480654 -0.012476910887374609

0.45261808160480654 -0.012476910887374609
0.45228801966732957 -0.01207691885328839

0.45228801966732957 -0.01207691885328839
0.45023381240428156 -0.0093576831655309573

0.45023381240428156 -0.0093576831655309573
0.44916879194548587 -0.0080529480932059524

0.44916879194548587 -0.0080529480932059524
0.44771194793392705 -0.0062384554436873043

0.44771194793392705 -0.0062384554436873043
0.44604956422364223 -0.0041785695441339914

0.44604956422364223 -0.0041785695441339914
0.44515795706985206 -0.0031192277218436521

0.44515795706985206 -0.0031192277218436521
0.44293033650179858 -0.00032997915682496663

0.44293033650179858 -0.00032997915682496663
0.44264272387057868 0

0.44264272387057868 0
0.44014320707875776 0.0031192277218436517

0.44014320707875776 0.0031192277218436517
0.43981110877995494 0.0034925275522708021

0.43981110877995494 0.0034925275522708021
0.43750967249823908 0.0062384554436873043

0.43750967249823908 0.0062384554436873043
0.4366918810581113 0.0071469048654401787

0.4366918810581113 0.0071469048654401787
0.43474788912798701 0.0093576831655309556

0.43474788912798701 0.0093576831655309556
0.4335726533362676 0.010640852591396653

0.4335726533362676 0.010640852591396653
0.4318926237076442 0.012476910887374609

0.4318926237076442 0.012476910887374609
0.43045342561442396 0.014014643235625065

0.43045342561442396 0.014014643235625065
0.4289566226159951 0.01559613860921826

0.4289566226159951 0.01559613860921826
0.42733419789258031 0.017284291921944799

0.42733419789258031 0.017284291921944799
0.4259382289454024 0.018715366331061915

0.4259382289454024 0.018715366331061915
0.42421497017073667 0.020457511913819497

0.42421497017073667 0.020457511913819497
0.42283322581971972 0.021834594052905568

0.42283322581971972 0.021834594052905568
0.42109574244889303 0.023540537546718112

0.42109574244889303 0.023540537546718112
0.41963757024501919 0.024953821774749217

0.41963757024501919 0.024953821774749217
0.41797651472704939 0.026541049786935229

0.41797651472704939 0.026541049786935229
0.41634908400440013 0.02807304949659287

0.41634908400440013 0.02807304949659287
0.41485728700520569 0.029465420953837047

0.41485728700520569 0.029465420953837047
0.41296463861838395 0.03119227721843652

0.41296463861838395 0.03119227721843652
0.41173805928336205 0.032316555306150754

0.41173805928336205 0.032316555306150754
0.40947223203394295 0.034311504940280173

0.40947223203394295 0.034311504940280173
0.4086188315615184 0.035083408723739752

0.4086188315615184 0.035083408723739752
0.40583165706204094 0.037430732662123822

0.40583165706204094 0.037430732662123822
0.40549960383967476 0.037727597555647578

0.40549960383967476 0.037727597555647578
0.40238037611783112 0.040246450960843588

0.40238037611783112 0.040246450960843588
0.40203432314750109 0.040549960383967479

0.40203432314750109 0.040549960383967479
0.39926114839598748 0.042784474565037971

0.39926114839598748 0.042784474565037971
0.39821760351631225 0.043669188105811128

0.39821760351631225 0.043669188105811128
0.39614192067414378 0.045354037379533876

0.39614192067414378 0.045354037379533876
0.39436654862246034 0.046788415827654778

0.39436654862246034 0.046788415827654778
0.39302269295230013 0.047888023758837946

0.39302269295230013 0.047888023758837946
0.39034419704411177 0.049907643549498434

0.39034419704411177 0.049907643549498434
0.38990346523045649 0.050269191226926191

0.38990346523045649 0.050269191226926191
0.38678423750861285 0.052480670940833529

0.38678423750861285 0.052480670940833529
0.38608941844862787 0.053026871271342084

0.38608941844862787 0.053026871271342084
0.38366500978676921 0.054777917370959175

0.38366500978676921 0.054777917370959175
0.38177261374951871 0.056146098993185733

0.38177261374951871 0.056146098993185733
0.38054578206492556 0.057060554153779683

0.38054578206492556 0.057060554153779683
0.37742655434308187 0.059122762532990564

0.37742655434308187 0.059122762532990564
0.37723591804760193 0.05926532671502939

0.37723591804760193 0.05926532671502939
0.37430732662123822 0.061184650774117028

0.37430732662123822 0.061184650774117028
0.37250623686845624 0.06238455443687304

0.37250623686845624 0.06238455443687304
0.37118809889939458 0.063283835451955789

0.37118809889939458 0.063283835451955789
0.36806887117755094 0.065177258419316195

0.36806887117755094 0.065177258419316195
0.36759713196927174 0.065503782158716703

0.36759713196927174 0.065503782158716703
0.3649496434557073 0.067145285113990164

0.3649496434557073 0.067145285113990164
0.36253210519553258 0.068623009880560346

0.36253210519553258 0.068623009880560346
0.36183041573386365 0.069089279815010229

0.36183041573386365 0.069089279815010229
0.35871118801201995 0.070873632346204085

0.35871118801201995 0.070873632346204085
0.35730396438569895 0.071742237602404002

0.35730396438569895 0.071742237602404002
0.35559196029017631 0.072782266248373043

0.35559196029017631 0.072782266248373043
0.35247273256833267 0.074531918253768231

0.35247273256833267 0.074531918253768231
0.35195417867676171 0.074861465324247659

0.35195417867676171 0.074861465324247659
0.34935350484648903 0.076354586489851703

0.34935350484648903 0.076354586489851703
0.3464590129777661 0.077980693046091315

0.3464590129777661 0.077980693046091315
0.34623427712464538 0.078123565283976931

0.34623427712464538 0.078123565283976931
0.34311504940280169 0.0798232779483313

0.34311504940280169 0.0798232779483313
0.34079148602110459 0.081099920767934958

0.34079148602110459 0.081099920767934958
0.33999582168095804 0.081568057890975626

0.33999582168095804 0.081568057890975626
0.3368765939591144 0.083177032481421276

0.3368765939591144 0.083177032481421276
0.33491358445892633 0.084219148489778614

0.33491358445892633 0.084219148489778614
0.33375736623727076 0.084853897929507718

0.33375736623727076 0.084853897929507718
0.33063813851542712 0.086391514315653048

0.33063813851542712 0.086391514315653048
0.32877720864078791 0.087338376211622271

0.32877720864078791 0.087338376211622271
0.32751891079358347 0.087993860435728724

0.32751891079358347 0.087993860435728724
0.32439968307173978 0.089471075890356841

0.32439968307173978 0.089471075890356841
0.32236443061380943 0.090457603933465913

0.32236443061380943 0.090457603933465913
0.32128045534989613 0.091002578527367983

0.32128045534989613 0.091002578527367983
0.31816122762805249 0.092431015559495691

0.31816122762805249 0.092431015559495691
0.31569114283950417 0.09357683165530957

0.31569114283950417 0.09357683165530957
0.31504199990620885 0.093899610631313496

0.31504199990620885 0.093899610631313496
0.3119227721843652 0.095297100605100798

0.3119227721843652 0.095297100605100798
0.30881264864496261 0.096696059377153226

0.30881264864496261 0.096696059377153226
0.30880354446252156 0.096700667317009575

0.30880354446252156 0.096700667317009575
0.30568431674067786 0.098089615979320893

0.30568431674067786 0.098089615979320893
0.30256508901883422 0.099443043875088316

0.30256508901883422 0.099443043875088316
0.30176590739182579 0.099815287098996869

0.30176590739182579 0.099815287098996869
0.29944586129699058 0.1008374205000567

0.29944586129699058 0.1008374205000567
0.29632663357514694 0.10216665561518422

0.29632663357514694 0.10216665561518422
0.29457460560242754 0.10293451482084053

0.29457460560242754 0.10293451482084053
0.29320740585330329 0.10354159517363216

0.29320740585330329 0.10354159517363216
0.29008817813145965 0.10484315378360139

0.29008817813145965 0.10484315378360139
0.28719010706006398 0.10605374254268418

0.28719010706006398 0.10605374254268418
0.28696895040961595 0.10615512524534661

0.28696895040961595 0.10615512524534661
0.28384972268777231 0.10742635002604263

0.28384972268777231 0.10742635002604263
0.28073049496592867 0.1086641241289083

0.28073049496592867 0.1086641241289083
0.27948824163148989 0.10917297026452782

0.27948824163148989 0.10917297026452782
0.27761126724408502 0.10992537994760013

0.27761126724408502 0.10992537994760013
0.27449203952224138 0.11112134473907824

0.27449203952224138 0.11112134473907824
0.27140316684563914 0.11229219798637148

0.27140316684563914 0.11229219798637148
0.27137281180039774 0.11230486856703299

0.27137281180039774 0.11230486856703299
0.26825358407855404 0.11346128652239353

0.26825358407855404 0.11346128652239353
0.2651343563567104 0.11459157420504314

0.2651343563567104 0.11459157420504314
0.26287142530955893 0.11541142570821514

0.26287142530955893 0.11541142570821514
0.26201512863486676 0.11573476653866228

0.26201512863486676 0.11573476653866228
0.25889590091302311 0.11682968101771299

0.25889590091302311 0.11682968101771299
0.25577667319117947 0.11791387862602624

0.25577667319117947 0.11791387862602624
0.25403637594393219 0.11853065343005878

0.25403637594393219 0.11853065343005878
0.25265744546933583 0.1190243789105737

0.25265744546933583 0.1190243789105737
0.24953821774749216 0.12009478438538836

0.24953821774749216 0.12009478438538836
0.24641899002564852 0.1211583963683065

0.24641899002564852 0.1211583963683065
0.24501942062486581 0.12164988115190244

0.24501942062486581 0.12164988115190244
0.24329976230380487 0.12224819535101866

0.24329976230380487 0.12224819535101866
0.24018053458196123 0.12329779500498503

0.24018053458196123 0.12329779500498503
0.23706130686011756 0.12433378168759739

0.23706130686011756 0.12433378168759739
0.2357860916068639 0.12476910887374609

0.2357860916068639 0.12476910887374609
0.23394207913827392 0.12538861625496014

0.23394207913827392 0.12538861625496014
0.23082285141643027 0.12639853761618966

0.23082285141643027 0.12639853761618966
0.2277036236945866 0.12738552103098702

0.2277036236945866 0.12738552103098702
0.22612442769763405 0.12788833659558974

0.22612442769763405 0.12788833659558974
0.22458439597274296 0.12837876974287107

0.22458439597274296 0.12837876974287107
0.22146516825089932 0.12932314199656489

0.22146516825089932 0.12932314199656489
0.21834594052905565 0.13025293306697971

0.21834594052905565 0.13025293306697971
0.21576763767636409 0.13100756431743341

0.21576763767636409 0.13100756431743341
0.21522671280721201 0.1311737144276901

0.21522671280721201 0.1311737144276901
0.21210748508536836 0.13205769243644955

0.21210748508536836 0.13205769243644955
0.20898825736352469 0.13293201945089544

0.20898825736352469 0.13293201945089544
0.20586902964168105 0.13378502035315123

0.20586902964168105 0.13378502035315123
0.20465242943111014 0.13412679203927705

0.20465242943111014 0.13412679203927705
0.20274980191983741 0.13465303136418785

0.20274980191983741 0.13465303136418785
0.19963057419799374 0.1354966915587919

0.19963057419799374 0.1354966915587919
0.19651134647615009 0.13634032869462734

0.19651134647615009 0.13634032869462734
0.19339211875430642 0.13717436739824926

0.19339211875430642 0.13717436739824926
0.19313952186828776 0.13724601976112069

0.19313952186828776 0.13724601976112069
0.19027289103246278 0.138013469075491

0.19027289103246278 0.138013469075491
0.18715366331061914 0.13884403224532932

0.18715366331061914 0.13884403224532932
0.18403443558877547 0.13966750244990997

0.18403443558877547 0.13966750244990997
0.18136970653975765 0.14036524748296436

0.18136970653975765 0.14036524748296436
0.18091520786693183 0.14048999420705788

0.18091520786693183 0.14048999420705788
0.17779598014508818 0.1412849417572882

0.17779598014508818 0.1412849417572882
0.17467675242324451 0.14206720170368631

0.17467675242324451 0.14206720170368631
0.17155752470140087 0.142830294043886

0.17155752470140087 0.142830294043886
0.16881913878304236 0.143484475204808

0.16881913878304236 0.143484475204808
0.16843829697955723 0.14357968227779272

0.16843829697955723 0.14357968227779272
0.16531906925771356 0.14429858158164838

0.16531906925771356 0.14429858158164838
0.16219984153586992 0.14499780482910971

0.16219984153586992 0.14499780482910971
0.15908061381402627 0.14567430635930148

0.15908061381402627 0.14567430635930148
0.1559613860921826 0.14632685704643375

0.1559613860921826 0.14632685704643375
0.1546399437627797 0.14660370292665165

0.1546399437627797 0.14660370292665165
0.15284215837033896 0.14697714385140948

0.15284215837033896 0.14697714385140948
0.14972293064849532 0.14760320375830741

0.14972293064849532 0.14760320375830741
0.14660370292665165 0.14821997141624044

0.14660370292665165 0.14821997141624044
0.143484475204808 0.14882488522427481

0.143484475204808 0.14882488522427481
0.14036524748296436 0.14941791660464843

0.14036524748296436 0.14941791660464843
0.1387743389727652 0.14972293064849532

0.1387743389727652 0.14972293064849532
0.13724601976112069 0.15001618533188155

0.13724601976112069 0.15001618533188155
0.13412679203927705 0.15059935565756699

0.13412679203927705 0.15059935565756699
0.13100756431743341 0.15117755770045038

0.13100756431743341 0.15117755770045038
0.12788833659558974 0.15174521675428163

0.12788833659558974 0.15174521675428163
0.12476910887374609 0.15230356660234398

0.12476910887374609 0.15230356660234398
0.12170105410733806 0.15284215837033896

0.12170105410733806 0.15284215837033896
0.12164988115190244 0.1528515351775071

0.12164988115190244 0.1528515351775071
0.11853065343005878 0.15338585895261769

0.11853065343005878 0.15338585895261769
0.11541142570821514 0.15390535166401767

0.11541142570821514 0.15390535166401767
0.11229219798637148 0.15440702147688692

0.11229219798637148 0.15440702147688692
0.10917297026452782 0.15488990958167603

0.10917297026452782 0.15488990958167603
0.10605374254268418 0.15535380433630358

0.10605374254268418 0.15535380433630358
0.10293451482084053 0.15579579709960514

0.10293451482084053 0.15579579709960514
0.10173582086550934 0.1559613860921826

0.10173582086550934 0.1559613860921826
0.099815287098996869 0.15622439627175655

0.099815287098996869 0.15622439627175655
0.096696059377153226 0.15663158274955138

0.096696059377153226 0.15663158274955138
0.09357683165530957 0.15702528738155414

0.09357683165530957 0.15702528738155414
0.090457603933465913 0.15740498994917065

0.090457603933465913 0.15740498994917065
0.087338376211622271 0.15777159931783488

0.087338376211622271 0.15777159931783488
0.084219148489778614 0.15812685786208897

0.084219148489778614 0.15812685786208897
0.081099920767934958 0.15847264456714105

0.081099920767934958 0.15847264456714105
0.077980693046091315 0.15880969303291925

0.077980693046091315 0.15880969303291925
0.075419418112948458 0.15908061381402627

0.075419418112948458 0.15908061381402627
0.074861465324247659 0.15914063457527225

0.074861465324247659 0.15914063457527225
0.071742237602404002 0.15946055215688881

0.071742237602404002 0.15946055215688881
0.068623009880560346 0.15977022725437026

0.068623009880560346 0.15977022725437026
0.065503782158716703 0.16006800668828861

0.065503782158716703 0.16006800668828861
0.06238455443687304 0.16035393256994568

0.06238455443687304 0.16035393256994568
0.05926532671502939 0.16062732588709416

0.05926532671502939 0.16062732588709416
0.056146098993185733 0.16088687313861821

0.056146098993185733 0.16088687313861821
0.053026871271342084 0.16113106191782181

0.053026871271342084 0.16113106191782181
0.049907643549498434 0.16135903594617751

0.049907643549498434 0.16135903594617751
0.046788415827654778 0.16157108206049903

0.046788415827654778 0.16157108206049903
0.043669188105811128 0.16176821943071723

0.043669188105811128 0.16176821943071723
0.040549960383967479 0.16195151200325988

0.040549960383967479 0.16195151200325988
0.037430732662123822 0.16212148903458373

0.037430732662123822 0.16212148903458373
0.035888314764029941 0.16219984153586992

0.035888314764029941 0.16219984153586992
0.034311504940280173 0.16227989085681047

0.034311504940280173 0.16227989085681047
0.03119227721843652 0.16242569098974802

0.03119227721843652 0.16242569098974802
0.02807304949659287 0.16256055127909286

0.02807304949659287 0.16256055127909286
0.024953821774749217 0.16268491763890466

0.024953821774749217 0.16268491763890466
0.021834594052905568 0.16279917707734656

0.021834594052905568 0.16279917707734656
0.018715366331061915 0.16290294122689433

0.018715366331061915 0.16290294122689433
0.01559613860921826 0.16299510106533741

0.01559613860921826 0.16299510106533741
0.012476910887374609 0.16307444099760074

0.012476910887374609 0.16307444099760074
0.0093576831655309556 0.16314028076858847

0.0093576831655309556 0.16314028076858847
0.0062384554436873043 0.16319254672666694

0.0062384554436873043 0.16319254672666694
0.0031192277218436517 0.16323134186953006

0.0031192277218436517 0.16323134186953006
0 0.16325658268536677

0 0.16325658268536677
-0.0031192277218436521 0.16326811079151862

-0.0031192277218436521 0.16326811079151862
-0.0062384554436873043 0.1632661860183259

-0.0062384554436873043 0.1632661860183259
-0.0093576831655309573 0.16325190149176502

-0.0093576831655309573 0.16325190149176502
-0.012476910887374609 0.16322711100017179

-0.012476910887374609 0.16322711100017179
-0.015596138609218262 0.16319387136864624

-0.015596138609218262 0.16319387136864624
-0.018715366331061911 0.16315380948575509

-0.018715366331061911 0.16315380948575509
-0.021834594052905564 0.1631078406065051

-0.021834594052905564 0.1631078406065051
-0.024953821774749217 0.16305630096497406

-0.024953821774749217 0.16305630096497406
-0.028073049496592867 0.16299921238081225

-0.028073049496592867 0.16299921238081225
-0.03119227721843652 0.16293639422595382

-0.03119227721843652 0.16293639422595382
-0.034311504940280173 0.16286739524055613

-0.034311504940280173 0.16286739524055613
-0.037430732662123829 0.16279141725799351

-0.037430732662123829 0.16279141725799351
-0.040549960383967479 0.16270737414671874

-0.040549960383967479 0.16270737414671874
-0.043669188105811135 0.16261406279215707

-0.043669188105811135 0.16261406279215707
-0.046788415827654785 0.16251035628445823

-0.046788415827654785 0.16251035628445823
-0.049907643549498434 0.16239542903050652

-0.049907643549498434 0.16239542903050652
-0.053026871271342091 0.16226917913301481

-0.053026871271342091 0.16226917913301481
-0.054594430513565162 0.16219984153586992

-0.054594430513565162 0.16219984153586992
-0.05614609899318574 0.16213117285094356

-0.05614609899318574 0.16213117285094356
-0.05926532671502939 0.16198336249932102

-0.05926532671502939 0.16198336249932102
-0.062384554436873046 0.16182640563360876

-0.062384554436873046 0.16182640563360876
-0.065503782158716689 0.16166250100386478

-0.065503782158716689 0.16166250100386478
-0.068623009880560346 0.1614937228046581

-0.068623009880560346 0.1614937228046581
-0.071742237602403988 0.16132203132424361

-0.071742237602403988 0.16132203132424361
-0.074861465324247645 0.16114912105278828

-0.074861465324247645 0.16114912105278828
-0.077980693046091301 0.16097627911658727

-0.077980693046091301 0.16097627911658727
-0.081099920767934958 0.16080425677537874

-0.081099920767934958 0.16080425677537874
-0.0842191484897786 0.16063325897328654

-0.0842191484897786 0.16063325897328654
-0.087338376211622257 0.16046285638698701

-0.087338376211622257 0.16046285638698701
-0.090457603933465913 0.16029210643067127

-0.090457603933465913 0.16029210643067127
-0.093576831655309556 0.16011975512871401

-0.093576831655309556 0.16011975512871401
-0.096696059377153212 0.15994436270569667

-0.096696059377153212 0.15994436270569667
-0.099815287098996869 0.15976456269837663

-0.099815287098996869 0.15976456269837663
-0.10293451482084051 0.15957924101063228

-0.10293451482084051 0.15957924101063228
-0.10605374254268417 0.15938772969967341

-0.10605374254268417 0.15938772969967341
-0.10917297026452782 0.15919023826775333

-0.10917297026452782 0.15919023826775333
-0.11084295013094071 0.15908061381402627

-0.11084295013094071 0.15908061381402627
-0.11229219798637147 0.15898534546325643

-0.11229219798637147 0.15898534546325643
-0.11541142570821512 0.15877612876638267

-0.11541142570821512 0.15877612876638267
-0.11853065343005878 0.15856190371360776

-0.11853065343005878 0.15856190371360776
-0.12164988115190242 0.15834467453738554

-0.12164988115190242 0.15834467453738554
-0.12476910887374608 0.15812602024015254

-0.12476910887374608 0.15812602024015254
-0.12788833659558974 0.15790729919623472

-0.12788833659558974 0.15790729919623472
-0.13100756431743338 0.15768948111990405

-0.13100756431743338 0.15768948111990405
-0.13412679203927705 0.1574729917986207

-0.13412679203927705 0.1574729917986207
-0.13724601976112069 0.15725764557780647

-0.13724601976112069 0.15725764557780647
-0.14036524748296433 0.15704278072896563

-0.14036524748296433 0.15704278072896563
-0.143484475204808 0.15682737470348321

-0.143484475204808 0.15682737470348321
-0.14660370292665165 0.1566100528713058

-0.14660370292665165 0.1566100528713058
-0.14972293064849529 0.15638925471431681

-0.14972293064849529 0.15638925471431681
-0.15284215837033896 0.15616356508676923

-0.15284215837033896 0.15616356508676923
-0.15556399894513676 0.1559613860921826

-0.15556399894513676 0.1559613860921826
-0.1559613860921826 0.15593144638783943

-0.1559613860921826 0.15593144638783943
-0.15908061381402624 0.15569351393143963

-0.15908061381402624 0.15569351393143963
-0.16219984153586992 0.15544812030570213

-0.16219984153586992 0.15544812030570213
-0.16531906925771356 0.155196340425961

-0.16531906925771356 0.155196340425961
-0.16531906925771356 0.155196340425961

-0.16531906925771356 0.155196340425961
-0.1684382969795572 0.15493914365839961

-0.1684382969795572 0.15493914365839961
-0.17155752470140087 0.15467788368446192

-0.17155752470140087 0.15467788368446192
-0.17467675242324451 0.15441399642021603

-0.17467675242324451 0.15441399642021603
-0.17779598014508816 0.15414867307492605

-0.17779598014508816 0.15414867307492605
-0.18091520786693183 0.15388262317852755

-0.18091520786693183 0.15388262317852755
-0.18403443558877547 0.15361603306641325

-0.18403443558877547 0.15361603306641325
-0.18715366331061911 0.15334854829661915

-0.18715366331061911 0.15334854829661915
-0.19027289103246278 0.15307931321951265

-0.19027289103246278 0.15307931321951265
-0.19298611836523163 0.15284215837033896

-0.19298611836523163 0.15284215837033896
-0.19339211875430642 0.15280608218887023

-0.19339211875430642 0.15280608218887023
-0.19651134647615007 0.1525293452594321

-0.19651134647615007 0.1525293452594321
-0.19963057419799374 0.15224530462896035

-0.19963057419799374 0.15224530462896035
-0.20274980191983738 0.15195231022084468

-0.20274980191983738 0.15195231022084468
-0.20586902964168105 0.15164838396639269

-0.20586902964168105 0.15164838396639269
-0.20898825736352469 0.15133207563489345

-0.20898825736352469 0.15133207563489345
-0.21210748508536834 0.15100274672577371

-0.21210748508536834 0.15100274672577371
-0.21522671280721201 0.15066058142952327

-0.21522671280721201 0.15066058142952327
-0.21834594052905565 0.15030631269042161

-0.21834594052905565 0.15030631269042161
-0.22146516825089929 0.14994239056131745

-0.22146516825089929 0.14994239056131745
-0.22328555867442876 0.14972293064849532

-0.22328555867442876 0.14972293064849532
-0.22458439597274296 0.14956550277852809

-0.22458439597274296 0.14956550277852809
-0.2277036236945866 0.14918600989522773

-0.2277036236945866 0.14918600989522773
-0.23082285141643025 0.14880006767613568

-0.23082285141643025 0.14880006767613568
-0.23394207913827392 0.14841163309240743

-0.23394207913827392 0.14841163309240743
-0.23706130686011756 0.14802233736728232

-0.23706130686011756 0.14802233736728232
-0.2401805345819612 0.14763287965391289

-0.2401805345819612 0.14763287965391289
-0.24329976230380487 0.14724304977900371

-0.24329976230380487 0.14724304977900371
-0.24641899002564852 0.14685278693715997

-0.24641899002564852 0.14685278693715997
-0.24837963792420015 0.14660370292665165

-0.24837963792420015 0.14660370292665165
-0.24953821774749216 0.14645527751117071

-0.24953821774749216 0.14645527751117071
-0.25265744546933583 0.14605710909810102

-0.25265744546933583 0.14605710909810102
-0.25577667319117953 0.14564885176185308

-0.25577667319117953 0.14564885176185308
-0.25889590091302317 0.14522935851506624

-0.25889590091302317 0.14522935851506624
-0.26201512863486681 0.14479615785808045

-0.26201512863486681 0.14479615785808045
-0.26513435635671045 0.14434750371212282

-0.26513435635671045 0.14434750371212282
-0.2682535840785541 0.14388306287238531

-0.2682535840785541 0.14388306287238531
-0.27083595225646545 0.143484475204808

-0.27083595225646545 0.143484475204808
-0.27137281180039774 0.14339940427390022

-0.27137281180039774 0.14339940427390022
-0.27449203952224144 0.14290500510230422

-0.27449203952224144 0.14290500510230422
-0.27761126724408508 0.14239368961723284

-0.27761126724408508 0.14239368961723284
-0.28073049496592872 0.1418699861595937

-0.28073049496592872 0.1418699861595937
-0.28384972268777237 0.14133605426952589

-0.28384972268777237 0.14133605426952589
-0.28696895040961601 0.1407945576914251

-0.28696895040961601 0.1407945576914251
-0.28940203049871299 0.14036524748296436

-0.28940203049871299 0.14036524748296436
-0.29008817813145965 0.14024108062868126

-0.29008817813145965 0.14024108062868126
-0.29320740585330335 0.13968955702870781

-0.29320740585330335 0.13968955702870781
-0.29632663357514699 0.13912968880870191

-0.29632663357514699 0.13912968880870191
-0.29944586129699063 0.13856465539854437

-0.29944586129699063 0.13856465539854437
-0.30256508901883428 0.13799360908457975

-0.30256508901883428 0.13799360908457975
-0.30568431674067792 0.13741942241456059

-0.30568431674067792 0.13741942241456059
-0.30658450129602294 0.13724601976112069

-0.30658450129602294 0.13724601976112069
-0.30880354446252156 0.1368269401788767

-0.30880354446252156 0.1368269401788767
-0.31192277218436526 0.13623206629241538

-0.31192277218436526 0.13623206629241538
-0.3150419999062089 0.13562456430025638

-0.3150419999062089 0.13562456430025638
-0.31816122762805255 0.13500535463612331

-0.31816122762805255 0.13500535463612331
-0.32128045534989619 0.1343794169713729

-0.32128045534989619 0.1343794169713729
-0.32248479582969536 0.13412679203927705

-0.32248479582969536 0.13412679203927705
-0.32439968307173983 0.13372968989176084

-0.32439968307173983 0.13372968989176084
-0.32751891079358347 0.13308071820216311

-0.32751891079358347 0.13308071820216311
-0.33063813851542717 0.13241937610851609

-0.33063813851542717 0.13241937610851609
-0.33375736623727081 0.13174956161469281

-0.33375736623727081 0.13174956161469281
-0.33687659395911446 0.13107513615879357

-0.33687659395911446 0.13107513615879357
-0.33717072067576065 0.13100756431743341

-0.33717072067576065 0.13100756431743341
-0.3399958216809581 0.13038725583933661

-0.3399958216809581 0.13038725583933661
-0.34311504940280174 0.12969580043414008

-0.34311504940280174 0.12969580043414008
-0.34623427712464538 0.12899642859236868

-0.34623427712464538 0.12899642859236868
-0.34935350484648908 0.12829264529136319

-0.34935350484648908 0.12829264529136319
-0.35109077257937149 0.12788833659558974

-0.35109077257937149 0.12788833659558974
-0.35247273256833273 0.1275644349390487

-0.35247273256833273 0.1275644349390487
-0.35559196029017637 0.12684163108750887

-0.35559196029017637 0.12684163108750887
-0.35871118801202001 0.1261018444507683

-0.35871118801202001 0.1261018444507683
-0.36183041573386365 0.12535208115980956

-0.36183041573386365 0.12535208115980956
-0.36420276787604094 0.12476910887374609

-0.36420276787604094 0.12476910887374609
-0.36494964345570735 0.12457940876544285

-0.36494964345570735 0.12457940876544285
-0.36806887117755099 0.12381110911607979

-0.36806887117755099 0.12381110911607979
-0.37118809889939464 0.12302672193990739

-0.37118809889939464 0.12302672193990739
-0.37430732662123828 0.12223719504157313

-0.37430732662123828 0.12223719504157313
-0.37659264472605747 0.12164988115190244

-0.37659264472605747 0.12164988115190244
-0.37742655434308192 0.12142892319399913

-0.37742655434308192 0.12142892319399913
-0.38054578206492556 0.12063508637733444

-0.38054578206492556 0.12063508637733444
-0.38366500978676926 0.11983254901199267

-0.38366500978676926 0.11983254901199267
-0.3867842375086129 0.11903451086630717

-0.3867842375086129 0.11903451086630717
-0.38872616026375417 0.11853065343005878

-0.38872616026375417 0.11853065343005878
-0.38990346523045655 0.11822026343876488

-0.38990346523045655 0.11822026343876488
-0.39302269295230019 0.11742697355937369

-0.39302269295230019 0.11742697355937369
-0.39614192067414383 0.11662686881768784

-0.39614192067414383 0.11662686881768784
-0.39926114839598748 0.11583228088642553

-0.39926114839598748 0.11583228088642553
-0.40086973484076105 0.11541142570821514

-0.40086973484076105 0.11541142570821514
-0.40238037611783117 0.11501531256181934

-0.40238037611783117 0.11501531256181934
-0.40549960383967482 0.11421292792640884

-0.40549960383967482 0.11421292792640884
-0.40861883156151846 0.1133973219566595

-0.40861883156151846 0.1133973219566595
-0.4117380592833621 0.11258261836322418

-0.4117380592833621 0.11258261836322418
-0.41279603616921667 0.11229219798637148

-0.41279603616921667 0.11229219798637148
-0.41485728700520574 0.11173838171197598

-0.41485728700520574 0.11173838171197598
-0.41797651472704939 0.11090205906230186

-0.41797651472704939 0.11090205906230186
-0.42109574244889308 0.11005405969011121

-0.42109574244889308 0.11005405969011121
-0.42421497017073673 0.10920279242813878

-0.42421497017073673 0.10920279242813878
-0.4243165885373037 0.10917297026452782

-0.4243165885373037 0.10917297026452782
-0.42733419789258037 0.10834411612503621

-0.42733419789258037 0.10834411612503621
-0.43045342561442401 0.10748573878322763

-0.43045342561442401 0.10748573878322763
-0.43357265333626765 0.10663278451623812

-0.43357265333626765 0.10663278451623812
-0.43567305582748245 0.10605374254268418

-0.43567305582748245 0.10605374254268418
-0.4366918810581113 0.10576604803281112

-0.4366918810581113 0.10576604803281112
-0.439811108779955 0.1049263371572542

-0.439811108779955 0.1049263371572542
-0.44293033650179864 0.10408415952216611

-0.44293033650179864 0.10408415952216611
-0.44604956422364228 0.10325698133310646

-0.44604956422364228 0.10325698133310646
-0.44723040979903256 0.10293451482084053

-0.44723040979903256 0.10293451482084053
-0.44916879194548592 0.10241390580204601

-0.44916879194548592 0.10241390580204601
-0.45228801966732957 0.1015925044537003

-0.45228801966732957 0.1015925044537003
-0.45540724738917326 0.10076940204694462

-0.45540724738917326 0.10076940204694462
-0.45852647511101691 0.099955976113806286

-0.45852647511101691 0.099955976113806286
-0.45903836828754802 0.099815287098996869

-0.45903836828754802 0.099815287098996869
-0.46164570283286055 0.099130302724206226

-0.46164570283286055 0.099130302724206226
-0.46476493055470419 0.098313287722479326

-0.46476493055470419 0.098313287722479326
-0.46788415827654783 0.097495699684266593

-0.46788415827654783 0.097495699684266593
-0.47094379543143916 0.096696059377153226

-0.47094379543143916 0.096696059377153226
-0.47100338599839148 0.096679443704429671

-0.47100338599839148 0.096679443704429671
-0.47412261372023518 0.095868401291491906

-0.47412261372023518 0.095868401291491906
-0.47724184144207882 0.095060147037887038

-0.47724184144207882 0.095060147037887038
-0.48036106916392246 0.094259214389686055

-0.48036106916392246 0.094259214389686055
-0.48303958016261894 0.09357683165530957

-0.48303958016261894 0.09357683165530957
-0.4834802968857661 0.093459221647230015

-0.4834802968857661 0.093459221647230015
-0.48659952460760975 0.092680217659986672

-0.48659952460760975 0.092680217659986672
-0.48971875232945339 0.091905978112376358

-0.48971875232945339 0.091905978112376358
-0.49283798005129709 0.091143388492771135

-0.49283798005129709 0.091143388492771135
-0.49568259647355245 0.090457603933465913

-0.49568259647355245 0.090457603933465913
-0.49595720777314073 0.090387973487243881

-0.49595720777314073 0.090387973487243881
-0.49907643549498437 0.089650122669844276

-0.49907643549498437 0.089650122669844276
-0.50219566321682807 0.088918482409258953

-0.50219566321682807 0.088918482409258953
-0.50531489093867166 0.088196534120506251

-0.50531489093867166 0.088196534120506251
-0.50843411866051536 0.087489662396303555

-0.50843411866051536 0.087489662396303555
-0.5090813722072367 0.087338376211622271

-0.5090813722072367 0.087338376211622271
-0.51155334638235894 0.086779877132195829

-0.51155334638235894 0.086779877132195829
-0.51467257410420264 0.08608668720285087

-0.51467257410420264 0.08608668720285087
-0.51779180182604623 0.085401513646623448

-0.51779180182604623 0.085401513646623448
-0.52091102954788993 0.084728621206276417

-0.52091102954788993 0.084728621206276417
-0.5233031072744232 0.084219148489778614

-0.5233031072744232 0.084219148489778614
-0.52403025726973362 0.084059831483508832

-0.52403025726973362 0.084059831483508832
-0.52714948499157721 0.083415180840847231

-0.52714948499157721 0.083415180840847231
-0.53026871271342091 0.082779326083657942

-0.53026871271342091 0.082779326083657942
-0.5333879404352645 0.082158717861462144

-0.5333879404352645 0.082158717861462144
-0.53650716815710819 0.081555500527730931

-0.53650716815710819 0.081555500527730931
-0.53891849998986041 0.081099920767934958

-0.53891849998986041 0.081099920767934958
-0.53962639587895189 0.080962728510016541

-0.53962639587895189 0.080962728510016541
-0.54274562360079548 0.080394693944584289

-0.54274562360079548 0.080394693944584289
-0.54586485132263918 0.079837745010717498

-0.54586485132263918 0.079837745010717498
-0.54898407904448276 0.079294410025347178

-0.54898407904448276 0.079294410025347178
-0.55210330676632646 0.078763128185282069

-0.55210330676632646 0.078763128185282069
-0.55522253448817016 0.078244836662702155

-0.55522253448817016 0.078244836662702155
-0.55681394259324557 0.077980693046091315

-0.55681394259324557 0.077980693046091315
-0.55834176221001375 0.077726965351849128

-0.55834176221001375 0.077726965351849128
-0.56146098993185745 0.077223685094534977

-0.56146098993185745 0.077223685094534977
-0.56458021765370103 0.076722843150156317

-0.56458021765370103 0.076722843150156317
-0.56769944537554473 0.076226135096977232

-0.56769944537554473 0.076226135096977232
-0.57081867309738832 0.075733302214458523

-0.57081867309738832 0.075733302214458523
-0.57393790081923202 0.075245643185878258

-0.57393790081923202 0.075245643185878258
-0.57641552203034763 0.074861465324247659

-0.57641552203034763 0.074861465324247659
-0.57705712854107571 0.074759680376990476

-0.57705712854107571 0.074759680376990476
-0.5801763562629193 0.074285502432974437

-0.5801763562629193 0.074285502432974437
-0.583295583984763 0.07381595167897885

-0.583295583984763 0.07381595167897885
-0.58641481170660659 0.073354804940000504

-0.58641481170660659 0.073354804940000504
-0.58953403942845028 0.072903018195829714

-0.58953403942845028 0.072903018195829714
-0.59265326715029398 0.07246106604111209

-0.59265326715029398 0.07246106604111209
-0.59577249487213757 0.07202989215912356

-0.59577249487213757 0.07202989215912356
-0.59788559011890718 0.071742237602404002

-0.59788559011890718 0.071742237602404002
-0.59889172259398127 0.071603648529043745

-0.59889172259398127 0.071603648529043745
-0.60201095031582486 0.071190724125901966

-0.60201095031582486 0.071190724125901966
-0.60513017803766855 0.070781843194883884

-0.60513017803766855 0.070781843194883884
-0.60824940575951214 0.070376862159051853

-0.60824940575951214 0.070376862159051853
-0.61136863348135584 0.069973394228381572

-0.61136863348135584 0.069973394228381572
-0.61448786120319954 0.069569366036353691

-0.61448786120319954 0.069569366036353691
-0.61760708892504312 0.069163147430333832

-0.61760708892504312 0.069163147430333832
-0.62072631664688682 0.068755555684940475

-0.62072631664688682 0.068755555684940475
-0.62171028431907527 0.068623009880560346

-0.62171028431907527 0.068623009880560346
-0.62384554436873041 0.068338864586773546

-0.62384554436873041 0.068338864586773546
-0.62696477209057411 0.067922261036582207

-0.62696477209057411 0.067922261036582207
-0.63008399981241781 0.067500861892194355

-0.63008399981241781 0.067500861892194355
-0.63320322753426139 0.067076159182587067

-0.63320322753426139 0.067076159182587067
-0.63632245525610509 0.066648901245595901

-0.63632245525610509 0.066648901245595901
-0.63944168297794868 0.066219824641639807

-0.63944168297794868 0.066219824641639807
-0.64256091069979238 0.065790448821919506

-0.64256091069979238 0.065790448821919506
-0.64462411224994576 0.065503782158716703

-0.64462411224994576 0.065503782158716703
-0.64568013842163596 0.06535538433173492

-0.64568013842163596 0.06535538433173492
-0.64879936614347966 0.064924670244461566

-0.64879936614347966 0.064924670244461566
-0.65191859386532336 0.064489581188770601

-0.65191859386532336 0.064489581188770601
-0.65503782158716695 0.064050872429330399

-0.65503782158716695 0.064050872429330399
-0.65815704930901064 0.063606775011137484

-0.65815704930901064 0.063606775011137484
-0.66127627703085423 0.063155397991186038

-0.66127627703085423 0.063155397991186038
-0.66439550475269793 0.062696327091033094

-0.66439550475269793 0.062696327091033094
-0.66645240809040829 0.06238455443687304

-0.66645240809040829 0.06238455443687304
-0.66751473247454163 0.062221491471466238

-0.66751473247454163 0.062221491471466238
-0.67063396019638521 0.061741899596639067

-0.67063396019638521 0.061741899596639067
-0.67375318791822891 0.061247064146452854

-0.67375318791822891 0.061247064146452854
-0.6768724156400725 0.060739225652132571

-0.6768724156400725 0.060739225652132571
-0.6799916433619162 0.060218531384051893

-0.6799916433619162 0.060218531384051893
-0.6831108710837599 0.059686340387482412

-0.6831108710837599 0.059686340387482412
-0.68551677489001728 0.05926532671502939

-0.68551677489001728 0.05926532671502939
-0.68623009880560348 0.059137408001700524

-0.68623009880560348 0.059137408001700524
-0.68934932652744718 0.058586100924896238

-0.68934932652744718 0.058586100924896238
-0.69246855424929077 0.058022778023256748

-0.69246855424929077 0.058022778023256748
-0.69558778197113447 0.057451390477111869

-0.69558778197113447 0.057451390477111869
-0.69870700969297805 0.05687199898435305

-0.69870700969297805 0.05687199898435305
-0.70182623741482175 0.056288261004243764

-0.70182623741482175 0.056288261004243764
-0.70254889861859349 0.056146098993185733

-0.70254889861859349 0.056146098993185733
-0.70494546513666545 0.055686599056416056

-0.70494546513666545 0.055686599056416056
-0.70806469285850904 0.055081591903855885

-0.70806469285850904 0.055081591903855885
-0.71118392058035274 0.054464245631752478

-0.71118392058035274 0.054464245631752478
-0.71430314830219632 0.053833611994633726

-0.71430314830219632 0.053833611994633726
-0.71742237602404002 0.053192792999830547

-0.71742237602404002 0.053192792999830547
-0.71818028187648797 0.053026871271342084

-0.71818028187648797 0.053026871271342084
-0.72054160374588372 0.052523719730249073

-0.72054160374588372 0.052523719730249073
-0.72366083146772731 0.051845185547855867

-0.72366083146772731 0.051845185547855867
-0.726780059189571 0.051146772405788243

-0.726780059189571 0.051146772405788243
-0.72989928691141459 0.050431759569917536

-0.72989928691141459 0.050431759569917536
-0.7321072569458883 0.049907643549498434

-0.7321072569458883 0.049907643549498434
-0.73301851463325829 0.049685684767640841

-0.73301851463325829 0.049685684767640841
-0.73613774235510188 0.048937115689579536

-0.73613774235510188 0.048937115689579536
-0.73925697007694557 0.04816491437229542

-0.73925697007694557 0.04816491437229542
-0.74237619779878927 0.047378848453848904

-0.74237619779878927 0.047378848453848904
-0.74465477854431006 0.046788415827654778

-0.74465477854431006 0.046788415827654778
-0.74549542552063286 0.046563733526120268

-0.74549542552063286 0.046563733526120268
-0.74861465324247656 0.045752471853139916

-0.74861465324247656 0.045752471853139916
-0.75173388096432014 0.044920165721636929

-0.75173388096432014 0.044920165721636929
-0.75485310868616384 0.044082368911705902

-0.75485310868616384 0.044082368911705902
-0.75632650473798402 0.043669188105811128

-0.75632650473798402 0.043669188105811128
-0.75797233640800754 0.043209195768827979

-0.75797233640800754 0.043209195768827979
-0.76109156412985113 0.042345635517034907

-0.76109156412985113 0.042345635517034907
-0.76421079185169483 0.041463275296800405

-0.76421079185169483 0.041463275296800405
-0.76733001957353841 0.04057063740021806

-0.76733001957353841 0.04057063740021806
-0.76739627585557502 0.040549960383967479

-0.76739627585557502 0.040549960383967479
-0.77044924729538211 0.039662980005306693

-0.77044924729538211 0.039662980005306693
-0.77356847501722581 0.03874458381015617

-0.77356847501722581 0.03874458381015617
-0.7766877027390694 0.03782448612309669

-0.7766877027390694 0.03782448612309669
-0.77795710674445373 0.037430732662123822

-0.77795710674445373 0.037430732662123822
-0.77980693046091309 0.036864827428928833

-0.77980693046091309 0.036864827428928833
-0.78292615818275668 0.035918209278339296

-0.78292615818275668 0.035918209278339296
-0.78604538590460038 0.034959550591980242

-0.78604538590460038 0.034959550591980242
-0.78809774400926746 0.034311504940280173

-0.78809774400926746 0.034311504940280173
-0.78916461362644397 0.033965834537469639

-0.78916461362644397 0.033965834537469639
-0.79228384134828767 0.032989737441928638

-0.79228384134828767 0.032989737441928638
-0.79540306907013136 0.031994442820187471

-0.79540306907013136 0.031994442820187471
-0.79787677798562584 0.03119227721843652

-0.79787677798562584 0.03119227721843652
-0.79852229679197495 0.030972408015036285

-0.79852229679197495 0.030972408015036285
-0.80164152451381865 0.029965262424456962

-0.80164152451381865 0.029965262424456962
-0.80476075223566224 0.028939870182272079

-0.80476075223566224 0.028939870182272079
-0.80736743838076874 0.02807304949659287

-0.80736743838076874 0.02807304949659287
-0.80787997995750593 0.027892477981701611

-0.80787997995750593 0.027892477981701611
-0.81099920767934963 0.026860628107159501

-0.81099920767934963 0.026860628107159501
-0.81411843540119322 0.025815248340178957

-0.81411843540119322 0.025815248340178957
-0.81666839147308368 0.024953821774749217

-0.81666839147308368 0.024953821774749217
-0.81723766312303692 0.024750589842151456

-0.81723766312303692 0.024750589842151456
-0.8203568908448805 0.023708661790813483

-0.8203568908448805 0.023708661790813483
-0.8234761185667242 0.022658159290473396

-0.8234761185667242 0.022658159290473396
-0.825908503204978 0.021834594052905568

-0.825908503204978 0.021834594052905568
-0.82659534628856779 0.021590502839944584

-0.82659534628856779 0.021590502839944584
-0.82971457401041149 0.020553622479123998

-0.82971457401041149 0.020553622479123998
-0.83283380173225519 0.019512334350467495

-0.83283380173225519 0.019512334350467495
-0.83521555115934387 0.018715366331061915

-0.83521555115934387 0.018715366331061915
-0.83595302945409877 0.018457275952934938

-0.83595302945409877 0.018457275952934938
-0.83907225717594247 0.017435933319904711

-0.83907225717594247 0.017435933319904711
-0.84219148489778606 0.016411062855833047

-0.84219148489778606 0.016411062855833047
-0.84467523222838869 0.01559613860921826

-0.84467523222838869 0.01559613860921826
-0.84531071261962976 0.015377052356918844

-0.84531071261962976 0.015377052356918844
-0.84842994034147345 0.014374056135499065

-0.84842994034147345 0.014374056135499065
-0.85154916806331704 0.01336595233616953

-0.85154916806331704 0.01336595233616953
-0.85431517988863814 0.012476910887374609

-0.85431517988863814 0.012476910887374609
-0.85466839578516074 0.01235590139105916

-0.85466839578516074 0.01235590139105916
-0.85778762350700433 0.011367823850274779

-0.85778762350700433 0.011367823850274779
-0.86090685122884802 0.010377194720537407

-0.86090685122884802 0.010377194720537407
-0.86402607895069172 0.00939831310092357

-0.86402607895069172 0.00939831310092357
-0.86414694419517368 0.0093576831655309556

-0.86414694419517368 0.0093576831655309556
-0.86714530667253531 0.0084225552929951437

-0.86714530667253531 0.0084225552929951437
-0.87026453439437901 0.0074591371499377803

-0.87026453439437901 0.0074591371499377803
-0.8733837621162226 0.0065193931800053883

-0.8733837621162226 0.0065193931800053883
-0.87428449066864034 0.0062384554436873043

-0.87428449066864034 0.0062384554436873043
-0.87650298983806629 0.0055689711651781843

-0.87650298983806629 0.0055689711651781843
-0.87962221755990988 0.0046533722278508348

-0.87962221755990988 0.0046533722278508348
-0.88274144528175358 0.0037568680198856582

-0.88274144528175358 0.0037568680198856582
-0.88499267322973485 0.0031192277218436517

-0.88499267322973485 0.0031192277218436517
-0.88586067300359728 0.0028656341104360667

-0.88586067300359728 0.0028656341104360667
-0.88897990072544086 0.002017711639735457

-0.88897990072544086 0.002017711639735457
-0.89209912844728456 0.0011832392312916982

-0.89209912844728456 0.0011832392312916982
-0.89521835616912815 0.00037993247329408918

-0.89521835616912815 0.00037993247329408918
-0.89669823087791034 0

-0.89669823087791034 0
-0.89833758389097185 -0.00041911168827531473

-0.89833758389097185 -0.00041911168827531473
-0.90145681161281555 -0.0011779593592582912

-0.90145681161281555 -0.0011779593592582912
-0.90457603933465913 -0.0019208265347923574

-0.90457603933465913 -0.0019208265347923574
-0.90769526705650283 -0.00263846001915161

-0.90769526705650283 -0.00263846001915161
-0.90982668811950074 -0.0031192277218436521

-0.90982668811950074 -0.0031192277218436521
-0.91081449477834642 -0.0033465564026474463

-0.91081449477834642 -0.0033465564026474463
-0.91393372250019012 -0.0040211661503514453

-0.91393372250019012 -0.0040211661503514453
-0.9170529502220337 -0.0046831375354022013

-0.9170529502220337 -0.0046831375354022013
-0.9201721779438774 -0.0053259334321334216

-0.9201721779438774 -0.0053259334321334216
-0.9232914056657211 -0.0059452457160128775

-0.9232914056657211 -0.0059452457160128775
-0.92478431825160579 -0.0062384554436873043

-0.92478431825160579 -0.0062384554436873043
-0.92641063338756469 -0.0065569532108783937

-0.92641063338756469 -0.0065569532108783937
-0.92952986110940838 -0.0071391545381525052

-0.92952986110940838 -0.0071391545381525052
-0.93264908883125197 -0.0077061753278528065

-0.93264908883125197 -0.0077061753278528065
-0.93576831655309567 -0.0082535863988795338

-0.93576831655309567 -0.0082535863988795338
-0.93888754427493937 -0.0087807681478540393

-0.93888754427493937 -0.0087807681478540393
-0.94200677199678295 -0.0092852769370477019

-0.94200677199678295 -0.0092852769370477019
-0.94245759366447257 -0.0093576831655309573

-0.94245759366447257 -0.0093576831655309573
-0.94512599971862665 -0.0097740221910133252

-0.94512599971862665 -0.0097740221910133252
-0.94824522744047024 -0.01023990053182542

-0.94824522744047024 -0.01023990053182542
-0.95136445516231394 -0.010686314309565761

-0.95136445516231394 -0.010686314309565761
-0.95448368288415764 -0.011112697793529334

-0.95448368288415764 -0.011112697793529334
-0.95760291060600122 -0.011519159844726568

-0.95760291060600122 -0.011519159844726568
-0.96072213832784492 -0.011906240706145623

-0.96072213832784492 -0.011906240706145623
-0.96384136604968851 -0.01227378141637271

-0.96384136604968851 -0.01227378141637271
-0.96563386068781931 -0.012476910887374609

-0.96563386068781931 -0.012476910887374609
-0.96696059377153221 -0.012627797329346525

-0.96696059377153221 -0.012627797329346525
-0.97007982149337579 -0.012962337985762589

-0.97007982149337579 -0.012962337985762589
-0.97319904921521949 -0.013284417131762734

-0.97319904921521949 -0.013284417131762734
-0.97631827693706319 -0.01359441576719855

-0.97631827693706319 -0.01359441576719855
-0.97943750465890678 -0.013894081547428541

-0.97943750465890678 -0.013894081547428541
-0.98255673238075047 -0.014185132864606338

-0.98255673238075047 -0.014185132864606338
-0.98567596010259406 -0.014469206694836464

-0.98567596010259406 -0.014469206694836464
-0.98879518782443776 -0.01474778442533837

-0.98879518782443776 -0.01474778442533837
-0.99191441554628146 -0.015022091359398616

-0.99191441554628146 -0.015022091359398616
-0.99503364326812505 -0.015292905605509914

-0.99503364326812505 -0.015292905605509914
-0.99815287098996874 -0.015559992226956268

-0.99815287098996874 -0.015559992226956268
-0.99857192546713558 -0.015596138609218262

-0.99857192546713558 -0.015596138609218262
-1.0012720987118122 -0.01582540185966588

-1.0012720987118122 -0.01582540185966588
-1.0043913264336559 -0.016086386177517318

-1.0043913264336559 -0.016086386177517318
-1.0075105541554996 -0.01634409478628936

-1.0075105541554996 -0.01634409478628936
-1.0106297818773433 -0.016598376386884807

-1.0106297818773433 -0.016598376386884807
-1.0137490095991868 -0.016849451522296631

-1.0137490095991868 -0.016849451522296631
-1.0168682373210305 -0.017097719818544445

-1.0168682373210305 -0.017097719818544445
-1.0199874650428742 -0.0173439060924005

-1.0199874650428742 -0.0173439060924005
-1.0231066927647179 -0.017589177655611684

-1.0231066927647179 -0.017589177655611684
-1.0262259204865614 -0.01783513021165729

-1.0262259204865614 -0.01783513021165729
-1.0293451482084051 -0.018083518539348468

-1.0293451482084051 -0.018083518539348468
-1.0324643759302488 -0.018335956814553606

-1.0324643759302488 -0.018335956814553606
-1.0355836036520925 -0.018593174046220486

-1.0355836036520925 -0.018593174046220486
-1.0370143458564798 -0.018715366331061911

-1.0370143458564798 -0.018715366331061911
-1.0387028313739362 -0.018859359249033945

-1.0387028313739362 -0.018859359249033945
-1.0418220590957796 -0.019131227328043558

-1.0418220590957796 -0.019131227328043558
-1.0449412868176233 -0.019412707949375173

-1.0449412868176233 -0.019412707949375173
-1.048060514539467 -0.019704003986389208

-1.048060514539467 -0.019704003986389208
-1.0511797422613107 -0.020005532505622373

-1.0511797422613107 -0.020005532505622373
-1.0542989699831544 -0.020317463909770943

-1.0542989699831544 -0.020317463909770943
-1.0574181977049979 -0.020639895845180015

-1.0574181977049979 -0.020639895845180015
-1.0605374254268416 -0.020972797552299274

-1.0605374254268416 -0.020972797552299274
-1.0636566531486853 -0.021316042376459607

-1.0636566531486853 -0.021316042376459607
-1.066775880870529 -0.021668347459162563

-1.066775880870529 -0.021668347459162563
-1.068187265092174 -0.021834594052905564

-1.068187265092174 -0.021834594052905564
-1.0698951085923727 -0.022035283215994458

-1.0698951085923727 -0.022035283215994458
-1.0730143363142162 -0.022408739935266077

-1.0730143363142162 -0.022408739935266077
-1.0761335640360599 -0.022794265435674123

-1.0761335640360599 -0.022794265435674123
-1.0792527917579036 -0.023191433120282105

-1.0792527917579036 -0.023191433120282105
-1.0823720194797473 -0.02360108903928268

-1.0823720194797473 -0.02360108903928268
-1.085491247201591 -0.024023857318955469

-1.085491247201591 -0.024023857318955469
-1.0886104749234344 -0.024460080961016827

-1.0886104749234344 -0.024460080961016827
-1.0917297026452781 -0.024908900328484716

-1.0917297026452781 -0.024908900328484716
-1.0920225130983645 -0.024953821774749217

-1.0920225130983645 -0.024953821774749217
-1.0948489303671218 -0.025374566806361139

-1.0948489303671218 -0.025374566806361139
-1.0979681580889655 -0.025852455562422202

-1.0979681580889655 -0.025852455562422202
-1.1010873858108092 -0.02634505618733856

-1.1010873858108092 -0.02634505618733856
-1.1042066135326527 -0.02685337112166027

-1.1042066135326527 -0.02685337112166027
-1.1073258412544964 -0.027378471184988613

-1.1073258412544964 -0.027378471184988613
-1.1104450689763401 -0.027917695798087307

-1.1104450689763401 -0.027917695798087307
-1.1112883720093265 -0.028073049496592867

-1.1112883720093265 -0.028073049496592867
-1.1135642966981838 -0.028483945124064974

-1.1135642966981838 -0.028483945124064974
-1.1166835244200273 -0.029062562689111809

-1.1166835244200273 -0.029062562689111809
-1.119802752141871 -0.029662168925328875

-1.119802752141871 -0.029662168925328875
-1.1229219798637147 -0.030282842289929789

-1.1229219798637147 -0.030282842289929789
-1.1260412075855584 -0.030920295058440978

-1.1260412075855584 -0.030920295058440978
-1.1272952886297478 -0.03119227721843652

-1.1272952886297478 -0.03119227721843652
-1.1291604353074021 -0.031592880532660954

-1.1291604353074021 -0.031592880532660954
-1.1322796630292455 -0.032274069504449492

-1.1322796630292455 -0.032274069504449492
-1.1353988907510892 -0.032978419537181919

-1.1353988907510892 -0.032978419537181919
-1.1385181184729329 -0.033700694303610737

-1.1385181184729329 -0.033700694303610737
-1.1410819757591528 -0.034311504940280173

-1.1410819757591528 -0.034311504940280173
-1.1416373461947766 -0.034449199119565059

-1.1416373461947766 -0.034449199119565059
-1.1447565739166203 -0.035202109799765402

-1.1447565739166203 -0.035202109799765402
-1.1478758016384638 -0.035975339293692475

-1.1478758016384638 -0.035975339293692475
-1.1509950293603075 -0.036761530829385852

-1.1509950293603075 -0.036761530829385852
-1.1535956816409485 -0.037430732662123829

-1.1535956816409485 -0.037430732662123829
-1.1541142570821512 -0.037570245616673263

-1.1541142570821512 -0.037570245616673263
-1.1572334848039949 -0.038378478928816663

-1.1572334848039949 -0.038378478928816663
-1.1603527125258386 -0.039205322061099411

-1.1603527125258386 -0.039205322061099411
-1.1634719402476821 -0.040039944641678774

-1.1634719402476821 -0.040039944641678774
-1.1653121275553806 -0.040549960383967479

-1.1653121275553806 -0.040549960383967479
-1.1665911679695258 -0.040909153361037412

-1.1665911679695258 -0.040909153361037412
-1.1697103956913695 -0.041769762154292595

-1.1697103956913695 -0.041769762154292595
-1.1728296234132132 -0.042653344440122837

-1.1728296234132132 -0.042653344440122837
-1.1759488511350569 -0.043546038317662399

-1.1759488511350569 -0.043546038317662399
-1.1763448463757968 -0.043669188105811135

-1.1763448463757968 -0.043669188105811135
-1.1790680788569003 -0.044470218137513194

-1.1790680788569003 -0.044470218137513194
-1.182187306578744 -0.045402695110140334

-1.182187306578744 -0.045402695110140334
-1.1853065343005877 -0.046341852479651169

-1.1853065343005877 -0.046341852479651169
-1.1867164422594565 -0.046788415827654785

-1.1867164422594565 -0.046788415827654785
-1.1884257620224314 -0.047326097197399997

-1.1884257620224314 -0.047326097197399997
-1.1915449897442751 -0.048299076196150183

-1.1915449897442751 -0.048299076196150183
-1.1946642174661186 -0.049286991998809961

-1.1946642174661186 -0.049286991998809961
-1.1965606894986325 -0.049907643549498434

-1.1965606894986325 -0.049907643549498434
-1.1977834451879623 -0.050315236572328385

-1.1977834451879623 -0.050315236572328385
-1.200902672909806 -0.051323485405915199

-1.200902672909806 -0.051323485405915199
-1.2040219006316497 -0.052346616664780493

-1.2040219006316497 -0.052346616664780493
-1.2060443298932957 -0.053026871271342091

-1.2060443298932957 -0.053026871271342091
-1.2071411283534932 -0.053405367033772355

-1.2071411283534932 -0.053405367033772355
-1.2102603560753369 -0.054438832932222882

-1.2102603560753369 -0.054438832932222882
-1.2133795837971806 -0.055483152512751571

-1.2133795837971806 -0.055483152512751571
-1.215312765350365 -0.05614609899318574

-1.215312765350365 -0.05614609899318574
-1.2164988115190243 -0.056561450311802992

-1.2164988115190243 -0.056561450311802992
-1.219618039240868 -0.057609735970157144

-1.219618039240868 -0.057609735970157144
-1.2227372669627115 -0.058664185111371156

-1.2227372669627115 -0.058664185111371156
-1.2244664074319693 -0.05926532671502939

-1.2244664074319693 -0.05926532671502939
-1.2258564946845552 -0.059753257589330033

-1.2258564946845552 -0.059753257589330033
-1.2289757224063989 -0.060808468979461794

-1.2289757224063989 -0.060808468979461794
-1.2320949501282425 -0.061862655493135368

-1.2320949501282425 -0.061862655493135368
-1.2335915719324537 -0.062384554436873046

-1.2335915719324537 -0.062384554436873046
-1.2352141778500862 -0.062948352103793792

-1.2352141778500862 -0.062948352103793792
-1.2383334055719297 -0.063996771224707955

-1.2383334055719297 -0.063996771224707955
-1.2414526332937734 -0.065035598499661632

-1.2414526332937734 -0.065035598499661632
-1.2428188059706768 -0.065503782158716689

-1.2428188059706768 -0.065503782158716689
-1.2445718610156171 -0.06609800516061122

-1.2445718610156171 -0.06609800516061122
-1.2476910887374608 -0.067118772840122687

-1.2476910887374608 -0.067118772840122687
-1.2508103164593045 -0.068122928057370954

-1.2508103164593045 -0.068122928057370954
-1.2523427076784128 -0.068623009880560346

-1.2523427076784128 -0.068623009880560346
-1.253929544181148 -0.069139763403785595

-1.253929544181148 -0.069139763403785595
-1.2570487719029917 -0.070109328895248735

-1.2570487719029917 -0.070109328895248735
-1.2601679996248354 -0.071063701313609035

-1.2601679996248354 -0.071063701313609035
-1.2624213019699939 -0.071742237602403988

-1.2624213019699939 -0.071742237602403988
-1.2632872273466791 -0.072011735830560183

-1.2632872273466791 -0.072011735830560183
-1.2664064550685228 -0.072911577117206278

-1.2664064550685228 -0.072911577117206278
-1.2695256827903663 -0.073797525064598357

-1.2695256827903663 -0.073797525064598357
-1.27264491051221 -0.074646617028678294

-1.27264491051221 -0.074646617028678294
-1.2734224939600771 -0.074861465324247645

-1.2734224939600771 -0.074861465324247645
-1.2757641382340537 -0.075486133942010883

-1.2757641382340537 -0.075486133942010883
-1.2788833659558974 -0.076286087410415801

-1.2788833659558974 -0.076286087410415801
-1.2820025936777411 -0.077059445007836846

-1.2820025936777411 -0.077059445007836846
-1.2851218213995845 -0.077794411400158053

-1.2851218213995845 -0.077794411400158053
-1.2859148169029513 -0.077980693046091301

-1.2859148169029513 -0.077980693046091301
-1.2882410491214282 -0.078511147279461027

-1.2882410491214282 -0.078511147279461027
-1.2913602768432719 -0.079187571809032534

-1.2913602768432719 -0.079187571809032534
-1.2944795045651156 -0.07983328842370388

-1.2944795045651156 -0.07983328842370388
-1.2975987322869591 -0.080443019774923186

-1.2975987322869591 -0.080443019774923186
-1.3007179600088028 -0.081012248800906239

-1.3007179600088028 -0.081012248800906239
-1.3012137513873347 -0.081099920767934958

-1.3012137513873347 -0.081099920767934958
-1.3038371877306465 -0.081549574566247701

-1.3038371877306465 -0.081549574566247701
-1.3069564154524902 -0.082046586763891594

-1.3069564154524902 -0.082046586763891594
-1.3100756431743339 -0.082506778320947299

-1.3100756431743339 -0.082506778320947299
-1.3131948708961774 -0.082927661478954973

-1.3131948708961774 -0.082927661478954973
-1.3163140986180211 -0.083308238640530122

-1.3163140986180211 -0.083308238640530122
-1.3194333263398648 -0.083648507378420736

-1.3194333263398648 -0.083648507378420736
-1.3225525540617085 -0.083949022289633704

-1.3225525540617085 -0.083949022289633704
-1.3256717817835522 -0.084209927164177578

-1.3256717817835522 -0.084209927164177578
-1.3257992535066172 -0.0842191484897786

-1.3257992535066172 -0.0842191484897786
-1.3287910095053956 -0.084431699902335636

-1.3287910095053956 -0.084431699902335636
-1.3319102372272393 -0.084614383204164728

-1.3319102372272393 -0.084614383204164728
-1.335029464949083 -0.084759063416317545

-1.335029464949083 -0.084759063416317545
-1.3381486926709267 -0.084866851971154594

-1.3381486926709267 -0.084866851971154594
-1.3412679203927704 -0.08493938385833387

-1.3412679203927704 -0.08493938385833387
-1.3443871481146139 -0.084978325402433191

-1.3443871481146139 -0.084978325402433191
-1.3475063758364576 -0.084985305290751378

-1.3475063758364576 -0.084985305290751378
-1.3506256035583013 -0.084962296189192835

-1.3506256035583013 -0.084962296189192835
-1.353744831280145 -0.084911779082225844

-1.353744831280145 -0.084911779082225844
-1.3568640590019887 -0.084836402144170084

-1.3568640590019887 -0.084836402144170084
-1.3599832867238322 -0.08473859193065586

-1.3599832867238322 -0.08473859193065586
-1.3631025144456759 -0.084620634036817383

-1.3631025144456759 -0.084620634036817383
-1.3662217421675196 -0.084484666569761821

-1.3662217421675196 -0.084484666569761821
-1.3693409698893633 -0.084334032614062804

-1.3693409698893633 -0.084334032614062804
-1.3715059567097772 -0.0842191484897786

-1.3715059567097772 -0.0842191484897786
-1.372460197611207 -0.084168215743515393

-1.372460197611207 -0.084168215743515393
-1.3755794253330504 -0.083990416705226126

-1.3755794253330504 -0.083990416705226126
-1.3786986530548941 -0.083802730535429332

-1.3786986530548941 -0.083802730535429332
-1.3818178807767378 -0.083604553708813548

-1.3818178807767378 -0.083604553708813548
-1.3849371084985815 -0.083397971275293151

-1.3849371084985815 -0.083397971275293151
-1.388056336220425 -0.0831872337896572

-1.388056336220425 -0.0831872337896572
-1.3911755639422687 -0.082973279992332449

-1.3911755639422687 -0.082973279992332449
-1.3942947916641124 -0.082755398433756969

-1.3942947916641124 -0.082755398433756969
-1.3974140193859561 -0.08253575385686325

-1.3974140193859561 -0.08253575385686325
-1.4005332471077998 -0.082316696837204301

-1.4005332471077998 -0.082316696837204301
-1.4036524748296433 -0.08209834837306261

-1.4036524748296433 -0.08209834837306261
-1.406771702551487 -0.081881491264488279

-1.406771702551487 -0.081881491264488279
-1.4098909302733307 -0.081668086034365317

-1.4098909302733307 -0.081668086034365317
-1.4130101579951744 -0.08145880906612761

-1.4130101579951744 -0.08145880906612761
-1.4161293857170181 -0.081254054436493292

-1.4161293857170181 -0.081254054436493292
-1.4185112697962965 -0.081099920767934958

-1.4185112697962965 -0.081099920767934958
-1.4192486134388616 -0.081051799335946612

-1.4192486134388616 -0.081051799335946612
-1.4223678411607052 -0.080854399176984171

-1.4223678411607052 -0.080854399176984171
-1.4254870688825489 -0.080661223416444855

-1.4254870688825489 -0.080661223416444855
-1.4286062966043926 -0.080471120170429136

-1.4286062966043926 -0.080471120170429136
-1.4317255243262363 -0.080286344057935652

-1.4317255243262363 -0.080286344057935652
-1.4348447520480798 -0.08011005503334559

-1.4348447520480798 -0.08011005503334559
-1.4379639797699235 -0.079942042824620488

-1.4379639797699235 -0.079942042824620488
-1.4410832074917672 -0.07978186791448437

-1.4410832074917672 -0.07978186791448437
-1.4442024352136109 -0.079631899192490155

-1.4442024352136109 -0.079631899192490155
-1.4473216629354546 -0.079495408702888681

-1.4473216629354546 -0.079495408702888681
-1.4504408906572981 -0.079373880476931974

-1.4504408906572981 -0.079373880476931974
-1.4535601183791418 -0.079267675701574711

-1.4535601183791418 -0.079267675701574711
-1.4566793461009855 -0.079178003349954493

-1.4566793461009855 -0.079178003349954493
-1.4597985738228292 -0.079107203493917214

-1.4597985738228292 -0.079107203493917214
-1.4629178015446729 -0.079057085239755451

-1.4629178015446729 -0.079057085239755451
-1.4660370292665164 -0.079027907234069633

-1.4660370292665164 -0.079027907234069633
-1.4691562569883601 -0.079019325442039295

-1.4691562569883601 -0.079019325442039295
-1.4722754847102038 -0.079031483962653568

-1.4722754847102038 -0.079031483962653568
-1.4753947124320475 -0.079064580145543337

-1.4753947124320475 -0.079064580145543337
-1.4785139401538909 -0.079118045512822643

-1.4785139401538909 -0.079118045512822643
-1.4816331678757346 -0.079190859031961477

-1.4816331678757346 -0.079190859031961477
-1.4847523955975783 -0.079282279675555387

-1.4847523955975783 -0.079282279675555387
-1.487871623319422 -0.079391836531881158

-1.487871623319422 -0.079391836531881158
-1.4909908510412657 -0.079519081508877362

-1.4909908510412657 -0.079519081508877362
-1.4941100787631092 -0.079663875184465271

-1.4941100787631092 -0.079663875184465271
-1.4972293064849529 -0.079826512052396922

-1.4972293064849529 -0.079826512052396922
-1.5003485342067966 -0.080007496376426748

-1.5003485342067966 -0.080007496376426748
-1.5034677619286403 -0.080207547379056027

-1.5034677619286403 -0.080207547379056027
-1.506586989650484 -0.080427579608324085

-1.506586989650484 -0.080427579608324085
-1.5097062173723275 -0.080668594864342136

-1.5097062173723275 -0.080668594864342136
-1.5128254450941712 -0.080931125429823447

-1.5128254450941712 -0.080931125429823447
-1.5146603545043598 -0.081099920767934958

-1.5146603545043598 -0.081099920767934958
-1.5159446728160149 -0.081218658522021661

-1.5159446728160149 -0.081218658522021661
-1.5190639005378586 -0.081526569178836161

-1.5190639005378586 -0.081526569178836161
-1.5221831282597023 -0.081859102818286844

-1.5221831282597023 -0.081859102818286844
-1.5253023559815457 -0.082216367653037928

-1.5253023559815457 -0.082216367653037928
-1.5284215837033894 -0.082598902270013194

-1.5284215837033894 -0.082598902270013194
-1.5315408114252331 -0.083006934142864447

-1.5315408114252331 -0.083006934142864447
-1.5346600391470768 -0.083440571883593842

-1.5346600391470768 -0.083440571883593842
-1.5377792668689205 -0.083898532571232615

-1.5377792668689205 -0.083898532571232615
-1.539835334533894 -0.0842191484897786

-1.539835334533894 -0.0842191484897786
-1.540898494590764 -0.084387185488026803

-1.540898494590764 -0.084387185488026803
-1.5440177223126077 -0.084892495393947914

-1.5440177223126077 -0.084892495393947914
-1.5471369500344514 -0.0854241862643636

-1.5471369500344514 -0.0854241862643636
-1.5502561777562951 -0.085979721604697176

-1.5502561777562951 -0.085979721604697176
-1.5533754054781388 -0.086559151297627979

-1.5533754054781388 -0.086559151297627979
-1.5564946331999823 -0.087157709318060522

-1.5564946331999823 -0.087157709318060522
-1.5573723623638867 -0.087338376211622257

-1.5573723623638867 -0.087338376211622257
-1.559613860921826 -0.08779000817677983

-1.559613860921826 -0.08779000817677983
-1.5627330886436697 -0.088436224007333822

-1.5627330886436697 -0.088436224007333822
-1.5658523163655134 -0.089106254434959981

-1.5658523163655134 -0.089106254434959981
-1.5689715440873568 -0.089798469242528434

-1.5689715440873568 -0.089798469242528434
-1.5718468221355708 -0.090457603933465913

-1.5718468221355708 -0.090457603933465913
-1.5720907718092005 -0.090516424319711866

-1.5720907718092005 -0.090516424319711866
-1.5752099995310442 -0.09125071711809303

-1.5752099995310442 -0.09125071711809303
-1.5783292272528879 -0.09200996753811197

-1.5783292272528879 -0.09200996753811197
-1.5814484549747316 -0.092791555425734557

-1.5814484549747316 -0.092791555425734557
-1.5844945930959895 -0.093576831655309556

-1.5844945930959895 -0.093576831655309556
-1.5845676826965751 -0.093596926001315875

-1.5845676826965751 -0.093596926001315875
-1.5876869104184188 -0.094422482276158029

-1.5876869104184188 -0.094422482276158029
-1.5908061381402625 -0.09527159985654067

-1.5908061381402625 -0.09527159985654067
-1.5939253658621062 -0.09613640128665539

-1.5939253658621062 -0.09613640128665539
-1.5958655911433994 -0.096696059377153212

-1.5958655911433994 -0.096696059377153212
-1.5970445935839499 -0.097042530297421811

-1.5970445935839499 -0.097042530297421811
-1.6001638213057934 -0.097943407510645175

-1.6001638213057934 -0.097943407510645175
-1.6032830490276371 -0.09887188564752486

-1.6032830490276371 -0.09887188564752486
-1.606398021302234 -0.099815287098996869

-1.606398021302234 -0.099815287098996869
-1.6064022767494808 -0.09981668208119622

-1.6064022767494808 -0.09981668208119622
-1.6095215044713245 -0.1007761715449159

-1.6095215044713245 -0.1007761715449159
-1.6126407321931682 -0.1017489632696251

-1.6126407321931682 -0.1017489632696251
-1.6157599599150116 -0.10272181109838117

-1.6157599599150116 -0.10272181109838117
-1.6163945088977401 -0.10293451482084051

-1.6163945088977401 -0.10293451482084051
-1.6188791876368553 -0.10372827952767052

-1.6188791876368553 -0.10372827952767052
-1.621998415358699 -0.1047284520139216

-1.621998415358699 -0.1047284520139216
-1.6251176430805427 -0.10572537739443481

-1.6251176430805427 -0.10572537739443481
-1.6260867466773568 -0.10605374254268417

-1.6260867466773568 -0.10605374254268417
-1.6282368708023864 -0.10675988508867609

-1.6282368708023864 -0.10675988508867609
-1.6313560985242299 -0.10777902741807643

-1.6313560985242299 -0.10777902741807643
-1.6344753262460736 -0.10879664695187198

-1.6344753262460736 -0.10879664695187198
-1.6355678350974943 -0.10917297026452782

-1.6355678350974943 -0.10917297026452782
-1.6375945539679173 -0.10985376672326012

-1.6375945539679173 -0.10985376672326012
-1.640713781689761 -0.11089111879418095

-1.640713781689761 -0.11089111879418095
-1.6438330094116045 -0.11192467916792607

-1.6438330094116045 -0.11192467916792607
-1.6448864693526664 -0.11229219798637147

-1.6448864693526664 -0.11229219798637147
-1.6469522371334482 -0.11299312053378498

-1.6469522371334482 -0.11299312053378498
-1.6500714648552919 -0.11403605691610365

-1.6500714648552919 -0.11403605691610365
-1.6531906925771356 -0.11506793245690564

-1.6531906925771356 -0.11506793245690564
-1.6541833378272035 -0.11541142570821512

-1.6541833378272035 -0.11541142570821512
-1.6563099202989793 -0.11612467125842009

-1.6563099202989793 -0.11612467125842009
-1.6594291480208228 -0.11714798998067615

-1.6594291480208228 -0.11714798998067615
-1.6625483757426665 -0.1181507122976849

-1.6625483757426665 -0.1181507122976849
-1.663697847031296 -0.11853065343005878

-1.663697847031296 -0.11853065343005878
-1.6656676034645101 -0.11916746687406798

-1.6656676034645101 -0.11916746687406798
-1.6687868311863538 -0.12014197269545315

-1.6687868311863538 -0.12014197269545315
-1.6719060589081975 -0.12109468173588822

-1.6719060589081975 -0.12109468173588822
-1.6737328740490862 -0.12164988115190242

-1.6737328740490862 -0.12164988115190242
-1.675025286630041 -0.12204744821347301

-1.675025286630041 -0.12204744821347301
-1.6781445143518847 -0.12294988787648826

-1.6781445143518847 -0.12294988787648826
-1.6812637420737284 -0.12383708196983378

-1.6812637420737284 -0.12383708196983378
-1.6843829697955721 -0.12468960854704224

-1.6843829697955721 -0.12468960854704224
-1.684666148022036 -0.12476910887374608

-1.684666148022036 -0.12476910887374608
-1.6875021975174158 -0.12552120985461565

-1.6875021975174158 -0.12552120985461565
-1.6906214252392593 -0.12631879637388338

-1.6906214252392593 -0.12631879637388338
-1.693740652961103 -0.12708314912799176

-1.693740652961103 -0.12708314912799176
-1.6968598806829467 -0.127804901844075

-1.6968598806829467 -0.127804901844075
-1.6972224903001412 -0.12788833659558974

-1.6972224903001412 -0.12788833659558974
-1.6999791084047904 -0.12849486874979973

-1.6999791084047904 -0.12849486874979973
-1.7030983361266341 -0.12914241392683967

-1.7030983361266341 -0.12914241392683967
-1.7062175638484776 -0.12974887841655677

-1.7062175638484776 -0.12974887841655677
-1.7093367915703213 -0.1303082215780749

-1.7093367915703213 -0.1303082215780749
-1.712456019292165 -0.13081368815218081

-1.712456019292165 -0.13081368815218081
-1.7137664362346181 -0.13100756431743338

-1.7137664362346181 -0.13100756431743338
-1.7155752470140087 -0.13127304049064537

-1.7155752470140087 -0.13127304049064537
-1.7186944747358524 -0.13167531666001042

-1.7186944747358524 -0.13167531666001042
-1.7218137024576958 -0.13202634120759651

-1.7218137024576958 -0.13202634120759651
-1.7249329301795395 -0.13231961654438978

-1.7249329301795395 -0.13231961654438978
-1.7280521579013832 -0.13255221200783757

-1.7280521579013832 -0.13255221200783757
-1.7311713856232269 -0.13272339338424874

-1.7311713856232269 -0.13272339338424874
-1.7342906133450704 -0.13283213955746878

-1.7342906133450704 -0.13283213955746878
-1.7374098410669141 -0.13287666366944773

-1.7374098410669141 -0.13287666366944773
-1.7405290687887578 -0.1328556195324678

-1.7405290687887578 -0.1328556195324678
-1.7436482965106015 -0.13276840144644578

-1.7436482965106015 -0.13276840144644578
-1.7467675242324452 -0.13261528240686865

-1.7467675242324452 -0.13261528240686865
-1.7498867519542887 -0.13239653214733721

-1.7498867519542887 -0.13239653214733721
-1.7530059796761324 -0.13211251472104937

-1.7530059796761324 -0.13211251472104937
-1.7561252073979761 -0.1317640095762099

-1.7561252073979761 -0.1317640095762099
-1.7592444351198198 -0.13135211616404677

-1.7592444351198198 -0.13135211616404677
-1.7615039486511272 -0.13100756431743338

-1.7615039486511272 -0.13100756431743338
-1.7623636628416635 -0.13087385859459424

-1.7623636628416635 -0.13087385859459424
-1.7654828905635069 -0.13034191044373752

-1.7654828905635069 -0.13034191044373752
-1.7686021182853506 -0.12974659572853661

-1.7686021182853506 -0.12974659572853661
-1.7717213460071943 -0.12909282374015907

-1.7717213460071943 -0.12909282374015907
-1.774840573729038 -0.12838661895858519

-1.774840573729038 -0.12838661895858519
-1.7768662893438338 -0.12788833659558974

-1.7768662893438338 -0.12788833659558974
-1.7779598014508817 -0.1276137581427664

-1.7779598014508817 -0.1276137581427664
-1.7810790291727252 -0.12681116180047464

-1.7810790291727252 -0.12681116180047464
-1.7841982568945689 -0.12595472223324769

-1.7841982568945689 -0.12595472223324769
-1.7873174846164126 -0.12506534038000186

-1.7873174846164126 -0.12506534038000186
-1.7882675036526574 -0.12476910887374608

-1.7882675036526574 -0.12476910887374608
-1.7904367123382563 -0.12411175765376609

-1.7904367123382563 -0.12411175765376609
-1.7935559400601 -0.12314335585899398

-1.7935559400601 -0.12314335585899398
-1.7966751677819435 -0.12214936463909623

-1.7966751677819435 -0.12214936463909623
-1.7981501619368379 -0.12164988115190242

-1.7981501619368379 -0.12164988115190242
-1.7997943955037872 -0.12109507400949322

-1.7997943955037872 -0.12109507400949322
-1.8029136232256309 -0.12005103566137205

-1.8029136232256309 -0.12005103566137205
-1.8060328509474746 -0.11899092713284337

-1.8060328509474746 -0.11899092713284337
-1.8073098748799059 -0.11853065343005878

-1.8073098748799059 -0.11853065343005878
-1.8091520786693183 -0.11787699518949454

-1.8091520786693183 -0.11787699518949454
-1.8122713063911617 -0.11678548425350385

-1.8122713063911617 -0.11678548425350385
-1.8153905341130054 -0.11569074436640894

-1.8153905341130054 -0.11569074436640894
-1.8161320648635721 -0.11541142570821512

-1.8161320648635721 -0.11541142570821512
-1.8185097618348491 -0.11455786064323496

-1.8185097618348491 -0.11455786064323496
-1.8216289895566928 -0.11344551846436469

-1.8216289895566928 -0.11344551846436469
-1.8247482172785363 -0.11232944917128339

-1.8247482172785363 -0.11232944917128339
-1.8248432882892662 -0.11229219798637147

-1.8248432882892662 -0.11229219798637147
-1.82786744500038 -0.11120713520925077

-1.82786744500038 -0.11120713520925077
-1.8309866727222237 -0.11009603940945432

-1.8309866727222237 -0.11009603940945432
-1.8335800958526534 -0.10917297026452782

-1.8335800958526534 -0.10917297026452782
-1.8341059004440674 -0.10897411990010585

-1.8341059004440674 -0.10897411990010585
-1.8372251281659111 -0.10788680475189273

-1.8372251281659111 -0.10788680475189273
-1.8403443558877546 -0.10680676457261225

-1.8403443558877546 -0.10680676457261225
-1.8425121647820455 -0.10605374254268417

-1.8425121647820455 -0.10605374254268417
-1.8434635836095983 -0.10571179895021422

-1.8434635836095983 -0.10571179895021422
-1.846582811331442 -0.10466613358003407

-1.846582811331442 -0.10466613358003407
-1.8497020390532857 -0.10363457936001745

-1.8497020390532857 -0.10363457936001745
-1.8518331157469508 -0.10293451482084051

-1.8518331157469508 -0.10293451482084051
-1.8528212667751294 -0.10260009420811662

-1.8528212667751294 -0.10260009420811662
-1.8559404944969728 -0.10161965178228988

-1.8559404944969728 -0.10161965178228988
-1.8590597222188165 -0.10065500102208659

-1.8590597222188165 -0.10065500102208659
-1.8618461924598244 -0.099815287098996869

-1.8618461924598244 -0.099815287098996869
-1.8621789499406602 -0.099708805111924301

-1.8621789499406602 -0.099708805111924301
-1.8652981776625039 -0.098803547485187215

-1.8652981776625039 -0.098803547485187215
-1.8684174053843476 -0.097922333584148244

-1.8684174053843476 -0.097922333584148244
-1.8715366331061911 -0.097080321031453087

-1.8715366331061911 -0.097080321031453087
-1.8729722591933415 -0.096696059377153212

-1.8729722591933415 -0.096696059377153212
-1.8746558608280348 -0.096248361595922316

-1.8746558608280348 -0.096248361595922316
-1.8777750885498785 -0.095465101895407981

-1.8777750885498785 -0.095465101895407981
-1.8808943162717222 -0.094707598528508991

-1.8808943162717222 -0.094707598528508991
-1.8840135439935659 -0.093990021134192511

-1.8840135439935659 -0.093990021134192511
-1.885867392679007 -0.093576831655309556

-1.885867392679007 -0.093576831655309556
-1.8871327717154094 -0.093292160231565585

-1.8871327717154094 -0.093292160231565585
-1.8902519994372531 -0.092639337997639487

-1.8902519994372531 -0.092639337997639487
-1.8933712271590968 -0.092013089337135048

-1.8933712271590968 -0.092013089337135048
-1.8964904548809405 -0.091420253649226901

-1.8964904548809405 -0.091420253649226901
-1.8996096826027842 -0.090863314972854589

-1.8996096826027842 -0.090863314972854589
-1.9020038016869014 -0.090457603933465913

-1.9020038016869014 -0.090457603933465913
-1.9027289103246277 -0.090332004079653389

-1.9027289103246277 -0.090332004079653389
-1.9058481380464714 -0.089836391577692062

-1.9058481380464714 -0.089836391577692062
-1.908967365768315 -0.089369061977226813

-1.908967365768315 -0.089369061977226813
-1.9120865934901587 -0.088932488179090427

-1.9120865934901587 -0.088932488179090427
-1.9152058212120022 -0.08852651329602948

-1.9152058212120022 -0.08852651329602948
-1.9183250489338459 -0.088149591521393372

-1.9183250489338459 -0.088149591521393372
-1.9214442766556896 -0.087801139373061526

-1.9214442766556896 -0.087801139373061526
-1.9245635043775333 -0.087483956925537967

-1.9245635043775333 -0.087483956925537967
-1.9261398631399282 -0.087338376211622257

-1.9261398631399282 -0.087338376211622257
-1.927682732099377 -0.087196038091828618

-1.927682732099377 -0.087196038091828618
-1.9308019598212205 -0.086943231055787634

-1.9308019598212205 -0.086943231055787634
-1.9339211875430642 -0.08672275601695939

-1.9339211875430642 -0.08672275601695939
-1.9370404152649079 -0.086536176721392064

-1.9370404152649079 -0.086536176721392064
-1.9401596429867516 -0.086385666249180412

-1.9401596429867516 -0.086385666249180412
-1.9432788707085953 -0.086274177488837589

-1.9432788707085953 -0.086274177488837589
-1.9463980984304388 -0.086204049347629874

-1.9463980984304388 -0.086204049347629874
-1.9495173261522825 -0.086176378189750352

-1.9495173261522825 -0.086176378189750352
-1.9526365538741262 -0.086190310716578455

-1.9526365538741262 -0.086190310716578455
-1.9557557815959699 -0.086243600174381665

-1.9557557815959699 -0.086243600174381665
-1.9588750093178136 -0.0863342604705086

-1.9588750093178136 -0.0863342604705086
-1.961994237039657 -0.086461710396196448

-1.961994237039657 -0.086461710396196448
-1.9651134647615007 -0.086625845677942209

-1.9651134647615007 -0.086625845677942209
-1.9682326924833444 -0.086825159614150521

-1.9682326924833444 -0.086825159614150521
-1.9713519202051881 -0.087056494225949466

-1.9713519202051881 -0.087056494225949466
-1.9744711479270318 -0.08731616231401805

-1.9744711479270318 -0.08731616231401805
-1.9747080501452805 -0.087338376211622257

-1.9747080501452805 -0.087338376211622257
-1.9775903756488753 -0.087603660869639624

-1.9775903756488753 -0.087603660869639624
-1.980709603370719 -0.08791818514420574

-1.980709603370719 -0.08791818514420574
-1.9838288310925627 -0.088262409271793102

-1.9838288310925627 -0.088262409271793102
-1.9869480588144064 -0.088638036693912139

-1.9869480588144064 -0.088638036693912139
-1.9900672865362501 -0.089045656183809718

-1.9900672865362501 -0.089045656183809718
-1.9931865142580936 -0.089486188192752503

-1.9931865142580936 -0.089486188192752503
-1.9963057419799373 -0.089961670577011349

-1.9963057419799373 -0.089961670577011349
-1.9993215656625307 -0.090457603933465913

-1.9993215656625307 -0.090457603933465913
-1.999424969701781 -0.090475315399534836

-1.999424969701781 -0.090475315399534836
-2.0025441974236249 -0.091026793332133815

-2.0025441974236249 -0.091026793332133815
-2.0056634251454684 -0.091618429819239164

-2.0056634251454684 -0.091618429819239164
-2.0087826528673123 -0.092248908823684264

-2.0087826528673123 -0.092248908823684264
-2.0119018805891558 -0.092917599668912831

-2.0119018805891558 -0.092917599668912831
-2.0148098656590183 -0.093576831655309556

-2.0148098656590183 -0.093576831655309556
-2.0150211083109992 -0.09362726867953361

-2.0150211083109992 -0.09362726867953361
-2.0181403360328432 -0.094369980211383944

-2.0181403360328432 -0.094369980211383944
-2.0212595637546866 -0.095152405537536525

-2.0212595637546866 -0.095152405537536525
-2.0243787914765305 -0.095969105230296087

-2.0243787914765305 -0.095969105230296087
-2.0270381749547948 -0.096696059377153212

-2.0270381749547948 -0.096696059377153212
-2.027498019198374 -0.096828312145463086

-2.027498019198374 -0.096828312145463086
-2.0306172469202175 -0.09770514313823267

-2.0306172469202175 -0.09770514313823267
-2.0337364746420614 -0.098619386998288858

-2.0337364746420614 -0.098619386998288858
-2.0368557023639049 -0.099553907637572298

-2.0368557023639049 -0.099553907637572298
-2.0376556190065522 -0.099815287098996869

-2.0376556190065522 -0.099815287098996869
-2.0399749300857488 -0.10054503790316731

-2.0399749300857488 -0.10054503790316731
-2.0430941578075923 -0.10154843795275971

-2.0430941578075923 -0.10154843795275971
-2.0462133855294358 -0.10257315205785822

-2.0462133855294358 -0.10257315205785822
-2.0472262236579297 -0.10293451482084051

-2.0472262236579297 -0.10293451482084051
-2.0493326132512797 -0.10366422658140316

-2.0493326132512797 -0.10366422658140316
-2.0524518409731232 -0.10476182208682934

-2.0524518409731232 -0.10476182208682934
-2.0555710686949671 -0.10588755138093565

-2.0555710686949671 -0.10588755138093565
-2.0559832455884344 -0.10605374254268417

-2.0559832455884344 -0.10605374254268417
-2.0586902964168106 -0.10707128891342491

-2.0586902964168106 -0.10707128891342491
-2.061809524138654 -0.10826779225352992

-2.061809524138654 -0.10826779225352992
-2.0640774330455356 -0.10917297026452782

-2.0640774330455356 -0.10917297026452782
-2.064928751860498 -0.10952936298253001

-2.064928751860498 -0.10952936298253001
-2.0680479795823414 -0.11077967663995171

-2.0680479795823414 -0.11077967663995171
-2.0711672073041854 -0.11206370544250314

-2.0711672073041854 -0.11206370544250314
-2.071663032346748 -0.11229219798637147

-2.071663032346748 -0.11229219798637147
-2.0742864350260288 -0.11341445113586211

-2.0742864350260288 -0.11341445113586211
-2.0774056627478723 -0.11474933864210116

-2.0774056627478723 -0.11474933864210116
-2.0788544506109297 -0.11541142570821512

-2.0788544506109297 -0.11541142570821512
-2.0805248904697162 -0.11616942209035024

-2.0805248904697162 -0.11616942209035024
-2.0836441181915597 -0.11754460700949847

-2.0836441181915597 -0.11754460700949847
-2.0857845666492234 -0.11853065343005878

-2.0857845666492234 -0.11853065343005878
-2.0867633459134036 -0.11900205938588206

-2.0867633459134036 -0.11900205938588206
-2.0898825736352471 -0.12041285555819616

-2.0898825736352471 -0.12041285555819616
-2.0925350628458235 -0.12164988115190242

-2.0925350628458235 -0.12164988115190242
-2.0930018013570906 -0.12188694692788547

-2.0930018013570906 -0.12188694692788547
-2.0961210290789345 -0.12332615662533722

-2.0961210290789345 -0.12332615662533722
-2.0991968174684903 -0.12476910887374608

-2.0991968174684903 -0.12476910887374608
-2.099240256800778 -0.12479210480186782

-2.099240256800778 -0.12479210480186782
-2.1023594845226219 -0.12625257095857795

-2.1023594845226219 -0.12625257095857795
-2.1054787122444654 -0.12769581710015776

-2.1054787122444654 -0.12769581710015776
-2.1058554858025493 -0.12788833659558974

-2.1058554858025493 -0.12788833659558974
-2.1085979399663088 -0.12916538178129428

-2.1085979399663088 -0.12916538178129428
-2.1117171676881528 -0.13057245997521197

-2.1117171676881528 -0.13057245997521197
-2.1126268297085082 -0.13100756431743338

-2.1126268297085082 -0.13100756431743338
-2.1148363954099962 -0.13201322419325837

-2.1148363954099962 -0.13201322419325837
-2.1179556231318402 -0.13336390171894663

-2.1179556231318402 -0.13336390171894663
-2.1197054011022103 -0.13412679203927705

-2.1197054011022103 -0.13412679203927705
-2.1210748508536836 -0.13473069757652961

-2.1210748508536836 -0.13473069757652961
-2.1241940785755271 -0.13599610224471845

-2.1241940785755271 -0.13599610224471845
-2.127313306297371 -0.13721998159966833

-2.127313306297371 -0.13721998159966833
-2.1273770049079896 -0.13724601976112069

-2.1273770049079896 -0.13724601976112069
-2.1304325340192145 -0.1383805974194294

-2.1304325340192145 -0.1383805974194294
-2.133551761741058 -0.13946767196181573

-2.133551761741058 -0.13946767196181573
-2.1363465037501048 -0.14036524748296433

-2.1363465037501048 -0.14036524748296433
-2.1366709894629019 -0.14047606126801904

-2.1366709894629019 -0.14047606126801904
-2.1397902171847454 -0.14137790697129518

-2.1397902171847454 -0.14137790697129518
-2.1429094449065893 -0.14219580737273171

-2.1429094449065893 -0.14219580737273171
-2.1460286726284328 -0.14290727713552251

-2.1460286726284328 -0.14290727713552251
-2.1490716272111232 -0.143484475204808

-2.1490716272111232 -0.143484475204808
-2.1491479003502763 -0.14349954650598259

-2.1491479003502763 -0.14349954650598259
-2.1522671280721202 -0.14396551342380579

-2.1522671280721202 -0.14396551342380579
-2.1553863557939636 -0.14430920356405164

-2.1553863557939636 -0.14430920356405164
-2.1585055835158076 -0.14452621834294929

-2.1585055835158076 -0.14452621834294929
-2.161624811237651 -0.14460763201374777

-2.161624811237651 -0.14460763201374777
-2.1647440389594945 -0.14454647048908129

-2.1647440389594945 -0.14454647048908129
-2.1678632666813384 -0.14433904964400382

-2.1678632666813384 -0.14433904964400382
-2.1709824944031819 -0.14398458184672244

-2.1709824944031819 -0.14398458184672244
-2.1740963034969898 -0.143484475204808

-2.1740963034969898 -0.143484475204808
-2.1741017221250258 -0.14348356298562998

-2.1741017221250258 -0.14348356298562998
-2.1772209498468693 -0.14283744513722577

-2.1772209498468693 -0.14283744513722577
-2.1803401775687128 -0.14204306855674673

-2.1803401775687128 -0.14204306855674673
-2.1834594052905567 -0.14109895219350241

-2.1834594052905567 -0.14109895219350241
-2.1855188907765286 -0.14036524748296433

-2.1855188907765286 -0.14036524748296433
-2.1865786330124002 -0.13997426473541308

-2.1865786330124002 -0.13997426473541308
-2.1896978607342441 -0.13874210595427053

-2.1896978607342441 -0.13874210595427053
-2.1928170884560876 -0.13735900640175136

-2.1928170884560876 -0.13735900640175136
-2.1930233086850821 -0.13724601976112069

-2.1930233086850821 -0.13724601976112069
-2.1959363161779311 -0.13581176028009639

-2.1959363161779311 -0.13581176028009639
-2.199055543899775 -0.13414629057765012

-2.199055543899775 -0.13414629057765012
-2.1990853980522354 -0.13412679203927705

-2.1990853980522354 -0.13412679203927705
-2.2021747716216185 -0.13236104310753025

-2.2021747716216185 -0.13236104310753025
-2.2043548695614952 -0.13100756431743338

-2.2043548695614952 -0.13100756431743338
-2.2052939993434624 -0.13038366390887615

-2.2052939993434624 -0.13038366390887615
-2.2084132270653059 -0.12847390154036295

-2.2084132270653059 -0.12847390154036295
-2.2092150138487012 -0.12788833659558974

-2.2092150138487012 -0.12788833659558974
-2.2115324547871493 -0.12630896180036388

-2.2115324547871493 -0.12630896180036388
-2.2136931960251545 -0.12476910887374608

-2.2136931960251545 -0.12476910887374608
-2.2146516825089932 -0.12404083621300892

-2.2146516825089932 -0.12404083621300892
-2.2177709102308367 -0.12185960918467659

-2.2177709102308367 -0.12185960918467659
-2.2180289788359797 -0.12164988115190242

-2.2180289788359797 -0.12164988115190242
-2.2208901379526806 -0.11954231012354341

-2.2208901379526806 -0.11954231012354341
-2.2221409667838725 -0.11853065343005878

-2.2221409667838725 -0.11853065343005878
-2.2240093656745241 -0.11705217438044523

-2.2240093656745241 -0.11705217438044523
-2.2260726607783439 -0.11541142570821512

-2.2260726607783439 -0.11541142570821512
-2.2271285933963676 -0.1145354251378518

-2.2271285933963676 -0.1145354251378518
-2.2300237771612648 -0.11229219798637147

-2.2300237771612648 -0.11229219798637147
-2.2302478211182115 -0.11210094767859453

-2.2302478211182115 -0.11210094767859453
-2.233367048840055 -0.1097071173789478

-2.233367048840055 -0.1097071173789478
-2.2339942904919328 -0.10917297026452782

-2.2339942904919328 -0.10917297026452782
-2.2364862765618989 -0.10719071251305197

-2.2364862765618989 -0.10719071251305197
-2.2378507345237648 -0.10605374254268417

-2.2378507345237648 -0.10605374254268417
-2.2396055042837424 -0.10461541531382967

-2.2396055042837424 -0.10461541531382967
-2.2417017199454263 -0.10293451482084051

-2.2417017199454263 -0.10293451482084051
-2.2427247320055859 -0.10208119324653062

-2.2427247320055859 -0.10208119324653062
-2.2456874808730567 -0.099815287098996869

-2.2456874808730567 -0.099815287098996869
-2.2458439597274298 -0.099683270374135671

-2.2458439597274298 -0.099683270374135671
-2.2489631874492733 -0.097352880216990678

-2.2489631874492733 -0.097352880216990678
-2.2497635870359933 -0.096696059377153212

-2.2497635870359933 -0.096696059377153212
-2.2520824151711172 -0.09491628129711531

-2.2520824151711172 -0.09491628129711531
-2.2537976264413131 -0.093576831655309556

-2.2537976264413131 -0.093576831655309556
-2.2552016428929607 -0.092468351632240209

-2.2552016428929607 -0.092468351632240209
-2.2579488378927368 -0.090457603933465913

-2.2579488378927368 -0.090457603933465913
-2.2583208706148041 -0.090157759192801348

-2.2583208706148041 -0.090157759192801348
-2.2614400983366481 -0.087972497682958548

-2.2614400983366481 -0.087972497682958548
-2.262251646000891 -0.087338376211622257

-2.262251646000891 -0.087338376211622257
-2.2645593260584915 -0.085661586916984389

-2.2645593260584915 -0.085661586916984389
-2.2665367495769893 -0.0842191484897786

-2.2665367495769893 -0.0842191484897786
-2.2676785537803354 -0.0833526228125748

-2.2676785537803354 -0.0833526228125748
-2.2707977815021789 -0.081236990444486901

-2.2707977815021789 -0.081236990444486901
-2.2709753672037665 -0.081099920767934958

-2.2709753672037665 -0.081099920767934958
-2.2739170092240224 -0.079098122584123423

-2.2739170092240224 -0.079098122584123423
-2.2754841338028799 -0.077980693046091301

-2.2754841338028799 -0.077980693046091301
-2.2770362369458663 -0.076875141418675311

-2.2770362369458663 -0.076875141418675311
-2.2801054300191335 -0.074861465324247645

-2.2801054300191335 -0.074861465324247645
-2.2801554646677098 -0.074823995198138885

-2.2801554646677098 -0.074823995198138885
-2.2832746923895537 -0.072819511989388408

-2.2832746923895537 -0.072819511989388408
-2.2848840589195243 -0.071742237602403988

-2.2848840589195243 -0.071742237602403988
-2.2863939201113972 -0.070728123185374664

-2.2863939201113972 -0.070728123185374664
-2.2895131478332407 -0.068837626224462878

-2.2895131478332407 -0.068837626224462878
-2.2898243824391828 -0.068623009880560346

-2.2898243824391828 -0.068623009880560346
-2.2926323755550846 -0.066912960020131987

-2.2926323755550846 -0.066912960020131987
-2.2949766207465956 -0.065503782158716689

-2.2949766207465956 -0.065503782158716689
-2.2957516032769281 -0.065001360986426407

-2.2957516032769281 -0.065001360986426407
-2.298870830998772 -0.063267089684815037

-2.298870830998772 -0.063267089684815037
-2.3003733928365491 -0.062384554436873046

-2.3003733928365491 -0.062384554436873046
-2.3019900587206155 -0.061441908363688326

-2.3019900587206155 -0.061441908363688326
-2.3051092864424589 -0.0597927702741426

-2.3051092864424589 -0.0597927702741426
-2.3060273532576527 -0.05926532671502939

-2.3060273532576527 -0.05926532671502939
-2.3082285141643029 -0.058073524851946418

-2.3082285141643029 -0.058073524851946418
-2.3113477418861463 -0.056489587846783818

-2.3113477418861463 -0.056489587846783818
-2.3119683451173878 -0.05614609899318574

-2.3119683451173878 -0.05614609899318574
-2.3144669696079898 -0.054871771643583464

-2.3144669696079898 -0.054871771643583464
-2.3175861973298337 -0.053364464237327776

-2.3175861973298337 -0.053364464237327776
-2.3182354284996527 -0.053026871271342091

-2.3182354284996527 -0.053026871271342091
-2.3207054250516772 -0.05183501117957983

-2.3207054250516772 -0.05183501117957983
-2.3238246527735211 -0.05041015316466705

-2.3238246527735211 -0.05041015316466705
-2.3248756020106813 -0.049907643549498434

-2.3248756020106813 -0.049907643549498434
-2.3269438804953646 -0.048957371497727165

-2.3269438804953646 -0.048957371497727165
-2.3300631082172081 -0.047608335227373427

-2.3300631082172081 -0.047608335227373427
-2.3319422149014688 -0.046788415827654785

-2.3319422149014688 -0.046788415827654785
-2.333182335939052 -0.046235776335330443

-2.333182335939052 -0.046235776335330443
-2.3363015636608955 -0.044956103421129281

-2.3363015636608955 -0.044956103421129281
-2.3394207913827394 -0.043696518272601077

-2.3394207913827394 -0.043696518272601077
-2.33948379364905 -0.043669188105811135

-2.33948379364905 -0.043669188105811135
-2.3425400191045829 -0.042470147272119889

-2.3425400191045829 -0.042470147272119889
-2.3456592468264263 -0.041294513777753811

-2.3456592468264263 -0.041294513777753811
-2.3476617420527215 -0.040549960383967479

-2.3476617420527215 -0.040549960383967479
-2.3487784745482703 -0.040124149577496743

-2.3487784745482703 -0.040124149577496743
-2.3518977022701137 -0.039033189872872756

-2.3518977022701137 -0.039033189872872756
-2.3550169299919577 -0.037981870713596197

-2.3550169299919577 -0.037981870713596197
-2.3566823814576141 -0.037430732662123829

-2.3566823814576141 -0.037430732662123829
-2.3581361577138011 -0.036947856891017053

-2.3581361577138011 -0.036947856891017053
-2.3612553854356446 -0.035991859421097817

-2.3612553854356446 -0.035991859421097817
-2.3643746131574885 -0.035074429776482084

-2.3643746131574885 -0.035074429776482084
-2.367105224827406 -0.034311504940280173

-2.367105224827406 -0.034311504940280173
-2.367493840879332 -0.034197138861767465

-2.367493840879332 -0.034197138861767465
-2.3706130686011759 -0.033380717218525501

-2.3706130686011759 -0.033380717218525501
-2.3737322963230194 -0.032607835767696582

-2.3737322963230194 -0.032607835767696582
-2.3768515240448629 -0.031881642032237124

-2.3768515240448629 -0.031881642032237124
-2.3799707517667068 -0.031198406375031129

-2.3799707517667068 -0.031198406375031129
-2.3799989306043465 -0.03119227721843652

-2.3799989306043465 -0.03119227721843652
-2.3830899794885503 -0.030555063017297865

-2.3830899794885503 -0.030555063017297865
-2.3862092072103942 -0.029951422385149688

-2.3862092072103942 -0.029951422385149688
-2.3893284349322377 -0.02938399667519272

-2.3893284349322377 -0.02938399667519272
-2.3924476626540812 -0.028851334515016491

-2.3924476626540812 -0.028851334515016491
-2.3955668903759251 -0.0283572751358366

-2.3955668903759251 -0.0283572751358366
-2.3974803286226365 -0.028073049496592867

-2.3974803286226365 -0.028073049496592867
-2.3986861180977685 -0.027892655249676445

-2.3986861180977685 -0.027892655249676445
-2.4018053458196125 -0.027468339232016605

-2.4018053458196125 -0.027468339232016605
-2.4049245735414559 -0.027079598097406728

-2.4049245735414559 -0.027079598097406728
-2.4080438012632994 -0.02673167269200933

-2.4080438012632994 -0.02673167269200933
-2.4111630289851433 -0.026425984758785635

-2.4111630289851433 -0.026425984758785635
-2.4142822567069868 -0.026164991660188763

-2.4142822567069868 -0.026164991660188763
-2.4174014844288307 -0.025950187991632838

-2.4174014844288307 -0.025950187991632838
-2.4205207121506742 -0.025782895215036582

-2.4205207121506742 -0.025782895215036582
-2.4236399398725177 -0.025664379572210811

-2.4236399398725177 -0.025664379572210811
-2.4267591675943616 -0.025594836831938843

-2.4267591675943616 -0.025594836831938843
-2.4298783953162051 -0.025573405181857065

-2.4298783953162051 -0.025573405181857065
-2.432997623038049 -0.025598824815841102

-2.432997623038049 -0.025598824815841102
-2.4361168507598925 -0.025669888104464227

-2.4361168507598925 -0.025669888104464227
-2.439236078481736 -0.025785280293495434

-2.439236078481736 -0.025785280293495434
-2.4423553062035799 -0.025943195625157556

-2.4423553062035799 -0.025943195625157556
-2.4454745339254234 -0.026141550006984995

-2.4454745339254234 -0.026141550006984995
-2.4485937616472673 -0.026378859139698087

-2.4485937616472673 -0.026378859139698087
-2.4517129893691108 -0.026654635716157338

-2.4517129893691108 -0.026654635716157338
-2.4548322170909542 -0.026968876539160729

-2.4548322170909542 -0.026968876539160729
-2.4579514448127981 -0.027321496054910365

-2.4579514448127981 -0.027321496054910365
-2.4610706725346416 -0.02771243179236544

-2.4610706725346416 -0.02771243179236544
-2.4636758517370705 -0.028073049496592867

-2.4636758517370705 -0.028073049496592867
-2.4641899002564855 -0.02814602122701761

-2.4641899002564855 -0.02814602122701761
-2.467309127978329 -0.028616477976441457

-2.467309127978329 -0.028616477976441457
-2.4704283557001725 -0.029130661841590532

-2.4704283557001725 -0.029130661841590532
-2.4735475834220164 -0.029689870308367367

-2.4735475834220164 -0.029689870308367367
-2.4766668111438599 -0.030296431997614861

-2.4766668111438599 -0.030296431997614861
-2.4797860388657038 -0.030946701388829996

-2.4797860388657038 -0.030946701388829996
-2.4808442593065321 -0.03119227721843652

-2.4808442593065321 -0.03119227721843652
-2.4829052665875473 -0.03166280708045173

-2.4829052665875473 -0.03166280708045173
-2.4860244943093908 -0.032419332190764781

-2.4860244943093908 -0.032419332190764781
-2.4891437220312347 -0.033231530913656084

-2.4891437220312347 -0.033231530913656084
-2.4922629497530782 -0.034087450040141458

-2.4922629497530782 -0.034087450040141458
-2.4929920059558497 -0.034311504940280173

-2.4929920059558497 -0.034311504940280173
-2.4953821774749216 -0.035018749839126714

-2.4953821774749216 -0.035018749839126714
-2.4985014051967656 -0.035988937496732383

-2.4985014051967656 -0.035988937496732383
-2.501620632918609 -0.037000179045770992

-2.501620632918609 -0.037000179045770992
-2.50283248270985 -0.037430732662123829

-2.50283248270985 -0.037430732662123829
-2.504739860640453 -0.038096600882801465

-2.504739860640453 -0.038096600882801465
-2.5078590883622964 -0.039211265025314634

-2.5078590883622964 -0.039211265025314634
-2.5109783160841399 -0.040367404958868841

-2.5109783160841399 -0.040367404958868841
-2.5114150084526532 -0.040549960383967479

-2.5114150084526532 -0.040549960383967479
-2.5140975438059838 -0.041594756096548148

-2.5140975438059838 -0.041594756096548148
-2.5172167715278273 -0.042838167553914876

-2.5172167715278273 -0.042838167553914876
-2.5191896201268462 -0.043669188105811135

-2.5191896201268462 -0.043669188105811135
-2.5203359992496712 -0.044166761007008025

-2.5203359992496712 -0.044166761007008025
-2.5234552269715147 -0.045480824599587272

-2.5234552269715147 -0.045480824599587272
-2.526430839315537 -0.046788415827654785

-2.526430839315537 -0.046788415827654785
-2.5265744546933582 -0.046858620729493705

-2.5265744546933582 -0.046858620729493705
-2.5296936824152021 -0.048259857353334358

-2.5296936824152021 -0.048259857353334358
-2.5328129101370456 -0.049688916967459293

-2.5328129101370456 -0.049688916967459293
-2.5332310499002331 -0.049907643549498434

-2.5332310499002331 -0.049907643549498434
-2.5359321378588895 -0.051199466566427654

-2.5359321378588895 -0.051199466566427654
-2.539051365580733 -0.052702353128220719

-2.539051365580733 -0.052702353128220719
-2.5396420788839458 -0.053026871271342091

-2.5396420788839458 -0.053026871271342091
-2.5421705933025764 -0.054309185956704739

-2.5421705933025764 -0.054309185956704739
-2.5452898210244204 -0.055900111329259108

-2.5452898210244204 -0.055900111329259108
-2.5457043688409402 -0.05614609899318574

-2.5457043688409402 -0.05614609899318574
-2.5484090487462638 -0.057596608775267781

-2.5484090487462638 -0.057596608775267781
-2.5514439972720599 -0.05926532671502939

-2.5514439972720599 -0.05926532671502939
-2.5515282764681078 -0.059318599805694268

-2.5515282764681078 -0.059318599805694268
-2.5546475041899512 -0.061062668692845525

-2.5546475041899512 -0.061062668692845525
-2.5568992641064794 -0.062384554436873046

-2.5568992641064794 -0.062384554436873046
-2.5577667319117947 -0.062930270581347841

-2.5577667319117947 -0.062930270581347841
-2.5608859596336386 -0.064699193650469569

-2.5608859596336386 -0.064699193650469569
-2.5621408161698573 -0.065503782158716689

-2.5621408161698573 -0.065503782158716689
-2.5640051873554821 -0.066664954217523165

-2.5640051873554821 -0.066664954217523165
-2.567124415077326 -0.068555696687744014

-2.567124415077326 -0.068555696687744014
-2.5672195565055134 -0.068623009880560346

-2.5672195565055134 -0.068623009880560346
-2.5702436427991695 -0.070490656520164813

-2.5702436427991695 -0.070490656520164813
-2.5721768521886319 -0.071742237602403988

-2.5721768521886319 -0.071742237602403988
-2.573362870521013 -0.072541768195608494

-2.573362870521013 -0.072541768195608494
-2.5764820982428569 -0.074440645223931665

-2.5764820982428569 -0.074440645223931665
-2.5770790797333478 -0.074861465324247645

-2.5770790797333478 -0.074861465324247645
-2.5796013259647004 -0.076477487252130064

-2.5796013259647004 -0.076477487252130064
-2.5819300304585635 -0.077980693046091301

-2.5819300304585635 -0.077980693046091301
-2.5827205536865443 -0.078532755367533583

-2.5827205536865443 -0.078532755367533583
-2.5858397814083878 -0.080425930279463625

-2.5858397814083878 -0.080425930279463625
-2.5868223617163002 -0.081099920767934958

-2.5868223617163002 -0.081099920767934958
-2.5889590091302312 -0.082479770081002976

-2.5889590091302312 -0.082479770081002976
-2.5917353877103007 -0.0842191484897786

-2.5917353877103007 -0.0842191484897786
-2.5920782368520752 -0.084460426271711783

-2.5920782368520752 -0.084460426271711783
-2.5951974645739186 -0.086330849093968681

-2.5951974645739186 -0.086330849093968681
-2.5967803997233405 -0.087338376211622257

-2.5967803997233405 -0.087338376211622257
-2.5983166922957626 -0.088317487237512579

-2.5983166922957626 -0.088317487237512579
-2.601435920017606 -0.09012299800221453

-2.601435920017606 -0.09012299800221453
-2.6019472629206781 -0.090457603933465913

-2.6019472629206781 -0.090457603933465913
-2.6045551477394495 -0.091995167887070212

-2.6045551477394495 -0.091995167887070212
-2.6073211872775919 -0.093576831655309556

-2.6073211872775919 -0.093576831655309556
-2.6076743754612934 -0.093802679928332272

-2.6076743754612934 -0.093802679928332272
-2.6107936031831369 -0.095488425465398583

-2.6107936031831369 -0.095488425465398583
-2.6130435345659615 -0.096696059377153212

-2.6130435345659615 -0.096696059377153212
-2.6139128309049808 -0.097190287872246914

-2.6139128309049808 -0.097190287872246914
-2.6170320586268243 -0.098721398533883342

-2.6170320586268243 -0.098721398533883342
-2.6193132333735063 -0.099815287098996869

-2.6193132333735063 -0.099815287098996869
-2.6201512863486678 -0.10023879636417499

-2.6201512863486678 -0.10023879636417499
-2.6232705140705117 -0.1015940828670175

-2.6232705140705117 -0.1015940828670175
-2.6263897417923552 -0.10285371787572309

-2.6263897417923552 -0.10285371787572309
-2.6265933738778515 -0.10293451482084051

-2.6265933738778515 -0.10293451482084051
-2.6295089695141991 -0.10399392894487691

-2.6295089695141991 -0.10399392894487691
-2.6326281972360426 -0.10499422020369389

-2.6326281972360426 -0.10499422020369389
-2.6357474249578861 -0.1058376706285592

-2.6357474249578861 -0.1058376706285592
-2.6367062265380259 -0.10605374254268417

-2.6367062265380259 -0.10605374254268417
-2.63886665267973 -0.10652693351056487

-2.63886665267973 -0.10652693351056487
-2.6419858804015734 -0.10703714772689843

-2.6419858804015734 -0.10703714772689843
-2.6451051081234174 -0.10737649594123677

-2.6451051081234174 -0.10737649594123677
-2.6482243358452608 -0.10752836507620916

-2.6482243358452608 -0.10752836507620916
-2.6513435635671043 -0.1074802174969377

-2.6513435635671043 -0.1074802174969377
-2.6544627912889482 -0.10722173208778261

-2.6544627912889482 -0.10722173208778261
-2.6575820190107917 -0.10674298789541445

-2.6575820190107917 -0.10674298789541445
-2.6606125150800191 -0.10605374254268417

-2.6606125150800191 -0.10605374254268417
-2.6607012467326356 -0.10603220148404686

-2.6607012467326356 -0.10603220148404686
-2.6638204744544791 -0.1050868314919286

-2.6638204744544791 -0.1050868314919286
-2.6669397021763226 -0.10389446994017713

-2.6669397021763226 -0.10389446994017713
-2.668958221469671 -0.10293451482084051

-2.668958221469671 -0.10293451482084051
-2.6700589298981665 -0.10238627094663992

-2.6700589298981665 -0.10238627094663992
-2.67317815762001 -0.10072706988646069

-2.67317815762001 -0.10072706988646069
-2.67317815762001 -0.10072706988646069

-2.67317815762001 -0.10072706988646069
-2.6745215558654154 -0.099815287098996869

-2.6745215558654154 -0.099815287098996869
-2.6762973853418535 -0.098620245647495455

-2.6762973853418535 -0.098620245647495455
-2.678914147523495 -0.096696059377153212

-2.678914147523495 -0.096696059377153212
-2.6794166130636974 -0.096281896742982986

-2.6794166130636974 -0.096281896742982986
-2.6825358407855409 -0.093756946171026978

-2.6825358407855409 -0.093756946171026978
-2.6827297765121538 -0.093576831655309556

-2.6827297765121538 -0.093576831655309556
-2.6856550685073848 -0.090861110733992029

-2.6856550685073848 -0.090861110733992029
-2.6860599556338931 -0.090457603933465913

-2.6860599556338931 -0.090457603933465913
-2.6887742962292283 -0.087600447714595395

-2.6887742962292283 -0.087600447714595395
-2.6890218985813514 -0.087338376211622257

-2.6890218985813514 -0.087338376211622257
-2.6917040530389622 -0.0842191484897786

-2.6917040530389622 -0.0842191484897786
-2.6918935239510717 -0.084007720147401641

-2.6918935239510717 -0.084007720147401641
-2.6942571764529513 -0.081099920767934958

-2.6942571764529513 -0.081099920767934958
-2.6950127516729157 -0.080197648804378879

-2.6950127516729157 -0.080197648804378879
-2.6950127516729157 -0.080197648804378879

-2.6950127516729157 -0.080197648804378879
-2.6967563014984681 -0.077980693046091301

-2.6967563014984681 -0.077980693046091301
-2.6981319793947591 -0.07618756996049568

-2.6981319793947591 -0.07618756996049568
-2.6981319793947591 -0.07618756996049568

-2.6981319793947591 -0.07618756996049568
-2.69916429713671 -0.074861465324247645

-2.69916429713671 -0.074861465324247645
-2.701251207116603 -0.071909437092914169

-2.701251207116603 -0.071909437092914169
-2.7013836112518628 -0.071742237602403988

-2.7013836112518628 -0.071742237602403988
-2.7035006355020954 -0.068623009880560346

-2.7035006355020954 -0.068623009880560346
-2.7043704348384465 -0.067418791293457445

-2.7043704348384465 -0.067418791293457445
-2.7056993590570952 -0.065503782158716689

-2.7056993590570952 -0.065503782158716689
-2.70748966256029 -0.062790804165665418

-2.70748966256029 -0.062790804165665418
-2.7077882051342099 -0.062384554436873046

-2.7077882051342099 -0.062384554436873046
-2.709742414878797 -0.05926532671502939

-2.709742414878797 -0.05926532671502939
-2.7106088902821339 -0.05799740189356295

-2.7106088902821339 -0.05799740189356295
-2.711835027487473 -0.05614609899318574

-2.711835027487473 -0.05614609899318574
-2.7137281180039774 -0.053162369702998737

-2.7137281180039774 -0.053162369702998737
-2.7138262412817489 -0.053026871271342091

-2.7138262412817489 -0.053026871271342091
-2.7157652697004293 -0.049907643549498434

-2.7157652697004293 -0.049907643549498434
-2.7168473457258213 -0.048269511235973166

-2.7168473457258213 -0.048269511235973166
-2.7178349121843879 -0.046788415827654785

-2.7178349121843879 -0.046788415827654785
-2.7197707655090273 -0.043669188105811135

-2.7197707655090273 -0.043669188105811135
-2.7199665734476648 -0.043397648046813751

-2.7199665734476648 -0.043397648046813751
-2.7217858154433725 -0.040549960383967479

-2.7217858154433725 -0.040549960383967479
-2.7230858011695083 -0.03860398599773348

-2.7230858011695083 -0.03860398599773348
-2.7239040107446995 -0.037430732662123829

-2.7239040107446995 -0.037430732662123829
-2.7258814262659432 -0.034311504940280173

-2.7258814262659432 -0.034311504940280173
-2.7262050288913522 -0.03387334441599358

-2.7262050288913522 -0.03387334441599358
-2.7279889764247836 -0.03119227721843652

-2.7279889764247836 -0.03119227721843652
-2.7293242566131957 -0.029285420233585942

-2.7293242566131957 -0.029285420233585942
-2.7302073050255427 -0.028073049496592867

-2.7302073050255427 -0.028073049496592867
-2.7323128332624917 -0.024953821774749217

-2.7323128332624917 -0.024953821774749217
-2.7324434843350396 -0.024786937060377923

-2.7324434843350396 -0.024786937060377923
-2.7344986573589947 -0.021834594052905564

-2.7344986573589947 -0.021834594052905564
-2.7355627120568831 -0.020430118667790657

-2.7355627120568831 -0.020430118667790657
-2.7368463336520295 -0.018715366331061911

-2.7368463336520295 -0.018715366331061911
-2.7386819397787265 -0.016214969462730634

-2.7386819397787265 -0.016214969462730634
-2.7391777375414805 -0.015596138609218262

-2.7391777375414805 -0.015596138609218262
-2.7414207198964191 -0.012476910887374609

-2.7414207198964191 -0.012476910887374609
-2.7418011675005705 -0.012014949107019458

-2.7418011675005705 -0.012014949107019458
-2.7438125875733301 -0.0093576831655309573

-2.7438125875733301 -0.0093576831655309573
-2.7449203952224139 -0.0079979560694303908

-2.7449203952224139 -0.0079979560694303908
-2.7449203952224139 -0.0079979560694303908

-2.7449203952224139 -0.0079979560694303908
-2.7463366685403794 -0.0062384554436873043

-2.7463366685403794 -0.0062384554436873043
-2.7480396229442579 -0.0041224995301479229

-2.7480396229442579 -0.0041224995301479229
-2.7488852360011635 -0.0031192277218436521

-2.7488852360011635 -0.0031192277218436521
-2.7511588506661013 -0.00026522230078660555

-2.7511588506661013 -0.00026522230078660555
-2.7511588506661013 -0.00026522230078660555

-2.7511588506661013 -0.00026522230078660555
-2.7513902490280264 0

-2.7513902490280264 0
-2.7538892830223873 0.0031192277218436517

-2.7538892830223873 0.0031192277218436517
-2.7542780783879448 0.003556852556950125

-2.7542780783879448 0.003556852556950125
-2.7565290152782773 0.0062384554436873043

-2.7565290152782773 0.0062384554436873043
-2.7573973061097887 0.0072042384978786194

-2.7573973061097887 0.0072042384978786194
-2.7592933826413684 0.0093576831655309556

-2.7592933826413684 0.0093576831655309556
-2.7605165338316322 0.010695139651249829

-2.7605165338316322 0.010695139651249829
-2.7621480796686475 0.012476910887374609

-2.7621480796686475 0.012476910887374609
-2.7636357615534761 0.014068177018567026

-2.7636357615534761 0.014068177018567026
-2.7650823899767691 0.01559613860921826

-2.7650823899767691 0.01559613860921826
-2.7667549892753196 0.017338300722718733

-2.7667549892753196 0.017338300722718733
-2.7680980887198117 0.018715366331061915

-2.7680980887198117 0.018715366331061915
-2.7698742169971631 0.020511600602666071

-2.7698742169971631 0.020511600602666071
-2.7712015785265289 0.021834594052905568

-2.7712015785265289 0.021834594052905568
-2.772993444719007 0.02359348134149851

-2.772993444719007 0.02359348134149851
-2.7743963667127978 0.024953821774749217

-2.7743963667127978 0.024953821774749217
-2.7761126724408505 0.026593120618965245

-2.7761126724408505 0.026593120618965245
-2.777683319298994 0.02807304949659287

-2.777683319298994 0.02807304949659287
-2.7792319001626944 0.029517079657141773

-2.7792319001626944 0.029517079657141773
-2.7810661136982735 0.03119227721843652

-2.7810661136982735 0.03119227721843652
-2.7823511278845379 0.03236853445629681

-2.7823511278845379 0.03236853445629681
-2.7845547737259304 0.034311504940280173

-2.7845547737259304 0.034311504940280173
-2.7854703556063813 0.035138352578489615

-2.7854703556063813 0.035138352578489615
-2.7881874524681196 0.037430732662123822

-2.7881874524681196 0.037430732662123822
-2.7885895833282253 0.03778992889533081

-2.7885895833282253 0.03778992889533081
-2.7917088110500687 0.040308616005645476

-2.7917088110500687 0.040308616005645476
-2.7919837201104531 0.040549960383967479

-2.7919837201104531 0.040549960383967479
-2.7948280387719127 0.042835862420414622

-2.7948280387719127 0.042835862420414622
-2.7958091070396969 0.043669188105811128

-2.7958091070396969 0.043669188105811128
-2.7979472664937561 0.045400082628957623

-2.7979472664937561 0.045400082628957623
-2.7996612090547681 0.046788415827654778

-2.7996612090547681 0.046788415827654778
-2.8010664942155996 0.047935491085239132

-2.8010664942155996 0.047935491085239132
-2.8036756039202921 0.049907643549498434

-2.8036756039202921 0.049907643549498434
-2.8041857219374435 0.050325337430233832

-2.8041857219374435 0.050325337430233832
-2.807304949659287 0.052534098810363417

-2.807304949659287 0.052534098810363417
-2.8079303813889149 0.053026871271342084

-2.8079303813889149 0.053026871271342084
-2.8104241773811309 0.054822082404204553

-2.8104241773811309 0.054822082404204553
-2.812249019021738 0.056146098993185733

-2.812249019021738 0.056146098993185733
-2.8135434051029744 0.057107841159170648

-2.8135434051029744 0.057107841159170648
-2.8166626328248179 0.059178983597979934

-2.8166626328248179 0.059178983597979934
-2.8167777009183008 0.05926532671502939

-2.8167777009183008 0.05926532671502939
-2.8197818605466618 0.061229802536482789

-2.8197818605466618 0.061229802536482789
-2.8215101243640044 0.06238455443687304

-2.8215101243640044 0.06238455443687304
-2.8229010882685053 0.063329006789291403

-2.8229010882685053 0.063329006789291403
-2.8260203159903492 0.065225696576864528

-2.8260203159903492 0.065225696576864528
-2.8264206593057399 0.065503782158716703

-2.8264206593057399 0.065503782158716703
-2.8291395437121927 0.067185042116355162

-2.8291395437121927 0.067185042116355162
-2.831488542296746 0.068623009880560346

-2.831488542296746 0.068623009880560346
-2.8322587714340361 0.06913232786200256

-2.8322587714340361 0.06913232786200256
-2.8353779991558801 0.070912950157451332

-2.8353779991558801 0.070912950157451332
-2.836716946010108 0.071742237602404002

-2.836716946010108 0.071742237602404002
-2.8384972268777235 0.072820213548597565

-2.8384972268777235 0.072820213548597565
-2.841616454599567 0.074574558209354186

-2.841616454599567 0.074574558209354186
-2.8420655218376658 0.074861465324247659

-2.8420655218376658 0.074861465324247659
-2.8447356823214109 0.076392629830927927

-2.8447356823214109 0.076392629830927927
-2.8475577102983243 0.077980693046091315

-2.8475577102983243 0.077980693046091315
-2.8478549100432544 0.078168768771994954

-2.8478549100432544 0.078168768771994954
-2.8509741377650983 0.079863077210810943

-2.8509741377650983 0.079863077210810943
-2.8532199869163661 0.081099920767934958

-2.8532199869163661 0.081099920767934958
-2.8540933654869418 0.081611326247018057

-2.8540933654869418 0.081611326247018057
-2.8572125932087853 0.083218630008701194

-2.8572125932087853 0.083218630008701194
-2.859091541877365 0.084219148489778614

-2.859091541877365 0.084219148489778614
-2.8603318209306292 0.084897112359410276

-2.8603318209306292 0.084897112359410276
-2.8634510486524727 0.086433494094994789

-2.8634510486524727 0.086433494094994789
-2.8652248195207122 0.087338376211622271

-2.8652248195207122 0.087338376211622271
-2.8665702763743166 0.088036016940648693

-2.8665702763743166 0.088036016940648693
-2.8696895040961601 0.089511271688045693

-2.8696895040961601 0.089511271688045693
-2.8716393549876482 0.090457603933465913

-2.8716393549876482 0.090457603933465913
-2.8728087318180036 0.091042235593477752

-2.8728087318180036 0.091042235593477752
-2.8759279595398475 0.092467996645175493

-2.8759279595398475 0.092467996645175493
-2.878317623592078 0.09357683165530957

-2.878317623592078 0.09357683165530957
-2.879047187261691 0.09393739969726686

-2.879047187261691 0.09393739969726686
-2.8821664149835349 0.095332295033706854

-2.8821664149835349 0.095332295033706854
-2.8852000641203124 0.096696059377153226

-2.8852000641203124 0.096696059377153226
-2.8852856427053784 0.096739079934408959

-2.8852856427053784 0.096739079934408959
-2.8884048704272218 0.098123557324968913

-2.8884048704272218 0.098123557324968913
-2.8915240981490657 0.099477609864697628

-2.8915240981490657 0.099477609864697628
-2.8922456126804028 0.099815287098996869

-2.8922456126804028 0.099815287098996869
-2.8946433258709092 0.100870640399593

-2.8946433258709092 0.100870640399593
-2.8977625535927531 0.10220080283936833

-2.8977625535927531 0.10220080283936833
-2.899430828170189 0.10293451482084053

-2.899430828170189 0.10293451482084053
-2.9008817813145966 0.10357722025356884

-2.9008817813145966 0.10357722025356884
-2.9040010090364401 0.10488016512940095

-2.9040010090364401 0.10488016512940095
-2.9068054231284641 0.10605374254268418

-2.9068054231284641 0.10605374254268418
-2.907120236758284 0.10619735852858384

-2.907120236758284 0.10619735852858384
-2.9102394644801275 0.10746682496894201

-2.9102394644801275 0.10746682496894201
-2.9133586922019714 0.10870449739447785

-2.9133586922019714 0.10870449739447785
-2.9144975767048837 0.10917297026452782

-2.9144975767048837 0.10917297026452782
-2.9164779199238149 0.10996479281859731

-2.9164779199238149 0.10996479281859731
-2.9195971476456584 0.111161551734851

-2.9195971476456584 0.111161551734851
-2.9225793590641329 0.11229219798637148

-2.9225793590641329 0.11229219798637148
-2.9227163753675023 0.11234899881300232

-2.9227163753675023 0.11234899881300232
-2.9258356030893458 0.11350156235977274

-2.9258356030893458 0.11350156235977274
-2.9289548308111897 0.11462993928283725

-2.9289548308111897 0.11462993928283725
-2.9311095985880651 0.11541142570821514

-2.9311095985880651 0.11541142570821514
-2.9320740585330332 0.1157736347479971

-2.9320740585330332 0.1157736347479971
-2.9351932862548766 0.1168679667462291

-2.9351932862548766 0.1168679667462291
-2.9383125139767206 0.11795139958689212

-2.9383125139767206 0.11795139958689212
-2.9399422078198576 0.11853065343005878

-2.9399422078198576 0.11853065343005878
-2.941431741698564 0.11906214684639756

-2.941431741698564 0.11906214684639756
-2.9445509694204079 0.12013351200064801

-2.9445509694204079 0.12013351200064801
-2.9476701971422514 0.1211972420548251

-2.9476701971422514 0.1211972420548251
-2.9489537937022821 0.12164988115190244

-2.9489537937022821 0.12164988115190244
-2.9507894248640949 0.1222870315113784

-2.9507894248640949 0.1222870315113784
-2.9539086525859388 0.12333770087148974

-2.9539086525859388 0.12333770087148974
-2.9570278803077823 0.12437310972936329

-2.9570278803077823 0.12437310972936329
-2.9581835442136128 0.12476910887374609

-2.9581835442136128 0.12476910887374609
-2.9601471080296262 0.12542696352645361

-2.9601471080296262 0.12542696352645361
-2.9632663357514697 0.12643754958522521

-2.9632663357514697 0.12643754958522521
-2.9663855634733132 0.12742349499821734

-2.9663855634733132 0.12742349499821734
-2.9678415990226856 0.12788833659558974

-2.9678415990226856 0.12788833659558974
-2.9695047911951571 0.12841605996308775

-2.9695047911951571 0.12841605996308775
-2.9726240189170006 0.129360379190713

-2.9726240189170006 0.129360379190713
-2.9757432466388445 0.13028854725421715

-2.9757432466388445 0.13028854725421715
-2.9781987563838004 0.13100756431743341

-2.9781987563838004 0.13100756431743341
-2.978862474360688 0.13121030905447598

-2.978862474360688 0.13121030905447598
-2.9819817020825314 0.13209287276580986

-2.9819817020825314 0.13209287276580986
-2.9851009298043754 0.13296644466321655

-2.9851009298043754 0.13296644466321655
-2.9882201575262188 0.1338187263428772

-2.9882201575262188 0.1338187263428772
-2.9893136793323203 0.13412679203927705

-2.9893136793323203 0.13412679203927705
-2.9913393852480628 0.13468557183458957

-2.9913393852480628 0.13468557183458957
-2.9944586129699062 0.13552930023093943

-2.9944586129699062 0.13552930023093943
-2.9975778406917497 0.13637236076054216

-2.9975778406917497 0.13637236076054216
-3.0006970684135936 0.13720752158765803

-3.0006970684135936 0.13720752158765803
-3.0008322511482657 0.13724601976112069

-3.0008322511482657 0.13724601976112069
-3.0038162961354371 0.13804384493989855

-3.0038162961354371 0.13804384493989855
-3.006935523857281 0.1388736165609987

-3.006935523857281 0.1388736165609987
-3.0100547515791245 0.13969538073453416

-3.0100547515791245 0.13969538073453416
-3.0126134238491669 0.14036524748296436

-3.0126134238491669 0.14036524748296436
-3.013173979300968 0.14051837343307708

-3.013173979300968 0.14051837343307708
-3.0162932070228119 0.14131235318237886

-3.0162932070228119 0.14131235318237886
-3.0194124347446554 0.14209394799288824

-3.0194124347446554 0.14209394799288824
-3.0225316624664988 0.14285572332687838

-3.0225316624664988 0.14285572332687838
-3.0251631776964119 0.143484475204808

-3.0251631776964119 0.143484475204808
-3.0256508901883428 0.14360590738536755

-3.0256508901883428 0.14360590738536755
-3.0287701179101862 0.14432436000659538

-3.0287701179101862 0.14432436000659538
-3.0318893456320302 0.14502371522943239

-3.0318893456320302 0.14502371522943239
-3.0350085733538736 0.1457000736158782

-3.0350085733538736 0.1457000736158782
-3.0381278010757171 0.14635218097088526

-3.0381278010757171 0.14635218097088526
-3.0393260036735228 0.14660370292665165

-3.0393260036735228 0.14660370292665165
-3.041247028797561 0.14700188117148377

-3.041247028797561 0.14700188117148377
-3.0443662565194045 0.14762790621391389

-3.0443662565194045 0.14762790621391389
-3.0474854842412484 0.14824418626341682

-3.0474854842412484 0.14824418626341682
-3.0506047119630919 0.14884845608752892

-3.0506047119630919 0.14884845608752892
-3.0537239396849354 0.14944058896414397

-3.0537239396849354 0.14944058896414397
-3.0551955262141894 0.14972293064849532

-3.0551955262141894 0.14972293064849532
-3.0568431674067793 0.1500381493380199

-3.0568431674067793 0.1500381493380199
-3.0599623951286228 0.1506211495519747

-3.0599623951286228 0.1506211495519747
-3.0630816228504667 0.15119936965124064

-3.0630816228504667 0.15119936965124064
-3.0662008505723102 0.1517669708649946

-3.0662008505723102 0.1517669708649946
-3.0693200782941537 0.15232476877896689

-3.0693200782941537 0.15232476877896689
-3.0722686205045981 0.15284215837033896

-3.0722686205045981 0.15284215837033896
-3.0724393060159976 0.15287331205310317

-3.0724393060159976 0.15287331205310317
-3.075558533737841 0.15340646360582733

-3.075558533737841 0.15340646360582733
-3.078677761459685 0.15392519137256097

-3.078677761459685 0.15392519137256097
-3.0817969891815284 0.15442592213022435

-3.0817969891815284 0.15442592213022435
-3.0849162169033719 0.15490760724357622

-3.0849162169033719 0.15490760724357622
-3.0880354446252158 0.1553704769140839

-3.0880354446252158 0.1553704769140839
-3.0911546723470593 0.15581188369203872

-3.0911546723470593 0.15581188369203872
-3.0922359174475522 0.1559613860921826

-3.0922359174475522 0.1559613860921826
-3.0942739000689032 0.15624001683266658

-3.0942739000689032 0.15624001683266658
-3.0973931277907467 0.15664693374783165

-3.0973931277907467 0.15664693374783165
-3.1005123555125902 0.15704027839408174

-3.1005123555125902 0.15704027839408174
-3.1036315832344341 0.157419923688565

-3.1036315832344341 0.157419923688565
-3.1067508109562776 0.15778651918117415

-3.1067508109562776 0.15778651918117415
-3.1098700386781215 0.15814163378023915

-3.1098700386781215 0.15814163378023915
-3.112989266399965 0.1584870556583331

-3.112989266399965 0.1584870556583331
-3.1161084941218085 0.15882344813203575

-3.1161084941218085 0.15882344813203575
-3.1185423049297381 0.15908061381402627

-3.1185423049297381 0.15908061381402627
-3.1192277218436524 0.15915410630836163

-3.1192277218436524 0.15915410630836163
-3.1223469495654959 0.15947382474563607

-3.1223469495654959 0.15947382474563607
-3.1254661772873398 0.15978356806465105

-3.1254661772873398 0.15978356806465105
-3.1285854050091833 0.16008109102520629

-3.1285854050091833 0.16008109102520629
-3.1317046327310267 0.16036654681793006

-3.1317046327310267 0.16036654681793006
-3.1348238604528706 0.16063955439939295

-3.1348238604528706 0.16063955439939295
-3.1379430881747141 0.16089895158762538

-3.1379430881747141 0.16089895158762538
-3.141062315896558 0.16114326062853418

-3.141062315896558 0.16114326062853418
-3.1441815436184015 0.16137152348334563

-3.1441815436184015 0.16137152348334563
-3.147300771340245 0.16158391370661698

-3.147300771340245 0.16158391370661698
-3.1504199990620889 0.16178144673915998

-3.1504199990620889 0.16178144673915998
-3.1535392267839324 0.16196522095812968

-3.1535392267839324 0.16196522095812968
-3.1566584545057763 0.1621357410957123

-3.1566584545057763 0.1621357410957123
-3.157913461664263 0.16219984153586992

-3.157913461664263 0.16219984153586992
-3.1597776822276198 0.1622947750970628

-3.1597776822276198 0.1622947750970628
-3.1628969099494633 0.16244129039399002

-3.1628969099494633 0.16244129039399002
-3.1660161376713072 0.16257674843819181

-3.1660161376713072 0.16257674843819181
-3.1691353653931507 0.16270157667697557

-3.1691353653931507 0.16270157667697557
-3.1722545931149946 0.16281616316162717

-3.1722545931149946 0.16281616316162717
-3.1753738208368381 0.16292016613415938

-3.1753738208368381 0.16292016613415938
-3.1784930485586815 0.16301250071260892

-3.1784930485586815 0.16301250071260892
-3.1816122762805255 0.16309192075530984

-3.1816122762805255 0.16309192075530984
-3.1847315040023689 0.1631577053932548

-3.1847315040023689 0.1631577053932548
-3.1878507317242128 0.16320979919418202

-3.1878507317242128 0.16320979919418202
-3.1909699594460563 0.16324839206317912

-3.1909699594460563 0.16324839206317912
-3.1940891871678998 0.16326433372703647

