-3.1940891871678998 -0.033554874172808037
-3.1909699594460563 -0.033624057150770319

-3.1909699594460563 -0.033624057150770319
-3.1878507317242128 -0.033776913037103895

-3.1878507317242128 -0.033776913037103895
-3.1847315040023689 -0.033958281779398691

-3.1847315040023689 -0.033958281779398691
-3.1816122762805255 -0.03416729220694105

-3.1816122762805255 -0.03416729220694105
-3.1797304812439009 -0.034311504940280173

-3.1797304812439009 -0.034311504940280173
-3.1784930485586815 -0.034406827301555129

-3.1784930485586815 -0.034406827301555129
-3.1753738208368381 -0.034674850280445424

-3.1753738208368381 -0.034674850280445424
-3.1722545931149946 -0.034976090161942433

-3.1722545931149946 -0.034976090161942433
-3.1691353653931507 -0.035310849944452036

-3.1691353653931507 -0.035310849944452036
-3.1660161376713072 -0.035678669500683664

-3.1660161376713072 -0.035678669500683664
-3.1628969099494633 -0.036079482904436334

-3.1628969099494633 -0.036079482904436334
-3.1597776822276198 -0.036515279617861204

-3.1597776822276198 -0.036515279617861204
-3.1566584545057763 -0.03698900012599874

-3.1566584545057763 -0.03698900012599874
-3.153981045819759 -0.037430732662123829

-3.153981045819759 -0.037430732662123829
-3.1535392267839324 -0.037505972514277834

-3.1535392267839324 -0.037505972514277834
-3.1504199990620889 -0.038057180757846171

-3.1504199990620889 -0.038057180757846171
-3.147300771340245 -0.03864787905127795

-3.147300771340245 -0.03864787905127795
-3.1441815436184015 -0.039274593781063342

-3.1441815436184015 -0.039274593781063342
-3.141062315896558 -0.039938417386461915

-3.141062315896558 -0.039938417386461915
-3.1383547105025147 -0.040549960383967479

-3.1383547105025147 -0.040549960383967479
-3.1379430881747141 -0.040647125398463713

-3.1379430881747141 -0.040647125398463713
-3.1348238604528706 -0.041386180247146367

-3.1348238604528706 -0.041386180247146367
-3.1317046327310267 -0.042166085042401748

-3.1317046327310267 -0.042166085042401748
-3.1285854050091833 -0.042979335096374534

-3.1285854050091833 -0.042979335096374534
-3.1260649135361671 -0.043669188105811135

-3.1260649135361671 -0.043669188105811135
-3.1254661772873398 -0.043840550555354414

-3.1254661772873398 -0.043840550555354414
-3.1223469495654959 -0.044724996741606238

-3.1223469495654959 -0.044724996741606238
-3.1192277218436524 -0.045659832573473294

-3.1192277218436524 -0.045659832573473294
-3.1161084941218085 -0.046628980511754028

-3.1161084941218085 -0.046628980511754028
-3.1156496134580061 -0.046788415827654785

-3.1156496134580061 -0.046788415827654785
-3.112989266399965 -0.047660745138482133

-3.112989266399965 -0.047660745138482133
-3.1098700386781215 -0.048725801595102043

-3.1098700386781215 -0.048725801595102043
-3.1067508109562776 -0.049839933281540141

-3.1067508109562776 -0.049839933281540141
-3.1065855937686147 -0.049907643549498434

-3.1065855937686147 -0.049907643549498434
-3.1036315832344341 -0.05101904043270887

-3.1036315832344341 -0.05101904043270887
-3.1005123555125902 -0.052232182646772464

-3.1005123555125902 -0.052232182646772464
-3.0986012219027312 -0.053026871271342091

-3.0986012219027312 -0.053026871271342091
-3.0973931277907467 -0.053542464686702575

-3.0973931277907467 -0.053542464686702575
-3.0942739000689032 -0.054857417974624165

-3.0942739000689032 -0.054857417974624165
-3.091393080659643 -0.05614609899318574

-3.091393080659643 -0.05614609899318574
-3.0911546723470593 -0.056264204323311931

-3.0911546723470593 -0.056264204323311931
-3.0880354446252158 -0.05770433227268465

-3.0880354446252158 -0.05770433227268465
-3.0849162169033719 -0.059205626499823527

-3.0849162169033719 -0.059205626499823527
-3.0848109514414581 -0.05926532671502939

-3.0848109514414581 -0.05926532671502939
-3.0817969891815284 -0.060778676716185073

-3.0817969891815284 -0.060778676716185073
-3.0787158085137238 -0.062384554436873046

-3.0787158085137238 -0.062384554436873046
-3.078677761459685 -0.062407331415378561

-3.078677761459685 -0.062407331415378561
-3.075558533737841 -0.064083183757333809

-3.075558533737841 -0.064083183757333809
-3.073029753785657 -0.065503782158716689

-3.073029753785657 -0.065503782158716689
-3.0724393060159976 -0.065868145924857069

-3.0724393060159976 -0.065868145924857069
-3.0693200782941537 -0.067604665261287347

-3.0693200782941537 -0.067604665261287347
-3.0676714458541081 -0.068623009880560346

-3.0676714458541081 -0.068623009880560346
-3.0662008505723102 -0.069541913497586677

-3.0662008505723102 -0.069541913497586677
-3.0630816228504667 -0.071398100618372415

-3.0630816228504667 -0.071398100618372415
-3.0625934147419072 -0.071742237602403988

-3.0625934147419072 -0.071742237602403988
-3.0599623951286228 -0.073419624902388736

-3.0599623951286228 -0.073419624902388736
-3.0578133348903092 -0.074861465324247645

-3.0578133348903092 -0.074861465324247645
-3.0568431674067793 -0.075556610152547832

-3.0568431674067793 -0.075556610152547832
-3.0537239396849354 -0.077601202936046193

-3.0537239396849354 -0.077601202936046193
-3.0532330551985059 -0.077980693046091301

-3.0532330551985059 -0.077980693046091301
-3.0506047119630919 -0.079836651523815694

-3.0506047119630919 -0.079836651523815694
-3.0489521784286953 -0.081099920767934958

-3.0489521784286953 -0.081099920767934958
-3.0474854842412484 -0.082237926956707202

-3.0474854842412484 -0.082237926956707202
-3.0448706160491645 -0.0842191484897786

-3.0448706160491645 -0.0842191484897786
-3.0443662565194045 -0.084638634310855762

-3.0443662565194045 -0.084638634310855762
-3.041247028797561 -0.087012122640708012

-3.041247028797561 -0.087012122640708012
-3.0408700110149218 -0.087338376211622257

-3.0408700110149218 -0.087338376211622257
-3.0381278010757171 -0.089555657264056537

-3.0381278010757171 -0.089555657264056537
-3.0371022472949187 -0.090457603933465913

-3.0371022472949187 -0.090457603933465913
-3.0350085733538736 -0.092258988971128511

-3.0350085733538736 -0.092258988971128511
-3.0335366730132476 -0.093576831655309556

-3.0335366730132476 -0.093576831655309556
-3.0318893456320302 -0.095061620476261641

-3.0318893456320302 -0.095061620476261641
-3.0301069953467796 -0.096696059377153212

-3.0301069953467796 -0.096696059377153212
-3.0287701179101862 -0.097946894484171043

-3.0287701179101862 -0.097946894484171043
-3.0267877997294308 -0.099815287098996869

-3.0267877997294308 -0.099815287098996869
-3.0256508901883428 -0.10091025752837969

-3.0256508901883428 -0.10091025752837969
-3.0235616316778553 -0.10293451482084051

-3.0235616316778553 -0.10293451482084051
-3.0225316624664988 -0.10395058812022087

-3.0225316624664988 -0.10395058812022087
-3.0204246718521031 -0.10605374254268417

-3.0204246718521031 -0.10605374254268417
-3.0194124347446554 -0.10707795132882177

-3.0194124347446554 -0.10707795132882177
-3.0173825105579883 -0.10917297026452782

-3.0173825105579883 -0.10917297026452782
-3.0162932070228119 -0.11030676166106859

-3.0162932070228119 -0.11030676166106859
-3.014424207274772 -0.11229219798637147

-3.014424207274772 -0.11229219798637147
-3.013173979300968 -0.1136263290057571

-3.013173979300968 -0.1136263290057571
-3.0115286825181875 -0.11541142570821512

-3.0115286825181875 -0.11541142570821512
-3.0100547515791245 -0.1170311620639736

-3.0100547515791245 -0.1170311620639736
-3.0087004087449358 -0.11853065343005878

-3.0087004087449358 -0.11853065343005878
-3.006935523857281 -0.12055128991518044

-3.006935523857281 -0.12055128991518044
-3.0059609646133389 -0.12164988115190242

-3.0059609646133389 -0.12164988115190242
-3.0038162961354371 -0.12422866816270313

-3.0038162961354371 -0.12422866816270313
-3.0033410922635904 -0.12476910887374608

-3.0033410922635904 -0.12476910887374608
-3.0008562825114722 -0.12788833659558974

-3.0008562825114722 -0.12788833659558974
-3.0006970684135936 -0.12807108021783289

-3.0006970684135936 -0.12807108021783289
-2.9983650123075942 -0.13100756431743338

-2.9983650123075942 -0.13100756431743338
-2.9975778406917497 -0.13193755656070366

-2.9975778406917497 -0.13193755656070366
-2.9958147803318789 -0.13412679203927705

-2.9958147803318789 -0.13412679203927705
-2.9944586129699062 -0.13578551898309449

-2.9944586129699062 -0.13578551898309449
-2.9932571932151717 -0.13724601976112069

-2.9932571932151717 -0.13724601976112069
-2.9913393852480628 -0.13966559301254469

-2.9913393852480628 -0.13966559301254469
-2.9907471343747778 -0.14036524748296433

-2.9907471343747778 -0.14036524748296433
-2.9883165132863496 -0.143484475204808

-2.9883165132863496 -0.143484475204808
-2.9882201575262188 -0.14359546177004712

-2.9882201575262188 -0.14359546177004712
-2.9858260223358464 -0.14660370292665165

-2.9858260223358464 -0.14660370292665165
-2.9851009298043754 -0.14744034085051971

-2.9851009298043754 -0.14744034085051971
-2.9831997995157353 -0.14972293064849529

-2.9831997995157353 -0.14972293064849529
-2.9819817020825314 -0.15111062306286738

-2.9819817020825314 -0.15111062306286738
-2.9804574424813635 -0.15284215837033896

-2.9804574424813635 -0.15284215837033896
-2.978862474360688 -0.15459420190566053

-2.978862474360688 -0.15459420190566053
-2.9775848677295769 -0.1559613860921826

-2.9775848677295769 -0.1559613860921826
-2.9757432466388445 -0.15787774808391231

-2.9757432466388445 -0.15787774808391231
-2.974546030431461 -0.15908061381402624

-2.974546030431461 -0.15908061381402624
-2.9726240189170006 -0.16093918232616655

-2.9726240189170006 -0.16093918232616655
-2.9712676059630834 -0.16219984153586992

-2.9712676059630834 -0.16219984153586992
-2.9695047911951571 -0.1637772097202522

-2.9695047911951571 -0.1637772097202522
-2.9676419741673379 -0.16531906925771356

-2.9676419741673379 -0.16531906925771356
-2.9663855634733132 -0.16635359745496225

-2.9663855634733132 -0.16635359745496225
-2.9633124695452042 -0.1684382969795572

-2.9633124695452042 -0.1684382969795572
-2.9632663357514697 -0.16847276864865271

-2.9632663357514697 -0.16847276864865271
-2.9601471080296262 -0.17029495882891252

-2.9601471080296262 -0.17029495882891252
-2.9575208376774582 -0.17155752470140087

-2.9575208376774582 -0.17155752470140087
-2.9570278803077823 -0.17181206656907586

-2.9570278803077823 -0.17181206656907586
-2.9539086525859388 -0.17294647377959002

-2.9539086525859388 -0.17294647377959002
-2.9507894248640949 -0.17375828152687606

-2.9507894248640949 -0.17375828152687606
-2.9476701971422514 -0.17424705552273584

-2.9476701971422514 -0.17424705552273584
-2.9445509694204079 -0.17442884213967993

-2.9445509694204079 -0.17442884213967993
-2.941431741698564 -0.17428196511912716

-2.941431741698564 -0.17428196511912716
-2.9383125139767206 -0.17378796619450193

-2.9383125139767206 -0.17378796619450193
-2.9351932862548766 -0.1729779275726242

-2.9351932862548766 -0.1729779275726242
-2.9320740585330332 -0.17191099178689401

-2.9320740585330332 -0.17191099178689401
-2.9313197976269016 -0.17155752470140087

-2.9313197976269016 -0.17155752470140087
-2.9289548308111897 -0.17049836870338128

-2.9289548308111897 -0.17049836870338128
-2.9258356030893458 -0.16887695039351283

-2.9258356030893458 -0.16887695039351283
-2.925183477075076 -0.1684382969795572

-2.925183477075076 -0.1684382969795572
-2.9227163753675023 -0.16689738915982219

-2.9227163753675023 -0.16689738915982219
-2.9204935386311286 -0.16531906925771356

-2.9204935386311286 -0.16531906925771356
-2.9195971476456584 -0.1646288998850359

-2.9195971476456584 -0.1646288998850359
-2.9164779199238149 -0.16230516507702142

-2.9164779199238149 -0.16230516507702142
-2.9163562677824304 -0.16219984153586992

-2.9163562677824304 -0.16219984153586992
-2.9133586922019714 -0.15977484730596037

-2.9133586922019714 -0.15977484730596037
-2.9125920424871876 -0.15908061381402624

-2.9125920424871876 -0.15908061381402624
-2.9102394644801275 -0.15699427666673066

-2.9102394644801275 -0.15699427666673066
-2.90914038884147 -0.1559613860921826

-2.90914038884147 -0.1559613860921826
-2.907120236758284 -0.15406038083075985

-2.907120236758284 -0.15406038083075985
-2.905862218361154 -0.15284215837033896

-2.905862218361154 -0.15284215837033896
-2.9040010090364401 -0.15102461398450931

-2.9040010090364401 -0.15102461398450931
-2.9026871580922795 -0.14972293064849529

-2.9026871580922795 -0.14972293064849529
-2.9008817813145966 -0.14792131931330865

-2.9008817813145966 -0.14792131931330865
-2.8995685277812235 -0.14660370292665165

-2.8995685277812235 -0.14660370292665165
-2.8977625535927531 -0.14478325778702619

-2.8977625535927531 -0.14478325778702619
-2.8964752202479453 -0.143484475204808

-2.8964752202479453 -0.143484475204808
-2.8946433258709092 -0.14163367996793186

-2.8946433258709092 -0.14163367996793186
-2.8933840269741395 -0.14036524748296433

-2.8933840269741395 -0.14036524748296433
-2.8915240981490657 -0.13849543487269475

-2.8915240981490657 -0.13849543487269475
-2.8902755727353946 -0.13724601976112069

-2.8902755727353946 -0.13724601976112069
-2.8884048704272218 -0.13538485710364359

-2.8884048704272218 -0.13538485710364359
-2.8871332169658679 -0.13412679203927705

-2.8871332169658679 -0.13412679203927705
-2.8852856427053784 -0.13231678014768719

-2.8852856427053784 -0.13231678014768719
-2.8839407300261115 -0.13100756431743338

-2.8839407300261115 -0.13100756431743338
-2.8821664149835349 -0.12930130405253715

-2.8821664149835349 -0.12930130405253715
-2.8806858079610973 -0.12788833659558974

-2.8806858079610973 -0.12788833659558974
-2.879047187261691 -0.1263403167925419

-2.879047187261691 -0.1263403167925419
-2.8773645200543085 -0.12476910887374608

-2.8773645200543085 -0.12476910887374608
-2.8759279595398475 -0.12343192017033781

-2.8759279595398475 -0.12343192017033781
-2.8739693514760645 -0.12164988115190242

-2.8739693514760645 -0.12164988115190242
-2.8728087318180036 -0.12058425427535661

-2.8728087318180036 -0.12058425427535661
-2.8704688556578954 -0.11853065343005878

-2.8704688556578954 -0.11853065343005878
-2.8696895040961601 -0.11782501452566894

-2.8696895040961601 -0.11782501452566894
-2.8668082997351716 -0.11541142570821512

-2.8668082997351716 -0.11541142570821512
-2.8665702763743166 -0.1151986492479555

-2.8665702763743166 -0.1151986492479555
-2.8634510486524727 -0.11268781488305177

-2.8634510486524727 -0.11268781488305177
-2.862997428311314 -0.11229219798637147

-2.862997428311314 -0.11229219798637147
-2.8603318209306292 -0.11014784373759191

-2.8603318209306292 -0.11014784373759191
-2.8591709303482271 -0.10917297026452782

-2.8591709303482271 -0.10917297026452782
-2.8572125932087853 -0.10758853486444425

-2.8572125932087853 -0.10758853486444425
-2.8552679831860064 -0.10605374254268417

-2.8552679831860064 -0.10605374254268417
-2.8540933654869418 -0.10510162865846302

-2.8540933654869418 -0.10510162865846302
-2.851129523134861 -0.10293451482084051

-2.851129523134861 -0.10293451482084051
-2.8509741377650983 -0.10280825064177422

-2.8509741377650983 -0.10280825064177422
-2.8478549100432544 -0.10061812644299656

-2.8478549100432544 -0.10061812644299656
-2.8467977658598405 -0.099815287098996869

-2.8467977658598405 -0.099815287098996869
-2.8447356823214109 -0.098333783326078519

-2.8447356823214109 -0.098333783326078519
-2.8423449467316 -0.096696059377153212

-2.8423449467316 -0.096696059377153212
-2.841616454599567 -0.096157119332044627

-2.841616454599567 -0.096157119332044627
-2.8384972268777235 -0.094193443066055704

-2.8384972268777235 -0.094193443066055704
-2.8376153364012002 -0.093576831655309556

-2.8376153364012002 -0.093576831655309556
-2.8353779991558801 -0.092123885369335759

-2.8353779991558801 -0.092123885369335759
-2.8326859350450366 -0.090457603933465913

-2.8326859350450366 -0.090457603933465913
-2.8322587714340361 -0.090163574416755224

-2.8322587714340361 -0.090163574416755224
-2.8291395437121927 -0.088349236227596689

-2.8291395437121927 -0.088349236227596689
-2.8274663817158197 -0.087338376211622257

-2.8274663817158197 -0.087338376211622257
-2.8260203159903492 -0.086457090780291429

-2.8260203159903492 -0.086457090780291429
-2.8229010882685053 -0.084760113272772067

-2.8229010882685053 -0.084760113272772067
-2.8219892274373124 -0.0842191484897786

-2.8219892274373124 -0.0842191484897786
-2.8197818605466618 -0.082988051629517098

-2.8197818605466618 -0.082988051629517098
-2.8166626328248179 -0.081351440621972429

-2.8166626328248179 -0.081351440621972429
-2.8162289022766722 -0.081099920767934958

-2.8162289022766722 -0.081099920767934958
-2.8135434051029744 -0.079692746842452436

-2.8135434051029744 -0.079692746842452436
-2.8104241773811309 -0.078125656643131064

-2.8104241773811309 -0.078125656643131064
-2.8101614708057649 -0.077980693046091301

-2.8101614708057649 -0.077980693046091301
-2.807304949659287 -0.076569254618417848

-2.807304949659287 -0.076569254618417848
-2.8041857219374435 -0.075095373718615258

-2.8041857219374435 -0.075095373718615258
-2.8037255686537268 -0.074861465324247645

-2.8037255686537268 -0.074861465324247645
-2.8010664942155996 -0.073623267381004345

-2.8010664942155996 -0.073623267381004345
-2.7979472664937561 -0.072247993315029596

-2.7979472664937561 -0.072247993315029596
-2.7968343015537318 -0.071742237602403988

-2.7968343015537318 -0.071742237602403988
-2.7948280387719127 -0.070861036148769554

-2.7948280387719127 -0.070861036148769554
-2.7917088110500687 -0.069575634160128144

-2.7917088110500687 -0.069575634160128144
-2.7893524338321285 -0.068623009880560346

-2.7893524338321285 -0.068623009880560346
-2.7885895833282253 -0.068298506091462943

-2.7885895833282253 -0.068298506091462943
-2.7854703556063813 -0.067112063415940948

-2.7854703556063813 -0.067112063415940948
-2.7823511278845379 -0.065969520485006858

-2.7823511278845379 -0.065969520485006858
-2.7810872459602347 -0.065503782158716689

-2.7810872459602347 -0.065503782158716689
-2.7792319001626944 -0.064833052127418939

-2.7792319001626944 -0.064833052127418939
-2.7761126724408505 -0.063774078232395559

-2.7761126724408505 -0.063774078232395559
-2.772993444719007 -0.062759221774142088

-2.772993444719007 -0.062759221774142088
-2.7718506065024973 -0.062384554436873046

-2.7718506065024973 -0.062384554436873046
-2.7698742169971631 -0.06175143605876289

-2.7698742169971631 -0.06175143605876289
-2.7667549892753196 -0.060803597476066361

-2.7667549892753196 -0.060803597476066361
-2.7636357615534761 -0.059885924551464548

-2.7636357615534761 -0.059885924551464548
-2.7614809988196325 -0.05926532671502939

-2.7614809988196325 -0.05926532671502939
-2.7605165338316322 -0.058980049994439357

-2.7605165338316322 -0.058980049994439357
-2.7573973061097887 -0.058126796650488192

-2.7573973061097887 -0.058126796650488192
-2.7542780783879448 -0.057292902872575859

-2.7542780783879448 -0.057292902872575859
-2.7511588506661013 -0.056494101428425821

-2.7511588506661013 -0.056494101428425821
-2.7497919030078446 -0.05614609899318574

-2.7497919030078446 -0.05614609899318574
-2.7480396229442579 -0.055703978992295969

-2.7480396229442579 -0.055703978992295969
-2.7449203952224139 -0.054959515549951099

-2.7449203952224139 -0.054959515549951099
-2.7418011675005705 -0.054239793063057394

-2.7418011675005705 -0.054239793063057394
-2.7386819397787265 -0.053552299174969099

-2.7386819397787265 -0.053552299174969099
-2.7361934238383685 -0.053026871271342091

-2.7361934238383685 -0.053026871271342091
-2.7355627120568831 -0.052889562781112967

-2.7355627120568831 -0.052889562781112967
-2.7324434843350396 -0.052269591377780172

-2.7324434843350396 -0.052269591377780172
-2.7293242566131957 -0.051677980544516597

-2.7293242566131957 -0.051677980544516597
-2.7262050288913522 -0.051118912270796402

-2.7262050288913522 -0.051118912270796402
-2.7230858011695083 -0.050591685040013178

-2.7230858011695083 -0.050591685040013178
-2.7199665734476648 -0.050097581495211915

-2.7199665734476648 -0.050097581495211915
-2.7187180299533855 -0.049907643549498434

-2.7187180299533855 -0.049907643549498434
-2.7168473457258213 -0.049625525754736062

-2.7168473457258213 -0.049625525754736062
-2.7137281180039774 -0.049186803284232458

-2.7137281180039774 -0.049186803284232458
-2.7106088902821339 -0.048772282394601962

-2.7106088902821339 -0.048772282394601962
-2.70748966256029 -0.04838169246933547

-2.70748966256029 -0.04838169246933547
-2.7043704348384465 -0.048013652662427325

-2.7043704348384465 -0.048013652662427325
-2.701251207116603 -0.047667267505357436

-2.701251207116603 -0.047667267505357436
-2.6981319793947591 -0.047342117794500461

-2.6981319793947591 -0.047342117794500461
-2.6950127516729157 -0.047038259202097615

-2.6950127516729157 -0.047038259202097615
-2.6922506580659902 -0.046788415827654785

-2.6922506580659902 -0.046788415827654785
-2.6918935239510717 -0.046755568190467126

-2.6918935239510717 -0.046755568190467126
-2.6887742962292283 -0.046496820928003238

-2.6887742962292283 -0.046496820928003238
-2.6856550685073848 -0.046261416184585541

-2.6856550685073848 -0.046261416184585541
-2.6825358407855409 -0.04605131306461336

-2.6825358407855409 -0.04605131306461336
-2.6794166130636974 -0.045868272275421208

-2.6794166130636974 -0.045868272275421208
-2.6762973853418535 -0.045714314822187262

-2.6762973853418535 -0.045714314822187262
-2.67317815762001 -0.045590959839829255

-2.67317815762001 -0.045590959839829255
-2.6700589298981665 -0.045498707840794968

-2.6700589298981665 -0.045498707840794968
-2.6669397021763226 -0.045437479770371013

-2.6669397021763226 -0.045437479770371013
-2.6638204744544791 -0.045407433984186583

-2.6638204744544791 -0.045407433984186583
-2.6607012467326356 -0.045409192610867663

-2.6607012467326356 -0.045409192610867663
-2.6575820190107917 -0.045443110069570157

-2.6575820190107917 -0.045443110069570157
-2.6544627912889482 -0.045508339285784884

-2.6544627912889482 -0.045508339285784884
-2.6513435635671043 -0.045602734893196488

-2.6513435635671043 -0.045602734893196488
-2.6482243358452608 -0.04572371232773232

-2.6482243358452608 -0.04572371232773232
-2.6451051081234174 -0.045869424051989599

-2.6451051081234174 -0.045869424051989599
-2.6419858804015734 -0.046039125949922342

-2.6419858804015734 -0.046039125949922342
-2.63886665267973 -0.046232569602419386

-2.63886665267973 -0.046232569602419386
-2.6357474249578861 -0.0464492068970392

-2.6357474249578861 -0.0464492068970392
-2.6326281972360426 -0.046685575248338836

-2.6326281972360426 -0.046685575248338836
-2.6313779557638375 -0.046788415827654785

-2.6313779557638375 -0.046788415827654785
-2.6295089695141991 -0.046941633086688576

-2.6295089695141991 -0.046941633086688576
-2.6263897417923552 -0.047215128991195905

-2.6263897417923552 -0.047215128991195905
-2.6232705140705117 -0.047511833498719083

-2.6232705140705117 -0.047511833498719083
-2.6201512863486678 -0.047832929471494215

-2.6201512863486678 -0.047832929471494215
-2.6170320586268243 -0.04817928718303164

-2.6170320586268243 -0.04817928718303164
-2.6139128309049808 -0.048551393191767364

-2.6139128309049808 -0.048551393191767364
-2.6107936031831369 -0.048951607168768667

-2.6107936031831369 -0.048951607168768667
-2.6076743754612934 -0.049383349460739849

-2.6076743754612934 -0.049383349460739849
-2.6045551477394495 -0.049847430476395387

-2.6045551477394495 -0.049847430476395387
-2.6041915760824783 -0.049907643549498434

-2.6041915760824783 -0.049907643549498434
-2.601435920017606 -0.050350595532915911

-2.601435920017606 -0.050350595532915911
-2.5983166922957626 -0.050888489399975922

-2.5983166922957626 -0.050888489399975922
-2.5951974645739186 -0.051466665455986702

-2.5951974645739186 -0.051466665455986702
-2.5920782368520752 -0.05208695954970307

-2.5920782368520752 -0.05208695954970307
-2.5889590091302312 -0.052743513651068975

-2.5889590091302312 -0.052743513651068975
-2.5877226537973352 -0.053026871271342091

-2.5877226537973352 -0.053026871271342091
-2.5858397814083878 -0.053453994910711317

-2.5858397814083878 -0.053453994910711317
-2.5827205536865443 -0.054189914931014431

-2.5827205536865443 -0.054189914931014431
-2.5796013259647004 -0.054970020182823209

-2.5796013259647004 -0.054970020182823209
-2.5764820982428569 -0.055779340511349661

-2.5764820982428569 -0.055779340511349661
-2.5751664838519734 -0.05614609899318574

-2.5751664838519734 -0.05614609899318574
-2.573362870521013 -0.056644123621776322

-2.573362870521013 -0.056644123621776322
-2.5702436427991695 -0.057521485006121142

-2.5702436427991695 -0.057521485006121142
-2.567124415077326 -0.058437854587928009

-2.567124415077326 -0.058437854587928009
-2.5644026694762418 -0.05926532671502939

-2.5644026694762418 -0.05926532671502939
-2.5640051873554821 -0.059393572142263713

-2.5640051873554821 -0.059393572142263713
-2.5608859596336386 -0.060360896598080818

-2.5608859596336386 -0.060360896598080818
-2.5577667319117947 -0.061366433690372216

-2.5577667319117947 -0.061366433690372216
-2.5547056725841397 -0.062384554436873046

-2.5547056725841397 -0.062384554436873046
-2.5546475041899512 -0.062405613050557959

-2.5546475041899512 -0.062405613050557959
-2.5515282764681078 -0.063470609128265007

-2.5515282764681078 -0.063470609128265007
-2.5484090487462638 -0.064564035142323756

-2.5484090487462638 -0.064564035142323756
-2.5458190576405313 -0.065503782158716689

-2.5458190576405313 -0.065503782158716689
-2.5452898210244204 -0.065708364198994076

-2.5452898210244204 -0.065708364198994076
-2.5421705933025764 -0.066863253896509406

-2.5421705933025764 -0.066863253896509406
-2.539051365580733 -0.068054806593913081

-2.539051365580733 -0.068054806593913081
-2.5376735384871605 -0.068623009880560346

-2.5376735384871605 -0.068623009880560346
-2.5359321378588895 -0.069333703158942009

-2.5359321378588895 -0.069333703158942009
-2.5328129101370456 -0.070603968227830299

-2.5328129101370456 -0.070603968227830299
-2.5301487740755073 -0.071742237602403988

-2.5301487740755073 -0.071742237602403988
-2.5296936824152021 -0.071952986447000503

-2.5296936824152021 -0.071952986447000503
-2.5265744546933582 -0.073309710969583497

-2.5265744546933582 -0.073309710969583497
-2.5234552269715147 -0.074712872927825164

-2.5234552269715147 -0.074712872927825164
-2.5231675338692483 -0.074861465324247645

-2.5231675338692483 -0.074861465324247645
-2.5203359992496712 -0.07618663393483488

-2.5203359992496712 -0.07618663393483488
-2.5172167715278273 -0.077658298777255053

-2.5172167715278273 -0.077658298777255053
-2.516613005472645 -0.077980693046091301

-2.516613005472645 -0.077980693046091301
-2.5140975438059838 -0.079223689487499416

-2.5140975438059838 -0.079223689487499416
-2.5109783160841399 -0.080759459928392299

-2.5109783160841399 -0.080759459928392299
-2.5103719545973466 -0.081099920767934958

-2.5103719545973466 -0.081099920767934958
-2.5078590883622964 -0.082400915853779372

-2.5078590883622964 -0.082400915853779372
-2.504739860640453 -0.084010560325421216

-2.504739860640453 -0.084010560325421216
-2.5043901624792579 -0.0842191484897786

-2.5043901624792579 -0.0842191484897786
-2.501620632918609 -0.085701459536333027

-2.501620632918609 -0.085701459536333027
-2.4986031102957185 -0.087338376211622257

-2.4986031102957185 -0.087338376211622257
-2.4985014051967656 -0.087401550317901144

-2.4985014051967656 -0.087401550317901144
-2.4953821774749216 -0.089108365996115463

-2.4953821774749216 -0.089108365996115463
-2.493009261827924 -0.090457603933465913

-2.493009261827924 -0.090457603933465913
-2.4922629497530782 -0.090916647359649869

-2.4922629497530782 -0.090916647359649869
-2.4891437220312347 -0.092636294057221194

-2.4891437220312347 -0.092636294057221194
-2.4875893390757264 -0.093576831655309556

-2.4875893390757264 -0.093576831655309556
-2.4860244943093908 -0.094524126438203446

-2.4860244943093908 -0.094524126438203446
-2.4829052665875473 -0.096295116417460247

-2.4829052665875473 -0.096295116417460247
-2.4822988455907904 -0.096696059377153212

-2.4822988455907904 -0.096696059377153212
-2.4797860388657038 -0.098211143747549384

-2.4797860388657038 -0.098211143747549384
-2.4771554848337116 -0.099815287098996869

-2.4771554848337116 -0.099815287098996869
-2.4766668111438599 -0.10014686570532155

-2.4766668111438599 -0.10014686570532155
-2.4735475834220164 -0.10199329551369449

-2.4735475834220164 -0.10199329551369449
-2.4721021941229835 -0.10293451482084051

-2.4721021941229835 -0.10293451482084051
-2.4704283557001725 -0.10401206367568257

-2.4704283557001725 -0.10401206367568257
-2.467309127978329 -0.10590041407947534

-2.467309127978329 -0.10590041407947534
-2.4670906151448619 -0.10605374254268417

-2.4670906151448619 -0.10605374254268417
-2.4641899002564855 -0.1078462688969308

-2.4641899002564855 -0.1078462688969308
-2.4620979769872577 -0.10917297026452782

-2.4620979769872577 -0.10917297026452782
-2.4610706725346416 -0.10986115153420439

-2.4610706725346416 -0.10986115153420439
-2.4579514448127981 -0.11169978635837222

-2.4579514448127981 -0.11169978635837222
-2.457063933376765 -0.11229219798637147

-2.457063933376765 -0.11229219798637147
-2.4548322170909542 -0.11368251766335413

-2.4548322170909542 -0.11368251766335413
-2.4519638337617935 -0.11541142570821512

-2.4519638337617935 -0.11541142570821512
-2.4517129893691108 -0.11558231867087816

-2.4517129893691108 -0.11558231867087816
-2.4485937616472673 -0.11739022321128641

-2.4485937616472673 -0.11739022321128641
-2.446682202261687 -0.11853065343005878

-2.446682202261687 -0.11853065343005878
-2.4454745339254234 -0.11927485902506567

-2.4454745339254234 -0.11927485902506567
-2.4423553062035799 -0.12096480736128667

-2.4423553062035799 -0.12096480736128667
-2.4411775378915341 -0.12164988115190242

-2.4411775378915341 -0.12164988115190242
-2.439236078481736 -0.12273793598202394

-2.439236078481736 -0.12273793598202394
-2.4361168507598925 -0.12433247362006512

-2.4361168507598925 -0.12433247362006512
-2.4353139920209621 -0.12476910887374608

-2.4353139920209621 -0.12476910887374608
-2.432997623038049 -0.12594779436620149

-2.432997623038049 -0.12594779436620149
-2.4298783953162051 -0.12741071438546153

-2.4298783953162051 -0.12741071438546153
-2.4288851546604411 -0.12788833659558974

-2.4288851546604411 -0.12788833659558974
-2.4267591675943616 -0.12886482326653834

-2.4267591675943616 -0.12886482326653834
-2.4236399398725177 -0.13017187053593565

-2.4236399398725177 -0.13017187053593565
-2.4215343736306174 -0.13100756431743338

-2.4215343736306174 -0.13100756431743338
-2.4205207121506742 -0.13142244742876308

-2.4205207121506742 -0.13142244742876308
-2.4174014844288307 -0.13251349475578464

-2.4174014844288307 -0.13251349475578464
-2.4142822567069868 -0.1334976210754017

-2.4142822567069868 -0.1334976210754017
-2.4120267149776651 -0.13412679203927705

-2.4120267149776651 -0.13412679203927705
-2.4111630289851433 -0.13437413570741394

-2.4111630289851433 -0.13437413570741394
-2.4080438012632994 -0.13509587461957451

-2.4080438012632994 -0.13509587461957451
-2.4049245735414559 -0.13567696236688867

-2.4049245735414559 -0.13567696236688867
-2.4018053458196125 -0.13609882848620408

-2.4018053458196125 -0.13609882848620408
-2.3986861180977685 -0.13635638601672584

-2.3986861180977685 -0.13635638601672584
-2.3955668903759251 -0.1364431157178867

-2.3955668903759251 -0.1364431157178867
-2.3924476626540812 -0.13635136959820418

-2.3924476626540812 -0.13635136959820418
-2.3893284349322377 -0.13607839019729442

-2.3893284349322377 -0.13607839019729442
-2.3862092072103942 -0.13562498579099178

-2.3862092072103942 -0.13562498579099178
-2.3830899794885503 -0.13499279816954654

-2.3830899794885503 -0.13499279816954654
-2.3799707517667068 -0.13418267098163647

-2.3799707517667068 -0.13418267098163647
-2.3798101274575787 -0.13412679203927705

-2.3798101274575787 -0.13412679203927705
-2.3768515240448629 -0.13316379643511381

-2.3768515240448629 -0.13316379643511381
-2.3737322963230194 -0.1319643302055882

-2.3737322963230194 -0.1319643302055882
-2.3716066705129641 -0.13100756431743338

-2.3716066705129641 -0.13100756431743338
-2.3706130686011759 -0.13053743535018195

-2.3706130686011759 -0.13053743535018195
-2.367493840879332 -0.12899857654205812

-2.367493840879332 -0.12899857654205812
-2.3655723063102623 -0.12788833659558974

-2.3655723063102623 -0.12788833659558974
-2.3643746131574885 -0.12716668169140066

-2.3643746131574885 -0.12716668169140066
-2.3612553854356446 -0.12530491975948743

-2.3612553854356446 -0.12530491975948743
-2.3605283096605438 -0.12476910887374608

-2.3605283096605438 -0.12476910887374608
-2.3581361577138011 -0.12312443168683622

-2.3581361577138011 -0.12312443168683622
-2.3561832468836683 -0.12164988115190242

-2.3561832468836683 -0.12164988115190242
-2.3550169299919577 -0.12072680663513577

-2.3550169299919577 -0.12072680663513577
-2.3521632191816639 -0.11853065343005878

-2.3521632191816639 -0.11853065343005878
-2.3518977022701137 -0.11830260889865889

-2.3518977022701137 -0.11830260889865889
-2.3487784745482703 -0.11582804223646626

-2.3487784745482703 -0.11582804223646626
-2.3483117816555397 -0.11541142570821512

-2.3483117816555397 -0.11541142570821512
-2.3456592468264263 -0.11315059915030508

-2.3456592468264263 -0.11315059915030508
-2.34472486790514 -0.11229219798637147

-2.34472486790514 -0.11229219798637147
-2.3425400191045829 -0.11031377788998221

-2.3425400191045829 -0.11031377788998221
-2.3413279130647031 -0.10917297026452782

-2.3413279130647031 -0.10917297026452782
-2.3394207913827394 -0.10737765718864579

-2.3394207913827394 -0.10737765718864579
-2.3380441468052764 -0.10605374254268417

-2.3380441468052764 -0.10605374254268417
-2.3363015636608955 -0.1043679216208855

-2.3363015636608955 -0.1043679216208855
-2.3348379313954295 -0.10293451482084051

-2.3348379313954295 -0.10293451482084051
-2.333182335939052 -0.1013012528863725

-2.333182335939052 -0.1013012528863725
-2.3316885210975205 -0.099815287098996869

-2.3316885210975205 -0.099815287098996869
-2.3300631082172081 -0.098186333302155662

-2.3300631082172081 -0.098186333302155662
-2.328584026268846 -0.096696059377153212

-2.328584026268846 -0.096696059377153212
-2.3269438804953646 -0.095034496308727928

-2.3269438804953646 -0.095034496308727928
-2.325508017924105 -0.093576831655309556

-2.325508017924105 -0.093576831655309556
-2.3238246527735211 -0.091861748015288458

-2.3238246527735211 -0.091861748015288458
-2.3224460890095804 -0.090457603933465913

-2.3224460890095804 -0.090457603933465913
-2.3207054250516772 -0.088678987499682352

-2.3207054250516772 -0.088678987499682352
-2.3193911607653872 -0.087338376211622257

-2.3193911607653872 -0.087338376211622257
-2.3175861973298337 -0.085490846025405604

-2.3175861973298337 -0.085490846025405604
-2.3163396492862662 -0.0842191484897786

-2.3163396492862662 -0.0842191484897786
-2.3144669696079898 -0.082304006232269286

-2.3144669696079898 -0.082304006232269286
-2.3132831351842795 -0.081099920767934958

-2.3132831351842795 -0.081099920767934958
-2.3113477418861463 -0.079133148475457812

-2.3113477418861463 -0.079133148475457812
-2.3102057505731159 -0.077980693046091301

-2.3102057505731159 -0.077980693046091301
-2.3082285141643029 -0.075993219627551664

-2.3082285141643029 -0.075993219627551664
-2.30709625154554 -0.074861465324247645

-2.30709625154554 -0.074861465324247645
-2.3051092864424589 -0.072886766184438775

-2.3051092864424589 -0.072886766184438775
-2.3039532269041656 -0.071742237602403988

-2.3039532269041656 -0.071742237602403988
-2.3019900587206155 -0.069816454169529932

-2.3019900587206155 -0.069816454169529932
-2.3007683085055164 -0.068623009880560346

-2.3007683085055164 -0.068623009880560346
-2.298870830998772 -0.066794249605719558

-2.298870830998772 -0.066794249605719558
-2.2975247320816439 -0.065503782158716689

-2.2975247320816439 -0.065503782158716689
-2.2957516032769281 -0.063827097488868473

-2.2957516032769281 -0.063827097488868473
-2.2942140143447687 -0.062384554436873046

-2.2942140143447687 -0.062384554436873046
-2.2926323755550846 -0.060913667146809153

-2.2926323755550846 -0.060913667146809153
-2.2908292811180404 -0.05926532671502939

-2.2908292811180404 -0.05926532671502939
-2.2895131478332407 -0.058059858509958345

-2.2895131478332407 -0.058059858509958345
-2.2873423910182749 -0.05614609899318574

-2.2873423910182749 -0.05614609899318574
-2.2863939201113972 -0.055291324447874469

-2.2863939201113972 -0.055291324447874469
-2.2836862440842789 -0.053026871271342091

-2.2836862440842789 -0.053026871271342091
-2.2832746923895537 -0.052662048759570743

-2.2832746923895537 -0.052662048759570743
-2.2801554646677098 -0.050181000528050392

-2.2801554646677098 -0.050181000528050392
-2.2798407720494676 -0.049907643549498434

-2.2798407720494676 -0.049907643549498434
-2.2770362369458663 -0.047680793140033498

-2.2770362369458663 -0.047680793140033498
-2.2759711561480795 -0.046788415827654785

-2.2759711561480795 -0.046788415827654785
-2.2739170092240224 -0.045144151342713698

-2.2739170092240224 -0.045144151342713698
-2.2720422948685504 -0.043669188105811135

-2.2720422948685504 -0.043669188105811135
-2.2707977815021789 -0.042668688714766111

-2.2707977815021789 -0.042668688714766111
-2.2678981956798125 -0.040549960383967479

-2.2678981956798125 -0.040549960383967479
-2.2676785537803354 -0.040371886705248355

-2.2676785537803354 -0.040371886705248355
-2.2645593260584915 -0.038180862909814699

-2.2645593260584915 -0.038180862909814699
-2.2635849686988267 -0.037430732662123829

-2.2635849686988267 -0.037430732662123829
-2.2614400983366481 -0.035878573636290476

-2.2614400983366481 -0.035878573636290476
-2.2592030626192643 -0.034311504940280173

-2.2592030626192643 -0.034311504940280173
-2.2583208706148041 -0.033653288893663202

-2.2583208706148041 -0.033653288893663202
-2.2552016428929607 -0.031646115023912007

-2.2552016428929607 -0.031646115023912007
-2.2545780740860675 -0.03119227721843652

-2.2545780740860675 -0.03119227721843652
-2.2520824151711172 -0.029544825779146095

-2.2520824151711172 -0.029544825779146095
-2.2498002632573075 -0.028073049496592867

-2.2498002632573075 -0.028073049496592867
-2.2489631874492733 -0.027494033475229152

-2.2489631874492733 -0.027494033475229152
-2.2458439597274298 -0.02565162677460241

-2.2458439597274298 -0.02565162677460241
-2.2447603692447262 -0.024953821774749217

-2.2447603692447262 -0.024953821774749217
-2.2427247320055859 -0.023707665411419398

-2.2427247320055859 -0.023707665411419398
-2.2396055042837424 -0.021931764197940299

-2.2396055042837424 -0.021931764197940299
-2.2394534008518718 -0.021834594052905564

-2.2394534008518718 -0.021834594052905564
-2.2364862765618989 -0.020179503532509267

-2.2364862765618989 -0.020179503532509267
-2.2337744274914346 -0.018715366331061911

-2.2337744274914346 -0.018715366331061911
-2.233367048840055 -0.018471738682673319

-2.233367048840055 -0.018471738682673319
-2.2302478211182115 -0.01687491993830122

-2.2302478211182115 -0.01687491993830122
-2.2277193400327135 -0.015596138609218262

-2.2277193400327135 -0.015596138609218262
-2.2271285933963676 -0.015272755433979008

-2.2271285933963676 -0.015272755433979008
-2.2240093656745241 -0.013785101373531417

-2.2240093656745241 -0.013785101373531417
-2.2212190758083832 -0.012476910887374609

-2.2212190758083832 -0.012476910887374609
-2.2208901379526806 -0.012307386858214668

-2.2208901379526806 -0.012307386858214668
-2.2177709102308367 -0.010910662460706362

-2.2177709102308367 -0.010910662460706362
-2.2146516825089932 -0.0095521190531938135

-2.2146516825089932 -0.0095521190531938135
-2.214233920795408 -0.0093576831655309573

-2.214233920795408 -0.0093576831655309573
-2.2115324547871493 -0.0082014098315543564

-2.2115324547871493 -0.0082014098315543564
-2.2084132270653059 -0.006930435856274615

-2.2084132270653059 -0.006930435856274615
-2.2067168611328762 -0.0062384554436873043

-2.2067168611328762 -0.0062384554436873043
-2.2052939993434624 -0.0056538222549469518

-2.2052939993434624 -0.0056538222549469518
-2.2021747716216185 -0.004463911759545974

-2.2021747716216185 -0.004463911759545974
-2.199055543899775 -0.0033070639408058385

-2.199055543899775 -0.0033070639408058385
-2.198569288773073 -0.0031192277218436521

-2.198569288773073 -0.0031192277218436521
-2.1959363161779311 -0.0021674402353932735

-2.1959363161779311 -0.0021674402353932735
-2.1928170884560876 -0.0010911764687820773

-2.1928170884560876 -0.0010911764687820773
-2.1896978607342441 -6.0825877772322826e-05

-2.1896978607342441 -6.0825877772322826e-05
-2.1895200132938393 0

-2.1895200132938393 0
-2.1865786330124002 0.00093331759928942572

-2.1865786330124002 0.00093331759928942572
-2.1834594052905567 0.0018737625023015991

-2.1834594052905567 0.0018737625023015991
-2.1803401775687128 0.0027556413691555235

-2.1803401775687128 0.0027556413691555235
-2.1790242426685507 0.0031192277218436517

-2.1790242426685507 0.0031192277218436517
-2.1772209498468693 0.0036111317108689085

-2.1772209498468693 0.0036111317108689085
-2.1741017221250258 0.0043952229481070658

-2.1741017221250258 0.0043952229481070658
-2.1709824944031819 0.0051387360633425617

-2.1709824944031819 0.0051387360633425617
-2.1678632666813384 0.0058358874470502871

-2.1678632666813384 0.0058358874470502871
-2.1659728400981675 0.0062384554436873043

-2.1659728400981675 0.0062384554436873043
-2.1647440389594945 0.006502650003389546

-2.1647440389594945 0.006502650003389546
-2.161624811237651 0.0071133431161087782

-2.161624811237651 0.0071133431161087782
-2.1585055835158076 0.007689603872333679

-2.1585055835158076 0.007689603872333679
-2.1553863557939636 0.0082315824605444319

-2.1553863557939636 0.0082315824605444319
-2.1522671280721202 0.0087431010846376472

-2.1522671280721202 0.0087431010846376472
-2.1491479003502763 0.0092241239507874859

-2.1491479003502763 0.0092241239507874859
-2.1482515217217331 0.0093576831655309556

-2.1482515217217331 0.0093576831655309556
-2.1460286726284328 0.0096833444957675728

-2.1460286726284328 0.0096833444957675728
-2.1429094449065893 0.01011024312273702

-2.1429094449065893 0.01011024312273702
-2.1397902171847454 0.010510091114275883

-2.1397902171847454 0.010510091114275883
-2.1366709894629019 0.010880803609953915

-2.1366709894629019 0.010880803609953915
-2.133551761741058 0.011220863157185481

-2.133551761741058 0.011220863157185481
-2.1304325340192145 0.011529486781624272

-2.1304325340192145 0.011529486781624272
-2.127313306297371 0.011806412575114328

-2.127313306297371 0.011806412575114328
-2.1241940785755271 0.012051994363026007

-2.1241940785755271 0.012051994363026007
-2.1210748508536836 0.012265786550595617

-2.1210748508536836 0.012265786550595617
-2.1179556231318402 0.012446191553674641

-2.1179556231318402 0.012446191553674641
-2.1173048398403842 0.012476910887374609

-2.1173048398403842 0.012476910887374609
-2.1148363954099962 0.012592469569286942

-2.1148363954099962 0.012592469569286942
-2.1117171676881528 0.012702225095159454

-2.1117171676881528 0.012702225095159454
-2.1085979399663088 0.012776184806224961

-2.1085979399663088 0.012776184806224961
-2.1054787122444654 0.012817451489532148

-2.1054787122444654 0.012817451489532148
-2.1023594845226219 0.012827355395826391

-2.1023594845226219 0.012827355395826391
-2.099240256800778 0.012805483553952546

-2.099240256800778 0.012805483553952546
-2.0961210290789345 0.012755304926365178

-2.0961210290789345 0.012755304926365178
-2.0930018013570906 0.012678955216567343

-2.0930018013570906 0.012678955216567343
-2.0898825736352471 0.012577309597349115

-2.0898825736352471 0.012577309597349115
-2.0873195192044247 0.012476910887374609

-2.0873195192044247 0.012476910887374609
-2.0867633459134036 0.012454971166171997

-2.0867633459134036 0.012454971166171997
-2.0836441181915597 0.012312306704427045

-2.0836441181915597 0.012312306704427045
-2.0805248904697162 0.012146670129057223

-2.0805248904697162 0.012146670129057223
-2.0774056627478723 0.01196067757325525

-2.0774056627478723 0.01196067757325525
-2.0742864350260288 0.0117571170997804

-2.0742864350260288 0.0117571170997804
-2.0711672073041854 0.011538223561113276

-2.0711672073041854 0.011538223561113276
-2.0680479795823414 0.011303906382667846

-2.0680479795823414 0.011303906382667846
-2.064928751860498 0.01105127562186496

-2.064928751860498 0.01105127562186496
-2.061809524138654 0.010777904711413589

-2.061809524138654 0.010777904711413589
-2.0586902964168106 0.010484624516919252

-2.0586902964168106 0.010484624516919252
-2.0555710686949671 0.010172564220653105

-2.0555710686949671 0.010172564220653105
-2.0524518409731232 0.0098401245966522159

-2.0524518409731232 0.0098401245966522159
-2.0493326132512797 0.009486471931662405

-2.0493326132512797 0.009486471931662405
-2.0482799041185107 0.0093576831655309556

-2.0482799041185107 0.0093576831655309556
-2.0462133855294358 0.0091071611753241501

-2.0462133855294358 0.0091071611753241501
-2.0430941578075923 0.0087110682559467072

-2.0430941578075923 0.0087110682559467072
-2.0399749300857488 0.0082943293509155479

-2.0399749300857488 0.0082943293509155479
-2.0368557023639049 0.0078599246035321695

-2.0368557023639049 0.0078599246035321695
-2.0337364746420614 0.0074082565468016762

-2.0337364746420614 0.0074082565468016762
-2.0306172469202175 0.0069389831765016251

-2.0306172469202175 0.0069389831765016251
-2.027498019198374 0.0064572003218900153

-2.027498019198374 0.0064572003218900153
-2.0261386563533264 0.0062384554436873043

-2.0261386563533264 0.0062384554436873043
-2.0243787914765305 0.0059566052089432241

-2.0243787914765305 0.0059566052089432241
-2.0212595637546866 0.0054522678340055428

-2.0212595637546866 0.0054522678340055428
-2.0181403360328432 0.0049343970570990651

-2.0181403360328432 0.0049343970570990651
-2.0150211083109992 0.0044065801236036319

-2.0150211083109992 0.0044065801236036319
-2.0119018805891558 0.0038701490201003027

-2.0119018805891558 0.0038701490201003027
-2.0087826528673123 0.0033298196879517346

-2.0087826528673123 0.0033298196879517346
-2.0076074802565307 0.0031192277218436517

-2.0076074802565307 0.0031192277218436517
-2.0056634251454684 0.0027745965884524021

-2.0056634251454684 0.0027745965884524021
-2.0025441974236249 0.0022185071079583295

-2.0025441974236249 0.0022185071079583295
-1.999424969701781 0.0016466659025360475

-1.999424969701781 0.0016466659025360475
-1.9963057419799373 0.0010621161333927392

-1.9963057419799373 0.0010621161333927392
-1.9931865142580936 0.00046662735007580239

-1.9931865142580936 0.00046662735007580239
-1.9908097144330972 0

-1.9908097144330972 0
-1.9900672865362501 -0.0001496997966867924

-1.9900672865362501 -0.0001496997966867924
-1.9869480588144064 -0.00077194908500320572

-1.9869480588144064 -0.00077194908500320572
-1.9838288310925627 -0.001415024098494347

-1.9838288310925627 -0.001415024098494347
-1.980709603370719 -0.0020746519941477865

-1.980709603370719 -0.0020746519941477865
-1.9775903756488753 -0.0027448587356641327

-1.9775903756488753 -0.0027448587356641327
-1.9759133705266716 -0.0031192277218436521

-1.9759133705266716 -0.0031192277218436521
-1.9744711479270318 -0.0034427327461428966

-1.9744711479270318 -0.0034427327461428966
-1.9713519202051881 -0.0041399709893959018

-1.9713519202051881 -0.0041399709893959018
-1.9682326924833444 -0.0048559007334067709

-1.9682326924833444 -0.0048559007334067709
-1.9651134647615007 -0.005583192008036658

-1.9651134647615007 -0.005583192008036658
-1.9623399547712577 -0.0062384554436873043

-1.9623399547712577 -0.0062384554436873043
-1.961994237039657 -0.0063240944220330176

-1.961994237039657 -0.0063240944220330176
-1.9588750093178136 -0.0070625139220002776

-1.9588750093178136 -0.0070625139220002776
-1.9557557815959699 -0.0078099553093474838

-1.9557557815959699 -0.0078099553093474838
-1.9526365538741262 -0.0085613895546858467

-1.9526365538741262 -0.0085613895546858467
-1.9495173261522825 -0.0093130211658417356

-1.9495173261522825 -0.0093130211658417356
-1.9493429414476682 -0.0093576831655309573

-1.9493429414476682 -0.0093576831655309573
-1.9463980984304388 -0.010071348706353853

-1.9463980984304388 -0.010071348706353853
-1.9432788707085953 -0.010828639938369831

-1.9432788707085953 -0.010828639938369831
-1.9401596429867516 -0.011587189748445892

-1.9401596429867516 -0.011587189748445892
-1.9370404152649079 -0.012340965111711382

-1.9370404152649079 -0.012340965111711382
-1.9365055669324052 -0.012476910887374609

-1.9365055669324052 -0.012476910887374609
-1.9339211875430642 -0.013107442119025406

-1.9339211875430642 -0.013107442119025406
-1.9308019598212205 -0.01386709811383674

-1.9308019598212205 -0.01386709811383674
-1.927682732099377 -0.014630871517219094

-1.927682732099377 -0.014630871517219094
-1.9245635043775333 -0.015390725114943708

-1.9245635043775333 -0.015390725114943708
-1.9237585164585549 -0.015596138609218262

-1.9237585164585549 -0.015596138609218262
-1.9214442766556896 -0.016169007343261523

-1.9214442766556896 -0.016169007343261523
-1.9183250489338459 -0.016936942394689035

-1.9183250489338459 -0.016936942394689035
-1.9152058212120022 -0.017708349249313898

-1.9152058212120022 -0.017708349249313898
-1.9120865934901587 -0.018473229755777934

-1.9120865934901587 -0.018473229755777934
-1.9111399591012594 -0.018715366331061911

-1.9111399591012594 -0.018715366331061911
-1.908967365768315 -0.019257502608633348

-1.908967365768315 -0.019257502608633348
-1.9058481380464714 -0.020030965059529636

-1.9058481380464714 -0.020030965059529636
-1.9027289103246277 -0.020809432652195238

-1.9027289103246277 -0.020809432652195238
-1.8996096826027842 -0.021579101046124906

-1.8996096826027842 -0.021579101046124906
-1.8986075885415676 -0.021834594052905564

-1.8986075885415676 -0.021834594052905564
-1.8964904548809405 -0.022362221463085537

-1.8964904548809405 -0.022362221463085537
-1.8933712271590968 -0.023125155917145222

-1.8933712271590968 -0.023125155917145222
-1.8902519994372531 -0.023883726659834716

-1.8902519994372531 -0.023883726659834716
-1.8871327717154094 -0.024624526931004791

-1.8871327717154094 -0.024624526931004791
-1.8857550900550011 -0.024953821774749217

-1.8857550900550011 -0.024953821774749217
-1.8840135439935659 -0.025366923837487256

-1.8840135439935659 -0.025366923837487256
-1.8808943162717222 -0.026076116414054325

-1.8808943162717222 -0.026076116414054325
-1.8777750885498785 -0.026770976169031957

-1.8777750885498785 -0.026770976169031957
-1.8746558608280348 -0.027445983878931081

-1.8746558608280348 -0.027445983878931081
-1.8716642846803284 -0.028073049496592867

-1.8716642846803284 -0.028073049496592867
-1.8715366331061911 -0.028101132376370744

-1.8715366331061911 -0.028101132376370744
-1.8684174053843476 -0.028729974814471031

-1.8684174053843476 -0.028729974814471031
-1.8652981776625039 -0.029334009552780847

-1.8652981776625039 -0.029334009552780847
-1.8621789499406602 -0.02990938652385923

-1.8621789499406602 -0.02990938652385923
-1.8590597222188165 -0.030455218665423504

-1.8590597222188165 -0.030455218665423504
-1.8559404944969728 -0.030968120692592041

-1.8559404944969728 -0.030968120692592041
-1.8545087952033357 -0.03119227721843652

-1.8545087952033357 -0.03119227721843652
-1.8528212667751294 -0.031455266514817372

-1.8528212667751294 -0.031455266514817372
-1.8497020390532857 -0.031900581085914065

-1.8497020390532857 -0.031900581085914065
-1.846582811331442 -0.032311534987631715

-1.846582811331442 -0.032311534987631715
-1.8434635836095983 -0.032682956889749544

-1.8434635836095983 -0.032682956889749544
-1.8403443558877546 -0.033012531197757343

-1.8403443558877546 -0.033012531197757343
-1.8372251281659111 -0.033298809272680918

-1.8372251281659111 -0.033298809272680918
-1.8341059004440674 -0.03353903714170095

-1.8341059004440674 -0.03353903714170095
-1.8309866727222237 -0.033729707595786126

-1.8309866727222237 -0.033729707595786126
-1.82786744500038 -0.033867655725928043

-1.82786744500038 -0.033867655725928043
-1.8247482172785363 -0.033950244632553604

-1.8247482172785363 -0.033950244632553604
-1.8216289895566928 -0.033974983031919044

-1.8216289895566928 -0.033974983031919044
-1.8185097618348491 -0.033939126076360744

-1.8185097618348491 -0.033939126076360744
-1.8153905341130054 -0.033839634897983278

-1.8153905341130054 -0.033839634897983278
-1.8122713063911617 -0.033673403631946819

-1.8122713063911617 -0.033673403631946819
-1.8091520786693183 -0.033437639878673077

-1.8091520786693183 -0.033437639878673077
-1.8060328509474746 -0.033130277755569607

-1.8060328509474746 -0.033130277755569607
-1.8029136232256309 -0.032749583699862861

-1.8029136232256309 -0.032749583699862861
-1.7997943955037872 -0.032293269234417679

-1.7997943955037872 -0.032293269234417679
-1.7966751677819435 -0.031759951968973639

-1.7966751677819435 -0.031759951968973639
-1.7937927895912791 -0.03119227721843652

-1.7937927895912791 -0.03119227721843652
-1.7935559400601 -0.031143424824921846

-1.7935559400601 -0.031143424824921846
-1.7904367123382563 -0.030445650605176726

-1.7904367123382563 -0.030445650605176726
-1.7873174846164126 -0.02965903755490757

-1.7873174846164126 -0.02965903755490757
-1.7841982568945689 -0.028791370374772484

-1.7841982568945689 -0.028791370374772484
-1.7818596181652973 -0.028073049496592867

-1.7818596181652973 -0.028073049496592867
-1.7810790291727252 -0.027822826925197483

-1.7810790291727252 -0.027822826925197483
-1.7779598014508817 -0.026792001221118595

-1.7779598014508817 -0.026792001221118595
-1.774840573729038 -0.025677253641374631

-1.774840573729038 -0.025677253641374631
-1.7729907670569889 -0.024953821774749217

-1.7729907670569889 -0.024953821774749217
-1.7717213460071943 -0.024446538222318157

-1.7717213460071943 -0.024446538222318157
-1.7686021182853506 -0.023183764653839332

-1.7686021182853506 -0.023183764653839332
-1.7654923221751839 -0.021834594052905564

-1.7654923221751839 -0.021834594052905564
-1.7654828905635069 -0.021829994253177908

-1.7654828905635069 -0.021829994253177908
-1.7623636628416635 -0.020405757060051329

-1.7623636628416635 -0.020405757060051329
-1.7592444351198198 -0.01893735887700965

-1.7592444351198198 -0.01893735887700965
-1.7588385564924862 -0.018715366331061911

-1.7588385564924862 -0.018715366331061911
-1.7561252073979761 -0.017363722231068319

-1.7561252073979761 -0.017363722231068319
-1.7530059796761324 -0.01577886828062949

-1.7530059796761324 -0.01577886828062949
-1.7526987336757229 -0.015596138609218262

-1.7526987336757229 -0.015596138609218262
-1.7498867519542887 -0.014098427701359037

-1.7498867519542887 -0.014098427701359037
-1.7469202783831554 -0.012476910887374609

-1.7469202783831554 -0.012476910887374609
-1.7467675242324452 -0.012381639909612947

-1.7467675242324452 -0.012381639909612947
-1.7436482965106015 -0.010657185323499569

-1.7436482965106015 -0.010657185323499569
-1.7414063938735538 -0.0093576831655309573

-1.7414063938735538 -0.0093576831655309573
-1.7405290687887578 -0.0088140437833732835

-1.7405290687887578 -0.0088140437833732835
-1.7374098410669141 -0.0070714738522970715

-1.7374098410669141 -0.0070714738522970715
-1.7360767962154027 -0.0062384554436873043

-1.7360767962154027 -0.0062384554436873043
-1.7342906133450704 -0.0051457214628750619

-1.7342906133450704 -0.0051457214628750619
-1.7311713856232269 -0.0033179102792742334

-1.7311713856232269 -0.0033179102792742334
-1.7308821342277878 -0.0031192277218436521

-1.7308821342277878 -0.0031192277218436521
-1.7280521579013832 -0.0013964444904652554

-1.7280521579013832 -0.0013964444904652554
-1.7258241023593928 0

-1.7258241023593928 0
-1.7249329301795395 0.00059844938498739659

-1.7249329301795395 0.00059844938498739659
-1.7218137024576958 0.0024539133123652013

-1.7218137024576958 0.0024539133123652013
-1.7208365472205418 0.0031192277218436517

-1.7208365472205418 0.0031192277218436517
-1.7186944747358524 0.0044928229149165128

-1.7186944747358524 0.0044928229149165128
-1.7159279691174896 0.0062384554436873043

-1.7159279691174896 0.0062384554436873043
-1.7155752470140087 0.0064887348450408597

-1.7155752470140087 0.0064887348450408597
-1.712456019292165 0.0084072065586787877

-1.712456019292165 0.0084072065586787877
-1.7110448984095339 0.0093576831655309556

-1.7110448984095339 0.0093576831655309556
-1.7093367915703213 0.010489848974190459

-1.7093367915703213 0.010489848974190459
-1.7062175638484776 0.012447072777165776

-1.7062175638484776 0.012447072777165776
-1.7061764370511245 0.012476910887374609

-1.7061764370511245 0.012476910887374609
-1.7030983361266341 0.014416494253872082

-1.7030983361266341 0.014416494253872082
-1.7013015677253365 0.01559613860921826

-1.7013015677253365 0.01559613860921826
-1.6999791084047904 0.016485951467242112

-1.6999791084047904 0.016485951467242112
-1.6968598806829467 0.018375125831382195

-1.6968598806829467 0.018375125831382195
-1.6963718306155275 0.018715366331061915

-1.6963718306155275 0.018715366331061915
-1.693740652961103 0.020363271215149064

-1.693740652961103 0.020363271215149064
-1.6913847989343553 0.021834594052905568

-1.6913847989343553 0.021834594052905568
-1.6906214252392593 0.022350555956044679

-1.6906214252392593 0.022350555956044679
-1.6875021975174158 0.024171259768571329

-1.6875021975174158 0.024171259768571329
-1.6862764595718602 0.024953821774749217

-1.6862764595718602 0.024953821774749217
-1.6843829697955721 0.026121109277832632

-1.6843829697955721 0.026121109277832632
-1.6812637420737284 0.027922968881195553

-1.6812637420737284 0.027922968881195553
-1.6810366580308693 0.02807304949659287

-1.6810366580308693 0.02807304949659287
-1.6781445143518847 0.029752872963942138

-1.6781445143518847 0.029752872963942138
-1.6756420248763821 0.03119227721843652

-1.6756420248763821 0.03119227721843652
-1.675025286630041 0.031579965401718486

-1.675025286630041 0.031579965401718486
-1.6719060589081975 0.033272969452437559

-1.6719060589081975 0.033272969452437559
-1.6700659465651595 0.034311504940280173

-1.6700659465651595 0.034311504940280173
-1.6687868311863538 0.035051144878041035

-1.6687868311863538 0.035051144878041035
-1.6656676034645101 0.036674557992995085

-1.6656676034645101 0.036674557992995085
-1.664308644651634 0.037430732662123822

-1.664308644651634 0.037430732662123822
-1.6625483757426665 0.038391688607310646

-1.6625483757426665 0.038391688607310646
-1.6594291480208228 0.03996844872318963

-1.6594291480208228 0.03996844872318963
-1.6583626126402218 0.040549960383967479

-1.6583626126402218 0.040549960383967479
-1.6563099202989793 0.041621563898449496

-1.6563099202989793 0.041621563898449496
-1.6531906925771356 0.043155175608455609

-1.6531906925771356 0.043155175608455609
-1.6522215855537883 0.043669188105811128

-1.6522215855537883 0.043669188105811128
-1.6500714648552919 0.044753825498786495

-1.6500714648552919 0.044753825498786495
-1.6469522371334482 0.046243300009086691

-1.6469522371334482 0.046243300009086691
-1.6458817789567071 0.046788415827654778

-1.6458817789567071 0.046788415827654778
-1.6438330094116045 0.047790443959965546

-1.6438330094116045 0.047790443959965546
-1.640713781689761 0.049230445699873872

-1.640713781689761 0.049230445699873872
-1.639308665985904 0.049907643549498434

-1.639308665985904 0.049907643549498434
-1.6375945539679173 0.050723023636766271

-1.6375945539679173 0.050723023636766271
-1.6344753262460736 0.052112714506687245

-1.6344753262460736 0.052112714506687245
-1.6324490287390307 0.053026871271342084

-1.6324490287390307 0.053026871271342084
-1.6313560985242299 0.053536391894211617

-1.6313560985242299 0.053536391894211617
-1.6282368708023864 0.054865148191010155

-1.6282368708023864 0.054865148191010155
-1.6251947589334461 0.056146098993185733

-1.6251947589334461 0.056146098993185733
-1.6251176430805427 0.05618211437360171

-1.6251176430805427 0.05618211437360171
-1.621998415358699 0.057453357826428769

-1.621998415358699 0.057453357826428769
-1.6188791876368553 0.058676812622679778

-1.6188791876368553 0.058676812622679778
-1.6173920716384276 0.05926532671502939

-1.6173920716384276 0.05926532671502939
-1.6157599599150116 0.059907195262064519

-1.6157599599150116 0.059907195262064519
-1.6126407321931682 0.061055766458474305

-1.6126407321931682 0.061055766458474305
-1.6095215044713245 0.062171325206957298

-1.6095215044713245 0.062171325206957298
-1.60895107205272 0.06238455443687304

-1.60895107205272 0.06238455443687304
-1.6064022767494808 0.063282731871452294

-1.6064022767494808 0.063282731871452294
-1.6032830490276371 0.06434470360742521

-1.6032830490276371 0.06434470360742521
-1.6001638213057934 0.065374616558071613

-1.6001638213057934 0.065374616558071613
-1.5997912836234429 0.065503782158716703

-1.5997912836234429 0.065503782158716703
-1.5970445935839499 0.066396150737146137

-1.5970445935839499 0.066396150737146137
-1.5939253658621062 0.067382599796089182

-1.5939253658621062 0.067382599796089182
-1.5908061381402625 0.068339565457640195

-1.5908061381402625 0.068339565457640195
-1.5899103048287186 0.068623009880560346

-1.5899103048287186 0.068623009880560346
-1.5876869104184188 0.069302965032067287

-1.5876869104184188 0.069302965032067287
-1.5845676826965751 0.070225930777365872

-1.5845676826965751 0.070225930777365872
-1.5814484549747316 0.071129869963233422

-1.5814484549747316 0.071129869963233422
-1.5793177629976745 0.071742237602404002

-1.5793177629976745 0.071742237602404002
-1.5783292272528879 0.072033786674958716

-1.5783292272528879 0.072033786674958716
-1.5752099995310442 0.072894235266529717

-1.5752099995310442 0.072894235266529717
-1.5720907718092005 0.07374320424520997

-1.5720907718092005 0.07374320424520997
-1.5689715440873568 0.074563442496445767

-1.5689715440873568 0.074563442496445767
-1.5678507831536186 0.074861465324247659

-1.5678507831536186 0.074861465324247659
-1.5658523163655134 0.075382648230138627

-1.5658523163655134 0.075382648230138627
-1.5627330886436697 0.076162752693773372

-1.5627330886436697 0.076162752693773372
-1.559613860921826 0.076923698547401873

-1.559613860921826 0.076923698547401873
-1.5564946331999823 0.077656363328532055

-1.5564946331999823 0.077656363328532055
-1.5551089672931937 0.077980693046091315

-1.5551089672931937 0.077980693046091315
-1.5533754054781388 0.078383461070198904

-1.5533754054781388 0.078383461070198904
-1.5502561777562951 0.079074079631223912

-1.5502561777562951 0.079074079631223912
-1.5471369500344514 0.079747812976661461

-1.5471369500344514 0.079747812976661461
-1.5440177223126077 0.08040188798104729

-1.5440177223126077 0.08040188798104729
-1.540898494590764 0.081036201031485081

-1.540898494590764 0.081036201031485081
-1.5405912655550329 0.081099920767934958

-1.5405912655550329 0.081099920767934958
-1.5377792668689205 0.081659431307861019

-1.5377792668689205 0.081659431307861019
-1.5346600391470768 0.082263082609450797

-1.5346600391470768 0.082263082609450797
-1.5315408114252331 0.082852071910530484

-1.5315408114252331 0.082852071910530484
-1.5284215837033894 0.083427489714461955

-1.5284215837033894 0.083427489714461955
-1.5253023559815457 0.083987541156522461

-1.5253023559815457 0.083987541156522461
-1.5240158101459598 0.084219148489778614

-1.5240158101459598 0.084219148489778614
-1.5221831282597023 0.084546342407118752

-1.5221831282597023 0.084546342407118752
-1.5190639005378586 0.085085253642445902

-1.5190639005378586 0.085085253642445902
-1.5159446728160149 0.085615075566183974

-1.5159446728160149 0.085615075566183974
-1.5128254450941712 0.086132909811439215

-1.5128254450941712 0.086132909811439215
-1.5097062173723275 0.086638965389522038

-1.5097062173723275 0.086638965389522038
-1.506586989650484 0.087130908302756424

-1.506586989650484 0.087130908302756424
-1.5052657821289614 0.087338376211622271

-1.5052657821289614 0.087338376211622271
-1.5034677619286403 0.087618901810303809

-1.5034677619286403 0.087618901810303809
-1.5003485342067966 0.088087933702930693

-1.5003485342067966 0.088087933702930693
-1.4972293064849529 0.088546107713566635

-1.4972293064849529 0.088546107713566635
-1.4941100787631092 0.088990959970440903

-1.4941100787631092 0.088990959970440903
-1.4909908510412657 0.089421323852609674

-1.4909908510412657 0.089421323852609674
-1.487871623319422 0.08983616240721938

-1.487871623319422 0.08983616240721938
-1.4847523955975783 0.090234040831354237

-1.4847523955975783 0.090234040831354237
-1.4829383791307311 0.090457603933465913

-1.4829383791307311 0.090457603933465913
-1.4816331678757346 0.090619158529135616

-1.4816331678757346 0.090619158529135616
-1.4785139401538909 0.090982937026287583

-1.4785139401538909 0.090982937026287583
-1.4753947124320475 0.091331612718307004

-1.4753947124320475 0.091331612718307004
-1.4722754847102038 0.091663968352495254

-1.4722754847102038 0.091663968352495254
-1.4691562569883601 0.091980782423341678

-1.4691562569883601 0.091980782423341678
-1.4660370292665164 0.09228306230264853

-1.4660370292665164 0.09228306230264853
-1.4629178015446729 0.092572016241766253

-1.4629178015446729 0.092572016241766253
-1.4597985738228292 0.092849235414175613

-1.4597985738228292 0.092849235414175613
-1.4566793461009855 0.093116726419042006

-1.4566793461009855 0.093116726419042006
-1.4535601183791418 0.093376713407051434

-1.4535601183791418 0.093376713407051434
-1.4510992317035771 0.09357683165530957

-1.4510992317035771 0.09357683165530957
-1.4504408906572981 0.093630987795774154

-1.4504408906572981 0.093630987795774154
-1.4473216629354546 0.093877439619967112

-1.4473216629354546 0.093877439619967112
-1.4442024352136109 0.094119809771827947

-1.4442024352136109 0.094119809771827947
-1.4410832074917672 0.094358018599565094

-1.4410832074917672 0.094358018599565094
-1.4379639797699235 0.094592265977062162

-1.4379639797699235 0.094592265977062162
-1.4348447520480798 0.094822536553869421

-1.4348447520480798 0.094822536553869421
-1.4317255243262363 0.095048444773810428

-1.4317255243262363 0.095048444773810428
-1.4286062966043926 0.095269347335180041

-1.4286062966043926 0.095269347335180041
-1.4254870688825489 0.095484189785548318

-1.4254870688825489 0.095484189785548318
-1.4223678411607052 0.095691888901352995

-1.4223678411607052 0.095691888901352995
-1.4192486134388616 0.095891763681625455

-1.4192486134388616 0.095891763681625455
-1.4161293857170181 0.096083187441172474

-1.4161293857170181 0.096083187441172474
-1.4130101579951744 0.096265615450229297

-1.4130101579951744 0.096265615450229297
-1.4098909302733307 0.096439544541718436

-1.4098909302733307 0.096439544541718436
-1.406771702551487 0.096606267666876869

-1.406771702551487 0.096606267666876869
-1.4049962878970674 0.096696059377153226

-1.4049962878970674 0.096696059377153226
-1.4036524748296433 0.096764106159493685

-1.4036524748296433 0.096764106159493685
-1.4005332471077998 0.096909603992823209

-1.4005332471077998 0.096909603992823209
-1.3974140193859561 0.097047550637768432

-1.3974140193859561 0.097047550637768432
-1.3942947916641124 0.097179824626630523

-1.3942947916641124 0.097179824626630523
-1.3911755639422687 0.097306414087925799

-1.3911755639422687 0.097306414087925799
-1.388056336220425 0.097427526200665221

-1.388056336220425 0.097427526200665221
-1.3849371084985815 0.097543323329049678

-1.3849371084985815 0.097543323329049678
-1.3818178807767378 0.097655067349462651

-1.3818178807767378 0.097655067349462651
-1.3786986530548941 0.097764755982350862

-1.3786986530548941 0.097764755982350862
-1.3755794253330504 0.097873140514670623

-1.3755794253330504 0.097873140514670623
-1.372460197611207 0.097979771148397399

-1.372460197611207 0.097979771148397399
-1.3693409698893633 0.098084808299926121

-1.3693409698893633 0.098084808299926121
-1.3662217421675196 0.098189937137022759

-1.3662217421675196 0.098189937137022759
-1.3631025144456759 0.098296931533438728

-1.3631025144456759 0.098296931533438728
-1.3599832867238322 0.098405922382658759

-1.3599832867238322 0.098405922382658759
-1.3568640590019887 0.098515915199541226

-1.3568640590019887 0.098515915199541226
-1.353744831280145 0.098626608619337031

-1.353744831280145 0.098626608619337031
-1.3506256035583013 0.098738653133853785

-1.3506256035583013 0.098738653133853785
-1.3475063758364576 0.098852116101619397

-1.3475063758364576 0.098852116101619397
-1.3443871481146139 0.098965588375104344

-1.3443871481146139 0.098965588375104344
-1.3412679203927704 0.099077119720262549

-1.3412679203927704 0.099077119720262549
-1.3381486926709267 0.099185630077494522

-1.3381486926709267 0.099185630077494522
-1.335029464949083 0.09929096378001559

-1.335029464949083 0.09929096378001559
-1.3319102372272393 0.099392809690115019

-1.3319102372272393 0.099392809690115019
-1.3287910095053956 0.0994904705934887

-1.3287910095053956 0.0994904705934887
-1.3256717817835522 0.099583876368620219

-1.3256717817835522 0.099583876368620219
-1.3225525540617085 0.099674010523966267

-1.3225525540617085 0.099674010523966267
-1.3194333263398648 0.09976229900490538

-1.3194333263398648 0.09976229900490538
-1.3174811346669904 0.099815287098996869

-1.3174811346669904 0.099815287098996869
-1.3163140986180211 0.099847009682579466

-1.3163140986180211 0.099847009682579466
-1.3131948708961774 0.09992658371313054

-1.3131948708961774 0.09992658371313054
-1.3100756431743339 0.10000349804887318

-1.3100756431743339 0.10000349804887318
-1.3069564154524902 0.10007900909349542

-1.3069564154524902 0.10007900909349542
-1.3038371877306465 0.1001548448165146

-1.3038371877306465 0.1001548448165146
-1.3007179600088028 0.10023274622147829

-1.3007179600088028 0.10023274622147829
-1.2975987322869591 0.10031358268698551

-1.2975987322869591 0.10031358268698551
-1.2944795045651156 0.10039753078666977

-1.2944795045651156 0.10039753078666977
-1.2913602768432719 0.1004849357732636

-1.2913602768432719 0.1004849357732636
-1.2882410491214282 0.10057617859852493

-1.2882410491214282 0.10057617859852493
-1.2851218213995845 0.10067117307375657

-1.2851218213995845 0.10067117307375657
-1.2820025936777411 0.10076915732344231

-1.2820025936777411 0.10076915732344231
-1.2788833659558974 0.10086914502663995

-1.2788833659558974 0.10086914502663995
-1.2757641382340537 0.10097049201211554

-1.2757641382340537 0.10097049201211554
-1.27264491051221 0.10107252908187535

-1.27264491051221 0.10107252908187535
-1.2695256827903663 0.10117381947813006

-1.2695256827903663 0.10117381947813006
-1.2664064550685228 0.10127229497106051

-1.2664064550685228 0.10127229497106051
-1.2632872273466791 0.10136629496091928

-1.2632872273466791 0.10136629496091928
-1.2601679996248354 0.10145537977375126

-1.2601679996248354 0.10145537977375126
-1.2570487719029917 0.10154013699466995

-1.2570487719029917 0.10154013699466995
-1.253929544181148 0.10162133968358544

-1.253929544181148 0.10162133968358544
-1.2508103164593045 0.10169941715411276

-1.2508103164593045 0.10169941715411276
-1.2476910887374608 0.10177463148484939

-1.2476910887374608 0.10177463148484939
-1.2445718610156171 0.10184748182871102

-1.2445718610156171 0.10184748182871102
-1.2414526332937734 0.10191887415305351

-1.2414526332937734 0.10191887415305351
-1.2383334055719297 0.10199005404549226

-1.2383334055719297 0.10199005404549226
-1.2352141778500862 0.10206246476728977

-1.2352141778500862 0.10206246476728977
-1.2320949501282425 0.10213747059885139

-1.2320949501282425 0.10213747059885139
-1.2289757224063989 0.10221595502032131

-1.2289757224063989 0.10221595502032131
-1.2258564946845552 0.10229817321117021

-1.2258564946845552 0.10229817321117021
-1.2227372669627115 0.10238411281590395

-1.2227372669627115 0.10238411281590395
-1.219618039240868 0.10247384653554754

-1.219618039240868 0.10247384653554754
-1.2164988115190243 0.10256712069814612

-1.2164988115190243 0.10256712069814612
-1.2133795837971806 0.10266273195345806

-1.2133795837971806 0.10266273195345806
-1.2102603560753369 0.10275888719488892

-1.2102603560753369 0.10275888719488892
-1.2071411283534932 0.10285476896848803

-1.2071411283534932 0.10285476896848803
-1.2044977903589331 0.10293451482084053

-1.2044977903589331 0.10293451482084053
-1.2040219006316497 0.10294894536650985

-1.2040219006316497 0.10294894536650985
-1.200902672909806 0.10304043839155651

-1.200902672909806 0.10304043839155651
-1.1977834451879623 0.10313028919707866

-1.1977834451879623 0.10313028919707866
-1.1946642174661186 0.10321881969028672

-1.1946642174661186 0.10321881969028672
-1.1915449897442751 0.10330635290498696

-1.1915449897442751 0.10330635290498696
-1.1884257620224314 0.10339236479240138

-1.1884257620224314 0.10339236479240138
-1.1853065343005877 0.10347755591210898

-1.1853065343005877 0.10347755591210898
-1.182187306578744 0.1035637480685191

-1.182187306578744 0.1035637480685191
-1.1790680788569003 0.10365174848311409

-1.1790680788569003 0.10365174848311409
-1.1759488511350569 0.10374166056410217

-1.1759488511350569 0.10374166056410217
-1.1728296234132132 0.10383422093842577

-1.1728296234132132 0.10383422093842577
-1.1697103956913695 0.10393066368744336

-1.1697103956913695 0.10393066368744336
-1.1665911679695258 0.10403243148480089

-1.1665911679695258 0.10403243148480089
-1.1634719402476821 0.10414111729686847

-1.1634719402476821 0.10414111729686847
-1.1603527125258386 0.1042578733376037

-1.1603527125258386 0.1042578733376037
-1.1572334848039949 0.10438313427972359

-1.1572334848039949 0.10438313427972359
-1.1541142570821512 0.10451724537498429

-1.1541142570821512 0.10451724537498429
-1.1509950293603075 0.10466099154905578

-1.1509950293603075 0.10466099154905578
-1.1478758016384638 0.10481539551050725

-1.1478758016384638 0.10481539551050725
-1.1447565739166203 0.10498122938268759

-1.1447565739166203 0.10498122938268759
-1.1416373461947766 0.10515885018593044

-1.1416373461947766 0.10515885018593044
-1.1385181184729329 0.10534837451783866

-1.1385181184729329 0.10534837451783866
-1.1353988907510892 0.10554974704331598

-1.1353988907510892 0.10554974704331598
-1.1322796630292455 0.10576253529504068

-1.1322796630292455 0.10576253529504068
-1.1291604353074021 0.10598504731163405

-1.1291604353074021 0.10598504731163405
-1.1282454269870188 0.10605374254268418

-1.1282454269870188 0.10605374254268418
-1.1260412075855584 0.10621800685404169

-1.1260412075855584 0.10621800685404169
-1.1229219798637147 0.10645713463128316

-1.1229219798637147 0.10645713463128316
-1.119802752141871 0.10670220013712022

-1.119802752141871 0.10670220013712022
-1.1166835244200273 0.10695133439856519

-1.1166835244200273 0.10695133439856519
-1.1135642966981838 0.10720342472659712

-1.1135642966981838 0.10720342472659712
-1.1104450689763401 0.10745788748995234

-1.1104450689763401 0.10745788748995234
-1.1073258412544964 0.10771446106049126

-1.1073258412544964 0.10771446106049126
-1.1042066135326527 0.1079730501493491

-1.1042066135326527 0.1079730501493491
-1.1010873858108092 0.10823366947679394

-1.1010873858108092 0.10823366947679394
-1.0979681580889655 0.1084965236893341

-1.0979681580889655 0.1084965236893341
-1.0948489303671218 0.1087623269792056

-1.0948489303671218 0.1087623269792056
-1.0917297026452781 0.10903176666257047

-1.0917297026452781 0.10903176666257047
-1.0901459618521399 0.10917297026452782

-1.0901459618521399 0.10917297026452782
-1.0886104749234344 0.10930996083614729

-1.0886104749234344 0.10930996083614729
-1.085491247201591 0.10959461609663677

-1.085491247201591 0.10959461609663677
-1.0823720194797473 0.10989134206499686

-1.0823720194797473 0.10989134206499686
-1.0792527917579036 0.11020149155525688

-1.0792527917579036 0.11020149155525688
-1.0761335640360599 0.11052673303750037

-1.0761335640360599 0.11052673303750037
-1.0730143363142162 0.11086818423313088

-1.0730143363142162 0.11086818423313088
-1.0698951085923727 0.11122648111661082

-1.0698951085923727 0.11122648111661082
-1.066775880870529 0.1116019111563161

-1.066775880870529 0.1116019111563161
-1.0636566531486853 0.1119935522660111

-1.0636566531486853 0.1119935522660111
-1.0613822751200614 0.11229219798637148

-1.0613822751200614 0.11229219798637148
-1.0605374254268416 0.11240490249263409

-1.0605374254268416 0.11240490249263409
-1.0574181977049979 0.11282697808520541

-1.0574181977049979 0.11282697808520541
-1.0542989699831544 0.11326502773780792

-1.0542989699831544 0.11326502773780792
-1.0511797422613107 0.1137151194723284

-1.0511797422613107 0.1137151194723284
-1.048060514539467 0.11417528515994402

-1.048060514539467 0.11417528515994402
-1.0449412868176233 0.1146437973232103

-1.0449412868176233 0.1146437973232103
-1.0418220590957796 0.1151172691124355

-1.0418220590957796 0.1151172691124355
-1.0399245080648971 0.11541142570821514

-1.0399245080648971 0.11541142570821514
-1.0387028313739362 0.11560245230882266

-1.0387028313739362 0.11560245230882266
-1.0355836036520925 0.11608542049815024

-1.0355836036520925 0.11608542049815024
-1.0324643759302488 0.11657602683489499

-1.0324643759302488 0.11657602683489499
-1.0293451482084051 0.11707128854417065

-1.0293451482084051 0.11707128854417065
-1.0262259204865614 0.11757121666458233

-1.0262259204865614 0.11757121666458233
-1.0231066927647179 0.11807575476135557

-1.0231066927647179 0.11807575476135557
-1.020323137819821 0.11853065343005878

-1.020323137819821 0.11853065343005878
-1.0199874650428742 0.11858733862582335

-1.0199874650428742 0.11858733862582335
-1.0168682373210305 0.11910048408916794

-1.0168682373210305 0.11910048408916794
-1.0137490095991868 0.11962158688203858

-1.0137490095991868 0.11962158688203858
-1.0106297818773433 0.12014866663450109

-1.0106297818773433 0.12014866663450109
-1.0075105541554996 0.12068143028079072

-1.0075105541554996 0.12068143028079072
-1.0043913264336559 0.12121848166695913

-1.0043913264336559 0.12121848166695913
-1.0019141595095911 0.12164988115190244

-1.0019141595095911 0.12164988115190244
-1.0012720987118122 0.12176465591384751

-1.0012720987118122 0.12176465591384751
-0.99815287098996874 0.12230831900221174

-0.99815287098996874 0.12230831900221174
-0.99503364326812505 0.12285949801228035

-0.99503364326812505 0.12285949801228035
-0.99191441554628146 0.12341414200798767

-0.99191441554628146 0.12341414200798767
-0.98879518782443776 0.1239711440135787

-0.98879518782443776 0.1239711440135787
-0.98567596010259406 0.12452569153762279

-0.98567596010259406 0.12452569153762279
-0.98433589669715704 0.12476910887374609

-0.98433589669715704 0.12476910887374609
-0.98255673238075047 0.12509023616462484

-0.98255673238075047 0.12509023616462484
-0.97943750465890678 0.12564628465644495

-0.97943750465890678 0.12564628465644495
-0.97631827693706319 0.12620507992867813

-0.97631827693706319 0.12620507992867813
-0.97319904921521949 0.12676328752479599

-0.97319904921521949 0.12676328752479599
-0.97007982149337579 0.12732011520510242

-0.97007982149337579 0.12732011520510242
-0.96696059377153221 0.12787398800189678

-0.96696059377153221 0.12787398800189678
-0.9668828704386222 0.12788833659558974

-0.9668828704386222 0.12788833659558974
-0.96384136604968851 0.12842618020182095

-0.96384136604968851 0.12842618020182095
-0.96072213832784492 0.12897433840962394

-0.96072213832784492 0.12897433840962394
-0.95760291060600122 0.12951816872912275

-0.95760291060600122 0.12951816872912275
-0.95448368288415764 0.13005675168032338

-0.95448368288415764 0.13005675168032338
-0.95136445516231394 0.13058831657382225

-0.95136445516231394 0.13058831657382225
-0.94887603136673759 0.13100756431743341

-0.94887603136673759 0.13100756431743341
-0.94824522744047024 0.13111653863784808

-0.94824522744047024 0.13111653863784808
-0.94512599971862665 0.13163003933572059

-0.94512599971862665 0.13163003933572059
-0.94200677199678295 0.13213804963419745

-0.94200677199678295 0.13213804963419745
-0.93888754427493937 0.13263752813891869

-0.93888754427493937 0.13263752813891869
-0.93576831655309567 0.13312838222124454

-0.93576831655309567 0.13312838222124454
-0.93264908883125197 0.1336103559961753

-0.93264908883125197 0.1336103559961753
-0.92952986110940838 0.13408193346671624

-0.92952986110940838 0.13408193346671624
-0.92923752991590147 0.13412679203927705

-0.92923752991590147 0.13412679203927705
-0.92641063338756469 0.13454731518818114

-0.92641063338756469 0.13454731518818114
-0.9232914056657211 0.13500190563392586

-0.9232914056657211 0.13500190563392586
-0.9201721779438774 0.13544738301230538

-0.9201721779438774 0.13544738301230538
-0.9170529502220337 0.13588368625475233

-0.9170529502220337 0.13588368625475233
-0.91393372250019012 0.13631076052644434

-0.91393372250019012 0.13631076052644434
-0.91081449477834642 0.13672818635779119

-0.91081449477834642 0.13672818635779119
-0.90769526705650283 0.13713350055837864

-0.90769526705650283 0.13713350055837864
-0.90682270047006841 0.13724601976112069

-0.90682270047006841 0.13724601976112069
-0.90457603933465913 0.13753152619946216

-0.90457603933465913 0.13753152619946216
-0.90145681161281555 0.13791281130969091

-0.90145681161281555 0.13791281130969091
-0.89833758389097185 0.13827961348983542

-0.89833758389097185 0.13827961348983542
-0.89521835616912815 0.13862957359243122

-0.89521835616912815 0.13862957359243122
-0.89209912844728456 0.13896156575379112

-0.89209912844728456 0.13896156575379112
-0.88897990072544086 0.13927499799471688

-0.88897990072544086 0.13927499799471688
-0.88586067300359728 0.13956964852033249

-0.88586067300359728 0.13956964852033249
-0.88274144528175358 0.13984559250037018

-0.88274144528175358 0.13984559250037018
-0.87962221755990988 0.14010293585136185

-0.87962221755990988 0.14010293585136185
-0.87650298983806629 0.140341367675623

-0.87650298983806629 0.140341367675623
-0.87616981803123151 0.14036524748296436

-0.87616981803123151 0.14036524748296436
-0.8733837621162226 0.14056201487853653

-0.8733837621162226 0.14056201487853653
-0.87026453439437901 0.14076425913434817

-0.87026453439437901 0.14076425913434817
-0.86714530667253531 0.14094959640564475

-0.86714530667253531 0.14094959640564475
-0.86402607895069172 0.14111906155813059

-0.86402607895069172 0.14111906155813059
-0.86090685122884802 0.14127348265906486

-0.86090685122884802 0.14127348265906486
-0.85778762350700433 0.14141327465641448

-0.85778762350700433 0.14141327465641448
-0.85466839578516074 0.14153837108504841

-0.85466839578516074 0.14153837108504841
-0.85154916806331704 0.14164827621761802

-0.85154916806331704 0.14164827621761802
-0.84842994034147345 0.14174216473903689

-0.84842994034147345 0.14174216473903689
-0.84531071261962976 0.1418189315415419

-0.84531071261962976 0.1418189315415419
-0.84219148489778606 0.14187731608918408

-0.84219148489778606 0.14187731608918408
-0.83907225717594247 0.1419161513194821

-0.83907225717594247 0.1419161513194821
-0.83595302945409877 0.14193453494788152

-0.83595302945409877 0.14193453494788152
-0.83283380173225519 0.14193215732665573

-0.83283380173225519 0.14193215732665573
-0.82971457401041149 0.14190936579490862

-0.82971457401041149 0.14190936579490862
-0.82659534628856779 0.14186691368116683

-0.82659534628856779 0.14186691368116683
-0.8234761185667242 0.14180549251699703

-0.8234761185667242 0.14180549251699703
-0.8203568908448805 0.14172562188378643

-0.8203568908448805 0.14172562188378643
-0.81723766312303692 0.14162785273282932

-0.81723766312303692 0.14162785273282932
-0.81411843540119322 0.14151294242591586

-0.81411843540119322 0.14151294242591586
-0.81099920767934963 0.14138210614495608

-0.81099920767934963 0.14138210614495608
-0.80787997995750593 0.14123666396864282

-0.80787997995750593 0.14123666396864282
-0.80476075223566224 0.14107736796812001

-0.80476075223566224 0.14107736796812001
-0.80476075223566224 0.14107736796812001

-0.80476075223566224 0.14107736796812001
-0.80164152451381865 0.1409038672062318

-0.80164152451381865 0.1409038672062318
-0.79852229679197495 0.14071469528997044

-0.79852229679197495 0.14071469528997044
-0.79540306907013136 0.14050827212217923

-0.79540306907013136 0.14050827212217923
-0.79343528829131926 0.14036524748296436

-0.79343528829131926 0.14036524748296436
-0.79228384134828767 0.14028108861222569

-0.79228384134828767 0.14028108861222569
-0.78916461362644397 0.14003525885984161

-0.78916461362644397 0.14003525885984161
-0.78604538590460038 0.13976753996133642

-0.78604538590460038 0.13976753996133642
-0.78292615818275668 0.13947800656017703

-0.78292615818275668 0.13947800656017703
-0.77980693046091309 0.13916612539883313

-0.77980693046091309 0.13916612539883313
-0.7766877027390694 0.13883127821992725

-0.7766877027390694 0.13883127821992725
-0.77356847501722581 0.13847358706059082

-0.77356847501722581 0.13847358706059082
-0.77044924729538211 0.13809434960058703

-0.77044924729538211 0.13809434960058703
-0.76733001957353841 0.13769541471810859

-0.76733001957353841 0.13769541471810859
-0.76421079185169483 0.13727959613608881

-0.76421079185169483 0.13727959613608881
-0.76397609311845716 0.13724601976112069

-0.76397609311845716 0.13724601976112069
-0.76109156412985113 0.13684526590148866

-0.76109156412985113 0.13684526590148866
-0.75797233640800754 0.13639667088650875

-0.75797233640800754 0.13639667088650875
-0.75485310868616384 0.13593383400322195

-0.75485310868616384 0.13593383400322195
-0.75173388096432014 0.13545765111738142

-0.75173388096432014 0.13545765111738142
-0.74861465324247656 0.13496773657371827

-0.74861465324247656 0.13496773657371827
-0.74549542552063286 0.13446510280382212

-0.74549542552063286 0.13446510280382212
-0.7434733610141937 0.13412679203927705

-0.7434733610141937 0.13412679203927705
-0.74237619779878927 0.13394080278355924

-0.74237619779878927 0.13394080278355924
-0.73925697007694557 0.1334079149224133

-0.73925697007694557 0.1334079149224133
-0.73613774235510188 0.13285216953783494

-0.73613774235510188 0.13285216953783494
-0.73301851463325829 0.13227478974449242

-0.73301851463325829 0.13227478974449242
-0.72989928691141459 0.1316744872833952

-0.72989928691141459 0.1316744872833952
-0.726780059189571 0.13105114255563416

-0.726780059189571 0.13105114255563416
-0.72658086829228741 0.13100756431743341

-0.72658086829228741 0.13100756431743341
-0.72366083146772731 0.13039716963213274

-0.72366083146772731 0.13039716963213274
-0.72054160374588372 0.12971719344678742

-0.72054160374588372 0.12971719344678742
-0.71742237602404002 0.12900768355853137

-0.71742237602404002 0.12900768355853137
-0.71430314830219632 0.12827557177456311

-0.71430314830219632 0.12827557177456311
-0.71274546640063863 0.12788833659558974

-0.71274546640063863 0.12788833659558974
-0.71118392058035274 0.12749977087508874

-0.71118392058035274 0.12749977087508874
-0.70806469285850904 0.12671499207807108

-0.70806469285850904 0.12671499207807108
-0.70494546513666545 0.12589617848512083

-0.70494546513666545 0.12589617848512083
-0.70182623741482175 0.12506009071229715

-0.70182623741482175 0.12506009071229715
-0.70081335188921934 0.12476910887374609

-0.70081335188921934 0.12476910887374609
-0.69870700969297805 0.12417832509772546

-0.69870700969297805 0.12417832509772546
-0.69558778197113447 0.1232904421165734

-0.69558778197113447 0.1232904421165734
-0.69246855424929077 0.12237849451121352

-0.69246855424929077 0.12237849451121352
-0.6900395929496711 0.12164988115190244

-0.6900395929496711 0.12164988115190244
-0.68934932652744718 0.12143362757219359

-0.68934932652744718 0.12143362757219359
-0.68623009880560348 0.12049139532464204

-0.68623009880560348 0.12049139532464204
-0.6831108710837599 0.11951886338721816

-0.6831108710837599 0.11951886338721816
-0.68000606916156292 0.11853065343005878

-0.68000606916156292 0.11853065343005878
-0.6799916433619162 0.11852566448899195

-0.6799916433619162 0.11852566448899195
-0.6768724156400725 0.11751261244754978

-0.6768724156400725 0.11751261244754978
-0.67375318791822891 0.11647967412588846

-0.67375318791822891 0.11647967412588846
-0.67063396019638521 0.11542933217310121

-0.67063396019638521 0.11542933217310121
-0.67058615494561791 0.11541142570821514

-0.67058615494561791 0.11541142570821514
-0.66751473247454163 0.11435581309340151

-0.66751473247454163 0.11435581309340151
-0.66439550475269793 0.11326133557768137

-0.66439550475269793 0.11326133557768137
-0.66170849447774005 0.11229219798637148

-0.66170849447774005 0.11229219798637148
-0.66127627703085423 0.11212524064238591

-0.66127627703085423 0.11212524064238591
-0.65815704930901064 0.11098667062603119

-0.65815704930901064 0.11098667062603119
-0.65503782158716695 0.10982545194243425

-0.65503782158716695 0.10982545194243425
-0.65337651284348397 0.10917297026452782

-0.65337651284348397 0.10917297026452782
-0.65191859386532336 0.10859603461669923

-0.65191859386532336 0.10859603461669923
-0.64879936614347966 0.10738302985526328

-0.64879936614347966 0.10738302985526328
-0.64568013842163596 0.10613107325090246

-0.64568013842163596 0.10613107325090246
-0.64551015294305381 0.10605374254268418

-0.64551015294305381 0.10605374254268418
-0.64256091069979238 0.10483393534380156

-0.64256091069979238 0.10483393534380156
-0.63944168297794868 0.10353477389616339

-0.63944168297794868 0.10353477389616339
-0.63810046288695454 0.10293451482084053

-0.63810046288695454 0.10293451482084053
-0.63632245525610509 0.10215019167622842

-0.63632245525610509 0.10215019167622842
-0.63320322753426139 0.10079988112571754

-0.63320322753426139 0.10079988112571754
-0.63104027342771873 0.099815287098996869

-0.63104027342771873 0.099815287098996869
-0.63008399981241781 0.099359396208443654

-0.63008399981241781 0.099359396208443654
-0.62696477209057411 0.09795331344842971

-0.62696477209057411 0.09795331344842971
-0.62428903125434188 0.096696059377153226

-0.62428903125434188 0.096696059377153226
-0.62384554436873041 0.096468279163096998

-0.62384554436873041 0.096468279163096998
-0.62072631664688682 0.094999812993936006

-0.62072631664688682 0.094999812993936006
-0.61779921150812611 0.09357683165530957

-0.61779921150812611 0.09357683165530957
-0.61760708892504312 0.093472164906264629

-0.61760708892504312 0.093472164906264629
-0.61448786120319954 0.091942446830396637

-0.61448786120319954 0.091942446830396637
-0.61153318697054415 0.090457603933465913

-0.61153318697054415 0.090457603933465913
-0.61136863348135584 0.090364328275558861

-0.61136863348135584 0.090364328275558861
-0.60824940575951214 0.088784077870056571

-0.60824940575951214 0.088784077870056571
-0.60547164553879029 0.087338376211622271

-0.60547164553879029 0.087338376211622271
-0.60513017803766855 0.087140292197577532

-0.60513017803766855 0.087140292197577532
-0.60201095031582486 0.085518813355138903

-0.60201095031582486 0.085518813355138903
-0.59962274906446311 0.084219148489778614

-0.59962274906446311 0.084219148489778614
-0.59889172259398127 0.083789656586509609

-0.59889172259398127 0.083789656586509609
-0.59577249487213757 0.082130537199819387

-0.59577249487213757 0.082130537199819387
-0.59398646816480027 0.081099920767934958

-0.59398646816480027 0.081099920767934958
-0.59265326715029398 0.080312917558360106

-0.59265326715029398 0.080312917558360106
-0.58953403942845028 0.078596942697885669

-0.58953403942845028 0.078596942697885669
-0.58855843990822787 0.077980693046091315

-0.58855843990822787 0.077980693046091315
-0.58641481170660659 0.076700294835723729

-0.58641481170660659 0.076700294835723729
-0.58332857958321416 0.074861465324247659

-0.58332857958321416 0.074861465324247659
-0.583295583984763 0.074838699948892543

-0.583295583984763 0.074838699948892543
-0.5801763562629193 0.072954043355221654

-0.5801763562629193 0.072954043355221654
-0.57828221564245075 0.071742237602404002

-0.57828221564245075 0.071742237602404002
-0.57705712854107571 0.070929563726503331

-0.57705712854107571 0.070929563726503331
-0.57393790081923202 0.069034222582846222

-0.57393790081923202 0.069034222582846222
-0.57336029023019308 0.068623009880560346

-0.57336029023019308 0.068623009880560346
-0.57081867309738832 0.066978583309058329

-0.57081867309738832 0.066978583309058329
-0.56859585633413812 0.065503782158716703

-0.56859585633413812 0.065503782158716703
-0.56769944537554473 0.06486580966399795

-0.56769944537554473 0.06486580966399795
-0.56458021765370103 0.062889317805209871

-0.56458021765370103 0.062889317805209871
-0.56389239793427159 0.06238455443687304

-0.56389239793427159 0.06238455443687304
-0.56146098993185745 0.060746357910280317

-0.56146098993185745 0.060746357910280317
-0.55931371937200192 0.05926532671502939

-0.55931371937200192 0.05926532671502939
-0.55834176221001375 0.058551498874318687

-0.55834176221001375 0.058551498874318687
-0.55522253448817016 0.056482308618056594

-0.55522253448817016 0.056482308618056594
-0.55478712257876073 0.056146098993185733

-0.55478712257876073 0.056146098993185733
-0.55210330676632646 0.054272592091175284

-0.55210330676632646 0.054272592091175284
-0.55042025692961072 0.053026871271342084

-0.55042025692961072 0.053026871271342084
-0.54898407904448276 0.051948230226388614

-0.54898407904448276 0.051948230226388614
-0.54612851615039859 0.049907643549498434

-0.54612851615039859 0.049907643549498434
-0.54586485132263918 0.049696259504634938

-0.54586485132263918 0.049696259504634938
-0.54274562360079548 0.047469549853741203

-0.54274562360079548 0.047469549853741203
-0.54190408610086782 0.046788415827654778

-0.54190408610086782 0.046788415827654778
-0.53962639587895189 0.045050407499091297

-0.53962639587895189 0.045050407499091297
-0.53789081029220021 0.043669188105811128

-0.53789081029220021 0.043669188105811128
-0.53650716815710819 0.042547641815768991

-0.53650716815710819 0.042547641815768991
-0.53394074848155215 0.040549960383967479

-0.53394074848155215 0.040549960383967479
-0.5333879404352645 0.040083386011548289

-0.5333879404352645 0.040083386011548289
-0.53026871271342091 0.037693610870808948

-0.53026871271342091 0.037693610870808948
-0.52996382155395072 0.037430732662123822

-0.52996382155395072 0.037430732662123822
-0.52714948499157721 0.035191266994387516

-0.52714948499157721 0.035191266994387516
-0.52612716699190953 0.034311504940280173

-0.52612716699190953 0.034311504940280173
-0.52403025726973362 0.032566640680251516

-0.52403025726973362 0.032566640680251516
-0.52242073638023245 0.03119227721843652

-0.52242073638023245 0.03119227721843652
-0.52091102954788993 0.029895180017364006

-0.52091102954788993 0.029895180017364006
-0.51875512989488315 0.02807304949659287

-0.51875512989488315 0.02807304949659287
-0.51779180182604623 0.027226159729244168

-0.51779180182604623 0.027226159729244168
-0.51506923301767837 0.024953821774749217

-0.51506923301767837 0.024953821774749217
-0.51467257410420264 0.024599094480055456

-0.51467257410420264 0.024599094480055456
-0.51155334638235894 0.022016659051873024

-0.51155334638235894 0.022016659051873024
-0.51135198209904142 0.021834594052905568

-0.51135198209904142 0.021834594052905568
-0.50843411866051536 0.019361238222102263

-0.50843411866051536 0.019361238222102263
-0.50772252222718561 0.018715366331061915

-0.50772252222718561 0.018715366331061915
-0.50531489093867166 0.016610692099117117

-0.50531489093867166 0.016610692099117117
-0.50420108612811443 0.01559613860921826

-0.50420108612811443 0.01559613860921826
-0.50219566321682807 0.01379768432716375

-0.50219566321682807 0.01379768432716375
-0.50075363935011863 0.012476910887374609

-0.50075363935011863 0.012476910887374609
-0.49907643549498437 0.010940653102577899

-0.49907643549498437 0.010940653102577899
-0.49736045459235151 0.0093576831655309556

-0.49736045459235151 0.0093576831655309556
-0.49595720777314073 0.0080496806551579037

-0.49595720777314073 0.0080496806551579037
-0.49401018673870234 0.0062384554436873043

-0.49401018673870234 0.0062384554436873043
-0.49283798005129709 0.0051300490573285068

-0.49283798005129709 0.0051300490573285068
-0.49069548355245368 0.0031192277218436517

-0.49069548355245368 0.0031192277218436517
-0.48971875232945339 0.0021849066097975639

-0.48971875232945339 0.0021849066097975639
-0.48741267472541011 0

-0.48741267472541011 0
-0.48659952460760975 -0.00078553898391823921

-0.48659952460760975 -0.00078553898391823921
-0.48659952460760975 -0.00078553898391823921

-0.48659952460760975 -0.00078553898391823921
-0.48415894649414881 -0.0031192277218436521

-0.48415894649414881 -0.0031192277218436521
-0.4834802968857661 -0.0037799851987769693

-0.4834802968857661 -0.0037799851987769693
-0.48093084470029224 -0.0062384554436873043

-0.48093084470029224 -0.0062384554436873043
-0.48036106916392246 -0.006796725185595486

-0.48036106916392246 -0.006796725185595486
-0.47772504607226857 -0.0093576831655309573

-0.47772504607226857 -0.0093576831655309573
-0.47724184144207882 -0.0098335368735596573

-0.47724184144207882 -0.0098335368735596573
-0.4745431469205717 -0.012476910887374609

-0.4745431469205717 -0.012476910887374609
-0.47412261372023518 -0.012893477975201224

-0.47412261372023518 -0.012893477975201224
-0.47412261372023518 -0.012893477975201224

-0.47412261372023518 -0.012893477975201224
-0.47139325246029423 -0.015596138609218262

-0.47139325246029423 -0.015596138609218262
-0.47100338599839148 -0.015985203823021592

-0.47100338599839148 -0.015985203823021592
-0.46827958919946749 -0.018715366331061911

-0.46827958919946749 -0.018715366331061911
-0.46788415827654783 -0.019112717696353334

-0.46788415827654783 -0.019112717696353334
-0.46519771820831202 -0.021834594052905564

-0.46519771820831202 -0.021834594052905564
-0.46476493055470419 -0.022272165734596724

-0.46476493055470419 -0.022272165734596724
-0.4621441549831849 -0.024953821774749217

-0.4621441549831849 -0.024953821774749217
-0.46164570283286055 -0.025460953450687201

-0.46164570283286055 -0.025460953450687201
-0.46164570283286055 -0.025460953450687201

-0.46164570283286055 -0.025460953450687201
-0.45911714301613399 -0.028073049496592867

-0.45911714301613399 -0.028073049496592867
-0.45852647511101691 -0.028677977473745928

-0.45852647511101691 -0.028677977473745928
-0.4561113484548121 -0.03119227721843652

-0.4561113484548121 -0.03119227721843652
-0.45540724738917326 -0.031917006088960309

-0.45540724738917326 -0.031917006088960309
-0.45311585243936742 -0.034311504940280173

-0.45311585243936742 -0.034311504940280173
-0.45228801966732957 -0.035166122372354565

-0.45228801966732957 -0.035166122372354565
-0.45012270430037499 -0.037430732662123829

-0.45012270430037499 -0.037430732662123829
-0.44916879194548592 -0.038417367109584565

-0.44916879194548592 -0.038417367109584565
-0.44916879194548592 -0.038417367109584565

-0.44916879194548592 -0.038417367109584565
-0.4471293496939413 -0.040549960383967479

-0.4471293496939413 -0.040549960383967479
-0.44604956422364228 -0.041668400341496867

-0.44604956422364228 -0.041668400341496867
-0.4441329720838938 -0.043669188105811135

-0.4441329720838938 -0.043669188105811135
-0.44293033650179864 -0.044913660989461021

-0.44293033650179864 -0.044913660989461021
-0.44112396973178347 -0.046788415827654785

-0.44112396973178347 -0.046788415827654785
-0.439811108779955 -0.04813970533292164

-0.439811108779955 -0.04813970533292164
-0.43809163791726446 -0.049907643549498434

-0.43809163791726446 -0.049907643549498434
-0.4366918810581113 -0.051337710970163444

-0.4366918810581113 -0.051337710970163444
-0.4366918810581113 -0.051337710970163444

-0.4366918810581113 -0.051337710970163444
-0.43503509745151792 -0.053026871271342091

-0.43503509745151792 -0.053026871271342091
-0.43357265333626765 -0.054511730758107849

-0.43357265333626765 -0.054511730758107849
-0.43195969141879936 -0.05614609899318574

-0.43195969141879936 -0.05614609899318574
-0.43045342561442401 -0.057666742424257393

-0.43045342561442401 -0.057666742424257393
-0.42886346999006797 -0.05926532671502939

-0.42886346999006797 -0.05926532671502939
-0.42733419789258037 -0.060795507444825092

-0.42733419789258037 -0.060795507444825092
-0.42573809875761526 -0.062384554436873046

-0.42573809875761526 -0.062384554436873046
-0.42421497017073673 -0.063894600882601141

-0.42421497017073673 -0.063894600882601141
-0.42421497017073673 -0.063894600882601141

-0.42421497017073673 -0.063894600882601141
-0.42258422884792762 -0.065503782158716689

-0.42258422884792762 -0.065503782158716689
-0.42109574244889308 -0.066967744534403961

-0.42109574244889308 -0.066967744534403961
-0.41940500009869036 -0.068623009880560346

-0.41940500009869036 -0.068623009880560346
-0.41797651472704939 -0.070018271626343248

-0.41797651472704939 -0.070018271626343248
-0.41619797379977491 -0.071742237602403988

-0.41619797379977491 -0.071742237602403988
-0.41485728700520574 -0.073039691087036188

-0.41485728700520574 -0.073039691087036188
-0.4129495943851873 -0.074861465324247645

-0.4129495943851873 -0.074861465324247645
-0.4117380592833621 -0.076020437824852335

-0.4117380592833621 -0.076020437824852335
-0.4117380592833621 -0.076020437824852335

-0.4117380592833621 -0.076020437824852335
-0.40964877104398106 -0.077980693046091301

-0.40964877104398106 -0.077980693046091301
-0.40861883156151846 -0.078955810564493384

-0.40861883156151846 -0.078955810564493384
-0.40628671557510232 -0.081099920767934958

-0.40628671557510232 -0.081099920767934958
-0.40549960383967482 -0.081837719142733412

-0.40549960383967482 -0.081837719142733412
-0.40549960383967482 -0.081837719142733412

-0.40549960383967482 -0.081837719142733412
-0.40282678756162987 -0.0842191484897786

-0.40282678756162987 -0.0842191484897786
-0.40238037611783117 -0.084631559890823119

-0.40238037611783117 -0.084631559890823119
-0.40238037611783117 -0.084631559890823119

-0.40238037611783117 -0.084631559890823119
-0.39926114839598748 -0.087297709434795076

-0.39926114839598748 -0.087297709434795076
-0.39921634501298447 -0.087338376211622257

-0.39921634501298447 -0.087338376211622257
-0.39614192067414383 -0.089887006425922178

-0.39614192067414383 -0.089887006425922178
-0.39548897102491865 -0.090457603933465913

-0.39548897102491865 -0.090457603933465913
-0.39302269295230019 -0.092471839899840119

-0.39302269295230019 -0.092471839899840119
-0.39169850663830852 -0.093576831655309556

-0.39169850663830852 -0.093576831655309556
-0.38990346523045655 -0.095035396696613858

-0.38990346523045655 -0.095035396696613858
-0.38774449523018095 -0.096696059377153212

-0.38774449523018095 -0.096696059377153212
-0.3867842375086129 -0.097467462661245105

-0.3867842375086129 -0.097467462661245105
-0.38366500978676926 -0.099637840204883546

-0.38366500978676926 -0.099637840204883546
-0.38343586310863442 -0.099815287098996869

-0.38343586310863442 -0.099815287098996869
-0.38054578206492556 -0.10178525533778139

-0.38054578206492556 -0.10178525533778139
-0.37886998276043304 -0.10293451482084051

-0.37886998276043304 -0.10293451482084051
-0.37742655434308192 -0.10393200361820493

-0.37742655434308192 -0.10393200361820493
-0.37430732662123828 -0.10580470031037272

-0.37430732662123828 -0.10580470031037272
-0.37393367787855242 -0.10605374254268417

-0.37393367787855242 -0.10605374254268417
-0.37118809889939464 -0.10767578089429491

-0.37118809889939464 -0.10767578089429491
-0.36850778372319865 -0.10917297026452782

-0.36850778372319865 -0.10917297026452782
-0.36806887117755099 -0.10944371688419603

-0.36806887117755099 -0.10944371688419603
-0.36494964345570735 -0.11103872468513562

-0.36494964345570735 -0.11103872468513562
-0.36239120270373598 -0.11229219798637147

-0.36239120270373598 -0.11229219798637147
-0.36183041573386365 -0.11258896848177655

-0.36183041573386365 -0.11258896848177655
-0.35871118801202001 -0.11398159458672058

-0.35871118801202001 -0.11398159458672058
-0.35559196029017637 -0.11528154371712077

-0.35559196029017637 -0.11528154371712077
-0.3552837439607085 -0.11541142570821512

-0.3552837439607085 -0.11541142570821512
-0.35247273256833273 -0.11649917262070739

-0.35247273256833273 -0.11649917262070739
-0.34935350484648908 -0.11759690303900242

-0.34935350484648908 -0.11759690303900242
-0.34640767921689264 -0.11853065343005878

-0.34640767921689264 -0.11853065343005878
-0.34623427712464538 -0.11858950475741883

-0.34623427712464538 -0.11858950475741883
-0.34311504940280174 -0.11946484827737412

-0.34311504940280174 -0.11946484827737412
-0.3399958216809581 -0.12023232790686572

-0.3399958216809581 -0.12023232790686572
-0.33687659395911446 -0.12088555158643181

-0.33687659395911446 -0.12088555158643181
-0.33375736623727081 -0.12142665437226448

-0.33375736623727081 -0.12142665437226448
-0.33218368128379788 -0.12164988115190242

-0.33218368128379788 -0.12164988115190242
-0.33063813851542717 -0.12186825528457872

-0.33063813851542717 -0.12186825528457872
-0.32751891079358347 -0.12219600226215514

-0.32751891079358347 -0.12219600226215514
-0.32439968307173983 -0.12241478258266611

-0.32439968307173983 -0.12241478258266611
-0.32128045534989619 -0.1225270422173967

-0.32128045534989619 -0.1225270422173967
-0.31816122762805255 -0.12253669598523553

-0.31816122762805255 -0.12253669598523553
-0.3150419999062089 -0.12244689742942934

-0.3150419999062089 -0.12244689742942934
-0.31192277218436526 -0.12226120148673594

-0.31192277218436526 -0.12226120148673594
-0.30880354446252156 -0.12198483000904899

-0.30880354446252156 -0.12198483000904899
-0.30594059721887223 -0.12164988115190242

-0.30594059721887223 -0.12164988115190242
-0.30568431674067792 -0.12161903311137132

-0.30568431674067792 -0.12161903311137132
-0.30256508901883428 -0.12116753098696119

-0.30256508901883428 -0.12116753098696119
-0.29944586129699063 -0.12063177420914925

-0.29944586129699063 -0.12063177420914925
-0.29632663357514699 -0.12001655297749293

-0.29632663357514699 -0.12001655297749293
-0.29320740585330335 -0.1193276860887041

-0.29320740585330335 -0.1193276860887041
-0.29008817813145965 -0.11857212101012965

-0.29008817813145965 -0.11857212101012965
-0.28994126531987169 -0.11853065343005878

-0.28994126531987169 -0.11853065343005878
-0.28696895040961601 -0.11773971467777068

-0.28696895040961601 -0.11773971467777068
-0.28384972268777237 -0.11683901082388949

-0.28384972268777237 -0.11683901082388949
-0.28073049496592872 -0.11588646011273505

-0.28073049496592872 -0.11588646011273505
-0.27931768242755811 -0.11541142570821512

-0.27931768242755811 -0.11541142570821512
-0.27761126724408508 -0.11484068429206525

-0.27761126724408508 -0.11484068429206525
-0.27449203952224144 -0.11376169634564293

-0.27449203952224144 -0.11376169634564293
-0.27137281180039774 -0.1126324979984278

-0.27137281180039774 -0.1126324979984278
-0.2705322263246428 -0.11229219798637147

-0.2705322263246428 -0.11229219798637147
-0.2682535840785541 -0.1114087160075176

-0.2682535840785541 -0.1114087160075176
-0.26513435635671045 -0.11016661060904938

-0.26513435635671045 -0.11016661060904938
-0.26276062465286693 -0.10917297026452782

-0.26276062465286693 -0.10917297026452782
-0.26201512863486681 -0.10884227232620018

-0.26201512863486681 -0.10884227232620018
-0.25889590091302317 -0.10751972339514837

-0.25889590091302317 -0.10751972339514837
-0.25577667319117953 -0.1061497457018378

-0.25577667319117953 -0.1061497457018378
-0.25558580533389319 -0.10605374254268417

-0.25558580533389319 -0.10605374254268417
-0.25265744546933583 -0.10472499207397137

-0.25265744546933583 -0.10472499207397137
-0.24953821774749216 -0.10330848824321051

-0.24953821774749216 -0.10330848824321051
-0.24879504149030701 -0.10293451482084051

-0.24879504149030701 -0.10293451482084051
-0.24641899002564852 -0.10181134929904721

-0.24641899002564852 -0.10181134929904721
-0.24329976230380487 -0.10036294672865484

-0.24329976230380487 -0.10036294672865484
-0.24221406198397671 -0.099815287098996869

-0.24221406198397671 -0.099815287098996869
-0.2401805345819612 -0.098826849369092473

-0.2401805345819612 -0.098826849369092473
-0.23706130686011756 -0.097364229172805239

-0.23706130686011756 -0.097364229172805239
-0.23573306390229795 -0.096696059377153212

-0.23573306390229795 -0.096696059377153212
-0.23394207913827392 -0.095811512384178385

-0.23394207913827392 -0.095811512384178385
-0.23082285141643025 -0.094344813396304572

-0.23082285141643025 -0.094344813396304572
-0.22928435398996141 -0.093576831655309556

-0.22928435398996141 -0.093576831655309556
-0.2277036236945866 -0.09278917164440631

-0.2277036236945866 -0.09278917164440631
-0.22458439597274296 -0.091324341373957618

-0.22458439597274296 -0.091324341373957618
-0.22282688933749717 -0.090457603933465913

-0.22282688933749717 -0.090457603933465913
-0.22146516825089929 -0.089775552288441349

-0.22146516825089929 -0.089775552288441349
-0.21834594052905565 -0.088317121984612557

-0.21834594052905565 -0.088317121984612557
-0.21633005961730828 -0.087338376211622257

-0.21633005961730828 -0.087338376211622257
-0.21522671280721201 -0.086783149829584294

-0.21522671280721201 -0.086783149829584294
-0.21210748508536834 -0.085333365488977533

-0.21210748508536834 -0.085333365488977533
-0.20977083302721167 -0.0842191484897786

-0.20977083302721167 -0.0842191484897786
-0.20898825736352469 -0.083822588968278419

-0.20898825736352469 -0.083822588968278419
-0.20586902964168105 -0.082382418345862921

-0.20586902964168105 -0.082382418345862921
-0.20312940949561401 -0.081099920767934958

-0.20312940949561401 -0.081099920767934958
-0.20274980191983738 -0.080905059474877639

-0.20274980191983738 -0.080905059474877639
-0.19963057419799374 -0.079475402852246843

-0.19963057419799374 -0.079475402852246843
-0.19651134647615007 -0.078050628358796781

-0.19651134647615007 -0.078050628358796781
-0.19637327964638104 -0.077980693046091301

-0.19637327964638104 -0.077980693046091301
-0.19339211875430642 -0.076627568357217277

-0.19339211875430642 -0.076627568357217277
-0.19027289103246278 -0.075254109106253825

-0.19027289103246278 -0.075254109106253825
-0.18943590119132109 -0.074861465324247645

-0.18943590119132109 -0.074861465324247645
-0.18715366331061911 -0.073846717673963516

-0.18715366331061911 -0.073846717673963516
-0.18403443558877547 -0.072513255942405444

-0.18403443558877547 -0.072513255942405444
-0.18226843641414467 -0.071742237602403988

-0.18226843641414467 -0.071742237602403988
-0.18091520786693183 -0.071143356572174368

-0.18091520786693183 -0.071143356572174368
-0.17779598014508816 -0.069851285799826399

-0.17779598014508816 -0.069851285799826399
-0.17482659918333471 -0.068623009880560346

-0.17482659918333471 -0.068623009880560346
-0.17467675242324451 -0.0685547070516285

-0.17467675242324451 -0.0685547070516285
-0.17155752470140087 -0.067291358851972571

-0.17155752470140087 -0.067291358851972571
-0.1684382969795572 -0.066058583724132397

-0.1684382969795572 -0.066058583724132397
-0.16707527373443279 -0.065503782158716689

-0.16707527373443279 -0.065503782158716689
-0.16531906925771356 -0.064798535247556105

-0.16531906925771356 -0.064798535247556105
-0.16219984153586992 -0.063599330893884823

-0.16219984153586992 -0.063599330893884823
-0.15908061381402624 -0.062407560550856452

-0.15908061381402624 -0.062407560550856452
-0.15902515213238294 -0.062384554436873046

-0.15902515213238294 -0.062384554436873046
-0.1559613860921826 -0.061230014718923961

-0.1559613860921826 -0.061230014718923961
-0.15284215837033896 -0.060079783997783347

-0.15284215837033896 -0.060079783997783347
-0.15062017635885755 -0.05926532671502939

-0.15062017635885755 -0.05926532671502939
-0.14972293064849529 -0.058923442672659185

-0.14972293064849529 -0.058923442672659185
-0.14660370292665165 -0.057825362517054626

-0.14660370292665165 -0.057825362517054626
-0.143484475204808 -0.056745170849380903

-0.143484475204808 -0.056745170849380903
-0.14176008706574919 -0.05614609899318574

-0.14176008706574919 -0.05614609899318574
-0.14036524748296433 -0.055657551795348856

-0.14036524748296433 -0.055657551795348856
-0.13724601976112069 -0.05463095966511014

-0.13724601976112069 -0.05463095966511014
-0.13412679203927705 -0.053626639422259009

-0.13412679203927705 -0.053626639422259009
-0.13224952926350475 -0.053026871271342091

-0.13224952926350475 -0.053026871271342091
-0.13100756431743338 -0.052623978536765259

-0.13100756431743338 -0.052623978536765259
-0.12788833659558974 -0.051678857454380119

-0.12788833659558974 -0.051678857454380119
-0.12476910887374608 -0.050750490207901552

-0.12476910887374608 -0.050750490207901552
-0.12184906517976944 -0.049907643549498434

-0.12184906517976944 -0.049907643549498434
-0.12164988115190242 -0.049846364687070689

-0.12164988115190242 -0.049846364687070689
-0.11853065343005878 -0.048977543912084531

-0.11853065343005878 -0.048977543912084531
-0.11541142570821512 -0.048131109077728905

-0.11541142570821512 -0.048131109077728905
-0.11229219798637147 -0.047314703645451414

-0.11229219798637147 -0.047314703645451414
-0.1102453135310521 -0.046788415827654785

-0.1102453135310521 -0.046788415827654785
-0.10917297026452782 -0.046507321421459462

-0.10917297026452782 -0.046507321421459462
-0.10605374254268417 -0.04574138750141328

-0.10605374254268417 -0.04574138750141328
-0.10293451482084051 -0.0449886895229369

-0.10293451482084051 -0.0449886895229369
-0.099815287098996869 -0.044257141878829093

-0.099815287098996869 -0.044257141878829093
-0.09724636263851022 -0.043669188105811135

-0.09724636263851022 -0.043669188105811135
-0.096696059377153212 -0.043538504824741302

-0.096696059377153212 -0.043538504824741302
-0.093576831655309556 -0.042850423872826698

-0.093576831655309556 -0.042850423872826698
-0.090457603933465913 -0.042176874094644316

-0.090457603933465913 -0.042176874094644316
-0.087338376211622257 -0.041523196275275238

-0.087338376211622257 -0.041523196275275238
-0.0842191484897786 -0.04089378695597224

-0.0842191484897786 -0.04089378695597224
-0.082479582557359307 -0.040549960383967479

-0.082479582557359307 -0.040549960383967479
-0.081099920767934958 -0.04027596168388696

-0.081099920767934958 -0.04027596168388696
-0.077980693046091301 -0.039692874161809263

-0.077980693046091301 -0.039692874161809263
-0.074861465324247645 -0.039130052639994896

-0.074861465324247645 -0.039130052639994896
-0.071742237602403988 -0.038592384216600883

-0.071742237602403988 -0.038592384216600883
-0.068623009880560346 -0.038080761428306013

-0.068623009880560346 -0.038080761428306013
-0.065503782158716689 -0.037598587424195196

-0.065503782158716689 -0.037598587424195196
-0.064376392139988539 -0.037430732662123829

-0.064376392139988539 -0.037430732662123829
-0.062384554436873046 -0.037137532698740157

-0.062384554436873046 -0.037137532698740157
-0.05926532671502939 -0.036709398814564982

-0.05926532671502939 -0.036709398814564982
-0.05614609899318574 -0.036306983667458867

-0.05614609899318574 -0.036306983667458867
-0.053026871271342091 -0.035930803061268765

-0.053026871271342091 -0.035930803061268765
-0.049907643549498434 -0.035579951971461701

-0.049907643549498434 -0.035579951971461701
-0.046788415827654785 -0.035253731107262744

-0.046788415827654785 -0.035253731107262744
-0.043669188105811135 -0.034951998353935775

-0.043669188105811135 -0.034951998353935775
-0.040549960383967479 -0.034674724308879086

-0.040549960383967479 -0.034674724308879086
-0.037430732662123829 -0.034422194763768073

-0.037430732662123829 -0.034422194763768073
-0.035929034782707391 -0.034311504940280173

-0.035929034782707391 -0.034311504940280173
-0.034311504940280173 -0.034192478381730174

-0.034311504940280173 -0.034192478381730174
-0.03119227721843652 -0.033989361508939588

-0.03119227721843652 -0.033989361508939588
-0.028073049496592867 -0.033811721239512177

-0.028073049496592867 -0.033811721239512177
-0.024953821774749217 -0.033661383111287503

-0.024953821774749217 -0.033661383111287503
-0.021834594052905564 -0.033539779173678605

-0.021834594052905564 -0.033539779173678605
-0.018715366331061911 -0.033448113552614088

-0.018715366331061911 -0.033448113552614088
-0.015596138609218262 -0.033387203743442055

-0.015596138609218262 -0.033387203743442055
-0.012476910887374609 -0.033357386320573099

-0.012476910887374609 -0.033357386320573099
-0.0093576831655309573 -0.03335856087349056

-0.0093576831655309573 -0.03335856087349056
-0.0062384554436873043 -0.033390415548459111

-0.0062384554436873043 -0.033390415548459111
-0.0031192277218436521 -0.033452782314356139

-0.0031192277218436521 -0.033452782314356139
0 -0.033545767200744848

0 -0.033545767200744848
0.0031192277218436517 -0.033669341838778372

0.0031192277218436517 -0.033669341838778372
0.0062384554436873043 -0.033822809333246856

0.0062384554436873043 -0.033822809333246856
0.0093576831655309556 -0.034004963757798129

0.0093576831655309556 -0.034004963757798129
0.012476910887374609 -0.034214375742758492

0.012476910887374609 -0.034214375742758492
0.013739245323067514 -0.034311504940280173

0.013739245323067514 -0.034311504940280173
0.01559613860921826 -0.034454026359317859

0.01559613860921826 -0.034454026359317859
0.018715366331061915 -0.034721985858447192

0.018715366331061915 -0.034721985858447192
0.021834594052905568 -0.035022905728951337

0.021834594052905568 -0.035022905728951337
0.024953821774749217 -0.035357713081615588

0.024953821774749217 -0.035357713081615588
0.02807304949659287 -0.035726238735577488

0.02807304949659287 -0.035726238735577488
0.03119227721843652 -0.036127860159957018

0.03119227721843652 -0.036127860159957018
0.034311504940280173 -0.036563857885065942

0.034311504940280173 -0.036563857885065942
0.037430732662123822 -0.037036609355688255

0.037430732662123822 -0.037036609355688255
0.039819739378844581 -0.037430732662123829

0.039819739378844581 -0.037430732662123829
0.040549960383967479 -0.037554107044954696

0.040549960383967479 -0.037554107044954696
0.043669188105811128 -0.038104278853092026

0.043669188105811128 -0.038104278853092026
0.046788415827654778 -0.038695093839204948

0.046788415827654778 -0.038695093839204948
0.049907643549498434 -0.03932173137884834

0.049907643549498434 -0.03932173137884834
0.053026871271342084 -0.039984478466124705

0.053026871271342084 -0.039984478466124705
0.055528938410359399 -0.040549960383967479

0.055528938410359399 -0.040549960383967479
0.056146098993185733 -0.040694619446140286

0.056146098993185733 -0.040694619446140286
0.05926532671502939 -0.041433036967870873

0.05926532671502939 -0.041433036967870873
0.06238455443687304 -0.042214154407804905

0.06238455443687304 -0.042214154407804905
0.065503782158716703 -0.043027899888360324

0.065503782158716703 -0.043027899888360324
0.067839744523521525 -0.043669188105811135

0.067839744523521525 -0.043669188105811135
0.068623009880560346 -0.043892173148409479

0.068623009880560346 -0.043892173148409479
0.071742237602404002 -0.044776343022301782

0.071742237602404002 -0.044776343022301782
0.074861465324247659 -0.045712141531767593

0.074861465324247659 -0.045712141531767593
0.077980693046091315 -0.046684156255246315

0.077980693046091315 -0.046684156255246315
0.078278405868274128 -0.046788415827654785

0.078278405868274128 -0.046788415827654785
0.081099920767934958 -0.047712670240049174

0.081099920767934958 -0.047712670240049174
0.084219148489778614 -0.048778150137397287

0.084219148489778614 -0.048778150137397287
0.087338376211622271 -0.049894545716246901

0.087338376211622271 -0.049894545716246901
0.087370134159077545 -0.049907643549498434

0.087370134159077545 -0.049907643549498434
0.090457603933465913 -0.051066682623230761

0.090457603933465913 -0.051066682623230761
0.09357683165530957 -0.052276839987905395

0.09357683165530957 -0.052276839987905395
0.09537869323179457 -0.053026871271342091

0.09537869323179457 -0.053026871271342091
0.096696059377153226 -0.053585512081446116

0.096696059377153226 -0.053585512081446116
0.099815287098996869 -0.054898042590164037

0.099815287098996869 -0.054898042590164037
0.10260933405952832 -0.05614609899318574

0.10260933405952832 -0.05614609899318574
0.10293451482084053 -0.056305834071397519

0.10293451482084053 -0.056305834071397519
0.10605374254268418 -0.057740257552990115

0.10605374254268418 -0.057740257552990115
0.10917297026452782 -0.059242823617694368

0.10917297026452782 -0.059242823617694368
0.10921251259078921 -0.05926532671502939

0.10921251259078921 -0.05926532671502939
0.11229219798637148 -0.060808315244865699

0.11229219798637148 -0.060808315244865699
0.11532105003902986 -0.062384554436873046

0.11532105003902986 -0.062384554436873046
0.11541142570821514 -0.062438302981816657

0.11541142570821514 -0.062438302981816657
0.11853065343005878 -0.064106487076141805

0.11853065343005878 -0.064106487076141805
0.12102151146495241 -0.065503782158716689

0.12102151146495241 -0.065503782158716689
0.12164988115190244 -0.065889491045900805

0.12164988115190244 -0.065889491045900805
0.12476910887374609 -0.067621020796550538

0.12476910887374609 -0.067621020796550538
0.12639207364155305 -0.068623009880560346

0.12639207364155305 -0.068623009880560346
0.12788833659558974 -0.069555113094025289

0.12788833659558974 -0.069555113094025289
0.13100756431743341 -0.07141058395144971

0.13100756431743341 -0.07141058395144971
0.13147801545331778 -0.071742237602403988

0.13147801545331778 -0.071742237602403988
0.13412679203927705 -0.073428615405105535

0.13412679203927705 -0.073428615405105535
0.13626329807897619 -0.074861465324247645

0.13626329807897619 -0.074861465324247645
0.13724601976112069 -0.075564423035851355

0.13724601976112069 -0.075564423035851355
0.14036524748296436 -0.077607020610709176

0.14036524748296436 -0.077607020610709176
0.14084902127989107 -0.077980693046091301

0.14084902127989107 -0.077980693046091301
0.143484475204808 -0.079838666113457371

0.143484475204808 -0.079838666113457371
0.14513682570313857 -0.081099920767934958

0.14513682570313857 -0.081099920767934958
0.14660370292665165 -0.082236279379983013

0.14660370292665165 -0.082236279379983013
0.14922639718268743 -0.0842191484897786

0.14922639718268743 -0.0842191484897786
0.14972293064849532 -0.084631577083405768

0.14972293064849532 -0.084631577083405768
0.15284215837033896 -0.086999195700053683

0.15284215837033896 -0.086999195700053683
0.15323488312295255 -0.087338376211622257

0.15323488312295255 -0.087338376211622257
0.1559613860921826 -0.089538449365218556

0.1559613860921826 -0.089538449365218556
0.15700933703639858 -0.090457603933465913

0.15700933703639858 -0.090457603933465913
0.15908061381402627 -0.092236177081560178

0.15908061381402627 -0.092236177081560178
0.16058257800768824 -0.093576831655309556

0.16058257800768824 -0.093576831655309556
0.16219984153586992 -0.095032095749950696

0.16219984153586992 -0.095032095749950696
0.16401986659567952 -0.096696059377153212

0.16401986659567952 -0.096696059377153212
0.16531906925771356 -0.097909693100785386

0.16531906925771356 -0.097909693100785386
0.16734763469193212 -0.099815287098996869

0.16734763469193212 -0.099815287098996869
0.16843829697955723 -0.10086384061519124

0.16843829697955723 -0.10086384061519124
0.17058070362620747 -0.10293451482084051

0.17058070362620747 -0.10293451482084051
0.17155752470140087 -0.10389721357710367

0.17155752470140087 -0.10389721357710367
0.1737208110273413 -0.10605374254268417

0.1737208110273413 -0.10605374254268417
0.17467675242324451 -0.10701995463642631

0.17467675242324451 -0.10701995463642631
0.17676356155129863 -0.10917297026452782

0.17676356155129863 -0.10917297026452782
0.17779598014508818 -0.11024664106392816

0.17779598014508818 -0.11024664106392816
0.17972056547321433 -0.11229219798637147

0.17972056547321433 -0.11229219798637147
0.18091520786693183 -0.11356516913004062

0.18091520786693183 -0.11356516913004062
0.18261611233137276 -0.11541142570821512

0.18261611233137276 -0.11541142570821512
0.18403443558877547 -0.1169665427796643

0.18403443558877547 -0.1169665427796643
0.18544632660023516 -0.11853065343005878

0.18544632660023516 -0.11853065343005878
0.18715366331061914 -0.12047918865201843

0.18715366331061914 -0.12047918865201843
0.18819136979992179 -0.12164988115190242

0.18819136979992179 -0.12164988115190242
0.19027289103246278 -0.12414278570630966

0.19027289103246278 -0.12414278570630966
0.19082303917302715 -0.12476910887374608

0.19082303917302715 -0.12476910887374608
0.19331893785398477 -0.12788833659558974

0.19331893785398477 -0.12788833659558974
0.19339211875430642 -0.12797212815757325

0.19339211875430642 -0.12797212815757325
0.19579775533320792 -0.13100756431743338

0.19579775533320792 -0.13100756431743338
0.19651134647615009 -0.13184854029249057

0.19651134647615009 -0.13184854029249057
0.19833877301594346 -0.13412679203927705

0.19833877301594346 -0.13412679203927705
0.19963057419799374 -0.13570198439289707

0.19963057419799374 -0.13570198439289707
0.20089650081132748 -0.13724601976112069

0.20089650081132748 -0.13724601976112069
0.20274980191983741 -0.1395757187836987

0.20274980191983741 -0.1395757187836987
0.20341616357119707 -0.14036524748296433

0.20341616357119707 -0.14036524748296433
0.20586223491228586 -0.143484475204808

0.20586223491228586 -0.143484475204808
0.20586902964168105 -0.14349227993800384

0.20586902964168105 -0.14349227993800384
0.20834276493929527 -0.14660370292665165

0.20834276493929527 -0.14660370292665165
0.20898825736352469 -0.14734664614421247

0.20898825736352469 -0.14734664614421247
0.21096152272042942 -0.14972293064849529

0.21096152272042942 -0.14972293064849529
0.21210748508536836 -0.15102605554591694

0.21210748508536836 -0.15102605554591694
0.21370097807839472 -0.15284215837033896

0.21370097807839472 -0.15284215837033896
0.21522671280721201 -0.15451841139101508

0.21522671280721201 -0.15451841139101508
0.21657093894742602 -0.1559613860921826

0.21657093894742602 -0.1559613860921826
0.21834594052905565 -0.15781005847473609

0.21834594052905565 -0.15781005847473609
0.21960942392112387 -0.15908061381402624

0.21960942392112387 -0.15908061381402624
0.22146516825089932 -0.16087715154481083

0.22146516825089932 -0.16087715154481083
0.22288831074932644 -0.16219984153586992

0.22288831074932644 -0.16219984153586992
0.22458439597274296 -0.16372216215987767

0.22458439597274296 -0.16372216215987767
0.226516165870289 -0.16531906925771356

0.226516165870289 -0.16531906925771356
0.2277036236945866 -0.16630000299657424

0.2277036236945866 -0.16630000299657424
0.23082285141643027 -0.1684147849028039

0.23082285141643027 -0.1684147849028039
0.230856593769701 -0.1684382969795572

0.230856593769701 -0.1684382969795572
0.23394207913827392 -0.17025463194559415

0.23394207913827392 -0.17025463194559415
0.23664336645104569 -0.17155752470140087

0.23664336645104569 -0.17155752470140087
0.23706130686011756 -0.17177546954083014

0.23706130686011756 -0.17177546954083014
0.24018053458196123 -0.1729186585111375

0.24018053458196123 -0.1729186585111375
0.24329976230380487 -0.17373731027134093

0.24329976230380487 -0.17373731027134093
0.24641899002564852 -0.17423186285132281

0.24641899002564852 -0.17423186285132281
0.24953821774749216 -0.17441838753002911

0.24953821774749216 -0.17441838753002911
0.25265744546933583 -0.17427607776412316

0.25265744546933583 -0.17427607776412316
0.25577667319117947 -0.17378690286085821

0.25577667319117947 -0.17378690286085821
0.25889590091302311 -0.1729812889761185

0.25889590091302311 -0.1729812889761185
0.26201512863486676 -0.17191753131516407

0.26201512863486676 -0.17191753131516407
0.2627849052619633 -0.17155752470140087

0.2627849052619633 -0.17155752470140087
0.2651343563567104 -0.17050610593842214

0.2651343563567104 -0.17050610593842214
0.26825358407855404 -0.16888416636862119

0.26825358407855404 -0.16888416636862119
0.26891560758879102 -0.1684382969795572

0.26891560758879102 -0.1684382969795572
0.27137281180039774 -0.16690025591256225

0.27137281180039774 -0.16690025591256225
0.27359432378933657 -0.16531906925771356

0.27359432378933657 -0.16531906925771356
0.27449203952224138 -0.16462625032869904

0.27449203952224138 -0.16462625032869904
0.27761126724408502 -0.16229362465775696

0.27761126724408502 -0.16229362465775696
0.27771936616412868 -0.16219984153586992

0.27771936616412868 -0.16219984153586992
0.28073049496592867 -0.15975888987755282

0.28073049496592867 -0.15975888987755282
0.28147849992873208 -0.15908061381402624

0.28147849992873208 -0.15908061381402624
0.28384972268777231 -0.15697483942028331

0.28384972268777231 -0.15697483942028331
0.28492605413653677 -0.1559613860921826

0.28492605413653677 -0.1559613860921826
0.28696895040961595 -0.15403574727915931

0.28696895040961595 -0.15403574727915931
0.28819968819255354 -0.15284215837033896

0.28819968819255354 -0.15284215837033896
0.29008817813145965 -0.15099598865542693

0.29008817813145965 -0.15099598865542693
0.29137220997175595 -0.14972293064849529

0.29137220997175595 -0.14972293064849529
0.29320740585330329 -0.14789143669621893

0.29320740585330329 -0.14789143669621893
0.29449106285362925 -0.14660370292665165

0.29449106285362925 -0.14660370292665165
0.29632663357514694 -0.14475342760677584

0.29632663357514694 -0.14475342760677584
0.29758424835779496 -0.143484475204808

0.29758424835779496 -0.143484475204808
0.29944586129699058 -0.14160285952031385

0.29944586129699058 -0.14160285952031385
0.30067423240279917 -0.14036524748296433

0.30067423240279917 -0.14036524748296433
0.30256508901883422 -0.13846372052418357

0.30256508901883422 -0.13846372052418357
0.30378189609271261 -0.13724601976112069

0.30378189609271261 -0.13724601976112069
0.30568431674067786 -0.13535306505179995

0.30568431674067786 -0.13535306505179995
0.30692279452410809 -0.13412679203927705

0.30692279452410809 -0.13412679203927705
0.30880354446252156 -0.13228163429977649

0.30880354446252156 -0.13228163429977649
0.3101095069564811 -0.13100756431743338

0.3101095069564811 -0.13100756431743338
0.3119227721843652 -0.12926077890720425

0.3119227721843652 -0.12926077890720425
0.31335736952957949 -0.12788833659558974

0.31335736952957949 -0.12788833659558974
0.31504199990620885 -0.12629466396489666

0.31504199990620885 -0.12629466396489666
0.3166711542877948 -0.12476910887374608

0.3166711542877948 -0.12476910887374608
0.31816122762805249 -0.12338093159250166

0.31816122762805249 -0.12338093159250166
0.32005693864953327 -0.12164988115190242

0.32005693864953327 -0.12164988115190242
0.32128045534989613 -0.1205256837931734

0.32128045534989613 -0.1205256837931734
0.32354225282455107 -0.11853065343005878

0.32354225282455107 -0.11853065343005878
0.32439968307173978 -0.11775392840559532

0.32439968307173978 -0.11775392840559532
0.32718171396831769 -0.11541142570821512

0.32718171396831769 -0.11541142570821512
0.32751891079358347 -0.11510988217038118

0.32751891079358347 -0.11510988217038118
0.33063813851542712 -0.11259777192967835

0.33063813851542712 -0.11259777192967835
0.33098756568536608 -0.11229219798637147

0.33098756568536608 -0.11229219798637147
0.33375736623727076 -0.11006997238497196

0.33375736623727076 -0.11006997238497196
0.33482093866004231 -0.10917297026452782

0.33482093866004231 -0.10917297026452782
0.3368765939591144 -0.10751475243060922

0.3368765939591144 -0.10751475243060922
0.33871506730429085 -0.10605374254268417

0.33871506730429085 -0.10605374254268417
0.33999582168095804 -0.10501808543186392

0.33999582168095804 -0.10501808543186392
0.34283152628759728 -0.10293451482084051

0.34283152628759728 -0.10293451482084051
0.34311504940280169 -0.10270479119997536

0.34311504940280169 -0.10270479119997536
0.34623427712464538 -0.10052822426173404

0.34623427712464538 -0.10052822426173404
0.34716739052169426 -0.099815287098996869

0.34716739052169426 -0.099815287098996869
0.34935350484648903 -0.098253397943290161

0.34935350484648903 -0.098253397943290161
0.3516123912744179 -0.096696059377153212

0.3516123912744179 -0.096696059377153212
0.35247273256833267 -0.096062784229712622

0.35247273256833267 -0.096062784229712622
0.35559196029017631 -0.094099660223409778

0.35559196029017631 -0.094099660223409778
0.35633403789133467 -0.093576831655309556

0.35633403789133467 -0.093576831655309556
0.35871118801201995 -0.092042056135007433

0.35871118801201995 -0.092042056135007433
0.36126115051338337 -0.090457603933465913

0.36126115051338337 -0.090457603933465913
0.36183041573386365 -0.090068925718974444

0.36183041573386365 -0.090068925718974444
0.3649496434557073 -0.088264107302009759

0.3649496434557073 -0.088264107302009759
0.36647018815674787 -0.087338376211622257

0.36647018815674787 -0.087338376211622257
0.36806887117755094 -0.086371091390489915

0.36806887117755094 -0.086371091390489915
0.37118809889939458 -0.08466833851457195

0.37118809889939458 -0.08466833851457195
0.37193546933648136 -0.0842191484897786

0.37193546933648136 -0.0842191484897786
0.37430732662123822 -0.08289963230345361

0.37430732662123822 -0.08289963230345361
0.37742655434308187 -0.081248576913745527

0.37742655434308187 -0.081248576913745527
0.37767847639882635 -0.081099920767934958

0.37767847639882635 -0.081099920767934958
0.38054578206492556 -0.079596913881130951

0.38054578206492556 -0.079596913881130951
0.38366500978676921 -0.078013310006118927

0.38366500978676921 -0.078013310006118927
0.38372297505681247 -0.077980693046091301

0.38372297505681247 -0.077980693046091301
0.38678423750861285 -0.07646637305500581

0.38678423750861285 -0.07646637305500581
0.38990346523045649 -0.074981343505115691

0.38990346523045649 -0.074981343505115691
0.39013508621431736 -0.074861465324247645

0.39013508621431736 -0.074861465324247645
0.39302269295230013 -0.073517798556341413

0.39302269295230013 -0.073517798556341413
0.39614192067414378 -0.072138983254190797

0.39614192067414378 -0.072138983254190797
0.39700356000412645 -0.071742237602403988

0.39700356000412645 -0.071742237602403988
0.39926114839598748 -0.070755658185258696

0.39926114839598748 -0.070755658185258696
0.40238037611783112 -0.069470339066932854

0.40238037611783112 -0.069470339066932854
0.40446583235927253 -0.068623009880560346

0.40446583235927253 -0.068623009880560346
0.40549960383967476 -0.068188995242655856

0.40549960383967476 -0.068188995242655856
0.4086188315615184 -0.067003567683904447

0.4086188315615184 -0.067003567683904447
0.41173805928336205 -0.065862025509738006

0.41173805928336205 -0.065862025509738006
0.4126998058297513 -0.065503782158716689

0.4126998058297513 -0.065503782158716689
0.41485728700520569 -0.064729272278414879

0.41485728700520569 -0.064729272278414879
0.41797651472704939 -0.063669006428237376

0.41797651472704939 -0.063669006428237376
0.42109574244889303 -0.062655712798078869

0.42109574244889303 -0.062655712798078869
0.42191421280439034 -0.062384554436873046

0.42191421280439034 -0.062384554436873046
0.42421497017073667 -0.061652247934466782

0.42421497017073667 -0.061652247934466782
0.42733419789258031 -0.060702761673490632

0.42733419789258031 -0.060702761673490632
0.43045342561442396 -0.059788344094720593

0.43045342561442396 -0.059788344094720593
0.43226033113094886 -0.05926532671502939

0.43226033113094886 -0.05926532671502939
0.4335726533362676 -0.058881525927777859

0.4335726533362676 -0.058881525927777859
0.4366918810581113 -0.058028625030106744

0.4366918810581113 -0.058028625030106744
0.43981110877995494 -0.057195450417323226

0.43981110877995494 -0.057195450417323226
0.44293033650179858 -0.056397361524505585

0.44293033650179858 -0.056397361524505585
0.44390692437741869 -0.05614609899318574

0.44390692437741869 -0.05614609899318574
0.44604956422364223 -0.055608373375700924

0.44604956422364223 -0.055608373375700924
0.44916879194548587 -0.054861712126573772

0.44916879194548587 -0.054861712126573772
0.45228801966732957 -0.054142265409874199

0.45228801966732957 -0.054142265409874199
0.45540724738917321 -0.053457290861236698

0.45540724738917321 -0.053457290861236698
0.45744076178878945 -0.053026871271342091

0.45744076178878945 -0.053026871271342091
0.45852647511101685 -0.052793621904085021

0.45852647511101685 -0.052793621904085021
0.46164570283286049 -0.05217565446751346

0.46164570283286049 -0.05217565446751346
0.46476493055470414 -0.051585428252955284

0.46476493055470414 -0.051585428252955284
0.46788415827654778 -0.051027724714999188

0.46788415827654778 -0.051027724714999188
0.47100338599839148 -0.050501938418418608

0.47100338599839148 -0.050501938418418608
0.47412261372023512 -0.05000893279294686

0.47412261372023512 -0.05000893279294686
0.47478332394916717 -0.049907643549498434

0.47478332394916717 -0.049907643549498434
0.47724184144207876 -0.04953930862909027

0.47724184144207876 -0.04953930862909027
0.48036106916392241 -0.049100515386539

0.48036106916392241 -0.049100515386539
0.48348029688576605 -0.048686800474915776

0.48348029688576605 -0.048686800474915776
0.48659952460760969 -0.048297322748874758

0.48659952460760969 -0.048297322748874758
0.48971875232945339 -0.04793071095408933

0.48971875232945339 -0.04793071095408933
0.49283798005129703 -0.047585689901201621

0.49283798005129703 -0.047585689901201621
0.49595720777314067 -0.047261624866658532

0.49595720777314067 -0.047261624866658532
0.49907643549498437 -0.046959146518502783

0.49907643549498437 -0.046959146518502783
0.50096259022768586 -0.046788415827654785

0.50096259022768586 -0.046788415827654785
0.50219566321682796 -0.046676370855834447

0.50219566321682796 -0.046676370855834447
0.50531489093867166 -0.046418685191545253

0.50531489093867166 -0.046418685191545253
0.50843411866051524 -0.046183987955802766

0.50843411866051524 -0.046183987955802766
0.51155334638235894 -0.045974708090655

0.51155334638235894 -0.045974708090655
0.51467257410420253 -0.045792823466995494

0.51467257410420253 -0.045792823466995494
0.51779180182604623 -0.045640276555961805

0.51779180182604623 -0.045640276555961805
0.52091102954788993 -0.04551857223255984

0.52091102954788993 -0.04551857223255984
0.52403025726973351 -0.045428334053208022

0.52403025726973351 -0.045428334053208022
0.52714948499157721 -0.045369474826848923

0.52714948499157721 -0.045369474826848923
0.5302687127134208 -0.045341916651542774

0.5302687127134208 -0.045341916651542774
0.5333879404352645 -0.045345960171965731

0.5333879404352645 -0.045345960171965731
0.53650716815710819 -0.04538181012888004

0.53650716815710819 -0.04538181012888004
0.53962639587895178 -0.045448629955375179

0.53962639587895178 -0.045448629955375179
0.54274562360079548 -0.045544189898253894

0.54274562360079548 -0.045544189898253894
0.54586485132263907 -0.045665881774790591

0.54586485132263907 -0.045665881774790591
0.54898407904448276 -0.045812214351470766

0.54898407904448276 -0.045812214351470766
0.55210330676632646 -0.04598313301706914

0.55210330676632646 -0.04598313301706914
0.55522253448817005 -0.046178275668703868

0.55522253448817005 -0.046178275668703868
0.55834176221001375 -0.04639533886514443

0.55834176221001375 -0.04639533886514443
0.56146098993185733 -0.046631074091544059

0.56146098993185733 -0.046631074091544059
0.56338387085450237 -0.046788415827654785

0.56338387085450237 -0.046788415827654785
0.56458021765370103 -0.046886850294899238

0.56458021765370103 -0.046886850294899238
0.56769944537554462 -0.047160302634968919

0.56769944537554462 -0.047160302634968919
0.57081867309738832 -0.047456819265444677

0.57081867309738832 -0.047456819265444677
0.57393790081923202 -0.047777486916574789

0.57393790081923202 -0.047777486916574789
0.5770571285410756 -0.048123280267111927

0.5770571285410756 -0.048123280267111927
0.5801763562629193 -0.048495127320736443

0.5801763562629193 -0.048495127320736443
0.58329558398476289 -0.048895849703436953

0.58329558398476289 -0.048895849703436953
0.58641481170660659 -0.049328522104472687

0.58641481170660659 -0.049328522104472687
0.58953403942845028 -0.049793230233608349

0.58953403942845028 -0.049793230233608349
0.59022824808139085 -0.049907643549498434

0.59022824808139085 -0.049907643549498434
0.59265326715029387 -0.050298898972255972

0.59265326715029387 -0.050298898972255972
0.59577249487213757 -0.050837040284725694

0.59577249487213757 -0.050837040284725694
0.59889172259398116 -0.051416952519904927

0.59889172259398116 -0.051416952519904927
0.60201095031582486 -0.052038932384221692

0.60201095031582486 -0.052038932384221692
0.60513017803766844 -0.052696908186986469

0.60513017803766844 -0.052696908186986469
0.60657390680565826 -0.053026871271342091

0.60657390680565826 -0.053026871271342091
0.60824940575951214 -0.053408790855009845

0.60824940575951214 -0.053408790855009845
0.61136863348135584 -0.054145318205772598

0.61136863348135584 -0.054145318205772598
0.61448786120319943 -0.054926619873825251

0.61448786120319943 -0.054926619873825251
0.61760708892504312 -0.055737247418854739

0.61760708892504312 -0.055737247418854739
0.61907791703054493 -0.05614609899318574

0.61907791703054493 -0.05614609899318574
0.62072631664688671 -0.056603112608866579

0.62072631664688671 -0.056603112608866579
0.62384554436873041 -0.057480232771020018

0.62384554436873041 -0.057480232771020018
0.62696477209057411 -0.058396858427517316

0.62696477209057411 -0.058396858427517316
0.6298262825055474 -0.05926532671502939

0.6298262825055474 -0.05926532671502939
0.63008399981241769 -0.059348928207604908

0.63008399981241769 -0.059348928207604908
0.63320322753426139 -0.060317416487944552

0.63320322753426139 -0.060317416487944552
0.63632245525610498 -0.061322670156338834

0.63632245525610498 -0.061322670156338834
0.63944168297794868 -0.062358103502669716

0.63944168297794868 -0.062358103502669716
0.63951281025701712 -0.062384554436873046

0.63951281025701712 -0.062384554436873046
0.64256091069979226 -0.063426847393415101

0.64256091069979226 -0.063426847393415101
0.64568013842163596 -0.064521131704464149

0.64568013842163596 -0.064521131704464149
0.64838993755502572 -0.065503782158716689

0.64838993755502572 -0.065503782158716689
0.64879936614347966 -0.065663135810101275

0.64879936614347966 -0.065663135810101275
0.65191859386532325 -0.066820504056459076

0.65191859386532325 -0.066820504056459076
0.65503782158716695 -0.068013413276440726

0.65503782158716695 -0.068013413276440726
0.65652091668016976 -0.068623009880560346

0.65652091668016976 -0.068623009880560346
0.65815704930901053 -0.069293174948620084

0.65815704930901053 -0.069293174948620084
0.66127627703085423 -0.070563863102652266

0.66127627703085423 -0.070563863102652266
0.66403399439014166 -0.071742237602403988

0.66403399439014166 -0.071742237602403988
0.66439550475269793 -0.071910842908279107

0.66439550475269793 -0.071910842908279107
0.66751473247454152 -0.073271472587717795

0.66751473247454152 -0.073271472587717795
0.67063396019638521 -0.074673983835646121

0.67063396019638521 -0.074673983835646121
0.67099842974765567 -0.074861465324247645

0.67099842974765567 -0.074861465324247645
0.6737531879182288 -0.076153296093649139

0.6737531879182288 -0.076153296093649139
0.6768724156400725 -0.077624635111854759

0.6768724156400725 -0.077624635111854759
0.67754150479279074 -0.077980693046091301

0.67754150479279074 -0.077980693046091301
0.6799916433619162 -0.079193780670451533

0.6799916433619162 -0.079193780670451533
0.68311087108375979 -0.080727775906778765

0.68311087108375979 -0.080727775906778765
0.68377656216010707 -0.081099920767934958

0.68377656216010707 -0.081099920767934958
0.68623009880560348 -0.082371248702576325

0.68623009880560348 -0.082371248702576325
0.68934932652744707 -0.083976545641672368

0.68934932652744707 -0.083976545641672368
0.6897582228570559 -0.0842191484897786

0.6897582228570559 -0.0842191484897786
0.69246855424929077 -0.085669974444863697

0.69246855424929077 -0.085669974444863697
0.69554975851880063 -0.087338376211622257

0.69554975851880063 -0.087338376211622257
0.69558778197113436 -0.087362081329584118

0.69558778197113436 -0.087362081329584118
0.69870700969297805 -0.089073158487814927

0.69870700969297805 -0.089073158487814927
0.70114833240622332 -0.090457603933465913

0.70114833240622332 -0.090457603933465913
0.70182623741482175 -0.090876195208077035

0.70182623741482175 -0.090876195208077035
0.70494546513666534 -0.092597408566852987

0.70494546513666534 -0.092597408566852987
0.70656993599169282 -0.093576831655309556

0.70656993599169282 -0.093576831655309556
0.70806469285850904 -0.094484656219128285

0.70806469285850904 -0.094484656219128285
0.71118392058035262 -0.096252749550339536

0.71118392058035262 -0.096252749550339536
0.711856929882558 -0.096696059377153212

0.711856929882558 -0.096696059377153212
0.71430314830219632 -0.098174402096270569

0.71430314830219632 -0.098174402096270569
0.71699801594072776 -0.099815287098996869

0.71699801594072776 -0.099815287098996869
0.71742237602404002 -0.10010443543743033

0.71742237602404002 -0.10010443543743033
0.72054160374588361 -0.10195613982183842

0.72054160374588361 -0.10195613982183842
0.72204843303712729 -0.10293451482084051

0.72204843303712729 -0.10293451482084051
0.72366083146772731 -0.10397610948474025

0.72366083146772731 -0.10397610948474025
0.72678005918957089 -0.10585879090413189

0.72678005918957089 -0.10585879090413189
0.72705859273362605 -0.10605374254268417

0.72705859273362605 -0.10605374254268417
0.72989928691141459 -0.10781347307388464

0.72989928691141459 -0.10781347307388464
0.73204403728198597 -0.10917297026452782

0.73204403728198597 -0.10917297026452782
0.73301851463325818 -0.10982889008956861

0.73301851463325818 -0.10982889008956861
0.73613774235510188 -0.11167014162023869

0.73613774235510188 -0.11167014162023869
0.73707093894540943 -0.11229219798637147

0.73707093894540943 -0.11229219798637147
0.73925697007694557 -0.11365813406511541

0.73925697007694557 -0.11365813406511541
0.74216633615811889 -0.11541142570821512

0.74216633615811889 -0.11541142570821512
0.74237619779878916 -0.11555483935407389

0.74237619779878916 -0.11555483935407389
0.74549542552063286 -0.1173684114055122

0.74549542552063286 -0.1173684114055122
0.74744408924858363 -0.11853065343005878

0.74744408924858363 -0.11853065343005878
0.74861465324247645 -0.11925445650086056

0.74861465324247645 -0.11925445650086056
0.75173388096432014 -0.12094689324378022

0.75173388096432014 -0.12094689324378022
0.75294208240911453 -0.12164988115190242

0.75294208240911453 -0.12164988115190242
0.75485310868616384 -0.12272411617085736

0.75485310868616384 -0.12272411617085736
0.75797233640800743 -0.12431988391762881

0.75797233640800743 -0.12431988391762881
0.75879910051743782 -0.12476910887374608

0.75879910051743782 -0.12476910887374608
0.76109156412985113 -0.1259368296561863

0.76109156412985113 -0.1259368296561863
0.76421079185169472 -0.12739887717503356

0.76421079185169472 -0.12739887717503356
0.76523046422843721 -0.12788833659558974

0.76523046422843721 -0.12788833659558974
0.76733001957353841 -0.12885293815062429

0.76733001957353841 -0.12885293815062429
0.77044924729538211 -0.13016004111024607

0.77044924729538211 -0.13016004111024607
0.77258572881548726 -0.13100756431743338

0.77258572881548726 -0.13100756431743338
0.7735684750172257 -0.13141039127792031

0.7735684750172257 -0.13141039127792031
0.7766877027390694 -0.1325013435598586

0.7766877027390694 -0.1325013435598586
0.77980693046091298 -0.13348511532702675

0.77980693046091298 -0.13348511532702675
0.78211153724432669 -0.13412679203927705

0.78211153724432669 -0.13412679203927705
0.78292615818275668 -0.13436017027448235

0.78292615818275668 -0.13436017027448235
0.78604538590460027 -0.13508135069129165

0.78604538590460027 -0.13508135069129165
0.78916461362644397 -0.13566251920399475

0.78916461362644397 -0.13566251920399475
0.79228384134828767 -0.13608475432737732

0.79228384134828767 -0.13608475432737732
0.79540306907013125 -0.13634225736620925

0.79540306907013125 -0.13634225736620925
0.79852229679197495 -0.13642872602169701

0.79852229679197495 -0.13642872602169701
0.80164152451381854 -0.13633632189596256

0.80164152451381854 -0.13633632189596256
0.80476075223566224 -0.13606182583397591

0.80476075223566224 -0.13606182583397591
0.80787997995750593 -0.13560641949166008

0.80787997995750593 -0.13560641949166008
0.81099920767934952 -0.13497264934372641

0.81099920767934952 -0.13497264934372641
0.81411843540119322 -0.13415857650609822

0.81411843540119322 -0.13415857650609822
0.81420912584671257 -0.13412679203927705

0.81420912584671257 -0.13412679203927705
0.81723766312303681 -0.13313785397422423

0.81723766312303681 -0.13313785397422423
0.8203568908448805 -0.13193602529387397

0.8203568908448805 -0.13193602529387397
0.82241147493076139 -0.13100756431743338

0.82241147493076139 -0.13100756431743338
0.82347611856672409 -0.13050442839972595

0.82347611856672409 -0.13050442839972595
0.82659534628856779 -0.12896376020956943

0.82659534628856779 -0.12896376020956943
0.82844797622881661 -0.12788833659558974

0.82844797622881661 -0.12788833659558974
0.82971457401041149 -0.12712656638523231

0.82971457401041149 -0.12712656638523231
0.83283380173225507 -0.12526087898217636

0.83283380173225507 -0.12526087898217636
0.83349936294893268 -0.12476910887374608

0.83349936294893268 -0.12476910887374608
0.83595302945409877 -0.12308508062190468

0.83595302945409877 -0.12308508062190468
0.83784426918174415 -0.12164988115190242

0.83784426918174415 -0.12164988115190242
0.83907225717594236 -0.12067898460386185

0.83907225717594236 -0.12067898460386185
0.84185240587723909 -0.11853065343005878

0.84185240587723909 -0.11853065343005878
0.84219148489778606 -0.11823964290909497

0.84219148489778606 -0.11823964290909497
0.84531071261962976 -0.1157624483924749

0.84531071261962976 -0.1157624483924749
0.84570353940852472 -0.11541142570821512

0.84570353940852472 -0.11541142570821512
0.84842994034147334 -0.11309283955375514

0.84842994034147334 -0.11309283955375514
0.84930075554265372 -0.11229219798637147

0.84930075554265372 -0.11229219798637147
0.85154916806331704 -0.11025872163274825

0.85154916806331704 -0.11025872163274825
0.85270118510568171 -0.10917297026452782

0.85270118510568171 -0.10917297026452782
0.85466839578516063 -0.10732150002692194

0.85466839578516063 -0.10732150002692194
0.85598566179510116 -0.10605374254268417

0.85598566179510116 -0.10605374254268417
0.85778762350700433 -0.10431154304013686

0.85778762350700433 -0.10431154304013686
0.85919359731258238 -0.10293451482084051

0.85919359731258238 -0.10293451482084051
0.86090685122884802 -0.10124575436682748

0.86090685122884802 -0.10124575436682748
0.86234570770076491 -0.099815287098996869

0.86234570770076491 -0.099815287098996869
0.86402607895069161 -0.098132266765565732

0.86402607895069161 -0.098132266765565732
0.86545201494861468 -0.096696059377153212

0.86545201494861468 -0.096696059377153212
0.86714530667253531 -0.094980290044304638

0.86714530667253531 -0.094980290044304638
0.86852784950057904 -0.093576831655309556

0.86852784950057904 -0.093576831655309556
0.8702645343943789 -0.091806633185593498

0.8702645343943789 -0.091806633185593498
0.8715891467006599 -0.090457603933465913

0.8715891467006599 -0.090457603933465913
0.8733837621162226 -0.088623321914082537

0.8733837621162226 -0.088623321914082537
0.87464372971019677 -0.087338376211622257

0.87464372971019677 -0.087338376211622257
0.87650298983806618 -0.085434810055631541

0.87650298983806618 -0.085434810055631541
0.87769494530515191 -0.0842191484897786

0.87769494530515191 -0.0842191484897786
0.87962221755990988 -0.082246734550959905

0.87962221755990988 -0.082246734550959905
0.8807490916548133 -0.081099920767934958

0.8807490916548133 -0.081099920767934958
0.88274144528175358 -0.079071840035361676

0.88274144528175358 -0.079071840035361676
0.88382131060712354 -0.077980693046091301

0.88382131060712354 -0.077980693046091301
0.88586067300359717 -0.07592665942186369

0.88586067300359717 -0.07592665942186369
0.88692482045934573 -0.074861465324247645

0.88692482045934573 -0.074861465324247645
0.88897990072544086 -0.072817015627705248

0.88897990072544086 -0.072817015627705248
0.89006493090681826 -0.071742237602403988

0.89006493090681826 -0.071742237602403988
0.89209912844728445 -0.069746800416535595

0.89209912844728445 -0.069746800416535595
0.89324870250819011 -0.068623009880560346

0.89324870250819011 -0.068623009880560346
0.89521835616912815 -0.066725575185970623

0.89521835616912815 -0.066725575185970623
0.89649208890113119 -0.065503782158716689

0.89649208890113119 -0.065503782158716689
0.89833758389097185 -0.063761051796219465

0.89833758389097185 -0.063761051796219465
0.89980345726366473 -0.062384554436873046

0.89980345726366473 -0.062384554436873046
0.90145681161281543 -0.060848825885205404

0.90145681161281543 -0.060848825885205404
0.90318506403148657 -0.05926532671502939

0.90318506403148657 -0.05926532671502939
0.90457603933465913 -0.057992099146563905

0.90457603933465913 -0.057992099146563905
0.90666162960936758 -0.05614609899318574

0.90666162960936758 -0.05614609899318574
0.90769526705650272 -0.055214946952740498

0.90769526705650272 -0.055214946952740498
0.91029840303072884 -0.053026871271342091

0.91029840303072884 -0.053026871271342091
0.91081449477834642 -0.052569546731630896

0.91081449477834642 -0.052569546731630896
0.91393372250019 -0.050081673789921365

0.91393372250019 -0.050081673789921365
0.9141335471598323 -0.049907643549498434

0.9141335471598323 -0.049907643549498434
0.9170529502220337 -0.047596299826919597

0.9170529502220337 -0.047596299826919597
0.91801306517209469 -0.046788415827654785

0.91801306517209469 -0.046788415827654785
0.9201721779438774 -0.045066351709834779

0.9201721779438774 -0.045066351709834779
0.92193471021077877 -0.043669188105811135

0.92193471021077877 -0.043669188105811135
0.92329140566572099 -0.042581041455456686

0.92329140566572099 -0.042581041455456686
0.92605567489968232 -0.040549960383967479

0.92605567489968232 -0.040549960383967479
0.92641063338756469 -0.040263118427231251

0.92641063338756469 -0.040263118427231251
0.92952986110940827 -0.038082783654703245

0.92952986110940827 -0.038082783654703245
0.9303712996778537 -0.037430732662123829

0.9303712996778537 -0.037430732662123829
0.93264908883125197 -0.035791490414831401

0.93264908883125197 -0.035791490414831401
0.93474597726134556 -0.034311504940280173

0.93474597726134556 -0.034311504940280173
0.93576831655309567 -0.033552606061514119

0.93576831655309567 -0.033552606061514119
0.93888754427493926 -0.03153722371864455

0.93888754427493926 -0.03153722371864455
0.9393576485898345 -0.03119227721843652

0.9393576485898345 -0.03119227721843652
0.94200677199678295 -0.029452473806932489

0.94200677199678295 -0.029452473806932489
0.94413303674581772 -0.028073049496592867

0.94413303674581772 -0.028073049496592867
0.94512599971862654 -0.027392177774612652

0.94512599971862654 -0.027392177774612652
0.94824522744047024 -0.025550830377103279

0.94824522744047024 -0.025550830377103279
0.94916097306057845 -0.024953821774749217

0.94916097306057845 -0.024953821774749217
0.95136445516231394 -0.023611514314919091

0.95136445516231394 -0.023611514314919091
0.95445910894532293 -0.021834594052905564

0.95445910894532293 -0.021834594052905564
0.95448368288415752 -0.021818390620842055

0.95448368288415752 -0.021818390620842055
0.95760291060600122 -0.02008665251280602

0.95760291060600122 -0.02008665251280602
0.96013607603067463 -0.018715366331061911

0.96013607603067463 -0.018715366331061911
0.96072213832784481 -0.018369742723597263

0.96072213832784481 -0.018369742723597263
0.96384136604968851 -0.016782770411420251

0.96384136604968851 -0.016782770411420251
0.96618181556381999 -0.015596138609218262

0.96618181556381999 -0.015596138609218262
0.9669605937715321 -0.015175647119765713

0.9669605937715321 -0.015175647119765713
0.97007982149337579 -0.013694200472517286

0.97007982149337579 -0.013694200472517286
0.97267152675233393 -0.012476910887374609

0.97267152675233393 -0.012476910887374609
0.97319904921521949 -0.012208889540331013

0.97319904921521949 -0.012208889540331013
0.97631827693706308 -0.010816382753852933

0.97631827693706308 -0.010816382753852933
0.97943750465890678 -0.0094515031541724283

0.97943750465890678 -0.0094515031541724283
0.97963642969520759 -0.0093576831655309573

0.97963642969520759 -0.0093576831655309573
0.98255673238075036 -0.0081112545565383276

0.98255673238075036 -0.0081112545565383276
0.98567596010259406 -0.0068420644786533003

0.98567596010259406 -0.0068420644786533003
0.98714435973240999 -0.0062384554436873043

0.98714435973240999 -0.0062384554436873043
0.98879518782443776 -0.0055650486962668163

0.98879518782443776 -0.0055650486962668163
0.99191441554628135 -0.0043728573261559919

0.99191441554628135 -0.0043728573261559919
0.99503364326812505 -0.0032128923408536944

0.99503364326812505 -0.0032128923408536944
0.99527352473839636 -0.0031192277218436521

0.99527352473839636 -0.0031192277218436521
0.99815287098996863 -0.0020828356797205003

0.99815287098996863 -0.0020828356797205003
1.0012720987118124 -0.0010080205539387955

1.0012720987118124 -0.0010080205539387955
1.0043162467524667 0

1.0043162467524667 0
1.0043913264336561 2.6939499913109736e-05

1.0043913264336561 2.6939499913109736e-05
1.0075105541554998 0.0010138143476082382

1.0075105541554998 0.0010138143476082382
1.0106297818773433 0.0019535012658206232

1.0106297818773433 0.0019535012658206232
1.013749009599187 0.002832110300770367

1.013749009599187 0.002832110300770367
1.0147849941932301 0.0031192277218436517

1.0147849941932301 0.0031192277218436517
1.0168682373210307 0.0036823086708382548

1.0168682373210307 0.0036823086708382548
1.0199874650428744 0.0044668912425303107

1.0199874650428744 0.0044668912425303107
1.0231066927647179 0.0052107406328953144

1.0231066927647179 0.0052107406328953144
1.0262259204865616 0.0059059060543324524

1.0262259204865616 0.0059059060543324524
1.0277830806715169 0.0062384554436873043

1.0277830806715169 0.0062384554436873043
1.0293451482084053 0.0065714396697651228

1.0293451482084053 0.0065714396697651228
1.032464375930249 0.0071818649138365252

1.032464375930249 0.0071818649138365252
1.0355836036520927 0.0077574910895016856

1.0355836036520927 0.0077574910895016856
1.0387028313739362 0.0082989283892605775

1.0387028313739362 0.0082989283892605775
1.0418220590957799 0.0088108668409932825

1.0418220590957799 0.0088108668409932825
1.0449412868176235 0.0092934417859231056

1.0449412868176235 0.0092934417859231056
1.045367812971072 0.0093576831655309556

1.045367812971072 0.0093576831655309556
1.0480605145394672 0.0097520008084101724

1.0480605145394672 0.0097520008084101724
1.0511797422613109 0.010179388831988639

1.0511797422613109 0.010179388831988639
1.0542989699831544 0.010577290093705576

1.0542989699831544 0.010577290093705576
1.0574181977049981 0.01094551589335618

1.0574181977049981 0.01094551589335618
1.0605374254268418 0.011283413885119513

1.0605374254268418 0.011283413885119513
1.0636566531486855 0.011590164737262706

1.0636566531486855 0.011590164737262706
1.0667758808705292 0.011865695909406036

1.0667758808705292 0.011865695909406036
1.0698951085923727 0.01210944417793337

1.0698951085923727 0.01210944417793337
1.0730143363142164 0.012320223318566767

1.0730143363142164 0.012320223318566767
1.0757956163098565 0.012476910887374609

1.0757956163098565 0.012476910887374609
1.0761335640360601 0.012496133184650492

1.0761335640360601 0.012496133184650492
1.0792527917579038 0.012636072506773292

1.0792527917579038 0.012636072506773292
1.0823720194797475 0.012742256392060244

1.0823720194797475 0.012742256392060244
1.085491247201591 0.012814347888261822

1.085491247201591 0.012814347888261822
1.0886104749234347 0.012852334834273012

1.0886104749234347 0.012852334834273012
1.0917297026452784 0.012857975145657502

1.0917297026452784 0.012857975145657502
1.0948489303671221 0.012834406828928292

1.0948489303671221 0.012834406828928292
1.0979681580889658 0.012783471158712124

1.0979681580889658 0.012783471158712124
1.1010873858108092 0.01270469110854288

1.1010873858108092 0.01270469110854288
1.1042066135326529 0.012601167351320098

1.1042066135326529 0.012601167351320098
1.1073258412544966 0.012477986296779603

1.1073258412544966 0.012477986296779603
1.107349014020506 0.012476910887374609

1.107349014020506 0.012476910887374609
1.1104450689763403 0.012334728519257624

1.1104450689763403 0.012334728519257624
1.1135642966981838 0.012170264356795316

1.1135642966981838 0.012170264356795316
1.1166835244200275 0.011985564481818867

1.1166835244200275 0.011985564481818867
1.1198027521418712 0.011782542102926031

1.1198027521418712 0.011782542102926031
1.1229219798637149 0.011563701687641077

1.1229219798637149 0.011563701687641077
1.1260412075855586 0.011329312953437443

1.1260412075855586 0.011329312953437443
1.1291604353074021 0.011076545966144619

1.1291604353074021 0.011076545966144619
1.1322796630292458 0.01080331053380333

1.1322796630292458 0.01080331053380333
1.1353988907510895 0.010510619190083028

1.1353988907510895 0.010510619190083028
1.1385181184729332 0.010199000754857832

1.1385181184729332 0.010199000754857832
1.1416373461947769 0.0098662694607790577

1.1416373461947769 0.0098662694607790577
1.1447565739166203 0.0095118422116515812

1.1447565739166203 0.0095118422116515812
1.1460177432514482 0.0093576831655309556

1.1460177432514482 0.0093576831655309556
1.147875801638464 0.0091317122494579666

1.147875801638464 0.0091317122494579666
1.1509950293603077 0.0087355989090366747

1.1509950293603077 0.0087355989090366747
1.1541142570821514 0.0083189139773760367

1.1541142570821514 0.0083189139773760367
1.1572334848039951 0.0078847313191034649

1.1572334848039951 0.0078847313191034649
1.1603527125258386 0.0074330477597518889

1.1603527125258386 0.0074330477597518889
1.1634719402476823 0.0069634582422523801

1.1634719402476823 0.0069634582422523801
1.166591167969526 0.0064816475582370279

1.166591167969526 0.0064816475582370279
1.168108245920763 0.0062384554436873043

1.168108245920763 0.0062384554436873043
1.1697103956913697 0.005981805805133582

1.1697103956913697 0.005981805805133582
1.1728296234132134 0.0054791130678647848

1.1728296234132134 0.0054791130678647848
1.1759488511350569 0.0049630812973466623

1.1759488511350569 0.0049630812973466623
1.1790680788569006 0.0044367391624520955

1.1790680788569006 0.0044367391624520955
1.1821873065787443 0.0039006032615967637

1.1821873065787443 0.0039006032615967637
1.185306534300588 0.0033597065077769781

1.185306534300588 0.0033597065077769781
1.1866490413554349 0.0031192277218436517

1.1866490413554349 0.0031192277218436517
1.1884257620224317 0.0028028608494777328

1.1884257620224317 0.0028028608494777328
1.1915449897442751 0.0022451553476074172

1.1915449897442751 0.0022451553476074172
1.1946642174661188 0.0016717896527850655

1.1946642174661188 0.0016717896527850655
1.1977834451879625 0.0010866222747427045

1.1977834451879625 0.0010866222747427045
1.2009026729098062 0.0004910154213873686

1.2009026729098062 0.0004910154213873686
1.2034086305584617 0

1.2034086305584617 0
1.2040219006316497 -0.00012392132062701651

1.2040219006316497 -0.00012392132062701651
1.2071411283534934 -0.00074592786154231239

1.2071411283534934 -0.00074592786154231239
1.2102603560753371 -0.0013892440567665452

1.2102603560753371 -0.0013892440567665452
1.2133795837971808 -0.0020502157932925603

1.2133795837971808 -0.0020502157932925603
1.2164988115190245 -0.0027230383703141557

1.2164988115190245 -0.0027230383703141557
1.2182692935690635 -0.0031192277218436521

1.2182692935690635 -0.0031192277218436521
1.219618039240868 -0.0034235201944105729

1.219618039240868 -0.0034235201944105729
1.2227372669627117 -0.0041227029725990384

1.2227372669627117 -0.0041227029725990384
1.2258564946845554 -0.0048403053822802912

1.2258564946845554 -0.0048403053822802912
1.2289757224063991 -0.0055692461536841348

1.2289757224063991 -0.0055692461536841348
1.2318023451514037 -0.0062384554436873043

1.2318023451514037 -0.0062384554436873043
1.2320949501282428 -0.0063112512400963832

1.2320949501282428 -0.0063112512400963832
1.2352141778500862 -0.0070519978625246107

1.2352141778500862 -0.0070519978625246107
1.2383334055719299 -0.0078013541793985055

1.2383334055719299 -0.0078013541793985055
1.2414526332937736 -0.0085545409674383857

1.2414526332937736 -0.0085545409674383857
1.2445718610156173 -0.0093072793242358967

1.2445718610156173 -0.0093072793242358967
1.2447685867074503 -0.0093576831655309573

1.2447685867074503 -0.0093576831655309573
1.247691088737461 -0.010066801718824042

1.247691088737461 -0.010066801718824042
1.2508103164593045 -0.010824407405806135

1.2508103164593045 -0.010824407405806135
1.2539295441811482 -0.011582743155044369

1.2539295441811482 -0.011582743155044369
1.2570487719029919 -0.012335672987715127

1.2570487719029919 -0.012335672987715127
1.257605761529355 -0.012476910887374609

1.257605761529355 -0.012476910887374609
1.2601679996248356 -0.013101144427801715

1.2601679996248356 -0.013101144427801715
1.2632872273466793 -0.013859289569518598

1.2632872273466793 -0.013859289569518598
1.2664064550685228 -0.014621897088412456

1.2664064550685228 -0.014621897088412456
1.2695256827903665 -0.015381182825990642

1.2695256827903665 -0.015381182825990642
1.2703684707732752 -0.015596138609218262

1.2703684707732752 -0.015596138609218262
1.2726449105122102 -0.016160258638971439

1.2726449105122102 -0.016160258638971439
1.2757641382340539 -0.016929523767681233

1.2757641382340539 -0.016929523767681233
1.2788833659558976 -0.017703082201303129

1.2788833659558976 -0.017703082201303129
1.2820025936777411 -0.018470059582347903

1.2820025936777411 -0.018470059582347903
1.2829595472074558 -0.018715366331061911

1.2829595472074558 -0.018715366331061911
1.2851218213995848 -0.019256287105773158

1.2851218213995848 -0.019256287105773158
1.2882410491214284 -0.020031305542952637

1.2882410491214284 -0.020031305542952637
1.2913602768432721 -0.020811426552209064

1.2913602768432721 -0.020811426552209064
1.2944795045651156 -0.021583005295294378

1.2944795045651156 -0.021583005295294378
1.2954630408818935 -0.021834594052905564

1.2954630408818935 -0.021834594052905564
1.2975987322869593 -0.022368165583201028

1.2975987322869593 -0.022368165583201028
1.300717960008803 -0.023133216856197226

1.300717960008803 -0.023133216856197226
1.3038371877306467 -0.02389384897715276

1.3038371877306467 -0.02389384897715276
1.3069564154524904 -0.024636786863915929

1.3069564154524904 -0.024636786863915929
1.30827633203907 -0.024953821774749217

1.30827633203907 -0.024953821774749217
1.3100756431743339 -0.02538176197938798

1.3100756431743339 -0.02538176197938798
1.3131948708961776 -0.026094003806837105

1.3131948708961776 -0.026094003806837105
1.3163140986180213 -0.026791586397296209

1.3163140986180213 -0.026791586397296209
1.319433326339865 -0.02746847094865263

1.319433326339865 -0.02746847094865263
1.3223113278027798 -0.028073049496592867

1.3223113278027798 -0.028073049496592867
1.3225525540617087 -0.028126025830983271

1.3225525540617087 -0.028126025830983271
1.3256717817835522 -0.028754261375857695

1.3256717817835522 -0.028754261375857695
1.3287910095053959 -0.029357931933868112

1.3287910095053959 -0.029357931933868112
1.3319102372272396 -0.029932717889648866

1.3319102372272396 -0.029932717889648866
1.3350294649490833 -0.030478017161789415

1.3350294649490833 -0.030478017161789415
1.338148692670927 -0.030990348483846415

1.338148692670927 -0.030990348483846415
1.3394374318416482 -0.03119227721843652

1.3394374318416482 -0.03119227721843652
1.3412679203927704 -0.031476738978486726

1.3412679203927704 -0.031476738978486726
1.3443871481146141 -0.031921190091073588

1.3443871481146141 -0.031921190091073588
1.3475063758364578 -0.032330297684957529

1.3475063758364578 -0.032330297684957529
1.3506256035583015 -0.032699111403987555

1.3506256035583015 -0.032699111403987555
1.3537448312801452 -0.033025954878538689

1.3537448312801452 -0.033025954878538689
1.3568640590019887 -0.033309738864008356

1.3568640590019887 -0.033309738864008356
1.3599832867238324 -0.033547819260627748

1.3599832867238324 -0.033547819260627748
1.3631025144456761 -0.033736724659072091

1.3631025144456761 -0.033736724659072091
1.3662217421675198 -0.033873220154178159

1.3662217421675198 -0.033873220154178159
1.3693409698893635 -0.033954557329889674

1.3693409698893635 -0.033954557329889674
1.372460197611207 -0.03397822201698119

1.372460197611207 -0.03397822201698119
1.3755794253330507 -0.033941474481432324

1.3755794253330507 -0.033941474481432324
1.3786986530548944 -0.033841159982134786

1.3786986530548944 -0.033841159982134786
1.3818178807767381 -0.033673970415532738

1.3818178807767381 -0.033673970415532738
1.3849371084985815 -0.033437024603860506

1.3849371084985815 -0.033437024603860506
1.3880563362204252 -0.033128377926723129

1.3880563362204252 -0.033128377926723129
1.3911755639422689 -0.032746574519342833

1.3911755639422689 -0.032746574519342833
1.3942947916641126 -0.032289671328903952

1.3942947916641126 -0.032289671328903952
1.3974140193859563 -0.031756411697552077

1.3974140193859563 -0.031756411697552077
1.4002804743923787 -0.03119227721843652

1.4002804743923787 -0.03119227721843652
1.4005332471077998 -0.031140207494304808

1.4005332471077998 -0.031140207494304808
1.4036524748296435 -0.030443222536135614

1.4036524748296435 -0.030443222536135614
1.4067717025514872 -0.029657383594059134

1.4067717025514872 -0.029657383594059134
1.4098909302733309 -0.028790490822562628

1.4098909302733309 -0.028790490822562628
1.4122279412983043 -0.028073049496592867

1.4122279412983043 -0.028073049496592867
1.4130101579951746 -0.027822460194718013

1.4130101579951746 -0.027822460194718013
1.4161293857170181 -0.026791760431347064

1.4161293857170181 -0.026791760431347064
1.4192486134388618 -0.025676663742094947

1.4192486134388618 -0.025676663742094947
1.4210953517046436 -0.024953821774749217

1.4210953517046436 -0.024953821774749217
1.4223678411607055 -0.024444964476381444

1.4223678411607055 -0.024444964476381444
1.4254870688825492 -0.023181015122404707

1.4254870688825492 -0.023181015122404707
1.4285880768351733 -0.021834594052905564

1.4285880768351733 -0.021834594052905564
1.4286062966043929 -0.021825706680578684

1.4286062966043929 -0.021825706680578684
1.4317255243262363 -0.020401241290107008

1.4317255243262363 -0.020401241290107008
1.43484475204808 -0.018931936837929056

1.43484475204808 -0.018931936837929056
1.4352403175284445 -0.018715366331061911

1.4352403175284445 -0.018715366331061911
1.4379639797699237 -0.017358493843669977

1.4379639797699237 -0.017358493843669977
1.4410832074917674 -0.015773225379553283

1.4410832074917674 -0.015773225379553283
1.4413808375630657 -0.015596138609218262

1.4413808375630657 -0.015596138609218262
1.4442024352136111 -0.014093967908190659

1.4442024352136111 -0.014093967908190659
1.4471616120734083 -0.012476910887374609

1.4471616120734083 -0.012476910887374609
1.4473216629354546 -0.012377186215008546

1.4473216629354546 -0.012377186215008546
1.4504408906572983 -0.010654050414018247

1.4504408906572983 -0.010654050414018247
1.4526785882345563 -0.0093576831655309573

1.4526785882345563 -0.0093576831655309573
1.453560118379142 -0.008811990219962592

1.453560118379142 -0.008811990219962592
1.4566793461009857 -0.0070705670973329124

1.4566793461009857 -0.0070705670973329124
1.4580113636951615 -0.0062384554436873043

1.4580113636951615 -0.0062384554436873043
1.4597985738228294 -0.0051455086739573041

1.4597985738228294 -0.0051455086739573041
1.4629178015446729 -0.0033173391543729427

1.4629178015446729 -0.0033173391543729427
1.4632060453493949 -0.0031192277218436521

1.4632060453493949 -0.0031192277218436521
1.4660370292665166 -0.0013948020803996113

1.4660370292665166 -0.0013948020803996113
1.4682594124935744 0

1.4682594124935744 0
1.4691562569883603 0.00060280607584816759

1.4691562569883603 0.00060280607584816759
1.472275484710204 0.0024611085583832338

1.472275484710204 0.0024611085583832338
1.4732394630498813 0.0031192277218436517

1.4732394630498813 0.0031192277218436517
1.4753947124320475 0.0045031985174657108

1.4753947124320475 0.0045031985174657108
1.4781376627562675 0.0062384554436873043

1.4781376627562675 0.0062384554436873043
1.4785139401538911 0.0065056077549963537

1.4785139401538911 0.0065056077549963537
1.4816331678757348 0.0084255718308020085

1.4816331678757348 0.0084255718308020085
1.4830112173704322 0.0093576831655309556

1.4830112173704322 0.0093576831655309556
1.4847523955975785 0.010512502461426904

1.4847523955975785 0.010512502461426904
1.4878683780844253 0.012476910887374609

1.4878683780844253 0.012476910887374609
1.4878716233194222 0.012479271555993899

1.4878716233194222 0.012479271555993899
1.4909908510412657 0.014444842069440397

1.4909908510412657 0.014444842069440397
1.4927377008806284 0.01559613860921826

1.4927377008806284 0.01559613860921826
1.4941100787631094 0.01651818912299801

1.4941100787631094 0.01651818912299801
1.4972293064849531 0.018412643140346133

1.4972293064849531 0.018412643140346133
1.4976620012507047 0.018715366331061915

1.4976620012507047 0.018715366331061915
1.5003485342067968 0.020395945241912527

1.5003485342067968 0.020395945241912527
1.5026464765626646 0.021834594052905568

1.5026464765626646 0.021834594052905568
1.5034677619286405 0.022388014451126068

1.5034677619286405 0.022388014451126068
1.506586989650484 0.024206755997439114

1.506586989650484 0.024206755997439114
1.5077535111880243 0.024953821774749217

1.5077535111880243 0.024953821774749217
1.5097062173723277 0.026154166903919755

1.5097062173723277 0.026154166903919755
1.5128254450941714 0.027960643224352478

1.5128254450941714 0.027960643224352478
1.5129950378417985 0.02807304949659287

1.5129950378417985 0.02807304949659287
1.5159446728160151 0.029782647599348289

1.5159446728160151 0.029782647599348289
1.518395614797502 0.03119227721843652

1.518395614797502 0.03119227721843652
1.5190639005378588 0.03161026322543984

1.5190639005378588 0.03161026322543984
1.5221831282597023 0.033298746827674808

1.5221831282597023 0.033298746827674808
1.5239761944837742 0.034311504940280173

1.5239761944837742 0.034311504940280173
1.525302355981546 0.035075639870259329

1.525302355981546 0.035075639870259329
1.5284215837033897 0.036698085396128143

1.5284215837033897 0.036698085396128143
1.5297356779183382 0.037430732662123822

1.5297356779183382 0.037430732662123822
1.5315408114252334 0.038414228322262066

1.5315408114252334 0.038414228322262066
1.534660039147077 0.039992045188287924

1.534660039147077 0.039992045188287924
1.535680276478373 0.040549960383967479

1.535680276478373 0.040549960383967479
1.5377792668689205 0.041644555914016695

1.5377792668689205 0.041644555914016695
1.5408984945907642 0.043179416026678852

1.5408984945907642 0.043179416026678852
1.5418192388942666 0.043669188105811128

1.5418192388942666 0.043669188105811128
1.5440177223126079 0.044776894259467362

1.5440177223126079 0.044776894259467362
1.5471369500344516 0.046266934426322417

1.5471369500344516 0.046266934426322417
1.548158842230587 0.046788415827654778

1.548158842230587 0.046788415827654778
1.5502561777562953 0.047812318947586675

1.5502561777562953 0.047812318947586675
1.5533754054781388 0.049251467646495496

1.5533754054781388 0.049251467646495496
1.5547355790430326 0.049907643549498434

1.5547355790430326 0.049907643549498434
1.5564946331999825 0.050742331081327759

1.5564946331999825 0.050742331081327759
1.5596138609218262 0.052130735182957681

1.5596138609218262 0.052130735182957681
1.5615995764105586 0.053026871271342084

1.5615995764105586 0.053026871271342084
1.5627330886436699 0.053553896488981657

1.5627330886436699 0.053553896488981657
1.5658523163655134 0.054882093741726187

1.5658523163655134 0.054882093741726187
1.5688547151086591 0.056146098993185733

1.5688547151086591 0.056146098993185733
1.5689715440873571 0.056200490019941686

1.5689715440873571 0.056200490019941686
1.5720907718092008 0.057470139793948459

1.5720907718092008 0.057470139793948459
1.5752099995310445 0.058693606893695974

1.5752099995310445 0.058693606893695974
1.5766517380078799 0.05926532671502939

1.5766517380078799 0.05926532671502939
1.5783292272528882 0.059924486753531563

1.5783292272528882 0.059924486753531563
1.5814484549747316 0.061073996412682366

1.5814484549747316 0.061073996412682366
1.5845676826965753 0.062190588209862986

1.5845676826965753 0.062190588209862986
1.5850851097385286 0.06238455443687304

1.5850851097385286 0.06238455443687304
1.587686910418419 0.06330110871623211

1.587686910418419 0.06330110871623211
1.5908061381402627 0.064363500423340936

1.5908061381402627 0.064363500423340936
1.5939253658621064 0.065394117003494123

1.5939253658621064 0.065394117003494123
1.5942409297422759 0.065503782158716703

1.5942409297422759 0.065503782158716703
1.5970445935839499 0.066413930840434579

1.5970445935839499 0.066413930840434579
1.6001638213057936 0.067400014903675781

1.6001638213057936 0.067400014903675781
1.6032830490276373 0.068356474360753247

1.6032830490276373 0.068356474360753247
1.6041244240951555 0.068623009880560346

1.6041244240951555 0.068623009880560346
1.606402276749481 0.069318564431868082

1.606402276749481 0.069318564431868082
1.6095215044713247 0.070241255693811455

1.6095215044713247 0.070241255693811455
1.6126407321931682 0.071144533001031754

1.6126407321931682 0.071144533001031754
1.6147187766656346 0.071742237602404002

1.6147187766656346 0.071742237602404002
1.6157599599150119 0.072048800762044923

1.6157599599150119 0.072048800762044923
1.6188791876368556 0.072909539409391405

1.6188791876368556 0.072909539409391405
1.6219984153586993 0.073759020442944107

1.6219984153586993 0.073759020442944107
1.625117643080543 0.074579858631023774

1.625117643080543 0.074579858631023774
1.6261738355110047 0.074861465324247659

1.6261738355110047 0.074861465324247659
1.6282368708023864 0.075399443263137647

1.6282368708023864 0.075399443263137647
1.6313560985242301 0.076180337148112828

1.6313560985242301 0.076180337148112828
1.6344753262460738 0.076941426215840228

1.6344753262460738 0.076941426215840228
1.6375945539679175 0.077673781442789913

1.6375945539679175 0.077673781442789913
1.6389044131262434 0.077980693046091315

1.6389044131262434 0.077980693046091315
1.640713781689761 0.078400324405315455

1.640713781689761 0.078400324405315455
1.6438330094116047 0.079090492426061462

1.6438330094116047 0.079090492426061462
1.6469522371334484 0.079763125373111851

1.6469522371334484 0.079763125373111851
1.6500714648552921 0.080415847891857795

1.6500714648552921 0.080415847891857795
1.6531906925771358 0.081049067151641022

1.6531906925771358 0.081049067151641022
1.6534361401759987 0.081099920767934958

1.6534361401759987 0.081099920767934958
1.6563099202989793 0.081670028856128146

1.6563099202989793 0.081670028856128146
1.659429148020823 0.082271902842710853

1.659429148020823 0.082271902842710853
1.6625483757426667 0.082859061658826019

1.6625483757426667 0.082859061658826019
1.6656676034645104 0.083432757085260836

1.6656676034645104 0.083432757085260836
1.6687868311863541 0.083991252479488063

1.6687868311863541 0.083991252479488063
1.6700555698119481 0.084219148489778614

1.6700555698119481 0.084219148489778614
1.6719060589081975 0.084548631064211663

1.6719060589081975 0.084548631064211663
1.6750252866300412 0.085086473682700434

1.6750252866300412 0.085086473682700434
1.6781445143518849 0.085615401795938961

1.6781445143518849 0.085615401795938961
1.6812637420737286 0.086132557488755521

1.6812637420737286 0.086132557488755521
1.6843829697955723 0.086638088030501131

1.6843829697955723 0.086638088030501131
1.6875021975174158 0.087129549504188331

1.6875021975174158 0.087129549504188331
1.6888337114585361 0.087338376211622271

1.6888337114585361 0.087338376211622271
1.6906214252392595 0.087617020843121382

1.6906214252392595 0.087617020843121382
1.6937406529611032 0.088085481691859938

1.6937406529611032 0.088085481691859938
1.6968598806829469 0.088543087056764641

1.6968598806829469 0.088543087056764641
1.6999791084047906 0.08898740286963322

1.6999791084047906 0.08898740286963322
1.7030983361266341 0.089417326649620613

1.7030983361266341 0.089417326649620613
1.7062175638484778 0.089831806792014135

1.7062175638484778 0.089831806792014135
1.7093367915703215 0.090229418636313327

1.7093367915703215 0.090229418636313327
1.711190512270045 0.090457603933465913

1.711190512270045 0.090457603933465913
1.7124560192921652 0.090614180344711331

1.7124560192921652 0.090614180344711331
1.7155752470140089 0.090977562175304186

1.7155752470140089 0.090977562175304186
1.7186944747358524 0.091325779482489169

1.7186944747358524 0.091325779482489169
1.721813702457696 0.091657594550888996

1.721813702457696 0.091657594550888996
1.7249329301795397 0.09197380812315066

1.7249329301795397 0.09197380812315066
1.7280521579013834 0.092275488702823108

1.7280521579013834 0.092275488702823108
1.7311713856232269 0.092563937929956749

1.7311713856232269 0.092563937929956749
1.7342906133450706 0.092840829371053687

1.7342906133450706 0.092840829371053687
1.7374098410669143 0.093108198167252174

1.7374098410669143 0.093108198167252174
1.740529068788758 0.093368297342554793

1.740529068788758 0.093368297342554793
1.7430918565910081 0.09357683165530957

1.7430918565910081 0.09357683165530957
1.7436482965106017 0.093622695909871198

1.7436482965106017 0.093622695909871198
1.7467675242324452 0.093869459633266955

1.7467675242324452 0.093869459633266955
1.7498867519542889 0.094112062906234292

1.7498867519542889 0.094112062906234292
1.7530059796761326 0.094350474237703791

1.7530059796761326 0.094350474237703791
1.7561252073979763 0.094584897437397744

1.7561252073979763 0.094584897437397744
1.75924443511982 0.094815314152484828

1.75924443511982 0.094815314152484828
1.7623636628416635 0.095041332375666365

1.7623636628416635 0.095041332375666365
1.7654828905635072 0.0952623139935415

1.7654828905635072 0.0952623139935415
1.7686021182853509 0.09547723430811314

1.7686021182853509 0.09547723430811314
1.7717213460071946 0.095685051170260133

1.7717213460071946 0.095685051170260133
1.7748405737290383 0.095885141148286182

1.7748405737290383 0.095885141148286182
1.7779598014508817 0.096076963823062203

1.7779598014508817 0.096076963823062203
1.7810790291727254 0.096259987305812186

1.7810790291727254 0.096259987305812186
1.7841982568945691 0.096434595163892203

1.7841982568945691 0.096434595163892203
1.7873174846164128 0.096602212180548139

1.7873174846164128 0.096602212180548139
1.7891628834362188 0.096696059377153226

1.7891628834362188 0.096696059377153226
1.7904367123382565 0.096760955784723643

1.7904367123382565 0.096760955784723643
1.7935559400601 0.09690746923288332

1.7935559400601 0.09690746923288332
1.7966751677819437 0.097046716698093755

1.7966751677819437 0.097046716698093755
1.7997943955037874 0.09718020276558699

1.7997943955037874 0.09718020276558699
1.8029136232256311 0.097307884365796932

1.8029136232256311 0.097307884365796932
1.8060328509474748 0.097429885554731324

1.8060328509474748 0.097429885554731324
1.8091520786693183 0.097546275530726714

1.8091520786693183 0.097546275530726714
1.812271306391162 0.097658358314244825

1.812271306391162 0.097658358314244825
1.8153905341130057 0.097768137524222309

1.8153905341130057 0.097768137524222309
1.8185097618348494 0.097876306299573973

1.8185097618348494 0.097876306299573973
1.8216289895566928 0.097982398038254412

1.8216289895566928 0.097982398038254412
1.8247482172785365 0.098086614147995077

1.8247482172785365 0.098086614147995077
1.8278674450003802 0.098190659963201921

1.8278674450003802 0.098190659963201921
1.8309866727222239 0.098296263948351587

1.8309866727222239 0.098296263948351587
1.8341059004440676 0.0984035361144701

1.8341059004440676 0.0984035361144701
1.8372251281659111 0.098511615131601421

1.8372251281659111 0.098511615131601421
1.8403443558877548 0.098620402966346277

1.8403443558877548 0.098620402966346277
1.8434635836095985 0.098730639649398683

1.8434635836095985 0.098730639649398683
1.8465828113314422 0.098842403997709244

1.8465828113314422 0.098842403997709244
1.8497020390532859 0.09895440487690009

1.8497020390532859 0.09895440487690009
1.8528212667751294 0.099064915248882807

1.8528212667751294 0.099064915248882807
1.8559404944969731 0.099172937879474579

1.8559404944969731 0.099172937879474579
1.8590597222188168 0.099278185649643899

1.8590597222188168 0.099278185649643899
1.8621789499406605 0.099380217927219724

1.8621789499406605 0.099380217927219724
1.8652981776625042 0.099478337323328045

1.8652981776625042 0.099478337323328045
1.8684174053843476 0.099572559525746937

1.8684174053843476 0.099572559525746937
1.8715366331061913 0.099663810347466769

1.8715366331061913 0.099663810347466769
1.874655860828035 0.099752977707592963

1.874655860828035 0.099752977707592963
1.8769227408403628 0.099815287098996869

1.8769227408403628 0.099815287098996869
1.8777750885498787 0.09983878365643227

1.8777750885498787 0.09983878365643227
1.8808943162717224 0.099920077989944706

1.8808943162717224 0.099920077989944706
1.8840135439935659 0.099998332593304942

1.8840135439935659 0.099998332593304942
1.8871327717154096 0.10007459101942461

1.8871327717154096 0.10007459101942461
1.8902519994372533 0.10015083600630054

1.8902519994372533 0.10015083600630054
1.893371227159097 0.10022879302860406

1.893371227159097 0.10022879302860406
1.8964904548809407 0.10030922016181197

1.8964904548809407 0.10030922016181197
1.8996096826027842 0.10039240082923577

1.8996096826027842 0.10039240082923577
1.8996096826027842 0.10039240082923577

1.8996096826027842 0.10039240082923577
1.9027289103246279 0.10047888125160569

1.9027289103246279 0.10047888125160569
1.9058481380464716 0.10056911021375248

1.9058481380464716 0.10056911021375248
1.9089673657683153 0.10066293710205514

1.9089673657683153 0.10066293710205514
1.9120865934901587 0.1007595798559287

1.9120865934901587 0.1007595798559287
1.9152058212120024 0.10085825217849084

1.9152058212120024 0.10085825217849084
1.9183250489338461 0.10095850313382893

1.9183250489338461 0.10095850313382893
1.9214442766556898 0.10105957445878826

1.9214442766556898 0.10105957445878826
1.9245635043775335 0.10115978627270886

1.9245635043775335 0.10115978627270886
1.927682732099377 0.10125700036895301

1.927682732099377 0.10125700036895301
1.9308019598212207 0.10134979380307639

1.9308019598212207 0.10134979380307639
1.9339211875430644 0.1014380455900056

1.9339211875430644 0.1014380455900056
1.9370404152649081 0.10152242573562296

1.9370404152649081 0.10152242573562296
1.9401596429867518 0.10160350269823613

1.9401596429867518 0.10160350269823613
1.9432788707085953 0.10168145315140792

1.9432788707085953 0.10168145315140792
1.946398098430439 0.10175650439433169

1.946398098430439 0.10175650439433169
1.9495173261522827 0.10182934476973574

1.9495173261522827 0.10182934476973574
1.9526365538741264 0.10190105813523941

1.9526365538741264 0.10190105813523941
1.9557557815959701 0.10197284841209976

1.9557557815959701 0.10197284841209976
1.9588750093178136 0.10204590206314233

1.9588750093178136 0.10204590206314233
1.9619942370396573 0.10212133616007367

1.9619942370396573 0.10212133616007367
1.9651134647615009 0.10220004856463738

1.9651134647615009 0.10220004856463738
1.9682326924833446 0.10228251007765728

1.9682326924833446 0.10228251007765728
1.9713519202051883 0.10236874365935779

1.9713519202051883 0.10236874365935779
1.9744711479270318 0.10245859553426656

1.9744711479270318 0.10245859553426656
1.9775903756488755 0.10255185632839146

1.9775903756488755 0.10255185632839146
1.9807096033707192 0.1026477273265957

1.9807096033707192 0.1026477273265957
1.9838288310925629 0.10274446961716779

1.9838288310925629 0.10274446961716779
1.9869480588144066 0.10284044007568161

1.9869480588144066 0.10284044007568161
1.9900527014152627 0.10293451482084053

1.9900527014152627 0.10293451482084053
1.9900672865362501 0.10293496008394799

1.9900672865362501 0.10293496008394799
1.9931865142580938 0.10302743469423291

1.9931865142580938 0.10302743469423291
1.9963057419799375 0.10311781631266925

1.9963057419799375 0.10311781631266925
1.9994249697017812 0.10320681418195631

1.9994249697017812 0.10320681418195631
2.0025441974236244 0.10329420432932955

2.0025441974236244 0.10329420432932955
2.0056634251454684 0.10338042571295177

2.0056634251454684 0.10338042571295177
2.0087826528673118 0.10346735055998507

2.0087826528673118 0.10346735055998507
2.0119018805891553 0.10355566379752479

2.0119018805891553 0.10355566379752479
2.0150211083109992 0.10364509838652768

2.0150211083109992 0.10364509838652768
2.0181403360328427 0.10373611108865083

2.0181403360328427 0.10373611108865083
2.0212595637546866 0.10382980385802548

2.0212595637546866 0.10382980385802548
2.0243787914765301 0.10392761686490132

2.0243787914765301 0.10392761686490132
2.0274980191983736 0.10403134947943107

2.0274980191983736 0.10403134947943107
2.0306172469202175 0.10414239105410518

2.0306172469202175 0.10414239105410518
2.033736474642061 0.10426111431031329

2.033736474642061 0.10426111431031329
2.0368557023639049 0.10438754055530622

2.0368557023639049 0.10438754055530622
2.0399749300857484 0.10452219433223656

2.0399749300857484 0.10452219433223656
2.0430941578075918 0.10466612647916589

2.0430941578075918 0.10466612647916589
2.0462133855294358 0.1048204426347341

2.0462133855294358 0.1048204426347341
2.0493326132512792 0.10498591052196468

2.0493326132512792 0.10498591052196468
2.0524518409731232 0.10516290898734894

2.0524518409731232 0.10516290898734894
2.0555710686949666 0.10535161536304628

2.0555710686949666 0.10535161536304628
2.0586902964168101 0.1055520314206187

2.0586902964168101 0.1055520314206187
2.061809524138654 0.10576366381925101

2.061809524138654 0.10576366381925101
2.0649287518604975 0.10598476903605952

2.0649287518604975 0.10598476903605952
2.0658540521116393 0.10605374254268418

2.0658540521116393 0.10605374254268418
2.0680479795823414 0.10621610385938339

2.0680479795823414 0.10621610385938339
2.0711672073041849 0.10645355285107892

2.0711672073041849 0.10645355285107892
2.0742864350260284 0.10669703244720646

2.0742864350260284 0.10669703244720646
2.0774056627478723 0.10694484490733057

2.0774056627478723 0.10694484490733057
2.0805248904697158 0.10719610560513483

2.0805248904697158 0.10719610560513483
2.0836441181915597 0.10745037388164108

2.0836441181915597 0.10745037388164108
2.0867633459134032 0.10770742053785834

2.0867633459134032 0.10770742053785834
2.0898825736352467 0.10796705406214084

2.0898825736352467 0.10796705406214084
2.0930018013570906 0.10822909951656423

2.0930018013570906 0.10822909951656423
2.0961210290789341 0.10849359547028478

2.0961210290789341 0.10849359547028478
2.099240256800778 0.10876117877864015

2.099240256800778 0.10876117877864015
2.1023594845226214 0.10903253761952478

2.1023594845226214 0.10903253761952478
2.1039219580203783 0.10917297026452782

2.1039219580203783 0.10917297026452782
2.1054787122444649 0.10931293903986199

2.1054787122444649 0.10931293903986199
2.1085979399663088 0.109600071775923

2.1085979399663088 0.109600071775923
2.1117171676881523 0.10989954391364742

2.1117171676881523 0.10989954391364742
2.1148363954099962 0.11021246407929816

2.1148363954099962 0.11021246407929816
2.1179556231318397 0.11054019178793957

2.1179556231318397 0.11054019178793957
2.1210748508536832 0.11088365729033865

2.1210748508536832 0.11088365729033865
2.1241940785755271 0.11124356380744523

2.1241940785755271 0.11124356380744523
2.1273133062973706 0.11162036117561817

2.1273133062973706 0.11162036117561817
2.1304325340192141 0.11201300687728268

2.1304325340192141 0.11201300687728268
2.1325508255707364 0.11229219798637148

2.1325508255707364 0.11229219798637148
2.133551761741058 0.11242578418144439

2.133551761741058 0.11242578418144439
2.1366709894629015 0.11284885854264512

2.1366709894629015 0.11284885854264512
2.1397902171847454 0.11328781979733019

2.1397902171847454 0.11328781979733019
2.1429094449065889 0.11373859021401871

2.1429094449065889 0.11373859021401871
2.1460286726284323 0.11419924566024416

2.1460286726284323 0.11419924566024416
2.1491479003502763 0.1146680888877767

2.1491479003502763 0.1146680888877767
2.1522671280721197 0.11514145225993318

2.1522671280721197 0.11514145225993318
2.1540055474583517 0.11541142570821514

2.1540055474583517 0.11541142570821514
2.1553863557939636 0.11562686505657022

2.1553863557939636 0.11562686505657022
2.1585055835158071 0.11610993306495621

2.1585055835158071 0.11610993306495621
2.1616248112376506 0.11660029641160954

2.1616248112376506 0.11660029641160954
2.1647440389594945 0.11709508117966101

2.1647440389594945 0.11709508117966101
2.167863266681338 0.11759438151819385

2.167863266681338 0.11759438151819385
2.1709824944031819 0.11809799883320055

2.1709824944031819 0.11809799883320055
2.1736325492014346 0.11853065343005878

2.1736325492014346 0.11853065343005878
2.1741017221250254 0.11860951785109691

2.1741017221250254 0.11860951785109691
2.1772209498468689 0.1191215611109197

2.1772209498468689 0.1191215611109197
2.1803401775687128 0.11964219309446039

2.1803401775687128 0.11964219309446039
2.1834594052905563 0.12016913115039531

2.1834594052905563 0.12016913115039531
2.1865786330124002 0.12070223165060283

2.1865786330124002 0.12070223165060283
2.1896978607342437 0.12123985303540416

2.1896978607342437 0.12123985303540416
2.1920442095235297 0.12164988115190244

2.1920442095235297 0.12164988115190244
2.1928170884560871 0.12178801415030553

2.1928170884560871 0.12178801415030553
2.1959363161779311 0.1223333166206067

2.1959363161779311 0.1223333166206067
2.1990555438997745 0.12288674330533685

2.1990555438997745 0.12288674330533685
2.2021747716216185 0.12344381117222558

2.2021747716216185 0.12344381117222558
2.2052939993434619 0.12400326499054007

2.2052939993434619 0.12400326499054007
2.2084132270653054 0.12456003520285937

2.2084132270653054 0.12456003520285937
2.2095553005251403 0.12476910887374609

2.2095553005251403 0.12476910887374609
2.2115324547871493 0.12512667456160403

2.2115324547871493 0.12512667456160403
2.2146516825089928 0.12568537210520095

2.2146516825089928 0.12568537210520095
2.2177709102308367 0.12624609890082578

2.2177709102308367 0.12624609890082578
2.2208901379526802 0.12680595582404611

2.2208901379526802 0.12680595582404611
2.2240093656745237 0.12736403222298848

2.2240093656745237 0.12736403222298848
2.2269541834491244 0.12788833659558974

2.2269541834491244 0.12788833659558974
2.2271285933963676 0.12792066253323603

2.2271285933963676 0.12792066253323603
2.2302478211182111 0.12847154791901999

2.2302478211182111 0.12847154791901999
2.233367048840055 0.1290201435652838

2.233367048840055 0.1290201435652838
2.2364862765618985 0.1295640231016322

2.2364862765618985 0.1295640231016322
2.2396055042837419 0.13010240767244796

2.2396055042837419 0.13010240767244796
2.2427247320055859 0.13063296580101152

2.2427247320055859 0.13063296580101152
2.2449464039502698 0.13100756431743341

2.2449464039502698 0.13100756431743341
2.2458439597274293 0.13116160706304764

2.2458439597274293 0.13116160706304764
2.2489631874492733 0.13167411149779251

2.2489631874492733 0.13167411149779251
2.2520824151711167 0.13218128101257157

2.2520824151711167 0.13218128101257157
2.2552016428929602 0.13267992805721684

2.2552016428929602 0.13267992805721684
2.2583208706148041 0.13317005378557939

2.2583208706148041 0.13317005378557939
2.2614400983366476 0.13365143545696589

2.2614400983366476 0.13365143545696589
2.2645593260584915 0.13412364546771879

2.2645593260584915 0.13412364546771879
2.2645797207484266 0.13412679203927705

2.2645797207484266 0.13412679203927705
2.267678553780335 0.13458720366191029

2.267678553780335 0.13458720366191029
2.2707977815021785 0.13504184575322864

2.2707977815021785 0.13504184575322864
2.2739170092240224 0.1354874444663319

2.2739170092240224 0.1354874444663319
2.2770362369458659 0.13592423043926843

2.2770362369458659 0.13592423043926843
2.2801554646677098 0.1363522118448568

2.2801554646677098 0.1363522118448568
2.2832746923895533 0.13677089771270182

2.2832746923895533 0.13677089771270182
2.2863939201113967 0.13717796416840117

2.2863939201113967 0.13717796416840117
2.2869166011094419 0.13724601976112069

2.2869166011094419 0.13724601976112069
2.2895131478332407 0.13757677315397096

2.2895131478332407 0.13757677315397096
2.2926323755550841 0.13796023732463547

2.2926323755550841 0.13796023732463547
2.2957516032769281 0.13832896605081679

2.2957516032769281 0.13832896605081679
2.2988708309987715 0.138680880653898

2.2988708309987715 0.138680880653898
2.301990058720615 0.13901475797107513

2.301990058720615 0.13901475797107513
2.3051092864424589 0.13932992851711987

2.3051092864424589 0.13932992851711987
2.3082285141643024 0.1396259478218648

2.3082285141643024 0.1396259478218648
2.3113477418861459 0.13990263019839269

2.3113477418861459 0.13990263019839269
2.3144669696079898 0.14016007563200295

2.3144669696079898 0.14016007563200295
2.3171526346326767 0.14036524748296436

2.3171526346326767 0.14036524748296436
2.3175861973298333 0.14039880585959758

2.3175861973298333 0.14039880585959758
2.3207054250516772 0.14061726889928397

2.3207054250516772 0.14061726889928397
2.3238246527735207 0.14081782851401861

2.3238246527735207 0.14081782851401861
2.3269438804953642 0.1410012735063032

2.3269438804953642 0.1410012735063032
2.3300631082172081 0.14116894930130133

2.3300631082172081 0.14116894930130133
2.3331823359390516 0.14132190009268422

2.3331823359390516 0.14132190009268422
2.3363015636608955 0.14146062370877913

2.3363015636608955 0.14146062370877913
2.339420791382739 0.14158502597874498

2.339420791382739 0.14158502597874498
2.3425400191045824 0.14169456658741991

2.3425400191045824 0.14169456658741991
2.3456592468264263 0.1417884744471396

2.3456592468264263 0.1417884744471396
2.3487784745482698 0.14186576072023477

2.3487784745482698 0.14186576072023477
2.3518977022701137 0.14192525740742667

2.3518977022701137 0.14192525740742667
2.3550169299919572 0.14196565668086181

2.3550169299919572 0.14196565668086181
2.3581361577138007 0.14198576581611785

2.3581361577138007 0.14198576581611785
2.3612553854356446 0.14198499336919823

2.3612553854356446 0.14198499336919823
2.3643746131574881 0.14196344869630176

2.3643746131574881 0.14196344869630176
2.367493840879332 0.14192171164904188

2.367493840879332 0.14192171164904188
2.3706130686011755 0.14186047653069389

2.3706130686011755 0.14186047653069389
2.373732296323019 0.141780266175147

2.373732296323019 0.141780266175147
2.3768515240448629 0.14168169117527654

2.3768515240448629 0.14168169117527654
2.3799707517667064 0.14156574342949291

2.3799707517667064 0.14156574342949291
2.3830899794885503 0.14143375473491979

2.3830899794885503 0.14143375473491979
2.3862092072103938 0.14128718954398425

2.3862092072103938 0.14128718954398425
2.3893284349322372 0.1411269335093274

2.3893284349322372 0.1411269335093274
2.3924476626540812 0.14095270750835459

2.3924476626540812 0.14095270750835459
2.3955668903759246 0.14076305378927809

2.3955668903759246 0.14076305378927809
2.3986861180977685 0.14055609727655546

2.3986861180977685 0.14055609727655546
2.4013173896137205 0.14036524748296436

2.4013173896137205 0.14036524748296436
2.401805345819612 0.14032937995782963

2.401805345819612 0.14032937995782963
2.4049245735414555 0.14008349460154715

2.4049245735414555 0.14008349460154715
2.4080438012632994 0.13981591482988251

2.4080438012632994 0.13981591482988251
2.4111630289851429 0.13952634370072242

2.4111630289851429 0.13952634370072242
2.4142822567069868 0.13921401676247

2.4142822567069868 0.13921401676247
2.4174014844288303 0.13887814104040797

2.4174014844288303 0.13887814104040797
2.4205207121506738 0.13851884813106874

2.4205207121506738 0.13851884813106874
2.4236399398725177 0.1381374972256679

2.4236399398725177 0.1381374972256679
2.4267591675943612 0.13773589303110459

2.4267591675943612 0.13773589303110459
2.4298783953162051 0.1373177213815566

2.4298783953162051 0.1373177213815566
2.4303785606114201 0.13724601976112069

2.4303785606114201 0.13724601976112069
2.4329976230380486 0.13687925242700058

2.4329976230380486 0.13687925242700058
2.436116850759892 0.13642793482483079

2.436116850759892 0.13642793482483079
2.439236078481736 0.13596232866756724

2.439236078481736 0.13596232866756724
2.4423553062035794 0.13548331912820119

2.4423553062035794 0.13548331912820119
2.4454745339254234 0.13499045426107414

2.4454745339254234 0.13499045426107414
2.4485937616472668 0.13448479966970214

2.4485937616472668 0.13448479966970214
2.4507250421351747 0.13412679203927705

2.4507250421351747 0.13412679203927705
2.4517129893691103 0.13395813838638371

2.4517129893691103 0.13395813838638371
2.4548322170909542 0.13342277850610154

2.4548322170909542 0.13342277850610154
2.4579514448127977 0.13286433264572267

2.4579514448127977 0.13286433264572267
2.4610706725346416 0.13228387752979592

2.4610706725346416 0.13228387752979592
2.4641899002564851 0.13168016337463728

2.4641899002564851 0.13168016337463728
2.4673091279783286 0.13105339254405388

2.4673091279783286 0.13105339254405388
2.4675175551112494 0.13100756431743341

2.4675175551112494 0.13100756431743341
2.4704283557001725 0.1303960005649889

2.4704283557001725 0.1303960005649889
2.473547583422016 0.12971304403700556

2.473547583422016 0.12971304403700556
2.4766668111438599 0.12900073757703104

2.4766668111438599 0.12900073757703104
2.4797860388657034 0.12826618683095961

2.4797860388657034 0.12826618683095961
2.4812997520350639 0.12788833659558974

2.4812997520350639 0.12788833659558974
2.4829052665875468 0.12748789971199767

2.4829052665875468 0.12748789971199767
2.4860244943093908 0.12670108084936313

2.4860244943093908 0.12670108084936313
2.4891437220312342 0.12588076564781112

2.4891437220312342 0.12588076564781112
2.4922629497530777 0.12504316791644976

2.4922629497530777 0.12504316791644976
2.4932131363271348 0.12476910887374609

2.4932131363271348 0.12476910887374609
2.4953821774749216 0.1241600902206786

2.4953821774749216 0.1241600902206786
2.4985014051967651 0.12326970278549251

2.4985014051967651 0.12326970278549251
2.501620632918609 0.12235547441199453

2.501620632918609 0.12235547441199453
2.5039618741562153 0.12164988115190244

2.5039618741562153 0.12164988115190244
2.5047398606404525 0.12140602833218203

2.5047398606404525 0.12140602833218203
2.507859088362296 0.12046057979915456

2.507859088362296 0.12046057979915456
2.5109783160841399 0.1194842511154509

2.5109783160841399 0.1194842511154509
2.513962177431416 0.11853065343005878

2.513962177431416 0.11853065343005878
2.5140975438059834 0.11848394568395966

2.5140975438059834 0.11848394568395966
2.5172167715278273 0.11746969300702016

2.5172167715278273 0.11746969300702016
2.5203359992496708 0.11643214872263524

2.5203359992496708 0.11643214872263524
2.5233513910273739 0.11541142570821514

2.5233513910273739 0.11541142570821514
2.5234552269715143 0.11537323253708189

2.5234552269715143 0.11537323253708189
2.5265744546933582 0.11430132234112357

2.5265744546933582 0.11430132234112357
2.5296936824152016 0.11320607423216095

2.5296936824152016 0.11320607423216095
2.5322211202809877 0.11229219798637148

2.5322211202809877 0.11229219798637148
2.5328129101370456 0.11206523537604797

2.5328129101370456 0.11206523537604797
2.535932137858889 0.11092711286990804

2.535932137858889 0.11092711286990804
2.5390513655807325 0.1097655160994719

2.5390513655807325 0.1097655160994719
2.5405513530008679 0.10917297026452782

2.5405513530008679 0.10917297026452782
2.5421705933025764 0.1085350376347302

2.5421705933025764 0.1085350376347302
2.5452898210244199 0.10731982787331708

2.5452898210244199 0.10731982787331708
2.5484090487462638 0.10606069284260949

2.5484090487462638 0.10606069284260949
2.5484241478426917 0.10605374254268418

2.5484241478426917 0.10605374254268418
2.5515282764681073 0.10476939294075241

2.5515282764681073 0.10476939294075241
2.5546475041899508 0.1034696792775658

2.5546475041899508 0.1034696792775658
2.5558341289383022 0.10293451482084053

2.5558341289383022 0.10293451482084053
2.5577667319117947 0.10208489215061418

2.5577667319117947 0.10208489215061418
2.5608859596336382 0.1007331519021273

2.5608859596336382 0.1007331519021273
2.5628911964840579 0.099815287098996869

2.5628911964840579 0.099815287098996869
2.5640051873554821 0.099287509236426791

2.5640051873554821 0.099287509236426791
2.5671244150773256 0.097880423186342463

2.5671244150773256 0.097880423186342463
2.5696343939455422 0.096696059377153226

2.5696343939455422 0.096696059377153226
2.5702436427991691 0.096385954761915665

2.5702436427991691 0.096385954761915665
2.573362870521013 0.094920255766639497

2.573362870521013 0.094920255766639497
2.5761194626806185 0.09357683165530957

2.5761194626806185 0.09357683165530957
2.5764820982428565 0.093381643559599367

2.5764820982428565 0.093381643559599367
2.5796013259647004 0.091858645223970622

2.5796013259647004 0.091858645223970622
2.5823825052746003 0.090457603933465913

2.5823825052746003 0.090457603933465913
2.5827205536865439 0.090268465075535792

2.5827205536865439 0.090268465075535792
2.5858397814083873 0.088698334702511442

2.5858397814083873 0.088698334702511442
2.5884483586128835 0.087338376211622271

2.5884483586128835 0.087338376211622271
2.5889590091302312 0.087046212021049479

2.5889590091302312 0.087046212021049479
2.5920782368520747 0.085435951293860099

2.5920782368520747 0.085435951293860099
2.5943077803438275 0.084219148489778614

2.5943077803438275 0.084219148489778614
2.5951974645739186 0.083702539083976402

2.5951974645739186 0.083702539083976402
2.5983166922957621 0.082048789556463275

2.5983166922957621 0.082048789556463275
2.5999510418153 0.081099920767934958

2.5999510418153 0.081099920767934958
2.6014359200176056 0.080230508502424025

2.6014359200176056 0.080230508502424025
2.6045551477394495 0.078511162825475808

2.6045551477394495 0.078511162825475808
2.6053865402857612 0.077980693046091315

2.6053865402857612 0.077980693046091315
2.607674375461293 0.0766196853039285

2.607674375461293 0.0766196853039285
2.6106132642747384 0.074861465324247659

2.6106132642747384 0.074861465324247659
2.6107936031831369 0.074738005971629051

2.6107936031831369 0.074738005971629051
2.6139128309049804 0.072868049659446391

2.6139128309049804 0.072868049659446391
2.6156577658849844 0.071742237602404002

2.6156577658849844 0.071742237602404002
2.6170320586268239 0.070837075332733743

2.6170320586268239 0.070837075332733743
2.6201512863486678 0.068928824278264647

2.6201512863486678 0.068928824278264647
2.6205771058646792 0.068623009880560346

2.6205771058646792 0.068623009880560346
2.6232705140705113 0.066886888673978989

2.6232705140705113 0.066886888673978989
2.6253373138512122 0.065503782158716703

2.6253373138512122 0.065503782158716703
2.6263897417923552 0.064759661468200003

2.6263897417923552 0.064759661468200003
2.6295089695141987 0.062772321596513872

2.6295089695141987 0.062772321596513872
2.6300324714095908 0.06238455443687304

2.6300324714095908 0.06238455443687304
2.6326281972360421 0.060643481958182692

2.6326281972360421 0.060643481958182692
2.6346090991452256 0.05926532671502939

2.6346090991452256 0.05926532671502939
2.6357474249578861 0.058435745698914923

2.6357474249578861 0.058435745698914923
2.6388666526797295 0.056351097739255132

2.6388666526797295 0.056351097739255132
2.639130347564695 0.056146098993185733

2.639130347564695 0.056146098993185733
2.6419858804015734 0.054163217309389507

2.6419858804015734 0.054163217309389507
2.643509134731103 0.053026871271342084

2.643509134731103 0.053026871271342084
2.6451051081234169 0.051838124688587561

2.6451051081234169 0.051838124688587561
2.6477929684711867 0.049907643549498434

2.6477929684711867 0.049907643549498434
2.6482243358452604 0.049564021924354384

2.6482243358452604 0.049564021924354384
2.6513435635671043 0.047349746281204828

2.6513435635671043 0.047349746281204828
2.6520344312790307 0.046788415827654778

2.6520344312790307 0.046788415827654778
2.6544627912889478 0.044949528275334959

2.6544627912889478 0.044949528275334959
2.6560629010276724 0.043669188105811128

2.6560629010276724 0.043669188105811128
2.6575820190107917 0.042445098517285354

2.6575820190107917 0.042445098517285354
2.6600011047997447 0.040549960383967479

2.6600011047997447 0.040549960383967479
2.6607012467326352 0.039961187435424463

2.6607012467326352 0.039961187435424463
2.6638204744544787 0.037559868170364365

2.6638204744544787 0.037559868170364365
2.6639699240136383 0.037430732662123822

2.6639699240136383 0.037430732662123822
2.6669397021763226 0.035079394063813295

2.6669397021763226 0.035079394063813295
2.6678288392472909 0.034311504940280173

2.6678288392472909 0.034311504940280173
2.6700589298981661 0.032465359198313684

2.6700589298981661 0.032465359198313684
2.6715424600439617 0.03119227721843652

2.6715424600439617 0.03119227721843652
2.6731781576200095 0.029791335974533182

2.6731781576200095 0.029791335974533182
2.6751987286396348 0.02807304949659287

2.6751987286396348 0.02807304949659287
2.6762973853418535 0.027109391150370758

2.6762973853418535 0.027109391150370758
2.6788622035211156 0.024953821774749217

2.6788622035211156 0.024953821774749217
2.6794166130636969 0.02445878013269254

2.6794166130636969 0.02445878013269254
2.6825358407855409 0.021858639367834023

2.6825358407855409 0.021858639367834023
2.6825623689676306 0.021834594052905568

2.6825623689676306 0.021834594052905568
2.6856550685073843 0.019221519080124524

2.6856550685073843 0.019221519080124524
2.6862113909945573 0.018715366331061915

2.6862113909945573 0.018715366331061915
2.6887742962292278 0.016484852058637353

2.6887742962292278 0.016484852058637353
2.6897466072338672 0.01559613860921826

2.6897466072338672 0.01559613860921826
2.6918935239510717 0.013675850063509824

2.6918935239510717 0.013675850063509824
2.6931981902603477 0.012476910887374609

2.6931981902603477 0.012476910887374609
2.6950127516729152 0.010818452792193362

2.6950127516729152 0.010818452792193362
2.6965913377558111 0.0093576831655309556

2.6965913377558111 0.0093576831655309556
2.6981319793947591 0.0079241543531884118

2.6981319793947591 0.0079241543531884118
2.6999392084439156 0.0062384554436873043

2.6999392084439156 0.0062384554436873043
2.7012512071166026 0.0049997807395858167

2.7012512071166026 0.0049997807395858167
2.7032495516197779 0.0031192277218436517

2.7032495516197779 0.0031192277218436517
2.7043704348384461 0.0020480092086820638

2.7043704348384461 0.0020480092086820638
2.7065270220388151 0

2.7065270220388151 0
2.70748966256029 -0.00092911621096887541

2.70748966256029 -0.00092911621096887541
2.70748966256029 -0.00092911621096887541

2.70748966256029 -0.00092911621096887541
2.7097757390673718 -0.0031192277218436521

2.7097757390673718 -0.0031192277218436521
2.7106088902821335 -0.0039299010240203113

2.7106088902821335 -0.0039299010240203113
2.7129990316390451 -0.0062384554436873043

2.7129990316390451 -0.0062384554436873043
2.7137281180039774 -0.0069525394791260095

2.7137281180039774 -0.0069525394791260095
2.716199553346855 -0.0093576831655309573

2.716199553346855 -0.0093576831655309573
2.7168473457258209 -0.0099956837019533531

2.7168473457258209 -0.0099956837019533531
2.719376263833222 -0.012476910887374609

2.719376263833222 -0.012476910887374609
2.7199665734476643 -0.013061847602818267

2.7199665734476643 -0.013061847602818267
2.7199665734476643 -0.013061847602818267

2.7199665734476643 -0.013061847602818267
2.7225232766523897 -0.015596138609218262

2.7225232766523897 -0.015596138609218262
2.7230858011695083 -0.016157624668603529

2.7230858011695083 -0.016157624668603529
2.7256371540694904 -0.018715366331061911

2.7256371540694904 -0.018715366331061911
2.7262050288913517 -0.019286139803726999

2.7262050288913517 -0.019286139803726999
2.728721841231875 -0.021834594052905564

2.728721841231875 -0.021834594052905564
2.7293242566131957 -0.02244376651073527

2.7293242566131957 -0.02244376651073527
2.7317812315777217 -0.024953821774749217

2.7317812315777217 -0.024953821774749217
2.7324434843350391 -0.025627515574644811

2.7324434843350391 -0.025627515574644811
2.7324434843350391 -0.025627515574644811

2.7324434843350391 -0.025627515574644811
2.7348163360986399 -0.028073049496592867

2.7348163360986399 -0.028073049496592867
2.7355627120568826 -0.028837409906253834

2.7355627120568826 -0.028837409906253834
2.7378297871392467 -0.03119227721843652

2.7378297871392467 -0.03119227721843652
2.7386819397787265 -0.032069844576652566

2.7386819397787265 -0.032069844576652566
2.7408307823112761 -0.034311504940280173

2.7408307823112761 -0.034311504940280173
2.74180116750057 -0.035314255759449312

2.74180116750057 -0.035314255759449312
2.7438284073906121 -0.037430732662123829

2.7438284073906121 -0.037430732662123829
2.7449203952224139 -0.038560858292827821

2.7449203952224139 -0.038560858292827821
2.7449203952224139 -0.038560858292827821

2.7449203952224139 -0.038560858292827821
2.7468269161216683 -0.040549960383967479

2.7468269161216683 -0.040549960383967479
2.7480396229442574 -0.041806558036149542

2.7480396229442574 -0.041806558036149542
2.7498276737236012 -0.043669188105811135

2.7498276737236012 -0.043669188105811135
2.7511588506661009 -0.045047308116601327

2.7511588506661009 -0.045047308116601327
2.7528392522771248 -0.046788415827654785

2.7528392522771248 -0.046788415827654785
2.7542780783879448 -0.048270055900936151

2.7542780783879448 -0.048270055900936151
2.7558730685687292 -0.049907643549498434

2.7558730685687292 -0.049907643549498434
2.7573973061097883 -0.051464676509643752

2.7573973061097883 -0.051464676509643752
2.7573973061097883 -0.051464676509643752

2.7573973061097883 -0.051464676509643752
2.7589319985107021 -0.053026871271342091

2.7589319985107021 -0.053026871271342091
2.7605165338316322 -0.05463478596266557

2.7605165338316322 -0.05463478596266557
2.7620101235240568 -0.05614609899318574

2.7620101235240568 -0.05614609899318574
2.7636357615534757 -0.057786108694613668

2.7636357615534757 -0.057786108694613668
2.7651082107762908 -0.05926532671502939

2.7651082107762908 -0.05926532671502939
2.7667549892753192 -0.060912302537381016

2.7667549892753192 -0.060912302537381016
2.7682342156491702 -0.062384554436873046

2.7682342156491702 -0.062384554436873046
2.7698742169971631 -0.064009152768899416

2.7698742169971631 -0.064009152768899416
2.7698742169971631 -0.064009152768899416

2.7698742169971631 -0.064009152768899416
2.7713895187515716 -0.065503782158716689

2.7713895187515716 -0.065503782158716689
2.7729934447190066 -0.067079240438664339

2.7729934447190066 -0.067079240438664339
2.7745705102975613 -0.068623009880560346

2.7745705102975613 -0.068623009880560346
2.7761126724408505 -0.070127432141619248

2.7761126724408505 -0.070127432141619248
2.7777776956678149 -0.071742237602403988

2.7777776956678149 -0.071742237602403988
2.7792319001626939 -0.073148077475644058

2.7792319001626939 -0.073148077475644058
2.7810235576129827 -0.074861465324247645

2.7810235576129827 -0.074861465324247645
2.7823511278845374 -0.076129987597161386

2.7823511278845374 -0.076129987597161386
2.7823511278845374 -0.076129987597161386

2.7823511278845374 -0.076129987597161386
2.7843214182710514 -0.077980693046091301

2.7843214182710514 -0.077980693046091301
2.7854703556063813 -0.079066051436649298

2.7854703556063813 -0.079066051436649298
2.7876797206043746 -0.081099920767934958

2.7876797206043746 -0.081099920767934958
2.7885895833282248 -0.081950932025898898

2.7885895833282248 -0.081950932025898898
2.7911278854071733 -0.0842191484897786

2.7911278854071733 -0.0842191484897786
2.7917088110500687 -0.084754883270828821

2.7917088110500687 -0.084754883270828821
2.7947255896681886 -0.087338376211622257

2.7947255896681886 -0.087338376211622257
2.7948280387719122 -0.087431431715153995

2.7948280387719122 -0.087431431715153995
2.7948280387719122 -0.087431431715153995

2.7948280387719122 -0.087431431715153995
2.7979472664937557 -0.08999834886858056

2.7979472664937557 -0.08999834886858056
2.7984720065493223 -0.090457603933465913

2.7984720065493223 -0.090457603933465913
2.8010664942155996 -0.092559801766440186

2.8010664942155996 -0.092559801766440186
2.8022840620414029 -0.093576831655309556

2.8022840620414029 -0.093576831655309556
2.8041857219374431 -0.095111686681772403

2.8041857219374431 -0.095111686681772403
2.8062375021482122 -0.096696059377153212

2.8062375021482122 -0.096696059377153212
2.807304949659287 -0.097549299080969112

2.807304949659287 -0.097549299080969112
2.8104241773811305 -0.099727021785386671

2.8104241773811305 -0.099727021785386671
2.8105378012375297 -0.099815287098996869

2.8105378012375297 -0.099815287098996869
2.813543405102974 -0.10185289085790114

2.813543405102974 -0.10185289085790114
2.813543405102974 -0.10185289085790114

2.813543405102974 -0.10185289085790114
2.815115221761276 -0.10293451482084051

2.815115221761276 -0.10293451482084051
2.8166626328248179 -0.10399576680684891

2.8166626328248179 -0.10399576680684891
2.8166626328248179 -0.10399576680684891

2.8166626328248179 -0.10399576680684891
2.8197818605466614 -0.10587527776729093

2.8197818605466614 -0.10587527776729093
2.8200481082971982 -0.10605374254268417

2.8200481082971982 -0.10605374254268417
2.8229010882685053 -0.10773220326708069

2.8229010882685053 -0.10773220326708069
2.8254826336197079 -0.10917297026452782

2.8254826336197079 -0.10917297026452782
2.8260203159903488 -0.10950139837218643

2.8260203159903488 -0.10950139837218643
2.8291395437121922 -0.11108617621945102

2.8291395437121922 -0.11108617621945102
2.8316073820738628 -0.11229219798637147

2.8316073820738628 -0.11229219798637147
2.8322587714340361 -0.11263334900752364

2.8322587714340361 -0.11263334900752364
2.8353779991558796 -0.11401774397659371

2.8353779991558796 -0.11401774397659371
2.8384972268777231 -0.11531310560749368

2.8384972268777231 -0.11531310560749368
2.8387308193370147 -0.11541142570821512

2.8387308193370147 -0.11541142570821512
2.841616454599567 -0.11652167591796057

2.841616454599567 -0.11652167591796057
2.8447356823214105 -0.11761338993598078

2.8447356823214105 -0.11761338993598078
2.8476453227682081 -0.11853065343005878

2.8476453227682081 -0.11853065343005878
2.8478549100432544 -0.11860123328229287

2.8478549100432544 -0.11860123328229287
2.8509741377650979 -0.11947057753566584

2.8509741377650979 -0.11947057753566584
2.8540933654869414 -0.12023218863149857

2.8540933654869414 -0.12023218863149857
2.8572125932087853 -0.12087934637700778

2.8572125932087853 -0.12087934637700778
2.8603318209306288 -0.12141516861330488

2.8603318209306288 -0.12141516861330488
2.862009387574473 -0.12164988115190242

2.862009387574473 -0.12164988115190242
2.8634510486524727 -0.12185125848671551

2.8634510486524727 -0.12185125848671551
2.8665702763743162 -0.1221737015546363

2.8665702763743162 -0.1221737015546363
2.8696895040961596 -0.12238762732220333

2.8696895040961596 -0.12238762732220333
2.8728087318180036 -0.12249481770012442

2.8728087318180036 -0.12249481770012442
2.875927959539847 -0.12249940775863187

2.875927959539847 -0.12249940775863187
2.879047187261691 -0.12240502189050023

2.879047187261691 -0.12240502189050023
2.8821664149835344 -0.12221541502485332

2.8821664149835344 -0.12221541502485332
2.8852856427053779 -0.12193573911791117

2.8852856427053779 -0.12193573911791117
2.8877017398523557 -0.12164988115190242

2.8877017398523557 -0.12164988115190242
2.8884048704272218 -0.12156500658665774

2.8884048704272218 -0.12156500658665774
2.8915240981490653 -0.12111016676226631

2.8915240981490653 -0.12111016676226631
2.8946433258709092 -0.1205699853050874

2.8946433258709092 -0.1205699853050874
2.8977625535927527 -0.11995027187359186

2.8977625535927527 -0.11995027187359186
2.9008817813145962 -0.11925763379805986

2.9008817813145962 -0.11925763379805986
2.9038594982797057 -0.11853065343005878

2.9038594982797057 -0.11853065343005878
2.9040010090364401 -0.11849396631428223

2.9040010090364401 -0.11849396631428223
2.9071202367582836 -0.11766259279983911

2.9071202367582836 -0.11766259279983911
2.9102394644801275 -0.11675808515270006

2.9102394644801275 -0.11675808515270006
2.913358692201971 -0.11580347883304863

2.913358692201971 -0.11580347883304863
2.9145112274606024 -0.11541142570821512

2.9145112274606024 -0.11541142570821512
2.9164779199238144 -0.1147552029270992

2.9164779199238144 -0.1147552029270992
2.9195971476456584 -0.11367025932338651

2.9195971476456584 -0.11367025932338651
2.9227163753675018 -0.11253675183481844

2.9227163753675018 -0.11253675183481844
2.9233120317236514 -0.11229219798637147

2.9233120317236514 -0.11229219798637147
2.9258356030893458 -0.11131554199124945

2.9258356030893458 -0.11131554199124945
2.9289548308111892 -0.11007245452832723

2.9289548308111892 -0.11007245452832723
2.9310935848358088 -0.10917297026452782

2.9310935848358088 -0.10917297026452782
2.9320740585330327 -0.10874308126072085

2.9320740585330327 -0.10874308126072085
2.9351932862548766 -0.10742116827616359

2.9351932862548766 -0.10742116827616359
2.9382835274813286 -0.10605374254268417

2.9382835274813286 -0.10605374254268417
2.9383125139767201 -0.10603933465621936

2.9383125139767201 -0.10603933465621936
2.941431741698564 -0.10462540723525053

2.941431741698564 -0.10462540723525053
2.9445509694204075 -0.10320485322124427

2.9445509694204075 -0.10320485322124427
2.9450807067579872 -0.10293451482084051

2.9450807067579872 -0.10293451482084051
2.947670197142251 -0.10171409674982633

2.947670197142251 -0.10171409674982633
2.9507894248640949 -0.10026196767903831

2.9507894248640949 -0.10026196767903831
2.9516645838993014 -0.099815287098996869

2.9516645838993014 -0.099815287098996869
2.9539086525859384 -0.098729970559714483

2.9539086525859384 -0.098729970559714483
2.9570278803077823 -0.097264960020941649

2.9570278803077823 -0.097264960020941649
2.9581473898184183 -0.096696059377153212

2.9581473898184183 -0.096696059377153212
2.9601471080296258 -0.095714838420103601

2.9601471080296258 -0.095714838420103601
2.9632663357514692 -0.094246892348190045

2.9632663357514692 -0.094246892348190045
2.9645969612610581 -0.093576831655309556

2.9645969612610581 -0.093576831655309556
2.9663855634733132 -0.092692559911013384

2.9663855634733132 -0.092692559911013384
2.9695047911951566 -0.091228466137689188

2.9695047911951566 -0.091228466137689188
2.9710572913898541 -0.090457603933465913

2.9710572913898541 -0.090457603933465913
2.9726240189170006 -0.089680310946433292

2.9726240189170006 -0.089680310946433292
2.975743246638844 -0.088224440241433749

2.975743246638844 -0.088224440241433749
2.9775590710680042 -0.087338376211622257

2.9775590710680042 -0.087338376211622257
2.9788624743606875 -0.086689559999899732

2.9788624743606875 -0.086689559999899732
2.9819817020825314 -0.085243182420449926

2.9819817020825314 -0.085243182420449926
2.9841207898417621 -0.0842191484897786

2.9841207898417621 -0.0842191484897786
2.9851009298043749 -0.08372828166274493

2.9851009298043749 -0.08372828166274493
2.9882201575262188 -0.082291642814577903

2.9882201575262188 -0.082291642814577903
2.9907598678118625 -0.081099920767934958

2.9907598678118625 -0.081099920767934958
2.9913393852480623 -0.080806502387871376

2.9913393852480623 -0.080806502387871376
2.9944586129699058 -0.079381842940345726

2.9944586129699058 -0.079381842940345726
2.9975097023880846 -0.077980693046091301

2.9975097023880846 -0.077980693046091301
2.9975778406917497 -0.077945573662165674

2.9975778406917497 -0.077945573662165674
3.0006970684135932 -0.076532784254117858

3.0006970684135932 -0.076532784254117858
3.0038162961354371 -0.075155963633407125

3.0038162961354371 -0.075155963633407125
3.0044356191332486 -0.074861465324247645

3.0044356191332486 -0.074861465324247645
3.0069355238572806 -0.073752906371222518

3.0069355238572806 -0.073752906371222518
3.0100547515791241 -0.072418001476427629

3.0100547515791241 -0.072418001476427629
3.0115890529327012 -0.071742237602403988

3.0115890529327012 -0.071742237602403988
3.013173979300968 -0.071046079057890982

3.013173979300968 -0.071046079057890982
3.0162932070228115 -0.069751844105083644

3.0162932070228115 -0.069751844105083644
3.019016602631031 -0.068623009880560346

3.019016602631031 -0.068623009880560346
3.0194124347446549 -0.068445373859379349

3.0194124347446549 -0.068445373859379349
3.0225316624664988 -0.067189147788736206

3.0225316624664988 -0.067189147788736206
3.0256508901883423 -0.065958031272588244

3.0256508901883423 -0.065958031272588244
3.0267552925664072 -0.065503782158716689

3.0267552925664072 -0.065503782158716689
3.0287701179101862 -0.064699801777065941

3.0287701179101862 -0.064699801777065941
3.0318893456320297 -0.063497401597908038

3.0318893456320297 -0.063497401597908038
3.0347969077166339 -0.062384554436873046

3.0347969077166339 -0.062384554436873046
3.0350085733538732 -0.062296317025505601

3.0350085733538732 -0.062296317025505601
3.0381278010757171 -0.061128918413592137

3.0381278010757171 -0.061128918413592137
3.0412470287975606 -0.059982700470071398

3.0412470287975606 -0.059982700470071398
3.0431952895357748 -0.05926532671502939

3.0431952895357748 -0.05926532671502939
3.0443662565194045 -0.05882443614785568

3.0443662565194045 -0.05882443614785568
3.047485484241248 -0.057727020763270652

3.047485484241248 -0.057727020763270652
3.0506047119630915 -0.056649747642329558

3.0506047119630915 -0.056649747642329558
3.0520429560844313 -0.05614609899318574

3.0520429560844313 -0.05614609899318574
3.0537239396849354 -0.055562036789329826

3.0537239396849354 -0.055562036789329826
3.0568431674067789 -0.054533081691732814

3.0568431674067789 -0.054533081691732814
3.0599623951286228 -0.053530951364088766

3.0599623951286228 -0.053530951364088766
3.0615281521278197 -0.053026871271342091

3.0615281521278197 -0.053026871271342091
3.0630816228504663 -0.052527157933115971

3.0630816228504663 -0.052527157933115971
3.0662008505723097 -0.051579976824969336

3.0662008505723097 -0.051579976824969336
3.0693200782941537 -0.050652466991079545

3.0693200782941537 -0.050652466991079545
3.0718939440236817 -0.049907643549498434

3.0718939440236817 -0.049907643549498434
3.0724393060159971 -0.049742237484837727

3.0724393060159971 -0.049742237484837727
3.075558533737841 -0.048877275776591261

3.075558533737841 -0.048877275776591261
3.0786777614596845 -0.048030585131055077

3.0786777614596845 -0.048030585131055077
3.081796989181528 -0.047215713727220131

3.081796989181528 -0.047215713727220131
3.0834463116725788 -0.046788415827654785

3.0834463116725788 -0.046788415827654785
3.0849162169033719 -0.046406548315849012

3.0849162169033719 -0.046406548315849012
3.0880354446252154 -0.045639551654880511

3.0880354446252154 -0.045639551654880511
3.0911546723470593 -0.044887276586645319

3.0911546723470593 -0.044887276586645319
3.0942739000689028 -0.044158578839706156

3.0942739000689028 -0.044158578839706156
3.0964087668677864 -0.043669188105811135

3.0964087668677864 -0.043669188105811135
3.0973931277907463 -0.043438856213515176

3.0973931277907463 -0.043438856213515176
3.1005123555125902 -0.042753999321287726

3.1005123555125902 -0.042753999321287726
3.1036315832344337 -0.04208314769338585

3.1036315832344337 -0.04208314769338585
3.1067508109562776 -0.041432528777190905

3.1067508109562776 -0.041432528777190905
3.1098700386781211 -0.040807353074706537

3.1098700386781211 -0.040807353074706537
3.1111696948749095 -0.040549960383967479

3.1111696948749095 -0.040549960383967479
3.1129892663999645 -0.040192878556684547

3.1129892663999645 -0.040192878556684547
3.1161084941218085 -0.039611536961720956

3.1161084941218085 -0.039611536961720956
3.1192277218436519 -0.039051085691251021

3.1192277218436519 -0.039051085691251021
3.1223469495654959 -0.038515256785035736

3.1223469495654959 -0.038515256785035736
3.1254661772873393 -0.038005151868065044

3.1254661772873393 -0.038005151868065044
3.1285854050091828 -0.037524039032346662

3.1285854050091828 -0.037524039032346662
3.1292082003069543 -0.037430732662123829

3.1292082003069543 -0.037430732662123829
3.1317046327310267 -0.037065356572864479

3.1317046327310267 -0.037065356572864479
3.1348238604528702 -0.036637253925070321

3.1348238604528702 -0.036637253925070321
3.1379430881747141 -0.036235492668626156

3.1379430881747141 -0.036235492668626156
3.1410623158965576 -0.035859775017915797

3.1410623158965576 -0.035859775017915797
3.1441815436184011 -0.03550938798284612

3.1441815436184011 -0.03550938798284612
3.147300771340245 -0.035183903723414248

3.147300771340245 -0.035183903723414248
3.1504199990620885 -0.034883241618338515

3.1504199990620885 -0.034883241618338515
3.1535392267839324 -0.034607454480245568

3.1535392267839324 -0.034607454480245568
3.1566584545057759 -0.0343569444603566

3.1566584545057759 -0.0343569444603566
3.1572771668529218 -0.034311504940280173

3.1572771668529218 -0.034311504940280173
3.1597776822276193 -0.034130056943292596

3.1597776822276193 -0.034130056943292596
3.1628969099494633 -0.033929227191149471

3.1628969099494633 -0.033929227191149471
3.1660161376713067 -0.033754400033360665

3.1660161376713067 -0.033754400033360665
3.1691353653931507 -0.033606966277057636

3.1691353653931507 -0.033606966277057636
3.1722545931149941 -0.03348819761972506

3.1722545931149941 -0.03348819761972506
3.1753738208368376 -0.033399069101586125

3.1753738208368376 -0.033399069101586125
3.1784930485586815 -0.03334012275421417

3.1784930485586815 -0.03334012275421417
3.181612276280525 -0.03331154967497367

3.181612276280525 -0.03331154967497367
3.1847315040023689 -0.03331332377225657

3.1847315040023689 -0.03331332377225657
3.1878507317242124 -0.033345375031404854

3.1878507317242124 -0.033345375031404854
3.1909699594460559 -0.033407790961132069

3.1909699594460559 -0.033407790961132069
3.1940891871678998 -0.033446616360502356

