-3.1940891871678998 -0.12046386747446988
-3.1909699594460563 -0.11972816847680447

-3.1909699594460563 -0.11972816847680447
-3.188558762068094 -0.11853065343005878

-3.188558762068094 -0.11853065343005878
-3.1878507317242128 -0.11815148113442227

-3.1878507317242128 -0.11815148113442227
-3.1847315040023689 -0.11653446462988554

-3.1847315040023689 -0.11653446462988554
-3.1828080736585336 -0.11541142570821512

-3.1828080736585336 -0.11541142570821512
-3.1816122762805255 -0.11468516117810904

-3.1816122762805255 -0.11468516117810904
-3.1784930485586815 -0.11287764775021637

-3.1784930485586815 -0.11287764775021637
-3.1776477256066684 -0.11229219798637147

-3.1776477256066684 -0.11229219798637147
-3.1753738208368381 -0.11082118254095374

-3.1753738208368381 -0.11082118254095374
-3.172902307370927 -0.10917297026452782

-3.172902307370927 -0.10917297026452782
-3.1722545931149946 -0.10869790127887632

-3.1722545931149946 -0.10869790127887632
-3.1691353653931507 -0.10665851236318193

-3.1691353653931507 -0.10665851236318193
-3.168345263375778 -0.10605374254268417

-3.168345263375778 -0.10605374254268417
-3.1660161376713072 -0.1043900039739195

-3.1660161376713072 -0.1043900039739195
-3.1640600352548223 -0.10293451482084051

-3.1640600352548223 -0.10293451482084051
-3.1628969099494633 -0.10203330882627967

-3.1628969099494633 -0.10203330882627967
-3.1597979387666082 -0.099815287098996869

-3.1597979387666082 -0.099815287098996869
-3.1597776822276198 -0.099798839020596941

-3.1597776822276198 -0.099798839020596941
-3.1566584545057763 -0.097553461977849851

-3.1566584545057763 -0.097553461977849851
-3.1555798630377039 -0.096696059377153212

-3.1555798630377039 -0.096696059377153212
-3.1535392267839324 -0.095143279840640416

-3.1535392267839324 -0.095143279840640416
-3.1514763368674523 -0.093576831655309556

-3.1514763368674523 -0.093576831655309556
-3.1504199990620889 -0.092737592774815539

-3.1504199990620889 -0.092737592774815539
-3.147300771340245 -0.090494727197908839

-3.147300771340245 -0.090494727197908839
-3.1472550481677204 -0.090457603933465913

-3.1472550481677204 -0.090457603933465913
-3.1441815436184015 -0.088250338702025935

-3.1441815436184015 -0.088250338702025935
-3.1430102609548767 -0.087338376211622257

-3.1430102609548767 -0.087338376211622257
-3.141062315896558 -0.08588077634521199

-3.141062315896558 -0.08588077634521199
-3.138769682698697 -0.0842191484897786

-3.138769682698697 -0.0842191484897786
-3.1379430881747141 -0.083578436479450111

-3.1379430881747141 -0.083578436479450111
-3.1348238604528706 -0.081462413598866759

-3.1348238604528706 -0.081462413598866759
-3.1343556008110678 -0.081099920767934958

-3.1343556008110678 -0.081099920767934958
-3.1317046327310267 -0.079248564004423677

-3.1317046327310267 -0.079248564004423677
-3.1299412114901619 -0.077980693046091301

-3.1299412114901619 -0.077980693046091301
-3.1285854050091833 -0.076986581545068392

-3.1285854050091833 -0.076986581545068392
-3.1254661772873398 -0.074906715113432221

-3.1254661772873398 -0.074906715113432221
-3.1254067746658465 -0.074861465324247645

-3.1254067746658465 -0.074861465324247645
-3.1223469495654959 -0.072827487576359873

-3.1223469495654959 -0.072827487576359873
-3.1207971455240879 -0.071742237602403988

-3.1207971455240879 -0.071742237602403988
-3.1192277218436524 -0.07064602115719143

-3.1192277218436524 -0.07064602115719143
-3.1161084941218085 -0.068632245761708732

-3.1161084941218085 -0.068632245761708732
-3.1160959846743226 -0.068623009880560346

-3.1160959846743226 -0.068623009880560346
-3.112989266399965 -0.066637003157507063

-3.112989266399965 -0.066637003157507063
-3.1112778584548009 -0.065503782158716689

-3.1112778584548009 -0.065503782158716689
-3.1098700386781215 -0.064557936630640092

-3.1098700386781215 -0.064557936630640092
-3.1067508109562776 -0.062680563463951317

-3.1067508109562776 -0.062680563463951317
-3.1063189353032956 -0.062384554436873046

-3.1063189353032956 -0.062384554436873046
-3.1036315832344341 -0.060740625990417636

-3.1036315832344341 -0.060740625990417636
-3.1011714363114664 -0.05926532671502939

-3.1011714363114664 -0.05926532671502939
-3.1005123555125902 -0.058834563184039741

-3.1005123555125902 -0.058834563184039741
-3.0973931277907467 -0.057096799839424422

-3.0973931277907467 -0.057096799839424422
-3.0957520863106502 -0.05614609899318574

-3.0957520863106502 -0.05614609899318574
-3.0942739000689032 -0.055285490511815916

-3.0942739000689032 -0.055285490511815916
-3.0911546723470593 -0.053662588407750268

-3.0911546723470593 -0.053662588407750268
-3.09000344242533 -0.053026871271342091

-3.09000344242533 -0.053026871271342091
-3.0880354446252158 -0.051980587836518106

-3.0880354446252158 -0.051980587836518106
-3.0849162169033719 -0.050453115524501588

-3.0849162169033719 -0.050453115524501588
-3.0838582242822143 -0.049907643549498434

-3.0838582242822143 -0.049907643549498434
-3.0817969891815284 -0.048889531287569427

-3.0817969891815284 -0.048889531287569427
-3.078677761459685 -0.047455997197486895

-3.078677761459685 -0.047455997197486895
-3.0772670872779924 -0.046788415827654785

-3.0772670872779924 -0.046788415827654785
-3.075558533737841 -0.045990387663463916

-3.075558533737841 -0.045990387663463916
-3.0724393060159976 -0.044635092727945719

-3.0724393060159976 -0.044635092727945719
-3.0702125293239537 -0.043669188105811135

-3.0702125293239537 -0.043669188105811135
-3.0693200782941537 -0.043263924895579432

-3.0693200782941537 -0.043263924895579432
-3.0662008505723102 -0.041983777890429737

-3.0662008505723102 -0.041983777890429737
-3.0630816228504667 -0.040731193681431625

-3.0630816228504667 -0.040731193681431625
-3.0626565233491916 -0.040549960383967479

-3.0626565233491916 -0.040549960383967479
-3.0599623951286228 -0.039485710055750814

-3.0599623951286228 -0.039485710055750814
-3.0568431674067793 -0.038299805692927603

-3.0568431674067793 -0.038299805692927603
-3.0545124317098753 -0.037430732662123829

-3.0545124317098753 -0.037430732662123829
-3.0537239396849354 -0.037123018381489029

-3.0537239396849354 -0.037123018381489029
-3.0506047119630919 -0.036021940245374397

-3.0506047119630919 -0.036021940245374397
-3.0474854842412484 -0.034954345113814032

-3.0474854842412484 -0.034954345113814032
-3.0455705909459105 -0.034311504940280173

-3.0455705909459105 -0.034311504940280173
-3.0443662565194045 -0.033900056801335565

-3.0443662565194045 -0.033900056801335565
-3.041247028797561 -0.032922242123425059

-3.041247028797561 -0.032922242123425059
-3.0381278010757171 -0.03197678547321136

-3.0381278010757171 -0.03197678547321136
-3.035422284189047 -0.03119227721843652

-3.035422284189047 -0.03119227721843652
-3.0350085733538736 -0.031065799605958285

-3.0350085733538736 -0.031065799605958285
-3.0318893456320302 -0.030212714685914605

-3.0318893456320302 -0.030212714685914605
-3.0287701179101862 -0.029395630323258939

-3.0287701179101862 -0.029395630323258939
-3.0256508901883428 -0.028621020551235322

-3.0256508901883428 -0.028621020551235322
-3.0233475513916761 -0.028073049496592867

-3.0233475513916761 -0.028073049496592867
-3.0225316624664988 -0.02787359158145402

-3.0225316624664988 -0.02787359158145402
-3.0194124347446554 -0.027178268217624778

-3.0194124347446554 -0.027178268217624778
-3.0162932070228119 -0.026513671843008721

-3.0162932070228119 -0.026513671843008721
-3.013173979300968 -0.025884650783894344

-3.013173979300968 -0.025884650783894344
-3.0100547515791245 -0.025291409947278038

-3.0100547515791245 -0.025291409947278038
-3.0082038450481097 -0.024953821774749217

-3.0082038450481097 -0.024953821774749217
-3.006935523857281 -0.024720803106336293

-3.006935523857281 -0.024720803106336293
-3.0038162961354371 -0.02419202494240761

-3.0038162961354371 -0.02419202494240761
-3.0006970684135936 -0.023692930217312315

-3.0006970684135936 -0.023692930217312315
-2.9975778406917497 -0.023227675402308537

-2.9975778406917497 -0.023227675402308537
-2.9944586129699062 -0.022796528914752822

-2.9944586129699062 -0.022796528914752822
-2.9913393852480628 -0.022399214596651042

-2.9913393852480628 -0.022399214596651042
-2.9882201575262188 -0.022036145279209347

-2.9882201575262188 -0.022036145279209347
-2.9863207525611331 -0.021834594052905564

-2.9863207525611331 -0.021834594052905564
-2.9851009298043754 -0.02170459091571943

-2.9851009298043754 -0.02170459091571943
-2.9819817020825314 -0.021412783021892125

-2.9819817020825314 -0.021412783021892125
-2.978862474360688 -0.021157260790822106

-2.978862474360688 -0.021157260790822106
-2.9757432466388445 -0.020938256563953331

-2.9757432466388445 -0.020938256563953331
-2.9726240189170006 -0.020753817638665326

-2.9726240189170006 -0.020753817638665326
-2.9695047911951571 -0.020602878592088248

-2.9695047911951571 -0.020602878592088248
-2.9663855634733132 -0.020485490596162292

-2.9663855634733132 -0.020485490596162292
-2.9632663357514697 -0.02040054899940923

-2.9632663357514697 -0.02040054899940923
-2.9601471080296262 -0.020344860227055821

-2.9601471080296262 -0.020344860227055821
-2.9570278803077823 -0.020315553507247217

-2.9570278803077823 -0.020315553507247217
-2.9539086525859388 -0.02031208541253151

-2.9539086525859388 -0.02031208541253151
-2.9507894248640949 -0.020334290682034541

-2.9507894248640949 -0.020334290682034541
-2.9476701971422514 -0.020379975617759789

-2.9476701971422514 -0.020379975617759789
-2.9445509694204079 -0.020447144885993959

-2.9445509694204079 -0.020447144885993959
-2.941431741698564 -0.02053717433480641

-2.941431741698564 -0.02053717433480641
-2.9383125139767206 -0.020651959049035683

-2.9383125139767206 -0.020651959049035683
-2.9351932862548766 -0.020790208235819781

-2.9351932862548766 -0.020790208235819781
-2.9320740585330332 -0.020951475796907412

-2.9320740585330332 -0.020951475796907412
-2.9289548308111897 -0.021140079013978672

-2.9289548308111897 -0.021140079013978672
-2.9258356030893458 -0.021359858943941545

-2.9258356030893458 -0.021359858943941545
-2.9227163753675023 -0.021609067218919881

-2.9227163753675023 -0.021609067218919881
-2.9201817440448377 -0.021834594052905564

-2.9201817440448377 -0.021834594052905564
-2.9195971476456584 -0.021887405600082611

-2.9195971476456584 -0.021887405600082611
-2.9164779199238149 -0.022191988568205052

-2.9164779199238149 -0.022191988568205052
-2.9133586922019714 -0.02252532775417608

-2.9133586922019714 -0.02252532775417608
-2.9102394644801275 -0.022888055563416741

-2.9102394644801275 -0.022888055563416741
-2.907120236758284 -0.023281129264163411

-2.907120236758284 -0.023281129264163411
-2.9040010090364401 -0.023702451971663891

-2.9040010090364401 -0.023702451971663891
-2.9008817813145966 -0.024145753160299165

-2.9008817813145966 -0.024145753160299165
-2.8977625535927531 -0.024604463336508009

-2.8977625535927531 -0.024604463336508009
-2.8954686205235958 -0.024953821774749217

-2.8954686205235958 -0.024953821774749217
-2.8946433258709092 -0.02508187709626853

-2.8946433258709092 -0.02508187709626853
-2.8915240981490657 -0.025567233362515276

-2.8915240981490657 -0.025567233362515276
-2.8884048704272218 -0.026068729075738716

-2.8884048704272218 -0.026068729075738716
-2.8852856427053784 -0.026580942913914243

-2.8852856427053784 -0.026580942913914243
-2.8821664149835349 -0.027100417045399266

-2.8821664149835349 -0.027100417045399266
-2.879047187261691 -0.027625222524044979

-2.879047187261691 -0.027625222524044979
-2.8764339094832105 -0.028073049496592867

-2.8764339094832105 -0.028073049496592867
-2.8759279595398475 -0.028162374568701097

-2.8759279595398475 -0.028162374568701097
-2.8728087318180036 -0.028704301383405333

-2.8728087318180036 -0.028704301383405333
-2.8696895040961601 -0.029260493515030173

-2.8696895040961601 -0.029260493515030173
-2.8665702763743166 -0.029831009601131879

-2.8665702763743166 -0.029831009601131879
-2.8634510486524727 -0.030418842092901854

-2.8634510486524727 -0.030418842092901854
-2.8603318209306292 -0.031020808057987258

-2.8603318209306292 -0.031020808057987258
-2.8594968242247116 -0.03119227721843652

-2.8594968242247116 -0.03119227721843652
-2.8572125932087853 -0.03165069775131707

-2.8572125932087853 -0.03165069775131707
-2.8540933654869418 -0.032289318841907728

-2.8540933654869418 -0.032289318841907728
-2.8509741377650983 -0.032946152956615321

-2.8509741377650983 -0.032946152956615321
-2.8478549100432544 -0.033616673557425147

-2.8478549100432544 -0.033616673557425147
-2.8447356823214109 -0.034298437730398146

-2.8447356823214109 -0.034298437730398146
-2.8446799730068459 -0.034311504940280173

-2.8446799730068459 -0.034311504940280173
-2.841616454599567 -0.034991884935893759

-2.841616454599567 -0.034991884935893759
-2.8384972268777235 -0.035692621097909397

-2.8384972268777235 -0.035692621097909397
-2.8353779991558801 -0.036397965298680994

-2.8353779991558801 -0.036397965298680994
-2.8322587714340361 -0.037096625483784902

-2.8322587714340361 -0.037096625483784902
-2.8307885960763293 -0.037430732662123829

-2.8307885960763293 -0.037430732662123829
-2.8291395437121927 -0.037804166117985032

-2.8291395437121927 -0.037804166117985032
-2.8260203159903492 -0.038489621837065432

-2.8260203159903492 -0.038489621837065432
-2.8229010882685053 -0.039171547493543769

-2.8229010882685053 -0.039171547493543769
-2.8197818605466618 -0.039844072892890436

-2.8197818605466618 -0.039844072892890436
-2.8166626328248179 -0.040503289158707427

-2.8166626328248179 -0.040503289158707427
-2.8164487516720578 -0.040549960383967479

-2.8164487516720578 -0.040549960383967479
-2.8135434051029744 -0.041155150686519509

-2.8135434051029744 -0.041155150686519509
-2.8104241773811309 -0.041792704138669479

-2.8104241773811309 -0.041792704138669479
-2.807304949659287 -0.042419154853632665

-2.807304949659287 -0.042419154853632665
-2.8041857219374435 -0.043035999352702435

-2.8041857219374435 -0.043035999352702435
-2.8010664942155996 -0.043644167809496509

-2.8010664942155996 -0.043644167809496509
-2.800943004964759 -0.043669188105811135

-2.800943004964759 -0.043669188105811135
-2.7979472664937561 -0.04424899670983487

-2.7979472664937561 -0.04424899670983487
-2.7948280387719127 -0.044848201825277496

-2.7948280387719127 -0.044848201825277496
-2.7917088110500687 -0.045443605461785351

-2.7917088110500687 -0.045443605461785351
-2.7885895833282253 -0.046035600049914638

-2.7885895833282253 -0.046035600049914638
-2.7854703556063813 -0.046620129306707232

-2.7854703556063813 -0.046620129306707232
-2.7845941119079485 -0.046788415827654785

-2.7845941119079485 -0.046788415827654785
-2.7823511278845379 -0.047210236962312191

-2.7823511278845379 -0.047210236962312191
-2.7792319001626944 -0.047787510647500864

-2.7792319001626944 -0.047787510647500864
-2.7761126724408505 -0.048358429903922015

-2.7761126724408505 -0.048358429903922015
-2.772993444719007 -0.048918970667473145

-2.772993444719007 -0.048918970667473145
-2.7698742169971631 -0.049465504209437752

-2.7698742169971631 -0.049465504209437752
-2.7672767076779694 -0.049907643549498434

-2.7672767076779694 -0.049907643549498434
-2.7667549892753196 -0.049998967489284063

-2.7667549892753196 -0.049998967489284063
-2.7636357615534761 -0.050507131792032076

-2.7636357615534761 -0.050507131792032076
-2.7605165338316322 -0.0509957021338572

-2.7605165338316322 -0.0509957021338572
-2.7573973061097887 -0.051459112625984647

-2.7573973061097887 -0.051459112625984647
-2.7542780783879448 -0.051894692271567275

-2.7542780783879448 -0.051894692271567275
-2.7511588506661013 -0.052300038409546619

-2.7511588506661013 -0.052300038409546619
-2.7480396229442579 -0.052673534607629399

-2.7480396229442579 -0.052673534607629399
-2.7449203952224139 -0.053014290181724377

-2.7449203952224139 -0.053014290181724377
-2.7447964169881329 -0.053026871271342091

-2.7447964169881329 -0.053026871271342091
-2.7418011675005705 -0.053323509463026726

-2.7418011675005705 -0.053323509463026726
-2.7386819397787265 -0.053600496315177139

-2.7386819397787265 -0.053600496315177139
-2.7355627120568831 -0.053845145931572122

-2.7355627120568831 -0.053845145931572122
-2.7324434843350396 -0.05405715460462307

-2.7324434843350396 -0.05405715460462307
-2.7293242566131957 -0.054236511635286769

-2.7293242566131957 -0.054236511635286769
-2.7262050288913522 -0.054383110267260414

-2.7262050288913522 -0.054383110267260414
-2.7230858011695083 -0.054496281318549257

-2.7230858011695083 -0.054496281318549257
-2.7199665734476648 -0.054574706222582557

-2.7199665734476648 -0.054574706222582557
-2.7168473457258213 -0.054617318652358152

-2.7168473457258213 -0.054617318652358152
-2.7137281180039774 -0.054623640290635753

-2.7137281180039774 -0.054623640290635753
-2.7106088902821339 -0.054593018419956452

-2.7106088902821339 -0.054593018419956452
-2.70748966256029 -0.05452429511917984

-2.70748966256029 -0.05452429511917984
-2.7043704348384465 -0.054416454986390729

-2.7043704348384465 -0.054416454986390729
-2.701251207116603 -0.054268977322909757

-2.701251207116603 -0.054268977322909757
-2.6981319793947591 -0.054080879720237209

-2.6981319793947591 -0.054080879720237209
-2.6950127516729157 -0.053850024564766105

-2.6950127516729157 -0.053850024564766105
-2.6918935239510717 -0.05357418244931067

-2.6918935239510717 -0.05357418244931067
-2.6887742962292283 -0.053253361390696148

-2.6887742962292283 -0.053253361390696148
-2.6868693284565643 -0.053026871271342091

-2.6868693284565643 -0.053026871271342091
-2.6856550685073848 -0.052881254132956509

-2.6856550685073848 -0.052881254132956509
-2.6825358407855409 -0.052463323635889549

-2.6825358407855409 -0.052463323635889549
-2.6794166130636974 -0.051992306329462924

-2.6794166130636974 -0.051992306329462924
-2.6762973853418535 -0.05147029884994634

-2.6762973853418535 -0.05147029884994634
-2.67317815762001 -0.050899007794536842

-2.67317815762001 -0.050899007794536842
-2.6700589298981665 -0.050285598908581003

-2.6700589298981665 -0.050285598908581003
-2.66829176168046 -0.049907643549498434

-2.66829176168046 -0.049907643549498434
-2.6669397021763226 -0.049615868072766613

-2.6669397021763226 -0.049615868072766613
-2.6638204744544791 -0.048915480072235937

-2.6638204744544791 -0.048915480072235937
-2.6607012467326356 -0.048166560437622817

-2.6607012467326356 -0.048166560437622817
-2.6575820190107917 -0.047382347234205417

-2.6575820190107917 -0.047382347234205417
-2.6553399780014817 -0.046788415827654785

-2.6553399780014817 -0.046788415827654785
-2.6544627912889482 -0.046548756167736655

-2.6544627912889482 -0.046548756167736655
-2.6513435635671043 -0.045698326400801619

-2.6513435635671043 -0.045698326400801619
-2.6482243358452608 -0.044803676243109027

-2.6482243358452608 -0.044803676243109027
-2.6451051081234174 -0.043888485411350701

-2.6451051081234174 -0.043888485411350701
-2.6444226316876769 -0.043669188105811135

-2.6444226316876769 -0.043669188105811135
-2.6419858804015734 -0.042918977680825636

-2.6419858804015734 -0.042918977680825636
-2.63886665267973 -0.041932057958952697

-2.63886665267973 -0.041932057958952697
-2.6357474249578861 -0.040927376171039011

-2.6357474249578861 -0.040927376171039011
-2.6346613743020995 -0.040549960383967479

-2.6346613743020995 -0.040549960383967479
-2.6326281972360426 -0.039860653850571415

-2.6326281972360426 -0.039860653850571415
-2.6295089695141991 -0.038789546800543598

-2.6295089695141991 -0.038789546800543598
-2.6263897417923552 -0.037698038731343045

-2.6263897417923552 -0.037698038731343045
-2.6256943680656142 -0.037430732662123829

-2.6256943680656142 -0.037430732662123829
-2.6232705140705117 -0.036544890790660089

-2.6232705140705117 -0.036544890790660089
-2.6201512863486678 -0.035384884633018573

-2.6201512863486678 -0.035384884633018573
-2.6173434994656799 -0.034311504940280173

-2.6173434994656799 -0.034311504940280173
-2.6170320586268243 -0.034182439887356607

-2.6170320586268243 -0.034182439887356607
-2.6139128309049808 -0.032973258636340971

-2.6139128309049808 -0.032973258636340971
-2.6107936031831369 -0.031747536698159953

-2.6107936031831369 -0.031747536698159953
-2.6094698086488006 -0.03119227721843652

-2.6094698086488006 -0.03119227721843652
-2.6076743754612934 -0.030450266768333671

-2.6076743754612934 -0.030450266768333671
-2.6045551477394495 -0.029180223043046315

-2.6045551477394495 -0.029180223043046315
-2.6019071017071576 -0.028073049496592867

-2.6019071017071576 -0.028073049496592867
-2.601435920017606 -0.027860435766995116

-2.601435920017606 -0.027860435766995116
-2.5983166922957626 -0.026562010974425003

-2.5983166922957626 -0.026562010974425003
-2.5951974645739186 -0.025258947598717434

-2.5951974645739186 -0.025258947598717434
-2.5945283415120031 -0.024953821774749217

-2.5945283415120031 -0.024953821774749217
-2.5920782368520752 -0.023904411590185026

-2.5920782368520752 -0.023904411590185026
-2.5889590091302312 -0.022590214703113665

-2.5889590091302312 -0.022590214703113665
-2.5872323253103735 -0.021834594052905564

-2.5872323253103735 -0.021834594052905564
-2.5858397814083878 -0.021217972966287035

-2.5858397814083878 -0.021217972966287035
-2.5827205536865443 -0.019902228896655872

-2.5827205536865443 -0.019902228896655872
-2.5799544054941381 -0.018715366331061911

-2.5799544054941381 -0.018715366331061911
-2.5796013259647004 -0.018550183270719944

-2.5796013259647004 -0.018550183270719944
-2.5764820982428569 -0.01722825225612994

-2.5764820982428569 -0.01722825225612994
-2.573362870521013 -0.015914243206447447

-2.573362870521013 -0.015914243206447447
-2.5726664085873772 -0.015596138609218262

-2.5726664085873772 -0.015596138609218262
-2.5702436427991695 -0.01455530723619158

-2.5702436427991695 -0.01455530723619158
-2.567124415077326 -0.013243695069803883

-2.567124415077326 -0.013243695069803883
-2.5653630971381935 -0.012476910887374609

-2.5653630971381935 -0.012476910887374609
-2.5640051873554821 -0.011877340128565689

-2.5640051873554821 -0.011877340128565689
-2.5608859596336386 -0.010567957025129596

-2.5608859596336386 -0.010567957025129596
-2.5580492050619128 -0.0093576831655309573

-2.5580492050619128 -0.0093576831655309573
-2.5577667319117947 -0.0092256453983100492

-2.5577667319117947 -0.0092256453983100492
-2.5546475041899512 -0.007908914701892665

-2.5546475041899512 -0.007908914701892665
-2.5515282764681078 -0.0066045233036115111

-2.5515282764681078 -0.0066045233036115111
-2.5507144675024693 -0.0062384554436873043

-2.5507144675024693 -0.0062384554436873043
-2.5484090487462638 -0.0052544777792615655

-2.5484090487462638 -0.0052544777792615655
-2.5452898210244204 -0.0039558020988498263

-2.5452898210244204 -0.0039558020988498263
-2.5433279680762793 -0.0031192277218436521

-2.5433279680762793 -0.0031192277218436521
-2.5421705933025764 -0.002611918341555176

-2.5421705933025764 -0.002611918341555176
-2.539051365580733 -0.0013304686803860542

-2.539051365580733 -0.0013304686803860542
-2.5359321378588895 -4.4176427384093222e-05

-2.5359321378588895 -4.4176427384093222e-05
-2.5358347338074232 0

-2.5358347338074232 0
-2.5328129101370456 0.0012382897930970599

-2.5328129101370456 0.0012382897930970599
-2.5296936824152021 0.0024873408302226213

-2.5296936824152021 0.0024873408302226213
-2.5281576424198553 0.0031192277218436517

-2.5281576424198553 0.0031192277218436517
-2.5265744546933582 0.0037690439906778719

-2.5265744546933582 0.0037690439906778719
-2.5234552269715147 0.0049869484830702806

-2.5234552269715147 0.0049869484830702806
-2.5203359992496712 0.0061999031000327925

-2.5203359992496712 0.0061999031000327925
-2.5202449156842097 0.0062384554436873043

-2.5202449156842097 0.0062384554436873043
-2.5172167715278273 0.0074032995567519591

-2.5172167715278273 0.0074032995567519591
-2.5140975438059838 0.0085790036558157229

-2.5140975438059838 0.0085790036558157229
-2.512041667560645 0.0093576831655309556

-2.512041667560645 0.0093576831655309556
-2.5109783160841399 0.0097726802895204204

-2.5109783160841399 0.0097726802895204204
-2.5078590883622964 0.010910184707143123

-2.5078590883622964 0.010910184707143123
-2.504739860640453 0.012036993008954285

-2.504739860640453 0.012036993008954285
-2.5035696893037334 0.012476910887374609

-2.5035696893037334 0.012476910887374609
-2.501620632918609 0.013192458832021156

-2.501620632918609 0.013192458832021156
-2.4985014051967656 0.014302477704754669

-2.4985014051967656 0.014302477704754669
-2.4953821774749216 0.01540037143887342

-2.4953821774749216 0.01540037143887342
-2.4948612210361896 0.01559613860921826

-2.4948612210361896 0.01559613860921826
-2.4922629497530782 0.01651455587171222

-2.4922629497530782 0.01651455587171222
-2.4891437220312347 0.01760093047664095

-2.4891437220312347 0.01760093047664095
-2.4860244943093908 0.018675699606084065

-2.4860244943093908 0.018675699606084065
-2.4859176430751853 0.018715366331061915

-2.4859176430751853 0.018715366331061915
-2.4829052665875473 0.019744077816063198

-2.4829052665875473 0.019744077816063198
-2.4797860388657038 0.020794820223483709

-2.4797860388657038 0.020794820223483709
-2.4766668111438599 0.021830009199216575

-2.4766668111438599 0.021830009199216575
-2.4766539046472285 0.021834594052905568

-2.4766539046472285 0.021834594052905568
-2.4735475834220164 0.022847956053627692

-2.4735475834220164 0.022847956053627692
-2.4704283557001725 0.02384537756483884

-2.4704283557001725 0.02384537756483884
-2.467309127978329 0.024813039440832296

-2.467309127978329 0.024813039440832296
-2.4668739238217769 0.024953821774749217

-2.4668739238217769 0.024953821774749217
-2.4641899002564855 0.0257733574492643

-2.4641899002564855 0.0257733574492643
-2.4610706725346416 0.026697509268403162

-2.4610706725346416 0.026697509268403162
-2.4579514448127981 0.027591115629258596

-2.4579514448127981 0.027591115629258596
-2.4562642352967918 0.02807304949659287

-2.4562642352967918 0.02807304949659287
-2.4548322170909542 0.028484103119676054

-2.4548322170909542 0.028484103119676054
-2.4517129893691108 0.029331354898848975

-2.4517129893691108 0.029331354898848975
-2.4485937616472673 0.030168078264507535

-2.4485937616472673 0.030168078264507535
-2.4454745339254234 0.030983329582746754

-2.4454745339254234 0.030983329582746754
-2.4447006401936271 0.03119227721843652

-2.4447006401936271 0.03119227721843652
-2.4423553062035799 0.031804358588754328

-2.4423553062035799 0.031804358588754328
-2.439236078481736 0.032601349645662712

-2.439236078481736 0.032601349645662712
-2.4361168507598925 0.033391552190304263

-2.4361168507598925 0.033391552190304263
-2.432997623038049 0.034168997411043574

-2.432997623038049 0.034168997411043574
-2.432448845081375 0.034311504940280173

-2.432448845081375 0.034311504940280173
-2.4298783953162051 0.034951782139548096

-2.4298783953162051 0.034951782139548096
-2.4267591675943616 0.035716172180300605

-2.4267591675943616 0.035716172180300605
-2.4236399398725177 0.036471651411711166

-2.4236399398725177 0.036471651411711166
-2.4205207121506742 0.037209213647124428

-2.4205207121506742 0.037209213647124428
-2.419602315941912 0.037430732662123822

-2.419602315941912 0.037430732662123822
-2.4174014844288307 0.037948406443983784

-2.4174014844288307 0.037948406443983784
-2.4142822567069868 0.038659121432821728

-2.4142822567069868 0.038659121432821728
-2.4111630289851433 0.039353431993106799

-2.4111630289851433 0.039353431993106799
-2.4080438012632994 0.040026652321366131

-2.4080438012632994 0.040026652321366131
-2.405555002191579 0.040549960383967479

-2.405555002191579 0.040549960383967479
-2.4049245735414559 0.040686686672371256

-2.4049245735414559 0.040686686672371256
-2.4018053458196125 0.041315277326926032

-2.4018053458196125 0.041315277326926032
-2.3986861180977685 0.041927008638628645

-2.3986861180977685 0.041927008638628645
-2.3955668903759251 0.042518350008753335

-2.3955668903759251 0.042518350008753335
-2.3924476626540812 0.043090774771089545

-2.3924476626540812 0.043090774771089545
-2.3893284349322377 0.043645585236235497

-2.3893284349322377 0.043645585236235497
-2.389197691795478 0.043669188105811128

-2.389197691795478 0.043669188105811128
-2.3862092072103942 0.044186954419606586

-2.3862092072103942 0.044186954419606586
-2.3830899794885503 0.044713208053762749

-2.3830899794885503 0.044713208053762749
-2.3799707517667068 0.045227305043037923

-2.3799707517667068 0.045227305043037923
-2.3768515240448629 0.045730731179934953

-2.3768515240448629 0.045730731179934953
-2.3737322963230194 0.04622445095417619

-2.3737322963230194 0.04622445095417619
-2.3706130686011759 0.046705725615434145

-2.3706130686011759 0.046705725615434145
-2.370082912571323 0.046788415827654778

-2.370082912571323 0.046788415827654778
-2.367493840879332 0.047181970370799124

-2.367493840879332 0.047181970370799124
-2.3643746131574885 0.04764498000573246

-2.3643746131574885 0.04764498000573246
-2.3612553854356446 0.048096211765674968

-2.3612553854356446 0.048096211765674968
-2.3581361577138011 0.048534315797591085

-2.3581361577138011 0.048534315797591085
-2.3550169299919577 0.048958380305381695

-2.3550169299919577 0.048958380305381695
-2.3518977022701137 0.049367346926154347

-2.3518977022701137 0.049367346926154347
-2.3487784745482703 0.049758718941322777

-2.3487784745482703 0.049758718941322777
-2.3475593231760046 0.049907643549498434

-2.3475593231760046 0.049907643549498434
-2.3456592468264263 0.050138049699563647

-2.3456592468264263 0.050138049699563647
-2.3425400191045829 0.05049610384552819

-2.3425400191045829 0.05049610384552819
-2.3394207913827394 0.050837892025419044

-2.3394207913827394 0.050837892025419044
-2.3363015636608955 0.05116292484732754

-2.3363015636608955 0.05116292484732754
-2.333182335939052 0.051472251531581525

-2.333182335939052 0.051472251531581525
-2.3300631082172081 0.0517671318321683

-2.3300631082172081 0.0517671318321683
-2.3269438804953646 0.052048762776067709

-2.3269438804953646 0.052048762776067709
-2.3238246527735211 0.052318415661939066

-2.3238246527735211 0.052318415661939066
-2.3207054250516772 0.052577591512232034

-2.3207054250516772 0.052577591512232034
-2.3175861973298337 0.052828068196602532

-2.3175861973298337 0.052828068196602532
-2.315036288100452 0.053026871271342084

-2.315036288100452 0.053026871271342084
-2.3144669696079898 0.053071801156337965

-2.3144669696079898 0.053071801156337965
-2.3113477418861463 0.053307300119380494

-2.3113477418861463 0.053307300119380494
-2.3082285141643029 0.053536599679788764

-2.3082285141643029 0.053536599679788764
-2.3051092864424589 0.053759265102219664

-2.3051092864424589 0.053759265102219664
-2.3019900587206155 0.053974987578243691

-2.3019900587206155 0.053974987578243691
-2.298870830998772 0.054183196790790027

-2.298870830998772 0.054183196790790027
-2.2957516032769281 0.054383141878580545

-2.2957516032769281 0.054383141878580545
-2.2926323755550846 0.054573942958281274

-2.2926323755550846 0.054573942958281274
-2.2895131478332407 0.054754659241575694

-2.2895131478332407 0.054754659241575694
-2.2863939201113972 0.054924323749969278

-2.2863939201113972 0.054924323749969278
-2.2832746923895537 0.055082048311592399

-2.2832746923895537 0.055082048311592399
-2.2801554646677098 0.055227127543645692

-2.2801554646677098 0.055227127543645692
-2.2770362369458663 0.055359108817779987

-2.2770362369458663 0.055359108817779987
-2.2739170092240224 0.055477850562118743

-2.2739170092240224 0.055477850562118743
-2.2707977815021789 0.055583492781854843

-2.2707977815021789 0.055583492781854843
-2.2676785537803354 0.055676454664531617

-2.2676785537803354 0.055676454664531617
-2.2645593260584915 0.055757477272730276

-2.2645593260584915 0.055757477272730276
-2.2614400983366481 0.055827638789422637

-2.2614400983366481 0.055827638789422637
-2.2583208706148041 0.055888306629471828

-2.2583208706148041 0.055888306629471828
-2.2552016428929607 0.055941041690308203

-2.2552016428929607 0.055941041690308203
-2.2520824151711172 0.055987473967318568

-2.2520824151711172 0.055987473967318568
-2.2489631874492733 0.056029108181895909

-2.2489631874492733 0.056029108181895909
-2.2458439597274298 0.056066985976681326

-2.2458439597274298 0.056066985976681326
-2.2427247320055859 0.056101226417281269

-2.2427247320055859 0.056101226417281269
-2.2396055042837424 0.056131587673632549

-2.2396055042837424 0.056131587673632549
-2.2381232529571369 0.056146098993185733

-2.2381232529571369 0.056146098993185733
-2.2364862765618989 0.056162125815266965

-2.2364862765618989 0.056162125815266965
-2.233367048840055 0.056197567135999264

-2.233367048840055 0.056197567135999264
-2.2302478211182115 0.056239175462485649

-2.2302478211182115 0.056239175462485649
-2.2271285933963676 0.056284205989525993

-2.2271285933963676 0.056284205989525993
-2.2240093656745241 0.05632805706100881

-2.2240093656745241 0.05632805706100881
-2.2208901379526806 0.056369154965434203

-2.2208901379526806 0.056369154965434203
-2.2177709102308367 0.056407803432712234

-2.2177709102308367 0.056407803432712234
-2.2146516825089932 0.056444311700158734

-2.2146516825089932 0.056444311700158734
-2.2115324547871493 0.056478465218506857

-2.2115324547871493 0.056478465218506857
-2.2084132270653059 0.056510139204500438

-2.2084132270653059 0.056510139204500438
-2.2052939993434624 0.056539202464445076

-2.2052939993434624 0.056539202464445076
-2.2021747716216185 0.056565677662127403

-2.2021747716216185 0.056565677662127403
-2.199055543899775 0.056589943603028506

-2.199055543899775 0.056589943603028506
-2.1959363161779311 0.056613224831851376

-2.1959363161779311 0.056613224831851376
-2.1928170884560876 0.056637699286950734

-2.1928170884560876 0.056637699286950734
-2.1896978607342441 0.056666015692717474

-2.1896978607342441 0.056666015692717474
-2.1865786330124002 0.056700770252060405

-2.1865786330124002 0.056700770252060405
-2.1834594052905567 0.056743974794410235

-2.1834594052905567 0.056743974794410235
-2.1803401775687128 0.056797289933740273

-2.1803401775687128 0.056797289933740273
-2.1772209498468693 0.056862394085057624

-2.1772209498468693 0.056862394085057624
-2.1741017221250258 0.056941253461540324

-2.1741017221250258 0.056941253461540324
-2.1709824944031819 0.05703584474402245

-2.1709824944031819 0.05703584474402245
-2.1678632666813384 0.057147196361057195

-2.1678632666813384 0.057147196361057195
-2.1647440389594945 0.057275214892102438

-2.1647440389594945 0.057275214892102438
-2.161624811237651 0.057419032793358311

-2.161624811237651 0.057419032793358311
-2.1585055835158076 0.057577746712322617

-2.1585055835158076 0.057577746712322617
-2.1553863557939636 0.057750686186485788

-2.1553863557939636 0.057750686186485788
-2.1522671280721202 0.057937096920066787

-2.1522671280721202 0.057937096920066787
-2.1491479003502763 0.058136320458238869

-2.1491479003502763 0.058136320458238869
-2.1460286726284328 0.058347709031361633

-2.1460286726284328 0.058347709031361633
-2.1429094449065893 0.058570687833975982

-2.1429094449065893 0.058570687833975982
-2.1397902171847454 0.05880539168115733

-2.1397902171847454 0.05880539168115733
-2.1366709894629019 0.059052235781885558

-2.1366709894629019 0.059052235781885558
-2.134118522036422 0.05926532671502939

-2.134118522036422 0.05926532671502939
-2.133551761741058 0.05931330550264774

-2.133551761741058 0.05931330550264774
-2.1304325340192145 0.059586565431294043

-2.1304325340192145 0.059586565431294043
-2.127313306297371 0.059875749498072388

-2.127313306297371 0.059875749498072388
-2.1241940785755271 0.060182114434200622

-2.1241940785755271 0.060182114434200622
-2.1210748508536836 0.060507647232552753

-2.1210748508536836 0.060507647232552753
-2.1179556231318402 0.060853864254402569

-2.1179556231318402 0.060853864254402569
-2.1148363954099962 0.061222206820508045

-2.1148363954099962 0.061222206820508045
-2.1117171676881528 0.061614333532350608

-2.1117171676881528 0.061614333532350608
-2.1085979399663088 0.062031163103210517

-2.1085979399663088 0.062031163103210517
-2.1061158885247209 0.06238455443687304

-2.1061158885247209 0.06238455443687304
-2.1054787122444654 0.062477327374925923

-2.1054787122444654 0.062477327374925923
-2.1023594845226219 0.06294569714106811

-2.1023594845226219 0.06294569714106811
-2.099240256800778 0.063443247419076462

-2.099240256800778 0.063443247419076462
-2.0961210290789345 0.063967174548960573

-2.0961210290789345 0.063967174548960573
-2.0930018013570906 0.06451673255170845

-2.0930018013570906 0.06451673255170845
-2.0898825736352471 0.065088700324230753

-2.0898825736352471 0.065088700324230753
-2.0877210940632307 0.065503782158716703

-2.0877210940632307 0.065503782158716703
-2.0867633459134036 0.065691345083350741

-2.0867633459134036 0.065691345083350741
-2.0836441181915597 0.0663044307503807

-2.0836441181915597 0.0663044307503807
-2.0805248904697162 0.06694091119568879

-2.0805248904697162 0.06694091119568879
-2.0774056627478723 0.067593980839718876

-2.0774056627478723 0.067593980839718876
-2.0742864350260288 0.068257084532212783

-2.0742864350260288 0.068257084532212783
-2.0726281697313533 0.068623009880560346

-2.0726281697313533 0.068623009880560346
-2.0711672073041854 0.068946689556754634

-2.0711672073041854 0.068946689556754634
-2.0680479795823414 0.069634355033371564

-2.0680479795823414 0.069634355033371564
-2.064928751860498 0.070339224978415382

-2.064928751860498 0.070339224978415382
-2.061809524138654 0.071054929669006547

-2.061809524138654 0.071054929669006547
-2.0588567898721801 0.071742237602404002

-2.0588567898721801 0.071742237602404002
-2.0586902964168106 0.071783134538993681

-2.0586902964168106 0.071783134538993681
-2.0555710686949671 0.072518628919759728

-2.0555710686949671 0.072518628919759728
-2.0524518409731232 0.073269025930302586

-2.0524518409731232 0.073269025930302586
-2.0493326132512797 0.074031902105072864

-2.0493326132512797 0.074031902105072864
-2.0462133855294358 0.074804354871542064

-2.0462133855294358 0.074804354871542064
-2.0460002882775372 0.074861465324247659

-2.0460002882775372 0.074861465324247659
-2.0430941578075923 0.07559823607735662

-2.0430941578075923 0.07559823607735662
-2.0399749300857488 0.076405405772582549

-2.0399749300857488 0.076405405772582549
-2.0368557023639049 0.077228702384005504

-2.0368557023639049 0.077228702384005504
-2.0340627917392182 0.077980693046091315

-2.0340627917392182 0.077980693046091315
-2.0337364746420614 0.078073552831169207

-2.0337364746420614 0.078073552831169207
-2.0306172469202175 0.078923366521486182

-2.0306172469202175 0.078923366521486182
-2.027498019198374 0.079793364983743578

-2.027498019198374 0.079793364983743578
-2.0243787914765305 0.080667884247984503

-2.0243787914765305 0.080667884247984503
-2.0228994696883538 0.081099920767934958

-2.0228994696883538 0.081099920767934958
-2.0212595637546866 0.081577240086606356

-2.0212595637546866 0.081577240086606356
-2.0181403360328432 0.082471167081070079

-2.0181403360328432 0.082471167081070079
-2.0150211083109992 0.083378733682409709

-2.0150211083109992 0.083378733682409709
-2.0121428105779602 0.084219148489778614

-2.0121428105779602 0.084219148489778614
-2.0119018805891558 0.084294124817885438

-2.0119018805891558 0.084294124817885438
-2.0087826528673123 0.085200313302969538

-2.0087826528673123 0.085200313302969538
-2.0056634251454684 0.086109735549837391

-2.0056634251454684 0.086109735549837391
-2.0025441974236249 0.087005169911846827

-2.0025441974236249 0.087005169911846827
-2.0014227388448194 0.087338376211622271

-2.0014227388448194 0.087338376211622271
-1.999424969701781 0.087919654904895173

-1.999424969701781 0.087919654904895173
-1.9963057419799373 0.088807340334064178

-1.9963057419799373 0.088807340334064178
-1.9931865142580936 0.0896930114148798

-1.9931865142580936 0.0896930114148798
-1.9904727225729641 0.090457603933465913

-1.9904727225729641 0.090457603933465913
-1.9900672865362501 0.090578063240240814

-1.9900672865362501 0.090578063240240814
-1.9869480588144064 0.091440503732289971

-1.9869480588144064 0.091440503732289971
-1.9838288310925627 0.092301288867504175

-1.9838288310925627 0.092301288867504175
-1.980709603370719 0.093147246229069933

-1.980709603370719 0.093147246229069933
-1.979151858587334 0.09357683165530957

-1.979151858587334 0.09357683165530957
-1.9775903756488753 0.094007272351003118

-1.9775903756488753 0.094007272351003118
-1.9744711479270318 0.094838293349477021

-1.9744711479270318 0.094838293349477021
-1.9713519202051881 0.095670393475208004

-1.9713519202051881 0.095670393475208004
-1.9682326924833444 0.096490864980818228

-1.9682326924833444 0.096490864980818228
-1.9674863144004868 0.096696059377153226

-1.9674863144004868 0.096696059377153226
-1.9651134647615007 0.097325710808474616

-1.9651134647615007 0.097325710808474616
-1.961994237039657 0.098144146585036729

-1.961994237039657 0.098144146585036729
-1.9588750093178136 0.098962069541849246

-1.9588750093178136 0.098962069541849246
-1.9557557815959699 0.099774738130487858

-1.9557557815959699 0.099774738130487858
-1.9556091262891135 0.099815287098996869

-1.9556091262891135 0.099815287098996869
-1.9526365538741262 0.10058860828020508

-1.9526365538741262 0.10058860828020508
-1.9495173261522825 0.10139527323422032

-1.9495173261522825 0.10139527323422032
-1.9463980984304388 0.10219649367438684

-1.9463980984304388 0.10219649367438684
-1.9435030435659255 0.10293451482084053

-1.9435030435659255 0.10293451482084053
-1.9432788707085953 0.1029949420234714

-1.9432788707085953 0.1029949420234714
-1.9401596429867516 0.10377902507984346

-1.9401596429867516 0.10377902507984346
-1.9370404152649079 0.10455818171094999

-1.9370404152649079 0.10455818171094999
-1.9339211875430642 0.1053284487779718

-1.9339211875430642 0.1053284487779718
-1.9309478535307059 0.10605374254268418

-1.9309478535307059 0.10605374254268418
-1.9308019598212205 0.10609139708379045

-1.9308019598212205 0.10609139708379045
-1.927682732099377 0.10684019231352837

-1.927682732099377 0.10684019231352837
-1.9245635043775333 0.10758129294565841

-1.9245635043775333 0.10758129294565841
-1.9214442766556896 0.10831257569676578

-1.9214442766556896 0.10831257569676578
-1.9183250489338459 0.10902947735597855

-1.9183250489338459 0.10902947735597855
-1.9177206935261568 0.10917297026452782

-1.9177206935261568 0.10917297026452782
-1.9152058212120022 0.10974888523463384

-1.9152058212120022 0.10974888523463384
-1.9120865934901587 0.11045094836267499

-1.9120865934901587 0.11045094836267499
-1.908967365768315 0.11114591121676541

-1.908967365768315 0.11114591121676541
-1.9058481380464714 0.11183065882414957

-1.9058481380464714 0.11183065882414957
-1.9037427172559851 0.11229219798637148

-1.9037427172559851 0.11229219798637148
-1.9027289103246277 0.11251871311694989

-1.9027289103246277 0.11251871311694989
-1.8996096826027842 0.11318541978990192

-1.8996096826027842 0.11318541978990192
-1.8964904548809405 0.11385011270038368

-1.8964904548809405 0.11385011270038368
-1.8933712271590968 0.11450794966803021

-1.8933712271590968 0.11450794966803021
-1.8902519994372531 0.11515514416414585

-1.8902519994372531 0.11515514416414585
-1.889039283912106 0.11541142570821514

-1.889039283912106 0.11541142570821514
-1.8871327717154094 0.11580954452465579

-1.8871327717154094 0.11580954452465579
-1.8840135439935659 0.1164462493386472

-1.8840135439935659 0.1164462493386472
-1.8808943162717222 0.1170794004615386

-1.8808943162717222 0.1170794004615386
-1.8777750885498785 0.11770650510951834

-1.8777750885498785 0.11770650510951834
-1.8746558608280348 0.11832317528339686

-1.8746558608280348 0.11832317528339686
-1.8736269158376557 0.11853065343005878

-1.8736269158376557 0.11853065343005878
-1.8715366331061911 0.11894491820005029

-1.8715366331061911 0.11894491820005029
-1.8684174053843476 0.11955062607562723

-1.8684174053843476 0.11955062607562723
-1.8652981776625039 0.12015132433377082

-1.8652981776625039 0.12015132433377082
-1.8621789499406602 0.12074472853636398

-1.8621789499406602 0.12074472853636398
-1.8590597222188165 0.1213276364652144

-1.8590597222188165 0.1213276364652144
-1.8573369792777445 0.12164988115190244

-1.8573369792777445 0.12164988115190244
-1.8559404944969728 0.12191229212104648

-1.8559404944969728 0.12191229212104648
-1.8528212667751294 0.12247790171949248

-1.8528212667751294 0.12247790171949248
-1.8497020390532857 0.12303804675458134

-1.8497020390532857 0.12303804675458134
-1.846582811331442 0.12358888335844109

-1.846582811331442 0.12358888335844109
-1.8434635836095983 0.12413064706882192

-1.8434635836095983 0.12413064706882192
-1.8403443558877546 0.12466173402909324

-1.8403443558877546 0.12466173402909324
-1.839725320156721 0.12476910887374609

-1.839725320156721 0.12476910887374609
-1.8372251281659111 0.12519157812426113

-1.8372251281659111 0.12519157812426113
-1.8341059004440674 0.1257093334643983

-1.8341059004440674 0.1257093334643983
-1.8309866727222237 0.12622155204175725

-1.8309866727222237 0.12622155204175725
-1.82786744500038 0.1267286876527397

-1.82786744500038 0.1267286876527397
-1.8247482172785363 0.12723183933602142

-1.8247482172785363 0.12723183933602142
-1.8216289895566928 0.12772944784640822

-1.8216289895566928 0.12772944784640822
-1.8206534009005928 0.12788833659558974

-1.8206534009005928 0.12788833659558974
-1.8185097618348491 0.12823218195883007

-1.8185097618348491 0.12823218195883007
-1.8153905341130054 0.12872729509758885

-1.8153905341130054 0.12872729509758885
-1.8122713063911617 0.1292227844497002

-1.8122713063911617 0.1292227844497002
-1.8091520786693183 0.12971806213046308

-1.8091520786693183 0.12971806213046308
-1.8060328509474746 0.13021253404169972

-1.8060328509474746 0.13021253404169972
-1.8029136232256309 0.13070316881998903

-1.8029136232256309 0.13070316881998903
-1.8009803287896087 0.13100756431743341

-1.8009803287896087 0.13100756431743341
-1.7997943955037872 0.13119602739667763

-1.7997943955037872 0.13119602739667763
-1.7966751677819435 0.13167591760071801

-1.7966751677819435 0.13167591760071801
-1.7935559400601 0.13215159142378838

-1.7935559400601 0.13215159142378838
-1.7904367123382563 0.13261870884950755

-1.7904367123382563 0.13261870884950755
-1.7873174846164126 0.13307552216023111

-1.7873174846164126 0.13307552216023111
-1.7841982568945689 0.13352102921417841

-1.7841982568945689 0.13352102921417841
-1.7810790291727252 0.13395294747169112

-1.7810790291727252 0.13395294747169112
-1.7798101335769734 0.13412679203927705

-1.7798101335769734 0.13412679203927705
-1.7779598014508817 0.13437856043361548

-1.7779598014508817 0.13437856043361548
-1.774840573729038 0.13478638882840077

-1.774840573729038 0.13478638882840077
-1.7717213460071943 0.13518307802023061

-1.7717213460071943 0.13518307802023061
-1.7686021182853506 0.13556814339599529

-1.7686021182853506 0.13556814339599529
-1.7654828905635069 0.13594243071137702

-1.7654828905635069 0.13594243071137702
-1.7623636628416635 0.1363068570106836

-1.7623636628416635 0.1363068570106836
-1.7592444351198198 0.1366622584837445

-1.7592444351198198 0.1366622584837445
-1.7561252073979761 0.13700919344332968

-1.7561252073979761 0.13700919344332968
-1.7539547207898636 0.13724601976112069

-1.7539547207898636 0.13724601976112069
-1.7530059796761324 0.13735062157804875

-1.7530059796761324 0.13735062157804875
-1.7498867519542887 0.13768152088883154

-1.7498867519542887 0.13768152088883154
-1.7467675242324452 0.13800691967939868

-1.7467675242324452 0.13800691967939868
-1.7436482965106015 0.13832512509911646

-1.7436482965106015 0.13832512509911646
-1.7405290687887578 0.1386355726095706

-1.7405290687887578 0.1386355726095706
-1.7374098410669141 0.13893714594923842

-1.7374098410669141 0.13893714594923842
-1.7342906133450704 0.13922882533899469

-1.7342906133450704 0.13922882533899469
-1.7311713856232269 0.13950982387718691

-1.7311713856232269 0.13950982387718691
-1.7280521579013832 0.13977914476654948

-1.7280521579013832 0.13977914476654948
-1.7249329301795395 0.14003565796988987

-1.7249329301795395 0.14003565796988987
-1.7218137024576958 0.14027788202093847

-1.7218137024576958 0.14027788202093847
-1.7206295269431913 0.14036524748296436

-1.7206295269431913 0.14036524748296436
-1.7186944747358524 0.1405072946305205

-1.7186944747358524 0.1405072946305205
-1.7155752470140087 0.14072069564622569

-1.7155752470140087 0.14072069564622569
-1.712456019292165 0.14091998633960623

-1.712456019292165 0.14091998633960623
-1.7093367915703213 0.14110503029955515

-1.7093367915703213 0.14110503029955515
-1.7062175638484776 0.14127623023916169

-1.7062175638484776 0.14127623023916169
-1.7030983361266341 0.14143432301761516

-1.7030983361266341 0.14143432301761516
-1.6999791084047904 0.1415802214450573

-1.6999791084047904 0.1415802214450573
-1.6968598806829467 0.1417148383629965

-1.6968598806829467 0.1417148383629965
-1.693740652961103 0.14183894078126502

-1.693740652961103 0.14183894078126502
-1.6906214252392593 0.1419530654888416

-1.6906214252392593 0.1419530654888416
-1.6875021975174158 0.14205751591728358

-1.6875021975174158 0.14205751591728358
-1.6843829697955721 0.14215223009181266

-1.6843829697955721 0.14215223009181266
-1.6812637420737284 0.14223682461708628

-1.6812637420737284 0.14223682461708628
-1.6781445143518847 0.14231073125351909

-1.6781445143518847 0.14231073125351909
-1.675025286630041 0.14237300570207576

-1.675025286630041 0.14237300570207576
-1.6719060589081975 0.14242222230884741

-1.6719060589081975 0.14242222230884741
-1.6687868311863538 0.14245664858192128

-1.6687868311863538 0.14245664858192128
-1.6656676034645101 0.14247460284392577

-1.6656676034645101 0.14247460284392577
-1.6625483757426665 0.14247474578372726

-1.6625483757426665 0.14247474578372726
-1.6594291480208228 0.14245618822211342

-1.6594291480208228 0.14245618822211342
-1.6563099202989793 0.14241842590061723

-1.6563099202989793 0.14241842590061723
-1.6531906925771356 0.14236130806653802

-1.6531906925771356 0.14236130806653802
-1.6500714648552919 0.14228519591994815

-1.6500714648552919 0.14228519591994815
-1.6469522371334482 0.14219084172676838

-1.6469522371334482 0.14219084172676838
-1.6438330094116045 0.14207899660299145

-1.6438330094116045 0.14207899660299145
-1.640713781689761 0.14195069450593778

-1.640713781689761 0.14195069450593778
-1.6375945539679173 0.14180726586285497

-1.6375945539679173 0.14180726586285497
-1.6344753262460736 0.14164962764978539

-1.6344753262460736 0.14164962764978539
-1.6313560985242299 0.14147920652565377

-1.6313560985242299 0.14147920652565377
-1.6282368708023864 0.14129799505570209

-1.6282368708023864 0.14129799505570209
-1.6251176430805427 0.14110623355024757

-1.6251176430805427 0.14110623355024757
-1.621998415358699 0.14090435645706004

-1.621998415358699 0.14090435645706004
-1.6188791876368553 0.14069390691662825

-1.6188791876368553 0.14069390691662825
-1.6157599599150116 0.14047355004045797

-1.6157599599150116 0.14047355004045797
-1.6142947491951731 0.14036524748296436

-1.6142947491951731 0.14036524748296436
-1.6126407321931682 0.14024310570780602

-1.6126407321931682 0.14024310570780602
-1.6095215044713245 0.14000516175205638

-1.6095215044713245 0.14000516175205638
-1.6064022767494808 0.13975357918041528

-1.6064022767494808 0.13975357918041528
-1.6032830490276371 0.13948950823299036

-1.6032830490276371 0.13948950823299036
-1.6001638213057934 0.13921200412697671

-1.6001638213057934 0.13921200412697671
-1.5970445935839499 0.13892068810264355

-1.5970445935839499 0.13892068810264355
-1.5939253658621062 0.13861597824295618

-1.5939253658621062 0.13861597824295618
-1.5908061381402625 0.13829676078929229

-1.5908061381402625 0.13829676078929229
-1.5876869104184188 0.13796166439926685

-1.5876869104184188 0.13796166439926685
-1.5845676826965751 0.13761172319917006

-1.5845676826965751 0.13761172319917006
-1.5814484549747316 0.13724708796789872

-1.5814484549747316 0.13724708796789872
-1.581439943990564 0.13724601976112069

-1.581439943990564 0.13724601976112069
-1.5783292272528879 0.13686718846038887

-1.5783292272528879 0.13686718846038887
-1.5752099995310442 0.13647186025262817

-1.5752099995310442 0.13647186025262817
-1.5720907718092005 0.13605980935408024

-1.5720907718092005 0.13605980935408024
-1.5689715440873568 0.13563221015315258

-1.5689715440873568 0.13563221015315258
-1.5658523163655134 0.13519160056937526

-1.5658523163655134 0.13519160056937526
-1.5627330886436697 0.13473859788118486

-1.5627330886436697 0.13473859788118486
-1.559613860921826 0.13427409911316163

-1.559613860921826 0.13427409911316163
-1.5586727638811093 0.13412679203927705

-1.5586727638811093 0.13412679203927705
-1.5564946331999823 0.13379095441207578

-1.5564946331999823 0.13379095441207578
-1.5533754054781388 0.13330174259970184

-1.5533754054781388 0.13330174259970184
-1.5502561777562951 0.13279898266241838

-1.5502561777562951 0.13279898266241838
-1.5471369500344514 0.13228537463975082

-1.5471369500344514 0.13228537463975082
-1.5440177223126077 0.13176114910709236

-1.5440177223126077 0.13176114910709236
-1.540898494590764 0.13123145230240538

-1.540898494590764 0.13123145230240538
-1.5396173681959988 0.13100756431743341

-1.5396173681959988 0.13100756431743341
-1.5377792668689205 0.13068882279162358

-1.5377792668689205 0.13068882279162358
-1.5346600391470768 0.13015032339830435

-1.5346600391470768 0.13015032339830435
-1.5315408114252331 0.12960289019962015

-1.5315408114252331 0.12960289019962015
-1.5284215837033894 0.12905063665889091

-1.5284215837033894 0.12905063665889091
-1.5253023559815457 0.12849345234041593

-1.5253023559815457 0.12849345234041593
-1.5221831282597023 0.12793101590938494

-1.5221831282597023 0.12793101590938494
-1.5219597182409477 0.12788833659558974

-1.5219597182409477 0.12788833659558974
-1.5190639005378586 0.12735668701312627

-1.5190639005378586 0.12735668701312627
-1.5159446728160149 0.1267750538999248

-1.5159446728160149 0.1267750538999248
-1.5128254450941712 0.12618262177308109

-1.5128254450941712 0.12618262177308109
-1.5097062173723275 0.12557722496614615

-1.5097062173723275 0.12557722496614615
-1.506586989650484 0.12496148903695374

-1.506586989650484 0.12496148903695374
-1.5056652851315833 0.12476910887374609

-1.5056652851315833 0.12476910887374609
-1.5034677619286403 0.12431979320147661

-1.5034677619286403 0.12431979320147661
-1.5003485342067966 0.12367300296276208

-1.5003485342067966 0.12367300296276208
-1.4972293064849529 0.12300950089586651

-1.4972293064849529 0.12300950089586651
-1.4941100787631092 0.12233147165311978

-1.4941100787631092 0.12233147165311978
-1.4910394970376577 0.12164988115190244

-1.4910394970376577 0.12164988115190244
-1.4909908510412657 0.12163846282331535

-1.4909908510412657 0.12163846282331535
-1.487871623319422 0.12093354724069416

-1.487871623319422 0.12093354724069416
-1.4847523955975783 0.12021690402485904

-1.4847523955975783 0.12021690402485904
-1.4816331678757346 0.11949164503872972

-1.4816331678757346 0.11949164503872972
-1.4785139401538909 0.1187652759865232

-1.4785139401538909 0.1187652759865232
-1.477551243271586 0.11853065343005878

-1.477551243271586 0.11853065343005878
-1.4753947124320475 0.11801697467785276

-1.4753947124320475 0.11801697467785276
-1.4722754847102038 0.11727572076579265

-1.4722754847102038 0.11727572076579265
-1.4691562569883601 0.11652539468174979

-1.4691562569883601 0.11652539468174979
-1.4660370292665164 0.1157776716075727

-1.4660370292665164 0.1157776716075727
-1.4645519184249913 0.11541142570821514

-1.4645519184249913 0.11541142570821514
-1.4629178015446729 0.11500955388091404

-1.4629178015446729 0.11500955388091404
-1.4597985738228292 0.11425243452558544

-1.4597985738228292 0.11425243452558544
-1.4566793461009855 0.1134801198578884

-1.4566793461009855 0.1134801198578884
-1.4535601183791418 0.11270505666669189

-1.4535601183791418 0.11270505666669189
-1.451951592843207 0.11229219798637148

-1.451951592843207 0.11229219798637148
-1.4504408906572981 0.11190353317627134

-1.4504408906572981 0.11190353317627134
-1.4473216629354546 0.11111171571874043

-1.4473216629354546 0.11111171571874043
-1.4442024352136109 0.11030105105786271

-1.4442024352136109 0.11030105105786271
-1.4410832074917672 0.10948481329326853

-1.4410832074917672 0.10948481329326853
-1.4399544247131197 0.10917297026452782

-1.4399544247131197 0.10917297026452782
-1.4379639797699235 0.10863308414406264

-1.4379639797699235 0.10863308414406264
-1.4348447520480798 0.10778449087081302

-1.4348447520480798 0.10778449087081302
-1.4317255243262363 0.10691450882571632

-1.4317255243262363 0.10691450882571632
-1.4286943110402488 0.10605374254268418

-1.4286943110402488 0.10605374254268418
-1.4286062966043926 0.10602693781378984

-1.4286062966043926 0.10602693781378984
-1.4254870688825489 0.10512851608888303

-1.4254870688825489 0.10512851608888303
-1.4223678411607052 0.10421358803329814

-1.4223678411607052 0.10421358803329814
-1.4192486134388616 0.10329496157020632

-1.4192486134388616 0.10329496157020632
-1.4180901344943508 0.10293451482084053

-1.4180901344943508 0.10293451482084053
-1.4161293857170181 0.10233612051135925

-1.4161293857170181 0.10233612051135925
-1.4130101579951744 0.10138737006640484

-1.4130101579951744 0.10138737006640484
-1.4098909302733307 0.10042636314404864

-1.4098909302733307 0.10042636314404864
-1.4079666500192767 0.099815287098996869

-1.4079666500192767 0.099815287098996869
-1.406771702551487 0.099428463585763655

-1.406771702551487 0.099428463585763655
-1.4036524748296433 0.098449869541240423

-1.4036524748296433 0.098449869541240423
-1.4005332471077998 0.097453457175011082

-1.4005332471077998 0.097453457175011082
-1.3982035399644959 0.096696059377153226

-1.3982035399644959 0.096696059377153226
-1.3974140193859561 0.096428561267812615

-1.3974140193859561 0.096428561267812615
-1.3942947916641124 0.095423648010569892

-1.3942947916641124 0.095423648010569892
-1.3911755639422687 0.094400449452786514

-1.3911755639422687 0.094400449452786514
-1.388706028810293 0.09357683165530957

-1.388706028810293 0.09357683165530957
-1.388056336220425 0.093348965351643817

-1.388056336220425 0.093348965351643817
-1.3849371084985815 0.092312367686755201

-1.3849371084985815 0.092312367686755201
-1.3818178807767378 0.091254670736548207

-1.3818178807767378 0.091254670736548207
-1.3795250694665309 0.090457603933465913

-1.3795250694665309 0.090457603933465913
-1.3786986530548941 0.090157870410345939

-1.3786986530548941 0.090157870410345939
-1.3755794253330504 0.089077279104642526

-1.3755794253330504 0.089077279104642526
-1.372460197611207 0.087976429044731977

-1.372460197611207 0.087976429044731977
-1.3707294983992526 0.087338376211622271

-1.3707294983992526 0.087338376211622271
-1.3693409698893633 0.086820852281925459

-1.3693409698893633 0.086820852281925459
-1.3662217421675196 0.085686427547036481

-1.3662217421675196 0.085686427547036481
-1.3631025144456759 0.084533612805116995

-1.3631025144456759 0.084533612805116995
-1.362321550579183 0.084219148489778614

-1.362321550579183 0.084219148489778614
-1.3599832867238322 0.083321966728539726

-1.3599832867238322 0.083321966728539726
-1.3568640590019887 0.08211952787605295

-1.3568640590019887 0.08211952787605295
-1.3542885893764178 0.081099920767934958

-1.3542885893764178 0.081099920767934958
-1.353744831280145 0.080869625977987136

-1.353744831280145 0.080869625977987136
-1.3506256035583013 0.079632997694575255

-1.3506256035583013 0.079632997694575255
-1.3475063758364576 0.078379518043661681

-1.3475063758364576 0.078379518043661681
-1.3465939138664715 0.077980693046091315

-1.3465939138664715 0.077980693046091315
-1.3443871481146139 0.077057316913552706

-1.3443871481146139 0.077057316913552706
-1.3412679203927704 0.075762726395114569

-1.3412679203927704 0.075762726395114569
-1.3391816989223404 0.074861465324247659

-1.3391816989223404 0.074861465324247659
-1.3381486926709267 0.074397952881013973

-1.3381486926709267 0.074397952881013973
-1.335029464949083 0.073069471343577538

-1.335029464949083 0.073069471343577538
-1.332001243775913 0.071742237602404002

-1.332001243775913 0.071742237602404002
-1.3319102372272393 0.071697733037051778

-1.3319102372272393 0.071697733037051778
-1.3287910095053956 0.070320896281685946

-1.3287910095053956 0.070320896281685946
-1.3256717817835522 0.068944739383936138

-1.3256717817835522 0.068944739383936138
-1.3250134501892006 0.068623009880560346

-1.3250134501892006 0.068623009880560346
-1.3225525540617085 0.067498869958856927

-1.3225525540617085 0.067498869958856927
-1.3194333263398648 0.06609295576231361

-1.3194333263398648 0.06609295576231361
-1.318227749136254 0.065503782158716703

-1.318227749136254 0.065503782158716703
-1.3163140986180211 0.064593035856105069

-1.3163140986180211 0.064593035856105069
-1.3131948708961774 0.063153140665347468

-1.3131948708961774 0.063153140665347468
-1.311645199547089 0.06238455443687304

-1.311645199547089 0.06238455443687304
-1.3100756431743339 0.061605959669841004

-1.3100756431743339 0.061605959669841004
-1.3069564154524902 0.06012519735065714

-1.3069564154524902 0.06012519735065714
-1.3052759929929127 0.05926532671502939

-1.3052759929929127 0.05926532671502939
-1.3038371877306465 0.05852077483012931

-1.3038371877306465 0.05852077483012931
-1.3007179600088028 0.056988408924686304

-1.3007179600088028 0.056988408924686304
-1.2991428337470139 0.056146098993185733

-1.2991428337470139 0.056146098993185733
-1.2975987322869591 0.055318195177885762

-1.2975987322869591 0.055318195177885762
-1.2944795045651156 0.053732937635078581

-1.2944795045651156 0.053732937635078581
-1.2932262511616934 0.053026871271342084

-1.2932262511616934 0.053026871271342084
-1.2913602768432719 0.052002691868053834

-1.2913602768432719 0.052002691868053834
-1.2882410491214282 0.050353461475676438

-1.2882410491214282 0.050353461475676438
-1.2875059779285876 0.049907643549498434

-1.2875059779285876 0.049907643549498434
-1.2851218213995845 0.048567522347332442

-1.2851218213995845 0.048567522347332442
-1.2820025936777411 0.046815729310610163

-1.2820025936777411 0.046815729310610163
-1.2819609633690214 0.046788415827654778

-1.2819609633690214 0.046788415827654778
-1.2788833659558974 0.045033965373751407

-1.2788833659558974 0.045033965373751407
-1.2765569517993076 0.043669188105811128

-1.2765569517993076 0.043669188105811128
-1.2757641382340537 0.043167401180551013

-1.2757641382340537 0.043167401180551013
-1.27264491051221 0.041407925361689329

-1.27264491051221 0.041407925361689329
-1.2712787932907879 0.040549960383967479

-1.2712787932907879 0.040549960383967479
-1.2695256827903663 0.039468693468454788

-1.2695256827903663 0.039468693468454788
-1.2664064550685228 0.037626629915119968

-1.2664064550685228 0.037626629915119968
-1.2661229612202773 0.037430732662123822

-1.2661229612202773 0.037430732662123822
-1.2632872273466791 0.035694886826912152

-1.2632872273466791 0.035694886826912152
-1.2611013354210383 0.034311504940280173

-1.2611013354210383 0.034311504940280173
-1.2601679996248354 0.033680515565268472

-1.2601679996248354 0.033680515565268472
-1.2570487719029917 0.031794868642725835

-1.2570487719029917 0.031794868642725835
-1.2561906050622234 0.03119227721843652

-1.2561906050622234 0.03119227721843652
-1.253929544181148 0.029711618294827671

-1.253929544181148 0.029711618294827671
-1.2514527753696729 0.02807304949659287

-1.2514527753696729 0.02807304949659287
-1.2508103164593045 0.027606157791550699

-1.2508103164593045 0.027606157791550699
-1.2476910887374608 0.02560736144314946

-1.2476910887374608 0.02560736144314946
-1.2468069518234015 0.024953821774749217

-1.2468069518234015 0.024953821774749217
-1.2445718610156171 0.023406322601914546

-1.2445718610156171 0.023406322601914546
-1.2423479928735526 0.021834594052905568

-1.2423479928735526 0.021834594052905568
-1.2414526332937734 0.021156252863028416

-1.2414526332937734 0.021156252863028416
-1.2383334055719297 0.019014025169121339

-1.2383334055719297 0.019014025169121339
-1.2379595190767088 0.018715366331061915

-1.2379595190767088 0.018715366331061915
-1.2352141778500862 0.016726787630698164

-1.2352141778500862 0.016726787630698164
-1.2337699466514589 0.01559613860921826

-1.2337699466514589 0.01559613860921826
-1.2320949501282425 0.014294671391388424

-1.2320949501282425 0.014294671391388424
-1.2297070778000596 0.012476910887374609

-1.2297070778000596 0.012476910887374609
-1.2289757224063989 0.011877361594976198

-1.2289757224063989 0.011877361594976198
-1.2258564946845552 0.0095484481632418673

-1.2258564946845552 0.0095484481632418673
-1.2256318232937151 0.0093576831655309556

-1.2256318232937151 0.0093576831655309556
-1.2227372669627115 0.0071071546912211767

-1.2227372669627115 0.0071071546912211767
-1.2217168519583501 0.0062384554436873043

-1.2217168519583501 0.0062384554436873043
-1.219618039240868 0.0045110587656307212

-1.219618039240868 0.0045110587656307212
-1.2179824422038483 0.0031192277218436517

-1.2179824422038483 0.0031192277218436517
-1.2164988115190243 0.0018433190751812444

-1.2164988115190243 0.0018433190751812444
-1.2143378657701234 0

-1.2143378657701234 0
-1.2133795837971806 -0.00085202227903831786

-1.2133795837971806 -0.00085202227903831786
-1.2107377244721991 -0.0031192277218436521

-1.2107377244721991 -0.0031192277218436521
-1.2102603560753369 -0.003554810572801406

-1.2102603560753369 -0.003554810572801406
-1.2071732990447503 -0.0062384554436873043

-1.2071732990447503 -0.0062384554436873043
-1.2071411283534932 -0.0062684359902058185

-1.2071411283534932 -0.0062684359902058185
-1.2040219006316497 -0.0090461058358730709

-1.2040219006316497 -0.0090461058358730709
-1.2036928443827033 -0.0093576831655309573

-1.2036928443827033 -0.0093576831655309573
-1.200902672909806 -0.011930633923487864

-1.200902672909806 -0.011930633923487864
-1.2003347735770202 -0.012476910887374609

-1.2003347735770202 -0.012476910887374609
-1.1977834451879623 -0.014904924385303095

-1.1977834451879623 -0.014904924385303095
-1.1970759176813317 -0.015596138609218262

-1.1970759176813317 -0.015596138609218262
-1.1946642174661186 -0.017951915075192604

-1.1946642174661186 -0.017951915075192604
-1.1938949715837828 -0.018715366331061911

-1.1938949715837828 -0.018715366331061911
-1.1915449897442751 -0.021068959979466718

-1.1915449897442751 -0.021068959979466718
-1.1907864585180672 -0.021834594052905564

-1.1907864585180672 -0.021834594052905564
-1.1884257620224314 -0.024262856928202368

-1.1884257620224314 -0.024262856928202368
-1.1877532778879194 -0.024953821774749217

-1.1877532778879194 -0.024953821774749217
-1.1853065343005877 -0.027546265905149733

-1.1853065343005877 -0.027546265905149733
-1.1848024292004724 -0.028073049496592867

-1.1848024292004724 -0.028073049496592867
-1.182187306578744 -0.030935084217789777

-1.182187306578744 -0.030935084217789777
-1.1819447142176307 -0.03119227721843652

-1.1819447142176307 -0.03119227721843652
-1.1791940776681358 -0.034311504940280173

-1.1791940776681358 -0.034311504940280173
-1.1790680788569003 -0.034447692612018202

-1.1790680788569003 -0.034447692612018202
-1.1764991831284695 -0.037430732662123829

-1.1764991831284695 -0.037430732662123829
-1.1759488511350569 -0.03804167004506176

-1.1759488511350569 -0.03804167004506176
-1.1738191573450008 -0.040549960383967479

-1.1738191573450008 -0.040549960383967479
-1.1728296234132132 -0.041683209536491656

-1.1728296234132132 -0.041683209536491656
-1.1711512135408642 -0.043669188105811135

-1.1711512135408642 -0.043669188105811135
-1.1697103956913695 -0.045385445001277253

-1.1697103956913695 -0.045385445001277253
-1.1685270106404135 -0.046788415827654785

-1.1685270106404135 -0.046788415827654785
-1.1665911679695258 -0.049236499861436855

-1.1665911679695258 -0.049236499861436855
-1.1660271341586368 -0.049907643549498434

-1.1660271341586368 -0.049907643549498434
-1.1637004080014148 -0.053026871271342091

-1.1637004080014148 -0.053026871271342091
-1.1634719402476821 -0.053301634125737289

-1.1634719402476821 -0.053301634125737289
-1.1613399475442305 -0.05614609899318574

-1.1613399475442305 -0.05614609899318574
-1.1603527125258386 -0.057388782745781422

-1.1603527125258386 -0.057388782745781422
-1.158908098429219 -0.05926532671502939

-1.158908098429219 -0.05926532671502939
-1.1572334848039949 -0.061524150582030097

-1.1572334848039949 -0.061524150582030097
-1.1565560334376754 -0.062384554436873046

-1.1565560334376754 -0.062384554436873046
-1.1543910014933507 -0.065503782158716689

-1.1543910014933507 -0.065503782158716689
-1.1541142570821512 -0.065855160147791469

-1.1541142570821512 -0.065855160147791469
-1.1521607578019959 -0.068623009880560346

-1.1521607578019959 -0.068623009880560346
-1.1509950293603075 -0.070205253694035269

-1.1509950293603075 -0.070205253694035269
-1.1498618505303198 -0.071742237602403988

-1.1498618505303198 -0.071742237602403988
-1.1478758016384638 -0.074628304362451811

-1.1478758016384638 -0.074628304362451811
-1.1476955710742112 -0.074861465324247645

-1.1476955710742112 -0.074861465324247645
-1.1456200727982155 -0.077980693046091301

-1.1456200727982155 -0.077980693046091301
-1.1447565739166203 -0.079173432308428035

-1.1447565739166203 -0.079173432308428035
-1.14341652769159 -0.081099920767934958

-1.14341652769159 -0.081099920767934958
-1.1416373461947766 -0.08373974886585217

-1.1416373461947766 -0.08373974886585217
-1.1412789443608167 -0.0842191484897786

-1.1412789443608167 -0.0842191484897786
-1.1392466115836859 -0.087338376211622257

-1.1392466115836859 -0.087338376211622257
-1.1385181184729329 -0.088330985649576602

-1.1385181184729329 -0.088330985649576602
-1.1370457498364128 -0.090457603933465913

-1.1370457498364128 -0.090457603933465913
-1.1353988907510892 -0.092862424237349958

-1.1353988907510892 -0.092862424237349958
-1.1348672499308472 -0.093576831655309556

-1.1348672499308472 -0.093576831655309556
-1.1328056138696854 -0.096696059377153212

-1.1328056138696854 -0.096696059377153212
-1.1322796630292455 -0.097382345049344093

-1.1322796630292455 -0.097382345049344093
-1.1305554540633749 -0.099815287098996869

-1.1305554540633749 -0.099815287098996869
-1.1291604353074021 -0.10168037653256591

-1.1291604353074021 -0.10168037653256591
-1.1281898545378608 -0.10293451482084051

-1.1281898545378608 -0.10293451482084051
-1.1260412075855584 -0.10581058456012069

-1.1260412075855584 -0.10581058456012069
-1.1258380361561549 -0.10605374254268417

-1.1258380361561549 -0.10605374254268417
-1.1234650134949511 -0.10917297026452782

-1.1234650134949511 -0.10917297026452782
-1.1229219798637147 -0.10980220174034426

-1.1229219798637147 -0.10980220174034426
-1.1208555182588342 -0.11229219798637147

-1.1208555182588342 -0.11229219798637147
-1.119802752141871 -0.1134507886623915

-1.119802752141871 -0.1134507886623915
-1.1179949405194318 -0.11541142570821512

-1.1179949405194318 -0.11541142570821512
-1.1166835244200273 -0.11675484051306288

-1.1166835244200273 -0.11675484051306288
-1.1148753618462677 -0.11853065343005878

-1.1148753618462677 -0.11853065343005878
-1.1135642966981838 -0.11977251829294318

-1.1135642966981838 -0.11977251829294318
-1.1113820066612274 -0.12164988115190242

-1.1113820066612274 -0.12164988115190242
-1.1104450689763401 -0.12245563399999768

-1.1104450689763401 -0.12245563399999768
-1.1073258412544964 -0.12465311474399435

-1.1073258412544964 -0.12465311474399435
-1.1071659162702543 -0.12476910887374608

-1.1071659162702543 -0.12476910887374608
-1.1042066135326527 -0.12659976028461237

-1.1042066135326527 -0.12659976028461237
-1.1017016035096805 -0.12788833659558974

-1.1017016035096805 -0.12788833659558974
-1.1010873858108092 -0.12822603845571842

-1.1010873858108092 -0.12822603845571842
-1.0979681580889655 -0.12945775528892367

-1.0979681580889655 -0.12945775528892367
-1.0948489303671218 -0.13038391682916664

-1.0948489303671218 -0.13038391682916664
-1.0917412898760637 -0.13100756431743338

-1.0917412898760637 -0.13100756431743338
-1.0917297026452781 -0.13100998328522095

-1.0917297026452781 -0.13100998328522095
-1.0886104749234344 -0.13136021193163189

-1.0886104749234344 -0.13136021193163189
-1.085491247201591 -0.13144395914271792

-1.085491247201591 -0.13144395914271792
-1.0823720194797473 -0.13127194044682355

-1.0823720194797473 -0.13127194044682355
-1.080514395763144 -0.13100756431743338

-1.080514395763144 -0.13100756431743338
-1.0792527917579036 -0.13082466965065517

-1.0792527917579036 -0.13082466965065517
-1.0761335640360599 -0.13010986217706244

-1.0761335640360599 -0.13010986217706244
-1.0730143363142162 -0.12914904138145789

-1.0730143363142162 -0.12914904138145789
-1.0698951085923727 -0.12799751544521309

-1.0698951085923727 -0.12799751544521309
-1.0696673032224082 -0.12788833659558974

-1.0696673032224082 -0.12788833659558974
-1.066775880870529 -0.12661965133765934

-1.066775880870529 -0.12661965133765934
-1.0636566531486853 -0.12510221547727551

-1.0636566531486853 -0.12510221547727551
-1.0631014623448145 -0.12476910887374608

-1.0631014623448145 -0.12476910887374608
-1.0605374254268416 -0.12335533058331817

-1.0605374254268416 -0.12335533058331817
-1.0576909958770324 -0.12164988115190242

-1.0576909958770324 -0.12164988115190242
-1.0574181977049979 -0.12146307946394891

-1.0574181977049979 -0.12146307946394891
-1.0542989699831544 -0.11952024006586683

-1.0542989699831544 -0.11952024006586683
-1.0529203745286888 -0.11853065343005878

-1.0529203745286888 -0.11853065343005878
-1.0511797422613107 -0.11730094594293702

-1.0511797422613107 -0.11730094594293702
-1.0484874731865772 -0.11541142570821512

-1.0484874731865772 -0.11541142570821512
-1.048060514539467 -0.11507664830622362

-1.048060514539467 -0.11507664830622362
-1.0449412868176233 -0.11289754442745294

-1.0449412868176233 -0.11289754442745294
-1.0441897379239187 -0.11229219798637147

-1.0441897379239187 -0.11229219798637147
-1.0418220590957796 -0.11050651261314215

-1.0418220590957796 -0.11050651261314215
-1.0401489735112364 -0.10917297026452782

-1.0401489735112364 -0.10917297026452782
-1.0387028313739362 -0.10800750678866604

-1.0387028313739362 -0.10800750678866604
-1.0361643377938248 -0.10605374254268417

-1.0361643377938248 -0.10605374254268417
-1.0355836036520925 -0.10556929020421181

-1.0355836036520925 -0.10556929020421181
-1.0324643759302488 -0.10323963758063114

-1.0324643759302488 -0.10323963758063114
-1.0321022184541002 -0.10293451482084051

-1.0321022184541002 -0.10293451482084051
-1.0293451482084051 -0.10080763123969164

-1.0293451482084051 -0.10080763123969164
-1.0281489779512694 -0.099815287098996869

-1.0281489779512694 -0.099815287098996869
-1.0262259204865614 -0.098267343811607649

-1.0262259204865614 -0.098267343811607649
-1.0242615575536147 -0.096696059377153212

-1.0242615575536147 -0.096696059377153212
-1.0231066927647179 -0.095743079564001535

-1.0231066927647179 -0.095743079564001535
-1.020269630300656 -0.093576831655309556

-1.020269630300656 -0.093576831655309556
-1.0199874650428742 -0.093339770308966188

-1.0199874650428742 -0.093339770308966188
-1.0168682373210305 -0.091020350063046152

-1.0168682373210305 -0.091020350063046152
-1.0161891556188782 -0.090457603933465913

-1.0161891556188782 -0.090457603933465913
-1.0137490095991868 -0.088579153652304912

-1.0137490095991868 -0.088579153652304912
-1.0121963352883208 -0.087338376211622257

-1.0121963352883208 -0.087338376211622257
-1.0106297818773433 -0.086090690579199408

-1.0106297818773433 -0.086090690579199408
-1.0081438325928709 -0.0842191484897786

-1.0081438325928709 -0.0842191484897786
-1.0075105541554996 -0.083704339210361509

-1.0075105541554996 -0.083704339210361509
-1.0043913264336559 -0.081474170944433238

-1.0043913264336559 -0.081474170944433238
-1.0039282071792477 -0.081099920767934958

-1.0039282071792477 -0.081099920767934958
-1.0012720987118122 -0.079151840986429939

-1.0012720987118122 -0.079151840986429939
-0.99974411218088932 -0.077980693046091301

-0.99974411218088932 -0.077980693046091301
-0.99815287098996874 -0.076768342548079641

-0.99815287098996874 -0.076768342548079641
-0.99546643184965988 -0.074861465324247645

-0.99546643184965988 -0.074861465324247645
-0.99503364326812505 -0.074522843665559099

-0.99503364326812505 -0.074522843665559099
-0.99191441554628146 -0.072422093468963486

-0.99191441554628146 -0.072422093468963486
-0.9910081210706907 -0.071742237602403988

-0.9910081210706907 -0.071742237602403988
-0.98879518782443776 -0.070193783433425902

-0.98879518782443776 -0.070193783433425902
-0.98648671019106671 -0.068623009880560346

-0.98648671019106671 -0.068623009880560346
-0.98567596010259406 -0.068030200902783097

-0.98567596010259406 -0.068030200902783097
-0.98255673238075047 -0.066069690871649739

-0.98255673238075047 -0.066069690871649739
-0.98175548285364145 -0.065503782158716689

-0.98175548285364145 -0.065503782158716689
-0.97943750465890678 -0.06399420355053366

-0.97943750465890678 -0.06399420355053366
-0.97687635866458578 -0.062384554436873046

-0.97687635866458578 -0.062384554436873046
-0.97631827693706319 -0.061998543308692408

-0.97631827693706319 -0.061998543308692408
-0.97319904921521949 -0.060164380981121354

-0.97319904921521949 -0.060164380981121354
-0.97176183478118405 -0.05926532671502939

-0.97176183478118405 -0.05926532671502939
-0.97007982149337579 -0.058228176511503874

-0.97007982149337579 -0.058228176511503874
-0.96696059377153221 -0.056479744469379936

-0.96696059377153221 -0.056479744469379936
-0.96642828385217128 -0.05614609899318574

-0.96642828385217128 -0.05614609899318574
-0.96384136604968851 -0.054679207436418013

-0.96384136604968851 -0.054679207436418013
-0.9608201538076504 -0.053026871271342091

-0.9608201538076504 -0.053026871271342091
-0.96072213832784492 -0.052965732518883465

-0.96072213832784492 -0.052965732518883465
-0.95760291060600122 -0.051314278462795411

-0.95760291060600122 -0.051314278462795411
-0.95488878157085866 -0.049907643549498434

-0.95488878157085866 -0.049907643549498434
-0.95448368288415764 -0.049675956731688828

-0.95448368288415764 -0.049675956731688828
-0.95136445516231394 -0.048134032859243753

-0.95136445516231394 -0.048134032859243753
-0.9486108978634249 -0.046788415827654785

-0.9486108978634249 -0.046788415827654785
-0.94824522744047024 -0.046591673715174808

-0.94824522744047024 -0.046591673715174808
-0.94512599971862665 -0.045129096978365493

-0.94512599971862665 -0.045129096978365493
-0.94200677199678295 -0.043690178098514346

-0.94200677199678295 -0.043690178098514346
-0.94196534077176386 -0.043669188105811135

-0.94196534077176386 -0.043669188105811135
-0.93888754427493937 -0.042282747734222033

-0.93888754427493937 -0.042282747734222033
-0.93576831655309567 -0.040929284920654514

-0.93576831655309567 -0.040929284920654514
-0.93494013306793855 -0.040549960383967479

-0.93494013306793855 -0.040549960383967479
-0.93264908883125197 -0.039555488710458643

-0.93264908883125197 -0.039555488710458643
-0.92952986110940838 -0.03826270209659223

-0.92952986110940838 -0.03826270209659223
-0.92752190903773857 -0.037430732662123829

-0.92752190903773857 -0.037430732662123829
-0.92641063338756469 -0.036956871708632572

-0.92641063338756469 -0.036956871708632572
-0.9232914056657211 -0.035735223369687534

-0.9232914056657211 -0.035735223369687534
-0.9201721779438774 -0.034544147044806711

-0.9201721779438774 -0.034544147044806711
-0.91958834680753132 -0.034311504940280173

-0.91958834680753132 -0.034311504940280173
-0.9170529502220337 -0.033362227878437407

-0.9170529502220337 -0.033362227878437407
-0.91393372250019012 -0.03224543333721485

-0.91393372250019012 -0.03224543333721485
-0.91087537443767674 -0.03119227721843652

-0.91087537443767674 -0.03119227721843652
-0.91081449477834642 -0.031169468328490921

-0.91081449477834642 -0.031169468328490921
-0.90769526705650283 -0.030142991124411198

-0.90769526705650283 -0.030142991124411198
-0.90457603933465913 -0.029161823074067054

-0.90457603933465913 -0.029161823074067054
-0.90145681161281555 -0.028235547821337435

-0.90145681161281555 -0.028235547821337435
-0.90091446494961502 -0.028073049496592867

-0.90091446494961502 -0.028073049496592867
-0.89833758389097185 -0.027338367274481738

-0.89833758389097185 -0.027338367274481738
-0.89521835616912815 -0.026497655097646001

-0.89521835616912815 -0.026497655097646001
-0.89209912844728456 -0.025696754693500072

-0.89209912844728456 -0.025696754693500072
-0.88906066455786115 -0.024953821774749217

-0.88906066455786115 -0.024953821774749217
-0.88897990072544086 -0.024932892391847369

-0.88897990072544086 -0.024932892391847369
-0.88586067300359728 -0.024207684778993033

-0.88586067300359728 -0.024207684778993033
-0.88274144528175358 -0.023515047948220489

-0.88274144528175358 -0.023515047948220489
-0.87962221755990988 -0.022853464154211058

-0.87962221755990988 -0.022853464154211058
-0.87650298983806629 -0.022223652563159654

-0.87650298983806629 -0.022223652563159654
-0.87450386009014236 -0.021834594052905564

-0.87450386009014236 -0.021834594052905564
-0.8733837621162226 -0.021613842064552569

-0.8733837621162226 -0.021613842064552569
-0.87026453439437901 -0.021044303969718757

-0.87026453439437901 -0.021044303969718757
-0.86714530667253531 -0.020500428285136114

-0.86714530667253531 -0.020500428285136114
-0.86402607895069172 -0.019986881096530237

-0.86402607895069172 -0.019986881096530237
-0.86090685122884802 -0.019505344380691538

-0.86090685122884802 -0.019505344380691538
-0.85778762350700433 -0.019058410731943545

-0.85778762350700433 -0.019058410731943545
-0.85518556455169281 -0.018715366331061911

-0.85518556455169281 -0.018715366331061911
-0.85466839578516074 -0.018645756078118386

-0.85466839578516074 -0.018645756078118386
-0.85154916806331704 -0.018273471418551776

-0.85154916806331704 -0.018273471418551776
-0.84842994034147345 -0.017936482543914542

-0.84842994034147345 -0.017936482543914542
-0.84531071261962976 -0.017636380712091469

-0.84531071261962976 -0.017636380712091469
-0.84219148489778606 -0.017372954956286064

-0.84219148489778606 -0.017372954956286064
-0.83907225717594247 -0.017145208044955743

-0.83907225717594247 -0.017145208044955743
-0.83595302945409877 -0.016951057441361571

-0.83595302945409877 -0.016951057441361571
-0.83283380173225519 -0.016788038295491942

-0.83283380173225519 -0.016788038295491942
-0.82971457401041149 -0.016654407540321867

-0.82971457401041149 -0.016654407540321867
-0.82659534628856779 -0.016549596848583582

-0.82659534628856779 -0.016549596848583582
-0.8234761185667242 -0.016473912844080021

-0.8234761185667242 -0.016473912844080021
-0.8203568908448805 -0.016427666511816107

-0.8203568908448805 -0.016427666511816107
-0.81723766312303692 -0.016410719458110384

-0.81723766312303692 -0.016410719458110384
-0.81411843540119322 -0.016423224549537895

-0.81411843540119322 -0.016423224549537895
-0.81099920767934963 -0.016466423533653053

-0.81099920767934963 -0.016466423533653053
-0.80787997995750593 -0.016541972908568185

-0.80787997995750593 -0.016541972908568185
-0.80476075223566224 -0.016651156149583173

-0.80476075223566224 -0.016651156149583173
-0.80164152451381865 -0.016795491808384608

-0.80164152451381865 -0.016795491808384608
-0.79852229679197495 -0.016976465004159252

-0.79852229679197495 -0.016976465004159252
-0.79540306907013136 -0.017193650073904949

-0.79540306907013136 -0.017193650073904949
-0.79540306907013136 -0.017193650073904949

-0.79540306907013136 -0.017193650073904949
-0.79228384134828767 -0.017445546621697072

-0.79228384134828767 -0.017445546621697072
-0.78916461362644397 -0.017732457469036542

-0.78916461362644397 -0.017732457469036542
-0.78604538590460038 -0.018055385332362388

-0.78604538590460038 -0.018055385332362388
-0.78292615818275668 -0.018410823824223072

-0.78292615818275668 -0.018410823824223072
-0.78046205810753511 -0.018715366331061911

-0.78046205810753511 -0.018715366331061911
-0.77980693046091309 -0.018797909164199558

-0.77980693046091309 -0.018797909164199558
-0.7766877027390694 -0.019209870043988907

-0.7766877027390694 -0.019209870043988907
-0.77356847501722581 -0.019652482243763817

-0.77356847501722581 -0.019652482243763817
-0.77044924729538211 -0.020124054133101053

-0.77044924729538211 -0.020124054133101053
-0.76733001957353841 -0.020622739954204911

-0.76733001957353841 -0.020622739954204911
-0.76421079185169483 -0.021147673926723835

-0.76421079185169483 -0.021147673926723835
-0.76109156412985113 -0.021697465959450123

-0.76109156412985113 -0.021697465959450123
-0.76037702544795394 -0.021834594052905564

-0.76037702544795394 -0.021834594052905564
-0.75797233640800754 -0.02228488664104224

-0.75797233640800754 -0.02228488664104224
-0.75485310868616384 -0.022897525902613226

-0.75485310868616384 -0.022897525902613226
-0.75173388096432014 -0.023545123664497663

-0.75173388096432014 -0.023545123664497663
-0.74861465324247656 -0.024226050390029157

-0.74861465324247656 -0.024226050390029157
-0.74549542552063286 -0.024941848820801606

-0.74549542552063286 -0.024941848820801606
-0.74544869647648626 -0.024953821774749217

-0.74544869647648626 -0.024953821774749217
-0.74237619779878927 -0.025696116126189262

-0.74237619779878927 -0.025696116126189262
-0.73925697007694557 -0.026486322830619982

-0.73925697007694557 -0.026486322830619982
-0.73613774235510188 -0.027311824133398832

-0.73613774235510188 -0.027311824133398832
-0.73338468030348336 -0.028073049496592867

-0.73338468030348336 -0.028073049496592867
-0.73301851463325829 -0.028180111266814793

-0.73301851463325829 -0.028180111266814793
-0.72989928691141459 -0.029072559178891198

-0.72989928691141459 -0.029072559178891198
-0.726780059189571 -0.03000782652879105

-0.726780059189571 -0.03000782652879105
-0.72366083146772731 -0.030969009762336134

-0.72366083146772731 -0.030969009762336134
-0.72300255104317712 -0.03119227721843652

-0.72300255104317712 -0.03119227721843652
-0.72054160374588372 -0.031988922583712692

-0.72054160374588372 -0.031988922583712692
-0.71742237602404002 -0.033024918546747814

-0.71742237602404002 -0.033024918546747814
-0.71430314830219632 -0.034087692965903103

-0.71430314830219632 -0.034087692965903103
-0.71370931902141277 -0.034311504940280173

-0.71370931902141277 -0.034311504940280173
-0.71118392058035274 -0.035211874616636253

-0.71118392058035274 -0.035211874616636253
-0.70806469285850904 -0.036349313070264039

-0.70806469285850904 -0.036349313070264039
-0.70520390682450562 -0.037430732662123829

-0.70520390682450562 -0.037430732662123829
-0.70494546513666545 -0.037536961394293349

-0.70494546513666545 -0.037536961394293349
-0.70182623741482175 -0.03874517613404603

-0.70182623741482175 -0.03874517613404603
-0.69870700969297805 -0.039982010421998448

-0.69870700969297805 -0.039982010421998448
-0.69738377652650518 -0.040549960383967479

-0.69738377652650518 -0.040549960383967479
-0.69558778197113447 -0.041309643749560178

-0.69558778197113447 -0.041309643749560178
-0.69246855424929077 -0.042621985116544546

-0.69246855424929077 -0.042621985116544546
-0.69010872763030284 -0.043669188105811135

-0.69010872763030284 -0.043669188105811135
-0.68934932652744718 -0.04402716171034321

-0.68934932652744718 -0.04402716171034321
-0.68623009880560348 -0.045420315705863197

-0.68623009880560348 -0.045420315705863197
-0.68329982319509397 -0.046788415827654785

-0.68329982319509397 -0.046788415827654785
-0.6831108710837599 -0.046886883932180927

-0.6831108710837599 -0.046886883932180927
-0.6799916433619162 -0.048372212699417584

-0.6799916433619162 -0.048372212699417584
-0.67687679765245612 -0.049907643549498434

-0.67687679765245612 -0.049907643549498434
-0.6768724156400725 -0.049910110996721067

-0.6768724156400725 -0.049910110996721067
-0.67375318791822891 -0.051490691687318332

-0.67375318791822891 -0.051490691687318332
-0.67080984619135076 -0.053026871271342091

-0.67080984619135076 -0.053026871271342091
-0.67063396019638521 -0.053130905827054258

-0.67063396019638521 -0.053130905827054258
-0.66751473247454163 -0.054784726802249634

-0.66751473247454163 -0.054784726802249634
-0.66506857662601193 -0.05614609899318574

-0.66506857662601193 -0.05614609899318574
-0.66439550475269793 -0.056553827327814186

-0.66439550475269793 -0.056553827327814186
-0.66127627703085423 -0.058265753785134156

-0.66127627703085423 -0.058265753785134156
-0.6596312848840209 -0.05926532671502939

-0.6596312848840209 -0.05926532671502939
-0.65815704930901064 -0.060170813607936795

-0.65815704930901064 -0.060170813607936795
-0.65503782158716695 -0.061986018468792065

-0.65503782158716695 -0.061986018468792065
-0.6544583145081494 -0.062384554436873046

-0.6544583145081494 -0.062384554436873046
-0.65191859386532336 -0.063975668006893346

-0.65191859386532336 -0.063975668006893346
-0.64956742166623094 -0.065503782158716689

-0.64956742166623094 -0.065503782158716689
-0.64879936614347966 -0.066046825539267787

-0.64879936614347966 -0.066046825539267787
-0.64568013842163596 -0.068017671283070916

-0.64568013842163596 -0.068017671283070916
-0.64485925192905502 -0.068623009880560346

-0.64485925192905502 -0.068623009880560346
-0.64256091069979238 -0.070202496113654367

-0.64256091069979238 -0.070202496113654367
-0.64038440296589672 -0.071742237602403988

-0.64038440296589672 -0.071742237602403988
-0.63944168297794868 -0.072454178495119329

-0.63944168297794868 -0.072454178495119329
-0.63632245525610509 -0.074592228500715355

-0.63632245525610509 -0.074592228500715355
-0.6359843693730346 -0.074861465324247645

-0.6359843693730346 -0.074861465324247645
-0.63320322753426139 -0.076866021424973272

-0.63320322753426139 -0.076866021424973272
-0.63177868208300469 -0.077980693046091301

-0.63177868208300469 -0.077980693046091301
-0.63008399981241781 -0.079295171554715632

-0.63008399981241781 -0.079295171554715632
-0.62771902175673977 -0.081099920767934958

-0.62771902175673977 -0.081099920767934958
-0.62696477209057411 -0.081718729956120562

-0.62696477209057411 -0.081718729956120562
-0.62384554436873041 -0.084054930683423748

-0.62384554436873041 -0.084054930683423748
-0.62365210868408694 -0.0842191484897786

-0.62365210868408694 -0.0842191484897786
-0.62072631664688682 -0.086488398240579412

-0.62072631664688682 -0.086488398240579412
-0.61972539578947738 -0.087338376211622257

-0.61972539578947738 -0.087338376211622257
-0.61760708892504312 -0.089077217931375047

-0.61760708892504312 -0.089077217931375047
-0.61598746925288672 -0.090457603933465913

-0.61598746925288672 -0.090457603933465913
-0.61448786120319954 -0.091749032903308311

-0.61448786120319954 -0.091749032903308311
-0.61235258200145426 -0.093576831655309556

-0.61235258200145426 -0.093576831655309556
-0.61136863348135584 -0.094452429870181639

-0.61136863348135584 -0.094452429870181639
-0.60875579908781152 -0.096696059377153212

-0.60875579908781152 -0.096696059377153212
-0.60824940575951214 -0.09715698881843568

-0.60824940575951214 -0.09715698881843568
-0.60517936435759279 -0.099815287098996869

-0.60517936435759279 -0.099815287098996869
-0.60513017803766855 -0.099860946969969777

-0.60513017803766855 -0.099860946969969777
-0.60201095031582486 -0.10261810732525325

-0.60201095031582486 -0.10261810732525325
-0.60167488719742457 -0.10293451482084051

-0.60167488719742457 -0.10293451482084051
-0.59889172259398127 -0.10546251798660634

-0.59889172259398127 -0.10546251798660634
-0.59826733849928615 -0.10605374254268417

-0.59826733849928615 -0.10605374254268417
-0.59577249487213757 -0.10835438223224167

-0.59577249487213757 -0.10835438223224167
-0.59490805767074428 -0.10917297026452782

-0.59490805767074428 -0.10917297026452782
-0.59265326715029398 -0.11126837547198119

-0.59265326715029398 -0.11126837547198119
-0.59157256778329759 -0.11229219798637147

-0.59157256778329759 -0.11229219798637147
-0.58953403942845028 -0.11420063074536439

-0.58953403942845028 -0.11420063074536439
-0.58825494693580294 -0.11541142570821512

-0.58825494693580294 -0.11541142570821512
-0.58641481170660659 -0.1171363349532045

-0.58641481170660659 -0.1171363349532045
-0.58492395082964554 -0.11853065343005878

-0.58492395082964554 -0.11853065343005878
-0.583295583984763 -0.12004149310338379

-0.583295583984763 -0.12004149310338379
-0.58153367536950729 -0.12164988115190242

-0.58153367536950729 -0.12164988115190242
-0.5801763562629193 -0.12289097607266983

-0.5801763562629193 -0.12289097607266983
-0.57805644807724388 -0.12476910887374608

-0.57805644807724388 -0.12476910887374608
-0.57705712854107571 -0.12567263454986305

-0.57705712854107571 -0.12567263454986305
-0.57444859673972004 -0.12788833659558974

-0.57444859673972004 -0.12788833659558974
-0.57393790081923202 -0.12834369643446963

-0.57393790081923202 -0.12834369643446963
-0.57081867309738832 -0.13083025723275732

-0.57081867309738832 -0.13083025723275732
-0.57061210992659162 -0.13100756431743338

-0.57061210992659162 -0.13100756431743338
-0.56769944537554473 -0.13324104996192584

-0.56769944537554473 -0.13324104996192584
-0.56657606156837204 -0.13412679203927705

-0.56657606156837204 -0.13412679203927705
-0.56458021765370103 -0.13562380589536638

-0.56458021765370103 -0.13562380589536638
-0.56222261712973454 -0.13724601976112069

-0.56222261712973454 -0.13724601976112069
-0.56146098993185745 -0.13780559358098901

-0.56146098993185745 -0.13780559358098901
-0.55834176221001375 -0.13967087275962217

-0.55834176221001375 -0.13967087275962217
-0.55719789890975957 -0.14036524748296433

-0.55719789890975957 -0.14036524748296433
-0.55522253448817016 -0.14150851610009627

-0.55522253448817016 -0.14150851610009627
-0.55210330676632646 -0.14301663400762024

-0.55210330676632646 -0.14301663400762024
-0.55104890165350606 -0.143484475204808

-0.55104890165350606 -0.143484475204808
-0.54898407904448276 -0.14436044120941666

-0.54898407904448276 -0.14436044120941666
-0.54586485132263918 -0.14541527901220719

-0.54586485132263918 -0.14541527901220719
-0.54274562360079548 -0.1462302611222594

-0.54274562360079548 -0.1462302611222594
-0.54079849419379955 -0.14660370292665165

-0.54079849419379955 -0.14660370292665165
-0.53962639587895189 -0.1468291418760547

-0.53962639587895189 -0.1468291418760547
-0.53650716815710819 -0.14717889283352936

-0.53650716815710819 -0.14717889283352936
-0.5333879404352645 -0.14727516960928394

-0.5333879404352645 -0.14727516960928394
-0.53026871271342091 -0.14711593704861706

-0.53026871271342091 -0.14711593704861706
-0.52714948499157721 -0.14669844630548212

-0.52714948499157721 -0.14669844630548212
-0.52674522210008679 -0.14660370292665165

-0.52674522210008679 -0.14660370292665165
-0.52403025726973362 -0.14598647051195018

-0.52403025726973362 -0.14598647051195018
-0.52091102954788993 -0.14500743852686396

-0.52091102954788993 -0.14500743852686396
-0.51779180182604623 -0.14381756585012939

-0.51779180182604623 -0.14381756585012939
-0.51712347435078265 -0.143484475204808

-0.51712347435078265 -0.143484475204808
-0.51467257410420264 -0.14233135842178374

-0.51467257410420264 -0.14233135842178374
-0.51155334638235894 -0.14067728569414772

-0.51155334638235894 -0.14067728569414772
-0.51109125299382219 -0.14036524748296433

-0.51109125299382219 -0.14036524748296433
-0.50843411866051536 -0.13872877161587951

-0.50843411866051536 -0.13872877161587951
-0.5063081988192103 -0.13724601976112069

-0.5063081988192103 -0.13724601976112069
-0.50531489093867166 -0.13650315711766972

-0.50531489093867166 -0.13650315711766972
-0.50219566321682807 -0.13426497048928554

-0.50219566321682807 -0.13426497048928554
-0.5020311529094218 -0.13412679203927705

-0.5020311529094218 -0.13412679203927705
-0.49907643549498437 -0.13184362472111472

-0.49907643549498437 -0.13184362472111472
-0.49811487352017647 -0.13100756431743338

-0.49811487352017647 -0.13100756431743338
-0.49595720777314073 -0.12918022381603719

-0.49595720777314073 -0.12918022381603719
-0.49451394681177235 -0.12788833659558974

-0.49451394681177235 -0.12788833659558974
-0.49283798005129709 -0.12638075280373298

-0.49283798005129709 -0.12638075280373298
-0.49108150751819285 -0.12476910887374608

-0.49108150751819285 -0.12476910887374608
-0.48971875232945339 -0.12349763548665466

-0.48971875232945339 -0.12349763548665466
-0.48774342205857807 -0.12164988115190242

-0.48774342205857807 -0.12164988115190242
-0.48659952460760975 -0.1205599714850395

-0.48659952460760975 -0.1205599714850395
-0.48445711650309564 -0.11853065343005878

-0.48445711650309564 -0.11853065343005878
-0.4834802968857661 -0.11758913791853601

-0.4834802968857661 -0.11758913791853601
-0.4812003702369177 -0.11541142570821512

-0.4812003702369177 -0.11541142570821512
-0.48036106916392246 -0.11459655100821139

-0.48036106916392246 -0.11459655100821139
-0.47795965070973695 -0.11229219798637147

-0.47795965070973695 -0.11229219798637147
-0.47724184144207882 -0.11159315973800457

-0.47724184144207882 -0.11159315973800457
-0.47471338538403163 -0.10917297026452782

-0.47471338538403163 -0.10917297026452782
-0.47412261372023518 -0.10859905416618411

-0.47412261372023518 -0.10859905416618411
-0.47143832948092063 -0.10605374254268417

-0.47143832948092063 -0.10605374254268417
-0.47100338599839148 -0.1056332916407909

-0.47100338599839148 -0.1056332916407909
-0.46811625431494769 -0.10293451482084051

-0.46811625431494769 -0.10293451482084051
-0.46788415827654783 -0.10271155816720517

-0.46788415827654783 -0.10271155816720517
-0.46476493055470419 -0.099851005070042326

-0.46476493055470419 -0.099851005070042326
-0.46472735067131482 -0.099815287098996869

-0.46472735067131482 -0.099815287098996869
-0.46164570283286055 -0.097046439728036227

-0.46164570283286055 -0.097046439728036227
-0.46127012212189622 -0.096696059377153212

-0.46127012212189622 -0.096696059377153212
-0.45852647511101691 -0.094279586605584345

-0.45852647511101691 -0.094279586605584345
-0.45775453865402937 -0.093576831655309556

-0.45775453865402937 -0.093576831655309556
-0.45540724738917326 -0.091539017167429335

-0.45540724738917326 -0.091539017167429335
-0.45418323683317202 -0.090457603933465913

-0.45418323683317202 -0.090457603933465913
-0.45228801966732957 -0.088829563434162886

-0.45228801966732957 -0.088829563434162886
-0.45052089324500272 -0.087338376211622257

-0.45052089324500272 -0.087338376211622257
-0.44916879194548592 -0.086190809328314508

-0.44916879194548592 -0.086190809328314508
-0.44665876338972765 -0.0842191484897786

-0.44665876338972765 -0.0842191484897786
-0.44604956422364228 -0.083708544870959189

-0.44604956422364228 -0.083708544870959189
-0.44293033650179864 -0.081424186733413728

-0.44293033650179864 -0.081424186733413728
-0.44253233857662255 -0.081099920767934958

-0.44253233857662255 -0.081099920767934958
-0.439811108779955 -0.079104555318698574

-0.439811108779955 -0.079104555318698574
-0.43832394442917394 -0.077980693046091301

-0.43832394442917394 -0.077980693046091301
-0.4366918810581113 -0.076762732189978658

-0.4366918810581113 -0.076762732189978658
-0.43390994654439974 -0.074861465324247645

-0.43390994654439974 -0.074861465324247645
-0.43357265333626765 -0.074605242643491262

-0.43357265333626765 -0.074605242643491262
-0.43045342561442401 -0.072596120762574587

-0.43045342561442401 -0.072596120762574587
-0.42921897044362228 -0.071742237602403988

-0.42921897044362228 -0.071742237602403988
-0.42733419789258037 -0.07048761473911741

-0.42733419789258037 -0.07048761473911741
-0.4243108808076349 -0.068623009880560346

-0.4243108808076349 -0.068623009880560346
-0.42421497017073673 -0.068555541286494714

-0.42421497017073673 -0.068555541286494714
-0.42109574244889308 -0.066705935354200566

-0.42109574244889308 -0.066705935354200566
-0.41906573542893277 -0.065503782158716689

-0.41906573542893277 -0.065503782158716689
-0.41797651472704939 -0.064830572312452844

-0.41797651472704939 -0.064830572312452844
-0.41485728700520574 -0.063158105802814057

-0.41485728700520574 -0.063158105802814057
-0.41348089911221064 -0.062384554436873046

-0.41348089911221064 -0.062384554436873046
-0.4117380592833621 -0.061423689925065993

-0.4117380592833621 -0.061423689925065993
-0.40861883156151846 -0.059867613308615453

-0.40861883156151846 -0.059867613308615453
-0.40746554326138235 -0.05926532671502939

-0.40746554326138235 -0.05926532671502939
-0.40549960383967482 -0.058274920530677066

-0.40549960383967482 -0.058274920530677066
-0.40238037611783117 -0.056826124287790714

-0.40238037611783117 -0.056826124287790714
-0.40094998832989004 -0.05614609899318574

-0.40094998832989004 -0.05614609899318574
-0.39926114839598748 -0.055352862399279099

-0.39926114839598748 -0.055352862399279099
-0.39614192067414383 -0.054000814097727237

-0.39614192067414383 -0.054000814097727237
-0.39386903559317815 -0.053026871271342091

-0.39386903559317815 -0.053026871271342091
-0.39302269295230019 -0.052646348466193378

-0.39302269295230019 -0.052646348466193378
-0.38990346523045655 -0.051389500804808974

-0.38990346523045655 -0.051389500804808974
-0.3867842375086129 -0.050172453673069474

-0.3867842375086129 -0.050172453673069474
-0.38613104590511255 -0.049907643549498434

-0.38613104590511255 -0.049907643549498434
-0.38366500978676926 -0.048965357655649501

-0.38366500978676926 -0.048965357655649501
-0.38054578206492556 -0.047827406916608514

-0.38054578206492556 -0.047827406916608514
-0.37759492142575268 -0.046788415827654785

-0.37759492142575268 -0.046788415827654785
-0.37742655434308192 -0.046724206183676321

-0.37742655434308192 -0.046724206183676321
-0.37430732662123828 -0.045676979909868909

-0.37430732662123828 -0.045676979909868909
-0.37118809889939464 -0.044672900499390177

-0.37118809889939464 -0.044672900499390177
-0.36806887117755099 -0.043720796603161922

-0.36806887117755099 -0.043720796603161922
-0.36790301393989544 -0.043669188105811135

-0.36790301393989544 -0.043669188105811135
-0.36494964345570735 -0.042811725111386256

-0.36494964345570735 -0.042811725111386256
-0.36183041573386365 -0.04195748946864275

-0.36183041573386365 -0.04195748946864275
-0.35871118801202001 -0.041155204023019636

-0.35871118801202001 -0.041155204023019636
-0.35621384735542838 -0.040549960383967479

-0.35621384735542838 -0.040549960383967479
-0.35559196029017637 -0.040393869292606424

-0.35559196029017637 -0.040393869292606424
-0.35247273256833273 -0.039695244287921642

-0.35247273256833273 -0.039695244287921642
-0.34935350484648908 -0.039038663019707633

-0.34935350484648908 -0.039038663019707633
-0.34623427712464538 -0.038427184030256613

-0.34623427712464538 -0.038427184030256613
-0.34311504940280174 -0.037858861153848365

-0.34311504940280174 -0.037858861153848365
-0.34059413322603999 -0.037430732662123829

-0.34059413322603999 -0.037430732662123829
-0.3399958216809581 -0.037326560593494103

-0.3399958216809581 -0.037326560593494103
-0.33687659395911446 -0.03683969516090195

-0.33687659395911446 -0.03683969516090195
-0.33375736623727081 -0.036387563952770846

-0.33375736623727081 -0.036387563952770846
-0.33063813851542717 -0.035970914819366803

-0.33063813851542717 -0.035970914819366803
-0.32751891079358347 -0.035588606861700178

-0.32751891079358347 -0.035588606861700178
-0.32439968307173983 -0.035239860231033801

-0.32439968307173983 -0.035239860231033801
-0.32128045534989619 -0.034923719563451083

-0.32128045534989619 -0.034923719563451083
-0.31816122762805255 -0.034639688556598672

-0.31816122762805255 -0.034639688556598672
-0.3150419999062089 -0.034388886356463089

-0.3150419999062089 -0.034388886356463089
-0.31394401321394283 -0.034311504940280173

-0.31394401321394283 -0.034311504940280173
-0.31192277218436526 -0.034169987431933654

-0.31192277218436526 -0.034169987431933654
-0.30880354446252156 -0.03398570017567213

-0.30880354446252156 -0.03398570017567213
-0.30568431674067792 -0.03383470171002461

-0.30568431674067792 -0.03383470171002461
-0.30256508901883428 -0.033717736093617001

-0.30256508901883428 -0.033717736093617001
-0.29944586129699063 -0.033635672546725823

-0.29944586129699063 -0.033635672546725823
-0.29632663357514699 -0.033589171985380056

-0.29632663357514699 -0.033589171985380056
-0.29320740585330335 -0.033577642492808271

-0.29320740585330335 -0.033577642492808271
-0.29008817813145965 -0.033599739542538615

-0.29008817813145965 -0.033599739542538615
-0.28696895040961601 -0.033654993936588044

-0.28696895040961601 -0.033654993936588044
-0.28384972268777237 -0.033743779245838525

-0.28384972268777237 -0.033743779245838525
-0.28073049496592872 -0.0338664971007826

-0.28073049496592872 -0.0338664971007826
-0.27761126724408508 -0.034023032901255065

-0.27761126724408508 -0.034023032901255065
-0.27449203952224144 -0.034209922071573563

-0.27449203952224144 -0.034209922071573563
-0.27302652645725584 -0.034311504940280173

-0.27302652645725584 -0.034311504940280173
-0.27137281180039774 -0.034426140934393008

-0.27137281180039774 -0.034426140934393008
-0.2682535840785541 -0.034670662427332195

-0.2682535840785541 -0.034670662427332195
-0.26513435635671045 -0.034948071478679087

-0.26513435635671045 -0.034948071478679087
-0.26201512863486681 -0.035257520869526722

-0.26201512863486681 -0.035257520869526722
-0.25889590091302317 -0.035597269102086958

-0.25889590091302317 -0.035597269102086958
-0.25577667319117953 -0.035966995361812366

-0.25577667319117953 -0.035966995361812366
-0.25265744546933583 -0.03636913791466756

-0.25265744546933583 -0.03636913791466756
-0.24953821774749216 -0.036806585150785845

-0.24953821774749216 -0.036806585150785845
-0.24641899002564852 -0.037277643668504945

-0.24641899002564852 -0.037277643668504945
-0.24549671320789643 -0.037430732662123829

-0.24549671320789643 -0.037430732662123829
-0.24329976230380487 -0.037789767623422947

-0.24329976230380487 -0.037789767623422947
-0.2401805345819612 -0.038329322526727744

-0.2401805345819612 -0.038329322526727744
-0.23706130686011756 -0.038905298867160577

-0.23706130686011756 -0.038905298867160577
-0.23394207913827392 -0.03951521511493572

-0.23394207913827392 -0.03951521511493572
-0.23082285141643025 -0.040154891505003613

-0.23082285141643025 -0.040154891505003613
-0.22901568836373026 -0.040549960383967479

-0.22901568836373026 -0.040549960383967479
-0.2277036236945866 -0.040839684603720151

-0.2277036236945866 -0.040839684603720151
-0.22458439597274296 -0.041540461827475561

-0.22458439597274296 -0.041540461827475561
-0.22146516825089929 -0.042273890599639354

-0.22146516825089929 -0.042273890599639354
-0.21834594052905565 -0.043032343832254183

-0.21834594052905565 -0.043032343832254183
-0.21582694737307928 -0.043669188105811135

-0.21582694737307928 -0.043669188105811135
-0.21522671280721201 -0.043827255194357595

-0.21522671280721201 -0.043827255194357595
-0.21210748508536834 -0.044634851168127182

-0.21210748508536834 -0.044634851168127182
-0.20898825736352469 -0.045477764908683917

-0.20898825736352469 -0.045477764908683917
-0.20586902964168105 -0.046340852155213184

-0.20586902964168105 -0.046340852155213184
-0.20434778075085896 -0.046788415827654785

-0.20434778075085896 -0.046788415827654785
-0.20274980191983738 -0.047258314627755121

-0.20274980191983738 -0.047258314627755121
-0.19963057419799374 -0.048184272711644625

-0.19963057419799374 -0.048184272711644625
-0.19651134647615007 -0.049152361235569243

-0.19651134647615007 -0.049152361235569243
-0.19419475136339093 -0.049907643549498434

-0.19419475136339093 -0.049907643549498434
-0.19339211875430642 -0.050180561523678051

-0.19339211875430642 -0.050180561523678051
-0.19027289103246278 -0.051219749187763661

-0.19027289103246278 -0.051219749187763661
-0.18715366331061911 -0.052302680874111003

-0.18715366331061911 -0.052302680874111003
-0.18518335801236216 -0.053026871271342091

-0.18518335801236216 -0.053026871271342091
-0.18403443558877547 -0.053460409398665094

-0.18403443558877547 -0.053460409398665094
-0.18091520786693183 -0.05462080709370009

-0.18091520786693183 -0.05462080709370009
-0.17779598014508816 -0.055823851075909425

-0.17779598014508816 -0.055823851075909425
-0.17704515569497323 -0.05614609899318574

-0.17704515569497323 -0.05614609899318574
-0.17467675242324451 -0.057110433179977771

-0.17467675242324451 -0.057110433179977771
-0.17155752470140087 -0.058392840600443759

-0.17155752470140087 -0.058392840600443759
-0.16954866239303315 -0.05926532671502939

-0.16954866239303315 -0.05926532671502939
-0.1684382969795572 -0.059763900923304941

-0.1684382969795572 -0.059763900923304941
-0.16531906925771356 -0.061113292047821663

-0.16531906925771356 -0.061113292047821663
-0.16250684960581885 -0.062384554436873046

-0.16250684960581885 -0.062384554436873046
-0.16219984153586992 -0.062537424062301228

-0.16219984153586992 -0.062537424062301228
-0.15908061381402624 -0.063966199334712967

-0.15908061381402624 -0.063966199334712967
-0.1559613860921826 -0.065435091680327684

-0.1559613860921826 -0.065435091680327684
-0.1558349473499023 -0.065503782158716689

-0.1558349473499023 -0.065503782158716689
-0.15284215837033896 -0.066951027917435721

-0.15284215837033896 -0.066951027917435721
-0.14972293064849529 -0.06847562492292418

-0.14972293064849529 -0.06847562492292418
-0.14946138279060531 -0.068623009880560346

-0.14946138279060531 -0.068623009880560346
-0.14660370292665165 -0.07006619901191391

-0.14660370292665165 -0.07006619901191391
-0.143484475204808 -0.07166006102683517

-0.143484475204808 -0.07166006102683517
-0.14334613837315033 -0.071742237602403988

-0.14334613837315033 -0.071742237602403988
-0.14036524748296433 -0.07330440527455466

-0.14036524748296433 -0.07330440527455466
-0.13744584306430185 -0.074861465324247645

-0.13744584306430185 -0.074861465324247645
-0.13724601976112069 -0.074982175632611794

-0.13724601976112069 -0.074982175632611794
-0.13412679203927705 -0.076648585564778229

-0.13412679203927705 -0.076648585564778229
-0.13172352673974372 -0.077980693046091301

-0.13172352673974372 -0.077980693046091301
-0.13100756431743338 -0.078410182046320859

-0.13100756431743338 -0.078410182046320859
-0.12788833659558974 -0.08008777245345855

-0.12788833659558974 -0.08008777245345855
-0.12614890023166278 -0.081099920767934958

-0.12614890023166278 -0.081099920767934958
-0.12476910887374608 -0.081917377642009626

-0.12476910887374608 -0.081917377642009626
-0.12164988115190242 -0.083630480179552408

-0.12164988115190242 -0.083630480179552408
-0.12070911816097354 -0.0842191484897786

-0.12070911816097354 -0.0842191484897786
-0.11853065343005878 -0.085503670332632703

-0.11853065343005878 -0.085503670332632703
-0.11541142570821512 -0.087317798252838322

-0.11541142570821512 -0.087317798252838322
-0.11538104995701585 -0.087338376211622257

-0.11538104995701585 -0.087338376211622257
-0.11229219798637147 -0.089154741120862843

-0.11229219798637147 -0.089154741120862843
-0.11015289749582707 -0.090457603933465913

-0.11015289749582707 -0.090457603933465913
-0.10917297026452782 -0.091090660730340264

-0.10917297026452782 -0.091090660730340264
-0.10605374254268417 -0.092886698511363081

-0.10605374254268417 -0.092886698511363081
-0.10499483648896894 -0.093576831655309556

-0.10499483648896894 -0.093576831655309556
-0.10293451482084051 -0.09485342926682569

-0.10293451482084051 -0.09485342926682569
-0.099883322117393675 -0.096696059377153212

-0.099883322117393675 -0.096696059377153212
-0.099815287098996869 -0.09674333901394469

-0.099815287098996869 -0.09674333901394469
-0.096696059377153212 -0.098618626360308492

-0.096696059377153212 -0.098618626360308492
-0.094792366980618048 -0.099815287098996869

-0.094792366980618048 -0.099815287098996869
-0.093576831655309556 -0.10060684387289706

-0.093576831655309556 -0.10060684387289706
-0.090457603933465913 -0.10242751444856882

-0.090457603933465913 -0.10242751444856882
-0.089696887818908028 -0.10293451482084051

-0.089696887818908028 -0.10293451482084051
-0.087338376211622257 -0.10438490302507278

-0.087338376211622257 -0.10438490302507278
-0.084571967182193425 -0.10605374254268417

-0.084571967182193425 -0.10605374254268417
-0.0842191484897786 -0.10629258930192245

-0.0842191484897786 -0.10629258930192245
-0.081099920767934958 -0.10810007867128611

-0.081099920767934958 -0.10810007867128611
-0.079333833980072183 -0.10917297026452782

-0.079333833980072183 -0.10917297026452782
-0.077980693046091301 -0.1100107000948182

-0.077980693046091301 -0.1100107000948182
-0.074861465324247645 -0.11173130011584283

-0.074861465324247645 -0.11173130011584283
-0.073932818437119505 -0.11229219798637147

-0.073932818437119505 -0.11229219798637147
-0.071742237602403988 -0.1135363345335297

-0.071742237602403988 -0.1135363345335297
-0.068623009880560346 -0.11518269648882551

-0.068623009880560346 -0.11518269648882551
-0.068224690462476437 -0.11541142570821512

-0.068224690462476437 -0.11541142570821512
-0.065503782158716689 -0.11681884181104056

-0.065503782158716689 -0.11681884181104056
-0.062384554436873046 -0.11832548659708261

-0.062384554436873046 -0.11832548659708261
-0.061977672014127204 -0.11853065343005878

-0.061977672014127204 -0.11853065343005878
-0.05926532671502939 -0.11977668284103928

-0.05926532671502939 -0.11977668284103928
-0.05614609899318574 -0.1210825396750607

-0.05614609899318574 -0.1210825396750607
-0.0547336792522959 -0.12164988115190242

-0.0547336792522959 -0.12164988115190242
-0.053026871271342091 -0.12232576707705671

-0.053026871271342091 -0.12232576707705671
-0.049907643549498434 -0.12340495070966778

-0.049907643549498434 -0.12340495070966778
-0.046788415827654785 -0.12436591207434826

-0.046788415827654785 -0.12436591207434826
-0.045332142777123267 -0.12476910887374608

-0.045332142777123267 -0.12476910887374608
-0.043669188105811135 -0.12522497262454843

-0.043669188105811135 -0.12522497262454843
-0.040549960383967479 -0.12592535992409573

-0.040549960383967479 -0.12592535992409573
-0.037430732662123829 -0.12648493151778639

-0.037430732662123829 -0.12648493151778639
-0.034311504940280173 -0.12689633721133678

-0.034311504940280173 -0.12689633721133678
-0.03119227721843652 -0.12715815606073785

-0.03119227721843652 -0.12715815606073785
-0.028073049496592867 -0.12726635113147311

-0.028073049496592867 -0.12726635113147311
-0.024953821774749217 -0.12721531932411573

-0.024953821774749217 -0.12721531932411573
-0.021834594052905564 -0.12700078144910568

-0.021834594052905564 -0.12700078144910568
-0.018715366331061911 -0.12662280922342994

-0.018715366331061911 -0.12662280922342994
-0.015596138609218262 -0.12608646298544329

-0.015596138609218262 -0.12608646298544329
-0.012476910887374609 -0.12540466410279061

-0.012476910887374609 -0.12540466410279061
-0.010104390638051282 -0.12476910887374608

-0.010104390638051282 -0.12476910887374608
-0.0093576831655309573 -0.12456045457451606

-0.0093576831655309573 -0.12456045457451606
-0.0062384554436873043 -0.12357631108478381

-0.0062384554436873043 -0.12357631108478381
-0.0031192277218436521 -0.12244732915806225

-0.0031192277218436521 -0.12244732915806225
-0.0011954985201969826 -0.12164988115190242

-0.0011954985201969826 -0.12164988115190242
0 -0.12113895721500684

0 -0.12113895721500684
0.0031192277218436517 -0.11974948910103789

0.0031192277218436517 -0.11974948910103789
0.005573740686554491 -0.11853065343005878

0.005573740686554491 -0.11853065343005878
0.0062384554436873043 -0.11817339928306322

0.0062384554436873043 -0.11817339928306322
0.0093576831655309556 -0.11655310589722508

0.0093576831655309556 -0.11655310589722508
0.01131274436087667 -0.11541142570821512

0.01131274436087667 -0.11541142570821512
0.012476910887374609 -0.11470208832502246

0.012476910887374609 -0.11470208832502246
0.01559613860921826 -0.11289267415901295

0.01559613860921826 -0.11289267415901295
0.016462912577566859 -0.11229219798637147

0.016462912577566859 -0.11229219798637147
0.018715366331061915 -0.11083182868232148

0.018715366331061915 -0.11083182868232148
0.021201837383209462 -0.10917297026452782

0.021201837383209462 -0.10917297026452782
0.021834594052905568 -0.10870810299169559

0.021834594052905568 -0.10870810299169559
0.024953821774749217 -0.10666705521562171

0.024953821774749217 -0.10666705521562171
0.025755106645272419 -0.10605374254268417

0.025755106645272419 -0.10605374254268417
0.02807304949659287 -0.10439654478802679

0.02807304949659287 -0.10439654478802679
0.03003813531899607 -0.10293451482084051

0.03003813531899607 -0.10293451482084051
0.03119227721843652 -0.10203954507184491

0.03119227721843652 -0.10203954507184491
0.034297998343908842 -0.099815287098996869

0.034297998343908842 -0.099815287098996869
0.034311504940280173 -0.099804309749221082

0.034311504940280173 -0.099804309749221082
0.037430732662123822 -0.097555911635301459

0.037430732662123822 -0.097555911635301459
0.038511828842889902 -0.096696059377153212

0.038511828842889902 -0.096696059377153212
0.040549960383967479 -0.095143967080904918

0.040549960383967479 -0.095143967080904918
0.042612774320818225 -0.093576831655309556

0.042612774320818225 -0.093576831655309556
0.043669188105811128 -0.092737190761545782

0.043669188105811128 -0.092737190761545782
0.046788415827654778 -0.090493401722686315

0.046788415827654778 -0.090493401722686315
0.046832497985341288 -0.090457603933465913

0.046832497985341288 -0.090457603933465913
0.049907643549498434 -0.08824892583986943

0.049907643549498434 -0.08824892583986943
0.051076861332902797 -0.087338376211622257

0.051076861332902797 -0.087338376211622257
0.053026871271342084 -0.085879224886969904

0.053026871271342084 -0.085879224886969904
0.055316938128574772 -0.0842191484897786

0.055316938128574772 -0.0842191484897786
0.056146098993185733 -0.083576473127871406

0.056146098993185733 -0.083576473127871406
0.05926532671502939 -0.081460397911394519

0.05926532671502939 -0.081460397911394519
0.059731005441865513 -0.081099920767934958

0.059731005441865513 -0.081099920767934958
0.06238455443687304 -0.079247325254081569

0.06238455443687304 -0.079247325254081569
0.064146731815800356 -0.077980693046091301

0.064146731815800356 -0.077980693046091301
0.065503782158716703 -0.07698606066070518

0.065503782158716703 -0.07698606066070518
0.068623009880560346 -0.074906950813248649

0.068623009880560346 -0.074906950813248649
0.06868274161281146 -0.074861465324247645

0.06868274161281146 -0.074861465324247645
0.071742237602404002 -0.072828430146718429

0.071742237602404002 -0.072828430146718429
0.073294148022055028 -0.071742237602403988

0.073294148022055028 -0.071742237602403988
0.074861465324247659 -0.070647756978351461

0.074861465324247659 -0.070647756978351461
0.077980693046091315 -0.068635012068073362

0.077980693046091315 -0.068635012068073362
0.077996956122310862 -0.068623009880560346

0.077996956122310862 -0.068623009880560346
0.081099920767934958 -0.066639770138562066

0.081099920767934958 -0.066639770138562066
0.082816464979922122 -0.065503782158716689

0.082816464979922122 -0.065503782158716689
0.084219148489778614 -0.064561387496083852

0.084219148489778614 -0.064561387496083852
0.087338376211622271 -0.062684680764171954

0.087338376211622271 -0.062684680764171954
0.087776405245063582 -0.062384554436873046

0.087776405245063582 -0.062384554436873046
0.090457603933465913 -0.060744011814502202

0.090457603933465913 -0.060744011814502202
0.092923026921408525 -0.05926532671502939

0.092923026921408525 -0.05926532671502939
0.09357683165530957 -0.058837723259107133

0.09357683165530957 -0.058837723259107133
0.096696059377153226 -0.057098672715577038

0.096696059377153226 -0.057098672715577038
0.098338855970434347 -0.05614609899318574

0.098338855970434347 -0.05614609899318574
0.099815287098996869 -0.055285580771706179

0.099815287098996869 -0.055285580771706179
0.10293451482084053 -0.05366109200092592

0.10293451482084053 -0.05366109200092592
0.10408151510908688 -0.053026871271342091

0.10408151510908688 -0.053026871271342091
0.10605374254268418 -0.051977384743313829

0.10605374254268418 -0.051977384743313829
0.10917297026452782 -0.05044856296735907

0.10917297026452782 -0.05044856296735907
0.11022090785297747 -0.049907643549498434

0.11022090785297747 -0.049907643549498434
0.11229219798637148 -0.048884255851019666

0.11229219798637148 -0.048884255851019666
0.11541142570821514 -0.047450287403141354

0.11541142570821514 -0.047450287403141354
0.11680935453402706 -0.046788415827654785

0.11680935453402706 -0.046788415827654785
0.11853065343005878 -0.045984836551321163

0.11853065343005878 -0.045984836551321163
0.12164988115190244 -0.044630035344130028

0.12164988115190244 -0.044630035344130028
0.12386573655369298 -0.043669188105811135

0.12386573655369298 -0.043669188105811135
0.12476910887374609 -0.04325943729235724

0.12476910887374609 -0.04325943729235724
0.12788833659558974 -0.041980134300869408

0.12788833659558974 -0.041980134300869408
0.13100756431743341 -0.040728184117343719

0.13100756431743341 -0.040728184117343719
0.13142564128287948 -0.040549960383967479

0.13142564128287948 -0.040549960383967479
0.13412679203927705 -0.039483481334752012

0.13412679203927705 -0.039483481334752012
0.13724601976112069 -0.038297798813819339

0.13724601976112069 -0.038297798813819339
0.13957102724667042 -0.037430732662123829

0.13957102724667042 -0.037430732662123829
0.14036524748296436 -0.03712084172696492

0.14036524748296436 -0.03712084172696492
0.143484475204808 -0.036019462936393715

0.143484475204808 -0.036019462936393715
0.14660370292665165 -0.034951440641556565

0.14660370292665165 -0.034951440641556565
0.14850827164162447 -0.034311504940280173

0.14850827164162447 -0.034311504940280173
0.14972293064849532 -0.033896391682378825

0.14972293064849532 -0.033896391682378825
0.15284215837033896 -0.032917904186803466

0.15284215837033896 -0.032917904186803466
0.1559613860921826 -0.031972097208334167

0.1559613860921826 -0.031972097208334167
0.15865027321347147 -0.03119227721843652

0.15865027321347147 -0.03119227721843652
0.15908061381402627 -0.03106080156556415

0.15908061381402627 -0.03106080156556415
0.16219984153586992 -0.030208305598892062

0.16219984153586992 -0.030208305598892062
0.16531906925771356 -0.02939202691733175

0.16531906925771356 -0.02939202691733175
0.16843829697955723 -0.028618534243155885

0.16843829697955723 -0.028618534243155885
0.17073514000210854 -0.028073049496592867

0.17073514000210854 -0.028073049496592867
0.17155752470140087 -0.027872412282639706

0.17155752470140087 -0.027872412282639706
0.17467675242324451 -0.027178515837106849

0.17467675242324451 -0.027178515837106849
0.17779598014508818 -0.026515416468356409

0.17779598014508818 -0.026515416468356409
0.18091520786693183 -0.025887890157979602

0.18091520786693183 -0.025887890157979602
0.18403443558877547 -0.025295935637072289

0.18403443558877547 -0.025295935637072289
0.1859146284326389 -0.024953821774749217

0.1859146284326389 -0.024953821774749217
0.18715366331061914 -0.024726531610942234

0.18715366331061914 -0.024726531610942234
0.19027289103246278 -0.024198583228314675

0.19027289103246278 -0.024198583228314675
0.19339211875430642 -0.023699937290018087

0.19339211875430642 -0.023699937290018087
0.19651134647615009 -0.023234705919825956

0.19651134647615009 -0.023234705919825956
0.19963057419799374 -0.02280312384964793

0.19963057419799374 -0.02280312384964793
0.20274980191983741 -0.022404965890064583

0.20274980191983741 -0.022404965890064583
0.20586902964168105 -0.022040670517549148

0.20586902964168105 -0.022040670517549148
0.20780290457853479 -0.021834594052905564

0.20780290457853479 -0.021834594052905564
0.20898825736352469 -0.021707651065354064

0.20898825736352469 -0.021707651065354064
0.21210748508536836 -0.0214141532000993

0.21210748508536836 -0.0214141532000993
0.21522671280721201 -0.021156676582249668

0.21522671280721201 -0.021156676582249668
0.21834594052905565 -0.02093557962435116

0.21834594052905565 -0.02093557962435116
0.22146516825089932 -0.020749128960139435

0.22146516825089932 -0.020749128960139435
0.22458439597274296 -0.020596456705712394

0.22458439597274296 -0.020596456705712394
0.2277036236945866 -0.0204776935901737

0.2277036236945866 -0.0204776935901737
0.23082285141643027 -0.020391768803767186

0.23082285141643027 -0.020391768803767186
0.23394207913827392 -0.020335625755513478

0.23394207913827392 -0.020335625755513478
0.23706130686011756 -0.020306621470484076

0.23706130686011756 -0.020306621470484076
0.24018053458196123 -0.020304333037737283

0.24018053458196123 -0.020304333037737283
0.24329976230380487 -0.020328470797176038

0.24329976230380487 -0.020328470797176038
0.24641899002564852 -0.020376531273294557

0.24641899002564852 -0.020376531273294557
0.24953821774749216 -0.020446157092165889

0.24953821774749216 -0.020446157092165889
0.25265744546933583 -0.020538433162701639

0.25265744546933583 -0.020538433162701639
0.25577667319117947 -0.020655135573281802

0.25577667319117947 -0.020655135573281802
0.25889590091302311 -0.020794906845372184

0.25889590091302311 -0.020794906845372184
0.26201512863486676 -0.02095707918314901

0.26201512863486676 -0.02095707918314901
0.2651343563567104 -0.021145857135353843

0.2651343563567104 -0.021145857135353843
0.26825358407855404 -0.021365376985516167

0.26825358407855404 -0.021365376985516167
0.27137281180039774 -0.021613959603428223

0.27137281180039774 -0.021613959603428223
0.2738612951153051 -0.021834594052905564

0.2738612951153051 -0.021834594052905564
0.27449203952224138 -0.021891330844357484

0.27449203952224138 -0.021891330844357484
0.27761126724408502 -0.02219457720763961

0.27761126724408502 -0.02219457720763961
0.28073049496592867 -0.022526488805343969

0.28073049496592867 -0.022526488805343969
0.28384972268777231 -0.022887876929295493

0.28384972268777231 -0.022887876929295493
0.28696895040961595 -0.023279917553101558

0.28696895040961595 -0.023279917553101558
0.29008817813145965 -0.023700773008001452

0.29008817813145965 -0.023700773008001452
0.29320740585330329 -0.024144253715819346

0.29320740585330329 -0.024144253715819346
0.29632663357514694 -0.024603618611611752

0.29632663357514694 -0.024603618611611752
0.29862192541470506 -0.024953821774749217

0.29862192541470506 -0.024953821774749217
0.29944586129699058 -0.025081908681088318

0.29944586129699058 -0.025081908681088318
0.30256508901883422 -0.025568258322511226

0.30256508901883422 -0.025568258322511226
0.30568431674067786 -0.02607098938134126

0.30568431674067786 -0.02607098938134126
0.30880354446252156 -0.02658480480828691

0.30880354446252156 -0.02658480480828691
0.3119227721843652 -0.027106251269081671

0.3119227721843652 -0.027106251269081671
0.31504199990620885 -0.027633019965560966

0.31504199990620885 -0.027633019965560966
0.31759845820171262 -0.028073049496592867

0.31759845820171262 -0.028073049496592867
0.31816122762805249 -0.028172699764134737

0.31816122762805249 -0.028172699764134737
0.32128045534989613 -0.028717045921481457

0.32128045534989613 -0.028717045921481457
0.32439968307173978 -0.029276008989003087

0.32439968307173978 -0.029276008989003087
0.32751891079358347 -0.02984895168001294

0.32751891079358347 -0.02984895168001294
0.33063813851542712 -0.030438639360105858

0.33063813851542712 -0.030438639360105858
0.33375736623727076 -0.031042235305461144

0.33375736623727076 -0.031042235305461144
0.33448437815765281 -0.03119227721843652

0.33448437815765281 -0.03119227721843652
0.3368765939591144 -0.031673043010337604

0.3368765939591144 -0.031673043010337604
0.33999582168095804 -0.032313412231614679

0.33999582168095804 -0.032313412231614679
0.34311504940280169 -0.03297134999844447

0.34311504940280169 -0.03297134999844447
0.34623427712464538 -0.033642546576636408

0.34623427712464538 -0.033642546576636408
0.34929055722735924 -0.034311504940280173

0.34929055722735924 -0.034311504940280173
0.34935350484648903 -0.034326053109524877

0.34935350484648903 -0.034326053109524877
0.35247273256833267 -0.035017957620734105

0.35247273256833267 -0.035017957620734105
0.35559196029017631 -0.035718384455744365

0.35559196029017631 -0.035718384455744365
0.35871118801201995 -0.036423532489786838

0.35871118801201995 -0.036423532489786838
0.36183041573386365 -0.037122156069057749

0.36183041573386365 -0.037122156069057749
0.3631844114141452 -0.037430732662123829

0.3631844114141452 -0.037430732662123829
0.3649496434557073 -0.037829911670591597

0.3649496434557073 -0.037829911670591597
0.36806887117755094 -0.038515778389666501

0.36806887117755094 -0.038515778389666501
0.37118809889939458 -0.039197402861177462

0.37118809889939458 -0.039197402861177462
0.37430732662123822 -0.039869492183241713

0.37430732662123822 -0.039869492183241713
0.37742655434308187 -0.040529331993856423

0.37742655434308187 -0.040529331993856423
0.37752076475629415 -0.040549960383967479

0.37752076475629415 -0.040549960383967479
0.38054578206492556 -0.041179625380625251

0.38054578206492556 -0.041179625380625251
0.38366500978676921 -0.041817148444110816

0.38366500978676921 -0.041817148444110816
0.38678423750861285 -0.04244348088085196

0.38678423750861285 -0.04244348088085196
0.38990346523045649 -0.043060180871004612

0.38990346523045649 -0.043060180871004612
0.39302152715989297 -0.043669188105811135

0.39302152715989297 -0.043669188105811135
0.39302269295230013 -0.043669427419474389

0.39302269295230013 -0.043669427419474389
0.39614192067414378 -0.044273117731808295

0.39614192067414378 -0.044273117731808295
0.39926114839598748 -0.044872447342503306

0.39926114839598748 -0.044872447342503306
0.40238037611783112 -0.04546798189095163

0.40238037611783112 -0.04546798189095163
0.40549960383967476 -0.046060298573397045

0.40549960383967476 -0.046060298573397045
0.4086188315615184 -0.046645331249017902

0.4086188315615184 -0.046645331249017902
0.40936149071368322 -0.046788415827654785

0.40936149071368322 -0.046788415827654785
0.41173805928336205 -0.047234942146405667

0.41173805928336205 -0.047234942146405667
0.41485728700520569 -0.047812410290616343

0.41485728700520569 -0.047812410290616343
0.41797651472704939 -0.048382934276308194

0.41797651472704939 -0.048382934276308194
0.42109574244889303 -0.048942698756317092

0.42109574244889303 -0.048942698756317092
0.42421497017073667 -0.049487830119944801

0.42421497017073667 -0.049487830119944801
0.42668608416244419 -0.049907643549498434

0.42668608416244419 -0.049907643549498434
0.42733419789258031 -0.050020466900471738

0.42733419789258031 -0.050020466900471738
0.43045342561442396 -0.050526785429645955

0.43045342561442396 -0.050526785429645955
0.4335726533362676 -0.051013712148594383

0.4335726533362676 -0.051013712148594383
0.4366918810581113 -0.051475564782142144

0.4366918810581113 -0.051475564782142144
0.43981110877995494 -0.051909815943682137

0.43981110877995494 -0.051909815943682137
0.44293033650179858 -0.052314152349308099

0.44293033650179858 -0.052314152349308099
0.44604956422364223 -0.052686967054602629

0.44604956422364223 -0.052686967054602629
0.4491623530555095 -0.053026871271342091

0.4491623530555095 -0.053026871271342091
0.44916879194548587 -0.05302759305874781

0.44916879194548587 -0.05302759305874781
0.45228801966732957 -0.053336055543606833

0.45228801966732957 -0.053336055543606833
0.45540724738917321 -0.053612477856613591

0.45540724738917321 -0.053612477856613591
0.45852647511101685 -0.053856506999327751

0.45852647511101685 -0.053856506999327751
0.46164570283286049 -0.054068139581207361

0.46164570283286049 -0.054068139581207361
0.46476493055470414 -0.054247637926063963

0.46476493055470414 -0.054247637926063963
0.46788415827654778 -0.054394892305142897

0.46788415827654778 -0.054394892305142897
0.47100338599839148 -0.05450893714015171

0.47100338599839148 -0.05450893714015171
0.47412261372023512 -0.054588306638234635

0.47412261372023512 -0.054588306638234635
0.47724184144207876 -0.054632065890418344

0.47724184144207876 -0.054632065890418344
0.48036106916392241 -0.054639704423126198

0.48036106916392241 -0.054639704423126198
0.48348029688576605 -0.0546105143001612

0.48348029688576605 -0.0546105143001612
0.48659952460760969 -0.054543261251577456

0.48659952460760969 -0.054543261251577456
0.48971875232945339 -0.054436734839269356

0.48971875232945339 -0.054436734839269356
0.49283798005129703 -0.05429028125622571

0.49283798005129703 -0.05429028125622571
0.49595720777314067 -0.054102779985796365

0.49595720777314067 -0.054102779985796365
0.49907643549498437 -0.053872118911405802

0.49907643549498437 -0.053872118911405802
0.50219566321682796 -0.053596334471610677

0.50219566321682796 -0.053596334471610677
0.50531489093867166 -0.053275510151015767

0.50531489093867166 -0.053275510151015767
0.50741143627364016 -0.053026871271342091

0.50741143627364016 -0.053026871271342091
0.50843411866051524 -0.052904090867932345

0.50843411866051524 -0.052904090867932345
0.51155334638235894 -0.05248689644242701

0.51155334638235894 -0.05248689644242701
0.51467257410420253 -0.052016689102033151

0.51467257410420253 -0.052016689102033151
0.51779180182604623 -0.051495682080346092

0.51779180182604623 -0.051495682080346092
0.52091102954788993 -0.050925643570166282

0.52091102954788993 -0.050925643570166282
0.52403025726973351 -0.05031303226919849

0.52403025726973351 -0.05031303226919849
0.52593291080264948 -0.049907643549498434

0.52593291080264948 -0.049907643549498434
0.52714948499157721 -0.049644884024130559

0.52714948499157721 -0.049644884024130559
0.5302687127134208 -0.048946094896673308

0.5302687127134208 -0.048946094896673308
0.5333879404352645 -0.048198717231348644

0.5333879404352645 -0.048198717231348644
0.53650716815710819 -0.0474152965834417

0.53650716815710819 -0.0474152965834417
0.53888067179972388 -0.046788415827654785

0.53888067179972388 -0.046788415827654785
0.53962639587895178 -0.046584125637099648

0.53962639587895178 -0.046584125637099648
0.54274562360079548 -0.0457343608372437

0.54274562360079548 -0.0457343608372437
0.54586485132263907 -0.04484037979447178

0.54586485132263907 -0.04484037979447178
0.54898407904448276 -0.043926085372559605

0.54898407904448276 -0.043926085372559605
0.54978753501884625 -0.043669188105811135

0.54978753501884625 -0.043669188105811135
0.55210330676632646 -0.042955353070674669

0.55210330676632646 -0.042955353070674669
0.55522253448817005 -0.041969404792464651

0.55522253448817005 -0.041969404792464651
0.55834176221001375 -0.040964156830901793

0.55834176221001375 -0.040964156830901793
0.55953788152437411 -0.040549960383967479

0.55953788152437411 -0.040549960383967479
0.56146098993185733 -0.039896335694934004

0.56146098993185733 -0.039896335694934004
0.56458021765370103 -0.038825953763458626

0.56458021765370103 -0.038825953763458626
0.56769944537554462 -0.037734626427481606

0.56769944537554462 -0.037734626427481606
0.56849352528376118 -0.037430732662123829

0.56849352528376118 -0.037430732662123829
0.57081867309738832 -0.036579668705929907

0.57081867309738832 -0.036579668705929907
0.57393790081923202 -0.035420200403619317

0.57393790081923202 -0.035420200403619317
0.57683920471771521 -0.034311504940280173

0.57683920471771521 -0.034311504940280173
0.5770571285410756 -0.034220670585133964

0.5770571285410756 -0.034220670585133964
0.5801763562629193 -0.033008984994351891

0.5801763562629193 -0.033008984994351891
0.58329558398476289 -0.031782361811171389

0.58329558398476289 -0.031782361811171389
0.58470729545937428 -0.03119227721843652

0.58470729545937428 -0.03119227721843652
0.58641481170660659 -0.030484924464940999

0.58641481170660659 -0.030484924464940999
0.58953403942845028 -0.029215882686885391

0.58953403942845028 -0.029215882686885391
0.59227136281184523 -0.028073049496592867

0.59227136281184523 -0.028073049496592867
0.59265326715029387 -0.027899876886936466

0.59265326715029387 -0.027899876886936466
0.59577249487213757 -0.026600262268953338

0.59577249487213757 -0.026600262268953338
0.59889172259398116 -0.025298772672531167

0.59889172259398116 -0.025298772672531167
0.59965243976267912 -0.024953821774749217

0.59965243976267912 -0.024953821774749217
0.60201095031582486 -0.023942640499604362

0.60201095031582486 -0.023942640499604362
0.60513017803766844 -0.022628900724087232

0.60513017803766844 -0.022628900724087232
0.60695120421684023 -0.021834594052905564

0.60695120421684023 -0.021834594052905564
0.60824940575951214 -0.021257797220964551

0.60824940575951214 -0.021257797220964551
0.61136863348135584 -0.019942534640969324

0.61136863348135584 -0.019942534640969324
0.61423039656889178 -0.018715366331061911

0.61423039656889178 -0.018715366331061911
0.61448786120319943 -0.018594121860224608

0.61448786120319943 -0.018594121860224608
0.61760708892504312 -0.017268714113395096

0.61760708892504312 -0.017268714113395096
0.62072631664688671 -0.015954568944122817

0.62072631664688671 -0.015954568944122817
0.62151429307142347 -0.015596138609218262

0.62151429307142347 -0.015596138609218262
0.62384554436873041 -0.014592170953879966

0.62384554436873041 -0.014592170953879966
0.62696477209057411 -0.013279184569811454

0.62696477209057411 -0.013279184569811454
0.62880983466794782 -0.012476910887374609

0.62880983466794782 -0.012476910887374609
0.63008399981241769 -0.011911653202358839

0.63008399981241769 -0.011911653202358839
0.63320322753426139 -0.010600774133268155

0.63320322753426139 -0.010600774133268155
0.63611450076784737 -0.0093576831655309573

0.63611450076784737 -0.0093576831655309573
0.63632245525610498 -0.009259845507820285

0.63632245525610498 -0.009259845507820285
0.63944168297794868 -0.0079394461643419872

0.63944168297794868 -0.0079394461643419872
0.64256091069979226 -0.0066345934655048077

0.64256091069979226 -0.0066345934655048077
0.64344441723208223 -0.0062384554436873043

0.64344441723208223 -0.0062384554436873043
0.64568013842163596 -0.0052826179373145279

0.64568013842163596 -0.0052826179373145279
0.64879936614347966 -0.0039837593574376332

0.64879936614347966 -0.0039837593574376332
0.65083051834965677 -0.0031192277218436521

0.65083051834965677 -0.0031192277218436521
0.65191859386532325 -0.0026408768588255249

0.65191859386532325 -0.0026408768588255249
0.65503782158716695 -0.0013599864815743265

0.65503782158716695 -0.0013599864815743265
0.65815704930901053 -7.6837887213303987e-05

0.65815704930901053 -7.6837887213303987e-05
0.65832735776820683 0

0.65832735776820683 0
0.66127627703085423 0.0012084850844836809

0.66127627703085423 0.0012084850844836809
0.66439550475269793 0.0024581809762146776

0.66439550475269793 0.0024581809762146776
0.66600619364627178 0.0031192277218436517

0.66600619364627178 0.0031192277218436517
0.66751473247454152 0.0037400051209331912

0.66751473247454152 0.0037400051209331912
0.67063396019638521 0.0049572922567652179

0.67063396019638521 0.0049572922567652179
0.6737531879182288 0.0061678397984542476

0.6737531879182288 0.0061678397984542476
0.67392080491173678 0.0062384554436873043

0.67392080491173678 0.0062384554436873043
0.6768724156400725 0.0073743982679506312

0.6768724156400725 0.0073743982679506312
0.6799916433619162 0.0085513220127570559

0.6799916433619162 0.0085513220127570559
0.68212276096172531 0.0093576831655309556

0.68212276096172531 0.0093576831655309556
0.68311087108375979 0.0097447344456330041

0.68311087108375979 0.0097447344456330041
0.68623009880560348 0.01088272527123021

0.68623009880560348 0.01088272527123021
0.68934932652744707 0.012010169994495175

0.68934932652744707 0.012010169994495175
0.69059413295287142 0.012476910887374609

0.69059413295287142 0.012476910887374609
0.69246855424929077 0.013166301698008875

0.69246855424929077 0.013166301698008875
0.69558778197113436 0.014275395260993399

0.69558778197113436 0.014275395260993399
0.69870700969297805 0.015371935922344718

0.69870700969297805 0.015371935922344718
0.6993063567424096 0.01559613860921826

0.6993063567424096 0.01559613860921826
0.70182623741482175 0.016486971444042334

0.70182623741482175 0.016486971444042334
0.70494546513666534 0.017571658600817733

0.70494546513666534 0.017571658600817733
0.70806469285850904 0.018643014873473907

0.70806469285850904 0.018643014873473907
0.70826083697002418 0.018715366331061915

0.70826083697002418 0.018715366331061915
0.71118392058035262 0.019712549122777222

0.71118392058035262 0.019712549122777222
0.71430314830219632 0.020761381144987934

0.71430314830219632 0.020761381144987934
0.71742237602404002 0.021792266365692606

0.71742237602404002 0.021792266365692606
0.7175423837471635 0.021834594052905568

0.7175423837471635 0.021834594052905568
0.72054160374588361 0.022812067599487226

0.72054160374588361 0.022812067599487226
0.72366083146772731 0.023808651736590077

0.72366083146772731 0.023808651736590077
0.72678005918957089 0.024774693996070907

0.72678005918957089 0.024774693996070907
0.72733675474620751 0.024953821774749217

0.72733675474620751 0.024953821774749217
0.72989928691141459 0.025736982944365092

0.72989928691141459 0.025736982944365092
0.73301851463325818 0.026660642232421487

0.73301851463325818 0.026660642232421487
0.73613774235510188 0.027555315229464136

0.73613774235510188 0.027555315229464136
0.73795414245012414 0.02807304949659287

0.73795414245012414 0.02807304949659287
0.73925697007694557 0.028448452154742419

0.73925697007694557 0.028448452154742419
0.74237619779878916 0.029295850795325422

0.74237619779878916 0.029295850795325422
0.74549542552063286 0.030133380660868115

0.74549542552063286 0.030133380660868115
0.74861465324247645 0.030949200105135341

0.74861465324247645 0.030949200105135341
0.74951735597657787 0.03119227721843652

0.74951735597657787 0.03119227721843652
0.75173388096432014 0.03177238526125449

0.75173388096432014 0.03177238526125449
0.75485310868616384 0.032569949914319052

0.75485310868616384 0.032569949914319052
0.75797233640800743 0.033361314705090336

0.75797233640800743 0.033361314705090336
0.76109156412985113 0.034139158501908594

0.76109156412985113 0.034139158501908594
0.76175698140005799 0.034311504940280173

0.76175698140005799 0.034311504940280173
0.76421079185169472 0.034924053359469194

0.76421079185169472 0.034924053359469194
0.76733001957353841 0.035688834047928712

0.76733001957353841 0.035688834047928712
0.77044924729538211 0.036444936675154291

0.77044924729538211 0.036444936675154291
0.7735684750172257 0.037183051920907366

0.7735684750172257 0.037183051920907366
0.77459742119217778 0.037430732662123822

0.77459742119217778 0.037430732662123822
0.7766877027390694 0.037923482786581628

0.7766877027390694 0.037923482786581628
0.77980693046091298 0.038634455100067452

0.77980693046091298 0.038634455100067452
0.78292615818275668 0.039329688244230221

0.78292615818275668 0.039329688244230221
0.78604538590460027 0.040004334590005707

0.78604538590460027 0.040004334590005707
0.78863665911301672 0.040549960383967479

0.78863665911301672 0.040549960383967479
0.78916461362644397 0.040665041623427343

0.78916461362644397 0.040665041623427343
0.79228384134828767 0.041295631742608807

0.79228384134828767 0.041295631742608807
0.79540306907013125 0.041909075233515301

0.79540306907013125 0.041909075233515301
0.79852229679197495 0.042502047051316612

0.79852229679197495 0.042502047051316612
0.80164152451381854 0.043075861400725626

0.80164152451381854 0.043075861400725626
0.80476075223566224 0.043631387159738196

0.80476075223566224 0.043631387159738196
0.80497023357946884 0.043669188105811128

0.80497023357946884 0.043669188105811128
0.80787997995750593 0.044174194585288436

0.80787997995750593 0.044174194585288436
0.81099920767934952 0.044700814009355744

0.81099920767934952 0.044700814009355744
0.81411843540119322 0.045215033054082615

0.81411843540119322 0.045215033054082615
0.81723766312303681 0.045718398719065308

0.81723766312303681 0.045718398719065308
0.8203568908448805 0.046211736096303691

0.8203568908448805 0.046211736096303691
0.82347611856672409 0.046692273190918794

0.82347611856672409 0.046692273190918794
0.82409439835903342 0.046788415827654778

0.82409439835903342 0.046788415827654778
0.82659534628856779 0.047168260130855913

0.82659534628856779 0.047168260130855913
0.82971457401041149 0.047630676503538083

0.82971457401041149 0.047630676503538083
0.83283380173225507 0.048081769217118334

0.83283380173225507 0.048081769217118334
0.83595302945409877 0.048519933798172155

0.83595302945409877 0.048519933798172155
0.83907225717594236 0.048944395815990568

0.83907225717594236 0.048944395815990568
0.84219148489778606 0.049354194017396963

0.84219148489778606 0.049354194017396963
0.84531071261962976 0.049746888873155211

0.84531071261962976 0.049746888873155211
0.84662199402030802 0.049907643549498434

0.84662199402030802 0.049907643549498434
0.84842994034147334 0.050128061061718139

0.84842994034147334 0.050128061061718139
0.85154916806331704 0.0504881163922202

0.85154916806331704 0.0504881163922202
0.85466839578516063 0.050832267371872575

0.85466839578516063 0.050832267371872575
0.85778762350700433 0.05115970634042892

0.85778762350700433 0.05115970634042892
0.86090685122884802 0.051471285417031575

0.86090685122884802 0.051471285417031575
0.86402607895069161 0.051768124806448657

0.86402607895069161 0.051768124806448657
0.86714530667253531 0.052051335572381639

0.86714530667253531 0.052051335572381639
0.8702645343943789 0.052322107982390315

0.8702645343943789 0.052322107982390315
0.8733837621162226 0.052581867729586042

0.8733837621162226 0.052581867729586042
0.87650298983806618 0.052832380090170189

0.87650298983806618 0.052832380090170189
0.87900151821992778 0.053026871271342084

0.87900151821992778 0.053026871271342084
0.87962221755990988 0.053075745582541183

0.87962221755990988 0.053075745582541183
0.88274144528175358 0.053310452260209792

0.88274144528175358 0.053310452260209792
0.88586067300359717 0.053538774536511242

0.88586067300359717 0.053538774536511242
0.88897990072544086 0.053760414775333228

0.88897990072544086 0.053760414775333228
0.89209912844728445 0.053975199739532589

0.89209912844728445 0.053975199739532589
0.89521835616912815 0.054182657234986283

0.89521835616912815 0.054182657234986283
0.89833758389097185 0.05438208421616559

0.89833758389097185 0.05438208421616559
0.90145681161281543 0.0545726289883618

0.90145681161281543 0.0545726289883618
0.90457603933465913 0.054753364127515532

0.90457603933465913 0.054753364127515532
0.90769526705650272 0.05492332517021678

0.90769526705650272 0.05492332517021678
0.91081449477834642 0.055081613444219996

0.91081449477834642 0.055081613444219996
0.91393372250019 0.055227483657435877

0.91393372250019 0.055227483657435877
0.9170529502220337 0.055360402361561249

0.9170529502220337 0.055360402361561249
0.9201721779438774 0.055480115309360242

0.9201721779438774 0.055480115309360242
0.92329140566572099 0.05558665152649872

0.92329140566572099 0.05558665152649872
0.92641063338756469 0.055680347705779114

0.92641063338756469 0.055680347705779114
0.92952986110940827 0.05576189122051399

0.92952986110940827 0.05576189122051399
0.93264908883125197 0.05583231428996116

0.93264908883125197 0.05583231428996116
0.93576831655309567 0.055892930957061396

0.93576831655309567 0.055892930957061396
0.93888754427493926 0.055945247392956074

0.93888754427493926 0.055945247392956074
0.94200677199678295 0.055990852097302951

0.94200677199678295 0.055990852097302951
0.94512599971862654 0.056031249059189263

0.94512599971862654 0.056031249059189263
0.94824522744047024 0.056067600751514068

0.94824522744047024 0.056067600751514068
0.95136445516231394 0.056100349202190196

0.95136445516231394 0.056100349202190196
0.95448368288415752 0.056129432848909214

0.95448368288415752 0.056129432848909214
0.95627714991561985 0.056146098993185733

0.95627714991561985 0.056146098993185733
0.95760291060600122 0.05615842489401273

0.95760291060600122 0.05615842489401273
0.96072213832784481 0.056192275888385025

0.96072213832784481 0.056192275888385025
0.96384136604968851 0.056232822499031943

0.96384136604968851 0.056232822499031943
0.9669605937715321 0.056277335445001249

0.9669605937715321 0.056277335445001249
0.97007982149337579 0.056321138727814933

0.97007982149337579 0.056321138727814933
0.97319904921521949 0.056362487124962855

0.97319904921521949 0.056362487124962855
0.97631827693706308 0.056401766202762826

0.97631827693706308 0.056401766202762826
0.97943750465890678 0.056439351548390436

0.97943750465890678 0.056439351548390436
0.98255673238075036 0.056474944243455893

0.98255673238075036 0.056474944243455893
0.98567596010259406 0.056508260833315567

0.98567596010259406 0.056508260833315567
0.98879518782443776 0.056538970573823087

0.98879518782443776 0.056538970573823087
0.99191441554628135 0.056566951731162524

0.99191441554628135 0.056566951731162524
0.99503364326812505 0.056592596310066551

0.99503364326812505 0.056592596310066551
0.99815287098996863 0.056617212013958015

0.99815287098996863 0.056617212013958015
1.0012720987118124 0.056642996295637106

1.0012720987118124 0.056642996295637106
1.0043913264336561 0.056672491313019636

1.0043913264336561 0.056672491313019636
1.0075105541554998 0.05670811178198451

1.0075105541554998 0.05670811178198451
1.0106297818773433 0.056751745518644127

1.0106297818773433 0.056751745518644127
1.013749009599187 0.056805108935530244

1.013749009599187 0.056805108935530244
1.0168682373210307 0.056870063174339604

1.0168682373210307 0.056870063174339604
1.0199874650428744 0.056948696490094416

1.0199874650428744 0.056948696490094416
1.0231066927647179 0.057042973451294318

1.0231066927647179 0.057042973451294318
1.0262259204865616 0.057153805641096317

1.0262259204865616 0.057153805641096317
1.0293451482084053 0.057281101104779367

1.0293451482084053 0.057281101104779367
1.032464375930249 0.057424202830592748

1.032464375930249 0.057424202830592748
1.0355836036520927 0.057582442604832612

1.0355836036520927 0.057582442604832612
1.0387028313739362 0.057755295559202925

1.0387028313739362 0.057755295559202925
1.0418220590957799 0.057941933564334969

1.0418220590957799 0.057941933564334969
1.0449412868176235 0.058141512422597026

1.0449412868176235 0.058141512422597026
1.0480605145394672 0.05835335668696124

1.0480605145394672 0.05835335668696124
1.0511797422613109 0.058576888748123807

1.0511797422613109 0.058576888748123807
1.0542989699831544 0.058812155686472051

1.0542989699831544 0.058812155686472051
1.0574181977049981 0.059059524359413043

1.0574181977049981 0.059059524359413043
1.0598763468895884 0.05926532671502939

1.0598763468895884 0.05926532671502939
1.0605374254268418 0.059321380115243329

1.0605374254268418 0.059321380115243329
1.0636566531486855 0.059595303912987091

1.0636566531486855 0.059595303912987091
1.0667758808705292 0.059885134349526893

1.0667758808705292 0.059885134349526893
1.0698951085923727 0.060191928848830394

1.0698951085923727 0.060191928848830394
1.0730143363142164 0.06051768762651473

1.0730143363142164 0.06051768762651473
1.0761335640360601 0.060863948006473795

1.0761335640360601 0.060863948006473795
1.0792527917579038 0.061232072700754127

1.0792527917579038 0.061232072700754127
1.0823720194797475 0.061623709707387134

1.0823720194797475 0.061623709707387134
1.085491247201591 0.062039881395624108

1.085491247201591 0.062039881395624108
1.0879137874844518 0.06238455443687304

1.0879137874844518 0.06238455443687304
1.0886104749234347 0.06248577905880786

1.0886104749234347 0.06248577905880786
1.0917297026452784 0.062953868946819092

1.0917297026452784 0.062953868946819092
1.0948489303671221 0.06345140180372745

1.0948489303671221 0.06345140180372745
1.0979681580889658 0.063975281339418738

1.0979681580889658 0.063975281339418738
1.1010873858108092 0.064524542715486993

1.1010873858108092 0.064524542715486993
1.1042066135326529 0.06509579710370958

1.1042066135326529 0.06509579710370958
1.106333296744743 0.065503782158716703

1.106333296744743 0.065503782158716703
1.1073258412544966 0.065697746190066478

1.1073258412544966 0.065697746190066478
1.1104450689763403 0.066310011395838975

1.1104450689763403 0.066310011395838975
1.1135642966981838 0.066945803544192814

1.1135642966981838 0.066945803544192814
1.1166835244200275 0.067598426728460642

1.1166835244200275 0.067598426728460642
1.1198027521418712 0.068261293075440196

1.1198027521418712 0.068261293075440196
1.1214410990987125 0.068623009880560346

1.1214410990987125 0.068623009880560346
1.1229219798637149 0.06895104468670997

1.1229219798637149 0.06895104468670997
1.1260412075855586 0.069639199298252255

1.1260412075855586 0.069639199298252255
1.1291604353074021 0.070344744476933105

1.1291604353074021 0.070344744476933105
1.1322796630292458 0.071061142808626881

1.1322796630292458 0.071061142808626881
1.1352028137398957 0.071742237602404002

1.1352028137398957 0.071742237602404002
1.1353988907510895 0.071790395320510042

1.1353988907510895 0.071790395320510042
1.1385181184729332 0.072526199614365086

1.1385181184729332 0.072526199614365086
1.1416373461947769 0.073277251337257071

1.1416373461947769 0.073277251337257071
1.1447565739166203 0.074040776134266295

1.1447565739166203 0.074040776134266295
1.147875801638464 0.074814337770028078

1.147875801638464 0.074814337770028078
1.1480512307279043 0.074861465324247659

1.1480512307279043 0.074861465324247659
1.1509950293603077 0.075608325445240251

1.1509950293603077 0.075608325445240251
1.1541142570821514 0.076416208373403433

1.1541142570821514 0.076416208373403433
1.1572334848039951 0.077239910469592568

1.1572334848039951 0.077239910469592568
1.1599827966687903 0.077980693046091315

1.1599827966687903 0.077980693046091315
1.1603527125258386 0.078085829929381428

1.1603527125258386 0.078085829929381428
1.1634719402476823 0.078935539852713982

1.1634719402476823 0.078935539852713982
1.166591167969526 0.079805964130579513

1.166591167969526 0.079805964130579513
1.1697103956913697 0.08068080661617813

1.1697103956913697 0.08068080661617813
1.1711427148016942 0.081099920767934958

1.1711427148016942 0.081099920767934958
1.1728296234132134 0.081590784784190795

1.1728296234132134 0.081590784784190795
1.1759488511350569 0.082485556351978295

1.1759488511350569 0.082485556351978295
1.1790680788569006 0.083393197739230929

1.1790680788569006 0.083393197739230929
1.1818966953092787 0.084219148489778614

1.1818966953092787 0.084219148489778614
1.1821873065787443 0.084309365947510762

1.1821873065787443 0.084309365947510762
1.185306534300588 0.085214578836885574

1.185306534300588 0.085214578836885574
1.1884257620224317 0.086123934910760119

1.1884257620224317 0.086123934910760119
1.1915449897442751 0.087019578266284731

1.1915449897442751 0.087019578266284731
1.1926154028283762 0.087338376211622271

1.1926154028283762 0.087338376211622271
1.1946642174661188 0.087934488259735044

1.1946642174661188 0.087934488259735044
1.1977834451879625 0.088823550763956677

1.1977834451879625 0.088823550763956677
1.2009026729098062 0.089710041306408389

1.2009026729098062 0.089710041306408389
1.2035517675205789 0.090457603933465913

1.2035517675205789 0.090457603933465913
1.2040219006316497 0.09059709113634673

1.2040219006316497 0.09059709113634673
1.2071411283534934 0.091459830319702923

1.2071411283534934 0.091459830319702923
1.2102603560753371 0.092321505486986422

1.2102603560753371 0.092321505486986422
1.2133795837971808 0.093168034159524182

1.2133795837971808 0.093168034159524182
1.2148572951494752 0.09357683165530957

1.2148572951494752 0.09357683165530957
1.2164988115190245 0.09402915572163667

1.2164988115190245 0.09402915572163667
1.219618039240868 0.094861682003196612

1.219618039240868 0.094861682003196612
1.2227372669627117 0.095694758324761237

1.2227372669627117 0.095694758324761237
1.2258564946845554 0.096516379469203342

1.2258564946845554 0.096516379469203342
1.2265073989535649 0.096696059377153226

1.2265073989535649 0.096696059377153226
1.2289757224063991 0.097350963859403256

1.2289757224063991 0.097350963859403256
1.2320949501282428 0.098170440984055349

1.2320949501282428 0.098170440984055349
1.2352141778500862 0.098988795064433699

1.2352141778500862 0.098988795064433699
1.2383334055719299 0.099803282624856438

1.2383334055719299 0.099803282624856438
1.2383766297366454 0.099815287098996869

1.2383766297366454 0.099815287098996869
1.2414526332937736 0.10061541024876396

1.2414526332937736 0.10061541024876396
1.2445718610156173 0.1014220800887176

1.2445718610156173 0.1014220800887176
1.247691088737461 0.10222284925181628

1.247691088737461 0.10222284925181628
1.2504824778664125 0.10293451482084053

1.2504824778664125 0.10293451482084053
1.2508103164593045 0.10302250118275785

1.2508103164593045 0.10302250118275785
1.2539295441811482 0.10380526735161971

1.2539295441811482 0.10380526735161971
1.2570487719029919 0.10458428556034298

1.2570487719029919 0.10458428556034298
1.2601679996248356 0.105354283807832

1.2601679996248356 0.105354283807832
1.2630345983603157 0.10605374254268418

1.2630345983603157 0.10605374254268418
1.2632872273466793 0.10611867836882402

1.2632872273466793 0.10611867836882402
1.2664064550685228 0.10686633057361646

1.2664064550685228 0.10686633057361646
1.2695256827903665 0.10760750472385237

1.2695256827903665 0.10760750472385237
1.2726449105122102 0.10833881887666906

1.2726449105122102 0.10833881887666906
1.2757641382340539 0.10905624325468669

1.2757641382340539 0.10905624325468669
1.2762541137409213 0.10917297026452782

1.2762541137409213 0.10917297026452782
1.2788833659558976 0.10977449863396355

1.2788833659558976 0.10977449863396355
1.2820025936777411 0.11047672643767928

1.2820025936777411 0.11047672643767928
1.2851218213995848 0.11117138617268987

1.2851218213995848 0.11117138617268987
1.2882410491214284 0.11185525180963397

1.2882410491214284 0.11185525180963397
1.2902330878072985 0.11229219798637148

1.2902330878072985 0.11229219798637148
1.2913602768432721 0.1125431791668012

1.2913602768432721 0.1125431791668012
1.2944795045651156 0.11320927412759538

1.2944795045651156 0.11320927412759538
1.2975987322869593 0.11387308985591285

1.2975987322869593 0.11387308985591285
1.300717960008803 0.11452980929296644

1.300717960008803 0.11452980929296644
1.3038371877306467 0.11517570547642732

1.3038371877306467 0.11517570547642732
1.3049527528378517 0.11541142570821514

1.3049527528378517 0.11541142570821514
1.3069564154524904 0.11582841532336469

1.3069564154524904 0.11582841532336469
1.3100756431743339 0.1164639015353416

1.3100756431743339 0.1164639015353416
1.3131948708961776 0.11709565643601658

1.3131948708961776 0.11709565643601658
1.3163140986180213 0.11772159489771654

1.3163140986180213 0.11772159489771654
1.319433326339865 0.11833727482762553

1.319433326339865 0.11833727482762553
1.320392239804383 0.11853065343005878

1.320392239804383 0.11853065343005878
1.3225525540617087 0.11895789643101787

1.3225525540617087 0.11895789643101787
1.3256717817835522 0.11956314602465365

1.3256717817835522 0.11956314602465365
1.3287910095053959 0.12016332578368899

1.3287910095053959 0.12016332578368899
1.3319102372272396 0.12075628136580947

1.3319102372272396 0.12075628136580947
1.3350294649490833 0.12133854201004675

1.3350294649490833 0.12133854201004675
1.3366944340747677 0.12164988115190244

1.3366944340747677 0.12164988115190244
1.338148692670927 0.12192258496710862

1.338148692670927 0.12192258496710862
1.3412679203927704 0.122487500755568

1.3412679203927704 0.122487500755568
1.3443871481146141 0.12304668796860123

1.3443871481146141 0.12304668796860123
1.3475063758364578 0.12359651146619907

1.3475063758364578 0.12359651146619907
1.3506256035583015 0.12413728419780144

1.3506256035583015 0.12413728419780144
1.3537448312801452 0.1246675753138059

1.3537448312801452 0.1246675753138059
1.3543306238911981 0.12476910887374609

1.3543306238911981 0.12476910887374609
1.3568640590019887 0.12519650343789432

1.3568640590019887 0.12519650343789432
1.3599832867238324 0.12571372050777296

1.3599832867238324 0.12571372050777296
1.3631025144456761 0.12622555988783646

1.3631025144456761 0.12622555988783646
1.3662217421675198 0.12673252294147738

1.3662217421675198 0.12673252294147738
1.3693409698893635 0.12723575773243942

1.3693409698893635 0.12723575773243942
1.372460197611207 0.12773380537189119

1.372460197611207 0.12773380537189119
1.3734068097195817 0.12788833659558974

1.3734068097195817 0.12788833659558974
1.3755794253330507 0.12823738136065435

1.3755794253330507 0.12823738136065435
1.3786986530548944 0.12873392074513446

1.3786986530548944 0.12873392074513446
1.3818178807767381 0.12923125956763604

1.3818178807767381 0.12923125956763604
1.3849371084985815 0.12972879446384478

1.3849371084985815 0.12972879446384478
1.3880563362204252 0.13022571782963216

1.3880563362204252 0.13022571782963216
1.3911755639422689 0.13071853902924535

1.3911755639422689 0.13071853902924535
1.3930006683818239 0.13100756431743341

1.3930006683818239 0.13100756431743341
1.3942947916641126 0.13121384916924261

1.3942947916641126 0.13121384916924261
1.3974140193859563 0.13169586032169986

1.3974140193859563 0.13169586032169986
1.4005332471077998 0.13217337838764365

1.4005332471077998 0.13217337838764365
1.4036524748296435 0.13264213501931169

1.4036524748296435 0.13264213501931169
1.4067717025514872 0.13310065132594581

1.4067717025514872 0.13310065132594581
1.4098909302733309 0.13354783997748518

1.4098909302733309 0.13354783997748518
1.4130101579951746 0.13398115966354221

1.4130101579951746 0.13398115966354221
1.414066700861929 0.13412679203927705

1.414066700861929 0.13412679203927705
1.4161293857170181 0.13440783884208204

1.4161293857170181 0.13440783884208204
1.4192486134388618 0.13481727365391408

1.4192486134388618 0.13481727365391408
1.4223678411607055 0.13521486813230915

1.4223678411607055 0.13521486813230915
1.4254870688825492 0.13559989895102506

1.4254870688825492 0.13559989895102506
1.4286062966043929 0.13597366856490983

1.4286062966043929 0.13597366856490983
1.4317255243262363 0.1363374807022551

1.4317255243262363 0.1363374807022551
1.43484475204808 0.13669226110271238

1.43484475204808 0.13669226110271238
1.4379639797699237 0.13703842432206487

1.4379639797699237 0.13703842432206487
1.4398651296178728 0.13724601976112069

1.4398651296178728 0.13724601976112069
1.4410832074917674 0.13737978329060746

1.4410832074917674 0.13737978329060746
1.4442024352136111 0.13771047656718899

1.4442024352136111 0.13771047656718899
1.4473216629354546 0.13803570474047078

1.4473216629354546 0.13803570474047078
1.4504408906572983 0.13835382719081271

1.4504408906572983 0.13835382719081271
1.453560118379142 0.1386639559076602

1.453560118379142 0.1386639559076602
1.4566793461009857 0.13896500955664051

1.4566793461009857 0.13896500955664051
1.4597985738228294 0.13925625987440085

1.4597985738228294 0.13925625987440085
1.4629178015446729 0.13953685697238974

1.4629178015446729 0.13953685697238974
1.4660370292665166 0.13980565896716823

1.4660370292665166 0.13980565896716823
1.4691562569883603 0.14006162909270667

1.4691562569883603 0.14006162909270667
1.472275484710204 0.14030351089061102

1.472275484710204 0.14030351089061102
1.4731099505290686 0.14036524748296436

1.4731099505290686 0.14036524748296436
1.4753947124320475 0.14053274297379298

1.4753947124320475 0.14053274297379298
1.4785139401538911 0.14074659159935449

1.4785139401538911 0.14074659159935449
1.4816331678757348 0.14094645856601601

1.4816331678757348 0.14094645856601601
1.4847523955975785 0.14113236807703108

1.4847523955975785 0.14113236807703108
1.4878716233194222 0.14130475248887639

1.4878716233194222 0.14130475248887639
1.4909908510412657 0.1414643178366502

1.4909908510412657 0.1414643178366502
1.4941100787631094 0.14161184401813129

1.4941100787631094 0.14161184401813129
1.4972293064849531 0.14174806318777777

1.4972293064849531 0.14174806318777777
1.5003485342067968 0.14187355227049897

1.5003485342067968 0.14187355227049897
1.5034677619286405 0.1419887196389385

1.5034677619286405 0.1419887196389385
1.506586989650484 0.14209382310256077

1.506586989650484 0.14209382310256077
1.5097062173723277 0.14218881358604971

1.5097062173723277 0.14218881358604971
1.5128254450941714 0.14227324297102609

1.5128254450941714 0.14227324297102609
1.5159446728160151 0.14234628775235139

1.5159446728160151 0.14234628775235139
1.5190639005378588 0.14240676984769401

1.5190639005378588 0.14240676984769401
1.5221831282597023 0.1424533638112723

1.5221831282597023 0.1424533638112723
1.525302355981546 0.1424848195672847

1.525302355981546 0.1424848195672847
1.5284215837033897 0.14249997156489078

1.5284215837033897 0.14249997156489078
1.5315408114252334 0.14249768622122655

1.5315408114252334 0.14249768622122655
1.534660039147077 0.14247697608124701

1.534660039147077 0.14247697608124701
1.5377792668689205 0.14243718252368437

1.5377792668689205 0.14243718252368437
1.5408984945907642 0.14237812814824036

1.5408984945907642 0.14237812814824036
1.5440177223126079 0.14230024925916693

1.5440177223126079 0.14230024925916693
1.5471369500344516 0.14220435343265073

1.5471369500344516 0.14220435343265073
1.5502561777562953 0.14209121910774969

1.5502561777562953 0.14209121910774969
1.5533754054781388 0.14196189910337559

1.5533754054781388 0.14196189910337559
1.5564946331999825 0.14181763700988931

1.5564946331999825 0.14181763700988931
1.5596138609218262 0.14165921944713195

1.5596138609218262 0.14165921944713195
1.5627330886436699 0.14148799061780074

1.5627330886436699 0.14148799061780074
1.5658523163655134 0.14130580311537308

1.5658523163655134 0.14130580311537308
1.5689715440873571 0.14111298528053293

1.5689715440873571 0.14111298528053293
1.5720907718092008 0.14091042451634098

1.5720907718092008 0.14091042451634098
1.5752099995310445 0.14069984115610817

1.5752099995310445 0.14069984115610817
1.5783292272528882 0.14047967210234011

1.5783292272528882 0.14047967210234011
1.5798811738017768 0.14036524748296436

1.5798811738017768 0.14036524748296436
1.5814484549747316 0.14024968492493078

1.5814484549747316 0.14024968492493078
1.5845676826965753 0.14001218760972001

1.5845676826965753 0.14001218760972001
1.587686910418419 0.13976072381771898

1.587686910418419 0.13976072381771898
1.5908061381402627 0.13949659303607514

1.5908061381402627 0.13949659303607514
1.5939253658621064 0.13921901176672732

1.5939253658621064 0.13921901176672732
1.5970445935839499 0.13892761980322074

1.5970445935839499 0.13892761980322074
1.6001638213057936 0.1386226111203718

1.6001638213057936 0.1386226111203718
1.6032830490276373 0.13830272548050135

1.6032830490276373 0.13830272548050135
1.606402276749481 0.13796683211497188

1.606402276749481 0.13796683211497188
1.6095215044713247 0.13761618071668175

1.6095215044713247 0.13761618071668175
1.6126407321931682 0.13725105919868769

1.6126407321931682 0.13725105919868769
1.6126808522929059 0.13724601976112069

1.6126808522929059 0.13724601976112069
1.6157599599150119 0.13687051802359212

1.6157599599150119 0.13687051802359212
1.6188791876368556 0.13647462200429347

1.6188791876368556 0.13647462200429347
1.6219984153586993 0.13606173222041534

1.6219984153586993 0.13606173222041534
1.625117643080543 0.13563286481671025

1.625117643080543 0.13563286481671025
1.6282368708023864 0.13519061182158565

1.6282368708023864 0.13519061182158565
1.6313560985242301 0.13473581155235775

1.6313560985242301 0.13473581155235775
1.6344753262460738 0.13426959481729203

1.6344753262460738 0.13426959481729203
1.6353842888038861 0.13412679203927705

1.6353842888038861 0.13412679203927705
1.6375945539679175 0.13378503732964983

1.6375945539679175 0.13378503732964983
1.6375945539679175 0.13378503732964983

1.6375945539679175 0.13378503732964983
1.640713781689761 0.13329477542996124

1.640713781689761 0.13329477542996124
1.6438330094116047 0.13279160824648106

1.6438330094116047 0.13279160824648106
1.6469522371334484 0.13227802744474992

1.6469522371334484 0.13227802744474992
1.6500714648552921 0.13175398168912564

1.6500714648552921 0.13175398168912564
1.6531906925771358 0.13122432993920813

1.6531906925771358 0.13122432993920813
1.6544298843699461 0.13100756431743341

1.6544298843699461 0.13100756431743341
1.6563099202989793 0.13068162481187193

1.6563099202989793 0.13068162481187193
1.659429148020823 0.13014300623156486

1.659429148020823 0.13014300623156486
1.6625483757426667 0.12959575825235317

1.6625483757426667 0.12959575825235317
1.6656676034645104 0.12904393251289273

1.6656676034645104 0.12904393251289273
1.6687868311863541 0.12848740912128681

1.6687868311863541 0.12848740912128681
1.6719060589081975 0.12792560224469285

1.6719060589081975 0.12792560224469285
1.6721012639420565 0.12788833659558974

1.6721012639420565 0.12788833659558974
1.6750252866300412 0.12735230474466241

1.6750252866300412 0.12735230474466241
1.6781445143518849 0.12677135293851494

1.6781445143518849 0.12677135293851494
1.6812637420737286 0.12617941035550362

1.6812637420737286 0.12617941035550362
1.6843829697955723 0.12557411759593778

1.6843829697955723 0.12557411759593778
1.6875021975174158 0.12495790754205245

1.6875021975174158 0.12495790754205245
1.6884047732579934 0.12476910887374609

1.6884047732579934 0.12476910887374609
1.6906214252392595 0.12431518906497738

1.6906214252392595 0.12431518906497738
1.6937406529611032 0.12366672930672654

1.6937406529611032 0.12366672930672654
1.6968598806829469 0.12300133081123762

1.6968598806829469 0.12300133081123762
1.6999791084047906 0.1223215162853795

1.6999791084047906 0.1223215162853795
1.7029981270280385 0.12164988115190244

1.7029981270280385 0.12164988115190244
1.7030983361266341 0.12162635057621621

1.7030983361266341 0.12162635057621621
1.7062175638484778 0.12092083641745766

1.7062175638484778 0.12092083641745766
1.7093367915703215 0.12020320766607667

1.7093367915703215 0.12020320766607667
1.7124560192921652 0.11947725340745405

1.7124560192921652 0.11947725340745405
1.7155752470140089 0.11875040715746724

1.7155752470140089 0.11875040715746724
1.7164751699169245 0.11853065343005878

1.7164751699169245 0.11853065343005878
1.7186944747358524 0.11800228676545128

1.7186944747358524 0.11800228676545128
1.721813702457696 0.1172610724178894

1.721813702457696 0.1172610724178894
1.7249329301795397 0.11651171631635572

1.7249329301795397 0.11651171631635572
1.7280521579013834 0.11576564017829606

1.7280521579013834 0.11576564017829606
1.7294911866653928 0.11541142570821514

1.7294911866653928 0.11541142570821514
1.7311713856232269 0.11499975506470567

1.7311713856232269 0.11499975506470567
1.7342906133450706 0.1142451448405464

1.7342906133450706 0.1142451448405464
1.7374098410669143 0.11347592214045979

1.7374098410669143 0.11347592214045979
1.740529068788758 0.11270395340734302

1.740529068788758 0.11270395340734302
1.7421392216870812 0.11229219798637148

1.7421392216870812 0.11229219798637148
1.7436482965106017 0.11190534985910995

1.7436482965106017 0.11190534985910995
1.7467675242324452 0.11111575435542465

1.7467675242324452 0.11111575435542465
1.7498867519542889 0.11030665817180915

1.7498867519542889 0.11030665817180915
1.7530059796761326 0.10949131348608128

1.7530059796761326 0.10949131348608128
1.7541596062402396 0.10917297026452782

1.7541596062402396 0.10917297026452782
1.7561252073979763 0.10863982908023105

1.7561252073979763 0.10863982908023105
1.75924443511982 0.10779107404749488

1.75924443511982 0.10779107404749488
1.7623636628416635 0.10692012527293406

1.7623636628416635 0.10692012527293406
1.7654090404329155 0.10605374254268418

1.7654090404329155 0.10605374254268418
1.7654828905635072 0.10603119080810049

1.7654828905635072 0.10603119080810049
1.7686021182853509 0.10513020452276547

1.7686021182853509 0.10513020452276547
1.7717213460071946 0.10421250138886247

1.7717213460071946 0.10421250138886247
1.7748405737290383 0.10329102694632017

1.7748405737290383 0.10329102694632017
1.7759823196385682 0.10293451482084053

1.7759823196385682 0.10293451482084053
1.7779598014508817 0.10232940173753112

1.7779598014508817 0.10232940173753112
1.7810790291727254 0.10137813985788106

1.7810790291727254 0.10137813985788106
1.7841982568945691 0.10041554935766507

1.7841982568945691 0.10041554935766507
1.7860839950639893 0.099815287098996869

1.7860839950639893 0.099815287098996869
1.7873174846164128 0.099415821386988151

1.7873174846164128 0.099415821386988151
1.7904367123382565 0.09843565990484239

1.7904367123382565 0.09843565990484239
1.7935559400601 0.097438230134685763

1.7935559400601 0.097438230134685763
1.795833862225988 0.096696059377153226

1.795833862225988 0.096696059377153226
1.7966751677819437 0.096411173238608566

1.7966751677819437 0.096411173238608566
1.7997943955037874 0.095405039414804965

1.7997943955037874 0.095405039414804965
1.8029136232256311 0.094381092578939826

1.8029136232256311 0.094381092578939826
1.8053210707500824 0.09357683165530957

1.8053210707500824 0.09357683165530957
1.8060328509474748 0.0933276210533769

1.8060328509474748 0.0933276210533769
1.8091520786693183 0.092290522649597487

1.8091520786693183 0.092290522649597487
1.812271306391162 0.091232377106975349

1.812271306391162 0.091232377106975349
1.8144947214076017 0.090457603933465913

1.8144947214076017 0.090457603933465913
1.8153905341130057 0.090133204644483281

1.8153905341130057 0.090133204644483281
1.8185097618348494 0.089050925223119193

1.8185097618348494 0.089050925223119193
1.8216289895566928 0.087948606137820712

1.8216289895566928 0.087948606137820712
1.8232770790538173 0.087338376211622271

1.8232770790538173 0.087338376211622271
1.8247482172785365 0.086790378773094992

1.8247482172785365 0.086790378773094992
1.8278674450003802 0.085653251254047616

1.8278674450003802 0.085653251254047616
1.8309866727222239 0.084497833638188927

1.8309866727222239 0.084497833638188927
1.8316746667644332 0.084219148489778614

1.8316746667644332 0.084219148489778614
1.8341059004440676 0.08328637695976715

1.8341059004440676 0.08328637695976715
1.8372251281659111 0.082082718191453713

1.8372251281659111 0.082082718191453713
1.839702105714156 0.081099920767934958

1.839702105714156 0.081099920767934958
1.8403443558877548 0.080829080186415825

1.8403443558877548 0.080829080186415825
1.8434635836095985 0.079592959503295743

1.8434635836095985 0.079592959503295743
1.8465828113314422 0.078338241477534723

1.8465828113314422 0.078338241477534723
1.8473960493272468 0.077980693046091315

1.8473960493272468 0.077980693046091315
1.8497020390532859 0.077016833845281421

1.8497020390532859 0.077016833845281421
1.8528212667751294 0.075721959907072936

1.8528212667751294 0.075721959907072936
1.8548080567506877 0.074861465324247659

1.8548080567506877 0.074861465324247659
1.8559404944969731 0.074355619112038432

1.8559404944969731 0.074355619112038432
1.8590597222188168 0.073026919290910527

1.8590597222188168 0.073026919290910527
1.8619889475771538 0.071742237602404002

1.8619889475771538 0.071742237602404002
1.8621789499406605 0.07164996952325571

1.8621789499406605 0.07164996952325571
1.8652981776625042 0.070277000211620352

1.8652981776625042 0.070277000211620352
1.8684174053843476 0.068898951414371509

1.8684174053843476 0.068898951414371509
1.8689785686266858 0.068623009880560346

1.8689785686266858 0.068623009880560346
1.8715366331061913 0.067456090434462657

1.8715366331061913 0.067456090434462657
1.874655860828035 0.06604942833150898

1.874655860828035 0.06604942833150898
1.875767450513254 0.065503782158716703

1.875767450513254 0.065503782158716703
1.8777750885498787 0.064551059984801373

1.8777750885498787 0.064551059984801373
1.8808943162717224 0.063111170915016737

1.8808943162717224 0.063111170915016737
1.8823545860066107 0.06238455443687304

1.8823545860066107 0.06238455443687304
1.8840135439935659 0.061564765999695487

1.8840135439935659 0.061564765999695487
1.8871327717154096 0.060084861887158725

1.8871327717154096 0.060084861887158725
1.8887299943056439 0.05926532671502939

1.8887299943056439 0.05926532671502939
1.8902519994372533 0.058480940035146291

1.8902519994372533 0.058480940035146291
1.893371227159097 0.056949098554332778

1.893371227159097 0.056949098554332778
1.8948680042903738 0.056146098993185733

1.8948680042903738 0.056146098993185733
1.8964904548809407 0.055279209338679317

1.8964904548809407 0.055279209338679317
1.8996096826027842 0.053693020467484136

1.8996096826027842 0.053693020467484136
1.9007870349637652 0.053026871271342084

1.9007870349637652 0.053026871271342084
1.9027289103246279 0.051963749711011441

1.9027289103246279 0.051963749711011441
1.9058481380464716 0.050311290063214227

1.9058481380464716 0.050311290063214227
1.9065096985814425 0.049907643549498434

1.9065096985814425 0.049907643549498434
1.9089673657683153 0.048527664125281637

1.9089673657683153 0.048527664125281637
1.9120514638816808 0.046788415827654778

1.9120514638816808 0.046788415827654778
1.9120865934901587 0.046765536269252547

1.9120865934901587 0.046765536269252547
1.9152058212120024 0.044990499999676727

1.9152058212120024 0.044990499999676727
1.9174502089396921 0.043669188105811128

1.9174502089396921 0.043669188105811128
1.9183250489338461 0.043117974675931647

1.9183250489338461 0.043117974675931647
1.9214442766556898 0.041358568012614068

1.9214442766556898 0.041358568012614068
1.9227233196724185 0.040549960383967479

1.9227233196724185 0.040549960383967479
1.9245635043775335 0.039417394253171097

1.9245635043775335 0.039417394253171097
1.927682732099377 0.037563441877940827

1.927682732099377 0.037563441877940827
1.9278735636034505 0.037430732662123822

1.9278735636034505 0.037430732662123822
1.9308019598212207 0.035639949639375307

1.9308019598212207 0.035639949639375307
1.9328908263656359 0.034311504940280173

1.9328908263656359 0.034311504940280173
1.9339211875430644 0.033618330677671518

1.9339211875430644 0.033618330677671518
1.9370404152649081 0.031729988007244136

1.9370404152649081 0.031729988007244136
1.9378020718167901 0.03119227721843652

1.9378020718167901 0.03119227721843652
1.9401596429867518 0.029653819585067163

1.9401596429867518 0.029653819585067163
1.942540301452669 0.02807304949659287

1.942540301452669 0.02807304949659287
1.9432788707085953 0.027538919171044646

1.9432788707085953 0.027538919171044646
1.946398098430439 0.02553998469370233

1.946398098430439 0.02553998469370233
1.9471872308777667 0.024953821774749217

1.9471872308777667 0.024953821774749217
1.9495173261522827 0.023346257396789125

1.9495173261522827 0.023346257396789125
1.9516466724336796 0.021834594052905568

1.9516466724336796 0.021834594052905568
1.9526365538741264 0.021087914081300049

1.9526365538741264 0.021087914081300049
1.9557557815959701 0.018938629545998675

1.9557557815959701 0.018938629545998675
1.9560345785389417 0.018715366331061915

1.9560345785389417 0.018715366331061915
1.9588750093178136 0.016664759133745176

1.9588750093178136 0.016664759133745176
1.9602343033481131 0.01559613860921826

1.9602343033481131 0.01559613860921826
1.9619942370396573 0.014233593906862352

1.9619942370396573 0.014233593906862352
1.9642908238887098 0.012476910887374609

1.9642908238887098 0.012476910887374609
1.9651134647615009 0.011804223038262521

1.9651134647615009 0.011804223038262521
1.9682326924833446 0.0094651044167608465

1.9682326924833446 0.0094651044167608465
1.9683590389990906 0.0093576831655309556

1.9683590389990906 0.0093576831655309556
1.9713519202051883 0.0070385652846254847

1.9713519202051883 0.0070385652846254847
1.9722899080976279 0.0062384554436873043

1.9722899080976279 0.0062384554436873043
1.9744711479270318 0.0044499948474962196

1.9744711479270318 0.0044499948474962196
1.9760306091010995 0.0031192277218436517

1.9760306091010995 0.0031192277218436517
1.9775903756488755 0.0017806691659970196

1.9775903756488755 0.0017806691659970196
1.9796702209167634 0

1.9796702209167634 0
1.9807096033707192 -0.0009231572135841602

1.9807096033707192 -0.0009231572135841602
1.9807096033707192 -0.0009231572135841602

1.9807096033707192 -0.0009231572135841602
1.9832567102468273 -0.0031192277218436521

1.9832567102468273 -0.0031192277218436521
1.9838288310925629 -0.0036411503200413794

1.9838288310925629 -0.0036411503200413794
1.9838288310925629 -0.0036411503200413794

1.9838288310925629 -0.0036411503200413794
1.9868041734982138 -0.0062384554436873043

1.9868041734982138 -0.0062384554436873043
1.9869480588144066 -0.0063725740362842375

1.9869480588144066 -0.0063725740362842375
1.9900672865362501 -0.0091493725347694503

1.9900672865362501 -0.0091493725347694503
1.9902870817143201 -0.0093576831655309573

1.9902870817143201 -0.0093576831655309573
1.9931865142580938 -0.012027072226904497

1.9931865142580938 -0.012027072226904497
1.9936538507347155 -0.012476910887374609

1.9936538507347155 -0.012476910887374609
1.9963057419799375 -0.014998061634038534

1.9963057419799375 -0.014998061634038534
1.9963057419799375 -0.014998061634038534

1.9963057419799375 -0.014998061634038534
1.996917478611923 -0.015596138609218262

1.996917478611923 -0.015596138609218262
1.9994249697017812 -0.01804601322650827

1.9994249697017812 -0.01804601322650827
2.0000989895717165 -0.018715366331061911

2.0000989895717165 -0.018715366331061911
2.0025441974236244 -0.021166594084800417

2.0025441974236244 -0.021166594084800417
2.0032056105919427 -0.021834594052905564

2.0032056105919427 -0.021834594052905564
2.0056634251454684 -0.024367663152388513

2.0056634251454684 -0.024367663152388513
2.0062337286105736 -0.024953821774749217

2.0062337286105736 -0.024953821774749217
2.0087826528673118 -0.027659254479000635

2.0087826528673118 -0.027659254479000635
2.009179088635296 -0.028073049496592867

2.009179088635296 -0.028073049496592867
2.0119018805891553 -0.031055824186864867

2.0119018805891553 -0.031055824186864867
2.0120307646215791 -0.03119227721843652

2.0120307646215791 -0.03119227721843652
2.0147866598533208 -0.034311504940280173

2.0147866598533208 -0.034311504940280173
2.0150211083109992 -0.034564941002329645

2.0150211083109992 -0.034564941002329645
2.0175000169906459 -0.037430732662123829

2.0175000169906459 -0.037430732662123829
2.0181403360328427 -0.038142364462357164

2.0181403360328427 -0.038142364462357164
2.0201925112257313 -0.040549960383967479

2.0201925112257313 -0.040549960383967479
2.0212595637546866 -0.04177545288370365

2.0212595637546866 -0.04177545288370365
2.022864401049655 -0.043669188105811135

2.022864401049655 -0.043669188105811135
2.0243787914765301 -0.045481081646878405

2.0243787914765301 -0.045481081646878405
2.0254841768305618 -0.046788415827654785

2.0254841768305618 -0.046788415827654785
2.0274980191983736 -0.049346723942783437

2.0274980191983736 -0.049346723942783437
2.0279707476617257 -0.049907643549498434

2.0279707476617257 -0.049907643549498434
2.0302914934356546 -0.053026871271342091

2.0302914934356546 -0.053026871271342091
2.0306172469202175 -0.05342025747551981

2.0306172469202175 -0.05342025747551981
2.0326661684011329 -0.05614609899318574

2.0326661684011329 -0.05614609899318574
2.033736474642061 -0.057501679053451493

2.033736474642061 -0.057501679053451493
2.0350994471903374 -0.05926532671502939

2.0350994471903374 -0.05926532671502939
2.0368557023639049 -0.061649935081475413

2.0368557023639049 -0.061649935081475413
2.0374364052650753 -0.062384554436873046

2.0374364052650753 -0.062384554436873046
2.0395933990210753 -0.065503782158716689

2.0395933990210753 -0.065503782158716689
2.0399749300857484 -0.065991009158505268

2.0399749300857484 -0.065991009158505268
2.0418398621763534 -0.068623009880560346

2.0418398621763534 -0.068623009880560346
2.0430941578075918 -0.070340517489018595

2.0430941578075918 -0.070340517489018595
2.0441327179134854 -0.071742237602403988

2.0441327179134854 -0.071742237602403988
2.0462133855294358 -0.074779801717034161

2.0462133855294358 -0.074779801717034161
2.0462768908544886 -0.074861465324247645

2.0462768908544886 -0.074861465324247645
2.0483717268251183 -0.077980693046091301

2.0483717268251183 -0.077980693046091301
2.0493326132512792 -0.079319220403137811

2.0493326132512792 -0.079319220403137811
2.050579610361615 -0.081099920767934958

2.050579610361615 -0.081099920767934958
2.0524518409731232 -0.083889164909779171

2.0524518409731232 -0.083889164909779171
2.0527004683320467 -0.0842191484897786

2.0527004683320467 -0.0842191484897786
2.0547441704132425 -0.087338376211622257

2.0547441704132425 -0.087338376211622257
2.0555710686949666 -0.088473290031736512

2.0555710686949666 -0.088473290031736512
2.0569539799082546 -0.090457603933465913

2.0569539799082546 -0.090457603933465913
2.0586902964168101 -0.093001583523984951

2.0586902964168101 -0.093001583523984951
2.0591220964130237 -0.093576831655309556

2.0591220964130237 -0.093576831655309556
2.0611876184083773 -0.096696059377153212

2.0611876184083773 -0.096696059377153212
2.061809524138654 -0.097511703371652686

2.061809524138654 -0.097511703371652686
2.0634515888888219 -0.099815287098996869

2.0634515888888219 -0.099815287098996869
2.0649287518604975 -0.10179894583140997

2.0649287518604975 -0.10179894583140997
2.0649287518604975 -0.10179894583140997

2.0649287518604975 -0.10179894583140997
2.0658134626393636 -0.10293451482084051

2.0658134626393636 -0.10293451482084051
2.0680479795823414 -0.10592987540038193

2.0680479795823414 -0.10592987540038193
2.0681520599431873 -0.10605374254268417

2.0681520599431873 -0.10605374254268417
2.0705354553733288 -0.10917297026452782

2.0705354553733288 -0.10917297026452782
2.0711672073041849 -0.109906874886963

2.0711672073041849 -0.109906874886963
2.0711672073041849 -0.109906874886963

2.0711672073041849 -0.109906874886963
2.0731547380114761 -0.11229219798637147

2.0731547380114761 -0.11229219798637147
2.0742864350260284 -0.11353781021074368

2.0742864350260284 -0.11353781021074368
2.076019046719304 -0.11541142570821512

2.076019046719304 -0.11541142570821512
2.0774056627478723 -0.11683187374213055

2.0774056627478723 -0.11683187374213055
2.0791353194512685 -0.11853065343005878

2.0791353194512685 -0.11853065343005878
2.0805248904697158 -0.11984475987249592

2.0805248904697158 -0.11984475987249592
2.0826210112873942 -0.12164988115190242

2.0826210112873942 -0.12164988115190242
2.0836441181915597 -0.12252634598292192

2.0836441181915597 -0.12252634598292192
2.0867633459134032 -0.12472102017737206

2.0867633459134032 -0.12472102017737206
2.0868296578067498 -0.12476910887374608

2.0868296578067498 -0.12476910887374608
2.0898825736352467 -0.12664137284941288

2.0898825736352467 -0.12664137284941288
2.0898825736352467 -0.12664137284941288

2.0898825736352467 -0.12664137284941288
2.0923227104149027 -0.12788833659558974

2.0923227104149027 -0.12788833659558974
2.0930018013570906 -0.12825707411481543

2.0930018013570906 -0.12825707411481543
2.0930018013570906 -0.12825707411481543

2.0930018013570906 -0.12825707411481543
2.0961210290789341 -0.1294792904222162

2.0961210290789341 -0.1294792904222162
2.099240256800778 -0.13039670682979337

2.099240256800778 -0.13039670682979337
2.1023240737340885 -0.13100756431743338

2.1023240737340885 -0.13100756431743338
2.1023594845226214 -0.13101485066770949

2.1023594845226214 -0.13101485066770949
2.1054787122444649 -0.13135727767445282

2.1054787122444649 -0.13135727767445282
2.1085979399663088 -0.13143378842948494

2.1085979399663088 -0.13143378842948494
2.1117171676881523 -0.1312553961403678

2.1117171676881523 -0.1312553961403678
2.1134354077811839 -0.13100756431743338

2.1134354077811839 -0.13100756431743338
2.1148363954099962 -0.13080239215994158

2.1148363954099962 -0.13080239215994158
2.1179556231318397 -0.1300827399691058

2.1179556231318397 -0.1300827399691058
2.1210748508536832 -0.12911730403077309

2.1210748508536832 -0.12911730403077309
2.1241940785755271 -0.12795721233669907

2.1241940785755271 -0.12795721233669907
2.1243361966894749 -0.12788833659558974

2.1243361966894749 -0.12788833659558974
2.1273133062973706 -0.12657673558593013

2.1273133062973706 -0.12657673558593013
2.1304325340192141 -0.12505019548262072

2.1304325340192141 -0.12505019548262072
2.1308963568000698 -0.12476910887374608

2.1308963568000698 -0.12476910887374608
2.133551761741058 -0.12330290304576015

2.133551761741058 -0.12330290304576015
2.1363001200145115 -0.12164988115190242

2.1363001200145115 -0.12164988115190242
2.1366709894629015 -0.12139724893689857

2.1366709894629015 -0.12139724893689857
2.1397902171847454 -0.11946099980635227

2.1397902171847454 -0.11946099980635227
2.1410795192913961 -0.11853065343005878

2.1410795192913961 -0.11853065343005878
2.1429094449065889 -0.11724286791301861

2.1429094449065889 -0.11724286791301861
2.1455056715103114 -0.11541142570821512

2.1455056715103114 -0.11541142570821512
2.1460286726284323 -0.11500236493792806

2.1460286726284323 -0.11500236493792806
2.1491479003502763 -0.11282431282894058

2.1491479003502763 -0.11282431282894058
2.1498070758779293 -0.11229219798637147

2.1498070758779293 -0.11229219798637147
2.1522671280721197 -0.11044521279675035

2.1522671280721197 -0.11044521279675035
2.1538568391309116 -0.10917297026452782

2.1538568391309116 -0.10917297026452782
2.1553863557939636 -0.10794408455011945

2.1553863557939636 -0.10794408455011945
2.1578300522197584 -0.10605374254268417

2.1578300522197584 -0.10605374254268417
2.1585055835158071 -0.10549121769554026

2.1585055835158071 -0.10549121769554026
2.1616248112376506 -0.10315291174373835

2.1616248112376506 -0.10315291174373835
2.1618833424570809 -0.10293451482084051

2.1618833424570809 -0.10293451482084051
2.1647440389594945 -0.10073475256316469

2.1647440389594945 -0.10073475256316469
2.1658489665098877 -0.099815287098996869

2.1658489665098877 -0.099815287098996869
2.167863266681338 -0.098200208666358285

2.167863266681338 -0.098200208666358285
2.1697328271597001 -0.096696059377153212

2.1697328271597001 -0.096696059377153212
2.1709824944031819 -0.095667038732613549

2.1709824944031819 -0.095667038732613549
2.1737077588297273 -0.093576831655309556

2.1737077588297273 -0.093576831655309556
2.1741017221250254 -0.09324664354386511

2.1741017221250254 -0.09324664354386511
2.1772209498468689 -0.090932616732866595

2.1772209498468689 -0.090932616732866595
2.1777926385542461 -0.090457603933465913

2.1777926385542461 -0.090457603933465913
2.1803401775687128 -0.088505948360579956

2.1803401775687128 -0.088505948360579956
2.1817946828608137 -0.087338376211622257

2.1817946828608137 -0.087338376211622257
2.1834594052905563 -0.086017772592172428

2.1834594052905563 -0.086017772592172428
2.1858365313342052 -0.0842191484897786

2.1858365313342052 -0.0842191484897786
2.1865786330124002 -0.08361780599086413

2.1865786330124002 -0.08361780599086413
2.1896978607342437 -0.081384509200846639

2.1896978607342437 -0.081384509200846639
2.1900491936194597 -0.081099920767934958

2.1900491936194597 -0.081099920767934958
2.1928170884560871 -0.079080632904705531

2.1928170884560871 -0.079080632904705531
2.1942464331313416 -0.077980693046091301

2.1942464331313416 -0.077980693046091301
2.1959363161779311 -0.076700372945424491

2.1959363161779311 -0.076700372945424491
2.1985187099519701 -0.074861465324247645

2.1985187099519701 -0.074861465324247645
2.1990555438997745 -0.074443202864005548

2.1990555438997745 -0.074443202864005548
2.2021747716216185 -0.072349441983313806

2.2021747716216185 -0.072349441983313806
2.2029812238183335 -0.071742237602403988

2.2029812238183335 -0.071742237602403988
2.2052939993434619 -0.070132509059455714

2.2052939993434619 -0.070132509059455714
2.2075037169420084 -0.068623009880560346

2.2075037169420084 -0.068623009880560346
2.2084132270653054 -0.067961209600440955

2.2084132270653054 -0.067961209600440955
2.2115324547871493 -0.066001238748144272

2.2115324547871493 -0.066001238748144272
2.212233366274408 -0.065503782158716689

2.212233366274408 -0.065503782158716689
2.2146516825089928 -0.063935795392115094

2.2146516825089928 -0.063935795392115094
2.2171125334421551 -0.062384554436873046

2.2171125334421551 -0.062384554436873046
2.2177709102308367 -0.061931791637745467

2.2177709102308367 -0.061931791637745467
2.2208901379526802 -0.060104046629267466

2.2208901379526802 -0.060104046629267466
2.2222244983935457 -0.05926532671502939

2.2222244983935457 -0.05926532671502939
2.2240093656745237 -0.058170765774171782

2.2240093656745237 -0.058170765774171782
2.2271285933963676 -0.05641812572405866

2.2271285933963676 -0.05641812572405866
2.2275597764703385 -0.05614609899318574

2.2275597764703385 -0.05614609899318574
2.2302478211182111 -0.054626464839865836

2.2302478211182111 -0.054626464839865836
2.2331713437488965 -0.053026871271342091

2.2331713437488965 -0.053026871271342091
2.233367048840055 -0.05290577847582377

2.233367048840055 -0.05290577847582377
2.2364862765618985 -0.051264267979259731

2.2364862765618985 -0.051264267979259731
2.239104056201406 -0.049907643549498434

2.239104056201406 -0.049907643549498434
2.2396055042837419 -0.049623372700477057

2.2396055042837419 -0.049623372700477057
2.2427247320055859 -0.048087093034973188

2.2427247320055859 -0.048087093034973188
2.2453811038614773 -0.046788415827654785

2.2453811038614773 -0.046788415827654785
2.2458439597274293 -0.046541332941132961

2.2458439597274293 -0.046541332941132961
2.2489631874492733 -0.045082375991826566

2.2489631874492733 -0.045082375991826566
2.2520229762885156 -0.043669188105811135

2.2520229762885156 -0.043669188105811135
2.2520824151711167 -0.043638363798146028

2.2520824151711167 -0.043638363798146028
2.2552016428929602 -0.042237467694307342

2.2552016428929602 -0.042237467694307342
2.2583208706148041 -0.040884090470177659

2.2583208706148041 -0.040884090470177659
2.2590468040997802 -0.040549960383967479

2.2590468040997802 -0.040549960383967479
2.2614400983366476 -0.039513686849533623

2.2614400983366476 -0.039513686849533623
2.2645593260584915 -0.038222399587271479

2.2645593260584915 -0.038222399587271479
2.266467330475554 -0.037430732662123829

2.266467330475554 -0.037430732662123829
2.267678553780335 -0.036917012684242696

2.267678553780335 -0.036917012684242696
2.2707977815021785 -0.035696487373624304

2.2707977815021785 -0.035696487373624304
2.2739170092240224 -0.034505937779306051

2.2739170092240224 -0.034505937779306051
2.2744034452095372 -0.034311504940280173

2.2744034452095372 -0.034311504940280173
2.2770362369458659 -0.033328689127510559

2.2770362369458659 -0.033328689127510559
2.2801554646677098 -0.032213352401658568

2.2801554646677098 -0.032213352401658568
2.2831240998739606 -0.03119227721843652

2.2831240998739606 -0.03119227721843652
2.2832746923895533 -0.031136229201502344

2.2832746923895533 -0.031136229201502344
2.2863939201113967 -0.030113241007673441

2.2863939201113967 -0.030113241007673441
2.2895131478332407 -0.029133226493215172

2.2895131478332407 -0.029133226493215172
2.2926323755550841 -0.028206955908296635

2.2926323755550841 -0.028206955908296635
2.2930778176935207 -0.028073049496592867

2.2930778176935207 -0.028073049496592867
2.2957516032769281 -0.027311724005389202

2.2957516032769281 -0.027311724005389202
2.2988708309987715 -0.026470939278661752

2.2988708309987715 -0.026470939278661752
2.301990058720615 -0.025670275692979076

2.301990058720615 -0.025670275692979076
2.3049210593594136 -0.024953821774749217

2.3049210593594136 -0.024953821774749217
2.3051092864424589 -0.02490527575266234

2.3051092864424589 -0.02490527575266234
2.3082285141643024 -0.024181719959395942

2.3082285141643024 -0.024181719959395942
2.3113477418861459 -0.023489213400104979

2.3113477418861459 -0.023489213400104979
2.3144669696079898 -0.022827736871262692

2.3144669696079898 -0.022827736871262692
2.3175861973298333 -0.022198412091120123

2.3175861973298333 -0.022198412091120123
2.3194523546607342 -0.021834594052905564

2.3194523546607342 -0.021834594052905564
2.3207054250516772 -0.021588231594651678

2.3207054250516772 -0.021588231594651678
2.3238246527735207 -0.021018408471241163

2.3238246527735207 -0.021018408471241163
2.3269438804953642 -0.020474362065036646

2.3269438804953642 -0.020474362065036646
2.3300631082172081 -0.019960950931556021

2.3300631082172081 -0.019960950931556021
2.3331823359390516 -0.019480219125228224

2.3331823359390516 -0.019480219125228224
2.3363015636608955 -0.019034741302568919

2.3363015636608955 -0.019034741302568919
2.3387302044851159 -0.018715366331061911

2.3387302044851159 -0.018715366331061911
2.339420791382739 -0.018622998063786762

2.339420791382739 -0.018622998063786762
2.3425400191045824 -0.018252069295308298

2.3425400191045824 -0.018252069295308298
2.3456592468264263 -0.017916113459037368

2.3456592468264263 -0.017916113459037368
2.3487784745482698 -0.017617029946022909

2.3487784745482698 -0.017617029946022909
2.3518977022701137 -0.017354562566011443

2.3518977022701137 -0.017354562566011443
2.3550169299919572 -0.017127520320614271

2.3550169299919572 -0.017127520320614271
2.3581361577138007 -0.016933674235716564

2.3581361577138007 -0.016933674235716564
2.3612553854356446 -0.01677067370742967

2.3612553854356446 -0.01677067370742967
2.3643746131574881 -0.016637075675444285

2.3643746131574881 -0.016637075675444285
2.367493840879332 -0.016532530379924075

2.367493840879332 -0.016532530379924075
2.3706130686011755 -0.0164572936267776

2.3706130686011755 -0.0164572936267776
2.373732296323019 -0.016411414865919488

2.373732296323019 -0.016411414865919488
2.3768515240448629 -0.016394553916144961

2.3768515240448629 -0.016394553916144961
2.3799707517667064 -0.016406909974447166

2.3799707517667064 -0.016406909974447166
2.3830899794885503 -0.016449878649421157

2.3830899794885503 -0.016449878649421157
2.3862092072103938 -0.016525157928215878

2.3862092072103938 -0.016525157928215878
2.3893284349322372 -0.01663399780337517

2.3893284349322372 -0.01663399780337517
2.3924476626540812 -0.016777936780136692

2.3924476626540812 -0.016777936780136692
2.3955668903759246 -0.016958483006969279

2.3955668903759246 -0.016958483006969279
2.3986861180977685 -0.017175282143894799

2.3986861180977685 -0.017175282143894799
2.401805345819612 -0.017427187384622657

2.401805345819612 -0.017427187384622657
2.4049245735414555 -0.017714780784117617

2.4049245735414555 -0.017714780784117617
2.4080438012632994 -0.018038586993492166

2.4080438012632994 -0.018038586993492166
2.4111630289851429 -0.018394804333747225

2.4111630289851429 -0.018394804333747225
2.4137546304937123 -0.018715366331061911

2.4137546304937123 -0.018715366331061911
2.4142822567069868 -0.018782071239491816

2.4142822567069868 -0.018782071239491816
2.4174014844288303 -0.019194476303037514

2.4174014844288303 -0.019194476303037514
2.4205207121506738 -0.019637073666954767

2.4205207121506738 -0.019637073666954767
2.4236399398725177 -0.020108447131954806

2.4236399398725177 -0.020108447131954806
2.4267591675943612 -0.020607018862567331

2.4267591675943612 -0.020607018862567331
2.4298783953162051 -0.021132124276674897

2.4298783953162051 -0.021132124276674897
2.4329976230380486 -0.021682288124523112

2.4329976230380486 -0.021682288124523112
2.4337923742821155 -0.021834594052905564

2.4337923742821155 -0.021834594052905564
2.436116850759892 -0.022270295888663239

2.436116850759892 -0.022270295888663239
2.439236078481736 -0.022882264615515926

2.439236078481736 -0.022882264615515926
2.4423553062035794 -0.023528886836852059

2.4423553062035794 -0.023528886836852059
2.4454745339254234 -0.024208541734442847

2.4454745339254234 -0.024208541734442847
2.4485937616472668 -0.024922152493277529

2.4485937616472668 -0.024922152493277529
2.4487179514649666 -0.024953821774749217

2.4487179514649666 -0.024953821774749217
2.4517129893691103 -0.02567632145966852

2.4517129893691103 -0.02567632145966852
2.4548322170909542 -0.026465026767601308

2.4548322170909542 -0.026465026767601308
2.4579514448127977 -0.027289400886626781

2.4579514448127977 -0.027289400886626781
2.460790268385054 -0.028073049496592867

2.460790268385054 -0.028073049496592867
2.4610706725346416 -0.028155224320374209

2.4610706725346416 -0.028155224320374209
2.4641899002564851 -0.029047854460904601

2.4641899002564851 -0.029047854460904601
2.4673091279783286 -0.02998228263098985

2.4673091279783286 -0.02998228263098985
2.4704283557001725 -0.030942418105080451

2.4704283557001725 -0.030942418105080451
2.4711676133159077 -0.03119227721843652

2.4711676133159077 -0.03119227721843652
2.473547583422016 -0.031963388243716737

2.473547583422016 -0.031963388243716737
2.4766668111438599 -0.032999141775887725

2.4766668111438599 -0.032999141775887725
2.4797860388657034 -0.034062094089978172

2.4797860388657034 -0.034062094089978172
2.4804495292446673 -0.034311504940280173

2.4804495292446673 -0.034311504940280173
2.4829052665875468 -0.035188325294907147

2.4829052665875468 -0.035188325294907147
2.4860244943093908 -0.036325942072040075

2.4860244943093908 -0.036325942072040075
2.4889465994076323 -0.037430732662123829

2.4889465994076323 -0.037430732662123829
2.4891437220312342 -0.037512099636903357

2.4891437220312342 -0.037512099636903357
2.4922629497530777 -0.03872216391916438

2.4922629497530777 -0.03872216391916438
2.4953821774749216 -0.039958973529633283

2.4953821774749216 -0.039958973529633283
2.4967632968196001 -0.040549960383967479

2.4967632968196001 -0.040549960383967479
2.4985014051967651 -0.041285825644461434

2.4985014051967651 -0.041285825644461434
2.501620632918609 -0.042597087140094206

2.501620632918609 -0.042597087140094206
2.5040411104726998 -0.043669188105811135

2.5040411104726998 -0.043669188105811135
2.5047398606404525 -0.043999426460851782

2.5047398606404525 -0.043999426460851782
2.507859088362296 -0.045392457055648608

2.507859088362296 -0.045392457055648608
2.5108514095915218 -0.046788415827654785

2.5108514095915218 -0.046788415827654785
2.5109783160841399 -0.046854836700790457

2.5109783160841399 -0.046854836700790457
2.5140975438059834 -0.048342623027754203

2.5140975438059834 -0.048342623027754203
2.5172167715278273 -0.049876302576450558

2.5172167715278273 -0.049876302576450558
2.5172711373315249 -0.049907643549498434

2.5172711373315249 -0.049907643549498434
2.5203359992496708 -0.051461754976670236

2.5203359992496708 -0.051461754976670236
2.5233346501562712 -0.053026871271342091

2.5233346501562712 -0.053026871271342091
2.5234552269715143 -0.053098566000078923

2.5234552269715143 -0.053098566000078923
2.5265744546933582 -0.054757594965659399

2.5265744546933582 -0.054757594965659399
2.5290700141784317 -0.05614609899318574

2.5290700141784317 -0.05614609899318574
2.5296936824152016 -0.056525617469374595

2.5296936824152016 -0.056525617469374595
2.5328129101370456 -0.058240950458967898

2.5328129101370456 -0.058240950458967898
2.5345007328105869 -0.05926532671502939

2.5345007328105869 -0.05926532671502939
2.535932137858889 -0.060147160628142841

2.535932137858889 -0.060147160628142841
2.5390513655807325 -0.061961003270729106

2.5390513655807325 -0.061961003270729106
2.5396684402198018 -0.062384554436873046

2.5396684402198018 -0.062384554436873046
2.5421705933025764 -0.063954101954165635

2.5421705933025764 -0.063954101954165635
2.5445590036749888 -0.065503782158716689

2.5445590036749888 -0.065503782158716689
2.5452898210244199 -0.066021400174622755

2.5452898210244199 -0.066021400174622755
2.5484090487462638 -0.067991602245153479

2.5484090487462638 -0.067991602245153479
2.5492672867951858 -0.068623009880560346

2.5492672867951858 -0.068623009880560346
2.5515282764681073 -0.070178146462314961

2.5515282764681073 -0.070178146462314961
2.5537459451370155 -0.071742237602403988

2.5537459451370155 -0.071742237602403988
2.5546475041899508 -0.072423630432976949

2.5546475041899508 -0.072423630432976949
2.5577667319117947 -0.074556523246277151

2.5577667319117947 -0.074556523246277151
2.558150316884785 -0.074861465324247645

2.558150316884785 -0.074861465324247645
2.5608859596336382 -0.076835403227052984

2.5608859596336382 -0.076835403227052984
2.5623528302330918 -0.077980693046091301

2.5623528302330918 -0.077980693046091301
2.5640051873554821 -0.07926460560058006

2.5640051873554821 -0.07926460560058006
2.5664148567608454 -0.081099920767934958

2.5664148567608454 -0.081099920767934958
2.5671244150773256 -0.081683000237761691

2.5671244150773256 -0.081683000237761691
2.5702436427991691 -0.084016048751287375

2.5702436427991691 -0.084016048751287375
2.5704829991550597 -0.0842191484897786

2.5704829991550597 -0.0842191484897786
2.573362870521013 -0.086457496556101743

2.573362870521013 -0.086457496556101743
2.5744004164405121 -0.087338376211622257

2.5744004164405121 -0.087338376211622257
2.5764820982428565 -0.089051428773635186

2.5764820982428565 -0.089051428773635186
2.5781326018778903 -0.090457603933465913

2.5781326018778903 -0.090457603933465913
2.5796013259647004 -0.091724354438344202

2.5796013259647004 -0.091724354438344202
2.5817672422129831 -0.093576831655309556

2.5817672422129831 -0.093576831655309556
2.5827205536865439 -0.09442571878335132

2.5827205536865439 -0.09442571878335132
2.5853684768742435 -0.096696059377153212

2.5853684768742435 -0.096696059377153212
2.5858397814083873 -0.097125116945673426

2.5858397814083873 -0.097125116945673426
2.5889501971237272 -0.099815287098996869

2.5889501971237272 -0.099815287098996869
2.5889590091302312 -0.099823469211014967

2.5889590091302312 -0.099823469211014967
2.5920782368520747 -0.10258260957367209

2.5920782368520747 -0.10258260957367209
2.5924522306698337 -0.10293451482084051

2.5924522306698337 -0.10293451482084051
2.5951974645739186 -0.10542829876319476

2.5951974645739186 -0.10542829876319476
2.5958587148758268 -0.10605374254268417

2.5958587148758268 -0.10605374254268417
2.5983166922957621 -0.10831967175824406

2.5983166922957621 -0.10831967175824406
2.5992187090440839 -0.10917297026452782

2.5992187090440839 -0.10917297026452782
2.6014359200176056 -0.11123359264182209

2.6014359200176056 -0.11123359264182209
2.6025541167558175 -0.11229219798637147

2.6025541167558175 -0.11229219798637147
2.6045551477394495 -0.11416609637287028

2.6045551477394495 -0.11416609637287028
2.6058719119769167 -0.11541142570821512

2.6058719119769167 -0.11541142570821512
2.607674375461293 -0.11710119686256053

2.607674375461293 -0.11710119686256053
2.6092043950095323 -0.11853065343005878

2.6092043950095323 -0.11853065343005878
2.6107936031831369 -0.12000565520490153

2.6107936031831369 -0.12000565520490153
2.6125965205327613 -0.12164988115190242

2.6125965205327613 -0.12164988115190242
2.6139128309049804 -0.12285432687170851

2.6139128309049804 -0.12285432687170851
2.6160765516549471 -0.12476910887374608

2.6160765516549471 -0.12476910887374608
2.6170320586268239 -0.12563374321615792

2.6170320586268239 -0.12563374321615792
2.6196911669187939 -0.12788833659558974

2.6196911669187939 -0.12788833659558974
2.6201512863486678 -0.1282988492881186

2.6201512863486678 -0.1282988492881186
2.6232705140705113 -0.1307833621184433

2.6232705140705113 -0.1307833621184433
2.6235320901322345 -0.13100756431743338

2.6235320901322345 -0.13100756431743338
2.6263897417923552 -0.13320270327813372

2.6263897417923552 -0.13320270327813372
2.6275644844841253 -0.13412679203927705

2.6275644844841253 -0.13412679203927705
2.6295089695141987 -0.13558888098398908

2.6295089695141987 -0.13558888098398908
2.6319221962698762 -0.13724601976112069

2.6319221962698762 -0.13724601976112069
2.6326281972360421 -0.13776605021619387

2.6326281972360421 -0.13776605021619387
2.6357474249578861 -0.13963651809839214

2.6357474249578861 -0.13963651809839214
2.6369497025145399 -0.14036524748296433

2.6369497025145399 -0.14036524748296433
2.6388666526797295 -0.14147905764758098

2.6388666526797295 -0.14147905764758098
2.6419858804015734 -0.14298895676413992

2.6419858804015734 -0.14298895676413992
2.6431025303439619 -0.143484475204808

2.6431025303439619 -0.143484475204808
2.6451051081234169 -0.14433770955851885

2.6451051081234169 -0.14433770955851885
2.6482243358452604 -0.14539534083306499

2.6482243358452604 -0.14539534083306499
2.6513435635671043 -0.14621550002514827

2.6513435635671043 -0.14621550002514827
2.6533533608830981 -0.14660370292665165

2.6533533608830981 -0.14660370292665165
2.6544627912889478 -0.14681903207027705

2.6544627912889478 -0.14681903207027705
2.6575820190107917 -0.14717250242553351

2.6575820190107917 -0.14717250242553351
2.6607012467326352 -0.14727213110240625

2.6607012467326352 -0.14727213110240625
2.6638204744544787 -0.14711553558359655

2.6638204744544787 -0.14711553558359655
2.6669397021763226 -0.14670035804138998

2.6669397021763226 -0.14670035804138998
2.6673538500180518 -0.14660370292665165

2.6673538500180518 -0.14660370292665165
2.6700589298981661 -0.1459909784275106

2.6700589298981661 -0.1459909784275106
2.6731781576200095 -0.14501495604933856

2.6731781576200095 -0.14501495604933856
2.6762973853418535 -0.14382763803757587

2.6762973853418535 -0.14382763803757587
2.6769877515197318 -0.143484475204808

2.6769877515197318 -0.143484475204808
2.6794166130636969 -0.14234267264091446

2.6794166130636969 -0.14234267264091446
2.6825358407855409 -0.14069096590554253

2.6825358407855409 -0.14069096590554253
2.6830190221182093 -0.14036524748296433

2.6830190221182093 -0.14036524748296433
2.6856550685073843 -0.13874222427870389

2.6856550685073843 -0.13874222427870389
2.6878055034269916 -0.13724601976112069

2.6878055034269916 -0.13724601976112069
2.6887742962292278 -0.13652139370649985

2.6887742962292278 -0.13652139370649985
2.6918935239510717 -0.13429097838059428

2.6918935239510717 -0.13429097838059428
2.6920893738284319 -0.13412679203927705

2.6920893738284319 -0.13412679203927705
2.6950127516729152 -0.13186909898257732

2.6950127516729152 -0.13186909898257732
2.6960047062246013 -0.13100756431743338

2.6960047062246013 -0.13100756431743338
2.6981319793947591 -0.12920485861645498

2.6981319793947591 -0.12920485861645498
2.6996046021408771 -0.12788833659558974

2.6996046021408771 -0.12788833659558974
2.7012512071166026 -0.12640687179833826

2.7012512071166026 -0.12640687179833826
2.703038170321105 -0.12476910887374608

2.703038170321105 -0.12476910887374608
2.7043704348384461 -0.12352592565990417

2.7043704348384461 -0.12352592565990417
2.7063781727813354 -0.12164988115190242

2.7063781727813354 -0.12164988115190242
2.70748966256029 -0.12059092064932821

2.70748966256029 -0.12059092064932821
2.7096666058224534 -0.11853065343005878

2.7096666058224534 -0.11853065343005878
2.7106088902821335 -0.11762226821390434

2.7106088902821335 -0.11762226821390434
2.7129242137393157 -0.11541142570821512

2.7129242137393157 -0.11541142570821512
2.7137281180039774 -0.11463063546571105

2.7137281180039774 -0.11463063546571105
2.7161655561784466 -0.11229219798637147

2.7161655561784466 -0.11229219798637147
2.7168473457258209 -0.1116280549243286

2.7168473457258209 -0.1116280549243286
2.719413079664784 -0.10917297026452782

2.719413079664784 -0.10917297026452782
2.7199665734476643 -0.10863515250240256

2.7199665734476643 -0.10863515250240256
2.7226910668681512 -0.10605374254268417

2.7226910668681512 -0.10605374254268417
2.7230858011695083 -0.1056721668813352

2.7230858011695083 -0.1056721668813352
2.7260168460840091 -0.10293451482084051

2.7260168460840091 -0.10293451482084051
2.7262050288913517 -0.10275370891397557

2.7262050288913517 -0.10275370891397557
2.7293242566131957 -0.0998954010129353

2.7293242566131957 -0.0998954010129353
2.729408584215427 -0.099815287098996869

2.729408584215427 -0.099815287098996869
2.7324434843350391 -0.097086495244634641

2.7324434843350391 -0.097086495244634641
2.7328621449226329 -0.096696059377153212

2.7328621449226329 -0.096696059377153212
2.7355627120568826 -0.094314471218084214

2.7355627120568826 -0.094314471218084214
2.7363735137297827 -0.093576831655309556

2.7363735137297827 -0.093576831655309556
2.7386819397787265 -0.091569993765605248

2.7386819397787265 -0.091569993765605248
2.7399417793363576 -0.090457603933465913

2.7399417793363576 -0.090457603933465913
2.74180116750057 -0.088857874942652293

2.74180116750057 -0.088857874942652293
2.7436041374329574 -0.087338376211622257

2.7436041374329574 -0.087338376211622257
2.7449203952224139 -0.086219914782283802

2.7449203952224139 -0.086219914782283802
2.7474705178322809 -0.0842191484897786

2.7474705178322809 -0.0842191484897786
2.7480396229442574 -0.083741482988951441

2.7480396229442574 -0.083741482988951441
2.7511588506661009 -0.08145528499557414

2.7511588506661009 -0.08145528499557414
2.7515950561737297 -0.081099920767934958

2.7515950561737297 -0.081099920767934958
2.7542780783879448 -0.079127330961244163

2.7542780783879448 -0.079127330961244163
2.7557964626328859 -0.077980693046091301

2.7557964626328859 -0.077980693046091301
2.7573973061097883 -0.076783144533692393

2.7573973061097883 -0.076783144533692393
2.7602094086630227 -0.074861465324247645

2.7602094086630227 -0.074861465324247645
2.7605165338316322 -0.074627722647754816

2.7605165338316322 -0.074627722647754816
2.7636357615534757 -0.072614163823104233

2.7636357615534757 -0.072614163823104233
2.7648976659860507 -0.071742237602403988

2.7648976659860507 -0.071742237602403988
2.7667549892753192 -0.070503611909163183

2.7667549892753192 -0.070503611909163183
2.7698054204403362 -0.068623009880560346

2.7698054204403362 -0.068623009880560346
2.7698742169971631 -0.068574539793918518

2.7698742169971631 -0.068574539793918518
2.7729934447190066 -0.06672154335783187

2.7729934447190066 -0.06672154335783187
2.775052779597952 -0.065503782158716689

2.775052779597952 -0.065503782158716689
2.7761126724408505 -0.06484780013679628

2.7761126724408505 -0.06484780013679628
2.7792319001626939 -0.063176085152226544

2.7792319001626939 -0.063176085152226544
2.7806441677427101 -0.062384554436873046

2.7806441677427101 -0.062384554436873046
2.7823511278845374 -0.061443042631026429

2.7823511278845374 -0.061443042631026429
2.7854703556063813 -0.059888826465123647

2.7854703556063813 -0.059888826465123647
2.7866679384609223 -0.05926532671502939

2.7866679384609223 -0.05926532671502939
2.7885895833282248 -0.058296617391049188

2.7885895833282248 -0.058296617391049188
2.7917088110500687 -0.056848522610394366

2.7917088110500687 -0.056848522610394366
2.7931892581748006 -0.05614609899318574

2.7931892581748006 -0.05614609899318574
2.7948280387719122 -0.055374957636047377

2.7948280387719122 -0.055374957636047377
2.7979472664937557 -0.054021899140319955

2.7979472664937557 -0.054021899140319955
2.8002682692249574 -0.053026871271342091

2.8002682692249574 -0.053026871271342091
2.8010664942155996 -0.0526665478920069

2.8010664942155996 -0.0526665478920069
2.8041857219374431 -0.051407163430496616

2.8041857219374431 -0.051407163430496616
2.807304949659287 -0.05018809712290917

2.807304949659287 -0.05018809712290917
2.8079966422684786 -0.049907643549498434

2.8079966422684786 -0.049907643549498434
2.8104241773811305 -0.048977759250203437

2.8104241773811305 -0.048977759250203437
2.813543405102974 -0.047838037417371485

2.813543405102974 -0.047838037417371485
2.8165204355042524 -0.046788415827654785

2.8165204355042524 -0.046788415827654785
2.8166626328248179 -0.046734020808211853

2.8166626328248179 -0.046734020808211853
2.8197818605466614 -0.045684998796249432

2.8197818605466614 -0.045684998796249432
2.8229010882685053 -0.044680287560933112

2.8229010882685053 -0.044680287560933112
2.8260203159903488 -0.043728354637361098

2.8260203159903488 -0.043728354637361098
2.8262106841250696 -0.043669188105811135

2.8262106841250696 -0.043669188105811135
2.8291395437121922 -0.042818807321866464

2.8291395437121922 -0.042818807321866464
2.8322587714340361 -0.041964949679409051

2.8322587714340361 -0.041964949679409051
2.8353779991558796 -0.041163104878747893

2.8353779991558796 -0.041163104878747893
2.8379112024052744 -0.040549960383967479

2.8379112024052744 -0.040549960383967479
2.8384972268777231 -0.040402855391716681

2.8384972268777231 -0.040402855391716681
2.841616454599567 -0.039704765165174544

2.841616454599567 -0.039704765165174544
2.8447356823214105 -0.039048781455240364

2.8447356823214105 -0.039048781455240364
2.8478549100432544 -0.038437783600448125

2.8478549100432544 -0.038437783600448125
2.8509741377650979 -0.037869663339472732

2.8509741377650979 -0.037869663339472732
2.8535596276045596 -0.037430732662123829

2.8535596276045596 -0.037430732662123829
2.8540933654869414 -0.037337669788254139

2.8540933654869414 -0.037337669788254139
2.8572125932087853 -0.036850153483907439

2.8572125932087853 -0.036850153483907439
2.8603318209306288 -0.036396929297378214

2.8603318209306288 -0.036396929297378214
2.8634510486524727 -0.035978579702665069

2.8634510486524727 -0.035978579702665069
2.8665702763743162 -0.035594085557837968

2.8665702763743162 -0.035594085557837968
2.8696895040961596 -0.035242829072628795

2.8696895040961596 -0.035242829072628795
2.8728087318180036 -0.034924071025655937

2.8728087318180036 -0.034924071025655937
2.875927959539847 -0.034637595480336868

2.875927959539847 -0.034637595480336868
2.879047187261691 -0.034384741335234704

2.879047187261691 -0.034384741335234704
2.8800775235188185 -0.034311504940280173

2.8800775235188185 -0.034311504940280173
2.8821664149835344 -0.034164117509677905

2.8821664149835344 -0.034164117509677905
2.8852856427053779 -0.033978291061143175

2.8852856427053779 -0.033978291061143175
2.8884048704272218 -0.033826072352392496

2.8884048704272218 -0.033826072352392496
2.8915240981490653 -0.033708341538603193

2.8915240981490653 -0.033708341538603193
2.8946433258709092 -0.03362601794886505

2.8946433258709092 -0.03362601794886505
2.8977625535927527 -0.033579551659630752

2.8977625535927527 -0.033579551659630752
2.9008817813145962 -0.033568067141958549

2.9008817813145962 -0.033568067141958549
2.9040010090364401 -0.033590273457789671

2.9040010090364401 -0.033590273457789671
2.9071202367582836 -0.033645842361604741

2.9071202367582836 -0.033645842361604741
2.9102394644801275 -0.033735054255462672

2.9102394644801275 -0.033735054255462672
2.913358692201971 -0.033858119304836044

2.913358692201971 -0.033858119304836044
2.9164779199238144 -0.034014357108976843

2.9164779199238144 -0.034014357108976843
2.9195971476456584 -0.034200100699639538

2.9195971476456584 -0.034200100699639538
2.9212162067369269 -0.034311504940280173

2.9212162067369269 -0.034311504940280173
2.9227163753675018 -0.034414912535272076

2.9227163753675018 -0.034414912535272076
2.9258356030893458 -0.034658013308569942

2.9258356030893458 -0.034658013308569942
2.9289548308111892 -0.034933880601592977

2.9289548308111892 -0.034933880601592977
2.9320740585330327 -0.035241805128781119

2.9320740585330327 -0.035241805128781119
2.9351932862548766 -0.035580247132894066

2.9351932862548766 -0.035580247132894066
2.9383125139767201 -0.03594903818109834

2.9383125139767201 -0.03594903818109834
2.941431741698564 -0.036350556137762821

2.941431741698564 -0.036350556137762821
2.9445509694204075 -0.03678763879582421

2.9445509694204075 -0.03678763879582421
2.947670197142251 -0.037257955147508209

2.947670197142251 -0.037257955147508209
2.9487157339186076 -0.037430732662123829

2.9487157339186076 -0.037430732662123829
2.9507894248640949 -0.037769234150965204

2.9507894248640949 -0.037769234150965204
2.9539086525859384 -0.038307694525619371

2.9539086525859384 -0.038307694525619371
2.9570278803077823 -0.038883624688680236

2.9570278803077823 -0.038883624688680236
2.9601471080296258 -0.039494430104014766

2.9601471080296258 -0.039494430104014766
2.9632663357514692 -0.040135948619230581

2.9632663357514692 -0.040135948619230581
2.9651574711952779 -0.040549960383967479

2.9651574711952779 -0.040549960383967479
2.9663855634733132 -0.040822337246802662

2.9663855634733132 -0.040822337246802662
2.9695047911951566 -0.041524360900709885

2.9695047911951566 -0.041524360900709885
2.9726240189170006 -0.042258886515245675

2.9726240189170006 -0.042258886515245675
2.975743246638844 -0.043018370332307779

2.975743246638844 -0.043018370332307779
2.9783171489564855 -0.043669188105811135

2.9783171489564855 -0.043669188105811135
2.9788624743606875 -0.043813147381698579

2.9788624743606875 -0.043813147381698579
2.9819817020825314 -0.044620924192355596

2.9819817020825314 -0.044620924192355596
2.9851009298043749 -0.045462821158971344

2.9851009298043749 -0.045462821158971344
2.9882201575262188 -0.046324530923341475

2.9882201575262188 -0.046324530923341475
2.9898027862317926 -0.046788415827654785

2.9898027862317926 -0.046788415827654785
2.9913393852480623 -0.04723987920103663

2.9913393852480623 -0.04723987920103663
2.9944586129699058 -0.04816315175663357

2.9944586129699058 -0.04816315175663357
2.9975778406917497 -0.049129156502578306

2.9975778406917497 -0.049129156502578306
2.9999751971267603 -0.049907643549498434

2.9999751971267603 -0.049907643549498434
3.0006970684135932 -0.05015315051833874

3.0006970684135932 -0.05015315051833874
3.0038162961354371 -0.051189593677357891

3.0038162961354371 -0.051189593677357891
3.0069355238572806 -0.052271075187325385

3.0069355238572806 -0.052271075187325385
3.0089981714050329 -0.053026871271342091

3.0089981714050329 -0.053026871271342091
3.0100547515791241 -0.053426541408071453

3.0100547515791241 -0.053426541408071453
3.013173979300968 -0.05458641279104353

3.013173979300968 -0.05458641279104353
3.0162932070228115 -0.055789039913528245

3.0162932070228115 -0.055789039913528245
3.0171285833178665 -0.05614609899318574

3.0171285833178665 -0.05614609899318574
3.0194124347446549 -0.05707749909083485

3.0194124347446549 -0.05707749909083485
3.0225316624664988 -0.05836054611597058

3.0225316624664988 -0.05836054611597058
3.0246168355893972 -0.05926532671502939

3.0246168355893972 -0.05926532671502939
3.0256508901883423 -0.059731753444119656

3.0256508901883423 -0.059731753444119656
3.0287701179101862 -0.061082882924015619

3.0287701179101862 -0.061082882924015619
3.0316479532848266 -0.062384554436873046

3.0316479532848266 -0.062384554436873046
3.0318893456320297 -0.06250545937298288

3.0318893456320297 -0.06250545937298288
3.0350085733538732 -0.063937470753729408

3.0350085733538732 -0.063937470753729408
3.0381278010757171 -0.065403497636449176

3.0381278010757171 -0.065403497636449176
3.0383133311928923 -0.065503782158716689

3.0383133311928923 -0.065503782158716689
3.0412470287975606 -0.066922518956247429

3.0412470287975606 -0.066922518956247429
3.0443662565194045 -0.068443928861376027

3.0443662565194045 -0.068443928861376027
3.0446857118214359 -0.068623009880560346

3.0446857118214359 -0.068623009880560346
3.047485484241248 -0.070036875760275993

3.047485484241248 -0.070036875760275993
3.0506047119630915 -0.071624863126592594

3.0506047119630915 -0.071624863126592594
3.05080355580222 -0.071742237602403988

3.05080355580222 -0.071742237602403988
3.0537239396849354 -0.073271487484436723

3.0537239396849354 -0.073271487484436723
3.0567119583967246 -0.074861465324247645

3.0567119583967246 -0.074861465324247645
3.0568431674067789 -0.07494102591821647

3.0568431674067789 -0.07494102591821647
3.0599623951286228 -0.07661080551887009

3.0599623951286228 -0.07661080551887009
3.062440617777249 -0.077980693046091301

3.062440617777249 -0.077980693046091301
3.0630816228504663 -0.078366854526026306

3.0630816228504663 -0.078366854526026306
3.0662008505723097 -0.080046175121690488

3.0662008505723097 -0.080046175121690488
3.0680193157071254 -0.081099920767934958

3.0680193157071254 -0.081099920767934958
3.0693200782941537 -0.081873086697931072

3.0693200782941537 -0.081873086697931072
3.0724393060159971 -0.083583163186124243

3.0724393060159971 -0.083583163186124243
3.0734626612062561 -0.0842191484897786

3.0734626612062561 -0.0842191484897786
3.075558533737841 -0.085456641098106384

3.075558533737841 -0.085456641098106384
3.0786777614596845 -0.087258259794431553

3.0786777614596845 -0.087258259794431553
3.0787967463405645 -0.087338376211622257

3.0787967463405645 -0.087338376211622257
3.081796989181528 -0.089104515870533085

3.081796989181528 -0.089104515870533085
3.08402607653086 -0.090457603933465913

3.08402607653086 -0.090457603933465913
3.0849162169033719 -0.091035929773798985

3.0849162169033719 -0.091035929773798985
3.0880354446252154 -0.092832448823563785

3.0880354446252154 -0.092832448823563785
3.0891847030019837 -0.093576831655309556

3.0891847030019837 -0.093576831655309556
3.0911546723470593 -0.094801020289019822

3.0911546723470593 -0.094801020289019822
3.0942739000689028 -0.096676868967267154

3.0942739000689028 -0.096676868967267154
3.0943014543398837 -0.096696059377153212

3.0943014543398837 -0.096696059377153212
3.0973931277907463 -0.098564118079718585

3.0973931277907463 -0.098564118079718585
3.0993916359512368 -0.099815287098996869

3.0993916359512368 -0.099815287098996869
3.1005123555125902 -0.10054925217029841

3.1005123555125902 -0.10054925217029841
3.1036315832344337 -0.10236658621034042

3.1036315832344337 -0.10236658621034042
3.1044897003382426 -0.10293451482084051

3.1044897003382426 -0.10293451482084051
3.1067508109562776 -0.10432807377024844

3.1067508109562776 -0.10432807377024844
3.1096239416798865 -0.10605374254268417

3.1096239416798865 -0.10605374254268417
3.1098700386781211 -0.10622108818986394

3.1098700386781211 -0.10622108818986394
3.1129892663999645 -0.10803606623399531

3.1129892663999645 -0.10803606623399531
3.1148736791280522 -0.10917297026452782

3.1148736791280522 -0.10917297026452782
3.1161084941218085 -0.1099410013823731

3.1161084941218085 -0.1099410013823731
3.1192277218436519 -0.11165649328377474

3.1192277218436519 -0.11165649328377474
3.1202909710643558 -0.11229219798637147

3.1202909710643558 -0.11229219798637147
3.1223469495654959 -0.11346303293500695

3.1223469495654959 -0.11346303293500695
3.1254661772873393 -0.11509961321028879

3.1254661772873393 -0.11509961321028879
3.1260155287265583 -0.11541142570821512

3.1260155287265583 -0.11541142570821512
3.1285854050091828 -0.11674347887458449

3.1285854050091828 -0.11674347887458449
3.1317046327310267 -0.11824355560995339

3.1317046327310267 -0.11824355560995339
3.1322801816811321 -0.11853065343005878

3.1322801816811321 -0.11853065343005878
3.1348238604528702 -0.1197023726500156

3.1348238604528702 -0.1197023726500156
3.1379430881747141 -0.12101049944741656

3.1379430881747141 -0.12101049944741656
3.1395425003641426 -0.12164988115190242

3.1395425003641426 -0.12164988115190242
3.1410623158965576 -0.12225605028937171

3.1410623158965576 -0.12225605028937171
3.1441815436184011 -0.12333599645713125

3.1441815436184011 -0.12333599645713125
3.147300771340245 -0.12430060185554363

3.147300771340245 -0.12430060185554363
3.1489982730427712 -0.12476910887374608

3.1489982730427712 -0.12476910887374608
3.1504199990620885 -0.12516180991939224

3.1504199990620885 -0.12516180991939224
3.1535392267839324 -0.12586419089160461

3.1535392267839324 -0.12586419089160461
3.1566584545057759 -0.12642681090513694

3.1566584545057759 -0.12642681090513694
3.1597776822276193 -0.12684092721031301

3.1597776822276193 -0.12684092721031301
3.1628969099494633 -0.1271060994118281

3.1628969099494633 -0.1271060994118281
3.1660161376713067 -0.12721846521172661

3.1660161376713067 -0.12721846521172661
3.1691353653931507 -0.12717176253320986

3.1691353653931507 -0.12717176253320986
3.1722545931149941 -0.12696132478909899

3.1722545931149941 -0.12696132478909899
3.1753738208368376 -0.12658702117208054

3.1753738208368376 -0.12658702117208054
3.1784930485586815 -0.12605405349377757

3.1784930485586815 -0.12605405349377757
3.181612276280525 -0.12537565015059443

3.181612276280525 -0.12537565015059443
3.1838797442471272 -0.12476910887374608

3.1838797442471272 -0.12476910887374608
3.1847315040023689 -0.12453255537702915

3.1847315040023689 -0.12453255537702915
3.1878507317242124 -0.12355048937221282

3.1878507317242124 -0.12355048937221282
3.1909699594460559 -0.12242428221052604

3.1909699594460559 -0.12242428221052604
3.1940891871678998 -0.12181695094412466

