3.1940891871678998 0.16180261486549935
3.1909699594460559 0.16137911566650262

3.1909699594460559 0.16137911566650262
3.1878507317242124 0.16052957251704414

3.1878507317242124 0.16052957251704414
3.1847315040023689 0.15967879659113118

3.1847315040023689 0.15967879659113118
3.1825735314608967 0.15908061381402627

3.1825735314608967 0.15908061381402627
3.181612276280525 0.15880683614313898

3.181612276280525 0.15880683614313898
3.1784930485586815 0.15795283852074857

3.1784930485586815 0.15795283852074857
3.1753738208368376 0.15708554418385887

3.1753738208368376 0.15708554418385887
3.1722545931149941 0.15622304152041649

3.1722545931149941 0.15622304152041649
3.1713567563766945 0.1559613860921826

3.1713567563766945 0.1559613860921826
3.1691353653931507 0.15533329306341334

3.1691353653931507 0.15533329306341334
3.1660161376713067 0.15445459614634838

3.1660161376713067 0.15445459614634838
3.1628969099494633 0.15356754796039276

3.1628969099494633 0.15356754796039276
3.1603773017899144 0.15284215837033896

3.1603773017899144 0.15284215837033896
3.1597776822276193 0.15266147617654133

3.1597776822276193 0.15266147617654133
3.1566584545057759 0.15176732177428104

3.1566584545057759 0.15176732177428104
3.1535392267839324 0.15085784954825293

3.1535392267839324 0.15085784954825293
3.1504199990620885 0.14995238004008538

3.1504199990620885 0.14995238004008538
3.1496752818293339 0.14972293064849532

3.1496752818293339 0.14972293064849532
3.147300771340245 0.14901951691209084

3.147300771340245 0.14901951691209084
3.1441815436184011 0.14809865955843698

3.1441815436184011 0.14809865955843698
3.1410623158965576 0.14717893855467504

3.1410623158965576 0.14717893855467504
3.1391476443443094 0.14660370292665165

3.1391476443443094 0.14660370292665165
3.1379430881747141 0.14623551631559883

3.1379430881747141 0.14623551631559883
3.1348238604528702 0.14531884999038855

3.1348238604528702 0.14531884999038855
3.1317046327310267 0.14439163918892642

3.1317046327310267 0.14439163918892642
3.1286547848722952 0.143484475204808

3.1286547848722952 0.143484475204808
3.1285854050091828 0.14346225900092865

3.1285854050091828 0.14346225900092865
3.1254661772873393 0.14253419127748554

3.1254661772873393 0.14253419127748554
3.1223469495654959 0.14160098902337431

3.1223469495654959 0.14160098902337431
3.1192277218436519 0.14067374855364728

3.1192277218436519 0.14067374855364728
3.1182449608582812 0.14036524748296436

3.1182449608582812 0.14036524748296436
3.1161084941218085 0.13971330814733351

3.1161084941218085 0.13971330814733351
3.1129892663999645 0.13876577432636639

3.1129892663999645 0.13876577432636639
3.1098700386781211 0.13781280180739891

3.1098700386781211 0.13781280180739891
3.1080691153434667 0.13724601976112069

3.1080691153434667 0.13724601976112069
3.1067508109562776 0.13682589481354693

3.1067508109562776 0.13682589481354693
3.1036315832344337 0.13586182836413824

3.1036315832344337 0.13586182836413824
3.1005123555125902 0.13488455219002032

3.1005123555125902 0.13488455219002032
3.098120047561832 0.13412679203927705

3.098120047561832 0.13412679203927705
3.0973931277907463 0.13388635199668236

3.0973931277907463 0.13388635199668236
3.0942739000689028 0.13291105595550554

3.0942739000689028 0.13291105595550554
3.0911546723470593 0.13192266851966233

3.0911546723470593 0.13192266851966233
3.0882745273003622 0.13100756431743341

3.0882745273003622 0.13100756431743341
3.0880354446252154 0.13092611739665044

3.0880354446252154 0.13092611739665044
3.0849162169033719 0.12993847708971445

3.0849162169033719 0.12993847708971445
3.081796989181528 0.1289418465488853

3.081796989181528 0.1289418465488853
3.0786777614596845 0.12794530566243367

3.0786777614596845 0.12794530566243367
3.0785138570225028 0.12788833659558974

3.0785138570225028 0.12788833659558974
3.075558533737841 0.12693501834729534

3.075558533737841 0.12693501834729534
3.0724393060159971 0.12592287470837785

3.0724393060159971 0.12592287470837785
3.0693200782941537 0.12491285146125362

3.0693200782941537 0.12491285146125362
3.0689098515947264 0.12476910887374609

3.0689098515947264 0.12476910887374609
3.0662008505723097 0.12387720245317205

3.0662008505723097 0.12387720245317205
3.0630816228504663 0.12284655155776489

3.0630816228504663 0.12284655155776489
3.0599623951286228 0.12181908687591612

3.0599623951286228 0.12181908687591612
3.0594863799163989 0.12164988115190244

3.0594863799163989 0.12164988115190244
3.0568431674067789 0.12076478637292359

3.0568431674067789 0.12076478637292359
3.0537239396849354 0.1197194948235647

3.0537239396849354 0.1197194948235647
3.0506047119630915 0.118678033350406

3.0506047119630915 0.118678033350406
3.0501964783230204 0.11853065343005878

3.0501964783230204 0.11853065343005878
3.047485484241248 0.11761293523943238

3.047485484241248 0.11761293523943238
3.0443662565194045 0.11655608648594459

3.0443662565194045 0.11655608648594459
3.0412470287975606 0.11550073554890705

3.0412470287975606 0.11550073554890705
3.0410045496641978 0.11541142570821514

3.0410045496641978 0.11541142570821514
3.0381278010757171 0.11442814815432514

3.0381278010757171 0.11442814815432514
3.0350085733538732 0.11335914558213186

3.0350085733538732 0.11335914558213186
3.0319052899396493 0.11229219798637148

3.0319052899396493 0.11229219798637148
3.0318893456320297 0.11228620587928766

3.0318893456320297 0.11228620587928766
3.0287701179101862 0.11121181466527516

3.0287701179101862 0.11121181466527516
3.0256508901883423 0.11013532916016835

3.0256508901883423 0.11013532916016835
3.0228715732943465 0.10917297026452782

3.0228715732943465 0.10917297026452782
3.0225316624664988 0.1090467233437476

3.0225316624664988 0.1090467233437476
3.0194124347446549 0.1079746556193034

3.0194124347446549 0.1079746556193034
3.0162932070228115 0.106895230003706

3.0162932070228115 0.106895230003706
3.0138860093160997 0.10605374254268418

3.0138860093160997 0.10605374254268418
3.013173979300968 0.10579240202102616

3.013173979300968 0.10579240202102616
3.0100547515791241 0.10471690791041899

3.0100547515791241 0.10471690791041899
3.0069355238572806 0.10363179747933267

3.0069355238572806 0.10363179747933267
3.0049789060044811 0.10293451482084053

3.0049789060044811 0.10293451482084053
3.0038162961354371 0.10251049745501495

3.0038162961354371 0.10251049745501495
3.0006970684135932 0.10142163341018368

3.0006970684135932 0.10142163341018368
2.9975778406917497 0.10032602831851933

2.9975778406917497 0.10032602831851933
2.9961881621281963 0.099815287098996869

2.9961881621281963 0.099815287098996869
2.9944586129699058 0.099185794880231437

2.9944586129699058 0.099185794880231437
2.9913393852480623 0.098076374794032944

2.9913393852480623 0.098076374794032944
2.9882201575262188 0.096965489967513918

2.9882201575262188 0.096965489967513918
2.9875162280033858 0.096696059377153226

2.9875162280033858 0.096696059377153226
2.9851009298043749 0.095817568976821851

2.9851009298043749 0.095817568976821851
2.9819817020825314 0.09468815404992488

2.9819817020825314 0.09468815404992488
2.978933521815021 0.09357683165530957

2.978933521815021 0.09357683165530957
2.9788624743606875 0.093548456777056602

2.9788624743606875 0.093548456777056602
2.975743246638844 0.092409548590685009

2.975743246638844 0.092409548590685009
2.9726240189170006 0.091270292063998629

2.9726240189170006 0.091270292063998629
2.9704375627694488 0.090457603933465913

2.9704375627694488 0.090457603933465913
2.9695047911951566 0.090097387525058817

2.9695047911951566 0.090097387525058817
2.9663855634733132 0.088958948326431267

2.9663855634733132 0.088958948326431267
2.9632663357514692 0.087815774098714508

2.9632663357514692 0.087815774098714508
2.9620288017502587 0.087338376211622271

2.9620288017502587 0.087338376211622271
2.9601471080296258 0.086626577161607182

2.9601471080296258 0.086626577161607182
2.9570278803077823 0.08547219668117946

2.9570278803077823 0.08547219668117946
2.9539086525859384 0.08431407633143799

2.9539086525859384 0.08431407633143799
2.9536749482544296 0.084219148489778614

2.9536749482544296 0.084219148489778614
2.9507894248640949 0.083140206120453364

2.9507894248640949 0.083140206120453364
2.947670197142251 0.081979712714001535

2.947670197142251 0.081979712714001535
2.9453321759460631 0.081099920767934958

2.9453321759460631 0.081099920767934958
2.9445509694204075 0.080791462785046661

2.9445509694204075 0.080791462785046661
2.941431741698564 0.079638720675680494

2.941431741698564 0.079638720675680494
2.9383125139767201 0.078482789779930714

2.9383125139767201 0.078482789779930714
2.9370241257028589 0.077980693046091315

2.9370241257028589 0.077980693046091315
2.9351932862548766 0.077278943890279478

2.9351932862548766 0.077278943890279478
2.9320740585330327 0.076108196313452031

2.9320740585330327 0.076108196313452031
2.9289548308111892 0.074925758210998186

2.9289548308111892 0.074925758210998186
2.9288012404613304 0.074861465324247659

2.9288012404613304 0.074861465324247659
2.9258356030893458 0.073726821640361428

2.9258356030893458 0.073726821640361428
2.9227163753675018 0.072538677483774558

2.9227163753675018 0.072538677483774558
2.920670800429948 0.071742237602404002

2.920670800429948 0.071742237602404002
2.9195971476456584 0.071311084376751863

2.9195971476456584 0.071311084376751863
2.9164779199238144 0.070124382842601016

2.9164779199238144 0.070124382842601016
2.913358692201971 0.068932782809473292

2.913358692201971 0.068932782809473292
2.9126063028803468 0.068623009880560346

2.9126063028803468 0.068623009880560346
2.9102394644801275 0.067697691337315583

2.9102394644801275 0.067697691337315583
2.9071202367582836 0.066491165299692415

2.9071202367582836 0.066491165299692415
2.9045982764262477 0.065503782158716703

2.9045982764262477 0.065503782158716703
2.9040010090364401 0.06525490304365375

2.9040010090364401 0.06525490304365375
2.9008817813145962 0.064051830730631351

2.9008817813145962 0.064051830730631351
2.8977625535927527 0.062848872367841507

2.8977625535927527 0.062848872367841507
2.8966245966532624 0.06238455443687304

2.8966245966532624 0.06238455443687304
2.8946433258709092 0.061597799804557013

2.8946433258709092 0.061597799804557013
2.8915240981490653 0.060385510001950367

2.8915240981490653 0.060385510001950367
2.8886682108129609 0.05926532671502939

2.8886682108129609 0.05926532671502939
2.8884048704272218 0.059152878172372532

2.8884048704272218 0.059152878172372532
2.8852856427053779 0.057939728115954395

2.8852856427053779 0.057939728115954395
2.8821664149835344 0.056733052687655973

2.8821664149835344 0.056733052687655973
2.8807116516171534 0.056146098993185733

2.8807116516171534 0.056146098993185733
2.879047187261691 0.055479046701286297

2.879047187261691 0.055479046701286297
2.875927959539847 0.054269263834532719

2.875927959539847 0.054269263834532719
2.8728087318180036 0.053047609532903002

2.8728087318180036 0.053047609532903002
2.8727608582162323 0.053026871271342084

2.8727608582162323 0.053026871271342084
2.8696895040961596 0.051822791028760098

2.8696895040961596 0.051822791028760098
2.8665702763743162 0.050613021073591481

2.8665702763743162 0.050613021073591481
2.8648051154874721 0.049907643549498434

2.8648051154874721 0.049907643549498434
2.8634510486524727 0.049359305299302138

2.8634510486524727 0.049359305299302138
2.8603318209306288 0.048151670633857856

2.8603318209306288 0.048151670633857856
2.8572125932087853 0.046936801230864127

2.8572125932087853 0.046936801230864127
2.8568648594300883 0.046788415827654778

2.8568648594300883 0.046788415827654778
2.8540933654869414 0.045696200097520394

2.8540933654869414 0.045696200097520394
2.8509741377650979 0.044477577108856532

2.8509741377650979 0.044477577108856532
2.8489529468989829 0.043669188105811128

2.8489529468989829 0.043669188105811128
2.8478549100432544 0.043216577295741597

2.8478549100432544 0.043216577295741597
2.8447356823214105 0.042000004633869152

2.8447356823214105 0.042000004633869152
2.841616454599567 0.04077810871440575

2.841616454599567 0.04077810871440575
2.8410805913973305 0.040549960383967479

2.8410805913973305 0.040549960383967479
2.8384972268777231 0.039521889603911793

2.8384972268777231 0.039521889603911793
2.8353779991558796 0.038295813787577571

2.8353779991558796 0.038295813787577571
2.8332132266023096 0.037430732662123822

2.8332132266023096 0.037430732662123822
2.8322587714340361 0.037033976976500807

2.8322587714340361 0.037033976976500807
2.8291395437121922 0.035820604594309476

2.8291395437121922 0.035820604594309476
2.8260203159903488 0.034609568631170637

2.8260203159903488 0.034609568631170637
2.8253048100024905 0.034311504940280173

2.8253048100024905 0.034311504940280173
2.8229010882685053 0.033363771315057349

2.8229010882685053 0.033363771315057349
2.8197818605466614 0.032154119216626184

2.8197818605466614 0.032154119216626184
2.8173190560236474 0.03119227721843652

2.8173190560236474 0.03119227721843652
2.8166626328248179 0.030920616357876695

2.8166626328248179 0.030920616357876695
2.813543405102974 0.029729422289783314

2.813543405102974 0.029729422289783314
2.8104241773811305 0.028544635903782971

2.8104241773811305 0.028544635903782971
2.8092402640072014 0.02807304949659287

2.8092402640072014 0.02807304949659287
2.807304949659287 0.027320373350985212

2.807304949659287 0.027320373350985212
2.8041857219374431 0.026138715798713217

2.8041857219374431 0.026138715798713217
2.8010732636202209 0.024953821774749217

2.8010732636202209 0.024953821774749217
2.8010664942155996 0.02495097550317351

2.8010664942155996 0.02495097550317351
2.7979472664937557 0.023766809879467197

2.7979472664937557 0.023766809879467197
2.7948280387719122 0.022593641672140528

2.7948280387719122 0.022593641672140528
2.7928502428465731 0.021834594052905568

2.7928502428465731 0.021834594052905568
2.7917088110500687 0.02138497138292985

2.7917088110500687 0.02138497138292985
2.7885895833282248 0.020220366671605837

2.7885895833282248 0.020220366671605837
2.7854703556063813 0.019056378971673563

2.7854703556063813 0.019056378971673563
2.7846130765323163 0.018715366331061915

2.7846130765323163 0.018715366331061915
2.7823511278845374 0.017854241593660097

2.7823511278845374 0.017854241593660097
2.7792319001626939 0.016684778931418117

2.7792319001626939 0.016684778931418117
2.7763358439384924 0.01559613860921826

2.7763358439384924 0.01559613860921826
2.7761126724408505 0.015504920872686527

2.7761126724408505 0.015504920872686527
2.7729934447190066 0.014345271806158523

2.7729934447190066 0.014345271806158523
2.7698742169971631 0.013193528850241793

2.7698742169971631 0.013193528850241793
2.7679677560278462 0.012476910887374609

2.7679677560278462 0.012476910887374609
2.7667549892753192 0.012011428249632821

2.7667549892753192 0.012011428249632821
2.7636357615534757 0.010877151128554318

2.7636357615534757 0.010877151128554318
2.7605165338316322 0.0097488989407746446

2.7605165338316322 0.0097488989407746446
2.759488297129252 0.0093576831655309556

2.759488297129252 0.0093576831655309556
2.7573973061097883 0.0085872777492202353

2.7573973061097883 0.0085872777492202353
2.7542780783879448 0.0074626124491526755

2.7542780783879448 0.0074626124491526755
2.7511588506661009 0.0063444917277470959

2.7511588506661009 0.0063444917277470959
2.7508857551810819 0.0062384554436873043

2.7508857551810819 0.0062384554436873043
2.7480396229442574 0.00521550438635937

2.7480396229442574 0.00521550438635937
2.7449203952224139 0.0041021419605930427

2.7449203952224139 0.0041021419605930427
2.7421601696149485 0.0031192277218436517

2.7421601696149485 0.0031192277218436517
2.74180116750057 0.0029820175937071477

2.74180116750057 0.0029820175937071477
2.7386819397787265 0.0018880166035222694

2.7386819397787265 0.0018880166035222694
2.7355627120568826 0.00079628413520950589

2.7355627120568826 0.00079628413520950589
2.733297601573017 0

2.733297601573017 0
2.7324434843350391 -0.000312586345844588

2.7324434843350391 -0.000312586345844588
2.7293242566131957 -0.0013795598431785249

2.7293242566131957 -0.0013795598431785249
2.7262050288913517 -0.0024443766724712283

2.7262050288913517 -0.0024443766724712283
2.7242524150841079 -0.0031192277218436521

2.7242524150841079 -0.0031192277218436521
2.7230858011695083 -0.0035312755956165513

2.7230858011695083 -0.0035312755956165513
2.7199665734476643 -0.0045757267109112661

2.7199665734476643 -0.0045757267109112661
2.7168473457258209 -0.0056181949234918871

2.7168473457258209 -0.0056181949234918871
2.7150229333140476 -0.0062384554436873043

2.7150229333140476 -0.0062384554436873043
2.7137281180039774 -0.0066849960100223904

2.7137281180039774 -0.0066849960100223904
2.7106088902821335 -0.0077112749740138129

2.7106088902821335 -0.0077112749740138129
2.70748966256029 -0.0087357545949485506

2.70748966256029 -0.0087357545949485506
2.7056245073660459 -0.0093576831655309573

2.7056245073660459 -0.0093576831655309573
2.7043704348384461 -0.0097826713672002925

2.7043704348384461 -0.0097826713672002925
2.7012512071166026 -0.010789685871730386

2.7012512071166026 -0.010789685871730386
2.6981319793947591 -0.011796446854725117

2.6981319793947591 -0.011796446854725117
2.6960403377199822 -0.012476910887374609

2.6960403377199822 -0.012476910887374609
2.6950127516729152 -0.012820650574797277

2.6950127516729152 -0.012820650574797277
2.6918935239510717 -0.01380727381448464

2.6918935239510717 -0.01380727381448464
2.6887742962292278 -0.014797001211760044

2.6887742962292278 -0.014797001211760044
2.686251356666935 -0.015596138609218262

2.686251356666935 -0.015596138609218262
2.6856550685073843 -0.01579466874384668

2.6856550685073843 -0.01579466874384668
2.6825358407855409 -0.016763428836615583

2.6825358407855409 -0.016763428836615583
2.6794166130636969 -0.017736877093709514

2.6794166130636969 -0.017736877093709514
2.6762973853418535 -0.018704075500047563

2.6762973853418535 -0.018704075500047563
2.6762635947126618 -0.018715366331061911

2.6762635947126618 -0.018715366331061911
2.6731781576200095 -0.019668289496471949

2.6731781576200095 -0.019668289496471949
2.6700589298981661 -0.020627738513760523

2.6700589298981661 -0.020627738513760523
2.6669397021763226 -0.021572645399304265

2.6669397021763226 -0.021572645399304265
2.6661171920084037 -0.021834594052905564

2.6661171920084037 -0.021834594052905564
2.6638204744544787 -0.02253942395436483

2.6638204744544787 -0.02253942395436483
2.6607012467326352 -0.023484709565791958

2.6607012467326352 -0.023484709565791958
2.6575820190107917 -0.024421973641932989

2.6575820190107917 -0.024421973641932989
2.6558458521813133 -0.024953821774749217

2.6558458521813133 -0.024953821774749217
2.6544627912889478 -0.025381143035859675

2.6544627912889478 -0.025381143035859675
2.6513435635671043 -0.026308924382403745

2.6513435635671043 -0.026308924382403745
2.6482243358452604 -0.027241833151124328

2.6482243358452604 -0.027241833151124328
2.6454344366576747 -0.028073049496592867

2.6454344366576747 -0.028073049496592867
2.6451051081234169 -0.028177269126535391

2.6451051081234169 -0.028177269126535391
2.6419858804015734 -0.029094284724598407

2.6419858804015734 -0.029094284724598407
2.6388666526797295 -0.030011647196856214

2.6388666526797295 -0.030011647196856214
2.6357474249578861 -0.030912009546675126

2.6357474249578861 -0.030912009546675126
2.6348139830258126 -0.03119227721843652

2.6348139830258126 -0.03119227721843652
2.6326281972360421 -0.031829183075165579

2.6326281972360421 -0.031829183075165579
2.6295089695141987 -0.032721437250506198

2.6295089695141987 -0.032721437250506198
2.6263897417923552 -0.033608939831620811

2.6263897417923552 -0.033608939831620811
2.6239174696201006 -0.034311504940280173

2.6239174696201006 -0.034311504940280173
2.6232705140705113 -0.034503286729004497

2.6232705140705113 -0.034503286729004497
2.6201512863486678 -0.035373895146560454

2.6201512863486678 -0.035373895146560454
2.6170320586268239 -0.036249576537022557

2.6170320586268239 -0.036249576537022557
2.6139128309049804 -0.037113066893897879

2.6139128309049804 -0.037113066893897879
2.6128077102768246 -0.037430732662123829

2.6128077102768246 -0.037430732662123829
2.6107936031831369 -0.037997770608579978

2.6107936031831369 -0.037997770608579978
2.607674375461293 -0.038861757832316844

2.607674375461293 -0.038861757832316844
2.6045551477394495 -0.039728801067974343

2.6045551477394495 -0.039728801067974343
2.6015939872510718 -0.040549960383967479

2.6015939872510718 -0.040549960383967479
2.6014359200176056 -0.040596700979056315

2.6014359200176056 -0.040596700979056315
2.5983166922957621 -0.041456602340112829

2.5983166922957621 -0.041456602340112829
2.5951974645739186 -0.042317649097442969

2.5951974645739186 -0.042317649097442969
2.5920782368520747 -0.04316990559904034

2.5920782368520747 -0.04316990559904034
2.5902795608618723 -0.043669188105811135

2.5902795608618723 -0.043669188105811135
2.5889590091302312 -0.044039640191918389

2.5889590091302312 -0.044039640191918389
2.5858397814083873 -0.044882871266714919

2.5858397814083873 -0.044882871266714919
2.5827205536865439 -0.045730385138313359

2.5827205536865439 -0.045730385138313359
2.5796013259647004 -0.046564622221446916

2.5796013259647004 -0.046564622221446916
2.578798823281371 -0.046788415827654785

2.578798823281371 -0.046788415827654785
2.5764820982428565 -0.047413213550377489

2.5764820982428565 -0.047413213550377489
2.573362870521013 -0.048243480021995855

2.573362870521013 -0.048243480021995855
2.5702436427991691 -0.049071685389079946

2.5702436427991691 -0.049071685389079946
2.5671244150773256 -0.049893893498059901

2.5671244150773256 -0.049893893498059901
2.567075342080722 -0.049907643549498434

2.567075342080722 -0.049907643549498434
2.5640051873554821 -0.050713095464582122

2.5640051873554821 -0.050713095464582122
2.5608859596336382 -0.051527282114546054

2.5608859596336382 -0.051527282114546054
2.5577667319117947 -0.052336809412132944

2.5577667319117947 -0.052336809412132944
2.5551048179380391 -0.053026871271342091

2.5551048179380391 -0.053026871271342091
2.5546475041899508 -0.053151100509020249

2.5546475041899508 -0.053151100509020249
2.5515282764681073 -0.053950876360186195

2.5515282764681073 -0.053950876360186195
2.5484090487462638 -0.054755207130528179

2.5484090487462638 -0.054755207130528179
2.5452898210244199 -0.055555262560315566

2.5452898210244199 -0.055555262560315566
2.5429995665036693 -0.05614609899318574

2.5429995665036693 -0.05614609899318574
2.5421705933025764 -0.056366603791618911

2.5421705933025764 -0.056366603791618911
2.5390513655807325 -0.057158313845972718

2.5390513655807325 -0.057158313845972718
2.535932137858889 -0.057954944036804928

2.535932137858889 -0.057954944036804928
2.5328129101370456 -0.058743316933355424

2.5328129101370456 -0.058743316933355424
2.5307593429304793 -0.05926532671502939

2.5307593429304793 -0.05926532671502939
2.5296936824152016 -0.059541715519942279

2.5296936824152016 -0.059541715519942279
2.5265744546933582 -0.060315488110858941

2.5265744546933582 -0.060315488110858941
2.5234552269715143 -0.061090217986412065

2.5234552269715143 -0.061090217986412065
2.5203359992496708 -0.061854784029910327

2.5203359992496708 -0.061854784029910327
2.5181792862340453 -0.062384554436873046

2.5181792862340453 -0.062384554436873046
2.5172167715278273 -0.062626626442572872

2.5172167715278273 -0.062626626442572872
2.5140975438059834 -0.063377478383530444

2.5140975438059834 -0.063377478383530444
2.5109783160841399 -0.064133678071293942

2.5109783160841399 -0.064133678071293942
2.507859088362296 -0.064888569098507584

2.507859088362296 -0.064888569098507584
2.5053313687224965 -0.065503782158716689

2.5053313687224965 -0.065503782158716689
2.5047398606404525 -0.065653410104837107

2.5047398606404525 -0.065653410104837107
2.501620632918609 -0.066407409201434703

2.501620632918609 -0.066407409201434703
2.4985014051967651 -0.067169447826596354

2.4985014051967651 -0.067169447826596354
2.4953821774749216 -0.067930594047342058

2.4953821774749216 -0.067930594047342058
2.4925299455025871 -0.068623009880560346

2.4925299455025871 -0.068623009880560346
2.4922629497530777 -0.068691239762740178

2.4922629497530777 -0.068691239762740178
2.4891437220312342 -0.069437201326569914

2.4891437220312342 -0.069437201326569914
2.4860244943093908 -0.070176455197288726

2.4860244943093908 -0.070176455197288726
2.4829052665875468 -0.07090298587638165

2.4829052665875468 -0.07090298587638165
2.4797860388657034 -0.071611819782826006

2.4797860388657034 -0.071611819782826006
2.4792297178467675 -0.071742237602403988

2.4792297178467675 -0.071742237602403988
2.4766668111438599 -0.072321011755437328

2.4766668111438599 -0.072321011755437328
2.473547583422016 -0.073015875882649295

2.473547583422016 -0.073015875882649295
2.4704283557001725 -0.073708802244403182

2.4704283557001725 -0.073708802244403182
2.4673091279783286 -0.07439953876173068

2.4673091279783286 -0.07439953876173068
2.4652546785588969 -0.074861465324247645

2.4652546785588969 -0.074861465324247645
2.4641899002564851 -0.075105258008438577

2.4641899002564851 -0.075105258008438577
2.4610706725346416 -0.075800250089488624

2.4610706725346416 -0.075800250089488624
2.4579514448127977 -0.076504420607793444

2.4579514448127977 -0.076504420607793444
2.4548322170909542 -0.077209187869770074

2.4548322170909542 -0.077209187869770074
2.4517129893691103 -0.077908061634660533

2.4517129893691103 -0.077908061634660533
2.451402980909009 -0.077980693046091301

2.451402980909009 -0.077980693046091301
2.4485937616472668 -0.078609230728232518

2.4485937616472668 -0.078609230728232518
2.4454745339254234 -0.07930067339728987

2.4454745339254234 -0.07930067339728987
2.4423553062035794 -0.079985369357810171

2.4423553062035794 -0.079985369357810171
2.439236078481736 -0.080660135464500599

2.439236078481736 -0.080660135464500599
2.4372074999650875 -0.081099920767934958

2.4372074999650875 -0.081099920767934958
2.436116850759892 -0.081340231739528465

2.436116850759892 -0.081340231739528465
2.4329976230380486 -0.08200197560627133

2.4329976230380486 -0.08200197560627133
2.4298783953162051 -0.082665514507949678

2.4298783953162051 -0.082665514507949678
2.4267591675943612 -0.083325355208159535

2.4267591675943612 -0.083325355208159535
2.4236399398725177 -0.083976205323281025

2.4236399398725177 -0.083976205323281025
2.4225021200297605 -0.0842191484897786

2.4225021200297605 -0.0842191484897786
2.4205207121506738 -0.084636122530097516

2.4205207121506738 -0.084636122530097516
2.4174014844288303 -0.085280874677283972

2.4174014844288303 -0.085280874677283972
2.4142822567069868 -0.085923423124994167

2.4142822567069868 -0.085923423124994167
2.4111630289851429 -0.086560476320348953

2.4111630289851429 -0.086560476320348953
2.4080438012632994 -0.087187621791662853

2.4080438012632994 -0.087187621791662853
2.4073156788046868 -0.087338376211622257

2.4073156788046868 -0.087338376211622257
2.4049245735414555 -0.087820063344161856

2.4049245735414555 -0.087820063344161856
2.401805345819612 -0.088441182479975344

2.401805345819612 -0.088441182479975344
2.3986861180977685 -0.089059150948736607

2.3986861180977685 -0.089059150948736607
2.3955668903759246 -0.089672501692845588

2.3955668903759246 -0.089672501692845588
2.3924476626540812 -0.090276937088890119

2.3924476626540812 -0.090276937088890119
2.3915390802825081 -0.090457603933465913

2.3915390802825081 -0.090457603933465913
2.3893284349322372 -0.09088818924599508

2.3893284349322372 -0.09088818924599508
2.3862092072103938 -0.091489124513200459

2.3862092072103938 -0.091489124513200459
2.3830899794885503 -0.092090374809884218

2.3830899794885503 -0.092090374809884218
2.3799707517667064 -0.092690978410417652

2.3799707517667064 -0.092690978410417652
2.3768515240448629 -0.09328764640946402

2.3768515240448629 -0.09328764640946402
2.3753697547664205 -0.093576831655309556

2.3753697547664205 -0.093576831655309556
2.373732296323019 -0.093895627804328946

2.373732296323019 -0.093895627804328946
2.3706130686011755 -0.094492849771080523

2.3706130686011755 -0.094492849771080523
2.367493840879332 -0.095092524585182955

2.367493840879332 -0.095092524585182955
2.3643746131574881 -0.095689029729694619

2.3643746131574881 -0.095689029729694619
2.3612553854356446 -0.096278658185157656

2.3612553854356446 -0.096278658185157656
2.3590382681256248 -0.096696059377153212

2.3590382681256248 -0.096696059377153212
2.3581361577138007 -0.096869284803586184

2.3581361577138007 -0.096869284803586184
2.3550169299919572 -0.097443886790688411

2.3550169299919572 -0.097443886790688411
2.3518977022701137 -0.098017458477623734

2.3518977022701137 -0.098017458477623734
2.3487784745482698 -0.098588061143470296

2.3487784745482698 -0.098588061143470296
2.3456592468264263 -0.099158143050269751

2.3456592468264263 -0.099158143050269751
2.3425400191045824 -0.099726391738668249

2.3425400191045824 -0.099726391738668249
2.3420722795017777 -0.099815287098996869

2.3420722795017777 -0.099815287098996869
2.339420791382739 -0.10030303465260773

2.339420791382739 -0.10030303465260773
2.3363015636608955 -0.10087728243004621

2.3363015636608955 -0.10087728243004621
2.3331823359390516 -0.10145104487028417

2.3331823359390516 -0.10145104487028417
2.3300631082172081 -0.10202013025459637

2.3300631082172081 -0.10202013025459637
2.3269438804953642 -0.10257926000969306

2.3269438804953642 -0.10257926000969306
2.32494559040722 -0.10293451482084051

2.32494559040722 -0.10293451482084051
2.3238246527735207 -0.10313623113343318

2.3238246527735207 -0.10313623113343318
2.3207054250516772 -0.10367352278597031

2.3207054250516772 -0.10367352278597031
2.3175861973298333 -0.10420439909404017

2.3175861973298333 -0.10420439909404017
2.3144669696079898 -0.10472670791305561

2.3144669696079898 -0.10472670791305561
2.3113477418861459 -0.10524275928303553

2.3113477418861459 -0.10524275928303553
2.3082285141643024 -0.10575299324007177

2.3082285141643024 -0.10575299324007177
2.3064060618146689 -0.10605374254268417

2.3064060618146689 -0.10605374254268417
2.3051092864424589 -0.10626923975030146

2.3051092864424589 -0.10626923975030146
2.301990058720615 -0.106777962821752

2.301990058720615 -0.106777962821752
2.2988708309987715 -0.10729104258270621

2.2988708309987715 -0.10729104258270621
2.2957516032769281 -0.1078050940418271

2.2957516032769281 -0.1078050940418271
2.2926323755550841 -0.10831890416032774

2.2926323755550841 -0.10831890416032774
2.2895131478332407 -0.10882897459943937

2.2895131478332407 -0.10882897459943937
2.2874076917517936 -0.10917297026452782

2.2874076917517936 -0.10917297026452782
2.2863939201113967 -0.10934097072043589

2.2863939201113967 -0.10934097072043589
2.2832746923895533 -0.10983942107121995

2.2832746923895533 -0.10983942107121995
2.2801554646677098 -0.11033328496002487

2.2801554646677098 -0.11033328496002487
2.2770362369458659 -0.11081766754097643

2.2770362369458659 -0.11081766754097643
2.2739170092240224 -0.11129188991922383

2.2739170092240224 -0.11129188991922383
2.2707977815021785 -0.111756657669234

2.2707977815021785 -0.111756657669234
2.267678553780335 -0.11221165740421776

2.267678553780335 -0.11221165740421776
2.2671360541422647 -0.11229219798637147

2.2671360541422647 -0.11229219798637147
2.2645593260584915 -0.11266564411426809

2.2645593260584915 -0.11266564411426809
2.2614400983366476 -0.11311419505209339

2.2614400983366476 -0.11311419505209339
2.2583208706148041 -0.11356280888663199

2.2583208706148041 -0.11356280888663199
2.2552016428929602 -0.11401288641161351

2.2552016428929602 -0.11401288641161351
2.2520824151711167 -0.1144651351365383

2.2520824151711167 -0.1144651351365383
2.2489631874492733 -0.11491936356992392

2.2489631874492733 -0.11491936356992392
2.2458439597274293 -0.11537362360129298

2.2458439597274293 -0.11537362360129298
2.245593337640523 -0.11541142570821512

2.245593337640523 -0.11541142570821512
2.2427247320055859 -0.11583083867350934

2.2427247320055859 -0.11583083867350934
2.2396055042837419 -0.11628641673148718

2.2396055042837419 -0.11628641673148718
2.2364862765618985 -0.11674042421614522

2.2364862765618985 -0.11674042421614522
2.233367048840055 -0.11719140764116946

2.233367048840055 -0.11719140764116946
2.2302478211182111 -0.11763830856610773

2.2302478211182111 -0.11763830856610773
2.2271285933963676 -0.11808034611107705

2.2271285933963676 -0.11808034611107705
2.2240093656745237 -0.11851647383987714

2.2240093656745237 -0.11851647383987714
2.2239101047503076 -0.11853065343005878

2.2239101047503076 -0.11853065343005878
2.2208901379526802 -0.11894801210051606

2.2208901379526802 -0.11894801210051606
2.2177709102308367 -0.11937378133664547

2.2177709102308367 -0.11937378133664547
2.2146516825089928 -0.11979443454764127

2.2146516825089928 -0.11979443454764127
2.2115324547871493 -0.12021045990828375

2.2115324547871493 -0.12021045990828375
2.2084132270653054 -0.12062277340603708

2.2084132270653054 -0.12062277340603708
2.2052939993434619 -0.12103227619218726

2.2052939993434619 -0.12103227619218726
2.2021747716216185 -0.12143781725107231

2.2021747716216185 -0.12143781725107231
2.2005531267259895 -0.12164988115190242

2.2005531267259895 -0.12164988115190242
2.1990555438997745 -0.12184595812618297

2.1990555438997745 -0.12184595812618297
2.1959363161779311 -0.12224650296912511

2.1959363161779311 -0.12224650296912511
2.1928170884560871 -0.12264506772827731

2.1928170884560871 -0.12264506772827731
2.1896978607342437 -0.12303829389844442

2.1896978607342437 -0.12303829389844442
2.1865786330124002 -0.12342453583330318

2.1865786330124002 -0.12342453583330318
2.1834594052905563 -0.12380242952048975

2.1834594052905563 -0.12380242952048975
2.1803401775687128 -0.12417129541476647

2.1803401775687128 -0.12417129541476647
2.1772209498468689 -0.12453087845884767

2.1772209498468689 -0.12453087845884767
2.1751256099459155 -0.12476910887374608

2.1751256099459155 -0.12476910887374608
2.1741017221250254 -0.12488664113369674

2.1741017221250254 -0.12488664113369674
2.1709824944031819 -0.12523417633704553

2.1709824944031819 -0.12523417633704553
2.167863266681338 -0.12558115894865232

2.167863266681338 -0.12558115894865232
2.1647440389594945 -0.12592870875285617

2.1647440389594945 -0.12592870875285617
2.1616248112376506 -0.12627873272145199

2.1616248112376506 -0.12627873272145199
2.1585055835158071 -0.12663215404811085

2.1585055835158071 -0.12663215404811085
2.1553863557939636 -0.12698892700843067

2.1553863557939636 -0.12698892700843067
2.1522671280721197 -0.12734807308446533

2.1522671280721197 -0.12734807308446533
2.1491479003502763 -0.12770649878717844

2.1491479003502763 -0.12770649878717844
2.1475765227386061 -0.12788833659558974

2.1475765227386061 -0.12788833659558974
2.1460286726284323 -0.12806747456144388

2.1460286726284323 -0.12806747456144388
2.1429094449065889 -0.12842133901701375

2.1429094449065889 -0.12842133901701375
2.1397902171847454 -0.12877116242085712

2.1397902171847454 -0.12877116242085712
2.1366709894629015 -0.1291135703828378

2.1366709894629015 -0.1291135703828378
2.133551761741058 -0.12944748874833251

2.133551761741058 -0.12944748874833251
2.1304325340192141 -0.12977281410242794

2.1304325340192141 -0.12977281410242794
2.1273133062973706 -0.1300902030913117

2.1273133062973706 -0.1300902030913117
2.1241940785755271 -0.13040081679752516

2.1241940785755271 -0.13040081679752516
2.1210748508536832 -0.13070588314268808

2.1210748508536832 -0.13070588314268808
2.1179556231318397 -0.13100620946155228

2.1179556231318397 -0.13100620946155228
2.1179416959575992 -0.13100756431743338

2.1179416959575992 -0.13100756431743338
2.1148363954099962 -0.13130249799873819

2.1148363954099962 -0.13130249799873819
2.1117171676881523 -0.13159466993440894

2.1117171676881523 -0.13159466993440894
2.1085979399663088 -0.13188200741606343

2.1085979399663088 -0.13188200741606343
2.1054787122444649 -0.13216359739154415

2.1054787122444649 -0.13216359739154415
2.1023594845226214 -0.13243874422719584

2.1023594845226214 -0.13243874422719584
2.099240256800778 -0.13270767112205539

2.099240256800778 -0.13270767112205539
2.0961210290789341 -0.13297193468542856

2.0961210290789341 -0.13297193468542856
2.0930018013570906 -0.13323405169541913

2.0930018013570906 -0.13323405169541913
2.0898825736352467 -0.13349705230672879

2.0898825736352467 -0.13349705230672879
2.0867633459134032 -0.13376411491196574

2.0867633459134032 -0.13376411491196574
2.0836441181915597 -0.13403687163479525

2.0836441181915597 -0.13403687163479525
2.0826599048416514 -0.13412679203927705

2.0826599048416514 -0.13412679203927705
2.0805248904697158 -0.13432029048617489

2.0805248904697158 -0.13432029048617489
2.0774056627478723 -0.13461024262766924

2.0774056627478723 -0.13461024262766924
2.0742864350260284 -0.13490764697515337

2.0742864350260284 -0.13490764697515337
2.0711672073041849 -0.13520817677251035

2.0711672073041849 -0.13520817677251035
2.0680479795823414 -0.13550663670808322

2.0680479795823414 -0.13550663670808322
2.0649287518604975 -0.13579717995042553

2.0649287518604975 -0.13579717995042553
2.061809524138654 -0.13607433838856392

2.061809524138654 -0.13607433838856392
2.0586902964168101 -0.13633432915993787

2.0586902964168101 -0.13633432915993787
2.0555710686949666 -0.136575852020213

2.0555710686949666 -0.136575852020213
2.0524518409731232 -0.13680018078172371

2.0524518409731232 -0.13680018078172371
2.0493326132512792 -0.13701083556434918

2.0493326132512792 -0.13701083556434918
2.0462133855294358 -0.13721221667190442

2.0462133855294358 -0.13721221667190442
2.0456858460843739 -0.13724601976112069

2.0456858460843739 -0.13724601976112069
2.0430941578075918 -0.13741033328266974

2.0430941578075918 -0.13741033328266974
2.0399749300857484 -0.13760782568786539

2.0399749300857484 -0.13760782568786539
2.0368557023639049 -0.13780811469584536

2.0368557023639049 -0.13780811469584536
2.033736474642061 -0.13801268594077096

2.033736474642061 -0.13801268594077096
2.0306172469202175 -0.13822197386368926

2.0306172469202175 -0.13822197386368926
2.0274980191983736 -0.13843575426523944

2.0274980191983736 -0.13843575426523944
2.0243787914765301 -0.13865343269620028

2.0243787914765301 -0.13865343269620028
2.0212595637546866 -0.13887416009946091

2.0212595637546866 -0.13887416009946091
2.0181403360328427 -0.13909700154291388

2.0181403360328427 -0.13909700154291388
2.0150211083109992 -0.13932097698213217

2.0150211083109992 -0.13932097698213217
2.0119018805891553 -0.13954476070484789

2.0119018805891553 -0.13954476070484789
2.0087826528673118 -0.1397661763321226

2.0087826528673118 -0.1397661763321226
2.0056634251454684 -0.13998205624543983

2.0056634251454684 -0.13998205624543983
2.0025441974236244 -0.14018866227932364

2.0025441974236244 -0.14018866227932364
1.9997060771463562 -0.14036524748296433

1.9997060771463562 -0.14036524748296433
1.9994249697017812 -0.14038295353189739

1.9994249697017812 -0.14038295353189739
1.9963057419799375 -0.14056193370692338

1.9963057419799375 -0.14056193370692338
1.9931865142580938 -0.14072534767384964

1.9931865142580938 -0.14072534767384964
1.9900672865362501 -0.14087390520457987

1.9900672865362501 -0.14087390520457987
1.9869480588144066 -0.14101080953182463

1.9869480588144066 -0.14101080953182463
1.9838288310925629 -0.14114091109916257

1.9838288310925629 -0.14114091109916257
1.9807096033707192 -0.14126975878624715

1.9807096033707192 -0.14126975878624715
1.9775903756488755 -0.14140250297621973

1.9775903756488755 -0.14140250297621973
1.9744711479270318 -0.14154273463799258

1.9744711479270318 -0.14154273463799258
1.9713519202051883 -0.14169181222469679

1.9713519202051883 -0.14169181222469679
1.9682326924833446 -0.14184893043976082

1.9682326924833446 -0.14184893043976082
1.9651134647615009 -0.14201166173410615

1.9651134647615009 -0.14201166173410615
1.9619942370396573 -0.14217655488074019

1.9619942370396573 -0.14217655488074019
1.9588750093178136 -0.14233966511849905

1.9588750093178136 -0.14233966511849905
1.9557557815959701 -0.14249712255312708

1.9557557815959701 -0.14249712255312708
1.9526365538741264 -0.14264568510301864

1.9526365538741264 -0.14264568510301864
1.9495173261522827 -0.14278314723392213

1.9495173261522827 -0.14278314723392213
1.946398098430439 -0.14290850336397687

1.946398098430439 -0.14290850336397687
1.9432788707085953 -0.14302195139631532

1.9432788707085953 -0.14302195139631532
1.9401596429867518 -0.14312492578355279

1.9401596429867518 -0.14312492578355279
1.9370404152649081 -0.14322004757925053

1.9370404152649081 -0.14322004757925053
1.9339211875430644 -0.14331070763115486

1.9339211875430644 -0.14331070763115486
1.9308019598212207 -0.14340026152922306

1.9308019598212207 -0.14340026152922306
1.927915715505192 -0.143484475204808

1.927915715505192 -0.143484475204808
1.927682732099377 -0.14349131621894373

1.927682732099377 -0.14349131621894373
1.9245635043775335 -0.14358488607366357

1.9245635043775335 -0.14358488607366357
1.9214442766556898 -0.143680436867338

1.9214442766556898 -0.143680436867338
1.9183250489338461 -0.1437754730042097

1.9183250489338461 -0.1437754730042097
1.9152058212120024 -0.14386659931687767

1.9152058212120024 -0.14386659931687767
1.9120865934901587 -0.14395079656584259

1.9120865934901587 -0.14395079656584259
1.9089673657683153 -0.14402664528570563

1.9089673657683153 -0.14402664528570563
1.9058481380464716 -0.14409507019877729

1.9058481380464716 -0.14409507019877729
1.9027289103246279 -0.14415920833381934

1.9027289103246279 -0.14415920833381934
1.8996096826027842 -0.14422338305947097

1.8996096826027842 -0.14422338305947097
1.8964904548809407 -0.1442915425301905

1.8964904548809407 -0.1442915425301905
1.893371227159097 -0.14436570636581977

1.893371227159097 -0.14436570636581977
1.8902519994372533 -0.14444492791386956

1.8902519994372533 -0.14444492791386956
1.8871327717154096 -0.14452513754653359

1.8871327717154096 -0.14452513754653359
1.8840135439935659 -0.14460004838331911

1.8840135439935659 -0.14460004838331911
1.8808943162717224 -0.14466301895448386

1.8808943162717224 -0.14466301895448386
1.8777750885498787 -0.14470934668799476

1.8777750885498787 -0.14470934668799476
1.874655860828035 -0.14473815051360572

1.874655860828035 -0.14473815051360572
1.8715366331061913 -0.14475302735617956

1.8715366331061913 -0.14475302735617956
1.8684174053843476 -0.14476110776741277

1.8684174053843476 -0.14476110776741277
1.8652981776625042 -0.14477087403123157

1.8652981776625042 -0.14477087403123157
1.8621789499406605 -0.14478964084846699

1.8621789499406605 -0.14478964084846699
1.8590597222188168 -0.14482155931034935

1.8590597222188168 -0.14482155931034935
1.8559404944969731 -0.14486660467530876

1.8559404944969731 -0.14486660467530876
1.8528212667751294 -0.14492062080816456

1.8528212667751294 -0.14492062080816456
1.8497020390532859 -0.14497630310343854

1.8497020390532859 -0.14497630310343854
1.8465828113314422 -0.14502489345906255

1.8465828113314422 -0.14502489345906255
1.8434635836095985 -0.1450583035985071

1.8434635836095985 -0.1450583035985071
1.8403443558877548 -0.14507132951204943

1.8403443558877548 -0.14507132951204943
1.8372251281659111 -0.14506329768167073

1.8372251281659111 -0.14506329768167073
1.8341059004440676 -0.14503822913012662

1.8341059004440676 -0.14503822913012662
1.8309866727222239 -0.14500354043379135

1.8309866727222239 -0.14500354043379135
1.8278674450003802 -0.14496771663114008

1.8278674450003802 -0.14496771663114008
1.8247482172785365 -0.14493774109251184

1.8247482172785365 -0.14493774109251184
1.8216289895566928 -0.14491738527605671

1.8216289895566928 -0.14491738527605671
1.8185097618348494 -0.14490660421155499

1.8185097618348494 -0.14490660421155499
1.8153905341130057 -0.1449019461758084

1.8153905341130057 -0.1449019461758084
1.812271306391162 -0.14489769200902836

1.812271306391162 -0.14489769200902836
1.8091520786693183 -0.14488741658766419

1.8091520786693183 -0.14488741658766419
1.8060328509474748 -0.14486573975773459

1.8060328509474748 -0.14486573975773459
1.8029136232256311 -0.14482992395332939

1.8029136232256311 -0.14482992395332939
1.7997943955037874 -0.1447808387952067

1.7997943955037874 -0.1447808387952067
1.7966751677819437 -0.14472273355559431

1.7966751677819437 -0.14472273355559431
1.7935559400601 -0.14466170984924304

1.7935559400601 -0.14466170984924304
1.7904367123382565 -0.14460353130820663

1.7904367123382565 -0.14460353130820663
1.7873174846164128 -0.14455173892246162

1.7873174846164128 -0.14455173892246162
1.7841982568945691 -0.1445067633225641

1.7841982568945691 -0.1445067633225641
1.7810790291727254 -0.14446614865825733

1.7810790291727254 -0.14446614865825733
1.7779598014508817 -0.14442553556854132

1.7779598014508817 -0.14442553556854132
1.7748405737290383 -0.14437990213803634

1.7748405737290383 -0.14437990213803634
1.7717213460071946 -0.14432472172628877

1.7717213460071946 -0.14432472172628877
1.7686021182853509 -0.14425696923295944

1.7686021182853509 -0.14425696923295944
1.7654828905635072 -0.14417596379398301

1.7654828905635072 -0.14417596379398301
1.7623636628416635 -0.14408374807738375

1.7623636628416635 -0.14408374807738375
1.75924443511982 -0.14398455985407968

1.75924443511982 -0.14398455985407968
1.7561252073979763 -0.14388344276751935

1.7561252073979763 -0.14388344276751935
1.7530059796761326 -0.14378467779323073

1.7530059796761326 -0.14378467779323073
1.7498867519542889 -0.14369063102557911

1.7498867519542889 -0.14369063102557911
1.7467675242324452 -0.14360094837924997

1.7467675242324452 -0.14360094837924997
1.7436482965106017 -0.14351198000057866

1.7436482965106017 -0.14351198000057866
1.7427099993309729 -0.143484475204808

1.7427099993309729 -0.143484475204808
1.740529068788758 -0.14342072564909783

1.740529068788758 -0.14342072564909783
1.7374098410669143 -0.14332400910324089

1.7374098410669143 -0.14332400910324089
1.7342906133450706 -0.14321607921011223

1.7342906133450706 -0.14321607921011223
1.7311713856232269 -0.14309540290971862

1.7311713856232269 -0.14309540290971862
1.7280521579013834 -0.14296354980071738

1.7280521579013834 -0.14296354980071738
1.7249329301795397 -0.14282428875096398

1.7249329301795397 -0.14282428875096398
1.721813702457696 -0.14268281947537828

1.721813702457696 -0.14268281947537828
1.7186944747358524 -0.14254421364655329

1.7186944747358524 -0.14254421364655329
1.7155752470140089 -0.14241206401610701

1.7155752470140089 -0.14241206401610701
1.7124560192921652 -0.14228724204201718

1.7124560192921652 -0.14228724204201718
1.7093367915703215 -0.14216687978786641

1.7093367915703215 -0.14216687978786641
1.7062175638484778 -0.14204531716454549

1.7062175638484778 -0.14204531716454549
1.7030983361266341 -0.14191656640070122

1.7030983361266341 -0.14191656640070122
1.6999791084047906 -0.14177603852211274

1.6999791084047906 -0.14177603852211274
1.6968598806829469 -0.14162139936258689

1.6968598806829469 -0.14162139936258689
1.6937406529611032 -0.14145353300902874

1.6937406529611032 -0.14145353300902874
1.6906214252392595 -0.14127699620731307

1.6906214252392595 -0.14127699620731307
1.6875021975174158 -0.14109854518045481

1.6875021975174158 -0.14109854518045481
1.6843829697955723 -0.14092420025171554

1.6843829697955723 -0.14092420025171554
1.6812637420737286 -0.14075715134221695

1.6812637420737286 -0.14075715134221695
1.6781445143518849 -0.14059740021526074

1.6781445143518849 -0.14059740021526074
1.6750252866300412 -0.14044215755349823

1.6750252866300412 -0.14044215755349823
1.6734713287073386 -0.14036524748296433

1.6734713287073386 -0.14036524748296433
1.6719060589081975 -0.14028778475602283

1.6719060589081975 -0.14028778475602283
1.6687868311863541 -0.14013206747318563

1.6687868311863541 -0.14013206747318563
1.6656676034645104 -0.13996750609495073

1.6656676034645104 -0.13996750609495073
1.6625483757426667 -0.13978976484094127

1.6625483757426667 -0.13978976484094127
1.659429148020823 -0.13959703925531519

1.659429148020823 -0.13959703925531519
1.6563099202989793 -0.13938911845412372

1.6563099202989793 -0.13938911845412372
1.6531906925771358 -0.13916790735587431

1.6531906925771358 -0.13916790735587431
1.6500714648552921 -0.13893785345082119

1.6500714648552921 -0.13893785345082119
1.6469522371334484 -0.13870503323272393

1.6469522371334484 -0.13870503323272393
1.6438330094116047 -0.13847593363038241

1.6438330094116047 -0.13847593363038241
1.640713781689761 -0.13825649303461571

1.640713781689761 -0.13825649303461571
1.6375945539679175 -0.1380504838352504

1.6375945539679175 -0.1380504838352504
1.6344753262460738 -0.13785784755788369

1.6344753262460738 -0.13785784755788369
1.6313560985242301 -0.13767366974893325

1.6313560985242301 -0.13767366974893325
1.6282368708023864 -0.13748874008378406

1.6282368708023864 -0.13748874008378406
1.625117643080543 -0.13729241954734944

1.625117643080543 -0.13729241954734944
1.6244573810621736 -0.13724601976112069

1.6244573810621736 -0.13724601976112069
1.6219984153586993 -0.13707479288364774

1.6219984153586993 -0.13707479288364774
1.6188791876368556 -0.13683445083037185

1.6188791876368556 -0.13683445083037185
1.6157599599150119 -0.13657105870661349

1.6157599599150119 -0.13657105870661349
1.6126407321931682 -0.13629042368867228

1.6126407321931682 -0.13629042368867228
1.6095215044713247 -0.13600274067861509

1.6095215044713247 -0.13600274067861509
1.606402276749481 -0.13571964489477545

1.606402276749481 -0.13571964489477545
1.6032830490276373 -0.13544999911800654

1.6032830490276373 -0.13544999911800654
1.6001638213057936 -0.13519714830341753

1.6001638213057936 -0.13519714830341753
1.5970445935839499 -0.13495882614831151

1.5970445935839499 -0.13495882614831151
1.5939253658621064 -0.13472869388520053

1.5939253658621064 -0.13472869388520053
1.5908061381402627 -0.13449776552064263

1.5908061381402627 -0.13449776552064263
1.587686910418419 -0.13425651441988332

1.587686910418419 -0.13425651441988332
1.5861239160479237 -0.13412679203927705

1.5861239160479237 -0.13412679203927705
1.5845676826965753 -0.13399754442663891

1.5845676826965753 -0.13399754442663891
1.5814484549747316 -0.13372438224036495

1.5814484549747316 -0.13372438224036495
1.5783292272528882 -0.13343446293014583

1.5783292272528882 -0.13343446293014583
1.5752099995310445 -0.13313329982721883

1.5752099995310445 -0.13313329982721883
1.5720907718092008 -0.13282786985087972

1.5720907718092008 -0.13282786985087972
1.5689715440873571 -0.13252309224380074

1.5689715440873571 -0.13252309224380074
1.5658523163655134 -0.13222127837796216

1.5658523163655134 -0.13222127837796216
1.5627330886436699 -0.13192224663016075

1.5627330886436699 -0.13192224663016075
1.5596138609218262 -0.13162408621135921

1.5596138609218262 -0.13162408621135921
1.5564946331999825 -0.13132448781707573

1.5564946331999825 -0.13132448781707573
1.5533754054781388 -0.13102233671466509

1.5533754054781388 -0.13102233671466509
1.5532277560909729 -0.13100756431743338

1.5532277560909729 -0.13100756431743338
1.5502561777562953 -0.13071681462861603

1.5502561777562953 -0.13071681462861603
1.5471369500344516 -0.13041015504330333

1.5471369500344516 -0.13041015504330333
1.5440177223126079 -0.13010355369884233

1.5440177223126079 -0.13010355369884233
1.5408984945907642 -0.12979802864371537

1.5408984945907642 -0.12979802864371537
1.5377792668689205 -0.12949150196032269

1.5377792668689205 -0.12949150196032269
1.534660039147077 -0.12917933735075796

1.534660039147077 -0.12917933735075796
1.5315408114252334 -0.12885730614069735

1.5315408114252334 -0.12885730614069735
1.5284215837033897 -0.12852271508790075

1.5284215837033897 -0.12852271508790075
1.525302355981546 -0.12817495523239011

1.525302355981546 -0.12817495523239011
1.522815219423937 -0.12788833659558974

1.522815219423937 -0.12788833659558974
1.5221831282597023 -0.12781419892314499

1.5221831282597023 -0.12781419892314499
1.5190639005378588 -0.12744889630058653

1.5190639005378588 -0.12744889630058653
1.5159446728160151 -0.12707816634526595

1.5159446728160151 -0.12707816634526595
1.5128254450941714 -0.1267083818690827

1.5128254450941714 -0.1267083818690827
1.5097062173723277 -0.1263428348552384

1.5097062173723277 -0.1263428348552384
1.506586989650484 -0.12598265442499632

1.506586989650484 -0.12598265442499632
1.5034677619286405 -0.12562618002867626

1.5034677619286405 -0.12562618002867626
1.5003485342067968 -0.12526932718852207

1.5003485342067968 -0.12526932718852207
1.4972293064849531 -0.12491000605137047

1.4972293064849531 -0.12491000605137047
1.4960355546008595 -0.12476910887374608

1.4960355546008595 -0.12476910887374608
1.4941100787631094 -0.12454339832568005

1.4941100787631094 -0.12454339832568005
1.4909908510412657 -0.12418068585717233

1.4909908510412657 -0.12418068585717233
1.4878716233194222 -0.1238182966384601

1.4878716233194222 -0.1238182966384601
1.4847523955975785 -0.12345510952915392

1.4847523955975785 -0.12345510952915392
1.4816331678757348 -0.12308759144500113

1.4816331678757348 -0.12308759144500113
1.4785139401538911 -0.12271096959616445

1.4785139401538911 -0.12271096959616445
1.4753947124320475 -0.12232085124424777

1.4753947124320475 -0.12232085124424777
1.472275484710204 -0.12191605446742994

1.472275484710204 -0.12191605446742994
1.4703027477335675 -0.12164988115190242

1.4703027477335675 -0.12164988115190242
1.4691562569883603 -0.1214937325165201

1.4691562569883603 -0.1214937325165201
1.4660370292665166 -0.12106925898032082

1.4660370292665166 -0.12106925898032082
1.4629178015446729 -0.12064074521962094

1.4629178015446729 -0.12064074521962094
1.4597985738228294 -0.12021815989538819

1.4597985738228294 -0.12021815989538819
1.4566793461009857 -0.11980786765037311

1.4566793461009857 -0.11980786765037311
1.453560118379142 -0.11941008505372905

1.453560118379142 -0.11941008505372905
1.4504408906572983 -0.11901829684672299

1.4504408906572983 -0.11901829684672299
1.4473216629354546 -0.11862288247489711

1.4473216629354546 -0.11862288247489711
1.4466384752148089 -0.11853065343005878

1.4466384752148089 -0.11853065343005878
1.4442024352136111 -0.1182076634492501

1.4442024352136111 -0.1182076634492501
1.4410832074917674 -0.11777421642209569

1.4410832074917674 -0.11777421642209569
1.4379639797699237 -0.11731890549204388

1.4379639797699237 -0.11731890549204388
1.43484475204808 -0.116848767316556

1.43484475204808 -0.116848767316556
1.4317255243262363 -0.11637423870614685

1.4317255243262363 -0.11637423870614685
1.4286062966043929 -0.1159047795833711

1.4286062966043929 -0.1159047795833711
1.4254870688825492 -0.11544711626011094

1.4254870688825492 -0.11544711626011094
1.4252458533772756 -0.11541142570821512

1.4252458533772756 -0.11541142570821512
1.4223678411607055 -0.11499867921605486

1.4223678411607055 -0.11499867921605486
1.4192486134388618 -0.11455992195709357

1.4192486134388618 -0.11455992195709357
1.4161293857170181 -0.1141241297731198

1.4161293857170181 -0.1141241297731198
1.4130101579951746 -0.11368419816649962

1.4130101579951746 -0.11368419816649962
1.4098909302733309 -0.1132325617714896

1.4098909302733309 -0.1132325617714896
1.4067717025514872 -0.11276641607327081

1.4067717025514872 -0.11276641607327081
1.4036718725567647 -0.11229219798637147

1.4036718725567647 -0.11229219798637147
1.4036524748296435 -0.11228911292070134

1.4036524748296435 -0.11228911292070134
1.4005332471077998 -0.11180652549998203

1.4005332471077998 -0.11180652549998203
1.3974140193859563 -0.11132177808373568

1.3974140193859563 -0.11132177808373568
1.3942947916641126 -0.11083529376793676

1.3942947916641126 -0.11083529376793676
1.3911755639422689 -0.1103454402079042

1.3911755639422689 -0.1103454402079042
1.3880563362204252 -0.10984972882192327

1.3880563362204252 -0.10984972882192327
1.3849371084985815 -0.10934948935757703

1.3849371084985815 -0.10934948935757703
1.3838767278198723 -0.10917297026452782

1.3838767278198723 -0.10917297026452782
1.3818178807767381 -0.10883466287050109

1.3818178807767381 -0.10883466287050109
1.3786986530548944 -0.10832135122227612

1.3786986530548944 -0.10832135122227612
1.3755794253330507 -0.10780570236835528

1.3755794253330507 -0.10780570236835528
1.372460197611207 -0.10729311961465175

1.372460197611207 -0.10729311961465175
1.3693409698893635 -0.10678587185944026

1.3693409698893635 -0.10678587185944026
1.3662217421675198 -0.10628600604459429

1.3662217421675198 -0.10628600604459429
1.3647951686988875 -0.10605374254268417

1.3647951686988875 -0.10605374254268417
1.3631025144456761 -0.10577909387746454

1.3631025144456761 -0.10577909387746454
1.3599832867238324 -0.10527486620192207

1.3599832867238324 -0.10527486620192207
1.3568640590019887 -0.10475644187796046

1.3568640590019887 -0.10475644187796046
1.3537448312801452 -0.10422106404305068

1.3537448312801452 -0.10422106404305068
1.3506256035583015 -0.10366961114026223

1.3506256035583015 -0.10366961114026223
1.3475063758364578 -0.10311274379611179

1.3475063758364578 -0.10311274379611179
1.3465359678991238 -0.10293451482084051

1.3465359678991238 -0.10293451482084051
1.3443871481146141 -0.1025466605773942

1.3443871481146141 -0.1025466605773942
1.3412679203927704 -0.10199687449011699

1.3412679203927704 -0.10199687449011699
1.338148692670927 -0.10145938270126814

1.338148692670927 -0.10145938270126814
1.3350294649490833 -0.10093501138082002

1.3350294649490833 -0.10093501138082002
1.3319102372272396 -0.10041847643357296

1.3319102372272396 -0.10041847643357296
1.3287910095053959 -0.099903997658435523

1.3287910095053959 -0.099903997658435523
1.3282801485216085 -0.099815287098996869

1.3282801485216085 -0.099815287098996869
1.3256717817835522 -0.099374976777020868

1.3256717817835522 -0.099374976777020868
1.3225525540617087 -0.0988333355275616

1.3225525540617087 -0.0988333355275616
1.319433326339865 -0.098268401575850955

1.319433326339865 -0.098268401575850955
1.3163140986180213 -0.097678398446726641

1.3163140986180213 -0.097678398446726641
1.3131948708961776 -0.097071148249807143

1.3131948708961776 -0.097071148249807143
1.3113234597452341 -0.096696059377153212

1.3113234597452341 -0.096696059377153212
1.3100756431743339 -0.096443384035701185

1.3100756431743339 -0.096443384035701185
1.3069564154524904 -0.095828033248146052

1.3069564154524904 -0.095828033248146052
1.3038371877306467 -0.095215128090751874

1.3038371877306467 -0.095215128090751874
1.300717960008803 -0.094614319381885317

1.300717960008803 -0.094614319381885317
1.2975987322869593 -0.094029045698781608

1.2975987322869593 -0.094029045698781608
1.2951450248468959 -0.093576831655309556

1.2951450248468959 -0.093576831655309556
1.2944795045651156 -0.093450907234662622

1.2944795045651156 -0.093450907234662622
1.2913602768432721 -0.092890055104250441

1.2913602768432721 -0.092890055104250441
1.2882410491214284 -0.092329393946413554

1.2882410491214284 -0.092329393946413554
1.2851218213995848 -0.0917649022880241

1.2851218213995848 -0.0917649022880241
1.2820025936777411 -0.091189496390980146

1.2820025936777411 -0.091189496390980146
1.2788833659558976 -0.090602260408441757

1.2788833659558976 -0.090602260408441757
1.2781637759822491 -0.090457603933465913

1.2781637759822491 -0.090457603933465913
1.2757641382340539 -0.089987582582576942

1.2757641382340539 -0.089987582582576942
1.2726449105122102 -0.089360712718071542

1.2726449105122102 -0.089360712718071542
1.2695256827903665 -0.088713646718950129

1.2695256827903665 -0.088713646718950129
1.2664064550685228 -0.0880497093108044

1.2664064550685228 -0.0880497093108044
1.2632872273466793 -0.087375757768624537

1.2632872273466793 -0.087375757768624537
1.2631242459449481 -0.087338376211622257

1.2631242459449481 -0.087338376211622257
1.2601679996248356 -0.086693426532855875

1.2601679996248356 -0.086693426532855875
1.2570487719029919 -0.086016019674700281

1.2570487719029919 -0.086016019674700281
1.2539295441811482 -0.08534935910960853

1.2539295441811482 -0.08534935910960853
1.2508103164593045 -0.084702109579001636

1.2508103164593045 -0.084702109579001636
1.2484308999354046 -0.0842191484897786

1.2484308999354046 -0.0842191484897786
1.247691088737461 -0.08406496397182496

1.247691088737461 -0.08406496397182496
1.2445718610156173 -0.083452192497532704

1.2445718610156173 -0.083452192497532704
1.2414526332937736 -0.082843608471176722

1.2414526332937736 -0.082843608471176722
1.2383334055719299 -0.082233836316753628

1.2383334055719299 -0.082233836316753628
1.2352141778500862 -0.081612738411810618

1.2352141778500862 -0.081612738411810618
1.2327240106845105 -0.081099920767934958

1.2327240106845105 -0.081099920767934958
1.2320949501282428 -0.080966156669001199

1.2320949501282428 -0.080966156669001199
1.2289757224063991 -0.080306357090376992

1.2289757224063991 -0.080306357090376992
1.2258564946845554 -0.079618239371755758

1.2258564946845554 -0.079618239371755758
1.2227372669627117 -0.078911753340176069

1.2227372669627117 -0.078911753340176069
1.219618039240868 -0.078200890954060909

1.219618039240868 -0.078200890954060909
1.2186919948366168 -0.077980693046091301

1.2186919948366168 -0.077980693046091301
1.2164988115190245 -0.077471484402925367

1.2164988115190245 -0.077471484402925367
1.2133795837971808 -0.076756189057458346

1.2133795837971808 -0.076756189057458346
1.2102603560753371 -0.076043848697512073

1.2102603560753371 -0.076043848697512073
1.2071411283534934 -0.075339760243601811

1.2071411283534934 -0.075339760243601811
1.2050358890283894 -0.074861465324247645

1.2050358890283894 -0.074861465324247645
1.2040219006316497 -0.07462643089060951

1.2040219006316497 -0.07462643089060951
1.2009026729098062 -0.073929502832529498

1.2009026729098062 -0.073929502832529498
1.1977834451879625 -0.073228160698975656

1.1977834451879625 -0.073228160698975656
1.1946642174661188 -0.072526889599940025

1.1946642174661188 -0.072526889599940025
1.1915449897442751 -0.071827667266865666

1.1915449897442751 -0.071827667266865666
1.1911838249407283 -0.071742237602403988

1.1911838249407283 -0.071742237602403988
1.1884257620224317 -0.071118149904404848

1.1884257620224317 -0.071118149904404848
1.185306534300588 -0.07041176016086137

1.185306534300588 -0.07041176016086137
1.1821873065787443 -0.069703592538133588

1.1821873065787443 -0.069703592538133588
1.1790680788569006 -0.068997379292922698

1.1790680788569006 -0.068997379292922698
1.1774600362137524 -0.068623009880560346

1.1774600362137524 -0.068623009880560346
1.1759488511350569 -0.068270460669101182

1.1759488511350569 -0.068270460669101182
1.1728296234132134 -0.067552780942336368

1.1728296234132134 -0.067552780942336368
1.1697103956913697 -0.066821272579969906

1.1697103956913697 -0.066821272579969906
1.166591167969526 -0.066080970182784651

1.166591167969526 -0.066080970182784651
1.1641990138451412 -0.065503782158716689

1.1641990138451412 -0.065503782158716689
1.1634719402476823 -0.06532247634032623

1.1634719402476823 -0.06532247634032623
1.1603527125258386 -0.06457231033918287

1.1603527125258386 -0.06457231033918287
1.1572334848039951 -0.063810172426526382

1.1572334848039951 -0.063810172426526382
1.1541142570821514 -0.063046461064614298

1.1541142570821514 -0.063046461064614298
1.1514210225863541 -0.062384554436873046

1.1514210225863541 -0.062384554436873046
1.1509950293603077 -0.06227496117856484

1.1509950293603077 -0.06227496117856484
1.147875801638464 -0.061514120662083886

1.147875801638464 -0.061514120662083886
1.1447565739166203 -0.060748706171774122

1.1447565739166203 -0.060748706171774122
1.1416373461947769 -0.059983520332229784

1.1416373461947769 -0.059983520332229784
1.1387141358865116 -0.05926532671502939

1.1387141358865116 -0.05926532671502939
1.1385181184729332 -0.059214431738377482

1.1385181184729332 -0.059214431738377482
1.1353988907510895 -0.058448976723508815

1.1353988907510895 -0.058448976723508815
1.1322796630292458 -0.057677252847828972

1.1322796630292458 -0.057677252847828972
1.1291604353074021 -0.056900900546080949

1.1291604353074021 -0.056900900546080949
1.1261495276998941 -0.05614609899318574

1.1261495276998941 -0.05614609899318574
1.1260412075855586 -0.056117255131986989

1.1260412075855586 -0.056117255131986989
1.1229219798637149 -0.055330958199273021

1.1229219798637149 -0.055330958199273021
1.1198027521418712 -0.054536993102076048

1.1198027521418712 -0.054536993102076048
1.1166835244200275 -0.053738051044737632

1.1166835244200275 -0.053738051044737632
1.1139255401707346 -0.053026871271342091

1.1139255401707346 -0.053026871271342091
1.1135642966981838 -0.052928853670573969

1.1135642966981838 -0.052928853670573969
1.1104450689763403 -0.052126686237304515

1.1104450689763403 -0.052126686237304515
1.1073258412544966 -0.051315352962236403

1.1073258412544966 -0.051315352962236403
1.1042066135326529 -0.0505018025897895

1.1042066135326529 -0.0505018025897895
1.1019659714254568 -0.049907643549498434

1.1019659714254568 -0.049907643549498434
1.1010873858108092 -0.049667659292331134

1.1010873858108092 -0.049667659292331134
1.0979681580889658 -0.048846471352069723

1.0979681580889658 -0.048846471352069723
1.0948489303671221 -0.048009910488551064

1.0948489303671221 -0.048009910488551064
1.0917297026452784 -0.047175193339473107

1.0917297026452784 -0.047175193339473107
1.090333383556062 -0.046788415827654785

1.090333383556062 -0.046788415827654785
1.0886104749234347 -0.046314574256019383

1.0886104749234347 -0.046314574256019383
1.085491247201591 -0.045474613527183842

1.085491247201591 -0.045474613527183842
1.0823720194797475 -0.044629837427611757

1.0823720194797475 -0.044629837427611757
1.0792527917579038 -0.043793617348593647

1.0792527917579038 -0.043793617348593647
1.0788137199871697 -0.043669188105811135

1.0788137199871697 -0.043669188105811135
1.0761335640360601 -0.042946513284426405

1.0761335640360601 -0.042946513284426405
1.0730143363142164 -0.042110133342870761

1.0730143363142164 -0.042110133342870761
1.0698951085923727 -0.041276727670254074

1.0698951085923727 -0.041276727670254074
1.0671735281950714 -0.040549960383967479

1.0671735281950714 -0.040549960383967479
1.0667758808705292 -0.040438218723796653

1.0667758808705292 -0.040438218723796653
1.0636566531486855 -0.03961047222472746

1.0636566531486855 -0.03961047222472746
1.0605374254268418 -0.038771038006639301

1.0605374254268418 -0.038771038006639301
1.0574181977049981 -0.037927642190548498

1.0574181977049981 -0.037927642190548498
1.0556421478757596 -0.037430732662123829

1.0556421478757596 -0.037430732662123829
1.0542989699831544 -0.037051059217482085

1.0542989699831544 -0.037051059217482085
1.0511797422613109 -0.036185496781734494

1.0511797422613109 -0.036185496781734494
1.0480605145394672 -0.035298916883951897

1.0480605145394672 -0.035298916883951897
1.0449412868176235 -0.03440787189906936

1.0449412868176235 -0.03440787189906936
1.0446278648658867 -0.034311504940280173

1.0446278648658867 -0.034311504940280173
1.0418220590957799 -0.03349857787051732

1.0418220590957799 -0.03349857787051732
1.0387028313739362 -0.032593142133788743

1.0387028313739362 -0.032593142133788743
1.0355836036520927 -0.031695471581233821

1.0355836036520927 -0.031695471581233821
1.0338680868310925 -0.03119227721843652

1.0338680868310925 -0.03119227721843652
1.032464375930249 -0.030777570310469637

1.032464375930249 -0.030777570310469637
1.0293451482084053 -0.029888382119205106

1.0293451482084053 -0.029888382119205106
1.0262259204865616 -0.028991448829237026

1.0262259204865616 -0.028991448829237026
1.0231066927647179 -0.02809460441261407

1.0231066927647179 -0.02809460441261407
1.0230373456249744 -0.028073049496592867

1.0230373456249744 -0.028073049496592867
1.0199874650428744 -0.027190393203150625

1.0199874650428744 -0.027190393203150625
1.0168682373210307 -0.026280074763668237

1.0168682373210307 -0.026280074763668237
1.013749009599187 -0.025368317980375782

1.013749009599187 -0.025368317980375782
1.0123986508061391 -0.024953821774749217

1.0123986508061391 -0.024953821774749217
1.0106297818773433 -0.024416106340009472

1.0106297818773433 -0.024416106340009472
1.0075105541554998 -0.023477485606527973

1.0075105541554998 -0.023477485606527973
1.0043913264336561 -0.022527296886811425

1.0043913264336561 -0.022527296886811425
1.0021498569339911 -0.021834594052905564

1.0021498569339911 -0.021834594052905564
1.0012720987118124 -0.021553835891983415

1.0012720987118124 -0.021553835891983415
0.99815287098996863 -0.020607418203940919

0.99815287098996863 -0.020607418203940919
0.99503364326812505 -0.019653573846108378

0.99503364326812505 -0.019653573846108378
0.99194768285574819 -0.018715366331061911

0.99194768285574819 -0.018715366331061911
0.99191441554628135 -0.018704442199818348

0.99191441554628135 -0.018704442199818348
0.98879518782443776 -0.017761853036792917

0.98879518782443776 -0.017761853036792917
0.98567596010259406 -0.016820830182825701

0.98567596010259406 -0.016820830182825701
0.98255673238075036 -0.015888897531329729

0.98255673238075036 -0.015888897531329729
0.98163080864845154 -0.015596138609218262

0.98163080864845154 -0.015596138609218262
0.97943750465890678 -0.014924008816870442

0.97943750465890678 -0.014924008816870442
0.97631827693706308 -0.013969445487826465

0.97631827693706308 -0.013969445487826465
0.97319904921521949 -0.013007897283189844

0.97319904921521949 -0.013007897283189844
0.97153950235381981 -0.012476910887374609

0.97153950235381981 -0.012476910887374609
0.97007982149337579 -0.012007291603942569

0.97007982149337579 -0.012007291603942569
0.9669605937715321 -0.011029555853767574

0.9669605937715321 -0.011029555853767574
0.96384136604968851 -0.010042401630332683

0.96384136604968851 -0.010042401630332683
0.96171105805562074 -0.0093576831655309573

0.96171105805562074 -0.0093576831655309573
0.96072213832784481 -0.0090301932426652947

0.96072213832784481 -0.0090301932426652947
0.95760291060600122 -0.0080478684065158589

0.95760291060600122 -0.0080478684065158589
0.95448368288415752 -0.0070559523930724486

0.95448368288415752 -0.0070559523930724486
0.95192443890046785 -0.0062384554436873043

0.95192443890046785 -0.0062384554436873043
0.95136445516231394 -0.0060499290451068669

0.95136445516231394 -0.0060499290451068669
0.94824522744047024 -0.0050657453856030954

0.94824522744047024 -0.0050657453856030954
0.94512599971862654 -0.004070162862396638

0.94512599971862654 -0.004070162862396638
0.94215770067381865 -0.0031192277218436521

0.94215770067381865 -0.0031192277218436521
0.94200677199678295 -0.0030670948179775553

0.94200677199678295 -0.0030670948179775553
0.93888754427493926 -0.002066551877151419

0.93888754427493926 -0.002066551877151419
0.93576831655309567 -0.0010553924697750934

0.93576831655309567 -0.0010553924697750934
0.93264908883125197 -3.9382773153646658e-05

0.93264908883125197 -3.9382773153646658e-05
0.93264908883125197 -3.9382773153646658e-05

0.93264908883125197 -3.9382773153646658e-05
0.93253855839190336 0

0.93253855839190336 0
0.92952986110940827 0.00099036644769125767

0.92952986110940827 0.00099036644769125767
0.92641063338756469 0.0020236705879365748

0.92641063338756469 0.0020236705879365748
0.92329140566572099 0.0030579792343952395

0.92329140566572099 0.0030579792343952395
0.92312191059666238 0.0031192277218436517

0.92312191059666238 0.0031192277218436517
0.9201721779438774 0.0041058534937186992

0.9201721779438774 0.0041058534937186992
0.9170529502220337 0.0051523538382394346

0.9170529502220337 0.0051523538382394346
0.91393372250019 0.0061995024821273042

0.91393372250019 0.0061995024821273042
0.91382743174624481 0.0062384554436873043

0.91382743174624481 0.0062384554436873043
0.91081449477834642 0.0072558840084850475

0.91081449477834642 0.0072558840084850475
0.90769526705650272 0.0083117751114841435

0.90769526705650272 0.0083117751114841435
0.90461392473222246 0.0093576831655309556

0.90461392473222246 0.0093576831655309556
0.90457603933465913 0.0093717051715699502

0.90457603933465913 0.0093717051715699502
0.90145681161281543 0.010431794073170894

0.90145681161281543 0.010431794073170894
0.89833758389097185 0.011494741780124752

0.89833758389097185 0.011494741780124752
0.89546358643826407 0.012476910887374609

0.89546358643826407 0.012476910887374609
0.89521835616912815 0.012567226233203829

0.89521835616912815 0.012567226233203829
0.89209912844728445 0.013627847137496079

0.89209912844728445 0.013627847137496079
0.88897990072544086 0.014694578492653237

0.88897990072544086 0.014694578492653237
0.88635728860193053 0.01559613860921826

0.88635728860193053 0.01559613860921826
0.88586067300359717 0.015777488313657183

0.88586067300359717 0.015777488313657183
0.88274144528175358 0.016837601729228182

0.88274144528175358 0.016837601729228182
0.87962221755990988 0.017905778740150789

0.87962221755990988 0.017905778740150789
0.87728762873550048 0.018715366331061915

0.87728762873550048 0.018715366331061915
0.87650298983806618 0.018999768704556271

0.87650298983806618 0.018999768704556271
0.8733837621162226 0.020066971007579891

0.8733837621162226 0.020066971007579891
0.8702645343943789 0.021146120130157015

0.8702645343943789 0.021146120130157015
0.86832979204935101 0.021834594052905568

0.86832979204935101 0.021834594052905568
0.86714530667253531 0.022265461021261167

0.86714530667253531 0.022265461021261167
0.86402607895069161 0.023355174886702145

0.86402607895069161 0.023355174886702145
0.86090685122884802 0.024452557407701997

0.86090685122884802 0.024452557407701997
0.8595474002028628 0.024953821774749217

0.8595474002028628 0.024953821774749217
0.85778762350700433 0.02559525238616274

0.85778762350700433 0.02559525238616274
0.85466839578516063 0.026706809167611267

0.85466839578516063 0.026706809167611267
0.85154916806331704 0.027819516651006054

0.85154916806331704 0.027819516651006054
0.85088932571238252 0.02807304949659287

0.85088932571238252 0.02807304949659287
0.84842994034147334 0.028968546591581899

0.84842994034147334 0.028968546591581899
0.84531071261962976 0.030099570311779577

0.84531071261962976 0.030099570311779577
0.84231715947892538 0.03119227721843652

0.84231715947892538 0.03119227721843652
0.84219148489778606 0.031242360458388404

0.84219148489778606 0.031242360458388404
0.83907225717594236 0.03238060169947294

0.83907225717594236 0.03238060169947294
0.83595302945409877 0.033520593053859973

0.83595302945409877 0.033520593053859973
0.83383582268921919 0.034311504940280173

0.83383582268921919 0.034311504940280173
0.83283380173225507 0.034698880171823036

0.83283380173225507 0.034698880171823036
0.82971457401041149 0.035844861810531606

0.82971457401041149 0.035844861810531606
0.82659534628856779 0.036999591222503347

0.82659534628856779 0.036999591222503347
0.82550197158868388 0.037430732662123822

0.82550197158868388 0.037430732662123822
0.82347611856672409 0.038206986904461324

0.82347611856672409 0.038206986904461324
0.8203568908448805 0.039387090262181963

0.8203568908448805 0.039387090262181963
0.81732082430319208 0.040549960383967479

0.81732082430319208 0.040549960383967479
0.81723766312303681 0.040584993153973008

0.81723766312303681 0.040584993153973008
0.81411843540119322 0.041778273612353159

0.81411843540119322 0.041778273612353159
0.81099920767934952 0.042961429794268362

0.81099920767934952 0.042961429794268362
0.8091775185480049 0.043669188105811128

0.8091775185480049 0.043669188105811128
0.80787997995750593 0.044181604884900458

0.80787997995750593 0.044181604884900458
0.80476075223566224 0.045354263158217764

0.80476075223566224 0.045354263158217764
0.80164152451381854 0.046526789132561572

0.80164152451381854 0.046526789132561572
0.80099615590872286 0.046788415827654778

0.80099615590872286 0.046788415827654778
0.79852229679197495 0.047735115290430945

0.79852229679197495 0.047735115290430945
0.79540306907013125 0.048919198731398814

0.79540306907013125 0.048919198731398814
0.79282808389124937 0.049907643549498434

0.79282808389124937 0.049907643549498434
0.79228384134828767 0.050130514380743521

0.79228384134828767 0.050130514380743521
0.78916461362644397 0.051311799653566942

0.78916461362644397 0.051311799653566942
0.78604538590460027 0.052491054489959069

0.78604538590460027 0.052491054489959069
0.78468915692796226 0.053026871271342084

0.78468915692796226 0.053026871271342084
0.78292615818275668 0.053714486829633201

0.78292615818275668 0.053714486829633201
0.77980693046091298 0.05489590297859509

0.77980693046091298 0.05489590297859509
0.7766877027390694 0.056085297756065376

0.7766877027390694 0.056085297756065376
0.7765429215713423 0.056146098993185733

0.7765429215713423 0.056146098993185733
0.7735684750172257 0.057286658017913113

0.7735684750172257 0.057286658017913113
0.77044924729538211 0.058474198526110868

0.77044924729538211 0.058474198526110868
0.76841577157496432 0.05926532671502939

0.76841577157496432 0.05926532671502939
0.76733001957353841 0.059700673636385732

0.76733001957353841 0.059700673636385732
0.76421079185169472 0.060885366387428155

0.76421079185169472 0.060885366387428155
0.76109156412985113 0.062071993824790776

0.76109156412985113 0.062071993824790776
0.76032636463899317 0.06238455443687304

0.76032636463899317 0.06238455443687304
0.75797233640800743 0.063298572021408012

0.75797233640800743 0.063298572021408012
0.75485310868616384 0.064494847961640775

0.75485310868616384 0.064494847961640775
0.75225258394576433 0.065503782158716703

0.75225258394576433 0.065503782158716703
0.75173388096432014 0.065719004849596224

0.75173388096432014 0.065719004849596224
0.74861465324247645 0.066916836214647529

0.74861465324247645 0.066916836214647529
0.74549542552063286 0.068117574333108971

0.74549542552063286 0.068117574333108971
0.74425472615228772 0.068623009880560346

0.74425472615228772 0.068623009880560346
0.74237619779878916 0.069372885618754279

0.74237619779878916 0.069372885618754279
0.73925697007694557 0.07059283745969154

0.73925697007694557 0.07059283745969154
0.73636040456440788 0.071742237602404002

0.73636040456440788 0.071742237602404002
0.73613774235510188 0.071838822973838048

0.73613774235510188 0.071838822973838048
0.73301851463325818 0.073070975521482034

0.73301851463325818 0.073070975521482034
0.72989928691141459 0.07429548245072301

0.72989928691141459 0.07429548245072301
0.728523079836222 0.074861465324247659

0.728523079836222 0.074861465324247659
0.72678005918957089 0.075569758371388712

0.72678005918957089 0.075569758371388712
0.72366083146772731 0.07680027427046146

0.72366083146772731 0.07680027427046146
0.72071308323903505 0.077980693046091315

0.72071308323903505 0.077980693046091315
0.72054160374588361 0.078056096610061729

0.72054160374588361 0.078056096610061729
0.71742237602404002 0.07930377940200585

0.71742237602404002 0.07930377940200585
0.71430314830219632 0.080546011267373332

0.71430314830219632 0.080546011267373332
0.71298580463446948 0.081099920767934958

0.71298580463446948 0.081099920767934958
0.71118392058035262 0.081845582013044274

0.71118392058035262 0.081845582013044274
0.70806469285850904 0.083103485943689367

0.70806469285850904 0.083103485943689367
0.70535053447682161 0.084219148489778614

0.70535053447682161 0.084219148489778614
0.70494546513666534 0.084399423471051838

0.70494546513666534 0.084399423471051838
0.70182623741482175 0.085674457946295787

0.70182623741482175 0.085674457946295787
0.69870700969297805 0.086954494000404725

0.69870700969297805 0.086954494000404725
0.69784734732630982 0.087338376211622271

0.69784734732630982 0.087338376211622271
0.69558778197113436 0.088299898451623574

0.69558778197113436 0.088299898451623574
0.69246855424929077 0.08961478738440147

0.69246855424929077 0.08961478738440147
0.69056887743536022 0.090457603933465913

0.69056887743536022 0.090457603933465913
0.68934932652744707 0.091012696318928193

0.68934932652744707 0.091012696318928193
0.68623009880560348 0.09237463395840638

0.68623009880560348 0.09237463395840638
0.68358194000543304 0.09357683165530957

0.68358194000543304 0.09357683165530957
0.68311087108375979 0.093809325083161255

0.68311087108375979 0.093809325083161255
0.6799916433619162 0.09522522198860868

0.6799916433619162 0.09522522198860868
0.6768724156400725 0.096676387472279662

0.6768724156400725 0.096676387472279662
0.67683536565976155 0.096696059377153226

0.67683536565976155 0.096696059377153226
0.6737531879182288 0.098145460739056958

0.6737531879182288 0.098145460739056958
0.67063396019638521 0.09960196535593796

0.67063396019638521 0.09960196535593796
0.67022508325957886 0.099815287098996869

0.67022508325957886 0.099815287098996869
0.66751473247454152 0.10110551274352773

0.66751473247454152 0.10110551274352773
0.66439550475269793 0.10256550907007096

0.66439550475269793 0.10256550907007096
0.6636819534497912 0.10293451482084053

0.6636819534497912 0.10293451482084053
0.66127627703085423 0.10409752057828481

0.66127627703085423 0.10409752057828481
0.65815704930901053 0.10557180094258457

0.65815704930901053 0.10557180094258457
0.65723204070568786 0.10605374254268418

0.65723204070568786 0.10605374254268418
0.65503782158716695 0.10714018284353821

0.65503782158716695 0.10714018284353821
0.65191859386532325 0.10864389203602534

0.65191859386532325 0.10864389203602534
0.65092605081987664 0.10917297026452782

0.65092605081987664 0.10917297026452782
0.64879936614347966 0.11025506457892692

0.64879936614347966 0.11025506457892692
0.64568013842163596 0.11179480624099883

0.64568013842163596 0.11179480624099883
0.64477447033973079 0.11229219798637148

0.64477447033973079 0.11229219798637148
0.64256091069979226 0.11344244389058325

0.64256091069979226 0.11344244389058325
0.63944168297794868 0.11501717087302456

0.63944168297794868 0.11501717087302456
0.63874697158373905 0.11541142570821514

0.63874697158373905 0.11541142570821514
0.63632245525610498 0.11668757374729906

0.63632245525610498 0.11668757374729906
0.63320322753426139 0.11829764385655772

0.63320322753426139 0.11829764385655772
0.63280733970243164 0.11853065343005878

0.63280733970243164 0.11853065343005878
0.63008399981241769 0.11997544965969283

0.63008399981241769 0.11997544965969283
0.62696477209057411 0.12162979791497643

0.62696477209057411 0.12162979791497643
0.62693201272364629 0.12164988115190244

0.62693201272364629 0.12164988115190244
0.62384554436873041 0.12329819523086814

0.62384554436873041 0.12329819523086814
0.62111546930107664 0.12476910887374609

0.62111546930107664 0.12476910887374609
0.62072631664688671 0.12500244832941865

0.62072631664688671 0.12500244832941865
0.61760708892504312 0.12664924263704833

0.61760708892504312 0.12664924263704833
0.61534317712202813 0.12788833659558974

0.61534317712202813 0.12788833659558974
0.61448786120319943 0.12838752803385681

0.61448786120319943 0.12838752803385681
0.61136863348135584 0.13002090339883357

0.61136863348135584 0.13002090339883357
0.60960068091540665 0.13100756431743341

0.60960068091540665 0.13100756431743341
0.60824940575951214 0.13177621880642892

0.60824940575951214 0.13177621880642892
0.60513017803766844 0.13340597432822368

0.60513017803766844 0.13340597432822368
0.60386766928153868 0.13412679203927705

0.60386766928153868 0.13412679203927705
0.60201095031582486 0.13515865108138012

0.60201095031582486 0.13515865108138012
0.59889172259398116 0.1367920416793349

0.59889172259398116 0.1367920416793349
0.59811517883141807 0.13724601976112069

0.59811517883141807 0.13724601976112069
0.59577249487213757 0.13852142679716714

0.59577249487213757 0.13852142679716714
0.59265326715029387 0.14016559756275854

0.59265326715029387 0.14016559756275854
0.59231985964140965 0.14036524748296436

0.59231985964140965 0.14036524748296436
0.58953403942845028 0.14185716861223016

0.58953403942845028 0.14185716861223016
0.58646964782993893 0.143484475204808

0.58646964782993893 0.143484475204808
0.58641481170660659 0.14351781734639546

0.58641481170660659 0.14351781734639546
0.58329558398476289 0.14515961222747284

0.58329558398476289 0.14515961222747284
0.58055268650338199 0.14660370292665165

0.58055268650338199 0.14660370292665165
0.5801763562629193 0.14682373871919993

0.5801763562629193 0.14682373871919993
0.5770571285410756 0.14842133569188798

0.5770571285410756 0.14842133569188798
0.57455616841802137 0.14972293064849532

0.57455616841802137 0.14972293064849532
0.57393790081923202 0.1500720422447632

0.57393790081923202 0.1500720422447632
0.57081867309738832 0.15163416192804216

0.57081867309738832 0.15163416192804216
0.5684598924453067 0.15284215837033896

0.5684598924453067 0.15284215837033896
0.56769944537554462 0.15325885601740441

0.56769944537554462 0.15325885601740441
0.56458021765370103 0.15478843137037998

0.56458021765370103 0.15478843137037998
0.56224081367242207 0.1559613860921826

0.56224081367242207 0.1559613860921826
0.56146098993185733 0.1563784126338795

0.56146098993185733 0.1563784126338795
0.55834176221001375 0.15787669599180307

0.55834176221001375 0.15787669599180307
0.55587466547858244 0.15908061381402627

0.55587466547858244 0.15908061381402627
0.55522253448817005 0.15942301917791826

0.55522253448817005 0.15942301917791826
0.55210330676632646 0.16088981329741356

0.55210330676632646 0.16088981329741356
0.54932999580879815 0.16219984153586992

0.54932999580879815 0.16219984153586992
0.54898407904448276 0.16237963953670856

0.54898407904448276 0.16237963953670856
0.54586485132263907 0.16381377418492646

0.54586485132263907 0.16381377418492646
0.54274562360079548 0.16523238231317827

0.54274562360079548 0.16523238231317827
0.54257278545558485 0.16531906925771356

0.54257278545558485 0.16531906925771356
0.53962639587895178 0.16664755316080479

0.53962639587895178 0.16664755316080479
0.53650716815710819 0.16800941719720427

0.53650716815710819 0.16800941719720427
0.53558031645181525 0.16843829697955723

0.53558031645181525 0.16843829697955723
0.5333879404352645 0.16940644001444585

0.5333879404352645 0.16940644001444585
0.5302687127134208 0.17072609896445837

0.5302687127134208 0.17072609896445837
0.52833671844826868 0.17155752470140087

0.52833671844826868 0.17155752470140087
0.52714948499157721 0.17208156024566762

0.52714948499157721 0.17208156024566762
0.52403025726973351 0.17336101704792858

0.52403025726973351 0.17336101704792858
0.52091102954788993 0.17463216814930088

0.52091102954788993 0.17463216814930088
0.5208104975163691 0.17467675242324451

0.5208104975163691 0.17467675242324451
0.51779180182604623 0.17588860389455724

0.51779180182604623 0.17588860389455724
0.51467257410420253 0.17710421142521493

0.51467257410420253 0.17710421142521493
0.51292013454259844 0.17779598014508818

0.51292013454259844 0.17779598014508818
0.51155334638235894 0.17834181149254241

0.51155334638235894 0.17834181149254241
0.50843411866051524 0.17951293630089521

0.50843411866051524 0.17951293630089521
0.50531489093867166 0.18065877996979018

0.50531489093867166 0.18065877996979018
0.50465114600319916 0.18091520786693183

0.50465114600319916 0.18091520786693183
0.50219566321682796 0.18181328597941401

0.50219566321682796 0.18181328597941401
0.49907643549498437 0.18292793199430063

0.49907643549498437 0.18292793199430063
0.49595720777314067 0.18402645026122269

0.49595720777314067 0.18402645026122269
0.49593604135723024 0.18403443558877547

0.49593604135723024 0.18403443558877547
0.49283798005129703 0.18510260577111184

0.49283798005129703 0.18510260577111184
0.48971875232945339 0.18615340543751002

0.48971875232945339 0.18615340543751002
0.48669426132888177 0.18715366331061914

0.48669426132888177 0.18715366331061914
0.48659952460760969 0.18718760875441529

0.48659952460760969 0.18718760875441529
0.48348029688576605 0.18819853119662167

0.48348029688576605 0.18819853119662167
0.48036106916392241 0.18918942959143462

0.48036106916392241 0.18918942959143462
0.47724184144207876 0.19014814799660859

0.47724184144207876 0.19014814799660859
0.4768533503374896 0.19027289103246278

0.4768533503374896 0.19027289103246278
0.47412261372023512 0.19109913379819335

0.47412261372023512 0.19109913379819335
0.47100338599839148 0.19201773682951503

0.47100338599839148 0.19201773682951503
0.46788415827654778 0.1929045963308578

0.46788415827654778 0.1929045963308578
0.46615948330447493 0.19339211875430642

0.46615948330447493 0.19339211875430642
0.46476493055470414 0.19378892870401537

0.46476493055470414 0.19378892870401537
0.46164570283286049 0.19462623731907316

0.46164570283286049 0.19462623731907316
0.45852647511101685 0.19544611737246406

0.45852647511101685 0.19544611737246406
0.45540724738917321 0.1962340155139338

0.45540724738917321 0.1962340155139338
0.45432062857577815 0.19651134647615009

0.45432062857577815 0.19651134647615009
0.45228801966732957 0.19701988843608539

0.45228801966732957 0.19701988843608539
0.44916879194548587 0.19777255952154441

0.44916879194548587 0.19777255952154441
0.44604956422364223 0.19850849175044305

0.44604956422364223 0.19850849175044305
0.44293033650179858 0.19921725249941383

0.44293033650179858 0.19921725249941383
0.44108782748818182 0.19963057419799374

0.44108782748818182 0.19963057419799374
0.43981110877995494 0.19991973970099444

0.43981110877995494 0.19991973970099444
0.4366918810581113 0.20059193200730346

0.4366918810581113 0.20059193200730346
0.4335726533362676 0.20125118060600541

0.4335726533362676 0.20125118060600541
0.43045342561442396 0.20189017068254028

0.43045342561442396 0.20189017068254028
0.42733419789258031 0.20250474980091737

0.42733419789258031 0.20250474980091737
0.42608230511115813 0.20274980191983741

0.42608230511115813 0.20274980191983741
0.42421497017073667 0.20311157660401316

0.42421497017073667 0.20311157660401316
0.42109574244889303 0.20369162234609298

0.42109574244889303 0.20369162234609298
0.41797651472704939 0.20425597828501621

0.41797651472704939 0.20425597828501621
0.41485728700520569 0.20479937031030906

0.41485728700520569 0.20479937031030906
0.41173805928336205 0.20532121620784538

0.41173805928336205 0.20532121620784538
0.4086188315615184 0.20582143216964613

0.4086188315615184 0.20582143216964613
0.40832135522772939 0.20586902964168105

0.40832135522772939 0.20586902964168105
0.40549960383967476 0.20630604494143306

0.40549960383967476 0.20630604494143306
0.40238037611783112 0.20676995814974919

0.40238037611783112 0.20676995814974919
0.39926114839598748 0.2072136429455618

0.39926114839598748 0.2072136429455618
0.39614192067414378 0.20763613719554305

0.39614192067414378 0.20763613719554305
0.39302269295230013 0.20803775349136439

0.39302269295230013 0.20803775349136439
0.38990346523045649 0.20841955939716492

0.38990346523045649 0.20841955939716492
0.38678423750861285 0.20878133754532244

0.38678423750861285 0.20878133754532244
0.38492167359124696 0.20898825736352469

0.38492167359124696 0.20898825736352469
0.38366500978676921 0.20912852705238158

0.38366500978676921 0.20912852705238158
0.38054578206492556 0.20945517092347357

0.38054578206492556 0.20945517092347357
0.37742655434308187 0.20976612805194852

0.37742655434308187 0.20976612805194852
0.37430732662123822 0.21006030040216467

0.37430732662123822 0.21006030040216467
0.37118809889939458 0.21033849075532518

0.37118809889939458 0.21033849075532518
0.36806887117755094 0.21060176615857326

0.36806887117755094 0.21060176615857326
0.3649496434557073 0.21085062373698177

0.3649496434557073 0.21085062373698177
0.36183041573386365 0.21108538849591865

0.36183041573386365 0.21108538849591865
0.35871118801201995 0.21130640085593652

0.35871118801201995 0.21130640085593652
0.35559196029017631 0.21151341791807712

0.35559196029017631 0.21151341791807712
0.35247273256833267 0.21170544542412847

0.35247273256833267 0.21170544542412847
0.35247273256833267 0.21170544542412847

0.35247273256833267 0.21170544542412847
0.34935350484648903 0.21188127524910935

0.34935350484648903 0.21188127524910935
0.34623427712464538 0.21204002142045908

0.34623427712464538 0.21204002142045908
0.34476361371805242 0.21210748508536836

0.34476361371805242 0.21210748508536836
0.34311504940280169 0.2121830118709078

0.34311504940280169 0.2121830118709078
0.33999582168095804 0.21230974513439363

0.33999582168095804 0.21230974513439363
0.3368765939591144 0.21242114749294966

0.3368765939591144 0.21242114749294966
0.33375736623727076 0.21251666057167828

0.33375736623727076 0.21251666057167828
0.33063813851542712 0.21259576479754452

0.33063813851542712 0.21259576479754452
0.32751891079358347 0.21265830736371516

0.32751891079358347 0.21265830736371516
0.32439968307173978 0.21270470345832432

0.32439968307173978 0.21270470345832432
0.32128045534989613 0.21273566623411094

0.32128045534989613 0.21273566623411094
0.31816122762805249 0.2127518583960388

0.31816122762805249 0.2127518583960388
0.31504199990620885 0.21275374422290103

0.31504199990620885 0.21275374422290103
0.3119227721843652 0.21274165365127526

0.3119227721843652 0.21274165365127526
0.30880354446252156 0.21271591669267975

0.30880354446252156 0.21271591669267975
0.30568431674067786 0.21267693478711602

0.30568431674067786 0.21267693478711602
0.30256508901883422 0.2126251430667907

0.30256508901883422 0.2126251430667907
0.29944586129699058 0.21256091905939142

0.29944586129699058 0.21256091905939142
0.29632663357514694 0.21248454215094059

0.29632663357514694 0.21248454215094059
0.29320740585330329 0.21239623654253681

0.29320740585330329 0.21239623654253681
0.29008817813145965 0.21229620370296728

0.29008817813145965 0.21229620370296728
0.28696895040961595 0.21218465130091713

0.28696895040961595 0.21218465130091713
0.28501969512105391 0.21210748508536836

0.28501969512105391 0.21210748508536836
0.28384972268777231 0.21206103193121689

0.28384972268777231 0.21206103193121689
0.28073049496592867 0.2119262708202295

0.28073049496592867 0.2119262708202295
0.27761126724408502 0.21177935171053971

0.27761126724408502 0.21177935171053971
0.27449203952224138 0.21161945491074918

0.27449203952224138 0.21161945491074918
0.27137281180039774 0.21144591991976219

0.27137281180039774 0.21144591991976219
0.26825358407855404 0.21125868056000702

0.26825358407855404 0.21125868056000702
0.2651343563567104 0.21105800929017357

0.2651343563567104 0.21105800929017357
0.26201512863486676 0.21084419341112959

0.26201512863486676 0.21084419341112959
0.25889590091302311 0.21061740200994222

0.25889590091302311 0.21061740200994222
0.25577667319117947 0.21037782155153925

0.25577667319117947 0.21037782155153925
0.25265744546933583 0.21012593166693183

0.25265744546933583 0.21012593166693183
0.24953821774749216 0.20986259276689234

0.24953821774749216 0.20986259276689234
0.24641899002564852 0.20958879324912591

0.24641899002564852 0.20958879324912591
0.24329976230380487 0.209305315576919

0.24329976230380487 0.209305315576919
0.24018053458196123 0.2090131206044282

0.24018053458196123 0.2090131206044282
0.2399283643904313 0.20898825736352469

0.2399283643904313 0.20898825736352469
0.23706130686011756 0.20871120490005049

0.23706130686011756 0.20871120490005049
0.23394207913827392 0.20840157010559851

0.23394207913827392 0.20840157010559851
0.23082285141643027 0.20808332884354916

0.23082285141643027 0.20808332884354916
0.2277036236945866 0.20775611626005236

0.2277036236945866 0.20775611626005236
0.22458439597274296 0.20741948633851864

0.22458439597274296 0.20741948633851864
0.22146516825089932 0.20707289905616322

0.22146516825089932 0.20707289905616322
0.21834594052905565 0.20671585760583383

0.21834594052905565 0.20671585760583383
0.21522671280721201 0.20634792403855812

0.21522671280721201 0.20634792403855812
0.21210748508536836 0.20597049567823078

0.21210748508536836 0.20597049567823078
0.21130996653696324 0.20586902964168105

0.21130996653696324 0.20586902964168105
0.20898825736352469 0.20557804229485571

0.20898825736352469 0.20557804229485571
0.20586902964168105 0.20517803042680965

0.20586902964168105 0.20517803042680965
0.20274980191983741 0.20476688509908356

0.20274980191983741 0.20476688509908356
0.19963057419799374 0.20434526307722758

0.19963057419799374 0.20434526307722758
0.19651134647615009 0.20391326666694029

0.19651134647615009 0.20391326666694029
0.19339211875430642 0.2034711301337746

0.19339211875430642 0.2034711301337746
0.19027289103246278 0.20302095677398352

0.19027289103246278 0.20302095677398352
0.18844896498974725 0.20274980191983741

0.18844896498974725 0.20274980191983741
0.18715366331061914 0.2025559485786888

0.18715366331061914 0.2025559485786888
0.18403443558877547 0.2020895123441574

0.18403443558877547 0.2020895123441574
0.18091520786693183 0.20161296899881498

0.18091520786693183 0.20161296899881498
0.17779598014508818 0.20112883569340456

0.17779598014508818 0.20112883569340456
0.17467675242324451 0.20063682926220358

0.17467675242324451 0.20063682926220358
0.17155752470140087 0.20013678347397929

0.17155752470140087 0.20013678347397929
0.16845025223447241 0.19963057419799374

0.16845025223447241 0.19963057419799374
0.16843829697955723 0.19962854383371215

0.16843829697955723 0.19962854383371215
0.16531906925771356 0.19911285247816315

0.16531906925771356 0.19911285247816315
0.16219984153586992 0.1985898990554045

0.16219984153586992 0.1985898990554045
0.15908061381402627 0.19805954828467906

0.15908061381402627 0.19805954828467906
0.1559613860921826 0.19752149039716885

0.1559613860921826 0.19752149039716885
0.15284215837033896 0.1969759797420253

0.15284215837033896 0.1969759797420253
0.1502315095600659 0.19651134647615009

0.1502315095600659 0.19651134647615009
0.14972293064849532 0.19641799903317875

0.14972293064849532 0.19641799903317875
0.14660370292665165 0.19585767516823133

0.14660370292665165 0.19585767516823133
0.143484475204808 0.19528580102804527

0.143484475204808 0.19528580102804527
0.14036524748296436 0.19470515813693307

0.14036524748296436 0.19470515813693307
0.13724601976112069 0.19411580097149567

0.13724601976112069 0.19411580097149567
0.13412679203927705 0.19352223807606764

0.13412679203927705 0.19352223807606764
0.13347561706624653 0.19339211875430642

0.13347561706624653 0.19339211875430642
0.13100756431743341 0.19291276989504519

0.13100756431743341 0.19291276989504519
0.12788833659558974 0.19230290234879752

0.12788833659558974 0.19230290234879752
0.12476910887374609 0.19168544042276978

0.12476910887374609 0.19168544042276978
0.12164988115190244 0.1910621207683611

0.12164988115190244 0.1910621207683611
0.11853065343005878 0.19043789272173245

0.11853065343005878 0.19043789272173245
0.11774208958416293 0.19027289103246278

0.11774208958416293 0.19027289103246278
0.11541142570821514 0.18979741770037695

0.11541142570821514 0.18979741770037695
0.11229219798637148 0.18915983261664415

0.11229219798637148 0.18915983261664415
0.10917297026452782 0.18851523968324621

0.10917297026452782 0.18851523968324621
0.10605374254268418 0.18786475964608648

0.10605374254268418 0.18786475964608648
0.10293451482084053 0.18721043956865441

0.10293451482084053 0.18721043956865441
0.10267947953065895 0.18715366331061914

0.10267947953065895 0.18715366331061914
0.099815287098996869 0.18654423910014004

0.099815287098996869 0.18654423910014004
0.096696059377153226 0.1858745451907238

0.096696059377153226 0.1858745451907238
0.09357683165530957 0.18519787118717451

0.09357683165530957 0.18519787118717451
0.090457603933465913 0.18451672001959532

0.090457603933465913 0.18451672001959532
0.088289118376033884 0.18403443558877547

0.088289118376033884 0.18403443558877547
0.087338376211622271 0.18381823583679804

0.087338376211622271 0.18381823583679804
0.084219148489778614 0.18312794409637198

0.084219148489778614 0.18312794409637198
0.081099920767934958 0.18242663405794252

0.081099920767934958 0.18242663405794252
0.077980693046091315 0.1817202905557751

0.077980693046091315 0.1817202905557751
0.074861465324247659 0.18101320508853064

0.074861465324247659 0.18101320508853064
0.074453132757566778 0.18091520786693183

0.074453132757566778 0.18091520786693183
0.071742237602404002 0.18029207597290464

0.071742237602404002 0.18029207597290464
0.068623009880560346 0.17957094394417739

0.068623009880560346 0.17957094394417739
0.065503782158716703 0.17884317279667483

0.065503782158716703 0.17884317279667483
0.06238455443687304 0.17811510492249596

0.06238455443687304 0.17811510492249596
0.061067860120374025 0.17779598014508818

0.061067860120374025 0.17779598014508818
0.05926532671502939 0.17736306619518155

0.05926532671502939 0.17736306619518155
0.056146098993185733 0.17661943201792255

0.056146098993185733 0.17661943201792255
0.053026871271342084 0.17586429575091186

0.053026871271342084 0.17586429575091186
0.049907643549498434 0.1751078283523726

0.049907643549498434 0.1751078283523726
0.048178137706447514 0.17467675242324451

0.048178137706447514 0.17467675242324451
0.046788415827654778 0.17432791457973543

0.046788415827654778 0.17432791457973543
0.043669188105811128 0.17356015743945769

0.043669188105811128 0.17356015743945769
0.040549960383967479 0.17277940142835893

0.040549960383967479 0.17277940142835893
0.037430732662123822 0.17199882687187129

0.037430732662123822 0.17199882687187129
0.035712754730857547 0.17155752470140087

0.035712754730857547 0.17155752470140087
0.034311504940280173 0.17119515392294216

0.034311504940280173 0.17119515392294216
0.03119227721843652 0.17040645265752116

0.03119227721843652 0.17040645265752116
0.02807304949659287 0.16960625987035235

0.02807304949659287 0.16960625987035235
0.024953821774749217 0.16880959519509997

0.024953821774749217 0.16880959519509997
0.023547046947065595 0.16843829697955723

0.023547046947065595 0.16843829697955723
0.021834594052905568 0.16798916304158923

0.021834594052905568 0.16798916304158923
0.018715366331061915 0.16718415203746445

0.018715366331061915 0.16718415203746445
0.01559613860921826 0.16636928810315332

0.01559613860921826 0.16636928810315332
0.012476910887374609 0.16555859502008963

0.012476910887374609 0.16555859502008963
0.011600243904617497 0.16531906925771356

0.011600243904617497 0.16531906925771356
0.0093576831655309556 0.16472403154555224

0.0093576831655309556 0.16472403154555224
0.0062384554436873043 0.16389874775437341

0.0062384554436873043 0.16389874775437341
0.0031192277218436517 0.16306473490132992

0.0031192277218436517 0.16306473490132992
0 0.16222710773407514

0 0.16222710773407514
-9.4315944533431267e-05 0.16219984153586992

-9.4315944533431267e-05 0.16219984153586992
-0.0031192277218436521 0.16138079311912901

-0.0031192277218436521 0.16138079311912901
-0.0062384554436873043 0.16053116663873307

-0.0062384554436873043 0.16053116663873307
-0.0093576831655309573 0.15968026476802064

-0.0093576831655309573 0.15968026476802064
-0.011520878718593254 0.15908061381402627

-0.011520878718593254 0.15908061381402627
-0.012476910887374609 0.15880824937222957

-0.012476910887374609 0.15880824937222957
-0.015596138609218262 0.15795417506256265

-0.015596138609218262 0.15795417506256265
-0.018715366331061911 0.15708682452760073

-0.018715366331061911 0.15708682452760073
-0.021834594052905564 0.15622428439029015

-0.021834594052905564 0.15622428439029015
-0.022736781509061957 0.1559613860921826

-0.022736781509061957 0.1559613860921826
-0.024953821774749217 0.15533445751783978

-0.024953821774749217 0.15533445751783978
-0.028073049496592867 0.15445575327781563

-0.028073049496592867 0.15445575327781563
-0.03119227721843652 0.1535686614261671

-0.03119227721843652 0.1535686614261671
-0.033715792725423542 0.15284215837033896

-0.033715792725423542 0.15284215837033896
-0.034311504940280173 0.15266262263255451

-0.034311504940280173 0.15266262263255451
-0.037430732662123829 0.15176843040387619

-0.037430732662123829 0.15176843040387619
-0.040549960383967479 0.1508589573648276

-0.040549960383967479 0.1508589573648276
-0.043669188105811135 0.14995351579127467

-0.043669188105811135 0.14995351579127467
-0.044417710411563179 0.14972293064849532

-0.044417710411563179 0.14972293064849532
-0.046788415827654785 0.14902062402484451

-0.046788415827654785 0.14902062402484451
-0.049907643549498434 0.14809979677252347

-0.049907643549498434 0.14809979677252347
-0.053026871271342091 0.14718003326869672

-0.053026871271342091 0.14718003326869672
-0.054945231637241 0.14660370292665165

-0.054945231637241 0.14660370292665165
-0.05614609899318574 0.14623658599526879

-0.05614609899318574 0.14623658599526879
-0.05926532671502939 0.14531987670656757

-0.05926532671502939 0.14531987670656757
-0.062384554436873046 0.14439261439969803

-0.062384554436873046 0.14439261439969803
-0.065437609744558839 0.143484475204808

-0.065437609744558839 0.143484475204808
-0.065503782158716689 0.14346328206951811

-0.065503782158716689 0.14346328206951811
-0.068623009880560346 0.14253512299721838

-0.068623009880560346 0.14253512299721838
-0.071742237602403988 0.14160186521068469

-0.071742237602403988 0.14160186521068469
-0.074861465324247645 0.14067454725615527

-0.074861465324247645 0.14067454725615527
-0.075846770133337696 0.14036524748296436

-0.075846770133337696 0.14036524748296436
-0.077980693046091301 0.1397140032768906

-0.077980693046091301 0.1397140032768906
-0.081099920767934958 0.13876642396223512

-0.081099920767934958 0.13876642396223512
-0.0842191484897786 0.13781338906360346

-0.0842191484897786 0.13781338906360346
-0.086021923409516782 0.13724601976112069

-0.086021923409516782 0.13724601976112069
-0.087338376211622257 0.13682644162594521

-0.087338376211622257 0.13682644162594521
-0.090457603933465913 0.13586233176626442

-0.090457603933465913 0.13586233176626442
-0.093576831655309556 0.13488498088563453

-0.093576831655309556 0.13488498088563453
-0.095970295560671229 0.13412679203927705

-0.095970295560671229 0.13412679203927705
-0.096696059377153212 0.13388669864841657

-0.096696059377153212 0.13388669864841657
-0.099815287098996869 0.13291128797107049

-0.099815287098996869 0.13291128797107049
-0.10293451482084051 0.13192279882583838

-0.10293451482084051 0.13192279882583838
-0.1058148366522584 0.13100756431743341

-0.1058148366522584 0.13100756431743341
-0.10605374254268417 0.13092616983756969

-0.10605374254268417 0.13092616983756969
-0.10917297026452782 0.12993845363666276

-0.10917297026452782 0.12993845363666276
-0.11229219798637147 0.12894174019888771

-0.11229219798637147 0.12894174019888771
-0.11541142570821512 0.12794509686453717

-0.11541142570821512 0.12794509686453717
-0.11557470954200741 0.12788833659558974

-0.11557470954200741 0.12788833659558974
-0.11853065343005878 0.12693474156299125

-0.11853065343005878 0.12693474156299125
-0.12164988115190242 0.12592252418476638

-0.12164988115190242 0.12592252418476638
-0.12476910887374608 0.12491242503703474

-0.12476910887374608 0.12491242503703474
-0.12517807599079592 0.12476910887374609

-0.12517807599079592 0.12476910887374609
-0.12788833659558974 0.12387676032637512

-0.12788833659558974 0.12387676032637512
-0.13100756431743338 0.12284606841009865

-0.13100756431743338 0.12284606841009865
-0.13412679203927705 0.12181857475059887

-0.13412679203927705 0.12181857475059887
-0.13460132972261077 0.12164988115190244

-0.13460132972261077 0.12164988115190244
-0.13724601976112069 0.12076429580126534

-0.13724601976112069 0.12076429580126534
-0.14036524748296433 0.11971898940458536

-0.14036524748296433 0.11971898940458536
-0.143484475204808 0.11867747760575988

-0.143484475204808 0.11867747760575988
-0.14389110821935228 0.11853065343005878

-0.14389110821935228 0.11853065343005878
-0.14660370292665165 0.11761234231047922

-0.14660370292665165 0.11761234231047922
-0.14972293064849529 0.11655540913363989

-0.14972293064849529 0.11655540913363989
-0.15284215837033896 0.11549994858453674

-0.15284215837033896 0.11549994858453674
-0.15308245126437561 0.11541142570821514

-0.15308245126437561 0.11541142570821514
-0.1559613860921826 0.11442732874490688

-0.1559613860921826 0.11442732874490688
-0.15908061381402624 0.11335819028636047

-0.15908061381402624 0.11335819028636047
-0.16218068069278258 0.11229219798637148

-0.16218068069278258 0.11229219798637148
-0.16219984153586992 0.11228499734159975

-0.16219984153586992 0.11228499734159975
-0.16531906925771356 0.11121058564997376

-0.16531906925771356 0.11121058564997376
-0.1684382969795572 0.11013406561588096

-0.1684382969795572 0.11013406561588096
-0.1712138437790304 0.10917297026452782

-0.1712138437790304 0.10917297026452782
-0.17155752470140087 0.10904534569860434

-0.17155752470140087 0.10904534569860434
-0.17467675242324451 0.10797332895404971

-0.17467675242324451 0.10797332895404971
-0.17779598014508816 0.10689391119144459

-0.17779598014508816 0.10689391119144459
-0.18019919783560809 0.10605374254268418

-0.18019919783560809 0.10605374254268418
-0.18091520786693183 0.10579097910782054

-0.18091520786693183 0.10579097910782054
-0.18403443558877547 0.10471547795130028

-0.18403443558877547 0.10471547795130028
-0.18715366331061911 0.10363036092701836

-0.18715366331061911 0.10363036092701836
-0.18910596810337482 0.10293451482084053

-0.18910596810337482 0.10293451482084053
-0.19027289103246278 0.10250896895503157

-0.19027289103246278 0.10250896895503157
-0.19339211875430642 0.10142005519830662

-0.19339211875430642 0.10142005519830662
-0.19651134647615007 0.10032448728544714

-0.19651134647615007 0.10032448728544714
-0.19789667611914105 0.099815287098996869

-0.19789667611914105 0.099815287098996869
-0.19963057419799374 0.099184301691724402

-0.19963057419799374 0.099184301691724402
-0.20274980191983738 0.098074859233170997

-0.20274980191983738 0.098074859233170997
-0.20586902964168105 0.09696391657313061

-0.20586902964168105 0.09696391657313061
-0.20656867654016303 0.096696059377153226

-0.20656867654016303 0.096696059377153226
-0.20898825736352469 0.095816026423302378

-0.20898825736352469 0.095816026423302378
-0.21210748508536834 0.094686574053491845

-0.21210748508536834 0.094686574053491845
-0.21515144749693182 0.09357683165530957

-0.21515144749693182 0.09357683165530957
-0.21522671280721201 0.09354678166458999

-0.21522671280721201 0.09354678166458999
-0.21834594052905565 0.092408063555770095

-0.21834594052905565 0.092408063555770095
-0.22146516825089929 0.091268858764502858

-0.22146516825089929 0.091268858764502858
-0.22364750177331802 0.090457603933465913

-0.22364750177331802 0.090457603933465913
-0.22458439597274296 0.090095841142172298

-0.22458439597274296 0.090095841142172298
-0.2277036236945866 0.088957364172671374

-0.2277036236945866 0.088957364172671374
-0.23082285141643025 0.087814208085630979

-0.23082285141643025 0.087814208085630979
-0.23205615145373001 0.087338376211622271

-0.23205615145373001 0.087338376211622271
-0.23394207913827392 0.086625060589606284

-0.23394207913827392 0.086625060589606284
-0.23706130686011756 0.08547067173250579

-0.23706130686011756 0.08547067173250579
-0.2401805345819612 0.084312477394020924

-0.2401805345819612 0.084312477394020924
-0.24041025316774106 0.084219148489778614

-0.24041025316774106 0.084219148489778614
-0.24329976230380487 0.083138760384627336

-0.24329976230380487 0.083138760384627336
-0.24641899002564852 0.081978314790715795

-0.24641899002564852 0.081978314790715795
-0.24875319754208655 0.081099920767934958

-0.24875319754208655 0.081099920767934958
-0.24953821774749216 0.080790017892834937

-0.24953821774749216 0.080790017892834937
-0.25265744546933583 0.079637315564027089

-0.25265744546933583 0.079637315564027089
-0.25577667319117953 0.07848142780569739

-0.25577667319117953 0.07848142780569739
-0.25706142835441659 0.077980693046091315

-0.25706142835441659 0.077980693046091315
-0.25889590091302317 0.077277634105246587

-0.25889590091302317 0.077277634105246587
-0.26201512863486681 0.076106880510048297

-0.26201512863486681 0.076106880510048297
-0.26513435635671045 0.074924365428864506

-0.26513435635671045 0.074924365428864506
-0.26528458707731412 0.074861465324247659

-0.26528458707731412 0.074861465324247659
-0.2682535840785541 0.073725544368092963

-0.2682535840785541 0.073725544368092963
-0.27137281180039774 0.072537404816249235

-0.27137281180039774 0.072537404816249235
-0.27341487345805354 0.071742237602404002

-0.27341487345805354 0.071742237602404002
-0.27449203952224144 0.071309717134804634

-0.27449203952224144 0.071309717134804634
-0.27761126724408508 0.070122905565016852

-0.27761126724408508 0.070122905565016852
-0.28073049496592872 0.068931137216318286

-0.28073049496592872 0.068931137216318286
-0.28147865171956865 0.068623009880560346

-0.28147865171956865 0.068623009880560346
-0.28384972268777237 0.067696006754577098

-0.28384972268777237 0.067696006754577098
-0.28696895040961601 0.066489407049381569

-0.28696895040961601 0.066489407049381569
-0.28948620241921041 0.065503782158716703

-0.28948620241921041 0.065503782158716703
-0.29008817813145965 0.065252997101215363

-0.29008817813145965 0.065252997101215363
-0.29320740585330335 0.064049963988027162

-0.29320740585330335 0.064049963988027162
-0.29632663357514699 0.062847025663316833

-0.29632663357514699 0.062847025663316833
-0.29745988881247948 0.06238455443687304

-0.29745988881247948 0.06238455443687304
-0.29944586129699063 0.06159604936885122

-0.29944586129699063 0.06159604936885122
-0.30256508901883428 0.060383742815923194

-0.30256508901883428 0.060383742815923194
-0.3054164146109406 0.05926532671502939

-0.3054164146109406 0.05926532671502939
-0.30568431674067792 0.059150963347891307

-0.30568431674067792 0.059150963347891307
-0.30880354446252156 0.057937941567516672

-0.30880354446252156 0.057937941567516672
-0.31192277218436526 0.05673131720449457

-0.31192277218436526 0.05673131720449457
-0.313373037644256 0.056146098993185733

-0.313373037644256 0.056146098993185733
-0.3150419999062089 0.055477347737703991

-0.3150419999062089 0.055477347737703991
-0.31816122762805255 0.054267584858157525

-0.31816122762805255 0.054267584858157525
-0.32128045534989619 0.053045899994131826

-0.32128045534989619 0.053045899994131826
-0.3213243745657991 0.053026871271342084

-0.3213243745657991 0.053026871271342084
-0.32439968307173983 0.051821338648433878

-0.32439968307173983 0.051821338648433878
-0.32751891079358347 0.050611657124409563

-0.32751891079358347 0.050611657124409563
-0.32928056658313803 0.049907643549498434

-0.32928056658313803 0.049907643549498434
-0.33063813851542717 0.049357982283044499

-0.33063813851542717 0.049357982283044499
-0.33375736623727081 0.048150386504316675

-0.33375736623727081 0.048150386504316675
-0.33687659395911446 0.04693551588770635

-0.33687659395911446 0.04693551588770635
-0.33722127162659177 0.046788415827654778

-0.33722127162659177 0.046788415827654778
-0.3399958216809581 0.045695076820661547

-0.3399958216809581 0.045695076820661547
-0.34311504940280174 0.044476502355687994

-0.34311504940280174 0.044476502355687994
-0.34513340194217251 0.043669188105811128

-0.34513340194217251 0.043669188105811128
-0.34623427712464538 0.04321545638243246

-0.34623427712464538 0.04321545638243246
-0.34935350484648908 0.041998813149770664

-0.34935350484648908 0.041998813149770664
-0.35247273256833273 0.040776770882346824

-0.35247273256833273 0.040776770882346824
-0.35300531140163877 0.040549960383967479

-0.35300531140163877 0.040549960383967479
-0.35559196029017637 0.039520543042636726

-0.35559196029017637 0.039520543042636726
-0.35871118801202001 0.038294443107405055

-0.35871118801202001 0.038294443107405055
-0.36087235311851767 0.037430732662123822

-0.36087235311851767 0.037430732662123822
-0.36183041573386365 0.037032539385338591

-0.36183041573386365 0.037032539385338591
-0.36494964345570735 0.035819177576861316

-0.36494964345570735 0.035819177576861316
-0.36806887117755099 0.034608131242661461

-0.36806887117755099 0.034608131242661461
-0.3687808115068541 0.034311504940280173

-0.3687808115068541 0.034311504940280173
-0.37118809889939464 0.033362434182058677

-0.37118809889939464 0.033362434182058677
-0.37430732662123828 0.032152822959450399

-0.37430732662123828 0.032152822959450399
-0.37676685847924785 0.03119227721843652

-0.37676685847924785 0.03119227721843652
-0.37742655434308192 0.030919327116388645

-0.37742655434308192 0.030919327116388645
-0.38054578206492556 0.029728285685791434

-0.38054578206492556 0.029728285685791434
-0.38366500978676926 0.028543643750760461

-0.38366500978676926 0.028543643750760461
-0.38484644182310512 0.02807304949659287

-0.38484644182310512 0.02807304949659287
-0.3867842375086129 0.027319530960262777

-0.3867842375086129 0.027319530960262777
-0.38990346523045655 0.026137975108602819

-0.38990346523045655 0.026137975108602819
-0.39301431631569028 0.024953821774749217

-0.39301431631569028 0.024953821774749217
-0.39302269295230019 0.024950300528946982

-0.39302269295230019 0.024950300528946982
-0.39614192067414383 0.023766277590079717

-0.39614192067414383 0.023766277590079717
-0.39926114839598748 0.022593119003592333

-0.39926114839598748 0.022593119003592333
-0.4012374416046729 0.021834594052905568

-0.4012374416046729 0.021834594052905568
-0.40238037611783117 0.021384389224589222

-0.40238037611783117 0.021384389224589222
-0.40549960383967482 0.020219739332710651

-0.40549960383967482 0.020219739332710651
-0.40861883156151846 0.019055717392041233

-0.40861883156151846 0.019055717392041233
-0.40947437450961849 0.018715366331061915

-0.40947437450961849 0.018715366331061915
-0.4117380592833621 0.017853602643555705

-0.4117380592833621 0.017853602643555705
-0.41485728700520574 0.016684157262741414

-0.41485728700520574 0.016684157262741414
-0.41775185398148901 0.01559613860921826

-0.41775185398148901 0.01559613860921826
-0.41797651472704939 0.015504326986399726

-0.41797651472704939 0.015504326986399726
-0.42109574244889308 0.014344822864189283

-0.42109574244889308 0.014344822864189283
-0.42421497017073673 0.013193199835129886

-0.42421497017073673 0.013193199835129886
-0.42612066858842679 0.012476910887374609

-0.42612066858842679 0.012476910887374609
-0.42733419789258037 0.012011184519279001

-0.42733419789258037 0.012011184519279001
-0.43045342561442401 0.010876938539947194

-0.43045342561442401 0.010876938539947194
-0.43357265333626765 0.0097486720549734267

-0.43357265333626765 0.0097486720549734267
-0.43460022421488792 0.0093576831655309556

-0.43460022421488792 0.0093576831655309556
-0.4366918810581113 0.0085870119071170484

-0.4366918810581113 0.0085870119071170484
-0.439811108779955 0.0074622741323069151

-0.439811108779955 0.0074622741323069151
-0.44293033650179864 0.0063440415143235975

-0.44293033650179864 0.0063440415143235975
-0.44320222807912663 0.0062384554436873043

-0.44320222807912663 0.0062384554436873043
-0.44604956422364228 0.0052149878878285909

-0.44604956422364228 0.0052149878878285909
-0.44916879194548592 0.0041015454894438178

-0.44916879194548592 0.0041015454894438178
-0.45192717733521259 0.0031192277218436517

-0.45192717733521259 0.0031192277218436517
-0.45228801966732957 0.0029813211422580659

-0.45228801966732957 0.0029813211422580659
-0.45540724738917326 0.00188732188806311

-0.45540724738917326 0.00188732188806311
-0.45852647511101691 0.00079558219727757619

-0.45852647511101691 0.00079558219727757619
-0.46078949684019155 0

-0.46078949684019155 0
-0.46164570283286055 -0.00031332504138028129

-0.46164570283286055 -0.00031332504138028129
-0.46476493055470419 -0.0013802526333295062

-0.46476493055470419 -0.0013802526333295062
-0.46788415827654783 -0.0024449787099776075

-0.46788415827654783 -0.0024449787099776075
-0.46983514194714332 -0.0031192277218436521

-0.46983514194714332 -0.0031192277218436521
-0.47100338599839148 -0.0035317889497835744

-0.47100338599839148 -0.0035317889497835744
-0.47412261372023518 -0.0045761615982467469

-0.47412261372023518 -0.0045761615982467469
-0.47724184144207882 -0.0056185628246166481

-0.47724184144207882 -0.0056185628246166481
-0.47906514118006455 -0.0062384554436873043

-0.47906514118006455 -0.0062384554436873043
-0.48036106916392246 -0.0066853610544749887

-0.48036106916392246 -0.0066853610544749887
-0.4834802968857661 -0.0077116900298085612

-0.4834802968857661 -0.0077116900298085612
-0.48659952460760975 -0.0087362217824136432

-0.48659952460760975 -0.0087362217824136432
-0.4884631251556763 -0.0093576831655309573

-0.4884631251556763 -0.0093576831655309573
-0.48971875232945339 -0.0097831973786562023

-0.48971875232945339 -0.0097831973786562023
-0.49283798005129709 -0.010790229478372819

-0.49283798005129709 -0.010790229478372819
-0.49595720777314073 -0.01179696282727568

-0.49595720777314073 -0.01179696282727568
-0.49804728483115579 -0.012476910887374609

-0.49804728483115579 -0.012476910887374609
-0.49907643549498437 -0.012821141005785757

-0.49907643549498437 -0.012821141005785757
-0.50219566321682807 -0.013807700977834778

-0.50219566321682807 -0.013807700977834778
-0.50531489093867166 -0.014797333801391763

-0.50531489093867166 -0.014797333801391763
-0.50783700189217063 -0.015596138609218262

-0.50783700189217063 -0.015596138609218262
-0.50843411866051536 -0.015794917598767284

-0.50843411866051536 -0.015794917598767284
-0.51155334638235894 -0.016763588896856106

-0.51155334638235894 -0.016763588896856106
-0.51467257410420264 -0.017736985174324097

-0.51467257410420264 -0.017736985174324097
-0.51779180182604623 -0.018704196280262538

-0.51779180182604623 -0.018704196280262538
-0.51782522806857589 -0.018715366331061911

-0.51782522806857589 -0.018715366331061911
-0.52091102954788993 -0.019668464284549627

-0.52091102954788993 -0.019668464284549627
-0.52403025726973362 -0.020628021839096764

-0.52403025726973362 -0.020628021839096764
-0.52714948499157721 -0.021573034217199444

-0.52714948499157721 -0.021573034217199444
-0.52797069211382386 -0.021834594052905564

-0.52797069211382386 -0.021834594052905564
-0.53026871271342091 -0.022539844470231329

-0.53026871271342091 -0.022539844470231329
-0.5333879404352645 -0.0234851202854491

-0.5333879404352645 -0.0234851202854491
-0.53650716815710819 -0.024422319210210475

-0.53650716815710819 -0.024422319210210475
-0.53824228233686844 -0.024953821774749217

-0.53824228233686844 -0.024953821774749217
-0.53962639587895189 -0.025381427394179305

-0.53962639587895189 -0.025381427394179305
-0.54274562360079548 -0.026309166177372868

-0.54274562360079548 -0.026309166177372868
-0.54586485132263918 -0.027242052598401002

-0.54586485132263918 -0.027242052598401002
-0.54865395916119131 -0.028073049496592867

-0.54865395916119131 -0.028073049496592867
-0.54898407904448276 -0.028177517688424226

-0.54898407904448276 -0.028177517688424226
-0.55210330676632646 -0.029094561839503805

-0.55210330676632646 -0.029094561839503805
-0.55522253448817016 -0.030011975418844091

-0.55522253448817016 -0.030011975418844091
-0.55834176221001375 -0.030912392775922237

-0.55834176221001375 -0.030912392775922237
-0.55927383896945138 -0.03119227721843652

-0.55927383896945138 -0.03119227721843652
-0.56146098993185745 -0.031829598574128842

-0.56146098993185745 -0.031829598574128842
-0.56458021765370103 -0.032721886618714675

-0.56458021765370103 -0.032721886618714675
-0.56769944537554473 -0.033609392098086416

-0.56769944537554473 -0.033609392098086416
-0.57017005485316241 -0.034311504940280173

-0.57017005485316241 -0.034311504940280173
-0.57081867309738832 -0.034503770242482586

-0.57081867309738832 -0.034503770242482586
-0.57393790081923202 -0.035374367714159999

-0.57393790081923202 -0.035374367714159999
-0.57705712854107571 -0.036250019051789227

-0.57705712854107571 -0.036250019051789227
-0.5801763562629193 -0.037113453227545272

-0.5801763562629193 -0.037113453227545272
-0.58128018677955839 -0.037430732662123829

-0.58128018677955839 -0.037430732662123829
-0.583295583984763 -0.037998073416486991

-0.583295583984763 -0.037998073416486991
-0.58641481170660659 -0.038861994982419781

-0.58641481170660659 -0.038861994982419781
-0.58953403942845028 -0.039728964535675225

-0.58953403942845028 -0.039728964535675225
-0.59249484686564502 -0.040549960383967479

-0.59249484686564502 -0.040549960383967479
-0.59265326715029398 -0.040596800623484794

-0.59265326715029398 -0.040596800623484794
-0.59577249487213757 -0.041456636889853175

-0.59577249487213757 -0.041456636889853175
-0.59889172259398127 -0.042317627071809236

-0.59889172259398127 -0.042317627071809236
-0.60201095031582486 -0.043169830045331238

-0.60201095031582486 -0.043169830045331238
-0.60381002011899187 -0.043669188105811135

-0.60381002011899187 -0.043669188105811135
-0.60513017803766855 -0.044039511287882832

-0.60513017803766855 -0.044039511287882832
-0.60824940575951214 -0.04488271955612181

-0.60824940575951214 -0.04488271955612181
-0.61136863348135584 -0.045730236709398984

-0.61136863348135584 -0.045730236709398984
-0.61448786120319954 -0.046564513721547039

-0.61448786120319954 -0.046564513721547039
-0.61529067818993988 -0.046788415827654785

-0.61529067818993988 -0.046788415827654785
-0.61760708892504312 -0.047413194420405112

-0.61760708892504312 -0.047413194420405112
-0.62072631664688682 -0.048243556238448934

-0.62072631664688682 -0.048243556238448934
-0.62384554436873041 -0.049071822783997299

-0.62384554436873041 -0.049071822783997299
-0.62696477209057411 -0.049894051579444709

-0.62696477209057411 -0.049894051579444709
-0.6270132808701897 -0.049907643549498434

-0.6270132808701897 -0.049907643549498434
-0.63008399981241781 -0.050713224182911083

-0.63008399981241781 -0.050713224182911083
-0.63320322753426139 -0.051527384840370685

-0.63320322753426139 -0.051527384840370685
-0.63632245525610509 -0.052336903986905693

-0.63632245525610509 -0.052336903986905693
-0.63898388246637772 -0.053026871271342091

-0.63898388246637772 -0.053026871271342091
-0.63944168297794868 -0.053151236341292908

-0.63944168297794868 -0.053151236341292908
-0.64256091069979238 -0.053951087617507075

-0.64256091069979238 -0.053951087617507075
-0.64568013842163596 -0.05475549462475926

-0.64568013842163596 -0.05475549462475926
-0.64879936614347966 -0.055555564482321185

-0.64879936614347966 -0.055555564482321185
-0.6510885475218785 -0.05614609899318574

-0.6510885475218785 -0.05614609899318574
-0.65191859386532336 -0.056366868909777927

-0.65191859386532336 -0.056366868909777927
-0.65503782158716695 -0.057158482011108278

-0.65503782158716695 -0.057158482011108278
-0.65815704930901064 -0.057954995897514662

-0.65815704930901064 -0.057954995897514662
-0.66127627703085423 -0.058743279885202532

-0.66127627703085423 -0.058743279885202532
-0.66333009428346312 -0.05926532671502939

-0.66333009428346312 -0.05926532671502939
-0.66439550475269793 -0.059541639930648246

-0.66439550475269793 -0.059541639930648246
-0.66751473247454163 -0.060315434904051182

-0.66751473247454163 -0.060315434904051182
-0.67063396019638521 -0.061090237808433367

-0.67063396019638521 -0.061090237808433367
-0.67375318791822891 -0.061854910041368602

-0.67375318791822891 -0.061854910041368602
-0.67590901491527944 -0.062384554436873046

-0.67590901491527944 -0.062384554436873046
-0.6768724156400725 -0.062626883544027193

-0.6768724156400725 -0.062626883544027193
-0.6799916433619162 -0.063377827793353589

-0.6799916433619162 -0.063377827793353589
-0.6831108710837599 -0.064134052062196037

-0.6831108710837599 -0.064134052062196037
-0.68623009880560348 -0.064888889346815457

-0.68623009880560348 -0.064888889346815457
-0.68875683337632987 -0.065503782158716689

-0.68875683337632987 -0.065503782158716689
-0.68934932652744718 -0.065653632650328794

-0.68934932652744718 -0.065653632650328794
-0.69246855424929077 -0.066407494914266965

-0.69246855424929077 -0.066407494914266965
-0.69558778197113447 -0.067169407305514017

-0.69558778197113447 -0.067169407305514017
-0.69870700969297805 -0.067930481505460355

-0.69870700969297805 -0.067930481505460355
-0.70155974375925145 -0.068623009880560346

-0.70155974375925145 -0.068623009880560346
-0.70182623741482175 -0.068691112040281638

-0.70182623741482175 -0.068691112040281638
-0.70494546513666545 -0.069437146665386293

-0.70494546513666545 -0.069437146665386293
-0.70806469285850904 -0.07017654255441988

-0.70806469285850904 -0.07017654255441988
-0.71118392058035274 -0.070903228017609773

-0.71118392058035274 -0.070903228017609773
-0.71430314830219632 -0.071612185463745162

-0.71430314830219632 -0.071612185463745162
-0.71485783179212825 -0.071742237602403988

-0.71485783179212825 -0.071742237602403988
-0.71742237602404002 -0.072321423943807153

-0.71742237602404002 -0.072321423943807153
-0.72054160374588372 -0.073016295007554466

-0.72054160374588372 -0.073016295007554466
-0.72366083146772731 -0.073709174252168802

-0.72366083146772731 -0.073709174252168802
-0.726780059189571 -0.074399813487141669

-0.726780059189571 -0.074399813487141669
-0.72883363047110061 -0.074861465324247645

-0.72883363047110061 -0.074861465324247645
-0.72989928691141459 -0.075105409547155902

-0.72989928691141459 -0.075105409547155902
-0.73301851463325829 -0.075800293343117886

-0.73301851463325829 -0.075800293343117886
-0.73613774235510188 -0.076504419231181675

-0.73613774235510188 -0.076504419231181675
-0.73925697007694557 -0.077209194189976876

-0.73925697007694557 -0.077209194189976876
-0.74237619779878927 -0.077908057328897343

-0.74237619779878927 -0.077908057328897343
-0.74268625667044164 -0.077980693046091301

-0.74268625667044164 -0.077980693046091301
-0.74549542552063286 -0.078609156785557979

-0.74549542552063286 -0.078609156785557979
-0.74861465324247656 -0.079300475872465678

-0.74861465324247656 -0.079300475872465678
-0.75173388096432014 -0.079985036393709283

-0.75173388096432014 -0.079985036393709283
-0.75485310868616384 -0.080659702244211276

-0.75485310868616384 -0.080659702244211276
-0.7568839995621004 -0.081099920767934958

-0.7568839995621004 -0.081099920767934958
-0.75797233640800754 -0.081339704318247219

-0.75797233640800754 -0.081339704318247219
-0.76109156412985113 -0.082001381287714753

-0.76109156412985113 -0.082001381287714753
-0.76421079185169483 -0.082664873557223212

-0.76421079185169483 -0.082664873557223212
-0.76733001957353841 -0.08332469539325392

-0.76733001957353841 -0.08332469539325392
-0.77044924729538211 -0.083975559282695969

-0.77044924729538211 -0.083975559282695969
-0.7715900848667071 -0.0842191484897786

-0.7715900848667071 -0.0842191484897786
-0.77356847501722581 -0.084635533303003121

-0.77356847501722581 -0.084635533303003121
-0.7766877027390694 -0.085280355386371576

-0.7766877027390694 -0.085280355386371576
-0.77980693046091309 -0.085923007275474639

-0.77980693046091309 -0.085923007275474639
-0.78292615818275668 -0.086560154835426173

-0.78292615818275668 -0.086560154835426173
-0.78604538590460038 -0.087187363266261655

-0.78604538590460038 -0.087187363266261655
-0.7867747526862483 -0.087338376211622257

-0.7867747526862483 -0.087338376211622257
-0.78916461362644397 -0.087819833661724023

-0.78916461362644397 -0.087819833661724023
-0.79228384134828767 -0.088440921143322984

-0.79228384134828767 -0.088440921143322984
-0.79540306907013136 -0.089058834611247611

-0.79540306907013136 -0.089058834611247611
-0.79852229679197495 -0.089672140599481989

-0.79852229679197495 -0.089672140599481989
-0.80164152451381865 -0.090276560839509079

-0.80164152451381865 -0.090276560839509079
-0.80255205783224415 -0.090457603933465913

-0.80255205783224415 -0.090457603933465913
-0.80476075223566224 -0.090887807671201346

-0.80476075223566224 -0.090887807671201346
-0.80787997995750593 -0.091488701184809618

-0.80787997995750593 -0.091488701184809618
-0.81099920767934963 -0.09208994714765488

-0.81099920767934963 -0.09208994714765488
-0.81411843540119322 -0.092690601360230676

-0.81411843540119322 -0.092690601360230676
-0.81723766312303692 -0.09328736854829274

-0.81723766312303692 -0.09328736854829274
-0.81872060644284472 -0.093576831655309556

-0.81872060644284472 -0.093576831655309556
-0.8203568908448805 -0.093895464185396002

-0.8203568908448805 -0.093895464185396002
-0.8234761185667242 -0.094492769186291237

-0.8234761185667242 -0.094492769186291237
-0.82659534628856779 -0.095092479260965632

-0.82659534628856779 -0.095092479260965632
-0.82971457401041149 -0.095688949081542185

-0.82971457401041149 -0.095688949081542185
-0.83283380173225519 -0.096278509553983066

-0.83283380173225519 -0.096278509553983066
-0.83505197814681864 -0.096696059377153212

-0.83505197814681864 -0.096696059377153212
-0.83595302945409877 -0.096869065772772309

-0.83595302945409877 -0.096869065772772309
-0.83907225717594247 -0.097443618309683872

-0.83907225717594247 -0.097443618309683872
-0.84219148489778606 -0.098017145946153031

-0.84219148489778606 -0.098017145946153031
-0.84531071261962976 -0.098587747988673133

-0.84531071261962976 -0.098587747988673133
-0.84842994034147345 -0.099157909191385118

-0.84842994034147345 -0.099157909191385118
-0.85154916806331704 -0.099726275055512972

-0.85154916806331704 -0.099726275055512972
-0.85201745266074325 -0.099815287098996869

-0.85201745266074325 -0.099815287098996869
-0.85466839578516074 -0.10030301048638923

-0.85466839578516074 -0.10030301048638923
-0.85778762350700433 -0.10087728984128347

-0.85778762350700433 -0.10087728984128347
-0.86090685122884802 -0.10145106185327835

-0.86090685122884802 -0.10145106185327835
-0.86402607895069172 -0.10202015421156845

-0.86402607895069172 -0.10202015421156845
-0.86714530667253531 -0.1025792755637495

-0.86714530667253531 -0.1025792755637495
-0.86914362623705388 -0.10293451482084051

-0.86914362623705388 -0.10293451482084051
-0.87026453439437901 -0.10313621385512833

-0.87026453439437901 -0.10313621385512833
-0.8733837621162226 -0.10367346947037456

-0.8733837621162226 -0.10367346947037456
-0.87650298983806629 -0.10420434716190066

-0.87650298983806629 -0.10420434716190066
-0.87962221755990988 -0.10472672645646307

-0.87962221755990988 -0.10472672645646307
-0.88274144528175358 -0.10524290663558927

-0.88274144528175358 -0.10524290663558927
-0.88586067300359728 -0.10575327590885833

-0.88586067300359728 -0.10575327590885833
-0.88768100188074628 -0.10605374254268417

-0.88768100188074628 -0.10605374254268417
-0.88897990072544086 -0.10626962890540084

-0.88897990072544086 -0.10626962890540084
-0.89209912844728456 -0.10677839460351458

-0.89209912844728456 -0.10677839460351458
-0.89521835616912815 -0.10729147358935097

-0.89521835616912815 -0.10729147358935097
-0.89833758389097185 -0.1078055239820188

-0.89833758389097185 -0.1078055239820188
-0.90145681161281555 -0.10831936592779387

-0.90145681161281555 -0.10831936592779387
-0.90457603933465913 -0.10882949429666981

-0.90457603933465913 -0.10882949429666981
-0.90667796598458006 -0.10917297026452782

-0.90667796598458006 -0.10917297026452782
-0.90769526705650283 -0.10934156802370688

-0.90769526705650283 -0.10934156802370688
-0.91081449477834642 -0.10984004141269887

-0.91081449477834642 -0.10984004141269887
-0.91393372250019012 -0.11033385008056067

-0.91393372250019012 -0.11033385008056067
-0.9170529502220337 -0.11081810307941931

-0.9170529502220337 -0.11081810307941931
-0.9201721779438774 -0.11129216329227061

-0.9201721779438774 -0.11129216329227061
-0.9232914056657211 -0.11175678468586839

-0.9232914056657211 -0.11175678468586839
-0.92641063338756469 -0.1122116827933948

-0.92641063338756469 -0.1122116827933948
-0.92695302972699323 -0.11229219798637147

-0.92695302972699323 -0.11229219798637147
-0.92952986110940838 -0.11266561332417467

-0.92952986110940838 -0.11266561332417467
-0.93264908883125197 -0.11311414615639584

-0.93264908883125197 -0.11311414615639584
-0.93576831655309567 -0.11356276688957194

-0.93576831655309567 -0.11356276688957194
-0.93888754427493937 -0.11401286712231969

-0.93888754427493937 -0.11401286712231969
-0.94200677199678295 -0.11446513405714612

-0.94200677199678295 -0.11446513405714612
-0.94512599971862665 -0.11491934424810128

-0.94512599971862665 -0.11491934424810128
-0.94824522744047024 -0.11537353274935237

-0.94824522744047024 -0.11537353274935237
-0.94849651981283156 -0.11541142570821512

-0.94849651981283156 -0.11541142570821512
-0.95136445516231394 -0.11583063675169018

-0.95136445516231394 -0.11583063675169018
-0.95448368288415764 -0.11628607118473573

-0.95448368288415764 -0.11628607118473573
-0.95760291060600122 -0.1167399172788378

-0.95760291060600122 -0.1167399172788378
-0.96072213832784492 -0.11719074333226964

-0.96072213832784492 -0.11719074333226964
-0.96384136604968851 -0.11763750612195036

-0.96384136604968851 -0.11763750612195036
-0.96696059377153221 -0.11807942769409055

-0.96696059377153221 -0.11807942769409055
-0.97007982149337579 -0.11851544927273897

-0.97007982149337579 -0.11851544927273897
-0.97018627500531984 -0.11853065343005878

-0.97018627500531984 -0.11853065343005878
-0.97319904921521949 -0.11894700856078683

-0.97319904921521949 -0.11894700856078683
-0.97631827693706319 -0.11937283326356736

-0.97631827693706319 -0.11937283326356736
-0.97943750465890678 -0.11979359899839247

-0.97943750465890678 -0.11979359899839247
-0.98255673238075047 -0.12020975683855091

-0.98255673238075047 -0.12020975683855091
-0.98567596010259406 -0.12062217139845927

-0.98567596010259406 -0.12062217139845927
-0.98879518782443776 -0.12103170357114461

-0.98879518782443776 -0.12103170357114461
-0.99191441554628146 -0.12143722969908487

-0.99191441554628146 -0.12143722969908487
-0.99354071359459351 -0.12164988115190242

-0.99354071359459351 -0.12164988115190242
-0.99503364326812505 -0.12184534883404989

-0.99503364326812505 -0.12184534883404989
-0.99815287098996874 -0.12224590637612251

-0.99815287098996874 -0.12224590637612251
-1.0012720987118122 -0.1226445415742487

-1.0012720987118122 -0.1226445415742487
-1.0043913264336559 -0.1230378776208796

-1.0043913264336559 -0.1230378776208796
-1.0075105541554996 -0.12342425523266286

-1.0075105541554996 -0.12342425523266286
-1.0106297818773433 -0.12380228466243084

-1.0106297818773433 -0.12380228466243084
-1.0137490095991868 -0.12417125853317204

-1.0137490095991868 -0.12417125853317204
-1.0168682373210305 -0.12453091643102589

-1.0168682373210305 -0.12453091643102589
-1.0189630889107759 -0.12476910887374608

-1.0189630889107759 -0.12476910887374608
-1.0199874650428742 -0.12488670450999967

-1.0199874650428742 -0.12488670450999967
-1.0231066927647179 -0.12523425619142189

-1.0231066927647179 -0.12523425619142189
-1.0262259204865614 -0.12558129355969505

-1.0262259204865614 -0.12558129355969505
-1.0293451482084051 -0.12592890688559022

-1.0293451482084051 -0.12592890688559022
-1.0324643759302488 -0.1262789910378565

-1.0324643759302488 -0.1262789910378565
-1.0355836036520925 -0.12663245297979997

-1.0355836036520925 -0.12663245297979997
-1.0387028313739362 -0.12698921893105045

-1.0387028313739362 -0.12698921893105045
-1.0418220590957796 -0.12734829679071105

-1.0418220590957796 -0.12734829679071105
-1.0449412868176233 -0.12770660806178885

-1.0449412868176233 -0.12770660806178885
-1.0465123804786494 -0.12788833659558974

-1.0465123804786494 -0.12788833659558974
-1.048060514539467 -0.12806743091510447

-1.048060514539467 -0.12806743091510447
-1.0511797422613107 -0.12842111954845531

-1.0511797422613107 -0.12842111954845531
-1.0542989699831544 -0.12877076199751755

-1.0542989699831544 -0.12877076199751755
-1.0574181977049979 -0.12911303221778903

-1.0574181977049979 -0.12911303221778903
-1.0605374254268416 -0.12944691138444575

-1.0605374254268416 -0.12944691138444575
-1.0636566531486853 -0.12977232429181534

-1.0636566531486853 -0.12977232429181534
-1.066775880870529 -0.13008991459803176

-1.066775880870529 -0.13008991459803176
-1.0698951085923727 -0.13040080501382736

-1.0698951085923727 -0.13040080501382736
-1.0730143363142162 -0.13070617813731489

-1.0730143363142162 -0.13070617813731489
-1.0761335640360599 -0.13100680536286671

-1.0761335640360599 -0.13100680536286671
-1.0761413590841713 -0.13100756431743338

-1.0761413590841713 -0.13100756431743338
-1.0792527917579036 -0.13130329552296574

-1.0792527917579036 -0.13130329552296574
-1.0823720194797473 -0.13159557433270277

-1.0823720194797473 -0.13159557433270277
-1.085491247201591 -0.13188290469383926

-1.085491247201591 -0.13188290469383926
-1.0886104749234344 -0.13216440048561698

-1.0886104749234344 -0.13216440048561698
-1.0917297026452781 -0.13243940091647277

-1.0917297026452781 -0.13243940091647277
-1.0948489303671218 -0.13270816008827485

-1.0948489303671218 -0.13270816008827485
-1.0979681580889655 -0.13297225830105502

-1.0979681580889655 -0.13297225830105502
-1.1010873858108092 -0.13323422139397353

-1.1010873858108092 -0.13323422139397353
-1.1042066135326527 -0.13349708107302352

-1.1042066135326527 -0.13349708107302352
-1.1073258412544964 -0.13376402747140137

-1.1073258412544964 -0.13376402747140137
-1.1104450689763401 -0.13403671067267831

-1.1104450689763401 -0.13403671067267831
-1.1114311352987061 -0.13412679203927705

-1.1114311352987061 -0.13412679203927705
-1.1135642966981838 -0.13432011045804479

-1.1135642966981838 -0.13432011045804479
-1.1166835244200273 -0.13461009061397172

-1.1166835244200273 -0.13461009061397172
-1.119802752141871 -0.13490755640245022

-1.119802752141871 -0.13490755640245022
-1.1229219798637147 -0.13520815911949419

-1.1229219798637147 -0.13520815911949419
-1.1260412075855584 -0.13550669290019166

-1.1260412075855584 -0.13550669290019166
-1.1291604353074021 -0.13579731195173525

-1.1291604353074021 -0.13579731195173525
-1.1322796630292455 -0.13607455716347788

-1.1322796630292455 -0.13607455716347788
-1.1353988907510892 -0.13633466036961436

-1.1353988907510892 -0.13633466036961436
-1.1385181184729329 -0.13657633110536677

-1.1385181184729329 -0.13657633110536677
-1.1416373461947766 -0.13680082825510931

-1.1416373461947766 -0.13680082825510931
-1.1447565739166203 -0.13701162871349748

-1.1447565739166203 -0.13701162871349748
-1.1478758016384638 -0.13721309950183791

-1.1478758016384638 -0.13721309950183791
-1.1483894477513081 -0.13724601976112069

-1.1483894477513081 -0.13724601976112069
-1.1509950293603075 -0.13741122724757887

-1.1509950293603075 -0.13741122724757887
-1.1541142570821512 -0.13760872197432752

-1.1541142570821512 -0.13760872197432752
-1.1572334848039949 -0.13780903826450464

-1.1572334848039949 -0.13780903826450464
-1.1603527125258386 -0.13801367290075228

-1.1603527125258386 -0.13801367290075228
-1.1634719402476821 -0.13822301610674478

-1.1634719402476821 -0.13822301610674478
-1.1665911679695258 -0.13843678099261911

-1.1665911679695258 -0.13843678099261911
-1.1697103956913695 -0.13865433092107854

-1.1697103956913695 -0.13865433092107854
-1.1728296234132132 -0.13887480866362834

-1.1728296234132132 -0.13887480866362834
-1.1759488511350569 -0.1390973082930097

-1.1759488511350569 -0.1390973082930097
-1.1790680788569003 -0.13932091493717313

-1.1790680788569003 -0.13932091493717313
-1.182187306578744 -0.13954438484779327

-1.182187306578744 -0.13954438484779327
-1.1853065343005877 -0.1397656129163663

-1.1853065343005877 -0.1397656129163663
-1.1884257620224314 -0.13998145668317546

-1.1884257620224314 -0.13998145668317546
-1.1915449897442751 -0.14018815222417219

-1.1915449897442751 -0.14018815222417219
-1.1943886753923072 -0.14036524748296433

-1.1943886753923072 -0.14036524748296433
-1.1946642174661186 -0.14038262029493181

-1.1946642174661186 -0.14038262029493181
-1.1977834451879623 -0.14056183949088691

-1.1977834451879623 -0.14056183949088691
-1.200902672909806 -0.14072549309727445

-1.200902672909806 -0.14072549309727445
-1.2040219006316497 -0.14087424755436237

-1.2040219006316497 -0.14087424755436237
-1.2071411283534932 -0.14101128722119999

-1.2071411283534932 -0.14101128722119999
-1.2102603560753369 -0.14114147400733815

-1.2102603560753369 -0.14114147400733815
-1.2133795837971806 -0.1412703807315793

-1.2133795837971806 -0.1412703807315793
-1.2164988115190243 -0.1414031866284014

-1.2164988115190243 -0.1414031866284014
-1.219618039240868 -0.14154348642654205

-1.219618039240868 -0.14154348642654205
-1.2227372669627115 -0.14169259805596429

-1.2227372669627115 -0.14169259805596429
-1.2258564946845552 -0.14184967692211406

-1.2258564946845552 -0.14184967692211406
-1.2289757224063989 -0.14201230232159948

-1.2289757224063989 -0.14201230232159948
-1.2320949501282425 -0.14217705915559137

-1.2320949501282425 -0.14217705915559137
-1.2352141778500862 -0.14234003251396329

-1.2352141778500862 -0.14234003251396329
-1.2383334055719297 -0.14249737029978435

-1.2383334055719297 -0.14249737029978435
-1.2414526332937734 -0.14264584894452434

-1.2414526332937734 -0.14264584894452434
-1.2445718610156171 -0.14278328575649102

-1.2445718610156171 -0.14278328575649102
-1.2476910887374608 -0.1429086909441554

-1.2476910887374608 -0.1429086909441554
-1.2508103164593045 -0.14302225258233023

-1.2508103164593045 -0.14302225258233023
-1.253929544181148 -0.14312536073470231

-1.253929544181148 -0.14312536073470231
-1.2570487719029917 -0.1432205713815434

-1.2570487719029917 -0.1432205713815434
-1.2601679996248354 -0.14331122301456112

-1.2601679996248354 -0.14331122301456112
-1.2632872273466791 -0.14340066522026407

-1.2632872273466791 -0.14340066522026407
-1.2661648402702348 -0.143484475204808

-1.2661648402702348 -0.143484475204808
-1.2664064550685228 -0.14349155645735931

-1.2664064550685228 -0.14349155645735931
-1.2695256827903663 -0.14358498496048963

-1.2695256827903663 -0.14358498496048963
-1.27264491051221 -0.14368049030110328

-1.27264491051221 -0.14368049030110328
-1.2757641382340537 -0.14377560359891675

-1.2757641382340537 -0.14377560359891675
-1.2788833659558974 -0.14386690300853988

-1.2788833659558974 -0.14386690300853988
-1.2820025936777411 -0.14395130624860625

-1.2820025936777411 -0.14395130624860625
-1.2851218213995845 -0.14402732713414293

-1.2851218213995845 -0.14402732713414293
-1.2882410491214282 -0.1440958492217552

-1.2882410491214282 -0.1440958492217552
-1.2913602768432719 -0.14415999522908676

-1.2913602768432719 -0.14415999522908676
-1.2944795045651156 -0.14422409170208464

-1.2944795045651156 -0.14422409170208464
-1.2975987322869591 -0.14429210797277134

-1.2975987322869591 -0.14429210797277134
-1.3007179600088028 -0.14436610568722433

-1.3007179600088028 -0.14436610568722433
-1.3038371877306465 -0.1444451960116295

-1.3038371877306465 -0.1444451960116295
-1.3069564154524902 -0.14452536525820031

-1.3069564154524902 -0.14452536525820031
-1.3100756431743339 -0.14460035215269124

-1.3100756431743339 -0.14460035215269124
-1.3131948708961774 -0.1446634878923099

-1.3131948708961774 -0.1446634878923099
-1.3163140986180211 -0.14470999505021048

-1.3163140986180211 -0.14470999505021048
-1.3194333263398648 -0.14473890350432245

-1.3194333263398648 -0.14473890350432245
-1.3225525540617085 -0.14475374606357549

-1.3225525540617085 -0.14475374606357549
-1.3256717817835522 -0.14476163956654675

-1.3256717817835522 -0.14476163956654675
-1.3287910095053956 -0.14477110797039727

-1.3287910095053956 -0.14477110797039727
-1.3319102372272393 -0.14478954924659784

-1.3319102372272393 -0.14478954924659784
-1.335029464949083 -0.14482120831447379

-1.335029464949083 -0.14482120831447379
-1.3381486926709267 -0.14486612555091724

-1.3381486926709267 -0.14486612555091724
-1.3412679203927704 -0.1449201548092621

-1.3412679203927704 -0.1449201548092621
-1.3443871481146139 -0.14497595195857774

-1.3443871481146139 -0.14497595195857774
-1.3475063758364576 -0.14502470097075534

-1.3475063758364576 -0.14502470097075534
-1.3506256035583013 -0.14505826489203053

-1.3506256035583013 -0.14505826489203053
-1.353744831280145 -0.14507141007634053

-1.353744831280145 -0.14507141007634053
-1.3568640590019887 -0.14506345255744674

-1.3568640590019887 -0.14506345255744674
-1.3599832867238322 -0.14503841797959335

-1.3599832867238322 -0.14503841797959335
-1.3631025144456759 -0.14500373239542255

-1.3631025144456759 -0.14500373239542255
-1.3662217421675196 -0.14496789996126319

-1.3662217421675196 -0.14496789996126319
-1.3693409698893633 -0.14493794204554641

-1.3693409698893633 -0.14493794204554641
-1.372460197611207 -0.14491765431441883

-1.372460197611207 -0.14491765431441883
-1.3755794253330504 -0.14490699486338063

-1.3755794253330504 -0.14490699486338063
-1.3786986530548941 -0.14490250242609379

-1.3786986530548941 -0.14490250242609379
-1.3818178807767378 -0.14489842447913556

-1.3818178807767378 -0.14489842447913556
-1.3849371084985815 -0.14488827836888263

-1.3849371084985815 -0.14488827836888263
-1.388056336220425 -0.14486662757478172

-1.388056336220425 -0.14486662757478172
-1.3911755639422687 -0.14483069653385272

-1.3911755639422687 -0.14483069653385272
-1.3942947916641124 -0.14478134932250972

-1.3942947916641124 -0.14478134932250972
-1.3974140193859561 -0.14472289111425846

-1.3974140193859561 -0.14472289111425846
-1.4005332471077998 -0.1446615144143083

-1.4005332471077998 -0.1446615144143083
-1.4036524748296433 -0.14460306349616003

-1.4036524748296433 -0.14460306349616003
-1.406771702551487 -0.14455113054168353

-1.406771702551487 -0.14455113054168353
-1.4098909302733307 -0.14450616360609689

-1.4098909302733307 -0.14450616360609689
-1.4130101579951744 -0.14446569098312442

-1.4130101579951744 -0.14446569098312442
-1.4161293857170181 -0.14442530851634794

-1.4161293857170181 -0.14442530851634794
-1.4192486134388616 -0.14437992762335011

-1.4192486134388616 -0.14437992762335011
-1.4223678411607052 -0.14432494621731964

-1.4223678411607052 -0.14432494621731964
-1.4254870688825489 -0.14425727462817872

-1.4254870688825489 -0.14425727462817872
-1.4286062966043926 -0.14417619492108907

-1.4286062966043926 -0.14417619492108907
-1.4317255243262363 -0.14408374520150016

-1.4317255243262363 -0.14408374520150016
-1.4348447520480798 -0.14398418746678499

-1.4348447520480798 -0.14398418746678499
-1.4379639797699235 -0.14388261471300037

-1.4379639797699235 -0.14388261471300037
-1.4410832074917672 -0.14378338113461842

-1.4410832074917672 -0.14378338113461842
-1.4442024352136109 -0.14368893576910247

-1.4442024352136109 -0.14368893576910247
-1.4473216629354546 -0.14359898115354913

-1.4473216629354546 -0.14359898115354913
-1.4504408906572981 -0.14350990494092536

-1.4504408906572981 -0.14350990494092536
-1.451308973093794 -0.143484475204808

-1.451308973093794 -0.143484475204808
-1.4535601183791418 -0.14341873870958852

-1.4535601183791418 -0.14341873870958852
-1.4566793461009855 -0.14332235839407817

-1.4566793461009855 -0.14332235839407817
-1.4597985738228292 -0.14321494276622132

-1.4597985738228292 -0.14321494276622132
-1.4629178015446729 -0.14309478333525666

-1.4629178015446729 -0.14309478333525666
-1.4660370292665164 -0.14296339775083125

-1.4660370292665164 -0.14296339775083125
-1.4691562569883601 -0.14282447269572651

-1.4691562569883601 -0.14282447269572651
-1.4722754847102038 -0.14268315228375489

-1.4722754847102038 -0.14268315228375489
-1.4753947124320475 -0.14254449978070277

-1.4753947124320475 -0.14254449978070277
-1.4785139401538909 -0.14241214136189004

-1.4785139401538909 -0.14241214136189004
-1.4816331678757346 -0.14228701045062017

-1.4816331678757346 -0.14228701045062017
-1.4847523955975783 -0.14216630968433919

-1.4847523955975783 -0.14216630968433919
-1.487871623319422 -0.14204443123983226

-1.487871623319422 -0.14204443123983226
-1.4909908510412657 -0.14191541351837608

-1.4909908510412657 -0.14191541351837608
-1.4941100787631092 -0.1417746856674483

-1.4941100787631092 -0.1417746856674483
-1.4972293064849529 -0.1416199252750166

-1.4972293064849529 -0.1416199252750166
-1.5003485342067966 -0.14145201173661831

-1.5003485342067966 -0.14145201173661831
-1.5034677619286403 -0.14127549714230977

-1.5034677619286403 -0.14127549714230977
-1.506586989650484 -0.14109714836591722

-1.506586989650484 -0.14109714836591722
-1.5097062173723275 -0.1409229868618968

-1.5097062173723275 -0.1409229868618968
-1.5128254450941712 -0.14075616284821696

-1.5128254450941712 -0.14075616284821696
-1.5159446728160149 -0.14059660837982296

-1.5159446728160149 -0.14059660837982296
-1.5190639005378586 -0.14044148966135425

-1.5190639005378586 -0.14044148966135425
-1.5206043638530971 -0.14036524748296433

-1.5206043638530971 -0.14036524748296433
-1.5221831282597023 -0.14028712484249459

-1.5221831282597023 -0.14028712484249459
-1.5253023559815457 -0.14013133233088396

-1.5253023559815457 -0.14013133233088396
-1.5284215837033894 -0.13996666456185544

-1.5284215837033894 -0.13996666456185544
-1.5315408114252331 -0.13978877539746942

-1.5315408114252331 -0.13978877539746942
-1.5346600391470768 -0.13959587542416552

-1.5346600391470768 -0.13959587542416552
-1.5377792668689205 -0.13938777126816981

-1.5377792668689205 -0.13938777126816981
-1.540898494590764 -0.13916636733542637

-1.540898494590764 -0.13916636733542637
-1.5440177223126077 -0.13893612640338301

-1.5440177223126077 -0.13893612640338301
-1.5471369500344514 -0.13870318634091916

-1.5471369500344514 -0.13870318634091916
-1.5502561777562951 -0.13847406406208837

-1.5502561777562951 -0.13847406406208837
-1.5533754054781388 -0.13825466902776384

-1.5533754054781388 -0.13825466902776384
-1.5564946331999823 -0.13804873532692571

-1.5564946331999823 -0.13804873532692571
-1.559613860921826 -0.13785618025238475

-1.559613860921826 -0.13785618025238475
-1.5627330886436697 -0.13767209672542666

-1.5627330886436697 -0.13767209672542666
-1.5658523163655134 -0.137487286590221

-1.5658523163655134 -0.137487286590221
-1.5689715440873568 -0.13729106872178223

-1.5689715440873568 -0.13729106872178223
-1.5696126511876896 -0.13724601976112069

-1.5696126511876896 -0.13724601976112069
-1.5720907718092005 -0.1370735133800986

-1.5720907718092005 -0.1370735133800986
-1.5752099995310442 -0.13683314459019347

-1.5752099995310442 -0.13683314459019347
-1.5783292272528879 -0.13656968404728795

-1.5783292272528879 -0.13656968404728795
-1.5814484549747316 -0.13628899019331719

-1.5814484549747316 -0.13628899019331719
-1.5845676826965751 -0.13600125464682195

-1.5845676826965751 -0.13600125464682195
-1.5876869104184188 -0.1357181144215947

-1.5876869104184188 -0.1357181144215947
-1.5908061381402625 -0.13544845750122939

-1.5908061381402625 -0.13544845750122939
-1.5939253658621062 -0.13519561662760832

-1.5939253658621062 -0.13519561662760832
-1.5970445935839499 -0.13495728076909894

-1.5970445935839499 -0.13495728076909894
-1.6001638213057934 -0.13472707509472109

-1.6001638213057934 -0.13472707509472109
-1.6032830490276371 -0.13449602728866769

-1.6032830490276371 -0.13449602728866769
-1.6064022767494808 -0.13425469812007676

-1.6064022767494808 -0.13425469812007676
-1.6079429064293456 -0.13412679203927705

-1.6079429064293456 -0.13412679203927705
-1.6095215044713245 -0.13399568516631602

-1.6095215044713245 -0.13399568516631602
-1.6126407321931682 -0.13372256899103563

-1.6126407321931682 -0.13372256899103563
-1.6157599599150116 -0.13343279977877612

-1.6157599599150116 -0.13343279977877612
-1.6188791876368553 -0.13313176368927554

-1.6188791876368553 -0.13313176368927554
-1.621998415358699 -0.13282642121950108

-1.621998415358699 -0.13282642121950108
-1.6251176430805427 -0.13252168752007473

-1.6251176430805427 -0.13252168752007473
-1.6282368708023864 -0.132219871908556

-1.6282368708023864 -0.132219871908556
-1.6313560985242299 -0.13192079954533753

-1.6313560985242299 -0.13192079954533753
-1.6344753262460736 -0.13162257473097827

-1.6344753262460736 -0.13162257473097827
-1.6375945539679173 -0.13132291375481903

-1.6375945539679173 -0.13132291375481903
-1.640713781689761 -0.13102069632641544

-1.640713781689761 -0.13102069632641544
-1.6408450072735814 -0.13100756431743338

-1.6408450072735814 -0.13100756431743338
-1.6438330094116045 -0.13071522209719488

-1.6438330094116045 -0.13071522209719488
-1.6469522371334482 -0.13040863021351146

-1.6469522371334482 -0.13040863021351146
-1.6500714648552919 -0.13010215962827579

-1.6500714648552919 -0.13010215962827579
-1.6531906925771356 -0.12979681235469254

-1.6531906925771356 -0.12979681235469254
-1.6563099202989793 -0.12949049732799842

-1.6563099202989793 -0.12949049732799842
-1.6594291480208228 -0.12917852829740489

-1.6594291480208228 -0.12917852829740489
-1.6625483757426665 -0.12885660239201535

-1.6625483757426665 -0.12885660239201535
-1.6656676034645101 -0.1285219785238701

-1.6656676034645101 -0.1285219785238701
-1.6687868311863538 -0.12817404292819626

-1.6687868311863538 -0.12817404292819626
-1.671264040447886 -0.12788833659558974

-1.671264040447886 -0.12788833659558974
-1.6719060589081975 -0.12781298634734248

-1.6719060589081975 -0.12781298634734248
-1.675025286630041 -0.12744737863946426

-1.675025286630041 -0.12744737863946426
-1.6781445143518847 -0.12707631001310651

-1.6781445143518847 -0.12707631001310651
-1.6812637420737284 -0.126706230161723

-1.6812637420737284 -0.126706230161723
-1.6843829697955721 -0.12634048956767249

-1.6843829697955721 -0.12634048956767249
-1.6875021975174158 -0.12598026709804383

-1.6875021975174158 -0.12598026709804383
-1.6906214252392593 -0.12562397267114092

-1.6906214252392593 -0.12562397267114092
-1.693740652961103 -0.12526753194123189

-1.693740652961103 -0.12526753194123189
-1.6968598806829467 -0.12490874052539074

-1.6968598806829467 -0.12490874052539074
-1.6980445160656512 -0.12476910887374608

-1.6980445160656512 -0.12476910887374608
-1.6999791084047904 -0.1245426732443807

-1.6999791084047904 -0.1245426732443807
-1.7030983361266341 -0.12418038518781092

-1.7030983361266341 -0.12418038518781092
-1.7062175638484776 -0.12381828329842992

-1.7062175638484776 -0.12381828329842992
-1.7093367915703213 -0.12345520973289055

-1.7093367915703213 -0.12345520973289055
-1.712456019292165 -0.12308762501196981

-1.712456019292165 -0.12308762501196981
-1.7155752470140087 -0.12271078554835756

-1.7155752470140087 -0.12271078554835756
-1.7186944747358524 -0.1223203662286213

-1.7186944747358524 -0.1223203662286213
-1.7218137024576958 -0.12191529031073238

-1.7218137024576958 -0.12191529031073238
-1.7237796730097421 -0.12164988115190242

-1.7237796730097421 -0.12164988115190242
-1.7249329301795395 -0.1214927458550436

-1.7249329301795395 -0.1214927458550436
-1.7280521579013832 -0.12106818417686925

-1.7280521579013832 -0.12106818417686925
-1.7311713856232269 -0.12063969036387709

-1.7311713856232269 -0.12063969036387709
-1.7342906133450704 -0.12021715355482288

-1.7342906133450704 -0.12021715355482288
-1.7374098410669141 -0.11980688706470133

-1.7374098410669141 -0.11980688706470133
-1.7405290687887578 -0.11940906880476604

-1.7405290687887578 -0.11940906880476604
-1.7436482965106015 -0.11901719054891044

-1.7436482965106015 -0.11901719054891044
-1.7467675242324452 -0.11862168529136648

-1.7467675242324452 -0.11862168529136648
-1.7474417240993776 -0.11853065343005878

-1.7474417240993776 -0.11853065343005878
-1.7498867519542887 -0.11820647835893823

-1.7498867519542887 -0.11820647835893823
-1.7530059796761324 -0.11777311201580702

-1.7530059796761324 -0.11777311201580702
-1.7561252073979761 -0.11731802349810468

-1.7561252073979761 -0.11731802349810468
-1.7592444351198198 -0.11684823537232131

-1.7592444351198198 -0.11684823537232131
-1.7623636628416635 -0.11637413868262909

-1.7623636628416635 -0.11637413868262909
-1.7654828905635069 -0.11590510010113468

-1.7654828905635069 -0.11590510010113468
-1.7686021182853506 -0.11544774522981475

-1.7686021182853506 -0.11544774522981475
-1.7688476532891335 -0.11541142570821512

-1.7688476532891335 -0.11541142570821512
-1.7717213460071943 -0.11499936533782357

-1.7717213460071943 -0.11499936533782357
-1.774840573729038 -0.11456043934217447

-1.774840573729038 -0.11456043934217447
-1.7779598014508817 -0.11412426275623976

-1.7779598014508817 -0.11412426275623976
-1.7810790291727252 -0.11368384977456124

-1.7810790291727252 -0.11368384977456124
-1.7841982568945689 -0.11323177204815708

-1.7841982568945689 -0.11323177204815708
-1.7873174846164126 -0.1127653376227731

-1.7873174846164126 -0.1127653376227731
-1.7904098167105578 -0.11229219798637147

-1.7904098167105578 -0.11229219798637147
-1.7904367123382563 -0.11228792066439987

-1.7904367123382563 -0.11228792066439987
-1.7935559400601 -0.11180554766531793

-1.7935559400601 -0.11180554766531793
-1.7966751677819435 -0.11132116453378342

-1.7966751677819435 -0.11132116453378342
-1.7997943955037872 -0.11083514588640189

-1.7997943955037872 -0.11083514588640189
-1.8029136232256309 -0.11034574071972693

-1.8029136232256309 -0.11034574071972693
-1.8060328509474746 -0.10985037751969816

-1.8060328509474746 -0.10985037751969816
-1.8091520786693183 -0.10935034850015542

-1.8091520786693183 -0.10935034850015542
-1.8102178775859887 -0.10917297026452782

-1.8102178775859887 -0.10917297026452782
-1.8122713063911617 -0.10883558349818465

-1.8122713063911617 -0.10883558349818465
-1.8153905341130054 -0.10832222821334071

-1.8153905341130054 -0.10832222821334071
-1.8185097618348491 -0.10780642535257964

-1.8185097618348491 -0.10780642535257964
-1.8216289895566928 -0.10729362485864738

-1.8216289895566928 -0.10729362485864738
-1.8247482172785363 -0.10678613797789629

-1.8247482172785363 -0.10678613797789629
-1.82786744500038 -0.10628606115728934

-1.82786744500038 -0.10628606115728934
-1.8292939522963334 -0.10605374254268417

-1.8292939522963334 -0.10605374254268417
-1.8309866727222237 -0.10577900702675506

-1.8309866727222237 -0.10577900702675506
-1.8341059004440674 -0.10527475982465961

-1.8341059004440674 -0.10527475982465961
-1.8372251281659111 -0.10475645497262957

-1.8372251281659111 -0.10475645497262957
-1.8403443558877546 -0.10422130532320321

-1.8403443558877546 -0.10422130532320321
-1.8434635836095983 -0.10367012275638149

-1.8434635836095983 -0.10367012275638149
-1.846582811331442 -0.10311348184652298

-1.846582811331442 -0.10311348184652298
-1.8475575203587971 -0.10293451482084051

-1.8475575203587971 -0.10293451482084051
-1.8497020390532857 -0.10254749682649342

-1.8497020390532857 -0.10254749682649342
-1.8528212667751294 -0.10199768561869647

-1.8528212667751294 -0.10199768561869647
-1.8559404944969728 -0.10146001569389025

-1.8559404944969728 -0.10146001569389025
-1.8590597222188165 -0.10093538224900503

-1.8590597222188165 -0.10093538224900503
-1.8621789499406602 -0.10041858787961561

-1.8621789499406602 -0.10041858787961561
-1.8652981776625039 -0.099903931849467498

-1.8652981776625039 -0.099903931849467498
-1.8658086160719862 -0.099815287098996869

-1.8658086160719862 -0.099815287098996869
-1.8684174053843476 -0.099374876757669206

-1.8684174053843476 -0.099374876757669206
-1.8715366331061911 -0.0988333594098013

-1.8715366331061911 -0.0988333594098013
-1.8746558608280348 -0.098268683132161819

-1.8746558608280348 -0.098268683132161819
-1.8777750885498785 -0.097678984276292721

-1.8777750885498785 -0.097678984276292721
-1.8808943162717222 -0.097071972486506411

-1.8808943162717222 -0.097071972486506411
-1.8827704080176986 -0.096696059377153212

-1.8827704080176986 -0.096696059377153212
-1.8840135439935659 -0.096444369445421355

-1.8840135439935659 -0.096444369445421355
-1.8871327717154094 -0.09582902561802556

-1.8871327717154094 -0.09582902561802556
-1.8902519994372531 -0.095215993383228156

-1.8902519994372531 -0.095215993383228156
-1.8933712271590968 -0.094615012566703058

-1.8933712271590968 -0.094615012566703058
-1.8964904548809405 -0.094029581329311773

-1.8964904548809405 -0.094029581329311773
-1.8989467303725229 -0.093576831655309556

-1.8989467303725229 -0.093576831655309556
-1.8996096826027842 -0.093451365993828944

-1.8996096826027842 -0.093451365993828944
-1.9027289103246277 -0.092890484773844442

-1.9027289103246277 -0.092890484773844442
-1.9058481380464714 -0.092329832997606207

-1.9058481380464714 -0.092329832997606207
-1.908967365768315 -0.091765335858053326

-1.908967365768315 -0.091765335858053326
-1.9120865934901587 -0.091189878323389664

-1.9120865934901587 -0.091189878323389664
-1.9152058212120022 -0.09060256175814789

-1.9152058212120022 -0.09060256175814789
-1.9159268551342552 -0.090457603933465913

-1.9159268551342552 -0.090457603933465913
-1.9183250489338459 -0.089987810150399555

-1.9183250489338459 -0.089987810150399555
-1.9214442766556896 -0.089360960971960501

-1.9214442766556896 -0.089360960971960501
-1.9245635043775333 -0.088714035836824814

-1.9245635043775333 -0.088714035836824814
-1.927682732099377 -0.088050352818987362

-1.927682732099377 -0.088050352818987362
-1.9308019598212205 -0.087376747585486969

-1.9308019598212205 -0.087376747585486969
-1.9309693574166447 -0.087338376211622257

-1.9309693574166447 -0.087338376211622257
-1.9339211875430642 -0.086694657929483665

-1.9339211875430642 -0.086694657929483665
-1.9370404152649079 -0.086017467789844121

-1.9370404152649079 -0.086017467789844121
-1.9401596429867516 -0.0853508736314329

-1.9401596429867516 -0.0853508736314329
-1.9432788707085953 -0.084703510137427732

-1.9432788707085953 -0.084703510137427732
-1.9456645756563009 -0.0842191484897786

-1.9456645756563009 -0.0842191484897786
-1.9463980984304388 -0.084066201829748971

-1.9463980984304388 -0.084066201829748971
-1.9495173261522825 -0.083453218627030104

-1.9495173261522825 -0.083453218627030104
-1.9526365538741262 -0.082844478415327855

-1.9526365538741262 -0.082844478415327855
-1.9557557815959699 -0.08223463343902114

-1.9557557815959699 -0.08223463343902114
-1.9588750093178136 -0.081613554482411865

-1.9588750093178136 -0.081613554482411865
-1.9613695461209166 -0.081099920767934958

-1.9613695461209166 -0.081099920767934958
-1.961994237039657 -0.080967088493628922

-1.961994237039657 -0.080967088493628922
-1.9651134647615007 -0.080307337111477042

-1.9651134647615007 -0.080307337111477042
-1.9682326924833444 -0.079619217590808478

-1.9682326924833444 -0.079619217590808478
-1.9713519202051881 -0.078912653416246231

-1.9713519202051881 -0.078912653416246231
-1.9744711479270318 -0.078201660443526513

-1.9744711479270318 -0.078201660443526513
-1.9754002937407849 -0.077980693046091301

-1.9754002937407849 -0.077980693046091301
-1.9775903756488753 -0.077472073573700909

-1.9775903756488753 -0.077472073573700909
-1.980709603370719 -0.076756650078401462

-1.980709603370719 -0.076756650078401462
-1.9838288310925627 -0.076044206559413699

-1.9838288310925627 -0.076044206559413699
-1.9869480588144064 -0.075340049654865807

-1.9869480588144064 -0.075340049654865807
-1.9890545092229714 -0.074861465324247645

-1.9890545092229714 -0.074861465324247645
-1.9900672865362501 -0.074626694134348567

-1.9900672865362501 -0.074626694134348567
-1.9931865142580936 -0.073929749144770421

-1.9931865142580936 -0.073929749144770421
-1.9963057419799373 -0.073228389716704714

-1.9963057419799373 -0.073228389716704714
-1.999424969701781 -0.072527100365368954

-1.999424969701781 -0.072527100365368954
-2.0025441974236249 -0.071827877788935443

-2.0025441974236249 -0.071827877788935443
-2.0029062745486197 -0.071742237602403988

-2.0029062745486197 -0.071742237602403988
-2.0056634251454684 -0.071118373447521435

-2.0056634251454684 -0.071118373447521435
-2.0087826528673123 -0.070412050803059248

-2.0087826528673123 -0.070412050803059248
-2.0119018805891558 -0.069703987456768673

-2.0119018805891558 -0.069703987456768673
-2.0150211083109992 -0.068997877171525793

-2.0150211083109992 -0.068997877171525793
-2.0166315418875995 -0.068623009880560346

-2.0166315418875995 -0.068623009880560346
-2.0181403360328432 -0.068271041584860664

-2.0181403360328432 -0.068271041584860664
-2.0212595637546866 -0.06755338543496861

-2.0212595637546866 -0.06755338543496861
-2.0243787914765305 -0.066821813656525161

-2.0243787914765305 -0.066821813656525161
-2.027498019198374 -0.066081385426225825

-2.027498019198374 -0.066081385426225825
-2.0298914809023119 -0.065503782158716689

-2.0298914809023119 -0.065503782158716689
-2.0306172469202175 -0.065322760673722446

-2.0306172469202175 -0.065322760673722446
-2.0337364746420614 -0.064572472756654856

-2.0337364746420614 -0.064572472756654856
-2.0368557023639049 -0.063810262796991174

-2.0368557023639049 -0.063810262796991174
-2.0399749300857488 -0.063046538435688332

-2.0399749300857488 -0.063046538435688332
-2.0426686291157199 -0.062384554436873046

-2.0426686291157199 -0.062384554436873046
-2.0430941578075923 -0.062275085172533565

-2.0430941578075923 -0.062275085172533565
-2.0462133855294358 -0.061514311217457797

-2.0462133855294358 -0.061514311217457797
-2.0493326132512797 -0.060748969813688145

-2.0493326132512797 -0.060748969813688145
-2.0524518409731232 -0.059983831500830004

-2.0524518409731232 -0.059983831500830004
-2.0553763547337054 -0.05926532671502939

-2.0553763547337054 -0.05926532671502939
-2.0555710686949671 -0.059214768000840363

-2.0555710686949671 -0.059214768000840363
-2.0586902964168106 -0.058449258531217824

-2.0586902964168106 -0.058449258531217824
-2.061809524138654 -0.057677464380971565

-2.061809524138654 -0.057677464380971565
-2.064928751860498 -0.056901037269728748

-2.064928751860498 -0.056901037269728748
-2.0679399996357168 -0.05614609899318574

-2.0679399996357168 -0.05614609899318574
-2.0680479795823414 -0.05611734325217637

-2.0680479795823414 -0.05611734325217637
-2.0711672073041854 -0.055331017616231895

-2.0711672073041854 -0.055331017616231895
-2.0742864350260288 -0.054537056688803404

-2.0742864350260288 -0.054537056688803404
-2.0774056627478723 -0.053738139809567806

-2.0774056627478723 -0.053738139809567806
-2.0801641262224444 -0.053026871271342091

-2.0801641262224444 -0.053026871271342091
-2.0805248904697162 -0.05292898671423104

-2.0805248904697162 -0.05292898671423104
-2.0836441181915597 -0.052126848944888574

-2.0836441181915597 -0.052126848944888574
-2.0867633459134036 -0.051315531020463011

-2.0867633459134036 -0.051315531020463011
-2.0898825736352471 -0.050501955258091737

-2.0898825736352471 -0.050501955258091737
-2.0921236167217772 -0.049907643549498434

-2.0921236167217772 -0.049907643549498434
-2.0930018013570906 -0.049667744932440409

-2.0930018013570906 -0.049667744932440409
-2.0961210290789345 -0.048846449543048974

-2.0961210290789345 -0.048846449543048974
-2.099240256800778 -0.048009754954286527

-2.099240256800778 -0.048009754954286527
-2.1023594845226219 -0.047174916935098905

-2.1023594845226219 -0.047174916935098905
-2.1037546134915979 -0.046788415827654785

-2.1037546134915979 -0.046788415827654785
-2.1054787122444654 -0.046314207988377661

-2.1054787122444654 -0.046314207988377661
-2.1085979399663088 -0.045474218210810741

-2.1085979399663088 -0.045474218210810741
-2.1117171676881528 -0.044629500457503912

-2.1117171676881528 -0.044629500457503912
-2.1148363954099962 -0.043793404828313454

-2.1148363954099962 -0.043793404828313454
-2.1152748058654596 -0.043669188105811135

-2.1152748058654596 -0.043669188105811135
-2.1179556231318402 -0.042946495697735898

-2.1179556231318402 -0.042946495697735898
-2.1210748508536836 -0.042110315816657938

-2.1210748508536836 -0.042110315816657938
-2.1241940785755271 -0.041277081874614305

-2.1241940785755271 -0.041277081874614305
-2.1269173968427348 -0.040549960383967479

-2.1269173968427348 -0.040549960383967479
-2.127313306297371 -0.040438715716212922

-2.127313306297371 -0.040438715716212922
-2.1304325340192145 -0.039610996214054298

-2.1304325340192145 -0.039610996214054298
-2.133551761741058 -0.038771537574783195

-2.133551761741058 -0.038771537574783195
-2.1366709894629019 -0.037928055445396562

-2.1366709894629019 -0.037928055445396562
-2.1384483536834993 -0.037430732662123829

-2.1384483536834993 -0.037430732662123829
-2.1397902171847454 -0.037051373136347571

-2.1397902171847454 -0.037051373136347571
-2.1429094449065893 -0.036185732579340671

-2.1429094449065893 -0.036185732579340671
-2.1460286726284328 -0.035299097591211998

-2.1460286726284328 -0.035299097591211998
-2.1491479003502763 -0.034408036736803115

-2.1491479003502763 -0.034408036736803115
-2.1494618663639158 -0.034311504940280173

-2.1494618663639158 -0.034311504940280173
-2.1522671280721202 -0.033498734948140381

-2.1522671280721202 -0.033498734948140381
-2.1553863557939636 -0.03259330870510866

-2.1553863557939636 -0.03259330870510866
-2.1585055835158076 -0.031695621596921485

-2.1585055835158076 -0.031695621596921485
-2.1602215140819654 -0.03119227721843652

-2.1602215140819654 -0.03119227721843652
-2.161624811237651 -0.03077765969610332

-2.161624811237651 -0.03077765969610332
-2.1647440389594945 -0.029888357823272326

-2.1647440389594945 -0.029888357823272326
-2.1678632666813384 -0.028991263915340355

-2.1678632666813384 -0.028991263915340355
-2.1709824944031819 -0.028094231985485905

-2.1709824944031819 -0.028094231985485905
-2.1710506298973051 -0.028073049496592867

-2.1710506298973051 -0.028073049496592867
-2.1741017221250258 -0.027189932515631499

-2.1741017221250258 -0.027189932515631499
-2.1772209498468693 -0.026279608957901782

-2.1772209498468693 -0.026279608957901782
-2.1803401775687128 -0.025367990859356395

-2.1803401775687128 -0.025367990859356395
-2.1816898326370811 -0.024953821774749217

-2.1816898326370811 -0.024953821774749217
-2.1834594052905567 -0.024416055959238195

-2.1834594052905567 -0.024416055959238195
-2.1865786330124002 -0.023477749010345342

-2.1865786330124002 -0.023477749010345342
-2.1896978607342441 -0.022527833735795158

-2.1896978607342441 -0.022527833735795158
-2.1919416018645888 -0.021834594052905564

-2.1919416018645888 -0.021834594052905564
-2.1928170884560876 -0.021554597430760783

-2.1928170884560876 -0.021554597430760783
-2.1959363161779311 -0.020608218679826096

-2.1959363161779311 -0.020608218679826096
-2.199055543899775 -0.019654260491825344

-2.199055543899775 -0.019654260491825344
-2.2021429965553989 -0.018715366331061911

-2.2021429965553989 -0.018715366331061911
-2.2021747716216185 -0.018704928555219932

-2.2021747716216185 -0.018704928555219932
-2.2052939993434624 -0.017762006259433433

-2.2052939993434624 -0.017762006259433433
-2.2084132270653059 -0.016820691454049182

-2.2084132270653059 -0.016820691454049182
-2.2115324547871493 -0.015888540283455033

-2.2115324547871493 -0.015888540283455033
-2.2124570844596794 -0.015596138609218262

-2.2124570844596794 -0.015596138609218262
-2.2146516825089932 -0.014923542409043417

-2.2146516825089932 -0.014923542409043417
-2.2177709102308367 -0.013968961587243575

-2.2177709102308367 -0.013968961587243575
-2.2208901379526806 -0.013007493809538331

-2.2208901379526806 -0.013007493809538331
-2.2225486019724845 -0.012476910887374609

-2.2225486019724845 -0.012476910887374609
-2.2240093656745241 -0.012007021098888744

-2.2240093656745241 -0.012007021098888744
-2.2271285933963676 -0.011029441190656686

-2.2271285933963676 -0.011029441190656686
-2.2302478211182115 -0.010042467709248357

-2.2302478211182115 -0.010042467709248357
-2.2323787722439152 -0.0093576831655309573

-2.2323787722439152 -0.0093576831655309573
-2.233367048840055 -0.0090304639906661748

-2.233367048840055 -0.0090304639906661748
-2.2364862765618989 -0.0080482939215864996

-2.2364862765618989 -0.0080482939215864996
-2.2396055042837424 -0.0070564655955469395

-2.2396055042837424 -0.0070564655955469395
-2.2421664873827294 -0.0062384554436873043

-2.2421664873827294 -0.0062384554436873043
-2.2427247320055859 -0.0060505067310985634

-2.2427247320055859 -0.0060505067310985634
-2.2458439597274298 -0.0050662762778024397

-2.2458439597274298 -0.0050662762778024397
-2.2489631874492733 -0.0040706042020962575

-2.2489631874492733 -0.0040706042020962575
-2.2519325341085867 -0.0031192277218436521

-2.2519325341085867 -0.0031192277218436521
-2.2520824151711172 -0.003067447444989034

-2.2520824151711172 -0.003067447444989034
-2.2552016428929607 -0.0020667657043807932

-2.2552016428929607 -0.0020667657043807932
-2.2583208706148041 -0.0010555055630065194

-2.2583208706148041 -0.0010555055630065194
-2.2614400983366481 -3.9426735388620372e-05

-2.2614400983366481 -3.9426735388620372e-05
-2.2614400983366481 -3.9426735388620372e-05

-2.2614400983366481 -3.9426735388620372e-05
-2.2615507479195602 0

-2.2615507479195602 0
-2.2645593260584915 0.00099036731204760458

-2.2645593260584915 0.00099036731204760458
-2.2676785537803354 0.002023685374190151

-2.2676785537803354 0.002023685374190151
-2.2707977815021789 0.0030579820072287626

-2.2707977815021789 0.0030579820072287626
-2.270967276023109 0.0031192277218436517

-2.270967276023109 0.0031192277218436517
-2.2739170092240224 0.0041058140822718553

-2.2739170092240224 0.0041058140822718553
-2.2770362369458663 0.0051522432808642849

-2.2770362369458663 0.0051522432808642849
-2.2801554646677098 0.006199295876550456

-2.2801554646677098 0.006199295876550456
-2.2802623292647688 0.0062384554436873043

-2.2802623292647688 0.0062384554436873043
-2.2832746923895537 0.0072556348492723022

-2.2832746923895537 0.0072556348492723022
-2.2863939201113972 0.0083115135816283041

-2.2863939201113972 0.0083115135816283041
-2.2894758811506652 0.0093576831655309556

-2.2894758811506652 0.0093576831655309556
-2.2895131478332407 0.009371477463367155

-2.2895131478332407 0.009371477463367155
-2.2926323755550846 0.010431698002821541

-2.2926323755550846 0.010431698002821541
-2.2957516032769281 0.011494786208892924

-2.2957516032769281 0.011494786208892924
-2.2986251525368342 0.012476910887374609

-2.2986251525368342 0.012476910887374609
-2.298870830998772 0.012567399465798528

-2.298870830998772 0.012567399465798528
-2.3019900587206155 0.013628046338326209

-2.3019900587206155 0.013628046338326209
-2.3051092864424589 0.014694706545758463

-2.3051092864424589 0.014694706545758463
-2.3077319666814473 0.01559613860921826

-2.3077319666814473 0.01559613860921826
-2.3082285141643029 0.015777431073405651

-2.3082285141643029 0.015777431073405651
-2.3113477418861463 0.01683730092092291

-2.3113477418861463 0.01683730092092291
-2.3144669696079898 0.017905239596701449

-2.3144669696079898 0.017905239596701449
-2.3168036266761471 0.018715366331061915

-2.3168036266761471 0.018715366331061915
-2.3175861973298337 0.018998989025235859

-2.3175861973298337 0.018998989025235859
-2.3207054250516772 0.020066104614132847

-2.3207054250516772 0.020066104614132847
-2.3238246527735211 0.021145291445016572

-2.3238246527735211 0.021145291445016572
-2.3257616191801405 0.021834594052905568

-2.3257616191801405 0.021834594052905568
-2.3269438804953646 0.022264732892213847

-2.3269438804953646 0.022264732892213847
-2.3300631082172081 0.023354599916796108

-2.3300631082172081 0.023354599916796108
-2.333182335939052 0.024452159733423091

-2.333182335939052 0.024452159733423091
-2.3345427128894221 0.024953821774749217

-2.3345427128894221 0.024953821774749217
-2.3363015636608955 0.025595019696719387

-2.3363015636608955 0.025595019696719387
-2.3394207913827394 0.026706670837986429

-2.3394207913827394 0.026706670837986429
-2.3425400191045829 0.027819423524736313

-2.3425400191045829 0.027819423524736313
-2.3432001093928059 0.02807304949659287

-2.3432001093928059 0.02807304949659287
-2.3456592468264263 0.028968460534208339

-2.3456592468264263 0.028968460534208339
-2.3487784745482703 0.030099449326478876

-2.3487784745482703 0.030099449326478876
-2.351772485439227 0.03119227721843652

-2.351772485439227 0.03119227721843652
-2.3518977022701137 0.031242177183174912

-2.3518977022701137 0.031242177183174912
-2.3550169299919577 0.03238038023208855

-2.3550169299919577 0.03238038023208855
-2.3581361577138011 0.033520327995162615

-2.3581361577138011 0.033520327995162615
-2.3602542038410101 0.034311504940280173

-2.3602542038410101 0.034311504940280173
-2.3612553854356446 0.03469855137659994

-2.3612553854356446 0.03469855137659994
-2.3643746131574885 0.035844487585454207

-2.3643746131574885 0.035844487585454207
-2.367493840879332 0.036999171658204794

-2.367493840879332 0.036999171658204794
-2.3685883847807281 0.037430732662123822

-2.3685883847807281 0.037430732662123822
-2.3706130686011759 0.038206522044857007

-2.3706130686011759 0.038206522044857007
-2.3737322963230194 0.039386560256831633

-2.3737322963230194 0.039386560256831633
-2.3767698515151596 0.040549960383967479

-2.3767698515151596 0.040549960383967479
-2.3768515240448629 0.040584368238344271

-2.3768515240448629 0.040584368238344271
-2.3799707517667068 0.041777700246277895

-2.3799707517667068 0.041777700246277895
-2.3830899794885503 0.042960914399484851

-2.3830899794885503 0.042960914399484851
-2.3849129048479254 0.043669188105811128

-2.3849129048479254 0.043669188105811128
-2.3862092072103942 0.044181183632623904

-2.3862092072103942 0.044181183632623904
-2.3893284349322377 0.045353970229585462

-2.3893284349322377 0.045353970229585462
-2.3924476626540812 0.046526650873707588

-2.3924476626540812 0.046526650873707588
-2.3930932893939443 0.046788415827654778

-2.3930932893939443 0.046788415827654778
-2.3955668903759251 0.047735145464639722

-2.3955668903759251 0.047735145464639722
-2.3986861180977685 0.048919337494228665

-2.3986861180977685 0.048919337494228665
-2.4012606152873697 0.049907643549498434

-2.4012606152873697 0.049907643549498434
-2.4018053458196125 0.050130718051542046

-2.4018053458196125 0.050130718051542046
-2.4049245735414559 0.051311966399681788

-2.4049245735414559 0.051311966399681788
-2.4080438012632994 0.052491115728519999

-2.4080438012632994 0.052491115728519999
-2.4094000858107698 0.053026871271342084

-2.4094000858107698 0.053026871271342084
-2.4111630289851433 0.053714360317818573

-2.4111630289851433 0.053714360317818573
-2.4142822567069868 0.054895552554145119

-2.4142822567069868 0.054895552554145119
-2.4174014844288307 0.056084650505739797

-2.4174014844288307 0.056084650505739797
-2.4175478539124629 0.056146098993185733

-2.4175478539124629 0.056146098993185733
-2.4205207121506742 0.057285826630854325

-2.4205207121506742 0.057285826630854325
-2.4236399398725177 0.05847320652949653

-2.4236399398725177 0.05847320652949653
-2.4256763108354003 0.05926532671502939

-2.4256763108354003 0.05926532671502939
-2.4267591675943616 0.059699519033491966

-2.4267591675943616 0.059699519033491966
-2.4298783953162051 0.060884162441651839

-2.4298783953162051 0.060884162441651839
-2.432997623038049 0.06207080042665962

-2.432997623038049 0.06207080042665962
-2.4337657879247381 0.06238455443687304

-2.4337657879247381 0.06238455443687304
-2.4361168507598925 0.063297541933990939

-2.4361168507598925 0.063297541933990939
-2.439236078481736 0.064493963083717645

-2.439236078481736 0.064493963083717645
-2.441838521355169 0.065503782158716703

-2.441838521355169 0.065503782158716703
-2.4423553062035799 0.065718268299483573

-2.4423553062035799 0.065718268299483573
-2.4454745339254234 0.06691632723113343

-2.4454745339254234 0.06691632723113343
-2.4485937616472673 0.068117265712631089

-2.4485937616472673 0.068117265712631089
-2.4498350483892608 0.068623009880560346

-2.4498350483892608 0.068623009880560346
-2.4517129893691108 0.069372779401286555

-2.4517129893691108 0.069372779401286555
-2.4548322170909542 0.070592880421568402

-2.4548322170909542 0.070592880421568402
-2.4577283626500632 0.071742237602404002

-2.4577283626500632 0.071742237602404002
-2.4579514448127981 0.071839013523861989

-2.4579514448127981 0.071839013523861989
-2.4610706725346416 0.073071241023903943

-2.4610706725346416 0.073071241023903943
-2.4641899002564855 0.074295782985188366

-2.4641899002564855 0.074295782985188366
-2.4655653592975777 0.074861465324247659

-2.4655653592975777 0.074861465324247659
-2.467309127978329 0.075570034667963804

-2.467309127978329 0.075570034667963804
-2.4704283557001725 0.076800474947429559

-2.4704283557001725 0.076800474947429559
-2.4733759482577606 0.077980693046091315

-2.4733759482577606 0.077980693046091315
-2.4735475834220164 0.078056154329531641

-2.4735475834220164 0.078056154329531641
-2.4766668111438599 0.079303645754591132

-2.4766668111438599 0.079303645754591132
-2.4797860388657038 0.080545700008323826

-2.4797860388657038 0.080545700008323826
-2.4811043437882612 0.081099920767934958

-2.4811043437882612 0.081099920767934958
-2.4829052665875473 0.081845110360409312

-2.4829052665875473 0.081845110360409312
-2.4860244943093908 0.083102924606089243

-2.4860244943093908 0.083102924606089243
-2.4887401034793548 0.084219148489778614

-2.4887401034793548 0.084219148489778614
-2.4891437220312347 0.084398790799452672

-2.4891437220312347 0.084398790799452672
-2.4922629497530782 0.085673892096527995

-2.4922629497530782 0.085673892096527995
-2.4953821774749216 0.086953990449134252

-2.4953821774749216 0.086953990449134252
-2.4962429564510793 0.087338376211622271

-2.4962429564510793 0.087338376211622271
-2.4985014051967656 0.088299508446337535

-2.4985014051967656 0.088299508446337535
-2.501620632918609 0.089614464740229896

-2.501620632918609 0.089614464740229896
-2.5035210123063503 0.090457603933465913

-2.5035210123063503 0.090457603933465913
-2.504739860640453 0.091012411392741119

-2.504739860640453 0.091012411392741119
-2.5078590883622964 0.09237435049001011

-2.5078590883622964 0.09237435049001011
-2.5105079604366263 0.09357683165530957

-2.5105079604366263 0.09357683165530957
-2.5109783160841399 0.093808977420045181

-2.5109783160841399 0.093808977420045181
-2.5140975438059838 0.095224829999727867

-2.5140975438059838 0.095224829999727867
-2.5172167715278273 0.096675852253737316

-2.5172167715278273 0.096675852253737316
-2.5172548355948878 0.096696059377153226

-2.5172548355948878 0.096696059377153226
-2.5203359992496712 0.098144889758094683

-2.5203359992496712 0.098144889758094683
-2.5234552269715147 0.099601242864774731

-2.5234552269715147 0.099601242864774731
-2.5238655676593797 0.099815287098996869

-2.5238655676593797 0.099815287098996869
-2.5265744546933582 0.10110473347694814

-2.5265744546933582 0.10110473347694814
-2.5296936824152021 0.10256457930676721

-2.5296936824152021 0.10256457930676721
-2.5304091668610984 0.10293451482084053

-2.5304091668610984 0.10293451482084053
-2.5328129101370456 0.10409655636688379

-2.5328129101370456 0.10409655636688379
-2.5359321378588895 0.10557074842102311

-2.5359321378588895 0.10557074842102311
-2.5368592846585947 0.10605374254268418

-2.5368592846585947 0.10605374254268418
-2.539051365580733 0.10713917925960008

-2.539051365580733 0.10713917925960008
-2.5421705933025764 0.10864290782737523

-2.5421705933025764 0.10864290782737523
-2.5431649945297843 0.10917297026452782

-2.5431649945297843 0.10917297026452782
-2.5452898210244204 0.11025427335026951

-2.5452898210244204 0.11025427335026951
-2.5484090487462638 0.11179414639532383

-2.5484090487462638 0.11179414639532383
-2.5493158571932706 0.11229219798637148

-2.5493158571932706 0.11229219798637148
-2.5515282764681078 0.11344203399239709

-2.5515282764681078 0.11344203399239709
-2.5546475041899512 0.11501691837670483

-2.5546475041899512 0.11501691837670483
-2.5553425995471901 0.11541142570821514

-2.5553425995471901 0.11541142570821514
-2.5577667319117947 0.11668751407217147

-2.5577667319117947 0.11668751407217147
-2.5608859596336386 0.11829768584178046

-2.5608859596336386 0.11829768584178046
-2.5612817609365841 0.11853065343005878

-2.5612817609365841 0.11853065343005878
-2.5640051873554821 0.11997553079429894

-2.5640051873554821 0.11997553079429894
-2.567124415077326 0.12162985668216707

-2.567124415077326 0.12162985668216707
-2.5671570803276347 0.12164988115190244

-2.5671570803276347 0.12164988115190244
-2.5702436427991695 0.12329814563217993

-2.5702436427991695 0.12329814563217993
-2.5729740791409323 0.12476910887374609

-2.5729740791409323 0.12476910887374609
-2.573362870521013 0.12500221396619768

-2.573362870521013 0.12500221396619768
-2.5764820982428569 0.12664889103824578

-2.5764820982428569 0.12664889103824578
-2.5787468759694456 0.12788833659558974

-2.5787468759694456 0.12788833659558974
-2.5796013259647004 0.12838701133398617

-2.5796013259647004 0.12838701133398617
-2.5827205536865443 0.13002030400553394

-2.5827205536865443 0.13002030400553394
-2.5844898066844482 0.13100756431743341

-2.5844898066844482 0.13100756431743341
-2.5858397814083878 0.1317754717620131

-2.5858397814083878 0.1317754717620131
-2.5889590091302312 0.13340514122764169

-2.5889590091302312 0.13340514122764169
-2.5902231291570437 0.13412679203927705

-2.5902231291570437 0.13412679203927705
-2.5920782368520752 0.13515778654890154

-2.5920782368520752 0.13515778654890154
-2.5951974645739186 0.13679118952089825

-2.5951974645739186 0.13679118952089825
-2.5959754563383539 0.13724601976112069

-2.5959754563383539 0.13724601976112069
-2.5983166922957626 0.13852081771220501

-2.5983166922957626 0.13852081771220501
-2.601435920017606 0.14016507841670786

-2.601435920017606 0.14016507841670786
-2.6017701974008576 0.14036524748296436

-2.6017701974008576 0.14036524748296436
-2.6045551477394495 0.14185680043031379

-2.6045551477394495 0.14185680043031379
-2.6076200182874638 0.143484475204808

-2.6076200182874638 0.143484475204808
-2.6076743754612934 0.14351753021825717

-2.6076743754612934 0.14351753021825717
-2.6107936031831369 0.14515952346499175

-2.6107936031831369 0.14515952346499175
-2.6135364302087845 0.14660370292665165

-2.6135364302087845 0.14660370292665165
-2.6139128309049808 0.14682379950717647

-2.6139128309049808 0.14682379950717647
-2.6170320586268243 0.14842149159533649

-2.6170320586268243 0.14842149159533649
-2.6195325708734742 0.14972293064849532

-2.6195325708734742 0.14972293064849532
-2.6201512863486678 0.15007230309447675

-2.6201512863486678 0.15007230309447675
-2.6232705140705117 0.1516344419759369

-2.6232705140705117 0.1516344419759369
-2.6256287126953266 0.15284215837033896

-2.6256287126953266 0.15284215837033896
-2.6263897417923552 0.15325915984487293

-2.6263897417923552 0.15325915984487293
-2.6295089695141991 0.15478869097310902

-2.6295089695141991 0.15478869097310902
-2.6318479323762247 0.1559613860921826

-2.6318479323762247 0.1559613860921826
-2.6326281972360426 0.15637861774770695

-2.6326281972360426 0.15637861774770695
-2.6357474249578861 0.1578768122374076

-2.6357474249578861 0.1578768122374076
-2.6382144370835556 0.15908061381402627

-2.6382144370835556 0.15908061381402627
-2.63886665267973 0.15942303829183196

-2.63886665267973 0.15942303829183196
-2.6419858804015734 0.16088974523679614

-2.6419858804015734 0.16088974523679614
-2.6447595145547167 0.16219984153586992

-2.6447595145547167 0.16219984153586992
-2.6451051081234174 0.16237946363517977

-2.6451051081234174 0.16237946363517977
-2.6482243358452608 0.16381353060153495

-2.6482243358452608 0.16381353060153495
-2.6513435635671043 0.16523204114315251

-2.6513435635671043 0.16523204114315251
-2.6515170988823757 0.16531906925771356

-2.6515170988823757 0.16531906925771356
-2.6544627912889482 0.16664718989903493

-2.6544627912889482 0.16664718989903493
-2.6575820190107917 0.16800901687170172

-2.6575820190107917 0.16800901687170172
-2.6585097793569141 0.16843829697955723

-2.6585097793569141 0.16843829697955723
-2.6607012467326356 0.16940605906250947

-2.6607012467326356 0.16940605906250947
-2.6638204744544791 0.17072574567523705

-2.6638204744544791 0.17072574567523705
-2.6657532572252616 0.17155752470140087

-2.6657532572252616 0.17155752470140087
-2.6669397021763226 0.17208125068935085

-2.6669397021763226 0.17208125068935085
-2.6700589298981665 0.17336074988979067

-2.6700589298981665 0.17336074988979067
-2.67317815762001 0.17463191691970478

-2.67317815762001 0.17463191691970478
-2.6732792580188569 0.17467675242324451

-2.6732792580188569 0.17467675242324451
-2.6762973853418535 0.17588839856560939

-2.6762973853418535 0.17588839856560939
-2.6794166130636974 0.17710401202605736

-2.6794166130636974 0.17710401202605736
-2.6811696054476455 0.17779598014508818

-2.6811696054476455 0.17779598014508818
-2.6825358407855409 0.17834159476669481

-2.6825358407855409 0.17834159476669481
-2.6856550685073848 0.17951269111791879

-2.6856550685073848 0.17951269111791879
-2.6887742962292283 0.18065850950904372

-2.6887742962292283 0.18065850950904372
-2.6894387647240237 0.18091520786693183

-2.6894387647240237 0.18091520786693183
-2.6918935239510717 0.18181303006428651

-2.6918935239510717 0.18181303006428651
-2.6950127516729157 0.18292767660946979

-2.6950127516729157 0.18292767660946979
-2.6981319793947591 0.18402616025122065

-2.6981319793947591 0.18402616025122065
-2.6981539163412327 0.18403443558877547

-2.6981539163412327 0.18403443558877547
-2.701251207116603 0.18510230367148642

-2.701251207116603 0.18510230367148642
-2.7043704348384465 0.18615305049195538

-2.7043704348384465 0.18615305049195538
-2.7073961984768009 0.18715366331061914

-2.7073961984768009 0.18715366331061914
-2.70748966256029 0.18718715278386897

-2.70748966256029 0.18718715278386897
-2.7106088902821339 0.18819804150317365

-2.7106088902821339 0.18819804150317365
-2.7137281180039774 0.18918887700749809

-2.7137281180039774 0.18918887700749809
-2.7168473457258213 0.19014751523747722

-2.7168473457258213 0.19014751523747722
-2.7172378538928723 0.19027289103246278

-2.7172378538928723 0.19027289103246278
-2.7199665734476648 0.19109851304250855

-2.7199665734476648 0.19109851304250855
-2.7230858011695083 0.19201712402232204

-2.7230858011695083 0.19201712402232204
-2.7262050288913522 0.19290403947149892

-2.7262050288913522 0.19290403947149892
-2.7279316026456271 0.19339211875430642

-2.7279316026456271 0.19339211875430642
-2.7293242566131957 0.19378843968665468

-2.7293242566131957 0.19378843968665468
-2.7324434843350396 0.19462581791164812

-2.7324434843350396 0.19462581791164812
-2.7355627120568831 0.195445779439505

-2.7355627120568831 0.195445779439505
-2.7386819397787265 0.19623377337606249

-2.7386819397787265 0.19623377337606249
-2.7397693733435871 0.19651134647615009

-2.7397693733435871 0.19651134647615009
-2.7418011675005705 0.19701976283263484

-2.7418011675005705 0.19701976283263484
-2.7449203952224139 0.19777254087405854

-2.7449203952224139 0.19777254087405854
-2.7480396229442579 0.19850857165436497

-2.7480396229442579 0.19850857165436497
-2.7511588506661013 0.19921740924015144

-2.7511588506661013 0.19921740924015144
-2.7530004416982092 0.19963057419799374

-2.7530004416982092 0.19963057419799374
-2.7542780783879448 0.19991997267915984

-2.7542780783879448 0.19991997267915984
-2.7573973061097887 0.20059222873728369

-2.7573973061097887 0.20059222873728369
-2.7605165338316322 0.20125152264628379

-2.7605165338316322 0.20125152264628379
-2.7636357615534761 0.20189053269832394

-2.7636357615534761 0.20189053269832394
-2.7667549892753196 0.20250511243808253

-2.7667549892753196 0.20250511243808253
-2.7680050029959973 0.20274980191983741

-2.7680050029959973 0.20274980191983741
-2.7698742169971631 0.20311192692292321

-2.7698742169971631 0.20311192692292321
-2.772993444719007 0.2036919562041172

-2.772993444719007 0.2036919562041172
-2.7761126724408505 0.20425627827252482

-2.7761126724408505 0.20425627827252482
-2.7792319001626944 0.20479962275734898

-2.7792319001626944 0.20479962275734898
-2.7823511278845379 0.20532140108158803

-2.7823511278845379 0.20532140108158803
-2.7854703556063813 0.20582153931815814

-2.7854703556063813 0.20582153931815814
-2.7857672089460626 0.20586902964168105

-2.7857672089460626 0.20586902964168105
-2.7885895833282253 0.20630606823323852

-2.7885895833282253 0.20630606823323852
-2.7917088110500687 0.20676990973903905

-2.7917088110500687 0.20676990973903905
-2.7948280387719127 0.20721353024815739

-2.7948280387719127 0.20721353024815739
-2.7979472664937561 0.20763596681942137

-2.7979472664937561 0.20763596681942137
-2.8010664942155996 0.20803752888428578

-2.8010664942155996 0.20803752888428578
-2.8041857219374435 0.20841927890087106

-2.8041857219374435 0.20841927890087106
-2.807304949659287 0.20878099916300652

-2.807304949659287 0.20878099916300652
-2.809170971632573 0.20898825736352469

-2.809170971632573 0.20898825736352469
-2.8104241773811309 0.20912811862884897

-2.8104241773811309 0.20912811862884897
-2.8135434051029744 0.20945468948166124

-2.8135434051029744 0.20945468948166124
-2.8166626328248179 0.20976556645279185

-2.8166626328248179 0.20976556645279185
-2.8197818605466618 0.21005965451100445

-2.8197818605466618 0.21005965451100445
-2.8229010882685053 0.21033776768132681

-2.8229010882685053 0.21033776768132681
-2.8260203159903492 0.21060097859982951

-2.8260203159903492 0.21060097859982951
-2.8291395437121927 0.21084978719589983

-2.8291395437121927 0.21084978719589983
-2.8322587714340361 0.21108452483712498

-2.8322587714340361 0.21108452483712498
-2.8353779991558801 0.21130553820260217

-2.8353779991558801 0.21130553820260217
-2.8384972268777235 0.21151258285636559

-2.8384972268777235 0.21151258285636559
-2.841616454599567 0.21170465329926597

-2.841616454599567 0.21170465329926597
-2.8447356823214109 0.21188052557971018

-2.8447356823214109 0.21188052557971018
-2.8478549100432544 0.21203930256089634

-2.8478549100432544 0.21203930256089634
-2.8493411757859479 0.21210748508536836

-2.8493411757859479 0.21210748508536836
-2.8509741377650983 0.2121823090536166

-2.8509741377650983 0.2121823090536166
-2.8540933654869418 0.21230904453852339

-2.8540933654869418 0.21230904453852339
-2.8572125932087853 0.21242044255372611

-2.8572125932087853 0.21242044255372611
-2.8603318209306292 0.21251594966009091

-2.8603318209306292 0.21251594966009091
-2.8634510486524727 0.21259505104174914

-2.8634510486524727 0.21259505104174914
-2.8665702763743166 0.21265759289305597

-2.8665702763743166 0.21265759289305597
-2.8696895040961601 0.21270398782615801

-2.8696895040961601 0.21270398782615801
-2.8728087318180036 0.21273494484953526

-2.8728087318180036 0.21273494484953526
-2.8759279595398475 0.21275111971481281

-2.8759279595398475 0.21275111971481281
-2.879047187261691 0.21275296917077166

-2.879047187261691 0.21275296917077166
-2.8821664149835349 0.21274082125004506

-2.8821664149835349 0.21274082125004506
-2.8852856427053784 0.21271501346991797

-2.8852856427053784 0.21271501346991797
-2.8884048704272218 0.21267595979878851

-2.8884048704272218 0.21267595979878851
-2.8915240981490657 0.21262410221262934

-2.8915240981490657 0.21262410221262934
-2.8946433258709092 0.21255981346709646

-2.8946433258709092 0.21255981346709646
-2.8977625535927531 0.21248336528282652

-2.8977625535927531 0.21248336528282652
-2.9008817813145966 0.21239498522541322

-2.9008817813145966 0.21239498522541322
-2.9040010090364401 0.21229488580165318

-2.9040010090364401 0.21229488580165318
-2.907120236758284 0.21218328601270214

-2.907120236758284 0.21218328601270214
-2.909034333050232 0.21210748508536836

-2.909034333050232 0.21210748508536836
-2.9102394644801275 0.21205962989076382

-2.9102394644801275 0.21205962989076382
-2.9133586922019714 0.2119248566989726

-2.9133586922019714 0.2119248566989726
-2.9164779199238149 0.21177795124877974

-2.9164779199238149 0.21177795124877974
-2.9195971476456584 0.21161809288799785

-2.9195971476456584 0.21161809288799785
-2.9227163753675023 0.21144460772803678

-2.9227163753675023 0.21144460772803678
-2.9258356030893458 0.21125741173279738

-2.9258356030893458 0.21125741173279738
-2.9289548308111897 0.21105677945752274

-2.9289548308111897 0.21105677945752274
-2.9320740585330332 0.21084300673855536

-2.9320740585330332 0.21084300673855536
-2.9351932862548766 0.21061626014896542

-2.9351932862548766 0.21061626014896542
-2.9383125139767206 0.21037671679972092

-2.9383125139767206 0.21037671679972092
-2.941431741698564 0.21012485325148114

-2.941431741698564 0.21012485325148114
-2.9445509694204079 0.20986153335152297

-2.9445509694204079 0.20986153335152297
-2.9476701971422514 0.20958775001765359

-2.9476701971422514 0.20958775001765359
-2.9507894248640949 0.20930429505505771

-2.9507894248640949 0.20930429505505771
-2.9539086525859388 0.20901210755275274

-2.9539086525859388 0.20901210755275274
-2.9541505265091752 0.20898825736352469

-2.9541505265091752 0.20898825736352469
-2.9570278803077823 0.20871022990121499

-2.9570278803077823 0.20871022990121499
-2.9601471080296262 0.20840061479442593

-2.9601471080296262 0.20840061479442593
-2.9632663357514697 0.20808240979129411

-2.9632663357514697 0.20808240979129411
-2.9663855634733132 0.20775523141231317

-2.9663855634733132 0.20775523141231317
-2.9695047911951571 0.2074186241281312

-2.9695047911951571 0.2074186241281312
-2.9726240189170006 0.2070720566259891

-2.9726240189170006 0.2070720566259891
-2.9757432466388445 0.20671503501923075

-2.9757432466388445 0.20671503501923075
-2.978862474360688 0.2063471165045592

-2.978862474360688 0.2063471165045592
-2.9819817020825314 0.20596968233504295

-2.9819817020825314 0.20596968233504295
-2.9827726808023471 0.20586902964168105

-2.9827726808023471 0.20586902964168105
-2.9851009298043754 0.20557720711777563

-2.9851009298043754 0.20557720711777563
-2.9882201575262188 0.20517715059106068

-2.9882201575262188 0.20517715059106068
-2.9913393852480628 0.20476598811484981

-2.9913393852480628 0.20476598811484981
-2.9944586129699062 0.20434433241383926

-2.9944586129699062 0.20434433241383926
-2.9975778406917497 0.20391228740045342

-2.9975778406917497 0.20391228740045342
-3.0006970684135936 0.20347011182323799

-3.0006970684135936 0.20347011182323799
-3.0038162961354371 0.20301991937607

-3.0038162961354371 0.20301991937607
-3.0056328865676449 0.20274980191983741

-3.0056328865676449 0.20274980191983741
-3.006935523857281 0.20255484601387327

-3.006935523857281 0.20255484601387327
-3.0100547515791245 0.20208834942518966

-3.0100547515791245 0.20208834942518966
-3.013173979300968 0.20161177632066921

-3.013173979300968 0.20161177632066921
-3.0162932070228119 0.20112760902837953

-3.0162932070228119 0.20112760902837953
-3.0194124347446554 0.20063556459770068

-3.0194124347446554 0.20063556459770068
-3.0225316624664988 0.20013547778819352

-3.0225316624664988 0.20013547778819352
-3.0256307194027525 0.19963057419799374

-3.0256307194027525 0.19963057419799374
-3.0256508901883428 0.19962714912485549

-3.0256508901883428 0.19962714912485549
-3.0287701179101862 0.19911149617249899

-3.0287701179101862 0.19911149617249899
-3.0318893456320302 0.19858854208430504

-3.0318893456320302 0.19858854208430504
-3.0350085733538736 0.1980581985995459

-3.0350085733538736 0.1980581985995459
-3.0381278010757171 0.19752013812196054

-3.0381278010757171 0.19752013812196054
-3.041247028797561 0.19697463070317769

-3.041247028797561 0.19697463070317769
-3.0438499804845693 0.19651134647615009

-3.0438499804845693 0.19651134647615009
-3.0443662565194045 0.19641660336711442

-3.0443662565194045 0.19641660336711442
-3.0474854842412484 0.19585631097309963

-3.0474854842412484 0.19585631097309963
-3.0506047119630919 0.19528444779255133

-3.0506047119630919 0.19528444779255133
-3.0537239396849354 0.19470380409493926

-3.0537239396849354 0.19470380409493926
-3.0568431674067793 0.19411441706980204

-3.0568431674067793 0.19411441706980204
-3.0599623951286228 0.19352077984794813

-3.0599623951286228 0.19352077984794813
-3.0606060845719942 0.19339211875430642

-3.0606060845719942 0.19339211875430642
-3.0630816228504667 0.19291129180970423

-3.0630816228504667 0.19291129180970423
-3.0662008505723102 0.19230136716088397

-3.0662008505723102 0.19230136716088397
-3.0693200782941537 0.19168389886831605

-3.0693200782941537 0.19168389886831605
-3.0724393060159976 0.19106058055608058

-3.0724393060159976 0.19106058055608058
-3.075558533737841 0.19043633990114966

-3.075558533737841 0.19043633990114966
-3.076339536429046 0.19027289103246278

-3.076339536429046 0.19027289103246278
-3.078677761459685 0.18979590996712545

-3.078677761459685 0.18979590996712545
-3.0817969891815284 0.18915831863136448

-3.0817969891815284 0.18915831863136448
-3.0849162169033719 0.18851376355530469

-3.0849162169033719 0.18851376355530469
-3.0880354446252158 0.18786334945470823

-3.0880354446252158 0.18786334945470823
-3.0911546723470593 0.18720905235565

-3.0911546723470593 0.18720905235565
-3.0914034584807197 0.18715366331061914

-3.0914034584807197 0.18715366331061914
-3.0942739000689032 0.18654299837232932

-3.0942739000689032 0.18654299837232932
-3.0973931277907467 0.18587338874954268

-3.0973931277907467 0.18587338874954268
-3.1005123555125902 0.18519681526298171

-3.1005123555125902 0.18519681526298171
-3.1036315832344341 0.18451578967434898

-3.1036315832344341 0.18451578967434898
-3.1057960710688559 0.18403443558877547

-3.1057960710688559 0.18403443558877547
-3.1067508109562776 0.18381737699314404

-3.1067508109562776 0.18381737699314404
-3.1098700386781215 0.18312713561974875

-3.1098700386781215 0.18312713561974875
-3.112989266399965 0.18242583141854049

-3.112989266399965 0.18242583141854049
-3.1161084941218085 0.18171946807991979

-3.1161084941218085 0.18171946807991979
-3.1192277218436524 0.1810123383804865

-3.1192277218436524 0.1810123383804865
-3.1196323819214875 0.18091520786693183

-3.1196323819214875 0.18091520786693183
-3.1223469495654959 0.18029122594427829

-3.1223469495654959 0.18029122594427829
-3.1254661772873398 0.1795700579732207

-3.1254661772873398 0.1795700579732207
-3.1285854050091833 0.17884225359386746

-3.1285854050091833 0.17884225359386746
-3.1317046327310267 0.17811416301360969

-3.1317046327310267 0.17811416301360969
-3.1330172806453489 0.17779598014508818

-3.1330172806453489 0.17779598014508818
-3.1348238604528706 0.17736210980056324

-3.1348238604528706 0.17736210980056324
-3.1379430881747141 0.17661844782270689

-3.1379430881747141 0.17661844782270689
-3.141062315896558 0.17586329606010043

-3.141062315896558 0.17586329606010043
-3.1441815436184015 0.17510680992739325

-3.1441815436184015 0.17510680992739325
-3.145906692874517 0.17467675242324451

-3.145906692874517 0.17467675242324451
-3.147300771340245 0.17432682688253273

-3.147300771340245 0.17432682688253273
-3.1504199990620889 0.17355897736017428

-3.1504199990620889 0.17355897736017428
-3.1535392267839324 0.17277812156302291

-3.1535392267839324 0.17277812156302291
-3.1566584545057763 0.17199747105624175

-3.1566584545057763 0.17199747105624175
-3.1583707399587491 0.17155752470140087

-3.1583707399587491 0.17155752470140087
-3.1597776822276198 0.17119367895462895

-3.1597776822276198 0.17119367895462895
-3.1628969099494633 0.17040487347008043

-3.1628969099494633 0.17040487347008043
-3.1660161376713072 0.16960460204605657

-3.1660161376713072 0.16960460204605657
-3.1691353653931507 0.16880785958387265

-3.1691353653931507 0.16880785958387265
-3.1705351513728259 0.16843829697955723

-3.1705351513728259 0.16843829697955723
-3.1722545931149946 0.16798733074611535

-3.1722545931149946 0.16798733074611535
-3.1753738208368381 0.16718221165920094

-3.1753738208368381 0.16718221165920094
-3.1784930485586815 0.16636731092802387

-3.1784930485586815 0.16636731092802387
-3.1816122762805255 0.16555659819443858

-3.1816122762805255 0.16555659819443858
-3.1824814505552377 0.16531906925771356

-3.1824814505552377 0.16531906925771356
-3.1847315040023689 0.16472211129332481

-3.1847315040023689 0.16472211129332481
-3.1878507317242128 0.16389682439074543

-3.1878507317242128 0.16389682439074543
-3.1909699594460563 0.16306287425708352

-3.1909699594460563 0.16306287425708352
-3.1940891871678998 0.16264453474458829

