3.1940891871678998 0.035594527533381222
3.1909699594460559 0.036458106068129464

3.1909699594460559 0.036458106068129464
3.1893101511084416 0.037430732662123822

3.1893101511084416 0.037430732662123822
3.1878507317242124 0.038292689136463741

3.1878507317242124 0.038292689136463741
3.1847315040023689 0.039951505941923385

3.1847315040023689 0.039951505941923385
3.18369097710073 0.040549960383967479

3.18369097710073 0.040549960383967479
3.181612276280525 0.041688755015602409

3.181612276280525 0.041688755015602409
3.1784930485586815 0.043281842102594024

3.1784930485586815 0.043281842102594024
3.1777956923728188 0.043669188105811128

3.1777956923728188 0.043669188105811128
3.1753738208368376 0.044916308536880965

3.1753738208368376 0.044916308536880965
3.1722545931149941 0.046435263968200281

3.1722545931149941 0.046435263968200281
3.1715812200751352 0.046788415827654778

3.1715812200751352 0.046788415827654778
3.1691353653931507 0.047980335989697309

3.1691353653931507 0.047980335989697309
3.1660161376713067 0.049418615665469907

3.1660161376713067 0.049418615665469907
3.1650047035571829 0.049907643549498434

3.1650047035571829 0.049907643549498434
3.1628969099494633 0.050883558135880858

3.1628969099494633 0.050883558135880858
3.1597776822276193 0.052242509049340025

3.1597776822276193 0.052242509049340025
3.1579998794526389 0.053026871271342084

3.1579998794526389 0.053026871271342084
3.1566584545057759 0.053627091412917639

3.1566584545057759 0.053627091412917639
3.1535392267839324 0.054918576945451186

3.1535392267839324 0.054918576945451186
3.1505397803993658 0.056146098993185733

3.1505397803993658 0.056146098993185733
3.1504199990620885 0.056200146648770058

3.1504199990620885 0.056200146648770058
3.147300771340245 0.057436362654254898

3.147300771340245 0.057436362654254898
3.1441815436184011 0.058630716446952537

3.1441815436184011 0.058630716446952537
3.1425404858178481 0.05926532671502939

3.1425404858178481 0.05926532671502939
3.1410623158965576 0.059839279396881689

3.1410623158965576 0.059839279396881689
3.1379430881747141 0.060980500437635761

3.1379430881747141 0.060980500437635761
3.1348238604528702 0.06209414311597012

3.1348238604528702 0.06209414311597012
3.1340416254494379 0.06238455443687304

3.1340416254494379 0.06238455443687304
3.1317046327310267 0.063212958140615921

3.1317046327310267 0.063212958140615921
3.1285854050091828 0.064284549044727579

3.1285854050091828 0.064284549044727579
3.1254661772873393 0.06532845148603357

3.1254661772873393 0.06532845148603357
3.124967062405239 0.065503782158716703

3.124967062405239 0.065503782158716703
3.1223469495654959 0.066371455940137492

3.1223469495654959 0.066371455940137492
3.1192277218436519 0.067374457124756371

3.1192277218436519 0.067374457124756371
3.1161084941218085 0.068341198719198457

3.1161084941218085 0.068341198719198457
3.1152231654271407 0.068623009880560346

3.1152231654271407 0.068623009880560346
3.1129892663999645 0.069309778437891004

3.1129892663999645 0.069309778437891004
3.1098700386781211 0.070234268904862077

3.1098700386781211 0.070234268904862077
3.1067508109562776 0.071131081165181936

3.1067508109562776 0.071131081165181936
3.10458201705337 0.071742237602404002

3.10458201705337 0.071742237602404002
3.1036315832344337 0.072017342332441545

3.1036315832344337 0.072017342332441545
3.1005123555125902 0.072852331863608275

3.1005123555125902 0.072852331863608275
3.0973931277907463 0.073665321462625027

3.0973931277907463 0.073665321462625027
3.0942739000689028 0.074443413565375302

3.0942739000689028 0.074443413565375302
3.092571040657643 0.074861465324247659

3.092571040657643 0.074861465324247659
3.0911546723470593 0.075210776313350006

3.0911546723470593 0.075210776313350006
3.0880354446252154 0.075933798785074225

3.0880354446252154 0.075933798785074225
3.0849162169033719 0.076634150633880363

3.0849162169033719 0.076634150633880363
3.081796989181528 0.077306432876227182

3.081796989181528 0.077306432876227182
3.0786777614596845 0.077954229069851083

3.0786777614596845 0.077954229069851083
3.0785527379661501 0.077980693046091315

3.0785527379661501 0.077980693046091315
3.075558533737841 0.078584597229845773

3.075558533737841 0.078584597229845773
3.0724393060159971 0.079195111632069312

3.0724393060159971 0.079195111632069312
3.0693200782941537 0.079788299539921836

3.0693200782941537 0.079788299539921836
3.0662008505723097 0.080365303643552363

3.0662008505723097 0.080365303643552363
3.0630816228504663 0.080924029375674014

3.0630816228504663 0.080924029375674014
3.062104502348689 0.081099920767934958

3.062104502348689 0.081099920767934958
3.0599623951286228 0.081478964447716268

3.0599623951286228 0.081478964447716268
3.0568431674067789 0.082014900543014635

3.0568431674067789 0.082014900543014635
3.0537239396849354 0.082539450972406975

3.0537239396849354 0.082539450972406975
3.0506047119630915 0.083049010234815521

3.0506047119630915 0.083049010234815521
3.047485484241248 0.083542258521455373

3.047485484241248 0.083542258521455373
3.0443662565194045 0.084016661410203919

3.0443662565194045 0.084016661410203919
3.0430117138911208 0.084219148489778614

3.0430117138911208 0.084219148489778614
3.0412470287975606 0.084481484529445733

3.0412470287975606 0.084481484529445733
3.0381278010757171 0.084923477148078672

3.0381278010757171 0.084923477148078672
3.0350085733538732 0.08534890379966438

3.0350085733538732 0.08534890379966438
3.0318893456320297 0.08575500410979732

3.0318893456320297 0.08575500410979732
3.0287701179101862 0.086141937609303609

3.0287701179101862 0.086141937609303609
3.0256508901883423 0.086510386666550781

3.0256508901883423 0.086510386666550781
3.0225316624664988 0.086860834628507397

3.0225316624664988 0.086860834628507397
3.0194124347446549 0.087192719156465329

3.0194124347446549 0.087192719156465329
3.0179891573133903 0.087338376211622271

3.0179891573133903 0.087338376211622271
3.0162932070228115 0.087511441099117196

3.0162932070228115 0.087511441099117196
3.013173979300968 0.087812191411263743

3.013173979300968 0.087812191411263743
3.0100547515791241 0.088099578803466569

3.0100547515791241 0.088099578803466569
3.0069355238572806 0.088373395492212153

3.0069355238572806 0.088373395492212153
3.0038162961354371 0.088634669602811689

3.0038162961354371 0.088634669602811689
3.0006970684135932 0.088884104793785321

3.0006970684135932 0.088884104793785321
2.9975778406917497 0.089122125554351367

2.9975778406917497 0.089122125554351367
2.9944586129699058 0.08934893135346092

2.9944586129699058 0.08934893135346092
2.9913393852480623 0.08956467660044036

2.9913393852480623 0.08956467660044036
2.9882201575262188 0.089769567356499311

2.9882201575262188 0.089769567356499311
2.9851009298043749 0.089963712554533823

2.9851009298043749 0.089963712554533823
2.9819817020825314 0.090147107035669874

2.9819817020825314 0.090147107035669874
2.9788624743606875 0.090319666507272814

2.9788624743606875 0.090319666507272814
2.9761979874130478 0.090457603933465913

2.9761979874130478 0.090457603933465913
2.975743246638844 0.090481352051776681

2.975743246638844 0.090481352051776681
2.9726240189170006 0.090631374402141029

2.9726240189170006 0.090631374402141029
2.9695047911951566 0.090770606064882492

2.9695047911951566 0.090770606064882492
2.9663855634733132 0.090898591056544242

2.9663855634733132 0.090898591056544242
2.9632663357514692 0.091015313666480774

2.9632663357514692 0.091015313666480774
2.9601471080296258 0.091120877912492348

2.9601471080296258 0.091120877912492348
2.9570278803077823 0.09121566800849748

2.9570278803077823 0.09121566800849748
2.9539086525859384 0.091300111270097253

2.9539086525859384 0.091300111270097253
2.9507894248640949 0.091374293089265771

2.9507894248640949 0.091374293089265771
2.947670197142251 0.09143811065470879

2.947670197142251 0.09143811065470879
2.9445509694204075 0.091491626804651588

2.9445509694204075 0.091491626804651588
2.941431741698564 0.091535187883106106

2.941431741698564 0.091535187883106106
2.9383125139767201 0.091569224997860979

2.9383125139767201 0.091569224997860979
2.9351932862548766 0.091593971024137272

2.9351932862548766 0.091593971024137272
2.9320740585330327 0.091609561674367054

2.9320740585330327 0.091609561674367054
2.9289548308111892 0.091616474388872549

2.9289548308111892 0.091616474388872549
2.9258356030893458 0.091615728731653592

2.9258356030893458 0.091615728731653592
2.9227163753675018 0.091608608629250549

2.9227163753675018 0.091608608629250549
2.9195971476456584 0.091596279715019685

2.9195971476456584 0.091596279715019685
2.9164779199238144 0.091579663665713087

2.9164779199238144 0.091579663665713087
2.913358692201971 0.09155946322229673

2.913358692201971 0.09155946322229673
2.9102394644801275 0.091536120443287947

2.9102394644801275 0.091536120443287947
2.9071202367582836 0.091509773942444875

2.9071202367582836 0.091509773942444875
2.9040010090364401 0.091480337466529824

2.9040010090364401 0.091480337466529824
2.9008817813145962 0.091447581145617629

2.9008817813145962 0.091447581145617629
2.8977625535927527 0.091411103543436817

2.8977625535927527 0.091411103543436817
2.8946433258709092 0.091370314127815572

2.8946433258709092 0.091370314127815572
2.8915240981490653 0.091324538364252347

2.8915240981490653 0.091324538364252347
2.8884048704272218 0.091273160054532607

2.8884048704272218 0.091273160054532607
2.8852856427053779 0.091215659312463324

2.8852856427053779 0.091215659312463324
2.8821664149835344 0.091151558648466455

2.8821664149835344 0.091151558648466455
2.879047187261691 0.09108041900220594

2.879047187261691 0.09108041900220594
2.875927959539847 0.091001958547396178

2.875927959539847 0.091001958547396178
2.8728087318180036 0.090916158230889263

2.8728087318180036 0.090916158230889263
2.8696895040961596 0.09082321140103336

2.8696895040961596 0.09082321140103336
2.8665702763743162 0.090723475836569506

2.8665702763743162 0.090723475836569506
2.8634510486524727 0.090617536586797803

2.8634510486524727 0.090617536586797803
2.8603318209306288 0.090506310852635982

2.8603318209306288 0.090506310852635982
2.8590257680286855 0.090457603933465913

2.8590257680286855 0.090457603933465913
2.8572125932087853 0.090390075795139593

2.8572125932087853 0.090390075795139593
2.8540933654869414 0.090270477093271781

2.8540933654869414 0.090270477093271781
2.8509741377650979 0.09014785924782287

2.8509741377650979 0.09014785924782287
2.8478549100432544 0.090022918197287999

2.8478549100432544 0.090022918197287999
2.8447356823214105 0.089895904593600792

2.8447356823214105 0.089895904593600792
2.841616454599567 0.089766794624169755

2.841616454599567 0.089766794624169755
2.8384972268777231 0.089635420154897949

2.8384972268777231 0.089635420154897949
2.8353779991558796 0.089501539119436466

2.8353779991558796 0.089501539119436466
2.8322587714340361 0.089364827298718127

2.8322587714340361 0.089364827298718127
2.8291395437121922 0.089224883682472708

2.8291395437121922 0.089224883682472708
2.8260203159903488 0.089081347388147603

2.8260203159903488 0.089081347388147603
2.8229010882685053 0.088933931987918075

2.8229010882685053 0.088933931987918075
2.8197818605466614 0.088782550903682672

2.8197818605466614 0.088782550903682672
2.8166626328248179 0.088627160184467188

2.8166626328248179 0.088627160184467188
2.813543405102974 0.088467592582422594

2.813543405102974 0.088467592582422594
2.8104241773811305 0.088303647488284773

2.8104241773811305 0.088303647488284773
2.807304949659287 0.088134999348806517

2.807304949659287 0.088134999348806517
2.8041857219374431 0.087961234473842367

2.8041857219374431 0.087961234473842367
2.8010664942155996 0.087781903910742809

2.8010664942155996 0.087781903910742809
2.7979472664937557 0.087596495088297061

2.7979472664937557 0.087596495088297061
2.7948280387719122 0.087404892066078516

2.7948280387719122 0.087404892066078516
2.7937939263315639 0.087338376211622271

2.7937939263315639 0.087338376211622271
2.7917088110500687 0.087204941063458566

2.7917088110500687 0.087204941063458566
2.7885895833282248 0.086998602201125888

2.7885895833282248 0.086998602201125888
2.7854703556063813 0.08678491165215968

2.7854703556063813 0.08678491165215968
2.7823511278845374 0.086564463508087677

2.7823511278845374 0.086564463508087677
2.7792319001626939 0.086337848597374242

2.7792319001626939 0.086337848597374242
2.7761126724408505 0.08610586425633393

2.7761126724408505 0.08610586425633393
2.7729934447190066 0.085869394567005666

2.7729934447190066 0.085869394567005666
2.7698742169971631 0.085629286607215013

2.7698742169971631 0.085629286607215013
2.7667549892753192 0.085386146779677236

2.7667549892753192 0.085386146779677236
2.7636357615534757 0.085140475170629407

2.7636357615534757 0.085140475170629407
2.7605165338316322 0.084892729796118283

2.7605165338316322 0.084892729796118283
2.7573973061097883 0.084643094099410232

2.7573973061097883 0.084643094099410232
2.7542780783879448 0.084391971738340857

2.7542780783879448 0.084391971738340857
2.7521558205294365 0.084219148489778614

2.7521558205294365 0.084219148489778614
2.7511588506661009 0.084137353381696256

2.7511588506661009 0.084137353381696256
2.7480396229442574 0.083882377882343234

2.7480396229442574 0.083882377882343234
2.7449203952224139 0.083624485154425332

2.7449203952224139 0.083624485154425332
2.74180116750057 0.083364780536569982

2.74180116750057 0.083364780536569982
2.7386819397787265 0.083103621301294353

2.7386819397787265 0.083103621301294353
2.7355627120568826 0.082841277116286041

2.7355627120568826 0.082841277116286041
2.7324434843350391 0.082578177225230753

2.7324434843350391 0.082578177225230753
2.7293242566131957 0.082314882394973088

2.7293242566131957 0.082314882394973088
2.7262050288913517 0.082052260129459709

2.7262050288913517 0.082052260129459709
2.7230858011695083 0.081791502135074426

2.7230858011695083 0.081791502135074426
2.7199665734476643 0.08153390555812301

2.7199665734476643 0.08153390555812301
2.7168473457258209 0.08128106909562155

2.7168473457258209 0.08128106909562155
2.7145668768935236 0.081099920767934958

2.7145668768935236 0.081099920767934958
2.7137281180039774 0.081032694141517703

2.7137281180039774 0.081032694141517703
2.7106088902821335 0.080792380353687146

2.7106088902821335 0.080792380353687146
2.70748966256029 0.080558622670080529

2.70748966256029 0.080558622670080529
2.7043704348384461 0.080333547517582607

2.7043704348384461 0.080333547517582607
2.7012512071166026 0.080118365017334395

2.7012512071166026 0.080118365017334395
2.6981319793947591 0.079914040619921231

2.6981319793947591 0.079914040619921231
2.6950127516729152 0.079721214677136387

2.6950127516729152 0.079721214677136387
2.6918935239510717 0.079540227720865678

2.6918935239510717 0.079540227720865678
2.6887742962292278 0.079371204063785547

2.6887742962292278 0.079371204063785547
2.6856550685073843 0.079214036278812752

2.6856550685073843 0.079214036278812752
2.6825358407855409 0.079068535613396232

2.6825358407855409 0.079068535613396232
2.6794166130636969 0.078934550824799263

2.6794166130636969 0.078934550824799263
2.6762973853418535 0.078811859544928378

2.6762973853418535 0.078811859544928378
2.6731781576200095 0.078700225631221893

2.6731781576200095 0.078700225631221893
2.6700589298981661 0.078599402444066976

2.6700589298981661 0.078599402444066976
2.6669397021763226 0.078509148018266056

2.6669397021763226 0.078509148018266056
2.6638204744544787 0.078429322806437093

2.6638204744544787 0.078429322806437093
2.6607012467326352 0.078359984130671717

2.6607012467326352 0.078359984130671717
2.6575820190107917 0.078301491792890421

2.6575820190107917 0.078301491792890421
2.6544627912889478 0.078254558300204322

2.6544627912889478 0.078254558300204322
2.6513435635671043 0.078220254889953364

2.6513435635671043 0.078220254889953364
2.6482243358452604 0.078199975685016049

2.6482243358452604 0.078199975685016049
2.6451051081234169 0.078195310513381786

2.6451051081234169 0.078195310513381786
2.6419858804015734 0.078207846091554414

2.6419858804015734 0.078207846091554414
2.6388666526797295 0.07823899960524118

2.6388666526797295 0.07823899960524118
2.6357474249578861 0.078289985715355337

2.6357474249578861 0.078289985715355337
2.6326281972360421 0.078361889280335606

2.6326281972360421 0.078361889280335606
2.6295089695141987 0.078455690323517555

2.6295089695141987 0.078455690323517555
2.6263897417923552 0.078572167365624057

2.6263897417923552 0.078572167365624057
2.6232705140705113 0.078711806627057818

2.6232705140705113 0.078711806627057818
2.6201512863486678 0.078874850665642135

2.6201512863486678 0.078874850665642135
2.6170320586268239 0.0790613710197164

2.6170320586268239 0.0790613710197164
2.6139128309049804 0.079271178420255425

2.6139128309049804 0.079271178420255425
2.6107936031831369 0.079503707763540057

2.6107936031831369 0.079503707763540057
2.607674375461293 0.079758147992569833

2.607674375461293 0.079758147992569833
2.6045551477394495 0.080033752115365661

2.6045551477394495 0.080033752115365661
2.6014359200176056 0.080329805223130893

2.6014359200176056 0.080329805223130893
2.5983166922957621 0.080645125819637314

2.5983166922957621 0.080645125819637314
2.5951974645739186 0.080976887964833932

2.5951974645739186 0.080976887964833932
2.5941116356761631 0.081099920767934958

2.5941116356761631 0.081099920767934958
2.5920782368520747 0.081328496039895545

2.5920782368520747 0.081328496039895545
2.5889590091302312 0.081691744926325624

2.5889590091302312 0.081691744926325624
2.5858397814083873 0.082068827093459376

2.5858397814083873 0.082068827093459376
2.5827205536865439 0.082458570949744209

2.5827205536865439 0.082458570949744209
2.5796013259647004 0.082861269110932709

2.5796013259647004 0.082861269110932709
2.5764820982428565 0.083276161516454658

2.5764820982428565 0.083276161516454658
2.573362870521013 0.08370235428871553

2.573362870521013 0.08370235428871553
2.5702436427991691 0.084137451961755552

2.5702436427991691 0.084137451961755552
2.569687685943145 0.084219148489778614

2.569687685943145 0.084219148489778614
2.5671244150773256 0.084587264831867376

2.5671244150773256 0.084587264831867376
2.5640051873554821 0.085044555977881547

2.5640051873554821 0.085044555977881547
2.5608859596336382 0.085513181442572569

2.5608859596336382 0.085513181442572569
2.5577667319117947 0.085993325049772848

2.5577667319117947 0.085993325049772848
2.5546475041899508 0.086484794807953111

2.5546475041899508 0.086484794807953111
2.5515282764681073 0.08698468530603426

2.5515282764681073 0.08698468530603426
2.5493791825776979 0.087338376211622271

2.5493791825776979 0.087338376211622271
2.5484090487462638 0.087500635926496401

2.5484090487462638 0.087500635926496401
2.5452898210244199 0.088018972242033283

2.5452898210244199 0.088018972242033283
2.5421705933025764 0.088549679903359713

2.5421705933025764 0.088549679903359713
2.5390513655807325 0.089089357227170193

2.5390513655807325 0.089089357227170193
2.535932137858889 0.089636808856685818

2.535932137858889 0.089636808856685818
2.5328129101370456 0.09018725770350991

2.5328129101370456 0.09018725770350991
2.5313237041037535 0.090457603933465913

2.5313237041037535 0.090457603933465913
2.5296936824152016 0.090752975994884466

2.5296936824152016 0.090752975994884466
2.5265744546933582 0.091314837634424967

2.5265744546933582 0.091314837634424967
2.5234552269715143 0.091883793361105762

2.5234552269715143 0.091883793361105762
2.5203359992496708 0.092455343351029506

2.5203359992496708 0.092455343351029506
2.5172167715278273 0.093028740095016799

2.5172167715278273 0.093028740095016799
2.5142366608635016 0.09357683165530957

2.5142366608635016 0.09357683165530957
2.5140975438059834 0.093603534995823787

2.5140975438059834 0.093603534995823787
2.5109783160841399 0.094174392588546818

2.5109783160841399 0.094174392588546818
2.507859088362296 0.094743245251933991

2.507859088362296 0.094743245251933991
2.5047398606404525 0.095307774620520244

2.5047398606404525 0.095307774620520244
2.501620632918609 0.095865772663904655

2.501620632918609 0.095865772663904655
2.4985014051967651 0.096411590548644607

2.4985014051967651 0.096411590548644607
2.4968780853642389 0.096696059377153226

2.4968780853642389 0.096696059377153226
2.4953821774749216 0.09695861897213344

2.4953821774749216 0.09695861897213344
2.4922629497530777 0.09748891202778838

2.4922629497530777 0.09748891202778838
2.4891437220312342 0.098010545249585287

2.4891437220312342 0.098010545249585287
2.4860244943093908 0.098520509031508177

2.4860244943093908 0.098520509031508177
2.4829052665875468 0.099020233740879357

2.4829052665875468 0.099020233740879357
2.4797860388657034 0.099505960344966241

2.4797860388657034 0.099505960344966241
2.4777837731460393 0.099815287098996869

2.4777837731460393 0.099815287098996869
2.4766668111438599 0.099989752177811239

2.4766668111438599 0.099989752177811239
2.473547583422016 0.10045898531582464

2.473547583422016 0.10045898531582464
2.4704283557001725 0.10091793773198636

2.4704283557001725 0.10091793773198636
2.4673091279783286 0.10136600457295367

2.4673091279783286 0.10136600457295367
2.4641899002564851 0.10180480401220066

2.4641899002564851 0.10180480401220066
2.4610706725346416 0.10223290722444409

2.4610706725346416 0.10223290722444409
2.4579514448127977 0.10264477498463767

2.4579514448127977 0.10264477498463767
2.4556988836930156 0.10293451482084053

2.4556988836930156 0.10293451482084053
2.4548322170909542 0.10304757657213959

2.4548322170909542 0.10304757657213959
2.4517129893691103 0.10343390375225976

2.4517129893691103 0.10343390375225976
2.4485937616472668 0.10380561679904855

2.4485937616472668 0.10380561679904855
2.4454745339254234 0.10416163056905491

2.4454745339254234 0.10416163056905491
2.4423553062035794 0.10450198852384628

2.4423553062035794 0.10450198852384628
2.439236078481736 0.1048264051884357

2.439236078481736 0.1048264051884357
2.436116850759892 0.10513400792850529

2.436116850759892 0.10513400792850529
2.4329976230380486 0.10542420078306457

2.4329976230380486 0.10542420078306457
2.4298783953162051 0.10569669739316623

2.4298783953162051 0.10569669739316623
2.4267591675943612 0.10595148303555138

2.4267591675943612 0.10595148303555138
2.4254523616154664 0.10605374254268418

2.4254523616154664 0.10605374254268418
2.4236399398725177 0.1061950616119991

2.4236399398725177 0.1061950616119991
2.4205207121506738 0.10642568041212261

2.4205207121506738 0.10642568041212261
2.4174014844288303 0.10664112775433468

2.4174014844288303 0.10664112775433468
2.4142822567069868 0.10684015377544497

2.4142822567069868 0.10684015377544497
2.4111630289851429 0.10702635153163269

2.4111630289851429 0.10702635153163269
2.4080438012632994 0.1072005066337212

2.4080438012632994 0.1072005066337212
2.4049245735414555 0.1073607413942914

2.4049245735414555 0.1073607413942914
2.401805345819612 0.10750502968198536

2.401805345819612 0.10750502968198536
2.3986861180977685 0.10763311406768089

2.3986861180977685 0.10763311406768089
2.3955668903759246 0.10774511531891216

2.3955668903759246 0.10774511531891216
2.3924476626540812 0.10783975379137209

2.3924476626540812 0.10783975379137209
2.3893284349322372 0.10791462656428163

2.3893284349322372 0.10791462656428163
2.3862092072103938 0.10796742984316748

2.3862092072103938 0.10796742984316748
2.3830899794885503 0.1079967619604662

2.3830899794885503 0.1079967619604662
2.3799707517667064 0.10800212844708178

2.3799707517667064 0.10800212844708178
2.3768515240448629 0.1079834978684482

2.3768515240448629 0.1079834978684482
2.373732296323019 0.10794095245189529

2.373732296323019 0.10794095245189529
2.3706130686011755 0.1078746775018475

2.3706130686011755 0.1078746775018475
2.367493840879332 0.10778535653169696

2.367493840879332 0.10778535653169696
2.3643746131574881 0.10767444922125151

2.3643746131574881 0.10767444922125151
2.3612553854356446 0.10754430783224821

2.3612553854356446 0.10754430783224821
2.3581361577138007 0.10739708640092123

2.3581361577138007 0.10739708640092123
2.3550169299919572 0.1072338212129077

2.3550169299919572 0.1072338212129077
2.3518977022701137 0.1070550990760179

2.3518977022701137 0.1070550990760179
2.3487784745482698 0.10686144469459409

2.3487784745482698 0.10686144469459409
2.3456592468264263 0.10665315806268777

2.3456592468264263 0.10665315806268777
2.3425400191045824 0.10643006881519436

2.3425400191045824 0.10643006881519436
2.339420791382739 0.10619200355233009

2.339420791382739 0.10619200355233009
2.3377401229564438 0.10605374254268418

2.3377401229564438 0.10605374254268418
2.3363015636608955 0.10593512362570479

2.3363015636608955 0.10593512362570479
2.3331823359390516 0.10566329451146882

2.3331823359390516 0.10566329451146882
2.3300631082172081 0.10537336246061807

2.3300631082172081 0.10537336246061807
2.3269438804953642 0.10506395546226996

2.3269438804953642 0.10506395546226996
2.3238246527735207 0.10473380012481012

2.3238246527735207 0.10473380012481012
2.3207054250516772 0.10438181029302801

2.3207054250516772 0.10438181029302801
2.3175861973298333 0.10400758455477505

2.3175861973298333 0.10400758455477505
2.3144669696079898 0.10361149274171573

2.3144669696079898 0.10361149274171573
2.3113477418861459 0.1031954621671074

2.3113477418861459 0.1031954621671074
2.3094991149825526 0.10293451482084053

2.3094991149825526 0.10293451482084053
2.3082285141643024 0.10275383534991024

2.3082285141643024 0.10275383534991024
2.3051092864424589 0.10229970328901222

2.3051092864424589 0.10229970328901222
2.301990058720615 0.10182645759500401

2.301990058720615 0.10182645759500401
2.2988708309987715 0.10133782667137266

2.2988708309987715 0.10133782667137266
2.2957516032769281 0.10083527659913935

2.2957516032769281 0.10083527659913935
2.2926323755550841 0.10032024307833748

2.2926323755550841 0.10032024307833748
2.2896426707704798 0.099815287098996869

2.2896426707704798 0.099815287098996869
2.2895131478332407 0.099792518719049816

2.2895131478332407 0.099792518719049816
2.2863939201113967 0.09925644775037519

2.2863939201113967 0.09925644775037519
2.2832746923895533 0.098710648638351009

2.2832746923895533 0.098710648638351009
2.2801554646677098 0.098155428285187529

2.2801554646677098 0.098155428285187529
2.2770362369458659 0.097589879366636656

2.2770362369458659 0.097589879366636656
2.2739170092240224 0.097015891819615729

2.2739170092240224 0.097015891819615729
2.272243265715399 0.096696059377153226

2.272243265715399 0.096696059377153226
2.2707977815021785 0.096418719829023683

2.2707977815021785 0.096418719829023683
2.267678553780335 0.095818470744610848

2.267678553780335 0.095818470744610848
2.2645593260584915 0.095199286519615872

2.2645593260584915 0.095199286519615872
2.2614400983366476 0.094563136301461792

2.2614400983366476 0.094563136301461792
2.2583208706148041 0.093913413742416726

2.2583208706148041 0.093913413742416726
2.2567818094949814 0.09357683165530957

2.2567818094949814 0.09357683165530957
2.2552016428929602 0.093231241032930984

2.2552016428929602 0.093231241032930984
2.2520824151711167 0.0925444011426136

2.2520824151711167 0.0925444011426136
2.2489631874492733 0.091835060774496602

2.2489631874492733 0.091835060774496602
2.2458439597274293 0.091108984427008419

2.2458439597274293 0.091108984427008419
2.2431110161974179 0.090457603933465913

2.2431110161974179 0.090457603933465913
2.2427247320055859 0.090361150686464525

2.2427247320055859 0.090361150686464525
2.2396055042837419 0.089608309503810879

2.2396055042837419 0.089608309503810879
2.2364862765618985 0.08883880794626077

2.2364862765618985 0.08883880794626077
2.233367048840055 0.088059411056954875

2.233367048840055 0.088059411056954875
2.2305160946995035 0.087338376211622271

2.2305160946995035 0.087338376211622271
2.2302478211182111 0.087266753272938605

2.2302478211182111 0.087266753272938605
2.2271285933963676 0.086475154640539731

2.2271285933963676 0.086475154640539731
2.2240093656745237 0.085674725185464942

2.2240093656745237 0.085674725185464942
2.2208901379526802 0.084871193533078579

2.2208901379526802 0.084871193533078579
2.2183854270679153 0.084219148489778614

2.2183854270679153 0.084219148489778614
2.2177709102308367 0.084052568442299733

2.2177709102308367 0.084052568442299733
2.2146516825089928 0.083245386988151218

2.2146516825089928 0.083245386988151218
2.2115324547871493 0.082426827564819907

2.2115324547871493 0.082426827564819907
2.2084132270653054 0.08160667006931939

2.2084132270653054 0.08160667006931939
2.2065387097152183 0.081099920767934958

2.2065387097152183 0.081099920767934958
2.2052939993434619 0.080758636772043091

2.2052939993434619 0.080758636772043091
2.2021747716216185 0.079922053547460487

2.2021747716216185 0.079922053547460487
2.1990555438997745 0.079064532696647663

2.1990555438997745 0.079064532696647663
2.1959363161779311 0.078200541357386327

2.1959363161779311 0.078200541357386327
2.1951977917638499 0.077980693046091315

2.1951977917638499 0.077980693046091315
2.1928170884560871 0.077298208260929688

2.1928170884560871 0.077298208260929688
2.1896978607342437 0.076392002255194089

2.1896978607342437 0.076392002255194089
2.1865786330124002 0.075469981932509686

2.1865786330124002 0.075469981932509686
2.1845941589636526 0.074861465324247659

2.1845941589636526 0.074861465324247659
2.1834594052905563 0.074505802838820773

2.1834594052905563 0.074505802838820773
2.1803401775687128 0.07355124036561668

2.1803401775687128 0.07355124036561668
2.1772209498468689 0.072570497535106401

2.1772209498468689 0.072570497535106401
2.1746373813122748 0.071742237602404002

2.1746373813122748 0.071742237602404002
2.1741017221250254 0.071560864517879075

2.1741017221250254 0.071560864517879075
2.1709824944031819 0.070559993620403966

2.1709824944031819 0.070559993620403966
2.167863266681338 0.069539083548533609

2.167863266681338 0.069539083548533609
2.1650940093484783 0.068623009880560346

2.1650940093484783 0.068623009880560346
2.1647440389594945 0.068499260362067049

2.1647440389594945 0.068499260362067049
2.1616248112376506 0.067469114636342725

2.1616248112376506 0.067469114636342725
2.1585055835158071 0.066425701661648198

2.1585055835158071 0.066425701661648198
2.1557725589345944 0.065503782158716703

2.1557725589345944 0.065503782158716703
2.1553863557939636 0.065364640995492829

2.1553863557939636 0.065364640995492829
2.1522671280721197 0.064316103936070318

2.1522671280721197 0.064316103936070318
2.1491479003502763 0.063253695772978999

2.1491479003502763 0.063253695772978999
2.1466320835621038 0.06238455443687304

2.1466320835621038 0.06238455443687304
2.1460286726284323 0.062164344557876228

2.1460286726284323 0.062164344557876228
2.1429094449065889 0.061091561342484627

2.1429094449065889 0.061091561342484627
2.1397902171847454 0.060001202808719782

2.1397902171847454 0.060001202808719782
2.137749458652793 0.05926532671502939

2.137749458652793 0.05926532671502939
2.1366709894629015 0.058865042844111183

2.1366709894629015 0.058865042844111183
2.133551761741058 0.057749680014201478

2.133551761741058 0.057749680014201478
2.1304325340192141 0.056615781860889225

2.1304325340192141 0.056615781860889225
2.1292250994460091 0.056146098993185733

2.1292250994460091 0.056146098993185733
2.1273133062973706 0.055417736273182333

2.1273133062973706 0.055417736273182333
2.1241940785755271 0.054233315323794724

2.1241940785755271 0.054233315323794724
2.1211055305462287 0.053026871271342084

2.1211055305462287 0.053026871271342084
2.1210748508536832 0.053013605055081903

2.1210748508536832 0.053013605055081903
2.1179556231318397 0.051772020064228028

2.1179556231318397 0.051772020064228028
2.1148363954099962 0.050522315063723386

2.1148363954099962 0.050522315063723386
2.1133950593758124 0.049907643549498434

2.1133950593758124 0.049907643549498434
2.1117171676881523 0.049197153267398798

2.1117171676881523 0.049197153267398798
2.1085979399663088 0.047902533396095702

2.1085979399663088 0.047902533396095702
2.1059995617519438 0.046788415827654778

2.1059995617519438 0.046788415827654778
2.1054787122444649 0.046547730077771549

2.1054787122444649 0.046547730077771549
2.1023594845226214 0.045213748447612855

2.1023594845226214 0.045213748447612855
2.099240256800778 0.04386151522810873

2.099240256800778 0.04386151522810873
2.0988426303664154 0.043669188105811128

2.0988426303664154 0.043669188105811128
2.0961210290789341 0.042460900581229227

2.0961210290789341 0.042460900581229227
2.0930018013570906 0.041091889006368981

2.0930018013570906 0.041091889006368981
2.0918538796236836 0.040549960383967479

2.0918538796236836 0.040549960383967479
2.0898825736352467 0.039647003368236865

2.0898825736352467 0.039647003368236865
2.0867633459134032 0.038259384986906092

2.0867633459134032 0.038259384986906092
2.0849966930333355 0.037430732662123822

2.0849966930333355 0.037430732662123822
2.0836441181915597 0.036785909783791544

2.0836441181915597 0.036785909783791544
2.0805248904697158 0.035372679586007781

2.0805248904697158 0.035372679586007781
2.0782827198090561 0.034311504940280173

2.0782827198090561 0.034311504940280173
2.0774056627478723 0.033873435266770259

2.0774056627478723 0.033873435266770259
2.0742864350260284 0.032423730087994387

2.0742864350260284 0.032423730087994387
2.0717373649934032 0.03119227721843652

2.0717373649934032 0.03119227721843652
2.0711672073041849 0.030893720938709145

2.0711672073041849 0.030893720938709145
2.0680479795823414 0.02939794760073396

2.0680479795823414 0.02939794760073396
2.0653801986866673 0.02807304949659287

2.0653801986866673 0.02807304949659287
2.0649287518604975 0.02782694163944794

2.0649287518604975 0.02782694163944794
2.061809524138654 0.026285790617174835

2.061809524138654 0.026285790617174835
2.0592061737689473 0.024953821774749217

2.0592061737689473 0.024953821774749217
2.0586902964168101 0.024664926337845672

2.0586902964168101 0.024664926337845672
2.0555710686949666 0.023086717144625714

2.0555710686949666 0.023086717144625714
2.0531993657115977 0.021834594052905568

2.0531993657115977 0.021834594052905568
2.0524518409731232 0.021410502116878984

2.0524518409731232 0.021410502116878984
2.0493326132512792 0.019807123678700959

2.0493326132512792 0.019807123678700959
2.0473293386507518 0.018715366331061915

2.0473293386507518 0.018715366331061915
2.0462133855294358 0.018082307171924088

2.0462133855294358 0.018082307171924088
2.0430941578075918 0.016462358722326334

2.0430941578075918 0.016462358722326334
2.0415567849105685 0.01559613860921826

2.0415567849105685 0.01559613860921826
2.0399749300857484 0.014706260497459475

2.0399749300857484 0.014706260497459475
2.0368557023639049 0.013067388288474665

2.0368557023639049 0.013067388288474665
2.0358462978649348 0.012476910887374609

2.0358462978649348 0.012476910887374609
2.033736474642061 0.011302870547645493

2.033736474642061 0.011302870547645493
2.0306172469202175 0.0096319188278125127

2.0306172469202175 0.0096319188278125127
2.0301688808666665 0.0093576831655309556

2.0301688808666665 0.0093576831655309556
2.0274980191983736 0.0078839253227259657

2.0274980191983736 0.0078839253227259657
2.0245049174630991 0.0062384554436873043

2.0245049174630991 0.0062384554436873043
2.0243787914765301 0.0061592759352399528

2.0243787914765301 0.0061592759352399528
2.0212595637546866 0.0044618574583309475

2.0212595637546866 0.0044618574583309475
2.0188322817499671 0.0031192277218436517

2.0188322817499671 0.0031192277218436517
2.0181403360328427 0.0027047381942832188

2.0181403360328427 0.0027047381942832188
2.0150211083109992 0.0010533283773767749

2.0150211083109992 0.0010533283773767749
2.0131290513554769 0

2.0131290513554769 0
2.0119018805891553 -0.00070377277480830874

2.0119018805891553 -0.00070377277480830874
2.0087826528673118 -0.0023260813711463635

2.0087826528673118 -0.0023260813711463635
2.0073634485324896 -0.0031192277218436521

2.0073634485324896 -0.0031192277218436521
2.0056634251454684 -0.0040570039895535415

2.0056634251454684 -0.0040570039895535415
2.0025441974236244 -0.0056532902887146512

2.0025441974236244 -0.0056532902887146512
2.0014899511647766 -0.0062384554436873043

2.0014899511647766 -0.0062384554436873043
1.9994249697017812 -0.0073345411821638864

1.9994249697017812 -0.0073345411821638864
1.9963057419799375 -0.0088946906057550505

1.9963057419799375 -0.0088946906057550505
1.9954503213298804 -0.0093576831655309573

1.9954503213298804 -0.0093576831655309573
1.9931865142580938 -0.010511317076345011

1.9931865142580938 -0.010511317076345011
1.9900672865362501 -0.0120167394281209

1.9900672865362501 -0.0120167394281209
1.9891737437216488 -0.012476910887374609

1.9891737437216488 -0.012476910887374609
1.9869480588144066 -0.013562085056969871

1.9869480588144066 -0.013562085056969871
1.9838288310925629 -0.014996839684780678

1.9838288310925629 -0.014996839684780678
1.9825714966289707 -0.015596138609218262

1.9825714966289707 -0.015596138609218262
1.9807096033707192 -0.016462182822867051

1.9807096033707192 -0.016462182822867051
1.9775903756488755 -0.017819685016401403

1.9775903756488755 -0.017819685016401403
1.9755181915496056 -0.018715366331061911

1.9755181915496056 -0.018715366331061911
1.9744711479270318 -0.019183405508196041

1.9744711479270318 -0.019183405508196041
1.9713519202051883 -0.020442296054909718

1.9713519202051883 -0.020442296054909718
1.9682326924833446 -0.021655319060709589

1.9682326924833446 -0.021655319060709589
1.9677856432773753 -0.021834594052905564

1.9677856432773753 -0.021834594052905564
1.9651134647615009 -0.022832383022539895

1.9651134647615009 -0.022832383022539895
1.9619942370396573 -0.023938699366161699

1.9619942370396573 -0.023938699366161699
1.958957681545384 -0.024953821774749217

1.958957681545384 -0.024953821774749217
1.9588750093178136 -0.024983734962998775

1.9588750093178136 -0.024983734962998775
1.9557557815959701 -0.025955558677059488

1.9557557815959701 -0.025955558677059488
1.9526365538741264 -0.026866629695150697

1.9526365538741264 -0.026866629695150697
1.9495173261522827 -0.027698481627111509

1.9495173261522827 -0.027698481627111509
1.9480111327944241 -0.028073049496592867

1.9480111327944241 -0.028073049496592867
1.946398098430439 -0.028472121101783009

1.946398098430439 -0.028472121101783009
1.9432788707085953 -0.029157012230077897

1.9432788707085953 -0.029157012230077897
1.9401596429867518 -0.02977368392081154

1.9401596429867518 -0.02977368392081154
1.9370404152649081 -0.030309866241307725

1.9370404152649081 -0.030309866241307725
1.9339211875430644 -0.030763738688521225

1.9339211875430644 -0.030763738688521225
1.9308019598212207 -0.031134582736515964

1.9308019598212207 -0.031134582736515964
1.9301911070731699 -0.03119227721843652

1.9301911070731699 -0.03119227721843652
1.927682732099377 -0.031425057029835633

1.927682732099377 -0.031425057029835633
1.9245635043775335 -0.031632184818124638

1.9245635043775335 -0.031632184818124638
1.9214442766556898 -0.031756810403186231

1.9214442766556898 -0.031756810403186231
1.9183250489338461 -0.031796522419356439

1.9183250489338461 -0.031796522419356439
1.9152058212120024 -0.031750967570864645

1.9152058212120024 -0.031750967570864645
1.9120865934901587 -0.031620931761541855

1.9120865934901587 -0.031620931761541855
1.9089673657683153 -0.031406509530145413

1.9089673657683153 -0.031406509530145413
1.9067014367987383 -0.03119227721843652

1.9067014367987383 -0.03119227721843652
1.9058481380464716 -0.031110481164962633

1.9058481380464716 -0.031110481164962633
1.9027289103246279 -0.030738597902765494

1.9027289103246279 -0.030738597902765494
1.8996096826027842 -0.030285263629834053

1.8996096826027842 -0.030285263629834053
1.8964904548809407 -0.029755626316841401

1.8964904548809407 -0.029755626316841401
1.893371227159097 -0.029153928866512181

1.893371227159097 -0.029153928866512181
1.8902519994372533 -0.028487047703257638

1.8902519994372533 -0.028487047703257638
1.8885200238782087 -0.028073049496592867

1.8885200238782087 -0.028073049496592867
1.8871327717154096 -0.027738382001212248

1.8871327717154096 -0.027738382001212248
1.8840135439935659 -0.026947027794437736

1.8840135439935659 -0.026947027794437736
1.8808943162717224 -0.026090553779121586

1.8808943162717224 -0.026090553779121586
1.8777750885498787 -0.025187892113277665

1.8777750885498787 -0.025187892113277665
1.8770516009043492 -0.024953821774749217

1.8770516009043492 -0.024953821774749217
1.874655860828035 -0.024209457746129728

1.874655860828035 -0.024209457746129728
1.8715366331061913 -0.023199356583264517

1.8715366331061913 -0.023199356583264517
1.8684174053843476 -0.022155159156027344

1.8684174053843476 -0.022155159156027344
1.8675473624161665 -0.021834594052905564

1.8675473624161665 -0.021834594052905564
1.8652981776625042 -0.021037130826581173

1.8652981776625042 -0.021037130826581173
1.8621789499406605 -0.019909227860161829

1.8621789499406605 -0.019909227860161829
1.8590597222188168 -0.01874277354963098

1.8590597222188168 -0.01874277354963098
1.8589949793362033 -0.018715366331061911

1.8589949793362033 -0.018715366331061911
1.8559404944969731 -0.017540091867849196

1.8559404944969731 -0.017540091867849196
1.8528212667751294 -0.016326184903682692

1.8528212667751294 -0.016326184903682692
1.8510355364849878 -0.015596138609218262

1.8510355364849878 -0.015596138609218262
1.8497020390532859 -0.01504226419169743

1.8497020390532859 -0.01504226419169743
1.8465828113314422 -0.01378584219205262

1.8465828113314422 -0.01378584219205262
1.8434635836095985 -0.012489124879903311

1.8434635836095985 -0.012489124879903311
1.8434376356504241 -0.012476910887374609

1.8434376356504241 -0.012476910887374609
1.8403443558877548 -0.011171051748687504

1.8403443558877548 -0.011171051748687504
1.8372251281659111 -0.0098620533625907308

1.8372251281659111 -0.0098620533625907308
1.8361062691069692 -0.0093576831655309573

1.8361062691069692 -0.0093576831655309573
1.8341059004440676 -0.0084834018570620982

1.8341059004440676 -0.0084834018570620982
1.8309866727222239 -0.0071535759069887642

1.8309866727222239 -0.0071535759069887642
1.8289218645488619 -0.0062384554436873043

1.8289218645488619 -0.0062384554436873043
1.8278674450003802 -0.0057534969935715552

1.8278674450003802 -0.0057534969935715552
1.8247482172785365 -0.0044052702660616712

1.8247482172785365 -0.0044052702660616712
1.8218244012995219 -0.0031192277218436521

1.8218244012995219 -0.0031192277218436521
1.8216289895566928 -0.0030241460624129283

1.8216289895566928 -0.0030241460624129283
1.8185097618348494 -0.0016668132609449886

1.8185097618348494 -0.0016668132609449886
1.8153905341130057 -0.00032816910816450953

1.8153905341130057 -0.00032816910816450953
1.8153905341130057 -0.00032816910816450953

1.8153905341130057 -0.00032816910816450953
1.8146820668564003 0

1.8146820668564003 0
1.812271306391162 0.0010498209420295068

1.812271306391162 0.0010498209420295068
1.8091520786693183 0.0023643786878082542

1.8091520786693183 0.0023643786878082542
1.8074022701500492 0.0031192277218436517

1.8074022701500492 0.0031192277218436517
1.8060328509474748 0.0037173546517321751

1.8060328509474748 0.0037173546517321751
1.8029136232256311 0.0049934014776123227

1.8029136232256311 0.0049934014776123227
1.799859259979947 0.0062384554436873043

1.799859259979947 0.0062384554436873043
1.7997943955037874 0.0062677252817674028

1.7997943955037874 0.0062677252817674028
1.7966751677819437 0.0075112418022974491

1.7966751677819437 0.0075112418022974491
1.7935559400601 0.0087179711553192971

1.7935559400601 0.0087179711553192971
1.7919269065924515 0.0093576831655309556

1.7919269065924515 0.0093576831655309556
1.7904367123382565 0.0099449100871515216

1.7904367123382565 0.0099449100871515216
1.7873174846164128 0.011104179778874183

1.7873174846164128 0.011104179778874183
1.7841982568945691 0.012239487674292738

1.7841982568945691 0.012239487674292738
1.7835785299646165 0.012476910887374609

1.7835785299646165 0.012476910887374609
1.7810790291727254 0.013381414371881496

1.7810790291727254 0.013381414371881496
1.7779598014508817 0.014483337002470117

1.7779598014508817 0.014483337002470117
1.7748405737290383 0.015568361394072971

1.7748405737290383 0.015568361394072971
1.7747659202121757 0.01559613860921826

1.7747659202121757 0.01559613860921826
1.7717213460071946 0.01663576622271239

1.7717213460071946 0.01663576622271239
1.7686021182853509 0.017675773545154892

1.7686021182853509 0.017675773545154892
1.7654828905635072 0.01869124672131196

1.7654828905635072 0.01869124672131196
1.765413137128701 0.018715366331061915

1.765413137128701 0.018715366331061915
1.7623636628416635 0.01968846526682428

1.7623636628416635 0.01968846526682428
1.75924443511982 0.020656551322106972

1.75924443511982 0.020656551322106972
1.7561252073979763 0.021582997184765425

1.7561252073979763 0.021582997184765425
1.7552917084166306 0.021834594052905568

1.7552917084166306 0.021834594052905568
1.7530059796761326 0.022500261515535237

1.7530059796761326 0.022500261515535237
1.7498867519542889 0.023368810613010299

1.7498867519542889 0.023368810613010299
1.7467675242324452 0.024206588237082827

1.7467675242324452 0.024206588237082827
1.7438590050152831 0.024953821774749217

1.7438590050152831 0.024953821774749217
1.7436482965106017 0.025011046956457186

1.7436482965106017 0.025011046956457186
1.740529068788758 0.025771108377464814

1.740529068788758 0.025771108377464814
1.7374098410669143 0.026497609647783586

1.7374098410669143 0.026497609647783586
1.7342906133450706 0.027189806755826881

1.7342906133450706 0.027189806755826881
1.7311713856232269 0.027843531717039006

1.7311713856232269 0.027843531717039006
1.7300516762155402 0.02807304949659287

1.7300516762155402 0.02807304949659287
1.7280521579013834 0.028476545188028387

1.7280521579013834 0.028476545188028387
1.7249329301795397 0.029070237951367761

1.7249329301795397 0.029070237951367761
1.721813702457696 0.029637221704593195

1.721813702457696 0.029637221704593195
1.7186944747358524 0.030174515148082136

1.7186944747358524 0.030174515148082136
1.7155752470140089 0.030686084767293335

1.7155752470140089 0.030686084767293335
1.7124560192921652 0.031173966777608381

1.7124560192921652 0.031173966777608381
1.7123376113188815 0.03119227721843652

1.7123376113188815 0.03119227721843652
1.7093367915703215 0.031639873261609996

1.7093367915703215 0.031639873261609996
1.7062175638484778 0.032079783838730988

1.7062175638484778 0.032079783838730988
1.7030983361266341 0.032492499675492413

1.7030983361266341 0.032492499675492413
1.6999791084047906 0.032873816235420447

1.6999791084047906 0.032873816235420447
1.6968598806829469 0.03321982068977971

1.6968598806829469 0.03321982068977971
1.6937406529611032 0.033529951991416646

1.6937406529611032 0.033529951991416646
1.6906214252392595 0.033804007069612535

1.6906214252392595 0.033804007069612535
1.6875021975174158 0.034039541173068545

1.6875021975174158 0.034039541173068545
1.6843829697955723 0.034232926423929527

1.6843829697955723 0.034232926423929527
1.6828014725791012 0.034311504940280173

1.6828014725791012 0.034311504940280173
1.6812637420737286 0.034387813737070824

1.6812637420737286 0.034387813737070824
1.6781445143518849 0.034504496404856456

1.6781445143518849 0.034504496404856456
1.6750252866300412 0.034580638490016073

1.6750252866300412 0.034580638490016073
1.6719060589081975 0.034616861067039727

1.6719060589081975 0.034616861067039727
1.6687868311863541 0.034615503388391831

1.6687868311863541 0.034615503388391831
1.6656676034645104 0.034576638265659543

1.6656676034645104 0.034576638265659543
1.6625483757426667 0.034500926510273672

1.6625483757426667 0.034500926510273672
1.659429148020823 0.034390304520772491

1.659429148020823 0.034390304520772491
1.6577464320778201 0.034311504940280173

1.6577464320778201 0.034311504940280173
1.6563099202989793 0.034244075148472289

1.6563099202989793 0.034244075148472289
1.6531906925771358 0.034064101766410726

1.6531906925771358 0.034064101766410726
1.6500714648552921 0.033851294752939083

1.6500714648552921 0.033851294752939083
1.6469522371334484 0.033605921579534272

1.6469522371334484 0.033605921579534272
1.6438330094116047 0.033327428799235843

1.6438330094116047 0.033327428799235843
1.640713781689761 0.033015374969269248

1.640713781689761 0.033015374969269248
1.6375945539679175 0.032669724024151865

1.6375945539679175 0.032669724024151865
1.6344753262460738 0.032290182729892015

1.6344753262460738 0.032290182729892015
1.6313560985242301 0.031875979276972374

1.6313560985242301 0.031875979276972374
1.6282368708023864 0.031429089820311125

1.6282368708023864 0.031429089820311125
1.626724047400548 0.03119227721843652

1.626724047400548 0.03119227721843652
1.625117643080543 0.030940761774023266

1.625117643080543 0.030940761774023266
1.6219984153586993 0.030425475197799545

1.6219984153586993 0.030425475197799545
1.6188791876368556 0.029873156675911974

1.6188791876368556 0.029873156675911974
1.6157599599150119 0.029285014021907519

1.6157599599150119 0.029285014021907519
1.6126407321931682 0.028661067521785807

1.6126407321931682 0.028661067521785807
1.6098667273715965 0.02807304949659287

1.6098667273715965 0.02807304949659287
1.6095215044713247 0.027996602092373576

1.6095215044713247 0.027996602092373576
1.606402276749481 0.027304424544326317

1.606402276749481 0.027304424544326317
1.6032830490276373 0.026576647011610176

1.6032830490276373 0.026576647011610176
1.6001638213057936 0.025816536309788026

1.6001638213057936 0.025816536309788026
1.5970445935839499 0.025028909242990671

1.5970445935839499 0.025028909242990671
1.5967752253577403 0.024953821774749217

1.5967752253577403 0.024953821774749217
1.5939253658621064 0.02420177812625263

1.5939253658621064 0.02420177812625263
1.5908061381402627 0.023349977351314152

1.5908061381402627 0.023349977351314152
1.587686910418419 0.022472757320336809

1.587686910418419 0.022472757320336809
1.5855199148907904 0.021834594052905568

1.5855199148907904 0.021834594052905568
1.5845676826965753 0.021545500424437265

1.5845676826965753 0.021545500424437265
1.5814484549747316 0.020613815393197236

1.5814484549747316 0.020613815393197236
1.5783292272528882 0.019644608562366977

1.5783292272528882 0.019644608562366977
1.5754358151376286 0.018715366331061915

1.5754358151376286 0.018715366331061915
1.5752099995310445 0.018637379484007177

1.5752099995310445 0.018637379484007177
1.5720907718092008 0.017607922362061906

1.5720907718092008 0.017607922362061906
1.5689715440873571 0.016541638594730117

1.5689715440873571 0.016541638594730117
1.5663025788083278 0.01559613860921826

1.5663025788083278 0.01559613860921826
1.5658523163655134 0.015425633724343992

1.5658523163655134 0.015425633724343992
1.5627330886436699 0.014297942926059039

1.5627330886436699 0.014297942926059039
1.5596138609218262 0.013135518186198271

1.5596138609218262 0.013135518186198271
1.5579583435114013 0.012476910887374609

1.5579583435114013 0.012476910887374609
1.5564946331999825 0.011890069131087843

1.5564946331999825 0.011890069131087843
1.5533754054781388 0.010652444584241565

1.5533754054781388 0.010652444584241565
1.5502561777562953 0.0093623537857603339

1.5502561777562953 0.0093623537857603339
1.5502561777562953 0.0093623537857603339

1.5502561777562953 0.0093623537857603339
1.5502463520096164 0.0093576831655309556

1.5502463520096164 0.0093576831655309556
1.5471369500344516 0.0080336533339918706

1.5471369500344516 0.0080336533339918706
1.5440177223126079 0.0066920506864644258

1.5440177223126079 0.0066920506864644258
1.5430610884938913 0.0062384554436873043

1.5430610884938913 0.0062384554436873043
1.5408984945907642 0.0052564909163875188

1.5408984945907642 0.0052564909163875188
1.5377792668689205 0.0038521912587167646

1.5377792668689205 0.0038521912587167646
1.5362695909424431 0.0031192277218436517

1.5362695909424431 0.0031192277218436517
1.534660039147077 0.0023397949352101841

1.534660039147077 0.0023397949352101841
1.5315408114252334 0.00088198569491194445

1.5315408114252334 0.00088198569491194445
1.5297828535195905 0

1.5297828535195905 0
1.5284215837033897 -0.00069498005869688231

1.5284215837033897 -0.00069498005869688231
1.525302355981546 -0.0022078251163618967

1.525302355981546 -0.0022078251163618967
1.5235607311075259 -0.0031192277218436521

1.5235607311075259 -0.0031192277218436521
1.5221831282597023 -0.0038523104984398578

1.5221831282597023 -0.0038523104984398578
1.5190639005378588 -0.0054176257137750336

1.5190639005378588 -0.0054176257137750336
1.517568174031295 -0.0062384554436873043

1.517568174031295 -0.0062384554436873043
1.5159446728160151 -0.0071256295478537898

1.5159446728160151 -0.0071256295478537898
1.5128254450941714 -0.0087470467669584252

1.5128254450941714 -0.0087470467669584252
1.5117827334020846 -0.0093576831655309573

1.5117827334020846 -0.0093576831655309573
1.5097062173723277 -0.010519116758073984

1.5097062173723277 -0.010519116758073984
1.506586989650484 -0.012224018429728235

1.506586989650484 -0.012224018429728235
1.5061896248891538 -0.012476910887374609

1.5061896248891538 -0.012476910887374609
1.5034677619286405 -0.014030421248900027

1.5034677619286405 -0.014030421248900027
1.5007706208402596 -0.015596138609218262

1.5007706208402596 -0.015596138609218262
1.5003485342067968 -0.015870017340083861

1.5003485342067968 -0.015870017340083861
1.4972293064849531 -0.017646832394959473

1.4972293064849531 -0.017646832394959473
1.4954962796280229 -0.018715366331061911

1.4954962796280229 -0.018715366331061911
1.4941100787631094 -0.01958602202097031

1.4941100787631094 -0.01958602202097031
1.4909908510412657 -0.021396892855426654

1.4909908510412657 -0.021396892855426654
1.4903412142835379 -0.021834594052905564

1.4903412142835379 -0.021834594052905564
1.4878716233194222 -0.023356032273890513

1.4878716233194222 -0.023356032273890513
1.4852983790710528 -0.024953821774749217

1.4852983790710528 -0.024953821774749217
1.4847523955975785 -0.025329222481453882

1.4847523955975785 -0.025329222481453882
1.4816331678757348 -0.027199804789811578

1.4816331678757348 -0.027199804789811578
1.4803280086894131 -0.028073049496592867

1.4803280086894131 -0.028073049496592867
1.4785139401538911 -0.029255512980151874

1.4785139401538911 -0.029255512980151874
1.4754360178040427 -0.03119227721843652

1.4754360178040427 -0.03119227721843652
1.4753947124320475 -0.03122223809679325

1.4753947124320475 -0.03122223809679325
1.472275484710204 -0.033192629486712234

1.472275484710204 -0.033192629486712234
1.4706252995462161 -0.034311504940280173

1.4706252995462161 -0.034311504940280173
1.4691562569883603 -0.035318619164845057

1.4691562569883603 -0.035318619164845057
1.4660370292665166 -0.037318837916542828

1.4660370292665166 -0.037318837916542828
1.4658870231117591 -0.037430732662123829

1.4658870231117591 -0.037430732662123829
1.4629178015446729 -0.039381972194164568

1.4629178015446729 -0.039381972194164568
1.4612613426629508 -0.040549960383967479

1.4612613426629508 -0.040549960383967479
1.4597985738228294 -0.041594071713334131

1.4597985738228294 -0.041594071713334131
1.4567128482662812 -0.043669188105811135

1.4567128482662812 -0.043669188105811135
1.4566793461009857 -0.043695010674935544

1.4566793461009857 -0.043695010674935544
1.453560118379142 -0.045806610207908258

1.453560118379142 -0.045806610207908258
1.4522409545697386 -0.046788415827654785

1.4522409545697386 -0.046788415827654785
1.4504408906572983 -0.048097399016474543

1.4504408906572983 -0.048097399016474543
1.447884962375481 -0.049907643549498434

1.447884962375481 -0.049907643549498434
1.4473216629354546 -0.050345997052083098

1.4473216629354546 -0.050345997052083098
1.4442024352136111 -0.052475419090598954

1.4442024352136111 -0.052475419090598954
1.4434958746793076 -0.053026871271342091

1.4434958746793076 -0.053026871271342091
1.4410832074917674 -0.054769051089979544

1.4410832074917674 -0.054769051089979544
1.4392475429356473 -0.05614609899318574

1.4392475429356473 -0.05614609899318574
1.4379639797699237 -0.057136561341885807

1.4379639797699237 -0.057136561341885807
1.4349858376814153 -0.05926532671502939

1.4349858376814153 -0.05926532671502939
1.43484475204808 -0.059378762152901547

1.43484475204808 -0.059378762152901547
1.4317255243262363 -0.06158064073134862

1.4317255243262363 -0.06158064073134862
1.4306968954336812 -0.062384554436873046

1.4306968954336812 -0.062384554436873046
1.4286062966043929 -0.06393810243124648

1.4286062966043929 -0.06393810243124648
1.4265006017682116 -0.065503782158716689

1.4265006017682116 -0.065503782158716689
1.4254870688825492 -0.06629792196901306

1.4254870688825492 -0.06629792196901306
1.4223678411607055 -0.068495424781522082

1.4223678411607055 -0.068495424781522082
1.4222087030872403 -0.068623009880560346

1.4222087030872403 -0.068623009880560346
1.4192486134388618 -0.070730303074078169

1.4192486134388618 -0.070730303074078169
1.4179262556704708 -0.071742237602403988

1.4179262556704708 -0.071742237602403988
1.4161293857170181 -0.073085115095089637

1.4161293857170181 -0.073085115095089637
1.413658933501196 -0.074861465324247645

1.413658933501196 -0.074861465324247645
1.4130101579951746 -0.075368723918651778

1.4130101579951746 -0.075368723918651778
1.4098909302733309 -0.077496998234282216

1.4098909302733309 -0.077496998234282216
1.4092676124992669 -0.077980693046091301

1.4092676124992669 -0.077980693046091301
1.4067717025514872 -0.079753072908219216

1.4067717025514872 -0.079753072908219216
1.4049294205521634 -0.081099920767934958

1.4049294205521634 -0.081099920767934958
1.4036524748296435 -0.082061190330236428

1.4036524748296435 -0.082061190330236428
1.4005332471077998 -0.0842005366111198

1.4005332471077998 -0.0842005366111198
1.4005093946113141 -0.0842191484897786

1.4005093946113141 -0.0842191484897786
1.3974140193859563 -0.086332857922608627

1.3974140193859563 -0.086332857922608627
1.3960446425142754 -0.087338376211622257

1.3960446425142754 -0.087338376211622257
1.3942947916641126 -0.088596560895431678

1.3942947916641126 -0.088596560895431678
1.3915566308437266 -0.090457603933465913

1.3915566308437266 -0.090457603933465913
1.3911755639422689 -0.090746020003073746

1.3911755639422689 -0.090746020003073746
1.3880563362204252 -0.092770273180774188

1.3880563362204252 -0.092770273180774188
1.3869293654527501 -0.093576831655309556

1.3869293654527501 -0.093576831655309556
1.3849371084985815 -0.094936418206159473

1.3849371084985815 -0.094936418206159473
1.3822335192502562 -0.096696059377153212

1.3822335192502562 -0.096696059377153212
1.3818178807767381 -0.096997209433040896

1.3818178807767381 -0.096997209433040896
1.3786986530548944 -0.098913294981369027

1.3786986530548944 -0.098913294981369027
1.3773236832005773 -0.099815287098996869

1.3773236832005773 -0.099815287098996869
1.3755794253330507 -0.10093517986554344

1.3755794253330507 -0.10093517986554344
1.372460197611207 -0.10276214381565447

1.372460197611207 -0.10276214381565447
1.3721979626773571 -0.10293451482084051

1.3721979626773571 -0.10293451482084051
1.3693409698893635 -0.10458679575270269

1.3693409698893635 -0.10458679575270269
1.3667056314761903 -0.10605374254268417

1.3667056314761903 -0.10605374254268417
1.3662217421675198 -0.10635043115933221

1.3662217421675198 -0.10635043115933221
1.3631025144456761 -0.10796055148471499

1.3631025144456761 -0.10796055148471499
1.3606954008615897 -0.10917297026452782

1.3606954008615897 -0.10917297026452782
1.3599832867238324 -0.10955637758438554

1.3599832867238324 -0.10955637758438554
1.3568640590019887 -0.11099807771181416

1.3568640590019887 -0.11099807771181416
1.3539399893043833 -0.11229219798637147

1.3539399893043833 -0.11229219798637147
1.3537448312801452 -0.11238740933461416

1.3537448312801452 -0.11238740933461416
1.3506256035583015 -0.11366613260368374

1.3506256035583015 -0.11366613260368374
1.3475063758364578 -0.11485092981966404

1.3475063758364578 -0.11485092981966404
1.3459653259408255 -0.11541142570821512

1.3459653259408255 -0.11541142570821512
1.3443871481146141 -0.11598268309446309

1.3443871481146141 -0.11598268309446309
1.3412679203927704 -0.11699111265618097

1.3412679203927704 -0.11699111265618097
1.338148692670927 -0.11791621802964683

1.338148692670927 -0.11791621802964683
1.3358496990849209 -0.11853065343005878

1.3358496990849209 -0.11853065343005878
1.3350294649490833 -0.11875609281276109

1.3350294649490833 -0.11875609281276109
1.3319102372272396 -0.11948090868727747

1.3319102372272396 -0.11948090868727747
1.3287910095053959 -0.12011714302293675

1.3287910095053959 -0.12011714302293675
1.3256717817835522 -0.12064873666195763

1.3256717817835522 -0.12064873666195763
1.3225525540617087 -0.12107061405119628

1.3225525540617087 -0.12107061405119628
1.319433326339865 -0.12137897654751742

1.319433326339865 -0.12137897654751742
1.3163140986180213 -0.1215691036446893

1.3163140986180213 -0.1215691036446893
1.3131948708961776 -0.12163756778242278

1.3131948708961776 -0.12163756778242278
1.3100756431743339 -0.12159058422123925

1.3100756431743339 -0.12159058422123925
1.3069564154524904 -0.12143155535698108

1.3069564154524904 -0.12143155535698108
1.3038371877306467 -0.12115286092039243

1.3038371877306467 -0.12115286092039243
1.300717960008803 -0.12075406249931819

1.300717960008803 -0.12075406249931819
1.2975987322869593 -0.12023706839363162

1.2975987322869593 -0.12023706839363162
1.2944795045651156 -0.11959815867359117

1.2944795045651156 -0.11959815867359117
1.2913602768432721 -0.11884321271952228

1.2913602768432721 -0.11884321271952228
1.2902871444018054 -0.11853065343005878

1.2902871444018054 -0.11853065343005878
1.2882410491214284 -0.11794520647657443

1.2882410491214284 -0.11794520647657443
1.2851218213995848 -0.11695448334203518

1.2851218213995848 -0.11695448334203518
1.2820025936777411 -0.11586499829282744

1.2820025936777411 -0.11586499829282744
1.2808817219897781 -0.11541142570821512

1.2808817219897781 -0.11541142570821512
1.2788833659558976 -0.11462172338237049

1.2788833659558976 -0.11462172338237049
1.2757641382340539 -0.11331810867793482

1.2757641382340539 -0.11331810867793482
1.2735388669705232 -0.11229219798637147

1.2735388669705232 -0.11229219798637147
1.2726449105122102 -0.111857024793479

1.2726449105122102 -0.111857024793479
1.2695256827903665 -0.11036727856852968

1.2695256827903665 -0.11036727856852968
1.267246459008337 -0.10917297026452782

1.267246459008337 -0.10917297026452782
1.2664064550685228 -0.10870296888417677

1.2664064550685228 -0.10870296888417677
1.2632872273466793 -0.10706029376680257

1.2632872273466793 -0.10706029376680257
1.2615810902372526 -0.10605374254268417

1.2615810902372526 -0.10605374254268417
1.2601679996248356 -0.1052060071882769

1.2601679996248356 -0.1052060071882769
1.2570487719029919 -0.10343616651959604

1.2570487719029919 -0.10343616651959604
1.2563002465138866 -0.10293451482084051

1.2563002465138866 -0.10293451482084051
1.2539295441811482 -0.10146435518607411

1.2539295441811482 -0.10146435518607411
1.2513214092083369 -0.099815287098996869

1.2513214092083369 -0.099815287098996869
1.2508103164593045 -0.099456130807824214

1.2508103164593045 -0.099456130807824214
1.247691088737461 -0.097528975096011009

1.247691088737461 -0.097528975096011009
1.2465095669778257 -0.096696059377153212

1.2465095669778257 -0.096696059377153212
1.2445718610156173 -0.095380807437733514

1.2445718610156173 -0.095380807437733514
1.2418734578900725 -0.093576831655309556

1.2418734578900725 -0.093576831655309556
1.2414526332937736 -0.093262821382509672

1.2414526332937736 -0.093262821382509672
1.2383334055719299 -0.091222481065529215

1.2383334055719299 -0.091222481065529215
1.2373092493003117 -0.090457603933465913

1.2373092493003117 -0.090457603933465913
1.2352141778500862 -0.088971719667643653

1.2352141778500862 -0.088971719667643653
1.2329167811271546 -0.087338376211622257

1.2329167811271546 -0.087338376211622257
1.2320949501282428 -0.086710067330765708

1.2320949501282428 -0.086710067330765708
1.2289757224063991 -0.084588079954100434

1.2289757224063991 -0.084588079954100434
1.2285059006796999 -0.0842191484897786

1.2285059006796999 -0.0842191484897786
1.2258564946845554 -0.08232867500843874

1.2258564946845554 -0.08232867500843874
1.2242274780567033 -0.081099920767934958

1.2242274780567033 -0.081099920767934958
1.2227372669627117 -0.079968119761359521

1.2227372669627117 -0.079968119761359521
1.2199482273974211 -0.077980693046091301

1.2199482273974211 -0.077980693046091301
1.219618039240868 -0.077719124181923394

1.219618039240868 -0.077719124181923394
1.2164988115190245 -0.075565413303492424

1.2164988115190245 -0.075565413303492424
1.2155876140732333 -0.074861465324247645

1.2155876140732333 -0.074861465324247645
1.2133795837971808 -0.073261165926346447

1.2133795837971808 -0.073261165926346447
1.2112726817758952 -0.071742237602403988

1.2112726817758952 -0.071742237602403988
1.2102603560753371 -0.070973440401310178

1.2102603560753371 -0.070973440401310178
1.2071411283534934 -0.06888117992057731

1.2071411283534934 -0.06888117992057731
1.2068037005532046 -0.068623009880560346

1.2068037005532046 -0.068623009880560346
1.2040219006316497 -0.066725558407759372

1.2040219006316497 -0.066725558407759372
1.2022877604695454 -0.065503782158716689

1.2022877604695454 -0.065503782158716689
1.2009026729098062 -0.064511121695768267

1.2009026729098062 -0.064511121695768267
1.1977834451879625 -0.062484908307377268

1.1977834451879625 -0.062484908307377268
1.1976481905675633 -0.062384554436873046

1.1976481905675633 -0.062384554436873046
1.1946642174661188 -0.060449064574839138

1.1946642174661188 -0.060449064574839138
1.1928936640355556 -0.05926532671502939

1.1928936640355556 -0.05926532671502939
1.1915449897442751 -0.05834415379061178

1.1915449897442751 -0.05834415379061178
1.1884257620224317 -0.056433826649996084

1.1884257620224317 -0.056433826649996084
1.1880153958123116 -0.05614609899318574

1.1880153958123116 -0.05614609899318574
1.185306534300588 -0.054452714141658816

1.185306534300588 -0.054452714141658816
1.183015490560225 -0.053026871271342091

1.183015490560225 -0.053026871271342091
1.1821873065787443 -0.052472772782574575

1.1821873065787443 -0.052472772782574575
1.1790680788569006 -0.050673594564342124

1.1790680788569006 -0.050673594564342124
1.1778465838483991 -0.049907643549498434

1.1778465838483991 -0.049907643549498434
1.1759488511350569 -0.048758669033365037

1.1759488511350569 -0.048758669033365037
1.1728296234132134 -0.04700171830850209

1.1728296234132134 -0.04700171830850209
1.1724948299562912 -0.046788415827654785

1.1724948299562912 -0.046788415827654785
1.1697103956913697 -0.045212763996314624

1.1697103956913697 -0.045212763996314624
1.1669134649534316 -0.043669188105811135

1.1669134649534316 -0.043669188105811135
1.166591167969526 -0.04347007981610463

1.166591167969526 -0.04347007981610463
1.1634719402476823 -0.0418245082509257

1.1634719402476823 -0.0418245082509257
1.1610566212492814 -0.040549960383967479

1.1610566212492814 -0.040549960383967479
1.1603527125258386 -0.040150105241536414

1.1603527125258386 -0.040150105241536414
1.1572334848039951 -0.038598819150575898

1.1572334848039951 -0.038598819150575898
1.1549027104001541 -0.037430732662123829

1.1549027104001541 -0.037430732662123829
1.1541142570821514 -0.037010061660585868

1.1541142570821514 -0.037010061660585868
1.1509950293603077 -0.035535094908669268

1.1509950293603077 -0.035535094908669268
1.1483975410871108 -0.034311504940280173

1.1483975410871108 -0.034311504940280173
1.147875801638464 -0.03404522614099921

1.147875801638464 -0.03404522614099921
1.1447565739166203 -0.032643115383581112

1.1447565739166203 -0.032643115383581112
1.1416373461947769 -0.031272974574217044

1.1416373461947769 -0.031272974574217044
1.1414669078622177 -0.03119227721843652

1.1414669078622177 -0.03119227721843652
1.1385181184729332 -0.029931626903755629

1.1385181184729332 -0.029931626903755629
1.1353988907510895 -0.028664242363369681

1.1353988907510895 -0.028664242363369681
1.1339543705860791 -0.028073049496592867

1.1339543705860791 -0.028073049496592867
1.1322796630292458 -0.027393986601126345

1.1322796630292458 -0.027393986601126345
1.1291604353074021 -0.026212924314931316

1.1291604353074021 -0.026212924314931316
1.1260412075855586 -0.025076267551105542

1.1260412075855586 -0.025076267551105542
1.125717578407659 -0.024953821774749217

1.125717578407659 -0.024953821774749217
1.1229219798637149 -0.023971709730949507

1.1229219798637149 -0.023971709730949507
1.1198027521418712 -0.022923403336207161

1.1198027521418712 -0.022923403336207161
1.1166835244200275 -0.021924987867541903

1.1166835244200275 -0.021924987867541903
1.1164084664018847 -0.021834594052905564

1.1164084664018847 -0.021834594052905564
1.1135642966981838 -0.020960833452285159

1.1135642966981838 -0.020960833452285159
1.1104450689763403 -0.020053451824153402

1.1104450689763403 -0.020053451824153402
1.1073258412544966 -0.019200706971815688

1.1073258412544966 -0.019200706971815688
1.1054923461134656 -0.018715366331061911

1.1054923461134656 -0.018715366331061911
1.1042066135326529 -0.018371562184857439

1.1042066135326529 -0.018371562184857439
1.1010873858108092 -0.017605034512901494

1.1010873858108092 -0.017605034512901494
1.0979681580889658 -0.016879204433149945

1.0979681580889658 -0.016879204433149945
1.0948489303671221 -0.016200918748544412

1.0948489303671221 -0.016200918748544412
1.0918846954002366 -0.015596138609218262

1.0918846954002366 -0.015596138609218262
1.0917297026452784 -0.015563049352847391

1.0917297026452784 -0.015563049352847391
1.0886104749234347 -0.01496884022738482

1.0886104749234347 -0.01496884022738482
1.085491247201591 -0.014415266923021726

1.085491247201591 -0.014415266923021726
1.0823720194797475 -0.013905025295693261

1.0823720194797475 -0.013905025295693261
1.0792527917579038 -0.013436935312261021

1.0792527917579038 -0.013436935312261021
1.0761335640360601 -0.013010315366907875

1.0761335640360601 -0.013010315366907875
1.0730143363142164 -0.012628035236646651

1.0730143363142164 -0.012628035236646651
1.0716460040769582 -0.012476910887374609

1.0716460040769582 -0.012476910887374609
1.0698951085923727 -0.012284511844233049

1.0698951085923727 -0.012284511844233049
1.0667758808705292 -0.011985732435941839

1.0667758808705292 -0.011985732435941839
1.0636566531486855 -0.011728033501161538

1.0636566531486855 -0.011728033501161538
1.0605374254268418 -0.011515206815156326

1.0605374254268418 -0.011515206815156326
1.0574181977049981 -0.01134958304888033

1.0574181977049981 -0.01134958304888033
1.0542989699831544 -0.011231658968889899

1.0542989699831544 -0.011231658968889899
1.0511797422613109 -0.011160807884923423

1.0511797422613109 -0.011160807884923423
1.0480605145394672 -0.011136213847761058

1.0480605145394672 -0.011136213847761058
1.0449412868176235 -0.01115828273706339

1.0449412868176235 -0.01115828273706339
1.0418220590957799 -0.011228779185526923

1.0418220590957799 -0.011228779185526923
1.0387028313739362 -0.011348806252414904

1.0387028313739362 -0.011348806252414904
1.0355836036520927 -0.011517480674413553

1.0355836036520927 -0.011517480674413553
1.032464375930249 -0.011732758251764373

1.032464375930249 -0.011732758251764373
1.0293451482084053 -0.011993333031283799

1.0293451482084053 -0.011993333031283799
1.0262259204865616 -0.012298846167583838

1.0262259204865616 -0.012298846167583838
1.024663684706854 -0.012476910887374609

1.024663684706854 -0.012476910887374609
1.0231066927647179 -0.01265472153368386

1.0231066927647179 -0.01265472153368386
1.0199874650428744 -0.013051926153997358

1.0199874650428744 -0.013051926153997358
1.0168682373210307 -0.013494180930781072

1.0168682373210307 -0.013494180930781072
1.013749009599187 -0.013981088611186914

1.013749009599187 -0.013981088611186914
1.0106297818773433 -0.014514388303551189

1.0106297818773433 -0.014514388303551189
1.0075105541554998 -0.015094812457064979

1.0075105541554998 -0.015094812457064979
1.0050372687233931 -0.015596138609218262

1.0050372687233931 -0.015596138609218262
1.0043913264336561 -0.015731359060815211

1.0043913264336561 -0.015731359060815211
1.0012720987118124 -0.016406271916040008

1.0012720987118124 -0.016406271916040008
0.99815287098996863 -0.017132947329312399

0.99815287098996863 -0.017132947329312399
0.99503364326812505 -0.017908606367146834

0.99503364326812505 -0.017908606367146834
0.99198576053252729 -0.018715366331061911

0.99198576053252729 -0.018715366331061911
0.99191441554628135 -0.018735567772607379

0.99191441554628135 -0.018735567772607379
0.98879518782443776 -0.019610101532187355

0.98879518782443776 -0.019610101532187355
0.98567596010259406 -0.020535714614333948

0.98567596010259406 -0.020535714614333948
0.98255673238075036 -0.0214982215528528

0.98255673238075036 -0.0214982215528528
0.98156868142821863 -0.021834594052905564

0.98156868142821863 -0.021834594052905564
0.97943750465890678 -0.022539551860940046

0.97943750465890678 -0.022539551860940046
0.97631827693706308 -0.023604763977020098

0.97631827693706308 -0.023604763977020098
0.97319904921521949 -0.024709638169899711

0.97319904921521949 -0.024709638169899711
0.97258475152969603 -0.024953821774749217

0.97258475152969603 -0.024953821774749217
0.97007982149337579 -0.025894823812958691

0.97007982149337579 -0.025894823812958691
0.9669605937715321 -0.027102541897694628

0.9669605937715321 -0.027102541897694628
0.96458487377736735 -0.028073049496592867

0.96458487377736735 -0.028073049496592867
0.96384136604968851 -0.028394689177984017

0.96384136604968851 -0.028394689177984017
0.96072213832784481 -0.029696200087772066

0.96072213832784481 -0.029696200087772066
0.95760291060600122 -0.031060087526333137

0.95760291060600122 -0.031060087526333137
0.95734340886427671 -0.03119227721843652

0.95734340886427671 -0.03119227721843652
0.95448368288415752 -0.032512674685823306

0.95448368288415752 -0.032512674685823306
0.95136445516231394 -0.033988896477217818

0.95136445516231394 -0.033988896477217818
0.9507744736811653 -0.034311504940280173

0.9507744736811653 -0.034311504940280173
0.94824522744047024 -0.035589762022490479

0.94824522744047024 -0.035589762022490479
0.94512599971862654 -0.037197727474141754

0.94512599971862654 -0.037197727474141754
0.94474344456499204 -0.037430732662123829

0.94474344456499204 -0.037430732662123829
0.94200677199678295 -0.038931060556182645

0.94200677199678295 -0.038931060556182645
0.93916128962893053 -0.040549960383967479

0.93916128962893053 -0.040549960383967479
0.93888754427493926 -0.040726599366656617

0.93888754427493926 -0.040726599366656617
0.93576831655309567 -0.042517590529059908

0.93576831655309567 -0.042517590529059908
0.93392991841204054 -0.043669188105811135

0.93392991841204054 -0.043669188105811135
0.93264908883125197 -0.04449698758344181

0.93264908883125197 -0.04449698758344181
0.92952986110940827 -0.046374155042760094

0.92952986110940827 -0.046374155042760094
0.92894564716534911 -0.046788415827654785

0.92894564716534911 -0.046788415827654785
0.92641063338756469 -0.048427052653843818

0.92641063338756469 -0.048427052653843818
0.92421457813357455 -0.049907643549498434

0.92421457813357455 -0.049907643549498434
0.92329140566572099 -0.050574909782240302

0.92329140566572099 -0.050574909782240302
0.9201721779438774 -0.052600953683713543

0.9201721779438774 -0.052600953683713543
0.91961160244963058 -0.053026871271342091

0.91961160244963058 -0.053026871271342091
0.9170529502220337 -0.05480473294877862

0.9170529502220337 -0.05480473294877862
0.91524334091243675 -0.05614609899318574

0.91524334091243675 -0.05614609899318574
0.91393372250019 -0.057145666346742452

0.91393372250019 -0.057145666346742452
0.91100349786238388 -0.05926532671502939

0.91100349786238388 -0.05926532671502939
0.91081449477834642 -0.059419182454382553

0.91081449477834642 -0.059419182454382553
0.90769526705650272 -0.061688400511951368

0.90769526705650272 -0.061688400511951368
0.90685029014572971 -0.062384554436873046

0.90685029014572971 -0.062384554436873046
0.90457603933465913 -0.064163795770367169

0.90457603933465913 -0.064163795770367169
0.90296012781795021 -0.065503782158716689

0.90296012781795021 -0.065503782158716689
0.90145681161281543 -0.066765041401333242

0.90145681161281543 -0.066765041401333242
0.899225874602534 -0.068623009880560346

0.899225874602534 -0.068623009880560346
0.89833758389097185 -0.069401336575034001

0.89833758389097185 -0.069401336575034001
0.89554451866557816 -0.071742237602403988

0.89554451866557816 -0.071742237602403988
0.89521835616912815 -0.072037131530630391

0.89521835616912815 -0.072037131530630391
0.89209912844728445 -0.074702650309757451

0.89209912844728445 -0.074702650309757451
0.89192835286011662 -0.074861465324247645

0.89192835286011662 -0.074861465324247645
0.88897990072544086 -0.077487352771670265

0.88897990072544086 -0.077487352771670265
0.88845801279408554 -0.077980693046091301

0.88845801279408554 -0.077980693046091301
0.88586067300359717 -0.080380284224194215

0.88586067300359717 -0.080380284224194215
0.88511058735503023 -0.081099920767934958

0.88511058735503023 -0.081099920767934958
0.88274144528175358 -0.08335276778453804

0.88274144528175358 -0.08335276778453804
0.88185208960795747 -0.0842191484897786

0.88185208960795747 -0.0842191484897786
0.87962221755990988 -0.086389314580775325

0.87962221755990988 -0.086389314580775325
0.8786609342465499 -0.087338376211622257

0.8786609342465499 -0.087338376211622257
0.87650298983806618 -0.089474232081852262

0.87650298983806618 -0.089474232081852262
0.87551704697529753 -0.090457603933465913

0.87551704697529753 -0.090457603933465913
0.8733837621162226 -0.092594576840082168

0.8733837621162226 -0.092594576840082168
0.87240642369132171 -0.093576831655309556

0.87240642369132171 -0.093576831655309556
0.8702645343943789 -0.09574124270612587

0.8702645343943789 -0.09574124270612587
0.86931965738944017 -0.096696059377153212

0.86931965738944017 -0.096696059377153212
0.86714530667253531 -0.098905206685171304

0.86714530667253531 -0.098905206685171304
0.86624645872358075 -0.099815287098996869

0.86624645872358075 -0.099815287098996869
0.86402607895069161 -0.10207195887788896

0.86402607895069161 -0.10207195887788896
0.86317283501879405 -0.10293451482084051

0.86317283501879405 -0.10293451482084051
0.86090685122884802 -0.10522973969483829

0.86090685122884802 -0.10522973969483829
0.86008895298124832 -0.10605374254268417

0.86008895298124832 -0.10605374254268417
0.85778762350700433 -0.1083674445308959

0.85778762350700433 -0.1083674445308959
0.85698213078908014 -0.10917297026452782

0.85698213078908014 -0.10917297026452782
0.85466839578516063 -0.11146779764989871

0.85466839578516063 -0.11146779764989871
0.85383441182941333 -0.11229219798637147

0.85383441182941333 -0.11229219798637147
0.85154916806331704 -0.1145169311302978

0.85154916806331704 -0.1145169311302978
0.85062925207397255 -0.11541142570821512

0.85062925207397255 -0.11541142570821512
0.84842994034147334 -0.11750198375769901

0.84842994034147334 -0.11750198375769901
0.84734662240845671 -0.11853065343005878

0.84734662240845671 -0.11853065343005878
0.84531071261962976 -0.12041397852256842

0.84531071261962976 -0.12041397852256842
0.84396469015119469 -0.12164988115190242

0.84396469015119469 -0.12164988115190242
0.84219148489778606 -0.12324320922173262

0.84219148489778606 -0.12324320922173262
0.84044267262286487 -0.12476910887374608

0.84044267262286487 -0.12476910887374608
0.83907225717594236 -0.12596341004629136

0.83907225717594236 -0.12596341004629136
0.83666852553549065 -0.12788833659558974

0.83666852553549065 -0.12788833659558974
0.83595302945409877 -0.12849033340189661

0.83595302945409877 -0.12849033340189661
0.83283380173225507 -0.13074450385825484

0.83283380173225507 -0.13074450385825484
0.83250127725278056 -0.13100756431743338

0.83250127725278056 -0.13100756431743338
0.82971457401041149 -0.13295018630074265

0.82971457401041149 -0.13295018630074265
0.82796249828085777 -0.13412679203927705

0.82796249828085777 -0.13412679203927705
0.82659534628856779 -0.13505691390614141

0.82659534628856779 -0.13505691390614141
0.82347611856672409 -0.13681526415345574

0.82347611856672409 -0.13681526415345574
0.82272026268924159 -0.13724601976112069

0.82272026268924159 -0.13724601976112069
0.8203568908448805 -0.13849076867065344

0.8203568908448805 -0.13849076867065344
0.81723766312303681 -0.13989929348879179

0.81723766312303681 -0.13989929348879179
0.81610832466201078 -0.14036524748296433

0.81610832466201078 -0.14036524748296433
0.81411843540119322 -0.14115670868968258

0.81411843540119322 -0.14115670868968258
0.81099920767934952 -0.14218142234803238

0.81099920767934952 -0.14218142234803238
0.80787997995750593 -0.14300928857561929

0.80787997995750593 -0.14300928857561929
0.80544422824977324 -0.143484475204808

0.80544422824977324 -0.143484475204808
0.80476075223566224 -0.14362028134342852

0.80476075223566224 -0.14362028134342852
0.80164152451381854 -0.14400317830290968

0.80164152451381854 -0.14400317830290968
0.79852229679197495 -0.14418572237028779

0.79852229679197495 -0.14418572237028779
0.79540306907013125 -0.14417028246082358

0.79540306907013125 -0.14417028246082358
0.79228384134828767 -0.14396079096273653

0.79228384134828767 -0.14396079096273653
0.78916461362644397 -0.14356591314048364

0.78916461362644397 -0.14356591314048364
0.78873824873309695 -0.143484475204808

0.78873824873309695 -0.143484475204808
0.78604538590460027 -0.14298382059918929

0.78604538590460027 -0.14298382059918929
0.78292615818275668 -0.14222699502887071

0.78292615818275668 -0.14222699502887071
0.77980693046091298 -0.14128829083655917

0.77980693046091298 -0.14128829083655917
0.77721491492682304 -0.14036524748296433

0.77721491492682304 -0.14036524748296433
0.7766877027390694 -0.14016444754776175

0.7766877027390694 -0.14016444754776175
0.7735684750172257 -0.13891192143799466

0.7735684750172257 -0.13891192143799466
0.77044924729538211 -0.13751538227620333

0.77044924729538211 -0.13751538227620333
0.76995441601409953 -0.13724601976112069

0.76995441601409953 -0.13724601976112069
0.76733001957353841 -0.13593220370479805

0.76733001957353841 -0.13593220370479805
0.76421079185169472 -0.13428094929174189

0.76421079185169472 -0.13428094929174189
0.76397081467923855 -0.13412679203927705

0.76397081467923855 -0.13412679203927705
0.76109156412985113 -0.13248216939666699

0.76109156412985113 -0.13248216939666699
0.7586682464102591 -0.13100756431743338

0.7586682464102591 -0.13100756431743338
0.75797233640800743 -0.13054401212547684

0.75797233640800743 -0.13054401212547684
0.75485310868616384 -0.12867096140309189

0.75485310868616384 -0.12867096140309189
0.75373512516385643 -0.12788833659558974

0.75373512516385643 -0.12788833659558974
0.75173388096432014 -0.12654595144473385

0.75173388096432014 -0.12654595144473385
0.74908238394803617 -0.12476910887374608

0.74908238394803617 -0.12476910887374608
0.74861465324247645 -0.1244203057979693

0.74861465324247645 -0.1244203057979693
0.74549542552063286 -0.12236953199920232

0.74549542552063286 -0.12236953199920232
0.74454489233438614 -0.12164988115190242

0.74454489233438614 -0.12164988115190242
0.74237619779878916 -0.12009856169861115

0.74237619779878916 -0.12009856169861115
0.74021447829636788 -0.11853065343005878

0.74021447829636788 -0.11853065343005878
0.73925697007694557 -0.11779377890718237

0.73925697007694557 -0.11779377890718237
0.73613774235510188 -0.11563104245907674

0.73613774235510188 -0.11563104245907674
0.73586254099077031 -0.11541142570821512

0.73586254099077031 -0.11541142570821512
0.73301851463325818 -0.11337233950517812

0.73301851463325818 -0.11337233950517812
0.73162252079462975 -0.11229219798637147

0.73162252079462975 -0.11229219798637147
0.72989928691141459 -0.11097761611201969

0.72989928691141459 -0.11097761611201969
0.72744734407834455 -0.10917297026452782

0.72744734407834455 -0.10917297026452782
0.72678005918957089 -0.10864157088919296

0.72678005918957089 -0.10864157088919296
0.72366083146772731 -0.10645364737479406

0.72366083146772731 -0.10645364737479406
0.72315995697286062 -0.10605374254268417

0.72315995697286062 -0.10605374254268417
0.72054160374588361 -0.10414935195821197

0.72054160374588361 -0.10414935195821197
0.71894900797510253 -0.10293451482084051

0.71894900797510253 -0.10293451482084051
0.71742237602404002 -0.10176727122824514

0.71742237602404002 -0.10176727122824514
0.71470006861262214 -0.099815287098996869

0.71470006861262214 -0.099815287098996869
0.71430314830219632 -0.09950088500797255

0.71430314830219632 -0.09950088500797255
0.71118392058035262 -0.097354334201515166

0.71118392058035262 -0.097354334201515166
0.71032974130336235 -0.096696059377153212

0.71032974130336235 -0.096696059377153212
0.70806469285850904 -0.095068429083685499

0.70806469285850904 -0.095068429083685499
0.70598368416039547 -0.093576831655309556

0.70598368416039547 -0.093576831655309556
0.70494546513666534 -0.092794214308735828

0.70494546513666534 -0.092794214308735828
0.70182623741482175 -0.090716519736055268

0.70182623741482175 -0.090716519736055268
0.7014858685929628 -0.090457603933465913

0.7014858685929628 -0.090457603933465913
0.69870700969297805 -0.088573489630077398

0.69870700969297805 -0.088573489630077398
0.6969402032631028 -0.087338376211622257

0.6969402032631028 -0.087338376211622257
0.69558778197113436 -0.08637325127832482

0.69558778197113436 -0.08637325127832482
0.69246855424929077 -0.084375214025171508

0.69246855424929077 -0.084375214025171508
0.69225493490297962 -0.0842191484897786

0.69225493490297962 -0.0842191484897786
0.68934932652744707 -0.082355803241633621

0.68934932652744707 -0.082355803241633621
0.68741905236808898 -0.081099920767934958

0.68741905236808898 -0.081099920767934958
0.68623009880560348 -0.080296966081467275

0.68623009880560348 -0.080296966081467275
0.68311087108375979 -0.078448671350700661

0.68311087108375979 -0.078448671350700661
0.68240907979909005 -0.077980693046091301

0.68240907979909005 -0.077980693046091301
0.6799916433619162 -0.076504853173679152

0.6799916433619162 -0.076504853173679152
0.67720577139583493 -0.074861465324247645

0.67720577139583493 -0.074861465324247645
0.6768724156400725 -0.074640850918587576

0.6768724156400725 -0.074640850918587576
0.6737531879182288 -0.072889945494160335

0.6737531879182288 -0.072889945494160335
0.67174892737122527 -0.071742237602403988

0.67174892737122527 -0.071742237602403988
0.67063396019638521 -0.071077755832238201

0.67063396019638521 -0.071077755832238201
0.66751473247454152 -0.069436942722962441

0.66751473247454152 -0.069436942722962441
0.66604977733564252 -0.068623009880560346

0.66604977733564252 -0.068623009880560346
0.66439550475269793 -0.067713197777455075

0.66439550475269793 -0.067713197777455075
0.66127627703085423 -0.066145981061775952

0.66127627703085423 -0.066145981061775952
0.66007322737341778 -0.065503782158716689

0.66007322737341778 -0.065503782158716689
0.65815704930901053 -0.064512935478636679

0.65815704930901053 -0.064512935478636679
0.65503782158716695 -0.063015424302670348

0.65503782158716695 -0.063015424302670348
0.65378835446552019 -0.062384554436873046

0.65378835446552019 -0.062384554436873046
0.65191859386532325 -0.061465101674562768

0.65191859386532325 -0.061465101674562768
0.64879936614347966 -0.060035141921787757

0.64879936614347966 -0.060035141921787757
0.64716706858339668 -0.05926532671502939

0.64716706858339668 -0.05926532671502939
0.64568013842163596 -0.05856128074457273

0.64568013842163596 -0.05856128074457273
0.64256091069979226 -0.0571950932044899

0.64256091069979226 -0.0571950932044899
0.64016839583830998 -0.05614609899318574

0.64016839583830998 -0.05614609899318574
0.63944168297794868 -0.055808134210882369

0.63944168297794868 -0.055808134210882369
0.63632245525610498 -0.05450571810017351

0.63632245525610498 -0.05450571810017351
0.63320322753426139 -0.05323409824846085

0.63320322753426139 -0.05323409824846085
0.63272442897917391 -0.053026871271342091

0.63272442897917391 -0.053026871271342091
0.63008399981241769 -0.051965287137736266

0.63008399981241769 -0.051965287137736266
0.62696477209057411 -0.050759404741798853

0.62696477209057411 -0.050759404741798853
0.62473460888096233 -0.049907643549498434

0.62473460888096233 -0.049907643549498434
0.62384554436873041 -0.049553973908344554

0.62384554436873041 -0.049553973908344554
0.62072631664688671 -0.048421743557806575

0.62072631664688671 -0.048421743557806575
0.61760708892504312 -0.047321134212557958

0.61760708892504312 -0.047321134212557958
0.61610558035271934 -0.046788415827654785

0.61610558035271934 -0.046788415827654785
0.61448786120319943 -0.046217108978665045

0.61448786120319943 -0.046217108978665045
0.61136863348135584 -0.045178187015435738

0.61136863348135584 -0.045178187015435738
0.60824940575951214 -0.044168557085244989

0.60824940575951214 -0.044168557085244989
0.60670777850147195 -0.043669188105811135

0.60670777850147195 -0.043669188105811135
0.60513017803766844 -0.043159256546485295

0.60513017803766844 -0.043159256546485295
0.60201095031582486 -0.042208590723242019

0.60201095031582486 -0.042208590723242019
0.59889172259398116 -0.041281897354042744

0.59889172259398116 -0.041281897354042744
0.5963557496292563 -0.040549960383967479

0.5963557496292563 -0.040549960383967479
0.59577249487213757 -0.040373858886662825

0.59577249487213757 -0.040373858886662825
0.59265326715029387 -0.039514807133184622

0.59265326715029387 -0.039514807133184622
0.58953403942845028 -0.038681192994830485

0.58953403942845028 -0.038681192994830485
0.58641481170660659 -0.037886562224072322

0.58641481170660659 -0.037886562224072322
0.58458000616538242 -0.037430732662123829

0.58458000616538242 -0.037430732662123829
0.58329558398476289 -0.037108520857659637

0.58329558398476289 -0.037108520857659637
0.5801763562629193 -0.036381207288562881

0.5801763562629193 -0.036381207288562881
0.5770571285410756 -0.035681994243250408

0.5770571285410756 -0.035681994243250408
0.57393790081923202 -0.03501781916299164

0.57393790081923202 -0.03501781916299164
0.57081867309738832 -0.034389384402865118

0.57081867309738832 -0.034389384402865118
0.57042979340805378 -0.034311504940280173

0.57042979340805378 -0.034311504940280173
0.56769944537554462 -0.033785133182536238

0.56769944537554462 -0.033785133182536238
0.56458021765370103 -0.033213131071152931

0.56458021765370103 -0.033213131071152931
0.56146098993185733 -0.032668429869589538

0.56146098993185733 -0.032668429869589538
0.55834176221001375 -0.032150368022838133

0.55834176221001375 -0.032150368022838133
0.55522253448817005 -0.031656670768763044

0.55522253448817005 -0.031656670768763044
0.55215360498994304 -0.03119227721843652

0.55215360498994304 -0.03119227721843652
0.55210330676632646 -0.031184383598094608

0.55210330676632646 -0.031184383598094608
0.54898407904448276 -0.030732901516410477

0.54898407904448276 -0.030732901516410477
0.54586485132263907 -0.030301117806124801

0.54586485132263907 -0.030301117806124801
0.54274562360079548 -0.029889027697966412

0.54274562360079548 -0.029889027697966412
0.53962639587895178 -0.029496549783510437

0.53962639587895178 -0.029496549783510437
0.53650716815710819 -0.029124384927514839

0.53650716815710819 -0.029124384927514839
0.5333879404352645 -0.028773025622752371

0.5333879404352645 -0.028773025622752371
0.5302687127134208 -0.028443048258887303

0.5302687127134208 -0.028443048258887303
0.52714948499157721 -0.028136591470398074

0.52714948499157721 -0.028136591470398074
0.52646112934466038 -0.028073049496592867

0.52646112934466038 -0.028073049496592867
0.52403025726973351 -0.027851723692940714

0.52403025726973351 -0.027851723692940714
0.52091102954788993 -0.027592554910247962

0.52091102954788993 -0.027592554910247962
0.51779180182604623 -0.027358589527697943

0.51779180182604623 -0.027358589527697943
0.51467257410420253 -0.027150590801610176

0.51467257410420253 -0.027150590801610176
0.51155334638235894 -0.026968619037462442

0.51155334638235894 -0.026968619037462442
0.50843411866051524 -0.026811791023187034

0.50843411866051524 -0.026811791023187034
0.50531489093867166 -0.026678514029341516

0.50531489093867166 -0.026678514029341516
0.50219566321682796 -0.026567620873749233

0.50219566321682796 -0.026567620873749233
0.49907643549498437 -0.026478605042492474

0.49907643549498437 -0.026478605042492474
0.49595720777314067 -0.026410827286608183

0.49595720777314067 -0.026410827286608183
0.49283798005129703 -0.026363069252255643

0.49283798005129703 -0.026363069252255643
0.48971875232945339 -0.026334202492158228

0.48971875232945339 -0.026334202492158228
0.48659952460760969 -0.026323938992507453

0.48659952460760969 -0.026323938992507453
0.48348029688576605 -0.026332825598104476

0.48348029688576605 -0.026332825598104476
0.48036106916392241 -0.02636160322151624

0.48036106916392241 -0.02636160322151624
0.47724184144207876 -0.026410735264063026

0.47724184144207876 -0.026410735264063026
0.47412261372023512 -0.026480724350061866

0.47412261372023512 -0.026480724350061866
0.47100338599839148 -0.026572959536480516

0.47100338599839148 -0.026572959536480516
0.46788415827654778 -0.026689248751393248

0.46788415827654778 -0.026689248751393248
0.46476493055470414 -0.026830499585067426

0.46476493055470414 -0.026830499585067426
0.46164570283286049 -0.026996847955981118

0.46164570283286049 -0.026996847955981118
0.45852647511101685 -0.027188982326189839

0.45852647511101685 -0.027188982326189839
0.45540724738917321 -0.027408721086935192

0.45540724738917321 -0.027408721086935192
0.45228801966732957 -0.027657117956315137

0.45228801966732957 -0.027657117956315137
0.44916879194548587 -0.027933180698661544

0.44916879194548587 -0.027933180698661544
0.44775041283519795 -0.028073049496592867

0.44775041283519795 -0.028073049496592867
0.44604956422364223 -0.028240591860130525

0.44604956422364223 -0.028240591860130525
0.44293033650179858 -0.028572958602195778

0.44293033650179858 -0.028572958602195778
0.43981110877995494 -0.02893273099580769

0.43981110877995494 -0.02893273099580769
0.4366918810581113 -0.029317855878946815

0.4366918810581113 -0.029317855878946815
0.4335726533362676 -0.029727186945630937

0.4335726533362676 -0.029727186945630937
0.43045342561442396 -0.030160301025122554

0.43045342561442396 -0.030160301025122554
0.42733419789258031 -0.030617551237512631

0.42733419789258031 -0.030617551237512631
0.42421497017073667 -0.031096833168366325

0.42421497017073667 -0.031096833168366325
0.42364255993886135 -0.03119227721843652

0.42364255993886135 -0.03119227721843652
0.42109574244889303 -0.03160643892397607

0.42109574244889303 -0.03160643892397607
0.41797651472704939 -0.032137581439531639

0.41797651472704939 -0.032137581439531639
0.41485728700520569 -0.032694044150822978

0.41485728700520569 -0.032694044150822978
0.41173805928336205 -0.033276139451668865

0.41173805928336205 -0.033276139451668865
0.4086188315615184 -0.033882351992311682

0.4086188315615184 -0.033882351992311682
0.40652386483095726 -0.034311504940280173

0.40652386483095726 -0.034311504940280173
0.40549960383967476 -0.034525328227952679

0.40549960383967476 -0.034525328227952679
0.40238037611783112 -0.035184674587452176

0.40238037611783112 -0.035184674587452176
0.39926114839598748 -0.035878676328620317

0.39926114839598748 -0.035878676328620317
0.39614192067414378 -0.03660322539214006

0.39614192067414378 -0.03660322539214006
0.39302269295230013 -0.037354955728127366

0.39302269295230013 -0.037354955728127366
0.3927375277530053 -0.037430732662123829

0.3927375277530053 -0.037430732662123829
0.38990346523045649 -0.038145922404493257

0.38990346523045649 -0.038145922404493257
0.38678423750861285 -0.038962347475690953

0.38678423750861285 -0.038962347475690953
0.38366500978676921 -0.039808408225634216

0.38366500978676921 -0.039808408225634216
0.38103399622113893 -0.040549960383967479

0.38103399622113893 -0.040549960383967479
0.38054578206492556 -0.040694754440269446

0.38054578206492556 -0.040694754440269446
0.37742655434308187 -0.04159468260793768

0.37742655434308187 -0.04159468260793768
0.37430732662123822 -0.04253075268694876

0.37430732662123822 -0.04253075268694876
0.37118809889939458 -0.043486942895332642

0.37118809889939458 -0.043486942895332642
0.37064743497581543 -0.043669188105811135

0.37064743497581543 -0.043669188105811135
0.36806887117755094 -0.044493979366378104

0.36806887117755094 -0.044493979366378104
0.3649496434557073 -0.045516503624200989

0.3649496434557073 -0.045516503624200989
0.36183041573386365 -0.046556693231739874

0.36183041573386365 -0.046556693231739874
0.3611977177715715 -0.046788415827654785

0.3611977177715715 -0.046788415827654785
0.35871118801201995 -0.047653092164775333

0.35871118801201995 -0.047653092164775333
0.35559196029017631 -0.04875941989057047

0.35559196029017631 -0.04875941989057047
0.35247273256833267 -0.049895324924727938

0.35247273256833267 -0.049895324924727938
0.35244274931812952 -0.049907643549498434

0.35244274931812952 -0.049907643549498434
0.34935350484648903 -0.051062074359993617

0.34935350484648903 -0.051062074359993617
0.34623427712464538 -0.052247017918068732

0.34623427712464538 -0.052247017918068732
0.34427151794317601 -0.053026871271342091

0.34427151794317601 -0.053026871271342091
0.34311504940280169 -0.053499022846883501

0.34311504940280169 -0.053499022846883501
0.33999582168095804 -0.054732397838145527

0.33999582168095804 -0.054732397838145527
0.3368765939591144 -0.056000111204672014

0.3368765939591144 -0.056000111204672014
0.33655738367384191 -0.05614609899318574

0.33655738367384191 -0.05614609899318574
0.33375736623727076 -0.057321318267339536

0.33375736623727076 -0.057321318267339536
0.33063813851542712 -0.058636631994398648

0.33063813851542712 -0.058636631994398648
0.32924841757957618 -0.05926532671502939

0.32924841757957618 -0.05926532671502939
0.32751891079358347 -0.060039125474734313

0.32751891079358347 -0.060039125474734313
0.32439968307173978 -0.061406169522391016

0.32439968307173978 -0.061406169522391016
0.32228222244697541 -0.062384554436873046

0.32228222244697541 -0.062384554436873046
0.32128045534989613 -0.062867987447606008

0.32128045534989613 -0.062867987447606008
0.31816122762805249 -0.064292500943738257

0.31816122762805249 -0.064292500943738257
0.31562467897689106 -0.065503782158716689

0.31562467897689106 -0.065503782158716689
0.31504199990620885 -0.065804882944724974

0.31504199990620885 -0.065804882944724974
0.3119227721843652 -0.067291825390070309

0.3119227721843652 -0.067291825390070309
0.30923814216827294 -0.068623009880560346

0.30923814216827294 -0.068623009880560346
0.30880354446252156 -0.06885994519712986

0.30880354446252156 -0.06885994519712986
0.30568431674067786 -0.070405317981701104

0.30568431674067786 -0.070405317981701104
0.3030848680457211 -0.071742237602403988

0.3030848680457211 -0.071742237602403988
0.30256508901883422 -0.072034932597006412

0.30256508901883422 -0.072034932597006412
0.29944586129699058 -0.073622814467056

0.29944586129699058 -0.073622814467056
0.29712204111028728 -0.074861465324247645

0.29712204111028728 -0.074861465324247645
0.29632663357514694 -0.075315473934634197

0.29632663357514694 -0.075315473934634197
0.29320740585330329 -0.076932378520303157

0.29320740585330329 -0.076932378520303157
0.29131669609060434 -0.077980693046091301

0.29131669609060434 -0.077980693046091301
0.29008817813145965 -0.078683088574674001

0.29008817813145965 -0.078683088574674001
0.28696895040961595 -0.080327464755064998

0.28696895040961595 -0.080327464755064998
0.28564283167731142 -0.081099920767934958

0.28564283167731142 -0.081099920767934958
0.28384972268777231 -0.08212299990097327

0.28384972268777231 -0.08212299990097327
0.28073049496592867 -0.08381748318125469

0.28073049496592867 -0.08381748318125469
0.28008796554634069 -0.0842191484897786

0.28008796554634069 -0.0842191484897786
0.27761126724408502 -0.085638957035448215

0.27761126724408502 -0.085638957035448215
0.27465391477616968 -0.087338376211622257

0.27465391477616968 -0.087338376211622257
0.27449203952224138 -0.087444697994680215

0.27449203952224138 -0.087444697994680215
0.27137281180039774 -0.089229172446204083

0.27137281180039774 -0.089229172446204083
0.26932724485553539 -0.090457603933465913

0.26932724485553539 -0.090457603933465913
0.26825358407855404 -0.091134598108388018

0.26825358407855404 -0.091134598108388018
0.2651343563567104 -0.092908499790944732

0.2651343563567104 -0.092908499790944732
0.26409979432701902 -0.093576831655309556

0.26409979432701902 -0.093576831655309556
0.26201512863486676 -0.094855238264412681

0.26201512863486676 -0.094855238264412681
0.25895338739902984 -0.096696059377153212

0.25895338739902984 -0.096696059377153212
0.25889590091302311 -0.096735907680914737

0.25889590091302311 -0.096735907680914737
0.25577667319117947 -0.098607652987878089

0.25577667319117947 -0.098607652987878089
0.25384997023648315 -0.099815287098996869

0.25384997023648315 -0.099815287098996869
0.25265744546933583 -0.1005915246964638

0.25265744546933583 -0.1005915246964638
0.24953821774749216 -0.10241509706273288

0.24953821774749216 -0.10241509706273288
0.24876082088930113 -0.10293451482084051

0.24876082088930113 -0.10293451482084051
0.24641899002564852 -0.10438045330675859

0.24641899002564852 -0.10438045330675859
0.24366320903367861 -0.10605374254268417

0.24366320903367861 -0.10605374254268417
0.24329976230380487 -0.10630143646865214

0.24329976230380487 -0.10630143646865214
0.24018053458196123 -0.10812227837932625

0.24018053458196123 -0.10812227837932625
0.2384763304659662 -0.10917297026452782

0.2384763304659662 -0.10917297026452782
0.23706130686011756 -0.11005725433605963

0.23706130686011756 -0.11005725433605963
0.23394207913827392 -0.11181755395983013

0.23394207913827392 -0.11181755395983013
0.23319278248859482 -0.11229219798637147

0.23319278248859482 -0.11229219798637147
0.23082285141643027 -0.11367815221539532

0.23082285141643027 -0.11367815221539532
0.22776002038138896 -0.11541142570821512

0.22776002038138896 -0.11541142570821512
0.2277036236945866 -0.11544806577515263

0.2277036236945866 -0.11544806577515263
0.22458439597274296 -0.11716894033462896

0.22458439597274296 -0.11716894033462896
0.2220768296541927 -0.11853065343005878

0.2220768296541927 -0.11853065343005878
0.22146516825089932 -0.11889162792710155

0.22146516825089932 -0.11889162792710155
0.21834594052905565 -0.12047948462977803

0.21834594052905565 -0.12047948462977803
0.21603442415315008 -0.12164988115190242

0.21603442415315008 -0.12164988115190242
0.21522671280721201 -0.12208386785417322

0.21522671280721201 -0.12208386785417322
0.21210748508536836 -0.12354451270232562

0.21210748508536836 -0.12354451270232562
0.20940287979428593 -0.12476910887374608

0.20940287979428593 -0.12476910887374608
0.20898825736352469 -0.12497291276760898

0.20898825736352469 -0.12497291276760898
0.20586902964168105 -0.12626902231351347

0.20586902964168105 -0.12626902231351347
0.20274980191983741 -0.12746408877336299

0.20274980191983741 -0.12746408877336299
0.20158187766091262 -0.12788833659558974

0.20158187766091262 -0.12788833659558974
0.19963057419799374 -0.1285779276065569

0.19963057419799374 -0.1285779276065569
0.19651134647615009 -0.12954302270488727

0.19651134647615009 -0.12954302270488727
0.19339211875430642 -0.13038406143988598

0.19339211875430642 -0.13038406143988598
0.19057710938711039 -0.13100756431743338

0.19057710938711039 -0.13100756431743338
0.19027289103246278 -0.13107761696422582

0.19027289103246278 -0.13107761696422582
0.18715366331061914 -0.13160619559752232

0.18715366331061914 -0.13160619559752232
0.18403443558877547 -0.13197518284831833

0.18403443558877547 -0.13197518284831833
0.18091520786693183 -0.13216833704844949

0.18091520786693183 -0.13216833704844949
0.17779598014508818 -0.13217326527170262

0.17779598014508818 -0.13217326527170262
0.17467675242324451 -0.13198088607424791

0.17467675242324451 -0.13198088607424791
0.17155752470140087 -0.13158288475472038

0.17155752470140087 -0.13158288475472038
0.16862128776793042 -0.13100756431743338

0.16862128776793042 -0.13100756431743338
0.16843829697955723 -0.13096974567823819

0.16843829697955723 -0.13096974567823819
0.16531906925771356 -0.13013926166959666

0.16531906925771356 -0.13013926166959666
0.16219984153586992 -0.12907053808354971

0.16219984153586992 -0.12907053808354971
0.15939976304790821 -0.12788833659558974

0.15939976304790821 -0.12788833659558974
0.15908061381402627 -0.12773963905174482

0.15908061381402627 -0.12773963905174482
0.1559613860921826 -0.1261859513507855

0.1559613860921826 -0.1261859513507855
0.15356907576070006 -0.12476910887374608

0.15356907576070006 -0.12476910887374608
0.15284215837033896 -0.12429656878003668

0.15284215837033896 -0.12429656878003668
0.14972293064849532 -0.12230018914217303

0.14972293064849532 -0.12230018914217303
0.14890999207829544 -0.12164988115190242

0.14890999207829544 -0.12164988115190242
0.14660370292665165 -0.11987327220778082

0.14660370292665165 -0.11987327220778082
0.14505935684091845 -0.11853065343005878

0.14505935684091845 -0.11853065343005878
0.143484475204808 -0.11711981203376987

0.143484475204808 -0.11711981203376987
0.14167545218633709 -0.11541142570821512

0.14167545218633709 -0.11541142570821512
0.14036524748296436 -0.11412426744127593

0.14036524748296436 -0.11412426744127593
0.13856835604283205 -0.11229219798637147

0.13856835604283205 -0.11229219798637147
0.13724601976112069 -0.11089444684943295

0.13724601976112069 -0.11089444684943295
0.13566586252782434 -0.10917297026452782

0.13566586252782434 -0.10917297026452782
0.13412679203927705 -0.10742490358857382

0.13412679203927705 -0.10742490358857382
0.13292613648897955 -0.10605374254268417

0.13292613648897955 -0.10605374254268417
0.13100756431743341 -0.10369718385375226

0.13100756431743341 -0.10369718385375226
0.13035865930137133 -0.10293451482084051

0.13035865930137133 -0.10293451482084051
0.12799130204057604 -0.099815287098996869

0.12799130204057604 -0.099815287098996869
0.12788833659558974 -0.099692581950479683

0.12788833659558974 -0.099692581950479683
0.1256545121991591 -0.096696059377153212

0.1256545121991591 -0.096696059377153212
0.12476910887374609 -0.095564868074349898

0.12476910887374609 -0.095564868074349898
0.12327994981974984 -0.093576831655309556

0.12327994981974984 -0.093576831655309556
0.12164988115190244 -0.091326199670506897

0.12164988115190244 -0.091326199670506897
0.12097973046681096 -0.090457603933465913

0.12097973046681096 -0.090457603933465913
0.11886341981880985 -0.087338376211622257

0.11886341981880985 -0.087338376211622257
0.11853065343005878 -0.086907683830357643

0.11853065343005878 -0.086907683830357643
0.11666318657846943 -0.0842191484897786

0.11666318657846943 -0.0842191484897786
0.11541142570821514 -0.082467488194173585

0.11541142570821514 -0.082467488194173585
0.11441562555533742 -0.081099920767934958

0.11441562555533742 -0.081099920767934958
0.11232349120067216 -0.077980693046091301

0.11232349120067216 -0.077980693046091301
0.11229219798637148 -0.077939947631669435

0.11229219798637148 -0.077939947631669435
0.1102263871839691 -0.074861465324247645

0.1102263871839691 -0.074861465324247645
0.10917297026452782 -0.073394165224439409

0.10917297026452782 -0.073394165224439409
0.10799715616326425 -0.071742237602403988

0.10799715616326425 -0.071742237602403988
0.10605374254268418 -0.06889655394732043

0.10605374254268418 -0.06889655394732043
0.10584338717246797 -0.068623009880560346

0.10584338717246797 -0.068623009880560346
0.10376511551765655 -0.065503782158716689

0.10376511551765655 -0.065503782158716689
0.10293451482084053 -0.064377540668928548

0.10293451482084053 -0.064377540668928548
0.10152586377458431 -0.062384554436873046

0.10152586377458431 -0.062384554436873046
0.099815287098996869 -0.059963175783143294

0.099815287098996869 -0.059963175783143294
0.099278014622944943 -0.05926532671502939

0.099278014622944943 -0.05926532671502939
0.097153020583567049 -0.05614609899318574

0.097153020583567049 -0.05614609899318574
0.096696059377153226 -0.05555969200903714

0.096696059377153226 -0.05555969200903714
0.094887257519682522 -0.053026871271342091

0.094887257519682522 -0.053026871271342091
0.09357683165530957 -0.051285875349742771

0.09357683165530957 -0.051285875349742771
0.092518092492595141 -0.049907643549498434

0.092518092492595141 -0.049907643549498434
0.090457603933465913 -0.04708324024620146

0.090457603933465913 -0.04708324024620146
0.090218004665938892 -0.046788415827654785

0.090218004665938892 -0.046788415827654785
0.08797131701675294 -0.043669188105811135

0.08797131701675294 -0.043669188105811135
0.087338376211622271 -0.042891995553799987

0.087338376211622271 -0.042891995553799987
0.085543238363997187 -0.040549960383967479

0.085543238363997187 -0.040549960383967479
0.084219148489778614 -0.038915331878089689

0.084219148489778614 -0.038915331878089689
0.083003913699237486 -0.037430732662123829

0.083003913699237486 -0.037430732662123829
0.081099920767934958 -0.035052252485904094

0.081099920767934958 -0.035052252485904094
0.080467215398515174 -0.034311504940280173

0.080467215398515174 -0.034311504940280173
0.077980693046091315 -0.031204472661348338

0.077980693046091315 -0.031204472661348338
0.077969897571043764 -0.03119227721843652

0.077969897571043764 -0.03119227721843652
0.075402149858402684 -0.028073049496592867

0.075402149858402684 -0.028073049496592867
0.074861465324247659 -0.027473356496087092

0.074861465324247659 -0.027473356496087092
0.07267729751999584 -0.024953821774749217

0.07267729751999584 -0.024953821774749217
0.071742237602404002 -0.023935107190309377

0.071742237602404002 -0.023935107190309377
0.069837678605678313 -0.021834594052905564

0.069837678605678313 -0.021834594052905564
0.068623009880560346 -0.020536927702420483

0.068623009880560346 -0.020536927702420483
0.066913428288064666 -0.018715366331061911

0.066913428288064666 -0.018715366331061911
0.065503782158716703 -0.017242510861258276

0.065503782158716703 -0.017242510861258276
0.063912979716615234 -0.015596138609218262

0.063912979716615234 -0.015596138609218262
0.06238455443687304 -0.014035935329221916

0.06238455443687304 -0.014035935329221916
0.060840318353705458 -0.012476910887374609

0.060840318353705458 -0.012476910887374609
0.05926532671502939 -0.010905180742806043

0.05926532671502939 -0.010905180742806043
0.057697363671278715 -0.0093576831655309573

0.057697363671278715 -0.0093576831655309573
0.056146098993185733 -0.0078421984557050187

0.056146098993185733 -0.0078421984557050187
0.054484201286286234 -0.0062384554436873043

0.054484201286286234 -0.0062384554436873043
0.053026871271342084 -0.0048426616847449845

0.053026871271342084 -0.0048426616847449845
0.051197336306995696 -0.0031192277218436521

0.051197336306995696 -0.0031192277218436521
0.049907643549498434 -0.0019058298017230995

0.049907643549498434 -0.0019058298017230995
0.047824131900403875 0

0.047824131900403875 0
0.046788415827654778 0.00095743348242575532

0.046788415827654778 0.00095743348242575532
0.044327817663998778 0.0031192277218436517

0.044327817663998778 0.0031192277218436517
0.043669188105811128 0.0037175563164809802

0.043669188105811128 0.0037175563164809802
0.040648562433413603 0.0062384554436873043

0.040648562433413603 0.0062384554436873043
0.040549960383967479 0.0063265004459646338

0.040549960383967479 0.0063265004459646338
0.037430732662123822 0.0088322021613150732

0.037430732662123822 0.0088322021613150732
0.036820862678184359 0.0093576831655309556

0.036820862678184359 0.0093576831655309556
0.034311504940280173 0.01136289046611977

0.034311504940280173 0.01136289046611977
0.032953335208239433 0.012476910887374609

0.032953335208239433 0.012476910887374609
0.03119227721843652 0.013888950105431203

0.03119227721843652 0.013888950105431203
0.02895037185184612 0.01559613860921826

0.02895037185184612 0.01559613860921826
0.02807304949659287 0.016301160256597683

0.02807304949659287 0.016301160256597683
0.024953821774749217 0.018491765981228207

0.024953821774749217 0.018491765981228207
0.024670139508306047 0.018715366331061915

0.024670139508306047 0.018715366331061915
0.021834594052905568 0.020702090450931816

0.021834594052905568 0.020702090450931816
0.020273553430083323 0.021834594052905568

0.020273553430083323 0.021834594052905568
0.018715366331061915 0.022961775278821928

0.018715366331061915 0.022961775278821928
0.015710180647835234 0.024953821774749217

0.015710180647835234 0.024953821774749217
0.01559613860921826 0.025039517524617173

0.01559613860921826 0.025039517524617173
0.012476910887374609 0.027039708730510301

0.012476910887374609 0.027039708730510301
0.010935556079622466 0.02807304949659287

0.010935556079622466 0.02807304949659287
0.0093576831655309556 0.029126613752840497

0.0093576831655309556 0.029126613752840497
0.0062384554436873043 0.031019340255500155

0.0062384554436873043 0.031019340255500155
0.0059883463349918739 0.03119227721843652

0.0059883463349918739 0.03119227721843652
0.0031192277218436517 0.032935306542366517

0.0031192277218436517 0.032935306542366517
0.00083589862006162082 0.034311504940280173

0.00083589862006162082 0.034311504940280173
0 0.034851910839017952

0 0.034851910839017952
-0.0031192277218436521 0.036587720239249909

-0.0031192277218436521 0.036587720239249909
-0.0045441146520166301 0.037430732662123822

-0.0045441146520166301 0.037430732662123822
-0.0062384554436873043 0.038418826366429078

-0.0062384554436873043 0.038418826366429078
-0.0093576831655309573 0.040080485403545363

-0.0093576831655309573 0.040080485403545363
-0.010162173736357845 0.040549960383967479

-0.010162173736357845 0.040549960383967479
-0.012476910887374609 0.04180936213640922

-0.012476910887374609 0.04180936213640922
-0.015596138609218262 0.043412783862567583

-0.015596138609218262 0.043412783862567583
-0.016050078003025388 0.043669188105811128

-0.016050078003025388 0.043669188105811128
-0.018715366331061911 0.04503528997482089

-0.018715366331061911 0.04503528997482089
-0.021834594052905564 0.046563072912819581

-0.021834594052905564 0.046563072912819581
-0.022257016728548528 0.046788415827654778

-0.022257016728548528 0.046788415827654778
-0.024953821774749217 0.048097496455867632

-0.024953821774749217 0.048097496455867632
-0.028073049496592867 0.0495400414478811

-0.028073049496592867 0.0495400414478811
-0.028822264525189666 0.049907643549498434

-0.028822264525189666 0.049907643549498434
-0.03119227721843652 0.050998981272343175

-0.03119227721843652 0.050998981272343175
-0.034311504940280173 0.052358629724213381

-0.034311504940280173 0.052358629724213381
-0.035811798830476756 0.053026871271342084

-0.035811798830476756 0.053026871271342084
-0.037430732662123829 0.053743847974163012

-0.037430732662123829 0.053743847974163012
-0.040549960383967479 0.055036653438684885

-0.040549960383967479 0.055036653438684885
-0.043251787241660011 0.056146098993185733

-0.043251787241660011 0.056146098993185733
-0.043669188105811135 0.056331163673658861

-0.043669188105811135 0.056331163673658861
-0.046788415827654785 0.057560740808900598

-0.046788415827654785 0.057560740808900598
-0.049907643549498434 0.058753464329103409

-0.049907643549498434 0.058753464329103409
-0.051216933427674645 0.05926532671502939

-0.051216933427674645 0.05926532671502939
-0.053026871271342091 0.05996121914706206

-0.053026871271342091 0.05996121914706206
-0.05614609899318574 0.061104580735714981

-0.05614609899318574 0.061104580735714981
-0.05926532671502939 0.062221837866623997

-0.05926532671502939 0.062221837866623997
-0.059696405433924772 0.06238455443687304

-0.059696405433924772 0.06238455443687304
-0.062384554436873046 0.063333310936689355

-0.062384554436873046 0.063333310936689355
-0.065503782158716689 0.064405048790174599

-0.065503782158716689 0.064405048790174599
-0.068623009880560346 0.065452524376005419

-0.068623009880560346 0.065452524376005419
-0.068766459019438439 0.065503782158716703

-0.068766459019438439 0.065503782158716703
-0.071742237602403988 0.066486406937351791

-0.071742237602403988 0.066486406937351791
-0.074861465324247645 0.067490642946046245

-0.074861465324247645 0.067490642946046245
-0.077980693046091301 0.068459126410391757

-0.077980693046091301 0.068459126410391757
-0.078488464878621517 0.068623009880560346

-0.078488464878621517 0.068623009880560346
-0.081099920767934958 0.069421573137163073

-0.081099920767934958 0.069421573137163073
-0.0842191484897786 0.070346559128520586

-0.0842191484897786 0.070346559128520586
-0.087338376211622257 0.071238577958507007

-0.087338376211622257 0.071238577958507007
-0.089119803362323516 0.071742237602404002

-0.089119803362323516 0.071742237602404002
-0.090457603933465913 0.07212387475538326

-0.090457603933465913 0.07212387475538326
-0.093576831655309556 0.072956812357830525

-0.093576831655309556 0.072956812357830525
-0.096696059377153212 0.073766941151228949

-0.096696059377153212 0.073766941151228949
-0.099815287098996869 0.074539912001744577

-0.099815287098996869 0.074539912001744577
-0.10112106672313259 0.074861465324247659

-0.10112106672313259 0.074861465324247659
-0.10293451482084051 0.075303126669220205

-0.10293451482084051 0.075303126669220205
-0.10605374254268417 0.076024181933608576

-0.10605374254268417 0.076024181933608576
-0.10917297026452782 0.076721992978895703

-0.10917297026452782 0.076721992978895703
-0.11229219798637147 0.077391871648822191

-0.11229219798637147 0.077391871648822191
-0.11513323993936607 0.077980693046091315

-0.11513323993936607 0.077980693046091315
-0.11541142570821512 0.078040858135398586

-0.11541142570821512 0.078040858135398586
-0.11853065343005878 0.078663968215936866

-0.11853065343005878 0.078663968215936866
-0.12164988115190242 0.079271474967018349

-0.12164988115190242 0.079271474967018349
-0.12476910887374608 0.079862582706466984

-0.12476910887374608 0.079862582706466984
-0.12788833659558974 0.080438254126230513

-0.12788833659558974 0.080438254126230513
-0.13100756431743338 0.080996554595240342

-0.13100756431743338 0.080996554595240342
-0.13157846574039728 0.081099920767934958

-0.13157846574039728 0.081099920767934958
-0.13412679203927705 0.081548208864301933

-0.13412679203927705 0.081548208864301933
-0.13724601976112069 0.082082712852869222

-0.13724601976112069 0.082082712852869222
-0.14036524748296433 0.08260496149493736

-0.14036524748296433 0.08260496149493736
-0.143484475204808 0.083112655669846741

-0.143484475204808 0.083112655669846741
-0.14660370292665165 0.08360383923984209

-0.14660370292665165 0.08360383923984209
-0.14972293064849529 0.08407550471183739

-0.14972293064849529 0.08407550471183739
-0.15068428285022345 0.084219148489778614

-0.15068428285022345 0.084219148489778614
-0.15284215837033896 0.084536809254978695

-0.15284215837033896 0.084536809254978695
-0.1559613860921826 0.084976528363477688

-0.1559613860921826 0.084976528363477688
-0.15908061381402624 0.085399325737935211

-0.15908061381402624 0.085399325737935211
-0.16219984153586992 0.085803272444892276

-0.16219984153586992 0.085803272444892276
-0.16531906925771356 0.08618816629088305

-0.16531906925771356 0.08618816629088305
-0.1684382969795572 0.08655445298194657

-0.1684382969795572 0.08655445298194657
-0.17155752470140087 0.086902833388585995

-0.17155752470140087 0.086902833388585995
-0.17467675242324451 0.087232970578987656

-0.17467675242324451 0.087232970578987656
-0.17570738022015681 0.087338376211622271

-0.17570738022015681 0.087338376211622271
-0.17779598014508816 0.087550012417916906

-0.17779598014508816 0.087550012417916906
-0.18091520786693183 0.087849596095110005

-0.18091520786693183 0.087849596095110005
-0.18403443558877547 0.088135743443923734

-0.18403443558877547 0.088135743443923734
-0.18715366331061911 0.088408595285892649

-0.18715366331061911 0.088408595285892649
-0.19027289103246278 0.088668944564077673

-0.19027289103246278 0.088668944564077673
-0.19339211875430642 0.088917465070908572

-0.19339211875430642 0.088917465070908572
-0.19651134647615007 0.089154736416030098

-0.19651134647615007 0.089154736416030098
-0.19963057419799374 0.089381085555172227

-0.19963057419799374 0.089381085555172227
-0.20274980191983738 0.089596490337505511

-0.20274980191983738 0.089596490337505511
-0.20586902964168105 0.089800929733771115

-0.20586902964168105 0.089800929733771115
-0.20898825736352469 0.089994560507309251

-0.20898825736352469 0.089994560507309251
-0.21210748508536834 0.090177511299057156

-0.21210748508536834 0.090177511299057156
-0.21522671280721201 0.090349415029795169

-0.21522671280721201 0.090349415029795169
-0.21732529328904043 0.090457603933465913

-0.21732529328904043 0.090457603933465913
-0.21834594052905565 0.090510431646974171

-0.21834594052905565 0.090510431646974171
-0.22146516825089929 0.090659165488615315

-0.22146516825089929 0.090659165488615315
-0.22458439597274296 0.090797179647765763

-0.22458439597274296 0.090797179647765763
-0.2277036236945866 0.090924154801355461

-0.2277036236945866 0.090924154801355461
-0.23082285141643025 0.091040072471107208

-0.23082285141643025 0.091040072471107208
-0.23394207913827392 0.091145077930539053

-0.23394207913827392 0.091145077930539053
-0.23706130686011756 0.091239420764369222

-0.23706130686011756 0.091239420764369222
-0.2401805345819612 0.091323488037780468

-0.2401805345819612 0.091323488037780468
-0.24329976230380487 0.091397524159234494

-0.24329976230380487 0.091397524159234494
-0.24641899002564852 0.091461407820435478

-0.24641899002564852 0.091461407820435478
-0.24953821774749216 0.091514899205568129

-0.24953821774749216 0.091514899205568129
-0.25265744546933583 0.091558004716948568

-0.25265744546933583 0.091558004716948568
-0.25577667319117953 0.091591071922799791

-0.25577667319117953 0.091591071922799791
-0.25889590091302317 0.091614569066653884

-0.25889590091302317 0.091614569066653884
-0.26201512863486681 0.091628871021686445

-0.26201512863486681 0.091628871021686445
-0.26513435635671045 0.091634423406793425

-0.26513435635671045 0.091634423406793425
-0.2682535840785541 0.091632079200090935

-0.2682535840785541 0.091632079200090935
-0.27137281180039774 0.091623100231470245

-0.27137281180039774 0.091623100231470245
-0.27449203952224144 0.091608791736258355

-0.27449203952224144 0.091608791736258355
-0.27761126724408508 0.091590196745515273

-0.27761126724408508 0.091590196745515273
-0.28073049496592872 0.091568066174081517

-0.28073049496592872 0.091568066174081517
-0.28384972268777237 0.091542911025969967

-0.28384972268777237 0.091542911025969967
-0.28696895040961601 0.091514982504592307

-0.28696895040961601 0.091514982504592307
-0.29008817813145965 0.091484277904907957

-0.29008817813145965 0.091484277904907957
-0.29320740585330335 0.091450602003718712

-0.29320740585330335 0.091450602003718712
-0.29632663357514699 0.091413576479993611

-0.29632663357514699 0.091413576479993611
-0.29944586129699063 0.09137260659695419

-0.29944586129699063 0.09137260659695419
-0.30256508901883428 0.091326930805205125

-0.30256508901883428 0.091326930805205125
-0.30568431674067792 0.091275781093905911

-0.30568431674067792 0.091275781093905911
-0.30880354446252156 0.091218517056849024

-0.30880354446252156 0.091218517056849024
-0.31192277218436526 0.091154634204134985

-0.31192277218436526 0.091154634204134985
-0.3150419999062089 0.091083729169818231

-0.3150419999062089 0.091083729169818231
-0.31816122762805255 0.091005552716888177

-0.31816122762805255 0.091005552716888177
-0.32128045534989619 0.090920100174382359

-0.32128045534989619 0.090920100174382359
-0.32439968307173983 0.090827583773984144

-0.32439968307173983 0.090827583773984144
-0.32751891079358347 0.090728325699238194

-0.32751891079358347 0.090728325699238194
-0.33063813851542717 0.090622754581741807

-0.33063813851542717 0.090622754581741807
-0.33375736623727081 0.090511594891728359

-0.33375736623727081 0.090511594891728359
-0.33520090569214722 0.090457603933465913

-0.33520090569214722 0.090457603933465913
-0.33687659395911446 0.090394961849562139

-0.33687659395911446 0.090394961849562139
-0.3399958216809581 0.090274365288081054

-0.3399958216809581 0.090274365288081054
-0.34311504940280174 0.090150049013115185

-0.34311504940280174 0.090150049013115185
-0.34623427712464538 0.090022797438138735

-0.34623427712464538 0.090022797438138735
-0.34935350484648908 0.089892965700631072

-0.34935350484648908 0.089892965700631072
-0.35247273256833273 0.089760646582503795

-0.35247273256833273 0.089760646582503795
-0.35559196029017637 0.089625832181786741

-0.35559196029017637 0.089625832181786741
-0.35871118801202001 0.089488458402001758

-0.35871118801202001 0.089488458402001758
-0.36183041573386365 0.089348377880585042

-0.36183041573386365 0.089348377880585042
-0.36494964345570735 0.089205343883834762

-0.36494964345570735 0.089205343883834762
-0.36806887117755099 0.08905907568627737

-0.36806887117755099 0.08905907568627737
-0.37118809889939464 0.088909340837949782

-0.37118809889939464 0.088909340837949782
-0.37430732662123828 0.088756039748311574

-0.37430732662123828 0.088756039748311574
-0.37742655434308192 0.088599107697016247

-0.37742655434308192 0.088599107697016247
-0.38054578206492556 0.088438320330543246

-0.38054578206492556 0.088438320330543246
-0.38366500978676926 0.088273313833812553

-0.38366500978676926 0.088273313833812553
-0.3867842375086129 0.088103624105562259

-0.3867842375086129 0.088103624105562259
-0.38990346523045655 0.087928720129374693

-0.38990346523045655 0.087928720129374693
-0.39302269295230019 0.087748089038995697

-0.39302269295230019 0.087748089038995697
-0.39614192067414383 0.087561197573174071

-0.39614192067414383 0.087561197573174071
-0.39926114839598748 0.087367909917707182

-0.39926114839598748 0.087367909917707182
-0.39971479094775969 0.087338376211622271

-0.39971479094775969 0.087338376211622271
-0.40238037611783117 0.087166767161743486

-0.40238037611783117 0.087166767161743486
-0.40549960383967482 0.086958890342008641

-0.40549960383967482 0.086958890342008641
-0.40861883156151846 0.086744069537094862

-0.40861883156151846 0.086744069537094862
-0.4117380592833621 0.086522854151009673

-0.4117380592833621 0.086522854151009673
-0.41485728700520574 0.086295870574094977

-0.41485728700520574 0.086295870574094977
-0.41797651472704939 0.086063890603304258

-0.41797651472704939 0.086063890603304258
-0.42109574244889308 0.085827721109377642

-0.42109574244889308 0.085827721109377642
-0.42421497017073673 0.085588094368701323

-0.42421497017073673 0.085588094368701323
-0.42733419789258037 0.085345568007985928

-0.42733419789258037 0.085345568007985928
-0.43045342561442401 0.085100528276633017

-0.43045342561442401 0.085100528276633017
-0.43357265333626765 0.08485332057927969

-0.43357265333626765 0.08485332057927969
-0.4366918810581113 0.084604117925495381

-0.4366918810581113 0.084604117925495381
-0.439811108779955 0.084353502630205093

-0.439811108779955 0.084353502630205093
-0.44145620556223031 0.084219148489778614

-0.44145620556223031 0.084219148489778614
-0.44293033650179864 0.08409860864286535

-0.44293033650179864 0.08409860864286535
-0.44604956422364228 0.083843031651552477

-0.44604956422364228 0.083843031651552477
-0.44916879194548592 0.083584331389264729

-0.44916879194548592 0.083584331389264729
-0.45228801966732957 0.083323524749494338

-0.45228801966732957 0.083323524749494338
-0.45540724738917326 0.083061147903324944

-0.45540724738917326 0.083061147903324944
-0.45852647511101691 0.082797709268961489

-0.45852647511101691 0.082797709268961489
-0.46164570283286055 0.082533803874769038

-0.46164570283286055 0.082533803874769038
-0.46476493055470419 0.082270175108506871

-0.46476493055470419 0.082270175108506871
-0.46788415827654783 0.082007801559746588

-0.46788415827654783 0.082007801559746588
-0.47100338599839148 0.081747870301320483

-0.47100338599839148 0.081747870301320483
-0.47412261372023518 0.081491605806198658

-0.47412261372023518 0.081491605806198658
-0.47724184144207882 0.081240751684178256

-0.47724184144207882 0.081240751684178256
-0.47902489986039987 0.081099920767934958

-0.47902489986039987 0.081099920767934958
-0.48036106916392246 0.080994114306111295

-0.48036106916392246 0.080994114306111295
-0.4834802968857661 0.080755801991270443

-0.4834802968857661 0.080755801991270443
-0.48659952460760975 0.080524103285790169

-0.48659952460760975 0.080524103285790169
-0.48971875232945339 0.080300950375169558

-0.48971875232945339 0.080300950375169558
-0.49283798005129709 0.080087286841256725

-0.49283798005129709 0.080087286841256725
-0.49595720777314073 0.079883919261952249

-0.49595720777314073 0.079883919261952249
-0.49907643549498437 0.079691498766522789

-0.49907643549498437 0.079691498766522789
-0.50219566321682807 0.079510501267666761

-0.50219566321682807 0.079510501267666761
-0.50531489093867166 0.079341245648288192

-0.50531489093867166 0.079341245648288192
-0.50843411866051536 0.079183905699903676

-0.50843411866051536 0.079183905699903676
-0.51155334638235894 0.079038497559191401

-0.51155334638235894 0.079038497559191401
-0.51467257410420264 0.078904947160220701

-0.51467257410420264 0.078904947160220701
-0.51779180182604623 0.078783095201804515

-0.51779180182604623 0.078783095201804515
-0.52091102954788993 0.078672703473012973

-0.52091102954788993 0.078672703473012973
-0.52403025726973362 0.078573499099037034

-0.52403025726973362 0.078573499099037034
-0.52714948499157721 0.078485162999135202

-0.52714948499157721 0.078485162999135202
-0.53026871271342091 0.078407448021635059

-0.53026871271342091 0.078407448021635059
-0.5333879404352645 0.078340319224947413

-0.5333879404352645 0.078340319224947413
-0.53650716815710819 0.07828405680686204

-0.53650716815710819 0.07828405680686204
-0.53962639587895189 0.078239305225564867

-0.53962639587895189 0.078239305225564867
-0.54274562360079548 0.078207080595552939

-0.54274562360079548 0.078207080595552939
-0.54586485132263918 0.078188735823641553

-0.54586485132263918 0.078188735823641553
-0.54898407904448276 0.078185826672811737

-0.54898407904448276 0.078185826672811737
-0.55210330676632646 0.078199907126135421

-0.55210330676632646 0.078199907126135421
-0.55522253448817016 0.078232382280208554

-0.55522253448817016 0.078232382280208554
-0.55834176221001375 0.078284502235749939

-0.55834176221001375 0.078284502235749939
-0.56146098993185745 0.078357426384731269

-0.56146098993185745 0.078357426384731269
-0.56458021765370103 0.078452204777035517

-0.56458021765370103 0.078452204777035517
-0.56769944537554473 0.078569661338756411

-0.56769944537554473 0.078569661338756411
-0.57081867309738832 0.078710337686852677

-0.57081867309738832 0.078710337686852677
-0.57393790081923202 0.078874557974273368

-0.57393790081923202 0.078874557974273368
-0.57705712854107571 0.079062433935682797

-0.57705712854107571 0.079062433935682797
-0.5801763562629193 0.079273725437856699

-0.5801763562629193 0.079273725437856699
-0.583295583984763 0.079507812225412922

-0.583295583984763 0.079507812225412922
-0.58641481170660659 0.079763945924300403

-0.58641481170660659 0.079763945924300403
-0.58953403942845028 0.080041492524935892

-0.58953403942845028 0.080041492524935892
-0.59265326715029398 0.080339699484330382

-0.59265326715029398 0.080339699484330382
-0.59577249487213757 0.080657305185021261

-0.59577249487213757 0.080657305185021261
-0.59889172259398127 0.080991405738451733

-0.59889172259398127 0.080991405738451733
-0.59984099820145043 0.081099920767934958

-0.59984099820145043 0.081099920767934958
-0.60201095031582486 0.081345385988068897

-0.60201095031582486 0.081345385988068897
-0.60513017803766855 0.081711674733739678

-0.60513017803766855 0.081711674733739678
-0.60824940575951214 0.082092040419096804

-0.60824940575951214 0.082092040419096804
-0.61136863348135584 0.082484960611832497

-0.61136863348135584 0.082484960611832497
-0.61448786120319954 0.082890683108107807

-0.61448786120319954 0.082890683108107807
-0.61760708892504312 0.083308690058358892

-0.61760708892504312 0.083308690058358892
-0.62072631664688682 0.083737933791545954

-0.62072631664688682 0.083737933791545954
-0.62384554436873041 0.084176432449470484

-0.62384554436873041 0.084176432449470484
-0.62413324919390833 0.084219148489778614

-0.62413324919390833 0.084219148489778614
-0.62696477209057411 0.084627351364323589

-0.62696477209057411 0.084627351364323589
-0.63008399981241781 0.085086275327864863

-0.63008399981241781 0.085086275327864863
-0.63320322753426139 0.085555511994932734

-0.63320322753426139 0.085555511994932734
-0.63632245525610509 0.086035820137279201

-0.63632245525610509 0.086035820137279201
-0.63944168297794868 0.086527080454855979

-0.63944168297794868 0.086527080454855979
-0.64256091069979238 0.087026100569237402

-0.64256091069979238 0.087026100569237402
-0.64445455896179937 0.087338376211622271

-0.64445455896179937 0.087338376211622271
-0.64568013842163596 0.08754237817094454

-0.64568013842163596 0.08754237817094454
-0.64879936614347966 0.088060753444223677

-0.64879936614347966 0.088060753444223677
-0.65191859386532336 0.088591579973653301

-0.65191859386532336 0.088591579973653301
-0.65503782158716695 0.089131386273069421

-0.65503782158716695 0.089131386273069421
-0.65815704930901064 0.089679251778646579

-0.65815704930901064 0.089679251778646579
-0.66127627703085423 0.090230362989697901

-0.66127627703085423 0.090230362989697901
-0.6625201164801312 0.090457603933465913

-0.6625201164801312 0.090457603933465913
-0.66439550475269793 0.090797158589300472

-0.66439550475269793 0.090797158589300472
-0.66751473247454163 0.091360726969068634

-0.66751473247454163 0.091360726969068634
-0.67063396019638521 0.091930827895496531

-0.67063396019638521 0.091930827895496531
-0.67375318791822891 0.092503346916177134

-0.67375318791822891 0.092503346916177134
-0.6768724156400725 0.093076960135999601

-0.6768724156400725 0.093076960135999601
-0.67958628069459237 0.09357683165530957

-0.67958628069459237 0.09357683165530957
-0.6799916433619162 0.093654128414549412

-0.6799916433619162 0.093654128414549412
-0.6831108710837599 0.094223755877216431

-0.6831108710837599 0.094223755877216431
-0.68623009880560348 0.094792649123146208

-0.68623009880560348 0.094792649123146208
-0.68934932652744718 0.09535673551511098

-0.68934932652744718 0.09535673551511098
-0.69246855424929077 0.095913542645957403

-0.69246855424929077 0.095913542645957403
-0.69558778197113447 0.096457724407789755

-0.69558778197113447 0.096457724407789755
-0.69694720385013398 0.096696059377153226

-0.69694720385013398 0.096696059377153226
-0.69870700969297805 0.097002778423938105

-0.69870700969297805 0.097002778423938105
-0.70182623741482175 0.097531671216739432

-0.70182623741482175 0.097531671216739432
-0.70494546513666545 0.098051719077757254

-0.70494546513666545 0.098051719077757254
-0.70806469285850904 0.098559305460022756

-0.70806469285850904 0.098559305460022756
-0.71118392058035274 0.099056020754147836

-0.71118392058035274 0.099056020754147836
-0.71430314830219632 0.099538560029284101

-0.71430314830219632 0.099538560029284101
-0.71430314830219632 0.099538560029284101

-0.71430314830219632 0.099538560029284101
-0.71610073164775223 0.099815287098996869

-0.71610073164775223 0.099815287098996869
-0.71742237602404002 0.10001993572193389

-0.71742237602404002 0.10001993572193389
-0.72054160374588372 0.10048723485423515

-0.72054160374588372 0.10048723485423515
-0.72366083146772731 0.10094433448278872

-0.72366083146772731 0.10094433448278872
-0.726780059189571 0.10139022545742997

-0.726780059189571 0.10139022545742997
-0.72989928691141459 0.10182758741940544

-0.72989928691141459 0.10182758741940544
-0.73301851463325829 0.10225477434342196

-0.73301851463325829 0.10225477434342196
-0.73613774235510188 0.10266562971202091

-0.73613774235510188 0.10266562971202091
-0.73823032313873771 0.10293451482084053

-0.73823032313873771 0.10293451482084053
-0.73925697007694557 0.10306786132816728

-0.73925697007694557 0.10306786132816728
-0.74237619779878927 0.1034539995237666

-0.74237619779878927 0.1034539995237666
-0.74549542552063286 0.10382586445630471

-0.74549542552063286 0.10382586445630471
-0.74861465324247656 0.10418157780463305

-0.74861465324247656 0.10418157780463305
-0.75173388096432014 0.10452125599429166

-0.75173388096432014 0.10452125599429166
-0.75485310868616384 0.1048449178903198

-0.75485310868616384 0.1048449178903198
-0.75797233640800754 0.10515206933565505

-0.75797233640800754 0.10515206933565505
-0.76109156412985113 0.10544138652422194

-0.76109156412985113 0.10544138652422194
-0.76109156412985113 0.10544138652422194

-0.76109156412985113 0.10544138652422194
-0.76421079185169483 0.10571230883037465

-0.76421079185169483 0.10571230883037465
-0.76733001957353841 0.10596549250864037

-0.76733001957353841 0.10596549250864037
-0.76846550178838469 0.10605374254268418

-0.76846550178838469 0.10605374254268418
-0.77044924729538211 0.10620704060990799

-0.77044924729538211 0.10620704060990799
-0.77356847501722581 0.10643570080983267

-0.77356847501722581 0.10643570080983267
-0.7766877027390694 0.10664976812596898

-0.7766877027390694 0.10664976812596898
-0.77980693046091309 0.10684708244186256

-0.77980693046091309 0.10684708244186256
-0.78292615818275668 0.10703087763362552

-0.78292615818275668 0.10703087763362552
-0.78604538590460038 0.10720267609236359

-0.78604538590460038 0.10720267609236359
-0.78916461362644397 0.10736108693582939

-0.78916461362644397 0.10736108693582939
-0.79228384134828767 0.10750388345008351

-0.79228384134828767 0.10750388345008351
-0.79540306907013136 0.10763031970296391

-0.79540306907013136 0.10763031970296391
-0.79852229679197495 0.10774055468262275

-0.79852229679197495 0.10774055468262275
-0.80164152451381865 0.10783368850679297

-0.80164152451381865 0.10783368850679297
-0.80476075223566224 0.10790753884769493

-0.80476075223566224 0.10790753884769493
-0.80787997995750593 0.10795974404553663

-0.80787997995750593 0.10795974404553663
-0.81099920767934963 0.10798869414122389

-0.81099920767934963 0.10798869414122389
-0.81411843540119322 0.1079937194771081

-0.81411843540119322 0.1079937194771081
-0.81723766312303692 0.10797472974938942

-0.81723766312303692 0.10797472974938942
-0.8203568908448805 0.10793183282534706

-0.8203568908448805 0.10793183282534706
-0.8234761185667242 0.10786520587921612

-0.8234761185667242 0.10786520587921612
-0.82659534628856779 0.10777538612231816

-0.82659534628856779 0.10777538612231816
-0.82971457401041149 0.10766358426228043

-0.82971457401041149 0.10766358426228043
-0.83283380173225519 0.10753201487588875

-0.83283380173225519 0.10753201487588875
-0.83595302945409877 0.1073829593723266

-0.83595302945409877 0.1073829593723266
-0.83907225717594247 0.1072176006584457

-0.83907225717594247 0.1072176006584457
-0.84219148489778606 0.10703655384595799

-0.84219148489778606 0.10703655384595799
-0.84531071261962976 0.10684040785127942

-0.84531071261962976 0.10684040785127942
-0.84842994034147345 0.10662958835544861

-0.84842994034147345 0.10662958835544861
-0.85154916806331704 0.10640412393815182

-0.85154916806331704 0.10640412393815182
-0.85466839578516074 0.10616418649797682

-0.85466839578516074 0.10616418649797682
-0.85599949741181214 0.10605374254268418

-0.85599949741181214 0.10605374254268418
-0.85778762350700433 0.10590572351218058

-0.85778762350700433 0.10590572351218058
-0.86090685122884802 0.10563256376674619

-0.86090685122884802 0.10563256376674619
-0.86402607895069172 0.10534174097561233

-0.86402607895069172 0.10534174097561233
-0.86714530667253531 0.10503156912801848

-0.86714530667253531 0.10503156912801848
-0.87026453439437901 0.10470083102220197

-0.87026453439437901 0.10470083102220197
-0.8733837621162226 0.10434845653594067

-0.8733837621162226 0.10434845653594067
-0.87650298983806629 0.10397391257672732

-0.87650298983806629 0.10397391257672732
-0.87962221755990988 0.10357749854394248

-0.87962221755990988 0.10357749854394248
-0.88274144528175358 0.10316159931460078

-0.88274144528175358 0.10316159931460078
-0.88434656833175296 0.10293451482084053

-0.88434656833175296 0.10293451482084053
-0.88586067300359728 0.10271991872751622

-0.88586067300359728 0.10271991872751622
-0.88897990072544086 0.1022659413311918

-0.88897990072544086 0.1022659413311918
-0.89209912844728456 0.10179325799964618

-0.89209912844728456 0.10179325799964618
-0.89521835616912815 0.10130537023467351

-0.89521835616912815 0.10130537023467351
-0.89833758389097185 0.10080380510009415

-0.89833758389097185 0.10080380510009415
-0.90145681161281555 0.10029016285529957

-0.90145681161281555 0.10029016285529957
-0.90427544908879787 0.099815287098996869

-0.90427544908879787 0.099815287098996869
-0.90457603933465913 0.099762836933642421

-0.90457603933465913 0.099762836933642421
-0.90769526705650283 0.099229268879408597

-0.90769526705650283 0.099229268879408597
-0.91081449477834642 0.09868500340582248

-0.91081449477834642 0.09868500340582248
-0.91393372250019012 0.098131143306680185

-0.91393372250019012 0.098131143306680185
-0.9170529502220337 0.097566721683413474

-0.9170529502220337 0.097566721683413474
-0.9201721779438774 0.096993812229605819

-0.9201721779438774 0.096993812229605819
-0.92172896709992425 0.096696059377153226

-0.92172896709992425 0.096696059377153226
-0.9232914056657211 0.09639708077956248

-0.9232914056657211 0.09639708077956248
-0.92641063338756469 0.095796640785658888

-0.92641063338756469 0.095796640785658888
-0.92952986110940838 0.095177000851204299

-0.92952986110940838 0.095177000851204299
-0.93264908883125197 0.094539801874123822

-0.93264908883125197 0.094539801874123822
-0.93576831655309567 0.093888768510403425

-0.93576831655309567 0.093888768510403425
-0.93718697717634203 0.09357683165530957

-0.93718697717634203 0.09357683165530957
-0.93888754427493937 0.093204463894183437

-0.93888754427493937 0.093204463894183437
-0.94200677199678295 0.092514829935188558

-0.94200677199678295 0.092514829935188558
-0.94512599971862665 0.091803001491787051

-0.94512599971862665 0.091803001491787051
-0.94824522744047024 0.091074991063180538

-0.94824522744047024 0.091074991063180538
-0.95082531468592812 0.090457603933465913

-0.95082531468592812 0.090457603933465913
-0.95136445516231394 0.090323250127097673

-0.95136445516231394 0.090323250127097673
-0.95448368288415764 0.089569420973913585

-0.95448368288415764 0.089569420973913585
-0.95760291060600122 0.088798150026642444

-0.95760291060600122 0.088798150026642444
-0.96072213832784492 0.088017767956265328

-0.96072213832784492 0.088017767956265328
-0.96340181532625657 0.087338376211622271

-0.96340181532625657 0.087338376211622271
-0.96384136604968851 0.087221578397370825

-0.96384136604968851 0.087221578397370825
-0.96696059377153221 0.086430371509472609

-0.96696059377153221 0.086430371509472609
-0.97007982149337579 0.085628666341177523

-0.97007982149337579 0.085628666341177523
-0.97319904921521949 0.084824661081539271

-0.97319904921521949 0.084824661081539271
-0.97551635357232425 0.084219148489778614

-0.97551635357232425 0.084219148489778614
-0.97631827693706319 0.08400268959761914

-0.97631827693706319 0.08400268959761914
-0.97943750465890678 0.08319452711118723

-0.97943750465890678 0.08319452711118723
-0.98255673238075047 0.082374043600701288

-0.98255673238075047 0.082374043600701288
-0.98567596010259406 0.081553133779448853

-0.98567596010259406 0.081553133779448853
-0.98734258841616052 0.081099920767934958

-0.98734258841616052 0.081099920767934958
-0.98879518782443776 0.080702906683313716

-0.98879518782443776 0.080702906683313716
-0.99191441554628146 0.07986447390150804

-0.99191441554628146 0.07986447390150804
-0.99503364326812505 0.079006439825125604

-0.99503364326812505 0.079006439825125604
-0.99815287098996874 0.07814157486114158

-0.99815287098996874 0.07814157486114158
-0.99868990600392937 0.077980693046091315

-0.99868990600392937 0.077980693046091315
-1.0012720987118122 0.077242820230719447

-1.0012720987118122 0.077242820230719447
-1.0043913264336559 0.076337170668770868

-1.0043913264336559 0.076337170668770868
-1.0075105541554996 0.075418577349432969

-1.0075105541554996 0.075418577349432969
-1.0093260354252354 0.074861465324247659

-1.0093260354252354 0.074861465324247659
-1.0106297818773433 0.074455967435800366

-1.0106297818773433 0.074455967435800366
-1.0137490095991868 0.073502965987858201

-1.0137490095991868 0.073502965987858201
-1.0168682373210305 0.072524825062369583

-1.0168682373210305 0.072524825062369583
-1.0193081517848359 0.071742237602404002

-1.0193081517848359 0.071742237602404002
-1.0199874650428742 0.071513879012454623

-1.0199874650428742 0.071513879012454623
-1.0231066927647179 0.070514293637735995

-1.0231066927647179 0.070514293637735995
-1.0262259204865614 0.069493411210847553

-1.0262259204865614 0.069493411210847553
-1.0288505419596166 0.068623009880560346

-1.0288505419596166 0.068623009880560346
-1.0293451482084051 0.068449073984815798

-1.0293451482084051 0.068449073984815798
-1.0324643759302488 0.067419034572656245

-1.0324643759302488 0.067419034572656245
-1.0355836036520925 0.066374394773802844

-1.0355836036520925 0.066374394773802844
-1.0381552580457598 0.065503782158716703

-1.0381552580457598 0.065503782158716703
-1.0387028313739362 0.065307576939299145

-1.0387028313739362 0.065307576939299145
-1.0418220590957796 0.064259051390529787

-1.0418220590957796 0.064259051390529787
-1.0449412868176233 0.063196368787565654

-1.0449412868176233 0.063196368787565654
-1.0472832535550729 0.06238455443687304

-1.0472832535550729 0.06238455443687304
-1.048060514539467 0.062102768573236371

-1.048060514539467 0.062102768573236371
-1.0511797422613107 0.061030646638987933

-1.0511797422613107 0.061030646638987933
-1.0542989699831544 0.059942144743208803

-1.0542989699831544 0.059942144743208803
-1.0561705579653098 0.05926532671502939

-1.0561705579653098 0.05926532671502939
-1.0574181977049979 0.058805538854074663

-1.0574181977049979 0.058805538854074663
-1.0605374254268416 0.057690955661981916

-1.0605374254268416 0.057690955661981916
-1.0636566531486853 0.056559037220043053

-1.0636566531486853 0.056559037220043053
-1.0647135939471017 0.056146098993185733

-1.0647135939471017 0.056146098993185733
-1.066775880870529 0.055364251485613261

-1.066775880870529 0.055364251485613261
-1.0698951085923727 0.054179896618077782

-1.0698951085923727 0.054179896618077782
-1.0728500993560299 0.053026871271342084

-1.0728500993560299 0.053026871271342084
-1.0730143363142162 0.052956588132369996

-1.0730143363142162 0.052956588132369996
-1.0761335640360599 0.051721292233410869

-1.0761335640360599 0.051721292233410869
-1.0792527917579036 0.050473560147436883

-1.0792527917579036 0.050473560147436883
-1.0805741632530566 0.049907643549498434

-1.0805741632530566 0.049907643549498434
-1.0823720194797473 0.049149307399243995

-1.0823720194797473 0.049149307399243995
-1.085491247201591 0.047854226249947847

-1.085491247201591 0.047854226249947847
-1.0879720502445542 0.046788415827654778

-1.0879720502445542 0.046788415827654778
-1.0886104749234344 0.046495322043734369

-1.0886104749234344 0.046495322043734369
-1.0917297026452781 0.04516224637057404

-1.0917297026452781 0.04516224637057404
-1.0948489303671218 0.043804994422451234

-1.0948489303671218 0.043804994422451234
-1.0951270493738596 0.043669188105811128

-1.0951270493738596 0.043669188105811128
-1.0979681580889655 0.042407614374278244

-1.0979681580889655 0.042407614374278244
-1.1010873858108092 0.041036336938331482

-1.1010873858108092 0.041036336938331482
-1.1021100790988969 0.040549960383967479

-1.1021100790988969 0.040549960383967479
-1.1042066135326527 0.039591640219772441

-1.1042066135326527 0.039591640219772441
-1.1073258412544964 0.038202671616858468

-1.1073258412544964 0.038202671616858468
-1.108963172723521 0.037430732662123822

-1.108963172723521 0.037430732662123822
-1.1104450689763401 0.036727562472824229

-1.1104450689763401 0.036727562472824229
-1.1135642966981838 0.035314936075401926

-1.1135642966981838 0.035314936075401926
-1.1156791214800281 0.034311504940280173

-1.1156791214800281 0.034311504940280173
-1.1166835244200273 0.033813587473666432

-1.1166835244200273 0.033813587473666432
-1.119802752141871 0.032367271241338452

-1.119802752141871 0.032367271241338452
-1.1222338594493666 0.03119227721843652

-1.1222338594493666 0.03119227721843652
-1.1229219798637147 0.030835318359488217

-1.1229219798637147 0.030835318359488217
-1.1260412075855584 0.02934568972356932

-1.1260412075855584 0.02934568972356932
-1.1286047389282452 0.02807304949659287

-1.1286047389282452 0.02807304949659287
-1.1291604353074021 0.027772960821885035

-1.1291604353074021 0.027772960821885035
-1.1322796630292455 0.026238490736298851

-1.1322796630292455 0.026238490736298851
-1.1347913804282916 0.024953821774749217

-1.1347913804282916 0.024953821774749217
-1.1353988907510892 0.024616509481980936

-1.1353988907510892 0.024616509481980936
-1.1385181184729329 0.023045038376981433

-1.1385181184729329 0.023045038376981433
-1.1408111803222829 0.021834594052905568

-1.1408111803222829 0.021834594052905568
-1.1416373461947766 0.021369274582195574

-1.1416373461947766 0.021369274582195574
-1.1447565739166203 0.019771189751044006

-1.1447565739166203 0.019771189751044006
-1.1466929655078557 0.018715366331061915

-1.1466929655078557 0.018715366331061915
-1.1478758016384638 0.018048053401754912

-1.1478758016384638 0.018048053401754912
-1.1509950293603075 0.016430899773433455

-1.1509950293603075 0.016430899773433455
-1.1524747330576197 0.01559613860921826

-1.1524747330576197 0.01559613860921826
-1.1541142570821512 0.014677430747107789

-1.1541142570821512 0.014677430747107789
-1.1572334848039949 0.013039092140589317

-1.1572334848039949 0.013039092140589317
-1.1581925760911134 0.012476910887374609

-1.1581925760911134 0.012476910887374609
-1.1603527125258386 0.011277924406306351

-1.1603527125258386 0.011277924406306351
-1.1634719402476821 0.0096053575007416236

-1.1634719402476821 0.0096053575007416236
-1.1638757977379843 0.0093576831655309556

-1.1638757977379843 0.0093576831655309556
-1.1665911679695258 0.0078614146144834977

-1.1665911679695258 0.0078614146144834977
-1.1695425897244796 0.0062384554436873043

-1.1695425897244796 0.0062384554436873043
-1.1697103956913695 0.0061334714522590797

-1.1697103956913695 0.0061334714522590797
-1.1728296234132132 0.004440072810924945

-1.1728296234132132 0.004440072810924945
-1.1752148663302946 0.0031192277218436517

-1.1752148663302946 0.0031192277218436517
-1.1759488511350569 0.0026807786994618998

-1.1759488511350569 0.0026807786994618998
-1.1790680788569003 0.0010302557969787958

-1.1790680788569003 0.0010302557969787958
-1.1809140563354126 0

-1.1809140563354126 0
-1.182187306578744 -0.00072901961252791676

-1.182187306578744 -0.00072901961252791676
-1.1853065343005877 -0.0023524410963074757

-1.1853065343005877 -0.0023524410963074757
-1.1866744610897901 -0.0031192277218436521

-1.1866744610897901 -0.0031192277218436521
-1.1884257620224314 -0.0040837555758150047

-1.1884257620224314 -0.0040837555758150047
-1.1915449897442751 -0.0056813972734741855

-1.1915449897442751 -0.0056813972734741855
-1.1925453376821056 -0.0062384554436873043

-1.1925453376821056 -0.0062384554436873043
-1.1946642174661186 -0.0073615069499822173

-1.1946642174661186 -0.0073615069499822173
-1.1977834451879623 -0.0089233513933778073

-1.1977834451879623 -0.0089233513933778073
-1.1985831655912385 -0.0093576831655309573

-1.1985831655912385 -0.0093576831655309573
-1.200902672909806 -0.010538145227888731

-1.200902672909806 -0.010538145227888731
-1.2040219006316497 -0.012045218205645117

-1.2040219006316497 -0.012045218205645117
-1.2048568733901499 -0.012476910887374609

-1.2048568733901499 -0.012476910887374609
-1.2071411283534932 -0.013589657442157994

-1.2071411283534932 -0.013589657442157994
-1.2102603560753369 -0.015025408677896177

-1.2102603560753369 -0.015025408677896177
-1.2114539801756126 -0.015596138609218262

-1.2114539801756126 -0.015596138609218262
-1.2133795837971806 -0.016490320870754582

-1.2133795837971806 -0.016490320870754582
-1.2164988115190243 -0.017847407334119159

-1.2164988115190243 -0.017847407334119159
-1.218505208177741 -0.018715366331061911

-1.218505208177741 -0.018715366331061911
-1.219618039240868 -0.019210914178887921

-1.219618039240868 -0.019210914178887921
-1.2227372669627115 -0.020468701674261017

-1.2227372669627115 -0.020468701674261017
-1.2258564946845552 -0.021681172185788324

-1.2258564946845552 -0.021681172185788324
-1.2262380707983414 -0.021834594052905564

-1.2262380707983414 -0.021834594052905564
-1.2289757224063989 -0.022855360432591051

-1.2289757224063989 -0.022855360432591051
-1.2320949501282425 -0.02396089584047395

-1.2320949501282425 -0.02396089584047395
-1.2350685673230137 -0.024953821774749217

-1.2350685673230137 -0.024953821774749217
-1.2352141778500862 -0.025006249467347599

-1.2352141778500862 -0.025006249467347599
-1.2383334055719297 -0.025975337825908686

-1.2383334055719297 -0.025975337825908686
-1.2414526332937734 -0.02688519386129638

-1.2414526332937734 -0.02688519386129638
-1.2445718610156171 -0.027715085098538979

-1.2445718610156171 -0.027715085098538979
-1.2460128752085755 -0.028073049496592867

-1.2460128752085755 -0.028073049496592867
-1.2476910887374608 -0.02848672292197266

-1.2476910887374608 -0.02848672292197266
-1.2508103164593045 -0.029170188518422333

-1.2508103164593045 -0.029170188518422333
-1.253929544181148 -0.029785332813052175

-1.253929544181148 -0.029785332813052175
-1.2570487719029917 -0.030319979759372215

-1.2570487719029917 -0.030319979759372215
-1.2601679996248354 -0.03077205212439215

-1.2601679996248354 -0.03077205212439215
-1.2632872273466791 -0.03114097290442033

-1.2632872273466791 -0.03114097290442033
-1.2638337473383014 -0.03119227721843652

-1.2638337473383014 -0.03119227721843652
-1.2664064550685228 -0.031429370544612346

-1.2664064550685228 -0.031429370544612346
-1.2695256827903663 -0.03163475627844288

-1.2695256827903663 -0.03163475627844288
-1.27264491051221 -0.031757799925768208

-1.27264491051221 -0.031757799925768208
-1.2757641382340537 -0.03179604436773692

-1.2757641382340537 -0.03179604436773692
-1.2788833659558974 -0.031749152134758818

-1.2788833659558974 -0.031749152134758818
-1.2820025936777411 -0.031618065458217437

-1.2820025936777411 -0.031618065458217437
-1.2851218213995845 -0.031402947127139605

-1.2851218213995845 -0.031402947127139605
-1.2873481184176618 -0.03119227721843652

-1.2873481184176618 -0.03119227721843652
-1.2882410491214282 -0.031106660896650103

-1.2882410491214282 -0.031106660896650103
-1.2913602768432719 -0.030734814121175572

-1.2913602768432719 -0.030734814121175572
-1.2944795045651156 -0.030281089466868926

-1.2944795045651156 -0.030281089466868926
-1.2975987322869591 -0.02975049982730045

-1.2975987322869591 -0.02975049982730045
-1.3007179600088028 -0.029147479216775466

-1.3007179600088028 -0.029147479216775466
-1.3038371877306465 -0.028479423024375134

-1.3038371877306465 -0.028479423024375134
-1.3055335341653995 -0.028073049496592867

-1.3055335341653995 -0.028073049496592867
-1.3069564154524902 -0.027729503023080436

-1.3069564154524902 -0.027729503023080436
-1.3100756431743339 -0.026937181758693605

-1.3100756431743339 -0.026937181758693605
-1.3131948708961774 -0.026080100223036726

-1.3131948708961774 -0.026080100223036726
-1.3163140986180211 -0.025176936881916585

-1.3163140986180211 -0.025176936881916585
-1.3170029095505766 -0.024953821774749217

-1.3170029095505766 -0.024953821774749217
-1.3194333263398648 -0.024199147263121255

-1.3194333263398648 -0.024199147263121255
-1.3225525540617085 -0.02318934689313909

-1.3225525540617085 -0.02318934689313909
-1.3256717817835522 -0.022146044245699603

-1.3256717817835522 -0.022146044245699603
-1.3265176087596735 -0.021834594052905564

-1.3265176087596735 -0.021834594052905564
-1.3287910095053956 -0.021030152691001731

-1.3287910095053956 -0.021030152691001731
-1.3319102372272393 -0.019903938117450733

-1.3319102372272393 -0.019903938117450733
-1.335029464949083 -0.018738705209284046

-1.335029464949083 -0.018738705209284046
-1.3350846117026072 -0.018715366331061911

-1.3350846117026072 -0.018715366331061911
-1.3381486926709267 -0.017537337543768877

-1.3381486926709267 -0.017537337543768877
-1.3412679203927704 -0.016323771114325539

-1.3412679203927704 -0.016323771114325539
-1.3430475357610303 -0.015596138609218262

-1.3430475357610303 -0.015596138609218262
-1.3443871481146139 -0.015039885253862378

-1.3443871481146139 -0.015039885253862378
-1.3475063758364576 -0.013783584492075597

-1.3475063758364576 -0.013783584492075597
-1.3506256035583013 -0.012486868297941435

-1.3506256035583013 -0.012486868297941435
-1.3506467507960125 -0.012476910887374609

-1.3506467507960125 -0.012476910887374609
-1.353744831280145 -0.011169056289507859

-1.353744831280145 -0.011169056289507859
-1.3568640590019887 -0.0098595928508663153

-1.3568640590019887 -0.0098595928508663153
-1.3579762351189193 -0.0093576831655309573

-1.3579762351189193 -0.0093576831655309573
-1.3599832867238322 -0.008479942052042222

-1.3599832867238322 -0.008479942052042222
-1.3631025144456759 -0.0071490018155261868

-1.3631025144456759 -0.0071490018155261868
-1.3651546866531263 -0.0062384554436873043

-1.3651546866531263 -0.0062384554436873043
-1.3662217421675196 -0.0057475748219015937

-1.3662217421675196 -0.0057475748219015937
-1.3693409698893633 -0.0043986358855321629

-1.3693409698893633 -0.0043986358855321629
-1.3722482874625641 -0.0031192277218436521

-1.3722482874625641 -0.0031192277218436521
-1.372460197611207 -0.0030161965464700477

-1.372460197611207 -0.0030161965464700477
-1.3755794253330504 -0.0016590914076853645

-1.3755794253330504 -0.0016590914076853645
-1.3786986530548941 -0.00031976386887923037

-1.3786986530548941 -0.00031976386887923037
-1.3793878818793857 0

-1.3793878818793857 0
-1.3818178807767378 0.0010583583565676714

-1.3818178807767378 0.0010583583565676714
-1.3849371084985815 0.0023734513677878067

-1.3849371084985815 0.0023734513677878067
-1.3866642410437158 0.0031192277218436517

-1.3866642410437158 0.0031192277218436517
-1.388056336220425 0.0037268677705838841

-1.388056336220425 0.0037268677705838841
-1.3911755639422687 0.0050029254743599386

-1.3911755639422687 0.0050029254743599386
-1.3942077251024685 0.0062384554436873043

-1.3942077251024685 0.0062384554436873043
-1.3942947916641124 0.006277663580021596

-1.3942947916641124 0.006277663580021596
-1.3974140193859561 0.0075193843988630906

-1.3974140193859561 0.0075193843988630906
-1.4005332471077998 0.008724823683441003

-1.4005332471077998 0.008724823683441003
-1.4021459724600929 0.0093576831655309556

-1.4021459724600929 0.0093576831655309556
-1.4036524748296433 0.0099502951894955005

-1.4036524748296433 0.0099502951894955005
-1.406771702551487 0.011108055621858936

-1.406771702551487 0.011108055621858936
-1.4098909302733307 0.012241660703688937

-1.4098909302733307 0.012241660703688937
-1.4105058869599403 0.012476910887374609

-1.4105058869599403 0.012476910887374609
-1.4130101579951744 0.013381634404979846

-1.4130101579951744 0.013381634404979846
-1.4161293857170181 0.014481947454464746

-1.4161293857170181 0.014481947454464746
-1.4192486134388616 0.015565514949359538

-1.4192486134388616 0.015565514949359538
-1.4193310128754251 0.01559613860921826

-1.4193310128754251 0.01559613860921826
-1.4223678411607052 0.016632475255798123

-1.4223678411607052 0.016632475255798123
-1.4254870688825489 0.017672332004589782

-1.4254870688825489 0.017672332004589782
-1.4286062966043926 0.018687840635182848

-1.4286062966043926 0.018687840635182848
-1.428685893646457 0.018715366331061915

-1.428685893646457 0.018715366331061915
-1.4317255243262363 0.019685899300718908

-1.4317255243262363 0.019685899300718908
-1.4348447520480798 0.020654752695507029

-1.4348447520480798 0.020654752695507029
-1.4379639797699235 0.021582006434632886

-1.4379639797699235 0.021582006434632886
-1.4388000739453313 0.021834594052905568

-1.4388000739453313 0.021834594052905568
-1.4410832074917672 0.022500112461861919

-1.4410832074917672 0.022500112461861919
-1.4442024352136109 0.023369354553823635

-1.4442024352136109 0.023369354553823635
-1.4473216629354546 0.024207699871774305

-1.4473216629354546 0.024207699871774305
-1.4502246519788915 0.024953821774749217

-1.4502246519788915 0.024953821774749217
-1.4504408906572981 0.025012559642712318

-1.4504408906572981 0.025012559642712318
-1.4535601183791418 0.025772473989120304

-1.4535601183791418 0.025772473989120304
-1.4566793461009855 0.02649841028703295

-1.4566793461009855 0.02649841028703295
-1.4597985738228292 0.027189542428005517

-1.4597985738228292 0.027189542428005517
-1.4629178015446729 0.027841874381031192

-1.4629178015446729 0.027841874381031192
-1.464048749951026 0.02807304949659287

-1.464048749951026 0.02807304949659287
-1.4660370292665164 0.028473319277529528

-1.4660370292665164 0.028473319277529528
-1.4691562569883601 0.029065487175425442

-1.4691562569883601 0.029065487175425442
-1.4722754847102038 0.029630966960773882

-1.4722754847102038 0.029630966960773882
-1.4753947124320475 0.030166366871463519

-1.4753947124320475 0.030166366871463519
-1.4785139401538909 0.030675328754359955

-1.4785139401538909 0.030675328754359955
-1.4816331678757346 0.03115974771213164

-1.4816331678757346 0.03115974771213164
-1.481845104462497 0.03119227721843652

-1.481845104462497 0.03119227721843652
-1.4847523955975783 0.031623787954598984

-1.4847523955975783 0.031623787954598984
-1.487871623319422 0.032063108425230032

-1.487871623319422 0.032063108425230032
-1.4909908510412657 0.032476921000420676

-1.4909908510412657 0.032476921000420676
-1.4941100787631092 0.032859719584290077

-1.4941100787631092 0.032859719584290077
-1.4972293064849529 0.033206871684321106

-1.4972293064849529 0.033206871684321106
-1.5003485342067966 0.033517979720170191

-1.5003485342067966 0.033517979720170191
-1.5034677619286403 0.033793125053967289

-1.5034677619286403 0.033793125053967289
-1.506586989650484 0.03402996723211759

-1.506586989650484 0.03402996723211759
-1.5097062173723275 0.034224558666246331

-1.5097062173723275 0.034224558666246331
-1.5114442685769236 0.034311504940280173

-1.5114442685769236 0.034311504940280173
-1.5128254450941712 0.034380600394174191

-1.5128254450941712 0.034380600394174191
-1.5159446728160149 0.034498006039981925

-1.5159446728160149 0.034498006039981925
-1.5190639005378586 0.034574440796553835

-1.5190639005378586 0.034574440796553835
-1.5221831282597023 0.034611162241308793

-1.5221831282597023 0.034611162241308793
-1.5253023559815457 0.03461006630851713

-1.5253023559815457 0.03461006630851713
-1.5284215837033894 0.03457103161379188

-1.5284215837033894 0.03457103161379188
-1.5315408114252331 0.03449511366622602

-1.5315408114252331 0.03449511366622602
-1.5346600391470768 0.034384451110475757

-1.5346600391470768 0.034384451110475757
-1.5362159039566248 0.034311504940280173

-1.5362159039566248 0.034311504940280173
-1.5377792668689205 0.034238102642258073

-1.5377792668689205 0.034238102642258073
-1.540898494590764 0.034058037903235687

-1.540898494590764 0.034058037903235687
-1.5440177223126077 0.033845433840500518

-1.5440177223126077 0.033845433840500518
-1.5471369500344514 0.033600520589228272

-1.5471369500344514 0.033600520589228272
-1.5502561777562951 0.033322844952005472

-1.5502561777562951 0.033322844952005472
-1.5533754054781388 0.033011955847648676

-1.5533754054781388 0.033011955847648676
-1.5564946331999823 0.032667682143162444

-1.5564946331999823 0.032667682143162444
-1.559613860921826 0.032289687087635993

-1.559613860921826 0.032289687087635993
-1.5627330886436697 0.031877275136367539

-1.5627330886436697 0.031877275136367539
-1.5658523163655134 0.031432346492726686

-1.5658523163655134 0.031432346492726686
-1.5673926281387653 0.03119227721843652

-1.5673926281387653 0.03119227721843652
-1.5689715440873568 0.030945964309479736

-1.5689715440873568 0.030945964309479736
-1.5720907718092005 0.030431824106509759

-1.5720907718092005 0.030431824106509759
-1.5752099995310442 0.029879350420256131

-1.5752099995310442 0.029879350420256131
-1.5783292272528879 0.029289965357075197

-1.5783292272528879 0.029289965357075197
-1.5814484549747316 0.028664483922724214

-1.5814484549747316 0.028664483922724214
-1.5842339443528812 0.02807304949659287

-1.5842339443528812 0.02807304949659287
-1.5845676826965751 0.027998988319217932

-1.5845676826965751 0.027998988319217932
-1.5876869104184188 0.027305943514485197

-1.5876869104184188 0.027305943514485197
-1.5908061381402625 0.026577132110100037

-1.5908061381402625 0.026577132110100037
-1.5939253658621062 0.025815184212666115

-1.5939253658621062 0.025815184212666115
-1.5970445935839499 0.025024760738747934

-1.5970445935839499 0.025024760738747934
-1.597297889592985 0.024953821774749217

-1.597297889592985 0.024953821774749217
-1.6001638213057934 0.02419468450378303

-1.6001638213057934 0.02419468450378303
-1.6032830490276371 0.023339310802925475

-1.6032830490276371 0.023339310802925475
-1.6064022767494808 0.022458674133875534

-1.6064022767494808 0.022458674133875534
-1.6085112237188552 0.021834594052905568

-1.6085112237188552 0.021834594052905568
-1.6095215044713245 0.021527226389899255

-1.6095215044713245 0.021527226389899255
-1.6126407321931682 0.020592430553605313

-1.6126407321931682 0.020592430553605313
-1.6157599599150116 0.019620773992342539

-1.6157599599150116 0.019620773992342539
-1.6185717254872971 0.018715366331061915

-1.6185717254872971 0.018715366331061915
-1.6188791876368553 0.018609361270997656

-1.6188791876368553 0.018609361270997656
-1.621998415358699 0.017579710353971715

-1.621998415358699 0.017579710353971715
-1.6251176430805427 0.01651296713389654

-1.6251176430805427 0.01651296713389654
-1.6277017590432172 0.01559613860921826

-1.6277017590432172 0.01559613860921826
-1.6282368708023864 0.015394217314282525

-1.6282368708023864 0.015394217314282525
-1.6313560985242299 0.014267098324894943

-1.6313560985242299 0.014267098324894943
-1.6344753262460736 0.013105216629184173

-1.6344753262460736 0.013105216629184173
-1.6360506596707873 0.012476910887374609

-1.6360506596707873 0.012476910887374609
-1.6375945539679173 0.011859520068953905

-1.6375945539679173 0.011859520068953905
-1.640713781689761 0.010621014845365935

-1.640713781689761 0.010621014845365935
-1.6437648625991219 0.0093576831655309556

-1.6437648625991219 0.0093576831655309556
-1.6438330094116045 0.009326313899303636

-1.6438330094116045 0.009326313899303636
-1.6469522371334482 0.0080001654002156489

-1.6469522371334482 0.0080001654002156489
-1.6500714648552919 0.0066578570803495695

-1.6500714648552919 0.0066578570803495695
-1.6509517440560797 0.0062384554436873043

-1.6509517440560797 0.0062384554436873043
-1.6531906925771356 0.0052227798174042236

-1.6531906925771356 0.0052227798174042236
-1.6563099202989793 0.00381681017664971

-1.6563099202989793 0.00381681017664971
-1.6577397972455872 0.0031192277218436517

-1.6577397972455872 0.0031192277218436517
-1.6594291480208228 0.0023022481171390049

-1.6594291480208228 0.0023022481171390049
-1.6625483757426665 0.00084190134058293939

-1.6625483757426665 0.00084190134058293939
-1.6642179290792829 0

-1.6642179290792829 0
-1.6656676034645101 -0.00073856834846080751

-1.6656676034645101 -0.00073856834846080751
-1.6687868311863538 -0.0022534665714367872

-1.6687868311863538 -0.0022534665714367872
-1.6704325621680123 -0.0031192277218436521

-1.6704325621680123 -0.0031192277218436521
-1.6719060589081975 -0.0039010749458044417

-1.6719060589081975 -0.0039010749458044417
-1.675025286630041 -0.0054683853942122948

-1.675025286630041 -0.0054683853942122948
-1.6764196801226008 -0.0062384554436873043

-1.6764196801226008 -0.0062384554436873043
-1.6781445143518847 -0.0071785386378198091

-1.6781445143518847 -0.0071785386378198091
-1.6812637420737284 -0.0088039946189193592

-1.6812637420737284 -0.0088039946189193592
-1.6822017408310579 -0.0093576831655309573

-1.6822017408310579 -0.0093576831655309573
-1.6843829697955721 -0.010575494437132469

-1.6843829697955721 -0.010575494437132469
-1.6875021975174158 -0.012291269242215418

-1.6875021975174158 -0.012291269242215418
-1.6877912843794474 -0.012476910887374609

-1.6877912843794474 -0.012476910887374609
-1.6906214252392593 -0.014091184638411572

-1.6906214252392593 -0.014091184638411572
-1.6932026788324173 -0.015596138609218262

-1.6932026788324173 -0.015596138609218262
-1.693740652961103 -0.015943024146858036

-1.693740652961103 -0.015943024146858036
-1.6968598806829467 -0.017715401624795755

-1.6968598806829467 -0.017715401624795755
-1.6984686980929256 -0.018715366331061911

-1.6984686980929256 -0.018715366331061911
-1.6999791084047904 -0.019659963351159861

-1.6999791084047904 -0.019659963351159861
-1.7030983361266341 -0.02148177508071138

-1.7030983361266341 -0.02148177508071138
-1.7036171891096819 -0.021834594052905564

-1.7036171891096819 -0.021834594052905564
-1.7062175638484776 -0.023432570268259411

-1.7062175638484776 -0.023432570268259411
-1.7086527833776446 -0.024953821774749217

-1.7086527833776446 -0.024953821774749217
-1.7093367915703213 -0.025421120848118945

-1.7093367915703213 -0.025421120848118945
-1.712456019292165 -0.0272887326306793

-1.712456019292165 -0.0272887326306793
-1.713616102299613 -0.028073049496592867

-1.713616102299613 -0.028073049496592867
-1.7155752470140087 -0.029344133269732744

-1.7155752470140087 -0.029344133269732744
-1.718495097361161 -0.03119227721843652

-1.718495097361161 -0.03119227721843652
-1.7186944747358524 -0.031336017324580051

-1.7186944747358524 -0.031336017324580051
-1.7218137024576958 -0.033289636925440756

-1.7218137024576958 -0.033289636925440756
-1.7233056940863762 -0.034311504940280173

-1.7233056940863762 -0.034311504940280173
-1.7249329301795395 -0.035419003718666804

-1.7249329301795395 -0.035419003718666804
-1.7280313658330115 -0.037430732662123829

-1.7280313658330115 -0.037430732662123829
-1.7280521579013832 -0.037446281321928759

-1.7280521579013832 -0.037446281321928759
-1.7311713856232269 -0.039486361791043194

-1.7311713856232269 -0.039486361791043194
-1.7326669365891954 -0.040549960383967479

-1.7326669365891954 -0.040549960383967479
-1.7342906133450704 -0.041698325337420558

-1.7342906133450704 -0.041698325337420558
-1.7372050225346827 -0.043669188105811135

-1.7372050225346827 -0.043669188105811135
-1.7374098410669141 -0.04382611165142361

-1.7374098410669141 -0.04382611165142361
-1.7405290687887578 -0.045915570411904832

-1.7405290687887578 -0.045915570411904832
-1.7416948579268015 -0.046788415827654785

-1.7416948579268015 -0.046788415827654785
-1.7436482965106015 -0.048195666552943002

-1.7436482965106015 -0.048195666552943002
-1.7460495980442481 -0.049907643549498434

-1.7460495980442481 -0.049907643549498434
-1.7467675242324452 -0.05046325683337026

-1.7467675242324452 -0.05046325683337026
-1.7498867519542887 -0.052592837486246047

-1.7498867519542887 -0.052592837486246047
-1.7504402711915503 -0.053026871271342091

-1.7504402711915503 -0.053026871271342091
-1.7530059796761324 -0.054866353494353995

-1.7530059796761324 -0.054866353494353995
-1.7546994767428827 -0.05614609899318574

-1.7546994767428827 -0.05614609899318574
-1.7561252073979761 -0.057239283447024676

-1.7561252073979761 -0.057239283447024676
-1.7589434662908403 -0.05926532671502939

-1.7589434662908403 -0.05926532671502939
-1.7592444351198198 -0.059506260097892699

-1.7592444351198198 -0.059506260097892699
-1.7623636628416635 -0.06169166147060124

-1.7623636628416635 -0.06169166147060124
-1.763245600960071 -0.062384554436873046

-1.763245600960071 -0.062384554436873046
-1.7654828905635069 -0.064034421681507803

-1.7654828905635069 -0.064034421681507803
-1.7674430268124568 -0.065503782158716689

-1.7674430268124568 -0.065503782158716689
-1.7686021182853506 -0.066407160446792929

-1.7686021182853506 -0.066407160446792929
-1.7717132745607482 -0.068623009880560346

-1.7717132745607482 -0.068623009880560346
-1.7717213460071943 -0.068629518956377658

-1.7717213460071943 -0.068629518956377658
-1.774840573729038 -0.07084030274510765

-1.774840573729038 -0.07084030274510765
-1.7760120095445855 -0.071742237602403988

-1.7760120095445855 -0.071742237602403988
-1.7779598014508817 -0.073184905760601562

-1.7779598014508817 -0.073184905760601562
-1.7802751044736485 -0.074861465324247645

-1.7802751044736485 -0.074861465324247645
-1.7810790291727252 -0.075486756133753705

-1.7810790291727252 -0.075486756133753705
-1.7841982568945689 -0.077618536807648991

-1.7841982568945689 -0.077618536807648991
-1.7846624587770747 -0.077980693046091301

-1.7846624587770747 -0.077980693046091301
-1.7873174846164126 -0.079852844040956966

-1.7873174846164126 -0.079852844040956966
-1.7890106824502323 -0.081099920767934958

-1.7890106824502323 -0.081099920767934958
-1.7904367123382563 -0.082165002354888869

-1.7904367123382563 -0.082165002354888869
-1.7934172291934869 -0.0842191484897786

-1.7934172291934869 -0.0842191484897786
-1.7935559400601 -0.084327111614278402

-1.7935559400601 -0.084327111614278402
-1.7966751677819435 -0.086432669170980497

-1.7966751677819435 -0.086432669170980497
-1.7979026136871192 -0.087338376211622257

-1.7979026136871192 -0.087338376211622257
-1.7997943955037872 -0.088685000497731009

-1.7997943955037872 -0.088685000497731009
-1.8023941077417878 -0.090457603933465913

-1.8023941077417878 -0.090457603933465913
-1.8029136232256309 -0.090848074289291605

-1.8029136232256309 -0.090848074289291605
-1.8060328509474746 -0.092860412517787649

-1.8060328509474746 -0.092860412517787649
-1.8070287570271415 -0.093576831655309556

-1.8070287570271415 -0.093576831655309556
-1.8091520786693183 -0.095014306927865819

-1.8091520786693183 -0.095014306927865819
-1.8117304101599629 -0.096696059377153212

-1.8117304101599629 -0.096696059377153212
-1.8122713063911617 -0.097084917365811693

-1.8122713063911617 -0.097084917365811693
-1.8153905341130054 -0.098988308483799331

-1.8153905341130054 -0.098988308483799331
-1.8166448984057986 -0.099815287098996869

-1.8166448984057986 -0.099815287098996869
-1.8185097618348491 -0.10100360890672962

-1.8185097618348491 -0.10100360890672962
-1.8216289895566928 -0.10283855305732949

-1.8216289895566928 -0.10283855305732949
-1.8217740647430265 -0.10293451482084051

-1.8217740647430265 -0.10293451482084051
-1.8247482172785363 -0.10464770426744867

-1.8247482172785363 -0.10464770426744867
-1.8272734354258415 -0.10605374254268417

-1.8272734354258415 -0.10605374254268417
-1.82786744500038 -0.10641428437785287

-1.82786744500038 -0.10641428437785287
-1.8309866727222237 -0.10801632314346529

-1.8309866727222237 -0.10801632314346529
-1.8332800285594648 -0.10917297026452782

-1.8332800285594648 -0.10917297026452782
-1.8341059004440674 -0.10961397582908873

-1.8341059004440674 -0.10961397582908873
-1.8372251281659111 -0.11105285150149524

-1.8372251281659111 -0.11105285150149524
-1.8400283645421862 -0.11229219798637147

-1.8400283645421862 -0.11229219798637147
-1.8403443558877546 -0.11244472409421613

-1.8403443558877546 -0.11244472409421613
-1.8434635836095983 -0.11371479653966234

-1.8434635836095983 -0.11371479653966234
-1.846582811331442 -0.11489233857080422

-1.846582811331442 -0.11489233857080422
-1.8480171854067462 -0.11541142570821512

-1.8480171854067462 -0.11541142570821512
-1.8497020390532857 -0.11601448366285895

-1.8497020390532857 -0.11601448366285895
-1.8528212667751294 -0.11701404590674497

-1.8528212667751294 -0.11701404590674497
-1.8559404944969728 -0.11792966250158846

-1.8559404944969728 -0.11792966250158846
-1.8582105225950716 -0.11853065343005878

-1.8582105225950716 -0.11853065343005878
-1.8590597222188165 -0.11876151032435962

-1.8590597222188165 -0.11876151032435962
-1.8621789499406602 -0.11947908476680932

-1.8621789499406602 -0.11947908476680932
-1.8652981776625039 -0.12010837423794019

-1.8652981776625039 -0.12010837423794019
-1.8684174053843476 -0.12063378847674991

-1.8684174053843476 -0.12063378847674991
-1.8715366331061911 -0.12104911339006461

-1.8715366331061911 -0.12104911339006461
-1.8746558608280348 -0.12134879731374131

-1.8746558608280348 -0.12134879731374131
-1.8777750885498785 -0.12152815978365893

-1.8777750885498785 -0.12152815978365893
-1.8808943162717222 -0.12159013585324611

-1.8808943162717222 -0.12159013585324611
-1.8840135439935659 -0.12153966799220015

-1.8840135439935659 -0.12153966799220015
-1.8871327717154094 -0.12137730257191374

-1.8871327717154094 -0.12137730257191374
-1.8902519994372531 -0.12109916297664784

-1.8902519994372531 -0.12109916297664784
-1.8933712271590968 -0.12069868251617688

-1.8933712271590968 -0.12069868251617688
-1.8964904548809405 -0.12017437503918688

-1.8964904548809405 -0.12017437503918688
-1.8996096826027842 -0.11952925425236746

-1.8996096826027842 -0.11952925425236746
-1.9027289103246277 -0.11877397767375897

-1.9027289103246277 -0.11877397767375897
-1.9035614903558347 -0.11853065343005878

-1.9035614903558347 -0.11853065343005878
-1.9058481380464714 -0.11788140075976199

-1.9058481380464714 -0.11788140075976199
-1.908967365768315 -0.11689066942062248

-1.908967365768315 -0.11689066942062248
-1.9120865934901587 -0.11580010374809194

-1.9120865934901587 -0.11580010374809194
-1.91304010216285 -0.11541142570821512

-1.91304010216285 -0.11541142570821512
-1.9152058212120022 -0.11455866285534216

-1.9152058212120022 -0.11455866285534216
-1.9183250489338459 -0.11325737615189931

-1.9183250489338459 -0.11325737615189931
-1.9204204108816201 -0.11229219798637147

-1.9204204108816201 -0.11229219798637147
-1.9214442766556896 -0.11179928920077302

-1.9214442766556896 -0.11179928920077302
-1.9245635043775333 -0.11031825321471571

-1.9245635043775333 -0.11031825321471571
-1.9267494332532586 -0.10917297026452782

-1.9267494332532586 -0.10917297026452782
-1.927682732099377 -0.10865501625359446

-1.927682732099377 -0.10865501625359446
-1.9308019598212205 -0.10701518446352717

-1.9308019598212205 -0.10701518446352717
-1.9324232188801618 -0.10605374254268417

-1.9324232188801618 -0.10605374254268417
-1.9339211875430642 -0.10515746508217599

-1.9339211875430642 -0.10515746508217599
-1.9370404152649079 -0.10337870293848611

-1.9370404152649079 -0.10337870293848611
-1.9376985734622039 -0.10293451482084051

-1.9376985734622039 -0.10293451482084051
-1.9401596429867516 -0.10141030508788543

-1.9401596429867516 -0.10141030508788543
-1.942674089910758 -0.099815287098996869

-1.942674089910758 -0.099815287098996869
-1.9432788707085953 -0.09939251505299572

-1.9432788707085953 -0.09939251505299572
-1.9463980984304388 -0.097470142371486934

-1.9463980984304388 -0.097470142371486934
-1.9474893983299204 -0.096696059377153212

-1.9474893983299204 -0.096696059377153212
-1.9495173261522825 -0.095322952666996669

-1.9495173261522825 -0.095322952666996669
-1.9521159686520249 -0.093576831655309556

-1.9521159686520249 -0.093576831655309556
-1.9526365538741262 -0.093189691554279017

-1.9526365538741262 -0.093189691554279017
-1.9557557815959699 -0.091156830347865411

-1.9557557815959699 -0.091156830347865411
-1.9566905199333062 -0.090457603933465913

-1.9566905199333062 -0.090457603933465913
-1.9588750093178136 -0.08891872647542319

-1.9588750093178136 -0.08891872647542319
-1.9610953874719808 -0.087338376211622257

-1.9610953874719808 -0.087338376211622257
-1.961994237039657 -0.086654953336919985

-1.961994237039657 -0.086654953336919985
-1.9651134647615007 -0.084535907129249299

-1.9651134647615007 -0.084535907129249299
-1.9655172986578637 -0.0842191484897786

-1.9655172986578637 -0.0842191484897786
-1.9682326924833444 -0.082294094325139303

-1.9682326924833444 -0.082294094325139303
-1.9698188591267867 -0.081099920767934958

-1.9698188591267867 -0.081099920767934958
-1.9713519202051881 -0.079942520201149198

-1.9713519202051881 -0.079942520201149198
-1.9741117504880032 -0.077980693046091301

-1.9741117504880032 -0.077980693046091301
-1.9744711479270318 -0.077697066462915909

-1.9744711479270318 -0.077697066462915909
-1.9775903756488753 -0.075552959780205389

-1.9775903756488753 -0.075552959780205389
-1.9784874950842104 -0.074861465324247645

-1.9784874950842104 -0.074861465324247645
-1.980709603370719 -0.073256773534733768

-1.980709603370719 -0.073256773534733768
-1.9828147397679303 -0.071742237602403988

-1.9828147397679303 -0.071742237602403988
-1.9838288310925627 -0.070973607913954032

-1.9838288310925627 -0.070973607913954032
-1.9869480588144064 -0.068885306986040243

-1.9869480588144064 -0.068885306986040243
-1.9872914957056329 -0.068623009880560346

-1.9872914957056329 -0.068623009880560346
-1.9900672865362501 -0.066732772841926011

-1.9900672865362501 -0.066732772841926011
-1.991817156281156 -0.065503782158716689

-1.991817156281156 -0.065503782158716689
-1.9931865142580936 -0.064523788755276881

-1.9931865142580936 -0.064523788755276881
-1.9963057419799373 -0.062503965308780107

-1.9963057419799373 -0.062503965308780107
-1.9964670384819672 -0.062384554436873046

-1.9964670384819672 -0.062384554436873046
-1.999424969701781 -0.06046656616470085

-1.999424969701781 -0.06046656616470085
-2.0012265005906009 -0.05926532671502939

-2.0012265005906009 -0.05926532671502939
-2.0025441974236249 -0.058364834457131254

-2.0025441974236249 -0.058364834457131254
-2.0056634251454684 -0.056460262787077817

-2.0056634251454684 -0.056460262787077817
-2.0061132570154347 -0.05614609899318574

-2.0061132570154347 -0.05614609899318574
-2.0087826528673123 -0.054478251193217107

-2.0087826528673123 -0.054478251193217107
-2.0111218145038516 -0.053026871271342091

-2.0111218145038516 -0.053026871271342091
-2.0119018805891558 -0.052504181788650676

-2.0119018805891558 -0.052504181788650676
-2.0150211083109992 -0.050705118754383618

-2.0150211083109992 -0.050705118754383618
-2.0162981271545881 -0.049907643549498434

-2.0162981271545881 -0.049907643549498434
-2.0181403360328432 -0.048790693415461515

-2.0181403360328432 -0.048790693415461515
-2.0212595637546866 -0.04703965343470478

-2.0212595637546866 -0.04703965343470478
-2.0216560250801159 -0.046788415827654785

-2.0216560250801159 -0.046788415827654785
-2.0243787914765305 -0.045247083975400976

-2.0243787914765305 -0.045247083975400976
-2.0272445269662156 -0.043669188105811135

-2.0272445269662156 -0.043669188105811135
-2.027498019198374 -0.043512022936024221

-2.027498019198374 -0.043512022936024221
-2.0306172469202175 -0.041863666180731958

-2.0306172469202175 -0.041863666180731958
-2.0331157485275435 -0.040549960383967479

-2.0331157485275435 -0.040549960383967479
-2.0337364746420614 -0.040196080391966413

-2.0337364746420614 -0.040196080391966413
-2.0368557023639049 -0.038645056133666041

-2.0368557023639049 -0.038645056133666041
-2.0392894581335863 -0.037430732662123829

-2.0392894581335863 -0.037430732662123829
-2.0399749300857488 -0.037063497356298741

-2.0399749300857488 -0.037063497356298741
-2.0430941578075923 -0.035588443481283441

-2.0430941578075923 -0.035588443481283441
-2.0458138283203389 -0.034311504940280173

-2.0458138283203389 -0.034311504940280173
-2.0462133855294358 -0.034106271915804086

-2.0462133855294358 -0.034106271915804086
-2.0493326132512797 -0.032702825233259653

-2.0493326132512797 -0.032702825233259653
-2.0524518409731232 -0.031338334495894432

-2.0524518409731232 -0.031338334495894432
-2.0527633069029174 -0.03119227721843652

-2.0527633069029174 -0.03119227721843652
-2.0555710686949671 -0.029990727255217356

-2.0555710686949671 -0.029990727255217356
-2.0586902964168106 -0.028721286484909788

-2.0586902964168106 -0.028721286484909788
-2.0602787104615685 -0.028073049496592867

-2.0602787104615685 -0.028073049496592867
-2.061809524138654 -0.027448209316421536

-2.061809524138654 -0.027448209316421536
-2.064928751860498 -0.026265985367394367

-2.064928751860498 -0.026265985367394367
-2.0680479795823414 -0.025130056059600617

-2.0680479795823414 -0.025130056059600617
-2.0685166108260407 -0.024953821774749217

-2.0685166108260407 -0.024953821774749217
-2.0711672073041854 -0.024020293879138045

-2.0711672073041854 -0.024020293879138045
-2.0742864350260288 -0.02297125339849038

-2.0742864350260288 -0.02297125339849038
-2.0774056627478723 -0.021974679096711379

-2.0774056627478723 -0.021974679096711379
-2.0778354819515621 -0.021834594052905564

-2.0778354819515621 -0.021834594052905564
-2.0805248904697162 -0.021008557176422218

-2.0805248904697162 -0.021008557176422218
-2.0836441181915597 -0.020102945568207849

-2.0836441181915597 -0.020102945568207849
-2.0867633459134036 -0.019250461340031277

-2.0867633459134036 -0.019250461340031277
-2.0887952109532799 -0.018715366331061911

-2.0887952109532799 -0.018715366331061911
-2.0898825736352471 -0.018423631898067602

-2.0898825736352471 -0.018423631898067602
-2.0930018013570906 -0.017660047261079909

-2.0930018013570906 -0.017660047261079909
-2.0961210290789345 -0.016937639738689118

-2.0961210290789345 -0.016937639738689118
-2.099240256800778 -0.016261312624386959

-2.099240256800778 -0.016261312624386959
-2.1023594845226219 -0.015627952311025976

-2.1023594845226219 -0.015627952311025976
-2.1025190932593603 -0.015596138609218262

-2.1025190932593603 -0.015596138609218262
-2.1054787122444654 -0.015032414720793873

-2.1054787122444654 -0.015032414720793873
-2.1085979399663088 -0.014480480396465288

-2.1085979399663088 -0.014480480396465288
-2.1117171676881528 -0.013970200705677343

-2.1117171676881528 -0.013970200705677343
-2.1148363954099962 -0.013500584339789727

-2.1148363954099962 -0.013500584339789727
-2.1179556231318402 -0.013072852999449977

-2.1179556231318402 -0.013072852999449977
-2.1210748508536836 -0.012689570209091857

-2.1210748508536836 -0.012689570209091857
-2.1229989788662773 -0.012476910887374609

-2.1229989788662773 -0.012476910887374609
-2.1241940785755271 -0.012344176254290476

-2.1241940785755271 -0.012344176254290476
-2.127313306297371 -0.012042286113975089

-2.127313306297371 -0.012042286113975089
-2.1304325340192145 -0.011782617787588301

-2.1304325340192145 -0.011782617787588301
-2.133551761741058 -0.011569275828501584

-2.133551761741058 -0.011569275828501584
-2.1366709894629019 -0.011402784152472221

-2.1366709894629019 -0.011402784152472221
-2.1397902171847454 -0.011283534613577204

-2.1397902171847454 -0.011283534613577204
-2.1429094449065893 -0.011211193907952825

-2.1429094449065893 -0.011211193907952825
-2.1460286726284328 -0.011185676576676372

-2.1460286726284328 -0.011185676576676372
-2.1491479003502763 -0.011208152453091104

-2.1491479003502763 -0.011208152453091104
-2.1522671280721202 -0.011279993701283056

-2.1522671280721202 -0.011279993701283056
-2.1553863557939636 -0.011401082856313138

-2.1553863557939636 -0.011401082856313138
-2.1585055835158076 -0.011569731822431022

-2.1585055835158076 -0.011569731822431022
-2.161624811237651 -0.011784100714337168

-2.161624811237651 -0.011784100714337168
-2.1647440389594945 -0.012043969985491962

-2.1647440389594945 -0.012043969985491962
-2.1678632666813384 -0.012348833450704502

-2.1678632666813384 -0.012348833450704502
-2.1689855021187845 -0.012476910887374609

-2.1689855021187845 -0.012476910887374609
-2.1709824944031819 -0.012703429118407068

-2.1709824944031819 -0.012703429118407068
-2.1741017221250258 -0.013099281336078595

-2.1741017221250258 -0.013099281336078595
-2.1772209498468693 -0.013539139769497315

-2.1772209498468693 -0.013539139769497315
-2.1803401775687128 -0.014023376167007325

-2.1803401775687128 -0.014023376167007325
-2.1834594052905567 -0.014554255206395432

-2.1834594052905567 -0.014554255206395432
-2.1865786330124002 -0.015132184043248297

-2.1865786330124002 -0.015132184043248297
-2.1888721688866086 -0.015596138609218262

-2.1888721688866086 -0.015596138609218262
-2.1896978607342441 -0.015767593555603265

-2.1896978607342441 -0.015767593555603265
-2.1928170884560876 -0.016439969324703305

-2.1928170884560876 -0.016439969324703305
-2.1959363161779311 -0.017165043998053103

-2.1959363161779311 -0.017165043998053103
-2.199055543899775 -0.017939623602727918

-2.199055543899775 -0.017939623602727918
-2.2019853241830152 -0.018715366331061911

-2.2019853241830152 -0.018715366331061911
-2.2021747716216185 -0.01876874455660292

-2.2021747716216185 -0.01876874455660292
-2.2052939993434624 -0.019641863895544176

-2.2052939993434624 -0.019641863895544176
-2.2084132270653059 -0.020567558480104428

-2.2084132270653059 -0.020567558480104428
-2.2115324547871493 -0.021530213918332874

-2.2115324547871493 -0.021530213918332874
-2.2124229727736249 -0.021834594052905564

-2.2124229727736249 -0.021834594052905564
-2.2146516825089932 -0.022570880932942655

-2.2146516825089932 -0.022570880932942655
-2.2177709102308367 -0.02363795618378255

-2.2177709102308367 -0.02363795618378255
-2.2208901379526806 -0.024745123297530276

-2.2208901379526806 -0.024745123297530276
-2.2214121525832691 -0.024953821774749217

-2.2214121525832691 -0.024953821774749217
-2.2240093656745241 -0.025929347876245405

-2.2240093656745241 -0.025929347876245405
-2.2271285933963676 -0.027137469363594822

-2.2271285933963676 -0.027137469363594822
-2.2294149706898003 -0.028073049496592867

-2.2294149706898003 -0.028073049496592867
-2.2302478211182115 -0.028431756036451289

-2.2302478211182115 -0.028431756036451289
-2.233367048840055 -0.029732385110399377

-2.233367048840055 -0.029732385110399377
-2.2364862765618989 -0.031097749140864196

-2.2364862765618989 -0.031097749140864196
-2.2366712046943138 -0.03119227721843652

-2.2366712046943138 -0.03119227721843652
-2.2396055042837424 -0.032543812468611232

-2.2396055042837424 -0.032543812468611232
-2.2427247320055859 -0.034018024154423128

-2.2427247320055859 -0.034018024154423128
-2.2432609733614322 -0.034311504940280173

-2.2432609733614322 -0.034311504940280173
-2.2458439597274298 -0.035612320925460059

-2.2458439597274298 -0.035612320925460059
-2.2489631874492733 -0.037218730470947751

-2.2489631874492733 -0.037218730470947751
-2.249311156355942 -0.037430732662123829

-2.249311156355942 -0.037430732662123829
-2.2520824151711172 -0.038946071712291447

-2.2520824151711172 -0.038946071712291447
-2.2549043540549478 -0.040549960383967479

-2.2549043540549478 -0.040549960383967479
-2.2552016428929607 -0.040741177004928242

-2.2552016428929607 -0.040741177004928242
-2.2583208706148041 -0.042528728038530708

-2.2583208706148041 -0.042528728038530708
-2.2601412108955539 -0.043669188105811135

-2.2601412108955539 -0.043669188105811135
-2.2614400983366481 -0.044507239455566457

-2.2614400983366481 -0.044507239455566457
-2.2645593260584915 -0.046384411237602369

-2.2645593260584915 -0.046384411237602369
-2.2651289731915938 -0.046788415827654785

-2.2651289731915938 -0.046788415827654785
-2.2676785537803354 -0.048434722621439677

-2.2676785537803354 -0.048434722621439677
-2.2698634697113125 -0.049907643549498434

-2.2698634697113125 -0.049907643549498434
-2.2707977815021789 -0.05058216438186388

-2.2707977815021789 -0.05058216438186388
-2.2739170092240224 -0.052607392835059975

-2.2739170092240224 -0.052607392835059975
-2.2744691597314382 -0.053026871271342091

-2.2744691597314382 -0.053026871271342091
-2.2770362369458663 -0.054809268805777897

-2.2770362369458663 -0.054809268805777897
-2.2788395510901034 -0.05614609899318574

-2.2788395510901034 -0.05614609899318574
-2.2801554646677098 -0.057149961258700012

-2.2801554646677098 -0.057149961258700012
-2.2830794690447207 -0.05926532671502939

-2.2830794690447207 -0.05926532671502939
-2.2832746923895537 -0.059424202690397103

-2.2832746923895537 -0.059424202690397103
-2.2863939201113972 -0.06169273907821448

-2.2863939201113972 -0.06169273907821448
-2.2872334649244612 -0.062384554436873046

-2.2872334649244612 -0.062384554436873046
-2.2895131478332407 -0.064167660649196392

-2.2895131478332407 -0.064167660649196392
-2.2911239642959971 -0.065503782158716689

-2.2911239642959971 -0.065503782158716689
-2.2926323755550846 -0.066769201371057435

-2.2926323755550846 -0.066769201371057435
-2.2948574064809795 -0.068623009880560346

-2.2948574064809795 -0.068623009880560346
-2.2957516032769281 -0.069406518440168222

-2.2957516032769281 -0.069406518440168222
-2.2985369344825264 -0.071742237602403988

-2.2985369344825264 -0.071742237602403988
-2.298870830998772 -0.072044178898783701

-2.298870830998772 -0.072044178898783701
-2.3019900587206155 -0.074711225176596299

-2.3019900587206155 -0.074711225176596299
-2.3021515738957601 -0.074861465324247645

-2.3021515738957601 -0.074861465324247645
-2.3051092864424589 -0.077495588543205512

-2.3051092864424589 -0.077495588543205512
-2.305622408593746 -0.077980693046091301

-2.305622408593746 -0.077980693046091301
-2.3082285141643029 -0.080387887175305622

-2.3082285141643029 -0.080387887175305622
-2.3089706680325683 -0.081099920767934958

-2.3089706680325683 -0.081099920767934958
-2.3113477418861463 -0.083359782198424187

-2.3113477418861463 -0.083359782198424187
-2.3122300087801926 -0.0842191484897786

-2.3122300087801926 -0.0842191484897786
-2.3144669696079898 -0.086395391429335291

-2.3144669696079898 -0.086395391429335291
-2.3154224307845555 -0.087338376211622257

-2.3154224307845555 -0.087338376211622257
-2.3175861973298337 -0.089478653270118239

-2.3175861973298337 -0.089478653270118239
-2.3185682281271376 -0.090457603933465913

-2.3185682281271376 -0.090457603933465913
-2.3207054250516772 -0.092596887255319324

-2.3207054250516772 -0.092596887255319324
-2.3216810441066693 -0.093576831655309556

-2.3216810441066693 -0.093576831655309556
-2.3238246527735211 -0.09574129330135632

-2.3238246527735211 -0.09574129330135632
-2.3247700551768808 -0.096696059377153212

-2.3247700551768808 -0.096696059377153212
-2.3269438804953646 -0.09890292111314665

-2.3269438804953646 -0.09890292111314665
-2.3278454716589914 -0.099815287098996869

-2.3278454716589914 -0.099815287098996869
-2.3300631082172081 -0.10206803860184957

-2.3300631082172081 -0.10206803860184957
-2.3309203710906323 -0.10293451482084051

-2.3309203710906323 -0.10293451482084051
-2.333182335939052 -0.10522501400982519

-2.333182335939052 -0.10522501400982519
-2.3340050127963261 -0.10605374254268417

-2.3340050127963261 -0.10605374254268417
-2.3363015636608955 -0.1083627598041698

-2.3363015636608955 -0.1083627598041698
-2.3371115213871634 -0.10917297026452782

-2.3371115213871634 -0.10917297026452782
-2.3394207913827394 -0.11146457055582945

-2.3394207913827394 -0.11146457055582945
-2.340257690151037 -0.11229219798637147

-2.340257690151037 -0.11229219798637147
-2.3425400191045829 -0.11451623645458615

-2.3425400191045829 -0.11451623645458615
-2.3434598287423203 -0.11541142570821512

-2.3434598287423203 -0.11541142570821512
-2.3456592468264263 -0.11750514480817183

-2.3456592468264263 -0.11750514480817183
-2.3467376464663974 -0.11853065343005878

-2.3467376464663974 -0.11853065343005878
-2.3487784745482703 -0.12042152272392777

-2.3487784745482703 -0.12042152272392777
-2.3501136504164966 -0.12164988115190242

-2.3501136504164966 -0.12164988115190242
-2.3518977022701137 -0.12325538778061479

-2.3518977022701137 -0.12325538778061479
-2.3536281852505652 -0.12476910887374608

-2.3536281852505652 -0.12476910887374608
-2.3550169299919577 -0.12598076799121433

-2.3550169299919577 -0.12598076799121433
-2.3573918237672702 -0.12788833659558974

-2.3573918237672702 -0.12788833659558974
-2.3581361577138011 -0.12851507085162742

-2.3581361577138011 -0.12851507085162742
-2.3612553854356446 -0.13077425607473761

-2.3612553854356446 -0.13077425607473761
-2.3615494722005494 -0.13100756431743338

-2.3615494722005494 -0.13100756431743338
-2.3643746131574885 -0.13297678068150132

-2.3643746131574885 -0.13297678068150132
-2.3660808922008938 -0.13412679203927705

-2.3660808922008938 -0.13412679203927705
-2.367493840879332 -0.13508698327069515

-2.367493840879332 -0.13508698327069515
-2.3706130686011759 -0.13684885694991436

-2.3706130686011759 -0.13684885694991436
-2.3713075527028655 -0.13724601976112069

-2.3713075527028655 -0.13724601976112069
-2.3737322963230194 -0.13852039908558703

-2.3737322963230194 -0.13852039908558703
-2.3768515240448629 -0.13992807440271179

-2.3768515240448629 -0.13992807440271179
-2.3779066373477802 -0.14036524748296433

-2.3779066373477802 -0.14036524748296433
-2.3799707517667068 -0.14118575314684148

-2.3799707517667068 -0.14118575314684148
-2.3830899794885503 -0.14221192670997959

-2.3830899794885503 -0.14221192670997959
-2.3862092072103942 -0.14303822631059959

-2.3862092072103942 -0.14303822631059959
-2.3884947861174188 -0.143484475204808

-2.3884947861174188 -0.143484475204808
-2.3893284349322377 -0.14364947441665063

-2.3893284349322377 -0.14364947441665063
-2.3924476626540812 -0.14403399840965972

-2.3924476626540812 -0.14403399840965972
-2.3955668903759251 -0.14422095699435594

-2.3955668903759251 -0.14422095699435594
-2.3986861180977685 -0.14421110512748994

-2.3986861180977685 -0.14421110512748994
-2.4018053458196125 -0.14400696733847804

-2.4018053458196125 -0.14400696733847804
-2.4049245735414559 -0.14361619252906804

-2.4049245735414559 -0.14361619252906804
-2.4056209983199293 -0.143484475204808

-2.4056209983199293 -0.143484475204808
-2.4080438012632994 -0.14303472797722547

-2.4080438012632994 -0.14303472797722547
-2.4111630289851433 -0.14228182130625094

-2.4111630289851433 -0.14228182130625094
-2.4142822567069868 -0.14134747136909409

-2.4142822567069868 -0.14134747136909409
-2.4170478696540485 -0.14036524748296433

-2.4170478696540485 -0.14036524748296433
-2.4174014844288307 -0.14022946166168748

-2.4174014844288307 -0.14022946166168748
-2.4205207121506742 -0.13897424563168589

-2.4205207121506742 -0.13897424563168589
-2.4236399398725177 -0.13758234760721949

-2.4236399398725177 -0.13758234760721949
-2.4242629848672665 -0.13724601976112069

-2.4242629848672665 -0.13724601976112069
-2.4267591675943616 -0.1359931686712044

-2.4267591675943616 -0.1359931686712044
-2.4298783953162051 -0.1343505804467762

-2.4298783953162051 -0.1343505804467762
-2.4302290033946847 -0.13412679203927705

-2.4302290033946847 -0.13412679203927705
-2.432997623038049 -0.13254083157920785

-2.432997623038049 -0.13254083157920785
-2.4355225304730914 -0.13100756431743338

-2.4355225304730914 -0.13100756431743338
-2.4361168507598925 -0.13060864062303787

-2.4361168507598925 -0.13060864062303787
-2.439236078481736 -0.12872975883524768

-2.439236078481736 -0.12872975883524768
-2.4404430085002806 -0.12788833659558974

-2.4404430085002806 -0.12788833659558974
-2.4423553062035799 -0.12659964334442142

-2.4423553062035799 -0.12659964334442142
-2.4450936918970947 -0.12476910887374608

-2.4450936918970947 -0.12476910887374608
-2.4454745339254234 -0.12448381433420308

-2.4454745339254234 -0.12448381433420308
-2.4485937616472673 -0.122425715944339

-2.4485937616472673 -0.122425715944339
-2.4496206584849713 -0.12164988115190242

-2.4496206584849713 -0.12164988115190242
-2.4517129893691108 -0.12014587059105286

-2.4517129893691108 -0.12014587059105286
-2.4539469714041182 -0.11853065343005878

-2.4539469714041182 -0.11853065343005878
-2.4548322170909542 -0.11784731976695374

-2.4548322170909542 -0.11784731976695374
-2.4579514448127981 -0.11569132031431464

-2.4579514448127981 -0.11569132031431464
-2.458302974454754 -0.11541142570821512

-2.458302974454754 -0.11541142570821512
-2.4610706725346416 -0.11342166363151404

-2.4610706725346416 -0.11342166363151404
-2.4625347585576742 -0.11229219798637147

-2.4625347585576742 -0.11229219798637147
-2.4641899002564855 -0.11102520575687144

-2.4641899002564855 -0.11102520575687144
-2.4667132574659205 -0.10917297026452782

-2.4667132574659205 -0.10917297026452782
-2.467309127978329 -0.10869712165297828

-2.467309127978329 -0.10869712165297828
-2.4704283557001725 -0.1065083647896343

-2.4704283557001725 -0.1065083647896343
-2.4709986627223026 -0.10605374254268417

-2.4709986627223026 -0.10605374254268417
-2.4735475834220164 -0.10419321205794126

-2.4735475834220164 -0.10419321205794126
-2.4752020756684203 -0.10293451482084051

-2.4752020756684203 -0.10293451482084051
-2.4766668111438599 -0.10181105451909532

-2.4766668111438599 -0.10181105451909532
-2.4794570051164651 -0.099815287098996869

-2.4794570051164651 -0.099815287098996869
-2.4797860388657038 -0.099554106174167198

-2.4797860388657038 -0.099554106174167198
-2.4829052665875473 -0.097402306223359408

-2.4829052665875473 -0.097402306223359408
-2.4838239679987044 -0.096696059377153212

-2.4838239679987044 -0.096696059377153212
-2.4860244943093908 -0.095109813397837861

-2.4860244943093908 -0.095109813397837861
-2.4881707594336939 -0.093576831655309556

-2.4881707594336939 -0.093576831655309556
-2.4891437220312347 -0.092841579183816997

-2.4891437220312347 -0.092841579183816997
-2.4922629497530782 -0.090769420741745238

-2.4922629497530782 -0.090769420741745238
-2.4926741534651806 -0.090457603933465913

-2.4926741534651806 -0.090457603933465913
-2.4953821774749216 -0.088617610495490828

-2.4953821774749216 -0.088617610495490828
-2.4972195424443631 -0.087338376211622257

-2.4972195424443631 -0.087338376211622257
-2.4985014051967656 -0.086420564994443339

-2.4985014051967656 -0.086420564994443339
-2.501620632918609 -0.084429558429310075

-2.501620632918609 -0.084429558429310075
-2.5019095779966212 -0.0842191484897786

-2.5019095779966212 -0.0842191484897786
-2.504739860640453 -0.082399199292734412

-2.504739860640453 -0.082399199292734412
-2.5067419189626432 -0.081099920767934958

-2.5067419189626432 -0.081099920767934958
-2.5078590883622964 -0.080341894249271434

-2.5078590883622964 -0.080341894249271434
-2.5109783160841399 -0.078495147781673075

-2.5109783160841399 -0.078495147781673075
-2.5117533665268312 -0.077980693046091301

-2.5117533665268312 -0.077980693046091301
-2.5140975438059838 -0.076546116477137799

-2.5140975438059838 -0.076546116477137799
-2.516958915480231 -0.074861465324247645

-2.516958915480231 -0.074861465324247645
-2.5172167715278273 -0.074690076952874634

-2.5172167715278273 -0.074690076952874634
-2.5203359992496712 -0.072933013873151251

-2.5203359992496712 -0.072933013873151251
-2.5224220355423821 -0.071742237602403988

-2.5224220355423821 -0.071742237602403988
-2.5234552269715147 -0.071123694514957647

-2.5234552269715147 -0.071123694514957647
-2.5265744546933582 -0.069482606513634929

-2.5265744546933582 -0.069482606513634929
-2.5281286905669416 -0.068623009880560346

-2.5281286905669416 -0.068623009880560346
-2.5296936824152021 -0.067759363708325929

-2.5296936824152021 -0.067759363708325929
-2.5328129101370456 -0.066192522556566449

-2.5328129101370456 -0.066192522556566449
-2.5341083044872552 -0.065503782158716689

-2.5341083044872552 -0.065503782158716689
-2.5359321378588895 -0.064557074071103712

-2.5359321378588895 -0.064557074071103712
-2.539051365580733 -0.063058640415003753

-2.539051365580733 -0.063058640415003753
-2.5403898672044587 -0.062384554436873046

-2.5403898672044587 -0.062384554436873046
-2.5421705933025764 -0.061504928144041335

-2.5421705933025764 -0.061504928144041335
-2.5452898210244204 -0.060073017250451374

-2.5452898210244204 -0.060073017250451374
-2.5470039785338843 -0.05926532671502939

-2.5470039785338843 -0.05926532671502939
-2.5484090487462638 -0.058596479357771715

-2.5484090487462638 -0.058596479357771715
-2.5515282764681078 -0.05722755182180711

-2.5515282764681078 -0.05722755182180711
-2.5539933955751595 -0.05614609899318574

-2.5539933955751595 -0.05614609899318574
-2.5546475041899512 -0.055840061254725619

-2.5546475041899512 -0.055840061254725619
-2.5577667319117947 -0.054534991454911169

-2.5577667319117947 -0.054534991454911169
-2.5608859596336386 -0.053263199678720313

-2.5608859596336386 -0.053263199678720313
-2.5614337383789705 -0.053026871271342091

-2.5614337383789705 -0.053026871271342091
-2.5640051873554821 -0.051991507362635608

-2.5640051873554821 -0.051991507362635608
-2.567124415077326 -0.050784863309287095

-2.567124415077326 -0.050784863309287095
-2.5694227236116021 -0.049907643549498434

-2.5694227236116021 -0.049907643549498434
-2.5702436427991695 -0.049579879476323356

-2.5702436427991695 -0.049579879476323356
-2.573362870521013 -0.048447024845614792

-2.573362870521013 -0.048447024845614792
-2.5764820982428569 -0.047345404455007997

-2.5764820982428569 -0.047345404455007997
-2.5780538181864188 -0.046788415827654785

-2.5780538181864188 -0.046788415827654785
-2.5796013259647004 -0.046240341190045706

-2.5796013259647004 -0.046240341190045706
-2.5827205536865443 -0.045200943050140656

-2.5827205536865443 -0.045200943050140656
-2.5858397814083878 -0.044190276251564159

-2.5858397814083878 -0.044190276251564159
-2.5874510759904612 -0.043669188105811135

-2.5874510759904612 -0.043669188105811135
-2.5889590091302312 -0.043180806669777652

-2.5889590091302312 -0.043180806669777652
-2.5920782368520752 -0.042230435372845855

-2.5920782368520752 -0.042230435372845855
-2.5951974645739186 -0.041302839006148583

-2.5951974645739186 -0.041302839006148583
-2.5978046618817223 -0.040549960383967479

-2.5978046618817223 -0.040549960383967479
-2.5983166922957626 -0.040394743670750556

-2.5983166922957626 -0.040394743670750556
-2.601435920017606 -0.039533812291187201

-2.601435920017606 -0.039533812291187201
-2.6045551477394495 -0.038698583606956334

-2.6045551477394495 -0.038698583606956334
-2.6076743754612934 -0.037902020504386229

-2.6076743754612934 -0.037902020504386229
-2.6095684528058358 -0.037430732662123829

-2.6095684528058358 -0.037430732662123829
-2.6107936031831369 -0.037122161165233258

-2.6107936031831369 -0.037122161165233258
-2.6139128309049808 -0.03639283928025297

-2.6139128309049808 -0.03639283928025297
-2.6170320586268243 -0.035691472852499934

-2.6170320586268243 -0.035691472852499934
-2.6201512863486678 -0.035025199830548366

-2.6201512863486678 -0.035025199830548366
-2.6232705140705117 -0.034395044253730148

-2.6232705140705117 -0.034395044253730148
-2.6236867941021256 -0.034311504940280173

-2.6236867941021256 -0.034311504940280173
-2.6263897417923552 -0.033788936976176812

-2.6263897417923552 -0.033788936976176812
-2.6295089695141991 -0.033215517736190144

-2.6295089695141991 -0.033215517736190144
-2.6326281972360426 -0.032669599587921247

-2.6326281972360426 -0.032669599587921247
-2.6357474249578861 -0.032150716541314246

-2.6357474249578861 -0.032150716541314246
-2.63886665267973 -0.031656771983464713

-2.63886665267973 -0.031656771983464713
-2.6419388667651096 -0.03119227721843652

-2.6419388667651096 -0.03119227721843652
-2.6419858804015734 -0.03118490516966986

-2.6419858804015734 -0.03118490516966986
-2.6451051081234174 -0.030734294516675219

-2.6451051081234174 -0.030734294516675219
-2.6482243358452608 -0.030303569166870582

-2.6482243358452608 -0.030303569166870582
-2.6513435635671043 -0.029892405272315476

-2.6513435635671043 -0.029892405272315476
-2.6544627912889482 -0.029500589820838058

-2.6544627912889482 -0.029500589820838058
-2.6575820190107917 -0.029128726258368567

-2.6575820190107917 -0.029128726258368567
-2.6607012467326356 -0.028777154698277616

-2.6607012467326356 -0.028777154698277616
-2.6638204744544791 -0.028446343224961389

-2.6638204744544791 -0.028446343224961389
-2.6669397021763226 -0.028138492601543205

-2.6669397021763226 -0.028138492601543205
-2.6676445179676964 -0.028073049496592867

-2.6676445179676964 -0.028073049496592867
-2.6700589298981665 -0.027851895141082494

-2.6700589298981665 -0.027851895141082494
-2.67317815762001 -0.027591213741774683

-2.67317815762001 -0.027591213741774683
-2.6762973853418535 -0.027356213439700849

-2.6762973853418535 -0.027356213439700849
-2.6794166130636974 -0.027147729498896649

-2.6794166130636974 -0.027147729498896649
-2.6825358407855409 -0.026965570736608872

-2.6825358407855409 -0.026965570736608872
-2.6856550685073848 -0.026808367070772238

-2.6856550685073848 -0.026808367070772238
-2.6887742962292283 -0.026674279160943861

-2.6887742962292283 -0.026674279160943861
-2.6918935239510717 -0.026562290511084757

-2.6918935239510717 -0.026562290511084757
-2.6950127516729157 -0.026472153574699824

-2.6950127516729157 -0.026472153574699824
-2.6981319793947591 -0.026403295899263532

-2.6981319793947591 -0.026403295899263532
-2.701251207116603 -0.026354442611684036

-2.701251207116603 -0.026354442611684036
-2.7043704348384465 -0.026324600619441956

-2.7043704348384465 -0.026324600619441956
-2.70748966256029 -0.02631380560067912

-2.70748966256029 -0.02631380560067912
-2.7106088902821339 -0.026322712720761442

-2.7106088902821339 -0.026322712720761442
-2.7137281180039774 -0.026351714390583529

-2.7137281180039774 -0.026351714390583529
-2.7168473457258213 -0.026400812682488534

-2.7168473457258213 -0.026400812682488534
-2.7199665734476648 -0.026470389830909616

-2.7199665734476648 -0.026470389830909616
-2.7230858011695083 -0.026561932926803571

-2.7230858011695083 -0.026561932926803571
-2.7262050288913522 -0.026677209857014536

-2.7262050288913522 -0.026677209857014536
-2.7293242566131957 -0.02681705186887175

-2.7293242566131957 -0.02681705186887175
-2.7324434843350396 -0.026982018016091697

-2.7324434843350396 -0.026982018016091697
-2.7355627120568831 -0.027173402102891462

-2.7355627120568831 -0.027173402102891462
-2.7386819397787265 -0.027392485228246465

-2.7386819397787265 -0.027392485228246465
-2.7418011675005705 -0.027639484854929789

-2.7418011675005705 -0.027639484854929789
-2.7449203952224139 -0.027913740007619738

-2.7449203952224139 -0.027913740007619738
-2.7465496482358045 -0.028073049496592867

-2.7465496482358045 -0.028073049496592867
-2.7480396229442579 -0.028219067280707295

-2.7480396229442579 -0.028219067280707295
-2.7511588506661013 -0.028549421206946392

-2.7511588506661013 -0.028549421206946392
-2.7542780783879448 -0.02890774945982439

-2.7542780783879448 -0.02890774945982439
-2.7573973061097887 -0.029292030757345766

-2.7573973061097887 -0.029292030757345766
-2.7605165338316322 -0.029701060659713379

-2.7605165338316322 -0.029701060659713379
-2.7636357615534761 -0.030134009267129905

-2.7636357615534761 -0.030134009267129905
-2.7667549892753196 -0.030590904962464392

-2.7667549892753196 -0.030590904962464392
-2.7698742169971631 -0.031069348768959004

-2.7698742169971631 -0.031069348768959004
-2.7706151838543009 -0.03119227721843652

-2.7706151838543009 -0.03119227721843652
-2.772993444719007 -0.031578821580091919

-2.772993444719007 -0.031578821580091919
-2.7761126724408505 -0.032108749135171949

-2.7761126724408505 -0.032108749135171949
-2.7792319001626944 -0.032664024659603476

-2.7792319001626944 -0.032664024659603476
-2.7823511278845379 -0.033245003295019837

-2.7823511278845379 -0.033245003295019837
-2.7854703556063813 -0.033850776662020216

-2.7854703556063813 -0.033850776662020216
-2.7877274252369593 -0.034311504940280173

-2.7877274252369593 -0.034311504940280173
-2.7885895833282253 -0.034491811940485992

-2.7885895833282253 -0.034491811940485992
-2.7917088110500687 -0.035149563480331186

-2.7917088110500687 -0.035149563480331186
-2.7948280387719127 -0.035841298837814145

-2.7948280387719127 -0.035841298837814145
-2.7979472664937561 -0.036562928312046911

-2.7979472664937561 -0.036562928312046911
-2.8010664942155996 -0.037310106442479479

-2.8010664942155996 -0.037310106442479479
-2.8015250061386152 -0.037430732662123829

-2.8015250061386152 -0.037430732662123829
-2.8041857219374435 -0.03810048131932503

-2.8041857219374435 -0.03810048131932503
-2.807304949659287 -0.038913762176381296

-2.807304949659287 -0.038913762176381296
-2.8104241773811309 -0.039758062178178399

-2.8104241773811309 -0.039758062178178399
-2.8132431655885508 -0.040549960383967479

-2.8132431655885508 -0.040549960383967479
-2.8135434051029744 -0.040639494505360502

-2.8135434051029744 -0.040639494505360502
-2.8166626328248179 -0.041539904691487127

-2.8166626328248179 -0.041539904691487127
-2.8197818605466618 -0.042474587045011454

-2.8197818605466618 -0.042474587045011454
-2.8229010882685053 -0.043428409050865834

-2.8229010882685053 -0.043428409050865834
-2.8236214475735166 -0.043669188105811135

-2.8236214475735166 -0.043669188105811135
-2.8260203159903492 -0.044437423758414182

-2.8260203159903492 -0.044437423758414182
-2.8291395437121927 -0.045458337181902585

-2.8291395437121927 -0.045458337181902585
-2.8322587714340361 -0.046497442976166509

-2.8322587714340361 -0.046497442976166509
-2.8330589688707217 -0.046788415827654785

-2.8330589688707217 -0.046788415827654785
-2.8353779991558801 -0.047596877127990649

-2.8353779991558801 -0.047596877127990649
-2.8384972268777235 -0.048702352988576073

-2.8384972268777235 -0.048702352988576073
-2.841616454599567 -0.049834253255554739

-2.841616454599567 -0.049834253255554739
-2.8417966780289294 -0.049907643549498434

-2.8417966780289294 -0.049907643549498434
-2.8447356823214109 -0.051006893146472568

-2.8447356823214109 -0.051006893146472568
-2.8478549100432544 -0.052193678166601823

-2.8478549100432544 -0.052193678166601823
-2.849958712429443 -0.053026871271342091

-2.849958712429443 -0.053026871271342091
-2.8509741377650983 -0.053443892148651015

-2.8509741377650983 -0.053443892148651015
-2.8540933654869418 -0.054676398346772161

-2.8540933654869418 -0.054676398346772161
-2.8572125932087853 -0.055940014085925686

-2.8572125932087853 -0.055940014085925686
-2.857667511269375 -0.05614609899318574

-2.857667511269375 -0.05614609899318574
-2.8603318209306292 -0.057264760459885808

-2.8603318209306292 -0.057264760459885808
-2.8634510486524727 -0.058579497829992479

-2.8634510486524727 -0.058579497829992479
-2.864976091905481 -0.05926532671502939

-2.864976091905481 -0.05926532671502939
-2.8665702763743166 -0.059981300803343823

-2.8665702763743166 -0.059981300803343823
-2.8696895040961601 -0.06134766336989983

-2.8696895040961601 -0.06134766336989983
-2.8719417093529822 -0.062384554436873046

-2.8719417093529822 -0.062384554436873046
-2.8728087318180036 -0.062805752931471615

-2.8728087318180036 -0.062805752931471615
-2.8759279595398475 -0.064231747141570206

-2.8759279595398475 -0.064231747141570206
-2.8785966282334488 -0.065503782158716689

-2.8785966282334488 -0.065503782158716689
-2.879047187261691 -0.065738710183614726

-2.879047187261691 -0.065738710183614726
-2.8821664149835349 -0.067229874515567681

-2.8821664149835349 -0.067229874515567681
-2.8849818711088866 -0.068623009880560346

-2.8849818711088866 -0.068623009880560346
-2.8852856427053784 -0.068790134107610243

-2.8852856427053784 -0.068790134107610243
-2.8884048704272218 -0.070340385933844424

-2.8884048704272218 -0.070340385933844424
-2.8911387048635104 -0.071742237602403988

-2.8911387048635104 -0.071742237602403988
-2.8915240981490657 -0.071961187964048628

-2.8915240981490657 -0.071961187964048628
-2.8946433258709092 -0.073553376676728704

-2.8946433258709092 -0.073553376676728704
-2.897110449726938 -0.074861465324247645

-2.897110449726938 -0.074861465324247645
-2.8977625535927531 -0.075236449100190908

-2.8977625535927531 -0.075236449100190908
-2.9008817813145966 -0.076855054135805762

-2.9008817813145966 -0.076855054135805762
-2.9029271042551574 -0.077980693046091301

-2.9029271042551574 -0.077980693046091301
-2.9040010090364401 -0.078598725146303353

-2.9040010090364401 -0.078598725146303353
-2.907120236758284 -0.080241421756431439

-2.907120236758284 -0.080241421756431439
-2.9086092926375029 -0.081099920767934958

-2.9086092926375029 -0.081099920767934958
-2.9102394644801275 -0.082034531991383636

-2.9102394644801275 -0.082034531991383636
-2.9133586922019714 -0.083719433458611381

-2.9133586922019714 -0.083719433458611381
-2.9141691615278895 -0.0842191484897786

-2.9141691615278895 -0.0842191484897786
-2.9164779199238149 -0.085545932205153663

-2.9164779199238149 -0.085545932205153663
-2.9195971476456584 -0.087329788105883294

-2.9195971476456584 -0.087329788105883294
-2.919610028735419 -0.087338376211622257

-2.919610028735419 -0.087338376211622257
-2.9227163753675023 -0.089133528463928219

-2.9227163753675023 -0.089133528463928219
-2.9249349718672959 -0.090457603933465913

-2.9249349718672959 -0.090457603933465913
-2.9258356030893458 -0.091031707904287745

-2.9258356030893458 -0.091031707904287745
-2.9289548308111897 -0.092804643294229425

-2.9289548308111897 -0.092804643294229425
-2.9301656175633721 -0.093576831655309556

-2.9301656175633721 -0.093576831655309556
-2.9320740585330332 -0.094753010284843162

-2.9320740585330332 -0.094753010284843162
-2.9351932862548766 -0.096607000182669031

-2.9351932862548766 -0.096607000182669031
-2.9353222214596126 -0.096696059377153212

-2.9353222214596126 -0.096696059377153212
-2.9383125139767206 -0.098500980082282696

-2.9383125139767206 -0.098500980082282696
-2.9404276849902855 -0.099815287098996869

-2.9404276849902855 -0.099815287098996869
-2.941431741698564 -0.10047574251767899

-2.941431741698564 -0.10047574251767899
-2.9445509694204079 -0.10229207486791565

-2.9445509694204079 -0.10229207486791565
-2.945526685490548 -0.10293451482084051

-2.945526685490548 -0.10293451482084051
-2.9476701971422514 -0.10426436590269626

-2.9476701971422514 -0.10426436590269626
-2.9506350118732736 -0.10605374254268417

-2.9506350118732736 -0.10605374254268417
-2.9507894248640949 -0.10616018345301918

-2.9507894248640949 -0.10616018345301918
-2.9539086525859388 -0.10800307257704694

-2.9539086525859388 -0.10800307257704694
-2.9558207921780366 -0.10917297026452782

-2.9558207921780366 -0.10917297026452782
-2.9570278803077823 -0.10993721433758491

-2.9570278803077823 -0.10993721433758491
-2.9601471080296262 -0.11169434783942371

-2.9601471080296262 -0.11169434783942371
-2.9611031205620533 -0.11229219798637147

-2.9611031205620533 -0.11229219798637147
-2.9632663357514697 -0.11356660164699904

-2.9632663357514697 -0.11356660164699904
-2.9663855634733132 -0.11531824255897939

-2.9663855634733132 -0.11531824255897939
-2.9665321770229571 -0.11541142570821512

-2.9665321770229571 -0.11541142570821512
-2.9695047911951571 -0.11706401552137242

-2.9695047911951571 -0.11706401552137242
-2.9722081074123095 -0.11853065343005878

-2.9722081074123095 -0.11853065343005878
-2.9726240189170006 -0.11878047380080602

-2.9726240189170006 -0.11878047380080602
-2.9757432466388445 -0.12038261149824679

-2.9757432466388445 -0.12038261149824679
-2.9782487794956425 -0.12164988115190242

-2.9782487794956425 -0.12164988115190242
-2.978862474360688 -0.12198480160588827

-2.978862474360688 -0.12198480160588827
-2.9819817020825314 -0.12345397556281351

-2.9819817020825314 -0.12345397556281351
-2.9848778319918239 -0.12476910887374608

-2.9848778319918239 -0.12476910887374608
-2.9851009298043754 -0.12488082143518127

-2.9851009298043754 -0.12488082143518127
-2.9882201575262188 -0.12618987301819853

-2.9882201575262188 -0.12618987301819853
-2.9913393852480628 -0.12739301161193142

-2.9913393852480628 -0.12739301161193142
-2.9927018119883124 -0.12788833659558974

-2.9927018119883124 -0.12788833659558974
-2.9944586129699062 -0.12851664204617522

-2.9944586129699062 -0.12851664204617522
-2.9975778406917497 -0.12948772127000338

-2.9975778406917497 -0.12948772127000338
-3.0006970684135936 -0.13033817677659551

-3.0006970684135936 -0.13033817677659551
-3.0036810468292043 -0.13100756431743338

-3.0036810468292043 -0.13100756431743338
-3.0038162961354371 -0.13103932572517729

-3.0038162961354371 -0.13103932572517729
-3.006935523857281 -0.13157688378753754

-3.006935523857281 -0.13157688378753754
-3.0100547515791245 -0.13195314371057304

-3.0100547515791245 -0.13195314371057304
-3.013173979300968 -0.13215600435839364

-3.013173979300968 -0.13215600435839364
-3.0162932070228119 -0.13217271578424991

-3.0162932070228119 -0.13217271578424991
-3.0194124347446554 -0.13199307675199295

-3.0194124347446554 -0.13199307675199295
-3.0225316624664988 -0.13160875135300085

-3.0225316624664988 -0.13160875135300085
-3.0256508901883428 -0.13101183554167756

-3.0256508901883428 -0.13101183554167756
-3.025666283821022 -0.13100756431743338

-3.025666283821022 -0.13100756431743338
-3.0287701179101862 -0.1301945276249816

-3.0287701179101862 -0.1301945276249816
-3.0318893456320302 -0.12914380124795111

-3.0318893456320302 -0.12914380124795111
-3.0349045702981918 -0.12788833659558974

-3.0349045702981918 -0.12788833659558974
-3.0350085733538736 -0.12783983583361591

-3.0350085733538736 -0.12783983583361591
-3.0381278010757171 -0.12629355619018551

-3.0381278010757171 -0.12629355619018551
-3.0381278010757171 -0.12629355619018551

-3.0381278010757171 -0.12629355619018551
-3.0407411646469007 -0.12476910887374608

-3.0407411646469007 -0.12476910887374608
-3.041247028797561 -0.12443802616135696

-3.041247028797561 -0.12443802616135696
-3.0443662565194045 -0.12245380617765007

-3.0443662565194045 -0.12245380617765007
-3.0443662565194045 -0.12245380617765007

-3.0443662565194045 -0.12245380617765007
-3.0453809945999155 -0.12164988115190242

-3.0453809945999155 -0.12164988115190242
-3.0474854842412484 -0.12002143295673463

-3.0474854842412484 -0.12002143295673463
-3.0474854842412484 -0.12002143295673463

-3.0474854842412484 -0.12002143295673463
-3.0492149154237915 -0.11853065343005878

-3.0492149154237915 -0.11853065343005878
-3.0506047119630919 -0.11728518429784483

-3.0506047119630919 -0.11728518429784483
-3.0506047119630919 -0.11728518429784483

-3.0506047119630919 -0.11728518429784483
-3.0526024288306348 -0.11541142570821512

-3.0526024288306348 -0.11541142570821512
-3.0537239396849354 -0.11431156628342902

-3.0537239396849354 -0.11431156628342902
-3.0537239396849354 -0.11431156628342902

-3.0537239396849354 -0.11431156628342902
-3.0557052874416595 -0.11229219798637147

-3.0557052874416595 -0.11229219798637147
-3.0568431674067793 -0.11109368087503671

-3.0568431674067793 -0.11109368087503671
-3.0568431674067793 -0.11109368087503671

-3.0568431674067793 -0.11109368087503671
-3.0586028826844358 -0.10917297026452782

-3.0586028826844358 -0.10917297026452782
-3.0599623951286228 -0.10764418432766718

-3.0599623951286228 -0.10764418432766718
-3.0599623951286228 -0.10764418432766718

-3.0599623951286228 -0.10764418432766718
-3.0613531511533925 -0.10605374254268417

-3.0613531511533925 -0.10605374254268417
-3.0630816228504667 -0.10396145695229676

-3.0630816228504667 -0.10396145695229676
-3.0630816228504667 -0.10396145695229676

-3.0630816228504667 -0.10396145695229676
-3.0639517424563492 -0.10293451482084051

-3.0639517424563492 -0.10293451482084051
-3.0662008505723102 -0.10000158592136116

-3.0662008505723102 -0.10000158592136116
-3.0662008505723102 -0.10000158592136116

-3.0662008505723102 -0.10000158592136116
-3.066357372732063 -0.099815287098996869

-3.066357372732063 -0.099815287098996869
-3.0686454291470886 -0.096696059377153212

-3.0686454291470886 -0.096696059377153212
-3.0693200782941537 -0.095844808991816965

-3.0693200782941537 -0.095844808991816965
-3.0709977180048118 -0.093576831655309556

-3.0709977180048118 -0.093576831655309556
-3.0724393060159976 -0.091614576718381621

-3.0724393060159976 -0.091614576718381621
-3.0733209392439762 -0.090457603933465913

-3.0733209392439762 -0.090457603933465913
-3.0754703405193462 -0.087338376211622257

-3.0754703405193462 -0.087338376211622257
-3.075558533737841 -0.08722592728053423

-3.075558533737841 -0.08722592728053423
-3.0776279213477395 -0.0842191484897786

-3.0776279213477395 -0.0842191484897786
-3.078677761459685 -0.082768970102281791

-3.078677761459685 -0.082768970102281791
-3.0798715849910727 -0.081099920767934958

-3.0798715849910727 -0.081099920767934958
-3.0817969891815284 -0.078266861020539161

-3.0817969891815284 -0.078266861020539161
-3.0820155712635864 -0.077980693046091301

-3.0820155712635864 -0.077980693046091301
-3.0840730136548782 -0.074861465324247645

-3.0840730136548782 -0.074861465324247645
-3.0849162169033719 -0.073703393974163631

-3.0849162169033719 -0.073703393974163631
-3.0862874236898423 -0.071742237602403988

-3.0862874236898423 -0.071742237602403988
-3.0880354446252158 -0.069208114031044529

-3.0880354446252158 -0.069208114031044529
-3.0884792771460794 -0.068623009880560346

-3.0884792771460794 -0.068623009880560346
-3.0905354801183607 -0.065503782158716689

-3.0905354801183607 -0.065503782158716689
-3.0911546723470593 -0.064674726092382603

-3.0911546723470593 -0.064674726092382603
-3.0927498413656358 -0.062384554436873046

-3.0927498413656358 -0.062384554436873046
-3.0942739000689032 -0.060248041023924476

-3.0942739000689032 -0.060248041023924476
-3.0942739000689032 -0.060248041023924476

-3.0942739000689032 -0.060248041023924476
-3.0950183596126162 -0.05926532671502939

-3.0950183596126162 -0.05926532671502939
-3.0971544286811605 -0.05614609899318574

-3.0971544286811605 -0.05614609899318574
-3.0973931277907467 -0.055843403660092376

-3.0973931277907467 -0.055843403660092376
-3.0993863040131111 -0.053026871271342091

-3.0993863040131111 -0.053026871271342091
-3.1005123555125902 -0.051547543925169949

-3.1005123555125902 -0.051547543925169949
-3.1005123555125902 -0.051547543925169949

-3.1005123555125902 -0.051547543925169949
-3.1017543222912289 -0.049907643549498434

-3.1017543222912289 -0.049907643549498434
-3.1036315832344341 -0.047351035022683063

-3.1036315832344341 -0.047351035022683063
-3.1040835368899922 -0.046788415827654785

-3.1040835368899922 -0.046788415827654785
-3.1063197364911108 -0.043669188105811135

-3.1063197364911108 -0.043669188105811135
-3.1067508109562776 -0.043144272313032701

-3.1067508109562776 -0.043144272313032701
-3.1087194829022047 -0.040549960383967479

-3.1087194829022047 -0.040549960383967479
-3.1098700386781215 -0.039140106691672595

-3.1098700386781215 -0.039140106691672595
-3.1112546545201165 -0.037430732662123829

-3.1112546545201165 -0.037430732662123829
-3.112989266399965 -0.035284883434125253

-3.112989266399965 -0.035284883434125253
-3.1138151648750547 -0.034311504940280173

-3.1138151648750547 -0.034311504940280173
-3.1161084941218085 -0.031465654105346803

-3.1161084941218085 -0.031465654105346803
-3.1163493180737221 -0.03119227721843652

-3.1163493180737221 -0.03119227721843652
-3.1188999659072345 -0.028073049496592867

-3.1188999659072345 -0.028073049496592867
-3.1192277218436524 -0.027710490581273759

-3.1192277218436524 -0.027710490581273759
-3.1215986791612127 -0.024953821774749217

-3.1215986791612127 -0.024953821774749217
-3.1223469495654959 -0.024140812813656515

-3.1223469495654959 -0.024140812813656515
-3.1244271364633405 -0.021834594052905564

-3.1244271364633405 -0.021834594052905564
-3.1254661772873398 -0.020727570679569183

-3.1254661772873398 -0.020727570679569183
-3.1273499212325624 -0.018715366331061911

-3.1273499212325624 -0.018715366331061911
-3.1285854050091833 -0.017427678857622354

-3.1285854050091833 -0.017427678857622354
-3.1303533548135234 -0.015596138609218262

-3.1303533548135234 -0.015596138609218262
-3.1317046327310267 -0.014218448900889406

-3.1317046327310267 -0.014218448900889406
-3.1334285392535719 -0.012476910887374609

-3.1334285392535719 -0.012476910887374609
-3.1348238604528706 -0.011083542601008144

-3.1348238604528706 -0.011083542601008144
-3.1365717948900187 -0.0093576831655309573

-3.1365717948900187 -0.0093576831655309573
-3.1379430881747141 -0.0080152374709352957

-3.1379430881747141 -0.0080152374709352957
-3.139784462820296 -0.0062384554436873043

-3.139784462820296 -0.0062384554436873043
-3.141062315896558 -0.0050108579855292577

-3.141062315896558 -0.0050108579855292577
-3.1430742336562991 -0.0031192277218436521

-3.1430742336562991 -0.0031192277218436521
-3.1441815436184015 -0.0020747345295790572

-3.1441815436184015 -0.0020747345295790572
-3.1441815436184015 -0.0020747345295790572

-3.1441815436184015 -0.0020747345295790572
-3.1464601679962199 0

-3.1464601679962199 0
-3.147300771340245 0.00077900030852086181

-3.147300771340245 0.00077900030852086181
-3.1499864185079534 0.0031192277218436517

-3.1499864185079534 0.0031192277218436517
-3.1504199990620889 0.0035138225367547294

-3.1504199990620889 0.0035138225367547294
-3.1535392267839324 0.00609883364638923

-3.1535392267839324 0.00609883364638923
-3.1536961248892643 0.0062384554436873043

-3.1536961248892643 0.0062384554436873043
-3.1566584545057763 0.0086439018279483963

-3.1566584545057763 0.0086439018279483963
-3.1574901889724374 0.0093576831655309556

-3.1574901889724374 0.0093576831655309556
-3.1597776822276198 0.011207475379329274

-3.1597776822276198 0.011207475379329274
-3.161335456025288 0.012476910887374609

-3.161335456025288 0.012476910887374609
-3.1628969099494633 0.013741007972393167

-3.1628969099494633 0.013741007972393167
-3.1653537991285372 0.01559613860921826

-3.1653537991285372 0.01559613860921826
-3.1660161376713072 0.01613241774858909

-3.1660161376713072 0.01613241774858909
-3.1691353653931507 0.018315053293721385

-3.1691353653931507 0.018315053293721385
-3.1696470858243484 0.018715366331061915

-3.1696470858243484 0.018715366331061915
-3.1722545931149946 0.020559252857655645

-3.1722545931149946 0.020559252857655645
-3.1740327039343152 0.021834594052905568

-3.1740327039343152 0.021834594052905568
-3.1753738208368381 0.022815859563726747

-3.1753738208368381 0.022815859563726747
-3.1784930485586815 0.024863113420294073

-3.1784930485586815 0.024863113420294073
-3.1786148957022493 0.024953821774749217

-3.1786148957022493 0.024953821774749217
-3.1816122762805255 0.026898890555995772

-3.1816122762805255 0.026898890555995772
-3.183383766223542 0.02807304949659287

-3.183383766223542 0.02807304949659287
-3.1847315040023689 0.028985079762506968

-3.1847315040023689 0.028985079762506968
-3.1878507317242128 0.030861594614236054

-3.1878507317242128 0.030861594614236054
-3.1883350474008831 0.03119227721843652

-3.1883350474008831 0.03119227721843652
-3.1909699594460563 0.032805402514634693

-3.1909699594460563 0.032805402514634693
-3.1940891871678998 0.033743382631245739

