-3.1940891871678998 -0.1378116985697018
-3.1909699594460563 -0.13762547008899365

-3.1909699594460563 -0.13762547008899365
-3.1878507317242128 -0.13725911950909384

-3.1878507317242128 -0.13725911950909384
-3.1877387534295205 -0.13724601976112069

-3.1877387534295205 -0.13724601976112069
-3.1847315040023689 -0.13690367631895084

-3.1847315040023689 -0.13690367631895084
-3.1816122762805255 -0.13656062263550392

-3.1816122762805255 -0.13656062263550392
-3.1784930485586815 -0.13623014089722307

-3.1784930485586815 -0.13623014089722307
-3.1753738208368381 -0.13591274436862757

-3.1753738208368381 -0.13591274436862757
-3.1722545931149946 -0.13560871327664334

-3.1722545931149946 -0.13560871327664334
-3.1691353653931507 -0.1353181916272001

-3.1691353653931507 -0.1353181916272001
-3.1660161376713072 -0.13504123608287652

-3.1660161376713072 -0.13504123608287652
-3.1628969099494633 -0.13477774964349085

-3.1628969099494633 -0.13477774964349085
-3.1597776822276198 -0.13452782560565957

-3.1597776822276198 -0.13452782560565957
-3.1566584545057763 -0.13429204963550331

-3.1566584545057763 -0.13429204963550331
-3.1543310679482364 -0.13412679203927705

-3.1543310679482364 -0.13412679203927705
-3.1535392267839324 -0.13407010588229609

-3.1535392267839324 -0.13407010588229609
-3.1504199990620889 -0.13386481098706157

-3.1504199990620889 -0.13386481098706157
-3.147300771340245 -0.13367505312359018

-3.147300771340245 -0.13367505312359018
-3.1441815436184015 -0.13350192010662135

-3.1441815436184015 -0.13350192010662135
-3.141062315896558 -0.1333458399961642

-3.141062315896558 -0.1333458399961642
-3.1379430881747141 -0.13320698510203127

-3.1379430881747141 -0.13320698510203127
-3.1348238604528706 -0.13308517648019264

-3.1348238604528706 -0.13308517648019264
-3.1317046327310267 -0.13297988475964195

-3.1317046327310267 -0.13297988475964195
-3.1285854050091833 -0.13289034616965339

-3.1285854050091833 -0.13289034616965339
-3.1254661772873398 -0.13281571503236442

-3.1254661772873398 -0.13281571503236442
-3.1223469495654959 -0.13275519265968899

-3.1223469495654959 -0.13275519265968899
-3.1192277218436524 -0.13270808668300593

-3.1192277218436524 -0.13270808668300593
-3.1161084941218085 -0.1326737960675147

-3.1161084941218085 -0.1326737960675147
-3.112989266399965 -0.13265175685266781

-3.112989266399965 -0.13265175685266781
-3.1098700386781215 -0.13264138700691722

-3.1098700386781215 -0.13264138700691722
-3.1067508109562776 -0.1326420366929493

-3.1067508109562776 -0.1326420366929493
-3.1036315832344341 -0.13265292810367427

-3.1036315832344341 -0.13265292810367427
-3.1005123555125902 -0.1326730951933533

-3.1005123555125902 -0.1326730951933533
-3.0973931277907467 -0.13270136894838186

-3.0973931277907467 -0.13270136894838186
-3.0942739000689032 -0.13273643186267264

-3.0942739000689032 -0.13273643186267264
-3.0911546723470593 -0.1327768964777955

-3.0911546723470593 -0.1327768964777955
-3.0880354446252158 -0.13282133584060749

-3.0880354446252158 -0.13282133584060749
-3.0849162169033719 -0.13286824914559928

-3.0849162169033719 -0.13286824914559928
-3.0817969891815284 -0.13291602274097658

-3.0817969891815284 -0.13291602274097658
-3.078677761459685 -0.13296295688366605

-3.078677761459685 -0.13296295688366605
-3.075558533737841 -0.13300734681766244

-3.075558533737841 -0.13300734681766244
-3.0724393060159976 -0.13304752587534174

-3.0724393060159976 -0.13304752587534174
-3.0693200782941537 -0.13308182642923716

-3.0693200782941537 -0.13308182642923716
-3.0662008505723102 -0.13310853497649966

-3.0662008505723102 -0.13310853497649966
-3.0630816228504667 -0.13312593353711874

-3.0630816228504667 -0.13312593353711874
-3.0599623951286228 -0.13313244757747095

-3.0599623951286228 -0.13313244757747095
-3.0568431674067793 -0.1331268583949598

-3.0568431674067793 -0.1331268583949598
-3.0537239396849354 -0.13310847317881613

-3.0537239396849354 -0.13310847317881613
-3.0506047119630919 -0.13307712113019005

-3.0506047119630919 -0.13307712113019005
-3.0474854842412484 -0.13303294838333984

-3.0474854842412484 -0.13303294838333984
-3.0443662565194045 -0.13297615137447433

-3.0443662565194045 -0.13297615137447433
-3.041247028797561 -0.13290681585206127

-3.041247028797561 -0.13290681585206127
-3.0381278010757171 -0.13282491529725038

-3.0381278010757171 -0.13282491529725038
-3.0350085733538736 -0.13273028925415239

-3.0350085733538736 -0.13273028925415239
-3.0318893456320302 -0.1326225711549551

-3.0318893456320302 -0.1326225711549551
-3.0287701179101862 -0.1325008990881428

-3.0287701179101862 -0.1325008990881428
-3.0256508901883428 -0.13236387489908169

-3.0256508901883428 -0.13236387489908169
-3.0225316624664988 -0.13220988174278889

-3.0225316624664988 -0.13220988174278889
-3.0194124347446554 -0.13203724745683251

-3.0194124347446554 -0.13203724745683251
-3.0162932070228119 -0.13184434865072467

-3.0162932070228119 -0.13184434865072467
-3.013173979300968 -0.13162969385788109

-3.013173979300968 -0.13162969385788109
-3.0100547515791245 -0.13139223885117718

-3.0100547515791245 -0.13139223885117718
-3.006935523857281 -0.13113246163919409

-3.006935523857281 -0.13113246163919409
-3.0055758618938566 -0.13100756431743338

-3.0055758618938566 -0.13100756431743338
-3.0038162961354371 -0.13084624649309107

-3.0038162961354371 -0.13084624649309107
-3.0006970684135936 -0.13053730819370368

-3.0006970684135936 -0.13053730819370368
-2.9975778406917497 -0.13020173181473807

-2.9975778406917497 -0.13020173181473807
-2.9944586129699062 -0.12984012414144355

-2.9944586129699062 -0.12984012414144355
-2.9913393852480628 -0.1294533703665903

-2.9913393852480628 -0.1294533703665903
-2.9882201575262188 -0.12904414303471087

-2.9882201575262188 -0.12904414303471087
-2.9851009298043754 -0.12861654467851358

-2.9851009298043754 -0.12861654467851358
-2.9819817020825314 -0.12817631997434753

-2.9819817020825314 -0.12817631997434753
-2.9800075532225181 -0.12788833659558974

-2.9800075532225181 -0.12788833659558974
-2.978862474360688 -0.12771958783188189

-2.978862474360688 -0.12771958783188189
-2.9757432466388445 -0.12725903361170271

-2.9757432466388445 -0.12725903361170271
-2.9726240189170006 -0.12678713184296014

-2.9726240189170006 -0.12678713184296014
-2.9695047911951571 -0.1263085508716619

-2.9695047911951571 -0.1263085508716619
-2.9663855634733132 -0.12582555499772441

-2.9663855634733132 -0.12582555499772441
-2.9632663357514697 -0.12533994249036975

-2.9632663357514697 -0.12533994249036975
-2.9601471080296262 -0.1248551275496624

-2.9601471080296262 -0.1248551275496624
-2.9596134606962106 -0.12476910887374608

-2.9596134606962106 -0.12476910887374608
-2.9570278803077823 -0.12436304972943048

-2.9570278803077823 -0.12436304972943048
-2.9539086525859388 -0.12387094366922044

-2.9539086525859388 -0.12387094366922044
-2.9507894248640949 -0.12337502710534415

-2.9507894248640949 -0.12337502710534415
-2.9476701971422514 -0.12287582398137556

-2.9476701971422514 -0.12287582398137556
-2.9445509694204079 -0.12237361584101122

-2.9445509694204079 -0.12237361584101122
-2.941431741698564 -0.12187214769996368

-2.941431741698564 -0.12187214769996368
-2.940078312972267 -0.12164988115190242

-2.940078312972267 -0.12164988115190242
-2.9383125139767206 -0.12136144534888611

-2.9383125139767206 -0.12136144534888611
-2.9351932862548766 -0.12085679604845576

-2.9351932862548766 -0.12085679604845576
-2.9320740585330332 -0.12034944490254396

-2.9320740585330332 -0.12034944490254396
-2.9289548308111897 -0.11984291369767353

-2.9289548308111897 -0.11984291369767353
-2.9258356030893458 -0.11933842690785201

-2.9258356030893458 -0.11933842690785201
-2.9227163753675023 -0.11883901314405068

-2.9227163753675023 -0.11883901314405068
-2.9207914397754235 -0.11853065343005878

-2.9207914397754235 -0.11853065343005878
-2.9195971476456584 -0.11833756322012309

-2.9195971476456584 -0.11833756322012309
-2.9164779199238149 -0.11784872423047539

-2.9164779199238149 -0.11784872423047539
-2.9133586922019714 -0.11736283938312182

-2.9133586922019714 -0.11736283938312182
-2.9102394644801275 -0.11688376015118046

-2.9102394644801275 -0.11688376015118046
-2.907120236758284 -0.11641247041147115

-2.907120236758284 -0.11641247041147115
-2.9040010090364401 -0.11594986035132267

-2.9040010090364401 -0.11594986035132267
-2.9008817813145966 -0.11549866927500806

-2.9008817813145966 -0.11549866927500806
-2.9002822484804813 -0.11541142570821512

-2.9002822484804813 -0.11541142570821512
-2.8977625535927531 -0.11505294168007829

-2.8977625535927531 -0.11505294168007829
-2.8946433258709092 -0.114620736384955

-2.8946433258709092 -0.114620736384955
-2.8915240981490657 -0.11419925017235649

-2.8915240981490657 -0.11419925017235649
-2.8884048704272218 -0.11378930689014434

-2.8884048704272218 -0.11378930689014434
-2.8852856427053784 -0.11339116186565401

-2.8852856427053784 -0.11339116186565401
-2.8821664149835349 -0.11300477461816072

-2.8821664149835349 -0.11300477461816072
-2.879047187261691 -0.11262974185904077

-2.879047187261691 -0.11262974185904077
-2.8761596505763225 -0.11229219798637147

-2.8761596505763225 -0.11229219798637147
-2.8759279595398475 -0.11226443445507557

-2.8759279595398475 -0.11226443445507557
-2.8728087318180036 -0.11191045089737546

-2.8728087318180036 -0.11191045089737546
-2.8696895040961601 -0.11156500641932519

-2.8696895040961601 -0.11156500641932519
-2.8665702763743166 -0.11122783458804271

-2.8665702763743166 -0.11122783458804271
-2.8634510486524727 -0.11089789801482161

-2.8634510486524727 -0.11089789801482161
-2.8603318209306292 -0.11057418829879058

-2.8603318209306292 -0.11057418829879058
-2.8572125932087853 -0.11025581506992278

-2.8572125932087853 -0.11025581506992278
-2.8540933654869418 -0.10994199967116423

-2.8540933654869418 -0.10994199967116423
-2.8509741377650983 -0.1096320233595241

-2.8509741377650983 -0.1096320233595241
-2.8478549100432544 -0.10932615310692323

-2.8478549100432544 -0.10932615310692323
-2.846294151977244 -0.10917297026452782

-2.846294151977244 -0.10917297026452782
-2.8447356823214109 -0.10902002316660028

-2.8447356823214109 -0.10902002316660028
-2.841616454599567 -0.1087187727330539

-2.841616454599567 -0.1087187727330539
-2.8384972268777235 -0.10841817480845779

-2.8384972268777235 -0.10841817480845779
-2.8353779991558801 -0.1081185550002885

-2.8353779991558801 -0.1081185550002885
-2.8322587714340361 -0.10781931953029099

-2.8322587714340361 -0.10781931953029099
-2.8291395437121927 -0.10751975623646005

-2.8291395437121927 -0.10751975623646005
-2.8260203159903492 -0.1072190581039799

-2.8260203159903492 -0.1072190581039799
-2.8229010882685053 -0.10691632969169923

-2.8229010882685053 -0.10691632969169923
-2.8197818605466618 -0.10661057161049906

-2.8197818605466618 -0.10661057161049906
-2.8166626328248179 -0.10630105325782652

-2.8166626328248179 -0.10630105325782652
-2.8142185971955183 -0.10605374254268417

-2.8142185971955183 -0.10605374254268417
-2.8135434051029744 -0.10598440851099342

-2.8135434051029744 -0.10598440851099342
-2.8104241773811309 -0.10566368041951647

-2.8104241773811309 -0.10566368041951647
-2.807304949659287 -0.1053341353240463

-2.807304949659287 -0.1053341353240463
-2.8041857219374435 -0.10499554490926011

-2.8041857219374435 -0.10499554490926011
-2.8010664942155996 -0.10464648382124608

-2.8010664942155996 -0.10464648382124608
-2.7979472664937561 -0.10428559142807353

-2.7979472664937561 -0.10428559142807353
-2.7948280387719127 -0.10391189451598241

-2.7948280387719127 -0.10391189451598241
-2.7917088110500687 -0.1035250824212262

-2.7917088110500687 -0.1035250824212262
-2.7885895833282253 -0.10312733557460114

-2.7885895833282253 -0.10312733557460114
-2.7871431721193307 -0.10293451482084051

-2.7871431721193307 -0.10293451482084051
-2.7854703556063813 -0.10271193885410973

-2.7854703556063813 -0.10271193885410973
-2.7823511278845379 -0.1022894624376805

-2.7823511278845379 -0.1022894624376805
-2.7792319001626944 -0.10185363209235161

-2.7792319001626944 -0.10185363209235161
-2.7761126724408505 -0.10140659598258894

-2.7761126724408505 -0.10140659598258894
-2.772993444719007 -0.10094877509732925

-2.772993444719007 -0.10094877509732925
-2.7698742169971631 -0.10048070787490165

-2.7698742169971631 -0.10048070787490165
-2.7667549892753196 -0.10000563838033107

-2.7667549892753196 -0.10000563838033107
-2.7655565832095736 -0.099815287098996869

-2.7655565832095736 -0.099815287098996869
-2.7636357615534761 -0.099512835847331824

-2.7636357615534761 -0.099512835847331824
-2.7605165338316322 -0.099014820023687666

-2.7605165338316322 -0.099014820023687666
-2.7573973061097887 -0.098502321865772818

-2.7573973061097887 -0.098502321865772818
-2.7542780783879448 -0.097976660171444491

-2.7542780783879448 -0.097976660171444491
-2.7511588506661013 -0.097437756013814755

-2.7511588506661013 -0.097437756013814755
-2.7480396229442579 -0.096889904530355092

-2.7480396229442579 -0.096889904530355092
-2.7469901713599634 -0.096696059377153212

-2.7469901713599634 -0.096696059377153212
-2.7449203952224139 -0.096319225418602911

-2.7449203952224139 -0.096319225418602911
-2.7418011675005705 -0.095741827179924355

-2.7418011675005705 -0.095741827179924355
-2.7386819397787265 -0.095147586408547466

-2.7386819397787265 -0.095147586408547466
-2.7355627120568831 -0.094539388130916002

-2.7355627120568831 -0.094539388130916002
-2.7324434843350396 -0.093922302705023636

-2.7324434843350396 -0.093922302705023636
-2.7307570578734861 -0.093576831655309556

-2.7307570578734861 -0.093576831655309556
-2.7293242566131957 -0.093281950126972296

-2.7293242566131957 -0.093281950126972296
-2.7262050288913522 -0.092642530476494872

-2.7262050288913522 -0.092642530476494872
-2.7230858011695083 -0.091988132345414628

-2.7230858011695083 -0.091988132345414628
-2.7199665734476648 -0.091325397227468838

-2.7199665734476648 -0.091325397227468838
-2.7168473457258213 -0.090662452731712931

-2.7168473457258213 -0.090662452731712931
-2.7159221063914165 -0.090457603933465913

-2.7159221063914165 -0.090457603933465913
-2.7137281180039774 -0.089982478398322588

-2.7137281180039774 -0.089982478398322588
-2.7106088902821339 -0.089309247448776496

-2.7106088902821339 -0.089309247448776496
-2.70748966256029 -0.088632334526800555

-2.70748966256029 -0.088632334526800555
-2.7043704348384465 -0.087956744948483837

-2.7043704348384465 -0.087956744948483837
-2.7015042448252635 -0.087338376211622257

-2.7015042448252635 -0.087338376211622257
-2.701251207116603 -0.087281209594802997

-2.701251207116603 -0.087281209594802997
-2.6981319793947591 -0.086614152054606611

-2.6981319793947591 -0.086614152054606611
-2.6950127516729157 -0.085947585204530871

-2.6950127516729157 -0.085947585204530871
-2.6918935239510717 -0.085284835161729952

-2.6918935239510717 -0.085284835161729952
-2.6887742962292283 -0.084629527636811031

-2.6887742962292283 -0.084629527636811031
-2.6868304574672059 -0.0842191484897786

-2.6868304574672059 -0.0842191484897786
-2.6856550685073848 -0.083967781402821406

-2.6856550685073848 -0.083967781402821406
-2.6825358407855409 -0.083323425660865411

-2.6825358407855409 -0.083323425660865411
-2.6794166130636974 -0.082677953775531887

-2.6794166130636974 -0.082677953775531887
-2.6762973853418535 -0.08203656848075061

-2.6762973853418535 -0.08203656848075061
-2.67317815762001 -0.081404072871353761

-2.67317815762001 -0.081404072871353761
-2.6716964527523763 -0.081099920767934958

-2.6716964527523763 -0.081099920767934958
-2.6700589298981665 -0.080764719381939201

-2.6700589298981665 -0.080764719381939201
-2.6669397021763226 -0.08014280582295033

-2.6669397021763226 -0.08014280582295033
-2.6638204744544791 -0.079523138009951574

-2.6638204744544791 -0.079523138009951574
-2.6607012467326356 -0.078909937483321022

-2.6607012467326356 -0.078909937483321022
-2.6575820190107917 -0.078306983732994176

-2.6575820190107917 -0.078306983732994176
-2.6559013285791124 -0.077980693046091301

-2.6559013285791124 -0.077980693046091301
-2.6544627912889482 -0.077700435616563299

-2.6544627912889482 -0.077700435616563299
-2.6513435635671043 -0.07711171617494865

-2.6513435635671043 -0.07711171617494865
-2.6482243358452608 -0.076525998159559572

-2.6482243358452608 -0.076525998159559572
-2.6451051081234174 -0.07594737399859193

-2.6451051081234174 -0.07594737399859193
-2.6419858804015734 -0.075376194598556073

-2.6419858804015734 -0.075376194598556073
-2.6391413882772317 -0.074861465324247645

-2.6391413882772317 -0.074861465324247645
-2.63886665267973 -0.07480984043659164

-2.63886665267973 -0.07480984043659164
-2.6357474249578861 -0.074254067118995279

-2.6357474249578861 -0.074254067118995279
-2.6326281972360426 -0.07370230887599663

-2.6326281972360426 -0.07370230887599663
-2.6295089695141991 -0.073156006535425505

-2.6295089695141991 -0.073156006535425505
-2.6263897417923552 -0.072614585880522498

-2.6263897417923552 -0.072614585880522498
-2.6232705140705117 -0.072079492727804159

-2.6232705140705117 -0.072079492727804159
-2.621310200167601 -0.071742237602403988

-2.621310200167601 -0.071742237602403988
-2.6201512863486678 -0.071540655510946599

-2.6201512863486678 -0.071540655510946599
-2.6170320586268243 -0.071013726782332143

-2.6170320586268243 -0.071013726782332143
-2.6139128309049808 -0.070486350439383505

-2.6139128309049808 -0.070486350439383505
-2.6107936031831369 -0.069961936116998677

-2.6107936031831369 -0.069961936116998677
-2.6076743754612934 -0.069440629129058254

-2.6076743754612934 -0.069440629129058254
-2.6045551477394495 -0.068924848823098434

-2.6045551477394495 -0.068924848823098434
-2.6027399491848122 -0.068623009880560346

-2.6027399491848122 -0.068623009880560346
-2.601435920017606 -0.068404708251938326

-2.601435920017606 -0.068404708251938326
-2.5983166922957626 -0.067895555570067073

-2.5983166922957626 -0.067895555570067073
-2.5951974645739186 -0.067385613283931459

-2.5951974645739186 -0.067385613283931459
-2.5920782368520752 -0.066877411876153023

-2.5920782368520752 -0.066877411876153023
-2.5889590091302312 -0.066370198849000001

-2.5889590091302312 -0.066370198849000001
-2.5858397814083878 -0.065864370030497513

-2.5858397814083878 -0.065864370030497513
-2.5836342581121987 -0.065503782158716689

-2.5836342581121987 -0.065503782158716689
-2.5827205536865443 -0.065351814131851441

-2.5827205536865443 -0.065351814131851441
-2.5796013259647004 -0.064844271187607938

-2.5796013259647004 -0.064844271187607938
-2.5764820982428569 -0.064329953981519375

-2.5764820982428569 -0.064329953981519375
-2.573362870521013 -0.063810892806529074

-2.573362870521013 -0.063810892806529074
-2.5702436427991695 -0.063286204696424556

-2.5702436427991695 -0.063286204696424556
-2.567124415077326 -0.062756878023506255

-2.567124415077326 -0.062756878023506255
-2.5649743085438685 -0.062384554436873046

-2.5649743085438685 -0.062384554436873046
-2.5640051873554821 -0.062213886728629729

-2.5640051873554821 -0.062213886728629729
-2.5608859596336386 -0.061671573814737646

-2.5608859596336386 -0.061671573814737646
-2.5577667319117947 -0.06111725494179128

-2.5577667319117947 -0.06111725494179128
-2.5546475041899512 -0.060554197979789469

-2.5546475041899512 -0.060554197979789469
-2.5515282764681078 -0.059982335294634738

-2.5515282764681078 -0.059982335294634738
-2.5484090487462638 -0.059406053843336026

-2.5484090487462638 -0.059406053843336026
-2.5476838824932888 -0.05926532671502939

-2.5476838824932888 -0.05926532671502939
-2.5452898210244204 -0.058812319796265132

-2.5452898210244204 -0.058812319796265132
-2.5421705933025764 -0.058215875950026259

-2.5421705933025764 -0.058215875950026259
-2.539051365580733 -0.057609537626630181

-2.539051365580733 -0.057609537626630181
-2.5359321378588895 -0.056994915667001884

-2.5359321378588895 -0.056994915667001884
-2.5328129101370456 -0.056377404957619538

-2.5328129101370456 -0.056377404957619538
-2.5316908064234265 -0.05614609899318574

-2.5316908064234265 -0.05614609899318574
-2.5296936824152021 -0.055740156721290901

-2.5296936824152021 -0.055740156721290901
-2.5265744546933582 -0.055104981465520245

-2.5265744546933582 -0.055104981465520245
-2.5234552269715147 -0.054459262280779748

-2.5234552269715147 -0.054459262280779748
-2.5203359992496712 -0.053806563292387352

-2.5203359992496712 -0.053806563292387352
-2.5172167715278273 -0.053152284685998377

-2.5172167715278273 -0.053152284685998377
-2.516649412885918 -0.053026871271342091

-2.516649412885918 -0.053026871271342091
-2.5140975438059838 -0.052481788015612187

-2.5140975438059838 -0.052481788015612187
-2.5109783160841399 -0.051810756488387393

-2.5109783160841399 -0.051810756488387393
-2.5078590883622964 -0.051132150035756482

-2.5078590883622964 -0.051132150035756482
-2.504739860640453 -0.05044885911122915

-2.504739860640453 -0.05044885911122915
-2.5023015071760741 -0.049907643549498434

-2.5023015071760741 -0.049907643549498434
-2.501620632918609 -0.049751600024413291

-2.501620632918609 -0.049751600024413291
-2.4985014051967656 -0.049059601078549536

-2.4985014051967656 -0.049059601078549536
-2.4953821774749216 -0.048355068061585287

-2.4953821774749216 -0.048355068061585287
-2.4922629497530782 -0.047643488721898226

-2.4922629497530782 -0.047643488721898226
-2.4891437220312347 -0.046931142855176231

-2.4891437220312347 -0.046931142855176231
-2.4885516898793174 -0.046788415827654785

-2.4885516898793174 -0.046788415827654785
-2.4860244943093908 -0.046200974905682278

-2.4860244943093908 -0.046200974905682278
-2.4829052665875473 -0.045473055844530666

-2.4829052665875473 -0.045473055844530666
-2.4797860388657038 -0.044739612401100963

-2.4797860388657038 -0.044739612401100963
-2.4766668111438599 -0.044009785356331495

-2.4766668111438599 -0.044009785356331495
-2.4752496656636587 -0.043669188105811135

-2.4752496656636587 -0.043669188105811135
-2.4735475834220164 -0.043262337986459343

-2.4735475834220164 -0.043262337986459343
-2.4704283557001725 -0.042530683536120682

-2.4704283557001725 -0.042530683536120682
-2.467309127978329 -0.041794996070728625

-2.467309127978329 -0.041794996070728625
-2.4641899002564855 -0.041064320805735993

-2.4641899002564855 -0.041064320805735993
-2.462003770113971 -0.040549960383967479

-2.462003770113971 -0.040549960383967479
-2.4610706725346416 -0.040325136179033327

-2.4610706725346416 -0.040325136179033327
-2.4579514448127981 -0.03960446361417664

-2.4579514448127981 -0.03960446361417664
-2.4548322170909542 -0.03887987135212688

-2.4548322170909542 -0.03887987135212688
-2.4517129893691108 -0.038157220211583222

-2.4517129893691108 -0.038157220211583222
-2.4485937616472673 -0.037435992611938883

-2.4485937616472673 -0.037435992611938883
-2.4485723182304944 -0.037430732662123829

-2.4485723182304944 -0.037430732662123829
-2.4454745339254234 -0.036714179721559749

-2.4454745339254234 -0.036714179721559749
-2.4423553062035799 -0.035991663380077039

-2.4423553062035799 -0.035991663380077039
-2.439236078481736 -0.035267568358889195

-2.439236078481736 -0.035267568358889195
-2.4361168507598925 -0.034548065686551145

-2.4361168507598925 -0.034548065686551145
-2.4351305704244899 -0.034311504940280173

-2.4351305704244899 -0.034311504940280173
-2.432997623038049 -0.033810909474887761

-2.432997623038049 -0.033810909474887761
-2.4298783953162051 -0.033084427359992605

-2.4298783953162051 -0.033084427359992605
-2.4267591675943616 -0.032354324994130955

-2.4267591675943616 -0.032354324994130955
-2.4236399398725177 -0.031628980779935478

-2.4236399398725177 -0.031628980779935478
-2.4217865322909562 -0.03119227721843652

-2.4217865322909562 -0.03119227721843652
-2.4205207121506742 -0.030890701328417796

-2.4205207121506742 -0.030890701328417796
-2.4174014844288307 -0.030171415465317881

-2.4174014844288307 -0.030171415465317881
-2.4142822567069868 -0.029448870005946232

-2.4142822567069868 -0.029448870005946232
-2.4111630289851433 -0.028729829414305911

-2.4111630289851433 -0.028729829414305911
-2.4083030455220396 -0.028073049496592867

-2.4083030455220396 -0.028073049496592867
-2.4080438012632994 -0.02801053077750628

-2.4080438012632994 -0.02801053077750628
-2.4049245735414559 -0.027300121827542014

-2.4049245735414559 -0.027300121827542014
-2.4018053458196125 -0.026588520272434493

-2.4018053458196125 -0.026588520272434493
-2.3986861180977685 -0.025877924593919105

-2.3986861180977685 -0.025877924593919105
-2.3955668903759251 -0.025173251245138046

-2.3955668903759251 -0.025173251245138046
-2.3946327998015722 -0.024953821774749217

-2.3946327998015722 -0.024953821774749217
-2.3924476626540812 -0.024452275933267424

-2.3924476626540812 -0.024452275933267424
-2.3893284349322377 -0.023739940316331819

-2.3893284349322377 -0.023739940316331819
-2.3862092072103942 -0.023021623753005104

-2.3862092072103942 -0.023021623753005104
-2.3830899794885503 -0.022303164353639656

-2.3830899794885503 -0.022303164353639656
-2.3810913836796632 -0.021834594052905564

-2.3810913836796632 -0.021834594052905564
-2.3799707517667068 -0.021567409992787126

-2.3799707517667068 -0.021567409992787126
-2.3768515240448629 -0.020843861463639989

-2.3768515240448629 -0.020843861463639989
-2.3737322963230194 -0.020109745041597314

-2.3737322963230194 -0.020109745041597314
-2.3706130686011759 -0.01937231516510704

-2.3706130686011759 -0.01937231516510704
-2.3678518570460798 -0.018715366331061911

-2.3678518570460798 -0.018715366331061911
-2.367493840879332 -0.018626082837174762

-2.367493840879332 -0.018626082837174762
-2.3643746131574885 -0.017885230932149977

-2.3643746131574885 -0.017885230932149977
-2.3612553854356446 -0.017137006621231014

-2.3612553854356446 -0.017137006621231014
-2.3581361577138011 -0.016385968554322457

-2.3581361577138011 -0.016385968554322457
-2.3550169299919577 -0.015634226691530469

-2.3550169299919577 -0.015634226691530469
-2.3548686865340223 -0.015596138609218262

-2.3548686865340223 -0.015596138609218262
-2.3518977022701137 -0.01487461434282197

-2.3518977022701137 -0.01487461434282197
-2.3487784745482703 -0.014112944510098594

-2.3487784745482703 -0.014112944510098594
-2.3456592468264263 -0.013346661054470533

-2.3456592468264263 -0.013346661054470533
-2.3425400191045829 -0.012580714398867878

-2.3425400191045829 -0.012580714398867878
-2.3421425868903629 -0.012476910887374609

-2.3421425868903629 -0.012476910887374609
-2.3394207913827394 -0.01179883047735825

-2.3394207913827394 -0.01179883047735825
-2.3363015636608955 -0.011016562976710801

-2.3363015636608955 -0.011016562976710801
-2.333182335939052 -0.010226100060249373

-2.333182335939052 -0.010226100060249373
-2.3300631082172081 -0.0094317065347160074

-2.3300631082172081 -0.0094317065347160074
-2.3297923868643218 -0.0093576831655309573

-2.3297923868643218 -0.0093576831655309573
-2.3269438804953646 -0.0086201763596208507

-2.3269438804953646 -0.0086201763596208507
-2.3238246527735211 -0.0078038586631912765

-2.3238246527735211 -0.0078038586631912765
-2.3207054250516772 -0.0069789163191176836

-2.3207054250516772 -0.0069789163191176836
-2.3179359507124793 -0.0062384554436873043

-2.3179359507124793 -0.0062384554436873043
-2.3175861973298337 -0.0061397988803738365

-2.3175861973298337 -0.0061397988803738365
-2.3144669696079898 -0.0053034799550867465

-2.3144669696079898 -0.0053034799550867465
-2.3113477418861463 -0.0044533540504009574

-2.3113477418861463 -0.0044533540504009574
-2.3082285141643029 -0.0036026267962707757

-2.3082285141643029 -0.0036026267962707757
-2.3065057455932929 -0.0031192277218436521

-2.3065057455932929 -0.0031192277218436521
-2.3051092864424589 -0.0027244033880226039

-2.3051092864424589 -0.0027244033880226039
-2.3019900587206155 -0.0018640895701895778

-2.3019900587206155 -0.0018640895701895778
-2.298870830998772 -0.00099079307905834907

-2.298870830998772 -0.00099079307905834907
-2.2957516032769281 -0.00012075251845906902

-2.2957516032769281 -0.00012075251845906902
-2.2953461549417109 0

-2.2953461549417109 0
-2.2926323755550846 0.00076613843057123576

-2.2926323755550846 0.00076613843057123576
-2.2895131478332407 0.0016480235013323842

-2.2895131478332407 0.0016480235013323842
-2.2863939201113972 0.0025280535637437116

-2.2863939201113972 0.0025280535637437116
-2.2843278405375909 0.0031192277218436517

-2.2843278405375909 0.0031192277218436517
-2.2832746923895537 0.0034277385258298073

-2.2832746923895537 0.0034277385258298073
-2.2801554646677098 0.0043041880668828409

-2.2801554646677098 0.0043041880668828409
-2.2770362369458663 0.0051907485228260969

-2.2770362369458663 0.0051907485228260969
-2.2739170092240224 0.0060691891977093064

-2.2739170092240224 0.0060691891977093064
-2.2733497921991628 0.0062384554436873043

-2.2733497921991628 0.0062384554436873043
-2.2707977815021789 0.006965515952226246

-2.2707977815021789 0.006965515952226246
-2.2676785537803354 0.0078508573716720952

-2.2676785537803354 0.0078508573716720952
-2.2645593260584915 0.0087338445841338205

-2.2645593260584915 0.0087338445841338205
-2.2623770825820029 0.0093576831655309556

-2.2623770825820029 0.0093576831655309556
-2.2614400983366481 0.0096333947523257156

-2.2614400983366481 0.0096333947523257156
-2.2583208706148041 0.010509621115314744

-2.2583208706148041 0.010509621115314744
-2.2552016428929607 0.011395666280890594

-2.2552016428929607 0.011395666280890594
-2.2520824151711172 0.012272956116695585

-2.2520824151711172 0.012272956116695585
-2.2513952352455791 0.012476910887374609

-2.2513952352455791 0.012476910887374609
-2.2489631874492733 0.013169966214197122

-2.2489631874492733 0.013169966214197122
-2.2458439597274298 0.014052932232025542

-2.2458439597274298 0.014052932232025542
-2.2427247320055859 0.014934003651897183

-2.2427247320055859 0.014934003651897183
-2.240392271994943 0.01559613860921826

-2.240392271994943 0.01559613860921826
-2.2396055042837424 0.015827598181869268

-2.2396055042837424 0.015827598181869268
-2.2364862765618989 0.016697146884868889

-2.2364862765618989 0.016697146884868889
-2.233367048840055 0.017572077676960864

-2.233367048840055 0.017572077676960864
-2.2302478211182115 0.018432565143960834

-2.2302478211182115 0.018432565143960834
-2.2292592559294415 0.018715366331061915

-2.2292592559294415 0.018715366331061915
-2.2271285933963676 0.019309180131479049

-2.2271285933963676 0.019309180131479049
-2.2240093656745241 0.020162132507476418

-2.2240093656745241 0.020162132507476418
-2.2208901379526806 0.021012888651606207

-2.2208901379526806 0.021012888651606207
-2.2178546654377871 0.021834594052905568

-2.2178546654377871 0.021834594052905568
-2.2177709102308367 0.021858811159793795

-2.2177709102308367 0.021858811159793795
-2.2146516825089932 0.022695996253326287

-2.2146516825089932 0.022695996253326287
-2.2115324547871493 0.023530104758830578

-2.2115324547871493 0.023530104758830578
-2.2084132270653059 0.024356804893518262

-2.2084132270653059 0.024356804893518262
-2.206171030229457 0.024953821774749217

-2.206171030229457 0.024953821774749217
-2.2052939993434624 0.025194319966117956

-2.2052939993434624 0.025194319966117956
-2.2021747716216185 0.02601000722140439

-2.2021747716216185 0.02601000722140439
-2.199055543899775 0.026832340385344034

-2.199055543899775 0.026832340385344034
-2.1959363161779311 0.027646368032747334

-2.1959363161779311 0.027646368032747334
-2.1943366021823545 0.02807304949659287

-2.1943366021823545 0.02807304949659287
-2.1928170884560876 0.028479011619865068

-2.1928170884560876 0.028479011619865068
-2.1896978607342441 0.029289653167518664

-2.1896978607342441 0.029289653167518664
-2.1865786330124002 0.03010566993829087

-2.1865786330124002 0.03010566993829087
-2.1834594052905567 0.030911273030371493

-2.1834594052905567 0.030911273030371493
-2.1824093145958474 0.03119227721843652

-2.1824093145958474 0.03119227721843652
-2.1803401775687128 0.031734071431235682

-2.1803401775687128 0.031734071431235682
-2.1772209498468693 0.032537730574866579

-2.1772209498468693 0.032537730574866579
-2.1741017221250258 0.033341740159495814

-2.1741017221250258 0.033341740159495814
-2.1709824944031819 0.03413462374987649

-2.1709824944031819 0.03413462374987649
-2.1703169279778169 0.034311504940280173

-2.1703169279778169 0.034311504940280173
-2.1678632666813384 0.034939587390677179

-2.1678632666813384 0.034939587390677179
-2.1647440389594945 0.035730969012812724

-2.1647440389594945 0.035730969012812724
-2.161624811237651 0.03652146404883861

-2.161624811237651 0.03652146404883861
-2.1585055835158076 0.03730357540633443

-2.1585055835158076 0.03730357540633443
-2.1580238815952031 0.037430732662123822

-2.1580238815952031 0.037430732662123822
-2.1553863557939636 0.038096589479264989

-2.1553863557939636 0.038096589479264989
-2.1522671280721202 0.038881768125557867

-2.1522671280721202 0.038881768125557867
-2.1491479003502763 0.039668426908144372

-2.1491479003502763 0.039668426908144372
-2.1460286726284328 0.040450864887743659

-2.1460286726284328 0.040450864887743659
-2.1456560233035082 0.040549960383967479

-2.1456560233035082 0.040549960383967479
-2.1429094449065893 0.041245232330474987

-2.1429094449065893 0.041245232330474987
-2.1397902171847454 0.042036053504003849

-2.1397902171847454 0.042036053504003849
-2.1366709894629019 0.042829926569373976

-2.1366709894629019 0.042829926569373976
-2.133551761741058 0.043623068830860083

-2.133551761741058 0.043623068830860083
-2.1333817653588181 0.043669188105811128

-2.1333817653588181 0.043669188105811128
-2.1304325340192145 0.044423788794342979

-2.1304325340192145 0.044423788794342979
-2.127313306297371 0.045223796311811316

-2.127313306297371 0.045223796311811316
-2.1241940785755271 0.046025174907269255

-2.1241940785755271 0.046025174907269255
-2.1212266009154788 0.046788415827654778

-2.1212266009154788 0.046788415827654778
-2.1210748508536836 0.046829851988170641

-2.1210748508536836 0.046829851988170641
-2.1179556231318402 0.047630688272395895

-2.1179556231318402 0.047630688272395895
-2.1148363954099962 0.048435043517849066

-2.1148363954099962 0.048435043517849066
-2.1117171676881528 0.049238350112710993

-2.1117171676881528 0.049238350112710993
-2.109126041666483 0.049907643549498434

-2.109126041666483 0.049907643549498434
-2.1085979399663088 0.05005013703050612

-2.1085979399663088 0.05005013703050612
-2.1054787122444654 0.050848415189128415

-2.1054787122444654 0.050848415189128415
-2.1023594845226219 0.051653671457132802

-2.1023594845226219 0.051653671457132802
-2.099240256800778 0.052455584003986158

-2.099240256800778 0.052455584003986158
-2.0970365006393639 0.053026871271342084

-2.0970365006393639 0.053026871271342084
-2.0961210290789345 0.053270708503304384

-2.0961210290789345 0.053270708503304384
-2.0930018013570906 0.054066305655693432

-2.0930018013570906 0.054066305655693432
-2.0898825736352471 0.054868862924164867

-2.0898825736352471 0.054868862924164867
-2.0867633459134036 0.055664429402363949

-2.0867633459134036 0.055664429402363949
-2.0848988825050743 0.056146098993185733

-2.0848988825050743 0.056146098993185733
-2.0836441181915597 0.056474358882641025

-2.0836441181915597 0.056474358882641025
-2.0805248904697162 0.057261429835675157

-2.0805248904697162 0.057261429835675157
-2.0774056627478723 0.058053103460234914

-2.0774056627478723 0.058053103460234914
-2.0742864350260288 0.058835703203222525

-2.0742864350260288 0.058835703203222525
-2.0726009390844005 0.05926532671502939

-2.0726009390844005 0.05926532671502939
-2.0711672073041854 0.059632610058987047

-2.0711672073041854 0.059632610058987047
-2.0680479795823414 0.060407218950164328

-2.0680479795823414 0.060407218950164328
-2.064928751860498 0.061185990694519576

-2.064928751860498 0.061185990694519576
-2.061809524138654 0.06195667315926906

-2.061809524138654 0.06195667315926906
-2.06010565981286 0.06238455443687304

-2.06010565981286 0.06238455443687304
-2.0586902964168106 0.062742023403360256

-2.0586902964168106 0.062742023403360256
-2.0555710686949671 0.063506708829922195

-2.0555710686949671 0.063506708829922195
-2.0524518409731232 0.064276599247715921

-2.0524518409731232 0.064276599247715921
-2.0493326132512797 0.065040484255562067

-2.0493326132512797 0.065040484255562067
-2.0474662171601326 0.065503782158716703

-2.0474662171601326 0.065503782158716703
-2.0462133855294358 0.065818593572646536

-2.0462133855294358 0.065818593572646536
-2.0430941578075923 0.0665765981979001

-2.0430941578075923 0.0665765981979001
-2.0399749300857488 0.067339398815142476

-2.0399749300857488 0.067339398815142476
-2.0368557023639049 0.068096170097104877

-2.0368557023639049 0.068096170097104877
-2.0346937984004474 0.068623009880560346

-2.0346937984004474 0.068623009880560346
-2.0337364746420614 0.068861880930660882

-2.0337364746420614 0.068861880930660882
-2.0306172469202175 0.069606457639900379

-2.0306172469202175 0.069606457639900379
-2.027498019198374 0.070353385217523767

-2.027498019198374 0.070353385217523767
-2.0243787914765305 0.071094983984037102

-2.0243787914765305 0.071094983984037102
-2.0216437206090219 0.071742237602404002

-2.0216437206090219 0.071742237602404002
-2.0212595637546866 0.071837372779298581

-2.0212595637546866 0.071837372779298581
-2.0181403360328432 0.072566461988868694

-2.0181403360328432 0.072566461988868694
-2.0150211083109992 0.073296396682265369

-2.0150211083109992 0.073296396682265369
-2.0119018805891558 0.074023478441571228

-2.0119018805891558 0.074023478441571228
-2.0087826528673123 0.074743675594364817

-2.0087826528673123 0.074743675594364817
-2.0082960743210245 0.074861465324247659

-2.0082960743210245 0.074861465324247659
-2.0056634251454684 0.075473275339774215

-2.0056634251454684 0.075473275339774215
-2.0025441974236249 0.076195922812171579

-2.0025441974236249 0.076195922812171579
-1.999424969701781 0.076919797272114149

-1.999424969701781 0.076919797272114149
-1.9963057419799373 0.077638706810192776

-1.9963057419799373 0.077638706810192776
-1.994859959116049 0.077980693046091315

-1.994859959116049 0.077980693046091315
-1.9931865142580936 0.078374844763217169

-1.9931865142580936 0.078374844763217169
-1.9900672865362501 0.079096434163614338

-1.9900672865362501 0.079096434163614338
-1.9869480588144064 0.079823939758307802

-1.9869480588144064 0.079823939758307802
-1.9838288310925627 0.080550187562569556

-1.9838288310925627 0.080550187562569556
-1.981483800700589 0.081099920767934958

-1.981483800700589 0.081099920767934958
-1.980709603370719 0.081286933804196479

-1.980709603370719 0.081286933804196479
-1.9775903756488753 0.082009903135236636

-1.9775903756488753 0.082009903135236636
-1.9744711479270318 0.082739640715304485

-1.9744711479270318 0.082739640715304485
-1.9713519202051881 0.083469793878644977

-1.9713519202051881 0.083469793878644977
-1.9682326924833444 0.084198861838615913

-1.9682326924833444 0.084198861838615913
-1.9681508328317372 0.084219148489778614

-1.9681508328317372 0.084219148489778614
-1.9651134647615007 0.084930142052861493

-1.9651134647615007 0.084930142052861493
-1.961994237039657 0.085660211810765163

-1.961994237039657 0.085660211810765163
-1.9588750093178136 0.086390123490185322

-1.9588750093178136 0.086390123490185322
-1.9557557815959699 0.087113546211671944

-1.9557557815959699 0.087113546211671944
-1.9548227770173559 0.087338376211622271

-1.9548227770173559 0.087338376211622271
-1.9526365538741262 0.087852755084319833

-1.9526365538741262 0.087852755084319833
-1.9495173261522825 0.088581002195194117

-1.9495173261522825 0.088581002195194117
-1.9463980984304388 0.089313659097160575

-1.9463980984304388 0.089313659097160575
-1.9432788707085953 0.090043604526919174

-1.9432788707085953 0.090043604526919174
-1.9415472889061114 0.090457603933465913

-1.9415472889061114 0.090457603933465913
-1.9401596429867516 0.090791609778667903

-1.9401596429867516 0.090791609778667903
-1.9370404152649079 0.091525736205120278

-1.9370404152649079 0.091525736205120278
-1.9339211875430642 0.092269646309569395

-1.9339211875430642 0.092269646309569395
-1.9308019598212205 0.093015403959163995

-1.9308019598212205 0.093015403959163995
-1.9284824764663933 0.09357683165530957

-1.9284824764663933 0.09357683165530957
-1.927682732099377 0.093776324917939677

-1.927682732099377 0.093776324917939677
-1.9245635043775333 0.094526295131101334

-1.9245635043775333 0.094526295131101334
-1.9214442766556896 0.09528735189480636

-1.9214442766556896 0.09528735189480636
-1.9183250489338459 0.096051286030933825

-1.9183250489338459 0.096051286030933825
-1.9157102910013553 0.096696059377153226

-1.9157102910013553 0.096696059377153226
-1.9152058212120022 0.096825884467117471

-1.9152058212120022 0.096825884467117471
-1.9120865934901587 0.097590597826743286

-1.9120865934901587 0.097590597826743286
-1.908967365768315 0.098362485409236103

-1.908967365768315 0.098362485409236103
-1.9058481380464714 0.099134578654317754

-1.9058481380464714 0.099134578654317754
-1.9031037958966219 0.099815287098996869

-1.9031037958966219 0.099815287098996869
-1.9027289103246277 0.099912871150229524

-1.9027289103246277 0.099912871150229524
-1.8996096826027842 0.10068185619228093

-1.8996096826027842 0.10068185619228093
-1.8964904548809405 0.10145644868671529

-1.8964904548809405 0.10145644868671529
-1.8933712271590968 0.10223171795268914

-1.8933712271590968 0.10223171795268914
-1.8905505776035461 0.10293451482084053

-1.8905505776035461 0.10293451482084053
-1.8902519994372531 0.10301285802835196

-1.8902519994372531 0.10301285802835196
-1.8871327717154094 0.10378735489423206

-1.8871327717154094 0.10378735489423206
-1.8840135439935659 0.1045679561671251

-1.8840135439935659 0.1045679561671251
-1.8808943162717222 0.1053505160369743

-1.8808943162717222 0.1053505160369743
-1.8781048369532432 0.10605374254268418

-1.8781048369532432 0.10605374254268418
-1.8777750885498785 0.10614123043587818

-1.8777750885498785 0.10614123043587818
-1.8746558608280348 0.10692631007668517

-1.8746558608280348 0.10692631007668517
-1.8715366331061911 0.10771972122872117

-1.8715366331061911 0.10771972122872117
-1.8684174053843476 0.10851551877484772

-1.8684174053843476 0.10851551877484772
-1.8658600451008718 0.10917297026452782

-1.8658600451008718 0.10917297026452782
-1.8652981776625039 0.10932362787362418

-1.8652981776625039 0.10932362787362418
-1.8621789499406602 0.11012027804145673

-1.8621789499406602 0.11012027804145673
-1.8590597222188165 0.11092546576503472

-1.8590597222188165 0.11092546576503472
-1.8559404944969728 0.11172835094193845

-1.8559404944969728 0.11172835094193845
-1.8537726231671596 0.11229219798637148

-1.8537726231671596 0.11229219798637148
-1.8528212667751294 0.11254607531409622

-1.8528212667751294 0.11254607531409622
-1.8497020390532857 0.11334450055407862

-1.8497020390532857 0.11334450055407862
-1.846582811331442 0.11414998572788451

-1.846582811331442 0.11414998572788451
-1.8434635836095983 0.11494814808824802

-1.8434635836095983 0.11494814808824802
-1.8416804381933147 0.11541142570821514

-1.8416804381933147 0.11541142570821514
-1.8403443558877546 0.11576176905275964

-1.8403443558877546 0.11576176905275964
-1.8372251281659111 0.11655223561301113

-1.8372251281659111 0.11655223561301113
-1.8341059004440674 0.11734680333854912

-1.8341059004440674 0.11734680333854912
-1.8309866727222237 0.11813206214982053

-1.8309866727222237 0.11813206214982053
-1.8294368625285446 0.11853065343005878

-1.8294368625285446 0.11853065343005878
-1.82786744500038 0.11893409512853668

-1.82786744500038 0.11893409512853668
-1.8247482172785363 0.11971612544629721

-1.8247482172785363 0.11971612544629721
-1.8216289895566928 0.12050461977483465

-1.8216289895566928 0.12050461977483465
-1.8185097618348491 0.12128778656314065

-1.8185097618348491 0.12128778656314065
-1.8171127299425938 0.12164988115190244

-1.8171127299425938 0.12164988115190244
-1.8153905341130054 0.12209332016342919

-1.8153905341130054 0.12209332016342919
-1.8122713063911617 0.12288447562601534

-1.8122713063911617 0.12288447562601534
-1.8091520786693183 0.1236861420130574

-1.8091520786693183 0.1236861420130574
-1.8060328509474746 0.12448551906700747

-1.8060328509474746 0.12448551906700747
-1.804976011098288 0.12476910887374609

-1.804976011098288 0.12476910887374609
-1.8029136232256309 0.12531093882772326

-1.8029136232256309 0.12531093882772326
-1.7997943955037872 0.12612584936154342

-1.7997943955037872 0.12612584936154342
-1.7966751677819435 0.12694991188506738

-1.7966751677819435 0.12694991188506738
-1.7935559400601 0.12777247889096593

-1.7935559400601 0.12777247889096593
-1.7931430173504157 0.12788833659558974

-1.7931430173504157 0.12788833659558974
-1.7904367123382563 0.12861049285137172

-1.7904367123382563 0.12861049285137172
-1.7873174846164126 0.1294428095334493

-1.7873174846164126 0.1294428095334493
-1.7841982568945689 0.13027634283460252

-1.7841982568945689 0.13027634283460252
-1.781468187878972 0.13100756431743341

-1.781468187878972 0.13100756431743341
-1.7810790291727252 0.13111731209972269

-1.7810790291727252 0.13111731209972269
-1.7779598014508817 0.13194699470622001

-1.7779598014508817 0.13194699470622001
-1.774840573729038 0.13278316674293236

-1.774840573729038 0.13278316674293236
-1.7717213460071943 0.13361467926733428

-1.7717213460071943 0.13361467926733428
-1.7698320270587569 0.13412679203927705

-1.7698320270587569 0.13412679203927705
-1.7686021182853506 0.13446500593003838

-1.7686021182853506 0.13446500593003838
-1.7654828905635069 0.1352932973341113

-1.7654828905635069 0.1352932973341113
-1.7623636628416635 0.13612927986001197

-1.7623636628416635 0.13612927986001197
-1.7592444351198198 0.13695531144289794

-1.7592444351198198 0.13695531144289794
-1.7581871615386606 0.13724601976112069

-1.7581871615386606 0.13724601976112069
-1.7561252073979761 0.13780065683535067

-1.7561252073979761 0.13780065683535067
-1.7530059796761324 0.13862756147293723

-1.7530059796761324 0.13862756147293723
-1.7498867519542887 0.13945731592617891

-1.7498867519542887 0.13945731592617891
-1.7467675242324452 0.14028187230014477

-1.7467675242324452 0.14028187230014477
-1.7464706635914404 0.14036524748296436

-1.7464706635914404 0.14036524748296436
-1.7436482965106015 0.14111525009482564

-1.7436482965106015 0.14111525009482564
-1.7405290687887578 0.1419426361649116

-1.7405290687887578 0.1419426361649116
-1.7374098410669141 0.14276997694212623

-1.7374098410669141 0.14276997694212623
-1.7347226474025759 0.143484475204808

-1.7347226474025759 0.143484475204808
-1.7342906133450704 0.14360514921465187

-1.7342906133450704 0.14360514921465187
-1.7311713856232269 0.14442859949622538

-1.7311713856232269 0.14442859949622538
-1.7280521579013832 0.14525942712739068

-1.7280521579013832 0.14525942712739068
-1.7249329301795395 0.14608681736262771

-1.7249329301795395 0.14608681736262771
-1.7230176006576201 0.14660370292665165

-1.7230176006576201 0.14660370292665165
-1.7218137024576958 0.14693368172458426

-1.7218137024576958 0.14693368172458426
-1.7186944747358524 0.14775980112980519

-1.7186944747358524 0.14775980112980519
-1.7155752470140087 0.14859468297794093

-1.7155752470140087 0.14859468297794093
-1.712456019292165 0.14942054451753689

-1.712456019292165 0.14942054451753689
-1.7113551721570239 0.14972293064849532

-1.7113551721570239 0.14972293064849532
-1.7093367915703213 0.15026634239032075

-1.7093367915703213 0.15026634239032075
-1.7062175638484776 0.15109361900257395

-1.7062175638484776 0.15109361900257395
-1.7030983361266341 0.15192462426901826

-1.7030983361266341 0.15192462426901826
-1.6999791084047904 0.15275121831765351

-1.6999791084047904 0.15275121831765351
-1.69965633745635 0.15284215837033896

-1.69965633745635 0.15284215837033896
-1.6968598806829467 0.15358834926346299

-1.6968598806829467 0.15358834926346299
-1.693740652961103 0.15441927432190655

-1.693740652961103 0.15441927432190655
-1.6906214252392593 0.1552498063589294

-1.6906214252392593 0.1552498063589294
-1.6879511951383939 0.1559613860921826

-1.6879511951383939 0.1559613860921826
-1.6875021975174158 0.15608698653578901

-1.6875021975174158 0.15608698653578901
-1.6843829697955721 0.15690928080449179

-1.6843829697955721 0.15690928080449179
-1.6812637420737284 0.1577353118717213

-1.6812637420737284 0.1577353118717213
-1.6781445143518847 0.15855387076125216

-1.6781445143518847 0.15855387076125216
-1.6761563247239204 0.15908061381402627

-1.6761563247239204 0.15908061381402627
-1.675025286630041 0.15938577087038291

-1.675025286630041 0.15938577087038291
-1.6719060589081975 0.16019296716467396

-1.6719060589081975 0.16019296716467396
-1.6687868311863538 0.16100286960060009

-1.6687868311863538 0.16100286960060009
-1.6656676034645101 0.16179959505500083

-1.6656676034645101 0.16179959505500083
-1.6641239726262829 0.16219984153586992

-1.6641239726262829 0.16219984153586992
-1.6625483757426665 0.16260797237442082

-1.6625483757426665 0.16260797237442082
-1.6594291480208228 0.16339014631864199

-1.6594291480208228 0.16339014631864199
-1.6563099202989793 0.16417205263793272

-1.6563099202989793 0.16417205263793272
-1.6531906925771356 0.16494209594023837

-1.6531906925771356 0.16494209594023837
-1.6516922393820832 0.16531906925771356

-1.6516922393820832 0.16531906925771356
-1.6500714648552919 0.16572574570548335

-1.6500714648552919 0.16572574570548335
-1.6469522371334482 0.16648882869978587

-1.6469522371334482 0.16648882869978587
-1.6438330094116045 0.16725545640774428

-1.6438330094116045 0.16725545640774428
-1.640713781689761 0.16801486290664816

-1.640713781689761 0.16801486290664816
-1.639001620862591 0.16843829697955723

-1.639001620862591 0.16843829697955723
-1.6375945539679173 0.16878835493993577

-1.6375945539679173 0.16878835493993577
-1.6344753262460736 0.16954181880861022

-1.6344753262460736 0.16954181880861022
-1.6313560985242299 0.17029966136454391

-1.6313560985242299 0.17029966136454391
-1.6282368708023864 0.17105201846782539

-1.6282368708023864 0.17105201846782539
-1.6261530489896041 0.17155752470140087

-1.6261530489896041 0.17155752470140087
-1.6251176430805427 0.17181387971620657

-1.6251176430805427 0.17181387971620657
-1.621998415358699 0.17255501551518981

-1.621998415358699 0.17255501551518981
-1.6188791876368553 0.17329822919021459

-1.6188791876368553 0.17329822919021459
-1.6157599599150116 0.17403510040555756

-1.6157599599150116 0.17403510040555756
-1.6130174623228997 0.17467675242324451

-1.6130174623228997 0.17467675242324451
-1.6126407321931682 0.17476895037865478

-1.6126407321931682 0.17476895037865478
-1.6095215044713245 0.17548595890847851

-1.6095215044713245 0.17548595890847851
-1.6064022767494808 0.17619966561213976

-1.6064022767494808 0.17619966561213976
-1.6032830490276371 0.17690701738854633

-1.6032830490276371 0.17690701738854633
-1.6001638213057934 0.177602548879261

-1.6001638213057934 0.177602548879261
-1.5993206196965357 0.17779598014508818

-1.5993206196965357 0.17779598014508818
-1.5970445935839499 0.17830456303888312

-1.5970445935839499 0.17830456303888312
-1.5939253658621062 0.17898983320837938

-1.5939253658621062 0.17898983320837938
-1.5908061381402625 0.17966949954029185

-1.5908061381402625 0.17966949954029185
-1.5876869104184188 0.18034215019749139

-1.5876869104184188 0.18034215019749139
-1.5850090582257754 0.18091520786693183

-1.5850090582257754 0.18091520786693183
-1.5845676826965751 0.18101340468346155

-1.5845676826965751 0.18101340468346155
-1.5814484549747316 0.18167247173571802

-1.5814484549747316 0.18167247173571802
-1.5783292272528879 0.18233237267570196

-1.5783292272528879 0.18233237267570196
-1.5752099995310442 0.18298909631061294

-1.5752099995310442 0.18298909631061294
-1.5720907718092005 0.1836397054121704

-1.5720907718092005 0.1836397054121704
-1.570208963075965 0.18403443558877547

-1.570208963075965 0.18403443558877547
-1.5689715440873568 0.18429678924250542

-1.5689715440873568 0.18429678924250542
-1.5658523163655134 0.1849376909159727

-1.5658523163655134 0.1849376909159727
-1.5627330886436697 0.18558018062894607

-1.5627330886436697 0.18558018062894607
-1.559613860921826 0.18621838150461509

-1.559613860921826 0.18621838150461509
-1.5564946331999823 0.1868464737679767

-1.5564946331999823 0.1868464737679767
-1.5549796357087786 0.18715366331061914

-1.5549796357087786 0.18715366331061914
-1.5533754054781388 0.18747836473841731

-1.5533754054781388 0.18747836473841731
-1.5502561777562951 0.18809070277892478

-1.5502561777562951 0.18809070277892478
-1.5471369500344514 0.18869778156263128

-1.5471369500344514 0.18869778156263128
-1.5440177223126077 0.18929463412770131

-1.5440177223126077 0.18929463412770131
-1.540898494590764 0.18987942795139068

-1.540898494590764 0.18987942795139068
-1.5387805586494845 0.19027289103246278

-1.5387805586494845 0.19027289103246278
-1.5377792668689205 0.19046198107608567

-1.5377792668689205 0.19046198107608567
-1.5346600391470768 0.19102717752407594

-1.5346600391470768 0.19102717752407594
-1.5315408114252331 0.19158956078142014

-1.5315408114252331 0.19158956078142014
-1.5284215837033894 0.19214568197802023

-1.5284215837033894 0.19214568197802023
-1.5253023559815457 0.19269631912456472

-1.5253023559815457 0.19269631912456472
-1.5221831282597023 0.19323744057236911

-1.5221831282597023 0.19323744057236911
-1.5213063396950774 0.19339211875430642

-1.5213063396950774 0.19339211875430642
-1.5190639005378586 0.19378012486389812

-1.5190639005378586 0.19378012486389812
-1.5159446728160149 0.19431026428357459

-1.5159446728160149 0.19431026428357459
-1.5128254450941712 0.1948344379372704

-1.5128254450941712 0.1948344379372704
-1.5097062173723275 0.19535152490777882

-1.5097062173723275 0.19535152490777882
-1.506586989650484 0.19586082113946313

-1.506586989650484 0.19586082113946313
-1.5034677619286403 0.19635743090794039

-1.5034677619286403 0.19635743090794039
-1.5025029559948344 0.19651134647615009

-1.5025029559948344 0.19651134647615009
-1.5003485342067966 0.1968497323281973

-1.5003485342067966 0.1968497323281973
-1.4972293064849529 0.19732509957145136

-1.4972293064849529 0.19732509957145136
-1.4941100787631092 0.19778958162766866

-1.4941100787631092 0.19778958162766866
-1.4909908510412657 0.19824217978631151

-1.4909908510412657 0.19824217978631151
-1.487871623319422 0.19868379872377531

-1.487871623319422 0.19868379872377531
-1.4847523955975783 0.19911484482615829

-1.4847523955975783 0.19911484482615829
-1.4816331678757346 0.19953287243693324

-1.4816331678757346 0.19953287243693324
-1.4809006848159798 0.19963057419799374

-1.4809006848159798 0.19963057419799374
-1.4785139401538909 0.19994324291133739

-1.4785139401538909 0.19994324291133739
-1.4753947124320475 0.20033820900306448

-1.4753947124320475 0.20033820900306448
-1.4722754847102038 0.20072132407598325

-1.4722754847102038 0.20072132407598325
-1.4691562569883601 0.20109273066447619

-1.4691562569883601 0.20109273066447619
-1.4660370292665164 0.20145274373027736

-1.4660370292665164 0.20145274373027736
-1.4629178015446729 0.20180149999476968

-1.4629178015446729 0.20180149999476968
-1.4597985738228292 0.20213894331593366

-1.4597985738228292 0.20213894331593366
-1.4566793461009855 0.20246483592029654

-1.4566793461009855 0.20246483592029654
-1.4538509123149832 0.20274980191983741

-1.4538509123149832 0.20274980191983741
-1.4535601183791418 0.20277969791415154

-1.4535601183791418 0.20277969791415154
-1.4504408906572981 0.20308224299169617

-1.4504408906572981 0.20308224299169617
-1.4473216629354546 0.2033755175891952

-1.4473216629354546 0.2033755175891952
-1.4442024352136109 0.20366006704504105

-1.4442024352136109 0.20366006704504105
-1.4410832074917672 0.20393700943727119

-1.4410832074917672 0.20393700943727119
-1.4379639797699235 0.20420647719596366

-1.4379639797699235 0.20420647719596366
-1.4348447520480798 0.20446782587614665

-1.4348447520480798 0.20446782587614665
-1.4317255243262363 0.20472037262954601

-1.4317255243262363 0.20472037262954601
-1.4286062966043926 0.20496380078936566

-1.4286062966043926 0.20496380078936566
-1.4254870688825489 0.2051979084506303

-1.4254870688825489 0.2051979084506303
-1.4223678411607052 0.2054221878348256

-1.4223678411607052 0.2054221878348256
-1.4192486134388616 0.20563598440663272

-1.4192486134388616 0.20563598440663272
-1.4161293857170181 0.20583829998166231

-1.4161293857170181 0.20583829998166231
-1.4156319688291874 0.20586902964168105

-1.4156319688291874 0.20586902964168105
-1.4130101579951744 0.20602923329405709

-1.4130101579951744 0.20602923329405709
-1.4098909302733307 0.20620688575643142

-1.4098909302733307 0.20620688575643142
-1.406771702551487 0.2063719626174487

-1.406771702551487 0.2063719626174487
-1.4036524748296433 0.20652477374101999

-1.4036524748296433 0.20652477374101999
-1.4005332471077998 0.20666537967941992

-1.4005332471077998 0.20666537967941992
-1.3974140193859561 0.2067938546706021

-1.3974140193859561 0.2067938546706021
-1.3942947916641124 0.20691043236755324

-1.3942947916641124 0.20691043236755324
-1.3911755639422687 0.20701550648464775

-1.3911755639422687 0.20701550648464775
-1.388056336220425 0.2071093455411297

-1.388056336220425 0.2071093455411297
-1.3849371084985815 0.20719180009081686

-1.3849371084985815 0.20719180009081686
-1.3818178807767378 0.20726235208302229

-1.3818178807767378 0.20726235208302229
-1.3786986530548941 0.20732043699203603

-1.3786986530548941 0.20732043699203603
-1.3755794253330504 0.20736581472819188

-1.3755794253330504 0.20736581472819188
-1.372460197611207 0.2073987578565378

-1.372460197611207 0.2073987578565378
-1.3693409698893633 0.20741983998679256

-1.3693409698893633 0.20741983998679256
-1.3662217421675196 0.20742945622159206

-1.3662217421675196 0.20742945622159206
-1.3631025144456759 0.20742742556650509

-1.3631025144456759 0.20742742556650509
-1.3599832867238322 0.2074131533808731

-1.3599832867238322 0.2074131533808731
-1.3568640590019887 0.2073862637202683

-1.3568640590019887 0.2073862637202683
-1.353744831280145 0.20734687664080872

-1.353744831280145 0.20734687664080872
-1.3506256035583013 0.2072954104530991

-1.3506256035583013 0.2072954104530991
-1.3475063758364576 0.20723205467221911

-1.3475063758364576 0.20723205467221911
-1.3443871481146139 0.20715627563681377

-1.3443871481146139 0.20715627563681377
-1.3412679203927704 0.20706694868140185

-1.3412679203927704 0.20706694868140185
-1.3381486926709267 0.20696299206664046

-1.3381486926709267 0.20696299206664046
-1.335029464949083 0.20684394821489685

-1.335029464949083 0.20684394821489685
-1.3319102372272393 0.20671008783562814

-1.3319102372272393 0.20671008783562814
-1.3287910095053956 0.20656192457468983

-1.3287910095053956 0.20656192457468983
-1.3256717817835522 0.20639951050543498

-1.3256717817835522 0.20639951050543498
-1.3225525540617085 0.20622223491758135

-1.3225525540617085 0.20622223491758135
-1.3194333263398648 0.20602954435148974

-1.3194333263398648 0.20602954435148974
-1.3170332637707558 0.20586902964168105

-1.3170332637707558 0.20586902964168105
-1.3163140986180211 0.20582046464924633

-1.3163140986180211 0.20582046464924633
-1.3131948708961774 0.20559772130728318

-1.3131948708961774 0.20559772130728318
-1.3100756431743339 0.2053609211900296

-1.3100756431743339 0.2053609211900296
-1.3069564154524902 0.20511147044318551

-1.3069564154524902 0.20511147044318551
-1.3038371877306465 0.20484930109984814

-1.3038371877306465 0.20484930109984814
-1.3007179600088028 0.20457354927665267

-1.3007179600088028 0.20457354927665267
-1.2975987322869591 0.20428351630478048

-1.2975987322869591 0.20428351630478048
-1.2944795045651156 0.20397920249875831

-1.2944795045651156 0.20397920249875831
-1.2913602768432719 0.20366134516837148

-1.2913602768432719 0.20366134516837148
-1.2882410491214282 0.20333067531236701

-1.2882410491214282 0.20333067531236701
-1.2851218213995845 0.20298737204126124

-1.2851218213995845 0.20298737204126124
-1.2830656666165476 0.20274980191983741

-1.2830656666165476 0.20274980191983741
-1.2820025936777411 0.20262575201317043

-1.2820025936777411 0.20262575201317043
-1.2788833659558974 0.20225135707882655

-1.2788833659558974 0.20225135707882655
-1.2757641382340537 0.20185792981741402

-1.2757641382340537 0.20185792981741402
-1.27264491051221 0.20144730024792862

-1.27264491051221 0.20144730024792862
-1.2695256827903663 0.20101954895666568

-1.2695256827903663 0.20101954895666568
-1.2664064550685228 0.20057413291602821

-1.2664064550685228 0.20057413291602821
-1.2632872273466791 0.20011043914012239

-1.2632872273466791 0.20011043914012239
-1.2601815381042227 0.19963057419799374

-1.2601815381042227 0.19963057419799374
-1.2601679996248354 0.19962839741919114

-1.2601679996248354 0.19962839741919114
-1.2570487719029917 0.19912888836808942

-1.2570487719029917 0.19912888836808942
-1.253929544181148 0.19861283041862549

-1.253929544181148 0.19861283041862549
-1.2508103164593045 0.19808191145160328

-1.2508103164593045 0.19808191145160328
-1.2476910887374608 0.19753670719335614

-1.2476910887374608 0.19753670719335614
-1.2445718610156171 0.19697722228942705

-1.2445718610156171 0.19697722228942705
-1.24205129877255 0.19651134647615009

-1.24205129877255 0.19651134647615009
-1.2414526332937734 0.19639737986411088

-1.2414526332937734 0.19639737986411088
-1.2383334055719297 0.19581004079930522

-1.2383334055719297 0.19581004079930522
-1.2352141778500862 0.19520495660921541

-1.2352141778500862 0.19520495660921541
-1.2320949501282425 0.1945858298965239

-1.2320949501282425 0.1945858298965239
-1.2289757224063989 0.19395177095952654

-1.2289757224063989 0.19395177095952654
-1.2262995769657847 0.19339211875430642

-1.2262995769657847 0.19339211875430642
-1.2258564946845552 0.1932957841697841

-1.2258564946845552 0.1932957841697841
-1.2227372669627115 0.19263014972778164

-1.2227372669627115 0.19263014972778164
-1.219618039240868 0.19194334356475534

-1.219618039240868 0.19194334356475534
-1.2164988115190243 0.19123832271388014

-1.2164988115190243 0.19123832271388014
-1.2133795837971806 0.19052111915291894

-1.2133795837971806 0.19052111915291894
-1.2123633824279563 0.19027289103246278

-1.2123633824279563 0.19027289103246278
-1.2102603560753369 0.18976952617023068

-1.2102603560753369 0.18976952617023068
-1.2071411283534932 0.18901161784670639

-1.2071411283534932 0.18901161784670639
-1.2040219006316497 0.1882297541672657

-1.2040219006316497 0.1882297541672657
-1.200902672909806 0.18743750759309655

-1.200902672909806 0.18743750759309655
-1.1998477296128536 0.18715366331061914

-1.1998477296128536 0.18715366331061914
-1.1977834451879623 0.18660975953188971

-1.1977834451879623 0.18660975953188971
-1.1946642174661186 0.18578131787598789

-1.1946642174661186 0.18578131787598789
-1.1915449897442751 0.18492977744845307

-1.1915449897442751 0.18492977744845307
-1.1884257620224314 0.18406162262741968

-1.1884257620224314 0.18406162262741968
-1.1883365937106984 0.18403443558877547

-1.1883365937106984 0.18403443558877547
-1.1853065343005877 0.18317192662163251

-1.1853065343005877 0.18317192662163251
-1.182187306578744 0.18226512188110677

-1.182187306578744 0.18226512188110677
-1.1790680788569003 0.18134793454500092

-1.1790680788569003 0.18134793454500092
-1.1776758119544184 0.18091520786693183

-1.1776758119544184 0.18091520786693183
-1.1759488511350569 0.18038243460952846

-1.1759488511350569 0.18038243460952846
-1.1728296234132132 0.17942128895885581

-1.1728296234132132 0.17942128895885581
-1.1697103956913695 0.17843725023860679

-1.1697103956913695 0.17843725023860679
-1.1677554498017308 0.17779598014508818

-1.1677554498017308 0.17779598014508818
-1.1665911679695258 0.17740562090273657

-1.1665911679695258 0.17740562090273657
-1.1634719402476821 0.17638463784302941

-1.1634719402476821 0.17638463784302941
-1.1603527125258386 0.17533695869642096

-1.1603527125258386 0.17533695869642096
-1.1584694655387959 0.17467675242324451

-1.1584694655387959 0.17467675242324451
-1.1572334848039949 0.17423501907106051

-1.1572334848039949 0.17423501907106051
-1.1541142570821512 0.17314699791300012

-1.1541142570821512 0.17314699791300012
-1.1509950293603075 0.17204028821939968

-1.1509950293603075 0.17204028821939968
-1.1497129638367432 0.17155752470140087

-1.1497129638367432 0.17155752470140087
-1.1478758016384638 0.17087668469841485

-1.1478758016384638 0.17087668469841485
-1.1447565739166203 0.16972949889861416

-1.1447565739166203 0.16972949889861416
-1.1416373461947766 0.16855729472098607

-1.1416373461947766 0.16855729472098607
-1.141353205925246 0.16843829697955723

-1.141353205925246 0.16843829697955723
-1.1385181184729329 0.16734376133989676

-1.1385181184729329 0.16734376133989676
-1.1353988907510892 0.16613162702656115

-1.1353988907510892 0.16613162702656115
-1.13338722076801 0.16531906925771356

-1.13338722076801 0.16531906925771356
-1.1322796630292455 0.16485777994552028

-1.1322796630292455 0.16485777994552028
-1.1291604353074021 0.1636089135503839

-1.1291604353074021 0.1636089135503839
-1.1260412075855584 0.16232513185154221

-1.1260412075855584 0.16232513185154221
-1.1257716817489596 0.16219984153586992

-1.1257716817489596 0.16219984153586992
-1.1229219798637147 0.16098989540928346

-1.1229219798637147 0.16098989540928346
-1.119802752141871 0.15966051261698325

-1.119802752141871 0.15966051261698325
-1.1185433612113613 0.15908061381402627

-1.1185433612113613 0.15908061381402627
-1.1166835244200273 0.15824189100658304

-1.1166835244200273 0.15824189100658304
-1.1135642966981838 0.15686307429028704

-1.1135642966981838 0.15686307429028704
-1.1116390468334116 0.1559613860921826

-1.1116390468334116 0.1559613860921826
-1.1104450689763401 0.15538576308835622

-1.1104450689763401 0.15538576308835622
-1.1073258412544964 0.15395569242494558

-1.1073258412544964 0.15395569242494558
-1.1050106161109696 0.15284215837033896

-1.1050106161109696 0.15284215837033896
-1.1042066135326527 0.15243116211107022

-1.1042066135326527 0.15243116211107022
-1.1010873858108092 0.15095370613308254

-1.1010873858108092 0.15095370613308254
-1.0985929484887229 0.14972293064849532

-1.0985929484887229 0.14972293064849532
-1.0979681580889655 0.14938975185574171

-1.0979681580889655 0.14938975185574171
-1.0948489303671218 0.14786912261174628

-1.0948489303671218 0.14786912261174628
-1.0923568008217226 0.14660370292665165

-1.0923568008217226 0.14660370292665165
-1.0917297026452781 0.14625880918969464

-1.0917297026452781 0.14625880918969464
-1.0886104749234344 0.14469894488548724

-1.0886104749234344 0.14469894488548724
-1.0862996512478231 0.143484475204808

-1.0862996512478231 0.143484475204808
-1.085491247201591 0.14303033135390716

-1.085491247201591 0.14303033135390716
-1.0823720194797473 0.14142863667759376

-1.0823720194797473 0.14142863667759376
-1.0804475265559657 0.14036524748296436

-1.0804475265559657 0.14036524748296436
-1.0792527917579036 0.13968193022856779

-1.0792527917579036 0.13968193022856779
-1.0761335640360599 0.13802675711477658

-1.0761335640360599 0.13802675711477658
-1.0748137186943314 0.13724601976112069

-1.0748137186943314 0.13724601976112069
-1.0730143363142162 0.13620403776035647

-1.0730143363142162 0.13620403776035647
-1.0698951085923727 0.1344704498106907

-1.0698951085923727 0.1344704498106907
-1.06936547856946 0.13412679203927705

-1.06936547856946 0.13412679203927705
-1.066775880870529 0.13260407925123577

-1.066775880870529 0.13260407925123577
-1.0641057525597544 0.13100756431743341

-1.0641057525597544 0.13100756431743341
-1.0636566531486853 0.13070757868868399

-1.0636566531486853 0.13070757868868399
-1.0605374254268416 0.12887938700176352

-1.0605374254268416 0.12887938700176352
-1.0589948901744894 0.12788833659558974

-1.0589948901744894 0.12788833659558974
-1.0574181977049979 0.12687612069351334

-1.0574181977049979 0.12687612069351334
-1.0542989699831544 0.12498484717311396

-1.0542989699831544 0.12498484717311396
-1.0539958499951394 0.12476910887374609

-1.0539958499951394 0.12476910887374609
-1.0511797422613107 0.12298772150396001

-1.0511797422613107 0.12298772150396001
-1.0491616397358703 0.12164988115190244

-1.0491616397358703 0.12164988115190244
-1.048060514539467 0.12088203032528751

-1.048060514539467 0.12088203032528751
-1.0449412868176233 0.11890697135344563

-1.0449412868176233 0.11890697135344563
-1.0444324387849702 0.11853065343005878

-1.0444324387849702 0.11853065343005878
-1.0418220590957796 0.11678212054824301

-1.0418220590957796 0.11678212054824301
-1.0398666432205677 0.11541142570821514

-1.0398666432205677 0.11541142570821514
-1.0387028313739362 0.1145585959613436

-1.0387028313739362 0.1145585959613436
-1.0355836036520925 0.11244284532848824

-1.0355836036520925 0.11244284532848824
-1.0353927521482331 0.11229219798637148

-1.0353927521482331 0.11229219798637148
-1.0324643759302488 0.11023016301304168

-1.0324643759302488 0.11023016301304168
-1.0310823655457837 0.10917297026452782

-1.0310823655457837 0.10917297026452782
-1.0293451482084051 0.10786425040514878

-1.0293451482084051 0.10786425040514878
-1.0268794047075458 0.10605374254268418

-1.0268794047075458 0.10605374254268418
-1.0262259204865614 0.1055319901847967

-1.0262259204865614 0.1055319901847967
-1.0231066927647179 0.10330173525728703

-1.0231066927647179 0.10330173525728703
-1.0226593596741904 0.10293451482084053

-1.0226593596741904 0.10293451482084053
-1.0199874650428742 0.10092418921887096

-1.0199874650428742 0.10092418921887096
-1.0186142948279167 0.099815287098996869

-1.0186142948279167 0.099815287098996869
-1.0168682373210305 0.098423496564771437

-1.0168682373210305 0.098423496564771437
-1.0146799136758646 0.096696059377153226

-1.0146799136758646 0.096696059377153226
-1.0137490095991868 0.095920720190141529

-1.0137490095991868 0.095920720190141529
-1.0107305454242435 0.09357683165530957

-1.0107305454242435 0.09357683165530957
-1.0106297818773433 0.093490023112522178

-1.0106297818773433 0.093490023112522178
-1.0075105541554996 0.091037898348313467

-1.0075105541554996 0.091037898348313467
-1.0068447761077335 0.090457603933465913

-1.0068447761077335 0.090457603933465913
-1.0043913264336559 0.088427117491607171

-1.0043913264336559 0.088427117491607171
-1.0031505291726681 0.087338376211622271

-1.0031505291726681 0.087338376211622271
-1.0012720987118122 0.085710111275048531

-1.0012720987118122 0.085710111275048531
-0.99958672742708587 0.084219148489778614

-0.99958672742708587 0.084219148489778614
-0.99815287098996874 0.082934065182594163

-0.99815287098996874 0.082934065182594163
-0.99610071148417767 0.081099920767934958

-0.99610071148417767 0.081099920767934958
-0.99503364326812505 0.080119054447087598

-0.99503364326812505 0.080119054447087598
-0.99266920014009408 0.077980693046091315

-0.99266920014009408 0.077980693046091315
-0.99191441554628146 0.07727338103799565

-0.99191441554628146 0.07727338103799565
-0.98928026632885313 0.074861465324247659

-0.98928026632885313 0.074861465324247659
-0.98879518782443776 0.074400121762568397

-0.98879518782443776 0.074400121762568397
-0.98592998060736725 0.071742237602404002

-0.98592998060736725 0.071742237602404002
-0.98567596010259406 0.071497726980354365

-0.98567596010259406 0.071497726980354365
-0.98262207767136456 0.068623009880560346

-0.98262207767136456 0.068623009880560346
-0.98255673238075047 0.068559435084052323

-0.98255673238075047 0.068559435084052323
-0.97943750465890678 0.065572906858970131

-0.97943750465890678 0.065572906858970131
-0.9793671866242748 0.065503782158716703

-0.9793671866242748 0.065503782158716703
-0.97631827693706319 0.06252526570868211

-0.97631827693706319 0.06252526570868211
-0.97617661565357816 0.06238455443687304

-0.97617661565357816 0.06238455443687304
-0.97319904921521949 0.059415405239938671

-0.97319904921521949 0.059415405239938671
-0.97304954057531257 0.05926532671502939

-0.97304954057531257 0.05926532671502939
-0.97007982149337579 0.056239611625619669

-0.97007982149337579 0.056239611625619669
-0.96998772836918101 0.056146098993185733

-0.96998772836918101 0.056146098993185733
-0.96699853475332176 0.053026871271342084

-0.96699853475332176 0.053026871271342084
-0.96696059377153221 0.052987833716389543

-0.96696059377153221 0.052987833716389543
-0.9640737410356317 0.049907643549498434

-0.9640737410356317 0.049907643549498434
-0.96384136604968851 0.049665294986496376

-0.96384136604968851 0.049665294986496376
-0.96119261020821922 0.046788415827654778

-0.96119261020821922 0.046788415827654778
-0.96072213832784492 0.046290982013405819

-0.96072213832784492 0.046290982013405819
-0.95833996716582714 0.043669188105811128

-0.95833996716582714 0.043669188105811128
-0.95760291060600122 0.042878046815935142

-0.95760291060600122 0.042878046815935142
-0.95550825621091295 0.040549960383967479

-0.95550825621091295 0.040549960383967479
-0.95448368288415764 0.039431222929666457

-0.95448368288415764 0.039431222929666457
-0.95269465039854795 0.037430732662123822

-0.95269465039854795 0.037430732662123822
-0.95136445516231394 0.035952122359936035

-0.95136445516231394 0.035952122359936035
-0.94989863479901682 0.034311504940280173

-0.94989863479901682 0.034311504940280173
-0.94824522744047024 0.032438966516243589

-0.94824522744047024 0.032438966516243589
-0.9471295946699182 0.03119227721843652

-0.9471295946699182 0.03119227721843652
-0.94512599971862665 0.028866450525440894

-0.94512599971862665 0.028866450525440894
-0.94441589446479879 0.02807304949659287

-0.94441589446479879 0.02807304949659287
-0.94200677199678295 0.025191766808679822

-0.94200677199678295 0.025191766808679822
-0.94179353761575213 0.024953821774749217

-0.94179353761575213 0.024953821774749217
-0.93924516391015234 0.021834594052905568

-0.93924516391015234 0.021834594052905568
-0.93888754427493937 0.021431048777263741

-0.93888754427493937 0.021431048777263741
-0.93664693043860636 0.018715366331061915

-0.93664693043860636 0.018715366331061915
-0.93576831655309567 0.017705750744923761

-0.93576831655309567 0.017705750744923761
-0.93400030439336024 0.01559613860921826

-0.93400030439336024 0.01559613860921826
-0.93264908883125197 0.014004210884841464

-0.93264908883125197 0.014004210884841464
-0.93135348187107936 0.012476910887374609

-0.93135348187107936 0.012476910887374609
-0.92952986110940838 0.010248835126739689

-0.92952986110940838 0.010248835126739689
-0.92876782531982305 0.0093576831655309556

-0.92876782531982305 0.0093576831655309556
-0.92641063338756469 0.0063635063302291458

-0.92641063338756469 0.0063635063302291458
-0.92630261290510862 0.0062384554436873043

-0.92630261290510862 0.0062384554436873043
-0.92388935238331416 0.0031192277218436517

-0.92388935238331416 0.0031192277218436517
-0.9232914056657211 0.0024127796019014786

-0.9232914056657211 0.0024127796019014786
-0.92137734087782353 0

-0.92137734087782353 0
-0.9201721779438774 -0.0014594017666639677

-0.9201721779438774 -0.0014594017666639677
-0.91881256796143607 -0.0031192277218436521

-0.91881256796143607 -0.0031192277218436521
-0.9170529502220337 -0.0053154584955637128

-0.9170529502220337 -0.0053154584955637128
-0.91627660179922366 -0.0062384554436873043

-0.91627660179922366 -0.0062384554436873043
-0.91393372250019012 -0.0092377746998797659

-0.91393372250019012 -0.0092377746998797659
-0.91383027008962381 -0.0093576831655309573

-0.91383027008962381 -0.0093576831655309573
-0.91139688690406162 -0.012476910887374609

-0.91139688690406162 -0.012476910887374609
-0.91081449477834642 -0.013154184894702277

-0.91081449477834642 -0.013154184894702277
-0.9088323791126709 -0.015596138609218262

-0.9088323791126709 -0.015596138609218262
-0.90769526705650283 -0.016924424120152739

-0.90769526705650283 -0.016924424120152739
-0.90618033292338163 -0.018715366331061911

-0.90618033292338163 -0.018715366331061911
-0.90457603933465913 -0.02059536605268384

-0.90457603933465913 -0.02059536605268384
-0.90349304659818463 -0.021834594052905564

-0.90349304659818463 -0.021834594052905564
-0.90145681161281555 -0.024220201473124318

-0.90145681161281555 -0.024220201473124318
-0.90079802886236293 -0.024953821774749217

-0.90079802886236293 -0.024953821774749217
-0.89833758389097185 -0.02782650267638747

-0.89833758389097185 -0.02782650267638747
-0.89811152617016576 -0.028073049496592867

-0.89811152617016576 -0.028073049496592867
-0.89541382650161527 -0.03119227721843652

-0.89541382650161527 -0.03119227721843652
-0.89521835616912815 -0.031402314522134801

-0.89521835616912815 -0.031402314522134801
-0.89261534881762195 -0.034311504940280173

-0.89261534881762195 -0.034311504940280173
-0.89209912844728456 -0.034856560107705631

-0.89209912844728456 -0.034856560107705631
-0.88969804666719909 -0.037430732662123829

-0.88969804666719909 -0.037430732662123829
-0.88897990072544086 -0.038172197960105035

-0.88897990072544086 -0.038172197960105035
-0.8866679345796582 -0.040549960383967479

-0.8866679345796582 -0.040549960383967479
-0.88586067300359728 -0.041360775628861576

-0.88586067300359728 -0.041360775628861576
-0.8835177130591807 -0.043669188105811135

-0.8835177130591807 -0.043669188105811135
-0.88274144528175358 -0.044426709465534439

-0.88274144528175358 -0.044426709465534439
-0.88021838180739309 -0.046788415827654785

-0.88021838180739309 -0.046788415827654785
-0.87962221755990988 -0.047350727195114725

-0.87962221755990988 -0.047350727195114725
-0.87669572876804225 -0.049907643549498434

-0.87669572876804225 -0.049907643549498434
-0.87650298983806629 -0.050083207576809841

-0.87650298983806629 -0.050083207576809841
-0.8733837621162226 -0.052616161327388465

-0.8733837621162226 -0.052616161327388465
-0.87290512870807446 -0.053026871271342091

-0.87290512870807446 -0.053026871271342091
-0.87026453439437901 -0.055090873932196624

-0.87026453439437901 -0.055090873932196624
-0.86892805109514981 -0.05614609899318574

-0.86892805109514981 -0.05614609899318574
-0.86714530667253531 -0.057510203735417625

-0.86714530667253531 -0.057510203735417625
-0.86460860027686026 -0.05926532671502939

-0.86460860027686026 -0.05926532671502939
-0.86402607895069172 -0.059702039028012986

-0.86402607895069172 -0.059702039028012986
-0.86090685122884802 -0.061624215121166885

-0.86090685122884802 -0.061624215121166885
-0.85971799858792508 -0.062384554436873046

-0.85971799858792508 -0.062384554436873046
-0.85778762350700433 -0.063567473737360866

-0.85778762350700433 -0.063567473737360866
-0.85466839578516074 -0.06525073802354496

-0.85466839578516074 -0.06525073802354496
-0.85422229766913227 -0.065503782158716689

-0.85422229766913227 -0.065503782158716689
-0.85154916806331704 -0.066873666714817481

-0.85154916806331704 -0.066873666714817481
-0.84842994034147345 -0.068306462649227032

-0.84842994034147345 -0.068306462649227032
-0.84773540982247053 -0.068623009880560346

-0.84773540982247053 -0.068623009880560346
-0.84531071261962976 -0.0696576185046065

-0.84531071261962976 -0.0696576185046065
-0.84219148489778606 -0.070852945382487487

-0.84219148489778606 -0.070852945382487487
-0.83963530210895954 -0.071742237602403988

-0.83963530210895954 -0.071742237602403988
-0.83907225717594247 -0.07194864032819337

-0.83907225717594247 -0.07194864032819337
-0.83595302945409877 -0.072904014589746269

-0.83595302945409877 -0.072904014589746269
-0.83283380173225519 -0.073757124480000297

-0.83283380173225519 -0.073757124480000297
-0.82971457401041149 -0.074496126921280145

-0.82971457401041149 -0.074496126921280145
-0.82795004407295347 -0.074861465324247645

-0.82795004407295347 -0.074861465324247645
-0.82659534628856779 -0.075142724107465642

-0.82659534628856779 -0.075142724107465642
-0.8234761185667242 -0.075676723126076151

-0.8234761185667242 -0.075676723126076151
-0.8203568908448805 -0.07611575659361855

-0.8203568908448805 -0.07611575659361855
-0.81723766312303692 -0.076461762825491206

-0.81723766312303692 -0.076461762825491206
-0.81411843540119322 -0.07671985151326105

-0.81411843540119322 -0.07671985151326105
-0.81099920767934963 -0.076895287652695543

-0.81099920767934963 -0.076895287652695543
-0.80787997995750593 -0.076994095409463531

-0.80787997995750593 -0.076994095409463531
-0.80476075223566224 -0.077023631039060653

-0.80476075223566224 -0.077023631039060653
-0.80164152451381865 -0.076991066086810972

-0.80164152451381865 -0.076991066086810972
-0.79852229679197495 -0.076902656698186592

-0.79852229679197495 -0.076902656698186592
-0.79540306907013136 -0.076764399286010601

-0.79540306907013136 -0.076764399286010601
-0.79228384134828767 -0.076583097862054278

-0.79228384134828767 -0.076583097862054278
-0.78916461362644397 -0.076364358061674922

-0.78916461362644397 -0.076364358061674922
-0.78604538590460038 -0.076112332278639838

-0.78604538590460038 -0.076112332278639838
-0.78292615818275668 -0.075830976720769841

-0.78292615818275668 -0.075830976720769841
-0.77980693046091309 -0.075523737972749902

-0.77980693046091309 -0.075523737972749902
-0.7766877027390694 -0.075194294741078221

-0.7766877027390694 -0.075194294741078221
-0.77371182234761016 -0.074861465324247645

-0.77371182234761016 -0.074861465324247645
-0.77356847501722581 -0.074845002792543691

-0.77356847501722581 -0.074845002792543691
-0.77044924729538211 -0.074476641719560643

-0.77044924729538211 -0.074476641719560643
-0.76733001957353841 -0.074087177982166491

-0.76733001957353841 -0.074087177982166491
-0.76421079185169483 -0.073678177708078801

-0.76421079185169483 -0.073678177708078801
-0.76109156412985113 -0.073250594094261962

-0.76109156412985113 -0.073250594094261962
-0.75797233640800754 -0.072806035800602451

-0.75797233640800754 -0.072806035800602451
-0.75485310868616384 -0.072347654595203217

-0.75485310868616384 -0.072347654595203217
-0.75173388096432014 -0.071882929811702648

-0.75173388096432014 -0.071882929811702648
-0.75082350144193599 -0.071742237602403988

-0.75082350144193599 -0.071742237602403988
-0.74861465324247656 -0.071406211795547472

-0.74861465324247656 -0.071406211795547472
-0.74549542552063286 -0.07093118868651431

-0.74549542552063286 -0.07093118868651431
-0.74237619779878927 -0.070456258660905977

-0.74237619779878927 -0.070456258660905977
-0.73925697007694557 -0.0699873542659257

-0.73925697007694557 -0.0699873542659257
-0.73613774235510188 -0.069529920469481712

-0.73613774235510188 -0.069529920469481712
-0.73301851463325829 -0.069089654775440379

-0.73301851463325829 -0.069089654775440379
-0.72989928691141459 -0.068672235636625542

-0.72989928691141459 -0.068672235636625542
-0.72952158740948492 -0.068623009880560346

-0.72952158740948492 -0.068623009880560346
-0.726780059189571 -0.068274616264579119

-0.726780059189571 -0.068274616264579119
-0.72366083146772731 -0.067899405351915132

-0.72366083146772731 -0.067899405351915132
-0.72054160374588372 -0.067543535512660249

-0.72054160374588372 -0.067543535512660249
-0.71742237602404002 -0.067205841031475116

-0.71742237602404002 -0.067205841031475116
-0.71430314830219632 -0.066885216485543478

-0.71430314830219632 -0.066885216485543478
-0.71430314830219632 -0.066885216485543478

-0.71430314830219632 -0.066885216485543478
-0.71118392058035274 -0.066580398439594235

-0.71118392058035274 -0.066580398439594235
-0.70806469285850904 -0.066289896615984195

-0.70806469285850904 -0.066289896615984195
-0.70494546513666545 -0.066012227055689224

-0.70494546513666545 -0.066012227055689224
-0.70182623741482175 -0.06574716450726871

-0.70182623741482175 -0.06574716450726871
-0.69880060202024885 -0.065503782158716689

-0.69880060202024885 -0.065503782158716689
-0.69870700969297805 -0.065496113327451033

-0.69870700969297805 -0.065496113327451033
-0.69558778197113447 -0.065261815837599671

-0.69558778197113447 -0.065261815837599671
-0.69246855424929077 -0.065046436782665848

-0.69246855424929077 -0.065046436782665848
-0.68934932652744718 -0.064852649981055499

-0.68934932652744718 -0.064852649981055499
-0.68623009880560348 -0.064682628553622612

-0.68623009880560348 -0.064682628553622612
-0.6831108710837599 -0.064538704604808483

-0.6831108710837599 -0.064538704604808483
-0.6799916433619162 -0.064423562657282371

-0.6799916433619162 -0.064423562657282371
-0.6768724156400725 -0.064339981762596671

-0.6768724156400725 -0.064339981762596671
-0.67375318791822891 -0.064290259380562362

-0.67375318791822891 -0.064290259380562362
-0.67063396019638521 -0.064275637540654032

-0.67063396019638521 -0.064275637540654032
-0.66751473247454163 -0.064296171486315737

-0.66751473247454163 -0.064296171486315737
-0.66439550475269793 -0.064351253404718423

-0.66439550475269793 -0.064351253404718423
-0.66127627703085423 -0.064440189043400015

-0.66127627703085423 -0.064440189043400015
-0.65815704930901064 -0.064562121408182849

-0.65815704930901064 -0.064562121408182849
-0.65503782158716695 -0.064715782616440606

-0.65503782158716695 -0.064715782616440606
-0.65191859386532336 -0.064899449242756271

-0.65191859386532336 -0.064899449242756271
-0.64879936614347966 -0.065111071838419021

-0.64879936614347966 -0.065111071838419021
-0.64568013842163596 -0.065348150891888737

-0.64568013842163596 -0.065348150891888737
-0.64383940445498178 -0.065503782158716689

-0.64383940445498178 -0.065503782158716689
-0.64256091069979238 -0.065612400547286315

-0.64256091069979238 -0.065612400547286315
-0.63944168297794868 -0.065899934887089603

-0.63944168297794868 -0.065899934887089603
-0.63632245525610509 -0.066214955983533025

-0.63632245525610509 -0.066214955983533025
-0.63320322753426139 -0.066557155562830567

-0.63320322753426139 -0.066557155562830567
-0.63008399981241781 -0.066927285637379166

-0.63008399981241781 -0.066927285637379166
-0.62696477209057411 -0.067326339074883376

-0.62696477209057411 -0.067326339074883376
-0.62384554436873041 -0.067756258583538828

-0.62384554436873041 -0.067756258583538828
-0.62072631664688682 -0.06821927626629061

-0.62072631664688682 -0.06821927626629061
-0.61820300174433707 -0.068623009880560346

-0.61820300174433707 -0.068623009880560346
-0.61760708892504312 -0.068720913440883172

-0.61760708892504312 -0.068720913440883172
-0.61448786120319954 -0.069251072129405872

-0.61448786120319954 -0.069251072129405872
-0.61136863348135584 -0.069818012765442139

-0.61136863348135584 -0.069818012765442139
-0.60824940575951214 -0.070421071324706278

-0.60824940575951214 -0.070421071324706278
-0.60513017803766855 -0.071062893619852185

-0.60513017803766855 -0.071062893619852185
-0.60201228890547898 -0.071742237602403988

-0.60201228890547898 -0.071742237602403988
-0.60201095031582486 -0.071742546524023579

-0.60201095031582486 -0.071742546524023579
-0.59889172259398127 -0.072456265219206215

-0.59889172259398127 -0.072456265219206215
-0.59577249487213757 -0.073200670513363583

-0.59577249487213757 -0.073200670513363583
-0.59265326715029398 -0.073973633162636346

-0.59265326715029398 -0.073973633162636346
-0.58953403942845028 -0.074771267540264433

-0.58953403942845028 -0.074771267540264433
-0.58921390665294759 -0.074861465324247645

-0.58921390665294759 -0.074861465324247645
-0.58641481170660659 -0.075609183404601391

-0.58641481170660659 -0.075609183404601391
-0.583295583984763 -0.076471137791807087

-0.583295583984763 -0.076471137791807087
-0.5801763562629193 -0.077357923168199241

-0.5801763562629193 -0.077357923168199241
-0.57808203494017907 -0.077980693046091301

-0.57808203494017907 -0.077980693046091301
-0.57705712854107571 -0.078293818949690605

-0.57705712854107571 -0.078293818949690605
-0.57393790081923202 -0.079234653187414475

-0.57393790081923202 -0.079234653187414475
-0.57081867309738832 -0.080220106489797355

-0.57081867309738832 -0.080220106489797355
-0.56814179466452741 -0.081099920767934958

-0.56814179466452741 -0.081099920767934958
-0.56769944537554473 -0.081254637354567616

-0.56769944537554473 -0.081254637354567616
-0.56458021765370103 -0.08230351710055786

-0.56458021765370103 -0.08230351710055786
-0.56146098993185745 -0.083390218927853726

-0.56146098993185745 -0.083390218927853726
-0.55918027159767147 -0.0842191484897786

-0.55918027159767147 -0.0842191484897786
-0.55834176221001375 -0.084537753748160915

-0.55834176221001375 -0.084537753748160915
-0.55522253448817016 -0.085685808155973542

-0.55522253448817016 -0.085685808155973542
-0.55210330676632646 -0.086868292813676945

-0.55210330676632646 -0.086868292813676945
-0.55096034193566978 -0.087338376211622257

-0.55096034193566978 -0.087338376211622257
-0.54898407904448276 -0.088130380560774685

-0.54898407904448276 -0.088130380560774685
-0.54586485132263918 -0.089380390144915667

-0.54586485132263918 -0.089380390144915667
-0.54327776878819645 -0.090457603933465913

-0.54327776878819645 -0.090457603933465913
-0.54274562360079548 -0.09069578708744172

-0.54274562360079548 -0.09069578708744172
-0.53962639587895189 -0.0920003616703884

-0.53962639587895189 -0.0920003616703884
-0.53650716815710819 -0.093328523768988869

-0.53650716815710819 -0.093328523768988869
-0.53598361759110191 -0.093576831655309556

-0.53598361759110191 -0.093576831655309556
-0.5333879404352645 -0.094718798097408047

-0.5333879404352645 -0.094718798097408047
-0.53026871271342091 -0.09607890799426333

-0.53026871271342091 -0.09607890799426333
-0.52894837355367896 -0.096696059377153212

-0.52894837355367896 -0.096696059377153212
-0.52714948499157721 -0.097522532627674685

-0.52714948499157721 -0.097522532627674685
-0.52403025726973362 -0.09890695996229075

-0.52403025726973362 -0.09890695996229075
-0.52207802548586879 -0.099815287098996869

-0.52207802548586879 -0.099815287098996869
-0.52091102954788993 -0.10037492773489395

-0.52091102954788993 -0.10037492773489395
-0.51779180182604623 -0.10178067802480735

-0.51779180182604623 -0.10178067802480735
-0.51531365855202393 -0.10293451482084051

-0.51531365855202393 -0.10293451482084051
-0.51467257410420264 -0.10325510648235858

-0.51467257410420264 -0.10325510648235858
-0.51155334638235894 -0.10468534392017856

-0.51155334638235894 -0.10468534392017856
-0.50863779330721948 -0.10605374254268417

-0.50863779330721948 -0.10605374254268417
-0.50843411866051536 -0.10616022743537748

-0.50843411866051536 -0.10616022743537748
-0.50531489093867166 -0.10761922846760677

-0.50531489093867166 -0.10761922846760677
-0.50219566321682807 -0.10908483472308296

-0.50219566321682807 -0.10908483472308296
-0.50202951814880981 -0.10917297026452782

-0.50202951814880981 -0.10917297026452782
-0.49907643549498437 -0.11057384915278999

-0.49907643549498437 -0.11057384915278999
-0.49595720777314073 -0.11203490304788145

-0.49595720777314073 -0.11203490304788145
-0.49546225321280329 -0.11229219798637147

-0.49546225321280329 -0.11229219798637147
-0.49283798005129709 -0.11354524553591666

-0.49283798005129709 -0.11354524553591666
-0.48971875232945339 -0.11499607249943056

-0.48971875232945339 -0.11499607249943056
-0.48889375493101933 -0.11541142570821512

-0.48889375493101933 -0.11541142570821512
-0.48659952460760975 -0.11650111299541163

-0.48659952460760975 -0.11650111299541163
-0.4834802968857661 -0.11791861096637524

-0.4834802968857661 -0.11791861096637524
-0.48219574705331769 -0.11853065343005878

-0.48219574705331769 -0.11853065343005878
-0.48036106916392246 -0.11938578238731672

-0.48036106916392246 -0.11938578238731672
-0.47724184144207882 -0.12075281223217696

-0.47724184144207882 -0.12075281223217696
-0.47521701095840163 -0.12164988115190242

-0.47521701095840163 -0.12164988115190242
-0.47412261372023518 -0.12215051921566522

-0.47412261372023518 -0.12215051921566522
-0.47100338599839148 -0.1234503469841399

-0.47100338599839148 -0.1234503469841399
-0.46788415827654783 -0.12472343149782912

-0.46788415827654783 -0.12472343149782912
-0.46777901913039277 -0.12476910887374608

-0.46777901913039277 -0.12476910887374608
-0.46476493055470419 -0.12595569128923814

-0.46476493055470419 -0.12595569128923814
-0.46164570283286055 -0.12712241780148809

-0.46164570283286055 -0.12712241780148809
-0.45953320982957591 -0.12788833659558974

-0.45953320982957591 -0.12788833659558974
-0.45852647511101691 -0.12826458194918394

-0.45852647511101691 -0.12826458194918394
-0.45540724738917326 -0.12931221580064503

-0.45540724738917326 -0.12931221580064503
-0.45228801966732957 -0.13031186827458843

-0.45228801966732957 -0.13031186827458843
-0.45000198953974224 -0.13100756431743338

-0.45000198953974224 -0.13100756431743338
-0.44916879194548592 -0.13126977596931957

-0.44916879194548592 -0.13126977596931957
-0.44604956422364228 -0.13214049860655033

-0.44604956422364228 -0.13214049860655033
-0.44293033650179864 -0.13295741946192377

-0.44293033650179864 -0.13295741946192377
-0.439811108779955 -0.13371039810778235

-0.439811108779955 -0.13371039810778235
-0.43797289472152856 -0.13412679203927705

-0.43797289472152856 -0.13412679203927705
-0.4366918810581113 -0.13441920923865189

-0.4366918810581113 -0.13441920923865189
-0.43357265333626765 -0.13505108478377309

-0.43357265333626765 -0.13505108478377309
-0.43045342561442401 -0.1356245077755889

-0.43045342561442401 -0.1356245077755889
-0.42733419789258037 -0.13613437364629241

-0.42733419789258037 -0.13613437364629241
-0.42421497017073673 -0.13658050164683028

-0.42421497017073673 -0.13658050164683028
-0.42109574244889308 -0.13696269883182563

-0.42109574244889308 -0.13696269883182563
-0.41833008479406886 -0.13724601976112069

-0.41833008479406886 -0.13724601976112069
-0.41797651472704939 -0.1372828783494994

-0.41797651472704939 -0.1372828783494994
-0.41485728700520574 -0.13753886440475846

-0.41485728700520574 -0.13753886440475846
-0.4117380592833621 -0.1377330299648212

-0.4117380592833621 -0.1377330299648212
-0.40861883156151846 -0.13786655591965261

-0.40861883156151846 -0.13786655591965261
-0.40549960383967482 -0.13794162119474018

-0.40549960383967482 -0.13794162119474018
-0.40238037611783117 -0.13796056425072287

-0.40238037611783117 -0.13796056425072287
-0.39926114839598748 -0.13792619208640686

-0.39926114839598748 -0.13792619208640686
-0.39614192067414383 -0.13784208134774384

-0.39614192067414383 -0.13784208134774384
-0.39302269295230019 -0.13771226421374505

-0.39302269295230019 -0.13771226421374505
-0.38990346523045655 -0.13754105403902325

-0.38990346523045655 -0.13754105403902325
-0.3867842375086129 -0.13733387066359215

-0.3867842375086129 -0.13733387066359215
-0.38565565650219624 -0.13724601976112069

-0.38565565650219624 -0.13724601976112069
-0.38366500978676926 -0.13709169191739839

-0.38366500978676926 -0.13709169191739839
-0.38054578206492556 -0.13682031265263703

-0.38054578206492556 -0.13682031265263703
-0.37742655434308192 -0.13652154629732927

-0.37742655434308192 -0.13652154629732927
-0.37430732662123828 -0.1362002008824596

-0.37430732662123828 -0.1362002008824596
-0.37118809889939464 -0.13586005203706916

-0.37118809889939464 -0.13586005203706916
-0.36806887117755099 -0.13550421473682267

-0.36806887117755099 -0.13550421473682267
-0.36494964345570735 -0.13513569121736999

-0.36494964345570735 -0.13513569121736999
-0.36183041573386365 -0.13475776608589896

-0.36183041573386365 -0.13475776608589896
-0.35871118801202001 -0.13437514609905496

-0.35871118801202001 -0.13437514609905496
-0.35671278071809881 -0.13412679203927705

-0.35671278071809881 -0.13412679203927705
-0.35559196029017637 -0.13398626413417175

-0.35559196029017637 -0.13398626413417175
-0.35247273256833273 -0.13359989595771235

-0.35247273256833273 -0.13359989595771235
-0.34935350484648908 -0.13321012051345071

-0.34935350484648908 -0.13321012051345071
-0.34623427712464538 -0.13282065226716225

-0.34623427712464538 -0.13282065226716225
-0.34311504940280174 -0.1324333064299679

-0.34311504940280174 -0.1324333064299679
-0.3399958216809581 -0.13204955346776673

-0.3399958216809581 -0.13204955346776673
-0.33687659395911446 -0.13167060701086483

-0.33687659395911446 -0.13167060701086483
-0.33375736623727081 -0.13129801477429517

-0.33375736623727081 -0.13129801477429517
-0.33128163185249232 -0.13100756431743338

-0.33128163185249232 -0.13100756431743338
-0.33063813851542717 -0.13093077221435831

-0.33063813851542717 -0.13093077221435831
-0.32751891079358347 -0.13057476238471316

-0.32751891079358347 -0.13057476238471316
-0.32439968307173983 -0.13022595558186836

-0.32439968307173983 -0.13022595558186836
-0.32128045534989619 -0.12988705849857454

-0.32128045534989619 -0.12988705849857454
-0.31816122762805255 -0.12956036665876153

-0.31816122762805255 -0.12956036665876153
-0.3150419999062089 -0.12924835986170638

-0.3150419999062089 -0.12924835986170638
-0.31192277218436526 -0.1289527801057801

-0.31192277218436526 -0.1289527801057801
-0.30880354446252156 -0.12867511564862996

-0.30880354446252156 -0.12867511564862996
-0.30568431674067792 -0.1284178593364334

-0.30568431674067792 -0.1284178593364334
-0.30256508901883428 -0.12818440314801988

-0.30256508901883428 -0.12818440314801988
-0.29944586129699063 -0.12797765415183546

-0.29944586129699063 -0.12797765415183546
-0.29790455145897471 -0.12788833659558974

-0.29790455145897471 -0.12788833659558974
-0.29632663357514699 -0.12779701284408462

-0.29632663357514699 -0.12779701284408462
-0.29320740585330335 -0.12764380765216157

-0.29320740585330335 -0.12764380765216157
-0.29008817813145965 -0.12751637233833146

-0.29008817813145965 -0.12751637233833146
-0.28696895040961601 -0.12741565033183827

-0.28696895040961601 -0.12741565033183827
-0.28384972268777237 -0.12734242732507342

-0.28384972268777237 -0.12734242732507342
-0.28073049496592872 -0.12729596510950825

-0.28073049496592872 -0.12729596510950825
-0.27761126724408508 -0.12727355255729592

-0.27761126724408508 -0.12727355255729592
-0.27449203952224144 -0.12727254024752918

-0.27449203952224144 -0.12727254024752918
-0.27137281180039774 -0.1272924523078339

-0.27137281180039774 -0.1272924523078339
-0.2682535840785541 -0.12733417102879421

-0.2682535840785541 -0.12733417102879421
-0.26513435635671045 -0.12739818284189258

-0.26513435635671045 -0.12739818284189258
-0.26201512863486681 -0.12748300520328443

-0.26201512863486681 -0.12748300520328443
-0.25889590091302317 -0.12758660412953873

-0.25889590091302317 -0.12758660412953873
-0.25577667319117953 -0.12770957295074351

-0.25577667319117953 -0.12770957295074351
-0.25265744546933583 -0.12785379483702297

-0.25265744546933583 -0.12785379483702297
-0.25201108213888607 -0.12788833659558974

-0.25201108213888607 -0.12788833659558974
-0.24953821774749216 -0.12801956241928525

-0.24953821774749216 -0.12801956241928525
-0.24641899002564852 -0.12820682581962003

-0.24641899002564852 -0.12820682581962003
-0.24329976230380487 -0.12841949133360941

-0.24329976230380487 -0.12841949133360941
-0.2401805345819612 -0.12865881357255077

-0.2401805345819612 -0.12865881357255077
-0.23706130686011756 -0.12892535693675422

-0.23706130686011756 -0.12892535693675422
-0.23394207913827392 -0.12921939836066157

-0.23394207913827392 -0.12921939836066157
-0.23082285141643025 -0.12954209463020827

-0.23082285141643025 -0.12954209463020827
-0.2277036236945866 -0.12989400240015733

-0.2277036236945866 -0.12989400240015733
-0.22458439597274296 -0.13027363007985743

-0.22458439597274296 -0.13027363007985743
-0.22146516825089929 -0.13067770415919244

-0.22146516825089929 -0.13067770415919244
-0.21906434923883691 -0.13100756431743338

-0.21906434923883691 -0.13100756431743338
-0.21834594052905565 -0.13110822728321742

-0.21834594052905565 -0.13110822728321742
-0.21522671280721201 -0.1315557616835682

-0.21522671280721201 -0.1315557616835682
-0.21210748508536834 -0.13202462188907907

-0.21210748508536834 -0.13202462188907907
-0.20898825736352469 -0.13250933881552523

-0.20898825736352469 -0.13250933881552523
-0.20586902964168105 -0.13300698165780539

-0.20586902964168105 -0.13300698165780539
-0.20274980191983738 -0.13351464542183883

-0.20274980191983738 -0.13351464542183883
-0.19963057419799374 -0.13402781697243255

-0.19963057419799374 -0.13402781697243255
-0.19905550729423388 -0.13412679203927705

-0.19905550729423388 -0.13412679203927705
-0.19651134647615007 -0.13455315493036107

-0.19651134647615007 -0.13455315493036107
-0.19339211875430642 -0.13508005640089676

-0.19339211875430642 -0.13508005640089676
-0.19027289103246278 -0.13561338677889406

-0.19027289103246278 -0.13561338677889406
-0.18715366331061911 -0.13615026452272613

-0.18715366331061911 -0.13615026452272613
-0.18403443558877547 -0.13669049043768472

-0.18403443558877547 -0.13669049043768472
-0.18091520786693183 -0.13723399484546023

-0.18091520786693183 -0.13723399484546023
-0.18084963242582264 -0.13724601976112069

-0.18084963242582264 -0.13724601976112069
-0.17779598014508816 -0.13778251938414274

-0.17779598014508816 -0.13778251938414274
-0.17467675242324451 -0.1383339252217764

-0.17467675242324451 -0.1383339252217764
-0.17155752470140087 -0.13888726391542547

-0.17155752470140087 -0.13888726391542547
-0.1684382969795572 -0.13944096309435081

-0.1684382969795572 -0.13944096309435081
-0.16531906925771356 -0.13999237239918366

-0.16531906925771356 -0.13999237239918366
-0.16321783905854759 -0.14036524748296433

-0.16321783905854759 -0.14036524748296433
-0.16219984153586992 -0.14054869276066936

-0.16219984153586992 -0.14054869276066936
-0.15908061381402624 -0.14109006974135369

-0.15908061381402624 -0.14109006974135369
-0.1559613860921826 -0.14162604423978231

-0.1559613860921826 -0.14162604423978231
-0.15284215837033896 -0.14214997409325927

-0.15284215837033896 -0.14214997409325927
-0.14972293064849529 -0.14265911079260621

-0.14972293064849529 -0.14265911079260621
-0.14660370292665165 -0.14315018898810303

-0.14660370292665165 -0.14315018898810303
-0.14440405070915466 -0.143484475204808

-0.14440405070915466 -0.143484475204808
-0.143484475204808 -0.1436263116543231

-0.143484475204808 -0.1436263116543231
-0.14036524748296433 -0.14407270885454404

-0.14036524748296433 -0.14407270885454404
-0.13724601976112069 -0.14449629033378297

-0.13724601976112069 -0.14449629033378297
-0.13412679203927705 -0.14489355713530597

-0.13412679203927705 -0.14489355713530597
-0.13100756431743338 -0.14526372919826713

-0.13100756431743338 -0.14526372919826713
-0.12788833659558974 -0.14560616283714992

-0.12788833659558974 -0.14560616283714992
-0.12476910887374608 -0.14592025555206367

-0.12476910887374608 -0.14592025555206367
-0.12164988115190242 -0.14620541284176933

-0.12164988115190242 -0.14620541284176933
-0.11853065343005878 -0.1464611015200683

-0.11853065343005878 -0.1464611015200683
-0.11656757184952377 -0.14660370292665165

-0.11656757184952377 -0.14660370292665165
-0.11541142570821512 -0.14668797664747821

-0.11541142570821512 -0.14668797664747821
-0.11229219798637147 -0.14688080994944835

-0.11229219798637147 -0.14688080994944835
-0.10917297026452782 -0.14704033483693651

-0.10917297026452782 -0.14704033483693651
-0.10605374254268417 -0.14716518796636455

-0.10605374254268417 -0.14716518796636455
-0.10293451482084051 -0.14725455560309275

-0.10293451482084051 -0.14725455560309275
-0.099815287098996869 -0.1473086634778957

-0.099815287098996869 -0.1473086634778957
-0.096696059377153212 -0.14732843309179453

-0.096696059377153212 -0.14732843309179453
-0.093576831655309556 -0.14731506197747921

-0.093576831655309556 -0.14731506197747921
-0.090457603933465913 -0.14726995352942401

-0.090457603933465913 -0.14726995352942401
-0.087338376211622257 -0.14719482439228429

-0.087338376211622257 -0.14719482439228429
-0.0842191484897786 -0.14709162733879363

-0.0842191484897786 -0.14709162733879363
-0.081099920767934958 -0.14696222060716935

-0.081099920767934958 -0.14696222060716935
-0.077980693046091301 -0.14680819383655125

-0.077980693046091301 -0.14680819383655125
-0.074861465324247645 -0.1466310717307909

-0.074861465324247645 -0.1466310717307909
-0.07443985188005707 -0.14660370292665165

-0.07443985188005707 -0.14660370292665165
-0.071742237602403988 -0.14643048114359136

-0.071742237602403988 -0.14643048114359136
-0.068623009880560346 -0.14620813248975734

-0.068623009880560346 -0.14620813248975734
-0.065503782158716689 -0.14596434695815011

-0.065503782158716689 -0.14596434695815011
-0.062384554436873046 -0.14570015852493634

-0.062384554436873046 -0.14570015852493634
-0.05926532671502939 -0.14541650304383694

-0.05926532671502939 -0.14541650304383694
-0.05614609899318574 -0.1451141719414249

-0.05614609899318574 -0.1451141719414249
-0.053026871271342091 -0.1447936656866104

-0.053026871271342091 -0.1447936656866104
-0.049907643549498434 -0.14445543854562298

-0.049907643549498434 -0.14445543854562298
-0.046788415827654785 -0.14410039016404988

-0.046788415827654785 -0.14410039016404988
-0.043669188105811135 -0.14373101186464826

-0.043669188105811135 -0.14373101186464826
-0.041675323792921132 -0.143484475204808

-0.041675323792921132 -0.143484475204808
-0.040549960383967479 -0.14334404175159521

-0.040549960383967479 -0.14334404175159521
-0.037430732662123829 -0.14294870435160908

-0.037430732662123829 -0.14294870435160908
-0.034311504940280173 -0.14254049978650804

-0.034311504940280173 -0.14254049978650804
-0.03119227721843652 -0.14212403306862914

-0.03119227721843652 -0.14212403306862914
-0.028073049496592867 -0.14170218036468751

-0.028073049496592867 -0.14170218036468751
-0.024953821774749217 -0.1412777426524994

-0.024953821774749217 -0.1412777426524994
-0.021834594052905564 -0.14085333662179933

-0.021834594052905564 -0.14085333662179933
-0.018715366331061911 -0.14043281893405354

-0.018715366331061911 -0.14043281893405354
-0.018224059975531611 -0.14036524748296433

-0.018224059975531611 -0.14036524748296433
-0.015596138609218262 -0.14001218445691846

-0.015596138609218262 -0.14001218445691846
-0.012476910887374609 -0.13959763642293177

-0.012476910887374609 -0.13959763642293177
-0.0093576831655309573 -0.13918763978032397

-0.0093576831655309573 -0.13918763978032397
-0.0062384554436873043 -0.13878354188170186

-0.0062384554436873043 -0.13878354188170186
-0.0031192277218436521 -0.13838666173382488

-0.0031192277218436521 -0.13838666173382488
0 -0.13799857872843815

0 -0.13799857872843815
0.0031192277218436517 -0.13762070204971097

0.0031192277218436517 -0.13762070204971097
0.0062384554436873043 -0.13725423157855565

0.0062384554436873043 -0.13725423157855565
0.0063086100405618769 -0.13724601976112069

0.0063086100405618769 -0.13724601976112069
0.0093576831655309556 -0.13689898337620748

0.0093576831655309556 -0.13689898337620748
0.012476910887374609 -0.13655604475369351

0.012476910887374609 -0.13655604475369351
0.01559613860921826 -0.13622571619368715

0.01559613860921826 -0.13622571619368715
0.018715366331061915 -0.13590847567119826

0.018715366331061915 -0.13590847567119826
0.021834594052905568 -0.13560458436164113

0.021834594052905568 -0.13560458436164113
0.024953821774749217 -0.13531417525136449

0.024953821774749217 -0.13531417525136449
0.02807304949659287 -0.13503729358597602

0.02807304949659287 -0.13503729358597602
0.03119227721843652 -0.13477383550250016

0.03119227721843652 -0.13477383550250016
0.034311504940280173 -0.13452390071022258

0.034311504940280173 -0.13452390071022258
0.037430732662123822 -0.13428811348807357

0.037430732662123822 -0.13428811348807357
0.039701819298615423 -0.13412679203927705

0.039701819298615423 -0.13412679203927705
0.040549960383967479 -0.13406609137542605

0.040549960383967479 -0.13406609137542605
0.043669188105811128 -0.1338607648480222

0.043669188105811128 -0.1338607648480222
0.046788415827654778 -0.13367099073141406

0.046788415827654778 -0.13367099073141406
0.049907643549498434 -0.13349788740427992

0.049907643549498434 -0.13349788740427992
0.053026871271342084 -0.13334190509395163

0.053026871271342084 -0.13334190509395163
0.056146098993185733 -0.13320322426290271

0.056146098993185733 -0.13320322426290271
0.05926532671502939 -0.13308166160156046

0.05926532671502939 -0.13308166160156046
0.06238455443687304 -0.13297667194441501

0.06238455443687304 -0.13297667194441501
0.065503782158716703 -0.13288746237951612

0.065503782158716703 -0.13288746237951612
0.068623009880560346 -0.13281315214664724

0.068623009880560346 -0.13281315214664724
0.071742237602404002 -0.13275291458753952

0.071742237602404002 -0.13275291458753952
0.074861465324247659 -0.13270604731392438

0.074861465324247659 -0.13270604731392438
0.077980693046091315 -0.13267196028462222

0.077980693046091315 -0.13267196028462222
0.081099920767934958 -0.13265011375954969

0.081099920767934958 -0.13265011375954969
0.084219148489778614 -0.13263994829538633

0.084219148489778614 -0.13263994829538633
0.087338376211622271 -0.13264082278861647

0.087338376211622271 -0.13264082278861647
0.090457603933465913 -0.1326519504483149

0.090457603933465913 -0.1326519504483149
0.09357683165530957 -0.13267234311570389

0.09357683165530957 -0.13267234311570389
0.096696059377153226 -0.13270080729294625

0.096696059377153226 -0.13270080729294625
0.099815287098996869 -0.13273601006073873

0.099815287098996869 -0.13273601006073873
0.10293451482084053 -0.13277656244801364

0.10293451482084053 -0.13277656244801364
0.10605374254268418 -0.13282104650408794

0.10605374254268418 -0.13282104650408794
0.10917297026452782 -0.13286797509456072

0.10917297026452782 -0.13286797509456072
0.11229219798637148 -0.13291575041007023

0.11229219798637148 -0.13291575041007023
0.11541142570821514 -0.13296269124938054

0.11541142570821514 -0.13296269124938054
0.11853065343005878 -0.13300711231894796

0.11853065343005878 -0.13300711231894796
0.12164988115190244 -0.13304736042409993

0.12164988115190244 -0.13304736042409993
0.12476910887374609 -0.13308176894201204

0.12476910887374609 -0.13308176894201204
0.12788833659558974 -0.13310861640049701

0.12788833659558974 -0.13310861640049701
0.13100756431743341 -0.13312618140503205

0.13100756431743341 -0.13312618140503205
0.13412679203927705 -0.1331328961045434

0.13412679203927705 -0.1331328961045434
0.13724601976112069 -0.13312753962447027

0.13724601976112069 -0.13312753962447027
0.14036524748296436 -0.13310938375093784

0.14036524748296436 -0.13310938375093784
0.143484475204808 -0.13307820242863641

0.143484475204808 -0.13307820242863641
0.14660370292665165 -0.13303412033900899

0.14660370292665165 -0.13303412033900899
0.14972293064849532 -0.13297737786560471

0.14972293064849532 -0.13297737786560471
0.15284215837033896 -0.1329081271949816

0.15284215837033896 -0.1329081271949816
0.1559613860921826 -0.1328263512394636

0.1559613860921826 -0.1328263512394636
0.15908061381402627 -0.13273182075254503

0.15908061381402627 -0.13273182075254503
0.16219984153586992 -0.13262408891527364

0.16219984153586992 -0.13262408891527364
0.16531906925771356 -0.13250228085791843

0.16531906925771356 -0.13250228085791843
0.16843829697955723 -0.13236505711917926

0.16843829697955723 -0.13236505711917926
0.17155752470140087 -0.13221086693847975

0.17155752470140087 -0.13221086693847975
0.17467675242324451 -0.13203806471315177

0.17467675242324451 -0.13203806471315177
0.17779598014508818 -0.13184502689178551

0.17779598014508818 -0.13184502689178551
0.18091520786693183 -0.13163026834553648

0.18091520786693183 -0.13163026834553648
0.18403443558877547 -0.13139279032363671

0.18403443558877547 -0.13139279032363671
0.18715366331061914 -0.13113309798311312

0.18715366331061914 -0.13113309798311312
0.18852100601338198 -0.13100756431743338

0.18852100601338198 -0.13100756431743338
0.19027289103246278 -0.13084702076595389

0.19027289103246278 -0.13084702076595389
0.19339211875430642 -0.13053822525005471

0.19339211875430642 -0.13053822525005471
0.19651134647615009 -0.13020280663596107

0.19651134647615009 -0.13020280663596107
0.19963057419799374 -0.12984137501144161

0.19963057419799374 -0.12984137501144161
0.20274980191983741 -0.12945479012889388

0.20274980191983741 -0.12945479012889388
0.20586902964168105 -0.12904568271734781

0.20586902964168105 -0.12904568271734781
0.20898825736352469 -0.12861810785815758

0.20898825736352469 -0.12861810785815758
0.21210748508536836 -0.12817779122751885

0.21210748508536836 -0.12817779122751885
0.21409116164120401 -0.12788833659558974

0.21409116164120401 -0.12788833659558974
0.21522671280721201 -0.12772090608872719

0.21522671280721201 -0.12772090608872719
0.21834594052905565 -0.12726013540895742

0.21834594052905565 -0.12726013540895742
0.22146516825089932 -0.12678800336365509

0.22146516825089932 -0.12678800336365509
0.22458439597274296 -0.12630921056371036

0.22458439597274296 -0.12630921056371036
0.2277036236945866 -0.12582604307346471

0.2277036236945866 -0.12582604307346471
0.23082285141643027 -0.12534030517088227

0.23082285141643027 -0.12534030517088227
0.23394207913827392 -0.12485542646797226

0.23394207913827392 -0.12485542646797226
0.23447757345019346 -0.12476910887374608

0.23447757345019346 -0.12476910887374608
0.23706130686011756 -0.12436331565912487

0.23706130686011756 -0.12436331565912487
0.24018053458196123 -0.12387118224916792

0.24018053458196123 -0.12387118224916792
0.24329976230380487 -0.12337519041693426

0.24329976230380487 -0.12337519041693426
0.24641899002564852 -0.12287585606467107

0.24641899002564852 -0.12287585606467107
0.24953821774749216 -0.12237348351010657

0.24953821774749216 -0.12237348351010657
0.25265744546933583 -0.12187185578735976

0.25265744546933583 -0.12187185578735976
0.25400866108576209 -0.12164988115190242

0.25400866108576209 -0.12164988115190242
0.25577667319117947 -0.12136100825075045

0.25577667319117947 -0.12136100825075045
0.25889590091302311 -0.12085625182721503

0.25889590091302311 -0.12085625182721503
0.26201512863486676 -0.12034885687873501

0.26201512863486676 -0.12034885687873501
0.2651343563567104 -0.11984233921416262

0.2651343563567104 -0.11984233921416262
0.26825358407855404 -0.11933791388858898

0.26825358407855404 -0.11933791388858898
0.27137281180039774 -0.11883860299674595

0.27137281180039774 -0.11883860299674595
0.27329561895647531 -0.11853065343005878

0.27329561895647531 -0.11853065343005878
0.27449203952224138 -0.11833727374430726

0.27449203952224138 -0.11833727374430726
0.27761126724408502 -0.11784854965900614

0.27761126724408502 -0.11784854965900614
0.28073049496592867 -0.11736274855252682

0.28073049496592867 -0.11736274855252682
0.28384972268777231 -0.11688371120571053

0.28384972268777231 -0.11688371120571053
0.28696895040961595 -0.11641243072315777

0.28696895040961595 -0.11641243072315777
0.29008817813145965 -0.1159498075368231

0.29008817813145965 -0.1159498075368231
0.29320740585330329 -0.11549858281825641

0.29320740585330329 -0.11549858281825641
0.29380625606748451 -0.11541142570821512

0.29380625606748451 -0.11541142570821512
0.29632663357514694 -0.11505279787460801

0.29632663357514694 -0.11505279787460801
0.29944586129699058 -0.11462049381891139

0.29944586129699058 -0.11462049381891139
0.30256508901883422 -0.11419885488100381

0.30256508901883422 -0.11419885488100381
0.30568431674067786 -0.113788693004269

0.30568431674067786 -0.113788693004269
0.30880354446252156 -0.11339026528736096

0.30880354446252156 -0.11339026528736096
0.3119227721843652 -0.1130035526771153

0.3119227721843652 -0.1130035526771153
0.31504199990620885 -0.11262819410853339

0.31504199990620885 -0.11262819410853339
0.3179137952969569 -0.11229219798637147

0.3179137952969569 -0.11229219798637147
0.31816122762805249 -0.11226253072493687

0.31816122762805249 -0.11226253072493687
0.32128045534989613 -0.11190832153611768

0.32128045534989613 -0.11190832153611768
0.32439968307173978 -0.11156265768728131

0.32439968307173978 -0.11156265768728131
0.32751891079358347 -0.11122531177125236

0.32751891079358347 -0.11122531177125236
0.33063813851542712 -0.11089524365228548

0.33063813851542712 -0.11089524365228548
0.33375736623727076 -0.11057143912561206

0.33375736623727076 -0.11057143912561206
0.3368765939591144 -0.11025298996205762

0.3368765939591144 -0.11025298996205762
0.33999582168095804 -0.1099390867306661

0.33999582168095804 -0.1099390867306661
0.34311504940280169 -0.10962898291821163

0.34311504940280169 -0.10962898291821163
0.34623427712464538 -0.10932295639952819

0.34623427712464538 -0.10932295639952819
0.34776094979321331 -0.10917297026452782

0.34776094979321331 -0.10917297026452782
0.34935350484648903 -0.10901660672838841

0.34935350484648903 -0.10901660672838841
0.35247273256833267 -0.10871509615821957

0.35247273256833267 -0.10871509615821957
0.35559196029017631 -0.10841425214597203

0.35559196029017631 -0.10841425214597203
0.35871118801201995 -0.10811439049534718

0.35871118801201995 -0.10811439049534718
0.36183041573386365 -0.10781491641717704

0.36183041573386365 -0.10781491641717704
0.3649496434557073 -0.10751512480821446

0.3649496434557073 -0.10751512480821446
0.36806887117755094 -0.10721423328193695

0.36806887117755094 -0.10721423328193695
0.37118809889939458 -0.10691135725028457

0.37118809889939458 -0.10691135725028457
0.37430732662123822 -0.1066054757488976

0.37430732662123822 -0.1066054757488976
0.37742655434308187 -0.1062958679790784

0.37742655434308187 -0.1062958679790784
0.37981764559730774 -0.10605374254268417

0.37981764559730774 -0.10605374254268417
0.38054578206492556 -0.10597898285301741

0.38054578206492556 -0.10597898285301741
0.38366500978676921 -0.10565808080480063

0.38366500978676921 -0.10565808080480063
0.38678423750861285 -0.1053282866447644

0.38678423750861285 -0.1053282866447644
0.38990346523045649 -0.10498945768467843

0.38990346523045649 -0.10498945768467843
0.39302269295230013 -0.10464022836382426

0.39302269295230013 -0.10464022836382426
0.39614192067414378 -0.1042792438493239

0.39614192067414378 -0.1042792438493239
0.39926114839598748 -0.10390548668764117

0.39926114839598748 -0.10390548668764117
0.40238037611783112 -0.10351862232353344

0.40238037611783112 -0.10351862232353344
0.40549960383967476 -0.1031208894039003

0.40549960383967476 -0.1031208894039003
0.40689688901529653 -0.10293451482084051

0.40689688901529653 -0.10293451482084051
0.4086188315615184 -0.10270551654099758

0.4086188315615184 -0.10270551654099758
0.41173805928336205 -0.10228300618382415

0.41173805928336205 -0.10228300618382415
0.41485728700520569 -0.10184722023741082

0.41485728700520569 -0.10184722023741082
0.41797651472704939 -0.10140023829251862

0.41797651472704939 -0.10140023829251862
0.42109574244889303 -0.10094244578414989

0.42109574244889303 -0.10094244578414989
0.42421497017073667 -0.10047431898924029

0.42421497017073667 -0.10047431898924029
0.42733419789258031 -0.099999121532905438

0.42733419789258031 -0.099999121532905438
0.42849028637115227 -0.099815287098996869

0.42849028637115227 -0.099815287098996869
0.43045342561442396 -0.099506160716141351

0.43045342561442396 -0.099506160716141351
0.4335726533362676 -0.099007803987752135

0.4335726533362676 -0.099007803987752135
0.4366918810581113 -0.098495056627172506

0.4366918810581113 -0.098495056627172506
0.43981110877995494 -0.097969168024129957

0.43981110877995494 -0.097969168024129957
0.44293033650179858 -0.097430062987299032

0.44293033650179858 -0.097430062987299032
0.44604956422364223 -0.096882063648166886

0.44604956422364223 -0.096882063648166886
0.44705548041603238 -0.096696059377153212

0.44705548041603238 -0.096696059377153212
0.44916879194548587 -0.096311378819514917

0.44916879194548587 -0.096311378819514917
0.45228801966732957 -0.095733738000057605

0.45228801966732957 -0.095733738000057605
0.45540724738917321 -0.09513943980815448

0.45540724738917321 -0.09513943980815448
0.45852647511101685 -0.094531247333650925

0.45852647511101685 -0.094531247333650925
0.46164570283286049 -0.093914285043935036

0.46164570283286049 -0.093914285043935036
0.46329196245688792 -0.093576831655309556

0.46329196245688792 -0.093576831655309556
0.46476493055470414 -0.093273894792239007

0.46476493055470414 -0.093273894792239007
0.46788415827654778 -0.092634342955576071

0.46788415827654778 -0.092634342955576071
0.47100338599839148 -0.091979857032210247

0.47100338599839148 -0.091979857032210247
0.47412261372023512 -0.091316991298744654

0.47412261372023512 -0.091316991298744654
0.47724184144207876 -0.090653854360871547

0.47724184144207876 -0.090653854360871547
0.47812707895215495 -0.090457603933465913

0.47812707895215495 -0.090457603933465913
0.48036106916392241 -0.089973863919490776

0.48036106916392241 -0.089973863919490776
0.48348029688576605 -0.089300268473824412

0.48348029688576605 -0.089300268473824412
0.48659952460760969 -0.088623212182474861

0.48659952460760969 -0.088623212182474861
0.48971875232945339 -0.087947628738982167

0.48971875232945339 -0.087947628738982167
0.49254216544286178 -0.087338376211622257

0.49254216544286178 -0.087338376211622257
0.49283798005129703 -0.087271635817358445

0.49283798005129703 -0.087271635817358445
0.49595720777314067 -0.0866048933943597

0.49595720777314067 -0.0866048933943597
0.49907643549498437 -0.085938346587243114

0.49907643549498437 -0.085938346587243114
0.50219566321682796 -0.085275677208608291

0.50219566321682796 -0.085275677208608291
0.50531489093867166 -0.084620637980733521

0.50531489093867166 -0.084620637980733521
0.50721591908878272 -0.0842191484897786

0.50721591908878272 -0.0842191484897786
0.50843411866051524 -0.083958910687721613

0.50843411866051524 -0.083958910687721613
0.51155334638235894 -0.08331464703420717

0.51155334638235894 -0.08331464703420717
0.51467257410420253 -0.082669321868699297

0.51467257410420253 -0.082669321868699297
0.51779180182604623 -0.082028054524434194

0.51779180182604623 -0.082028054524434194
0.52091102954788993 -0.081395725532097854

0.52091102954788993 -0.081395725532097854
0.52235104202186244 -0.081099920767934958

0.52235104202186244 -0.081099920767934958
0.52403025726973351 -0.080756409773370771

0.52403025726973351 -0.080756409773370771
0.52714948499157721 -0.08013434757128407

0.52714948499157721 -0.08013434757128407
0.5302687127134208 -0.079514632733201668

0.5302687127134208 -0.079514632733201668
0.5333879404352645 -0.078901371895421915

0.5333879404352645 -0.078901371895421915
0.53650716815710819 -0.078298472919717477

0.53650716815710819 -0.078298472919717477
0.53814273718297301 -0.077980693046091301

0.53814273718297301 -0.077980693046091301
0.53962639587895178 -0.07769182478892446

0.53962639587895178 -0.07769182478892446
0.54274562360079548 -0.077102942098685026

0.54274562360079548 -0.077102942098685026
0.54586485132263907 -0.076517162149902299

0.54586485132263907 -0.076517162149902299
0.54898407904448276 -0.075938498648936342

0.54898407904448276 -0.075938498648936342
0.55210330676632646 -0.075367368112314273

0.55210330676632646 -0.075367368112314273
0.55489851128409895 -0.074861465324247645

0.55489851128409895 -0.074861465324247645
0.55522253448817005 -0.074800657612067514

0.55522253448817005 -0.074800657612067514
0.55834176221001375 -0.07424510411024822

0.55834176221001375 -0.07424510411024822
0.56146098993185733 -0.073693290363719036

0.56146098993185733 -0.073693290363719036
0.56458021765370103 -0.073146951713508421

0.56458021765370103 -0.073146951713508421
0.56769944537554462 -0.072605550010705941

0.56769944537554462 -0.072605550010705941
0.57081867309738832 -0.072070673080825154

0.57081867309738832 -0.072070673080825154
0.57272725360040966 -0.071742237602403988

0.57272725360040966 -0.071742237602403988
0.57393790081923202 -0.071531908694528898

0.57393790081923202 -0.071531908694528898
0.5770571285410756 -0.071005142522605424

0.5770571285410756 -0.071005142522605424
0.5801763562629193 -0.070477960839077758

0.5801763562629193 -0.070477960839077758
0.58329558398476289 -0.069953694650577838

0.58329558398476289 -0.069953694650577838
0.58641481170660659 -0.069432476320848646

0.58641481170660659 -0.069432476320848646
0.58953403942845028 -0.068916828039280148

0.58953403942845028 -0.068916828039280148
0.5912999342510562 -0.068623009880560346

0.5912999342510562 -0.068623009880560346
0.59265326715029387 -0.068396615902482721

0.59265326715029387 -0.068396615902482721
0.59577249487213757 -0.067887356001304799

0.59577249487213757 -0.067887356001304799
0.59889172259398116 -0.067377355420693869

0.59889172259398116 -0.067377355420693869
0.60201095031582486 -0.066869107513802595

0.60201095031582486 -0.066869107513802595
0.60513017803766844 -0.066361866124587734

0.60513017803766844 -0.066361866124587734
0.60824940575951214 -0.065856140846619268

0.60824940575951214 -0.065856140846619268
0.61040380246752457 -0.065503782158716689

0.61040380246752457 -0.065503782158716689
0.61136863348135584 -0.065343469473597593

0.61136863348135584 -0.065343469473597593
0.61448786120319943 -0.06483602470382499

0.61448786120319943 -0.06483602470382499
0.61760708892504312 -0.064321875287512667

0.61760708892504312 -0.064321875287512667
0.62072631664688671 -0.063803080436454732

0.62072631664688671 -0.063803080436454732
0.62384554436873041 -0.063278731219433462

0.62384554436873041 -0.063278731219433462
0.62696477209057411 -0.062749878959682759

0.62696477209057411 -0.062749878959682759
0.62907528508932009 -0.062384554436873046

0.62907528508932009 -0.062384554436873046
0.63008399981241769 -0.062207182803676118

0.63008399981241769 -0.062207182803676118
0.63320322753426139 -0.061665232963324587

0.63320322753426139 -0.061665232963324587
0.63632245525610498 -0.061111177539935745

0.63632245525610498 -0.061111177539935745
0.63944168297794868 -0.060548277009035201

0.63944168297794868 -0.060548277009035201
0.64256091069979226 -0.059976499107077308

0.64256091069979226 -0.059976499107077308
0.64568013842163596 -0.059400190701627727

0.64568013842163596 -0.059400190701627727
0.6463745628123504 -0.05926532671502939

0.6463745628123504 -0.05926532671502939
0.64879936614347966 -0.058806588545126749

0.64879936614347966 -0.058806588545126749
0.65191859386532325 -0.058209998743749936

0.65191859386532325 -0.058209998743749936
0.65503782158716695 -0.057603588598223961

0.65503782158716695 -0.057603588598223961
0.65815704930901053 -0.056988894172758459

0.65815704930901053 -0.056988894172758459
0.66127627703085423 -0.05637135508632321

0.66127627703085423 -0.05637135508632321
0.66236828676020998 -0.05614609899318574

0.66236828676020998 -0.05614609899318574
0.66439550475269793 -0.055734166582660616

0.66439550475269793 -0.055734166582660616
0.66751473247454152 -0.055098874717682829

0.66751473247454152 -0.055098874717682829
0.67063396019638521 -0.054453156011720898

0.67063396019638521 -0.054453156011720898
0.6737531879182288 -0.053800468528084268

0.6737531879182288 -0.053800468528084268
0.6768724156400725 -0.053146113741971417

0.6768724156400725 -0.053146113741971417
0.67741144659849539 -0.053026871271342091

0.67741144659849539 -0.053026871271342091
0.6799916433619162 -0.052475864514040689

0.6799916433619162 -0.052475864514040689
0.68311087108375979 -0.051804716756040217

0.68311087108375979 -0.051804716756040217
0.68623009880560348 -0.051125979349523641

0.68623009880560348 -0.051125979349523641
0.68934932652744707 -0.050442600245291333

0.68934932652744707 -0.050442600245291333
0.69175823306962703 -0.049907643549498434

0.69175823306962703 -0.049907643549498434
0.69246855424929077 -0.049744940219540248

0.69246855424929077 -0.049744940219540248
0.69558778197113436 -0.049052865445260822

0.69558778197113436 -0.049052865445260822
0.69870700969297805 -0.048348224316327404

0.69870700969297805 -0.048348224316327404
0.70182623741482175 -0.047636585814911113

0.70182623741482175 -0.047636585814911113
0.70494546513666534 -0.046924080245905032

0.70494546513666534 -0.046924080245905032
0.70550766652232022 -0.046788415827654785

0.70550766652232022 -0.046788415827654785
0.70806469285850904 -0.046194155868780638

0.70806469285850904 -0.046194155868780638
0.71118392058035262 -0.045466120110889983

0.71118392058035262 -0.045466120110889983
0.71430314830219632 -0.044732685835693765

0.71430314830219632 -0.044732685835693765
0.71742237602404002 -0.044002958080030206

0.71742237602404002 -0.044002958080030206
0.71881027364615535 -0.043669188105811135

0.71881027364615535 -0.043669188105811135
0.72054160374588361 -0.043255560980222596

0.72054160374588361 -0.043255560980222596
0.72366083146772731 -0.042523764153108927

0.72366083146772731 -0.042523764153108927
0.72678005918957089 -0.041788014217870914

0.72678005918957089 -0.041788014217870914
0.72989928691141459 -0.041057385424923633

0.72989928691141459 -0.041057385424923633
0.73205482121449239 -0.040549960383967479

0.73205482121449239 -0.040549960383967479
0.73301851463325818 -0.040317914887620432

0.73301851463325818 -0.040317914887620432
0.73613774235510188 -0.039597122562496936

0.73613774235510188 -0.039597122562496936
0.73925697007694557 -0.038872389467770566

0.73925697007694557 -0.038872389467770566
0.74237619779878916 -0.038149615848543428

0.74237619779878916 -0.038149615848543428
0.74548363938036133 -0.037430732662123829

0.74548363938036133 -0.037430732662123829
0.74549542552063286 -0.03742784008878873

0.74549542552063286 -0.03742784008878873
0.74861465324247645 -0.036706440598676317

0.74861465324247645 -0.036706440598676317
0.75173388096432014 -0.035983885239799354

0.75173388096432014 -0.035983885239799354
0.75485310868616384 -0.035259772226900223

0.75485310868616384 -0.035259772226900223
0.75797233640800743 -0.034540248942993117

0.75797233640800743 -0.034540248942993117
0.75892519617869769 -0.034311504940280173

0.75892519617869769 -0.034311504940280173
0.76109156412985113 -0.033803271998738414

0.76109156412985113 -0.033803271998738414
0.76421079185169472 -0.033076660575218977

0.76421079185169472 -0.033076660575218977
0.76733001957353841 -0.03234658812953578

0.76733001957353841 -0.03234658812953578
0.77044924729538211 -0.031621414936877826

0.77044924729538211 -0.031621414936877826
0.77226963552351602 -0.03119227721843652

0.77226963552351602 -0.03119227721843652
0.7735684750172257 -0.030883068193345516

0.7735684750172257 -0.030883068193345516
0.7766877027390694 -0.030163707341949848

0.7766877027390694 -0.030163707341949848
0.77980693046091298 -0.029441135755298269

0.77980693046091298 -0.029441135755298269
0.78292615818275668 -0.028722104354141659

0.78292615818275668 -0.028722104354141659
0.78575174774376255 -0.028073049496592867

0.78575174774376255 -0.028073049496592867
0.78604538590460027 -0.028002310460377492

0.78604538590460027 -0.028002310460377492
0.78916461362644397 -0.027292056529034298

0.78916461362644397 -0.027292056529034298
0.79228384134828767 -0.026580263754237467

0.79228384134828767 -0.026580263754237467
0.79540306907013125 -0.025869460701205792

0.79540306907013125 -0.025869460701205792
0.79852229679197495 -0.025164548827016332

0.79852229679197495 -0.025164548827016332
0.79941816175779068 -0.024953821774749217

0.79941816175779068 -0.024953821774749217
0.80164152451381854 -0.024443563705238903

0.80164152451381854 -0.024443563705238903
0.80476075223566224 -0.023730846085288682

0.80476075223566224 -0.023730846085288682
0.80787997995750593 -0.023012292144875924

0.80787997995750593 -0.023012292144875924
0.81099920767934952 -0.022293782668541449

0.81099920767934952 -0.022293782668541449
0.8129560847628432 -0.021834594052905564

0.8129560847628432 -0.021834594052905564
0.81411843540119322 -0.021557660541005406

0.81411843540119322 -0.021557660541005406
0.81723766312303681 -0.020833932827708151

0.81723766312303681 -0.020833932827708151
0.8203568908448805 -0.020099773967238218

0.8203568908448805 -0.020099773967238218
0.82347611856672409 -0.019362520797134491

0.82347611856672409 -0.019362520797134491
0.82619610958817724 -0.018715366331061911

0.82619610958817724 -0.018715366331061911
0.82659534628856779 -0.018615965004898493

0.82659534628856779 -0.018615965004898493
0.82971457401041149 -0.017875618506424329

0.82971457401041149 -0.017875618506424329
0.83283380173225507 -0.017127604280150543

0.83283380173225507 -0.017127604280150543
0.83595302945409877 -0.016376814342885022

0.83595302945409877 -0.016376814342885022
0.83907225717594236 -0.015624843084508956

0.83907225717594236 -0.015624843084508956
0.83918385059744061 -0.015596138609218262

0.83918385059744061 -0.015596138609218262
0.84219148489778606 -0.014865964270974419

0.84219148489778606 -0.014865964270974419
0.84531071261962976 -0.014104420390838516

0.84531071261962976 -0.014104420390838516
0.84842994034147334 -0.013338234917652627

0.84842994034147334 -0.013338234917652627
0.85154916806331704 -0.012571997131064673

0.85154916806331704 -0.012571997131064673
0.85191272545823626 -0.012476910887374609

0.85191272545823626 -0.012476910887374609
0.85466839578516063 -0.01179041889703553

0.85466839578516063 -0.01179041889703553
0.85778762350700433 -0.011007872734992949

0.85778762350700433 -0.011007872734992949
0.86090685122884802 -0.010217252589356726

0.86090685122884802 -0.010217252589356726
0.86402607895069161 -0.0094223052693128521

0.86402607895069161 -0.0094223052693128521
0.86426204291958886 -0.0093576831655309573

0.86426204291958886 -0.0093576831655309573
0.86714530667253531 -0.0086111330622277629

0.86714530667253531 -0.0086111330622277629
0.8702645343943789 -0.0077945816197845484

0.8702645343943789 -0.0077945816197845484
0.8733837621162226 -0.0069696391639816266

0.8733837621162226 -0.0069696391639816266
0.87611783425513512 -0.0062384554436873043

0.87611783425513512 -0.0062384554436873043
0.87650298983806618 -0.0061299573218186916

0.87650298983806618 -0.0061299573218186916
0.87962221755990988 -0.0052940272021642903

0.87962221755990988 -0.0052940272021642903
0.88274144528175358 -0.0044439847482457464

0.88274144528175358 -0.0044439847482457464
0.88586067300359717 -0.0035935575232175923

0.88586067300359717 -0.0035935575232175923
0.8875501850313039 -0.0031192277218436521

0.8875501850313039 -0.0031192277218436521
0.88897990072544086 -0.0027153839690588939

0.88897990072544086 -0.0027153839690588939
0.89209912844728445 -0.0018550112328021302

0.89209912844728445 -0.0018550112328021302
0.89521835616912815 -0.00098175766230558319

0.89521835616912815 -0.00098175766230558319
0.89833758389097185 -0.00011137716254874656

0.89833758389097185 -0.00011137716254874656
0.89871104424744919 0

0.89871104424744919 0
0.90145681161281543 0.000775048114931059

0.90145681161281543 0.000775048114931059
0.90457603933465913 0.0016571192545248258

0.90457603933465913 0.0016571192545248258
0.90769526705650272 0.0025369853801319861

0.90769526705650272 0.0025369853801319861
0.90972892399043459 0.0031192277218436517

0.90972892399043459 0.0031192277218436517
0.91081449477834642 0.003436946018888895

0.91081449477834642 0.003436946018888895
0.91393372250019 0.0043134685206814112

0.91393372250019 0.0043134685206814112
0.9170529502220337 0.0051999879778585629

0.9170529502220337 0.0051999879778585629
0.9201721779438774 0.0060785426981782732

0.9201721779438774 0.0060785426981782732
0.92070747366385219 0.0062384554436873043

0.92070747366385219 0.0062384554436873043
0.92329140566572099 0.0069742962426830139

0.92329140566572099 0.0069742962426830139
0.92641063338756469 0.0078597002768180171

0.92641063338756469 0.0078597002768180171
0.92952986110940827 0.0087424046336701186

0.92952986110940827 0.0087424046336701186
0.93168130914189728 0.0093576831655309556

0.93168130914189728 0.0093576831655309556
0.93264908883125197 0.0096421596991297549

0.93264908883125197 0.0096421596991297549
0.93576831655309567 0.010518365180262102

0.93576831655309567 0.010518365180262102
0.93888754427493926 0.011404433837813768

0.93888754427493926 0.011404433837813768
0.94200677199678295 0.012281947013624443

0.94200677199678295 0.012281947013624443
0.94266281946653718 0.012476910887374609

0.94266281946653718 0.012476910887374609
0.94512599971862654 0.01317870240473723

0.94512599971862654 0.01317870240473723
0.94824522744047024 0.014061956127359764

0.94824522744047024 0.014061956127359764
0.95136445516231394 0.014942896866189569

0.95136445516231394 0.014942896866189569
0.95366457370117974 0.01559613860921826

0.95366457370117974 0.01559613860921826
0.95448368288415752 0.015836855396826773

0.95448368288415752 0.015836855396826773
0.95760291060600122 0.016706346601980011

0.95760291060600122 0.016706346601980011
0.96072213832784481 0.017581324052622065

0.96072213832784481 0.017581324052622065
0.96384136604968851 0.018441884627315927

0.96384136604968851 0.018441884627315927
0.9647962596706785 0.018715366331061915

0.9647962596706785 0.018715366331061915
0.9669605937715321 0.019318330191031307

0.9669605937715321 0.019318330191031307
0.97007982149337579 0.020171577258919816

0.97007982149337579 0.020171577258919816
0.97319904921521949 0.021022376796185158

0.97319904921521949 0.021022376796185158
0.97619897785815013 0.021834594052905568

0.97619897785815013 0.021834594052905568
0.97631827693706308 0.021869037738071102

0.97631827693706308 0.021869037738071102
0.97943750465890678 0.022705755479646861

0.97943750465890678 0.022705755479646861
0.98255673238075036 0.02354002338804214

0.98255673238075036 0.02354002338804214
0.98567596010259406 0.024366667108903291

0.98567596010259406 0.024366667108903291
0.98787960746754799 0.024953821774749217

0.98787960746754799 0.024953821774749217
0.98879518782443776 0.025204642997495742

0.98879518782443776 0.025204642997495742
0.99191441554628135 0.026020449929453109

0.99191441554628135 0.026020449929453109
0.99503364326812505 0.026842968327368138

0.99503364326812505 0.026842968327368138
0.99815287098996863 0.027656985904193805

0.99815287098996863 0.027656985904193805
0.99971108758095362 0.02807304949659287

0.99971108758095362 0.02807304949659287
1.0012720987118124 0.028489808980604756

1.0012720987118124 0.028489808980604756
1.0043913264336561 0.029300731211299835

1.0043913264336561 0.029300731211299835
1.0075105541554998 0.030116768133219819

1.0075105541554998 0.030116768133219819
1.0106297818773433 0.030922314761297365

1.0106297818773433 0.030922314761297365
1.0116374948603488 0.03119227721843652

1.0116374948603488 0.03119227721843652
1.013749009599187 0.031744782889026602

1.013749009599187 0.031744782889026602
1.0168682373210307 0.032548576188998563

1.0168682373210307 0.032548576188998563
1.0199874650428744 0.033352447524619619

1.0199874650428744 0.033352447524619619
1.0231066927647179 0.034145372517773581

1.0231066927647179 0.034145372517773581
1.0237310665640398 0.034311504940280173

1.0237310665640398 0.034311504940280173
1.0262259204865616 0.034949789119551579

1.0262259204865616 0.034949789119551579
1.0293451482084053 0.035741241506505338

1.0293451482084053 0.035741241506505338
1.032464375930249 0.036531618531270654

1.032464375930249 0.036531618531270654
1.0355836036520927 0.037313952570842912

1.0355836036520927 0.037313952570842912
1.0360253705816511 0.037430732662123822

1.0360253705816511 0.037430732662123822
1.0387028313739362 0.038106492364563968

1.0387028313739362 0.038106492364563968
1.0418220590957799 0.038891847404191424

1.0418220590957799 0.038891847404191424
1.0449412868176235 0.039678566046790688

1.0449412868176235 0.039678566046790688
1.0480605145394672 0.040461495561949737

1.0480605145394672 0.040461495561949737
1.0483926184971857 0.040549960383967479

1.0483926184971857 0.040549960383967479
1.0511797422613109 0.041255483721573921

1.0511797422613109 0.041255483721573921
1.0542989699831544 0.042046546377938698

1.0542989699831544 0.042046546377938698
1.0574181977049981 0.04284048795873778

1.0574181977049981 0.04284048795873778
1.0605374254268418 0.043634240506579526

1.0605374254268418 0.043634240506579526
1.0606660220731234 0.043669188105811128

1.0606660220731234 0.043669188105811128
1.0636566531486855 0.044434317963794281

1.0636566531486855 0.044434317963794281
1.0667758808705292 0.04523434283753959

1.0667758808705292 0.04523434283753959
1.0698951085923727 0.046035543221871811

1.0698951085923727 0.046035543221871811
1.07282260830767 0.046788415827654778

1.07282260830767 0.046788415827654778
1.0730143363142164 0.04684067037862031

1.0730143363142164 0.04684067037862031
1.0761335640360601 0.047640757933460266

1.0761335640360601 0.047640757933460266
1.0792527917579038 0.048444873244473212

1.0792527917579038 0.048444873244473212
1.0823720194797475 0.049247777097275167

1.0823720194797475 0.049247777097275167
1.0849267465995167 0.049907643549498434

1.0849267465995167 0.049907643549498434
1.085491247201591 0.050059712914396516

1.085491247201591 0.050059712914396516
1.0886104749234347 0.050857511433945519

1.0886104749234347 0.050857511433945519
1.0917297026452784 0.051662523087726744

1.0917297026452784 0.051662523087726744
1.0948489303671221 0.052464048293046156

1.0948489303671221 0.052464048293046156
1.0970195213639968 0.053026871271342084

1.0970195213639968 0.053026871271342084
1.0979681580889658 0.053279246846028167

1.0979681580889658 0.053279246846028167
1.1010873858108092 0.054074739433953536

1.1010873858108092 0.054074739433953536
1.1042066135326529 0.054877288191345776

1.1042066135326529 0.054877288191345776
1.1073258412544966 0.055672723231410245

1.1073258412544966 0.055672723231410245
1.1091569353948543 0.056146098993185733

1.1091569353948543 0.056146098993185733
1.1104450689763403 0.056482853620131702

1.1104450689763403 0.056482853620131702
1.1135642966981838 0.057270167176145893

1.1135642966981838 0.057270167176145893
1.1166835244200275 0.05806204596273172

1.1166835244200275 0.05806204596273172
1.1198027521418712 0.058844664519593262

1.1198027521418712 0.058844664519593262
1.1214515996144889 0.05926532671502939

1.1214515996144889 0.05926532671502939
1.1229219798637149 0.059641773071373819

1.1229219798637149 0.059641773071373819
1.1260412075855586 0.06041660998621045

1.1260412075855586 0.06041660998621045
1.1291604353074021 0.061195413855682862

1.1291604353074021 0.061195413855682862
1.1322796630292458 0.061965888691121032

1.1322796630292458 0.061965888691121032
1.1339458760512227 0.06238455443687304

1.1339458760512227 0.06238455443687304
1.1353988907510895 0.062751183944780534

1.1353988907510895 0.062751183944780534
1.1385181184729332 0.063515853124405372

1.1385181184729332 0.063515853124405372
1.1416373461947769 0.064285582610342257

1.1416373461947769 0.064285582610342257
1.1447565739166203 0.065049150891338919

1.1447565739166203 0.065049150891338919
1.1465872106025838 0.065503782158716703

1.1465872106025838 0.065503782158716703
1.147875801638464 0.065827265312091363

1.147875801638464 0.065827265312091363
1.1509950293603077 0.06658533185754309

1.1509950293603077 0.06658533185754309
1.1541142570821514 0.067348187781674326

1.1541142570821514 0.067348187781674326
1.1572334848039951 0.068104886823674868

1.1572334848039951 0.068104886823674868
1.1593581834750863 0.068623009880560346

1.1593581834750863 0.068623009880560346
1.1603527125258386 0.068870967428120447

1.1603527125258386 0.068870967428120447
1.1634719402476823 0.069615722727969981

1.1634719402476823 0.069615722727969981
1.166591167969526 0.070362854426872609

1.166591167969526 0.070362854426872609
1.1697103956913697 0.071104525591554266

1.1697103956913697 0.071104525591554266
1.1724039752788693 0.071742237602404002

1.1724039752788693 0.071742237602404002
1.1728296234132134 0.071847522331378755

1.1728296234132134 0.071847522331378755
1.1759488511350569 0.072576425925017507

1.1759488511350569 0.072576425925017507
1.1790680788569006 0.073306442158890414

1.1790680788569006 0.073306442158890414
1.1821873065787443 0.074033557551959381

1.1821873065787443 0.074033557551959381
1.185306534300588 0.074754005012144853

1.185306534300588 0.074754005012144853
1.1857498566515323 0.074861465324247659

1.1857498566515323 0.074861465324247659
1.1884257620224317 0.075483114011682353

1.1884257620224317 0.075483114011682353
1.1915449897442751 0.076205795993179587

1.1915449897442751 0.076205795993179587
1.1946642174661188 0.076929543471625256

1.1946642174661188 0.076929543471625256
1.1977834451879625 0.077648196531017621

1.1977834451879625 0.077648196531017621
1.1991882372942892 0.077980693046091315

1.1991882372942892 0.077980693046091315
1.2009026729098062 0.078384123750182527

1.2009026729098062 0.078384123750182527
1.2040219006316497 0.079105682988932099

1.2040219006316497 0.079105682988932099
1.2071411283534934 0.079832948267000631

1.2071411283534934 0.079832948267000631
1.2102603560753371 0.080558748594807453

1.2102603560753371 0.080558748594807453
1.2125691497176738 0.081099920767934958

1.2125691497176738 0.081099920767934958
1.2133795837971808 0.081295387853913215

1.2133795837971808 0.081295387853913215
1.2164988115190245 0.08201791057702304

1.2164988115190245 0.08201791057702304
1.219618039240868 0.082747272768597099

1.219618039240868 0.082747272768597099
1.2227372669627117 0.083477072272560196

1.2227372669627117 0.083477072272560196
1.2258564946845554 0.08420623590689516

1.2258564946845554 0.08420623590689516
1.2259085556870648 0.084219148489778614

1.2259085556870648 0.084219148489778614
1.2289757224063991 0.08493687896980974

1.2289757224063991 0.08493687896980974
1.2320949501282428 0.08566680703046059

1.2320949501282428 0.08566680703046059
1.2352141778500862 0.08639661019794774

1.2352141778500862 0.08639661019794774
1.2383334055719299 0.087119978201589662

1.2383334055719299 0.087119978201589662
1.23923911352446 0.087338376211622271

1.23923911352446 0.087338376211622271
1.2414526332937736 0.08785898181271036

1.2414526332937736 0.08785898181271036
1.2445718610156173 0.088587336184868873

1.2445718610156173 0.088587336184868873
1.247691088737461 0.089319987657096853

1.247691088737461 0.089319987657096853
1.2508103164593045 0.090049809225709793

1.2508103164593045 0.090049809225709793
1.2525151945672774 0.090457603933465913

1.2525151945672774 0.090457603933465913
1.2539295441811482 0.090797837806658538

1.2539295441811482 0.090797837806658538
1.2570487719029919 0.09153201769577117

1.2570487719029919 0.09153201769577117
1.2601679996248356 0.092275895902947935

1.2601679996248356 0.092275895902947935
1.2632872273466793 0.093021504964626037

1.2632872273466793 0.093021504964626037
1.2655809188323266 0.09357683165530957

1.2655809188323266 0.09357683165530957
1.2664064550685228 0.093782600991641651

1.2664064550685228 0.093782600991641651
1.2695256827903665 0.094532566168734497

1.2695256827903665 0.094532566168734497
1.2726449105122102 0.095293736004400303

1.2726449105122102 0.095293736004400303
1.2757641382340539 0.096057727131712123

1.2757641382340539 0.096057727131712123
1.2783517101940511 0.096696059377153226

1.2783517101940511 0.096696059377153226
1.2788833659558976 0.09683278622514184

1.2788833659558976 0.09683278622514184
1.2820025936777411 0.097597522214034976

1.2820025936777411 0.097597522214034976
1.2851218213995848 0.098369612599044157

1.2851218213995848 0.098369612599044157
1.2882410491214284 0.099141769866313401

1.2882410491214284 0.099141769866313401
1.2909557136238565 0.099815287098996869

1.2909557136238565 0.099815287098996869
1.2913602768432721 0.099920493619224476

1.2913602768432721 0.099920493619224476
1.2944795045651156 0.10068923761951608

1.2944795045651156 0.10068923761951608
1.2975987322869593 0.10146377210679808

1.2975987322869593 0.10146377210679808
1.300717960008803 0.10223883539374813

1.300717960008803 0.10223883539374813
1.3035104168207801 0.10293451482084053

1.3035104168207801 0.10293451482084053
1.3038371877306467 0.10302014173623755

1.3038371877306467 0.10302014173623755
1.3069564154524904 0.10379417071499565

1.3069564154524904 0.10379417071499565
1.3100756431743339 0.10457460024444751

1.3100756431743339 0.10457460024444751
1.3131948708961776 0.10535691373617828

1.3131948708961776 0.10535691373617828
1.315959301310869 0.10605374254268418

1.315959301310869 0.10605374254268418
1.3163140986180213 0.10614776441846731

1.3163140986180213 0.10614776441846731
1.319433326339865 0.10693245265167878

1.319433326339865 0.10693245265167878
1.3225525540617087 0.10772575132076681

1.3225525540617087 0.10772575132076681
1.3256717817835522 0.10852135574818633

1.3256717817835522 0.10852135574818633
1.3282062587466728 0.10917297026452782

1.3282062587466728 0.10917297026452782
1.3287910095053959 0.10932962128637531

1.3287910095053959 0.10932962128637531
1.3319102372272396 0.11012604628529438

1.3319102372272396 0.11012604628529438
1.3350294649490833 0.11093110151683885

1.3350294649490833 0.11093110151683885
1.338148692670927 0.11173368305508478

1.338148692670927 0.11173368305508478
1.3402961696454216 0.11229219798637148

1.3402961696454216 0.11229219798637148
1.3412679203927704 0.11255127786175943

1.3412679203927704 0.11255127786175943
1.3443871481146141 0.11334939061497301

1.3443871481146141 0.11334939061497301
1.3475063758364578 0.1141545417588657

1.3475063758364578 0.1141545417588657
1.3506256035583015 0.11495229644877678

1.3506256035583015 0.11495229644877678
1.3523929667333674 0.11541142570821514

1.3523929667333674 0.11541142570821514
1.3537448312801452 0.11576563549888327

1.3537448312801452 0.11576563549888327
1.3568640590019887 0.11655586757195055

1.3568640590019887 0.11655586757195055
1.3599832867238324 0.11735017026519101

1.3599832867238324 0.11735017026519101
1.3631025144456761 0.11813514475829028

1.3631025144456761 0.11813514475829028
1.3646403918312471 0.11853065343005878

1.3646403918312471 0.11853065343005878
1.3662217421675198 0.11893694918508989

1.3662217421675198 0.11893694918508989
1.3693409698893635 0.11971882078769243

1.3693409698893635 0.11971882078769243
1.372460197611207 0.12050710878569715

1.372460197611207 0.12050710878569715
1.3755794253330507 0.12129006674276022

1.3755794253330507 0.12129006674276022
1.376967676702485 0.12164988115190244

1.376967676702485 0.12164988115190244
1.3786986530548944 0.12209541423338524

1.3786986530548944 0.12209541423338524
1.3818178807767381 0.12288643479594481

1.3818178807767381 0.12288643479594481
1.3849371084985815 0.12368789659384301

1.3849371084985815 0.12368789659384301
1.3880563362204252 0.12448706680033607

1.3880563362204252 0.12448706680033607
1.3891075060035238 0.12476910887374609

1.3891075060035238 0.12476910887374609
1.3911755639422689 0.12531224934733173

1.3911755639422689 0.12531224934733173
1.3942947916641126 0.12612700736387178

1.3942947916641126 0.12612700736387178
1.3974140193859563 0.12695091474602579

1.3974140193859563 0.12695091474602579
1.4005332471077998 0.12777339423065048

1.4005332471077998 0.12777339423065048
1.400942896460039 0.12788833659558974

1.400942896460039 0.12788833659558974
1.4036524748296435 0.12861128515378081

1.4036524748296435 0.12861128515378081
1.4067717025514872 0.12944358281556398

1.4067717025514872 0.12944358281556398
1.4098909302733309 0.13027711231811331

1.4098909302733309 0.13027711231811331
1.4126179371414294 0.13100756431743341

1.4126179371414294 0.13100756431743341
1.4130101579951746 0.13111816857839248

1.4130101579951746 0.13111816857839248
1.4161293857170181 0.13194788098588225

1.4161293857170181 0.13194788098588225
1.4192486134388618 0.13278411482630634

1.4192486134388618 0.13278411482630634
1.4223678411607055 0.13361566259124152

1.4223678411607055 0.13361566259124152
1.4242532775878574 0.13412679203927705

1.4242532775878574 0.13412679203927705
1.4254870688825492 0.13446606191465546

1.4254870688825492 0.13446606191465546
1.4286062966043929 0.13529438757710688

1.4286062966043929 0.13529438757710688
1.4317255243262363 0.13613034747083597

1.4317255243262363 0.13613034747083597
1.43484475204808 0.1369563167986029

1.43484475204808 0.1369563167986029
1.4358983802510954 0.13724601976112069

1.4358983802510954 0.13724601976112069
1.4379639797699237 0.13780154363798869

1.4379639797699237 0.13780154363798869
1.4410832074917674 0.13862835608098739

1.4410832074917674 0.13862835608098739
1.4442024352136111 0.13945801537250779

1.4442024352136111 0.13945801537250779
1.4473216629354546 0.14028256081924087

1.4473216629354546 0.14028256081924087
1.4476160363383945 0.14036524748296436

1.4476160363383945 0.14036524748296436
1.4504408906572983 0.14111591930812825

1.4504408906572983 0.14111591930812825
1.453560118379142 0.14194336185065118

1.453560118379142 0.14194336185065118
1.4566793461009857 0.142770730396486

1.4566793461009857 0.142770730396486
1.4593636372453573 0.143484475204808

1.4593636372453573 0.143484475204808
1.4597985738228294 0.14360594726517595

1.4597985738228294 0.14360594726517595
1.4629178015446729 0.14442935292044229

1.4629178015446729 0.14442935292044229
1.4660370292665166 0.14526014355411787

1.4660370292665166 0.14526014355411787
1.4691562569883603 0.14608746199193512

1.4691562569883603 0.14608746199193512
1.4710692501443874 0.14660370292665165

1.4710692501443874 0.14660370292665165
1.472275484710204 0.1469342792007213

1.472275484710204 0.1469342792007213
1.4753947124320475 0.14776035821292488

1.4753947124320475 0.14776035821292488
1.4785139401538911 0.14859522366192784

1.4785139401538911 0.14859522366192784
1.4816331678757348 0.14942111823175233

1.4816331678757348 0.14942111823175233
1.482731723382916 0.14972293064849532

1.482731723382916 0.14972293064849532
1.4847523955975785 0.15026700530634199

1.4847523955975785 0.15026700530634199
1.4878716233194222 0.15109443270050044

1.4878716233194222 0.15109443270050044
1.4909908510412657 0.15192559444953954

1.4909908510412657 0.15192559444953954
1.4941100787631094 0.15275241068418166

1.4941100787631094 0.15275241068418166
1.4944284771746297 0.15284215837033896

1.4944284771746297 0.15284215837033896
1.4972293064849531 0.15358968961459901

1.4972293064849531 0.15358968961459901
1.5003485342067968 0.15442088446395294

1.5003485342067968 0.15442088446395294
1.5034677619286405 0.15525166767260737

1.5034677619286405 0.15525166767260737
1.5061300997217495 0.1559613860921826

1.5061300997217495 0.1559613860921826
1.506586989650484 0.15608919439745153

1.506586989650484 0.15608919439745153
1.5097062173723277 0.15691157100587011

1.5097062173723277 0.15691157100587011
1.5128254450941714 0.15773765510811721

1.5128254450941714 0.15773765510811721
1.5159446728160151 0.15855612018845311

1.5159446728160151 0.15855612018845311
1.5179243390953303 0.15908061381402627

1.5179243390953303 0.15908061381402627
1.5190639005378588 0.15938796202419908

1.5190639005378588 0.15938796202419908
1.5221831282597023 0.16019506315581802

1.5221831282597023 0.16019506315581802
1.525302355981546 0.16100488635924709

1.525302355981546 0.16100488635924709
1.5284215837033897 0.16180154872762242

1.5284215837033897 0.16180154872762242
1.5299574138509595 0.16219984153586992

1.5299574138509595 0.16219984153586992
1.5315408114252334 0.16260993158251405

1.5315408114252334 0.16260993158251405
1.534660039147077 0.16339218756255747

1.534660039147077 0.16339218756255747
1.5377792668689205 0.16417415845742045

1.5377792668689205 0.16417415845742045
1.5408984945907642 0.16494422905578335

1.5408984945907642 0.16494422905578335
1.5423880490024604 0.16531906925771356

1.5423880490024604 0.16531906925771356
1.5440177223126079 0.16572794742910535

1.5440177223126079 0.16572794742910535
1.5471369500344516 0.16649115572476195

1.5471369500344516 0.16649115572476195
1.5502561777562953 0.16725785919351271

1.5502561777562953 0.16725785919351271
1.5533754054781388 0.16801725135633969

1.5533754054781388 0.16801725135633969
1.5550776785581193 0.16843829697955723

1.5550776785581193 0.16843829697955723
1.5564946331999825 0.1687907228399797

1.5564946331999825 0.1687907228399797
1.5596138609218262 0.16954413278541253

1.5596138609218262 0.16954413278541253
1.5627330886436699 0.17030185372040901

1.5627330886436699 0.17030185372040901
1.5658523163655134 0.17105403708462685

1.5658523163655134 0.17105403708462685
1.5679279154067782 0.17155752470140087

1.5679279154067782 0.17155752470140087
1.5689715440873571 0.17181581908404883

1.5689715440873571 0.17181581908404883
1.5720907718092008 0.172556868078278

1.5720907718092008 0.172556868078278
1.5752099995310445 0.17330001681685001

1.5752099995310445 0.17330001681685001
1.5783292272528882 0.17403682203243595

1.5783292272528882 0.17403682203243595
1.5810644917342793 0.17467675242324451

1.5810644917342793 0.17467675242324451
1.5814484549747316 0.17477068934237397

1.5814484549747316 0.17477068934237397
1.5845676826965753 0.17548756510805077

1.5845676826965753 0.17548756510805077
1.587686910418419 0.17620114681967089

1.587686910418419 0.17620114681967089
1.5908061381402627 0.17690836018388956

1.5908061381402627 0.17690836018388956
1.5939253658621064 0.17760381265414918

1.5939253658621064 0.17760381265414918
1.5947629836237487 0.17779598014508818

1.5947629836237487 0.17779598014508818
1.5970445935839499 0.17830575365849394

1.5970445935839499 0.17830575365849394
1.6001638213057936 0.17899101464534947

1.6001638213057936 0.17899101464534947
1.6032830490276373 0.17967067336092846

1.6032830490276373 0.17967067336092846
1.606402276749481 0.18034333956022183

1.606402276749481 0.18034333956022183
1.6090743815638613 0.18091520786693183

1.6090743815638613 0.18091520786693183
1.6095215044713247 0.18101467023943779

1.6095215044713247 0.18101467023943779
1.6126407321931682 0.18167371894183049

1.6126407321931682 0.18167371894183049
1.6157599599150119 0.18233362343309492

1.6157599599150119 0.18233362343309492
1.6188791876368556 0.18299036917247674

1.6188791876368556 0.18299036917247674
1.6219984153586993 0.18364102838014118

1.6219984153586993 0.18364102838014118
1.6238734253126477 0.18403443558877547

1.6238734253126477 0.18403443558877547
1.625117643080543 0.18429823999287795

1.625117643080543 0.18429823999287795
1.6282368708023864 0.18493931901203892

1.6282368708023864 0.18493931901203892
1.6313560985242301 0.18558204027995667

1.6313560985242301 0.18558204027995667
1.6344753262460738 0.18622051072637241

1.6344753262460738 0.18622051072637241
1.6375945539679175 0.18684882067908506

1.6375945539679175 0.18684882067908506
1.6390971186328331 0.18715366331061914

1.6390971186328331 0.18715366331061914
1.640713781689761 0.18748093537473512

1.640713781689761 0.18748093537473512
1.6438330094116047 0.18809349261034858

1.6438330094116047 0.18809349261034858
1.6469522371334484 0.18870072235827604

1.6469522371334484 0.18870072235827604
1.6500714648552921 0.18929770543537178

1.6500714648552921 0.18929770543537178
1.6531906925771358 0.18988258499863453

1.6531906925771358 0.18988258499863453
1.6552906430261487 0.19027289103246278

1.6552906430261487 0.19027289103246278
1.6563099202989793 0.19046536546717593

1.6563099202989793 0.19046536546717593
1.659429148020823 0.19103076149428566

1.659429148020823 0.19103076149428566
1.6625483757426667 0.19159339020880345

1.6625483757426667 0.19159339020880345
1.6656676034645104 0.19214978436071659

1.6656676034645104 0.19214978436071659
1.6687868311863541 0.19270070445148649

1.6687868311863541 0.19270070445148649
1.6719060589081975 0.19324218210143587

1.6719060589081975 0.19324218210143587
1.6727548437272379 0.19339211875430642

1.6727548437272379 0.19339211875430642
1.6750252866300412 0.19378517645173596

1.6750252866300412 0.19378517645173596
1.6781445143518849 0.19431573360242188

1.6781445143518849 0.19431573360242188
1.6812637420737286 0.19484017665017314

1.6812637420737286 0.19484017665017314
1.6843829697955723 0.1953574302986549

1.6843829697955723 0.1953574302986549
1.6875021975174158 0.19586685173248461

1.6875021975174158 0.19586685173248461
1.6906214252392595 0.19636358702344339

1.6906214252392595 0.19636358702344339
1.6915467326341531 0.19651134647615009

1.6915467326341531 0.19651134647615009
1.6937406529611032 0.19685592793930384

1.6937406529611032 0.19685592793930384
1.6968598806829469 0.19733148833551961

1.6968598806829469 0.19733148833551961
1.6999791084047906 0.19779605996946018

1.6999791084047906 0.19779605996946018
1.7030983361266341 0.19824881545368575

1.7030983361266341 0.19824881545368575
1.7062175638484778 0.19869061762470897

1.7062175638484778 0.19869061762470897
1.7093367915703215 0.19912179209407904

1.7093367915703215 0.19912179209407904
1.7124560192921652 0.19953999535792225

1.7124560192921652 0.19953999535792225
1.7131343164431367 0.19963057419799374

1.7131343164431367 0.19963057419799374
1.7155752470140089 0.19995033891720429

1.7155752470140089 0.19995033891720429
1.7186944747358524 0.20034536334314398

1.7186944747358524 0.20034536334314398
1.721813702457696 0.20072844808104617

1.721813702457696 0.20072844808104617
1.7249329301795397 0.20109983997764524

1.7249329301795397 0.20109983997764524
1.7280521579013834 0.20145983968982586

1.7280521579013834 0.20145983968982586
1.7311713856232269 0.2018086034641057

1.7311713856232269 0.2018086034641057
1.7342906133450706 0.20214608006680271

1.7342906133450706 0.20214608006680271
1.7374098410669143 0.20247199491106233

1.7374098410669143 0.20247199491106233
1.7401662956884978 0.20274980191983741

1.7401662956884978 0.20274980191983741
1.740529068788758 0.20278706651170617

1.740529068788758 0.20278706651170617
1.7436482965106017 0.20308957170046074

1.7436482965106017 0.20308957170046074
1.7467675242324452 0.20338291881162249

1.7467675242324452 0.20338291881162249
1.7498867519542889 0.20366757068395072

1.7498867519542889 0.20366757068395072
1.7530059796761326 0.2039446279918066

1.7530059796761326 0.2039446279918066
1.7561252073979763 0.20421414918925024

1.7561252073979763 0.20421414918925024
1.75924443511982 0.20447545221492075

1.75924443511982 0.20447545221492075
1.7623636628416635 0.20472790526911919

1.7623636628416635 0.20472790526911919
1.7654828905635072 0.20497124101274677

1.7654828905635072 0.20497124101274677
1.7686021182853509 0.20520528300157012

1.7686021182853509 0.20520528300157012
1.7717213460071946 0.20542952482732177

1.7717213460071946 0.20542952482732177
1.7748405737290383 0.20564318470237386

1.7748405737290383 0.20564318470237386
1.7779598014508817 0.20584548806410694

1.7779598014508817 0.20584548806410694
1.7783405242022825 0.20586902964168105

1.7783405242022825 0.20586902964168105
1.7810790291727254 0.20603631917390705

1.7810790291727254 0.20603631917390705
1.7841982568945691 0.20621399267464807

1.7841982568945691 0.20621399267464807
1.7873174846164128 0.20637925279498615

1.7873174846164128 0.20637925279498615
1.7904367123382565 0.20653223885012356

1.7904367123382565 0.20653223885012356
1.7935559400601 0.20667295567013849

1.7935559400601 0.20667295567013849
1.7966751677819437 0.20680151635494984

1.7966751677819437 0.20680151635494984
1.7997943955037874 0.20691821223471435

1.7997943955037874 0.20691821223471435
1.8029136232256311 0.20702345396149952

1.8029136232256311 0.20702345396149952
1.8060328509474748 0.20711745321181835

1.8060328509474748 0.20711745321181835
1.8091520786693183 0.2072000078295608

1.8091520786693183 0.2072000078295608
1.812271306391162 0.20727059571614781

1.812271306391162 0.20727059571614781
1.8153905341130057 0.20732867001628102

1.8153905341130057 0.20732867001628102
1.8185097618348494 0.20737401199191957

1.8185097618348494 0.20737401199191957
1.8216289895566928 0.20740691281799831

1.8216289895566928 0.20740691281799831
1.8247482172785365 0.20742794022679925

1.8247482172785365 0.20742794022679925
1.8278674450003802 0.20743746122464393

1.8278674450003802 0.20743746122464393
1.8309866727222239 0.20743529473165881

1.8309866727222239 0.20743529473165881
1.8341059004440676 0.20742092357986963

1.8341059004440676 0.20742092357986963
1.8372251281659111 0.20739395461481119

1.8372251281659111 0.20739395461481119
1.8403443558877548 0.20735451093840865

1.8403443558877548 0.20735451093840865
1.8434635836095985 0.20730305893655887

1.8434635836095985 0.20730305893655887
1.8465828113314422 0.20723971792952234

1.8465828113314422 0.20723971792952234
1.8497020390532859 0.20716390036123558

1.8497020390532859 0.20716390036123558
1.8528212667751294 0.20707446846392355

1.8528212667751294 0.20707446846392355
1.8559404944969731 0.20697036789761558

1.8559404944969731 0.20697036789761558
1.8590597222188168 0.20685119666132573

1.8590597222188168 0.20685119666132573
1.8621789499406605 0.20671728983654183

1.8621789499406605 0.20671728983654183
1.8652981776625042 0.20656917343157419

1.8652981776625042 0.20656917343157419
1.8684174053843476 0.20640684969320189

1.8684174053843476 0.20640684969320189
1.8715366331061913 0.20622965800370607

1.8715366331061913 0.20622965800370607
1.874655860828035 0.20603699355963573

1.874655860828035 0.20603699355963573
1.8771684715145551 0.20586902964168105

1.8771684715145551 0.20586902964168105
1.8777750885498787 0.20582803423912793

1.8777750885498787 0.20582803423912793
1.8808943162717224 0.2056053169981093

1.8808943162717224 0.2056053169981093
1.8840135439935659 0.20536859865986651

1.8840135439935659 0.20536859865986651
1.8871327717154096 0.20511919137377682

1.8871327717154096 0.20511919137377682
1.8902519994372533 0.20485697899868921

1.8902519994372533 0.20485697899868921
1.893371227159097 0.20458107141915957

1.893371227159097 0.20458107141915957
1.8964904548809407 0.20429074840028705

1.8964904548809407 0.20429074840028705
1.8996096826027842 0.20398601929691346

1.8996096826027842 0.20398601929691346
1.9027289103246279 0.20366771085737115

1.9027289103246279 0.20366771085737115
1.9058481380464716 0.20333660104060861

1.9058481380464716 0.20333660104060861
1.9089673657683153 0.2029928082028612

1.9089673657683153 0.2029928082028612
1.9110686656732441 0.20274980191983741

1.9110686656732441 0.20274980191983741
1.9120865934901587 0.20263081099739336

1.9120865934901587 0.20263081099739336
1.9152058212120024 0.20225609244488721

1.9152058212120024 0.20225609244488721
1.9183250489338461 0.20186247599447316

1.9183250489338461 0.20186247599447316
1.9214442766556898 0.20145175332864171

1.9214442766556898 0.20145175332864171
1.9245635043775335 0.20102390789866492

1.9245635043775335 0.20102390789866492
1.927682732099377 0.2005783173317518

1.927682732099377 0.2005783173317518
1.9308019598212207 0.20011437869061574

1.9308019598212207 0.20011437869061574
1.9308019598212207 0.20011437869061574

1.9308019598212207 0.20011437869061574
1.9339211875430644 0.19963216770757508

1.9339211875430644 0.19963216770757508
1.9339307411313797 0.19963057419799374

1.9339307411313797 0.19963057419799374
1.9370404152649081 0.199132188252059

1.9370404152649081 0.199132188252059
1.9401596429867518 0.19861587521221735

1.9401596429867518 0.19861587521221735
1.9432788707085953 0.19808475170428103

1.9432788707085953 0.19808475170428103
1.946398098430439 0.19753941167756106

1.946398098430439 0.19753941167756106
1.9495173261522827 0.19697982864420086

1.9495173261522827 0.19697982864420086
1.9520521827053534 0.19651134647615009

1.9520521827053534 0.19651134647615009
1.9526365538741264 0.19640006152354672

1.9526365538741264 0.19640006152354672
1.9557557815959701 0.19581274513963975

1.9557557815959701 0.19581274513963975
1.9588750093178136 0.19520778566548919

1.9588750093178136 0.19520778566548919
1.9619942370396573 0.19458882974435734

1.9619942370396573 0.19458882974435734
1.9651134647615009 0.19395494113540387

1.9651134647615009 0.19395494113540387
1.9678059172920415 0.19339211875430642

1.9678059172920415 0.19339211875430642
1.9682326924833446 0.19329931811399206

1.9682326924833446 0.19329931811399206
1.9713519202051883 0.19263385411224987

1.9713519202051883 0.19263385411224987
1.9744711479270318 0.19194732083595745

1.9744711479270318 0.19194732083595745
1.9775903756488755 0.19124252939269831

1.9775903756488755 0.19124252939269831
1.9807096033707192 0.19052551079529237

1.9807096033707192 0.19052551079529237
1.9817444009092724 0.19027289103246278

1.9817444009092724 0.19027289103246278
1.9838288310925629 0.18977390897414317

1.9838288310925629 0.18977390897414317
1.9869480588144066 0.18901596778935875

1.9869480588144066 0.18901596778935875
1.9900672865362501 0.18823382713855968

1.9900672865362501 0.18823382713855968
1.9931865142580938 0.18744125902969952

1.9931865142580938 0.18744125902969952
1.9942554023575094 0.18715366331061914

1.9942554023575094 0.18715366331061914
1.9963057419799375 0.18661311612529083

1.9963057419799375 0.18661311612529083
1.9994249697017812 0.18578448814156601

1.9994249697017812 0.18578448814156601
2.0025441974236244 0.18493280181189556

2.0025441974236244 0.18493280181189556
2.0056634251454684 0.18406479753290106

2.0056634251454684 0.18406479753290106
2.0057630561311366 0.18403443558877547

2.0057630561311366 0.18403443558877547
2.0087826528673118 0.18317489558509284

2.0087826528673118 0.18317489558509284
2.0119018805891553 0.18226815221118306

2.0119018805891553 0.18226815221118306
2.0150211083109992 0.18135099183430939

2.0150211083109992 0.18135099183430939
2.0164237168113597 0.18091520786693183

2.0164237168113597 0.18091520786693183
2.0181403360328427 0.18038554282683367

2.0181403360328427 0.18038554282683367
2.0212595637546866 0.1794245158362742

2.0212595637546866 0.1794245158362742
2.0243787914765301 0.1784403617836626

2.0243787914765301 0.1784403617836626
2.0263432256569787 0.17779598014508818

2.0263432256569787 0.17779598014508818
2.0274980191983736 0.17740860255148067

2.0274980191983736 0.17740860255148067
2.0306172469202175 0.17638732603324453

2.0306172469202175 0.17638732603324453
2.033736474642061 0.17533912961208828

2.033736474642061 0.17533912961208828
2.0356250576149915 0.17467675242324451

2.0356250576149915 0.17467675242324451
2.0368557023639049 0.17423658629971164

2.0368557023639049 0.17423658629971164
2.0399749300857484 0.17314790576650169

2.0399749300857484 0.17314790576650169
2.0430941578075918 0.17204053697465763

2.0430941578075918 0.17204053697465763
2.0443762629651423 0.17155752470140087

2.0443762629651423 0.17155752470140087
2.0462133855294358 0.17087637872794928

2.0462133855294358 0.17087637872794928
2.0493326132512792 0.16972885862489046

2.0493326132512792 0.16972885862489046
2.0524518409731232 0.16855645538713843

2.0524518409731232 0.16855645538713843
2.0527339389728123 0.16843829697955723

2.0527339389728123 0.16843829697955723
2.0555710686949666 0.16734297881862786

2.0555710686949666 0.16734297881862786
2.0586902964168101 0.16613093550612557

2.0586902964168101 0.16613093550612557
2.0607002987470597 0.16531906925771356

2.0607002987470597 0.16531906925771356
2.061809524138654 0.16485714602674956

2.061809524138654 0.16485714602674956
2.0649287518604975 0.16360825966455483

2.0649287518604975 0.16360825966455483
2.0680479795823414 0.16232426702492797

2.0680479795823414 0.16232426702492797
2.0683155419898878 0.16219984153586992

2.0683155419898878 0.16219984153586992
2.0711672073041849 0.16098878914299006

2.0711672073041849 0.16098878914299006
2.0742864350260284 0.15965895019054346

2.0742864350260284 0.15965895019054346
2.0755415841122136 0.15908061381402627

2.0755415841122136 0.15908061381402627
2.0774056627478723 0.15823967489702423

2.0774056627478723 0.15823967489702423
2.0805248904697158 0.15686018256699158

2.0805248904697158 0.15686018256699158
2.0824424061460935 0.1559613860921826

2.0824424061460935 0.1559613860921826
2.0836441181915597 0.15538189564393903

2.0836441181915597 0.15538189564393903
2.0867633459134032 0.15395120009165753

2.0867633459134032 0.15395120009165753
2.0890678031471577 0.15284215837033896

2.0890678031471577 0.15284215837033896
2.0898825736352467 0.15242575645717649

2.0898825736352467 0.15242575645717649
2.0930018013570906 0.15094821437448958

2.0930018013570906 0.15094821437448958
2.0954843398661138 0.14972293064849532

2.0954843398661138 0.14972293064849532
2.0961210290789341 0.14938364265813781

2.0961210290789341 0.14938364265813781
2.099240256800778 0.1478635153478835

2.099240256800778 0.1478635153478835
2.1017212393139837 0.14660370292665165

2.1017212393139837 0.14660370292665165
2.1023594845226214 0.14625300874331656

2.1023594845226214 0.14625300874331656
2.1054787122444649 0.14469384688790662

2.1054787122444649 0.14469384688790662
2.1077795100406935 0.143484475204808

2.1077795100406935 0.143484475204808
2.1085979399663088 0.14302503916327633

2.1085979399663088 0.14302503916327633
2.1117171676881523 0.1414236257085229

2.1117171676881523 0.1414236257085229
2.1136317326263678 0.14036524748296436

2.1136317326263678 0.14036524748296436
2.1148363954099962 0.13967655613630847

2.1148363954099962 0.13967655613630847
2.1179556231318397 0.13802108597058274

2.1179556231318397 0.13802108597058274
2.1192648128849036 0.13724601976112069

2.1192648128849036 0.13724601976112069
2.1210748508536832 0.1361980758985924

2.1210748508536832 0.1361980758985924
2.1241940785755271 0.13446344494531987

2.1241940785755271 0.13446344494531987
2.1247123838506643 0.13412679203927705

2.1247123838506643 0.13412679203927705
2.1273133062973706 0.13259741568086422

2.1273133062973706 0.13259741568086422
2.1299705015127612 0.13100756431743341

2.1299705015127612 0.13100756431743341
2.1304325340192141 0.13069908897199617

2.1304325340192141 0.13069908897199617
2.133551761741058 0.12887111786128252

2.133551761741058 0.12887111786128252
2.1350793555141232 0.12788833659558974

2.1350793555141232 0.12788833659558974
2.1366709894629015 0.12686671465444183

2.1366709894629015 0.12686671465444183
2.1397902171847454 0.12497300157024024

2.1397902171847454 0.12497300157024024
2.1400763866609234 0.12476910887374609

2.1400763866609234 0.12476910887374609
2.1429094449065889 0.12297746536768724

2.1429094449065889 0.12297746536768724
2.1449102586921596 0.12164988115190244

2.1449102586921596 0.12164988115190244
2.1460286726284323 0.12087064751745942

2.1460286726284323 0.12087064751745942
2.1491479003502763 0.11889409846989517

2.1491479003502763 0.11889409846989517
2.1496388344888886 0.11853065343005878

2.1496388344888886 0.11853065343005878
2.1522671280721197 0.11677087264888336

2.1522671280721197 0.11677087264888336
2.1542046487379523 0.11541142570821514

2.1542046487379523 0.11541142570821514
2.1553863557939636 0.11454624007331549

2.1553863557939636 0.11454624007331549
2.1585055835158071 0.11242831576205976

2.1585055835158071 0.11242831576205976
2.1586779435608694 0.11229219798637148

2.1586779435608694 0.11229219798637148
2.1616248112376506 0.1102184652855092

2.1616248112376506 0.1102184652855092
2.1629904959729878 0.10917297026452782

2.1629904959729878 0.10917297026452782
2.1647440389594945 0.10785302947752093

2.1647440389594945 0.10785302947752093
2.1671925372140399 0.10605374254268418

2.1671925372140399 0.10605374254268418
2.167863266681338 0.10551851525168292

2.167863266681338 0.10551851525168292
2.1709824944031819 0.10328758327014582

2.1709824944031819 0.10328758327014582
2.171412367071305 0.10293451482084053

2.171412367071305 0.10293451482084053
2.1741017221250254 0.10091208239304475

2.1741017221250254 0.10091208239304475
2.1754586159735716 0.099815287098996869

2.1754586159735716 0.099815287098996869
2.1772209498468689 0.098411073532824356

2.1772209498468689 0.098411073532824356
2.179390669969731 0.096696059377153226

2.179390669969731 0.096696059377153226
2.1803401775687128 0.095905386250660349

2.1803401775687128 0.095905386250660349
2.1833360856659385 0.09357683165530957

2.1833360856659385 0.09357683165530957
2.1834594052905563 0.093470620787189165

2.1834594052905563 0.093470620787189165
2.1865786330124002 0.091020604781989367

2.1865786330124002 0.091020604781989367
2.1872243698639227 0.090457603933465913

2.1872243698639227 0.090457603933465913
2.1896978607342437 0.088412410604851555

2.1896978607342437 0.088412410604851555
2.1909214643036807 0.087338376211622271

2.1909214643036807 0.087338376211622271
2.1928170884560871 0.085696244425667659

2.1928170884560871 0.085696244425667659
2.1944859640185497 0.084219148489778614

2.1944859640185497 0.084219148489778614
2.1959363161779311 0.082919710595016988

2.1959363161779311 0.082919710595016988
2.1979713437281809 0.081099920767934958

2.1979713437281809 0.081099920767934958
2.1990555438997745 0.080103553023139457

2.1990555438997745 0.080103553023139457
2.2014017303460052 0.077980693046091315

2.2014017303460052 0.077980693046091315
2.2021747716216185 0.077256424187466519

2.2021747716216185 0.077256424187466519
2.2047896194647545 0.074861465324247659

2.2047896194647545 0.074861465324247659
2.2052939993434619 0.074381891125531563

2.2052939993434619 0.074381891125531563
2.208138837689869 0.071742237602404002

2.208138837689869 0.071742237602404002
2.2084132270653054 0.071478153154759139

2.2084132270653054 0.071478153154759139
2.211445863717985 0.068623009880560346

2.211445863717985 0.068623009880560346
2.2115324547871493 0.068538778400401915

2.2115324547871493 0.068538778400401915
2.2146516825089928 0.065552424562596592

2.2146516825089928 0.065552424562596592
2.2147011661132239 0.065503782158716703

2.2147011661132239 0.065503782158716703
2.2177709102308367 0.062505390624947005

2.2177709102308367 0.062505390624947005
2.2178925624045185 0.06238455443687304

2.2178925624045185 0.06238455443687304
2.2208901379526802 0.059395487452192239

2.2208901379526802 0.059395487452192239
2.2210198027651376 0.05926532671502939

2.2210198027651376 0.05926532671502939
2.2240093656745237 0.056218670688252065

2.2240093656745237 0.056218670688252065
2.2240808281958242 0.056146098993185733

2.2240808281958242 0.056146098993185733
2.2270693662252161 0.053026871271342084

2.2270693662252161 0.053026871271342084
2.2271285933963676 0.052965922889572276

2.2271285933963676 0.052965922889572276
2.229995581301536 0.049907643549498434

2.229995581301536 0.049907643549498434
2.2302478211182111 0.049644558100225965

2.2302478211182111 0.049644558100225965
2.2328792186499502 0.046788415827654778

2.2328792186499502 0.046788415827654778
2.233367048840055 0.046272695570615856

2.233367048840055 0.046272695570615856
2.2357344786347784 0.043669188105811128

2.2357344786347784 0.043669188105811128
2.2364862765618985 0.042862196804877351

2.2364862765618985 0.042862196804877351
2.2385679736790545 0.040549960383967479

2.2385679736790545 0.040549960383967479
2.2396055042837419 0.039417029936385732

2.2396055042837419 0.039417029936385732
2.2413828532606592 0.037430732662123822

2.2413828532606592 0.037430732662123822
2.2427247320055859 0.03593870712934398

2.2427247320055859 0.03593870712934398
2.2441789826492324 0.034311504940280173

2.2441789826492324 0.034311504940280173
2.2458439597274293 0.032424903264275003

2.2458439597274293 0.032424903264275003
2.2469472206859011 0.03119227721843652

2.2469472206859011 0.03119227721843652
2.2489631874492733 0.028850410603747406

2.2489631874492733 0.028850410603747406
2.2496590505709184 0.02807304949659287

2.2496590505709184 0.02807304949659287
2.2520824151711167 0.025173406824257494

2.2520824151711167 0.025173406824257494
2.2522792604420494 0.024953821774749217

2.2522792604420494 0.024953821774749217
2.2548284164555286 0.021834594052905568

2.2548284164555286 0.021834594052905568
2.2552016428929602 0.021413280870063247

2.2552016428929602 0.021413280870063247
2.2574287304960086 0.018715366331061915

2.2574287304960086 0.018715366331061915
2.2583208706148041 0.017689736154869216

2.2583208706148041 0.017689736154869216
2.2600764428833231 0.01559613860921826

2.2600764428833231 0.01559613860921826
2.2614400983366476 0.013988687817896927

2.2614400983366476 0.013988687817896927
2.26272323859363 0.012476910887374609

2.26272323859363 0.012476910887374609
2.2645593260584915 0.010232159867673084

2.2645593260584915 0.010232159867673084
2.2653074821930987 0.0093576831655309556

2.2653074821930987 0.0093576831655309556
2.267678553780335 0.0063448147197155049

2.267678553780335 0.0063448147197155049
2.2677704698544265 0.0062384554436873043

2.2677704698544265 0.0062384554436873043
2.2701859580027199 0.0031192277218436517

2.2701859580027199 0.0031192277218436517
2.2707977815021785 0.0023960712402337054

2.2707977815021785 0.0023960712402337054
2.2727000199313903 0

2.2727000199313903 0
2.2739170092240224 -0.0014745684636770229

2.2739170092240224 -0.0014745684636770229
2.2752649533942604 -0.0031192277218436521

2.2752649533942604 -0.0031192277218436521
2.2770362369458659 -0.0053320444525908044

2.2770362369458659 -0.0053320444525908044
2.2777988847420572 -0.0062384554436873043

2.2777988847420572 -0.0062384554436873043
2.2801554646677098 -0.0092575228594333273

2.2801554646677098 -0.0092575228594333273
2.2802419005495378 -0.0093576831655309573

2.2802419005495378 -0.0093576831655309573
2.2826770919744539 -0.012476910887374609

2.2826770919744539 -0.012476910887374609
2.2832746923895533 -0.013172142858248161

2.2832746923895533 -0.013172142858248161
2.2852437067075537 -0.015596138609218262

2.2852437067075537 -0.015596138609218262
2.2863939201113967 -0.016940509098523997

2.2863939201113967 -0.016940509098523997
2.2878958445147553 -0.018715366331061911

2.2878958445147553 -0.018715366331061911
2.2895131478332407 -0.020612198663691312

2.2895131478332407 -0.020612198663691312
2.2905816241411365 -0.021834594052905564

2.2905816241411365 -0.021834594052905564
2.2926323755550841 -0.024239646596911874

2.2926323755550841 -0.024239646596911874
2.2932737714894906 -0.024953821774749217

2.2932737714894906 -0.024953821774749217
2.2957516032769281 -0.027848996950780955

2.2957516032769281 -0.027848996950780955
2.2957516032769281 -0.027848996950780955

2.2957516032769281 -0.027848996950780955
2.2959570897620827 -0.028073049496592867

2.2959570897620827 -0.028073049496592867
2.2986548595396168 -0.03119227721843652

2.2986548595396168 -0.03119227721843652
2.2988708309987715 -0.031424342652368903

2.2988708309987715 -0.031424342652368903
2.3014557101443534 -0.034311504940280173

2.3014557101443534 -0.034311504940280173
2.301990058720615 -0.03487576272521492

2.301990058720615 -0.03487576272521492
2.3043737335633905 -0.037430732662123829

2.3043737335633905 -0.037430732662123829
2.3051092864424589 -0.038190309711132263

2.3051092864424589 -0.038190309711132263
2.3074037682033159 -0.040549960383967479

2.3074037682033159 -0.040549960383967479
2.3082285141643024 -0.041378320987588833

2.3082285141643024 -0.041378320987588833
2.3105536083880254 -0.043669188105811135

2.3105536083880254 -0.043669188105811135
2.3113477418861459 -0.044444109815016966

2.3113477418861459 -0.044444109815016966
2.3138510987573269 -0.046788415827654785

2.3138510987573269 -0.046788415827654785
2.3144669696079898 -0.047369282794002987

2.3144669696079898 -0.047369282794002987
2.317371655923592 -0.049907643549498434

2.317371655923592 -0.049907643549498434
2.3175861973298333 -0.050102965124550224

2.3175861973298333 -0.050102965124550224
2.3175861973298333 -0.050102965124550224

2.3175861973298333 -0.050102965124550224
2.3207054250516772 -0.052633810613301302

2.3207054250516772 -0.052633810613301302
2.3211632140626222 -0.053026871271342091

2.3211632140626222 -0.053026871271342091
2.3238246527735207 -0.055105224403434377

2.3238246527735207 -0.055105224403434377
2.325142247227399 -0.05614609899318574

2.325142247227399 -0.05614609899318574
2.3269438804953642 -0.057523077558523192

2.3269438804953642 -0.057523077558523192
2.3294604397843233 -0.05926532671502939

2.3294604397843233 -0.05926532671502939
2.3300631082172081 -0.059716729991518822

2.3300631082172081 -0.059716729991518822
2.3331823359390516 -0.061636974361900736

2.3331823359390516 -0.061636974361900736
2.3343501867924465 -0.062384554436873046

2.3343501867924465 -0.062384554436873046
2.3363015636608955 -0.063578929298723733

2.3363015636608955 -0.063578929298723733
2.339420791382739 -0.065263068323346163

2.339420791382739 -0.065263068323346163
2.3398445795438194 -0.065503782158716689

2.3398445795438194 -0.065503782158716689
2.3425400191045824 -0.066884246569519093

2.3425400191045824 -0.066884246569519093
2.3456592468264263 -0.06831714081796883

2.3456592468264263 -0.06831714081796883
2.3463297829920573 -0.068623009880560346

2.3463297829920573 -0.068623009880560346
2.3487784745482698 -0.06966693076896921

2.3487784745482698 -0.06966693076896921
2.3518977022701137 -0.070860995008872149

2.3518977022701137 -0.070860995008872149
2.3544333413767364 -0.071742237602403988

2.3544333413767364 -0.071742237602403988
2.3550169299919572 -0.071955687453256478

2.3550169299919572 -0.071955687453256478
2.3581361577138007 -0.072910080117127934

2.3581361577138007 -0.072910080117127934
2.3612553854356446 -0.073762562417623981

2.3612553854356446 -0.073762562417623981
2.3643746131574881 -0.074500835613667035

2.3643746131574881 -0.074500835613667035
2.3661172115269045 -0.074861465324247645

2.3661172115269045 -0.074861465324247645
2.367493840879332 -0.075146936954168311

2.367493840879332 -0.075146936954168311
2.3706130686011755 -0.075680708775863484

2.3706130686011755 -0.075680708775863484
2.373732296323019 -0.076119706681421234

2.373732296323019 -0.076119706681421234
2.3768515240448629 -0.076465739007164524

2.3768515240448629 -0.076465739007164524
2.3799707517667064 -0.076723733282565654

2.3799707517667064 -0.076723733282565654
2.3830899794885503 -0.076898979166838244

2.3830899794885503 -0.076898979166838244
2.3862092072103938 -0.076997680077225655

2.3862092072103938 -0.076997680077225655
2.3893284349322372 -0.077027237985745373

2.3893284349322372 -0.077027237985745373
2.3924476626540812 -0.076994724271795989

2.3924476626540812 -0.076994724271795989
2.3955668903759246 -0.076906333983518857

2.3955668903759246 -0.076906333983518857
2.3986861180977685 -0.076768016895302577

2.3986861180977685 -0.076768016895302577
2.401805345819612 -0.076586533379721961

2.401805345819612 -0.076586533379721961
2.4049245735414555 -0.076367500915173359

2.4049245735414555 -0.076367500915173359
2.4080438012632994 -0.076115134019357988

2.4080438012632994 -0.076115134019357988
2.4111630289851429 -0.075833433200987344

2.4111630289851429 -0.075833433200987344
2.4142822567069868 -0.075525868580290575

2.4142822567069868 -0.075525868580290575
2.4174014844288303 -0.075196143352564138

2.4174014844288303 -0.075196143352564138
2.4203918886953244 -0.074861465324247645

2.4203918886953244 -0.074861465324247645
2.4205207121506738 -0.074846656654563457

2.4205207121506738 -0.074846656654563457
2.4236399398725177 -0.074478105326877153

2.4236399398725177 -0.074478105326877153
2.4267591675943612 -0.074088572831789948

2.4267591675943612 -0.074088572831789948
2.4298783953162051 -0.073679522429651298

2.4298783953162051 -0.073679522429651298
2.4329976230380486 -0.07325187863704212

2.4329976230380486 -0.07325187863704212
2.436116850759892 -0.072807312829904866

2.436116850759892 -0.072807312829904866
2.439236078481736 -0.072349001792532328

2.439236078481736 -0.072349001792532328
2.4423553062035794 -0.07188436723829815

2.4423553062035794 -0.07188436723829815
2.4432753789801773 -0.071742237602403988

2.4432753789801773 -0.071742237602403988
2.4454745339254234 -0.071407748501618587

2.4454745339254234 -0.071407748501618587
2.4485937616472668 -0.070932910526456602

2.4485937616472668 -0.070932910526456602
2.4517129893691103 -0.070458150450465981

2.4517129893691103 -0.070458150450465981
2.4548322170909542 -0.069989359700317916

2.4548322170909542 -0.069989359700317916
2.4579514448127977 -0.069531960615532046

2.4579514448127977 -0.069531960615532046
2.4610706725346416 -0.069091664656974014

2.4610706725346416 -0.069091664656974014
2.4641899002564851 -0.068674204268557956

2.4641899002564851 -0.068674204268557956
2.4645827297443565 -0.068623009880560346

2.4645827297443565 -0.068623009880560346
2.4673091279783286 -0.068276454060095235

2.4673091279783286 -0.068276454060095235
2.4704283557001725 -0.067901200130246323

2.4704283557001725 -0.067901200130246323
2.473547583422016 -0.067545305478757464

2.473547583422016 -0.067545305478757464
2.4766668111438599 -0.067207592940954186

2.4766668111438599 -0.067207592940954186
2.4797860388657034 -0.066886939820016242

2.4797860388657034 -0.066886939820016242
2.4829052665875468 -0.066582102496801604

2.4829052665875468 -0.066582102496801604
2.4860244943093908 -0.066291624489009951

2.4860244943093908 -0.066291624489009951
2.4891437220312342 -0.066014033874905662

2.4891437220312342 -0.066014033874905662
2.4922629497530777 -0.06574910469498188

2.4922629497530777 -0.06574910469498188
2.4953146654370442 -0.065503782158716689

2.4953146654370442 -0.065503782158716689
2.4953821774749216 -0.065498252039785362

2.4953821774749216 -0.065498252039785362
2.4985014051967651 -0.065264074039866948

2.4985014051967651 -0.065264074039866948
2.501620632918609 -0.065048819395337021

2.501620632918609 -0.065048819395337021
2.5047398606404525 -0.064855080541501839

2.5047398606404525 -0.064855080541501839
2.507859088362296 -0.064685013829102189

2.507859088362296 -0.064685013829102189
2.5109783160841399 -0.064540944922259216

2.5109783160841399 -0.064540944922259216
2.5140975438059834 -0.064425566450018817

2.5140975438059834 -0.064425566450018817
2.5172167715278273 -0.06434169277242513

2.5172167715278273 -0.06434169277242513
2.5203359992496708 -0.064291678667678362

2.5203359992496708 -0.064291678667678362
2.5234552269715143 -0.064276828002703637

2.5234552269715143 -0.064276828002703637
2.5265744546933582 -0.064297233618025584

2.5265744546933582 -0.064297233618025584
2.5296936824152016 -0.064352290734098372

2.5296936824152016 -0.064352290734098372
2.5328129101370456 -0.064441299739422794

2.5328129101370456 -0.064441299739422794
2.535932137858889 -0.064563400265941678

2.535932137858889 -0.064563400265941678
2.5390513655807325 -0.064717298089859154

2.5390513655807325 -0.064717298089859154
2.5421705933025764 -0.064901235174261329

2.5421705933025764 -0.064901235174261329
2.5452898210244199 -0.065113146491074664

2.5452898210244199 -0.065113146491074664
2.5484090487462638 -0.065350491517346634

2.5484090487462638 -0.065350491517346634
2.5502202099134239 -0.065503782158716689

2.5502202099134239 -0.065503782158716689
2.5515282764681073 -0.065614984190841982

2.5515282764681073 -0.065614984190841982
2.5546475041899508 -0.065902684114147195

2.5546475041899508 -0.065902684114147195
2.5577667319117947 -0.066217812586694694

2.5577667319117947 -0.066217812586694694
2.5608859596336382 -0.066560092317136763

2.5608859596336382 -0.066560092317136763
2.5640051873554821 -0.066930322613153681

2.5640051873554821 -0.066930322613153681
2.5671244150773256 -0.067329533857488952

2.5671244150773256 -0.067329533857488952
2.5702436427991691 -0.067759618587250492

2.5702436427991691 -0.067759618587250492
2.573362870521013 -0.068222742263038622

2.573362870521013 -0.068222742263038622
2.5758634978551429 -0.068623009880560346

2.5758634978551429 -0.068623009880560346
2.5764820982428565 -0.068724622886962849

2.5764820982428565 -0.068724622886962849
2.5796013259647004 -0.069254917240605368

2.5796013259647004 -0.069254917240605368
2.5827205536865439 -0.069822065185569271

2.5827205536865439 -0.069822065185569271
2.5858397814083873 -0.070425312738609011

2.5858397814083873 -0.070425312738609011
2.5889590091302312 -0.071067307191935811

2.5889590091302312 -0.071067307191935811
2.5920558849548239 -0.071742237602403988

2.5920558849548239 -0.071742237602403988
2.5920782368520747 -0.071747393304569806

2.5920782368520747 -0.071747393304569806
2.5951974645739186 -0.072460967336173854

2.5951974645739186 -0.072460967336173854
2.5983166922957621 -0.073205444832507474

2.5983166922957621 -0.073205444832507474
2.6014359200176056 -0.073978464132530633

2.6014359200176056 -0.073978464132530633
2.6045551477394495 -0.074776229333286606

2.6045551477394495 -0.074776229333286606
2.6048575070149407 -0.074861465324247645

2.6048575070149407 -0.074861465324247645
2.607674375461293 -0.075613747334588921

2.607674375461293 -0.075613747334588921
2.6107936031831369 -0.076475671953664406

2.6107936031831369 -0.076475671953664406
2.6139128309049804 -0.077362205298417641

2.6139128309049804 -0.077362205298417641
2.6159926442127861 -0.077980693046091301

2.6159926442127861 -0.077980693046091301
2.6170320586268239 -0.078298043589903318

2.6170320586268239 -0.078298043589903318
2.6201512863486678 -0.079238755159607738

2.6201512863486678 -0.079238755159607738
2.6232705140705113 -0.080223987004926056

2.6232705140705113 -0.080223987004926056
2.625935902087825 -0.081099920767934958

2.625935902087825 -0.081099920767934958
2.6263897417923552 -0.08125853378757826

2.6263897417923552 -0.08125853378757826
2.6295089695141987 -0.082306988523535421

2.6295089695141987 -0.082306988523535421
2.6326281972360421 -0.083393225338279725

2.6326281972360421 -0.083393225338279725
2.634901386372603 -0.0842191484897786

2.634901386372603 -0.0842191484897786
2.6357474249578861 -0.084540357105639549

2.6357474249578861 -0.084540357105639549
2.6388666526797295 -0.085687846253538646

2.6388666526797295 -0.085687846253538646
2.6419858804015734 -0.086869810067136219

2.6419858804015734 -0.086869810067136219
2.6431254232119628 -0.087338376211622257

2.6431254232119628 -0.087338376211622257
2.6451051081234169 -0.088131398708818517

2.6451051081234169 -0.088131398708818517
2.6482243358452604 -0.089381091757650716

2.6482243358452604 -0.089381091757650716
2.6508101616737543 -0.090457603933465913

2.6508101616737543 -0.090457603933465913
2.6513435635671043 -0.090696286941852416

2.6513435635671043 -0.090696286941852416
2.6544627912889478 -0.092000722927869857

2.6544627912889478 -0.092000722927869857
2.6575820190107917 -0.093328847924940644

2.6575820190107917 -0.093328847924940644
2.6581048670710503 -0.093576831655309556

2.6581048670710503 -0.093576831655309556
2.6607012467326352 -0.094719091162192112

2.6607012467326352 -0.094719091162192112
2.6638204744544787 -0.096079206913628715

2.6638204744544787 -0.096079206913628715
2.6651401474577239 -0.096696059377153212

2.6651401474577239 -0.096696059377153212
2.6669397021763226 -0.097522814435653069

2.6669397021763226 -0.097522814435653069
2.6700589298981661 -0.098907241104232338

2.6700589298981661 -0.098907241104232338
2.6720104492818435 -0.099815287098996869

2.6720104492818435 -0.099815287098996869
2.6731781576200095 -0.10037527204944341

2.6731781576200095 -0.10037527204944341
2.6762973853418535 -0.1017810897288655

2.6762973853418535 -0.1017810897288655
2.6787744830863196 -0.10293451482084051

2.6787744830863196 -0.10293451482084051
2.6794166130636969 -0.10325562399213764

2.6794166130636969 -0.10325562399213764
2.6825358407855409 -0.10468578737389748

2.6825358407855409 -0.10468578737389748
2.6854508823914363 -0.10605374254268417

2.6854508823914363 -0.10605374254268417
2.6856550685073843 -0.10616047175713639

2.6856550685073843 -0.10616047175713639
2.6887742962292278 -0.10761907143175338

2.6887742962292278 -0.10761907143175338
2.6918935239510717 -0.10908414888602629

2.6918935239510717 -0.10908414888602629
2.6920610369862361 -0.10917297026452782

2.6920610369862361 -0.10917297026452782
2.6950127516729152 -0.11057278882585607

2.6950127516729152 -0.11057278882585607
2.6981319793947591 -0.11203344201335172

2.6981319793947591 -0.11203344201335172
2.6986299066061914 -0.11229219798637147

2.6986299066061914 -0.11229219798637147
2.7012512071166026 -0.11354374557074529

2.7012512071166026 -0.11354374557074529
2.7043704348384461 -0.11499452034244587

2.7043704348384461 -0.11499452034244587
2.7051985935828999 -0.11541142570821512

2.7051985935828999 -0.11541142570821512
2.70748966256029 -0.1164997794714962

2.70748966256029 -0.1164997794714962
2.7106088902821335 -0.11791739688782227

2.7106088902821335 -0.11791739688782227
2.7118960222530433 -0.11853065343005878

2.7118960222530433 -0.11853065343005878
2.7137281180039774 -0.11938471969623389

2.7137281180039774 -0.11938471969623389
2.7168473457258209 -0.12075177898437578

2.7168473457258209 -0.12075177898437578
2.7188747011239673 -0.12164988115190242

2.7188747011239673 -0.12164988115190242
2.7199665734476643 -0.12214940742321558

2.7199665734476643 -0.12214940742321558
2.7230858011695083 -0.12344921582026909

2.7230858011695083 -0.12344921582026909
2.7262050288913517 -0.12472226243836337

2.7262050288913517 -0.12472226243836337
2.7263128616185801 -0.12476910887374608

2.7263128616185801 -0.12476910887374608
2.7293242566131957 -0.12595481270554218

2.7293242566131957 -0.12595481270554218
2.7324434843350391 -0.12712180874428972

2.7324434843350391 -0.12712180874428972
2.7345572531358622 -0.12788833659558974

2.7345572531358622 -0.12788833659558974
2.7355627120568826 -0.12826420674497252

2.7355627120568826 -0.12826420674497252
2.7386819397787265 -0.12931194615282848

2.7386819397787265 -0.12931194615282848
2.74180116750057 -0.13031155485529167

2.74180116750057 -0.13031155485529167
2.7440887788260362 -0.13100756431743338

2.7440887788260362 -0.13100756431743338
2.7449203952224139 -0.13126923251219452

2.7449203952224139 -0.13126923251219452
2.7480396229442574 -0.13213967887546005

2.7480396229442574 -0.13213967887546005
2.7511588506661009 -0.13295635420824631

2.7511588506661009 -0.13295635420824631
2.7542780783879448 -0.13370918235613627

2.7542780783879448 -0.13370918235613627
2.7561221872629478 -0.13412679203927705

2.7561221872629478 -0.13412679203927705
2.7573973061097883 -0.134417843170278

2.7573973061097883 -0.134417843170278
2.7605165338316322 -0.13504966145758529

2.7605165338316322 -0.13504966145758529
2.7636357615534757 -0.13562313545081392

2.7636357615534757 -0.13562313545081392
2.7667549892753192 -0.13613315018411712

2.7667549892753192 -0.13613315018411712
2.7698742169971631 -0.13657952655859135

2.7698742169971631 -0.13657952655859135
2.7729934447190066 -0.13696206711841238

2.7729934447190066 -0.13696206711841238
2.7757616573449715 -0.13724601976112069

2.7757616573449715 -0.13724601976112069
2.7761126724408505 -0.13728266236798187

2.7761126724408505 -0.13728266236798187
2.7792319001626939 -0.13753911572423858

2.7792319001626939 -0.13753911572423858
2.7823511278845374 -0.13773376544500282

2.7823511278845374 -0.13773376544500282
2.7854703556063813 -0.1378677648169464

2.7854703556063813 -0.1378677648169464
2.7885895833282248 -0.13794326310738494

2.7885895833282248 -0.13794326310738494
2.7917088110500687 -0.13796258027596656

2.7917088110500687 -0.13796258027596656
2.7948280387719122 -0.13792851509631282

2.7948280387719122 -0.13792851509631282
2.7979472664937557 -0.13784463222811982

2.7979472664937557 -0.13784463222811982
2.8010664942155996 -0.13771495546921689

2.8010664942155996 -0.13771495546921689
2.8041857219374431 -0.13754382310969096

2.8041857219374431 -0.13754382310969096
2.807304949659287 -0.13733669243098606

2.807304949659287 -0.13733669243098606
2.8084702928933933 -0.13724601976112069

2.8084702928933933 -0.13724601976112069
2.8104241773811305 -0.13709453888651185

2.8104241773811305 -0.13709453888651185
2.813543405102974 -0.13682317875740244

2.813543405102974 -0.13682317875740244
2.8166626328248179 -0.13652436302077994

2.8166626328248179 -0.13652436302077994
2.8197818605466614 -0.13620292759475028

2.8197818605466614 -0.13620292759475028
2.8229010882685053 -0.135862686786937

2.8229010882685053 -0.135862686786937
2.8260203159903488 -0.13550681859485605

2.8260203159903488 -0.13550681859485605
2.8291395437121922 -0.13513834497434188

2.8291395437121922 -0.13513834497434188
2.8322587714340361 -0.13476050789725816

2.8322587714340361 -0.13476050789725816
2.8353779991558796 -0.13437795754855064

2.8353779991558796 -0.13437795754855064
2.8374001688193862 -0.13412679203927705

2.8374001688193862 -0.13412679203927705
2.8384972268777231 -0.1339892564888685

2.8384972268777231 -0.1339892564888685
2.841616454599567 -0.13360311368466657

2.841616454599567 -0.13360311368466657
2.8447356823214105 -0.13321360376489924

2.8447356823214105 -0.13321360376489924
2.8478549100432544 -0.13282442695722496

2.8478549100432544 -0.13282442695722496
2.8509741377650979 -0.132437373601241

2.8509741377650979 -0.132437373601241
2.8540933654869414 -0.13205388145176158

2.8540933654869414 -0.13205388145176158
2.8572125932087853 -0.13167514045262885

2.8572125932087853 -0.13167514045262885
2.8603318209306288 -0.13130265450263398

2.8603318209306288 -0.13130265450263398
2.8628482154532313 -0.13100756431743338

2.8628482154532313 -0.13100756431743338
2.8634510486524727 -0.13093560076497854

2.8634510486524727 -0.13093560076497854
2.8665702763743162 -0.13057964917235421

2.8665702763743162 -0.13057964917235421
2.8696895040961596 -0.1302309519900752

2.8696895040961596 -0.1302309519900752
2.8728087318180036 -0.12989214359746434

2.8728087318180036 -0.12989214359746434
2.875927959539847 -0.1295654992858091

2.875927959539847 -0.1295654992858091
2.879047187261691 -0.12925351895608742

2.879047187261691 -0.12925351895608742
2.8821664149835344 -0.1289579677687607

2.8821664149835344 -0.1289579677687607
2.8852856427053779 -0.12868029604116601

2.8852856427053779 -0.12868029604116601
2.8884048704272218 -0.12842291327934161

2.8884048704272218 -0.12842291327934161
2.8915240981490653 -0.12818920585232177

2.8915240981490653 -0.12818920585232177
2.8946433258709092 -0.12798216851168601

2.8946433258709092 -0.12798216851168601
2.8962614394412318 -0.12788833659558974

2.8962614394412318 -0.12788833659558974
2.8977625535927527 -0.12780133732913318

2.8977625535927527 -0.12780133732913318
2.9008817813145962 -0.12764805170773771

2.9008817813145962 -0.12764805170773771
2.9040010090364401 -0.12752056786910826

2.9040010090364401 -0.12752056786910826
2.9071202367582836 -0.12741978110029861

2.9071202367582836 -0.12741978110029861
2.9102394644801275 -0.12734644916616772

2.9102394644801275 -0.12734644916616772
2.913358692201971 -0.12729995607814928

2.913358692201971 -0.12729995607814928
2.9164779199238144 -0.12727772210179861

2.9164779199238144 -0.12727772210179861
2.9195971476456584 -0.12727698060784723

2.9195971476456584 -0.12727698060784723
2.9227163753675018 -0.12729703465186559

2.9227163753675018 -0.12729703465186559
2.9258356030893458 -0.12733868133753731

2.9258356030893458 -0.12733868133753731
2.9289548308111892 -0.12740250527165628

2.9289548308111892 -0.12740250527165628
2.9320740585330327 -0.12748733647572227

2.9320740585330327 -0.12748733647572227
2.9351932862548766 -0.127591102598164

2.9351932862548766 -0.127591102598164
2.9383125139767201 -0.12771415067370212

2.9383125139767201 -0.12771415067370212
2.941431741698564 -0.12785823328880205

2.941431741698564 -0.12785823328880205
2.9419945277702642 -0.12788833659558974

2.9419945277702642 -0.12788833659558974
2.9445509694204075 -0.12802403061056447

2.9445509694204075 -0.12802403061056447
2.947670197142251 -0.12821159191037793

2.947670197142251 -0.12821159191037793
2.9507894248640949 -0.12842435293399226

2.9507894248640949 -0.12842435293399226
2.9539086525859384 -0.12866373781873672

2.9539086525859384 -0.12866373781873672
2.9570278803077823 -0.12893022923465017

2.9570278803077823 -0.12893022923465017
2.9601471080296258 -0.12922412172003764

2.9601471080296258 -0.12922412172003764
2.9632663357514692 -0.12954660604726484

2.9632663357514692 -0.12954660604726484
2.9663855634733132 -0.12989828160735736

2.9663855634733132 -0.12989828160735736
2.9695047911951566 -0.13027774507806303

2.9695047911951566 -0.13027774507806303
2.9726240189170006 -0.13068167635033359

2.9726240189170006 -0.13068167635033359
2.9749959756521509 -0.13100756431743338

2.9749959756521509 -0.13100756431743338
2.975743246638844 -0.13111220174520488

2.975743246638844 -0.13111220174520488
2.9788624743606875 -0.13155968912529187

2.9788624743606875 -0.13155968912529187
2.9819817020825314 -0.13202860711691683

2.9819817020825314 -0.13202860711691683
2.9851009298043749 -0.13251344312147026

2.9851009298043749 -0.13251344312147026
2.9882201575262188 -0.13301121325753357

2.9882201575262188 -0.13301121325753357
2.9913393852480623 -0.13351903477299809

2.9913393852480623 -0.13351903477299809
2.9944586129699058 -0.13403237894802766

2.9944586129699058 -0.13403237894802766
2.9950066948868037 -0.13412679203927705

2.9950066948868037 -0.13412679203927705
2.9975778406917497 -0.13455773541815169

2.9975778406917497 -0.13455773541815169
3.0006970684135932 -0.13508487101866071

3.0006970684135932 -0.13508487101866071
3.0038162961354371 -0.13561832285889211

3.0038162961354371 -0.13561832285889211
3.0069355238572806 -0.13615535102455564

3.0069355238572806 -0.13615535102455564
3.0100547515791241 -0.13669571942932787

3.0100547515791241 -0.13669571942932787
3.013173979300968 -0.1372395957756343

3.013173979300968 -0.1372395957756343
3.0132089701002633 -0.13724601976112069

3.0132089701002633 -0.13724601976112069
3.0162932070228115 -0.13778803481372431

3.0162932070228115 -0.13778803481372431
3.0194124347446549 -0.13833958948407121

3.0194124347446549 -0.13833958948407121
3.0225316624664988 -0.1388930535754859

3.0225316624664988 -0.1388930535754859
3.0256508901883423 -0.13944681275160753

3.0256508901883423 -0.13944681275160753
3.0287701179101862 -0.13999812725879332

3.0287701179101862 -0.13999812725879332
3.0308383396116421 -0.14036524748296433

3.0308383396116421 -0.14036524748296433
3.0318893456320297 -0.1405545142941623

3.0318893456320297 -0.1405545142941623
3.0350085733538732 -0.14109584201070416

3.0350085733538732 -0.14109584201070416
3.0381278010757171 -0.14163169292045261

3.0381278010757171 -0.14163169292045261
3.0412470287975606 -0.14215542543380108

3.0412470287975606 -0.14215542543380108
3.0443662565194045 -0.14266428003626355

3.0443662565194045 -0.14266428003626355
3.047485484241248 -0.1431550545852055

3.047485484241248 -0.1431550545852055
3.0496532277880828 -0.143484475204808

3.0496532277880828 -0.143484475204808
3.0506047119630915 -0.14363111040337453

3.0506047119630915 -0.14363111040337453
3.0537239396849354 -0.14407738968610401

3.0537239396849354 -0.14407738968610401
3.0568431674067789 -0.14450088303710429

3.0568431674067789 -0.14450088303710429
3.0599623951286228 -0.14489811051795157

3.0599623951286228 -0.14489811051795157
3.0630816228504663 -0.14526829471924804

3.0630816228504663 -0.14526829471924804
3.0662008505723097 -0.14561074736171922

3.0662008505723097 -0.14561074736171922
3.0693200782941537 -0.14592483509050003

3.0693200782941537 -0.14592483509050003
3.0724393060159971 -0.14620995367376036

3.0724393060159971 -0.14620995367376036
3.075558533737841 -0.14646555455842389

3.075558533737841 -0.14646555455842389
3.0774603262449163 -0.14660370292665165

3.0774603262449163 -0.14660370292665165
3.0786777614596845 -0.14669237994058615

3.0786777614596845 -0.14669237994058615
3.081796989181528 -0.14688517462670239

3.081796989181528 -0.14688517462670239
3.0849162169033719 -0.14704468040179317

3.0849162169033719 -0.14704468040179317
3.0880354446252154 -0.14716947898098426

3.0880354446252154 -0.14716947898098426
3.0911546723470593 -0.14725872700104117

3.0911546723470593 -0.14725872700104117
3.0942739000689028 -0.1473126599992084

3.0942739000689028 -0.1473126599992084
3.0973931277907463 -0.14733221241323921

3.0973931277907463 -0.14733221241323921
3.1005123555125902 -0.14731859917412021

3.1005123555125902 -0.14731859917412021
3.1036315832344337 -0.14727325305055425

3.1036315832344337 -0.14727325305055425
3.1067508109562776 -0.14719791959867284

3.1067508109562776 -0.14719791959867284
3.1098700386781211 -0.14709456140933092

3.1098700386781211 -0.14709456140933092
3.1129892663999645 -0.14696503725866189

3.1129892663999645 -0.14696503725866189
3.1161084941218085 -0.14681093350498264

3.1161084941218085 -0.14681093350498264
3.1192277218436519 -0.14663381069681208

3.1192277218436519 -0.14663381069681208
3.1196917743274835 -0.14660370292665165

3.1196917743274835 -0.14660370292665165
3.1223469495654959 -0.14643322127805869

3.1223469495654959 -0.14643322127805869
3.1254661772873393 -0.14621093308639785

3.1254661772873393 -0.14621093308639785
3.1285854050091828 -0.14596717449577729

3.1285854050091828 -0.14596717449577729
3.1317046327310267 -0.14570298609609569

3.1317046327310267 -0.14570298609609569
3.1348238604528702 -0.14541934670900106

3.1348238604528702 -0.14541934670900106
3.1379430881747141 -0.14511707315950789

3.1379430881747141 -0.14511707315950789
3.1410623158965576 -0.14479667342358862

3.1410623158965576 -0.14479667342358862
3.1441815436184011 -0.1444586270835144

3.1441815436184011 -0.1444586270835144
3.147300771340245 -0.1441038593791138

3.147300771340245 -0.1441038593791138
3.1504199990620885 -0.14373480454139792

3.1504199990620885 -0.14373480454139792
3.1524471252211952 -0.143484475204808

3.1524471252211952 -0.143484475204808
3.1535392267839324 -0.14334827756976781

3.1535392267839324 -0.14334827756976781
3.1566584545057759 -0.14295332384731921

3.1566584545057759 -0.14295332384731921
3.1597776822276193 -0.14254542874032436

3.1597776822276193 -0.14254542874032436
3.1628969099494633 -0.14212915533445236

3.1628969099494633 -0.14212915533445236
3.1660161376713067 -0.14170736194223543

3.1660161376713067 -0.14170736194223543
3.1691353653931507 -0.1412828624635917

3.1691353653931507 -0.1412828624635917
3.1722545931149941 -0.14085831209374036

3.1722545931149941 -0.14085831209374036
3.1753738208368376 -0.14043769695073813

3.1753738208368376 -0.14043769695073813
3.1759007687176015 -0.14036524748296433

3.1759007687176015 -0.14036524748296433
3.1784930485586815 -0.140016818627967

3.1784930485586815 -0.140016818627967
3.181612276280525 -0.13960223744118788

3.181612276280525 -0.13960223744118788
3.1847315040023689 -0.13919223195772443

3.1847315040023689 -0.13919223195772443
3.1878507317242124 -0.13878817309075378

3.1878507317242124 -0.13878817309075378
3.1909699594460559 -0.13839134786910376

3.1909699594460559 -0.13839134786910376
3.1940891871678998 -0.13819492816479623

