3.1940891871678998 0.10440507221033665
3.1909699594460559 0.10454753746462853

3.1909699594460559 0.10454753746462853
3.1878507317242124 0.10483258212242044

3.1878507317242124 0.10483258212242044
3.1847315040023689 0.10511750949516574

3.1847315040023689 0.10511750949516574
3.181612276280525 0.10540153681267338

3.181612276280525 0.10540153681267338
3.1784930485586815 0.10568387525247271

3.1784930485586815 0.10568387525247271
3.1753738208368376 0.10596262048447994

3.1753738208368376 0.10596262048447994
3.1743579002118869 0.10605374254268418

3.1743579002118869 0.10605374254268418
3.1722545931149941 0.10624091720014758

3.1722545931149941 0.10624091720014758
3.1691353653931507 0.10651410701289811

3.1691353653931507 0.10651410701289811
3.1660161376713067 0.10678277061868235

3.1660161376713067 0.10678277061868235
3.1628969099494633 0.10704626685708421

3.1628969099494633 0.10704626685708421
3.1597776822276193 0.10730458902225244

3.1597776822276193 0.10730458902225244
3.1566584545057759 0.10755721323889735

3.1566584545057759 0.10755721323889735
3.1535392267839324 0.10780415728305705

3.1535392267839324 0.10780415728305705
3.1504199990620885 0.10804563157042572

3.1504199990620885 0.10804563157042572
3.147300771340245 0.10828165988879601

3.147300771340245 0.10828165988879601
3.1441815436184011 0.10851257206694725

3.1441815436184011 0.10851257206694725
3.1410623158965576 0.10873880354491683

3.1410623158965576 0.10873880354491683
3.1379430881747141 0.10896081216279897

3.1379430881747141 0.10896081216279897
3.1349221869431836 0.10917297026452782

3.1349221869431836 0.10917297026452782
3.1348238604528702 0.10917999067529728

3.1348238604528702 0.10917999067529728
3.1317046327310267 0.10939822147302161

3.1317046327310267 0.10939822147302161
3.1285854050091828 0.10961726265468404

3.1285854050091828 0.10961726265468404
3.1254661772873393 0.10983505786267121

3.1254661772873393 0.10983505786267121
3.1223469495654959 0.11005042610170697

3.1223469495654959 0.11005042610170697
3.1192277218436519 0.11026377321874652

3.1192277218436519 0.11026377321874652
3.1161084941218085 0.1104732974565434

3.1161084941218085 0.1104732974565434
3.1129892663999645 0.11067789950154623

3.1129892663999645 0.11067789950154623
3.1098700386781211 0.11087752615703798

3.1098700386781211 0.11087752615703798
3.1067508109562776 0.11107119558444691

3.1067508109562776 0.11107119558444691
3.1036315832344337 0.11125797813579086

3.1036315832344337 0.11125797813579086
3.1005123555125902 0.11143739605749525

3.1005123555125902 0.11143739605749525
3.0973931277907463 0.11160876050439883

3.0973931277907463 0.11160876050439883
3.0942739000689028 0.11177150752828061

3.0942739000689028 0.11177150752828061
3.0911546723470593 0.11192544435283819

3.0911546723470593 0.11192544435283819
3.0880354446252154 0.11207052713447463

3.0880354446252154 0.11207052713447463
3.0849162169033719 0.1122069411174329

3.0849162169033719 0.1122069411174329
3.0828809119921785 0.11229219798637148

3.0828809119921785 0.11229219798637148
3.081796989181528 0.11233774091997208

3.081796989181528 0.11233774091997208
3.0786777614596845 0.11246458585134955

3.0786777614596845 0.11246458585134955
3.075558533737841 0.11258941746933768

3.075558533737841 0.11258941746933768
3.0724393060159971 0.11271227145969884

3.0724393060159971 0.11271227145969884
3.0693200782941537 0.11283404505157175

3.0693200782941537 0.11283404505157175
3.0662008505723097 0.11295597152170223

3.0662008505723097 0.11295597152170223
3.0630816228504663 0.11307814058419197

3.0630816228504663 0.11307814058419197
3.0599623951286228 0.11320112281676416

3.0599623951286228 0.11320112281676416
3.0568431674067789 0.11332447981323777

3.0568431674067789 0.11332447981323777
3.0537239396849354 0.11344736910795361

3.0537239396849354 0.11344736910795361
3.0506047119630915 0.11356877947076523

3.0506047119630915 0.11356877947076523
3.047485484241248 0.11368695159580981

3.047485484241248 0.11368695159580981
3.0443662565194045 0.11380024461333878

3.0443662565194045 0.11380024461333878
3.0412470287975606 0.11390709803176967

3.0412470287975606 0.11390709803176967
3.0381278010757171 0.11400579182396424

3.0381278010757171 0.11400579182396424
3.0350085733538732 0.11409502816997759

3.0350085733538732 0.11409502816997759
3.0318893456320297 0.11417391317580389

3.0318893456320297 0.11417391317580389
3.0287701179101862 0.11424173932608837

3.0287701179101862 0.11424173932608837
3.0256508901883423 0.11429825233909435

3.0256508901883423 0.11429825233909435
3.0225316624664988 0.11434373566480166

3.0225316624664988 0.11434373566480166
3.0194124347446549 0.11437883479342602

3.0194124347446549 0.11437883479342602
3.0162932070228115 0.11440448717386531

3.0162932070228115 0.11440448717386531
3.013173979300968 0.11442188577999594

3.013173979300968 0.11442188577999594
3.0100547515791241 0.11443236539609875

3.0100547515791241 0.11443236539609875
3.0069355238572806 0.11443730903788761

3.0069355238572806 0.11443730903788761
3.0038162961354371 0.11443807095531897

3.0038162961354371 0.11443807095531897
3.0006970684135932 0.11443586109773952

3.0006970684135932 0.11443586109773952
2.9975778406917497 0.11443162307481473

2.9975778406917497 0.11443162307481473
2.9944586129699058 0.1144259655673148

2.9944586129699058 0.1144259655673148
2.9913393852480623 0.11441915796132586

2.9913393852480623 0.11441915796132586
2.9882201575262188 0.11441114606539877

2.9882201575262188 0.11441114606539877
2.9851009298043749 0.11440153380538942

2.9851009298043749 0.11440153380538942
2.9819817020825314 0.11438952852521239

2.9819817020825314 0.11438952852521239
2.9788624743606875 0.11437391903068778

2.9788624743606875 0.11437391903068778
2.975743246638844 0.11435316468261293

2.975743246638844 0.11435316468261293
2.9726240189170006 0.11432560022445687

2.9726240189170006 0.11432560022445687
2.9695047911951566 0.11428967126267375

2.9695047911951566 0.11428967126267375
2.9663855634733132 0.11424408673277174

2.9663855634733132 0.11424408673277174
2.9632663357514692 0.1141878435444883

2.9632663357514692 0.1141878435444883
2.9601471080296258 0.11412017313888188

2.9601471080296258 0.11412017313888188
2.9570278803077823 0.1140405287037646

2.9570278803077823 0.1140405287037646
2.9539086525859384 0.11394862557825572

2.9539086525859384 0.11394862557825572
2.9507894248640949 0.11384457976764013

2.9507894248640949 0.11384457976764013
2.947670197142251 0.11372899918111284

2.947670197142251 0.11372899918111284
2.9445509694204075 0.11360280463750178

2.9445509694204075 0.11360280463750178
2.941431741698564 0.11346703493152741

2.941431741698564 0.11346703493152741
2.9383125139767201 0.11332273778218613

2.9383125139767201 0.11332273778218613
2.9351932862548766 0.11317090404046287

2.9351932862548766 0.11317090404046287
2.9320740585330327 0.11301245715761624

2.9320740585330327 0.11301245715761624
2.9289548308111892 0.11284821901550172

2.9289548308111892 0.11284821901550172
2.9258356030893458 0.1126787777335326

2.9258356030893458 0.1126787777335326
2.9227163753675018 0.11250429668894255

2.9227163753675018 0.11250429668894255
2.9195971476456584 0.11232475636552876

2.9195971476456584 0.11232475636552876
2.9190561058401419 0.11229219798637148

2.9190561058401419 0.11229219798637148
2.9164779199238144 0.11213852079867714

2.9164779199238144 0.11213852079867714
2.913358692201971 0.11194595161592863

2.913358692201971 0.11194595161592863
2.9102394644801275 0.11174525354111171

2.9102394644801275 0.11174525354111171
2.9071202367582836 0.1115349669870085

2.9071202367582836 0.1115349669870085
2.9040010090364401 0.1113135672872089

2.9040010090364401 0.1113135672872089
2.9008817813145962 0.11107957677848394

2.9008817813145962 0.11107957677848394
2.8977625535927527 0.11083163628920742

2.8977625535927527 0.11083163628920742
2.8946433258709092 0.11056891317947282

2.8946433258709092 0.11056891317947282
2.8915240981490653 0.11029103288501474

2.8915240981490653 0.11029103288501474
2.8884048704272218 0.10999782694080541

2.8884048704272218 0.10999782694080541
2.8852856427053779 0.109689336916987

2.8852856427053779 0.109689336916987
2.8821664149835344 0.10936628014905705

2.8821664149835344 0.10936628014905705
2.880398289793674 0.10917297026452782

2.880398289793674 0.10917297026452782
2.879047187261691 0.10902462347107818

2.879047187261691 0.10902462347107818
2.875927959539847 0.10867236991441626

2.875927959539847 0.10867236991441626
2.8728087318180036 0.10830501819535

2.8728087318180036 0.10830501819535
2.8696895040961596 0.10792400584502508

2.8696895040961596 0.10792400584502508
2.8665702763743162 0.1075290218888665

2.8665702763743162 0.1075290218888665
2.8634510486524727 0.10711964631656447

2.8634510486524727 0.10711964631656447
2.8603318209306288 0.10669558250829342

2.8603318209306288 0.10669558250829342
2.8572125932087853 0.10625870288410712

2.8572125932087853 0.10625870288410712
2.8558218574140506 0.10605374254268418

2.8558218574140506 0.10605374254268418
2.8540933654869414 0.10579985332079898

2.8540933654869414 0.10579985332079898
2.8509741377650979 0.105330558861292

2.8509741377650979 0.105330558861292
2.8478549100432544 0.10484150658059689

2.8478549100432544 0.10484150658059689
2.8447356823214105 0.10433302669195153

2.8447356823214105 0.10433302669195153
2.841616454599567 0.10380447793511428

2.841616454599567 0.10380447793511428
2.8384972268777231 0.10325799174376711

2.8384972268777231 0.10325799174376711
2.8367447209031265 0.10293451482084053

2.8367447209031265 0.10293451482084053
2.8353779991558796 0.1026805700224746

2.8353779991558796 0.1026805700224746
2.8322587714340361 0.10209138761406798

2.8322587714340361 0.10209138761406798
2.8291395437121922 0.101475701480526

2.8291395437121922 0.101475701480526
2.8260203159903488 0.10083734562402992

2.8260203159903488 0.10083734562402992
2.8229010882685053 0.10018103713997385

2.8229010882685053 0.10018103713997385
2.8212500544326864 0.099815287098996869

2.8212500544326864 0.099815287098996869
2.8197818605466614 0.099488689950005288

2.8197818605466614 0.099488689950005288
2.8166626328248179 0.098789630689849056

2.8166626328248179 0.098789630689849056
2.813543405102974 0.09806403744853151

2.813543405102974 0.09806403744853151
2.8104241773811305 0.097318062615115122

2.8104241773811305 0.097318062615115122
2.8079077304735578 0.096696059377153226

2.8079077304735578 0.096696059377153226
2.807304949659287 0.096541049561293529

2.807304949659287 0.096541049561293529
2.8041857219374431 0.095756381915418243

2.8041857219374431 0.095756381915418243
2.8010664942155996 0.094943108760262518

2.8010664942155996 0.094943108760262518
2.7979472664937557 0.094111175970949618

2.7979472664937557 0.094111175970949618
2.7960316375508478 0.09357683165530957

2.7960316375508478 0.09357683165530957
2.7948280387719122 0.093235323747672877

2.7948280387719122 0.093235323747672877
2.7917088110500687 0.09235856039826687

2.7917088110500687 0.09235856039826687
2.7885895833282248 0.091446291322750214

2.7885895833282248 0.091446291322750214
2.7854703556063813 0.090508879199563977

2.7854703556063813 0.090508879199563977
2.7853167523397908 0.090457603933465913

2.7853167523397908 0.090457603933465913
2.7823511278845374 0.089535863292779752

2.7823511278845374 0.089535863292779752
2.7792319001626939 0.088538469034981027

2.7792319001626939 0.088538469034981027
2.7761126724408505 0.087522027710469838

2.7761126724408505 0.087522027710469838
2.7756029045377271 0.087338376211622271

2.7756029045377271 0.087338376211622271
2.7729934447190066 0.08645087930875095

2.7729934447190066 0.08645087930875095
2.7698742169971631 0.085363789050214606

2.7698742169971631 0.085363789050214606
2.7667549892753192 0.084249151661082572

2.7667549892753192 0.084249151661082572
2.7666802628134084 0.084219148489778614

2.7666802628134084 0.084219148489778614
2.7636357615534757 0.083102157560607404

2.7636357615534757 0.083102157560607404
2.7605165338316322 0.081936873143375277

2.7605165338316322 0.081936873143375277
2.7583636577996722 0.081099920767934958

2.7583636577996722 0.081099920767934958
2.7573973061097883 0.08070932163651616

2.7573973061097883 0.08070932163651616
2.7542780783879448 0.079498904805618636

2.7542780783879448 0.079498904805618636
2.7511588506661009 0.078266320072025622

2.7511588506661009 0.078266320072025622
2.7505037837106054 0.077980693046091315

2.7505037837106054 0.077980693046091315
2.7480396229442574 0.07696899499717301

2.7480396229442574 0.07696899499717301
2.7449203952224139 0.075682988340419005

2.7449203952224139 0.075682988340419005
2.7430273783396868 0.074861465324247659

2.7430273783396868 0.074861465324247659
2.74180116750057 0.074316004059142585

2.74180116750057 0.074316004059142585
2.7386819397787265 0.072979116611216255

2.7386819397787265 0.072979116611216255
2.7359074015113367 0.071742237602404002

2.7359074015113367 0.071742237602404002
2.7355627120568826 0.071573726172684413

2.7355627120568826 0.071573726172684413
2.7324434843350391 0.070167085729751263

2.7324434843350391 0.070167085729751263
2.7293242566131957 0.068720449521511393

2.7293242566131957 0.068720449521511393
2.7291423946983784 0.068623009880560346

2.7291423946983784 0.068623009880560346
2.7262050288913517 0.067213362518652411

2.7262050288913517 0.067213362518652411
2.7230858011695083 0.065697502281790554

2.7230858011695083 0.065697502281790554
2.7227395131846781 0.065503782158716703

2.7227395131846781 0.065503782158716703
2.7199665734476643 0.064102410186340442

2.7199665734476643 0.064102410186340442
2.7168473457258209 0.062504384201921934

2.7168473457258209 0.062504384201921934
2.7166470594467271 0.06238455443687304

2.7166470594467271 0.06238455443687304
2.7137281180039774 0.060836053148448026

2.7137281180039774 0.060836053148448026
2.7108409196580023 0.05926532671502939

2.7108409196580023 0.05926532671502939
2.7106088902821335 0.059122376637899855

2.7106088902821335 0.059122376637899855
2.70748966256029 0.057421158508700394

2.70748966256029 0.057421158508700394
2.7052653576730359 0.056146098993185733

2.7052653576730359 0.056146098993185733
2.7043704348384461 0.055598793929785367

2.7043704348384461 0.055598793929785367
2.7012512071166026 0.053873273797791721

2.7012512071166026 0.053873273797791721
2.699878247474278 0.053026871271342084

2.699878247474278 0.053026871271342084
2.6981319793947591 0.051968241546273677

2.6981319793947591 0.051968241546273677
2.6950127516729152 0.050161209988299045

2.6950127516729152 0.050161209988299045
2.6946378243459601 0.049907643549498434

2.6946378243459601 0.049907643549498434
2.6918935239510717 0.048250458584264452

2.6918935239510717 0.048250458584264452
2.6895380732176015 0.046788415827654778

2.6895380732176015 0.046788415827654778
2.6887742962292278 0.046273497065519746

2.6887742962292278 0.046273497065519746
2.6856550685073843 0.044416907866375095

2.6856550685073843 0.044416907866375095
2.6845492542060154 0.043669188105811128

2.6845492542060154 0.043669188105811128
2.6825358407855409 0.042369171785566061

2.6825358407855409 0.042369171785566061
2.6796783759089551 0.040549960383967479

2.6796783759089551 0.040549960383967479
2.6794166130636969 0.040360829117744933

2.6794166130636969 0.040360829117744933
2.6762973853418535 0.038397323077427485

2.6762973853418535 0.038397323077427485
2.6749119960850551 0.037430732662123822

2.6749119960850551 0.037430732662123822
2.6731781576200095 0.036242013187384736

2.6731781576200095 0.036242013187384736
2.670268989626138 0.034311504940280173

2.670268989626138 0.034311504940280173
2.6700589298981661 0.034153158226156548

2.6700589298981661 0.034153158226156548
2.6669397021763226 0.032096572851711268

2.6669397021763226 0.032096572851711268
2.6657136685859339 0.03119227721843652

2.6657136685859339 0.03119227721843652
2.6638204744544787 0.029840585985327975

2.6638204744544787 0.029840585985327975
2.6613156498480621 0.02807304949659287

2.6613156498480621 0.02807304949659287
2.6607012467326352 0.027597627715214238

2.6607012467326352 0.027597627715214238
2.6575820190107917 0.025469445986837421

2.6575820190107917 0.025469445986837421
2.6569246563558284 0.024953821774749217

2.6569246563558284 0.024953821774749217
2.6544627912889478 0.023170010538160275

2.6544627912889478 0.023170010538160275
2.6527137294336827 0.021834594052905568

2.6527137294336827 0.021834594052905568
2.6513435635671043 0.020766805496009833

2.6513435635671043 0.020766805496009833
2.6485512538634657 0.018715366331061915

2.6485512538634657 0.018715366331061915
2.6482243358452604 0.018448904058100915

2.6482243358452604 0.018448904058100915
2.6451051081234169 0.016204887578362564

2.6451051081234169 0.016204887578362564
2.6443543718453317 0.01559613860921826

2.6443543718453317 0.01559613860921826
2.6419858804015734 0.013801355181422876

2.6419858804015734 0.013801355181422876
2.6403151584587841 0.012476910887374609

2.6403151584587841 0.012476910887374609
2.6388666526797295 0.011315230608856548

2.6388666526797295 0.011315230608856548
2.6362993814441666 0.0093576831655309556

2.6362993814441666 0.0093576831655309556
2.6357474249578861 0.0089007533209378119

2.6357474249578861 0.0089007533209378119
2.6326281972360421 0.00661008807564137

2.6326281972360421 0.00661008807564137
2.632179899973186 0.0062384554436873043

2.632179899973186 0.0062384554436873043
2.6295089695141987 0.0042087715761741883

2.6295089695141987 0.0042087715761741883
2.6281689359474631 0.0031192277218436517

2.6281689359474631 0.0031192277218436517
2.6263897417923552 0.0016968608113536363

2.6263897417923552 0.0016968608113536363
2.6242292585711291 0

2.6242292585711291 0
2.6232705140705113 -0.0007912656404425424

2.6232705140705113 -0.0007912656404425424
2.6201707116725279 -0.0031192277218436521

2.6201707116725279 -0.0031192277218436521
2.6201512863486678 -0.0031355097189801544

2.6201512863486678 -0.0031355097189801544
2.6170320586268239 -0.0054666414454643359

2.6170320586268239 -0.0054666414454643359
2.6160908265108218 -0.0062384554436873043

2.6160908265108218 -0.0062384554436873043
2.6139128309049804 -0.0079334176395678292

2.6139128309049804 -0.0079334176395678292
2.6121140843602868 -0.0093576831655309573

2.6121140843602868 -0.0093576831655309573
2.6107936031831369 -0.010423870348044158

2.6107936031831369 -0.010423870348044158
2.6080378562188846 -0.012476910887374609

2.6080378562188846 -0.012476910887374609
2.607674375461293 -0.012774046645974178

2.607674375461293 -0.012774046645974178
2.6045551477394495 -0.01500111853590895

2.6045551477394495 -0.01500111853590895
2.6038103806045028 -0.015596138609218262

2.6038103806045028 -0.015596138609218262
2.6014359200176056 -0.017354897650497192

2.6014359200176056 -0.017354897650497192
2.5996315992289847 -0.018715366331061911

2.5996315992289847 -0.018715366331061911
2.5983166922957621 -0.019728540229256613

2.5983166922957621 -0.019728540229256613
2.595283666860392 -0.021834594052905564

2.595283666860392 -0.021834594052905564
2.5951974645739186 -0.021901976704603025

2.5951974645739186 -0.021901976704603025
2.5920782368520747 -0.023992520208597528

2.5920782368520747 -0.023992520208597528
2.5907328256558886 -0.024953821774749217

2.5907328256558886 -0.024953821774749217
2.5889590091302312 -0.026189815240414752

2.5889590091302312 -0.026189815240414752
2.5860531887510616 -0.028073049496592867

2.5860531887510616 -0.028073049496592867
2.5858397814083873 -0.028229047537617132

2.5858397814083873 -0.028229047537617132
2.5827205536865439 -0.030145188680750862

2.5827205536865439 -0.030145188680750862
2.5810537105145852 -0.03119227721843652

2.5810537105145852 -0.03119227721843652
2.5796013259647004 -0.032111715077775001

2.5796013259647004 -0.032111715077775001
2.5764820982428565 -0.033854549787691278

2.5764820982428565 -0.033854549787691278
2.5757351999311928 -0.034311504940280173

2.5757351999311928 -0.034311504940280173
2.573362870521013 -0.035652636268510347

2.573362870521013 -0.035652636268510347
2.5702436427991691 -0.037310347316430154

2.5702436427991691 -0.037310347316430154
2.5700357921366508 -0.037430732662123829

2.5700357921366508 -0.037430732662123829
2.5671244150773256 -0.03892430930958702

2.5671244150773256 -0.03892430930958702
2.5640051873554821 -0.040425764231312569

2.5640051873554821 -0.040425764231312569
2.5637614180865298 -0.040549960383967479

2.5637614180865298 -0.040549960383967479
2.5608859596336382 -0.041868942359263375

2.5608859596336382 -0.041868942359263375
2.5577667319117947 -0.043202179198864134

2.5577667319117947 -0.043202179198864134
2.5566750527210762 -0.043669188105811135

2.5566750527210762 -0.043669188105811135
2.5546475041899508 -0.044506804773655977

2.5546475041899508 -0.044506804773655977
2.5515282764681073 -0.045687618120608155

2.5515282764681073 -0.045687618120608155
2.5484090487462638 -0.046779494172481201

2.5484090487462638 -0.046779494172481201
2.5483833061203307 -0.046788415827654785

2.5483833061203307 -0.046788415827654785
2.5452898210244199 -0.047772680970050357

2.5452898210244199 -0.047772680970050357
2.5421705933025764 -0.048675503586268161

2.5421705933025764 -0.048675503586268161
2.5390513655807325 -0.049482126925253778

2.5390513655807325 -0.049482126925253778
2.5372210862918583 -0.049907643549498434

2.5372210862918583 -0.049907643549498434
2.535932137858889 -0.050209182010323872

2.535932137858889 -0.050209182010323872
2.5328129101370456 -0.050825733436278803

2.5328129101370456 -0.050825733436278803
2.5296936824152016 -0.051352498626952514

2.5296936824152016 -0.051352498626952514
2.5265744546933582 -0.051783256824063033

2.5265744546933582 -0.051783256824063033
2.5234552269715143 -0.052120219172837365

2.5234552269715143 -0.052120219172837365
2.5203359992496708 -0.05236584639745915

2.5203359992496708 -0.05236584639745915
2.5172167715278273 -0.052521187708083623

2.5172167715278273 -0.052521187708083623
2.5140975438059834 -0.052586737659341236

2.5140975438059834 -0.052586737659341236
2.5109783160841399 -0.052564796416278876

2.5109783160841399 -0.052564796416278876
2.507859088362296 -0.052459971731489911

2.507859088362296 -0.052459971731489911
2.5047398606404525 -0.052277769845206865

2.5047398606404525 -0.052277769845206865
2.501620632918609 -0.052023108657499567

2.501620632918609 -0.052023108657499567
2.4985014051967651 -0.051699628875275551

2.4985014051967651 -0.051699628875275551
2.4953821774749216 -0.051310247055591736

2.4953821774749216 -0.051310247055591736
2.4922629497530777 -0.050858727463298004

2.4922629497530777 -0.050858727463298004
2.4891437220312342 -0.050352108256318757

2.4891437220312342 -0.050352108256318757
2.4866457156193542 -0.049907643549498434

2.4866457156193542 -0.049907643549498434
2.4860244943093908 -0.049793873474983853

2.4860244943093908 -0.049793873474983853
2.4829052665875468 -0.049200932022140452

2.4829052665875468 -0.049200932022140452
2.4797860388657034 -0.048563478305267103

2.4797860388657034 -0.048563478305267103
2.4766668111438599 -0.04788655433367766

2.4766668111438599 -0.04788655433367766
2.473547583422016 -0.047177992646889842

2.473547583422016 -0.047177992646889842
2.4719400961460538 -0.046788415827654785

2.4719400961460538 -0.046788415827654785
2.4704283557001725 -0.046420935731927744

2.4704283557001725 -0.046420935731927744
2.4673091279783286 -0.045654256260835205

2.4673091279783286 -0.045654256260835205
2.4641899002564851 -0.044855637608780086

2.4641899002564851 -0.044855637608780086
2.4610706725346416 -0.044039685122210008

2.4610706725346416 -0.044039685122210008
2.4597394995386432 -0.043669188105811135

2.4597394995386432 -0.043669188105811135
2.4579514448127977 -0.043176063189098647

2.4579514448127977 -0.043176063189098647
2.4548322170909542 -0.042309925942886357

2.4548322170909542 -0.042309925942886357
2.4517129893691103 -0.041414985222206289

2.4517129893691103 -0.041414985222206289
2.4487629118212162 -0.040549960383967479

2.4487629118212162 -0.040549960383967479
2.4485937616472668 -0.040496856239962437

2.4485937616472668 -0.040496856239962437
2.4454745339254234 -0.039569570920037059

2.4454745339254234 -0.039569570920037059
2.4423553062035794 -0.038622742305086083

2.4423553062035794 -0.038622742305086083
2.439236078481736 -0.037671983266364784

2.439236078481736 -0.037671983266364784
2.4384983646225447 -0.037430732662123829

2.4384983646225447 -0.037430732662123829
2.436116850759892 -0.036683779060205424

2.436116850759892 -0.036683779060205424
2.4329976230380486 -0.035704579308470645

2.4329976230380486 -0.035704579308470645
2.4298783953162051 -0.034727376069358121

2.4298783953162051 -0.034727376069358121
2.4286062298746938 -0.034311504940280173

2.4286062298746938 -0.034311504940280173
2.4267591675943612 -0.033716661504036544

2.4267591675943612 -0.033716661504036544
2.4236399398725177 -0.032734528581382968

2.4236399398725177 -0.032734528581382968
2.4205207121506738 -0.031757517022268485

2.4205207121506738 -0.031757517022268485
2.418751148818493 -0.03119227721843652

2.418751148818493 -0.03119227721843652
2.4174014844288303 -0.030756485730617712

2.4174014844288303 -0.030756485730617712
2.4142822567069868 -0.029787584643860828

2.4142822567069868 -0.029787584643860828
2.4111630289851429 -0.028819540391620959

2.4111630289851429 -0.028819540391620959
2.4087563945778272 -0.028073049496592867

2.4087563945778272 -0.028073049496592867
2.4080438012632994 -0.027842297591834268

2.4080438012632994 -0.027842297591834268
2.4049245735414555 -0.026896525482841761

2.4049245735414555 -0.026896525482841761
2.401805345819612 -0.025950766703562469

2.401805345819612 -0.025950766703562469
2.3986861180977685 -0.025015552379136337

2.3986861180977685 -0.025015552379136337
2.398493252479422 -0.024953821774749217

2.398493252479422 -0.024953821774749217
2.3955668903759246 -0.024078817181429454

2.3955668903759246 -0.024078817181429454
2.3924476626540812 -0.023154764188119022

2.3924476626540812 -0.023154764188119022
2.3893284349322372 -0.022248847211459543

2.3893284349322372 -0.022248847211459543
2.387934124290688 -0.021834594052905564

2.387934124290688 -0.021834594052905564
2.3862092072103938 -0.021326315131833702

2.3862092072103938 -0.021326315131833702
2.3830899794885503 -0.020436958022182403

2.3830899794885503 -0.020436958022182403
2.3799707517667064 -0.019549244991807564

2.3799707517667064 -0.019549244991807564
2.3770079610019383 -0.018715366331061911

2.3770079610019383 -0.018715366331061911
2.3768515240448629 -0.018668384170018159

2.3768515240448629 -0.018668384170018159
2.373732296323019 -0.017806051633555756

2.373732296323019 -0.017806051633555756
2.3706130686011755 -0.01695528598956679

2.3706130686011755 -0.01695528598956679
2.367493840879332 -0.016123775688081942

2.367493840879332 -0.016123775688081942
2.3655141757633595 -0.015596138609218262

2.3655141757633595 -0.015596138609218262
2.3643746131574881 -0.015287009858174376

2.3643746131574881 -0.015287009858174376
2.3612553854356446 -0.014483315975250179

2.3612553854356446 -0.014483315975250179
2.3581361577138007 -0.013685472414330413

2.3581361577138007 -0.013685472414330413
2.3550169299919572 -0.01290875479874791

2.3550169299919572 -0.01290875479874791
2.3532883758699947 -0.012476910887374609

2.3532883758699947 -0.012476910887374609
2.3518977022701137 -0.012127247952683854

2.3518977022701137 -0.012127247952683854
2.3487784745482698 -0.01137163607967364

2.3487784745482698 -0.01137163607967364
2.3456592468264263 -0.010620244963082061

2.3456592468264263 -0.010620244963082061
2.3425400191045824 -0.0098859553690568407

2.3425400191045824 -0.0098859553690568407
2.3402827891022162 -0.0093576831655309573

2.3402827891022162 -0.0093576831655309573
2.339420791382739 -0.0091505824623396865

2.339420791382739 -0.0091505824623396865
2.3363015636608955 -0.0084382319176398452

2.3363015636608955 -0.0084382319176398452
2.3331823359390516 -0.007727614684302774

2.3331823359390516 -0.007727614684302774
2.3300631082172081 -0.0070237714041508567

2.3300631082172081 -0.0070237714041508567
2.3269438804953642 -0.0063326889366389161

2.3269438804953642 -0.0063326889366389161
2.3265318182662034 -0.0062384554436873043

2.3265318182662034 -0.0062384554436873043
2.3238246527735207 -0.0056446378054868605

2.3238246527735207 -0.0056446378054868605
2.3207054250516772 -0.0049731043195316129

2.3207054250516772 -0.0049731043195316129
2.3175861973298333 -0.0043116529067458416

2.3175861973298333 -0.0043116529067458416
2.3144669696079898 -0.003661184129381823

2.3144669696079898 -0.003661184129381823
2.3118321527763808 -0.0031192277218436521

2.3118321527763808 -0.0031192277218436521
2.3113477418861459 -0.0030159714513535193

2.3113477418861459 -0.0030159714513535193
2.3082285141643024 -0.0023915591194307111

2.3082285141643024 -0.0023915591194307111
2.3051092864424589 -0.0017785269654949508

2.3051092864424589 -0.0017785269654949508
2.301990058720615 -0.0011802375866138207

2.301990058720615 -0.0011802375866138207
2.2988708309987715 -0.00059485153179523033

2.2988708309987715 -0.00059485153179523033
2.2957516032769281 -2.1083652214282407e-05

2.2957516032769281 -2.1083652214282407e-05
2.2956401997979672 0

2.2956401997979672 0
2.2926323755550841 0.00054509077853210275

2.2926323755550841 0.00054509077853210275
2.2895131478332407 0.0011011154077873245

2.2895131478332407 0.0011011154077873245
2.2863939201113967 0.0016475472032698108

2.2863939201113967 0.0016475472032698108
2.2832746923895533 0.0021846666543385053

2.2832746923895533 0.0021846666543385053
2.2801554646677098 0.0027131039425805259

2.2801554646677098 0.0027131039425805259
2.2777444390202746 0.0031192277218436517

2.2777444390202746 0.0031192277218436517
2.2770362369458659 0.0032413103939172602

2.2770362369458659 0.0032413103939172602
2.2739170092240224 0.0037584765548512862

2.2739170092240224 0.0037584765548512862
2.2707977815021785 0.0042737904474373783

2.2707977815021785 0.0042737904474373783
2.267678553780335 0.00478297655943212

2.267678553780335 0.00478297655943212
2.2645593260584915 0.0052843835109861728

2.2645593260584915 0.0052843835109861728
2.2614400983366476 0.005777586724067656

2.2614400983366476 0.005777586724067656
2.2584808196265245 0.0062384554436873043

2.2584808196265245 0.0062384554436873043
2.2583208706148041 0.0062642595708289435

2.2583208706148041 0.0062642595708289435
2.2552016428929602 0.0067413246976274739

2.2552016428929602 0.0067413246976274739
2.2520824151711167 0.0072095433848783745

2.2520824151711167 0.0072095433848783745
2.2489631874492733 0.0076651686618904903

2.2489631874492733 0.0076651686618904903
2.2458439597274293 0.0081067584529893079

2.2458439597274293 0.0081067584529893079
2.2427247320055859 0.0085348148737472429

2.2427247320055859 0.0085348148737472429
2.2396055042837419 0.0089499282256115462

2.2396055042837419 0.0089499282256115462
2.2364862765618985 0.0093515618544828313

2.2364862765618985 0.0093515618544828313
2.2364385607558668 0.0093576831655309556

2.2364385607558668 0.0093576831655309556
2.233367048840055 0.0097396189441744177

2.233367048840055 0.0097396189441744177
2.2302478211182111 0.01011312930852999

2.2302478211182111 0.01011312930852999
2.2271285933963676 0.010472490348331451

2.2271285933963676 0.010472490348331451
2.2240093656745237 0.010819237788548043

2.2240093656745237 0.010819237788548043
2.2208901379526802 0.011154223296941979

2.2208901379526802 0.011154223296941979
2.2177709102308367 0.011475885932256012

2.2177709102308367 0.011475885932256012
2.2146516825089928 0.011782621546882723

2.2146516825089928 0.011782621546882723
2.2115324547871493 0.012074545546547012

2.2115324547871493 0.012074545546547012
2.2084132270653054 0.012351264345480603

2.2084132270653054 0.012351264345480603
2.2069390743179711 0.012476910887374609

2.2069390743179711 0.012476910887374609
2.2052939993434619 0.012616893985937913

2.2052939993434619 0.012616893985937913
2.2021747716216185 0.012868215137888359

2.2021747716216185 0.012868215137888359
2.1990555438997745 0.013106172529390395

2.1990555438997745 0.013106172529390395
2.1959363161779311 0.013326847055056467

2.1959363161779311 0.013326847055056467
2.1928170884560871 0.013528840701834143

2.1928170884560871 0.013528840701834143
2.1896978607342437 0.013712950636827582

2.1896978607342437 0.013712950636827582
2.1865786330124002 0.013879685462388746

2.1865786330124002 0.013879685462388746
2.1834594052905563 0.014028654720797907

2.1834594052905563 0.014028654720797907
2.1803401775687128 0.014158758224849091

2.1803401775687128 0.014158758224849091
2.1772209498468689 0.014268368946993432

2.1772209498468689 0.014268368946993432
2.1741017221250254 0.014356330973393953

2.1741017221250254 0.014356330973393953
2.1709824944031819 0.014423039662798981

2.1709824944031819 0.014423039662798981
2.167863266681338 0.014469838385502181

2.167863266681338 0.014469838385502181
2.1647440389594945 0.014497408610584553

2.1647440389594945 0.014497408610584553
2.1616248112376506 0.014505038493127028

2.1616248112376506 0.014505038493127028
2.1585055835158071 0.014491094707649992

2.1585055835158071 0.014491094707649992
2.1553863557939636 0.014454159939710621

2.1553863557939636 0.014454159939710621
2.1522671280721197 0.014393747897649915

2.1522671280721197 0.014393747897649915
2.1491479003502763 0.014309828489476374

2.1491479003502763 0.014309828489476374
2.1460286726284323 0.014201785395787323

2.1460286726284323 0.014201785395787323
2.1429094449065889 0.014068103538256313

2.1429094449065889 0.014068103538256313
2.1397902171847454 0.013906811824592519

2.1397902171847454 0.013906811824592519
2.1366709894629015 0.01371657002049346

2.1366709894629015 0.01371657002049346
2.133551761741058 0.013497442952448882

2.133551761741058 0.013497442952448882
2.1304325340192141 0.013250167295954459

2.1304325340192141 0.013250167295954459
2.1273133062973706 0.012975041725324108

2.1273133062973706 0.012975041725324108
2.1241940785755271 0.012672545243132712

2.1241940785755271 0.012672545243132712
2.1223614721744628 0.012476910887374609

2.1223614721744628 0.012476910887374609
2.1210748508536832 0.012338758341129345

2.1210748508536832 0.012338758341129345
2.1179556231318397 0.011980376955267765

2.1179556231318397 0.011980376955267765
2.1148363954099962 0.011592532854816004

2.1148363954099962 0.011592532854816004
2.1117171676881523 0.011176255283397109

2.1117171676881523 0.011176255283397109
2.1085979399663088 0.010731849009481629

2.1085979399663088 0.010731849009481629
2.1054787122444649 0.010259142293406865

2.1054787122444649 0.010259142293406865
2.1023594845226214 0.0097575346285639648

2.1023594845226214 0.0097575346285639648
2.1000307194860133 0.0093576831655309556

2.1000307194860133 0.0093576831655309556
2.099240256800778 0.0092188396326527301

2.099240256800778 0.0092188396326527301
2.0961210290789341 0.0086566646160886173

2.0961210290789341 0.0086566646160886173
2.0930018013570906 0.0080596255236252828

2.0930018013570906 0.0080596255236252828
2.0898825736352467 0.0074281724544598372

2.0898825736352467 0.0074281724544598372
2.0867633459134032 0.0067612398939087435

2.0867633459134032 0.0067612398939087435
2.0844681006747718 0.0062384554436873043

2.0844681006747718 0.0062384554436873043
2.0836441181915597 0.0060452786324812222

2.0836441181915597 0.0060452786324812222
2.0805248904697158 0.0053046596356153622

2.0805248904697158 0.0053046596356153622
2.0774056627478723 0.0045182194072452163

2.0774056627478723 0.0045182194072452163
2.0742864350260284 0.003693416443116799

2.0742864350260284 0.003693416443116799
2.0722502983086195 0.0031192277218436517

2.0722502983086195 0.0031192277218436517
2.0711672073041849 0.0028065095876711678

2.0711672073041849 0.0028065095876711678
2.0680479795823414 0.0019016865150025431

2.0680479795823414 0.0019016865150025431
2.0649287518604975 0.00094684056918626367

2.0649287518604975 0.00094684056918626367
2.0619710015900479 0

2.0619710015900479 0
2.061809524138654 -5.5796852990317193e-05

2.061809524138654 -5.5796852990317193e-05
2.0586902964168101 -0.0010914470811878955

2.0586902964168101 -0.0010914470811878955
2.0555710686949666 -0.0021672467165207202

2.0555710686949666 -0.0021672467165207202
2.0529187284169756 -0.0031192277218436521

2.0529187284169756 -0.0031192277218436521
2.0524518409731232 -0.0032983719992675828

2.0524518409731232 -0.0032983719992675828
2.0493326132512792 -0.0044419378941344609

2.0493326132512792 -0.0044419378941344609
2.0462133855294358 -0.0056190038230466057

2.0462133855294358 -0.0056190038230466057
2.0446839310873868 -0.0062384554436873043

2.0446839310873868 -0.0062384554436873043
2.0430941578075918 -0.0068821438950497985

2.0430941578075918 -0.0068821438950497985
2.0399749300857484 -0.0081366419203243792

2.0399749300857484 -0.0081366419203243792
2.0370682182976516 -0.0093576831655309573

2.0370682182976516 -0.0093576831655309573
2.0368557023639049 -0.009456050222937001

2.0368557023639049 -0.009456050222937001
2.033736474642061 -0.010798876661102423

2.033736474642061 -0.010798876661102423
2.0306172469202175 -0.012171570901453073

2.0306172469202175 -0.012171570901453073
2.0300054017794049 -0.012476910887374609

2.0300054017794049 -0.012476910887374609
2.0274980191983736 -0.01364249850447672

2.0274980191983736 -0.01364249850447672
2.0243787914765301 -0.015101576972443281

2.0243787914765301 -0.015101576972443281
2.0234362672013377 -0.015596138609218262

2.0234362672013377 -0.015596138609218262
2.0212595637546866 -0.016684220310961704

2.0212595637546866 -0.016684220310961704
2.0181403360328427 -0.018231754565839899

2.0181403360328427 -0.018231754565839899
2.0172861542037381 -0.018715366331061911

2.0172861542037381 -0.018715366331061911
2.0150211083109992 -0.019923503458849946

2.0150211083109992 -0.019923503458849946
2.0119018805891553 -0.021588097544684926

2.0119018805891553 -0.021588097544684926
2.0115084504567569 -0.021834594052905564

2.0115084504567569 -0.021834594052905564
2.0087826528673118 -0.023368700232311489

2.0087826528673118 -0.023368700232311489
2.0060488768163229 -0.024953821774749217

2.0060488768163229 -0.024953821774749217
2.0056634251454684 -0.025204881752113415

2.0056634251454684 -0.025204881752113415
2.0056634251454684 -0.025204881752113415

2.0056634251454684 -0.025204881752113415
2.0025441974236244 -0.027007229612561742

2.0025441974236244 -0.027007229612561742
2.0008701104835525 -0.028073049496592867

2.0008701104835525 -0.028073049496592867
1.9994249697017812 -0.029006293226746239

1.9994249697017812 -0.029006293226746239
1.9963057419799375 -0.030906337879946

1.9963057419799375 -0.030906337879946
1.9959082529018877 -0.03119227721843652

1.9959082529018877 -0.03119227721843652
1.9931865142580938 -0.032951145658309033

1.9931865142580938 -0.032951145658309033
1.991205829189979 -0.034311504940280173

1.991205829189979 -0.034311504940280173
1.9900672865362501 -0.035132292271160818

1.9900672865362501 -0.035132292271160818
1.9869480588144066 -0.037201243105706966

1.9869480588144066 -0.037201243105706966
1.986652516106808 -0.037430732662123829

1.986652516106808 -0.037430732662123829
1.9838288310925629 -0.039403203437843405

1.9838288310925629 -0.039403203437843405
1.9823318784366706 -0.040549960383967479

1.9823318784366706 -0.040549960383967479
1.9807096033707192 -0.041791709101301103

1.9807096033707192 -0.041791709101301103
1.9782165678167773 -0.043669188105811135

1.9782165678167773 -0.043669188105811135
1.9775903756488755 -0.044183002336591976

1.9775903756488755 -0.044183002336591976
1.9744711479270318 -0.046504940602499663

1.9744711479270318 -0.046504940602499663
1.9741372205661496 -0.046788415827654785

1.9741372205661496 -0.046788415827654785
1.9713519202051883 -0.048972928544870842

1.9713519202051883 -0.048972928544870842
1.9702638771906398 -0.049907643549498434

1.9702638771906398 -0.049907643549498434
1.9682326924833446 -0.051610902157538233

1.9682326924833446 -0.051610902157538233
1.9666023514666708 -0.053026871271342091

1.9666023514666708 -0.053026871271342091
1.9651134647615009 -0.054334547936802445

1.9651134647615009 -0.054334547936802445
1.9630452505818292 -0.05614609899318574

1.9630452505818292 -0.05614609899318574
1.9619942370396573 -0.057097296040508276

1.9619942370396573 -0.057097296040508276
1.9595494431159426 -0.05926532671502939

1.9595494431159426 -0.05926532671502939
1.9588750093178136 -0.059891506924240702

1.9588750093178136 -0.059891506924240702
1.9561179178059809 -0.062384554436873046

1.9561179178059809 -0.062384554436873046
1.9557557815959701 -0.0627281693546618

1.9557557815959701 -0.0627281693546618
1.9527535466236157 -0.065503782158716689

1.9527535466236157 -0.065503782158716689
1.9526365538741264 -0.065616659581668069

1.9526365538741264 -0.065616659581668069
1.9495173261522827 -0.068566532061094088

1.9495173261522827 -0.068566532061094088
1.9494595963257602 -0.068623009880560346

1.9494595963257602 -0.068623009880560346
1.946398098430439 -0.071600671405352437

1.946398098430439 -0.071600671405352437
1.946255674288224 -0.071742237602403988

1.946255674288224 -0.071742237602403988
1.9432788707085953 -0.074727259374498159

1.9432788707085953 -0.074727259374498159
1.9431458425324775 -0.074861465324247645

1.9431458425324775 -0.074861465324247645
1.9401596429867518 -0.077934628132872649

1.9401596429867518 -0.077934628132872649
1.9401144982974323 -0.077980693046091301

1.9401144982974323 -0.077980693046091301
1.9371552345995342 -0.081099920767934958

1.9371552345995342 -0.081099920767934958
1.9370404152649081 -0.081218740748989507

1.9370404152649081 -0.081218740748989507
1.934250805087804 -0.0842191484897786

1.934250805087804 -0.0842191484897786
1.9339211875430644 -0.084564527797808015

1.9339211875430644 -0.084564527797808015
1.9313759161824824 -0.087338376211622257

1.9313759161824824 -0.087338376211622257
1.9308019598212207 -0.087946369646685424

1.9308019598212207 -0.087946369646685424
1.9285125481556078 -0.090457603933465913

1.9285125481556078 -0.090457603933465913
1.927682732099377 -0.091345098329708913

1.927682732099377 -0.091345098329708913
1.9256512551734302 -0.093576831655309556

1.9256512551734302 -0.093576831655309556
1.9245635043775335 -0.094749829499079563

1.9245635043775335 -0.094749829499079563
1.92278774363917 -0.096696059377153212

1.92278774363917 -0.096696059377153212
1.9214442766556898 -0.098153812033903012

1.9214442766556898 -0.098153812033903012
1.9199184125166777 -0.099815287098996869

1.9199184125166777 -0.099815287098996869
1.9183250489338461 -0.10154633360981424

1.9183250489338461 -0.10154633360981424
1.9170362959293732 -0.10293451482084051

1.9170362959293732 -0.10293451482084051
1.9152058212120024 -0.10491550856979139

1.9152058212120024 -0.10491550856979139
1.9141353977076068 -0.10605374254268417

1.9141353977076068 -0.10605374254268417
1.9120865934901587 -0.10824868796523186

1.9120865934901587 -0.10824868796523186
1.9112036194790543 -0.10917297026452782

1.9112036194790543 -0.10917297026452782
1.9089673657683153 -0.11152054868435338

1.9089673657683153 -0.11152054868435338
1.9082150607303237 -0.11229219798637147

1.9082150607303237 -0.11229219798637147
1.9058481380464716 -0.11470544138966761

1.9058481380464716 -0.11470544138966761
1.9051433761937495 -0.11541142570821512

1.9051433761937495 -0.11541142570821512
1.9027289103246279 -0.11777521203476539

1.9027289103246279 -0.11777521203476539
1.9019487339280114 -0.11853065343005878

1.9019487339280114 -0.11853065343005878
1.8996096826027842 -0.12070953316816398

1.8996096826027842 -0.12070953316816398
1.8985921439491455 -0.12164988115190242

1.8985921439491455 -0.12164988115190242
1.8964904548809407 -0.12350743078506318

1.8964904548809407 -0.12350743078506318
1.8950235237419424 -0.12476910887374608

1.8950235237419424 -0.12476910887374608
1.893371227159097 -0.12615695717152556

1.893371227159097 -0.12615695717152556
1.8910769194958217 -0.12788833659558974

1.8910769194958217 -0.12788833659558974
1.8902519994372533 -0.12854098995838129

1.8902519994372533 -0.12854098995838129
1.8871327717154096 -0.13055677806263594

1.8871327717154096 -0.13055677806263594
1.8864709146458167 -0.13100756431743338

1.8864709146458167 -0.13100756431743338
1.8840135439935659 -0.13251906815437611

1.8840135439935659 -0.13251906815437611
1.8809963673179031 -0.13412679203927705

1.8809963673179031 -0.13412679203927705
1.8808943162717224 -0.13418793927444

1.8808943162717224 -0.13418793927444
1.8777750885498787 -0.13559336136715114

1.8777750885498787 -0.13559336136715114
1.874655860828035 -0.13674393414011124

1.874655860828035 -0.13674393414011124
1.87293607293303 -0.13724601976112069

1.87293607293303 -0.13724601976112069
1.8715366331061913 -0.13765307841212771

1.8715366331061913 -0.13765307841212771
1.8684174053843476 -0.13828734349381214

1.8684174053843476 -0.13828734349381214
1.8652981776625042 -0.13869620059870039

1.8652981776625042 -0.13869620059870039
1.8621789499406605 -0.13886130400784363

1.8621789499406605 -0.13886130400784363
1.8590597222188168 -0.13877451471377567

1.8590597222188168 -0.13877451471377567
1.8559404944969731 -0.13843176500835713

1.8559404944969731 -0.13843176500835713
1.8528212667751294 -0.13783919624162558

1.8528212667751294 -0.13783919624162558
1.8505737698678262 -0.13724601976112069

1.8505737698678262 -0.13724601976112069
1.8497020390532859 -0.13700697897366582

1.8497020390532859 -0.13700697897366582
1.8465828113314422 -0.13597917290255229

1.8465828113314422 -0.13597917290255229
1.8434635836095985 -0.13473996342194761

1.8434635836095985 -0.13473996342194761
1.8422242739712273 -0.13412679203927705

1.8422242739712273 -0.13412679203927705
1.8403443558877548 -0.13321182398246348

1.8403443558877548 -0.13321182398246348
1.8372251281659111 -0.13158565134143296

1.8372251281659111 -0.13158565134143296
1.8363334952348322 -0.13100756431743338

1.8363334952348322 -0.13100756431743338
1.8341059004440676 -0.12964436824448697

1.8341059004440676 -0.12964436824448697
1.8314138921390475 -0.12788833659558974

1.8314138921390475 -0.12788833659558974
1.8309866727222239 -0.12757433834234716

1.8309866727222239 -0.12757433834234716
1.8278674450003802 -0.12548834631763689

1.8278674450003802 -0.12548834631763689
1.8269590694551439 -0.12476910887374608

1.8269590694551439 -0.12476910887374608
1.8247482172785365 -0.12309865100942244

1.8247482172785365 -0.12309865100942244
1.8229550342956133 -0.12164988115190242

1.8229550342956133 -0.12164988115190242
1.8216289895566928 -0.12054945824905679

1.8216289895566928 -0.12054945824905679
1.8191479714733239 -0.11853065343005878

1.8191479714733239 -0.11853065343005878
1.8185097618348494 -0.1179739222836798

1.8185097618348494 -0.1179739222836798
1.8153914566159322 -0.11541142570821512

1.8153914566159322 -0.11541142570821512
1.8153905341130057 -0.11541059448970044

1.8153905341130057 -0.11541059448970044
1.812271306391162 -0.11278162044989437

1.812271306391162 -0.11278162044989437
1.8117345944893817 -0.11229219798637147

1.8117345944893817 -0.11229219798637147
1.8091520786693183 -0.11003384732222297

1.8091520786693183 -0.11003384732222297
1.8082131915750494 -0.10917297026452782

1.8082131915750494 -0.10917297026452782
1.8060328509474748 -0.10722150598063811

1.8060328509474748 -0.10722150598063811
1.8047600156667865 -0.10605374254268417

1.8047600156667865 -0.10605374254268417
1.8029136232256311 -0.10437820969595717

1.8029136232256311 -0.10437820969595717
1.801337127962233 -0.10293451482084051

1.801337127962233 -0.10293451482084051
1.7997943955037874 -0.10152159156465759

1.7997943955037874 -0.10152159156465759
1.7979179861719179 -0.099815287098996869

1.7979179861719179 -0.099815287098996869
1.7966751677819437 -0.09867327980812407

1.7966751677819437 -0.09867327980812407
1.7944660213829393 -0.096696059377153212

1.7944660213829393 -0.096696059377153212
1.7935559400601 -0.095861375961106013

1.7935559400601 -0.095861375961106013
1.7909401065311681 -0.093576831655309556

1.7909401065311681 -0.093576831655309556
1.7904367123382565 -0.09311678568328495

1.7904367123382565 -0.09311678568328495
1.7873174846164128 -0.090464073655103852

1.7873174846164128 -0.090464073655103852
1.7873103711465119 -0.090457603933465913

1.7873103711465119 -0.090457603933465913
1.7841982568945691 -0.087848706763932985

1.7841982568945691 -0.087848706763932985
1.7836256024544614 -0.087338376211622257

1.7836256024544614 -0.087338376211622257
1.7810790291727254 -0.085209126566260215

1.7810790291727254 -0.085209126566260215
1.7799355033180495 -0.0842191484897786

1.7799355033180495 -0.0842191484897786
1.7779598014508817 -0.08256290698851515

1.7779598014508817 -0.08256290698851515
1.7762076465736631 -0.081099920767934958

1.7762076465736631 -0.081099920767934958
1.7748405737290383 -0.079948086621621797

1.7748405737290383 -0.079948086621621797
1.7723565197123357 -0.077980693046091301

1.7723565197123357 -0.077980693046091301
1.7717213460071946 -0.077444275350443709

1.7717213460071946 -0.077444275350443709
1.7686021182853509 -0.075115104336139729

1.7686021182853509 -0.075115104336139729
1.7682962969685658 -0.074861465324247645

1.7682962969685658 -0.074861465324247645
1.7654828905635072 -0.072760201637062427

1.7654828905635072 -0.072760201637062427
1.7641867607471819 -0.071742237602403988

1.7641867607471819 -0.071742237602403988
1.7623636628416635 -0.070350734101571222

1.7623636628416635 -0.070350734101571222
1.759995771366452 -0.068623009880560346

1.759995771366452 -0.068623009880560346
1.75924443511982 -0.06803415266518438

1.75924443511982 -0.06803415266518438
1.7561252073979763 -0.065920460008636619

1.7561252073979763 -0.065920460008636619
1.7555768973367654 -0.065503782158716689

1.7555768973367654 -0.065503782158716689
1.7530059796761326 -0.063738359705815123

1.7530059796761326 -0.063738359705815123
1.7510341657302033 -0.062384554436873046

1.7510341657302033 -0.062384554436873046
1.7498867519542889 -0.061564095271209832

1.7498867519542889 -0.061564095271209832
1.7467675242324452 -0.059610328599200867

1.7467675242324452 -0.059610328599200867
1.7462816644357961 -0.05926532671502939

1.7462816644357961 -0.05926532671502939
1.7436482965106017 -0.057590144227398429

1.7436482965106017 -0.057590144227398429
1.7413288884736966 -0.05614609899318574

1.7413288884736966 -0.05614609899318574
1.740529068788758 -0.055610229623026475

1.740529068788758 -0.055610229623026475
1.7374098410669143 -0.053834425682270072

1.7374098410669143 -0.053834425682270072
1.7360754629400807 -0.053026871271342091

1.7360754629400807 -0.053026871271342091
1.7342906133450706 -0.051972397781294283

1.7342906133450706 -0.051972397781294283
1.7311713856232269 -0.050294238295991466

1.7311713856232269 -0.050294238295991466
1.7305163651144668 -0.049907643549498434

1.7305163651144668 -0.049907643549498434
1.7280521579013834 -0.0485711397964457

1.7280521579013834 -0.0485711397964457
1.7249329301795397 -0.046976019934049602

1.7249329301795397 -0.046976019934049602
1.724596629454334 -0.046788415827654785

1.724596629454334 -0.046788415827654785
1.721813702457696 -0.045392320686541317

1.721813702457696 -0.045392320686541317
1.7186944747358524 -0.043907533747915846

1.7186944747358524 -0.043907533747915846
1.7182288027783186 -0.043669188105811135

1.7182288027783186 -0.043669188105811135
1.7155752470140089 -0.042425184267500658

1.7155752470140089 -0.042425184267500658
1.7124560192921652 -0.041041787087829261

1.7124560192921652 -0.041041787087829261
1.7113825605070874 -0.040549960383967479

1.7113825605070874 -0.040549960383967479
1.7093367915703215 -0.039646829466438098

1.7093367915703215 -0.039646829466438098
1.7062175638484778 -0.038355955408932323

1.7062175638484778 -0.038355955408932323
1.7039571728356848 -0.037430732662123829

1.7039571728356848 -0.037430732662123829
1.7030983361266341 -0.037062806842677952

1.7030983361266341 -0.037062806842677952
1.6999791084047906 -0.035855105227438087

1.6999791084047906 -0.035855105227438087
1.6968598806829469 -0.034691248345745551

1.6968598806829469 -0.034691248345745551
1.6958593150430297 -0.034311504940280173

1.6958593150430297 -0.034311504940280173
1.6937406529611032 -0.033535219515916287

1.6937406529611032 -0.033535219515916287
1.6906214252392595 -0.032452226629576413

1.6906214252392595 -0.032452226629576413
1.6875021975174158 -0.03141812537130198

1.6875021975174158 -0.03141812537130198
1.6868356992086946 -0.03119227721843652

1.6868356992086946 -0.03119227721843652
1.6843829697955723 -0.030400918977270149

1.6843829697955723 -0.030400918977270149
1.6812637420737286 -0.029444292775489767

1.6812637420737286 -0.029444292775489767
1.6781445143518849 -0.028541528600127847

1.6781445143518849 -0.028541528600127847
1.6764768398817138 -0.028073049496592867

1.6764768398817138 -0.028073049496592867
1.6750252866300412 -0.027664067217974531

1.6750252866300412 -0.027664067217974531
1.6719060589081975 -0.026854486423882877

1.6719060589081975 -0.026854486423882877
1.6687868311863541 -0.02607915001663369

1.6687868311863541 -0.02607915001663369
1.6656676034645104 -0.025349378691398753

1.6656676034645104 -0.025349378691398753
1.6639063366246198 -0.024953821774749217

1.6639063366246198 -0.024953821774749217
1.6625483757426667 -0.024647136985827885

1.6625483757426667 -0.024647136985827885
1.659429148020823 -0.024001735159790972

1.659429148020823 -0.024001735159790972
1.6563099202989793 -0.023392463824845094

1.6563099202989793 -0.023392463824845094
1.6531906925771358 -0.02282169765124652

1.6531906925771358 -0.02282169765124652
1.6500714648552921 -0.022286310934468923

1.6500714648552921 -0.022286310934468923
1.6472663471793711 -0.021834594052905564

1.6472663471793711 -0.021834594052905564
1.6469522371334484 -0.021782404009565565

1.6469522371334484 -0.021782404009565565
1.6438330094116047 -0.021317114917075781

1.6438330094116047 -0.021317114917075781
1.640713781689761 -0.020887926238378218

1.640713781689761 -0.020887926238378218
1.6375945539679175 -0.020496797653800726

1.6375945539679175 -0.020496797653800726
1.6344753262460738 -0.020142335755941945

1.6344753262460738 -0.020142335755941945
1.6313560985242301 -0.019823555673896983

1.6313560985242301 -0.019823555673896983
1.6282368708023864 -0.01954088664463011

1.6282368708023864 -0.01954088664463011
1.625117643080543 -0.019295909361536943

1.625117643080543 -0.019295909361536943
1.6219984153586993 -0.019089710399896244

1.6219984153586993 -0.019089710399896244
1.6188791876368556 -0.018921936625407514

1.6188791876368556 -0.018921936625407514
1.6157599599150119 -0.01879140400837508

1.6157599599150119 -0.01879140400837508
1.6132573781276232 -0.018715366331061911

1.6132573781276232 -0.018715366331061911
1.6126407321931682 -0.018696570625625544

1.6126407321931682 -0.018696570625625544
1.6095215044713247 -0.018636994375721701

1.6095215044713247 -0.018636994375721701
1.606402276749481 -0.018612128816149327

1.606402276749481 -0.018612128816149327
1.6032830490276373 -0.018622010371231488

1.6032830490276373 -0.018622010371231488
1.6001638213057936 -0.018666398918509242

1.6001638213057936 -0.018666398918509242
1.5982148251658577 -0.018715366331061911

1.5982148251658577 -0.018715366331061911
1.5970445935839499 -0.018744853631236878

1.5970445935839499 -0.018744853631236878
1.5939253658621064 -0.018855828826066408

1.5939253658621064 -0.018855828826066408
1.5908061381402627 -0.018998800043789864

1.5908061381402627 -0.018998800043789864
1.587686910418419 -0.019173965504971968

1.587686910418419 -0.019173965504971968
1.5845676826965753 -0.019382248003104133

1.5845676826965753 -0.019382248003104133
1.5814484549747316 -0.019624700273263459

1.5814484549747316 -0.019624700273263459
1.5783292272528882 -0.01990225415807232

1.5783292272528882 -0.01990225415807232
1.5752099995310445 -0.020215326962024251

1.5752099995310445 -0.020215326962024251
1.5720907718092008 -0.020564297815885608

1.5720907718092008 -0.020564297815885608
1.5689715440873571 -0.02094966089425199

1.5689715440873571 -0.02094966089425199
1.5658523163655134 -0.021371777186235535

1.5658523163655134 -0.021371777186235535
1.5627330886436699 -0.021830569084991071

1.5627330886436699 -0.021830569084991071
1.5627087177942958 -0.021834594052905564

1.5627087177942958 -0.021834594052905564
1.5596138609218262 -0.022326491690839511

1.5596138609218262 -0.022326491690839511
1.5564946331999825 -0.022858406814863026

1.5564946331999825 -0.022858406814863026
1.5533754054781388 -0.023425389720976603

1.5533754054781388 -0.023425389720976603
1.5502561777562953 -0.024027084684133795

1.5502561777562953 -0.024027084684133795
1.5471369500344516 -0.024658452465533741

1.5471369500344516 -0.024658452465533741
1.5457833717267799 -0.024953821774749217

1.5457833717267799 -0.024953821774749217
1.5440177223126079 -0.025336854806181905

1.5440177223126079 -0.025336854806181905
1.5408984945907642 -0.026033329262911093

1.5408984945907642 -0.026033329262911093
1.5377792668689205 -0.026763136479984625

1.5377792668689205 -0.026763136479984625
1.534660039147077 -0.027519225258437811

1.534660039147077 -0.027519225258437811
1.5324826882505505 -0.028073049496592867

1.5324826882505505 -0.028073049496592867
1.5315408114252334 -0.028319128061383661

1.5315408114252334 -0.028319128061383661
1.5284215837033897 -0.029129278595412922

1.5284215837033897 -0.029129278595412922
1.525302355981546 -0.029975336886405652

1.525302355981546 -0.029975336886405652
1.5221831282597023 -0.030842476398339199

1.5221831282597023 -0.030842476398339199
1.5210147719255398 -0.03119227721843652

1.5210147719255398 -0.03119227721843652
1.5190639005378588 -0.031766328644854958

1.5190639005378588 -0.031766328644854958
1.5159446728160151 -0.032699791755364978

1.5159446728160151 -0.032699791755364978
1.5128254450941714 -0.033664447608013431

1.5128254450941714 -0.033664447608013431
1.510837590882345 -0.034311504940280173

1.510837590882345 -0.034311504940280173
1.5097062173723277 -0.034688748231293531

1.5097062173723277 -0.034688748231293531
1.506586989650484 -0.035716890492588617

1.506586989650484 -0.035716890492588617
1.5034677619286405 -0.036783294280002876

1.5034677619286405 -0.036783294280002876
1.5016811908894219 -0.037430732662123829

1.5016811908894219 -0.037430732662123829
1.5003485342067968 -0.03792087638490059

1.5003485342067968 -0.03792087638490059
1.4972293064849531 -0.039055702681169396

1.4972293064849531 -0.039055702681169396
1.4941100787631094 -0.040222873780691296

1.4941100787631094 -0.040222873780691296
1.4933175038233735 -0.040549960383967479

1.4933175038233735 -0.040549960383967479
1.4909908510412657 -0.041465078564178658

1.4909908510412657 -0.041465078564178658
1.4878716233194222 -0.04270601644102643

1.4878716233194222 -0.04270601644102643
1.4855466685813532 -0.043669188105811135

1.4855466685813532 -0.043669188105811135
1.4847523955975785 -0.044016307429546896

1.4847523955975785 -0.044016307429546896
1.4816331678757348 -0.045310687530890952

1.4816331678757348 -0.045310687530890952
1.4785139401538911 -0.046639868350560255

1.4785139401538911 -0.046639868350560255
1.4782053755804829 -0.046788415827654785

1.4782053755804829 -0.046788415827654785
1.4753947124320475 -0.04802385907695076

1.4753947124320475 -0.04802385907695076
1.472275484710204 -0.049395496869349902

1.472275484710204 -0.049395496869349902
1.4712072918935388 -0.049907643549498434

1.4712072918935388 -0.049907643549498434
1.4691562569883603 -0.050856259792610062

1.4691562569883603 -0.050856259792610062
1.4660370292665166 -0.052271384056605127

1.4660370292665166 -0.052271384056605127
1.4644856781582927 -0.053026871271342091

1.4644856781582927 -0.053026871271342091
1.4629178015446729 -0.053790715347415141

1.4629178015446729 -0.053790715347415141
1.4597985738228294 -0.055250082266674994

1.4597985738228294 -0.055250082266674994
1.4580084157571811 -0.05614609899318574

1.4580084157571811 -0.05614609899318574
1.4566793461009857 -0.056824619587576487

1.4566793461009857 -0.056824619587576487
1.453560118379142 -0.058331344851318669

1.453560118379142 -0.058331344851318669
1.451760113223816 -0.05926532671502939

1.451760113223816 -0.05926532671502939
1.4504408906572983 -0.059964644564250304

1.4504408906572983 -0.059964644564250304
1.4473216629354546 -0.061520912583583429

1.4473216629354546 -0.061520912583583429
1.4457327191700171 -0.062384554436873046

1.4457327191700171 -0.062384554436873046
1.4442024352136111 -0.063219487715839601

1.4442024352136111 -0.063219487715839601
1.4410832074917674 -0.064828383545561141

1.4410832074917674 -0.064828383545561141
1.439910602846004 -0.065503782158716689

1.439910602846004 -0.065503782158716689
1.4379639797699237 -0.066587732271461419

1.4379639797699237 -0.066587732271461419
1.43484475204808 -0.068266753991225906

1.43484475204808 -0.068266753991225906
1.4342728321195646 -0.068623009880560346

1.4342728321195646 -0.068623009880560346
1.4317255243262363 -0.070069912115321278

1.4317255243262363 -0.070069912115321278
1.4288088893579602 -0.071742237602403988

1.4288088893579602 -0.071742237602403988
1.4286062966043929 -0.071874573417543969

1.4286062966043929 -0.071874573417543969
1.4254870688825492 -0.073655839031135567

1.4254870688825492 -0.073655839031135567
1.4234885255625596 -0.074861465324247645

1.4234885255625596 -0.074861465324247645
1.4223678411607055 -0.075568175337032112

1.4223678411607055 -0.075568175337032112
1.4192486134388618 -0.077348193695926937

1.4192486134388618 -0.077348193695926937
1.4182778843975947 -0.077980693046091301

1.4182778843975947 -0.077980693046091301
1.4161293857170181 -0.079301036991600765

1.4161293857170181 -0.079301036991600765
1.4131594731963568 -0.081099920767934958

1.4131594731963568 -0.081099920767934958
1.4130101579951746 -0.081203442397748959

1.4130101579951746 -0.081203442397748959
1.4098909302733309 -0.083075990555665363

1.4098909302733309 -0.083075990555665363
1.4080921835635258 -0.0842191484897786

1.4080921835635258 -0.0842191484897786
1.4067717025514872 -0.08507959119705101

1.4067717025514872 -0.08507959119705101
1.4036524748296435 -0.086928898804466054

1.4036524748296435 -0.086928898804466054
1.4030551012529406 -0.087338376211622257

1.4030551012529406 -0.087338376211622257
1.4005332471077998 -0.08890968938334011

1.4005332471077998 -0.08890968938334011
1.3980521865427165 -0.090457603933465913

1.3980521865427165 -0.090457603933465913
1.3974140193859563 -0.090894136380757176

1.3974140193859563 -0.090894136380757176
1.3942947916641126 -0.0927385133776258

1.3942947916641126 -0.0927385133776258
1.3930129719750564 -0.093576831655309556

1.3930129719750564 -0.093576831655309556
1.3911755639422689 -0.094744784145216518

1.3911755639422689 -0.094744784145216518
1.3880563362204252 -0.09663446011214788

1.3880563362204252 -0.09663446011214788
1.3879681813183717 -0.096696059377153212

1.3879681813183717 -0.096696059377153212
1.3849371084985815 -0.098538390803865047

1.3849371084985815 -0.098538390803865047
1.3828837211665204 -0.099815287098996869

1.3828837211665204 -0.099815287098996869
1.3818178807767381 -0.10051191507263882

1.3818178807767381 -0.10051191507263882
1.3786986530548944 -0.1023122941582128

1.3786986530548944 -0.1023122941582128
1.3777392944930729 -0.10293451482084051

1.3777392944930729 -0.10293451482084051
1.3755794253330507 -0.10425253573391663

1.3755794253330507 -0.10425253573391663
1.3725245805360509 -0.10605374254268417

1.3725245805360509 -0.10605374254268417
1.372460197611207 -0.10609737046070156

1.372460197611207 -0.10609737046070156
1.3693409698893635 -0.10790138018071958

1.3693409698893635 -0.10790138018071958
1.367157396271264 -0.10917297026452782

1.367157396271264 -0.10917297026452782
1.3662217421675198 -0.10975045423355265

1.3662217421675198 -0.10975045423355265
1.3631025144456761 -0.11142712180116567

1.3631025144456761 -0.11142712180116567
1.3615701700401925 -0.11229219798637147

1.3615701700401925 -0.11229219798637147
1.3599832867238324 -0.11318392945520508

1.3599832867238324 -0.11318392945520508
1.3568640590019887 -0.1147649189264059

1.3568640590019887 -0.1147649189264059
1.3556429146258382 -0.11541142570821512

1.3556429146258382 -0.11541142570821512
1.3537448312801452 -0.11638548413880018

1.3537448312801452 -0.11638548413880018
1.3506256035583015 -0.11784469551964472

1.3506256035583015 -0.11784469551964472
1.3491690963420877 -0.11853065343005878

1.3491690963420877 -0.11853065343005878
1.3475063758364578 -0.11930503315648668

1.3475063758364578 -0.11930503315648668
1.3443871481146141 -0.12062021737860998

1.3443871481146141 -0.12062021737860998
1.3418181537455609 -0.12164988115190242

1.3418181537455609 -0.12164988115190242
1.3412679203927704 -0.12188469424590323

1.3412679203927704 -0.12188469424590323
1.338148692670927 -0.12302114820816444

1.338148692670927 -0.12302114820816444
1.3350294649490833 -0.12407402856215767

1.3350294649490833 -0.12407402856215767
1.3327767411884264 -0.12476910887374608

1.3327767411884264 -0.12476910887374608
1.3319102372272396 -0.1250447562031432

1.3319102372272396 -0.1250447562031432
1.3287910095053959 -0.12589070276163289

1.3287910095053959 -0.12589070276163289
1.3256717817835522 -0.12665029978363318

1.3256717817835522 -0.12665029978363318
1.3225525540617087 -0.12730935621594361

1.3225525540617087 -0.12730935621594361
1.319433326339865 -0.12786672771044547

1.319433326339865 -0.12786672771044547
1.3192915934941885 -0.12788833659558974

1.3192915934941885 -0.12788833659558974
1.3163140986180213 -0.12832530781544041

1.3163140986180213 -0.12832530781544041
1.3131948708961776 -0.12868559598905588

1.3131948708961776 -0.12868559598905588
1.3100756431743339 -0.12895165845850398

1.3100756431743339 -0.12895165845850398
1.3069564154524904 -0.12912326271978497

1.3069564154524904 -0.12912326271978497
1.3038371877306467 -0.12920053021089781

1.3038371877306467 -0.12920053021089781
1.300717960008803 -0.12918318582149765

1.300717960008803 -0.12918318582149765
1.2975987322869593 -0.12907034232440417

1.2975987322869593 -0.12907034232440417
1.2944795045651156 -0.12886096471528471

1.2944795045651156 -0.12886096471528471
1.2913602768432721 -0.12855486197972829

1.2913602768432721 -0.12855486197972829
1.2882410491214284 -0.12815360375496743

1.2882410491214284 -0.12815360375496743
1.2865895530974967 -0.12788833659558974

1.2865895530974967 -0.12788833659558974
1.2851218213995848 -0.12765115092834239

1.2851218213995848 -0.12765115092834239
1.2820025936777411 -0.12706472457326609

1.2820025936777411 -0.12706472457326609
1.2788833659558976 -0.12637993214159035

1.2788833659558976 -0.12637993214159035
1.2757641382340539 -0.12559771037257189

1.2757641382340539 -0.12559771037257189
1.2728128294269641 -0.12476910887374608

1.2728128294269641 -0.12476910887374608
1.2726449105122102 -0.12471862072261217

1.2726449105122102 -0.12471862072261217
1.2695256827903665 -0.12375636180829742

1.2695256827903665 -0.12375636180829742
1.2664064550685228 -0.12269961264740799

1.2664064550685228 -0.12269961264740799
1.2635471282802777 -0.12164988115190242

1.2635471282802777 -0.12164988115190242
1.2632872273466793 -0.12154619565661977

1.2632872273466793 -0.12154619565661977
1.2601679996248356 -0.12032892737187377

1.2601679996248356 -0.12032892737187377
1.2570487719029919 -0.11904588941109051

1.2570487719029919 -0.11904588941109051
1.2559397653216151 -0.11853065343005878

1.2559397653216151 -0.11853065343005878
1.2539295441811482 -0.1176242354453257

1.2539295441811482 -0.1176242354453257
1.2508103164593045 -0.11620601239538889

1.2508103164593045 -0.11620601239538889
1.2492274453638879 -0.11541142570821512

1.2492274453638879 -0.11541142570821512
1.247691088737461 -0.11463666920824465

1.247691088737461 -0.11463666920824465
1.2445718610156173 -0.11311057858957829

1.2445718610156173 -0.11311057858957829
1.243066719035536 -0.11229219798637147

1.243066719035536 -0.11229219798637147
1.2414526332937736 -0.11141656595290275

1.2414526332937736 -0.11141656595290275
1.2383334055719299 -0.10979248009719686

1.2383334055719299 -0.10979248009719686
1.237289985032499 -0.10917297026452782

1.237289985032499 -0.10917297026452782
1.2352141778500862 -0.10799575180741665

1.2352141778500862 -0.10799575180741665
1.2320949501282428 -0.10625569179535756

1.2320949501282428 -0.10625569179535756
1.2317868941050818 -0.10605374254268417

1.2317868941050818 -0.10605374254268417
1.2289757224063991 -0.1044142715154902

1.2289757224063991 -0.1044142715154902
1.2265083566675836 -0.10293451482084051

1.2265083566675836 -0.10293451482084051
1.2258564946845554 -0.10250625644024747

1.2258564946845554 -0.10250625644024747
1.2227372669627117 -0.10069695433302514

1.2227372669627117 -0.10069695433302514
1.2213791687793527 -0.099815287098996869

1.2213791687793527 -0.099815287098996869
1.219618039240868 -0.09869400809954805

1.219618039240868 -0.09869400809954805
1.2164988115190245 -0.096784809632218347

1.2164988115190245 -0.096784809632218347
1.2163747644033895 -0.096696059377153212

1.2163747644033895 -0.096696059377153212
1.2133795837971808 -0.094817700821388837

1.2133795837971808 -0.094817700821388837
1.2115026540318572 -0.093576831655309556

1.2115026540318572 -0.093576831655309556
1.2102603560753371 -0.09272642671733243

1.2102603560753371 -0.09272642671733243
1.2071411283534934 -0.090784208258762655

1.2071411283534934 -0.090784208258762655
1.2066918409655198 -0.090457603933465913

1.2066918409655198 -0.090457603933465913
1.2040219006316497 -0.088710749186144494

1.2040219006316497 -0.088710749186144494
1.2019932224673946 -0.087338376211622257

1.2019932224673946 -0.087338376211622257
1.2009026729098062 -0.086563031289647444

1.2009026729098062 -0.086563031289647444
1.1977834451879625 -0.08457901377494606

1.1977834451879625 -0.08457901377494606
1.1972963230029861 -0.0842191484897786

1.1972963230029861 -0.0842191484897786
1.1946642174661188 -0.082463058219793356

1.1946642174661188 -0.082463058219793356
1.192685672664189 -0.081099920767934958

1.192685672664189 -0.081099920767934958
1.1915449897442751 -0.080278464262069582

1.1915449897442751 -0.080278464262069582
1.1884257620224317 -0.078261311045001655

1.1884257620224317 -0.078261311045001655
1.1880509643735349 -0.077980693046091301

1.1880509643735349 -0.077980693046091301
1.185306534300588 -0.076141167877999766

1.185306534300588 -0.076141167877999766
1.1834740842086096 -0.074861465324247645

1.1834740842086096 -0.074861465324247645
1.1821873065787443 -0.073936290742345284

1.1821873065787443 -0.073936290742345284
1.1790680788569006 -0.071896341314899415

1.1790680788569006 -0.071896341314899415
1.1788638303879981 -0.071742237602403988

1.1788638303879981 -0.071742237602403988
1.1759488511350569 -0.069798526412639311

1.1759488511350569 -0.069798526412639311
1.1742788742564119 -0.068623009880560346

1.1742788742564119 -0.068623009880560346
1.1728296234132134 -0.067590671088475662

1.1728296234132134 -0.067590671088475662
1.1697103956913697 -0.065534587817396781

1.1697103956913697 -0.065534587817396781
1.1696696664264385 -0.065503782158716689

1.1696696664264385 -0.065503782158716689
1.166591167969526 -0.063472479096046502

1.166591167969526 -0.063472479096046502
1.1650382131948744 -0.062384554436873046

1.1650382131948744 -0.062384554436873046
1.1634719402476823 -0.061288745919921964

1.1634719402476823 -0.061288745919921964
1.1603648602198124 -0.05926532671502939

1.1603648602198124 -0.05926532671502939
1.1603527125258386 -0.059256250991532311

1.1603527125258386 -0.059256250991532311
1.1572334848039951 -0.05724387031916818

1.1572334848039951 -0.05724387031916818
1.1556116027492191 -0.05614609899318574

1.1556116027492191 -0.05614609899318574
1.1541142570821514 -0.05512686413261382

1.1541142570821514 -0.05512686413261382
1.1509950293603077 -0.053191282186263171

1.1509950293603077 -0.053191282186263171
1.1507639726003793 -0.053026871271342091

1.1507639726003793 -0.053026871271342091
1.147875801638464 -0.051220622502448618

1.147875801638464 -0.051220622502448618
1.1457979296500695 -0.049907643549498434

1.1457979296500695 -0.049907643549498434
1.1447565739166203 -0.049214519611426422

1.1447565739166203 -0.049214519611426422
1.1416373461947769 -0.047402303311696481

1.1416373461947769 -0.047402303311696481
1.1406890829117586 -0.046788415827654785

1.1406890829117586 -0.046788415827654785
1.1385181184729332 -0.04546864636906315

1.1385181184729332 -0.04546864636906315
1.1354353423862853 -0.043669188105811135

1.1354353423862853 -0.043669188105811135
1.1353988907510895 -0.043644704654103035

1.1353988907510895 -0.043644704654103035
1.1322796630292458 -0.041856406364008267

1.1322796630292458 -0.041856406364008267
1.1300099186716774 -0.040549960383967479

1.1300099186716774 -0.040549960383967479
1.1291604353074021 -0.040027287915182688

1.1291604353074021 -0.040027287915182688
1.1260412075855586 -0.038349831473533116

1.1260412075855586 -0.038349831473533116
1.1244253425824984 -0.037430732662123829

1.1244253425824984 -0.037430732662123829
1.1229219798637149 -0.036572156784266549

1.1229219798637149 -0.036572156784266549
1.1198027521418712 -0.034950395432379017

1.1198027521418712 -0.034950395432379017
1.1186652133657646 -0.034311504940280173

1.1186652133657646 -0.034311504940280173
1.1166835244200275 -0.033240678367589663

1.1166835244200275 -0.033240678367589663
1.1135642966981838 -0.031666387464234245

1.1135642966981838 -0.031666387464234245
1.1126981369443867 -0.03119227721843652

1.1126981369443867 -0.03119227721843652
1.1104450689763403 -0.030031445973735863

1.1104450689763403 -0.030031445973735863
1.1073258412544966 -0.028514877530796835

1.1073258412544966 -0.028514877530796835
1.1064790132400724 -0.028073049496592867

1.1064790132400724 -0.028073049496592867
1.1042066135326529 -0.026955882896481261

1.1042066135326529 -0.026955882896481261
1.1010873858108092 -0.025509943509724572

1.1010873858108092 -0.025509943509724572
1.0999402332813997 -0.024953821774749217

1.0999402332813997 -0.024953821774749217
1.0979681580889658 -0.024029124219947996

1.0979681580889658 -0.024029124219947996
1.0948489303671221 -0.022661571675939372

1.0948489303671221 -0.022661571675939372
1.0929746237978701 -0.021834594052905564

1.0929746237978701 -0.021834594052905564
1.0917297026452784 -0.021273827724486875

1.0917297026452784 -0.021273827724486875
1.0886104749234347 -0.019988970355632223

1.0886104749234347 -0.019988970355632223
1.085491247201591 -0.018730954171181483

1.085491247201591 -0.018730954171181483
1.0854551206207752 -0.018715366331061911

1.0854551206207752 -0.018715366331061911
1.0823720194797475 -0.017513920065799205

1.0823720194797475 -0.017513920065799205
1.0792527917579038 -0.016349540313311602

1.0792527917579038 -0.016349540313311602
1.0772055157650451 -0.015596138609218262

1.0772055157650451 -0.015596138609218262
1.0761335640360601 -0.015190520705745596

1.0761335640360601 -0.015190520705745596
1.0730143363142164 -0.014109347305348104

1.0730143363142164 -0.014109347305348104
1.0698951085923727 -0.013065603171377041

1.0698951085923727 -0.013065603171377041
1.0681161626979385 -0.012476910887374609

1.0681161626979385 -0.012476910887374609
1.0667758808705292 -0.012028725949377938

1.0667758808705292 -0.012028725949377938
1.0636566531486855 -0.011056609248680049

1.0636566531486855 -0.011056609248680049
1.0605374254268418 -0.010111390874394922

1.0605374254268418 -0.010111390874394922
1.0579643744862546 -0.0093576831655309573

1.0579643744862546 -0.0093576831655309573
1.0574181977049981 -0.0091899282144031601

1.0574181977049981 -0.0091899282144031601
1.0542989699831544 -0.0083214279345155857

1.0542989699831544 -0.0083214279345155857
1.0511797422613109 -0.0074804210438159666

1.0511797422613109 -0.0074804210438159666
1.0480605145394672 -0.0066793351191780665

1.0480605145394672 -0.0066793351191780665
1.0463068305800705 -0.0062384554436873043

1.0463068305800705 -0.0062384554436873043
1.0449412868176235 -0.0058928605740804045

1.0449412868176235 -0.0058928605740804045
1.0418220590957799 -0.0051576858464033367

1.0418220590957799 -0.0051576858464033367
1.0387028313739362 -0.0044527141389199614

1.0387028313739362 -0.0044527141389199614
1.0355836036520927 -0.0037826925537587158

1.0355836036520927 -0.0037826925537587158
1.032464375930249 -0.0031470570724577984

1.032464375930249 -0.0031470570724577984
1.0323267729109482 -0.0031192277218436521

1.0323267729109482 -0.0031192277218436521
1.0293451482084053 -0.0025436169662142937

1.0293451482084053 -0.0025436169662142937
1.0262259204865616 -0.0019778367095701567

1.0262259204865616 -0.0019778367095701567
1.0231066927647179 -0.0014478966331867317

1.0231066927647179 -0.0014478966331867317
1.0199874650428744 -0.0009541928125585675

1.0199874650428744 -0.0009541928125585675
1.0168682373210307 -0.00049897056568529055

1.0168682373210307 -0.00049897056568529055
1.013749009599187 -8.482642380810511e-05

1.013749009599187 -8.482642380810511e-05
1.0130613763596119 0

1.0130613763596119 0
1.0106297818773433 0.00029442865698027596

1.0106297818773433 0.00029442865698027596
1.0075105541554998 0.00063392544023854573

1.0075105541554998 0.00063392544023854573
1.0043913264336561 0.00093399765886173491

1.0043913264336561 0.00093399765886173491
1.0012720987118124 0.0011917546187286594

1.0012720987118124 0.0011917546187286594
0.99815287098996863 0.001408752690169603

0.99815287098996863 0.001408752690169603
0.99503364326812505 0.0015857117089375472

0.99503364326812505 0.0015857117089375472
0.99191441554628135 0.001722171638230524

0.99191441554628135 0.001722171638230524
0.98879518782443776 0.0018191136054141468

0.98879518782443776 0.0018191136054141468
0.98567596010259406 0.0018780814192292292

0.98567596010259406 0.0018780814192292292
0.98255673238075036 0.0018994375283912918

0.98255673238075036 0.0018994375283912918
0.97943750465890678 0.0018836073756631239

0.97943750465890678 0.0018836073756631239
0.97631827693706308 0.001831777617454474

0.97631827693706308 0.001831777617454474
0.97319904921521949 0.0017445549763761409

0.97319904921521949 0.0017445549763761409
0.97007982149337579 0.0016219130590715393

0.97007982149337579 0.0016219130590715393
0.9669605937715321 0.001463769356850543

0.9669605937715321 0.001463769356850543
0.96384136604968851 0.0012695958003325644

0.96384136604968851 0.0012695958003325644
0.96072213832784481 0.0010383714780032392

0.96072213832784481 0.0010383714780032392
0.95760291060600122 0.00076920560892891838

0.95760291060600122 0.00076920560892891838
0.95448368288415752 0.00046133530745337201

0.95448368288415752 0.00046133530745337201
0.95136445516231394 0.00011533460065491939

0.95136445516231394 0.00011533460065491939
0.95045259874914534 0

0.95045259874914534 0
0.94824522744047024 -0.00027604898832904294

0.94824522744047024 -0.00027604898832904294
0.94512599971862654 -0.00070689491101667801

0.94512599971862654 -0.00070689491101667801
0.94200677199678295 -0.0011811740681390594

0.94200677199678295 -0.0011811740681390594
0.93888754427493926 -0.0016985871277407285

0.93888754427493926 -0.0016985871277407285
0.93576831655309567 -0.0022595977274815419

0.93576831655309567 -0.0022595977274815419
0.93264908883125197 -0.0028604567303586546

0.93264908883125197 -0.0028604567303586546
0.93142989240618201 -0.0031192277218436521

0.93142989240618201 -0.0031192277218436521
0.92952986110940827 -0.003518586176984181

0.92952986110940827 -0.003518586176984181
0.92641063338756469 -0.0042073734229427558

0.92641063338756469 -0.0042073734229427558
0.92329140566572099 -0.0049412867418819938

0.92329140566572099 -0.0049412867418819938
0.9201721779438774 -0.0057131842560144471

0.9201721779438774 -0.0057131842560144471
0.91818583720255675 -0.0062384554436873043

0.91818583720255675 -0.0062384554436873043
0.9170529502220337 -0.0065440911140588112

0.9170529502220337 -0.0065440911140588112
0.91393372250019 -0.0073952247722062821

0.91393372250019 -0.0073952247722062821
0.91081449477834642 -0.00829380284708622

0.91081449477834642 -0.00829380284708622
0.90769526705650272 -0.0092230521966531892

0.90769526705650272 -0.0092230521966531892
0.90729003431247446 -0.0093576831655309573

0.90729003431247446 -0.0093576831655309573
0.90457603933465913 -0.010208541014484578

0.90457603933465913 -0.010208541014484578
0.90145681161281543 -0.011225251287842221

0.90145681161281543 -0.011225251287842221
0.89833758389097185 -0.012271650564591556

0.89833758389097185 -0.012271650564591556
0.89778906016399274 -0.012476910887374609

0.89778906016399274 -0.012476910887374609
0.89521835616912815 -0.013385392349437539

0.89521835616912815 -0.013385392349437539
0.89209912844728445 -0.014521996478559918

0.89209912844728445 -0.014521996478559918
0.88926632782446968 -0.015596138609218262

0.88926632782446968 -0.015596138609218262
0.88897990072544086 -0.015714093379141786

0.88897990072544086 -0.015714093379141786
0.88586067300359717 -0.016931750173953087

0.88586067300359717 -0.016931750173953087
0.88274144528175358 -0.018182924106855729

0.88274144528175358 -0.018182924106855729
0.88152818129830568 -0.018715366331061911

0.88152818129830568 -0.018715366331061911
0.87962221755990988 -0.019533476879028205

0.87962221755990988 -0.019533476879028205
0.87650298983806618 -0.02087433350630527

0.87650298983806618 -0.02087433350630527
0.8744089626855962 -0.021834594052905564

0.8744089626855962 -0.021834594052905564
0.8733837621162226 -0.022324988922517233

0.8733837621162226 -0.022324988922517233
0.8702645343943789 -0.02375575648994337

0.8702645343943789 -0.02375575648994337
0.867805950580398 -0.024953821774749217

0.867805950580398 -0.024953821774749217
0.86714530667253531 -0.0253009035143868

0.86714530667253531 -0.0253009035143868
0.86402607895069161 -0.026832050339813732

0.86402607895069161 -0.026832050339813732
0.86165411711612627 -0.028073049496592867

0.86165411711612627 -0.028073049496592867
0.86090685122884802 -0.028493648681651634

0.86090685122884802 -0.028493648681651634
0.85778762350700433 -0.030114397075269129

0.85778762350700433 -0.030114397075269129
0.855879708671759 -0.03119227721843652

0.855879708671759 -0.03119227721843652
0.85466839578516063 -0.031900622913752251

0.85466839578516063 -0.031900622913752251
0.85154916806331704 -0.033605038366972012

0.85154916806331704 -0.033605038366972012
0.85041763761692435 -0.034311504940280173

0.85041763761692435 -0.034311504940280173
0.84842994034147334 -0.035504054350078765

0.84842994034147334 -0.035504054350078765
0.84531071261962976 -0.037354746384054408

0.84531071261962976 -0.037354746384054408
0.84520205334743204 -0.037430732662123829

0.84520205334743204 -0.037430732662123829
0.84219148489778606 -0.039274494820951932

0.84219148489778606 -0.039274494820951932
0.84023232125157366 -0.040549960383967479

0.84023232125157366 -0.040549960383967479
0.83907225717594236 -0.04133975766366093

0.83907225717594236 -0.04133975766366093
0.83595302945409877 -0.043280524447812017

0.83595302945409877 -0.043280524447812017
0.83542117373695679 -0.043669188105811135

0.83542117373695679 -0.043669188105811135
0.83283380173225507 -0.045386848911505948

0.83283380173225507 -0.045386848911505948
0.83082445967878027 -0.046788415827654785

0.83082445967878027 -0.046788415827654785
0.82971457401041149 -0.047602540047477479

0.82971457401041149 -0.047602540047477479
0.82659534628856779 -0.049691268347354212

0.82659534628856779 -0.049691268347354212
0.82631764612236314 -0.049907643549498434

0.82631764612236314 -0.049907643549498434
0.82347611856672409 -0.051892755762771192

0.82347611856672409 -0.051892755762771192
0.82198360546010896 -0.053026871271342091

0.82198360546010896 -0.053026871271342091
0.8203568908448805 -0.054259218095127341

0.8203568908448805 -0.054259218095127341
0.81779443492084336 -0.05614609899318574

0.81779443492084336 -0.05614609899318574
0.81723766312303681 -0.056595507445425658

0.81723766312303681 -0.056595507445425658
0.81411843540119322 -0.058841857183657455

0.81411843540119322 -0.058841857183657455
0.81360426995549762 -0.05926532671502939

0.81360426995549762 -0.05926532671502939
0.81099920767934952 -0.061245452866013093

0.81099920767934952 -0.061245452866013093
0.80960737215492573 -0.062384554436873046

0.80960737215492573 -0.062384554436873046
0.80787997995750593 -0.063785937184142952

0.80787997995750593 -0.063785937184142952
0.80575551953156832 -0.065503782158716689

0.80575551953156832 -0.065503782158716689
0.80476075223566224 -0.066346396082390485

0.80476075223566224 -0.066346396082390485
0.80189558689940821 -0.068623009880560346

0.80189558689940821 -0.068623009880560346
0.80164152451381854 -0.068843952896953317

0.80164152451381854 -0.068843952896953317
0.79852229679197495 -0.071314105637063474

0.79852229679197495 -0.071314105637063474
0.79803508011045521 -0.071742237602403988

0.79803508011045521 -0.071742237602403988
0.79540306907013125 -0.073909965555348997

0.79540306907013125 -0.073909965555348997
0.79431811521315243 -0.074861465324247645

0.79431811521315243 -0.074861465324247645
0.79228384134828767 -0.076597935001719603

0.79228384134828767 -0.076597935001719603
0.79069408101620786 -0.077980693046091301

0.79069408101620786 -0.077980693046091301
0.78916461362644397 -0.079315214477082938

0.78916461362644397 -0.079315214477082938
0.78708201219412888 -0.081099920767934958

0.78708201219412888 -0.081099920767934958
0.78604538590460027 -0.08201670959943394

0.78604538590460027 -0.08201670959943394
0.78341763533932118 -0.0842191484897786

0.78341763533932118 -0.0842191484897786
0.78292615818275668 -0.084657379620628317

0.78292615818275668 -0.084657379620628317
0.77980693046091298 -0.087208709368747694

0.77980693046091298 -0.087208709368747694
0.77966165553952471 -0.087338376211622257

0.77966165553952471 -0.087338376211622257
0.7766877027390694 -0.089772267080215407

0.7766877027390694 -0.089772267080215407
0.77590254141447901 -0.090457603933465913

0.77590254141447901 -0.090457603933465913
0.7735684750172257 -0.092384094054511243

0.7735684750172257 -0.092384094054511243
0.77215891775989198 -0.093576831655309556

0.77215891775989198 -0.093576831655309556
0.77044924729538211 -0.095003232451668237

0.77044924729538211 -0.095003232451668237
0.76834877117736522 -0.096696059377153212

0.76834877117736522 -0.096696059377153212
0.76733001957353841 -0.09754835011279378

0.76733001957353841 -0.09754835011279378
0.76433017311679907 -0.099815287098996869

0.76433017311679907 -0.099815287098996869
0.76421079185169472 -0.099915004659719225

0.76421079185169472 -0.099915004659719225
0.76109156412985113 -0.10219041824083469

0.76109156412985113 -0.10219041824083469
0.76014579417220551 -0.10293451482084051

0.76014579417220551 -0.10293451482084051
0.75797233640800743 -0.10453733370460093

0.75797233640800743 -0.10453733370460093
0.75583214143134014 -0.10605374254268417

0.75583214143134014 -0.10605374254268417
0.75485310868616384 -0.10678462730582765

0.75485310868616384 -0.10678462730582765
0.75173388096432014 -0.10875864976608202

0.75173388096432014 -0.10875864976608202
0.75114391882354037 -0.10917297026452782

0.75114391882354037 -0.10917297026452782
0.74861465324247645 -0.11077481165885919

0.74861465324247645 -0.11077481165885919
0.74606831557293907 -0.11229219798637147

0.74606831557293907 -0.11229219798637147
0.74549542552063286 -0.11266556395575407

0.74549542552063286 -0.11266556395575407
0.74237619779878916 -0.11433006313745261

0.74237619779878916 -0.11433006313745261
0.74025008062044795 -0.11541142570821512

0.74025008062044795 -0.11541142570821512
0.73925697007694557 -0.11593717462908036

0.73925697007694557 -0.11593717462908036
0.73613774235510188 -0.1173171677748306

0.73613774235510188 -0.1173171677748306
0.73311217745602153 -0.11853065343005878

0.73311217745602153 -0.11853065343005878
0.73301851463325818 -0.1185718063170958

0.73301851463325818 -0.1185718063170958
0.72989928691141459 -0.11965251618917275

0.72989928691141459 -0.11965251618917275
0.72678005918957089 -0.12057363580249948

0.72678005918957089 -0.12057363580249948
0.72366083146772731 -0.12131108282596911

0.72366083146772731 -0.12131108282596911
0.7217488941776109 -0.12164988115190242

0.7217488941776109 -0.12164988115190242
0.72054160374588361 -0.12186422643388518

0.72054160374588361 -0.12186422643388518
0.71742237602404002 -0.12221658284949193

0.71742237602404002 -0.12221658284949193
0.71430314830219632 -0.12238877244122967

0.71430314830219632 -0.12238877244122967
0.71118392058035262 -0.12237722563087654

0.71118392058035262 -0.12237722563087654
0.70806469285850904 -0.12218025113892197

0.70806469285850904 -0.12218025113892197
0.70494546513666534 -0.12180080529782741

0.70494546513666534 -0.12180080529782741
0.70412826798470862 -0.12164988115190242

0.70412826798470862 -0.12164988115190242
0.70182623741482175 -0.12123085657982828

0.70182623741482175 -0.12123085657982828
0.69870700969297805 -0.12048681489005553

0.69870700969297805 -0.12048681489005553
0.69558778197113436 -0.1195534156980787

0.69558778197113436 -0.1195534156980787
0.6927463493308611 -0.11853065343005878

0.6927463493308611 -0.11853065343005878
0.69246855424929077 -0.1184218091073478

0.69246855424929077 -0.1184218091073478
0.68934932652744707 -0.11712229096536712

0.68934932652744707 -0.11712229096536712
0.68623009880560348 -0.11564933435083211

0.68623009880560348 -0.11564933435083211
0.68583108663239578 -0.11541142570821512

0.68583108663239578 -0.11541142570821512
0.68311087108375979 -0.11393839890069685

0.68311087108375979 -0.11393839890069685
0.68035930238312392 -0.11229219798637147

0.68035930238312392 -0.11229219798637147
0.6799916433619162 -0.11204264144861224

0.6799916433619162 -0.11204264144861224
0.6768724156400725 -0.11009115994533256

0.6768724156400725 -0.11009115994533256
0.67564082387928159 -0.10917297026452782

0.67564082387928159 -0.10917297026452782
0.6737531879182288 -0.10779661409314545

0.6737531879182288 -0.10779661409314545
0.67145993562092776 -0.10605374254268417

0.67145993562092776 -0.10605374254268417
0.67063396019638521 -0.10537821489076556

0.67063396019638521 -0.10537821489076556
0.66751473247454152 -0.10293965062459448

0.66751473247454152 -0.10293965062459448
0.66750893071147077 -0.10293451482084051

0.66750893071147077 -0.10293451482084051
0.66439550475269793 -0.1003556869849121

0.66439550475269793 -0.1003556869849121
0.66380417829941796 -0.099815287098996869

0.66380417829941796 -0.099815287098996869
0.66127627703085423 -0.097563794637907306

0.66127627703085423 -0.097563794637907306
0.66035600806300998 -0.096696059377153212

0.66035600806300998 -0.096696059377153212
0.65815704930901053 -0.094630881869601266

0.65815704930901053 -0.094630881869601266
0.6570670541895316 -0.093576831655309556

0.6570670541895316 -0.093576831655309556
0.65503782158716695 -0.091604424940739268

0.65503782158716695 -0.091604424940739268
0.65387904137502872 -0.090457603933465913

0.65387904137502872 -0.090457603933465913
0.65191859386532325 -0.088491517042207382

0.65191859386532325 -0.088491517042207382
0.65078085491025017 -0.087338376211622257

0.65078085491025017 -0.087338376211622257
0.64879936614347966 -0.085300531936668381

0.64879936614347966 -0.085300531936668381
0.64774833873945992 -0.0842191484897786

0.64774833873945992 -0.0842191484897786
0.64568013842163596 -0.082055924931234772

0.64568013842163596 -0.082055924931234772
0.64475998491333142 -0.081099920767934958

0.64475998491333142 -0.081099920767934958
0.64256091069979226 -0.078767169730478231

0.64256091069979226 -0.078767169730478231
0.64180946917255377 -0.077980693046091301

0.64180946917255377 -0.077980693046091301
0.63944168297794868 -0.075427756441444199

0.63944168297794868 -0.075427756441444199
0.63890436395090522 -0.074861465324247645

0.63890436395090522 -0.074861465324247645
0.63632245525610498 -0.072030740873449517

0.63632245525610498 -0.072030740873449517
0.63604972116812675 -0.071742237602403988

0.63604972116812675 -0.071742237602403988
0.63324006901660945 -0.068623009880560346

0.63324006901660945 -0.068623009880560346
0.63320322753426139 -0.068584033214299997

0.63320322753426139 -0.068584033214299997
0.63043195329434731 -0.065503782158716689

0.63043195329434731 -0.065503782158716689
0.63008399981241769 -0.065134152010067795

0.63008399981241769 -0.065134152010067795
0.62760090296199267 -0.062384554436873046

0.62760090296199267 -0.062384554436873046
0.62696477209057411 -0.061705336568953065

0.62696477209057411 -0.061705336568953065
0.62475185274588785 -0.05926532671502939

0.62475185274588785 -0.05926532671502939
0.62384554436873041 -0.058292236647197772

0.62384554436873041 -0.058292236647197772
0.62188705710667036 -0.05614609899318574

0.62188705710667036 -0.05614609899318574
0.62072631664688671 -0.054897364666325624

0.62072631664688671 -0.054897364666325624
0.61900439100361515 -0.053026871271342091

0.61900439100361515 -0.053026871271342091
0.61760708892504312 -0.051521320671597058

0.61760708892504312 -0.051521320671597058
0.61611110305316075 -0.049907643549498434

0.61611110305316075 -0.049907643549498434
0.61448786120319943 -0.048153630293825918

0.61448786120319943 -0.048153630293825918
0.61321438670253903 -0.046788415827654785

0.61321438670253903 -0.046788415827654785
0.61136863348135584 -0.044794786201958967

0.61136863348135584 -0.044794786201958967
0.61030890494056311 -0.043669188105811135

0.61030890494056311 -0.043669188105811135
0.60824940575951214 -0.041455896632103445

0.60824940575951214 -0.041455896632103445
0.60738792538877162 -0.040549960383967479

0.60738792538877162 -0.040549960383967479
0.60513017803766844 -0.038141826855340323

0.60513017803766844 -0.038141826855340323
0.60444760998279812 -0.037430732662123829

0.60444760998279812 -0.037430732662123829
0.60201095031582486 -0.03485340385518633

0.60201095031582486 -0.03485340385518633
0.60148634187721872 -0.034311504940280173

0.60148634187721872 -0.034311504940280173
0.59889172259398116 -0.031599193095900494

0.59889172259398116 -0.031599193095900494
0.5984937385140715 -0.03119227721843652

0.5984937385140715 -0.03119227721843652
0.59577249487213757 -0.028392953576198979

0.59577249487213757 -0.028392953576198979
0.59545617784924409 -0.028073049496592867

0.59545617784924409 -0.028073049496592867
0.59265326715029387 -0.025241245839434989

0.59265326715029387 -0.025241245839434989
0.59236607812788578 -0.024953821774749217

0.59236607812788578 -0.024953821774749217
0.58953403942845028 -0.02214161124600756

0.58953403942845028 -0.02214161124600756
0.58922436974185077 -0.021834594052905564

0.58922436974185077 -0.021834594052905564
0.58641481170660659 -0.019090294297670878

0.58641481170660659 -0.019090294297670878
0.58603287125400139 -0.018715366331061911

0.58603287125400139 -0.018715366331061911
0.58329558398476289 -0.016083782180788937

0.58329558398476289 -0.016083782180788937
0.58279376441327024 -0.015596138609218262

0.58279376441327024 -0.015596138609218262
0.5801763562629193 -0.01311289583867877

0.5801763562629193 -0.01311289583867877
0.57951571027054427 -0.012476910887374609

0.57951571027054427 -0.012476910887374609
0.5770571285410756 -0.010166495726103666

0.5770571285410756 -0.010166495726103666
0.57620949469066773 -0.0093576831655309573

0.57620949469066773 -0.0093576831655309573
0.57393790081923202 -0.00723877285099508

0.57393790081923202 -0.00723877285099508
0.57287849057272922 -0.0062384554436873043

0.57287849057272922 -0.0062384554436873043
0.57081867309738832 -0.004331568589382888

0.57081867309738832 -0.004331568589382888
0.5695170015909643 -0.0031192277218436521

0.5695170015909643 -0.0031192277218436521
0.56769944537554462 -0.0014502009026325713

0.56769944537554462 -0.0014502009026325713
0.5661139379287079 0

0.5661139379287079 0
0.56458021765370103 0.0013972463351962321

0.56458021765370103 0.0013972463351962321
0.56265311829590514 0.0031192277218436517

0.56265311829590514 0.0031192277218436517
0.56146098993185733 0.0041974238276317214

0.56146098993185733 0.0041974238276317214
0.559103491927056 0.0062384554436873043

0.559103491927056 0.0062384554436873043
0.55834176221001375 0.0069225446048756939

0.55834176221001375 0.0069225446048756939
0.55541004472684274 0.0093576831655309556

0.55541004472684274 0.0093576831655309556
0.55522253448817005 0.0095246828868796457

0.55522253448817005 0.0095246828868796457
0.55210330676632646 0.012030885951304712

0.55210330676632646 0.012030885951304712
0.55159057405398937 0.012476910887374609

0.55159057405398937 0.012476910887374609
0.54898407904448276 0.014577601202634247

0.54898407904448276 0.014577601202634247
0.54776871058886001 0.01559613860921826

0.54776871058886001 0.01559613860921826
0.54586485132263907 0.017141703509011882

0.54586485132263907 0.017141703509011882
0.54388334982760789 0.018715366331061915

0.54388334982760789 0.018715366331061915
0.54274562360079548 0.019646465425688535

0.54274562360079548 0.019646465425688535
0.53980306325193106 0.021834594052905568

0.53980306325193106 0.021834594052905568
0.53962639587895178 0.021979911671276761

0.53962639587895178 0.021979911671276761
0.53650716815710819 0.024207946712749322

0.53650716815710819 0.024207946712749322
0.53554828880941052 0.024953821774749217

0.53554828880941052 0.024953821774749217
0.5333879404352645 0.02653364871367709

0.5333879404352645 0.02653364871367709
0.53123663851595349 0.02807304949659287

0.53123663851595349 0.02807304949659287
0.5302687127134208 0.028804909390946643

0.5302687127134208 0.028804909390946643
0.52714948499157721 0.030868114049883287

0.52714948499157721 0.030868114049883287
0.52671781762647585 0.03119227721843652

0.52671781762647585 0.03119227721843652
0.52403025726973351 0.032998044468395063

0.52403025726973351 0.032998044468395063
0.52208883370084802 0.034311504940280173

0.52208883370084802 0.034311504940280173
0.52091102954788993 0.035139148083028891

0.52091102954788993 0.035139148083028891
0.51779180182604623 0.037064357624729184

0.51779180182604623 0.037064357624729184
0.51727046049091152 0.037430732662123822

0.51727046049091152 0.037430732662123822
0.51467257410420253 0.039073769587888121

0.51467257410420253 0.039073769587888121
0.51231131650887252 0.040549960383967479

0.51231131650887252 0.040549960383967479
0.51155334638235894 0.04106278196795965

0.51155334638235894 0.04106278196795965
0.50843411866051524 0.042868558582876214

0.50843411866051524 0.042868558582876214
0.50714901087473396 0.043669188105811128

0.50714901087473396 0.043669188105811128
0.50531489093867166 0.044779270182614579

0.50531489093867166 0.044779270182614579
0.50219566321682796 0.046522778284377578

0.50219566321682796 0.046522778284377578
0.50177359850485048 0.046788415827654778

0.50177359850485048 0.046788415827654778
0.49907643549498437 0.048309271468512084

0.49907643549498437 0.048309271468512084
0.49615910667664798 0.049907643549498434

0.49615910667664798 0.049907643549498434
0.49595720777314067 0.050032740098178624

0.49595720777314067 0.050032740098178624
0.49283798005129703 0.051674796542354164

0.49283798005129703 0.051674796542354164
0.49023568850491417 0.053026871271342084

0.49023568850491417 0.053026871271342084
0.48971875232945339 0.053320441110913254

0.48971875232945339 0.053320441110913254
0.48659952460760969 0.054857236817323872

0.48659952460760969 0.054857236817323872
0.4839672401910412 0.056146098993185733

0.4839672401910412 0.056146098993185733
0.48348029688576605 0.056406026376221455

0.48348029688576605 0.056406026376221455
0.48036106916392241 0.057863762583506242

0.48036106916392241 0.057863762583506242
0.47731390034897736 0.05926532671502939

0.47731390034897736 0.05926532671502939
0.47724184144207876 0.059302481848327891

0.47724184144207876 0.059302481848327891
0.47412261372023512 0.060690299254225609

0.47412261372023512 0.060690299254225609
0.47100338599839148 0.062018809848578306

0.47100338599839148 0.062018809848578306
0.47018331395169721 0.06238455443687304

0.47018331395169721 0.06238455443687304
0.46788415827654778 0.06335700226507697

0.46788415827654778 0.06335700226507697
0.46476493055470414 0.064614373279699072

0.46476493055470414 0.064614373279699072
0.46253871884547154 0.065503782158716703

0.46253871884547154 0.065503782158716703
0.46164570283286049 0.065875996233666884

0.46164570283286049 0.065875996233666884
0.45852647511101685 0.067056986981939376

0.45852647511101685 0.067056986981939376
0.45540724738917321 0.068198670370183095

0.45540724738917321 0.068198670370183095
0.45426957743792551 0.068623009880560346

0.45426957743792551 0.068623009880560346
0.45228801966732957 0.069342957808956024

0.45228801966732957 0.069342957808956024
0.44916879194548587 0.070422083142848743

0.44916879194548587 0.070422083142848743
0.44604956422364223 0.071461932285673269

0.44604956422364223 0.071461932285673269
0.4452267325556904 0.071742237602404002

0.4452267325556904 0.071742237602404002
0.44293033650179858 0.072493090136880323

0.44293033650179858 0.072493090136880323
0.43981110877995494 0.07346341135783846

0.43981110877995494 0.07346341135783846
0.4366918810581113 0.074388565197772288

0.4366918810581113 0.074388565197772288
0.43507240282644061 0.074861465324247659

0.43507240282644061 0.074861465324247659
0.4335726533362676 0.075299978833418546

0.4335726533362676 0.075299978833418546
0.43045342561442396 0.076150324617845919

0.43045342561442396 0.076150324617845919
0.42733419789258031 0.076970045578480931

0.42733419789258031 0.076970045578480931
0.42421497017073667 0.077742825827382567

0.42421497017073667 0.077742825827382567
0.42324392473151751 0.077980693046091315

0.42324392473151751 0.077980693046091315
0.42109574244889303 0.078494276145922318

0.42109574244889303 0.078494276145922318
0.41797651472704939 0.079199023799680995

0.41797651472704939 0.079199023799680995
0.41485728700520569 0.079875457658574109

0.41485728700520569 0.079875457658574109
0.41173805928336205 0.080521972813419149

0.41173805928336205 0.080521972813419149
0.4088122291028552 0.081099920767934958

0.4088122291028552 0.081099920767934958
0.4086188315615184 0.081139798251548864

0.4086188315615184 0.081139798251548864
0.40549960383967476 0.081723121003644331

0.40549960383967476 0.081723121003644331
0.40238037611783112 0.082278551381885695

0.40238037611783112 0.082278551381885695
0.39926114839598748 0.082807378204845572

0.39926114839598748 0.082807378204845572
0.39614192067414378 0.083312892126209737

0.39614192067414378 0.083312892126209737
0.39302269295230013 0.083796295106167443

0.39302269295230013 0.083796295106167443
0.39016344643009099 0.084219148489778614

0.39016344643009099 0.084219148489778614
0.38990346523045649 0.084258781962341031

0.38990346523045649 0.084258781962341031
0.38678423750861285 0.084695565678919352

0.38678423750861285 0.084695565678919352
0.38366500978676921 0.08511021842790574

0.38366500978676921 0.08511021842790574
0.38054578206492556 0.085501986599648208

0.38054578206492556 0.085501986599648208
0.37742655434308187 0.085870329845925297

0.37742655434308187 0.085870329845925297
0.37430732662123822 0.086213040425143758

0.37430732662123822 0.086213040425143758
0.37118809889939458 0.086527671027591138

0.37118809889939458 0.086527671027591138
0.36806887117755094 0.086813044949807891

0.36806887117755094 0.086813044949807891
0.3649496434557073 0.087069134536233772

0.3649496434557073 0.087069134536233772
0.36183041573386365 0.087295936071297958

0.36183041573386365 0.087295936071297958
0.36117112843645022 0.087338376211622271

0.36117112843645022 0.087338376211622271
0.35871118801201995 0.087495089734083098

0.35871118801201995 0.087495089734083098
0.35559196029017631 0.087664799425807266

0.35559196029017631 0.087664799425807266
0.35247273256833267 0.08780665287859224

0.35247273256833267 0.08780665287859224
0.34935350484648903 0.08792206774968174

0.34935350484648903 0.08792206774968174
0.34623427712464538 0.088013297324494422

0.34623427712464538 0.088013297324494422
0.34311504940280169 0.088082798398239223

0.34311504940280169 0.088082798398239223
0.33999582168095804 0.088132760337724533

0.33999582168095804 0.088132760337724533
0.3368765939591144 0.088165196166853629

0.3368765939591144 0.088165196166853629
0.33375736623727076 0.088182319210546742

0.33375736623727076 0.088182319210546742
0.33063813851542712 0.088186495913559773

0.33063813851542712 0.088186495913559773
0.32751891079358347 0.088179932636903491

0.32751891079358347 0.088179932636903491
0.32439968307173978 0.088164343067391279

0.32439968307173978 0.088164343067391279
0.32128045534989613 0.088140660857626674

0.32128045534989613 0.088140660857626674
0.31816122762805249 0.088109131213431946

0.31816122762805249 0.088109131213431946
0.31504199990620885 0.088069775610666007

0.31504199990620885 0.088069775610666007
0.3119227721843652 0.088022707389460053

0.3119227721843652 0.088022707389460053
0.30880354446252156 0.08796800397246031

0.30880354446252156 0.08796800397246031
0.30568431674067786 0.0879054090677788

0.30568431674067786 0.0879054090677788
0.30256508901883422 0.087834290148125035

0.30256508901883422 0.087834290148125035
0.29944586129699058 0.087753969708476251

0.29944586129699058 0.087753969708476251
0.29632663357514694 0.087664210698153888

0.29632663357514694 0.087664210698153888
0.29320740585330329 0.087565509261140026

0.29320740585330329 0.087565509261140026
0.29008817813145965 0.087458998659127055

0.29008817813145965 0.087458998659127055
0.28696895040961595 0.087346293829652658

0.28696895040961595 0.087346293829652658
0.28676018713911217 0.087338376211622271

0.28676018713911217 0.087338376211622271
0.28384972268777231 0.087228875721118385

0.28384972268777231 0.087228875721118385
0.28073049496592867 0.087108934670078533

0.28073049496592867 0.087108934670078533
0.27761126724408502 0.086988927257788784

0.27761126724408502 0.086988927257788784
0.27449203952224138 0.086871625675925032

0.27449203952224138 0.086871625675925032
0.27137281180039774 0.086759579152657307

0.27137281180039774 0.086759579152657307
0.26825358407855404 0.086654942949754343

0.26825358407855404 0.086654942949754343
0.2651343563567104 0.086559423556890572

0.2651343563567104 0.086559423556890572
0.26201512863486676 0.086474300282315369

0.26201512863486676 0.086474300282315369
0.25889590091302311 0.08640039236680426

0.25889590091302311 0.08640039236680426
0.25577667319117947 0.086337928456890325

0.25577667319117947 0.086337928456890325
0.25265744546933583 0.086286487534190145

0.25265744546933583 0.086286487534190145
0.24953821774749216 0.086245108153813171

0.24953821774749216 0.086245108153813171
0.24641899002564852 0.086212508115604131

0.24641899002564852 0.086212508115604131
0.24329976230380487 0.086187306776550274

0.24329976230380487 0.086187306776550274
0.24018053458196123 0.086168172555556907

0.24018053458196123 0.086168172555556907
0.23706130686011756 0.086153896542713201

0.23706130686011756 0.086153896542713201
0.23394207913827392 0.086143475604124858

0.23394207913827392 0.086143475604124858
0.23082285141643027 0.086136277372371159

0.23082285141643027 0.086136277372371159
0.2277036236945866 0.086132234887494219

0.2277036236945866 0.086132234887494219
0.22458439597274296 0.086131907948743647

0.22458439597274296 0.086131907948743647
0.22146516825089932 0.086136311371397448

0.22146516825089932 0.086136311371397448
0.21834594052905565 0.086146591660873253

0.21834594052905565 0.086146591660873253
0.21522671280721201 0.086163757744533942

0.21522671280721201 0.086163757744533942
0.21210748508536836 0.086188663259146106

0.21210748508536836 0.086188663259146106
0.20898825736352469 0.086222253532895934

0.20898825736352469 0.086222253532895934
0.20586902964168105 0.086265848142074428

0.20586902964168105 0.086265848142074428
0.20274980191983741 0.086321174636102935

0.20274980191983741 0.086321174636102935
0.19963057419799374 0.086390082350652292

0.19963057419799374 0.086390082350652292
0.19651134647615009 0.08647415365085559

0.19651134647615009 0.08647415365085559
0.19339211875430642 0.086574518643647805

0.19339211875430642 0.086574518643647805
0.19027289103246278 0.086691896847543859

0.19027289103246278 0.086691896847543859
0.18715366331061914 0.086826668443978877

0.18715366331061914 0.086826668443978877
0.18403443558877547 0.086979136602062648

0.18403443558877547 0.086979136602062648
0.18091520786693183 0.087149196304959292

0.18091520786693183 0.087149196304959292
0.17779598014508818 0.087335457286170898

0.17779598014508818 0.087335457286170898
0.17775140990253738 0.087338376211622271

0.17775140990253738 0.087338376211622271
0.17467675242324451 0.087536700346390772

0.17467675242324451 0.087536700346390772
0.17155752470140087 0.08775012756366013

0.17155752470140087 0.08775012756366013
0.16843829697955723 0.087974690565482683

0.16843829697955723 0.087974690565482683
0.16531906925771356 0.088211683805631394

0.16531906925771356 0.088211683805631394
0.16219984153586992 0.08845888145299835

0.16219984153586992 0.08845888145299835
0.15908061381402627 0.088712473709517375

0.15908061381402627 0.088712473709517375
0.1559613860921826 0.088971735288336601

0.1559613860921826 0.088971735288336601
0.15284215837033896 0.089237171979653362

0.15284215837033896 0.089237171979653362
0.14972293064849532 0.089506827048734028

0.14972293064849532 0.089506827048734028
0.14660370292665165 0.089779148854984975

0.14660370292665165 0.089779148854984975
0.143484475204808 0.090055207033272744

0.143484475204808 0.090055207033272744
0.14036524748296436 0.090335622904922169

0.14036524748296436 0.090335622904922169
0.13902943607679588 0.090457603933465913

0.13902943607679588 0.090457603933465913
0.13724601976112069 0.090619906686732712

0.13724601976112069 0.090619906686732712
0.13412679203927705 0.090902791216736237

0.13412679203927705 0.090902791216736237
0.13100756431743341 0.091191176886229131

0.13100756431743341 0.091191176886229131
0.12788833659558974 0.091483080645062387

0.12788833659558974 0.091483080645062387
0.12476910887374609 0.091778616035713523

0.12476910887374609 0.091778616035713523
0.12164988115190244 0.092080089104831939

0.12164988115190244 0.092080089104831939
0.11853065343005878 0.092387237287702748

0.11853065343005878 0.092387237287702748
0.11541142570821514 0.092699348208439003

0.11541142570821514 0.092699348208439003
0.11229219798637148 0.093017077159723516

0.11229219798637148 0.093017077159723516
0.10917297026452782 0.093339675743751793

0.10917297026452782 0.093339675743751793
0.10691578256507701 0.09357683165530957

0.10691578256507701 0.09357683165530957
0.10605374254268418 0.093668492566328018

0.10605374254268418 0.093668492566328018
0.10293451482084053 0.093998002227812683

0.10293451482084053 0.093998002227812683
0.099815287098996869 0.094331963603159916

0.099815287098996869 0.094331963603159916
0.096696059377153226 0.094667335113322065

0.096696059377153226 0.094667335113322065
0.09357683165530957 0.095003193435266531

0.09357683165530957 0.095003193435266531
0.090457603933465913 0.095339075115468741

0.090457603933465913 0.095339075115468741
0.087338376211622271 0.095673844450359494

0.087338376211622271 0.095673844450359494
0.084219148489778614 0.096006692083388787

0.084219148489778614 0.096006692083388787
0.081099920767934958 0.096337560966712144

0.081099920767934958 0.096337560966712144
0.077980693046091315 0.096665693140399175

0.077980693046091315 0.096665693140399175
0.077696966197130582 0.096696059377153226

0.077696966197130582 0.096696059377153226
0.074861465324247659 0.096993005700318449

0.074861465324247659 0.096993005700318449
0.071742237602404002 0.097317557705192154

0.071742237602404002 0.097317557705192154
0.068623009880560346 0.09764013928693871

0.068623009880560346 0.09764013928693871
0.065503782158716703 0.097960589335509343

0.065503782158716703 0.097960589335509343
0.06238455443687304 0.098279578013959229

0.06238455443687304 0.098279578013959229
0.05926532671502939 0.098597511796727835

0.05926532671502939 0.098597511796727835
0.056146098993185733 0.098914451796478051

0.056146098993185733 0.098914451796478051
0.053026871271342084 0.099230935476400189

0.053026871271342084 0.099230935476400189
0.049907643549498434 0.099547265596616849

0.049907643549498434 0.099547265596616849
0.047266766053016426 0.099815287098996869

0.047266766053016426 0.099815287098996869
0.046788415827654778 0.099864703386436535

0.046788415827654778 0.099864703386436535
0.043669188105811128 0.1001797189956791

0.043669188105811128 0.1001797189956791
0.040549960383967479 0.10049499829899239

0.040549960383967479 0.10049499829899239
0.037430732662123822 0.10080898183758087

0.037430732662123822 0.10080898183758087
0.034311504940280173 0.10112015266643523

0.034311504940280173 0.10112015266643523
0.03119227721843652 0.10142768652886304

0.03119227721843652 0.10142768652886304
0.02807304949659287 0.10173153497997527

0.02807304949659287 0.10173153497997527
0.024953821774749217 0.10203139784035063

0.024953821774749217 0.10203139784035063
0.021834594052905568 0.10232713061236588

0.021834594052905568 0.10232713061236588
0.018715366331061915 0.10261922317946934

0.018715366331061915 0.10261922317946934
0.01559613860921826 0.10290800861815848

0.01559613860921826 0.10290800861815848
0.015313911476293778 0.10293451482084053

0.015313911476293778 0.10293451482084053
0.012476910887374609 0.10319591679419071

0.012476910887374609 0.10319591679419071
0.0093576831655309556 0.10348197935441286

0.0093576831655309556 0.10348197935441286
0.0062384554436873043 0.10376701194312152

0.0062384554436873043 0.10376701194312152
0.0031192277218436517 0.10405129917140495

0.0031192277218436517 0.10405129917140495
0 0.10433555113942948

0 0.10433555113942948
-0.0031192277218436521 0.10461976178468413

-0.0031192277218436521 0.10461976178468413
-0.0062384554436873043 0.10490377388464552

-0.0062384554436873043 0.10490377388464552
-0.0093576831655309573 0.10518763661677857

-0.0093576831655309573 0.10518763661677857
-0.012476910887374609 0.1054707975042746

-0.012476910887374609 0.1054707975042746
-0.015596138609218262 0.10575226460975821

-0.015596138609218262 0.10575226460975821
-0.018715366331061911 0.10603075852418002

-0.018715366331061911 0.10603075852418002
-0.018970292398919161 0.10605374254268418

-0.018970292398919161 0.10605374254268418
-0.021834594052905564 0.10630717659174456

-0.021834594052905564 0.10630717659174456
-0.024953821774749217 0.10657961528660044

-0.024953821774749217 0.10657961528660044
-0.028073049496592867 0.10684725619281189

-0.028073049496592867 0.10684725619281189
-0.03119227721843652 0.10710926190386041

-0.03119227721843652 0.10710926190386041
-0.034311504940280173 0.10736572677189411

-0.034311504940280173 0.10736572677189411
-0.037430732662123829 0.1076163758734309

-0.037430732662123829 0.1076163758734309
-0.040549960383967479 0.10786108805856023

-0.040549960383967479 0.10786108805856023
-0.043669188105811135 0.10810023038093486

-0.043669188105811135 0.10810023038093486
-0.046788415827654785 0.10833417635614385

-0.046788415827654785 0.10833417635614385
-0.049907643549498434 0.10856335803438283

-0.049907643549498434 0.10856335803438283
-0.053026871271342091 0.1087883242675914

-0.053026871271342091 0.1087883242675914
-0.05614609899318574 0.10900944087824005

-0.05614609899318574 0.10900944087824005
-0.058467240689046754 0.10917297026452782

-0.058467240689046754 0.10917297026452782
-0.05926532671502939 0.10922968433620137

-0.05926532671502939 0.10922968433620137
-0.062384554436873046 0.10944792490947482

-0.062384554436873046 0.10944792490947482
-0.065503782158716689 0.10966676872082251

-0.065503782158716689 0.10966676872082251
-0.068623009880560346 0.10988496322922744

-0.068623009880560346 0.10988496322922744
-0.071742237602403988 0.11010030681208319

-0.071742237602403988 0.11010030681208319
-0.074861465324247645 0.11031293485902015

-0.074861465324247645 0.11031293485902015
-0.077980693046091301 0.11052206189989973

-0.077980693046091301 0.11052206189989973
-0.081099920767934958 0.11072611329692503

-0.081099920767934958 0.11072611329692503
-0.0842191484897786 0.11092485444439919

-0.0842191484897786 0.11092485444439919
-0.087338376211622257 0.11111779260925722

-0.087338376211622257 0.11111779260925722
-0.090457603933465913 0.11130389897174681

-0.090457603933465913 0.11130389897174681
-0.093576831655309556 0.11148265773280451

-0.093576831655309556 0.11148265773280451
-0.096696059377153212 0.11165360257340839

-0.096696059377153212 0.11165360257340839
-0.099815287098996869 0.11181611504320214

-0.099815287098996869 0.11181611504320214
-0.10293451482084051 0.11196984334634009

-0.10293451482084051 0.11196984334634009
-0.10605374254268417 0.11211483088608397

-0.10605374254268417 0.11211483088608397
-0.10917297026452782 0.11225144885904206

-0.10917297026452782 0.11225144885904206
-0.11013009851192258 0.11229219798637148

-0.11013009851192258 0.11229219798637148
-0.11229219798637147 0.11238386474603369

-0.11229219798637147 0.11238386474603369
-0.11541142570821512 0.11251243357256618

-0.11541142570821512 0.11251243357256618
-0.11853065343005878 0.11263777800246166

-0.11853065343005878 0.11263777800246166
-0.12164988115190242 0.11276133619241901

-0.12164988115190242 0.11276133619241901
-0.12476910887374608 0.11288338271120765

-0.12476910887374608 0.11288338271120765
-0.12788833659558974 0.11300518112547925

-0.12788833659558974 0.11300518112547925
-0.13100756431743338 0.11312712777199227

-0.13100756431743338 0.11312712777199227
-0.13412679203927705 0.11324941593001321

-0.13412679203927705 0.11324941593001321
-0.13724601976112069 0.11337206362351958

-0.13724601976112069 0.11337206362351958
-0.14036524748296433 0.1134941156110086

-0.14036524748296433 0.1134941156110086
-0.143484475204808 0.11361455543854035

-0.143484475204808 0.11361455543854035
-0.14660370292665165 0.11373198286552871

-0.14660370292665165 0.11373198286552871
-0.14972293064849529 0.11384460653053936

-0.14972293064849529 0.11384460653053936
-0.15284215837033896 0.11395087173202217

-0.15284215837033896 0.11395087173202217
-0.1559613860921826 0.11404925760213826

-0.1559613860921826 0.11404925760213826
-0.15908061381402624 0.11413835886285337

-0.15908061381402624 0.11413835886285337
-0.16219984153586992 0.11421726679362801

-0.16219984153586992 0.11421726679362801
-0.16531906925771356 0.11428543168927298

-0.16531906925771356 0.11428543168927298
-0.1684382969795572 0.11434262006445174

-0.1684382969795572 0.11434262006445174
-0.17155752470140087 0.11438906934157023

-0.17155752470140087 0.11438906934157023
-0.17467675242324451 0.11442541438490952

-0.17467675242324451 0.11442541438490952
-0.17779598014508816 0.11445252659539107

-0.17779598014508816 0.11445252659539107
-0.18091520786693183 0.11447147116428531

-0.18091520786693183 0.11447147116428531
-0.18403443558877547 0.11448347892985264

-0.18403443558877547 0.11448347892985264
-0.18715366331061911 0.11448988180785379

-0.18715366331061911 0.11448988180785379
-0.19027289103246278 0.11449203529018087

-0.19027289103246278 0.11449203529018087
-0.19339211875430642 0.11449118999726875

-0.19339211875430642 0.11449118999726875
-0.19651134647615007 0.11448831735456901

-0.19651134647615007 0.11448831735456901
-0.19963057419799374 0.11448397541046547

-0.19963057419799374 0.11448397541046547
-0.20274980191983738 0.11447827725419622

-0.20274980191983738 0.11447827725419622
-0.20586902964168105 0.11447094669466799

-0.20586902964168105 0.11447094669466799
-0.20898825736352469 0.11446139104994082

-0.20898825736352469 0.11446139104994082
-0.21210748508536834 0.11444873294152078

-0.21210748508536834 0.11444873294152078
-0.21522671280721201 0.11443181673954674

-0.21522671280721201 0.11443181673954674
-0.21834594052905565 0.11440925916353717

-0.21834594052905565 0.11440925916353717
-0.22146516825089929 0.11437958106907624

-0.22146516825089929 0.11437958106907624
-0.22458439597274296 0.11434137933140341

-0.22458439597274296 0.11434137933140341
-0.2277036236945866 0.11429345449938509

-0.2277036236945866 0.11429345449938509
-0.23082285141643025 0.11423484940894202

-0.23082285141643025 0.11423484940894202
-0.23394207913827392 0.11416481831020107

-0.23394207913827392 0.11416481831020107
-0.23706130686011756 0.11408282164550887

-0.23706130686011756 0.11408282164550887
-0.2401805345819612 0.11398856125337538

-0.2401805345819612 0.11398856125337538
-0.24329976230380487 0.11388212084202923

-0.24329976230380487 0.11388212084202923
-0.24641899002564852 0.11376408557515662

-0.24641899002564852 0.11376408557515662
-0.24953821774749216 0.11363540858757724

-0.24953821774749216 0.11363540858757724
-0.25265744546933583 0.11349720707535044

-0.25265744546933583 0.11349720707535044
-0.25577667319117953 0.11335059340171996

-0.25577667319117953 0.11335059340171996
-0.25889590091302317 0.1131965897695684

-0.25889590091302317 0.1131965897695684
-0.26201512863486681 0.11303613232678029

-0.26201512863486681 0.11303613232678029
-0.26513435635671045 0.11287005338570667

-0.26513435635671045 0.11287005338570667
-0.2682535840785541 0.1126989625058904

-0.2682535840785541 0.1126989625058904
-0.2682535840785541 0.1126989625058904

-0.2682535840785541 0.1126989625058904
-0.27137281180039774 0.11252304159630867

-0.27137281180039774 0.11252304159630867
-0.27449203952224144 0.11234233279499634

-0.27449203952224144 0.11234233279499634
-0.27532220466534918 0.11229219798637148

-0.27532220466534918 0.11229219798637148
-0.27761126724408508 0.11215489403023422

-0.27761126724408508 0.11215489403023422
-0.28073049496592872 0.11196159714310081

-0.28073049496592872 0.11196159714310081
-0.28384972268777237 0.11176041862180236

-0.28384972268777237 0.11176041862180236
-0.28696895040961601 0.11154995527886642

-0.28696895040961601 0.11154995527886642
-0.29008817813145965 0.1113286117446108

-0.29008817813145965 0.1113286117446108
-0.29320740585330335 0.11109476775851444

-0.29320740585330335 0.11109476775851444
-0.29632663357514699 0.11084706705262604

-0.29632663357514699 0.11084706705262604
-0.29944586129699063 0.11058462850414102

-0.29944586129699063 0.11058462850414102
-0.30256508901883428 0.11030693851930704

-0.30256508901883428 0.11030693851930704
-0.30568431674067792 0.11001369230399129

-0.30568431674067792 0.11001369230399129
-0.30880354446252156 0.10970478140432088

-0.30880354446252156 0.10970478140432088
-0.31192277218436526 0.10938091156386201

-0.31192277218436526 0.10938091156386201
-0.31382113123575744 0.10917297026452782

-0.31382113123575744 0.10917297026452782
-0.3150419999062089 0.10903835699747365

-0.3150419999062089 0.10903835699747365
-0.31816122762805255 0.10868493913564173

-0.31816122762805255 0.10868493913564173
-0.32128045534989619 0.10831613129368044

-0.32128045534989619 0.10831613129368044
-0.32439968307173983 0.10793340993706275

-0.32439968307173983 0.10793340993706275
-0.32751891079358347 0.10753654331257069

-0.32751891079358347 0.10753654331257069
-0.33063813851542717 0.10712514735686364

-0.33063813851542717 0.10712514735686364
-0.33375736623727081 0.10669899093305808

-0.33375736623727081 0.10669899093305808
-0.33687659395911446 0.1062600482410142

-0.33687659395911446 0.1062600482410142
-0.33827000971173982 0.10605374254268418

-0.33827000971173982 0.10605374254268418
-0.3399958216809581 0.10579906124636289

-0.3399958216809581 0.10579906124636289
-0.34311504940280174 0.10532758749441171

-0.34311504940280174 0.10532758749441171
-0.34623427712464538 0.10483634187829001

-0.34623427712464538 0.10483634187829001
-0.34935350484648908 0.10432586018482838

-0.34935350484648908 0.10432586018482838
-0.35247273256833273 0.10379555753588843

-0.35247273256833273 0.10379555753588843
-0.35559196029017637 0.10324764113470858

-0.35559196029017637 0.10324764113470858
-0.3572829123270676 0.10293451482084053

-0.3572829123270676 0.10293451482084053
-0.35871118801202001 0.1026687606505963

-0.35871118801202001 0.1026687606505963
-0.36183041573386365 0.10207851139462705

-0.36183041573386365 0.10207851139462705
-0.36494964345570735 0.10146244402714498

-0.36494964345570735 0.10146244402714498
-0.36806887117755099 0.10082431544891657

-0.36806887117755099 0.10082431544891657
-0.37118809889939464 0.10016861020323936

-0.37118809889939464 0.10016861020323936
-0.37278210908443971 0.099815287098996869

-0.37278210908443971 0.099815287098996869
-0.37430732662123828 0.09947649292676547

-0.37430732662123828 0.09947649292676547
-0.37742655434308192 0.098777244675733511

-0.37742655434308192 0.098777244675733511
-0.38054578206492556 0.098051327582433262

-0.38054578206492556 0.098051327582433262
-0.38366500978676926 0.097304953141416184

-0.38366500978676926 0.097304953141416184
-0.38612418400470055 0.096696059377153226

-0.38612418400470055 0.096696059377153226
-0.3867842375086129 0.09652641649951367

-0.3867842375086129 0.09652641649951367
-0.38990346523045655 0.095740552468618303

-0.38990346523045655 0.095740552468618303
-0.39302269295230019 0.094925378475919794

-0.39302269295230019 0.094925378475919794
-0.39614192067414383 0.094092003362029206

-0.39614192067414383 0.094092003362029206
-0.39798198043123961 0.09357683165530957

-0.39798198043123961 0.09357683165530957
-0.39926114839598748 0.09321376059705086

-0.39926114839598748 0.09321376059705086
-0.40238037611783117 0.092334472074085322

-0.40238037611783117 0.092334472074085322
-0.40549960383967482 0.091419377768676369

-0.40549960383967482 0.091419377768676369
-0.40861883156151846 0.090476706029441509

-0.40861883156151846 0.090476706029441509
-0.40867556060355414 0.090457603933465913

-0.40867556060355414 0.090457603933465913
-0.4117380592833621 0.089502681427069283

-0.4117380592833621 0.089502681427069283
-0.41485728700520574 0.088501399357575644

-0.41485728700520574 0.088501399357575644
-0.41797651472704939 0.087478940582583334

-0.41797651472704939 0.087478940582583334
-0.41836252496186971 0.087338376211622271

-0.41836252496186971 0.087338376211622271
-0.42109574244889308 0.086405697429290648

-0.42109574244889308 0.086405697429290648
-0.42421497017073673 0.085313819446535988

-0.42421497017073673 0.085313819446535988
-0.42726042274303072 0.084219148489778614

-0.42726042274303072 0.084219148489778614
-0.42733419789258037 0.084190111909394877

-0.42733419789258037 0.084190111909394877
-0.43045342561442401 0.083044637244721525

-0.43045342561442401 0.083044637244721525
-0.43357265333626765 0.081878776204125467

-0.43357265333626765 0.081878776204125467
-0.43556674566544296 0.081099920767934958

-0.43556674566544296 0.081099920767934958
-0.4366918810581113 0.080647631172222262

-0.4366918810581113 0.080647631172222262
-0.439811108779955 0.079436065458364624

-0.439811108779955 0.079436065458364624
-0.44293033650179864 0.078200075550153528

-0.44293033650179864 0.078200075550153528
-0.44342845138057418 0.077980693046091315

-0.44342845138057418 0.077980693046091315
-0.44604956422364228 0.076905541678465361

-0.44604956422364228 0.076905541678465361
-0.44916879194548592 0.075618980751984047

-0.44916879194548592 0.075618980751984047
-0.45090621393546698 0.074861465324247659

-0.45090621393546698 0.074861465324247659
-0.45228801966732957 0.074250681474102589

-0.45228801966732957 0.074250681474102589
-0.45540724738917326 0.072913515808248092

-0.45540724738917326 0.072913515808248092
-0.45802773762091931 0.071742237602404002

-0.45802773762091931 0.071742237602404002
-0.45852647511101691 0.071500626041435381

-0.45852647511101691 0.071500626041435381
-0.46164570283286055 0.070096865213046672

-0.46164570283286055 0.070096865213046672
-0.46476493055470419 0.068641719651438782

-0.46476493055470419 0.068641719651438782
-0.46479939460131986 0.068623009880560346

-0.46479939460131986 0.068623009880560346
-0.46788415827654783 0.067142035778673073

-0.46788415827654783 0.067142035778673073
-0.47100338599839148 0.065617313144524875

-0.47100338599839148 0.065617313144524875
-0.47120361924827553 0.065503782158716703

-0.47120361924827553 0.065503782158716703
-0.47412261372023518 0.064028259042898342

-0.47412261372023518 0.064028259042898342
-0.47724184144207882 0.062417905742660242

-0.47724184144207882 0.062417905742660242
-0.4772969363291456 0.06238455443687304

-0.4772969363291456 0.06238455443687304
-0.48036106916392246 0.060761026447666906

-0.48036106916392246 0.060761026447666906
-0.48310533345028589 0.05926532671502939

-0.48310533345028589 0.05926532671502939
-0.4834802968857661 0.059036962391020201

-0.4834802968857661 0.059036962391020201
-0.48659952460760975 0.057346585143116774

-0.48659952460760975 0.057346585143116774
-0.48868554802021985 0.056146098993185733

-0.48868554802021985 0.056146098993185733
-0.48971875232945339 0.055520038894956721

-0.48971875232945339 0.055520038894956721
-0.49283798005129709 0.053795830025694061

-0.49283798005129709 0.053795830025694061
-0.49407569529266804 0.053026871271342084

-0.49407569529266804 0.053026871271342084
-0.49595720777314073 0.051892628865181464

-0.49595720777314073 0.051892628865181464
-0.49907643549498437 0.050073632413603034

-0.49907643549498437 0.050073632413603034
-0.49931986346000878 0.049907643549498434

-0.49931986346000878 0.049907643549498434
-0.50219566321682807 0.048175701540504975

-0.50219566321682807 0.048175701540504975
-0.50441829032782604 0.046788415827654778

-0.50441829032782604 0.046788415827654778
-0.50531489093867166 0.046188400562180723

-0.50531489093867166 0.046188400562180723
-0.50843411866051536 0.044331839412144171

-0.50843411866051536 0.044331839412144171
-0.50940564688192536 0.043669188105811128

-0.50940564688192536 0.043669188105811128
-0.51155334638235894 0.042288753418353121

-0.51155334638235894 0.042288753418353121
-0.51426750305869084 0.040549960383967479

-0.51426750305869084 0.040549960383967479
-0.51467257410420264 0.040258795533190568

-0.51467257410420264 0.040258795533190568
-0.51779180182604623 0.038304375030653322

-0.51779180182604623 0.038304375030653322
-0.51903311362579974 0.037430732662123822

-0.51903311362579974 0.037430732662123822
-0.52091102954788993 0.036151210336706568

-0.52091102954788993 0.036151210336706568
-0.52366457402855593 0.034311504940280173

-0.52366457402855593 0.034311504940280173
-0.52403025726973362 0.034037194298344946

-0.52403025726973362 0.034037194298344946
-0.52714948499157721 0.031991791936914607

-0.52714948499157721 0.031991791936914607
-0.52822478473348788 0.03119227721843652

-0.52822478473348788 0.03119227721843652
-0.53026871271342091 0.029742341059191553

-0.53026871271342091 0.029742341059191553
-0.53261342245561549 0.02807304949659287

-0.53261342245561549 0.02807304949659287
-0.5333879404352645 0.027476428776421594

-0.5333879404352645 0.027476428776421594
-0.53650716815710819 0.025341440210939353

-0.53650716815710819 0.025341440210939353
-0.53699820044742586 0.024953821774749217

-0.53699820044742586 0.024953821774749217
-0.53962639587895189 0.023060816620924809

-0.53962639587895189 0.023060816620924809
-0.54121985962449259 0.021834594052905568

-0.54121985962449259 0.021834594052905568
-0.54274562360079548 0.020653707533239283

-0.54274562360079548 0.020653707533239283
-0.54536322759283795 0.018715366331061915

-0.54536322759283795 0.018715366331061915
-0.54586485132263918 0.018308002636647676

-0.54586485132263918 0.018308002636647676
-0.54898407904448276 0.016068123275914246

-0.54898407904448276 0.016068123275914246
-0.54956328258362042 0.01559613860921826

-0.54956328258362042 0.01559613860921826
-0.55210330676632646 0.013686418355526472

-0.55210330676632646 0.013686418355526472
-0.55362001433189501 0.012476910887374609

-0.55362001433189501 0.012476910887374609
-0.55522253448817016 0.011201272913040936

-0.55522253448817016 0.011201272913040936
-0.55762204004361648 0.0093576831655309556

-0.55762204004361648 0.0093576831655309556
-0.55834176221001375 0.0087642250393114574

-0.55834176221001375 0.0087642250393114574
-0.56146098993185745 0.0064654378953485723

-0.56146098993185745 0.0064654378953485723
-0.56173378402963869 0.0062384554436873043

-0.56173378402963869 0.0062384554436873043
-0.56458021765370103 0.004091208209964726

-0.56458021765370103 0.004091208209964726
-0.56577056523137847 0.0031192277218436517

-0.56577056523137847 0.0031192277218436517
-0.56769944537554473 0.001589917617156808

-0.56769944537554473 0.001589917617156808
-0.56970701327755158 0

-0.56970701327755158 0
-0.57081867309738832 -0.00091391706202946174

-0.57081867309738832 -0.00091391706202946174
-0.57373731251435134 -0.0031192277218436521

-0.57373731251435134 -0.0031192277218436521
-0.57393790081923202 -0.0032867562238103306

-0.57393790081923202 -0.0032867562238103306
-0.57705712854107571 -0.005592963173571535

-0.57705712854107571 -0.005592963173571535
-0.57784187460152736 -0.0062384554436873043

-0.57784187460152736 -0.0062384554436873043
-0.5801763562629193 -0.008038102324958803

-0.5801763562629193 -0.008038102324958803
-0.58183273248771405 -0.0093576831655309573

-0.58183273248771405 -0.0093576831655309573
-0.583295583984763 -0.010531800331635569

-0.583295583984763 -0.010531800331635569
-0.58588798485113114 -0.012476910887374609

-0.58588798485113114 -0.012476910887374609
-0.58641481170660659 -0.01290622401741362

-0.58641481170660659 -0.01290622401741362
-0.58953403942845028 -0.015126297453967038

-0.58953403942845028 -0.015126297453967038
-0.59012014681780256 -0.015596138609218262

-0.59012014681780256 -0.015596138609218262
-0.59265326715029398 -0.017455227512689825

-0.59265326715029398 -0.017455227512689825
-0.59431363762613398 -0.018715366331061911

-0.59431363762613398 -0.018715366331061911
-0.59577249487213757 -0.019831397520854447

-0.59577249487213757 -0.019831397520854447
-0.5986427597961258 -0.021834594052905564

-0.5986427597961258 -0.021834594052905564
-0.59889172259398127 -0.022028233114065154

-0.59889172259398127 -0.022028233114065154
-0.60201095031582486 -0.024096321164401927

-0.60201095031582486 -0.024096321164401927
-0.60320391030239007 -0.024953821774749217

-0.60320391030239007 -0.024953821774749217
-0.60513017803766855 -0.026282448238046756

-0.60513017803766855 -0.026282448238046756
-0.60788688906728894 -0.028073049496592867

-0.60788688906728894 -0.028073049496592867
-0.60824940575951214 -0.028335789823933255

-0.60824940575951214 -0.028335789823933255
-0.61136863348135584 -0.030233468694169739

-0.61136863348135584 -0.030233468694169739
-0.6128839802539221 -0.03119227721843652

-0.6128839802539221 -0.03119227721843652
-0.61448786120319954 -0.032199436026923448

-0.61448786120319954 -0.032199436026923448
-0.61760708892504312 -0.033946191816279885

-0.61760708892504312 -0.033946191816279885
-0.6181996046624032 -0.034311504940280173

-0.6181996046624032 -0.034311504940280173
-0.62072631664688682 -0.035730111148833212

-0.62072631664688682 -0.035730111148833212
-0.62384554436873041 -0.037394118510473556

-0.62384554436873041 -0.037394118510473556
-0.62390806669775223 -0.037430732662123829

-0.62390806669775223 -0.037430732662123829
-0.62696477209057411 -0.03899570953700672

-0.62696477209057411 -0.03899570953700672
-0.63008399981241781 -0.040502193801692475

-0.63008399981241781 -0.040502193801692475
-0.63017692981737894 -0.040549960383967479

-0.63017692981737894 -0.040549960383967479
-0.63320322753426139 -0.041933766068027956

-0.63320322753426139 -0.041933766068027956
-0.63632245525610509 -0.043262074776448341

-0.63632245525610509 -0.043262074776448341
-0.63727318055927373 -0.043669188105811135

-0.63727318055927373 -0.043669188105811135
-0.63944168297794868 -0.044557590105353845

-0.63944168297794868 -0.044557590105353845
-0.64256091069979238 -0.045734361994809417

-0.64256091069979238 -0.045734361994809417
-0.64558165482465302 -0.046788415827654785

-0.64558165482465302 -0.046788415827654785
-0.64568013842163596 -0.046825664086599307

-0.64568013842163596 -0.046825664086599307
-0.64879936614347966 -0.047811472041381357

-0.64879936614347966 -0.047811472041381357
-0.65191859386532336 -0.048709658960499204

-0.65191859386532336 -0.048709658960499204
-0.65503782158716695 -0.049510025852701013

-0.65503782158716695 -0.049510025852701013
-0.65675891734154157 -0.049907643549498434

-0.65675891734154157 -0.049907643549498434
-0.65815704930901064 -0.050231332694826179

-0.65815704930901064 -0.050231332694826179
-0.66127627703085423 -0.050842618100968212

-0.66127627703085423 -0.050842618100968212
-0.66439550475269793 -0.051363430544678922

-0.66439550475269793 -0.051363430544678922
-0.66751473247454163 -0.051787318176602308

-0.66751473247454163 -0.051787318176602308
-0.67063396019638521 -0.052116639282818081

-0.67063396019638521 -0.052116639282818081
-0.67375318791822891 -0.052354418149140006

-0.67375318791822891 -0.052354418149140006
-0.6768724156400725 -0.052502199362101237

-0.6768724156400725 -0.052502199362101237
-0.6799916433619162 -0.052560573396720045

-0.6799916433619162 -0.052560573396720045
-0.6831108710837599 -0.052531571025818159

-0.6831108710837599 -0.052531571025818159
-0.68623009880560348 -0.052419665401476453

-0.68623009880560348 -0.052419665401476453
-0.68934932652744718 -0.052230566966157528

-0.68934932652744718 -0.052230566966157528
-0.69246855424929077 -0.051969452726921661

-0.69246855424929077 -0.051969452726921661
-0.69558778197113447 -0.051640128318089208

-0.69558778197113447 -0.051640128318089208
-0.69870700969297805 -0.051245714224983113

-0.69870700969297805 -0.051245714224983113
-0.70182623741482175 -0.050790175684285392

-0.70182623741482175 -0.050790175684285392
-0.70494546513666545 -0.050281630311437932

-0.70494546513666545 -0.050281630311437932
-0.70703552366224909 -0.049907643549498434

-0.70703552366224909 -0.049907643549498434
-0.70806469285850904 -0.049720332203154458

-0.70806469285850904 -0.049720332203154458
-0.71118392058035274 -0.049127702464851285

-0.71118392058035274 -0.049127702464851285
-0.71430314830219632 -0.048490858738463052

-0.71430314830219632 -0.048490858738463052
-0.71742237602404002 -0.047814836542560073

-0.71742237602404002 -0.047814836542560073
-0.72054160374588372 -0.047107960445018922

-0.72054160374588372 -0.047107960445018922
-0.72185170443311952 -0.046788415827654785

-0.72185170443311952 -0.046788415827654785
-0.72366083146772731 -0.046350880922674823

-0.72366083146772731 -0.046350880922674823
-0.726780059189571 -0.045582116543089399

-0.726780059189571 -0.045582116543089399
-0.72989928691141459 -0.044782473568767814

-0.72989928691141459 -0.044782473568767814
-0.73301851463325829 -0.043965562889243325

-0.73301851463325829 -0.043965562889243325
-0.73407297088307799 -0.043669188105811135

-0.73407297088307799 -0.043669188105811135
-0.73613774235510188 -0.043101187067279875

-0.73613774235510188 -0.043101187067279875
-0.73925697007694557 -0.042230691716442462

-0.73925697007694557 -0.042230691716442462
-0.74237619779878927 -0.041333626642775748

-0.74237619779878927 -0.041333626642775748
-0.74503590178299239 -0.040549960383967479

-0.74503590178299239 -0.040549960383967479
-0.74549542552063286 -0.040407042795244978

-0.74549542552063286 -0.040407042795244978
-0.74861465324247656 -0.039480396892131286

-0.74861465324247656 -0.039480396892131286
-0.75173388096432014 -0.038529851294269918

-0.75173388096432014 -0.038529851294269918
-0.75485310868616384 -0.0375736846387466

-0.75485310868616384 -0.0375736846387466
-0.75528386974147921 -0.037430732662123829

-0.75528386974147921 -0.037430732662123829
-0.75797233640800754 -0.036588764703514756

-0.75797233640800754 -0.036588764703514756
-0.76109156412985113 -0.035606412546669249

-0.76109156412985113 -0.035606412546669249
-0.76421079185169483 -0.034628909390170867

-0.76421079185169483 -0.034628909390170867
-0.76517158807513408 -0.034311504940280173

-0.76517158807513408 -0.034311504940280173
-0.76733001957353841 -0.033620394944584922

-0.76733001957353841 -0.033620394944584922
-0.77044924729538211 -0.032636596054121635

-0.77044924729538211 -0.032636596054121635
-0.77356847501722581 -0.031662419785526849

-0.77356847501722581 -0.031662419785526849
-0.77503282704206045 -0.03119227721843652

-0.77503282704206045 -0.03119227721843652
-0.7766877027390694 -0.030663678441177764

-0.7766877027390694 -0.030663678441177764
-0.77980693046091309 -0.029696769072788443

-0.77980693046091309 -0.029696769072788443
-0.78292615818275668 -0.028733858228888562

-0.78292615818275668 -0.028733858228888562
-0.78505767487139433 -0.028073049496592867

-0.78505767487139433 -0.028073049496592867
-0.78604538590460038 -0.02775790566955081

-0.78604538590460038 -0.02775790566955081
-0.78916461362644397 -0.026816683676472726

-0.78916461362644397 -0.026816683676472726
-0.79228384134828767 -0.025874350003992311

-0.79228384134828767 -0.025874350003992311
-0.79535169398518024 -0.024953821774749217

-0.79535169398518024 -0.024953821774749217
-0.79540306907013136 -0.024937204104180009

-0.79540306907013136 -0.024937204104180009
-0.79852229679197495 -0.024008426888248693

-0.79852229679197495 -0.024008426888248693
-0.80164152451381865 -0.023086059990884603

-0.80164152451381865 -0.023086059990884603
-0.80476075223566224 -0.022182547881827743

-0.80476075223566224 -0.022182547881827743
-0.80592674416816901 -0.021834594052905564

-0.80592674416816901 -0.021834594052905564
-0.80787997995750593 -0.021262709215691802

-0.80787997995750593 -0.021262709215691802
-0.81099920767934963 -0.02037365730948008

-0.81099920767934963 -0.02037365730948008
-0.81411843540119322 -0.019487986592719581

-0.81411843540119322 -0.019487986592719581
-0.81686380495945854 -0.018715366331061911

-0.81686380495945854 -0.018715366331061911
-0.81723766312303692 -0.018604258485255501

-0.81723766312303692 -0.018604258485255501
-0.8203568908448805 -0.017745485858319837

-0.8203568908448805 -0.017745485858319837
-0.8234761185667242 -0.016895064315066835

-0.8234761185667242 -0.016895064315066835
-0.82659534628856779 -0.016064943804567501

-0.82659534628856779 -0.016064943804567501
-0.82834745568308377 -0.015596138609218262

-0.82834745568308377 -0.015596138609218262
-0.82971457401041149 -0.015227482558459038

-0.82971457401041149 -0.015227482558459038
-0.83283380173225519 -0.014423967455102948

-0.83283380173225519 -0.014423967455102948
-0.83595302945409877 -0.013626998963218931

-0.83595302945409877 -0.013626998963218931
-0.83907225717594247 -0.012851948629418845

-0.83907225717594247 -0.012851948629418845
-0.84057104280248773 -0.012476910887374609

-0.84057104280248773 -0.012476910887374609
-0.84219148489778606 -0.012072621199207073

-0.84219148489778606 -0.012072621199207073
-0.84531071261962976 -0.0113186978784561

-0.84531071261962976 -0.0113186978784561
-0.84842994034147345 -0.010568348117852717

-0.84842994034147345 -0.010568348117852717
-0.85154916806331704 -0.0098357711898879145

-0.85154916806331704 -0.0098357711898879145
-0.85359337306358396 -0.0093576831655309573

-0.85359337306358396 -0.0093576831655309573
-0.85466839578516074 -0.009101713592107194

-0.85466839578516074 -0.009101713592107194
-0.85778762350700433 -0.0083926397646922023

-0.85778762350700433 -0.0083926397646922023
-0.86090685122884802 -0.0076845335224672278

-0.86090685122884802 -0.0076845335224672278
-0.86402607895069172 -0.0069823730353600994

-0.86402607895069172 -0.0069823730353600994
-0.86714530667253531 -0.0062902416828889461

-0.86714530667253531 -0.0062902416828889461
-0.86737031635221051 -0.0062384554436873043

-0.86737031635221051 -0.0062384554436873043
-0.87026453439437901 -0.0056039120293686438

-0.87026453439437901 -0.0056039120293686438
-0.8733837621162226 -0.0049324413521673882

-0.8733837621162226 -0.0049324413521673882
-0.87650298983806629 -0.0042721902775981922

-0.87650298983806629 -0.0042721902775981922
-0.87962221755990988 -0.0036236348594676951

-0.87962221755990988 -0.0036236348594676951
-0.88207585529981603 -0.0031192277218436521

-0.88207585529981603 -0.0031192277218436521
-0.88274144528175358 -0.0029783025030091664

-0.88274144528175358 -0.0029783025030091664
-0.88586067300359728 -0.0023548345349020238

-0.88586067300359728 -0.0023548345349020238
-0.88897990072544086 -0.0017419625238303238

-0.88897990072544086 -0.0017419625238303238
-0.89209912844728456 -0.0011448446667640076

-0.89209912844728456 -0.0011448446667640076
-0.89521835616912815 -0.0005618280208266129

-0.89521835616912815 -0.0005618280208266129
-0.89828472771115542 0

-0.89828472771115542 0
-0.89833758389097185 1.0128517548368618e-05

-0.89833758389097185 1.0128517548368618e-05
-0.90145681161281555 0.00057159958365284947

-0.90145681161281555 0.00057159958365284947
-0.90457603933465913 0.0011246573487793928

-0.90457603933465913 0.0011246573487793928
-0.90769526705650283 0.0016686061145545455

-0.90769526705650283 0.0016686061145545455
-0.91081449477834642 0.0022031734296457705

-0.91081449477834642 0.0022031734296457705
-0.91393372250019012 0.0027283062813652148

-0.91393372250019012 0.0027283062813652148
-0.91626906746870085 0.0031192277218436517

-0.91626906746870085 0.0031192277218436517
-0.9170529502220337 0.003253214773789061

-0.9170529502220337 0.003253214773789061
-0.9201721779438774 0.0037671187854369146

-0.9201721779438774 0.0037671187854369146
-0.9232914056657211 0.0042801859221433848

-0.9232914056657211 0.0042801859221433848
-0.92641063338756469 0.0047882797653767606

-0.92641063338756469 0.0047882797653767606
-0.92952986110940838 0.0052894497078056551

-0.92952986110940838 0.0052894497078056551
-0.93264908883125197 0.0057825322647201

-0.93264908883125197 0.0057825322647201
-0.93557881522604858 0.0062384554436873043

-0.93557881522604858 0.0062384554436873043
-0.93576831655309567 0.006268979624531398

-0.93576831655309567 0.006268979624531398
-0.93888754427493937 0.0067453394735672145

-0.93888754427493937 0.0067453394735672145
-0.94200677199678295 0.0072131963160737833

-0.94200677199678295 0.0072131963160737833
-0.94512599971862665 0.0076689234206208066

-0.94512599971862665 0.0076689234206208066
-0.94824522744047024 0.008110855297651905

-0.94824522744047024 0.008110855297651905
-0.95136445516231394 0.0085390159188766506

-0.95136445516231394 0.0085390159188766506
-0.95448368288415764 0.0089537682575864391

-0.95448368288415764 0.0089537682575864391
-0.95760291060600122 0.0093547095093128221

-0.95760291060600122 0.0093547095093128221
-0.95762614897280007 0.0093576831655309556

-0.95762614897280007 0.0093576831655309556
-0.96072213832784492 0.0097415288249608819

-0.96072213832784492 0.0097415288249608819
-0.96384136604968851 0.010113468748401787

-0.96384136604968851 0.010113468748401787
-0.96696059377153221 0.010470608331770621

-0.96696059377153221 0.010470608331770621
-0.97007982149337579 0.010814375464431305

-0.97007982149337579 0.010814375464431305
-0.97319904921521949 0.01114591896713236

-0.97319904921521949 0.01114591896713236
-0.97631827693706319 0.011464197591028704

-0.97631827693706319 0.011464197591028704
-0.97943750465890678 0.011767585599638333

-0.97943750465890678 0.011767585599638333
-0.98255673238075047 0.012055605160252019

-0.98255673238075047 0.012055605160252019
-0.98567596010259406 0.012327964281913092

-0.98567596010259406 0.012327964281913092
-0.98745628437718058 0.012476910887374609

-0.98745628437718058 0.012476910887374609
-0.98879518782443776 0.012589208324296918

-0.98879518782443776 0.012589208324296918
-0.99191441554628146 0.012836697566160696

-0.99191441554628146 0.012836697566160696
-0.99503364326812505 0.013070256762690776

-0.99503364326812505 0.013070256762690776
-0.99815287098996874 0.013285963405617445

-0.99815287098996874 0.013285963405617445
-1.0012720987118122 0.013483839515784442

-1.0012720987118122 0.013483839515784442
-1.0043913264336559 0.013664605195904178

-1.0043913264336559 0.013664605195904178
-1.0075105541554996 0.013828429807782336

-1.0075105541554996 0.013828429807782336
-1.0106297818773433 0.013974985534104456

-1.0106297818773433 0.013974985534104456
-1.0137490095991868 0.014102843494587892

-1.0137490095991868 0.014102843494587892
-1.0168682373210305 0.014209858308461597

-1.0168682373210305 0.014209858308461597
-1.0199874650428742 0.014295074092709019

-1.0199874650428742 0.014295074092709019
-1.0231066927647179 0.014359302026161787

-1.0231066927647179 0.014359302026161787
-1.0262259204865614 0.014403896548266791

-1.0262259204865614 0.014403896548266791
-1.0293451482084051 0.014429274631399137

-1.0293451482084051 0.014429274631399137
-1.0324643759302488 0.014434394133744208

-1.0324643759302488 0.014434394133744208
-1.0355836036520925 0.014417550519801547

-1.0355836036520925 0.014417550519801547
-1.0387028313739362 0.014377621948010835

-1.0387028313739362 0.014377621948010835
-1.0418220590957796 0.014314490128761152

-1.0418220590957796 0.014314490128761152
-1.0449412868176233 0.014228239165445789

-1.0449412868176233 0.014228239165445789
-1.048060514539467 0.014117984968242641

-1.048060514539467 0.014117984968242641
-1.0511797422613107 0.013981800820107028

-1.0511797422613107 0.013981800820107028
-1.0542989699831544 0.013817818424356169

-1.0542989699831544 0.013817818424356169
-1.0574181977049979 0.01362516771265623

-1.0574181977049979 0.01362516771265623
-1.0605374254268416 0.013403863803905392

-1.0605374254268416 0.013403863803905392
-1.0636566531486853 0.013154189402025524

-1.0636566531486853 0.013154189402025524
-1.066775880870529 0.012876694432463216

-1.066775880870529 0.012876694432463216
-1.0698951085923727 0.012573153410850513

-1.0698951085923727 0.012573153410850513
-1.0707866929540721 0.012476910887374609

-1.0707866929540721 0.012476910887374609
-1.0730143363142162 0.012238924347595652

-1.0730143363142162 0.012238924347595652
-1.0761335640360599 0.011878916990372365

-1.0761335640360599 0.011878916990372365
-1.0792527917579036 0.011490299221085848

-1.0792527917579036 0.011490299221085848
-1.0823720194797473 0.011073647697781958

-1.0823720194797473 0.011073647697781958
-1.085491247201591 0.010629133536792301

-1.085491247201591 0.010629133536792301
-1.0886104749234344 0.010155659930979678

-1.0886104749234344 0.010155659930979678
-1.0917297026452781 0.0096538279712511457

-1.0917297026452781 0.0096538279712511457
-1.093440402001159 0.0093576831655309556

-1.093440402001159 0.0093576831655309556
-1.0948489303671218 0.0091125109014254125

-1.0948489303671218 0.0091125109014254125
-1.0979681580889655 0.008549450557399748

-1.0979681580889655 0.008549450557399748
-1.1010873858108092 0.0079509686804887011

-1.1010873858108092 0.0079509686804887011
-1.1042066135326527 0.0073172476759924389

-1.1042066135326527 0.0073172476759924389
-1.1073258412544964 0.00665000372036162

-1.1073258412544964 0.00665000372036162
-1.1091175287666684 0.0062384554436873043

-1.1091175287666684 0.0062384554436873043
-1.1104450689763401 0.0059304072384130423

-1.1104450689763401 0.0059304072384130423
-1.1135642966981838 0.0051886680319195074

-1.1135642966981838 0.0051886680319195074
-1.1166835244200273 0.0044007027592643296

-1.1166835244200273 0.0044007027592643296
-1.119802752141871 0.0035769528909464338

-1.119802752141871 0.0035769528909464338
-1.1214126329054135 0.0031192277218436517

-1.1214126329054135 0.0031192277218436517
-1.1229219798637147 0.0026883583974415611

-1.1229219798637147 0.0026883583974415611
-1.1260412075855584 0.0017825913194867609

-1.1260412075855584 0.0017825913194867609
-1.1291604353074021 0.00082972793285534131

-1.1291604353074021 0.00082972793285534131
-1.1317483080525232 0

-1.1317483080525232 0
-1.1322796630292455 -0.00018021818964250309

-1.1322796630292455 -0.00018021818964250309
-1.1353988907510892 -0.0012085904015384421

-1.1353988907510892 -0.0012085904015384421
-1.1385181184729329 -0.002279658721421753

-1.1385181184729329 -0.002279658721421753
-1.1408526167577804 -0.0031192277218436521

-1.1408526167577804 -0.0031192277218436521
-1.1416373461947766 -0.0034151789905095234

-1.1416373461947766 -0.0034151789905095234
-1.1447565739166203 -0.0045548275611249044

-1.1447565739166203 -0.0045548275611249044
-1.1478758016384638 -0.0057292249580518113

-1.1478758016384638 -0.0057292249580518113
-1.1491213853886784 -0.0062384554436873043

-1.1491213853886784 -0.0062384554436873043
-1.1509950293603075 -0.0069902408257305421

-1.1509950293603075 -0.0069902408257305421
-1.1541142570821512 -0.008246180167336279

-1.1541142570821512 -0.008246180167336279
-1.1567502714107829 -0.0093576831655309573

-1.1567502714107829 -0.0093576831655309573
-1.1572334848039949 -0.0095778756419888037

-1.1572334848039949 -0.0095778756419888037
-1.1603527125258386 -0.010915478962169026

-1.1603527125258386 -0.010915478962169026
-1.1634719402476821 -0.012295560354449592

-1.1634719402476821 -0.012295560354449592
-1.1638283043736333 -0.012476910887374609

-1.1638283043736333 -0.012476910887374609
-1.1665911679695258 -0.013760018263500732

-1.1665911679695258 -0.013760018263500732
-1.1697103956913695 -0.015227948043212484

-1.1697103956913695 -0.015227948043212484
-1.1703990530538211 -0.015596138609218262

-1.1703990530538211 -0.015596138609218262
-1.1728296234132132 -0.016807954214283508

-1.1728296234132132 -0.016807954214283508
-1.1759488511350569 -0.018368098739261839

-1.1759488511350569 -0.018368098739261839
-1.1765501385678097 -0.018715366331061911

-1.1765501385678097 -0.018715366331061911
-1.1790680788569003 -0.020054296495942526

-1.1790680788569003 -0.020054296495942526
-1.182187306578744 -0.02174139618129084

-1.182187306578744 -0.02174139618129084
-1.1823333748654692 -0.021834594052905564

-1.1823333748654692 -0.021834594052905564
-1.1853065343005877 -0.023502249817113133

-1.1853065343005877 -0.023502249817113133
-1.1877923553067877 -0.024953821774749217

-1.1877923553067877 -0.024953821774749217
-1.1884257620224314 -0.025359767753943295

-1.1884257620224314 -0.025359767753943295
-1.1915449897442751 -0.027149999738431255

-1.1915449897442751 -0.027149999738431255
-1.1929755242968141 -0.028073049496592867

-1.1929755242968141 -0.028073049496592867
-1.1946642174661186 -0.029150889262683492

-1.1946642174661186 -0.029150889262683492
-1.1977834451879623 -0.031078114923215692

-1.1977834451879623 -0.031078114923215692
-1.197940236358386 -0.03119227721843652

-1.197940236358386 -0.03119227721843652
-1.200902672909806 -0.033094862763299544

-1.200902672909806 -0.033094862763299544
-1.2026535495889985 -0.034311504940280173

-1.2026535495889985 -0.034311504940280173
-1.2040219006316497 -0.035285442235352911

-1.2040219006316497 -0.035285442235352911
-1.2071411283534932 -0.037386087741805595

-1.2071411283534932 -0.037386087741805595
-1.2071981382002541 -0.037430732662123829

-1.2071981382002541 -0.037430732662123829
-1.2102603560753369 -0.039554568761035136

-1.2102603560753369 -0.039554568761035136
-1.2115503889024406 -0.040549960383967479

-1.2115503889024406 -0.040549960383967479
-1.2133795837971806 -0.041932355127943487

-1.2133795837971806 -0.041932355127943487
-1.2156624135647056 -0.043669188105811135

-1.2156624135647056 -0.043669188105811135
-1.2164988115190243 -0.044351410496120618

-1.2164988115190243 -0.044351410496120618
-1.219618039240868 -0.046695424036627436

-1.219618039240868 -0.046695424036627436
-1.2197271959886899 -0.046788415827654785

-1.2197271959886899 -0.046788415827654785
-1.2227372669627115 -0.049129795432623732

-1.2227372669627115 -0.049129795432623732
-1.2236406348649249 -0.049907643549498434

-1.2236406348649249 -0.049907643549498434
-1.2258564946845552 -0.05174628074656426

-1.2258564946845552 -0.05174628074656426
-1.2273261111636826 -0.053026871271342091

-1.2273261111636826 -0.053026871271342091
-1.2289757224063989 -0.054466889447495004

-1.2289757224063989 -0.054466889447495004
-1.2308852680689266 -0.05614609899318574

-1.2308852680689266 -0.05614609899318574
-1.2320949501282425 -0.057236456123527221

-1.2320949501282425 -0.057236456123527221
-1.2343757787746217 -0.05926532671502939

-1.2343757787746217 -0.05926532671502939
-1.2352141778500862 -0.060040974826770094

-1.2352141778500862 -0.060040974826770094
-1.2377999557842911 -0.062384554436873046

-1.2377999557842911 -0.062384554436873046
-1.2383334055719297 -0.062889525128295765

-1.2383334055719297 -0.062889525128295765
-1.2411566345722991 -0.065503782158716689

-1.2411566345722991 -0.065503782158716689
-1.2414526332937734 -0.065788826801352354

-1.2414526332937734 -0.065788826801352354
-1.2444478956127893 -0.068623009880560346

-1.2444478956127893 -0.068623009880560346
-1.2445718610156171 -0.068744102089566772

-1.2445718610156171 -0.068744102089566772
-1.2476614626926261 -0.071742237602403988

-1.2476614626926261 -0.071742237602403988
-1.2476910887374608 -0.071771622553186545

-1.2476910887374608 -0.071771622553186545
-1.2507836663796863 -0.074861465324247645

-1.2507836663796863 -0.074861465324247645
-1.2508103164593045 -0.074888308768035275

-1.2508103164593045 -0.074888308768035275
-1.2538235440955043 -0.077980693046091301

-1.2538235440955043 -0.077980693046091301
-1.253929544181148 -0.078088820637904052

-1.253929544181148 -0.078088820637904052
-1.2567986392488215 -0.081099920767934958

-1.2567986392488215 -0.081099920767934958
-1.2570487719029917 -0.08135841885447849

-1.2570487719029917 -0.08135841885447849
-1.2597230898156846 -0.0842191484897786

-1.2597230898156846 -0.0842191484897786
-1.2601679996248354 -0.084684901605636645

-1.2601679996248354 -0.084684901605636645
-1.2626142809876413 -0.087338376211622257

-1.2626142809876413 -0.087338376211622257
-1.2632872273466791 -0.088051168160112492

-1.2632872273466791 -0.088051168160112492
-1.2654891931172951 -0.090457603933465913

-1.2654891931172951 -0.090457603933465913
-1.2664064550685228 -0.09143883606232564

-1.2664064550685228 -0.09143883606232564
-1.2683588071283078 -0.093576831655309556

-1.2683588071283078 -0.093576831655309556
-1.2695256827903663 -0.094836132440888149

-1.2695256827903663 -0.094836132440888149
-1.271227341141947 -0.096696059377153212

-1.271227341141947 -0.096696059377153212
-1.27264491051221 -0.098235061930655024

-1.27264491051221 -0.098235061930655024
-1.2740996242156635 -0.099815287098996869

-1.2740996242156635 -0.099815287098996869
-1.2757641382340537 -0.10162650886308082

-1.2757641382340537 -0.10162650886308082
-1.2769797467157662 -0.10293451482084051

-1.2769797467157662 -0.10293451482084051
-1.2788833659558974 -0.10499745252071369

-1.2788833659558974 -0.10499745252071369
-1.2798781605071592 -0.10605374254268417

-1.2798781605071592 -0.10605374254268417
-1.2820025936777411 -0.10833226988113119

-1.2820025936777411 -0.10833226988113119
-1.2828065602087533 -0.10917297026452782

-1.2828065602087533 -0.10917297026452782
-1.2851218213995845 -0.11160294612912797

-1.2851218213995845 -0.11160294612912797
-1.2857949757781568 -0.11229219798637147

-1.2857949757781568 -0.11229219798637147
-1.2882410491214282 -0.11478490458996723

-1.2882410491214282 -0.11478490458996723
-1.2888666131097484 -0.11541142570821512

-1.2888666131097484 -0.11541142570821512
-1.2913602768432719 -0.11784938374003148

-1.2913602768432719 -0.11784938374003148
-1.2920642093501331 -0.11853065343005878

-1.2920642093501331 -0.11853065343005878
-1.2944795045651156 -0.12077375817728145

-1.2944795045651156 -0.12077375817728145
-1.2954275866215779 -0.12164988115190242

-1.2954275866215779 -0.12164988115190242
-1.2975987322869591 -0.12356200469044419

-1.2975987322869591 -0.12356200469044419
-1.2990005833164173 -0.12476910887374608

-1.2990005833164173 -0.12476910887374608
-1.3007179600088028 -0.12620683945260108

-1.3007179600088028 -0.12620683945260108
-1.3029396787574652 -0.12788833659558974

-1.3029396787574652 -0.12788833659558974
-1.3038371877306465 -0.12859695479894601

-1.3038371877306465 -0.12859695479894601
-1.3069564154524902 -0.13061082819570488

-1.3069564154524902 -0.13061082819570488
-1.3075371735857282 -0.13100756431743338

-1.3075371735857282 -0.13100756431743338
-1.3100756431743339 -0.13256150493836097

-1.3100756431743339 -0.13256150493836097
-1.3130175061469895 -0.13412679203927705

-1.3130175061469895 -0.13412679203927705
-1.3131948708961774 -0.13423222942567475

-1.3131948708961774 -0.13423222942567475
-1.3163140986180211 -0.1356298377836547

-1.3163140986180211 -0.1356298377836547
-1.3194333263398648 -0.13677704924207873

-1.3194333263398648 -0.13677704924207873
-1.3210445322861619 -0.13724601976112069

-1.3210445322861619 -0.13724601976112069
-1.3225525540617085 -0.13768110304535214

-1.3225525540617085 -0.13768110304535214
-1.3256717817835522 -0.13831019221738927

-1.3256717817835522 -0.13831019221738927
-1.3287910095053956 -0.13871302450466483

-1.3287910095053956 -0.13871302450466483
-1.3319102372272393 -0.13887397382296474

-1.3319102372272393 -0.13887397382296474
-1.335029464949083 -0.13878436906107874

-1.335029464949083 -0.13878436906107874
-1.3381486926709267 -0.13843815042142238

-1.3381486926709267 -0.13843815042142238
-1.3412679203927704 -0.1378420936777113

-1.3412679203927704 -0.1378420936777113
-1.3435143928385496 -0.13724601976112069

-1.3435143928385496 -0.13724601976112069
-1.3443871481146139 -0.13700537568935497

-1.3443871481146139 -0.13700537568935497
-1.3475063758364576 -0.13597261461332211

-1.3475063758364576 -0.13597261461332211
-1.3506256035583013 -0.13472993193169225

-1.3506256035583013 -0.13472993193169225
-1.3518419341730918 -0.13412679203927705

-1.3518419341730918 -0.13412679203927705
-1.353744831280145 -0.13320035409992861

-1.353744831280145 -0.13320035409992861
-1.3568640590019887 -0.13157307557188283

-1.3568640590019887 -0.13157307557188283
-1.3577352191889993 -0.13100756431743338

-1.3577352191889993 -0.13100756431743338
-1.3599832867238322 -0.12963274403348291

-1.3599832867238322 -0.12963274403348291
-1.3626568095554783 -0.12788833659558974

-1.3626568095554783 -0.12788833659558974
-1.3631025144456759 -0.12756121993620259

-1.3631025144456759 -0.12756121993620259
-1.3662217421675196 -0.12547813527966512

-1.3662217421675196 -0.12547813527966512
-1.3671178142280196 -0.12476910887374608

-1.3671178142280196 -0.12476910887374608
-1.3693409698893633 -0.1230923933583101

-1.3693409698893633 -0.1230923933583101
-1.3711273642407609 -0.12164988115190242

-1.3711273642407609 -0.12164988115190242
-1.372460197611207 -0.12054484772136341

-1.372460197611207 -0.12054484772136341
-1.3749360720491253 -0.11853065343005878

-1.3749360720491253 -0.11853065343005878
-1.3755794253330504 -0.11796966311624453

-1.3755794253330504 -0.11796966311624453
-1.3786932494442192 -0.11541142570821512

-1.3786932494442192 -0.11541142570821512
-1.3786986530548941 -0.11540655799316819

-1.3786986530548941 -0.11540655799316819
-1.3818178807767378 -0.11277833495706023

-1.3818178807767378 -0.11277833495706023
-1.382350871878979 -0.11229219798637147

-1.382350871878979 -0.11229219798637147
-1.3849371084985815 -0.11002974271477034

-1.3849371084985815 -0.11002974271477034
-1.3858708737485215 -0.10917297026452782

-1.3858708737485215 -0.10917297026452782
-1.388056336220425 -0.10721540546511051

-1.388056336220425 -0.10721540546511051
-1.3893214135109659 -0.10605374254268417

-1.3893214135109659 -0.10605374254268417
-1.3911755639422687 -0.10437004232772377

-1.3911755639422687 -0.10437004232772377
-1.3927418929703932 -0.10293451482084051

-1.3927418929703932 -0.10293451482084051
-1.3942947916641124 -0.10151186190273574

-1.3942947916641124 -0.10151186190273574
-1.3961593027263441 -0.099815287098996869

-1.3961593027263441 -0.099815287098996869
-1.3974140193859561 -0.098662373642899787

-1.3974140193859561 -0.098662373642899787
-1.3996100943929768 -0.096696059377153212

-1.3996100943929768 -0.096696059377153212
-1.4005332471077998 -0.09584966897885068

-1.4005332471077998 -0.09584966897885068
-1.4031360214615736 -0.093576831655309556

-1.4031360214615736 -0.093576831655309556
-1.4036524748296433 -0.093105176793629424

-1.4036524748296433 -0.093105176793629424
-1.4067669765239208 -0.090457603933465913

-1.4067669765239208 -0.090457603933465913
-1.406771702551487 -0.090453300303494022

-1.406771702551487 -0.090453300303494022
-1.4098909302733307 -0.087840399165792643

-1.4098909302733307 -0.087840399165792643
-1.4104541830924169 -0.087338376211622257

-1.4104541830924169 -0.087338376211622257
-1.4130101579951744 -0.085201929823003161

-1.4130101579951744 -0.085201929823003161
-1.4141451536700307 -0.0842191484897786

-1.4141451536700307 -0.0842191484897786
-1.4161293857170181 -0.082556413131718159

-1.4161293857170181 -0.082556413131718159
-1.4178734365436942 -0.081099920767934958

-1.4178734365436942 -0.081099920767934958
-1.4192486134388616 -0.079941699515280282

-1.4192486134388616 -0.079941699515280282
-1.4217229022588236 -0.077980693046091301

-1.4217229022588236 -0.077980693046091301
-1.4223678411607052 -0.077435997802860437

-1.4223678411607052 -0.077435997802860437
-1.4254870688825489 -0.075104779023977788

-1.4254870688825489 -0.075104779023977788
-1.4257802310925463 -0.074861465324247645

-1.4257802310925463 -0.074861465324247645
-1.4286062966043926 -0.072750787938973854

-1.4286062966043926 -0.072750787938973854
-1.4298891792935768 -0.071742237602403988

-1.4298891792935768 -0.071742237602403988
-1.4317255243262363 -0.070340855000071492

-1.4317255243262363 -0.070340855000071492
-1.4340768367002839 -0.068623009880560346

-1.4340768367002839 -0.068623009880560346
-1.4348447520480798 -0.06802123568412935

-1.4348447520480798 -0.06802123568412935
-1.4379639797699235 -0.065905647820544991

-1.4379639797699235 -0.065905647820544991
-1.4384919879749614 -0.065503782158716689

-1.4384919879749614 -0.065503782158716689
-1.4410832074917672 -0.063724647360809322

-1.4410832074917672 -0.063724647360809322
-1.4430322685633168 -0.062384554436873046

-1.4430322685633168 -0.062384554436873046
-1.4442024352136109 -0.06154854597863104

-1.4442024352136109 -0.06154854597863104
-1.4473216629354546 -0.059593267966532429

-1.4473216629354546 -0.059593267966532429
-1.4477828437867699 -0.05926532671502939

-1.4477828437867699 -0.05926532671502939
-1.4504408906572981 -0.05757563397741508

-1.4504408906572981 -0.05757563397741508
-1.452734528354497 -0.05614609899318574

-1.452734528354497 -0.05614609899318574
-1.4535601183791418 -0.055593695466450696

-1.4535601183791418 -0.055593695466450696
-1.4566793461009855 -0.053818039200916275

-1.4566793461009855 -0.053818039200916275
-1.4579835059161226 -0.053026871271342091

-1.4579835059161226 -0.053026871271342091
-1.4597985738228292 -0.051955096648833743

-1.4597985738228292 -0.051955096648833743
-1.4629178015446729 -0.050274154465713039

-1.4629178015446729 -0.050274154465713039
-1.4635364063959533 -0.049907643549498434

-1.4635364063959533 -0.049907643549498434
-1.4660370292665164 -0.048550865874707354

-1.4660370292665164 -0.048550865874707354
-1.4691562569883601 -0.046951136806319238

-1.4691562569883601 -0.046951136806319238
-1.4694464209822842 -0.046788415827654785

-1.4694464209822842 -0.046788415827654785
-1.4722754847102038 -0.045367724829106358

-1.4722754847102038 -0.045367724829106358
-1.4753947124320475 -0.043878137869553982

-1.4753947124320475 -0.043878137869553982
-1.4758003804011328 -0.043669188105811135

-1.4758003804011328 -0.043669188105811135
-1.4785139401538909 -0.042395467205389718

-1.4785139401538909 -0.042395467205389718
-1.4816331678757346 -0.041009148253262781

-1.4816331678757346 -0.041009148253262781
-1.48263012781175 -0.040549960383967479

-1.48263012781175 -0.040549960383967479
-1.4847523955975783 -0.039613387328562864

-1.4847523955975783 -0.039613387328562864
-1.487871623319422 -0.038320750138655081

-1.487871623319422 -0.038320750138655081
-1.490040317116889 -0.037430732662123829

-1.490040317116889 -0.037430732662123829
-1.4909908510412657 -0.037024985487801094

-1.4909908510412657 -0.037024985487801094
-1.4941100787631092 -0.035816313605179097

-1.4941100787631092 -0.035816313605179097
-1.4972293064849529 -0.03465121193124137

-1.4972293064849529 -0.03465121193124137
-1.4981201454510249 -0.034311504940280173

-1.4981201454510249 -0.034311504940280173
-1.5003485342067966 -0.033496572177054464

-1.5003485342067966 -0.033496572177054464
-1.5034677619286403 -0.032413519764487392

-1.5034677619286403 -0.032413519764487392
-1.506586989650484 -0.031380355524096945

-1.506586989650484 -0.031380355524096945
-1.5071404737048808 -0.03119227721843652

-1.5071404737048808 -0.03119227721843652
-1.5097062173723275 -0.030367080610991654

-1.5097062173723275 -0.030367080610991654
-1.5128254450941712 -0.029411429813458661

-1.5128254450941712 -0.029411429813458661
-1.5159446728160149 -0.028510415553145291

-1.5159446728160149 -0.028510415553145291
-1.5175003317288189 -0.028073049496592867

-1.5175003317288189 -0.028073049496592867
-1.5190639005378586 -0.027634381614318589

-1.5190639005378586 -0.027634381614318589
-1.5221831282597023 -0.026826102295996298

-1.5221831282597023 -0.026826102295996298
-1.5253023559815457 -0.026052360597150381

-1.5253023559815457 -0.026052360597150381
-1.5284215837033894 -0.025323956211673861

-1.5284215837033894 -0.025323956211673861
-1.5300671561730961 -0.024953821774749217

-1.5300671561730961 -0.024953821774749217
-1.5315408114252331 -0.024621883943766364

-1.5315408114252331 -0.024621883943766364
-1.5346600391470768 -0.023975892752476316

-1.5346600391470768 -0.023975892752476316
-1.5377792668689205 -0.023365722032961108

-1.5377792668689205 -0.023365722032961108
-1.540898494590764 -0.022793728224799286

-1.540898494590764 -0.022793728224799286
-1.5440177223126077 -0.022257920811097065

-1.5440177223126077 -0.022257920811097065
-1.5466432555202165 -0.021834594052905564

-1.5466432555202165 -0.021834594052905564
-1.5471369500344514 -0.021752850459240792

-1.5471369500344514 -0.021752850459240792
-1.5502561777562951 -0.021287531542385253

-1.5502561777562951 -0.021287531542385253
-1.5533754054781388 -0.020857401565243683

-1.5533754054781388 -0.020857401565243683
-1.5564946331999823 -0.020465499798069251

-1.5564946331999823 -0.020465499798069251
-1.559613860921826 -0.020110465259129077

-1.559613860921826 -0.020110465259129077
-1.5627330886436697 -0.019791049286631647

-1.5627330886436697 -0.019791049286631647
-1.5658523163655134 -0.019507775652296999

-1.5658523163655134 -0.019507775652296999
-1.5689715440873568 -0.019262283714778044

-1.5689715440873568 -0.019262283714778044
-1.5720907718092005 -0.019055731944040425

-1.5720907718092005 -0.019055731944040425
-1.5752099995310442 -0.018887920129905731

-1.5752099995310442 -0.018887920129905731
-1.5783292272528879 -0.018757701506177941

-1.5783292272528879 -0.018757701506177941
-1.5797250902608913 -0.018715366331061911

-1.5797250902608913 -0.018715366331061911
-1.5814484549747316 -0.018663214278360679

-1.5814484549747316 -0.018663214278360679
-1.5845676826965751 -0.018604128012967795

-1.5845676826965751 -0.018604128012967795
-1.5876869104184188 -0.018579744450184572

-1.5876869104184188 -0.018579744450184572
-1.5908061381402625 -0.018590062678157784

-1.5908061381402625 -0.018590062678157784
-1.5939253658621062 -0.018634943698288393

-1.5939253658621062 -0.018634943698288393
-1.5970445935839499 -0.018713822361897909

-1.5970445935839499 -0.018713822361897909
-1.5970872318625229 -0.018715366331061911

-1.5970872318625229 -0.018715366331061911
-1.6001638213057934 -0.01882594516963336

-1.6001638213057934 -0.01882594516963336
-1.6032830490276371 -0.018970537287149924

-1.6032830490276371 -0.018970537287149924
-1.6064022767494808 -0.019147750154431084

-1.6064022767494808 -0.019147750154431084
-1.6095215044713245 -0.019358452739405674

-1.6095215044713245 -0.019358452739405674
-1.6126407321931682 -0.019603414964327846

-1.6126407321931682 -0.019603414964327846
-1.6157599599150116 -0.019883368610266353

-1.6157599599150116 -0.019883368610266353
-1.6188791876368553 -0.02019868675875499

-1.6188791876368553 -0.02019868675875499
-1.621998415358699 -0.020549848706824813

-1.621998415358699 -0.020549848706824813
-1.6251176430805427 -0.020937473533736917

-1.6251176430805427 -0.020937473533736917
-1.6282368708023864 -0.021362009602451409

-1.6282368708023864 -0.021362009602451409
-1.6313560985242299 -0.021823063812110823

-1.6313560985242299 -0.021823063812110823
-1.6314256493415278 -0.021834594052905564

-1.6314256493415278 -0.021834594052905564
-1.6344753262460736 -0.022321631364901475

-1.6344753262460736 -0.022321631364901475
-1.6375945539679173 -0.022855437555822797

-1.6375945539679173 -0.022855437555822797
-1.640713781689761 -0.023423798943464219

-1.640713781689761 -0.023423798943464219
-1.6438330094116045 -0.02402630530036453

-1.6438330094116045 -0.02402630530036453
-1.6469522371334482 -0.024657924912826944

-1.6469522371334482 -0.024657924912826944
-1.6483088160232529 -0.024953821774749217

-1.6483088160232529 -0.024953821774749217
-1.6500714648552919 -0.025336073330175898

-1.6500714648552919 -0.025336073330175898
-1.6531906925771356 -0.026031853432988951

-1.6531906925771356 -0.026031853432988951
-1.6563099202989793 -0.026760679410404515

-1.6563099202989793 -0.026760679410404515
-1.6594291480208228 -0.027515757611244578

-1.6594291480208228 -0.027515757611244578
-1.6616239155347119 -0.028073049496592867

-1.6616239155347119 -0.028073049496592867
-1.6625483757426665 -0.02831432501957681

-1.6625483757426665 -0.02831432501957681
-1.6656676034645101 -0.029123305028717742

-1.6656676034645101 -0.029123305028717742
-1.6687868311863538 -0.029968318476828848

-1.6687868311863538 -0.029968318476828848
-1.6719060589081975 -0.030834835509898434

-1.6719060589081975 -0.030834835509898434
-1.6731010297289823 -0.03119227721843652

-1.6731010297289823 -0.03119227721843652
-1.675025286630041 -0.031758714098276825

-1.675025286630041 -0.031758714098276825
-1.6781445143518847 -0.032692575639810748

-1.6781445143518847 -0.032692575639810748
-1.6812637420737284 -0.03365859058102294

-1.6812637420737284 -0.03365859058102294
-1.6832670282426765 -0.034311504940280173

-1.6832670282426765 -0.034311504940280173
-1.6843829697955721 -0.034684398412729203

-1.6843829697955721 -0.034684398412729203
-1.6875021975174158 -0.035713982308412287

-1.6875021975174158 -0.035713982308412287
-1.6906214252392593 -0.036781710811687997

-1.6906214252392593 -0.036781710811687997
-1.6924108472173429 -0.037430732662123829

-1.6924108472173429 -0.037430732662123829
-1.693740652961103 -0.037920322619712475

-1.693740652961103 -0.037920322619712475
-1.6968598806829467 -0.039055691523634806

-1.6968598806829467 -0.039055691523634806
-1.6999791084047904 -0.040223071725268927

-1.6999791084047904 -0.040223071725268927
-1.7007712327320981 -0.040549960383967479

-1.7007712327320981 -0.040549960383967479
-1.7030983361266341 -0.041465189258576229

-1.7030983361266341 -0.041465189258576229
-1.7062175638484776 -0.042705943087481407

-1.7062175638484776 -0.042705943087481407
-1.7085430256417884 -0.043669188105811135

-1.7085430256417884 -0.043669188105811135
-1.7093367915703213 -0.044016048466633956

-1.7093367915703213 -0.044016048466633956
-1.712456019292165 -0.045310598670211151

-1.712456019292165 -0.045310598670211151
-1.7155752470140087 -0.046640429134403895

-1.7155752470140087 -0.046640429134403895
-1.7158823832363499 -0.046788415827654785

-1.7158823832363499 -0.046788415827654785
-1.7186944747358524 -0.048025343651798336

-1.7186944747358524 -0.048025343651798336
-1.7218137024576958 -0.04939804186706985

-1.7218137024576958 -0.04939804186706985
-1.7228753673552117 -0.049907643549498434

-1.7228753673552117 -0.049907643549498434
-1.7249329301795395 -0.050859874399334731

-1.7249329301795395 -0.050859874399334731
-1.7280521579013832 -0.05227602918145819

-1.7280521579013832 -0.05227602918145819
-1.7295919900838701 -0.053026871271342091

-1.7295919900838701 -0.053026871271342091
-1.7311713856232269 -0.053796629250717681

-1.7311713856232269 -0.053796629250717681
-1.7342906133450704 -0.055257206911837789

-1.7342906133450704 -0.055257206911837789
-1.736063527103332 -0.05614609899318574

-1.736063527103332 -0.05614609899318574
-1.7374098410669141 -0.056833646127684968

-1.7374098410669141 -0.056833646127684968
-1.7405290687887578 -0.058341995162602633

-1.7405290687887578 -0.058341995162602633
-1.7423043558464311 -0.05926532671502939

-1.7423043558464311 -0.05926532671502939
-1.7436482965106015 -0.05997796012818267

-1.7436482965106015 -0.05997796012818267
-1.7467675242324452 -0.061536110475454847

-1.7467675242324452 -0.061536110475454847
-1.7483236234894783 -0.062384554436873046

-1.7483236234894783 -0.062384554436873046
-1.7498867519542887 -0.063237645439393822

-1.7498867519542887 -0.063237645439393822
-1.7530059796761324 -0.064849427904391035

-1.7530059796761324 -0.064849427904391035
-1.7541374676712829 -0.065503782158716689

-1.7541374676712829 -0.065503782158716689
-1.7561252073979761 -0.066610873778947186

-1.7561252073979761 -0.066610873778947186
-1.7592444351198198 -0.068294659535167848

-1.7592444351198198 -0.068294659535167848
-1.7597692389572666 -0.068623009880560346

-1.7597692389572666 -0.068623009880560346
-1.7623636628416635 -0.07009656232163114

-1.7623636628416635 -0.07009656232163114
-1.7652302502307484 -0.071742237602403988

-1.7652302502307484 -0.071742237602403988
-1.7654828905635069 -0.071906735902913077

-1.7654828905635069 -0.071906735902913077
-1.7686021182853506 -0.073682849760647942

-1.7686021182853506 -0.073682849760647942
-1.7705532988770627 -0.074861465324247645

-1.7705532988770627 -0.074861465324247645
-1.7717213460071943 -0.075595558190911669

-1.7717213460071943 -0.075595558190911669
-1.774840573729038 -0.077375698028934653

-1.774840573729038 -0.077375698028934653
-1.7757666303778261 -0.077980693046091301

-1.7757666303778261 -0.077980693046091301
-1.7779598014508817 -0.079326177611307488

-1.7779598014508817 -0.079326177611307488
-1.7808852180297414 -0.081099920767934958

-1.7808852180297414 -0.081099920767934958
-1.7810790291727252 -0.08123394771927224

-1.7810790291727252 -0.08123394771927224
-1.7841982568945689 -0.083101281820925563

-1.7841982568945689 -0.083101281820925563
-1.7859536817514536 -0.0842191484897786

-1.7859536817514536 -0.0842191484897786
-1.7873174846164126 -0.085105664143335299

-1.7873174846164126 -0.085105664143335299
-1.7904367123382563 -0.08695800991240886

-1.7904367123382563 -0.08695800991240886
-1.7909901078487385 -0.087338376211622257

-1.7909901078487385 -0.087338376211622257
-1.7935559400601 -0.088935119752325278

-1.7935559400601 -0.088935119752325278
-1.7959924296901757 -0.090457603933465913

-1.7959924296901757 -0.090457603933465913
-1.7966751677819435 -0.090923470071417808

-1.7966751677819435 -0.090923470071417808
-1.7997943955037872 -0.092766331328513932

-1.7997943955037872 -0.092766331328513932
-1.8010296065817462 -0.093576831655309556

-1.8010296065817462 -0.093576831655309556
-1.8029136232256309 -0.09477259282022503

-1.8029136232256309 -0.09477259282022503
-1.8060328509474746 -0.096669731831218034

-1.8060328509474746 -0.096669731831218034
-1.8060704059156609 -0.096696059377153212

-1.8060704059156609 -0.096696059377153212
-1.8091520786693183 -0.098567832512759565

-1.8091520786693183 -0.098567832512759565
-1.8111526026519564 -0.099815287098996869

-1.8111526026519564 -0.099815287098996869
-1.8122713063911617 -0.10054458601114077

-1.8122713063911617 -0.10054458601114077
-1.8153905341130054 -0.10234733854404902

-1.8153905341130054 -0.10234733854404902
-1.8162913958901772 -0.10293451482084051

-1.8162913958901772 -0.10293451482084051
-1.8185097618348491 -0.10428702428285817

-1.8185097618348491 -0.10428702428285817
-1.8214990346909756 -0.10605374254268417

-1.8214990346909756 -0.10605374254268417
-1.8216289895566928 -0.10614154565488464

-1.8216289895566928 -0.10614154565488464
-1.8247482172785363 -0.10793930075362405

-1.8247482172785363 -0.10793930075362405
-1.8268592899008242 -0.10917297026452782

-1.8268592899008242 -0.10917297026452782
-1.82786744500038 -0.10979309043579707

-1.82786744500038 -0.10979309043579707
-1.8309866727222237 -0.11147100877243535

-1.8309866727222237 -0.11147100877243535
-1.8324324721313048 -0.11229219798637147

-1.8324324721313048 -0.11229219798637147
-1.8341059004440674 -0.11323092115680787

-1.8341059004440674 -0.11323092115680787
-1.8372251281659111 -0.11481585035732642

-1.8372251281659111 -0.11481585035732642
-1.8383418823429616 -0.11541142570821512

-1.8383418823429616 -0.11541142570821512
-1.8403443558877546 -0.11643750329357531

-1.8403443558877546 -0.11643750329357531
-1.8434635836095983 -0.11790010093561366

-1.8434635836095983 -0.11790010093561366
-1.8447926650039066 -0.11853065343005878

-1.8447926650039066 -0.11853065343005878
-1.846582811331442 -0.11936248693545039

-1.846582811331442 -0.11936248693545039
-1.8497020390532857 -0.1206792038020936

-1.8497020390532857 -0.1206792038020936
-1.8521178083547272 -0.12164988115190242

-1.8521178083547272 -0.12164988115190242
-1.8528212667751294 -0.12194776565973564

-1.8528212667751294 -0.12194776565973564
-1.8559404944969728 -0.12308274584924286

-1.8559404944969728 -0.12308274584924286
-1.8590597222188165 -0.12413303870731066

-1.8590597222188165 -0.12413303870731066
-1.861117147057751 -0.12476910887374608

-1.861117147057751 -0.12476910887374608
-1.8621789499406602 -0.12510423743989849

-1.8621789499406602 -0.12510423743989849
-1.8652981776625039 -0.12594936489622799

-1.8652981776625039 -0.12594936489622799
-1.8684174053843476 -0.12670875001128104

-1.8684174053843476 -0.12670875001128104
-1.8715366331061911 -0.12736839807740521

-1.8715366331061911 -0.12736839807740521
-1.8744365412701303 -0.12788833659558974

-1.8744365412701303 -0.12788833659558974
-1.8746558608280348 -0.12792906270801185

-1.8746558608280348 -0.12792906270801185
-1.8777750885498785 -0.12838715202331982

-1.8777750885498785 -0.12838715202331982
-1.8808943162717222 -0.12875021920638091

-1.8808943162717222 -0.12875021920638091
-1.8840135439935659 -0.12901763615158962

-1.8840135439935659 -0.12901763615158962
-1.8871327717154094 -0.12918942135287001

-1.8871327717154094 -0.12918942135287001
-1.8902519994372531 -0.12926567244622963

-1.8902519994372531 -0.12926567244622963
-1.8933712271590968 -0.12924623121140225

-1.8933712271590968 -0.12924623121140225
-1.8964904548809405 -0.12913077976380496

-1.8964904548809405 -0.12913077976380496
-1.8996096826027842 -0.12891880976609515

-1.8996096826027842 -0.12891880976609515
-1.9027289103246277 -0.12861007475865657

-1.9027289103246277 -0.12861007475865657
-1.9058481380464714 -0.12820575115264546

-1.9058481380464714 -0.12820575115264546
-1.9078233070662396 -0.12788833659558974

-1.9078233070662396 -0.12788833659558974
-1.908967365768315 -0.12770180861327976

-1.908967365768315 -0.12770180861327976
-1.9120865934901587 -0.12711333747896353

-1.9120865934901587 -0.12711333747896353
-1.9152058212120022 -0.12642586625377147

-1.9152058212120022 -0.12642586625377147
-1.9183250489338459 -0.12564157475882451

-1.9183250489338459 -0.12564157475882451
-1.921423699934369 -0.12476910887374608

-1.921423699934369 -0.12476910887374608
-1.9214442766556896 -0.12476285820356228

-1.9214442766556896 -0.12476285820356228
-1.9245635043775333 -0.12379535201638912

-1.9245635043775333 -0.12379535201638912
-1.927682732099377 -0.12273604544168097

-1.927682732099377 -0.12273604544168097
-1.930633344269999 -0.12164988115190242

-1.930633344269999 -0.12164988115190242
-1.9308019598212205 -0.12158201637410158

-1.9308019598212205 -0.12158201637410158
-1.9339211875430642 -0.12035918428866398

-1.9339211875430642 -0.12035918428866398
-1.9370404152649079 -0.11907388611323248

-1.9370404152649079 -0.11907388611323248
-1.9382116525001918 -0.11853065343005878

-1.9382116525001918 -0.11853065343005878
-1.9401596429867516 -0.11764980814440508

-1.9401596429867516 -0.11764980814440508
-1.9432788707085953 -0.11623128445183596

-1.9432788707085953 -0.11623128445183596
-1.9449156879494371 -0.11541142570821512

-1.9449156879494371 -0.11541142570821512
-1.9463980984304388 -0.11466226475493789

-1.9463980984304388 -0.11466226475493789
-1.9495173261522825 -0.11313629445921375

-1.9495173261522825 -0.11313629445921375
-1.9510742404691397 -0.11229219798637147

-1.9510742404691397 -0.11229219798637147
-1.9526365538741262 -0.11144330912504741

-1.9526365538741262 -0.11144330912504741
-1.9557557815959699 -0.10982167853550595

-1.9557557815959699 -0.10982167853550595
-1.9568537167903253 -0.10917297026452782

-1.9568537167903253 -0.10917297026452782
-1.9588750093178136 -0.10802635722524603

-1.9588750093178136 -0.10802635722524603
-1.961994237039657 -0.10629417655396563

-1.961994237039657 -0.10629417655396563
-1.9623630628840398 -0.10605374254268417

-1.9623630628840398 -0.10605374254268417
-1.9651134647615007 -0.10445023155176622

-1.9651134647615007 -0.10445023155176622
-1.9676493370371648 -0.10293451482084051

-1.9676493370371648 -0.10293451482084051
-1.9682326924833444 -0.10255011673559547

-1.9682326924833444 -0.10255011673559547
-1.9713519202051881 -0.1007389748828366

-1.9713519202051881 -0.1007389748828366
-1.9727818134882777 -0.099815287098996869

-1.9727818134882777 -0.099815287098996869
-1.9744711479270318 -0.098737083853020546

-1.9744711479270318 -0.098737083853020546
-1.9775903756488753 -0.096838153706465688

-1.9775903756488753 -0.096838153706465688
-1.9777897188055638 -0.096696059377153212

-1.9777897188055638 -0.096696059377153212
-1.980709603370719 -0.09486103186621693

-1.980709603370719 -0.09486103186621693
-1.9826577448356992 -0.093576831655309556

-1.9826577448356992 -0.093576831655309556
-1.9838288310925627 -0.092771623130881969

-1.9838288310925627 -0.092771623130881969
-1.9869480588144064 -0.090833919684050538

-1.9869480588144064 -0.090833919684050538
-1.9874672825618995 -0.090457603933465913

-1.9874672825618995 -0.090457603933465913
-1.9900672865362501 -0.088751928564827498

-1.9900672865362501 -0.088751928564827498
-1.9921631501003823 -0.087338376211622257

-1.9921631501003823 -0.087338376211622257
-1.9931865142580936 -0.086608233581114594

-1.9931865142580936 -0.086608233581114594
-1.9963057419799373 -0.084628004723471192

-1.9963057419799373 -0.084628004723471192
-1.9968608311253866 -0.0842191484897786

-1.9968608311253866 -0.0842191484897786
-1.999424969701781 -0.082504160158047166

-1.999424969701781 -0.082504160158047166
-2.0014700833093486 -0.081099920767934958

-2.0014700833093486 -0.081099920767934958
-2.0025441974236249 -0.080323953624699379

-2.0025441974236249 -0.080323953624699379
-2.0056634251454684 -0.07831158553849811

-2.0056634251454684 -0.07831158553849811
-2.0061064423356791 -0.077980693046091301

-2.0061064423356791 -0.077980693046091301
-2.0087826528673123 -0.076181698763052322

-2.0087826528673123 -0.076181698763052322
-2.0106781705893089 -0.074861465324247645

-2.0106781705893089 -0.074861465324247645
-2.0119018805891558 -0.073978288121267791

-2.0119018805891558 -0.073978288121267791
-2.0150211083109992 -0.071943812016173808

-2.0150211083109992 -0.071943812016173808
-2.0152887925238652 -0.071742237602403988

-2.0152887925238652 -0.071742237602403988
-2.0181403360328432 -0.069835787186738954

-2.0181403360328432 -0.069835787186738954
-2.0198678970838877 -0.068623009880560346

-2.0198678970838877 -0.068623009880560346
-2.0212595637546866 -0.067628245240506202

-2.0212595637546866 -0.067628245240506202
-2.0243787914765305 -0.065579624323996097

-2.0243787914765305 -0.065579624323996097
-2.0244792646776721 -0.065503782158716689

-2.0244792646776721 -0.065503782158716689
-2.027498019198374 -0.063507600462627253

-2.027498019198374 -0.063507600462627253
-2.0291051866929197 -0.062384554436873046

-2.0291051866929197 -0.062384554436873046
-2.0306172469202175 -0.061323014639298526

-2.0306172469202175 -0.061323014639298526
-2.0337364746420614 -0.059297405412240253

-2.0337364746420614 -0.059297405412240253
-2.0337795877149802 -0.05926532671502939

-2.0337795877149802 -0.05926532671502939
-2.0368557023639049 -0.057275107441099551

-2.0368557023639049 -0.057275107441099551
-2.038526419764831 -0.05614609899318574

-2.038526419764831 -0.05614609899318574
-2.0399749300857488 -0.055156434923698136

-2.0399749300857488 -0.055156434923698136
-2.0430941578075923 -0.053224059632634393

-2.0430941578075923 -0.053224059632634393
-2.0433717876971915 -0.053026871271342091

-2.0433717876971915 -0.053026871271342091
-2.0462133855294358 -0.051246416825820838

-2.0462133855294358 -0.051246416825820838
-2.0483351673703067 -0.049907643549498434

-2.0483351673703067 -0.049907643549498434
-2.0493326132512797 -0.049241857797000188

-2.0493326132512797 -0.049241857797000188
-2.0524518409731232 -0.047430048385326488

-2.0524518409731232 -0.047430048385326488
-2.0534466872177446 -0.046788415827654785

-2.0534466872177446 -0.046788415827654785
-2.0555710686949671 -0.045495696647102603

-2.0555710686949671 -0.045495696647102603
-2.0586902964168106 -0.043679016912195057

-2.0586902964168106 -0.043679016912195057
-2.0587050672727991 -0.043669188105811135

-2.0587050672727991 -0.043669188105811135
-2.061809524138654 -0.041885476545385492

-2.061809524138654 -0.041885476545385492
-2.0641348669317647 -0.040549960383967479

-2.0641348669317647 -0.040549960383967479
-2.064928751860498 -0.040059958884361827

-2.064928751860498 -0.040059958884361827
-2.0680479795823414 -0.038381719960540968

-2.0680479795823414 -0.038381719960540968
-2.0697251993196026 -0.037430732662123829

-2.0697251993196026 -0.037430732662123829
-2.0711672073041854 -0.036605147907247476

-2.0711672073041854 -0.036605147907247476
-2.0742864350260288 -0.03498415946272905

-2.0742864350260288 -0.03498415946272905
-2.0754882714055221 -0.034311504940280173

-2.0754882714055221 -0.034311504940280173
-2.0774056627478723 -0.03327310648057135

-2.0774056627478723 -0.03327310648057135
-2.0805248904697162 -0.031700242206585801

-2.0805248904697162 -0.031700242206585801
-2.0814565298193584 -0.03119227721843652

-2.0814565298193584 -0.03119227721843652
-2.0836441181915597 -0.030063248431863497

-2.0836441181915597 -0.030063248431863497
-2.0867633459134036 -0.028548370870790454

-2.0867633459134036 -0.028548370870790454
-2.0876782289928402 -0.028073049496592867

-2.0876782289928402 -0.028073049496592867
-2.0898825736352471 -0.026987874396243838

-2.0898825736352471 -0.026987874396243838
-2.0930018013570906 -0.025542758517529691

-2.0930018013570906 -0.025542758517529691
-2.0942201357807493 -0.024953821774749217

-2.0942201357807493 -0.024953821774749217
-2.0961210290789345 -0.024060188624371079

-2.0961210290789345 -0.024060188624371079
-2.099240256800778 -0.022691505111840309

-2.099240256800778 -0.022691505111840309
-2.1011831317750334 -0.021834594052905564

-2.1011831317750334 -0.021834594052905564
-2.1023594845226219 -0.02130226044498016

-2.1023594845226219 -0.02130226044498016
-2.1054787122444654 -0.020015247281789422

-2.1054787122444654 -0.020015247281789422
-2.1085979399663088 -0.018756191926163134

-2.1085979399663088 -0.018756191926163134
-2.1086925755923156 -0.018715366331061911

-2.1086925755923156 -0.018715366331061911
-2.1117171676881528 -0.017532562321672791

-2.1117171676881528 -0.017532562321672791
-2.1148363954099962 -0.016363230691380831

-2.1148363954099962 -0.016363230691380831
-2.116912879535505 -0.015596138609218262

-2.116912879535505 -0.015596138609218262
-2.1179556231318402 -0.015199301653036576

-2.1179556231318402 -0.015199301653036576
-2.1210748508536836 -0.01411348142530949

-2.1210748508536836 -0.01411348142530949
-2.1241940785755271 -0.013065378730573287

-2.1241940785755271 -0.013065378730573287
-2.1259646732028448 -0.012476910887374609

-2.1259646732028448 -0.012476910887374609
-2.127313306297371 -0.012024169814969704

-2.127313306297371 -0.012024169814969704
-2.1304325340192145 -0.011048758250046383

-2.1304325340192145 -0.011048758250046383
-2.133551761741058 -0.010101762149942739

-2.133551761741058 -0.010101762149942739
-2.1360889569572663 -0.0093576831655309573

-2.1360889569572663 -0.0093576831655309573
-2.1366709894629019 -0.0091790160406612191

-2.1366709894629019 -0.0091790160406612191
-2.1397902171847454 -0.0083109323698167814

-2.1397902171847454 -0.0083109323698167814
-2.1429094449065893 -0.0074707986120313213

-2.1429094449065893 -0.0074707986120313213
-2.1460286726284328 -0.0066709631206539177

-2.1460286726284328 -0.0066709631206539177
-2.1477508162513907 -0.0062384554436873043

-2.1477508162513907 -0.0062384554436873043
-2.1491479003502763 -0.0058856962822721503

-2.1491479003502763 -0.0058856962822721503
-2.1522671280721202 -0.0051514169742324385

-2.1522671280721202 -0.0051514169742324385
-2.1553863557939636 -0.0044470160543695755

-2.1553863557939636 -0.0044470160543695755
-2.1585055835158076 -0.003777139542533552

-2.1585055835158076 -0.003777139542533552
-2.161624811237651 -0.00314071151277909

-2.161624811237651 -0.00314071151277909
-2.1617307052968449 -0.0031192277218436521

-2.1617307052968449 -0.0031192277218436521
-2.1647440389594945 -0.0025363048016961865

-2.1647440389594945 -0.0025363048016961865
-2.1678632666813384 -0.0019688118741805331

-2.1678632666813384 -0.0019688118741805331
-2.1709824944031819 -0.0014371123130476392

-2.1709824944031819 -0.0014371123130476392
-2.1741017221250258 -0.00094187366337601457

-2.1741017221250258 -0.00094187366337601457
-2.1772209498468693 -0.00048548561310519846

-2.1772209498468693 -0.00048548561310519846
-2.1803401775687128 -7.0497581176541448e-05

-2.1803401775687128 -7.0497581176541448e-05
-2.1809106623610321 0

-2.1809106623610321 0
-2.1834594052905567 0.00030842653394116005

-2.1834594052905567 0.00030842653394116005
-2.1865786330124002 0.00064722654440362839

-2.1865786330124002 0.00064722654440362839
-2.1896978607342441 0.00094624093361985948

-2.1896978607342441 0.00094624093361985948
-2.1928170884560876 0.0012026931113281033

-2.1928170884560876 0.0012026931113281033
-2.1959363161779311 0.0014180269308420542

-2.1959363161779311 0.0014180269308420542
-2.199055543899775 0.0015932622413703378

-2.199055543899775 0.0015932622413703378
-2.2021747716216185 0.0017280739202860547

-2.2021747716216185 0.0017280739202860547
-2.2052939993434624 0.0018234037188055931

-2.2052939993434624 0.0018234037188055931
-2.2084132270653059 0.001880977573433357

-2.2084132270653059 0.001880977573433357
-2.2115324547871493 0.0019014087990763132

-2.2115324547871493 0.0019014087990763132
-2.2146516825089932 0.0018851512850199565

-2.2146516825089932 0.0018851512850199565
-2.2177709102308367 0.0018333237457586302

-2.2177709102308367 0.0018333237457586302
-2.2208901379526806 0.0017464824221214315

-2.2208901379526806 0.0017464824221214315
-2.2240093656745241 0.0016245767553153879

-2.2240093656745241 0.0016245767553153879
-2.2271285933963676 0.0014676460929532137

-2.2271285933963676 0.0014676460929532137
-2.2302478211182115 0.0012754267067514639

-2.2302478211182115 0.0012754267067514639
-2.233367048840055 0.0010469378833971332

-2.233367048840055 0.0010469378833971332
-2.2364862765618989 0.00078101819510135832

-2.2364862765618989 0.00078101819510135832
-2.2396055042837424 0.00047672846617905374

-2.2396055042837424 0.00047672846617905374
-2.2427247320055859 0.00013456765315581409

-2.2427247320055859 0.00013456765315581409
-2.2438025256480092 0

-2.2438025256480092 0
-2.2458439597274298 -0.00025287995652368417

-2.2458439597274298 -0.00025287995652368417
-2.2489631874492733 -0.00067939977122038195

-2.2489631874492733 -0.00067939977122038195
-2.2520824151711172 -0.0011499407783203848

-2.2520824151711172 -0.0011499407783203848
-2.2552016428929607 -0.0016640987788375755

-2.2552016428929607 -0.0016640987788375755
-2.2583208706148041 -0.0022221002804124015

-2.2583208706148041 -0.0022221002804124015
-2.2614400983366481 -0.0028204590062179324

-2.2614400983366481 -0.0028204590062179324
-2.2628588323592109 -0.0031192277218436521

-2.2628588323592109 -0.0031192277218436521
-2.2645593260584915 -0.0034762723816540533

-2.2645593260584915 -0.0034762723816540533
-2.2676785537803354 -0.0041624557697308691

-2.2676785537803354 -0.0041624557697308691
-2.2707977815021789 -0.0048947646983416556

-2.2707977815021789 -0.0048947646983416556
-2.2739170092240224 -0.005666143436158109

-2.2739170092240224 -0.005666143436158109
-2.2760905751699707 -0.0062384554436873043

-2.2760905751699707 -0.0062384554436873043
-2.2770362369458663 -0.0064945292906108372

-2.2770362369458663 -0.0064945292906108372
-2.2801554646677098 -0.0073443125524148148

-2.2801554646677098 -0.0073443125524148148
-2.2832746923895537 -0.008241916348491132

-2.2832746923895537 -0.008241916348491132
-2.2863939201113972 -0.0091689780681142863

-2.2863939201113972 -0.0091689780681142863
-2.2869662546332892 -0.0093576831655309573

-2.2869662546332892 -0.0093576831655309573
-2.2895131478332407 -0.010157101287911431

-2.2895131478332407 -0.010157101287911431
-2.2926323755550846 -0.011172600886504031

-2.2926323755550846 -0.011172600886504031
-2.2957516032769281 -0.012217335230818959

-2.2957516032769281 -0.012217335230818959
-2.2964505523395125 -0.012476910887374609

-2.2964505523395125 -0.012476910887374609
-2.298870830998772 -0.013333374164156862

-2.298870830998772 -0.013333374164156862
-2.3019900587206155 -0.014468395853577478

-2.3019900587206155 -0.014468395853577478
-2.3049697720269142 -0.015596138609218262

-2.3049697720269142 -0.015596138609218262
-2.3051092864424589 -0.015654034835865947

-2.3051092864424589 -0.015654034835865947
-2.3082285141643029 -0.016874157420380904

-2.3082285141643029 -0.016874157420380904
-2.3113477418861463 -0.01812479902580395

-2.3113477418861463 -0.01812479902580395
-2.3127030587703739 -0.018715366331061911

-2.3127030587703739 -0.018715366331061911
-2.3144669696079898 -0.019474614082521987

-2.3144669696079898 -0.019474614082521987
-2.3175861973298337 -0.020813455458691933

-2.3175861973298337 -0.020813455458691933
-2.3198241046944057 -0.021834594052905564

-2.3198241046944057 -0.021834594052905564
-2.3207054250516772 -0.022258635832091405

-2.3207054250516772 -0.022258635832091405
-2.3238246527735211 -0.023688936600365813

-2.3238246527735211 -0.023688936600365813
-2.326432174451734 -0.024953821774749217

-2.326432174451734 -0.024953821774749217
-2.3269438804953646 -0.025224717699456643

-2.3269438804953646 -0.025224717699456643
-2.3300631082172081 -0.026757973237384665

-2.3300631082172081 -0.026757973237384665
-2.3325904642698774 -0.028073049496592867

-2.3325904642698774 -0.028073049496592867
-2.333182335939052 -0.028408899231685564

-2.333182335939052 -0.028408899231685564
-2.3363015636608955 -0.030031941634883062

-2.3363015636608955 -0.030031941634883062
-2.338372466656558 -0.03119227721843652

-2.338372466656558 -0.03119227721843652
-2.3394207913827394 -0.031809442194637202

-2.3394207913827394 -0.031809442194637202
-2.3425400191045829 -0.033509869828877673

-2.3425400191045829 -0.033509869828877673
-2.3438404272000688 -0.034311504940280173

-2.3438404272000688 -0.034311504940280173
-2.3456592468264263 -0.035407128329968986

-2.3456592468264263 -0.035407128329968986
-2.3487784745482703 -0.037235297684012819

-2.3487784745482703 -0.037235297684012819
-2.3490610307021322 -0.037430732662123829

-2.3490610307021322 -0.037430732662123829
-2.3518977022701137 -0.039172525846191006

-2.3518977022701137 -0.039172525846191006
-2.3540322986193245 -0.040549960383967479

-2.3540322986193245 -0.040549960383967479
-2.3550169299919577 -0.041226506894463402

-2.3550169299919577 -0.041226506894463402
-2.3581361577138011 -0.043157807515739791

-2.3581361577138011 -0.043157807515739791
-2.3588419054965768 -0.043669188105811135

-2.3588419054965768 -0.043669188105811135
-2.3612553854356446 -0.045280917189705353

-2.3612553854356446 -0.045280917189705353
-2.3634365446712313 -0.046788415827654785

-2.3634365446712313 -0.046788415827654785
-2.3643746131574885 -0.047481720208047196

-2.3643746131574885 -0.047481720208047196
-2.367493840879332 -0.049553522645443659

-2.367493840879332 -0.049553522645443659
-2.3679515309775523 -0.049907643549498434

-2.3679515309775523 -0.049907643549498434
-2.3706130686011759 -0.051777411609224618

-2.3706130686011759 -0.051777411609224618
-2.3722707612159479 -0.053026871271342091

-2.3722707612159479 -0.053026871271342091
-2.3737322963230194 -0.054143161053598177

-2.3737322963230194 -0.054143161053598177
-2.3764752603561199 -0.05614609899318574

-2.3764752603561199 -0.05614609899318574
-2.3768515240448629 -0.056451119957100795

-2.3768515240448629 -0.056451119957100795
-2.3799707517667068 -0.058698225880706403

-2.3799707517667068 -0.058698225880706403
-2.380662741314429 -0.05926532671502939

-2.380662741314429 -0.05926532671502939
-2.3830899794885503 -0.061123699423855891

-2.3830899794885503 -0.061123699423855891
-2.3846399454448921 -0.062384554436873046

-2.3846399454448921 -0.062384554436873046
-2.3862092072103942 -0.063666238863785196

-2.3862092072103942 -0.063666238863785196
-2.3885028888353697 -0.065503782158716689

-2.3885028888353697 -0.065503782158716689
-2.3893284349322377 -0.066205311870126377

-2.3893284349322377 -0.066205311870126377
-2.3923927886763248 -0.068623009880560346

-2.3923927886763248 -0.068623009880560346
-2.3924476626540812 -0.068670870332754874

-2.3924476626540812 -0.068670870332754874
-2.3955668903759251 -0.071157283669606067

-2.3955668903759251 -0.071157283669606067
-2.3962344923129519 -0.071742237602403988

-2.3962344923129519 -0.071742237602403988
-2.3986861180977685 -0.073776466819695269

-2.3986861180977685 -0.073776466819695269
-2.3999283165012031 -0.074861465324247645

-2.3999283165012031 -0.074861465324247645
-2.4018053458196125 -0.076472713844878623

-2.4018053458196125 -0.076472713844878623
-2.4035486220501281 -0.077980693046091301

-2.4035486220501281 -0.077980693046091301
-2.4049245735414559 -0.079185756308552679

-2.4049245735414559 -0.079185756308552679
-2.4071733924190304 -0.081099920767934958

-2.4071733924190304 -0.081099920767934958
-2.4080438012632994 -0.081872071833669763

-2.4080438012632994 -0.081872071833669763
-2.410861373265881 -0.0842191484897786

-2.410861373265881 -0.0842191484897786
-2.4111630289851433 -0.084488930246554142

-2.4111630289851433 -0.084488930246554142
-2.4142822567069868 -0.087036190336056696

-2.4142822567069868 -0.087036190336056696
-2.4146217883675543 -0.087338376211622257

-2.4146217883675543 -0.087338376211622257
-2.4174014844288307 -0.089626993464243646

-2.4174014844288307 -0.089626993464243646
-2.4183565618517284 -0.090457603933465913

-2.4183565618517284 -0.090457603933465913
-2.4205207121506742 -0.092258590634553078

-2.4205207121506742 -0.092258590634553078
-2.4220861219255609 -0.093576831655309556

-2.4220861219255609 -0.093576831655309556
-2.4236399398725177 -0.094881545053029134

-2.4236399398725177 -0.094881545053029134
-2.4259105233264169 -0.096696059377153212

-2.4259105233264169 -0.096696059377153212
-2.4267591675943616 -0.097409013649417481

-2.4267591675943616 -0.097409013649417481
-2.4298783953162051 -0.099749875130533308

-2.4298783953162051 -0.099749875130533308
-2.4299568495220112 -0.099815287098996869

-2.4299568495220112 -0.099815287098996869
-2.432997623038049 -0.10205672922013084

-2.432997623038049 -0.10205672922013084
-2.4341215310644868 -0.10293451482084051

-2.4341215310644868 -0.10293451482084051
-2.4361168507598925 -0.10442066654577692

-2.4361168507598925 -0.10442066654577692
-2.4384406800742204 -0.10605374254268417

-2.4384406800742204 -0.10605374254268417
-2.439236078481736 -0.10665172063725642

-2.439236078481736 -0.10665172063725642
-2.4423553062035799 -0.10862279609890486

-2.4423553062035799 -0.10862279609890486
-2.4431477374506754 -0.10917297026452782

-2.4431477374506754 -0.10917297026452782
-2.4454745339254234 -0.11065793298407282

-2.4454745339254234 -0.11065793298407282
-2.4482332993687379 -0.11229219798637147

-2.4482332993687379 -0.11229219798637147
-2.4485937616472673 -0.11252997408511901

-2.4485937616472673 -0.11252997408511901
-2.4517129893691108 -0.11421006232854349

-2.4517129893691108 -0.11421006232854349
-2.4540859099847072 -0.11541142570821512

-2.4540859099847072 -0.11541142570821512
-2.4548322170909542 -0.11581292073898597

-2.4548322170909542 -0.11581292073898597
-2.4579514448127981 -0.11719716452433146

-2.4579514448127981 -0.11719716452433146
-2.4610706725346416 -0.11844853876766839

-2.4610706725346416 -0.11844853876766839
-2.4612865350203394 -0.11853065343005878

-2.4612865350203394 -0.11853065343005878
-2.4641899002564855 -0.11954474115887849

-2.4641899002564855 -0.11954474115887849
-2.467309127978329 -0.12047188717956135

-2.467309127978329 -0.12047188717956135
-2.4704283557001725 -0.1212195861228695

-2.4704283557001725 -0.1212195861228695
-2.4728439777956335 -0.12164988115190242

-2.4728439777956335 -0.12164988115190242
-2.4735475834220164 -0.12177730333016359

-2.4735475834220164 -0.12177730333016359
-2.4766668111438599 -0.12213507042878026

-2.4766668111438599 -0.12213507042878026
-2.4797860388657038 -0.1223134182627737

-2.4797860388657038 -0.1223134182627737
-2.4829052665875473 -0.12230922391204105

-2.4829052665875473 -0.12230922391204105
-2.4860244943093908 -0.12211979454626856

-2.4860244943093908 -0.12211979454626856
-2.4891437220312347 -0.12174859845713761

-2.4891437220312347 -0.12174859845713761
-2.489685761062209 -0.12164988115190242

-2.489685761062209 -0.12164988115190242
-2.4922629497530782 -0.12119080304641985

-2.4922629497530782 -0.12119080304641985
-2.4953821774749216 -0.12045608637772588

-2.4953821774749216 -0.12045608637772588
-2.4985014051967656 -0.11953265898343497

-2.4985014051967656 -0.11953265898343497
-2.5013156473144491 -0.11853065343005878

-2.5013156473144491 -0.11853065343005878
-2.501620632918609 -0.11841276174521904

-2.501620632918609 -0.11841276174521904
-2.504739860640453 -0.11712505911238895

-2.504739860640453 -0.11712505911238895
-2.5078590883622964 -0.11566090448975422

-2.5078590883622964 -0.11566090448975422
-2.5078590883622964 -0.11566090448975422

-2.5078590883622964 -0.11566090448975422
-2.5082797081918251 -0.11541142570821512

-2.5082797081918251 -0.11541142570821512
-2.5109783160841399 -0.11395453269270185

-2.5109783160841399 -0.11395453269270185
-2.5109783160841399 -0.11395453269270185

-2.5109783160841399 -0.11395453269270185
-2.5137672856287212 -0.11229219798637147

-2.5137672856287212 -0.11229219798637147
-2.5140975438059838 -0.11206814299897028

-2.5140975438059838 -0.11206814299897028
-2.5172167715278273 -0.11012247181966239

-2.5172167715278273 -0.11012247181966239
-2.5184991243461639 -0.10917297026452782

-2.5184991243461639 -0.10917297026452782
-2.5203359992496712 -0.10783667268551936

-2.5203359992496712 -0.10783667268551936
-2.5203359992496712 -0.10783667268551936

-2.5203359992496712 -0.10783667268551936
-2.5226988846763763 -0.10605374254268417

-2.5226988846763763 -0.10605374254268417
-2.5234552269715147 -0.10543561239322014

-2.5234552269715147 -0.10543561239322014
-2.5265744546933582 -0.10301364687844317

-2.5265744546933582 -0.10301364687844317
-2.5265744546933582 -0.10301364687844317

-2.5265744546933582 -0.10301364687844317
-2.5266639353091498 -0.10293451482084051

-2.5266639353091498 -0.10293451482084051
-2.5296936824152021 -0.10042095111426159

-2.5296936824152021 -0.10042095111426159
-2.5296936824152021 -0.10042095111426159

-2.5296936824152021 -0.10042095111426159
-2.5303571482134886 -0.099815287098996869

-2.5303571482134886 -0.099815287098996869
-2.5328129101370456 -0.09762556931569713

-2.5328129101370456 -0.09762556931569713
-2.5338008798950695 -0.096696059377153212

-2.5338008798950695 -0.096696059377153212
-2.5359321378588895 -0.094697056904438887

-2.5359321378588895 -0.094697056904438887
-2.5370930698016676 -0.093576831655309556

-2.5370930698016676 -0.093576831655309556
-2.539051365580733 -0.091675437593867204

-2.539051365580733 -0.091675437593867204
-2.5402824518390559 -0.090457603933465913

-2.5402824518390559 -0.090457603933465913
-2.5421705933025764 -0.08856317094602903

-2.5421705933025764 -0.08856317094602903
-2.5433782820791304 -0.087338376211622257

-2.5433782820791304 -0.087338376211622257
-2.5452898210244204 -0.085374529471710467

-2.5452898210244204 -0.085374529471710467
-2.5464138830830918 -0.0842191484897786

-2.5464138830830918 -0.0842191484897786
-2.5484090487462638 -0.082137991817591086

-2.5484090487462638 -0.082137991817591086
-2.549408866721059 -0.081099920767934958

-2.549408866721059 -0.081099920767934958
-2.5515282764681078 -0.078857846684434588

-2.5515282764681078 -0.078857846684434588
-2.5523664761007163 -0.077980693046091301

-2.5523664761007163 -0.077980693046091301
-2.5546475041899512 -0.075529339326270345

-2.5546475041899512 -0.075529339326270345
-2.5552814765359231 -0.074861465324247645

-2.5552814765359231 -0.074861465324247645
-2.5577667319117947 -0.072149366654978286

-2.5577667319117947 -0.072149366654978286
-2.5581518392989291 -0.071742237602403988

-2.5581518392989291 -0.071742237602403988
-2.5608859596336386 -0.068719813097210383

-2.5608859596336386 -0.068719813097210383
-2.5609774391227851 -0.068623009880560346

-2.5609774391227851 -0.068623009880560346
-2.5637786703650183 -0.065503782158716689

-2.5637786703650183 -0.065503782158716689
-2.5640051873554821 -0.065263469237196878

-2.5640051873554821 -0.065263469237196878
-2.5665967686169657 -0.062384554436873046

-2.5665967686169657 -0.062384554436873046
-2.567124415077326 -0.061821609624900332

-2.567124415077326 -0.061821609624900332
-2.5694363769156712 -0.05926532671502939

-2.5694363769156712 -0.05926532671502939
-2.5702436427991695 -0.058400505382047087

-2.5702436427991695 -0.058400505382047087
-2.5722982868104856 -0.05614609899318574

-2.5722982868104856 -0.05614609899318574
-2.573362870521013 -0.055003813009348701

-2.573362870521013 -0.055003813009348701
-2.5751806815097389 -0.053026871271342091

-2.5751806815097389 -0.053026871271342091
-2.5764820982428569 -0.051627698377221511

-2.5764820982428569 -0.051627698377221511
-2.5780743118994405 -0.049907643549498434

-2.5780743118994405 -0.049907643549498434
-2.5796013259647004 -0.048260975501815608

-2.5796013259647004 -0.048260975501815608
-2.5809731868432411 -0.046788415827654785

-2.5809731868432411 -0.046788415827654785
-2.5827205536865443 -0.044905553342709841

-2.5827205536865443 -0.044905553342709841
-2.5838834060902753 -0.043669188105811135

-2.5838834060902753 -0.043669188105811135
-2.5858397814083878 -0.041572462319562041

-2.5858397814083878 -0.041572462319562041
-2.5868114216507521 -0.040549960383967479

-2.5868114216507521 -0.040549960383967479
-2.5889590091302312 -0.038264882824483232

-2.5889590091302312 -0.038264882824483232
-2.5897590333665641 -0.037430732662123829

-2.5897590333665641 -0.037430732662123829
-2.5920782368520752 -0.03498271436205469

-2.5920782368520752 -0.03498271436205469
-2.5927277003635938 -0.034311504940280173

-2.5927277003635938 -0.034311504940280173
-2.5951974645739186 -0.031733619729989303

-2.5951974645739186 -0.031733619729989303
-2.5951974645739186 -0.031733619729989303

-2.5951974645739186 -0.031733619729989303
-2.5957266992144405 -0.03119227721843652

-2.5957266992144405 -0.03119227721843652
-2.5983166922957626 -0.028530280363072716

-2.5983166922957626 -0.028530280363072716
-2.5987686645176202 -0.028073049496592867

-2.5987686645176202 -0.028073049496592867
-2.601435920017606 -0.025378251718845942

-2.601435920017606 -0.025378251718845942
-2.601435920017606 -0.025378251718845942

-2.601435920017606 -0.025378251718845942
-2.6018598612518153 -0.024953821774749217

-2.6018598612518153 -0.024953821774749217
-2.6045551477394495 -0.022276648288012891

-2.6045551477394495 -0.022276648288012891
-2.6050011821672028 -0.021834594052905564

-2.6050011821672028 -0.021834594052905564
-2.6076743754612934 -0.019222856348312823

-2.6076743754612934 -0.019222856348312823
-2.6081917644504768 -0.018715366331061911

-2.6081917644504768 -0.018715366331061911
-2.6107936031831369 -0.016212802906818691

-2.6107936031831369 -0.016212802906818691
-2.6114290134854636 -0.015596138609218262

-2.6114290134854636 -0.015596138609218262
-2.6139128309049808 -0.013238178071068753

-2.6139128309049808 -0.013238178071068753
-2.614704992138345 -0.012476910887374609

-2.614704992138345 -0.012476910887374609
-2.6170320586268243 -0.010288220949703502

-2.6170320586268243 -0.010288220949703502
-2.6180092371870969 -0.0093576831655309573

-2.6180092371870969 -0.0093576831655309573
-2.6201512863486678 -0.0073563831247093993

-2.6201512863486678 -0.0073563831247093993
-2.6201512863486678 -0.0073563831247093993

-2.6201512863486678 -0.0073563831247093993
-2.6213371871699671 -0.0062384554436873043

-2.6213371871699671 -0.0062384554436873043
-2.6232705140705117 -0.0044441176788666461

-2.6232705140705117 -0.0044441176788666461
-2.6246957876902726 -0.0031192277218436521

-2.6246957876902726 -0.0031192277218436521
-2.6263897417923552 -0.0015599856841848078

-2.6263897417923552 -0.0015599856841848078
-2.6263897417923552 -0.0015599856841848078

-2.6263897417923552 -0.0015599856841848078
-2.6281008035488482 0

-2.6281008035488482 0
-2.6295089695141991 0.0012851202866154558

-2.6295089695141991 0.0012851202866154558
-2.6315718936291725 0.0031192277218436517

-2.6315718936291725 0.0031192277218436517
-2.6326281972360426 0.0040758189588935264

-2.6326281972360426 0.0040758189588935264
-2.6351463258410086 0.0062384554436873043

-2.6351463258410086 0.0062384554436873043
-2.6357474249578861 0.0067785792985153573

-2.6357474249578861 0.0067785792985153573
-2.63886665267973 0.0093524808171005138

-2.63886665267973 0.0093524808171005138
-2.6388725008438758 0.0093576831655309556

-2.6388725008438758 0.0093576831655309556
-2.6419858804015734 0.011877053973738314

-2.6419858804015734 0.011877053973738314
-2.6426785843700213 0.012476910887374609

-2.6426785843700213 0.012476910887374609
-2.6451051081234174 0.014445422451385321

-2.6451051081234174 0.014445422451385321
-2.6464875370021099 0.01559613860921826

-2.6464875370021099 0.01559613860921826
-2.6482243358452608 0.017014529706372402

-2.6482243358452608 0.017014529706372402
-2.6503849390051148 0.018715366331061915

-2.6503849390051148 0.018715366331061915
-2.6513435635671043 0.019504829861796021

-2.6513435635671043 0.019504829861796021
-2.6544627912889482 0.021808608876052956

-2.6544627912889482 0.021808608876052956
-2.6544945083192562 0.021834594052905568

-2.6544945083192562 0.021834594052905568
-2.6575820190107917 0.024065042475498875

-2.6575820190107917 0.024065042475498875
-2.6587335105143182 0.024953821774749217

-2.6587335105143182 0.024953821774749217
-2.6607012467326356 0.026408226908629626

-2.6607012467326356 0.026408226908629626
-2.6630452666482856 0.02807304949659287

-2.6630452666482856 0.02807304949659287
-2.6638204744544791 0.028664531160505543

-2.6638204744544791 0.028664531160505543
-2.6669397021763226 0.030722040930955166

-2.6669397021763226 0.030722040930955166
-2.6675716248416421 0.03119227721843652

-2.6675716248416421 0.03119227721843652
-2.6700589298981665 0.03287579044496499

-2.6700589298981665 0.03287579044496499
-2.6721987230350561 0.034311504940280173

-2.6721987230350561 0.034311504940280173
-2.67317815762001 0.035007490352197482

-2.67317815762001 0.035007490352197482
-2.6762973853418535 0.036929447914352778

-2.6762973853418535 0.036929447914352778
-2.6770173946284479 0.037430732662123822

-2.6770173946284479 0.037430732662123822
-2.6794166130636974 0.038961316825479091

-2.6794166130636974 0.038961316825479091
-2.681969482359182 0.040549960383967479

-2.681969482359182 0.040549960383967479
-2.6825358407855409 0.040937952875999807

-2.6825358407855409 0.040937952875999807
-2.6856550685073848 0.042755133536810257

-2.6856550685073848 0.042755133536810257
-2.6871343136436741 0.043669188105811128

-2.6871343136436741 0.043669188105811128
-2.6887742962292283 0.044672796616192424

-2.6887742962292283 0.044672796616192424
-2.6918935239510717 0.046409723691121119

-2.6918935239510717 0.046409723691121119
-2.692502537494744 0.046788415827654778

-2.692502537494744 0.046788415827654778
-2.6950127516729157 0.048211633244534577

-2.6950127516729157 0.048211633244534577
-2.6981123550167743 0.049907643549498434

-2.6981123550167743 0.049907643549498434
-2.6981319793947591 0.049919979166228791

-2.6981319793947591 0.049919979166228791
-2.701251207116603 0.051580486828163762

-2.701251207116603 0.051580486828163762
-2.7040364609749341 0.053026871271342084

-2.7040364609749341 0.053026871271342084
-2.7043704348384465 0.053219622619719471

-2.7043704348384465 0.053219622619719471
-2.70748966256029 0.054768358564540064

-2.70748966256029 0.054768358564540064
-2.7103016120285091 0.056146098993185733

-2.7103016120285091 0.056146098993185733
-2.7106088902821339 0.056312790302103649

-2.7106088902821339 0.056312790302103649
-2.7137281180039774 0.057779470841545

-2.7137281180039774 0.057779470841545
-2.7168473457258213 0.059211342060925536

-2.7168473457258213 0.059211342060925536
-2.7169552568330904 0.05926532671502939

-2.7169552568330904 0.05926532671502939
-2.7199665734476648 0.060612448287036019

-2.7199665734476648 0.060612448287036019
-2.7230858011695083 0.061944051476465103

-2.7230858011695083 0.061944051476465103
-2.72407926073741 0.06238455443687304

-2.72407926073741 0.06238455443687304
-2.7262050288913522 0.063289273212055006

-2.7262050288913522 0.063289273212055006
-2.7293242566131957 0.06454943001573811

-2.7293242566131957 0.06454943001573811
-2.7317157717426066 0.065503782158716703

-2.7317157717426066 0.065503782158716703
-2.7324434843350396 0.065810077390900709

-2.7324434843350396 0.065810077390900709
-2.7355627120568831 0.06699189954776523

-2.7355627120568831 0.06699189954776523
-2.7386819397787265 0.068134415191837994

-2.7386819397787265 0.068134415191837994
-2.7399998906878871 0.068623009880560346

-2.7399998906878871 0.068623009880560346
-2.7418011675005705 0.069280433055570384

-2.7418011675005705 0.069280433055570384
-2.7449203952224139 0.070358339067187706

-2.7449203952224139 0.070358339067187706
-2.7480396229442579 0.07139782068450623

-2.7480396229442579 0.07139782068450623
-2.749059833346446 0.071742237602404002

-2.749059833346446 0.071742237602404002
-2.7511588506661013 0.072429665875403212

-2.7511588506661013 0.072429665875403212
-2.7542780783879448 0.073397885700986862

-2.7542780783879448 0.073397885700986862
-2.7573973061097887 0.074325632877438527

-2.7573973061097887 0.074325632877438527
-2.7592356556472688 0.074861465324247659

-2.7592356556472688 0.074861465324247659
-2.7605165338316322 0.07523918584879051

-2.7605165338316322 0.07523918584879051
-2.7636357615534761 0.076092080349739757

-2.7636357615534761 0.076092080349739757
-2.7667549892753196 0.076914572493376257

-2.7667549892753196 0.076914572493376257
-2.7698742169971631 0.077688739213222321

-2.7698742169971631 0.077688739213222321
-2.7710717175197814 0.077980693046091315

-2.7710717175197814 0.077980693046091315
-2.772993444719007 0.078442000037588111

-2.772993444719007 0.078442000037588111
-2.7761126724408505 0.079146465036934871

-2.7761126724408505 0.079146465036934871
-2.7792319001626944 0.079823655696119281

-2.7792319001626944 0.079823655696119281
-2.7823511278845379 0.080470895807059087

-2.7823511278845379 0.080470895807059087
-2.7854703556063813 0.081087090189510158

-2.7854703556063813 0.081087090189510158
-2.7855354337316944 0.081099920767934958

-2.7855354337316944 0.081099920767934958
-2.7885895833282253 0.081674217183989969

-2.7885895833282253 0.081674217183989969
-2.7917088110500687 0.082232282154673847

-2.7917088110500687 0.082232282154673847
-2.7948280387719127 0.082765003331598752

-2.7948280387719127 0.082765003331598752
-2.7979472664937561 0.083274759738562257

-2.7979472664937561 0.083274759738562257
-2.8010664942155996 0.083762004110645938

-2.8010664942155996 0.083762004110645938
-2.8041417683720402 0.084219148489778614

-2.8041417683720402 0.084219148489778614
-2.8041857219374435 0.084225920235141291

-2.8041857219374435 0.084225920235141291
-2.807304949659287 0.084665323475426935

-2.807304949659287 0.084665323475426935
-2.8104241773811309 0.085081652680980877

-2.8104241773811309 0.085081652680980877
-2.8135434051029744 0.085475175119525362

-2.8135434051029744 0.085475175119525362
-2.8166626328248179 0.085844866592575619

-2.8166626328248179 0.085844866592575619
-2.8197818605466618 0.086188214650010003

-2.8197818605466618 0.086188214650010003
-2.8229010882685053 0.086502909053283297

-2.8229010882685053 0.086502909053283297
-2.8260203159903492 0.086787967976844557

-2.8260203159903492 0.086787967976844557
-2.8291395437121927 0.087043445191113095

-2.8291395437121927 0.087043445191113095
-2.8322587714340361 0.087269248196320259

-2.8322587714340361 0.087269248196320259
-2.8333437020213101 0.087338376211622271

-2.8333437020213101 0.087338376211622271
-2.8353779991558801 0.087467216305334272

-2.8353779991558801 0.087467216305334272
-2.8384972268777235 0.087634776174736154

-2.8384972268777235 0.087634776174736154
-2.841616454599567 0.087774018762682302

-2.841616454599567 0.087774018762682302
-2.8447356823214109 0.087886551407526284

-2.8447356823214109 0.087886551407526284
-2.8478549100432544 0.087975034661760765

-2.8478549100432544 0.087975034661760765
-2.8509741377650983 0.088042171759019794

-2.8509741377650983 0.088042171759019794
-2.8540933654869418 0.088090277322334917

-2.8540933654869418 0.088090277322334917
-2.8572125932087853 0.088121393988616264

-2.8572125932087853 0.088121393988616264
-2.8603318209306292 0.088137592723844943

-2.8603318209306292 0.088137592723844943
-2.8634510486524727 0.088141236803036691

-2.8634510486524727 0.088141236803036691
-2.8665702763743166 0.088134751350915363

-2.8665702763743166 0.088134751350915363
-2.8696895040961601 0.088119854513020734

-2.8696895040961601 0.088119854513020734
-2.8728087318180036 0.088097193987414626

-2.8728087318180036 0.088097193987414626
-2.8759279595398475 0.08806677688095528

-2.8759279595398475 0.08806677688095528
-2.879047187261691 0.088028581919807461

-2.879047187261691 0.088028581919807461
-2.8821664149835349 0.087982731059610492

-2.8821664149835349 0.087982731059610492
-2.8852856427053784 0.087929224388122479

-2.8852856427053784 0.087929224388122479
-2.8884048704272218 0.087867674429763704

-2.8884048704272218 0.087867674429763704
-2.8915240981490657 0.087797389280368746

-2.8915240981490657 0.087797389280368746
-2.8946433258709092 0.087717790937973522

-2.8946433258709092 0.087717790937973522
-2.8977625535927531 0.087628829583634341

-2.8977625535927531 0.087628829583634341
-2.9008817813145966 0.087531084252861241

-2.9008817813145966 0.087531084252861241
-2.9040010090364401 0.087425670514819281

-2.9040010090364401 0.087425670514819281
-2.9064388257006413 0.087338376211622271

-2.9064388257006413 0.087338376211622271
-2.907120236758284 0.087313847075946277

-2.907120236758284 0.087313847075946277
-2.9102394644801275 0.087197517420499415

-2.9102394644801275 0.087197517420499415
-2.9133586922019714 0.087078114195728751

-2.9133586922019714 0.087078114195728751
-2.9164779199238149 0.086958479885822226

-2.9164779199238149 0.086958479885822226
-2.9195971476456584 0.086841333410513852

-2.9195971476456584 0.086841333410513852
-2.9227163753675023 0.086729284400012069

-2.9227163753675023 0.086729284400012069
-2.9258356030893458 0.086624589408674402

-2.9258356030893458 0.086624589408674402
-2.9289548308111897 0.086529039860067172

-2.9289548308111897 0.086529039860067172
-2.9320740585330332 0.086443893103254552

-2.9320740585330332 0.086443893103254552
-2.9351932862548766 0.086369843747505268

-2.9351932862548766 0.086369843747505268
-2.9383125139767206 0.086306983521607095

-2.9383125139767206 0.086306983521607095
-2.941431741698564 0.086254807514067638

-2.941431741698564 0.086254807514067638
-2.9445509694204079 0.08621234999017853

-2.9445509694204079 0.08621234999017853
-2.9476701971422514 0.086178410031716376

-2.9476701971422514 0.086178410031716376
-2.9507894248640949 0.086151728046708717

-2.9507894248640949 0.086151728046708717
-2.9539086525859388 0.086131046277352644

-2.9539086525859388 0.086131046277352644
-2.9570278803077823 0.086115136811909507

-2.9570278803077823 0.086115136811909507
-2.9601471080296262 0.086102920650819911

-2.9601471080296262 0.086102920650819911
-2.9632663357514697 0.086093701789633506

-2.9632663357514697 0.086093701789633506
-2.9663855634733132 0.08608740804135262

-2.9663855634733132 0.08608740804135262
-2.9695047911951571 0.086084660917466652

-2.9695047911951571 0.086084660917466652
-2.9726240189170006 0.08608657384146097

-2.9726240189170006 0.08608657384146097
-2.9757432466388445 0.086094387957947799

-2.9757432466388445 0.086094387957947799
-2.978862474360688 0.086109198957588451

-2.978862474360688 0.086109198957588451
-2.9819817020825314 0.086131956312634511

-2.9819817020825314 0.086131956312634511
-2.9851009298043754 0.086163687935508576

-2.9851009298043754 0.086163687935508576
-2.9882201575262188 0.086205715855525777

-2.9882201575262188 0.086205715855525777
-2.9913393852480628 0.08625964659875085

-2.9913393852480628 0.08625964659875085
-2.9944586129699062 0.08632713561135244

-2.9944586129699062 0.08632713561135244
-2.9975778406917497 0.086409624090970333

-2.9975778406917497 0.086409624090970333
-3.0006970684135936 0.086508229802184464

-3.0006970684135936 0.086508229802184464
-3.0038162961354371 0.08662381677267629

-3.0038162961354371 0.08662381677267629
-3.006935523857281 0.086757057115753239

-3.006935523857281 0.086757057115753239
-3.0100547515791245 0.086908152360522906

-3.0100547515791245 0.086908152360522906
-3.013173979300968 0.087077074433729945

-3.013173979300968 0.087077074433729945
-3.0162932070228119 0.087263321604666433

-3.0162932070228119 0.087263321604666433
-3.0174554799185094 0.087338376211622271

-3.0174554799185094 0.087338376211622271
-3.0194124347446554 0.087464277479003039

-3.0194124347446554 0.087464277479003039
-3.0225316624664988 0.087675411872844375

-3.0225316624664988 0.087675411872844375
-3.0256508901883428 0.087900591330975164

-3.0256508901883428 0.087900591330975164
-3.0287701179101862 0.088137921133560129

-3.0287701179101862 0.088137921133560129
-3.0318893456320302 0.088383434885748235

-3.0318893456320302 0.088383434885748235
-3.0350085733538736 0.088636412780174617

-3.0350085733538736 0.088636412780174617
-3.0381278010757171 0.088897669257064021

-3.0381278010757171 0.088897669257064021
-3.041247028797561 0.089164716940597161

-3.041247028797561 0.089164716940597161
-3.0443662565194045 0.089434900688561733

-3.0443662565194045 0.089434900688561733
-3.0474854842412484 0.089708725337832598

-3.0474854842412484 0.089708725337832598
-3.0506047119630919 0.089986484682467477

-3.0506047119630919 0.089986484682467477
-3.0537239396849354 0.09026710989185531

-3.0537239396849354 0.09026710989185531
-3.0558245957825712 0.090457603933465913

-3.0558245957825712 0.090457603933465913
-3.0568431674067793 0.090550699038651053

-3.0568431674067793 0.090550699038651053
-3.0599623951286228 0.090833945015761142

-3.0599623951286228 0.090833945015761142
-3.0630816228504667 0.091121460100236029

-3.0630816228504667 0.091121460100236029
-3.0662008505723102 0.091411151395138376

-3.0662008505723102 0.091411151395138376
-3.0693200782941537 0.091705521144817198

-3.0693200782941537 0.091705521144817198
-3.0724393060159976 0.09200573475324067

-3.0724393060159976 0.09200573475324067
-3.075558533737841 0.092310926639973617

-3.075558533737841 0.092310926639973617
-3.078677761459685 0.092621624586511714

-3.078677761459685 0.092621624586511714
-3.0817969891815284 0.092938388422860535

-3.0817969891815284 0.092938388422860535
-3.0849162169033719 0.093260512707108389

-3.0849162169033719 0.093260512707108389
-3.0879337533040565 0.09357683165530957

-3.0879337533040565 0.09357683165530957
-3.0880354446252158 0.09358776148569449

-3.0880354446252158 0.09358776148569449
-3.0911546723470593 0.093918903051446734

-3.0911546723470593 0.093918903051446734
-3.0942739000689032 0.094253381706675757

-3.0942739000689032 0.094253381706675757
-3.0973931277907467 0.094589564009456936

-3.0973931277907467 0.094589564009456936
-3.1005123555125902 0.094926737356067159

-3.1005123555125902 0.094926737356067159
-3.1036315832344341 0.095263610981764557

-3.1036315832344341 0.095263610981764557
-3.1067508109562776 0.095598792527897672

-3.1067508109562776 0.095598792527897672
-3.1098700386781215 0.095931802291509757

-3.1098700386781215 0.095931802291509757
-3.112989266399965 0.096262287869896795

-3.112989266399965 0.096262287869896795
-3.1161084941218085 0.096588374758168449

-3.1161084941218085 0.096588374758168449
-3.1171297596493539 0.096696059377153226

-3.1171297596493539 0.096696059377153226
-3.1192277218436524 0.096915266798432639

-3.1192277218436524 0.096915266798432639
-3.1223469495654959 0.097237848163399795

-3.1223469495654959 0.097237848163399795
-3.1254661772873398 0.097558569801313902

-3.1254661772873398 0.097558569801313902
-3.1285854050091833 0.097877380900383629

-3.1285854050091833 0.097877380900383629
-3.1317046327310267 0.098195170405966398

-3.1317046327310267 0.098195170405966398
-3.1348238604528706 0.098511808683584973

-3.1348238604528706 0.098511808683584973
-3.1379430881747141 0.09882748519511847

-3.1379430881747141 0.09882748519511847
-3.141062315896558 0.099142940896569123

-3.141062315896558 0.099142940896569123
-3.1441815436184015 0.099458156516148755

-3.1441815436184015 0.099458156516148755
-3.147300771340245 0.099771940577763313

-3.147300771340245 0.099771940577763313
-3.1477229332350105 0.099815287098996869

-3.1477229332350105 0.099815287098996869
-3.1504199990620889 0.10008712578146373

-3.1504199990620889 0.10008712578146373
-3.1535392267839324 0.10040109763072838

-3.1535392267839324 0.10040109763072838
-3.1566584545057763 0.10071400122358214

-3.1566584545057763 0.10071400122358214
-3.1597776822276198 0.10102470045094451

-3.1597776822276198 0.10102470045094451
-3.1628969099494633 0.10133296769846842

-3.1628969099494633 0.10133296769846842
-3.1660161376713072 0.10163831471785464

-3.1660161376713072 0.10163831471785464
-3.1691353653931507 0.1019401750425598

-3.1691353653931507 0.1019401750425598
-3.1722545931149946 0.10223845350956616

-3.1722545931149946 0.10223845350956616
-3.1753738208368381 0.1025334456860577

-3.1753738208368381 0.1025334456860577
-3.1784930485586815 0.10282461891467455

-3.1784930485586815 0.10282461891467455
-3.1796636787913548 0.10293451482084053

-3.1796636787913548 0.10293451482084053
-3.1816122762805255 0.10311636899742557

-3.1816122762805255 0.10311636899742557
-3.1847315040023689 0.10340422529797734

-3.1847315040023689 0.10340422529797734
-3.1878507317242128 0.10369101143072561

-3.1878507317242128 0.10369101143072561
-3.1909699594460563 0.10397692354079564

-3.1909699594460563 0.10397692354079564
-3.1940891871678998 0.10411978764134872

