-3.1940891871678998 -0.12401017922470982
-3.1909699594460563 -0.1238690504189164

-3.1909699594460563 -0.1238690504189164
-3.1878507317242128 -0.1235838737880889

-3.1878507317242128 -0.1235838737880889
-3.1847315040023689 -0.12329250620275931

-3.1847315040023689 -0.12329250620275931
-3.1816122762805255 -0.12299401048332867

-3.1816122762805255 -0.12299401048332867
-3.1784930485586815 -0.12268722949498982

-3.1784930485586815 -0.12268722949498982
-3.1753738208368381 -0.12237113072699882

-3.1753738208368381 -0.12237113072699882
-3.1722545931149946 -0.12204488170986684

-3.1722545931149946 -0.12204488170986684
-3.1691353653931507 -0.12170906475659118

-3.1691353653931507 -0.12170906475659118
-3.1686156327611097 -0.12164988115190242

-3.1686156327611097 -0.12164988115190242
-3.1660161376713072 -0.1213592410945126

-3.1660161376713072 -0.1213592410945126
-3.1628969099494633 -0.12099882978443105

-3.1628969099494633 -0.12099882978443105
-3.1597776822276198 -0.12062598431533869

-3.1597776822276198 -0.12062598431533869
-3.1566584545057763 -0.12024135643735283

-3.1566584545057763 -0.12024135643735283
-3.1535392267839324 -0.11984561752543835

-3.1535392267839324 -0.11984561752543835
-3.1504199990620889 -0.11943975101274489

-3.1504199990620889 -0.11943975101274489
-3.147300771340245 -0.11902488725604554

-3.147300771340245 -0.11902488725604554
-3.1441815436184015 -0.11860400005288042

-3.1441815436184015 -0.11860400005288042
-3.1436620252423757 -0.11853065343005878

-3.1436620252423757 -0.11853065343005878
-3.141062315896558 -0.11817195342850562

-3.141062315896558 -0.11817195342850562
-3.1379430881747141 -0.11773536373569381

-3.1379430881747141 -0.11773536373569381
-3.1348238604528706 -0.1172924713304742

-3.1348238604528706 -0.1172924713304742
-3.1317046327310267 -0.11684457575689998

-3.1317046327310267 -0.11684457575689998
-3.1285854050091833 -0.11639263031367532

-3.1285854050091833 -0.11639263031367532
-3.1254661772873398 -0.11593772560912821

-3.1254661772873398 -0.11593772560912821
-3.1223469495654959 -0.11548277796316742

-3.1223469495654959 -0.11548277796316742
-3.1218743635256252 -0.11541142570821512

-3.1218743635256252 -0.11541142570821512
-3.1192277218436524 -0.1150220417400032

-3.1192277218436524 -0.1150220417400032
-3.1161084941218085 -0.11456212943696256

-3.1161084941218085 -0.11456212943696256
-3.112989266399965 -0.1141005241699721

-3.112989266399965 -0.1141005241699721
-3.1098700386781215 -0.11363777090773007

-3.1098700386781215 -0.11363777090773007
-3.1067508109562776 -0.11317411503464199

-3.1067508109562776 -0.11317411503464199
-3.1036315832344341 -0.11271004984542345

-3.1036315832344341 -0.11271004984542345
-3.1008262181052371 -0.11229219798637147

-3.1008262181052371 -0.11229219798637147
-3.1005123555125902 -0.11224401564487597

-3.1005123555125902 -0.11224401564487597
-3.0973931277907467 -0.11178084874933272

-3.0973931277907467 -0.11178084874933272
-3.0942739000689032 -0.11131636978782662

-3.0942739000689032 -0.11131636978782662
-3.0911546723470593 -0.11085275405002346

-3.0911546723470593 -0.11085275405002346
-3.0880354446252158 -0.11039082987518185

-3.0880354446252158 -0.11039082987518185
-3.0849162169033719 -0.10993157006483559

-3.0849162169033719 -0.10993157006483559
-3.0817969891815284 -0.10947722078504654

-3.0817969891815284 -0.10947722078504654
-3.0797011349587278 -0.10917297026452782

-3.0797011349587278 -0.10917297026452782
-3.078677761459685 -0.1090225613976044

-3.078677761459685 -0.1090225613976044
-3.075558533737841 -0.10857879938853891

-3.075558533737841 -0.10857879938853891
-3.0724393060159976 -0.10813757627427555

-3.0724393060159976 -0.10813757627427555
-3.0693200782941537 -0.10770118022661784

-3.0693200782941537 -0.10770118022661784
-3.0662008505723102 -0.10726903503476887

-3.0662008505723102 -0.10726903503476887
-3.0630816228504667 -0.10684021480030238

-3.0630816228504667 -0.10684021480030238
-3.0599623951286228 -0.10641383665915283

-3.0599623951286228 -0.10641383665915283
-3.0573259655452008 -0.10605374254268417

-3.0573259655452008 -0.10605374254268417
-3.0568431674067793 -0.1059862088875015

-3.0568431674067793 -0.1059862088875015
-3.0537239396849354 -0.10556205529162768

-3.0537239396849354 -0.10556205529162768
-3.0506047119630919 -0.10513542931198989

-3.0506047119630919 -0.10513542931198989
-3.0474854842412484 -0.10470758599875842

-3.0474854842412484 -0.10470758599875842
-3.0443662565194045 -0.10427853599439742

-3.0443662565194045 -0.10427853599439742
-3.041247028797561 -0.10384869888581305

-3.041247028797561 -0.10384869888581305
-3.0381278010757171 -0.10341877425312587

-3.0381278010757171 -0.10341877425312587
-3.0350085733538736 -0.10299106862126105

-3.0350085733538736 -0.10299106862126105
-3.0346071342724081 -0.10293451482084051

-3.0346071342724081 -0.10293451482084051
-3.0318893456320302 -0.10256141661935435

-3.0318893456320302 -0.10256141661935435
-3.0287701179101862 -0.10213515020814026

-3.0287701179101862 -0.10213515020814026
-3.0256508901883428 -0.10171035908387376

-3.0256508901883428 -0.10171035908387376
-3.0225316624664988 -0.10128688664358315

-3.0225316624664988 -0.10128688664358315
-3.0194124347446554 -0.1008636308439491

-3.0194124347446554 -0.1008636308439491
-3.0162932070228119 -0.10043886551470399

-3.0162932070228119 -0.10043886551470399
-3.013173979300968 -0.10001255304484535

-3.013173979300968 -0.10001255304484535
-3.0117719725634324 -0.099815287098996869

-3.0117719725634324 -0.099815287098996869
-3.0100547515791245 -0.099574455580742433

-3.0100547515791245 -0.099574455580742433
-3.006935523857281 -0.099133698947193719

-3.006935523857281 -0.099133698947193719
-3.0038162961354371 -0.098681329602050755

-3.0038162961354371 -0.098681329602050755
-3.0006970684135936 -0.098217943663320248

-3.0006970684135936 -0.098217943663320248
-2.9975778406917497 -0.097743114482194221

-2.9975778406917497 -0.097743114482194221
-2.9944586129699062 -0.097257161342639314

-2.9944586129699062 -0.097257161342639314
-2.9913393852480628 -0.096763429049796582

-2.9913393852480628 -0.096763429049796582
-2.9909353708916808 -0.096696059377153212

-2.9909353708916808 -0.096696059377153212
-2.9882201575262188 -0.096256716662485226

-2.9882201575262188 -0.096256716662485226
-2.9851009298043754 -0.095745540512504182

-2.9851009298043754 -0.095745540512504182
-2.9819817020825314 -0.095229065589848491

-2.9819817020825314 -0.095229065589848491
-2.978862474360688 -0.094709541257014709

-2.978862474360688 -0.094709541257014709
-2.9757432466388445 -0.09418838163466331

-2.9757432466388445 -0.09418838163466331
-2.9726240189170006 -0.093669168264249106

-2.9726240189170006 -0.093669168264249106
-2.972089355234862 -0.093576831655309556

-2.972089355234862 -0.093576831655309556
-2.9695047911951571 -0.093142751835469356

-2.9695047911951571 -0.093142751835469356
-2.9663855634733132 -0.092617269747969452

-2.9663855634733132 -0.092617269747969452
-2.9632663357514697 -0.092087228320505102

-2.9632663357514697 -0.092087228320505102
-2.9601471080296262 -0.091551694784580182

-2.9601471080296262 -0.091551694784580182
-2.9570278803077823 -0.091009070162627145

-2.9570278803077823 -0.091009070162627145
-2.9539086525859388 -0.090457860924365668

-2.9539086525859388 -0.090457860924365668
-2.9539072883024486 -0.090457603933465913

-2.9539072883024486 -0.090457603933465913
-2.9507894248640949 -0.089896433886508004

-2.9507894248640949 -0.089896433886508004
-2.9476701971422514 -0.08932400258269281

-2.9476701971422514 -0.08932400258269281
-2.9445509694204079 -0.088740729468651761

-2.9445509694204079 -0.088740729468651761
-2.941431741698564 -0.088147644321218632

-2.941431741698564 -0.088147644321218632
-2.9383125139767206 -0.087551483706777469

-2.9383125139767206 -0.087551483706777469
-2.9372388891723284 -0.087338376211622257

-2.9372388891723284 -0.087338376211622257
-2.9351932862548766 -0.086938435008691833

-2.9351932862548766 -0.086938435008691833
-2.9320740585330332 -0.086329776597677099

-2.9320740585330332 -0.086329776597677099
-2.9289548308111897 -0.085715765925842194

-2.9289548308111897 -0.085715765925842194
-2.9258356030893458 -0.085100800522378187

-2.9258356030893458 -0.085100800522378187
-2.9227163753675023 -0.084490874685994727

-2.9227163753675023 -0.084490874685994727
-2.9213544541400434 -0.0842191484897786

-2.9213544541400434 -0.0842191484897786
-2.9195971476456584 -0.083870759279731394

-2.9195971476456584 -0.083870759279731394
-2.9164779199238149 -0.083262389550358279

-2.9164779199238149 -0.083262389550358279
-2.9133586922019714 -0.082651494234730963

-2.9133586922019714 -0.082651494234730963
-2.9102394644801275 -0.082041467129589457

-2.9102394644801275 -0.082041467129589457
-2.907120236758284 -0.081435867596056116

-2.907120236758284 -0.081435867596056116
-2.9054129956919841 -0.081099920767934958

-2.9054129956919841 -0.081099920767934958
-2.9040010090364401 -0.080820785507036072

-2.9040010090364401 -0.080820785507036072
-2.9008817813145966 -0.080217971374747718

-2.9008817813145966 -0.080217971374747718
-2.8977625535927531 -0.07961205252773669

-2.8977625535927531 -0.07961205252773669
-2.8946433258709092 -0.079007574755600288

-2.8946433258709092 -0.079007574755600288
-2.8915240981490657 -0.078406841484446987

-2.8915240981490657 -0.078406841484446987
-2.8893185349871882 -0.077980693046091301

-2.8893185349871882 -0.077980693046091301
-2.8884048704272218 -0.077800572039035704

-2.8884048704272218 -0.077800572039035704
-2.8852856427053784 -0.077207008014260184

-2.8852856427053784 -0.077207008014260184
-2.8821664149835349 -0.076611734194999434

-2.8821664149835349 -0.076611734194999434
-2.879047187261691 -0.076019231592747066

-2.879047187261691 -0.076019231592747066
-2.8759279595398475 -0.075429481648002214

-2.8759279595398475 -0.075429481648002214
-2.8729117653100262 -0.074861465324247645

-2.8729117653100262 -0.074861465324247645
-2.8728087318180036 -0.07484117122599096

-2.8728087318180036 -0.07484117122599096
-2.8696895040961601 -0.074256546330111028

-2.8696895040961601 -0.074256546330111028
-2.8665702763743166 -0.073672542233548743

-2.8665702763743166 -0.073672542233548743
-2.8634510486524727 -0.07308974830643622

-2.8634510486524727 -0.07308974830643622
-2.8603318209306292 -0.072507766949005861

-2.8603318209306292 -0.072507766949005861
-2.8572125932087853 -0.07193034662103176

-2.8572125932087853 -0.07193034662103176
-2.856225757513617 -0.071742237602403988

-2.856225757513617 -0.071742237602403988
-2.8540933654869418 -0.07134274772656464

-2.8540933654869418 -0.07134274772656464
-2.8509741377650983 -0.070762008101625612

-2.8509741377650983 -0.070762008101625612
-2.8478549100432544 -0.070177687265935151

-2.8478549100432544 -0.070177687265935151
-2.8447356823214109 -0.069591051388603067

-2.8447356823214109 -0.069591051388603067
-2.841616454599567 -0.069003754446834986

-2.841616454599567 -0.069003754446834986
-2.8396282270456843 -0.068623009880560346

-2.8396282270456843 -0.068623009880560346
-2.8384972268777235 -0.068403496014948703

-2.8384972268777235 -0.068403496014948703
-2.8353779991558801 -0.06780941420901393

-2.8353779991558801 -0.06780941420901393
-2.8322587714340361 -0.067206099930790228

-2.8322587714340361 -0.067206099930790228
-2.8291395437121927 -0.066598041659684651

-2.8291395437121927 -0.066598041659684651
-2.8260203159903492 -0.065987048079845442

-2.8260203159903492 -0.065987048079845442
-2.8235774143916341 -0.065503782158716689

-2.8235774143916341 -0.065503782158716689
-2.8229010882685053 -0.065366113318448965

-2.8229010882685053 -0.065366113318448965
-2.8197818605466618 -0.06475144672274652

-2.8197818605466618 -0.06475144672274652
-2.8166626328248179 -0.064130003681505982

-2.8166626328248179 -0.064130003681505982
-2.8135434051029744 -0.063506712714606811

-2.8135434051029744 -0.063506712714606811
-2.8104241773811309 -0.062883062102491977

-2.8104241773811309 -0.062883062102491977
-2.8079475777548115 -0.062384554436873046

-2.8079475777548115 -0.062384554436873046
-2.807304949659287 -0.062251244825662203

-2.807304949659287 -0.062251244825662203
-2.8041857219374435 -0.061625792618892457

-2.8041857219374435 -0.061625792618892457
-2.8010664942155996 -0.060991580279414932

-2.8010664942155996 -0.060991580279414932
-2.7979472664937561 -0.060351647850155878

-2.7979472664937561 -0.060351647850155878
-2.7948280387719127 -0.059707369705187086

-2.7948280387719127 -0.059707369705187086
-2.7927341272974635 -0.05926532671502939

-2.7927341272974635 -0.05926532671502939
-2.7917088110500687 -0.059044806152357063

-2.7917088110500687 -0.059044806152357063
-2.7885895833282253 -0.058385555647865843

-2.7885895833282253 -0.058385555647865843
-2.7854703556063813 -0.057710529255801633

-2.7854703556063813 -0.057710529255801633
-2.7823511278845379 -0.057025114729554793

-2.7823511278845379 -0.057025114729554793
-2.7792319001626944 -0.056336421078470415

-2.7792319001626944 -0.056336421078470415
-2.7784123830825465 -0.05614609899318574

-2.7784123830825465 -0.05614609899318574
-2.7761126724408505 -0.055626179844012816

-2.7761126724408505 -0.055626179844012816
-2.772993444719007 -0.054918937844887827

-2.772993444719007 -0.054918937844887827
-2.7698742169971631 -0.05420479270362754

-2.7698742169971631 -0.05420479270362754
-2.7667549892753196 -0.053492073314263394

-2.7667549892753196 -0.053492073314263394
-2.7647427680402803 -0.053026871271342091

-2.7647427680402803 -0.053026871271342091
-2.7636357615534761 -0.052766586812422273

-2.7636357615534761 -0.052766586812422273
-2.7605165338316322 -0.052057582428649808

-2.7605165338316322 -0.052057582428649808
-2.7573973061097887 -0.051343327152112608

-2.7573973061097887 -0.051343327152112608
-2.7542780783879448 -0.050630458479650788

-2.7542780783879448 -0.050630458479650788
-2.7511588506661013 -0.049919659016353354

-2.7511588506661013 -0.049919659016353354
-2.7511090842794581 -0.049907643549498434

-2.7511090842794581 -0.049907643549498434
-2.7480396229442579 -0.049207429988040917

-2.7480396229442579 -0.049207429988040917
-2.7449203952224139 -0.048493787631250153

-2.7449203952224139 -0.048493787631250153
-2.7418011675005705 -0.047776668570311265

-2.7418011675005705 -0.047776668570311265
-2.7386819397787265 -0.04706106045083952

-2.7386819397787265 -0.04706106045083952
-2.7375408019787013 -0.046788415827654785

-2.7375408019787013 -0.046788415827654785
-2.7355627120568831 -0.046323132484108138

-2.7355627120568831 -0.046323132484108138
-2.7324434843350396 -0.045592140440115246

-2.7324434843350396 -0.045592140440115246
-2.7293242566131957 -0.044851306223565451

-2.7293242566131957 -0.044851306223565451
-2.7262050288913522 -0.044110213248758037

-2.7262050288913522 -0.044110213248758037
-2.7243871799148183 -0.043669188105811135

-2.7243871799148183 -0.043669188105811135
-2.7230858011695083 -0.043350226981353858

-2.7230858011695083 -0.043350226981353858
-2.7199665734476648 -0.042606259599195603

-2.7199665734476648 -0.042606259599195603
-2.7168473457258213 -0.041856363615762948

-2.7168473457258213 -0.041856363615762948
-2.7137281180039774 -0.041111680366138312

-2.7137281180039774 -0.041111680366138312
-2.711374264205352 -0.040549960383967479

-2.711374264205352 -0.040549960383967479
-2.7106088902821339 -0.040361634904470006

-2.7106088902821339 -0.040361634904470006
-2.70748966256029 -0.039632148519361955

-2.70748966256029 -0.039632148519361955
-2.7043704348384465 -0.038902352685899019

-2.7043704348384465 -0.038902352685899019
-2.701251207116603 -0.038178555765747454

-2.701251207116603 -0.038178555765747454
-2.6981319793947591 -0.037461691206704395

-2.6981319793947591 -0.037461691206704395
-2.6980040896256985 -0.037430732662123829

-2.6980040896256985 -0.037430732662123829
-2.6950127516729157 -0.036744770518325968

-2.6950127516729157 -0.036744770518325968
-2.6918935239510717 -0.036030498636938219

-2.6918935239510717 -0.036030498636938219
-2.6887742962292283 -0.035315290927834517

-2.6887742962292283 -0.035315290927834517
-2.6856550685073848 -0.03460359480009087

-2.6856550685073848 -0.03460359480009087
-2.6844194566294104 -0.034311504940280173

-2.6844194566294104 -0.034311504940280173
-2.6825358407855409 -0.033871545638885725

-2.6825358407855409 -0.033871545638885725
-2.6794166130636974 -0.033148389159763168

-2.6794166130636974 -0.033148389159763168
-2.6762973853418535 -0.03241569427138026

-2.6762973853418535 -0.03241569427138026
-2.67317815762001 -0.031681615448489672

-2.67317815762001 -0.031681615448489672
-2.6711342348967118 -0.03119227721843652

-2.6711342348967118 -0.03119227721843652
-2.6700589298981665 -0.030929920481980049

-2.6700589298981665 -0.030929920481980049
-2.6669397021763226 -0.030191877994156235

-2.6669397021763226 -0.030191877994156235
-2.6638204744544791 -0.029445407452814407

-2.6638204744544791 -0.029445407452814407
-2.6607012467326356 -0.028700451713400507

-2.6607012467326356 -0.028700451713400507
-2.6580733524459439 -0.028073049496592867

-2.6580733524459439 -0.028073049496592867
-2.6575820190107917 -0.027950760019479635

-2.6575820190107917 -0.027950760019479635
-2.6544627912889482 -0.027215285253649746

-2.6544627912889482 -0.027215285253649746
-2.6513435635671043 -0.026477848477479488

-2.6513435635671043 -0.026477848477479488
-2.6482243358452608 -0.025744009602658595

-2.6482243358452608 -0.025744009602658595
-2.6451051081234174 -0.025016903666879541

-2.6451051081234174 -0.025016903666879541
-2.6448481178921321 -0.024953821774749217

-2.6448481178921321 -0.024953821774749217
-2.6419858804015734 -0.024285519275858463

-2.6419858804015734 -0.024285519275858463
-2.63886665267973 -0.023557921360902064

-2.63886665267973 -0.023557921360902064
-2.6357474249578861 -0.022828692785598157

-2.6357474249578861 -0.022828692785598157
-2.6326281972360426 -0.022103024867652366

-2.6326281972360426 -0.022103024867652366
-2.6315200310899165 -0.021834594052905564

-2.6315200310899165 -0.021834594052905564
-2.6295089695141991 -0.021355727849260299

-2.6295089695141991 -0.021355727849260299
-2.6263897417923552 -0.020615209851673564

-2.6263897417923552 -0.020615209851673564
-2.6232705140705117 -0.019863086917054344

-2.6232705140705117 -0.019863086917054344
-2.6201512863486678 -0.019108963846742405

-2.6201512863486678 -0.019108963846742405
-2.6185758874047678 -0.018715366331061911

-2.6185758874047678 -0.018715366331061911
-2.6170320586268243 -0.018329288194638266

-2.6170320586268243 -0.018329288194638266
-2.6139128309049808 -0.017560217285315278

-2.6139128309049808 -0.017560217285315278
-2.6107936031831369 -0.016778994340344716

-2.6107936031831369 -0.016778994340344716
-2.6076743754612934 -0.01600030798599476

-2.6076743754612934 -0.01600030798599476
-2.6060966936792167 -0.015596138609218262

-2.6060966936792167 -0.015596138609218262
-2.6045551477394495 -0.015200911800661899

-2.6045551477394495 -0.015200911800661899
-2.601435920017606 -0.014419617178819028

-2.601435920017606 -0.014419617178819028
-2.5983166922957626 -0.013632358991024249

-2.5983166922957626 -0.013632358991024249
-2.5951974645739186 -0.012854165370300508

-2.5951974645739186 -0.012854165370300508
-2.5937170640425897 -0.012476910887374609

-2.5937170640425897 -0.012476910887374609
-2.5920782368520752 -0.012060694274226777

-2.5920782368520752 -0.012060694274226777
-2.5889590091302312 -0.011288530308852508

-2.5889590091302312 -0.011288530308852508
-2.5858397814083878 -0.010512598406503319

-2.5858397814083878 -0.010512598406503319
-2.5827205536865443 -0.0097447047555702018

-2.5827205536865443 -0.0097447047555702018
-2.5811832132454806 -0.0093576831655309573

-2.5811832132454806 -0.0093576831655309573
-2.5796013259647004 -0.0089598136371034105

-2.5796013259647004 -0.0089598136371034105
-2.5764820982428569 -0.0081925383213622398

-2.5764820982428569 -0.0081925383213622398
-2.573362870521013 -0.0074171522627604018

-2.573362870521013 -0.0074171522627604018
-2.5702436427991695 -0.0066449590849994855

-2.5702436427991695 -0.0066449590849994855
-2.5686452252689671 -0.0062384554436873043

-2.5686452252689671 -0.0062384554436873043
-2.567124415077326 -0.005851012969135462

-2.567124415077326 -0.005851012969135462
-2.5640051873554821 -0.0050716083167930189

-2.5640051873554821 -0.0050716083167930189
-2.5608859596336386 -0.0042816636551673195

-2.5608859596336386 -0.0042816636551673195
-2.5577667319117947 -0.0034953581836210143

-2.5577667319117947 -0.0034953581836210143
-2.5563191882870862 -0.0031192277218436521

-2.5563191882870862 -0.0031192277218436521
-2.5546475041899512 -0.0026868292636974848

-2.5546475041899512 -0.0026868292636974848
-2.5515282764681078 -0.0018946600097548077

-2.5515282764681078 -0.0018946600097548077
-2.5484090487462638 -0.0010950922689587153

-2.5484090487462638 -0.0010950922689587153
-2.5452898210244204 -0.00030338321510711594

-2.5452898210244204 -0.00030338321510711594
-2.5441344673962467 0

-2.5441344673962467 0
-2.5421705933025764 0.00050703727546153867

-2.5421705933025764 0.00050703727546153867
-2.539051365580733 0.0012994654524472096

-2.539051365580733 0.0012994654524472096
-2.5359321378588895 0.0020944756050587415

-2.5359321378588895 0.0020944756050587415
-2.5328129101370456 0.0028794775433295264

-2.5328129101370456 0.0028794775433295264
-2.5318966826631519 0.0031192277218436517

-2.5318966826631519 0.0031192277218436517
-2.5296936824152021 0.0036804995261015975

-2.5296936824152021 0.0036804995261015975
-2.5265744546933582 0.0044663758114068825

-2.5265744546933582 0.0044663758114068825
-2.5234552269715147 0.0052544923885403964

-2.5234552269715147 0.0052544923885403964
-2.5203359992496712 0.0060350830599885316

-2.5203359992496712 0.0060350830599885316
-2.5195605226492739 0.0062384554436873043

-2.5195605226492739 0.0062384554436873043
-2.5172167715278273 0.0068335492878813285

-2.5172167715278273 0.0068335492878813285
-2.5140975438059838 0.0076228977857865522

-2.5140975438059838 0.0076228977857865522
-2.5109783160841399 0.0084183999283176224

-2.5109783160841399 0.0084183999283176224
-2.5078590883622964 0.0092117681139722227

-2.5078590883622964 0.0092117681139722227
-2.507318331911657 0.0093576831655309556

-2.507318331911657 0.0093576831655309556
-2.504739860640453 0.010024225409958324

-2.504739860640453 0.010024225409958324
-2.501620632918609 0.010833274865362764

-2.501620632918609 0.010833274865362764
-2.4985014051967656 0.01164920616737119

-2.4985014051967656 0.01164920616737119
-2.4953821774749216 0.012469983939867551

-2.4953821774749216 0.012469983939867551
-2.4953577260535647 0.012476910887374609

-2.4953577260535647 0.012476910887374609
-2.4922629497530782 0.013296665549920981

-2.4922629497530782 0.013296665549920981
-2.4891437220312347 0.014126957177685332

-2.4891437220312347 0.014126957177685332
-2.4860244943093908 0.014957331648147328

-2.4860244943093908 0.014957331648147328
-2.4836446841506707 0.01559613860921826

-2.4836446841506707 0.01559613860921826
-2.4829052665875473 0.015801888448704185

-2.4829052665875473 0.015801888448704185
-2.4797860388657038 0.01662899257524162

-2.4797860388657038 0.01662899257524162
-2.4766668111438599 0.017464538871663361

-2.4766668111438599 0.017464538871663361
-2.4735475834220164 0.018292132484639553

-2.4735475834220164 0.018292132484639553
-2.4719891954283191 0.018715366331061915

-2.4719891954283191 0.018715366331061915
-2.4704283557001725 0.019139210382473879

-2.4704283557001725 0.019139210382473879
-2.467309127978329 0.019963486008581978

-2.467309127978329 0.019963486008581978
-2.4641899002564855 0.020793859014934649

-2.4641899002564855 0.020793859014934649
-2.4610706725346416 0.021615825354079656

-2.4610706725346416 0.021615825354079656
-2.4602797794447628 0.021834594052905568

-2.4602797794447628 0.021834594052905568
-2.4579514448127981 0.02245744383835762

-2.4579514448127981 0.02245744383835762
-2.4548322170909542 0.023287912323141442

-2.4548322170909542 0.023287912323141442
-2.4517129893691108 0.024124580402314008

-2.4517129893691108 0.024124580402314008
-2.4486378351577258 0.024953821774749217

-2.4486378351577258 0.024953821774749217
-2.4485937616472673 0.024966542398674386

-2.4485937616472673 0.024966542398674386
-2.4454745339254234 0.025812906779495833

-2.4454745339254234 0.025812906779495833
-2.4423553062035799 0.026667569000636712

-2.4423553062035799 0.026667569000636712
-2.439236078481736 0.027524531718730479

-2.439236078481736 0.027524531718730479
-2.4372872807459784 0.02807304949659287

-2.4372872807459784 0.02807304949659287
-2.4361168507598925 0.028408469886764966

-2.4361168507598925 0.028408469886764966
-2.432997623038049 0.029275427555103459

-2.432997623038049 0.029275427555103459
-2.4298783953162051 0.030156637522411923

-2.4298783953162051 0.030156637522411923
-2.4267591675943616 0.031032998276825471

-2.4267591675943616 0.031032998276825471
-2.4262254931625438 0.03119227721843652

-2.4262254931625438 0.03119227721843652
-2.4236399398725177 0.031927885218684345

-2.4236399398725177 0.031927885218684345
-2.4205207121506742 0.032812110302538035

-2.4205207121506742 0.032812110302538035
-2.4174014844288307 0.033691534266835112

-2.4174014844288307 0.033691534266835112
-2.4152139628200437 0.034311504940280173

-2.4152139628200437 0.034311504940280173
-2.4142822567069868 0.034583249881029607

-2.4142822567069868 0.034583249881029607
-2.4111630289851433 0.035446539718548505

-2.4111630289851433 0.035446539718548505
-2.4080438012632994 0.036313266524644505

-2.4080438012632994 0.036313266524644505
-2.4049245735414559 0.037164988247997931

-2.4049245735414559 0.037164988247997931
-2.4039876353836105 0.037430732662123822

-2.4039876353836105 0.037430732662123822
-2.4018053458196125 0.038032523680094202

-2.4018053458196125 0.038032523680094202
-2.3986861180977685 0.03887898313096344

-2.3986861180977685 0.03887898313096344
-2.3955668903759251 0.039725612058655012

-2.3955668903759251 0.039725612058655012
-2.3925222449776866 0.040549960383967479

-2.3925222449776866 0.040549960383967479
-2.3924476626540812 0.040571543681315762

-2.3924476626540812 0.040571543681315762
-2.3893284349322377 0.041414646754086203

-2.3893284349322377 0.041414646754086203
-2.3862092072103942 0.04226101770109638

-2.3862092072103942 0.04226101770109638
-2.3830899794885503 0.043105840994036318

-2.3830899794885503 0.043105840994036318
-2.3810476762983352 0.043669188105811128

-2.3810476762983352 0.043669188105811128
-2.3799707517667068 0.043972784149392583

-2.3799707517667068 0.043972784149392583
-2.3768515240448629 0.044822297083576164

-2.3768515240448629 0.044822297083576164
-2.3737322963230194 0.045685670626977599

-2.3737322963230194 0.045685670626977599
-2.3706130686011759 0.046544284562989466

-2.3706130686011759 0.046544284562989466
-2.3697717585294784 0.046788415827654778

-2.3697717585294784 0.046788415827654778
-2.367493840879332 0.047428148948908053

-2.367493840879332 0.047428148948908053
-2.3643746131574885 0.048299428697314066

-2.3643746131574885 0.048299428697314066
-2.3612553854356446 0.049173562566568969

-2.3612553854356446 0.049173562566568969
-2.3586407268458771 0.049907643549498434

-2.3586407268458771 0.049907643549498434
-2.3581361577138011 0.050056351156064584

-2.3581361577138011 0.050056351156064584
-2.3550169299919577 0.050920766641211007

-2.3550169299919577 0.050920766641211007
-2.3518977022701137 0.051789556301391905

-2.3518977022701137 0.051789556301391905
-2.3487784745482703 0.052645769073705259

-2.3487784745482703 0.052645769073705259
-2.3474262464259592 0.053026871271342084

-2.3474262464259592 0.053026871271342084
-2.3456592468264263 0.053520137927963334

-2.3456592468264263 0.053520137927963334
-2.3425400191045829 0.054368279808428288

-2.3425400191045829 0.054368279808428288
-2.3394207913827394 0.055218391717251819

-2.3394207913827394 0.055218391717251819
-2.3363015636608955 0.056060004241996579

-2.3363015636608955 0.056060004241996579
-2.336000977371242 0.056146098993185733

-2.336000977371242 0.056146098993185733
-2.333182335939052 0.056909267741043733

-2.333182335939052 0.056909267741043733
-2.3300631082172081 0.057751860198253339

-2.3300631082172081 0.057751860198253339
-2.3269438804953646 0.058592731706988921

-2.3269438804953646 0.058592731706988921
-2.3244630506475956 0.05926532671502939

-2.3244630506475956 0.05926532671502939
-2.3238246527735211 0.059445634840935881

-2.3238246527735211 0.059445634840935881
-2.3207054250516772 0.06028326364625769

-2.3207054250516772 0.06028326364625769
-2.3175861973298337 0.061131341561901476

-2.3175861973298337 0.061131341561901476
-2.3144669696079898 0.061974020548895226

-2.3144669696079898 0.061974020548895226
-2.3129931176791434 0.06238455443687304

-2.3129931176791434 0.06238455443687304
-2.3113477418861463 0.062841152153729596

-2.3113477418861463 0.062841152153729596
-2.3082285141643029 0.06368806069409115

-2.3082285141643029 0.06368806069409115
-2.3051092864424589 0.064542406909171179

-2.3051092864424589 0.064542406909171179
-2.3019900587206155 0.065389903267288954

-2.3019900587206155 0.065389903267288954
-2.3015948143562874 0.065503782158716703

-2.3015948143562874 0.065503782158716703
-2.298870830998772 0.066248528623414502

-2.298870830998772 0.066248528623414502
-2.2957516032769281 0.067097440420285356

-2.2957516032769281 0.067097440420285356
-2.2926323755550846 0.067941842855529913

-2.2926323755550846 0.067941842855529913
-2.2901134260177636 0.068623009880560346

-2.2901134260177636 0.068623009880560346
-2.2895131478332407 0.068792342314807187

-2.2895131478332407 0.068792342314807187
-2.2863939201113972 0.069621800603556327

-2.2863939201113972 0.069621800603556327
-2.2832746923895537 0.070454639999281893

-2.2832746923895537 0.070454639999281893
-2.2801554646677098 0.071277045776363443

-2.2801554646677098 0.071277045776363443
-2.2784170166082056 0.071742237602404002

-2.2784170166082056 0.071742237602404002
-2.2770362369458663 0.072114508747531073

-2.2770362369458663 0.072114508747531073
-2.2739170092240224 0.072927015287945457

-2.2739170092240224 0.072927015287945457
-2.2707977815021789 0.073744561235340497

-2.2707977815021789 0.073744561235340497
-2.2676785537803354 0.074552286768590437

-2.2676785537803354 0.074552286768590437
-2.2665248334597634 0.074861465324247659

-2.2665248334597634 0.074861465324247659
-2.2645593260584915 0.075379135906098307

-2.2645593260584915 0.075379135906098307
-2.2614400983366481 0.076188242870477291

-2.2614400983366481 0.076188242870477291
-2.2583208706148041 0.077002460056612154

-2.2583208706148041 0.077002460056612154
-2.2552016428929607 0.077810664465086499

-2.2552016428929607 0.077810664465086499
-2.2545794546193467 0.077980693046091315

-2.2545794546193467 0.077980693046091315
-2.2520824151711172 0.078636194334136406

-2.2520824151711172 0.078636194334136406
-2.2489631874492733 0.079452857372129412

-2.2489631874492733 0.079452857372129412
-2.2458439597274298 0.080272924238353721

-2.2458439597274298 0.080272924238353721
-2.2427247320055859 0.081093967681783188

-2.2427247320055859 0.081093967681783188
-2.2427036202338582 0.081099920767934958

-2.2427036202338582 0.081099920767934958
-2.2396055042837424 0.081916750048173337

-2.2396055042837424 0.081916750048173337
-2.2364862765618989 0.082739376119612879

-2.2364862765618989 0.082739376119612879
-2.233367048840055 0.083559351563257736

-2.233367048840055 0.083559351563257736
-2.2308617643855273 0.084219148489778614

-2.2308617643855273 0.084219148489778614
-2.2302478211182115 0.084387541361531912

-2.2302478211182115 0.084387541361531912
-2.2271285933963676 0.085196787550344433

-2.2271285933963676 0.085196787550344433
-2.2240093656745241 0.086009365772214838

-2.2240093656745241 0.086009365772214838
-2.2208901379526806 0.086813038891581026

-2.2208901379526806 0.086813038891581026
-2.2188645903615991 0.087338376211622271

-2.2188645903615991 0.087338376211622271
-2.2177709102308367 0.087627566649384828

-2.2177709102308367 0.087627566649384828
-2.2146516825089932 0.088417329042624782

-2.2146516825089932 0.088417329042624782
-2.2115324547871493 0.089210630543403016

-2.2115324547871493 0.089210630543403016
-2.2084132270653059 0.089995161780275681

-2.2084132270653059 0.089995161780275681
-2.206599944422623 0.090457603933465913

-2.206599944422623 0.090457603933465913
-2.2052939993434624 0.090794116568399766

-2.2052939993434624 0.090794116568399766
-2.2021747716216185 0.091572150994827642

-2.2021747716216185 0.091572150994827642
-2.199055543899775 0.092357319672387417

-2.199055543899775 0.092357319672387417
-2.1959363161779311 0.093138126111969602

-2.1959363161779311 0.093138126111969602
-2.1942232096011369 0.09357683165530957

-2.1942232096011369 0.09357683165530957
-2.1928170884560876 0.093939247681972815

-2.1928170884560876 0.093939247681972815
-2.1896978607342441 0.09472422191643376

-2.1896978607342441 0.09472422191643376
-2.1865786330124002 0.095519905975899988

-2.1865786330124002 0.095519905975899988
-2.1834594052905567 0.09631246657974879

-2.1834594052905567 0.09631246657974879
-2.1819961992652739 0.096696059377153226

-2.1819961992652739 0.096696059377153226
-2.1803401775687128 0.097128510439553103

-2.1803401775687128 0.097128510439553103
-2.1772209498468693 0.097928527751448988

-2.1772209498468693 0.097928527751448988
-2.1741017221250258 0.098737138121385265

-2.1741017221250258 0.098737138121385265
-2.1709824944031819 0.099539298378923793

-2.1709824944031819 0.099539298378923793
-2.1699517412856277 0.099815287098996869

-2.1699517412856277 0.099815287098996869
-2.1678632666813384 0.10036208073692419

-2.1678632666813384 0.10036208073692419
-2.1647440389594945 0.10116910661710828

-2.1647440389594945 0.10116910661710828
-2.161624811237651 0.10197948079261569

-2.161624811237651 0.10197948079261569
-2.1585055835158076 0.10278212737525554

-2.1585055835158076 0.10278212737525554
-2.157942710231973 0.10293451482084053

-2.157942710231973 0.10293451482084053
-2.1553863557939636 0.10359785741885451

-2.1553863557939636 0.10359785741885451
-2.1522671280721202 0.10440260249139274

-2.1522671280721202 0.10440260249139274
-2.1491479003502763 0.10520749300209738

-2.1491479003502763 0.10520749300209738
-2.1460286726284328 0.10600858184155053

-2.1460286726284328 0.10600858184155053
-2.1458634080513215 0.10605374254268418

-2.1458634080513215 0.10605374254268418
-2.1429094449065893 0.10681449513257367

-2.1429094449065893 0.10681449513257367
-2.1397902171847454 0.10761776171563525

-2.1397902171847454 0.10761776171563525
-2.1366709894629019 0.1084215903227089

-2.1366709894629019 0.1084215903227089
-2.1337604741891609 0.10917297026452782

-2.1337604741891609 0.10917297026452782
-2.133551761741058 0.1092300448948407

-2.133551761741058 0.1092300448948407
-2.1304325340192145 0.11003367951166768

-2.1304325340192145 0.11003367951166768
-2.127313306297371 0.11084275819864098

-2.127313306297371 0.11084275819864098
-2.1241940785755271 0.11165222185356816

-2.1241940785755271 0.11165222185356816
-2.1217476109097566 0.11229219798637148

-2.1217476109097566 0.11229219798637148
-2.1210748508536836 0.11247500080880492

-2.1210748508536836 0.11247500080880492
-2.1179556231318402 0.11328354628553217

-2.1179556231318402 0.11328354628553217
-2.1148363954099962 0.11410132667439127

-2.1148363954099962 0.11410132667439127
-2.1117171676881528 0.1149151667605912

-2.1117171676881528 0.1149151667605912
-2.1098488341001125 0.11541142570821514

-2.1098488341001125 0.11541142570821514
-2.1085979399663088 0.11574811694614046

-2.1085979399663088 0.11574811694614046
-2.1054787122444654 0.11656062219788771

-2.1054787122444654 0.11656062219788771
-2.1023594845226219 0.11738126230570954

-2.1023594845226219 0.11738126230570954
-2.099240256800778 0.11819359413018748

-2.099240256800778 0.11819359413018748
-2.0979872129507977 0.11853065343005878

-2.0979872129507977 0.11853065343005878
-2.0961210290789345 0.11902607174556488

-2.0961210290789345 0.11902607174556488
-2.0930018013570906 0.11983897836326916

-2.0930018013570906 0.11983897836326916
-2.0898825736352471 0.12065566495541033

-2.0898825736352471 0.12065566495541033
-2.0867633459134036 0.12146333358884091

-2.0867633459134036 0.12146333358884091
-2.0860760861053773 0.12164988115190244

-2.0860760861053773 0.12164988115190244
-2.0836441181915597 0.1222858098904606

-2.0836441181915597 0.1222858098904606
-2.0805248904697162 0.12309483698548386

-2.0805248904697162 0.12309483698548386
-2.0774056627478723 0.12390398634030787

-2.0774056627478723 0.12390398634030787
-2.0742864350260288 0.12470793555641277

-2.0742864350260288 0.12470793555641277
-2.0740627867967234 0.12476910887374609

-2.0740627867967234 0.12476910887374609
-2.0711672073041854 0.12551724791169624

-2.0711672073041854 0.12551724791169624
-2.0680479795823414 0.12632136240107558

-2.0680479795823414 0.12632136240107558
-2.064928751860498 0.12712489560382376

-2.064928751860498 0.12712489560382376
-2.0619641250619858 0.12788833659558974

-2.0619641250619858 0.12788833659558974
-2.061809524138654 0.12793059926640049

-2.061809524138654 0.12793059926640049
-2.0586902964168106 0.12873135583925263

-2.0586902964168106 0.12873135583925263
-2.0555710686949671 0.12953517696304856

-2.0555710686949671 0.12953517696304856
-2.0524518409731232 0.13033857357344003

-2.0524518409731232 0.13033857357344003
-2.0498648207575658 0.13100756431743341

-2.0498648207575658 0.13100756431743341
-2.0493326132512797 0.13115131468278976

-2.0493326132512797 0.13115131468278976
-2.0462133855294358 0.13195048503665469

-2.0462133855294358 0.13195048503665469
-2.0430941578075923 0.13275598571887154

-2.0430941578075923 0.13275598571887154
-2.0399749300857488 0.13355753503977191

-2.0399749300857488 0.13355753503977191
-2.0377758908417589 0.13412679203927705

-2.0377758908417589 0.13412679203927705
-2.0368557023639049 0.1343714683570616

-2.0368557023639049 0.1343714683570616
-2.0337364746420614 0.13516449910354095

-2.0337364746420614 0.13516449910354095
-2.0306172469202175 0.1359625110551988

-2.0306172469202175 0.1359625110551988
-2.027498019198374 0.13675212478110205

-2.027498019198374 0.13675212478110205
-2.0255640509579069 0.13724601976112069

-2.0255640509579069 0.13724601976112069
-2.0243787914765305 0.13755335692814744

-2.0243787914765305 0.13755335692814744
-2.0212595637546866 0.13833072617730011

-2.0212595637546866 0.13833072617730011
-2.0181403360328432 0.13911113936251118

-2.0181403360328432 0.13911113936251118
-2.0150211083109992 0.13988265253612667

-2.0150211083109992 0.13988265253612667
-2.013085867193205 0.14036524748296436

-2.013085867193205 0.14036524748296436
-2.0119018805891558 0.14066494211028038

-2.0119018805891558 0.14066494211028038
-2.0087826528673123 0.14142456278406276

-2.0087826528673123 0.14142456278406276
-2.0056634251454684 0.14218703483983178

-2.0056634251454684 0.14218703483983178
-2.0025441974236249 0.1429424924499364

-2.0025441974236249 0.1429424924499364
-2.0003113023409167 0.143484475204808

-2.0003113023409167 0.143484475204808
-1.999424969701781 0.14370535583606897

-1.999424969701781 0.14370535583606897
-1.9963057419799373 0.14444768417040213

-1.9963057419799373 0.14444768417040213
-1.9931865142580936 0.14519235449222348

-1.9931865142580936 0.14519235449222348
-1.9900672865362501 0.14593194449832025

-1.9900672865362501 0.14593194449832025
-1.9872169908765198 0.14660370292665165

-1.9872169908765198 0.14660370292665165
-1.9869480588144064 0.1466703195427306

-1.9869480588144064 0.1466703195427306
-1.9838288310925627 0.14739742189953928

-1.9838288310925627 0.14739742189953928
-1.980709603370719 0.14812374527488231

-1.980709603370719 0.14812374527488231
-1.9775903756488753 0.14884592038111319

-1.9775903756488753 0.14884592038111319
-1.9744711479270318 0.14955834144458713

-1.9744711479270318 0.14955834144458713
-1.9737771535249049 0.14972293064849532

-1.9737771535249049 0.14972293064849532
-1.9713519202051881 0.15027968816974793

-1.9713519202051881 0.15027968816974793
-1.9682326924833444 0.15098861744331085

-1.9682326924833444 0.15098861744331085
-1.9651134647615007 0.15169593051014896

-1.9651134647615007 0.15169593051014896
-1.961994237039657 0.15239638607493902

-1.961994237039657 0.15239638607493902
-1.960020985591767 0.15284215837033896

-1.960020985591767 0.15284215837033896
-1.9588750093178136 0.15310492659822181

-1.9588750093178136 0.15310492659822181
-1.9557557815959699 0.15379344821282284

-1.9557557815959699 0.15379344821282284
-1.9526365538741262 0.15448203423011747

-1.9526365538741262 0.15448203423011747
-1.9495173261522825 0.15516379581228884

-1.9495173261522825 0.15516379581228884
-1.9463980984304388 0.15583348937698924

-1.9463980984304388 0.15583348937698924
-1.9458204872045104 0.1559613860921826

-1.9458204872045104 0.1559613860921826
-1.9432788707085953 0.15650501365057806

-1.9432788707085953 0.15650501365057806
-1.9401596429867516 0.15716125439680809

-1.9401596429867516 0.15716125439680809
-1.9370404152649079 0.15780946072389868

-1.9370404152649079 0.15780946072389868
-1.9339211875430642 0.15844862801614229

-1.9339211875430642 0.15844862801614229
-1.9308019598212205 0.15907865449274125

-1.9308019598212205 0.15907865449274125
-1.9307926189722158 0.15908061381402627

-1.9307926189722158 0.15908061381402627
-1.927682732099377 0.15970042771391835

-1.927682732099377 0.15970042771391835
-1.9245635043775333 0.16031440829884583

-1.9245635043775333 0.16031440829884583
-1.9214442766556896 0.16092104117736319

-1.9214442766556896 0.16092104117736319
-1.9183250489338459 0.16152076666984025

-1.9183250489338459 0.16152076666984025
-1.9152058212120022 0.16211110202594894

-1.9152058212120022 0.16211110202594894
-1.9147507404223907 0.16219984153586992

-1.9147507404223907 0.16219984153586992
-1.9120865934901587 0.16270187617649476

-1.9120865934901587 0.16270187617649476
-1.908967365768315 0.16328270825687222

-1.908967365768315 0.16328270825687222
-1.9058481380464714 0.1638586091603334

-1.9058481380464714 0.1638586091603334
-1.9027289103246277 0.16442910338149186

-1.9027289103246277 0.16442910338149186
-1.8996096826027842 0.16499165769856958

-1.8996096826027842 0.16499165769856958
-1.8977994921290842 0.16531906925771356

-1.8977994921290842 0.16531906925771356
-1.8964904548809405 0.16555751611979655

-1.8964904548809405 0.16555751611979655
-1.8933712271590968 0.16610826267354434

-1.8933712271590968 0.16610826267354434
-1.8902519994372531 0.16665684847289838

-1.8902519994372531 0.16665684847289838
-1.8871327717154094 0.16719937428871856

-1.8871327717154094 0.16719937428871856
-1.8840135439935659 0.1677356232190291

-1.8840135439935659 0.1677356232190291
-1.8808943162717222 0.16826181915580773

-1.8808943162717222 0.16826181915580773
-1.8798593708430711 0.16843829697955723

-1.8798593708430711 0.16843829697955723
-1.8777750885498785 0.16878856464658071

-1.8777750885498785 0.16878856464658071
-1.8746558608280348 0.16930039882415598

-1.8746558608280348 0.16930039882415598
-1.8715366331061911 0.16980495597397083

-1.8715366331061911 0.16980495597397083
-1.8684174053843476 0.1703000356723533

-1.8684174053843476 0.1703000356723533
-1.8652981776625039 0.17078488758750054

-1.8652981776625039 0.17078488758750054
-1.8621789499406602 0.17125763645900896

-1.8621789499406602 0.17125763645900896
-1.8601697490336511 0.17155752470140087

-1.8601697490336511 0.17155752470140087
-1.8590597222188165 0.17172493152640642

-1.8590597222188165 0.17172493152640642
-1.8559404944969728 0.17217510766153382

-1.8559404944969728 0.17217510766153382
-1.8528212667751294 0.17261764481069844

-1.8528212667751294 0.17261764481069844
-1.8497020390532857 0.17305064400534134

-1.8497020390532857 0.17305064400534134
-1.846582811331442 0.17347507205120311

-1.846582811331442 0.17347507205120311
-1.8434635836095983 0.17389185529066681

-1.8434635836095983 0.17389185529066681
-1.8403443558877546 0.17430186394351377

-1.8403443558877546 0.17430186394351377
-1.8374501285688183 0.17467675242324451

-1.8374501285688183 0.17467675242324451
-1.8372251281659111 0.17470671992324613

-1.8372251281659111 0.17470671992324613
-1.8341059004440674 0.17510428155799077

-1.8341059004440674 0.17510428155799077
-1.8309866727222237 0.17549730055655158

-1.8309866727222237 0.17549730055655158
-1.82786744500038 0.1758847679393267

-1.82786744500038 0.1758847679393267
-1.8247482172785363 0.17626648496156352

-1.8247482172785363 0.17626648496156352
-1.8216289895566928 0.17664192842757634

-1.8216289895566928 0.17664192842757634
-1.8185097618348491 0.17701038439225938

-1.8185097618348491 0.17701038439225938
-1.8153905341130054 0.17737120274390333

-1.8153905341130054 0.17737120274390333
-1.8122713063911617 0.17772278684007872

-1.8122713063911617 0.17772278684007872
-1.8116201710072926 0.17779598014508818

-1.8116201710072926 0.17779598014508818
-1.8091520786693183 0.17806885041303813

-1.8091520786693183 0.17806885041303813
-1.8060328509474746 0.17840446048052447

-1.8060328509474746 0.17840446048052447
-1.8029136232256309 0.1787321912402437

-1.8029136232256309 0.1787321912402437
-1.7997943955037872 0.17905212365903095

-1.7997943955037872 0.17905212365903095
-1.7966751677819435 0.17936495292040594

-1.7966751677819435 0.17936495292040594
-1.7935559400601 0.17967155719482514

-1.7935559400601 0.17967155719482514
-1.7904367123382563 0.17997273801766292

-1.7904367123382563 0.17997273801766292
-1.7873174846164126 0.18026905747469221

-1.7873174846164126 0.18026905747469221
-1.7841982568945689 0.18056082895322284

-1.7841982568945689 0.18056082895322284
-1.7810790291727252 0.18084750972981198

-1.7810790291727252 0.18084750972981198
-1.780343236955211 0.18091520786693183

-1.780343236955211 0.18091520786693183
-1.7779598014508817 0.18113182548501128

-1.7779598014508817 0.18113182548501128
-1.774840573729038 0.18140986935264866

-1.774840573729038 0.18140986935264866
-1.7717213460071943 0.1816831365225553

-1.7717213460071943 0.1816831365225553
-1.7686021182853506 0.18195085264006486

-1.7686021182853506 0.18195085264006486
-1.7654828905635069 0.18221261198074337

-1.7654828905635069 0.18221261198074337
-1.7623636628416635 0.1824680558033755

-1.7623636628416635 0.1824680558033755
-1.7592444351198198 0.18271696816534755

-1.7592444351198198 0.18271696816534755
-1.7561252073979761 0.18295931260647016

-1.7561252073979761 0.18295931260647016
-1.7530059796761324 0.18319515898775429

-1.7530059796761324 0.18319515898775429
-1.7498867519542887 0.18342477497753637

-1.7498867519542887 0.18342477497753637
-1.7467675242324452 0.18364864964725644

-1.7467675242324452 0.18364864964725644
-1.7436482965106015 0.18386721124928143

-1.7436482965106015 0.18386721124928143
-1.7412103140182906 0.18403443558877547

-1.7412103140182906 0.18403443558877547
-1.7405290687887578 0.18408160935812137

-1.7405290687887578 0.18408160935812137
-1.7374098410669141 0.18429016767161768

-1.7374098410669141 0.18429016767161768
-1.7342906133450704 0.18449462904785324

-1.7342906133450704 0.18449462904785324
-1.7311713856232269 0.18469455372793578

-1.7311713856232269 0.18469455372793578
-1.7280521579013832 0.18488998134835241

-1.7280521579013832 0.18488998134835241
-1.7249329301795395 0.18508089075842518

-1.7249329301795395 0.18508089075842518
-1.7218137024576958 0.18526726621064768

-1.7218137024576958 0.18526726621064768
-1.7186944747358524 0.18544902257113974

-1.7186944747358524 0.18544902257113974
-1.7155752470140087 0.18562594796935916

-1.7155752470140087 0.18562594796935916
-1.712456019292165 0.18579780576586433

-1.712456019292165 0.18579780576586433
-1.7093367915703213 0.18596443796264295

-1.7093367915703213 0.18596443796264295
-1.7062175638484776 0.18612579519791619

-1.7062175638484776 0.18612579519791619
-1.7030983361266341 0.18628190173108519

-1.7030983361266341 0.18628190173108519
-1.6999791084047904 0.18643278233485752

-1.6999791084047904 0.18643278233485752
-1.6968598806829467 0.18657843919554323

-1.6968598806829467 0.18657843919554323
-1.693740652961103 0.1867188257442029

-1.693740652961103 0.1867188257442029
-1.6906214252392593 0.18685394159658769

-1.6906214252392593 0.18685394159658769
-1.6875021975174158 0.18698394420625275

-1.6875021975174158 0.18698394420625275
-1.6843829697955721 0.18710863934482097

-1.6843829697955721 0.18710863934482097
-1.6832126583679221 0.18715366331061914

-1.6832126583679221 0.18715366331061914
-1.6812637420737284 0.18722844592356244

-1.6812637420737284 0.18722844592356244
-1.6781445143518847 0.18734245947347636

-1.6781445143518847 0.18734245947347636
-1.675025286630041 0.1874511032231741

-1.675025286630041 0.1874511032231741
-1.6719060589081975 0.18755460298137389

-1.6719060589081975 0.18755460298137389
-1.6687868311863538 0.18765338712011076

-1.6687868311863538 0.18765338712011076
-1.6656676034645101 0.18774782863403144

-1.6656676034645101 0.18774782863403144
-1.6625483757426665 0.18783834521368292

-1.6625483757426665 0.18783834521368292
-1.6594291480208228 0.18792541555813558

-1.6594291480208228 0.18792541555813558
-1.6563099202989793 0.18800957737260551

-1.6563099202989793 0.18800957737260551
-1.6531906925771356 0.18809126919948432

-1.6531906925771356 0.18809126919948432
-1.6500714648552919 0.18817059939994152

-1.6500714648552919 0.18817059939994152
-1.6469522371334482 0.18824730965995887

-1.6469522371334482 0.18824730965995887
-1.6438330094116045 0.18832092263521616

-1.6438330094116045 0.18832092263521616
-1.640713781689761 0.18839085237843498

-1.640713781689761 0.18839085237843498
-1.6375945539679173 0.18845640816519524

-1.6375945539679173 0.18845640816519524
-1.6344753262460736 0.18851682367714989

-1.6344753262460736 0.18851682367714989
-1.6313560985242299 0.18857137828753981

-1.6313560985242299 0.18857137828753981
-1.6282368708023864 0.18861951007506997

-1.6282368708023864 0.18861951007506997
-1.6251176430805427 0.1886608342721143

-1.6251176430805427 0.1886608342721143
-1.621998415358699 0.18869510907846571

-1.621998415358699 0.18869510907846571
-1.6188791876368553 0.18872221393762242

-1.6188791876368553 0.18872221393762242
-1.6157599599150116 0.18874214210348483

-1.6157599599150116 0.18874214210348483
-1.6126407321931682 0.18875499266741685

-1.6126407321931682 0.18875499266741685
-1.6095215044713245 0.1887609539503145

-1.6095215044713245 0.1887609539503145
-1.6064022767494808 0.18876023110503645

-1.6064022767494808 0.18876023110503645
-1.6032830490276371 0.18875299423942887

-1.6032830490276371 0.18875299423942887
-1.6001638213057934 0.18873933356232919

-1.6001638213057934 0.18873933356232919
-1.5970445935839499 0.18871924808932408

-1.5970445935839499 0.18871924808932408
-1.5939253658621062 0.18869263013894391

-1.5939253658621062 0.18869263013894391
-1.5908061381402625 0.18865923764320985

-1.5908061381402625 0.18865923764320985
-1.5876869104184188 0.18861873278020183

-1.5876869104184188 0.18861873278020183
-1.5845676826965751 0.18857068556353318

-1.5845676826965751 0.18857068556353318
-1.5814484549747316 0.18851460782678578

-1.5814484549747316 0.18851460782678578
-1.5783292272528879 0.18844999680851068

-1.5783292272528879 0.18844999680851068
-1.5752099995310442 0.18837640693059202

-1.5752099995310442 0.18837640693059202
-1.5720907718092005 0.18829345036298023

-1.5720907718092005 0.18829345036298023
-1.5689715440873568 0.18820079668786063

-1.5689715440873568 0.18820079668786063
-1.5658523163655134 0.18809824053957097

-1.5658523163655134 0.18809824053957097
-1.5627330886436697 0.18798552180267369

-1.5627330886436697 0.18798552180267369
-1.559613860921826 0.18786271780789909

-1.559613860921826 0.18786271780789909
-1.5564946331999823 0.18772977452846917

-1.5564946331999823 0.18772977452846917
-1.5533754054781388 0.18758650094338009

-1.5533754054781388 0.18758650094338009
-1.5502561777562951 0.18743363502831734

-1.5502561777562951 0.18743363502831734
-1.5471369500344514 0.18727070151521166

-1.5471369500344514 0.18727070151521166
-1.5450202773056478 0.18715366331061914

-1.5450202773056478 0.18715366331061914
-1.5440177223126077 0.1870979381853706

-1.5440177223126077 0.1870979381853706
-1.540898494590764 0.18691654678314318

-1.540898494590764 0.18691654678314318
-1.5377792668689205 0.18672279901392272

-1.5377792668689205 0.18672279901392272
-1.5346600391470768 0.18651730959091997

-1.5346600391470768 0.18651730959091997
-1.5315408114252331 0.18630001115581027

-1.5315408114252331 0.18630001115581027
-1.5284215837033894 0.18607086756879784

-1.5284215837033894 0.18607086756879784
-1.5253023559815457 0.18582961881976304

-1.5253023559815457 0.18582961881976304
-1.5221831282597023 0.18557607397528098

-1.5221831282597023 0.18557607397528098
-1.5190639005378586 0.18531067059243694

-1.5190639005378586 0.18531067059243694
-1.5159446728160149 0.18503305965427758

-1.5159446728160149 0.18503305965427758
-1.5128254450941712 0.18474271211615306

-1.5128254450941712 0.18474271211615306
-1.5097062173723275 0.18444050294416442

-1.5097062173723275 0.18444050294416442
-1.506586989650484 0.18412709263569815

-1.506586989650484 0.18412709263569815
-1.5057148684404145 0.18403443558877547

-1.5057148684404145 0.18403443558877547
-1.5034677619286403 0.18379835456987295

-1.5034677619286403 0.18379835456987295
-1.5003485342067966 0.1834593233780116

-1.5003485342067966 0.1834593233780116
-1.4972293064849529 0.18310605114283546

-1.4972293064849529 0.18310605114283546
-1.4941100787631092 0.18273863086923822

-1.4941100787631092 0.18273863086923822
-1.4909908510412657 0.18235568333130539

-1.4909908510412657 0.18235568333130539
-1.487871623319422 0.18195698452374703

-1.487871623319422 0.18195698452374703
-1.4847523955975783 0.18154207152332955

-1.4847523955975783 0.18154207152332955
-1.4816331678757346 0.18111120778995785

-1.4816331678757346 0.18111120778995785
-1.4802881124293028 0.18091520786693183

-1.4802881124293028 0.18091520786693183
-1.4785139401538909 0.18065783097313545

-1.4785139401538909 0.18065783097313545
-1.4753947124320475 0.18019340423535318

-1.4753947124320475 0.18019340423535318
-1.4722754847102038 0.17970782253458889

-1.4722754847102038 0.17970782253458889
-1.4691562569883601 0.17920449495358276

-1.4691562569883601 0.17920449495358276
-1.4660370292665164 0.17868190152253266

-1.4660370292665164 0.17868190152253266
-1.4629178015446729 0.17814134931980194

-1.4629178015446729 0.17814134931980194
-1.4610084476033276 0.17779598014508818

-1.4610084476033276 0.17779598014508818
-1.4597985738228292 0.17757474919559177

-1.4597985738228292 0.17757474919559177
-1.4566793461009855 0.17700079514226902

-1.4566793461009855 0.17700079514226902
-1.4535601183791418 0.17640356239582014

-1.4535601183791418 0.17640356239582014
-1.4504408906572981 0.17578514210871662

-1.4504408906572981 0.17578514210871662
-1.4473216629354546 0.17514918977335764

-1.4473216629354546 0.17514918977335764
-1.4450830835169728 0.17467675242324451

-1.4450830835169728 0.17467675242324451
-1.4442024352136109 0.1744863819908011

-1.4442024352136109 0.1744863819908011
-1.4410832074917672 0.17381594555145438

-1.4410832074917672 0.17381594555145438
-1.4379639797699235 0.17311903412744045

-1.4379639797699235 0.17311903412744045
-1.4348447520480798 0.17240136222441918

-1.4348447520480798 0.17240136222441918
-1.4317255243262363 0.17166663939202478

-1.4317255243262363 0.17166663939202478
-1.4312990570632069 0.17155752470140087

-1.4312990570632069 0.17155752470140087
-1.4286062966043926 0.17089856936069953

-1.4286062966043926 0.17089856936069953
-1.4254870688825489 0.17011397604577949

-1.4254870688825489 0.17011397604577949
-1.4223678411607052 0.16930461832565283

-1.4223678411607052 0.16930461832565283
-1.4192486134388616 0.1684734946998922

-1.4192486134388616 0.1684734946998922
-1.4191284231668992 0.16843829697955723

-1.4191284231668992 0.16843829697955723
-1.4161293857170181 0.16761488867304464

-1.4161293857170181 0.16761488867304464
-1.4130101579951744 0.16673523959207098

-1.4130101579951744 0.16673523959207098
-1.4098909302733307 0.16583919663771104

-1.4098909302733307 0.16583919663771104
-1.4081615378584875 0.16531906925771356

-1.4081615378584875 0.16531906925771356
-1.406771702551487 0.16489727465134177

-1.406771702551487 0.16489727465134177
-1.4036524748296433 0.1639614529377508

-1.4036524748296433 0.1639614529377508
-1.4005332471077998 0.16299719446616684

-1.4005332471077998 0.16299719446616684
-1.3980249501536812 0.16219984153586992

-1.3980249501536812 0.16219984153586992
-1.3974140193859561 0.16199555984218014

-1.3974140193859561 0.16199555984218014
-1.3942947916641124 0.16099361045646252

-1.3942947916641124 0.16099361045646252
-1.3911755639422687 0.15996133073070681

-1.3911755639422687 0.15996133073070681
-1.3885834756847069 0.15908061381402627

-1.3885834756847069 0.15908061381402627
-1.388056336220425 0.15889062479987759

-1.388056336220425 0.15889062479987759
-1.3849371084985815 0.15781617287826963

-1.3849371084985815 0.15781617287826963
-1.3818178807767378 0.15671007182699506

-1.3818178807767378 0.15671007182699506
-1.3797933421452393 0.1559613860921826

-1.3797933421452393 0.1559613860921826
-1.3786986530548941 0.15554462334052291

-1.3786986530548941 0.15554462334052291
-1.3755794253330504 0.15439141907427251

-1.3755794253330504 0.15439141907427251
-1.372460197611207 0.15320695032183795

-1.372460197611207 0.15320695032183795
-1.3715848899197662 0.15284215837033896

-1.3715848899197662 0.15284215837033896
-1.3693409698893633 0.15194688690103925

-1.3693409698893633 0.15194688690103925
-1.3662217421675196 0.1506965058100784

-1.3662217421675196 0.1506965058100784
-1.363892039755467 0.14972293064849532

-1.363892039755467 0.14972293064849532
-1.3631025144456759 0.14937458297676989

-1.3631025144456759 0.14937458297676989
-1.3599832867238322 0.14806848234464529

-1.3599832867238322 0.14806848234464529
-1.3568640590019887 0.14672037451316183

-1.3568640590019887 0.14672037451316183
-1.3566270183543918 0.14660370292665165

-1.3566270183543918 0.14660370292665165
-1.353744831280145 0.1453175584962357

-1.353744831280145 0.1453175584962357
-1.3506256035583013 0.1439189585714335

-1.3506256035583013 0.1439189585714335
-1.349751696306962 0.143484475204808

-1.349751696306962 0.143484475204808
-1.3475063758364576 0.14242485835921012

-1.3475063758364576 0.14242485835921012
-1.3443871481146139 0.14097128390300026

-1.3443871481146139 0.14097128390300026
-1.3432061815980172 0.14036524748296436

-1.3432061815980172 0.14036524748296436
-1.3412679203927704 0.13939951317216298

-1.3412679203927704 0.13939951317216298
-1.3381486926709267 0.13788768111575847

-1.3381486926709267 0.13788768111575847
-1.3369529214778288 0.13724601976112069

-1.3369529214778288 0.13724601976112069
-1.335029464949083 0.13624403776229543

-1.335029464949083 0.13624403776229543
-1.3319102372272393 0.13466833878202261

-1.3319102372272393 0.13466833878202261
-1.3309601084518807 0.13412679203927705

-1.3309601084518807 0.13412679203927705
-1.3287910095053956 0.13295441490871637

-1.3287910095053956 0.13295441490871637
-1.3256717817835522 0.13129912022375428

-1.3256717817835522 0.13129912022375428
-1.3251990167312493 0.13100756431743341

-1.3251990167312493 0.13100756431743341
-1.3225525540617085 0.12953127099564221

-1.3225525540617085 0.12953127099564221
-1.3196588857438292 0.12788833659558974

-1.3196588857438292 0.12788833659558974
-1.3194333263398648 0.12774266684903834

-1.3194333263398648 0.12774266684903834
-1.3163140986180211 0.12596796364770557

-1.3163140986180211 0.12596796364770557
-1.31433466671243 0.12476910887374609

-1.31433466671243 0.12476910887374609
-1.3131948708961774 0.12404832831929481

-1.3131948708961774 0.12404832831929481
-1.3100756431743339 0.12224565481333502

-1.3100756431743339 0.12224565481333502
-1.3091861973651773 0.12164988115190244

-1.3091861973651773 0.12164988115190244
-1.3069564154524902 0.12025238065047913

-1.3069564154524902 0.12025238065047913
-1.304223118164777 0.11853065343005878

-1.304223118164777 0.11853065343005878
-1.3038371877306465 0.11825723919235082

-1.3038371877306465 0.11825723919235082
-1.3007179600088028 0.11632155296685578

-1.3007179600088028 0.11632155296685578
-1.299406590676933 0.11541142570821514

-1.299406590676933 0.11541142570821514
-1.2975987322869591 0.11418824950601542

-1.2975987322869591 0.11418824950601542
-1.2947305254019155 0.11229219798637148

-1.2947305254019155 0.11229219798637148
-1.2944795045651156 0.11210399476253624

-1.2944795045651156 0.11210399476253624
-1.2913602768432719 0.11004649821056021

-1.2913602768432719 0.11004649821056021
-1.2901816666164272 0.10917297026452782

-1.2901816666164272 0.10917297026452782
-1.2882410491214282 0.10778750674444743

-1.2882410491214282 0.10778750674444743
-1.2857902889560613 0.10605374254268418

-1.2857902889560613 0.10605374254268418
-1.2851218213995845 0.1055376503687088

-1.2851218213995845 0.1055376503687088
-1.2820025936777411 0.10338613663961443

-1.2820025936777411 0.10338613663961443
-1.2814378765978169 0.10293451482084053

-1.2814378765978169 0.10293451482084053
-1.2788833659558974 0.10105232265162907

-1.2788833659558974 0.10105232265162907
-1.2773145774266963 0.099815287098996869

-1.2773145774266963 0.099815287098996869
-1.2757641382340537 0.098586492128934652

-1.2757641382340537 0.098586492128934652
-1.2733209998693062 0.096696059377153226

-1.2733209998693062 0.096696059377153226
-1.27264491051221 0.096131683799731527

-1.27264491051221 0.096131683799731527
-1.2695256827903663 0.093744802478476871

-1.2695256827903663 0.093744802478476871
-1.2693312377342012 0.09357683165530957

-1.2693312377342012 0.09357683165530957
-1.2664064550685228 0.091250031872344164

-1.2664064550685228 0.091250031872344164
-1.2654951266421606 0.090457603933465913

-1.2654951266421606 0.090457603933465913
-1.2632872273466791 0.088606246922065812

-1.2632872273466791 0.088606246922065812
-1.2618348650376294 0.087338376211622271

-1.2618348650376294 0.087338376211622271
-1.2601679996248354 0.085884458314307355

-1.2601679996248354 0.085884458314307355
-1.2582675370714205 0.084219148489778614

-1.2582675370714205 0.084219148489778614
-1.2570487719029917 0.083126109192836528

-1.2570487719029917 0.083126109192836528
-1.2547468764343561 0.081099920767934958

-1.2547468764343561 0.081099920767934958
-1.253929544181148 0.080351370517866616

-1.253929544181148 0.080351370517866616
-1.2512530499692673 0.077980693046091315

-1.2512530499692673 0.077980693046091315
-1.2508103164593045 0.077568332893122927

-1.2508103164593045 0.077568332893122927
-1.2477861029749391 0.074861465324247659

-1.2477861029749391 0.074861465324247659
-1.2476910887374608 0.074771621318220197

-1.2476910887374608 0.074771621318220197
-1.2445718610156171 0.07193148901576249

-1.2445718610156171 0.07193148901576249
-1.2443743084460808 0.071742237602404002

-1.2443743084460808 0.071742237602404002
-1.2414526332937734 0.069011347869784606

-1.2414526332937734 0.069011347869784606
-1.241052014330136 0.068623009880560346

-1.241052014330136 0.068623009880560346
-1.2383334055719297 0.066018156369953812

-1.2383334055719297 0.066018156369953812
-1.2378091985530262 0.065503782158716703

-1.2378091985530262 0.065503782158716703
-1.2352141778500862 0.062962921186334217

-1.2352141778500862 0.062962921186334217
-1.2346318012053188 0.06238455443687304

-1.2346318012053188 0.06238455443687304
-1.2320949501282425 0.059850068597728463

-1.2320949501282425 0.059850068597728463
-1.231513516548417 0.05926532671502939

-1.231513516548417 0.05926532671502939
-1.2289757224063989 0.0566779509204808

-1.2289757224063989 0.0566779509204808
-1.228453325802362 0.056146098993185733

-1.228453325802362 0.056146098993185733
-1.2258564946845552 0.053445446991471246

-1.2258564946845552 0.053445446991471246
-1.225449576768858 0.053026871271342084

-1.225449576768858 0.053026871271342084
-1.2227372669627115 0.050152486683189661

-1.2227372669627115 0.050152486683189661
-1.2225012212002446 0.049907643549498434

-1.2225012212002446 0.049907643549498434
-1.219618039240868 0.046798324120151745

-1.219618039240868 0.046798324120151745
-1.2196085483040602 0.046788415827654778

-1.2196085483040602 0.046788415827654778
-1.2167525959657062 0.043669188105811128

-1.2167525959657062 0.043669188105811128
-1.2164988115190243 0.04340179925948829

-1.2164988115190243 0.04340179925948829
-1.2139032539479215 0.040549960383967479

-1.2139032539479215 0.040549960383967479
-1.2133795837971806 0.039993831041291929

-1.2133795837971806 0.039993831041291929
-1.2110508198271759 0.037430732662123822

-1.2110508198271759 0.037430732662123822
-1.2102603560753369 0.036584406714668921

-1.2102603560753369 0.036584406714668921
-1.2081953660943006 0.034311504940280173

-1.2081953660943006 0.034311504940280173
-1.2071411283534932 0.033173172349512142

-1.2071411283534932 0.033173172349512142
-1.2053394737880017 0.03119227721843652

-1.2053394737880017 0.03119227721843652
-1.2040219006316497 0.029756946909665502

-1.2040219006316497 0.029756946909665502
-1.2024850754660734 0.02807304949659287

-1.2024850754660734 0.02807304949659287
-1.200902672909806 0.026338658979333365

-1.200902672909806 0.026338658979333365
-1.1996297364214272 0.024953821774749217

-1.1996297364214272 0.024953821774749217
-1.1977834451879623 0.022921921563781009

-1.1977834451879623 0.022921921563781009
-1.1967766310425771 0.021834594052905568

-1.1967766310425771 0.021834594052905568
-1.1946642174661186 0.019496449294976317

-1.1946642174661186 0.019496449294976317
-1.1939373006085707 0.018715366331061915

-1.1939373006085707 0.018715366331061915
-1.1915449897442751 0.016052329001484143

-1.1915449897442751 0.016052329001484143
-1.1911177813275871 0.01559613860921826

-1.1911177813275871 0.01559613860921826
-1.1884257620224314 0.012599059115071937

-1.1884257620224314 0.012599059115071937
-1.1883103422959138 0.012476910887374609

-1.1883103422959138 0.012476910887374609
-1.18548533962534 0.0093576831655309556

-1.18548533962534 0.0093576831655309556
-1.1853065343005877 0.0091699817093492328

-1.1853065343005877 0.0091699817093492328
-1.1825997274028943 0.0062384554436873043

-1.1825997274028943 0.0062384554436873043
-1.182187306578744 0.0058086819036789186

-1.182187306578744 0.0058086819036789186
-1.1796547899259515 0.0031192277218436517

-1.1796547899259515 0.0031192277218436517
-1.1790680788569003 0.0025139036773549413

-1.1790680788569003 0.0025139036773549413
-1.1766516641886919 0

-1.1766516641886919 0
-1.1759488511350569 -0.00071589707766442216

-1.1759488511350569 -0.00071589707766442216
-1.1735755570002759 -0.0031192277218436521

-1.1735755570002759 -0.0031192277218436521
-1.1728296234132132 -0.003862965685219696

-1.1728296234132132 -0.003862965685219696
-1.1704038631637852 -0.0062384554436873043

-1.1704038631637852 -0.0062384554436873043
-1.1697103956913695 -0.0069154939733394177

-1.1697103956913695 -0.0069154939733394177
-1.167124520930283 -0.0093576831655309573

-1.167124520930283 -0.0093576831655309573
-1.1665911679695258 -0.0098666689211468449

-1.1665911679695258 -0.0098666689211468449
-1.1636844470285737 -0.012476910887374609

-1.1636844470285737 -0.012476910887374609
-1.1634719402476821 -0.012674304307312367

-1.1634719402476821 -0.012674304307312367
-1.1603527125258386 -0.015320361871757582

-1.1603527125258386 -0.015320361871757582
-1.1600441949792393 -0.015596138609218262

-1.1600441949792393 -0.015596138609218262
-1.1572334848039949 -0.017890640781593165

-1.1572334848039949 -0.017890640781593165
-1.1562554832510397 -0.018715366331061911

-1.1562554832510397 -0.018715366331061911
-1.1541142570821512 -0.020425311111004884

-1.1541142570821512 -0.020425311111004884
-1.1522923833129857 -0.021834594052905564

-1.1522923833129857 -0.021834594052905564
-1.1509950293603075 -0.022851018599033768

-1.1509950293603075 -0.022851018599033768
-1.1479318486364873 -0.024953821774749217

-1.1479318486364873 -0.024953821774749217
-1.1478758016384638 -0.02499702973185499

-1.1478758016384638 -0.02499702973185499
-1.1447565739166203 -0.027023191442669788

-1.1447565739166203 -0.027023191442669788
-1.1431413670701218 -0.028073049496592867

-1.1431413670701218 -0.028073049496592867
-1.1416373461947766 -0.029051034798507229

-1.1416373461947766 -0.029051034798507229
-1.1385181184729329 -0.030795361596420837

-1.1385181184729329 -0.030795361596420837
-1.1378541478034891 -0.03119227721843652

-1.1378541478034891 -0.03119227721843652
-1.1353988907510892 -0.032538258272605737

-1.1353988907510892 -0.032538258272605737
-1.1322796630292455 -0.034090045911417483

-1.1322796630292455 -0.034090045911417483
-1.1318468524762499 -0.034311504940280173

-1.1318468524762499 -0.034311504940280173
-1.1291604353074021 -0.035563872726311785

-1.1291604353074021 -0.035563872726311785
-1.1260412075855584 -0.03688118524007785

-1.1260412075855584 -0.03688118524007785
-1.124693609447516 -0.037430732662123829

-1.124693609447516 -0.037430732662123829
-1.1229219798637147 -0.038140121576212674

-1.1229219798637147 -0.038140121576212674
-1.119802752141871 -0.039243574164366843

-1.119802752141871 -0.039243574164366843
-1.1166835244200273 -0.040241181132358285

-1.1166835244200273 -0.040241181132358285
-1.1156647786153482 -0.040549960383967479

-1.1156647786153482 -0.040549960383967479
-1.1135642966981838 -0.041167892955590805

-1.1135642966981838 -0.041167892955590805
-1.1104450689763401 -0.041975204000848768

-1.1104450689763401 -0.041975204000848768
-1.1073258412544964 -0.042687878380450239

-1.1073258412544964 -0.042687878380450239
-1.1042066135326527 -0.043308534381498655

-1.1042066135326527 -0.043308534381498655
-1.1021312121845761 -0.043669188105811135

-1.1021312121845761 -0.043669188105811135
-1.1010873858108092 -0.043852626035131251

-1.1010873858108092 -0.043852626035131251
-1.0979681580889655 -0.044308112127129054

-1.0979681580889655 -0.044308112127129054
-1.0948489303671218 -0.044688732406331429

-1.0948489303671218 -0.044688732406331429
-1.0917297026452781 -0.044999102799732571

-1.0917297026452781 -0.044999102799732571
-1.0886104749234344 -0.04524586849464967

-1.0886104749234344 -0.04524586849464967
-1.085491247201591 -0.0454344795666628

-1.085491247201591 -0.0454344795666628
-1.0823720194797473 -0.045569329923182481

-1.0823720194797473 -0.045569329923182481
-1.0792527917579036 -0.045654695091202999

-1.0792527917579036 -0.045654695091202999
-1.0761335640360599 -0.045696133901612937

-1.0761335640360599 -0.045696133901612937
-1.0730143363142162 -0.045699937606304024

-1.0730143363142162 -0.045699937606304024
-1.0698951085923727 -0.045671519145951883

-1.0698951085923727 -0.045671519145951883
-1.066775880870529 -0.045614594800450582

-1.066775880870529 -0.045614594800450582
-1.0636566531486853 -0.045531713672060006

-1.0636566531486853 -0.045531713672060006
-1.0605374254268416 -0.045425502768597636

-1.0605374254268416 -0.045425502768597636
-1.0574181977049979 -0.045298376792944538

-1.0574181977049979 -0.045298376792944538
-1.0542989699831544 -0.045152557167483544

-1.0542989699831544 -0.045152557167483544
-1.0511797422613107 -0.044991356609079061

-1.0511797422613107 -0.044991356609079061
-1.048060514539467 -0.044818383319035267

-1.048060514539467 -0.044818383319035267
-1.0449412868176233 -0.044636531714648167

-1.0449412868176233 -0.044636531714648167
-1.0418220590957796 -0.044448132249068698

-1.0418220590957796 -0.044448132249068698
-1.0387028313739362 -0.044255440499362336

-1.0387028313739362 -0.044255440499362336
-1.0355836036520925 -0.044061135560184213

-1.0355836036520925 -0.044061135560184213
-1.0324643759302488 -0.043868674259287227

-1.0324643759302488 -0.043868674259287227
-1.0293451482084051 -0.043681844871807825

-1.0293451482084051 -0.043681844871807825
-1.0291279596797946 -0.043669188105811135

-1.0291279596797946 -0.043669188105811135
-1.0262259204865614 -0.043502217900464366

-1.0262259204865614 -0.043502217900464366
-1.0231066927647179 -0.043331349306720536

-1.0231066927647179 -0.043331349306720536
-1.0199874650428742 -0.043170104216053135

-1.0199874650428742 -0.043170104216053135
-1.0168682373210305 -0.043019338438431941

-1.0168682373210305 -0.043019338438431941
-1.0137490095991868 -0.042880303373142394

-1.0137490095991868 -0.042880303373142394
-1.0106297818773433 -0.0427548685311969

-1.0106297818773433 -0.0427548685311969
-1.0075105541554996 -0.04264514164227403

-1.0075105541554996 -0.04264514164227403
-1.0043913264336559 -0.042552927506067137

-1.0043913264336559 -0.042552927506067137
-1.0012720987118122 -0.042479548948560077

-1.0012720987118122 -0.042479548948560077
-0.99815287098996874 -0.042426071334392135

-0.99815287098996874 -0.042426071334392135
-0.99503364326812505 -0.042393667072437177

-0.99503364326812505 -0.042393667072437177
-0.99191441554628146 -0.042383799452044027

-0.99191441554628146 -0.042383799452044027
-0.98879518782443776 -0.042397999895295822

-0.98879518782443776 -0.042397999895295822
-0.98567596010259406 -0.042437513714270118

-0.98567596010259406 -0.042437513714270118
-0.98255673238075047 -0.042502976708170201

-0.98255673238075047 -0.042502976708170201
-0.97943750465890678 -0.042594165969745253

-0.97943750465890678 -0.042594165969745253
-0.97631827693706319 -0.04271027785643057

-0.97631827693706319 -0.04271027785643057
-0.97319904921521949 -0.042851037697794143

-0.97319904921521949 -0.042851037697794143
-0.97007982149337579 -0.043017682961880646

-0.97007982149337579 -0.043017682961880646
-0.96696059377153221 -0.043212564789658889

-0.96696059377153221 -0.043212564789658889
-0.96384136604968851 -0.043437625799334238

-0.96384136604968851 -0.043437625799334238
-0.96102161495825922 -0.043669188105811135

-0.96102161495825922 -0.043669188105811135
-0.96072213832784492 -0.043694227872355787

-0.96072213832784492 -0.043694227872355787
-0.95760291060600122 -0.043979995536315278

-0.95760291060600122 -0.043979995536315278
-0.95448368288415764 -0.044295097615803733

-0.95448368288415764 -0.044295097615803733
-0.95136445516231394 -0.044637994402085227

-0.95136445516231394 -0.044637994402085227
-0.94824522744047024 -0.045008890082853741

-0.94824522744047024 -0.045008890082853741
-0.94512599971862665 -0.045409510071466042

-0.94512599971862665 -0.045409510071466042
-0.94200677199678295 -0.045841469605309777

-0.94200677199678295 -0.045841469605309777
-0.93888754427493937 -0.046305156447738895

-0.93888754427493937 -0.046305156447738895
-0.93584452881010838 -0.046788415827654785

-0.93584452881010838 -0.046788415827654785
-0.93576831655309567 -0.046801010631068701

-0.93576831655309567 -0.046801010631068701
-0.93264908883125197 -0.047328184357113737

-0.93264908883125197 -0.047328184357113737
-0.92952986110940838 -0.047890479412180956

-0.92952986110940838 -0.047890479412180956
-0.92641063338756469 -0.048489853582098508

-0.92641063338756469 -0.048489853582098508
-0.9232914056657211 -0.049126771887846109

-0.9232914056657211 -0.049126771887846109
-0.9201721779438774 -0.049797043113677754

-0.9201721779438774 -0.049797043113677754
-0.91970635432655645 -0.049907643549498434

-0.91970635432655645 -0.049907643549498434
-0.9170529502220337 -0.05051328909259524

-0.9170529502220337 -0.05051328909259524
-0.91393372250019012 -0.051259404977622457

-0.91393372250019012 -0.051259404977622457
-0.91081449477834642 -0.052043840006371279

-0.91081449477834642 -0.052043840006371279
-0.90769526705650283 -0.052858531909830163

-0.90769526705650283 -0.052858531909830163
-0.90710948887469389 -0.053026871271342091

-0.90710948887469389 -0.053026871271342091
-0.90457603933465913 -0.053724516806580504

-0.90457603933465913 -0.053724516806580504
-0.90145681161281555 -0.054610564605515645

-0.90145681161281555 -0.054610564605515645
-0.89833758389097185 -0.05552379116893915

-0.89833758389097185 -0.05552379116893915
-0.89630804731617064 -0.05614609899318574

-0.89630804731617064 -0.05614609899318574
-0.89521835616912815 -0.056488523524594346

-0.89521835616912815 -0.056488523524594346
-0.89209912844728456 -0.057453332634314007

-0.89209912844728456 -0.057453332634314007
-0.88897990072544086 -0.058455929875257016

-0.88897990072544086 -0.058455929875257016
-0.88655099745420218 -0.05926532671502939

-0.88655099745420218 -0.05926532671502939
-0.88586067300359728 -0.059506857558410592

-0.88586067300359728 -0.059506857558410592
-0.88274144528175358 -0.060557596917726025

-0.88274144528175358 -0.060557596917726025
-0.87962221755990988 -0.06164039940554817

-0.87962221755990988 -0.06164039940554817
-0.87756899899584795 -0.062384554436873046

-0.87756899899584795 -0.062384554436873046
-0.87650298983806629 -0.062782807155931722

-0.87650298983806629 -0.062782807155931722
-0.8733837621162226 -0.063916503271233632

-0.8733837621162226 -0.063916503271233632
-0.87026453439437901 -0.065079355988594392

-0.87026453439437901 -0.065079355988594392
-0.86921548116329617 -0.065503782158716689

-0.86921548116329617 -0.065503782158716689
-0.86714530667253531 -0.066315343721431566

-0.86714530667253531 -0.066315343721431566
-0.86402607895069172 -0.067542528562294535

-0.86402607895069172 -0.067542528562294535
-0.86138196118598165 -0.068623009880560346

-0.86138196118598165 -0.068623009880560346
-0.86090685122884802 -0.068832283898072541

-0.86090685122884802 -0.068832283898072541
-0.85778762350700433 -0.070117797334634704

-0.85778762350700433 -0.070117797334634704
-0.85466839578516074 -0.071425513800030274

-0.85466839578516074 -0.071425513800030274
-0.85398502362694995 -0.071742237602403988

-0.85398502362694995 -0.071742237602403988
-0.85154916806331704 -0.072802965742647718

-0.85154916806331704 -0.072802965742647718
-0.84842994034147345 -0.074148191203703182

-0.84842994034147345 -0.074148191203703182
-0.84687591597122025 -0.074861465324247645

-0.84687591597122025 -0.074861465324247645
-0.84531071261962976 -0.075580180011491596

-0.84531071261962976 -0.075580180011491596
-0.84219148489778606 -0.076960229813423861

-0.84219148489778606 -0.076960229813423861
-0.83998225733404919 -0.077980693046091301

-0.83998225733404919 -0.077980693046091301
-0.83907225717594247 -0.078422570272080772

-0.83907225717594247 -0.078422570272080772
-0.83595302945409877 -0.079835678909938756

-0.83595302945409877 -0.079835678909938756
-0.83324188612215389 -0.081099920767934958

-0.83324188612215389 -0.081099920767934958
-0.83283380173225519 -0.081308198157401756

-0.83283380173225519 -0.081308198157401756
-0.82971457401041149 -0.082747262389381057

-0.82971457401041149 -0.082747262389381057
-0.82659534628856779 -0.084204985388610001

-0.82659534628856779 -0.084204985388610001
-0.82656848761145174 -0.0842191484897786

-0.82656848761145174 -0.0842191484897786
-0.8234761185667242 -0.08566246870768246

-0.8234761185667242 -0.08566246870768246
-0.8203568908448805 -0.087090564301165296

-0.8203568908448805 -0.087090564301165296
-0.81986305666613202 -0.087338376211622257

-0.81986305666613202 -0.087338376211622257
-0.81723766312303692 -0.088551121572917432

-0.81723766312303692 -0.088551121572917432
-0.81411843540119322 -0.089945077056729231

-0.81411843540119322 -0.089945077056729231
-0.81303563802088252 -0.090457603933465913

-0.81303563802088252 -0.090457603933465913
-0.81099920767934963 -0.091387071591144634

-0.81099920767934963 -0.091387071591144634
-0.80787997995750593 -0.092744110274622482

-0.80787997995750593 -0.092744110274622482
-0.80601156708984545 -0.093576831655309556

-0.80601156708984545 -0.093576831655309556
-0.80476075223566224 -0.094146379087369142

-0.80476075223566224 -0.094146379087369142
-0.80164152451381865 -0.095466167834819246

-0.80164152451381865 -0.095466167834819246
-0.79873406075231446 -0.096696059377153212

-0.79873406075231446 -0.096696059377153212
-0.79852229679197495 -0.096794541056110656

-0.79852229679197495 -0.096794541056110656
-0.79540306907013136 -0.098077455226920129

-0.79540306907013136 -0.098077455226920129
-0.79228384134828767 -0.099321130610765709

-0.79228384134828767 -0.099321130610765709
-0.79107887356158568 -0.099815287098996869

-0.79107887356158568 -0.099815287098996869
-0.78916461362644397 -0.10058136851112713

-0.78916461362644397 -0.10058136851112713
-0.78604538590460038 -0.10176673611765771

-0.78604538590460038 -0.10176673611765771
-0.78292615818275668 -0.10293007177024407

-0.78292615818275668 -0.10293007177024407
-0.78291501033416278 -0.10293451482084051

-0.78291501033416278 -0.10293451482084051
-0.77980693046091309 -0.10406007484921509

-0.77980693046091309 -0.10406007484921509
-0.7766877027390694 -0.10514578884073046

-0.7766877027390694 -0.10514578884073046
-0.77396777631486813 -0.10605374254268417

-0.77396777631486813 -0.10605374254268417
-0.77356847501722581 -0.10619556990817883

-0.77356847501722581 -0.10619556990817883
-0.77044924729538211 -0.10717782952225106

-0.77044924729538211 -0.10717782952225106
-0.76733001957353841 -0.10811723388816517

-0.76733001957353841 -0.10811723388816517
-0.76421079185169483 -0.10899336610171799

-0.76421079185169483 -0.10899336610171799
-0.76356564364801993 -0.10917297026452782

-0.76356564364801993 -0.10917297026452782
-0.76109156412985113 -0.10983340905568673

-0.76109156412985113 -0.10983340905568673
-0.75797233640800754 -0.1106088598896932

-0.75797233640800754 -0.1106088598896932
-0.75485310868616384 -0.1113312486806329

-0.75485310868616384 -0.1113312486806329
-0.75173388096432014 -0.111998311818927

-0.75173388096432014 -0.111998311818927
-0.75028222453620075 -0.11229219798637147

-0.75028222453620075 -0.11229219798637147
-0.74861465324247656 -0.11262794129038629

-0.74861465324247656 -0.11262794129038629
-0.74549542552063286 -0.11319584570320579

-0.74549542552063286 -0.11319584570320579
-0.74237619779878927 -0.11371706259272084

-0.74237619779878927 -0.11371706259272084
-0.73925697007694557 -0.11419126206136637

-0.73925697007694557 -0.11419126206136637
-0.73613774235510188 -0.11462099985081373

-0.73613774235510188 -0.11462099985081373
-0.73301851463325829 -0.11500840071322264

-0.73301851463325829 -0.11500840071322264
-0.72989928691141459 -0.11535456989854979

-0.72989928691141459 -0.11535456989854979
-0.72933697766401639 -0.11541142570821512

-0.72933697766401639 -0.11541142570821512
-0.726780059189571 -0.1156654805611551

-0.726780059189571 -0.1156654805611551
-0.72366083146772731 -0.11593836827216464

-0.72366083146772731 -0.11593836827216464
-0.72054160374588372 -0.11617489279487649

-0.72054160374588372 -0.11617489279487649
-0.71742237602404002 -0.11637706351899221

-0.71742237602404002 -0.11637706351899221
-0.71430314830219632 -0.11654675084342858

-0.71430314830219632 -0.11654675084342858
-0.71118392058035274 -0.11668577097423159

-0.71118392058035274 -0.11668577097423159
-0.70806469285850904 -0.11679591372779259

-0.70806469285850904 -0.11679591372779259
-0.70494546513666545 -0.11687916284067325

-0.70494546513666545 -0.11687916284067325
-0.70182623741482175 -0.11693790184455566

-0.70182623741482175 -0.11693790184455566
-0.69870700969297805 -0.11697489049284542

-0.69870700969297805 -0.11697489049284542
-0.69870700969297805 -0.11697489049284542

-0.69870700969297805 -0.11697489049284542
-0.69558778197113447 -0.1169929839638367

-0.69558778197113447 -0.1169929839638367
-0.69246855424929077 -0.11699487380193632

-0.69246855424929077 -0.11699487380193632
-0.68934932652744718 -0.11698293921753515

-0.68934932652744718 -0.11698293921753515
-0.68623009880560348 -0.11695929003372296

-0.68623009880560348 -0.11695929003372296
-0.6831108710837599 -0.11692601824340944

-0.6831108710837599 -0.11692601824340944
-0.6799916433619162 -0.11688539866550869

-0.6799916433619162 -0.11688539866550869
-0.6768724156400725 -0.1168398572794322

-0.6768724156400725 -0.1168398572794322
-0.67375318791822891 -0.11679171993017219

-0.67375318791822891 -0.11679171993017219
-0.67063396019638521 -0.11674301422217663

-0.67063396019638521 -0.11674301422217663
-0.66751473247454163 -0.11669555616672417

-0.66751473247454163 -0.11669555616672417
-0.66439550475269793 -0.11665115421312598

-0.66439550475269793 -0.11665115421312598
-0.66127627703085423 -0.11661155387073689

-0.66127627703085423 -0.11661155387073689
-0.65815704930901064 -0.11657806992381975

-0.65815704930901064 -0.11657806992381975
-0.65503782158716695 -0.11655133581481215

-0.65503782158716695 -0.11655133581481215
-0.65191859386532336 -0.11653157794177234

-0.65191859386532336 -0.11653157794177234
-0.64879936614347966 -0.11651923782367124

-0.64879936614347966 -0.11651923782367124
-0.64568013842163596 -0.11651535703271124

-0.64568013842163596 -0.11651535703271124
-0.64256091069979238 -0.11652147504382009

-0.64256091069979238 -0.11652147504382009
-0.63944168297794868 -0.11653928488399087

-0.63944168297794868 -0.11653928488399087
-0.63632245525610509 -0.11657020261243904

-0.63632245525610509 -0.11657020261243904
-0.63320322753426139 -0.11661497362906202

-0.63320322753426139 -0.11661497362906202
-0.63008399981241781 -0.11667383290444143

-0.63008399981241781 -0.11667383290444143
-0.62696477209057411 -0.1167473935886614

-0.62696477209057411 -0.1167473935886614
-0.62384554436873041 -0.11683740428326743

-0.62384554436873041 -0.11683740428326743
-0.62072631664688682 -0.11694630714103835

-0.62072631664688682 -0.11694630714103835
-0.61760708892504312 -0.11707572351214457

-0.61760708892504312 -0.11707572351214457
-0.61448786120319954 -0.11722566171094941

-0.61448786120319954 -0.11722566171094941
-0.61136863348135584 -0.11739544654094768

-0.61136863348135584 -0.11739544654094768
-0.60824940575951214 -0.11758476019377435

-0.60824940575951214 -0.11758476019377435
-0.60513017803766855 -0.11779389999282565

-0.60513017803766855 -0.11779389999282565
-0.60201095031582486 -0.11802395152385321

-0.60201095031582486 -0.11802395152385321
-0.59889172259398127 -0.11827622977734603

-0.59889172259398127 -0.11827622977734603
-0.59600959743523241 -0.11853065343005878

-0.59600959743523241 -0.11853065343005878
-0.59577249487213757 -0.11855200331276647

-0.59577249487213757 -0.11855200331276647
-0.59265326715029398 -0.11884959815133546

-0.59265326715029398 -0.11884959815133546
-0.58953403942845028 -0.11916910957840167

-0.58953403942845028 -0.11916910957840167
-0.58641481170660659 -0.11950896175213582

-0.58641481170660659 -0.11950896175213582
-0.583295583984763 -0.11986876326322479

-0.583295583984763 -0.11986876326322479
-0.5801763562629193 -0.1202480187023835

-0.5801763562629193 -0.1202480187023835
-0.57705712854107571 -0.12064586004025483

-0.57705712854107571 -0.12064586004025483
-0.57393790081923202 -0.12106165085020265

-0.57393790081923202 -0.12106165085020265
-0.57081867309738832 -0.12149025074523699

-0.57081867309738832 -0.12149025074523699
-0.56970940919769852 -0.12164988115190242

-0.56970940919769852 -0.12164988115190242
-0.56769944537554473 -0.12193627278820807

-0.56769944537554473 -0.12193627278820807
-0.56458021765370103 -0.12238882826673743

-0.56458021765370103 -0.12238882826673743
-0.56146098993185745 -0.1228557410058697

-0.56146098993185745 -0.1228557410058697
-0.55834176221001375 -0.12333505995638459

-0.55834176221001375 -0.12333505995638459
-0.55522253448817016 -0.12382597994913118

-0.55522253448817016 -0.12382597994913118
-0.55210330676632646 -0.12432914541118051

-0.55210330676632646 -0.12432914541118051
-0.549452814990956 -0.12476910887374608

-0.549452814990956 -0.12476910887374608
-0.54898407904448276 -0.12484928662957018

-0.54898407904448276 -0.12484928662957018
-0.54586485132263918 -0.12537806152269307

-0.54586485132263918 -0.12537806152269307
-0.54274562360079548 -0.12592345433205188

-0.54274562360079548 -0.12592345433205188
-0.53962639587895189 -0.1264832230193586

-0.53962639587895189 -0.1264832230193586
-0.53650716815710819 -0.12705804149039412

-0.53650716815710819 -0.12705804149039412
-0.5333879404352645 -0.12764225697938117

-0.5333879404352645 -0.12764225697938117
-0.53212698564987937 -0.12788833659558974

-0.53212698564987937 -0.12788833659558974
-0.53026871271342091 -0.12824775160035018

-0.53026871271342091 -0.12824775160035018
-0.52714948499157721 -0.12885090861116882

-0.52714948499157721 -0.12885090861116882
-0.52403025726973362 -0.12946164976453126

-0.52403025726973362 -0.12946164976453126
-0.52091102954788993 -0.13007268115153303

-0.52091102954788993 -0.13007268115153303
-0.51779180182604623 -0.13067649159587683

-0.51779180182604623 -0.13067649159587683
-0.51609223250384462 -0.13100756431743338

-0.51609223250384462 -0.13100756431743338
-0.51467257410420264 -0.13128525556171577

-0.51467257410420264 -0.13128525556171577
-0.51155334638235894 -0.13187538139253455

-0.51155334638235894 -0.13187538139253455
-0.50843411866051536 -0.13245961358917677

-0.50843411866051536 -0.13245961358917677
-0.50531489093867166 -0.13303133460283864

-0.50531489093867166 -0.13303133460283864
-0.50219566321682807 -0.13358887294756858

-0.50219566321682807 -0.13358887294756858
-0.4991090125769243 -0.13412679203927705

-0.4991090125769243 -0.13412679203927705
-0.49907643549498437 -0.13413271898991974

-0.49907643549498437 -0.13413271898991974
-0.49595720777314073 -0.13466319095962292

-0.49595720777314073 -0.13466319095962292
-0.49283798005129709 -0.13518060355451342

-0.49283798005129709 -0.13518060355451342
-0.48971875232945339 -0.13568269395879268

-0.48971875232945339 -0.13568269395879268
-0.48659952460760975 -0.13616811424225539

-0.48659952460760975 -0.13616811424225539
-0.4834802968857661 -0.13663502120775561

-0.4834802968857661 -0.13663502120775561
-0.48036106916392246 -0.1370804886071853

-0.48036106916392246 -0.1370804886071853
-0.47917649765525427 -0.13724601976112069

-0.47917649765525427 -0.13724601976112069
-0.47724184144207882 -0.13751392833293818

-0.47724184144207882 -0.13751392833293818
-0.47412261372023518 -0.13792147018075748

-0.47412261372023518 -0.13792147018075748
-0.47100338599839148 -0.13830571809013278

-0.47100338599839148 -0.13830571809013278
-0.46788415827654783 -0.13866559509644882

-0.46788415827654783 -0.13866559509644882
-0.46476493055470419 -0.13900023763804362

-0.46476493055470419 -0.13900023763804362
-0.46164570283286055 -0.13930852473366681

-0.46164570283286055 -0.13930852473366681
-0.45852647511101691 -0.13958932250702538

-0.45852647511101691 -0.13958932250702538
-0.45540724738917326 -0.13984148753085557

-0.45540724738917326 -0.13984148753085557
-0.45228801966732957 -0.1400643015562536

-0.45228801966732957 -0.1400643015562536
-0.44916879194548592 -0.1402573978890535

-0.44916879194548592 -0.1402573978890535
-0.44711855451484356 -0.14036524748296433

-0.44711855451484356 -0.14036524748296433
-0.44604956422364228 -0.14042164708327265

-0.44604956422364228 -0.14042164708327265
-0.44293033650179864 -0.14055570422932248

-0.44293033650179864 -0.14055570422932248
-0.439811108779955 -0.14066074423373465

-0.439811108779955 -0.14066074423373465
-0.4366918810581113 -0.14073768573671527

-0.4366918810581113 -0.14073768573671527
-0.43357265333626765 -0.14078813870526913

-0.43357265333626765 -0.14078813870526913
-0.43045342561442401 -0.14081394964662358

-0.43045342561442401 -0.14081394964662358
-0.42733419789258037 -0.14081693975377063

-0.42733419789258037 -0.14081693975377063
-0.42421497017073673 -0.14079883377471225

-0.42421497017073673 -0.14079883377471225
-0.42109574244889308 -0.14076130506108084

-0.42109574244889308 -0.14076130506108084
-0.41797651472704939 -0.14070605551533416

-0.41797651472704939 -0.14070605551533416
-0.41485728700520574 -0.14063475650259757

-0.41485728700520574 -0.14063475650259757
-0.4117380592833621 -0.14054905706861145

-0.4117380592833621 -0.14054905706861145
-0.40861883156151846 -0.14045073267068403

-0.40861883156151846 -0.14045073267068403
-0.40619298304227475 -0.14036524748296433

-0.40619298304227475 -0.14036524748296433
-0.40549960383967482 -0.1403406819742461

-0.40549960383967482 -0.1403406819742461
-0.40238037611783117 -0.14021989546149877

-0.40238037611783117 -0.14021989546149877
-0.39926114839598748 -0.14008860212497209

-0.39926114839598748 -0.14008860212497209
-0.39614192067414383 -0.13994793179164425

-0.39614192067414383 -0.13994793179164425
-0.39302269295230019 -0.1397991138353683

-0.39302269295230019 -0.1397991138353683
-0.38990346523045655 -0.13964360380918994

-0.38990346523045655 -0.13964360380918994
-0.3867842375086129 -0.13948294308579703

-0.3867842375086129 -0.13948294308579703
-0.38366500978676926 -0.1393187166017204

-0.38366500978676926 -0.1393187166017204
-0.38054578206492556 -0.13915265558950096

-0.38054578206492556 -0.13915265558950096
-0.37742655434308192 -0.13898663118894164

-0.37742655434308192 -0.13898663118894164
-0.37430732662123828 -0.13882257515293034

-0.37430732662123828 -0.13882257515293034
-0.37118809889939464 -0.13866241839143814

-0.37118809889939464 -0.13866241839143814
-0.36806887117755099 -0.13850800667720106

-0.36806887117755099 -0.13850800667720106
-0.36494964345570735 -0.13836096120233873

-0.36494964345570735 -0.13836096120233873
-0.36183041573386365 -0.13822250841893841

-0.36183041573386365 -0.13822250841893841
-0.35871118801202001 -0.13809342747919731

-0.35871118801202001 -0.13809342747919731
-0.35559196029017637 -0.13797407256040339

-0.35559196029017637 -0.13797407256040339
-0.35247273256833273 -0.1378644312387467

-0.35247273256833273 -0.1378644312387467
-0.34935350484648908 -0.13776421371542

-0.34935350484648908 -0.13776421371542
-0.34623427712464538 -0.13767295772127097

-0.34623427712464538 -0.13767295772127097
-0.34311504940280174 -0.13759014487646568

-0.34311504940280174 -0.13759014487646568
-0.3399958216809581 -0.137515342311686

-0.3399958216809581 -0.137515342311686
-0.33687659395911446 -0.13744836397527518

-0.33687659395911446 -0.13744836397527518
-0.33375736623727081 -0.13738941845632452

-0.33375736623727081 -0.13738941845632452
-0.33063813851542717 -0.13733916276537209

-0.33063813851542717 -0.13733916276537209
-0.32751891079358347 -0.13729861491338152

-0.32751891079358347 -0.13729861491338152
-0.32439968307173983 -0.13726923675699088

-0.32439968307173983 -0.13726923675699088
-0.32128045534989619 -0.13725287640995093

-0.32128045534989619 -0.13725287640995093
-0.31816122762805255 -0.13725110517670519

-0.31816122762805255 -0.13725110517670519
-0.3150419999062089 -0.13726490055375024

-0.3150419999062089 -0.13726490055375024
-0.31192277218436526 -0.13729493049679412

-0.31192277218436526 -0.13729493049679412
-0.30880354446252156 -0.13734138725202027

-0.30880354446252156 -0.13734138725202027
-0.30568431674067792 -0.13740349747522043

-0.30568431674067792 -0.13740349747522043
-0.30256508901883428 -0.13747955358401731

-0.30256508901883428 -0.13747955358401731
-0.29944586129699063 -0.13756725032655512

-0.29944586129699063 -0.13756725032655512
-0.29632663357514699 -0.13766399119662751

-0.29632663357514699 -0.13766399119662751
-0.29320740585330335 -0.13776724133466769

-0.29320740585330335 -0.13776724133466769
-0.29008817813145965 -0.13787484331852523

-0.29008817813145965 -0.13787484331852523
-0.28696895040961601 -0.13798521162496011

-0.28696895040961601 -0.13798521162496011
-0.28384972268777237 -0.13809742715456982

-0.28384972268777237 -0.13809742715456982
-0.28073049496592872 -0.13821121100171743

-0.28073049496592872 -0.13821121100171743
-0.27761126724408508 -0.13832677383059627

-0.27761126724408508 -0.13832677383059627
-0.27449203952224144 -0.13844459076168331

-0.27449203952224144 -0.13844459076168331
-0.27137281180039774 -0.1385651823948488

-0.27137281180039774 -0.1385651823948488
-0.2682535840785541 -0.13868885632587791

-0.2682535840785541 -0.13868885632587791
-0.26513435635671045 -0.13881545183299543

-0.26513435635671045 -0.13881545183299543
-0.26201512863486681 -0.13894416165043103

-0.26201512863486681 -0.13894416165043103
-0.25889590091302317 -0.13907357355739325

-0.25889590091302317 -0.13907357355739325
-0.25577667319117953 -0.13920183552965193

-0.25577667319117953 -0.13920183552965193
-0.25265744546933583 -0.13932678739489773

-0.25265744546933583 -0.13932678739489773
-0.24953821774749216 -0.13944609884068179

-0.24953821774749216 -0.13944609884068179
-0.24641899002564852 -0.13955738562307374

-0.24641899002564852 -0.13955738562307374
-0.24329976230380487 -0.13965838981065767

-0.24329976230380487 -0.13965838981065767
-0.2401805345819612 -0.13974716517595775

-0.2401805345819612 -0.13974716517595775
-0.23706130686011756 -0.139822194439961

-0.23706130686011756 -0.139822194439961
-0.23394207913827392 -0.13988244879900111

-0.23394207913827392 -0.13988244879900111
-0.23082285141643025 -0.13992740604897905

-0.23082285141643025 -0.13992740604897905
-0.2277036236945866 -0.13995700369545758

-0.2277036236945866 -0.13995700369545758
-0.22458439597274296 -0.139971509974019

-0.22458439597274296 -0.139971509974019
-0.22146516825089929 -0.13997135268132477

-0.22146516825089929 -0.13997135268132477
-0.21834594052905565 -0.13995698021285882

-0.21834594052905565 -0.13995698021285882
-0.21522671280721201 -0.13992877608718002

-0.21522671280721201 -0.13992877608718002
-0.21210748508536834 -0.13988697092398092

-0.21210748508536834 -0.13988697092398092
-0.20898825736352469 -0.13983151301351721

-0.20898825736352469 -0.13983151301351721
-0.20586902964168105 -0.13976196370062666

-0.20586902964168105 -0.13976196370062666
-0.20274980191983738 -0.13967753450234324

-0.20274980191983738 -0.13967753450234324
-0.19963057419799374 -0.13957726912699336

-0.19963057419799374 -0.13957726912699336
-0.19651134647615007 -0.13946025313612695

-0.19651134647615007 -0.13946025313612695
-0.19339211875430642 -0.13932576762269402

-0.19339211875430642 -0.13932576762269402
-0.19027289103246278 -0.1391734035259625

-0.19027289103246278 -0.1391734035259625
-0.18715366331061911 -0.13900319452019064

-0.18715366331061911 -0.13900319452019064
-0.18403443558877547 -0.13881579552965254

-0.18403443558877547 -0.13881579552965254
-0.18091520786693183 -0.13861229124842375

-0.18091520786693183 -0.13861229124842375
-0.17779598014508816 -0.13839398914582299

-0.17779598014508816 -0.13839398914582299
-0.17467675242324451 -0.13816236781651592

-0.17467675242324451 -0.13816236781651592
-0.17155752470140087 -0.13791895009811858

-0.17155752470140087 -0.13791895009811858
-0.1684382969795572 -0.13766542064767465

-0.1684382969795572 -0.13766542064767465
-0.16531906925771356 -0.13740427826120455

-0.16531906925771356 -0.13740427826120455
-0.1634865401116416 -0.13724601976112069

-0.1634865401116416 -0.13724601976112069
-0.16219984153586992 -0.13713445007619612

-0.16219984153586992 -0.13713445007619612
-0.15908061381402624 -0.13686087196464714

-0.15908061381402624 -0.13686087196464714
-0.1559613860921826 -0.13658106917679649

-0.1559613860921826 -0.13658106917679649
-0.15284215837033896 -0.13629652327550093

-0.15284215837033896 -0.13629652327550093
-0.14972293064849529 -0.13600741967767699

-0.14972293064849529 -0.13600741967767699
-0.14660370292665165 -0.13571371971129767

-0.14660370292665165 -0.13571371971129767
-0.143484475204808 -0.13541532024721947

-0.143484475204808 -0.13541532024721947
-0.14036524748296433 -0.13511230715864872

-0.14036524748296433 -0.13511230715864872
-0.13724601976112069 -0.13480527001872925

-0.13724601976112069 -0.13480527001872925
-0.13412679203927705 -0.13449525557074046

-0.13412679203927705 -0.13449525557074046
-0.13100756431743338 -0.13418474020584215

-0.13100756431743338 -0.13418474020584215
-0.1304372630671323 -0.13412679203927705

-0.1304372630671323 -0.13412679203927705
-0.12788833659558974 -0.1338719058102564

-0.12788833659558974 -0.1338719058102564
-0.12476910887374608 -0.13356145551807491

-0.12476910887374608 -0.13356145551807491
-0.12164988115190242 -0.13325329143658851

-0.12164988115190242 -0.13325329143658851
-0.11853065343005878 -0.13294899669799365

-0.11853065343005878 -0.13294899669799365
-0.11541142570821512 -0.13264975033286849

-0.11541142570821512 -0.13264975033286849
-0.11229219798637147 -0.13235642590374358

-0.11229219798637147 -0.13235642590374358
-0.10917297026452782 -0.13206949104674515

-0.10917297026452782 -0.13206949104674515
-0.10605374254268417 -0.13178903466295869

-0.10605374254268417 -0.13178903466295869
-0.10293451482084051 -0.13151490060846535

-0.10293451482084051 -0.13151490060846535
-0.099815287098996869 -0.13124691106214323

-0.099815287098996869 -0.13124691106214323
-0.096965918438395679 -0.13100756431743338

-0.096965918438395679 -0.13100756431743338
-0.096696059377153212 -0.13098450127481689

-0.096696059377153212 -0.13098450127481689
-0.093576831655309556 -0.13072900886035696

-0.093576831655309556 -0.13072900886035696
-0.090457603933465913 -0.13047917337333995

-0.090457603933465913 -0.13047917337333995
-0.087338376211622257 -0.1302352424413184

-0.087338376211622257 -0.1302352424413184
-0.0842191484897786 -0.12999688294979164

-0.0842191484897786 -0.12999688294979164
-0.081099920767934958 -0.12976360272291224

-0.081099920767934958 -0.12976360272291224
-0.077980693046091301 -0.12953488251094486

-0.077980693046091301 -0.12953488251094486
-0.074861465324247645 -0.12931031287365158

-0.074861465324247645 -0.12931031287365158
-0.071742237602403988 -0.12908966758610699

-0.071742237602403988 -0.12908966758610699
-0.068623009880560346 -0.12887294836315247

-0.068623009880560346 -0.12887294836315247
-0.065503782158716689 -0.12866040798338688

-0.065503782158716689 -0.12866040798338688
-0.062384554436873046 -0.12845247611917729

-0.062384554436873046 -0.12845247611917729
-0.05926532671502939 -0.12824958418998197

-0.05926532671502939 -0.12824958418998197
-0.05614609899318574 -0.12805202715563824

-0.05614609899318574 -0.12805202715563824
-0.053495467913427991 -0.12788833659558974

-0.053495467913427991 -0.12788833659558974
-0.053026871271342091 -0.12785908804804555

-0.053026871271342091 -0.12785908804804555
-0.049907643549498434 -0.12767135041712613

-0.049907643549498434 -0.12767135041712613
-0.046788415827654785 -0.12748678329683599

-0.046788415827654785 -0.12748678329683599
-0.043669188105811135 -0.12730419078072505

-0.043669188105811135 -0.12730419078072505
-0.040549960383967479 -0.12712170082065063

-0.040549960383967479 -0.12712170082065063
-0.037430732662123829 -0.12693724420583222

-0.037430732662123829 -0.12693724420583222
-0.034311504940280173 -0.1267487263156431

-0.034311504940280173 -0.1267487263156431
-0.03119227721843652 -0.12655422715885392

-0.03119227721843652 -0.12655422715885392
-0.028073049496592867 -0.12635217025935941

-0.028073049496592867 -0.12635217025935941
-0.024953821774749217 -0.12614143737125599

-0.024953821774749217 -0.12614143737125599
-0.021834594052905564 -0.12592141734604581

-0.021834594052905564 -0.12592141734604581
-0.018715366331061911 -0.12569198569044793

-0.018715366331061911 -0.12569198569044793
-0.015596138609218262 -0.12545341390647982

-0.015596138609218262 -0.12545341390647982
-0.012476910887374609 -0.12520630620553516

-0.012476910887374609 -0.12520630620553516
-0.0093576831655309573 -0.12495189700342992

-0.0093576831655309573 -0.12495189700342992
-0.0071827949942176068 -0.12476910887374608

-0.0071827949942176068 -0.12476910887374608
-0.0062384554436873043 -0.12468905710354353

-0.0062384554436873043 -0.12468905710354353
-0.0031192277218436521 -0.12442188383737268

-0.0031192277218436521 -0.12442188383737268
0 -0.12414804319692457

0 -0.12414804319692457
0.0031192277218436517 -0.12386861347581986

0.0031192277218436517 -0.12386861347581986
0.0062384554436873043 -0.12358341728781874

0.0062384554436873043 -0.12358341728781874
0.0093576831655309556 -0.12329192006059241

0.0093576831655309556 -0.12329192006059241
0.012476910887374609 -0.12299319137580585

0.012476910887374609 -0.12299319137580585
0.01559613860921826 -0.12268608340917955

0.01559613860921826 -0.12268608340917955
0.018715366331061915 -0.12236957866336287

0.018715366331061915 -0.12236957866336287
0.021834594052905568 -0.12204286935102786

0.021834594052905568 -0.12204286935102786
0.024953821774749217 -0.12170653601227829

0.024953821774749217 -0.12170653601227829
0.025450445674963684 -0.12164988115190242

0.025450445674963684 -0.12164988115190242
0.02807304949659287 -0.12135625643743164

0.02807304949659287 -0.12135625643743164
0.03119227721843652 -0.12099533652017429

0.03119227721843652 -0.12099533652017429
0.034311504940280173 -0.12062203240813164

0.034311504940280173 -0.12062203240813164
0.037430732662123822 -0.12023698609236674

0.037430732662123822 -0.12023698609236674
0.040549960383967479 -0.11984088420361495

0.040549960383967479 -0.11984088420361495
0.043669188105811128 -0.11943473549983329

0.043669188105811128 -0.11943473549983329
0.046788415827654778 -0.11901968942417432

0.046788415827654778 -0.11901968942417432
0.049907643549498434 -0.11859862627916279

0.049907643549498434 -0.11859862627916279
0.050388699398997566 -0.11853065343005878

0.050388699398997566 -0.11853065343005878
0.053026871271342084 -0.11816666137976746

0.053026871271342084 -0.11816666137976746
0.056146098993185733 -0.11773002594040226

0.056146098993185733 -0.11773002594040226
0.05926532671502939 -0.11728714908140797

0.05926532671502939 -0.11728714908140797
0.06238455443687304 -0.11683924699605543

0.06238455443687304 -0.11683924699605543
0.065503782158716703 -0.11638725277765954

0.065503782158716703 -0.11638725277765954
0.068623009880560346 -0.11593223282831662

0.068623009880560346 -0.11593223282831662
0.071742237602404002 -0.11547698682844529

0.071742237602404002 -0.11547698682844529
0.072175841449066427 -0.11541142570821512

0.072175841449066427 -0.11541142570821512
0.074861465324247659 -0.11501611334854449

0.074861465324247659 -0.11501611334854449
0.077980693046091315 -0.11455580681123161

0.077980693046091315 -0.11455580681123161
0.081099920767934958 -0.1140938331042009

0.081099920767934958 -0.1140938331042009
0.084219148489778614 -0.11363072738780494

0.084219148489778614 -0.11363072738780494
0.087338376211622271 -0.11316678464195709

0.087338376211622271 -0.11316678464195709
0.090457603933465913 -0.1127025924594061

0.090457603933465913 -0.1127025924594061
0.093212200457988753 -0.11229219798637147

0.093212200457988753 -0.11229219798637147
0.09357683165530957 -0.11223627738714537

0.09357683165530957 -0.11223627738714537
0.096696059377153226 -0.11177333283654795

0.096696059377153226 -0.11177333283654795
0.099815287098996869 -0.11130899603577196

0.099815287098996869 -0.11130899603577196
0.10293451482084053 -0.11084558293299063

0.10293451482084053 -0.11084558293299063
0.10605374254268418 -0.11038390113396156

0.10605374254268418 -0.11038390113396156
0.10917297026452782 -0.10992489883699141

0.10917297026452782 -0.10992489883699141
0.11229219798637148 -0.10947086207571657

0.11229219798637148 -0.10947086207571657
0.11434436692156952 -0.10917297026452782

0.11434436692156952 -0.10917297026452782
0.11541142570821514 -0.10901631063444348

0.11541142570821514 -0.10901631063444348
0.11853065343005878 -0.10857264096000283

0.11853065343005878 -0.10857264096000283
0.12164988115190244 -0.10813142030258177

0.12164988115190244 -0.10813142030258177
0.12476910887374609 -0.10769493625077735

0.12476910887374609 -0.10769493625077735
0.12788833659558974 -0.10726263793057221

0.12788833659558974 -0.10726263793057221
0.13100756431743341 -0.10683363492156431

0.13100756431743341 -0.10683363492156431
0.13412679203927705 -0.10640714618042905

0.13412679203927705 -0.10640714618042905
0.13671306972820479 -0.10605374254268417

0.13671306972820479 -0.10605374254268417
0.13724601976112069 -0.10597924320777746

0.13724601976112069 -0.10597924320777746
0.14036524748296436 -0.10555515222612516

0.14036524748296436 -0.10555515222612516
0.143484475204808 -0.10512856854210451

0.143484475204808 -0.10512856854210451
0.14660370292665165 -0.10470082338602411

0.14660370292665165 -0.10470082338602411
0.14972293064849532 -0.10427189265894544

0.14972293064849532 -0.10427189265894544
0.15284215837033896 -0.10384216848711296

0.15284215837033896 -0.10384216848711296
0.1559613860921826 -0.10341233630190348

0.1559613860921826 -0.10341233630190348
0.15908061381402627 -0.10298456379320024

0.15908061381402627 -0.10298456379320024
0.15943558557168716 -0.10293451482084051

0.15943558557168716 -0.10293451482084051
0.16219984153586992 -0.10255511995830642

0.16219984153586992 -0.10255511995830642
0.16531906925771356 -0.10212886257607909

0.16531906925771356 -0.10212886257607909
0.16843829697955723 -0.10170413915920254

0.16843829697955723 -0.10170413915920254
0.17155752470140087 -0.10128074593642311

0.17155752470140087 -0.10128074593642311
0.17467675242324451 -0.10085760006586864

0.17467675242324451 -0.10085760006586864
0.17779598014508818 -0.10043299863351118

0.17779598014508818 -0.10043299863351118
0.18091520786693183 -0.10000692967698975

0.18091520786693183 -0.10000692967698975
0.18227725157179736 -0.099815287098996869

0.18227725157179736 -0.099815287098996869
0.18403443558877547 -0.099569072558979441

0.18403443558877547 -0.099569072558979441
0.18715366331061914 -0.099128432586353107

0.18715366331061914 -0.099128432586353107
0.19027289103246278 -0.098676182044949171

0.19027289103246278 -0.098676182044949171
0.19339211875430642 -0.098212843370177522

0.19339211875430642 -0.098212843370177522
0.19651134647615009 -0.097737978944651055

0.19651134647615009 -0.097737978944651055
0.19963057419799374 -0.097251907853069017

0.19963057419799374 -0.097251907853069017
0.20274980191983741 -0.096757836394832167

0.20274980191983741 -0.096757836394832167
0.20311975821049535 -0.096696059377153212

0.20311975821049535 -0.096696059377153212
0.20586902964168105 -0.096250993128943779

0.20586902964168105 -0.096250993128943779
0.20898825736352469 -0.095739452134244854

0.20898825736352469 -0.095739452134244854
0.21210748508536836 -0.095222689584415876

0.21210748508536836 -0.095222689584415876
0.21522671280721201 -0.0947029513078253

0.21522671280721201 -0.0947029513078253
0.21834594052905565 -0.094181667157366256

0.21834594052905565 -0.094181667157366256
0.22146516825089932 -0.093662266675164876

0.22146516825089932 -0.093662266675164876
0.22195935286509683 -0.093576831655309556

0.22195935286509683 -0.093576831655309556
0.22458439597274296 -0.093135986025489059

0.22458439597274296 -0.093135986025489059
0.2277036236945866 -0.092610398001465394

0.2277036236945866 -0.092610398001465394
0.23082285141643027 -0.092080368641244123

0.23082285141643027 -0.092080368641244123
0.23394207913827392 -0.091544872268645924

0.23394207913827392 -0.091544872268645924
0.23706130686011756 -0.091002325616236848

0.23706130686011756 -0.091002325616236848
0.24014441872958092 -0.090457603933465913

0.24014441872958092 -0.090457603933465913
0.24018053458196123 -0.090450932680797055

0.24018053458196123 -0.090450932680797055
0.24329976230380487 -0.089889950600495525

0.24329976230380487 -0.089889950600495525
0.24641899002564852 -0.089317662896161609

0.24641899002564852 -0.089317662896161609
0.24953821774749216 -0.088734498879565318

0.24953821774749216 -0.088734498879565318
0.25265744546933583 -0.088141472320711969

0.25265744546933583 -0.088141472320711969
0.25577667319117947 -0.087545330756800016

0.25577667319117947 -0.087545330756800016
0.25681853622087952 -0.087338376211622257

0.25681853622087952 -0.087338376211622257
0.25889590091302311 -0.086932335471881131

0.25889590091302311 -0.086932335471881131
0.26201512863486676 -0.086323512892949317

0.26201512863486676 -0.086323512892949317
0.2651343563567104 -0.085709470889227979

0.2651343563567104 -0.085709470889227979
0.26825358407855404 -0.085094519764036078

0.26825358407855404 -0.085094519764036078
0.27137281180039774 -0.084484698534096236

0.27137281180039774 -0.084484698534096236
0.27270323752474168 -0.0842191484897786

0.27270323752474168 -0.0842191484897786
0.27449203952224138 -0.0838647281562164

0.27449203952224138 -0.0838647281562164
0.27761126724408502 -0.083256397858376227

0.27761126724408502 -0.083256397858376227
0.28073049496592867 -0.082645629214559715

0.28073049496592867 -0.082645629214559715
0.28384972268777231 -0.082035718386648179

0.28384972268777231 -0.082035718386648179
0.28696895040961595 -0.081430299455857211

0.28696895040961595 -0.081430299455857211
0.28864744789748875 -0.081099920767934958

0.28864744789748875 -0.081099920767934958
0.29008817813145965 -0.080815286383183027

0.29008817813145965 -0.080815286383183027
0.29320740585330329 -0.080212491882326389

0.29320740585330329 -0.080212491882326389
0.29632663357514694 -0.079606617421676837

0.29632663357514694 -0.079606617421676837
0.29944586129699058 -0.079002123744428526

0.29944586129699058 -0.079002123744428526
0.30256508901883422 -0.078401392802282893

0.30256508901883422 -0.078401392802282893
0.30474131363440243 -0.077980693046091301

0.30474131363440243 -0.077980693046091301
0.30568431674067786 -0.077794860861416654

0.30568431674067786 -0.077794860861416654
0.30880354446252156 -0.077201140134101051

0.30880354446252156 -0.077201140134101051
0.3119227721843652 -0.076605711232624801

0.3119227721843652 -0.076605711232624801
0.31504199990620885 -0.076013077037673488

0.31504199990620885 -0.076013077037673488
0.31816122762805249 -0.075423246127123533

0.31816122762805249 -0.075423246127123533
0.32114389012398381 -0.074861465324247645

0.32114389012398381 -0.074861465324247645
0.32128045534989613 -0.074834591167443329

0.32128045534989613 -0.074834591167443329
0.32439968307173978 -0.074250253136753902

0.32439968307173978 -0.074250253136753902
0.32751891079358347 -0.07366638048876295

0.32751891079358347 -0.07366638048876295
0.33063813851542712 -0.073083800431556822

0.33063813851542712 -0.073083800431556822
0.33375736623727076 -0.072502060320928069

0.33375736623727076 -0.072502060320928069
0.3368765939591144 -0.071924891876114005

0.3368765939591144 -0.071924891876114005
0.33783461937734416 -0.071742237602403988

0.33783461937734416 -0.071742237602403988
0.33999582168095804 -0.071337617816242496

0.33999582168095804 -0.071337617816242496
0.34311504940280169 -0.070756934989405815

0.34311504940280169 -0.070756934989405815
0.34623427712464538 -0.070172681167326695

0.34623427712464538 -0.070172681167326695
0.34935350484648903 -0.0695860243348628

0.34935350484648903 -0.0695860243348628
0.35247273256833267 -0.068998751154381199

0.35247273256833267 -0.068998751154381199
0.35443409788826846 -0.068623009880560346

0.35443409788826846 -0.068623009880560346
0.35559196029017631 -0.06839838500482788

0.35559196029017631 -0.06839838500482788
0.35871118801201995 -0.067804286489615395

0.35871118801201995 -0.067804286489615395
0.36183041573386365 -0.067201017140939373

0.36183041573386365 -0.067201017140939373
0.3649496434557073 -0.066593032390909718

0.3649496434557073 -0.066593032390909718
0.36806887117755094 -0.065982209412433379

0.36806887117755094 -0.065982209412433379
0.37048738381942176 -0.065503782158716689

0.37048738381942176 -0.065503782158716689
0.37118809889939458 -0.065361266633561524

0.37118809889939458 -0.065361266633561524
0.37430732662123822 -0.064746820961828475

0.37430732662123822 -0.064746820961828475
0.37742655434308187 -0.064125602871903747

0.37742655434308187 -0.064125602871903747
0.38054578206492556 -0.063502583112980945

0.38054578206492556 -0.063502583112980945
0.38366500978676921 -0.062879266965627262

0.38366500978676921 -0.062879266965627262
0.3861234811277594 -0.062384554436873046

0.3861234811277594 -0.062384554436873046
0.38678423750861285 -0.062247608189139519

0.38678423750861285 -0.062247608189139519
0.38990346523045649 -0.061622410514449992

0.38990346523045649 -0.061622410514449992
0.39302269295230013 -0.060988332877649445

0.39302269295230013 -0.060988332877649445
0.39614192067414378 -0.060348474099549632

0.39614192067414378 -0.060348474099549632
0.39926114839598748 -0.059704277096345577

0.39926114839598748 -0.059704277096345577
0.40134004297155079 -0.05926532671502939

0.40134004297155079 -0.05926532671502939
0.40238037611783112 -0.059041651782851527

0.40238037611783112 -0.059041651782851527
0.40549960383967476 -0.058382386713782389

0.40549960383967476 -0.058382386713782389
0.4086188315615184 -0.057707352515063016

0.4086188315615184 -0.057707352515063016
0.41173805928336205 -0.057021960795814064

0.41173805928336205 -0.057021960795814064
0.41485728700520569 -0.056333291925626305

0.41485728700520569 -0.056333291925626305
0.41566308824895309 -0.05614609899318574

0.41566308824895309 -0.05614609899318574
0.41797651472704939 -0.055623185745550772

0.41797651472704939 -0.055623185745550772
0.42109574244889303 -0.05491594581967342

0.42109574244889303 -0.05491594581967342
0.42421497017073667 -0.054201892209769217

0.42421497017073667 -0.054201892209769217
0.42733419789258031 -0.053489332656518264

0.42733419789258031 -0.053489332656518264
0.42933455418819472 -0.053026871271342091

0.42933455418819472 -0.053026871271342091
0.43045342561442396 -0.052763913395531457

0.43045342561442396 -0.052763913395531457
0.4335726533362676 -0.05205501541305315

0.4335726533362676 -0.05205501541305315
0.4366918810581113 -0.051340891904683959

0.4366918810581113 -0.051340891904683959
0.43981110877995494 -0.050628184694804915

0.43981110877995494 -0.050628184694804915
0.44293033650179858 -0.049917451806652254

0.44293033650179858 -0.049917451806652254
0.44297095816053267 -0.049907643549498434

0.44297095816053267 -0.049907643549498434
0.44604956422364223 -0.049205533075427008

0.44604956422364223 -0.049205533075427008
0.44916879194548587 -0.048492050889049232

0.44916879194548587 -0.048492050889049232
0.45228801966732957 -0.047775043611542528

0.45228801966732957 -0.047775043611542528
0.45540724738917321 -0.047059477938370481

0.45540724738917321 -0.047059477938370481
0.45654150727718928 -0.046788415827654785

0.45654150727718928 -0.046788415827654785
0.45852647511101685 -0.046321531458046815

0.45852647511101685 -0.046321531458046815
0.46164570283286049 -0.045590420535623399

0.46164570283286049 -0.045590420535623399
0.46476493055470414 -0.044849481765776793

0.46476493055470414 -0.044849481765776793
0.46788415827654778 -0.04410831707233704

0.46788415827654778 -0.04410831707233704
0.46969366484287539 -0.043669188105811135

0.46969366484287539 -0.043669188105811135
0.47100338599839148 -0.043348193119853259

0.47100338599839148 -0.043348193119853259
0.47412261372023512 -0.042604090271010586

0.47412261372023512 -0.042604090271010586
0.47724184144207876 -0.041854080182944557

0.47724184144207876 -0.041854080182944557
0.48036106916392241 -0.041109346638832395

0.48036106916392241 -0.041109346638832395
0.48270475778444866 -0.040549960383967479

0.48270475778444866 -0.040549960383967479
0.48348029688576605 -0.04035917824547415

0.48348029688576605 -0.04035917824547415
0.48659952460760969 -0.039629727245453855

0.48659952460760969 -0.039629727245453855
0.48971875232945339 -0.038899980125571387

0.48971875232945339 -0.038899980125571387
0.49283798005129703 -0.038176223340235675

0.49283798005129703 -0.038176223340235675
0.49595720777314067 -0.037459246025035892

0.49595720777314067 -0.037459246025035892
0.49607495036491467 -0.037430732662123829

0.49607495036491467 -0.037430732662123829
0.49907643549498437 -0.03674244506418408

0.49907643549498437 -0.03674244506418408
0.50219566321682796 -0.036028137828945477

0.50219566321682796 -0.036028137828945477
0.50531489093867166 -0.035312858931092365

0.50531489093867166 -0.035312858931092365
0.50843411866051524 -0.034601134749418568

0.50843411866051524 -0.034601134749418568
0.50965887850393365 -0.034311504940280173

0.50965887850393365 -0.034311504940280173
0.51155334638235894 -0.033869028647942299

0.51155334638235894 -0.033869028647942299
0.51467257410420253 -0.033145661392020895

0.51467257410420253 -0.033145661392020895
0.51779180182604623 -0.032412828643818344

0.51779180182604623 -0.032412828643818344
0.52091102954788993 -0.03167871858033789

0.52091102954788993 -0.03167871858033789
0.52294231612600817 -0.03119227721843652

0.52294231612600817 -0.03119227721843652
0.52403025726973351 -0.030926897367946193

0.52403025726973351 -0.030926897367946193
0.52714948499157721 -0.030188795162546005

0.52714948499157721 -0.030188795162546005
0.5302687127134208 -0.029442284462534857

0.5302687127134208 -0.029442284462534857
0.5333879404352645 -0.028697356313424377

0.5333879404352645 -0.028697356313424377
0.53600254785399537 -0.028073049496592867

0.53600254785399537 -0.028073049496592867
0.53650716815710819 -0.027947503214635936

0.53650716815710819 -0.027947503214635936
0.53962639587895178 -0.027212050514797925

0.53962639587895178 -0.027212050514797925
0.54274562360079548 -0.026474563067343471

0.54274562360079548 -0.026474563067343471
0.54586485132263907 -0.02574072408906369

0.54586485132263907 -0.02574072408906369
0.54898407904448276 -0.025013522258105322

0.54898407904448276 -0.025013522258105322
0.54922716853720333 -0.024953821774749217

0.54922716853720333 -0.024953821774749217
0.55210330676632646 -0.024282290578427485

0.55210330676632646 -0.024282290578427485
0.55522253448817005 -0.023554546299765191

0.55522253448817005 -0.023554546299765191
0.55834176221001375 -0.022825133629320035

0.55834176221001375 -0.022825133629320035
0.56146098993185733 -0.022099198395389767

0.56146098993185733 -0.022099198395389767
0.56255241568491077 -0.021834594052905564

0.56255241568491077 -0.021834594052905564
0.56458021765370103 -0.021351641968191639

0.56458021765370103 -0.021351641968191639
0.56769944537554462 -0.020610769146827732

0.56769944537554462 -0.020610769146827732
0.57081867309738832 -0.019858378840519365

0.57081867309738832 -0.019858378840519365
0.57393790081923202 -0.019104085934942807

0.57393790081923202 -0.019104085934942807
0.57549256364094026 -0.018715366331061911

0.57549256364094026 -0.018715366331061911
0.5770571285410756 -0.018324122255846474

0.5770571285410756 -0.018324122255846474
0.5801763562629193 -0.017554671246218921

0.5801763562629193 -0.017554671246218921
0.58329558398476289 -0.016773133439999179

0.58329558398476289 -0.016773133439999179
0.58641481170660659 -0.015994261068422798

0.58641481170660659 -0.015994261068422798
0.58796760869339948 -0.015596138609218262

0.58796760869339948 -0.015596138609218262
0.58953403942845028 -0.015194612402732982

0.58953403942845028 -0.015194612402732982
0.59265326715029387 -0.014413037892448705

0.59265326715029387 -0.014413037892448705
0.59577249487213757 -0.01362565328016495

0.59577249487213757 -0.01362565328016495
0.59889172259398116 -0.012847484430446053

0.59889172259398116 -0.012847484430446053
0.60034497396561026 -0.012476910887374609

0.60034497396561026 -0.012476910887374609
0.60201095031582486 -0.012053996697629582

0.60201095031582486 -0.012053996697629582
0.60513017803766844 -0.011281680048776981

0.60513017803766844 -0.011281680048776981
0.60824940575951214 -0.010505728614265143

0.60824940575951214 -0.010505728614265143
0.61136863348135584 -0.0097379336397627626

0.61136863348135584 -0.0097379336397627626
0.61287814145039854 -0.0093576831655309573

0.61287814145039854 -0.0093576831655309573
0.61448786120319943 -0.0089530161536805174

0.61448786120319943 -0.0089530161536805174
0.61760708892504312 -0.0081855521345808487

0.61760708892504312 -0.0081855521345808487
0.62072631664688671 -0.007410121884997907

0.62072631664688671 -0.007410121884997907
0.62384554436873041 -0.0066380806864944145

0.62384554436873041 -0.0066380806864944145
0.62541613091061299 -0.0062384554436873043

0.62541613091061299 -0.0062384554436873043
0.62696477209057411 -0.0058441731972245781

0.62696477209057411 -0.0058441731972245781
0.63008399981241769 -0.0050646570508122036

0.63008399981241769 -0.0050646570508122036
0.63320322753426139 -0.0042746884916788066

0.63320322753426139 -0.0042746884916788066
0.63632245525610498 -0.0034884705518680721

0.63632245525610498 -0.0034884705518680721
0.63774261478455141 -0.0031192277218436521

0.63774261478455141 -0.0031192277218436521
0.63944168297794868 -0.0026799752923575165

0.63944168297794868 -0.0026799752923575165
0.64256091069979226 -0.0018877149028405412

0.64256091069979226 -0.0018877149028405412
0.64568013842163596 -0.0010882695672238868

0.64568013842163596 -0.0010882695672238868
0.64879936614347966 -0.00029678968728794996

0.64879936614347966 -0.00029678968728794996
0.6499291646672557 0

0.6499291646672557 0
0.65191859386532325 0.00051329140345811796

0.65191859386532325 0.00051329140345811796
0.65503782158716695 0.0013056642836801889

0.65503782158716695 0.0013056642836801889
0.65815704930901053 0.0021005390899101334

0.65815704930901053 0.0021005390899101334
0.66127627703085423 0.0028855015181801489

0.66127627703085423 0.0028855015181801489
0.66216880343739892 0.0031192277218436517

0.66216880343739892 0.0031192277218436517
0.66439550475269793 0.0036864137767528148

0.66439550475269793 0.0036864137767528148
0.66751473247454152 0.0044725985098862144

0.66751473247454152 0.0044725985098862144
0.67063396019638521 0.0052609640281675984

0.67063396019638521 0.0052609640281675984
0.6737531879182288 0.0060419088245747318

0.6737531879182288 0.0060419088245747318
0.67450171871486364 0.0062384554436873043

0.67450171871486364 0.0062384554436873043
0.6768724156400725 0.006840445281832799

0.6768724156400725 0.006840445281832799
0.6799916433619162 0.0076302030643527257

0.6799916433619162 0.0076302030643527257
0.68311087108375979 0.0084259825941008452

0.68311087108375979 0.0084259825941008452
0.68623009880560348 0.009219858320226669

0.68623009880560348 0.009219858320226669
0.68674009913051404 0.0093576831655309556

0.68674009913051404 0.0093576831655309556
0.68934932652744707 0.010032295630278444

0.68934932652744707 0.010032295630278444
0.69246855424929077 0.010841769765507887

0.69246855424929077 0.010841769765507887
0.69558778197113436 0.011657959581199159

0.69558778197113436 0.011657959581199159
0.69869738800795034 0.012476910887374609

0.69869738800795034 0.012476910887374609
0.69870700969297805 0.012479622893180269

0.69870700969297805 0.012479622893180269
0.70182623741482175 0.013305943930777425

0.70182623741482175 0.013305943930777425
0.70494546513666534 0.014136500755634052

0.70494546513666534 0.014136500755634052
0.70806469285850904 0.014966871056239419

0.70806469285850904 0.014966871056239419
0.71040774878058022 0.01559613860921826

0.71040774878058022 0.01559613860921826
0.71118392058035262 0.015811877108651701

0.71118392058035262 0.015811877108651701
0.71430314830219632 0.016638864688908208

0.71430314830219632 0.016638864688908208
0.71742237602404002 0.017474382437617904

0.71742237602404002 0.017474382437617904
0.72054160374588361 0.018301779331451166

0.72054160374588361 0.018301779331451166
0.72206327369899015 0.018715366331061915

0.72206327369899015 0.018715366331061915
0.72366083146772731 0.019148829419833188

0.72366083146772731 0.019148829419833188
0.72678005918957089 0.019973281286803962

0.72678005918957089 0.019973281286803962
0.72989928691141459 0.020803690782406313

0.72989928691141459 0.020803690782406313
0.73301851463325818 0.02162588198823576

0.73301851463325818 0.02162588198823576
0.73377189039205015 0.021834594052905568

0.73377189039205015 0.021834594052905568
0.73613774235510188 0.022467407689881806

0.73613774235510188 0.022467407689881806
0.73925697007694557 0.023298461570836277

0.73925697007694557 0.023298461570836277
0.74237619779878916 0.024135582505451971

0.74237619779878916 0.024135582505451971
0.74540846689169815 0.024953821774749217

0.74540846689169815 0.024953821774749217
0.74549542552063286 0.024978888805173273

0.74549542552063286 0.024978888805173273
0.74861465324247645 0.025825072428722978

0.74861465324247645 0.025825072428722978
0.75173388096432014 0.026680296149271983

0.75173388096432014 0.026680296149271983
0.75485310868616384 0.027537453813875967

0.75485310868616384 0.027537453813875967
0.7567534099387514 0.02807304949659287

0.7567534099387514 0.02807304949659287
0.75797233640800743 0.02842207219176178

0.75797233640800743 0.02842207219176178
0.76109156412985113 0.029289471531260023

0.76109156412985113 0.029289471531260023
0.76421079185169472 0.030170892951313359

0.76421079185169472 0.030170892951313359
0.76733001957353841 0.031047742032102615

0.76733001957353841 0.031047742032102615
0.76781335112329985 0.03119227721843652

0.76781335112329985 0.03119227721843652
0.77044924729538211 0.031941877506765852

0.77044924729538211 0.031941877506765852
0.7735684750172257 0.032826254729235151

0.7735684750172257 0.032826254729235151
0.7766877027390694 0.033705235577245141

0.7766877027390694 0.033705235577245141
0.77882558872848706 0.034311504940280173

0.77882558872848706 0.034311504940280173
0.77980693046091298 0.034597241938571228

0.77980693046091298 0.034597241938571228
0.78292615818275668 0.035460481302877191

0.78292615818275668 0.035460481302877191
0.78604538590460027 0.036327252111729366

0.78604538590460027 0.036327252111729366
0.78916461362644397 0.037179074548882085

0.78916461362644397 0.037179074548882085
0.79005036543066443 0.037430732662123822

0.79005036543066443 0.037430732662123822
0.79228384134828767 0.0380462761076426

0.79228384134828767 0.0380462761076426
0.79540306907013125 0.038893173574428744

0.79540306907013125 0.038893173574428744
0.79852229679197495 0.039739838622487207

0.79852229679197495 0.039739838622487207
0.80151405564790335 0.040549960383967479

0.80151405564790335 0.040549960383967479
0.80164152451381854 0.040586762627369474

0.80164152451381854 0.040586762627369474
0.80476075223566224 0.041428978634205298

0.80476075223566224 0.041428978634205298
0.80787997995750593 0.042275355102549102

0.80787997995750593 0.042275355102549102
0.81099920767934952 0.043119848639246346

0.81099920767934952 0.043119848639246346
0.81298915984304232 0.043669188105811128

0.81298915984304232 0.043669188105811128
0.81411843540119322 0.043987046245327087

0.81411843540119322 0.043987046245327087
0.81723766312303681 0.044836539805386155

0.81723766312303681 0.044836539805386155
0.8203568908448805 0.045699772661745054

0.8203568908448805 0.045699772661745054
0.82347611856672409 0.046558369320165292

0.82347611856672409 0.046558369320165292
0.82426769410727352 0.046788415827654778

0.82426769410727352 0.046788415827654778
0.82659534628856779 0.047441608481790333

0.82659534628856779 0.047441608481790333
0.82971457401041149 0.04831306058812989

0.82971457401041149 0.04831306058812989
0.83283380173225507 0.049186845195579983

0.83283380173225507 0.049186845195579983
0.83540041555786193 0.049907643549498434

0.83540041555786193 0.049907643549498434
0.83595302945409877 0.050070191123286138

0.83595302945409877 0.050070191123286138
0.83907225717594236 0.050934140530794127

0.83907225717594236 0.050934140530794127
0.84219148489778606 0.051802836331627231

0.84219148489778606 0.051802836331627231
0.84531071261962976 0.052658828226915921

0.84531071261962976 0.052658828226915921
0.84661498584556005 0.053026871271342084

0.84661498584556005 0.053026871271342084
0.84842994034147334 0.0535330611648204

0.84842994034147334 0.0535330611648204
0.85154916806331704 0.054381514587368028

0.85154916806331704 0.054381514587368028
0.85466839578516063 0.055231603776881015

0.85466839578516063 0.055231603776881015
0.85778762350700433 0.056073743627821776

0.85778762350700433 0.056073743627821776
0.85803975274341526 0.056146098993185733

0.85803975274341526 0.056146098993185733
0.86090685122884802 0.056922175973796688

0.86090685122884802 0.056922175973796688
0.86402607895069161 0.057764885424505683

0.86402607895069161 0.057764885424505683
0.86714530667253531 0.058605484994725857

0.86714530667253531 0.058605484994725857
0.86957816638080265 0.05926532671502939

0.86957816638080265 0.05926532671502939
0.8702645343943789 0.059458840009923741

0.8702645343943789 0.059458840009923741
0.8733837621162226 0.060296138912237174

0.8733837621162226 0.060296138912237174
0.87650298983806618 0.06114409518581812

0.87650298983806618 0.06114409518581812
0.87962221755990988 0.061986436676143217

0.87962221755990988 0.061986436676143217
0.8810501953683697 0.06238455443687304

0.8810501953683697 0.06238455443687304
0.88274144528175358 0.062853350158276033

0.88274144528175358 0.062853350158276033
0.88586067300359717 0.063700315374571867

0.88586067300359717 0.063700315374571867
0.88897990072544086 0.064554417788669965

0.88897990072544086 0.064554417788669965
0.89209912844728445 0.065402126522858081

0.89209912844728445 0.065402126522858081
0.89245143869563404 0.065503782158716703

0.89245143869563404 0.065503782158716703
0.89521835616912815 0.066259883250214952

0.89521835616912815 0.066259883250214952
0.89833758389097185 0.067108742572942637

0.89833758389097185 0.067108742572942637
0.90145681161281543 0.067952740770081801

0.90145681161281543 0.067952740770081801
0.90393515549840509 0.068623009880560346

0.90393515549840509 0.068623009880560346
0.90457603933465913 0.068803488570037818

0.90457603933465913 0.068803488570037818
0.90769526705650272 0.069632518423831696

0.90769526705650272 0.069632518423831696
0.91081449477834642 0.070465188763863026

0.91081449477834642 0.070465188763863026
0.91393372250019 0.071287284268111095

0.91393372250019 0.071287284268111095
0.91563270116199802 0.071742237602404002

0.91563270116199802 0.071742237602404002
0.9170529502220337 0.072124771919986022

0.9170529502220337 0.072124771919986022
0.9201721779438774 0.072937411332105684

0.9201721779438774 0.072937411332105684
0.92329140566572099 0.073754958274188848

0.92329140566572099 0.073754958274188848
0.92641063338756469 0.07456260449696886

0.92641063338756469 0.07456260449696886
0.9275246575152335 0.074861465324247659

0.9275246575152335 0.074861465324247659
0.92952986110940827 0.075389264129610445

0.92952986110940827 0.075389264129610445
0.93264908883125197 0.076198630654240887

0.93264908883125197 0.076198630654240887
0.93576831655309567 0.077012868303851595

0.93576831655309567 0.077012868303851595
0.93888754427493926 0.077821295227726101

0.93888754427493926 0.077821295227726101
0.93947002231843935 0.077980693046091315

0.93947002231843935 0.077980693046091315
0.94200677199678295 0.078646393605384446

0.94200677199678295 0.078646393605384446
0.94512599971862654 0.079463224437918187

0.94512599971862654 0.079463224437918187
0.94824522744047024 0.080283252519501275

0.94824522744047024 0.080283252519501275
0.9513465809028252 0.081099920767934958

0.9513465809028252 0.081099920767934958
0.95136445516231394 0.081104955400919415

0.95136445516231394 0.081104955400919415
0.95448368288415752 0.081926943060638982

0.95448368288415752 0.081926943060638982
0.95760291060600122 0.082749463077227178

0.95760291060600122 0.082749463077227178
0.96072213832784481 0.083569112875574794

0.96072213832784481 0.083569112875574794
0.96319005977337269 0.084219148489778614

0.96319005977337269 0.084219148489778614
0.96384136604968851 0.084397518713648992

0.96384136604968851 0.084397518713648992
0.9669605937715321 0.085206394633535271

0.9669605937715321 0.085206394633535271
0.97007982149337579 0.08601880555127453

0.97007982149337579 0.08601880555127453
0.97319904921521949 0.086822127004818964

0.97319904921521949 0.086822127004818964
0.97518883422193026 0.087338376211622271

0.97518883422193026 0.087338376211622271
0.97631827693706308 0.087636681320696644

0.97631827693706308 0.087636681320696644
0.97943750465890678 0.088426344643227101

0.97943750465890678 0.088426344643227101
0.98255673238075036 0.089219479235899318

0.98255673238075036 0.089219479235899318
0.98567596010259406 0.090003658940054729

0.98567596010259406 0.090003658940054729
0.98745527396974686 0.090457603933465913

0.98745527396974686 0.090457603933465913
0.98879518782443776 0.090802513048060488

0.98879518782443776 0.090802513048060488
0.99191441554628135 0.091580498610076833

0.99191441554628135 0.091580498610076833
0.99503364326812505 0.092365598125759646

0.99503364326812505 0.092365598125759646
0.99815287098996863 0.093146235139068764

0.99815287098996863 0.093146235139068764
0.99983325220807096 0.09357683165530957

0.99983325220807096 0.09357683165530957
1.0012720987118124 0.093947416959874686

1.0012720987118124 0.093947416959874686
1.0043913264336561 0.094732521458695387

1.0043913264336561 0.094732521458695387
1.0075105541554998 0.095528226037518621

1.0075105541554998 0.095528226037518621
1.0106297818773433 0.096320709620333886

1.0106297818773433 0.096320709620333886
1.012060400095695 0.096696059377153226

1.012060400095695 0.096696059377153226
1.013749009599187 0.097136769956111688

1.013749009599187 0.097136769956111688
1.0168682373210307 0.097936985980290908

1.0168682373210307 0.097936985980290908
1.0199874650428744 0.098745633007828404

1.0199874650428744 0.098745633007828404
1.0231066927647179 0.09954783223256726

1.0231066927647179 0.09954783223256726
1.0241046010350432 0.099815287098996869

1.0241046010350432 0.099815287098996869
1.0262259204865616 0.10037044239339118

1.0262259204865616 0.10037044239339118
1.0293451482084053 0.1011776287047179

1.0293451482084053 0.1011776287047179
1.032464375930249 0.10198793502723545

1.032464375930249 0.10198793502723545
1.0355836036520927 0.10279067370940455

1.0355836036520927 0.10279067370940455
1.0361144054033102 0.10293451482084053

1.0361144054033102 0.10293451482084053
1.0387028313739362 0.10360589441440582

1.0387028313739362 0.10360589441440582
1.0418220590957799 0.10441061168886945

1.0418220590957799 0.10441061168886945
1.0449412868176235 0.10521532233920812

1.0449412868176235 0.10521532233920812
1.0480605145394672 0.1060166592858669

1.0480605145394672 0.1060166592858669
1.0481960748769825 0.10605374254268418

1.0481960748769825 0.10605374254268418
1.0511797422613109 0.10682197952282962

1.0511797422613109 0.10682197952282962
1.0542989699831544 0.107625210794807

1.0542989699831544 0.107625210794807
1.0574181977049981 0.10842891395916503

1.0574181977049981 0.10842891395916503
1.0603003286717811 0.10917297026452782

1.0603003286717811 0.10917297026452782
1.0605374254268418 0.10923772670592219

1.0605374254268418 0.10923772670592219
1.0636566531486855 0.11004097468719315

1.0636566531486855 0.11004097468719315
1.0667758808705292 0.1108500738789704

1.0667758808705292 0.1108500738789704
1.0698951085923727 0.11165944936914658

1.0698951085923727 0.11165944936914658
1.0723131089052957 0.11229219798637148

1.0723131089052957 0.11229219798637148
1.0730143363142164 0.11248256847303965

1.0730143363142164 0.11248256847303965
1.0761335640360601 0.11329105662543987

1.0761335640360601 0.11329105662543987
1.0792527917579038 0.11410887338696345

1.0792527917579038 0.11410887338696345
1.0823720194797475 0.11492253646308935

1.0823720194797475 0.11492253646308935
1.084211769026366 0.11541142570821514

1.084211769026366 0.11541142570821514
1.085491247201591 0.11575554519689797

1.085491247201591 0.11575554519689797
1.0886104749234347 0.11656808681889443

1.0886104749234347 0.11656808681889443
1.0917297026452784 0.11738866436635477

1.0917297026452784 0.11738866436635477
1.0948489303671221 0.11820084971115952

1.0948489303671221 0.11820084971115952
1.0960742702225383 0.11853065343005878

1.0960742702225383 0.11853065343005878
1.0979681580889658 0.11903312905931521

1.0979681580889658 0.11903312905931521
1.1010873858108092 0.11984606780840217

1.1010873858108092 0.11984606780840217
1.1042066135326529 0.12066261638303277

1.1042066135326529 0.12066261638303277
1.1073258412544966 0.1214702771411505

1.1073258412544966 0.1214702771411505
1.1079870265251766 0.12164988115190244

1.1079870265251766 0.12164988115190244
1.1104450689763403 0.12229238831567381

1.1104450689763403 0.12229238831567381
1.1135642966981838 0.12310144663571981

1.1135642966981838 0.12310144663571981
1.1166835244200275 0.12391049640218202

1.1166835244200275 0.12391049640218202
1.1198027521418712 0.12471462509380397

1.1198027521418712 0.12471462509380397
1.1200017823622503 0.12476910887374609

1.1200017823622503 0.12476910887374609
1.1229219798637149 0.12552341800484978

1.1229219798637149 0.12552341800484978
1.1260412075855586 0.12632746056944999

1.1260412075855586 0.12632746056944999
1.1291604353074021 0.12713083820163398

1.1291604353074021 0.12713083820163398
1.1321022743898572 0.12788833659558974

1.1321022743898572 0.12788833659558974
1.1322796630292458 0.12793677527241429

1.1322796630292458 0.12793677527241429
1.1353988907510895 0.1287371094514192

1.1353988907510895 0.1287371094514192
1.1385181184729332 0.12954083108107367

1.1385181184729332 0.12954083108107367
1.1416373461947769 0.13034404330847665

1.1416373461947769 0.13034404330847665
1.1442031043741019 0.13100756431743341

1.1442031043741019 0.13100756431743341
1.1447565739166203 0.13115692692273015

1.1447565739166203 0.13115692692273015
1.147875801638464 0.13195590354205097

1.147875801638464 0.13195590354205097
1.1509950293603077 0.13276140374150874

1.1509950293603077 0.13276140374150874
1.1541142570821514 0.13356288580170475

1.1541142570821514 0.13356288580170475
1.156291805187778 0.13412679203927705

1.156291805187778 0.13412679203927705
1.1572334848039951 0.1343770508126414

1.1572334848039951 0.1343770508126414
1.1603527125258386 0.13517019785035603

1.1603527125258386 0.13517019785035603
1.1634719402476823 0.13596840860386095

1.1634719402476823 0.13596840860386095
1.166591167969526 0.13675811120501236

1.166591167969526 0.13675811120501236
1.1685003780934373 0.13724601976112069

1.1685003780934373 0.13724601976112069
1.1697103956913697 0.13755967368061542

1.1697103956913697 0.13755967368061542
1.1728296234132134 0.13833732571321403

1.1728296234132134 0.13833732571321403
1.1759488511350569 0.13911797231811573

1.1759488511350569 0.13911797231811573
1.1790680788569006 0.13988954709762655

1.1790680788569006 0.13988954709762655
1.1809743416267164 0.14036524748296436

1.1809743416267164 0.14036524748296436
1.1821873065787443 0.1406721333366919

1.1821873065787443 0.1406721333366919
1.185306534300588 0.14143195482935544

1.185306534300588 0.14143195482935544
1.1884257620224317 0.14219454982393007

1.1884257620224317 0.14219454982393007
1.1915449897442751 0.14294996702845156

1.1915449897442751 0.14294996702845156
1.1937459004824671 0.143484475204808

1.1937459004824671 0.143484475204808
1.1946642174661188 0.14371316162284956

1.1946642174661188 0.14371316162284956
1.1977834451879625 0.14445562041336071

1.1977834451879625 0.14445562041336071
1.2009026729098062 0.14520048264615848

1.2009026729098062 0.14520048264615848
1.2040219006316497 0.14594018724106056

1.2040219006316497 0.14594018724106056
1.2068362250957938 0.14660370292665165

1.2068362250957938 0.14660370292665165
1.2071411283534934 0.14667915014024663

1.2071411283534934 0.14667915014024663
1.2102603560753371 0.1474060485216209

1.2102603560753371 0.1474060485216209
1.2133795837971808 0.14813245957290538

1.2133795837971808 0.14813245957290538
1.2164988115190245 0.14885467191152155

1.2164988115190245 0.14885467191152155
1.219618039240868 0.14956721812980309

1.219618039240868 0.14956721812980309
1.2202739008616814 0.14972293064849532

1.2202739008616814 0.14972293064849532
1.2227372669627117 0.15028823503201408

1.2227372669627117 0.15028823503201408
1.2258564946845554 0.150997224363455

1.2258564946845554 0.150997224363455
1.2289757224063991 0.15170441366389034

1.2289757224063991 0.15170441366389034
1.2320949501282428 0.15240457254241063

1.2320949501282428 0.15240457254241063
1.2340313163517926 0.15284215837033896

1.2340313163517926 0.15284215837033896
1.2352141778500862 0.15311310930465813

1.2352141778500862 0.15311310930465813
1.2383334055719299 0.153801607679842

1.2383334055719299 0.153801607679842
1.2414526332937736 0.1544901602622866

1.2414526332937736 0.1544901602622866
1.2445718610156173 0.15517186058241977

1.2445718610156173 0.15517186058241977
1.247691088737461 0.15584163834562262

1.247691088737461 0.15584163834562262
1.2482313671713829 0.1559613860921826

1.2482313671713829 0.1559613860921826
1.2508103164593045 0.15651281473819814

1.2508103164593045 0.15651281473819814
1.2539295441811482 0.15716910736106407

1.2539295441811482 0.15716910736106407
1.2570487719029919 0.15781727901266637

1.2570487719029919 0.15781727901266637
1.2601679996248356 0.15845640597419963

1.2601679996248356 0.15845640597419963
1.2632580939073037 0.15908061381402627

1.2632580939073037 0.15908061381402627
1.2632872273466793 0.15908680332579594

1.2632872273466793 0.15908680332579594
1.2664064550685228 0.15970816342740421

1.2664064550685228 0.15970816342740421
1.2695256827903665 0.16032215944953235

1.2695256827903665 0.16032215944953235
1.2726449105122102 0.1609288247005016

1.2726449105122102 0.1609288247005016
1.2757641382340539 0.16152859335797473

1.2757641382340539 0.16152859335797473
1.2788833659558976 0.16211917199624701

1.2788833659558976 0.16211917199624701
1.2792965362497031 0.16219984153586992

1.2792965362497031 0.16219984153586992
1.2820025936777411 0.16270975522055986

1.2820025936777411 0.16270975522055986
1.2851218213995848 0.16329075919774685

1.2851218213995848 0.16329075919774685
1.2882410491214284 0.16386671314876389

1.2882410491214284 0.16386671314876389
1.2913602768432721 0.16443721505923856

1.2913602768432721 0.16443721505923856
1.2944795045651156 0.16499963490547848

1.2944795045651156 0.16499963490547848
1.2962447574326184 0.16531906925771356

1.2962447574326184 0.16531906925771356
1.2975987322869593 0.16556549504910281

1.2975987322869593 0.16556549504910281
1.300717960008803 0.1661162135807534

1.300717960008803 0.1661162135807534
1.3038371877306467 0.16666469098629796

1.3038371877306467 0.16666469098629796
1.3069564154524904 0.16720711976597594

1.3069564154524904 0.16720711976597594
1.3100756431743339 0.16774326517422863

1.3100756431743339 0.16774326517422863
1.3131948708961776 0.16826935331282492

1.3131948708961776 0.16826935331282492
1.3141850015637722 0.16843829697955723

1.3141850015637722 0.16843829697955723
1.3163140986180213 0.16879588876056884

1.3163140986180213 0.16879588876056884
1.319433326339865 0.16930775781247903

1.319433326339865 0.16930775781247903
1.3225525540617087 0.16981229213669935

1.3225525540617087 0.16981229213669935
1.3256717817835522 0.17030738457525493

1.3256717817835522 0.17030738457525493
1.3287910095053959 0.17079227789243895

1.3287910095053959 0.17079227789243895
1.3319102372272396 0.17126499643890072

1.3319102372272396 0.17126499643890072
1.3338689132685464 0.17155752470140087

1.3338689132685464 0.17155752470140087
1.3350294649490833 0.1717324472627394

1.3350294649490833 0.1717324472627394
1.338148692670927 0.17218272521509786

1.338148692670927 0.17218272521509786
1.3412679203927704 0.17262535503309837

1.3412679203927704 0.17262535503309837
1.3443871481146141 0.17305845533216183

1.3443871481146141 0.17305845533216183
1.3475063758364578 0.17348297560115658

1.3475063758364578 0.17348297560115658
1.3506256035583015 0.1738998512030076

1.3506256035583015 0.1738998512030076
1.3537448312801452 0.17430993474472309

1.3537448312801452 0.17430993474472309
1.3565754956926899 0.17467675242324451

1.3565754956926899 0.17467675242324451
1.3568640590019887 0.17471515121106737

1.3568640590019887 0.17471515121106737
1.3599832867238324 0.17511267827313334

1.3599832867238324 0.17511267827313334
1.3631025144456761 0.17550585104754432

1.3631025144456761 0.17550585104754432
1.3662217421675198 0.17589347413653916

1.3662217421675198 0.17589347413653916
1.3693409698893635 0.17627535943337605

1.3693409698893635 0.17627535943337605
1.372460197611207 0.17665100759010069

1.372460197611207 0.17665100759010069
1.3755794253330507 0.17701970859496677

1.3755794253330507 0.17701970859496677
1.3786986530548944 0.17738080917585189

1.3786986530548944 0.17738080917585189
1.3818178807767381 0.1777327743680871

1.3818178807767381 0.1777327743680871
1.3823789426060376 0.17779598014508818

1.3823789426060376 0.17779598014508818
1.3849371084985815 0.1780789631789487

1.3849371084985815 0.1780789631789487
1.3880563362204252 0.17841494278036835

1.3880563362204252 0.17841494278036835
1.3911755639422689 0.17874294233876389

1.3911755639422689 0.17874294233876389
1.3942947916641126 0.17906313105980701

1.3942947916641126 0.17906313105980701
1.3974140193859563 0.17937622443919035

1.3974140193859563 0.17937622443919035
1.4005332471077998 0.17968305806857648

1.4005332471077998 0.17968305806857648
1.4036524748296435 0.17998438697678687

1.4036524748296435 0.17998438697678687
1.4067717025514872 0.18028077212608176

1.4067717025514872 0.18028077212608176
1.4098909302733309 0.18057255300257297

1.4098909302733309 0.18057255300257297
1.4130101579951746 0.18085926006221878

1.4130101579951746 0.18085926006221878
1.4136174693957169 0.18091520786693183

1.4136174693957169 0.18091520786693183
1.4161293857170181 0.18114336101391665

1.4161293857170181 0.18114336101391665
1.4192486134388618 0.18142142504660108

1.4192486134388618 0.18142142504660108
1.4223678411607055 0.18169462730462002

1.4223678411607055 0.18169462730462002
1.4254870688825492 0.18196228228415653

1.4254870688825492 0.18196228228415653
1.4286062966043929 0.18222398585678284

1.4286062966043929 0.18222398585678284
1.4317255243262363 0.18247937811231554

1.4317255243262363 0.18247937811231554
1.43484475204808 0.18272823626164561

1.43484475204808 0.18272823626164561
1.4379639797699237 0.18297052295233593

1.4379639797699237 0.18297052295233593
1.4410832074917674 0.1832063181510501

1.4410832074917674 0.1832063181510501
1.4442024352136111 0.18343587009871803

1.4442024352136111 0.18343587009871803
1.4473216629354546 0.18365969012816491

1.4473216629354546 0.18365969012816491
1.4504408906572983 0.18387818278849541

1.4504408906572983 0.18387818278849541
1.4527176560184827 0.18403443558877547

1.4527176560184827 0.18403443558877547
1.453560118379142 0.18409270145507656

1.453560118379142 0.18409270145507656
1.4566793461009857 0.1843012182378567

1.4566793461009857 0.1843012182378567
1.4597985738228294 0.18450565677371347

1.4597985738228294 0.18450565677371347
1.4629178015446729 0.18470561711674766

1.4629178015446729 0.18470561711674766
1.4660370292665166 0.18490110645073671

1.4660370292665166 0.18490110645073671
1.4691562569883603 0.18509206058233099

1.4691562569883603 0.18509206058233099
1.472275484710204 0.18527844823795203

1.472275484710204 0.18527844823795203
1.4753947124320475 0.1854601732677858

1.4753947124320475 0.1854601732677858
1.4785139401538911 0.18563704588288391

1.4785139401538911 0.18563704588288391
1.4816331678757348 0.18580883058062098

1.4816331678757348 0.18580883058062098
1.4847523955975785 0.18597535452871689

1.4847523955975785 0.18597535452871689
1.4878716233194222 0.1861365772768688

1.4878716233194222 0.1861365772768688
1.4909908510412657 0.18629252228348464

1.4909908510412657 0.18629252228348464
1.4941100787631094 0.18644322922222253

1.4941100787631094 0.18644322922222253
1.4972293064849531 0.18658874098454975

1.4972293064849531 0.18658874098454975
1.5003485342067968 0.18672905774951032

1.5003485342067968 0.18672905774951032
1.5034677619286405 0.18686411793435073

1.5034677619286405 0.18686411793435073
1.506586989650484 0.18699403901468808

1.506586989650484 0.18699403901468808
1.5097062173723277 0.18711875290310534

1.5097062173723277 0.18711875290310534
1.5106120935837795 0.18715366331061914

1.5106120935837795 0.18715366331061914
1.5128254450941714 0.18723859917881913

1.5128254450941714 0.18723859917881913
1.5159446728160151 0.18735259008008837

1.5159446728160151 0.18735259008008837
1.5190639005378588 0.1874611856376662

1.5190639005378588 0.1874611856376662
1.5221831282597023 0.18756470083724083

1.5221831282597023 0.18756470083724083
1.525302355981546 0.1876634187681134

1.525302355981546 0.1876634187681134
1.5284215837033897 0.18775766475874733

1.5284215837033897 0.18775766475874733
1.5315408114252334 0.18784788511328626

1.5315408114252334 0.18784788511328626
1.534660039147077 0.18793464094178053

1.534660039147077 0.18793464094178053
1.5377792668689205 0.18801853651253025

1.5377792668689205 0.18801853651253025
1.5408984945907642 0.18810000039756677

1.5408984945907642 0.18810000039756677
1.5440177223126079 0.18817910945053193

1.5440177223126079 0.18817910945053193
1.5471369500344516 0.1882556226786179

1.5471369500344516 0.1882556226786179
1.5502561777562953 0.18832910592484758

1.5502561777562953 0.18832910592484758
1.5533754054781388 0.18839897266146816

1.5533754054781388 0.18839897266146816
1.5564946331999825 0.18846448344069913

1.5564946331999825 0.18846448344069913
1.5596138609218262 0.18852483469242859

1.5596138609218262 0.18852483469242859
1.5627330886436699 0.18857930926940786

1.5627330886436699 0.18857930926940786
1.5658523163655134 0.18862736032784141

1.5658523163655134 0.18862736032784141
1.5689715440873571 0.18866860253061504

1.5689715440873571 0.18866860253061504
1.5720907718092008 0.18870278999829684

1.5720907718092008 0.18870278999829684
1.5752099995310445 0.1887298057258924

1.5752099995310445 0.1887298057258924
1.5783292272528882 0.18874964063774294

1.5783292272528882 0.18874964063774294
1.5814484549747316 0.18876241869067295

1.5814484549747316 0.18876241869067295
1.5845676826965753 0.18876837017036377

1.5845676826965753 0.18876837017036377
1.587686910418419 0.18876769069979565

1.587686910418419 0.18876769069979565
1.5908061381402627 0.18876052245501315

1.5908061381402627 0.18876052245501315
1.5939253658621064 0.18874695305317671

1.5939253658621064 0.18874695305317671
1.5970445935839499 0.18872695906591394

1.5970445935839499 0.18872695906591394
1.6001638213057936 0.18870036546949662

1.6001638213057936 0.18870036546949662
1.6032830490276373 0.18866690620689583

1.6032830490276373 0.18866690620689583
1.606402276749481 0.18862626512739089

1.606402276749481 0.18862626512739089
1.6095215044713247 0.18857803237887705

1.6095215044713247 0.18857803237887705
1.6126407321931682 0.18852174004815855

1.6126407321931682 0.18852174004815855
1.6157599599150119 0.18845688157977397

1.6157599599150119 0.18845688157977397
1.6188791876368556 0.18838300281770215

1.6188791876368556 0.18838300281770215
1.6219984153586993 0.18829972476457499

1.6219984153586993 0.18829972476457499
1.625117643080543 0.18820674365407672

1.625117643080543 0.18820674365407672
1.6282368708023864 0.18810385952825814

1.6282368708023864 0.18810385952825814
1.6313560985242301 0.18799079823732812

1.6313560985242301 0.18799079823732812
1.6344753262460738 0.18786762661073297

1.6344753262460738 0.18786762661073297
1.6375945539679175 0.18773427463181594

1.6375945539679175 0.18773427463181594
1.640713781689761 0.18759060531816971

1.640713781689761 0.18759060531816971
1.6438330094116047 0.18743732358295329

1.6438330094116047 0.18743732358295329
1.6469522371334484 0.18727395862359633

1.6469522371334484 0.18727395862359633
1.6491233868702391 0.18715366331061914

1.6491233868702391 0.18715366331061914
1.6500714648552921 0.18710083241625064

1.6500714648552921 0.18710083241625064
1.6531906925771358 0.18691910821249968

1.6531906925771358 0.18691910821249968
1.6563099202989793 0.18672508693291315

1.6563099202989793 0.18672508693291315
1.659429148020823 0.18651934034414866

1.659429148020823 0.18651934034414866
1.6625483757426667 0.18630183073662901

1.6625483757426667 0.18630183073662901
1.6656676034645104 0.18607254856063532

1.6656676034645104 0.18607254856063532
1.6687868311863541 0.18583122227976098

1.6687868311863541 0.18583122227976098
1.6719060589081975 0.1855776291137082

1.6719060589081975 0.1855776291137082
1.6750252866300412 0.18531217980876954

1.6750252866300412 0.18531217980876954
1.6781445143518849 0.18503451127920281

1.6781445143518849 0.18503451127920281
1.6812637420737286 0.18474409483991672

1.6812637420737286 0.18474409483991672
1.6843829697955723 0.18444177894963948

1.6843829697955723 0.18444177894963948
1.6875021975174158 0.18412818629343564

1.6875021975174158 0.18412818629343564
1.6883840862120554 0.18403443558877547

1.6883840862120554 0.18403443558877547
1.6906214252392595 0.18379920341150421

1.6906214252392595 0.18379920341150421
1.6937406529611032 0.18345994304645297

1.6937406529611032 0.18345994304645297
1.6968598806829469 0.18310644737814383

1.6968598806829469 0.18310644737814383
1.6999791084047906 0.18273887142472761

1.6999791084047906 0.18273887142472761
1.7030983361266341 0.18235586016989205

1.7030983361266341 0.18235586016989205
1.7062175638484778 0.18195720038995042

1.7062175638484778 0.18195720038995042
1.7093367915703215 0.18154241305294325

1.7093367915703215 0.18154241305294325
1.7124560192921652 0.18111172779604698

1.7124560192921652 0.18111172779604698
1.7138053500660337 0.18091520786693183

1.7138053500660337 0.18091520786693183
1.7155752470140089 0.18065855950063381

1.7155752470140089 0.18065855950063381
1.7186944747358524 0.18019433063315202

1.7186944747358524 0.18019433063315202
1.721813702457696 0.17970889298219103

1.721813702457696 0.17970889298219103
1.7249329301795397 0.17920562725922146

1.7249329301795397 0.17920562725922146
1.7280521579013834 0.17868300181057598

1.7280521579013834 0.17868300181057598
1.7311713856232269 0.17814233689246367

1.7311713856232269 0.17814233689246367
1.7330858154125568 0.17779598014508818

1.7330858154125568 0.17779598014508818
1.7342906133450706 0.17757559952580051

1.7342906133450706 0.17757559952580051
1.7374098410669143 0.17700149216334954

1.7374098410669143 0.17700149216334954
1.740529068788758 0.17640411423260086

1.740529068788758 0.17640411423260086
1.7436482965106017 0.17578555852752767

1.7436482965106017 0.17578555852752767
1.7467675242324452 0.17514947799320857

1.7467675242324452 0.17514947799320857
1.7490070854557818 0.17467675242324451

1.7490070854557818 0.17467675242324451
1.7498867519542889 0.17448655440327582

1.7498867519542889 0.17448655440327582
1.7530059796761326 0.17381599718705637

1.7530059796761326 0.17381599718705637
1.7561252073979763 0.17311895534891639

1.7561252073979763 0.17311895534891639
1.75924443511982 0.17240115145056029

1.75924443511982 0.17240115145056029
1.7623636628416635 0.17166629703708347

1.7623636628416635 0.17166629703708347
1.7627887014502379 0.17155752470140087

1.7627887014502379 0.17155752470140087
1.7654828905635072 0.17089812222310788

1.7654828905635072 0.17089812222310788
1.7686021182853509 0.17011339885902044

1.7686021182853509 0.17011339885902044
1.7717213460071946 0.16930391850088672

1.7717213460071946 0.16930391850088672
1.7748405737290383 0.16847264759101074

1.7748405737290383 0.16847264759101074
1.7749578474739456 0.16843829697955723

1.7749578474739456 0.16843829697955723
1.7779598014508817 0.16761403794470819

1.7779598014508817 0.16761403794470819
1.7810790291727254 0.16673437630788743

1.7810790291727254 0.16673437630788743
1.7841982568945691 0.16583837033288731

1.7841982568945691 0.16583837033288731
1.7859248296531112 0.16531906925771356

1.7859248296531112 0.16531906925771356
1.7873174846164128 0.16489645897135566

1.7873174846164128 0.16489645897135566
1.7904367123382565 0.16396061557368091

1.7904367123382565 0.16396061557368091
1.7935559400601 0.16299632354607946

1.7935559400601 0.16299632354607946
1.796061144942928 0.16219984153586992

1.796061144942928 0.16219984153586992
1.7966751677819437 0.16199452905717138

1.7966751677819437 0.16199452905717138
1.7997943955037874 0.16099242672909625

1.7997943955037874 0.16099242672909625
1.8029136232256311 0.1599599418794711

1.8029136232256311 0.1599599418794711
1.8055009590187117 0.15908061381402627

1.8055009590187117 0.15908061381402627
1.8060328509474748 0.1588889128708596

1.8060328509474748 0.1588889128708596
1.8091520786693183 0.15781435547550046

1.8091520786693183 0.15781435547550046
1.812271306391162 0.15670822290528608

1.812271306391162 0.15670822290528608
1.8142906387909856 0.1559613860921826

1.8142906387909856 0.1559613860921826
1.8153905341130057 0.15554273212427663

1.8153905341130057 0.15554273212427663
1.8185097618348494 0.15438959896751694

1.8185097618348494 0.15438959896751694
1.8216289895566928 0.15320518950637407

1.8216289895566928 0.15320518950637407
1.8224998931997909 0.15284215837033896

1.8224998931997909 0.15284215837033896
1.8247482172785365 0.1519452021344441

1.8247482172785365 0.1519452021344441
1.8278674450003802 0.15069473902027972

1.8278674450003802 0.15069473902027972
1.830192495263683 0.14972293064849532

1.830192495263683 0.14972293064849532
1.8309866727222239 0.14937257813192134

1.8309866727222239 0.14937257813192134
1.8341059004440676 0.14806638032290376

1.8341059004440676 0.14806638032290376
1.8372251281659111 0.14671792091400898

1.8372251281659111 0.14671792091400898
1.8374570592168329 0.14660370292665165

1.8374570592168329 0.14660370292665165
1.8403443558877548 0.14531511954443718

1.8403443558877548 0.14531511954443718
1.8434635836095985 0.14391620632283883

1.8434635836095985 0.14391620632283883
1.8443314933999244 0.143484475204808

1.8443314933999244 0.143484475204808
1.8465828113314422 0.14242197591008662

1.8465828113314422 0.14242197591008662
1.8497020390532859 0.14096808899763236

1.8497020390532859 0.14096808899763236
1.8508762308886024 0.14036524748296436

1.8508762308886024 0.14036524748296436
1.8528212667751294 0.13939623129780387

1.8528212667751294 0.13939623129780387
1.8559404944969731 0.13788426075821958

1.8559404944969731 0.13788426075821958
1.8571294833067937 0.13724601976112069

1.8571294833067937 0.13724601976112069
1.8590597222188168 0.13624074450684306

1.8590597222188168 0.13624074450684306
1.8621789499406605 0.13466492533542002

1.8621789499406605 0.13466492533542002
1.8631226810369621 0.13412679203927705

1.8631226810369621 0.13412679203927705
1.8652981776625042 0.13295112021214972

1.8652981776625042 0.13295112021214972
1.8684174053843476 0.13129533916773453

1.8684174053843476 0.13129533916773453
1.8688837878626774 0.13100756431743341

1.8688837878626774 0.13100756431743341
1.8715366331061913 0.12952777835530899

1.8715366331061913 0.12952777835530899
1.8744235302748231 0.12788833659558974

1.8744235302748231 0.12788833659558974
1.874655860828035 0.12773835127437397

1.874655860828035 0.12773835127437397
1.8777750885498787 0.12596400876281599

1.8777750885498787 0.12596400876281599
1.8797472865741636 0.12476910887374609

1.8797472865741636 0.12476910887374609
1.8808943162717224 0.12404402547035938

1.8808943162717224 0.12404402547035938
1.8840135439935659 0.12224122174235866

1.8840135439935659 0.12224122174235866
1.8848961124187573 0.12164988115190244

1.8848961124187573 0.12164988115190244
1.8871327717154096 0.12024858802034614

1.8871327717154096 0.12024858802034614
1.8898599420386315 0.11853065343005878

1.8898599420386315 0.11853065343005878
1.8902519994372533 0.11825302898149094

1.8902519994372533 0.11825302898149094
1.893371227159097 0.11631802985177625

1.893371227159097 0.11631802985177625
1.894677234831124 0.11541142570821514

1.894677234831124 0.11541142570821514
1.8964904548809407 0.11418502313096783

1.8964904548809407 0.11418502313096783
1.8993531004375206 0.11229219798637148

1.8993531004375206 0.11229219798637148
1.8996096826027842 0.11209985645142344

1.8996096826027842 0.11209985645142344
1.9027289103246279 0.11004248371573147

1.9027289103246279 0.11004248371573147
1.9039013749480798 0.10917297026452782

1.9039013749480798 0.10917297026452782
1.9058481380464716 0.10778304259499492

1.9058481380464716 0.10778304259499492
1.9082907774136033 0.10605374254268418

1.9082907774136033 0.10605374254268418
1.9089673657683153 0.10553136650442721

1.9089673657683153 0.10553136650442721
1.9120865934901587 0.10337896239322281

1.9120865934901587 0.10337896239322281
1.9126420517158735 0.10293451482084053

1.9126420517158735 0.10293451482084053
1.9152058212120024 0.10104567272955232

1.9152058212120024 0.10104567272955232
1.9167652180515495 0.099815287098996869

1.9167652180515495 0.099815287098996869
1.9183250489338461 0.098579333505236164

1.9183250489338461 0.098579333505236164
1.9207573873119457 0.096696059377153226

1.9207573873119457 0.096696059377153226
1.9214442766556898 0.096122771538111468

1.9214442766556898 0.096122771538111468
1.9245635043775335 0.093734301695141228

1.9245635043775335 0.093734301695141228
1.9247457371256271 0.09357683165530957

1.9247457371256271 0.09357683165530957
1.927682732099377 0.091240904601660483

1.927682732099377 0.091240904601660483
1.9285833679729933 0.090457603933465913

1.9285833679729933 0.090457603933465913
1.9308019598212207 0.088598139745126869

1.9308019598212207 0.088598139745126869
1.9322446464041878 0.087338376211622271

1.9322446464041878 0.087338376211622271
1.9339211875430644 0.085876421186379046

1.9339211875430644 0.085876421186379046
1.9358117337409588 0.084219148489778614

1.9358117337409588 0.084219148489778614
1.9370404152649081 0.083117332692814017

1.9370404152649081 0.083117332692814017
1.9393311189910973 0.081099920767934958

1.9393311189910973 0.081099920767934958
1.9401596429867518 0.080341131510507285

1.9401596429867518 0.080341131510507285
1.9428230964086788 0.077980693046091315

1.9428230964086788 0.077980693046091315
1.9432788707085953 0.077556200156229563

1.9432788707085953 0.077556200156229563
1.9462884125167572 0.074861465324247659

1.9462884125167572 0.074861465324247659
1.946398098430439 0.074757755491439509

1.946398098430439 0.074757755491439509
1.9495173261522827 0.071917637519865504

1.9495173261522827 0.071917637519865504
1.9495173261522827 0.071917637519865504

1.9495173261522827 0.071917637519865504
1.9497003986831685 0.071742237602404002

1.9497003986831685 0.071742237602404002
1.9526365538741264 0.068998229605917685

1.9526365538741264 0.068998229605917685
1.9530236120852613 0.068623009880560346

1.9530236120852613 0.068623009880560346
1.9557557815959701 0.066005368801450623

1.9557557815959701 0.066005368801450623
1.9562668943161823 0.065503782158716703

1.9562668943161823 0.065503782158716703
1.9588750093178136 0.062949992266903607

1.9588750093178136 0.062949992266903607
1.9594443265911936 0.06238455443687304

1.9594443265911936 0.06238455443687304
1.9619942370396573 0.059837029623922185

1.9619942370396573 0.059837029623922185
1.962562743989348 0.05926532671502939

1.962562743989348 0.05926532671502939
1.9651134647615009 0.056664758650645478

1.9651134647615009 0.056664758650645478
1.9656229296475514 0.056146098993185733

1.9656229296475514 0.056146098993185733
1.9682326924833446 0.05343169389150227

1.9682326924833446 0.05343169389150227
1.9686262712989857 0.053026871271342084

1.9686262712989857 0.053026871271342084
1.9713519202051883 0.050137848667851197

1.9713519202051883 0.050137848667851197
1.9715738709128487 0.049907643549498434

1.9715738709128487 0.049907643549498434
1.9744658391156396 0.046788415827654778

1.9744658391156396 0.046788415827654778
1.9744711479270318 0.046782871101299764

1.9744711479270318 0.046782871101299764
1.9773231059959326 0.043669188105811128

1.9773231059959326 0.043669188105811128
1.9775903756488755 0.043387560345167157

1.9775903756488755 0.043387560345167157
1.9801738307698225 0.040549960383967479

1.9801738307698225 0.040549960383967479
1.9807096033707192 0.039980941242484656

1.9807096033707192 0.039980941242484656
1.9830275414519121 0.037430732662123822

1.9830275414519121 0.037430732662123822
1.9838288310925629 0.036572763524657187

1.9838288310925629 0.036572763524657187
1.9858840057878671 0.034311504940280173

1.9858840057878671 0.034311504940280173
1.9869480588144066 0.033162471253428347

1.9869480588144066 0.033162471253428347
1.9887406224340218 0.03119227721843652

1.9887406224340218 0.03119227721843652
1.9900672865362501 0.029746941503268304

1.9900672865362501 0.029746941503268304
1.9915954477410014 0.02807304949659287

1.9915954477410014 0.02807304949659287
1.9931865142580938 0.026328811447106977

1.9931865142580938 0.026328811447106977
1.9944505612585464 0.024953821774749217

1.9944505612585464 0.024953821774749217
1.9963057419799375 0.022911445117190066

1.9963057419799375 0.022911445117190066
1.9973029317901578 0.021834594052905568

1.9973029317901578 0.021834594052905568
1.9994249697017812 0.019484943067321722

1.9994249697017812 0.019484943067321722
2.0001412530177722 0.018715366331061915

2.0001412530177722 0.018715366331061915
2.0025441974236244 0.016039419074041245

2.0025441974236244 0.016039419074041245
2.0029593457843373 0.01559613860921826

2.0029593457843373 0.01559613860921826
2.0056634251454684 0.012584509098499107

2.0056634251454684 0.012584509098499107
2.0057650979756354 0.012476910887374609

2.0057650979756354 0.012476910887374609
2.0085899130647 0.0093576831655309556

2.0085899130647 0.0093576831655309556
2.0087826528673118 0.0091553252530835339

2.0087826528673118 0.0091553252530835339
2.0114766431409192 0.0062384554436873043

2.0114766431409192 0.0062384554436873043
2.0119018805891553 0.0057953349517639264

2.0119018805891553 0.0057953349517639264
2.0144225873623687 0.0031192277218436517

2.0144225873623687 0.0031192277218436517
2.0150211083109992 0.0025016964877734591

2.0150211083109992 0.0025016964877734591
2.0174259210075225 0

2.0174259210075225 0
2.0181403360328427 -0.00072780946581383753

2.0181403360328427 -0.00072780946581383753
2.0181403360328427 -0.00072780946581383753

2.0181403360328427 -0.00072780946581383753
2.0205016260017112 -0.0031192277218436521

2.0205016260017112 -0.0031192277218436521
2.0212595637546866 -0.0038749826868292609

2.0212595637546866 -0.0038749826868292609
2.0212595637546866 -0.0038749826868292609

2.0212595637546866 -0.0038749826868292609
2.0236726698484189 -0.0062384554436873043

2.0236726698484189 -0.0062384554436873043
2.0243787914765301 -0.0069278365626547177

2.0243787914765301 -0.0069278365626547177
2.0269508024626535 -0.0093576831655309573

2.0269508024626535 -0.0093576831655309573
2.0274980191983736 -0.0098798927979665135

2.0274980191983736 -0.0098798927979665135
2.0303891566386394 -0.012476910887374609

2.0303891566386394 -0.012476910887374609
2.0306172469202175 -0.012688744107751488

2.0306172469202175 -0.012688744107751488
2.033736474642061 -0.015334012061944808

2.033736474642061 -0.015334012061944808
2.0340296390470605 -0.015596138609218262

2.0340296390470605 -0.015596138609218262
2.0368557023639049 -0.017901740642453819

2.0368557023639049 -0.017901740642453819
2.0378203154020444 -0.018715366331061911

2.0378203154020444 -0.018715366331061911
2.0399749300857484 -0.020434713063854044

2.0399749300857484 -0.020434713063854044
2.0417831299204976 -0.021834594052905564

2.0417831299204976 -0.021834594052905564
2.0430941578075918 -0.022861333189153718

2.0430941578075918 -0.022861333189153718
2.0461405959305039 -0.024953821774749217

2.0461405959305039 -0.024953821774749217
2.0462133855294358 -0.025009911852452035

2.0462133855294358 -0.025009911852452035
2.0462133855294358 -0.025009911852452035

2.0462133855294358 -0.025009911852452035
2.0493326132512792 -0.027033333889612078

2.0493326132512792 -0.027033333889612078
2.0509311622444741 -0.028073049496592867

2.0509311622444741 -0.028073049496592867
2.0524518409731232 -0.029060813851490324

2.0524518409731232 -0.029060813851490324
2.0555710686949666 -0.030805535406432813

2.0555710686949666 -0.030805535406432813
2.0562174660298278 -0.03119227721843652

2.0562174660298278 -0.03119227721843652
2.0586902964168101 -0.032546858122998193

2.0586902964168101 -0.032546858122998193
2.061809524138654 -0.034099798287506346

2.061809524138654 -0.034099798287506346
2.0622223713885943 -0.034311504940280173

2.0622223713885943 -0.034311504940280173
2.0649287518604975 -0.035573788372151326

2.0649287518604975 -0.035573788372151326
2.0680479795823414 -0.036891317096618692

2.0680479795823414 -0.036891317096618692
2.0693701886166482 -0.037430732662123829

2.0693701886166482 -0.037430732662123829
2.0711672073041849 -0.038149385936240614

2.0711672073041849 -0.038149385936240614
2.0742864350260284 -0.03925252655452479

2.0742864350260284 -0.03925252655452479
2.0774056627478723 -0.04024973609460105

2.0774056627478723 -0.04024973609460105
2.0783954454786713 -0.040549960383967479

2.0783954454786713 -0.040549960383967479
2.0805248904697158 -0.041176033110780129

2.0805248904697158 -0.041176033110780129
2.0836441181915597 -0.041983628911387252

2.0836441181915597 -0.041983628911387252
2.0867633459134032 -0.042696228898881007

2.0867633459134032 -0.042696228898881007
2.0898825736352467 -0.043316689064824582

2.0898825736352467 -0.043316689064824582
2.0919104675048437 -0.043669188105811135

2.0919104675048437 -0.043669188105811135
2.0930018013570906 -0.043860772631441711

2.0930018013570906 -0.043860772631441711
2.0961210290789341 -0.0443160829128003

2.0961210290789341 -0.0443160829128003
2.099240256800778 -0.044696604311416123

2.099240256800778 -0.044696604311416123
2.1023594845226214 -0.045007108684832473

2.1023594845226214 -0.045007108684832473
2.1054787122444649 -0.045254157858809992

2.1054787122444649 -0.045254157858809992
2.1085979399663088 -0.045442968677995799

2.1085979399663088 -0.045442968677995799
2.1117171676881523 -0.045577732481298518

2.1117171676881523 -0.045577732481298518
2.1148363954099962 -0.045662854200660005

2.1148363954099962 -0.045662854200660005
2.1179556231318397 -0.045704239684503406

2.1179556231318397 -0.045704239684503406
2.1210748508536832 -0.045708225410691194

2.1210748508536832 -0.045708225410691194
2.1241940785755271 -0.045679969992628383

2.1241940785755271 -0.045679969992628383
2.1273133062973706 -0.045623048051484115

2.1273133062973706 -0.045623048051484115
2.1304325340192141 -0.045540147250142424

2.1304325340192141 -0.045540147250142424
2.133551761741058 -0.045433899295790094

2.133551761741058 -0.045433899295790094
2.1366709894629015 -0.045306839229235889

2.1366709894629015 -0.045306839229235889
2.1397902171847454 -0.045161238565744624

2.1397902171847454 -0.045161238565744624
2.1429094449065889 -0.045000200418997334

2.1429094449065889 -0.045000200418997334
2.1460286726284323 -0.044827350534112909

2.1460286726284323 -0.044827350534112909
2.1491479003502763 -0.044645601647644133

2.1491479003502763 -0.044645601647644133
2.1522671280721197 -0.044457291686205269

2.1522671280721197 -0.044457291686205269
2.1553863557939636 -0.044264676261091908

2.1553863557939636 -0.044264676261091908
2.1585055835158071 -0.044070407018081841

2.1585055835158071 -0.044070407018081841
2.1616248112376506 -0.043877894624472426

2.1616248112376506 -0.043877894624472426
2.1647440389594945 -0.043691031534346753

2.1647440389594945 -0.043691031534346753
2.1651190952603616 -0.043669188105811135

2.1651190952603616 -0.043669188105811135
2.167863266681338 -0.043511164809549766

2.167863266681338 -0.043511164809549766
2.1709824944031819 -0.043340246279231831

2.1709824944031819 -0.043340246279231831
2.1741017221250254 -0.043179071199895204

2.1741017221250254 -0.043179071199895204
2.1772209498468689 -0.04302851426293125

2.1772209498468689 -0.04302851426293125
2.1803401775687128 -0.042889759305155144

2.1803401775687128 -0.042889759305155144
2.1834594052905563 -0.042764567024150338

2.1834594052905563 -0.042764567024150338
2.1865786330124002 -0.04265496377858697

2.1865786330124002 -0.04265496377858697
2.1896978607342437 -0.042562765880655912

2.1896978607342437 -0.042562765880655912
2.1928170884560871 -0.042489375225051584

2.1928170884560871 -0.042489375225051584
2.1959363161779311 -0.042435920377835244

2.1959363161779311 -0.042435920377835244
2.1990555438997745 -0.042403590366138055

2.1990555438997745 -0.042403590366138055
2.2021747716216185 -0.042393837833341774

2.2021747716216185 -0.042393837833341774
2.2052939993434619 -0.042408176440976948

2.2052939993434619 -0.042408176440976948
2.2084132270653054 -0.042447806806313396

2.2084132270653054 -0.042447806806313396
2.2115324547871493 -0.042513303312755692

2.2115324547871493 -0.042513303312755692
2.2146516825089928 -0.042604418104494113

2.2146516825089928 -0.042604418104494113
2.2177709102308367 -0.042720358067168521

2.2177709102308367 -0.042720358067168521
2.2208901379526802 -0.04286086105287943

2.2208901379526802 -0.04286086105287943
2.2240093656745237 -0.043027180203952888

2.2240093656745237 -0.043027180203952888
2.2271285933963676 -0.043221706052315872

2.2271285933963676 -0.043221706052315872
2.2302478211182111 -0.043446392760641953

2.2302478211182111 -0.043446392760641953
2.2329633958919266 -0.043669188105811135

2.2329633958919266 -0.043669188105811135
2.233367048840055 -0.043702858747727488

2.233367048840055 -0.043702858747727488
2.2364862765618985 -0.043988274849858254

2.2364862765618985 -0.043988274849858254
2.2396055042837419 -0.044303204428263791

2.2396055042837419 -0.044303204428263791
2.2427247320055859 -0.044645967203491621

2.2427247320055859 -0.044645967203491621
2.2458439597274293 -0.045016666842386872

2.2458439597274293 -0.045016666842386872
2.2489631874492733 -0.045416992626229245

2.2489631874492733 -0.045416992626229245
2.2520824151711167 -0.045848632797983832

2.2520824151711167 -0.045848632797983832
2.2552016428929602 -0.04631204170298376

2.2552016428929602 -0.04631204170298376
2.2582022099903751 -0.046788415827654785

2.2582022099903751 -0.046788415827654785
2.2583208706148041 -0.046807997516989726

2.2583208706148041 -0.046807997516989726
2.2614400983366476 -0.047334811650167868

2.2614400983366476 -0.047334811650167868
2.2645593260584915 -0.047897033287232146

2.2645593260584915 -0.047897033287232146
2.267678553780335 -0.04849636959234796

2.267678553780335 -0.04849636959234796
2.2707977815021785 -0.049133308641209829

2.2707977815021785 -0.049133308641209829
2.2739170092240224 -0.04980373165820734

2.2739170092240224 -0.04980373165820734
2.274354271929623 -0.049907643549498434

2.274354271929623 -0.049907643549498434
2.2770362369458659 -0.050519697848563409

2.2770362369458659 -0.050519697848563409
2.2801554646677098 -0.051265894864668232

2.2801554646677098 -0.051265894864668232
2.2832746923895533 -0.052050171150210656

2.2832746923895533 -0.052050171150210656
2.2863939201113967 -0.052864861491934166

2.2863939201113967 -0.052864861491934166
2.2869571746219792 -0.053026871271342091

2.2869571746219792 -0.053026871271342091
2.2895131478332407 -0.053730622989633048

2.2895131478332407 -0.053730622989633048
2.2926323755550841 -0.054617018296174373

2.2926323755550841 -0.054617018296174373
2.2957516032769281 -0.05553027801141136

2.2957516032769281 -0.05553027801141136
2.2977590213429764 -0.05614609899318574

2.2977590213429764 -0.05614609899318574
2.2988708309987715 -0.056495255911786751

2.2988708309987715 -0.056495255911786751
2.301990058720615 -0.057460127622020025

2.301990058720615 -0.057460127622020025
2.3051092864424589 -0.058462518784529474

2.3051092864424589 -0.058462518784529474
2.3075181007788208 -0.05926532671502939

2.3075181007788208 -0.05926532671502939
2.3082285141643024 -0.05951364035842515

2.3082285141643024 -0.05951364035842515
2.3113477418861459 -0.060564084357382725

2.3113477418861459 -0.060564084357382725
2.3144669696079898 -0.061646410029138114

2.3144669696079898 -0.061646410029138114
2.3165035683153405 -0.062384554436873046

2.3165035683153405 -0.062384554436873046
2.3175861973298333 -0.062788624069818763

2.3175861973298333 -0.062788624069818763
2.3207054250516772 -0.063922103014184994

2.3207054250516772 -0.063922103014184994
2.3238246527735207 -0.065084825064058105

2.3238246527735207 -0.065084825064058105
2.3248596157781547 -0.065503782158716689

2.3248596157781547 -0.065503782158716689
2.3269438804953642 -0.066320579410736172

2.3269438804953642 -0.066320579410736172
2.3300631082172081 -0.067547704097929234

2.3300631082172081 -0.067547704097929234
2.3326945104877859 -0.068623009880560346

2.3326945104877859 -0.068623009880560346
2.3331823359390516 -0.068837696866829334

2.3331823359390516 -0.068837696866829334
2.3363015636608955 -0.070122899844550182

2.3363015636608955 -0.070122899844550182
2.339420791382739 -0.071430816074843612

2.339420791382739 -0.071430816074843612
2.340092162970727 -0.071742237602403988

2.340092162970727 -0.071742237602403988
2.3425400191045824 -0.07280813879666545

2.3425400191045824 -0.07280813879666545
2.3456592468264263 -0.074153616651680271

2.3456592468264263 -0.074153616651680271
2.3472004940751257 -0.074861465324247645

2.3472004940751257 -0.074861465324247645
2.3487784745482698 -0.075585810458972794

2.3487784745482698 -0.075585810458972794
2.3518977022701137 -0.076965856200154642

2.3518977022701137 -0.076965856200154642
2.3540942155132645 -0.077980693046091301

2.3540942155132645 -0.077980693046091301
2.3550169299919572 -0.078428415121002765

2.3550169299919572 -0.078428415121002765
2.3581361577138007 -0.07984122879343869

2.3581361577138007 -0.07984122879343869
2.3608354044034483 -0.081099920767934958

2.3608354044034483 -0.081099920767934958
2.3612553854356446 -0.081314061163274498

2.3612553854356446 -0.081314061163274498
2.3643746131574881 -0.082752661240389158

2.3643746131574881 -0.082752661240389158
2.367493840879332 -0.084211089559671395

2.367493840879332 -0.084211089559671395
2.3675091076713697 -0.0842191484897786

2.3675091076713697 -0.0842191484897786
2.3706130686011755 -0.085667969904129698

2.3706130686011755 -0.085667969904129698
2.373732296323019 -0.08709640587795392

2.373732296323019 -0.08709640587795392
2.3742141438072402 -0.087338376211622257

2.3742141438072402 -0.087338376211622257
2.3768515240448629 -0.088556374765317733

2.3768515240448629 -0.088556374765317733
2.3799707517667064 -0.089950249436871133

2.3799707517667064 -0.089950249436871133
2.3810421758000766 -0.090457603933465913

2.3810421758000766 -0.090457603933465913
2.3830899794885503 -0.091391862585028155

2.3830899794885503 -0.091391862585028155
2.3862092072103938 -0.092748817359176824

2.3862092072103938 -0.092748817359176824
2.3880665487960742 -0.093576831655309556

2.3880665487960742 -0.093576831655309556
2.3893284349322372 -0.09415111683220119

2.3893284349322372 -0.09415111683220119
2.3924476626540812 -0.095470810188745189

2.3924476626540812 -0.095470810188745189
2.395344338013865 -0.096696059377153212

2.395344338013865 -0.096696059377153212
2.3955668903759246 -0.096799467675495673

2.3955668903759246 -0.096799467675495673
2.3986861180977685 -0.098081819360708561

2.3986861180977685 -0.098081819360708561
2.401805345819612 -0.099325262375622947

2.401805345819612 -0.099325262375622947
2.4029998673744313 -0.099815287098996869

2.4029998673744313 -0.099815287098996869
2.4049245735414555 -0.10058526959101419

2.4049245735414555 -0.10058526959101419
2.4080438012632994 -0.10177062288813751

2.4080438012632994 -0.10177062288813751
2.4111630289851429 -0.10293416087296553

2.4111630289851429 -0.10293416087296553
2.411163916538658 -0.10293451482084051

2.411163916538658 -0.10293451482084051
2.4142822567069868 -0.10406372011201098

2.4142822567069868 -0.10406372011201098
2.4174014844288303 -0.10514936184318607

2.4174014844288303 -0.10514936184318607
2.4201105200266095 -0.10605374254268417

2.4201105200266095 -0.10605374254268417
2.4205207121506738 -0.10619935849598261

2.4205207121506738 -0.10619935849598261
2.4236399398725177 -0.10718137318072461

2.4236399398725177 -0.10718137318072461
2.4267591675943612 -0.10812064755183097

2.4267591675943612 -0.10812064755183097
2.4298783953162051 -0.10899672811107176

2.4298783953162051 -0.10899672811107176
2.4305112521947616 -0.10917297026452782

2.4305112521947616 -0.10917297026452782
2.4329976230380486 -0.10983655953920762

2.4329976230380486 -0.10983655953920762
2.436116850759892 -0.11061203066089241

2.436116850759892 -0.11061203066089241
2.439236078481736 -0.11133430732953514

2.439236078481736 -0.11133430732953514
2.4423553062035794 -0.11200129788613714

2.4423553062035794 -0.11200129788613714
2.4437916106277791 -0.11229219798637147

2.4437916106277791 -0.11229219798637147
2.4454745339254234 -0.11263100518697504

2.4454745339254234 -0.11263100518697504
2.4485937616472668 -0.11319901689324606

2.4485937616472668 -0.11319901689324606
2.4517129893691103 -0.11372029541683198

2.4517129893691103 -0.11372029541683198
2.4548322170909542 -0.11419457015522565

2.4548322170909542 -0.11419457015522565
2.4579514448127977 -0.11462438595733794

2.4579514448127977 -0.11462438595733794
2.4610706725346416 -0.11501184117509984

2.4610706725346416 -0.11501184117509984
2.4641899002564851 -0.11535807351630127

2.4641899002564851 -0.11535807351630127
2.4647172886617295 -0.11541142570821512

2.4647172886617295 -0.11541142570821512
2.4673091279783286 -0.1156689361768808

2.4673091279783286 -0.1156689361768808
2.4704283557001725 -0.11594182556673703

2.4704283557001725 -0.11594182556673703
2.473547583422016 -0.11617834732169935

2.473547583422016 -0.11617834732169935
2.4766668111438599 -0.11638057830318502

2.4766668111438599 -0.11638057830318502
2.4797860388657034 -0.11655042589955358

2.4797860388657034 -0.11655042589955358
2.4829052665875468 -0.11668969458680498

2.4829052665875468 -0.11668969458680498
2.4860244943093908 -0.11680012164342402

2.4860244943093908 -0.11680012164342402
2.4891437220312342 -0.11688363028460144

2.4891437220312342 -0.11688363028460144
2.4922629497530777 -0.11694257148655816

2.4922629497530777 -0.11694257148655816
2.4953821774749216 -0.11697969666676238

2.4953821774749216 -0.11697969666676238
2.4985014051967651 -0.11699790227987175

2.4985014051967651 -0.11699790227987175
2.501620632918609 -0.11699991237366325

2.501620632918609 -0.11699991237366325
2.5047398606404525 -0.11698810624882421

2.5047398606404525 -0.11698810624882421
2.507859088362296 -0.11696459588215592

2.507859088362296 -0.11696459588215592
2.5109783160841399 -0.11693145456887094

2.5109783160841399 -0.11693145456887094
2.5140975438059834 -0.11689094237329822

2.5140975438059834 -0.11689094237329822
2.5172167715278273 -0.11684548299416492

2.5172167715278273 -0.11684548299416492
2.5203359992496708 -0.11679741273374736

2.5203359992496708 -0.11679741273374736
2.5234552269715143 -0.11674877030624496

2.5234552269715143 -0.11674877030624496
2.5265744546933582 -0.11670137149756692

2.5265744546933582 -0.11670137149756692
2.5296936824152016 -0.11665701741110114

2.5296936824152016 -0.11665701741110114
2.5328129101370456 -0.11661745568005245

2.5328129101370456 -0.11661745568005245
2.535932137858889 -0.11658401564259351

2.535932137858889 -0.11658401564259351
2.5390513655807325 -0.11655733717137921

2.5390513655807325 -0.11655733717137921
2.5421705933025764 -0.11653763127553254

2.5421705933025764 -0.11653763127553254
2.5452898210244199 -0.11652532313146433

2.5452898210244199 -0.11652532313146433
2.5484090487462638 -0.11652146533873746

2.5484090487462638 -0.11652146533873746
2.5515282764681073 -0.11652762523394669

2.5515282764681073 -0.11652762523394669
2.5546475041899508 -0.11654550724971365

2.5546475041899508 -0.11654550724971365
2.5577667319117947 -0.11657652613260054

2.5577667319117947 -0.11657652613260054
2.5608859596336382 -0.11662143541596134

2.5608859596336382 -0.11662143541596134
2.5640051873554821 -0.11668045623162576

2.5640051873554821 -0.11668045623162576
2.5671244150773256 -0.11675412323608685

2.5671244150773256 -0.11675412323608685
2.5702436427991691 -0.116844090197881

2.5702436427991691 -0.116844090197881
2.573362870521013 -0.11695281318954455

2.573362870521013 -0.11695281318954455
2.5764820982428565 -0.11708204339979288

2.5764820982428565 -0.11708204339979288
2.5796013259647004 -0.11723185043137789

2.5796013259647004 -0.11723185043137789
2.5827205536865439 -0.11740151265490366

2.5827205536865439 -0.11740151265490366
2.5858397814083873 -0.1175907060359994

2.5858397814083873 -0.1175907060359994
2.5889590091302312 -0.11779974001937782

2.5889590091302312 -0.11779974001937782
2.5920782368520747 -0.1180296874651761

2.5920782368520747 -0.1180296874651761
2.5951974645739186 -0.11828183639394074

2.5951974645739186 -0.11828183639394074
2.5980167020880454 -0.11853065343005878

2.5980167020880454 -0.11853065343005878
2.5983166922957621 -0.11855763551588272

2.5983166922957621 -0.11855763551588272
2.6014359200176056 -0.11885514164727287

2.6014359200176056 -0.11885514164727287
2.6045551477394495 -0.11917472225275211

2.6045551477394495 -0.11917472225275211
2.607674375461293 -0.11951461501128072

2.607674375461293 -0.11951461501128072
2.6107936031831369 -0.11987436090093678

2.6107936031831369 -0.11987436090093678
2.6139128309049804 -0.12025345545521907

2.6139128309049804 -0.12025345545521907
2.6170320586268239 -0.1206510259217803

2.6170320586268239 -0.1206510259217803
2.6201512863486678 -0.12106647694045787

2.6201512863486678 -0.12106647694045787
2.6232705140705113 -0.12149486155719989

2.6232705140705113 -0.12149486155719989
2.6243476710358267 -0.12164988115190242

2.6243476710358267 -0.12164988115190242
2.6263897417923552 -0.12194064958816507

2.6263897417923552 -0.12194064958816507
2.6295089695141987 -0.12239306592688441

2.6295089695141987 -0.12239306592688441
2.6326281972360421 -0.12285989345582508

2.6326281972360421 -0.12285989345582508
2.6357474249578861 -0.12333919707278511

2.6357474249578861 -0.12333919707278511
2.6388666526797295 -0.12383017899955144

2.6388666526797295 -0.12383017899955144
2.6419858804015734 -0.12433339231985778

2.6419858804015734 -0.12433339231985778
2.6446100549535911 -0.12476910887374608

2.6446100549535911 -0.12476910887374608
2.6451051081234169 -0.12485375142658743

2.6451051081234169 -0.12485375142658743
2.6482243358452604 -0.12538249266438475

2.6482243358452604 -0.12538249266438475
2.6513435635671043 -0.12592787560958443

2.6513435635671043 -0.12592787560958443
2.6544627912889478 -0.12648757554948908

2.6544627912889478 -0.12648757554948908
2.6575820190107917 -0.12706227478826237

2.6575820190107917 -0.12706227478826237
2.6607012467326352 -0.12764632842158127

2.6607012467326352 -0.12764632842158127
2.6619412045336768 -0.12788833659558974

2.6619412045336768 -0.12788833659558974
2.6638204744544787 -0.1282516142206459

2.6638204744544787 -0.1282516142206459
2.6669397021763226 -0.12885467293184399

2.6669397021763226 -0.12885467293184399
2.6700589298981661 -0.12946531220902349

2.6700589298981661 -0.12946531220902349
2.6731781576200095 -0.13007630012752339

2.6731781576200095 -0.13007630012752339
2.6762973853418535 -0.1306800662531635

2.6762973853418535 -0.1306800662531635
2.6779780772890938 -0.13100756431743338

2.6779780772890938 -0.13100756431743338
2.6794166130636969 -0.13128887009842602

2.6794166130636969 -0.13128887009842602
2.6825358407855409 -0.13187906180065664

2.6825358407855409 -0.13187906180065664
2.6856550685073843 -0.13246334264369028

2.6856550685073843 -0.13246334264369028
2.6887742962292278 -0.13303511269479809

2.6887742962292278 -0.13303511269479809
2.6918935239510717 -0.13359264068375706

2.6918935239510717 -0.13359264068375706
2.6949589524501678 -0.13412679203927705

2.6949589524501678 -0.13412679203927705
2.6950127516729152 -0.13413657265246107

2.6950127516729152 -0.13413657265246107
2.6981319793947591 -0.13466673697611906

2.6981319793947591 -0.13466673697611906
2.7012512071166026 -0.1351839653807303

2.7012512071166026 -0.1351839653807303
2.7043704348384461 -0.13568586180438033

2.7043704348384461 -0.13568586180438033
2.70748966256029 -0.13617109967376087

2.70748966256029 -0.13617109967376087
2.7106088902821335 -0.13663788203816721

2.7106088902821335 -0.13663788203816721
2.7137281180039774 -0.13708316076922239

2.7137281180039774 -0.13708316076922239
2.7148937328178531 -0.13724601976112069

2.7148937328178531 -0.13724601976112069
2.7168473457258209 -0.13751640385239586

2.7168473457258209 -0.13751640385239586
2.7199665734476643 -0.1379239136464204

2.7199665734476643 -0.1379239136464204
2.7230858011695083 -0.13830813193464633

2.7230858011695083 -0.13830813193464633
2.7262050288913517 -0.13866802466536743

2.7262050288913517 -0.13866802466536743
2.7293242566131957 -0.13900271482738774

2.7293242566131957 -0.13900271482738774
2.7324434843350391 -0.13931105781226852

2.7324434843350391 -0.13931105781226852
2.7355627120568826 -0.13959187416704155

2.7355627120568826 -0.13959187416704155
2.7386819397787265 -0.13984402152802466

2.7386819397787265 -0.13984402152802466
2.74180116750057 -0.14006680312954567

2.74180116750057 -0.14006680312954567
2.7449203952224139 -0.14025985597105212

2.7449203952224139 -0.14025985597105212
2.7469238134670655 -0.14036524748296433

2.7469238134670655 -0.14036524748296433
2.7480396229442574 -0.14042409667699851

2.7480396229442574 -0.14042409667699851
2.7511588506661009 -0.14055814586689561

2.7511588506661009 -0.14055814586689561
2.7542780783879448 -0.14066313731597382

2.7542780783879448 -0.14066313731597382
2.7573973061097883 -0.14073996459035309

2.7573973061097883 -0.14073996459035309
2.7605165338316322 -0.14079022752787487

2.7605165338316322 -0.14079022752787487
2.7636357615534757 -0.14081579890371707

2.7636357615534757 -0.14081579890371707
2.7667549892753192 -0.1408185323030324

2.7667549892753192 -0.1408185323030324
2.7698742169971631 -0.14080018496548294

2.7698742169971631 -0.14080018496548294
2.7729934447190066 -0.14076247729506353

2.7729934447190066 -0.14076247729506353
2.7761126724408505 -0.1407071614011858

2.7761126724408505 -0.1407071614011858
2.7792319001626939 -0.1406359230832053

2.7792319001626939 -0.1406359230832053
2.7823511278845374 -0.14055036055582559

2.7823511278845374 -0.14055036055582559
2.7854703556063813 -0.14045216248456802

2.7854703556063813 -0.14045216248456802
2.7879382425137798 -0.14036524748296433

2.7879382425137798 -0.14036524748296433
2.7885895833282248 -0.14034217950480204

2.7885895833282248 -0.14034217950480204
2.7917088110500687 -0.14022134974697861

2.7917088110500687 -0.14022134974697861
2.7948280387719122 -0.14008992423344649

2.7948280387719122 -0.14008992423344649
2.7979472664937557 -0.13994906842863411

2.7979472664937557 -0.13994906842863411
2.8010664942155996 -0.13980007143312712

2.8010664942155996 -0.13980007143312712
2.8041857219374431 -0.13964444335719708

2.8041857219374431 -0.13964444335719708
2.807304949659287 -0.13948376148366731

2.807304949659287 -0.13948376148366731
2.8104241773811305 -0.13931962071723822

2.8104241773811305 -0.13931962071723822
2.813543405102974 -0.13915374333075986

2.813543405102974 -0.13915374333075986
2.8166626328248179 -0.13898798760296976

2.8166626328248179 -0.13898798760296976
2.8197818605466614 -0.13882426723510843

2.8197818605466614 -0.13882426723510843
2.8229010882685053 -0.13866446484474731

2.8229010882685053 -0.13866446484474731
2.8260203159903488 -0.13851034919668034

2.8260203159903488 -0.13851034919668034
2.8291395437121922 -0.13836349088592784

2.8291395437121922 -0.13836349088592784
2.8322587714340361 -0.13822512841329762

2.8322587714340361 -0.13822512841329762
2.8353779991558796 -0.13809609363897021

2.8353779991558796 -0.13809609363897021
2.8384972268777231 -0.13797678907087479

2.8384972268777231 -0.13797678907087479
2.841616454599567 -0.13786721909209859

2.841616454599567 -0.13786721909209859
2.8447356823214105 -0.13776707444980413

2.8447356823214105 -0.13776707444980413
2.8478549100432544 -0.13767586148643171

2.8478549100432544 -0.13767586148643171
2.8509741377650979 -0.13759305292099464

2.8509741377650979 -0.13759305292099464
2.8540933654869414 -0.13751823187983386

2.8540933654869414 -0.13751823187983386
2.8572125932087853 -0.13745122894672435

2.8572125932087853 -0.13745122894672435
2.8603318209306288 -0.137392243386107

2.8603318209306288 -0.137392243386107
2.8634510486524727 -0.13734191470194174

2.8634510486524727 -0.13734191470194174
2.8665702763743162 -0.13730129787986736

2.8665702763743162 -0.13730129787986736
2.8696895040961596 -0.13727187996639439

2.8696895040961596 -0.13727187996639439
2.8728087318180036 -0.13725536899120067

2.8728087318180036 -0.13725536899120067
2.875927959539847 -0.13725348965707188

2.875927959539847 -0.13725348965707188
2.879047187261691 -0.13726745499717793

2.879047187261691 -0.13726745499717793
2.8821664149835344 -0.13729775438201963

2.8821664149835344 -0.13729775438201963
2.8852856427053779 -0.13734434912763954

2.8852856427053779 -0.13734434912763954
2.8884048704272218 -0.13740640954192757

2.8884048704272218 -0.13740640954192757
2.8915240981490653 -0.13748228576931415

2.8915240981490653 -0.13748228576931415
2.8946433258709092 -0.13756970004123423

2.8946433258709092 -0.13756970004123423
2.8977625535927527 -0.13766608530127059

2.8977625535927527 -0.13766608530127059
2.9008817813145962 -0.13776895371002235

2.9008817813145962 -0.13776895371002235
2.9040010090364401 -0.13787619113402341

2.9040010090364401 -0.13787619113402341
2.9071202367582836 -0.1379862533886175

2.9071202367582836 -0.1379862533886175
2.9102394644801275 -0.13809826458461674

2.9102394644801275 -0.13809826458461674
2.913358692201971 -0.13821197574700028

2.913358692201971 -0.13821197574700028
2.9164779199238144 -0.13832759813680906

2.9164779199238144 -0.13832759813680906
2.9195971476456584 -0.13844558186836123

2.9195971476456584 -0.13844558186836123
2.9227163753675018 -0.13856641009456505

2.9227163753675018 -0.13856641009456505
2.9258356030893458 -0.1386903445597274

2.9258356030893458 -0.1386903445597274
2.9289548308111892 -0.1388171701874506

2.9289548308111892 -0.1388171701874506
2.9320740585330327 -0.13894602839955353

2.9320740585330327 -0.13894602839955353
2.9351932862548766 -0.13907547482023641

2.9351932862548766 -0.13907547482023641
2.9383125139767201 -0.13920364880908426

2.9383125139767201 -0.13920364880908426
2.941431741698564 -0.13932839860962534

2.941431741698564 -0.13932839860962534
2.9445509694204075 -0.13944741424630855

2.9445509694204075 -0.13944741424630855
2.947670197142251 -0.1395583474595046

2.947670197142251 -0.1395583474595046
2.9507894248640949 -0.13965899526172876

2.9507894248640949 -0.13965899526172876
2.9539086525859384 -0.1397474756634787

2.9539086525859384 -0.1397474756634787
2.9570278803077823 -0.13982232445471976

2.9570278803077823 -0.13982232445471976
2.9601471080296258 -0.13988253758556793

2.9601471080296258 -0.13988253758556793
2.9632663357514692 -0.13992758538891228

2.9632663357514692 -0.13992758538891228
2.9663855634733132 -0.1399573734591863

2.9663855634733132 -0.1399573734591863
2.9695047911951566 -0.13997212521343791

2.9695047911951566 -0.13997212521343791
2.9726240189170006 -0.13997221962005607

2.9726240189170006 -0.13997221962005607
2.975743246638844 -0.13995805712080317

2.975743246638844 -0.13995805712080317
2.9788624743606875 -0.13992997815264657

2.9788624743606875 -0.13992997815264657
2.9819817020825314 -0.13988818170469117

2.9819817020825314 -0.13988818170469117
2.9851009298043749 -0.13983260435974823

2.9851009298043749 -0.13983260435974823
2.9882201575262188 -0.1397628207598961

2.9882201575262188 -0.1397628207598961
2.9913393852480623 -0.13967807763609427

2.9913393852480623 -0.13967807763609427
2.9944586129699058 -0.13957746517704331

2.9944586129699058 -0.13957746517704331
2.9975778406917497 -0.13946011309285722

2.9975778406917497 -0.13946011309285722
3.0006970684135932 -0.13932533297740099

3.0006970684135932 -0.13932533297740099
3.0038162961354371 -0.13917272888694512

3.0038162961354371 -0.13917272888694512
3.0069355238572806 -0.13900233600010201

3.0069355238572806 -0.13900233600010201
3.0100547515791241 -0.13881481065861198

3.0100547515791241 -0.13881481065861198
3.013173979300968 -0.13861124093167246

3.013173979300968 -0.13861124093167246
3.0162932070228115 -0.13839293130833236

3.0162932070228115 -0.13839293130833236
3.0194124347446549 -0.13816134726054097

3.0194124347446549 -0.13816134726054097
3.0225316624664988 -0.13791800306829388

3.0225316624664988 -0.13791800306829388
3.0256508901883423 -0.13766458728060496

3.0256508901883423 -0.13766458728060496
3.0287701179101862 -0.13740360098094628

3.0287701179101862 -0.13740360098094628
3.030595928431969 -0.13724601976112069

3.030595928431969 -0.13724601976112069
3.0318893456320297 -0.13713394729565431

3.0318893456320297 -0.13713394729565431
3.0350085733538732 -0.13686053740845899

3.0350085733538732 -0.13686053740845899
3.0381278010757171 -0.13658086933598818

3.0381278010757171 -0.13658086933598818
3.0412470287975606 -0.13629639445526331

3.0412470287975606 -0.13629639445526331
3.0443662565194045 -0.13600729528184977

3.0443662565194045 -0.13600729528184977
3.047485484241248 -0.13571354634653032

3.047485484241248 -0.13571354634653032
3.0506047119630915 -0.13541506923831986

3.0506047119630915 -0.13541506923831986
3.0537239396849354 -0.13511199036620583

3.0537239396849354 -0.13511199036620583
3.0568431674067789 -0.13480494417896102

3.0568431674067789 -0.13480494417896102
3.0599623951286228 -0.13449500327811056

3.0599623951286228 -0.13449500327811056
3.0630816228504663 -0.13418462433602091

3.0630816228504663 -0.13418462433602091
3.0636511139169422 -0.13412679203927705

3.0636511139169422 -0.13412679203927705
3.0662008505723097 -0.13387197404098827

3.0662008505723097 -0.13387197404098827
3.0693200782941537 -0.13356171417370169

3.0693200782941537 -0.13356171417370169
3.0724393060159971 -0.13325369214796073

3.0724393060159971 -0.13325369214796073
3.075558533737841 -0.13294944143523496

3.075558533737841 -0.13294944143523496
3.0786777614596845 -0.13265010328762755

3.0786777614596845 -0.13265010328762755
3.081796989181528 -0.13235654140499986

3.081796989181528 -0.13235654140499986
3.0849162169033719 -0.1320692484972793

3.0849162169033719 -0.1320692484972793
3.0880354446252154 -0.13178837326192305

3.0880354446252154 -0.13178837326192305
3.0911546723470593 -0.13151383664228963

3.0911546723470593 -0.13151383664228963
3.0942739000689028 -0.13124553679364936

3.0942739000689028 -0.13124553679364936
3.0971048931918417 -0.13100756431743338

3.0971048931918417 -0.13100756431743338
3.0973931277907463 -0.13098291935650949

3.0973931277907463 -0.13098291935650949
3.1005123555125902 -0.13072741621016321

3.1005123555125902 -0.13072741621016321
3.1036315832344337 -0.1304776753937473

3.1036315832344337 -0.1304776753937473
3.1067508109562776 -0.13023392108193929

3.1067508109562776 -0.13023392108193929
3.1098700386781211 -0.1299957648700853

3.1098700386781211 -0.1299957648700853
3.1129892663999645 -0.12976266460704239

3.1129892663999645 -0.12976266460704239
3.1161084941218085 -0.1295340614504403

3.1161084941218085 -0.1295340614504403
3.1192277218436519 -0.12930951804793767

3.1192277218436519 -0.12930951804793767
3.1223469495654959 -0.12908879786366262

3.1223469495654959 -0.12908879786366262
3.1254661772873393 -0.12887191615259239

3.1254661772873393 -0.12887191615259239
3.1285854050091828 -0.12865916451155743

3.1285854050091828 -0.12865916451155743
3.1317046327310267 -0.12845102758760896

3.1317046327310267 -0.12845102758760896
3.1348238604528702 -0.1282479876827822

3.1348238604528702 -0.1282479876827822
3.1379430881747141 -0.12805037735860686

3.1379430881747141 -0.12805037735860686
3.1405674471684151 -0.12788833659558974

3.1405674471684151 -0.12788833659558974
3.1410623158965576 -0.12785746173122009

3.1410623158965576 -0.12785746173122009
3.1441815436184011 -0.12766988296892101

3.1441815436184011 -0.12766988296892101
3.147300771340245 -0.12748556605866299

3.147300771340245 -0.12748556605866299
3.1504199990620885 -0.12730330535038567

3.1504199990620885 -0.12730330535038567
3.1535392267839324 -0.1271211987637024

3.1535392267839324 -0.1271211987637024
3.1566584545057759 -0.12693715763270297

3.1566584545057759 -0.12693715763270297
3.1597776822276193 -0.12674908416764752

3.1597776822276193 -0.12674908416764752
3.1628969099494633 -0.12655505153484514

3.1628969099494633 -0.12655505153484514
3.1660161376713067 -0.12635345348543411

3.1660161376713067 -0.12635345348543411
3.1691353653931507 -0.12614311707423861

3.1691353653931507 -0.12614311707423861
3.1722545931149941 -0.12592336225775932

3.1722545931149941 -0.12592336225775932
3.1753738208368376 -0.125694011276693

3.1753738208368376 -0.125694011276693
3.1784930485586815 -0.12545533355104335

3.1784930485586815 -0.12545533355104335
3.181612276280525 -0.12520797972212117

3.181612276280525 -0.12520797972212117
3.1847315040023689 -0.12495324597692986

3.1847315040023689 -0.12495324597692986
3.18691983315385 -0.12476910887374608

3.18691983315385 -0.12476910887374608
3.1878507317242124 -0.1246900872102962

3.1878507317242124 -0.1246900872102962
3.1909699594460559 -0.12442262757475202

3.1909699594460559 -0.12442262757475202
3.1940891871678998 -0.12428697835249573

