-12.0,-2.1147182254748625e-6,-3.9925443552499784e-6,0.0007752977114565029,-0.0007774124296819777
-11.988,-2.0501774955460073e-6,-4.1243822913748266e-6,0.0007890517284193958,-0.0007911019059149418
-11.976,-1.985614018786691e-6,-1.551823257387313e-6,0.0008026930193966473,-0.000804678633415434
-11.964,-1.920996645471103e-6,5.286093492718287e-7,0.0008162196287947085,-0.0008181406254401797
-11.952,-1.8563044694559988e-6,-4.5292570865834944e-7,0.0008296296174707142,-0.0008314859219401702
-11.94,-1.7915247286767527e-6,-3.1620788600784396e-6,0.0008429210630106351,-0.0008447125877393118
-11.928,-1.726619342786004e-6,-4.060751351187794e-6,0.0008560920600049892,-0.0008578186793477752
-11.916,-1.6615963277145538e-6,-1.9185127605119205e-6,0.0008691407203221552,-0.0008708023166498698
-11.904,-1.5964445033589012e-6,6.174949881128241e-7,0.0008820651733791604,-0.0008836616178825193
-11.892,-1.5312038143382731e-6,3.97200249926603e-7,0.0008948635664099982,-0.0008963947702243365
-11.88,-1.4659013283871165e-6,-2.2152876930717538e-6,0.0009075340647313508,-0.0009089999660597379
-11.868,-1.4005736715871561e-6,-3.804894099132461e-6,0.0009200748520057603,-0.0009214754256773475
-11.856,-1.33517891776503e-6,-2.259824864356826e-6,0.0009324841305021185,-0.0009338193094198835
-11.844,-1.2697341388555328e-6,5.34850606378129e-7,0.0009447601213535364,-0.0009460298554923919
-11.832,-1.2042451886134283e-6,1.0999266882318531e-6,0.0009569010648124683,-0.0009581053100010818
-11.82,-1.1386533273569782e-6,-1.201440661291842e-6,0.0009689052205031364,-0.0009700438738304934
-11.808,-1.0729357365689245e-6,-3.3506488011952005e-6,0.0009807708676711237,-0.0009818438034076926
-11.796,-1.0071148721618305e-6,-2.5220714084389905e-6,0.0009924963054302044,-0.0009935034203023662
-11.784,-9.411756566476102e-7,3.133712063406917e-7,0.0010040798530062927,-0.0010050210286629403
-11.772,-8.75133879374608e-7,1.6251856950560467e-6,0.0010155198499785178,-0.0010163949838578924
-11.76,-8.090648260467102e-7,-1.7510916973239555e-7,0.0010268146565173815,-0.0010276237213434282
-11.748,-7.429185037162011e-7,-2.7075676765950027e-6,0.0010379626536199523,-0.0010387055721236685
-11.736,-6.767371152544867e-7,-2.6576530494240978e-6,0.0010489622433420907,-0.0010496389804573452
-11.724,-6.105262738279656e-7,-2.9427301500297577e-9,0.001059811849027636,-0.001060422375301464
-11.712,-5.442342685304646e-7,1.957197369623024e-6,0.0010705099155345517,-0.0010710541498030822
-11.7,-4.778783745009851e-7,8.081853839540946e-7,0.0010810549094579752,-0.0010815327878324762
-11.688,-4.11415558294664e-7,-1.9001841918619428e-6,0.0010914453193501634,-0.001091856734908458
-11.676,-3.448148190455646e-7,-2.6288811283664706e-6,0.0011016796559372784,-0.001102024470756324
-11.664,-2.781063447724382e-7,-3.6228900001934403e-7,0.0011117564523329966,-0.001112034558677769
-11.652,-2.113307180997854e-7,2.0957528803092853e-6,0.001121674264248903,-0.0011218855949670027
-11.64,-1.4447972713528545e-7,1.6964069106532983e-6,0.0011314316702016544,-0.0011315761499287897
-11.628,-7.757600809063687e-8,-9.660808919024198e-7,0.0011410272717168632,-0.0011411048477249538
-11.616,-1.0634409164248307e-8,-2.4110136539903236e-6,0.0011504596935296837,-0.001150470327938848
-11.604,5.634024964878276e-8,-7.091975765881569e-7,0.0011597275837820656,-0.0011596712435324168
-11.592,1.233665391287865e-7,2.05625450801676e-6,0.001168829614216661,-0.0011687062476775322
-11.58,1.9048737156515325e-7,2.4451691088659058e-6,0.0011777644803673416,-0.0011775739929957764
-11.568,2.576717978300738e-7,4.7089879690921716e-8,0.0011865309017462901,-0.00118627322994846
-11.556,3.249906455795714e-7,-1.994261217864704e-6,0.0011951276220276796,-0.0011948026313821
-11.544,3.924191094063518e-7,-9.889651997891898e-7,0.0012035534092278588,-0.0012031609901184525
-11.532,4.5996407187806447e-7,1.8685072339261938e-6,0.0012118070558820777,-0.0012113470918101996
-11.52,5.275537509296085e-7,3.0212956125022727e-6,0.001219887379217659,-0.0012193598254667294
-11.508,5.951739443137496e-7,1.0853960324709336e-6,0.0012277932213236652,-0.0012271980473793514
-11.496,6.628328794633289e-7,-1.3846005476834976e-6,0.0012355234493169691,-0.0012348606164375058
-11.484,7.305370581559782e-7,-1.1520365746725281e-6,0.001243076955504765,-0.001242346418446609
-11.472,7.982730036565616e-7,1.5743562418145186e-6,0.0012504526575434335,-0.001249654384539777
-11.46,8.661114097884871e-7,3.4054900103746755e-6,0.0012576494985938008,-0.0012567833871840123
-11.448,9.339968697753658e-7,2.092924941706508e-6,0.0012646664474727216,-0.0012637324506029463
-11.436,1.0020263395069118e-6,-6.033284654712272e-7,0.0012715024988009915,-0.0012705004724614846
-11.424,1.0701593201761263e-6,-1.1579817151200002e-6,0.0012781566731475495,-0.0012770865138273734
-11.412,1.1383751258016526e-6,1.2243571432113044e-6,0.0012846280171699724,-0.0012834896420441707
-11.4,1.206654825417321e-6,3.5939005756060517e-6,0.0012909156037512154,-0.001289708948925798
-11.388,1.2750047747713076e-6,3.0162489512084512e-6,0.0012970185321325965,-0.0012957435273578252
-11.376,1.3433577259059758e-6,3.146104153812026e-7,0.0013029359280430021,-0.0013015925703170961
-11.364,1.4117337180624256e-6,-9.787505900647967e-7,0.0013086669438242863,-0.0013072552101062239
-11.352,1.4801601717780687e-6,8.737434485187963e-7,0.0013142107585528684,-0.0013127305983810904
-11.34,1.5486659122392835e-6,3.5984525236437537e-6,0.0013195665781574745,-0.0013180179122452352
-11.328,1.6172434684862385e-6,3.8087003366459647e-6,0.0013247336355330511,-0.0013231163920645649
-11.316,1.6859368151703278e-6,1.323390773588014e-6,0.0013297111906507904,-0.00132802525383562
-11.304,1.7547259799756496e-6,-6.009434425614548e-7,0.0013344985306642915,-0.0013327438046843159
-11.292,1.8236004085258207e-6,5.780124861417123e-7,0.0013390949700118036,-0.0013372713696032778
-11.28,1.8925544290071279e-6,3.445918940085782e-6,0.0013434998505145737,-0.0013416072960855665
-11.268,1.961547806315477e-6,4.434113489218819e-6,0.0013477125414712535,-0.001345750993664938
-11.256,2.0305720053526762e-6,2.369949200570526e-6,0.0013517324397483775,-0.0013497018677430248
-11.244,2.0996270010630296e-6,-2.691335794869186e-8,0.001355558969866873,-0.00135345934286581
-11.232,2.1687056538737502e-6,3.8848208041225514e-7,0.0013591915840846193,-0.0013570228784307455
-11.22,2.237865317444637e-6,3.1758023128523625e-6,0.0013626297624750154,-0.0013603918971575707
-11.208,2.307067124969432e-6,4.869734013732969e-6,0.0013658730130015693,-0.0013635659458765999
-11.196,2.376395480390304e-6,3.398212663844016e-6,0.0013689208715884807,-0.0013665444761080904
-11.184,2.44581796118447e-6,7.253893122535646e-7,0.0013717729021872117,-0.0013693270842260272
-11.172,2.5153302507286996e-6,3.481733335638562e-7,0.0013744286968390468,-0.001371913366588318
-11.16,2.5849073830685586e-6,2.83719386463573e-6,0.0013768878757336152,-0.0013743029683505467
-11.148,2.6545684010631336e-6,5.10806049545169e-6,0.001379150087263382,-0.001376495518862319
-11.136,2.7241959906633244e-6,4.3535757254346965e-6,0.0013812150080740892,-0.001378490812083426
-11.124,2.7938857231368276e-6,1.6238206114104634e-6,0.0013830823431111498,-0.001380288457388013
-11.112,2.8635836996848078e-6,4.883494328589007e-7,0.0013847518256619813,-0.0013818882419622965
-11.1,2.9333371543858924e-6,2.484859945014299e-6,0.001386223217394272,-0.0013832898802398862
-11.088,3.003154676161756e-6,5.15746958209955e-6,0.0013874963083901801,-0.0013844931537140184
-11.076,3.0730909594770678e-6,5.18726888053355e-6,0.0013885709171764567,-0.0013854978262169797
-11.064,3.143102874314258e-6,2.624584849814374e-6,0.001389446890750488,-0.0013863037878761738
-11.052,3.213223793567619e-6,8.259885949281755e-7,0.0013901241046022576,-0.00138691088080869
-11.04,3.2834031602970055e-6,2.174867038238616e-6,0.0013906024627322155,-0.0013873190595719185
-11.028,3.353626477498343e-6,5.041572052235694e-6,0.0013908818976650678,-0.0013875282711875694
-11.016,3.4238685337000495e-6,5.860268395992911e-6,0.0013909623704594664,-0.0013875385019257664
-11.004,3.494146674668441e-6,3.675713558035962e-6,0.0013908438707136129,-0.0013873497240389444
-10.992,3.5644357489449108e-6,1.3623950939795836e-6,0.001390526416566765,-0.0013869619808178201
-10.98,3.634758109745959e-6,1.96009444287901e-6,0.0013900100546966516,-0.0013863752965869057
-10.968,3.7051802246703715e-6,4.797348915310145e-6,0.001389294860312795,-0.0013855896800881247
-10.956,3.7756666490837247e-6,6.346434010247068e-6,0.00138838093714574,-0.0013846052704966562
-10.944,3.846255909912676e-6,4.721205065934045e-6,0.0013872684174321933,-0.0013834221615222806
-10.932,3.916932926867128e-6,2.0830616890927237e-6,0.001385957461896074,-0.001382040528969207
-10.92,3.987669034767908e-6,1.8859933685509974e-6,0.0013844482597254793,-0.0013804605906907114
-10.908,4.0584396970634075e-6,4.472214267532023e-6,0.0013827410285455679,-0.0013786825888485045
-10.896,4.129298077069606e-6,6.634621992896948e-6,0.0013808360143873625,-0.0013767067163102929
-10.884,4.200105463782449e-6,5.705494856840846e-6,0.0013787334916524818,-0.0013745333861886993
-10.872,4.270958219273037e-6,2.958796919480707e-6,0.001376433763073801,-0.001372162804854528
-10.86,4.341837561106345e-6,1.9869321721043263e-6,0.001373937159672052,-0.0013695953221109457
-10.848,4.412781311379172e-6,4.120237743883893e-6,0.0013712440407083618,-0.0013668312593969826
-10.836,4.483813145295676e-6,6.729602507988792e-6,0.0013683547936327453,-0.0013638709804874496
-10.824,4.554928968618973e-6,6.577899742438567e-6,0.0013652698340285523,-0.0013607149050599333
-10.812,4.626146522841365e-6,3.948029579707535e-6,0.0013619896055528829,-0.0013573634590300415
-10.8,4.697408630994831e-6,2.2834212725042744e-6,0.0013585145798729714,-0.0013538171712419765
-10.788,4.768734742828257e-6,3.797827106475613e-6,0.0013548452565985566,-0.0013500765218557283
-10.776,4.840069786165224e-6,6.651705528293803e-6,0.001350982163210247,-0.0013461420934240819
-10.764,4.9114218143955e-6,7.296680279428206e-6,0.001346925854983881,-0.0013420144331694854
-10.752,4.982789948654613e-6,5.000108375345365e-6,0.0013426769149109115,-0.0013376941249622569
-10.74,5.054182617368922e-6,2.780441508202596e-6,0.0013382359536148,-0.0013331817709974312
-10.728,5.125622205695091e-6,3.5592152716762065e-6,0.0013336036092634691,-0.001328477987057774
-10.716,5.197178871954979e-6,6.435221071185765e-6,0.0013287805474777826,-0.0013235833686058276
-10.704,5.268788432583656e-6,7.832395662858876e-6,0.0013237674612361049,-0.0013184986728035212
-10.692,5.3404921620261395e-6,6.059334769472952e-6,0.0013185650707749246,-0.0013132245786128985
-10.68,5.412277430407201e-6,3.4670118876819014e-6,0.0013131741234855808,-0.0013077618460551736
-10.668,5.484089721178231e-6,3.4521124538474117e-6,0.0013075953938070828,-0.0013021113040859046
-10.656,5.555923612158512e-6,6.12567924130533e-6,0.0013018296831150624,-0.0012962737595029038
-10.644,5.627778609918095e-6,8.170281256084455e-6,0.001295877819606847,-0.0012902500409969289
-10.632,5.6996296356971645e-6,7.069407862263956e-6,0.0012897406581827086,-0.0012840410285470114
-10.62,5.771519555883026e-6,4.317033836467519e-6,0.00128341908032326,-0.001277647560767377
-10.608,5.84342901958218e-6,3.513871599989365e-6,0.0012769139939630546,-0.0012710705649434724
-10.596,5.915427528390945e-6,5.776225409615519e-6,0.001270226333360384,-0.001264310905831993
-10.584,5.987503958488271e-6,8.311456557093701e-6,0.0012633570589633035,-0.0012573695550048153
-10.572,6.059673126045887e-6,7.977926520120962e-6,0.001256307157271906,-0.00125024748414586
-10.56,6.131939117372557e-6,5.291346996090854e-6,0.0012490776406968455,-0.001242945701579473
-10.548,6.204185770044852e-6,3.7684749754898544e-6,0.0012416695474141606,-0.0012354653616441157
-10.536,6.276486686389695e-6,5.443378702071424e-6,0.0012340839412163923,-0.0012278074545300026
-10.524,6.348803680003394e-6,8.272864540430923e-6,0.0012263219113600352,-0.0012199731076800318
-10.512,6.4211132736486515e-6,8.74058864992969e-6,0.0012183845724093284,-0.0012119634591356797
-10.5,6.493457911909122e-6,6.340834586653403e-6,0.0012102730640764225,-0.0012037796061645134
-10.488,6.565785997539016e-6,4.224584694025902e-6,0.0012019885510579395,-0.0011954227650604005
-10.476,6.638236631696225e-6,5.182511879798678e-6,0.0011935322228679524,-0.0011868939862362561
-10.464,6.710742576467596e-6,8.085944605221326e-6,0.001184905293667389,-0.0011781945510909214
-10.452,6.78333110283591e-6,9.324751001757099e-6,0.0011761090020899322,-0.0011693256709870963
-10.44,6.855982224701369e-6,7.410332049356166e-6,0.0011671446110643742,-0.0011602886288396728
-10.428,6.928712115321584e-6,4.874815408782705e-6,0.0011580134076335192,-0.0011510846955181976
-10.416,7.001431357231587e-6,5.043413723717132e-6,0.001148716702769597,-0.0011417152714123654
-10.404,7.074155685177566e-6,7.794142670942104e-6,0.001139255831186272,-0.0011321816755010944
-10.392,7.146888731604777e-6,9.712063306220568e-6,0.001129632151147235,-0.0011224852624156301
-10.38,7.219606040417001e-6,8.443027877174141e-6,0.0011198470442714097,-0.0011126274382309927
-10.368,7.2924036596388065e-6,5.696289903746155e-6,0.0011099019153348244,-0.0011026095116751856
-10.356,7.365230955940199e-6,5.066289179209883e-6,0.0010997981920691537,-0.0010924329611132135
-10.344,7.438154118332048e-6,7.4494552080845785e-6,0.0010895373249569745,-0.0010820991708386425
-10.332,7.511128283268966e-6,9.899964028930883e-6,0.0010791207870237476,-0.0010716096587404787
-10.32,7.5841869737309185e-6,9.385005537574487e-6,0.0010685500736265785,-0.0010609658866528476
-10.308,7.657302932240814e-6,6.652435858315436e-6,0.0010578267022397674,-0.0010501693993075266
-10.296,7.730408211167189e-6,5.278518256365251e-6,0.0010469522122371975,-0.0010392218040260303
-10.284,7.80352950789133e-6,7.108281704054869e-6,0.001035928164671565,-0.0010281246351636737
-10.272,7.876627559870583e-6,9.901915611962126e-6,0.0010247561420505162,-0.0010168795144906457
-10.26,7.949789425960516e-6,1.0189563320066058e-5,0.0010134377481097008,-0.0010054879586837403
-10.248,8.022906361868695e-6,7.695882643319846e-6,0.0010019746075827845,-0.0009939517012209158
-10.236,8.096107806718602e-6,5.692434678908601e-6,0.0009903683659684408,-0.0009822722581617222
-10.224,8.169357551398465e-6,6.826915989628635e-6,0.0009786206892943754,-0.0009704513317429769
-10.212,8.242740412562092e-6,9.746357680912276e-6,0.0009667332638784021,-0.00095849052346584
-10.2,8.316143492435781e-6,1.0820965931186016e-5,0.0009547077960866064,-0.0009463916525941706
-10.188,8.389622969562252e-6,8.772228693666953e-6,0.0009425460120886452,-0.000934156389119083
-10.176,8.463076913261245e-6,6.3043042407025165e-6,0.0009302496576101774,-0.0009217865806969162
-10.164,8.536566980324413e-6,6.6570364584987905e-6,0.0009178204976825359,-0.0009092839307022115
-10.152,8.610028282490865e-6,9.474459216082857e-6,0.000905260316389583,-0.0008966502881070921
-10.14,8.683511062373517e-6,1.125732637515735e-5,0.000892570916611872,-0.0008838874055494985
-10.128,8.756969847066327e-6,9.824379847540001e-6,0.0008797541197680774,-0.000870997149921011
-10.116,8.830524222450207e-6,7.094587244532982e-6,0.0008668117655538063,-0.0008579812413313561
-10.104,8.904122170095771e-6,6.6415561013417905e-6,0.0008537457116777506,-0.0008448415895076549
-10.092,8.977784525360656e-6,9.136846956810765e-6,0.0008405578335952881,-0.0008315800490699274
-10.08,9.051532826547903e-6,1.1492385572474876e-5,0.0008272500242395017,-0.0008181984914129537
-10.068,9.1253266203908e-6,1.0797112696378058e-5,0.0008138241937497402,-0.0008046988671293494
-10.056,9.199141086079009e-6,8.029466832658282e-6,0.0008002822691976612,-0.0007910831281115821
-10.044,9.272939013023535e-6,6.811165275807347e-6,0.0007866261943108898,-0.0007773532552978662
-10.032,9.346733013080059e-6,8.789569628419908e-6,0.0007728579291942457,-0.0007635111961811656
-10.02,9.420506020553585e-6,1.1536044848037548e-5,0.0007589794500486615,-0.000749558944028108
-10.008,9.494288694841119e-6,1.1641498203625958e-5,0.0007449927488877737,-0.0007354984601929326
-9.996,9.568130162398167e-6,9.063523685158827e-6,0.0007308998332522376,-0.0007213317030898395
-9.984,9.642022972899435e-6,7.181845454853692e-6,0.0007167027259218316,-0.0007070607029489322
-9.972,9.716019176210641e-6,8.489619305914471e-6,0.0007024034646253669,-0.0006926874454491563
-9.96,9.790024745540441e-6,1.1413605905609974e-5,0.0006880041017484666,-0.0006782140770029262
-9.948,9.864099188310396e-6,1.231883122648078e-5,0.0006735067040392074,-0.000663642604850897
-9.936,9.938197417187224e-6,1.0143345564355035e-5,0.0006589133523117573,-0.00064897515489457
-9.924,1.0012291005731012e-5,7.753555122161558e-6,0.000644226141147939,-0.0006342138501422079
-9.912,1.0086374862381558e-5,8.290367389981039e-6,0.0006294471785968666,-0.000619360803734485
-9.9,1.0160443051661166e-5,1.1163776208614353e-5,0.0006145785858726033,-0.0006044181428209422
-9.888,1.0234504388059664e-5,1.2803750298772333e-5,0.0005996224970499876,-0.0005893879926619279
-9.876,1.0308614478977247e-5,1.121178489398797e-5,0.0005845810587585576,-0.0005742724442795804
-9.864,1.0382772577271332e-5,8.510195639353677e-6,0.0005694564298747253,-0.000559073657297454
-9.852,1.0456996315802696e-5,8.237280324639175e-6,0.000554250781212143,-0.0005437937848963403
-9.84,1.053129778119861e-5,1.0835596630713986e-5,0.0005389662952104181,-0.0005284349974292194
-9.828,1.0605621360794968e-5,1.3086296109619463e-5,0.0005236051656221037,-0.0005129995442613087
-9.816,1.0679984212768018e-5,1.221252503733852e-5,0.0005081695971981022,-0.0004974896129853342
-9.804,1.0754335576380349e-5,9.420862736609132e-6,0.0004926618053714795,-0.00048190746979509915
-9.792,1.0828605590729363e-5,8.364258636805633e-6,0.0004770840159397458,-0.00046625541034901643
-9.78,1.0902965090208892e-5,1.0484534851286343e-5,0.0004614384647456635,-0.0004505354996554546
-9.768,1.0977266208044988e-5,1.3172741476813197e-5,0.00044572739735658875,-0.00043475013114854376
-9.756,1.1051620031324175e-5,1.30945904612332e-5,0.00042995306874244447,-0.0004189014487111203
-9.744,1.1126020758213265e-5,1.0442286387185421e-5,0.0004141177429523287,-0.00040299172219411544
-9.732,1.1200475408446064e-5,8.690893789761454e-6,0.0003982236927898369,-0.00038702321738139084
-9.72,1.1274975431411832e-5,1.0168055288570585e-5,0.0003822731994871037,-0.00037099822405569185
-9.708,1.1349544880340733e-5,1.3085123524750088e-5,0.00036626855237766097,-0.00035491900749732024
-9.696,1.1424114288916172e-5,1.3816439600141948e-5,0.00035021204856811896,-0.0003387879342792028
-9.684,1.1498671583544341e-5,1.152226650990295e-5,0.00033410599260874706,-0.0003226073210252027
-9.672,1.1573250408484224e-5,9.22086458112652e-6,0.0003179526961629644,-0.00030637944575448016
-9.66,1.1647778711684753e-5,9.941019004798632e-6,0.00030175447767583313,-0.0002901066989641484
-9.648,1.1722302861946927e-5,1.2859512497562204e-5,0.00028551366204156533,-0.0002737913591796184
-9.636,1.1796850098512695e-5,1.4349311787615804e-5,0.00026923258027011955,-0.00025743573017160686
-9.624,1.1871432339984907e-5,1.2603831770483067e-5,0.00025291356915289903,-0.00024104213681291412
-9.612,1.194609408990981e-5,9.941604132720045e-6,0.00023655897092763,-0.0002246128768377202
-9.6,1.2020795413854584e-5,9.851281450257654e-6,0.00022017113294248356,-0.00020815033752862898
-9.588,1.2095538896833758e-5,1.25431528260549e-5,0.00020375240731941637,-0.0001916568684225826
-9.576,1.2170302919988125e-5,1.4679558543962866e-5,0.00018730515061687796,-0.00017513484769688984
-9.564,1.2245085312470794e-5,1.3629790238179124e-5,0.0001708317234918277,-0.0001585866381793569
-9.552,1.2319808843516174e-5,1.0825267139045887e-5,0.00015433449036122884,-0.00014201468151771267
-9.54,1.2394522443306841e-5,9.935840961447862e-6,0.0001378158190629386,-0.00012542129661963176
-9.528,1.2469241468910343e-5,1.2190702657733374e-5,0.00012127808051616249,-0.00010880883904725215
-9.516,1.2543952698387646e-5,1.4809770151624459e-5,0.00010472364838141299,-9.217969568302535e-5
-9.504,1.2618718500619997e-5,1.4547308491501348e-5,8.81548987201385e-5,-7.55361802195185e-5
-9.492,1.2693519104205478e-5,1.1830923035982263e-5,7.157420965394725e-5,-5.888069054974178e-5
-9.48,1.2768401633771363e-5,1.0217847701981477e-5,5.4983961023575306e-5,-4.221555938980394e-5
-9.468,1.28433005635515e-5,1.1859870770508385e-5,3.8386534047590514e-5,-2.5543233484039014e-5
-9.456,1.2918234181519912e-5,1.4758604419114053e-5,2.1784310980914394e-5,-8.866076799394482e-6
-9.444,1.2993131740466466e-5,1.5312152602548157e-5,5.179674773170604e-6,7.813456967295861e-6
-9.432,1.3068061238747444e-5,1.2907802443423709e-5,-1.1424991273041203e-5,2.4493052511788647e-5
-9.42,1.3142941582272587e-5,1.0704714609487698e-5,-2.802730384393431e-5,4.11702454262069e-5
-9.408,1.3217764422460266e-5,1.1606798756183083e-5,-4.462487995632525e-5,5.784264437878552e-5
-9.396,1.3292687826141957e-5,1.4559328198315615e-5,-6.121533729936165e-5,7.45080251255036e-5
-9.384,1.3367540880789981e-5,1.58922506011059e-5,-7.779629457619286e-5,9.116383545698285e-5
-9.372,1.3442487768528582e-5,1.399933949795965e-5,-9.436537184543339e-5,0.00010780785961396197
-9.36,1.3517483078207996e-5,1.138748429205737e-5,-0.00011092019086249565,0.00012443767394070365
-9.348,1.3592530484943125e-5,1.1481557605646263e-5,-0.00012745837542062503,0.00014105090590556816
-9.336,1.3667626856255925e-5,1.4257185283403508e-5,-0.00014397755169169658,0.0001576451785479525
-9.324,1.3742642273713155e-5,1.6270289492581682e-5,-0.0001604753485666062,0.00017421799084031935
-9.312,1.3817659263863749e-5,1.50476883434024e-5,-0.00017694939799533583,0.00019076705725919958
-9.3,1.3892666387215315e-5,1.2241505666713265e-5,-0.00019339733532652557,0.0002072900017137409
-9.288,1.396764203486601e-5,1.1524119595770407e-5,-0.0002098167996466115,0.0002237844416814775
-9.276,1.4042623305910167e-5,1.390579855732925e-5,-0.00022620543411836457,0.00024024805742427473
-9.264,1.4117633665738601e-5,1.6445136473631308e-5,-0.0002425608863189071,0.0002566785199846457
-9.252,1.419265529178915e-5,1.5998353282235268e-5,-0.00025888080857704306,0.0002730734638688322
-9.24,1.4267764108205194e-5,1.322836940639417e-5,-0.0002751628583099571,0.0002894306224181623
-9.228,1.4342890999621339e-5,1.1761129223903101e-5,-0.0002914046983591351,0.00030574758935875644
-9.216,1.441809552203189e-5,1.356289208831679e-5,-0.0003076039973255314,0.0003220220928475633
-9.204,1.449320505109489e-5,1.643196758482583e-5,-0.00032375842990391824,0.0003382516349550131
-9.192,1.4568337477583924e-5,1.680456208045294e-5,-0.00033986567721634026,0.0003544340146939242
-9.18,1.4643464518389901e-5,1.4298950366337795e-5,-0.00035592342714466064,0.00037056689166305054
-9.168,1.4718514974408538e-5,1.2203733802056953e-5,-0.00037192937466212376,0.0003866478896365323
-9.156,1.4793583693881618e-5,1.3285674054406091e-5,-0.0003878812221639237,0.0004026748058578053
-9.144,1.4868644757948441e-5,1.6261090236350987e-5,-0.0004037766797966849,0.0004186453245546333
-9.132,1.4943756408160563e-5,1.743103153413095e-5,-0.00041961346578684377,0.00043455722219500433
-9.12,1.5018930642598572e-5,1.539731613127576e-5,-0.0004353893067678595,0.00045040823741045806
-9.108,1.5094121768939876e-5,1.284665013288996e-5,-0.0004511019381062393,0.0004661960598751792
-9.096,1.5169331345411168e-5,1.312624939594906e-5,-0.00046674910422628973,0.0004819184355717009
-9.084,1.5244591644849464e-5,1.597555056646259e-5,-0.0004823285589335816,0.0004975731505784311
-9.072,1.531978270173618e-5,1.7856822164918574e-5,-0.0004978380657370552,0.0005131578484387914
-9.06,1.539496535205953e-5,1.6465190877283566e-5,-0.0005132753981697576,0.0005286703635218171
-9.048,1.547009023664689e-5,1.3668545201599868e-5,-0.000528638340108117,0.0005441084303447639
-9.036,1.5545193932936714e-5,1.312742968378436e-5,-0.0005439246860897472,0.0005594698800226839
-9.024,1.5620337005602504e-5,1.5627714133278284e-5,-0.0005591322416297213,0.0005747525786353238
-9.012,1.569547826350305e-5,1.8077051040820736e-5,-0.000574258823535256,0.000589954301798759
-9.0,1.577069828380775e-5,1.744661845107065e-5,-0.0005893022602188155,0.0006050729585026232
-8.988,1.5845950745599553e-5,1.4633703795723947e-5,-0.0006042603920094911,0.0006201063427550906
-8.976,1.5921215741766478e-5,1.3319276844939032e-5,-0.0006191310714627293,0.0006350522872044957
-8.964,1.5996478375480505e-5,1.5275091142430183e-5,-0.0006339121636682688,0.0006499086420437493
-8.952,1.6071727376992828e-5,1.810332256001867e-5,-0.0006486015465562971,0.00066467327393329
-8.94,1.6146953140463885e-5,1.829245167916655e-5,-0.0006631971112017503,0.0006793440643422142
-8.928,1.6222093230244578e-5,1.569485284416389e-5,-0.0006776967621267498,0.0006939188553569944
-8.916,1.6297259275083902e-5,1.3716659503300878e-5,-0.0006920984176010884,0.0007083956768761723
-8.904,1.6372385043913486e-5,1.4975738604017142e-5,-0.0007064000099407566,0.0007227723949846701
-8.892,1.6447571570887463e-5,1.7962839294589037e-5,-0.0007205994858044425,0.00073704705737533
-8.88,1.6522801675493068e-5,1.896430785869417e-5,-0.0007346948064879942,0.0007512176081634872
-8.868,1.6598054091342997e-5,1.6796919313158096e-5,-0.000748683948216763,0.000765282002308106
-8.856,1.667332597414799e-5,1.4318020389611654e-5,-0.000762564902435815,0.000779238228409963
-8.844,1.674865166233707e-5,1.4783606620780701e-5,-0.0007763356760979508,0.0007930843277602879
-8.832,1.682386035121498e-5,1.7696260618203113e-5,-0.0007899942919495154,0.0008068181523007303
-8.82,1.6899120721376596e-5,1.943767213910748e-5,-0.000803538788813937,0.0008204379095353136
-8.808,1.6974273672477262e-5,1.7881423118945375e-5,-0.0008169672218729389,0.0008339414955454162
-8.796,1.7049442473852797e-5,1.5105456785268193e-5,-0.0008302776629454445,0.0008473271054192972
-8.784,1.712458627097077e-5,1.4744201439506746e-5,-0.0008434682007640532,0.0008605927870350239
-8.772,1.7199765515857595e-5,1.7354477276641813e-5,-0.0008565369412491365,0.0008737367067649941
-8.76,1.7274953485162635e-5,1.970389788495639e-5,-0.0008694820077804146,0.0008867569612655773
-8.748,1.7350230364119343e-5,1.88911548539542e-5,-0.0008823015414660806,0.0008996517718301999
-8.736,1.742549648885074e-5,1.60461111244245e-5,-0.000894993701409339,0.0009124191978981897
-8.724,1.750073557677868e-5,1.4890913570874716e-5,-0.0009075566649724053,0.000925057400549184
-8.712,1.7576008402714663e-5,1.6994557351368e-5,-0.0009199886280378362,0.0009375646364405509
-8.7,1.7651228462338495e-5,1.977094075688872e-5,-0.0009322878052672534,0.0009499390337295919
-8.688,1.772639187437358e-5,1.977476435874255e-5,-0.0009444524303573315,0.0009621788222317051
-8.676,1.780154526353822e-5,1.709476393203324e-5,-0.0009564807562930976,0.0009742823015566358
-8.664,1.787664383919843e-5,1.5242306982703674e-5,-0.0009683710555984146,0.000986247699437613
-8.652,1.79517961823607e-5,1.667518613661182e-5,-0.0009801216205837082,0.0009980734167660689
-8.64,1.8026968418282828e-5,1.9662764207281226e-5,-0.0009917307635908272,0.00100975773200911
-8.628,1.8102180639695785e-5,2.049089225539395e-5,-0.001003196817235041,0.0010212989978747367
-8.616,1.8177427675973926e-5,1.8197424678520166e-5,-0.0010145181346441284,0.0010326955623201023
-8.604,1.82526500489312e-5,1.5800589218476085e-5,-0.001025693089694515,0.0010439457397434463
-8.592,1.8327877460624182e-5,1.6451963879058514e-5,-0.001036720077244455,0.0010550479547050792
-8.58,1.8403060819064147e-5,1.941746032177338e-5,-0.0010475975133641807,0.001066000574183245
-8.568,1.8478150288816705e-5,2.1011512146604652e-5,-0.0010583238355630232,0.00107680198585184
-8.556,1.855327571874334e-5,1.9295635638354293e-5,-0.001068897503013448,0.0010874507787321914
-8.544,1.8628349730069908e-5,1.6551388337697734e-5,-0.0010793169967719975,0.0010979453465020674
-8.532,1.8703434554297616e-5,1.637293775607851e-5,-0.0010895808199970808,0.0011082842545513784
-8.52,1.877857130554595e-5,1.908423295796993e-5,-0.0010996874981635994,0.0011184660694691453
-8.508,1.8853724233171363e-5,2.1324213444543034e-5,-0.0011096355792743655,0.001128489303507537
-8.496,1.892889874234604e-5,2.0331145906624045e-5,-0.001119423634068303,0.0011383525328106491
-8.484,1.9004076437446416e-5,1.7464858256215193e-5,-0.0011290502562253722,0.0011480543326628186
-8.472,1.907925208469597e-5,1.6474726775519163e-5,-0.0011385140625682114,0.0011575933146529074
-8.46,1.9154397598247254e-5,1.871948168427186e-5,-0.001147813693260451,0.0011669680908586982
-8.448,1.9229448494524452e-5,2.1433238888718794e-5,-0.0011569478120017004,0.0011761772604962249
-8.436,1.9304462390831506e-5,2.1250582101177157e-5,-0.0011659151062191314,0.0011852195686099629
-8.424,1.937946987462546e-5,1.8498027722174323e-5,-0.0011747142872556694,0.001194093757130295
-8.412,1.9454479813363e-5,1.677955182807647e-5,-0.0011833440905547666,0.0012027985703681296
-8.4,1.9529521624799895e-5,1.8382297740180314e-5,-0.0011918032758416997,0.0012113327974664996
-8.388,1.960460620297746e-5,2.1359190010874934e-5,-0.0012000906273013936,0.001219695233504371
-8.376,1.9679717672442835e-5,2.2009741443623798e-5,-0.0012082049537527316,0.0012278846714251744
-8.364,1.9754831436847838e-5,1.959820829504967e-5,-0.001216145088819342,0.0012358999202561898
-8.352,1.9829908663043967e-5,1.7293411530426688e-5,-0.0012239098910968146,0.0012437397997598586
-8.34,1.9904951175871415e-5,1.8129731261666064e-5,-0.0012314982443163457,0.0012514031954922171
-8.328,1.9979974949905577e-5,2.1137420273399115e-5,-0.0012389090575047634,0.001258889032454669
-8.316,2.005490935805894e-5,2.257716207239386e-5,-0.001246141265140945,0.001266196174499004
-8.304,2.012982920212539e-5,2.0707191313784232e-5,-0.0012531938273085646,0.00127332365651069
-8.292,2.020478833404237e-5,1.8005553419422568e-5,-0.0012600657298451783,0.0012802705181792207
-8.28,2.0279708768501138e-5,1.801220839416943e-5,-0.00126675598448761,0.0012870356932561111
-8.268,2.0354664011638414e-5,2.0815240781710728e-5,-0.0012732636290136267,0.0012936182930252651
-8.256,2.0429704564346295e-5,2.293668230403032e-5,-0.0012795877273798762,0.0013000174319442225
-8.244,2.0504732127581398e-5,2.176589982547644e-5,-0.0012857273698560683,0.0013062321019836497
-8.232,2.0579694903245576e-5,1.8889286735187604e-5,-0.0012916816731553835,0.001312261368058629
-8.22,2.065465658401995e-5,1.806946605325167e-5,-0.001297449780561087,0.0013181044371451069
-8.208,2.0729582601447917e-5,2.0448158992675777e-5,-0.0013030308620493362,0.001323760444650784
-8.196,2.0804395373084233e-5,2.3088780697996325e-5,-0.00130842411440815,0.0013292285097812342
-8.184,2.08792111236881e-5,2.2719123989121694e-5,-0.0013136287613525418,0.00133450797247623
-8.172,2.095408326754206e-5,1.9904075678962616e-5,-0.0013186440536357836,0.0013395981369033257
-8.16,2.1028900582740736e-5,1.8327331735595227e-5,-0.0013234692691567983,0.001344498169739539
-8.148,2.1103768288812524e-5,2.0095448978260203e-5,-0.0013281037130636456,0.0013492074813524582
-8.136,2.117862872846551e-5,2.3050585829274856e-5,-0.0013325467178531161,0.0013537253465815816
-8.124,2.1253548493830156e-5,2.351996064417157e-5,-0.0013367976434663865,0.0013580511919602167
-8.112,2.1328431302999754e-5,2.0998749258429976e-5,-0.001340855877380754,0.0013621843086837537
-8.1,2.14032632849723e-5,1.879560907435366e-5,-0.0013447208346974012,0.0013661240979823735
-8.088,2.1478086691750255e-5,1.981540628326738e-5,-0.0013483919582252194,0.0013698700449169697
-8.076,2.1552794711307598e-5,2.2854550906562483e-5,-0.0013518687185606398,0.0013734215132719474
-8.064,2.1627512446263783e-5,2.4133600265045963e-5,-0.0013551506141634936,0.0013767781266097573
-8.052,2.1702210809818783e-5,2.2115573859216796e-5,-0.0013582371714288626,0.0013799393822386814
-8.04,2.177693666037344e-5,1.9467242057024254e-5,-0.0013611279447549294,0.0013829048814153028
-8.028,2.185165716322708e-5,1.9660666785180128e-5,-0.001363822516606811,0.001385674173770038
-8.016,2.1926435332907113e-5,2.2545895356806256e-5,-0.0013663204975763647,0.0013882469329092718
-8.004,2.200121830578058e-5,2.4540155703911443e-5,-0.001368621526437958,0.0013906227447437387
-7.992,2.20759709527933e-5,2.319486475577265e-5,-0.0013707252702001987,0.001392801241152992
-7.98,2.2150709060096306e-5,2.031882889946722e-5,-0.0013726314241536129,0.0013947821332137092
-7.968,2.2225379566061156e-5,1.9673965041911145e-5,-0.001374339711914268,0.0013965650914803292
-7.956,2.229997591586953e-5,2.2179014616152695e-5,-0.0013758498854633298,0.0013981498613791993
-7.944,2.2374579652422117e-5,2.4736302931394736e-5,-0.0013771617251825549,0.001399536304834977
-7.932,2.2449163649469316e-5,2.4179768556051005e-5,-0.0013782750398857037,0.001400724203535173
-7.92,2.252371611957205e-5,2.131244864310462e-5,-0.0013791896668458796,0.0014017133829654516
-7.908,2.2598366568437472e-5,1.98846735740852e-5,-0.0013799054718187842,0.0014025038383872217
-7.896,2.267296166349607e-5,2.1813142687348047e-5,-0.001380422349061887,0.0014030953107253832
-7.884,2.274763495046096e-5,2.4735598461912723e-5,-0.001380740221349505,0.001403487856299966
-7.872,2.282221847370574e-5,2.502083370439022e-5,-0.001380859039983794,0.0014036812584574997
-7.86,2.289681597585037e-5,2.239865823742113e-5,-0.0013807787848016469,0.0014036756007774973
-7.848,2.297138291181347e-5,2.0306403066501645e-5,-0.001380499464177499,0.0014034708470893125
-7.836,2.3045790179742134e-5,2.1507612843907023e-5,-0.0013800211150220383,0.0014030669052017804
-7.824,2.3120304851698094e-5,2.456744375452892e-5,-0.0013793438027768232,0.0014024641076285213
-7.812,2.319467546746108e-5,2.568000190239409e-5,-0.0013784676214048097,0.0014016622968722708
-7.8,2.326918280654358e-5,2.3520423585749625e-5,-0.001377392693376783,0.0014006618761833265
-7.788,2.3343643950776705e-5,2.0935859352823943e-5,-0.0013761191696537035,0.0013994628136044802
-7.776,2.341810227185449e-5,2.1317095181938082e-5,-0.0013746472296649632,0.0013980653319368176
-7.764,2.349258358264484e-5,2.4274775223711222e-5,-0.0013729770812825615,0.0013964696648652063
-7.752,2.3567097770638753e-5,2.6133698513817495e-5,-0.0013711089607911966,0.0013946760585618354
-7.74,2.3641556953834858e-5,2.4617672415652145e-5,-0.0013690431328542865,0.0013926846898081214
-7.728,2.3715988507063855e-5,2.1753052971177087e-5,-0.0013667798904759133,0.0013904958789829772
-7.716,2.3790326448425896e-5,2.1287192840860134e-5,-0.0013643195549587071,0.001388109881407133
-7.704,2.3864634837083253e-5,2.39106608964182e-5,-0.0013616624758576667,0.00138552711069475
-7.692,2.3938919741708182e-5,2.6374771159060866e-5,-0.001358809030929931,0.0013827479506716392
-7.68,2.401318197868367e-5,2.563210594173292e-5,-0.0013557596260805015,0.0013797728080591851
-7.668,2.408748616998806e-5,2.2722848993450232e-5,-0.001352514695303929,0.001376602181473917
-7.656,2.416184142575912e-5,2.1450751242278756e-5,-0.0013490747006219704,0.0013732365420477295
-7.644,2.4236172651526935e-5,2.3534072987697438e-5,-0.0013454401320172245,0.0013696763046687514
-7.632,2.4310539099546948e-5,2.641311718971327e-5,-0.0013416115073627568,0.0013659220464623037
-7.62,2.4384870902740023e-5,2.651188433077348e-5,-0.0013375893723477255,0.0013619742432504655
-7.608,2.445918739877608e-5,2.3797737355625477e-5,-0.0013333743003990123,0.0013578334877977884
-7.596,2.4533329508936606e-5,2.1825178754728493e-5,-0.0013289668925988815,0.0013535002221078181
-7.584,2.460751905546143e-5,2.3205172658095912e-5,-0.0013243677775986629,0.0013489752966541243
-7.572,2.468165021337677e-5,2.627494527273041e-5,-0.0013195776115284884,0.0013442592617418652
-7.56,2.4755767801807813e-5,2.7215809770469903e-5,-0.0013145970779030799,0.0013393528457048877
-7.548,2.482994591882881e-5,2.4921605677800863e-5,-0.0013094268875236158,0.0013342568334424446
-7.536,2.4904114147018732e-5,2.2410997135699653e-5,-0.0013040677783756733,0.001328971892522692
-7.524,2.4978352811783847e-5,2.2980483455912433e-5,-0.001298520515523283,0.0013234988683350668
-7.512,2.5052559131724227e-5,2.600072563354855e-5,-0.001292785890999087,0.0013178384501308113
-7.5,2.5126695327010477e-5,2.7716669914527213e-5,-0.0012868647236906384,0.001311991419017649
-7.488,2.5200841939173723e-5,2.603421544055405e-5,-0.0012807578592228415,0.0013059587011620152
-7.476,2.52749039084477e-5,2.3191742286318053e-5,-0.0012744661698365582,0.0012997410737450059
-7.464,2.53489133815437e-5,2.2908340205930923e-5,-0.001267990554263399,0.0012933394676449426
-7.452,2.5422945937470702e-5,2.5641988802691467e-5,-0.001261331937596708,0.0012867548835341787
-7.44,2.549691530120816e-5,2.8003470609230617e-5,-0.0012544912711587744,0.0012799881864599826
-7.428,2.5570929675094653e-5,2.7076024947926005e-5,-0.0012474695323642698,0.0012730404620393645
-7.416,2.5644970897803357e-5,2.4135228025051893e-5,-0.0012402677245799548,0.0012659126954777582
-7.404,2.571902723406093e-5,2.302497938031858e-5,-0.0012328868769806518,0.0012586059042147128
-7.392,2.579311831544498e-5,2.525722561183861e-5,-0.0012253280444015247,0.0012511211627169697
-7.38,2.586712466869025e-5,2.808237487578159e-5,-0.0012175923071866676,0.0012434594318553578
-7.368,2.5941112710076977e-5,2.799297343071439e-5,-0.0012096807710340449,0.0012356218837441218
-7.356,2.6015071829834507e-5,2.5196076360428354e-5,-0.0012015945668367813,0.0012276096386666159
-7.344,2.6088973684326158e-5,2.3351586880181744e-5,-0.0011933348505208535,0.0012194238242051797
-7.332,2.6162823008993785e-5,2.4907214141837106e-5,-0.0011849028028791686,0.0012110656258881624
-7.32,2.6236656487166722e-5,2.7976268214379042e-5,-0.0011762996294021025,0.0012025362858892692
-7.308,2.6310534415567013e-5,2.874084237863777e-5,-0.0011675265601044686,0.0011938370945200356
-7.296,2.6384437381036727e-5,2.6319315838945885e-5,-0.0011585848493489875,0.0011849692867300242
-7.284,2.645836141865524e-5,2.3892543523740742e-5,-0.0011494757756662492,0.0011759341370849044
-7.272,2.6532287187544914e-5,2.4650146447908765e-5,-0.001140200641571222,0.001166732928758767
-7.26,2.6606203437476265e-5,2.7722980111489452e-5,-0.001130760773376307,0.0011573669768137832
-7.248,2.6680070684372698e-5,2.9288842664844446e-5,-0.0011211575210009882,0.001147837591685361
-7.236,2.675391003741784e-5,2.7444763206340168e-5,-0.001111392257778092,0.0011381461678155098
-7.224,2.6827667623035298e-5,2.4635013418445277e-5,-0.0011014663802566868,0.001128294047879722
-7.212,2.69014019014884e-5,2.4536945335111633e-5,-0.0010913813080016509,0.0011182827099031393
-7.2,2.697511586772388e-5,2.7372299526592465e-5,-0.0010811384833899456,0.0011081135992576695
-7.188,2.7048825357077174e-5,2.9622136825503146e-5,-0.001070739371403603,0.0010977881967606802
-7.176,2.7122649421450944e-5,2.8511839709808084e-5,-0.0010601854594194853,0.0010873081088409362
-7.164,2.7196432749277983e-5,2.554991321443322e-5,-0.0010494782569958133,0.0010766746897450912
-7.152,2.727023302909388e-5,2.4607147667110954e-5,-0.0010386192956555332,0.001065889528684627
-7.14,2.7344022690668247e-5,2.6982019338501365e-5,-0.0010276101286665123,0.0010549541513571806
-7.128,2.7417801060955482e-5,2.9743090138951678e-5,-0.0010164523308186305,0.001043870131879586
-7.116,2.74914910619753e-5,2.9464437248713803e-5,-0.00100514749819777,0.0010326389892597453
-7.104,2.7565138640280257e-5,2.6594189689879215e-5,-0.0009936972479567636,0.0010212623865970439
-7.092,2.7638785659090054e-5,2.488568668040696e-5,-0.000982103218083307,0.0010097420037423971
-7.08,2.771238925593656e-5,2.661332349632572e-5,-0.0009703670671648934,0.00099807945642083
-7.068,2.7786029975750094e-5,2.9671145307623943e-5,-0.0009584904741507803,0.0009862765041265304
-7.056,2.785971353976989e-5,3.025544408150383e-5,-0.0009464751381110484,0.0009743348516508183
-7.044,2.7933373248532293e-5,2.7714227888718017e-5,-0.0009343227779927596,0.0009622561512412919
-7.032,2.8007120968087033e-5,2.53808349709469e-5,-0.0009220351323732757,0.0009500422533413628
-7.02,2.8080799080766497e-5,2.632588454860489e-5,-0.0009096139592107474,0.0009376947582915139
-7.008,2.815446221479689e-5,2.9441325528896514e-5,-0.0008970610355918367,0.0009252154978066335
-6.996,2.822808050025711e-5,3.085056560608957e-5,-0.000884378157476681,0.0009126062379769381
-6.984,2.830165112136982e-5,2.8850120694489677e-5,-0.0008715671394411558,0.0008998687905625257
-6.972,2.8375248707136346e-5,2.6083477744796534e-5,-0.0008586298144164718,0.0008870050631236082
-6.96,2.8448724464728696e-5,2.6173063880407615e-5,-0.0008455680334261184,0.0008740167578908471
-6.948,2.852228794241428e-5,2.910148075915304e-5,-0.0008323836653202399,0.0008609059532626542
-6.936,2.8595833005389784e-5,3.1231130833615385e-5,-0.0008190785965074244,0.0008476744295128142
-6.924,2.866943817528343e-5,2.994046056127914e-5,-0.0008056547306839963,0.0008343241688592798
-6.912,2.8743085578789192e-5,2.6967779902828433e-5,-0.0007921139885608094,0.0008208570741395986
-6.9,2.881669494449407e-5,2.619760030637886e-5,-0.000778458307587616,0.00080727500253211
-6.888,2.8890304634214613e-5,2.8708493241612684e-5,-0.0007646896416750148,0.0007935799463092294
-6.876,2.8963857948091274e-5,3.139565530384343e-5,-0.0007508099609140567,0.000779773818862148
-6.864,2.903737372390771e-5,3.0927270902333474e-5,-0.0007368212512935088,0.0007658586250174165
-6.852,2.9110894970359592e-5,2.7993198991003313e-5,-0.0007227255144148547,0.0007518364093852143
-6.84,2.918434612212903e-5,2.6428135046683554e-5,-0.0007085247672050368,0.0007377091133271658
-6.828,2.9257817587306973e-5,2.8323742705742125e-5,-0.0006942210416270172,0.0007234788592143242
-6.816,2.9331318896619785e-5,3.136002999989603e-5,-0.0006798163843881621,0.0007091477032847819
-6.804,2.9404850486526167e-5,3.1760681875482856e-5,-0.0006653128566465278,0.000694717707133054
-6.792,2.9478441251174587e-5,2.9107687894487043e-5,-0.0006507125337150549,0.0006801909749662295
-6.78,2.9552032209525917e-5,2.68768554357245e-5,-0.00063601750476375,0.0006655695369732759
-6.768,2.962560425630496e-5,2.800819227317044e-5,-0.0006212298725198546,0.0006508554767761596
-6.756,2.9699132971169233e-5,3.115631552717566e-5,-0.0006063517529660968,0.000636050885937266
-6.744,2.977267442499183e-5,3.240297419601479e-5,-0.000591385275037012,0.0006211579494620038
-6.732,2.9846065867634953e-5,3.0251835076642465e-5,-0.0005763325803134266,0.0006061786461810615
-6.72,2.9919515919558048e-5,2.753845114042701e-5,-0.0005611958227151089,0.000591115338634667
-6.708,2.999298981772459e-5,2.7817488008440558e-5,-0.0005459771681916645,0.0005759701580093891
-6.696,3.0066465731354557e-5,3.0830232598712665e-5,-0.0005306787944116888,0.0005607452601430434
-6.684,3.0139992485854342e-5,3.283166373899957e-5,-0.0005153028904502527,0.0005454428829361071
-6.672,3.021355404997318e-5,3.136361390258306e-5,-0.0004998516564747357,0.0005300652105247089
-6.66,3.0287153896132264e-5,2.839047218759204e-5,-0.0004843273034290804,0.0005146144573252127
-6.648,3.036072741779088e-5,2.7797465626893892e-5,-0.00046873205271648544,0.0004990927801342763
-6.636,3.0434265586220903e-5,3.043754484786313e-5,-0.0004530681358806122,0.0004835024014668331
-6.624,3.0507780882680984e-5,3.3041375252494765e-5,-0.0004373377942853171,0.00046784557516799807
-6.612,3.058123860964448e-5,3.2383362325705264e-5,-0.00042154327879299447,0.00045212451740263895
-6.6,3.065472948001927e-5,2.939506600719518e-5,-0.00040568684944153316,0.00043634157892155244
-6.588,3.0728154907696745e-5,2.798042686910812e-5,-0.0003897707751199778,0.00042049893002767455
-6.576,3.080165407715513e-5,3.0039619707234365e-5,-0.00037379733324289317,0.0004045989873200483
-6.564,3.087521657763444e-5,3.3044349597234886e-5,-0.0003577688094235342,0.0003886440260011686
-6.552,3.094882924243816e-5,3.325859411672588e-5,-0.0003416874971458078,0.00037263632638824594
-6.54,3.102245578680697e-5,3.0501959975134966e-5,-0.0003255556974351293,0.00035657815322193625
-6.528,3.109608079097394e-5,2.8382487877351827e-5,-0.00030937571852817367,0.0003404717993191476
-6.516,3.116969772555051e-5,2.9698520257795255e-5,-0.00029314987554161104,0.00032431957326716155
-6.504,3.124324637223178e-5,3.28695378655029e-5,-0.00027688049013983336,0.00030812373651206514
-6.492,3.1316795033580565e-5,3.394825458114078e-5,-0.0002605698902017595,0.0002918866852353401
-6.48,3.13903390219332e-5,3.165245540610711e-5,-0.00024422040948672894,0.00027561074850866214
-6.468,3.146387053753848e-5,2.900221722115183e-5,-0.0002278343872995616,0.00025929825783710007
-6.456,3.1537455122425823e-5,2.9472020159916032e-5,-0.00021141416815482106,0.00024295162327724688
-6.444,3.161107082051432e-5,3.2560348933172456e-5,-0.00019496210144031556,0.00022657317226082988
-6.432,3.168475223899893e-5,3.4426076588424546e-5,-0.00017848054107991626,0.0002101652933189152
-6.42,3.1758472581199e-5,3.2784116773094154e-5,-0.00016197184519570358,0.0001937303177769026
-6.408,3.1832207397771865e-5,2.9820678700486263e-5,-0.00014543837576952838,0.00017727058316730025
-6.396,3.190592809843525e-5,2.9408941683979895e-5,-0.00012888249830399808,0.00016078842640243333
-6.384,3.1979612491285975e-5,3.2171225336044075e-5,-0.000112306581482976,0.00014428619397426198
-6.372,3.205325293931249e-5,3.4682763361145174e-5,-9.571299683159683e-5,0.00012776624977090933
-6.36,3.212691466537496e-5,3.383578268458345e-5,-7.910411837590376e-5,0.00011123103304127872
-6.348,3.220056700329349e-5,3.0802881859915306e-5,-6.248232230209294e-5,9.468288930538642e-5
-6.336,3.22742421915901e-5,2.9545192766173425e-5,-4.5849986615471546e-5,7.812422880706165e-5
-6.324,3.2348041792610045e-5,3.1763317197153296e-5,-2.9209490799131572e-5,6.155753259174162e-5
-6.312,3.2421893950534806e-5,3.47268174074455e-5,-1.256321547242887e-5,4.4985109422963675e-5
-6.3,3.24957518253049e-5,3.4752497663877754e-5,4.086457950722758e-6,2.840929387458214e-5
-6.288,3.256968233333801e-5,3.1900530186089235e-5,2.0737147603654283e-5,1.1832534729683727e-5
-6.276,3.2643537766674086e-5,2.9900824625277112e-5,3.738647150883131e-5,-4.742933742157228e-6
-6.264,3.2717426305724776e-5,3.1399597540381726e-5,5.4032047919742664e-5,-2.1314621614017892e-5
-6.252,3.279126698380779e-5,3.458394276147858e-5,7.067149566277809e-5,-3.78802286789703e-5
-6.24,3.2865169174162205e-5,3.5489968230332395e-5,8.730243447900667e-5,-5.4437265304844466e-5
-6.228,3.293897194684613e-5,3.3055852309397424e-5,0.0001039224853658464,-7.098351341900027e-5
-6.216,3.3012891958877474e-5,3.0478351104397907e-5,0.00012052927091853665,-8.751637895965918e-5
-6.204,3.308687369448376e-5,3.11398087893158e-5,0.00013712041567140337,-0.00010403354197691961
-6.192,3.316093067602544e-5,3.429506188177882e-5,0.0001536935464388287,-0.00012053261576280326
-6.18,3.3235012435407416e-5,3.601818311366798e-5,0.00017024629265592137,-0.00013701128022051395
-6.168,3.330915959416471e-5,3.420621359129182e-5,0.00018677628671878285,-0.00015346712712461814
-6.156,3.3383309185173234e-5,3.1262470754086544e-5,0.00020328116432438267,-0.00016989785513920943
-6.144,3.3457423074730605e-5,3.1035645648330586e-5,0.00021975856480993826,-0.00018630114173520765
-6.132,3.353157602556194e-5,3.391309993312401e-5,0.00023620613149179579,-0.00020267455546623385
-6.12,3.3605608465208124e-5,3.632390279428007e-5,0.0002526215120037237,-0.0002190159035385156
-6.108,3.3679835023482353e-5,3.528914139345261e-5,0.00026900235863461014,-0.00023532252361112778
-6.096,3.375400431032189e-5,3.222122079154345e-5,0.00028534632866547533,-0.00025159232435515344
-6.084,3.382828825908193e-5,3.112656254475778e-5,0.0003016510847057907,-0.0002678227964467088
-6.072,3.39026831876005e-5,3.349878885836567e-5,0.00031791429502901796,-0.00028401161184141746
-6.06,3.397702017515173e-5,3.641181287015161e-5,0.0003341336339073576,-0.0003001566137322059
-6.048,3.405153884005965e-5,3.6247362335038194e-5,0.00035030678194562114,-0.0003162552431055615
-6.036,3.412599562397994e-5,3.330847726286011e-5,0.00036643142641421743,-0.0003323054307902375
-6.024,3.420049352038679e-5,3.143654560734947e-5,0.0003825052615811673,-0.0003483047680607805
-6.012,3.427493824113072e-5,3.311582357288757e-5,0.0003985259890431361,-0.0003642510508020054
-6.0,3.434943536155614e-5,3.630424200409985e-5,0.0004144913180553995,-0.0003801418826938434
-5.988,3.4423957679531386e-5,3.703344686989021e-5,0.0004303989658607366,-0.00039597500818120524
-5.976,3.449848994666494e-5,3.446760725982101e-5,0.00044624665801715766,-0.0004117481680704927
-5.964,3.45731865390657e-5,3.1972113408281055e-5,0.00046203212872445484,-0.00042745894218538914
-5.952,3.4647922383127026e-5,3.2825756293989354e-5,0.00047775312114952203,-0.000443105198766395
-5.94,3.4722746343557917e-5,3.603945992941603e-5,0.0004934073877503766,-0.00045868464140681866
-5.928,3.4797622720216794e-5,3.7613686032576606e-5,0.0005089926905988691,-0.0004741950678786523
-5.916,3.4872543631985376e-5,3.56359855744747e-5,0.0005245068017020018,-0.0004896342580700164
-5.904,3.494745826956825e-5,3.2721713415029384e-5,0.0005399475033218414,-0.0005050000450522731
-5.892,3.5022409293640326e-5,3.268303799916881e-5,0.0005553125882939482,-0.0005202901790003079
-5.88,3.509734348553536e-5,3.566868506288372e-5,0.0005705998603443104,-0.0005355025168587751
-5.868,3.5172330548466075e-5,3.7970884883896054e-5,0.0005858071344047008,-0.0005506348038562348
-5.856,3.524736238663044e-5,3.675001730471508e-5,0.0006009322369264502,-0.0005656848745398198
-5.844,3.532254091982668e-5,3.365656990256796e-5,0.000615973006192553,-0.0005806504652727263
-5.832,3.539775170997438e-5,3.2730606316909684e-5,0.0006309272926280974,-0.000595529540918123
-5.82,3.5473165517487795e-5,3.5252035544118275e-5,0.0006457929591089425,-0.0006103197935914547
-5.808,3.5548558086991055e-5,3.810584254466171e-5,0.000660567881268628,-0.0006250193231816369
-5.796,3.562397947373891e-5,3.7750265425489994e-5,0.0006752499478034421,-0.0006396259683297032
-5.784,3.569947082359543e-5,3.473292284897972e-5,0.0006898370607756422,-0.0006541375899520468
-5.772,3.5775066734965904e-5,3.299637739339653e-5,0.0007043271359147337,-0.0006685520691797678
-5.76,3.585054915830827e-5,3.485374358916489e-5,0.0007187181029168221,-0.0006828675537585138
-5.748,3.592611823664859e-5,3.8037392926688814e-5,0.0007330079057419425,-0.0006970817875052939
-5.736,3.600180795723044e-5,3.858627179244669e-5,0.0007471945029093669,-0.0007111926949521364
-5.724,3.6077522920959925e-5,3.5895485327761074e-5,0.0007612758677908091,-0.0007251983448698492
-5.712,3.6153414719490226e-5,3.349092860225858e-5,0.0007752499889015227,-0.0007390965741820325
-5.7,3.6229375490592864e-5,3.453701390631102e-5,0.0007891148701892134,-0.0007528854946986205
-5.688,3.6305471195125275e-5,3.780099515245836e-5,0.0008028685313207589,-0.0007665630601256336
-5.676,3.638162782979807e-5,3.9220682430467707e-5,0.0008165090079666641,-0.000780127380136866
-5.664,3.6457770867352095e-5,3.708184815410954e-5,0.0008300343520832398,-0.0007935765812158877
-5.652,3.653395228570607e-5,3.420656492247828e-5,0.000843442632192435,-0.000806908679906729
-5.64,3.66102411159155e-5,3.4358937592992596e-5,0.0008567319336593153,-0.0008201216925433998
-5.628,3.668654610167806e-5,3.744597906133947e-5,0.0008699003589671123,-0.0008332138128654342
-5.616,3.6762963814691006e-5,3.963234168714078e-5,0.0008829460279898401,-0.000846183064175149
-5.604,3.6839469628426524e-5,3.822748297532046e-5,0.0008958670782624044,-0.0008590276086339779
-5.592,3.6916058646473864e-5,3.511785177100628e-5,0.0009086616652482066,-0.0008717456066017328
-5.58,3.699287963520822e-5,3.4365870755975164e-5,0.0009213279626041535,-0.0008843350829689453
-5.568,3.706971146315947e-5,3.7031659772683886e-5,0.0009338641624430883,-0.0008967944509799289
-5.556,3.7146684686268565e-5,3.98181007592558e-5,0.0009462684755935627,-0.0009091217909072941
-5.544,3.7223706252846427e-5,3.927094498895608e-5,0.000958539131856941,-0.0009213154256040945
-5.532,3.730082782063104e-5,3.618357978066188e-5,0.0009706743802617786,-0.0009333735524411476
-5.52,3.737787991548705e-5,3.458965209493069e-5,0.0009826724893154581,-0.0009452946093999711
-5.508,3.74550957306576e-5,3.66226273094127e-5,0.000994531747253028,-0.0009570766515223704
-5.496,3.7532395790940446e-5,3.979318789401922e-5,0.0010062504622832247,-0.0009687180664922843
-5.484,3.760980694010553e-5,4.015885818745492e-5,0.0010178269628316327,-0.0009802171558915271
-5.472,3.768737595561712e-5,3.73500118545043e-5,0.0010292595977809454,-0.0009915722218253283
-5.46,3.776504241568331e-5,3.5044968484151185e-5,0.001040546736708312,-0.0010027816942926287
-5.448,3.784289829112655e-5,3.6283585314649394e-5,0.0010516867701197035,-0.001013843871828577
-5.436,3.792084437995429e-5,3.959010218370072e-5,0.0010626781096813,-0.0010247572653013456
-5.424,3.799888375432994e-5,4.085028103190244e-5,0.0010735191884478357,-0.0010355203046935057
-5.412,3.807694538412857e-5,3.855515894814109e-5,0.001084208461087894,-0.0010461315157037653
-5.4,3.815511519383603e-5,3.572808718401752e-5,0.0010947444041060942,-0.0010565892889122582
-5.388,3.823334909196772e-5,3.607415127584276e-5,0.0011051255160621754,-0.0010668921669702077
-5.376,3.831171658594539e-5,3.9256111226042975e-5,0.0011153503177868938,-0.0010770386012009484
-5.364,3.839016156983533e-5,4.132009788502613e-5,0.0011254173525947588,-0.0010870271910249235
-5.352,3.8468873218500815e-5,3.9733746942243694e-5,0.0011353251864935333,-0.0010968563132750324
-5.34,3.8547773848042173e-5,3.661706488156077e-5,0.0011450724083904994,-0.0011065246345424572
-5.328,3.862666093147095e-5,3.6044036259970865e-5,0.0011546576302953995,-0.0011160309693639286
-5.316,3.8705838554270065e-5,3.884954553956202e-5,0.0011640794875202457,-0.0011253736489659756
-5.304,3.8785011410073355e-5,4.156115761552321e-5,0.0011733366388754919,-0.0011345516274654185
-5.292,3.886426921366156e-5,4.082247941529896e-5,0.001182427766863019,-0.0011435634976493575
-5.28,3.894367686154516e-5,3.7673425816700514e-5,0.0011913515778658687,-0.0011524079010043235
-5.268,3.90231711637286e-5,3.6228994208152816e-5,0.0012001068023342924,-0.0011610836311705638
-5.256,3.9102800778547915e-5,3.843518042080274e-5,0.0012086921949684968,-0.0011695893941899489
-5.244,3.9182601839409274e-5,4.158497971935716e-5,0.0012171065348979039,-0.0011779239330584946
-5.232,3.9262514734196867e-5,4.1765174940088536e-5,0.0012253486258568982,-0.0011860861111227014
-5.22,3.9342669084873596e-5,3.8845183213399955e-5,0.0012334172963570675,-0.0011940746272721939
-5.208,3.942299868654915e-5,3.664787145828323e-5,0.0012413113998558842,-0.001201888401169335
-5.196,3.950349959582541e-5,3.8079071056640734e-5,0.001249029814921831,-0.0012095263153260056
-5.184,3.958410721387434e-5,4.1420962228908836e-5,0.0012565714453959158,-0.0012169873381820415
-5.172,3.9664833659782935e-5,4.251736496753683e-5,0.001263935220549586,-0.0012242703868898031
-5.16,3.974561186073254e-5,4.007096956405623e-5,0.0012711200952389928,-0.0012313744833782603
-5.148,3.9826585115186955e-5,3.730100089085186e-5,0.0012781250500556,-0.001238298464940413
-5.136,3.9907704822825154e-5,3.784325292795193e-5,0.0012849490914731056,-0.0012450413866502805
-5.124,3.998913416440033e-5,4.1114145615678335e-5,0.001291591251990665,-0.0012516021178262647
-5.112,4.00705172301629e-5,4.3049979055916e-5,0.0012980505902723844,-0.0012579800730422215
-5.1,4.0152183774330935e-5,4.128495074632892e-5,0.001304326191283074,-0.001264174007508743
-5.088,4.02341095761202e-5,3.8170078645262146e-5,0.0013104171664202362,-0.001270183056844116
-5.076,4.0316178826128694e-5,3.778073302060869e-5,0.0013163226536422729,-0.0012760064748161442
-5.064,4.0398462096925044e-5,4.072170321927161e-5,0.0013220418175928894,-0.0012816433554959643
-5.052,4.0480736439765146e-5,4.335181508932911e-5,0.001327573849721685,-0.0012870931132819199
-5.04,4.056331818617074e-5,4.24221338893809e-5,0.001332917968400903,-0.0012923546502147322
-5.028,4.064598121027857e-5,3.92195432080015e-5,0.0013380734190383318,-0.0012974274378280532
-5.016,4.0728813387712944e-5,3.793117680840078e-5,0.0013430394741863376,-0.0013023106607986247
-5.004,4.081185679806606e-5,4.030843216536657e-5,0.0013478154336470153,-0.0013070035768489492
-4.992,4.0895128377819e-5,4.343058772470564e-5,0.0013524006245734335,-0.0013115054961956145
-4.98,4.0978615865672804e-5,4.342364468425491e-5,0.0013567944015669786,-0.0013158157857013058
-4.968,4.10623665873962e-5,4.039935610959809e-5,0.0013609961467707617,-0.0013199337801833655
-4.956,4.114632211208889e-5,3.831764279392574e-5,0.0013650052699590908,-0.0013238589478470019
-4.944,4.123047383585614e-5,3.9941600860643775e-5,0.0013688212086229894,-0.0013275907347871333
-4.932,4.1314758833434434e-5,4.3312461127595914e-5,0.00137244342805175,-0.0013311286692183155
-4.92,4.139916766254131e-5,4.424154942702568e-5,0.0013758714214105127,-0.0013344722537479714
-4.908,4.14838752971615e-5,4.164897021389904e-5,0.0013791047098138539,-0.0013376208345166924
-4.896,4.1568747809468285e-5,3.8944634656703885e-5,0.0013821428423953803,-0.001340574094585912
-4.884,4.1653823291226645e-5,3.9685563279102605e-5,0.0013849853963733138,-0.0013433315730820871
-4.872,4.173914796126287e-5,4.304009316203751e-5,0.00138763197711206,-0.001345892829150797
-4.86,4.1824747263125494e-5,4.484283072833611e-5,0.0013900822181797516,-0.001348257470916626
-4.848,4.1910629037275214e-5,4.2902174715987395e-5,0.001392335781401759,-0.0013504251523644838
-4.836,4.199675958743254e-5,3.979763710234153e-5,0.0013943923569101578,-0.0013523955973227253
-4.824,4.208305634922525e-5,3.959657186197323e-5,0.0013962516631891508,-0.0013541686068399255
-4.812,4.216962428074352e-5,4.2669337969998824e-5,0.0013979134471164352,-0.0013557438228356917
-4.8,4.2256314492184095e-5,4.5212191060000645e-5,0.0013993774840005107,-0.0013571211695083266
-4.788,4.2343309519990175e-5,4.409243334761361e-5,0.0014006435776139172,-0.001358300268093927
-4.776,4.243055120326509e-5,4.084418350643939e-5,0.0014017115602224129,-0.0013592810090191478
-4.764,4.251791288616439e-5,3.971820797581723e-5,0.0014025812926100683,-0.001360063379723904
-4.752,4.260565510786837e-5,4.2264862704992595e-5,0.001403252664100291,-0.0013606470089924227
-4.74,4.269367824112657e-5,4.535345014366478e-5,0.001403725592572765,-0.0013610319143316384
-4.728,4.278193033485536e-5,4.515828992006155e-5,0.0014040000244763115,-0.0013612180941414561
-4.716,4.2870580977712094e-5,4.2036380764913e-5,0.001404075934837665,-0.001361205353859953
-4.704,4.295953784534245e-5,4.00778023082441e-5,0.0014039533272661635,-0.001360993789420821
-4.692,4.3048568372775235e-5,4.1895023266113846e-5,0.0014036322339543556,-0.0013605836655815804
-4.68,4.313793473448573e-5,4.528941342600858e-5,0.0014031127156745192,-0.0013599747809400335
-4.668,4.322748227979776e-5,4.6048406810658e-5,0.0014023948617711006,-0.0013591673794913028
-4.656,4.3317368082705556e-5,4.3314699160132085e-5,0.001401478790149065,-0.0013581614220663594
-4.644,4.340747346010909e-5,4.068414083587169e-5,0.0014003646472581705,-0.0013569571737980614
-4.632,4.349795638295588e-5,4.162640597963767e-5,0.0013990526080731598,-0.0013555546516902039
-4.62,4.358881379926951e-5,4.506021080317069e-5,0.0013975428760698806,-0.001353954062270611
-4.608,4.367995077712958e-5,4.6725828239023566e-5,0.0013958356831973268,-0.0013521557324201973
-4.596,4.377140310442957e-5,4.4612732011133355e-5,0.0013939312898456231,-0.0013501598867411936
-4.584,4.386320283271557e-5,4.1526650972636454e-5,0.0013918299848099326,-0.001347966781977217
-4.572,4.3955221478857425e-5,4.151847210233832e-5,0.0013895320852503228,-0.0013455768637714654
-4.56,4.4047623085317466e-5,4.472022762210173e-5,0.0013870379366475644,-0.001342990313562247
-4.548,4.4140151563458636e-5,4.7171119334467234e-5,0.001384347912754898,-0.0013402077611914395
-4.536,4.423315847802917e-5,4.5862549720326194e-5,0.0013814624155457564,-0.0013372292570677272
-4.524,4.432638932585879e-5,4.257614511333512e-5,0.0013783818751574586,-0.0013340554858315998
-4.512,4.442004408632106e-5,4.161873714110657e-5,0.0013751067498308828,-0.0013306867057445617
-4.5,4.4514009679670966e-5,4.433386403297154e-5,0.0013716375258461268,-0.0013271235161664559
-4.488,4.460846007904454e-5,4.73841195958262e-5,0.001367974717454165,-0.0013233662573751204
-4.476,4.47031717261757e-5,4.700022215857458e-5,0.001364118866804512,-0.0013194156950783362
-4.464,4.4798303350776546e-5,4.378707432225829e-5,0.001360070543868906,-0.0013152722405181294
-4.452,4.4893749343089375e-5,4.195887744954631e-5,0.001355830346361018,-0.0013109365970179285
-4.44,4.498955067015493e-5,4.3970454741536975e-5,0.0013513988996522058,-0.0013064093489820509
-4.428,4.5085652913216595e-5,4.7384158565310824e-5,0.001346776856683316,-0.0013016912037700993
-4.416,4.518211237883362e-5,4.7971066430512125e-5,0.0013419648978725597,-0.001296782785493726
-4.404,4.527892893579693e-5,4.510112325495253e-5,0.0013369637310194581,-0.0012916848020836612
-4.392,4.537614468077731e-5,4.255208526401441e-5,0.0013317740912048921,-0.0012863979465241148
-4.38,4.5473810929940036e-5,4.369875135433207e-5,0.0013263967406872532,-0.0012809229297573131
-4.368,4.557189650761955e-5,4.720870382442166e-5,0.0013208324687947227,-0.0012752605722871032
-4.356,4.5670421783399265e-5,4.8734195501143226e-5,0.0013150820918136853,-0.001269411670030286
-4.344,4.576940058017187e-5,4.645186830390109e-5,0.0013091464528733063,-0.0012633770522931344
-4.332,4.586869102662645e-5,4.339189571223785e-5,0.0013030264218262726,-0.0012571577307996461
-4.32,4.596839799477122e-5,4.3581407962370844e-5,0.0012967228951257343,-0.001250754497130963
-4.308,4.606844669190809e-5,4.69105370931159e-5,0.0012902367956984435,-0.0012441683490065354
-4.296,4.6168966330608924e-5,4.9265995814864925e-5,0.0012835690728141306,-0.0012374001064835217
-4.284,4.626987942126849e-5,4.7770133267318064e-5,0.0012767207019511184,-0.00123045082252985
-4.272,4.637118685845679e-5,4.445259301721455e-5,0.0012696926846582101,-0.0012233214977997533
-4.26,4.6473050945401544e-5,4.3669914089159574e-5,0.0012624860484128518,-0.0012160129974674503
-4.248,4.6575337104069574e-5,4.655367325118028e-5,0.0012551018464756181,-0.0012085265093715485
-4.236,4.667825719952847e-5,4.9562244893133046e-5,0.0012475411577410082,-0.0012008629005414797
-4.224,4.6781543589696556e-5,4.898961771978713e-5,0.001239805086584607,-0.0011930235429949104
-4.212,4.68852135392505e-5,4.569117722761222e-5,0.0012318947627066052,-0.0011850095491673547
-4.2,4.698943939281455e-5,4.4000387029305135e-5,0.00122381134097173,-0.0011768219015789155
-4.188,4.709408171079364e-5,4.620833991499663e-5,0.0012155560012455772,-0.0011684619195347836
-4.176,4.719912765204881e-5,4.963868662561059e-5,0.001207129948227402,-0.001159930820575353
-4.164,4.73047604416868e-5,5.005234767577274e-5,0.0011985344112793637,-0.0011512296508376769
-4.152,4.741074916913722e-5,4.7050747357135886e-5,0.0011897706442522732,-0.001142359895083136
-4.14,4.751737221819351e-5,4.459057024926777e-5,0.0011808399253078483,-0.0011333225530896548
-4.128,4.7624543433756345e-5,4.5945413457944464e-5,0.0011717435567375229,-0.0011241190133037665
-4.116,4.7732282240784546e-5,4.953000420144946e-5,0.001162482864777816,-0.0011147505825370315
-4.104,4.7840569506328546e-5,5.09135084191946e-5,0.0011530591994223078,-0.0011052186299159792
-4.092,4.7949318169399936e-5,4.846504181001685e-5,0.0011434739342302295,-0.0010955246160608296
-4.08,4.805859114288759e-5,4.543829080804343e-5,0.0011337284661317182,-0.0010856698749888306
-4.068,4.816838329206054e-5,4.583075460858651e-5,0.0011238242152297408,-0.0010756558319376802
-4.056,4.827869804864917e-5,4.928725877338891e-5,0.0011137626245987387,-0.0010654839265500896
-4.044,4.8389589163063415e-5,5.154526499484327e-5,0.001103545160080003,-0.0010551555709169395
-4.032,4.850101207961514e-5,4.9863781728190386e-5,0.001093173310073829,-0.001044672297994214
-4.02,4.86130708064077e-5,4.652151397507919e-5,0.0010826485853284566,-0.0010340355145220489
-4.008,4.8725769203303813e-5,4.5919898914710604e-5,0.001071972518725861,-0.001023246749522557
-3.996,4.883905893151392e-5,4.897398575286675e-5,0.0010611466650643877,-0.0010123076061328738
-3.984,4.8953074237232264e-5,5.1939253479212255e-5,0.0010501726008382924,-0.00100121952660106
-3.972,4.906751152100228e-5,5.1178395136040306e-5,0.001039051924014203,-0.0009899844124932008
-3.96,4.9182677999475184e-5,4.780000632101059e-5,0.0010277862538045416,-0.0009786035758050664
-3.948,4.929835572011951e-5,4.625353319863086e-5,0.0010163772304379408,-0.0009670788747178213
-3.936,4.941463112974624e-5,4.866125023461926e-5,0.0010048265149266834,-0.0009554118837969372
-3.924,4.9531587558274506e-5,5.2107529854382105e-5,0.0009931357888312042,-0.0009436042012729297
-3.912,4.964910880224209e-5,5.2347665213672556e-5,0.0009813067540216842,-0.0009316576452194421
-3.9,4.976742832113739e-5,4.921848959860416e-5,0.0009693411324367789,-0.0009195737041156415
-3.888,4.988633632851654e-5,4.6854130217062274e-5,0.0009572406658395053,-0.0009073543295109888
-3.876,5.000601078831177e-5,4.842204953984045e-5,0.0009450071155703372,-0.0008950011047820255
-3.864,5.012636822606276e-5,5.208188506586769e-5,0.000932642262297529,-0.0008825158940714662
-3.852,5.024744447813519e-5,5.332284767434455e-5,0.0009201479057647223,-0.0008699004612865871
-3.84,5.036917813829066e-5,5.071104696753773e-5,0.0009075258645358567,-0.000857156686397566
-3.828,5.049161589828967e-5,4.772402449929889e-5,0.000894777975737431,-0.0008442863598391413
-3.816,5.061468349857408e-5,4.832550710572158e-5,0.0008819060947981532,-0.0008312914112995791
-3.804,5.07385005275332e-5,5.191156505455506e-5,0.000868912095186008,-0.0008181735946584748
-3.792,5.086300991950679e-5,5.4071840326699024e-5,0.0008557978681427958,-0.000804934858223289
-3.78,5.098833218358052e-5,5.220644027122198e-5,0.0008425653224161685,-0.000791576990232588
-3.768,5.1114445790096676e-5,4.8845099566963965e-5,0.0008292163839892054,-0.0007781019381991087
-3.756,5.124140400581485e-5,4.843132323670488e-5,0.0008157529958075773,-0.0007645115918017625
-3.744,5.1369152105627466e-5,5.165956297115362e-5,0.0008021771175043251,-0.0007508079653986977
-3.732,5.149762087490494e-5,5.458205972633242e-5,0.0007884907251223019,-0.000736993104247397
-3.72,5.162691675775232e-5,5.363392053892048e-5,0.0007746958108343222,-0.0007230688940765698
-3.708,5.175691457414886e-5,5.0180129289880394e-5,0.0007607943826610488,-0.0007090374680868999
-3.696,5.188780513887693e-5,4.8784932468729095e-5,0.0007467884641866703,-0.0006949006590477934
-3.684,5.20194551911512e-5,5.139776706659252e-5,0.0007326800942724036,-0.0006806606390812524
-3.672,5.2151914943350856e-5,5.486177995377375e-5,0.0007184713267678654,-0.0006663194118245146
-3.66,5.2285294336673095e-5,5.492906997264267e-5,0.0007041642302203609,-0.0006518789358836878
-3.648,5.241955843720116e-5,5.1675683930976187e-5,0.0006897608875821208,-0.0006373413291449197
-3.636,5.2554718108001894e-5,4.941376542892507e-5,0.0006752633959155436,-0.0006227086778075417
-3.624,5.269083957190482e-5,5.120134259965696e-5,0.000660673866096475,-0.0006079830265245702
-3.612,5.282780380819088e-5,5.493980933082186e-5,0.0006459944225155753,-0.0005931666187073844
-3.6,5.296572089175263e-5,5.6039206262282776e-5,0.0006312272027778179,-0.0005782614818860653
-3.588,5.3104503102017185e-5,5.326638507626526e-5,0.0006163743574001615,-0.0005632698542981443
-3.576,5.324414884194087e-5,5.032492886656652e-5,0.0006014380495074386,-0.0005481939006654977
-3.564,5.3384716073259135e-5,5.114279165576318e-5,0.0005864204545265157,-0.0005330357384532566
-3.552,5.352625304554733e-5,5.4863512809659164e-5,0.0005713237598787568,-0.0005177975068332095
-3.54,5.366883681965967e-5,5.6927910059907376e-5,0.0005561501646708437,-0.0005024813278511841
-3.528,5.381231470587131e-5,5.488018317381319e-5,0.0005409018793840005,-0.0004870895646781292
-3.516,5.395688432096896e-5,5.150450738884439e-5,0.0005255811255616613,-0.0004716242412406924
-3.504,5.4102519073936765e-5,5.128616560298271e-5,0.0005101901354956353,-0.00045608761642169856
-3.492,5.424920258386405e-5,5.469532053063412e-5,0.0004947311519108104,-0.00044048194932694637
-3.48,5.439687353752049e-5,5.757830183867029e-5,0.00047920642764844485,-0.00042480955411092436
-3.468,5.454558291254313e-5,5.644424583406731e-5,0.000463618225348092,-0.0004090726424355489
-3.456,5.46952441982776e-5,5.291856282147914e-5,0.00044796881712821137,-0.0003932735729299338
-3.444,5.484607664537082e-5,5.1681898123852336e-5,0.00043226048426550423,-0.0003774144076201334
-3.432,5.499790600695402e-5,5.450798598758179e-5,0.0004164955168730291,-0.0003614976108660751
-3.42,5.515082168700415e-5,5.7994790348311496e-5,0.00040067621357714293,-0.0003455253918901388
-3.408,5.530500767449788e-5,5.78909914334218e-5,0.0003848048811933154,-0.0003294998735188175
-3.396,5.546032858955066e-5,5.451577209164121e-5,0.000368883834400866,-0.00031342350581131537
-3.384,5.561687213174939e-5,5.236268258685999e-5,0.0003529153954166725,-0.0002972985232849231
-3.372,5.577452432585609e-5,5.4378960565762436e-5,0.0003369018936678964,-0.0002811273693420403
-3.36,5.593338476875666e-5,5.820313408047843e-5,0.00032084566546378374,-0.0002649122806950271
-3.348,5.6093408714399896e-5,5.916378548531379e-5,0.000304749053666578,-0.0002486556449521781
-3.336,5.625459749367107e-5,5.623151266655769e-5,0.00028861440736160373,-0.00023235980986793266
-3.324,5.641698983917758e-5,5.334073901503915e-5,0.00027244408152656696,-0.00021602709168738938
-3.312,5.6580606927947736e-5,5.438432643212318e-5,0.00025624043670012357,-0.00019965982977217584
-3.3,5.674551188213127e-5,5.824879040801418e-5,0.00024000583864976387,-0.0001832603267676326
-3.288,5.691170507436704e-5,6.022183849984149e-5,0.00022374265803906624,-0.0001668309529646992
-3.276,5.7079235653965336e-5,5.7993086478330036e-5,0.00020745327009436448,-0.00015037403444039915
-3.264,5.724819181199294e-5,5.460670899022943e-5,0.00019114005427089004,-0.0001338918624588971
-3.252,5.7418515921465825e-5,5.4592770621516295e-5,0.00017480539391842657,-0.00011738687799696074
-3.24,5.759004265968649e-5,5.819366386920609e-5,0.00015845167594653794,-0.00010086163328685145
-3.228,5.7763053763086955e-5,6.104390232222413e-5,0.00014208129048941235,-8.431823672632539e-5
-3.216,5.793734109499116e-5,5.9725678412577934e-5,0.00012569663057038447,-6.775928947539331e-5
-3.204,5.8113013073726425e-5,5.6130289646586934e-5,0.00010930009176617348,-5.118707869244705e-5
-3.192,5.8290156951737474e-5,5.506008602415089e-5,9.289407187089889e-5,-3.4603914919161415e-5
-3.18,5.846865807974988e-5,5.81114946450093e-5,7.64809705599171e-5,-1.8012312480167223e-5
-3.168,5.8648633173434715e-5,6.16304530471951e-5,6.00631890535413e-5,-1.4145558801065851e-6
-3.156,5.8830249652881393e-5,6.135858165417e-5,4.3643129780682595e-5,1.5187119872198797e-5
-3.144,5.9013416483865935e-5,5.7862580379888174e-5,2.722319604247446e-5,3.179022044139147e-5
-3.132,5.919805829974105e-5,5.582464921507637e-5,1.080579167592773e-5,4.839226662381332e-5
-3.12,5.938425766749739e-5,5.808224021320321e-5,-5.606679282330989e-6,6.499093694982838e-5
-3.108,5.957197105175111e-5,6.200416565791842e-5,-2.2011812932185672e-5,8.158378398393678e-5
-3.096,5.976131551798425e-5,6.283119485837876e-5,-3.840720584596943e-5,9.816852136395368e-5
-3.084,5.9952122672923006e-5,5.9739978760150996e-5,-5.4790455404166616e-5,0.00011474257807708962
-3.072,6.014461957116415e-5,5.690425303673911e-5,-7.11591601308175e-5,0.00013130377970198165
-3.06,6.033875538326866e-5,5.818588844130548e-5,-8.75109200285852e-5,0.00014784967541185386
-3.048,6.053470177673557e-5,6.220861958504708e-5,-0.0001038433369134236,0.00016437803869015917
-3.036,6.073220823627118e-5,6.40983078837624e-5,-0.00012015401474879741,0.0001808862229850686
-3.024,6.0931648542345875e-5,6.1689336344457e-5,-0.0001364405599794015,0.00019737220852174736
-3.012,6.113275575653435e-5,5.829456889422777e-5,-0.00015270058186432698,0.00021383333762086133
-3.0,6.133562678128975e-5,5.849619185426094e-5,-0.00016893169280962105,0.0002302673195909108
-2.988,6.154040285929837e-5,6.230531495601657e-5,-0.0001851315087001911,0.00024667191155948947
-2.976,6.174687639388029e-5,6.513424314987665e-5,-0.00020129764923099237,0.00026304452562487266
-2.964,6.195516059168547e-5,6.363398066731694e-5,-0.0002174277382374578,0.0002793828988291433
-2.952,6.216528541856225e-5,5.996938757385379e-5,-0.00023351940402510868,0.00029568468944367093
-2.94,6.237733737724215e-5,5.907482607466902e-5,-0.000249570279698297,0.00031194761707553913
-2.928,6.259140260824679e-5,6.236921540607062e-5,-0.00026557800348802615,0.00032816940609627294
-2.916,6.280742218032744e-5,6.593550511692817e-5,-0.0002815402190787967,0.00034434764125912414
-2.904,6.302544935331858e-5,6.550013523803859e-5,-0.000297454575934426,0.0003604800252877446
-2.892,6.324554824445425e-5,6.188264784413511e-5,-0.00031331872962278584,0.0003765642778672401
-2.88,6.346767708219467e-5,5.996644894971211e-5,-0.000329130342139411,0.00039259801922160567
-2.868,6.369182513798653e-5,6.248315409076674e-5,-0.00034488708222991596,0.0004085789073679025
-2.856,6.391812793843057e-5,6.652170452310664e-5,-0.00036058662571117843,0.000424504753649609
-2.844,6.414636807723943e-5,6.722323108262145e-5,-0.00037622665579122906,0.0004403730238684685
-2.832,6.437681101796697e-5,6.397211992258163e-5,-0.0003918048633877969,0.0004561816744057639
-2.82,6.460946232806313e-5,6.119507224041271e-5,-0.00040731894744545737,0.0004719284097735205
-2.808,6.484429132727832e-5,6.273153526135642e-5,-0.00042276661525132963,0.00048761090657860795
-2.796,6.508153698783943e-5,6.693465827990798e-5,-0.0004381455827492712,0.0005032271197371106
-2.784,6.532113187308187e-5,6.875360477347274e-5,-0.0004534535748525178,0.0005187747067255996
-2.772,6.556297816710137e-5,6.616447738769636e-5,-0.00046868832575470856,0.0005342513039218099
-2.76,6.580716907480155e-5,6.276205963071814e-5,-0.00048384757923925544,0.000549654748314057
-2.748,6.60537214288386e-5,6.319382657928782e-5,-0.0004989290889869926,0.0005649828104158312
-2.736,6.630271254744495e-5,6.723570988054783e-5,-0.0005139306188820621,0.0005802333314295071
-2.724,6.655417068749823e-5,7.006111933783438e-5,-0.0005288499433159709,0.0005954041140034691
-2.712,6.6807986189628e-5,6.838137685529036e-5,-0.0005436848474897805,0.0006104928336794085
-2.7,6.706438056460829e-5,6.464594050874981e-5,-0.0005584331277143654,0.0006254975082789737
-2.688,6.732340166313742e-5,6.393836186269631e-5,-0.0005730925917086921,0.0006404159933718295
-2.676,6.758498662535486e-5,6.750145768140866e-5,-0.0005876610588960609,0.0006552460455214158
-2.664,6.784934956389089e-5,7.113832319830371e-5,-0.0006021363606982656,0.0006699857102621565
-2.652,6.811636829876335e-5,7.054607904301868e-5,-0.0006165163408276083,0.0006846327091263717
-2.64,6.83861068820885e-5,6.680408796272245e-5,-0.0006307988555767232,0.0006991849624588117
-2.628,6.865858061334818e-5,6.501695780127544e-5,-0.0006449817741061513,0.0007136403547194995
-2.616,6.893386535481013e-5,6.781820818179717e-5,-0.000659062978729616,0.0007279968440844261
-2.604,6.921199400420817e-5,7.200187266518121e-5,-0.000673040365196944,0.0007422523592011522
-2.592,6.949285483331112e-5,7.259009478425212e-5,-0.00068691184297458,0.0007564046978078911
-2.58,6.977676012076854e-5,6.917616258963612e-5,-0.0007006753355236364,0.000770452095644405
-2.568,7.006359055723103e-5,6.646079203230844e-5,-0.0007143287805754331,0.0007843923711326642
-2.556,7.035347375073384e-5,6.827557809792528e-5,-0.000727870130404466,0.0007982236041551999
-2.544,7.064652385274726e-5,7.269207718661624e-5,-0.0007412973520987529,0.0008119438759515001
-2.532,7.094270786158353e-5,7.445932959397578e-5,-0.000754608427827503,0.0008255511356890865
-2.52,7.124201703536271e-5,7.168908254498563e-5,-0.0007678013551060581,0.0008390433721414208
-2.508,7.154455683524219e-5,6.827789780876098e-5,-0.0007808741470580444,0.0008524187038932866
-2.496,7.185039453599343e-5,6.895974395464699e-5,-0.0007938248326746906,0.0008656752272106841
-2.484,7.215935807864673e-5,7.3270573432104e-5,-0.0008066514570712451,0.0008788108151498919
-2.472,7.247169268428824e-5,7.611923181014175e-5,-0.0008193520817404523,0.0008918237744247405
-2.46,7.278743304713249e-5,7.426315590388587e-5,-0.0008319247848030193,0.0009047122178501518
-2.448,7.310664528957294e-5,7.045250900609146e-5,-0.0008443676612550284,0.0009174743065446014
-2.436,7.342940629569519e-5,6.994687473499818e-5,-0.0008566788232122316,0.0009301082295079268
-2.424,7.375578219304092e-5,7.381628295832515e-5,-0.0008688564001511789,0.0009426121823442198
-2.412,7.408591956815111e-5,7.755852026014537e-5,-0.000880898539147119,0.0009549844587152701
-2.4,7.441965081136524e-5,7.681891383777953e-5,-0.000892803405108619,0.0009672230559199843
-2.388,7.475713570827443e-5,7.294634757059122e-5,-0.0009045691810088484,0.0009793263167171228
-2.376,7.509838982230844e-5,7.129727857885048e-5,-0.0009161940681134624,0.0009912924579357709
-2.364,7.544345275223177e-5,7.441994711072029e-5,-0.0009276762862050404,0.0010031197389572721
-2.352,7.579243153240072e-5,7.879117287131241e-5,-0.0009390140738040105,0.0010148065053364112
-2.34,7.61453592172419e-5,7.928412043141264e-5,-0.0009502056883860084,0.0010263510476032503
-2.328,7.650234404542387e-5,7.570179457561202e-5,-0.0009612494065956109,0.0010377517506410347
-2.316,7.686353051667002e-5,7.305074824047049e-5,-0.0009721435244563839,0.001049007054973054
-2.304,7.722881148940382e-5,7.517765097880882e-5,-0.0009828863575771882,0.001060115169066592
-2.292,7.759844991465101e-5,7.985648980966131e-5,-0.0009934762413546828,0.0010710746912693339
-2.28,7.797242152345106e-5,8.160041244188061e-5,-0.0010039115311719598,0.001081883952695411
-2.268,7.83508468642335e-5,7.864673739778494e-5,-0.00101419060259326,0.0010925414494574934
-2.256,7.873357447408516e-5,7.522350522177504e-5,-0.001024311851554699,0.001103045426028784
-2.244,7.912086144652416e-5,7.618383611998043e-5,-0.0010342736945509472,0.0011133945559974713
-2.232,7.951267497671244e-5,8.081719378964721e-5,-0.001044074568817795,0.0011235872437945075
-2.22,7.990910540028157e-5,8.372904239449164e-5,-0.001053712932510544,0.0011336220379108257
-2.208,8.031042759411777e-5,8.170075094095507e-5,-0.0010631872648781595,0.0011434976924722773
-2.196,8.071651440641633e-5,7.780702520646492e-5,-0.0010724960664331153,0.0011532125808395317
-2.184,8.112763317007525e-5,7.752435218743136e-5,-0.0010816378591168676,0.0011627654922869428
-2.172,8.154373120070404e-5,8.175568470899657e-5,-0.001090611186460888,0.001172154917661592
-2.16,8.196497800273058e-5,8.565526010711596e-5,-0.001099414613743192,0.0011813795917459226
-2.148,8.23912706158377e-5,8.478216090073511e-5,-0.0011080467281402854,0.001190437998756123
-2.136,8.282283036389177e-5,8.076888633633605e-5,-0.0011165061388744638,0.0011993289692383555
-2.124,8.325978599707496e-5,7.927010612906974e-5,-0.0011247914773563944,0.0012080512633534694
-2.112,8.37020759627057e-5,8.276871386824595e-5,-0.001132901397322899,0.0012166034732856046
-2.1,8.414984062371403e-5,8.739096689620777e-5,-0.0011408345749698726,0.0012249844155935866
-2.088,8.460340604513907e-5,8.78154608023662e-5,-0.0011485897090802535,0.0012331931151253926
-2.076,8.506240112282539e-5,8.405562771764122e-5,-0.001156165521146971,0.0012412279222697965
-2.064,8.552748781960151e-5,8.14718330373168e-5,-0.0011635607554907922,0.0012490882433103937
-2.052,8.599845147498554e-5,8.396087319760366e-5,-0.0011707741793729823,0.0012567726308479678
-2.04,8.647543961159596e-5,8.897540618838438e-5,-0.001177804583102696,0.001264280022714292
-2.028,8.695864743562772e-5,9.073851831440871e-5,-0.0011846507801390206,0.0012716094275746484
-2.016,8.744798603129008e-5,8.759745006025519e-5,-0.0011913116071875724,0.0012787595932188625
-2.004,8.79435365685171e-5,8.415643716606928e-5,-0.001197785924291568,0.0012857294608600851
-1.992,8.844559789811615e-5,8.543739682339688e-5,-0.001204072614917269,0.0012925182128153852
-1.98,8.895410259042533e-5,9.047380455026538e-5,-0.0012101705860337098,0.0012991246886241352
-1.968,8.946937244868995e-5,9.350901364176518e-5,-0.0012160787681866478,0.0013055481406353377
-1.956,8.999154295528098e-5,9.131444569603021e-5,-0.0012217961155664252,0.0013117876585217062
-1.944,9.052052136329473e-5,8.732524043546418e-5,-0.0012273216060701474,0.0013178421274334421
-1.932,9.105682884709703e-5,8.729683781040815e-5,-0.0012326542413574097,0.0013237110702045067
-1.92,9.160012043480802e-5,9.197403697259306e-5,-0.001237793046899901,0.001329393167334709
-1.908,9.215079654076915e-5,9.610960370310661e-5,-0.0012427370720248607,0.0013348878685656299
-1.896,9.270892319683901e-5,9.51239227120612e-5,-0.0012474853899516111,0.0013401943131484502
-1.884,9.327456899485206e-5,9.095433706132222e-5,-0.001252037097821957,0.001345311666816809
-1.872,9.384795550361892e-5,8.962420648983635e-5,-0.0012563913167236475,0.0013502392722272664
-1.86,9.442909919675242e-5,9.358154752666954e-5,-0.0012605471917070403,0.0013549762909037927
-1.848,9.50181706138812e-5,9.855139712231149e-5,-0.00126450389179479,0.0013595220624086713
-1.836,9.561544493738128e-5,9.894829750564206e-5,-0.0012682606099844187,0.0013638760549218
-1.824,9.622110922887905e-5,9.499709721951884e-5,-0.0012718165632436234,0.0013680376724725025
-1.812,9.683528835742407e-5,9.248513619979246e-5,-0.0012751709924981732,0.0013720062808555973
-1.8,9.745813547805296e-5,9.541289924399088e-5,-0.001278323162612236,0.001375781298090289
-1.788,9.808971150536395e-5,0.00010087545047166072,-0.0012812723623609708,0.0013793620738663348
-1.776,9.873024439002818e-5,0.00010272297918911663,-0.001284017904395222,0.0013827481487852502
-1.764,9.93799708950921e-5,9.938870171599539e-5,-0.0012865591251981295,0.0013859390960932216
-1.752,0.00010003892495271229,9.59215785963677e-5,-0.0012888953850334788,0.001388934309986191
-1.74,0.0001007073033161309,9.75884442435159e-5,-0.0012910260678855945,0.0013917333712017254
-1.728,0.00010138530065124853,0.00010315214670838333,-0.001292950581390575,0.0013943358820418235
-1.716,0.00010207331492925222,0.0001064036626239163,-0.001294668356758663,0.0013967416716879153
-1.704,0.0001027713319901168,0.00010405243599595611,-0.0012961788486875292,0.001398950180677646
-1.692,0.00010347979817050545,9.994942848392515e-5,-0.0012974815352662368,0.0014009613334367422
-1.68,0.00010419855391421095,0.00010022468763775928,-0.0012985759178696583,0.0014027744717838692
-1.668,0.00010492804115431933,0.00010547848138990093,-0.0012994615210430748,0.0014043895621973941
-1.656,0.00010566844702140747,0.00010997248575335114,-0.0013001378923767138,0.0014058063393981213
-1.644,0.00010641993718993673,0.00010890733754992464,-0.0013006046023699323,0.001407024539559869
-1.632,0.00010718264053914163,0.00010455834487268787,-0.001300861244284767,0.0014080438848239087
-1.62,0.00010795694647368608,0.00010342696010484573,-0.0013009074339885387,0.0014088643804622248
-1.608,0.00010874301977499383,0.0001079734489521141,-0.0013007428097851989,0.0014094858295601927
-1.596,0.00010954115798981773,0.00011344258933860522,-0.0013003670322350742,0.001409908190224892
-1.584,0.00011035167167038691,0.00011387668674719156,-0.0012997797839626613,0.0014101314556330482
-1.572,0.00011117472668851851,0.0001097138808605855,-0.0012989807694520955,0.001410155496140614
-1.56,0.00011201073422564215,0.00010728301085784602,-0.001297969714829907,0.0014099804490555492
-1.548,0.00011285973616399119,0.00011077187778920118,-0.0012967463676346442,0.0014096061037986354
-1.536,0.00011372214055200289,0.00011686073785153546,-0.0012953104965729373,0.0014090326371249402
-1.524,0.00011459818416068588,0.00011889676612220065,-0.0012936618912615366,0.0014082600754222224
-1.512,0.00011548808078016507,0.00011536187185814337,-0.001291800361954845,0.0014072884427350101
-1.5,0.00011639212544460402,0.00011185808525794595,-0.001289725739257434,0.001406117864702038
-1.488,0.00011731095982659844,0.00011401719756695022,-0.0012874378738209995,0.001404748833647598
-1.476,0.00011824462514716449,0.00012030781111027546,-0.0012849366360251928,0.0014031812611723573
-1.464,0.00011919341058444,0.00012392529324630196,-0.0012822219156417164,0.0014014153262261564
-1.452,0.00012015786212046841,0.00012143487261178238,-0.0012792936214810523,0.0013994514836015207
-1.44,0.00012113830972519625,0.00011719196322477321,-0.0012761516810211456,0.0013972899907463419
-1.428,0.00012213497260734393,0.00011785372538554717,-0.0012727960400173216,0.0013949310126246655
-1.416,0.00012314829161220293,0.0001238971469175941,-0.001269226662092689,0.001392374953704892
-1.404,0.00012417841429190348,0.00012894896048743287,-0.0012654435283082157,0.0013896219426001192
-1.392,0.00012522616886448032,0.00012786029143194987,-0.0012614466367124996,0.00138667280557698
-1.38,0.0001262915705922006,0.00012329831297652435,-0.0012572360018642257,0.0013835275724564263
-1.368,0.00012737511370133838,0.00012241912181957954,-0.0012528116543446557,0.001380186768045994
-1.356,0.00012847739395264904,0.00012777089398835362,-0.001248173640228617,0.0013766510341812661
-1.344,0.00012959874626099059,0.00013398959092632325,-0.0012433220205434145,0.001372920766804405
-1.332,0.00013073957841283667,0.00013456975731676368,-0.0012382568706962001,0.0013689964491090368
-1.32,0.00013190054821670284,0.00013016656963154297,-0.001232978279874682,0.0013648788280913849
-1.308,0.00013308209243363873,0.00012783768955089618,-0.001227486350418979,0.0013605684428526178
-1.296,0.00013428444197227793,0.00013209470988728397,-0.001221781197163234,0.001356065639135512
-1.284,0.00013550833543343548,0.00013910854001839503,-0.0012158629467454915,0.001351371282178927
-1.272,0.0001367540842794545,0.00014150918296158992,-0.0012097317368842567,0.0013464858211637112
-1.26,0.00013802255023694196,0.00013776639234067972,-0.0012033877156200357,0.0013414102658569776
-1.248,0.0001393140971251254,0.00013421516611775115,-0.0011968310405200515,0.001336145137645177
-1.236,0.00014062935972532914,0.00013705129950798765,-0.0011900618778441948,0.001330691237569524
-1.224,0.0001419688609794981,0.0001444091312945131,-0.0011830804016701476,0.0013250492626496458
-1.212,0.00014333339308573068,0.0001486489626867928,-0.0011758867929754578,0.0013192201860611884
-1.2,0.0001447235666266109,0.00014605460130503968,-0.0011684812386741949,0.0013132048053008057
-1.188,0.00014613996810097655,0.0001416356021126442,-0.001160863930605652,0.0013070038987066286
-1.176,0.00014758325485807644,0.00014283342672856666,-0.0011530350644723608,0.0013006183193304372
-1.164,0.00014905419233970777,0.00015003710365011445,-0.0011449948387245005,0.0012940490310642083
-1.152,0.00015055352730227616,0.00015599377542770417,-0.0011367434533875625,0.0012872969806898386
-1.14,0.00015208188250313143,0.00015498436269978537,-0.0011282811088298968,0.0012803629913330282
-1.128,0.0001536401283811096,0.00015016082522916973,-0.0011196080044665142,0.0012732481328476238
-1.116,0.00015522909111569724,0.0001496371394024184,-0.0011107243373952435,0.0012659534285109407
-1.104,0.0001568498407509575,0.0001561792592508681,-0.0011016303009610403,0.0012584801417119978
-1.092,0.00015850281658791126,0.00016359155344883427,-0.0010923260832439235,0.0012508288998318347
-1.08,0.00016018940415484504,0.00016451629161021468,-0.0010828118654656522,0.0012430012696204972
-1.068,0.00016191021423448684,0.00015983288161912866,-0.0010730878203098772,0.001234998034544364
-1.056,0.00016366649752807758,0.0001576560245030847,-0.0010631541101500724,0.00122682060767815
-1.044,0.00016545883877656475,0.00016306072751967024,-0.0010530108851790924,0.0012184697239556572
-1.032,0.00016728860773415665,0.00017154133040935525,-0.0010426582814336992,0.0012099468891678558
-1.02,0.00016915679684169913,0.00017463109746078596,-0.0010320964187068454,0.0012012532155485445
-1.008,0.00017106451392119842,0.00017067973651518068,-0.0010213253983399004,0.0011923899122610988
-0.996,0.00017301302840519537,0.00016707736080151674,-0.001010345300886341,0.0011833583292915363
-0.984,0.00017500351081678445,0.0001709414982753443,-0.000999156183637699,0.0011741596944544834
-0.972,0.00017703743220341857,0.00017999990146151467,-0.0009877580780017613,0.00116479551020518
-0.96,0.00017911590876590333,0.00018534342173958103,-0.0009761509867221357,0.001155266895488039
-0.948,0.00018124050535447186,0.00018272442915985725,-0.0009643348809273257,0.0011455753862817976
-0.936,0.0001834125209332323,0.00017808107399964096,-0.0009523096969963969,0.0011357222179296292
-0.924,0.00018563351608080064,0.00018011312881034664,-0.0009400753332271248,0.0011257088493079254
-0.912,0.00018790500317876512,0.0001891875205679548,-0.0009276316462912238,0.001115536649469989
-0.9,0.00019022856924326306,0.0001967166362809305,-0.0009149784474597982,0.0011052070167030612
-0.888,0.0001926060123443804,0.00019599784338542053,-0.0009021154985806325,0.001094721510925013
-0.876,0.00019503909458125183,0.00019084244842023997,-0.0008890425077869217,0.0010840816023681735
-0.864,0.00019752976132868423,0.00019089681052994917,-0.0008757591249155181,0.0010732888862442023
-0.852,0.00020008013065208122,0.00019939324299057075,-0.0008622649366100959,0.001062345067262177
-0.84,0.0002026917395087039,0.00020887861264605275,-0.0008485594610825127,0.0010512512005912166
-0.828,0.0002053672817155138,0.00021055531731899155,-0.0008346421425027988,0.0010400094242183125
-0.816,0.00020810869581570294,0.0002055396525215104,-0.0008205123449851901,0.001028621040800893
-0.804,0.00021091824859667248,0.00020364432660723635,-0.0008061693461342106,0.001017087594730883
-0.792,0.00021379874241562135,0.00021098103056275903,-0.0007916123301109961,0.0010054110725266174
-0.78,0.00021675245493279485,0.00022203888797549495,-0.0007768403801757593,0.000993592835108554
-0.768,0.00021978207403070362,0.0002264975371814864,-0.0007618524706574886,0.0009816345446881922
-0.756,0.0002228905800927294,0.00022236736428656547,-0.0007466474582965287,0.0009695380383892581
-0.744,0.00022608089412187542,0.00021874391607340542,-0.000731224072899582,0.0009573049670214575
-0.732,0.00022935638926046013,0.00022439844977370906,-0.0007155809072397252,0.0009449372965001854
-0.72,0.00023272023107113364,0.00023650832602242763,-0.0006997164061262082,0.0009324366371973418
-0.708,0.00023617598014641274,0.00024399664457317892,-0.0006836288545601512,0.0009198048347065639
-0.696,0.00023972716400043716,0.00024155826137072151,-0.0006673163648803971,0.0009070435288808343
-0.684,0.00024337790659304448,0.00023663382463690537,-0.000650776862796385,0.0008941547693894294
-0.672,0.00024713209639874354,0.00024019086206934296,-0.0006340080721886288,0.0008811401685873723
-0.66,0.0002509941899978978,0.00025272346679613083,-0.0006170074985370522,0.00086800168853495
-0.648,0.0002549687916246755,0.0002633294174530606,-0.0005997724108352659,0.0008547412024599414
-0.636,0.0002590607204614088,0.00026341509667113575,-0.0005822998218122725,0.0008413605422736813
-0.624,0.00026327524973615796,0.00025782764860050053,-0.0005645864662701194,0.0008278617160062773
-0.612,0.00026761779937707435,0.00025902574671085647,-0.0005466287773162838,0.0008142465766933581
-0.6,0.0002720943909209616,0.0002712795986495251,-0.000528422860239291,0.0008005172511602526
-0.588,0.00027671109403521225,0.0002849211129111125,-0.0005099644637403197,0.000786675557775532
-0.576,0.00028147436638461534,0.00028835795205094225,-0.0004912489481919391,0.0007727233145765545
-0.564,0.000286391745159236,0.0002829580352621203,-0.00047227125054645714,0.0007586629957056931
-0.552,0.00029147034149565413,0.0002817348692950243,-0.0004530258454593019,0.0007444961869549561
-0.54,0.00029671823554022146,0.00029297985034611727,-0.0004335067021257575,0.000730224937665979
-0.528,0.0003021439850883911,0.00030940680211131506,-0.0004137072362501666,0.0007158512213385577
-0.516,0.00030775709785348733,0.0003169949595840524,-0.0003936202564729079,0.0007013773543263953
-0.504,0.00031356731532161886,0.00031285011138290007,-0.0003732379044689529,0.0006868052197905718
-0.492,0.0003195853805696206,0.0003093878642003726,-0.0003525515877987616,0.0006721369683683822
-0.48,0.0003258229068704905,0.0003189137809897869,-0.00033155190443288516,0.0006573748113033757
-0.468,0.0003322920894686493,0.00033772335393142085,-0.00031022855767990953,0.0006425206471485589
-0.456,0.00033900657320250606,0.0003502323187846329,-0.00028857026001570605,0.0006275768332182121
-0.444,0.0003459808440135422,0.00034864596696914936,-0.00026656462403077427,0.0006125454680443164
-0.432,0.0003532302161071126,0.0003434228339604089,-0.0002441980383695089,0.0005974282544766215
-0.42,0.0003607722546134783,0.00035059155757291994,-0.0002214555261148526,0.0005822277807283309
-0.408,0.0003686255787743679,0.00037125832961294747,-0.00019832058255374703,0.000566946161328115
-0.396,0.00037681042121834947,0.00038945567991261127,-0.00017477498861679093,0.0005515854098351404
-0.384,0.00038534923505671346,0.0003920235841258537,-0.00015079859548520024,0.0005361478305419137
-0.372,0.000394266685906212,0.00038588641707891226,-0.00012636907485419666,0.0005206357607604086
-0.36,0.00040358970354151377,0.0003901878348124408,-0.00010146162807417997,0.0005050513316156937
-0.348,0.00041334816810132796,0.000412111426301471,-7.60486457788314e-5,0.0004893968138801594
-0.336,0.0004235749713192174,0.00043685278955002903,-5.009930754315332e-5,0.00047367427886237074
-0.324,0.0004343071651443004,0.00044560694877638626,-2.3579108450656857e-5,0.00045788627359495725
-0.312,0.00044558527711034706,0.0004399017898673148,3.5507040358249365e-6,0.00044203457307452214
-0.3,0.0004574556382109361,0.0004410183614836503,3.1333804055792114e-5,0.000426121834155144
-0.288,0.00046996976779656346,0.00046359688624483315,5.981959941573616e-5,0.0004101501683808273
-0.276,0.0004831860519963864,0.0004960451733773744,8.90642170866904e-5,0.000394121834909696
-0.264,0.0004971708678487593,0.0005138088781740137,0.0001191317085093253,0.000378039159339434
-0.252,0.0005120001611894662,0.0005106668155836526,0.00015009553621300167,0.00036190462497646454
-0.24,0.0005277607057330731,0.0005085648416555964,0.00018204042430487155,0.0003457202814282015
-0.228,0.0005445533621734395,0.0005313206223474601,0.00021506468508959543,0.00032948867708384403
-0.216,0.0005624951294340684,0.0005734889165600708,0.0002492831766598753,0.000313211952774193
-0.204,0.0005817235697263649,0.0006048086584925392,0.0002848311083910302,0.00029689246133533467
-0.192,0.0006024017192808309,0.0006078899780001182,0.00032186900355229953,0.0002805327157285314
-0.18,0.0006247238829430804,0.0006030023428724335,0.0003605892682940356,0.0002641346146490448
-0.168,0.0006489258116298031,0.0006258578435738844,0.0004012250338312623,0.0002477007777985408
-0.156,0.0006752958982683746,0.0006821763208380439,0.0004440622855909501,0.00023123361267742454
-0.144,0.000704192253276449,0.0007362147836488327,0.0004894568629674591,0.00021473539030898996
-0.132,0.0007360673812124529,0.0007531297791278891,0.000537858881492975,0.0001982084997194779
-0.12,0.0007715039955584738,0.0007469145340984907,0.0005898488389046659,0.00018165515665380779
-0.108,0.0008112708283426864,0.000771101708356864,0.0006461928251081145,0.00016507800323457193
-0.096,0.0008564097638018558,0.0008546329743139193,0.0007079304097080523,0.00014847935409380357
-0.084,0.0009083831033361365,0.000957887111976947,0.0007765215597007946,0.00013186154363534192
-0.072,0.0009693343119138104,0.0010120258358594294,0.0008541076336986219,0.00011522667821518846
-0.06,0.001042590092958387,0.0010099406239866822,0.0009440125860589813,9.857750689940575e-5
-0.048,0.0011337268206743783,0.0010440894334040644,0.0010518107587655836,8.191606190879476e-5
-0.036,0.0012532058707804541,0.0012286497032546037,0.0011879608533992081,6.524501738124593e-5
-0.024,0.0014245248317128498,0.0015683426534607782,0.0013759582465416554,4.856658517119429e-5
-0.012,0.0017226933724955298,0.0019098610448257205,0.0016908102302041455,3.18831422913844e-5
0.012,0.0016893213167222863,0.0018738728506369738,0.0016908102302041455,-1.488913481859072e-6
0.024,0.0013577854988510738,0.001499710358485748,0.0013759582465416554,-1.8172747690581617e-5
0.036,0.0011531088991080295,0.0011298023411471009,0.0011879608533992081,-3.4851954291178735e-5
0.048,0.0010002865564105957,0.000913455018452634,0.0010518107587655836,-5.1524202354987784e-5
0.06,0.0008758253921734452,0.0008439693784642912,0.0009440125860589813,-6.81871938855361e-5
0.072,0.0007692692200702196,0.0008097420716819873,0.0008541076336986219,-8.483841362840228e-5
0.084,0.0006750459885473776,0.0007221640542162441,0.0007765215597007946,-0.00010147557115341696
0.096,0.0005898341204974089,0.0005885645446708672,0.0007079304097080523,-0.00011809628921064334
0.108,0.0005114947866502301,0.0004740988807595403,0.0006461928251081145,-0.00013469803845788438
0.12,0.00043857010648299066,0.00041550516992453857,0.0005898488389046659,-0.00015127873242167525
0.132,0.0003700232826000341,0.00038544178434880816,0.000537858881492975,-0.00016783559889294085
0.144,0.00030509038457718715,0.0003344245262449021,0.0004894568629674591,-0.00018436647839027194
0.156,0.0002431932813851174,0.00024979945843947495,0.0004440622855909501,-0.00020086900420583268
0.168,0.00018388398810792803,0.0001633379712240372,0.0004012250338312623,-0.00021734104572333426
0.18,0.00012680937023695183,0.00010722392124659813,0.0003605892682940356,-0.0002337798980570838
0.192,7.168555959903203e-5,7.623676954371282e-5,0.00032186900355229953,-0.0002501834439532675
0.204,1.828182283776297e-5,3.8591317648928025e-5,0.0002848311083910302,-0.0002665492855532672
0.216,-3.3591918419188056e-5,-2.363000890265918e-5,0.0002492831766598753,-0.00028287509507906336
0.228,-8.40937760083599e-5,-9.525421417300937e-5,0.00021506468508959543,-0.00029915846109795533
0.24,-0.0001333567094918022,-0.0001499724116712104,0.00018204042430487155,-0.00031539713379667375
0.252,-0.00018149316223632829,-0.00018298009624238414,0.00015009553621300167,-0.00033158869844932996
0.264,-0.00022859911638522926,-0.00021460108130660715,0.0001191317085093253,-0.00034773082489455455
0.276,-0.00027475712689000185,-0.00026360312653597636,8.90642170866904e-5,-0.00036382134397669225
0.288,-0.00032003829962795724,-0.00032495034038133874,5.981959941573616e-5,-0.0003798578990436934
0.3,-0.00036450431008701485,-0.0003781194185098156,3.1333804055792114e-5,-0.000395838114142807
0.312,-0.0004082093596718734,-0.00041324771663704126,3.5507040358249365e-6,-0.0004117600637076983
0.324,-0.00045120043729050835,-0.000442191733111208,-2.3579108450656857e-5,-0.0004276213288398515
0.336,-0.0004935185237873148,-0.00048248022925622677,-5.009930754315332e-5,-0.00044341921624416154
0.348,-0.000535200563783089,-0.0005357003303396493,-7.60486457788314e-5,-0.00045915191800425766
0.36,-0.0005762787028340361,-0.0005868365203403959,-0.00010146162807417997,-0.00047481707475985623
0.372,-0.0006167814228841089,-0.0006237650737705159,-0.00012636907485419666,-0.0004904123480299121
0.384,-0.0006567340452549432,-0.0006518166904259416,-0.00015079859548520024,-0.0005059354497697429
0.396,-0.0006961594128514087,-0.0006861061618776006,-0.00017477498861679093,-0.0005213844242346178
0.408,-0.0007350775167472023,-0.0007324859969986916,-0.00019832058255374703,-0.0005367569341934553
0.42,-0.0007735063434095524,-0.0007810427972732211,-0.0002214555261148526,-0.0005520508172946998
0.432,-0.0008114618521129244,-0.0008192276987032381,-0.0002441980383695089,-0.0005672638137434155
0.444,-0.0008489584727139909,-0.0008473716394438882,-0.00026656462403077427,-0.0005823938486832166
0.456,-0.0008860092788239005,-0.0008775174004033757,-0.00028857026001570605,-0.0005974390188081944
0.468,-0.0009226251543289884,-0.0009180053194959943,-0.00031022855767990953,-0.000612396596649079
0.48,-0.0009588166936696867,-0.0009634863376834098,-0.00033155190443288516,-0.0006272647892368016
0.492,-0.0009945929496739776,-0.0010022609365831832,-0.0003525515877987616,-0.000642041361875216
0.504,-0.0010299620659616991,-0.0010309882283050255,-0.0003732379044689529,-0.0006567241614927463
0.516,-0.0010649315452379107,-0.0010583471064373167,-0.0003936202564729079,-0.0006713112887650026
0.528,-0.0010995076337566136,-0.0010937565173109018,-0.0004137072362501666,-0.0006858003975064469
0.54,-0.0011336965958808002,-0.0011357723908656614,-0.0004335067021257575,-0.0007001898937550427
0.552,-0.0011675031286043215,-0.001174416050637414,-0.0004530258454593019,-0.0007144772831450195
0.564,-0.0012009319219999863,-0.0012038746275139468,-0.00047227125054645714,-0.0007286606714535292
0.576,-0.0012339870416952382,-0.0012294597057112668,-0.0004912489481919391,-0.0007427380935032991
0.588,-0.0012666718671229494,-0.0012605473046100601,-0.0005099644637403197,-0.0007567074033826297
0.6,-0.0012989897700873788,-0.0012988445035586702,-0.000528422860239291,-0.0007705669098480878
0.612,-0.001330942757330537,-0.0013366371135304267,-0.0005466287773162838,-0.0007843139800142531
0.624,-0.0013625337472609777,-0.0013667227448957116,-0.0005645864662701194,-0.0007979472809908583
0.636,-0.0013937644239777123,-0.0013912749686494585,-0.0005822998218122725,-0.0008114646021654399
0.648,-0.0014246364130864018,-0.0014187626785852558,-0.0005997724108352659,-0.000824864002251136
0.66,-0.0014551512075728508,-0.0014532339548177287,-0.0006170074985370522,-0.0008381437090357986
0.672,-0.0014853098821203201,-0.0014895011324728648,-0.0006340080721886288,-0.0008513018099316912
0.684,-0.0015151132253550163,-0.0015199240020748704,-0.000650776862796385,-0.0008643363625586314
0.696,-0.001544562049249492,-0.001543949397113292,-0.0006673163648803971,-0.0008772456843690949
0.708,-0.001573656577977303,-0.0015685192970118385,-0.0006836288545601512,-0.0008900277234171519
0.72,-0.001602397140117366,-0.0015992002137203893,-0.0006997164061262082,-0.0009026807339911579
0.732,-0.0016307836162893375,-0.0016333500095095208,-0.0007155809072397252,-0.0009152027090496122
0.744,-0.00165881622700786,-0.0016636907999922179,-0.000731224072899582,-0.0009275921541082779
0.756,-0.0016864945379135845,-0.0016874849516400582,-0.0007466474582965287,-0.0009398470796170557
0.768,-0.0017138183636273405,-0.0017097617849252658,-0.0007618524706574886,-0.0009519658929698519
0.78,-0.0017407871562249815,-0.0017368161722456773,-0.0007768403801757593,-0.0009639467760492221
0.792,-0.0017674005102780504,-0.0017683668157562392,-0.0007916123301109961,-0.0009757881801670545
0.804,-0.0017936577113233263,-0.001798127437110443,-0.0008061693461342106,-0.0009874883651891158
0.816,-0.0018195579053305773,-0.0018217974248332781,-0.0008205123449851901,-0.0009990455603453871
0.828,-0.0018451003527215166,-0.00184232702148345,-0.0008346421425027988,-0.0010104582102187178
0.84,-0.0018702840918123904,-0.0018660238465190574,-0.0008485594610825127,-0.0010217246307298777
0.852,-0.0018951081939335406,-0.0018946218985870322,-0.0008622649366100959,-0.0010328432573234448
0.864,-0.001919571471651025,-0.001923272135452443,-0.0008757591249155181,-0.001043812346735507
0.876,-0.001943673014281125,-0.001946760603170982,-0.0008890425077869217,-0.0010546305064942033
0.888,-0.0019674116819308517,-0.001965989455327075,-0.0009021154985806325,-0.0010652961833502192
0.9,-0.0019907861461080224,-0.001986673624479218,-0.0009149784474597982,-0.0010758076986482244
0.912,-0.002013795503359934,-0.002012102201051346,-0.0009276316462912238,-0.00108616385706871
0.924,-0.002036438319804907,-0.0020391218014854102,-0.0009400753332271248,-0.0010963629865777824
0.936,-0.0020587134337163833,-0.002062234873290042,-0.0009523096969963969,-0.0011064037367199864
0.948,-0.0020806195648758507,-0.0020804942817602497,-0.0009643348809273257,-0.001116284683948525
0.96,-0.0021021552650151883,-0.002098553985714205,-0.0009761509867221357,-0.0011260042782930523
0.972,-0.0021233192441006913,-0.0021207312271330795,-0.0009877580780017613,-0.0011355611660989297
0.984,-0.0021441103162247012,-0.002145646247456627,-0.000999156183637699,-0.0011449541325870025
0.996,-0.002164526764395905,-0.002168085255503474,-0.001010345300886341,-0.0011541814635095638
1.008,-0.0021845675279869316,-0.0021855821833138235,-0.0010213253983399004,-0.0011632421296470313
1.02,-0.0022042314261344776,-0.002201415412668237,-0.0010320964187068454,-0.0011721350074276324
1.032,-0.002223516845874092,-0.002220383945035321,-0.0010426582814336992,-0.0011808585644403928
1.044,-0.0022424226989863727,-0.0022427960352703097,-0.0010530108851790924,-0.0011894118138072803
1.056,-0.0022609474808752495,-0.0022641919671874374,-0.0010631541101500724,-0.001197793370725177
1.068,-0.002279089807352243,-0.0022810077084592924,-0.0010730878203098772,-0.0012060019870423658
1.08,-0.0022968484752481882,-0.002294990453725913,-0.0010828118654656522,-0.001214036609782536
1.092,-0.0023142222427993886,-0.002310899138256967,-0.0010923260832439235,-0.0012218961595554653
1.104,-0.0023312095217323026,-0.002330506667603117,-0.0011016303009610403,-0.0012295792207712623
1.116,-0.0023478092387688027,-0.002350455624141475,-0.0011107243373952435,-0.0012370849013735592
1.128,-0.002364020089394784,-0.002366552516094547,-0.0011196080044665142,-0.00124441208492827
1.14,-0.002379841023180643,-0.0023790109038203996,-0.0011282811088298968,-0.0012515599143507463
1.152,-0.0023952705812911794,-0.002392090634015093,-0.0011367434533875625,-0.001258527127903617
1.164,-0.002410307826125711,-0.0024087009788092825,-0.0011449948387245005,-0.0012653129874012103
1.176,-0.0024249514002141082,-0.0024267986427966757,-0.0011530350644723608,-0.0012719163357417474
1.188,-0.002439200356104212,-0.0024420342886594436,-0.001160863930605652,-0.00127833642549856
1.2,-0.0024530533357438617,-0.002453222504928455,-0.0011684812386741949,-0.001284572097069667
1.212,-0.0024665094279801973,-0.0024637581466815735,-0.0011758867929754578,-0.0012906226350047395
1.224,-0.002479567510347386,-0.0024772909995407727,-0.0011830804016701476,-0.0012964871086772382
1.236,-0.002492226487922817,-0.0024931640887062125,-0.0011900618778441948,-0.0013021646100786221
1.248,-0.0025044855612615814,-0.0025073119261382394,-0.0011968310405200515,-0.0013076545207415299
1.26,-0.0025163436772727846,-0.0025173972655652597,-0.0012033877156200357,-0.0013129559616527487
1.272,-0.002527799912770981,-0.002525698014704135,-0.0012097317368842567,-0.0013180681758867244
1.284,-0.0025388534988070627,-0.0025361801486214496,-0.0012158629467454915,-0.0013229905520615712
1.296,-0.00254950361549666,-0.00254951300963487,-0.001221781197163234,-0.001327722418333426
1.308,-0.0025597492396768912,-0.0025622875708266033,-0.001227486350418979,-0.001332262889257912
1.32,-0.002569589915937912,-0.002571343360356385,-0.001232978279874682,-0.0013366116360632298
1.332,-0.0025790245235815176,-0.0025777138030177982,-0.0012382568706962001,-0.0013407676528853173
1.344,-0.0025880525321994217,-0.00258526627646324,-0.0012433220205434145,-0.0013447305116560072
1.356,-0.002596673422880132,-0.0025958211315050394,-0.001248173640228617,-0.001348499782651515
1.368,-0.002604886458647681,-0.0026069060150592962,-0.0012528116543446557,-0.0013520748043030252
1.38,-0.002612691114032144,-0.0026149125409990156,-0.0012572360018642257,-0.0013554551121679182
1.392,-0.0026200870173760426,-0.002619626546599365,-0.0012614466367124996,-0.0013586403806635427
1.404,-0.0026270733377905396,-0.00262444581407764,-0.0012654435283082157,-0.0013616298094823239
1.416,-0.0026336501190369933,-0.002632075648897774,-0.001269226662092689,-0.0013644234569443043
1.428,-0.0026398168087086327,-0.0026411520710374354,-0.0012727960400173216,-0.001367020768691311
1.44,-0.002645572782964704,-0.0026480050307136414,-0.0012761516810211456,-0.0013694211019435584
1.452,-0.0026509179129337716,-0.002651284300196179,-0.0012792936214810523,-0.0013716242914527193
1.464,-0.0026558519794598967,-0.0026536190571594025,-0.0012822219156417164,-0.0013736300638181804
1.476,-0.002660374815737278,-0.0026582726927912334,-0.0012849366360251928,-0.0013754381797120854
1.488,-0.002664486180823952,-0.002665046507631582,-0.0012874378738209995,-0.0013770483070029526
1.5,-0.002668185977124719,-0.00267057195819369,-0.001289725739257434,-0.001378460237867285
1.512,-0.0026714741773203755,-0.0026725706183479995,-0.001291800361954845,-0.0013796738153655306
1.524,-0.0026743508523383195,-0.002672696431703642,-0.0012936618912615366,-0.0013806889610767828
1.536,-0.0026768159921830687,-0.002674415901527517,-0.0012953104965729373,-0.0013815054956101314
1.548,-0.002678869717139699,-0.002678641167102531,-0.0012967463676346442,-0.001382123349505055
1.56,-0.002680511988703632,-0.002682615492535757,-0.001297969714829907,-0.0013825422738737248
1.572,-0.002681743074313614,-0.0026834116062213606,-0.0012989807694520955,-0.0013827623048615187
1.584,-0.0026825632517607193,-0.0026816054466706502,-0.0012997797839626613,-0.001382783467798058
1.596,-0.0026829726713251444,-0.0026805163582362965,-0.0013003670322350742,-0.0013826056390900704
1.608,-0.0026829718169207673,-0.0026820138556382395,-0.0013007428097851989,-0.0013822290071355684
1.62,-0.0026825609161255258,-0.002684186950043308,-0.0013009074339885387,-0.001381653482136987
1.632,-0.0026817406269141527,-0.0026837812438825124,-0.001300861244284767,-0.0013808793826293856
1.644,-0.00268051143108895,-0.002680297941931282,-0.0013006046023699323,-0.001379906828719018
1.656,-0.002678873507267205,-0.0026765939948258286,-0.0013001378923767138,-0.0013787356148904912
1.668,-0.0026768279111960415,-0.0026752635515460543,-0.0012994615210430748,-0.0013773663901529667
1.68,-0.002674374957250584,-0.002675383242867479,-0.0012985759178696583,-0.0013757990393809259
1.692,-0.00267151562698796,-0.0026737047828380065,-0.0012974815352662368,-0.0013740340917217234
1.704,-0.002668250139859771,-0.002668757187248827,-0.0012961788486875292,-0.001372071291172242
1.716,-0.0026645797347523304,-0.0026626804071568045,-0.001294668356758663,-0.0013699113779936675
1.728,-0.0026605053129469098,-0.002658506394343146,-0.001292950581390575,-0.0013675547315563348
1.74,-0.0026560271659018843,-0.002656342116789477,-0.0012910260678855945,-0.0013650010980162895
1.752,-0.0026511469016709185,-0.0026532601318642263,-0.0012888953850334788,-0.00136225151663744
1.764,-0.0026458653278527864,-0.002647004379751362,-0.0012865591251981295,-0.001359306202654657
1.776,-0.0026401833881197594,-0.0026388228868129402,-0.001284017904395222,-0.0013561654837245373
1.788,-0.002634102382125837,-0.002631872811115514,-0.0012812723623609708,-0.0013528300197648666
1.8,-0.0026276231723432603,-0.0026272366731083805,-0.001278323162612236,-0.0013493000097310243
1.812,-0.0026207474183803214,-0.0026225772770913963,-0.0012751709924981732,-0.0013455764258821484
1.824,-0.0026134758050415778,-0.002615104120381596,-0.0012718165632436234,-0.0013416592417979543
1.836,-0.0026058099779305015,-0.002605089360217283,-0.0012682606099844187,-0.0013375493679460828
1.848,-0.0025977510522160524,-0.002595506010309063,-0.00126450389179479,-0.0013332471604212625
1.86,-0.002589300840676506,-0.0025882696826563176,-0.0012605471917070403,-0.0013287536489694656
1.872,-0.0025804603771653837,-0.002581835907082005,-0.0012563913167236475,-0.0013240690604417365
1.884,-0.0025712315717385213,-0.002573168518962394,-0.001252037097821957,-0.0013191944739165643
1.896,-0.002561615853478629,-0.002561573842503454,-0.0012474853899516111,-0.001314130463527018
1.908,-0.002551614746911636,-0.0025495619364915307,-0.0012427370720248607,-0.0013088776748867753
1.92,-0.0025412300866007394,-0.0025396681770705016,-0.001237793046899901,-0.0013034370397008385
1.932,-0.002530463453731753,-0.002531261526312912,-0.0012326542413574097,-0.0012978092123743432
1.944,-0.002519316657783034,-0.002521359675388289,-0.0012273216060701474,-0.0012919950517128866
1.956,-0.002507791182039167,-0.0025084019662254334,-0.0012217961155664252,-0.0012859950664727417
1.968,-0.002495889394019014,-0.0024942106425101156,-0.0012160787681866478,-0.0012798106258323661
1.98,-0.002483613037204007,-0.002481678745263826,-0.0012101705860337098,-0.0012734424511702971
1.992,-0.0024709640639347056,-0.002471120430712345,-0.001204072614917269,-0.0012668914490174368
2.004,-0.0024579444046248164,-0.002459890401915631,-0.001197785924291568,-0.0012601584803332482
2.016,-0.0024445564344637138,-0.0024457361357307964,-0.0011913116071875724,-0.0012532448272761416
2.028,-0.002430802105346284,-0.002429638907839582,-0.0011846507801390206,-0.0012461513252072635
2.04,-0.0024166835354890214,-0.002414563876241924,-0.001177804583102696,-0.001238878952386325
2.052,-0.0024022029987841977,-0.002401713979578465,-0.0011707741793729823,-0.0012314288194112152
2.064,-0.0023873627792917827,-0.002389023178374475,-0.0011635607554907922,-0.0012238020238009907
2.076,-0.002372164770991364,-0.0023737798861533797,-0.001156165521146971,-0.001215999249844393
2.088,-0.0023566120977614163,-0.002356053823070007,-0.0011485897090802535,-0.0012080223886811628
2.1,-0.002340706364225985,-0.0023385995799890197,-0.0011408345749698726,-0.0011998717892561122
2.112,-0.0023244508311027826,-0.0023233726248317707,-0.001132901397322899,-0.0011915494337798834
2.124,-0.002307847599947681,-0.00230906745779003,-0.0011247914773563944,-0.0011830561225912868
2.136,-0.0022908991343789575,-0.0022927810879918133,-0.0011165061388744638,-0.0011743929955044937
2.148,-0.0022736084019413733,-0.0022736869781163926,-0.0011080467281402854,-0.001165561673801088
2.16,-0.0022559775325055736,-0.002254074394880427,-0.001099414613743192,-0.0011565629187623814
2.172,-0.00223800978253671,-0.0022364501495235212,-0.001090611186460888,-0.0011473985960758217
2.184,-0.002219707455285232,-0.0022203755542380666,-0.0010816378591168676,-0.0011380695961683645
2.196,-0.002201073281429304,-0.002203033728231825,-0.0010724960664331153,-0.0011285772149961886
2.208,-0.0021821104772444047,-0.0021827988414449316,-0.0010631872648781595,-0.0011189232123662454
2.22,-0.002162821606716058,-0.00216128976273599,-0.001053712932510544,-0.001109108674205514
2.232,-0.0021432097065123366,-0.0021413185241098667,-0.001044074568817795,-0.0010991351376945417
2.244,-0.002123277725540256,-0.0021233374388140392,-0.0010342736945509472,-0.0010890040309893092
2.256,-0.0021030287720413396,-0.0021048781089755913,-0.001024311851554699,-0.0010787169204866406
2.268,-0.002082465968325703,-0.0020836829024672788,-0.00101419060259326,-0.0010682753657324429
2.28,-0.0020615921858242485,-0.002060561631174876,-0.0010039115311719598,-0.0010576806546522886
2.292,-0.0020404106831284213,-0.002038363715299143,-0.0009934762413546828,-0.0010469344417737387
2.304,-0.0020189244716194515,-0.0020183748362670867,-0.0009828863575771882,-0.0010360381140422632
2.316,-0.0019971368974341843,-0.001998699425266347,-0.0009721435244563839,-0.0010249933729778004
2.328,-0.001975051173354542,-0.0019766691694476676,-0.0009612494065956109,-0.0010138017667589308
2.34,-0.0019526706074794254,-0.0019522230366569757,-0.0009502056883860084,-0.0010024649190934168
2.352,-0.0019299986533245833,-0.0019279826846102773,-0.0009390140738040105,-0.0009909845795205727
2.364,-0.001907038429041216,-0.0019059350493133367,-0.0009276762862050404,-0.0009793621428361755
2.376,-0.0018837938008380447,-0.001884924805371633,-0.0009161940681134624,-0.0009675997327245822
2.388,-0.0018602679472381914,-0.001862126668389251,-0.0009045691810088484,-0.000955698766229343
2.4,-0.001836464387496743,-0.0018366273385828284,-0.000892803405108619,-0.0009436609823881239
2.412,-0.0018123866273262168,-0.0018105817004217203,-0.000880898539147119,-0.0009314880881790979
2.424,-0.0017880383677209544,-0.001786484937865731,-0.0008688564001511789,-0.0009191819675697756
2.436,-0.0017634230789733937,-0.0017640190093968164,-0.0008566788232122316,-0.000906744255761162
2.448,-0.0017385442488987743,-0.00174046466931904,-0.0008443676612550284,-0.0008941765876437459
2.46,-0.0017134058475731901,-0.0017141517209888415,-0.0008319247848030193,-0.0008814810627701708
2.472,-0.0016880115133389847,-0.0016865759674640137,-0.0008193520817404523,-0.0008686594315985324
2.484,-0.0016623651420004239,-0.0016605054469930188,-0.0008066514570712451,-0.0008557136849291788
2.496,-0.0016364703019333413,-0.0016364790769571656,-0.0007938248326746906,-0.0008426454692586505
2.508,-0.0016103310193522338,-0.0016121324681122933,-0.0007808741470580444,-0.0008294568722941894
2.52,-0.001583950944553591,-0.0015852005574317654,-0.0007678013551060581,-0.0008161495894475327
2.532,-0.0015573343714085724,-0.0015563904611243398,-0.000754608427827503,-0.0008027259435810695
2.544,-0.0015304846610113406,-0.0015284870137640587,-0.0007412973520987529,-0.0007891873089125879
2.556,-0.0015034060845369175,-0.0015028282845186021,-0.000727870130404466,-0.0007755359541324515
2.568,-0.0014761023481851977,-0.001477617665884115,-0.0007143287805754331,-0.0007617735676097644
2.58,-0.001448578042461189,-0.001450208247472813,-0.0007006753355236364,-0.0007479027069375526
2.592,-0.0014208366480166759,-0.0014204617497927756,-0.00068691184297458,-0.0007339248050420959
2.604,-0.0013928823256897352,-0.0013909260948860708,-0.000673040365196944,-0.0007198419604927911
2.616,-0.0013647196184287298,-0.0013636098127444388,-0.000659062978729616,-0.0007056566396991138
2.628,-0.001336352398544136,-0.0013374430045964617,-0.0006449817741061513,-0.0006913706244379847
2.64,-0.0013077848395446207,-0.0013096411780492631,-0.0006307988555767232,-0.0006769859839678974
2.652,-0.0012790210869475969,-0.001279240504833713,-0.0006165163408276083,-0.0006625047461199886
2.664,-0.0012500652870156186,-0.0012483229518095193,-0.0006021363606982656,-0.0006479289263173529
2.676,-0.0012209218659697465,-0.0012193805312754964,-0.0005876610588960609,-0.0006332608070736855
2.688,-0.0011915950163505665,-0.0011921619274805747,-0.0005730925917086921,-0.0006185024246418742
2.7,-0.0011620886293567797,-0.001163998535686518,-0.0005584331277143654,-0.0006036555016424143
2.712,-0.0011324078310592021,-0.0011331943409841963,-0.0005436848474897805,-0.0005887229835694216
2.724,-0.0011025565199234662,-0.0011011807165123004,-0.0005288499433159709,-0.0005737065766074954
2.736,-0.0010725390826865015,-0.0010707052827919937,-0.0005139306188820621,-0.0005586084638044393
2.748,-0.0010423598342112832,-0.0010423531274239813,-0.0004989290889869926,-0.0005434307452242906
2.76,-0.0010120236643941512,-0.0010138117895337733,-0.00048384757923925544,-0.0005281760851548956
2.772,-0.0009815342823247316,-0.0009828106040279218,-0.00046868832575470856,-0.000512845956570023
2.784,-0.0009508967646798588,-0.0009500056488059142,-0.0004534535748525178,-0.0004974431898273411
2.796,-0.0009201151407626585,-0.0009181519927109763,-0.0004381455827492712,-0.0004819695580133873
2.808,-0.0008891942499680676,-0.0008886144182659507,-0.00042276661525132963,-0.000466427634716738
2.82,-0.0008581381088512286,-0.0008596427726355643,-0.00040731894744545737,-0.00045081916140577127
2.832,-0.0008269517537381159,-0.0008285987290202905,-0.0003918048633877969,-0.000435146890350319
2.844,-0.0007956396948692987,-0.0007953083937522658,-0.00037622665579122906,-0.00041941303907806966
2.856,-0.0007642062404822847,-0.0007622878504451856,-0.00036058662571117843,-0.0004036196147711063
2.868,-0.0007326563069602675,-0.0007315563076181207,-0.00034488708222991596,-0.00038776922473035156
2.88,-0.0007009943868041416,-0.0007020804007097168,-0.000329130342139411,-0.00037186404466473053
2.892,-0.0006692248556070059,-0.0006710918300306815,-0.00031331872962278584,-0.00035590612598422004
2.904,-0.0006373526593909651,-0.0006376059637572966,-0.000297454575934426,-0.0003398980834565391
2.916,-0.0006053822704156614,-0.0006036767098172611,-0.0002815402190787967,-0.0003238420513368647
2.928,-0.0005733183464114658,-0.000571795662363553,-0.00026557800348802615,-0.0003077403429234396
2.94,-0.0005411655015610092,-0.0005417361748961066,-0.000249570279698297,-0.0002915952218627122
2.952,-0.0005089285324589493,-0.0005108472476953135,-0.00023351940402510868,-0.0002754091284338406
2.964,-0.0004766121602372259,-0.0004774241105714634,-0.0002174277382374578,-0.00025918442199976806
2.976,-0.0004442211540440831,-0.00044287774818645316,-0.00020129764923099237,-0.00024292350481309075
2.988,-0.00041175993578369065,-0.00040994983887551544,-0.0001851315087001911,-0.00022662842708349955
3.0,-0.0003792334896769625,-0.00037923870881281406,-0.00016893169280962105,-0.0002103017968673414
3.012,-0.0003466465924736682,-0.00034844586807889584,-0.00015270058186432698,-0.00019394601060934122
3.024,-0.00031400401798855764,-0.0003152997222111175,-0.0001364405599794015,-0.00017756345800915615
3.036,-0.00028131019310460354,-0.00028044531513149576,-0.00012015401474879741,-0.00016115617835580612
3.048,-0.0002485697217120664,-0.0002466316013675488,-0.0001038433369134236,-0.0001447263847986428
3.06,-0.00021578806509324952,-0.00021522759344666352,-8.75109200285852e-5,-0.00012827714506466432
3.072,-0.0001829695212280309,-0.00018449012797829164,-7.11591601308175e-5,-0.0001118103610972134
3.084,-0.00015011902629161327,-0.00015178288065309235,-5.4790455404166616e-5,-9.532857088744666e-5
3.096,-0.00011724127334837055,-0.00011692980092392425,-3.840720584596943e-5,-7.883406750240113e-5
3.108,-8.43409163583132e-5,-8.244507804740392e-5,-2.2011812932185672e-5,-6.232910342612753e-5
3.12,-5.142315210199415e-5,-5.034696025686773e-5,-5.606679282330989e-6,-4.5816472819663166e-5
3.132,-1.849262087788828e-5,-1.9600729354642456e-5,1.080579167592773e-5,-2.929841255381601e-5
3.144,1.4446253424345882e-5,1.256175246795424e-5,2.722319604247446e-5,-1.2776942618128578e-5
3.156,4.738837021633936e-5,4.712072938213396e-5,4.3643129780682595e-5,3.745240435656759e-6
3.168,8.032912454069054e-5,8.201708769120511e-5,6.00631890535413e-5,2.0265935487149245e-5
3.18,0.00011326360773836175,0.00011476087997563078,7.64809705599171e-5,3.6782637178444645e-5
3.192,0.0001461870551761526,0.0001455878097885288,9.289407187089889e-5,5.3292983305253686e-5
3.204,0.00017909480063510187,0.00017715449608133492,0.00010930009176617348,6.979470886892839e-5
3.216,0.00021198173460206904,0.00021115845198211872,0.00012569663057038447,8.628510403168458e-5
3.228,0.00024484338879054307,0.0002461753371166755,0.00014208129048941235,0.00010276209830113073
3.24,0.0002776747538941541,0.0002794613585654907,0.00015845167594653794,0.00011922307794761614
3.252,0.0003104714789915729,0.00031043254753897003,0.00017480539391842657,0.00013566608507314633
3.264,0.0003432280955646022,0.00034140134859100406,0.00019114005427089004,0.00015208804129371214
3.276,0.0003759405125750596,0.0003746336002947126,0.00020745327009436448,0.00016848724248069512
3.288,0.0004086036532440705,0.00040946359875185804,0.00022374265803906624,0.00018486099520500428
3.3,0.00044121307750699635,0.00044313280927678637,0.00024000583864976387,0.00020120723885723248
3.312,0.00047376390325710457,0.0004742881583343585,0.00025624043670012357,0.000217523466556981
3.324,0.0005062512197880932,0.0005046959217754735,0.00027244408152656696,0.0002338071382615263
3.336,0.0005386705725743964,0.0005369925348191282,0.00028861440736160373,0.0002500561652127927
3.348,0.0005710169137940461,0.0005713286446342718,0.000304749053666578,0.0002662678601274681
3.36,0.0006032859305424908,0.0006051706141740801,0.00032084566546378374,0.00028244026507870704
3.372,0.0006354725519215583,0.0006365132767749635,0.0003369018936678964,0.0002985706582536619
3.384,0.0006675725740262423,0.0006664226022236037,0.0003529153954166725,0.0003146571786095699
3.396,0.0006995809761219385,0.0006976763951547148,0.000368883834400866,0.0003306971417210724
3.408,0.0007314931989451468,0.0007312286360535902,0.0003848048811933154,0.0003466883177518313
3.42,0.0007633049271154597,0.0007649901687988229,0.00040067621357714293,0.00036262871353831685
3.432,0.00079501113972883,0.0007964767791588526,0.0004164955168730291,0.0003785156228558009
3.444,0.0008266075682706673,0.0008259608304933502,0.00043226048426550423,0.00039434708400516315
3.456,0.0008580890918128865,0.0008561206094110365,0.00044796881712821137,0.00041012027468467516
3.468,0.00088945183864831,0.000888631158269508,0.000463618225348092,0.000425833613300218
3.48,0.0009206907132387483,0.0009220285997035852,0.00047920642764844485,0.0004414842855903034
3.492,0.0009518013276331029,0.0009535636454606994,0.0004947311519108104,0.00045707017572229247
3.504,0.000982779193273778,0.0009826902954612538,0.0005101901354956353,0.0004725890577781427
3.516,0.0010136200006406661,0.0010117554605468915,0.0005255811255616613,0.0004880388750790047
3.528,0.0010443189772278531,0.0010430110813523866,0.0005409018793840005,0.0005034170978438525
3.54,0.0010748723221256154,0.001075745270327286,0.0005561501646708437,0.0005187221574547715
3.552,0.0011052747172346149,0.0011071800817403625,0.0005713237598787568,0.0005339509573558579
3.564,0.0011355223653391005,0.001135996765851359,0.0005864204545265157,0.0005491019108125846
3.576,0.00116561074849401,0.0011640078173121978,0.0006014380495074386,0.0005641726989865713
3.588,0.001195535225800138,0.0011938485930641945,0.0006163743574001615,0.0005791608683999766
3.6,0.0012252917051374017,0.0012256212093460287,0.0006312272027778179,0.0005940645023595838
3.612,0.0012548757118478924,0.001256757645636306,0.0006459944225155753,0.0006088812893323171
3.624,0.0012842832054808973,0.0012852782285966676,0.000660673866096475,0.0006236093393844222
3.636,0.0013135096204359039,0.0013123040371296787,0.0006752633959155436,0.0006382462245203603
3.648,0.0013425509206211584,0.0013406277292482614,0.0006897608875821208,0.0006527900330390374
3.66,0.001371403171770994,0.0013711576810802556,0.0007041642302203609,0.000667238941550633
3.672,0.001400061800978442,0.0014017562001764755,0.0007184713267678654,0.0006815904742105766
3.684,0.001428522700840631,0.0014299509785863388,0.0007326800942724036,0.0006958426065682275
3.696,0.001456781983537592,0.001456073947805223,0.0007467884641866703,0.0007099935193509218
3.708,0.001484835007540047,0.001482835679510937,0.0007607943826610488,0.0007240406248789983
3.72,0.001512678374935326,0.0015118741833683857,0.0007746958108343222,0.0007379825641010038
3.732,0.0015403076093150033,0.0015416656167349062,0.0007884907251223019,0.0007518168841927014
3.744,0.0015677186225056426,0.001569455308242515,0.0008021771175043251,0.0007655415050013174
3.756,0.0015949078394162392,0.0015947557226125247,0.0008157529958075773,0.000779154843608662
3.768,0.0016218710414697328,0.0016199630752954004,0.0008292163839892054,0.0007926546574805274
3.78,0.0016486045904734823,0.0016473061993812642,0.0008425653224161685,0.0008060392680573139
3.792,0.0016751045052774912,0.0016760062485521399,0.0008557978681427958,0.0008193066371346955
3.804,0.0017013667207437615,0.0017032604776747817,0.000868912095186008,0.0008324546255577535
3.816,0.0017273876939578416,0.0017278013865977982,0.0008819060947981532,0.0008454815991596884
3.828,0.001753163594131912,0.0017515053797743333,0.000894777975737431,0.0008583856183944808
3.84,0.001778690410218854,0.0017770030430300403,0.0009075258645358567,0.0008711645456829973
3.852,0.001803964668315269,0.0018043282935746895,0.0009201479057647223,0.0008838167625505466
3.864,0.0018289828465074794,0.001830868703933625,0.000932642262297529,0.0008963405842099504
3.876,0.0018537410324926023,0.0018546826370182364,0.0009450071155703372,0.000908733916922265
3.888,0.0018782358833068732,0.0018769654017237601,0.0009572406658395053,0.0009209952174673679
3.9,0.0019024637912059784,0.001900526122119646,0.0009693411324367789,0.0009331226587691997
3.912,0.00192642107052524,0.0019262102515063772,0.0009813067540216842,0.0009451143165035557
3.924,0.001950104530275327,0.0019518179862058774,0.0009931357888312042,0.0009569687414441228
3.936,0.0019735105963804454,0.001974896632017474,0.0010048265149266834,0.000968684081453762
3.948,0.0019966357967833494,0.0019958568567605087,0.0010163772304379408,0.0009802585663454088
3.96,0.002019476813369829,0.0020174479007616934,0.0010277862538045416,0.0009916905595652875
3.972,0.0020420302345547257,0.002041256747940427,0.001039051924014203,0.0010029783105405226
3.984,0.0020642930501320066,0.002065683676037756,0.0010501726008382924,0.0010141204492937143
3.996,0.0020862616467850806,0.0020879714010852623,0.0010611466650643877,0.001025114981720693
4.008,0.0021079334546587245,0.0021077088071621663,0.001071972518725861,0.0010359609359328636
4.02,0.002129304653220497,0.002127351776559017,0.0010826485853284566,0.0010466560678920407
4.032,0.0021503727059596746,0.002149096042880969,0.001093173310073829,0.0010571993958858456
4.044,0.002171134237221069,0.0021720788001959412,0.001103545160080003,0.001067589077141066
4.056,0.002191586446575436,0.0021934705583784566,0.0011137626245987387,0.0010778238219766975
4.068,0.002211726029529257,0.002212070733492869,0.0011238242152297408,0.0010879018142995161
4.08,0.002231550208263958,0.0022298330043132417,0.0011337284661317182,0.0010978217421322395
4.092,0.0022510561659662264,0.0022493775584108335,0.0011434739342302295,0.0011075822317359971
4.104,0.002270241165995,0.0022706532404556242,0.0011530591994223078,0.0011171819665726924
4.116,0.002289101894763679,0.0022909970531490875,0.001162482864777816,0.0011266190299858627
4.128,0.0023076363591256095,0.0023085179337129836,0.0011717435567375229,0.0011358928023880866
4.14,0.0023258414411649756,0.0023245007035549354,0.0011808399253078483,0.0011450015158571273
4.152,0.002343714693370019,0.002341769749532481,0.0011897706442522732,0.001153944049117746
4.164,0.002361253439077426,0.002361091961542757,0.0011985344112793637,0.0011627190277980627
4.176,0.0023784551308401024,0.0023801957657694594,0.001207129948227402,0.0011713251826127003
4.188,0.0023953171535105325,0.002396656912972072,0.0012155560012455772,0.0011797611522649555
4.2,0.002411837139759701,0.0024109808898800963,0.00122381134097173,0.0011880257987879712
4.212,0.0024280126804620433,0.0024259586044251564,0.0012318947627066052,0.001196117917755438
4.224,0.0024438414867552945,0.0024431125486259926,0.001239805086584607,0.0012040364001706875
4.236,0.0024593208706402765,0.0024607548469715024,0.0012475411577410082,0.0012117797128992683
4.248,0.0024744493238798354,0.0024761304223632355,0.0012551018464756181,0.001219347477404217
4.26,0.0024892240159670107,0.002488920377959667,0.0012624860484128518,0.0012267379675541589
4.272,0.002503643155215447,0.0025016469988258724,0.0012696926846582101,0.0012339504705572372
4.284,0.002517704649687896,0.0025164623635369906,0.0012767207019511184,0.0012409839477367775
4.296,0.002531406058464063,0.002532405794522375,0.0012835690728141306,0.0012478369856499323
4.308,0.002544745895894326,0.002546621827812646,0.0012902367956984435,0.0012545091001958826
4.32,0.002557721817478183,0.002557991324689607,0.0012967228951257343,0.0012609989223524485
4.332,0.0025703317953592545,0.002568555049208815,0.0013030264218262726,0.0012673053735329817
4.344,0.0025825745853768917,0.002580915650543393,0.0013091464528733063,0.0012734281325035854
4.356,0.00259444752514529,0.00259492235768719,0.0013150820918136853,0.0012793654333316047
4.368,0.0026059499745570156,0.0026078585389327177,0.0013208324687947227,0.0012851175057622928
4.38,0.0026170797318996377,0.0026178961207611825,0.0013263967406872532,0.0012906829912123846
4.392,0.0026278349639980696,0.0026264215176220298,0.0013317740912048921,0.0012960608727931773
4.404,0.0026382144504323224,0.0026362709164574815,0.0013369637310194581,0.001301250719412864
4.416,0.002648216502899015,0.002648118447651867,0.0013419648978725597,0.0013062516050264556
4.428,0.002657839706288057,0.002659614297983253,0.001346776856683316,0.0013110628496047414
4.44,0.0026670824467449217,0.0026683723027675636,0.0013513988996522058,0.0013156835470927157
4.452,0.002675943475063434,0.0026750062250583823,0.001355830346361018,0.0013201131287024163
4.464,0.0026844216405525183,0.00268234887679597,0.001360070543868906,0.0013243510966836122
4.476,0.002692515535728166,0.0026918453044586844,0.001364118866804512,0.0013283966689236542
4.488,0.002700224050129534,0.0027017102151829274,0.001367974717454165,0.001332249332675369
4.5,0.0027075459898887864,0.0027091971487128953,0.0013716375258461268,0.0013359084640426596
4.512,0.002714480589888554,0.0027140933380451868,0.0013751067498308828,0.0013393738400576708
4.524,0.0027210265487981385,0.002718991202536598,0.0013783818751574586,0.0013426446736406802
4.536,0.002727182850519928,0.002725988222114743,0.0013814624155457564,0.0013457204349741716
4.548,0.0027329485401523966,0.0027340145313684053,0.001384347912754898,0.0013486006273974987
4.56,0.002738322889117407,0.0027401916380580945,0.0013870379366475644,0.0013512849524698425
4.572,0.0027433051997364545,0.0027434953122785098,0.0013895320852503228,0.001353773114486132
4.584,0.002747894522455597,0.002746060225591515,0.0013918299848099326,0.0013560645376456642
4.596,0.002752090338458629,0.00275046315937329,0.0013939312898456231,0.001358159048613006
4.608,0.002755891652340385,0.0027564411846580524,0.0013958356831973268,0.0013600559691430583
4.62,0.002759298563269743,0.002761223501653269,0.0013975428760698806,0.001361755687199862
4.632,0.0027623099312454784,0.0027630572142281905,0.0013990526080731598,0.0013632573231723186
4.644,0.0027649256917445094,0.0027634396718424293,0.0014003646472581705,0.001364561044486339
4.656,0.0027671453760452643,0.0027652135622463383,0.001401478790149065,0.0013656665858961994
4.668,0.002768968482978101,0.002768947346482376,0.0014023948617711006,0.0013665736212070008
4.68,0.0027703946300897966,0.0027722091532955445,0.0014031127156745192,0.0013672819144152774
4.692,0.0027714242153514786,0.0027726611017763535,0.0014036322339543556,0.0013677919813971232
4.704,0.0027720560615706303,0.002771036395853668,0.0014039533272661635,0.0013681027343044668
4.716,0.0027722907526609086,0.002770207695931731,0.001404075934837665,0.0013682148178232438
4.728,0.0027721279458289318,0.0027715301669417863,0.0014040000244763115,0.0013681279213526205
4.74,0.002771567848582781,0.00277311437775405,0.001403725592572765,0.001367842256010016
4.752,0.0027706107345188617,0.0027722301313314666,0.001403252664100291,0.0013673580704185707
4.764,0.002769256311193208,0.0027687829990503962,0.0014025812926100683,0.0013666750185831395
4.776,0.00276750489883147,0.0027654367309701247,0.0014017115602224129,0.0013657933386090572
4.788,0.0027653563965986667,0.0027642230239047034,0.0014006435776139172,0.0013647128189847495
4.8,0.0027628117792117307,0.002763953743028044,0.0013993774840005107,0.00136343429521122
4.812,0.0027598706762702414,0.002761732072512568,0.0013979134471164352,0.0013619572291538064
4.824,0.002756533750610134,0.002756641130777869,0.0013962516631891508,0.0013602820874209834
4.836,0.0027528014314347157,0.0027509137555829137,0.0013943923569101578,0.0013584090745245578
4.848,0.002748674390718334,0.0027470916002228555,0.001392335781401759,0.0013563386093165747
4.86,0.002744153184514219,0.002744788799755327,0.0013900822181797516,0.0013540709663344675
4.872,0.0027392381170671908,0.002741181951210694,0.00138763197711206,0.0013516061399551306
4.884,0.0027339305088960805,0.0027346052060081777,0.0013849853963733138,0.0013489451125227668
4.896,0.0027282303728568395,0.0027266737993747285,0.0013821428423953803,0.0013460875304614592
4.908,0.0027221390314967234,0.002720230116640793,0.0013791047098138539,0.0013430343216828695
4.92,0.002715656961905325,0.0027157252202942694,0.0013758714214105127,0.0013397855404948121
4.932,0.0027087852925062506,0.002710643604296384,0.00137244342805175,0.0013363418644545006
4.944,0.002701524623946257,0.0027027062298498813,0.0013688212086229894,0.0013327034153232675
4.956,0.0026938765828369753,0.00269277486008619,0.0013650052699590908,0.0013288713128778848
4.968,0.0026858418950688463,0.002683758024237668,0.0013609961467707617,0.0013248457482980846
4.98,0.002677421577914798,0.0026769091067826906,0.0013567944015669786,0.0013206271763478196
4.992,0.0026686171072548203,0.0026702300092883145,0.0013524006245734335,0.001316216482681387
5.004,0.002659430018027249,0.002661015400995137,0.0013478154336470153,0.0013116145843802339
5.016,0.002649860325079784,0.002649299832591745,0.0013430394741863376,0.0013068208508934464
5.028,0.0026399105851571325,0.0026378174116876312,0.0013380734190383318,0.001301837166118801
5.04,0.0026295820334015026,0.0026285227552423304,0.001332917968400903,0.0012966640650005996
5.052,0.0026188757738458543,0.0026201023433421616,0.001327573849721685,0.0012913019241241695
5.064,0.0026077934263996814,0.0026096471752000082,0.0013220418175928894,0.001285751608806792
5.076,0.002596336522193961,0.002596359155442802,0.0013163226536422729,0.001280013868551688
5.088,0.0025845069868941973,0.0025825713133433314,0.0013104171664202362,0.001274089820473961
5.1,0.002572306047528716,0.0025707801969062204,0.001304326191283074,0.001267979856245642
5.112,0.0025597357750059956,0.002560467820506384,0.0012980505902723844,0.001261685184733611
5.124,0.00254679816827544,0.0025487615050485213,0.001291591251990665,0.001255206916284775
5.136,0.0025334941469888623,0.002534093921818538,0.0012849490914731056,0.0012485450555157567
5.148,0.002519826755664852,0.0025182030198808883,0.0012781250500556,0.0012417017056092518
5.16,0.002505796995737516,0.0025039228457495954,0.0012711200952389928,0.0012346769004985233
5.172,0.002491407206311829,0.002491576446637524,0.001263935220549586,0.0012274719857622426
5.184,0.002476659711139125,0.002478565030702814,0.0012565714453959158,0.0012200882657432092
5.196,0.0024615561463367727,0.002462679154378337,0.001249029814921831,0.0012125263314149415
5.208,0.002446098674005647,0.0024449164010235365,0.0012413113998558842,0.0012047872741497631
5.22,0.0024302898270911547,0.002428215562150745,0.0012334172963570675,0.0011968725307340874
5.232,0.0024141315999884625,0.002413716910275284,0.0012253486258568982,0.0011887829741315645
5.244,0.0023976270702432984,0.0023993110732318077,0.0012171065348979039,0.0011805205353453948
5.256,0.0023807771012438004,0.002382326921000561,0.0012086921949684968,0.0011720849062753038
5.268,0.0023635851395386663,0.002362937157222773,0.0012001068023342924,0.001163478337204374
5.28,0.0023460534889899725,0.0023439433984033847,0.0011913515778658687,0.0011547019111241036
5.292,0.002328184492926291,0.0023272118888281327,0.001182427766863019,0.001145756726063272
5.304,0.0023099805827547044,0.002311298371165808,0.0011733366388754919,0.0011366439438792125
5.316,0.002291444412652591,0.0022932889726155294,0.0011640794875202457,0.0011273649251323454
5.328,0.002272578793012654,0.0022725148317704665,0.0011546576302953995,0.0011179211627172546
5.34,0.002253386326110281,0.00225140922613262,0.0011450724083904994,0.0011083139177197818
5.352,0.0022338697806409367,0.002232413087649529,0.0011353251864935333,0.0010985445941474033
5.364,0.0022140319613505365,0.0022148685948637295,0.0011254173525947588,0.0010886146087557777
5.376,0.0021938754672114966,0.0021958586148320617,0.0011153503177868938,0.0010785251494246028
5.388,0.0021734035247079047,0.0021739253436046228,0.0011051255160621754,0.0010682780086457295
5.4,0.00215261886392631,0.0021509323640049793,0.0010947444041060942,0.001057874459820216
5.412,0.002131524169846588,0.0021296963420064526,0.001084208461087894,0.001047315708758694
5.424,0.0021101229853589705,0.0021104027644461617,0.0010735191884478357,0.001036603796911135
5.436,0.0020884179380133826,0.002090371579373282,0.0010626781096813,0.0010257398283320827
5.448,0.002066412174647115,0.002067473749896222,0.0010516867701197035,0.0010147254045274115
5.46,0.0020441090881851585,0.0020428482332170593,0.001040546736708312,0.0010035623514768467
5.472,0.002021511646569543,0.00201945709761355,0.0010292595977809454,0.0009922520487885974
5.484,0.001998623159622056,0.0019983167780202133,0.0010178269628316327,0.0009807961967904235
5.496,0.001975446774417744,0.001977205734940791,0.0010062504622832247,0.0009691963121345193
5.508,0.0019519862435910195,0.001953496920481287,0.000994531747253028,0.0009574544963379914
5.52,0.001928244334982807,0.0019275089755353234,0.0009826724893154581,0.0009455718456673491
5.532,0.0019042245137717772,0.0019021065456017526,0.0009706743802617786,0.0009335501335099987
5.544,0.0018799303938834382,0.001879056321193593,0.000958539131856941,0.0009213912620264971
5.556,0.0018553654987850808,0.0018567795640611012,0.0009462684755935627,0.0009090970231915181
5.568,0.0018305331078847182,0.0018323658056017661,0.0009338641624430883,0.0008966689454416298
5.58,0.0018054368217834968,0.0018052848817974678,0.0009213279626041535,0.0008841088591793434
5.592,0.001780080268650977,0.0017780686258320343,0.0009086616652482066,0.0008714186034027703
5.604,0.0017544672280448482,0.001753091471206573,0.0008958670782624044,0.0008586001497824437
5.616,0.0017286011570276994,0.0017295494256068342,0.0008829460279898401,0.0008456551290378593
5.628,0.001702485882838757,0.0017044870041014713,0.0008699003589671123,0.0008325855238716448
5.64,0.0016761250823541728,0.0016765664048405177,0.0008567319336593153,0.0008193931486948575
5.652,0.0016495222473915357,0.0016477780335189078,0.000843442632192435,0.0008060796151991008
5.664,0.001622681603353784,0.0016209113260570352,0.0008300343520832398,0.0007926472512705441
5.676,0.0015956068904467854,0.001596005714427402,0.0008165090079666641,0.0007790978824801213
5.688,0.00156830167772248,0.001570303389321311,0.0008028685313207589,0.0007654331464017212
5.7,0.0015407699535117877,0.001541766475804154,0.0007891148701892134,0.0007516550833225744
5.712,0.0015130156899840269,0.0015116792746121264,0.0007752499889015227,0.0007377657010825043
5.724,0.0014850433427905845,0.001483018979449789,0.0007612758677908091,0.0007237674749997754
5.736,0.0014568564844398616,0.0014566681125006533,0.0007471945029093669,0.0007096619815304947
5.748,0.0014284589670269412,0.0014302936200288464,0.0007330079057419425,0.0006954510612849987
5.76,0.0013998551586700504,0.0014013228112254952,0.0007187181029168221,0.0006811370557532282
5.772,0.0013710487127238046,0.001370226722746884,0.0007043271359147337,0.000666721576809071
5.784,0.0013420442460647705,0.001339927127072214,0.0006898370607756422,0.0006522071852891283
5.796,0.0013128454897954824,0.001312080193369247,0.0006752499478034421,0.0006375955419920401
5.808,0.0012834567912080267,0.001284970448411541,0.000660567881268628,0.0006228889099393986
5.82,0.001253882658889537,0.0012556998927739634,0.0006457929591089425,0.0006080896997805944
5.832,0.001224126854577409,0.001223885542327376,0.0006309272926280974,0.0005931995619493115
5.844,0.0011941938425852994,0.0011921545315935608,0.000615973006192553,0.0005782208363927462
5.856,0.001164087838078898,0.001162803688083132,0.0006009322369264502,0.0005631556011524478
5.868,0.0011338133290824442,0.0011348778292803784,0.0005858071344047008,0.0005480061946777434
5.88,0.001103374473801007,0.0011053903223287114,0.0005705998603443104,0.0005327746134566966
5.892,0.001072775639765673,0.0010731332656501995,0.0005553125882939482,0.0005174630514717247
5.904,0.001042020971890813,0.0010402234976340072,0.0005399475033218414,0.0005020734685689716
5.916,0.0010111151095964462,0.0010094127425195017,0.0005245068017020018,0.0004866083078944445
5.928,0.0009800623701088757,0.000980586926847663,0.0005089926905988691,0.0004710696795100065
5.94,0.000948867608653553,0.0009509153006828361,0.0004934073877503766,0.0004554602209031764
5.952,0.0009175345462557945,0.0009184617532142651,0.00047775312114952203,0.00043978142510627243
5.964,0.0008860681798956813,0.0008846584200459174,0.00046203212872445484,0.00042403605117122647
5.976,0.0008544729802475991,0.0008524884912488315,0.00044624665801715766,0.00040822632223044147
5.988,0.000822753549057898,0.0008226912002106257,0.0004303989658607366,0.0003923545831971613
6.0,0.0007909140620430922,0.000792824044716322,0.0004144913180553995,0.0003764227439876927
6.012,0.000758959381959234,0.0007603792302297541,0.0003985259890431361,0.0003604333929160979
6.024,0.0007268936774966672,0.000725985376372724,0.0003825052615811673,0.0003443884159154999
6.036,0.0006947219775469199,0.0006926142423853087,0.00036643142641421743,0.0003282905511327024
6.048,0.0006624482312130181,0.0006618008191111155,0.00035030678194562114,0.00031214144926739693
6.06,0.000630078070893851,0.000631692039998925,0.0003341336339073576,0.00029594443698649335
6.072,0.0005976153353398646,0.0005994120817703133,0.00031791429502901796,0.00027970104031084666
6.084,0.0005650651072192821,0.000564732644844336,0.0003016510847057907,0.0002634140225134914
6.096,0.0005324317003764426,0.0005303715137067804,0.00028534632866547533,0.00024708537171096726
6.108,0.000499720029593543,0.0004985367119651636,0.00026900235863461014,0.00023071767095893294
6.12,0.00046693447508099615,0.0004681181167694305,0.0002526215120037237,0.00021431296307727245
6.132,0.0004340802062452266,0.0004361061048907659,0.00023620613149179579,0.0001978740747534308
6.144,0.00040116139034141525,0.0004014319500352569,0.00021975856480993826,0.00018140282553147702
6.156,0.00036818300051102217,0.0003663370871890653,0.00020328116432438267,0.0001649018361866395
6.168,0.00033514940124398213,0.0003335245745105259,0.00018677628671878285,0.00014837311452519926
6.18,0.00030206627970349553,0.00030272042970557486,0.00017024629265592137,0.0001318199870475742
6.192,0.0002689369721479542,0.00027102695699256696,0.0001536935464388287,0.00011524342570912552
6.204,0.00023576748983378547,0.0002366201758036746,0.00013712041567140337,9.864707416238208e-5
6.216,0.00020256177385012393,0.00020108116293810591,0.00012052927091853665,8.203250293158728e-5
6.228,0.00016932504059254816,0.00016738916756240478,0.0001039224853658464,6.540255522670174e-5
6.24,0.00013606174929081883,0.00013613150832031932,8.730243447900667e-5,4.875931481181217e-5
6.252,0.00010277718175336021,0.0001047596024753116,7.067149566277809e-5,3.210568609058212e-5
6.264,6.94750981138903e-5,7.08412444186931e-5,5.4032047919742664e-5,1.544305019414763e-5
6.276,3.616126690977511e-5,3.516660138979265e-5,3.738647150883131e-5,-1.2252045990562017e-6
6.288,2.8397801368885624e-6,7.492063581152814e-7,2.0737147603654283e-5,-1.789736746676572e-5
6.3,-3.0484553255623245e-5,-3.1007381798635747e-5,4.086457950722758e-6,-3.4571011206346e-5
6.312,-6.380659605544474e-5,-6.209336088981101e-5,-1.256321547242887e-5,-5.124338058301587e-5
6.324,-9.712158982892876e-5,-9.535215482041292e-5,-2.9209490799131572e-5,-6.791209902979719e-5
6.336,-0.00013042523396182492,-0.0001308508479646415,-4.5849986615471546e-5,-8.457524734635337e-5
6.348,-0.00016371206940618246,-0.00016578690605336728,-6.248232230209294e-5,-0.00010122974710408952
6.36,-0.00019697793594206146,-0.00019805227230997797,-7.910411837590376e-5,-0.0001178738175661577
6.372,-0.0002302179293311481,-0.0002289145248252631,-9.571299683159683e-5,-0.00013450493249955126
6.384,-0.0002634272190478143,-0.0002613972934280305,-0.000112306581482976,-0.0001511206375648383
6.396,-0.00029660088405337467,-0.0002964215147572029,-0.00012888249830399808,-0.00016771838574937658
6.408,-0.0003297342553175846,-0.0003316243189031707,-0.00014543837576952838,-0.0001842958795480562
6.42,-0.00036282317525160264,-0.00036436259441521217,-0.00016197184519570358,-0.00020085133005589905
6.432,-0.00039586243164755903,-0.0003950755791015662,-0.00017848054107991626,-0.0002173818905676428
6.444,-0.000428847188322442,-0.0004267208577639905,-0.00019496210144031556,-0.00023388508688212644
6.456,-0.0004617728763952489,-0.00046100022243028164,-0.00021141416815482106,-0.00025035870824042784
6.468,-0.0004946342995601565,-0.0004961838489726063,-0.0002278343872995616,-0.0002667999122605949
6.48,-0.0005274275834857412,-0.0005293070194470238,-0.00024422040948672894,-0.00028320717399901225
6.492,-0.0005601477383872323,-0.0005599421543129164,-0.0002605698902017595,-0.0002995778481854728
6.504,-0.000592789769412027,-0.0005907393402550021,-0.00027688049013983336,-0.00031590927927219355
6.516,-0.0006253492067483163,-0.0006240444442929937,-0.00029314987554161104,-0.0003321993312067052
6.528,-0.0006578219083231063,-0.0006589029643167412,-0.00030937571852817367,-0.0003484461897949327
6.54,-0.0006902023668791342,-0.0006922687282623416,-0.0003255556974351293,-0.0003646466694440049
6.552,-0.0007224866750257181,-0.0007228793712355591,-0.0003416874971458078,-0.0003807991778799103
6.564,-0.0007546697564702006,-0.0007528605023311549,-0.0003577688094235342,-0.0003969009470466665
6.576,-0.0007867471339232464,-0.0007850125164949987,-0.00037379733324289317,-0.0004129498006803532
6.588,-0.0008187141257162397,-0.0008192357212100889,-0.0003897707751199778,-0.0004289433505962619
6.6,-0.000850566095616797,-0.0008526498456963634,-0.00040568684944153316,-0.00044487924617526384
6.612,-0.0008822986490514733,-0.0008832578108661544,-0.00042154327879299447,-0.00046075537025847875
6.624,-0.0009139074065214795,-0.0009124859556360979,-0.0004373377942853171,-0.00047656961223616236
6.636,-0.0009453875597172255,-0.0009433622179400185,-0.0004530681358806122,-0.0004923194238366132
6.648,-0.0009767349146997796,-0.0009766518230993769,-0.00046873205271648544,-0.0005080028619832942
6.66,-0.0010079446169861726,-0.0010098748429023838,-0.0004843273034290804,-0.0005236173135570922
6.672,-0.0010390126835350293,-0.00104045958362261,-0.0004998516564747357,-0.0005391610270602936
6.684,-0.0010699342284802348,-0.0010690148157134311,-0.0005153028904502527,-0.000554631338029982
6.696,-0.0011007050841378933,-0.0010985499958254805,-0.0005306787944116888,-0.0005700262897262044
6.708,-0.0011313203658094954,-0.0011306350400534576,-0.0005459771681916645,-0.0005853431976178308
6.72,-0.001161776219238786,-0.0011633927924175754,-0.0005611958227151089,-0.000600580396523677
6.732,-0.0011920681364939029,-0.0011938841660967827,-0.0005763325803134266,-0.0006157355561804763
6.744,-0.0012221915903633607,-0.0012218482931797756,-0.000591385275037012,-0.0006308063153263488
6.756,-0.001252142784245623,-0.0012500310609942955,-0.0006063517529660968,-0.0006457910312795262
6.768,-0.0012819170609643191,-0.0012806812769539267,-0.0006212298725198546,-0.0006606871884444646
6.78,-0.0013115104770550982,-0.0013126784515393888,-0.00063601750476375,-0.0006754929722913482
6.792,-0.0013409178295775096,-0.0013429536900037187,-0.0006507125337150549,-0.0006902052958624546
6.804,-0.0013701363447739148,-0.001370395008565128,-0.0006653128566465278,-0.000704823488127387
6.816,-0.0013991605424861844,-0.001397260503966344,-0.0006798163843881621,-0.0007193441580980222
6.828,-0.001427986813623123,-0.0014262966044739243,-0.0006942210416270172,-0.0007337657719961059
6.84,-0.001456611430306848,-0.001457232241800637,-0.0007085247672050368,-0.0007480866631018111
6.852,-0.0014850296267790901,-0.0014871174092464076,-0.0007227255144148547,-0.0007623041123642353
6.864,-0.0015132376752129946,-0.0015140767549589374,-0.0007368212512935088,-0.0007764164239194859
6.876,-0.0015412314821186602,-0.0015396954964089888,-0.0007508099609140567,-0.0007904215212046036
6.888,-0.0015690071556233782,-0.0015669955666155427,-0.0007646896416750148,-0.0008043175139483633
6.9,-0.0015965608159644712,-0.0015965792784468152,-0.000778458307587616,-0.0008181025083768552
6.912,-0.0016238882700580271,-0.0016258551339941615,-0.0007921139885608094,-0.0008317742814972178
6.924,-0.0016509856105417645,-0.0016523343923823398,-0.0008056547306839963,-0.0008453308798577682
6.936,-0.0016778489830663705,-0.0016767985508784682,-0.0008190785965074244,-0.000858770386558946
6.948,-0.0017044745268261648,-0.0017023000523351802,-0.0008323836653202399,-0.0008720908615059248
6.96,-0.0017308584069658755,-0.0017302676769308976,-0.0008455680334261184,-0.0008852903735397571
6.972,-0.0017569970603118074,-0.0017586795002130565,-0.0008586298144164718,-0.0008983672458953355
6.984,-0.0017828866337845672,-0.0017846335426708146,-0.0008715671394411558,-0.0009113194943434113
6.996,-0.0018085232705910494,-0.0018080417213634074,-0.000884378157476681,-0.0009241451131143685
7.008,-0.001833903589359049,-0.0018317389686372152,-0.0008970610355918367,-0.0009368425537672122
7.02,-0.0018590237342973933,-0.0018578664176158795,-0.0009096139592107474,-0.000949409775086646
7.032,-0.001883880392457014,-0.0018851370328055437,-0.0009220351323732757,-0.0009618452600837384
7.044,-0.0019084697594009764,-0.0019104697648573592,-0.0009343227779927596,-0.0009741469814082168
7.056,-0.0019327882277437355,-0.0019329115458830792,-0.0009464751381110484,-0.000986313089632687
7.068,-0.001956832315470159,-0.001954848882632217,-0.0009584904741507803,-0.0009983418413193788
7.08,-0.001980598860701096,-0.001978963080752739,-0.0009703670671648934,-0.0010102317935362026
7.092,-0.002004084237151836,-0.002004808053127767,-0.000982103218083307,-0.0010219810190685288
7.104,-0.002027285422849026,-0.002029372927672046,-0.0009936972479567636,-0.0010335881748922623
7.116,-0.0020501985433180312,-0.0020509144666611234,-0.00100514749819777,-0.0010450510451202612
7.128,-0.0020728208175042097,-0.002071175716038719,-0.0010164523308186305,-0.0010563684866855792
7.14,-0.002095148931650441,-0.002093161768873327,-0.0010276101286665123,-0.0010675388029839287
7.152,-0.0021171791315333774,-0.002117305569672289,-0.0010386192956555332,-0.001078559835877844
7.164,-0.0021389094931759285,-0.002140910554915624,-0.0010494782569958133,-0.0010894312361801153
7.176,-0.0021603359437158895,-0.002161582418618049,-0.0010601854594194853,-0.0011001504842964045
7.188,-0.002181455232459051,-0.002180277484339069,-0.001070739371403603,-0.001110715861055448
7.2,-0.002202264830889261,-0.0022000815126650974,-0.0010811384833899456,-0.0011211263474993154
7.212,-0.0022227614625801926,-0.002222273367042555,-0.0010913813080016509,-0.0011313801545785418
7.224,-0.0022429424513081926,-0.0022446899962899874,-0.0011014663802566868,-0.001141476071051506
7.236,-0.0022628048355378006,-0.0022644782567242225,-0.001111392257778092,-0.0011514125777597089
7.248,-0.002282346081216494,-0.002281727981666219,-0.0011211575210009882,-0.0011611885602155053
7.26,-0.0023015628024661023,-0.002299355410833549,-0.001130760773376307,-0.0011708020290897951
7.272,-0.002320452619586455,-0.0023193835668241314,-0.001140200641571222,-0.001180251978015233
7.284,-0.0023390128714985137,-0.0023403593646530462,-0.0011494757756662492,-0.0011895370958322645
7.296,-0.0023572407092543137,-0.0023592006987811316,-0.0011585848493489875,-0.0011986558599053263
7.308,-0.002375133603317596,-0.0023751212288970346,-0.0011675265601044686,-0.0012076070432131274
7.32,-0.002392688984376037,-0.0023906306881949645,-0.0011762996294021025,-0.0012163893549739344
7.332,-0.0024099043089212393,-0.002408333969873213,-0.0011849028028791686,-0.0012250015060420707
7.344,-0.0024267770268538392,-0.0024276072734253974,-0.0011933348505208535,-0.0012334421763329857
7.356,-0.002443304880690632,-0.0024453884920182752,-0.0012015945668367813,-0.0012417103138538507
7.368,-0.002459485622429797,-0.0024600764331816852,-0.0012096807710340449,-0.0012498048513957518
7.38,-0.0024753167463575465,-0.0024735697745848204,-0.0012175923071866676,-0.001257724439170879
7.392,-0.0024907962878699275,-0.002488845500001346,-0.0012253280444015247,-0.0012654682434684026
7.404,-0.0025059215804669375,-0.0025061614975370196,-0.0012328868769806518,-0.0012730347034862856
7.416,-0.0025206907175106368,-0.002522723566935012,-0.0012402677245799548,-0.0012804229929306821
7.428,-0.002535101676006086,-0.0025362431578401855,-0.0012474695323642698,-0.0012876321436418158
7.44,-0.002549151875478366,-0.0025478524168288546,-0.0012544912711587744,-0.0012946606043195915
7.452,-0.002562839993407481,-0.00256066005323113,-0.001261331937596708,-0.0013015080558107732
7.464,-0.002576163567534924,-0.002575786760674896,-0.001267990554263399,-0.001308173013271525
7.476,-0.0025891208630075204,-0.0025909330156769104,-0.0012744661698365582,-0.0013146546931709622
7.488,-0.0026017104111787917,-0.0026033063762591056,-0.0012807578592228415,-0.0013209525519559504
7.5,-0.002613930042513489,-0.0026131787442623287,-0.0012868647236906384,-0.0013270653188228506
7.512,-0.002625777758369523,-0.0026235390160042624,-0.001292785890999087,-0.001332991867370436
7.524,-0.0026372524970869264,-0.0026362819142240032,-0.001298520515523283,-0.0013387319815636434
7.536,-0.0026483523466148354,-0.002649789818961945,-0.0013040677783756733,-0.001344284568239162
7.548,-0.002659075135763424,-0.0026609910841917305,-0.0013094268875236158,-0.001349648248239808
7.56,-0.002669419907504719,-0.002669273122609739,-0.0013145970779030799,-0.0013548228296016392
7.572,-0.0026793852760905314,-0.002677262653293874,-0.0013195776115284884,-0.001359807664562043
7.584,-0.0026889695345825412,-0.0026874768141849927,-0.0013243677775986629,-0.0013646017569838784
7.596,-0.0026981715159099086,-0.002699112338183388,-0.0013289668925988815,-0.0013692046233110273
7.608,-0.0027069897086142627,-0.0027090661716727116,-0.0013333743003990123,-0.0013736154082152501
7.62,-0.002715423410795814,-0.002715888558378582,-0.0013375893723477255,-0.0013778340384480886
7.632,-0.0027234708212733583,-0.0027216304885534976,-0.0013416115073627568,-0.0013818593139106015
7.644,-0.002731130892647075,-0.002729229218208595,-0.0013454401320172245,-0.0013856907606298507
7.656,-0.0027384023163101057,-0.002738762680367572,-0.0013490747006219704,-0.0013893276156881351
7.668,-0.0027452848503650516,-0.0027473473064930426,-0.001352514695303929,-0.0013927701550611226
7.68,-0.002751777186956162,-0.0027528113622017577,-0.0013557596260805015,-0.0013960175608756602
7.692,-0.0027578772302539484,-0.0027564627082563987,-0.001358809030929931,-0.0013990681993240176
7.704,-0.0027635854896528047,-0.0027614220144360937,-0.0013616624758576667,-0.001401923013795138
7.716,-0.0027689011068239714,-0.0027686441258025995,-0.0013643195549587071,-0.0014045815518652642
7.728,-0.0027738228421892433,-0.0027756986517552544,-0.0013667798904759133,-0.00140704295171333
7.74,-0.0027783499083717566,-0.0027798657491593247,-0.0013690431328542865,-0.0014093067755174698
7.752,-0.00278248225934301,-0.0027816025316845976,-0.0013711089607911966,-0.0014113732985518133
7.764,-0.0027862188210089752,-0.0027839610579762316,-0.0013729770812825615,-0.001413241739726414
7.776,-0.0027895595569776568,-0.0027886978747982696,-0.0013746472296649632,-0.0014149123273126936
7.788,-0.0027925024776539673,-0.00279403332480918,-0.0013761191696537035,-0.0014163833080002638
7.8,-0.0027950491460305995,-0.0027969180495264,-0.001377392693376783,-0.0014176564526538166
7.812,-0.0027971981909121636,-0.002796919399065845,-0.0013784676214048097,-0.0014187305695073536
7.824,-0.0027989496381670754,-0.0027967738324635987,-0.0013793438027768232,-0.0014196058353902522
7.836,-0.0028003028289683473,-0.002798899415800011,-0.0013800211150220383,-0.001420281713946309
7.848,-0.0028012576342271982,-0.0028023125970048956,-0.001380499464177499,-0.001420758170049699
7.86,-0.0028018144849974525,-0.002803880225035517,-0.0013807787848016469,-0.0014210357001958058
7.872,-0.0028019730512246384,-0.0028023127552760543,-0.001380859039983794,-0.0014211140112408442
7.884,-0.0028017328895638483,-0.0027998090780138062,-0.001380740221349505,-0.0014209926682143435
7.896,-0.002801094325987852,-0.002799254838311106,-0.001380422349061887,-0.0014206719769259645
7.908,-0.0028000578190436774,-0.0028005439258321175,-0.0013799054718187842,-0.0014201523472248932
7.92,-0.0027986228800589404,-0.002800712431915026,-0.0013791896668458796,-0.001419433213213061
7.932,-0.002796789942149049,-0.0027977161482616794,-0.0013782750398857037,-0.0014185149022633453
7.944,-0.002794559306257505,-0.0027930374391669467,-0.0013771617251825549,-0.0014173975810749498
7.956,-0.002791931537134975,-0.002789797409078456,-0.0013758498854633298,-0.0014160816516716453
7.968,-0.0027889066545255916,-0.002788777995681209,-0.001374339711914268,-0.0014145669426113233
7.98,-0.0027854857542301496,-0.0027874244389857745,-0.0013726314241536129,-0.0014128543300765367
7.992,-0.00278166848373231,-0.002783101325850518,-0.0013707252702001987,-0.0014109432135321113
8.004,-0.002777455811324858,-0.0027764530942112078,-0.001368621526437958,-0.0014088342848869
8.016,-0.0027728483950970576,-0.002770584699179141,-0.0013663204975763647,-0.0014065278975206928
8.028,-0.002767846884503108,-0.002767105013905729,-0.001363822516606811,-0.001404024367896297
8.04,-0.0027624514772744873,-0.0027640757915836913,-0.0013611279447549294,-0.0014013235325195576
8.052,-0.0027566634194437665,-0.002758482004599815,-0.0013582371714288626,-0.001398426248014904
8.064,-0.0027504837540560777,-0.002750076238106832,-0.0013551506141634936,-0.001395333139892584
8.076,-0.002743913038468247,-0.0027416964955519997,-0.0013518687185606398,-0.0013920443199076072
8.088,-0.0027369522632378386,-0.0027356505593889384,-0.0013483919582252194,-0.0013885603050126192
8.1,-0.0027296023422918887,-0.00273077470342788,-0.0013447208346974012,-0.0013848815075944874
8.112,-0.00272186502347202,-0.0027239170006558445,-0.001340855877380754,-0.0013810091460912657
8.124,-0.0027137404476712127,-0.0027139562122758835,-0.0013367976434663865,-0.0013769428042048261
8.136,-0.002705230343760236,-0.0027032336575082694,-0.0013325467178531161,-0.0013726836259071195
8.148,-0.0026963357933964434,-0.0026945713073926077,-0.0013281037130636456,-0.0013682320803327977
8.16,-0.0026870578565193434,-0.0026876757514368048,-0.0013234692691567983,-0.001363588587362545
8.172,-0.0026773986097448823,-0.002679512453983525,-0.0013186440536357836,-0.0013587545561090987
8.184,-0.002667358085343538,-0.002668175012263014,-0.0013136287613525418,-0.0013537293239909963
8.196,-0.0026569389288512214,-0.002655317992766314,-0.00130842411440815,-0.0013485148144430715
8.208,-0.0026461421657418037,-0.002644050954939895,-0.0013030308620493362,-0.0013431113036924676
8.22,-0.002634969564648514,-0.0026349765354124017,-0.001297449780561087,-0.0013375197840874273
8.232,-0.0026234227637673777,-0.00262542294048395,-0.0012916816731553835,-0.0013317410906119945
8.244,-0.0026115032899123097,-0.0026128508637098553,-0.0012857273698560683,-0.0013257759200562417
8.256,-0.0025992128917228527,-0.0025980931355496237,-0.0012795877273798762,-0.0013196251643429768
8.268,-0.0025865528993098586,-0.002584296645390055,-0.0012732636290136267,-0.0013132892702962318
8.28,-0.0025735263310206567,-0.0025729135385415894,-0.00126675598448761,-0.0013067703465330467
8.292,-0.0025601331560215243,-0.0025618513464078295,-0.0012600657298451783,-0.001300067426176346
8.304,-0.0025463765066804623,-0.0025481415415987137,-0.0012531938273085646,-0.0012931826793718976
8.316,-0.002532258749213914,-0.002531726318722189,-0.001246141265140945,-0.001286117484072969
8.328,-0.0025177814590657353,-0.0025155361412085293,-0.0012389090575047634,-0.0012788724015609717
8.34,-0.002502946565282575,-0.0025017574797970375,-0.0012314982443163457,-0.0012714483209662294
8.352,-0.0024877556199963125,-0.002489047469676852,-0.0012239098910968146,-0.001263845728899498
8.364,-0.0024722121147175372,-0.002474247118575035,-0.001216145088819342,-0.0012560670258981953
8.376,-0.0024563178919004853,-0.0024564108501529233,-0.0012082049537527316,-0.0012481129381477535
8.388,-0.0024400745380430576,-0.0024380159243353188,-0.0012000906273013936,-0.001239983910741664
8.4,-0.0024234849801126708,-0.0024218084811824608,-0.0011918032758416997,-0.0012316817042709708
8.412,-0.002406551659807473,-0.0024073054060301216,-0.0011833440905547666,-0.0012232075692527062
8.424,-0.0023892760352109263,-0.002391411864536782,-0.0011747142872556694,-0.0012145617479552566
8.436,-0.002371661603559424,-0.0023723690371387596,-0.0011659151062191314,-0.0012057464973402926
8.448,-0.0023537111735511622,-0.002352000319566838,-0.0011569478120017004,-0.0011967633615494618
8.46,-0.0023354263705775346,-0.002333391378755458,-0.001147813693260451,-0.001187612677317084
8.472,-0.0023168104973753153,-0.0023169598667883806,-0.0011385140625682114,-0.001178296434807104
8.484,-0.0022978655670358467,-0.0022999250787033806,-0.0011290502562253722,-0.0011688153108104743
8.496,-0.002278595156870891,-0.002279855257169893,-0.001119423634068303,-0.0011591715228025878
8.508,-0.0022590020796095446,-0.002257771644848995,-0.0011096355792743655,-0.001149366500335179
8.52,-0.002239087297733884,-0.0022368514860769146,-0.0010996874981635994,-0.0011393997995702845
8.532,-0.002218855024122748,-0.0022183816523971014,-0.0010895808199970808,-0.0011292742041256673
8.544,-0.002198309340139047,-0.002200120712326753,-0.0010793169967719975,-0.0011189923433670497
8.556,-0.002177451407062384,-0.002179158852311914,-0.001068897503013448,-0.0011085539040489364
8.568,-0.0021562846127618353,-0.0021556313006894706,-0.0010583238355630232,-0.001097960777198812
8.58,-0.002134812061644004,-0.002132551073756503,-0.0010475975133641807,-0.0010872145482798234
8.592,-0.00211303760390514,-0.0021119725654886222,-0.001036720077244455,-0.001076317526660685
8.604,-0.002090963438954092,-0.0020923757289285565,-0.001025693089694515,-0.0010652703492595769
8.616,-0.0020685931688878088,-0.0020706065297480033,-0.0010145181346441284,-0.0010540750342436802
8.628,-0.002045929676746581,-0.002045901626509797,-0.001003196817235041,-0.0010427328595115396
8.64,-0.0020229763801432412,-0.002020866762779198,-0.0009917307635908272,-0.001031245616552414
8.652,-0.001999736203884529,-0.001998160084259838,-0.0009801216205837082,-0.0010196145833008207
8.664,-0.0019762135614935232,-0.001977107242316064,-0.0009683710555984146,-0.0010078425058951085
8.676,-0.0019524108962258534,-0.0019545639821878743,-0.0009564807562930976,-0.0009959301399327558
8.688,-0.001928331423520233,-0.0019289282814603918,-0.0009444524303573315,-0.0009838789931629014
8.7,-0.0019039794945783653,-0.001902187947632868,-0.0009322878052672534,-0.0009716916893111118
8.712,-0.0018793581651426997,-0.0018773921285041694,-0.0009199886280378362,-0.0009593695371048635
8.724,-0.0018544710736129251,-0.001854768563171899,-0.0009075566649724053,-0.0009469144086405197
8.736,-0.0018293212728653701,-0.0018314364964836364,-0.000894993701409339,-0.0009343275714560312
8.748,-0.0018039127074961701,-0.001805082856783466,-0.0008823015414660806,-0.0009216111660300894
8.76,-0.001778249410367133,-0.0017769162745101905,-0.0008694820077804146,-0.0009087674025867184
8.772,-0.001752334813885704,-0.0017501322357394184,-0.0008565369412491365,-0.0008957978726365675
8.784,-0.001726171925082583,-0.0017258443654266735,-0.0008434682007640532,-0.0008827037243185299
8.796,-0.0016997655274890488,-0.0017016683924418585,-0.0008302776629454445,-0.0008694878645436043
8.808,-0.001673119224145818,-0.001674765400230243,-0.0008169672218729389,-0.0008561520022728791
8.82,-0.0016462360817472072,-0.0016454661073241705,-0.000803538788813937,-0.0008426972929332703
8.832,-0.0016191208394713097,-0.0016168554247422777,-0.0007899942919495154,-0.0008291265475217944
8.844,-0.0015917771009544245,-0.0015908452474836788,-0.0007763356760979508,-0.0008154414248564737
8.856,-0.001564208658912171,-0.001565741220744411,-0.000762564902435815,-0.0008016437564763562
8.868,-0.001536419449896572,-0.0015384065326880018,-0.000748683948216763,-0.000787735501679809
8.88,-0.0015084134671383195,-0.001508265827563716,-0.0007346948064879942,-0.0007737186606503254
8.892,-0.00148019465003514,-0.0014780449617318582,-0.0007205994858044425,-0.0007595951642306975
8.904,-0.0014517676432449806,-0.0014503020055274473,-0.0007064000099407566,-0.000745367633304224
8.916,-0.0014231355910493664,-0.0014241707419665314,-0.0006920984176010884,-0.0007310371734482781
8.928,-0.0013943033915422656,-0.0013964688628815567,-0.0006776967621267498,-0.0007166066294155156
8.94,-0.0013652746932227774,-0.0013657597399347814,-0.0006631971112017503,-0.0007020775820210272
8.952,-0.0013360540143728724,-0.0013341901653237285,-0.0006486015465562971,-0.0006874524678165752
8.964,-0.0013066453190358745,-0.0013047599531891682,-0.0006339121636682688,-0.0006727331553676056
8.976,-0.0012770529014657387,-0.0012775028005230487,-0.0006191310714627293,-0.0006579218300030095
8.988,-0.0012472810761210472,-0.0012494474559993068,-0.0006042603920094911,-0.0006430206841115561
9.0,-0.0012173337478354977,-0.001218410300510345,-0.0005893022602188155,-0.0006280314876166822
9.012,-0.001187215491963683,-0.0011857852967427046,-0.000574258823535256,-0.000612956668428427
9.024,-0.001156930856469051,-0.0011547736124570746,-0.0005591322416297213,-0.0005977986148393298
9.036,-0.0011264835925451455,-0.001126308290608898,-0.0005439246860897472,-0.0005825589064553982
9.048,-0.0010958786203697688,-0.0010978691821702836,-0.000528638340108117,-0.0005672402802616518
9.06,-0.0010651198213771497,-0.0010667003520448038,-0.0005132753981697576,-0.0005518444232073921
9.072,-0.0010342126402737043,-0.0010333294887550231,-0.0004978380657370552,-0.000536374574536649
9.084,-0.0010031605015925135,-0.0010009020656329749,-0.0004823285589335816,-0.0005208319426589318
9.096,-0.000971967710737503,-0.0009711774791130272,-0.00046674910422628973,-0.0005052186065112133
9.108,-0.0009406397779371349,-0.0009422908554466286,-0.0004511019381062393,-0.0004895378398308956
9.12,-0.0009091799800100375,-0.0009111350449644471,-0.0004353893067678595,-0.0004737906732421781
9.132,-0.0008775938530856314,-0.0008773275778985463,-0.00041961346578684377,-0.00045798038729878763
9.144,-0.0008458852362477961,-0.000843705200133482,-0.0004037766797966849,-0.00044210855645111124
9.156,-0.000814058969014451,-0.0008127139976069902,-0.0003878812221639237,-0.00042617774685052735
9.168,-0.0007821196723410278,-0.0007832961663723945,-0.00037192937466212376,-0.000410190297678904
9.18,-0.0007500715930182709,-0.0007522431427253081,-0.00035592342714466064,-0.00039414816587361035
9.192,-0.0007179197670762162,-0.0007182916270585083,-0.00033986567721634026,-0.0003780540898598759
9.204,-0.0006856687439441575,-0.0006837410017740408,-0.00032375842990391824,-0.0003619103140402393
9.216,-0.0006533229865911074,-0.0006515288380718159,-0.0003076039973255314,-0.000345718989265576
9.228,-0.0006208869658826952,-0.0006214915040712979,-0.0002914046983591351,-0.0003294822675235601
9.24,-0.0005883659366127997,-0.0005905774552752187,-0.0002751628583099571,-0.0003132030783028425
9.252,-0.0005557639556495314,-0.0005567428654950353,-0.00025888080857704306,-0.0002968831470724884
9.264,-0.0005230855055828455,-0.0005215639638923722,-0.0002425608863189071,-0.00028052461926393845
9.276,-0.0004903356425961391,-0.0004882346832136772,-0.00022620543411836457,-0.00026413020847777455
9.288,-0.0004575193954603074,-0.0004575008495119071,-0.0002098167996466115,-0.0002477025958136959
9.3,-0.00042464118755395237,-0.00042671421057945884,-0.00019339733532652557,-0.0002312438522274268
9.312,-0.00039170538717498365,-0.00039321373594420256,-0.00017694939799533583,-0.00021475598917964782
9.324,-0.00035871748468018524,-0.00035772458646755596,-0.0001604753485666062,-0.00019824213611357904
9.336,-0.0003256812531357092,-0.00032344087228313996,-0.00014397755169169658,-0.00018170370144401262
9.348,-0.00029260240326885254,-0.0002919599933394837,-0.00012745837542062503,-0.00016514402784822748
9.36,-0.0002594853125333468,-0.00026125125632040956,-0.00011092019086249565,-0.00014856512167085115
9.372,-0.00022633406904266627,-0.00022824972641958733,-9.436537184543339e-5,-0.00013196869719723288
9.384,-0.00019315408192327102,-0.00019276984868961871,-7.779629457619286e-5,-0.00011535778734707815
9.396,-0.00015995005334537777,-0.0001577492497171513,-6.121533729936165e-5,-9.873471604601611e-5
9.408,-0.00012672672525099415,-0.0001255103836557555,-4.462487995632525e-5,-8.21018452946689e-5
9.42,-9.348855183076276e-5,-9.480507536031366e-5,-2.802730384393431e-5,-6.546124798682845e-5
9.432,-6.024091787498139e-5,-6.241067887484243e-5,-1.1424991273041203e-5,-4.881592660194019e-5
9.444,-2.6988045193972577e-5,-2.7244457631824158e-5,5.179674773170604e-6,-3.216771996714318e-5
9.456,6.265087398701522e-6,8.248929089147137e-6,2.1784310980914394e-5,-1.5519223582212872e-5
9.468,3.9513417375769674e-5,4.1207062869642245e-5,3.8386534047590514e-5,1.1268833281791562e-6
9.48,7.275281230585237e-5,7.199330798363332e-5,5.4983961023575306e-5,1.7768851282277068e-5
9.492,0.00010597785741831706,0.00010372869325380104,7.157420965394725e-5,3.4403647764369795e-5
9.504,0.00013918473764097083,0.00013830738877797512,8.81548987201385e-5,5.102983892083235e-5
9.516,0.00017236754489545215,0.00017397494708638387,0.00010472364838141299,6.764389651403916e-5
9.528,0.00020552275083452729,0.0002075578513585151,0.00012127808051616249,8.424467031836478e-5
9.54,0.0002386443063784878,0.00023850336586748162,0.0001378158190629386,0.0001008284873155492
9.552,0.00027172833849587797,0.00026957928452506,0.00015433449036122884,0.00011739384813464912
9.564,0.00030476953959201,0.00030334002914360575,0.0001708317234918277,0.0001339378161001823
9.576,0.00033776362990293606,0.0003388634352555798,0.00018730515061687796,0.0001504584792860581
9.588,0.0003707057158038252,0.0003729191899506625,0.00020375240731941637,0.00016695330848440887
9.6,0.00040359082137556696,0.0004040808087359912,0.00022017113294248356,0.00018341968843308337
9.612,0.0004364148519163981,0.00043453920062910606,0.00023655897092763,0.00019985588098876808
9.624,0.0004691728561184133,0.00046730447881656564,0.00025291356915289903,0.0002162592869655143
9.636,0.0005018600186620202,0.0005023621401417386,0.00026923258027011955,0.00023262743839190062
9.648,0.0005344715015637924,0.0005366844003031571,0.00028551366204156533,0.000248957839522227
9.66,0.0005670026725320123,0.0005680837340437595,0.00030175447767583313,0.00026524819485617925
9.672,0.0005994492620059015,0.0005979965216803301,0.0003179526961629644,0.0002814965658429371
9.684,0.0006318059731293496,0.0006296469966999878,0.00033410599260874706,0.00029769998052060255
9.696,0.0006640688201807573,0.0006639308305510663,0.00035021204856811896,0.0003138567716126383
9.708,0.0006962330075733819,0.0006982662652855195,0.00036626855237766097,0.000329964455195721
9.72,0.0007282934712376395,0.0007298788514901087,0.0003822731994871037,0.00034602027175053575
9.732,0.0007602463916857299,0.0007593331684201157,0.0003982236927898369,0.0003620226988958929
9.744,0.0007920866917926991,0.0007898083578716785,0.0004141177429523287,0.0003779689488403703
9.756,0.0008238098829322404,0.0008230395934671553,0.00042995306874244447,0.000393856814189796
9.768,0.0008554110069873262,0.000857099206244355,0.00044572739735658875,0.00040968360963073753
9.78,0.0008868864034090236,0.0008888474468948479,0.0004614384647456635,0.00042544793866336
9.792,0.0009182310688092443,0.0009179297242614938,0.0004770840159397458,0.00044114705286949846
9.804,0.0009494404654095377,0.0009472240536309025,0.0004926618053714795,0.00045677866003805814
9.816,0.0009805102566645308,0.000979166817374576,0.0005081695971981022,0.00047234065946642854
9.828,0.001011435641595608,0.0010126402748186357,0.0005236051656221037,0.0004878304759735043
9.84,0.0010422125141177283,0.001044390765968662,0.0005389662952104181,0.0005032462189073101
9.852,0.001072836656181458,0.0010731709874254036,0.000554250781212143,0.0005185858749693151
9.864,0.0011033036863981258,0.0011013255645050434,0.0005694564298747253,0.0005338472565234004
9.876,0.0011336086147263492,0.0011317971847921433,0.0005845810587585576,0.0005490275559677917
9.888,0.0011637480352210078,0.0011643690376158648,0.0005996224970499876,0.0005641255381710202
9.9,0.0011937171309178074,0.0011959345434140744,0.0006145785858726033,0.000579138545045204
9.912,0.0012235112262442983,0.0012244519662518794,0.0006294471785968666,0.0005940640476474317
9.924,0.0012531266211043119,0.0012515427633071952,0.000644226141147939,0.000608900479956373
9.936,0.0012825582459168752,0.0012804199930076458,0.0006589133523117573,0.000623644893605118
9.948,0.001311802700698654,0.0013117865186290383,0.0006735067040392074,0.0006382959966594467
9.96,0.0013408559695475412,0.0013429324685333439,0.0006880041017484666,0.0006528518677990745
9.972,0.001369713236414773,0.0013711839920201145,0.0007024034646253669,0.0006673097717894062
9.984,0.0013983709341084845,0.0013973074116671465,0.0007167027259218316,0.000681668208186653
9.996,0.0014268241865291794,0.0014245280929875148,0.0007308998332522376,0.0006959243532769417
10.008,0.0014550700999040515,0.001454413437091724,0.0007449927488877737,0.0007100773510162778
10.02,0.001483103853994941,0.0014848684605473742,0.0007589794500486615,0.0007241244039462797
10.032,0.0015109209940402796,0.001512800610453851,0.0007728579291942457,0.0007380630648460338
10.044,0.001538518065664338,0.0015380576220492249,0.0007866261943108898,0.0007518918713534481
10.056,0.0015658910865647665,0.0015636176835163388,0.0008002822691976612,0.0007656088173671053
10.068,0.0015930363948347943,0.0015917880317334126,0.0008138241937497402,0.0007792122010850541
10.08,0.0016199496447387067,0.0016212577186080152,0.0008272500242395017,0.000792699620499205
10.092,0.0016466276231986844,0.001648762926609144,0.0008405578335952881,0.0008060697896033962
10.104,0.0016730655571718525,0.0016732430755294768,0.0008537457116777506,0.0008193198454941018
10.116,0.0016992605910810814,0.0016971891250559844,0.0008668117655538063,0.0008324488255272751
10.128,0.0017252081466581142,0.0017234637917594134,0.0008797541197680774,0.0008454540268900369
10.14,0.0017509056315439268,0.00175164660560685,0.000892570916611872,0.0008583347149320548
10.152,0.0017763483998815069,0.0017785641169795077,0.000905260316389583,0.0008710880834919239
10.164,0.0018015328748914542,0.001802330720104351,0.0009178204976825359,0.0008837123772089183
10.176,0.0018264555714617755,0.0018247488514184988,0.0009302496576101774,0.0008962059138515981
10.188,0.0018511129998046154,0.0018490074180401892,0.0009425460120886452,0.0009085669877159702
10.2,0.0018755019129855222,0.0018756115138669803,0.0009547077960866064,0.0009207941168989158
10.212,0.0018996184076168828,0.0019017328843260839,0.0009667332638784021,0.0009328851437384807
10.224,0.0019234589738197465,0.00192481063031853,0.0009786206892943754,0.0009448382845253712
10.236,0.0019470209048027495,0.0019458123640877204,0.0009903683659684408,0.0009566525388343086
10.248,0.0019702996591190354,0.001967997314622636,0.0010019746075827845,0.000968325051536251
10.26,0.001993293107542481,0.0019927569374560777,0.0010134377481097008,0.0009798553594327802
10.272,0.0020159973617651416,0.0020178357100126046,0.0010247561420505162,0.0009912412197146255
10.284,0.002038408741718103,0.002040201690153938,0.001035928164671565,0.0010024805770465378
10.296,0.002060524638879628,0.0020599082013777457,0.0010469522122371975,0.0010135724266424303
10.308,0.002082342016656665,0.0020800228627009545,0.0010578267022397674,0.0010245153144168972
10.32,0.0021038574726957885,0.0021027130340593846,0.0010685500736265785,0.00103530739906921
10.332,0.0021250675900692855,0.0021264778491704092,0.0010791207870237476,0.0010459468030455381
10.344,0.0021459699541594795,0.002148056768923879,0.0010895373249569745,0.001056432629202505
10.356,0.0021665614192208494,0.002166582690078924,0.0010997981920691537,0.0010667632271516958
10.368,0.002186838842395928,0.0021846846604233897,0.0011099019153348244,0.0010769369270611036
10.38,0.002206799604581174,0.0022051329944167684,0.0011198470442714097,0.0010869525603097643
10.392,0.002226440645259591,0.0022273031085975844,0.001129632151147235,0.0010968084941123564
10.404,0.00224575889808918,0.002247967093809648,0.001139255831186272,0.001106503066902908
10.416,0.002264752005736768,0.0022654052176037396,0.001148716702769597,0.001116035302967171
10.428,0.002283416764232929,0.0022815958279012766,0.0011580134076335192,0.0011254033565994098
10.44,0.002301751710061731,0.0022996905464452784,0.0011671446110643742,0.0011346070989973571
10.452,0.0023197526666439397,0.002319992538335249,0.0011761090020899322,0.0011436436645540075
10.464,0.0023374174788912995,0.0023395655799884588,0.001184905293667389,0.0011525121852239107
10.476,0.0023547445878957553,0.0023559737135696287,0.0011935322228679524,0.001161212365027803
10.488,0.002371730611091017,0.002370384384284972,0.0012019885510579395,0.0011697420600330773
10.5,0.00238837362768335,0.0023860779035971657,0.0012102730640764225,0.001178100563606927
10.512,0.002404670859042649,0.002404262248063283,0.0012183845724093284,0.0011862862866333203
10.524,0.002420619785839709,0.0024225289554675898,0.0012263219113600352,0.0011942978744796735
10.536,0.0024362188053132436,0.0024379200051909663,0.0012340839412163923,0.0012021348640968512
10.548,0.002451465390300873,0.0024506966102249886,0.0012416695474141606,0.0012097958428867125
10.56,0.0024663564246916584,0.002464004424169927,0.0012490776406968455,0.0012172787839948129
10.572,0.002480891099336517,0.002479860622412561,0.001256307157271906,0.0012245839420646112
10.584,0.0024950669172776625,0.0024965786066868507,0.0012633570589633035,0.001231709858314359
10.596,0.0025088822318224376,0.002510914712870082,0.001270226333360384,0.0012386558984620536
10.608,0.00252233398281705,0.002522201221980195,0.0012769139939630546,0.0012454199888539954
10.62,0.0025354213598080926,0.00253319618360585,0.00128341908032326,0.0012520022794848325
10.632,0.002548142071740378,0.002546565249931919,0.0012897406581827086,0.0012584014135576696
10.644,0.002560493851800829,0.0025614801655884085,0.001295877819606847,0.001264616032193982
10.656,0.0025724759546305893,0.0025746713808180817,0.0013018296831150624,0.0012706462715155271
10.668,0.002584085821929313,0.002584594109900541,0.0013075953938070828,0.0012764904281222303
10.68,0.002595322235313271,0.0025933965805287882,0.0013131741234855808,0.0012821481118276904
10.692,0.002606182831651712,0.0026041798955269806,0.0013185650707749246,0.0012876177608767878
10.704,0.002616666897796279,0.00261704195159796,0.0013237674612361049,0.001292899436560174
10.716,0.0026267728430979078,0.00262894959021095,0.0013287805474777826,0.0012979922956201251
10.728,0.002636499023100043,0.002637603339938453,0.0013336036092634691,0.0013028954138365738
10.74,0.0026458449943501687,0.002644368005866869,0.0013382359536148,0.0013076090407353688
10.752,0.0026548068854384934,0.0026525318345111625,0.0013426769149109115,0.001312129970527582
10.764,0.0026633860761527,0.002663112465406341,0.001346925854983881,0.0013164602211688187
10.776,0.0026715799780534484,0.002673556875106945,0.001350982163210247,0.0013205978148432011
10.788,0.0026793876996576054,0.002680994086635187,0.0013548452565985566,0.0013245424430590488
10.8,0.0026868083898673864,0.002685894510301841,0.0013585145798729714,0.0013282938099944152
10.812,0.0026938408767746215,0.002691469828898047,0.0013619896055528829,0.0013318512712217386
10.824,0.0027004838403357793,0.0026995771989083645,0.0013652698340285523,0.0013352140063072268
10.836,0.0027067365685433252,0.0027083493483038897,0.0013683547936327453,0.00133838177491058
10.848,0.002712598944585174,0.0027145731621398923,0.0013712440407083618,0.0013413549038768125
10.86,0.0027180692637992637,0.002717785316015328,0.001373937159672052,0.0013441321041272117
10.872,0.0027231459892696984,0.002720862966244125,0.001376433763073801,0.0013467122261958974
10.884,0.002727830462580719,0.002726355071735329,0.0013787334916524818,0.0013490969709282373
10.896,0.0027321195186533103,0.0027332310386301295,0.0013808360143873625,0.001351283504265948
10.908,0.0027360147163201965,0.0027381928286677455,0.0013827410285455679,0.0013532736877746286
10.92,0.002739514265603509,0.002739878941495087,0.0013844482597254793,0.0013550660058780297
10.932,0.002742618239235786,0.0027406005030880757,0.001385957461896074,0.0013566607773397123
10.944,0.0027453259553259835,0.0027433948258412575,0.0013872684174321933,0.0013580575378937902
10.956,0.002747637441007285,0.0027481520352259326,0.00138838093714574,0.0013592565038615455
10.968,0.0027495517934327616,0.0027517536295443893,0.001389294860312795,0.0013602569331199663
10.98,0.002751069019490367,0.0027520476492661383,0.0013900100546966516,0.001361058964793715
10.992,0.0027521890300492118,0.0027505927650950165,0.001390526416566765,0.0013616626134824465
11.004,0.0027529124289623025,0.0027506717038614766,0.0013908438707136129,0.0013620685582486896
11.016,0.0027532370433822504,0.0027531056207404435,0.0013909623704594664,0.0013622746729227842
11.028,0.002753164202382516,0.0027552060429296985,0.0013908818976650678,0.0013622823047174481
11.04,0.002752693435614682,0.0027542018905735775,0.0013906024627322155,0.0013620909728824667
11.052,0.002751825428428544,0.002750773061674561,0.0013901241046022576,0.001361701323826286
11.064,0.0027505605490909563,0.002748184704957415,0.001389446890750488,0.0013611136583404682
11.076,0.0027488975215473254,0.0027481246470921652,0.0013885709171764567,0.001360326604370869
11.088,0.0027468382761394543,0.00274855084690254,0.0013874963083901801,0.0013593419677492742
11.1,0.002744382506825658,0.0027462944112440703,0.001386223217394272,0.0013581592894313856
11.112,0.0027415301971951992,0.00274110048167221,0.0013847518256619813,0.0013567783715332181
11.124,0.0027382818732926122,0.002735954656145753,0.0013830823431111498,0.0013551995301814622
11.136,0.0027346385134465138,0.0027332774587985665,0.0013812150080740892,0.0013534235053724248
11.148,0.002730600144714976,0.0027318381781472768,0.001379150087263382,0.0013514500574515935
11.16,0.0027261671207244077,0.0027283236999920825,0.0013768878757336152,0.0013492792449907923
11.172,0.0027213403498235417,0.002721563356119882,0.0013744286968390468,0.0013469116529844947
11.184,0.002716121493529464,0.0027140232621767906,0.0013717729021872117,0.0013443485913422525
11.196,0.00271050982120557,0.002708663695766845,0.0013689208715884807,0.0013415889496170893
11.208,0.0027045071980296457,0.0027051653615015833,0.0013658730130015693,0.0013386341850280766
11.22,0.0026981138504785693,0.002700336503042555,0.0013626297624750154,0.001335484088003554
11.232,0.002691331493572697,0.0026921831104476436,0.0013591915840846193,0.0013321399094880777
11.244,0.002684160158039893,0.002682453208894284,0.001355558969866873,0.00132860118817302
11.256,0.002676600831163083,0.0026744103076980987,0.0013517324397483775,0.0013248683914147054
11.268,0.002668655685170984,0.0026686736765571904,0.0013477125414712535,0.0013209431436997303
11.28,0.002660324968150821,0.0026624291937497515,0.0013434998505145737,0.0013168251176362477
11.292,0.002651610272684832,0.0026530181872060957,0.0013390949700118036,0.0013125153026730286
11.304,0.0026425128187903923,0.002641329300789555,0.0013344985306642915,0.0013080142881261008
11.316,0.0026330338664031193,0.002630668085887058,0.0013297111906507904,0.001303322675752329
11.328,0.0026231743573456763,0.002622544303200253,0.0013247336355330511,0.0012984407218126254
11.34,0.0026129370067687046,0.0026147478677354358,0.0013195665781574745,0.0012933704286112303
11.352,0.0026023220032089576,0.0026041677045589035,0.0013142107585528684,0.0012881112446560892
11.364,0.0025913312181079966,0.0025907605207208073,0.0013086669438242863,0.0012826642742837103
11.376,0.002579966536977442,0.002577608967320868,0.0013029359280430021,0.0012770306089344402
11.388,0.002568229433888752,0.0025669937444297605,0.0012970185321325965,0.001271210901756156
11.4,0.002556121030594355,0.002557487126488037,0.0012909156037512154,0.0012652054268431398
11.412,0.0025436437947656118,0.0025457745269363485,0.0012846280171699724,0.0012590157775956396
11.424,0.0025307996643047052,0.0025308828159948406,0.0012781566731475495,0.0012526429911571555
11.436,0.002517590010136763,0.0025154242946715823,0.0012715024988009915,0.0012460875113357718
11.448,0.0025040164310815806,0.0025022690574410243,0.0012646664474727216,0.0012393499836088587
11.46,0.002490082582473593,0.0024908876079176713,0.0012576494985938008,0.0012324330838797924
11.472,0.002475788765983872,0.00247802746144934,0.0012504526575434335,0.0012253361084404383
11.484,0.002461137166270314,0.0024618623469748763,0.001243076955504765,0.0012180602107655487
11.496,0.002446130200994605,0.0024443241298048243,0.0012355234493169691,0.0012106067516776356
11.508,0.0024307706934576954,0.0024286432302499015,0.0012277932213236652,0.00120297747213403
11.52,0.002415059379228838,0.002415232413493962,0.001219887379217659,0.0011951720000111788
11.532,0.0023989998985639365,0.0024011623540145383,0.0012118070558820777,0.0011871928426818589
11.544,0.002382593912439529,0.002383898887556691,0.0012035534092278588,0.00117904050321167
11.556,0.002365843936252684,0.0023645376246574884,0.0011951276220276796,0.0011707163142250046
11.568,0.002348752336681368,0.002346411020513208,0.0011865309017462901,0.001162221434935078
11.58,0.0023313221673553564,0.002330842660977421,0.0011777644803673416,0.0011535576869880148
11.592,0.0023135543965191268,0.002315461937894681,0.001168829614216661,0.0011447247823024658
11.604,0.0022954534019174896,0.0022972290451147024,0.0011597275837820656,0.001135725818135424
11.616,0.0022770210158021874,0.002276314359371444,0.0011504596935296837,0.001126561322272504
11.628,0.0022582593887305455,0.0022558855273684887,0.0011410272717168632,0.001117232117013682
11.64,0.0022391719160152613,0.002238072453055228,0.0011314316702016544,0.001107740245813607
11.652,0.002219760969769431,0.002221254378176452,0.001121674264248903,0.001098086705520528
11.664,0.0022000295775645553,0.002202128972594862,0.0011117564523329966,0.0010882731252315585
11.676,0.0021799807075183805,0.002179926470930936,0.0011016796559372784,0.0010783010515811018
11.688,0.0021596165083163487,0.0021573956997376826,0.0010914453193501634,0.0010681711889661853
11.7,0.0021389408399260217,0.002137303590523613,0.0010810549094579752,0.0010578859304680465
11.712,0.0021179564786961503,0.0021189105514411587,0.0010705099155345517,0.0010474465631615984
11.724,0.002096665767423327,0.0020989162770384583,0.001059811849027636,0.0010368539183956908
11.736,0.002075072468698983,0.0020756713232542865,0.0010489622433420907,0.0010261102253568927
11.748,0.0020531797007080363,0.0020512849010319734,0.0010379626536199523,0.001015217047088084
11.76,0.0020309903024258707,0.002028940370933555,0.0010268146565173815,0.0010041756459084894
11.772,0.002008507386838009,0.0020088401928015052,0.0010155198499785178,0.0009929875368594912
11.784,0.0019857342384993993,0.001987950884431795,0.0010040798530062927,0.0009816543854931068
11.796,0.001962674540661025,0.00196387441756655,0.0009924963054302044,0.0009701782352308206
11.808,0.001939331066085776,0.0019379105572720015,0.0009807708676711237,0.0009585601984146522
11.82,0.0019157078791017619,0.001913404798867284,0.0009689052205031364,0.0009468026585986255
11.832,0.0018918075664250166,0.0018914871252454894,0.0009569010648124683,0.0009349065016125483
11.844,0.0018676342339161976,0.0018696346960267796,0.0009447601213535364,0.0009228741125626611
11.856,0.0018431904626760559,0.0018448922141663419,0.0009324841305021185,0.0009107063321739374
11.868,0.0018184812664770581,0.0018176448207592177,0.0009200748520057603,0.0008984064144712978
11.88,0.001793509011824632,0.0017911324934190345,0.0009075340647313508,0.0008859749470932811
11.892,0.0017682770459231923,0.0017673238521376659,0.0008948635664099982,0.0008734134795131942
11.904,0.0017427902831806254,0.0017444099601485602,0.0008820651733791604,0.0008607251098014649
11.916,0.0017170515790009924,0.001719114535664392,0.0008691407203221552,0.0008479108586788371
11.928,0.0016910641752397614,0.0016908760922545979,0.0008560920600049892,0.0008349721152347724
11.94,0.0016648328749645583,0.0016625695152802022,0.0008429210630106351,0.0008219118119539232
11.952,0.001638361046187315,0.0016368458376010127,0.0008296296174707142,0.0008087314287166006
11.964,0.0016116517447217074,0.0016127563789596546,0.0008162196287947085,0.0007954321159269989
11.976,0.001584710474446398,0.0015869662475612805,0.0008026930193966473,0.0007820174550497507
11.988,0.001557539086941697,0.0015580111682964887,0.0007890517284193958,0.0007684873585223012
12.0,0.0015301433945540087,0.0015281702551266693,0.0007752977114565029,0.0007548456830975059
