-15.0,0.003504604674521642,0.0001916972823784984
-14.985,0.003720560498149554,0.00028216600579941426
-14.97,0.003907066285939877,0.00035823678084783523
-14.955,0.004062657921836744,0.0004191676913110577
-14.94,0.004186119923382924,0.00046434157764645026
-14.925,0.004276496943326797,0.0004932726010772243
-14.91,0.004333097218262817,0.0005056061027083033
-14.895,0.004355502933837259,0.0005011260507505415
-14.88,0.004343571102696385,0.00047975458709383686
-14.865,0.004297434495550782,0.00044155225312216993
-14.85,0.004217499311764735,0.00038671648970762997
-14.835,0.004104446664875427,0.0003155846594051887
-14.82,0.003959219731065769,0.00022862426169249078
-14.805,0.0037830221541316597,0.00012643505840240384
-14.79,0.0035773065335004215,9.74253017605375e-6
-14.775,0.0033437581511851873,-0.00012061228647137177
-14.76,0.0030842885083650576,-0.0002636725525414648
-14.745,0.0028010159061256446,-0.0004183771833830771
-14.73,0.0024962452920362496,-0.0005835723140988087
-14.715,0.00217245780050842,-0.0007580125250511173
-14.7,0.001832279714793441,-0.0009403816677149789
-14.685,0.0014784713407467013,-0.0011292933713149959
-14.67,0.0011138989486265138,-0.001323307908161879
-14.655,0.0007415112230206833,-0.0015209441433771064
-14.64,0.0003643200906647289,-0.0017206867496016064
-14.625,-1.4630969041437405e-5,-0.0019210056941437162
-14.61,-0.00039228445215388374,-0.0021203614154772176
-14.595,-0.0007655978336064377,-0.0023172216165229494
-14.58,-0.0011315674245480944,-0.002510072698280091
-14.565,-0.0014872501857175855,-0.0026974294773421258
-14.55,-0.0018297942660166731,-0.0028778538672235457
-14.535,-0.002156452675685558,-0.0030499570925339842
-14.52,-0.002464611249522538,-0.003212416633020627
-14.505,-0.0027518106611271903,-0.003363987560950274
-14.49,-0.0030157627219782805,-0.003503509159614881
-14.475,-0.0032543713935927845,-0.003629916694717083
-14.46,-0.0034657487172207895,-0.0037422489182742246
-14.445,-0.003648227915094333,-0.0038396537289525742
-14.43,-0.0038003813362427166,-0.003921399350426403
-14.415,-0.003921028853264391,-0.003986877291925398
-14.4,-0.004009247109117823,-0.004035606721267541
-14.385,-0.004064378008163218,-0.00406723953057678
-14.37,-0.004086032563075067,-0.004081561572734099
-14.355,-0.004074095204883978,-0.004078495619368284
-14.34,-0.004028724339476914,-0.004058101546720718
-14.325,-0.003950350075426838,-0.004020574937674351
-14.31,-0.0038396723069685475,-0.003966247070818772
-14.295,-0.00369764958006923,-0.0038955767316486856
-14.28,-0.0035254997896987665,-0.0038091549891978173
-14.265,-0.0033246826543493974,-0.0037076929361379695
-14.25,-0.0030968908680085623,-0.0035920186783708922
-14.235,-0.002844034732982877,-0.003463069277720456
-14.22,-0.002568228793197884,-0.0033218850563085053
-14.205,-0.002271772217073017,-0.0031695989698971114
-14.19,-0.0019571312377656765,-0.0030074283293271315
-14.175,-0.00162691566279361,-0.0028366616421442413
-14.16,-0.001283865377194295,-0.002658655750407034
-14.145,-0.0009308171790824949,-0.0024748140633541376
-14.13,-0.000570691974351444,-0.0022865853262966623
-14.115,-0.00020646162040883654,-0.0020954424672089645
-14.1,0.00015886799214676097,-0.0019028778998259853
-14.085,0.0005222858708716435,-0.0017103869833764965
-14.07,0.0008807987000656698,-0.0015194574001191848
-14.055,0.0012314537265257128,-0.001331558854339862
-14.04,0.0015713695863534861,-0.0011481239838049108
-14.025,0.0018977517348013507,-0.0009705450221374433
-14.01,0.002207918721463554,-0.0008001587824603474
-13.995,0.0024993238552506306,-0.0006382360165294804
-13.98,0.002769577736670026,-0.0004859692695782466
-13.965,0.003016464971256181,-0.00034446603141899965
-13.95,0.003237963088785065,-0.00021473873148849252
-13.935,0.003432261137520168,-9.769453221379317e-5
-13.92,0.0035977687479719243,5.866543066846905e-6
-13.905,0.0037331380341113964,9.526678388743206e-5
-13.89,0.0038372659002398222,0.00016994778343133992
-13.875,0.003909307163351118,0.00022947900949965181
-13.86,0.0039486804147879145,0.0002735602758889436
-13.845,0.003955075831867586,0.0003020271589113245
-13.83,0.003928452068384132,0.00031484674334697656
-13.815,0.0038690401695338824,0.00031212125753413275
-13.8,0.0037773427405465823,0.00029408838766864596
-13.785,0.003654124098719092,0.00026111340235413514
-13.77,0.003500411067153535,0.00021369320513889897
-13.755,0.003317481583478129,0.0001524490997974826
-13.74,0.003106851941436865,7.81194022149486e-5
-13.725,0.0028702687893599906,-8.442420772612497e-6
-13.71,0.0026096891285707427,-0.00010628052444969704
-13.695,0.002327271456057396,-0.0002143373605893277
-13.68,0.0020253527932183983,-0.00033146799059382377
-13.665,0.0017064296907046159,-0.000456449376074959
-13.65,0.001373141370864997,-0.00058798685723936
-13.635,0.0010282437821279764,-0.0007247294178089618
-13.62,0.0006745917248370223,-0.0008652761463674232
-13.605,0.00031511032975809454,-0.00100819298385623
-13.59,-4.7223714628599194e-5,-0.001152019522468025
-13.575,-0.000409410877754628,-0.0012952855029831887
-13.56,-0.0007684512185130951,-0.001436520849936318
-13.545,-0.0011213681499232684,-0.001574267003332763
-13.53,-0.0014652348990831343,-0.001707091382133954
-13.515,-0.0017971974477636915,-0.001833598024331489
-13.5,-0.0021144975050515448,-0.0019524389022608554
-13.485,-0.0024144956732465037,-0.0020623257298201564
-13.47,-0.002694692583126028,-0.002162040097347436
-13.455,-0.002952750747567961,-0.0022504451862728897
-13.44,-0.0031865118357532218,-0.002326493233642361
-13.425,-0.0033940157404463637,-0.002389235686345588
-13.41,-0.0035735160094714394,-0.0024378305071195774
-13.395,-0.003723494715206664,-0.0024715498586638978
-13.38,-0.0038426753947030444,-0.0024897866024636843
-13.365,-0.00393003239263042,-0.0024920583707245475
-13.35,-0.00398480007031936,-0.0024780124211668847
-13.335,-0.004006478077141332,-0.002447427622971448
-13.32,-0.003994837880374423,-0.0024002188414081163
-13.305,-0.003949924067453157,-0.002336437214019424
-13.29,-0.0038720527670010256,-0.002256268447229679
-13.275,-0.003761810351867338,-0.0021600328886672644
-13.26,-0.0036200470478707373,-0.0020481811746808297
-13.245,-0.003447874576826339,-0.0019212954046074386
-13.23,-0.0032466520348543955,-0.0017800792441861149
-13.215,-0.003017978356924495,-0.0016253559026464953
-13.2,-0.0027636791212699513,-0.0014580613683288074
-13.185,-0.002485787348000515,-0.0012792324039891528
-13.17,-0.0021865372432956585,-0.0010900085937741142
-13.155,-0.001868335309621842,-0.0008916123444571956
-13.14,-0.0015337442350205847,-0.0006853425902433574
-13.125,-0.0011854661649893046,-0.0004725683050990949
-13.11,-0.0008263177796683686,-0.0002547145744669268
-13.095,-0.00045920526706078957,-3.3249027539805675e-5
-13.08,-8.710593725948072e-5,0.0001903249211885565
-13.065,0.00028696120127055303,0.0004144852952455577
-13.05,0.000659957157257271,0.0006377010830619986
-13.035,0.001028848301483377,0.0008584452987069374
-13.02,0.0013906290048001028,0.0010752050439829174
-13.005,0.0017423501149163693,0.0012864981390749205
-12.99,0.002081140299205005,0.0014908820649053936
-12.975,0.002404228776349164,0.0016869653227651804
-12.96,0.0027089693863417354,0.0018734200227921
-12.945,0.0029928629564767695,0.002048993440215238
-12.93,0.0032535730832401275,0.0022125137242227913
-12.915,0.003488954495870108,0.0023629085713767666
-12.9,0.003697059144908604,0.0024992025133299834
-12.885,0.0038761597018778524,0.0026205325600208453
-12.87,0.0040247606706688725,0.002726152027735765
-12.855,0.004141614622532671,0.002815440717261918
-12.84,0.004225727047701432,0.002887904502977866
-12.825,0.0042763654004056,0.0029431803131549656
-12.81,0.004293070587704111,0.002981044461588457
-12.795,0.004275655657931507,0.0030014093367101567
-12.78,0.004224207079924022,0.0030043238042632633
-12.765,0.004139089079105389,0.002989977769097283
-12.75,0.004020935221706174,0.0029586950733565083
-12.735,0.003870646736259615,0.0029109343258153933
-12.72,0.0036893878605758776,0.0028472874964375716
-12.705,0.0034785671322887725,0.002768466237837519
-12.69,0.003239838347703623,0.002675307912093982
-12.675,0.0029750784298853503,0.0025687603381623183
-12.66,0.0026863749000879656,0.002449876663199733
-12.645,0.002376012492420083,0.0023198102704701765
-12.63,0.0020464479113024465,0.002179798545432888
-12.615,0.001700298411345677,0.0020311615304625607
-12.6,0.0013403115204769418,0.0018752818580575715
-12.585,0.0009693519121972555,0.0017136027906295222
-12.57,0.0005903726008187405,0.0015476107577623343
-12.555,0.0002063923925537439,0.0013788248562513934
-12.54,-0.00017952943637268193,0.0012087833563474407
-12.525,-0.000564312827887444,0.0010390365311406125
-12.51,-0.0009448885659822083,0.0008711272672407621
-12.495,-0.0013182181862401734,0.0007065835132371518
-12.48,-0.0016813213568462164,0.000546903068771896
-12.465,-0.002031299456298262,0.00039354208451703896
-12.45,-0.0023653547019989586,0.00024790741810873634
-12.435,-0.0026808205835986507,0.00011133762576633933
-12.42,-0.0029751764990496874,-1.490114671617122e-5
-12.405,-0.0032460717685596804,-0.00012962891301778693
-12.39,-0.0034913438604985054,-0.00023176067119992606
-12.375,-0.003709033764297491,-0.0003203130612578187
-12.36,-0.0038974044915998226,-0.000394415077230181
-12.345,-0.004054955677029303,-0.0004533155985716438
-12.33,-0.0041804316107124095,-0.00049638545520511
-12.315,-0.004272836101843223,-0.0005231272081228878
-12.3,-0.004331435822079417,-0.0005331745637347776
-12.285,-0.004355770400918658,-0.0005262994484766222
-12.27,-0.0043456542358458385,-0.0005024121171883491
-12.255,-0.004301179104748872,-0.00046156284996217095
-12.24,-0.004222709277828773,-0.00040393770252425583
-12.225,-0.004110884025434196,-0.00032986219745339933
-12.21,-0.003966609698319579,-0.00023979631459204905
-12.195,-0.0037910530834984126,-0.00013433126241001528
-12.18,-0.0035856306803206004,-1.4183676087740123e-5
-12.165,-0.0033519990649846453,0.00011980844385600133
-12.15,-0.003092039679524214,0.00026669415485122347
-12.135,-0.0028078439368317077,0.0004254169813394499
-12.12,-0.0025017002122317503,0.0005948192948363349
-12.105,-0.0021760676312800953,0.0007736595414966178
-12.09,-0.0018335625991141697,0.0009606155288195799
-12.075,-0.0014769351427944108,0.0011542977486979121
-12.06,-0.0011090471847091114,0.0013532599271851627
-12.045,-0.0007328503125409216,0.0015560097528026359
-12.03,-0.00035135840364583726,0.0017610243039387808
-12.015,3.237154629933633e-5,0.0019667571897677605
-12.0,0.000415268560148837,0.0021716553333685764
-11.985,0.0007942700647270234,0.0023741689469954264
-11.97,0.0011663470907227105,0.0025727645647103748
-11.955,0.0015285305225451232,0.0027659389470568465
-11.94,0.0018779303796384937,0.002952226632577255
-11.925,0.0022117648619955277,0.003130217199759437
-11.91,0.0025273784738664845,0.0032985623481038427
-11.895,0.0028222657587813455,0.0034559890185755786
-11.88,0.003094091400465365,0.0036013094529119914
-11.865,0.003340707002786701,0.003733428511961299
-11.85,0.003560170094507654,0.003851354317607334
-11.835,0.0037507586474379113,0.003954204909240559
-11.82,0.00391098733173249,0.004041217764855037
-11.805,0.004039616902134706,0.004111753167070264
-11.79,0.004135663021707954,0.004165298360631321
-11.775,0.00419840729385962,0.004201474554986637
-11.76,0.0042274013764880556,0.004220038382926274
-11.745,0.00422246968925626,0.0042208829354190075
-11.73,0.004183713243439247,0.004204041070653424
-11.715,0.004111503689005778,0.0041696799265816716
-11.7,0.004006485661399837,0.004118105024510332
-11.685,0.00386956823347203,0.004049754423443165
-11.67,0.0037019168983014176,0.003965194663592522
-11.655,0.0035049478941067713,0.003865119762102628
-11.64,0.0032803095818912348,0.0037503386884126405
-11.625,0.0030298753617552555,0.0036217749434889843
-11.61,0.0027557273994908166,0.003480458168554181
-11.595,0.002460135694359548,0.0033275116580544603
-11.58,0.0021455418715724977,0.003164145569090035
-11.565,0.0018145409165130977,0.0029916486211613294
-11.55,0.0014698561105651814,0.002811373744082797
-11.535,0.0011143219810383438,0.0026247321249484863
-11.52,0.0007508551521018982,0.002433175673565796
-11.505,0.00038243522327780383,0.0022381898486210066
-11.49,1.2078960275562565e-5,0.0020412799508063347
-11.475,-0.0003571863668353636,0.001843956838578915
-11.46,-0.0007223432653630484,0.0016477289675474874
-11.445,-0.0010804126125858204,0.0014540861088064515
-11.43,-0.0014284749003925022,0.0012644902491266339
-11.415,-0.0017636966102636041,0.0010803610392792187
-11.4,-0.0020833527725884287,0.000903064851218654
-11.385,-0.0023848450220525343,0.0007339076862113688
-11.37,-0.002665729304374069,0.0005741181289513246
-11.355,-0.0029237317122763665,0.00042484135929493714
-11.34,-0.0031567680386630375,0.000287128830332412
-11.325,-0.003362957696073307,0.00016193276602210604
-11.31,-0.0035406449695462856,5.009256479139145e-5
-11.295,-0.0036884075244749824,-4.766707782629482e-5
-11.28,-0.003805069449799382,-0.00013074355418610456
-11.265,-0.0038897095252204686,-0.00019865973536082552
-11.25,-0.003941673074747101,-0.000251072327608974
-11.235,-0.003960569241190786,-0.00028776642945589886
-11.22,-0.003946282682124606,-0.0003086658658376521
-11.205,-0.003898969725429623,-0.0003138288291516249
-11.19,-0.0038190545028084525,-0.0003034449427272595
-11.175,-0.0037072318222159052,-0.00027783972018472717
-11.16,-0.003564457554216178,-0.00023746811583655976
-11.145,-0.0033919407549490802,-0.00018291051525455397
-11.13,-0.0031911337599283586,-0.00011486796592924007
-11.115,-0.0029637216438971525,-3.4157583883195636e-5
-11.1,-0.002711605667563682,5.8296989812593215e-5
-11.085,-0.0024368907844750667,0.00016147014251254987
-11.07,-0.0021418679517813924,0.00027424336423409554
-11.055,-0.0018289917906578038,0.0003954181056483731
-11.04,-0.0015008644583683732,0.000523721776298174
-11.025,-0.0011602129606346004,0.0006578196834035727
-11.01,-0.00080986568343033,0.0007963273265712606
-10.995,-0.0004527313457415461,0.0009378196502740695
-10.98,-9.17739274527405e-5,0.0010808443907907386
-10.965,0.0002700124864606253,0.001223934705535013
-10.95,0.0006296263739284936,0.001365619817883056
-10.935,0.000984083417372919,0.0015044370938621099
-10.92,0.0013304433009683112,0.0016389466744741337
-10.905,0.0016658310835564083,0.0017677406809740216
-10.89,0.0019874632730008256,0.0018894574301318923
-10.875,0.0022926672410242092,0.0020027895517226385
-10.86,0.0025789049527900074,0.0021064964241693136
-10.845,0.0028437971752311737,0.0021994181867945914
-10.83,0.0030851368386847823,0.00228047918274587
-10.815,0.0033009096042515705,0.0023486993467839177
-10.8,0.0034893130374176735,0.00240320516828122
-10.785,0.0036487669826920726,0.002443232654359796
-10.77,0.0037779304559330024,0.0024681374933858994
-10.755,0.003875709604739806,0.0024773975888001815
-10.74,0.00394126990075029,0.0024706206198577413
-10.725,0.003974038566803059,0.0024475431011361528
-10.71,0.003973713273339408,0.002408036470352261
-10.695,0.0039402657606623205,0.0023521095140079627
-10.68,0.0038739363539131806,0.002279902615339724
-10.665,0.0037752363062084652,0.0021916910245854872
-10.65,0.0036449450400301603,0.0020878841138348325
-10.635,0.003484098978241665,0.001969017286720448
-10.62,0.0032939893215841124,0.0018357539313135457
-10.605,0.003076147071555833,0.001688875632778716
-10.59,0.0028323297339954085,0.0015292750663138386
-10.575,0.00256451209804895,0.001357953840209961
-10.56,0.002274866351999117,0.00117601071572538
-10.545,0.0019657459748066786,0.0009846342042941064
-10.53,0.0016396656955355257,0.0007850921522261096
-10.515,0.001299280830256995,0.0005787212613342092
-10.5,0.0009473676311208698,0.0003669182850107878
-10.485,0.0005867987579221787,0.00015112674412435379
-10.47,0.00022052156654168794,-6.717306343314333e-5
-10.455,-0.0001484693600458074,-0.0002864794309514737
-10.44,-0.000517151652555892,-0.0005052766432143402
-10.425,-0.0008825037342196655,-0.000722051057823281
-10.41,-0.001241526368712663,-0.0009353003669100586
-10.395,-0.0015912711897616454,-0.0011435499423969088
-10.38,-0.0019288600512730087,-0.001345359964060318
-10.365,-0.0022515124521815286,-0.0015393412510647012
-10.35,-0.002556565459306805,-0.0017241636594906634
-10.335,-0.0028414964602782975,-0.0018985679296458402
-10.32,-0.0031039455865680956,-0.002061377854406462
-10.305,-0.0033417310251922473,-0.002211505700525548
-10.29,-0.0035528709659089206,-0.002347965405064012
-10.275,-0.0037355978975331275,-0.0024698785175863965
-10.26,-0.0038883728510094103,-0.0025764811441155696
-10.245,-0.004009898524123818,-0.00266713079295928
-10.23,-0.004099130537471545,-0.002741312137855132
-10.215,-0.004155285906568613,-0.00279864108108374
-10.2,-0.0041778477810757155,-0.002838866269993065
-10.185,-0.004166573145864224,-0.0028618744142438345
-10.17,-0.004121493635363721,-0.0028676900634674665
-10.155,-0.0040429120203140986,-0.002856472019752168
-10.14,-0.003931405251697462,-0.002828517525737131
-10.125,-0.0037878178439676494,-0.002784257676389343
-10.11,-0.0036132540192383876,-0.0027242530446478074
-10.095,-0.003409071226275941,-0.002649191325600279
-10.08,-0.0031768667168039794,-0.0025598794989663267
-10.065,-0.00291846592744799,-0.00245723830538556
-10.05,-0.002635908242869256,-0.0023422954650113717
-10.035,-0.0023314324117199997,-0.002216179121974419
-10.02,-0.002007454190815796,-0.002080104495249866
-10.005,-0.0016665499356105517,-0.0019353670358149512
-9.99,-0.0013114350472985634,-0.0017833313913597948
-9.975,-0.000944941267883829,-0.0016254193605884494
-9.96,-0.0005699968664590255,-0.0014631016584534594
-9.945,-0.00018959978765942318,-0.0012978827191926852
-9.93,0.00019320708847330765,-0.0011312880097086293
-9.915,0.00057535626111225,-0.0009648560143373896
-9.9,0.0009537847602120044,-0.0008001214612645993
-9.885,0.0013254557338213298,-0.0006386059682780506
-9.87,0.0016873856635601782,-0.00048180312014906414
-9.855,0.0020366674049336546,-0.0003311674955581304
-9.84,0.0023704925889496114,-0.00018810394371230818
-9.825,0.0026861754653256915,-5.395514687882297e-5
-9.81,0.0029811743917767825,7.000911251544856e-5
-9.795,0.0032531137647127226,0.00018260360379063244
-9.78,0.0034998005560202407,0.0002827344996857656
-9.765,0.0037192445431053246,0.00036941081637842984
-9.75,0.003909671054094539,0.00044174910254900397
-9.735,0.004069540924666615,0.0004989861058447257
-9.72,0.004197557669931896,0.0005404799271619878
-9.705,0.0042926819769946185,0.0005657189951650638
-9.69,0.004354135341895127,0.0005743216740854446
-9.675,0.004381409749465688,0.0005660426375146848
-9.66,0.0043742755027859305,0.0005407787124392135
-9.645,0.004332774784407501,0.0004985613982879458
-9.63,0.004257225929619548,0.00043956131740975233
-9.615,0.004148222615209161,0.00036408865215389235
-9.6,0.004006624481317708,0.00027258606389815587
-9.585,0.0038335557225798373,0.00016563085589933182
-9.57,0.003630390760847065,4.3924917502552105e-5
-9.555,0.0033987464684566947,-9.170734626670748e-5
-9.54,0.003140467222754018,-0.00024032754631970587
-9.525,0.0028576124373690098,-0.00040088847889742764
-9.51,0.002552437205179824,-0.0005722450346410486
-9.495,0.002227377132559955,-0.0007531604484412925
-9.48,0.0018850245151037259,-0.0009423203472356636
-9.465,0.0015281112884598515,-0.0011383392650979028
-9.45,0.0011594864575381208,-0.0013397723716781207
-9.435,0.0007820906998763701,-0.0015451294031525909
-9.42,0.00039893497108271444,-0.0017528841598017293
-9.405,1.3074038702819687e-5,-0.0019614890203119868
-9.39,-0.00037241430830164843,-0.0021693833489361157
-9.375,-0.000754458487530892,-0.0023750103875572895
-9.36,-0.0011300151221000894,-0.002576827033280859
-9.345,-0.0014960945377045082,-0.0027733169834480934
-9.33,-0.0018497860247350503,-0.002963004082511274
-9.315,-0.0021882773951743748,-0.0031444602463123637
-9.3,-0.0025088822063145796,-0.0033163212870423236
-9.285,-0.002809058916337076,-0.003477295460710702
-9.27,-0.0030864316549106814,-0.0036261740472413877
-9.255,-0.00333881049522156,-0.0037618420310525907
-9.24,-0.0035642060480224583,-0.003883284033458481
-9.225,-0.003760849026253934,-0.003989595965823265
-9.21,-0.003927202582674128,-0.004079990280581806
-9.195,-0.004061975270468635,-0.004153802882048791
-9.18,-0.004164130585162,-0.004210497586731169
-9.165,-0.004232893838627808,-0.004249668830092464
-9.15,-0.004267762882224607,-0.00427104951615194
-9.135,-0.004268508874750369,-0.004274509788640114
-9.12,-0.0042351753144507535,-0.004260055322393324
-9.105,-0.004168084399019419,-0.00422783394855602
-9.09,-0.004067827227221293,-0.004178127319173081
-9.075,-0.0039352630175763246,-0.004111352618966448
-9.06,-0.003771511700992536,-0.004028058744135619
-9.045,-0.003577943128062635,-0.003928920247115926
-9.03,-0.0033561669165548965,-0.003814732720252553
-9.015,-0.003108018362801901,-0.0036864054398410406
-9.0,-0.0028355438292916608,-0.00354495422769561
-8.985,-0.002540986756003012,-0.0033914958711538847
-8.97,-0.002226763369952853,-0.003227233049225603
-8.955,-0.0018954477285260288,-0.0030534491623712915
-8.94,-0.001549751119239181,-0.002871498356215298
-8.925,-0.0011924950886735514,-0.0026827894625734415
-8.91,-0.0008265957379811617,-0.0024887819647331066
-8.895,-0.0004550316486358009,-0.0022909655975784727
-8.88,-8.082576267485543e-5,-0.0020908545115098324
-8.865,0.00029297892067759113,-0.0018899751696623644
-8.85,0.000663350434970864,-0.0016898476284351338
-8.835,0.0010272826793950298,-0.0014919830370230393
-8.82,0.0013818303648091461,-0.0012978608434612397
-8.805,0.001724126732524696,-0.0011089230497755632
-8.79,0.002051404371280913,-0.0009265650154401078
-8.775,0.00236102597967894,-0.0007521158062642557
-8.76,0.0026504972827568513,-0.000586836079697269
-8.745,0.0029174939053565737,-0.00043190109802619583
-8.73,0.0031598744824835067,-0.0002883971999419967
-8.715,0.0033757021424301275,-0.00015730876126302537
-8.7,0.003563258686398121,-3.951193559203299e-5
-8.685,0.0037210566707123636,6.423067773047133e-5
-8.67,0.0038478564137376563,0.00015328096110579
-8.655,0.003942669339357567,0.0002271237620190443
-8.64,0.004004769784875411,0.0002853747876178799
-8.625,0.004033702228275884,0.0003277850230109184
-8.61,0.0040292799615079394,0.0003542376071242826
-8.595,0.003991591901813991,0.0003647541133644473
-8.58,0.003920996570064387,0.0003594889252933522
-8.565,0.0038181223428358437,0.00033873111075192596
-8.55,0.0036838617351875494,0.0003029014752476233
-8.535,0.0035193638729757487,0.000252548671338575
-8.52,0.003326023363147255,0.0001883430003633631
-8.505,0.0031054707537430536,0.00011107261783500607
-8.49,0.0028595580151582175,2.163581935015835e-5
-8.475,0.0025903451000097904,-7.896470017181413e-5
-8.46,0.0023000796177266368,-0.00018963371280663168
-8.445,0.001991182232509391,-0.00030918871618474016
-8.43,0.0016662240108180812,-0.0004363726086063129
-8.415,0.0013279051915159725,-0.0005698643024020329
-8.4,0.0009790362834722316,-0.0007082865856722028
-8.385,0.0006225130420879605,-0.0008502194528387444
-8.37,0.00026128921873847443,-0.0009942154885204078
-8.355,-0.00010163951894104515,-0.0011388038341222822
-8.34,-0.00046326931029626447,-0.0012825115727608518
-8.325,-0.0008206044838961493,-0.0014238676761682903
-8.31,-0.0011706870120589425,-0.0015614203106051926
-8.295,-0.001510620542100624,-0.0016937485859312906
-8.28,-0.0018375913730942352,-0.001819471636446379
-8.265,-0.0021488942387460404,-0.0019372629378012238
-8.25,-0.0024419525567402683,-0.002045859309105466
-8.235,-0.0027143408507077356,-0.002144072875384725
-8.22,-0.0029638028354165447,-0.0022307991115351057
-8.205,-0.003188272905227199,-0.00230502904716806
-8.19,-0.003385890094012967,-0.002365854781541849
-8.175,-0.003555013491508643,-0.0024124772157713102
-8.16,-0.003694237366137883,-0.002444214397711799
-8.145,-0.0038024027055456144,-0.0024605073342285457
-8.13,-0.0038786047461529887,-0.002460922691871932
-8.115,-0.003922202160201361,-0.0024451582280364806
-8.1,-0.0039328219319323945,-0.0024130450334691614
-8.085,-0.0039103605768305155,-0.002364547212463975
-8.07,-0.0038549886058059655,-0.0022997657775983196
-8.055,-0.0037671472212400846,-0.0022189361288470137
-8.04,-0.0036475429936519196,-0.0021224244285006065
-8.025,-0.0034971466686941443,-0.002010729231452725
-8.01,-0.0033171800486095,-0.0018844724067464851
-7.995,-0.0031091098600021616,-0.0017443978451624547
-7.98,-0.0028746344352423075,-0.0015913641508275263
-7.965,-0.0026156693618033687,-0.0014263372824905157
-7.95,-0.002334333822798134,-0.0012503845675429285
-7.935,-0.0020329315285657124,-0.0010646643716419085
-7.92,-0.0017139317683540236,-0.000870416452527148
-7.905,-0.001379950640824186,-0.0006689534075409547
-7.89,-0.0010337284645048977,-0.0004616486638954144
-7.875,-0.000678109873951304,-0.00024992779295962634
-7.86,-0.0003160171195959377,-3.525343213006899e-5
-7.845,4.9571460538949414e-5,0.00018088431250972526
-7.83,0.00041564838565138996,0.0003969825350969523
-7.815,0.000779195634543279,0.0006115319369695525
-7.8,0.0011372159484802705,0.0008230357280573771
-7.785,0.0014867544017101678,0.0010300188723459222
-7.77,0.0018249219747023778,0.0012310396637015583
-7.755,0.0021489209685698635,0.0014247031312323267
-7.74,0.0024560658011403332,0.0016096704782745264
-7.725,0.0027438062514317223,0.001784671274974939
-7.71,0.003009748329685059,0.001948513709428622
-7.695,0.003251673818494895,0.002100094498381869
-7.68,0.0034675590554850456,0.002238408292885829
-7.665,0.003655589301268003,0.0023625538653677244
-7.65,0.0038141742982146253,0.0024717419744304716
-7.635,0.003941966289936718,0.002565307010196996
-7.62,0.004037864087805465,0.002642705214564429
-7.605,0.004101026241498687,0.0027035233631177726
-7.59,0.004130876210370862,0.002747480316927566
-7.575,0.004127108650706713,0.0027744308555990994
-7.56,0.00408969164410952,0.002784366464070471
-7.545,0.004018868539097142,0.002777416917626274
-7.53,0.003915151129177814,0.0027538443781880044
-7.515,0.0037793218405313173,0.002714047375487548
-7.5,0.003612425333514247,0.002658555527904729
-7.485,0.0034157580737718143,0.0025880232302607823
-7.47,0.0031908610167402968,0.0025032273938038426
-7.455,0.0029395055043954666,0.002405059561937757
-7.44,0.002663678861514005,0.00229451846473377
-7.425,0.002365570232553071,0.0021727038992238085
-7.41,0.0020475510279726952,0.002040805858729293
-7.395,0.0017121589828175319,0.001900098198695449
-7.38,0.0013620688396084747,0.0017519194126655792
-7.365,0.0010000844473468887,0.0015976755863449847
-7.35,0.0006291050803808722,0.001438817930467458
-7.335,0.0002521077160018123,0.0012768368009569357
-7.32,-0.0001278814822432473,0.0011132451174448593
-7.305,-0.0005078076118179773,0.0009495702034080089
-7.29,-0.0008846126785558766,0.0007873404031753824
-7.275,-0.0012552611815787936,0.000628071941043736
-7.26,-0.0016167662117248702,0.0004732549882671762
-7.245,-0.0019662099509688813,0.0003243453156183411
-7.23,-0.002300769914261886,0.00018274981980573876
-7.215,-0.0026177407756282902,4.981619778396482e-5
-7.2,-0.002914557260932225,-7.31790745461024e-5
-7.185,-0.0031888135394126543,-0.00018503965699825887
-7.17,-0.0034382848467925265,-0.00028466126184530137
-7.155,-0.003660944519763905,-0.00037103963145655727
-7.14,-0.003854977414805265,-0.00044327569860565545
-7.125,-0.004018800537846392,-0.0005005888468983112
-7.11,-0.004151072411942659,-0.0005423198659406437
-7.095,-0.004250702331784103,-0.000567934627093382
-7.08,-0.004316864169732397,-0.0005770334992928751
-7.065,-0.004348999058070204,-0.0005693506077195736
-7.05,-0.004346820963465778,-0.0005447570709860789
-7.035,-0.004310320682285047,-0.0005032638041524966
-7.02,-0.004239765022119781,-0.00044502052044451384
-7.005,-0.00413569109485018,-0.0003703111377585896
-6.99,-0.003998909769441548,-0.00027955919867641774
-6.975,-0.003830492716016445,-0.00017331822485811173
-6.96,-0.003631765921892383,-5.226946746835501e-5
-6.945,-0.0034043007227836744,8.278184641091453e-5
-6.93,-0.0031498960062053658,0.00023091797676664865
-6.915,-0.0028705720144325936,0.0003911076874282544
-6.9,-0.0025685452034552195,0.0005622233099019424
-6.885,-0.002246217766091238,0.0007430423588598643
-6.87,-0.0019061528103249442,0.0009322626793881145
-6.855,-0.0015510563243381016,0.0011285102594418108
-6.84,-0.0011837567797952872,0.0013303487871913922
-6.825,-0.0008071777290714618,0.0015362955779396254
-6.81,-0.00042431954694593075,0.001744828286494294
-6.795,-3.823133344848265e-5,0.0019544008307081405
-6.78,0.00034801163000677994,0.0021634537300084795
-6.765,0.0007313335572699361,0.0023704275140013706
-6.75,0.0011086827537096352,0.0025737748596091686
-6.735,0.0014770558046030202,0.002771972590002012
-6.72,0.001833522813442223,0.0029635349106782788
-6.705,0.0021752499445234935,0.003147024130611872
-6.69,0.0024995224550782855,0.0033210623633962476
-6.675,0.0028037663707943202,0.0034843423572261025
-6.66,0.0030855702505953714,0.0036356388672474675
-6.645,0.003342704229063908,0.003773818172358884
-6.63,0.003573137806785257,0.003897846815473071
-6.615,0.003775054509801245,0.004006798269617738
-6.6,0.003946868990159037,0.004099862755198648
-6.585,0.004087238892072221,0.0041763527597297205
-6.57,0.004195075022285998,0.004235707932374868
-6.555,0.004269551420024974,0.004277500869254655
-6.54,0.004310109252393586,0.00430143770156946
-6.525,0.004316464194164848,0.004307363382178962
-6.51,0.004288607392475354,0.004295261613530843
-6.495,0.004226803291524608,0.0042652526503865465
-6.48,0.00413159339352397,0.004217598344582971
-6.465,0.00400378345891207,0.004152691538260231
-6.45,0.003844443477120462,0.004071059430736545
-6.435,0.0036548975231873986,0.003973357892160714
-6.42,0.003436708453067337,0.003860361523810648
-6.405,0.0031916727140136594,0.0037329649330525147
-6.39,0.0029217975907162358,0.0035921673224827036
-6.375,0.002629292216828472,0.0034390716752038687
-6.36,0.002316545367091973,0.003274871599590608
-6.345,0.0019861048827513267,0.003100840444767083
-6.33,0.0016406620613630205,0.0029183260323158017
-6.315,0.0012830239578297932,0.0027287340053096655
-6.3,0.0009160942004015895,0.0025335199554946597
-6.285,0.0005428497953257477,0.002334178021421238
-6.27,0.00016631328139753162,0.0021322251951002183
-6.255,-0.00021046760846861505,0.001929193155984858
-6.24,-0.0005844479493063077,0.0017266126480860486
-6.225,-0.000952607665492009,0.0015260037932392535
-6.21,-0.0013119773130000568,0.0013288625175045855
-6.195,-0.0016596624160436912,0.001136648169808553
-6.18,-0.001992867951805089,0.0009507708226828481
-6.165,-0.002308915829993881,0.0007725850057336463
-6.15,-0.0026052742748690306,0.0006033711637160196
-6.135,-0.0028795712399740034,0.0004443324162545772
-6.12,-0.003129619466845898,0.000296579055017595
-6.105,-0.0033534287973166757,0.00016112504103059887
-6.09,-0.0035492255628726058,3.887654626664062e-5
-6.075,-0.00371546673299435,-6.9375064072241e-5
-6.06,-0.003850850385000962,-0.00016295752992774798
-6.045,-0.003954328081185035,-0.00024132494925059676
-6.03,-0.004025112512797913,-0.00030406128363264905
-6.015,-0.004062682190569221,-0.0003508819598825406
-6.0,-0.004066789926886345,-0.0003816403454122157
-5.985,-0.0040374594913597074,-0.00039632359837455614
-5.97,-0.003974987208322201,-0.0003950544588885432
-5.955,-0.0038799426293439176,-0.0003780932826097749
-5.94,-0.0037531565940070806,-0.0003458285444221513
-5.925,-0.0035957218537186393,-0.0002987810192889074
-5.91,-0.0034089788912081546,-0.00023759415336991122
-5.895,-0.0031945080221227654,-0.00016303179752099814
-5.88,-0.002954113457357374,-7.596878372532166e-5
-5.865,-0.0026898100684722426,2.261475362660883e-5
-5.85,-0.0024038081409404532,0.00013164035845229056
-5.835,-0.002098491435074887,0.00024994399140504863
-5.82,-0.0017764032881499579,0.00037628017997585355
-5.805,-0.001440219436278799,0.00050933863591079
-5.79,-0.0010927296252658547,0.0006477517094054279
-5.775,-0.0007368166309318972,0.0007901037981162336
-5.76,-0.00037542778853471583,0.0009349480403319063
-5.745,-1.155373040202253e-5,0.0010808154633690076
-5.73,0.0003517950503465898,0.0012262260871633876
-5.715,0.0007116154332091561,0.0013697038502712634
-5.7,0.0010649337361778662,0.001509786328227105
-5.685,0.001408832518172321,0.0016450393231623324
-5.67,0.0017404729956574496,0.001774067361127618
-5.655,0.0020571175367382244,0.0018955244769132623
-5.64,0.002356153174634554,0.0020081265764782747
-5.625,0.0026351132105615713,0.0021106622369477177
-5.61,0.002891695899131888,0.0022020013836708888
-5.595,0.003123785139799766,0.002281106475498883
-5.58,0.003329465802523164,0.002347039159701081
-5.565,0.003507042038002854,0.0023989707457538977
-5.55,0.003655046657275535,0.0024361846474935927
-5.535,0.003772257899469802,0.0024580871095972127
-5.52,0.003857708253241722,0.0024642110261726188
-5.505,0.003910688697800603,0.0024542162021276345
-5.49,0.003930759861444721,0.0024278976113414515
-5.475,0.003917752863973419,0.0023851844027160804
-5.46,0.003871768239943411,0.002326138156541293
-5.445,0.0037931823078108723,0.0022509596287044187
-5.43,0.0036826362719702636,0.0021599793886556986
-5.415,0.003541034597633576,0.002053658757895234
-5.4,0.0033695389080887726,0.0019325874772405493
-5.385,0.003169556409384674,0.0017974768290658283
-5.37,0.0029427293458676317,0.0016491548131818397
-5.355,0.0026909188280107295,0.0014885567206072597
-5.34,0.002416196267874468,0.0013167241900616535
-5.325,0.0021208195421053,0.0011347897685416645
-5.31,0.0018072184877527162,0.0009439717105481146
-5.295,0.0014779728475917751,0.0007455618185288539
-5.28,0.0011357926830549928,0.000540916403912293
-5.265,0.0007834969777854657,0.0003314460497198579
-5.25,0.0004239889811789815,0.00011860237651054875
-5.235,6.023142356788214e-5,-9.613474524213769e-5
-5.22,-0.00030477295797869656,-0.0003112646152364983
-5.205,-0.0006680122179858625,-0.000525284149098178
-5.19,-0.001026484496334841,-0.0007366948365851475
-5.175,-0.0013772248604011226,-0.0009440173290158629
-5.16,-0.0017173302855515592,-0.0011458041557257824
-5.145,-0.0020439821881271664,-0.0013406504312232326
-5.13,-0.0023544703321239256,-0.0015272061669224738
-5.115,-0.002646213230888529,-0.0017041854675286005
-5.1,-0.002916780304398162,-0.0018703781520963514
-5.085,-0.003163913978544636,-0.0020246618151944368
-5.07,-0.003385545061903469,-0.0021660078683053835
-5.055,-0.0035798113652980848,-0.002293491652069428
-5.04,-0.0037450708947278618,-0.0024062978916625554
-5.025,-0.003879919651916725,-0.002503731707228853
-5.01,-0.003983199393171646,-0.0025852205112667634
-4.995,-0.004054008065600471,-0.0026503196026310674
-4.98,-0.004091707952937649,-0.002698716517528957
-4.965,-0.004095932179418751,-0.002730234782498454
-4.95,-0.004066583609464014,-0.0027448311692707373
-4.935,-0.004003842501399125,-0.0027426028822192155
-4.92,-0.0039081579287654315,-0.00272377947978759
-4.905,-0.0037802497524571385,-0.0026887266126125447
-4.89,-0.0036211006369041617,-0.002637940783015583
-4.875,-0.00343194895028319,-0.0025720461465257114
-4.86,-0.0032142769660057804,-0.0024917875899898734
-4.845,-0.0029698029017782637,-0.0023980287072547205
-4.83,-0.0027004625025876298,-0.002291740171815127
-4.815,-0.00240839790660497,-0.002173996454196534
-4.8,-0.0020959359252507278,-0.002045962626425342
-4.785,-0.001765573328197322,-0.0019088890136122502
-4.77,-0.001419954068435546,-0.0017640984826771404
-4.755,-0.0010618480279731835,-0.0016129758185723366
-4.74,-0.0006941314013115275,-0.0014569593016639094
-4.725,-0.00031975946592236474,-0.001297525057542948
-4.71,5.8254620903699795e-5,-0.0011361778067555445
-4.695,0.0004368653688902326,-0.0009744374904317244
-4.68,0.0008130193749505145,-0.0008138271735608313
-4.665,0.0011836785019377803,-0.0006558622209688813
-4.65,0.0015458482121191847,-0.0005020342502934868
-4.635,0.0018965980034533405,-0.0003538028460712578
-4.62,0.0022330871537301388,-0.00021258168203896555
-4.605,0.0025525885565371807,-7.972621639950684e-5
-4.59,0.0028525076589332905,4.347416791715495e-5
-4.575,0.0031304067328834814,0.00015580991262960928
-4.56,0.0033840241435840056,0.000256160644468519
-4.545,0.003611290591485259,0.0003435021903872397
-4.53,0.0038103489664009175,0.0004169180297640537
-4.515,0.003979566492251173,0.0004756038488341447
-4.5,0.004117550978515064,0.0005188771236975657
-4.485,0.004223159977432871,0.0005461805617118644
-4.47,0.0042955108926703055,0.0005570875525553673
-4.455,0.004333988801726659,0.0005513063108921589
-4.44,0.00433825029681962,0.0005286811632620536
-4.425,0.004308226703630602,0.0004891942692505889
-4.41,0.004244125859435999,0.0004329670950683883
-4.395,0.004146429741576225,0.0003602587404981858
-4.38,0.004015890358164743,0.00027146373480778493
-4.365,0.003853523510862119,0.00016710869736488373
-4.35,0.0036606026022065912,4.785024041255911e-5
-4.335,0.0034386459767279096,-8.553269545149081e-5
-4.32,0.0031894058146503604,-0.00023214385799705858
-4.305,0.0029148547430830436,-0.00039097611139570247
-4.29,0.002617168319292605,-0.0005609210277327083
-4.275,0.0022987100780220773,-0.0007407751558509415
-4.26,0.001962009220327908,-0.0009292528666286978
-4.245,0.001609742526272216,-0.001124994294038937
-4.23,0.0012447118258903877,-0.001326577125362897
-4.215,0.0008698232046082555,-0.0015325261793866474
-4.2,0.0004880609278024925,-0.0017413278144308617
-4.185,0.00010246431629323878,-0.0019514410497792863
-4.17,-0.00028389640183201597,-0.002161309541161401
-4.155,-0.0006679431443001656,-0.0023693723204239285
-4.14,-0.0010466191327877714,-0.002574080551463802
-4.125,-0.0014169094835505807,-0.0027739059022897907
-4.11,-0.0017758666859828695,-0.0029673538878023653
-4.095,-0.0021206360188628748,-0.003152977488475244
-4.08,-0.002448476970094125,-0.0033293870839832393
-4.065,-0.002756783826035234,-0.0034952600805584263
-4.05,-0.003043111185136447,-0.0036493559674398972
-4.035,-0.0033051881242663872,-0.003790520678689355
-4.02,-0.0035409415195412973,-0.003917700843135876
-4.005,-0.0037485094522941025,-0.004029948891799938
-3.99,-0.003926255930259302,-0.004126430314368766
-3.975,-0.0040727875179476306,-0.004206433813019528
-3.96,-0.0041869606151354434,-0.004269372996299178
-3.945,-0.004267893459890688,-0.004314793888452785
-3.93,-0.004314971285740083,-0.004342376563383789
-3.915,-0.00432785025022087,-0.004351936724078852
-3.9,-0.004306465189632372,-0.004343432109820656
-3.885,-0.0042510236468749525,-0.004316956395898695
-3.87,-0.0041620081077983345,-0.00427274230243985
-3.855,-0.004040170005518745,-0.004211157687409816
-3.84,-0.003886526226681919,-0.004132705128445522
-3.825,-0.00370234639516286,-0.004038013436953341
-3.81,-0.003489145848833492,-0.003927835789745251
-3.795,-0.0032486748388784272,-0.0038030452088174656
-3.78,-0.0029828980768572696,-0.0036646211831569964
-3.765,-0.002693984536446017,-0.0035136475327861164
-3.75,-0.0023842874995982687,-0.003351301251361572
-3.735,-0.0020563260786519524,-0.00317884362028339
-3.72,-0.0017127626570863157,-0.002997607909500735
-3.705,-0.0013563861167800314,-0.002808993379909284
-3.69,-0.0009900825591627647,-0.0026144473371432463
-3.675,-0.0006168168025271652,-0.0024154583493013826
-3.66,-0.00023960749236145046,-0.002213543366502693
-3.645,0.00013849815376573994,-0.002010234689905677
-3.63,0.0005144502516140872,-0.0018070664256508604
-3.615,0.0008852186595280162,-0.0016055643723679796
-3.6,0.0012478186230376613,-0.0014072326868592579
-3.585,0.0015993336140344237,-0.001213543080982178
-3.57,0.0019369429467290258,-0.001025918954733204
-3.555,0.002257938860301524,-0.0008457297385451169
-3.54,0.002559753604159311,-0.000674274716195915
-3.525,0.002839975808580283,-0.0005127769678683275
-3.51,0.0030963742444652877,-0.0003623693506567805
-3.495,0.0033269125352527306,-0.00022408871182287397
-3.48,0.003529766282158964,-9.886695414865069e-5
-3.465,0.0037033389833047723,1.2477609520752334e-5
-3.45,0.0038462731539522996,0.0001092449587275484
-3.435,0.003957463365845222,0.00019086108329886137
-3.42,0.004036062935062862,0.00025688022777531697
-3.405,0.004081491330394099,0.000306989079400531
-3.39,0.004093438865156611,0.00034100914108051985
-3.375,0.004071869172842332,0.00035889814691787226
-3.36,0.004017019952797114,0.00036075078690889174
-3.345,0.003929398922152247,0.000346795751045491
-3.33,0.003809781228826218,0.00031739534114291236
-3.315,0.0036592035947866004,0.0002730429505764672
-3.3,0.0034789517088783892,0.00021435476743501347
-3.285,0.0032705554596151255,0.00014207039328370877
-3.27,0.003035771928081081,5.704219110464533e-5
-3.255,0.0027765717778953486,-3.9771034031499484e-5
-3.24,0.002495125029058725,-0.0001473101227857372
-3.225,0.0021937808918986736,-0.00026442673448909835
-3.21,0.0018750496916233135,-0.00038989179874534836
-3.195,0.001541581731722853,-0.0005224062642922686
-3.18,0.0011961466242800577,-0.0006606108795055767
-3.165,0.0008416090220352776,-0.0008030990828225737
-3.15,0.00048090698933157827,-0.0009484268523744401
-3.135,0.00011702673216952205,-0.001095125890816597
-3.12,-0.00024702177524789804,-0.0012417158153856453
-3.105,-0.0006082295631932782,-0.0013867164974116892
-3.09,-0.0009636118664630215,-0.001528658981516758
-3.075,-0.0013102325153526867,-0.0016660975929573244
-3.06,-0.0016452322488878198,-0.0017976262890152758
-3.045,-0.001965845435354183,-0.0019218835872557814
-3.03,-0.0022694270622550666,-0.0020375682482578696
-3.015,-0.002553473131760106,-0.0021434488824206266
-3.0,-0.002815641209783876,-0.0022383741808691725
-2.985,-0.0030537698972930415,-0.0023212828345999
-2.97,-0.003265895085243452,-0.0023912109152574605
-2.955,-0.0034502675753568498,-0.002447301481366699
-2.94,-0.0036053666303298895,-0.0024888109409948274
-2.925,-0.0037299120823891894,-0.002515114957284836
-2.91,-0.003822876262248168,-0.00252571510545902
-2.895,-0.0038834911348950927,-0.002520241839736753
-2.88,-0.003911253912784969,-0.002498456915407639
-2.865,-0.0039059315280226196,-0.002460255839064506
-2.85,-0.0038675651445888924,-0.0024056713933966237
-2.835,-0.0037964656073696946,-0.0023348692670544366
-2.82,-0.0036932148956435856,-0.0022481507657864603
-2.805,-0.003558657852422881,-0.0021459469202671512
-2.79,-0.003393897087356919,-0.0020288168481854196
-2.775,-0.0032002851831720394,-0.0018974444336156105
-2.76,-0.0029794108177007774,-0.001752630028401581
-2.745,-0.0027330884347488045,-0.0015952865677802206
-2.73,-0.002463341003414971,-0.0014264297741578996
-2.715,-0.0021723857436964766,-0.0012471721678472929
-2.7,-0.0018626156370476908,-0.0010587135966615637
-2.685,-0.001536576803986112,-0.0008623284626735153
-2.67,-0.0011969538427908583,-0.0006593614423879359
-2.655,-0.0008465411120130487,-0.00045120975805099074
-2.64,-0.0004882243147808846,-0.00023931621190236246
-2.625,-0.00012495812524140063,-2.51586269172053e-5
-2.61,0.0002402654369816856,0.00018976969617961743
-2.595,0.0006044322773248249,0.00040396296474729974
-2.58,0.000964536251248297,0.0006159205898079441
-2.565,0.001317601819033259,0.0008241575028434949
-2.55,0.0016607098574334424,0.0010272177732062774
-2.535,0.0019910203719743494,0.0012236853359182138
-2.52,0.00230579531704644,0.0014121951532733573
-2.505,0.0026024228018149665,0.001591446162185347
-2.49,0.0028784363872373744,0.0017602098517062183
-2.475,0.003131536277575931,0.0019173412811556623
-2.46,0.0033596098439364584,0.0020617901410976
-2.445,0.0035607450439698886,0.0021926054494337977
-2.43,0.003733250085269298,0.002308947309639243
-2.415,0.003875663850872714,0.0024100903303898623
-2.4,0.003986771188910593,0.0024954328365674266
-2.385,0.004065612545870651,0.00256450144222822
-2.37,0.004111488134916412,0.002616951154282848
-2.355,0.004123968380280862,0.0026525728706292724
-2.34,0.00410289618777082,0.002671293745722396
-2.325,0.004048386475510786,0.002673175961964246
-2.31,0.003960828707003547,0.0026584195983132813
-2.295,0.003840880733826395,0.0026273579140558443
-2.28,0.0036894659860783963,0.0025804570948221328
-2.265,0.0035077640022029405,0.002518310406063816
-2.25,0.003297203184731229,0.0024416356273176437
-2.235,0.0030594497529217272,0.0023512696833254696
-2.22,0.0027963893462304677,0.002248156904714654
-2.205,0.0025101183518960297,0.0021333479142221774
-2.19,0.00220292398039871,0.0020079881069921
-2.175,0.0018772631240245726,0.0018733057159880274
-2.16,0.0015357497222461929,0.0017306090514369501
-2.145,0.001181126222908927,0.0015812685100642433
-2.13,0.0008162446340483475,0.0014267086765318094
-2.115,0.00044404477539138266,0.0012683980811338924
-2.1,6.75279691767036e-5,0.00110783478625939
-2.085,-0.00031026644160296493,0.0009465350182853202
-2.07,-0.0006862851499306696,0.0007860214232589738
-2.055,-0.0010574855368964886,0.0006278107393664391
-2.04,-0.0014208607544893529,0.00047340106375421743
-2.025,-0.0017734656571912583,0.00032425809637497767
-2.01,-0.002112437278104251,0.0001818065916088362
-1.995,-0.0024350210067810517,4.741581216216031e-5
-1.98,-0.002738591747978834,-7.761046888308783e-5
-1.965,-0.0030206748572428107,-0.00019204422530940107
-1.95,-0.0032789671056982737,-0.0002947440934153553
-1.935,-0.0035113555845801823,-0.0003846649103579967
-1.92,-0.0037159328303185885,-0.0004608642292217172
-1.905,-0.0038910160664037347,-0.000522513775914587
-1.89,-0.0040351566896374685,-0.0005689020916802051
-1.875,-0.004147155740361249,-0.0005994440465305977
-1.86,-0.004226071130109505,-0.0006136831589602255
-1.845,-0.004271225600943234,-0.0006112956797928049
-1.83,-0.004282215712166079,-0.0005920967483929512
-1.815,-0.004258909813971331,-0.000556036667560364
-1.8,-0.004201452801611387,-0.0005032050374396222
-1.785,-0.004110264728513836,-0.00043382988642148585
-1.77,-0.0039860365173637865,-0.00034827499332638076
-1.755,-0.003829724229978757,-0.0002470368561240583
-1.74,-0.00364254305483644,-0.00013074249645349733
-1.725,-0.0034259566811570973,-1.4362951192281592e-7
-1.71,-0.003181664424934286,0.00014389035173738903
-1.695,-0.0029115894131923037,0.00030037742503662406
-1.68,-0.002617862131266318,0.00046823166456612646
-1.665,-0.002302802853961678,0.000646272317364169
-1.65,-0.0019689048270717015,0.0008332312832135236
-1.635,-0.0016188121212539926,0.0010277653010165955
-1.62,-0.0012552976807149658,0.001228467253954409
-1.605,-0.0008812453363445154,0.001433873060174319
-1.59,-0.0004996212126186516,0.0016424786478732563
-1.575,-0.00011345313305975622,0.0018527486913911414
-1.56,0.00027419510405502076,0.002063130111277451
-1.545,0.0006602479042370807,0.002272063999971434
-1.53,0.0010416424916138691,0.00247799784531466
-1.515,0.0014153556160862587,0.0026793999628069963
-1.5,0.0017784241396955499,0.0028747679175274874
-1.485,0.0021279719839760527,0.003062643582089987
-1.47,0.0024612339414976886,0.0032416254065506553
-1.455,0.002775574018491663,0.003410375645757104
-1.44,0.003068510223103014,0.0035676345898075492
-1.425,0.003337734382288485,0.0037122304081729255
-1.41,0.003581128668946802,0.003843086449722233
-1.395,0.0037967838546983197,0.003959230995524168
-1.38,0.003983015315189319,0.004059805638180508
-1.365,0.004138374848539788,0.0041440703631906535
-1.35,0.004261665839276993,0.0042114129583858675
-1.335,0.004351946290073507,0.0042613472587263454
-1.32,0.004408544390709782,0.004293525025399547
-1.305,0.004431057639169389,0.004307732397679647
-1.29,0.0044193577976458405,0.004303893330522238
-1.275,0.004373594625783712,0.00428207286898349
-1.26,0.0042941899869304995,0.004242471964784929
-1.245,0.004181837696741668,0.004185429068248487
-1.23,0.0040374956870871635,0.004111415218984642
-1.215,0.0038623801918499455,0.00402103213946516
-1.2,0.003657954787836827,0.003915006300326431
-1.185,0.0034259167647383766,0.0037941812409297555
-1.17,0.0031681872463227827,0.0036595146518055705
-1.155,0.0028868912592636626,0.003512066249303807
-1.14,0.0025843431853696426,0.003352991895105149
-1.125,0.0022630281716221434,0.0031835344002656037
-1.11,0.0019255792527712377,0.0030050107656362634
-1.095,0.0015747584613585385,0.002818803964623357
-1.08,0.0012134344307499815,0.002626351765420931
-1.065,0.0008445564499066339,0.0024291323960153673
-1.05,0.0004711343246900177,0.0022286563865566225
-1.035,9.621062531373871e-5,0.002026450977485662
-1.02,-0.00027716117361264943,0.0018240505904929952
-1.005,-0.0006459445093539526,0.0016229813431766827
-0.99,-0.0010071409936544097,0.0014247520867374359
-0.975,-0.001357816548866752,0.0012308403518631345
-0.96,-0.0016951261324270731,0.0010426794814553685
-0.945,-0.0020163337361956413,0.0008616500980487959
-0.93,-0.002318836585565095,0.0006890669295232942
-0.915,-0.002600187754175002,0.0005261666562424725
-0.9,-0.0028581105904501502,0.0003741033332073664
-0.885,-0.0030905238454356078,0.0002339323798480038
-0.87,-0.003295552582016562,0.00010660802309862914
-0.855,-0.0034715461279044065,-7.027190750806371e-6
-0.84,-0.0036170912211681357,-0.00010624894421364323
-0.825,-0.0037310228101200215,-0.0001904563762815891
-0.81,-0.0038124332947574746,-0.00025917671100309783
-0.795,-0.0038606801819340945,-0.0003120694026774841
-0.78,-0.0038753896073003653,-0.00034892717427483346
-0.765,-0.003856461483862477,-0.00036967985830893427
-0.75,-0.0038040683966020002,-0.00037439300418099213
-0.735,-0.0037186546550035953,-0.00036326784484132625
-0.72,-0.0036009319370157514,-0.00033663889533546093
-0.705,-0.0034518735452137923,-0.0002949713090785893
-0.69,-0.003272707182063423,-0.00023885777956849426
-0.675,-0.0030649016334753617,-0.00016901041175588355
-0.66,-0.0028301591220611165,-8.625923975391072e-5
-0.645,-0.0025703979656434782,8.457990516305604e-6
-0.63,-0.0022877363483053813,0.00011410406429814696
-0.615,-0.0019844786611414333,0.00022954711292709745
-0.6,-0.0016630911225048262,0.00035357544677067196
-0.585,-0.0013261860603484177,0.0004849029976917861
-0.57,-0.0009764981185747672,0.0006221822939954923
-0.555,-0.0006168613306387899,0.0007640160243259313
-0.54,-0.00025018714479913543,0.000908967270230879
-0.525,0.00012055965627721678,0.0010555714978151937
-0.51,0.0004923871987457791,0.001202350496971742
-0.495,0.000862298011022863,0.0013478214512770603
-0.48,0.0012273176901937371,0.0014905131461662839
-0.465,0.001584515620374111,0.0016289743102384036
-0.45,0.0019310316594650843,0.0017617880826087133
-0.435,0.002264099862910242,0.0018875837908443737
-0.42,0.0025810693332565535,0.0020050462115204937
-0.405,0.00287942817918594,0.0021129283888074845
-0.39,0.003156823663013119,0.0022100611778829824
-0.375,0.0034110818235472302,0.0022953628606609522
-0.36,0.003640227200787741,0.002367849577146068
-0.345,0.003842496808264349,0.002426640730811517
-0.33,0.0040163576861036495,0.002470968792981694
-0.315,0.004160518299263139,0.0025001838205023553
-0.3,0.004273941843911217,0.0025137607739486017
-0.285,0.004355854913654441,0.002511303106910621
-0.27,0.004405753559068451,0.0024925447119539972
-0.255,0.0044234103391766815,0.0024573537780156877
-0.24,0.0044088791508591135,0.002405735350772301
-0.225,0.004362492386878054,0.002337827099631904
-0.21,0.004284864956143269,0.0022539027678999584
-0.195,0.004176889059786257,0.0021543670774898972
-0.18,0.0040397328362957305,0.002039755090156911
-0.165,0.00387483099882679,0.001910723915701375
-0.15,0.003683883475515568,0.001768052489631147
-0.135,0.003468845539732484,0.0016126324801612655
-0.12,0.0032319193128951206,0.0014454595177169124
-0.105,0.0029755511322696942,0.001267628231369757
-0.09,0.002702428038127582,0.0010803225550305587
-0.075,0.0024154801685700865,0.0008848050133126923
-0.06,0.002117897916008305,0.0006824077928831557
-0.045,0.0018131715276035745,0.00047452009853343356
-0.03,0.0015051949391124777,0.0002625799287072762
-0.015,0.0011985358488562801,4.805888992590827e-5
0.015,0.0007677452271273987,-0.0003827317318029731
0.03,0.0006466252143380718,-0.0005959897960671298
0.045,0.0005328228448753087,-0.0008058285841948322
0.06,0.0004247077291683476,-0.0010107823939568016
0.075,0.00032125249217027085,-0.0012094226630871233
0.09,0.00022173627935994386,-0.0014003692037370796
0.105,0.00012561920948298984,-0.0015823036914169475
0.12,3.24811797252171e-5,-0.001753978615452991
0.135,-5.801358763856095e-5,-0.0019142266472097793
0.15,-0.00014614313145410617,-0.002061974117338527
0.165,-0.00023213781852506786,-0.002196244901650483
0.18,-0.00031619401971655256,-0.0023161717658553723
0.195,-0.0003984811358826925,-0.002421003118179052
0.21,-0.00047914451332305684,-0.0025101067015663673
0.225,-0.0005583137939281446,-0.0025829790811742943
0.24,-0.0006361013424102853,-0.0026392451424970976
0.255,-0.0007126087431882074,-0.0026786653043492014
0.27,-0.0007879255110298294,-0.0027011343581442833
0.285,-0.0008621324642987627,-0.0027066842710425833
0.3,-0.0009353037526007921,-0.0026954848225634073
0.315,-0.0010075037882467735,-0.002667838267007557
0.33,-0.0010787937888689125,-0.002624182681990868
0.345,-0.0011492277285200842,-0.002565083805972916
0.36,-0.0012188549298136737,-0.0024912325534553466
0.375,-0.0012877201572364162,-0.002403439120122694
0.39,-0.0013558641974767804,-0.0023026266826069166
0.405,-0.001423323300192316,-0.002189823090570771
0.42,-0.00149013232252197,-0.0020661554442580297
0.435,-0.001556320296918501,-0.0019328363689843692
0.45,-0.0016219138395771903,-0.0017911574164335613
0.465,-0.0016869367917019093,-0.0016424781018376166
0.48,-0.0017514109396555813,-0.0014882154836830346
0.495,-0.0018153539200422267,-0.0013298304797880293
0.51,-0.0018787807634693468,-0.001168817465243384
0.525,-0.0019417048279417165,-0.0010066929864037395
0.54,-0.00200413719649271,-0.0008449827814626958
0.555,-0.0020660846652079826,-0.0006852073102432614
0.57,-0.0021275539519645115,-0.0005288735393942519
0.585,-0.002188547611579546,-0.0003774585535393422
0.6,-0.0022490678877081596,-0.00023240131843266145
0.615,-0.002309112845162853,-9.508707109432248e-5
0.63,-0.0023686795660240335,3.3160846579494835e-5
0.645,-0.0024277628129865704,0.00015109314317321345
0.66,-0.0024863553748060564,0.00025754450750114935
0.675,-0.0025444475884749736,0.00035144363324450447
0.69,-0.002602028025574254,0.000431821376920675
0.705,-0.0026590837914736106,0.0004978184446615924
0.72,-0.0027155996638835653,0.0005486933777967252
0.735,-0.0027715592129531692,0.0005838275972090998
0.75,-0.0028269434666905835,0.0006027319257304246
0.765,-0.002881731936135908,0.0006050496894176344
0.78,-0.002935903221609381,0.0005905592114161507
0.795,-0.002989433676727709,0.0005591771025289013
0.81,-0.0030422981375097433,0.0005109584462446334
0.825,-0.0030944704305157405,0.00044609600332269194
0.84,-0.0031459229281636703,0.0003649193487908222
0.855,-0.0031966259312963398,0.0002678930058572604
0.87,-0.003246549613314846,0.000155610991800345
0.885,-0.003295662984571354,2.8793240712257466e-5
0.9,-0.0033439333177526097,-0.00011171939409509307
0.915,-0.0033913272587801097,-0.0002649728483626354
0.93,-0.0034378101214249603,-0.0004299066063365711
0.945,-0.0034833473215213438,-0.0006053634872769066
0.96,-0.0035279034709055006,-0.0007900978570230589
0.975,-0.0035714417383986177,-0.0009827848376687313
0.99,-0.0036139241967848377,-0.001182031116392992
1.005,-0.0036553154302307604,-0.0013863895777001252
1.02,-0.0036955770298697866,-0.001594365265764142
1.035,-0.0037346711786308134,-0.0018044308264588901
1.05,-0.0037725592331477042,-0.0020150371712810995
1.065,-0.0038092043767016404,-0.002224628430592907
1.08,-0.0038445675829552575,-0.002431650248284308
1.095,-0.003878611511327331,-0.0026345660080625125
1.11,-0.0039112985873718045,-0.0028318670745067793
1.125,-0.003942591177962666,-0.003022084949319206
1.14,-0.003972453736126798,-0.003203805026391292
1.155,-0.0040008489875531066,-0.003375673997512962
1.17,-0.004027741611431285,-0.0035364142059484977
1.185,-0.004053097383683327,-0.0036848329074919478
1.2,-0.0040768817278151485,-0.0038198302153255453
1.215,-0.004099061900851461,-0.0039404099532362475
1.23,-0.004119606383484769,-0.00404568685158729
1.245,-0.004138483745302675,-0.004134892373795856
1.26,-0.004155664376642292,-0.004207382398787862
1.275,-0.004171120117065031,-0.004262641873865253
1.29,-0.00418482403735916,-0.004300288504482763
1.305,-0.00419675039616969,-0.004320075637659432
1.32,-0.0042068752031804175,-0.004321894568490652
1.335,-0.004215175676011712,-0.004305774707358873
1.35,-0.004221631450780154,-0.004271884331671279
1.365,-0.004226223480285605,-0.00422052796563474
1.38,-0.004228934159515068,-0.004152143836523879
1.395,-0.004229747309807037,-0.004067300168981189
1.41,-0.004228650347155183,-0.003966692566379752
1.425,-0.004225631166784046,-0.0038511351408996057
1.44,-0.004220680020989316,-0.0037215556542847805
1.455,-0.004213789878325307,-0.0035789882510598664
1.47,-0.004204953594644168,-0.0034245621295912014
1.485,-0.004194168621831138,-0.003259497023717203
1.5,-0.004181433005772634,-0.0030850892279406968
1.515,-0.004166747565452813,-0.0029027032187320754
1.53,-0.004150115173838867,-0.0027137598201380764
1.545,-0.0041315397798223205,-0.0025197236840879675
1.56,-0.004111029201235583,-0.002322094194013153
1.575,-0.004088592593516572,-0.0021223907690656745
1.59,-0.004064240399594116,-0.0019221405391022079
1.605,-0.004037987130728478,-0.0017228687342096438
1.62,-0.004009847012725111,-0.0015260820780557366
1.635,-0.0039798385986131125,-0.0013332611763425244
1.65,-0.003947981019554754,-0.001145844909269529
1.665,-0.003914295556579143,-0.000965220385253296
1.68,-0.0038788060926451978,-0.0007927122968127533
1.695,-0.0038415385549963282,-0.0006295717167674004
1.71,-0.0038025200671205138,-0.0004769652904488388
1.725,-0.0037617798336939965,-0.000335966782048822
1.74,-0.0037193492932745833,-0.0002075487348916407
1.755,-0.003675260945056092,-9.257357120139335e-5
1.77,-0.0036295491075652303,8.212416472175386e-6
1.785,-0.003582250435290985,9.418440680136492e-5
1.8,-0.0035334027741081428,0.00016484499006362216
1.815,-0.003483044110204374,0.00021982903620659322
1.83,-0.0034312167760499803,0.0002589021877231479
1.845,-0.0033779605953470804,0.0002819693258033491
1.86,-0.0033233204409789632,0.00028906753017031656
1.875,-0.0032673395241315626,0.00028037216969908907
1.89,-0.003210063072712984,0.0002561915252442793
1.905,-0.0031515381839747527,0.000216964106514395
1.92,-0.0030918114008746758,0.00016325720022219558
1.935,-0.0030309308572704415,9.575981695174405e-5
1.95,-0.002968945750000282,1.527726228263632e-5
1.965,-0.0029059041123129454,-7.727348037953573e-5
1.98,-0.0028418569844744406,-0.0001808757053786943
1.995,-0.0027768539747364406,-0.0002944171557932285
2.01,-0.0027109452948424592,-0.00041670142512937203
2.025,-0.002644182167799312,-0.0005464584142330759
2.04,-0.002576614841853941,-0.0006823530236103705
2.055,-0.002508294821410052,-0.0008229985451471242
2.07,-0.002439272142630612,-0.0009669655694409685
2.085,-0.002369598575002149,-0.0011127971151138638
2.1,-0.0022993234791200516,-0.0012590166620373652
2.115,-0.0022284966773036203,-0.0014041433715611105
2.13,-0.002157168825993117,-0.001546704783509655
2.145,-0.0020853883047555854,-0.001685246017600269
2.16,-0.0020132023405750013,-0.001818343011384244
2.175,-0.0019406602737950369,-0.0019446176818315821
2.19,-0.0018678087058708805,-0.0020627445792774906
2.205,-0.0017946927847828284,-0.0021714632224566805
2.22,-0.0017213585727346176,-0.002269591014250431
2.235,-0.0016478493329270662,-0.002356029402523324
2.25,-0.0015742079824335444,-0.0024297755398471296
2.265,-0.0015004773541910238,-0.0024899309503301484
2.28,-0.0014266969571157496,-0.0025357058483720133
2.295,-0.0013529069579109455,-0.0025664297776814967
2.31,-0.0012791444166197269,-0.002581553525309993
2.325,-0.0012054467797610166,-0.002580657293307557
2.34,-0.0011318482877091265,-0.0025634507297575505
2.355,-0.0010583839338160629,-0.0025297794434676526
2.37,-0.0009850849659922742,-0.002479621946625839
2.385,-0.0009119821939344693,-0.0024130932975769005
2.4,-0.0008391047451703993,-0.0023304430975135655
2.415,-0.0007664804698427614,-0.002232053990325613
2.43,-0.0006941351705603924,-0.0021184379461904475
2.445,-0.0006220932072432111,-0.001990232801779302
2.46,-0.0005503764465659165,-0.0018481961494047749
2.475,-0.0004790076076958618,-0.0016932026041161304
2.49,-0.0004080048499599252,-0.0015262313854910812
2.505,-0.00033738606874503816,-0.0013483627083746576
2.52,-0.0002671674496383842,-0.0011607676134114669
2.535,-0.00019736382760719747,-0.0009646988636633332
2.55,-0.00012798835989052824,-0.0007614804441176933
2.565,-5.9051867748729664e-5,-0.0005524961839384939
2.58,9.43441819179267e-6,-0.0003391812432485603
2.595,7.746348498204168e-5,-0.0001230058275954835
2.61,0.00014502851535606547,9.45327745539973e-5
2.625,0.0002121217868523835,0.0003119212851765788
2.64,0.00027874143815403643,0.0005276495410325586
2.655,0.00034488363656840415,0.0007402149905304621
2.67,0.00041054660035381627,0.0009481390007567387
2.685,0.0004757304948105259,0.0011499788361231226
2.7,0.0005404357505099972,0.0013443377908961243
2.715,0.0006046636554830106,0.0015298772313321943
2.73,0.0006684187236336756,0.001705329952890747
2.745,0.0007317032679437825,0.0018695051349123665
2.76,0.0007945227913944188,0.002021303580693615
2.775,0.000856882179551801,0.00215972292910823
2.79,0.0009187884568792065,0.0022838686960507055
2.805,0.0009802483037873125,0.0023929592359430425
2.82,0.0010412690251720561,0.002486333155029181
2.835,0.0011018592482449122,0.0025634555885601703
2.85,0.0011620267025142757,0.0026239204537065446
2.865,0.001221780639416062,0.0026674563283741754
2.88,0.0012811306360422019,0.0026939276334195317
2.895,0.0013400851910182463,0.002703334486176586
2.91,0.0013986545009753819,0.0026958156577645298
2.925,0.0014568472916697255,0.0026716444167740787
2.94,0.0015146731143789963,0.002631228803714058
2.955,0.0015721421870671384,0.0025751082810572894
2.97,0.0016292613275425485,0.00250394549752854
2.985,0.0016860410767451615,0.002418528139438303
3.0,0.0017424896177893607,0.002319756646704064
3.015,0.0017986144965490619,0.002208638745888541
3.03,0.0018544229062208211,0.002086281720218018
3.045,0.001909921677859313,0.001953883525957715
3.06,0.0019651172626093207,0.0018127232224818648
3.075,0.002020014767799706,0.0016641496901950682
3.09,0.002074618867116249,0.0015095717520625124
3.105,0.0021289334335714734,0.0013504464993530623
3.12,0.0021829607875085886,0.0011882667473708413
3.135,0.0022367032019286965,0.0010245505789425774
3.15,0.0022901611610128547,0.0008608273193068364
3.165,0.00234333461876269,0.0006986265139048385
3.18,0.002396221712259136,0.0005394642084735014
3.195,0.0024488211666242924,0.0003848331706091707
3.21,0.0025011269883014157,0.00023618549793275392
3.225,0.002553136833445623,9.492920705785101e-5
3.24,0.002604842577628779,-3.759257421568317e-5
3.255,0.0026562368026652504,-0.0001601060092615977
3.27,0.002707311139248539,-0.00027141859772789696
3.285,0.0027580553965936352,-0.00037042966973778154
3.3,0.002808457698690982,-0.00045613924275239364
3.315,0.002858505275018413,-0.0005276553691917203
3.33,0.0029081839202845616,-0.0005842019673987439
3.345,0.0029574775543418693,-0.0006251256167648864
3.36,0.003006370030090484,-0.0006498991357977383
3.375,0.003054842438199468,-0.000658128587724992
3.39,0.0031028749582953756,-0.0006495547657807154
3.405,0.0031504475910222336,-0.0006240546599713343
3.42,0.003197536874214982,-0.0005816458330725632
3.435,0.0032441203255056433,-0.0005224819570407171
3.45,0.0032901735049336513,-0.0004468546902910999
3.465,0.003335668628243292,-0.00035519274554072795
3.48,0.0033805802643720817,-0.00024805297193553283
3.495,0.00342487990277713,-0.00012612134429847459
3.51,0.0034685374440790763,9.79384895700812e-6
3.525,0.0035115242928524474,0.00015877151640383705
3.54,0.003553807274379904,0.00031977895402467843
3.555,0.003595355258564411,0.0004916866597177699
3.57,0.003636135382957534,0.0006732734814953044
3.585,0.003676114147033542,0.0008632374520169401
3.6,0.0037152565665169684,0.0010602052566200493
3.615,0.003753526680779021,0.0012627436488830252
3.63,0.003790890193662276,0.0014693735163973285
3.645,0.003827310587710227,0.0016785777440388098
3.66,0.0038627505845703425,0.0018888147104291
3.675,0.003897174451088099,0.0020985329043138818
3.69,0.0039305442401502836,0.0023061794621698018
3.705,0.003962821492986215,0.0025102142298569627
3.72,0.0039939712680850895,0.0027091260156706706
3.735,0.004023954466555925,0.002901436924924487
3.75,0.004052733344806456,0.003085719593043153
3.765,0.004080272044983156,0.003260609048643057
3.78,0.004106532802901294,0.003424809696601567
3.795,0.004131479309304507,0.0035771089393654685
3.81,0.004155075230179607,0.003716385289267849
3.825,0.004177284583147683,0.003841617541357202
3.84,0.004198072786062428,0.003951893884298826
3.855,0.004217405719615239,0.004046418037724169
3.87,0.004235250017539382,0.004124515822897867
3.885,0.004251571474614584,0.004185638725590841
3.9,0.004266339915961493,0.004229372995773209
3.915,0.004279524201955833,0.004255437728097851
3.93,0.00429109488473378,0.004263689607090075
3.945,0.004301023132522733,0.004254122703960636
3.96,0.004309281684325292,0.004226869303161557
3.975,0.004315845377520008,0.00418219908244811
3.99,0.004320689683116988,0.004120515299007524
4.005,0.004323791309119047,0.004042351869613212
4.02,0.004325129459408859,0.00394837013581428
4.035,0.004324683830646437,0.0038393512762234694
4.05,0.004322436812862116,0.003716192030558666
4.065,0.004318371819691791,0.0035798955651685986
4.08,0.004312473960904406,0.003431563847015292
4.095,0.004304730883900711,0.0032723894142883416
4.11,0.004295131075202172,0.0031036438733826766
4.125,0.004283666511617118,0.0029266700928779078
4.14,0.004270329772797202,0.0027428683541211715
4.155,0.0042551152683646025,0.0025536860922408394
4.17,0.004238020651104947,0.002360607511775562
4.185,0.0042190435742174735,0.0021651382081449484
4.2,0.004198185698873017,0.0019687969566396625
4.215,0.0041754509094563,0.001773101525461397
4.23,0.0041508429508380785,0.0015795539995847939
4.245,0.004124369180784239,0.0013896323604730863
4.26,0.004096039950984053,0.001204777864027447
4.275,0.004065864688675155,0.001026379454802136
4.29,0.004033858263124577,0.000855768916099264
4.305,0.004000035017804296,0.00069420416332555
4.32,0.003964412671373636,0.000542862998726217
4.335,0.003927010650900941,0.0004028319787215402
4.35,0.0038878500331381194,0.0002750976713440873
4.365,0.0038469539893440205,0.0001605391758467854
4.38,0.00380434781506611,5.992119170915213e-5
4.395,0.0037600589964160614,-2.6112004661977845e-5
4.41,0.003714115481360903,-9.704328300670813e-5
4.425,0.0036665477063368645,-0.00015248472804314838
4.44,0.0036173888587367415,-0.00019218027482082508
4.455,0.0035666718312674377,-0.00021601065956706198
4.47,0.003514432968743897,-0.00022399037137104142
4.485,0.0034607091222593573,-0.0002162702934616497
4.5,0.0034055379669413266,-0.00019313588787617198
4.515,0.00334896083837546,-0.00015500180504156866
4.53,0.0032910171127401647,-0.00010241382389669911
4.545,0.003231750519396896,-3.6037881701123185e-5
4.56,0.003171204503450389,4.3341004334902355e-5
4.575,0.003109423437049049,0.00013482661679517678
4.59,0.0030464527590693086,0.00023741926805317297
4.605,0.0029823391583042374,0.00035002438536754993
4.62,0.002917130169336201,0.00047146133356709653
4.635,0.002850873812831397,0.0006004729633067988
4.65,0.0027836194031509824,0.0007357369407383109
4.665,0.002715415057661758,0.0008758743347550963
4.68,0.0026463109976349116,0.0010194644491235657
4.695,0.0025763573083829212,0.0011650544490609642
4.71,0.0025056063319536335,0.0013111739042943893
4.725,0.002434105277979723,0.0014563396863591395
4.74,0.002361907221787003,0.0015990793214346213
4.755,0.002289062323416273,0.0017379345328171199
4.77,0.002215620164912013,0.0018714757506704187
4.785,0.0021416328629416635,0.0019983171775267354
4.8,0.0020671495672834887,0.0021171228661088747
4.815,0.0019922199330563153,0.002226621385464751
4.83,0.0019168941469427034,0.0023256164777152063
4.845,0.0018412201285202294,0.0024129943230437726
4.86,0.0017652470810536314,0.0024877364570695384
4.875,0.0016890211820991667,0.0025489239858566453
4.89,0.0016125905148760692,0.002595750368764648
4.905,0.0015359999600485954,0.0026275230998931893
4.92,0.0014592955341069169,0.0026436739830847586
4.935,0.0013825209724117847,0.0026437605915916942
4.95,0.001305718498076268,0.002627470938269545
4.965,0.0012289309143748823,0.0025946283112951796
4.98,0.0011521988990225317,0.0025451903344312233
4.995,0.0010755609794682642,0.0024792494424376674
5.01,0.0009990560031910652,0.002397034885095948
5.025,0.0009227206353621539,0.002298908580050026
5.04,0.0008465909466144611,0.0021853639496797676
5.055,0.0007707009229241551,0.002057020636152812
5.07,0.0006950821934405934,0.001914619387038679
5.085,0.0006197671491460612,0.0017590193124962603
5.1,0.0005447844105884046,0.0015911865628902152
5.115,0.00047016322992809653,0.001412190993288025
5.13,0.0003959294198579806,0.0012231935850594323
5.145,0.0003221084255975666,0.0010254401825015003
5.16,0.00024872319196017097,0.0008202493217859476
5.175,0.00017579527017739724,0.0006090028015626569
5.19,0.00010334627305768082,0.00039313593280737444
5.205,3.139459758348788e-5,0.00017412266647117233
5.22,-4.0043695540537264e-5,-4.653535279833899e-5
5.235,-0.0001109517447386441,-0.0002673179135486639
5.25,-0.0001813160141292383,-0.0004867026187976711
5.265,-0.00025112461870668254,-0.0007031755467722903
5.28,-0.00032036449200866494,-0.0009152407711513647
5.295,-0.000389027755774859,-0.0011214387848377803
5.31,-0.0004571063323190179,-0.0013203531095236196
5.325,-0.000524592701707371,-0.0015106224752710062
5.34,-0.0005914812663317652,-0.0016909533441445798
5.355,-0.0006577684228271636,-0.0018601305302306335
5.37,-0.000723451572346978,-0.00201702610503277
5.385,-0.0007885284753388059,-0.0021606080556576517
5.4,-0.0008529983432737928,-0.002289949774122016
5.415,-0.0009168626784430421,-0.0024042385181813845
5.43,-0.0009801230700693536,-0.002502779953383919
5.445,-0.0010427817961822766,-0.0025850044752887304
5.46,-0.0011048426099202124,-0.00265047269332233
5.475,-0.001166310013853185,-0.002698878475110524
5.49,-0.0012271895134320229,-0.0027300517635352925
5.505,-0.0012874865921115245,-0.002743959087784493
5.52,-0.0013472080673238788,-0.0027407052943929817
5.535,-0.0014063607358691175,-0.0027205315257417067
5.55,-0.0014649533492793654,-0.002683815359061308
5.565,-0.001522992922013586,-0.0026310642142625424
5.58,-0.0015804886739704891,-0.0025629153167925725
5.595,-0.0016374489528009895,-0.0024801276171018726
5.61,-0.0016938832056102927,-0.002383577721071292
5.625,-0.001749799635426867,-0.0022742506090407204
5.64,-0.0018052079621804487,-0.002153234560336728
5.655,-0.0018601179794650751,-0.002021711039290037
5.67,-0.00191453748549611,-0.0018809431200259414
5.685,-0.0019684759505208594,-0.001732269145530848
5.7,-0.002021942608764971,-0.001577090016715732
5.715,-0.00207494452709121,-0.0014168561100291028
5.73,-0.0021274906464243655,-0.0012530596096075677
5.745,-0.0021795876749926453,-0.0010872184812216151
5.76,-0.002231243063627167,-0.0009208672347605447
5.775,-0.0022824622480640214,-0.0007555418190158907
5.79,-0.0023332524109835598,-0.0005927710763122772
5.805,-0.0023836173981321507,-0.00043405932594256166
5.82,-0.0024335618477461306,-0.00028087837962031915
5.835,-0.0024830894114208127,-0.0001346539849408769
5.85,-0.0025322024347909293,3.246064601814501e-6
5.865,-0.0025809024731949445,0.00013152234890390687
5.88,-0.002629189824390913,0.00024895484924113967
5.895,-0.0026770645875923414,0.0003544116370094259
5.91,-0.0027245250798841403,0.00044685965795410306
5.925,-0.002771569036889035,0.0005253717975406968
5.94,-0.0028181929653150876,0.0005891350842698417
5.955,-0.002864391807850652,0.0006374575388834909
5.97,-0.0029101591937720998,0.0006697735556615578
5.985,-0.0029554893207268253,0.0006856465722583261
6.0,-0.0030003718756943984,0.0006847777057797308
6.015,-0.003044798775263862,0.0006670014554228183
6.03,-0.0030887592733765145,0.000632291955788749
6.045,-0.003132240143909554,0.0005807629880248844
6.06,-0.0031752293256586323,0.0005126635294145816
6.075,-0.0032177119301658817,0.0004283797387562272
6.09,-0.003259671501545293,0.00032843060759395323
6.105,-0.0033010913660691645,0.00021346247227811005
6.12,-0.0033419545292073046,8.424399265618849e-5
6.135,-0.003382240092301256,-5.833643607267534e-5
6.15,-0.0034219286175376008,-0.00021328317895255057
6.165,-0.003460997672943158,-0.000379496837215631
6.18,-0.0034994248624544994,-0.0005557860879665624
6.195,-0.003537185801354151,-0.0007408752155019069
6.21,-0.003574256994289512,-0.0009334171637848695
6.225,-0.0036106118237171636,-0.001132000364985901
6.24,-0.003646222725525758,-0.0013351621281334019
6.255,-0.0036810628186386574,-0.0015414020541851844
6.27,-0.0037151035240429162,-0.0017491916103402295
6.285,-0.003748315594762582,-0.0019569873686670915
6.3,-0.0037806693094255698,-0.0021632435543324996
6.315,-0.0038121325811707844,-0.002366422533690912
6.33,-0.0038426761294102565,-0.0025650121584574756
6.345,-0.0038722667084015315,-0.002757531146385775
6.36,-0.003900872232967686,-0.002942546000469051
6.375,-0.003928460167527537,-0.00311868070915214
6.39,-0.003954997892934324,-0.003284628161167856
6.405,-0.003980451132692013,-0.003439158913653158
6.42,-0.0040047866382702585,-0.003581133567526947
6.435,-0.004027972332404253,-0.003709511963430938
6.45,-0.004049972466618521,-0.003823356513002439
6.465,-0.004070754727160648,-0.003921846647812487
6.48,-0.004090285601835148,-0.004004280650776146
6.495,-0.004108531556521042,-0.0040700821976591035
6.51,-0.004125460671785615,-0.004118806450730126
6.525,-0.004141040092689829,-0.0041501409046757155
6.54,-0.004155236963598552,-0.004163908514422679
6.555,-0.004168021710108319,-0.004160072260878638
6.57,-0.0041793616958931395,-0.004138728785804269
6.585,-0.004189227362291661,-0.004100113494634162
6.6,-0.004197590087456896,-0.004044596322417286
6.615,-0.0042044206599896605,-0.003972676900173168
6.63,-0.0042096921222201595,-0.0038849831135323457
6.645,-0.004213377990318583,-0.0037822640470236073
6.66,-0.00421545307890197,-0.0036653844622498745
6.675,-0.0042158921944706095,-0.003535316208038827
6.69,-0.004214674130005173,-0.003393134221687211
6.705,-0.0042117759618290175,-0.003240001775740639
6.72,-0.004207178591157928,-0.0030771664939218723
6.735,-0.004200861540729602,-0.0029059447553306103
6.75,-0.0041928087639428145,-0.002727716658043281
6.765,-0.004183003893951009,-0.0025439099372195745
6.78,-0.004171433765337903,-0.0023559916653362032
6.795,-0.004158085687050051,-0.002165453522893428
6.81,-0.004142947486633478,-0.001973799653193254
6.825,-0.004126011945459685,-0.001782538638448598
6.84,-0.004107270796084566,-0.0015931652290978866
6.855,-0.004086719206270688,-0.0014071526224907756
6.87,-0.004064353490851199,-0.0012259380011381401
6.885,-0.004040171047471293,-0.0010509109225201904
6.9,-0.004014173346468008,-0.0008834048331108463
6.915,-0.003986362231937671,-0.0007246825300768226
6.93,-0.003956742294731078,-0.0005759283117590637
6.945,-0.00392531828500563,-0.000438235715811041
6.96,-0.003892099119506297,-0.00031260266508226914
6.975,-0.00385709538083115,-0.0001999208896728169
6.99,-0.0038203173936494105,-0.00010096682288428032
7.005,-0.0037817810502439584,-1.6401093152367853e-5
7.02,-0.0037415006341785044,5.324386749676292e-5
7.035,-0.0036994945954015256,0.00010756228273102507
7.05,-0.0036557830375505106,0.00014628085492918858
7.065,-0.003610386983687245,0.00016926146666338543
7.08,-0.003563329639642628,0.0001765010307968936
7.095,-0.0035146370543308837,0.00016813065035983744
7.11,-0.0034643358034777342,0.00014441674252428129
7.125,-0.0034124542386946128,0.00010575745225346791
7.14,-0.0033590250703765985,5.2676645823011153e-5
7.155,-0.0033040779082023283,-1.4173019894980765e-5
7.17,-0.00324764728625406,-9.402370130683502e-5
7.185,-0.0031897700473985306,-0.0001859961649841352
7.2,-0.0031304812797108596,-0.000289103093324737
7.215,-0.003069820630175811,-0.0004022636567635558
7.23,-0.0030078265192312564,-0.0005243067851636316
7.245,-0.002944540843619668,-0.0006539855770324454
7.26,-0.0028800061277672604,-0.0007899849277752139
7.275,-0.0028142653695807157,-0.0009309322469581861
7.29,-0.0027473624543168044,-0.0010754093725855454
7.305,-0.002679343544037917,-0.0012219657288119307
7.32,-0.0026102550051574206,-0.001369128405469314
7.335,-0.0025401443801962393,-0.0015154152952411158
7.35,-0.0024690593504907523,-0.0016593465004041664
7.365,-0.0023970492989838763,-0.0017994581599857804
7.38,-0.002324162589349801,-0.0019343120162926965
7.395,-0.0022504501781858157,-0.0020625109623078988
7.41,-0.002175962203648619,-0.002182707372892021
7.425,-0.002100748667078895,-0.0022936150004081576
7.44,-0.0020248608216380214,-0.0023940212184182567
7.455,-0.0019483503897527994,-0.002482796332210509
7.47,-0.0018712678398689067,-0.0025589014628053606
7.485,-0.001793664671451301,-0.0026213995149623327
7.5,-0.0017155923831440817,-0.0026694621887535996
7.515,-0.001637101252954581,-0.00270237571799835
7.53,-0.0015582414926931258,-0.0027195482436829354
7.545,-0.0014790653763827072,-0.002720516997853575
7.56,-0.0013996212704044913,-0.0027049464504435407
7.575,-0.0013199589181557036,-0.0026726367132633173
7.59,-0.0012401266649014796,-0.0026235225583447755
7.605,-0.0011601732314854753,-0.00255767610986639
7.62,-0.0010801465479694373,-0.0024753054212104724
7.635,-0.001000092251136332,-0.002376751530876053
7.65,-0.0009200571348398062,-0.0022624894586239603
7.665,-0.0008400849186706011,-0.00213312035457088
7.68,-0.0007602206267161106,-0.001989371389315327
7.695,-0.0006805059300430737,-0.0018320852501560998
7.71,-0.0006009832996550126,-0.0016622179199114494
7.725,-0.0005216924771787273,-0.0014808274536355108
7.74,-0.0004426734827209893,-0.001289068805586796
7.755,-0.0003639638666500359,-0.0010881817039875728
7.77,-0.00028560062159456976,-0.0008794829325953894
7.785,-0.00020761863334913834,-0.000664354162713384
7.8,-0.00013005092960296418,-0.0004442311500258575
7.815,-5.293209866110919e-5,-0.00022059579623483574
7.83,2.3708509123369833e-5,5.042658568932183e-6
7.845,9.984055534982366e-5,0.0002311534073205995
7.86,0.00017543595960556438,0.00045619964707143307
7.875,0.0002504698656075233,0.0006786519465992009
7.89,0.0003249144760667293,0.0008969942766762127
7.905,0.0003987478943693178,0.0011097451276525492
7.92,0.00047194833265166335,0.0013154636484785389
7.935,0.000544495664326118,0.0015127628212499218
7.95,0.0006163699681461017,0.001700319223401307
7.965,0.0006875545812414089,0.0018768866605542618
7.98,0.0007580344181677418,0.0020413047025825233
7.995,0.000827794207072345,0.002192506221912052
8.01,0.0008968221003424332,0.002329529742205448
8.025,0.0009651054293453506,0.0024515228665867696
8.04,0.0010326354337912365,0.0025577539989425496
8.055,0.0010994036490193314,0.0026476147414124023
8.07,0.0011654032652805167,0.002720626093488163
8.085,0.0012306273041721152,0.0027764406685386557
8.1,0.001295072264273373,0.002814849162736606
8.115,0.0013587355401021336,0.002835779472267014
8.13,0.0014216143300577588,0.002839296384338816
8.145,0.001483708175917493,0.002825603547234562
8.16,0.001545017113193007,0.002795040081619091
8.175,0.0016055433146144786,0.0027480795903518113
8.19,0.001665288454818834,0.002685323767289952
8.205,0.0017242561884695904,0.0026075000465287292
8.22,0.0017824510292745019,0.002515454753155941
8.235,0.0018398780266143599,0.0024101460019373706
8.25,0.0018965418890296252,0.0022926351366644275
8.265,0.0019524509815117635,0.00216408228245658
8.28,0.0020076114053448318,0.002025731141992688
8.295,0.002062031643851206,0.0018789036000205395
8.31,0.0021157182820092085,0.0017249849834629584
8.325,0.002168681490415246,0.001565418298143105
8.34,0.002220930440477553,0.0014016881780129658
8.355,0.002272473234662097,0.0012353089194808602
8.37,0.0023233206640991414,0.001067815956840259
8.385,0.002373481145389636,0.000900748650462931
8.4,0.0024229652651328658,0.0007356423959884314
8.415,0.002471782570471031,0.0005740130765530258
8.43,0.002519942663779407,0.000417346044355013
8.445,0.0025674548141266704,0.0002670838654325394
8.46,0.002614328731849524,0.00012461540131625563
8.475,0.0026605735026117108,-8.736297569893713e-6
8.49,0.0027061972033509047,-0.00013172499245715438
8.505,0.0027512096740702732,-0.00024318846183777427
8.52,0.0027956174277411873,-0.00034206293504270447
8.535,0.002839427578430736,-0.00042738762320643784
8.55,0.002882647940521959,-0.0004983123194179672
8.565,0.0029252837640980256,-0.0005541074679858921
8.58,0.002967341459986173,-0.0005941661847848616
8.595,0.003008825223033349,-0.0006180125654161946
8.61,0.003049738718916643,-0.0006253036354670139
8.625,0.003090085415150008,-0.0006158317901149581
8.64,0.0031298678360098292,-0.0005895271612477021
8.655,0.0031690868327363415,-0.0005464587446021817
8.67,0.0032077420963854183,-0.000486833356246448
8.685,0.0032458348058956553,-0.000410991187086237
8.7,0.003283361971317571,-0.0003194086506725833
8.715,0.0033203216990540987,-0.00021268920463905425
8.73,0.003356709152749946,-9.156252967555721e-5
8.745,0.003392520579717443,4.312557633467332e-5
8.76,0.003427749654421924,0.00019041629196780378
8.775,0.0034623896764404655,0.0003492478904972697
8.79,0.0034964314650655,0.0005184620783444793
8.805,0.0035298668978787054,0.0006968171155784463
8.82,0.00356268592687559,0.0008829947186052042
8.835,0.003594875337551086,0.001075609621133017
8.85,0.003626423881559197,0.001273225818153199
8.865,0.0036573182997221916,0.001474364209382236
8.88,0.003687542009882429,0.0016775132610474522
8.895,0.0037170796776354966,0.001881145728692825
8.91,0.0037459149106908673,0.002083728683938923
8.925,0.0037740296123370907,0.002283735238437201
8.94,0.0038014047052093935,0.002479657468233277
8.955,0.0038280199590082467,0.002670018525162984
8.97,0.0038538543641692797,0.0028533846848965297
8.985,0.0038788867078359533,0.0030283775926850808
9.0,0.003903094734911471,0.0031936843365075215
9.015,0.003926453345129291,0.003348066268090152
9.03,0.003948939638293217,0.003490373834595561
9.045,0.003970528680107264,0.003619551561053973
9.06,0.003991194138673423,0.0037346470955303412
9.075,0.004010910372790072,0.003834820771399948
9.09,0.0040296507526799905,0.0039193506607282024
9.105,0.00404738741479328,0.003987637865256679
9.12,0.004064093741138021,0.00403921373319545
9.135,0.004079741014141517,0.004073740100251772
9.15,0.00409430168679363,0.004091015052866297
9.165,0.00410774605205625,0.004090971060591594
9.18,0.004120046663216907,0.004073679661647738
9.195,0.004131174265761221,0.004039346654181065
9.21,0.0041411010038231435,0.003988313305915465
9.225,0.004149797543688239,0.003921050604118907
9.24,0.0041572352782528405,0.0038381572928168177
9.255,0.004163386598851153,0.003740355063020123
9.27,0.004168223810789917,0.003628481418459211
9.285,0.004171718715166629,0.0035034821707930026
9.3,0.004173844645501944,0.0033664055647742
9.315,0.004174574878271823,0.003218392027133834
9.33,0.004173883459359385,0.0030606654015831623
9.345,0.004171746065472218,0.002894523619728633
9.36,0.004168137541425363,0.002721325630244593
9.375,0.00416303295535534,0.002542481055328942
9.39,0.004156412122783557,0.0023594430821490897
9.405,0.004148251541832062,0.002173688482817256
9.42,0.00413853100644554,0.0019867118755610967
9.435,0.00412723171545983,0.0018000116124308688
9.45,0.004114333008337645,0.0016150741791214037
9.465,0.004099819835657513,0.0014333692820997588
9.48,0.004083675974128925,0.0012563311117895358
9.495,0.004065886301065175,0.0010853487200639272
9.51,0.004046438155906144,0.0009217559160852717
9.525,0.004025319655233521,0.000766818738967084
9.54,0.004002520443939914,0.0006217256748661903
9.555,0.003978032648940971,0.0004875788342175685
9.57,0.0039518492577048335,0.00036538341436032074
9.585,0.003923964008417916,0.00025603914173741044
9.6,0.003894373985266002,0.00016033556784644971
9.615,0.003863077170976524,7.894320792125502e-5
9.63,0.0038300744247476543,1.2409812537858729e-5
9.645,0.0037953649759303347,-3.8848410189220445e-5
9.66,0.0037589539095008377,-7.454288084587923e-5
9.675,0.003720846649792932,-9.452046215807077e-5
9.69,0.0036810502865836214,-9.876338122606111e-5
9.705,0.0036395729404295326,-8.739004140002199e-5
9.72,0.0035964251918154484,-6.065255095445959e-5
9.735,0.0035516200689501695,-1.8934749871719805e-5
9.75,0.0035051722964736095,3.7250344928074774e-5
9.765,0.0034570974134164874,0.00010726368668959258
9.78,0.0034074144516893228,0.00019034839535484772
9.795,0.00335614234398731,0.00028563218306521974
9.81,0.003303303582343377,0.0003921383030820432
9.825,0.0032489216839707794,0.000508791071766265
9.84,0.0031930211470489814,0.0006344246143870618
9.855,0.003135629521953855,0.0007677946214620702
9.87,0.003076774560232381,0.0009075857765231386
9.885,0.003016487591813435,0.0010524258897140547
9.9,0.0029548003319574056,0.001200894110480802
9.915,0.002891746952283808,0.0013515346768341683
9.93,0.002827361325734011,0.001502866227552074
9.945,0.0027616799499367724,0.0016533970184035103
9.96,0.0026947417258342873,0.0018016369338398534
9.975,0.0026265856473146505,0.00194610755461003
9.99,0.002557250693992404,0.0020853543499311723
10.005,0.0024867811519437254,0.0022179640517393257
10.02,0.0024152184808390103,0.0023425681764049403
10.035,0.002342606676384791,0.002457859966130372
10.05,0.002268992122226244,0.0025626049000841283
10.065,0.00219442028559663,0.0026556479076590596
10.08,0.002118937898479408,0.0027359251163170603
10.095,0.0020425930124413558,0.002802472913117018
10.11,0.0019654341314544583,0.0028544351060450384
10.125,0.001887510403140776,0.0028910705707190826
10.14,0.0018088725620926825,0.0029117602880530135
10.155,0.0017295703081626835,0.002916010308724614
10.17,0.0016496543091866277,0.0029034578810828823
10.185,0.0015691751989236017,0.0028738739305439916
10.2,0.0014881857271881503,0.002827167238270801
10.215,0.00140673723794295,0.0027633820634278224
10.23,0.0013248799221730087,0.002682698321789422
10.245,0.0012426664717691556,0.0025854342029336935
10.26,0.001160149345901149,0.0024720410527949896
10.275,0.001077379528550884,0.002343098908497615
10.29,0.0009944068109633097,0.0021993123718082185
10.305,0.0009112849819841942,0.0020415103066508938
10.32,0.0008280622627112105,0.001870629994872844
10.335,0.0007447892148755202,0.0016877177455079774
10.35,0.00066151690174605,0.0014939187015621917
10.365,0.0005782930651021027,0.00129046426621893
10.38,0.0004951665326837261,0.0010786666198964168
10.395,0.00041218448938404057,0.0008599057367487772
10.41,0.00032939436048839944,0.0006356203622910038
10.425,0.0002468414900566964,0.0004072941664530809
10.44,0.0001645705552660199,0.00017644556460757167
10.455,8.262680531368102e-5,-5.5383265591985235e-5
10.47,1.0522769369153161e-6,-0.00028664235303791594
10.485,-8.011149361830848e-5,-0.0005157835074161334
10.5,-0.00016082254609414725,-0.0007412718922042293
10.515,-0.0002410435547593368,-0.0009616031236821226
10.53,-0.0003207344427004267,-0.0011753079860098428
10.545,-0.0003998588071820959,-0.0013809705776946682
10.56,-0.0004783819452309123,-0.0015772375815046493
10.575,-0.0005562689580360068,-0.001762827215874996
10.59,-0.0006334881379295471,-0.001936542805611117
10.605,-0.0007100061884224887,-0.0020972776271996054
10.62,-0.0007857938014482024,-0.002244029191718769
10.635,-0.0008608247099481574,-0.002375906401469374
10.65,-0.000935069663926235,-0.0024921305901215627
10.665,-0.0010085045657167854,-0.0025920498473397634
10.68,-0.001081105218233894,-0.002675138956807351
10.695,-0.0011528489976056096,-0.0027410052442599676
10.71,-0.001223716552359036,-0.0027893933553461824
10.725,-0.0012936870139893,-0.0028201824796562063
10.74,-0.0013627439583355867,-0.0028333932392281356
10.755,-0.0014308706018079844,-0.002829182617747609
10.77,-0.0014980523092592937,-0.0028078452718063966
10.785,-0.0015642761656104484,-0.002769810493942725
10.8,-0.0016295304057935304,-0.0027156382749299844
10.815,-0.0016938055277986857,-0.0026460157852663388
10.83,-0.001757091743177858,-0.0025617493991167703
10.845,-0.0018193825180527164,-0.0024637615064892985
10.86,-0.0018806717939118507,-0.0023530803225325445
10.875,-0.0019409546929371401,-0.0022308323822387106
10.89,-0.002000228150961661,-0.0020982339938305943
10.905,-0.002058490110918744,-0.0019565805135011304
10.92,-0.00211574014642333,-0.0018072367729175076
10.935,-0.002171977664017299,-0.001651623987528108
10.95,-0.0022272053668537916,-0.0014912119228992294
10.965,-0.0022814253634581114,-0.0013275031443837236
10.98,-0.0023346415642626446,-0.0011620232460191654
10.995,-0.0023868579682817396,-0.000996306972266124
11.01,-0.0024380811118030737,-0.0008318881018014831
11.025,-0.00248831601284498,-0.0006702833688068067
11.04,-0.0025375708314473067,-0.0005129845967807595
11.055,-0.002585853245349878,-0.000361443349043701
11.07,-0.002633171770403744,-0.000217060454388256
11.085,-0.002679536426436384,-8.117549944876767e-5
11.1,-0.0027249563216921167,4.494633568415856e-5
11.115,-0.002769442180682104,0.00016012187933185304
11.13,-0.0028130038334814957,0.0002632619605176228
11.145,-0.0028556524045180534,0.0003533778351764729
11.16,-0.0028973998859665936,0.0004295895524130248
11.175,-0.002938257851088603,0.0004911342509425752
11.19,-0.0029782369963824787,0.0005373725636987144
11.205,-0.0030173508685640725,0.0005677900277139256
11.22,-0.003055609998048188,0.0005820068182387657
11.235,-0.0030930261954750667,0.0005797766162598202
11.25,-0.0031296117184294618,0.0005609890287086648
11.265,-0.0031653766661410704,0.0005256731237185727
11.28,-0.003200334088114918,0.0004739918074983594
11.295,-0.003234493651983778,0.0004062467946649097
11.31,-0.0032678665717245214,0.0003228709626131557
11.325,-0.003300462456815785,0.0002244280052796279
11.34,-0.0033322916210977807,0.00011160524789766884
11.355,-0.0033633635280624517,-1.4790456491148036e-5
11.37,-0.003393685757161151,-0.00015383832383575758
11.385,-0.0034232664777781364,-0.00030451376951423333
11.4,-0.003452113821849504,-0.00046569619804242126
11.415,-0.0034802338990340357,-0.0006361762494912129
11.43,-0.003507631966632817,-0.0008146668171136809
11.445,-0.003534314181986781,-0.000999815460594509
11.46,-0.0035602839015063717,-0.0011902116685958359
11.475,-0.0035855450010454024,-0.0013844017956311239
11.49,-0.0036100994428046973,-0.0015808984522739252
11.505,-0.0036339492626102287,-0.001778194637267026
11.52,-0.0036570937219011445,-0.0019747732004372466
11.535,-0.003679533788209955,-0.0021691236442998125
11.55,-0.003701267643779145,-0.0023597500102615293
11.565,-0.0037222925176422375,-0.002545184812994006
11.58,-0.003742606550813315,-0.002724002853295778
11.595,-0.003762202835615793,-0.0028948268719208806
11.61,-0.003781076560482728,-0.0030563457914193634
11.625,-0.003799222976832847,-0.003207323395099118
11.64,-0.0038166322617888965,-0.0033466031552674908
11.655,-0.0038332983077963337,-0.003473126439800477
11.67,-0.003849209245539122,-0.0035859314802480177
11.685,-0.0038643551960443304,-0.003684169006073195
11.7,-0.0038787259359101944,-0.0037671065727997
11.715,-0.0038923073984057687,-0.003834131160829875
11.73,-0.0039050864744342205,-0.003884758647220045
11.745,-0.003917050044183725,-0.003918636798020978
11.76,-0.003928180567388295,-0.003935543560950077
11.775,-0.003938464699600274,-0.003935397438473257
11.79,-0.0039478847066540335,-0.003918249367730667
11.805,-0.003956422681182934,-0.0038842864162473762
11.82,-0.003964060136235002,-0.0038338297031124554
11.835,-0.003970778096957606,-0.0037673318351549587
11.85,-0.003976558517845728,-0.003685374294746048
11.865,-0.0039813791364805345,-0.0035886576273059367
11.88,-0.003985219967184838,-0.003478001914738212
11.895,-0.003988061087817001,-0.003354337828022768
11.91,-0.0039898798742495295,-0.0032186960000121713
11.925,-0.00399065423689623,-0.0030722018991323203
11.94,-0.0039903626418707205,-0.0029160663889319597
11.955,-0.0039889826162707726,-0.0027515741917590493
11.97,-0.003986491483890849,-0.002580074009903185
11.985,-0.003982866117466489,-0.0024029672351980856
12.0,-0.003978084872194025,-0.0022216980989742856
12.015,-0.003972124143592703,-0.0020377385001242795
12.03,-0.0039649618185950385,-0.0018525791110104205
12.045,-0.003956576372525794,-0.0016677163071822363
12.06,-0.003946945029877879,-0.001484637917983605
12.075,-0.0039360454629594884,-0.0013048125714671655
12.09,-0.003923857054062029,-0.0011296789261282798
12.105,-0.003910359333199378,-0.0009606321604226651
12.12,-0.0038955312741943728,-0.0007990117671262875
12.135,-0.0038793528050478855,-0.000646091886876728
12.15,-0.0038618054105307525,-0.0005030715761553152
12.165,-0.003842870924640669,-0.0003710634158000225
12.18,-0.003822530997514335,-0.00025108399328147447
12.195,-0.0038007700313694394,-0.00014404821028104206
12.21,-0.0037775710389480496,-5.075765522052e-5
12.225,-0.0037529204696809316,2.8101358299865032e-5
12.24,-0.0037268036039408182,9.196797136369877e-5
12.255,-0.0036992087382719295,0.00014040751651477187
12.27,-0.003670124026029671,0.0001731180926278185
12.285,-0.0036395388060074807,0.00018993214643455488
12.3,-0.0036074449937940085,0.0001908162645506313
12.315,-0.0035738340525490147,0.00017587484117132087
12.33,-0.0035387012692808402,0.00014534488622645935
12.345,-0.003502041489793822,9.959858866383751e-5
12.36,-0.003463849754766089,3.913965960355287e-5
12.375,-0.00342412481415304,-3.540411111336737e-5
12.39,-0.003382867742737545,-0.00012328455343896564
12.405,-0.0033400782495953433,-0.00022363539405344983
12.42,-0.003295759917816979,-0.00033548456548346305
12.435,-0.0032499173002599885,-0.0004577590908949984
12.45,-0.0032025559558355645,-0.0005892938357278696
12.465,-0.003153684039220786,-0.0007288424984054848
12.48,-0.003103311008109954,-0.0008750865824918418
12.495,-0.003051447628522334,-0.001026645929045009
12.51,-0.0029981073794245645,-0.001182091546201594
12.525,-0.002943303232493674,-0.0013399538734656174
12.54,-0.0028870530914171188,-0.001498740298696996
12.555,-0.002829374627711698,-0.0016569421640140487
12.57,-0.002770286229856884,-0.00181304807291329
12.585,-0.0027098100911242735,-0.0019655592126920068
12.6,-0.0026479693231842016,-0.002112998985603572
12.615,-0.002584787649505025,-0.0022539245303881414
12.63,-0.00252029239045352,-0.002386941756323079
12.645,-0.0024545101147754682,-0.0025107123367253746
12.66,-0.00238747135027967,-0.0026239695871679023
12.675,-0.00231920605429605,-0.0027255241460190822
12.69,-0.002249747720868013,-0.0028142781564776545
12.705,-0.0021791291399830817,-0.002889230034434335
12.72,-0.002107386301284482,-0.002949486665422788
12.735,-0.00203455600490598,-0.0029942684153502017
12.75,-0.001960675682515435,-0.003022915830865101
12.765,-0.0018857854035906208,-0.0030348967135987275
12.78,-0.0018099256138794392,-0.0030298088895401977
12.795,-0.0017331384373754173,-0.003007384758596767
12.81,-0.0016554662098639218,-0.0029674923359795753
12.825,-0.0015769527965671872,-0.002910137883817821
12.84,-0.001497643511247453,-0.002835466055971018
12.855,-0.0014175840343783577,-0.0027437579396491114
12.87,-0.001336821655915206,-0.0026354302988483135
12.885,-0.0012554040824031105,-0.002511031224260118
12.9,-0.0011733786139408496,-0.0023712352455194704
12.915,-0.0010907962232497577,-0.002216842147743099
12.93,-0.0010077052914476592,-0.002048764650464995
12.945,-0.00092415512537678,-0.0018680246416383115
12.96,-0.0008401979911111867,-0.001675747354660822
12.975,-0.0007558844498189052,-0.0014731479034028891
12.99,-0.0006712649259382159,-0.0012615231602378274
13.005,-0.0005863919364291617,-0.0010422439122706106
13.02,-0.0005013167180738826,-0.000816740678891068
13.035,-0.0004160915868753329,-0.0005864945896517725
13.05,-0.0003307674481381761,-0.00035302352233344846
13.065,-0.00024539586477848735,-0.0001178717708034827
13.08,-0.00016002942796982503,0.00011740143047821218
13.095,-7.471869013687993e-5,0.000351237549384104
13.11,1.0485136876018953e-5,0.0005820883420774608
13.125,9.553207559584665e-5,0.0008084299354860563
13.14,0.0001803710732926766,0.001028772718069904
13.155,0.0002649529467518416,0.001241675911916488
13.17,0.00034922953033049187,0.0014457581798520362
13.185,0.00043314982452355986,0.001639704768534922
13.2,0.0005166692856949131,0.0018222870386360572
13.215,0.000599739257270817,0.0019923617115488166
13.23,0.0006823147566236016,0.0021488875472918823
13.245,0.0007643503394002111,0.0022909295116191114
13.26,0.000845800629703883,0.0024176665028937906
13.275,0.0009266249597045365,0.00252840242290461
13.29,0.0010067800901802971,0.002622564409951644
13.305,0.001086224930119236,0.0026997117835529695
13.32,0.0011649208058639973,0.002759539844830304
13.335,0.00124282829629104,0.002801878750460924
13.35,0.001319911035972891,0.002826698685125366
13.365,0.0013961329828969479,0.0028341070048028202
13.38,0.0014714606388300383,0.0028243494310693984
13.395,0.0015458598230859689,0.002797804679628735
13.41,0.00161929854661733,0.002754984048969192
13.425,0.001691748345866678,0.0026965283999674534
13.44,0.0017631799743883098,0.0026231985764991706
13.455,0.001833565383250085,0.0025358709445451565
13.47,0.001902880506547896,0.002435532992326488
13.485,0.001971099940118696,0.0023232698835450433
13.5,0.002038201332085656,0.0022002599348763456
13.515,0.002104164575857515,0.002067763999289717
13.53,0.0021689696060347326,0.0019271131229839128
13.545,0.002232598776305901,0.0017796999228964067
13.56,0.0022950362829050087,0.0016269666514817857
13.575,0.0023562660785344668,0.001470391453305906
13.59,0.002416276900546664,0.0013114810927072381
13.605,0.0024750555672636834,0.001151752253649359
13.62,0.0025325928138803105,0.000992724942675865
13.635,0.0025888797888685335,0.0008359065889315953
13.65,0.002643909536397483,0.0006827813082931262
13.665,0.00269767591814273,0.000534796851363155
13.68,0.002750174714675621,0.0003933539308633989
13.695,0.0028014040575900533,0.0002597952409433297
13.71,0.002851361901759424,0.00013539224873898408
13.725,0.0029000481668767326,2.1336956744129505e-5
13.74,0.0029474641623098946,-8.126837691202178e-5
13.755,0.0029936107799427582,-0.000171421703737888
13.77,0.003038494302809795,-0.00024822355920484096
13.785,0.0030821171279313765,-0.0003108935684335802
13.8,0.0031244859652808632,-0.0003587683875970731
13.815,0.003165608270521739,-0.00039131064147801065
13.83,0.0032054916067047402,-0.00040811371833241556
13.845,0.0032441439998030096,-0.00040890467315325175
13.86,0.0032815763418372365,-0.00039354379706173443
13.875,0.00331779913194428,-0.0003620290219071864
13.89,0.0033528227039106282,-0.00031449541289785407
13.905,0.0033866598665115624,-0.000251211383712402
13.92,0.003419323669925113,-0.00017257853497996446
13.935,0.003450826455649825,-7.91292140841361e-5
13.95,0.0034811831920474284,2.848137177387071e-5
13.965,0.00351040735635246,0.00014947635367727925
13.98,0.003538513149471868,0.0002829661432235957
13.995,0.003565517367148489,0.0004279574953683779
14.01,0.0035914338735889267,0.0005833563696650253
14.025,0.003616277265659461,0.0007479805087206672
14.04,0.0036400655886181126,0.0009205720184597157
14.055,0.0036628132107608675,0.0010998006298952928
14.07,0.0036845350664062347,0.00128427896622138
14.085,0.0037052490103128585,0.0014725761560647186
14.1,0.0037249684475286395,0.0016632225555558932
14.115,0.0037437098358933064,0.0018547289890931784
14.13,0.003761487726311114,0.0020455943743658963
14.145,0.0037783174505032244,0.0022343205662315817
14.16,0.003794213572599825,0.0024194231993870862
14.175,0.0038091897287963325,0.0025994437494457007
14.19,0.0038232598940513224,0.0027729628024898674
14.205,0.003836437524687186,0.0029386107718630916
14.22,0.0038487351451544664,0.0030950788820438453
14.235,0.0038601644887076353,0.0032411299439700563
14.25,0.00387073587174073,0.0033756080613784
14.265,0.0038804626418129226,0.0034974523600243505
14.28,0.0038893524230692433,0.0036056972235701925
14.295,0.0038974158140642314,0.0036994886624847757
14.31,0.003904660829158504,0.00377808606530828
14.325,0.003911095350323513,0.0038408704880760008
14.34,0.003916725250306387,0.0038873480430625827
14.355,0.003921557821743475,0.003917157407259169
14.37,0.003925597371383786,0.003930068361724754
14.385,0.003928848288352547,0.003925986765938985
14.4,0.003931313922121202,0.003904954309971484
14.415,0.003932996554413889,0.003867148115752882
14.43,0.003933897274645118,0.003812879260461431
14.445,0.00393401699868083,0.003742591184822589
14.46,0.003933354927734437,0.003656854726681002
14.475,0.003931908960239917,0.0035563636591156183
14.49,0.003929678454666169,0.0034419320170295687
14.505,0.00392665925613747,0.003314482356314386
14.52,0.003922846099923045,0.0031750407164249563
14.535,0.003918235765782678,0.0030247313489342514
14.55,0.003912821712657506,0.0028647621114506337
14.565,0.0039065963660406475,0.0026964170744161074
14.58,0.003899552676747961,0.002521047403015964
14.595,0.0038916820044975374,0.002340058221581026
14.61,0.0038829755770783416,0.0021548986137550075
14.625,0.0038734227080611575,0.0019670479829588788
14.64,0.003863012880699654,0.001778006040433319
14.655,0.0038517356746964816,0.001589280308298692
14.67,0.003839577312861184,0.001402370456072791
14.685,0.003826526983970128,0.0012187622719084306
14.7,0.0038125708642883865,0.0010399094817799665
14.715,0.0037976946964683907,0.0008672243709088533
14.73,0.0037818850133075088,0.0007020674071724505
14.745,0.0037651273752404924,0.0005457342857317707
14.76,0.0037474082869517625,0.0003994472260452401
14.775,0.0037287099564216127,0.00026433951876505364
14.79,0.003709019222584003,0.00014145521925963515
14.805,0.003688320595740882,3.173350001162622e-5
14.82,0.00366659640114259,-6.399906823068794e-5
14.835,0.003643833019285651,-0.00014502898618458685
14.85,0.003620014909279414,-0.00021076791277769126
14.865,0.0035951252179482916,-0.00026075702448032046
14.88,0.0035691494913067993,-0.0002946670242957492
14.895,0.003542072142528624,-0.0003123047405580934
14.91,0.0035138778515488574,-0.0003136132640056562
14.925,0.0034845527263420288,-0.00029867161590754407
14.94,0.0034540820557522347,-0.0002676962899842393
14.955,0.003422452074436723,-0.00022103815608896316
14.97,0.003389649545717269,-0.0001591799593747725
14.985,0.0033556613786326216,-8.273311371751824e-5
15.0,0.003320475964721052,7.568572577908595e-6
