"f","p","u.x:0","u.x:1","u.x:2","Points:0","Points:1","Points:2"
0.5,0,26.699126,-0.029146283,0,-37.790572,-4.0851154e-06,0
0.5,0,26.709597,-0.035434655,0,-37.7998,-4.1286504e-06,0
0.5,0,26.683399,-0.022114392,0,-37.781343,-4.2878202e-06,0
0.5,0,26.682935,-0.021780774,0,-37.772115,-4.7426067e-06,0
0.5,0,26.689737,-0.022201463,0,-37.762886,-5.0662948e-06,0
0.5,0,26.691001,-0.021878235,0,-37.753658,-5.2849718e-06,0
0.5,0,26.690431,-0.021396471,0,-37.744429,-5.4649439e-06,0
0.5,0,26.692601,-0.021462187,0,-37.735201,-5.547593e-06,0
0.5,0,26.696972,-0.022130915,0,-37.725972,-5.4477914e-06,0
0.5,0,26.701394,-0.022739802,0,-37.716744,-5.1470848e-06,0
0.5,0,26.704909,-0.02246355,0,-37.707515,-4.7639265e-06,0
0.5,0,26.706438,-0.021164564,0,-37.698287,-4.4716332e-06,0
0.5,0,26.704744,-0.019388688,0,-37.689058,-4.3833029e-06,0
0.5,0,26.700197,-0.017828124,0,-37.67983,-4.520643e-06,0
0.5,0,26.694881,-0.016940433,0,-37.670601,-4.8198092e-06,0
0.5,0,26.690803,-0.01697239,0,-37.661373,-5.1645328e-06,0
0.5,0,26.6885,-0.017765274,0,-37.652145,-5.4299326e-06,0
0.5,0,26.687455,-0.018755228,0,-37.642916,-5.5373899e-06,0
0.5,0,26.687163,-0.019475526,0,-37.633688,-5.4823771e-06,0
0.5,0,26.687609,-0.019814652,0,-37.624459,-5.3027435e-06,0
0.5,0,26.689093,-0.019820871,0,-37.615231,-5.0479353e-06,0
0.5,0,26.69178,-0.019458368,0,-37.606002,-4.7818557e-06,0
0.5,0,26.695393,-0.018665536,0,-37.596774,-4.5875368e-06,0
0.5,0,26.69927,-0.017577467,0,-37.587545,-4.5407266e-06,0
0.5,0,26.702712,-0.016567887,0,-37.578317,-4.665147e-06,0
0.5,0,26.705325,-0.016038374,0,-37.569088,-4.9080165e-06,0
0.5,0,26.707285,-0.016162594,0,-37.55986,-5.1600906e-06,0
0.5,0,26.709099,-0.016828182,0,-37.550631,-5.3086433e-06,0
0.5,0,26.711262,-0.01770429,0,-37.541403,-5.2899531e-06,0
0.5,0,26.713821,-0.018264568,0,-37.532174,-5.1124575e-06,0
0.5,0,26.716164,-0.018128265,0,-37.522946,-4.8507231e-06,0
0.5,0,26.717588,-0.01736067,0,-37.513718,-4.604776e-06,0
0.5,0,26.717782,-0.016310267,0,-37.504489,-4.4428066e-06,0
0.5,0,26.71699,-0.015390518,0,-37.495261,-4.3735114e-06,0
0.5,0,26.715735,-0.014890776,0,-37.486032,-4.357283e-06,0
0.5,0,26.714468,-0.014837806,0,-37.476804,-4.3396665e-06,0
0.5,0,26.713379,-0.015043566,0,-37.467575,-4.2839275e-06,0
0.5,0,26.71243,-0.015312838,0,-37.458347,-4.1810839e-06,0
0.5,0,26.71158,-0.015568853,0,-37.449118,-4.0301785e-06,0
0.5,0,26.71095,-0.015822198,0,-37.43989,-3.8236727e-06,0
0.5,0,26.710776,-0.016084652,0,-37.430661,-3.558431e-06,0
0.5,0,26.71121,-0.016289619,0,-37.421433,-3.2456847e-06,0
0.5,0,26.712174,-0.016327772,0,-37.412204,-2.9115707e-06,0
0.5,0,26.713391,-0.016185708,0,-37.402976,-2.592085e-06,0
0.5,0,26.714542,-0.015964826,0,-37.393747,-2.314475e-06,0
0.5,0,26.71541,-0.015774144,0,-37.384519,-2.084631e-06,0
0.5,0,26.715889,-0.01566324,0,-37.375291,-1.8960942e-06,0
0.5,0,26.71593,-0.015616256,0,-37.366062,-1.7419938e-06,0
0.5,0,26.715542,-0.015580889,0,-37.356834,-1.6180381e-06,0
0.5,0,26.714908,-0.015513261,0,-37.347605,-1.5207374e-06,0
0.5,0,26.714476,-0.015400926,0,-37.338377,-1.4460502e-06,0
0.5,0,26.714833,-0.015258593,0,-37.329148,-1.3903113e-06,0
0.5,0,26.716404,-0.015118086,0,-37.31992,-1.3513725e-06,0
0.5,0,26.71922,-0.01502098,0,-37.310691,-1.3279325e-06,0
0.5,0,26.722939,-0.015002055,0,-37.301463,-1.3175659e-06,0
0.5,0,26.72702,-0.015062717,0,-37.292234,-1.3153033e-06,0
0.5,0,26.730888,-0.015154925,0,-37.283006,-1.3136128e-06,0
0.5,0,26.734102,-0.015201096,0,-37.273777,-1.3031259e-06,0
0.5,0,26.736541,-0.015153383,0,-37.264549,-1.2749849e-06,0
0.5,0,26.738459,-0.015029465,0,-37.25532,-1.2238858e-06,0
0.5,0,26.74031,-0.014893526,0,-37.246092,-1.1488737e-06,0
0.5,0,26.742366,-0.014822728,0,-37.236864,-1.0527294e-06,0
0.5,0,26.744658,-0.014848475,0,-37.227635,-9.3896476e-07,0
0.5,0,26.746407,-0.014919621,0,-37.218407,-8.0738336e-07,0
0.5,0,26.747639,-0.014943027,0,-37.209178,-6.5731349e-07,0
0.5,0,26.747729,-0.01487851,0,-37.19995,-5.0588322e-07,0
0.5,0,26.746248,-0.014746552,0,-37.190721,-3.9092996e-07,0
0.5,0,26.743933,-0.014530082,0,-37.181493,-3.4964024e-07,0
0.5,0,26.740891,-0.014229735,0,-37.172264,-4.0785439e-07,0
0.5,0,26.737972,-0.013911041,0,-37.163036,-5.7972385e-07,0
0.5,0,26.735679,-0.013624269,0,-37.153807,-8.6696675e-07,0
0.5,0,26.733857,-0.013400575,0,-37.144579,-1.255953e-06,0
0.5,0,26.732101,-0.013251474,0,-37.13535,-1.7156298e-06,0
0.5,0,26.729993,-0.013239298,0,-37.126122,-2.2095804e-06,0
0.5,0,26.727324,-0.013432972,0,-37.116893,-2.700863e-06,0
0.5,0,26.724217,-0.013789247,0,-37.107665,-3.1529155e-06,0
0.5,0,26.720887,-0.014216221,0,-37.098437,-3.5382618e-06,0
0.5,0,26.717574,-0.014625763,0,-37.089208,-3.8376247e-06,0
0.5,0,26.714568,-0.014978502,0,-37.07998,-4.0403715e-06,0
0.5,0,26.712019,-0.015226529,0,-37.070751,-4.1459197e-06,0
0.5,0,26.710034,-0.015309873,0,-37.061523,-4.1698623e-06,0
0.5,0,26.708848,-0.015175726,0,-37.052294,-4.1485688e-06,0
0.5,0,26.708639,-0.014787299,0,-37.043066,-4.1293947e-06,0
0.5,0,26.709139,-0.01420098,0,-37.033837,-4.158213e-06,0
0.5,0,26.709723,-0.013543471,0,-37.024609,-4.2674671e-06,0
0.5,0,26.709873,-0.012973645,0,-37.01538,-4.4650211e-06,0
0.5,0,26.709468,-0.012632784,0,-37.006152,-4.7309136e-06,0
0.5,0,26.708731,-0.012590359,0,-36.996923,-5.0252004e-06,0
0.5,0,26.708003,-0.012832792,0,-36.987695,-5.3039631e-06,0
0.5,0,26.707519,-0.013271091,0,-36.978466,-5.5356636e-06,0
0.5,0,26.70731,-0.013738893,0,-36.969238,-5.7072169e-06,0
0.5,0,26.707246,-0.014019487,0,-36.96001,-5.8151476e-06,0
0.5,0,26.707236,-0.014082534,0,-36.950781,-5.8653985e-06,0
0.5,0,26.707487,-0.01408907,0,-36.941553,-5.8863215e-06,0
0.5,0,26.707665,-0.014048551,0,-36.932324,-5.917765e-06,0
0.5,0,26.707212,-0.013903825,0,-36.923096,-5.9874481e-06,0
0.5,0,26.706826,-0.013720436,0,-36.913867,-6.1037214e-06,0
0.5,0,26.707025,-0.013565872,0,-36.904639,-6.2578159e-06,0
0.5,0,26.707369,-0.013394127,0,-36.89541,-6.4372114e-06,0
0.5,0,26.707649,-0.013128521,0,-36.886182,-6.6383808e-06,0
0.5,0,26.707927,-0.012803723,0,-36.876953,-6.8580153e-06,0
0.5,0,26.708152,-0.012497721,0,-36.867725,-7.084442e-06,0
0.5,0,26.708138,-0.012228735,0,-36.858496,-7.3062371e-06,0
0.5,0,26.707834,-0.012010303,0,-36.849268,-7.5180854e-06,0
0.5,0,26.707355,-0.011894223,0,-36.840039,-7.7144925e-06,0
0.5,0,26.706874,-0.011921386,0,-36.830811,-7.8831927e-06,0
0.5,0,26.706437,-0.012089301,0,-36.821583,-8.005903e-06,0
0.5,0,26.706008,-0.012365908,0,-36.812354,-8.0646023e-06,0
0.5,0,26.705734,-0.01270527,0,-36.803126,-8.0488431e-06,0
0.5,0,26.705717,-0.013054718,0,-36.793897,-7.9596696e-06,0
0.5,0,26.706148,-0.013355923,0,-36.784669,-7.8080953e-06,0
0.5,0,26.706133,-0.013576713,0,-36.77544,-7.6112086e-06,0
0.5,0,26.706405,-0.013666522,0,-36.766212,-7.3887214e-06,0
0.5,0,26.706495,-0.013601747,0,-36.756983,-7.16336e-06,0
0.5,0,26.705786,-0.013473632,0,-36.747755,-6.95664e-06,0
0.5,0,26.705494,-0.013339066,0,-36.738526,-6.78339e-06,0
0.5,0,26.705228,-0.013198799,0,-36.729298,-6.6520054e-06,0
0.5,0,26.70515,-0.0130772,0,-36.720069,-6.562633e-06,0
0.5,0,26.705317,-0.013001686,0,-36.710841,-6.5066084e-06,0
0.5,0,26.705688,-0.012988436,0,-36.701612,-6.470421e-06,0
0.5,0,26.706176,-0.013034039,0,-36.692384,-6.4425023e-06,0
0.5,0,26.706608,-0.013121183,0,-36.683156,-6.4177038e-06,0
0.5,0,26.706758,-0.013236349,0,-36.673927,-6.3962808e-06,0
0.5,0,26.706478,-0.013378819,0,-36.664699,-6.3792823e-06,0
0.5,0,26.705773,-0.013552831,0,-36.65547,-6.3648332e-06,0
0.5,0,26.704818,-0.013751678,0,-36.646242,-6.3476932e-06,0
0.5,0,26.703803,-0.013950932,0,-36.637013,-6.3218615e-06,0
0.5,0,26.702434,-0.014102126,0,-36.627785,-6.2839719e-06,0
0.5,0,26.699614,-0.014125982,0,-36.618556,-6.2327069e-06,0
0.5,0,26.696055,-0.013964709,0,-36.609328,-6.1722673e-06,0
0.5,0,26.693607,-0.013668145,0,-36.600099,-6.110239e-06,0
0.5,0,26.692275,-0.01332241,0,-36.590871,-6.0519966e-06,0
0.5,0,26.691551,-0.013002771,0,-36.581642,-6.0020176e-06,0
0.5,0,26.691267,-0.012752594,0,-36.572414,-5.9632582e-06,0
0.5,0,26.691385,-0.012541356,0,-36.563185,-5.9345673e-06,0
0.5,0,26.691781,-0.012340603,0,-36.553957,-5.9077306e-06,0
0.5,0,26.692207,-0.012152429,0,-36.544729,-5.8708456e-06,0
0.5,0,26.692581,-0.011988418,0,-36.5355,-5.8147721e-06,0
0.5,0,26.693078,-0.011854552,0,-36.526272,-5.7379118e-06,0
0.5,0,26.693923,-0.011744897,0,-36.517043,-5.6475694e-06,0
0.5,0,26.695075,-0.01164928,0,-36.507815,-5.5559625e-06,0
0.5,0,26.696181,-0.011571464,0,-36.498586,-5.4745903e-06,0
0.5,0,26.696812,-0.011530109,0,-36.489358,-5.4108148e-06,0
0.5,0,26.696785,-0.011531382,0,-36.480129,-5.3668555e-06,0
0.5,0,26.696265,-0.011539668,0,-36.470901,-5.341763e-06,0
0.5,0,26.695605,-0.011520856,0,-36.461672,-5.3325619e-06,0
0.5,0,26.695114,-0.011487687,0,-36.452444,-5.3342355e-06,0
0.5,0,26.69491,-0.011430641,0,-36.443215,-5.3409197e-06,0
0.5,0,26.694934,-0.011343441,0,-36.433987,-5.3467215e-06,0
0.5,0,26.695074,-0.011255782,0,-36.424758,-5.3475395e-06,0
0.5,0,26.695247,-0.011160222,0,-36.41553,-5.339212e-06,0
0.5,0,26.69541,-0.011029276,0,-36.406302,-5.3107003e-06,0
0.5,0,26.695536,-0.010880671,0,-36.397073,-5.2464272e-06,0
0.5,0,26.695516,-0.010778173,0,-36.387845,-5.1396704e-06,0
0.5,0,26.695519,-0.01076387,0,-36.378616,-4.9999247e-06,0
0.5,0,26.695852,-0.010804942,0,-36.369388,-4.8436221e-06,0
0.5,0,26.69632,-0.010876049,0,-36.360159,-4.6807755e-06,0
0.5,0,26.696581,-0.010973045,0,-36.350931,-4.5143451e-06,0
0.5,0,26.696641,-0.011050641,0,-36.341702,-4.3477222e-06,0
0.5,0,26.696693,-0.011082262,0,-36.332474,-4.1877506e-06,0
0.5,0,26.696807,-0.011065129,0,-36.323245,-4.0402697e-06,0
0.5,0,26.696957,-0.010995099,0,-36.314017,-3.9064383e-06,0
0.5,0,26.697141,-0.010881727,0,-36.304788,-3.7843746e-06,0
0.5,0,26.697377,-0.010761676,0,-36.29556,-3.6700165e-06,0
0.5,0,26.697687,-0.010687251,0,-36.286331,-3.5574562e-06,0
0.5,0,26.698059,-0.010686982,0,-36.277103,-3.443035e-06,0
0.5,0,26.698427,-0.010753274,0,-36.267875,-3.3293119e-06,0
0.5,0,26.698712,-0.01081465,0,-36.258646,-3.2243686e-06,0
0.5,0,26.698879,-0.010803,0,-36.249418,-3.1365899e-06,0
0.5,0,26.698924,-0.010731882,0,-36.240189,-3.0689884e-06,0
0.5,0,26.698865,-0.010637564,0,-36.230961,-3.0188094e-06,0
0.5,0,26.698737,-0.010549837,0,-36.221732,-2.9824127e-06,0
0.5,0,26.69857,-0.010493314,0,-36.212504,-2.9591298e-06,0
0.5,0,26.698412,-0.010476018,0,-36.203275,-2.9502641e-06,0
0.5,0,26.698305,-0.010487446,0,-36.194047,-2.9558893e-06,0
0.5,0,26.698219,-0.010466053,0,-36.184818,-2.9734139e-06,0
0.5,0,26.698145,-0.010366506,0,-36.17559,-2.9978417e-06,0
0.5,0,26.698138,-0.010197438,0,-36.166361,-3.0218291e-06,0
0.5,0,26.698211,-0.0099552713,0,-36.157133,-3.03645e-06,0
0.5,0,26.698297,-0.0096800195,0,-36.147904,-3.0337285e-06,0
0.5,0,26.698324,-0.0094535843,0,-36.138676,-3.0093645e-06,0
0.5,0,26.698271,-0.0093288304,0,-36.129448,-2.9645626e-06,0
0.5,0,26.69815,-0.0093168656,0,-36.120219,-2.9065816e-06,0
0.5,0,26.698007,-0.0093590762,0,-36.110991,-2.8464002e-06,0
0.5,0,26.697909,-0.0094091664,0,-36.101762,-2.79274e-06,0
0.5,0,26.697894,-0.0094709888,0,-36.092534,-2.7467475e-06,0
0.5,0,26.697962,-0.0095303976,0,-36.083305,-2.7030558e-06,0
0.5,0,26.698094,-0.0095711398,0,-36.074077,-2.6550079e-06,0
0.5,0,26.698256,-0.0095842465,0,-36.064848,-2.5979871e-06,0
0.5,0,26.698361,-0.0095823552,0,-36.05562,-2.5279122e-06,0
0.5,0,26.698457,-0.0095677227,0,-36.046391,-2.4402535e-06,0
0.5,0,26.698351,-0.0095054414,0,-36.037163,-2.3326706e-06,0
0.5,0,26.698371,-0.0093686411,0,-36.027934,-2.2055389e-06,0
0.5,0,26.698312,-0.0092046983,0,-36.018706,-2.0662773e-06,0
0.5,0,26.697913,-0.009091422,0,-36.009477,-1.92819e-06,0
0.5,0,26.697529,-0.0090405031,0,-36.000249,-1.7999234e-06,0
0.5,0,26.696983,-0.0090441829,0,-35.991021,-1.6853822e-06,0
0.5,0,26.6964,-0.0091025405,0,-35.981792,-1.5882843e-06,0
0.5,0,26.69581,-0.0091888206,0,-35.972564,-1.5110829e-06,0
0.5,0,26.695227,-0.0092723133,0,-35.963335,-1.4525738e-06,0
0.5,0,26.694807,-0.009342023,0,-35.954107,-1.4080378e-06,0
0.5,0,26.694675,-0.0094007482,0,-35.944878,-1.371887e-06,0
0.5,0,26.694852,-0.0094650646,0,-35.93565,-1.3402347e-06,0
0.5,0,26.695269,-0.0095145504,0,-35.926421,-1.3118138e-06,0
0.5,0,26.695807,-0.0095184155,0,-35.917193,-1.2876422e-06,0
0.5,0,26.696355,-0.0094991381,0,-35.907964,-1.2700182e-06,0
0.5,0,26.696863,-0.0094929851,0,-35.898736,-1.2609469e-06,0
0.5,0,26.697379,-0.0094772891,0,-35.889507,-1.2602884e-06,0
0.5,0,26.698038,-0.0094215699,0,-35.880279,-1.2647126e-06,0
0.5,0,26.698979,-0.0093249565,0,-35.87105,-1.2685795e-06,0
0.5,0,26.700255,-0.0091767201,0,-35.861822,-1.2660323e-06,0
0.5,0,26.701781,-0.0089870425,0,-35.852594,-1.2524459e-06,0
0.5,0,26.703395,-0.0087897244,0,-35.843365,-1.2247591e-06,0
0.5,0,26.705002,-0.0086291837,0,-35.834137,-1.1810808e-06,0
0.5,0,26.706633,-0.0085386506,0,-35.824908,-1.1207199e-06,0
0.5,0,26.708285,-0.00852319,0,-35.81568,-1.0447508e-06,0
0.5,0,26.709765,-0.0085575346,0,-35.806451,-9.5573191e-07,0
0.5,0,26.71075,-0.0086013295,0,-35.797223,-8.568202e-07,0
0.5,0,26.711005,-0.0086245986,0,-35.787994,-7.5129023e-07,0
0.5,0,26.710525,-0.0086236216,0,-35.778766,-6.4278331e-07,0
0.5,0,26.709553,-0.0086166985,0,-35.769537,-5.3540014e-07,0
0.5,0,26.708563,-0.0086258182,0,-35.760309,-4.3284289e-07,0
0.5,0,26.708171,-0.0086613602,0,-35.75108,-3.38054e-07,0
0.5,0,26.708907,-0.0087243586,0,-35.741852,-2.5370441e-07,0
0.5,0,26.710969,-0.0088119131,0,-35.732623,-1.8190751e-07,0
0.5,0,26.714146,-0.0089149189,0,-35.723395,-1.2322474e-07,0
0.5,0,26.717974,-0.0090102633,0,-35.714167,-7.6017383e-08,0
0.5,0,26.721926,-0.0090577063,0,-35.704938,-3.7684502e-08,0
0.5,0,26.72549,-0.0090154066,0,-35.69571,-7.820245e-09,0
0.5,0,26.726592,-0.0089571824,0,-35.692003,-2.5804012e-15,0
0.5,0,26.703829,-0.0082757595,0,-35.520369,-9.7066136e-08,0
0.5,0,26.70593,-0.0082215283,0,-35.524431,-2.5804012e-15,0
0.5,0,26.70053,-0.0083625641,0,-35.51114,-3.6168253e-07,0
0.5,0,26.699476,-0.0083638583,0,-35.501912,-6.6328446e-07,0
0.5,0,26.700365,-0.00831342,0,-35.492683,-9.8908986e-07,0
0.5,0,26.702183,-0.0082807806,0,-35.483455,-1.3242011e-06,0
0.5,0,26.703769,-0.008326036,0,-35.474226,-1.6541043e-06,0
0.5,0,26.70431,-0.0084563493,0,-35.464998,-1.9643034e-06,0
0.5,0,26.703948,-0.0086346533,0,-35.455769,-2.2381489e-06,0
0.5,0,26.702025,-0.0088390217,0,-35.446541,-2.4568551e-06,0
0.5,0,26.699383,-0.0090036666,0,-35.437312,-2.6024174e-06,0
0.5,0,26.696434,-0.0090974357,0,-35.428084,-2.6731486e-06,0
0.5,0,26.693869,-0.0092092336,0,-35.418856,-2.6838277e-06,0
0.5,0,26.692795,-0.0093071668,0,-35.409627,-2.6510311e-06,0
0.5,0,26.691837,-0.0093246456,0,-35.400399,-2.5931851e-06,0
0.5,0,26.69051,-0.0092794935,0,-35.39117,-2.5289877e-06,0
0.5,0,26.688766,-0.0091595198,0,-35.381942,-2.4729966e-06,0
0.5,0,26.68694,-0.0089549287,0,-35.372713,-2.4350491e-06,0
0.5,0,26.685636,-0.0086837919,0,-35.363485,-2.4221212e-06,0
0.5,0,26.685245,-0.0083791862,0,-35.354256,-2.4381922e-06,0
0.5,0,26.685667,-0.0080811659,0,-35.345028,-2.482044e-06,0
0.5,0,26.686629,-0.0078247278,0,-35.335799,-2.5472765e-06,0
0.5,0,26.687734,-0.0076354952,0,-35.326571,-2.6262997e-06,0
0.5,0,26.688626,-0.0075300981,0,-35.317342,-2.7138175e-06,0
0.5,0,26.689158,-0.0075031306,0,-35.308114,-2.8060691e-06,0
0.5,0,26.689439,-0.0075291513,0,-35.298885,-2.8980045e-06,0
0.5,0,26.689707,-0.0075754828,0,-35.289657,-2.982386e-06,0
0.5,0,26.690087,-0.0076171721,0,-35.280429,-3.0513374e-06,0
0.5,0,26.69054,-0.0076443775,0,-35.2712,-3.0983924e-06,0
0.5,0,26.690961,-0.0076605446,0,-35.261972,-3.1201349e-06,0
0.5,0,26.69143,-0.0076625158,0,-35.252743,-3.1171236e-06,0
0.5,0,26.691597,-0.0077101328,0,-35.243515,-3.0938689e-06,0
0.5,0,26.692518,-0.0078500016,0,-35.234286,-3.0478573e-06,0
0.5,0,26.693712,-0.0080059818,0,-35.225058,-2.9746774e-06,0
0.5,0,26.694289,-0.0081731109,0,-35.215829,-2.8739979e-06,0
0.5,0,26.694981,-0.0083432747,0,-35.206601,-2.7409323e-06,0
0.5,0,26.695412,-0.0084220277,0,-35.197372,-2.57226e-06,0
0.5,0,26.695757,-0.0083853293,0,-35.188144,-2.3712356e-06,0
0.5,0,26.696245,-0.0082742003,0,-35.178915,-2.1471236e-06,0
0.5,0,26.697034,-0.0081220159,0,-35.169687,-1.913673e-06,0
0.5,0,26.698086,-0.007985992,0,-35.160458,-1.6865139e-06,0
0.5,0,26.699202,-0.0079385981,0,-35.15123,-1.4803861e-06,0
0.5,0,26.69965,-0.0080071239,0,-35.142002,-1.3073989e-06,0
0.5,0,26.699703,-0.0081692025,0,-35.132773,-1.1772526e-06,0
0.5,0,26.699224,-0.0083634378,0,-35.123545,-1.0911739e-06,0
0.5,0,26.698015,-0.0085329877,0,-35.114316,-1.0421844e-06,0
0.5,0,26.69699,-0.0086577783,0,-35.105088,-1.0229013e-06,0
0.5,0,26.696225,-0.008737261,0,-35.095859,-1.0262408e-06,0
0.5,0,26.695815,-0.0087670063,0,-35.086631,-1.0456909e-06,0
0.5,0,26.695786,-0.0087445296,0,-35.077402,-1.0750967e-06,0
0.5,0,26.695983,-0.0086640765,0,-35.068174,-1.1076736e-06,0
0.5,0,26.696216,-0.0085275746,0,-35.058945,-1.136583e-06,0
0.5,0,26.696337,-0.0083513274,0,-35.049717,-1.1574677e-06,0
0.5,0,26.696288,-0.0081604117,0,-35.040488,-1.1711164e-06,0
0.5,0,26.696125,-0.007977481,0,-35.03126,-1.1838242e-06,0
0.5,0,26.695988,-0.0078122879,0,-35.022031,-1.204828e-06,0
0.5,0,26.696014,-0.0076708543,0,-35.012803,-1.2422528e-06,0
0.5,0,26.696291,-0.0075645065,0,-35.003575,-1.3000319e-06,0
0.5,0,26.696822,-0.0075004499,0,-34.994346,-1.3777858e-06,0
0.5,0,26.697528,-0.0074910863,0,-34.985118,-1.4717212e-06,0
0.5,0,26.698308,-0.0075435156,0,-34.975889,-1.5751285e-06,0
0.5,0,26.699096,-0.0076317414,0,-34.966661,-1.6807818e-06,0
0.5,0,26.69985,-0.0077137069,0,-34.957432,-1.7844701e-06,0
0.5,0,26.700495,-0.0077594263,0,-34.948204,-1.8860934e-06,0
0.5,0,26.700919,-0.0077615977,0,-34.938975,-1.9882745e-06,0
0.5,0,26.70104,-0.0077347977,0,-34.929747,-2.0939657e-06,0
0.5,0,26.700845,-0.0077024168,0,-34.920518,-2.2040659e-06,0
0.5,0,26.700353,-0.0076843342,0,-34.91129,-2.3161392e-06,0
0.5,0,26.69956,-0.0076959495,0,-34.902061,-2.4242471e-06,0
0.5,0,26.698491,-0.0077469212,0,-34.892833,-2.5198421e-06,0
0.5,0,26.697195,-0.0078373082,0,-34.883604,-2.5945606e-06,0
0.5,0,26.695815,-0.0079546257,0,-34.874376,-2.6438128e-06,0
0.5,0,26.694453,-0.0080895995,0,-34.865148,-2.6677616e-06,0
0.5,0,26.692974,-0.0082085654,0,-34.855919,-2.6679155e-06,0
0.5,0,26.691011,-0.0082437755,0,-34.846691,-2.6448398e-06,0
0.5,0,26.688681,-0.0081844134,0,-34.837462,-2.598534e-06,0
0.5,0,26.687194,-0.0080766325,0,-34.828234,-2.5322736e-06,0
0.5,0,26.686678,-0.0079419274,0,-34.819005,-2.4529415e-06,0
0.5,0,26.686237,-0.0077926926,0,-34.809777,-2.3672417e-06,0
0.5,0,26.685563,-0.007658439,0,-34.800548,-2.2825244e-06,0
0.5,0,26.6846,-0.0075428161,0,-34.79132,-2.2061156e-06,0
0.5,0,26.68352,-0.0074595199,0,-34.782091,-2.1441874e-06,0
0.5,0,26.682597,-0.007444423,0,-34.772863,-2.0987614e-06,0
0.5,0,26.681971,-0.0075007689,0,-34.763634,-2.0659314e-06,0
0.5,0,26.681563,-0.0076002993,0,-34.754406,-2.0388672e-06,0
0.5,0,26.681224,-0.0076938793,0,-34.745177,-2.0101242e-06,0
0.5,0,26.680816,-0.0077275702,0,-34.735949,-1.9738351e-06,0
0.5,0,26.680376,-0.0076653047,0,-34.726721,-1.9269461e-06,0
0.5,0,26.680116,-0.0075079176,0,-34.717492,-1.8684997e-06,0
0.5,0,26.680281,-0.0072990903,0,-34.708264,-1.7983917e-06,0
0.5,0,26.68096,-0.0071080228,0,-34.699035,-1.7170015e-06,0
0.5,0,26.681989,-0.0069962468,0,-34.689807,-1.6255251e-06,0
0.5,0,26.683048,-0.0069870217,0,-34.680578,-1.5262383e-06,0
0.5,0,26.683868,-0.007052009,0,-34.67135,-1.4223279e-06,0
0.5,0,26.684336,-0.0071288737,0,-34.662121,-1.3170587e-06,0
0.5,0,26.684481,-0.0071572667,0,-34.652893,-1.2121647e-06,0
0.5,0,26.684416,-0.0071074194,0,-34.643664,-1.1068057e-06,0
0.5,0,26.684285,-0.0069884101,0,-34.634436,-9.9851754e-07,0
0.5,0,26.684193,-0.006837169,0,-34.625207,-8.8557063e-07,0
0.5,0,26.684177,-0.0066993873,0,-34.615979,-7.6872297e-07,0
0.5,0,26.684221,-0.0066119905,0,-34.60675,-6.5124704e-07,0
0.5,0,26.684279,-0.0065980659,0,-34.597522,-5.3821183e-07,0
0.5,0,26.684331,-0.0066701848,0,-34.588294,-4.3554533e-07,0
0.5,0,26.684388,-0.0068217007,0,-34.579065,-3.4837225e-07,0
0.5,0,26.684561,-0.0070182031,0,-34.569837,-2.796024e-07,0
0.5,0,26.684996,-0.0072111308,0,-34.560608,-2.3007063e-07,0
0.5,0,26.685584,-0.007358912,0,-34.55138,-1.9893294e-07,0
0.5,0,26.686156,-0.0074396037,0,-34.542151,-1.8305364e-07,0
0.5,0,26.686712,-0.0074545023,0,-34.532923,-1.7703967e-07,0
0.5,0,26.687224,-0.0074169081,0,-34.523694,-1.7543981e-07,0
0.5,0,26.68752,-0.007340827,0,-34.514466,-1.7599069e-07,0
0.5,0,26.687452,-0.0072445911,0,-34.505237,-1.8032858e-07,0
0.5,0,26.687008,-0.0071634469,0,-34.496009,-1.9105673e-07,0
0.5,0,26.686284,-0.007106623,0,-34.48678,-2.0842436e-07,0
0.5,0,26.685452,-0.0070605277,0,-34.477552,-2.3317249e-07,0
0.5,0,26.684696,-0.0070323878,0,-34.468323,-2.6866284e-07,0
0.5,0,26.684115,-0.0070010279,0,-34.459095,-3.1773915e-07,0
0.5,0,26.683699,-0.0069458595,0,-34.449867,-3.8369001e-07,0
0.5,0,26.683364,-0.0068779977,0,-34.440638,-4.6890577e-07,0
0.5,0,26.683057,-0.0068042562,0,-34.43141,-5.718831e-07,0
0.5,0,26.682797,-0.0067322894,0,-34.422181,-6.8847105e-07,0
0.5,0,26.682626,-0.0066720243,0,-34.412953,-8.1352614e-07,0
0.5,0,26.682557,-0.0066269479,0,-34.403724,-9.4244813e-07,0
0.5,0,26.682542,-0.0065907463,0,-34.394496,-1.0715883e-06,0
0.5,0,26.682525,-0.006553206,0,-34.385267,-1.1972114e-06,0
0.5,0,26.682491,-0.0065086158,0,-34.376039,-1.3145443e-06,0
0.5,0,26.682439,-0.0064625045,0,-34.36681,-1.4187702e-06,0
0.5,0,26.682352,-0.006430464,0,-34.357582,-1.5076079e-06,0
0.5,0,26.682214,-0.0064286019,0,-34.348353,-1.5830226e-06,0
0.5,0,26.682034,-0.0064634614,0,-34.339125,-1.6504444e-06,0
0.5,0,26.681848,-0.0065295586,0,-34.329896,-1.7160116e-06,0
0.5,0,26.681697,-0.0066192338,0,-34.320668,-1.7835573e-06,0
0.5,0,26.681607,-0.0067322067,0,-34.31144,-1.8527602e-06,0
0.5,0,26.681578,-0.0068740278,0,-34.302211,-1.9193258e-06,0
0.5,0,26.681631,-0.0070449904,0,-34.292983,-1.9772669e-06,0
0.5,0,26.681754,-0.0072281547,0,-34.283754,-2.0218142e-06,0
0.5,0,26.681986,-0.0074061445,0,-34.274526,-2.0508945e-06,0
0.5,0,26.682186,-0.0075778483,0,-34.265297,-2.0655171e-06,0
0.5,0,26.682422,-0.007719903,0,-34.256069,-2.0701429e-06,0
0.5,0,26.682565,-0.0078280166,0,-34.24684,-2.0715605e-06,0
0.5,0,26.682386,-0.007947217,0,-34.237612,-2.0742149e-06,0
0.5,0,26.682021,-0.0080459284,0,-34.228383,-2.0760682e-06,0
0.5,0,26.681545,-0.0080571971,0,-34.219155,-2.0723734e-06,0
0.5,0,26.681206,-0.0079992288,0,-34.209926,-2.0649561e-06,0
0.5,0,26.68108,-0.0079108164,0,-34.200698,-2.06121e-06,0
0.5,0,26.681058,-0.0078037242,0,-34.191469,-2.0648005e-06,0
0.5,0,26.680981,-0.0076961431,0,-34.182241,-2.0731781e-06,0
0.5,0,26.680758,-0.0076146213,0,-34.173013,-2.0808033e-06,0
0.5,0,26.680566,-0.0075725411,0,-34.163784,-2.0817501e-06,0
0.5,0,26.68088,-0.0075630576,0,-34.154556,-2.0700386e-06,0
0.5,0,26.68225,-0.0075624688,0,-34.145327,-2.0408708e-06,0
0.5,0,26.684929,-0.0075486278,0,-34.136099,-1.9932263e-06,0
0.5,0,26.68858,-0.0075196742,0,-34.12687,-1.9306329e-06,0
0.5,0,26.692275,-0.0074881805,0,-34.117642,-1.8583296e-06,0
0.5,0,26.694894,-0.0074586786,0,-34.108413,-1.7789784e-06,0
0.5,0,26.695679,-0.0074204907,0,-34.099185,-1.6904803e-06,0
0.5,0,26.69461,-0.0073645648,0,-34.089956,-1.587507e-06,0
0.5,0,26.692473,-0.007295451,0,-34.080728,-1.4651785e-06,0
0.5,0,26.69045,-0.0072516063,0,-34.071499,-1.3232646e-06,0
0.5,0,26.689378,-0.0072156335,0,-34.062271,-1.1657955e-06,0
0.5,0,26.689378,-0.0071499207,0,-34.053042,-1.0024754e-06,0
0.5,0,26.690012,-0.0070623961,0,-34.043814,-8.4880857e-07,0
0.5,0,26.690733,-0.0069560865,0,-34.034586,-7.1947776e-07,0
0.5,0,26.691192,-0.0068522058,0,-34.025357,-6.2393768e-07,0
0.5,0,26.691279,-0.0067795551,0,-34.016129,-5.6274714e-07,0
0.5,0,26.691083,-0.006763249,0,-34.0069,-5.2655476e-07,0
0.5,0,26.690821,-0.0068111912,0,-33.997672,-5.0088473e-07,0
0.5,0,26.69071,-0.0069003859,0,-33.988443,-4.7274398e-07,0
0.5,0,26.690834,-0.0069924072,0,-33.979215,-4.340797e-07,0
0.5,0,26.691134,-0.0070315429,0,-33.969986,-3.8114993e-07,0
0.5,0,26.691507,-0.0069868772,0,-33.960758,-3.1564373e-07,0
0.5,0,26.691832,-0.0068934361,0,-33.951529,-2.4406687e-07,0
0.5,0,26.692041,-0.0067723738,0,-33.942301,-1.7334717e-07,0
0.5,0,26.692175,-0.0066329713,0,-33.933072,-1.1121757e-07,0
0.5,0,26.692281,-0.0065069556,0,-33.923844,-6.3914926e-08,0
0.5,0,26.692358,-0.0063942221,0,-33.914615,-3.172911e-08,0
0.5,0,26.692406,-0.0062872735,0,-33.905387,-1.2895951e-08,0
0.5,0,26.69241,-0.0062099702,0,-33.896159,-6.9308416e-09,0
0.5,0,26.692377,-0.0061591213,0,-33.88693,-1.2971842e-08,0
0.5,0,26.692385,-0.0061288717,0,-33.877702,-3.0743715e-08,0
0.5,0,26.692524,-0.0061325232,0,-33.868473,-5.8950973e-08,0
0.5,0,26.692829,-0.006165472,0,-33.859245,-9.3537351e-08,0
0.5,0,26.693259,-0.0062198274,0,-33.850016,-1.3047016e-07,0
0.5,0,26.693714,-0.0062900397,0,-33.840788,-1.6761826e-07,0
0.5,0,26.694084,-0.0063679475,0,-33.831559,-2.0495212e-07,0
0.5,0,26.69431,-0.0064372882,0,-33.822331,-2.4302235e-07,0
0.5,0,26.694386,-0.0064866905,0,-33.813102,-2.8092323e-07,0
0.5,0,26.694359,-0.0064970699,0,-33.803874,-3.1493544e-07,0
0.5,0,26.694319,-0.0064635036,0,-33.794645,-3.4212213e-07,0
0.5,0,26.694324,-0.00642462,0,-33.785417,-3.6288521e-07,0
0.5,0,26.694382,-0.0063923319,0,-33.776188,-3.787718e-07,0
0.5,0,26.694494,-0.0063628101,0,-33.76696,-3.937343e-07,0
0.5,0,26.694636,-0.0063401721,0,-33.757732,-4.119921e-07,0
0.5,0,26.694782,-0.0063112341,0,-33.748503,-4.3389897e-07,0
0.5,0,26.694918,-0.0062748654,0,-33.739275,-4.5623847e-07,0
0.5,0,26.695025,-0.0062268692,0,-33.730046,-4.7313959e-07,0
0.5,0,26.695102,-0.0061490052,0,-33.720818,-4.8073981e-07,0
0.5,0,26.695155,-0.0060649416,0,-33.711589,-4.814121e-07,0
0.5,0,26.695163,-0.0060158529,0,-33.702361,-4.7938453e-07,0
0.5,0,26.695133,-0.0060041367,0,-33.693132,-4.7720733e-07,0
0.5,0,26.69517,-0.0060126752,0,-33.683904,-4.7576459e-07,0
0.5,0,26.695224,-0.0060225142,0,-33.674675,-4.7349806e-07,0
0.5,0,26.695517,-0.0060241097,0,-33.665447,-4.670703e-07,0
0.5,0,26.695941,-0.0060457565,0,-33.656218,-4.5701558e-07,0
0.5,0,26.696388,-0.0061390927,0,-33.64699,-4.4939386e-07,0
0.5,0,26.697031,-0.0062795023,0,-33.637761,-4.4786618e-07,0
0.5,0,26.697701,-0.0064076508,0,-33.628533,-4.5259132e-07,0
0.5,0,26.698485,-0.0065154345,0,-33.619305,-4.6143568e-07,0
0.5,0,26.699431,-0.0065928152,0,-33.610076,-4.6967039e-07,0
0.5,0,26.700401,-0.0066099613,0,-33.600848,-4.738192e-07,0
0.5,0,26.701141,-0.0065455715,0,-33.591619,-4.7393697e-07,0
0.5,0,26.701556,-0.0064078584,0,-33.582391,-4.7326127e-07,0
0.5,0,26.701865,-0.0062334774,0,-33.573162,-4.7668979e-07,0
0.5,0,26.702306,-0.0060737411,0,-33.563934,-4.8826535e-07,0
0.5,0,26.702907,-0.0059751713,0,-33.554705,-5.0814829e-07,0
0.5,0,26.703599,-0.005959406,0,-33.545477,-5.3134361e-07,0
0.5,0,26.704351,-0.0060137649,0,-33.536248,-5.4966503e-07,0
0.5,0,26.705149,-0.0060992007,0,-33.52702,-5.5552025e-07,0
0.5,0,26.705948,-0.0061696254,0,-33.517791,-5.4560068e-07,0
0.5,0,26.706679,-0.0061902788,0,-33.508563,-5.2308943e-07,0
0.5,0,26.70728,-0.0061498083,0,-33.499334,-4.9686987e-07,0
0.5,0,26.707716,-0.006066423,0,-33.490106,-4.7761701e-07,0
0.5,0,26.707973,-0.0059789591,0,-33.480878,-4.7312418e-07,0
0.5,0,26.708079,-0.0059260859,0,-33.471649,-4.8576316e-07,0
0.5,0,26.708022,-0.0059339486,0,-33.462421,-5.1322079e-07,0
0.5,0,26.707897,-0.0060113086,0,-33.453192,-5.5150627e-07,0
0.5,0,26.707657,-0.0061428515,0,-33.443964,-5.9793321e-07,0
0.5,0,26.707389,-0.0062872194,0,-33.434735,-6.5029588e-07,0
0.5,0,26.70722,-0.0063949671,0,-33.425507,-7.0521386e-07,0
0.5,0,26.707074,-0.0064408861,0,-33.416278,-7.5884118e-07,0
0.5,0,26.707028,-0.0064249624,0,-33.40705,-8.05765e-07,0
0.5,0,26.70709,-0.0063596449,0,-33.397821,-8.3796661e-07,0
0.5,0,26.707197,-0.0062720162,0,-33.388593,-8.4720939e-07,0
0.5,0,26.707277,-0.0061877842,0,-33.379364,-8.2825937e-07,0
0.5,0,26.707215,-0.0061140621,0,-33.370136,-7.8066936e-07,0
0.5,0,26.706991,-0.0060463375,0,-33.360907,-7.090939e-07,0
0.5,0,26.706734,-0.00597812,0,-33.351679,-6.2203893e-07,0
0.5,0,26.70652,-0.0059050462,0,-33.342451,-5.2946161e-07,0
0.5,0,26.706369,-0.0058279531,0,-33.333222,-4.4019532e-07,0
0.5,0,26.70625,-0.0057560491,0,-33.323994,-3.6042763e-07,0
0.5,0,26.706133,-0.0057050024,0,-33.314765,-2.9428177e-07,0
0.5,0,26.706008,-0.0056857134,0,-33.305537,-2.4556964e-07,0
0.5,0,26.70586,-0.0057024758,0,-33.296308,-2.1868329e-07,0
0.5,0,26.705674,-0.0057608851,0,-33.28708,-2.1806629e-07,0
0.5,0,26.705442,-0.0058680313,0,-33.277851,-2.4621675e-07,0
0.5,0,26.705169,-0.0060211089,0,-33.268623,-3.0148012e-07,0
0.5,0,26.704871,-0.0062020579,0,-33.259394,-3.7726977e-07,0
0.5,0,26.704565,-0.0063787925,0,-33.250166,-4.6349208e-07,0
0.5,0,26.704284,-0.0065138174,0,-33.240937,-5.4987465e-07,0
0.5,0,26.704092,-0.0065822294,0,-33.231709,-6.2861918e-07,0
0.5,0,26.704066,-0.0065791912,0,-33.22248,-6.9517179e-07,0
0.5,0,26.704235,-0.0065160651,0,-33.213252,-7.4780958e-07,0
0.5,0,26.704564,-0.006413029,0,-33.204024,-7.8648813e-07,0
0.5,0,26.704977,-0.0062963332,0,-33.194795,-8.1152044e-07,0
0.5,0,26.705388,-0.006194599,0,-33.185567,-8.2289413e-07,0
0.5,0,26.705718,-0.0061278,0,-33.176338,-8.2040169e-07,0
0.5,0,26.705918,-0.0060995003,0,-33.16711,-8.042e-07,0
0.5,0,26.706,-0.0060981161,0,-33.157881,-7.751515e-07,0
0.5,0,26.706026,-0.0061068605,0,-33.148653,-7.3424505e-07,0
0.5,0,26.706055,-0.0061183472,0,-33.139424,-6.8174202e-07,0
0.5,0,26.706083,-0.0061415327,0,-33.130196,-6.1788423e-07,0
0.5,0,26.706059,-0.006191059,0,-33.120967,-5.4532107e-07,0
0.5,0,26.705912,-0.0062697218,0,-33.111739,-4.7097656e-07,0
0.5,0,26.705566,-0.0063628368,0,-33.10251,-4.0509537e-07,0
0.5,0,26.705238,-0.0064437303,0,-33.093282,-3.577359e-07,0
0.5,0,26.704271,-0.0065054157,0,-33.084053,-3.3518057e-07,0
0.5,0,26.702997,-0.0064941858,0,-33.074825,-3.3633439e-07,0
0.5,0,26.701506,-0.0064025605,0,-33.065597,-3.6123257e-07,0
0.5,0,26.699959,-0.0063572212,0,-33.056368,-4.1212919e-07,0
0.5,0,26.698926,-0.0063758167,0,-33.04714,-4.8610986e-07,0
0.5,0,26.697864,-0.0063704734,0,-33.037911,-5.7377482e-07,0
0.5,0,26.697039,-0.0063354789,0,-33.028683,-6.6032142e-07,0
0.5,0,26.696538,-0.0063152313,0,-33.019454,-7.3747247e-07,0
0.5,0,26.696324,-0.0063065299,0,-33.010226,-8.0612305e-07,0
0.5,0,26.696246,-0.0062770494,0,-33.000997,-8.6934028e-07,0
0.5,0,26.696137,-0.0062158305,0,-32.991769,-9.3020058e-07,0
0.5,0,26.695967,-0.0061338789,0,-32.98254,-9.903612e-07,0
0.5,0,26.695843,-0.0060544243,0,-32.973312,-1.0474567e-06,0
0.5,0,26.695862,-0.005997776,0,-32.964083,-1.0953544e-06,0
0.5,0,26.695994,-0.0059628499,0,-32.954855,-1.1277724e-06,0
0.5,0,26.696159,-0.0059273305,0,-32.945626,-1.1425241e-06,0
0.5,0,26.696286,-0.0058723305,0,-32.936398,-1.1441153e-06,0
0.5,0,26.696485,-0.0057950011,0,-32.92717,-1.1432128e-06,0
0.5,0,26.696743,-0.0056990525,0,-32.917941,-1.1525917e-06,0
0.5,0,26.697037,-0.005565991,0,-32.908713,-1.1778863e-06,0
0.5,0,26.697325,-0.0054155847,0,-32.899484,-1.2139351e-06,0
0.5,0,26.697572,-0.0053270182,0,-32.890256,-1.2554309e-06,0
0.5,0,26.697773,-0.0053142103,0,-32.881027,-1.3028061e-06,0
0.5,0,26.697739,-0.0053323375,0,-32.871799,-1.3559938e-06,0
0.5,0,26.697648,-0.0053567379,0,-32.86257,-1.4105092e-06,0
0.5,0,26.697733,-0.0053876791,0,-32.853342,-1.4593253e-06,0
0.5,0,26.697918,-0.0054186459,0,-32.844113,-1.4971096e-06,0
0.5,0,26.698102,-0.005436159,0,-32.834885,-1.5224777e-06,0
0.5,0,26.698313,-0.0054568105,0,-32.825656,-1.5344522e-06,0
0.5,0,26.698607,-0.0055048844,0,-32.816428,-1.5303664e-06,0
0.5,0,26.698996,-0.0055752625,0,-32.807199,-1.5091808e-06,0
0.5,0,26.69942,-0.005650562,0,-32.797971,-1.473018e-06,0
0.5,0,26.69977,-0.0057225778,0,-32.788743,-1.4247567e-06,0
0.5,0,26.699955,-0.0057869305,0,-32.779514,-1.3659555e-06,0
0.5,0,26.699959,-0.0058371721,0,-32.770286,-1.2967725e-06,0
0.5,0,26.699868,-0.0058695294,0,-32.761057,-1.2168172e-06,0
0.5,0,26.699833,-0.0058889701,0,-32.751829,-1.1261279e-06,0
0.5,0,26.699951,-0.0059081967,0,-32.7426,-1.0259531e-06,0
0.5,0,26.700211,-0.0059367386,0,-32.733372,-9.1870658e-07,0
0.5,0,26.700549,-0.0059710465,0,-32.724143,-8.0708251e-07,0
0.5,0,26.700933,-0.0059952352,0,-32.714915,-6.9300841e-07,0
0.5,0,26.701403,-0.0059909448,0,-32.705686,-5.7726484e-07,0
0.5,0,26.702064,-0.0059541827,0,-32.696458,-4.6006702e-07,0
0.5,0,26.703091,-0.0058790114,0,-32.687229,-3.4176556e-07,0
0.5,0,26.704689,-0.0057872248,0,-32.678001,-2.2579712e-07,0
0.5,0,26.706966,-0.005740806,0,-32.668772,-1.1702478e-07,0
0.5,0,26.709849,-0.0057687245,0,-32.659544,-1.7684813e-08,0
0.5,0,26.710475,-0.0057849789,0,-32.657726,-2.5804012e-15,0
0.5,0,26.730124,-0.0059715113,0,-32.456518,-3.9295449e-09,0
0.5,0,26.730303,-0.0059778383,0,-32.457658,-2.5804012e-15,0
0.5,0,26.728369,-0.0058939045,0,-32.447289,-2.9948336e-08,0
0.5,0,26.726012,-0.0058055447,0,-32.438061,-5.2428647e-08,0
0.5,0,26.722936,-0.0057228916,0,-32.428832,-7.4950134e-08,0
0.5,0,26.719214,-0.0056401862,0,-32.419604,-1.0110891e-07,0
0.5,0,26.715109,-0.0055407257,0,-32.410375,-1.3398142e-07,0
0.5,0,26.711096,-0.0054209995,0,-32.401147,-1.7565187e-07,0
0.5,0,26.70767,-0.0052957817,0,-32.391918,-2.2616039e-07,0
0.5,0,26.705111,-0.0051905014,0,-32.38269,-2.8282241e-07,0
0.5,0,26.703405,-0.0051252339,0,-32.373462,-3.4151807e-07,0
0.5,0,26.702304,-0.0051048689,0,-32.364233,-3.991821e-07,0
0.5,0,26.701628,-0.0051208527,0,-32.355005,-4.5488573e-07,0
0.5,0,26.700799,-0.0051691388,0,-32.345776,-5.0929831e-07,0
0.5,0,26.700229,-0.0052261969,0,-32.336548,-5.6316488e-07,0
0.5,0,26.699727,-0.0052748824,0,-32.327319,-6.1767946e-07,0
0.5,0,26.69903,-0.0053450095,0,-32.318091,-6.7359215e-07,0
0.5,0,26.698751,-0.0054305965,0,-32.308862,-7.305112e-07,0
0.5,0,26.69859,-0.0054957754,0,-32.299634,-7.8943865e-07,0
0.5,0,26.698533,-0.005529322,0,-32.290405,-8.5265701e-07,0
0.5,0,26.698521,-0.0055288134,0,-32.281177,-9.2221318e-07,0
0.5,0,26.69849,-0.0054979498,0,-32.271948,-9.9900063e-07,0
0.5,0,26.698437,-0.0054531703,0,-32.26272,-1.0819942e-06,0
0.5,0,26.69839,-0.0054214545,0,-32.253491,-1.1676663e-06,0
0.5,0,26.698396,-0.0054279678,0,-32.244263,-1.250601e-06,0
0.5,0,26.698485,-0.0054818105,0,-32.235035,-1.3255402e-06,0
0.5,0,26.69865,-0.0055718055,0,-32.225806,-1.389613e-06,0
0.5,0,26.698855,-0.0056725479,0,-32.216578,-1.4431956e-06,0
0.5,0,26.699072,-0.0057539806,0,-32.207349,-1.4888358e-06,0
0.5,0,26.69929,-0.0057900372,0,-32.198121,-1.5292903e-06,0
0.5,0,26.699515,-0.0057688619,0,-32.188892,-1.5662544e-06,0
0.5,0,26.699765,-0.0057011586,0,-32.179664,-1.6004177e-06,0
0.5,0,26.700042,-0.0056170766,0,-32.170435,-1.6323172e-06,0
0.5,0,26.700307,-0.0055528675,0,-32.161207,-1.6630243e-06,0
0.5,0,26.700519,-0.005532559,0,-32.151978,-1.6940942e-06,0
0.5,0,26.700663,-0.0055557063,0,-32.14275,-1.7270748e-06,0
0.5,0,26.700744,-0.0055998728,0,-32.133521,-1.7630761e-06,0
0.5,0,26.700768,-0.0056344336,0,-32.124293,-1.802617e-06,0
0.5,0,26.700747,-0.0056393099,0,-32.115064,-1.8458219e-06,0
0.5,0,26.700724,-0.0056140393,0,-32.105836,-1.8926749e-06,0
0.5,0,26.700741,-0.0055717338,0,-32.096608,-1.9430027e-06,0
0.5,0,26.70081,-0.0055299145,0,-32.087379,-1.996079e-06,0
0.5,0,26.700907,-0.0055010189,0,-32.078151,-2.0498799e-06,0
0.5,0,26.700993,-0.0054904226,0,-32.068922,-2.1007158e-06,0
0.5,0,26.701069,-0.0055007885,0,-32.059694,-2.1437522e-06,0
0.5,0,26.701026,-0.0055316211,0,-32.050465,-2.1740239e-06,0
0.5,0,26.70114,-0.0055620062,0,-32.041237,-2.1866496e-06,0
0.5,0,26.701095,-0.0055968924,0,-32.032008,-2.1784792e-06,0
0.5,0,26.700899,-0.0056637189,0,-32.02278,-2.1525842e-06,0
0.5,0,26.700909,-0.0057405339,0,-32.013551,-2.1175429e-06,0
0.5,0,26.700813,-0.0058078137,0,-32.004323,-2.0821767e-06,0
0.5,0,26.700759,-0.0058755354,0,-31.995094,-2.0536725e-06,0
0.5,0,26.700761,-0.0059454972,0,-31.985866,-2.0368934e-06,0
0.5,0,26.70076,-0.0060113585,0,-31.976637,-2.0331676e-06,0
0.5,0,26.700758,-0.0060640035,0,-31.967409,-2.0404147e-06,0
0.5,0,26.700753,-0.0060947978,0,-31.958181,-2.0544937e-06,0
0.5,0,26.700743,-0.0061014437,0,-31.948952,-2.0709486e-06,0
0.5,0,26.700728,-0.0060878382,0,-31.939724,-2.0862263e-06,0
0.5,0,26.700715,-0.0060602511,0,-31.930495,-2.0978358e-06,0
0.5,0,26.70069,-0.0060237616,0,-31.921267,-2.103574e-06,0
0.5,0,26.70062,-0.0059834318,0,-31.912038,-2.1006433e-06,0
0.5,0,26.700398,-0.0059461872,0,-31.90281,-2.0862729e-06,0
0.5,0,26.699523,-0.0059170065,0,-31.893581,-2.0594579e-06,0
0.5,0,26.698524,-0.0058840134,0,-31.884353,-2.0214023e-06,0
0.5,0,26.698004,-0.0058346004,0,-31.875124,-1.9747804e-06,0
0.5,0,26.697773,-0.0057918369,0,-31.865896,-1.9219142e-06,0
0.5,0,26.697859,-0.0057785329,0,-31.856667,-1.8634779e-06,0
0.5,0,26.697996,-0.0057841553,0,-31.847439,-1.7987863e-06,0
0.5,0,26.698031,-0.0057885066,0,-31.83821,-1.7267165e-06,0
0.5,0,26.697971,-0.0057762446,0,-31.828982,-1.6471789e-06,0
0.5,0,26.697838,-0.0057421753,0,-31.819754,-1.5620575e-06,0
0.5,0,26.697641,-0.0056926474,0,-31.810525,-1.4752595e-06,0
0.5,0,26.697389,-0.0056413195,0,-31.801297,-1.3919015e-06,0
0.5,0,26.697139,-0.0056034564,0,-31.792068,-1.3171883e-06,0
0.5,0,26.697006,-0.0055910162,0,-31.78284,-1.2557108e-06,0
0.5,0,26.697119,-0.005609665,0,-31.773611,-1.2113542e-06,0
0.5,0,26.697531,-0.0056572898,0,-31.764383,-1.1871994e-06,0
0.5,0,26.698199,-0.0057248969,0,-31.755154,-1.1848796e-06,0
0.5,0,26.698989,-0.0057991487,0,-31.745926,-1.2038427e-06,0
0.5,0,26.699726,-0.0058665358,0,-31.736697,-1.2412088e-06,0
0.5,0,26.700299,-0.0059163013,0,-31.727469,-1.2924335e-06,0
0.5,0,26.700678,-0.0059405064,0,-31.71824,-1.3524351e-06,0
0.5,0,26.700899,-0.0059363798,0,-31.709012,-1.4168209e-06,0
0.5,0,26.701026,-0.0059040822,0,-31.699783,-1.4827519e-06,0
0.5,0,26.701112,-0.0058424511,0,-31.690555,-1.5488348e-06,0
0.5,0,26.701172,-0.0057531931,0,-31.681327,-1.6139496e-06,0
0.5,0,26.701193,-0.0056473793,0,-31.672098,-1.6758363e-06,0
0.5,0,26.701184,-0.0055475045,0,-31.66287,-1.7307993e-06,0
0.5,0,26.701183,-0.0054819914,0,-31.653641,-1.7749826e-06,0
0.5,0,26.701233,-0.0054725673,0,-31.644413,-1.8062841e-06,0
0.5,0,26.701355,-0.0055213569,0,-31.635184,-1.8255636e-06,0
0.5,0,26.701552,-0.0056060762,0,-31.625956,-1.8365394e-06,0
0.5,0,26.70181,-0.0056897394,0,-31.616727,-1.8442945e-06,0
0.5,0,26.702106,-0.0057419758,0,-31.607499,-1.8534214e-06,0
0.5,0,26.702418,-0.005748518,0,-31.59827,-1.86608e-06,0
0.5,0,26.702729,-0.0057116653,0,-31.589042,-1.8808831e-06,0
0.5,0,26.703033,-0.005650758,0,-31.579813,-1.8936573e-06,0
0.5,0,26.703335,-0.0055918122,0,-31.570585,-1.8994381e-06,0
0.5,0,26.703641,-0.005558131,0,-31.561356,-1.8952603e-06,0
0.5,0,26.703955,-0.0055661276,0,-31.552128,-1.8822368e-06,0
0.5,0,26.704275,-0.0056202592,0,-31.5429,-1.8654195e-06,0
0.5,0,26.704588,-0.0057140202,0,-31.533671,-1.8517989e-06,0
0.5,0,26.704873,-0.0058359622,0,-31.524443,-1.8478474e-06,0
0.5,0,26.705135,-0.0059679242,0,-31.515214,-1.8575666e-06,0
0.5,0,26.705397,-0.0060834778,0,-31.505986,-1.8815671e-06,0
0.5,0,26.705625,-0.0061568346,0,-31.496757,-1.9168752e-06,0
0.5,0,26.705804,-0.0061761262,0,-31.487529,-1.9584229e-06,0
0.5,0,26.705952,-0.0061527351,0,-31.4783,-2.0019551e-06,0
0.5,0,26.70608,-0.0061015556,0,-31.469072,-2.0442393e-06,0
0.5,0,26.706285,-0.0060308968,0,-31.459843,-2.0812839e-06,0
0.5,0,26.706637,-0.0059588333,0,-31.450615,-2.1085773e-06,0
0.5,0,26.707089,-0.0059044136,0,-31.441386,-2.1225508e-06,0
0.5,0,26.707541,-0.0058723136,0,-31.432158,-2.1211038e-06,0
0.5,0,26.707939,-0.0058533002,0,-31.422929,-2.1030872e-06,0
0.5,0,26.708286,-0.0058309533,0,-31.413701,-2.0676707e-06,0
0.5,0,26.708598,-0.0057935306,0,-31.404473,-2.0141857e-06,0
0.5,0,26.708892,-0.0057464964,0,-31.395244,-1.9426667e-06,0
0.5,0,26.709182,-0.0057140277,0,-31.386016,-1.8553322e-06,0
0.5,0,26.709469,-0.0057264876,0,-31.376787,-1.7584532e-06,0
0.5,0,26.709744,-0.0058025658,0,-31.367559,-1.6629124e-06,0
0.5,0,26.709986,-0.005938112,0,-31.35833,-1.5820326e-06,0
0.5,0,26.710179,-0.0061058361,0,-31.349102,-1.527398e-06,0
0.5,0,26.710327,-0.0062674912,0,-31.339873,-1.5048686e-06,0
0.5,0,26.710434,-0.0063896283,0,-31.330645,-1.5127848e-06,0
0.5,0,26.710551,-0.0064511608,0,-31.321416,-1.5429603e-06,0
0.5,0,26.710661,-0.006451469,0,-31.312188,-1.5838028e-06,0
0.5,0,26.710812,-0.0064109242,0,-31.302959,-1.6249782e-06,0
0.5,0,26.711004,-0.0063501769,0,-31.293731,-1.661089e-06,0
0.5,0,26.711162,-0.006278907,0,-31.284502,-1.6919257e-06,0
0.5,0,26.711335,-0.0062074203,0,-31.275274,-1.7203685e-06,0
0.5,0,26.711552,-0.0061529676,0,-31.266046,-1.7504007e-06,0
0.5,0,26.711846,-0.0061311347,0,-31.256817,-1.7862256e-06,0
0.5,0,26.712207,-0.0061513127,0,-31.247589,-1.8312763e-06,0
0.5,0,26.712583,-0.0062163766,0,-31.23836,-1.8872528e-06,0
0.5,0,26.712946,-0.0063135718,0,-31.229132,-1.9545638e-06,0
0.5,0,26.713282,-0.0064151813,0,-31.219903,-2.0330911e-06,0
0.5,0,26.713603,-0.0064947233,0,-31.210675,-2.1214715e-06,0
0.5,0,26.713936,-0.0065375926,0,-31.201446,-2.2156708e-06,0
0.5,0,26.714287,-0.0065466911,0,-31.192218,-2.3092351e-06,0
0.5,0,26.714599,-0.0065442801,0,-31.182989,-2.3956328e-06,0
0.5,0,26.714795,-0.0065608667,0,-31.173761,-2.4712514e-06,0
0.5,0,26.714829,-0.0066115321,0,-31.164532,-2.5368438e-06,0
0.5,0,26.71471,-0.0066827085,0,-31.155304,-2.5959707e-06,0
0.5,0,26.714442,-0.0067548987,0,-31.146075,-2.6522313e-06,0
0.5,0,26.713928,-0.0067978406,0,-31.136847,-2.7078817e-06,0
0.5,0,26.712876,-0.0068001292,0,-31.127619,-2.7651092e-06,0
0.5,0,26.710921,-0.0067714955,0,-31.11839,-2.8226809e-06,0
0.5,0,26.707996,-0.006750102,0,-31.109162,-2.8748126e-06,0
0.5,0,26.704583,-0.0067876848,0,-31.099933,-2.9134651e-06,0
0.5,0,26.701659,-0.0068804217,0,-31.090705,-2.930287e-06,0
0.5,0,26.700213,-0.0070020486,0,-31.081476,-2.9213638e-06,0
0.5,0,26.700731,-0.0071325093,0,-31.072248,-2.887317e-06,0
0.5,0,26.702909,-0.00725206,0,-31.063019,-2.8307422e-06,0
0.5,0,26.705728,-0.0072996072,0,-31.053791,-2.7555933e-06,0
0.5,0,26.707979,-0.0072558836,0,-31.044562,-2.6705211e-06,0
0.5,0,26.708974,-0.0071738557,0,-31.035334,-2.5873183e-06,0
0.5,0,26.708736,-0.0071045534,0,-31.026105,-2.5160282e-06,0
0.5,0,26.707807,-0.0070939096,0,-31.016877,-2.4649995e-06,0
0.5,0,26.70676,-0.0071626293,0,-31.007648,-2.439766e-06,0
0.5,0,26.705876,-0.0073013524,0,-30.99842,-2.4395711e-06,0
0.5,0,26.705303,-0.0074722585,0,-30.989192,-2.4567649e-06,0
0.5,0,26.705017,-0.0076244092,0,-30.979963,-2.4798771e-06,0
0.5,0,26.704857,-0.0077055566,0,-30.970735,-2.497888e-06,0
0.5,0,26.704648,-0.0077281103,0,-30.961506,-2.5050969e-06,0
0.5,0,26.704348,-0.007738431,0,-30.952278,-2.5004618e-06,0
0.5,0,26.704021,-0.0077289676,0,-30.943049,-2.4832591e-06,0
0.5,0,26.703707,-0.0076898213,0,-30.933821,-2.4522889e-06,0
0.5,0,26.703478,-0.0076394797,0,-30.924592,-2.4064409e-06,0
0.5,0,26.703456,-0.0076013926,0,-30.915364,-2.3448383e-06,0
0.5,0,26.703642,-0.0075873625,0,-30.906135,-2.2677685e-06,0
0.5,0,26.703846,-0.0075964426,0,-30.896907,-2.1786587e-06,0
0.5,0,26.703884,-0.007621621,0,-30.887678,-2.0845668e-06,0
0.5,0,26.703742,-0.0076543439,0,-30.87845,-1.9941737e-06,0
0.5,0,26.703503,-0.0076823967,0,-30.869221,-1.9147942e-06,0
0.5,0,26.703217,-0.0076892674,0,-30.859993,-1.8500652e-06,0
0.5,0,26.70291,-0.0076609005,0,-30.850765,-1.7988209e-06,0
0.5,0,26.702698,-0.0075928335,0,-30.841536,-1.7554142e-06,0
0.5,0,26.702876,-0.0074910352,0,-30.832308,-1.7118568e-06,0
0.5,0,26.703847,-0.0073711035,0,-30.823079,-1.6610715e-06,0
0.5,0,26.705869,-0.0072578982,0,-30.813851,-1.5993505e-06,0
0.5,0,26.708753,-0.0071768021,0,-30.804622,-1.5268156e-06,0
0.5,0,26.711769,-0.007136488,0,-30.795394,-1.4461944e-06,0
0.5,0,26.713922,-0.0071219084,0,-30.786165,-1.3606484e-06,0
0.5,0,26.714478,-0.0071110755,0,-30.776937,-1.2715409e-06,0
0.5,0,26.71338,-0.0071001239,0,-30.767708,-1.177903e-06,0
0.5,0,26.711245,-0.0071066274,0,-30.75848,-1.0784429e-06,0
0.5,0,26.708993,-0.0071444098,0,-30.749251,-9.7401471e-07,0
0.5,0,26.707276,-0.0072029155,0,-30.740023,-8.671114e-07,0
0.5,0,26.706554,-0.0072719778,0,-30.730794,-7.5944234e-07,0
0.5,0,26.705805,-0.0073216926,0,-30.721566,-6.4942195e-07,0
0.5,0,26.705165,-0.0072781308,0,-30.712338,-5.3226247e-07,0
0.5,0,26.703132,-0.007090247,0,-30.703109,-4.1167974e-07,0
0.5,0,26.701145,-0.0069033728,0,-30.693881,-2.9811261e-07,0
0.5,0,26.701076,-0.0068076024,0,-30.684652,-1.9878576e-07,0
0.5,0,26.700665,-0.0067454529,0,-30.675424,-1.2076895e-07,0
0.5,0,26.700356,-0.0067341969,0,-30.666195,-6.9778761e-08,0
0.5,0,26.700212,-0.0067763475,0,-30.656967,-4.6167449e-08,0
0.5,0,26.700178,-0.0068149167,0,-30.647738,-4.3227068e-08,0
0.5,0,26.699973,-0.0067937687,0,-30.63851,-5.2242544e-08,0
0.5,0,26.700832,-0.0067637856,0,-30.629281,-6.704552e-08,0
0.5,0,26.701587,-0.0067153423,0,-30.620053,-8.4054634e-08,0
0.5,0,26.701292,-0.0066348765,0,-30.610824,-1.009039e-07,0
0.5,0,26.701509,-0.0065872937,0,-30.601596,-1.145884e-07,0
0.5,0,26.701888,-0.0065851393,0,-30.592367,-1.2204331e-07,0
0.5,0,26.702309,-0.0066335314,0,-30.583139,-1.2180973e-07,0
0.5,0,26.702567,-0.0067373575,0,-30.57391,-1.1606135e-07,0
0.5,0,26.702277,-0.0068572505,0,-30.564682,-1.1064136e-07,0
0.5,0,26.701232,-0.0069528678,0,-30.555454,-1.1499816e-07,0
0.5,0,26.69974,-0.0070166583,0,-30.546225,-1.3910946e-07,0
0.5,0,26.698688,-0.0069910356,0,-30.536997,-1.8913491e-07,0
0.5,0,26.699104,-0.0068227545,0,-30.527768,-2.6998059e-07,0
0.5,0,26.70138,-0.0065779259,0,-30.51854,-3.8784557e-07,0
0.5,0,26.704934,-0.006368097,0,-30.509311,-5.437699e-07,0
0.5,0,26.70858,-0.0062489438,0,-30.500083,-7.2977921e-07,0
0.5,0,26.711263,-0.0062396072,0,-30.490854,-9.3251339e-07,0
0.5,0,26.712608,-0.0063318953,0,-30.481626,-1.1360018e-06,0
0.5,0,26.71284,-0.0064952635,0,-30.472397,-1.3260315e-06,0
0.5,0,26.712415,-0.0066674573,0,-30.463169,-1.4945996e-06,0
0.5,0,26.711689,-0.0067668888,0,-30.45394,-1.6436355e-06,0
0.5,0,26.710838,-0.0067705367,0,-30.444712,-1.7852657e-06,0
0.5,0,26.709934,-0.0067129935,0,-30.435483,-1.9321884e-06,0
0.5,0,26.709179,-0.006619786,0,-30.426255,-2.0881761e-06,0
0.5,0,26.708963,-0.0065303379,0,-30.417027,-2.2503551e-06,0
0.5,0,26.709556,-0.0065027358,0,-30.407798,-2.4139086e-06,0
0.5,0,26.710934,-0.0065495903,0,-30.39857,-2.5738948e-06,0
0.5,0,26.712698,-0.0066351752,0,-30.389341,-2.7274145e-06,0
0.5,0,26.714234,-0.0067159525,0,-30.380113,-2.8739678e-06,0
0.5,0,26.715018,-0.0067692425,0,-30.370884,-3.0142991e-06,0
0.5,0,26.714931,-0.0067955487,0,-30.361656,-3.1488345e-06,0
0.5,0,26.714358,-0.0068055032,0,-30.352427,-3.2771814e-06,0
0.5,0,26.713869,-0.0068138248,0,-30.343199,-3.4000309e-06,0
0.5,0,26.713869,-0.0068406784,0,-30.33397,-3.5207024e-06,0
0.5,0,26.714387,-0.0069055172,0,-30.324742,-3.6433163e-06,0
0.5,0,26.715092,-0.0070134599,0,-30.315513,-3.7697463e-06,0
0.5,0,26.715509,-0.007143699,0,-30.306285,-3.8984116e-06,0
0.5,0,26.715303,-0.0072527427,0,-30.297056,-4.0252458e-06,0
0.5,0,26.714458,-0.0072964148,0,-30.287828,-4.1459025e-06,0
0.5,0,26.713248,-0.0072504984,0,-30.2786,-4.2577822e-06,0
0.5,0,26.712055,-0.0071202435,0,-30.269371,-4.361333e-06,0
0.5,0,26.711172,-0.0069464924,0,-30.260143,-4.4603736e-06,0
0.5,0,26.710701,-0.0067709892,0,-30.250914,-4.5605633e-06,0
0.5,0,26.71059,-0.006648088,0,-30.241686,-4.668956e-06,0
0.5,0,26.710697,-0.0066345811,0,-30.232457,-4.790394e-06,0
0.5,0,26.710891,-0.0067318703,0,-30.223229,-4.9233168e-06,0
0.5,0,26.711087,-0.0069012871,0,-30.214,-5.0612151e-06,0
0.5,0,26.71124,-0.0070887671,0,-30.204772,-5.1957877e-06,0
0.5,0,26.711334,-0.0072468137,0,-30.195543,-5.3211844e-06,0
0.5,0,26.711377,-0.0073507218,0,-30.186315,-5.4369494e-06,0
0.5,0,26.711381,-0.0074002147,0,-30.177086,-5.5470991e-06,0
0.5,0,26.711369,-0.0074128259,0,-30.167858,-5.6560118e-06,0
0.5,0,26.711368,-0.0074145782,0,-30.158629,-5.7643558e-06,0
0.5,0,26.711385,-0.0074295405,0,-30.149401,-5.8677503e-06,0
0.5,0,26.71139,-0.0074707983,0,-30.140173,-5.9583273e-06,0
0.5,0,26.711408,-0.0075391625,0,-30.130944,-6.0278063e-06,0
0.5,0,26.71151,-0.0076345235,0,-30.121716,-6.0709532e-06,0
0.5,0,26.7117,-0.0077663383,0,-30.112487,-6.0883913e-06,0
0.5,0,26.711885,-0.0079375753,0,-30.103259,-6.0869407e-06,0
0.5,0,26.712072,-0.0081029032,0,-30.09403,-6.0735885e-06,0
0.5,0,26.712156,-0.0082010639,0,-30.084802,-6.0470246e-06,0
0.5,0,26.712194,-0.0082514836,0,-30.075573,-6.0019482e-06,0
0.5,0,26.712392,-0.0083440405,0,-30.066345,-5.9395203e-06,0
0.5,0,26.712561,-0.0085055148,0,-30.057116,-5.8650415e-06,0
0.5,0,26.712532,-0.0086780238,0,-30.047888,-5.7815792e-06,0
0.5,0,26.712406,-0.0088312699,0,-30.038659,-5.6881548e-06,0
0.5,0,26.712329,-0.0089535562,0,-30.029431,-5.5808035e-06,0
0.5,0,26.71229,-0.0090637817,0,-30.020202,-5.4589066e-06,0
0.5,0,26.712192,-0.0091967527,0,-30.010974,-5.3254248e-06,0
0.5,0,26.711943,-0.0093323083,0,-30.001746,-5.181914e-06,0
0.5,0,26.71148,-0.0094401725,0,-29.992517,-5.0296681e-06,0
0.5,0,26.710836,-0.0095025525,0,-29.983289,-4.8725144e-06,0
0.5,0,26.710127,-0.0095108236,0,-29.97406,-4.7162592e-06,0
0.5,0,26.709432,-0.0094697147,0,-29.964832,-4.565981e-06,0
0.5,0,26.708808,-0.0093942167,0,-29.955603,-4.4248638e-06,0
0.5,0,26.708351,-0.0093033563,0,-29.946375,-4.2944921e-06,0
0.5,0,26.708135,-0.0092168312,0,-29.937146,-4.1752455e-06,0
0.5,0,26.708108,-0.0091516877,0,-29.927918,-4.0666333e-06,0
0.5,0,26.708134,-0.009117665,0,-29.918689,-3.9678508e-06,0
0.5,0,26.708088,-0.0091138851,0,-29.909461,-3.8784227e-06,0
0.5,0,26.707907,-0.0091295171,0,-29.900232,-3.7983975e-06,0
0.5,0,26.707595,-0.0091495896,0,-29.891004,-3.7278985e-06,0
0.5,0,26.707222,-0.0091625252,0,-29.881775,-3.6663897e-06,0
0.5,0,26.706891,-0.0091626249,0,-29.872547,-3.6123251e-06,0
0.5,0,26.706681,-0.0091460296,0,-29.863319,-3.5636753e-06,0
0.5,0,26.706647,-0.0091064918,0,-29.85409,-3.5187459e-06,0
0.5,0,26.706718,-0.0090451698,0,-29.844862,-3.4764402e-06,0
0.5,0,26.706934,-0.0089800706,0,-29.835633,-3.436257e-06,0
0.5,0,26.707102,-0.0089349114,0,-29.826405,-3.3981046e-06,0
0.5,0,26.707245,-0.0089220391,0,-29.817176,-3.3591321e-06,0
0.5,0,26.707493,-0.0089416241,0,-29.807948,-3.3131678e-06,0
0.5,0,26.707688,-0.0089982666,0,-29.798719,-3.2558388e-06,0
0.5,0,26.70787,-0.0090878356,0,-29.789491,-3.1862612e-06,0
0.5,0,26.707984,-0.0091833795,0,-29.780262,-3.1059957e-06,0
0.5,0,26.708043,-0.0092595519,0,-29.771034,-3.0189861e-06,0
0.5,0,26.708116,-0.0093076508,0,-29.761805,-2.9302288e-06,0
0.5,0,26.708229,-0.0093317639,0,-29.752577,-2.8437185e-06,0
0.5,0,26.708376,-0.0093414392,0,-29.743348,-2.7616993e-06,0
0.5,0,26.708528,-0.0093446548,0,-29.73412,-2.6851356e-06,0
0.5,0,26.708652,-0.0093422041,0,-29.724892,-2.614254e-06,0
0.5,0,26.708731,-0.0093261841,0,-29.715663,-2.5482649e-06,0
0.5,0,26.708791,-0.0092893199,0,-29.706435,-2.4845958e-06,0
0.5,0,26.708848,-0.0092586556,0,-29.697206,-2.419837e-06,0
0.5,0,26.708924,-0.009297137,0,-29.687978,-2.3552325e-06,0
0.5,0,26.708978,-0.009402962,0,-29.678749,-2.3009342e-06,0
0.5,0,26.7088,-0.0094370403,0,-29.669521,-2.2569843e-06,0
0.5,0,26.709001,-0.0093115543,0,-29.660292,-2.2064955e-06,0
0.5,0,26.709326,-0.0091652296,0,-29.651064,-2.1512218e-06,0
0.5,0,26.709102,-0.0091184971,0,-29.641835,-2.1069815e-06,0
0.5,0,26.708654,-0.0091030343,0,-29.632607,-2.0736921e-06,0
0.5,0,26.708025,-0.0090649394,0,-29.623378,-2.04813e-06,0
0.5,0,26.707349,-0.0090330393,0,-29.61415,-2.0335117e-06,0
0.5,0,26.706742,-0.0090189523,0,-29.604921,-2.0307947e-06,0
0.5,0,26.706257,-0.0090086931,0,-29.595693,-2.0370627e-06,0
0.5,0,26.705895,-0.0089944911,0,-29.586465,-2.0480092e-06,0
0.5,0,26.705652,-0.0089781909,0,-29.577236,-2.0592082e-06,0
0.5,0,26.705546,-0.00896558,0,-29.568008,-2.0674072e-06,0
0.5,0,26.705593,-0.0089637705,0,-29.558779,-2.0709054e-06,0
0.5,0,26.705842,-0.0089707187,0,-29.549551,-2.0696594e-06,0
0.5,0,26.706068,-0.0089679564,0,-29.540322,-2.0651617e-06,0
0.5,0,26.706401,-0.0089284343,0,-29.531094,-2.0578019e-06,0
0.5,0,26.706828,-0.0088737689,0,-29.521865,-2.0513187e-06,0
0.5,0,26.707089,-0.0088426411,0,-29.512637,-2.0516588e-06,0
0.5,0,26.707372,-0.0088236826,0,-29.503408,-2.0604899e-06,0
0.5,0,26.7076,-0.0088113368,0,-29.49418,-2.0762892e-06,0
0.5,0,26.70767,-0.0088211226,0,-29.484951,-2.0952443e-06,0
0.5,0,26.707629,-0.0088545787,0,-29.475723,-2.1131207e-06,0
0.5,0,26.70754,-0.008899057,0,-29.466494,-2.1271576e-06,0
0.5,0,26.707422,-0.0089406049,0,-29.457266,-2.1375324e-06,0
0.5,0,26.707206,-0.0089715582,0,-29.448038,-2.146354e-06,0
0.5,0,26.706861,-0.0089906478,0,-29.438809,-2.1555478e-06,0
0.5,0,26.706466,-0.0089982626,0,-29.429581,-2.1664062e-06,0
0.5,0,26.706162,-0.0089956552,0,-29.420352,-2.1797426e-06,0
0.5,0,26.706058,-0.0089875758,0,-29.411124,-2.1955764e-06,0
0.5,0,26.706194,-0.0089817291,0,-29.401895,-2.2129671e-06,0
0.5,0,26.706531,-0.0089841326,0,-29.392667,-2.2304102e-06,0
0.5,0,26.706976,-0.0089957736,0,-29.383438,-2.2465937e-06,0
0.5,0,26.707417,-0.0090130088,0,-29.37421,-2.2612353e-06,0
0.5,0,26.707766,-0.0090301167,0,-29.364981,-2.2754894e-06,0
0.5,0,26.707984,-0.0090413913,0,-29.355753,-2.2914895e-06,0
0.5,0,26.708089,-0.0090422162,0,-29.346524,-2.3113519e-06,0
0.5,0,26.708085,-0.0090307766,0,-29.337296,-2.336217e-06,0
0.5,0,26.708231,-0.0090073041,0,-29.328067,-2.3657223e-06,0
0.5,0,26.707995,-0.0089905233,0,-29.318839,-2.3980657e-06,0
0.5,0,26.708236,-0.0089582744,0,-29.309611,-2.4295243e-06,0
0.5,0,26.708561,-0.0088896617,0,-29.300382,-2.4576516e-06,0
0.5,0,26.708355,-0.0088462779,0,-29.291154,-2.4806626e-06,0
0.5,0,26.70854,-0.0088385576,0,-29.281925,-2.4955716e-06,0
0.5,0,26.708643,-0.0088295038,0,-29.272697,-2.5016261e-06,0
0.5,0,26.708725,-0.0088167215,0,-29.263468,-2.499906e-06,0
0.5,0,26.708809,-0.008807353,0,-29.25424,-2.4916821e-06,0
0.5,0,26.708864,-0.0088099092,0,-29.245011,-2.4785181e-06,0
0.5,0,26.70892,-0.0088287058,0,-29.235783,-2.4629884e-06,0
0.5,0,26.709014,-0.0088562561,0,-29.226554,-2.4477591e-06,0
0.5,0,26.709094,-0.0088808822,0,-29.217326,-2.4345807e-06,0
0.5,0,26.709124,-0.0089010623,0,-29.208097,-2.4248196e-06,0
0.5,0,26.709104,-0.0089222769,0,-29.198869,-2.4199123e-06,0
0.5,0,26.709051,-0.008948679,0,-29.18964,-2.4207662e-06,0
0.5,0,26.708968,-0.0089793572,0,-29.180412,-2.4271361e-06,0
0.5,0,26.708871,-0.0090022914,0,-29.171184,-2.4380641e-06,0
0.5,0,26.708795,-0.00900222,0,-29.161955,-2.4521114e-06,0
0.5,0,26.708761,-0.0089819471,0,-29.152727,-2.4676697e-06,0
0.5,0,26.708754,-0.0089679556,0,-29.143498,-2.4845462e-06,0
0.5,0,26.708743,-0.0089838729,0,-29.13427,-2.5051145e-06,0
0.5,0,26.708718,-0.0090230036,0,-29.125041,-2.5323393e-06,0
0.5,0,26.708711,-0.0090574605,0,-29.115813,-2.5659854e-06,0
0.5,0,26.708767,-0.009072174,0,-29.106584,-2.6023245e-06,0
0.5,0,26.708923,-0.0090779337,0,-29.097356,-2.6376201e-06,0
0.5,0,26.709183,-0.0090909884,0,-29.088127,-2.6705584e-06,0
0.5,0,26.709465,-0.0091135557,0,-29.078899,-2.7013322e-06,0
0.5,0,26.709721,-0.0091358611,0,-29.06967,-2.7299947e-06,0
0.5,0,26.710051,-0.0091513158,0,-29.060442,-2.7562655e-06,0
0.5,0,26.710528,-0.0091582744,0,-29.051213,-2.7799705e-06,0
0.5,0,26.711047,-0.0091540371,0,-29.041985,-2.8011435e-06,0
0.5,0,26.711481,-0.0091387272,0,-29.032757,-2.819816e-06,0
0.5,0,26.711836,-0.0091168675,0,-29.023528,-2.8359743e-06,0
0.5,0,26.712174,-0.0090937259,0,-29.0143,-2.8493178e-06,0
0.5,0,26.712509,-0.0090709196,0,-29.005071,-2.8592054e-06,0
0.5,0,26.71281,-0.0090460775,0,-28.995843,-2.865216e-06,0
0.5,0,26.713043,-0.0090203638,0,-28.986614,-2.8673907e-06,0
0.5,0,26.713201,-0.0090033544,0,-28.977386,-2.8656768e-06,0
0.5,0,26.713302,-0.0090050781,0,-28.968157,-2.859982e-06,0
0.5,0,26.713381,-0.0090272442,0,-28.958929,-2.8512674e-06,0
0.5,0,26.713469,-0.0090619454,0,-28.9497,-2.8418105e-06,0
0.5,0,26.713564,-0.0090995509,0,-28.940472,-2.8339965e-06,0
0.5,0,26.713663,-0.0091344612,0,-28.931243,-2.8284573e-06,0
0.5,0,26.713749,-0.0091614482,0,-28.922015,-2.8237979e-06,0
0.5,0,26.713775,-0.0091785738,0,-28.912786,-2.8181559e-06,0
0.5,0,26.713725,-0.0091888038,0,-28.903558,-2.8102463e-06,0
0.5,0,26.713665,-0.009192515,0,-28.89433,-2.7993002e-06,0
0.5,0,26.71368,-0.0091876381,0,-28.885101,-2.7851168e-06,0
0.5,0,26.713791,-0.0091755174,0,-28.875873,-2.7686479e-06,0
0.5,0,26.713963,-0.0091590576,0,-28.866644,-2.7520463e-06,0
0.5,0,26.714162,-0.00914106,0,-28.857416,-2.7382304e-06,0
0.5,0,26.714389,-0.0091266773,0,-28.848187,-2.7302694e-06,0
0.5,0,26.714657,-0.0091228808,0,-28.838959,-2.7304958e-06,0
0.5,0,26.71496,-0.0091352968,0,-28.82973,-2.7395595e-06,0
0.5,0,26.71528,-0.0091636502,0,-28.820502,-2.7563243e-06,0
0.5,0,26.715593,-0.00920045,0,-28.811273,-2.7785556e-06,0
0.5,0,26.715885,-0.0092346554,0,-28.802045,-2.8033584e-06,0
0.5,0,26.71615,-0.0092563574,0,-28.792816,-2.8273217e-06,0
0.5,0,26.716388,-0.0092602975,0,-28.783588,-2.8469514e-06,0
0.5,0,26.716608,-0.0092464534,0,-28.774359,-2.859576e-06,0
0.5,0,26.716814,-0.0092197596,0,-28.765131,-2.8641367e-06,0
0.5,0,26.716999,-0.009189607,0,-28.755903,-2.8613156e-06,0
0.5,0,26.717152,-0.0091696084,0,-28.746674,-2.8529594e-06,0
0.5,0,26.717275,-0.0091755737,0,-28.737446,-2.8414393e-06,0
0.5,0,26.717407,-0.0092169933,0,-28.728217,-2.8294908e-06,0
0.5,0,26.717609,-0.0092898189,0,-28.718989,-2.8200437e-06,0
0.5,0,26.717908,-0.0093799525,0,-28.70976,-2.8155156e-06,0
0.5,0,26.718277,-0.009471533,0,-28.700532,-2.8171243e-06,0
0.5,0,26.718649,-0.0095518965,0,-28.691303,-2.8244722e-06,0
0.5,0,26.718958,-0.0096122464,0,-28.682075,-2.8355421e-06,0
0.5,0,26.719177,-0.0096470598,0,-28.672846,-2.8469701e-06,0
0.5,0,26.719321,-0.0096550672,0,-28.663618,-2.8545e-06,0
0.5,0,26.719431,-0.0096424231,0,-28.654389,-2.8541456e-06,0
0.5,0,26.719548,-0.0096223581,0,-28.645161,-2.8435888e-06,0
0.5,0,26.719687,-0.0096110106,0,-28.635932,-2.8232836e-06,0
0.5,0,26.719845,-0.0096219834,0,-28.626704,-2.7967463e-06,0
0.5,0,26.72002,-0.009659279,0,-28.617476,-2.7695452e-06,0
0.5,0,26.720231,-0.0097150085,0,-28.608247,-2.7472656e-06,0
0.5,0,26.720499,-0.0097738047,0,-28.599019,-2.7334516e-06,0
0.5,0,26.720834,-0.0098204483,0,-28.58979,-2.728572e-06,0
0.5,0,26.721216,-0.0098456288,0,-28.580562,-2.7303474e-06,0
0.5,0,26.721616,-0.0098477655,0,-28.571333,-2.735072e-06,0
0.5,0,26.722022,-0.0098333044,0,-28.562105,-2.73933e-06,0
0.5,0,26.722441,-0.0098165024,0,-28.552876,-2.7415675e-06,0
0.5,0,26.722866,-0.0098169414,0,-28.543648,-2.7431888e-06,0
0.5,0,26.723253,-0.0098533921,0,-28.534419,-2.7489182e-06,0
0.5,0,26.723536,-0.0099364781,0,-28.525191,-2.766075e-06,0
0.5,0,26.723674,-0.010065451,0,-28.515962,-2.8027604e-06,0
0.5,0,26.723695,-0.010230592,0,-28.506734,-2.8656236e-06,0
0.5,0,26.723675,-0.010416326,0,-28.497505,-2.9579828e-06,0
0.5,0,26.72369,-0.01060135,0,-28.488277,-3.0786215e-06,0
0.5,0,26.723791,-0.01075967,0,-28.479049,-3.221306e-06,0
0.5,0,26.724003,-0.010867886,0,-28.46982,-3.3754754e-06,0
0.5,0,26.724322,-0.010916491,0,-28.460592,-3.5285942e-06,0
0.5,0,26.72471,-0.01091719,0,-28.451363,-3.6696585e-06,0
0.5,0,26.725109,-0.010897456,0,-28.442135,-3.7921679e-06,0
0.5,0,26.725466,-0.010882581,0,-28.432906,-3.8948689e-06,0
0.5,0,26.725749,-0.010881488,0,-28.423678,-3.979889e-06,0
0.5,0,26.72596,-0.010891391,0,-28.414449,-4.0496019e-06,0
0.5,0,26.726119,-0.010917813,0,-28.405221,-4.1052532e-06,0
0.5,0,26.726293,-0.010983616,0,-28.395992,-4.1487271e-06,0
0.5,0,26.726548,-0.011109022,0,-28.386764,-4.1843658e-06,0
0.5,0,26.726802,-0.011282796,0,-28.377535,-4.217e-06,0
0.5,0,26.727279,-0.011452027,0,-28.368307,-4.2470745e-06,0
0.5,0,26.726587,-0.011573822,0,-28.359078,-4.2683241e-06,0
0.5,0,26.725112,-0.011567982,0,-28.34985,-4.2684389e-06,0
0.5,0,26.723127,-0.011419484,0,-28.340622,-4.246644e-06,0
0.5,0,26.720918,-0.011250986,0,-28.331393,-4.2128622e-06,0
0.5,0,26.719993,-0.011091607,0,-28.322165,-4.1706342e-06,0
0.5,0,26.719534,-0.010927173,0,-28.312936,-4.1214034e-06,0
0.5,0,26.719248,-0.010793202,0,-28.303708,-4.0672718e-06,0
0.5,0,26.719056,-0.01069446,0,-28.294479,-4.0099432e-06,0
0.5,0,26.718763,-0.010605,0,-28.285251,-3.9496949e-06,0
0.5,0,26.718661,-0.010495346,0,-28.276022,-3.8842841e-06,0
0.5,0,26.718392,-0.010382576,0,-28.266794,-3.8141432e-06,0
0.5,0,26.71781,-0.010314077,0,-28.257565,-3.7430384e-06,0
0.5,0,26.717429,-0.010270736,0,-28.248337,-3.671067e-06,0
0.5,0,26.717156,-0.010217811,0,-28.239108,-3.5960851e-06,0
0.5,0,26.717142,-0.010173847,0,-28.22988,-3.5165824e-06,0
0.5,0,26.717373,-0.010158908,0,-28.220651,-3.4318785e-06,0
0.5,0,26.717743,-0.01017331,0,-28.211423,-3.3436399e-06,0
0.5,0,26.718187,-0.010213423,0,-28.202195,-3.2560125e-06,0
0.5,0,26.718628,-0.010277353,0,-28.192966,-3.1737432e-06,0
0.5,0,26.718908,-0.010361836,0,-28.183738,-3.1002851e-06,0
0.5,0,26.718928,-0.010433835,0,-28.174509,-3.0368212e-06,0
0.5,0,26.718153,-0.010469682,0,-28.165281,-2.9820864e-06,0
0.5,0,26.718567,-0.01054344,0,-28.156052,-2.9325546e-06,0
0.5,0,26.718741,-0.010578825,0,-28.146824,-2.8842793e-06,0
0.5,0,26.717386,-0.010507681,0,-28.137595,-2.8338834e-06,0
0.5,0,26.716806,-0.010428273,0,-28.128367,-2.7791653e-06,0
0.5,0,26.716435,-0.010365181,0,-28.119138,-2.720533e-06,0
0.5,0,26.716139,-0.010323179,0,-28.10991,-2.6608713e-06,0
0.5,0,26.715942,-0.01030448,0,-28.100681,-2.6045212e-06,0
0.5,0,26.715783,-0.010303932,0,-28.091453,-2.5554895e-06,0
0.5,0,26.715648,-0.010308836,0,-28.082224,-2.5156741e-06,0
0.5,0,26.715466,-0.010311841,0,-28.072996,-2.4843904e-06,0
0.5,0,26.715357,-0.010322329,0,-28.063768,-2.460316e-06,0
0.5,0,26.715157,-0.010352287,0,-28.054539,-2.4440778e-06,0
0.5,0,26.714909,-0.010392669,0,-28.045311,-2.4356355e-06,0
0.5,0,26.714756,-0.01041616,0,-28.036082,-2.4320142e-06,0
0.5,0,26.714549,-0.01041573,0,-28.026854,-2.430652e-06,0
0.5,0,26.714473,-0.010404574,0,-28.017625,-2.4301812e-06,0
0.5,0,26.714563,-0.010383593,0,-28.008397,-2.4293803e-06,0
0.5,0,26.714983,-0.01033662,0,-27.999168,-2.426656e-06,0
0.5,0,26.715879,-0.010254193,0,-27.98994,-2.4188216e-06,0
0.5,0,26.717424,-0.010160721,0,-27.980711,-2.4029936e-06,0
0.5,0,26.719506,-0.010094586,0,-27.971483,-2.3808248e-06,0
0.5,0,26.721559,-0.010071026,0,-27.962254,-2.3580306e-06,0
0.5,0,26.72307,-0.010082982,0,-27.953026,-2.339331e-06,0
0.5,0,26.723587,-0.010117723,0,-27.943797,-2.3264788e-06,0
0.5,0,26.722955,-0.010154789,0,-27.934569,-2.3205413e-06,0
0.5,0,26.721395,-0.010174689,0,-27.925341,-2.3228064e-06,0
0.5,0,26.719422,-0.010178412,0,-27.916112,-2.333223e-06,0
0.5,0,26.717602,-0.010178047,0,-27.906884,-2.3502134e-06,0
0.5,0,26.716258,-0.010178545,0,-27.897655,-2.3723597e-06,0
0.5,0,26.715409,-0.010175754,0,-27.888427,-2.3991574e-06,0
0.5,0,26.714908,-0.010160689,0,-27.879198,-2.430076e-06,0
0.5,0,26.71462,-0.010123073,0,-27.86997,-2.4634218e-06,0
0.5,0,26.714498,-0.010056731,0,-27.860741,-2.4961556e-06,0
0.5,0,26.714528,-0.0099651139,0,-27.851513,-2.5248066e-06,0
0.5,0,26.714645,-0.0098626183,0,-27.842284,-2.5470613e-06,0
0.5,0,26.714728,-0.0097699326,0,-27.833056,-2.5632738e-06,0
0.5,0,26.714665,-0.0097055794,0,-27.823827,-2.5770253e-06,0
0.5,0,26.714417,-0.0096794529,0,-27.814599,-2.5943428e-06,0
0.5,0,26.714034,-0.0096920864,0,-27.80537,-2.6221135e-06,0
0.5,0,26.713593,-0.0097360436,0,-27.796142,-2.6665303e-06,0
0.5,0,26.713165,-0.0097931051,0,-27.786914,-2.7316159e-06,0
0.5,0,26.712752,-0.0098341094,0,-27.777685,-2.8176777e-06,0
0.5,0,26.712454,-0.0098304545,0,-27.768457,-2.9204768e-06,0
0.5,0,26.711781,-0.0097999186,0,-27.759228,-3.0335135e-06,0
0.5,0,26.711438,-0.0097494576,0,-27.75,-3.153827e-06,0
0.5,0,26.711236,-0.0096429055,0,-27.740771,-3.2762951e-06,0
0.5,0,26.710617,-0.0095145914,0,-27.731543,-3.3935796e-06,0
0.5,0,26.710392,-0.0094199982,0,-27.722314,-3.5040411e-06,0
0.5,0,26.710249,-0.0093664791,0,-27.713086,-3.6080732e-06,0
0.5,0,26.710115,-0.0093544045,0,-27.703857,-3.705698e-06,0
0.5,0,26.71005,-0.0093787281,0,-27.694629,-3.7966405e-06,0
0.5,0,26.710037,-0.0094255959,0,-27.6854,-3.8801213e-06,0
0.5,0,26.710151,-0.0094811117,0,-27.676172,-3.9544369e-06,0
0.5,0,26.71058,-0.0095360793,0,-27.666943,-4.016866e-06,0
0.5,0,26.711546,-0.0095872465,0,-27.657715,-4.0645966e-06,0
0.5,0,26.713169,-0.0096363747,0,-27.648487,-4.0963506e-06,0
0.5,0,26.71532,-0.0096818018,0,-27.639258,-4.1130344e-06,0
0.5,0,26.717562,-0.0097079091,0,-27.63003,-4.116149e-06,0
0.5,0,26.719248,-0.0096922904,0,-27.620801,-4.1053921e-06,0
0.5,0,26.719787,-0.009634976,0,-27.611573,-4.0790612e-06,0
0.5,0,26.718964,-0.0095726851,0,-27.602344,-4.0380425e-06,0
0.5,0,26.717098,-0.0095487142,0,-27.593116,-3.9888911e-06,0
0.5,0,26.71493,-0.0095729256,0,-27.583887,-3.9413575e-06,0
0.5,0,26.713268,-0.009617072,0,-27.574659,-3.9024058e-06,0
0.5,0,26.71272,-0.0096448633,0,-27.56543,-3.8731277e-06,0
0.5,0,26.713571,-0.0096378224,0,-27.556202,-3.8503582e-06,0
0.5,0,26.715534,-0.0095940805,0,-27.546973,-3.8292789e-06,0
0.5,0,26.717769,-0.0095204085,0,-27.537745,-3.8045941e-06,0
0.5,0,26.719559,-0.0094307166,0,-27.528516,-3.771188e-06,0
0.5,0,26.720745,-0.0093433319,0,-27.519288,-3.7252743e-06,0
0.5,0,26.721485,-0.0092754471,0,-27.51006,-3.6655278e-06,0
0.5,0,26.721982,-0.00923843,0,-27.500831,-3.593227e-06,0
0.5,0,26.722485,-0.0092358212,0,-27.491603,-3.5115442e-06,0
0.5,0,26.72318,-0.0092657651,0,-27.482374,-3.4245172e-06,0
0.5,0,26.723942,-0.009324852,0,-27.473146,-3.3358653e-06,0
0.5,0,26.724329,-0.0094053964,0,-27.463917,-3.2483922e-06,0
0.5,0,26.723913,-0.0094887665,0,-27.454689,-3.1648074e-06,0
0.5,0,26.722642,-0.0095477505,0,-27.44546,-3.0890144e-06,0
0.5,0,26.720925,-0.0095578749,0,-27.436232,-3.026094e-06,0
0.5,0,26.719436,-0.009504827,0,-27.427003,-2.9810826e-06,0
0.5,0,26.718794,-0.0093864966,0,-27.417775,-2.957827e-06,0
0.5,0,26.719333,-0.0092174233,0,-27.408546,-2.9579504e-06,0
0.5,0,26.720983,-0.0090319763,0,-27.399318,-2.9794097e-06,0
0.5,0,26.723274,-0.0088753019,0,-27.390089,-3.0155344e-06,0
0.5,0,26.725488,-0.0087834056,0,-27.380861,-3.0561242e-06,0
0.5,0,26.726986,-0.0087662438,0,-27.371633,-3.090595e-06,0
0.5,0,26.727549,-0.0088043986,0,-27.362404,-3.1112202e-06,0
0.5,0,26.727497,-0.0088600806,0,-27.353176,-3.1145917e-06,0
0.5,0,26.727416,-0.0088962134,0,-27.343947,-3.1009942e-06,0
0.5,0,26.727674,-0.0088936062,0,-27.334719,-3.072821e-06,0
0.5,0,26.728118,-0.0088574287,0,-27.32549,-3.0334292e-06,0
0.5,0,26.728208,-0.0088099846,0,-27.316262,-2.9868891e-06,0
0.5,0,26.727465,-0.0087765071,0,-27.307033,-2.9381942e-06,0
0.5,0,26.725889,-0.0087701607,0,-27.297805,-2.8931067e-06,0
0.5,0,26.724019,-0.0087874032,0,-27.288576,-2.8571904e-06,0
0.5,0,26.722632,-0.0088173178,0,-27.279348,-2.8343991e-06,0
0.5,0,26.722349,-0.0088508545,0,-27.270119,-2.8258629e-06,0
0.5,0,26.723382,-0.0088844905,0,-27.260891,-2.8293516e-06,0
0.5,0,26.725482,-0.0089127247,0,-27.251662,-2.8394495e-06,0
0.5,0,26.72805,-0.0089249816,0,-27.242434,-2.8491104e-06,0
0.5,0,26.730329,-0.0089130809,0,-27.233206,-2.8518831e-06,0
0.5,0,26.731671,-0.0088784188,0,-27.223977,-2.8443352e-06,0
0.5,0,26.731761,-0.008836146,0,-27.214749,-2.8275187e-06,0
0.5,0,26.730772,-0.0088001778,0,-27.20552,-2.8055119e-06,0
0.5,0,26.729173,-0.0087773616,0,-27.196292,-2.782625e-06,0
0.5,0,26.727945,-0.0087713254,0,-27.187063,-2.7620358e-06,0
0.5,0,26.726696,-0.0087963745,0,-27.177835,-2.7457886e-06,0
0.5,0,26.726983,-0.0087906229,0,-27.168606,-2.7316577e-06,0
0.5,0,26.727673,-0.0087427312,0,-27.159378,-2.7180075e-06,0
0.5,0,26.727664,-0.0087708387,0,-27.150149,-2.7088442e-06,0
0.5,0,26.728389,-0.0088442606,0,-27.140921,-2.7065253e-06,0
0.5,0,26.72869,-0.0088738211,0,-27.131692,-2.7098388e-06,0
0.5,0,26.728903,-0.0088642333,0,-27.122464,-2.7185189e-06,0
0.5,0,26.729086,-0.0088269816,0,-27.113235,-2.7336403e-06,0
0.5,0,26.729094,-0.0087659969,0,-27.104007,-2.7557028e-06,0
0.5,0,26.728972,-0.0086872063,0,-27.094779,-2.7847311e-06,0
0.5,0,26.728781,-0.008600715,0,-27.08555,-2.8200091e-06,0
0.5,0,26.728611,-0.0085213652,0,-27.076322,-2.8590751e-06,0
0.5,0,26.728587,-0.008463922,0,-27.067093,-2.8975876e-06,0
0.5,0,26.728856,-0.0084399374,0,-27.057865,-2.9299637e-06,0
0.5,0,26.7296,-0.0084548433,0,-27.048636,-2.9502172e-06,0
0.5,0,26.731014,-0.0085025751,0,-27.039408,-2.95339e-06,0
0.5,0,26.733149,-0.0085624604,0,-27.030179,-2.9376855e-06,0
0.5,0,26.735701,-0.0086050905,0,-27.020951,-2.9063145e-06,0
0.5,0,26.737962,-0.008606979,0,-27.011722,-2.8673598e-06,0
0.5,0,26.739088,-0.008563167,0,-27.002494,-2.8308511e-06,0
0.5,0,26.738576,-0.0084906211,0,-26.993265,-2.8051619e-06,0
0.5,0,26.736608,-0.0084186825,0,-26.984037,-2.7948628e-06,0
0.5,0,26.733973,-0.0083730332,0,-26.974808,-2.8002206e-06,0
0.5,0,26.731622,-0.0083655937,0,-26.96558,-2.8180213e-06,0
0.5,0,26.730159,-0.0083919956,0,-26.956352,-2.8432045e-06,0
0.5,0,26.729632,-0.0084358114,0,-26.947123,-2.8708126e-06,0
0.5,0,26.729689,-0.0084779961,0,-26.937895,-2.8975024e-06,0
0.5,0,26.729915,-0.0085077003,0,-26.928666,-2.9219203e-06,0
0.5,0,26.730079,-0.0085295149,0,-26.919438,-2.9437709e-06,0
0.5,0,26.730169,-0.0085570146,0,-26.910209,-2.9618643e-06,0
0.5,0,26.730263,-0.0085991989,0,-26.900981,-2.972481e-06,0
0.5,0,26.730454,-0.0086551841,0,-26.891752,-2.9701099e-06,0
0.5,0,26.730684,-0.0087144947,0,-26.882524,-2.9509194e-06,0
0.5,0,26.731009,-0.0087510211,0,-26.873295,-2.9157534e-06,0
0.5,0,26.731302,-0.0087434107,0,-26.864067,-2.8711758e-06,0
0.5,0,26.731449,-0.0086893994,0,-26.854838,-2.8275476e-06,0
0.5,0,26.731546,-0.0085894756,0,-26.84561,-2.7941921e-06,0
0.5,0,26.731541,-0.008464805,0,-26.836381,-2.775679e-06,0
0.5,0,26.73154,-0.0083590817,0,-26.827153,-2.770299e-06,0
0.5,0,26.731591,-0.0083026129,0,-26.817925,-2.7710236e-06,0
0.5,0,26.731711,-0.0082986259,0,-26.808696,-2.7694216e-06,0
0.5,0,26.73193,-0.0083302021,0,-26.799468,-2.7597855e-06,0
0.5,0,26.732233,-0.008372596,0,-26.790239,-2.740949e-06,0
0.5,0,26.732583,-0.0084056429,0,-26.781011,-2.715876e-06,0
0.5,0,26.732977,-0.008421331,0,-26.771782,-2.6896149e-06,0
0.5,0,26.733529,-0.0084263078,0,-26.762554,-2.6664594e-06,0
0.5,0,26.734492,-0.0084353516,0,-26.753325,-2.6478439e-06,0
0.5,0,26.736163,-0.0084583188,0,-26.744097,-2.6323273e-06,0
0.5,0,26.738649,-0.008489392,0,-26.734868,-2.6175867e-06,0
0.5,0,26.741633,-0.0085054584,0,-26.72564,-2.6028035e-06,0
0.5,0,26.744354,-0.008477816,0,-26.716411,-2.5898422e-06,0
0.5,0,26.745915,-0.0083927088,0,-26.707183,-2.582735e-06,0
0.5,0,26.745763,-0.0082660315,0,-26.697954,-2.5859092e-06,0
0.5,0,26.744012,-0.0081392464,0,-26.688726,-2.6018461e-06,0
0.5,0,26.741377,-0.0080584544,0,-26.679498,-2.6289783e-06,0
0.5,0,26.738759,-0.0080518935,0,-26.670269,-2.6611186e-06,0
0.5,0,26.736819,-0.0081191407,0,-26.661041,-2.6893986e-06,0
0.5,0,26.735759,-0.0082332893,0,-26.651812,-2.705912e-06,0
0.5,0,26.735382,-0.0083512219,0,-26.642584,-2.7068506e-06,0
0.5,0,26.73535,-0.0084301823,0,-26.633355,-2.6935584e-06,0
0.5,0,26.735479,-0.0084465453,0,-26.624127,-2.6715147e-06,0
0.5,0,26.735699,-0.0084049562,0,-26.614898,-2.6479615e-06,0
0.5,0,26.735979,-0.0083316818,0,-26.60567,-2.6292668e-06,0
0.5,0,26.73623,-0.0082604813,0,-26.596441,-2.6189408e-06,0
0.5,0,26.736393,-0.0082167005,0,-26.587213,-2.6166455e-06,0
0.5,0,26.736442,-0.0082080132,0,-26.577984,-2.6186922e-06,0
0.5,0,26.736368,-0.0082298285,0,-26.568756,-2.6200901e-06,0
0.5,0,26.736332,-0.0082696552,0,-26.559527,-2.6168143e-06,0
0.5,0,26.736421,-0.0083108727,0,-26.550299,-2.6070813e-06,0
0.5,0,26.736589,-0.0083441774,0,-26.541071,-2.5911861e-06,0
0.5,0,26.736796,-0.0083688515,0,-26.531842,-2.5705595e-06,0
0.5,0,26.737076,-0.008381726,0,-26.522614,-2.5477443e-06,0
0.5,0,26.737472,-0.0083734313,0,-26.513385,-2.5271159e-06,0
0.5,0,26.737956,-0.0083367486,0,-26.504157,-2.514455e-06,0
0.5,0,26.738435,-0.0082723883,0,-26.494928,-2.5152348e-06,0
0.5,0,26.73882,-0.0081872828,0,-26.4857,-2.5331727e-06,0
0.5,0,26.739074,-0.0080945761,0,-26.476471,-2.5693729e-06,0
0.5,0,26.739199,-0.0080157759,0,-26.467243,-2.6215071e-06,0
0.5,0,26.739208,-0.0079775893,0,-26.458014,-2.6832971e-06,0
0.5,0,26.739117,-0.0080029818,0,-26.448786,-2.745264e-06,0
0.5,0,26.738974,-0.0080983338,0,-26.439557,-2.797066e-06,0
0.5,0,26.73886,-0.0082431836,0,-26.430329,-2.8305472e-06,0
0.5,0,26.738844,-0.008393997,0,-26.4211,-2.8421668e-06,0
0.5,0,26.738941,-0.0085012368,0,-26.411872,-2.833947e-06,0
0.5,0,26.739119,-0.0085306946,0,-26.402644,-2.8125325e-06,0
0.5,0,26.739339,-0.0084792542,0,-26.393415,-2.7865902e-06,0
0.5,0,26.739577,-0.0083776106,0,-26.384187,-2.7635752e-06,0
0.5,0,26.739819,-0.0082780427,0,-26.374958,-2.7475826e-06,0
0.5,0,26.740048,-0.0082297276,0,-26.36573,-2.7396556e-06,0
0.5,0,26.74025,-0.0082585964,0,-26.356501,-2.7396826e-06,0
0.5,0,26.740422,-0.0083562738,0,-26.347273,-2.7478721e-06,0
0.5,0,26.740571,-0.0084851062,0,-26.338044,-2.7646281e-06,0
0.5,0,26.740708,-0.0085983568,0,-26.328816,-2.7892893e-06,0
0.5,0,26.74084,-0.0086588248,0,-26.319587,-2.8190675e-06,0
0.5,0,26.740974,-0.008651688,0,-26.310359,-2.848405e-06,0
0.5,0,26.741107,-0.0085878234,0,-26.30113,-2.8695053e-06,0
0.5,0,26.741238,-0.008497542,0,-26.291902,-2.8747655e-06,0
0.5,0,26.741363,-0.0084169926,0,-26.282673,-2.8595371e-06,0
0.5,0,26.741482,-0.0083761766,0,-26.273445,-2.8236784e-06,0
0.5,0,26.741599,-0.0083920836,0,-26.264217,-2.7714585e-06,0
0.5,0,26.741714,-0.0084655961,0,-26.254988,-2.710053e-06,0
0.5,0,26.741827,-0.0085820402,0,-26.24576,-2.647435e-06,0
0.5,0,26.741937,-0.0087150533,0,-26.236531,-2.5906174e-06,0
0.5,0,26.74204,-0.0088333525,0,-26.227303,-2.5447358e-06,0
0.5,0,26.742143,-0.0089098624,0,-26.218074,-2.5129739e-06,0
0.5,0,26.742258,-0.008930196,0,-26.208846,-2.4971226e-06,0
0.5,0,26.742403,-0.0088965473,0,-26.199617,-2.4983325e-06,0
0.5,0,26.74259,-0.0088258771,0,-26.190389,-2.517476e-06,0
0.5,0,26.742806,-0.0087443024,0,-26.18116,-2.5546559e-06,0
0.5,0,26.743014,-0.0086807675,0,-26.171932,-2.6079229e-06,0
0.5,0,26.743169,-0.0086618126,0,-26.162703,-2.6720445e-06,0
0.5,0,26.743249,-0.0087066268,0,-26.153475,-2.7385162e-06,0
0.5,0,26.743277,-0.0088204227,0,-26.144246,-2.7974409e-06,0
0.5,0,26.743315,-0.0089872113,0,-26.135018,-2.8406865e-06,0
0.5,0,26.743432,-0.009168072,0,-26.12579,-2.8647316e-06,0
0.5,0,26.743656,-0.0093116303,0,-26.116561,-2.8716299e-06,0
0.5,0,26.743955,-0.0093748306,0,-26.107333,-2.8675906e-06,0
0.5,0,26.744257,-0.0093444261,0,-26.098104,-2.8599771e-06,0
0.5,0,26.744493,-0.0092449672,0,-26.088876,-2.8542153e-06,0
0.5,0,26.744639,-0.0091254748,0,-26.079647,-2.8519574e-06,0
0.5,0,26.744717,-0.0090357769,0,-26.070419,-2.8509941e-06,0
0.5,0,26.744762,-0.0090051784,0,-26.06119,-2.846496e-06,0
0.5,0,26.744791,-0.0090349778,0,-26.051962,-2.8331773e-06,0
0.5,0,26.744791,-0.0091099205,0,-26.042733,-2.8078141e-06,0
0.5,0,26.744737,-0.0092149566,0,-26.033505,-2.7711834e-06,0
0.5,0,26.744625,-0.0093466059,0,-26.024276,-2.7285452e-06,0
0.5,0,26.744443,-0.009496639,0,-26.015048,-2.6872283e-06,0
0.5,0,26.744315,-0.0096318626,0,-26.005819,-2.6528619e-06,0
0.5,0,26.743839,-0.0097142289,0,-25.996591,-2.6259725e-06,0
0.5,0,26.742446,-0.0097206159,0,-25.987362,-2.601416e-06,0
0.5,0,26.740805,-0.0096600704,0,-25.978134,-2.5791019e-06,0
0.5,0,26.73965,-0.0095545655,0,-25.968906,-2.5638821e-06,0
0.5,0,26.739084,-0.0094201556,0,-25.959677,-2.5554895e-06,0
0.5,0,26.738989,-0.0092844407,0,-25.950449,-2.5503651e-06,0
0.5,0,26.739082,-0.0091667094,0,-25.94122,-2.5455187e-06,0
0.5,0,26.739191,-0.0090681743,0,-25.931992,-2.5397576e-06,0
0.5,0,26.739197,-0.0089901567,0,-25.922763,-2.5326724e-06,0
0.5,0,26.739021,-0.0089316451,0,-25.913535,-2.5244284e-06,0
0.5,0,26.738678,-0.0088816011,0,-25.904306,-2.5167199e-06,0
0.5,0,26.738314,-0.0088314719,0,-25.895078,-2.512414e-06,0
0.5,0,26.73813,-0.0087820314,0,-25.885849,-2.5136692e-06,0
0.5,0,26.73826,-0.0087362813,0,-25.876621,-2.5208014e-06,0
0.5,0,26.738763,-0.0086945893,0,-25.867392,-2.532611e-06,0
0.5,0,26.739642,-0.0086556087,0,-25.858164,-2.5472866e-06,0
0.5,0,26.74084,-0.0086193817,0,-25.848935,-2.5634265e-06,0
0.5,0,26.742203,-0.0085875156,0,-25.839707,-2.5806381e-06,0
0.5,0,26.743495,-0.0085592132,0,-25.830479,-2.5991278e-06,0
0.5,0,26.744533,-0.0085287739,0,-25.82125,-2.618689e-06,0
0.5,0,26.745347,-0.0084884602,0,-25.812022,-2.6380651e-06,0
0.5,0,26.746218,-0.0084366456,0,-25.802793,-2.6553798e-06,0
0.5,0,26.747485,-0.0083826218,0,-25.793565,-2.6693593e-06,0
0.5,0,26.749196,-0.0083394241,0,-25.784336,-2.6800334e-06,0
0.5,0,26.750895,-0.0083120231,0,-25.775108,-2.6879123e-06,0
0.5,0,26.751779,-0.0082962446,0,-25.765879,-2.6925312e-06,0
0.5,0,26.751194,-0.008288815,0,-25.756651,-2.692259e-06,0
0.5,0,26.749097,-0.0082922836,0,-25.747422,-2.6857445e-06,0
0.5,0,26.746126,-0.0083078767,0,-25.738194,-2.673086e-06,0
0.5,0,26.743228,-0.0083278128,0,-25.728965,-2.6552534e-06,0
0.5,0,26.741086,-0.0083409098,0,-25.719737,-2.6327242e-06,0
0.5,0,26.740102,-0.0083438893,0,-25.710508,-2.6053645e-06,0
0.5,0,26.7395,-0.0083616497,0,-25.70128,-2.5739979e-06,0
0.5,0,26.7397,-0.0083782286,0,-25.692052,-2.5404138e-06,0
0.5,0,26.739905,-0.0083651573,0,-25.682823,-2.5085124e-06,0
0.5,0,26.739199,-0.0083626112,0,-25.673595,-2.4801746e-06,0
0.5,0,26.738382,-0.0083659205,0,-25.664366,-2.4513221e-06,0
0.5,0,26.737119,-0.0083444586,0,-25.655138,-2.4170443e-06,0
0.5,0,26.735771,-0.0083146475,0,-25.645909,-2.3747803e-06,0
0.5,0,26.734709,-0.0082941261,0,-25.636681,-2.3246434e-06,0
0.5,0,26.734184,-0.0082869106,0,-25.627452,-2.268821e-06,0
0.5,0,26.73421,-0.0082910901,0,-25.618224,-2.2108928e-06,0
0.5,0,26.734563,-0.0083049062,0,-25.608995,-2.1553509e-06,0
0.5,0,26.735073,-0.0083266212,0,-25.599767,-2.1065773e-06,0
0.5,0,26.735697,-0.0083488967,0,-25.590538,-2.0673881e-06,0
0.5,0,26.736298,-0.0083557461,0,-25.58131,-2.0380244e-06,0
0.5,0,26.736604,-0.0083289119,0,-25.572081,-2.0160053e-06,0
0.5,0,26.736484,-0.0082614822,0,-25.562853,-1.9966949e-06,0
0.5,0,26.736071,-0.0081651048,0,-25.553625,-1.9745014e-06,0
0.5,0,26.73558,-0.0080655738,0,-25.544396,-1.9448797e-06,0
0.5,0,26.735133,-0.0079945166,0,-25.535168,-1.9066803e-06,0
0.5,0,26.734752,-0.0079816074,0,-25.525939,-1.8637009e-06,0
0.5,0,26.734446,-0.0080401903,0,-25.516711,-1.8244013e-06,0
0.5,0,26.734217,-0.0081489866,0,-25.507482,-1.7989529e-06,0
0.5,0,26.734081,-0.0082551566,0,-25.498254,-1.7939089e-06,0
0.5,0,26.733989,-0.0083139517,0,-25.489025,-1.8081459e-06,0
0.5,0,26.733923,-0.0083193072,0,-25.479797,-1.8341202e-06,0
0.5,0,26.733818,-0.0082890117,0,-25.470568,-1.8631414e-06,0
0.5,0,26.733641,-0.0082364371,0,-25.46134,-1.8892545e-06,0
0.5,0,26.733472,-0.0081635914,0,-25.452111,-1.9088846e-06,0
0.5,0,26.733329,-0.0080822865,0,-25.442883,-1.9194121e-06,0
0.5,0,26.733282,-0.0080231384,0,-25.433654,-1.9204408e-06,0
0.5,0,26.733254,-0.0080131514,0,-25.424426,-1.9160846e-06,0
0.5,0,26.73307,-0.0080537006,0,-25.415198,-1.9143136e-06,0
0.5,0,26.732742,-0.0081229719,0,-25.405969,-1.9233767e-06,0
0.5,0,26.732527,-0.0081947182,0,-25.396741,-1.9483852e-06,0
0.5,0,26.732536,-0.0082467648,0,-25.387512,-1.98987e-06,0
0.5,0,26.73262,-0.0082606231,0,-25.378284,-2.0439588e-06,0
0.5,0,26.732656,-0.0082268133,0,-25.369055,-2.1033877e-06,0
0.5,0,26.732569,-0.008156652,0,-25.359827,-2.1589265e-06,0
0.5,0,26.732359,-0.0080767022,0,-25.350598,-2.2010326e-06,0
0.5,0,26.732066,-0.0080028124,0,-25.34137,-2.222834e-06,0
0.5,0,26.731734,-0.0079360458,0,-25.332141,-2.2233913e-06,0
0.5,0,26.731413,-0.0078863605,0,-25.322913,-2.2068674e-06,0
0.5,0,26.731151,-0.0078779985,0,-25.313684,-2.1778831e-06,0
0.5,0,26.731015,-0.0079221333,0,-25.304456,-2.1390585e-06,0
0.5,0,26.731056,-0.0079987094,0,-25.295227,-2.0928776e-06,0
0.5,0,26.731245,-0.0080721737,0,-25.285999,-2.0438775e-06,0
0.5,0,26.731475,-0.0081156082,0,-25.276771,-1.9982887e-06,0
0.5,0,26.731637,-0.0081176972,0,-25.267542,-1.9624615e-06,0
0.5,0,26.731686,-0.0080776414,0,-25.258314,-1.9419232e-06,0
0.5,0,26.731629,-0.0080025544,0,-25.249085,-1.9408502e-06,0
0.5,0,26.73148,-0.0079086222,0,-25.239857,-1.9611452e-06,0
0.5,0,26.731252,-0.0078204396,0,-25.230628,-2.0012201e-06,0
0.5,0,26.730978,-0.0077655819,0,-25.2214,-2.0553255e-06,0
0.5,0,26.73071,-0.0077644398,0,-25.212171,-2.1141534e-06,0
0.5,0,26.730494,-0.0078204734,0,-25.202943,-2.1670452e-06,0
0.5,0,26.730339,-0.0079148926,0,-25.193714,-2.205317e-06,0
0.5,0,26.73022,-0.0080101681,0,-25.184486,-2.2254221e-06,0
0.5,0,26.730096,-0.0080653274,0,-25.175257,-2.230529e-06,0
0.5,0,26.729941,-0.0080539102,0,-25.166029,-2.2294507e-06,0
0.5,0,26.729759,-0.0079772778,0,-25.1568,-2.2330785e-06,0
0.5,0,26.729586,-0.0078649574,0,-25.147572,-2.2498697e-06,0
0.5,0,26.729458,-0.0077599279,0,-25.138344,-2.2825013e-06,0
0.5,0,26.729373,-0.0076988667,0,-25.129115,-2.3271444e-06,0
0.5,0,26.729292,-0.007696414,0,-25.119887,-2.3755265e-06,0
0.5,0,26.729195,-0.0077417878,0,-25.110658,-2.4185858e-06,0
0.5,0,26.729124,-0.0078079317,0,-25.10143,-2.4498846e-06,0
0.5,0,26.729186,-0.0078656513,0,-25.092201,-2.4674533e-06,0
0.5,0,26.729519,-0.0078949973,0,-25.082973,-2.4736788e-06,0
0.5,0,26.73027,-0.0078896339,0,-25.073744,-2.4736879e-06,0
0.5,0,26.73156,-0.0078556599,0,-25.064516,-2.4729769e-06,0
0.5,0,26.73339,-0.007805791,0,-25.055287,-2.4753251e-06,0
0.5,0,26.735535,-0.007753296,0,-25.046059,-2.4816041e-06,0
0.5,0,26.737556,-0.0077085682,0,-25.03683,-2.4897334e-06,0
0.5,0,26.738976,-0.0076771784,0,-25.027602,-2.4957451e-06,0
0.5,0,26.739516,-0.007661312,0,-25.018373,-2.4955776e-06,0
0.5,0,26.739199,-0.0076624735,0,-25.009145,-2.4871352e-06,0
0.5,0,26.738291,-0.0076804386,0,-24.999917,-2.4716276e-06,0
0.5,0,26.737161,-0.0077086525,0,-24.990688,-2.4531652e-06,0
0.5,0,26.736226,-0.0077343643,0,-24.98146,-2.4366054e-06,0
0.5,0,26.735909,-0.0077467197,0,-24.972231,-2.4252145e-06,0
0.5,0,26.736508,-0.0077443106,0,-24.963003,-2.4197612e-06,0
0.5,0,26.737962,-0.00773375,0,-24.953774,-2.4192281e-06,0
0.5,0,26.739676,-0.0077218502,0,-24.944546,-2.4220426e-06,0
0.5,0,26.740712,-0.0077115544,0,-24.935317,-2.4265866e-06,0
0.5,0,26.740315,-0.0077036281,0,-24.926089,-2.4311594e-06,0
0.5,0,26.738362,-0.0076997753,0,-24.91686,-2.4342366e-06,0
0.5,0,26.735459,-0.0077008674,0,-24.907632,-2.4346636e-06,0
0.5,0,26.732646,-0.0077109124,0,-24.898403,-2.4322786e-06,0
0.5,0,26.730894,-0.0077353993,0,-24.889175,-2.4278382e-06,0
0.5,0,26.730701,-0.0077739507,0,-24.879946,-2.4226575e-06,0
0.5,0,26.732049,-0.0078256443,0,-24.870718,-2.4185502e-06,0
0.5,0,26.734609,-0.0078894635,0,-24.86149,-2.4172872e-06,0
0.5,0,26.737935,-0.0079582301,0,-24.852261,-2.4201483e-06,0
0.5,0,26.74148,-0.0080140299,0,-24.843033,-2.4269452e-06,0
0.5,0,26.744561,-0.0080352009,0,-24.833804,-2.43542e-06,0
0.5,0,26.746507,-0.0080165392,0,-24.824576,-2.442601e-06,0
0.5,0,26.746847,-0.0079763451,0,-24.815347,-2.4476475e-06,0
0.5,0,26.745775,-0.0079336048,0,-24.806119,-2.4522898e-06,0
0.5,0,26.743838,-0.007907448,0,-24.79689,-2.4590383e-06,0
0.5,0,26.74178,-0.0079160932,0,-24.787662,-2.4695391e-06,0
0.5,0,26.740235,-0.0079508304,0,-24.778433,-2.4837588e-06,0
0.5,0,26.739328,-0.0079940201,0,-24.769205,-2.5005109e-06,0
0.5,0,26.739075,-0.0080377428,0,-24.759976,-2.5177245e-06,0
0.5,0,26.739274,-0.0080712473,0,-24.750748,-2.5330225e-06,0
0.5,0,26.739627,-0.0080825263,0,-24.741519,-2.5455753e-06,0
0.5,0,26.739934,-0.0080719221,0,-24.732291,-2.5568797e-06,0
0.5,0,26.740134,-0.0080540562,0,-24.723063,-2.5688664e-06,0
0.5,0,26.740276,-0.0080455288,0,-24.713834,-2.5822767e-06,0
0.5,0,26.740439,-0.0080526969,0,-24.704606,-2.5972221e-06,0
0.5,0,26.740652,-0.0080696978,0,-24.695377,-2.6139738e-06,0
0.5,0,26.740886,-0.0080860015,0,-24.686149,-2.6329568e-06,0
0.5,0,26.741092,-0.0080952806,0,-24.67692,-2.6544231e-06,0
0.5,0,26.741215,-0.0080988357,0,-24.667692,-2.6780902e-06,0
0.5,0,26.74121,-0.0081030955,0,-24.658463,-2.7029641e-06,0
0.5,0,26.741054,-0.0081170648,0,-24.649235,-2.7276074e-06,0
0.5,0,26.740771,-0.0081475345,0,-24.640006,-2.7506886e-06,0
0.5,0,26.740426,-0.0081926485,0,-24.630778,-2.7713943e-06,0
0.5,0,26.740098,-0.0082434055,0,-24.621549,-2.7892975e-06,0
0.5,0,26.739844,-0.0082896165,0,-24.612321,-2.8038583e-06,0
0.5,0,26.739678,-0.0083252018,0,-24.603092,-2.8140422e-06,0
0.5,0,26.739585,-0.008351282,0,-24.593864,-2.8182865e-06,0
0.5,0,26.739541,-0.0083743372,0,-24.584636,-2.8148144e-06,0
0.5,0,26.739531,-0.0084013482,0,-24.575407,-2.8021642e-06,0
0.5,0,26.739544,-0.0084355429,0,-24.566179,-2.7797589e-06,0
0.5,0,26.739563,-0.0084742127,0,-24.55695,-2.7482886e-06,0
0.5,0,26.739565,-0.0085096428,0,-24.547722,-2.7097843e-06,0
0.5,0,26.739555,-0.0085326068,0,-24.538493,-2.6674383e-06,0
0.5,0,26.739581,-0.0085365666,0,-24.529265,-2.6252522e-06,0
0.5,0,26.739701,-0.0085197084,0,-24.520036,-2.5874342e-06,0
0.5,0,26.739917,-0.0084847054,0,-24.510808,-2.5576544e-06,0
0.5,0,26.740161,-0.0084398518,0,-24.501579,-2.538375e-06,0
0.5,0,26.740337,-0.0083983492,0,-24.492351,-2.5301175e-06,0
0.5,0,26.740397,-0.0083747174,0,-24.483122,-2.530817e-06,0
0.5,0,26.740366,-0.0083802857,0,-24.473894,-2.5359866e-06,0
0.5,0,26.7403,-0.0084166502,0,-24.464665,-2.5399916e-06,0
0.5,0,26.740247,-0.0084710638,0,-24.455437,-2.53807e-06,0
0.5,0,26.740233,-0.0085184073,0,-24.446209,-2.5284093e-06,0
0.5,0,26.740289,-0.0085309257,0,-24.43698,-2.5132493e-06,0
0.5,0,26.74044,-0.0084904166,0,-24.427752,-2.4983717e-06,0
0.5,0,26.740693,-0.0083973203,0,-24.418523,-2.4910224e-06,0
0.5,0,26.74099,-0.0082725603,0,-24.409295,-2.4968395e-06,0
0.5,0,26.741214,-0.0081525974,0,-24.400066,-2.5169577e-06,0
0.5,0,26.741251,-0.0080790635,0,-24.390838,-2.5464005e-06,0
0.5,0,26.741061,-0.0080840972,0,-24.381609,-2.5746333e-06,0
0.5,0,26.740709,-0.0081775188,0,-24.372381,-2.5884261e-06,0
0.5,0,26.740316,-0.0083399001,0,-24.363152,-2.576201e-06,0
0.5,0,26.739988,-0.0085256893,0,-24.353924,-2.5324372e-06,0
0.5,0,26.739766,-0.0086777408,0,-24.344695,-2.4603879e-06,0
0.5,0,26.739631,-0.008748241,0,-24.335467,-2.3719015e-06,0
0.5,0,26.739535,-0.0087167319,0,-24.326238,-2.2841966e-06,0
0.5,0,26.739431,-0.0085967726,0,-24.31701,-2.2146374e-06,0
0.5,0,26.739297,-0.0084287682,0,-24.307782,-2.1753964e-06,0
0.5,0,26.739133,-0.0082636,0,-24.298553,-2.1699361e-06,0
0.5,0,26.738953,-0.0081444964,0,-24.289325,-2.1923439e-06,0
0.5,0,26.73877,-0.0080940177,0,-24.280096,-2.2296185e-06,0
0.5,0,26.738582,-0.0081145892,0,-24.270868,-2.2663537e-06,0
0.5,0,26.738368,-0.0081968727,0,-24.261639,-2.2899492e-06,0
0.5,0,26.73812,-0.0083214277,0,-24.252411,-2.2950704e-06,0
0.5,0,26.737827,-0.0084508454,0,-24.243182,-2.2848714e-06,0
0.5,0,26.737531,-0.0085333948,0,-24.233954,-2.2673357e-06,0
0.5,0,26.73724,-0.0085369832,0,-24.224725,-2.2509977e-06,0
0.5,0,26.736992,-0.008472157,0,-24.215497,-2.2432597e-06,0
0.5,0,26.736773,-0.0083737137,0,-24.206268,-2.2492104e-06,0
0.5,0,26.73649,-0.0082776232,0,-24.19704,-2.2695383e-06,0
0.5,0,26.736235,-0.0082108723,0,-24.187811,-2.2998546e-06,0
0.5,0,26.73608,-0.0081871532,0,-24.178583,-2.332819e-06,0
0.5,0,26.735968,-0.0082034748,0,-24.169355,-2.3612715e-06,0
0.5,0,26.735786,-0.0082399944,0,-24.160126,-2.3804118e-06,0
0.5,0,26.735491,-0.0082731486,0,-24.150898,-2.3884206e-06,0
0.5,0,26.735116,-0.008290693,0,-24.141669,-2.385917e-06,0
0.5,0,26.734698,-0.0082961606,0,-24.132441,-2.3750518e-06,0
0.5,0,26.734342,-0.0083010974,0,-24.123212,-2.3585369e-06,0
0.5,0,26.734164,-0.0083126525,0,-24.113984,-2.3386825e-06,0
0.5,0,26.734173,-0.0083276089,0,-24.104755,-2.3168524e-06,0
0.5,0,26.734295,-0.0083375234,0,-24.095527,-2.2937071e-06,0
0.5,0,26.734461,-0.0083403997,0,-24.086298,-2.2693401e-06,0
0.5,0,26.734636,-0.0083382039,0,-24.07707,-2.2430781e-06,0
0.5,0,26.734802,-0.0083291035,0,-24.067841,-2.2143885e-06,0
0.5,0,26.734948,-0.0083109479,0,-24.058613,-2.1836674e-06,0
0.5,0,26.735071,-0.0082855067,0,-24.049384,-2.1520161e-06,0
0.5,0,26.735172,-0.0082611314,0,-24.040156,-2.1207542e-06,0
0.5,0,26.735255,-0.0082477312,0,-24.030928,-2.0908183e-06,0
0.5,0,26.735329,-0.008248567,0,-24.021699,-2.0623074e-06,0
0.5,0,26.735406,-0.0082661454,0,-24.012471,-2.0348421e-06,0
0.5,0,26.735495,-0.0083079833,0,-24.003242,-2.0087066e-06,0
0.5,0,26.735593,-0.0083749071,0,-23.994014,-1.9849716e-06,0
0.5,0,26.735688,-0.00845515,0,-23.984785,-1.9644256e-06,0
0.5,0,26.735762,-0.0085350192,0,-23.975557,-1.9466281e-06,0
0.5,0,26.735795,-0.0086096915,0,-23.966328,-1.9300464e-06,0
0.5,0,26.735771,-0.0086831559,0,-23.9571,-1.9128436e-06,0
0.5,0,26.735677,-0.0087605043,0,-23.947871,-1.8934139e-06,0
0.5,0,26.735512,-0.0088430559,0,-23.938643,-1.8706827e-06,0
0.5,0,26.7351,-0.0089293691,0,-23.929414,-1.8444246e-06,0
0.5,0,26.733946,-0.0090010573,0,-23.920186,-1.8155258e-06,0
0.5,0,26.731111,-0.008963562,0,-23.910957,-1.7860642e-06,0
0.5,0,26.729191,-0.0088554741,0,-23.901729,-1.7589911e-06,0
0.5,0,26.729137,-0.0087755752,0,-23.892501,-1.7373707e-06,0
0.5,0,26.728877,-0.0087060872,0,-23.883272,-1.723378e-06,0
0.5,0,26.728647,-0.00864717,0,-23.874044,-1.7176937e-06,0
0.5,0,26.728516,-0.0086038877,0,-23.864815,-1.7195522e-06,0
0.5,0,26.728498,-0.0085789781,0,-23.855587,-1.7267263e-06,0
0.5,0,26.728526,-0.0085674318,0,-23.846358,-1.7361787e-06,0
0.5,0,26.728513,-0.00856434,0,-23.83713,-1.7448911e-06,0
0.5,0,26.728421,-0.0085697092,0,-23.827901,-1.7509045e-06,0
0.5,0,26.728277,-0.0085864067,0,-23.818673,-1.7545675e-06,0
0.5,0,26.72815,-0.0086140235,0,-23.809444,-1.7583533e-06,0
0.5,0,26.728092,-0.0086463603,0,-23.800216,-1.7653811e-06,0
0.5,0,26.728098,-0.0086786328,0,-23.790987,-1.777982e-06,0
0.5,0,26.728135,-0.0087115388,0,-23.781759,-1.7974678e-06,0
0.5,0,26.728175,-0.0087465964,0,-23.77253,-1.8243233e-06,0
0.5,0,26.728193,-0.0087805917,0,-23.763302,-1.857955e-06,0
0.5,0,26.728171,-0.0088036937,0,-23.754074,-1.8961871e-06,0
0.5,0,26.728127,-0.0088039941,0,-23.744845,-1.9352468e-06,0
0.5,0,26.728085,-0.0087780112,0,-23.735617,-1.9708407e-06,0
0.5,0,26.728023,-0.0087384631,0,-23.726388,-2.000039e-06,0
0.5,0,26.727893,-0.0087095708,0,-23.71716,-2.0227783e-06,0
0.5,0,26.727692,-0.0087111517,0,-23.707931,-2.0417337e-06,0
0.5,0,26.727479,-0.0087464652,0,-23.698703,-2.0604599e-06,0
0.5,0,26.727326,-0.0088077094,0,-23.689474,-2.0813878e-06,0
0.5,0,26.727274,-0.0088918722,0,-23.680246,-2.1057315e-06,0
0.5,0,26.727328,-0.0090055763,0,-23.671017,-2.1353105e-06,0
0.5,0,26.727507,-0.0091526379,0,-23.661789,-2.1738016e-06,0
0.5,0,26.727775,-0.0093212273,0,-23.65256,-2.2255834e-06,0
0.5,0,26.728397,-0.0094718541,0,-23.643332,-2.2926492e-06,0
0.5,0,26.728449,-0.0095556376,0,-23.634103,-2.3708409e-06,0
0.5,0,26.728731,-0.0094924001,0,-23.624875,-2.4460468e-06,0
0.5,0,26.730419,-0.0093563957,0,-23.615647,-2.5082101e-06,0
0.5,0,26.730941,-0.0092263432,0,-23.606418,-2.55485e-06,0
0.5,0,26.730318,-0.0090507323,0,-23.59719,-2.5805611e-06,0
0.5,0,26.72989,-0.0088598373,0,-23.587961,-2.5821988e-06,0
0.5,0,26.729302,-0.0086976795,0,-23.578733,-2.5621994e-06,0
0.5,0,26.728608,-0.0085856663,0,-23.569504,-2.5271548e-06,0
0.5,0,26.727909,-0.0085293295,0,-23.560276,-2.4848808e-06,0
0.5,0,26.727266,-0.0085240733,0,-23.551047,-2.4425084e-06,0
0.5,0,26.726612,-0.0085498981,0,-23.541819,-2.4059837e-06,0
0.5,0,26.725926,-0.0085821204,0,-23.53259,-2.379727e-06,0
0.5,0,26.725353,-0.0086050633,0,-23.523362,-2.3660948e-06,0
0.5,0,26.725069,-0.0086162117,0,-23.514133,-2.3650849e-06,0
0.5,0,26.725099,-0.0086205587,0,-23.504905,-2.3747813e-06,0
0.5,0,26.725307,-0.0086207901,0,-23.495676,-2.3925168e-06,0
0.5,0,26.725558,-0.0086126528,0,-23.486448,-2.4159069e-06,0
0.5,0,26.725837,-0.0085895257,0,-23.47722,-2.442976e-06,0
0.5,0,26.726181,-0.0085506082,0,-23.467991,-2.4717777e-06,0
0.5,0,26.726552,-0.0085048452,0,-23.458763,-2.5005601e-06,0
0.5,0,26.726824,-0.008466282,0,-23.449534,-2.5287095e-06,0
0.5,0,26.726868,-0.008443867,0,-23.440306,-2.5574237e-06,0
0.5,0,26.726659,-0.0084355046,0,-23.431077,-2.5890698e-06,0
0.5,0,26.726285,-0.0084321711,0,-23.421849,-2.6256262e-06,0
0.5,0,26.725889,-0.0084274255,0,-23.41262,-2.6675866e-06,0
0.5,0,26.725578,-0.0084215624,0,-23.403392,-2.7140702e-06,0
0.5,0,26.72539,-0.0084167027,0,-23.394163,-2.7636367e-06,0
0.5,0,26.725299,-0.0084123548,0,-23.384935,-2.8149396e-06,0
0.5,0,26.72526,-0.0084078356,0,-23.375706,-2.8669022e-06,0
0.5,0,26.725242,-0.0084052561,0,-23.366478,-2.9187222e-06,0
0.5,0,26.725232,-0.008406052,0,-23.357249,-2.9695282e-06,0
0.5,0,26.725196,-0.0084072411,0,-23.348021,-3.0176919e-06,0
0.5,0,26.72512,-0.0084053031,0,-23.338793,-3.0607849e-06,0
0.5,0,26.725065,-0.0084017867,0,-23.329564,-3.0965503e-06,0
0.5,0,26.725052,-0.0084020784,0,-23.320336,-3.1241333e-06,0
0.5,0,26.725051,-0.0084083047,0,-23.311107,-3.1444171e-06,0
0.5,0,26.725039,-0.0084167624,0,-23.301879,-3.1592752e-06,0
0.5,0,26.725004,-0.0084222885,0,-23.29265,-3.170561e-06,0
0.5,0,26.724951,-0.0084195809,0,-23.283422,-3.1794158e-06,0
0.5,0,26.724879,-0.008401236,0,-23.274193,-3.1860031e-06,0
0.5,0,26.724798,-0.008359895,0,-23.264965,-3.1896536e-06,0
0.5,0,26.724711,-0.0083014739,0,-23.255736,-3.1898705e-06,0
0.5,0,26.724629,-0.0082504958,0,-23.246508,-3.1879247e-06,0
0.5,0,26.724595,-0.0082256903,0,-23.237279,-3.1867969e-06,0
0.5,0,26.724749,-0.0082237901,0,-23.228051,-3.1892419e-06,0
0.5,0,26.724887,-0.008231922,0,-23.218822,-3.1960145e-06,0
0.5,0,26.724627,-0.0082437296,0,-23.209594,-3.2054571e-06,0
0.5,0,26.724137,-0.0082622687,0,-23.200366,-3.2147605e-06,0
0.5,0,26.723641,-0.0082804892,0,-23.191137,-3.2226956e-06,0
0.5,0,26.72306,-0.008278512,0,-23.181909,-3.2312251e-06,0
0.5,0,26.722396,-0.0082557814,0,-23.17268,-3.2427147e-06,0
0.5,0,26.721908,-0.0082322348,0,-23.163452,-3.2562327e-06,0
0.5,0,26.721881,-0.0082141,0,-23.154223,-3.2687469e-06,0
0.5,0,26.722414,-0.0081901115,0,-23.144995,-3.2787217e-06,0
0.5,0,26.723423,-0.0081546198,0,-23.135766,-3.2865956e-06,0
0.5,0,26.724787,-0.0081133874,0,-23.126538,-3.2929879e-06,0
0.5,0,26.726528,-0.0080740809,0,-23.117309,-3.2980383e-06,0
0.5,0,26.728832,-0.0080426637,0,-23.108081,-3.3020914e-06,0
0.5,0,26.73184,-0.0080246253,0,-23.098852,-3.3062069e-06,0
0.5,0,26.735297,-0.0080243056,0,-23.089624,-3.3119822e-06,0
0.5,0,26.738422,-0.0080426695,0,-23.080395,-3.3210746e-06,0
0.5,0,26.740173,-0.0080745673,0,-23.071167,-3.334662e-06,0
0.5,0,26.739838,-0.0081084373,0,-23.061939,-3.3527306e-06,0
0.5,0,26.737521,-0.0081353666,0,-23.05271,-3.3738075e-06,0
0.5,0,26.734077,-0.0081624949,0,-23.043482,-3.3964446e-06,0
0.5,0,26.730692,-0.0082050919,0,-23.034253,-3.4212808e-06,0
0.5,0,26.728179,-0.0082627402,0,-23.025025,-3.450501e-06,0
0.5,0,26.72677,-0.0083154763,0,-23.015796,-3.4845935e-06,0
0.5,0,26.726255,-0.0083465298,0,-23.006568,-3.5209843e-06,0
0.5,0,26.726351,-0.0083593518,0,-22.997339,-3.556716e-06,0
0.5,0,26.726801,-0.0083673312,0,-22.988111,-3.5905284e-06,0
0.5,0,26.727246,-0.0083777786,0,-22.978882,-3.6216518e-06,0
0.5,0,26.727538,-0.0083889364,0,-22.969654,-3.6488865e-06,0
0.5,0,26.727714,-0.0083986459,0,-22.960425,-3.671539e-06,0
0.5,0,26.727838,-0.008407108,0,-22.951197,-3.68968e-06,0
0.5,0,26.727913,-0.0084114715,0,-22.941968,-3.7032357e-06,0
0.5,0,26.727899,-0.0084099519,0,-22.93274,-3.7115873e-06,0
0.5,0,26.727778,-0.0084068801,0,-22.923512,-3.714403e-06,0
0.5,0,26.72759,-0.0084101404,0,-22.914283,-3.7131147e-06,0
0.5,0,26.72742,-0.0084246647,0,-22.905055,-3.7109847e-06,0
0.5,0,26.727335,-0.0084447078,0,-22.895826,-3.7109051e-06,0
0.5,0,26.727341,-0.0084568825,0,-22.886598,-3.7132113e-06,0
0.5,0,26.727384,-0.0084578502,0,-22.877369,-3.7157841e-06,0
0.5,0,26.727406,-0.0084608915,0,-22.868141,-3.7164331e-06,0
0.5,0,26.727375,-0.0084803976,0,-22.858912,-3.714875e-06,0
0.5,0,26.727296,-0.0085176736,0,-22.849684,-3.7123441e-06,0
0.5,0,26.727205,-0.0085596699,0,-22.840455,-3.7098836e-06,0
0.5,0,26.727115,-0.0085893838,0,-22.831227,-3.7076827e-06,0
0.5,0,26.726989,-0.0086024182,0,-22.821998,-3.7054438e-06,0
0.5,0,26.72684,-0.0086052386,0,-22.81277,-3.7026945e-06,0
0.5,0,26.726738,-0.0086063032,0,-22.803541,-3.6987086e-06,0
0.5,0,26.726679,-0.0086153581,0,-22.794313,-3.6927086e-06,0
0.5,0,26.726568,-0.0086391531,0,-22.785085,-3.6845966e-06,0
0.5,0,26.72636,-0.0086763569,0,-22.775856,-3.6750142e-06,0
0.5,0,26.726113,-0.0087166236,0,-22.766628,-3.6649763e-06,0
0.5,0,26.725906,-0.0087459614,0,-22.757399,-3.6554354e-06,0
0.5,0,26.725765,-0.0087532666,0,-22.748171,-3.6468821e-06,0
0.5,0,26.725677,-0.0087353324,0,-22.738942,-3.6392556e-06,0
0.5,0,26.72562,-0.0086989763,0,-22.729714,-3.6326154e-06,0
0.5,0,26.725579,-0.0086596579,0,-22.720485,-3.6285183e-06,0
0.5,0,26.725541,-0.0086389023,0,-22.711257,-3.6311371e-06,0
0.5,0,26.725483,-0.0086585133,0,-22.702028,-3.6469748e-06,0
0.5,0,26.725362,-0.0087296455,0,-22.6928,-3.6830792e-06,0
0.5,0,26.725147,-0.008843832,0,-22.683571,-3.7442588e-06,0
0.5,0,26.724856,-0.0089733113,0,-22.674343,-3.8299331e-06,0
0.5,0,26.724552,-0.0090816438,0,-22.665114,-3.9317646e-06,0
0.5,0,26.724297,-0.0091386516,0,-22.655886,-4.0335207e-06,0
0.5,0,26.724123,-0.0091320176,0,-22.646658,-4.1141118e-06,0
0.5,0,26.724027,-0.0090712655,0,-22.637429,-4.1531506e-06,0
0.5,0,26.723988,-0.0089828541,0,-22.628201,-4.1369482e-06,0
0.5,0,26.72398,-0.0088988357,0,-22.618972,-4.0626558e-06,0
0.5,0,26.723979,-0.0088452866,0,-22.609744,-3.9393074e-06,0
0.5,0,26.723966,-0.0088358595,0,-22.600515,-3.7858958e-06,0
0.5,0,26.723925,-0.0088707136,0,-22.591287,-3.62739e-06,0
0.5,0,26.723838,-0.0089389405,0,-22.582058,-3.4897484e-06,0
0.5,0,26.723712,-0.0090231577,0,-22.57283,-3.3950478e-06,0
0.5,0,26.723577,-0.0091058416,0,-22.563601,-3.3578499e-06,0
0.5,0,26.72347,-0.00917673,0,-22.554373,-3.3835065e-06,0
0.5,0,26.723412,-0.0092387013,0,-22.545144,-3.4683945e-06,0
0.5,0,26.723419,-0.0093085077,0,-22.535916,-3.6015673e-06,0
0.5,0,26.723489,-0.0094098483,0,-22.526687,-3.767165e-06,0
0.5,0,26.723597,-0.00956062,0,-22.517459,-3.9470938e-06,0
0.5,0,26.723696,-0.0097602578,0,-22.508231,-4.1237809e-06,0
0.5,0,26.723733,-0.0099832663,0,-22.499002,-4.2829164e-06,0
0.5,0,26.72368,-0.010184836,0,-22.489774,-4.4157943e-06,0
0.5,0,26.723505,-0.010320652,0,-22.480545,-4.5205472e-06,0
0.5,0,26.723243,-0.010367436,0,-22.471317,-4.6015102e-06,0
0.5,0,26.722885,-0.010332481,0,-22.462088,-4.6663937e-06,0
0.5,0,26.722325,-0.010243773,0,-22.45286,-4.7215255e-06,0
0.5,0,26.72072,-0.010143617,0,-22.443631,-4.7681318e-06,0
0.5,0,26.717618,-0.00997932,0,-22.434403,-4.8065523e-06,0
0.5,0,26.715655,-0.0097800297,0,-22.425174,-4.8317065e-06,0
0.5,0,26.715319,-0.0096377405,0,-22.415946,-4.8340287e-06,0
0.5,0,26.714886,-0.0095219059,0,-22.406717,-4.8106151e-06,0
0.5,0,26.71445,-0.0094099014,0,-22.397489,-4.7627671e-06,0
0.5,0,26.71414,-0.0092929613,0,-22.38826,-4.6937095e-06,0
0.5,0,26.714,-0.0091779971,0,-22.379032,-4.608851e-06,0
0.5,0,26.713831,-0.0090829338,0,-22.369804,-4.5139796e-06,0
0.5,0,26.713478,-0.0090215693,0,-22.360575,-4.413555e-06,0
0.5,0,26.712956,-0.0089916611,0,-22.351347,-4.3104449e-06,0
0.5,0,26.712399,-0.0089791291,0,-22.342118,-4.2057129e-06,0
0.5,0,26.711961,-0.0089723682,0,-22.33289,-4.0982567e-06,0
0.5,0,26.711704,-0.0089622193,0,-22.323661,-3.9859985e-06,0
0.5,0,26.711546,-0.0089304416,0,-22.314433,-3.8658222e-06,0
0.5,0,26.711342,-0.008855988,0,-22.305204,-3.7321163e-06,0
0.5,0,26.711028,-0.0087351055,0,-22.295976,-3.5792075e-06,0
0.5,0,26.710693,-0.0085930143,0,-22.286747,-3.4051298e-06,0
0.5,0,26.710507,-0.0084760264,0,-22.277519,-3.213397e-06,0
0.5,0,26.710564,-0.0084317803,0,-22.26829,-3.0139513e-06,0
0.5,0,26.710816,-0.008491615,0,-22.259062,-2.8225055e-06,0
0.5,0,26.711154,-0.0086583928,0,-22.249833,-2.6570926e-06,0
0.5,0,26.711491,-0.0089023907,0,-22.240605,-2.5326899e-06,0
0.5,0,26.711767,-0.0091686633,0,-22.231377,-2.4559744e-06,0
0.5,0,26.711929,-0.0093929188,0,-22.222148,-2.4223513e-06,0
0.5,0,26.711954,-0.0095183544,0,-22.21292,-2.4165827e-06,0
0.5,0,26.711866,-0.0095103063,0,-22.203691,-2.4165974e-06,0
0.5,0,26.71172,-0.0093649705,0,-22.194463,-2.398934e-06,0
0.5,0,26.711565,-0.0091140499,0,-22.185234,-2.3437096e-06,0
0.5,0,26.711439,-0.0088202145,0,-22.176006,-2.2387418e-06,0
0.5,0,26.71138,-0.0085592712,0,-22.166777,-2.0827567e-06,0
0.5,0,26.711445,-0.0083933275,0,-22.157549,-1.8855739e-06,0
0.5,0,26.711708,-0.0083412912,0,-22.14832,-1.6637804e-06,0
0.5,0,26.712234,-0.0083719592,0,-22.139092,-1.4334026e-06,0
0.5,0,26.71304,-0.0084282462,0,-22.129863,-1.2040441e-06,0
0.5,0,26.71413,-0.00846531,0,-22.120635,-9.7816575e-07,0
0.5,0,26.715612,-0.0084792991,0,-22.111406,-7.5517006e-07,0
0.5,0,26.717856,-0.0085066995,0,-22.102178,-5.3673502e-07,0
0.5,0,26.721496,-0.0085982452,0,-22.09295,-3.290661e-07,0
0.5,0,26.727125,-0.0088002936,0,-22.083721,-1.4168016e-07,0
0.5,0,26.734124,-0.009048665,0,-22.075369,-2.5804012e-15,0
0.5,0,26.721343,-0.008421759,0,-21.843781,-4.6485891e-09,0
0.5,0,26.721442,-0.0084216393,0,-21.844034,-2.5804012e-15,0
0.5,0,26.717843,-0.0085183316,0,-21.834552,-2.0547725e-07,0
0.5,0,26.7142,-0.0085489483,0,-21.825324,-4.369368e-07,0
0.5,0,26.712037,-0.0085315427,0,-21.816096,-6.8947346e-07,0
0.5,0,26.710955,-0.008478011,0,-21.806867,-9.5653692e-07,0
0.5,0,26.710538,-0.0083954426,0,-21.797639,-1.2378456e-06,0
0.5,0,26.7104,-0.008306739,0,-21.78841,-1.5320101e-06,0
0.5,0,26.710341,-0.0082379081,0,-21.779182,-1.8334992e-06,0
0.5,0,26.71022,-0.0082070145,0,-21.769953,-2.1332721e-06,0
0.5,0,26.709928,-0.0082136525,0,-21.760725,-2.4205378e-06,0
0.5,0,26.709435,-0.0082436316,0,-21.751496,-2.6857282e-06,0
0.5,0,26.708771,-0.0082945641,0,-21.742268,-2.9225956e-06,0
0.5,0,26.708093,-0.0083744483,0,-21.733039,-3.1302946e-06,0
0.5,0,26.707535,-0.0085000172,0,-21.723811,-3.3094556e-06,0
0.5,0,26.707237,-0.0086669648,0,-21.714582,-3.4617641e-06,0
0.5,0,26.707198,-0.008844684,0,-21.705354,-3.5910833e-06,0
0.5,0,26.707298,-0.0090119375,0,-21.696125,-3.6981321e-06,0
0.5,0,26.70749,-0.0091522953,0,-21.686897,-3.7778785e-06,0
0.5,0,26.707668,-0.0092532063,0,-21.677669,-3.818361e-06,0
0.5,0,26.707799,-0.0093045373,0,-21.66844,-3.8026581e-06,0
0.5,0,26.707925,-0.0093081668,0,-21.659212,-3.7152808e-06,0
0.5,0,26.70811,-0.0092870306,0,-21.649983,-3.5509364e-06,0
0.5,0,26.708375,-0.009277593,0,-21.640755,-3.3212125e-06,0
0.5,0,26.708664,-0.0093143805,0,-21.631526,-3.0556794e-06,0
0.5,0,26.70891,-0.0094125075,0,-21.622298,-2.7964758e-06,0
0.5,0,26.709077,-0.0095533038,0,-21.613069,-2.5882681e-06,0
0.5,0,26.70916,-0.0096866098,0,-21.603841,-2.4668169e-06,0
0.5,0,26.709158,-0.0097506408,0,-21.594612,-2.4495911e-06,0
0.5,0,26.709054,-0.0096980461,0,-21.585384,-2.5312251e-06,0
0.5,0,26.708819,-0.0095174571,0,-21.576155,-2.6850366e-06,0
0.5,0,26.70845,-0.0092415828,0,-21.566927,-2.8701122e-06,0
0.5,0,26.708008,-0.0089378406,0,-21.557698,-3.0417448e-06,0
0.5,0,26.707606,-0.0086853752,0,-21.54847,-3.1618177e-06,0
0.5,0,26.707356,-0.0085465094,0,-21.539242,-3.2059063e-06,0
0.5,0,26.707302,-0.0085422889,0,-21.530013,-3.1655175e-06,0
0.5,0,26.707402,-0.0086436979,0,-21.520785,-3.046091e-06,0
0.5,0,26.707558,-0.0087870134,0,-21.511556,-2.8628206e-06,0
0.5,0,26.707693,-0.0089046929,0,-21.502328,-2.6363201e-06,0
0.5,0,26.707812,-0.0089400911,0,-21.493099,-2.3891063e-06,0
0.5,0,26.708005,-0.0089038155,0,-21.483871,-2.142783e-06,0
0.5,0,26.708356,-0.0088582966,0,-21.474642,-1.9154667e-06,0
0.5,0,26.708866,-0.0088531999,0,-21.465414,-1.7195683e-06,0
0.5,0,26.709448,-0.0089218909,0,-21.456185,-1.5607789e-06,0
0.5,0,26.709934,-0.009067169,0,-21.446957,-1.4390203e-06,0
0.5,0,26.710169,-0.0092655462,0,-21.437728,-1.3510551e-06,0
0.5,0,26.710139,-0.0094811968,0,-21.4285,-1.2933831e-06,0
0.5,0,26.710009,-0.0096803755,0,-21.419271,-1.2638339e-06,0
0.5,0,26.71003,-0.0098420197,0,-21.410043,-1.2615191e-06,0
0.5,0,26.710354,-0.0099612055,0,-21.400815,-1.2860615e-06,0
0.5,0,26.710915,-0.010043173,0,-21.391586,-1.3366714e-06,0
0.5,0,26.711455,-0.010094385,0,-21.382358,-1.4112999e-06,0
0.5,0,26.711695,-0.01011923,0,-21.373129,-1.5064915e-06,0
0.5,0,26.711524,-0.010122252,0,-21.363901,-1.6182836e-06,0
0.5,0,26.711079,-0.010108289,0,-21.354672,-1.743398e-06,0
0.5,0,26.710672,-0.010077357,0,-21.345444,-1.8797218e-06,0
0.5,0,26.710608,-0.010022164,0,-21.336215,-2.0258829e-06,0
0.5,0,26.711032,-0.0099357206,0,-21.326987,-2.1806559e-06,0
0.5,0,26.711806,-0.009825898,0,-21.317758,-2.3435624e-06,0
0.5,0,26.712568,-0.0097186097,0,-21.30853,-2.5169185e-06,0
0.5,0,26.7129,-0.0096346507,0,-21.299301,-2.7068073e-06,0
0.5,0,26.712578,-0.0095566817,0,-21.290073,-2.9196397e-06,0
0.5,0,26.711934,-0.0094366084,0,-21.280844,-3.1560416e-06,0
0.5,0,26.710811,-0.0092778215,0,-21.271616,-3.4098436e-06,0
0.5,0,26.709991,-0.0091197267,0,-21.262387,-3.6732145e-06,0
0.5,0,26.709811,-0.0089874733,0,-21.253159,-3.9440595e-06,0
0.5,0,26.70942,-0.0089241935,0,-21.243931,-4.2135772e-06,0
0.5,0,26.709343,-0.0089609238,0,-21.234702,-4.4619743e-06,0
0.5,0,26.709883,-0.0090962685,0,-21.225474,-4.6723927e-06,0
0.5,0,26.710688,-0.0093126491,0,-21.216245,-4.8310992e-06,0
0.5,0,26.711481,-0.0095772608,0,-21.207017,-4.927919e-06,0
0.5,0,26.712175,-0.0098482713,0,-21.197788,-4.9590887e-06,0
0.5,0,26.712742,-0.010086604,0,-21.18856,-4.9281939e-06,0
0.5,0,26.713216,-0.010262538,0,-21.179331,-4.8454007e-06,0
0.5,0,26.713665,-0.010348478,0,-21.170103,-4.726704e-06,0
0.5,0,26.714116,-0.010311071,0,-21.160874,-4.5941047e-06,0
0.5,0,26.71453,-0.010121306,0,-21.151646,-4.4749949e-06,0
0.5,0,26.714821,-0.0097782814,0,-21.142417,-4.3984001e-06,0
0.5,0,26.714926,-0.0093245247,0,-21.133189,-4.3883725e-06,0
0.5,0,26.714839,-0.0088400267,0,-21.12396,-4.4573642e-06,0
0.5,0,26.714604,-0.0084207574,0,-21.114732,-4.6022753e-06,0
0.5,0,26.714302,-0.008151865,0,-21.105504,-4.8043415e-06,0
0.5,0,26.714016,-0.0080814568,0,-21.096275,-5.0330741e-06,0
0.5,0,26.713795,-0.0082023709,0,-21.087047,-5.2537376e-06,0
0.5,0,26.713626,-0.0084526439,0,-21.077818,-5.4363611e-06,0
0.5,0,26.713478,-0.0087395669,0,-21.06859,-5.5628938e-06,0
0.5,0,26.713383,-0.0089780949,0,-21.059361,-5.6294948e-06,0
0.5,0,26.713469,-0.009125678,0,-21.050133,-5.643338e-06,0
0.5,0,26.713909,-0.0091951623,0,-21.040904,-5.6160662e-06,0
0.5,0,26.71479,-0.0092413454,0,-21.031676,-5.5574502e-06,0
0.5,0,26.716028,-0.0093273296,0,-21.022447,-5.4718583e-06,0
0.5,0,26.717397,-0.0094857145,0,-21.013219,-5.3584366e-06,0
0.5,0,26.718612,-0.0096990106,0,-21.00399,-5.2146285e-06,0
0.5,0,26.719492,-0.0099050821,0,-20.994762,-5.0412268e-06,0
0.5,0,26.719998,-0.010020701,0,-20.985533,-4.8463391e-06,0
0.5,0,26.720174,-0.0099768473,0,-20.976305,-4.646e-06,0
0.5,0,26.720134,-0.0097519848,0,-20.967077,-4.4607204e-06,0
0.5,0,26.720044,-0.009388209,0,-20.957848,-4.3092974e-06,0
0.5,0,26.720031,-0.0089829696,0,-20.94862,-4.2024582e-06,0
0.5,0,26.720133,-0.0086574126,0,-20.939391,-4.1386965e-06,0
0.5,0,26.720335,-0.008511889,0,-20.930163,-4.1037319e-06,0
0.5,0,26.720612,-0.0085865237,0,-20.920934,-4.0742589e-06,0
0.5,0,26.720935,-0.0088451311,0,-20.911706,-4.0254222e-06,0
0.5,0,26.721278,-0.0091922327,0,-20.902477,-3.9393834e-06,0
0.5,0,26.721626,-0.0095156287,0,-20.893249,-3.8112008e-06,0
0.5,0,26.721992,-0.0097301584,0,-20.88402,-3.6493801e-06,0
0.5,0,26.722368,-0.0098014228,0,-20.874792,-3.4709123e-06,0
0.5,0,26.722737,-0.0097471025,0,-20.865563,-3.2932403e-06,0
0.5,0,26.723099,-0.0096230104,0,-20.856335,-3.1271894e-06,0
0.5,0,26.723554,-0.0094941368,0,-20.847106,-2.9741917e-06,0
0.5,0,26.724386,-0.0094028854,0,-20.837878,-2.8282376e-06,0
0.5,0,26.725858,-0.0093628051,0,-20.82865,-2.6799764e-06,0
0.5,0,26.727991,-0.0093734221,0,-20.819421,-2.5215804e-06,0
0.5,0,26.730531,-0.0094314399,0,-20.810193,-2.351514e-06,0
0.5,0,26.733072,-0.0095172104,0,-20.800964,-2.1745223e-06,0
0.5,0,26.735196,-0.0095963983,0,-20.791736,-1.9964842e-06,0
0.5,0,26.736563,-0.0096557307,0,-20.782507,-1.8213777e-06,0
0.5,0,26.737026,-0.0096965126,0,-20.773279,-1.6510141e-06,0
0.5,0,26.736742,-0.0097256419,0,-20.76405,-1.4848349e-06,0
0.5,0,26.736177,-0.0097553102,0,-20.754822,-1.3215957e-06,0
0.5,0,26.735809,-0.0097810813,0,-20.745593,-1.1606871e-06,0
0.5,0,26.735704,-0.0097914342,0,-20.736365,-1.0013232e-06,0
0.5,0,26.735517,-0.0097859717,0,-20.727136,-8.4241747e-07,0
0.5,0,26.734916,-0.0097729693,0,-20.717908,-6.8365867e-07,0
0.5,0,26.733893,-0.0097581265,0,-20.708679,-5.2662242e-07,0
0.5,0,26.732664,-0.0097351373,0,-20.699451,-3.7631274e-07,0
0.5,0,26.731363,-0.009685257,0,-20.690223,-2.4402488e-07,0
0.5,0,26.729674,-0.0095899478,0,-20.680994,-1.4775937e-07,0
0.5,0,26.726986,-0.0094323494,0,-20.671766,-1.069411e-07,0
0.5,0,26.722515,-0.0091319867,0,-20.662537,-1.3559336e-07,0
0.5,0,26.719446,-0.0087434305,0,-20.653309,-2.3919344e-07,0
0.5,0,26.718969,-0.0083771598,0,-20.64408,-4.1561236e-07,0
0.5,0,26.718652,-0.0080398448,0,-20.634852,-6.5575041e-07,0
0.5,0,26.718457,-0.0077840486,0,-20.625623,-9.4206332e-07,0
0.5,0,26.718291,-0.0076619261,0,-20.616395,-1.2487737e-06,0
0.5,0,26.718147,-0.0076944104,0,-20.607166,-1.5460283e-06,0
0.5,0,26.718017,-0.0078719443,0,-20.597938,-1.8052785e-06,0
0.5,0,26.717924,-0.0081761384,0,-20.588709,-2.0023328e-06,0
0.5,0,26.717905,-0.0085852888,0,-20.579481,-2.1184341e-06,0
0.5,0,26.717935,-0.0090557321,0,-20.570252,-2.1425473e-06,0
0.5,0,26.717981,-0.0095118134,0,-20.561024,-2.0752528e-06,0
0.5,0,26.718086,-0.0098669369,0,-20.551796,-1.9306528e-06,0
0.5,0,26.718317,-0.010056898,0,-20.542567,-1.7337289e-06,0
0.5,0,26.718673,-0.010056478,0,-20.533339,-1.5147325e-06,0
0.5,0,26.719071,-0.0098747867,0,-20.52411,-1.3039511e-06,0
0.5,0,26.719405,-0.009545732,0,-20.514882,-1.1283705e-06,0
0.5,0,26.719596,-0.0091269238,0,-20.505653,-1.0091402e-06,0
0.5,0,26.71961,-0.0087016905,0,-20.496425,-9.5832034e-07,0
0.5,0,26.719467,-0.0083674965,0,-20.487196,-9.7536833e-07,0
0.5,0,26.719235,-0.0082051032,0,-20.477968,-1.0457237e-06,0
0.5,0,26.718992,-0.0082430372,0,-20.468739,-1.1433614e-06,0
0.5,0,26.718797,-0.0084394505,0,-20.459511,-1.2370508e-06,0
0.5,0,26.718669,-0.008694861,0,-20.450282,-1.298285e-06,0
0.5,0,26.718597,-0.008892876,0,-20.441054,-1.3082995e-06,0
0.5,0,26.718561,-0.0089510422,0,-20.431825,-1.2620889e-06,0
0.5,0,26.718545,-0.0088554142,0,-20.422597,-1.168237e-06,0
0.5,0,26.718547,-0.008659724,0,-20.413369,-1.0448523e-06,0
0.5,0,26.71857,-0.0084539223,0,-20.40414,-9.1341909e-07,0
0.5,0,26.718621,-0.0083237605,0,-20.394912,-7.9310239e-07,0
0.5,0,26.718699,-0.0083206044,0,-20.385683,-6.9750872e-07,0
0.5,0,26.718801,-0.0084503638,0,-20.376455,-6.3439412e-07,0
0.5,0,26.718954,-0.0086797037,0,-20.367226,-6.0733034e-07,0
0.5,0,26.719222,-0.0089504788,0,-20.357998,-6.1724672e-07,0
0.5,0,26.719632,-0.0091964214,0,-20.348769,-6.6212821e-07,0
0.5,0,26.72009,-0.0093617092,0,-20.339541,-7.353103e-07,0
0.5,0,26.720415,-0.0094171462,0,-20.330312,-8.2460655e-07,0
0.5,0,26.72049,-0.0093645622,0,-20.321084,-9.13897e-07,0
0.5,0,26.720367,-0.0092266757,0,-20.311855,-9.8687012e-07,0
0.5,0,26.720242,-0.0090334587,0,-20.302627,-1.0312582e-06,0
0.5,0,26.720292,-0.0088175728,0,-20.293398,-1.0415068e-06,0
0.5,0,26.720523,-0.0086158425,0,-20.28417,-1.0186928e-06,0
0.5,0,26.720775,-0.0084643925,0,-20.274942,-9.6832427e-07,0
0.5,0,26.720865,-0.0083860454,0,-20.265713,-8.9760691e-07,0
0.5,0,26.720727,-0.008381568,0,-20.256485,-8.1338707e-07,0
0.5,0,26.720444,-0.0084342766,0,-20.247256,-7.2144459e-07,0
0.5,0,26.720183,-0.0085250017,0,-20.238028,-6.2740995e-07,0
0.5,0,26.720102,-0.0086419427,0,-20.228799,-5.3800431e-07,0
0.5,0,26.720331,-0.0087741654,0,-20.219571,-4.6011687e-07,0
0.5,0,26.720932,-0.0089014542,0,-20.210342,-3.9737164e-07,0
0.5,0,26.721843,-0.0089983919,0,-20.201114,-3.4748706e-07,0
0.5,0,26.72291,-0.0090515691,0,-20.191885,-3.033223e-07,0
0.5,0,26.723995,-0.0090670519,0,-20.182657,-2.5664014e-07,0
0.5,0,26.725058,-0.0090598431,0,-20.173428,-2.017626e-07,0
0.5,0,26.726218,-0.00904004,0,-20.1642,-1.3797546e-07,0
0.5,0,26.727713,-0.0090139645,0,-20.154971,-6.9610443e-08,0
0.5,0,26.729716,-0.0089837337,0,-20.145743,-1.8387419e-09,0
0.5,0,26.729784,-0.0089828907,0,-20.145485,-2.5804012e-15,0
0.5,0,26.778965,-0.0090320628,0,-19.998088,-9.8167891e-08,0
0.5,0,26.7774,-0.0089581069,0,-20.004537,-2.5804012e-15,0
0.5,0,26.780543,-0.0091675378,0,-19.988859,-2.6625342e-07,0
0.5,0,26.781152,-0.0092990609,0,-19.979631,-4.5604395e-07,0
0.5,0,26.780649,-0.0094055126,0,-19.970402,-6.5953449e-07,0
0.5,0,26.779126,-0.0094650634,0,-19.961174,-8.7179826e-07,0
0.5,0,26.776821,-0.0094829458,0,-19.951945,-1.0900362e-06,0
0.5,0,26.773916,-0.009479306,0,-19.942717,-1.3104918e-06,0
0.5,0,26.770328,-0.0094642838,0,-19.933488,-1.5286321e-06,0
0.5,0,26.765729,-0.0094358493,0,-19.92426,-1.7413497e-06,0
0.5,0,26.759803,-0.0093934931,0,-19.915031,-1.9477726e-06,0
0.5,0,26.752558,-0.0093469219,0,-19.905803,-2.1479935e-06,0
0.5,0,26.744497,-0.0093094522,0,-19.896574,-2.3415383e-06,0
0.5,0,26.736519,-0.0092827916,0,-19.887346,-2.5275745e-06,0
0.5,0,26.729554,-0.0092544206,0,-19.878117,-2.7062726e-06,0
0.5,0,26.724123,-0.0092145954,0,-19.868889,-2.878863e-06,0
0.5,0,26.720164,-0.009170093,0,-19.859661,-3.0460413e-06,0
0.5,0,26.717248,-0.0091363226,0,-19.850432,-3.2069769e-06,0
0.5,0,26.71497,-0.0091214424,0,-19.841204,-3.3601713e-06,0
0.5,0,26.713158,-0.0091222568,0,-19.831975,-3.5047182e-06,0
0.5,0,26.711814,-0.0091308584,0,-19.822747,-3.6403192e-06,0
0.5,0,26.710942,-0.0091414747,0,-19.813518,-3.766536e-06,0
0.5,0,26.710435,-0.0091520646,0,-19.80429,-3.8826352e-06,0
0.5,0,26.710112,-0.0091604423,0,-19.795061,-3.988177e-06,0
0.5,0,26.70982,-0.0091604896,0,-19.785833,-4.083793e-06,0
0.5,0,26.709489,-0.0091434742,0,-19.776604,-4.1720285e-06,0
0.5,0,26.709126,-0.0091022338,0,-19.767376,-4.2570597e-06,0
0.5,0,26.708802,-0.0090370428,0,-19.758147,-4.3430863e-06,0
0.5,0,26.708599,-0.0089618855,0,-19.748919,-4.4328883e-06,0
0.5,0,26.708539,-0.0089009281,0,-19.73969,-4.5267263e-06,0
0.5,0,26.708572,-0.0088750527,0,-19.730462,-4.6220395e-06,0
0.5,0,26.708635,-0.0088913795,0,-19.721234,-4.7142711e-06,0
0.5,0,26.708706,-0.0089414854,0,-19.712005,-4.7979379e-06,0
0.5,0,26.708798,-0.0090071446,0,-19.702777,-4.8675428e-06,0
0.5,0,26.708917,-0.0090695933,0,-19.693548,-4.9186821e-06,0
0.5,0,26.709044,-0.0091158464,0,-19.68432,-4.9494635e-06,0
0.5,0,26.709144,-0.0091393391,0,-19.675091,-4.9614528e-06,0
0.5,0,26.709211,-0.0091389275,0,-19.665863,-4.9591948e-06,0
0.5,0,26.709306,-0.0091200416,0,-19.656634,-4.948523e-06,0
0.5,0,26.709561,-0.0090949508,0,-19.647406,-4.9348319e-06,0
0.5,0,26.710112,-0.0090764015,0,-19.638177,-4.9218378e-06,0
0.5,0,26.710985,-0.0090681642,0,-19.628949,-4.9104947e-06,0
0.5,0,26.712077,-0.0090622811,0,-19.61972,-4.8981507e-06,0
0.5,0,26.71323,-0.0090482542,0,-19.610492,-4.8789727e-06,0
0.5,0,26.714268,-0.0090269646,0,-19.601263,-4.8464245e-06,0
0.5,0,26.715025,-0.0090126835,0,-19.592035,-4.7966395e-06,0
0.5,0,26.715439,-0.0090180992,0,-19.582807,-4.7298106e-06,0
0.5,0,26.715611,-0.009041185,0,-19.573578,-4.6482251e-06,0
0.5,0,26.715705,-0.0090726767,0,-19.56435,-4.5533492e-06,0
0.5,0,26.715808,-0.0091110805,0,-19.555121,-4.4450599e-06,0
0.5,0,26.715951,-0.0091647892,0,-19.545893,-4.3228814e-06,0
0.5,0,26.716094,-0.0092418297,0,-19.536664,-4.1868045e-06,0
0.5,0,26.716139,-0.0093374572,0,-19.527436,-4.0365458e-06,0
0.5,0,26.716045,-0.0094337797,0,-19.518207,-3.8702981e-06,0
0.5,0,26.716182,-0.009511449,0,-19.508979,-3.6845445e-06,0
0.5,0,26.716021,-0.009582511,0,-19.49975,-3.475621e-06,0
0.5,0,26.716401,-0.0096287639,0,-19.490522,-3.2407356e-06,0
0.5,0,26.716835,-0.009636586,0,-19.481293,-2.9819344e-06,0
0.5,0,26.716647,-0.0096774096,0,-19.472065,-2.7045639e-06,0
0.5,0,26.716936,-0.0097644297,0,-19.462836,-2.4135769e-06,0
0.5,0,26.717325,-0.0098575003,0,-19.453608,-2.1166997e-06,0
0.5,0,26.717938,-0.009948632,0,-19.44438,-1.8247642e-06,0
0.5,0,26.718771,-0.010024672,0,-19.435151,-1.5500846e-06,0
0.5,0,26.719726,-0.010050855,0,-19.425923,-1.3039176e-06,0
0.5,0,26.720663,-0.0099785452,0,-19.416694,-1.092782e-06,0
0.5,0,26.721367,-0.0097699677,0,-19.407466,-9.1602006e-07,0
0.5,0,26.721661,-0.0094249984,0,-19.398237,-7.6705348e-07,0
0.5,0,26.721523,-0.0089838348,0,-19.389009,-6.3820155e-07,0
0.5,0,26.721066,-0.0085089948,0,-19.37978,-5.2632043e-07,0
0.5,0,26.720435,-0.0080733125,0,-19.370552,-4.356447e-07,0
0.5,0,26.719767,-0.0077616649,0,-19.361323,-3.7545693e-07,0
0.5,0,26.719212,-0.0076599655,0,-19.352095,-3.5430585e-07,0
0.5,0,26.718935,-0.0078164212,0,-19.342866,-3.7564839e-07,0
0.5,0,26.719036,-0.0082054025,0,-19.333638,-4.3728778e-07,0
0.5,0,26.719431,-0.0087309083,0,-19.324409,-5.3304731e-07,0
0.5,0,26.719819,-0.0092670964,0,-19.315181,-6.5521688e-07,0
0.5,0,26.719913,-0.0097022626,0,-19.305953,-7.9739115e-07,0
0.5,0,26.719701,-0.00995825,0,-19.296724,-9.5676962e-07,0
0.5,0,26.7194,-0.009988752,0,-19.287496,-1.135016e-06,0
0.5,0,26.719192,-0.0097842994,0,-19.278267,-1.3367993e-06,0
0.5,0,26.719112,-0.0093922562,0,-19.269039,-1.5647275e-06,0
0.5,0,26.719119,-0.0089187025,0,-19.25981,-1.8122147e-06,0
0.5,0,26.719177,-0.0084868341,0,-19.250582,-2.0600598e-06,0
0.5,0,26.719264,-0.0081804843,0,-19.241353,-2.2806577e-06,0
0.5,0,26.719367,-0.0080197371,0,-19.232125,-2.4469867e-06,0
0.5,0,26.719477,-0.0079775403,0,-19.222896,-2.5403904e-06,0
0.5,0,26.719588,-0.0080114525,0,-19.213668,-2.5539129e-06,0
0.5,0,26.719703,-0.0080872846,0,-19.204439,-2.4915495e-06,0
0.5,0,26.719827,-0.0081885061,0,-19.195211,-2.3650363e-06,0
0.5,0,26.719973,-0.0083145295,0,-19.185982,-2.1896411e-06,0
0.5,0,26.720156,-0.00847194,0,-19.176754,-1.9804002e-06,0
0.5,0,26.720385,-0.0086627173,0,-19.167526,-1.7500782e-06,0
0.5,0,26.720665,-0.0088747885,0,-19.158297,-1.5091754e-06,0
0.5,0,26.720991,-0.0090801086,0,-19.149069,-1.2672246e-06,0
0.5,0,26.721355,-0.0092421486,0,-19.13984,-1.0342234e-06,0
0.5,0,26.721759,-0.0093288203,0,-19.130612,-8.2124461e-07,0
0.5,0,26.72222,-0.0093253702,0,-19.121383,-6.3965554e-07,0
0.5,0,26.722789,-0.0092441526,0,-19.112155,-4.9913608e-07,0
0.5,0,26.723565,-0.0091254327,0,-19.102926,-4.0538765e-07,0
0.5,0,26.724683,-0.0090221827,0,-19.093698,-3.579307e-07,0
0.5,0,26.726257,-0.0089805507,0,-19.084469,-3.4843497e-07,0
0.5,0,26.728359,-0.0090255758,0,-19.075241,-3.6112909e-07,0
0.5,0,26.731019,-0.0091565889,0,-19.066012,-3.7624577e-07,0
0.5,0,26.7342,-0.0093503395,0,-19.056784,-3.7568975e-07,0
0.5,0,26.737781,-0.0095613144,0,-19.047555,-3.4920952e-07,0
0.5,0,26.741676,-0.0097325882,0,-19.038327,-2.982347e-07,0
0.5,0,26.745934,-0.0098195042,0,-19.029099,-2.3460935e-07,0
0.5,0,26.750619,-0.0098113346,0,-19.01987,-1.740814e-07,0
0.5,0,26.755635,-0.0097395509,0,-19.010642,-1.2822517e-07,0
0.5,0,26.760738,-0.0096615493,0,-19.001413,-1.0060083e-07,0
0.5,0,26.765716,-0.0096287137,0,-18.992185,-8.8946695e-08,0
0.5,0,26.770513,-0.0096623229,0,-18.982956,-8.9239584e-08,0
0.5,0,26.775122,-0.0097474291,0,-18.973728,-9.7576924e-08,0
0.5,0,26.779376,-0.0098447118,0,-18.964499,-1.1035463e-07,0
0.5,0,26.782879,-0.0099180762,0,-18.955271,-1.2546284e-07,0
0.5,0,26.785256,-0.0099576325,0,-18.946042,-1.4437602e-07,0
0.5,0,26.786392,-0.0099805396,0,-18.936814,-1.7289309e-07,0
0.5,0,26.786369,-0.010010424,0,-18.927585,-2.1840521e-07,0
0.5,0,26.785663,-0.010045598,0,-18.918357,-2.8475256e-07,0
0.5,0,26.783161,-0.010079371,0,-18.909128,-3.6943248e-07,0
0.5,0,26.779243,-0.010050595,0,-18.8999,-4.6261164e-07,0
0.5,0,26.773937,-0.0099395632,0,-18.890672,-5.6212564e-07,0
0.5,0,26.767227,-0.0098375997,0,-18.881443,-6.7355066e-07,0
0.5,0,26.760324,-0.0097479711,0,-18.872215,-7.9583573e-07,0
0.5,0,26.752484,-0.0096353587,0,-18.862986,-9.2664277e-07,0
0.5,0,26.743865,-0.0095126867,0,-18.853758,-1.0664326e-06,0
0.5,0,26.735121,-0.0093839102,0,-18.844529,-1.2172958e-06,0
0.5,0,26.727124,-0.0092551751,0,-18.835301,-1.380429e-06,0
0.5,0,26.720558,-0.0091473965,0,-18.826072,-1.5541265e-06,0
0.5,0,26.7156,-0.0090793702,0,-18.816844,-1.7331974e-06,0
0.5,0,26.712128,-0.0090507743,0,-18.807615,-1.910721e-06,0
0.5,0,26.70997,-0.0090396422,0,-18.798387,-2.0814828e-06,0
0.5,0,26.708926,-0.0090222206,0,-18.789158,-2.244259e-06,0
0.5,0,26.708751,-0.0089944826,0,-18.77993,-2.4013876e-06,0
0.5,0,26.709126,-0.0089678755,0,-18.770701,-2.556711e-06,0
0.5,0,26.70974,-0.0089485079,0,-18.761473,-2.7135385e-06,0
0.5,0,26.710326,-0.0089299218,0,-18.752245,-2.8736058e-06,0
0.5,0,26.710662,-0.0089029339,0,-18.743016,-3.0372221e-06,0
0.5,0,26.710685,-0.0088620989,0,-18.733788,-3.2039286e-06,0
0.5,0,26.710435,-0.0088073088,0,-18.724559,-3.3728988e-06,0
0.5,0,26.709967,-0.0087437471,0,-18.715331,-3.5430262e-06,0
0.5,0,26.709349,-0.0086782134,0,-18.706102,-3.7133432e-06,0
0.5,0,26.708686,-0.0086174987,0,-18.696874,-3.8836031e-06,0
0.5,0,26.708093,-0.008570078,0,-18.687645,-4.0538505e-06,0
0.5,0,26.707651,-0.0085459245,0,-18.678417,-4.2229833e-06,0
0.5,0,26.70738,-0.008552947,0,-18.669188,-4.3877492e-06,0
0.5,0,26.707248,-0.0085921122,0,-18.65996,-4.5431455e-06,0
0.5,0,26.70719,-0.0086525629,0,-18.650731,-4.6839376e-06,0
0.5,0,26.70715,-0.0087104409,0,-18.641503,-4.8064025e-06,0
0.5,0,26.707092,-0.0087384377,0,-18.632274,-4.9096719e-06,0
0.5,0,26.707013,-0.00872205,0,-18.623046,-4.9963954e-06,0
0.5,0,26.706931,-0.008667587,0,-18.613818,-5.0721791e-06,0
0.5,0,26.706872,-0.0085968699,0,-18.604589,-5.1434028e-06,0
0.5,0,26.706874,-0.00853587,0,-18.595361,-5.214467e-06,0
0.5,0,26.706901,-0.0085055915,0,-18.586132,-5.2864337e-06,0
0.5,0,26.706864,-0.0085154888,0,-18.576904,-5.3576799e-06,0
0.5,0,26.706709,-0.008559393,0,-18.567675,-5.4254559e-06,0
0.5,0,26.706459,-0.0086194528,0,-18.558447,-5.4871025e-06,0
0.5,0,26.706174,-0.0086772354,0,-18.549218,-5.5403825e-06,0
0.5,0,26.705909,-0.0087232315,0,-18.53999,-5.5831637e-06,0
0.5,0,26.705684,-0.0087587241,0,-18.530761,-5.613256e-06,0
0.5,0,26.705479,-0.0087925288,0,-18.521533,-5.6287353e-06,0
0.5,0,26.705275,-0.0088366425,0,-18.512304,-5.6282191e-06,0
0.5,0,26.705072,-0.008900507,0,-18.503076,-5.6106791e-06,0
0.5,0,26.704902,-0.0089861193,0,-18.493847,-5.575049e-06,0
0.5,0,26.704801,-0.009088324,0,-18.484619,-5.5199453e-06,0
0.5,0,26.704795,-0.0091993683,0,-18.475391,-5.4435818e-06,0
0.5,0,26.704891,-0.009312917,0,-18.466162,-5.3439889e-06,0
0.5,0,26.705072,-0.0094248055,0,-18.456934,-5.2195546e-06,0
0.5,0,26.705297,-0.0095320669,0,-18.447705,-5.0695911e-06,0
0.5,0,26.705511,-0.0096319696,0,-18.438477,-4.8945871e-06,0
0.5,0,26.705649,-0.0097210192,0,-18.429248,-4.6962013e-06,0
0.5,0,26.705673,-0.0097936124,0,-18.42002,-4.4773405e-06,0
0.5,0,26.705583,-0.0098413401,0,-18.410791,-4.2424991e-06,0
0.5,0,26.70542,-0.0098538025,0,-18.401563,-3.9982037e-06,0
0.5,0,26.705228,-0.0098208779,0,-18.392334,-3.7533092e-06,0
0.5,0,26.705054,-0.0097318735,0,-18.383106,-3.5188019e-06,0
0.5,0,26.704892,-0.0095803456,0,-18.373877,-3.3070465e-06,0
0.5,0,26.704793,-0.0093750623,0,-18.364649,-3.130987e-06,0
0.5,0,26.704776,-0.0091315028,0,-18.35542,-3.0035077e-06,0
0.5,0,26.704778,-0.008869547,0,-18.346192,-2.9358517e-06,0
0.5,0,26.704728,-0.0086180392,0,-18.336964,-2.9340998e-06,0
0.5,0,26.704747,-0.0083921738,0,-18.327735,-2.9954621e-06,0
0.5,0,26.704553,-0.0081996032,0,-18.318507,-3.1058053e-06,0
0.5,0,26.704581,-0.0080720332,0,-18.309278,-3.2401695e-06,0
0.5,0,26.704597,-0.0080747251,0,-18.30005,-3.3739403e-06,0
0.5,0,26.704217,-0.0082526195,0,-18.290821,-3.4886324e-06,0
0.5,0,26.704017,-0.0085429773,0,-18.281593,-3.5663913e-06,0
0.5,0,26.703869,-0.0088381671,0,-18.272364,-3.5959291e-06,0
0.5,0,26.70388,-0.0090702982,0,-18.263136,-3.5812492e-06,0
0.5,0,26.703914,-0.0091913402,0,-18.253907,-3.5394747e-06,0
0.5,0,26.703787,-0.0091824956,0,-18.244679,-3.4937006e-06,0
0.5,0,26.703553,-0.0090707411,0,-18.23545,-3.4652136e-06,0
0.5,0,26.703308,-0.008916094,0,-18.226222,-3.4666453e-06,0
0.5,0,26.703102,-0.0087884303,0,-18.216993,-3.4984245e-06,0
0.5,0,26.702926,-0.0087407967,0,-18.207765,-3.5499381e-06,0
0.5,0,26.702737,-0.0087882493,0,-18.198537,-3.6049411e-06,0
0.5,0,26.70252,-0.0089053846,0,-18.189308,-3.6485193e-06,0
0.5,0,26.702306,-0.0090439347,0,-18.18008,-3.6724509e-06,0
0.5,0,26.701954,-0.0091577871,0,-18.170851,-3.6770233e-06,0
0.5,0,26.700979,-0.0092067187,0,-18.161623,-3.6689042e-06,0
0.5,0,26.698363,-0.0091029261,0,-18.152394,-3.656588e-06,0
0.5,0,26.696588,-0.0089080721,0,-18.143166,-3.6462516e-06,0
0.5,0,26.696553,-0.0087471916,0,-18.133937,-3.6399032e-06,0
0.5,0,26.69619,-0.0086226897,0,-18.124709,-3.6357375e-06,0
0.5,0,26.695753,-0.0085398488,0,-18.11548,-3.630063e-06,0
0.5,0,26.695316,-0.0084917586,0,-18.106252,-3.6195082e-06,0
0.5,0,26.694943,-0.0084629392,0,-18.097023,-3.6024527e-06,0
0.5,0,26.694653,-0.0084347069,0,-18.087795,-3.5793813e-06,0
0.5,0,26.694434,-0.0083918592,0,-18.078566,-3.5522221e-06,0
0.5,0,26.694256,-0.0083283037,0,-18.069338,-3.5233389e-06,0
0.5,0,26.694115,-0.0082483409,0,-18.06011,-3.4944922e-06,0
0.5,0,26.693996,-0.0081656175,0,-18.050881,-3.466524e-06,0
0.5,0,26.693931,-0.0080984504,0,-18.041653,-3.4398077e-06,0
0.5,0,26.693887,-0.0080630724,0,-18.032424,-3.4149733e-06,0
0.5,0,26.693828,-0.0080625073,0,-18.023196,-3.3928501e-06,0
0.5,0,26.693802,-0.0080749162,0,-18.013967,-3.3723207e-06,0
0.5,0,26.693681,-0.0080889112,0,-18.004739,-3.3505275e-06,0
0.5,0,26.693632,-0.0081135528,0,-17.99551,-3.3256746e-06,0
0.5,0,26.693803,-0.008137801,0,-17.986282,-3.2977992e-06,0
0.5,0,26.694021,-0.0081464833,0,-17.977053,-3.2680629e-06,0
0.5,0,26.694223,-0.0081421414,0,-17.967825,-3.2372836e-06,0
0.5,0,26.694377,-0.0081298702,0,-17.958596,-3.205601e-06,0
0.5,0,26.694475,-0.0081152568,0,-17.949368,-3.1737774e-06,0
0.5,0,26.694534,-0.0081065881,0,-17.940139,-3.1434767e-06,0
0.5,0,26.694576,-0.0081096131,0,-17.930911,-3.1160224e-06,0
0.5,0,26.694616,-0.0081252562,0,-17.921683,-3.0915239e-06,0
0.5,0,26.694658,-0.0081470617,0,-17.912454,-3.069408e-06,0
0.5,0,26.694696,-0.0081617875,0,-17.903226,-3.0490836e-06,0
0.5,0,26.694737,-0.0081600418,0,-17.893997,-3.0301044e-06,0
0.5,0,26.69483,-0.0081442044,0,-17.884769,-3.0122296e-06,0
0.5,0,26.694823,-0.0081148311,0,-17.87554,-2.9960749e-06,0
0.5,0,26.695122,-0.0080383548,0,-17.866312,-2.9808529e-06,0
0.5,0,26.695203,-0.0079442816,0,-17.857083,-2.9635051e-06,0
0.5,0,26.694988,-0.0079129086,0,-17.847855,-2.9453123e-06,0
0.5,0,26.694995,-0.0079197828,0,-17.838626,-2.9310056e-06,0
0.5,0,26.694811,-0.0079229138,0,-17.829398,-2.921609e-06,0
0.5,0,26.694688,-0.0079294753,0,-17.820169,-2.9156042e-06,0
0.5,0,26.694691,-0.0079379102,0,-17.810941,-2.9119655e-06,0
0.5,0,26.694759,-0.0079396496,0,-17.801712,-2.9100224e-06,0
0.5,0,26.694889,-0.0079295921,0,-17.792484,-2.9090714e-06,0
0.5,0,26.695045,-0.0079072991,0,-17.783256,-2.9083551e-06,0
0.5,0,26.695194,-0.0078779642,0,-17.774027,-2.9076495e-06,0
0.5,0,26.695326,-0.0078501364,0,-17.764799,-2.9072362e-06,0
0.5,0,26.695457,-0.0078293671,0,-17.75557,-2.9073721e-06,0
0.5,0,26.69557,-0.007815355,0,-17.746342,-2.9076184e-06,0
0.5,0,26.695846,-0.0078092315,0,-17.737113,-2.9066629e-06,0
0.5,0,26.695777,-0.0078279831,0,-17.727885,-2.903716e-06,0
0.5,0,26.696053,-0.0078486163,0,-17.718656,-2.8986125e-06,0
0.5,0,26.696314,-0.007844668,0,-17.709428,-2.8930373e-06,0
0.5,0,26.696026,-0.0078610994,0,-17.700199,-2.8887149e-06,0
0.5,0,26.695994,-0.0079072674,0,-17.690971,-2.8852603e-06,0
0.5,0,26.695858,-0.0079540936,0,-17.681742,-2.8827108e-06,0
0.5,0,26.695753,-0.0079958081,0,-17.672514,-2.8815067e-06,0
0.5,0,26.695603,-0.0080320786,0,-17.663285,-2.8811267e-06,0
0.5,0,26.695289,-0.0080574676,0,-17.654057,-2.880019e-06,0
0.5,0,26.694459,-0.0080651531,0,-17.644829,-2.8765403e-06,0
0.5,0,26.694692,-0.00809777,0,-17.6356,-2.8701374e-06,0
0.5,0,26.694892,-0.0081085657,0,-17.626372,-2.8623628e-06,0
0.5,0,26.694094,-0.0080636526,0,-17.617143,-2.8556645e-06,0
0.5,0,26.694034,-0.0080277742,0,-17.607915,-2.8519262e-06,0
0.5,0,26.694146,-0.0080053107,0,-17.598686,-2.8522573e-06,0
0.5,0,26.694215,-0.007991805,0,-17.589458,-2.8568452e-06,0
0.5,0,26.694231,-0.0079865748,0,-17.580229,-2.8655227e-06,0
0.5,0,26.694201,-0.0079908964,0,-17.571001,-2.8779548e-06,0
0.5,0,26.694169,-0.0080058945,0,-17.561772,-2.8933992e-06,0
0.5,0,26.694181,-0.0080293732,0,-17.552544,-2.9107292e-06,0
0.5,0,26.694263,-0.0080583405,0,-17.543315,-2.9284879e-06,0
0.5,0,26.694413,-0.0080928836,0,-17.534087,-2.9450633e-06,0
0.5,0,26.694595,-0.0081364724,0,-17.524858,-2.9593369e-06,0
0.5,0,26.694772,-0.0081931729,0,-17.51563,-2.9716659e-06,0
0.5,0,26.694932,-0.008264343,0,-17.506402,-2.9838827e-06,0
0.5,0,26.695069,-0.0083366806,0,-17.497173,-2.9974685e-06,0
0.5,0,26.695172,-0.0083772042,0,-17.487945,-3.0108648e-06,0
0.5,0,26.695241,-0.0083591593,0,-17.478716,-3.0182763e-06,0
0.5,0,26.695283,-0.0082932848,0,-17.469488,-3.012644e-06,0
0.5,0,26.695308,-0.0082264341,0,-17.460259,-2.9915485e-06,0
0.5,0,26.695309,-0.0082042758,0,-17.451031,-2.9602628e-06,0
0.5,0,26.695279,-0.0082375892,0,-17.441802,-2.9283585e-06,0
0.5,0,26.695211,-0.0083082473,0,-17.432574,-2.9038373e-06,0
0.5,0,26.695115,-0.0083995301,0,-17.423345,-2.8909638e-06,0
0.5,0,26.695063,-0.008507407,0,-17.414117,-2.8921325e-06,0
0.5,0,26.695088,-0.0086247574,0,-17.404888,-2.9089207e-06,0
0.5,0,26.695101,-0.0087259087,0,-17.39566,-2.9401033e-06,0
0.5,0,26.69506,-0.0087760408,0,-17.386431,-2.979645e-06,0
0.5,0,26.695048,-0.0087549717,0,-17.377203,-3.0175455e-06,0
0.5,0,26.695095,-0.0086677987,0,-17.367975,-3.0429613e-06,0
0.5,0,26.695159,-0.0085394093,0,-17.358746,-3.0479261e-06,0
0.5,0,26.695259,-0.0084011308,0,-17.349518,-3.0297408e-06,0
0.5,0,26.695418,-0.0082819736,0,-17.340289,-2.9911758e-06,0
0.5,0,26.695525,-0.0082061967,0,-17.331061,-2.9388838e-06,0
0.5,0,26.695425,-0.0081890063,0,-17.321832,-2.8810646e-06,0
0.5,0,26.695098,-0.0082328586,0,-17.312604,-2.8261739e-06,0
0.5,0,26.694656,-0.008327086,0,-17.303375,-2.7823722e-06,0
0.5,0,26.694206,-0.0084524534,0,-17.294147,-2.7564588e-06,0
0.5,0,26.693793,-0.0085897986,0,-17.284918,-2.7526982e-06,0
0.5,0,26.693423,-0.0087251254,0,-17.27569,-2.7728498e-06,0
0.5,0,26.693066,-0.0088481094,0,-17.266461,-2.8171144e-06,0
0.5,0,26.692733,-0.0089500811,0,-17.257233,-2.8848541e-06,0
0.5,0,26.692476,-0.0090291713,0,-17.248004,-2.9746564e-06,0
0.5,0,26.692308,-0.0090977367,0,-17.238776,-3.083727e-06,0
0.5,0,26.692197,-0.0091757681,0,-17.229548,-3.2076775e-06,0
0.5,0,26.692105,-0.0092708141,0,-17.220319,-3.341992e-06,0
0.5,0,26.692006,-0.0093681222,0,-17.211091,-3.4842199e-06,0
0.5,0,26.691878,-0.0094440322,0,-17.201862,-3.6340783e-06,0
0.5,0,26.691709,-0.0094854576,0,-17.192634,-3.7907684e-06,0
0.5,0,26.6915,-0.0094944935,0,-17.183405,-3.9506197e-06,0
0.5,0,26.691261,-0.0094796637,0,-17.174177,-4.1078455e-06,0
0.5,0,26.690995,-0.0094471474,0,-17.164948,-4.2570736e-06,0
0.5,0,26.69074,-0.0093968072,0,-17.15572,-4.3944332e-06,0
0.5,0,26.690443,-0.0093295828,0,-17.146491,-4.5167876e-06,0
0.5,0,26.69031,-0.0092531606,0,-17.137263,-4.6214302e-06,0
0.5,0,26.689796,-0.009200131,0,-17.128034,-4.7078923e-06,0
0.5,0,26.689643,-0.0091626626,0,-17.118806,-4.7788304e-06,0
0.5,0,26.689824,-0.0090787442,0,-17.109577,-4.8324837e-06,0
0.5,0,26.689606,-0.0089673817,0,-17.100349,-4.8655743e-06,0
0.5,0,26.689662,-0.0088761619,0,-17.091121,-4.8801647e-06,0
0.5,0,26.689582,-0.0087990071,0,-17.081892,-4.8784503e-06,0
0.5,0,26.689338,-0.0087286591,0,-17.072664,-4.8613907e-06,0
0.5,0,26.689147,-0.0086667965,0,-17.063435,-4.8296126e-06,0
0.5,0,26.689062,-0.0086133154,0,-17.054207,-4.783619e-06,0
0.5,0,26.689059,-0.008565646,0,-17.044978,-4.7243533e-06,0
0.5,0,26.689085,-0.0085199255,0,-17.03575,-4.6536236e-06,0
0.5,0,26.689109,-0.0084727008,0,-17.026521,-4.5738941e-06,0
0.5,0,26.689145,-0.0084231299,0,-17.017293,-4.4877841e-06,0
0.5,0,26.689219,-0.0083750652,0,-17.008064,-4.397716e-06,0
0.5,0,26.689346,-0.0083370777,0,-16.998836,-4.3058972e-06,0
0.5,0,26.689525,-0.0083183905,0,-16.989607,-4.2145499e-06,0
0.5,0,26.689737,-0.0083238197,0,-16.980379,-4.1260051e-06,0
0.5,0,26.689947,-0.0083490152,0,-16.97115,-4.0422574e-06,0
0.5,0,26.690095,-0.0083805815,0,-16.961922,-3.9641513e-06,0
0.5,0,26.690122,-0.0084031233,0,-16.952694,-3.8902962e-06,0
0.5,0,26.689997,-0.0084059457,0,-16.943465,-3.8172136e-06,0
0.5,0,26.689749,-0.0083861114,0,-16.934237,-3.7408082e-06,0
0.5,0,26.689452,-0.0083512996,0,-16.925008,-3.6580486e-06,0
0.5,0,26.689188,-0.0083201962,0,-16.91578,-3.5685605e-06,0
0.5,0,26.689023,-0.008312149,0,-16.906551,-3.4751017e-06,0
0.5,0,26.688989,-0.0083327897,0,-16.897323,-3.3820591e-06,0
0.5,0,26.689077,-0.0083709316,0,-16.888094,-3.292738e-06,0
0.5,0,26.689252,-0.0084049036,0,-16.878866,-3.2074933e-06,0
0.5,0,26.689471,-0.008412319,0,-16.869637,-3.12358e-06,0
0.5,0,26.689706,-0.008384819,0,-16.860409,-3.0366425e-06,0
0.5,0,26.689993,-0.0083364168,0,-16.85118,-2.9434854e-06,0
0.5,0,26.690446,-0.0082944651,0,-16.841952,-2.8440918e-06,0
0.5,0,26.691185,-0.0082822368,0,-16.832723,-2.7414726e-06,0
0.5,0,26.692239,-0.008305085,0,-16.823495,-2.640065e-06,0
0.5,0,26.693494,-0.0083473916,0,-16.814267,-2.543164e-06,0
0.5,0,26.694745,-0.0083839661,0,-16.805038,-2.4508227e-06,0
0.5,0,26.695854,-0.0083965682,0,-16.79581,-2.3597809e-06,0
0.5,0,26.696865,-0.0083829377,0,-16.786581,-2.2653121e-06,0
0.5,0,26.697983,-0.0083541245,0,-16.777353,-2.1635538e-06,0
0.5,0,26.699422,-0.0083251538,0,-16.768124,-2.0529215e-06,0
0.5,0,26.70127,-0.00830805,0,-16.758896,-1.934202e-06,0
0.5,0,26.703467,-0.0083118208,0,-16.749667,-1.8099054e-06,0
0.5,0,26.705877,-0.0083452663,0,-16.740439,-1.6836901e-06,0
0.5,0,26.708407,-0.0084148946,0,-16.73121,-1.5599912e-06,0
0.5,0,26.711109,-0.0085169036,0,-16.721982,-1.4431603e-06,0
0.5,0,26.714209,-0.0086328544,0,-16.712753,-1.3358148e-06,0
0.5,0,26.717956,-0.0087379089,0,-16.703525,-1.237454e-06,0
0.5,0,26.722388,-0.0088166155,0,-16.694296,-1.1448381e-06,0
0.5,0,26.727204,-0.0088710376,0,-16.685068,-1.0541548e-06,0
0.5,0,26.731873,-0.0089127488,0,-16.67584,-9.6319666e-07,0
0.5,0,26.735856,-0.0089469653,0,-16.666611,-8.7166886e-07,0
0.5,0,26.738816,-0.0089661559,0,-16.657383,-7.7951358e-07,0
0.5,0,26.740699,-0.0089645528,0,-16.648154,-6.8540913e-07,0
0.5,0,26.741698,-0.0089580304,0,-16.638926,-5.875533e-07,0
0.5,0,26.742101,-0.0089775914,0,-16.629697,-4.8620629e-07,0
0.5,0,26.74206,-0.0090382714,0,-16.620469,-3.8460155e-07,0
0.5,0,26.741495,-0.0091213443,0,-16.61124,-2.8653551e-07,0
0.5,0,26.740245,-0.0091925329,0,-16.602012,-1.9349216e-07,0
0.5,0,26.738255,-0.0092402661,0,-16.592783,-1.0508704e-07,0
0.5,0,26.735748,-0.0092792896,0,-16.583555,-2.1768381e-08,0
0.5,0,26.734993,-0.0092850447,0,-16.580904,-2.5804012e-15,0
0.5,0,26.699831,-0.007522636,0,-16.49127,-2.048361e-07,0
0.5,0,26.702186,-0.0074398423,0,-16.500089,-2.5804012e-15,0
0.5,0,26.698666,-0.0075712577,0,-16.482042,-4.8178174e-07,0
0.5,0,26.698161,-0.0075644873,0,-16.472813,-8.0389964e-07,0
0.5,0,26.69789,-0.0075451232,0,-16.463585,-1.1435722e-06,0
0.5,0,26.697594,-0.0075304115,0,-16.454356,-1.4652404e-06,0
0.5,0,26.697164,-0.007510764,0,-16.445128,-1.7344842e-06,0
0.5,0,26.696606,-0.0074847124,0,-16.435899,-1.9281958e-06,0
0.5,0,26.695947,-0.0075010776,0,-16.426671,-2.0378148e-06,0
0.5,0,26.695214,-0.0076507844,0,-16.417442,-2.0661825e-06,0
0.5,0,26.694435,-0.0080043441,0,-16.408214,-2.0243733e-06,0
0.5,0,26.693638,-0.0085530093,0,-16.398985,-1.9314569e-06,0
0.5,0,26.69284,-0.0092025684,0,-16.389757,-1.8140307e-06,0
0.5,0,26.692037,-0.0098138922,0,-16.380529,-1.7016744e-06,0
0.5,0,26.691232,-0.010254351,0,-16.3713,-1.6187643e-06,0
0.5,0,26.690467,-0.010435121,0,-16.362072,-1.5767271e-06,0
0.5,0,26.689831,-0.010330532,0,-16.352843,-1.5708609e-06,0
0.5,0,26.689407,-0.0099816272,0,-16.343615,-1.5833875e-06,0
0.5,0,26.689213,-0.0094818611,0,-16.334386,-1.5915525e-06,0
0.5,0,26.689178,-0.0089450949,0,-16.325158,-1.5772714e-06,0
0.5,0,26.689184,-0.0084681051,0,-16.315929,-1.5338388e-06,0
0.5,0,26.68914,-0.0081056766,0,-16.306701,-1.466522e-06,0
0.5,0,26.689016,-0.0078699558,0,-16.297472,-1.3871024e-06,0
0.5,0,26.688835,-0.0077490511,0,-16.288244,-1.3059701e-06,0
0.5,0,26.688649,-0.0077268638,0,-16.279015,-1.2266408e-06,0
0.5,0,26.688505,-0.0077901457,0,-16.269787,-1.1454532e-06,0
0.5,0,26.688424,-0.0079229111,0,-16.260558,-1.0557021e-06,0
0.5,0,26.688398,-0.0080995166,0,-16.25133,-9.5318834e-07,0
0.5,0,26.688406,-0.0082850356,0,-16.242102,-8.4006769e-07,0
0.5,0,26.688463,-0.008442745,0,-16.232873,-7.2516605e-07,0
0.5,0,26.688645,-0.0085447383,0,-16.223645,-6.2076005e-07,0
0.5,0,26.689075,-0.0085818726,0,-16.214416,-5.3768845e-07,0
0.5,0,26.689873,-0.008568565,0,-16.205188,-4.8153415e-07,0
0.5,0,26.691115,-0.0085381699,0,-16.195959,-4.5174448e-07,0
0.5,0,26.692818,-0.0085290523,0,-16.186731,-4.4349174e-07,0
0.5,0,26.694968,-0.0085676824,0,-16.177502,-4.5042191e-07,0
0.5,0,26.69754,-0.0086563335,0,-16.168274,-4.6659364e-07,0
0.5,0,26.700397,-0.0087707185,0,-16.159045,-4.8752514e-07,0
0.5,0,26.703575,-0.0088691077,0,-16.149817,-5.1085774e-07,0
0.5,0,26.706248,-0.0089355172,0,-16.140588,-5.3616284e-07,0
0.5,0,26.709171,-0.0089409886,0,-16.13136,-5.6251138e-07,0
0.5,0,26.711877,-0.0088872024,0,-16.122131,-5.9045438e-07,0
0.5,0,26.713675,-0.0088644451,0,-16.112903,-6.2157184e-07,0
0.5,0,26.715424,-0.0088836357,0,-16.103675,-6.5632947e-07,0
0.5,0,26.716315,-0.0088878251,0,-16.094446,-6.9705783e-07,0
0.5,0,26.716119,-0.0088631264,0,-16.085218,-7.4729862e-07,0
0.5,0,26.714769,-0.0088163081,0,-16.075989,-8.1009201e-07,0
0.5,0,26.712497,-0.0087561005,0,-16.066761,-8.8768617e-07,0
0.5,0,26.709799,-0.0086840215,0,-16.057532,-9.8199366e-07,0
0.5,0,26.707195,-0.0085960072,0,-16.048304,-1.0951305e-06,0
0.5,0,26.705103,-0.0084983489,0,-16.039075,-1.2284818e-06,0
0.5,0,26.703743,-0.0084168385,0,-16.029847,-1.3796492e-06,0
0.5,0,26.70309,-0.0083804557,0,-16.020618,-1.5397405e-06,0
0.5,0,26.70288,-0.0083936754,0,-16.01139,-1.69504e-06,0
0.5,0,26.702767,-0.008432343,0,-16.002161,-1.8335856e-06,0
0.5,0,26.702467,-0.008469686,0,-15.992933,-1.9514244e-06,0
0.5,0,26.701858,-0.0084996323,0,-15.983704,-2.0527589e-06,0
0.5,0,26.70099,-0.0085302307,0,-15.974476,-2.1443724e-06,0
0.5,0,26.699871,-0.0085665283,0,-15.965248,-2.2302181e-06,0
0.5,0,26.698494,-0.0086060875,0,-15.956019,-2.3103958e-06,0
0.5,0,26.696904,-0.0086437411,0,-15.946791,-2.3835372e-06,0
0.5,0,26.695171,-0.0086783434,0,-15.937562,-2.4491583e-06,0
0.5,0,26.693491,-0.0087134167,0,-15.928334,-2.5080221e-06,0
0.5,0,26.692155,-0.0087526685,0,-15.919105,-2.5615471e-06,0
0.5,0,26.691276,-0.0087986853,0,-15.909877,-2.6117548e-06,0
0.5,0,26.69063,-0.0088541893,0,-15.900648,-2.6612937e-06,0
0.5,0,26.689821,-0.0089203193,0,-15.89142,-2.7125109e-06,0
0.5,0,26.688541,-0.0089924802,0,-15.882191,-2.7657534e-06,0
0.5,0,26.686711,-0.0090610064,0,-15.872963,-2.817817e-06,0
0.5,0,26.684501,-0.0091195703,0,-15.863734,-2.8617174e-06,0
0.5,0,26.682196,-0.0091729898,0,-15.854506,-2.8891401e-06,0
0.5,0,26.68023,-0.0092200902,0,-15.845277,-2.8949466e-06,0
0.5,0,26.678461,-0.00924626,0,-15.836049,-2.8802826e-06,0
0.5,0,26.67869,-0.0093091947,0,-15.826821,-2.8515611e-06,0
0.5,0,26.679412,-0.0093377055,0,-15.817592,-2.8179057e-06,0
0.5,0,26.679241,-0.0092583586,0,-15.808364,-2.7878857e-06,0
0.5,0,26.680115,-0.0091571306,0,-15.799135,-2.7673676e-06,0
0.5,0,26.681423,-0.0090665923,0,-15.789907,-2.7594742e-06,0
0.5,0,26.682996,-0.0090104773,0,-15.780678,-2.7646042e-06,0
0.5,0,26.684756,-0.0090086604,0,-15.77145,-2.7812822e-06,0
0.5,0,26.686443,-0.0090574054,0,-15.762221,-2.8068372e-06,0
0.5,0,26.687816,-0.0091247419,0,-15.752993,-2.8370318e-06,0
0.5,0,26.68878,-0.009167217,0,-15.743764,-2.8654777e-06,0
0.5,0,26.689407,-0.0091570732,0,-15.734536,-2.8847305e-06,0
0.5,0,26.689872,-0.0090987696,0,-15.725307,-2.8891523e-06,0
0.5,0,26.690334,-0.0090233232,0,-15.716079,-2.8772512e-06,0
0.5,0,26.690905,-0.0089666491,0,-15.70685,-2.8516969e-06,0
0.5,0,26.691689,-0.0089502077,0,-15.697622,-2.8176199e-06,0
0.5,0,26.69273,-0.0089765096,0,-15.688394,-2.7806845e-06,0
0.5,0,26.693949,-0.0090358074,0,-15.679165,-2.7456592e-06,0
0.5,0,26.695218,-0.0091139264,0,-15.669937,-2.7155564e-06,0
0.5,0,26.696465,-0.0091955079,0,-15.660708,-2.6910921e-06,0
0.5,0,26.697688,-0.0092629165,0,-15.65148,-2.6702491e-06,0
0.5,0,26.698912,-0.0092964734,0,-15.642251,-2.648043e-06,0
0.5,0,26.700177,-0.0092815587,0,-15.633023,-2.6168873e-06,0
0.5,0,26.70155,-0.0092211185,0,-15.623794,-2.5681617e-06,0
0.5,0,26.703121,-0.0091434788,0,-15.614566,-2.4953287e-06,0
0.5,0,26.704933,-0.0090937616,0,-15.605337,-2.3974655e-06,0
0.5,0,26.706942,-0.0091089063,0,-15.596109,-2.2804985e-06,0
0.5,0,26.709076,-0.0091949091,0,-15.58688,-2.1544102e-06,0
0.5,0,26.71129,-0.0093271152,0,-15.577652,-2.0281715e-06,0
0.5,0,26.713495,-0.0094713075,0,-15.568423,-1.906136e-06,0
0.5,0,26.715444,-0.0096039284,0,-15.559195,-1.7876947e-06,0
0.5,0,26.71683,-0.0097184503,0,-15.549967,-1.6691132e-06,0
0.5,0,26.71763,-0.009818348,0,-15.540738,-1.5456415e-06,0
0.5,0,26.718162,-0.0099047491,0,-15.53151,-1.4123841e-06,0
0.5,0,26.718607,-0.0099753262,0,-15.522281,-1.2638623e-06,0
0.5,0,26.718742,-0.010035062,0,-15.513053,-1.0940853e-06,0
0.5,0,26.718284,-0.010098586,0,-15.503824,-8.9698676e-07,0
0.5,0,26.717284,-0.010183922,0,-15.494596,-6.6629523e-07,0
0.5,0,26.71605,-0.010301142,0,-15.485367,-3.9810243e-07,0
0.5,0,26.714757,-0.010412926,0,-15.476139,-9.8855631e-08,0
0.5,0,26.714259,-0.01037004,0,-15.473101,-2.5804012e-15,0
0.5,0,26.68875,-0.0060898805,0,-15.393083,-2.9890452e-07,0
0.5,0,26.690667,-0.0061341932,0,-15.399421,-2.5804012e-15,0
0.5,0,26.687172,-0.0062258287,0,-15.383854,-7.9350012e-07,0
0.5,0,26.686258,-0.0064616272,0,-15.374626,-1.2972842e-06,0
0.5,0,26.685826,-0.0069244226,0,-15.365397,-1.7533849e-06,0
0.5,0,26.6851,-0.0076629702,0,-15.356169,-2.1086124e-06,0
0.5,0,26.684791,-0.0085970484,0,-15.34694,-2.3242201e-06,0
0.5,0,26.684886,-0.0095383778,0,-15.337712,-2.3765148e-06,0
0.5,0,26.684535,-0.010358608,0,-15.328483,-2.2647229e-06,0
0.5,0,26.68434,-0.010956692,0,-15.319255,-2.0193377e-06,0
0.5,0,26.683887,-0.01120527,0,-15.310026,-1.6936526e-06,0
0.5,0,26.68328,-0.011050703,0,-15.300798,-1.3530993e-06,0
0.5,0,26.682824,-0.010550258,0,-15.291569,-1.0613056e-06,0
0.5,0,26.682561,-0.0098470974,0,-15.282341,-8.6465303e-07,0
0.5,0,26.682482,-0.0091228956,0,-15.273113,-7.8243486e-07,0
0.5,0,26.682574,-0.0085396565,0,-15.263884,-8.0589821e-07,0
0.5,0,26.682736,-0.0081933772,0,-15.254656,-9.0544155e-07,0
0.5,0,26.682811,-0.0080996323,0,-15.245427,-1.0421343e-06,0
0.5,0,26.682782,-0.0082108222,0,-15.236199,-1.1786034e-06,0
0.5,0,26.6828,-0.0084458415,0,-15.22697,-1.2863392e-06,0
0.5,0,26.682989,-0.0087159179,0,-15.217742,-1.3493287e-06,0
0.5,0,26.683295,-0.0089457297,0,-15.208513,-1.3648997e-06,0
0.5,0,26.68357,-0.0090920124,0,-15.199285,-1.3422704e-06,0
0.5,0,26.683713,-0.009152689,0,-15.190056,-1.2991396e-06,0
0.5,0,26.683711,-0.0091596175,0,-15.180828,-1.2568698e-06,0
0.5,0,26.683594,-0.0091570448,0,-15.171599,-1.23497e-06,0
0.5,0,26.683413,-0.0091749085,0,-15.162371,-1.2456814e-06,0
0.5,0,26.683229,-0.0092084541,0,-15.153142,-1.2898069e-06,0
0.5,0,26.683101,-0.0092142398,0,-15.143914,-1.3553878e-06,0
0.5,0,26.68306,-0.0091301753,0,-15.134686,-1.4203112e-06,0
0.5,0,26.683099,-0.0089166945,0,-15.125457,-1.4583127e-06,0
0.5,0,26.683187,-0.0085958499,0,-15.116229,-1.4466436e-06,0
0.5,0,26.683292,-0.0082565936,0,-15.107,-1.3738816e-06,0
0.5,0,26.683392,-0.0080177637,0,-15.097772,-1.2464811e-06,0
0.5,0,26.683484,-0.0079746506,0,-15.088543,-1.0912766e-06,0
0.5,0,26.683572,-0.0081629987,0,-15.079315,-9.5047695e-07,0
0.5,0,26.683659,-0.0085518198,0,-15.070086,-8.6883623e-07,0
0.5,0,26.683746,-0.0090553641,0,-15.060858,-8.7817586e-07,0
0.5,0,26.683831,-0.0095549937,0,-15.051629,-9.8679586e-07,0
0.5,0,26.683914,-0.0099303323,0,-15.042401,-1.1782234e-06,0
0.5,0,26.683996,-0.010094636,0,-15.033172,-1.4181073e-06,0
0.5,0,26.684081,-0.010020201,0,-15.023944,-1.664836e-06,0
0.5,0,26.684173,-0.0097413751,0,-15.014715,-1.8797067e-06,0
0.5,0,26.684279,-0.0093349295,0,-15.005487,-2.0342997e-06,0
0.5,0,26.684403,-0.0088888126,0,-14.996259,-2.113905e-06,0
0.5,0,26.68455,-0.0084718009,0,-14.98703,-2.1167172e-06,0
0.5,0,26.684723,-0.0081219939,0,-14.977802,-2.0499328e-06,0
0.5,0,26.684924,-0.0078610005,0,-14.968573,-1.9260998e-06,0
0.5,0,26.685156,-0.0077068024,0,-14.959345,-1.7620802e-06,0
0.5,0,26.68542,-0.0076472863,0,-14.950116,-1.5767812e-06,0
0.5,0,26.685704,-0.0076338601,0,-14.940888,-1.385344e-06,0
0.5,0,26.686013,-0.0076397836,0,-14.931659,-1.196757e-06,0
0.5,0,26.686232,-0.0076971983,0,-14.922431,-1.0202002e-06,0
0.5,0,26.6863,-0.0078677461,0,-14.913202,-8.7187319e-07,0
0.5,0,26.686472,-0.0081695981,0,-14.903974,-7.7199065e-07,0
0.5,0,26.686793,-0.0085450125,0,-14.894745,-7.3572085e-07,0
0.5,0,26.686937,-0.008900812,0,-14.885517,-7.6587134e-07,0
0.5,0,26.68682,-0.0091361927,0,-14.876288,-8.4842921e-07,0
0.5,0,26.686691,-0.0091528686,0,-14.86706,-9.5391599e-07,0
0.5,0,26.686674,-0.0089138446,0,-14.857832,-1.0468009e-06,0
0.5,0,26.686718,-0.0085046953,0,-14.848603,-1.0965787e-06,0
0.5,0,26.686854,-0.0080988543,0,-14.839375,-1.0880194e-06,0
0.5,0,26.687187,-0.0078604676,0,-14.830146,-1.0317232e-06,0
0.5,0,26.687682,-0.0078877627,0,-14.820918,-9.6693595e-07,0
0.5,0,26.688117,-0.0082136271,0,-14.811689,-9.5010832e-07,0
0.5,0,26.688303,-0.0088033085,0,-14.802461,-1.0341922e-06,0
0.5,0,26.688224,-0.0095490377,0,-14.793232,-1.2506058e-06,0
0.5,0,26.688036,-0.010299297,0,-14.784004,-1.6022639e-06,0
0.5,0,26.687847,-0.010908841,0,-14.774775,-2.0674586e-06,0
0.5,0,26.687682,-0.011273499,0,-14.765547,-2.6086898e-06,0
0.5,0,26.687546,-0.011337789,0,-14.756318,-3.179662e-06,0
0.5,0,26.687423,-0.011093276,0,-14.74709,-3.729472e-06,0
0.5,0,26.687361,-0.010571405,0,-14.737861,-4.2073817e-06,0
0.5,0,26.687409,-0.0098368643,0,-14.728633,-4.5696113e-06,0
0.5,0,26.687574,-0.0089892395,0,-14.719405,-4.7865773e-06,0
0.5,0,26.687864,-0.0081555549,0,-14.710176,-4.849236e-06,0
0.5,0,26.688319,-0.0074679929,0,-14.700948,-4.7729937e-06,0
0.5,0,26.688979,-0.0070378705,0,-14.691719,-4.5958885e-06,0
0.5,0,26.689807,-0.0069292732,0,-14.682491,-4.3698055e-06,0
0.5,0,26.69069,-0.0071380965,0,-14.673262,-4.1481283e-06,0
0.5,0,26.691471,-0.0075917208,0,-14.664034,-3.9747106e-06,0
0.5,0,26.692047,-0.0081715525,0,-14.654805,-3.8772162e-06,0
0.5,0,26.69235,-0.0087481658,0,-14.645577,-3.865423e-06,0
0.5,0,26.692449,-0.0092176819,0,-14.636348,-3.933518e-06,0
0.5,0,26.692425,-0.0095316009,0,-14.62712,-4.0655506e-06,0
0.5,0,26.692421,-0.0096957844,0,-14.617891,-4.2418984e-06,0
0.5,0,26.692544,-0.0097360361,0,-14.608663,-4.442934e-06,0
0.5,0,26.69265,-0.0096796902,0,-14.599434,-4.6496818e-06,0
0.5,0,26.692661,-0.0095548872,0,-14.590206,-4.844617e-06,0
0.5,0,26.692539,-0.0093854155,0,-14.580978,-5.013142e-06,0
0.5,0,26.692253,-0.0091864581,0,-14.571749,-5.143969e-06,0
0.5,0,26.691672,-0.0089689051,0,-14.562521,-5.2289132e-06,0
0.5,0,26.690611,-0.0087498153,0,-14.553292,-5.2634364e-06,0
0.5,0,26.689092,-0.0085495313,0,-14.544064,-5.2472383e-06,0
0.5,0,26.687393,-0.0083798007,0,-14.534835,-5.1836486e-06,0
0.5,0,26.685984,-0.0082414491,0,-14.525607,-5.0778774e-06,0
0.5,0,26.685381,-0.0081307964,0,-14.516378,-4.9354641e-06,0
0.5,0,26.685916,-0.0080465706,0,-14.50715,-4.7617865e-06,0
0.5,0,26.687562,-0.0079915076,0,-14.497921,-4.562175e-06,0
0.5,0,26.68994,-0.0079678929,0,-14.488693,-4.3421367e-06,0
0.5,0,26.692529,-0.0079727789,0,-14.479464,-4.1075418e-06,0
0.5,0,26.694899,-0.0079982069,0,-14.470236,-3.8645309e-06,0
0.5,0,26.696834,-0.0080373162,0,-14.461007,-3.6192369e-06,0
0.5,0,26.69833,-0.0080881887,0,-14.451779,-3.3775664e-06,0
0.5,0,26.699526,-0.0081512433,0,-14.442551,-3.1450558e-06,0
0.5,0,26.700626,-0.0082245541,0,-14.433322,-2.9265212e-06,0
0.5,0,26.701866,-0.0082995643,0,-14.424094,-2.7251952e-06,0
0.5,0,26.703466,-0.0083627449,0,-14.414865,-2.5417985e-06,0
0.5,0,26.705576,-0.0084039185,0,-14.405637,-2.3743846e-06,0
0.5,0,26.708199,-0.008424414,0,-14.396408,-2.2193741e-06,0
0.5,0,26.711132,-0.0084384753,0,-14.38718,-2.073364e-06,0
0.5,0,26.71398,-0.0084665229,0,-14.377951,-1.9346239e-06,0
0.5,0,26.716276,-0.0085267341,0,-14.368723,-1.8036174e-06,0
0.5,0,26.71775,-0.0086306595,0,-14.359494,-1.682787e-06,0
0.5,0,26.718632,-0.0087791349,0,-14.350266,-1.5759532e-06,0
0.5,0,26.71975,-0.008956504,0,-14.341037,-1.4870995e-06,0
0.5,0,26.722221,-0.0091306876,0,-14.331809,-1.417995e-06,0
0.5,0,26.726759,-0.0092658593,0,-14.32258,-1.3659549e-06,0
0.5,0,26.733024,-0.009339788,0,-14.313352,-1.3237303e-06,0
0.5,0,26.739602,-0.0093551037,0,-14.304124,-1.2822247e-06,0
0.5,0,26.744869,-0.0093384679,0,-14.294895,-1.2340864e-06,0
0.5,0,26.748146,-0.0093300784,0,-14.285667,-1.1760633e-06,0
0.5,0,26.750074,-0.0093674339,0,-14.276438,-1.1095972e-06,0
0.5,0,26.751933,-0.009464465,0,-14.26721,-1.0385614e-06,0
0.5,0,26.754737,-0.00960492,0,-14.257981,-9.6471824e-07,0
0.5,0,26.758791,-0.009763021,0,-14.248753,-8.8468438e-07,0
0.5,0,26.763705,-0.0099249311,0,-14.239524,-7.9111835e-07,0
0.5,0,26.768622,-0.010082137,0,-14.230296,-6.7655655e-07,0
0.5,0,26.772624,-0.010214365,0,-14.221067,-5.3810855e-07,0
0.5,0,26.774906,-0.010294061,0,-14.211839,-3.8113818e-07,0
0.5,0,26.774801,-0.010314989,0,-14.20261,-2.1933023e-07,0
0.5,0,26.772395,-0.010295814,0,-14.193382,-7.0137097e-08,0
0.5,0,26.76911,-0.010240227,0,-14.188135,-2.5804012e-15,0
0.5,0,26.701457,-0.0077539178,0,-14.119554,-2.0824173e-07,0
0.5,0,26.708682,-0.0078253322,0,-14.128269,-2.5804012e-15,0
0.5,0,26.695449,-0.0076443226,0,-14.110326,-5.1798757e-07,0
0.5,0,26.69115,-0.0074489044,0,-14.101097,-9.1015485e-07,0
0.5,0,26.687972,-0.0072083521,0,-14.091869,-1.3747223e-06,0
0.5,0,26.685343,-0.0069605928,0,-14.08264,-1.9021391e-06,0
0.5,0,26.683082,-0.0067500267,0,-14.073412,-2.4804144e-06,0
0.5,0,26.681244,-0.0066257682,0,-14.064183,-3.0910618e-06,0
0.5,0,26.679854,-0.0066291827,0,-14.054955,-3.7079167e-06,0
0.5,0,26.67881,-0.0067853665,0,-14.045726,-4.2994688e-06,0
0.5,0,26.677962,-0.0071078993,0,-14.036498,-4.8329157e-06,0
0.5,0,26.677211,-0.0076009736,0,-14.02727,-5.277312e-06,0
0.5,0,26.676523,-0.0082417871,0,-14.018041,-5.6062081e-06,0
0.5,0,26.675894,-0.0089565815,0,-14.008813,-5.80244e-06,0
0.5,0,26.675339,-0.009617696,0,-13.999584,-5.8655551e-06,0
0.5,0,26.674883,-0.010071887,0,-13.990356,-5.8180759e-06,0
0.5,0,26.674515,-0.010190311,0,-13.981127,-5.7050885e-06,0
0.5,0,26.674224,-0.009922802,0,-13.971899,-5.5847158e-06,0
0.5,0,26.674058,-0.0093332264,0,-13.96267,-5.5122287e-06,0
0.5,0,26.674059,-0.0085928817,0,-13.953442,-5.5237061e-06,0
0.5,0,26.674178,-0.0079271306,0,-13.944213,-5.6252086e-06,0
0.5,0,26.674323,-0.0075350056,0,-13.934985,-5.7915952e-06,0
0.5,0,26.674438,-0.0075148191,0,-13.925756,-5.9760198e-06,0
0.5,0,26.674503,-0.0078291454,0,-13.916528,-6.127146e-06,0
0.5,0,26.674515,-0.0083285159,0,-13.907299,-6.2074594e-06,0
0.5,0,26.674478,-0.0088227683,0,-13.898071,-6.2050957e-06,0
0.5,0,26.674405,-0.0091599234,0,-13.888843,-6.1347231e-06,0
0.5,0,26.674309,-0.0092715704,0,-13.879614,-6.0285711e-06,0
0.5,0,26.674206,-0.00917134,0,-13.870386,-5.9231309e-06,0
0.5,0,26.674116,-0.0089215655,0,-13.861157,-5.8479872e-06,0
0.5,0,26.674038,-0.0085940043,0,-13.851929,-5.8208184e-06,0
0.5,0,26.673963,-0.0082418813,0,-13.8427,-5.848577e-06,0
0.5,0,26.673888,-0.007893101,0,-13.833472,-5.9316396e-06,0
0.5,0,26.673826,-0.0075616552,0,-13.824243,-6.0671135e-06,0
0.5,0,26.673772,-0.0072649361,0,-13.815015,-6.2492645e-06,0
0.5,0,26.67369,-0.0070371302,0,-13.805786,-6.4672804e-06,0
0.5,0,26.673539,-0.0069305146,0,-13.796558,-6.7021306e-06,0
0.5,0,26.673295,-0.0070052866,0,-13.787329,-6.9246269e-06,0
0.5,0,26.672971,-0.0073134034,0,-13.778101,-7.0961379e-06,0
0.5,0,26.67261,-0.0078808233,0,-13.768872,-7.1725938e-06,0
0.5,0,26.672223,-0.0086894714,0,-13.759644,-7.111732e-06,0
0.5,0,26.671769,-0.009660909,0,-13.750416,-6.8829266e-06,0
0.5,0,26.67122,-0.01064975,0,-13.741187,-6.4778977e-06,0
0.5,0,26.670663,-0.011459345,0,-13.731959,-5.9191646e-06,0
0.5,0,26.670267,-0.011886236,0,-13.72273,-5.2623784e-06,0
0.5,0,26.670157,-0.011785773,0,-13.713502,-4.589685e-06,0
0.5,0,26.670326,-0.011136897,0,-13.704273,-3.9939815e-06,0
0.5,0,26.670674,-0.010072675,0,-13.695045,-3.5574783e-06,0
0.5,0,26.671086,-0.0088501611,0,-13.685816,-3.3309659e-06,0
0.5,0,26.671473,-0.0077623559,0,-13.676588,-3.3210121e-06,0
0.5,0,26.671784,-0.0070315303,0,-13.667359,-3.4902066e-06,0
0.5,0,26.672005,-0.0067414665,0,-13.658131,-3.7710441e-06,0
0.5,0,26.672147,-0.0068402814,0,-13.648902,-4.0882962e-06,0
0.5,0,26.672242,-0.0071952825,0,-13.639674,-4.3801721e-06,0
0.5,0,26.672319,-0.0076595507,0,-13.630445,-4.6088234e-06,0
0.5,0,26.67241,-0.0081236781,0,-13.621217,-4.7578831e-06,0
0.5,0,26.672534,-0.0085373868,0,-13.611989,-4.823697e-06,0
0.5,0,26.672629,-0.0088917289,0,-13.60276,-4.8091412e-06,0
0.5,0,26.672734,-0.009170309,0,-13.593532,-4.72335e-06,0
0.5,0,26.672472,-0.009331018,0,-13.584303,-4.5842102e-06,0
0.5,0,26.673297,-0.0093715456,0,-13.575075,-4.4187761e-06,0
0.5,0,26.673952,-0.0092189524,0,-13.565846,-4.2599164e-06,0
0.5,0,26.673348,-0.0088734622,0,-13.556618,-4.1374229e-06,0
0.5,0,26.673232,-0.0084988065,0,-13.547389,-4.0677936e-06,0
0.5,0,26.673092,-0.0082104967,0,-13.538161,-4.0494896e-06,0
0.5,0,26.672846,-0.008076065,0,-13.528932,-4.0654158e-06,0
0.5,0,26.672596,-0.0081015257,0,-13.519704,-4.0916713e-06,0
0.5,0,26.672378,-0.0082367372,0,-13.510475,-4.1073329e-06,0
0.5,0,26.672224,-0.008405317,0,-13.501247,-4.1009474e-06,0
0.5,0,26.672145,-0.0085378253,0,-13.492018,-4.0721049e-06,0
0.5,0,26.672099,-0.0085970828,0,-13.48279,-4.0284134e-06,0
0.5,0,26.671998,-0.0085853427,0,-13.473562,-3.979901e-06,0
0.5,0,26.671792,-0.0085294453,0,-13.464333,-3.9341459e-06,0
0.5,0,26.671487,-0.0084567632,0,-13.455105,-3.8944912e-06,0
0.5,0,26.671224,-0.008380497,0,-13.445876,-3.8608165e-06,0
0.5,0,26.670655,-0.0083243308,0,-13.436648,-3.832038e-06,0
0.5,0,26.670415,-0.0082815055,0,-13.427419,-3.8101688e-06,0
0.5,0,26.670356,-0.0082031986,0,-13.418191,-3.7951356e-06,0
0.5,0,26.670003,-0.0080999026,0,-13.408962,-3.7844719e-06,0
0.5,0,26.670005,-0.0080045024,0,-13.399734,-3.7790563e-06,0
0.5,0,26.670092,-0.0079183702,0,-13.390505,-3.7794657e-06,0
0.5,0,26.670187,-0.0078483531,0,-13.381277,-3.7842334e-06,0
0.5,0,26.670319,-0.007809647,0,-13.372048,-3.7912072e-06,0
0.5,0,26.670452,-0.0078127545,0,-13.36282,-3.799433e-06,0
0.5,0,26.670576,-0.0078446885,0,-13.353591,-3.809166e-06,0
0.5,0,26.670699,-0.0078641551,0,-13.344363,-3.8189225e-06,0
0.5,0,26.670819,-0.0078368817,0,-13.335135,-3.8234462e-06,0
0.5,0,26.670928,-0.0077787004,0,-13.325906,-3.817479e-06,0
0.5,0,26.671032,-0.0077372198,0,-13.316678,-3.8016914e-06,0
0.5,0,26.671125,-0.0077287034,0,-13.307449,-3.7816486e-06,0
0.5,0,26.671273,-0.00772848,0,-13.298221,-3.7607856e-06,0
0.5,0,26.671539,-0.0077115732,0,-13.288992,-3.737065e-06,0
0.5,0,26.67173,-0.0076798413,0,-13.279764,-3.706759e-06,0
0.5,0,26.671663,-0.007653488,0,-13.270535,-3.6686549e-06,0
0.5,0,26.671534,-0.0076436689,0,-13.261307,-3.623857e-06,0
0.5,0,26.671611,-0.0076414914,0,-13.252078,-3.5741949e-06,0
0.5,0,26.671862,-0.0076306194,0,-13.24285,-3.5223751e-06,0
0.5,0,26.67211,-0.0076103134,0,-13.233621,-3.471389e-06,0
0.5,0,26.672277,-0.0075979205,0,-13.224393,-3.4217115e-06,0
0.5,0,26.672389,-0.0075947991,0,-13.215164,-3.371918e-06,0
0.5,0,26.672482,-0.0075734626,0,-13.205936,-3.3235745e-06,0
0.5,0,26.672575,-0.0075219072,0,-13.196708,-3.2817271e-06,0
0.5,0,26.672679,-0.0074694797,0,-13.187479,-3.2490481e-06,0
0.5,0,26.672804,-0.0074470738,0,-13.178251,-3.2226629e-06,0
0.5,0,26.672959,-0.0074499265,0,-13.169022,-3.1978261e-06,0
0.5,0,26.673152,-0.0074532947,0,-13.159794,-3.1722078e-06,0
0.5,0,26.673382,-0.007442906,0,-13.150565,-3.1459287e-06,0
0.5,0,26.673639,-0.0074201479,0,-13.141337,-3.119574e-06,0
0.5,0,26.673904,-0.0073903112,0,-13.132108,-3.0933789e-06,0
0.5,0,26.674162,-0.0073560928,0,-13.12288,-3.0675503e-06,0
0.5,0,26.674396,-0.0073182781,0,-13.113651,-3.0422874e-06,0
0.5,0,26.674582,-0.0072778087,0,-13.104423,-3.017209e-06,0
0.5,0,26.674693,-0.0072391079,0,-13.095194,-2.9910917e-06,0
0.5,0,26.674728,-0.0072107762,0,-13.085966,-2.9624737e-06,0
0.5,0,26.674706,-0.0072009247,0,-13.076737,-2.9306187e-06,0
0.5,0,26.674666,-0.007210402,0,-13.067509,-2.8959235e-06,0
0.5,0,26.674649,-0.0072319292,0,-13.058281,-2.8595354e-06,0
0.5,0,26.674657,-0.0072562156,0,-13.049052,-2.8227632e-06,0
0.5,0,26.674708,-0.0072759696,0,-13.039824,-2.7867448e-06,0
0.5,0,26.674918,-0.0072850465,0,-13.030595,-2.7522834e-06,0
0.5,0,26.675377,-0.007278543,0,-13.021367,-2.7197658e-06,0
0.5,0,26.675908,-0.0072598634,0,-13.012138,-2.6895577e-06,0
0.5,0,26.676385,-0.0072407397,0,-13.00291,-2.6630507e-06,0
0.5,0,26.676626,-0.0072273818,0,-12.993681,-2.642962e-06,0
0.5,0,26.676756,-0.0072112227,0,-12.984453,-2.6301725e-06,0
0.5,0,26.676941,-0.0071794899,0,-12.975224,-2.6225006e-06,0
0.5,0,26.677017,-0.0071390716,0,-12.965996,-2.6182232e-06,0
0.5,0,26.677016,-0.0071021117,0,-12.956767,-2.6164484e-06,0
0.5,0,26.676934,-0.0070755446,0,-12.947539,-2.6157167e-06,0
0.5,0,26.676819,-0.0070564081,0,-12.93831,-2.6149479e-06,0
0.5,0,26.67672,-0.0070407855,0,-12.929082,-2.6135809e-06,0
0.5,0,26.676644,-0.0070349231,0,-12.919854,-2.6106908e-06,0
0.5,0,26.676618,-0.0070389424,0,-12.910625,-2.6053108e-06,0
0.5,0,26.676693,-0.0070516219,0,-12.901397,-2.5967009e-06,0
0.5,0,26.676912,-0.007070061,0,-12.892168,-2.5843721e-06,0
0.5,0,26.677268,-0.007088214,0,-12.88294,-2.5685145e-06,0
0.5,0,26.677705,-0.0070999706,0,-12.873711,-2.5499718e-06,0
0.5,0,26.678155,-0.0071016646,0,-12.864483,-2.5298317e-06,0
0.5,0,26.678571,-0.0070928733,0,-12.855254,-2.5089303e-06,0
0.5,0,26.678926,-0.0070757473,0,-12.846026,-2.4876047e-06,0
0.5,0,26.679197,-0.007053961,0,-12.836797,-2.4657725e-06,0
0.5,0,26.679356,-0.0070314666,0,-12.827569,-2.4432532e-06,0
0.5,0,26.679383,-0.0070106845,0,-12.81834,-2.4201775e-06,0
0.5,0,26.679294,-0.0069918059,0,-12.809112,-2.3973175e-06,0
0.5,0,26.679149,-0.0069740485,0,-12.799883,-2.376226e-06,0
0.5,0,26.679025,-0.0069571086,0,-12.790655,-2.359075e-06,0
0.5,0,26.678977,-0.0069411428,0,-12.781427,-2.3480844e-06,0
0.5,0,26.679015,-0.0069265514,0,-12.772198,-2.3447466e-06,0
0.5,0,26.679108,-0.0069150232,0,-12.76297,-2.349297e-06,0
0.5,0,26.679208,-0.006909171,0,-12.753741,-2.3606046e-06,0
0.5,0,26.679279,-0.0069093585,0,-12.744513,-2.3763587e-06,0
0.5,0,26.67931,-0.0069120497,0,-12.735284,-2.3934344e-06,0
0.5,0,26.67931,-0.0069122873,0,-12.726056,-2.4084499e-06,0
0.5,0,26.679294,-0.0069072818,0,-12.716827,-2.4183695e-06,0
0.5,0,26.679274,-0.0068979181,0,-12.707599,-2.4210015e-06,0
0.5,0,26.679248,-0.0068880954,0,-12.69837,-2.4155336e-06,0
0.5,0,26.679215,-0.0068830781,0,-12.689142,-2.4029142e-06,0
0.5,0,26.679187,-0.0068866361,0,-12.679913,-2.3856849e-06,0
0.5,0,26.679183,-0.0068981062,0,-12.670685,-2.3671343e-06,0
0.5,0,26.679225,-0.0069122275,0,-12.661456,-2.3501327e-06,0
0.5,0,26.679321,-0.0069222283,0,-12.652228,-2.3363061e-06,0
0.5,0,26.679464,-0.0069226171,0,-12.643,-2.3258132e-06,0
0.5,0,26.679632,-0.0069100417,0,-12.633771,-2.3176326e-06,0
0.5,0,26.679799,-0.006884936,0,-12.624543,-2.3102006e-06,0
0.5,0,26.67995,-0.0068532494,0,-12.615314,-2.3022511e-06,0
0.5,0,26.680079,-0.0068258967,0,-12.606086,-2.2933596e-06,0
0.5,0,26.680179,-0.0068102392,0,-12.596857,-2.2836042e-06,0
0.5,0,26.680246,-0.0068050916,0,-12.587629,-2.2731811e-06,0
0.5,0,26.680278,-0.0068051962,0,-12.5784,-2.2620743e-06,0
0.5,0,26.680279,-0.0068044495,0,-12.569172,-2.2501732e-06,0
0.5,0,26.680262,-0.006801932,0,-12.559943,-2.238035e-06,0
0.5,0,26.680235,-0.0067993865,0,-12.550715,-2.2269052e-06,0
0.5,0,26.680208,-0.0067955855,0,-12.541486,-2.218091e-06,0
0.5,0,26.680181,-0.0067904176,0,-12.532258,-2.2124349e-06,0
0.5,0,26.680152,-0.0067850947,0,-12.523029,-2.2101964e-06,0
0.5,0,26.680136,-0.0067803709,0,-12.513801,-2.2110249e-06,0
0.5,0,26.680164,-0.0067768555,0,-12.504573,-2.2140163e-06,0
0.5,0,26.680269,-0.0067758524,0,-12.495344,-2.2180415e-06,0
0.5,0,26.68045,-0.0067758764,0,-12.486116,-2.2220169e-06,0
0.5,0,26.680671,-0.0067731783,0,-12.476887,-2.2250157e-06,0
0.5,0,26.680891,-0.0067688745,0,-12.467659,-2.2263323e-06,0
0.5,0,26.681097,-0.0067690903,0,-12.45843,-2.2257594e-06,0
0.5,0,26.681289,-0.0067804733,0,-12.449202,-2.2240109e-06,0
0.5,0,26.681483,-0.0068031723,0,-12.439973,-2.2226288e-06,0
0.5,0,26.681657,-0.0068262902,0,-12.430745,-2.2226842e-06,0
0.5,0,26.681836,-0.0068357725,0,-12.421516,-2.2236078e-06,0
0.5,0,26.681985,-0.0068348603,0,-12.412288,-2.2240145e-06,0
0.5,0,26.682123,-0.0068390206,0,-12.403059,-2.2236729e-06,0
0.5,0,26.682274,-0.0068521557,0,-12.393831,-2.2235755e-06,0
0.5,0,26.682319,-0.0068660478,0,-12.384602,-2.2243563e-06,0
0.5,0,26.682279,-0.0068724502,0,-12.375374,-2.2259593e-06,0
0.5,0,26.682262,-0.0068695847,0,-12.366146,-2.228323e-06,0
0.5,0,26.682335,-0.0068598601,0,-12.356917,-2.2315197e-06,0
0.5,0,26.682467,-0.0068445392,0,-12.347689,-2.235593e-06,0
0.5,0,26.682588,-0.0068249648,0,-12.33846,-2.2406746e-06,0
0.5,0,26.682655,-0.0068071596,0,-12.329232,-2.2466549e-06,0
0.5,0,26.682656,-0.0067985917,0,-12.320003,-2.2527603e-06,0
0.5,0,26.682612,-0.0068024405,0,-12.310775,-2.2578001e-06,0
0.5,0,26.682584,-0.0068153233,0,-12.301546,-2.2605567e-06,0
0.5,0,26.682655,-0.0068319217,0,-12.292318,-2.2600148e-06,0
0.5,0,26.682909,-0.0068478013,0,-12.283089,-2.2554556e-06,0
0.5,0,26.683387,-0.0068584031,0,-12.273861,-2.246636e-06,0
0.5,0,26.684058,-0.006860983,0,-12.264632,-2.2339548e-06,0
0.5,0,26.684815,-0.0068555707,0,-12.255404,-2.2182739e-06,0
0.5,0,26.685492,-0.0068455456,0,-12.246175,-2.2007431e-06,0
0.5,0,26.685926,-0.0068372594,0,-12.236947,-2.182668e-06,0
0.5,0,26.686028,-0.0068370724,0,-12.227719,-2.1653758e-06,0
0.5,0,26.685843,-0.0068473452,0,-12.21849,-2.1500463e-06,0
0.5,0,26.685506,-0.0068646028,0,-12.209262,-2.1375047e-06,0
0.5,0,26.685161,-0.0068814828,0,-12.200033,-2.1280105e-06,0
0.5,0,26.684897,-0.0068910634,0,-12.190805,-2.121083e-06,0
0.5,0,26.684744,-0.0068902209,0,-12.181576,-2.1154391e-06,0
0.5,0,26.684684,-0.0068804849,0,-12.172348,-2.1091482e-06,0
0.5,0,26.684678,-0.0068665612,0,-12.163119,-2.100062e-06,0
0.5,0,26.684688,-0.0068542538,0,-12.153891,-2.086421e-06,0
0.5,0,26.684695,-0.0068486567,0,-12.144662,-2.0673623e-06,0
0.5,0,26.684699,-0.0068526577,0,-12.135434,-2.0432732e-06,0
0.5,0,26.68471,-0.0068662849,0,-12.126205,-2.0157385e-06,0
0.5,0,26.684737,-0.0068855222,0,-12.116977,-1.9869598e-06,0
0.5,0,26.684777,-0.0069030987,0,-12.107748,-1.9590645e-06,0
0.5,0,26.684819,-0.0069133117,0,-12.09852,-1.9335018e-06,0
0.5,0,26.684843,-0.0069160561,0,-12.089292,-1.9110002e-06,0
0.5,0,26.684833,-0.0069168601,0,-12.080063,-1.8917281e-06,0
0.5,0,26.684791,-0.0069225393,0,-12.070835,-1.8754102e-06,0
0.5,0,26.684745,-0.0069353751,0,-12.061606,-1.8613473e-06,0
0.5,0,26.684729,-0.0069528798,0,-12.052378,-1.848399e-06,0
0.5,0,26.684756,-0.0069708536,0,-12.043149,-1.8354728e-06,0
0.5,0,26.684807,-0.0069853009,0,-12.033921,-1.8219925e-06,0
0.5,0,26.684858,-0.0069947127,0,-12.024692,-1.8080299e-06,0
0.5,0,26.684892,-0.0070006918,0,-12.015464,-1.7942222e-06,0
0.5,0,26.684905,-0.0070062213,0,-12.006235,-1.7815116e-06,0
0.5,0,26.684899,-0.0070140466,0,-11.997007,-1.7708014e-06,0
0.5,0,26.684869,-0.0070257751,0,-11.987778,-1.7626949e-06,0
0.5,0,26.684814,-0.007041297,0,-11.97855,-1.7573706e-06,0
0.5,0,26.684743,-0.0070583061,0,-11.969321,-1.7545354e-06,0
0.5,0,26.684677,-0.0070727801,0,-11.960093,-1.7533868e-06,0
0.5,0,26.684653,-0.007080622,0,-11.950865,-1.7526256e-06,0
0.5,0,26.684706,-0.0070800264,0,-11.941636,-1.7505582e-06,0
0.5,0,26.684853,-0.007073107,0,-11.932408,-1.7454447e-06,0
0.5,0,26.685079,-0.0070653418,0,-11.923179,-1.736086e-06,0
0.5,0,26.685352,-0.0070636233,0,-11.913951,-1.7223397e-06,0
0.5,0,26.685633,-0.0070731325,0,-11.904722,-1.7052517e-06,0
0.5,0,26.685897,-0.0070938711,0,-11.895494,-1.6865833e-06,0
0.5,0,26.68613,-0.0071196224,0,-11.886265,-1.6678715e-06,0
0.5,0,26.686336,-0.0071413384,0,-11.877037,-1.6495196e-06,0
0.5,0,26.686512,-0.0071548829,0,-11.867808,-1.6306286e-06,0
0.5,0,26.686682,-0.0071673734,0,-11.85858,-1.6099895e-06,0
0.5,0,26.68685,-0.0071962886,0,-11.849351,-1.5877999e-06,0
0.5,0,26.68701,-0.0072564734,0,-11.840123,-1.5665707e-06,0
0.5,0,26.687302,-0.0073344303,0,-11.830894,-1.5494397e-06,0
0.5,0,26.687197,-0.0073936196,0,-11.821666,-1.5361802e-06,0
0.5,0,26.687069,-0.007378075,0,-11.812437,-1.5201188e-06,0
0.5,0,26.685342,-0.007266139,0,-11.803209,-1.4972593e-06,0
0.5,0,26.683958,-0.0071938945,0,-11.793981,-1.4739412e-06,0
0.5,0,26.684772,-0.0071951293,0,-11.784752,-1.4556839e-06,0
0.5,0,26.685247,-0.0071811475,0,-11.775524,-1.4411674e-06,0
0.5,0,26.685589,-0.007161134,0,-11.766295,-1.4277802e-06,0
0.5,0,26.685935,-0.0071401389,0,-11.757067,-1.4134028e-06,0
0.5,0,26.685747,-0.0071299057,0,-11.747838,-1.3959776e-06,0
0.5,0,26.685931,-0.0070980453,0,-11.73861,-1.3734678e-06,0
0.5,0,26.686172,-0.0070122154,0,-11.729381,-1.3466565e-06,0
0.5,0,26.685873,-0.0069383956,0,-11.720153,-1.3175248e-06,0
0.5,0,26.685812,-0.006902279,0,-11.710924,-1.2856967e-06,0
0.5,0,26.685566,-0.0068803147,0,-11.701696,-1.2506668e-06,0
0.5,0,26.685238,-0.0068740771,0,-11.692467,-1.212104e-06,0
0.5,0,26.68493,-0.0068815288,0,-11.683239,-1.1695855e-06,0
0.5,0,26.68472,-0.0068941785,0,-11.67401,-1.123263e-06,0
0.5,0,26.684637,-0.0069074045,0,-11.664782,-1.07416e-06,0
0.5,0,26.684619,-0.0069219461,0,-11.655554,-1.0238471e-06,0
0.5,0,26.684582,-0.0069401638,0,-11.646325,-9.7397872e-07,0
0.5,0,26.684489,-0.0069619399,0,-11.637097,-9.2604841e-07,0
0.5,0,26.684336,-0.0069839004,0,-11.627868,-8.8126739e-07,0
0.5,0,26.684125,-0.0070017853,0,-11.61864,-8.4037135e-07,0
0.5,0,26.683873,-0.0070135315,0,-11.609411,-8.0344799e-07,0
0.5,0,26.683617,-0.0070206624,0,-11.600183,-7.7001432e-07,0
0.5,0,26.683391,-0.0070267155,0,-11.590954,-7.393409e-07,0
0.5,0,26.683208,-0.0070338426,0,-11.581726,-7.1075236e-07,0
0.5,0,26.683066,-0.00704095,0,-11.572497,-6.837105e-07,0
0.5,0,26.68296,-0.0070452387,0,-11.563269,-6.5781408e-07,0
0.5,0,26.682895,-0.0070453039,0,-11.55404,-6.329178e-07,0
0.5,0,26.682899,-0.0070430413,0,-11.544812,-6.0932763e-07,0
0.5,0,26.683012,-0.0070432698,0,-11.535583,-5.8785233e-07,0
0.5,0,26.683251,-0.0070504928,0,-11.526355,-5.6955981e-07,0
0.5,0,26.683571,-0.007064301,0,-11.517127,-5.5523666e-07,0
0.5,0,26.683876,-0.0070782691,0,-11.507898,-5.4479132e-07,0
0.5,0,26.684048,-0.0070853944,0,-11.49867,-5.3716453e-07,0
0.5,0,26.684008,-0.0070848013,0,-11.489441,-5.3108994e-07,0
0.5,0,26.683772,-0.0070810293,0,-11.480213,-5.262261e-07,0
0.5,0,26.683419,-0.00707826,0,-11.470984,-5.2366745e-07,0
0.5,0,26.683032,-0.0070776164,0,-11.461756,-5.2543993e-07,0
0.5,0,26.682665,-0.0070792305,0,-11.452527,-5.3354644e-07,0
0.5,0,26.682332,-0.0070839602,0,-11.443299,-5.4926507e-07,0
0.5,0,26.682027,-0.007091928,0,-11.43407,-5.7291535e-07,0
0.5,0,26.681772,-0.0071007946,0,-11.424842,-6.0389708e-07,0
0.5,0,26.6816,-0.0071054127,0,-11.415613,-6.4077907e-07,0
0.5,0,26.681525,-0.0070986231,0,-11.406385,-6.8130255e-07,0
0.5,0,26.68152,-0.0070767095,0,-11.397156,-7.2248911e-07,0
0.5,0,26.681566,-0.0070472716,0,-11.387928,-7.6138303e-07,0
0.5,0,26.681641,-0.0070270492,0,-11.3787,-7.9634369e-07,0
0.5,0,26.681737,-0.0070261408,0,-11.369471,-8.2757157e-07,0
0.5,0,26.681869,-0.0070351731,0,-11.360243,-8.5594884e-07,0
0.5,0,26.681987,-0.0070361223,0,-11.351014,-8.8158264e-07,0
0.5,0,26.682031,-0.0070260784,0,-11.341786,-9.0426939e-07,0
0.5,0,26.682009,-0.0070200102,0,-11.332557,-9.2556177e-07,0
0.5,0,26.681968,-0.007028403,0,-11.323329,-9.4900875e-07,0
0.5,0,26.681932,-0.0070399872,0,-11.3141,-9.7676295e-07,0
0.5,0,26.681908,-0.0070368322,0,-11.304872,-1.0067406e-06,0
0.5,0,26.681921,-0.0070208374,0,-11.295643,-1.0347074e-06,0
0.5,0,26.681927,-0.0070076425,0,-11.286415,-1.0585379e-06,0
0.5,0,26.68184,-0.0070067931,0,-11.277186,-1.0795978e-06,0
0.5,0,26.681778,-0.0070177622,0,-11.267958,-1.1010173e-06,0
0.5,0,26.681903,-0.0070343017,0,-11.258729,-1.1258205e-06,0
0.5,0,26.682091,-0.007051284,0,-11.249501,-1.156209e-06,0
0.5,0,26.6821,-0.0070689332,0,-11.240273,-1.193218e-06,0
0.5,0,26.681908,-0.0070919437,0,-11.231044,-1.2364821e-06,0
0.5,0,26.681652,-0.0071223649,0,-11.221816,-1.2849178e-06,0
0.5,0,26.681432,-0.0071516714,0,-11.212587,-1.3381615e-06,0
0.5,0,26.681288,-0.0071702741,0,-11.203359,-1.3966226e-06,0
0.5,0,26.68127,-0.0071846248,0,-11.19413,-1.4594763e-06,0
0.5,0,26.681432,-0.007208234,0,-11.184902,-1.5239155e-06,0
0.5,0,26.681764,-0.0072399721,0,-11.175673,-1.5875635e-06,0
0.5,0,26.682202,-0.0072674359,0,-11.166445,-1.6504235e-06,0
0.5,0,26.682662,-0.0072848362,0,-11.157216,-1.7134014e-06,0
0.5,0,26.683041,-0.0072942009,0,-11.147988,-1.7759672e-06,0
0.5,0,26.683254,-0.0072942516,0,-11.138759,-1.8360766e-06,0
0.5,0,26.683307,-0.0072788433,0,-11.129531,-1.8915429e-06,0
0.5,0,26.683292,-0.0072448672,0,-11.120302,-1.9408391e-06,0
0.5,0,26.683308,-0.0071966735,0,-11.111074,-1.9831375e-06,0
0.5,0,26.683379,-0.0071447578,0,-11.101846,-2.0182231e-06,0
0.5,0,26.683459,-0.0071023813,0,-11.092617,-2.0464236e-06,0
0.5,0,26.683486,-0.0070806471,0,-11.083389,-2.068598e-06,0
0.5,0,26.683444,-0.0070837811,0,-11.07416,-2.0862713e-06,0
0.5,0,26.683362,-0.0071086284,0,-11.064932,-2.101628e-06,0
0.5,0,26.683259,-0.0071480994,0,-11.055703,-2.1170531e-06,0
0.5,0,26.683111,-0.0071946201,0,-11.046475,-2.1344386e-06,0
0.5,0,26.682879,-0.0072415193,0,-11.037246,-2.1547459e-06,0
0.5,0,26.682561,-0.007283429,0,-11.028018,-2.1779924e-06,0
0.5,0,26.682209,-0.0073168534,0,-11.018789,-2.2034834e-06,0
0.5,0,26.681898,-0.0073402088,0,-11.009561,-2.2300508e-06,0
0.5,0,26.681682,-0.0073538008,0,-11.000332,-2.2562484e-06,0
0.5,0,26.68157,-0.0073595964,0,-10.991104,-2.2805844e-06,0
0.5,0,26.681523,-0.0073601798,0,-10.981875,-2.3018268e-06,0
0.5,0,26.681502,-0.0073579843,0,-10.972647,-2.3192608e-06,0
0.5,0,26.681493,-0.0073547202,0,-10.963419,-2.3326886e-06,0
0.5,0,26.68146,-0.0073514344,0,-10.95419,-2.3421896e-06,0
0.5,0,26.681328,-0.0073495464,0,-10.944962,-2.3479658e-06,0
0.5,0,26.681055,-0.0073511151,0,-10.935733,-2.3504641e-06,0
0.5,0,26.680677,-0.0073574561,0,-10.926505,-2.3505553e-06,0
0.5,0,26.680271,-0.007368831,0,-10.917276,-2.3495448e-06,0
0.5,0,26.679922,-0.0073852675,0,-10.908048,-2.3489297e-06,0
0.5,0,26.679702,-0.0074062379,0,-10.898819,-2.3498831e-06,0
0.5,0,26.679639,-0.0074298557,0,-10.889591,-2.3529594e-06,0
0.5,0,26.679698,-0.0074510156,0,-10.880362,-2.3584613e-06,0
0.5,0,26.67982,-0.0074635198,0,-10.871134,-2.3669101e-06,0
0.5,0,26.679966,-0.0074660869,0,-10.861905,-2.3788763e-06,0
0.5,0,26.680118,-0.0074630191,0,-10.852677,-2.394364e-06,0
0.5,0,26.680266,-0.0074589982,0,-10.843448,-2.4125882e-06,0
0.5,0,26.68039,-0.0074544947,0,-10.83422,-2.4324697e-06,0
0.5,0,26.680473,-0.0074468153,0,-10.824992,-2.4532703e-06,0
0.5,0,26.680508,-0.0074346932,0,-10.815763,-2.474681e-06,0
0.5,0,26.680499,-0.0074207731,0,-10.806535,-2.4964344e-06,0
0.5,0,26.680456,-0.0074105005,0,-10.797306,-2.5179743e-06,0
0.5,0,26.680401,-0.0074096514,0,-10.788078,-2.5384289e-06,0
0.5,0,26.680362,-0.0074221403,0,-10.778849,-2.5567588e-06,0
0.5,0,26.680365,-0.0074480867,0,-10.769621,-2.5719172e-06,0
0.5,0,26.680429,-0.0074829537,0,-10.760392,-2.5829929e-06,0
0.5,0,26.680556,-0.0075192892,0,-10.751164,-2.5894027e-06,0
0.5,0,26.680722,-0.0075507017,0,-10.741935,-2.5911815e-06,0
0.5,0,26.68088,-0.0075749618,0,-10.732707,-2.5892331e-06,0
0.5,0,26.680975,-0.0075934182,0,-10.723478,-2.5853612e-06,0
0.5,0,26.680966,-0.007608674,0,-10.71425,-2.5817034e-06,0
0.5,0,26.680849,-0.0076231035,0,-10.705021,-2.5798138e-06,0
0.5,0,26.680651,-0.0076404116,0,-10.695793,-2.5800939e-06,0
0.5,0,26.680414,-0.0076660186,0,-10.686565,-2.5818498e-06,0
0.5,0,26.68018,-0.0077027924,0,-10.677336,-2.5836454e-06,0
0.5,0,26.67997,-0.0077463954,0,-10.668108,-2.5835603e-06,0
0.5,0,26.679826,-0.0077873131,0,-10.658879,-2.5792121e-06,0
0.5,0,26.679647,-0.0078232669,0,-10.649651,-2.5684356e-06,0
0.5,0,26.679587,-0.0078532559,0,-10.640422,-2.5507322e-06,0
0.5,0,26.678922,-0.0078900421,0,-10.631194,-2.5279547e-06,0
0.5,0,26.679645,-0.0079707046,0,-10.621965,-2.5038032e-06,0
0.5,0,26.680465,-0.0080000653,0,-10.612737,-2.4782435e-06,0
0.5,0,26.679703,-0.0079449944,0,-10.603508,-2.4495417e-06,0
0.5,0,26.679583,-0.0078993122,0,-10.59428,-2.4196637e-06,0
0.5,0,26.679474,-0.0078634437,0,-10.585051,-2.3908681e-06,0
0.5,0,26.679299,-0.0078244276,0,-10.575823,-2.3647188e-06,0
0.5,0,26.679204,-0.0077793823,0,-10.566594,-2.3425725e-06,0
0.5,0,26.679168,-0.007727589,0,-10.557366,-2.3251706e-06,0
0.5,0,26.679169,-0.0076705438,0,-10.548138,-2.3125377e-06,0
0.5,0,26.679212,-0.0076130673,0,-10.538909,-2.3039458e-06,0
0.5,0,26.679327,-0.0075621759,0,-10.529681,-2.2978059e-06,0
0.5,0,26.679539,-0.007523747,0,-10.520452,-2.2919707e-06,0
0.5,0,26.679842,-0.0075007202,0,-10.511224,-2.2845524e-06,0
0.5,0,26.680204,-0.007493188,0,-10.501995,-2.2748171e-06,0
0.5,0,26.680584,-0.0074976701,0,-10.492767,-2.2637333e-06,0
0.5,0,26.680941,-0.0075065106,0,-10.483538,-2.2539041e-06,0
0.5,0,26.681217,-0.0075100192,0,-10.47431,-2.2487758e-06,0
0.5,0,26.68134,-0.0075011155,0,-10.465081,-2.2514313e-06,0
0.5,0,26.681238,-0.0074786667,0,-10.455853,-2.2635791e-06,0
0.5,0,26.680876,-0.0074473308,0,-10.446624,-2.2850895e-06,0
0.5,0,26.680291,-0.0074146122,0,-10.437396,-2.3139162e-06,0
0.5,0,26.679592,-0.0073872229,0,-10.428167,-2.3462354e-06,0
0.5,0,26.678917,-0.0073693671,0,-10.418939,-2.3769653e-06,0
0.5,0,26.678378,-0.0073631396,0,-10.409711,-2.4008645e-06,0
0.5,0,26.678011,-0.0073695205,0,-10.400482,-2.413993e-06,0
0.5,0,26.677783,-0.0073886171,0,-10.391254,-2.4148572e-06,0
0.5,0,26.677621,-0.0074190254,0,-10.382025,-2.4046705e-06,0
0.5,0,26.677463,-0.0074577551,0,-10.372797,-2.3867306e-06,0
0.5,0,26.677303,-0.0075011055,0,-10.363568,-2.365373e-06,0
0.5,0,26.677177,-0.007545038,0,-10.35434,-2.344972e-06,0
0.5,0,26.677114,-0.0075848914,0,-10.345111,-2.3291666e-06,0
0.5,0,26.677102,-0.0076158326,0,-10.335883,-2.3203254e-06,0
0.5,0,26.677104,-0.0076337789,0,-10.326654,-2.319296e-06,0
0.5,0,26.677085,-0.007638167,0,-10.317426,-2.3255303e-06,0
0.5,0,26.67703,-0.0076327468,0,-10.308197,-2.3374958e-06,0
0.5,0,26.676963,-0.0076234216,0,-10.298969,-2.353215e-06,0
0.5,0,26.676918,-0.0076158066,0,-10.28974,-2.3707261e-06,0
0.5,0,26.676902,-0.007611342,0,-10.280512,-2.3883912e-06,0
0.5,0,26.67689,-0.0076050971,0,-10.271284,-2.4050429e-06,0
0.5,0,26.676866,-0.0075870046,0,-10.262055,-2.4198694e-06,0
0.5,0,26.676836,-0.0075462787,0,-10.252827,-2.4321766e-06,0
0.5,0,26.676816,-0.0074776169,0,-10.243598,-2.4412549e-06,0
0.5,0,26.676814,-0.0073859892,0,-10.23437,-2.4465133e-06,0
0.5,0,26.676821,-0.0072861763,0,-10.225141,-2.4477373e-06,0
0.5,0,26.676818,-0.0071965195,0,-10.215913,-2.445018e-06,0
0.5,0,26.676793,-0.0071286569,0,-10.206684,-2.4380479e-06,0
0.5,0,26.676742,-0.0070819602,0,-10.197456,-2.4248767e-06,0
0.5,0,26.67667,-0.0070472299,0,-10.188227,-2.4010366e-06,0
0.5,0,26.676582,-0.0070159357,0,-10.178999,-2.3601749e-06,0
0.5,0,26.676492,-0.0069886982,0,-10.16977,-2.2962814e-06,0
0.5,0,26.676427,-0.0069744585,0,-10.160542,-2.2064368e-06,0
0.5,0,26.676409,-0.0069814096,0,-10.151313,-2.092466e-06,0
0.5,0,26.676433,-0.0070081306,0,-10.142085,-1.9605986e-06,0
0.5,0,26.676465,-0.0070426828,0,-10.132857,-1.8196063e-06,0
0.5,0,26.676461,-0.007070455,0,-10.123628,-1.6786207e-06,0
0.5,0,26.676398,-0.0070850309,0,-10.1144,-1.5456402e-06,0
0.5,0,26.676295,-0.0070937747,0,-10.105171,-1.4270059e-06,0
0.5,0,26.676193,-0.0071104133,0,-10.095943,-1.3271218e-06,0
0.5,0,26.676134,-0.0071360237,0,-10.086714,-1.2469877e-06,0
0.5,0,26.676146,-0.0071476387,0,-10.077486,-1.1812338e-06,0
0.5,0,26.676251,-0.0071153842,0,-10.068257,-1.1163158e-06,0
0.5,0,26.676503,-0.0070374559,0,-10.059029,-1.033469e-06,0
0.5,0,26.677029,-0.006952391,0,-10.0498,-9.1573072e-07,0
0.5,0,26.678117,-0.0069163059,0,-10.040572,-7.5365249e-07,0
0.5,0,26.680347,-0.0069784096,0,-10.031343,-5.4550786e-07,0
0.5,0,26.684655,-0.0071734908,0,-10.022115,-2.9107e-07,0
0.5,0,26.691369,-0.0073659337,0,-10.013328,-2.5804012e-15,0
0.5,0,26.754424,-0.0062162027,0,-9.5976055,-3.3727961e-07,0
0.5,0,26.754786,-0.0060573758,0,-9.6028248,-2.5804012e-15,0
0.5,0,26.751646,-0.0065002731,0,-9.588377,-9.5439694e-07,0
0.5,0,26.74688,-0.0067123733,0,-9.5791485,-1.5780192e-06,0
0.5,0,26.740644,-0.0068762253,0,-9.5699201,-2.191495e-06,0
0.5,0,26.733733,-0.0069910005,0,-9.5606916,-2.7861741e-06,0
0.5,0,26.726949,-0.0070759379,0,-9.5514631,-3.3588486e-06,0
0.5,0,26.720853,-0.0071489549,0,-9.5422347,-3.9092226e-06,0
0.5,0,26.715685,-0.007211659,0,-9.5330062,-4.4394406e-06,0
0.5,0,26.71144,-0.0072513644,0,-9.5237777,-4.9522073e-06,0
0.5,0,26.708027,-0.0072573529,0,-9.5145493,-5.4482529e-06,0
0.5,0,26.705342,-0.0072463812,0,-9.5053208,-5.9246588e-06,0
0.5,0,26.7033,-0.0072642108,0,-9.4960923,-6.3751675e-06,0
0.5,0,26.701799,-0.0073499015,0,-9.4868639,-6.7928087e-06,0
0.5,0,26.70067,-0.0074994725,0,-9.4776354,-7.1731889e-06,0
0.5,0,26.700172,-0.007655783,0,-9.4684069,-7.5157607e-06,0
0.5,0,26.699091,-0.007766981,0,-9.4591785,-7.8219032e-06,0
0.5,0,26.698514,-0.0077453938,0,-9.44995,-8.0899765e-06,0
0.5,0,26.696298,-0.0075537716,0,-9.4407215,-8.3241393e-06,0
0.5,0,26.693876,-0.0074124347,0,-9.4314931,-8.5375149e-06,0
0.5,0,26.694162,-0.0073844545,0,-9.4222646,-8.735291e-06,0
0.5,0,26.694081,-0.0073538369,0,-9.4130361,-8.9114114e-06,0
0.5,0,26.694037,-0.0073424591,0,-9.4038077,-9.0564128e-06,0
0.5,0,26.694029,-0.0073669278,0,-9.3945792,-9.1609823e-06,0
0.5,0,26.693969,-0.0074141665,0,-9.3853507,-9.2184334e-06,0
0.5,0,26.693966,-0.0074635561,0,-9.3761223,-9.2281627e-06,0
0.5,0,26.693979,-0.0074992095,0,-9.3668938,-9.1958862e-06,0
0.5,0,26.693906,-0.0075244052,0,-9.3576653,-9.1301532e-06,0
0.5,0,26.693707,-0.0075596289,0,-9.3484369,-9.0386661e-06,0
0.5,0,26.693409,-0.0076274181,0,-9.3392084,-8.9269227e-06,0
0.5,0,26.693056,-0.0077377421,0,-9.3299799,-8.7987783e-06,0
0.5,0,26.692628,-0.0078799693,0,-9.3207515,-8.6572409e-06,0
0.5,0,26.691987,-0.0080244041,0,-9.311523,-8.5044405e-06,0
0.5,0,26.690902,-0.0081352224,0,-9.3022945,-8.3408593e-06,0
0.5,0,26.689201,-0.0081883942,0,-9.2930661,-8.1648177e-06,0
0.5,0,26.686961,-0.0081835698,0,-9.2838376,-7.9732868e-06,0
0.5,0,26.684603,-0.008144684,0,-9.2746091,-7.763927e-06,0
0.5,0,26.682762,-0.0081072124,0,-9.2653807,-7.5367603e-06,0
0.5,0,26.681988,-0.0081014104,0,-9.2561522,-7.2943392e-06,0
0.5,0,26.682471,-0.0081432086,0,-9.2469237,-7.040708e-06,0
0.5,0,26.68397,-0.0082331294,0,-9.2376953,-6.7799701e-06,0
0.5,0,26.685994,-0.0083611279,0,-9.2284668,-6.5152701e-06,0
0.5,0,26.688102,-0.0085107877,0,-9.2192383,-6.2484104e-06,0
0.5,0,26.690123,-0.0086600312,0,-9.2100099,-5.9796419e-06,0
0.5,0,26.692212,-0.0087819056,0,-9.2007814,-5.7070246e-06,0
0.5,0,26.694722,-0.0088512578,0,-9.1915529,-5.4256634e-06,0
0.5,0,26.698025,-0.0088580092,0,-9.1823245,-5.1282001e-06,0
0.5,0,26.702153,-0.0088238036,0,-9.173096,-4.8076456e-06,0
0.5,0,26.707094,-0.0087946135,0,-9.1638675,-4.4615562e-06,0
0.5,0,26.711889,-0.0088320563,0,-9.1546391,-4.0951903e-06,0
0.5,0,26.716809,-0.008933669,0,-9.1454106,-3.7195316e-06,0
0.5,0,26.721556,-0.0090152754,0,-9.1361821,-3.3401846e-06,0
0.5,0,26.725232,-0.0090585283,0,-9.1269537,-2.9578734e-06,0
0.5,0,26.728494,-0.0090892473,0,-9.1177252,-2.5751429e-06,0
0.5,0,26.731287,-0.009097336,0,-9.1084967,-2.1936292e-06,0
0.5,0,26.733981,-0.0090754047,0,-9.0992683,-1.8125674e-06,0
0.5,0,26.736845,-0.0090421645,0,-9.0900398,-1.4289891e-06,0
0.5,0,26.739631,-0.0090228857,0,-9.0808113,-1.03967e-06,0
0.5,0,26.742089,-0.0090271247,0,-9.0715829,-6.3977904e-07,0
0.5,0,26.744136,-0.0091039134,0,-9.0623544,-2.2137154e-07,0
0.5,0,26.744892,-0.0090997156,0,-9.0576238,-2.5804012e-15,0
0.5,0,26.687143,-0.0057965311,0,-8.8500997,-1.9286863e-07,0
0.5,0,26.688336,-0.0054367955,0,-8.8573177,-2.5804012e-15,0
0.5,0,26.687192,-0.0062399873,0,-8.8408712,-4.4230019e-07,0
0.5,0,26.687245,-0.0065899695,0,-8.8316427,-6.6919201e-07,0
0.5,0,26.688461,-0.0069750205,0,-8.8224143,-8.4939735e-07,0
0.5,0,26.690284,-0.0073977552,0,-8.8131858,-9.6539121e-07,0
0.5,0,26.692539,-0.0078030714,0,-8.8039573,-1.0107775e-06,0
0.5,0,26.695075,-0.0081297583,0,-8.7947289,-9.8957151e-07,0
0.5,0,26.697581,-0.0083385274,0,-8.7855004,-9.1072756e-07,0
0.5,0,26.699779,-0.0084194987,0,-8.7762719,-7.8468067e-07,0
0.5,0,26.701543,-0.0083821837,0,-8.7670435,-6.2501288e-07,0
0.5,0,26.702866,-0.0082475719,0,-8.757815,-4.5136561e-07,0
0.5,0,26.703832,-0.0080462435,0,-8.7485865,-2.8763671e-07,0
0.5,0,26.704619,-0.0078170038,0,-8.7393581,-1.5465729e-07,0
0.5,0,26.705421,-0.007607502,0,-8.7301296,-6.2487108e-08,0
0.5,0,26.706315,-0.0074457813,0,-8.7209011,-8.1419646e-09,0
0.5,0,26.70659,-0.0074054217,0,-8.7181514,-2.5804012e-15,0
0.5,0,26.71127,-0.0069139367,0,-8.6747588,-7.2400424e-10,0
0.5,0,26.711224,-0.0069153887,0,-8.67508,-2.5804012e-15,0
0.5,0,26.71308,-0.0069245656,0,-8.6655303,-3.1275233e-08,0
0.5,0,26.715267,-0.0069828677,0,-8.6563019,-6.7548002e-08,0
0.5,0,26.717571,-0.0070913238,0,-8.6470734,-1.0288141e-07,0
0.5,0,26.719734,-0.0072406081,0,-8.6378449,-1.2688451e-07,0
0.5,0,26.721596,-0.007413568,0,-8.6286165,-1.2550516e-07,0
0.5,0,26.723078,-0.0076124242,0,-8.619388,-8.7001347e-08,0
0.5,0,26.724187,-0.0078121134,0,-8.6101595,-1.0234739e-08,0
0.5,0,26.724259,-0.0078180309,0,-8.6092534,-2.5804012e-15,0
0.5,0,26.691466,-0.0057427108,0,-8.4625041,-6.2920063e-08,0
0.5,0,26.693317,-0.005673192,0,-8.4663811,-2.5804012e-15,0
0.5,0,26.68797,-0.0059552654,0,-8.4532756,-2.4149947e-07,0
0.5,0,26.685535,-0.006139555,0,-8.4440471,-4.3130644e-07,0
0.5,0,26.683951,-0.0063344133,0,-8.4348187,-6.1447402e-07,0
0.5,0,26.682965,-0.0065655544,0,-8.4255902,-7.7623601e-07,0
0.5,0,26.682379,-0.0068236957,0,-8.4163617,-9.0636322e-07,0
0.5,0,26.682052,-0.0070713738,0,-8.4071333,-1.0014556e-06,0
0.5,0,26.681879,-0.0072606387,0,-8.3979048,-1.0658563e-06,0
0.5,0,26.681799,-0.0073586832,0,-8.3886763,-1.1093485e-06,0
0.5,0,26.681778,-0.0073639811,0,-8.3794479,-1.1429049e-06,0
0.5,0,26.681785,-0.0073031603,0,-8.3702194,-1.1752296e-06,0
0.5,0,26.681774,-0.0072143585,0,-8.3609909,-1.2117121e-06,0
0.5,0,26.681686,-0.0071303247,0,-8.3517625,-1.2551478e-06,0
0.5,0,26.681475,-0.0070693114,0,-8.342534,-1.3066445e-06,0
0.5,0,26.681127,-0.0070344706,0,-8.3333055,-1.3659942e-06,0
0.5,0,26.680666,-0.0070192268,0,-8.3240771,-1.4318776e-06,0
0.5,0,26.680148,-0.0070150459,0,-8.3148486,-1.5023661e-06,0
0.5,0,26.67964,-0.007017508,0,-8.3056201,-1.5757246e-06,0
0.5,0,26.679192,-0.0070274146,0,-8.2963917,-1.6511531e-06,0
0.5,0,26.678842,-0.0070427217,0,-8.2871632,-1.7290579e-06,0
0.5,0,26.678556,-0.007053906,0,-8.2779347,-1.8103889e-06,0
0.5,0,26.678408,-0.0070482767,0,-8.2687062,-1.8951931e-06,0
0.5,0,26.678286,-0.0070328491,0,-8.2594778,-1.9827889e-06,0
0.5,0,26.678139,-0.0070273842,0,-8.2502493,-2.0728066e-06,0
0.5,0,26.678049,-0.0070268973,0,-8.2410208,-2.1646028e-06,0
0.5,0,26.677929,-0.0070209714,0,-8.2317924,-2.2567346e-06,0
0.5,0,26.677863,-0.0070125477,0,-8.2225639,-2.3473205e-06,0
0.5,0,26.677901,-0.0070057078,0,-8.2133354,-2.4344406e-06,0
0.5,0,26.678003,-0.0070144766,0,-8.204107,-2.517037e-06,0
0.5,0,26.678085,-0.0070590779,0,-8.1948785,-2.5967732e-06,0
0.5,0,26.678077,-0.0071247876,0,-8.18565,-2.6772612e-06,0
0.5,0,26.678013,-0.0071346509,0,-8.1764216,-2.7562417e-06,0
0.5,0,26.677892,-0.0070791143,0,-8.1671931,-2.8246912e-06,0
0.5,0,26.677913,-0.0070468421,0,-8.1579646,-2.8808404e-06,0
0.5,0,26.678047,-0.0070516795,0,-8.1487362,-2.9340946e-06,0
0.5,0,26.677993,-0.0070451439,0,-8.1395077,-2.9917891e-06,0
0.5,0,26.677901,-0.0070191493,0,-8.1302792,-3.0519602e-06,0
0.5,0,26.678043,-0.0070034881,0,-8.1210508,-3.1082308e-06,0
0.5,0,26.678324,-0.0070016202,0,-8.1118223,-3.1575677e-06,0
0.5,0,26.678476,-0.0069880344,0,-8.1025938,-3.202699e-06,0
0.5,0,26.678462,-0.0069703014,0,-8.0933654,-3.245945e-06,0
0.5,0,26.678338,-0.0069697466,0,-8.0841369,-3.2852978e-06,0
0.5,0,26.678153,-0.0069790447,0,-8.0749084,-3.3184085e-06,0
0.5,0,26.677936,-0.0069821665,0,-8.06568,-3.3455915e-06,0
0.5,0,26.677707,-0.0069796627,0,-8.0564515,-3.3681507e-06,0
0.5,0,26.677495,-0.006979982,0,-8.047223,-3.3865324e-06,0
0.5,0,26.677316,-0.0069853732,0,-8.0379946,-3.4004414e-06,0
0.5,0,26.677174,-0.0069919593,0,-8.0287661,-3.4095009e-06,0
0.5,0,26.677068,-0.0069954492,0,-8.0195376,-3.4133415e-06,0
0.5,0,26.676996,-0.0069941773,0,-8.0103092,-3.4114181e-06,0
0.5,0,26.676955,-0.0069890027,0,-8.0010807,-3.4030157e-06,0
0.5,0,26.676932,-0.0069822651,0,-7.9918522,-3.3874838e-06,0
0.5,0,26.676912,-0.0069772001,0,-7.9826238,-3.3645204e-06,0
0.5,0,26.676878,-0.0069768306,0,-7.9733953,-3.3342988e-06,0
0.5,0,26.67683,-0.006982722,0,-7.9641668,-3.2974253e-06,0
0.5,0,26.676789,-0.0069944219,0,-7.9549384,-3.2547793e-06,0
0.5,0,26.676779,-0.0070098251,0,-7.9457099,-3.207305e-06,0
0.5,0,26.676798,-0.0070261024,0,-7.9364814,-3.1558297e-06,0
0.5,0,26.67682,-0.0070405396,0,-7.927253,-3.1009654e-06,0
0.5,0,26.676816,-0.0070509798,0,-7.9180245,-3.0431306e-06,0
0.5,0,26.676789,-0.0070559404,0,-7.908796,-2.9826939e-06,0
0.5,0,26.676766,-0.0070545875,0,-7.8995676,-2.9201889e-06,0
0.5,0,26.676778,-0.0070465416,0,-7.8903391,-2.856487e-06,0
0.5,0,26.676836,-0.0070315516,0,-7.8811106,-2.7928115e-06,0
0.5,0,26.676921,-0.0070094782,0,-7.8718822,-2.7305447e-06,0
0.5,0,26.677,-0.006981129,0,-7.8626537,-2.6709403e-06,0
0.5,0,26.677038,-0.0069492981,0,-7.8534252,-2.6149456e-06,0
0.5,0,26.677023,-0.0069184924,0,-7.8441968,-2.563188e-06,0
0.5,0,26.676964,-0.0068927797,0,-7.8349683,-2.5159159e-06,0
0.5,0,26.676888,-0.006874001,0,-7.8257398,-2.4728053e-06,0
0.5,0,26.676821,-0.0068619888,0,-7.8165114,-2.4327597e-06,0
0.5,0,26.676783,-0.0068574086,0,-7.8072829,-2.3940425e-06,0
0.5,0,26.676777,-0.0068617762,0,-7.7980544,-2.35486e-06,0
0.5,0,26.676795,-0.0068728956,0,-7.788826,-2.3137812e-06,0
0.5,0,26.676825,-0.0068844924,0,-7.7795975,-2.269513e-06,0
0.5,0,26.67686,-0.0068906996,0,-7.770369,-2.2208987e-06,0
0.5,0,26.676893,-0.0068893308,0,-7.7611406,-2.1677845e-06,0
0.5,0,26.676922,-0.0068808111,0,-7.7519121,-2.1117882e-06,0
0.5,0,26.676948,-0.0068657827,0,-7.7426836,-2.0556641e-06,0
0.5,0,26.676974,-0.0068452766,0,-7.7334552,-2.0020617e-06,0
0.5,0,26.676995,-0.0068209361,0,-7.7242267,-1.953126e-06,0
0.5,0,26.677007,-0.0067931959,0,-7.7149982,-1.9102757e-06,0
0.5,0,26.676996,-0.0067608496,0,-7.7057698,-1.8735391e-06,0
0.5,0,26.676952,-0.0067251263,0,-7.6965413,-1.841114e-06,0
0.5,0,26.676858,-0.0066936961,0,-7.6873128,-1.8100878e-06,0
0.5,0,26.67672,-0.0066754003,0,-7.6780844,-1.778017e-06,0
0.5,0,26.676573,-0.0066714156,0,-7.6688559,-1.7435181e-06,0
0.5,0,26.676452,-0.006676941,0,-7.6596274,-1.705778e-06,0
0.5,0,26.676416,-0.006686682,0,-7.650399,-1.6647191e-06,0
0.5,0,26.676499,-0.0066965724,0,-7.6411705,-1.6215858e-06,0
0.5,0,26.676691,-0.0067046463,0,-7.631942,-1.5786537e-06,0
0.5,0,26.676943,-0.0067078456,0,-7.6227136,-1.538496e-06,0
0.5,0,26.677196,-0.0067004845,0,-7.6134851,-1.5036751e-06,0
0.5,0,26.67741,-0.0066800219,0,-7.6042566,-1.4762426e-06,0
0.5,0,26.677568,-0.0066501575,0,-7.5950282,-1.4568786e-06,0
0.5,0,26.677675,-0.0066170785,0,-7.5857997,-1.4446339e-06,0
0.5,0,26.677737,-0.0065872324,0,-7.5765712,-1.4374592e-06,0
0.5,0,26.677759,-0.0065640767,0,-7.5673428,-1.4324793e-06,0
0.5,0,26.677743,-0.0065486368,0,-7.5581143,-1.4275306e-06,0
0.5,0,26.677694,-0.0065460314,0,-7.5488858,-1.4220349e-06,0
0.5,0,26.677632,-0.0065563272,0,-7.5396574,-1.4157281e-06,0
0.5,0,26.67758,-0.0065706541,0,-7.5304289,-1.4090191e-06,0
0.5,0,26.677555,-0.0065812286,0,-7.5212004,-1.4033026e-06,0
0.5,0,26.677557,-0.0065880377,0,-7.511972,-1.3997243e-06,0
0.5,0,26.677572,-0.0065860272,0,-7.5027435,-1.3994032e-06,0
0.5,0,26.677588,-0.0065805357,0,-7.493515,-1.4014962e-06,0
0.5,0,26.677594,-0.0065782848,0,-7.4842866,-1.40439e-06,0
0.5,0,26.677586,-0.0065786342,0,-7.4750581,-1.4072207e-06,0
0.5,0,26.677565,-0.0065880393,0,-7.4658296,-1.4088252e-06,0
0.5,0,26.677537,-0.0066064504,0,-7.4566012,-1.4091183e-06,0
0.5,0,26.677506,-0.0066312912,0,-7.4473727,-1.4087075e-06,0
0.5,0,26.677479,-0.0066569506,0,-7.4381442,-1.4083841e-06,0
0.5,0,26.677453,-0.0066767541,0,-7.4289158,-1.4085447e-06,0
0.5,0,26.677425,-0.006686613,0,-7.4196873,-1.4090325e-06,0
0.5,0,26.677397,-0.0066882495,0,-7.4104588,-1.4094787e-06,0
0.5,0,26.677378,-0.0066874144,0,-7.4012304,-1.4100226e-06,0
0.5,0,26.677375,-0.0066897261,0,-7.3920019,-1.4116948e-06,0
0.5,0,26.677391,-0.0066964986,0,-7.3827734,-1.415936e-06,0
0.5,0,26.677416,-0.0067023266,0,-7.373545,-1.4236842e-06,0
0.5,0,26.677439,-0.0066982406,0,-7.3643165,-1.4344046e-06,0
0.5,0,26.677451,-0.0066773126,0,-7.355088,-1.4458688e-06,0
0.5,0,26.677449,-0.0066399152,0,-7.3458596,-1.4548672e-06,0
0.5,0,26.677436,-0.0065948178,0,-7.3366311,-1.4585034e-06,0
0.5,0,26.677411,-0.0065550908,0,-7.3274026,-1.4552563e-06,0
0.5,0,26.677374,-0.006530542,0,-7.3181742,-1.4451732e-06,0
0.5,0,26.677327,-0.0065231698,0,-7.3089457,-1.4291377e-06,0
0.5,0,26.677275,-0.0065297547,0,-7.2997172,-1.4080129e-06,0
0.5,0,26.677231,-0.0065487191,0,-7.2904888,-1.3826458e-06,0
0.5,0,26.677216,-0.0065839536,0,-7.2812603,-1.3547377e-06,0
0.5,0,26.677258,-0.0066392913,0,-7.2720318,-1.3274635e-06,0
0.5,0,26.677391,-0.0067072036,0,-7.2628034,-1.3044953e-06,0
0.5,0,26.677628,-0.0067629984,0,-7.2535749,-1.2873574e-06,0
0.5,0,26.677931,-0.0067740763,0,-7.2443464,-1.2728572e-06,0
0.5,0,26.678225,-0.0067217644,0,-7.235118,-1.2530329e-06,0
0.5,0,26.678456,-0.0066182284,0,-7.2258895,-1.2185036e-06,0
0.5,0,26.678629,-0.0064984601,0,-7.216661,-1.1629908e-06,0
0.5,0,26.678794,-0.0063918873,0,-7.2074326,-1.0850278e-06,0
0.5,0,26.679003,-0.0063078035,0,-7.1982041,-9.858483e-07,0
0.5,0,26.679312,-0.0062531743,0,-7.1889756,-8.6723553e-07,0
0.5,0,26.679806,-0.0062506152,0,-7.1797472,-7.3200186e-07,0
0.5,0,26.680646,-0.0063298816,0,-7.1705187,-5.8514767e-07,0
0.5,0,26.68221,-0.0065102123,0,-7.1612902,-4.3249851e-07,0
0.5,0,26.68517,-0.0067869825,0,-7.1520618,-2.7446998e-07,0
0.5,0,26.690213,-0.0071247007,0,-7.1428333,-9.993204e-08,0
0.5,0,26.693572,-0.0072193276,0,-7.1384975,-2.5804012e-15,0
0.5,0,26.749693,-0.0047834819,0,-6.4968406,-4.8109279e-07,0
0.5,0,26.754767,-0.0044884585,0,-6.5036666,-2.5804012e-15,0
0.5,0,26.740089,-0.0051816253,0,-6.4876122,-1.1570626e-06,0
0.5,0,26.729329,-0.0055118701,0,-6.4783837,-1.8411566e-06,0
0.5,0,26.719153,-0.0058158128,0,-6.4691552,-2.5162529e-06,0
0.5,0,26.710948,-0.0060863391,0,-6.4599268,-3.1746219e-06,0
0.5,0,26.705299,-0.0063258807,0,-6.4506983,-3.8137957e-06,0
0.5,0,26.701975,-0.0065274168,0,-6.4414698,-4.4344267e-06,0
0.5,0,26.700287,-0.0066753708,0,-6.4322414,-5.0398638e-06,0
0.5,0,26.699509,-0.0067628773,0,-6.4230129,-5.6350474e-06,0
0.5,0,26.699144,-0.0068074323,0,-6.4137844,-6.2239442e-06,0
0.5,0,26.698974,-0.0068462936,0,-6.404556,-6.8064628e-06,0
0.5,0,26.698965,-0.006908832,0,-6.3953275,-7.3779177e-06,0
0.5,0,26.699148,-0.0069926221,0,-6.386099,-7.9324988e-06,0
0.5,0,26.699574,-0.0070687401,0,-6.3768706,-8.467854e-06,0
0.5,0,26.700249,-0.0071083682,0,-6.3676421,-8.9866944e-06,0
0.5,0,26.701032,-0.0071029347,0,-6.3584136,-9.494614e-06,0
0.5,0,26.701613,-0.0070641897,0,-6.3491852,-9.9966501e-06,0
0.5,0,26.701639,-0.0070129818,0,-6.3399567,-1.0495039e-05,0
0.5,0,26.70087,-0.0069702568,0,-6.3307282,-1.0988634e-05,0
0.5,0,26.69929,-0.0069531329,0,-6.3214998,-1.1473191e-05,0
0.5,0,26.697109,-0.0069718905,0,-6.3122713,-1.1942101e-05,0
0.5,0,26.694688,-0.0070255481,0,-6.3030428,-1.2387703e-05,0
0.5,0,26.692417,-0.0071007142,0,-6.2938144,-1.2803266e-05,0
0.5,0,26.69059,-0.0071780391,0,-6.2845859,-1.3184776e-05,0
0.5,0,26.689331,-0.0072429838,0,-6.2753574,-1.3531132e-05,0
0.5,0,26.6886,-0.0072938223,0,-6.266129,-1.3842762e-05,0
0.5,0,26.688257,-0.0073410236,0,-6.2569005,-1.4119775e-05,0
0.5,0,26.688139,-0.0074001675,0,-6.247672,-1.4360802e-05,0
0.5,0,26.688121,-0.0074839433,0,-6.2384436,-1.4562951e-05,0
0.5,0,26.688136,-0.0075959318,0,-6.2292151,-1.4722341e-05,0
0.5,0,26.688172,-0.0077282947,0,-6.2199866,-1.4834515e-05,0
0.5,0,26.688248,-0.0078670286,0,-6.2107582,-1.4894947e-05,0
0.5,0,26.6884,-0.0080008983,0,-6.2015297,-1.49004e-05,0
0.5,0,26.688635,-0.0081236492,0,-6.1923012,-1.4850611e-05,0
0.5,0,26.688931,-0.0082305953,0,-6.1830728,-1.4748689e-05,0
0.5,0,26.689252,-0.0083195565,0,-6.1738443,-1.4599777e-05,0
0.5,0,26.689479,-0.0083951803,0,-6.1646158,-1.4409132e-05,0
0.5,0,26.689457,-0.0084673029,0,-6.1553874,-1.4180856e-05,0
0.5,0,26.689148,-0.0085447365,0,-6.1461589,-1.3917592e-05,0
0.5,0,26.688651,-0.0086319741,0,-6.1369304,-1.3620943e-05,0
0.5,0,26.688116,-0.0087287099,0,-6.127702,-1.3292279e-05,0
0.5,0,26.687655,-0.0088290167,0,-6.1184735,-1.2933681e-05,0
0.5,0,26.687319,-0.008920236,0,-6.109245,-1.2548816e-05,0
0.5,0,26.687097,-0.0089838925,0,-6.1000166,-1.2143378e-05,0
0.5,0,26.686941,-0.0090009112,0,-6.0907881,-1.1724697e-05,0
0.5,0,26.686803,-0.0089639162,0,-6.0815596,-1.1302025e-05,0
0.5,0,26.68665,-0.0088741831,0,-6.0723312,-1.0886714e-05,0
0.5,0,26.686473,-0.0087305195,0,-6.0631027,-1.0490762e-05,0
0.5,0,26.686277,-0.0085369443,0,-6.0538742,-1.0125369e-05,0
0.5,0,26.686073,-0.0083087718,0,-6.0446458,-9.7990608e-06,0
0.5,0,26.685875,-0.0080694496,0,-6.0354173,-9.5155979e-06,0
0.5,0,26.685694,-0.0078465403,0,-6.0261888,-9.2731509e-06,0
0.5,0,26.685536,-0.0076674982,0,-6.0169604,-9.0647554e-06,0
0.5,0,26.685394,-0.0075547887,0,-6.0077319,-8.8797463e-06,0
0.5,0,26.685254,-0.0075209583,0,-5.9985034,-8.7055543e-06,0
0.5,0,26.6851,-0.0075671971,0,-5.989275,-8.5293759e-06,0
0.5,0,26.68492,-0.0076852267,0,-5.9800465,-8.3397845e-06,0
0.5,0,26.684713,-0.0078518,0,-5.970818,-8.1275575e-06,0
0.5,0,26.684483,-0.0080396816,0,-5.9615896,-7.8857927e-06,0
0.5,0,26.684233,-0.008227998,0,-5.9523611,-7.6110439e-06,0
0.5,0,26.683968,-0.008390599,0,-5.9431326,-7.3043435e-06,0
0.5,0,26.683706,-0.0085002796,0,-5.9339042,-6.9706885e-06,0
0.5,0,26.683404,-0.0085451573,0,-5.9246757,-6.6186143e-06,0
0.5,0,26.683225,-0.0085300891,0,-5.9154472,-6.2603997e-06,0
0.5,0,26.68273,-0.0084833984,0,-5.9062187,-5.9119876e-06,0
0.5,0,26.682564,-0.0083989896,0,-5.8969903,-5.5906845e-06,0
0.5,0,26.682651,-0.0082278139,0,-5.8877618,-5.3068397e-06,0
0.5,0,26.682321,-0.0079908798,0,-5.8785333,-5.0659025e-06,0
0.5,0,26.682187,-0.0077334925,0,-5.8693049,-4.8748052e-06,0
0.5,0,26.682049,-0.0074564587,0,-5.8600764,-4.7385548e-06,0
0.5,0,26.681909,-0.0071611781,0,-5.8508479,-4.659372e-06,0
0.5,0,26.681848,-0.0068603174,0,-5.8416195,-4.6371046e-06,0
0.5,0,26.681804,-0.0065719188,0,-5.832391,-4.6684636e-06,0
0.5,0,26.681733,-0.00632176,0,-5.8231625,-4.7459408e-06,0
0.5,0,26.68163,-0.0061423197,0,-5.8139341,-4.856775e-06,0
0.5,0,26.681519,-0.0060662466,0,-5.8047056,-4.9825929e-06,0
0.5,0,26.681427,-0.006118608,0,-5.7954771,-5.1003021e-06,0
0.5,0,26.681366,-0.0063101926,0,-5.7862487,-5.1843951e-06,0
0.5,0,26.681337,-0.0066307827,0,-5.7770202,-5.2105916e-06,0
0.5,0,26.681343,-0.0070434328,0,-5.7677917,-5.1603293e-06,0
0.5,0,26.681385,-0.0074833925,0,-5.7585633,-5.025258e-06,0
0.5,0,26.681463,-0.0078667283,0,-5.7493348,-4.8105426e-06,0
0.5,0,26.681566,-0.0081101459,0,-5.7401063,-4.5356027e-06,0
0.5,0,26.681668,-0.0081565827,0,-5.7308779,-4.2311778e-06,0
0.5,0,26.681739,-0.0079970156,0,-5.7216494,-3.9326458e-06,0
0.5,0,26.681761,-0.0076776869,0,-5.7124209,-3.6713037e-06,0
0.5,0,26.681732,-0.0072871022,0,-5.7031925,-3.4665653e-06,0
0.5,0,26.681671,-0.0069261321,0,-5.693964,-3.3219739e-06,0
0.5,0,26.681607,-0.0066728183,0,-5.6847355,-3.2265515e-06,0
0.5,0,26.681566,-0.0065572052,0,-5.6755071,-3.1608332e-06,0
0.5,0,26.681565,-0.0065578033,0,-5.6662786,-3.1048707e-06,0
0.5,0,26.681607,-0.0066199564,0,-5.6570501,-3.0447614e-06,0
0.5,0,26.681691,-0.0066846108,0,-5.6478217,-2.9753858e-06,0
0.5,0,26.681817,-0.0067123693,0,-5.6385932,-2.8991519e-06,0
0.5,0,26.681985,-0.0066930879,0,-5.6293647,-2.8222654e-06,0
0.5,0,26.682197,-0.0066404307,0,-5.6201363,-2.7506648e-06,0
0.5,0,26.682446,-0.0065781396,0,-5.6109078,-2.6873372e-06,0
0.5,0,26.682717,-0.0065265877,0,-5.6016793,-2.6317134e-06,0
0.5,0,26.682997,-0.006495101,0,-5.5924509,-2.580771e-06,0
0.5,0,26.683273,-0.0064810911,0,-5.5832224,-2.5308366e-06,0
0.5,0,26.683538,-0.0064742754,0,-5.5739939,-2.4790932e-06,0
0.5,0,26.683792,-0.0064632839,0,-5.5647655,-2.4242613e-06,0
0.5,0,26.684034,-0.0064415455,0,-5.555537,-2.3664519e-06,0
0.5,0,26.684264,-0.0064099941,0,-5.5463085,-2.3064929e-06,0
0.5,0,26.684477,-0.0063758115,0,-5.5370801,-2.2451222e-06,0
0.5,0,26.684669,-0.006348263,0,-5.5278516,-2.182416e-06,0
0.5,0,26.684837,-0.0063339404,0,-5.5186231,-2.1176883e-06,0
0.5,0,26.684982,-0.0063338085,0,-5.5093947,-2.0498776e-06,0
0.5,0,26.685108,-0.0063433473,0,-5.5001662,-1.9781923e-06,0
0.5,0,26.68522,-0.0063553079,0,-5.4909377,-1.9026708e-06,0
0.5,0,26.685322,-0.0063630901,0,-5.4817093,-1.8243715e-06,0
0.5,0,26.68542,-0.0063626129,0,-5.4724808,-1.7450965e-06,0
0.5,0,26.685515,-0.0063521049,0,-5.4632523,-1.666758e-06,0
0.5,0,26.685614,-0.0063310188,0,-5.4540239,-1.5906664e-06,0
0.5,0,26.685722,-0.0062997143,0,-5.4447954,-1.5170838e-06,0
0.5,0,26.685842,-0.0062602797,0,-5.4355669,-1.4452757e-06,0
0.5,0,26.685969,-0.0062171014,0,-5.4263385,-1.3739933e-06,0
0.5,0,26.68608,-0.0061756722,0,-5.41711,-1.3020527e-06,0
0.5,0,26.686142,-0.0061398278,0,-5.4078815,-1.2286764e-06,0
0.5,0,26.686124,-0.0061094398,0,-5.3986531,-1.1534858e-06,0
0.5,0,26.686024,-0.0060807939,0,-5.3894246,-1.0763194e-06,0
0.5,0,26.685888,-0.0060501015,0,-5.3801961,-9.9719511e-07,0
0.5,0,26.685806,-0.0060178788,0,-5.3709677,-9.166304e-07,0
0.5,0,26.685875,-0.005990152,0,-5.3617392,-8.3615372e-07,0
0.5,0,26.686145,-0.005974495,0,-5.3525107,-7.5844578e-07,0
0.5,0,26.6866,-0.0059743151,0,-5.3432823,-6.8669107e-07,0
0.5,0,26.687173,-0.0059867269,0,-5.3340538,-6.2342648e-07,0
0.5,0,26.687789,-0.0060047242,0,-5.3248253,-5.6960531e-07,0
0.5,0,26.688415,-0.0060211318,0,-5.3155969,-5.2428846e-07,0
0.5,0,26.689091,-0.0060331354,0,-5.3063684,-4.8504895e-07,0
0.5,0,26.689923,-0.0060455321,0,-5.2971399,-4.4908795e-07,0
0.5,0,26.691026,-0.0060683277,0,-5.2879115,-4.1458504e-07,0
0.5,0,26.69246,-0.0061077477,0,-5.278683,-3.8121367e-07,0
0.5,0,26.6942,-0.0061594269,0,-5.2694545,-3.4918664e-07,0
0.5,0,26.696184,-0.0062127289,0,-5.2602261,-3.1773379e-07,0
0.5,0,26.698377,-0.0062587987,0,-5.2509976,-2.847936e-07,0
0.5,0,26.700759,-0.0062899783,0,-5.2417691,-2.4857597e-07,0
0.5,0,26.703281,-0.0062973694,0,-5.2325407,-2.0947031e-07,0
0.5,0,26.705883,-0.006277815,0,-5.2233122,-1.7017814e-07,0
0.5,0,26.70853,-0.0062425113,0,-5.2140837,-1.3414498e-07,0
0.5,0,26.71121,-0.0062133542,0,-5.2048553,-1.0415346e-07,0
0.5,0,26.713931,-0.0062078275,0,-5.1956268,-8.1339242e-08,0
0.5,0,26.716733,-0.0062297039,0,-5.1863983,-6.4004213e-08,0
0.5,0,26.719668,-0.0062750036,0,-5.1771699,-4.7499519e-08,0
0.5,0,26.722754,-0.0063440606,0,-5.1679414,-2.6473836e-08,0
0.5,0,26.725787,-0.0064196544,0,-5.1593592,-2.5804012e-15,0
0.5,0,26.7301,-0.0057574517,0,-4.8541735,-2.106557e-08,0
0.5,0,26.735139,-0.0056742935,0,-4.8620934,-2.5804012e-15,0
0.5,0,26.724672,-0.0057641233,0,-4.8449451,-3.0573635e-08,0
0.5,0,26.720469,-0.0057189473,0,-4.8358615,-2.5804012e-15,0
0.5,0,26.741106,-0.0037891773,0,-4.3189225,-1.1948546e-07,0
0.5,0,26.743246,-0.0037460181,0,-4.3210079,-2.5804012e-15,0
0.5,0,26.729711,-0.004087581,0,-4.309694,-6.9137127e-07,0
0.5,0,26.719242,-0.0043459126,0,-4.3004655,-1.2986263e-06,0
0.5,0,26.711247,-0.0045600886,0,-4.2912371,-1.9244703e-06,0
0.5,0,26.705672,-0.0047442195,0,-4.2820086,-2.5567648e-06,0
0.5,0,26.701708,-0.0048980643,0,-4.2727801,-3.1893885e-06,0
0.5,0,26.698619,-0.00502077,0,-4.2635517,-3.8190944e-06,0
0.5,0,26.696051,-0.0051017458,0,-4.2543232,-4.4452763e-06,0
0.5,0,26.693891,-0.0051348791,0,-4.2450947,-5.0693503e-06,0
0.5,0,26.692071,-0.0051346714,0,-4.2358663,-5.6922607e-06,0
0.5,0,26.690537,-0.0051359913,0,-4.2266378,-6.3111643e-06,0
0.5,0,26.689309,-0.0051713964,0,-4.2174093,-6.9184555e-06,0
0.5,0,26.688459,-0.0052458603,0,-4.2081809,-7.5049533e-06,0
0.5,0,26.688028,-0.0053356633,0,-4.1989524,-8.0646791e-06,0
0.5,0,26.687964,-0.0054100193,0,-4.1897239,-8.5971526e-06,0
0.5,0,26.688136,-0.0054518304,0,-4.1804955,-9.1060401e-06,0
0.5,0,26.688391,-0.0054641893,0,-4.171267,-9.595999e-06,0
0.5,0,26.68862,-0.0054665897,0,-4.1620385,-1.00697e-05,0
0.5,0,26.688779,-0.0054860409,0,-4.1528101,-1.0525919e-05,0
0.5,0,26.688874,-0.0055441478,0,-4.1435816,-1.0959311e-05,0
0.5,0,26.688935,-0.0056447125,0,-4.1343531,-1.1362232e-05,0
0.5,0,26.688984,-0.0057704416,0,-4.1251247,-1.1727834e-05,0
0.5,0,26.689032,-0.0058929261,0,-4.1158962,-1.2052594e-05,0
0.5,0,26.689087,-0.0059896178,0,-4.1066677,-1.2336638e-05,0
0.5,0,26.689143,-0.0060552201,0,-4.0974393,-1.2581642e-05,0
0.5,0,26.689211,-0.0061015389,0,-4.0882108,-1.27879e-05,0
0.5,0,26.689233,-0.0061578269,0,-4.0789823,-1.2953025e-05,0
0.5,0,26.689253,-0.0062580341,0,-4.0697539,-1.3072914e-05,0
0.5,0,26.689183,-0.0064145477,0,-4.0605254,-1.3143261e-05,0
0.5,0,26.689105,-0.0066096027,0,-4.0512969,-1.3158871e-05,0
0.5,0,26.68916,-0.0068131738,0,-4.0420685,-1.3114312e-05,0
0.5,0,26.689241,-0.0070131585,0,-4.03284,-1.3007712e-05,0
0.5,0,26.689372,-0.0072069304,0,-4.0236115,-1.2841026e-05,0
0.5,0,26.689521,-0.0073822329,0,-4.0143831,-1.2617972e-05,0
0.5,0,26.689691,-0.0075291991,0,-4.0051546,-1.2343542e-05,0
0.5,0,26.6899,-0.0076466778,0,-3.9959261,-1.2023356e-05,0
0.5,0,26.690131,-0.0077385038,0,-3.9866977,-1.1662587e-05,0
0.5,0,26.690339,-0.0078120675,0,-3.9774692,-1.1265324e-05,0
0.5,0,26.690452,-0.0078779864,0,-3.9682407,-1.0834322e-05,0
0.5,0,26.6904,-0.0079488639,0,-3.9590123,-1.0371009e-05,0
0.5,0,26.69015,-0.0080360095,0,-3.9497838,-9.8759825e-06,0
0.5,0,26.68974,-0.0081442515,0,-3.9405553,-9.3501343e-06,0
0.5,0,26.689258,-0.0082674029,0,-3.9313269,-8.7962556e-06,0
0.5,0,26.688808,-0.0083869036,0,-3.9220984,-8.2206966e-06,0
0.5,0,26.688463,-0.008475052,0,-3.9128699,-7.6344337e-06,0
0.5,0,26.688244,-0.0085023146,0,-3.9036415,-7.0529762e-06,0
0.5,0,26.68813,-0.0084447981,0,-3.894413,-6.4948709e-06,0
0.5,0,26.688079,-0.0082887566,0,-3.8851845,-5.9790296e-06,0
0.5,0,26.688062,-0.0080323011,0,-3.8759561,-5.5216699e-06,0
0.5,0,26.688056,-0.0076862415,0,-3.8667276,-5.1341471e-06,0
0.5,0,26.688058,-0.0072734069,0,-3.8574991,-4.8225478e-06,0
0.5,0,26.688064,-0.0068242231,0,-3.8482707,-4.5884604e-06,0
0.5,0,26.688073,-0.0063719745,0,-3.8390422,-4.4294644e-06,0
0.5,0,26.688102,-0.0059523013,0,-3.8298137,-4.3387066e-06,0
0.5,0,26.688149,-0.0056046472,0,-3.8205853,-4.3042586e-06,0
0.5,0,26.68822,-0.0053671156,0,-3.8113568,-4.3091765e-06,0
0.5,0,26.688381,-0.005262699,0,-3.8021283,-4.3328657e-06,0
0.5,0,26.688725,-0.0052869618,0,-3.7928999,-4.3541393e-06,0
0.5,0,26.689284,-0.0054063569,0,-3.7836714,-4.355624e-06,0
0.5,0,26.689981,-0.0055675612,0,-3.7744429,-4.3280323e-06,0
0.5,0,26.690658,-0.0057139403,0,-3.7652145,-4.2723504e-06,0
0.5,0,26.691146,-0.0058052783,0,-3.755986,-4.1983459e-06,0
0.5,0,26.691342,-0.0058345119,0,-3.7467575,-4.1191218e-06,0
0.5,0,26.691249,-0.0058330947,0,-3.7375291,-4.0437124e-06,0
0.5,0,26.69096,-0.0058606306,0,-3.7283006,-3.971223e-06,0
0.5,0,26.690597,-0.0059809851,0,-3.7190721,-3.8894304e-06,0
0.5,0,26.690256,-0.0062319206,0,-3.7098437,-3.7787043e-06,0
0.5,0,26.689988,-0.0065999616,0,-3.7006152,-3.6199945e-06,0
0.5,0,26.689807,-0.0070125126,0,-3.6913867,-3.4041273e-06,0
0.5,0,26.689715,-0.0073552217,0,-3.6821583,-3.1390031e-06,0
0.5,0,26.689706,-0.0075107252,0,-3.6729298,-2.8515327e-06,0
0.5,0,26.689766,-0.0074041466,0,-3.6637013,-2.5827242e-06,0
0.5,0,26.689866,-0.0070374639,0,-3.6544729,-2.3768098e-06,0
0.5,0,26.689974,-0.0064964423,0,-3.6452444,-2.267733e-06,0
0.5,0,26.690062,-0.0059253428,0,-3.6360159,-2.2679138e-06,0
0.5,0,26.690116,-0.0054782955,0,-3.6267875,-2.363864e-06,0
0.5,0,26.690137,-0.0052662785,0,-3.617559,-2.5206836e-06,0
0.5,0,26.690131,-0.0053210276,0,-3.6083305,-2.6937451e-06,0
0.5,0,26.690093,-0.005589991,0,-3.5991021,-2.8427953e-06,0
0.5,0,26.690025,-0.0059629791,0,-3.5898736,-2.9429076e-06,0
0.5,0,26.68995,-0.0063176528,0,-3.5806451,-2.9885724e-06,0
0.5,0,26.689908,-0.0065625514,0,-3.5714167,-2.990546e-06,0
0.5,0,26.689894,-0.0066605119,0,-3.5621882,-2.9680056e-06,0
0.5,0,26.689955,-0.0066263575,0,-3.5529597,-2.9397671e-06,0
0.5,0,26.68977,-0.0065253686,0,-3.5437313,-2.9187767e-06,0
0.5,0,26.689807,-0.0064112273,0,-3.5345028,-2.9121141e-06,0
0.5,0,26.689972,-0.0062900578,0,-3.5252743,-2.9182338e-06,0
0.5,0,26.689907,-0.0061884473,0,-3.5160458,-2.9301965e-06,0
0.5,0,26.690124,-0.0061302041,0,-3.5068174,-2.9436253e-06,0
0.5,0,26.690456,-0.0061022001,0,-3.4975889,-2.9563342e-06,0
0.5,0,26.690854,-0.0060895566,0,-3.4883604,-2.9674502e-06,0
0.5,0,26.691312,-0.0060823865,0,-3.479132,-2.9771687e-06,0
0.5,0,26.691754,-0.0060725799,0,-3.4699035,-2.9861137e-06,0
0.5,0,26.692122,-0.0060546546,0,-3.460675,-2.9949481e-06,0
0.5,0,26.692368,-0.0060258914,0,-3.4514466,-3.0043514e-06,0
0.5,0,26.692445,-0.0059859697,0,-3.4422181,-3.015093e-06,0
0.5,0,26.692315,-0.0059371721,0,-3.4329896,-3.0279369e-06,0
0.5,0,26.691965,-0.0058848266,0,-3.4237612,-3.0434318e-06,0
0.5,0,26.69142,-0.0058369503,0,-3.4145327,-3.0618e-06,0
0.5,0,26.690726,-0.0058021369,0,-3.4053042,-3.0830548e-06,0
0.5,0,26.689923,-0.0057860999,0,-3.3960758,-3.1072287e-06,0
0.5,0,26.689029,-0.0057889585,0,-3.3868473,-3.1345197e-06,0
0.5,0,26.688047,-0.0058053218,0,-3.3776188,-3.1652665e-06,0
0.5,0,26.686993,-0.0058272083,0,-3.3683904,-3.1998015e-06,0
0.5,0,26.685919,-0.0058474895,0,-3.3591619,-3.2382682e-06,0
0.5,0,26.684918,-0.0058629827,0,-3.3499334,-3.2804735e-06,0
0.5,0,26.684109,-0.005873581,0,-3.340705,-3.3256182e-06,0
0.5,0,26.683601,-0.0058794711,0,-3.3314765,-3.372122e-06,0
0.5,0,26.683455,-0.0058804866,0,-3.322248,-3.4178027e-06,0
0.5,0,26.68367,-0.0058761815,0,-3.3130196,-3.4602278e-06,0
0.5,0,26.684199,-0.0058665707,0,-3.3037911,-3.4972216e-06,0
0.5,0,26.684966,-0.005852489,0,-3.2945626,-3.5273022e-06,0
0.5,0,26.685884,-0.0058353933,0,-3.2853342,-3.5497712e-06,0
0.5,0,26.686861,-0.0058167977,0,-3.2761057,-3.5645539e-06,0
0.5,0,26.687805,-0.0057974319,0,-3.2668772,-3.5720288e-06,0
0.5,0,26.688633,-0.0057771069,0,-3.2576488,-3.5729167e-06,0
0.5,0,26.689283,-0.005753738,0,-3.2484203,-3.5681004e-06,0
0.5,0,26.689735,-0.0057248848,0,-3.2391918,-3.5583579e-06,0
0.5,0,26.690003,-0.005690741,0,-3.2299634,-3.5440505e-06,0
0.5,0,26.690115,-0.0056538213,0,-3.2207349,-3.5248667e-06,0
0.5,0,26.690114,-0.0056169297,0,-3.2115064,-3.4994708e-06,0
0.5,0,26.690032,-0.0055817404,0,-3.202278,-3.4651543e-06,0
0.5,0,26.689919,-0.0055505748,0,-3.1930495,-3.4182929e-06,0
0.5,0,26.689824,-0.0055268777,0,-3.183821,-3.3558548e-06,0
0.5,0,26.689802,-0.0055096965,0,-3.1745926,-3.2768717e-06,0
0.5,0,26.689926,-0.0054911112,0,-3.1653641,-3.1826591e-06,0
0.5,0,26.690169,-0.0054634044,0,-3.1561356,-3.0759732e-06,0
0.5,0,26.690422,-0.0054270251,0,-3.1469072,-2.960148e-06,0
0.5,0,26.690589,-0.0053913495,0,-3.1376787,-2.8386856e-06,0
0.5,0,26.690609,-0.0053688725,0,-3.1284502,-2.7147749e-06,0
0.5,0,26.690436,-0.0053660374,0,-3.1192218,-2.5902743e-06,0
0.5,0,26.690057,-0.0053771038,0,-3.1099933,-2.46465e-06,0
0.5,0,26.689522,-0.0053898626,0,-3.1007648,-2.334937e-06,0
0.5,0,26.688935,-0.0054005594,0,-3.0915364,-2.1975536e-06,0
0.5,0,26.688424,-0.0054187329,0,-3.0823079,-2.0508127e-06,0
0.5,0,26.688099,-0.005454729,0,-3.0730794,-1.8960143e-06,0
0.5,0,26.688023,-0.005506358,0,-3.063851,-1.7360751e-06,0
0.5,0,26.688219,-0.0055598433,0,-3.0546225,-1.5724283e-06,0
0.5,0,26.688702,-0.0056057046,0,-3.045394,-1.403534e-06,0
0.5,0,26.689531,-0.0056507491,0,-3.0361656,-1.2266925e-06,0
0.5,0,26.690873,-0.0057104344,0,-3.0269371,-1.0404992e-06,0
0.5,0,26.693086,-0.0057952097,0,-3.0177086,-8.4520203e-07,0
0.5,0,26.696608,-0.005908824,0,-3.0084802,-6.4149281e-07,0
0.5,0,26.701633,-0.006040694,0,-2.9992517,-4.2780898e-07,0
0.5,0,26.707878,-0.0062035965,0,-2.9900232,-1.9733888e-07,0
0.5,0,26.713052,-0.0062817187,0,-2.9829001,-2.5804012e-15,0
0.5,0,26.697704,-0.0036551217,0,-2.4824576,-1.736312e-08,0
0.5,0,26.698049,-0.003637493,0,-2.4833806,-2.5804012e-15,0
0.5,0,26.695248,-0.0039580661,0,-2.4732291,-2.1684931e-07,0
0.5,0,26.693882,-0.0042364704,0,-2.4640006,-4.2502233e-07,0
0.5,0,26.693187,-0.0044826072,0,-2.4547722,-6.2488661e-07,0
0.5,0,26.692814,-0.0047360484,0,-2.4455437,-8.0254644e-07,0
0.5,0,26.692609,-0.0049943498,0,-2.4363152,-9.4853216e-07,0
0.5,0,26.692515,-0.0052271383,0,-2.4270868,-1.0600902e-06,0
0.5,0,26.6925,-0.0054008536,0,-2.4178583,-1.1419667e-06,0
0.5,0,26.692537,-0.0055023789,0,-2.4086298,-1.2037009e-06,0
0.5,0,26.6926,-0.0055434045,0,-2.3994014,-1.2551905e-06,0
0.5,0,26.692654,-0.0055471534,0,-2.3901729,-1.3032751e-06,0
0.5,0,26.692664,-0.0055319563,0,-2.3809444,-1.3501643e-06,0
0.5,0,26.692621,-0.0055059291,0,-2.371716,-1.3939871e-06,0
0.5,0,26.692333,-0.0054783784,0,-2.3624875,-1.4317298e-06,0
0.5,0,26.692855,-0.0054820121,0,-2.353259,-1.462217e-06,0
0.5,0,26.693317,-0.0054717242,0,-2.3440306,-1.4869232e-06,0
0.5,0,26.693,-0.0054159347,0,-2.3348021,-1.5076096e-06,0
0.5,0,26.693091,-0.0053652021,0,-2.3255736,-1.5241566e-06,0
0.5,0,26.693285,-0.0053298068,0,-2.3163452,-1.5351037e-06,0
0.5,0,26.69349,-0.0053072011,0,-2.3071167,-1.5384067e-06,0
0.5,0,26.69368,-0.0052943609,0,-2.2978882,-1.5318459e-06,0
0.5,0,26.693802,-0.0052858239,0,-2.2886598,-1.5136524e-06,0
0.5,0,26.693831,-0.0052747357,0,-2.2794313,-1.4833385e-06,0
0.5,0,26.693795,-0.0052573841,0,-2.2702028,-1.4418837e-06,0
0.5,0,26.693745,-0.0052346213,0,-2.2609744,-1.3912568e-06,0
0.5,0,26.693721,-0.0052088061,0,-2.2517459,-1.3339089e-06,0
0.5,0,26.693729,-0.0051808455,0,-2.2425174,-1.2724494e-06,0
0.5,0,26.693753,-0.0051493588,0,-2.233289,-1.209405e-06,0
0.5,0,26.693758,-0.0051117461,0,-2.2240605,-1.146942e-06,0
0.5,0,26.693684,-0.005066271,0,-2.214832,-1.0865145e-06,0
0.5,0,26.69344,-0.0050139703,0,-2.2056036,-1.0285871e-06,0
0.5,0,26.692921,-0.0049592566,0,-2.1963751,-9.7267466e-07,0
0.5,0,26.692067,-0.0049087565,0,-2.1871466,-9.1779626e-07,0
0.5,0,26.69091,-0.0048689362,0,-2.1779182,-8.6313716e-07,0
0.5,0,26.689591,-0.0048438675,0,-2.1686897,-8.0853951e-07,0
0.5,0,26.688325,-0.0048341609,0,-2.1594612,-7.5454072e-07,0
0.5,0,26.687334,-0.0048371177,0,-2.1502328,-7.0199414e-07,0
0.5,0,26.686777,-0.0048478083,0,-2.1410043,-6.5159026e-07,0
0.5,0,26.686715,-0.0048613047,0,-2.1317758,-6.0359917e-07,0
0.5,0,26.687099,-0.0048737551,0,-2.1225474,-5.5792018e-07,0
0.5,0,26.687797,-0.0048774947,0,-2.1133189,-5.1422477e-07,0
0.5,0,26.68864,-0.0048645445,0,-2.1040904,-4.7144652e-07,0
0.5,0,26.689501,-0.0048427196,0,-2.094862,-4.2824516e-07,0
0.5,0,26.690215,-0.0049036674,0,-2.0856335,-3.9296485e-07,0
0.5,0,26.690899,-0.0049638949,0,-2.076405,-3.7132724e-07,0
0.5,0,26.691556,-0.004888303,0,-2.0671766,-3.5680998e-07,0
0.5,0,26.691967,-0.0048220204,0,-2.0579481,-3.4545509e-07,0
0.5,0,26.692215,-0.0048156248,0,-2.0487196,-3.3671714e-07,0
0.5,0,26.692385,-0.0047940485,0,-2.0394912,-3.305105e-07,0
0.5,0,26.692525,-0.0047699687,0,-2.0302627,-3.2607606e-07,0
0.5,0,26.692674,-0.0047662629,0,-2.0210342,-3.2249211e-07,0
0.5,0,26.692898,-0.0047793644,0,-2.0118058,-3.2018338e-07,0
0.5,0,26.693301,-0.0048079148,0,-2.0025773,-3.2110061e-07,0
0.5,0,26.694023,-0.0048544885,0,-1.9933488,-3.2791462e-07,0
0.5,0,26.695259,-0.0049151998,0,-1.9841204,-3.4271814e-07,0
0.5,0,26.69722,-0.0049778917,0,-1.9748919,-3.6530735e-07,0
0.5,0,26.700049,-0.0050314611,0,-1.9656634,-3.9223428e-07,0
0.5,0,26.703763,-0.0050782947,0,-1.956435,-4.1816311e-07,0
0.5,0,26.708238,-0.0051213781,0,-1.9472065,-4.3778268e-07,0
0.5,0,26.713331,-0.0051520257,0,-1.937978,-4.4569253e-07,0
0.5,0,26.718733,-0.0051765422,0,-1.9287496,-4.3587169e-07,0
0.5,0,26.724201,-0.0052131987,0,-1.9195211,-4.0368207e-07,0
0.5,0,26.729676,-0.0052779684,0,-1.9102926,-3.481075e-07,0
0.5,0,26.734806,-0.0053833241,0,-1.9010642,-2.6790526e-07,0
0.5,0,26.739205,-0.0055367438,0,-1.8918357,-1.5638874e-07,0
0.5,0,26.742741,-0.0056885014,0,-1.8826072,-3.0448165e-09,0
0.5,0,26.74278,-0.0056883162,0,-1.882465,-2.5804012e-15,0
0.5,0,26.692559,-0.073813313,0,-0.3045394,-9.6779176e-06,0
0.5,0,26.690644,-0.08123013,0,-0.31073602,-2.5804012e-15,0
0.5,0,26.695181,-0.053247638,0,-0.29531094,-2.021698e-05,0
0.5,0,26.692519,-0.022879164,0,-0.28608247,-2.5448232e-05,0
0.5,0,26.684996,0.01154329,0,-0.276854,-2.4229212e-05,0
0.5,0,26.680191,0.046054938,0,-0.26762554,-1.5764896e-05,0
0.5,0,26.679576,0.081555443,0,-0.25841613,-2.5804012e-15,0
0.5,0,26.529785,-0.2191589,0,-0.055370801,-1.1845994e-05,0
0.5,0,26.527778,-0.21596472,0,-0.056902303,-2.5804012e-15,0
0.5,0,26.53677,-0.24030048,0,-0.046142334,-8.8259647e-05,0
0.5,0,26.53935,-0.25470913,0,-0.036913867,-0.00016851972,0
0.5,0,26.541583,-0.25794637,0,-0.0276854,-0.0002509072,0
0.5,0,26.547548,-0.25236707,0,-0.018456934,-0.00033245159,0
0.5,0,26.554723,-0.22760366,0,-0.0092284668,-0.0004076583,0
0.5,0,26.559195,-0.16664427,0,-2.5804012e-15,-0.00046442958,0
0.5,0,26.728234,-0.008870443,0,-35.686481,1.165187e-08,0
0.5,0,26.729918,-0.0086643901,0,-35.677253,2.2018965e-08,0
0.5,0,26.730593,-0.0084607502,0,-35.668024,3.2413306e-08,0
0.5,0,26.730565,-0.0082897556,0,-35.658796,5.6640872e-08,0
0.5,0,26.730215,-0.0081614967,0,-35.649567,1.0568177e-07,0
0.5,0,26.729766,-0.0080729878,0,-35.640339,1.8358546e-07,0
0.5,0,26.729161,-0.008017125,0,-35.63111,2.8637913e-07,0
0.5,0,26.728188,-0.0079915344,0,-35.621882,4.0121155e-07,0
0.5,0,26.72675,-0.0079939189,0,-35.612653,5.1119461e-07,0
0.5,0,26.724948,-0.0080344625,0,-35.603425,6.0251077e-07,0
0.5,0,26.723043,-0.0080875312,0,-35.594196,6.650625e-07,0
0.5,0,26.721358,-0.0081382622,0,-35.584968,6.9132028e-07,0
0.5,0,26.720135,-0.0081806412,0,-35.57574,6.7858472e-07,0
0.5,0,26.719327,-0.0081876353,0,-35.566511,6.2865875e-07,0
0.5,0,26.718437,-0.0081685032,0,-35.557283,5.4617708e-07,0
0.5,0,26.71665,-0.0081301261,0,-35.548054,4.3677171e-07,0
0.5,0,26.713305,-0.0081000596,0,-35.538826,2.9910357e-07,0
0.5,0,26.708601,-0.008152551,0,-35.529597,1.2345254e-07,0
0.5,0,26.713027,-0.0058512938,0,-32.650316,7.2074101e-08,0
0.5,0,26.716079,-0.0059499279,0,-32.641087,1.5487305e-07,0
0.5,0,26.718816,-0.0060133412,0,-32.631859,2.3227341e-07,0
0.5,0,26.721385,-0.0060230109,0,-32.62263,3.0073547e-07,0
0.5,0,26.724031,-0.0059926939,0,-32.613402,3.5588708e-07,0
0.5,0,26.726852,-0.0059232633,0,-32.604173,3.9498354e-07,0
0.5,0,26.729706,-0.0058195295,0,-32.594945,4.1555026e-07,0
0.5,0,26.732276,-0.0056937461,0,-32.585716,4.1666294e-07,0
0.5,0,26.734256,-0.0055587765,0,-32.576488,4.0113473e-07,0
0.5,0,26.735513,-0.005442649,0,-32.567259,3.7531891e-07,0
0.5,0,26.736138,-0.0053717121,0,-32.558031,3.4641767e-07,0
0.5,0,26.736337,-0.0053519984,0,-32.548802,3.1895247e-07,0
0.5,0,26.73627,-0.0054019515,0,-32.539574,2.9327341e-07,0
0.5,0,26.736021,-0.005510832,0,-32.530345,2.6838881e-07,0
0.5,0,26.73565,-0.005652132,0,-32.521117,2.4219218e-07,0
0.5,0,26.735177,-0.0057956257,0,-32.511889,2.1164631e-07,0
0.5,0,26.734649,-0.0059066322,0,-32.50266,1.7631991e-07,0
0.5,0,26.734074,-0.0059749681,0,-32.493432,1.3869152e-07,0
0.5,0,26.733247,-0.0060145386,0,-32.484203,1.015426e-07,0
0.5,0,26.732499,-0.0060365557,0,-32.474975,6.4358191e-08,0
0.5,0,26.731573,-0.0060227411,0,-32.465746,2.7885027e-08,0
0.5,0,26.734858,-0.0090747697,0,-22.074493,1.4872189e-08,0
0.5,0,26.744134,-0.0093493448,0,-22.065264,1.3330509e-07,0
0.5,0,26.753899,-0.0095526748,0,-22.056036,2.0397915e-07,0
0.5,0,26.762961,-0.009645542,0,-22.046807,2.204794e-07,0
0.5,0,26.770268,-0.0096461611,0,-22.037579,1.9255735e-07,0
0.5,0,26.775147,-0.0095610919,0,-22.02835,1.4124856e-07,0
0.5,0,26.777518,-0.0094079726,0,-22.019122,9.0503633e-08,0
0.5,0,26.777866,-0.0092156666,0,-22.009893,6.0485938e-08,0
0.5,0,26.776966,-0.0090142676,0,-22.000665,6.2653515e-08,0
0.5,0,26.77554,-0.0088341065,0,-21.991436,9.8457169e-08,0
0.5,0,26.774021,-0.0086748844,0,-21.982208,1.6233441e-07,0
0.5,0,26.772471,-0.0085272943,0,-21.972979,2.4638099e-07,0
0.5,0,26.770733,-0.008396059,0,-21.963751,3.3998835e-07,0
0.5,0,26.76872,-0.0082980273,0,-21.954523,4.3101577e-07,0
0.5,0,26.766539,-0.008266379,0,-21.945294,5.1138856e-07,0
0.5,0,26.764396,-0.0083084172,0,-21.936066,5.764821e-07,0
0.5,0,26.762366,-0.0084067357,0,-21.926837,6.23425e-07,0
0.5,0,26.76018,-0.0085283328,0,-21.917609,6.5045959e-07,0
0.5,0,26.75724,-0.0086378995,0,-21.90838,6.5615877e-07,0
0.5,0,26.753011,-0.0087154041,0,-21.899152,6.3850207e-07,0
0.5,0,26.747542,-0.0087574121,0,-21.889923,5.9479848e-07,0
0.5,0,26.74145,-0.0087566713,0,-21.880695,5.2336451e-07,0
0.5,0,26.735585,-0.008688941,0,-21.871466,4.2635509e-07,0
0.5,0,26.730043,-0.0085564744,0,-21.862238,3.0698983e-07,0
0.5,0,26.724926,-0.0084173812,0,-21.853009,1.6454936e-07,0
0.5,0,26.732168,-0.0089536885,0,-20.136515,6.3837606e-08,0
0.5,0,26.734818,-0.0089420382,0,-20.127286,1.2799343e-07,0
0.5,0,26.737482,-0.0089678521,0,-20.118058,1.8888643e-07,0
0.5,0,26.74011,-0.0090326504,0,-20.108829,2.4376553e-07,0
0.5,0,26.742914,-0.0091200092,0,-20.099601,2.9192581e-07,0
0.5,0,26.745626,-0.0092034473,0,-20.090372,3.3256446e-07,0
0.5,0,26.748867,-0.0092270721,0,-20.081144,3.668262e-07,0
0.5,0,26.753661,-0.0092629481,0,-20.071915,3.9484163e-07,0
0.5,0,26.758033,-0.0093336713,0,-20.062687,4.0812213e-07,0
0.5,0,26.761427,-0.0093510889,0,-20.053458,3.988133e-07,0
0.5,0,26.764894,-0.0093169733,0,-20.04423,3.6691737e-07,0
0.5,0,26.768203,-0.009222854,0,-20.035001,3.1532571e-07,0
0.5,0,26.771297,-0.009073861,0,-20.025773,2.4547619e-07,0
0.5,0,26.774124,-0.0089386066,0,-20.016544,1.556159e-07,0
0.5,0,26.776726,-0.0089262911,0,-20.007316,4.2296157e-08,0
0.5,0,26.733119,-0.0092993322,0,-16.574326,5.401297e-08,0
0.5,0,26.730482,-0.0092721248,0,-16.565098,1.1927602e-07,0
0.5,0,26.727846,-0.0091803517,0,-16.555869,1.7208819e-07,0
0.5,0,26.724341,-0.0089889714,0,-16.546641,2.1123399e-07,0
0.5,0,26.720574,-0.0086325356,0,-16.537412,2.3863605e-07,0
0.5,0,26.714881,-0.008117145,0,-16.528184,2.5136924e-07,0
0.5,0,26.709297,-0.0076872189,0,-16.518956,2.3123332e-07,0
0.5,0,26.705898,-0.0074686364,0,-16.509727,1.5460084e-07,0
0.5,0,26.702296,-0.0074360015,0,-16.500499,9.5093261e-09,0
0.5,0,26.713245,-0.010282662,0,-15.46691,2.0145648e-07,0
0.5,0,26.711298,-0.0098188505,0,-15.457682,4.5913816e-07,0
0.5,0,26.708911,-0.0092515052,0,-15.448453,6.445126e-07,0
0.5,0,26.70617,-0.008699787,0,-15.439225,7.4742671e-07,0
0.5,0,26.703066,-0.0081052193,0,-15.429996,7.608469e-07,0
0.5,0,26.699465,-0.0073909639,0,-15.420768,6.7111e-07,0
0.5,0,26.695397,-0.006641181,0,-15.41154,4.6595678e-07,0
0.5,0,26.691542,-0.0061544401,0,-15.402311,1.3630327e-07,0
0.5,0,26.766617,-0.010198034,0,-14.184153,5.3212127e-08,0
0.5,0,26.759057,-0.0098857203,0,-14.174925,1.4758755e-07,0
0.5,0,26.748146,-0.0093552693,0,-14.165697,2.0952707e-07,0
0.5,0,26.736335,-0.0088604251,0,-14.156468,2.3209621e-07,0
0.5,0,26.72726,-0.0084455168,0,-14.14724,2.138903e-07,0
0.5,0,26.717916,-0.0080518178,0,-14.138011,1.4730788e-07,0
0.5,0,26.709108,-0.0078295388,0,-14.128783,1.2275473e-08,0
0.5,0,26.691707,-0.0073756402,0,-10.012886,1.4642641e-08,0
0.5,0,26.700906,-0.0073093462,0,-10.003658,3.7168595e-07,0
0.5,0,26.710833,-0.0069426571,0,-9.9944295,7.611608e-07,0
0.5,0,26.720414,-0.0065020406,0,-9.9852011,1.1555445e-06,0
0.5,0,26.729062,-0.0061261095,0,-9.9759726,1.5363339e-06,0
0.5,0,26.736437,-0.0058258517,0,-9.9667441,1.8958631e-06,0
0.5,0,26.742496,-0.0055879636,0,-9.9575157,2.2326695e-06,0
0.5,0,26.747403,-0.0053936548,0,-9.9482872,2.5482083e-06,0
0.5,0,26.751283,-0.0052207111,0,-9.9390587,2.84512e-06,0
0.5,0,26.754132,-0.0050537968,0,-9.9298303,3.1269035e-06,0
0.5,0,26.755884,-0.0048856809,0,-9.9206018,3.3974187e-06,0
0.5,0,26.756554,-0.0047107588,0,-9.9113733,3.6590023e-06,0
0.5,0,26.756291,-0.0045262069,0,-9.9021449,3.9103485e-06,0
0.5,0,26.755338,-0.0043429537,0,-9.8929164,4.1465683e-06,0
0.5,0,26.753928,-0.0041900721,0,-9.8836879,4.3623023e-06,0
0.5,0,26.75223,-0.0040961775,0,-9.8744595,4.5559473e-06,0
0.5,0,26.75037,-0.0040563224,0,-9.865231,4.7321541e-06,0
0.5,0,26.74847,-0.004030964,0,-9.8560025,4.9007797e-06,0
0.5,0,26.746642,-0.0039871051,0,-9.8467741,5.0714251e-06,0
0.5,0,26.74494,-0.0039208353,0,-9.8375456,5.2467269e-06,0
0.5,0,26.743425,-0.0038101123,0,-9.8283171,5.4243205e-06,0
0.5,0,26.742047,-0.0036285289,0,-9.8190887,5.6040641e-06,0
0.5,0,26.740809,-0.0034156142,0,-9.8098602,5.7861034e-06,0
0.5,0,26.739878,-0.0032293258,0,-9.8006317,5.9643695e-06,0
0.5,0,26.73919,-0.003098535,0,-9.7914033,6.1279582e-06,0
0.5,0,26.738601,-0.0030338923,0,-9.7821748,6.2661112e-06,0
0.5,0,26.738148,-0.0030517259,0,-9.7729463,6.3691226e-06,0
0.5,0,26.737896,-0.0031827292,0,-9.7637179,6.4279261e-06,0
0.5,0,26.737825,-0.0034101381,0,-9.7544894,6.4345949e-06,0
0.5,0,26.737913,-0.0036540112,0,-9.7452609,6.3852902e-06,0
0.5,0,26.738117,-0.0038632549,0,-9.7360325,6.2824083e-06,0
0.5,0,26.738431,-0.0040579056,0,-9.726804,6.1299135e-06,0
0.5,0,26.738953,-0.0042625774,0,-9.7175755,5.9276407e-06,0
0.5,0,26.739672,-0.0044781731,0,-9.7083471,5.6720167e-06,0
0.5,0,26.74049,-0.0046949844,0,-9.6991186,5.3600175e-06,0
0.5,0,26.741391,-0.0048847586,0,-9.6898901,4.9907409e-06,0
0.5,0,26.742412,-0.0050322375,0,-9.6806617,4.5672376e-06,0
0.5,0,26.743574,-0.0051595345,0,-9.6714332,4.0995337e-06,0
0.5,0,26.744898,-0.0052867444,0,-9.6622047,3.601172e-06,0
0.5,0,26.746406,-0.0054163092,0,-9.6529763,3.0810347e-06,0
0.5,0,26.748112,-0.0055540662,0,-9.6437478,2.5415665e-06,0
0.5,0,26.749977,-0.005698861,0,-9.6345193,1.9840423e-06,0
0.5,0,26.751982,-0.005801238,0,-9.6252909,1.4135119e-06,0
0.5,0,26.753936,-0.0058270305,0,-9.6160624,8.385214e-07,0
0.5,0,26.755062,-0.0059356298,0,-9.6068339,2.590795e-07,0
0.5,0,26.74561,-0.0090958048,0,-9.0531259,2.1048173e-07,0
0.5,0,26.746263,-0.0087675059,0,-9.0438975,6.2806573e-07,0
0.5,0,26.745976,-0.0082453195,0,-9.034669,1.0023781e-06,0
0.5,0,26.744832,-0.0077470877,0,-9.0254405,1.3191665e-06,0
0.5,0,26.743092,-0.007242274,0,-9.0162121,1.5757261e-06,0
0.5,0,26.741104,-0.0066928144,0,-9.0069836,1.7703542e-06,0
0.5,0,26.73906,-0.0062028445,0,-8.9977551,1.9001431e-06,0
0.5,0,26.736884,-0.0058149797,0,-8.9885267,1.9671786e-06,0
0.5,0,26.734405,-0.0055112398,0,-8.9792982,1.977769e-06,0
0.5,0,26.731591,-0.0052733604,0,-8.9700697,1.939437e-06,0
0.5,0,26.728624,-0.0050871452,0,-8.9608413,1.8599125e-06,0
0.5,0,26.725744,-0.0049472368,0,-8.9516128,1.7472439e-06,0
0.5,0,26.722969,-0.0048646487,0,-8.9423843,1.6098521e-06,0
0.5,0,26.719997,-0.0048583983,0,-8.9331559,1.4558563e-06,0
0.5,0,26.716505,-0.0049336673,0,-8.9239274,1.2923186e-06,0
0.5,0,26.712536,-0.0050666837,0,-8.9146989,1.12473e-06,0
0.5,0,26.708465,-0.0052089805,0,-8.9054705,9.5719268e-07,0
0.5,0,26.704627,-0.0053009577,0,-8.896242,7.9248727e-07,0
0.5,0,26.700989,-0.0052913214,0,-8.8870135,6.3028014e-07,0
0.5,0,26.697068,-0.0051918713,0,-8.8777851,4.6316681e-07,0
0.5,0,26.692777,-0.0051378044,0,-8.8685566,2.7503121e-07,0
0.5,0,26.688668,-0.0053366102,0,-8.8593281,5.3719646e-08,0
0.5,0,26.707238,-0.0073103409,0,-8.7116727,1.9183924e-08,0
0.5,0,26.708108,-0.0071752568,0,-8.7024442,3.0069312e-08,0
0.5,0,26.708953,-0.0070491813,0,-8.6932157,3.0096864e-08,0
0.5,0,26.709934,-0.0069556689,0,-8.6839873,2.0077356e-08,0
0.5,0,26.724922,-0.007872425,0,-8.6009311,9.4007172e-08,0
0.5,0,26.725116,-0.0077006622,0,-8.5917026,2.0852472e-07,0
0.5,0,26.72463,-0.0074101782,0,-8.5824741,3.1496157e-07,0
0.5,0,26.723647,-0.0071457739,0,-8.5732457,4.012038e-07,0
0.5,0,26.722485,-0.0069366414,0,-8.5640172,4.6333012e-07,0
0.5,0,26.721285,-0.006751529,0,-8.5547887,4.9998668e-07,0
0.5,0,26.71997,-0.0065828549,0,-8.5455603,5.1070443e-07,0
0.5,0,26.718361,-0.0064543891,0,-8.5363318,4.9715532e-07,0
0.5,0,26.716324,-0.0063812566,0,-8.5271033,4.6379093e-07,0
0.5,0,26.713859,-0.0063367786,0,-8.5178749,4.1770967e-07,0
0.5,0,26.711076,-0.006252001,0,-8.5086464,3.6748725e-07,0
0.5,0,26.708033,-0.0060715555,0,-8.4994179,3.1947306e-07,0
0.5,0,26.704586,-0.0058226069,0,-8.4901895,2.6868204e-07,0
0.5,0,26.700486,-0.0056101095,0,-8.480961,1.9669415e-07,0
0.5,0,26.695871,-0.0055772327,0,-8.4717325,8.6845709e-08,0
0.5,0,26.697362,-0.0073262912,0,-7.1336048,1.1276607e-07,0
0.5,0,26.705758,-0.0071737956,0,-7.1243764,3.7851922e-07,0
0.5,0,26.714411,-0.0067488002,0,-7.1151479,6.8894166e-07,0
0.5,0,26.723084,-0.0062675119,0,-7.1059194,1.0266375e-06,0
0.5,0,26.730664,-0.0058398793,0,-7.096691,1.3844856e-06,0
0.5,0,26.737632,-0.005427841,0,-7.0874625,1.7644281e-06,0
0.5,0,26.742462,-0.004966782,0,-7.078234,2.1618301e-06,0
0.5,0,26.74584,-0.0045909611,0,-7.0690056,2.5598676e-06,0
0.5,0,26.749694,-0.0043552111,0,-7.0597771,2.9437205e-06,0
0.5,0,26.752158,-0.0041845933,0,-7.0505486,3.3057519e-06,0
0.5,0,26.753542,-0.004102966,0,-7.0413202,3.6398314e-06,0
0.5,0,26.753953,-0.0041045095,0,-7.0320917,3.9403792e-06,0
0.5,0,26.753494,-0.0041441404,0,-7.0228632,4.204266e-06,0
0.5,0,26.752453,-0.0041744694,0,-7.0136348,4.4317121e-06,0
0.5,0,26.75106,-0.0041571267,0,-7.0044063,4.6271327e-06,0
0.5,0,26.749462,-0.0040723227,0,-6.9951778,4.7994656e-06,0
0.5,0,26.747737,-0.0039199823,0,-6.9859494,4.9608675e-06,0
0.5,0,26.745913,-0.0037146489,0,-6.9767209,5.1238403e-06,0
0.5,0,26.744002,-0.0034817452,0,-6.9674924,5.29771e-06,0
0.5,0,26.742049,-0.0032552659,0,-6.958264,5.4858101e-06,0
0.5,0,26.740161,-0.0030722712,0,-6.9490355,5.6849138e-06,0
0.5,0,26.73847,-0.0029587912,0,-6.939807,5.8877756e-06,0
0.5,0,26.737054,-0.0029103139,0,-6.9305786,6.0880066e-06,0
0.5,0,26.735901,-0.0028825751,0,-6.9213501,6.2851772e-06,0
0.5,0,26.734936,-0.0028066604,0,-6.9121216,6.4878767e-06,0
0.5,0,26.734063,-0.0026237774,0,-6.9028932,6.7130802e-06,0
0.5,0,26.733199,-0.0023183615,0,-6.8936647,6.9811956e-06,0
0.5,0,26.73229,-0.0019296377,0,-6.8844362,7.3078168e-06,0
0.5,0,26.731326,-0.0015379005,0,-6.8752078,7.6952392e-06,0
0.5,0,26.730348,-0.0012356509,0,-6.8659793,8.1278254e-06,0
0.5,0,26.729423,-0.0010967036,0,-6.8567508,8.5739698e-06,0
0.5,0,26.728599,-0.001152908,0,-6.8475224,8.9941642e-06,0
0.5,0,26.727908,-0.0013843823,0,-6.8382939,9.3517216e-06,0
0.5,0,26.727394,-0.0017263813,0,-6.8290654,9.6219283e-06,0
0.5,0,26.727086,-0.0020914546,0,-6.819837,9.7966994e-06,0
0.5,0,26.726953,-0.0023982804,0,-6.8106085,9.8840259e-06,0
0.5,0,26.72692,-0.0025934846,0,-6.80138,9.9034997e-06,0
0.5,0,26.726937,-0.0026574893,0,-6.7921516,9.8801291e-06,0
0.5,0,26.727014,-0.0025973637,0,-6.7829231,9.8383729e-06,0
0.5,0,26.72721,-0.0024371819,0,-6.7736946,9.7975772e-06,0
0.5,0,26.727582,-0.0022125828,0,-6.7644662,9.7694616e-06,0
0.5,0,26.728137,-0.001966392,0,-6.7552377,9.7577644e-06,0
0.5,0,26.728815,-0.0017398211,0,-6.7460092,9.759459e-06,0
0.5,0,26.729549,-0.0015622119,0,-6.7367808,9.7667706e-06,0
0.5,0,26.730296,-0.0014474356,0,-6.7275523,9.769663e-06,0
0.5,0,26.731032,-0.0013974887,0,-6.7183238,9.7584189e-06,0
0.5,0,26.731744,-0.0014060219,0,-6.7090954,9.7251954e-06,0
0.5,0,26.732447,-0.0014599575,0,-6.6998669,9.6636588e-06,0
0.5,0,26.733204,-0.0015447189,0,-6.6906384,9.5675743e-06,0
0.5,0,26.734121,-0.0016523777,0,-6.68141,9.4303915e-06,0
0.5,0,26.735328,-0.0017831136,0,-6.6721815,9.2466648e-06,0
0.5,0,26.736973,-0.0019365281,0,-6.662953,9.0139817e-06,0
0.5,0,26.739217,-0.0021032988,0,-6.6537246,8.73345e-06,0
0.5,0,26.742224,-0.0022671862,0,-6.6444961,8.4081175e-06,0
0.5,0,26.746081,-0.0024133756,0,-6.6352676,8.0404319e-06,0
0.5,0,26.750668,-0.0025474145,0,-6.6260392,7.6306022e-06,0
0.5,0,26.755531,-0.0026851434,0,-6.6168107,7.177176e-06,0
0.5,0,26.759919,-0.0028316822,0,-6.6075822,6.6796992e-06,0
0.5,0,26.763051,-0.0029840149,0,-6.5983538,6.1417769e-06,0
0.5,0,26.764468,-0.0031337108,0,-6.5891253,5.5723266e-06,0
0.5,0,26.764261,-0.0032744062,0,-6.5798968,4.9839648e-06,0
0.5,0,26.763021,-0.0034078328,0,-6.5706684,4.3891858e-06,0
0.5,0,26.761544,-0.0035458147,0,-6.5614399,3.796045e-06,0
0.5,0,26.760477,-0.0037022528,0,-6.5522114,3.20569e-06,0
0.5,0,26.760098,-0.003876159,0,-6.542983,2.6137717e-06,0
0.5,0,26.760292,-0.0040436984,0,-6.5337545,2.0150365e-06,0
0.5,0,26.760604,-0.0041476466,0,-6.524526,1.4077528e-06,0
0.5,0,26.759913,-0.0041940615,0,-6.5152976,7.9436728e-07,0
0.5,0,26.756551,-0.0043845653,0,-6.5060691,1.693274e-07,0
0.5,0,26.726015,-0.0064253487,0,-5.1587129,1.9934983e-09,0
0.5,0,26.729542,-0.0064772209,0,-5.1494845,3.7372812e-08,0
0.5,0,26.733449,-0.0064711308,0,-5.140256,7.7576166e-08,0
0.5,0,26.737769,-0.0064087092,0,-5.1310275,1.2158885e-07,0
0.5,0,26.74237,-0.0062913,0,-5.1217991,1.7123342e-07,0
0.5,0,26.746923,-0.0061165432,0,-5.1125706,2.2805467e-07,0
0.5,0,26.751046,-0.005917164,0,-5.1033421,2.8925386e-07,0
0.5,0,26.754501,-0.0057554459,0,-5.0941137,3.5082236e-07,0
0.5,0,26.757231,-0.0056587312,0,-5.0848852,4.107989e-07,0
0.5,0,26.759285,-0.0056114588,0,-5.0756567,4.6801172e-07,0
0.5,0,26.760773,-0.0055874116,0,-5.0664283,5.2071393e-07,0
0.5,0,26.761837,-0.005571305,0,-5.0571998,5.6618907e-07,0
0.5,0,26.762598,-0.0055646824,0,-5.0479713,6.0073348e-07,0
0.5,0,26.76314,-0.0055790976,0,-5.0387429,6.2035608e-07,0
0.5,0,26.763513,-0.0056202549,0,-5.0295144,6.2232272e-07,0
0.5,0,26.763764,-0.0056755455,0,-5.0202859,6.0676716e-07,0
0.5,0,26.763959,-0.0057169552,0,-5.0110575,5.7720188e-07,0
0.5,0,26.764174,-0.0057184174,0,-5.001829,5.3938219e-07,0
0.5,0,26.764453,-0.0056738342,0,-4.9926005,4.9906826e-07,0
0.5,0,26.764783,-0.005601262,0,-4.9833721,4.5985937e-07,0
0.5,0,26.7651,-0.0055305411,0,-4.9741436,4.2215431e-07,0
0.5,0,26.765324,-0.0054842851,0,-4.9649151,3.8372845e-07,0
0.5,0,26.765384,-0.0054631087,0,-4.9556867,3.4171617e-07,0
0.5,0,26.765205,-0.0054392136,0,-4.9464582,2.9521676e-07,0
0.5,0,26.764632,-0.0053769992,0,-4.9372297,2.4662295e-07,0
0.5,0,26.763434,-0.0052779275,0,-4.9280013,1.9891864e-07,0
0.5,0,26.761466,-0.0051888611,0,-4.9187728,1.5366832e-07,0
0.5,0,26.758763,-0.0051527187,0,-4.9095443,1.1366389e-07,0
0.5,0,26.755422,-0.0051777389,0,-4.9003159,8.2763932e-08,0
0.5,0,26.751482,-0.0052516439,0,-4.8910874,6.1359837e-08,0
0.5,0,26.746916,-0.0053640105,0,-4.8818589,4.4950931e-08,0
0.5,0,26.741702,-0.0055087223,0,-4.8726305,2.6957927e-08,0
0.5,0,26.735972,-0.0056605517,0,-4.863402,3.4806269e-09,0
0.5,0,26.720402,-0.0057182268,0,-4.8357166,4.8753896e-10,0
0.5,0,26.717808,-0.0055853069,0,-4.8264881,9.9118519e-08,0
0.5,0,26.716744,-0.0052671784,0,-4.8172597,2.8179129e-07,0
0.5,0,26.716594,-0.0048364464,0,-4.8080312,5.3695859e-07,0
0.5,0,26.71709,-0.0045010726,0,-4.7988027,8.2685527e-07,0
0.5,0,26.71854,-0.004394243,0,-4.7895743,1.1145345e-06,0
0.5,0,26.721285,-0.0044938189,0,-4.7803458,1.377977e-06,0
0.5,0,26.725248,-0.0046866698,0,-4.7711173,1.6093873e-06,0
0.5,0,26.729952,-0.004868584,0,-4.7618889,1.8140708e-06,0
0.5,0,26.734814,-0.0049706578,0,-4.7526604,2.0067108e-06,0
0.5,0,26.739582,-0.0049501083,0,-4.7434319,2.206368e-06,0
0.5,0,26.743438,-0.004790546,0,-4.7342035,2.4326641e-06,0
0.5,0,26.746525,-0.0044709559,0,-4.724975,2.7043927e-06,0
0.5,0,26.748487,-0.0040243614,0,-4.7157465,3.0323905e-06,0
0.5,0,26.749569,-0.0035625753,0,-4.7065181,3.4150915e-06,0
0.5,0,26.750804,-0.0031256836,0,-4.6972896,3.8477604e-06,0
0.5,0,26.751594,-0.0027102186,0,-4.6880611,4.3260704e-06,0
0.5,0,26.751885,-0.0023433398,0,-4.6788327,4.8425167e-06,0
0.5,0,26.751629,-0.0020394891,0,-4.6696042,5.3877656e-06,0
0.5,0,26.750834,-0.001812337,0,-4.6603757,5.9534506e-06,0
0.5,0,26.749634,-0.001689605,0,-4.6511473,6.5318832e-06,0
0.5,0,26.748148,-0.001680627,0,-4.6419188,7.1133395e-06,0
0.5,0,26.746475,-0.0017472917,0,-4.6326903,7.6834467e-06,0
0.5,0,26.744706,-0.0018184686,0,-4.6234619,8.222902e-06,0
0.5,0,26.742855,-0.0018379352,0,-4.6142334,8.7097454e-06,0
0.5,0,26.740902,-0.0018012687,0,-4.6050049,9.1231546e-06,0
0.5,0,26.738828,-0.0017507184,0,-4.5957765,9.4475535e-06,0
0.5,0,26.736573,-0.0017390861,0,-4.586548,9.6753906e-06,0
0.5,0,26.734121,-0.0017967085,0,-4.5773195,9.8073526e-06,0
0.5,0,26.731606,-0.0019219686,0,-4.5680911,9.8504813e-06,0
0.5,0,26.729195,-0.0020905486,0,-4.5588626,9.8157791e-06,0
0.5,0,26.726913,-0.002271212,0,-4.5496341,9.7161509e-06,0
0.5,0,26.724657,-0.0024403581,0,-4.5404057,9.5643193e-06,0
0.5,0,26.722331,-0.0025908187,0,-4.5311772,9.3705525e-06,0
0.5,0,26.719933,-0.0027309816,0,-4.5219487,9.1411082e-06,0
0.5,0,26.717564,-0.0028735338,0,-4.5127203,8.8784036e-06,0
0.5,0,26.715391,-0.0030209697,0,-4.5034918,8.5829888e-06,0
0.5,0,26.713595,-0.0031586781,0,-4.4942633,8.2563557e-06,0
0.5,0,26.712322,-0.0032606064,0,-4.4850349,7.9028395e-06,0
0.5,0,26.711661,-0.0033043272,0,-4.4758064,7.5291356e-06,0
0.5,0,26.711632,-0.0032877405,0,-4.4665779,7.1416378e-06,0
0.5,0,26.71221,-0.0032368351,0,-4.4573495,6.7436275e-06,0
0.5,0,26.713401,-0.0031958445,0,-4.448121,6.3345178e-06,0
0.5,0,26.715345,-0.003203196,0,-4.4388925,5.9117463e-06,0
0.5,0,26.718383,-0.0032700861,0,-4.4296641,5.473937e-06,0
0.5,0,26.72293,-0.0033767879,0,-4.4204356,5.0230889e-06,0
0.5,0,26.729158,-0.0034869872,0,-4.4112071,4.5645429e-06,0
0.5,0,26.736665,-0.003567451,0,-4.4019787,4.1051616e-06,0
0.5,0,26.744404,-0.0036040626,0,-4.3927502,3.6507844e-06,0
0.5,0,26.75106,-0.0036100032,0,-4.3835217,3.2036545e-06,0
0.5,0,26.75567,-0.0036164909,0,-4.3742933,2.7607457e-06,0
0.5,0,26.758086,-0.0036444804,0,-4.3650648,2.3148442e-06,0
0.5,0,26.758841,-0.0036842795,0,-4.3558363,1.8587177e-06,0
0.5,0,26.758394,-0.0036919779,0,-4.3466079,1.3891524e-06,0
0.5,0,26.75616,-0.003620279,0,-4.3373794,9.0699724e-07,0
0.5,0,26.750575,-0.0035977467,0,-4.3281509,4.0926924e-07,0
0.5,0,26.714581,-0.0063048823,0,-2.9807948,5.8326624e-08,0
0.5,0,26.720936,-0.006149182,0,-2.9715663,3.3527297e-07,0
0.5,0,26.726813,-0.0057582396,0,-2.9623378,6.1321657e-07,0
0.5,0,26.73269,-0.0053173576,0,-2.9531094,8.7264417e-07,0
0.5,0,26.738758,-0.0049203046,0,-2.9438809,1.105384e-06,0
0.5,0,26.744476,-0.0045684278,0,-2.9346524,1.3087754e-06,0
0.5,0,26.748948,-0.0042561275,0,-2.925424,1.4810673e-06,0
0.5,0,26.751533,-0.0039916777,0,-2.9161955,1.6219547e-06,0
0.5,0,26.752186,-0.0037804964,0,-2.906967,1.7329949e-06,0
0.5,0,26.751372,-0.0036111939,0,-2.8977386,1.8164702e-06,0
0.5,0,26.749736,-0.0034635471,0,-2.8885101,1.8743522e-06,0
0.5,0,26.747821,-0.0033331301,0,-2.8792816,1.9093864e-06,0
0.5,0,26.74596,-0.0032440397,0,-2.8700532,1.9277824e-06,0
0.5,0,26.744316,-0.0032303521,0,-2.8608247,1.9403084e-06,0
0.5,0,26.742953,-0.0033030408,0,-2.8515962,1.9595131e-06,0
0.5,0,26.741884,-0.0034363338,0,-2.8423678,1.9946721e-06,0
0.5,0,26.741088,-0.0035848227,0,-2.8331393,2.0483051e-06,0
0.5,0,26.740512,-0.0037106733,0,-2.8239108,2.1164083e-06,0
0.5,0,26.740093,-0.003796158,0,-2.8146824,2.1913342e-06,0
0.5,0,26.739785,-0.0038372975,0,-2.8054539,2.2649048e-06,0
0.5,0,26.739574,-0.0038318408,0,-2.7962254,2.3302612e-06,0
0.5,0,26.739468,-0.0037749169,0,-2.786997,2.3823371e-06,0
0.5,0,26.739474,-0.0036650928,0,-2.7777685,2.4175048e-06,0
0.5,0,26.739571,-0.003514124,0,-2.76854,2.4329957e-06,0
0.5,0,26.739719,-0.0033508369,0,-2.7593116,2.4265834e-06,0
0.5,0,26.73988,-0.0032137507,0,-2.7500831,2.3967961e-06,0
0.5,0,26.740054,-0.0031355101,0,-2.7408546,2.3435306e-06,0
0.5,0,26.740287,-0.0031289798,0,-2.7316262,2.2685948e-06,0
0.5,0,26.740657,-0.003184136,0,-2.7223977,2.1757168e-06,0
0.5,0,26.741228,-0.0032765444,0,-2.7131692,2.0699279e-06,0
0.5,0,26.742017,-0.0033795958,0,-2.7039408,1.9566586e-06,0
0.5,0,26.742972,-0.0034715964,0,-2.6947123,1.8410716e-06,0
0.5,0,26.744006,-0.0035358083,0,-2.6854838,1.7279596e-06,0
0.5,0,26.745038,-0.0035591894,0,-2.6762554,1.6219829e-06,0
0.5,0,26.746031,-0.0035359105,0,-2.6670269,1.5275076e-06,0
0.5,0,26.746994,-0.0034733243,0,-2.6577984,1.4474982e-06,0
0.5,0,26.747923,-0.0033910531,0,-2.64857,1.3820887e-06,0
0.5,0,26.748724,-0.0033086834,0,-2.6393415,1.3285087e-06,0
0.5,0,26.749183,-0.0032412463,0,-2.630113,1.2824993e-06,0
0.5,0,26.748949,-0.0032045726,0,-2.6208846,1.2389993e-06,0
0.5,0,26.747704,-0.0032041032,0,-2.6116561,1.1921716e-06,0
0.5,0,26.745194,-0.0032295022,0,-2.6024276,1.1380515e-06,0
0.5,0,26.741383,-0.0032605214,0,-2.5931992,1.0773898e-06,0
0.5,0,26.736711,-0.0032854681,0,-2.5839707,1.0131302e-06,0
0.5,0,26.731769,-0.003316689,0,-2.5747422,9.4722691e-07,0
0.5,0,26.726954,-0.003368326,0,-2.5655138,8.809338e-07,0
0.5,0,26.722485,-0.0034412739,0,-2.5562853,8.1437844e-07,0
0.5,0,26.718541,-0.0035295349,0,-2.5470568,7.4567013e-07,0
0.5,0,26.715244,-0.0036185099,0,-2.5378284,6.7212908e-07,0
0.5,0,26.712535,-0.0036836884,0,-2.5285999,5.9193136e-07,0
0.5,0,26.710154,-0.00369577,0,-2.5193714,5.0426657e-07,0
0.5,0,26.70771,-0.0036317741,0,-2.510143,4.076393e-07,0
0.5,0,26.704736,-0.0035146386,0,-2.5009145,2.95669e-07,0
0.5,0,26.701152,-0.0034788586,0,-2.491686,1.5623884e-07,0
0.5,0,26.745267,-0.0056765821,0,-1.8733788,1.9448776e-07,0
0.5,0,26.74675,-0.005424984,0,-1.8641503,4.2111571e-07,0
0.5,0,26.747415,-0.0050813459,0,-1.8549218,6.5960297e-07,0
0.5,0,26.747715,-0.0047997177,0,-1.8456934,9.066921e-07,0
0.5,0,26.74792,-0.004599415,0,-1.8364649,1.1646558e-06,0
0.5,0,26.748093,-0.0044289291,0,-1.8272364,1.4296674e-06,0
0.5,0,26.748366,-0.0042301396,0,-1.818008,1.6919373e-06,0
0.5,0,26.748713,-0.0039740155,0,-1.8087795,1.939644e-06,0
0.5,0,26.749068,-0.0036769729,0,-1.799551,2.1627214e-06,0
0.5,0,26.749349,-0.0033842611,0,-1.7903226,2.3569883e-06,0
0.5,0,26.749495,-0.0031308532,0,-1.7810941,2.5245941e-06,0
0.5,0,26.749489,-0.0029136614,0,-1.7718656,2.6697706e-06,0
0.5,0,26.749299,-0.0027011586,0,-1.7626372,2.7944399e-06,0
0.5,0,26.748876,-0.0024700932,0,-1.7534087,2.8975721e-06,0
0.5,0,26.748167,-0.0022322606,0,-1.7441802,2.9781375e-06,0
0.5,0,26.74715,-0.0020286312,0,-1.7349518,3.0383781e-06,0
0.5,0,26.745855,-0.0018998229,0,-1.7257233,3.0843068e-06,0
0.5,0,26.744365,-0.0018600336,0,-1.7164948,3.1231766e-06,0
0.5,0,26.742812,-0.0018932538,0,-1.7072664,3.1602251e-06,0
0.5,0,26.741342,-0.0019693627,0,-1.6980379,3.1972413e-06,0
0.5,0,26.740068,-0.0020638204,0,-1.6888094,3.2337577e-06,0
0.5,0,26.739027,-0.0021660478,0,-1.679581,3.2696861e-06,0
0.5,0,26.738175,-0.002273989,0,-1.6703525,3.3074426e-06,0
0.5,0,26.737415,-0.0023829126,0,-1.661124,3.3523351e-06,0
0.5,0,26.736656,-0.0024789385,0,-1.6518956,3.4112923e-06,0
0.5,0,26.735848,-0.002541002,0,-1.6426671,3.4909126e-06,0
0.5,0,26.734996,-0.0025481102,0,-1.6334386,3.5958526e-06,0
0.5,0,26.734144,-0.0024883116,0,-1.6242102,3.7280699e-06,0
0.5,0,26.73334,-0.0023635421,0,-1.6149817,3.8868634e-06,0
0.5,0,26.732601,-0.002188075,0,-1.6057532,4.0694024e-06,0
0.5,0,26.731913,-0.0019841376,0,-1.5965248,4.2714178e-06,0
0.5,0,26.731244,-0.0017764294,0,-1.5872963,4.4878846e-06,0
0.5,0,26.730576,-0.0015869992,0,-1.5780678,4.7134981e-06,0
0.5,0,26.729914,-0.0014315112,0,-1.5688394,4.9429638e-06,0
0.5,0,26.729279,-0.0013173227,0,-1.5596109,5.1713884e-06,0
0.5,0,26.728693,-0.0012440554,0,-1.5503824,5.3947617e-06,0
0.5,0,26.728161,-0.0012054581,0,-1.541154,5.6104232e-06,0
0.5,0,26.727676,-0.0011916774,0,-1.5319255,5.8172646e-06,0
0.5,0,26.727222,-0.001191876,0,-1.522697,6.0153487e-06,0
0.5,0,26.726788,-0.0011958644,0,-1.5134686,6.2049924e-06,0
0.5,0,26.726369,-0.0011956094,0,-1.5042401,6.3857018e-06,0
0.5,0,26.725967,-0.0011864454,0,-1.4950116,6.5555012e-06,0
0.5,0,26.725585,-0.0011673456,0,-1.4857832,6.7110669e-06,0
0.5,0,26.725224,-0.0011412379,0,-1.4765547,6.8486225e-06,0
0.5,0,26.724888,-0.0011142919,0,-1.4673262,6.9651846e-06,0
0.5,0,26.72458,-0.0010935314,0,-1.4580978,7.0595716e-06,0
0.5,0,26.724305,-0.001083733,0,-1.4488693,7.1327114e-06,0
0.5,0,26.724065,-0.0010855542,0,-1.4396408,7.1871498e-06,0
0.5,0,26.723859,-0.001095747,0,-1.4304124,7.2260591e-06,0
0.5,0,26.723694,-0.0011086294,0,-1.4211839,7.2522582e-06,0
0.5,0,26.72358,-0.001117864,0,-1.4119554,7.2676658e-06,0
0.5,0,26.72354,-0.0011180022,0,-1.402727,7.2732827e-06,0
0.5,0,26.723587,-0.0011058573,0,-1.3934985,7.2694697e-06,0
0.5,0,26.723701,-0.0010807466,0,-1.38427,7.2562732e-06,0
0.5,0,26.723809,-0.0010436462,0,-1.3750416,7.2337383e-06,0
0.5,0,26.7238,-0.00099683534,0,-1.3658131,7.202208e-06,0
0.5,0,26.72357,-0.00094421712,0,-1.3565846,7.1625484e-06,0
0.5,0,26.723082,-0.00089149716,0,-1.3473562,7.1162067e-06,0
0.5,0,26.722398,-0.00084435605,0,-1.3381277,7.0650821e-06,0
0.5,0,26.721673,-0.00080555767,0,-1.3288992,7.0112064e-06,0
0.5,0,26.721096,-0.00077459913,0,-1.3196708,6.9563149e-06,0
0.5,0,26.720816,-0.00074915986,0,-1.3104423,6.9015992e-06,0
0.5,0,26.720892,-0.00072610318,0,-1.3012138,6.8477638e-06,0
0.5,0,26.721276,-0.00070215487,0,-1.2919854,6.7951709e-06,0
0.5,0,26.721847,-0.00067426155,0,-1.2827569,6.7438968e-06,0
0.5,0,26.722462,-0.000639873,0,-1.2735284,6.6937439e-06,0
0.5,0,26.723006,-0.00059791208,0,-1.2643,6.6443403e-06,0
0.5,0,26.723418,-0.000550343,0,-1.2550715,6.5953885e-06,0
0.5,0,26.723693,-0.000504274,0,-1.245843,6.5468856e-06,0
0.5,0,26.723864,-0.00047238724,0,-1.2366146,6.499015e-06,0
0.5,0,26.723986,-0.0004661555,0,-1.2273861,6.4519223e-06,0
0.5,0,26.724111,-0.00048348868,0,-1.2181576,6.4062783e-06,0
0.5,0,26.724281,-0.0005083972,0,-1.2089292,6.3644157e-06,0
0.5,0,26.724527,-0.00052840884,0,-1.1997007,6.3299359e-06,0
0.5,0,26.724789,-0.00054187596,0,-1.1904722,6.3055551e-06,0
0.5,0,26.72519,-0.00054074313,0,-1.1812438,6.2924247e-06,0
0.5,0,26.725636,-0.00052489519,0,-1.1720153,6.2905306e-06,0
0.5,0,26.726041,-0.00050473497,0,-1.1627868,6.2991583e-06,0
0.5,0,26.726456,-0.00047286353,0,-1.1535583,6.3176385e-06,0
0.5,0,26.726753,-0.00042355229,0,-1.1443299,6.3449276e-06,0
0.5,0,26.726994,-0.00036525831,0,-1.1351014,6.3792957e-06,0
0.5,0,26.7272,-0.00030753348,0,-1.1258729,6.4192941e-06,0
0.5,0,26.727362,-0.00026069018,0,-1.1166445,6.4645243e-06,0
0.5,0,26.72747,-0.00023277895,0,-1.107416,6.5154159e-06,0
0.5,0,26.727492,-0.00022558668,0,-1.0981875,6.5728464e-06,0
0.5,0,26.727439,-0.00023792697,0,-1.0889591,6.637846e-06,0
0.5,0,26.727342,-0.00026669854,0,-1.0797306,6.7110204e-06,0
0.5,0,26.727232,-0.00030619606,0,-1.0705021,6.7918132e-06,0
0.5,0,26.727162,-0.00034782044,0,-1.0612737,6.8782462e-06,0
0.5,0,26.727192,-0.0003798322,0,-1.0520452,6.9672231e-06,0
0.5,0,26.727318,-0.00039099172,0,-1.0428167,7.0551391e-06,0
0.5,0,26.727428,-0.00037529681,0,-1.0335883,7.1388112e-06,0
0.5,0,26.727243,-0.00032369611,0,-1.0243598,7.2164827e-06,0
0.5,0,26.727042,-0.00025367549,0,-1.0151313,7.2882286e-06,0
0.5,0,26.72686,-0.00019136437,0,-1.0059029,7.3554256e-06,0
0.5,0,26.726287,-0.00013912371,0,-0.99667441,7.4196828e-06,0
0.5,0,26.725399,-9.7754756e-05,0,-0.98744595,7.4819692e-06,0
0.5,0,26.724332,-6.5169636e-05,0,-0.97821748,7.5424506e-06,0
0.5,0,26.723246,-3.8570979e-05,0,-0.96898901,7.6010437e-06,0
0.5,0,26.722252,-1.6486266e-05,0,-0.95976055,7.6582988e-06,0
0.5,0,26.721381,5.403187e-07,0,-0.95053208,7.7161037e-06,0
0.5,0,26.720609,1.1073941e-05,0,-0.94130361,7.7778118e-06,0
0.5,0,26.719898,1.4526573e-05,0,-0.93207515,7.8476967e-06,0
0.5,0,26.719225,1.1926002e-05,0,-0.92284668,7.9300273e-06,0
0.5,0,26.718598,5.1968636e-06,0,-0.91361821,8.0282154e-06,0
0.5,0,26.718038,-3.9069918e-06,0,-0.90438975,8.1443738e-06,0
0.5,0,26.717552,-1.3907319e-05,0,-0.89516128,8.2793491e-06,0
0.5,0,26.717136,-2.281122e-05,0,-0.88593281,8.4330466e-06,0
0.5,0,26.716793,-2.734224e-05,0,-0.87670435,8.6047914e-06,0
0.5,0,26.716531,-2.2905577e-05,0,-0.86747588,8.7936163e-06,0
0.5,0,26.716346,-4.7207715e-06,0,-0.85824741,8.998513e-06,0
0.5,0,26.716221,3.0670163e-05,0,-0.84901895,9.2186336e-06,0
0.5,0,26.716136,8.4546628e-05,0,-0.83979048,9.4532917e-06,0
0.5,0,26.716079,0.00015485789,0,-0.83056201,9.7016355e-06,0
0.5,0,26.716044,0.00023439796,0,-0.82133354,9.9621233e-06,0
0.5,0,26.716032,0.00031080652,0,-0.81210508,1.0232073e-05,0
0.5,0,26.716044,0.00037065278,0,-0.80287661,1.0507487e-05,0
0.5,0,26.716076,0.00040609669,0,-0.79364814,1.0783324e-05,0
0.5,0,26.716118,0.0004200656,0,-0.78441968,1.1054266e-05,0
0.5,0,26.716152,0.00042703468,0,-0.77519121,1.1315793e-05,0
0.5,0,26.716164,0.00044892159,0,-0.76596274,1.1565045e-05,0
0.5,0,26.716161,0.0005068385,0,-0.75673428,1.1801092e-05,0
0.5,0,26.716175,0.00061150529,0,-0.74750581,1.2024543e-05,0
0.5,0,26.716253,0.00075815542,0,-0.73827734,1.2236811e-05,0
0.5,0,26.716438,0.00092998482,0,-0.72904888,1.2439564e-05,0
0.5,0,26.716746,0.0011076709,0,-0.71982041,1.2634593e-05,0
0.5,0,26.717138,0.0012781005,0,-0.71059194,1.2824273e-05,0
0.5,0,26.717512,0.0014429871,0,-0.70136348,1.3012947e-05,0
0.5,0,26.717745,0.0016162539,0,-0.69213501,1.3207861e-05,0
0.5,0,26.71776,0.0018102411,0,-0.68290654,1.3418536e-05,0
0.5,0,26.717561,0.0020275318,0,-0.67367808,1.3655259e-05,0
0.5,0,26.71722,0.0022575927,0,-0.66444961,1.3927151e-05,0
0.5,0,26.716834,0.0024778864,0,-0.65522114,1.4240321e-05,0
0.5,0,26.716477,0.0026603593,0,-0.64599268,1.459673e-05,0
0.5,0,26.716178,0.0027817651,0,-0.63676421,1.4994148e-05,0
0.5,0,26.715933,0.0028343509,0,-0.62753574,1.5427335e-05,0
0.5,0,26.715719,0.002833699,0,-0.61830728,1.5890253e-05,0
0.5,0,26.715533,0.0028193456,0,-0.60907881,1.637856e-05,0
0.5,0,26.7153,0.0028407466,0,-0.59985034,1.6891039e-05,0
0.5,0,26.715051,0.0029296404,0,-0.59062187,1.7428337e-05,0
0.5,0,26.714738,0.0030575799,0,-0.58139341,1.7987474e-05,0
0.5,0,26.714308,0.0031062003,0,-0.57216494,1.8553582e-05,0
0.5,0,26.713886,0.002904466,0,-0.56293647,1.9093557e-05,0
0.5,0,26.713553,0.0023436644,0,-0.55370801,1.9559912e-05,0
0.5,0,26.713432,0.0015483431,0,-0.54447954,1.9913498e-05,0
0.5,0,26.713585,0.0010102708,0,-0.53525107,2.0164155e-05,0
0.5,0,26.713913,0.0015215007,0,-0.52602261,2.0411766e-05,0
0.5,0,26.714077,0.0037950035,0,-0.51679414,2.0853593e-05,0
0.5,0,26.713539,0.0078349769,0,-0.50756567,2.1722584e-05,0
0.5,0,26.711794,0.012376551,0,-0.49833721,2.3149549e-05,0
0.5,0,26.708786,0.014900934,0,-0.48910874,2.4997585e-05,0
0.5,0,26.705264,0.012599691,0,-0.47988027,2.6770864e-05,0
0.5,0,26.702713,0.0040845897,0,-0.47065181,2.7705193e-05,0
0.5,0,26.702719,-0.0090694953,0,-0.46142334,2.7075425e-05,0
0.5,0,26.706071,-0.022081957,0,-0.45219487,2.4625652e-05,0
0.5,0,26.712204,-0.028551152,0,-0.44296641,2.0914876e-05,0
0.5,0,26.719347,-0.023255423,0,-0.43373794,1.7356064e-05,0
0.5,0,26.724826,-0.0046893573,0,-0.42450947,1.5835483e-05,0
0.5,0,26.725158,0.023665159,0,-0.41528101,1.7992973e-05,0
0.5,0,26.717358,0.053438593,0,-0.40605254,2.4467054e-05,0
0.5,0,26.701639,0.074094839,0,-0.39682407,3.450554e-05,0
0.5,0,26.682243,0.077998795,0,-0.38759561,4.6125893e-05,0
0.5,0,26.665098,0.06363508,0,-0.37836714,5.6697947e-05,0
0.5,0,26.654811,0.034968511,0,-0.36913867,6.3698743e-05,0
0.5,0,26.653083,-0.00098669376,0,-0.35991021,6.5367589e-05,0
0.5,0,26.658741,-0.036577973,0,-0.35068174,6.1058095e-05,0
0.5,0,26.668794,-0.065418957,0,-0.34145327,5.1250159e-05,0
0.5,0,26.679433,-0.083466087,0,-0.3322248,3.7306284e-05,0
0.5,0,26.686619,-0.089201614,0,-0.32299634,2.1107305e-05,0
0.5,0,26.689695,-0.08484533,0,-0.31376787,4.7359882e-06,0
0.5,0,26.679575,0.08162894,0,-0.25839707,3.2651147e-08,0
0.5,0,26.675546,0.11764082,0,-0.2491686,2.2502964e-05,0
0.5,0,26.666091,0.1460532,0,-0.23994014,5.0731493e-05,0
0.5,0,26.651647,0.16478562,0,-0.23071167,8.3758252e-05,0
0.5,0,26.628076,0.17700398,0,-0.2214832,0.00012025355,0
0.5,0,26.595275,0.18278906,0,-0.21225474,0.00015867215,0
0.5,0,26.56115,0.1819358,0,-0.20302627,0.00019748602,0
0.5,0,26.534752,0.17510341,0,-0.1937978,0.00023514067,0
0.5,0,26.518064,0.16257819,0,-0.18456934,0.00027006554,0
0.5,0,26.505221,0.14486908,0,-0.17534087,0.0003007111,0
0.5,0,26.489346,0.12327603,0,-0.1661124,0.00032561026,0
0.5,0,26.469334,0.0990448,0,-0.15688394,0.00034353661,0
0.5,0,26.450166,0.072495015,0,-0.14765547,0.00035365327,0
0.5,0,26.437833,0.043233204,0,-0.138427,0.00035547498,0
0.5,0,26.43478,0.010941489,0,-0.12919854,0.00034868463,0
0.5,0,26.439488,-0.023877738,0,-0.11997007,0.00033302831,0
0.5,0,26.448875,-0.05951003,0,-0.1107416,0.00030838102,0
0.5,0,26.460562,-0.093635817,0,-0.10151313,0.00027484214,0
0.5,0,26.473616,-0.12476951,0,-0.092284668,0.00023271428,0
0.5,0,26.488217,-0.15279009,0,-0.083056201,0.00018241443,0
0.5,0,26.504009,-0.1783119,0,-0.073827734,0.00012445625,0
0.5,0,26.51866,-0.19983838,0,-0.064599268,5.9453646e-05,0
0.5,0,26.560621,-0.089746044,0,0.0092284668,-0.00049323188,0
0.5,0,26.561299,-0.044840411,0,0.018456934,-0.00050089976,0
0.5,0,26.563299,-0.03185156,0,0.0276854,-0.00049893853,0
0.5,0,26.566342,-0.025999157,0,0.036913867,-0.00049217447,0
0.5,0,26.570307,-0.021155929,0,0.046142334,-0.0004824285,0
0.5,0,26.574947,-0.016771059,0,0.055370801,-0.00047081926,0
0.5,0,26.57918,-0.012650722,0,0.064599268,-0.00045810973,0
0.5,0,26.581984,-0.0090763879,0,0.073827734,-0.00044473369,0
0.5,0,26.583418,-0.0066088464,0,0.083056201,-0.00043087521,0
0.5,0,26.585244,-0.0056846064,0,0.092284668,-0.0004165444,0
0.5,0,26.590155,-0.0061841725,0,0.10151313,-0.00040169763,0
0.5,0,26.600048,-0.0074781418,0,0.1107416,-0.00038636713,0
0.5,0,26.615047,-0.0089334519,0,0.11997007,-0.00037070501,0
0.5,0,26.633085,-0.010302453,0,0.12919854,-0.00035491493,0
0.5,0,26.650856,-0.011609437,0,0.138427,-0.00033914687,0
0.5,0,26.665393,-0.012756867,0,0.14765547,-0.00032344957,0
0.5,0,26.675227,-0.013372515,0,0.15688394,-0.00030780669,0
0.5,0,26.68059,-0.013093875,0,0.1661124,-0.00029220693,0
0.5,0,26.682823,-0.011987335,0,0.17534087,-0.00027668276,0
0.5,0,26.683051,-0.010702755,0,0.18456934,-0.00026129565,0
0.5,0,26.682517,-0.010151526,0,0.1937978,-0.0002460936,0
0.5,0,26.681442,-0.010963845,0,0.20302627,-0.00023107956,0
0.5,0,26.679616,-0.013137532,0,0.21225474,-0.00021622591,0
0.5,0,26.677593,-0.015969556,0,0.2214832,-0.00020151839,0
0.5,0,26.675568,-0.018371898,0,0.23071167,-0.00018697529,0
0.5,0,26.674004,-0.019468381,0,0.23994014,-0.00017262378,0
0.5,0,26.673308,-0.019074163,0,0.2491686,-0.00015845723,0
0.5,0,26.673627,-0.017781889,0,0.25839707,-0.00014442141,0
0.5,0,26.674983,-0.016608043,0,0.26762554,-0.00013045491,0
0.5,0,26.677255,-0.016405507,0,0.276854,-0.00011655426,0
0.5,0,26.680084,-0.01737814,0,0.28608247,-0.00010279888,0
0.5,0,26.682728,-0.019018209,0,0.29531094,-8.9296681e-05,0
0.5,0,26.684442,-0.020558158,0,0.3045394,-7.6093792e-05,0
0.5,0,26.685154,-0.021541339,0,0.31376787,-6.3138612e-05,0
0.5,0,26.684952,-0.022032409,0,0.32299634,-5.0333353e-05,0
0.5,0,26.684046,-0.02227819,0,0.3322248,-3.7626124e-05,0
0.5,0,26.68489,-0.021859405,0,0.34145327,-2.5007946e-05,0
0.5,0,26.689949,-0.022690928,0,0.35068174,-1.2484532e-05,0
0.5,0,26.698948,-0.024786708,0,0.35991021,-2.925939e-07,0
0.5,0,26.699231,-0.024782801,0,0.36014196,-2.5804012e-15,0
0.5,0,26.709034,-0.0033470743,0,2.8423678,-7.3906979e-08,0
0.5,0,26.71008,-0.0032615653,0,2.8374642,-2.5804012e-15,0
0.5,0,26.70798,-0.0035622894,0,2.8515962,-2.2027273e-07,0
0.5,0,26.707626,-0.0037541706,0,2.8608247,-3.581338e-07,0
0.5,0,26.707698,-0.0039392089,0,2.8700532,-4.7393614e-07,0
0.5,0,26.708064,-0.0041206831,0,2.8792816,-5.5941355e-07,0
0.5,0,26.708643,-0.0042889049,0,2.8885101,-6.1341192e-07,0
0.5,0,26.709335,-0.0044292177,0,2.8977386,-6.4114621e-07,0
0.5,0,26.710016,-0.0045276304,0,2.906967,-6.5054609e-07,0
0.5,0,26.710546,-0.004573345,0,2.9161955,-6.4821806e-07,0
0.5,0,26.710837,-0.0045666647,0,2.925424,-6.3803315e-07,0
0.5,0,26.710982,-0.0045279202,0,2.9346524,-6.2209437e-07,0
0.5,0,26.711242,-0.0044892565,0,2.9438809,-6.0207985e-07,0
0.5,0,26.7119,-0.0044771072,0,2.9531094,-5.7992147e-07,0
0.5,0,26.713171,-0.0044995366,0,2.9623378,-5.5730564e-07,0
0.5,0,26.715184,-0.0045470979,0,2.9715663,-5.347061e-07,0
0.5,0,26.7179,-0.0046044185,0,2.9807948,-5.1056651e-07,0
0.5,0,26.721091,-0.0046618022,0,2.9900232,-4.8111022e-07,0
0.5,0,26.724481,-0.0047198368,0,2.9992517,-4.4106876e-07,0
0.5,0,26.72783,-0.0047889876,0,3.0084802,-3.8524553e-07,0
0.5,0,26.730859,-0.0048831071,0,3.0177086,-3.0965129e-07,0
0.5,0,26.733307,-0.0050071476,0,3.0269371,-2.1069913e-07,0
0.5,0,26.735104,-0.005156277,0,3.0361656,-8.2977413e-08,0
0.5,0,26.735741,-0.0052142574,0,3.0409268,-2.5804012e-15,0
0.5,0,26.750321,-0.0041505775,0,3.5898736,-1.5620237e-08,0
0.5,0,26.750355,-0.0041348061,0,3.5884118,-2.5804012e-15,0
0.5,0,26.749373,-0.0043401542,0,3.5991021,-1.2705918e-07,0
0.5,0,26.747335,-0.0044965757,0,3.6083305,-2.5478098e-07,0
0.5,0,26.743962,-0.0045924139,0,3.617559,-3.9808492e-07,0
0.5,0,26.739432,-0.0046438503,0,3.6267875,-5.5445602e-07,0
0.5,0,26.734375,-0.0046696488,0,3.6360159,-7.2161924e-07,0
0.5,0,26.729608,-0.004688353,0,3.6452444,-8.9741879e-07,0
0.5,0,26.725813,-0.0047105801,0,3.6544729,-1.0795171e-06,0
0.5,0,26.723298,-0.0047417194,0,3.6637013,-1.2654776e-06,0
0.5,0,26.721934,-0.0047889644,0,3.6729298,-1.451986e-06,0
0.5,0,26.721301,-0.0048553235,0,3.6821583,-1.6342228e-06,0
0.5,0,26.720918,-0.0049273369,0,3.6913867,-1.8073659e-06,0
0.5,0,26.720404,-0.0049777721,0,3.7006152,-1.9694672e-06,0
0.5,0,26.719526,-0.0049861464,0,3.7098437,-2.1224529e-06,0
0.5,0,26.718194,-0.0049557628,0,3.7190721,-2.2701025e-06,0
0.5,0,26.716465,-0.0049081367,0,3.7283006,-2.4152125e-06,0
0.5,0,26.714523,-0.004864527,0,3.7375291,-2.5584978e-06,0
0.5,0,26.712616,-0.0048358894,0,3.7467575,-2.6992819e-06,0
0.5,0,26.710946,-0.0048264007,0,3.755986,-2.8363154e-06,0
0.5,0,26.709597,-0.004840193,0,3.7652145,-2.9677647e-06,0
0.5,0,26.708514,-0.0048814478,0,3.7744429,-3.0908749e-06,0
0.5,0,26.707553,-0.0049484603,0,3.7836714,-3.2022697e-06,0
0.5,0,26.706561,-0.0050302627,0,3.7928999,-3.2991979e-06,0
0.5,0,26.705449,-0.0051110977,0,3.8021283,-3.3810277e-06,0
0.5,0,26.70423,-0.0051784002,0,3.8113568,-3.449696e-06,0
0.5,0,26.703026,-0.0052277785,0,3.8205853,-3.5084967e-06,0
0.5,0,26.702043,-0.0052627201,0,3.8298137,-3.5602079e-06,0
0.5,0,26.701503,-0.0052895274,0,3.8390422,-3.6061882e-06,0
0.5,0,26.701552,-0.0053119995,0,3.8482707,-3.6469405e-06,0
0.5,0,26.702188,-0.0053305936,0,3.8574991,-3.6832925e-06,0
0.5,0,26.703246,-0.0053453542,0,3.8667276,-3.717146e-06,0
0.5,0,26.704463,-0.005359003,0,3.8759561,-3.7512575e-06,0
0.5,0,26.705593,-0.0053768852,0,3.8851845,-3.788091e-06,0
0.5,0,26.706507,-0.0054029297,0,3.894413,-3.8283809e-06,0
0.5,0,26.707214,-0.0054350184,0,3.9036415,-3.8702982e-06,0
0.5,0,26.707794,-0.0054645303,0,3.9128699,-3.9097254e-06,0
0.5,0,26.708309,-0.0054810921,0,3.9220984,-3.9415675e-06,0
0.5,0,26.708753,-0.0054826862,0,3.9313269,-3.9618033e-06,0
0.5,0,26.709073,-0.0054782753,0,3.9405553,-3.9697404e-06,0
0.5,0,26.709206,-0.0054792166,0,3.9497838,-3.9670132e-06,0
0.5,0,26.70913,-0.0054970325,0,3.9590123,-3.957547e-06,0
0.5,0,26.708856,-0.005538298,0,3.9682407,-3.9475644e-06,0
0.5,0,26.708395,-0.0055906911,0,3.9774692,-3.9425734e-06,0
0.5,0,26.707643,-0.005662043,0,3.9866977,-3.9457779e-06,0
0.5,0,26.706453,-0.0058732094,0,3.9959261,-3.9569177e-06,0
0.5,0,26.704348,-0.0060107724,0,4.0051546,-3.9719567e-06,0
0.5,0,26.7029,-0.0059476904,0,4.0143831,-3.9837635e-06,0
0.5,0,26.702631,-0.0058626964,0,4.0236115,-3.9835679e-06,0
0.5,0,26.702219,-0.0057537137,0,4.03284,-3.963051e-06,0
0.5,0,26.701852,-0.0056367174,0,4.0420685,-3.9162082e-06,0
0.5,0,26.701551,-0.0055292128,0,4.0512969,-3.8401599e-06,0
0.5,0,26.701275,-0.0054414691,0,4.0605254,-3.7345617e-06,0
0.5,0,26.700965,-0.0053759907,0,4.0697539,-3.6003735e-06,0
0.5,0,26.700595,-0.0053301606,0,4.0789823,-3.4389872e-06,0
0.5,0,26.700161,-0.0052981722,0,4.0882108,-3.2519871e-06,0
0.5,0,26.699697,-0.0052732332,0,4.0974393,-3.0411962e-06,0
0.5,0,26.699277,-0.0052486122,0,4.1066677,-2.8087849e-06,0
0.5,0,26.698947,-0.0052209365,0,4.1158962,-2.5577121e-06,0
0.5,0,26.698687,-0.0051960337,0,4.1251247,-2.2926458e-06,0
0.5,0,26.698449,-0.0051885375,0,4.1343531,-2.0208438e-06,0
0.5,0,26.698201,-0.005209757,0,4.1435816,-1.7520479e-06,0
0.5,0,26.697934,-0.0052542263,0,4.1528101,-1.49674e-06,0
0.5,0,26.697661,-0.0053013799,0,4.1620385,-1.2632621e-06,0
0.5,0,26.697411,-0.0053302405,0,4.171267,-1.0555119e-06,0
0.5,0,26.697254,-0.005328166,0,4.1804955,-8.7256333e-07,0
0.5,0,26.697308,-0.0052892992,0,4.1897239,-7.0972979e-07,0
0.5,0,26.697851,-0.0052151443,0,4.1989524,-5.59834e-07,0
0.5,0,26.698815,-0.0051382721,0,4.2081809,-4.1530438e-07,0
0.5,0,26.700635,-0.0050929223,0,4.2174093,-2.7020488e-07,0
0.5,0,26.703198,-0.005098729,0,4.2266378,-1.1590442e-07,0
0.5,0,26.705075,-0.0050925405,0,4.2327853,-2.5804012e-15,0
0.5,0,26.72517,-0.0033248672,0,4.7157465,-1.662992e-07,0
0.5,0,26.729928,-0.0031511601,0,4.7094435,-2.5804012e-15,0
0.5,0,26.719384,-0.0036027987,0,4.724975,-4.1987785e-07,0
0.5,0,26.71562,-0.0038318912,0,4.7342035,-6.6826962e-07,0
0.5,0,26.713687,-0.0040341361,0,4.7434319,-9.002987e-07,0
0.5,0,26.713021,-0.0042063778,0,4.7526604,-1.1102469e-06,0
0.5,0,26.712906,-0.0043492606,0,4.7618889,-1.2951252e-06,0
0.5,0,26.712923,-0.0044697269,0,4.7711173,-1.4540025e-06,0
0.5,0,26.712852,-0.0045672543,0,4.7803458,-1.5882473e-06,0
0.5,0,26.712615,-0.0046328029,0,4.7895743,-1.7014706e-06,0
0.5,0,26.712255,-0.0046575521,0,4.7988027,-1.7985844e-06,0
0.5,0,26.711868,-0.0046488402,0,4.8080312,-1.8847578e-06,0
0.5,0,26.711565,-0.0046266976,0,4.8172597,-1.963946e-06,0
0.5,0,26.711431,-0.0046056451,0,4.8264881,-2.0374681e-06,0
0.5,0,26.711506,-0.0045966105,0,4.8357166,-2.1042504e-06,0
0.5,0,26.711784,-0.0046093356,0,4.8449451,-2.1617221e-06,0
0.5,0,26.712177,-0.004644099,0,4.8541735,-2.2069824e-06,0
0.5,0,26.712504,-0.0046887207,0,4.863402,-2.2382746e-06,0
0.5,0,26.712537,-0.0047245584,0,4.8726305,-2.2561862e-06,0
0.5,0,26.7121,-0.0047371092,0,4.8818589,-2.2636263e-06,0
0.5,0,26.711159,-0.0047274138,0,4.8910874,-2.264259e-06,0
0.5,0,26.709811,-0.0047094849,0,4.9003159,-2.2603761e-06,0
0.5,0,26.708214,-0.0046998747,0,4.9095443,-2.2516912e-06,0
0.5,0,26.706523,-0.0047069978,0,4.9187728,-2.2358548e-06,0
0.5,0,26.704895,-0.0047235597,0,4.9280013,-2.210371e-06,0
0.5,0,26.703512,-0.0047337901,0,4.9372297,-2.1744066e-06,0
0.5,0,26.702576,-0.0047250907,0,4.9464582,-2.1293592e-06,0
0.5,0,26.702244,-0.0046955679,0,4.9556867,-2.0782916e-06,0
0.5,0,26.702575,-0.0046538938,0,4.9649151,-2.0247976e-06,0
0.5,0,26.703506,-0.0046125436,0,4.9741436,-1.9720479e-06,0
0.5,0,26.704883,-0.0045801954,0,4.9833721,-1.9223306e-06,0
0.5,0,26.706501,-0.0045581062,0,4.9926005,-1.8769759e-06,0
0.5,0,26.708138,-0.0045415823,0,5.001829,-1.8363888e-06,0
0.5,0,26.709595,-0.0045244532,0,5.0110575,-1.8000549e-06,0
0.5,0,26.710719,-0.0045036818,0,5.0202859,-1.7666093e-06,0
0.5,0,26.711424,-0.0044818554,0,5.0295144,-1.7340924e-06,0
0.5,0,26.711704,-0.0044666965,0,5.0387429,-1.7004624e-06,0
0.5,0,26.711624,-0.0044676676,0,5.0479713,-1.6642442e-06,0
0.5,0,26.711309,-0.0044914056,0,5.0571998,-1.6250041e-06,0
0.5,0,26.710905,-0.0045370317,0,5.0664283,-1.5832945e-06,0
0.5,0,26.710536,-0.0045968407,0,5.0756567,-1.5401374e-06,0
0.5,0,26.710269,-0.0046572791,0,5.0848852,-1.4960537e-06,0
0.5,0,26.710113,-0.0047048842,0,5.0941137,-1.4509356e-06,0
0.5,0,26.710039,-0.0047346235,0,5.1033421,-1.4046607e-06,0
0.5,0,26.710012,-0.0047485322,0,5.1125706,-1.3572165e-06,0
0.5,0,26.710017,-0.0047533641,0,5.1217991,-1.3086696e-06,0
0.5,0,26.710056,-0.0047549746,0,5.1310275,-1.2590581e-06,0
0.5,0,26.710141,-0.0047548454,0,5.140256,-1.2082301e-06,0
0.5,0,26.710288,-0.0047553609,0,5.1494845,-1.1558086e-06,0
0.5,0,26.710551,-0.0047645736,0,5.1587129,-1.1017089e-06,0
0.5,0,26.711056,-0.0047925812,0,5.1679414,-1.0468227e-06,0
0.5,0,26.711992,-0.0048408899,0,5.1771699,-9.9279842e-07,0
0.5,0,26.713532,-0.0048961305,0,5.1863983,-9.4045825e-07,0
0.5,0,26.715729,-0.0049385317,0,5.1956268,-8.8817014e-07,0
0.5,0,26.718481,-0.0049585,0,5.2048553,-8.3214755e-07,0
0.5,0,26.721583,-0.0049632861,0,5.2140837,-7.6868794e-07,0
0.5,0,26.724822,-0.0049670143,0,5.2233122,-6.9618647e-07,0
0.5,0,26.728045,-0.0049770251,0,5.2325407,-6.151711e-07,0
0.5,0,26.73117,-0.0049940013,0,5.2417691,-5.2714622e-07,0
0.5,0,26.734115,-0.0050225969,0,5.2509976,-4.342139e-07,0
0.5,0,26.736703,-0.005072618,0,5.2602261,-3.3951815e-07,0
0.5,0,26.738655,-0.0051486588,0,5.2694545,-2.464499e-07,0
0.5,0,26.739707,-0.005244751,0,5.278683,-1.571036e-07,0
0.5,0,26.739781,-0.0053481447,0,5.2879115,-7.3118772e-08,0
0.5,0,26.739108,-0.0054034705,0,5.2970067,-2.5804012e-15,0
0.5,0,26.711995,-0.0033769215,0,5.3986531,-5.0112909e-08,0
0.5,0,26.71292,-0.0033679154,0,5.3940039,-2.5804012e-15,0
0.5,0,26.711178,-0.0034367459,0,5.4078815,-1.7238092e-07,0
0.5,0,26.71094,-0.0035130359,0,5.41711,-3.0881642e-07,0
0.5,0,26.710961,-0.0036571405,0,5.4263385,-4.4786239e-07,0
0.5,0,26.711131,-0.0038954288,0,5.4355669,-5.7580528e-07,0
0.5,0,26.711416,-0.0042106332,0,5.4447954,-6.809734e-07,0
0.5,0,26.711726,-0.0045597567,0,5.4540239,-7.5806245e-07,0
0.5,0,26.711918,-0.0048978585,0,5.4632523,-8.0874327e-07,0
0.5,0,26.71187,-0.0051911885,0,5.4724808,-8.3934202e-07,0
0.5,0,26.711531,-0.0054133122,0,5.4817093,-8.5888652e-07,0
0.5,0,26.710921,-0.005541522,0,5.4909377,-8.793059e-07,0
0.5,0,26.710129,-0.0055662873,0,5.5001662,-9.1580954e-07,0
0.5,0,26.709281,-0.0055012559,0,5.5093947,-9.8463336e-07,0
0.5,0,26.708495,-0.0053814622,0,5.5186231,-1.0981972e-06,0
0.5,0,26.707842,-0.0052514158,0,5.5278516,-1.2603317e-06,0
0.5,0,26.707338,-0.0051522574,0,5.5370801,-1.4648522e-06,0
0.5,0,26.706959,-0.0051109957,0,5.5463085,-1.6984317e-06,0
0.5,0,26.706665,-0.0051353984,0,5.555537,-1.9459442e-06,0
0.5,0,26.706415,-0.0052133463,0,5.5647655,-2.1950726e-06,0
0.5,0,26.706185,-0.0053191792,0,5.5739939,-2.4387202e-06,0
0.5,0,26.705965,-0.0054282755,0,5.5832224,-2.6752568e-06,0
0.5,0,26.705755,-0.0055236776,0,5.5924509,-2.9069784e-06,0
0.5,0,26.705558,-0.0055945789,0,5.6016793,-3.1377563e-06,0
0.5,0,26.705362,-0.0056369131,0,5.6109078,-3.37072e-06,0
0.5,0,26.705142,-0.0056530811,0,5.6201363,-3.6066042e-06,0
0.5,0,26.704896,-0.0056492872,0,5.6293647,-3.8434142e-06,0
0.5,0,26.704663,-0.0056328295,0,5.6385932,-4.0773196e-06,0
0.5,0,26.704448,-0.0056088354,0,5.6478217,-4.3041067e-06,0
0.5,0,26.704191,-0.0055790987,0,5.6570501,-4.5203413e-06,0
0.5,0,26.703813,-0.0055450928,0,5.6662786,-4.7237924e-06,0
0.5,0,26.703305,-0.0055097791,0,5.6755071,-4.9135082e-06,0
0.5,0,26.70274,-0.0054760941,0,5.6847355,-5.0895468e-06,0
0.5,0,26.702204,-0.0054456246,0,5.693964,-5.2524657e-06,0
0.5,0,26.701742,-0.0054184465,0,5.7031925,-5.4028592e-06,0
0.5,0,26.701342,-0.0053936473,0,5.7124209,-5.5410325e-06,0
0.5,0,26.700944,-0.0053703551,0,5.7216494,-5.666828e-06,0
0.5,0,26.700468,-0.0053484103,0,5.7308779,-5.7796312e-06,0
0.5,0,26.699862,-0.0053279903,0,5.7401063,-5.8785938e-06,0
0.5,0,26.699141,-0.0053088051,0,5.7493348,-5.9630373e-06,0
0.5,0,26.698381,-0.0052903411,0,5.7585633,-6.032809e-06,0
0.5,0,26.697689,-0.0052731335,0,5.7677917,-6.0883008e-06,0
0.5,0,26.697155,-0.0052587127,0,5.7770202,-6.1301358e-06,0
0.5,0,26.696823,-0.0052473334,0,5.7862487,-6.1588799e-06,0
0.5,0,26.696691,-0.0052368174,0,5.7954771,-6.1751145e-06,0
0.5,0,26.696729,-0.0052248117,0,5.8047056,-6.1798623e-06,0
0.5,0,26.696907,-0.005210723,0,5.8139341,-6.1744684e-06,0
0.5,0,26.697206,-0.0051953084,0,5.8231625,-6.1599631e-06,0
0.5,0,26.697619,-0.0051806229,0,5.832391,-6.1369568e-06,0
0.5,0,26.698139,-0.0051688259,0,5.8416195,-6.1059024e-06,0
0.5,0,26.69874,-0.0051603968,0,5.8508479,-6.067351e-06,0
0.5,0,26.699359,-0.0051549415,0,5.8600764,-6.022029e-06,0
0.5,0,26.699926,-0.0051515255,0,5.8693049,-5.9704922e-06,0
0.5,0,26.700343,-0.0051488593,0,5.8785333,-5.9125797e-06,0
0.5,0,26.700647,-0.0051413502,0,5.8877618,-5.8470595e-06,0
0.5,0,26.700702,-0.0051215496,0,5.8969903,-5.7713564e-06,0
0.5,0,26.700792,-0.0050905909,0,5.9062187,-5.6817752e-06,0
0.5,0,26.700848,-0.0050729939,0,5.9154472,-5.5785182e-06,0
0.5,0,26.700716,-0.0050997165,0,5.9246757,-5.4666702e-06,0
0.5,0,26.700723,-0.0051541642,0,5.9339042,-5.3500471e-06,0
0.5,0,26.700817,-0.0052023876,0,5.9431326,-5.2309899e-06,0
0.5,0,26.701143,-0.0052408198,0,5.9523611,-5.1115481e-06,0
0.5,0,26.701726,-0.0052696082,0,5.9615896,-4.9914759e-06,0
0.5,0,26.702494,-0.0052810636,0,5.970818,-4.8683779e-06,0
0.5,0,26.703404,-0.0052736325,0,5.9800465,-4.7394597e-06,0
0.5,0,26.70437,-0.0052584081,0,5.989275,-4.6025953e-06,0
0.5,0,26.705297,-0.0052536769,0,5.9985034,-4.4571798e-06,0
0.5,0,26.706098,-0.0052733898,0,6.0077319,-4.3047734e-06,0
0.5,0,26.706706,-0.0053172962,0,6.0169604,-4.1484519e-06,0
0.5,0,26.707053,-0.0053717439,0,6.0261888,-3.9909976e-06,0
0.5,0,26.707109,-0.0054211404,0,6.0354173,-3.8336311e-06,0
0.5,0,26.706909,-0.0054569633,0,6.0446458,-3.6762228e-06,0
0.5,0,26.706584,-0.0054771445,0,6.0538742,-3.5179794e-06,0
0.5,0,26.706346,-0.0054816173,0,6.0631027,-3.3574232e-06,0
0.5,0,26.706337,-0.0054729275,0,6.0723312,-3.192224e-06,0
0.5,0,26.70659,-0.0054586773,0,6.0815596,-3.0199749e-06,0
0.5,0,26.707059,-0.0054493225,0,6.0907881,-2.8395651e-06,0
0.5,0,26.707666,-0.0054547024,0,6.1000166,-2.6520127e-06,0
0.5,0,26.708335,-0.0054802168,0,6.109245,-2.4602836e-06,0
0.5,0,26.709042,-0.0055228415,0,6.1184735,-2.2684057e-06,0
0.5,0,26.709812,-0.0055717887,0,6.127702,-2.0804315e-06,0
0.5,0,26.710683,-0.0056143269,0,6.1369304,-1.8996158e-06,0
0.5,0,26.71164,-0.0056409492,0,6.1461589,-1.7280006e-06,0
0.5,0,26.712587,-0.0056465205,0,6.1553874,-1.566474e-06,0
0.5,0,26.713372,-0.0056292224,0,6.1646158,-1.4151617e-06,0
0.5,0,26.713838,-0.0055908371,0,6.1738443,-1.2738991e-06,0
0.5,0,26.713861,-0.0055393883,0,6.1830728,-1.1429337e-06,0
0.5,0,26.713369,-0.0054855596,0,6.1923012,-1.0240496e-06,0
0.5,0,26.712379,-0.0054349718,0,6.2015297,-9.2027155e-07,0
0.5,0,26.711037,-0.0053871901,0,6.2107582,-8.3408006e-07,0
0.5,0,26.709567,-0.0053395466,0,6.2199866,-7.6726264e-07,0
0.5,0,26.708179,-0.0052884841,0,6.2292151,-7.2147638e-07,0
0.5,0,26.706986,-0.0052283111,0,6.2384436,-6.9789701e-07,0
0.5,0,26.705998,-0.0051508601,0,6.247672,-6.9718315e-07,0
0.5,0,26.705166,-0.0050467023,0,6.2569005,-7.1980357e-07,0
0.5,0,26.70444,-0.0049100709,0,6.266129,-7.6628806e-07,0
0.5,0,26.70378,-0.004745978,0,6.2753574,-8.3744149e-07,0
0.5,0,26.703162,-0.004574942,0,6.2845859,-9.3452506e-07,0
0.5,0,26.702575,-0.0044327679,0,6.2938144,-1.0591764e-06,0
0.5,0,26.702014,-0.004364193,0,6.3030428,-1.2126102e-06,0
0.5,0,26.701486,-0.00440806,0,6.3122713,-1.394039e-06,0
0.5,0,26.701011,-0.0045760528,0,6.3214998,-1.599107e-06,0
0.5,0,26.70061,-0.0048366861,0,6.3307282,-1.8191945e-06,0
0.5,0,26.700291,-0.0051184788,0,6.3399567,-2.0416962e-06,0
0.5,0,26.700035,-0.0053342709,0,6.3491852,-2.2509167e-06,0
0.5,0,26.699811,-0.0054145976,0,6.3584136,-2.4296113e-06,0
0.5,0,26.699601,-0.0053338662,0,6.3676421,-2.5615683e-06,0
0.5,0,26.6994,-0.0051180183,0,6.3768706,-2.6351157e-06,0
0.5,0,26.699212,-0.0048320694,0,6.386099,-2.6465408e-06,0
0.5,0,26.699037,-0.004554838,0,6.3953275,-2.6018631e-06,0
0.5,0,26.698868,-0.0043523325,0,6.404556,-2.5157388e-06,0
0.5,0,26.698701,-0.0042594332,0,6.4137844,-2.407497e-06,0
0.5,0,26.698537,-0.0042747697,0,6.4230129,-2.2956752e-06,0
0.5,0,26.698397,-0.0043686075,0,6.4322414,-2.1931426e-06,0
0.5,0,26.698312,-0.00449891,0,6.4414698,-2.1046085e-06,0
0.5,0,26.698303,-0.0046281106,0,6.4506983,-2.0271892e-06,0
0.5,0,26.698375,-0.004734019,0,6.4599268,-1.9534621e-06,0
0.5,0,26.698512,-0.0048116999,0,6.4691552,-1.8756231e-06,0
0.5,0,26.698695,-0.0048682504,0,6.4783837,-1.7892326e-06,0
0.5,0,26.698905,-0.0049147104,0,6.4876122,-1.6953112e-06,0
0.5,0,26.699136,-0.0049604307,0,6.4968406,-1.6003395e-06,0
0.5,0,26.699384,-0.0050102175,0,6.5060691,-1.5143509e-06,0
0.5,0,26.699649,-0.0050653797,0,6.5152976,-1.448171e-06,0
0.5,0,26.699932,-0.0051267122,0,6.524526,-1.4108737e-06,0
0.5,0,26.700229,-0.0051949906,0,6.5337545,-1.4081289e-06,0
0.5,0,26.700523,-0.0052715594,0,6.542983,-1.4420052e-06,0
0.5,0,26.700785,-0.0053579851,0,6.5522114,-1.5118702e-06,0
0.5,0,26.700978,-0.0054553348,0,6.5614399,-1.615667e-06,0
0.5,0,26.701076,-0.005563925,0,6.5706684,-1.7510137e-06,0
0.5,0,26.701082,-0.0056825027,0,6.5798968,-1.9158224e-06,0
0.5,0,26.701024,-0.0058078341,0,6.5891253,-2.1084549e-06,0
0.5,0,26.700941,-0.00593484,0,6.5983538,-2.3275417e-06,0
0.5,0,26.700856,-0.0060575478,0,6.6075822,-2.5716771e-06,0
0.5,0,26.700782,-0.0061703746,0,6.6168107,-2.8390397e-06,0
0.5,0,26.700743,-0.0062687946,0,6.6260392,-3.1271523e-06,0
0.5,0,26.700816,-0.006348328,0,6.6352676,-3.4328826e-06,0
0.5,0,26.70113,-0.0064053826,0,6.6444961,-3.752772e-06,0
0.5,0,26.701805,-0.0064384334,0,6.6537246,-4.0834137e-06,0
0.5,0,26.702851,-0.0064496624,0,6.662953,-4.4217647e-06,0
0.5,0,26.704107,-0.0064395291,0,6.6721815,-4.7647739e-06,0
0.5,0,26.705281,-0.0064068693,0,6.68141,-5.1093331e-06,0
0.5,0,26.706088,-0.0063551515,0,6.6906384,-5.4525492e-06,0
0.5,0,26.706385,-0.0062897748,0,6.6998669,-5.7917065e-06,0
0.5,0,26.70621,-0.0062186238,0,6.7090954,-6.1244547e-06,0
0.5,0,26.705718,-0.0061501345,0,6.7183238,-6.4489049e-06,0
0.5,0,26.705067,-0.0060877838,0,6.7275523,-6.7634185e-06,0
0.5,0,26.704334,-0.0060315267,0,6.7367808,-7.0660997e-06,0
0.5,0,26.703514,-0.0059816351,0,6.7460092,-7.3548819e-06,0
0.5,0,26.70256,-0.0059375325,0,6.7552377,-7.6277422e-06,0
0.5,0,26.701439,-0.0058965581,0,6.7644662,-7.8827298e-06,0
0.5,0,26.700139,-0.0058546664,0,6.7736946,-8.1179899e-06,0
0.5,0,26.698676,-0.0058074752,0,6.7829231,-8.3317944e-06,0
0.5,0,26.697082,-0.0057518827,0,6.7921516,-8.5226182e-06,0
0.5,0,26.695426,-0.0056870983,0,6.80138,-8.689238e-06,0
0.5,0,26.693815,-0.0056149942,0,6.8106085,-8.8309024e-06,0
0.5,0,26.692383,-0.0055387632,0,6.819837,-8.9474827e-06,0
0.5,0,26.691245,-0.0054616973,0,6.8290654,-9.0395785e-06,0
0.5,0,26.690453,-0.0053877663,0,6.8382939,-9.1085623e-06,0
0.5,0,26.68997,-0.0053211124,0,6.8475224,-9.1563589e-06,0
0.5,0,26.689696,-0.0052651421,0,6.8567508,-9.1851321e-06,0
0.5,0,26.689511,-0.005221715,0,6.8659793,-9.1969864e-06,0
0.5,0,26.689321,-0.0051905201,0,6.8752078,-9.1936599e-06,0
0.5,0,26.689057,-0.0051689661,0,6.8844362,-9.176241e-06,0
0.5,0,26.68867,-0.0051532569,0,6.8936647,-9.1450206e-06,0
0.5,0,26.688096,-0.00514059,0,6.9028932,-9.0996509e-06,0
0.5,0,26.687239,-0.0051313135,0,6.9121216,-9.0396237e-06,0
0.5,0,26.685952,-0.0051292965,0,6.9213501,-8.9648536e-06,0
0.5,0,26.684048,-0.0051398129,0,6.9305786,-8.8760678e-06,0
0.5,0,26.681379,-0.0051658111,0,6.939807,-8.7747204e-06,0
0.5,0,26.677984,-0.0052050708,0,6.9490355,-8.6624096e-06,0
0.5,0,26.674266,-0.0052496221,0,6.958264,-8.5399886e-06,0
0.5,0,26.670972,-0.0052918018,0,6.9674924,-8.4071338e-06,0
0.5,0,26.669028,-0.0053313241,0,6.9767209,-8.2630259e-06,0
0.5,0,26.669109,-0.005371092,0,6.9859494,-8.1074455e-06,0
0.5,0,26.671336,-0.0054112498,0,6.9951778,-7.9408559e-06,0
0.5,0,26.675302,-0.00545016,0,7.0044063,-7.7635316e-06,0
0.5,0,26.680274,-0.0054870642,0,7.0136348,-7.5754536e-06,0
0.5,0,26.685504,-0.0055223003,0,7.0228632,-7.3769118e-06,0
0.5,0,26.690477,-0.0055577037,0,7.0320917,-7.1684401e-06,0
0.5,0,26.694895,-0.0056015686,0,7.0413202,-6.9509775e-06,0
0.5,0,26.698688,-0.0056654456,0,7.0505486,-6.7268224e-06,0
0.5,0,26.701879,-0.005749489,0,7.0597771,-6.4991473e-06,0
0.5,0,26.704441,-0.0058378404,0,7.0690056,-6.2694674e-06,0
0.5,0,26.706291,-0.0059110464,0,7.078234,-6.036017e-06,0
0.5,0,26.707759,-0.0059453818,0,7.0874625,-5.7937271e-06,0
0.5,0,26.708574,-0.0059588869,0,7.096691,-5.5365857e-06,0
0.5,0,26.708753,-0.0059941809,0,7.1059194,-5.2622802e-06,0
0.5,0,26.708754,-0.0060370709,0,7.1151479,-4.9712122e-06,0
0.5,0,26.70854,-0.0060699718,0,7.1243764,-4.6621534e-06,0
0.5,0,26.708557,-0.006107499,0,7.1336048,-4.333424e-06,0
0.5,0,26.709071,-0.006164171,0,7.1428333,-3.9860287e-06,0
0.5,0,26.710129,-0.0062472682,0,7.1520618,-3.6242459e-06,0
0.5,0,26.711667,-0.0063495515,0,7.1612902,-3.2541145e-06,0
0.5,0,26.713497,-0.0064469633,0,7.1705187,-2.8812168e-06,0
0.5,0,26.715391,-0.0065124914,0,7.1797472,-2.5096548e-06,0
0.5,0,26.717245,-0.0065319922,0,7.1889756,-2.142965e-06,0
0.5,0,26.719213,-0.006507552,0,7.1982041,-1.7856023e-06,0
0.5,0,26.721586,-0.0064487951,0,7.2074326,-1.4429127e-06,0
0.5,0,26.724401,-0.0063690548,0,7.216661,-1.1195258e-06,0
0.5,0,26.727267,-0.0062852286,0,7.2258895,-8.1744043e-07,0
0.5,0,26.729699,-0.0062013137,0,7.235118,-5.3323299e-07,0
0.5,0,26.731459,-0.006162931,0,7.2443464,-2.5617068e-07,0
0.5,0,26.732387,-0.0061345074,0,7.2528391,-2.5804012e-15,0
0.5,0,26.694725,-0.0030903028,0,7.3827734,-5.0177431e-08,0
0.5,0,26.695637,-0.0030265325,0,7.3804282,-2.5804012e-15,0
0.5,0,26.692499,-0.0033971859,0,7.3920019,-2.7074721e-07,0
0.5,0,26.691436,-0.0035835968,0,7.4012304,-5.0693437e-07,0
0.5,0,26.690993,-0.0036508794,0,7.4104588,-7.5377031e-07,0
0.5,0,26.690815,-0.0036618667,0,7.4196873,-1.006031e-06,0
0.5,0,26.690723,-0.0036660489,0,7.4289158,-1.2552598e-06,0
0.5,0,26.690659,-0.0036865181,0,7.4381442,-1.4917545e-06,0
0.5,0,26.690627,-0.0037311934,0,7.4473727,-1.7073349e-06,0
0.5,0,26.690604,-0.0038181615,0,7.4566012,-1.8945901e-06,0
0.5,0,26.690544,-0.0039779823,0,7.4658296,-2.0438741e-06,0
0.5,0,26.690417,-0.0042282674,0,7.4750581,-2.1425918e-06,0
0.5,0,26.690229,-0.0045499235,0,7.4842866,-2.1787358e-06,0
0.5,0,26.690007,-0.0048882607,0,7.493515,-2.1463772e-06,0
0.5,0,26.689783,-0.0051758772,0,7.5027435,-2.049411e-06,0
0.5,0,26.689592,-0.0053569578,0,7.511972,-1.9016903e-06,0
0.5,0,26.689452,-0.0053999927,0,7.5212004,-1.7243086e-06,0
0.5,0,26.689354,-0.0053020143,0,7.5304289,-1.5415351e-06,0
0.5,0,26.689274,-0.0050910549,0,7.5396574,-1.3760917e-06,0
0.5,0,26.6892,-0.0048251081,0,7.5488858,-1.2440989e-06,0
0.5,0,26.689158,-0.0045808311,0,7.5581143,-1.1508952e-06,0
0.5,0,26.689201,-0.0044293787,0,7.5673428,-1.0896497e-06,0
0.5,0,26.689363,-0.0044091622,0,7.5765712,-1.0442208e-06,0
0.5,0,26.689617,-0.0045098788,0,7.5857997,-9.9588719e-07,0
0.5,0,26.689881,-0.0046757426,0,7.5950282,-9.3125513e-07,0
0.5,0,26.690067,-0.0048296633,0,7.6042566,-8.4773006e-07,0
0.5,0,26.690141,-0.0049069504,0,7.6134851,-7.5402677e-07,0
0.5,0,26.690127,-0.0048808369,0,7.6227136,-6.658267e-07,0
0.5,0,26.69008,-0.0047684893,0,7.631942,-5.9907419e-07,0
0.5,0,26.690048,-0.0046169864,0,7.6411705,-5.6401843e-07,0
0.5,0,26.690049,-0.0044786116,0,7.650399,-5.6225453e-07,0
0.5,0,26.690082,-0.0043892748,0,7.6596274,-5.8747898e-07,0
0.5,0,26.690135,-0.0043591774,0,7.6688559,-6.2902851e-07,0
0.5,0,26.690192,-0.0043761954,0,7.6780844,-6.7624333e-07,0
0.5,0,26.69023,-0.0044168526,0,7.6873128,-7.2171877e-07,0
0.5,0,26.690227,-0.0044580427,0,7.6965413,-7.6247276e-07,0
0.5,0,26.690171,-0.0044844206,0,7.7057698,-7.9928925e-07,0
0.5,0,26.690064,-0.0044902909,0,7.7149982,-8.3508908e-07,0
0.5,0,26.689927,-0.0044778685,0,7.7242267,-8.7310713e-07,0
0.5,0,26.689779,-0.0044543292,0,7.7334552,-9.154648e-07,0
0.5,0,26.689639,-0.0044290042,0,7.7426836,-9.6251132e-07,0
0.5,0,26.689523,-0.0044109047,0,7.7519121,-1.0129815e-06,0
0.5,0,26.689449,-0.0044062723,0,7.7611406,-1.0646769e-06,0
0.5,0,26.689442,-0.0044162031,0,7.770369,-1.1152826e-06,0
0.5,0,26.689517,-0.0044357376,0,7.7795975,-1.1630553e-06,0
0.5,0,26.689668,-0.0044559353,0,7.788826,-1.207225e-06,0
0.5,0,26.68987,-0.0044681393,0,7.7980544,-1.2480379e-06,0
0.5,0,26.690087,-0.0044675356,0,7.8072829,-1.2864898e-06,0
0.5,0,26.690282,-0.0044540247,0,7.8165114,-1.3238619e-06,0
0.5,0,26.690419,-0.0044308656,0,7.8257398,-1.3611853e-06,0
0.5,0,26.690457,-0.0044027301,0,7.8349683,-1.3987956e-06,0
0.5,0,26.690356,-0.0043744593,0,7.8441968,-1.4361362e-06,0
0.5,0,26.69009,-0.0043508562,0,7.8534252,-1.4719195e-06,0
0.5,0,26.689654,-0.004337228,0,7.8626537,-1.5046631e-06,0
0.5,0,26.689066,-0.0043383663,0,7.8718822,-1.5334049e-06,0
0.5,0,26.688347,-0.0043551606,0,7.8811106,-1.5581028e-06,0
0.5,0,26.687505,-0.004382396,0,7.8903391,-1.5793666e-06,0
0.5,0,26.686535,-0.0044112034,0,7.8995676,-1.5978371e-06,0
0.5,0,26.68545,-0.0044337365,0,7.908796,-1.6137423e-06,0
0.5,0,26.684382,-0.0044442142,0,7.9180245,-1.6265803e-06,0
0.5,0,26.683526,-0.0044388914,0,7.927253,-1.634856e-06,0
0.5,0,26.683,-0.0044180556,0,7.9364814,-1.6362658e-06,0
0.5,0,26.682783,-0.0043863997,0,7.9457099,-1.6286045e-06,0
0.5,0,26.682796,-0.0043519024,0,7.9549384,-1.6109164e-06,0
0.5,0,26.683001,-0.0043241269,0,7.9641668,-1.5840648e-06,0
0.5,0,26.683411,-0.0043106194,0,7.9733953,-1.5505012e-06,0
0.5,0,26.684012,-0.0043134813,0,7.9826238,-1.5135371e-06,0
0.5,0,26.684724,-0.0043291012,0,7.9918522,-1.4764479e-06,0
0.5,0,26.685419,-0.0043503722,0,8.0010807,-1.4416772e-06,0
0.5,0,26.685984,-0.0043687485,0,8.0103092,-1.410359e-06,0
0.5,0,26.686365,-0.0043768357,0,8.0195376,-1.3823132e-06,0
0.5,0,26.686576,-0.004370679,0,8.0287661,-1.3563892e-06,0
0.5,0,26.686673,-0.0043518623,0,8.0379946,-1.3310641e-06,0
0.5,0,26.686724,-0.0043291601,0,8.047223,-1.3052503e-06,0
0.5,0,26.686782,-0.0043159065,0,8.0564515,-1.2788854e-06,0
0.5,0,26.686865,-0.004323633,0,8.06568,-1.2528673e-06,0
0.5,0,26.686971,-0.0043557783,0,8.0749084,-1.2283463e-06,0
0.5,0,26.687096,-0.0044050537,0,8.0841369,-1.2059494e-06,0
0.5,0,26.687253,-0.004456446,0,8.0933654,-1.1855468e-06,0
0.5,0,26.687482,-0.0044956789,0,8.1025938,-1.1665166e-06,0
0.5,0,26.687824,-0.0045181991,0,8.1118223,-1.1479387e-06,0
0.5,0,26.688291,-0.0045311725,0,8.1210508,-1.1284403e-06,0
0.5,0,26.688839,-0.0045453563,0,8.1302792,-1.106025e-06,0
0.5,0,26.689386,-0.004564339,0,8.1395077,-1.078338e-06,0
0.5,0,26.689871,-0.0045834695,0,8.1487362,-1.0434317e-06,0
0.5,0,26.690327,-0.0045978354,0,8.1579646,-1.0006001e-06,0
0.5,0,26.690899,-0.0046090838,0,8.1671931,-9.508443e-07,0
0.5,0,26.691793,-0.0046230404,0,8.1764216,-8.9648425e-07,0
0.5,0,26.693171,-0.0046416548,0,8.18565,-8.3978975e-07,0
0.5,0,26.695098,-0.0046624396,0,8.1948785,-7.8170567e-07,0
0.5,0,26.697523,-0.0046864058,0,8.204107,-7.2197283e-07,0
0.5,0,26.700298,-0.0047220906,0,8.2133354,-6.6043049e-07,0
0.5,0,26.70325,-0.0047772349,0,8.2225639,-5.9777583e-07,0
0.5,0,26.706304,-0.0048476176,0,8.2317924,-5.3462559e-07,0
0.5,0,26.709475,-0.0049197186,0,8.2410208,-4.6988343e-07,0
0.5,0,26.712631,-0.0049849143,0,8.2502493,-4.0050998e-07,0
0.5,0,26.715477,-0.0050430215,0,8.2594778,-3.2233812e-07,0
0.5,0,26.71748,-0.0051057253,0,8.2687062,-2.304527e-07,0
0.5,0,26.719421,-0.0052226754,0,8.2779347,-1.1960101e-07,0
0.5,0,26.720686,-0.0052968901,0,8.2863091,-2.5804012e-15,0
0.5,0,26.713366,-0.0037353095,0,8.4440471,-1.1600783e-08,0
0.5,0,26.713567,-0.003655305,0,8.4418727,-2.5804012e-15,0
0.5,0,26.712563,-0.0040497524,0,8.4532756,-3.2579239e-08,0
0.5,0,26.711743,-0.0042759166,0,8.4625041,-2.7125305e-08,0
0.5,0,26.710941,-0.0043947762,0,8.4717325,-3.1322131e-09,0
0.5,0,26.710873,-0.0043913121,0,8.4726346,-2.5804012e-15,0
0.5,0,26.706334,-0.0035721302,0,8.5178749,-1.5537357e-08,0
0.5,0,26.706698,-0.0035919689,0,8.5154316,-2.5804012e-15,0
0.5,0,26.704975,-0.0036189419,0,8.5271033,-1.03537e-07,0
0.5,0,26.703731,-0.0037241414,0,8.5363318,-2.0673617e-07,0
0.5,0,26.702431,-0.0038641603,0,8.5455603,-3.1066462e-07,0
0.5,0,26.700837,-0.0040221688,0,8.5547887,-4.048077e-07,0
0.5,0,26.698897,-0.0041690886,0,8.5640172,-4.8394502e-07,0
0.5,0,26.69682,-0.0042775731,0,8.5732457,-5.4827694e-07,0
0.5,0,26.694929,-0.0043348144,0,8.5824741,-6.019708e-07,0
0.5,0,26.693446,-0.0043454132,0,8.5917026,-6.5042274e-07,0
0.5,0,26.692403,-0.0043260173,0,8.6009311,-6.9767478e-07,0
0.5,0,26.691701,-0.0042974111,0,8.6101595,-7.4489756e-07,0
0.5,0,26.691179,-0.0042730838,0,8.619388,-7.9067429e-07,0
0.5,0,26.690681,-0.0042513286,0,8.6286165,-8.3302385e-07,0
0.5,0,26.690107,-0.0042217871,0,8.6378449,-8.7118999e-07,0
0.5,0,26.689446,-0.0041809023,0,8.6470734,-9.0542663e-07,0
0.5,0,26.688736,-0.0041372484,0,8.6563019,-9.3585417e-07,0
0.5,0,26.688017,-0.0041014941,0,8.6655303,-9.6254271e-07,0
0.5,0,26.687312,-0.0040770386,0,8.6747588,-9.8641174e-07,0
0.5,0,26.686642,-0.0040642133,0,8.6839873,-1.0087282e-06,0
0.5,0,26.686035,-0.0040683153,0,8.6932157,-1.0291247e-06,0
0.5,0,26.685522,-0.0040973785,0,8.7024442,-1.0447213e-06,0
0.5,0,26.685104,-0.004150066,0,8.7116727,-1.0516988e-06,0
0.5,0,26.684759,-0.0042044215,0,8.7209011,-1.0477473e-06,0
0.5,0,26.684491,-0.0042393869,0,8.7301296,-1.0333334e-06,0
0.5,0,26.684301,-0.0042462875,0,8.7393581,-1.01111e-06,0
0.5,0,26.684153,-0.004225228,0,8.7485865,-9.8436925e-07,0
0.5,0,26.684004,-0.0041905326,0,8.757815,-9.5587772e-07,0
0.5,0,26.683825,-0.0041602035,0,8.7670435,-9.275698e-07,0
0.5,0,26.683603,-0.0041462957,0,8.7762719,-9.009142e-07,0
0.5,0,26.683342,-0.0041494309,0,8.7855004,-8.771906e-07,0
0.5,0,26.683072,-0.0041601809,0,8.7947289,-8.570942e-07,0
0.5,0,26.682845,-0.0041670521,0,8.8039573,-8.4012759e-07,0
0.5,0,26.682721,-0.0041638901,0,8.8131858,-8.2462829e-07,0
0.5,0,26.682747,-0.0041528938,0,8.8224143,-8.0874827e-07,0
0.5,0,26.68294,-0.0041418146,0,8.8316427,-7.9168054e-07,0
0.5,0,26.683287,-0.0041372523,0,8.8408712,-7.7412237e-07,0
0.5,0,26.683756,-0.0041392599,0,8.8500997,-7.5767045e-07,0
0.5,0,26.684316,-0.0041413675,0,8.8593281,-7.4369762e-07,0
0.5,0,26.684952,-0.004135722,0,8.8685566,-7.3252454e-07,0
0.5,0,26.685662,-0.0041189914,0,8.8777851,-7.2338881e-07,0
0.5,0,26.686427,-0.0040936698,0,8.8870135,-7.1499593e-07,0
0.5,0,26.687204,-0.0040645155,0,8.896242,-7.0602793e-07,0
0.5,0,26.687958,-0.0040381001,0,8.9054705,-6.9535824e-07,0
0.5,0,26.68868,-0.0040239543,0,8.9146989,-6.8246392e-07,0
0.5,0,26.689367,-0.0040295131,0,8.9239274,-6.6785053e-07,0
0.5,0,26.69001,-0.0040527751,0,8.9331559,-6.5212726e-07,0
0.5,0,26.690597,-0.0040809952,0,8.9423843,-6.3417132e-07,0
0.5,0,26.691152,-0.0041006844,0,8.9516128,-6.1037363e-07,0
0.5,0,26.691765,-0.0041111429,0,8.9608413,-5.7588087e-07,0
0.5,0,26.692635,-0.0041247368,0,8.9700697,-5.2689108e-07,0
0.5,0,26.694091,-0.0041541347,0,8.9792982,-4.6192931e-07,0
0.5,0,26.696555,-0.0042044698,0,8.9885267,-3.8127826e-07,0
0.5,0,26.700351,-0.0042789237,0,8.9977551,-2.8561496e-07,0
0.5,0,26.705411,-0.0043778849,0,9.0069836,-1.7419882e-07,0
0.5,0,26.711034,-0.0044859955,0,9.0162121,-4.3186456e-08,0
0.5,0,26.712438,-0.0044929923,0,9.0188116,-2.5804012e-15,0
0.5,0,26.725354,-0.0050550439,0,9.7544894,-1.2486982e-07,0
0.5,0,26.725658,-0.0049505516,0,9.7523929,-2.5804012e-15,0
0.5,0,26.72365,-0.0052985976,0,9.7637179,-7.0713962e-07,0
0.5,0,26.721661,-0.0053004714,0,9.7729463,-1.3085776e-06,0
0.5,0,26.719417,-0.005221066,0,9.7821748,-1.9044722e-06,0
0.5,0,26.716737,-0.0051108141,0,9.7914033,-2.473515e-06,0
0.5,0,26.713602,-0.0049819957,0,9.8006317,-3.0057318e-06,0
0.5,0,26.710511,-0.004878083,0,9.8098602,-3.4959009e-06,0
0.5,0,26.708291,-0.0048295975,0,9.8190887,-3.9396696e-06,0
0.5,0,26.707515,-0.0048324279,0,9.8283171,-4.3336029e-06,0
0.5,0,26.708132,-0.0048481092,0,9.8375456,-4.6764025e-06,0
0.5,0,26.70961,-0.0048246529,0,9.8467741,-4.9706096e-06,0
0.5,0,26.711336,-0.0047320863,0,9.8560025,-5.2225798e-06,0
0.5,0,26.712864,-0.0045807917,0,9.865231,-5.4400216e-06,0
0.5,0,26.714,-0.0044095182,0,9.8744595,-5.62898e-06,0
0.5,0,26.714833,-0.0042616477,0,9.8836879,-5.7923037e-06,0
0.5,0,26.715713,-0.0041658085,0,9.8929164,-5.9303575e-06,0
0.5,0,26.717135,-0.0041267379,0,9.9021449,-6.0434166e-06,0
0.5,0,26.719467,-0.0041302327,0,9.9113733,-6.1339383e-06,0
0.5,0,26.722617,-0.0041585168,0,9.9206018,-6.206741e-06,0
0.5,0,26.725904,-0.0042011485,0,9.9298303,-6.2665805e-06,0
0.5,0,26.72834,-0.0042571904,0,9.9390587,-6.3159713e-06,0
0.5,0,26.729181,-0.0043325574,0,9.9482872,-6.3542909e-06,0
0.5,0,26.728364,-0.004426751,0,9.9575157,-6.3782425e-06,0
0.5,0,26.726494,-0.0045272518,0,9.9667441,-6.3848161e-06,0
0.5,0,26.724459,-0.0046185529,0,9.9759726,-6.3736406e-06,0
0.5,0,26.722947,-0.0046896158,0,9.9852011,-6.3466685e-06,0
0.5,0,26.722215,-0.0047367373,0,9.9944295,-6.3065546e-06,0
0.5,0,26.722109,-0.0047649059,0,10.003658,-6.255154e-06,0
0.5,0,26.722324,-0.0047879289,0,10.012886,-6.1929954e-06,0
0.5,0,26.722591,-0.0048248605,0,10.022115,-6.1196945e-06,0
0.5,0,26.722702,-0.0048876381,0,10.031343,-6.0345952e-06,0
0.5,0,26.7224,-0.0049657063,0,10.040572,-5.9372701e-06,0
0.5,0,26.72115,-0.0049999919,0,10.0498,-5.8281072e-06,0
0.5,0,26.720419,-0.005004771,0,10.059029,-5.7088103e-06,0
0.5,0,26.720764,-0.0050264296,0,10.068257,-5.582508e-06,0
0.5,0,26.721003,-0.0050466482,0,10.077486,-5.453396e-06,0
0.5,0,26.721204,-0.0050608416,0,10.086714,-5.3260897e-06,0
0.5,0,26.721348,-0.0050671623,0,10.095943,-5.2053281e-06,0
0.5,0,26.721431,-0.0050645137,0,10.105171,-5.0958114e-06,0
0.5,0,26.72148,-0.0050539156,0,10.1144,-5.0012037e-06,0
0.5,0,26.721608,-0.0050372826,0,10.123628,-4.9226674e-06,0
0.5,0,26.722055,-0.0050134649,0,10.132857,-4.8584229e-06,0
0.5,0,26.723118,-0.0049786808,0,10.142085,-4.8048534e-06,0
0.5,0,26.724955,-0.0049319419,0,10.151313,-4.7582995e-06,0
0.5,0,26.727317,-0.0048786399,0,10.160542,-4.716438e-06,0
0.5,0,26.729381,-0.0048289497,0,10.16977,-4.6786516e-06,0
0.5,0,26.72983,-0.0047941498,0,10.178999,-4.6453809e-06,0
0.5,0,26.727293,-0.0047835188,0,10.188227,-4.616921e-06,0
0.5,0,26.720998,-0.0048017675,0,10.197456,-4.5922168e-06,0
0.5,0,26.711343,-0.0048481284,0,10.206684,-4.5681406e-06,0
0.5,0,26.699973,-0.0049168935,0,10.215913,-4.5392634e-06,0
0.5,0,26.68921,-0.0049998438,0,10.225141,-4.4978854e-06,0
0.5,0,26.681071,-0.0050924602,0,10.23437,-4.4346764e-06,0
0.5,0,26.676455,-0.0051989307,0,10.243598,-4.3400422e-06,0
0.5,0,26.674983,-0.0053305494,0,10.252827,-4.205767e-06,0
0.5,0,26.675504,-0.005497767,0,10.262055,-4.0264484e-06,0
0.5,0,26.676873,-0.0057004285,0,10.271284,-3.8003791e-06,0
0.5,0,26.67848,-0.0059228692,0,10.280512,-3.5298094e-06,0
0.5,0,26.680317,-0.0061367672,0,10.28974,-3.2209295e-06,0
0.5,0,26.682675,-0.0063091382,0,10.298969,-2.8837171e-06,0
0.5,0,26.685753,-0.0064106241,0,10.308197,-2.5313019e-06,0
0.5,0,26.689382,-0.0064219114,0,10.317426,-2.1787771e-06,0
0.5,0,26.692977,-0.006337932,0,10.326654,-1.8417586e-06,0
0.5,0,26.695728,-0.0061681477,0,10.335883,-1.5349827e-06,0
0.5,0,26.696941,-0.0059328574,0,10.345111,-1.2710731e-06,0
0.5,0,26.696349,-0.0056583431,0,10.35434,-1.0595896e-06,0
0.5,0,26.694204,-0.005373373,0,10.363568,-9.0645934e-07,0
0.5,0,26.691121,-0.0051069526,0,10.372797,-8.1387349e-07,0
0.5,0,26.687777,-0.004877589,0,10.382025,-7.8008162e-07,0
0.5,0,26.684656,-0.0046963525,0,10.391254,-7.9936006e-07,0
0.5,0,26.68194,-0.0045737716,0,10.400482,-8.6291824e-07,0
0.5,0,26.679623,-0.0045094048,0,10.409711,-9.6053398e-07,0
0.5,0,26.677697,-0.0044904841,0,10.418939,-1.0820595e-06,0
0.5,0,26.676218,-0.0044956194,0,10.428167,-1.2188039e-06,0
0.5,0,26.675223,-0.0044982017,0,10.437396,-1.3654115e-06,0
0.5,0,26.674648,-0.0044738723,0,10.446624,-1.5216325e-06,0
0.5,0,26.674354,-0.0044067695,0,10.455853,-1.6930752e-06,0
0.5,0,26.674201,-0.0042889062,0,10.465081,-1.8897734e-06,0
0.5,0,26.674096,-0.0041185955,0,10.47431,-2.1221889e-06,0
0.5,0,26.674006,-0.0039086209,0,10.483538,-2.3964058e-06,0
0.5,0,26.673926,-0.0036976019,0,10.492767,-2.7114747e-06,0
0.5,0,26.673863,-0.0035413241,0,10.501995,-3.0599378e-06,0
0.5,0,26.673816,-0.0034808148,0,10.511224,-3.4296799e-06,0
0.5,0,26.673781,-0.0035180183,0,10.520452,-3.8051408e-06,0
0.5,0,26.673756,-0.003624055,0,10.529681,-4.1683054e-06,0
0.5,0,26.673733,-0.0037678977,0,10.538909,-4.5005371e-06,0
0.5,0,26.673735,-0.0039351698,0,10.548138,-4.7846937e-06,0
0.5,0,26.673788,-0.0041234619,0,10.557366,-5.006426e-06,0
0.5,0,26.673828,-0.0043301785,0,10.566594,-5.1548828e-06,0
0.5,0,26.673779,-0.0045494272,0,10.575823,-5.2234789e-06,0
0.5,0,26.673694,-0.0047756665,0,10.585051,-5.2102055e-06,0
0.5,0,26.673686,-0.0050085218,0,10.59428,-5.1168719e-06,0
0.5,0,26.673774,-0.0052531373,0,10.603508,-4.9476365e-06,0
0.5,0,26.67389,-0.005512919,0,10.612737,-4.7079844e-06,0
0.5,0,26.673979,-0.0057796123,0,10.621965,-4.4050942e-06,0
0.5,0,26.674037,-0.0060292653,0,10.631194,-4.0493093e-06,0
0.5,0,26.674078,-0.0062262757,0,10.640422,-3.6555606e-06,0
0.5,0,26.674114,-0.0063300618,0,10.649651,-3.2440655e-06,0
0.5,0,26.674154,-0.0063022024,0,10.658879,-2.840202e-06,0
0.5,0,26.674208,-0.0061174204,0,10.668108,-2.4730581e-06,0
0.5,0,26.674287,-0.0057747661,0,10.677336,-2.1721832e-06,0
0.5,0,26.674402,-0.005300037,0,10.686565,-1.963325e-06,0
0.5,0,26.674556,-0.0047400217,0,10.695793,-1.8645507e-06,0
0.5,0,26.674746,-0.0041571549,0,10.705021,-1.8832339e-06,0
0.5,0,26.674967,-0.0036264704,0,10.71425,-2.0137244e-06,0
0.5,0,26.675208,-0.0032281029,0,10.723478,-2.2361966e-06,0
0.5,0,26.675457,-0.0030322669,0,10.732707,-2.5178127e-06,0
0.5,0,26.675703,-0.003082153,0,10.741935,-2.8167225e-06,0
0.5,0,26.675936,-0.0033814991,0,10.751164,-3.0882674e-06,0
0.5,0,26.676141,-0.0038899049,0,10.760392,-3.2921958e-06,0
0.5,0,26.676292,-0.00452664,0,10.769621,-3.3997225e-06,0
0.5,0,26.676356,-0.0051828103,0,10.778849,-3.3991734e-06,0
0.5,0,26.676302,-0.0057408391,0,10.788078,-3.2985958e-06,0
0.5,0,26.676165,-0.0060992022,0,10.797306,-3.1237471e-06,0
0.5,0,26.675987,-0.006205124,0,10.806535,-2.9117242e-06,0
0.5,0,26.675885,-0.0060763151,0,10.815763,-2.7024612e-06,0
0.5,0,26.675926,-0.0057868249,0,10.824992,-2.5299349e-06,0
0.5,0,26.676051,-0.0054349749,0,10.83422,-2.4148689e-06,0
0.5,0,26.676232,-0.0051132335,0,10.843448,-2.3617287e-06,0
0.5,0,26.676412,-0.0048812485,0,10.852677,-2.3617896e-06,0
0.5,0,26.676566,-0.0047500411,0,10.861905,-2.4004351e-06,0
0.5,0,26.676686,-0.0046924413,0,10.871134,-2.4638685e-06,0
0.5,0,26.676762,-0.0046713598,0,10.880362,-2.5421246e-06,0
0.5,0,26.676785,-0.0046599461,0,10.889591,-2.6289675e-06,0
0.5,0,26.676738,-0.0046485023,0,10.898819,-2.7202978e-06,0
0.5,0,26.676618,-0.0046420072,0,10.908048,-2.8123286e-06,0
0.5,0,26.676456,-0.0046497636,0,10.917276,-2.900705e-06,0
0.5,0,26.676311,-0.0046744947,0,10.926505,-2.9810703e-06,0
0.5,0,26.676236,-0.0047090215,0,10.935733,-3.0504803e-06,0
0.5,0,26.676241,-0.0047408055,0,10.944962,-3.1086007e-06,0
0.5,0,26.676257,-0.0047586012,0,10.95419,-3.1578736e-06,0
0.5,0,26.676156,-0.004756412,0,10.963419,-3.2024535e-06,0
0.5,0,26.675806,-0.004734524,0,10.972647,-3.2464497e-06,0
0.5,0,26.675134,-0.0046990895,0,10.981875,-3.2924517e-06,0
0.5,0,26.674174,-0.0046600649,0,10.991104,-3.3410186e-06,0
0.5,0,26.673049,-0.0046271839,0,11.000332,-3.3910702e-06,0
0.5,0,26.671919,-0.0046061243,0,11.009561,-3.4406907e-06,0
0.5,0,26.670923,-0.0045971693,0,11.018789,-3.4879451e-06,0
0.5,0,26.670155,-0.00459584,0,11.028018,-3.5314551e-06,0
0.5,0,26.669644,-0.0045943062,0,11.037246,-3.5705206e-06,0
0.5,0,26.669347,-0.004584401,0,11.046475,-3.6048406e-06,0
0.5,0,26.669184,-0.0045629696,0,11.055703,-3.6343191e-06,0
0.5,0,26.669085,-0.0045352996,0,11.064932,-3.6593413e-06,0
0.5,0,26.669008,-0.0045109596,0,11.07416,-3.6810907e-06,0
0.5,0,26.668936,-0.0044948047,0,11.083389,-3.7011226e-06,0
0.5,0,26.668868,-0.0044836559,0,11.092617,-3.7202971e-06,0
0.5,0,26.668805,-0.0044727245,0,11.101846,-3.7381492e-06,0
0.5,0,26.668738,-0.0044620399,0,11.111074,-3.7533258e-06,0
0.5,0,26.66868,-0.0044547543,0,11.120302,-3.7645083e-06,0
0.5,0,26.668636,-0.0044525474,0,11.129531,-3.7709504e-06,0
0.5,0,26.668546,-0.004452269,0,11.138759,-3.7724074e-06,0
0.5,0,26.668364,-0.0044508557,0,11.147988,-3.7687662e-06,0
0.5,0,26.66815,-0.0044479122,0,11.157216,-3.7599259e-06,0
0.5,0,26.667997,-0.0044440415,0,11.166445,-3.7459124e-06,0
0.5,0,26.667926,-0.0044417979,0,11.175673,-3.7268097e-06,0
0.5,0,26.667909,-0.0044429103,0,11.184902,-3.7026595e-06,0
0.5,0,26.667934,-0.0044473012,0,11.19413,-3.6733987e-06,0
0.5,0,26.668012,-0.0044541204,0,11.203359,-3.6388131e-06,0
0.5,0,26.668157,-0.0044625816,0,11.212587,-3.5986258e-06,0
0.5,0,26.668372,-0.0044717214,0,11.221816,-3.5526672e-06,0
0.5,0,26.66865,-0.0044800863,0,11.231044,-3.5009864e-06,0
0.5,0,26.668978,-0.0044865425,0,11.240273,-3.4437762e-06,0
0.5,0,26.669339,-0.0044911256,0,11.249501,-3.3811595e-06,0
0.5,0,26.669712,-0.0044945817,0,11.258729,-3.3130524e-06,0
0.5,0,26.670088,-0.0044973049,0,11.267958,-3.2392229e-06,0
0.5,0,26.670459,-0.0044991379,0,11.277186,-3.1594458e-06,0
0.5,0,26.670819,-0.0044999993,0,11.286415,-3.0736108e-06,0
0.5,0,26.671157,-0.0044999774,0,11.295643,-2.9817522e-06,0
0.5,0,26.671459,-0.0044990176,0,11.304872,-2.8840484e-06,0
0.5,0,26.671719,-0.0044971313,0,11.3141,-2.7808142e-06,0
0.5,0,26.671944,-0.0044947042,0,11.323329,-2.6724774e-06,0
0.5,0,26.67215,-0.0044921754,0,11.332557,-2.5595686e-06,0
0.5,0,26.672358,-0.0044894153,0,11.341786,-2.4427727e-06,0
0.5,0,26.672584,-0.0044856378,0,11.351014,-2.3230275e-06,0
0.5,0,26.672823,-0.0044796876,0,11.360243,-2.2015854e-06,0
0.5,0,26.673034,-0.0044701335,0,11.369471,-2.0799712e-06,0
0.5,0,26.673155,-0.0044552242,0,11.3787,-1.9598311e-06,0
0.5,0,26.673133,-0.0044331888,0,11.387928,-1.8427089e-06,0
0.5,0,26.672972,-0.0044028096,0,11.397156,-1.7298195e-06,0
0.5,0,26.672736,-0.0043645905,0,11.406385,-1.6219511e-06,0
0.5,0,26.672536,-0.0043220847,0,11.415613,-1.5196815e-06,0
0.5,0,26.672437,-0.0042819538,0,11.424842,-1.4239731e-06,0
0.5,0,26.672467,-0.0042482623,0,11.43407,-1.3364872e-06,0
0.5,0,26.672568,-0.0042174113,0,11.443299,-1.2590151e-06,0
0.5,0,26.672662,-0.0041839905,0,11.452527,-1.1928305e-06,0
0.5,0,26.672744,-0.0041449305,0,11.461756,-1.1386424e-06,0
0.5,0,26.672794,-0.0040976673,0,11.470984,-1.0966748e-06,0
0.5,0,26.67281,-0.0040405616,0,11.480213,-1.0664955e-06,0
0.5,0,26.6728,-0.0039764058,0,11.489441,-1.0467799e-06,0
0.5,0,26.672778,-0.0039137785,0,11.49867,-1.0352958e-06,0
0.5,0,26.672755,-0.003863194,0,11.507898,-1.0291389e-06,0
0.5,0,26.672731,-0.0038334832,0,11.517127,-1.0250499e-06,0
0.5,0,26.672703,-0.0038299566,0,11.526355,-1.0196581e-06,0
0.5,0,26.672672,-0.0038525918,0,11.535583,-1.0097229e-06,0
0.5,0,26.672639,-0.0038948151,0,11.544812,-9.9261715e-07,0
0.5,0,26.672604,-0.0039450265,0,11.55404,-9.6695733e-07,0
0.5,0,26.672572,-0.0039905381,0,11.563269,-9.3299788e-07,0
0.5,0,26.672537,-0.0040213571,0,11.572497,-8.925997e-07,0
0.5,0,26.67249,-0.0040320622,0,11.581726,-8.4884598e-07,0
0.5,0,26.672423,-0.0040216256,0,11.590954,-8.0547023e-07,0
0.5,0,26.672338,-0.0039920804,0,11.600183,-7.6625177e-07,0
0.5,0,26.672244,-0.0039471985,0,11.609411,-7.3447156e-07,0
0.5,0,26.672153,-0.0038918052,0,11.61864,-7.1248891e-07,0
0.5,0,26.67207,-0.0038316609,0,11.627868,-7.0145994e-07,0
0.5,0,26.671994,-0.0037735244,0,11.637097,-7.0116184e-07,0
0.5,0,26.671922,-0.0037246116,0,11.646325,-7.0995622e-07,0
0.5,0,26.671852,-0.0036913833,0,11.655554,-7.249479e-07,0
0.5,0,26.671782,-0.0036777137,0,11.664782,-7.4241198e-07,0
0.5,0,26.671713,-0.0036832933,0,11.67401,-7.5850129e-07,0
0.5,0,26.671644,-0.003703654,0,11.683239,-7.7004427e-07,0
0.5,0,26.671577,-0.0037317956,0,11.692467,-7.7515956e-07,0
0.5,0,26.671515,-0.0037604819,0,11.701696,-7.734928e-07,0
0.5,0,26.671457,-0.0037841835,0,11.710924,-7.6598696e-07,0
0.5,0,26.671407,-0.0037996974,0,11.720153,-7.5434659e-07,0
0.5,0,26.671364,-0.0038056555,0,11.729381,-7.4044193e-07,0
0.5,0,26.671328,-0.0038018707,0,11.73861,-7.2584232e-07,0
0.5,0,26.671298,-0.0037889787,0,11.747838,-7.1164283e-07,0
0.5,0,26.671273,-0.0037688012,0,11.757067,-6.9853526e-07,0
0.5,0,26.671254,-0.0037446285,0,11.766295,-6.869967e-07,0
0.5,0,26.67124,-0.0037209299,0,11.775524,-6.7742634e-07,0
0.5,0,26.67123,-0.0037022416,0,11.784752,-6.7012699e-07,0
0.5,0,26.671219,-0.0036913664,0,11.793981,-6.6516576e-07,0
0.5,0,26.671202,-0.0036877887,0,11.803209,-6.6220971e-07,0
0.5,0,26.671176,-0.0036876391,0,11.812437,-6.6044761e-07,0
0.5,0,26.671145,-0.0036863042,0,11.821666,-6.5873219e-07,0
0.5,0,26.671117,-0.0036815694,0,11.830894,-6.5601669e-07,0
0.5,0,26.671102,-0.0036751115,0,11.840123,-6.5191411e-07,0
0.5,0,26.671102,-0.003670251,0,11.849351,-6.4698048e-07,0
0.5,0,26.671111,-0.0036684008,0,11.85858,-6.4240915e-07,0
0.5,0,26.671123,-0.0036684774,0,11.867808,-6.3933446e-07,0
0.5,0,26.671133,-0.0036684575,0,11.877037,-6.3832638e-07,0
0.5,0,26.671146,-0.0036673225,0,11.886265,-6.3921983e-07,0
0.5,0,26.671164,-0.0036641525,0,11.895494,-6.4114635e-07,0
0.5,0,26.671197,-0.0036583204,0,11.904722,-6.4264226e-07,0
0.5,0,26.671284,-0.0036501212,0,11.913951,-6.4194223e-07,0
0.5,0,26.67146,-0.003640584,0,11.923179,-6.3762463e-07,0
0.5,0,26.671724,-0.0036319704,0,11.932408,-6.2919258e-07,0
0.5,0,26.67206,-0.0036261856,0,11.941636,-6.1734009e-07,0
0.5,0,26.672412,-0.0036231522,0,11.950865,-6.037639e-07,0
0.5,0,26.672776,-0.0036186856,0,11.960093,-5.9026967e-07,0
0.5,0,26.673023,-0.0036139942,0,11.969321,-5.7840013e-07,0
0.5,0,26.673056,-0.0036155394,0,11.97855,-5.694367e-07,0
0.5,0,26.672903,-0.0036208126,0,11.987778,-5.6377997e-07,0
0.5,0,26.672561,-0.0036265499,0,11.997007,-5.6081119e-07,0
0.5,0,26.672161,-0.0036348024,0,12.006235,-5.5949102e-07,0
0.5,0,26.671816,-0.0036454261,0,12.015464,-5.5893146e-07,0
0.5,0,26.671587,-0.0036560372,0,12.024692,-5.5864073e-07,0
0.5,0,26.671482,-0.0036640374,0,12.033921,-5.584313e-07,0
0.5,0,26.671462,-0.0036674576,0,12.043149,-5.5812534e-07,0
0.5,0,26.671473,-0.0036668619,0,12.052378,-5.575402e-07,0
0.5,0,26.671474,-0.0036645338,0,12.061606,-5.5667463e-07,0
0.5,0,26.671453,-0.0036638859,0,12.070835,-5.5569521e-07,0
0.5,0,26.671412,-0.003667064,0,12.080063,-5.5496319e-07,0
0.5,0,26.671359,-0.0036729533,0,12.089292,-5.5501577e-07,0
0.5,0,26.671302,-0.0036784029,0,12.09852,-5.5601128e-07,0
0.5,0,26.671247,-0.0036769257,0,12.107748,-5.5728901e-07,0
0.5,0,26.671206,-0.0036619888,0,12.116977,-5.5739892e-07,0
0.5,0,26.671197,-0.0036326668,0,12.126205,-5.5447312e-07,0
0.5,0,26.671248,-0.0035939839,0,12.135434,-5.4699878e-07,0
0.5,0,26.671397,-0.0035545509,0,12.144662,-5.3454564e-07,0
0.5,0,26.671669,-0.0035228753,0,12.153891,-5.1810283e-07,0
0.5,0,26.672054,-0.0035045858,0,12.163119,-4.9981118e-07,0
0.5,0,26.672492,-0.0035017141,0,12.172348,-4.8226719e-07,0
0.5,0,26.672883,-0.0035124254,0,12.181576,-4.6782522e-07,0
0.5,0,26.673129,-0.0035315149,0,12.190805,-4.5809344e-07,0
0.5,0,26.673175,-0.0035524316,0,12.200033,-4.5371104e-07,0
0.5,0,26.673038,-0.003570781,0,12.209262,-4.5440605e-07,0
0.5,0,26.672789,-0.0035848473,0,12.21849,-4.5944692e-07,0
0.5,0,26.67252,-0.0035954514,0,12.227719,-4.6800502e-07,0
0.5,0,26.672302,-0.0036047131,0,12.236947,-4.7937719e-07,0
0.5,0,26.672171,-0.0036135424,0,12.246175,-4.9311408e-07,0
0.5,0,26.672136,-0.0036211076,0,12.255404,-5.088351e-07,0
0.5,0,26.672183,-0.0036252153,0,12.264632,-5.2606378e-07,0
0.5,0,26.672284,-0.0036243956,0,12.273861,-5.4412268e-07,0
0.5,0,26.672399,-0.0036190355,0,12.283089,-5.6224387e-07,0
0.5,0,26.672483,-0.0036112562,0,12.292318,-5.7991906e-07,0
0.5,0,26.672505,-0.0036044446,0,12.301546,-5.972429e-07,0
0.5,0,26.672468,-0.0036026954,0,12.310775,-6.1503168e-07,0
0.5,0,26.672415,-0.0036099436,0,12.320003,-6.3472799e-07,0
0.5,0,26.672418,-0.0036287673,0,12.329232,-6.5815461e-07,0
0.5,0,26.672539,-0.0036590332,0,12.33846,-6.8710984e-07,0
0.5,0,26.672793,-0.0036967724,0,12.347689,-7.2281025e-07,0
0.5,0,26.673122,-0.0037343922,0,12.356917,-7.6530367e-07,0
0.5,0,26.673419,-0.0037628647,0,12.366146,-8.1312972e-07,0
0.5,0,26.67359,-0.003775019,0,12.375374,-8.6346508e-07,0
0.5,0,26.673598,-0.0037680555,0,12.384602,-9.1275054e-07,0
0.5,0,26.673476,-0.0037441848,0,12.393831,-9.5755855e-07,0
0.5,0,26.673292,-0.0037095748,0,12.403059,-9.953983e-07,0
0.5,0,26.673111,-0.0036723161,0,12.412288,-1.0252402e-06,0
0.5,0,26.672953,-0.0036400114,0,12.421516,-1.0476562e-06,0
0.5,0,26.672793,-0.0036175583,0,12.430745,-1.0645807e-06,0
0.5,0,26.672585,-0.0036062433,0,12.439973,-1.0787712e-06,0
0.5,0,26.672295,-0.003604322,0,12.449202,-1.0931057e-06,0
0.5,0,26.671929,-0.0036079635,0,12.45843,-1.1099029e-06,0
0.5,0,26.671535,-0.0036129836,0,12.467659,-1.1305074e-06,0
0.5,0,26.671178,-0.0036166455,0,12.476887,-1.155191e-06,0
0.5,0,26.670899,-0.0036182925,0,12.486116,-1.1833111e-06,0
0.5,0,26.670689,-0.003619199,0,12.495344,-1.2136491e-06,0
0.5,0,26.670505,-0.0036218539,0,12.504573,-1.2448034e-06,0
0.5,0,26.670307,-0.0036286971,0,12.513801,-1.2755637e-06,0
0.5,0,26.670092,-0.0036408684,0,12.523029,-1.3052028e-06,0
0.5,0,26.669888,-0.0036579558,0,12.532258,-1.3336519e-06,0
0.5,0,26.669728,-0.0036785025,0,12.541486,-1.361538e-06,0
0.5,0,26.669613,-0.0037007249,0,12.550715,-1.3900961e-06,0
0.5,0,26.669503,-0.0037231926,0,12.559943,-1.4209675e-06,0
0.5,0,26.669337,-0.0037451937,0,12.569172,-1.4558507e-06,0
0.5,0,26.669076,-0.0037665415,0,12.5784,-1.4960071e-06,0
0.5,0,26.668722,-0.0037872736,0,12.587629,-1.5417813e-06,0
0.5,0,26.668316,-0.0038074944,0,12.596857,-1.5923583e-06,0
0.5,0,26.667904,-0.0038270302,0,12.606086,-1.6459318e-06,0
0.5,0,26.667486,-0.0038458228,0,12.615314,-1.7002802e-06,0
0.5,0,26.667017,-0.0038644646,0,12.624543,-1.7534887e-06,0
0.5,0,26.666447,-0.0038838363,0,12.633771,-1.804507e-06,0
0.5,0,26.665784,-0.0039042773,0,12.643,-1.8533501e-06,0
0.5,0,26.665128,-0.003924755,0,12.652228,-1.9008734e-06,0
0.5,0,26.664627,-0.0039428867,0,12.661456,-1.9482725e-06,0
0.5,0,26.664404,-0.0039558461,0,12.670685,-1.9965851e-06,0
0.5,0,26.664495,-0.0039614456,0,12.679913,-2.0464069e-06,0
0.5,0,26.664847,-0.0039589606,0,12.689142,-2.0978688e-06,0
0.5,0,26.66536,-0.0039492811,0,12.69837,-2.1507484e-06,0
0.5,0,26.665945,-0.0039346524,0,12.707599,-2.2045678e-06,0
0.5,0,26.666544,-0.0039186552,0,12.716827,-2.2586296e-06,0
0.5,0,26.667128,-0.0039057548,0,12.726056,-2.312e-06,0
0.5,0,26.667673,-0.0038999453,0,12.735284,-2.3634862e-06,0
0.5,0,26.668151,-0.0039031856,0,12.744513,-2.4116951e-06,0
0.5,0,26.668526,-0.0039146031,0,12.753741,-2.455247e-06,0
0.5,0,26.668767,-0.0039308466,0,12.76297,-2.4931369e-06,0
0.5,0,26.668857,-0.0039473431,0,12.772198,-2.525106e-06,0
0.5,0,26.668801,-0.0039599247,0,12.781427,-2.5517985e-06,0
0.5,0,26.66862,-0.0039664082,0,12.790655,-2.5745712e-06,0
0.5,0,26.668343,-0.0039673269,0,12.799883,-2.5950104e-06,0
0.5,0,26.667993,-0.0039646301,0,12.809112,-2.6142858e-06,0
0.5,0,26.667575,-0.0039600697,0,12.81834,-2.6325385e-06,0
0.5,0,26.667105,-0.0039558718,0,12.827569,-2.6487508e-06,0
0.5,0,26.666617,-0.0039560087,0,12.836797,-2.6614587e-06,0
0.5,0,26.666176,-0.0039638229,0,12.846026,-2.6697467e-06,0
0.5,0,26.665852,-0.0039767017,0,12.855254,-2.6735918e-06,0
0.5,0,26.665635,-0.0039886119,0,12.864483,-2.673333e-06,0
0.5,0,26.665475,-0.0039952379,0,12.873711,-2.6693741e-06,0
0.5,0,26.665313,-0.0039952303,0,12.88294,-2.6623474e-06,0
0.5,0,26.665107,-0.003991294,0,12.892168,-2.6527058e-06,0
0.5,0,26.664832,-0.0039872625,0,12.901397,-2.6403038e-06,0
0.5,0,26.664485,-0.0039851906,0,12.910625,-2.6245909e-06,0
0.5,0,26.664105,-0.0039864114,0,12.919854,-2.6048694e-06,0
0.5,0,26.663753,-0.0039919323,0,12.929082,-2.5803445e-06,0
0.5,0,26.663488,-0.004000287,0,12.93831,-2.5503718e-06,0
0.5,0,26.663341,-0.0040075707,0,12.947539,-2.5149193e-06,0
0.5,0,26.663307,-0.0040095098,0,12.956767,-2.4746504e-06,0
0.5,0,26.663364,-0.0040039842,0,12.965996,-2.4305909e-06,0
0.5,0,26.663516,-0.0039909715,0,12.975224,-2.3837569e-06,0
0.5,0,26.663691,-0.0039691143,0,12.984453,-2.3344736e-06,0
0.5,0,26.664004,-0.003935697,0,12.993681,-2.2814678e-06,0
0.5,0,26.66435,-0.0039032342,0,13.00291,-2.2241386e-06,0
0.5,0,26.664652,-0.0038912693,0,13.012138,-2.1637413e-06,0
0.5,0,26.665039,-0.0038890003,0,13.021367,-2.1012379e-06,0
0.5,0,26.66541,-0.003877417,0,13.030595,-2.0376488e-06,0
0.5,0,26.665807,-0.0038582126,0,13.039824,-1.9744417e-06,0
0.5,0,26.66623,-0.0038348608,0,13.049052,-1.9128459e-06,0
0.5,0,26.666648,-0.003805717,0,13.058281,-1.8540633e-06,0
0.5,0,26.667053,-0.0037706297,0,13.067509,-1.799392e-06,0
0.5,0,26.667427,-0.0037323748,0,13.076737,-1.7498106e-06,0
0.5,0,26.667743,-0.0036956865,0,13.085966,-1.7054957e-06,0
0.5,0,26.66799,-0.0036663087,0,13.095194,-1.6655259e-06,0
0.5,0,26.66817,-0.0036495723,0,13.104423,-1.6279295e-06,0
0.5,0,26.668297,-0.003648758,0,13.113651,-1.5901125e-06,0
0.5,0,26.668393,-0.0036638657,0,13.12288,-1.5494763e-06,0
0.5,0,26.668468,-0.0036913228,0,13.132108,-1.5039583e-06,0
0.5,0,26.668526,-0.0037251184,0,13.141337,-1.4523328e-06,0
0.5,0,26.668565,-0.0037590484,0,13.150565,-1.3942152e-06,0
0.5,0,26.668597,-0.003788982,0,13.159794,-1.329813e-06,0
0.5,0,26.668654,-0.0038137743,0,13.169022,-1.2595606e-06,0
0.5,0,26.668785,-0.0038344537,0,13.178251,-1.1838639e-06,0
0.5,0,26.669027,-0.0038528208,0,13.187479,-1.1031504e-06,0
0.5,0,26.669378,-0.0038701799,0,13.196708,-1.0182245e-06,0
0.5,0,26.669792,-0.0038858125,0,13.205936,-9.3064006e-07,0
0.5,0,26.6702,-0.0038955099,0,13.215164,-8.42672e-07,0
0.5,0,26.670533,-0.0038928384,0,13.224393,-7.5679449e-07,0
0.5,0,26.67076,-0.003873706,0,13.233621,-6.750792e-07,0
0.5,0,26.670891,-0.0038401397,0,13.24285,-5.9893586e-07,0
0.5,0,26.670967,-0.0037998145,0,13.252078,-5.2918389e-07,0
0.5,0,26.671042,-0.003761476,0,13.261307,-4.6621657e-07,0
0.5,0,26.671141,-0.003730039,0,13.270535,-4.1015416e-07,0
0.5,0,26.671244,-0.0037046877,0,13.279764,-3.6099224e-07,0
0.5,0,26.671313,-0.0036804037,0,13.288992,-3.1881078e-07,0
0.5,0,26.671316,-0.003651882,0,13.298221,-2.8403739e-07,0
0.5,0,26.671249,-0.0036168746,0,13.307449,-2.5756675e-07,0
0.5,0,26.671143,-0.0035752618,0,13.316678,-2.4051929e-07,0
0.5,0,26.671038,-0.0035274161,0,13.325906,-2.3380091e-07,0
0.5,0,26.670952,-0.0034755577,0,13.335135,-2.377868e-07,0
0.5,0,26.670879,-0.0034263121,0,13.344363,-2.5196152e-07,0
0.5,0,26.670808,-0.0033910744,0,13.353591,-2.7428541e-07,0
0.5,0,26.67073,-0.003379546,0,13.36282,-3.0107436e-07,0
0.5,0,26.670645,-0.0033921611,0,13.372048,-3.2806998e-07,0
0.5,0,26.67055,-0.0034204019,0,13.381277,-3.5189055e-07,0
0.5,0,26.670445,-0.0034528977,0,13.390505,-3.7079007e-07,0
0.5,0,26.67033,-0.0034803665,0,13.399734,-3.8457218e-07,0
0.5,0,26.670203,-0.0034969097,0,13.408962,-3.9412999e-07,0
0.5,0,26.670066,-0.0034995177,0,13.418191,-4.0100123e-07,0
0.5,0,26.669919,-0.0034882586,0,13.427419,-4.0700616e-07,0
0.5,0,26.669764,-0.0034665472,0,13.436648,-4.1391635e-07,0
0.5,0,26.669605,-0.0034397791,0,13.445876,-4.231315e-07,0
0.5,0,26.669444,-0.0034137501,0,13.455105,-4.3537464e-07,0
0.5,0,26.669288,-0.0033939162,0,13.464333,-4.5054951e-07,0
0.5,0,26.669147,-0.0033842293,0,13.473562,-4.6785157e-07,0
0.5,0,26.669043,-0.0033855809,0,13.48279,-4.8604723e-07,0
0.5,0,26.669016,-0.0033955174,0,13.492018,-5.0378584e-07,0
0.5,0,26.669113,-0.0034095437,0,13.501247,-5.1988599e-07,0
0.5,0,26.669367,-0.0034233468,0,13.510475,-5.3364188e-07,0
0.5,0,26.669741,-0.0034340064,0,13.519704,-5.4514017e-07,0
0.5,0,26.67017,-0.0034362577,0,13.528932,-5.5516502e-07,0
0.5,0,26.670486,-0.0034234979,0,13.538161,-5.642695e-07,0
0.5,0,26.670643,-0.0033987405,0,13.547389,-5.7247657e-07,0
0.5,0,26.670598,-0.0033767328,0,13.556618,-5.8100849e-07,0
0.5,0,26.670311,-0.0033707129,0,13.565846,-5.9239704e-07,0
0.5,0,26.669932,-0.0033794438,0,13.575075,-6.078381e-07,0
0.5,0,26.66956,-0.0033933696,0,13.584303,-6.2682799e-07,0
0.5,0,26.669275,-0.0034057428,0,13.593532,-6.485427e-07,0
0.5,0,26.669099,-0.0034123744,0,13.60276,-6.7174026e-07,0
0.5,0,26.669012,-0.0034103048,0,13.611989,-6.9459671e-07,0
0.5,0,26.668995,-0.0033983497,0,13.621217,-7.154189e-07,0
0.5,0,26.669019,-0.0033781855,0,13.630445,-7.3325163e-07,0
0.5,0,26.66906,-0.0033542953,0,13.639674,-7.4803953e-07,0
0.5,0,26.6691,-0.0033322583,0,13.648902,-7.6049933e-07,0
0.5,0,26.669131,-0.0033168611,0,13.658131,-7.7171356e-07,0
0.5,0,26.669153,-0.0033109364,0,13.667359,-7.8256901e-07,0
0.5,0,26.669171,-0.0033150089,0,13.676588,-7.9329495e-07,0
0.5,0,26.669191,-0.0033275303,0,13.685816,-8.0334429e-07,0
0.5,0,26.669222,-0.0033456433,0,13.695045,-8.117443e-07,0
0.5,0,26.66927,-0.0033656524,0,13.704273,-8.1774584e-07,0
0.5,0,26.669333,-0.0033829256,0,13.713502,-8.2135042e-07,0
0.5,0,26.669405,-0.0033928963,0,13.72273,-8.2340469e-07,0
0.5,0,26.669471,-0.0033934093,0,13.731959,-8.2525127e-07,0
0.5,0,26.669524,-0.0033863439,0,13.741187,-8.281735e-07,0
0.5,0,26.669561,-0.0033768615,0,13.750416,-8.3294867e-07,0
0.5,0,26.66958,-0.0033709192,0,13.759644,-8.3965413e-07,0
0.5,0,26.669578,-0.0033726559,0,13.768872,-8.4775469e-07,0
0.5,0,26.669562,-0.0033825457,0,13.778101,-8.5643106e-07,0
0.5,0,26.669547,-0.0033972051,0,13.787329,-8.6496657e-07,0
0.5,0,26.669536,-0.0034110212,0,13.796558,-8.7296431e-07,0
0.5,0,26.669526,-0.0034185909,0,13.805786,-8.802892e-07,0
0.5,0,26.669513,-0.0034167772,0,13.815015,-8.8685193e-07,0
0.5,0,26.669502,-0.0034057649,0,13.824243,-8.9246447e-07,0
0.5,0,26.669499,-0.0033887157,0,13.833472,-8.9688433e-07,0
0.5,0,26.669515,-0.0033704513,0,13.8427,-9.000248e-07,0
0.5,0,26.669556,-0.0033554966,0,13.851929,-9.0224119e-07,0
0.5,0,26.669624,-0.0033466953,0,13.861157,-9.0440205e-07,0
0.5,0,26.669712,-0.0033445861,0,13.870386,-9.0769624e-07,0
0.5,0,26.669807,-0.0033471484,0,13.879614,-9.1331402e-07,0
0.5,0,26.669892,-0.0033506722,0,13.888843,-9.2208196e-07,0
0.5,0,26.669954,-0.0033514586,0,13.898071,-9.3423209e-07,0
0.5,0,26.669986,-0.0033475481,0,13.907299,-9.4936978e-07,0
0.5,0,26.669985,-0.0033394332,0,13.916528,-9.6663305e-07,0
0.5,0,26.669958,-0.0033296958,0,13.925756,-9.8496499e-07,0
0.5,0,26.669913,-0.0033218912,0,13.934985,-1.0033626e-06,0
0.5,0,26.669857,-0.0033191218,0,13.944213,-1.0210111e-06,0
0.5,0,26.669798,-0.0033229494,0,13.953442,-1.0372842e-06,0
0.5,0,26.669736,-0.0033330015,0,13.96267,-1.0516708e-06,0
0.5,0,26.669667,-0.003347191,0,13.971899,-1.0637187e-06,0
0.5,0,26.669589,-0.0033625202,0,13.981127,-1.0730507e-06,0
0.5,0,26.669502,-0.0033762553,0,13.990356,-1.0794912e-06,0
0.5,0,26.669407,-0.0033865112,0,13.999584,-1.0832545e-06,0
0.5,0,26.669307,-0.0033923613,0,14.008813,-1.0850662e-06,0
0.5,0,26.669205,-0.0033931633,0,14.018041,-1.0861571e-06,0
0.5,0,26.669118,-0.0033881027,0,14.02727,-1.0880633e-06,0
0.5,0,26.669064,-0.0033766801,0,14.036498,-1.0922719e-06,0
0.5,0,26.669061,-0.0033593585,0,14.045726,-1.0998405e-06,0
0.5,0,26.669114,-0.0033386047,0,14.054955,-1.1111428e-06,0
0.5,0,26.669218,-0.0033185155,0,14.064183,-1.1257953e-06,0
0.5,0,26.66936,-0.0033032355,0,14.073412,-1.1427245e-06,0
0.5,0,26.669532,-0.0032955083,0,14.08264,-1.1603913e-06,0
0.5,0,26.669732,-0.0032955832,0,14.091869,-1.1771172e-06,0
0.5,0,26.66997,-0.0033011475,0,14.101097,-1.1914555e-06,0
0.5,0,26.670256,-0.003308564,0,14.110326,-1.2025454e-06,0
0.5,0,26.670587,-0.003314303,0,14.119554,-1.2103508e-06,0
0.5,0,26.670913,-0.0033154125,0,14.128783,-1.2156585e-06,0
0.5,0,26.67115,-0.003309791,0,14.138011,-1.2197312e-06,0
0.5,0,26.671217,-0.0032975347,0,14.14724,-1.2237776e-06,0
0.5,0,26.671084,-0.0032826955,0,14.156468,-1.2286405e-06,0
0.5,0,26.670779,-0.0032721035,0,14.165697,-1.2348782e-06,0
0.5,0,26.670371,-0.0032706191,0,14.174925,-1.2428484e-06,0
0.5,0,26.669944,-0.0032775835,0,14.184153,-1.2524983e-06,0
0.5,0,26.669531,-0.0032887899,0,14.193382,-1.2632581e-06,0
0.5,0,26.669127,-0.0033001221,0,14.20261,-1.2742843e-06,0
0.5,0,26.668741,-0.0033083182,0,14.211839,-1.2848083e-06,0
0.5,0,26.668385,-0.0033112466,0,14.221067,-1.2942985e-06,0
0.5,0,26.668062,-0.0033085236,0,14.230296,-1.3024192e-06,0
0.5,0,26.66776,-0.0033009259,0,14.239524,-1.3089793e-06,0
0.5,0,26.667467,-0.0032895956,0,14.248753,-1.3139112e-06,0
0.5,0,26.667175,-0.0032758349,0,14.257981,-1.3171851e-06,0
0.5,0,26.666885,-0.0032616961,0,14.26721,-1.3187112e-06,0
0.5,0,26.666599,-0.0032486537,0,14.276438,-1.3185206e-06,0
0.5,0,26.666313,-0.0032396327,0,14.285667,-1.3168571e-06,0
0.5,0,26.666013,-0.0032376322,0,14.294895,-1.3144074e-06,0
0.5,0,26.66569,-0.0032434409,0,14.304124,-1.3123174e-06,0
0.5,0,26.66537,-0.0032557051,0,14.313352,-1.3117496e-06,0
0.5,0,26.66512,-0.0032706799,0,14.32258,-1.3134927e-06,0
0.5,0,26.665021,-0.003284572,0,14.331809,-1.3179067e-06,0
0.5,0,26.66512,-0.0032953251,0,14.341037,-1.3249991e-06,0
0.5,0,26.665388,-0.0033035123,0,14.350266,-1.3344024e-06,0
0.5,0,26.665728,-0.0033108076,0,14.359494,-1.3458557e-06,0
0.5,0,26.666033,-0.0033200062,0,14.368723,-1.3595364e-06,0
0.5,0,26.666237,-0.003333782,0,14.377951,-1.3759941e-06,0
0.5,0,26.666331,-0.0033529714,0,14.38718,-1.3960226e-06,0
0.5,0,26.666347,-0.0033766066,0,14.396408,-1.4204475e-06,0
0.5,0,26.666324,-0.0034026085,0,14.405637,-1.4498818e-06,0
0.5,0,26.666285,-0.0034282203,0,14.414865,-1.4845387e-06,0
0.5,0,26.666242,-0.0034500466,0,14.424094,-1.5241399e-06,0
0.5,0,26.666195,-0.003464301,0,14.433322,-1.567892e-06,0
0.5,0,26.666143,-0.003467666,0,14.442551,-1.614489e-06,0
0.5,0,26.666076,-0.0034583956,0,14.451779,-1.6621627e-06,0
0.5,0,26.665973,-0.0034371059,0,14.461007,-1.708862e-06,0
0.5,0,26.665812,-0.0034069718,0,14.470236,-1.7525732e-06,0
0.5,0,26.665578,-0.0033731889,0,14.479464,-1.7916949e-06,0
0.5,0,26.665285,-0.0033416365,0,14.488693,-1.8253267e-06,0
0.5,0,26.664982,-0.0033170664,0,14.497921,-1.853374e-06,0
0.5,0,26.664735,-0.003301662,0,14.50715,-1.8764555e-06,0
0.5,0,26.664599,-0.0032952293,0,14.516378,-1.8956908e-06,0
0.5,0,26.664591,-0.0032957559,0,14.525607,-1.9124058e-06,0
0.5,0,26.664685,-0.0032998774,0,14.534835,-1.9278335e-06,0
0.5,0,26.664834,-0.0033048249,0,14.544064,-1.9430058e-06,0
0.5,0,26.66499,-0.0033108414,0,14.553292,-1.9589574e-06,0
0.5,0,26.66512,-0.0033203523,0,14.562521,-1.9769438e-06,0
0.5,0,26.665208,-0.0033354663,0,14.571749,-1.9983885e-06,0
0.5,0,26.665252,-0.0033571582,0,14.580978,-2.0246236e-06,0
0.5,0,26.665262,-0.0033850367,0,14.590206,-2.0565184e-06,0
0.5,0,26.665249,-0.0034173294,0,14.599434,-2.0941593e-06,0
0.5,0,26.665226,-0.0034515312,0,14.608663,-2.1368463e-06,0
0.5,0,26.665209,-0.0034845588,0,14.617891,-2.1834428e-06,0
0.5,0,26.665205,-0.0035130877,0,14.62712,-2.2329225e-06,0
0.5,0,26.665221,-0.0035348156,0,14.636348,-2.2849114e-06,0
0.5,0,26.66526,-0.0035485436,0,14.645577,-2.339939e-06,0
0.5,0,26.665316,-0.0035544385,0,14.654805,-2.3992656e-06,0
0.5,0,26.665381,-0.0035548295,0,14.664034,-2.4643399e-06,0
0.5,0,26.665444,-0.0035529849,0,14.673262,-2.5361033e-06,0
0.5,0,26.665477,-0.0035513289,0,14.682491,-2.6144497e-06,0
0.5,0,26.665455,-0.003551396,0,14.691719,-2.6980696e-06,0
0.5,0,26.665395,-0.0035541802,0,14.700948,-2.7846932e-06,0
0.5,0,26.665337,-0.0035600915,0,14.710176,-2.8716159e-06,0
0.5,0,26.665303,-0.0035686636,0,14.719405,-2.9563523e-06,0
0.5,0,26.665293,-0.0035779108,0,14.728633,-3.0372516e-06,0
0.5,0,26.665303,-0.0035843826,0,14.737861,-3.1138827e-06,0
0.5,0,26.665335,-0.0035853668,0,14.74709,-3.1869065e-06,0
0.5,0,26.665393,-0.0035817119,0,14.756318,-3.2573256e-06,0
0.5,0,26.665482,-0.0035774925,0,14.765547,-3.3255575e-06,0
0.5,0,26.665604,-0.003576086,0,14.774775,-3.3910515e-06,0
0.5,0,26.665759,-0.0035770439,0,14.784004,-3.4526439e-06,0
0.5,0,26.665938,-0.0035769791,0,14.793232,-3.5091635e-06,0
0.5,0,26.666117,-0.0035727724,0,14.802461,-3.5598031e-06,0
0.5,0,26.666254,-0.0035637771,0,14.811689,-3.6042291e-06,0
0.5,0,26.666299,-0.0035519699,0,14.820918,-3.6426229e-06,0
0.5,0,26.66622,-0.0035408281,0,14.830146,-3.6756887e-06,0
0.5,0,26.666021,-0.0035338061,0,14.839375,-3.7045246e-06,0
0.5,0,26.665741,-0.0035328565,0,14.848603,-3.7303249e-06,0
0.5,0,26.665434,-0.0035375358,0,14.857832,-3.754014e-06,0
0.5,0,26.665145,-0.0035452009,0,14.86706,-3.7759664e-06,0
0.5,0,26.664888,-0.0035522971,0,14.876288,-3.7959198e-06,0
0.5,0,26.66465,-0.003556041,0,14.885517,-3.813104e-06,0
0.5,0,26.664411,-0.0035555154,0,14.894745,-3.8265165e-06,0
0.5,0,26.664172,-0.0035515211,0,14.903974,-3.8352332e-06,0
0.5,0,26.663965,-0.0035454551,0,14.913202,-3.8386348e-06,0
0.5,0,26.663848,-0.0035384675,0,14.922431,-3.8364962e-06,0
0.5,0,26.663866,-0.0035313836,0,14.931659,-3.8289907e-06,0
0.5,0,26.664012,-0.0035250181,0,14.940888,-3.8166433e-06,0
0.5,0,26.664228,-0.0035196387,0,14.950116,-3.8002268e-06,0
0.5,0,26.664415,-0.0035140324,0,14.959345,-3.7804925e-06,0
0.5,0,26.664512,-0.0035060437,0,14.968573,-3.7577743e-06,0
0.5,0,26.664492,-0.003496713,0,14.977802,-3.7320715e-06,0
0.5,0,26.664401,-0.0034908642,0,14.98703,-3.7036529e-06,0
0.5,0,26.664312,-0.0034905731,0,14.996259,-3.6731705e-06,0
0.5,0,26.66422,-0.0034943473,0,15.005487,-3.6410658e-06,0
0.5,0,26.664129,-0.003500731,0,15.014715,-3.6071546e-06,0
0.5,0,26.664035,-0.0035091694,0,15.023944,-3.5707369e-06,0
0.5,0,26.663921,-0.0035186426,0,15.033172,-3.5308993e-06,0
0.5,0,26.663756,-0.0035261154,0,15.042401,-3.4868939e-06,0
0.5,0,26.663518,-0.0035283272,0,15.051629,-3.438463e-06,0
0.5,0,26.663214,-0.0035237639,0,15.060858,-3.3859295e-06,0
0.5,0,26.662882,-0.0035125744,0,15.070086,-3.3301773e-06,0
0.5,0,26.66259,-0.0034963655,0,15.079315,-3.2725403e-06,0
0.5,0,26.662413,-0.0034783868,0,15.088543,-3.2144912e-06,0
0.5,0,26.662414,-0.0034623935,0,15.097772,-3.1571971e-06,0
0.5,0,26.662606,-0.0034505983,0,15.107,-3.1011953e-06,0
0.5,0,26.662937,-0.0034428847,0,15.116229,-3.0463775e-06,0
0.5,0,26.663309,-0.0034372675,0,15.125457,-2.992233e-06,0
0.5,0,26.663618,-0.0034311736,0,15.134686,-2.9382035e-06,0
0.5,0,26.663803,-0.0034227732,0,15.143914,-2.8839681e-06,0
0.5,0,26.663863,-0.0034116736,0,15.153142,-2.8295195e-06,0
0.5,0,26.663838,-0.0033989446,0,15.162371,-2.7750129e-06,0
0.5,0,26.663778,-0.0033866985,0,15.171599,-2.7205095e-06,0
0.5,0,26.663708,-0.0033775368,0,15.180828,-2.6657852e-06,0
0.5,0,26.663629,-0.0033737553,0,15.190056,-2.6102916e-06,0
0.5,0,26.663531,-0.0033764677,0,15.199285,-2.553255e-06,0
0.5,0,26.663423,-0.0033854512,0,15.208513,-2.4938493e-06,0
0.5,0,26.663335,-0.0033996314,0,15.217742,-2.431358e-06,0
0.5,0,26.663311,-0.0034175412,0,15.22697,-2.3652687e-06,0
0.5,0,26.663375,-0.0034375125,0,15.236199,-2.2953211e-06,0
0.5,0,26.663521,-0.0034575513,0,15.245427,-2.2215665e-06,0
0.5,0,26.663705,-0.0034749718,0,15.254656,-2.1444723e-06,0
0.5,0,26.66387,-0.0034862694,0,15.263884,-2.0650578e-06,0
0.5,0,26.663972,-0.0034877108,0,15.273113,-1.9849764e-06,0
0.5,0,26.663999,-0.003476729,0,15.282341,-1.9064348e-06,0
0.5,0,26.66397,-0.003453431,0,15.291569,-1.8318849e-06,0
0.5,0,26.663916,-0.0034210772,0,15.300798,-1.7635619e-06,0
0.5,0,26.663869,-0.0033848364,0,15.310026,-1.7030591e-06,0
0.5,0,26.663845,-0.0033493947,0,15.319255,-1.6511696e-06,0
0.5,0,26.663844,-0.0033168223,0,15.328483,-1.6080768e-06,0
0.5,0,26.663849,-0.0032859612,0,15.337712,-1.573746e-06,0
0.5,0,26.663842,-0.0032538981,0,15.34694,-1.5482404e-06,0
0.5,0,26.663817,-0.003218673,0,15.356169,-1.5317702e-06,0
0.5,0,26.663784,-0.0031812329,0,15.365397,-1.5244891e-06,0
0.5,0,26.663759,-0.0031455566,0,15.374626,-1.5261787e-06,0
0.5,0,26.663747,-0.0031166817,0,15.383854,-1.5359809e-06,0
0.5,0,26.663742,-0.003098133,0,15.393083,-1.5522521e-06,0
0.5,0,26.663735,-0.003090628,0,15.402311,-1.5726336e-06,0
0.5,0,26.663726,-0.003092575,0,15.41154,-1.5944235e-06,0
0.5,0,26.663718,-0.0031016524,0,15.420768,-1.6151427e-06,0
0.5,0,26.663716,-0.0031156092,0,15.429996,-1.6330443e-06,0
0.5,0,26.663724,-0.0031322179,0,15.439225,-1.6473059e-06,0
0.5,0,26.663745,-0.0031493442,0,15.448453,-1.6578405e-06,0
0.5,0,26.663779,-0.0031652947,0,15.457682,-1.664928e-06,0
0.5,0,26.663827,-0.0031792549,0,15.46691,-1.6689178e-06,0
0.5,0,26.663892,-0.0031908006,0,15.476139,-1.6701771e-06,0
0.5,0,26.663979,-0.0032000282,0,15.485367,-1.6692087e-06,0
0.5,0,26.664087,-0.0032062825,0,15.494596,-1.6667475e-06,0
0.5,0,26.664192,-0.0032081954,0,15.503824,-1.6637081e-06,0
0.5,0,26.664262,-0.003206215,0,15.513053,-1.6610174e-06,0
0.5,0,26.664278,-0.0032019497,0,15.522281,-1.6594333e-06,0
0.5,0,26.664234,-0.0031965854,0,15.53151,-1.6593827e-06,0
0.5,0,26.664138,-0.0031905326,0,15.540738,-1.6609414e-06,0
0.5,0,26.664008,-0.0031845566,0,15.549967,-1.6637827e-06,0
0.5,0,26.663872,-0.0031796087,0,15.559195,-1.6673176e-06,0
0.5,0,26.663755,-0.0031765415,0,15.568423,-1.6709767e-06,0
0.5,0,26.663667,-0.0031771761,0,15.577652,-1.6742e-06,0
0.5,0,26.663608,-0.0031807919,0,15.58688,-1.6764903e-06,0
0.5,0,26.663568,-0.0031903979,0,15.596109,-1.676951e-06,0
0.5,0,26.663536,-0.0032027246,0,15.605337,-1.6755776e-06,0
0.5,0,26.663506,-0.0032130304,0,15.614566,-1.6728684e-06,0
0.5,0,26.663476,-0.0032213233,0,15.623794,-1.669179e-06,0
0.5,0,26.663447,-0.0032248765,0,15.633023,-1.6654184e-06,0
0.5,0,26.663418,-0.0032254273,0,15.642251,-1.6622901e-06,0
0.5,0,26.663391,-0.0032239878,0,15.65148,-1.6603651e-06,0
0.5,0,26.663363,-0.003222803,0,15.660708,-1.65988e-06,0
0.5,0,26.663334,-0.0032239418,0,15.669937,-1.6608143e-06,0
0.5,0,26.663305,-0.0032278962,0,15.679165,-1.662879e-06,0
0.5,0,26.663273,-0.003234621,0,15.688394,-1.6656416e-06,0
0.5,0,26.663238,-0.0032428159,0,15.697622,-1.6687118e-06,0
0.5,0,26.6632,-0.003250999,0,15.70685,-1.6716622e-06,0
0.5,0,26.66316,-0.0032574093,0,15.716079,-1.6741984e-06,0
0.5,0,26.663121,-0.0032618631,0,15.725307,-1.676154e-06,0
0.5,0,26.663085,-0.0032658195,0,15.734536,-1.6773404e-06,0
0.5,0,26.663052,-0.0032705447,0,15.743764,-1.6774935e-06,0
0.5,0,26.663019,-0.0032765308,0,15.752993,-1.6763384e-06,0
0.5,0,26.662983,-0.0032831456,0,15.762221,-1.6737309e-06,0
0.5,0,26.662942,-0.0032888478,0,15.77145,-1.669859e-06,0
0.5,0,26.662894,-0.0032915725,0,15.780678,-1.6653883e-06,0
0.5,0,26.662839,-0.0032895646,0,15.789907,-1.6613967e-06,0
0.5,0,26.66278,-0.0032827354,0,15.799135,-1.6590488e-06,0
0.5,0,26.662718,-0.0032731418,0,15.808364,-1.6590879e-06,0
0.5,0,26.662659,-0.0032641794,0,15.817592,-1.6615358e-06,0
0.5,0,26.662607,-0.0032592929,0,15.826821,-1.6656588e-06,0
0.5,0,26.662567,-0.0032602081,0,15.836049,-1.6702293e-06,0
0.5,0,26.662539,-0.0032665742,0,15.845277,-1.6741433e-06,0
0.5,0,26.662538,-0.0032770429,0,15.854506,-1.6770139e-06,0
0.5,0,26.662489,-0.0032892861,0,15.863734,-1.6794012e-06,0
0.5,0,26.662556,-0.0032899579,0,15.872963,-1.6819079e-06,0
0.5,0,26.662527,-0.0032844057,0,15.882191,-1.6846792e-06,0
0.5,0,26.662396,-0.0032947065,0,15.89142,-1.6888465e-06,0
0.5,0,26.662382,-0.0033119828,0,15.900648,-1.6957792e-06,0
0.5,0,26.662287,-0.0033250251,0,15.909877,-1.7049281e-06,0
0.5,0,26.662205,-0.003337052,0,15.919105,-1.7145755e-06,0
0.5,0,26.662149,-0.0033464093,0,15.928334,-1.7231411e-06,0
0.5,0,26.662088,-0.0033503628,0,15.937562,-1.7293598e-06,0
0.5,0,26.662027,-0.0033489748,0,15.946791,-1.7323293e-06,0
0.5,0,26.661972,-0.0033434515,0,15.956019,-1.7315552e-06,0
0.5,0,26.661921,-0.0033357676,0,15.965248,-1.7269217e-06,0
0.5,0,26.661874,-0.0033281883,0,15.974476,-1.7186025e-06,0
0.5,0,26.661831,-0.0033224698,0,15.983704,-1.7069822e-06,0
0.5,0,26.66179,-0.0033195899,0,15.992933,-1.6926405e-06,0
0.5,0,26.661752,-0.0033202173,0,16.002161,-1.6764122e-06,0
0.5,0,26.661715,-0.0033257789,0,16.01139,-1.6594283e-06,0
0.5,0,26.661678,-0.0033380672,0,16.020618,-1.6430796e-06,0
0.5,0,26.661641,-0.0033575486,0,16.029847,-1.628941e-06,0
0.5,0,26.661604,-0.0033821367,0,16.039075,-1.618477e-06,0
0.5,0,26.661572,-0.0034063799,0,16.048304,-1.6124938e-06,0
0.5,0,26.661548,-0.0034211667,0,16.057532,-1.6105427e-06,0
0.5,0,26.66154,-0.0034153509,0,16.066761,-1.6105869e-06,0
0.5,0,26.661552,-0.0033807969,0,16.075989,-1.6091207e-06,0
0.5,0,26.661573,-0.0033194189,0,16.085218,-1.6023077e-06,0
0.5,0,26.661585,-0.0032490195,0,16.094446,-1.5879568e-06,0
0.5,0,26.661563,-0.0032024966,0,16.103675,-1.5678392e-06,0
0.5,0,26.661533,-0.0032179683,0,16.112903,-1.5493013e-06,0
0.5,0,26.661546,-0.00332296,0,16.122131,-1.5447577e-06,0
0.5,0,26.66162,-0.0035188101,0,16.13136,-1.5687856e-06,0
0.5,0,26.661736,-0.0037743207,0,16.140588,-1.6332393e-06,0
0.5,0,26.661874,-0.00403328,0,16.149817,-1.7421217e-06,0
0.5,0,26.66202,-0.0042301502,0,16.159045,-1.888513e-06,0
0.5,0,26.662162,-0.004307218,0,16.168274,-2.0549695e-06,0
0.5,0,26.662289,-0.0042327536,0,16.177502,-2.2172992e-06,0
0.5,0,26.662395,-0.0040149843,0,16.186731,-2.3503977e-06,0
0.5,0,26.66248,-0.0037011061,0,16.195959,-2.4341649e-06,0
0.5,0,26.662543,-0.0033589066,0,16.205188,-2.4579582e-06,0
0.5,0,26.662585,-0.0030534024,0,16.214416,-2.4225863e-06,0
0.5,0,26.662607,-0.0028318595,0,16.223645,-2.3392231e-06,0
0.5,0,26.662615,-0.0027181125,0,16.232873,-2.2259274e-06,0
0.5,0,26.662614,-0.0027133139,0,16.242102,-2.1034633e-06,0
0.5,0,26.662609,-0.0028021546,0,16.25133,-1.9917437e-06,0
0.5,0,26.662605,-0.0029610432,0,16.260558,-1.9074818e-06,0
0.5,0,26.662609,-0.0031646307,0,16.269787,-1.8630132e-06,0
0.5,0,26.662625,-0.0033887455,0,16.279015,-1.8659224e-06,0
0.5,0,26.662659,-0.0036112712,0,16.288244,-1.9191411e-06,0
0.5,0,26.662708,-0.0038134186,0,16.297472,-2.0214377e-06,0
0.5,0,26.66276,-0.003982284,0,16.306701,-2.1683415e-06,0
0.5,0,26.662788,-0.0041140255,0,16.315929,-2.3535429e-06,0
0.5,0,26.662774,-0.0042152951,0,16.325158,-2.5706258e-06,0
0.5,0,26.662712,-0.0043011464,0,16.334386,-2.8146598e-06,0
0.5,0,26.662623,-0.0043891491,0,16.343615,-3.0830926e-06,0
0.5,0,26.662531,-0.0044917795,0,16.352843,-3.3755226e-06,0
0.5,0,26.662441,-0.0046101597,0,16.362072,-3.6923571e-06,0
0.5,0,26.662333,-0.0047319578,0,16.3713,-4.0328553e-06,0
0.5,0,26.662169,-0.0048349003,0,16.380529,-4.3933512e-06,0
0.5,0,26.661929,-0.0048946999,0,16.389757,-4.7664245e-06,0
0.5,0,26.661625,-0.0048938006,0,16.398985,-5.1413878e-06,0
0.5,0,26.6613,-0.0048270377,0,16.408214,-5.5059043e-06,0
0.5,0,26.661003,-0.0047026135,0,16.417442,-5.8481205e-06,0
0.5,0,26.660769,-0.0045386824,0,16.426671,-6.1585989e-06,0
0.5,0,26.660604,-0.0043578089,0,16.435899,-6.4315633e-06,0
0.5,0,26.660495,-0.0041816262,0,16.445128,-6.6652482e-06,0
0.5,0,26.66042,-0.0040272997,0,16.454356,-6.8614694e-06,0
0.5,0,26.660364,-0.0039060751,0,16.463585,-7.0247398e-06,0
0.5,0,26.660323,-0.0038232971,0,16.472813,-7.1612454e-06,0
0.5,0,26.660302,-0.0037796613,0,16.482042,-7.2779108e-06,0
0.5,0,26.660299,-0.0037726552,0,16.49127,-7.3816478e-06,0
0.5,0,26.660311,-0.0037954206,0,16.500499,-7.4787367e-06,0
0.5,0,26.660317,-0.0038380994,0,16.509727,-7.5742822e-06,0
0.5,0,26.66033,-0.003893307,0,16.518956,-7.6719705e-06,0
0.5,0,26.660359,-0.0039541238,0,16.528184,-7.7743902e-06,0
0.5,0,26.660373,-0.0040141468,0,16.537412,-7.8832691e-06,0
0.5,0,26.660378,-0.0040702918,0,16.546641,-7.9990588e-06,0
0.5,0,26.660391,-0.0041201809,0,16.555869,-8.1209318e-06,0
0.5,0,26.660439,-0.0041622059,0,16.565098,-8.247524e-06,0
0.5,0,26.660546,-0.004197174,0,16.574326,-8.3773702e-06,0
0.5,0,26.660715,-0.0042280189,0,16.583555,-8.5089761e-06,0
0.5,0,26.660931,-0.0042576294,0,16.592783,-8.6409814e-06,0
0.5,0,26.661171,-0.0042873603,0,16.602012,-8.7722824e-06,0
0.5,0,26.661413,-0.0043161666,0,16.61124,-8.9018974e-06,0
0.5,0,26.661655,-0.0043400953,0,16.620469,-9.0287193e-06,0
0.5,0,26.661911,-0.004353769,0,16.629697,-9.1512896e-06,0
0.5,0,26.662201,-0.0043547015,0,16.638926,-9.2678083e-06,0
0.5,0,26.662556,-0.0043465685,0,16.648154,-9.3765916e-06,0
0.5,0,26.66301,-0.0043398818,0,16.657383,-9.476944e-06,0
0.5,0,26.663606,-0.00435079,0,16.666611,-9.5701724e-06,0
0.5,0,26.664376,-0.0043948554,0,16.67584,-9.6599915e-06,0
0.5,0,26.665304,-0.0044774002,0,16.685068,-9.7516705e-06,0
0.5,0,26.666298,-0.0045853206,0,16.694296,-9.8497754e-06,0
0.5,0,26.667216,-0.0046863079,0,16.703525,-9.9552219e-06,0
0.5,0,26.667953,-0.0047384398,0,16.712753,-1.006305e-05,0
0.5,0,26.668542,-0.0047089195,0,16.721982,-1.0162502e-05,0
0.5,0,26.669161,-0.0045938614,0,16.73121,-1.0240309e-05,0
0.5,0,26.670031,-0.0044276227,0,16.740439,-1.0286274e-05,0
0.5,0,26.671246,-0.0042748821,0,16.749667,-1.0298697e-05,0
0.5,0,26.67267,-0.0042083054,0,16.758896,-1.0287301e-05,0
0.5,0,26.673995,-0.0042819019,0,16.768124,-1.0271961e-05,0
0.5,0,26.674916,-0.0045130587,0,16.777353,-1.0277983e-05,0
0.5,0,26.675296,-0.0048786142,0,16.786581,-1.0329892e-05,0
0.5,0,26.675201,-0.0053226361,0,16.79581,-1.0445154e-05,0
0.5,0,26.674806,-0.0057715065,0,16.805038,-1.0629794e-05,0
0.5,0,26.674262,-0.0061528583,0,16.814267,-1.0877183e-05,0
0.5,0,26.673631,-0.0064135991,0,16.823495,-1.1169945e-05,0
0.5,0,26.672921,-0.0065290028,0,16.832723,-1.1483939e-05,0
0.5,0,26.672167,-0.0065020006,0,16.841952,-1.179283e-05,0
0.5,0,26.671448,-0.0063556725,0,16.85118,-1.2071976e-05,0
0.5,0,26.670851,-0.0061234403,0,16.860409,-1.230099e-05,0
0.5,0,26.670444,-0.0058403087,0,16.869637,-1.2464937e-05,0
0.5,0,26.670295,-0.0055360014,0,16.878866,-1.2554271e-05,0
0.5,0,26.67046,-0.0052302093,0,16.888094,-1.2563815e-05,0
0.5,0,26.670949,-0.0049315119,0,16.897323,-1.2491217e-05,0
0.5,0,26.671728,-0.0046405212,0,16.906551,-1.2335539e-05,0
0.5,0,26.67275,-0.0043563906,0,16.91578,-1.2096631e-05,0
0.5,0,26.673944,-0.004084009,0,16.925008,-1.1775671e-05,0
0.5,0,26.675181,-0.0038377549,0,16.934237,-1.1376581e-05,0
0.5,0,26.676281,-0.0036395611,0,16.943465,-1.0907558e-05,0
0.5,0,26.677107,-0.0035103487,0,16.952694,-1.0381787e-05,0
0.5,0,26.677625,-0.0034555753,0,16.961922,-9.816173e-06,0
0.5,0,26.677902,-0.003456134,0,16.97115,-9.228017e-06,0
0.5,0,26.67805,-0.0034769909,0,16.980379,-8.6313214e-06,0
0.5,0,26.678154,-0.0034856272,0,16.989607,-8.0349452e-06,0
0.5,0,26.678249,-0.0034659793,0,16.998836,-7.443677e-06,0
0.5,0,26.678336,-0.003422246,0,17.008064,-6.8610158e-06,0
0.5,0,26.678407,-0.0033711104,0,17.017293,-6.2915739e-06,0
0.5,0,26.67846,-0.0033292753,0,17.026521,-5.7420691e-06,0
0.5,0,26.678499,-0.0033071829,0,17.03575,-5.2209946e-06,0
0.5,0,26.678535,-0.003310549,0,17.044978,-4.7376751e-06,0
0.5,0,26.678576,-0.003339661,0,17.054207,-4.3010783e-06,0
0.5,0,26.67863,-0.0033830487,0,17.063435,-3.9180549e-06,0
0.5,0,26.678709,-0.0034152133,0,17.072664,-3.5909879e-06,0
0.5,0,26.678828,-0.0034064464,0,17.081892,-3.3160416e-06,0
0.5,0,26.679009,-0.0033423095,0,17.091121,-3.0837747e-06,0
0.5,0,26.679284,-0.0032394174,0,17.100349,-2.8825531e-06,0
0.5,0,26.679719,-0.0031441885,0,17.109577,-2.7030545e-06,0
0.5,0,26.680493,-0.0031113455,0,17.118806,-2.5409886e-06,0
0.5,0,26.681963,-0.0031748518,0,17.128034,-2.395879e-06,0
0.5,0,26.684578,-0.0033333223,0,17.137263,-2.2665788e-06,0
0.5,0,26.688589,-0.0035590234,0,17.146491,-2.1467674e-06,0
0.5,0,26.693746,-0.0038177459,0,17.15572,-2.0232683e-06,0
0.5,0,26.699317,-0.0040888282,0,17.164948,-1.8779257e-06,0
0.5,0,26.704521,-0.004375191,0,17.174177,-1.6919472e-06,0
0.5,0,26.708902,-0.0047036438,0,17.183405,-1.4517095e-06,0
0.5,0,26.712367,-0.0050661525,0,17.192634,-1.1513576e-06,0
0.5,0,26.714835,-0.005376544,0,17.201862,-7.8588143e-07,0
0.5,0,26.716026,-0.0056882709,0,17.211091,-3.5124629e-07,0
0.5,0,26.715905,-0.005948554,0,17.217687,-2.5804012e-15,0
0.5,0,26.68302,-0.00076135386,0,17.598686,-1.9201683e-07,0
0.5,0,26.682939,-0.00054076381,0,17.592061,-2.5804012e-15,0
0.5,0,26.684106,-0.0011407966,0,17.607915,-4.2785657e-07,0
0.5,0,26.685582,-0.0015451604,0,17.617143,-6.1606702e-07,0
0.5,0,26.686993,-0.0020330236,0,17.626372,-7.4181942e-07,0
0.5,0,26.688201,-0.0025901432,0,17.6356,-7.9478004e-07,0
0.5,0,26.689204,-0.0031658813,0,17.644829,-7.7139317e-07,0
0.5,0,26.689978,-0.0037027481,0,17.654057,-6.7684139e-07,0
0.5,0,26.690472,-0.0041267169,0,17.663285,-5.2185667e-07,0
0.5,0,26.690678,-0.0044027685,0,17.672514,-3.148622e-07,0
0.5,0,26.690642,-0.0046049896,0,17.681742,-6.4362842e-08,0
0.5,0,26.690608,-0.0046317239,0,17.683875,-2.5804012e-15,0
0.5,0,26.650406,-0.0017088302,0,17.912454,-1.0531592e-07,0
0.5,0,26.651498,-0.0017366441,0,17.905731,-2.5804012e-15,0
0.5,0,26.649609,-0.0017120813,0,17.921683,-2.8776054e-07,0
0.5,0,26.649244,-0.0017488217,0,17.930911,-4.8981511e-07,0
0.5,0,26.649086,-0.0018790934,0,17.940139,-6.8543451e-07,0
0.5,0,26.649055,-0.0021009677,0,17.949368,-8.4941055e-07,0
0.5,0,26.649119,-0.0023651715,0,17.958596,-9.6439424e-07,0
0.5,0,26.649249,-0.0026083767,0,17.967825,-1.025244e-06,0
0.5,0,26.649416,-0.0027851474,0,17.977053,-1.0381269e-06,0
0.5,0,26.649606,-0.0028810866,0,17.986282,-1.0156448e-06,0
0.5,0,26.649817,-0.0029057365,0,17.99551,-9.7178529e-07,0
0.5,0,26.650059,-0.0028808514,0,18.004739,-9.1883843e-07,0
0.5,0,26.650347,-0.0028332455,0,18.013967,-8.6612107e-07,0
0.5,0,26.650693,-0.0027900564,0,18.023196,-8.1953143e-07,0
0.5,0,26.651107,-0.0027724461,0,18.032424,-7.8142484e-07,0
0.5,0,26.65159,-0.0027888964,0,18.041653,-7.5093358e-07,0
0.5,0,26.652133,-0.0028326266,0,18.050881,-7.2493222e-07,0
0.5,0,26.652718,-0.002886061,0,18.06011,-6.9944757e-07,0
0.5,0,26.653327,-0.002930323,0,18.069338,-6.7098382e-07,0
0.5,0,26.653942,-0.0029543737,0,18.078566,-6.3738558e-07,0
0.5,0,26.654552,-0.0029600439,0,18.087795,-5.9831962e-07,0
0.5,0,26.655154,-0.0029604247,0,18.097023,-5.5559583e-07,0
0.5,0,26.655751,-0.0029700908,0,18.106252,-5.1299879e-07,0
0.5,0,26.65635,-0.0029923002,0,18.11548,-4.7489485e-07,0
0.5,0,26.656971,-0.0030155499,0,18.124709,-4.4382747e-07,0
0.5,0,26.657657,-0.0030256595,0,18.133937,-4.1883018e-07,0
0.5,0,26.658458,-0.0030220981,0,18.143166,-3.9598709e-07,0
0.5,0,26.65951,-0.0030184253,0,18.152394,-3.7058392e-07,0
0.5,0,26.660843,-0.0030336595,0,18.161623,-3.3868228e-07,0
0.5,0,26.663247,-0.0030973648,0,18.170851,-2.9710958e-07,0
0.5,0,26.666474,-0.0031914549,0,18.18008,-2.4323436e-07,0
0.5,0,26.670148,-0.0032934273,0,18.189308,-1.7421339e-07,0
0.5,0,26.67475,-0.0034264139,0,18.198537,-8.596643e-08,0
0.5,0,26.678517,-0.0035139779,0,18.205656,-2.5804012e-15,0
0.5,0,26.674554,-0.00013277544,0,19.305953,-2.2887917e-07,0
0.5,0,26.676926,0.00010116187,0,19.300239,-2.5804012e-15,0
0.5,0,26.671308,-0.00052943168,0,19.315181,-5.9473943e-07,0
0.5,0,26.668304,-0.00085092969,0,19.324409,-9.4752666e-07,0
0.5,0,26.665319,-0.0011161984,0,19.333638,-1.2813043e-06,0
0.5,0,26.662431,-0.0013211671,0,19.342866,-1.5956116e-06,0
0.5,0,26.65985,-0.0014836089,0,19.352095,-1.8916469e-06,0
0.5,0,26.657755,-0.0016357808,0,19.361323,-2.169638e-06,0
0.5,0,26.656201,-0.0018081449,0,19.370552,-2.4272403e-06,0
0.5,0,26.655096,-0.0020108423,0,19.37978,-2.6595119e-06,0
0.5,0,26.654285,-0.0022283201,0,19.389009,-2.8610112e-06,0
0.5,0,26.653643,-0.0024359468,0,19.398237,-3.0282988e-06,0
0.5,0,26.653121,-0.0026229688,0,19.407466,-3.16073e-06,0
0.5,0,26.652714,-0.0027979832,0,19.416694,-3.2591879e-06,0
0.5,0,26.652415,-0.002976394,0,19.425923,-3.3243465e-06,0
0.5,0,26.652205,-0.0031644904,0,19.435151,-3.3559808e-06,0
0.5,0,26.65206,-0.0033524718,0,19.44438,-3.353553e-06,0
0.5,0,26.651966,-0.0035226389,0,19.453608,-3.3175557e-06,0
0.5,0,26.651911,-0.0036640401,0,19.462836,-3.2507988e-06,0
0.5,0,26.651883,-0.0037746025,0,19.472065,-3.15848e-06,0
0.5,0,26.651868,-0.0038543831,0,19.481293,-3.0470937e-06,0
0.5,0,26.651867,-0.003903208,0,19.490522,-2.9239652e-06,0
0.5,0,26.651913,-0.003916268,0,19.49975,-2.7978949e-06,0
0.5,0,26.652059,-0.0038804131,0,19.508979,-2.6801325e-06,0
0.5,0,26.652238,-0.0037764016,0,19.518207,-2.5845271e-06,0
0.5,0,26.652421,-0.0035861041,0,19.527436,-2.5262442e-06,0
0.5,0,26.652449,-0.0033098998,0,19.536664,-2.521193e-06,0
0.5,0,26.652281,-0.0029672837,0,19.545893,-2.5841654e-06,0
0.5,0,26.652073,-0.0025750986,0,19.555121,-2.7250961e-06,0
0.5,0,26.651851,-0.0021579079,0,19.56435,-2.9473912e-06,0
0.5,0,26.651691,-0.0017614632,0,19.573578,-3.2468439e-06,0
0.5,0,26.651598,-0.001437478,0,19.582807,-3.6106065e-06,0
0.5,0,26.651512,-0.0012345648,0,19.592035,-4.0176454e-06,0
0.5,0,26.651396,-0.0011910765,0,19.601263,-4.4400689e-06,0
0.5,0,26.651243,-0.0013224375,0,19.610492,-4.844763e-06,0
0.5,0,26.651058,-0.0016150309,0,19.61972,-5.1960825e-06,0
0.5,0,26.650838,-0.0020423107,0,19.628949,-5.4620315e-06,0
0.5,0,26.650575,-0.0025672832,0,19.638177,-5.6229905e-06,0
0.5,0,26.65032,-0.0031123252,0,19.647406,-5.6763506e-06,0
0.5,0,26.650085,-0.0035693335,0,19.656634,-5.6344574e-06,0
0.5,0,26.649785,-0.003850231,0,19.665863,-5.5206038e-06,0
0.5,0,26.64951,-0.0039236828,0,19.675091,-5.3654461e-06,0
0.5,0,26.649479,-0.0038218856,0,19.68432,-5.2006086e-06,0
0.5,0,26.649729,-0.0036116958,0,19.693548,-5.0506709e-06,0
0.5,0,26.65013,-0.003360815,0,19.702777,-4.9294956e-06,0
0.5,0,26.650522,-0.0031259528,0,19.712005,-4.8410118e-06,0
0.5,0,26.650787,-0.0029474094,0,19.721234,-4.7812512e-06,0
0.5,0,26.650886,-0.0028399928,0,19.730462,-4.7415284e-06,0
0.5,0,26.650847,-0.0027926497,0,19.73969,-4.7125977e-06,0
0.5,0,26.650729,-0.0027812499,0,19.748919,-4.6877164e-06,0
0.5,0,26.650581,-0.0027829911,0,19.758147,-4.6634479e-06,0
0.5,0,26.650414,-0.0027830851,0,19.767376,-4.6388461e-06,0
0.5,0,26.650201,-0.0027745561,0,19.776604,-4.6141522e-06,0
0.5,0,26.649905,-0.0027559911,0,19.785833,-4.5897592e-06,0
0.5,0,26.649524,-0.0027303494,0,19.795061,-4.5656809e-06,0
0.5,0,26.649123,-0.0027043655,0,19.80429,-4.5414475e-06,0
0.5,0,26.648834,-0.0026864504,0,19.813518,-4.516275e-06,0
0.5,0,26.64879,-0.0026827915,0,19.822747,-4.4893838e-06,0
0.5,0,26.649052,-0.0026940116,0,19.831975,-4.4603231e-06,0
0.5,0,26.649564,-0.0027149877,0,19.841204,-4.4291041e-06,0
0.5,0,26.650174,-0.0027379595,0,19.850432,-4.3960039e-06,0
0.5,0,26.650724,-0.0027561619,0,19.859661,-4.3611188e-06,0
0.5,0,26.651128,-0.0027656593,0,19.868889,-4.3240026e-06,0
0.5,0,26.651395,-0.0027666007,0,19.878117,-4.2838142e-06,0
0.5,0,26.651589,-0.0027643684,0,19.887346,-4.2401435e-06,0
0.5,0,26.651777,-0.0027672317,0,19.896574,-4.1939868e-06,0
0.5,0,26.651988,-0.0027777675,0,19.905803,-4.1475804e-06,0
0.5,0,26.65224,-0.0027879277,0,19.915031,-4.1025803e-06,0
0.5,0,26.652554,-0.002788063,0,19.92426,-4.0582795e-06,0
0.5,0,26.652982,-0.0027779216,0,19.933488,-4.011909e-06,0
0.5,0,26.653549,-0.0027667594,0,19.942717,-3.9605112e-06,0
0.5,0,26.654187,-0.0027559535,0,19.951945,-3.9019111e-06,0
0.5,0,26.654815,-0.0027414427,0,19.961174,-3.8344708e-06,0
0.5,0,26.655349,-0.002728924,0,19.970402,-3.7575164e-06,0
0.5,0,26.65572,-0.0027309269,0,19.979631,-3.673968e-06,0
0.5,0,26.655807,-0.0027512922,0,19.988859,-3.5900707e-06,0
0.5,0,26.655453,-0.0027786439,0,19.998088,-3.5082234e-06,0
0.5,0,26.65484,-0.0028084242,0,20.007316,-3.4251938e-06,0
0.5,0,26.654326,-0.0028342024,0,20.016544,-3.3398782e-06,0
0.5,0,26.654046,-0.0028411584,0,20.025773,-3.2555313e-06,0
0.5,0,26.653961,-0.0028351989,0,20.035001,-3.1739423e-06,0
0.5,0,26.653978,-0.002831869,0,20.04423,-3.0931657e-06,0
0.5,0,26.654019,-0.0028285417,0,20.053458,-3.0110433e-06,0
0.5,0,26.65405,-0.0028144972,0,20.062687,-2.9280462e-06,0
0.5,0,26.654067,-0.0027881055,0,20.071915,-2.8467379e-06,0
0.5,0,26.654074,-0.0027548464,0,20.081144,-2.7700326e-06,0
0.5,0,26.654076,-0.0027199306,0,20.090372,-2.7002427e-06,0
0.5,0,26.654076,-0.0026857512,0,20.099601,-2.638915e-06,0
0.5,0,26.654077,-0.0026526947,0,20.108829,-2.5869418e-06,0
0.5,0,26.654077,-0.0026202,0,20.118058,-2.5447656e-06,0
0.5,0,26.654078,-0.0025882559,0,20.127286,-2.5126246e-06,0
0.5,0,26.654079,-0.0025589072,0,20.136515,-2.4907697e-06,0
0.5,0,26.654071,-0.0025349017,0,20.145743,-2.4794838e-06,0
0.5,0,26.654045,-0.0025123117,0,20.154971,-2.4784212e-06,0
0.5,0,26.654003,-0.0024782119,0,20.1642,-2.4851173e-06,0
0.5,0,26.653972,-0.0024268292,0,20.173428,-2.494492e-06,0
0.5,0,26.654019,-0.0023808128,0,20.182657,-2.5019008e-06,0
0.5,0,26.654181,-0.0023724725,0,20.191885,-2.5068866e-06,0
0.5,0,26.654511,-0.002400273,0,20.201114,-2.5117704e-06,0
0.5,0,26.655062,-0.002439433,0,20.210342,-2.5169421e-06,0
0.5,0,26.655675,-0.0024730867,0,20.219571,-2.5198288e-06,0
0.5,0,26.656155,-0.0024915143,0,20.228799,-2.5186067e-06,0
0.5,0,26.656479,-0.0024949276,0,20.238028,-2.5141551e-06,0
0.5,0,26.656673,-0.0024976874,0,20.247256,-2.5071435e-06,0
0.5,0,26.656752,-0.0025094608,0,20.256485,-2.4963297e-06,0
0.5,0,26.65677,-0.0025199391,0,20.265713,-2.4814186e-06,0
0.5,0,26.656786,-0.0025092948,0,20.274942,-2.4648124e-06,0
0.5,0,26.656812,-0.0024827587,0,20.28417,-2.4489868e-06,0
0.5,0,26.656823,-0.002465652,0,20.293398,-2.4338891e-06,0
0.5,0,26.656813,-0.0024684657,0,20.302627,-2.4176472e-06,0
0.5,0,26.656806,-0.0024864698,0,20.311855,-2.3986783e-06,0
0.5,0,26.656828,-0.0025097206,0,20.321084,-2.3767069e-06,0
0.5,0,26.656888,-0.0025284354,0,20.330312,-2.3525324e-06,0
0.5,0,26.656979,-0.0025349199,0,20.339541,-2.3274332e-06,0
0.5,0,26.657076,-0.0025257449,0,20.348769,-2.3026852e-06,0
0.5,0,26.657144,-0.0025034934,0,20.357998,-2.2793002e-06,0
0.5,0,26.657153,-0.0024759766,0,20.367226,-2.2580191e-06,0
0.5,0,26.657094,-0.0024532212,0,20.376455,-2.2394633e-06,0
0.5,0,26.656977,-0.0024428478,0,20.385683,-2.2241271e-06,0
0.5,0,26.656829,-0.002447019,0,20.394912,-2.212069e-06,0
0.5,0,26.656687,-0.0024621047,0,20.40414,-2.2025203e-06,0
0.5,0,26.656567,-0.0024810704,0,20.413369,-2.1938969e-06,0
0.5,0,26.65647,-0.0024976044,0,20.422597,-2.184566e-06,0
0.5,0,26.656382,-0.002509445,0,20.431825,-2.1738463e-06,0
0.5,0,26.656286,-0.0025159513,0,20.441054,-2.1620183e-06,0
0.5,0,26.656178,-0.0025150379,0,20.450282,-2.1495861e-06,0
0.5,0,26.656055,-0.0025075922,0,20.459511,-2.1369791e-06,0
0.5,0,26.655916,-0.0024974597,0,20.468739,-2.1244481e-06,0
0.5,0,26.655782,-0.0024870464,0,20.477968,-2.1120451e-06,0
0.5,0,26.655683,-0.0024775237,0,20.487196,-2.1000333e-06,0
0.5,0,26.655641,-0.0024701935,0,20.496425,-2.0892783e-06,0
0.5,0,26.655644,-0.0024671853,0,20.505653,-2.0811344e-06,0
0.5,0,26.655657,-0.002471185,0,20.514882,-2.0768987e-06,0
0.5,0,26.655647,-0.0024837887,0,20.52411,-2.0772182e-06,0
0.5,0,26.655603,-0.0025047218,0,20.533339,-2.0818489e-06,0
0.5,0,26.655558,-0.0025313083,0,20.542567,-2.0897497e-06,0
0.5,0,26.655504,-0.0025574837,0,20.551796,-2.0994655e-06,0
0.5,0,26.655577,-0.0025679182,0,20.561024,-2.1091179e-06,0
0.5,0,26.655609,-0.0025629067,0,20.570252,-2.1169042e-06,0
0.5,0,26.655556,-0.0025602257,0,20.579481,-2.1231836e-06,0
0.5,0,26.655555,-0.0025609388,0,20.588709,-2.1305726e-06,0
0.5,0,26.655478,-0.0025659254,0,20.597938,-2.1419579e-06,0
0.5,0,26.655402,-0.0025820672,0,20.607166,-2.1596308e-06,0
0.5,0,26.655343,-0.0026046202,0,20.616395,-2.1846321e-06,0
0.5,0,26.65528,-0.0026231727,0,20.625623,-2.2159847e-06,0
0.5,0,26.655223,-0.0026312228,0,20.634852,-2.2510476e-06,0
0.5,0,26.655168,-0.0026276701,0,20.64408,-2.286705e-06,0
0.5,0,26.655107,-0.0026147972,0,20.653309,-2.3203775e-06,0
0.5,0,26.65505,-0.0025976552,0,20.662537,-2.3505935e-06,0
0.5,0,26.655016,-0.0025838615,0,20.671766,-2.3772502e-06,0
0.5,0,26.655019,-0.002579752,0,20.680994,-2.4014542e-06,0
0.5,0,26.65505,-0.002586613,0,20.690223,-2.4249556e-06,0
0.5,0,26.655081,-0.0025998811,0,20.699451,-2.4493823e-06,0
0.5,0,26.65509,-0.0026127604,0,20.708679,-2.4756553e-06,0
0.5,0,26.655067,-0.0026203575,0,20.717908,-2.5037777e-06,0
0.5,0,26.655008,-0.0026210471,0,20.727136,-2.5329658e-06,0
0.5,0,26.65489,-0.0026170994,0,20.736365,-2.5621365e-06,0
0.5,0,26.6547,-0.0026138168,0,20.745593,-2.5906347e-06,0
0.5,0,26.654466,-0.0026165668,0,20.754822,-2.6187893e-06,0
0.5,0,26.654241,-0.0026263239,0,20.76405,-2.647724e-06,0
0.5,0,26.654073,-0.0026385854,0,20.773279,-2.6784075e-06,0
0.5,0,26.653972,-0.0026465169,0,20.782507,-2.710543e-06,0
0.5,0,26.653918,-0.0026425739,0,20.791736,-2.7419162e-06,0
0.5,0,26.653888,-0.0026191026,0,20.800964,-2.7686056e-06,0
0.5,0,26.653875,-0.0025720582,0,20.810193,-2.786085e-06,0
0.5,0,26.653882,-0.0025075062,0,20.819421,-2.7909758e-06,0
0.5,0,26.65392,-0.0024461137,0,20.82865,-2.7830497e-06,0
0.5,0,26.653999,-0.0024199391,0,20.837878,-2.7668323e-06,0
0.5,0,26.654117,-0.002460544,0,20.847106,-2.7519559e-06,0
0.5,0,26.654252,-0.0025842333,0,20.856335,-2.751642e-06,0
0.5,0,26.654373,-0.0027815693,0,20.865563,-2.779378e-06,0
0.5,0,26.654451,-0.0030162264,0,20.874792,-2.8446673e-06,0
0.5,0,26.654477,-0.0032337721,0,20.88402,-2.9492815e-06,0
0.5,0,26.654468,-0.0033774912,0,20.893249,-3.0854189e-06,0
0.5,0,26.654445,-0.003406185,0,20.902477,-3.2364476e-06,0
0.5,0,26.654409,-0.0033066698,0,20.911706,-3.3799635e-06,0
0.5,0,26.654351,-0.0030954829,0,20.920934,-3.4923113e-06,0
0.5,0,26.654283,-0.002809773,0,20.930163,-3.5535113e-06,0
0.5,0,26.654235,-0.0024944337,0,20.939391,-3.5514948e-06,0
0.5,0,26.654231,-0.0021931279,0,20.94862,-3.4846162e-06,0
0.5,0,26.654273,-0.0019449073,0,20.957848,-3.3618395e-06,0
0.5,0,26.654347,-0.0017823906,0,20.967077,-3.2006913e-06,0
0.5,0,26.654438,-0.0017284411,0,20.976305,-3.023803e-06,0
0.5,0,26.654535,-0.0017913066,0,20.985533,-2.8550602e-06,0
0.5,0,26.65463,-0.0019605258,0,20.994762,-2.7160611e-06,0
0.5,0,26.654709,-0.0022075313,0,21.00399,-2.6233362e-06,0
0.5,0,26.654754,-0.0024917487,0,21.013219,-2.586631e-06,0
0.5,0,26.654747,-0.0027701867,0,21.022447,-2.6084506e-06,0
0.5,0,26.654679,-0.0030072224,0,21.031676,-2.6849452e-06,0
0.5,0,26.654549,-0.0031814596,0,21.040904,-2.8079714e-06,0
0.5,0,26.654366,-0.0032888586,0,21.050133,-2.9678229e-06,0
0.5,0,26.654143,-0.0033419528,0,21.059361,-3.155813e-06,0
0.5,0,26.653895,-0.0033653072,0,21.06859,-3.365977e-06,0
0.5,0,26.653628,-0.0033882717,0,21.077818,-3.5955554e-06,0
0.5,0,26.653343,-0.0034360834,0,21.087047,-3.8443806e-06,0
0.5,0,26.653044,-0.0035214374,0,21.096275,-4.1137071e-06,0
0.5,0,26.652745,-0.0036403923,0,21.105504,-4.4051514e-06,0
0.5,0,26.652465,-0.0037757522,0,21.114732,-4.719974e-06,0
0.5,0,26.652235,-0.003906907,0,21.12396,-5.0585277e-06,0
0.5,0,26.652088,-0.0040181102,0,21.133189,-5.4197293e-06,0
0.5,0,26.652051,-0.0041006674,0,21.142417,-5.8007105e-06,0
0.5,0,26.652124,-0.004151903,0,21.151646,-6.1969655e-06,0
0.5,0,26.652278,-0.0041728244,0,21.160874,-6.6029559e-06,0
0.5,0,26.652465,-0.0041667221,0,21.170103,-7.012907e-06,0
0.5,0,26.652634,-0.0041394132,0,21.179331,-7.4215953e-06,0
0.5,0,26.652754,-0.0040992326,0,21.18856,-7.8250447e-06,0
0.5,0,26.652817,-0.0040556259,0,21.197788,-8.2209938e-06,0
0.5,0,26.65284,-0.0040170058,0,21.207017,-8.6089045e-06,0
0.5,0,26.652847,-0.003988623,0,21.216245,-8.9894158e-06,0
0.5,0,26.652856,-0.0039711347,0,21.225474,-9.3635154e-06,0
0.5,0,26.652875,-0.0039608895,0,21.234702,-9.7318587e-06,0
0.5,0,26.652905,-0.0039521921,0,21.243931,-1.0094445e-05,0
0.5,0,26.652938,-0.0039400838,0,21.253159,-1.0450589e-05,0
0.5,0,26.652969,-0.0039218881,0,21.262387,-1.0799054e-05,0
0.5,0,26.652993,-0.0038972693,0,21.271616,-1.1138268e-05,0
0.5,0,26.65301,-0.0038676879,0,21.280844,-1.1466552e-05,0
0.5,0,26.653025,-0.0038358058,0,21.290073,-1.1782323e-05,0
0.5,0,26.653043,-0.003804704,0,21.299301,-1.2084216e-05,0
0.5,0,26.653068,-0.0037766664,0,21.30853,-1.2371145e-05,0
0.5,0,26.653107,-0.003751696,0,21.317758,-1.2642287e-05,0
0.5,0,26.653167,-0.0037267399,0,21.326987,-1.2897053e-05,0
0.5,0,26.653252,-0.0036966935,0,21.336215,-1.3134983e-05,0
0.5,0,26.653363,-0.0036572152,0,21.345444,-1.3355502e-05,0
0.5,0,26.653498,-0.0036080136,0,21.354672,-1.3557616e-05,0
0.5,0,26.653661,-0.0035544642,0,21.363901,-1.3739851e-05,0
0.5,0,26.653861,-0.0035068385,0,21.373129,-1.3900759e-05,0
0.5,0,26.654105,-0.0034779263,0,21.382358,-1.4039888e-05,0
0.5,0,26.654388,-0.0034789149,0,21.391586,-1.4158709e-05,0
0.5,0,26.65468,-0.0035145791,0,21.400815,-1.4260773e-05,0
0.5,0,26.654931,-0.00357905,0,21.410043,-1.4350583e-05,0
0.5,0,26.6551,-0.0036529371,0,21.419271,-1.4431249e-05,0
0.5,0,26.655188,-0.0037045656,0,21.4285,-1.4501876e-05,0
0.5,0,26.655237,-0.0037003842,0,21.437728,-1.4556099e-05,0
0.5,0,26.655344,-0.003622918,0,21.446957,-1.4583273e-05,0
0.5,0,26.655602,-0.0034838398,0,21.456185,-1.4572606e-05,0
0.5,0,26.656052,-0.0033252841,0,21.465414,-1.4518408e-05,0
0.5,0,26.656707,-0.0032104591,0,21.474642,-1.4424206e-05,0
0.5,0,26.657515,-0.0032048516,0,21.483871,-1.4304523e-05,0
0.5,0,26.658402,-0.0033524166,0,21.493099,-1.4183161e-05,0
0.5,0,26.659298,-0.0036579641,0,21.502328,-1.4087725e-05,0
0.5,0,26.660169,-0.0040844413,0,21.511556,-1.404237e-05,0
0.5,0,26.661034,-0.0045645856,0,21.520785,-1.4061584e-05,0
0.5,0,26.661965,-0.0050215215,0,21.530013,-1.4146952e-05,0
0.5,0,26.663059,-0.0053901734,0,21.539242,-1.4287433e-05,0
0.5,0,26.664384,-0.0056312443,0,21.54847,-1.4462477e-05,0
0.5,0,26.66592,-0.0057339912,0,21.557698,-1.464647e-05,0
0.5,0,26.667543,-0.0057102753,0,21.566927,-1.481292e-05,0
0.5,0,26.669061,-0.0055842617,0,21.576155,-1.49374e-05,0
0.5,0,26.670295,-0.0053823141,0,21.585384,-1.4999074e-05,0
0.5,0,26.671148,-0.0051266494,0,21.594612,-1.4981221e-05,0
0.5,0,26.671632,-0.0048341043,0,21.603841,-1.48713e-05,0
0.5,0,26.671844,-0.0045195872,0,21.613069,-1.4661087e-05,0
0.5,0,26.671924,-0.0042008681,0,21.622298,-1.4347132e-05,0
0.5,0,26.672006,-0.0038995804,0,21.631526,-1.3931268e-05,0
0.5,0,26.672174,-0.0036360877,0,21.640755,-1.3420445e-05,0
0.5,0,26.672446,-0.0034205224,0,21.649983,-1.2825348e-05,0
0.5,0,26.672776,-0.0032470529,0,21.659212,-1.2157864e-05,0
0.5,0,26.673089,-0.0030983273,0,21.66844,-1.1428681e-05,0
0.5,0,26.673324,-0.0029588606,0,21.677669,-1.0646481e-05,0
0.5,0,26.673463,-0.0028279568,0,21.686897,-9.8192634e-06,0
0.5,0,26.673528,-0.0027222489,0,21.696125,-8.9568321e-06,0
0.5,0,26.67356,-0.0026655736,0,21.705354,-8.0726225e-06,0
0.5,0,26.673596,-0.0026734312,0,21.714582,-7.1834852e-06,0
0.5,0,26.673655,-0.0027432736,0,21.723811,-6.3075618e-06,0
0.5,0,26.673738,-0.0028564918,0,21.733039,-5.4616183e-06,0
0.5,0,26.673839,-0.0029883351,0,21.742268,-4.6592378e-06,0
0.5,0,26.673952,-0.0031163181,0,21.751496,-3.9102865e-06,0
0.5,0,26.674077,-0.0032210843,0,21.760725,-3.2209702e-06,0
0.5,0,26.674225,-0.003285661,0,21.769953,-2.593822e-06,0
0.5,0,26.674423,-0.0033016003,0,21.779182,-2.0281775e-06,0
0.5,0,26.674723,-0.003274555,0,21.78841,-1.5217231e-06,0
0.5,0,26.675191,-0.0032247209,0,21.797639,-1.0722819e-06,0
0.5,0,26.676014,-0.003181288,0,21.806867,-6.7875543e-07,0
0.5,0,26.677698,-0.003172487,0,21.816096,-3.3890705e-07,0
0.5,0,26.680782,-0.0031926575,0,21.825324,-4.7167924e-08,0
0.5,0,26.681615,-0.0031798093,0,21.827095,-2.5804012e-15,0
0.5,0,26.659379,-0.00012555849,0,22.240605,-2.4991082e-07,0
0.5,0,26.659286,-9.9024588e-05,0,22.234143,-2.5804012e-15,0
0.5,0,26.660321,-0.00028640976,0,22.249833,-6.3144237e-07,0
0.5,0,26.661634,-0.00046250126,0,22.259062,-1.0241133e-06,0
0.5,0,26.66292,-0.00067805242,0,22.26829,-1.4168106e-06,0
0.5,0,26.664003,-0.00090793331,0,22.277519,-1.8017518e-06,0
0.5,0,26.664817,-0.0011247791,0,22.286747,-2.1709141e-06,0
0.5,0,26.66534,-0.0013161599,0,22.295976,-2.5152027e-06,0
0.5,0,26.665583,-0.0014864392,0,22.305204,-2.8256054e-06,0
0.5,0,26.665598,-0.0016459384,0,22.314433,-3.0944706e-06,0
0.5,0,26.66548,-0.0017995662,0,22.323661,-3.3157512e-06,0
0.5,0,26.665335,-0.0019481389,0,22.33289,-3.4840692e-06,0
0.5,0,26.665242,-0.0020971738,0,22.342118,-3.5942611e-06,0
0.5,0,26.665186,-0.0022607552,0,22.351347,-3.6425729e-06,0
0.5,0,26.665044,-0.0024574316,0,22.360575,-3.6286521e-06,0
0.5,0,26.664693,-0.0027014452,0,22.369804,-3.5565861e-06,0
0.5,0,26.664151,-0.0029904961,0,22.379032,-3.4339214e-06,0
0.5,0,26.663573,-0.0032983015,0,22.38826,-3.2690093e-06,0
0.5,0,26.6631,-0.0035825483,0,22.397489,-3.0682904e-06,0
0.5,0,26.662722,-0.0038032397,0,22.406717,-2.8351512e-06,0
0.5,0,26.662249,-0.0039398806,0,22.415946,-2.5705488e-06,0
0.5,0,26.661461,-0.0040011815,0,22.425174,-2.2747659e-06,0
0.5,0,26.660342,-0.004019977,0,22.434403,-1.9497825e-06,0
0.5,0,26.65914,-0.0040345527,0,22.443631,-1.6014236e-06,0
0.5,0,26.658146,-0.0040666421,0,22.45286,-1.2408277e-06,0
0.5,0,26.657457,-0.0040892785,0,22.462088,-8.830926e-07,0
0.5,0,26.656919,-0.0040307484,0,22.471317,-5.4193126e-07,0
0.5,0,26.656218,-0.0039060497,0,22.480545,-2.3034813e-07,0
0.5,0,26.655235,-0.0036806238,0,22.488842,-2.5804012e-15,0
0.5,0,26.64878,-0.00089214693,0,22.526687,-2.628458e-08,0
0.5,0,26.648976,-0.00097582073,0,22.525478,-2.5804012e-15,0
0.5,0,26.64778,-0.00059058572,0,22.535916,-3.3298681e-07,0
0.5,0,26.647242,-0.0005380674,0,22.545144,-7.0101606e-07,0
0.5,0,26.646948,-0.0006596721,0,22.554373,-1.085547e-06,0
0.5,0,26.646764,-0.00097163183,0,22.563601,-1.4445328e-06,0
0.5,0,26.646662,-0.0014238809,0,22.57283,-1.744656e-06,0
0.5,0,26.646653,-0.0019287193,0,22.582058,-1.9665873e-06,0
0.5,0,26.646755,-0.0023842831,0,22.591287,-2.1082172e-06,0
0.5,0,26.646968,-0.0027011655,0,22.600515,-2.1841101e-06,0
0.5,0,26.647244,-0.0028275404,0,22.609744,-2.2208614e-06,0
0.5,0,26.647492,-0.0027652099,0,22.618972,-2.2493101e-06,0
0.5,0,26.647612,-0.0025686236,0,22.628201,-2.2956399e-06,0
0.5,0,26.647547,-0.0023242107,0,22.637429,-2.374402e-06,0
0.5,0,26.647314,-0.0021192919,0,22.646658,-2.4859674e-06,0
0.5,0,26.646995,-0.0020132066,0,22.655886,-2.618837e-06,0
0.5,0,26.646693,-0.0020221885,0,22.665114,-2.755219e-06,0
0.5,0,26.646478,-0.0021236842,0,22.674343,-2.8773457e-06,0
0.5,0,26.646369,-0.0022741596,0,22.683571,-2.972417e-06,0
0.5,0,26.646341,-0.0024287934,0,22.6928,-3.0349563e-06,0
0.5,0,26.646354,-0.0025559382,0,22.702028,-3.066287e-06,0
0.5,0,26.64638,-0.0026423457,0,22.711257,-3.0721595e-06,0
0.5,0,26.646407,-0.002689372,0,22.720485,-3.060112e-06,0
0.5,0,26.646435,-0.0027060663,0,22.729714,-3.037348e-06,0
0.5,0,26.646469,-0.0027021712,0,22.738942,-3.0095442e-06,0
0.5,0,26.64651,-0.0026847822,0,22.748171,-2.980608e-06,0
0.5,0,26.646555,-0.0026592989,0,22.757399,-2.9528523e-06,0
0.5,0,26.646602,-0.0026304032,0,22.766628,-2.9272261e-06,0
0.5,0,26.646646,-0.0026028287,0,22.775856,-2.9035473e-06,0
0.5,0,26.646687,-0.0025810933,0,22.785085,-2.880854e-06,0
0.5,0,26.646724,-0.0025678937,0,22.794313,-2.8578448e-06,0
0.5,0,26.646757,-0.0025626699,0,22.803541,-2.8333688e-06,0
0.5,0,26.646788,-0.0025617607,0,22.81277,-2.8068768e-06,0
0.5,0,26.646816,-0.0025602243,0,22.821998,-2.7786459e-06,0
0.5,0,26.64684,-0.0025542634,0,22.831227,-2.7496532e-06,0
0.5,0,26.646861,-0.0025428894,0,22.840455,-2.7211832e-06,0
0.5,0,26.646882,-0.0025282761,0,22.849684,-2.6943087e-06,0
0.5,0,26.646901,-0.0025151959,0,22.858912,-2.6694202e-06,0
0.5,0,26.64691,-0.0025090837,0,22.868141,-2.6460078e-06,0
0.5,0,26.646893,-0.0025131725,0,22.877369,-2.622754e-06,0
0.5,0,26.64684,-0.0025273303,0,22.886598,-2.5979447e-06,0
0.5,0,26.646757,-0.0025484958,0,22.895826,-2.5700302e-06,0
0.5,0,26.646675,-0.0025713372,0,22.905055,-2.5380983e-06,0
0.5,0,26.646648,-0.0025898158,0,22.914283,-2.5021932e-06,0
0.5,0,26.646726,-0.0025991388,0,22.923512,-2.4634069e-06,0
0.5,0,26.646933,-0.0025970908,0,22.93274,-2.4236513e-06,0
0.5,0,26.647243,-0.002585057,0,22.941968,-2.3851684e-06,0
0.5,0,26.647599,-0.0025677108,0,22.951197,-2.3498908e-06,0
0.5,0,26.647946,-0.0025511414,0,22.960425,-2.3188874e-06,0
0.5,0,26.648272,-0.0025407625,0,22.969654,-2.2921263e-06,0
0.5,0,26.648594,-0.0025393166,0,22.978882,-2.2686029e-06,0
0.5,0,26.648922,-0.0025459268,0,22.988111,-2.2467847e-06,0
0.5,0,26.649225,-0.002556892,0,22.997339,-2.2251801e-06,0
0.5,0,26.64944,-0.0025675331,0,23.006568,-2.2027964e-06,0
0.5,0,26.649494,-0.0025744696,0,23.015796,-2.1793538e-06,0
0.5,0,26.649399,-0.0025751795,0,23.025025,-2.1552129e-06,0
0.5,0,26.649104,-0.0025701921,0,23.034253,-2.131055e-06,0
0.5,0,26.649117,-0.0025716439,0,23.043482,-2.1074226e-06,0
0.5,0,26.649158,-0.0025664597,0,23.05271,-2.0846732e-06,0
0.5,0,26.648922,-0.0025470119,0,23.061939,-2.0629041e-06,0
0.5,0,26.648889,-0.0025312585,0,23.071167,-2.0419231e-06,0
0.5,0,26.648898,-0.0025203706,0,23.080395,-2.0215018e-06,0
0.5,0,26.648904,-0.002512694,0,23.089624,-2.0013903e-06,0
0.5,0,26.648912,-0.0025072244,0,23.098852,-1.9813631e-06,0
0.5,0,26.648921,-0.0025032347,0,23.108081,-1.961258e-06,0
0.5,0,26.648933,-0.0025002482,0,23.117309,-1.9409717e-06,0
0.5,0,26.648948,-0.0024972761,0,23.126538,-1.9205049e-06,0
0.5,0,26.648965,-0.0024931874,0,23.135766,-1.9000277e-06,0
0.5,0,26.648985,-0.0024873518,0,23.144995,-1.8798392e-06,0
0.5,0,26.649005,-0.0024796291,0,23.154223,-1.8602617e-06,0
0.5,0,26.649023,-0.0024699197,0,23.163452,-1.8415397e-06,0
0.5,0,26.649038,-0.0024580963,0,23.17268,-1.8237721e-06,0
0.5,0,26.649053,-0.0024444436,0,23.181909,-1.8068973e-06,0
0.5,0,26.649076,-0.0024294264,0,23.191137,-1.7906783e-06,0
0.5,0,26.649118,-0.0024137106,0,23.200366,-1.77475e-06,0
0.5,0,26.649192,-0.0023987806,0,23.209594,-1.7587816e-06,0
0.5,0,26.649314,-0.0023871239,0,23.218822,-1.7426572e-06,0
0.5,0,26.649498,-0.0023814239,0,23.228051,-1.7265914e-06,0
0.5,0,26.64974,-0.0023831273,0,23.237279,-1.7111206e-06,0
0.5,0,26.650011,-0.0023915937,0,23.246508,-1.6969466e-06,0
0.5,0,26.650259,-0.0024040925,0,23.255736,-1.6846645e-06,0
0.5,0,26.650429,-0.0024164202,0,23.264965,-1.6744701e-06,0
0.5,0,26.650496,-0.0024239448,0,23.274193,-1.6660008e-06,0
0.5,0,26.650473,-0.0024232515,0,23.283422,-1.6583819e-06,0
0.5,0,26.65041,-0.0024125952,0,23.29265,-1.6503471e-06,0
0.5,0,26.65036,-0.0023924693,0,23.301879,-1.640783e-06,0
0.5,0,26.650353,-0.0023673814,0,23.311107,-1.629107e-06,0
0.5,0,26.650385,-0.0023424697,0,23.320336,-1.6150417e-06,0
0.5,0,26.650433,-0.0023205489,0,23.329564,-1.5987417e-06,0
0.5,0,26.650472,-0.0023031903,0,23.338793,-1.5809124e-06,0
0.5,0,26.650495,-0.0022908101,0,23.348021,-1.5625455e-06,0
0.5,0,26.650508,-0.0022827495,0,23.357249,-1.5446655e-06,0
0.5,0,26.650518,-0.0022780143,0,23.366478,-1.5281582e-06,0
0.5,0,26.65054,-0.002275442,0,23.375706,-1.5136338e-06,0
0.5,0,26.650562,-0.0022751205,0,23.384935,-1.5013999e-06,0
0.5,0,26.650606,-0.0022792721,0,23.394163,-1.4916778e-06,0
0.5,0,26.650638,-0.0022893461,0,23.403392,-1.4847607e-06,0
0.5,0,26.650675,-0.0023031929,0,23.41262,-1.4802788e-06,0
0.5,0,26.650761,-0.0023171552,0,23.421849,-1.4769596e-06,0
0.5,0,26.650855,-0.0023330469,0,23.431077,-1.4737126e-06,0
0.5,0,26.650977,-0.0023546348,0,23.440306,-1.469987e-06,0
0.5,0,26.651118,-0.0023801952,0,23.449534,-1.4655862e-06,0
0.5,0,26.651279,-0.0024050351,0,23.458763,-1.4609357e-06,0
0.5,0,26.651462,-0.0024263088,0,23.467991,-1.4572124e-06,0
0.5,0,26.651661,-0.0024397182,0,23.47722,-1.4559069e-06,0
0.5,0,26.651859,-0.0024391027,0,23.486448,-1.4583674e-06,0
0.5,0,26.652021,-0.0024258565,0,23.495676,-1.4654793e-06,0
0.5,0,26.652106,-0.0024027622,0,23.504905,-1.4772794e-06,0
0.5,0,26.652093,-0.0023767701,0,23.514133,-1.4928676e-06,0
0.5,0,26.651996,-0.0023587503,0,23.523362,-1.5106307e-06,0
0.5,0,26.651861,-0.0023512558,0,23.53259,-1.5286942e-06,0
0.5,0,26.651734,-0.0023516539,0,23.541819,-1.5454885e-06,0
0.5,0,26.651641,-0.0023548845,0,23.551047,-1.5601431e-06,0
0.5,0,26.651585,-0.002355589,0,23.560276,-1.5725851e-06,0
0.5,0,26.651556,-0.0023508688,0,23.569504,-1.5833758e-06,0
0.5,0,26.651544,-0.0023415445,0,23.578733,-1.5934131e-06,0
0.5,0,26.651543,-0.0023308508,0,23.587961,-1.6035754e-06,0
0.5,0,26.651549,-0.0023216707,0,23.59719,-1.6143502e-06,0
0.5,0,26.651559,-0.0023148177,0,23.606418,-1.6256042e-06,0
0.5,0,26.651573,-0.0023096786,0,23.615647,-1.6366873e-06,0
0.5,0,26.65159,-0.0023054104,0,23.624875,-1.6468294e-06,0
0.5,0,26.651606,-0.0023014973,0,23.634103,-1.6555105e-06,0
0.5,0,26.651622,-0.0022981017,0,23.643332,-1.6625636e-06,0
0.5,0,26.651654,-0.0022965375,0,23.65256,-1.6681002e-06,0
0.5,0,26.651709,-0.0022987418,0,23.661789,-1.6724142e-06,0
0.5,0,26.651782,-0.0023045326,0,23.671017,-1.6758004e-06,0
0.5,0,26.651858,-0.0023099739,0,23.680246,-1.6782396e-06,0
0.5,0,26.651933,-0.002313139,0,23.689474,-1.6792993e-06,0
0.5,0,26.652011,-0.0023148196,0,23.698703,-1.6783661e-06,0
0.5,0,26.652086,-0.0023096063,0,23.707931,-1.6750521e-06,0
0.5,0,26.652153,-0.0022973501,0,23.71716,-1.6693794e-06,0
0.5,0,26.652222,-0.0022847499,0,23.726388,-1.66168e-06,0
0.5,0,26.652303,-0.0022732039,0,23.735617,-1.6525109e-06,0
0.5,0,26.652392,-0.0022622984,0,23.744845,-1.6425796e-06,0
0.5,0,26.652486,-0.0022512975,0,23.754074,-1.6326075e-06,0
0.5,0,26.652583,-0.0022391685,0,23.763302,-1.6230843e-06,0
0.5,0,26.65267,-0.0022256301,0,23.77253,-1.6140666e-06,0
0.5,0,26.65272,-0.0022124134,0,23.781759,-1.6051514e-06,0
0.5,0,26.652702,-0.002202524,0,23.790987,-1.5956775e-06,0
0.5,0,26.652603,-0.0021977523,0,23.800216,-1.5850221e-06,0
0.5,0,26.652435,-0.0021977929,0,23.809444,-1.5727673e-06,0
0.5,0,26.652228,-0.0022011655,0,23.818673,-1.5586645e-06,0
0.5,0,26.65203,-0.0022054129,0,23.827901,-1.5425887e-06,0
0.5,0,26.651899,-0.0022080167,0,23.83713,-1.5245834e-06,0
0.5,0,26.651867,-0.002207648,0,23.846358,-1.5048646e-06,0
0.5,0,26.651925,-0.0022041883,0,23.855587,-1.4837522e-06,0
0.5,0,26.652035,-0.0021985066,0,23.864815,-1.461612e-06,0
0.5,0,26.652147,-0.0021921875,0,23.874044,-1.4387761e-06,0
0.5,0,26.652227,-0.0021869867,0,23.883272,-1.4154173e-06,0
0.5,0,26.652262,-0.0021840321,0,23.892501,-1.3914726e-06,0
0.5,0,26.652252,-0.0021832751,0,23.901729,-1.366678e-06,0
0.5,0,26.652204,-0.0021835116,0,23.910957,-1.340677e-06,0
0.5,0,26.652129,-0.0021836778,0,23.920186,-1.3131785e-06,0
0.5,0,26.652051,-0.0021836492,0,23.929414,-1.2841217e-06,0
0.5,0,26.651996,-0.0021836431,0,23.938643,-1.253753e-06,0
0.5,0,26.651992,-0.0021836494,0,23.947871,-1.2225273e-06,0
0.5,0,26.652035,-0.0021830856,0,23.9571,-1.1908463e-06,0
0.5,0,26.652085,-0.002181598,0,23.966328,-1.158884e-06,0
0.5,0,26.652141,-0.0021787248,0,23.975557,-1.1267158e-06,0
0.5,0,26.652196,-0.0021735849,0,23.984785,-1.0945686e-06,0
0.5,0,26.652228,-0.0021670176,0,23.994014,-1.0627395e-06,0
0.5,0,26.652242,-0.0021619218,0,24.003242,-1.0312344e-06,0
0.5,0,26.65227,-0.0021602306,0,24.012471,-9.9977938e-07,0
0.5,0,26.652338,-0.0021611705,0,24.021699,-9.6823195e-07,0
0.5,0,26.652447,-0.0021632775,0,24.030928,-9.3671707e-07,0
0.5,0,26.652572,-0.0021658025,0,24.040156,-9.0536278e-07,0
0.5,0,26.652685,-0.002167683,0,24.049384,-8.7415559e-07,0
0.5,0,26.652768,-0.0021674667,0,24.058613,-8.4306562e-07,0
0.5,0,26.652806,-0.0021640297,0,24.067841,-8.1217291e-07,0
0.5,0,26.652797,-0.0021584546,0,24.07707,-7.8181522e-07,0
0.5,0,26.652739,-0.002154536,0,24.086298,-7.5259948e-07,0
0.5,0,26.652637,-0.0021530091,0,24.095527,-7.2488443e-07,0
0.5,0,26.652509,-0.0021502702,0,24.104755,-6.9851848e-07,0
0.5,0,26.652377,-0.0021449823,0,24.113984,-6.7339128e-07,0
0.5,0,26.652258,-0.002138817,0,24.123212,-6.4978219e-07,0
0.5,0,26.652164,-0.002132963,0,24.132441,-6.2815736e-07,0
0.5,0,26.652096,-0.0021273735,0,24.141669,-6.0895103e-07,0
0.5,0,26.652048,-0.0021211965,0,24.150898,-5.924491e-07,0
0.5,0,26.652018,-0.0021136822,0,24.160126,-5.7875987e-07,0
0.5,0,26.652007,-0.0021048208,0,24.169355,-5.6790857e-07,0
0.5,0,26.652013,-0.0020949687,0,24.178583,-5.5995438e-07,0
0.5,0,26.652025,-0.0020845076,0,24.187811,-5.5498734e-07,0
0.5,0,26.652025,-0.0020736142,0,24.19704,-5.5306777e-07,0
0.5,0,26.652005,-0.002062546,0,24.206268,-5.5413832e-07,0
0.5,0,26.65196,-0.0020516093,0,24.215497,-5.5806144e-07,0
0.5,0,26.651884,-0.0020412232,0,24.224725,-5.6466572e-07,0
0.5,0,26.651769,-0.0020321099,0,24.233954,-5.7370737e-07,0
0.5,0,26.651614,-0.0020245913,0,24.243182,-5.8489426e-07,0
0.5,0,26.651436,-0.0020185836,0,24.252411,-5.9787642e-07,0
0.5,0,26.651258,-0.0020140211,0,24.261639,-6.1220639e-07,0
0.5,0,26.651097,-0.0020113517,0,24.270868,-6.2731278e-07,0
0.5,0,26.650958,-0.002011638,0,24.280096,-6.4252277e-07,0
0.5,0,26.650834,-0.0020162068,0,24.289325,-6.57098e-07,0
0.5,0,26.650718,-0.0020259139,0,24.298553,-6.7027499e-07,0
0.5,0,26.650607,-0.0020405302,0,24.307782,-6.813529e-07,0
0.5,0,26.650501,-0.0020589877,0,24.31701,-6.8980682e-07,0
0.5,0,26.650401,-0.002079989,0,24.326238,-6.9554349e-07,0
0.5,0,26.650308,-0.0020986045,0,24.335467,-6.9900453e-07,0
0.5,0,26.65022,-0.0021092628,0,24.344695,-7.0083719e-07,0
0.5,0,26.650137,-0.0021104792,0,24.353924,-7.0193108e-07,0
0.5,0,26.650059,-0.0021020855,0,24.363152,-7.0364098e-07,0
0.5,0,26.649984,-0.0020861855,0,24.372381,-7.0732785e-07,0
0.5,0,26.649911,-0.0020672315,0,24.381609,-7.1374552e-07,0
0.5,0,26.649838,-0.0020495266,0,24.390838,-7.2294723e-07,0
0.5,0,26.649766,-0.0020366906,0,24.400066,-7.3444425e-07,0
0.5,0,26.649696,-0.0020310704,0,24.409295,-7.4736576e-07,0
0.5,0,26.649627,-0.002032665,0,24.418523,-7.6067006e-07,0
0.5,0,26.649563,-0.0020391215,0,24.427752,-7.7337121e-07,0
0.5,0,26.649504,-0.0020465566,0,24.43698,-7.8476193e-07,0
0.5,0,26.649449,-0.0020511068,0,24.446209,-7.9456866e-07,0
0.5,0,26.649397,-0.0020508567,0,24.455437,-8.0293232e-07,0
0.5,0,26.649347,-0.0020463072,0,24.464665,-8.1018876e-07,0
0.5,0,26.6493,-0.0020394427,0,24.473894,-8.1661993e-07,0
0.5,0,26.649256,-0.0020329048,0,24.483122,-8.2235702e-07,0
0.5,0,26.649214,-0.0020288128,0,24.492351,-8.2740841e-07,0
0.5,0,26.649173,-0.002028019,0,24.501579,-8.3176921e-07,0
0.5,0,26.64913,-0.0020300537,0,24.510808,-8.355229e-07,0
0.5,0,26.649091,-0.0020328812,0,24.520036,-8.3891108e-07,0
0.5,0,26.649056,-0.0020343647,0,24.529265,-8.4230221e-07,0
0.5,0,26.649025,-0.0020332123,0,24.538493,-8.4607495e-07,0
0.5,0,26.648997,-0.0020291162,0,24.547722,-8.5051524e-07,0
0.5,0,26.648969,-0.002022975,0,24.55695,-8.5567391e-07,0
0.5,0,26.64894,-0.0020162479,0,24.566179,-8.6132046e-07,0
0.5,0,26.64891,-0.0020105458,0,24.575407,-8.6706463e-07,0
0.5,0,26.648879,-0.0020069268,0,24.584636,-8.7247917e-07,0
0.5,0,26.648847,-0.0020053528,0,24.593864,-8.7718745e-07,0
0.5,0,26.648811,-0.0020048651,0,24.603092,-8.8097536e-07,0
0.5,0,26.648766,-0.0020047638,0,24.612321,-8.8391126e-07,0
0.5,0,26.648712,-0.0020050443,0,24.621549,-8.8630777e-07,0
0.5,0,26.648655,-0.002005537,0,24.630778,-8.8847239e-07,0
0.5,0,26.648598,-0.0020063597,0,24.640006,-8.9054655e-07,0
0.5,0,26.648545,-0.0020078988,0,24.649235,-8.9248175e-07,0
0.5,0,26.648498,-0.0020093977,0,24.658463,-8.9414189e-07,0
0.5,0,26.648457,-0.002010145,0,24.667692,-8.9544515e-07,0
0.5,0,26.64842,-0.0020100203,0,24.67692,-8.9645331e-07,0
0.5,0,26.648386,-0.0020088138,0,24.686149,-8.9735888e-07,0
0.5,0,26.648355,-0.0020065095,0,24.695377,-8.9837426e-07,0
0.5,0,26.648325,-0.0020026326,0,24.704606,-8.9958896e-07,0
0.5,0,26.648295,-0.001996032,0,24.713834,-9.0095784e-07,0
0.5,0,26.648259,-0.0019861977,0,24.723063,-9.0244667e-07,0
0.5,0,26.648216,-0.0019732739,0,24.732291,-9.0415788e-07,0
0.5,0,26.648164,-0.0019579184,0,24.741519,-9.0631715e-07,0
0.5,0,26.648107,-0.0019419086,0,24.750748,-9.0908908e-07,0
0.5,0,26.648051,-0.0019264889,0,24.759976,-9.1248906e-07,0
0.5,0,26.647999,-0.0019118608,0,24.769205,-9.1638169e-07,0
0.5,0,26.647952,-0.0018985633,0,24.778433,-9.2057078e-07,0
0.5,0,26.64791,-0.0018874446,0,24.787662,-9.2489512e-07,0
0.5,0,26.647874,-0.0018779168,0,24.79689,-9.2923824e-07,0
0.5,0,26.647839,-0.0018690893,0,24.806119,-9.3356767e-07,0
0.5,0,26.647803,-0.001861131,0,24.815347,-9.3795949e-07,0
0.5,0,26.647766,-0.0018540719,0,24.824576,-9.4254737e-07,0
0.5,0,26.647727,-0.0018479709,0,24.833804,-9.4747092e-07,0
0.5,0,26.64769,-0.0018430832,0,24.843033,-9.5283006e-07,0
0.5,0,26.647654,-0.0018390741,0,24.852261,-9.5864844e-07,0
0.5,0,26.647618,-0.0018356309,0,24.86149,-9.6489486e-07,0
0.5,0,26.647575,-0.0018327479,0,24.870718,-9.7152666e-07,0
0.5,0,26.647529,-0.0018304832,0,24.879946,-9.7854061e-07,0
0.5,0,26.647479,-0.0018291157,0,24.889175,-9.8602557e-07,0
0.5,0,26.64744,-0.0018267995,0,24.898403,-9.9396704e-07,0
0.5,0,26.647399,-0.0018211967,0,24.907632,-1.0019801e-06,0
0.5,0,26.647362,-0.0018136686,0,24.91686,-1.0095642e-06,0
0.5,0,26.647323,-0.0018075909,0,24.926089,-1.0166642e-06,0
0.5,0,26.647251,-0.0018043351,0,24.935317,-1.023689e-06,0
0.5,0,26.647157,-0.0018027787,0,24.944546,-1.0308139e-06,0
0.5,0,26.647054,-0.0018022545,0,24.953774,-1.0376667e-06,0
0.5,0,26.646957,-0.001802147,0,24.963003,-1.0438382e-06,0
0.5,0,26.646866,-0.0018011896,0,24.972231,-1.0492741e-06,0
0.5,0,26.64677,-0.0017998285,0,24.98146,-1.0541216e-06,0
0.5,0,26.646659,-0.001799786,0,24.990688,-1.0585673e-06,0
0.5,0,26.646527,-0.0018013328,0,24.999917,-1.0628322e-06,0
0.5,0,26.646378,-0.0018030843,0,25.009145,-1.0671362e-06,0
0.5,0,26.646228,-0.0018036483,0,25.018373,-1.071629e-06,0
0.5,0,26.646104,-0.0018021636,0,25.027602,-1.0763858e-06,0
0.5,0,26.646026,-0.0017986478,0,25.03683,-1.0815063e-06,0
0.5,0,26.645998,-0.0017937154,0,25.046059,-1.0871814e-06,0
0.5,0,26.646001,-0.001787978,0,25.055287,-1.0936676e-06,0
0.5,0,26.646009,-0.001781716,0,25.064516,-1.1011947e-06,0
0.5,0,26.645997,-0.0017752788,0,25.073744,-1.1098999e-06,0
0.5,0,26.645959,-0.0017695015,0,25.082973,-1.1198029e-06,0
0.5,0,26.645895,-0.0017651874,0,25.092201,-1.130806e-06,0
0.5,0,26.645807,-0.0017626989,0,25.10143,-1.1427273e-06,0
0.5,0,26.645697,-0.0017618507,0,25.110658,-1.1553447e-06,0
0.5,0,26.645579,-0.0017620252,0,25.119887,-1.1684335e-06,0
0.5,0,26.645476,-0.0017624466,0,25.129115,-1.1818026e-06,0
0.5,0,26.645409,-0.0017623601,0,25.138344,-1.195341e-06,0
0.5,0,26.645386,-0.0017612443,0,25.147572,-1.2090408e-06,0
0.5,0,26.645396,-0.0017590105,0,25.1568,-1.2229576e-06,0
0.5,0,26.645425,-0.0017559282,0,25.166029,-1.2371365e-06,0
0.5,0,26.645457,-0.0017523794,0,25.175257,-1.2515562e-06,0
0.5,0,26.64548,-0.0017486739,0,25.184486,-1.2661287e-06,0
0.5,0,26.64548,-0.0017451501,0,25.193714,-1.2807472e-06,0
0.5,0,26.645451,-0.0017421618,0,25.202943,-1.295332e-06,0
0.5,0,26.645404,-0.001739473,0,25.212171,-1.3098127e-06,0
0.5,0,26.645352,-0.0017359678,0,25.2214,-1.3240209e-06,0
0.5,0,26.64531,-0.0017307979,0,25.230628,-1.337629e-06,0
0.5,0,26.645278,-0.0017248578,0,25.239857,-1.3503265e-06,0
0.5,0,26.645253,-0.0017197721,0,25.249085,-1.3620454e-06,0
0.5,0,26.645233,-0.0017156222,0,25.258314,-1.3728835e-06,0
0.5,0,26.645204,-0.0017115407,0,25.267542,-1.3828743e-06,0
0.5,0,26.645165,-0.0017071444,0,25.276771,-1.3919644e-06,0
0.5,0,26.64512,-0.0017027198,0,25.285999,-1.4001702e-06,0
0.5,0,26.64508,-0.0016992425,0,25.295227,-1.4076188e-06,0
0.5,0,26.645044,-0.0016974707,0,25.304456,-1.4144941e-06,0
0.5,0,26.645007,-0.0016971514,0,25.313684,-1.4210828e-06,0
0.5,0,26.644967,-0.0016980048,0,25.322913,-1.4277758e-06,0
0.5,0,26.644924,-0.0017003328,0,25.332141,-1.4348887e-06,0
0.5,0,26.644877,-0.0017036826,0,25.34137,-1.4424777e-06,0
0.5,0,26.644827,-0.0017061514,0,25.350598,-1.4502717e-06,0
0.5,0,26.644777,-0.0017058055,0,25.359827,-1.4577096e-06,0
0.5,0,26.644726,-0.0017027044,0,25.369055,-1.4641487e-06,0
0.5,0,26.644677,-0.001699093,0,25.378284,-1.469192e-06,0
0.5,0,26.644631,-0.001696492,0,25.387512,-1.4728499e-06,0
0.5,0,26.644582,-0.0016909004,0,25.396741,-1.4752982e-06,0
0.5,0,26.644573,-0.0016623009,0,25.405969,-1.4756691e-06,0
0.5,0,26.64448,-0.0016514748,0,25.415198,-1.4727843e-06,0
0.5,0,26.644401,-0.0016729752,0,25.424426,-1.4681283e-06,0
0.5,0,26.64439,-0.001669722,0,25.433654,-1.4625723e-06,0
0.5,0,26.644347,-0.0016527692,0,25.442883,-1.455067e-06,0
0.5,0,26.644345,-0.0016454791,0,25.452111,-1.4459274e-06,0
0.5,0,26.644318,-0.0016412833,0,25.46134,-1.4360248e-06,0
0.5,0,26.644277,-0.0016371362,0,25.470568,-1.4259791e-06,0
0.5,0,26.644257,-0.0016341283,0,25.479797,-1.4162507e-06,0
0.5,0,26.644259,-0.001632473,0,25.489025,-1.407202e-06,0
0.5,0,26.644268,-0.0016325189,0,25.498254,-1.399158e-06,0
0.5,0,26.644272,-0.0016344415,0,25.507482,-1.3924352e-06,0
0.5,0,26.644271,-0.0016375478,0,25.516711,-1.3872597e-06,0
0.5,0,26.644268,-0.0016406434,0,25.525939,-1.3836176e-06,0
0.5,0,26.644264,-0.001643048,0,25.535168,-1.3812242e-06,0
0.5,0,26.64426,-0.0016448044,0,25.544396,-1.3796616e-06,0
0.5,0,26.644252,-0.0016461281,0,25.553625,-1.378555e-06,0
0.5,0,26.64424,-0.0016468409,0,25.562853,-1.3776939e-06,0
0.5,0,26.644234,-0.0016458191,0,25.572081,-1.3769445e-06,0
0.5,0,26.644245,-0.0016422602,0,25.58131,-1.3762667e-06,0
0.5,0,26.644268,-0.0016368803,0,25.590538,-1.3758355e-06,0
0.5,0,26.644291,-0.0016290456,0,25.599767,-1.3759702e-06,0
0.5,0,26.644311,-0.0016190988,0,25.608995,-1.3769677e-06,0
0.5,0,26.644328,-0.0016097542,0,25.618224,-1.3788068e-06,0
0.5,0,26.644345,-0.001601924,0,25.627452,-1.381223e-06,0
0.5,0,26.644364,-0.0015958175,0,25.636681,-1.3839038e-06,0
0.5,0,26.644385,-0.0015918431,0,25.645909,-1.3864283e-06,0
0.5,0,26.644408,-0.0015892826,0,25.655138,-1.3884296e-06,0
0.5,0,26.644428,-0.0015869513,0,25.664366,-1.3897709e-06,0
0.5,0,26.644486,-0.0015837074,0,25.673595,-1.3905788e-06,0
0.5,0,26.644465,-0.0015815895,0,25.682823,-1.391144e-06,0
0.5,0,26.644523,-0.001575278,0,25.692052,-1.3915744e-06,0
0.5,0,26.64459,-0.0015606173,0,25.70128,-1.3922444e-06,0
0.5,0,26.64454,-0.0015496455,0,25.710508,-1.3934631e-06,0
0.5,0,26.644553,-0.00154517,0,25.719737,-1.3949325e-06,0
0.5,0,26.644553,-0.0015413806,0,25.728965,-1.3964825e-06,0
0.5,0,26.644551,-0.0015384508,0,25.738194,-1.3981347e-06,0
0.5,0,26.64455,-0.0015366165,0,25.747422,-1.3999324e-06,0
0.5,0,26.644547,-0.001534923,0,25.756651,-1.4019047e-06,0
0.5,0,26.644546,-0.0015320868,0,25.765879,-1.4039633e-06,0
0.5,0,26.644547,-0.0015267983,0,25.775108,-1.4058787e-06,0
0.5,0,26.644552,-0.0015180966,0,25.784336,-1.4073185e-06,0
0.5,0,26.64456,-0.0015087804,0,25.793565,-1.4078218e-06,0
0.5,0,26.644567,-0.0014965071,0,25.802793,-1.4076893e-06,0
0.5,0,26.644569,-0.0014860575,0,25.812022,-1.406772e-06,0
0.5,0,26.64456,-0.0014813135,0,25.82125,-1.4052731e-06,0
0.5,0,26.64454,-0.0014778187,0,25.830479,-1.4042445e-06,0
0.5,0,26.644507,-0.0014792845,0,25.839707,-1.4041049e-06,0
0.5,0,26.64446,-0.0014832157,0,25.848935,-1.4052566e-06,0
0.5,0,26.644402,-0.0014853802,0,25.858164,-1.4077956e-06,0
0.5,0,26.644332,-0.001485751,0,25.867392,-1.4114805e-06,0
0.5,0,26.644254,-0.0014838246,0,25.876621,-1.4158e-06,0
0.5,0,26.644176,-0.0014798476,0,25.885849,-1.4201941e-06,0
0.5,0,26.6441,-0.0014758103,0,25.895078,-1.4242821e-06,0
0.5,0,26.644038,-0.0014730901,0,25.904306,-1.4279388e-06,0
0.5,0,26.643988,-0.0014710309,0,25.913535,-1.4310692e-06,0
0.5,0,26.643948,-0.0014690374,0,25.922763,-1.4334698e-06,0
0.5,0,26.643927,-0.0014676881,0,25.931992,-1.4349497e-06,0
0.5,0,26.643917,-0.0014669485,0,25.94122,-1.4354854e-06,0
0.5,0,26.643904,-0.0014666377,0,25.950449,-1.435108e-06,0
0.5,0,26.64388,-0.0014663296,0,25.959677,-1.4338237e-06,0
0.5,0,26.643844,-0.0014654616,0,25.968906,-1.431608e-06,0
0.5,0,26.6438,-0.0014643244,0,25.978134,-1.4283764e-06,0
0.5,0,26.64375,-0.0014630836,0,25.987362,-1.4240888e-06,0
0.5,0,26.643694,-0.0014620434,0,25.996591,-1.4187979e-06,0
0.5,0,26.643633,-0.0014617576,0,26.005819,-1.412639e-06,0
0.5,0,26.643566,-0.0014625842,0,26.015048,-1.4058131e-06,0
0.5,0,26.643491,-0.0014645411,0,26.024276,-1.3985498e-06,0
0.5,0,26.643409,-0.0014672296,0,26.033505,-1.3910541e-06,0
0.5,0,26.643324,-0.0014700096,0,26.042733,-1.3834471e-06,0
0.5,0,26.643242,-0.0014720958,0,26.051962,-1.3757294e-06,0
0.5,0,26.643174,-0.0014727318,0,26.06119,-1.3677856e-06,0
0.5,0,26.643126,-0.0014715206,0,26.070419,-1.3594359e-06,0
0.5,0,26.6431,-0.0014687038,0,26.079647,-1.3504992e-06,0
0.5,0,26.643087,-0.0014651699,0,26.088876,-1.3408592e-06,0
0.5,0,26.643072,-0.0014620995,0,26.098104,-1.3305285e-06,0
0.5,0,26.643043,-0.0014605431,0,26.107333,-1.3196667e-06,0
0.5,0,26.642995,-0.0014609565,0,26.116561,-1.3085502e-06,0
0.5,0,26.642935,-0.0014630469,0,26.12579,-1.2974794e-06,0
0.5,0,26.642878,-0.0014658605,0,26.135018,-1.2866693e-06,0
0.5,0,26.642841,-0.001468139,0,26.144246,-1.2761771e-06,0
0.5,0,26.642834,-0.0014688677,0,26.153475,-1.2658904e-06,0
0.5,0,26.642854,-0.0014676128,0,26.162703,-1.2555937e-06,0
0.5,0,26.642889,-0.0014646154,0,26.171932,-1.2450744e-06,0
0.5,0,26.642923,-0.0014605494,0,26.18116,-1.2342202e-06,0
0.5,0,26.642948,-0.001456144,0,26.190389,-1.2230616e-06,0
0.5,0,26.642959,-0.0014518832,0,26.199617,-1.2117656e-06,0
0.5,0,26.642958,-0.0014479407,0,26.208846,-1.2005858e-06,0
0.5,0,26.642949,-0.0014442514,0,26.218074,-1.1898021e-06,0
0.5,0,26.642936,-0.0014407974,0,26.227303,-1.1796867e-06,0
0.5,0,26.642923,-0.0014378173,0,26.236531,-1.170513e-06,0
0.5,0,26.642911,-0.0014355091,0,26.24576,-1.1625676e-06,0
0.5,0,26.642898,-0.0014335,0,26.254988,-1.1561114e-06,0
0.5,0,26.642882,-0.001430684,0,26.264217,-1.151282e-06,0
0.5,0,26.642856,-0.0014256538,0,26.273445,-1.1480094e-06,0
0.5,0,26.642811,-0.0014171319,0,26.282673,-1.1460096e-06,0
0.5,0,26.642738,-0.0014053529,0,26.291902,-1.1448602e-06,0
0.5,0,26.64262,-0.0013903536,0,26.30113,-1.1442199e-06,0
0.5,0,26.642438,-0.0013754377,0,26.310359,-1.1438774e-06,0
0.5,0,26.642175,-0.0013654656,0,26.319587,-1.1440345e-06,0
0.5,0,26.641843,-0.001362643,0,26.328816,-1.1454379e-06,0
0.5,0,26.641492,-0.0013685823,0,26.338044,-1.1489351e-06,0
0.5,0,26.641214,-0.0013818509,0,26.347273,-1.1551357e-06,0
0.5,0,26.641096,-0.0013982848,0,26.356501,-1.1640711e-06,0
0.5,0,26.64118,-0.0014127045,0,26.36573,-1.174929e-06,0
0.5,0,26.641435,-0.0014208739,0,26.374958,-1.186082e-06,0
0.5,0,26.641775,-0.0014209427,0,26.384187,-1.1954584e-06,0
0.5,0,26.642106,-0.001413401,0,26.393415,-1.2010578e-06,0
0.5,0,26.64237,-0.0014021825,0,26.402644,-1.2016201e-06,0
0.5,0,26.642551,-0.0013907196,0,26.411872,-1.1968519e-06,0
0.5,0,26.642667,-0.0013803696,0,26.4211,-1.1874985e-06,0
0.5,0,26.642737,-0.0013729384,0,26.430329,-1.175166e-06,0
0.5,0,26.642771,-0.0013686115,0,26.439557,-1.1617867e-06,0
0.5,0,26.642773,-0.0013666619,0,26.448786,-1.1492672e-06,0
0.5,0,26.642746,-0.0013665637,0,26.458014,-1.1390768e-06,0
0.5,0,26.642701,-0.001367724,0,26.467243,-1.1320483e-06,0
0.5,0,26.642651,-0.0013697501,0,26.476471,-1.1283296e-06,0
0.5,0,26.642603,-0.0013727173,0,26.4857,-1.1274905e-06,0
0.5,0,26.642562,-0.0013761001,0,26.494928,-1.1288133e-06,0
0.5,0,26.642526,-0.0013794603,0,26.504157,-1.1315386e-06,0
0.5,0,26.642493,-0.0013827622,0,26.513385,-1.1350226e-06,0
0.5,0,26.64246,-0.0013856464,0,26.522614,-1.1388681e-06,0
0.5,0,26.642425,-0.001387996,0,26.531842,-1.1429303e-06,0
0.5,0,26.642387,-0.0013896742,0,26.541071,-1.1472136e-06,0
0.5,0,26.642348,-0.0013905808,0,26.550299,-1.1517683e-06,0
0.5,0,26.642306,-0.0013906877,0,26.559527,-1.1566522e-06,0
0.5,0,26.64226,-0.0013902231,0,26.568756,-1.1619058e-06,0
0.5,0,26.64221,-0.001389678,0,26.577984,-1.1675438e-06,0
0.5,0,26.642162,-0.001389484,0,26.587213,-1.1735722e-06,0
0.5,0,26.642123,-0.0013898027,0,26.596441,-1.1799984e-06,0
0.5,0,26.64209,-0.0013905512,0,26.60567,-1.1868187e-06,0
0.5,0,26.642056,-0.0013915379,0,26.614898,-1.1939744e-06,0
0.5,0,26.642014,-0.0013926153,0,26.624127,-1.2013417e-06,0
0.5,0,26.64196,-0.0013937842,0,26.633355,-1.2087812e-06,0
0.5,0,26.641891,-0.0013950501,0,26.642584,-1.2161844e-06,0
0.5,0,26.641802,-0.0013963113,0,26.651812,-1.2234804e-06,0
0.5,0,26.641698,-0.0013973536,0,26.661041,-1.2306276e-06,0
0.5,0,26.641597,-0.0013979796,0,26.670269,-1.2376068e-06,0
0.5,0,26.64153,-0.0013980906,0,26.679498,-1.2444155e-06,0
0.5,0,26.641532,-0.0013976736,0,26.688726,-1.2510391e-06,0
0.5,0,26.641619,-0.0013967368,0,26.697954,-1.2574183e-06,0
0.5,0,26.641779,-0.0013950969,0,26.707183,-1.2634728e-06,0
0.5,0,26.641975,-0.001392655,0,26.716411,-1.2691528e-06,0
0.5,0,26.642164,-0.0013897792,0,26.72564,-1.2744927e-06,0
0.5,0,26.642316,-0.001387076,0,26.734868,-1.27964e-06,0
0.5,0,26.642423,-0.0013849613,0,26.744097,-1.2848137e-06,0
0.5,0,26.64249,-0.0013832674,0,26.753325,-1.2902045e-06,0
0.5,0,26.642533,-0.0013811587,0,26.762554,-1.2958911e-06,0
0.5,0,26.642562,-0.0013778401,0,26.771782,-1.3018334e-06,0
0.5,0,26.642584,-0.0013731007,0,26.781011,-1.307935e-06,0
0.5,0,26.642601,-0.0013671056,0,26.790239,-1.3140951e-06,0
0.5,0,26.642614,-0.0013603577,0,26.799468,-1.3201983e-06,0
0.5,0,26.642626,-0.0013538912,0,26.808696,-1.3261148e-06,0
0.5,0,26.642639,-0.00134898,0,26.817925,-1.3317263e-06,0
0.5,0,26.642657,-0.0013465545,0,26.827153,-1.3369256e-06,0
0.5,0,26.642691,-0.0013467954,0,26.836381,-1.3415643e-06,0
0.5,0,26.642758,-0.0013496799,0,26.84561,-1.3453947e-06,0
0.5,0,26.642875,-0.0013557383,0,26.854838,-1.3482377e-06,0
0.5,0,26.643065,-0.0013615257,0,26.864067,-1.3497362e-06,0
0.5,0,26.643346,-0.0013662711,0,26.873295,-1.3497933e-06,0
0.5,0,26.643712,-0.0013715588,0,26.882524,-1.3485706e-06,0
0.5,0,26.644106,-0.0013728442,0,26.891752,-1.3462832e-06,0
0.5,0,26.644427,-0.0013684626,0,26.900981,-1.3434955e-06,0
0.5,0,26.644567,-0.0013610922,0,26.910209,-1.3408006e-06,0
0.5,0,26.644469,-0.0013517921,0,26.919438,-1.3386362e-06,0
0.5,0,26.644168,-0.0013416964,0,26.928666,-1.3370112e-06,0
0.5,0,26.643775,-0.0013348225,0,26.937895,-1.3355565e-06,0
0.5,0,26.643424,-0.0013337715,0,26.947123,-1.3336881e-06,0
0.5,0,26.643203,-0.0013365301,0,26.956352,-1.3310154e-06,0
0.5,0,26.643126,-0.0013407451,0,26.96558,-1.3274225e-06,0
0.5,0,26.643137,-0.0013452072,0,26.974808,-1.3227421e-06,0
0.5,0,26.643155,-0.0013478515,0,26.984037,-1.3169149e-06,0
0.5,0,26.643119,-0.0013477375,0,26.993265,-1.3101586e-06,0
0.5,0,26.643009,-0.0013460799,0,27.002494,-1.3027775e-06,0
0.5,0,26.642847,-0.0013444037,0,27.011722,-1.2949867e-06,0
0.5,0,26.642674,-0.0013435298,0,27.020951,-1.2868404e-06,0
0.5,0,26.642529,-0.001343701,0,27.030179,-1.2782408e-06,0
0.5,0,26.642433,-0.0013449341,0,27.039408,-1.2690263e-06,0
0.5,0,26.642386,-0.0013471446,0,27.048636,-1.2590764e-06,0
0.5,0,26.642374,-0.0013500714,0,27.057865,-1.2483651e-06,0
0.5,0,26.642377,-0.0013532321,0,27.067093,-1.2369308e-06,0
0.5,0,26.642379,-0.0013562546,0,27.076322,-1.2248257e-06,0
0.5,0,26.64237,-0.0013591572,0,27.08555,-1.212115e-06,0
0.5,0,26.642352,-0.0013623284,0,27.094779,-1.19892e-06,0
0.5,0,26.64233,-0.001366283,0,27.104007,-1.1854528e-06,0
0.5,0,26.642313,-0.0013712573,0,27.113235,-1.1720097e-06,0
0.5,0,26.642302,-0.001376938,0,27.122464,-1.1589083e-06,0
0.5,0,26.642294,-0.0013822154,0,27.131692,-1.1463657e-06,0
0.5,0,26.64228,-0.0013858791,0,27.140921,-1.1343751e-06,0
0.5,0,26.642257,-0.0013882083,0,27.150149,-1.12275e-06,0
0.5,0,26.642188,-0.0013919662,0,27.159378,-1.111376e-06,0
0.5,0,26.642014,-0.0013993922,0,27.168606,-1.1004847e-06,0
0.5,0,26.641589,-0.001400848,0,27.177835,-1.090729e-06,0
0.5,0,26.641309,-0.001403812,0,27.187063,-1.0829002e-06,0
0.5,0,26.641328,-0.001414379,0,27.196292,-1.0770307e-06,0
0.5,0,26.641309,-0.0014048187,0,27.20552,-1.0707928e-06,0
0.5,0,26.641278,-0.0013419162,0,27.214749,-1.0581154e-06,0
0.5,0,26.641238,-0.0012096706,0,27.223977,-1.0301515e-06,0
0.5,0,26.641194,-0.0010431462,0,27.233206,-9.8054543e-07,0
0.5,0,26.641149,-0.00094082147,0,27.242434,-9.1396646e-07,0
0.5,0,26.641106,-0.0010243436,0,27.251662,-8.5220174e-07,0
0.5,0,26.641069,-0.0013492055,0,27.260891,-8.3004811e-07,0
0.5,0,26.641037,-0.0018248514,0,27.270119,-8.7809618e-07,0
0.5,0,26.641011,-0.0022238809,0,27.279348,-1.0002362e-06,0
0.5,0,26.640988,-0.002305526,0,27.288576,-1.1620162e-06,0
0.5,0,26.640963,-0.0019788859,0,27.297805,-1.3022269e-06,0
0.5,0,26.640933,-0.0013784855,0,27.307033,-1.3638832e-06,0
0.5,0,26.640895,-0.00078374842,0,27.316262,-1.3246671e-06,0
0.5,0,26.640848,-0.00044165496,0,27.32549,-1.2059909e-06,0
0.5,0,26.640794,-0.00042925966,0,27.334719,-1.0560994e-06,0
0.5,0,26.640732,-0.00064868382,0,27.343947,-9.2165235e-07,0
0.5,0,26.640663,-0.00092996636,0,27.353176,-8.2761182e-07,0
0.5,0,26.640586,-0.0011420757,0,27.362404,-7.7470907e-07,0
0.5,0,26.640501,-0.0012380001,0,27.371633,-7.4942947e-07,0
0.5,0,26.640407,-0.0012364185,0,27.380861,-7.3587723e-07,0
0.5,0,26.640303,-0.0011861576,0,27.390089,-7.231595e-07,0
0.5,0,26.640185,-0.0011444721,0,27.399318,-7.0824992e-07,0
0.5,0,26.640043,-0.0011646262,0,27.408546,-6.9633473e-07,0
0.5,0,26.639865,-0.0012754723,0,27.417775,-6.9867186e-07,0
0.5,0,26.639638,-0.0014547966,0,27.427003,-7.2670027e-07,0
0.5,0,26.639347,-0.0016212205,0,27.436232,-7.8341728e-07,0
0.5,0,26.638928,-0.0016682916,0,27.44546,-8.5697375e-07,0
0.5,0,26.638311,-0.001530418,0,27.454689,-9.2217469e-07,0
0.5,0,26.637543,-0.0012339278,0,27.463917,-9.5115306e-07,0
0.5,0,26.636539,-0.00089145745,0,27.473146,-9.2774777e-07,0
0.5,0,26.634301,-0.00063972469,0,27.482374,-8.5633199e-07,0
0.5,0,26.628867,-0.00056362868,0,27.491603,-7.593668e-07,0
0.5,0,26.619207,-0.00065975526,0,27.500831,-6.6584803e-07,0
0.5,0,26.607493,-0.00085712161,0,27.51006,-5.9832285e-07,0
0.5,0,26.598534,-0.0010681892,0,27.519288,-5.6598258e-07,0
0.5,0,26.596124,-0.0012324291,0,27.528516,-5.6604375e-07,0
0.5,0,26.600027,-0.0013314827,0,27.537745,-5.8981189e-07,0
0.5,0,26.606671,-0.0013774127,0,27.546973,-6.2830948e-07,0
0.5,0,26.612338,-0.0013906303,0,27.556202,-6.7488172e-07,0
0.5,0,26.615473,-0.0013850065,0,27.56543,-7.2532114e-07,0
0.5,0,26.616572,-0.00136614,0,27.574659,-7.7710189e-07,0
0.5,0,26.616765,-0.0013358064,0,27.583887,-8.2867261e-07,0
0.5,0,26.616789,-0.0012952976,0,27.593116,-8.7910798e-07,0
0.5,0,26.616847,-0.0012469208,0,27.602344,-9.2799806e-07,0
0.5,0,26.616874,-0.0011946056,0,27.611573,-9.7532208e-07,0
0.5,0,26.616786,-0.0011438217,0,27.620801,-1.021233e-06,0
0.5,0,26.61657,-0.0011007271,0,27.63003,-1.0657975e-06,0
0.5,0,26.616069,-0.001071113,0,27.639258,-1.1087181e-06,0
0.5,0,26.614531,-0.0010600928,0,27.648487,-1.1489838e-06,0
0.5,0,26.610863,-0.0010725097,0,27.657715,-1.1844945e-06,0
0.5,0,26.6052,-0.0011143307,0,27.666943,-1.2117823e-06,0
0.5,0,26.600241,-0.0011936316,0,27.676172,-1.2258679e-06,0
0.5,0,26.599954,-0.0013178389,0,27.6854,-1.2204345e-06,0
0.5,0,26.606187,-0.0014875454,0,27.694629,-1.1886616e-06,0
0.5,0,26.616762,-0.0016851067,0,27.703857,-1.1255256e-06,0
0.5,0,26.627243,-0.0018588358,0,27.713086,-1.0324068e-06,0
0.5,0,26.634361,-0.0019227175,0,27.722314,-9.2249878e-07,0
0.5,0,26.637681,-0.0017967387,0,27.731543,-8.2205745e-07,0
0.5,0,26.638672,-0.0014753635,0,27.740771,-7.6255627e-07,0
0.5,0,26.6389,-0.0010649268,0,27.75,-7.6516132e-07,0
0.5,0,26.63912,-0.00074040169,0,27.759228,-8.271084e-07,0
0.5,0,26.639421,-0.00063975316,0,27.768457,-9.2099107e-07,0
0.5,0,26.639701,-0.00077558961,0,27.777685,-1.0093262e-06,0
0.5,0,26.639908,-0.0010352388,0,27.786914,-1.0647181e-06,0
0.5,0,26.640054,-0.0012654686,0,27.796142,-1.0816717e-06,0
0.5,0,26.640164,-0.0013709408,0,27.80537,-1.0734099e-06,0
0.5,0,26.640253,-0.0013546522,0,27.814599,-1.0586849e-06,0
0.5,0,26.640325,-0.0012862119,0,27.823827,-1.0492126e-06,0
0.5,0,26.640385,-0.0012413549,0,27.833056,-1.0451084e-06,0
0.5,0,26.640435,-0.0012635701,0,27.842284,-1.0379632e-06,0
0.5,0,26.640478,-0.0013644217,0,27.851513,-1.0162692e-06,0
0.5,0,26.640517,-0.0015367887,0,27.860741,-9.6936393e-07,0
0.5,0,26.640553,-0.0017446017,0,27.86997,-8.911498e-07,0
0.5,0,26.640589,-0.0018946226,0,27.879198,-7.8700003e-07,0
0.5,0,26.640625,-0.0018467658,0,27.888427,-6.8158861e-07,0
0.5,0,26.640657,-0.0015045085,0,27.897655,-6.174864e-07,0
0.5,0,26.640682,-0.00093331073,0,27.906884,-6.3644617e-07,0
0.5,0,26.640696,-0.0003824186,0,27.916112,-7.5084239e-07,0
0.5,0,26.640703,-0.00014509526,0,27.925341,-9.2749894e-07,0
0.5,0,26.640703,-0.00034982718,0,27.934569,-1.1013433e-06,0
0.5,0,26.640699,-0.00086191276,0,27.943797,-1.212287e-06,0
0.5,0,26.640688,-0.0013845167,0,27.953026,-1.2382169e-06,0
0.5,0,26.64067,-0.001668613,0,27.962254,-1.2005998e-06,0
0.5,0,26.640646,-0.0016562275,0,27.971483,-1.1426831e-06,0
0.5,0,26.640619,-0.0014633918,0,27.980711,-1.1005346e-06,0
0.5,0,26.640592,-0.0012557338,0,27.98994,-1.0874302e-06,0
0.5,0,26.640569,-0.001135703,0,27.999168,-1.0968036e-06,0
0.5,0,26.640552,-0.0011128104,0,28.008397,-1.1148344e-06,0
0.5,0,26.640539,-0.0011426998,0,28.017625,-1.1310275e-06,0
0.5,0,26.640529,-0.0011789064,0,28.026854,-1.1415931e-06,0
0.5,0,26.640518,-0.0011990847,0,28.036082,-1.1474133e-06,0
0.5,0,26.640506,-0.0012031091,0,28.045311,-1.150727e-06,0
0.5,0,26.64049,-0.0011995835,0,28.054539,-1.1531681e-06,0
0.5,0,26.640472,-0.001195385,0,28.063768,-1.1553816e-06,0
0.5,0,26.640452,-0.0011932227,0,28.072996,-1.1573928e-06,0
0.5,0,26.640432,-0.0011930886,0,28.082224,-1.1590523e-06,0
0.5,0,26.640413,-0.0011940907,0,28.091453,-1.1602634e-06,0
0.5,0,26.640399,-0.0011954532,0,28.100681,-1.1609756e-06,0
0.5,0,26.640389,-0.0011973514,0,28.10991,-1.1611945e-06,0
0.5,0,26.640381,-0.001199475,0,28.119138,-1.1610177e-06,0
0.5,0,26.640371,-0.0012012601,0,28.128367,-1.1604941e-06,0
0.5,0,26.640353,-0.0012027063,0,28.137595,-1.1595881e-06,0
0.5,0,26.640323,-0.0012035888,0,28.146824,-1.1582413e-06,0
0.5,0,26.640277,-0.0012041225,0,28.156052,-1.1563119e-06,0
0.5,0,26.640215,-0.0012043511,0,28.165281,-1.1536479e-06,0
0.5,0,26.640142,-0.0012043101,0,28.174509,-1.1501864e-06,0
0.5,0,26.64007,-0.0012045563,0,28.183738,-1.1459275e-06,0
0.5,0,26.640014,-0.0012057519,0,28.192966,-1.1409126e-06,0
0.5,0,26.639987,-0.0012080722,0,28.202195,-1.1352187e-06,0
0.5,0,26.639992,-0.0012112071,0,28.211423,-1.1289352e-06,0
0.5,0,26.64002,-0.0012143291,0,28.220651,-1.1221005e-06,0
0.5,0,26.640058,-0.0012166632,0,28.22988,-1.1146408e-06,0
0.5,0,26.640096,-0.0012182666,0,28.239108,-1.1064187e-06,0
0.5,0,26.640128,-0.0012203214,0,28.248337,-1.097396e-06,0
0.5,0,26.640154,-0.001224413,0,28.257565,-1.0877628e-06,0
0.5,0,26.640174,-0.0012308135,0,28.266794,-1.0778665e-06,0
0.5,0,26.640184,-0.0012374526,0,28.276022,-1.0679232e-06,0
0.5,0,26.640181,-0.0012412948,0,28.285251,-1.0577541e-06,0
0.5,0,26.640159,-0.0012414756,0,28.294479,-1.0468781e-06,0
0.5,0,26.640122,-0.0012409852,0,28.303708,-1.0349937e-06,0
0.5,0,26.640072,-0.0012444078,0,28.312936,-1.0224211e-06,0
0.5,0,26.640013,-0.0012534161,0,28.322165,-1.0099819e-06,0
0.5,0,26.639962,-0.0012635592,0,28.331393,-9.9828389e-07,0
0.5,0,26.639876,-0.0012671946,0,28.340622,-9.8710229e-07,0
0.5,0,26.639825,-0.0012565621,0,28.34985,-9.7510825e-07,0
0.5,0,26.639912,-0.0012478788,0,28.359078,-9.6130778e-07,0
0.5,0,26.639921,-0.0012500452,0,28.368307,-9.4649596e-07,0
0.5,0,26.639831,-0.0012480177,0,28.377535,-9.3166889e-07,0
0.5,0,26.639761,-0.0012409565,0,28.386764,-9.1693527e-07,0
0.5,0,26.639661,-0.0012341824,0,28.395992,-9.0222843e-07,0
0.5,0,26.639544,-0.0012295329,0,28.405221,-8.8755476e-07,0
0.5,0,26.639457,-0.0012254841,0,28.414449,-8.7298978e-07,0
0.5,0,26.639437,-0.0012205041,0,28.423678,-8.5878595e-07,0
0.5,0,26.639461,-0.0012134085,0,28.432906,-8.4538877e-07,0
0.5,0,26.639482,-0.0012040612,0,28.442135,-8.3327216e-07,0
0.5,0,26.639475,-0.0011937681,0,28.451363,-8.2269379e-07,0
0.5,0,26.639444,-0.0011842586,0,28.460592,-8.1360021e-07,0
0.5,0,26.639407,-0.0011762411,0,28.46982,-8.0576144e-07,0
0.5,0,26.639386,-0.0011689483,0,28.479049,-7.9899945e-07,0
0.5,0,26.639398,-0.0011611519,0,28.488277,-7.9331449e-07,0
0.5,0,26.639447,-0.0011523506,0,28.497505,-7.8885934e-07,0
0.5,0,26.639526,-0.001143093,0,28.506734,-7.858007e-07,0
0.5,0,26.639611,-0.0011343121,0,28.515962,-7.8418786e-07,0
0.5,0,26.639678,-0.0011265437,0,28.525191,-7.8391333e-07,0
0.5,0,26.639713,-0.0011201172,0,28.534419,-7.847386e-07,0
0.5,0,26.639719,-0.0011151598,0,28.543648,-7.8633883e-07,0
0.5,0,26.639708,-0.0011119159,0,28.552876,-7.8829305e-07,0
0.5,0,26.639688,-0.0011106973,0,28.562105,-7.9014473e-07,0
0.5,0,26.639663,-0.0011114588,0,28.571333,-7.91417e-07,0
0.5,0,26.639633,-0.0011146817,0,28.580562,-7.9167422e-07,0
0.5,0,26.639602,-0.0011211833,0,28.58979,-7.905573e-07,0
0.5,0,26.639571,-0.001130661,0,28.599019,-7.8783363e-07,0
0.5,0,26.639543,-0.001141681,0,28.608247,-7.8348057e-07,0
0.5,0,26.639518,-0.0011523795,0,28.617476,-7.776576e-07,0
0.5,0,26.639495,-0.0011607133,0,28.626704,-7.7069652e-07,0
0.5,0,26.639473,-0.0011648291,0,28.635932,-7.630513e-07,0
0.5,0,26.639451,-0.0011636375,0,28.645161,-7.5525999e-07,0
0.5,0,26.639426,-0.0011577618,0,28.654389,-7.4788879e-07,0
0.5,0,26.639398,-0.0011493536,0,28.663618,-7.4147999e-07,0
0.5,0,26.639361,-0.0011410806,0,28.672846,-7.3644703e-07,0
0.5,0,26.639311,-0.0011353491,0,28.682075,-7.3296511e-07,0
0.5,0,26.639247,-0.001133602,0,28.691303,-7.3090169e-07,0
0.5,0,26.639175,-0.0011359688,0,28.700532,-7.2984103e-07,0
0.5,0,26.639106,-0.0011411962,0,28.70976,-7.2924249e-07,0
0.5,0,26.639057,-0.001147144,0,28.718989,-7.2860695e-07,0
0.5,0,26.63904,-0.0011518429,0,28.728217,-7.276205e-07,0
0.5,0,26.639057,-0.001154216,0,28.737446,-7.2621935e-07,0
0.5,0,26.6391,-0.0011541578,0,28.746674,-7.2453168e-07,0
0.5,0,26.63915,-0.0011523918,0,28.755903,-7.2276996e-07,0
0.5,0,26.63919,-0.0011495676,0,28.765131,-7.2116833e-07,0
0.5,0,26.639212,-0.0011459685,0,28.774359,-7.1994146e-07,0
0.5,0,26.639217,-0.0011432657,0,28.783588,-7.1941037e-07,0
0.5,0,26.639212,-0.0011419881,0,28.792816,-7.1983013e-07,0
0.5,0,26.639207,-0.0011414325,0,28.802045,-7.2132151e-07,0
0.5,0,26.639208,-0.0011420105,0,28.811273,-7.2376019e-07,0
0.5,0,26.639223,-0.0011426114,0,28.820502,-7.2651249e-07,0
0.5,0,26.639256,-0.0011413424,0,28.82973,-7.2882194e-07,0
0.5,0,26.639305,-0.0011382882,0,28.838959,-7.3031561e-07,0
0.5,0,26.63936,-0.0011351659,0,28.848187,-7.3132591e-07,0
0.5,0,26.639403,-0.0011335751,0,28.857416,-7.326622e-07,0
0.5,0,26.639415,-0.0011332089,0,28.866644,-7.3503339e-07,0
0.5,0,26.639389,-0.0011325462,0,28.875873,-7.3862698e-07,0
0.5,0,26.639333,-0.0011314152,0,28.885101,-7.4309565e-07,0
0.5,0,26.639269,-0.0011307096,0,28.89433,-7.4791666e-07,0
0.5,0,26.639221,-0.0011310315,0,28.903558,-7.526799e-07,0
0.5,0,26.639195,-0.001132057,0,28.912786,-7.5713505e-07,0
0.5,0,26.639165,-0.0011329428,0,28.922015,-7.6112253e-07,0
0.5,0,26.639116,-0.0011338511,0,28.931243,-7.6454332e-07,0
0.5,0,26.639065,-0.0011362363,0,28.940472,-7.6750038e-07,0
0.5,0,26.639037,-0.0011408279,0,28.9497,-7.703973e-07,0
0.5,0,26.639031,-0.0011445067,0,28.958929,-7.736325e-07,0
0.5,0,26.639038,-0.0011429107,0,28.968157,-7.7712347e-07,0
0.5,0,26.639038,-0.0011368758,0,28.977386,-7.8051073e-07,0
0.5,0,26.639022,-0.0011307407,0,28.986614,-7.8386276e-07,0
0.5,0,26.639018,-0.0011268137,0,28.995843,-7.8771335e-07,0
0.5,0,26.639027,-0.001124984,0,29.005071,-7.9234884e-07,0
0.5,0,26.639027,-0.0011243798,0,29.0143,-7.9744034e-07,0
0.5,0,26.639013,-0.0011238324,0,29.023528,-8.0254764e-07,0
0.5,0,26.638998,-0.0011225859,0,29.032757,-8.0755178e-07,0
0.5,0,26.638988,-0.0011213685,0,29.041985,-8.1241241e-07,0
0.5,0,26.638983,-0.0011209094,0,29.051213,-8.1696896e-07,0
0.5,0,26.638981,-0.0011204468,0,29.060442,-8.2113004e-07,0
0.5,0,26.63898,-0.0011191886,0,29.06967,-8.2496687e-07,0
0.5,0,26.638977,-0.0011173128,0,29.078899,-8.2859606e-07,0
0.5,0,26.638965,-0.001115486,0,29.088127,-8.3209028e-07,0
0.5,0,26.638939,-0.0011142036,0,29.097356,-8.3549546e-07,0
0.5,0,26.638898,-0.0011135413,0,29.106584,-8.3887603e-07,0
0.5,0,26.638845,-0.0011133377,0,29.115813,-8.4228165e-07,0
0.5,0,26.638784,-0.0011133953,0,29.125041,-8.4571294e-07,0
0.5,0,26.63872,-0.0011135756,0,29.13427,-8.4914426e-07,0
0.5,0,26.638658,-0.0011138604,0,29.143498,-8.5255611e-07,0
0.5,0,26.638606,-0.0011142316,0,29.152727,-8.5595799e-07,0
0.5,0,26.638569,-0.001114552,0,29.161955,-8.5938307e-07,0
0.5,0,26.638549,-0.001114646,0,29.171184,-8.6285417e-07,0
0.5,0,26.638544,-0.0011143927,0,29.180412,-8.6635242e-07,0
0.5,0,26.638549,-0.001113908,0,29.18964,-8.6980878e-07,0
0.5,0,26.638561,-0.0011136191,0,29.198869,-8.7314744e-07,0
0.5,0,26.638574,-0.0011136195,0,29.208097,-8.7633137e-07,0
0.5,0,26.638591,-0.0011127977,0,29.217326,-8.7921232e-07,0
0.5,0,26.638604,-0.001110307,0,29.226554,-8.8145051e-07,0
0.5,0,26.63862,-0.0011081455,0,29.235783,-8.8274311e-07,0
0.5,0,26.638639,-0.0011089254,0,29.245011,-8.8322544e-07,0
0.5,0,26.638644,-0.0011126664,0,29.25424,-8.8330294e-07,0
0.5,0,26.638639,-0.0011188085,0,29.263468,-8.832958e-07,0
0.5,0,26.638626,-0.0011256228,0,29.272697,-8.8345967e-07,0
0.5,0,26.638605,-0.001130988,0,29.281925,-8.8388756e-07,0
0.5,0,26.638575,-0.0011315277,0,29.291154,-8.8468463e-07,0
0.5,0,26.638535,-0.0011264639,0,29.300382,-8.8568509e-07,0
0.5,0,26.638491,-0.0011183195,0,29.309611,-8.863955e-07,0
0.5,0,26.638446,-0.0011111576,0,29.318839,-8.8620885e-07,0
0.5,0,26.638405,-0.0011058898,0,29.328067,-8.8502825e-07,0
0.5,0,26.638366,-0.0011027361,0,29.337296,-8.829141e-07,0
0.5,0,26.638329,-0.0011034384,0,29.346524,-8.7981661e-07,0
0.5,0,26.638292,-0.0011059246,0,29.355753,-8.7611608e-07,0
0.5,0,26.638254,-0.0011089987,0,29.364981,-8.7220089e-07,0
0.5,0,26.638215,-0.001112002,0,29.37421,-8.684409e-07,0
0.5,0,26.638175,-0.0011147531,0,29.383438,-8.6511956e-07,0
0.5,0,26.638135,-0.0011165946,0,29.392667,-8.6237922e-07,0
0.5,0,26.638093,-0.0011166057,0,29.401895,-8.6017822e-07,0
0.5,0,26.638067,-0.0011145559,0,29.411124,-8.5820544e-07,0
0.5,0,26.637995,-0.0011159698,0,29.420352,-8.5625201e-07,0
0.5,0,26.637967,-0.0011232008,0,29.429581,-8.5484784e-07,0
0.5,0,26.637969,-0.0011290015,0,29.438809,-8.542134e-07,0
0.5,0,26.637921,-0.0011319421,0,29.448038,-8.5400732e-07,0
0.5,0,26.637909,-0.0011297412,0,29.457266,-8.5379816e-07,0
0.5,0,26.637894,-0.0011098449,0,29.466494,-8.5196176e-07,0
0.5,0,26.637871,-0.00106219,0,29.475723,-8.4532684e-07,0
0.5,0,26.637851,-0.00099213975,0,29.484951,-8.3056646e-07,0
0.5,0,26.637829,-0.00092958885,0,29.49418,-8.0718352e-07,0
0.5,0,26.637809,-0.00092584779,0,29.503408,-7.8086968e-07,0
0.5,0,26.637788,-0.0010292744,0,29.512637,-7.6468723e-07,0
0.5,0,26.637769,-0.0012457299,0,29.521865,-7.7530479e-07,0
0.5,0,26.637754,-0.0015101396,0,29.531094,-8.240432e-07,0
0.5,0,26.637742,-0.0016987583,0,29.540322,-9.0683832e-07,0
0.5,0,26.637748,-0.0016855676,0,29.549551,-9.9982729e-07,0
0.5,0,26.637772,-0.0014152786,0,29.558779,-1.0653058e-06,0
0.5,0,26.637808,-0.00094726225,0,29.568008,-1.0669037e-06,0
0.5,0,26.63785,-0.00043752882,0,29.577236,-9.8654832e-07,0
0.5,0,26.637891,-6.5574801e-05,0,29.586465,-8.3384182e-07,0
0.5,0,26.637928,5.0107598e-05,0,29.595693,-6.4271862e-07,0
0.5,0,26.637955,-0.00010348089,0,29.604921,-4.5777574e-07,0
0.5,0,26.63798,-0.00044928637,0,29.61415,-3.1824494e-07,0
0.5,0,26.638,-0.00087319458,0,29.623378,-2.4749783e-07,0
0.5,0,26.638008,-0.0012739945,0,29.632607,-2.5094024e-07,0
0.5,0,26.638007,-0.0015854956,0,29.641835,-3.19787e-07,0
0.5,0,26.638004,-0.0017749098,0,29.651064,-4.36491e-07,0
0.5,0,26.637999,-0.0018348451,0,29.660292,-5.7945298e-07,0
0.5,0,26.637997,-0.001779154,0,29.669521,-7.2694472e-07,0
0.5,0,26.638006,-0.0016402276,0,29.678749,-8.6065459e-07,0
0.5,0,26.638043,-0.0014611427,0,29.687978,-9.683884e-07,0
0.5,0,26.638121,-0.001282246,0,29.697206,-1.0449669e-06,0
0.5,0,26.638239,-0.0011293668,0,29.706435,-1.0910343e-06,0
0.5,0,26.638372,-0.0010113012,0,29.715663,-1.1106244e-06,0
0.5,0,26.638482,-0.00092611521,0,29.724892,-1.1089448e-06,0
0.5,0,26.638549,-0.00087002086,0,29.73412,-1.091212e-06,0
0.5,0,26.638589,-0.00084167137,0,29.743348,-1.0625492e-06,0
0.5,0,26.638639,-0.00084073999,0,29.752577,-1.028132e-06,0
0.5,0,26.638736,-0.00086398895,0,29.761805,-9.9280935e-07,0
0.5,0,26.638893,-0.00090267107,0,29.771034,-9.6033761e-07,0
0.5,0,26.63911,-0.00094454441,0,29.780262,-9.3265018e-07,0
0.5,0,26.639379,-0.00097842418,0,29.789491,-9.0966422e-07,0
0.5,0,26.639701,-0.00099807259,0,29.798719,-8.8978504e-07,0
0.5,0,26.6401,-0.0010034617,0,29.807948,-8.7085254e-07,0
0.5,0,26.640635,-0.00099938304,0,29.817176,-8.5110389e-07,0
0.5,0,26.641318,-0.00099271031,0,29.826405,-8.2978564e-07,0
0.5,0,26.642103,-0.0009897455,0,29.835633,-8.0729037e-07,0
0.5,0,26.64325,-0.00099401386,0,29.844862,-7.8487884e-07,0
0.5,0,26.645895,-0.0010045428,0,29.85409,-7.6416119e-07,0
0.5,0,26.651871,-0.0010162317,0,29.863319,-7.4641125e-07,0
0.5,0,26.662215,-0.0010230136,0,29.872547,-7.3186938e-07,0
0.5,0,26.675576,-0.0010207587,0,29.881775,-7.1958917e-07,0
0.5,0,26.688525,-0.0010079645,0,29.891004,-7.0802919e-07,0
0.5,0,26.697749,-0.00098620471,0,29.900232,-6.9594041e-07,0
0.5,0,26.701839,-0.00095988625,0,29.909461,-6.8291068e-07,0
0.5,0,26.700959,-0.00093400645,0,29.918689,-6.6915794e-07,0
0.5,0,26.695522,-0.00091168055,0,29.927918,-6.5496381e-07,0
0.5,0,26.685959,-0.00089377499,0,29.937146,-6.4039017e-07,0
0.5,0,26.673674,-0.00088056111,0,29.946375,-6.2531043e-07,0
0.5,0,26.661346,-0.00087266811,0,29.955603,-6.095532e-07,0
0.5,0,26.651707,-0.00087026704,0,29.964832,-5.929794e-07,0
0.5,0,26.645957,-0.00087278636,0,29.97406,-5.7546979e-07,0
0.5,0,26.643434,-0.00087967741,0,29.983289,-5.5689387e-07,0
0.5,0,26.642614,-0.0008905018,0,29.992517,-5.3709507e-07,0
0.5,0,26.642262,-0.00090476783,0,30.001746,-5.1594985e-07,0
0.5,0,26.641848,-0.00092192134,0,30.010974,-4.9336554e-07,0
0.5,0,26.641301,-0.00094131509,0,30.020202,-4.6922029e-07,0
0.5,0,26.640677,-0.00096219442,0,30.029431,-4.4337552e-07,0
0.5,0,26.640037,-0.00098361118,0,30.038659,-4.157656e-07,0
0.5,0,26.639451,-0.0010041398,0,30.047888,-3.8657841e-07,0
0.5,0,26.638989,-0.0010215372,0,30.057116,-3.5648424e-07,0
0.5,0,26.638678,-0.0010326533,0,30.066345,-3.2680995e-07,0
0.5,0,26.638491,-0.0010335194,0,30.075573,-2.9962275e-07,0
0.5,0,26.638378,-0.0010193835,0,30.084802,-2.7775843e-07,0
0.5,0,26.638302,-0.00098479047,0,30.09403,-2.6480536e-07,0
0.5,0,26.638246,-0.00092382246,0,30.103259,-2.6514374e-07,0
0.5,0,26.638206,-0.00083042079,0,30.112487,-2.8390071e-07,0
0.5,0,26.638181,-0.00069959085,0,30.121716,-3.2665359e-07,0
0.5,0,26.638169,-0.00053174214,0,30.130944,-3.9867297e-07,0
0.5,0,26.638169,-0.00033979832,0,30.140173,-5.0324834e-07,0
0.5,0,26.638179,-0.00015509222,0,30.149401,-6.391179e-07,0
0.5,0,26.638197,-2.7081973e-05,0,30.158629,-7.9771982e-07,0
0.5,0,26.638217,-1.1875784e-05,0,30.167858,-9.6169786e-07,0
0.5,0,26.638226,-0.00015003501,0,30.177086,-1.1063693e-06,0
0.5,0,26.638212,-0.00044374,0,30.186315,-1.204856e-06,0
0.5,0,26.638173,-0.00084824918,0,30.195543,-1.2354577e-06,0
0.5,0,26.638116,-0.0012846345,0,30.204772,-1.188207e-06,0
0.5,0,26.638056,-0.0016650262,0,30.214,-1.0679041e-06,0
0.5,0,26.638001,-0.0019126214,0,30.223229,-8.933169e-07,0
0.5,0,26.637956,-0.0019689238,0,30.232457,-6.9424199e-07,0
0.5,0,26.637919,-0.0018003763,0,30.241686,-5.0746589e-07,0
0.5,0,26.637891,-0.0014189917,0,30.250914,-3.7039719e-07,0
0.5,0,26.63787,-0.00090806388,0,30.260143,-3.1094238e-07,0
0.5,0,26.637859,-0.00041913819,0,30.269371,-3.3610069e-07,0
0.5,0,26.637854,-0.00011709317,0,30.2786,-4.2625052e-07,0
0.5,0,26.637876,-9.5543077e-05,0,30.287828,-5.414104e-07,0
0.5,0,26.637856,-0.00032421491,0,30.297056,-6.3840629e-07,0
0.5,0,26.63788,-0.00066191065,0,30.306285,-6.8942659e-07,0
0.5,0,26.637903,-0.00094432027,0,30.315513,-6.9157148e-07,0
0.5,0,26.637851,-0.0010797078,0,30.324742,-6.6210518e-07,0
0.5,0,26.637833,-0.0010680163,0,30.33397,-6.246782e-07,0
0.5,0,26.637815,-0.0009730534,0,30.343199,-5.9689262e-07,0
0.5,0,26.637809,-0.0008735225,0,30.352427,-5.848171e-07,0
0.5,0,26.637818,-0.00081598373,0,30.361656,-5.8508614e-07,0
0.5,0,26.637814,-0.00080540557,0,30.370884,-5.9073962e-07,0
0.5,0,26.637755,-0.00082103977,0,30.380113,-5.9619784e-07,0
0.5,0,26.637527,-0.00083195914,0,30.389341,-5.9905247e-07,0
0.5,0,26.63737,-0.00083001825,0,30.39857,-5.9941014e-07,0
0.5,0,26.63739,-0.00082269537,0,30.407798,-5.9843406e-07,0
0.5,0,26.637384,-0.00081164469,0,30.417027,-5.971756e-07,0
0.5,0,26.637375,-0.0008010072,0,30.426255,-5.9613063e-07,0
0.5,0,26.637368,-0.00079226067,0,30.435483,-5.9536839e-07,0
0.5,0,26.637364,-0.00078507902,0,30.444712,-5.9481822e-07,0
0.5,0,26.637367,-0.00077884191,0,30.45394,-5.9439867e-07,0
0.5,0,26.637376,-0.00077362571,0,30.463169,-5.9398183e-07,0
0.5,0,26.637388,-0.0007690125,0,30.472397,-5.9350527e-07,0
0.5,0,26.6374,-0.00076489331,0,30.481626,-5.9295921e-07,0
0.5,0,26.637407,-0.00076145782,0,30.490854,-5.9236051e-07,0
0.5,0,26.637409,-0.00075841275,0,30.500083,-5.9177589e-07,0
0.5,0,26.637408,-0.00075570712,0,30.509311,-5.9123992e-07,0
0.5,0,26.637407,-0.00075373011,0,30.51854,-5.9080495e-07,0
0.5,0,26.637404,-0.00075202896,0,30.527768,-5.90547e-07,0
0.5,0,26.637396,-0.00075076858,0,30.536997,-5.9034068e-07,0
0.5,0,26.637381,-0.00074958128,0,30.546225,-5.9010548e-07,0
0.5,0,26.637359,-0.0007478181,0,30.555454,-5.8983378e-07,0
0.5,0,26.637334,-0.00074612152,0,30.564682,-5.8944338e-07,0
0.5,0,26.637313,-0.00074366777,0,30.57391,-5.8900858e-07,0
0.5,0,26.637305,-0.00074118219,0,30.583139,-5.8856907e-07,0
0.5,0,26.637316,-0.00073900553,0,30.592367,-5.8824319e-07,0
0.5,0,26.637345,-0.00073562051,0,30.601596,-5.8813164e-07,0
0.5,0,26.637386,-0.00073232808,0,30.610824,-5.8802788e-07,0
0.5,0,26.637431,-0.00073005415,0,30.620053,-5.8800594e-07,0
0.5,0,26.637474,-0.00072755345,0,30.629281,-5.8831835e-07,0
0.5,0,26.637512,-0.00072529411,0,30.63851,-5.8883982e-07,0
0.5,0,26.637546,-0.00072319551,0,30.647738,-5.8952911e-07,0
0.5,0,26.63758,-0.00072119203,0,30.656967,-5.9045233e-07,0
0.5,0,26.637613,-0.00071996106,0,30.666195,-5.9154251e-07,0
0.5,0,26.637648,-0.00071939408,0,30.675424,-5.927136e-07,0
0.5,0,26.637685,-0.00071927436,0,30.684652,-5.938695e-07,0
0.5,0,26.637725,-0.00071916158,0,30.693881,-5.9491537e-07,0
0.5,0,26.637775,-0.00071859188,0,30.703109,-5.95789e-07,0
0.5,0,26.63784,-0.00071747902,0,30.712338,-5.9642363e-07,0
0.5,0,26.637925,-0.00071569913,0,30.721566,-5.9686461e-07,0
0.5,0,26.638025,-0.00071349488,0,30.730794,-5.9718524e-07,0
0.5,0,26.638118,-0.0007116878,0,30.740023,-5.9747082e-07,0
0.5,0,26.638173,-0.00071064057,0,30.749251,-5.9787734e-07,0
0.5,0,26.638172,-0.00070991627,0,30.75848,-5.9842524e-07,0
0.5,0,26.638118,-0.00070897798,0,30.767708,-5.989396e-07,0
0.5,0,26.638025,-0.00070779843,0,30.776937,-5.9932391e-07,0
0.5,0,26.637918,-0.00070621884,0,30.786165,-5.9957287e-07,0
0.5,0,26.637817,-0.00070423619,0,30.795394,-5.995645e-07,0
0.5,0,26.637733,-0.00070209304,0,30.804622,-5.9909602e-07,0
0.5,0,26.637664,-0.00069979233,0,30.813851,-5.9831712e-07,0
0.5,0,26.637605,-0.00069886654,0,30.823079,-5.9755964e-07,0
0.5,0,26.63755,-0.0007002614,0,30.832308,-5.9699104e-07,0
0.5,0,26.637495,-0.00070241598,0,30.841536,-5.9681422e-07,0
0.5,0,26.637442,-0.00070483013,0,30.850765,-5.9712222e-07,0
0.5,0,26.637385,-0.00070658699,0,30.859993,-5.978442e-07,0
0.5,0,26.63732,-0.00070643674,0,30.869221,-5.988537e-07,0
0.5,0,26.637246,-0.00070484238,0,30.87845,-6.0003935e-07,0
0.5,0,26.637179,-0.00070291468,0,30.887678,-6.0122551e-07,0
0.5,0,26.637149,-0.00070139211,0,30.896907,-6.0217281e-07,0
0.5,0,26.63718,-0.00070052261,0,30.906135,-6.0272625e-07,0
0.5,0,26.637272,-0.00069971765,0,30.915364,-6.0296608e-07,0
0.5,0,26.637402,-0.00069990011,0,30.924592,-6.0302176e-07,0
0.5,0,26.637537,-0.00070204302,0,30.933821,-6.0293473e-07,0
0.5,0,26.637651,-0.00070470438,0,30.943049,-6.0273988e-07,0
0.5,0,26.637735,-0.00070718694,0,30.952278,-6.0239578e-07,0
0.5,0,26.637794,-0.00070869307,0,30.961506,-6.0185069e-07,0
0.5,0,26.637836,-0.00070847186,0,30.970735,-6.0102761e-07,0
0.5,0,26.637872,-0.0007064677,0,30.979963,-5.9989637e-07,0
0.5,0,26.637904,-0.00070298865,0,30.989192,-5.98695e-07,0
0.5,0,26.637933,-0.00069929719,0,30.99842,-5.977303e-07,0
0.5,0,26.63796,-0.00069616908,0,31.007648,-5.9720483e-07,0
0.5,0,26.637983,-0.00069356441,0,31.016877,-5.973228e-07,0
0.5,0,26.638005,-0.00069178809,0,31.026105,-5.9809556e-07,0
0.5,0,26.638025,-0.00069015346,0,31.035334,-5.9930526e-07,0
0.5,0,26.638043,-0.00068763797,0,31.044562,-6.0077304e-07,0
0.5,0,26.638058,-0.00068423057,0,31.053791,-6.0236165e-07,0
0.5,0,26.638071,-0.00068021833,0,31.063019,-6.039815e-07,0
0.5,0,26.638084,-0.00067606184,0,31.072248,-6.0560978e-07,0
0.5,0,26.638097,-0.00067237423,0,31.081476,-6.0727038e-07,0
0.5,0,26.63811,-0.00066937741,0,31.090705,-6.0904408e-07,0
0.5,0,26.638122,-0.00066688393,0,31.099933,-6.1105741e-07,0
0.5,0,26.638132,-0.0006647643,0,31.109162,-6.1339206e-07,0
0.5,0,26.63814,-0.0006628569,0,31.11839,-6.159923e-07,0
0.5,0,26.638145,-0.00066069015,0,31.127619,-6.1868045e-07,0
0.5,0,26.638146,-0.00065774476,0,31.136847,-6.2121061e-07,0
0.5,0,26.638144,-0.00065432081,0,31.146075,-6.2334162e-07,0
0.5,0,26.638144,-0.00065085931,0,31.155304,-6.2495335e-07,0
0.5,0,26.63815,-0.00064800056,0,31.164532,-6.2606063e-07,0
0.5,0,26.638159,-0.00064654434,0,31.173761,-6.2677569e-07,0
0.5,0,26.638165,-0.00064665258,0,31.182989,-6.2720246e-07,0
0.5,0,26.638161,-0.00064775732,0,31.192218,-6.2746419e-07,0
0.5,0,26.638153,-0.00065043615,0,31.201446,-6.275501e-07,0
0.5,0,26.638153,-0.00065338259,0,31.210675,-6.2728569e-07,0
0.5,0,26.638174,-0.00065453068,0,31.219903,-6.2651035e-07,0
0.5,0,26.638217,-0.00065443858,0,31.229132,-6.2499861e-07,0
0.5,0,26.638273,-0.00065300309,0,31.23836,-6.2264905e-07,0
0.5,0,26.63833,-0.00065028788,0,31.247589,-6.1960903e-07,0
0.5,0,26.63838,-0.0006470444,0,31.256817,-6.1628872e-07,0
0.5,0,26.638421,-0.00064450301,0,31.266046,-6.133616e-07,0
0.5,0,26.638455,-0.00064306174,0,31.275274,-6.1157488e-07,0
0.5,0,26.638485,-0.00064296933,0,31.284502,-6.1136657e-07,0
0.5,0,26.638512,-0.00064390709,0,31.293731,-6.1282758e-07,0
0.5,0,26.638537,-0.00064536437,0,31.302959,-6.1563732e-07,0
0.5,0,26.63856,-0.00064718284,0,31.312188,-6.1903391e-07,0
0.5,0,26.638585,-0.00064840781,0,31.321416,-6.2217892e-07,0
0.5,0,26.638617,-0.00064865716,0,31.330645,-6.2440577e-07,0
0.5,0,26.638653,-0.00064772792,0,31.339873,-6.2545009e-07,0
0.5,0,26.638688,-0.00064412745,0,31.349102,-6.255871e-07,0
0.5,0,26.638713,-0.00063922228,0,31.35833,-6.2538551e-07,0
0.5,0,26.638724,-0.00063379491,0,31.367559,-6.2551057e-07,0
0.5,0,26.638723,-0.00062812668,0,31.376787,-6.264336e-07,0
0.5,0,26.638717,-0.0006252066,0,31.386016,-6.2814272e-07,0
0.5,0,26.63871,-0.00062598053,0,31.395244,-6.3031239e-07,0
0.5,0,26.638698,-0.00063032179,0,31.404473,-6.3245339e-07,0
0.5,0,26.63868,-0.00063754038,0,31.413701,-6.3408582e-07,0
0.5,0,26.638648,-0.00064637743,0,31.422929,-6.3493685e-07,0
0.5,0,26.638604,-0.00065563006,0,31.432158,-6.351652e-07,0
0.5,0,26.638554,-0.00066355016,0,31.441386,-6.3517641e-07,0
0.5,0,26.638507,-0.00066812923,0,31.450615,-6.3552165e-07,0
0.5,0,26.638477,-0.00066885258,0,31.459843,-6.3680008e-07,0
0.5,0,26.63847,-0.00066607738,0,31.469072,-6.3951569e-07,0
0.5,0,26.638481,-0.00066172765,0,31.4783,-6.4389329e-07,0
0.5,0,26.638495,-0.000658359,0,31.487529,-6.4961202e-07,0
0.5,0,26.638493,-0.00065700307,0,31.496757,-6.5604441e-07,0
0.5,0,26.638463,-0.00065771835,0,31.505986,-6.625023e-07,0
0.5,0,26.638402,-0.00065993364,0,31.515214,-6.6842864e-07,0
0.5,0,26.638318,-0.00066233689,0,31.524443,-6.7355473e-07,0
0.5,0,26.63823,-0.00066364659,0,31.533671,-6.7792438e-07,0
0.5,0,26.638162,-0.00066324255,0,31.5429,-6.8179413e-07,0
0.5,0,26.638143,-0.00066128118,0,31.552128,-6.8547777e-07,0
0.5,0,26.638198,-0.00065854817,0,31.561356,-6.8923085e-07,0
0.5,0,26.638333,-0.0006557752,0,31.570585,-6.9316867e-07,0
0.5,0,26.63853,-0.00065323752,0,31.579813,-6.9721285e-07,0
0.5,0,26.63875,-0.00065134446,0,31.589042,-7.0121981e-07,0
0.5,0,26.638953,-0.00065068293,0,31.59827,-7.0521734e-07,0
0.5,0,26.639119,-0.00065061604,0,31.607499,-7.0941629e-07,0
0.5,0,26.639234,-0.00064962165,0,31.616727,-7.1397462e-07,0
0.5,0,26.639305,-0.00064702181,0,31.625956,-7.1884823e-07,0
0.5,0,26.639351,-0.00064366641,0,31.635184,-7.2391316e-07,0
0.5,0,26.639385,-0.00064089972,0,31.644413,-7.2915031e-07,0
0.5,0,26.639417,-0.00063868057,0,31.653641,-7.3463708e-07,0
0.5,0,26.639451,-0.00063572794,0,31.66287,-7.4035807e-07,0
0.5,0,26.639488,-0.00063100807,0,31.672098,-7.4605913e-07,0
0.5,0,26.639534,-0.00062457684,0,31.681327,-7.5133746e-07,0
0.5,0,26.639601,-0.00061760026,0,31.690555,-7.559077e-07,0
0.5,0,26.639685,-0.0006118315,0,31.699783,-7.5979107e-07,0
0.5,0,26.639773,-0.00060868398,0,31.709012,-7.6331622e-07,0
0.5,0,26.639853,-0.00060867855,0,31.71824,-7.6694623e-07,0
0.5,0,26.639928,-0.00061015168,0,31.727469,-7.7096331e-07,0
0.5,0,26.639984,-0.00061007399,0,31.736697,-7.7520802e-07,0
0.5,0,26.640017,-0.0006071931,0,31.745926,-7.7916788e-07,0
0.5,0,26.640012,-0.00060236052,0,31.755154,-7.8242528e-07,0
0.5,0,26.639965,-0.00059725338,0,31.764383,-7.84845e-07,0
0.5,0,26.639915,-0.00059280935,0,31.773611,-7.8632434e-07,0
0.5,0,26.639898,-0.00058957463,0,31.78284,-7.8683134e-07,0
0.5,0,26.639936,-0.00058743514,0,31.792068,-7.8661817e-07,0
0.5,0,26.640023,-0.00058684812,0,31.801297,-7.859847e-07,0
0.5,0,26.640134,-0.00058773339,0,31.810525,-7.8519072e-07,0
0.5,0,26.640242,-0.00058886033,0,31.819754,-7.843966e-07,0
0.5,0,26.640334,-0.00058971695,0,31.828982,-7.8359312e-07,0
0.5,0,26.640406,-0.00059017244,0,31.83821,-7.827177e-07,0
0.5,0,26.640454,-0.00059026442,0,31.847439,-7.8165719e-07,0
0.5,0,26.640464,-0.00058973594,0,31.856667,-7.8028886e-07,0
0.5,0,26.640422,-0.00058835548,0,31.865896,-7.7851432e-07,0
0.5,0,26.640329,-0.00058642202,0,31.875124,-7.7626147e-07,0
0.5,0,26.64021,-0.00058469645,0,31.884353,-7.7352375e-07,0
0.5,0,26.640094,-0.00058323,0,31.893581,-7.7037885e-07,0
0.5,0,26.640006,-0.0005815403,0,31.90281,-7.669154e-07,0
0.5,0,26.639949,-0.0005795059,0,31.912038,-7.6316917e-07,0
0.5,0,26.639909,-0.00057770067,0,31.921267,-7.5911675e-07,0
0.5,0,26.639874,-0.00057688357,0,31.930495,-7.5474609e-07,0
0.5,0,26.639837,-0.0005775581,0,31.939724,-7.5011052e-07,0
0.5,0,26.6398,-0.00057971552,0,31.948952,-7.4531068e-07,0
0.5,0,26.639771,-0.0005826454,0,31.958181,-7.4040551e-07,0
0.5,0,26.639754,-0.0005850188,0,31.967409,-7.353561e-07,0
0.5,0,26.639748,-0.00058555283,0,31.976637,-7.300838e-07,0
0.5,0,26.639748,-0.00058381889,0,31.985866,-7.2455339e-07,0
0.5,0,26.639747,-0.00058062859,0,31.995094,-7.1880103e-07,0
0.5,0,26.639743,-0.00057747045,0,32.004323,-7.1296818e-07,0
0.5,0,26.639735,-0.00057573235,0,32.013551,-7.0728724e-07,0
0.5,0,26.639722,-0.00057614547,0,32.02278,-7.0201574e-07,0
0.5,0,26.639704,-0.0005785188,0,32.032008,-6.9734437e-07,0
0.5,0,26.639685,-0.00058190645,0,32.041237,-6.9328586e-07,0
0.5,0,26.639669,-0.00058503084,0,32.050465,-6.8962375e-07,0
0.5,0,26.639659,-0.00058679221,0,32.059694,-6.8595395e-07,0
0.5,0,26.639645,-0.000586613,0,32.068922,-6.8179347e-07,0
0.5,0,26.639613,-0.00058453356,0,32.078151,-6.7674881e-07,0
0.5,0,26.639561,-0.00058110241,0,32.087379,-6.7066865e-07,0
0.5,0,26.639511,-0.00057700951,0,32.096608,-6.6371712e-07,0
0.5,0,26.639495,-0.00057282728,0,32.105836,-6.5633903e-07,0
0.5,0,26.639526,-0.00056902461,0,32.115064,-6.4910859e-07,0
0.5,0,26.639591,-0.00056589567,0,32.124293,-6.425344e-07,0
0.5,0,26.639656,-0.00056354355,0,32.133521,-6.3689342e-07,0
0.5,0,26.639692,-0.0005619285,0,32.14275,-6.321613e-07,0
0.5,0,26.639694,-0.00056077976,0,32.151978,-6.2805477e-07,0
0.5,0,26.639675,-0.00055944493,0,32.161207,-6.2416946e-07,0
0.5,0,26.63965,-0.00055692187,0,32.170435,-6.2014843e-07,0
0.5,0,26.639631,-0.00055226461,0,32.179664,-6.1578988e-07,0
0.5,0,26.639619,-0.00054491679,0,32.188892,-6.1107954e-07,0
0.5,0,26.639613,-0.00053518445,0,32.198121,-6.0612815e-07,0
0.5,0,26.639611,-0.00052419535,0,32.207349,-6.0107154e-07,0
0.5,0,26.639614,-0.00051351997,0,32.216578,-5.9599806e-07,0
0.5,0,26.639621,-0.00050468824,0,32.225806,-5.9090143e-07,0
0.5,0,26.639632,-0.00049868277,0,32.235035,-5.8570728e-07,0
0.5,0,26.639647,-0.0004956318,0,32.244263,-5.8034969e-07,0
0.5,0,26.639658,-0.00049463088,0,32.253491,-5.7483843e-07,0
0.5,0,26.639675,-0.00049387976,0,32.26272,-5.6924729e-07,0
0.5,0,26.639686,-0.00049287187,0,32.271948,-5.6377562e-07,0
0.5,0,26.63969,-0.00049243173,0,32.281177,-5.5877485e-07,0
0.5,0,26.639701,-0.00049184966,0,32.290405,-5.5455896e-07,0
0.5,0,26.639707,-0.00049055135,0,32.299634,-5.5129914e-07,0
0.5,0,26.639709,-0.00048956279,0,32.308862,-5.4905435e-07,0
0.5,0,26.639705,-0.00048929329,0,32.318091,-5.478865e-07,0
0.5,0,26.639694,-0.00048820877,0,32.327319,-5.4765277e-07,0
0.5,0,26.639678,-0.00048592979,0,32.336548,-5.4832478e-07,0
0.5,0,26.639664,-0.0004839878,0,32.345776,-5.498911e-07,0
0.5,0,26.639654,-0.00048217544,0,32.355005,-5.521264e-07,0
0.5,0,26.639646,-0.00048001445,0,32.364233,-5.5497049e-07,0
0.5,0,26.639637,-0.00047832561,0,32.373462,-5.5834619e-07,0
0.5,0,26.639618,-0.00047773405,0,32.38269,-5.6214209e-07,0
0.5,0,26.639582,-0.00047833118,0,32.391918,-5.6627192e-07,0
0.5,0,26.639531,-0.00047957174,0,32.401147,-5.7068507e-07,0
0.5,0,26.639471,-0.00048072395,0,32.410375,-5.7535315e-07,0
0.5,0,26.639421,-0.00048123033,0,32.419604,-5.8024832e-07,0
0.5,0,26.639393,-0.00048082697,0,32.428832,-5.8531448e-07,0
0.5,0,26.639392,-0.00047967943,0,32.438061,-5.9044674e-07,0
0.5,0,26.639414,-0.00047818868,0,32.447289,-5.9550885e-07,0
0.5,0,26.639447,-0.00047680542,0,32.456518,-6.0035785e-07,0
0.5,0,26.639481,-0.00047581752,0,32.465746,-6.0486236e-07,0
0.5,0,26.639511,-0.00047521909,0,32.474975,-6.0892342e-07,0
0.5,0,26.639538,-0.00047477155,0,32.484203,-6.1248116e-07,0
0.5,0,26.639558,-0.00047402493,0,32.493432,-6.1554393e-07,0
0.5,0,26.639567,-0.00047247047,0,32.50266,-6.1820393e-07,0
0.5,0,26.639561,-0.00046993569,0,32.511889,-6.2059779e-07,0
0.5,0,26.639538,-0.0004666503,0,32.521117,-6.228803e-07,0
0.5,0,26.639506,-0.00046329186,0,32.530345,-6.2515749e-07,0
0.5,0,26.63948,-0.00046071291,0,32.539574,-6.2743779e-07,0
0.5,0,26.63948,-0.00045914253,0,32.548802,-6.2967837e-07,0
0.5,0,26.639519,-0.00045835747,0,32.558031,-6.3181162e-07,0
0.5,0,26.6396,-0.0004578323,0,32.567259,-6.3377688e-07,0
0.5,0,26.639704,-0.00045702403,0,32.576488,-6.355578e-07,0
0.5,0,26.639798,-0.00045544141,0,32.585716,-6.3716806e-07,0
0.5,0,26.639843,-0.00045300703,0,32.594945,-6.3858083e-07,0
0.5,0,26.639818,-0.00045023043,0,32.604173,-6.3972206e-07,0
0.5,0,26.639728,-0.00044710193,0,32.613402,-6.4049157e-07,0
0.5,0,26.639602,-0.00044392687,0,32.62263,-6.4071775e-07,0
0.5,0,26.639476,-0.00044081787,0,32.631859,-6.4030559e-07,0
0.5,0,26.639377,-0.00043773864,0,32.641087,-6.3924838e-07,0
0.5,0,26.639317,-0.0004350945,0,32.650316,-6.3754125e-07,0
0.5,0,26.639288,-0.00043292154,0,32.659544,-6.3524597e-07,0
0.5,0,26.639281,-0.00043128522,0,32.668772,-6.3247235e-07,0
0.5,0,26.639284,-0.00043021042,0,32.678001,-6.2938534e-07,0
0.5,0,26.639289,-0.00042989628,0,32.687229,-6.2618687e-07,0
0.5,0,26.639295,-0.00043056483,0,32.696458,-6.2306466e-07,0
0.5,0,26.639301,-0.00043202557,0,32.705686,-6.2015813e-07,0
0.5,0,26.639305,-0.00043374349,0,32.714915,-6.1754645e-07,0
0.5,0,26.639307,-0.00043532764,0,32.724143,-6.1523872e-07,0
0.5,0,26.639306,-0.00043672337,0,32.733372,-6.1319539e-07,0
0.5,0,26.639301,-0.00043821315,0,32.7426,-6.1139926e-07,0
0.5,0,26.639291,-0.00044021261,0,32.751829,-6.098669e-07,0
0.5,0,26.639275,-0.00044276314,0,32.761057,-6.0864332e-07,0
0.5,0,26.639255,-0.00044542159,0,32.770286,-6.0776913e-07,0
0.5,0,26.639231,-0.00044789162,0,32.779514,-6.072132e-07,0
0.5,0,26.639205,-0.00044983234,0,32.788743,-6.0692161e-07,0
0.5,0,26.639181,-0.0004541195,0,32.797971,-6.0691278e-07,0
0.5,0,26.639164,-0.0004518952,0,32.807199,-6.0707097e-07,0
0.5,0,26.639157,-0.00044812841,0,32.816428,-6.0719864e-07,0
0.5,0,26.639163,-0.00045069423,0,32.825656,-6.0708538e-07,0
0.5,0,26.639177,-0.00044964163,0,32.834885,-6.0680963e-07,0
0.5,0,26.639194,-0.00044796907,0,32.844113,-6.0647681e-07,0
0.5,0,26.63921,-0.00044771062,0,32.853342,-6.0610393e-07,0
0.5,0,26.639222,-0.00044725755,0,32.86257,-6.0575516e-07,0
0.5,0,26.639232,-0.00044681276,0,32.871799,-6.0527768e-07,0
0.5,0,26.639238,-0.00044645366,0,32.881027,-6.0448648e-07,0
0.5,0,26.63924,-0.00044628843,0,32.890256,-6.0315978e-07,0
0.5,0,26.639239,-0.00044645144,0,32.899484,-6.0114999e-07,0
0.5,0,26.639236,-0.00044697054,0,32.908713,-5.9838494e-07,0
0.5,0,26.639236,-0.00044778807,0,32.917941,-5.948326e-07,0
0.5,0,26.639239,-0.00044840446,0,32.92717,-5.9053436e-07,0
0.5,0,26.63924,-0.00044814088,0,32.936398,-5.8562957e-07,0
0.5,0,26.639235,-0.00044643511,0,32.945626,-5.8035368e-07,0
0.5,0,26.639226,-0.00044306598,0,32.954855,-5.7498679e-07,0
0.5,0,26.639214,-0.00043855429,0,32.964083,-5.6978698e-07,0
0.5,0,26.639201,-0.00043403168,0,32.973312,-5.6497414e-07,0
0.5,0,26.639188,-0.00043092584,0,32.98254,-5.6070687e-07,0
0.5,0,26.639173,-0.00043006229,0,32.991769,-5.5703588e-07,0
0.5,0,26.639158,-0.00043093376,0,33.000997,-5.5383385e-07,0
0.5,0,26.639146,-0.00043217175,0,33.010226,-5.5080642e-07,0
0.5,0,26.639134,-0.00043265763,0,33.019454,-5.4763465e-07,0
0.5,0,26.639121,-0.00043202999,0,33.028683,-5.4417475e-07,0
0.5,0,26.639102,-0.00043049868,0,33.037911,-5.4058639e-07,0
0.5,0,26.639081,-0.00042849373,0,33.04714,-5.3727107e-07,0
0.5,0,26.639068,-0.00042587376,0,33.056368,-5.3472377e-07,0
0.5,0,26.639059,-0.00042087562,0,33.065597,-5.3327715e-07,0
0.5,0,26.63906,-0.0004119205,0,33.074825,-5.3278478e-07,0
0.5,0,26.63911,-0.00040517873,0,33.084053,-5.329272e-07,0
0.5,0,26.639141,-0.00040241756,0,33.093282,-5.33816e-07,0
0.5,0,26.639137,-0.00039935444,0,33.10251,-5.3555001e-07,0
0.5,0,26.639145,-0.00039650403,0,33.111739,-5.3793982e-07,0
0.5,0,26.639143,-0.00039466751,0,33.120967,-5.4079652e-07,0
0.5,0,26.639123,-0.0003943144,0,33.130196,-5.4389443e-07,0
0.5,0,26.639091,-0.00039511171,0,33.139424,-5.4697457e-07,0
0.5,0,26.639054,-0.00039633461,0,33.148653,-5.49708e-07,0
0.5,0,26.639013,-0.00039780702,0,33.157881,-5.5177323e-07,0
0.5,0,26.638965,-0.00039948918,0,33.16711,-5.5290207e-07,0
0.5,0,26.638911,-0.00040116512,0,33.176338,-5.5298721e-07,0
0.5,0,26.638856,-0.00040360949,0,33.185567,-5.5199726e-07,0
0.5,0,26.638808,-0.00040648134,0,33.194795,-5.4993538e-07,0
0.5,0,26.63878,-0.00040828055,0,33.204024,-5.4703637e-07,0
0.5,0,26.638782,-0.00040834392,0,33.213252,-5.4369375e-07,0
0.5,0,26.638819,-0.0004063005,0,33.22248,-5.4034831e-07,0
0.5,0,26.638887,-0.00040220241,0,33.231709,-5.3739572e-07,0
0.5,0,26.638971,-0.00039676808,0,33.240937,-5.3511507e-07,0
0.5,0,26.639052,-0.00039104371,0,33.250166,-5.3357739e-07,0
0.5,0,26.639119,-0.00038639073,0,33.259394,-5.3259438e-07,0
0.5,0,26.639168,-0.00038353656,0,33.268623,-5.3184475e-07,0
0.5,0,26.639205,-0.00038253936,0,33.277851,-5.3095536e-07,0
0.5,0,26.639235,-0.00038323392,0,33.28708,-5.2958864e-07,0
0.5,0,26.63926,-0.00038492953,0,33.296308,-5.2756958e-07,0
0.5,0,26.639282,-0.00038695734,0,33.305537,-5.249201e-07,0
0.5,0,26.639299,-0.00038912476,0,33.314765,-5.2182188e-07,0
0.5,0,26.639313,-0.0003913056,0,33.323994,-5.1851254e-07,0
0.5,0,26.639323,-0.00039324045,0,33.333222,-5.1518558e-07,0
0.5,0,26.639331,-0.00039454429,0,33.342451,-5.1191646e-07,0
0.5,0,26.639336,-0.00039465107,0,33.351679,-5.0864577e-07,0
0.5,0,26.639339,-0.00039325218,0,33.360907,-5.052265e-07,0
0.5,0,26.63934,-0.00039057321,0,33.370136,-5.0148601e-07,0
0.5,0,26.63934,-0.00038726959,0,33.379364,-4.9725982e-07,0
0.5,0,26.639337,-0.00038425745,0,33.388593,-4.9243508e-07,0
0.5,0,26.63933,-0.00038231118,0,33.397821,-4.8697406e-07,0
0.5,0,26.639318,-0.00038161142,0,33.40705,-4.8095229e-07,0
0.5,0,26.639301,-0.0003817783,0,33.416278,-4.7455434e-07,0
0.5,0,26.639281,-0.00038201171,0,33.425507,-4.6802357e-07,0
0.5,0,26.639262,-0.00038170601,0,33.434735,-4.6158734e-07,0
0.5,0,26.639247,-0.00038076186,0,33.443964,-4.5540964e-07,0
0.5,0,26.639238,-0.00037938889,0,33.453192,-4.4958597e-07,0
0.5,0,26.639236,-0.00037788572,0,33.462421,-4.4415066e-07,0
0.5,0,26.63924,-0.00037647116,0,33.471649,-4.3911293e-07,0
0.5,0,26.639248,-0.00037503107,0,33.480878,-4.3447454e-07,0
0.5,0,26.639258,-0.00037324115,0,33.490106,-4.3022037e-07,0
0.5,0,26.639269,-0.00037076615,0,33.499334,-4.2632243e-07,0
0.5,0,26.639282,-0.00036743834,0,33.508563,-4.2275138e-07,0
0.5,0,26.639296,-0.0003634982,0,33.517791,-4.1950067e-07,0
0.5,0,26.639314,-0.0003593346,0,33.52702,-4.166206e-07,0
0.5,0,26.639335,-0.00035537206,0,33.536248,-4.1421125e-07,0
0.5,0,26.639358,-0.00035185069,0,33.545477,-4.1235914e-07,0
0.5,0,26.639384,-0.00034857255,0,33.554705,-4.1108868e-07,0
0.5,0,26.639412,-0.00034580383,0,33.563934,-4.1030369e-07,0
0.5,0,26.639444,-0.00034322766,0,33.573162,-4.0981458e-07,0
0.5,0,26.639484,-0.0003412008,0,33.582391,-4.0934577e-07,0
0.5,0,26.639538,-0.00034042511,0,33.591619,-4.085688e-07,0
0.5,0,26.639609,-0.00034099585,0,33.600848,-4.0720866e-07,0
0.5,0,26.639698,-0.0003433659,0,33.610076,-4.0504675e-07,0
0.5,0,26.6398,-0.00034688921,0,33.619305,-4.0198045e-07,0
0.5,0,26.639908,-0.00035054249,0,33.628533,-3.9802506e-07,0
0.5,0,26.640015,-0.00035337699,0,33.637761,-3.9323713e-07,0
0.5,0,26.640119,-0.00035467616,0,33.64699,-3.8771553e-07,0
0.5,0,26.640217,-0.00035399435,0,33.656218,-3.8164578e-07,0
0.5,0,26.640308,-0.00035125544,0,33.665447,-3.7528802e-07,0
0.5,0,26.640389,-0.00034698932,0,33.674675,-3.689028e-07,0
0.5,0,26.640454,-0.00034207238,0,33.683904,-3.6268666e-07,0
0.5,0,26.640499,-0.00033731479,0,33.693132,-3.5674906e-07,0
0.5,0,26.640524,-0.00033323049,0,33.702361,-3.5110704e-07,0
0.5,0,26.640536,-0.00032983362,0,33.711589,-3.4571004e-07,0
0.5,0,26.64054,-0.00032682705,0,33.720818,-3.4047393e-07,0
0.5,0,26.640544,-0.00032395822,0,33.730046,-3.3530711e-07,0
0.5,0,26.640554,-0.00032115205,0,33.739275,-3.3013339e-07,0
0.5,0,26.64058,-0.00031858168,0,33.748503,-3.2491185e-07,0
0.5,0,26.640627,-0.00031645639,0,33.757732,-3.1963567e-07,0
0.5,0,26.640701,-0.00031472023,0,33.76696,-3.1431667e-07,0
0.5,0,26.6408,-0.00031301653,0,33.776188,-3.0895506e-07,0
0.5,0,26.64092,-0.00031100832,0,33.785417,-3.0352272e-07,0
0.5,0,26.641055,-0.00030863867,0,33.794645,-2.979984e-07,0
0.5,0,26.64119,-0.00030621734,0,33.803874,-2.9241972e-07,0
0.5,0,26.6413,-0.00030425653,0,33.813102,-2.8689256e-07,0
0.5,0,26.641366,-0.00030304528,0,33.822331,-2.8150608e-07,0
0.5,0,26.641383,-0.00030229112,0,33.831559,-2.7626533e-07,0
0.5,0,26.641364,-0.00030150736,0,33.840788,-2.711422e-07,0
0.5,0,26.641328,-0.00030081509,0,33.850016,-2.66158e-07,0
0.5,0,26.641292,-0.00030069749,0,33.859245,-2.6138873e-07,0
0.5,0,26.641263,-0.0003010068,0,33.868473,-2.5692034e-07,0
0.5,0,26.641247,-0.0003011489,0,33.877702,-2.5282231e-07,0
0.5,0,26.641245,-0.00030078004,0,33.88693,-2.4913555e-07,0
0.5,0,26.641252,-0.00029969041,0,33.896159,-2.4588852e-07,0
0.5,0,26.641266,-0.00029791415,0,33.905387,-2.4306967e-07,0
0.5,0,26.641286,-0.00029543125,0,33.914615,-2.4060196e-07,0
0.5,0,26.641311,-0.00029212491,0,33.923844,-2.3835502e-07,0
0.5,0,26.641337,-0.00028818293,0,33.933072,-2.361673e-07,0
0.5,0,26.64136,-0.0002839354,0,33.942301,-2.338995e-07,0
0.5,0,26.641381,-0.00028035813,0,33.951529,-2.3147927e-07,0
0.5,0,26.641401,-0.00027969157,0,33.960758,-2.2904541e-07,0
0.5,0,26.641422,-0.00028528748,0,33.969986,-2.2718289e-07,0
0.5,0,26.641445,-0.00029991224,0,33.979215,-2.2692376e-07,0
0.5,0,26.641471,-0.0003237492,0,33.988443,-2.2941445e-07,0
0.5,0,26.641502,-0.00034981057,0,33.997672,-2.3524999e-07,0
0.5,0,26.641537,-0.0003583127,0,34.0069,-2.4307221e-07,0
0.5,0,26.641575,-0.00031774972,0,34.016129,-2.4778252e-07,0
0.5,0,26.641617,-0.00020029426,0,34.025357,-2.4022264e-07,0
0.5,0,26.641663,-1.225666e-05,0,34.034586,-2.1014238e-07,0
0.5,0,26.64171,0.00017621892,0,34.043814,-1.5350138e-07,0
0.5,0,26.641758,0.00023188342,0,34.053042,-8.1986207e-08,0
0.5,0,26.641804,1.5459432e-05,0,34.062271,-2.7883621e-08,0
0.5,0,26.641848,-0.00051554207,0,34.071499,-3.6477652e-08,0
0.5,0,26.641888,-0.0012205524,0,34.080728,-1.4387689e-07,0
0.5,0,26.641925,-0.0017898741,0,34.089956,-3.4954071e-07,0
0.5,0,26.64196,-0.0018895487,0,34.099185,-6.0159141e-07,0
0.5,0,26.641995,-0.0013663202,0,34.108413,-8.0997571e-07,0
0.5,0,26.642035,-0.00037332031,0,34.117642,-8.8580742e-07,0
0.5,0,26.642095,0.00068720052,0,34.12687,-7.8562772e-07,0
0.5,0,26.642229,0.0013822778,0,34.136099,-5.326166e-07,0
0.5,0,26.642543,0.0014729539,0,34.145327,-2.0134058e-07,0
0.5,0,26.642831,0.0012274661,0,34.151132,-2.5804012e-15,0
0.5,0,26.642469,-0.00060698615,0,34.237612,-4.3055183e-08,0
0.5,0,26.643022,-0.00065793904,0,34.23281,-2.5804012e-15,0
0.5,0,26.641896,-0.00044481796,0,34.24684,-1.1267893e-07,0
0.5,0,26.641958,-0.00025512448,0,34.256069,-1.7463882e-07,0
0.5,0,26.642283,-7.8224335e-05,0,34.265297,-2.3202324e-07,0
0.5,0,26.642172,5.5577684e-05,0,34.274526,-2.8372158e-07,0
0.5,0,26.640894,0.00011930694,0,34.283754,-3.262151e-07,0
0.5,0,26.637603,0.00010380323,0,34.292983,-3.5534812e-07,0
0.5,0,26.631158,2.2417074e-05,0,34.302211,-3.6758944e-07,0
0.5,0,26.620835,-9.7810707e-05,0,34.31144,-3.6047651e-07,0
0.5,0,26.607829,-0.00022214666,0,34.320668,-3.3381845e-07,0
0.5,0,26.595981,-0.00031739257,0,34.329896,-2.9207006e-07,0
0.5,0,26.59027,-0.00036554284,0,34.339125,-2.4514425e-07,0
0.5,0,26.593639,-0.00036732059,0,34.348353,-2.0525888e-07,0
0.5,0,26.604745,-0.00033368035,0,34.357582,-1.8159392e-07,0
0.5,0,26.618795,-0.00027475088,0,34.36681,-1.7672186e-07,0
0.5,0,26.630807,-0.0001945974,0,34.376039,-1.8702653e-07,0
0.5,0,26.638407,-9.708422e-05,0,34.385267,-2.0654719e-07,0
0.5,0,26.642127,4.9503521e-06,0,34.394496,-2.3087101e-07,0
0.5,0,26.643813,8.8226186e-05,0,34.403724,-2.5788948e-07,0
0.5,0,26.645221,0.00012387335,0,34.412953,-2.8585285e-07,0
0.5,0,26.647793,8.7870766e-05,0,34.422181,-3.1195479e-07,0
0.5,0,26.652842,-2.209244e-05,0,34.43141,-3.3325634e-07,0
0.5,0,26.661021,-0.00017419873,0,34.440638,-3.4828542e-07,0
0.5,0,26.67143,-0.00031054,0,34.449867,-3.5729103e-07,0
0.5,0,26.68166,-0.00037652647,0,34.459095,-3.611815e-07,0
0.5,0,26.689203,-0.00035355583,0,34.468323,-3.6073618e-07,0
0.5,0,26.692906,-0.0002700615,0,34.477552,-3.5659846e-07,0
0.5,0,26.693012,-0.00018421385,0,34.48678,-3.479404e-07,0
0.5,0,26.690036,-0.00016300057,0,34.496009,-3.2937926e-07,0
0.5,0,26.68417,-0.00025048796,0,34.505237,-2.8942924e-07,0
0.5,0,26.675873,-0.00043700908,0,34.514466,-2.1120548e-07,0
0.5,0,26.666581,-0.00075000792,0,34.523694,-8.0665821e-08,0
0.5,0,26.66298,-0.00092288301,0,34.527773,-2.5804012e-15,0
0.5,0,26.648706,0.00093292662,0,34.597522,-1.56243e-08,0
0.5,0,26.648767,0.00098490568,0,34.596697,-2.5804012e-15,0
0.5,0,26.648267,0.00010028103,0,34.60675,-9.1561202e-08,0
0.5,0,26.648091,-0.00054503248,0,34.615979,-6.3778414e-08,0
0.5,0,26.648049,-0.00075725432,0,34.622336,-2.5804012e-15,0
0.5,0,26.646565,0.00049195418,0,34.745177,-6.5174026e-08,0
0.5,0,26.646592,0.00048461022,0,34.739357,-2.5804012e-15,0
0.5,0,26.646446,0.00046640428,0,34.754406,-1.8096787e-07,0
0.5,0,26.646218,0.00041377865,0,34.763634,-2.9515136e-07,0
0.5,0,26.645971,0.00030376577,0,34.772863,-3.9000326e-07,0
0.5,0,26.645916,0.00012212953,0,34.782091,-4.4609707e-07,0
0.5,0,26.646191,-0.00011898443,0,34.79132,-4.4642968e-07,0
0.5,0,26.64673,-0.00037091986,0,34.800548,-3.8210634e-07,0
0.5,0,26.647299,-0.00057771061,0,34.809777,-2.5583199e-07,0
0.5,0,26.647656,-0.0007619728,0,34.819005,-8.7033896e-08,0
0.5,0,26.647702,-0.00084691689,0,34.823623,-2.5804012e-15,0
0.5,0,26.647434,0.00079327179,0,34.883604,-9.7377105e-08,0
0.5,0,26.647467,0.00043139268,0,34.87535,-2.5804012e-15,0
0.5,0,26.647425,0.00093172259,0,34.892833,-1.2594407e-07,0
0.5,0,26.647505,0.00081698064,0,34.902061,-6.0401127e-08,0
0.5,0,26.647592,0.00067851181,0,34.906166,-2.5804012e-15,0
0.5,0,26.649653,0.00014675112,0,35.049717,-1.8771845e-08,0
0.5,0,26.6498,0.00015016569,0,35.042023,-2.5804012e-15,0
0.5,0,26.649241,0.00011828809,0,35.058945,-2.9422401e-08,0
0.5,0,26.648913,7.2604204e-05,0,35.068174,-2.3707577e-08,0
0.5,0,26.648959,1.0023329e-05,0,35.077402,-9.249589e-10,0
0.5,0,26.64897,8.241582e-06,0,35.077644,-2.5804012e-15,0
0.5,0,26.710145,-0.024631389,0,0.36913867,1.1354925e-05,0
0.5,0,26.72054,-0.023435245,0,0.37836714,2.2538631e-05,0
0.5,0,26.728268,-0.022843094,0,0.38759561,3.3325133e-05,0
0.5,0,26.733882,-0.021737087,0,0.39682407,4.366889e-05,0
0.5,0,26.738026,-0.019587416,0,0.40605254,5.3473359e-05,0
0.5,0,26.740961,-0.016538867,0,0.41528101,6.2636141e-05,0
0.5,0,26.742917,-0.013385033,0,0.42450947,7.1101427e-05,0
0.5,0,26.744399,-0.011091866,0,0.43373794,7.8892814e-05,0
0.5,0,26.746087,-0.009875889,0,0.44296641,8.6056361e-05,0
0.5,0,26.748444,-0.0089366091,0,0.45219487,9.2557168e-05,0
0.5,0,26.751363,-0.0071594173,0,0.46142334,9.8234741e-05,0
0.5,0,26.754161,-0.0040303651,0,0.47065181,0.00010285764,0
0.5,0,26.755938,4.5089116e-05,0,0.47988027,0.00010622659,0
0.5,0,26.756129,0.0041590937,0,0.48910874,0.00010825139,0
0.5,0,26.754885,0.0076322729,0,0.49833721,0.00010895986,0
0.5,0,26.753056,0.010527309,0,0.50756567,0.00010844334,0
0.5,0,26.751696,0.013593403,0,0.51679414,0.00010677561,0
0.5,0,26.75132,0.017668994,0,0.52602261,0.00010396575,0
0.5,0,26.751487,0.02296562,0,0.53525107,9.9983141e-05,0
0.5,0,26.750959,0.028782997,0,0.54447954,9.4833491e-05,0
0.5,0,26.748523,0.033946518,0,0.55370801,8.8621089e-05,0
0.5,0,26.743936,0.03759112,0,0.56293647,8.1543552e-05,0
0.5,0,26.738121,0.039612194,0,0.57216494,7.3831052e-05,0
0.5,0,26.732447,0.040499156,0,0.58139341,6.5686528e-05,0
0.5,0,26.727602,0.04078434,0,0.59062188,5.727358e-05,0
0.5,0,26.723064,0.04058309,0,0.59985034,4.8751591e-05,0
0.5,0,26.717746,0.039556474,0,0.60907881,4.0323081e-05,0
0.5,0,26.711171,0.037209349,0,0.61830728,3.2260922e-05,0
0.5,0,26.704018,0.033219822,0,0.62753574,2.4900067e-05,0
0.5,0,26.697577,0.02757524,0,0.63676421,1.860335e-05,0
0.5,0,26.692758,0.020450732,0,0.64599268,1.3715081e-05,0
0.5,0,26.689717,0.012055652,0,0.65522114,1.050855e-05,0
0.5,0,26.688459,0.0027327264,0,0.66444961,9.1349898e-06,0
0.5,0,26.689367,-0.0067581137,0,0.67367808,9.5927533e-06,0
0.5,0,26.692904,-0.015300255,0,0.68290654,1.1718912e-05,0
0.5,0,26.699044,-0.021837492,0,0.69213501,1.5188314e-05,0
0.5,0,26.707071,-0.025572409,0,0.70136348,1.9527418e-05,0
0.5,0,26.715724,-0.025913947,0,0.71059194,2.4148705e-05,0
0.5,0,26.723524,-0.022501505,0,0.71982041,2.8401943e-05,0
0.5,0,26.729171,-0.01537232,0,0.72904888,3.1645224e-05,0
0.5,0,26.731933,-0.0051577685,0,0.73827734,3.3337669e-05,0
0.5,0,26.731786,0.0067457408,0,0.74750581,3.3146763e-05,0
0.5,0,26.729247,0.018182458,0,0.75673428,3.1053955e-05,0
0.5,0,26.725032,0.026593347,0,0.76596274,2.7423923e-05,0
0.5,0,26.719844,0.029699556,0,0.77519121,2.2989816e-05,0
0.5,0,26.714454,0.026357767,0,0.78441968,1.8712204e-05,0
0.5,0,26.709836,0.017295175,0,0.79364814,1.5507285e-05,0
0.5,0,26.707059,0.0053171684,0,0.80287661,1.3940425e-05,0
0.5,0,26.706792,-0.0055174599,0,0.81210508,1.4035684e-05,0
0.5,0,26.708763,-0.011697784,0,0.82133354,1.5296859e-05,0
0.5,0,26.711814,-0.011877275,0,0.83056201,1.6936981e-05,0
0.5,0,26.714528,-0.0072602641,0,0.83979048,1.8205008e-05,0
0.5,0,26.715895,-0.00067659701,0,0.84901895,1.8661357e-05,0
0.5,0,26.715668,0.0048986614,0,0.85824741,1.8284156e-05,0
0.5,0,26.714316,0.0076242309,0,0.86747588,1.7372571e-05,0
0.5,0,26.712637,0.0073642953,0,0.87670435,1.6333524e-05,0
0.5,0,26.711313,0.0052731059,0,0.88593281,1.5480687e-05,0
0.5,0,26.710667,0.0028828005,0,0.89516128,1.4936148e-05,0
0.5,0,26.710629,0.0012881348,0,0.90438975,1.4651828e-05,0
0.5,0,26.710905,0.00078748826,0,0.91361821,1.4499051e-05,0
0.5,0,26.711194,0.0010614552,0,0.92284668,1.4359113e-05,0
0.5,0,26.711332,0.0015818022,0,0.93207515,1.4170756e-05,0
0.5,0,26.711308,0.0019534429,0,0.94130361,1.3928698e-05,0
0.5,0,26.711201,0.0020479822,0,0.95053208,1.3655996e-05,0
0.5,0,26.711098,0.0019376193,0,0.95976055,1.3376288e-05,0
0.5,0,26.711042,0.0017582192,0,0.96898901,1.3100613e-05,0
0.5,0,26.71103,0.0016055073,0,0.97821748,1.2829049e-05,0
0.5,0,26.711033,0.0015029104,0,0.98744595,1.2558791e-05,0
0.5,0,26.711027,0.0014261941,0,0.99667441,1.2290397e-05,0
0.5,0,26.711006,0.0013430793,0,1.0059029,1.2028891e-05,0
0.5,0,26.710996,0.0012379154,0,1.0151313,1.1781039e-05,0
0.5,0,26.711049,0.0011151807,0,1.0243598,1.1552101e-05,0
0.5,0,26.711222,0.00098936495,0,1.0335883,1.1344497e-05,0
0.5,0,26.711554,0.00087276609,0,1.0428167,1.1158575e-05,0
0.5,0,26.712031,0.0007705418,0,1.0520452,1.0994194e-05,0
0.5,0,26.712572,0.00068366419,0,1.0612737,1.0851562e-05,0
0.5,0,26.713047,0.00061492215,0,1.0705021,1.0730581e-05,0
0.5,0,26.713336,0.00057376273,0,1.0797306,1.0629217e-05,0
0.5,0,26.713386,0.00057486248,0,1.0889591,1.0542138e-05,0
0.5,0,26.713221,0.00063005918,0,1.0981875,1.0460964e-05,0
0.5,0,26.712925,0.00073396659,0,1.107416,1.0376295e-05,0
0.5,0,26.712616,0.00085057306,0,1.1166445,1.0279831e-05,0
0.5,0,26.712415,0.00092677849,0,1.1258729,1.0165702e-05,0
0.5,0,26.712394,0.00092606703,0,1.1351014,1.0031915e-05,0
0.5,0,26.712536,0.00085236196,0,1.1443299,9.881287e-06,0
0.5,0,26.712752,0.00073265043,0,1.1535583,9.7192439e-06,0
0.5,0,26.712977,0.00060209691,0,1.1627868,9.5510497e-06,0
0.5,0,26.713149,0.0005023635,0,1.1720153,9.3814931e-06,0
0.5,0,26.713252,0.00046103335,0,1.1812437,9.2152833e-06,0
0.5,0,26.713275,0.00048571028,0,1.1904722,9.0568232e-06,0
0.5,0,26.713201,0.00056469685,0,1.1997007,8.9099797e-06,0
0.5,0,26.713079,0.0006682523,0,1.2089292,8.7781224e-06,0
0.5,0,26.712947,0.00075984988,0,1.2181576,8.6632503e-06,0
0.5,0,26.712842,0.00080893341,0,1.2273861,8.5649819e-06,0
0.5,0,26.712772,0.00079819828,0,1.2366146,8.4809055e-06,0
0.5,0,26.712735,0.00072667721,0,1.245843,8.4079562e-06,0
0.5,0,26.712734,0.00060796288,0,1.2550715,8.343979e-06,0
0.5,0,26.71277,0.00046392752,0,1.2643,8.2888702e-06,0
0.5,0,26.712839,0.00031798155,0,1.2735284,8.2446203e-06,0
0.5,0,26.712933,0.000189924,0,1.2827569,8.2141092e-06,0
0.5,0,26.713039,9.2493549e-05,0,1.2919854,8.1993111e-06,0
0.5,0,26.713143,3.0073949e-05,0,1.3012138,8.1998214e-06,0
0.5,0,26.713226,-2.8699406e-07,0,1.3104423,8.2123116e-06,0
0.5,0,26.713272,-6.1530696e-06,0,1.3196708,8.2310125e-06,0
0.5,0,26.713265,3.7280707e-06,0,1.3288992,8.248862e-06,0
0.5,0,26.713207,2.1930145e-05,0,1.3381277,8.2588233e-06,0
0.5,0,26.713116,4.1853001e-05,0,1.3473562,8.2548746e-06,0
0.5,0,26.71302,5.3508052e-05,0,1.3565846,8.2327051e-06,0
0.5,0,26.712944,4.4061861e-05,0,1.3658131,8.1903849e-06,0
0.5,0,26.712896,2.3683084e-06,0,1.3750416,8.1285639e-06,0
0.5,0,26.712867,-7.796051e-05,0,1.38427,8.0497338e-06,0
0.5,0,26.712824,-0.00019434309,0,1.3934985,7.9567835e-06,0
0.5,0,26.712735,-0.00033383731,0,1.402727,7.8515597e-06,0
0.5,0,26.712573,-0.0004770466,0,1.4119554,7.7341206e-06,0
0.5,0,26.712333,-0.00060465356,0,1.4211839,7.6029845e-06,0
0.5,0,26.712029,-0.00070298043,0,1.4304124,7.4561984e-06,0
0.5,0,26.711679,-0.00076648009,0,1.4396408,7.2926687e-06,0
0.5,0,26.711308,-0.0007972042,0,1.4488693,7.1131127e-06,0
0.5,0,26.710935,-0.00080249608,0,1.4580978,6.9202315e-06,0
0.5,0,26.710583,-0.00079260201,0,1.4673262,6.7181214e-06,0
0.5,0,26.71027,-0.00077908826,0,1.4765547,6.5112675e-06,0
0.5,0,26.710007,-0.00077351116,0,1.4857832,6.3035755e-06,0
0.5,0,26.7098,-0.00078572962,0,1.4950116,6.0977607e-06,0
0.5,0,26.709647,-0.00082207609,0,1.5042401,5.8951742e-06,0
0.5,0,26.709549,-0.00088413543,0,1.5134686,5.6959531e-06,0
0.5,0,26.709505,-0.00096821988,0,1.522697,5.4993482e-06,0
0.5,0,26.709514,-0.0010650486,0,1.5319255,5.3042463e-06,0
0.5,0,26.709572,-0.0011602198,0,1.541154,5.1099095e-06,0
0.5,0,26.709665,-0.0012369333,0,1.5503824,4.9167287e-06,0
0.5,0,26.709777,-0.0012814912,0,1.5596109,4.7265292e-06,0
0.5,0,26.709887,-0.0012894277,0,1.5688394,4.542061e-06,0
0.5,0,26.709988,-0.001268013,0,1.5780678,4.3658285e-06,0
0.5,0,26.710096,-0.0012322577,0,1.5872963,4.1989946e-06,0
0.5,0,26.710283,-0.001196436,0,1.5965248,4.0411974e-06,0
0.5,0,26.710693,-0.0011682832,0,1.6057532,3.8913897e-06,0
0.5,0,26.711532,-0.0011560873,0,1.6149817,3.7485745e-06,0
0.5,0,26.713036,-0.0011704031,0,1.6242102,3.6112396e-06,0
0.5,0,26.715287,-0.0011997185,0,1.6334386,3.4775836e-06,0
0.5,0,26.718358,-0.0012200379,0,1.6426671,3.3500428e-06,0
0.5,0,26.722049,-0.0012471102,0,1.6518956,3.2301391e-06,0
0.5,0,26.725803,-0.0012982759,0,1.661124,3.1138154e-06,0
0.5,0,26.729118,-0.0013446468,0,1.6703525,2.9990868e-06,0
0.5,0,26.731594,-0.0013659346,0,1.679581,2.8846912e-06,0
0.5,0,26.733009,-0.0013645431,0,1.6888094,2.7671372e-06,0
0.5,0,26.733361,-0.0013594044,0,1.6980379,2.6417535e-06,0
0.5,0,26.732841,-0.0013482101,0,1.7072664,2.5063053e-06,0
0.5,0,26.731749,-0.0013296637,0,1.7164948,2.3607975e-06,0
0.5,0,26.73039,-0.0013279425,0,1.7257233,2.2051908e-06,0
0.5,0,26.728948,-0.0013476959,0,1.7349518,2.0421917e-06,0
0.5,0,26.727521,-0.0013871172,0,1.7441802,1.8771751e-06,0
0.5,0,26.72622,-0.0014457877,0,1.7534087,1.7171387e-06,0
0.5,0,26.725196,-0.0015222097,0,1.7626372,1.5694823e-06,0
0.5,0,26.724598,-0.0016041892,0,1.7718656,1.4401672e-06,0
0.5,0,26.724492,-0.0016717425,0,1.7810941,1.3319338e-06,0
0.5,0,26.724845,-0.0017090407,0,1.7903226,1.2446898e-06,0
0.5,0,26.725563,-0.0017184198,0,1.799551,1.1772474e-06,0
0.5,0,26.726498,-0.0017203353,0,1.8087795,1.1281543e-06,0
0.5,0,26.727445,-0.0017391803,0,1.818008,1.0949816e-06,0
0.5,0,26.728178,-0.0017870848,0,1.8272364,1.0740579e-06,0
0.5,0,26.728543,-0.0018553659,0,1.8364649,1.0623232e-06,0
0.5,0,26.728542,-0.0019262108,0,1.8456934,1.0592237e-06,0
0.5,0,26.728292,-0.0019885445,0,1.8549218,1.0665799e-06,0
0.5,0,26.727908,-0.0020435195,0,1.8641503,1.0865711e-06,0
0.5,0,26.727393,-0.0020984004,0,1.8733788,1.1200504e-06,0
0.5,0,26.726674,-0.0021582114,0,1.8826072,1.1666547e-06,0
0.5,0,26.725682,-0.0022255309,0,1.8918357,1.2257357e-06,0
0.5,0,26.724444,-0.0023038569,0,1.9010642,1.297019e-06,0
0.5,0,26.723156,-0.0023965953,0,1.9102926,1.3809326e-06,0
0.5,0,26.722103,-0.0025019832,0,1.9195211,1.4785438e-06,0
0.5,0,26.721459,-0.0026083634,0,1.9287496,1.5908302e-06,0
0.5,0,26.721204,-0.0026924929,0,1.937978,1.7173356e-06,0
0.5,0,26.721211,-0.0027245773,0,1.9472065,1.8544347e-06,0
0.5,0,26.721335,-0.0026790734,0,1.956435,1.9942918e-06,0
0.5,0,26.721435,-0.0025492591,0,1.9656634,2.1256845e-06,0
0.5,0,26.721392,-0.0023577339,0,1.9748919,2.2370871e-06,0
0.5,0,26.721147,-0.0021545001,0,1.9841204,2.320673e-06,0
0.5,0,26.720708,-0.0019975111,0,1.9933488,2.3749537e-06,0
0.5,0,26.720132,-0.0019281135,0,2.0025773,2.4048334e-06,0
0.5,0,26.719495,-0.0019592627,0,2.0118058,2.4196361e-06,0
0.5,0,26.718891,-0.0020737396,0,2.0210342,2.4306273e-06,0
0.5,0,26.718418,-0.0022295176,0,2.0302627,2.4483876e-06,0
0.5,0,26.71816,-0.0023726763,0,2.0394912,2.4804175e-06,0
0.5,0,26.718151,-0.0024589376,0,2.0487196,2.5297601e-06,0
0.5,0,26.71836,-0.0024715341,0,2.0579481,2.5947628e-06,0
0.5,0,26.7187,-0.0024210855,0,2.0671766,2.6691659e-06,0
0.5,0,26.719067,-0.0023336551,0,2.076405,2.7419802e-06,0
0.5,0,26.719369,-0.0022373578,0,2.0856335,2.7985154e-06,0
0.5,0,26.719539,-0.0021535638,0,2.094862,2.8236742e-06,0
0.5,0,26.719543,-0.0020900022,0,2.1040904,2.8069843e-06,0
0.5,0,26.719403,-0.0020404231,0,2.1133189,2.7466172e-06,0
0.5,0,26.719196,-0.0019949523,0,2.1225474,2.6491948e-06,0
0.5,0,26.719024,-0.0019485407,0,2.1317758,2.5259044e-06,0
0.5,0,26.71897,-0.001903208,0,2.1410043,2.3883141e-06,0
0.5,0,26.719088,-0.001870287,0,2.1502328,2.2459719e-06,0
0.5,0,26.719418,-0.0018660959,0,2.1594612,2.1048695e-06,0
0.5,0,26.719997,-0.0018984845,0,2.1686897,1.9668337e-06,0
0.5,0,26.720835,-0.0019666999,0,2.1779182,1.8313918e-06,0
0.5,0,26.721919,-0.0020708879,0,2.1871466,1.6986787e-06,0
0.5,0,26.72322,-0.0022056224,0,2.1963751,1.5708376e-06,0
0.5,0,26.724702,-0.0023514951,0,2.2056036,1.4516352e-06,0
0.5,0,26.726318,-0.0024805411,0,2.214832,1.3458787e-06,0
0.5,0,26.728011,-0.0025661043,0,2.2240605,1.2590144e-06,0
0.5,0,26.729724,-0.0025928703,0,2.233289,1.1958392e-06,0
0.5,0,26.7314,-0.0025603647,0,2.2425174,1.1588124e-06,0
0.5,0,26.732998,-0.0024798108,0,2.2517459,1.1464144e-06,0
0.5,0,26.734468,-0.0023722169,0,2.2609744,1.1526435e-06,0
0.5,0,26.735719,-0.0022629751,0,2.2702028,1.169096e-06,0
0.5,0,26.736603,-0.0021752888,0,2.2794313,1.1880998e-06,0
0.5,0,26.736955,-0.0021279483,0,2.2886598,1.205094e-06,0
0.5,0,26.73667,-0.0021314566,0,2.2978882,1.2199279e-06,0
0.5,0,26.735776,-0.0021854642,0,2.3071167,1.2367874e-06,0
0.5,0,26.734482,-0.0022778323,0,2.3163452,1.2628644e-06,0
0.5,0,26.733155,-0.0023855494,0,2.3255736,1.3054386e-06,0
0.5,0,26.732235,-0.0024804073,0,2.3348021,1.3683117e-06,0
0.5,0,26.732111,-0.0025314392,0,2.3440306,1.4502005e-06,0
0.5,0,26.732928,-0.0025433187,0,2.353259,1.5428757e-06,0
0.5,0,26.734783,-0.0025209978,0,2.3624875,1.6354915e-06,0
0.5,0,26.737229,-0.0024815084,0,2.371716,1.7200549e-06,0
0.5,0,26.739848,-0.0024661353,0,2.3809444,1.7899714e-06,0
0.5,0,26.742367,-0.0024718304,0,2.3901729,1.841194e-06,0
0.5,0,26.744256,-0.0024938995,0,2.3994014,1.8744288e-06,0
0.5,0,26.74545,-0.0025404201,0,2.4086298,1.8935651e-06,0
0.5,0,26.746045,-0.0026074316,0,2.4178583,1.9027466e-06,0
0.5,0,26.746183,-0.0026853118,0,2.4270868,1.9048797e-06,0
0.5,0,26.745985,-0.0027689647,0,2.4363152,1.9014668e-06,0
0.5,0,26.745481,-0.0028580277,0,2.4455437,1.8933202e-06,0
0.5,0,26.744662,-0.0029514626,0,2.4547722,1.8812765e-06,0
0.5,0,26.743531,-0.003041065,0,2.4640006,1.866235e-06,0
0.5,0,26.742125,-0.0031120052,0,2.4732291,1.8486869e-06,0
0.5,0,26.740496,-0.0031539691,0,2.4824576,1.8280946e-06,0
0.5,0,26.738684,-0.0031726052,0,2.491686,1.8022901e-06,0
0.5,0,26.736662,-0.0031839986,0,2.5009145,1.7677896e-06,0
0.5,0,26.734375,-0.0031989063,0,2.510143,1.7218459e-06,0
0.5,0,26.73179,-0.0032193274,0,2.5193714,1.6645928e-06,0
0.5,0,26.728903,-0.003244221,0,2.5285999,1.5989872e-06,0
0.5,0,26.725892,-0.0032673403,0,2.5378284,1.5289872e-06,0
0.5,0,26.723101,-0.0032783541,0,2.5470568,1.4573081e-06,0
0.5,0,26.720822,-0.00327429,0,2.5562853,1.3846913e-06,0
0.5,0,26.719186,-0.0032640714,0,2.5655138,1.3106714e-06,0
0.5,0,26.718192,-0.0032591539,0,2.5747422,1.2349356e-06,0
0.5,0,26.717741,-0.0032653469,0,2.5839707,1.1586477e-06,0
0.5,0,26.717681,-0.0032845735,0,2.5931992,1.0842865e-06,0
0.5,0,26.717873,-0.0033176873,0,2.6024276,1.0145177e-06,0
0.5,0,26.718231,-0.0033675308,0,2.6116561,9.509864e-07,0
0.5,0,26.718729,-0.0034416803,0,2.6208846,8.9379143e-07,0
0.5,0,26.719478,-0.003526222,0,2.630113,8.4211912e-07,0
0.5,0,26.720362,-0.0036193409,0,2.6393415,7.955794e-07,0
0.5,0,26.722169,-0.0037673177,0,2.64857,7.5533637e-07,0
0.5,0,26.724715,-0.0038604318,0,2.6577984,7.2349061e-07,0
0.5,0,26.727574,-0.0038209545,0,2.6670269,7.0164218e-07,0
0.5,0,26.731177,-0.0037361914,0,2.6762554,6.8948227e-07,0
0.5,0,26.734799,-0.0036403801,0,2.6854838,6.8430971e-07,0
0.5,0,26.737721,-0.0035513545,0,2.6947123,6.8250214e-07,0
0.5,0,26.739322,-0.0034783534,0,2.7039408,6.8119945e-07,0
0.5,0,26.739216,-0.0034447021,0,2.7131692,6.7805219e-07,0
0.5,0,26.73749,-0.0034259325,0,2.7223977,6.7364524e-07,0
0.5,0,26.734745,-0.0033890233,0,2.7316262,6.6878536e-07,0
0.5,0,26.731721,-0.0033553131,0,2.7408546,6.6127422e-07,0
0.5,0,26.728881,-0.0033358949,0,2.7500831,6.4812671e-07,0
0.5,0,26.726348,-0.0033411295,0,2.7593116,6.2499188e-07,0
0.5,0,26.724089,-0.0033753197,0,2.76854,5.884319e-07,0
0.5,0,26.722124,-0.0034274046,0,2.7777685,5.3959439e-07,0
0.5,0,26.720495,-0.0034601683,0,2.786997,4.8272837e-07,0
0.5,0,26.7191,-0.0034591457,0,2.7962254,4.2046289e-07,0
0.5,0,26.717689,-0.0034205221,0,2.8054539,3.5257906e-07,0
0.5,0,26.715913,-0.0033193386,0,2.8146824,2.7595635e-07,0
0.5,0,26.713553,-0.0031960787,0,2.8239108,1.8288638e-07,0
0.5,0,26.711002,-0.0031861448,0,2.8331393,6.5185893e-08,0
0.5,0,26.736337,-0.0052686865,0,3.045394,7.7852504e-08,0
0.5,0,26.73715,-0.0052175019,0,3.0546225,2.6262469e-07,0
0.5,0,26.737753,-0.0050349509,0,3.063851,4.5464491e-07,0
0.5,0,26.738316,-0.0048613878,0,3.0730794,6.4430729e-07,0
0.5,0,26.738848,-0.0047458384,0,3.0823079,8.2674464e-07,0
0.5,0,26.739298,-0.0046254331,0,3.0915364,9.9657579e-07,0
0.5,0,26.739628,-0.0044181872,0,3.1007648,1.1434535e-06,0
0.5,0,26.739777,-0.0041275995,0,3.1099933,1.2561272e-06,0
0.5,0,26.73971,-0.0037960866,0,3.1192218,1.3299158e-06,0
0.5,0,26.739475,-0.0034772293,0,3.1284502,1.3671452e-06,0
0.5,0,26.739168,-0.0032067877,0,3.1376787,1.3746735e-06,0
0.5,0,26.738875,-0.0029950049,0,3.1469072,1.36063e-06,0
0.5,0,26.738647,-0.002835406,0,3.1561356,1.3312615e-06,0
0.5,0,26.738484,-0.0027215645,0,3.1653641,1.2897886e-06,0
0.5,0,26.73836,-0.0026561555,0,3.1745926,1.2375032e-06,0
0.5,0,26.738247,-0.0026471209,0,3.183821,1.1755068e-06,0
0.5,0,26.738137,-0.0026969563,0,3.1930495,1.1059211e-06,0
0.5,0,26.738044,-0.0027947027,0,3.202278,1.0324074e-06,0
0.5,0,26.737987,-0.0029174835,0,3.2115064,9.6018274e-07,0
0.5,0,26.737978,-0.0030378504,0,3.2207349,8.9565281e-07,0
0.5,0,26.738,-0.00313235,0,3.2299634,8.4533337e-07,0
0.5,0,26.738017,-0.0031866468,0,3.2391918,8.1414712e-07,0
0.5,0,26.738001,-0.0031966739,0,3.2484203,8.0362619e-07,0
0.5,0,26.737944,-0.0031684016,0,3.2576488,8.1078194e-07,0
0.5,0,26.737865,-0.0031158076,0,3.2668772,8.2830371e-07,0
0.5,0,26.737779,-0.0030579008,0,3.2761057,8.4590325e-07,0
0.5,0,26.737678,-0.0030130959,0,3.2853342,8.5256026e-07,0
0.5,0,26.737535,-0.0029939408,0,3.2945626,8.3910136e-07,0
0.5,0,26.737346,-0.0030050857,0,3.3037911,8.0058547e-07,0
0.5,0,26.737161,-0.0030445135,0,3.3130196,7.3796399e-07,0
0.5,0,26.737064,-0.0031075013,0,3.322248,6.5826155e-07,0
0.5,0,26.737126,-0.0031886196,0,3.3314765,5.7317669e-07,0
0.5,0,26.737369,-0.0032803662,0,3.340705,4.9640274e-07,0
0.5,0,26.737761,-0.0033709414,0,3.3499334,4.4043333e-07,0
0.5,0,26.738249,-0.0034451389,0,3.3591619,4.1356405e-07,0
0.5,0,26.738809,-0.003486488,0,3.3683904,4.1809942e-07,0
0.5,0,26.739457,-0.0034847075,0,3.3776188,4.5041644e-07,0
0.5,0,26.740205,-0.003449766,0,3.3868473,5.0216315e-07,0
0.5,0,26.741032,-0.0034049226,0,3.3960758,5.6218326e-07,0
0.5,0,26.741877,-0.0033654724,0,3.4053042,6.1909128e-07,0
0.5,0,26.742657,-0.0033368221,0,3.4145327,6.6419183e-07,0
0.5,0,26.743303,-0.0033225311,0,3.4237612,6.9359315e-07,0
0.5,0,26.743787,-0.0033252843,0,3.4329896,7.0859205e-07,0
0.5,0,26.744149,-0.0033436627,0,3.4422181,7.1451652e-07,0
0.5,0,26.744439,-0.0033752071,0,3.4514466,7.178124e-07,0
0.5,0,26.744777,-0.0034247523,0,3.460675,7.2187643e-07,0
0.5,0,26.745145,-0.0035019897,0,3.4699035,7.2456756e-07,0
0.5,0,26.745595,-0.0036047297,0,3.479132,7.2091104e-07,0
0.5,0,26.746199,-0.0037153973,0,3.4883604,7.0725568e-07,0
0.5,0,26.746856,-0.0038187736,0,3.4975889,6.8269306e-07,0
0.5,0,26.747529,-0.0039061462,0,3.5068174,6.4950806e-07,0
0.5,0,26.748136,-0.0039779471,0,3.5160458,6.114914e-07,0
0.5,0,26.748715,-0.0040310763,0,3.5252743,5.701256e-07,0
0.5,0,26.748982,-0.0040925514,0,3.5345028,5.19576e-07,0
0.5,0,26.749324,-0.004162077,0,3.5437312,4.5244667e-07,0
0.5,0,26.749652,-0.0041961835,0,3.5529597,3.6755565e-07,0
0.5,0,26.749841,-0.004175168,0,3.5621882,2.716723e-07,0
0.5,0,26.750293,-0.0040968739,0,3.5714167,1.7616109e-07,0
0.5,0,26.750538,-0.0040510497,0,3.5806451,8.2989416e-08,0
0.5,0,26.706016,-0.0050894804,0,4.2358663,5.8087776e-08,0
0.5,0,26.709144,-0.0049130118,0,4.2450947,2.5056709e-07,0
0.5,0,26.712327,-0.0045692801,0,4.2543232,4.4247757e-07,0
0.5,0,26.715849,-0.0042137017,0,4.2635517,6.1152895e-07,0
0.5,0,26.719894,-0.0039445832,0,4.2727801,7.4740743e-07,0
0.5,0,26.724007,-0.0038005612,0,4.2820086,8.4864832e-07,0
0.5,0,26.72743,-0.0037048212,0,4.2912371,9.2170655e-07,0
0.5,0,26.729688,-0.0035937694,0,4.3004655,9.7252207e-07,0
0.5,0,26.730722,-0.0034898443,0,4.309694,1.0046409e-06,0
0.5,0,26.730741,-0.0033733468,0,4.3189225,1.0276596e-06,0
0.5,0,26.730044,-0.0032436305,0,4.3281509,1.0515993e-06,0
0.5,0,26.728859,-0.0031175146,0,4.3373794,1.0840701e-06,0
0.5,0,26.727359,-0.0030263878,0,4.3466079,1.1307097e-06,0
0.5,0,26.725717,-0.0030011816,0,4.3558363,1.1950381e-06,0
0.5,0,26.724103,-0.0030520631,0,4.3650648,1.2775734e-06,0
0.5,0,26.722648,-0.0031596448,0,4.3742933,1.3754302e-06,0
0.5,0,26.72144,-0.0032900728,0,4.3835217,1.4830809e-06,0
0.5,0,26.720529,-0.0034142257,0,4.3927502,1.5944458e-06,0
0.5,0,26.719928,-0.0035039128,0,4.4019787,1.7047822e-06,0
0.5,0,26.719644,-0.0035226138,0,4.4112071,1.8102521e-06,0
0.5,0,26.71969,-0.003433991,0,4.4204356,1.9063339e-06,0
0.5,0,26.720074,-0.0032270962,0,4.4296641,1.9882279e-06,0
0.5,0,26.72076,-0.002941286,0,4.4388925,2.0535283e-06,0
0.5,0,26.721658,-0.0026582846,0,4.448121,2.1042128e-06,0
0.5,0,26.722648,-0.0024619669,0,4.4573495,2.1454392e-06,0
0.5,0,26.723627,-0.0023983362,0,4.4665779,2.1821638e-06,0
0.5,0,26.724547,-0.0024595606,0,4.4758064,2.2166956e-06,0
0.5,0,26.725434,-0.0025996406,0,4.4850349,2.2483538e-06,0
0.5,0,26.726373,-0.0027614828,0,4.4942633,2.2744338e-06,0
0.5,0,26.72744,-0.0028958981,0,4.5034918,2.2920606e-06,0
0.5,0,26.728634,-0.0029741501,0,4.5127203,2.3000361e-06,0
0.5,0,26.729879,-0.0029930916,0,4.5219487,2.2992129e-06,0
0.5,0,26.731066,-0.0029706882,0,4.5311772,2.2911677e-06,0
0.5,0,26.732136,-0.0029229996,0,4.5404057,2.2766816e-06,0
0.5,0,26.73313,-0.0028827119,0,4.5496341,2.2523011e-06,0
0.5,0,26.734097,-0.0028723083,0,4.5588626,2.2141477e-06,0
0.5,0,26.735074,-0.0028817768,0,4.5680911,2.162192e-06,0
0.5,0,26.736108,-0.002905607,0,4.5773195,2.0971049e-06,0
0.5,0,26.737202,-0.0029335631,0,4.586548,2.0201694e-06,0
0.5,0,26.738303,-0.0029543082,0,4.5957765,1.9333114e-06,0
0.5,0,26.739349,-0.0029654042,0,4.6050049,1.8377894e-06,0
0.5,0,26.740311,-0.0029736472,0,4.6142334,1.733284e-06,0
0.5,0,26.741212,-0.0029881166,0,4.6234619,1.6184584e-06,0
0.5,0,26.742102,-0.0030120118,0,4.6326903,1.4924537e-06,0
0.5,0,26.743017,-0.0030412602,0,4.6419188,1.3556687e-06,0
0.5,0,26.74393,-0.0030701234,0,4.6511473,1.2088553e-06,0
0.5,0,26.744718,-0.0030929136,0,4.6603757,1.0517593e-06,0
0.5,0,26.745103,-0.0031031206,0,4.6696042,8.8291338e-07,0
0.5,0,26.744613,-0.0030912637,0,4.6788327,7.0130651e-07,0
0.5,0,26.74259,-0.0030440993,0,4.6880611,5.0748268e-07,0
0.5,0,26.738395,-0.002991298,0,4.6972896,3.0105028e-07,0
0.5,0,26.732135,-0.0030704971,0,4.7065181,7.7184277e-08,0
0.5,0,26.739098,-0.0054042814,0,5.2971399,1.071469e-09,0
0.5,0,26.738025,-0.005329284,0,5.3063684,5.8670712e-08,0
0.5,0,26.736795,-0.0051541177,0,5.3155969,9.7659525e-08,0
0.5,0,26.73542,-0.0049849542,0,5.3248253,1.2211837e-07,0
0.5,0,26.733706,-0.0048449163,0,5.3340538,1.3816725e-07,0
0.5,0,26.73137,-0.0046778806,0,5.3432823,1.5108912e-07,0
0.5,0,26.728306,-0.0044239611,0,5.3525107,1.6226984e-07,0
0.5,0,26.724661,-0.0040846308,0,5.3617392,1.6780141e-07,0
0.5,0,26.720693,-0.0037389602,0,5.3709677,1.5729673e-07,0
0.5,0,26.716862,-0.0034763015,0,5.3801961,1.1938299e-07,0
0.5,0,26.713831,-0.0033590469,0,5.3894246,4.9360369e-08,0
0.5,0,26.732467,-0.0061320502,0,7.2535749,2.2193747e-08,0
0.5,0,26.732638,-0.0059405343,0,7.2628034,2.9151488e-07,0
0.5,0,26.731992,-0.005575952,0,7.2720318,5.283346e-07,0
0.5,0,26.730699,-0.0051709836,0,7.2812603,7.1610372e-07,0
0.5,0,26.728951,-0.0047844711,0,7.2904888,8.5014575e-07,0
0.5,0,26.726884,-0.0043965022,0,7.2997172,9.3038708e-07,0
0.5,0,26.724556,-0.0040048641,0,7.3089457,9.563782e-07,0
0.5,0,26.721882,-0.0036478206,0,7.3181742,9.2901114e-07,0
0.5,0,26.718704,-0.0033693693,0,7.3274026,8.5402282e-07,0
0.5,0,26.714997,-0.0031811218,0,7.3366311,7.4311186e-07,0
0.5,0,26.710984,-0.0030507205,0,7.3458596,6.1097372e-07,0
0.5,0,26.706888,-0.0029283296,0,7.355088,4.690028e-07,0
0.5,0,26.702624,-0.0028138176,0,7.3643165,3.1783233e-07,0
0.5,0,26.698312,-0.0028393471,0,7.373545,1.4726943e-07,0
0.5,0,26.720815,-0.0053044634,0,8.2871632,1.2198382e-08,0
0.5,0,26.721175,-0.0051816907,0,8.2963917,1.560703e-07,0
0.5,0,26.721547,-0.0048933271,0,8.3056201,2.9353279e-07,0
0.5,0,26.721825,-0.0046011678,0,8.3148486,4.1165128e-07,0
0.5,0,26.722125,-0.004382975,0,8.3240771,5.0854471e-07,0
0.5,0,26.722157,-0.0042094091,0,8.3333055,5.8348489e-07,0
0.5,0,26.722056,-0.0040184754,0,8.342534,6.3233933e-07,0
0.5,0,26.721585,-0.0037883309,0,8.3517625,6.5081199e-07,0
0.5,0,26.720588,-0.0035740457,0,8.3609909,6.3888782e-07,0
0.5,0,26.719612,-0.0034227045,0,8.3702194,6.0084593e-07,0
0.5,0,26.718664,-0.0033381511,0,8.3794479,5.4159951e-07,0
0.5,0,26.717862,-0.0032982858,0,8.3886763,4.6545724e-07,0
0.5,0,26.717231,-0.0032539212,0,8.3979048,3.7741021e-07,0
0.5,0,26.716676,-0.0031763792,0,8.4071333,2.8503488e-07,0
0.5,0,26.716006,-0.0031130606,0,8.4163617,1.9454587e-07,0
0.5,0,26.715142,-0.0031656296,0,8.4255902,1.0961508e-07,0
0.5,0,26.714218,-0.0033957723,0,8.4348187,3.7633748e-08,0
0.5,0,26.710245,-0.0043593401,0,8.480961,2.8912088e-08,0
0.5,0,26.709615,-0.0041567538,0,8.4901895,5.6720958e-08,0
0.5,0,26.708833,-0.0038720415,0,8.4994179,6.5748298e-08,0
0.5,0,26.70771,-0.0036470708,0,8.5086464,4.314948e-08,0
0.5,0,26.716017,-0.0045109227,0,9.0254405,1.1012916e-07,0
0.5,0,26.719361,-0.0043575948,0,9.034669,2.7785587e-07,0
0.5,0,26.720942,-0.0040937894,0,9.0438975,4.4541998e-07,0
0.5,0,26.721314,-0.0038456906,0,9.0531259,6.0449975e-07,0
0.5,0,26.721091,-0.0036809476,0,9.0623544,7.5442793e-07,0
0.5,0,26.720682,-0.0035679577,0,9.0715829,8.9762489e-07,0
0.5,0,26.720312,-0.0034502787,0,9.0808113,1.0336293e-06,0
0.5,0,26.720033,-0.0033283314,0,9.0900398,1.1590804e-06,0
0.5,0,26.719815,-0.0032049189,0,9.0992683,1.2720644e-06,0
0.5,0,26.719629,-0.0030798485,0,9.1084967,1.3711134e-06,0
0.5,0,26.719448,-0.0029499322,0,9.1177252,1.4549249e-06,0
0.5,0,26.719255,-0.0028221351,0,9.1269537,1.5240191e-06,0
0.5,0,26.719055,-0.002711713,0,9.1361821,1.5815647e-06,0
0.5,0,26.718872,-0.0026256401,0,9.1454106,1.6321565e-06,0
0.5,0,26.718732,-0.0025551769,0,9.1546391,1.6792621e-06,0
0.5,0,26.718651,-0.0024871824,0,9.1638675,1.7233498e-06,0
0.5,0,26.718624,-0.0024184637,0,9.173096,1.7621111e-06,0
0.5,0,26.718624,-0.00235781,0,9.1823245,1.7919988e-06,0
0.5,0,26.718627,-0.0023165632,0,9.1915529,1.8097868e-06,0
0.5,0,26.71863,-0.0022996617,0,9.2007814,1.8136574e-06,0
0.5,0,26.718635,-0.0023033211,0,9.2100099,1.8038631e-06,0
0.5,0,26.718646,-0.0023164238,0,9.2192383,1.7829795e-06,0
0.5,0,26.718656,-0.0023248956,0,9.2284668,1.7554398e-06,0
0.5,0,26.718658,-0.0023177147,0,9.2376953,1.7264434e-06,0
0.5,0,26.718644,-0.0022931345,0,9.2469237,1.7005514e-06,0
0.5,0,26.718614,-0.0022617774,0,9.2561522,1.680427e-06,0
0.5,0,26.718574,-0.002242787,0,9.2653807,1.6661714e-06,0
0.5,0,26.718538,-0.0022536081,0,9.2746091,1.6556188e-06,0
0.5,0,26.718527,-0.0022966671,0,9.2838376,1.646145e-06,0
0.5,0,26.718566,-0.0023514021,0,9.2930661,1.6377809e-06,0
0.5,0,26.718676,-0.0023814865,0,9.3022945,1.6359616e-06,0
0.5,0,26.718864,-0.0023545628,0,9.311523,1.6515062e-06,0
0.5,0,26.719124,-0.002258657,0,9.3207515,1.696901e-06,0
0.5,0,26.719433,-0.0021038518,0,9.3299799,1.7814744e-06,0
0.5,0,26.719766,-0.0019184068,0,9.3392084,1.9078862e-06,0
0.5,0,26.720137,-0.0017501938,0,9.3484369,2.0696805e-06,0
0.5,0,26.720534,-0.0016576069,0,9.3576653,2.2502819e-06,0
0.5,0,26.72086,-0.001682041,0,9.3668938,2.4253413e-06,0
0.5,0,26.72108,-0.0018238868,0,9.3761223,2.569381e-06,0
0.5,0,26.721282,-0.0020420619,0,9.3853507,2.6635124e-06,0
0.5,0,26.721503,-0.0022716729,0,9.3945792,2.7002652e-06,0
0.5,0,26.721663,-0.0024488731,0,9.4038077,2.6843401e-06,0
0.5,0,26.721672,-0.0025359266,0,9.4130361,2.6295755e-06,0
0.5,0,26.721514,-0.0025282035,0,9.4222646,2.5537913e-06,0
0.5,0,26.721239,-0.0024453977,0,9.4314931,2.4729564e-06,0
0.5,0,26.72094,-0.0023203426,0,9.4407215,2.3970898e-06,0
0.5,0,26.720707,-0.0021876589,0,9.44995,2.3298204e-06,0
0.5,0,26.7206,-0.002074659,0,9.4591785,2.2703402e-06,0
0.5,0,26.720614,-0.0019947696,0,9.4684069,2.2160772e-06,0
0.5,0,26.720688,-0.0019493874,0,9.4776354,2.164819e-06,0
0.5,0,26.720743,-0.0019335272,0,9.4868639,2.1160547e-06,0
0.5,0,26.720734,-0.001938629,0,9.4960923,2.0717016e-06,0
0.5,0,26.720697,-0.0019557772,0,9.5053208,2.0357397e-06,0
0.5,0,26.720738,-0.0019768819,0,9.5145493,2.0130188e-06,0
0.5,0,26.720988,-0.0019958319,0,9.5237777,2.0075741e-06,0
0.5,0,26.721541,-0.0020093077,0,9.5330062,2.0210923e-06,0
0.5,0,26.722394,-0.0020163961,0,9.5422347,2.0521958e-06,0
0.5,0,26.723459,-0.0020208891,0,9.5514631,2.0963126e-06,0
0.5,0,26.724619,-0.002032144,0,9.5606916,2.1460757e-06,0
0.5,0,26.725772,-0.0020640848,0,9.5699201,2.1920051e-06,0
0.5,0,26.72681,-0.0021311426,0,9.5791485,2.2235005e-06,0
0.5,0,26.727663,-0.0022395583,0,9.588377,2.2305302e-06,0
0.5,0,26.728191,-0.0023869899,0,9.5976055,2.2058472e-06,0
0.5,0,26.728686,-0.002544897,0,9.6068339,2.1472996e-06,0
0.5,0,26.729286,-0.0026586163,0,9.6160624,2.0619348e-06,0
0.5,0,26.729972,-0.0026852504,0,9.6252909,1.9666386e-06,0
0.5,0,26.730914,-0.0025997073,0,9.6345193,1.8837599e-06,0
0.5,0,26.73189,-0.0023968904,0,9.6437478,1.8361337e-06,0
0.5,0,26.732696,-0.0021100647,0,9.6529763,1.8397564e-06,0
0.5,0,26.733186,-0.0018126059,0,9.6622047,1.8962356e-06,0
0.5,0,26.733263,-0.0016010752,0,9.6714332,1.9884073e-06,0
0.5,0,26.732935,-0.001561136,0,9.6806617,2.0817626e-06,0
0.5,0,26.732286,-0.0017286758,0,9.6898901,2.1337021e-06,0
0.5,0,26.73145,-0.0020809871,0,9.6991186,2.106055e-06,0
0.5,0,26.730547,-0.002559406,0,9.7083471,1.9739284e-06,0
0.5,0,26.729655,-0.0030997487,0,9.7175755,1.7286592e-06,0
0.5,0,26.728759,-0.0036386205,0,9.726804,1.3756571e-06,0
0.5,0,26.727785,-0.0041210834,0,9.7360325,9.3218562e-07,0
0.5,0,26.726691,-0.0045951763,0,9.7452609,4.2478913e-07,0
0.5,0,26.715856,-0.0060524003,0,17.220319,1.4018827e-07,0
0.5,0,26.714636,-0.0061928457,0,17.229548,6.5342231e-07,0
0.5,0,26.712772,-0.0059629244,0,17.238776,1.1509093e-06,0
0.5,0,26.71057,-0.0054695846,0,17.248004,1.6063999e-06,0
0.5,0,26.708179,-0.0047868878,0,17.257233,2.0005442e-06,0
0.5,0,26.705467,-0.0040250556,0,17.266461,2.3226591e-06,0
0.5,0,26.702071,-0.0033274237,0,17.27569,2.5734954e-06,0
0.5,0,26.697702,-0.0027935343,0,17.284918,2.7623959e-06,0
0.5,0,26.692516,-0.0024542299,0,17.294147,2.9020705e-06,0
0.5,0,26.687218,-0.002295997,0,17.303375,3.0060072e-06,0
0.5,0,26.682794,-0.002284529,0,17.312604,3.0883023e-06,0
0.5,0,26.679969,-0.0023646198,0,17.321832,3.1623126e-06,0
0.5,0,26.678798,-0.0024573801,0,17.331061,3.2371333e-06,0
0.5,0,26.678693,-0.0024777886,0,17.340289,3.3146963e-06,0
0.5,0,26.67887,-0.0023702608,0,17.349518,3.3905355e-06,0
0.5,0,26.678848,-0.0021396807,0,17.358746,3.4583252e-06,0
0.5,0,26.678645,-0.001850821,0,17.367975,3.5152778e-06,0
0.5,0,26.678589,-0.0015928992,0,17.377203,3.5645483e-06,0
0.5,0,26.678988,-0.0014342711,0,17.386431,3.612942e-06,0
0.5,0,26.679904,-0.001396437,0,17.39566,3.6655963e-06,0
0.5,0,26.681154,-0.0014567124,0,17.404888,3.7212579e-06,0
0.5,0,26.682459,-0.0015668745,0,17.414117,3.771329e-06,0
0.5,0,26.683608,-0.0016720692,0,17.423345,3.8033646e-06,0
0.5,0,26.684533,-0.0017234681,0,17.432574,3.8068765e-06,0
0.5,0,26.685318,-0.0016879758,0,17.441802,3.7778275e-06,0
0.5,0,26.686137,-0.0015552352,0,17.451031,3.7191156e-06,0
0.5,0,26.687153,-0.0013367827,0,17.460259,3.6370207e-06,0
0.5,0,26.688409,-0.0010560447,0,17.469488,3.5362178e-06,0
0.5,0,26.689794,-0.00073661465,0,17.478716,3.4167894e-06,0
0.5,0,26.691105,-0.00040078975,0,17.487945,3.2746749e-06,0
0.5,0,26.692181,-7.904994e-05,0,17.497173,3.1040774e-06,0
0.5,0,26.692949,0.00018313397,0,17.506402,2.899463e-06,0
0.5,0,26.693353,0.00033580246,0,17.51563,2.6567305e-06,0
0.5,0,26.693269,0.00034929,0,17.524858,2.374696e-06,0
0.5,0,26.692576,0.00023310448,0,17.534087,2.0570011e-06,0
0.5,0,26.691263,3.5146161e-05,0,17.543315,1.7132723e-06,0
0.5,0,26.689479,-0.00017974976,0,17.552544,1.3579994e-06,0
0.5,0,26.687488,-0.00034151577,0,17.561772,1.0065341e-06,0
0.5,0,26.685548,-0.00038574629,0,17.571001,6.7242892e-07,0
0.5,0,26.683887,-0.00035749029,0,17.580229,3.6322541e-07,0
0.5,0,26.682907,-0.00045412206,0,17.589458,7.544206e-08,0
0.5,0,26.690495,-0.0047207004,0,17.690971,2.1421614e-07,0
0.5,0,26.690455,-0.0046615735,0,17.700199,5.0487714e-07,0
0.5,0,26.69037,-0.0045013366,0,17.709428,8.0067167e-07,0
0.5,0,26.690451,-0.0043242038,0,17.718656,1.1014206e-06,0
0.5,0,26.690544,-0.0041283951,0,17.727885,1.4042272e-06,0
0.5,0,26.690414,-0.0039239949,0,17.737113,1.7004639e-06,0
0.5,0,26.690301,-0.0036996429,0,17.746342,1.9768806e-06,0
0.5,0,26.690022,-0.0034160746,0,17.75557,2.2156252e-06,0
0.5,0,26.689534,-0.0030458253,0,17.764799,2.3961547e-06,0
0.5,0,26.688765,-0.0025839775,0,17.774027,2.4990561e-06,0
0.5,0,26.687653,-0.0020542852,0,17.783256,2.5102362e-06,0
0.5,0,26.686105,-0.0015013034,0,17.792484,2.4246324e-06,0
0.5,0,26.684071,-0.00097457544,0,17.801712,2.2487869e-06,0
0.5,0,26.681543,-0.00052246253,0,17.810941,2.0004348e-06,0
0.5,0,26.678552,-0.00019944707,0,17.820169,1.704727e-06,0
0.5,0,26.675276,-6.1260161e-05,0,17.829398,1.3898908e-06,0
0.5,0,26.671893,-0.00014006618,0,17.838626,1.0834408e-06,0
0.5,0,26.66851,-0.00042121531,0,17.847855,8.0906526e-07,0
0.5,0,26.665189,-0.00083753623,0,17.857083,5.8405521e-07,0
0.5,0,26.662014,-0.0012875382,0,17.866312,4.1605798e-07,0
0.5,0,26.659104,-0.0016562731,0,17.87554,2.9981529e-07,0
0.5,0,26.656481,-0.0018405283,0,17.884769,2.1709967e-07,0
0.5,0,26.654043,-0.0018326782,0,17.893997,1.4084263e-07,0
0.5,0,26.651905,-0.0017470101,0,17.903226,3.9249715e-08,0
0.5,0,26.679632,-0.003539933,0,18.207765,2.5459577e-08,0
0.5,0,26.684053,-0.003519982,0,18.216993,1.5691151e-07,0
0.5,0,26.687538,-0.0033533279,0,18.226222,2.9452014e-07,0
0.5,0,26.690079,-0.0031425422,0,18.23545,4.2501252e-07,0
0.5,0,26.691922,-0.0029652726,0,18.244679,5.4528851e-07,0
0.5,0,26.693303,-0.0028344643,0,18.253907,6.5850536e-07,0
0.5,0,26.694382,-0.0027387915,0,18.263136,7.6823117e-07,0
0.5,0,26.695248,-0.0026648766,0,18.272364,8.7635777e-07,0
0.5,0,26.695956,-0.0025993403,0,18.281593,9.8289347e-07,0
0.5,0,26.69655,-0.0025286524,0,18.290821,1.0863227e-06,0
0.5,0,26.697085,-0.0024454099,0,18.30005,1.1845934e-06,0
0.5,0,26.697619,-0.002355841,0,18.309278,1.2767731e-06,0
0.5,0,26.698195,-0.0022766233,0,18.318507,1.3642711e-06,0
0.5,0,26.698815,-0.0022200048,0,18.327735,1.4502366e-06,0
0.5,0,26.699428,-0.0021818068,0,18.336964,1.5373862e-06,0
0.5,0,26.699949,-0.0021452909,0,18.346192,1.6261443e-06,0
0.5,0,26.700311,-0.0020961458,0,18.35542,1.7145541e-06,0
0.5,0,26.700505,-0.0020326242,0,18.364649,1.7996965e-06,0
0.5,0,26.700586,-0.0019636049,0,18.373877,1.8793368e-06,0
0.5,0,26.70064,-0.0019010824,0,18.383106,1.952898e-06,0
0.5,0,26.700741,-0.0018542148,0,18.392334,2.0215995e-06,0
0.5,0,26.700914,-0.0018260513,0,18.401563,2.0877912e-06,0
0.5,0,26.701133,-0.0018131376,0,18.410791,2.153548e-06,0
0.5,0,26.701344,-0.0018089862,0,18.42002,2.2189948e-06,0
0.5,0,26.701505,-0.0018099689,0,18.429248,2.2812097e-06,0
0.5,0,26.701605,-0.0018193375,0,18.438477,2.33451e-06,0
0.5,0,26.701658,-0.0018450242,0,18.447705,2.3723918e-06,0
0.5,0,26.701688,-0.0018906109,0,18.456934,2.3905763e-06,0
0.5,0,26.701719,-0.0019448889,0,18.466162,2.3899713e-06,0
0.5,0,26.70177,-0.0019784461,0,18.475391,2.3782684e-06,0
0.5,0,26.701848,-0.0019522739,0,18.484619,2.3692997e-06,0
0.5,0,26.70194,-0.0018360557,0,18.493847,2.3799553e-06,0
0.5,0,26.702027,-0.0016269633,0,18.503076,2.4252958e-06,0
0.5,0,26.702098,-0.0013588656,0,18.512304,2.5132656e-06,0
0.5,0,26.702161,-0.0010963074,0,18.521533,2.6408501e-06,0
0.5,0,26.702237,-0.00091397725,0,18.530761,2.793256e-06,0
0.5,0,26.702348,-0.00087000517,0,18.53999,2.9466737e-06,0
0.5,0,26.702496,-0.00098523564,0,18.549218,3.0738583e-06,0
0.5,0,26.702653,-0.0012373901,0,18.558447,3.1507496e-06,0
0.5,0,26.702763,-0.0015715441,0,18.567675,3.1620292e-06,0
0.5,0,26.702762,-0.001920135,0,18.576904,3.1040314e-06,0
0.5,0,26.702601,-0.0022219881,0,18.586132,2.9845701e-06,0
0.5,0,26.702269,-0.002433125,0,18.595361,2.8203785e-06,0
0.5,0,26.701796,-0.0025296624,0,18.604589,2.6334181e-06,0
0.5,0,26.701254,-0.0025058624,0,18.613818,2.4472162e-06,0
0.5,0,26.700735,-0.0023705289,0,18.623046,2.2839044e-06,0
0.5,0,26.70032,-0.0021453184,0,18.632274,2.1621506e-06,0
0.5,0,26.70006,-0.0018620333,0,18.641503,2.0960657e-06,0
0.5,0,26.699975,-0.0015575381,0,18.650731,2.0949623e-06,0
0.5,0,26.700055,-0.0012674822,0,18.65996,2.1637296e-06,0
0.5,0,26.700288,-0.0010188068,0,18.669188,2.3036972e-06,0
0.5,0,26.700663,-0.00082436483,0,18.678417,2.513698e-06,0
0.5,0,26.701188,-0.00068183278,0,18.687645,2.7908816e-06,0
0.5,0,26.701876,-0.00057713215,0,18.696874,3.1309194e-06,0
0.5,0,26.702731,-0.00049148213,0,18.706102,3.5275212e-06,0
0.5,0,26.70373,-0.00040939856,0,18.715331,3.9715639e-06,0
0.5,0,26.704808,-0.00032417062,0,18.724559,4.4504036e-06,0
0.5,0,26.705873,-0.00023868238,0,18.733788,4.9479418e-06,0
0.5,0,26.706829,-0.00016180427,0,18.743016,5.4457887e-06,0
0.5,0,26.707609,-0.00010271793,0,18.752245,5.9254743e-06,0
0.5,0,26.708191,-6.6126172e-05,0,18.761473,6.3712363e-06,0
0.5,0,26.708586,-5.0504518e-05,0,18.770701,6.7726185e-06,0
0.5,0,26.708822,-5.0294609e-05,0,18.77993,7.1260389e-06,0
0.5,0,26.708916,-6.0029615e-05,0,18.789158,7.4347229e-06,0
0.5,0,26.708871,-7.8281644e-05,0,18.798387,7.7069189e-06,0
0.5,0,26.708683,-0.0001093288,0,18.807615,7.9529589e-06,0
0.5,0,26.708354,-0.00015917645,0,18.816844,8.18216e-06,0
0.5,0,26.707893,-0.00023083689,0,18.826072,8.4004054e-06,0
0.5,0,26.707317,-0.00032092945,0,18.835301,8.6089343e-06,0
0.5,0,26.706653,-0.00041807687,0,18.844529,8.8045626e-06,0
0.5,0,26.705926,-0.00050635269,0,18.853758,8.9810756e-06,0
0.5,0,26.705158,-0.00056958762,0,18.862986,9.1312837e-06,0
0.5,0,26.704363,-0.00059649013,0,18.872215,9.249195e-06,0
0.5,0,26.703565,-0.00058597771,0,18.881443,9.3317734e-06,0
0.5,0,26.702674,-0.00054888143,0,18.890672,9.3798298e-06,0
0.5,0,26.701687,-0.00049891671,0,18.8999,9.3981e-06,0
0.5,0,26.70061,-0.00044982442,0,18.909128,9.393979e-06,0
0.5,0,26.699527,-0.00041423417,0,18.918357,9.3764085e-06,0
0.5,0,26.698622,-0.00039543647,0,18.927585,9.3547794e-06,0
0.5,0,26.697911,-0.00039167018,0,18.936814,9.3366957e-06,0
0.5,0,26.6974,-0.00039914288,0,18.946042,9.3262509e-06,0
0.5,0,26.69701,-0.00041176941,0,18.955271,9.3233544e-06,0
0.5,0,26.696599,-0.0004236777,0,18.964499,9.3242132e-06,0
0.5,0,26.696023,-0.00042966629,0,18.973728,9.3227202e-06,0
0.5,0,26.695202,-0.00042543307,0,18.982956,9.3123192e-06,0
0.5,0,26.69417,-0.00040742538,0,18.992185,9.2877654e-06,0
0.5,0,26.693055,-0.0003713206,0,19.001413,9.2461866e-06,0
0.5,0,26.692024,-0.0003144724,0,19.010642,9.1877771e-06,0
0.5,0,26.691222,-0.00024106111,0,19.01987,9.1146728e-06,0
0.5,0,26.690739,-0.00016394237,0,19.029099,9.02896e-06,0
0.5,0,26.690629,-0.00010142777,0,19.038327,8.9315638e-06,0
0.5,0,26.69093,-6.9856428e-05,0,19.047555,8.8212419e-06,0
0.5,0,26.691659,-7.7459562e-05,0,19.056784,8.6946471e-06,0
0.5,0,26.692761,-0.00011951393,0,19.066012,8.5476592e-06,0
0.5,0,26.694067,-0.00017655114,0,19.075241,8.3772497e-06,0
0.5,0,26.695282,-0.0002202991,0,19.084469,8.1828768e-06,0
0.5,0,26.696041,-0.00022472433,0,19.093698,7.9667435e-06,0
0.5,0,26.69604,-0.00017698744,0,19.102926,7.7329837e-06,0
0.5,0,26.695175,-8.3581916e-05,0,19.112155,7.4860915e-06,0
0.5,0,26.69363,3.1579048e-05,0,19.121383,7.2290754e-06,0
0.5,0,26.691839,0.00013664815,0,19.130612,6.962143e-06,0
0.5,0,26.69034,0.00020539522,0,19.13984,6.6823071e-06,0
0.5,0,26.689592,0.00022552896,0,19.149069,6.3840011e-06,0
0.5,0,26.689859,0.00020379936,0,19.158297,6.0612554e-06,0
0.5,0,26.691136,0.00016280874,0,19.167526,5.7104586e-06,0
0.5,0,26.693228,0.00013069312,0,19.176754,5.332312e-06,0
0.5,0,26.695831,0.00013209506,0,19.185982,4.9323445e-06,0
0.5,0,26.69853,0.00017720912,0,19.195211,4.5195315e-06,0
0.5,0,26.700902,0.00025842524,0,19.204439,4.1035677e-06,0
0.5,0,26.702567,0.00035415723,0,19.213668,3.6916779e-06,0
0.5,0,26.703251,0.00043654037,0,19.222896,3.2862857e-06,0
0.5,0,26.702831,0.00048575313,0,19.232125,2.88516e-06,0
0.5,0,26.701328,0.0005005656,0,19.241353,2.4844534e-06,0
0.5,0,26.698867,0.00049341594,0,19.250582,2.0823704e-06,0
0.5,0,26.695598,0.00047597662,0,19.25981,1.6806118e-06,0
0.5,0,26.691672,0.00045049953,0,19.269039,1.2828706e-06,0
0.5,0,26.687301,0.00043164655,0,19.278267,8.9247435e-07,0
0.5,0,26.682758,0.00041359156,0,19.287496,5.1246918e-07,0
0.5,0,26.678384,0.00024511968,0,19.296724,1.4079573e-07,0
0.5,0,26.685125,-0.0031258807,0,21.834552,1.9855524e-07,0
0.5,0,26.689858,-0.0029209798,0,21.843781,3.93553e-07,0
0.5,0,26.694045,-0.002711966,0,21.853009,5.3541632e-07,0
0.5,0,26.697163,-0.0025866694,0,21.862238,6.2909634e-07,0
0.5,0,26.699253,-0.0025360363,0,21.871466,6.8414998e-07,0
0.5,0,26.700765,-0.0025440766,0,21.880695,7.1226011e-07,0
0.5,0,26.702172,-0.002599466,0,21.889923,7.2610959e-07,0
0.5,0,26.703651,-0.0026970078,0,21.899152,7.3884943e-07,0
0.5,0,26.705042,-0.002834765,0,21.90838,7.6420269e-07,0
0.5,0,26.705993,-0.0030025225,0,21.917609,8.1541775e-07,0
0.5,0,26.706154,-0.0031775566,0,21.926837,9.0256905e-07,0
0.5,0,26.705347,-0.0033341651,0,21.936066,1.0296869e-06,0
0.5,0,26.70363,-0.0034521387,0,21.945294,1.1930595e-06,0
0.5,0,26.70126,-0.0035129317,0,21.954523,1.3807173e-06,0
0.5,0,26.698577,-0.0034914015,0,21.963751,1.573113e-06,0
0.5,0,26.69586,-0.0033591024,0,21.972979,1.7457971e-06,0
0.5,0,26.693167,-0.0031033585,0,21.982208,1.8748471e-06,0
0.5,0,26.690277,-0.0027479663,0,21.991436,1.9443688e-06,0
0.5,0,26.686796,-0.0023578489,0,22.000665,1.9531089e-06,0
0.5,0,26.682446,-0.002019215,0,22.009893,1.9163948e-06,0
0.5,0,26.677392,-0.0018033261,0,22.019122,1.8614878e-06,0
0.5,0,26.672317,-0.001736155,0,22.02835,1.8179346e-06,0
0.5,0,26.668156,-0.0017927253,0,22.037579,1.8074279e-06,0
0.5,0,26.665613,-0.0019162538,0,22.046807,1.8378689e-06,0
0.5,0,26.66481,-0.0020471527,0,22.056036,1.9036223e-06,0
0.5,0,26.665293,-0.0021442309,0,22.065264,1.9903091e-06,0
0.5,0,26.666361,-0.0021884685,0,22.074493,2.080664e-06,0
0.5,0,26.667455,-0.0021733955,0,22.083721,2.1589688e-06,0
0.5,0,26.668334,-0.0020947741,0,22.09295,2.2134448e-06,0
0.5,0,26.668988,-0.0019495479,0,22.102178,2.2370774e-06,0
0.5,0,26.669459,-0.0017421537,0,22.111406,2.2275188e-06,0
0.5,0,26.669731,-0.001488005,0,22.120635,2.1865013e-06,0
0.5,0,26.669755,-0.0012109554,0,22.129863,2.1189686e-06,0
0.5,0,26.669498,-0.00094269507,0,22.139092,2.0316036e-06,0
0.5,0,26.668964,-0.0007239512,0,22.14832,1.930295e-06,0
0.5,0,26.668198,-0.00059494022,0,22.157549,1.8174648e-06,0
0.5,0,26.667284,-0.0005726048,0,22.166777,1.6913687e-06,0
0.5,0,26.666295,-0.00063283767,0,22.176006,1.5478525e-06,0
0.5,0,26.665222,-0.00071703381,0,22.185234,1.3825169e-06,0
0.5,0,26.663989,-0.0007623887,0,22.194463,1.1914472e-06,0
0.5,0,26.662586,-0.00072230808,0,22.203691,9.7019056e-07,0
0.5,0,26.661161,-0.00054608535,0,22.21292,7.1553241e-07,0
0.5,0,26.659948,-0.0002753743,0,22.222148,4.2864785e-07,0
0.5,0,26.659246,-8.7701317e-05,0,22.231377,1.0696399e-07,0
0.5,0,26.655124,-0.0036553005,0,22.489774,2.5872776e-08,0
0.5,0,26.653673,-0.0031394689,0,22.499002,1.9462174e-07,0
0.5,0,26.652006,-0.002369469,0,22.508231,2.4797282e-07,0
0.5,0,26.650278,-0.0015303508,0,22.517459,1.7419311e-07,0
0.5,0,26.643001,0.00108266,0,34.154556,1.1875366e-07,0
0.5,0,26.643365,0.00057392372,0,34.163784,3.5400085e-07,0
0.5,0,26.643553,9.2872081e-05,0,34.173013,4.7356525e-07,0
0.5,0,26.643809,-0.00035379269,0,34.182241,4.9247722e-07,0
0.5,0,26.644321,-0.00066618021,0,34.191469,4.4259099e-07,0
0.5,0,26.644899,-0.00080633799,0,34.200698,3.5279294e-07,0
0.5,0,26.645087,-0.00081918665,0,34.209926,2.4558701e-07,0
0.5,0,26.644577,-0.00076859566,0,34.219155,1.3753049e-07,0
0.5,0,26.643532,-0.00070489947,0,34.228383,3.9686985e-08,0
0.5,0,26.658434,-0.0011410044,0,34.532923,1.0183556e-07,0
0.5,0,26.653066,-0.0013258227,0,34.542151,3.0901162e-07,0
0.5,0,26.65064,-0.0010632266,0,34.55138,4.868139e-07,0
0.5,0,26.650101,-0.0003480462,0,34.560608,5.739783e-07,0
0.5,0,26.650153,0.00059829637,0,34.569837,5.3117189e-07,0
0.5,0,26.649976,0.0013709774,0,34.579065,3.7101482e-07,0
0.5,0,26.649392,0.0015140221,0,34.588294,1.5904635e-07,0
0.5,0,26.64803,-0.00085311893,0,34.625207,2.8810647e-08,0
0.5,0,26.647993,-0.00078531791,0,34.634436,1.3071923e-07,0
0.5,0,26.647914,-0.00048798755,0,34.643664,2.0385219e-07,0
0.5,0,26.647781,-0.00019613834,0,34.652893,2.4004678e-07,0
0.5,0,26.647664,-3.4273631e-05,0,34.662121,2.5062737e-07,0
0.5,0,26.647606,9.5986876e-06,0,34.67135,2.5135416e-07,0
0.5,0,26.647551,1.0427612e-05,0,34.680578,2.5152514e-07,0
0.5,0,26.647408,3.1145694e-05,0,34.689807,2.5119459e-07,0
0.5,0,26.647161,9.271287e-05,0,34.699035,2.4444022e-07,0
0.5,0,26.646896,0.00018343003,0,34.708264,2.238104e-07,0
0.5,0,26.646711,0.00029152318,0,34.717492,1.8354857e-07,0
0.5,0,26.646633,0.00040416292,0,34.726721,1.2160799e-07,0
0.5,0,26.646608,0.00048030845,0,34.735949,3.8160426e-08,0
0.5,0,26.647747,-0.00093173746,0,34.828234,8.6912115e-08,0
0.5,0,26.647686,-0.00098370802,0,34.837462,2.2211474e-07,0
0.5,0,26.647589,-0.00085988161,0,34.846691,2.8307005e-07,0
0.5,0,26.647524,-0.00055798185,0,34.855919,2.5360708e-07,0
0.5,0,26.647498,-0.0001223417,0,34.865148,1.4884041e-07,0
0.5,0,26.647471,0.00038868815,0,34.874376,1.1491111e-08,0
0.5,0,26.647701,0.0005056687,0,34.91129,7.5394011e-08,0
0.5,0,26.647967,0.00016615716,0,34.920518,2.2583692e-07,0
0.5,0,26.648271,-0.00010471757,0,34.929747,3.3607809e-07,0
0.5,0,26.648674,-0.0002925543,0,34.938975,3.8124396e-07,0
0.5,0,26.649201,-0.00037565218,0,34.948204,3.6545483e-07,0
0.5,0,26.649727,-0.00037366091,0,34.957432,3.1087379e-07,0
0.5,0,26.650027,-0.00032698135,0,34.966661,2.4394508e-07,0
0.5,0,26.649936,-0.00026813018,0,34.975889,1.8450828e-07,0
0.5,0,26.649498,-0.0002142882,0,34.985118,1.4160325e-07,0
0.5,0,26.648966,-0.00016573181,0,34.994346,1.1463601e-07,0
0.5,0,26.648653,-0.00011083596,0,35.003575,9.6798475e-08,0
0.5,0,26.648742,-4.0145349e-05,0,35.012803,7.9662712e-08,0
0.5,0,26.649162,4.2271219e-05,0,35.022031,5.791475e-08,0
0.5,0,26.649626,0.00011445729,0,35.03126,3.1390528e-08,0
0.5,0,26.649829,0.00015084653,0,35.040488,3.7436887e-09,0
0.5,0,26.649394,-5.7914461e-05,0,35.086631,3.434216e-08,0
0.5,0,26.64995,-0.00011867899,0,35.095859,7.2141794e-08,0
0.5,0,26.650293,-0.00017512183,0,35.105088,1.0072745e-07,0
0.5,0,26.650256,-0.00023023318,0,35.114316,1.1129413e-07,0
0.5,0,26.649924,-0.00026829024,0,35.123545,1.0128977e-07,0
0.5,0,26.649542,-0.00026488953,0,35.132773,7.6383421e-08,0
0.5,0,26.649334,-0.00019665335,0,35.142002,4.8994494e-08,0
0.5,0,26.649403,-6.1423092e-05,0,35.15123,3.3320337e-08,0
0.5,0,26.649755,0.00011200667,0,35.160458,3.9638037e-08,0
0.5,0,26.650322,0.00026986582,0,35.169687,7.0920365e-08,0
0.5,0,26.651001,0.00034490419,0,35.178915,1.2105343e-07,0
0.5,0,26.65193,0.00029124009,0,35.188144,1.7725576e-07,0
0.5,0,26.653895,0.00012165799,0,35.197372,2.2622381e-07,0
0.5,0,26.658262,-0.00010086661,0,35.206601,2.5862999e-07,0
0.5,0,26.665958,-0.00030297156,0,35.215829,2.713363e-07,0
0.5,0,26.676071,-0.00043016475,0,35.225058,2.6666321e-07,0
0.5,0,26.685585,-0.00046114874,0,35.234286,2.4943646e-07,0
0.5,0,26.690989,-0.00040785384,0,35.243515,2.2464234e-07,0
0.5,0,26.690622,-0.00030196738,0,35.252743,1.9639927e-07,0
0.5,0,26.685724,-0.00017850365,0,35.261972,1.6768349e-07,0
0.5,0,26.679356,-6.5000224e-05,0,35.2712,1.4080301e-07,0
0.5,0,26.674282,2.0439926e-05,0,35.280429,1.1823743e-07,0
0.5,0,26.671613,6.8054134e-05,0,35.289657,1.0320365e-07,0
0.5,0,26.670919,7.5834137e-05,0,35.298885,9.9339922e-08,0
0.5,0,26.671181,4.9916782e-05,0,35.308114,1.0935763e-07,0
0.5,0,26.671608,6.6069549e-06,0,35.317342,1.3385207e-07,0
0.5,0,26.67188,-2.6725847e-05,0,35.326571,1.7184368e-07,0
0.5,0,26.671995,-1.6927287e-05,0,35.335799,2.2312387e-07,0
0.5,0,26.672051,5.7088369e-05,0,35.345028,2.9011532e-07,0
0.5,0,26.672115,0.00017661786,0,35.354256,3.7572601e-07,0
0.5,0,26.672204,0.0002658217,0,35.363485,4.7602077e-07,0
0.5,0,26.672285,0.00021397151,0,35.372713,5.7218901e-07,0
0.5,0,26.672308,-5.4784367e-05,0,35.381942,6.3054322e-07,0
0.5,0,26.67223,-0.0005044782,0,35.39117,6.1623157e-07,0
0.5,0,26.672048,-0.00096836115,0,35.400399,5.1589077e-07,0
0.5,0,26.671806,-0.0012182925,0,35.409627,3.5480261e-07,0
0.5,0,26.671578,-0.0010873292,0,35.418856,1.9427083e-07,0
0.5,0,26.671426,-0.00057447024,0,35.428084,1.0584866e-07,0
0.5,0,26.671364,0.00013385143,0,35.437313,1.3487435e-07,0
0.5,0,26.671369,0.00075902776,0,35.446541,2.7670918e-07,0
0.5,0,26.671508,0.0010852994,0,35.455769,4.8263311e-07,0
0.5,0,26.672061,0.0010700454,0,35.464998,6.8878131e-07,0
0.5,0,26.673616,0.00082998347,0,35.474226,8.4544936e-07,0
0.5,0,26.676863,0.00053011454,0,35.483455,9.3048299e-07,0
0.5,0,26.681769,0.0002892803,0,35.492683,9.4596198e-07,0
0.5,0,26.686739,0.00015445524,0,35.501912,9.0699094e-07,0
0.5,0,26.68888,0.0001204508,0,35.51114,8.3170547e-07,0
0.5,0,26.685813,0.00015667242,0,35.520369,7.3663563e-07,0
0.5,0,26.677642,0.00022169624,0,35.529597,6.3655078e-07,0
0.5,0,26.667163,0.000266382,0,35.538826,5.4606064e-07,0
0.5,0,26.658038,0.00024569496,0,35.548054,4.8023102e-07,0
0.5,0,26.652537,0.0001407585,0,35.557283,4.5238752e-07,0
0.5,0,26.650582,-2.8000681e-05,0,35.566511,4.6979288e-07,0
0.5,0,26.650481,-0.00020110184,0,35.57574,5.2891253e-07,0
0.5,0,26.650447,-0.00029295171,0,35.584968,6.1220462e-07,0
0.5,0,26.649349,-0.00023381683,0,35.594196,6.9002149e-07,0
0.5,0,26.646298,-2.58876e-05,0,35.603425,7.3113111e-07,0
0.5,0,26.640065,0.00024280678,0,35.612653,7.1840936e-07,0
0.5,0,26.629701,0.00044238004,0,35.621882,6.5869909e-07,0
0.5,0,26.616342,0.00047547229,0,35.63111,5.7884094e-07,0
0.5,0,26.604028,0.00033277297,0,35.640339,5.0992861e-07,0
0.5,0,26.597969,9.182223e-05,0,35.649567,4.7076197e-07,0
0.5,0,26.601132,-0.00013105257,0,35.658796,4.6201345e-07,0
0.5,0,26.612007,-0.00023976505,0,35.668024,4.7256637e-07,0
0.5,0,26.625646,-0.0001955898,0,35.677253,4.8994273e-07,0
0.5,0,26.636992,-2.0618875e-05,0,35.686481,5.0615591e-07,0
0.5,0,26.643628,0.00022205393,0,35.69571,5.1715367e-07,0
0.5,0,26.646105,0.0004562966,0,35.704938,5.2034768e-07,0
0.5,0,26.646426,0.00061795299,0,35.714167,5.135251e-07,0
0.5,0,26.646408,0.00066937638,0,35.723395,4.9485353e-07,0
0.5,0,26.646922,0.00060681514,0,35.732623,4.6300232e-07,0
0.5,0,26.647952,0.0004616489,0,35.741852,4.1754217e-07,0
0.5,0,26.648971,0.00029003699,0,35.75108,3.6004973e-07,0
0.5,0,26.649364,0.0001518281,0,35.760309,2.9509911e-07,0
0.5,0,26.648833,8.852941e-05,0,35.769537,2.2952679e-07,0
0.5,0,26.647682,0.0001083347,0,35.778766,1.6966755e-07,0
0.5,0,26.646686,0.00018760304,0,35.787994,1.1990443e-07,0
0.5,0,26.646579,0.00026310177,0,35.797223,8.6078911e-08,0
0.5,0,26.647559,0.00024105797,0,35.806451,7.7306292e-08,0
0.5,0,26.649212,1.9833624e-05,0,35.81568,1.1083011e-07,0
0.5,0,26.650854,-0.00045848892,0,35.824908,2.1285288e-07,0
0.5,0,26.651955,-0.0011245049,0,35.834137,4.0389595e-07,0
0.5,0,26.652371,-0.0017618784,0,35.843365,6.8116468e-07,0
0.5,0,26.652314,-0.0020562003,0,35.852594,1.0048332e-06,0
0.5,0,26.652136,-0.0017223636,0,35.861822,1.2967648e-06,0
0.5,0,26.652071,-0.00070093056,0,35.87105,1.4630227e-06,0
0.5,0,26.652124,0.00070888301,0,35.880279,1.4387259e-06,0
0.5,0,26.652143,0.0019297409,0,35.889507,1.2312561e-06,0
0.5,0,26.651987,0.0024110211,0,35.898736,9.2778523e-07,0
0.5,0,26.651656,0.0019754995,0,35.907964,6.5320763e-07,0
0.5,0,26.651296,0.00093850713,0,35.917193,5.0361667e-07,0
0.5,0,26.65108,-0.0001136208,0,35.926421,5.0166746e-07,0
0.5,0,26.651093,-0.00071029692,0,35.93565,6.0090134e-07,0
0.5,0,26.651288,-0.00074136015,0,35.944878,7.2722888e-07,0
0.5,0,26.651544,-0.00041236943,0,35.954107,8.2348758e-07,0
0.5,0,26.651756,-2.3049357e-05,0,35.963335,8.7013944e-07,0
0.5,0,26.651883,0.00022721978,0,35.972564,8.7849097e-07,0
0.5,0,26.651941,0.00029851331,0,35.981792,8.7096753e-07,0
0.5,0,26.651967,0.0002561732,0,35.991021,8.6495438e-07,0
0.5,0,26.651993,0.00018442536,0,36.000249,8.6730108e-07,0
0.5,0,26.652035,0.00013271116,0,36.009477,8.7701528e-07,0
0.5,0,26.652091,0.00011074068,0,36.018706,8.9033655e-07,0
0.5,0,26.652155,0.00010839483,0,36.027934,9.0420382e-07,0
0.5,0,26.652219,0.00011367061,0,36.037163,9.1726256e-07,0
0.5,0,26.652279,0.00011991639,0,36.046391,9.2943667e-07,0
0.5,0,26.652335,0.0001252962,0,36.05562,9.41205e-07,0
0.5,0,26.652386,0.00012988517,0,36.064848,9.5308765e-07,0
0.5,0,26.652435,0.00013388838,0,36.074077,9.6540847e-07,0
0.5,0,26.652486,0.00013724161,0,36.083305,9.7824436e-07,0
0.5,0,26.65254,0.00013999504,0,36.092534,9.9149721e-07,0
0.5,0,26.6526,0.00014251218,0,36.101762,1.0050252e-06,0
0.5,0,26.652665,0.00014505844,0,36.110991,1.0187329e-06,0
0.5,0,26.652732,0.00014746495,0,36.120219,1.0325703e-06,0
0.5,0,26.6528,0.00014933237,0,36.129448,1.046496e-06,0
0.5,0,26.652865,0.00015052091,0,36.138676,1.0604754e-06,0
0.5,0,26.652926,0.00015126162,0,36.147904,1.0745029e-06,0
0.5,0,26.652984,0.00015196857,0,36.157133,1.0886094e-06,0
0.5,0,26.653039,0.00015287828,0,36.166361,1.1028454e-06,0
0.5,0,26.653091,0.00015390642,0,36.17559,1.1172589e-06,0
0.5,0,26.653141,0.00015493538,0,36.184818,1.1318713e-06,0
0.5,0,26.65319,0.00015594575,0,36.194047,1.1466657e-06,0
0.5,0,26.65324,0.00015698899,0,36.203275,1.1616155e-06,0
0.5,0,26.653295,0.00015810202,0,36.212504,1.1767374e-06,0
0.5,0,26.653355,0.00015923688,0,36.221732,1.1921115e-06,0
0.5,0,26.653421,0.00016027069,0,36.230961,1.2078535e-06,0
0.5,0,26.653495,0.00016103056,0,36.240189,1.2240656e-06,0
0.5,0,26.653574,0.00016136496,0,36.249418,1.2407966e-06,0
0.5,0,26.653657,0.00016127274,0,36.258646,1.2580191e-06,0
0.5,0,26.653742,0.00016096904,0,36.267875,1.2756336e-06,0
0.5,0,26.653828,0.00016078736,0,36.277103,1.2935088e-06,0
0.5,0,26.653913,0.00016100845,0,36.286331,1.3115505e-06,0
0.5,0,26.653999,0.00016180778,0,36.29556,1.3297626e-06,0
0.5,0,26.654085,0.00016330145,0,36.304788,1.3482562e-06,0
0.5,0,26.654171,0.00016553261,0,36.314017,1.3671983e-06,0
0.5,0,26.654257,0.00016836485,0,36.323245,1.3867348e-06,0
0.5,0,26.654344,0.00017141369,0,36.332474,1.4069348e-06,0
0.5,0,26.654433,0.00017429182,0,36.341702,1.4277791e-06,0
0.5,0,26.654523,0.00017660078,0,36.350931,1.4491523e-06,0
0.5,0,26.654616,0.00017834321,0,36.360159,1.4709107e-06,0
0.5,0,26.65471,0.0001797463,0,36.369388,1.492955e-06,0
0.5,0,26.654805,0.00018069215,0,36.378616,1.5152255e-06,0
0.5,0,26.654897,0.0001812406,0,36.387845,1.5377074e-06,0
0.5,0,26.654986,0.00018156568,0,36.397073,1.5604216e-06,0
0.5,0,26.65507,0.00018200941,0,36.406302,1.5834148e-06,0
0.5,0,26.65515,0.00018309789,0,36.41553,1.6067538e-06,0
0.5,0,26.655227,0.00018497153,0,36.424758,1.6305118e-06,0
0.5,0,26.655302,0.00018743607,0,36.433987,1.6547871e-06,0
0.5,0,26.655375,0.00019033195,0,36.443215,1.6797081e-06,0
0.5,0,26.655448,0.00019359109,0,36.452444,1.7053851e-06,0
0.5,0,26.655526,0.00019711972,0,36.461672,1.731864e-06,0
0.5,0,26.655619,0.00020070186,0,36.470901,1.7591138e-06,0
0.5,0,26.655736,0.00020414542,0,36.480129,1.7870328e-06,0
0.5,0,26.655875,0.00020747592,0,36.489358,1.8154563e-06,0
0.5,0,26.656028,0.00021094533,0,36.498586,1.8442043e-06,0
0.5,0,26.656182,0.000214867,0,36.507815,1.8731946e-06,0
0.5,0,26.65633,0.0002193374,0,36.517043,1.9025329e-06,0
0.5,0,26.656465,0.00022425073,0,36.526272,1.9324303e-06,0
0.5,0,26.656592,0.0002294405,0,36.5355,1.9629726e-06,0
0.5,0,26.656717,0.00023479708,0,36.544729,1.9939912e-06,0
0.5,0,26.656841,0.00024054618,0,36.553957,2.025202e-06,0
0.5,0,26.656964,0.00024689173,0,36.563185,2.0564103e-06,0
0.5,0,26.657085,0.00025318742,0,36.572414,2.0875233e-06,0
0.5,0,26.657204,0.00025827606,0,36.581642,2.118484e-06,0
0.5,0,26.657318,0.00026193173,0,36.590871,2.1493242e-06,0
0.5,0,26.657424,0.00026549795,0,36.600099,2.1801967e-06,0
0.5,0,26.657528,0.00027052827,0,36.609328,2.2112095e-06,0
0.5,0,26.657634,0.0002774185,0,36.618556,2.2422843e-06,0
0.5,0,26.657742,0.00028554431,0,36.627785,2.2732449e-06,0
0.5,0,26.65785,0.00029390085,0,36.637013,2.303988e-06,0
0.5,0,26.657953,0.00030181289,0,36.646242,2.3345088e-06,0
0.5,0,26.658051,0.00030890903,0,36.65547,2.3647363e-06,0
0.5,0,26.658143,0.00031446611,0,36.664699,2.3943461e-06,0
0.5,0,26.658229,0.00031740366,0,36.673927,2.4227151e-06,0
0.5,0,26.658312,0.00031706363,0,36.683156,2.4490385e-06,0
0.5,0,26.658393,0.00031425617,0,36.692384,2.4725691e-06,0
0.5,0,26.658474,0.00031208513,0,36.701612,2.4929439e-06,0
0.5,0,26.658557,0.00031555042,0,36.710841,2.5104508e-06,0
0.5,0,26.658643,0.00032947984,0,36.720069,2.5260049e-06,0
0.5,0,26.658734,0.00035490753,0,36.729298,2.5407792e-06,0
0.5,0,26.658822,0.00038520116,0,36.738526,2.5554517e-06,0
0.5,0,26.658898,0.0004056315,0,36.747755,2.569091e-06,0
0.5,0,26.658945,0.00039808431,0,36.756983,2.5782897e-06,0
0.5,0,26.658955,0.00034958244,0,36.766212,2.5774615e-06,0
0.5,0,26.658929,0.00026047136,0,36.77544,2.5606501e-06,0
0.5,0,26.658876,0.00014954586,0,36.784669,2.524393e-06,0
0.5,0,26.658812,5.3767774e-05,0,36.793897,2.4706526e-06,0
0.5,0,26.658755,1.8127115e-05,0,36.803126,2.4084207e-06,0
0.5,0,26.65872,7.7413612e-05,0,36.812354,2.3526655e-06,0
0.5,0,26.658711,0.00023884761,0,36.821583,2.3203349e-06,0
0.5,0,26.658726,0.0004737551,0,36.830811,2.3245731e-06,0
0.5,0,26.658757,0.00072257514,0,36.840039,2.3693371e-06,0
0.5,0,26.658804,0.00091269638,0,36.849268,2.4466675e-06,0
0.5,0,26.658876,0.0009830558,0,36.858496,2.5378599e-06,0
0.5,0,26.658978,0.00090472525,0,36.867725,2.6181798e-06,0
0.5,0,26.659104,0.00068893035,0,36.876953,2.6633832e-06,0
0.5,0,26.659223,0.00038108324,0,36.886182,2.6557793e-06,0
0.5,0,26.659293,4.4717354e-05,0,36.89541,2.5880485e-06,0
0.5,0,26.659263,-0.0002576067,0,36.904639,2.4640837e-06,0
0.5,0,26.659102,-0.00047932276,0,36.913867,2.2970953e-06,0
0.5,0,26.658816,-0.00059706768,0,36.923096,2.1059325e-06,0
0.5,0,26.658459,-0.0006093669,0,36.932324,1.9109781e-06,0
0.5,0,26.658109,-0.00053069044,0,36.941553,1.7308508e-06,0
0.5,0,26.657841,-0.00038478597,0,36.950781,1.5806165e-06,0
0.5,0,26.657706,-0.00019872283,0,36.96001,1.4715038e-06,0
0.5,0,26.657727,2.4683498e-06,0,36.969238,1.4116556e-06,0
0.5,0,26.657895,0.00020042023,0,36.978466,1.4072188e-06,0
0.5,0,26.65819,0.00038452951,0,36.987695,1.46308e-06,0
0.5,0,26.658593,0.00054997696,0,36.996923,1.5829758e-06,0
0.5,0,26.659101,0.00069421066,0,37.006152,1.7689564e-06,0
0.5,0,26.659723,0.00081410132,0,37.01538,2.0203199e-06,0
0.5,0,26.660467,0.00090485578,0,37.024609,2.3324817e-06,0
0.5,0,26.661329,0.00096157639,0,37.033837,2.6964203e-06,0
0.5,0,26.662282,0.00098327656,0,37.043066,3.0992055e-06,0
0.5,0,26.663279,0.00097654013,0,37.052294,3.5258061e-06,0
0.5,0,26.664257,0.00095782733,0,37.061523,3.961823e-06,0
0.5,0,26.665166,0.00095125706,0,37.070751,4.3962404e-06,0
0.5,0,26.66598,0.00098022606,0,37.07998,4.8231494e-06,0
0.5,0,26.666704,0.0010562925,0,37.089208,5.241627e-06,0
0.5,0,26.667361,0.0011700957,0,37.098437,5.6536454e-06,0
0.5,0,26.667976,0.0012894763,0,37.107665,6.0608638e-06,0
0.5,0,26.668562,0.0013682875,0,37.116893,6.4617007e-06,0
0.5,0,26.669116,0.0013627487,0,37.126122,6.8499608e-06,0
0.5,0,26.669618,0.0012480627,0,37.13535,7.2155833e-06,0
0.5,0,26.670047,0.0010290502,0,37.144579,7.5471642e-06,0
0.5,0,26.670381,0.00074025091,0,37.153807,7.835147e-06,0
0.5,0,26.670606,0.00043554842,0,37.163036,8.0744143e-06,0
0.5,0,26.670718,0.00017215305,0,37.172264,8.2654787e-06,0
0.5,0,26.670722,-4.3956324e-06,0,37.181493,8.4141834e-06,0
0.5,0,26.670634,-6.9856597e-05,0,37.190721,8.5303759e-06,0
0.5,0,26.670479,-2.3898988e-05,0,37.19995,8.6262219e-06,0
0.5,0,26.670283,0.00011393794,0,37.209178,8.7146789e-06,0
0.5,0,26.670069,0.00031189186,0,37.218407,8.8083452e-06,0
0.5,0,26.669853,0.00053480203,0,37.227635,8.9186362e-06,0
0.5,0,26.669644,0.00075198956,0,37.236864,9.0550756e-06,0
0.5,0,26.669438,0.00094142241,0,37.246092,9.2245165e-06,0
0.5,0,26.669222,0.0010880133,0,37.25532,9.4301981e-06,0
0.5,0,26.668978,0.0011795055,0,37.264549,9.6706394e-06,0
0.5,0,26.668681,0.0012101628,0,37.273777,9.9391371e-06,0
0.5,0,26.668318,0.0011967576,0,37.283006,1.0225652e-05,0
0.5,0,26.667872,0.0011829618,0,37.292234,1.0521169e-05,0
0.5,0,26.667246,0.0012162075,0,37.301463,1.0821262e-05,0
0.5,0,26.666381,0.0013161384,0,37.310691,1.112505e-05,0
0.5,0,26.665524,0.0014654993,0,37.31992,1.1430233e-05,0
0.5,0,26.66506,0.0016252264,0,37.329148,1.172885e-05,0
0.5,0,26.665026,0.0017419017,0,37.338377,1.2006728e-05,0
0.5,0,26.665112,0.0017411577,0,37.347605,1.2245501e-05,0
0.5,0,26.665059,0.0015445037,0,37.356834,1.2424553e-05,0
0.5,0,26.664798,0.0011262874,0,37.366062,1.2522879e-05,0
0.5,0,26.664361,0.00055710197,0,37.375291,1.2523344e-05,0
0.5,0,26.663856,-1.1244307e-05,0,37.384519,1.2420968e-05,0
0.5,0,26.663477,-0.00039936674,0,37.393747,1.2232308e-05,0
0.5,0,26.663434,-0.00045700366,0,37.402976,1.1998706e-05,0
0.5,0,26.663841,-0.00011114183,0,37.412204,1.1778663e-05,0
0.5,0,26.664646,0.00060001444,0,37.421433,1.1631458e-05,0
0.5,0,26.665674,0.0015253893,0,37.430661,1.1598592e-05,0
0.5,0,26.666752,0.0024425855,0,37.43989,1.1689962e-05,0
0.5,0,26.667817,0.0031284157,0,37.449118,1.1879535e-05,0
0.5,0,26.668917,0.0034302342,0,37.458347,1.21119e-05,0
0.5,0,26.670134,0.0033087589,0,37.467575,1.2317034e-05,0
0.5,0,26.671471,0.0028344637,0,37.476804,1.2427604e-05,0
0.5,0,26.672811,0.0021438258,0,37.486032,1.2392818e-05,0
0.5,0,26.673947,0.0013799874,0,37.495261,1.2184976e-05,0
0.5,0,26.674677,0.00064600516,0,37.504489,1.1798072e-05,0
0.5,0,26.674887,-9.0906079e-06,0,37.513718,1.1241243e-05,0
0.5,0,26.674586,-0.00057087346,0,37.522946,1.053169e-05,0
0.5,0,26.673873,-0.0010255568,0,37.532174,9.691177e-06,0
0.5,0,26.672876,-0.0013361835,0,37.541403,8.7471734e-06,0
0.5,0,26.671697,-0.0014460879,0,37.550631,7.7362362e-06,0
0.5,0,26.670386,-0.0013063294,0,37.55986,6.7056943e-06,0
0.5,0,26.668946,-0.00090768462,0,37.569088,5.7108522e-06,0
0.5,0,26.667394,-0.00029974892,0,37.578317,4.8075997e-06,0
0.5,0,26.665749,0.00040725541,0,37.587545,4.0424024e-06,0
0.5,0,26.664069,0.0011125075,0,37.596774,3.4444238e-06,0
0.5,0,26.662639,0.0017583452,0,37.606002,3.0244729e-06,0
0.5,0,26.661855,0.0023110264,0,37.615231,2.7827502e-06,0
0.5,0,26.661841,0.0027329016,0,37.624459,2.7142566e-06,0
0.5,0,26.662369,0.0030204353,0,37.633688,2.8104999e-06,0
0.5,0,26.663145,0.003231074,0,37.642916,3.0622548e-06,0
0.5,0,26.663908,0.0033796502,0,37.652145,3.457852e-06,0
0.5,0,26.66445,0.0034283577,0,37.661373,3.9796663e-06,0
0.5,0,26.66475,0.0033655616,0,37.670601,4.6044688e-06,0
0.5,0,26.665011,0.0032638561,0,37.67983,5.3113474e-06,0
0.5,0,26.665655,0.0032799308,0,37.689058,6.0932107e-06,0
0.5,0,26.66727,0.0035713945,0,37.698287,6.9623292e-06,0
0.5,0,26.670204,0.004173299,0,37.707515,7.941939e-06,0
0.5,0,26.674255,0.0049353545,0,37.716744,9.0477034e-06,0
0.5,0,26.678657,0.0055856258,0,37.725972,1.0268406e-05,0
0.5,0,26.682552,0.0058815489,0,37.735201,1.1563668e-05,0
0.5,0,26.685696,0.0057120456,0,37.744429,1.2868796e-05,0
0.5,0,26.68732,0.0051093738,0,37.753658,1.4125027e-05,0
0.5,0,26.689509,0.0042212066,0,37.762886,1.5268898e-05,0
0.5,0,26.688025,0.0030440147,0,37.772115,1.6286746e-05,0
0.5,0,26.690648,0.0020784628,0,37.781343,1.7107128e-05,0
0.5,0,26.695854,0.00023833937,0,37.790572,1.7797766e-05,0
0.5,0,26.694974,-0.0013229663,0,37.7998,1.8152934e-05,0
