"f","p","u.x:0","u.x:1","u.x:2","Points:0","Points:1","Points:2"
0.5,0,26.69969,-0.017976112,0,-37.790572,-8.971739e-05,0
0.5,0,26.701927,-0.01970855,0,-37.7998,-8.9598764e-05,0
0.5,0,26.697798,-0.016933157,0,-37.781343,-8.993395e-05,0
0.5,0,26.697988,-0.01767227,0,-37.772115,-9.0145496e-05,0
0.5,0,26.697872,-0.017784133,0,-37.762886,-9.0359251e-05,0
0.5,0,26.698102,-0.017487535,0,-37.753658,-9.0603096e-05,0
0.5,0,26.698451,-0.01673701,0,-37.744429,-9.0949032e-05,0
0.5,0,26.698602,-0.016178533,0,-37.735201,-9.1376153e-05,0
0.5,0,26.698173,-0.015962697,0,-37.725972,-9.1815679e-05,0
0.5,0,26.696811,-0.01588138,0,-37.716744,-9.222312e-05,0
0.5,0,26.694641,-0.015811663,0,-37.707515,-9.2582596e-05,0
0.5,0,26.692284,-0.015654952,0,-37.698287,-9.2892524e-05,0
0.5,0,26.690418,-0.01526656,0,-37.689058,-9.3169183e-05,0
0.5,0,26.689387,-0.014643842,0,-37.67983,-9.3438888e-05,0
0.5,0,26.689167,-0.013994552,0,-37.670601,-9.3711004e-05,0
0.5,0,26.689485,-0.013553396,0,-37.661373,-9.396386e-05,0
0.5,0,26.689989,-0.013380374,0,-37.652145,-9.4162561e-05,0
0.5,0,26.690411,-0.013324508,0,-37.642916,-9.4288601e-05,0
0.5,0,26.690647,-0.013181691,0,-37.633688,-9.435097e-05,0
0.5,0,26.690738,-0.012852566,0,-37.624459,-9.4375977e-05,0
0.5,0,26.690781,-0.012376605,0,-37.615231,-9.4390152e-05,0
0.5,0,26.690828,-0.011900635,0,-37.606002,-9.440505e-05,0
0.5,0,26.690881,-0.011577732,0,-37.596774,-9.4412148e-05,0
0.5,0,26.69094,-0.01144638,0,-37.587545,-9.4392725e-05,0
0.5,0,26.691016,-0.011412443,0,-37.578317,-9.4335975e-05,0
0.5,0,26.691116,-0.011337678,0,-37.569088,-9.4251357e-05,0
0.5,0,26.691239,-0.011148376,0,-37.55986,-9.4165216e-05,0
0.5,0,26.691371,-0.01088737,0,-37.550631,-9.4105487e-05,0
0.5,0,26.691471,-0.010673801,0,-37.541403,-9.4087144e-05,0
0.5,0,26.691455,-0.010616644,0,-37.532174,-9.410803e-05,0
0.5,0,26.691235,-0.010751704,0,-37.522946,-9.415611e-05,0
0.5,0,26.690778,-0.011030827,0,-37.513718,-9.4221262e-05,0
0.5,0,26.690184,-0.011364681,0,-37.504489,-9.4303337e-05,0
0.5,0,26.689686,-0.011676546,0,-37.495261,-9.4412727e-05,0
0.5,0,26.68956,-0.011926521,0,-37.486032,-9.4565692e-05,0
0.5,0,26.68996,-0.012106857,0,-37.476804,-9.4779375e-05,0
0.5,0,26.690816,-0.012229788,0,-37.467575,-9.5068328e-05,0
0.5,0,26.691858,-0.012327727,0,-37.458347,-9.5441396e-05,0
0.5,0,26.692777,-0.012451089,0,-37.449118,-9.5898709e-05,0
0.5,0,26.693388,-0.012640552,0,-37.43989,-9.6431003e-05,0
0.5,0,26.693815,-0.0129062,0,-37.430661,-9.7024236e-05,0
0.5,0,26.694253,-0.013188906,0,-37.421433,-9.7665777e-05,0
0.5,0,26.694882,-0.013210638,0,-37.412204,-9.8344164e-05,0
0.5,0,26.696188,-0.012960441,0,-37.402976,-9.9053854e-05,0
0.5,0,26.697818,-0.0129971,0,-37.393747,-9.9800085e-05,0
0.5,0,26.698852,-0.013308717,0,-37.384519,-0.00010058218,0
0.5,0,26.6994,-0.013411597,0,-37.375291,-0.00010138679,0
0.5,0,26.699527,-0.013340932,0,-37.366062,-0.00010219606,0
0.5,0,26.698873,-0.013258623,0,-37.356834,-0.00010299188,0
0.5,0,26.697528,-0.013124175,0,-37.347605,-0.00010376215,0
0.5,0,26.695852,-0.01288688,0,-37.338377,-0.00010450235,0
0.5,0,26.694269,-0.012556651,0,-37.329148,-0.00010521099,0
0.5,0,26.69321,-0.01218135,0,-37.31992,-0.0001058833,0
0.5,0,26.692999,-0.011824174,0,-37.310691,-0.00010650737,0
0.5,0,26.693756,-0.01153368,0,-37.301463,-0.00010706554,0
0.5,0,26.69536,-0.011320965,0,-37.292234,-0.00010753979,0
0.5,0,26.697474,-0.011160502,0,-37.283006,-0.00010791808,0
0.5,0,26.699632,-0.011007606,0,-37.273777,-0.00010819844,0
0.5,0,26.701369,-0.01082076,0,-37.264549,-0.00010838939,0
0.5,0,26.702344,-0.010578947,0,-37.25532,-0.00010850746,0
0.5,0,26.702437,-0.010287482,0,-37.246092,-0.00010857313,0
0.5,0,26.701764,-0.0099753655,0,-37.236864,-0.00010860691,0
0.5,0,26.700626,-0.0096859125,0,-37.227635,-0.0001086261,0
0.5,0,26.699413,-0.0094654992,0,-37.218407,-0.00010864294,0
0.5,0,26.698484,-0.0093527219,0,-37.209178,-0.00010866452,0
0.5,0,26.698086,-0.00936882,0,-37.19995,-0.00010869418,0
0.5,0,26.698298,-0.0095123923,0,-37.190721,-0.00010873409,0
0.5,0,26.69903,-0.0097559451,0,-37.181493,-0.00010878802,0
0.5,0,26.700087,-0.010069546,0,-37.172264,-0.00010886338,0
0.5,0,26.701236,-0.010413897,0,-37.163036,-0.00010897168,0
0.5,0,26.702186,-0.010734357,0,-37.153807,-0.00010912901,0
0.5,0,26.702715,-0.011025447,0,-37.144579,-0.00010935576,0
0.5,0,26.702849,-0.01128846,0,-37.13535,-0.00010967208,0
0.5,0,26.702748,-0.011513979,0,-37.126122,-0.00011009275,0
0.5,0,26.702588,-0.011731257,0,-37.116893,-0.00011062505,0
0.5,0,26.702539,-0.011975786,0,-37.107665,-0.00011126801,0
0.5,0,26.702691,-0.012269451,0,-37.098437,-0.00011201293,0
0.5,0,26.703003,-0.012616848,0,-37.089208,-0.00011284556,0
0.5,0,26.703328,-0.013004021,0,-37.07998,-0.0001137492,0
0.5,0,26.703494,-0.013399813,0,-37.070751,-0.00011470796,0
0.5,0,26.703386,-0.013762155,0,-37.061523,-0.0001157092,0
0.5,0,26.703011,-0.014048315,0,-37.052294,-0.0001167448,0
0.5,0,26.702498,-0.014225356,0,-37.043066,-0.00011781072,0
0.5,0,26.70204,-0.014279415,0,-37.033837,-0.00011890528,0
0.5,0,26.701788,-0.014218427,0,-37.024609,-0.00012002643,0
0.5,0,26.701778,-0.014069968,0,-37.01538,-0.00012116881,0
0.5,0,26.701908,-0.013873302,0,-37.006152,-0.00012232184,0
0.5,0,26.701992,-0.013667923,0,-36.996923,-0.00012346919,0
0.5,0,26.70184,-0.013483111,0,-36.987695,-0.00012459019,0
0.5,0,26.701339,-0.013330248,0,-36.978466,-0.00012566277,0
0.5,0,26.700492,-0.013202381,0,-36.969238,-0.000126667,0
0.5,0,26.69941,-0.013079014,0,-36.96001,-0.0001275883,0
0.5,0,26.698273,-0.012934011,0,-36.950781,-0.00012841936,0
0.5,0,26.697283,-0.012744259,0,-36.941553,-0.0001291606,0
0.5,0,26.696619,-0.012496142,0,-36.932324,-0.00012981909,0
0.5,0,26.696407,-0.01219082,0,-36.923096,-0.00013040648,0
0.5,0,26.696697,-0.011845582,0,-36.913867,-0.00013093628,0
0.5,0,26.69746,-0.011492025,0,-36.904639,-0.0001314211,0
0.5,0,26.698597,-0.011169307,0,-36.89541,-0.00013187062,0
0.5,0,26.699955,-0.010915117,0,-36.886182,-0.00013229063,0
0.5,0,26.701361,-0.010757518,0,-36.876953,-0.00013268382,0
0.5,0,26.702651,-0.010707809,0,-36.867725,-0.00013305177,0
0.5,0,26.703704,-0.010758651,0,-36.858496,-0.00013339765,0
0.5,0,26.70446,-0.01088597,0,-36.849268,-0.00013372869,0
0.5,0,26.704923,-0.011056343,0,-36.840039,-0.00013405766,0
0.5,0,26.705151,-0.011236649,0,-36.830811,-0.00013440277,0
0.5,0,26.705225,-0.011402746,0,-36.821583,-0.00013478596,0
0.5,0,26.705223,-0.011546642,0,-36.812354,-0.00013522988,0
0.5,0,26.705196,-0.01167775,0,-36.803126,-0.0001357545,0
0.5,0,26.705156,-0.011819398,0,-36.793897,-0.0001363741,0
0.5,0,26.705089,-0.012000676,0,-36.784669,-0.00013709532,0
0.5,0,26.704973,-0.01224627,0,-36.77544,-0.00013791674,0
0.5,0,26.704803,-0.012568214,0,-36.766212,-0.00013883007,0
0.5,0,26.704612,-0.012960287,0,-36.756983,-0.00013982247,0
0.5,0,26.704468,-0.013398782,0,-36.747755,-0.00014087963,0
0.5,0,26.704468,-0.013846457,0,-36.738526,-0.00014198859,0
0.5,0,26.704709,-0.014260403,0,-36.729298,-0.00014313958,0
0.5,0,26.705262,-0.014601707,0,-36.720069,-0.0001443266,0
0.5,0,26.706158,-0.014842825,0,-36.710841,-0.00014554658,0
0.5,0,26.707376,-0.014972799,0,-36.701612,-0.00014679764,0
0.5,0,26.708844,-0.014997025,0,-36.692384,-0.00014807683,0
0.5,0,26.710445,-0.014934613,0,-36.683156,-0.00014937825,0
0.5,0,26.712037,-0.014812623,0,-36.673927,-0.00015069208,0
0.5,0,26.713457,-0.014657515,0,-36.664699,-0.00015200475,0
0.5,0,26.714567,-0.014486879,0,-36.65547,-0.00015329986,0
0.5,0,26.715251,-0.014307755,0,-36.646242,-0.00015455972,0
0.5,0,26.715418,-0.014122169,0,-36.637013,-0.00015576752,0
0.5,0,26.714861,-0.013925431,0,-36.627785,-0.00015690955,0
0.5,0,26.712938,-0.013690181,0,-36.618556,-0.00015797554,0
0.5,0,26.709554,-0.013357645,0,-36.609328,-0.00015895664,0
0.5,0,26.706927,-0.012949,0,-36.600099,-0.00015984637,0
0.5,0,26.705616,-0.012536636,0,-36.590871,-0.00016064059,0
0.5,0,26.704406,-0.01214414,0,-36.581642,-0.00016133573,0
0.5,0,26.703395,-0.011788618,0,-36.572414,-0.00016192874,0
0.5,0,26.702634,-0.011480135,0,-36.563185,-0.00016241712,0
0.5,0,26.702223,-0.011214692,0,-36.553957,-0.00016280116,0
0.5,0,26.702228,-0.010980434,0,-36.544729,-0.00016308602,0
0.5,0,26.702688,-0.010768539,0,-36.5355,-0.0001632822,0
0.5,0,26.703593,-0.010575356,0,-36.526272,-0.00016340466,0
0.5,0,26.704873,-0.010402163,0,-36.517043,-0.00016347146,0
0.5,0,26.706398,-0.010254896,0,-36.507815,-0.00016350191,0
0.5,0,26.707993,-0.010141709,0,-36.498586,-0.00016351486,0
0.5,0,26.709466,-0.010068857,0,-36.489358,-0.0001635279,0
0.5,0,26.710643,-0.010038294,0,-36.480129,-0.00016355752,0
0.5,0,26.711409,-0.010049092,0,-36.470901,-0.00016361944,0
0.5,0,26.711735,-0.010099643,0,-36.461672,-0.00016372837,0
0.5,0,26.711676,-0.010189422,0,-36.452444,-0.00016389734,0
0.5,0,26.711364,-0.010320017,0,-36.443215,-0.00016413681,0
0.5,0,26.710965,-0.010494474,0,-36.433987,-0.00016445399,0
0.5,0,26.710639,-0.010714657,0,-36.424758,-0.00016485255,0
0.5,0,26.710504,-0.010978062,0,-36.41553,-0.00016533291,0
0.5,0,26.710625,-0.011275245,0,-36.406302,-0.00016589295,0
0.5,0,26.711017,-0.011589915,0,-36.397073,-0.00016652899,0
0.5,0,26.711648,-0.011901087,0,-36.387845,-0.00016723673,0
0.5,0,26.712444,-0.01218677,0,-36.378616,-0.00016801196,0
0.5,0,26.713313,-0.012427659,0,-36.369388,-0.00016885071,0
0.5,0,26.714168,-0.012609764,0,-36.360159,-0.00016974863,0
0.5,0,26.714945,-0.012726899,0,-36.350931,-0.00017069973,0
0.5,0,26.7156,-0.01278097,0,-36.341702,-0.0001716949,0
0.5,0,26.716108,-0.012780531,0,-36.332474,-0.00017272085,0
0.5,0,26.716471,-0.012737324,0,-36.323245,-0.00017375992,0
0.5,0,26.716724,-0.012661212,0,-36.314017,-0.00017479082,0
0.5,0,26.716941,-0.012556583,0,-36.304788,-0.00017579037,0
0.5,0,26.717218,-0.012420682,0,-36.29556,-0.00017673552,0
0.5,0,26.717653,-0.012245262,0,-36.286331,-0.00017760522,0
0.5,0,26.718315,-0.012020771,0,-36.277103,-0.00017838166,0
0.5,0,26.719222,-0.011739905,0,-36.267875,-0.00017905093,0
0.5,0,26.720336,-0.011400033,0,-36.258646,-0.00017960317,0
0.5,0,26.721566,-0.011003847,0,-36.249418,-0.00018003227,0
0.5,0,26.72279,-0.010559417,0,-36.240189,-0.00018033536,0
0.5,0,26.723868,-0.010078979,0,-36.230961,-0.00018051227,0
0.5,0,26.724667,-0.0095769758,0,-36.221732,-0.00018056496,0
0.5,0,26.725081,-0.0090674568,0,-36.212504,-0.00018049742,0
0.5,0,26.725057,-0.0085620823,0,-36.203275,-0.00018031569,0
0.5,0,26.724604,-0.0080698063,0,-36.194047,-0.00018002793,0
0.5,0,26.72379,-0.0075980715,0,-36.184818,-0.00017964442,0
0.5,0,26.722733,-0.0071548961,0,-36.17559,-0.00017917715,0
0.5,0,26.721579,-0.006749844,0,-36.166361,-0.00017863928,0
0.5,0,26.72049,-0.0063936185,0,-36.157133,-0.00017804439,0
0.5,0,26.719611,-0.0060973072,0,-36.147904,-0.00017740585,0
0.5,0,26.719044,-0.0058710698,0,-36.138676,-0.00017673657,0
0.5,0,26.718825,-0.0057222926,0,-36.129448,-0.00017604895,0
0.5,0,26.718925,-0.0056541148,0,-36.120219,-0.00017535506,0
0.5,0,26.719259,-0.0056644928,0,-36.110991,-0.0001746669,0
0.5,0,26.719711,-0.0057469424,0,-36.101762,-0.00017399645,0
0.5,0,26.720163,-0.0058918981,0,-36.092534,-0.00017335562,0
0.5,0,26.720515,-0.0060889258,0,-36.083305,-0.00017275576,0
0.5,0,26.720703,-0.006328831,0,-36.074077,-0.00017220712,0
0.5,0,26.720706,-0.0066048008,0,-36.064848,-0.00017171822,0
0.5,0,26.720541,-0.0069123322,0,-36.05562,-0.00017129544,0
0.5,0,26.720254,-0.0072481655,0,-36.046391,-0.00017094275,0
0.5,0,26.719898,-0.0076082967,0,-36.037163,-0.00017066156,0
0.5,0,26.719526,-0.0079857587,0,-36.027934,-0.0001704507,0
0.5,0,26.719169,-0.0083688895,0,-36.018706,-0.00017030654,0
0.5,0,26.718839,-0.0087412011,0,-36.009477,-0.00017022327,0
0.5,0,26.718522,-0.0090825507,0,-36.000249,-0.00017019339,0
0.5,0,26.718192,-0.0093718521,0,-35.991021,-0.00017020795,0
0.5,0,26.717817,-0.0095906741,0,-35.981792,-0.00017025657,0
0.5,0,26.717373,-0.0097259137,0,-35.972564,-0.00017032743,0
0.5,0,26.716863,-0.0097710891,0,-35.963335,-0.00017040709,0
0.5,0,26.716314,-0.0097256237,0,-35.954107,-0.00017048041,0
0.5,0,26.715783,-0.0095937368,0,-35.944878,-0.00017053071,0
0.5,0,26.715346,-0.0093828008,0,-35.93565,-0.00017054017,0
0.5,0,26.715077,-0.0091014267,0,-35.926421,-0.00017049057,0
0.5,0,26.715028,-0.0087577811,0,-35.917193,-0.00017036416,0
0.5,0,26.71522,-0.0083590839,0,-35.907964,-0.00017014476,0
0.5,0,26.71563,-0.0079121898,0,-35.898736,-0.0001698186,0
0.5,0,26.716199,-0.0074247952,0,-35.889507,-0.00016937508,0
0.5,0,26.716846,-0.006906672,0,-35.880279,-0.00016880709,0
0.5,0,26.717481,-0.006370484,0,-35.87105,-0.00016811107,0
0.5,0,26.718028,-0.0058312317,0,-35.861822,-0.00016728671,0
0.5,0,26.718441,-0.005305455,0,-35.852594,-0.00016633659,0
0.5,0,26.71871,-0.0048099498,0,-35.843365,-0.00016526586,0
0.5,0,26.718867,-0.0043603208,0,-35.834137,-0.00016408197,0
0.5,0,26.718974,-0.0039698438,0,-35.824908,-0.00016279436,0
0.5,0,26.719113,-0.0036488939,0,-35.81568,-0.00016141419,0
0.5,0,26.719366,-0.0034050647,0,-35.806451,-0.00015995414,0
0.5,0,26.719795,-0.0032426211,0,-35.797223,-0.00015842819,0
0.5,0,26.72043,-0.0031620196,0,-35.787994,-0.00015685147,0
0.5,0,26.721258,-0.0031597284,0,-35.778766,-0.00015524018,0
0.5,0,26.722226,-0.0032289973,0,-35.769537,-0.00015361149,0
0.5,0,26.723249,-0.0033608974,0,-35.760309,-0.0001519834,0
0.5,0,26.724226,-0.0035458768,0,-35.75108,-0.00015037432,0
0.5,0,26.725058,-0.0037754914,0,-35.741852,-0.00014880245,0
0.5,0,26.725666,-0.0040434576,0,-35.732623,-0.00014728492,0
0.5,0,26.726011,-0.0043455751,0,-35.723395,-0.00014583684,0
0.5,0,26.726096,-0.0046788363,0,-35.714167,-0.00014447051,0
0.5,0,26.725975,-0.0050399523,0,-35.704938,-0.00014319491,0
0.5,0,26.725738,-0.0054242107,0,-35.69571,-0.00014201557,0
0.5,0,26.725494,-0.0058246217,0,-35.686481,-0.00014093498,0
0.5,0,26.725352,-0.0062319691,0,-35.677253,-0.00013995314,0
0.5,0,26.725397,-0.0066349729,0,-35.668024,-0.00013906832,0
0.5,0,26.72567,-0.0070204011,0,-35.658796,-0.00013827746,0
0.5,0,26.726162,-0.0073738996,0,-35.649567,-0.00013757626,0
0.5,0,26.726815,-0.0076811892,0,-35.640339,-0.00013695889,0
0.5,0,26.727538,-0.0079294328,0,-35.63111,-0.00013641759,0
0.5,0,26.728229,-0.0081087204,0,-35.621882,-0.00013594206,0
0.5,0,26.7288,-0.0082137381,0,-35.612653,-0.00013551919,0
0.5,0,26.729197,-0.0082443251,0,-35.603425,-0.00013513303,0
0.5,0,26.729415,-0.0082048998,0,-35.594196,-0.00013476508,0
0.5,0,26.729497,-0.0081027968,0,-35.584968,-0.00013439481,0
0.5,0,26.729522,-0.0079466931,0,-35.57574,-0.00013400042,0
0.5,0,26.729586,-0.0077453143,0,-35.566511,-0.00013355972,0
0.5,0,26.729779,-0.0075061851,0,-35.557283,-0.0001330512,0
0.5,0,26.730159,-0.0072348675,0,-35.548054,-0.00013245494,0
0.5,0,26.730728,-0.0069348487,0,-35.538826,-0.00013175348,0
0.5,0,26.731428,-0.0066078949,0,-35.529597,-0.0001309325,0
0.5,0,26.732156,-0.0062546481,0,-35.520369,-0.00012998125,0
0.5,0,26.732801,-0.0058759513,0,-35.51114,-0.00012889281,0
0.5,0,26.733266,-0.0054750897,0,-35.501912,-0.00012766425,0
0.5,0,26.733501,-0.0050589346,0,-35.492683,-0.00012629674,0
0.5,0,26.733479,-0.0046375289,0,-35.483455,-0.00012479554,0
0.5,0,26.733212,-0.0042212758,0,-35.474226,-0.00012316958,0
0.5,0,26.732706,-0.0038212491,0,-35.464998,-0.00012143094,0
0.5,0,26.731953,-0.0034525625,0,-35.455769,-0.00011959441,0
0.5,0,26.730791,-0.0031295304,0,-35.446541,-0.00011767751,0
0.5,0,26.728613,-0.0028468923,0,-35.437312,-0.0001156997,0
0.5,0,26.725313,-0.0025668127,0,-35.428084,-0.00011368026,0
0.5,0,26.722892,-0.0023150775,0,-35.418856,-0.00011163933,0
0.5,0,26.721806,-0.002156064,0,-35.409627,-0.00010959826,0
0.5,0,26.720911,-0.0021062759,0,-35.400399,-0.0001075779,0
0.5,0,26.720243,-0.0021750759,0,-35.39117,-0.00010559785,0
0.5,0,26.719792,-0.0023671951,0,-35.381942,-0.00010367542,0
0.5,0,26.71958,-0.0026773927,0,-35.372713,-0.00010182632,0
0.5,0,26.719596,-0.0030936956,0,-35.363485,-0.00010006548,0
0.5,0,26.719811,-0.0036029464,0,-35.354256,-9.8406954e-05,0
0.5,0,26.720181,-0.0041901595,0,-35.345028,-9.68636e-05,0
0.5,0,26.720664,-0.0048368069,0,-35.335799,-9.5446832e-05,0
0.5,0,26.72123,-0.0055225228,0,-35.326571,-9.416614e-05,0
0.5,0,26.721874,-0.006225643,0,-35.317342,-9.302839e-05,0
0.5,0,26.722615,-0.0069226804,0,-35.308114,-9.2037426e-05,0
0.5,0,26.723483,-0.0075887345,0,-35.298885,-9.119397e-05,0
0.5,0,26.72451,-0.0081994602,0,-35.289657,-9.049544e-05,0
0.5,0,26.725711,-0.0087339568,0,-35.280429,-8.9935636e-05,0
0.5,0,26.72708,-0.0091757823,0,-35.2712,-8.9504465e-05,0
0.5,0,26.728578,-0.0095127899,0,-35.261972,-8.9187841e-05,0
0.5,0,26.730137,-0.0097364542,0,-35.252743,-8.8967785e-05,0
0.5,0,26.731665,-0.0098418761,0,-35.243515,-8.8822796e-05,0
0.5,0,26.733062,-0.0098282727,0,-35.234286,-8.8728546e-05,0
0.5,0,26.734245,-0.0096992984,0,-35.225058,-8.8658712e-05,0
0.5,0,26.735154,-0.0094628959,0,-35.215829,-8.8585755e-05,0
0.5,0,26.735772,-0.0091311065,0,-35.206601,-8.8481709e-05,0
0.5,0,26.736111,-0.0087186888,0,-35.197372,-8.8319041e-05,0
0.5,0,26.736207,-0.0082412597,0,-35.188144,-8.8071636e-05,0
0.5,0,26.736108,-0.0077135182,0,-35.178915,-8.7715878e-05,0
0.5,0,26.735869,-0.0071486446,0,-35.169687,-8.7231805e-05,0
0.5,0,26.735545,-0.0065586657,0,-35.160458,-8.6604085e-05,0
0.5,0,26.735181,-0.005955827,0,-35.15123,-8.5822652e-05,0
0.5,0,26.734805,-0.0053538027,0,-35.142002,-8.4882889e-05,0
0.5,0,26.734415,-0.0047677399,0,-35.132773,-8.3785378e-05,0
0.5,0,26.733993,-0.0042127072,0,-35.123545,-8.2535361e-05,0
0.5,0,26.733518,-0.0037015743,0,-35.114316,-8.1142251e-05,0
0.5,0,26.733,-0.0032440349,0,-35.105088,-7.9619345e-05,0
0.5,0,26.73248,-0.0028471339,0,-35.095859,-7.7983618e-05,0
0.5,0,26.732025,-0.0025169233,0,-35.086631,-7.6255267e-05,0
0.5,0,26.731705,-0.0022608987,0,-35.077402,-7.4456978e-05,0
0.5,0,26.73157,-0.002088859,0,-35.068174,-7.2613021e-05,0
0.5,0,26.731645,-0.002011376,0,-35.058945,-7.0748267e-05,0
0.5,0,26.73193,-0.0020372639,0,-35.049717,-6.8887261e-05,0
0.5,0,26.732407,-0.0021716219,0,-35.040488,-6.7053474e-05,0
0.5,0,26.733053,-0.0024154436,0,-35.03126,-6.5268886e-05,0
0.5,0,26.733846,-0.0027650199,0,-35.022031,-6.3553784e-05,0
0.5,0,26.73477,-0.0032121084,0,-35.012803,-6.1926772e-05,0
0.5,0,26.735811,-0.0037440851,0,-35.003575,-6.0404925e-05,0
0.5,0,26.736948,-0.0043449367,0,-34.994346,-5.9004016e-05,0
0.5,0,26.738139,-0.0049961815,0,-34.985118,-5.7738589e-05,0
0.5,0,26.739323,-0.0056784366,0,-34.975889,-5.6621818e-05,0
0.5,0,26.74042,-0.006372782,0,-34.966661,-5.5665078e-05,0
0.5,0,26.741354,-0.0070617344,0,-34.957432,-5.4877192e-05,0
0.5,0,26.742062,-0.0077302485,0,-34.948204,-5.4263523e-05,0
0.5,0,26.742506,-0.0083657658,0,-34.938975,-5.3825167e-05,0
0.5,0,26.742681,-0.0089576933,0,-34.929747,-5.3558389e-05,0
0.5,0,26.742608,-0.009496357,0,-34.920518,-5.345434e-05,0
0.5,0,26.742328,-0.009972558,0,-34.91129,-5.3499128e-05,0
0.5,0,26.741899,-0.010377968,0,-34.902061,-5.3674297e-05,0
0.5,0,26.741394,-0.010705124,0,-34.892833,-5.3957508e-05,0
0.5,0,26.740897,-0.010947387,0,-34.883604,-5.432334e-05,0
0.5,0,26.740493,-0.011099063,0,-34.874376,-5.4744197e-05,0
0.5,0,26.740261,-0.011154725,0,-34.865148,-5.5191306e-05,0
0.5,0,26.740261,-0.011107634,0,-34.855919,-5.5635566e-05,0
0.5,0,26.740525,-0.010950113,0,-34.846691,-5.6048194e-05,0
0.5,0,26.741054,-0.010680521,0,-34.837462,-5.6401723e-05,0
0.5,0,26.741812,-0.010312349,0,-34.828234,-5.6671954e-05,0
0.5,0,26.742732,-0.009871941,0,-34.819005,-5.6840259e-05,0
0.5,0,26.74373,-0.0093788715,0,-34.809777,-5.6893866e-05,0
0.5,0,26.744715,-0.0088304761,0,-34.800548,-5.6822992e-05,0
0.5,0,26.745608,-0.0082152408,0,-34.79132,-5.6617459e-05,0
0.5,0,26.746342,-0.0075429299,0,-34.782091,-5.6266874e-05,0
0.5,0,26.74687,-0.0068511458,0,-34.772863,-5.576421e-05,0
0.5,0,26.747185,-0.0061829457,0,-34.763634,-5.510833e-05,0
0.5,0,26.747226,-0.0055666738,0,-34.754406,-5.4303095e-05,0
0.5,0,26.746965,-0.005016363,0,-34.745177,-5.3355395e-05,0
0.5,0,26.746562,-0.0045410869,0,-34.735949,-5.2274463e-05,0
0.5,0,26.746235,-0.0041483963,0,-34.726721,-5.1072543e-05,0
0.5,0,26.746057,-0.0038423054,0,-34.717492,-4.9765705e-05,0
0.5,0,26.746015,-0.0036228965,0,-34.708264,-4.8373735e-05,0
0.5,0,26.746123,-0.0034879007,0,-34.699035,-4.6919636e-05,0
0.5,0,26.746408,-0.0034254772,0,-34.689807,-4.5429999e-05,0
0.5,0,26.746837,-0.0034119177,0,-34.680578,-4.3935833e-05,0
0.5,0,26.747325,-0.0034325341,0,-34.67135,-4.2471399e-05,0
0.5,0,26.747764,-0.0035002407,0,-34.662121,-4.1069809e-05,0
0.5,0,26.748053,-0.0036432512,0,-34.652893,-3.9758681e-05,0
0.5,0,26.748114,-0.003877317,0,-34.643664,-3.85598e-05,0
0.5,0,26.747898,-0.004196769,0,-34.634436,-3.7491665e-05,0
0.5,0,26.747397,-0.0045897165,0,-34.625207,-3.6571127e-05,0
0.5,0,26.746642,-0.0050516173,0,-34.615979,-3.5812815e-05,0
0.5,0,26.745702,-0.0055836402,0,-34.60675,-3.5228101e-05,0
0.5,0,26.744678,-0.006183994,0,-34.597522,-3.4825052e-05,0
0.5,0,26.74369,-0.0068439532,0,-34.588294,-3.4609095e-05,0
0.5,0,26.742857,-0.0075493826,0,-34.579065,-3.4583539e-05,0
0.5,0,26.742279,-0.0082836396,0,-34.569837,-3.4749635e-05,0
0.5,0,26.742009,-0.009029048,0,-34.560608,-3.5106267e-05,0
0.5,0,26.742044,-0.0097672588,0,-34.55138,-3.5649402e-05,0
0.5,0,26.742323,-0.010479377,0,-34.542151,-3.6371501e-05,0
0.5,0,26.742755,-0.011146347,0,-34.532923,-3.7261118e-05,0
0.5,0,26.743244,-0.011748729,0,-34.523694,-3.8302698e-05,0
0.5,0,26.743708,-0.012266972,0,-34.514466,-3.9476585e-05,0
0.5,0,26.744089,-0.012682805,0,-34.505237,-4.0759283e-05,0
0.5,0,26.744348,-0.012980567,0,-34.496009,-4.2124042e-05,0
0.5,0,26.744472,-0.013148247,0,-34.48678,-4.3541638e-05,0
0.5,0,26.744472,-0.013177979,0,-34.477552,-4.4981233e-05,0
0.5,0,26.744383,-0.013066862,0,-34.468323,-4.6411281e-05,0
0.5,0,26.744263,-0.012817641,0,-34.459095,-4.7800458e-05,0
0.5,0,26.744172,-0.012438613,0,-34.449867,-4.9118518e-05,0
0.5,0,26.744163,-0.011941987,0,-34.440638,-5.0336888e-05,0
0.5,0,26.744264,-0.011342953,0,-34.43141,-5.1429119e-05,0
0.5,0,26.74447,-0.010658541,0,-34.422181,-5.2371216e-05,0
0.5,0,26.744752,-0.0099070956,0,-34.412953,-5.3141959e-05,0
0.5,0,26.745062,-0.0091083358,0,-34.403724,-5.3723398e-05,0
0.5,0,26.745348,-0.0082833921,0,-34.394496,-5.4101587e-05,0
0.5,0,26.745568,-0.0074537242,0,-34.385267,-5.4267363e-05,0
0.5,0,26.745692,-0.0066398975,0,-34.376039,-5.4217046e-05,0
0.5,0,26.745711,-0.005860485,0,-34.36681,-5.395294e-05,0
0.5,0,26.745634,-0.0051311685,0,-34.357582,-5.3483495e-05,0
0.5,0,26.745482,-0.0044645875,0,-34.348353,-5.2823019e-05,0
0.5,0,26.745282,-0.0038711028,0,-34.339125,-5.1991132e-05,0
0.5,0,26.745061,-0.0033600724,0,-34.329896,-5.1012148e-05,0
0.5,0,26.744842,-0.0029402216,0,-34.320668,-4.9914313e-05,0
0.5,0,26.744644,-0.0026195558,0,-34.31144,-4.8728817e-05,0
0.5,0,26.744474,-0.0024059551,0,-34.302211,-4.7488743e-05,0
0.5,0,26.744333,-0.0023077772,0,-34.292983,-4.6228168e-05,0
0.5,0,26.744217,-0.0023329618,0,-34.283754,-4.4981368e-05,0
0.5,0,26.744116,-0.002487389,0,-34.274526,-4.3782079e-05,0
0.5,0,26.744017,-0.0027729629,0,-34.265297,-4.2662761e-05,0
0.5,0,26.743908,-0.0031866118,0,-34.256069,-4.1653888e-05,0
0.5,0,26.743779,-0.0037196666,0,-34.24684,-4.0783176e-05,0
0.5,0,26.743623,-0.0043588355,0,-34.237612,-4.0074942e-05,0
0.5,0,26.743436,-0.0050875827,0,-34.228383,-3.9549653e-05,0
0.5,0,26.743218,-0.0058876098,0,-34.219155,-3.922372e-05,0
0.5,0,26.742977,-0.0067392761,0,-34.209926,-3.9109381e-05,0
0.5,0,26.742726,-0.0076216492,0,-34.200698,-3.9214622e-05,0
0.5,0,26.742486,-0.008512425,0,-34.191469,-3.9542962e-05,0
0.5,0,26.742285,-0.0093883013,0,-34.182241,-4.0093033e-05,0
0.5,0,26.742156,-0.010226566,0,-34.173013,-4.0858102e-05,0
0.5,0,26.742135,-0.011006916,0,-34.163784,-4.1825851e-05,0
0.5,0,26.742256,-0.011711703,0,-34.154556,-4.297842e-05,0
0.5,0,26.74254,-0.012325477,0,-34.145327,-4.4292695e-05,0
0.5,0,26.742989,-0.012834701,0,-34.136099,-4.574085e-05,0
0.5,0,26.743578,-0.013227393,0,-34.12687,-4.7291205e-05,0
0.5,0,26.74426,-0.013492681,0,-34.117642,-4.8909231e-05,0
0.5,0,26.744967,-0.013620671,0,-34.108413,-5.0558572e-05,0
0.5,0,26.745619,-0.013603786,0,-34.099185,-5.2202143e-05,0
0.5,0,26.746142,-0.013438941,0,-34.089956,-5.3803323e-05,0
0.5,0,26.746495,-0.013129485,0,-34.080728,-5.53272e-05,0
0.5,0,26.746684,-0.01268559,0,-34.071499,-5.674166e-05,0
0.5,0,26.746766,-0.01212466,0,-34.062271,-5.8018416e-05,0
0.5,0,26.746827,-0.0114694,0,-34.053042,-5.9133745e-05,0
0.5,0,26.746946,-0.010744932,0,-34.043814,-6.0068913e-05,0
0.5,0,26.747167,-0.0099757181,0,-34.034586,-6.0810223e-05,0
0.5,0,26.747494,-0.0091836537,0,-34.025357,-6.1348772e-05,0
0.5,0,26.747892,-0.0083874198,0,-34.016129,-6.1679973e-05,0
0.5,0,26.748308,-0.0076037197,0,-34.0069,-6.1803096e-05,0
0.5,0,26.74868,-0.0068491815,0,-33.997672,-6.1721056e-05,0
0.5,0,26.748956,-0.0061408021,0,-33.988443,-6.1440332e-05,0
0.5,0,26.749099,-0.0054953026,0,-33.979215,-6.0970931e-05,0
0.5,0,26.749094,-0.0049278059,0,-33.969986,-6.0326371e-05,0
0.5,0,26.748956,-0.0044503064,0,-33.960758,-5.952368e-05,0
0.5,0,26.748727,-0.0040697141,0,-33.951529,-5.858333e-05,0
0.5,0,26.748461,-0.0037870048,0,-33.942301,-5.7529018e-05,0
0.5,0,26.748207,-0.00359825,0,-33.933072,-5.6387378e-05,0
0.5,0,26.747995,-0.0034974246,0,-33.923844,-5.5187639e-05,0
0.5,0,26.747844,-0.0034790756,0,-33.914615,-5.3961106e-05,0
0.5,0,26.747767,-0.0035402996,0,-33.905387,-5.2740362e-05,0
0.5,0,26.747775,-0.0036817417,0,-33.896159,-5.1558275e-05,0
0.5,0,26.747871,-0.0039071455,0,-33.88693,-5.0446933e-05,0
0.5,0,26.74804,-0.0042218533,0,-33.877702,-4.9436594e-05,0
0.5,0,26.748257,-0.0046306484,0,-33.868473,-4.8554741e-05,0
0.5,0,26.748494,-0.0051359506,0,-33.859245,-4.7825346e-05,0
0.5,0,26.748722,-0.0057368589,0,-33.850016,-4.7268409e-05,0
0.5,0,26.748915,-0.0064278253,0,-33.840788,-4.6899656e-05,0
0.5,0,26.749045,-0.0071981024,0,-33.831559,-4.6730426e-05,0
0.5,0,26.749098,-0.0080313294,0,-33.822331,-4.6767632e-05,0
0.5,0,26.749071,-0.0089062018,0,-33.813102,-4.7013766e-05,0
0.5,0,26.748981,-0.0097976064,0,-33.803874,-4.7466945e-05,0
0.5,0,26.748863,-0.010678767,0,-33.794645,-4.8121087e-05,0
0.5,0,26.748766,-0.011522469,0,-33.785417,-4.8966096e-05,0
0.5,0,26.748746,-0.012302379,0,-33.776188,-4.9987927e-05,0
0.5,0,26.748841,-0.012995242,0,-33.76696,-5.1168624e-05,0
0.5,0,26.749049,-0.013582535,0,-33.757732,-5.2486484e-05,0
0.5,0,26.749313,-0.014050921,0,-33.748503,-5.391632e-05,0
0.5,0,26.749546,-0.01439034,0,-33.739275,-5.5429636e-05,0
0.5,0,26.749673,-0.014592613,0,-33.730046,-5.6994755e-05,0
0.5,0,26.749679,-0.014652325,0,-33.720818,-5.8577191e-05,0
0.5,0,26.7496,-0.01456887,0,-33.711589,-6.0140484e-05,0
0.5,0,26.749512,-0.014345015,0,-33.702361,-6.1647307e-05,0
0.5,0,26.74945,-0.01398384,0,-33.693132,-6.3060368e-05,0
0.5,0,26.749459,-0.013490024,0,-33.683904,-6.4343092e-05,0
0.5,0,26.749405,-0.012876417,0,-33.674675,-6.5461099e-05,0
0.5,0,26.748614,-0.012151377,0,-33.665447,-6.6383969e-05,0
0.5,0,26.746507,-0.011260205,0,-33.656218,-6.7085226e-05,0
0.5,0,26.745344,-0.010230475,0,-33.64699,-6.7542028e-05,0
0.5,0,26.745665,-0.0091681909,0,-33.637761,-6.7738395e-05,0
0.5,0,26.745776,-0.0081172695,0,-33.628533,-6.7668743e-05,0
0.5,0,26.745866,-0.0070954556,0,-33.619305,-6.7334846e-05,0
0.5,0,26.745846,-0.0060992136,0,-33.610076,-6.6739805e-05,0
0.5,0,26.74558,-0.0051341342,0,-33.600848,-6.5888591e-05,0
0.5,0,26.745249,-0.0042208131,0,-33.591619,-6.4792443e-05,0
0.5,0,26.745044,-0.0033893054,0,-33.582391,-6.3467521e-05,0
0.5,0,26.744951,-0.0026704788,0,-33.573162,-6.1931117e-05,0
0.5,0,26.744885,-0.0020857394,0,-33.563934,-6.0203953e-05,0
0.5,0,26.744879,-0.0016478848,0,-33.554705,-5.8314237e-05,0
0.5,0,26.745001,-0.0013669066,0,-33.545477,-5.6296188e-05,0
0.5,0,26.745208,-0.0012469319,0,-33.536248,-5.4186229e-05,0
0.5,0,26.745293,-0.0012762429,0,-33.52702,-5.2021561e-05,0
0.5,0,26.745304,-0.0014252111,0,-33.517791,-4.9839964e-05,0
0.5,0,26.745973,-0.0016991973,0,-33.508563,-4.7679105e-05,0
0.5,0,26.746392,-0.0020894651,0,-33.499334,-4.5576754e-05,0
0.5,0,26.74615,-0.0025791544,0,-33.490106,-4.3571217e-05,0
0.5,0,26.746068,-0.0031795827,0,-33.480878,-4.1701187e-05,0
0.5,0,26.745894,-0.0038631702,0,-33.471649,-4.0002959e-05,0
0.5,0,26.745662,-0.0045908271,0,-33.462421,-3.8504904e-05,0
0.5,0,26.745492,-0.0053500409,0,-33.453192,-3.7226827e-05,0
0.5,0,26.745377,-0.0061591687,0,-33.443964,-3.6185709e-05,0
0.5,0,26.74538,-0.0070251272,0,-33.434735,-3.5397177e-05,0
0.5,0,26.74549,-0.0079333928,0,-33.425507,-3.4870776e-05,0
0.5,0,26.74555,-0.0088801792,0,-33.416278,-3.4609514e-05,0
0.5,0,26.745665,-0.0098285321,0,-33.40705,-3.4610458e-05,0
0.5,0,26.745932,-0.010687415,0,-33.397821,-3.4857077e-05,0
0.5,0,26.74651,-0.011417674,0,-33.388593,-3.5316327e-05,0
0.5,0,26.7477,-0.012061793,0,-33.379364,-3.5952704e-05,0
0.5,0,26.749206,-0.012625409,0,-33.370136,-3.6742292e-05,0
0.5,0,26.750566,-0.013065157,0,-33.360907,-3.7669537e-05,0
0.5,0,26.751757,-0.013370226,0,-33.351679,-3.871115e-05,0
0.5,0,26.752689,-0.013528384,0,-33.342451,-3.9823554e-05,0
0.5,0,26.753473,-0.013514226,0,-33.333222,-4.0951727e-05,0
0.5,0,26.754489,-0.013349078,0,-33.323994,-4.2051672e-05,0
0.5,0,26.755526,-0.013045071,0,-33.314765,-4.3096174e-05,0
0.5,0,26.756187,-0.012585926,0,-33.305537,-4.4061712e-05,0
0.5,0,26.75651,-0.012003864,0,-33.296308,-4.4919072e-05,0
0.5,0,26.756616,-0.011343886,0,-33.28708,-4.5635638e-05,0
0.5,0,26.756552,-0.01061018,0,-33.277851,-4.6181781e-05,0
0.5,0,26.756379,-0.0097986957,0,-33.268623,-4.6533624e-05,0
0.5,0,26.75617,-0.0089235,0,-33.259394,-4.6671935e-05,0
0.5,0,26.755982,-0.0080073548,0,-33.250166,-4.6581039e-05,0
0.5,0,26.755826,-0.0070711588,0,-33.240937,-4.6249145e-05,0
0.5,0,26.755685,-0.0061323552,0,-33.231709,-4.5669277e-05,0
0.5,0,26.755543,-0.0052074504,0,-33.22248,-4.4840051e-05,0
0.5,0,26.755403,-0.0043155408,0,-33.213252,-4.3766056e-05,0
0.5,0,26.755281,-0.003479681,0,-33.204024,-4.2457827e-05,0
0.5,0,26.755181,-0.0027258941,0,-33.194795,-4.0931674e-05,0
0.5,0,26.755091,-0.0020799247,0,-33.185567,-3.9209494e-05,0
0.5,0,26.754991,-0.0015622722,0,-33.176338,-3.7318426e-05,0
0.5,0,26.75486,-0.0011847397,0,-33.16711,-3.5290213e-05,0
0.5,0,26.754699,-0.00094996064,0,-33.157881,-3.3160348e-05,0
0.5,0,26.754531,-0.00085546152,0,-33.148653,-3.096705e-05,0
0.5,0,26.754383,-0.00089921285,0,-33.139424,-2.8749952e-05,0
0.5,0,26.75428,-0.001082684,0,-33.130196,-2.6548668e-05,0
0.5,0,26.754231,-0.001409386,0,-33.120967,-2.4401641e-05,0
0.5,0,26.754262,-0.0018797245,0,-33.111739,-2.2345596e-05,0
0.5,0,26.754388,-0.0024885256,0,-33.10251,-2.0415576e-05,0
0.5,0,26.754597,-0.0032277891,0,-33.093282,-1.8645522e-05,0
0.5,0,26.754718,-0.0040837939,0,-33.084053,-1.7068647e-05,0
0.5,0,26.754145,-0.0050219428,0,-33.074825,-1.5716337e-05,0
0.5,0,26.752718,-0.0059762908,0,-33.065597,-1.4615157e-05,0
0.5,0,26.752191,-0.0069383319,0,-33.056368,-1.3786959e-05,0
0.5,0,26.752882,-0.007935007,0,-33.04714,-1.3248732e-05,0
0.5,0,26.753626,-0.0089507153,0,-33.037911,-1.3010939e-05,0
0.5,0,26.75431,-0.0099640439,0,-33.028683,-1.3076753e-05,0
0.5,0,26.754825,-0.010951842,0,-33.019454,-1.3440749e-05,0
0.5,0,26.755132,-0.011889997,0,-33.010226,-1.4089759e-05,0
0.5,0,26.755271,-0.012756277,0,-33.000997,-1.5004506e-05,0
0.5,0,26.755327,-0.013528251,0,-32.991769,-1.6160157e-05,0
0.5,0,26.755323,-0.014182351,0,-32.98254,-1.7526184e-05,0
0.5,0,26.755305,-0.014698292,0,-32.973312,-1.9066723e-05,0
0.5,0,26.755299,-0.015062599,0,-32.964083,-2.0741125e-05,0
0.5,0,26.755317,-0.015265679,0,-32.954855,-2.2504353e-05,0
0.5,0,26.755346,-0.015296257,0,-32.945626,-2.4308036e-05,0
0.5,0,26.755354,-0.015145896,0,-32.936398,-2.6102381e-05,0
0.5,0,26.755315,-0.014814806,0,-32.92717,-2.7838005e-05,0
0.5,0,26.755204,-0.014305526,0,-32.917941,-2.9466854e-05,0
0.5,0,26.754992,-0.01361582,0,-32.908713,-3.0942447e-05,0
0.5,0,26.754668,-0.012751093,0,-32.899484,-3.2221025e-05,0
0.5,0,26.754257,-0.011738243,0,-32.890256,-3.3263219e-05,0
0.5,0,26.753796,-0.010614586,0,-32.881027,-3.4034883e-05,0
0.5,0,26.753311,-0.0094084856,0,-32.871799,-3.4507672e-05,0
0.5,0,26.752831,-0.0081414189,0,-32.86257,-3.4660021e-05,0
0.5,0,26.752393,-0.0068392348,0,-32.853342,-3.4477336e-05,0
0.5,0,26.752039,-0.0055318766,0,-32.844113,-3.3951689e-05,0
0.5,0,26.751808,-0.0042482271,0,-32.834885,-3.3082097e-05,0
0.5,0,26.751728,-0.0030167046,0,-32.825656,-3.1874621e-05,0
0.5,0,26.751799,-0.0018648665,0,-32.816428,-3.0342058e-05,0
0.5,0,26.751986,-0.00081615025,0,-32.807199,-2.8504371e-05,0
0.5,0,26.752239,0.00010991564,0,-32.797971,-2.6389606e-05,0
0.5,0,26.752488,0.00089553201,0,-32.788743,-2.4033975e-05,0
0.5,0,26.752665,0.0015251679,0,-32.779514,-2.1480561e-05,0
0.5,0,26.75272,0.0019871237,0,-32.770286,-1.8777276e-05,0
0.5,0,26.7526,0.0022715942,0,-32.761057,-1.5975136e-05,0
0.5,0,26.752292,0.0023718406,0,-32.751829,-1.3127023e-05,0
0.5,0,26.75184,0.0022884254,0,-32.7426,-1.0286103e-05,0
0.5,0,26.75135,0.0020221281,0,-32.733372,-7.5037766e-06,0
0.5,0,26.750993,0.0015467292,0,-32.724143,-4.8288475e-06,0
0.5,0,26.75112,0.00079039319,0,-32.714915,-2.3080653e-06,0
0.5,0,26.75217,-8.5479994e-05,0,-32.705755,-2.5804012e-15,0
0.5,0,26.766112,-0.012525294,0,-32.548802,-5.0030902e-07,0
0.5,0,26.766509,-0.012434726,0,-32.552221,-2.5804012e-15,0
0.5,0,26.765139,-0.012479965,0,-32.539574,-1.799234e-06,0
0.5,0,26.764219,-0.012160051,0,-32.530345,-3.0054448e-06,0
0.5,0,26.763345,-0.011608365,0,-32.521117,-4.0786516e-06,0
0.5,0,26.76259,-0.010877363,0,-32.511889,-4.9794804e-06,0
0.5,0,26.76198,-0.010014208,0,-32.50266,-5.6713621e-06,0
0.5,0,26.761363,-0.0090494631,0,-32.493432,-6.12141e-06,0
0.5,0,26.760696,-0.0079879374,0,-32.484203,-6.3030181e-06,0
0.5,0,26.760538,-0.0068611964,0,-32.474975,-6.1985958e-06,0
0.5,0,26.760113,-0.0056910369,0,-32.465746,-5.800416e-06,0
0.5,0,26.759162,-0.0044948214,0,-32.456518,-5.1084953e-06,0
0.5,0,26.758577,-0.0033289733,0,-32.447289,-4.128001e-06,0
0.5,0,26.758298,-0.0022721659,0,-32.438061,-2.8689296e-06,0
0.5,0,26.758684,-0.0014856033,0,-32.428832,-1.3474535e-06,0
0.5,0,26.759882,-0.00090461635,0,-32.421791,-2.5804012e-15,0
0.5,0,26.809833,-0.021536494,0,-31.367559,-3.4828137e-06,0
0.5,0,26.808385,-0.020837565,0,-31.37634,-2.5804012e-15,0
0.5,0,26.810832,-0.022051541,0,-31.35833,-7.3063527e-06,0
0.5,0,26.811661,-0.022483522,0,-31.349102,-1.1248311e-05,0
0.5,0,26.812523,-0.022702583,0,-31.339873,-1.5263092e-05,0
0.5,0,26.813376,-0.022727153,0,-31.330645,-1.930029e-05,0
0.5,0,26.814093,-0.022573423,0,-31.321416,-2.330258e-05,0
0.5,0,26.814513,-0.022214233,0,-31.312188,-2.722101e-05,0
0.5,0,26.814478,-0.021643907,0,-31.302959,-3.1013784e-05,0
0.5,0,26.813887,-0.020877994,0,-31.293731,-3.4636642e-05,0
0.5,0,26.812723,-0.019947511,0,-31.284502,-3.8043186e-05,0
0.5,0,26.811043,-0.018878932,0,-31.275274,-4.1191637e-05,0
0.5,0,26.808923,-0.017683679,0,-31.266046,-4.4046006e-05,0
0.5,0,26.806459,-0.016397274,0,-31.256817,-4.6573298e-05,0
0.5,0,26.803772,-0.015057391,0,-31.247589,-4.8745082e-05,0
0.5,0,26.800972,-0.013671725,0,-31.23836,-5.0541289e-05,0
0.5,0,26.798159,-0.012256579,0,-31.229132,-5.1954068e-05,0
0.5,0,26.795417,-0.010854483,0,-31.219903,-5.2987834e-05,0
0.5,0,26.79287,-0.0095037847,0,-31.210675,-5.3657188e-05,0
0.5,0,26.790702,-0.0082303707,0,-31.201446,-5.3985703e-05,0
0.5,0,26.789079,-0.0070609683,0,-31.192218,-5.4001182e-05,0
0.5,0,26.788127,-0.006043125,0,-31.182989,-5.3735468e-05,0
0.5,0,26.787894,-0.0051993711,0,-31.173761,-5.3226928e-05,0
0.5,0,26.788315,-0.0045196814,0,-31.164532,-5.2517951e-05,0
0.5,0,26.789274,-0.0040036263,0,-31.155304,-5.1654941e-05,0
0.5,0,26.790636,-0.0036502308,0,-31.146075,-5.0689267e-05,0
0.5,0,26.792272,-0.0034641398,0,-31.136847,-4.967573e-05,0
0.5,0,26.794068,-0.003467928,0,-31.127619,-4.8668047e-05,0
0.5,0,26.79594,-0.0036900041,0,-31.11839,-4.7715554e-05,0
0.5,0,26.797831,-0.0041383737,0,-31.109162,-4.6863534e-05,0
0.5,0,26.799694,-0.0047925333,0,-31.099933,-4.6155488e-05,0
0.5,0,26.801477,-0.0056151216,0,-31.090705,-4.5634532e-05,0
0.5,0,26.803124,-0.0065682656,0,-31.081476,-4.534264e-05,0
0.5,0,26.804582,-0.0076233189,0,-31.072248,-4.5318289e-05,0
0.5,0,26.805813,-0.0087596418,0,-31.063019,-4.5594078e-05,0
0.5,0,26.806809,-0.0099586842,0,-31.053791,-4.619532e-05,0
0.5,0,26.807589,-0.011200321,0,-31.044562,-4.7139692e-05,0
0.5,0,26.808188,-0.012462278,0,-31.035334,-4.8437423e-05,0
0.5,0,26.808645,-0.01372253,0,-31.026105,-5.0091679e-05,0
0.5,0,26.808986,-0.014959021,0,-31.016877,-5.2099116e-05,0
0.5,0,26.809225,-0.016147607,0,-31.007648,-5.445059e-05,0
0.5,0,26.809362,-0.017262979,0,-30.99842,-5.7131919e-05,0
0.5,0,26.809404,-0.018282888,0,-30.989192,-6.0124365e-05,0
0.5,0,26.809369,-0.019192057,0,-30.979963,-6.3404441e-05,0
0.5,0,26.80928,-0.019982541,0,-30.970735,-6.694324e-05,0
0.5,0,26.809142,-0.020650464,0,-30.961506,-7.0706139e-05,0
0.5,0,26.808927,-0.021190328,0,-30.952278,-7.4653547e-05,0
0.5,0,26.808565,-0.021590788,0,-30.943049,-7.8742508e-05,0
0.5,0,26.807963,-0.02183521,0,-30.933821,-8.2928334e-05,0
0.5,0,26.807047,-0.021908144,0,-30.924592,-8.7165667e-05,0
0.5,0,26.805799,-0.021803573,0,-30.915364,-9.1408806e-05,0
0.5,0,26.80429,-0.021529189,0,-30.906135,-9.561153e-05,0
0.5,0,26.802681,-0.021103246,0,-30.896907,-9.9726888e-05,0
0.5,0,26.801207,-0.020546634,0,-30.887678,-0.00010370745,0
0.5,0,26.800133,-0.019874264,0,-30.87845,-0.00010750614,0
0.5,0,26.799706,-0.019092016,0,-30.869221,-0.00011107771,0
0.5,0,26.800108,-0.018199997,0,-30.859993,-0.00011438068,0
0.5,0,26.801427,-0.017198199,0,-30.850765,-0.00011737921,0
0.5,0,26.803646,-0.016091145,0,-30.841536,-0.00012004422,0
0.5,0,26.806652,-0.014891918,0,-30.832308,-0.00012235376,0
0.5,0,26.810259,-0.013621773,0,-30.823079,-0.00012429257,0
0.5,0,26.814251,-0.012308116,0,-30.813851,-0.00012585133,0
0.5,0,26.818424,-0.010982321,0,-30.804622,-0.00012702613,0
0.5,0,26.822608,-0.0096761987,0,-30.795394,-0.00012781831,0
0.5,0,26.826694,-0.0084200043,0,-30.786165,-0.00012823501,0
0.5,0,26.830612,-0.0072411692,0,-30.776937,-0.00012828991,0
0.5,0,26.83432,-0.0061636695,0,-30.767708,-0.00012800384,0
0.5,0,26.837761,-0.0052091017,0,-30.75848,-0.000127405,0
0.5,0,26.840877,-0.0043959581,0,-30.749251,-0.00012652876,0
0.5,0,26.843572,-0.0037376187,0,-30.740023,-0.00012541688,0
0.5,0,26.845749,-0.0032419152,0,-30.730794,-0.00012411642,0
0.5,0,26.847077,-0.0029107419,0,-30.721566,-0.00012267843,0
0.5,0,26.846863,-0.0027285848,0,-30.712338,-0.00012115628,0
0.5,0,26.845263,-0.0026564196,0,-30.703109,-0.00011960374,0
0.5,0,26.843906,-0.0027117653,0,-30.693881,-0.00011807427,0
0.5,0,26.843135,-0.0029465466,0,-30.684652,-0.00011662006,0
0.5,0,26.842201,-0.0033714823,0,-30.675424,-0.00011529102,0
0.5,0,26.84106,-0.0039833716,0,-30.666195,-0.00011413403,0
0.5,0,26.839722,-0.0047733281,0,-30.656967,-0.00011319205,0
0.5,0,26.83839,-0.0057196365,0,-30.647738,-0.00011250426,0
0.5,0,26.837312,-0.0067991261,0,-30.63851,-0.00011210604,0
0.5,0,26.836119,-0.0079765443,0,-30.629281,-0.00011202568,0
0.5,0,26.835195,-0.0092372222,0,-30.620053,-0.0001122863,0
0.5,0,26.834821,-0.010573679,0,-30.610824,-0.00011290657,0
0.5,0,26.834374,-0.011938812,0,-30.601596,-0.00011389656,0
0.5,0,26.83398,-0.01328487,0,-30.592367,-0.00011525596,0
0.5,0,26.833687,-0.014572211,0,-30.583139,-0.00011697345,0
0.5,0,26.833338,-0.015768364,0,-30.57391,-0.0001190289,0
0.5,0,26.832864,-0.016846111,0,-30.564682,-0.00012139491,0
0.5,0,26.832215,-0.017785189,0,-30.555454,-0.00012403729,0
0.5,0,26.831385,-0.018575664,0,-30.546225,-0.00012691696,0
0.5,0,26.830415,-0.019212465,0,-30.536997,-0.00012999253,0
0.5,0,26.829376,-0.019688506,0,-30.527768,-0.00013322139,0
0.5,0,26.828377,-0.019993239,0,-30.51854,-0.00013655938,0
0.5,0,26.827528,-0.020116286,0,-30.509311,-0.00013996023,0
0.5,0,26.826917,-0.020054066,0,-30.500083,-0.00014337549,0
0.5,0,26.8266,-0.019810212,0,-30.490854,-0.00014675488,0
0.5,0,26.826614,-0.01939269,0,-30.481626,-0.00015004705,0
0.5,0,26.826968,-0.018812706,0,-30.472397,-0.00015320086,0
0.5,0,26.827624,-0.018083569,0,-30.463169,-0.00015616648,0
0.5,0,26.8285,-0.017216211,0,-30.45394,-0.00015889614,0
0.5,0,26.829472,-0.016214412,0,-30.444712,-0.00016134477,0
0.5,0,26.830446,-0.015076902,0,-30.435483,-0.00016347103,0
0.5,0,26.831296,-0.013808902,0,-30.426255,-0.0001652383,0
0.5,0,26.831965,-0.012432639,0,-30.417027,-0.00016661604,0
0.5,0,26.832389,-0.010984308,0,-30.407798,-0.00016758146,0
0.5,0,26.832489,-0.0095016168,0,-30.39857,-0.00016811971,0
0.5,0,26.832304,-0.0080151308,0,-30.389341,-0.00016822234,0
0.5,0,26.831885,-0.0065492126,0,-30.380113,-0.0001678865,0
0.5,0,26.831333,-0.0051281825,0,-30.370884,-0.00016711568,0
0.5,0,26.830729,-0.0037788526,0,-30.361656,-0.00016592086,0
0.5,0,26.830132,-0.002528571,0,-30.352427,-0.00016432132,0
0.5,0,26.829623,-0.0014033235,0,-30.343199,-0.00016234467,0
0.5,0,26.829278,-0.00042178081,0,-30.33397,-0.00016002606,0
0.5,0,26.829085,0.00042060511,0,-30.324742,-0.00015740559,0
0.5,0,26.829033,0.0011283876,0,-30.315513,-0.00015452483,0
0.5,0,26.829042,0.0014573573,0,-30.306285,-0.00015144015,0
0.5,0,26.829432,0.0015947116,0,-30.297056,-0.00014822055,0
0.5,0,26.830169,0.0018027743,0,-30.287828,-0.00014491668,0
0.5,0,26.830878,0.0017477719,0,-30.2786,-0.00014157026,0
0.5,0,26.831596,0.0014320208,0,-30.269371,-0.00013824324,0
0.5,0,26.832288,0.0010076281,0,-30.260143,-0.00013500164,0
0.5,0,26.832944,0.00041845437,0,-30.250914,-0.00013189853,0
0.5,0,26.833488,-0.00036209439,0,-30.241686,-0.00012898313,0
0.5,0,26.833845,-0.0013259183,0,-30.232457,-0.00012630284,0
0.5,0,26.83397,-0.0024714819,0,-30.223229,-0.00012390051,0
0.5,0,26.833833,-0.0037869534,0,-30.214,-0.00012181344,0
0.5,0,26.833435,-0.0052423645,0,-30.204772,-0.00012007279,0
0.5,0,26.832819,-0.0067977766,0,-30.195543,-0.00011870268,0
0.5,0,26.832041,-0.0084097678,0,-30.186315,-0.00011771866,0
0.5,0,26.831167,-0.010038118,0,-30.177086,-0.00011712759,0
0.5,0,26.830251,-0.011641119,0,-30.167858,-0.00011692782,0
0.5,0,26.829155,-0.013177943,0,-30.158629,-0.00011710879,0
0.5,0,26.828308,-0.01460027,0,-30.149401,-0.00011765287,0
0.5,0,26.827544,-0.015855502,0,-30.140173,-0.00011853317,0
0.5,0,26.826627,-0.016943414,0,-30.130944,-0.00011971137,0
0.5,0,26.825877,-0.0178861,0,-30.121716,-0.00012114525,0
0.5,0,26.825163,-0.018679258,0,-30.112487,-0.0001227942,0
0.5,0,26.824473,-0.019316305,0,-30.103259,-0.00012461642,0
0.5,0,26.823847,-0.019799505,0,-30.09403,-0.00012656502,0
0.5,0,26.823206,-0.020132087,0,-30.084802,-0.00012859105,0
0.5,0,26.822666,-0.020334807,0,-30.075573,-0.00013064985,0
0.5,0,26.822312,-0.020422838,0,-30.066345,-0.00013269593,0
0.5,0,26.82207,-0.020369168,0,-30.057116,-0.00013467958,0
0.5,0,26.822028,-0.020146383,0,-30.047888,-0.00013655299,0
0.5,0,26.822046,-0.019769119,0,-30.038659,-0.00013826927,0
0.5,0,26.822064,-0.019251278,0,-30.029431,-0.00013978379,0
0.5,0,26.822108,-0.018571823,0,-30.020202,-0.00014105671,0
0.5,0,26.822187,-0.017725233,0,-30.010974,-0.00014204725,0
0.5,0,26.822305,-0.01672247,0,-30.001746,-0.00014271485,0
0.5,0,26.822457,-0.015561863,0,-29.992517,-0.000143026,0
0.5,0,26.822627,-0.014250848,0,-29.983289,-0.00014295536,0
0.5,0,26.822793,-0.012828435,0,-29.97406,-0.00014248324,0
0.5,0,26.822935,-0.011356754,0,-29.964832,-0.00014159392,0
0.5,0,26.823043,-0.0098918619,0,-29.955603,-0.0001402769,0
0.5,0,26.823106,-0.0084613888,0,-29.946375,-0.0001385299,0
0.5,0,26.823114,-0.0070676709,0,-29.937146,-0.00013636073,0
0.5,0,26.823054,-0.0057101244,0,-29.927918,-0.0001337865,0
0.5,0,26.822912,-0.0044039301,0,-29.918689,-0.00013083135,0
0.5,0,26.822681,-0.0031819092,0,-29.909461,-0.0001275248,0
0.5,0,26.822368,-0.0020841952,0,-29.900232,-0.00012390118,0
0.5,0,26.821986,-0.0011464203,0,-29.891004,-0.00011999954,0
0.5,0,26.821541,-0.0003935071,0,-29.881775,-0.00011586363,0
0.5,0,26.821041,0.00015970323,0,-29.872547,-0.00011154216,0
0.5,0,26.820478,0.00050438794,0,-29.863319,-0.00010708909,0
0.5,0,26.819765,0.00063438002,0,-29.85409,-0.00010256301,0
0.5,0,26.818798,0.00054653213,0,-29.844862,-9.8025239e-05,0
0.5,0,26.817464,0.00024441231,0,-29.835633,-9.3537055e-05,0
0.5,0,26.815926,-0.00026044568,0,-29.826405,-8.9156932e-05,0
0.5,0,26.814158,-0.0009613237,0,-29.817176,-8.4940523e-05,0
0.5,0,26.81214,-0.0018541265,0,-29.807948,-8.0940449e-05,0
0.5,0,26.810047,-0.0029130613,0,-29.798719,-7.7204137e-05,0
0.5,0,26.807895,-0.0041060951,0,-29.789491,-7.3773464e-05,0
0.5,0,26.805911,-0.0054161332,0,-29.780262,-7.0684418e-05,0
0.5,0,26.80431,-0.0068272121,0,-29.771034,-6.7966042e-05,0
0.5,0,26.803275,-0.0083168488,0,-29.761805,-6.5640323e-05,0
0.5,0,26.802984,-0.0098585774,0,-29.752577,-6.3722689e-05,0
0.5,0,26.80355,-0.0114239,0,-29.743348,-6.2222569e-05,0
0.5,0,26.804998,-0.012984667,0,-29.73412,-6.1143704e-05,0
0.5,0,26.807266,-0.01451489,0,-29.724892,-6.0484001e-05,0
0.5,0,26.810211,-0.015990767,0,-29.715663,-6.02351e-05,0
0.5,0,26.813632,-0.017390055,0,-29.706435,-6.0382001e-05,0
0.5,0,26.817295,-0.018692025,0,-29.697206,-6.0902915e-05,0
0.5,0,26.820956,-0.019877458,0,-29.687978,-6.1769467e-05,0
0.5,0,26.824393,-0.020928118,0,-29.678749,-6.2947245e-05,0
0.5,0,26.827421,-0.021826302,0,-29.669521,-6.4396526e-05,0
0.5,0,26.829922,-0.022554856,0,-29.660292,-6.6072941e-05,0
0.5,0,26.831847,-0.023097865,0,-29.651064,-6.7927862e-05,0
0.5,0,26.833215,-0.023441703,0,-29.641835,-6.9908491e-05,0
0.5,0,26.834095,-0.023575485,0,-29.632607,-7.1957844e-05,0
0.5,0,26.834599,-0.023491087,0,-29.623378,-7.4015042e-05,0
0.5,0,26.834867,-0.023183263,0,-29.61415,-7.6016165e-05,0
0.5,0,26.835047,-0.022650258,0,-29.604921,-7.7895729e-05,0
0.5,0,26.835269,-0.021893951,0,-29.595693,-7.9588603e-05,0
0.5,0,26.835625,-0.02091974,0,-29.586465,-8.103193e-05,0
0.5,0,26.836172,-0.019738156,0,-29.577236,-8.2166781e-05,0
0.5,0,26.836927,-0.018368167,0,-29.568008,-8.2939707e-05,0
0.5,0,26.837883,-0.016839663,0,-29.558779,-8.330445e-05,0
0.5,0,26.839015,-0.015191411,0,-29.549551,-8.3223631e-05,0
0.5,0,26.840283,-0.013465091,0,-29.540322,-8.2669925e-05,0
0.5,0,26.841631,-0.011700705,0,-29.531094,-8.1626538e-05,0
0.5,0,26.84299,-0.0099357828,0,-29.521865,-8.0087281e-05,0
0.5,0,26.84427,-0.0082065115,0,-29.512637,-7.8056525e-05,0
0.5,0,26.845359,-0.0065480965,0,-29.503408,-7.554897e-05,0
0.5,0,26.846157,-0.0049929295,0,-29.49418,-7.2588989e-05,0
0.5,0,26.846602,-0.0035680464,0,-29.484951,-6.9209562e-05,0
0.5,0,26.84665,-0.0022938024,0,-29.475723,-6.5450969e-05,0
0.5,0,26.846276,-0.001184807,0,-29.466494,-6.1359536e-05,0
0.5,0,26.845474,-0.00025302056,0,-29.457266,-5.6986608e-05,0
0.5,0,26.844268,0.00048960301,0,-29.448038,-5.238786e-05,0
0.5,0,26.842708,0.0010310023,0,-29.438809,-4.7622901e-05,0
0.5,0,26.840863,0.0013600905,0,-29.429581,-4.275487e-05,0
0.5,0,26.838822,0.0014677238,0,-29.420352,-3.7849614e-05,0
0.5,0,26.836687,0.0013483704,0,-29.411124,-3.2974302e-05,0
0.5,0,26.834567,0.0010017773,0,-29.401895,-2.8195845e-05,0
0.5,0,26.832561,0.00043259315,0,-29.392667,-2.3579483e-05,0
0.5,0,26.830745,-0.00035053496,0,-29.383438,-1.9187488e-05,0
0.5,0,26.82917,-0.0013308518,0,-29.37421,-1.5077463e-05,0
0.5,0,26.827854,-0.0024793433,0,-29.364981,-1.1299919e-05,0
0.5,0,26.826806,-0.0037641917,0,-29.355753,-7.8962571e-06,0
0.5,0,26.826026,-0.0051769987,0,-29.346524,-4.8994144e-06,0
0.5,0,26.82565,-0.0067252462,0,-29.337296,-2.3363863e-06,0
0.5,0,26.825918,-0.0081896026,0,-29.328067,-2.2403722e-07,0
0.5,0,26.826025,-0.0083571667,0,-29.326817,-2.5804012e-15,0
0.5,0,26.823208,-0.020625838,0,-29.25424,-1.703664e-08,0
0.5,0,26.823228,-0.020606395,0,-29.254344,-2.5804012e-15,0
0.5,0,26.821153,-0.022001138,0,-29.245011,-1.8620213e-06,0
0.5,0,26.819054,-0.023000574,0,-29.235783,-3.9902805e-06,0
0.5,0,26.81701,-0.023724552,0,-29.226554,-6.344209e-06,0
0.5,0,26.815092,-0.024147409,0,-29.217326,-8.8640438e-06,0
0.5,0,26.813367,-0.024293266,0,-29.208097,-1.1488932e-05,0
0.5,0,26.811851,-0.024213393,0,-29.198869,-1.4151921e-05,0
0.5,0,26.810508,-0.023930142,0,-29.18964,-1.6784443e-05,0
0.5,0,26.809293,-0.023443472,0,-29.180412,-1.9322043e-05,0
0.5,0,26.808181,-0.022758466,0,-29.171184,-2.1705922e-05,0
0.5,0,26.807173,-0.021889856,0,-29.161955,-2.3882023e-05,0
0.5,0,26.806281,-0.020853489,0,-29.152727,-2.5800593e-05,0
0.5,0,26.805508,-0.019665859,0,-29.143498,-2.7415628e-05,0
0.5,0,26.804846,-0.018345216,0,-29.13427,-2.8683726e-05,0
0.5,0,26.804271,-0.016905824,0,-29.125041,-2.9564319e-05,0
0.5,0,26.803751,-0.015355001,0,-29.115813,-3.0022669e-05,0
0.5,0,26.803249,-0.013703827,0,-29.106584,-3.003378e-05,0
0.5,0,26.80273,-0.011981558,0,-29.097356,-2.9584621e-05,0
0.5,0,26.802164,-0.010235673,0,-29.088127,-2.8674065e-05,0
0.5,0,26.801547,-0.0085164845,0,-29.078899,-2.7311435e-05,0
0.5,0,26.800907,-0.0068623315,0,-29.06967,-2.5514505e-05,0
0.5,0,26.800305,-0.0052975322,0,-29.060442,-2.3307804e-05,0
0.5,0,26.799816,-0.0038369895,0,-29.051213,-2.0721976e-05,0
0.5,0,26.799507,-0.0024827739,0,-29.041985,-1.7793301e-05,0
0.5,0,26.799431,-0.0012247471,0,-29.032757,-1.456142e-05,0
0.5,0,26.799692,-7.3255557e-05,0,-29.023528,-1.1066659e-05,0
0.5,0,26.800543,0.00086137963,0,-29.0143,-7.3507434e-06,0
0.5,0,26.802739,0.0013459418,0,-29.005071,-3.4628594e-06,0
0.5,0,26.806478,0.0018865712,0,-28.99712,-2.5804012e-15,0
0.5,0,26.837733,-0.019580743,0,-28.700532,-5.5370722e-07,0
0.5,0,26.838368,-0.019783205,0,-28.702774,-2.5804012e-15,0
0.5,0,26.833938,-0.01825251,0,-28.691303,-2.4899778e-06,0
0.5,0,26.829454,-0.016826352,0,-28.682075,-4.0603806e-06,0
0.5,0,26.824687,-0.015263083,0,-28.672846,-5.2491547e-06,0
0.5,0,26.819886,-0.013596734,0,-28.663618,-6.0391653e-06,0
0.5,0,26.815228,-0.011902262,0,-28.654389,-6.4103499e-06,0
0.5,0,26.810853,-0.010201697,0,-28.645161,-6.3417794e-06,0
0.5,0,26.806876,-0.0084747035,0,-28.635932,-5.818493e-06,0
0.5,0,26.803418,-0.0067201545,0,-28.626704,-4.8340444e-06,0
0.5,0,26.800626,-0.0049817111,0,-28.617476,-3.3909523e-06,0
0.5,0,26.798794,-0.003320457,0,-28.608247,-1.5028204e-06,0
0.5,0,26.798414,-0.0020586676,0,-28.602261,-2.5804012e-15,0
0.5,0,26.857455,-0.027197703,0,-28.276022,-1.2659367e-06,0
0.5,0,26.857287,-0.027384405,0,-28.278745,-2.5804012e-15,0
0.5,0,26.855621,-0.025739956,0,-28.266794,-5.2874031e-06,0
0.5,0,26.852071,-0.024461608,0,-28.257565,-8.9854383e-06,0
0.5,0,26.847827,-0.023199594,0,-28.248337,-1.2317987e-05,0
0.5,0,26.843233,-0.021842255,0,-28.239108,-1.5247374e-05,0
0.5,0,26.838448,-0.020425698,0,-28.22988,-1.7733797e-05,0
0.5,0,26.833549,-0.018912311,0,-28.220651,-1.9742666e-05,0
0.5,0,26.828681,-0.017230655,0,-28.211423,-2.1256826e-05,0
0.5,0,26.824163,-0.015386562,0,-28.202195,-2.2271422e-05,0
0.5,0,26.820384,-0.013454764,0,-28.192966,-2.2783591e-05,0
0.5,0,26.817647,-0.011515649,0,-28.183738,-2.2790977e-05,0
0.5,0,26.816076,-0.009637377,0,-28.174509,-2.2294074e-05,0
0.5,0,26.815596,-0.0078695189,0,-28.165281,-2.1297711e-05,0
0.5,0,26.815976,-0.0062203347,0,-28.156052,-1.98151e-05,0
0.5,0,26.81688,-0.0046596818,0,-28.146824,-1.7874494e-05,0
0.5,0,26.817929,-0.0031625766,0,-28.137595,-1.5521671e-05,0
0.5,0,26.818793,-0.0017487628,0,-28.128367,-1.2814516e-05,0
0.5,0,26.819285,-0.00048140435,0,-28.119138,-9.8150432e-06,0
0.5,0,26.819391,0.00056595308,0,-28.10991,-6.5858868e-06,0
0.5,0,26.819342,0.0013796674,0,-28.100681,-3.1924187e-06,0
0.5,0,26.819402,0.0021864639,0,-28.092249,-2.5804012e-15,0
0.5,0,26.812573,-0.031598441,0,-27.897655,-2.0011071e-06,0
0.5,0,26.812297,-0.031091602,0,-27.901796,-2.5804012e-15,0
0.5,0,26.810778,-0.031701334,0,-27.888427,-6.671414e-06,0
0.5,0,26.807606,-0.031913857,0,-27.879198,-1.150773e-05,0
0.5,0,26.804321,-0.032128072,0,-27.86997,-1.6453908e-05,0
0.5,0,26.801447,-0.032273486,0,-27.860741,-2.1443557e-05,0
0.5,0,26.799027,-0.032361898,0,-27.851513,-2.6393843e-05,0
0.5,0,26.796931,-0.032298264,0,-27.842284,-3.1225645e-05,0
0.5,0,26.795076,-0.031944512,0,-27.833056,-3.5883197e-05,0
0.5,0,26.793555,-0.031269684,0,-27.823827,-4.0326122e-05,0
0.5,0,26.792614,-0.030342897,0,-27.814599,-4.4512628e-05,0
0.5,0,26.792502,-0.029255154,0,-27.80537,-4.8392894e-05,0
0.5,0,26.793328,-0.02808814,0,-27.796142,-5.1910026e-05,0
0.5,0,26.795018,-0.026892887,0,-27.786914,-5.5004684e-05,0
0.5,0,26.797371,-0.025653223,0,-27.777685,-5.7625238e-05,0
0.5,0,26.800143,-0.024291459,0,-27.768457,-5.9739391e-05,0
0.5,0,26.803116,-0.022736394,0,-27.759228,-6.1337578e-05,0
0.5,0,26.806151,-0.02098736,0,-27.75,-6.2425443e-05,0
0.5,0,26.809175,-0.019116191,0,-27.740771,-6.301286e-05,0
0.5,0,26.81212,-0.017222642,0,-27.731543,-6.3107678e-05,0
0.5,0,26.814894,-0.015389493,0,-27.722314,-6.2716184e-05,0
0.5,0,26.81737,-0.013660193,0,-27.713086,-6.1847945e-05,0
0.5,0,26.819353,-0.012041431,0,-27.703857,-6.0521698e-05,0
0.5,0,26.820602,-0.010528603,0,-27.694629,-5.8768667e-05,0
0.5,0,26.820911,-0.0091395751,0,-27.6854,-5.6630742e-05,0
0.5,0,26.820194,-0.0079285956,0,-27.676172,-5.4154766e-05,0
0.5,0,26.818526,-0.0069658894,0,-27.666943,-5.1387597e-05,0
0.5,0,26.81612,-0.0063011661,0,-27.657715,-4.8375817e-05,0
0.5,0,26.813274,-0.0059412221,0,-27.648487,-4.516966e-05,0
0.5,0,26.810304,-0.0058546945,0,-27.639258,-4.1827659e-05,0
0.5,0,26.80748,-0.0059967241,0,-27.63003,-3.8418489e-05,0
0.5,0,26.804976,-0.006336647,0,-27.620801,-3.5018472e-05,0
0.5,0,26.802863,-0.0068717403,0,-27.611573,-3.1705828e-05,0
0.5,0,26.801132,-0.007619493,0,-27.602344,-2.8554661e-05,0
0.5,0,26.799736,-0.0085968453,0,-27.593116,-2.5631453e-05,0
0.5,0,26.798623,-0.0098041522,0,-27.583887,-2.299462e-05,0
0.5,0,26.797759,-0.011224158,0,-27.574659,-2.0695504e-05,0
0.5,0,26.797118,-0.01282992,0,-27.56543,-1.8779087e-05,0
0.5,0,26.796661,-0.014589073,0,-27.556202,-1.7284175e-05,0
0.5,0,26.796293,-0.016461027,0,-27.546973,-1.6243953e-05,0
0.5,0,26.795852,-0.018394636,0,-27.537745,-1.5687165e-05,0
0.5,0,26.795123,-0.020334916,0,-27.528516,-1.5638809e-05,0
0.5,0,26.793899,-0.022238441,0,-27.519288,-1.6118863e-05,0
0.5,0,26.792052,-0.024086459,0,-27.51006,-1.7138811e-05,0
0.5,0,26.789576,-0.025884492,0,-27.500831,-1.8697571e-05,0
0.5,0,26.786578,-0.027646165,0,-27.491603,-2.0779306e-05,0
0.5,0,26.783216,-0.029371838,0,-27.482374,-2.3354699e-05,0
0.5,0,26.779633,-0.03103568,0,-27.473146,-2.6385099e-05,0
0.5,0,26.775904,-0.032589176,0,-27.463917,-2.9827349e-05,0
0.5,0,26.772046,-0.033978759,0,-27.454689,-3.3636852e-05,0
0.5,0,26.768072,-0.035164668,0,-27.44546,-3.7767785e-05,0
0.5,0,26.764045,-0.036129364,0,-27.436232,-4.2171269e-05,0
0.5,0,26.760109,-0.036872279,0,-27.427003,-4.6793413e-05,0
0.5,0,26.756476,-0.037396987,0,-27.417775,-5.1574906e-05,0
0.5,0,26.753361,-0.037700445,0,-27.408546,-5.6452478e-05,0
0.5,0,26.750923,-0.037771143,0,-27.399318,-6.1361277e-05,0
0.5,0,26.749225,-0.037596209,0,-27.390089,-6.6236716e-05,0
0.5,0,26.748223,-0.037171198,0,-27.380861,-7.1014963e-05,0
0.5,0,26.747802,-0.036505233,0,-27.371633,-7.5632398e-05,0
0.5,0,26.747807,-0.035618545,0,-27.362404,-8.0025075e-05,0
0.5,0,26.748077,-0.034534873,0,-27.353176,-8.4129146e-05,0
0.5,0,26.748468,-0.033273945,0,-27.343947,-8.788254e-05,0
0.5,0,26.748856,-0.031848233,0,-27.334719,-9.1227462e-05,0
0.5,0,26.749144,-0.030265055,0,-27.32549,-9.411289e-05,0
0.5,0,26.749267,-0.028532168,0,-27.316262,-9.6496328e-05,0
0.5,0,26.749199,-0.026663279,0,-27.307033,-9.8344507e-05,0
0.5,0,26.748957,-0.024681315,0,-27.297805,-9.9633175e-05,0
0.5,0,26.748592,-0.022618227,0,-27.288576,-0.00010034646,0
0.5,0,26.748185,-0.02051204,0,-27.279348,-0.00010047631,0
0.5,0,26.747827,-0.018403713,0,-27.270119,-0.00010002222,0
0.5,0,26.747605,-0.016335123,0,-27.260891,-9.8991381e-05,0
0.5,0,26.747595,-0.014348656,0,-27.251662,-9.7398859e-05,0
0.5,0,26.747854,-0.012486995,0,-27.242434,-9.5267755e-05,0
0.5,0,26.748417,-0.010791262,0,-27.233206,-9.2629245e-05,0
0.5,0,26.749299,-0.0092974089,0,-27.223977,-8.9522713e-05,0
0.5,0,26.750493,-0.0080323722,0,-27.214749,-8.5996029e-05,0
0.5,0,26.751966,-0.0070120905,0,-27.20552,-8.2105866e-05,0
0.5,0,26.753662,-0.0062430808,0,-27.196292,-7.7917732e-05,0
0.5,0,26.755501,-0.0057270262,0,-27.187063,-7.3505272e-05,0
0.5,0,26.757382,-0.0054657322,0,-27.177835,-6.8948674e-05,0
0.5,0,26.759187,-0.0054636435,0,-27.168606,-6.4332352e-05,0
0.5,0,26.760787,-0.0057266968,0,-27.159378,-5.9742362e-05,0
0.5,0,26.762061,-0.0062585572,0,-27.150149,-5.5263991e-05,0
0.5,0,26.762908,-0.0070565091,0,-27.140921,-5.0979744e-05,0
0.5,0,26.763269,-0.008109226,0,-27.131692,-4.6967754e-05,0
0.5,0,26.76314,-0.0093974945,0,-27.122464,-4.3300456e-05,0
0.5,0,26.762572,-0.010897182,0,-27.113235,-4.0043416e-05,0
0.5,0,26.761655,-0.012582455,0,-27.104007,-3.7254312e-05,0
0.5,0,26.760492,-0.014427559,0,-27.094779,-3.4982186e-05,0
0.5,0,26.759172,-0.01640665,0,-27.08555,-3.3267034e-05,0
0.5,0,26.757761,-0.018492454,0,-27.076322,-3.2139712e-05,0
0.5,0,26.756298,-0.020654977,0,-27.067093,-3.1621972e-05,0
0.5,0,26.754816,-0.022861168,0,-27.057865,-3.1726441e-05,0
0.5,0,26.753359,-0.02507585,0,-27.048636,-3.2456542e-05,0
0.5,0,26.752,-0.027263432,0,-27.039408,-3.380645e-05,0
0.5,0,26.750841,-0.029389189,0,-27.030179,-3.5761267e-05,0
0.5,0,26.749995,-0.031420303,0,-27.020951,-3.8297497e-05,0
0.5,0,26.749541,-0.033326186,0,-27.011722,-4.1383684e-05,0
0.5,0,26.749485,-0.035078623,0,-27.002494,-4.4980966e-05,0
0.5,0,26.749738,-0.03665245,0,-26.993265,-4.9043412e-05,0
0.5,0,26.750143,-0.03802556,0,-26.984037,-5.3518088e-05,0
0.5,0,26.750521,-0.039177934,0,-26.974808,-5.8345062e-05,0
0.5,0,26.750724,-0.040089805,0,-26.96558,-6.3457663e-05,0
0.5,0,26.750676,-0.040740115,0,-26.956352,-6.8783264e-05,0
0.5,0,26.750375,-0.041106648,0,-26.947123,-7.4244655e-05,0
0.5,0,26.749883,-0.041168931,0,-26.937895,-7.9761803e-05,0
0.5,0,26.749302,-0.040913323,0,-26.928666,-8.5253593e-05,0
0.5,0,26.74875,-0.040338441,0,-26.919438,-9.0639131e-05,0
0.5,0,26.748341,-0.039458081,0,-26.910209,-9.5838428e-05,0
0.5,0,26.748167,-0.038300182,0,-26.900981,-0.00010077261,0
0.5,0,26.748288,-0.036902257,0,-26.891752,-0.00010536412,0
0.5,0,26.748719,-0.035304672,0,-26.882524,-0.00010953739,0
0.5,0,26.749423,-0.033544413,0,-26.873295,-0.00011322041,0
0.5,0,26.750327,-0.031651224,0,-26.864067,-0.00011634701,0
0.5,0,26.751329,-0.029646644,0,-26.854838,-0.00011885964,0
0.5,0,26.75233,-0.027546139,0,-26.84561,-0.00012071189,0
0.5,0,26.753252,-0.025363129,0,-26.836381,-0.00012187019,0
0.5,0,26.754061,-0.023113392,0,-26.827153,-0.00012231453,0
0.5,0,26.754778,-0.020819006,0,-26.817925,-0.00012203806,0
0.5,0,26.75548,-0.018510563,0,-26.808696,-0.00012104593,0
0.5,0,26.756295,-0.016227008,0,-26.799468,-0.00011935394,0
0.5,0,26.757369,-0.014012985,0,-26.790239,-0.00011698723,0
0.5,0,26.758827,-0.01191437,0,-26.781011,-0.00011397936,0
0.5,0,26.760734,-0.009973714,0,-26.771782,-0.00011037188,0
0.5,0,26.763087,-0.008226983,0,-26.762554,-0.00010621437,0
0.5,0,26.765836,-0.0067021002,0,-26.753325,-0.00010156465,0
0.5,0,26.768916,-0.005419604,0,-26.744097,-9.6488999e-05,0
0.5,0,26.77226,-0.0043947463,0,-26.734868,-9.1062134e-05,0
0.5,0,26.7758,-0.003639888,0,-26.72564,-8.5366489e-05,0
0.5,0,26.779454,-0.0031663382,0,-26.716411,-7.9490916e-05,0
0.5,0,26.783133,-0.0029855343,0,-26.707183,-7.3528797e-05,0
0.5,0,26.786754,-0.0031096141,0,-26.697954,-6.7575807e-05,0
0.5,0,26.790271,-0.0035506759,0,-26.688726,-6.1727636e-05,0
0.5,0,26.793689,-0.0043183797,0,-26.679498,-5.6077943e-05,0
0.5,0,26.797078,-0.0054163829,0,-26.670269,-5.071666e-05,0
0.5,0,26.800551,-0.0068386467,0,-26.661041,-4.5728648e-05,0
0.5,0,26.804244,-0.0085666028,0,-26.651812,-4.1192657e-05,0
0.5,0,26.80826,-0.010568089,0,-26.642584,-3.7180449e-05,0
0.5,0,26.812633,-0.012798975,0,-26.633355,-3.3755936e-05,0
0.5,0,26.817292,-0.01520769,0,-26.624127,-3.0974308e-05,0
0.5,0,26.822074,-0.017740413,0,-26.614898,-2.8881125e-05,0
0.5,0,26.82675,-0.020344395,0,-26.60567,-2.7511237e-05,0
0.5,0,26.83107,-0.022970744,0,-26.596441,-2.6887678e-05,0
0.5,0,26.834792,-0.025575812,0,-26.587213,-2.7020815e-05,0
0.5,0,26.837719,-0.028120205,0,-26.577984,-2.790798e-05,0
0.5,0,26.839719,-0.03056799,0,-26.568756,-2.9533659e-05,0
0.5,0,26.840747,-0.03288614,0,-26.559527,-3.187032e-05,0
0.5,0,26.840855,-0.035044531,0,-26.550299,-3.4879752e-05,0
0.5,0,26.840179,-0.037016837,0,-26.541071,-3.8514572e-05,0
0.5,0,26.838902,-0.038781847,0,-26.531842,-4.2719728e-05,0
0.5,0,26.837207,-0.040325257,0,-26.522614,-4.7433724e-05,0
0.5,0,26.835237,-0.041640176,0,-26.513385,-5.2589449e-05,0
0.5,0,26.83308,-0.042725108,0,-26.504157,-5.8114761e-05,0
0.5,0,26.830773,-0.043580516,0,-26.494928,-6.3933071e-05,0
0.5,0,26.828329,-0.044206086,0,-26.4857,-6.996412e-05,0
0.5,0,26.825778,-0.0445979,0,-26.476471,-7.6124894e-05,0
0.5,0,26.823207,-0.044746231,0,-26.467243,-8.2330725e-05,0
0.5,0,26.820769,-0.044635105,0,-26.458014,-8.8496545e-05,0
0.5,0,26.818644,-0.044244503,0,-26.448786,-9.4538036e-05,0
0.5,0,26.816996,-0.043554793,0,-26.439557,-0.0001003725,0
0.5,0,26.81595,-0.042551944,0,-26.430329,-0.00010591946,0
0.5,0,26.815604,-0.04123312,0,-26.4211,-0.00011110109,0
0.5,0,26.816044,-0.039610297,0,-26.411872,-0.00011584279,0
0.5,0,26.817343,-0.037710934,0,-26.402644,-0.00012007408,0
0.5,0,26.819532,-0.035575513,0,-26.393415,-0.00012373004,0
0.5,0,26.822579,-0.033253161,0,-26.384187,-0.00012675322,0
0.5,0,26.826384,-0.030797367,0,-26.374958,-0.00012909569,0
0.5,0,26.830808,-0.028262388,0,-26.36573,-0.00013072099,0
0.5,0,26.835696,-0.025700075,0,-26.356501,-0.00013160556,0
0.5,0,26.840895,-0.023157535,0,-26.347273,-0.0001317394,0
0.5,0,26.846237,-0.020675625,0,-26.338044,-0.00013112587,0
0.5,0,26.851515,-0.018288209,0,-26.328816,-0.00012978081,0
0.5,0,26.856476,-0.016021836,0,-26.319587,-0.00012773095,0
0.5,0,26.860852,-0.013895955,0,-26.310359,-0.00012501217,0
0.5,0,26.864425,-0.011924641,0,-26.30113,-0.00012166763,0
0.5,0,26.867078,-0.010118041,0,-26.291902,-0.00011774599,0
0.5,0,26.868809,-0.0084833438,0,-26.282673,-0.00011330022,0
0.5,0,26.869727,-0.0070271381,0,-26.273445,-0.00010838692,0
0.5,0,26.870005,-0.0057580904,0,-26.264217,-0.00010306616,0
0.5,0,26.869845,-0.0046888734,0,-26.254988,-9.7401584e-05,0
0.5,0,26.869424,-0.0038371028,0,-26.24576,-9.1460759e-05,0
0.5,0,26.868875,-0.003225032,0,-26.236531,-8.5315644e-05,0
0.5,0,26.868272,-0.0028778028,0,-26.227303,-7.9042875e-05,0
0.5,0,26.867648,-0.0028203673,0,-26.218074,-7.2723845e-05,0
0.5,0,26.867005,-0.0030739683,0,-26.208846,-6.6444423e-05,0
0.5,0,26.866332,-0.0036530806,0,-26.199617,-6.0294197e-05,0
0.5,0,26.865623,-0.0045634284,0,-26.190389,-5.436509e-05,0
0.5,0,26.864888,-0.0058013671,0,-26.18116,-4.8749391e-05,0
0.5,0,26.864165,-0.0073539379,0,-26.171932,-4.3537262e-05,0
0.5,0,26.863508,-0.0091990298,0,-26.162703,-3.8813892e-05,0
0.5,0,26.862967,-0.011305586,0,-26.153475,-3.4656604e-05,0
0.5,0,26.862567,-0.01363367,0,-26.144246,-3.1132257e-05,0
0.5,0,26.862298,-0.01613584,0,-26.135018,-2.8295314e-05,0
0.5,0,26.862128,-0.018761003,0,-26.12579,-2.6186919e-05,0
0.5,0,26.862009,-0.021459214,0,-26.116561,-2.483515e-05,0
0.5,0,26.861891,-0.024185561,0,-26.107333,-2.4256161e-05,0
0.5,0,26.861738,-0.026901696,0,-26.098104,-2.4455597e-05,0
0.5,0,26.86153,-0.029575047,0,-26.088876,-2.5429638e-05,0
0.5,0,26.861268,-0.032177636,0,-26.079647,-2.7165566e-05,0
0.5,0,26.86098,-0.034687329,0,-26.070419,-2.9642112e-05,0
0.5,0,26.860707,-0.037090461,0,-26.06119,-3.2830176e-05,0
0.5,0,26.860484,-0.039383272,0,-26.051962,-3.6694201e-05,0
0.5,0,26.860339,-0.041568147,0,-26.042733,-4.1193603e-05,0
0.5,0,26.860238,-0.043643044,0,-26.033505,-4.6283226e-05,0
0.5,0,26.860156,-0.045590034,0,-26.024276,-5.1911998e-05,0
0.5,0,26.859997,-0.04737996,0,-26.015048,-5.8020852e-05,0
0.5,0,26.859554,-0.048990401,0,-26.005819,-6.4542556e-05,0
0.5,0,26.858338,-0.050395354,0,-25.996591,-7.1403509e-05,0
0.5,0,26.854305,-0.051503699,0,-25.987362,-7.8524114e-05,0
0.5,0,26.847149,-0.052104953,0,-25.978134,-8.5812132e-05,0
0.5,0,26.842552,-0.052170479,0,-25.968906,-9.3166709e-05,0
0.5,0,26.841554,-0.051834397,0,-25.959677,-0.00010048613,0
0.5,0,26.840998,-0.051120371,0,-25.950449,-0.00010766763,0
0.5,0,26.840834,-0.050026899,0,-25.94122,-0.00011460775,0
0.5,0,26.840912,-0.048561908,0,-25.931992,-0.00012120158,0
0.5,0,26.841284,-0.046738081,0,-25.922763,-0.00012734607,0
0.5,0,26.841922,-0.044572697,0,-25.913535,-0.00013294419,0
0.5,0,26.84276,-0.042100108,0,-25.904306,-0.00013790695,0
0.5,0,26.843661,-0.039365184,0,-25.895078,-0.00014215456,0
0.5,0,26.844437,-0.036416345,0,-25.885849,-0.00014561773,0
0.5,0,26.844896,-0.0333061,0,-25.876621,-0.00014823852,0
0.5,0,26.84488,-0.030088638,0,-25.867392,-0.00014997085,0
0.5,0,26.844332,-0.026814546,0,-25.858164,-0.00015078138,0
0.5,0,26.843324,-0.023528144,0,-25.848935,-0.00015065096,0
0.5,0,26.842021,-0.020270728,0,-25.839707,-0.00014957529,0
0.5,0,26.840634,-0.01708633,0,-25.830479,-0.00014756459,0
0.5,0,26.83937,-0.014023413,0,-25.82125,-0.00014464257,0
0.5,0,26.838403,-0.011130156,0,-25.812022,-0.00014084572,0
0.5,0,26.837848,-0.0084479558,0,-25.802793,-0.00013622332,0
0.5,0,26.837749,-0.006009875,0,-25.793565,-0.00013083791,0
0.5,0,26.838067,-0.003844796,0,-25.784336,-0.00012476513,0
0.5,0,26.838677,-0.0019826745,0,-25.775108,-0.00011809267,0
0.5,0,26.83938,-0.00045679065,0,-25.765879,-0.00011091846,0
0.5,0,26.839947,0.00069782661,0,-25.756651,-0.00010334867,0
0.5,0,26.840183,0.0014485071,0,-25.747422,-9.549584e-05,0
0.5,0,26.839985,0.001769724,0,-25.738194,-8.7477342e-05,0
0.5,0,26.839358,0.0016465006,0,-25.728965,-7.9413948e-05,0
0.5,0,26.838409,0.001075598,0,-25.719737,-7.1428422e-05,0
0.5,0,26.837357,6.7081557e-05,0,-25.710508,-6.3643726e-05,0
0.5,0,26.83632,-0.0013532301,0,-25.70128,-5.6180161e-05,0
0.5,0,26.835745,-0.0031466746,0,-25.692052,-4.9151501e-05,0
0.5,0,26.8357,-0.005287192,0,-25.682823,-4.2664715e-05,0
0.5,0,26.836268,-0.0077562559,0,-25.673595,-3.6818892e-05,0
0.5,0,26.83776,-0.010496298,0,-25.664366,-3.1700927e-05,0
0.5,0,26.839974,-0.013436307,0,-25.655138,-2.7384835e-05,0
0.5,0,26.842855,-0.016529388,0,-25.645909,-2.3931624e-05,0
0.5,0,26.846204,-0.019730784,0,-25.636681,-2.1388132e-05,0
0.5,0,26.849737,-0.022990609,0,-25.627452,-1.9787162e-05,0
0.5,0,26.853224,-0.026264117,0,-25.618224,-1.9147844e-05,0
0.5,0,26.856461,-0.029514108,0,-25.608995,-1.9475722e-05,0
0.5,0,26.859281,-0.032708074,0,-25.599767,-2.076296e-05,0
0.5,0,26.861578,-0.035815465,0,-25.590538,-2.2988598e-05,0
0.5,0,26.863307,-0.038804554,0,-25.58131,-2.6118877e-05,0
0.5,0,26.864476,-0.041640137,0,-25.572081,-3.0107731e-05,0
0.5,0,26.865143,-0.044283748,0,-25.562853,-3.4897393e-05,0
0.5,0,26.865407,-0.046696444,0,-25.553625,-4.041936e-05,0
0.5,0,26.865398,-0.048843078,0,-25.544396,-4.6595509e-05,0
0.5,0,26.865262,-0.050693913,0,-25.535168,-5.33393e-05,0
0.5,0,26.865154,-0.052222874,0,-25.525939,-6.055733e-05,0
0.5,0,26.865225,-0.053407495,0,-25.516711,-6.815104e-05,0
0.5,0,26.865589,-0.054232215,0,-25.507482,-7.6018507e-05,0
0.5,0,26.866301,-0.054691476,0,-25.498254,-8.4056636e-05,0
0.5,0,26.867364,-0.054790168,0,-25.489025,-9.2163707e-05,0
0.5,0,26.868744,-0.054539718,0,-25.479797,-0.00010024144,0
0.5,0,26.870373,-0.053950723,0,-25.470568,-0.00010819561,0
0.5,0,26.872146,-0.053027231,0,-25.46134,-0.00011593496,0
0.5,0,26.873934,-0.051767668,0,-25.452111,-0.00012336928,0
0.5,0,26.875605,-0.050171653,0,-25.442883,-0.00013040787,0
0.5,0,26.877044,-0.048245814,0,-25.433654,-0.00013695923,0
0.5,0,26.878165,-0.046004199,0,-25.424426,-0.00014293168,0
0.5,0,26.878921,-0.043466117,0,-25.415198,-0.00014823471,0
0.5,0,26.879305,-0.040655799,0,-25.405969,-0.00015278108,0
0.5,0,26.879358,-0.037604669,0,-25.396741,-0.00015648969,0
0.5,0,26.879169,-0.034351638,0,-25.387512,-0.00015928908,0
0.5,0,26.878852,-0.030942953,0,-25.378284,-0.00016112087,0
0.5,0,26.878521,-0.027434314,0,-25.369055,-0.00016194299,0
0.5,0,26.878312,-0.023890268,0,-25.359827,-0.00016173216,0
0.5,0,26.878422,-0.020380721,0,-25.350598,-0.00016048522,0
0.5,0,26.879053,-0.016976893,0,-25.34137,-0.00015821933,0
0.5,0,26.880301,-0.013747713,0,-25.332141,-0.00015497143,0
0.5,0,26.882125,-0.010756473,0,-25.322913,-0.0001507968,0
0.5,0,26.88442,-0.0080567681,0,-25.313684,-0.00014576695,0
0.5,0,26.887072,-0.0056894625,0,-25.304456,-0.0001399671,0
0.5,0,26.889964,-0.0036819285,0,-25.295227,-0.00013349329,0
0.5,0,26.892943,-0.0020487228,0,-25.285999,-0.00012644976,0
0.5,0,26.895826,-0.00079326878,0,-25.276771,-0.00011894646,0
0.5,0,26.898415,8.8647303e-05,0,-25.267542,-0.00011109701,0
0.5,0,26.900535,0.00060422131,0,-25.258314,-0.0001030171,0
0.5,0,26.902056,0.00075983567,0,-25.249085,-9.4823113e-05,0
0.5,0,26.902919,0.00055858106,0,-25.239857,-8.6631154e-05,0
0.5,0,26.903145,-8.6165145e-07,0,-25.230628,-7.8556207e-05,0
0.5,0,26.902835,-0.00092360266,0,-25.2214,-7.0711291e-05,0
0.5,0,26.902161,-0.0022157394,0,-25.212171,-6.3206487e-05,0
0.5,0,26.901339,-0.0038798532,0,-25.202943,-5.6147907e-05,0
0.5,0,26.900592,-0.0059104345,0,-25.193714,-4.9636775e-05,0
0.5,0,26.900123,-0.0082908716,0,-25.184486,-4.3768558e-05,0
0.5,0,26.900077,-0.010993366,0,-25.175257,-3.8631965e-05,0
0.5,0,26.900532,-0.013980285,0,-25.166029,-3.4307655e-05,0
0.5,0,26.901483,-0.017205714,0,-25.1568,-3.08666e-05,0
0.5,0,26.902856,-0.020617613,0,-25.147572,-2.8368316e-05,0
0.5,0,26.904525,-0.024159296,0,-25.138344,-2.6859218e-05,0
0.5,0,26.906334,-0.027770861,0,-25.129115,-2.6371079e-05,0
0.5,0,26.908126,-0.031391201,0,-25.119887,-2.6919646e-05,0
0.5,0,26.909765,-0.034959935,0,-25.110658,-2.8503675e-05,0
0.5,0,26.911155,-0.038420905,0,-25.10143,-3.1104684e-05,0
0.5,0,26.912249,-0.04172464,0,-25.092201,-3.4687719e-05,0
0.5,0,26.913043,-0.044828171,0,-25.082973,-3.9203016e-05,0
0.5,0,26.913574,-0.047693773,0,-25.073744,-4.4587974e-05,0
0.5,0,26.913907,-0.050287902,0,-25.064516,-5.0769122e-05,0
0.5,0,26.914114,-0.052581408,0,-25.055287,-5.7663637e-05,0
0.5,0,26.914265,-0.054548618,0,-25.046059,-6.5180177e-05,0
0.5,0,26.914415,-0.056165065,0,-25.03683,-7.3219409e-05,0
0.5,0,26.914596,-0.057407109,0,-25.027602,-8.1674316e-05,0
0.5,0,26.914817,-0.058253618,0,-25.018373,-9.04304e-05,0
0.5,0,26.91507,-0.058687314,0,-25.009145,-9.936631e-05,0
0.5,0,26.915345,-0.058696357,0,-24.999917,-0.00010835545,0
0.5,0,26.915636,-0.058277032,0,-24.990688,-0.00011726877,0
0.5,0,26.915961,-0.057435032,0,-24.98146,-0.00012597827,0
0.5,0,26.916361,-0.056182573,0,-24.972231,-0.00013436053,0
0.5,0,26.916899,-0.054534609,0,-24.963003,-0.00014229922,0
0.5,0,26.91765,-0.052511438,0,-24.953774,-0.00014968695,0
0.5,0,26.918682,-0.050146603,0,-24.944546,-0.00015642707,0
0.5,0,26.920045,-0.047489369,0,-24.935317,-0.00016243557,0
0.5,0,26.921744,-0.044597301,0,-24.926089,-0.00016764228,0
0.5,0,26.923746,-0.041528637,0,-24.91686,-0.00017199061,0
0.5,0,26.926016,-0.03834097,0,-24.907632,-0.00017543661,0
0.5,0,26.92848,-0.035093089,0,-24.898403,-0.0001779485,0
0.5,0,26.930992,-0.031844268,0,-24.889175,-0.00017950686,0
0.5,0,26.933408,-0.028648482,0,-24.879946,-0.00018010463,0
0.5,0,26.935673,-0.025548349,0,-24.870718,-0.00017974651,0
0.5,0,26.937797,-0.02257197,0,-24.86149,-0.00017844808,0
0.5,0,26.939802,-0.019734422,0,-24.852261,-0.00017623507,0
0.5,0,26.941717,-0.017043908,0,-24.843033,-0.00017314234,0
0.5,0,26.943575,-0.014507292,0,-24.833804,-0.00016921302,0
0.5,0,26.945412,-0.012131978,0,-24.824576,-0.00016449828,0
0.5,0,26.947254,-0.0099282088,0,-24.815347,-0.00015905779,0
0.5,0,26.94911,-0.0079149125,0,-24.806119,-0.00015296015,0
0.5,0,26.950971,-0.0061234636,0,-24.79689,-0.00014628263,0
0.5,0,26.952818,-0.0045943891,0,-24.787662,-0.00013911072,0
0.5,0,26.954626,-0.0033708987,0,-24.778433,-0.00013153771,0
0.5,0,26.956379,-0.0024938084,0,-24.769205,-0.00012366392,0
0.5,0,26.958072,-0.0019979286,0,-24.759976,-0.00011559517,0
0.5,0,26.95972,-0.0019086824,0,-24.750748,-0.0001074405,0
0.5,0,26.961352,-0.0022392194,0,-24.741519,-9.9309693e-05,0
0.5,0,26.963014,-0.0029890231,0,-24.732291,-9.1310812e-05,0
0.5,0,26.964755,-0.004143987,0,-24.723063,-8.3547936e-05,0
0.5,0,26.966624,-0.0056773326,0,-24.713834,-7.6119328e-05,0
0.5,0,26.968658,-0.007551275,0,-24.704606,-6.9116167e-05,0
0.5,0,26.970873,-0.0097198203,0,-24.695377,-6.2621903e-05,0
0.5,0,26.973253,-0.012132957,0,-24.686149,-5.6712245e-05,0
0.5,0,26.975754,-0.014741281,0,-24.67692,-5.1455681e-05,0
0.5,0,26.978314,-0.017499745,0,-24.667692,-4.691422e-05,0
0.5,0,26.980881,-0.020370623,0,-24.658463,-4.3143982e-05,0
0.5,0,26.983422,-0.023323432,0,-24.649235,-4.019519e-05,0
0.5,0,26.985927,-0.026331027,0,-24.640006,-3.8111109e-05,0
0.5,0,26.988386,-0.029366688,0,-24.630778,-3.6926195e-05,0
0.5,0,26.990774,-0.032403649,0,-24.621549,-3.6663961e-05,0
0.5,0,26.993055,-0.035415766,0,-24.612321,-3.733516e-05,0
0.5,0,26.995199,-0.038379457,0,-24.603092,-3.8936942e-05,0
0.5,0,26.997205,-0.041276349,0,-24.593864,-4.1453209e-05,0
0.5,0,26.999111,-0.04409229,0,-24.584636,-4.4855802e-05,0
0.5,0,27.000972,-0.046812611,0,-24.575407,-4.9106018e-05,0
0.5,0,27.002838,-0.049417374,0,-24.566179,-5.4155878e-05,0
0.5,0,27.004725,-0.051877603,0,-24.55695,-5.9948613e-05,0
0.5,0,27.006598,-0.054154501,0,-24.547722,-6.6418575e-05,0
0.5,0,27.008379,-0.05620151,0,-24.538493,-7.349087e-05,0
0.5,0,27.009984,-0.057967779,0,-24.529265,-8.1080965e-05,0
0.5,0,27.01136,-0.059402615,0,-24.520036,-8.9094712e-05,0
0.5,0,27.012502,-0.06045874,0,-24.510808,-9.7429077e-05,0
0.5,0,27.013456,-0.061095897,0,-24.501579,-0.00010597344,0
0.5,0,27.014294,-0.061286348,0,-24.492351,-0.00011461115,0
0.5,0,27.015104,-0.061018591,0,-24.483122,-0.00012322161,0
0.5,0,27.015974,-0.06029879,0,-24.473894,-0.00013168308,0
0.5,0,27.016974,-0.059153116,0,-24.464665,-0.00013987625,0
0.5,0,27.01816,-0.057627837,0,-24.455437,-0.00014768808,0
0.5,0,27.01958,-0.055783329,0,-24.446209,-0.00015501538,0
0.5,0,27.021269,-0.053685675,0,-24.43698,-0.0001617673,0
0.5,0,27.023248,-0.051398106,0,-24.427752,-0.00016786618,0
0.5,0,27.025508,-0.048973284,0,-24.418523,-0.00017324687,0
0.5,0,27.028008,-0.046448276,0,-24.409295,-0.00017785496,0
0.5,0,27.030696,-0.043840024,0,-24.400066,-0.00018164441,0
0.5,0,27.033528,-0.041145581,0,-24.390838,-0.00018457503,0
0.5,0,27.036466,-0.038351483,0,-24.381609,-0.00018661094,0
0.5,0,27.039468,-0.035444445,0,-24.372381,-0.00018772052,0
0.5,0,27.042477,-0.032420809,0,-24.363152,-0.00018787753,0
0.5,0,27.045443,-0.029295197,0,-24.353924,-0.0001870633,0
0.5,0,27.048349,-0.026104566,0,-24.344695,-0.00018526965,0
0.5,0,27.051221,-0.022906504,0,-24.335467,-0.00018250184,0
0.5,0,27.054113,-0.019772591,0,-24.326238,-0.00017878103,0
0.5,0,27.05707,-0.016779243,0,-24.31701,-0.00017414551,0
0.5,0,27.06011,-0.013998527,0,-24.307782,-0.0001686504,0
0.5,0,27.06322,-0.011489492,0,-24.298553,-0.00016236606,0
0.5,0,27.066358,-0.0092949046,0,-24.289325,-0.00015537577,0
0.5,0,27.069451,-0.0074450101,0,-24.280096,-0.00014777324,0
0.5,0,27.072389,-0.0059634175,0,-24.270868,-0.00013966055,0
0.5,0,27.075026,-0.0048725145,0,-24.261639,-0.00013114711,0
0.5,0,27.077231,-0.0041958138,0,-24.252411,-0.0001223491,0
0.5,0,27.078936,-0.0039550866,0,-24.243182,-0.00011338879,0
0.5,0,27.080181,-0.0041631505,0,-24.233954,-0.00010439256,0
0.5,0,27.081109,-0.0048151659,0,-24.224725,-9.5487496e-05,0
0.5,0,27.081918,-0.0058836122,0,-24.215497,-8.6797064e-05,0
0.5,0,27.082806,-0.0073216993,0,-24.206268,-7.8437266e-05,0
0.5,0,27.083962,-0.0090727067,0,-24.19704,-7.0513881e-05,0
0.5,0,27.085563,-0.011082602,0,-24.187811,-6.3121011e-05,0
0.5,0,27.087788,-0.013309769,0,-24.178583,-5.634102e-05,0
0.5,0,27.090799,-0.015726,0,-24.169355,-5.0245581e-05,0
0.5,0,27.094682,-0.018313143,0,-24.160126,-4.4897285e-05,0
0.5,0,27.099374,-0.02105995,0,-24.150898,-4.0351226e-05,0
0.5,0,27.104625,-0.023959841,0,-24.141669,-3.6656231e-05,0
0.5,0,27.110039,-0.027008204,0,-24.132441,-3.3854872e-05,0
0.5,0,27.115183,-0.030196706,0,-24.123212,-3.1982189e-05,0
0.5,0,27.119712,-0.033507443,0,-24.113984,-3.1064225e-05,0
0.5,0,27.123458,-0.036910379,0,-24.104755,-3.1116683e-05,0
0.5,0,27.126425,-0.040362282,0,-24.095527,-3.214342e-05,0
0.5,0,27.128732,-0.043807421,0,-24.086298,-3.4135136e-05,0
0.5,0,27.130553,-0.047181691,0,-24.07707,-3.7068381e-05,0
0.5,0,27.132085,-0.050415298,0,-24.067841,-4.0904754e-05,0
0.5,0,27.133537,-0.053434226,0,-24.058613,-4.5590723e-05,0
0.5,0,27.135134,-0.056165961,0,-24.049384,-5.1058244e-05,0
0.5,0,27.137104,-0.058546923,0,-24.040156,-5.722585e-05,0
0.5,0,27.139611,-0.060530195,0,-24.030928,-6.4000693e-05,0
0.5,0,27.142716,-0.062091442,0,-24.021699,-7.1281687e-05,0
0.5,0,27.146357,-0.063230794,0,-24.012471,-7.8963234e-05,0
0.5,0,27.150363,-0.063970425,0,-24.003242,-8.6939022e-05,0
0.5,0,27.154495,-0.064347055,0,-23.994014,-9.5105112e-05,0
0.5,0,27.158515,-0.064399942,0,-23.984785,-0.00010336143,0
0.5,0,27.162248,-0.064156832,0,-23.975557,-0.00011161108,0
0.5,0,27.165629,-0.06362261,0,-23.966328,-0.00011975763,0
0.5,0,27.168707,-0.062776181,0,-23.9571,-0.00012770113,0
0.5,0,27.171615,-0.061578548,0,-23.947871,-0.00013533497,0
0.5,0,27.174515,-0.059991873,0,-23.938643,-0.00014254565,0
0.5,0,27.177544,-0.05800386,0,-23.929414,-0.00014921678,0
0.5,0,27.180788,-0.055646728,0,-23.920186,-0.00015523658,0
0.5,0,27.184293,-0.053001803,0,-23.910957,-0.00016050707,0
0.5,0,27.188105,-0.050181466,0,-23.901729,-0.00016495191,0
0.5,0,27.192288,-0.047300616,0,-23.892501,-0.00016852017,0
0.5,0,27.196915,-0.044454646,0,-23.883272,-0.0001711855,0
0.5,0,27.202038,-0.041703235,0,-23.874044,-0.00017294146,0
0.5,0,27.207639,-0.03906374,0,-23.864815,-0.00017379498,0
0.5,0,27.213602,-0.036522522,0,-23.855587,-0.00017376007,0
0.5,0,27.219736,-0.034053138,0,-23.846358,-0.00017285366,0
0.5,0,27.225844,-0.031629816,0,-23.83713,-0.00017109381,0
0.5,0,27.231772,-0.02924047,0,-23.827901,-0.00016849997,0
0.5,0,27.237401,-0.026894188,0,-23.818673,-0.00016509488,0
0.5,0,27.24259,-0.02461775,0,-23.809444,-0.00016090722,0
0.5,0,27.24714,-0.022448883,0,-23.800216,-0.00015597424,0
0.5,0,27.250828,-0.020431981,0,-23.790987,-0.00015034314,0
0.5,0,27.253517,-0.0186101,0,-23.781759,-0.00014407075,0
0.5,0,27.25527,-0.017016887,0,-23.77253,-0.00013722228,0
0.5,0,27.256379,-0.015677203,0,-23.763302,-0.00012986976,0
0.5,0,27.257291,-0.01461221,0,-23.754074,-0.0001220904,0
0.5,0,27.258475,-0.013842527,0,-23.744845,-0.00011396569,0
0.5,0,27.260293,-0.013387707,0,-23.735617,-0.00010558131,0
0.5,0,27.262948,-0.013264635,0,-23.726388,-9.702733e-05,0
0.5,0,27.26649,-0.013487673,0,-23.71716,-8.8398295e-05,0
0.5,0,27.270843,-0.014068826,0,-23.707931,-7.9792548e-05,0
0.5,0,27.275849,-0.015014151,0,-23.698703,-7.1310799e-05,0
0.5,0,27.281273,-0.016324354,0,-23.689474,-6.3054098e-05,0
0.5,0,27.286868,-0.018000309,0,-23.680246,-5.5122167e-05,0
0.5,0,27.292343,-0.020040226,0,-23.671017,-4.7612323e-05,0
0.5,0,27.297542,-0.022424401,0,-23.661789,-4.0617508e-05,0
0.5,0,27.302368,-0.025117828,0,-23.65256,-3.4223559e-05,0
0.5,0,27.306774,-0.02809618,0,-23.643332,-2.8508792e-05,0
0.5,0,27.310051,-0.031323761,0,-23.634103,-2.3544917e-05,0
0.5,0,27.309684,-0.03464141,0,-23.624875,-1.9394021e-05,0
0.5,0,27.304858,-0.037742596,0,-23.615647,-1.6100504e-05,0
0.5,0,27.304596,-0.040629171,0,-23.606418,-1.3695814e-05,0
0.5,0,27.311063,-0.043483928,0,-23.59719,-1.2202365e-05,0
0.5,0,27.318487,-0.046290854,0,-23.587961,-1.1631782e-05,0
0.5,0,27.326602,-0.049023247,0,-23.578733,-1.1983376e-05,0
0.5,0,27.334735,-0.051666501,0,-23.569504,-1.3237941e-05,0
0.5,0,27.342249,-0.054179811,0,-23.560276,-1.5360794e-05,0
0.5,0,27.348327,-0.056507666,0,-23.551047,-1.8307628e-05,0
0.5,0,27.352217,-0.058626308,0,-23.541819,-2.2025932e-05,0
0.5,0,27.35343,-0.060530509,0,-23.53259,-2.6456178e-05,0
0.5,0,27.351886,-0.062221348,0,-23.523362,-3.1535246e-05,0
0.5,0,27.34798,-0.063716688,0,-23.514133,-3.719681e-05,0
0.5,0,27.342492,-0.065031217,0,-23.504905,-4.3369331e-05,0
0.5,0,27.336384,-0.066160575,0,-23.495676,-4.997554e-05,0
0.5,0,27.330626,-0.067083122,0,-23.486448,-5.6934002e-05,0
0.5,0,27.326032,-0.06776497,0,-23.47722,-6.4161657e-05,0
0.5,0,27.323177,-0.068173003,0,-23.467991,-7.157562e-05,0
0.5,0,27.322395,-0.068288863,0,-23.458763,-7.9093038e-05,0
0.5,0,27.323814,-0.068108218,0,-23.449534,-8.6629843e-05,0
0.5,0,27.327436,-0.067629962,0,-23.440306,-9.4100358e-05,0
0.5,0,27.333257,-0.066858555,0,-23.431077,-0.00010141789,0
0.5,0,27.341429,-0.065804242,0,-23.421849,-0.00010849708,0
0.5,0,27.352506,-0.064457877,0,-23.41262,-0.00011525685,0
0.5,0,27.367569,-0.062793982,0,-23.403392,-0.00012161796,0
0.5,0,27.388074,-0.060817424,0,-23.394163,-0.00012750128,0
0.5,0,27.415343,-0.058579418,0,-23.384935,-0.00013283294,0
0.5,0,27.449743,-0.056148148,0,-23.375706,-0.00013754577,0
0.5,0,27.490151,-0.053576531,0,-23.366478,-0.00014157783,0
0.5,0,27.533995,-0.050902753,0,-23.357249,-0.00014487627,0
0.5,0,27.577913,-0.048166039,0,-23.348021,-0.00014740103,0
0.5,0,27.618768,-0.045400864,0,-23.338793,-0.00014912491,0
0.5,0,27.654445,-0.042625431,0,-23.329564,-0.00015003291,0
0.5,0,27.684038,-0.039846807,0,-23.320336,-0.00015012093,0
0.5,0,27.707516,-0.037073074,0,-23.311107,-0.00014939238,0
0.5,0,27.725224,-0.034317415,0,-23.301879,-0.00014785448,0
0.5,0,27.737545,-0.0315961,0,-23.29265,-0.00014551771,0
0.5,0,27.744802,-0.028930041,0,-23.283422,-0.00014239875,0
0.5,0,27.747312,-0.026351725,0,-23.274193,-0.00013852493,0
0.5,0,27.745489,-0.0239071,0,-23.264965,-0.00013393773,0
0.5,0,27.739934,-0.021644937,0,-23.255736,-0.00012869338,0
0.5,0,27.73152,-0.019603651,0,-23.246508,-0.00012285971,0
0.5,0,27.721457,-0.017804989,0,-23.237279,-0.00011651016,0
0.5,0,27.711279,-0.016247768,0,-23.228051,-0.00010971756,0
0.5,0,27.702681,-0.014902187,0,-23.218822,-0.00010255058,0
0.5,0,27.697232,-0.013722759,0,-23.209594,-9.5073305e-05,0
0.5,0,27.696079,-0.012680328,0,-23.200366,-8.7347286e-05,0
0.5,0,27.699747,-0.011787826,0,-23.191137,-7.9435686e-05,0
0.5,0,27.708126,-0.011099312,0,-23.181909,-7.1408701e-05,0
0.5,0,27.720647,-0.010683559,0,-23.17268,-6.3347058e-05,0
0.5,0,27.736491,-0.010588601,0,-23.163452,-5.5340725e-05,0
0.5,0,27.754736,-0.010816141,0,-23.154223,-4.7483077e-05,0
0.5,0,27.774442,-0.011323935,0,-23.144995,-3.9863686e-05,0
0.5,0,27.79468,-0.01206173,0,-23.135766,-3.2563926e-05,0
0.5,0,27.814635,-0.013001465,0,-23.126538,-2.5655566e-05,0
0.5,0,27.833685,-0.014165724,0,-23.117309,-1.9198703e-05,0
0.5,0,27.851841,-0.015720626,0,-23.108081,-1.3239396e-05,0
0.5,0,27.870448,-0.018278399,0,-23.098852,-7.8090451e-06,0
0.5,0,27.893422,-0.022446885,0,-23.089624,-2.9352981e-06,0
0.5,0,27.91397,-0.023814187,0,-23.083381,-2.5804012e-15,0
0.5,0,27.982491,-0.039049419,0,-22.978882,-4.014566e-06,0
0.5,0,27.990449,-0.034702312,0,-22.986505,-2.5804012e-15,0
0.5,0,27.973387,-0.04368987,0,-22.969654,-9.6770554e-06,0
0.5,0,27.964523,-0.046988462,0,-22.960425,-1.6101023e-05,0
0.5,0,27.955346,-0.049433406,0,-22.951197,-2.3215303e-05,0
0.5,0,27.946032,-0.051395111,0,-22.941968,-3.092205e-05,0
0.5,0,27.937134,-0.053152054,0,-22.93274,-3.9114765e-05,0
0.5,0,27.929384,-0.054810854,0,-22.923512,-4.7673217e-05,0
0.5,0,27.923318,-0.056230276,0,-22.914283,-5.6488123e-05,0
0.5,0,27.919012,-0.057176135,0,-22.905055,-6.5482008e-05,0
0.5,0,27.916108,-0.057541415,0,-22.895826,-7.4596735e-05,0
0.5,0,27.914069,-0.057389615,0,-22.886598,-8.3765524e-05,0
0.5,0,27.91239,-0.056870247,0,-22.877369,-9.2893785e-05,0
0.5,0,27.910681,-0.056115991,0,-22.868141,-0.00010185687,0
0.5,0,27.908723,-0.05515338,0,-22.858912,-0.00011051559,0
0.5,0,27.90654,-0.053874405,0,-22.849684,-0.00011874322,0
0.5,0,27.904404,-0.052120648,0,-22.840455,-0.00012644588,0
0.5,0,27.902722,-0.049821213,0,-22.831227,-0.00013356123,0
0.5,0,27.90186,-0.047068856,0,-22.821998,-0.00014003659,0
0.5,0,27.902001,-0.044076401,0,-22.81277,-0.00014580423,0
0.5,0,27.903122,-0.041046264,0,-22.803541,-0.00015077186,0
0.5,0,27.905074,-0.038058291,0,-22.794313,-0.00015483231,0
0.5,0,27.907637,-0.035038601,0,-22.785085,-0.00015788665,0
0.5,0,27.910582,-0.031814479,0,-22.775856,-0.00015986813,0
0.5,0,27.913743,-0.028229055,0,-22.766628,-0.00016075204,0
0.5,0,27.917062,-0.024252566,0,-22.757399,-0.00016054764,0
0.5,0,27.920597,-0.02002979,0,-22.748171,-0.00015927869,0
0.5,0,27.924435,-0.015829356,0,-22.738942,-0.00015696534,0
0.5,0,27.928567,-0.011923259,0,-22.729714,-0.00015361803,0
0.5,0,27.932782,-0.0084649506,0,-22.720485,-0.00014924414,0
0.5,0,27.936651,-0.0054300975,0,-22.711257,-0.00014386109,0
0.5,0,27.939624,-0.0026673735,0,-22.702028,-0.00013750664,0
0.5,0,27.941209,-2.1712228e-05,0,-22.6928,-0.00013024041,0
0.5,0,27.941138,0.002562527,0,-22.683571,-0.00012213857,0
0.5,0,27.939436,0.0050159653,0,-22.674343,-0.00011328777,0
0.5,0,27.936375,0.0072029448,0,-22.665114,-0.00010378329,0
0.5,0,27.932318,0.0090151877,0,-22.655886,-9.3731556e-05,0
0.5,0,27.927584,0.010420923,0,-22.646658,-8.3252761e-05,0
0.5,0,27.922397,0.011428544,0,-22.637429,-7.2480871e-05,0
0.5,0,27.91692,0.012023326,0,-22.628201,-6.1561405e-05,0
0.5,0,27.911383,0.012185187,0,-22.618972,-5.0642614e-05,0
0.5,0,27.906188,0.011897943,0,-22.609744,-3.9856355e-05,0
0.5,0,27.902245,0.010953893,0,-22.600515,-2.9308464e-05,0
0.5,0,27.901557,0.0085030642,0,-22.591287,-1.9096674e-05,0
0.5,0,27.90921,0.0027118298,0,-22.582058,-9.35434e-06,0
0.5,0,27.929707,-0.0017149075,0,-22.57283,-1.4162919e-07,0
0.5,0,27.930152,-0.0016856653,0,-22.57268,-2.5804012e-15,0
0.5,0,27.780124,-0.043874846,0,-22.415946,-2.7685723e-06,0
0.5,0,27.791496,-0.042433574,0,-22.4188,-2.5804012e-15,0
0.5,0,27.749212,-0.048733812,0,-22.406717,-1.2432733e-05,0
0.5,0,27.727353,-0.052566659,0,-22.397489,-2.276531e-05,0
0.5,0,27.715161,-0.054977676,0,-22.38826,-3.3717676e-05,0
0.5,0,27.712762,-0.05660325,0,-22.379032,-4.5141545e-05,0
0.5,0,27.719633,-0.057736852,0,-22.369804,-5.6890829e-05,0
0.5,0,27.734066,-0.058621656,0,-22.360575,-6.881324e-05,0
0.5,0,27.753454,-0.059374566,0,-22.351347,-8.0733047e-05,0
0.5,0,27.774683,-0.059783437,0,-22.342118,-9.2488802e-05,0
0.5,0,27.794456,-0.059527842,0,-22.33289,-0.00010396461,0
0.5,0,27.809726,-0.058496901,0,-22.323661,-0.00011507273,0
0.5,0,27.818264,-0.056784377,0,-22.314433,-0.00012572229,0
0.5,0,27.819013,-0.054540512,0,-22.305204,-0.00013580875,0
0.5,0,27.812144,-0.051923591,0,-22.295976,-0.00014521811,0
0.5,0,27.798876,-0.049085656,0,-22.286747,-0.00015383276,0
0.5,0,27.781153,-0.046115528,0,-22.277519,-0.00016153985,0
0.5,0,27.761245,-0.043006874,0,-22.26829,-0.00016824318,0
0.5,0,27.741305,-0.039676824,0,-22.259062,-0.00017386935,0
0.5,0,27.722794,-0.036039108,0,-22.249833,-0.0001783666,0
0.5,0,27.706328,-0.032077129,0,-22.240605,-0.00018170121,0
0.5,0,27.691923,-0.027858604,0,-22.231377,-0.00018385012,0
0.5,0,27.679396,-0.023535536,0,-22.222148,-0.00018478885,0
0.5,0,27.668752,-0.019294636,0,-22.21292,-0.00018448288,0
0.5,0,27.6602,-0.015244405,0,-22.203691,-0.00018289701,0
0.5,0,27.654072,-0.01133624,0,-22.194463,-0.00018002125,0
0.5,0,27.650613,-0.0074113966,0,-22.185234,-0.00017589507,0
0.5,0,27.649917,-0.0033578786,0,-22.176006,-0.0001706116,0
0.5,0,27.65204,0.00075657446,0,-22.166777,-0.00016429235,0
0.5,0,27.657085,0.0046899581,0,-22.157549,-0.00015704849,0
0.5,0,27.665225,0.0081588518,0,-22.14832,-0.00014895655,0
0.5,0,27.676624,0.010997752,0,-22.139092,-0.00014006285,0
0.5,0,27.691186,0.013232729,0,-22.129863,-0.00013041085,0
0.5,0,27.708299,0.015018922,0,-22.120635,-0.0001200713,0
0.5,0,27.726705,0.016506614,0,-22.111406,-0.00010915484,0
0.5,0,27.744593,0.017748618,0,-22.102178,-9.7800614e-05,0
0.5,0,27.759932,0.018694806,0,-22.09295,-8.6153296e-05,0
0.5,0,27.770949,0.019240356,0,-22.083721,-7.4348386e-05,0
0.5,0,27.776602,0.019296506,0,-22.074493,-6.2513949e-05,0
0.5,0,27.776902,0.018865684,0,-22.065264,-5.0775474e-05,0
0.5,0,27.772926,0.017965479,0,-22.056036,-3.9252629e-05,0
0.5,0,27.766836,0.016327263,0,-22.046807,-2.8064688e-05,0
0.5,0,27.762223,0.012991541,0,-22.037579,-1.7344382e-05,0
0.5,0,27.765111,0.0066830761,0,-22.02835,-7.2524816e-06,0
0.5,0,27.775222,0.0041654174,0,-22.02124,-2.5804012e-15,0
0.5,0,27.690344,-0.040863271,0,-21.862238,-5.4718645e-06,0
0.5,0,27.698443,-0.037606181,0,-21.867558,-2.5804012e-15,0
0.5,0,27.680613,-0.046624576,0,-21.853009,-1.5662387e-05,0
0.5,0,27.674752,-0.050773089,0,-21.843781,-2.6483008e-05,0
0.5,0,27.670887,-0.05357083,0,-21.834552,-3.7862071e-05,0
0.5,0,27.66873,-0.055483035,0,-21.825324,-4.9670108e-05,0
0.5,0,27.66852,-0.056730638,0,-21.816096,-6.1800077e-05,0
0.5,0,27.670177,-0.057554605,0,-21.806867,-7.4136083e-05,0
0.5,0,27.673219,-0.058058767,0,-21.797639,-8.6542423e-05,0
0.5,0,27.676899,-0.058094792,0,-21.78841,-9.8898235e-05,0
0.5,0,27.680359,-0.057538622,0,-21.779182,-0.00011110743,0
0.5,0,27.682864,-0.056475193,0,-21.769953,-0.00012307077,0
0.5,0,27.683992,-0.055075111,0,-21.760725,-0.00013466564,0
0.5,0,27.683661,-0.053442702,0,-21.751496,-0.0001457526,0
0.5,0,27.681996,-0.051600338,0,-21.742268,-0.00015619107,0
0.5,0,27.679161,-0.049517843,0,-21.733039,-0.00016585156,0
0.5,0,27.675256,-0.047121276,0,-21.723811,-0.00017462624,0
0.5,0,27.670264,-0.044318494,0,-21.714582,-0.00018243627,0
0.5,0,27.664057,-0.041045934,0,-21.705354,-0.00018923004,0
0.5,0,27.656526,-0.03728877,0,-21.696125,-0.00019497404,0
0.5,0,27.647775,-0.033098499,0,-21.686897,-0.00019964168,0
0.5,0,27.638322,-0.028626451,0,-21.677669,-0.00020320189,0
0.5,0,27.629117,-0.024110504,0,-21.66844,-0.00020560756,0
0.5,0,27.621314,-0.01978395,0,-21.659212,-0.00020678986,0
0.5,0,27.615829,-0.015740521,0,-21.649983,-0.00020667121,0
0.5,0,27.612958,-0.011868381,0,-21.640755,-0.00020519545,0
0.5,0,27.612341,-0.007943112,0,-21.631526,-0.00020235403,0
0.5,0,27.613205,-0.0038189854,0,-21.622298,-0.00019819159,0
0.5,0,27.614789,0.00044791248,0,-21.613069,-0.00019278882,0
0.5,0,27.616618,0.0046397942,0,-21.603841,-0.00018623436,0
0.5,0,27.618505,0.0085242646,0,-21.594612,-0.00017860458,0
0.5,0,27.620377,0.011989239,0,-21.585384,-0.00016996262,0
0.5,0,27.621973,0.015072542,0,-21.576155,-0.00016037297,0
0.5,0,27.622741,0.017877844,0,-21.566927,-0.00014991785,0
0.5,0,27.622014,0.020449761,0,-21.557698,-0.00013870232,0
0.5,0,27.619131,0.022710021,0,-21.54847,-0.00012684681,0
0.5,0,27.613428,0.024503346,0,-21.539242,-0.00011447504,0
0.5,0,27.60442,0.025695096,0,-21.530013,-0.0001017061,0
0.5,0,27.592176,0.026223828,0,-21.520785,-8.8655953e-05,0
0.5,0,27.577488,0.026092431,0,-21.511556,-7.5448734e-05,0
0.5,0,27.561683,0.025378126,0,-21.502328,-6.222622e-05,0
0.5,0,27.546312,0.024211005,0,-21.493099,-4.9141465e-05,0
0.5,0,27.533164,0.022533335,0,-21.483871,-3.6349391e-05,0
0.5,0,27.524706,0.019647656,0,-21.474642,-2.4017142e-05,0
0.5,0,27.525488,0.013848261,0,-21.465414,-1.2348264e-05,0
0.5,0,27.539508,0.0082104634,0,-21.456185,-1.4910932e-06,0
0.5,0,27.542789,0.0082184542,0,-21.454815,-2.5804012e-15,0
0.5,0,27.522343,-0.043407585,0,-21.299301,-1.5985101e-06,0
0.5,0,27.523386,-0.04252339,0,-21.300816,-2.5804012e-15,0
0.5,0,27.519291,-0.049836069,0,-21.290073,-1.2087101e-05,0
0.5,0,27.520772,-0.055015577,0,-21.280844,-2.3265967e-05,0
0.5,0,27.524418,-0.058311253,0,-21.271616,-3.5088663e-05,0
0.5,0,27.528514,-0.060514178,0,-21.262387,-4.7430769e-05,0
0.5,0,27.533538,-0.061796948,0,-21.253159,-6.0171479e-05,0
0.5,0,27.538505,-0.062213176,0,-21.243931,-7.3216785e-05,0
0.5,0,27.543162,-0.061950833,0,-21.234702,-8.6457136e-05,0
0.5,0,27.548485,-0.061201982,0,-21.225474,-9.9757163e-05,0
0.5,0,27.553557,-0.060023866,0,-21.216245,-0.00011297705,0
0.5,0,27.557039,-0.058518012,0,-21.207017,-0.00012596753,0
0.5,0,27.55763,-0.056793195,0,-21.197788,-0.00013856373,0
0.5,0,27.554579,-0.05481386,0,-21.18856,-0.00015060496,0
0.5,0,27.54801,-0.052429503,0,-21.179331,-0.00016195789,0
0.5,0,27.538816,-0.049564912,0,-21.170103,-0.0001725192,0
0.5,0,27.528349,-0.046316694,0,-21.160874,-0.00018219663,0
0.5,0,27.518085,-0.042853022,0,-21.151646,-0.0001908938,0
0.5,0,27.509334,-0.039266643,0,-21.142417,-0.00019851343,0
0.5,0,27.502999,-0.035536207,0,-21.133189,-0.00020497069,0
0.5,0,27.499452,-0.031604833,0,-21.12396,-0.00021020267,0
0.5,0,27.498582,-0.027476789,0,-21.114732,-0.00021416663,0
0.5,0,27.499911,-0.023249111,0,-21.105504,-0.00021682897,0
0.5,0,27.502675,-0.019056636,0,-21.096275,-0.00021815645,0
0.5,0,27.505936,-0.014958031,0,-21.087047,-0.00021812085,0
0.5,0,27.508743,-0.01086673,0,-21.077818,-0.00021671577,0
0.5,0,27.510397,-0.006621019,0,-21.06859,-0.00021397138,0
0.5,0,27.510674,-0.0021433314,0,-21.059361,-0.00020995288,0
0.5,0,27.509882,0.0024545959,0,-21.050133,-0.00020474043,0
0.5,0,27.508681,0.0069067435,0,-21.040904,-0.00019840376,0
0.5,0,27.507753,0.010937714,0,-21.031676,-0.00019098928,0
0.5,0,27.507493,0.014409473,0,-21.022447,-0.00018252875,0
0.5,0,27.50785,0.017367323,0,-21.013219,-0.0001730616,0
0.5,0,27.508373,0.019957227,0,-21.00399,-0.00016265371,0
0.5,0,27.508391,0.022278744,0,-20.994762,-0.00015139955,0
0.5,0,27.507222,0.024288886,0,-20.985533,-0.00013940906,0
0.5,0,27.504317,0.025837834,0,-20.976305,-0.00012679148,0
0.5,0,27.499339,0.026803458,0,-20.967077,-0.00011364976,0
0.5,0,27.492245,0.027190305,0,-20.957848,-0.00010009041,0
0.5,0,27.483381,0.027109111,0,-20.94862,-8.6243115e-05,0
0.5,0,27.473566,0.026715102,0,-20.939391,-7.2273193e-05,0
0.5,0,27.464075,0.026175386,0,-20.930163,-5.8367804e-05,0
0.5,0,27.456488,0.02548131,0,-20.920934,-4.4705376e-05,0
0.5,0,27.452735,0.024081777,0,-20.911706,-3.1453772e-05,0
0.5,0,27.455838,0.020581651,0,-20.902477,-1.8790939e-05,0
0.5,0,27.470644,0.014110763,0,-20.893249,-6.907333e-06,0
0.5,0,27.486708,0.012505633,0,-20.887493,-2.5804012e-15,0
0.5,0,27.504349,-0.045248501,0,-20.717908,-5.4302909e-06,0
0.5,0,27.5107,-0.042993156,0,-20.722499,-2.5804012e-15,0
0.5,0,27.494534,-0.050287309,0,-20.708679,-1.7213973e-05,0
0.5,0,27.488803,-0.054003091,0,-20.699451,-2.9780604e-05,0
0.5,0,27.485702,-0.056603577,0,-20.690223,-4.3018285e-05,0
0.5,0,27.484846,-0.058472512,0,-20.680994,-5.6741657e-05,0
0.5,0,27.486371,-0.059410842,0,-20.671766,-7.0833059e-05,0
0.5,0,27.490018,-0.059431515,0,-20.662537,-8.5216498e-05,0
0.5,0,27.494953,-0.058929818,0,-20.653309,-9.977782e-05,0
0.5,0,27.499876,-0.058263222,0,-20.64408,-0.00011434927,0
0.5,0,27.503291,-0.057589456,0,-20.634852,-0.00012873511,0
0.5,0,27.503995,-0.056907544,0,-20.625623,-0.00014273409,0
0.5,0,27.501489,-0.056023087,0,-20.616395,-0.00015616532,0
0.5,0,27.496047,-0.054609534,0,-20.607166,-0.00016889591,0
0.5,0,27.488507,-0.052458728,0,-20.597938,-0.00018084071,0
0.5,0,27.480008,-0.049650153,0,-20.588709,-0.00019192898,0
0.5,0,27.471767,-0.04643285,0,-20.579481,-0.00020207273,0
0.5,0,27.464846,-0.042979097,0,-20.570252,-0.00021116642,0
0.5,0,27.459903,-0.039282263,0,-20.561024,-0.00021910948,0
0.5,0,27.457035,-0.035255018,0,-20.551796,-0.00022582368,0
0.5,0,27.455821,-0.03087909,0,-20.542567,-0.0002312512,0
0.5,0,27.45549,-0.026264678,0,-20.533339,-0.00023534049,0
0.5,0,27.455132,-0.021594046,0,-20.52411,-0.00023803641,0
0.5,0,27.453917,-0.017003484,0,-20.514882,-0.00023928474,0
0.5,0,27.451318,-0.012502393,0,-20.505653,-0.00023904897,0
0.5,0,27.447309,-0.0080087004,0,-20.496425,-0.00023732613,0
0.5,0,27.442414,-0.003460092,0,-20.487196,-0.00023414827,0
0.5,0,27.437499,0.0011063829,0,-20.477968,-0.00022956804,0
0.5,0,27.433407,0.0055659474,0,-20.468739,-0.0002236401,0
0.5,0,27.430639,0.0097873647,0,-20.459511,-0.00021641121,0
0.5,0,27.42921,0.013706684,0,-20.450282,-0.00020792498,0
0.5,0,27.428705,0.017335061,0,-20.441054,-0.00019823588,0
0.5,0,27.428468,0.020703027,0,-20.431825,-0.00018741999,0
0.5,0,27.427771,0.023788253,0,-20.422597,-0.00017557394,0
0.5,0,27.425934,0.026489056,0,-20.413369,-0.00016280519,0
0.5,0,27.422423,0.028682341,0,-20.40414,-0.00014922517,0
0.5,0,27.416955,0.030330534,0,-20.394912,-0.00013495326,0
0.5,0,27.40965,0.031532431,0,-20.385683,-0.00012012901,0
0.5,0,27.401144,0.032444793,0,-20.376455,-0.00010492272,0
0.5,0,27.392571,0.033140093,0,-20.367226,-8.9534689e-05,0
0.5,0,27.385371,0.033594368,0,-20.357998,-7.4176317e-05,0
0.5,0,27.380926,0.033726271,0,-20.348769,-5.9030772e-05,0
0.5,0,27.380372,0.033195485,0,-20.339541,-4.4228939e-05,0
0.5,0,27.385017,0.031054865,0,-20.330312,-2.9878655e-05,0
0.5,0,27.397857,0.0255511,0,-20.321084,-1.6114803e-05,0
0.5,0,27.421728,0.019244148,0,-20.311855,-3.0357655e-06,0
0.5,0,27.42885,0.01910461,0,-20.309605,-2.5804012e-15,0
0.5,0,27.488693,-0.044048762,0,-20.127286,-3.4984773e-07,0
0.5,0,27.489106,-0.044003199,0,-20.127536,-2.5804012e-15,0
0.5,0,27.475874,-0.048559634,0,-20.118058,-1.4400902e-05,0
0.5,0,27.469458,-0.053621542,0,-20.108829,-2.9351065e-05,0
0.5,0,27.467712,-0.057258377,0,-20.099601,-4.4978789e-05,0
0.5,0,27.467593,-0.060062518,0,-20.090372,-6.1060775e-05,0
0.5,0,27.467572,-0.061785918,0,-20.081144,-7.744097e-05,0
0.5,0,27.466818,-0.062456832,0,-20.071915,-9.4031346e-05,0
0.5,0,27.465002,-0.062642983,0,-20.062687,-0.00011070011,0
0.5,0,27.462112,-0.062832767,0,-20.053458,-0.00012724066,0
0.5,0,27.458214,-0.063025917,0,-20.04423,-0.00014343136,0
0.5,0,27.453373,-0.062911568,0,-20.035001,-0.00015909076,0
0.5,0,27.447737,-0.062100936,0,-20.025773,-0.00017409768,0
0.5,0,27.44156,-0.060286684,0,-20.016544,-0.00018838909,0
0.5,0,27.435179,-0.057433015,0,-20.007316,-0.00020193254,0
0.5,0,27.428992,-0.053833856,0,-19.998088,-0.0002146791,0
0.5,0,27.423468,-0.049904652,0,-19.988859,-0.00022653209,0
0.5,0,27.419041,-0.045912396,0,-19.979631,-0.00023735489,0
0.5,0,27.415906,-0.041912808,0,-19.970402,-0.00024700008,0
0.5,0,27.413878,-0.037866117,0,-19.961174,-0.00025533022,0
0.5,0,27.41246,-0.033726644,0,-19.951945,-0.00026222441,0
0.5,0,27.411124,-0.029446399,0,-19.942717,-0.00026758336,0
0.5,0,27.409617,-0.024963941,0,-19.933488,-0.00027133927,0
0.5,0,27.408158,-0.020214409,0,-19.92426,-0.00027346304,0
0.5,0,27.407427,-0.015164879,0,-19.915031,-0.00027396119,0
0.5,0,27.408341,-0.0098530393,0,-19.905803,-0.00027286504,0
0.5,0,27.411678,-0.0043883075,0,-19.896574,-0.00027021883,0
0.5,0,27.417714,0.001084605,0,-19.887346,-0.00026607007,0
0.5,0,27.426034,0.0064342506,0,-19.878117,-0.00026046249,0
0.5,0,27.435572,0.01157018,0,-19.868889,-0.0002534319,0
0.5,0,27.444918,0.016435722,0,-19.859661,-0.00024500533,0
0.5,0,27.452682,0.020978148,0,-19.850432,-0.00023520408,0
0.5,0,27.457803,0.025123223,0,-19.841204,-0.00022405152,0
0.5,0,27.459705,0.028783408,0,-19.831975,-0.0002115847,0
0.5,0,27.458302,0.031896436,0,-19.822747,-0.00019786773,0
0.5,0,27.453915,0.034475861,0,-19.813518,-0.00018300344,0
0.5,0,27.44716,0.036646872,0,-19.80429,-0.00016713814,0
0.5,0,27.438853,0.038605232,0,-19.795061,-0.00015045557,0
0.5,0,27.429929,0.040468402,0,-19.785833,-0.00013316288,0
0.5,0,27.421361,0.042132949,0,-19.776604,-0.00011547582,0
0.5,0,27.414034,0.04333541,0,-19.767376,-9.7602149e-05,0
0.5,0,27.408588,0.043864456,0,-19.758147,-7.971473e-05,0
0.5,0,27.405375,0.043492516,0,-19.748919,-6.1934142e-05,0
0.5,0,27.404881,0.041613661,0,-19.73969,-4.4367802e-05,0
0.5,0,27.409012,0.036952616,0,-19.730462,-2.7165406e-05,0
0.5,0,27.422349,0.028872789,0,-19.721234,-1.0532598e-05,0
0.5,0,27.436239,0.026989768,0,-19.715166,-2.5804012e-15,0
0.5,0,27.446484,-0.049935938,0,-19.518207,-6.0966012e-07,0
0.5,0,27.446993,-0.049842853,0,-19.51856,-2.5804012e-15,0
0.5,0,27.433654,-0.056035845,0,-19.508979,-1.7412912e-05,0
0.5,0,27.424939,-0.062543089,0,-19.49975,-3.4825287e-05,0
0.5,0,27.418371,-0.066726511,0,-19.490522,-5.2702541e-05,0
0.5,0,27.411464,-0.069517374,0,-19.481293,-7.0902817e-05,0
0.5,0,27.404279,-0.071056055,0,-19.472065,-8.9304677e-05,0
0.5,0,27.397696,-0.071527926,0,-19.462836,-0.0001078233,0
0.5,0,27.392425,-0.071416192,0,-19.453608,-0.00012632803,0
0.5,0,27.388572,-0.070997396,0,-19.44438,-0.00014462983,0
0.5,0,27.385549,-0.070069357,0,-19.435151,-0.00016254725,0
0.5,0,27.382355,-0.06834559,0,-19.425923,-0.0001799417,0
0.5,0,27.378041,-0.065763924,0,-19.416694,-0.00019669731,0
0.5,0,27.372083,-0.062433697,0,-19.407466,-0.00021269628,0
0.5,0,27.364541,-0.058542818,0,-19.398237,-0.00022780974,0
0.5,0,27.356025,-0.054359016,0,-19.389009,-0.00024188891,0
0.5,0,27.347466,-0.050182908,0,-19.37978,-0.00025475515,0
0.5,0,27.339755,-0.046199323,0,-19.370552,-0.00026620634,0
0.5,0,27.333434,-0.04235142,0,-19.361323,-0.00027604672,0
0.5,0,27.328657,-0.038341393,0,-19.352095,-0.000284127,0
0.5,0,27.325456,-0.033755154,0,-19.342866,-0.00029037513,0
0.5,0,27.324047,-0.02826937,0,-19.333638,-0.00029480153,0
0.5,0,27.324834,-0.021857496,0,-19.324409,-0.0002974709,0
0.5,0,27.328141,-0.0148582,0,-19.315181,-0.00029845024,0
0.5,0,27.333793,-0.0078324395,0,-19.305953,-0.00029776378,0
0.5,0,27.340897,-0.0012889925,0,-19.296724,-0.00029538517,0
0.5,0,27.348038,0.0045461125,0,-19.287496,-0.00029126638,0
0.5,0,27.353658,0.009766956,0,-19.278267,-0.00028537788,0
0.5,0,27.356493,0.01463447,0,-19.269039,-0.00027773266,0
0.5,0,27.355914,0.019368612,0,-19.25981,-0.00026838247,0
0.5,0,27.352054,0.024018493,0,-19.250582,-0.00025739712,0
0.5,0,27.345742,0.028470985,0,-19.241353,-0.00024484797,0
0.5,0,27.338265,0.032567222,0,-19.232125,-0.00023080987,0
0.5,0,27.331023,0.036220643,0,-19.222896,-0.00021538022,0
0.5,0,27.325188,0.039455504,0,-19.213668,-0.00019869839,0
0.5,0,27.32125,0.042364982,0,-19.204439,-0.00018094769,0
0.5,0,27.318239,0.045030408,0,-19.195211,-0.00016233738,0
0.5,0,27.31473,0.047485324,0,-19.185982,-0.00014308091,0
0.5,0,27.313872,0.049516071,0,-19.176754,-0.00012338323,0
0.5,0,27.316034,0.050861572,0,-19.167526,-0.00010342916,0
0.5,0,27.318092,0.051409826,0,-19.158297,-8.336649e-05,0
0.5,0,27.320459,0.050763264,0,-19.149069,-6.3314589e-05,0
0.5,0,27.324615,0.047906222,0,-19.13984,-4.3411479e-05,0
0.5,0,27.334891,0.041023778,0,-19.130612,-2.3856829e-05,0
0.5,0,27.355065,0.033961762,0,-19.121383,-4.8086277e-06,0
0.5,0,27.361067,0.034113323,0,-19.118989,-2.5804012e-15,0
0.5,0,27.347833,-0.060262104,0,-18.8999,-7.6261351e-06,0
0.5,0,27.353168,-0.058923472,0,-18.903565,-2.5804012e-15,0
0.5,0,27.338241,-0.066289151,0,-18.890672,-2.7702076e-05,0
0.5,0,27.335741,-0.071265575,0,-18.881443,-4.8472184e-05,0
0.5,0,27.336888,-0.07453423,0,-18.872215,-6.9754627e-05,0
0.5,0,27.338103,-0.077058997,0,-18.862986,-9.1266721e-05,0
0.5,0,27.338526,-0.078680078,0,-18.853758,-0.00011279557,0
0.5,0,27.337998,-0.079192023,0,-18.844529,-0.00013420521,0
0.5,0,27.336615,-0.078699687,0,-18.835301,-0.00015535981,0
0.5,0,27.334527,-0.077284888,0,-18.826072,-0.00017610564,0
0.5,0,27.331899,-0.074988646,0,-18.816844,-0.00019628299,0
0.5,0,27.329024,-0.071968928,0,-18.807615,-0.00021571649,0
0.5,0,27.326422,-0.068375625,0,-18.798387,-0.00023421374,0
0.5,0,27.324733,-0.06423024,0,-18.789158,-0.00025159031,0
0.5,0,27.324459,-0.059589115,0,-18.77993,-0.00026768171,0
0.5,0,27.325796,-0.054698853,0,-18.770701,-0.00028232187,0
0.5,0,27.328628,-0.049836048,0,-18.761473,-0.00029532499,0
0.5,0,27.332641,-0.045012678,0,-18.752245,-0.00030650891,0
0.5,0,27.337445,-0.039918507,0,-18.743016,-0.00031574434,0
0.5,0,27.342693,-0.034164617,0,-18.733788,-0.00032298371,0
0.5,0,27.348171,-0.027587897,0,-18.724559,-0.0003282448,0
0.5,0,27.353765,-0.020387538,0,-18.715331,-0.0003315625,0
0.5,0,27.359317,-0.013032132,0,-18.706102,-0.00033294071,0
0.5,0,27.364444,-0.0060133411,0,-18.696874,-0.00033233455,0
0.5,0,27.36853,0.00040406406,0,-18.687645,-0.00032967409,0
0.5,0,27.370966,0.0062833481,0,-18.678417,-0.00032491133,0
0.5,0,27.371442,0.011904932,0,-18.669188,-0.00031805737,0
0.5,0,27.370142,0.017533799,0,-18.65996,-0.00030918611,0
0.5,0,27.367721,0.023238647,0,-18.650731,-0.00029840696,0
0.5,0,27.365124,0.028875374,0,-18.641503,-0.00028583089,0
0.5,0,27.363335,0.03421406,0,-18.632274,-0.00027155476,0
0.5,0,27.363148,0.039089532,0,-18.623046,-0.00025567255,0
0.5,0,27.36501,0.043465521,0,-18.613818,-0.00023830167,0
0.5,0,27.368939,0.047396755,0,-18.604589,-0.00021960186,0
0.5,0,27.3745,0.050944587,0,-18.595361,-0.00019977008,0
0.5,0,27.380877,0.054097655,0,-18.586132,-0.0001790157,0
0.5,0,27.387043,0.056740186,0,-18.576904,-0.00015753837,0
0.5,0,27.392029,0.058732791,0,-18.567675,-0.0001355218,0
0.5,0,27.395213,0.060056253,0,-18.558447,-0.00011312971,0
0.5,0,27.396574,0.060668815,0,-18.549218,-9.0497989e-05,0
0.5,0,27.397049,0.060041559,0,-18.53999,-6.7762172e-05,0
0.5,0,27.399379,0.056792953,0,-18.530761,-4.510412e-05,0
0.5,0,27.410034,0.048573288,0,-18.521533,-2.2790992e-05,0
0.5,0,27.431512,0.043384507,0,-18.512304,-9.5884153e-07,0
0.5,0,27.432475,0.043532849,0,-18.511889,-2.5804012e-15,0
0.5,0,27.433307,-0.069549217,0,-18.272364,-1.9358905e-05,0
0.5,0,27.442338,-0.065748034,0,-18.280485,-2.5804012e-15,0
0.5,0,27.427447,-0.075489448,0,-18.263136,-4.2119331e-05,0
0.5,0,27.424727,-0.078759012,0,-18.253907,-6.5425943e-05,0
0.5,0,27.421019,-0.081011562,0,-18.244679,-8.9032282e-05,0
0.5,0,27.415558,-0.082300793,0,-18.23545,-0.00011268406,0
0.5,0,27.409127,-0.082223874,0,-18.226222,-0.00013626394,0
0.5,0,27.402947,-0.080993568,0,-18.216993,-0.00015968958,0
0.5,0,27.398207,-0.079247982,0,-18.207765,-0.00018279742,0
0.5,0,27.395663,-0.077311897,0,-18.198537,-0.00020535041,0
0.5,0,27.395385,-0.075153131,0,-18.189308,-0.00022709189,0
0.5,0,27.396867,-0.07260338,0,-18.18008,-0.00024777818,0
0.5,0,27.399295,-0.069442833,0,-18.170851,-0.00026720015,0
0.5,0,27.401748,-0.065521351,0,-18.161623,-0.00028519189,0
0.5,0,27.403377,-0.060891976,0,-18.152394,-0.00030161281,0
0.5,0,27.40361,-0.05572855,0,-18.143166,-0.00031632464,0
0.5,0,27.402287,-0.05010305,0,-18.133937,-0.00032919641,0
0.5,0,27.39961,-0.04393054,0,-18.124709,-0.00034013074,0
0.5,0,27.395931,-0.037146295,0,-18.11548,-0.00034907548,0
0.5,0,27.391556,-0.029876589,0,-18.106252,-0.00035600489,0
0.5,0,27.386658,-0.022426302,0,-18.097023,-0.00036088955,0
0.5,0,27.381284,-0.015134735,0,-18.087795,-0.00036368003,0
0.5,0,27.375436,-0.0082314146,0,-18.078566,-0.00036431244,0
0.5,0,27.369178,-0.0017678065,0,-18.069338,-0.00036272976,0
0.5,0,27.362742,0.0043654717,0,-18.06011,-0.00035890713,0
0.5,0,27.356601,0.010355653,0,-18.050881,-0.00035286471,0
0.5,0,27.351395,0.01635737,0,-18.041653,-0.00034466037,0
0.5,0,27.347785,0.022416841,0,-18.032424,-0.00033437063,0
0.5,0,27.34628,0.028472477,0,-18.023196,-0.00032207651,0
0.5,0,27.347156,0.034411694,0,-18.013967,-0.00030786392,0
0.5,0,27.35044,0.040127712,0,-18.004739,-0.00029183551,0
0.5,0,27.355916,0.045535905,0,-17.99551,-0.00027412264,0
0.5,0,27.363096,0.05055695,0,-17.986282,-0.00025488703,0
0.5,0,27.371179,0.055103303,0,-17.977053,-0.0002343074,0
0.5,0,27.37907,0.059073071,0,-17.967825,-0.0002125576,0
0.5,0,27.385551,0.062332067,0,-17.958596,-0.00018979327,0
0.5,0,27.389588,0.064734729,0,-17.949368,-0.00016615957,0
0.5,0,27.390686,0.066259669,0,-17.940139,-0.00014180525,0
0.5,0,27.389168,0.067075441,0,-17.930911,-0.00011687611,0
0.5,0,27.386301,0.067136049,0,-17.921683,-9.1508535e-05,0
0.5,0,27.384673,0.065621407,0,-17.912454,-6.5874042e-05,0
0.5,0,27.389183,0.060706674,0,-17.903226,-4.0222072e-05,0
0.5,0,27.406761,0.052307385,0,-17.893997,-1.4852898e-05,0
0.5,0,27.422788,0.052278078,0,-17.888516,-2.5804012e-15,0
0.5,0,27.487477,-0.076964748,0,-17.6356,-1.2634714e-05,0
0.5,0,27.495816,-0.07613278,0,-17.640086,-2.5804012e-15,0
0.5,0,27.472783,-0.083346363,0,-17.626372,-3.9380498e-05,0
0.5,0,27.463636,-0.088984185,0,-17.617143,-6.6538875e-05,0
0.5,0,27.456252,-0.09244426,0,-17.607915,-9.3862752e-05,0
0.5,0,27.448555,-0.094275523,0,-17.598686,-0.00012108331,0
0.5,0,27.441021,-0.094276865,0,-17.589458,-0.00014807498,0
0.5,0,27.434877,-0.092719,0,-17.580229,-0.00017477801,0
0.5,0,27.430728,-0.090386562,0,-17.571001,-0.00020105267,0
0.5,0,27.428469,-0.087649299,0,-17.561772,-0.00022667251,0
0.5,0,27.429835,-0.084496157,0,-17.552544,-0.00025139222,0
0.5,0,27.433985,-0.080937277,0,-17.543315,-0.00027497143,0
0.5,0,27.437741,-0.076942201,0,-17.534087,-0.00029717114,0
0.5,0,27.440307,-0.072354097,0,-17.524858,-0.00031777239,0
0.5,0,27.441531,-0.066951594,0,-17.51563,-0.00033659819,0
0.5,0,27.441963,-0.060683505,0,-17.506402,-0.00035350407,0
0.5,0,27.442595,-0.053735055,0,-17.497173,-0.00036835009,0
0.5,0,27.444417,-0.046388022,0,-17.487945,-0.00038098883,0
0.5,0,27.44792,-0.038865402,0,-17.478716,-0.00039127845,0
0.5,0,27.452884,-0.031260756,0,-17.469488,-0.00039910673,0
0.5,0,27.458552,-0.023541955,0,-17.460259,-0.00040441128,0
0.5,0,27.464036,-0.015631595,0,-17.451031,-0.00040718642,0
0.5,0,27.468638,-0.0075438748,0,-17.441802,-0.0004074702,0
0.5,0,27.471959,0.00053473301,0,-17.432574,-0.00040531615,0
0.5,0,27.473883,0.0083191062,0,-17.423345,-0.00040076701,0
0.5,0,27.474513,0.015602258,0,-17.414117,-0.00039384572,0
0.5,0,27.474129,0.022384727,0,-17.404888,-0.00038456556,0
0.5,0,27.473102,0.028853036,0,-17.39566,-0.0003729503,0
0.5,0,27.471857,0.035233042,0,-17.386431,-0.00035905235,0
0.5,0,27.470714,0.041627354,0,-17.377203,-0.00034296078,0
0.5,0,27.469884,0.047940589,0,-17.367975,-0.00032479856,0
0.5,0,27.469321,0.053931604,0,-17.358746,-0.00030471571,0
0.5,0,27.468736,0.059354289,0,-17.349518,-0.00028288336,0
0.5,0,27.467585,0.064082072,0,-17.340289,-0.00025948706,0
0.5,0,27.465008,0.068100459,0,-17.331061,-0.00023471722,0
0.5,0,27.460263,0.071387792,0,-17.321832,-0.00020876481,0
0.5,0,27.452978,0.073862285,0,-17.312604,-0.00018182855,0
0.5,0,27.443429,0.075515791,0,-17.303375,-0.00015411733,0
0.5,0,27.432749,0.076467021,0,-17.294147,-0.00012583117,0
0.5,0,27.423021,0.076547147,0,-17.284918,-9.7155254e-05,0
0.5,0,27.417696,0.074743398,0,-17.27569,-6.8300536e-05,0
0.5,0,27.422873,0.068916889,0,-17.266461,-3.954379e-05,0
0.5,0,27.443879,0.062227336,0,-17.257233,-1.1131839e-05,0
0.5,0,27.455214,0.063439231,0,-17.253568,-2.5804012e-15,0
0.5,0,27.406181,-0.086259752,0,-16.980379,-2.8521996e-05,0
0.5,0,27.425476,-0.081198757,0,-16.989456,-2.5804012e-15,0
0.5,0,27.394014,-0.093739996,0,-16.97115,-5.7969765e-05,0
0.5,0,27.388691,-0.097299176,0,-16.961922,-8.7664161e-05,0
0.5,0,27.386105,-0.098953306,0,-16.952694,-0.00011740255,0
0.5,0,27.385723,-0.099106361,0,-16.943465,-0.00014696233,0
0.5,0,27.388141,-0.097742992,0,-16.934237,-0.0001762142,0
0.5,0,27.393726,-0.095300502,0,-16.925008,-0.00020503639,0
0.5,0,27.402023,-0.092446678,0,-16.91578,-0.000233234,0
0.5,0,27.411571,-0.089487426,0,-16.906551,-0.00026056508,0
0.5,0,27.420355,-0.086442622,0,-16.897323,-0.00028678336,0
0.5,0,27.426793,-0.083160105,0,-16.888094,-0.0003116578,0
0.5,0,27.430449,-0.079238991,0,-16.878866,-0.00033500201,0
0.5,0,27.432035,-0.074223934,0,-16.869637,-0.00035669425,0
0.5,0,27.43286,-0.068034793,0,-16.860409,-0.00037664055,0
0.5,0,27.434142,-0.061093487,0,-16.85118,-0.0003947013,0
0.5,0,27.436492,-0.053976727,0,-16.841952,-0.00041065413,0
0.5,0,27.439695,-0.046980109,0,-16.832723,-0.00042422946,0
0.5,0,27.442851,-0.039972326,0,-16.823495,-0.00043518773,0
0.5,0,27.444829,-0.032567034,0,-16.814267,-0.00044338393,0
0.5,0,27.44479,-0.024439709,0,-16.805038,-0.00044878496,0
0.5,0,27.442499,-0.015599619,0,-16.79581,-0.00045143513,0
0.5,0,27.438294,-0.0064478211,0,-16.786581,-0.00045139393,0
0.5,0,27.432922,0.0024484417,0,-16.777353,-0.00044868768,0
0.5,0,27.427358,0.010709198,0,-16.768124,-0.00044330534,0
0.5,0,27.42261,0.018346266,0,-16.758896,-0.0004352316,0
0.5,0,27.419507,0.025685547,0,-16.749667,-0.00042448377,0
0.5,0,27.41848,0.033100733,0,-16.740439,-0.00041112509,0
0.5,0,27.419445,0.040763745,0,-16.73121,-0.00039525114,0
0.5,0,27.421853,0.048560606,0,-16.721982,-0.00037696594,0
0.5,0,27.424833,0.056177864,0,-16.712753,-0.00035636947,0
0.5,0,27.427364,0.06326873,0,-16.703525,-0.0003335658,0
0.5,0,27.428437,0.069593511,0,-16.694296,-0.00030867988,0
0.5,0,27.427221,0.075051097,0,-16.685068,-0.00028186506,0
0.5,0,27.423254,0.079592786,0,-16.67584,-0.00025330047,0
0.5,0,27.416612,0.083152384,0,-16.666611,-0.00022319184,0
0.5,0,27.408048,0.08576361,0,-16.657383,-0.00019177446,0
0.5,0,27.398999,0.087693603,0,-16.648154,-0.00015929645,0
0.5,0,27.39147,0.08904214,0,-16.638926,-0.00012600025,0
0.5,0,27.388206,0.08908462,0,-16.629697,-9.2161571e-05,0
0.5,0,27.393588,0.085981657,0,-16.620469,-5.812131e-05,0
0.5,0,27.414727,0.078358422,0,-16.61124,-2.426112e-05,0
0.5,0,27.438364,0.079888999,0,-16.604576,-2.5804012e-15,0
0.5,0,27.387022,-0.10802836,0,-16.315929,-2.5430268e-05,0
0.5,0,27.404727,-0.10570618,0,-16.322517,-2.5804012e-15,0
0.5,0,27.369902,-0.11510243,0,-16.306701,-6.1758106e-05,0
0.5,0,27.3628,-0.11875925,0,-16.297472,-9.8602833e-05,0
0.5,0,27.361077,-0.12024144,0,-16.288244,-0.00013574002,0
0.5,0,27.362401,-0.1203088,0,-16.279015,-0.00017280855,0
0.5,0,27.365583,-0.11871423,0,-16.269787,-0.00020955883,0
0.5,0,27.369508,-0.11570938,0,-16.260558,-0.00024579422,0
0.5,0,27.373147,-0.11221713,0,-16.25133,-0.00028122577,0
0.5,0,27.375746,-0.10874197,0,-16.242102,-0.00031548565,0
0.5,0,27.376884,-0.10511745,0,-16.232873,-0.00034822665,0
0.5,0,27.376655,-0.10093919,0,-16.223645,-0.00037917201,0
0.5,0,27.37569,-0.095822185,0,-16.214416,-0.00040811306,0
0.5,0,27.374803,-0.08952626,0,-16.205188,-0.00043488662,0
0.5,0,27.374514,-0.082116785,0,-16.195959,-0.00045933179,0
0.5,0,27.374801,-0.073923795,0,-16.186731,-0.00048124537,0
0.5,0,27.37517,-0.065218361,0,-16.177502,-0.00050038105,0
0.5,0,27.374889,-0.055957438,0,-16.168274,-0.00051650064,0
0.5,0,27.373301,-0.045889387,0,-16.159045,-0.00052943008,0
0.5,0,27.370138,-0.034879094,0,-16.149817,-0.00053907279,0
0.5,0,27.365744,-0.023135831,0,-16.140588,-0.00054537829,0
0.5,0,27.361017,-0.011199904,0,-16.13136,-0.00054829636,0
0.5,0,27.357098,0.00027459231,0,-16.122131,-0.0005477482,0
0.5,0,27.354988,0.010826585,0,-16.112903,-0.00054363294,0
0.5,0,27.355267,0.020417714,0,-16.103675,-0.00053586821,0
0.5,0,27.357991,0.029425863,0,-16.094446,-0.00052444081,0
0.5,0,27.362718,0.038394469,0,-16.085218,-0.00050943593,0
0.5,0,27.368612,0.047713653,0,-16.075989,-0.00049102772,0
0.5,0,27.374623,0.05742996,0,-16.066761,-0.0004694385,0
0.5,0,27.37971,0.067252362,0,-16.057532,-0.000444892,0
0.5,0,27.383057,0.076708256,0,-16.048304,-0.00041758547,0
0.5,0,27.384201,0.085354082,0,-16.039075,-0.00038768842,0
0.5,0,27.383043,0.092914017,0,-16.029847,-0.00035535943,0
0.5,0,27.37978,0.099259521,0,-16.020618,-0.00032077063,0
0.5,0,27.374837,0.10432021,0,-16.01139,-0.00028413482,0
0.5,0,27.368849,0.10814871,0,-16.002161,-0.00024572184,0
0.5,0,27.362698,0.11106435,0,-15.992933,-0.0002058412,0
0.5,0,27.357562,0.11328396,0,-15.983704,-0.00016481281,0
0.5,0,27.355277,0.11422307,0,-15.974476,-0.00012299922,0
0.5,0,27.359432,0.11212884,0,-15.965248,-8.083144e-05,0
0.5,0,27.377524,0.10413737,0,-15.956019,-3.8807431e-05,0
0.5,0,27.404357,0.10495027,0,-15.947434,-2.5804012e-15,0
0.5,0,27.414679,-0.12922992,0,-15.65148,-4.232352e-06,0
0.5,0,27.415659,-0.1294172,0,-15.652379,-2.5804012e-15,0
0.5,0,27.402171,-0.13293401,0,-15.642251,-4.8432835e-05,0
0.5,0,27.397346,-0.13937792,0,-15.633023,-9.3199862e-05,0
0.5,0,27.399722,-0.14151371,0,-15.623794,-0.00013826323,0
0.5,0,27.404035,-0.14166026,0,-15.614566,-0.00018327033,0
0.5,0,27.408,-0.14012897,0,-15.605337,-0.00022783985,0
0.5,0,27.410801,-0.13693902,0,-15.596109,-0.00027166748,0
0.5,0,27.41247,-0.13269635,0,-15.58688,-0.00031441963,0
0.5,0,27.413518,-0.12806852,0,-15.577652,-0.00035567566,0
0.5,0,27.414465,-0.12303108,0,-15.568423,-0.00039502071,0
0.5,0,27.41555,-0.11726288,0,-15.559195,-0.00043212517,0
0.5,0,27.416791,-0.11062855,0,-15.549967,-0.00046673293,0
0.5,0,27.418007,-0.1031022,0,-15.540738,-0.00049863007,0
0.5,0,27.418728,-0.094638731,0,-15.53151,-0.0005276343,0
0.5,0,27.41827,-0.085257826,0,-15.522281,-0.00055358244,0
0.5,0,27.416077,-0.075072268,0,-15.513053,-0.00057631365,0
0.5,0,27.412027,-0.064175036,0,-15.503824,-0.00059567091,0
0.5,0,27.406482,-0.052611962,0,-15.494596,-0.00061151663,0
0.5,0,27.400145,-0.040502683,0,-15.485367,-0.00062373552,0
0.5,0,27.393913,-0.028112565,0,-15.476139,-0.00063222042,0
0.5,0,27.388763,-0.015772628,0,-15.46691,-0.00063686278,0
0.5,0,27.385571,-0.0037522751,0,-15.457682,-0.0006375621,0
0.5,0,27.384887,0.0078157337,0,-15.448453,-0.0006342471,0
0.5,0,27.386748,0.018962839,0,-15.439225,-0.0006268969,0
0.5,0,27.390641,0.02987108,0,-15.429996,-0.00061555562,0
0.5,0,27.395594,0.04078537,0,-15.420768,-0.00060033583,0
0.5,0,27.400357,0.051864035,0,-15.41154,-0.00058140692,0
0.5,0,27.403599,0.063044663,0,-15.402311,-0.00055896899,0
0.5,0,27.404183,0.074004204,0,-15.393083,-0.00053322086,0
0.5,0,27.401328,0.084253579,0,-15.383854,-0.00050433556,0
0.5,0,27.394839,0.093347113,0,-15.374626,-0.00047245344,0
0.5,0,27.384867,0.10109184,0,-15.365397,-0.00043769551,0
0.5,0,27.371357,0.10759988,0,-15.356169,-0.0004001928,0
0.5,0,27.354559,0.11316284,0,-15.34694,-0.00036012503,0
0.5,0,27.337929,0.1179327,0,-15.337712,-0.00031775705,0
0.5,0,27.323007,0.1220326,0,-15.328483,-0.00027344716,0
0.5,0,27.308905,0.12582005,0,-15.319255,-0.00022760309,0
0.5,0,27.297081,0.12931967,0,-15.310026,-0.00018062722,0
0.5,0,27.289546,0.13148006,0,-15.300798,-0.00013294055,0
0.5,0,27.290284,0.12996381,0,-15.291569,-8.5005244e-05,0
0.5,0,27.306745,0.12260879,0,-15.282341,-3.7298976e-05,0
0.5,0,27.327512,0.12507958,0,-15.275077,-2.5804012e-15,0
0.5,0,27.376271,-0.14825443,0,-14.959345,-4.7544925e-05,0
0.5,0,27.390411,-0.14690811,0,-14.967932,-2.5804012e-15,0
0.5,0,27.368234,-0.15490048,0,-14.950116,-9.9458238e-05,0
0.5,0,27.368743,-0.15722704,0,-14.940888,-0.00015181067,0
0.5,0,27.371874,-0.15798958,0,-14.931659,-0.00020419287,0
0.5,0,27.375238,-0.15782234,0,-14.922431,-0.00025608951,0
0.5,0,27.378307,-0.15638286,0,-14.913202,-0.00030709748,0
0.5,0,27.381581,-0.15359575,0,-14.903974,-0.00035687952,0
0.5,0,27.385861,-0.14977935,0,-14.894745,-0.00040507022,0
0.5,0,27.391296,-0.14497646,0,-14.885517,-0.00045130388,0
0.5,0,27.396921,-0.13913421,0,-14.876288,-0.00049525775,0
0.5,0,27.401215,-0.13235247,0,-14.86706,-0.00053663987,0
0.5,0,27.402967,-0.12460934,0,-14.857832,-0.00057518781,0
0.5,0,27.401826,-0.11561379,0,-14.848603,-0.00061069759,0
0.5,0,27.398376,-0.1051303,0,-14.839375,-0.00064302289,0
0.5,0,27.393881,-0.093304679,0,-14.830146,-0.00067202358,0
0.5,0,27.389811,-0.080610464,0,-14.820918,-0.00069751263,0
0.5,0,27.387386,-0.067582342,0,-14.811689,-0.00071924326,0
0.5,0,27.387341,-0.054607324,0,-14.802461,-0.00073693226,0
0.5,0,27.390022,-0.041823383,0,-14.793232,-0.00075030012,0
0.5,0,27.395397,-0.029127689,0,-14.784004,-0.00075911554,0
0.5,0,27.40317,-0.01631215,0,-14.774775,-0.00076322896,0
0.5,0,27.412905,-0.0032292222,0,-14.765547,-0.00076257825,0
0.5,0,27.423616,0.0100839,0,-14.756318,-0.00075716797,0
0.5,0,27.433549,0.023534682,0,-14.74709,-0.00074705212,0
0.5,0,27.441253,0.037114127,0,-14.737861,-0.00073232605,0
0.5,0,27.445862,0.050825204,0,-14.728633,-0.000713119,0
0.5,0,27.44677,0.064588853,0,-14.719405,-0.00068958779,0
0.5,0,27.443951,0.07815736,0,-14.710176,-0.00066190509,0
0.5,0,27.437968,0.091150483,0,-14.700948,-0.00063024728,0
0.5,0,27.429897,0.10320846,0,-14.691719,-0.00059479155,0
0.5,0,27.421058,0.11416379,0,-14.682491,-0.00055572562,0
0.5,0,27.412675,0.12409478,0,-14.673262,-0.00051326077,0
0.5,0,27.405597,0.13318097,0,-14.664034,-0.00046763865,0
0.5,0,27.400196,0.14145786,0,-14.654805,-0.00041913721,0
0.5,0,27.396499,0.14875997,0,-14.645577,-0.00036808112,0
0.5,0,27.394447,0.15498795,0,-14.636348,-0.00031483563,0
0.5,0,27.39416,0.16020286,0,-14.62712,-0.00025976674,0
0.5,0,27.396254,0.16402477,0,-14.617891,-0.00020322574,0
0.5,0,27.402731,0.16498146,0,-14.608663,-0.00014560106,0
0.5,0,27.4187,0.16046388,0,-14.599434,-8.7359988e-05,0
0.5,0,27.447146,0.15499362,0,-14.590206,-2.8905299e-05,0
0.5,0,27.460844,0.15812021,0,-14.585652,-2.5804012e-15,0
0.5,0,27.464141,-0.18457554,0,-14.257981,-6.1314265e-05,0
0.5,0,27.483344,-0.18281622,0,-14.266984,-2.5804012e-15,0
0.5,0,27.449179,-0.19232311,0,-14.248753,-0.00012486575,0
0.5,0,27.440628,-0.19530787,0,-14.239524,-0.00018867163,0
0.5,0,27.433249,-0.19644424,0,-14.230296,-0.00025223826,0
0.5,0,27.426696,-0.1960321,0,-14.221067,-0.0003149992,0
0.5,0,27.422483,-0.19319179,0,-14.211839,-0.00037659458,0
0.5,0,27.421888,-0.18775708,0,-14.20261,-0.00043677786,0
0.5,0,27.425166,-0.18057802,0,-14.193382,-0.00049522093,0
0.5,0,27.43125,-0.17238292,0,-14.184153,-0.00055148959,0
0.5,0,27.437882,-0.16354387,0,-14.174925,-0.00060510534,0
0.5,0,27.443074,-0.15422358,0,-14.165697,-0.00065558277,0
0.5,0,27.447038,-0.14427468,0,-14.156468,-0.00070247834,0
0.5,0,27.449728,-0.13325082,0,-14.14724,-0.0007454482,0
0.5,0,27.450673,-0.12084165,0,-14.138011,-0.00078424503,0
0.5,0,27.450813,-0.10727078,0,-14.128783,-0.00081864683,0
0.5,0,27.451184,-0.093078491,0,-14.119554,-0.00084839331,0
0.5,0,27.452579,-0.078643413,0,-14.110326,-0.00087319188,0
0.5,0,27.455274,-0.06393547,0,-14.101097,-0.00089277644,0
0.5,0,27.459038,-0.048609797,0,-14.091869,-0.00090696768,0
0.5,0,27.463272,-0.032300181,0,-14.08264,-0.00091569822,0
0.5,0,27.467117,-0.01494402,0,-14.073412,-0.00091899011,0
0.5,0,27.469532,0.00306834,0,-14.064183,-0.00091689713,0
0.5,0,27.469428,0.021060596,0,-14.054955,-0.00090944888,0
0.5,0,27.465909,0.038436299,0,-14.045726,-0.0008966337,0
0.5,0,27.458523,0.054944097,0,-14.036498,-0.0008784257,0
0.5,0,27.447432,0.0706561,0,-14.02727,-0.00085483037,0
0.5,0,27.433405,0.085743187,0,-14.018041,-0.00082591739,0
0.5,0,27.417692,0.10026118,0,-14.008813,-0.00079182759,0
0.5,0,27.401772,0.11408248,0,-13.999584,-0.00075276264,0
0.5,0,27.387059,0.12698796,0,-13.990356,-0.00070897359,0
0.5,0,27.374588,0.1388449,0,-13.981127,-0.00066075441,0
0.5,0,27.364802,0.14971458,0,-13.971899,-0.00060843464,0
0.5,0,27.357512,0.15975265,0,-13.96267,-0.00055237086,0
0.5,0,27.352078,0.16900208,0,-13.953442,-0.00049294725,0
0.5,0,27.347768,0.17739671,0,-13.944213,-0.00043058144,0
0.5,0,27.34412,0.18498633,0,-13.934985,-0.00036570543,0
0.5,0,27.341226,0.19171408,0,-13.925756,-0.00029872685,0
0.5,0,27.340109,0.19670411,0,-13.916528,-0.00023005353,0
0.5,0,27.343806,0.19789834,0,-13.907299,-0.00016014329,0
0.5,0,27.359512,0.19222584,0,-13.898071,-8.9532111e-05,0
0.5,0,27.385475,0.19218801,0,-13.888843,-1.8495586e-05,0
0.5,0,27.389815,0.19498932,0,-13.886452,-2.5804012e-15,0
0.5,0,27.331088,-0.22579017,0,-13.547389,-1.0632258e-05,0
0.5,0,27.333466,-0.226517,0,-13.548632,-2.5804012e-15,0
0.5,0,27.303962,-0.22845107,0,-13.538161,-9.0348441e-05,0
0.5,0,27.28282,-0.23774126,0,-13.528932,-0.00017050753,0
0.5,0,27.270497,-0.24139208,0,-13.519704,-0.00025055477,0
0.5,0,27.262015,-0.24209632,0,-13.510475,-0.00032993048,0
0.5,0,27.25647,-0.23992034,0,-13.501247,-0.00040811338,0
0.5,0,27.25413,-0.23452057,0,-13.492018,-0.00048474764,0
0.5,0,27.254958,-0.22661897,0,-13.48279,-0.00055946449,0
0.5,0,27.258287,-0.21755647,0,-13.473562,-0.00063171442,0
0.5,0,27.262812,-0.20783932,0,-13.464333,-0.0007008443,0
0.5,0,27.266941,-0.19719966,0,-13.455105,-0.00076624551,0
0.5,0,27.26959,-0.18525241,0,-13.445876,-0.00082741063,0
0.5,0,27.270675,-0.17169027,0,-13.436648,-0.000883934,0
0.5,0,27.270948,-0.15639892,0,-13.427419,-0.00093549337,0
0.5,0,27.271436,-0.13969434,0,-13.418191,-0.00098179419,0
0.5,0,27.272909,-0.12223543,0,-13.408962,-0.0010225051,0
0.5,0,27.275523,-0.10453658,0,-13.399734,-0.0010572516,0
0.5,0,27.278711,-0.086612104,0,-13.390505,-0.0010856792,0
0.5,0,27.281368,-0.06809424,0,-13.381277,-0.001107523,0
0.5,0,27.282253,-0.04860818,0,-13.372048,-0.0011226344,0
0.5,0,27.280433,-0.028062628,0,-13.36282,-0.0011309609,0
0.5,0,27.27553,-0.0067333123,0,-13.353591,-0.001132504,0
0.5,0,27.267765,0.01485242,0,-13.344363,-0.0011272772,0
0.5,0,27.257914,0.036164768,0,-13.335135,-0.0011152837,0
0.5,0,27.24716,0.056897296,0,-13.325906,-0.0010965242,0
0.5,0,27.2369,0.07701601,0,-13.316678,-0.0010710277,0
0.5,0,27.228475,0.096620905,0,-13.307449,-0.0010388828,0
0.5,0,27.222926,0.11575069,0,-13.298221,-0.0010002513,0
0.5,0,27.220801,0.13426726,0,-13.288992,-0.00095536031,0
0.5,0,27.222072,0.15187466,0,-13.279764,-0.00090448537,0
0.5,0,27.226119,0.16826574,0,-13.270535,-0.00084794086,0
0.5,0,27.231808,0.1833011,0,-13.261307,-0.00078608029,0
0.5,0,27.23766,0.19703409,0,-13.252078,-0.00071929704,0
0.5,0,27.242186,0.20951281,0,-13.24285,-0.00064802321,0
0.5,0,27.2443,0.22062121,0,-13.233621,-0.00057272961,0
0.5,0,27.243703,0.23026781,0,-13.224393,-0.00049391302,0
0.5,0,27.241043,0.23856954,0,-13.215164,-0.00041205591,0
0.5,0,27.237899,0.24527298,0,-13.205936,-0.00032761562,0
0.5,0,27.237044,0.24905237,0,-13.196708,-0.00024111104,0
0.5,0,27.243838,0.24750872,0,-13.187479,-0.00015317134,0
0.5,0,27.264392,0.2409785,0,-13.178251,-6.4474035e-05,0
0.5,0,27.280451,0.2463202,0,-13.171581,-2.5804012e-15,0
0.5,0,27.197341,-0.27811268,0,-12.81834,-5.3726545e-05,0
0.5,0,27.204244,-0.27926742,0,-12.823425,-2.5804012e-15,0
0.5,0,27.183214,-0.28518156,0,-12.809112,-0.00015190984,0
0.5,0,27.178385,-0.29183651,0,-12.799883,-0.00025025401,0
0.5,0,27.180101,-0.29328968,0,-12.790655,-0.00034819247,0
0.5,0,27.184027,-0.29170463,0,-12.781427,-0.00044506243,0
0.5,0,27.188778,-0.28731222,0,-12.772198,-0.00054026902,0
0.5,0,27.193822,-0.28018355,0,-12.76297,-0.00063330658,0
0.5,0,27.198724,-0.27108352,0,-12.753741,-0.00072360041,0
0.5,0,27.202972,-0.26050228,0,-12.744513,-0.00081048397,0
0.5,0,27.205918,-0.24819644,0,-12.735284,-0.00089331603,0
0.5,0,27.207047,-0.23390142,0,-12.726056,-0.00097153634,0
0.5,0,27.206363,-0.21773098,0,-12.716827,-0.0010446329,0
0.5,0,27.204477,-0.19997574,0,-12.707599,-0.0011121139,0
0.5,0,27.202332,-0.18097103,0,-12.69837,-0.0011735036,0
0.5,0,27.200766,-0.16110598,0,-12.689142,-0.0012283344,0
0.5,0,27.200143,-0.14066323,0,-12.679913,-0.0012761529,0
0.5,0,27.200208,-0.11961007,0,-12.670685,-0.0013165575,0
0.5,0,27.200204,-0.097656973,0,-12.661456,-0.0013492424,0
0.5,0,27.199213,-0.074523321,0,-12.652228,-0.0013740096,0
0.5,0,27.196544,-0.050143573,0,-12.643,-0.0013907478,0
0.5,0,27.192013,-0.024740583,0,-12.633771,-0.0013994014,0
0.5,0,27.185944,0.0011824661,0,-12.624543,-0.0013999388,0
0.5,0,27.179039,0.026963491,0,-12.615314,-0.0013923246,0
0.5,0,27.172201,0.052023105,0,-12.606086,-0.0013765072,0
0.5,0,27.166291,0.076086832,0,-12.596857,-0.0013524385,0
0.5,0,27.161916,0.099223523,0,-12.587629,-0.0013201177,0
0.5,0,27.159254,0.12168047,0,-12.5784,-0.0012796348,0
0.5,0,27.158004,0.14365895,0,-12.569172,-0.0012311909,0
0.5,0,27.157481,0.16517855,0,-12.559943,-0.0011750895,0
0.5,0,27.156795,0.1860791,0,-12.550715,-0.0011117125,0
0.5,0,27.15505,0.20612538,0,-12.541486,-0.0010414973,0
0.5,0,27.151531,0.22511216,0,-12.532258,-0.00096491834,0
0.5,0,27.145863,0.24283905,0,-12.523029,-0.00088246854,0
0.5,0,27.138165,0.25897003,0,-12.513801,-0.00079464637,0
0.5,0,27.12913,0.27305673,0,-12.504573,-0.00070195831,0
0.5,0,27.11996,0.28489295,0,-12.495344,-0.00060491857,0
0.5,0,27.112104,0.29465333,0,-12.486116,-0.0005040281,0
0.5,0,27.107071,0.30216462,0,-12.476887,-0.00039979439,0
0.5,0,27.106895,0.30617536,0,-12.467659,-0.00029283427,0
0.5,0,27.116089,0.30437215,0,-12.45843,-0.00018392467,0
0.5,0,27.137708,0.29941859,0,-12.449202,-7.3889469e-05,0
0.5,0,27.150171,0.30542928,0,-12.443045,-2.5804012e-15,0
0.5,0,27.138759,-0.35215808,0,-12.080063,-0.00010201586,0
0.5,0,27.14927,-0.35229727,0,-12.08767,-2.5804012e-15,0
0.5,0,27.128345,-0.36199557,0,-12.070835,-0.00022661899,0
0.5,0,27.127484,-0.36568527,0,-12.061606,-0.00035133823,0
0.5,0,27.129223,-0.36516383,0,-12.052378,-0.00047543558,0
0.5,0,27.130208,-0.36206953,0,-12.043149,-0.00059797354,0
0.5,0,27.129962,-0.35616512,0,-12.033921,-0.00071814194,0
0.5,0,27.12896,-0.3472627,0,-12.024692,-0.00083525457,0
0.5,0,27.127804,-0.33591636,0,-12.015464,-0.00094858306,0
0.5,0,27.126829,-0.32224061,0,-12.006235,-0.0010573702,0
0.5,0,27.125953,-0.30599365,0,-11.997007,-0.0011609148,0
0.5,0,27.125056,-0.28733993,0,-11.987778,-0.0012585491,0
0.5,0,27.124309,-0.26673607,0,-11.97855,-0.0013495867,0
0.5,0,27.124103,-0.24448052,0,-11.969321,-0.0014333378,0
0.5,0,27.124742,-0.22076026,0,-11.960093,-0.0015091471,0
0.5,0,27.126226,-0.19585759,0,-11.950865,-0.0015764039,0
0.5,0,27.128177,-0.17002426,0,-11.941636,-0.00163455,0
0.5,0,27.129906,-0.1432469,0,-11.932408,-0.0016831168,0
0.5,0,27.130643,-0.11526714,0,-11.923179,-0.0017217603,0
0.5,0,27.129887,-0.08580223,0,-11.913951,-0.0017502651,0
0.5,0,27.127674,-0.054775989,0,-11.904722,-0.0017685194,0
0.5,0,27.124595,-0.022498308,0,-11.895494,-0.0017764742,0
0.5,0,27.121522,0.010308394,0,-11.886265,-0.0017740959,0
0.5,0,27.119289,0.042763354,0,-11.877037,-0.0017613339,0
0.5,0,27.118461,0.074237068,0,-11.867808,-0.0017381261,0
0.5,0,27.119172,0.10459952,0,-11.85858,-0.0017044475,0
0.5,0,27.121105,0.13411752,0,-11.849351,-0.0016603719,0
0.5,0,27.123611,0.16311108,0,-11.840123,-0.0016061075,0
0.5,0,27.12585,0.19164297,0,-11.830894,-0.0015419916,0
0.5,0,27.127046,0.21942576,0,-11.821666,-0.0014684534,0
0.5,0,27.126763,0.24596064,0,-11.812437,-0.0013859722,0
0.5,0,27.125066,0.27076075,0,-11.803209,-0.0012950485,0
0.5,0,27.121457,0.29355105,0,-11.793981,-0.0011961976,0
0.5,0,27.115877,0.31419927,0,-11.784752,-0.0010899576,0
0.5,0,27.109097,0.33252821,0,-11.775524,-0.00097691551,0
0.5,0,27.101561,0.34845126,0,-11.766295,-0.00085773693,0
0.5,0,27.093967,0.3622676,0,-11.757067,-0.00073315492,0
0.5,0,27.087184,0.37431213,0,-11.747838,-0.00060392455,0
0.5,0,27.082342,0.38394136,0,-11.73861,-0.00047084803,0
0.5,0,27.082146,0.38907805,0,-11.729381,-0.00033482796,0
0.5,0,27.093085,0.38644627,0,-11.720153,-0.00019688667,0
0.5,0,27.11097,0.3886519,0,-11.710924,-5.7835958e-05,0
0.5,0,27.112075,0.3939726,0,-11.707108,-2.5804012e-15,0
0.5,0,27.038768,-0.44119561,0,-11.341786,-2.4180696e-06,0
0.5,0,27.038646,-0.44130152,0,-11.341931,-2.5804012e-15,0
0.5,0,27.029254,-0.44202102,0,-11.332557,-0.00015700589,0
0.5,0,27.023243,-0.4518192,0,-11.323329,-0.00031250995,0
0.5,0,27.025701,-0.4532821,0,-11.3141,-0.00046793577,0
0.5,0,27.028701,-0.45117234,0,-11.304872,-0.00062225503,0
0.5,0,27.030388,-0.446408,0,-11.295643,-0.0007742807,0
0.5,0,27.031626,-0.43802625,0,-11.286415,-0.0009230562,0
0.5,0,27.033901,-0.42564989,0,-11.277186,-0.0010677968,0
0.5,0,27.038157,-0.41012705,0,-11.267958,-0.0012076552,0
0.5,0,27.044102,-0.39206423,0,-11.258729,-0.0013417008,0
0.5,0,27.0504,-0.37172531,0,-11.249501,-0.0014689905,0
0.5,0,27.055795,-0.34941589,0,-11.240273,-0.001588577,0
0.5,0,27.059879,-0.32513786,0,-11.231044,-0.001699538,0
0.5,0,27.062953,-0.29840975,0,-11.221816,-0.0018010599,0
0.5,0,27.065449,-0.26883017,0,-11.212587,-0.0018924776,0
0.5,0,27.067525,-0.23659352,0,-11.203359,-0.0019732291,0
0.5,0,27.069007,-0.20232855,0,-11.19413,-0.0020427992,0
0.5,0,27.06956,-0.16663667,0,-11.184902,-0.0021007135,0
0.5,0,27.068955,-0.12986949,0,-11.175673,-0.0021465622,0
0.5,0,27.067273,-0.092178787,0,-11.166445,-0.0021800172,0
0.5,0,27.064907,-0.053682358,0,-11.157216,-0.0022008319,0
0.5,0,27.062363,-0.014654847,0,-11.147988,-0.0022088282,0
0.5,0,27.059993,0.024414363,0,-11.138759,-0.0022038762,0
0.5,0,27.057876,0.063004386,0,-11.129531,-0.0021858839,0
0.5,0,27.055845,0.10083454,0,-11.120302,-0.0021548154,0
0.5,0,27.053557,0.13795935,0,-11.111074,-0.0021107329,0
0.5,0,27.050605,0.1745872,0,-11.101846,-0.0020538358,0
0.5,0,27.046638,0.21077899,0,-11.092617,-0.0019844677,0
0.5,0,27.041488,0.24626071,0,-11.083389,-0.0019030899,0
0.5,0,27.035233,0.28045775,0,-11.07416,-0.0018102379,0
0.5,0,27.028127,0.31271712,0,-11.064932,-0.0017064886,0
0.5,0,27.020435,0.34258648,0,-11.055703,-0.0015924498,0
0.5,0,27.012276,0.36992439,0,-11.046475,-0.001468764,0
0.5,0,27.003626,0.39470503,0,-11.037246,-0.0013361169,0
0.5,0,26.994472,0.41676367,0,-11.028018,-0.001195257,0
0.5,0,26.98501,0.43593983,0,-11.018789,-0.001047012,0
0.5,0,26.975671,0.45245882,0,-11.009561,-0.00089226189,0
0.5,0,26.967156,0.46651345,0,-11.000332,-0.00073189471,0
0.5,0,26.9606,0.47726865,0,-10.991104,-0.00056686389,0
0.5,0,26.959177,0.48263712,0,-10.981875,-0.00039825059,0
0.5,0,26.969857,0.47947845,0,-10.972647,-0.00022729157,0
0.5,0,26.984533,0.48457045,0,-10.963419,-5.4996015e-05,0
0.5,0,26.98276,0.48889969,0,-10.96049,-2.5804012e-15,0
0.5,0,26.963363,-0.52805909,0,-10.585051,-9.3440836e-05,0
0.5,0,26.961674,-0.5309101,0,-10.589667,-2.5804012e-15,0
0.5,0,26.954232,-0.53271109,0,-10.575823,-0.00028103899,0
0.5,0,26.949347,-0.54103146,0,-10.566594,-0.00046884933,0
0.5,0,26.94964,-0.54203353,0,-10.557366,-0.00065555852,0
0.5,0,26.950062,-0.53875411,0,-10.548138,-0.00083985898,0
0.5,0,26.95045,-0.53095438,0,-10.538909,-0.0010205752,0
0.5,0,26.952277,-0.51773983,0,-10.529681,-0.0011968059,0
0.5,0,26.956843,-0.4996414,0,-10.520452,-0.0013677031,0
0.5,0,26.964588,-0.47810131,0,-10.511224,-0.0015322676,0
0.5,0,26.974806,-0.45412985,0,-10.501995,-0.0016893695,0
0.5,0,26.986043,-0.4281916,0,-10.492767,-0.0018378386,0
0.5,0,26.996962,-0.40027833,0,-10.483538,-0.0019765349,0
0.5,0,27.006817,-0.36980353,0,-10.47431,-0.0021044354,0
0.5,0,27.015372,-0.33602829,0,-10.465081,-0.0022206943,0
0.5,0,27.022616,-0.29880893,0,-10.455853,-0.0023246089,0
0.5,0,27.0286,-0.25877976,0,-10.446624,-0.0024155343,0
0.5,0,27.033382,-0.21686718,0,-10.437396,-0.0024928464,0
0.5,0,27.03703,-0.17378528,0,-10.428167,-0.0025559727,0
0.5,0,27.039667,-0.12989579,0,-10.418939,-0.0026044403,0
0.5,0,27.041493,-0.085319769,0,-10.409711,-0.0026378997,0
0.5,0,27.042717,-0.040149623,0,-10.400482,-0.002656122,0
0.5,0,27.043415,0.0053557411,0,-10.391254,-0.0026589774,0
0.5,0,27.043466,0.050758167,0,-10.382025,-0.002646413,0
0.5,0,27.042625,0.095625562,0,-10.372797,-0.0026184435,0
0.5,0,27.040602,0.13974286,0,-10.363568,-0.00257517,0
0.5,0,27.037179,0.1831415,0,-10.35434,-0.0025168122,0
0.5,0,27.032227,0.22589423,0,-10.345111,-0.0024437273,0
0.5,0,27.025536,0.2678576,0,-10.335883,-0.0023564024,0
0.5,0,27.01715,0.30858001,0,-10.326654,-0.0022554215,0
0.5,0,27.008762,0.34735516,0,-10.317426,-0.0021414288,0
0.5,0,27.001147,0.38348286,0,-10.308197,-0.0020151092,0
0.5,0,26.993617,0.41655814,0,-10.298969,-0.0018771887,0
0.5,0,26.986069,0.44648154,0,-10.28974,-0.0017284361,0
0.5,0,26.978107,0.47323553,0,-10.280512,-0.0015696664,0
0.5,0,26.969348,0.49667377,0,-10.271284,-0.0014017603,0
0.5,0,26.959678,0.51673382,0,-10.262055,-0.0012256894,0
0.5,0,26.949289,0.53380877,0,-10.252827,-0.0010424959,0
0.5,0,26.938726,0.54819776,0,-10.243598,-0.00085324692,0
0.5,0,26.929018,0.55902789,0,-10.23437,-0.00065908926,0
0.5,0,26.923464,0.56412824,0,-10.225141,-0.0004612963,0
0.5,0,26.929251,0.56021102,0,-10.215913,-0.00026128127,0
0.5,0,26.936785,0.56584949,0,-10.206684,-6.0216117e-05,0
0.5,0,26.932083,0.56989162,0,-10.203932,-2.5804012e-15,0
0.5,0,26.934882,-0.60072471,0,-9.8283171,-1.4966269e-05,0
0.5,0,26.933964,-0.60136539,0,-9.828966,-2.5804012e-15,0
0.5,0,26.923427,-0.59987715,0,-9.8190887,-0.00022811542,0
0.5,0,26.911368,-0.61059836,0,-9.8098602,-0.00044182168,0
0.5,0,26.907299,-0.61220508,0,-9.8006317,-0.00065468175,0
0.5,0,26.904723,-0.60874079,0,-9.7914033,-0.00086533217,0
0.5,0,26.902878,-0.60072211,0,-9.7821748,-0.0010723718,0
0.5,0,26.903064,-0.58726237,0,-9.7729463,-0.0012746772,0
0.5,0,26.906516,-0.56856281,0,-9.7637179,-0.0014712541,0
0.5,0,26.913847,-0.54623398,0,-9.7544894,-0.0016609576,0
0.5,0,26.924682,-0.52134396,0,-9.7452609,-0.0018424943,0
0.5,0,26.937631,-0.49407997,0,-9.7360325,-0.0020145644,0
0.5,0,26.951041,-0.46424842,0,-9.726804,-0.002175943,0
0.5,0,26.963714,-0.43128513,0,-9.7175755,-0.0023255367,0
0.5,0,26.975012,-0.39445669,0,-9.7083471,-0.0024624312,0
0.5,0,26.98464,-0.35356325,0,-9.6991186,-0.002585857,0
0.5,0,26.992457,-0.3092677,0,-9.6898901,-0.0026950891,0
0.5,0,26.998404,-0.26264359,0,-9.6806617,-0.0027893931,0
0.5,0,27.002495,-0.21457776,0,-9.6714332,-0.0028680632,0
0.5,0,27.004866,-0.16557145,0,-9.6622047,-0.0029304961,0
0.5,0,27.005825,-0.1158314,0,-9.6529763,-0.0029762389,0
0.5,0,27.005758,-0.065451712,0,-9.6437478,-0.0030049951,0
0.5,0,27.005099,-0.014648307,0,-9.6345193,-0.0030165984,0
0.5,0,27.004313,0.03609206,0,-9.6252909,-0.0030109702,0
0.5,0,27.003012,0.086179916,0,-9.6160624,-0.0029880912,0
0.5,0,27.000857,0.13523126,0,-9.6068339,-0.0029480129,0
0.5,0,26.997911,0.18323033,0,-9.5976055,-0.0028909022,0
0.5,0,26.993794,0.23041546,0,-9.588377,-0.0028170847,0
0.5,0,26.988294,0.27692433,0,-9.5791485,-0.0027270571,0
0.5,0,26.981433,0.32252031,0,-9.5699201,-0.0026214622,0
0.5,0,26.973438,0.36657787,0,-9.5606916,-0.0025010429,0
0.5,0,26.964633,0.40827316,0,-9.5514631,-0.0023665983,0
0.5,0,26.955255,0.44683589,0,-9.5422347,-0.0022189641,0
0.5,0,26.945317,0.48175302,0,-9.5330062,-0.0020590096,0
0.5,0,26.934645,0.51280509,0,-9.5237777,-0.0018876349,0
0.5,0,26.923083,0.53988673,0,-9.5145493,-0.0017057765,0
0.5,0,26.910716,0.56287729,0,-9.5053208,-0.0015144489,0
0.5,0,26.897984,0.5819324,0,-9.4960923,-0.0013147884,0
0.5,0,26.885484,0.59777295,0,-9.4868639,-0.0011080226,0
0.5,0,26.87397,0.61078579,0,-9.4776354,-0.00089540427,0
0.5,0,26.86429,0.61982317,0,-9.4684069,-0.00067827234,0
0.5,0,26.859875,0.62248335,0,-9.4591785,-0.00045807985,0
0.5,0,26.867019,0.61527313,0,-9.44995,-0.00023640685,0
0.5,0,26.871035,0.62229704,0,-9.4407215,-1.4355651e-05,0
0.5,0,26.869518,0.62311025,0,-9.4401264,-2.5804012e-15,0
0.5,0,26.857607,-0.63061991,0,-9.0623544,-1.7924699e-05,0
0.5,0,26.856382,-0.63150474,0,-9.0630918,-2.5804012e-15,0
0.5,0,26.847034,-0.62823951,0,-9.0531259,-0.00024222129,0
0.5,0,26.835335,-0.63838308,0,-9.0438975,-0.00046692136,0
0.5,0,26.832786,-0.63891688,0,-9.034669,-0.00069056178,0
0.5,0,26.832888,-0.63433082,0,-9.0254405,-0.00091171332,0
0.5,0,26.834201,-0.62515827,0,-9.0162121,-0.0011288992,0
0.5,0,26.837561,-0.61048294,0,-9.0069836,-0.0013409289,0
0.5,0,26.844171,-0.5904812,0,-8.9977551,-0.0015467517,0
0.5,0,26.854639,-0.56679384,0,-8.9885267,-0.0017451673,0
0.5,0,26.868326,-0.54044889,0,-8.9792982,-0.0019348336,0
0.5,0,26.883462,-0.51152163,0,-8.9700697,-0.0021144246,0
0.5,0,26.898159,-0.47974825,0,-8.9608413,-0.0022827135,0
0.5,0,26.911177,-0.44460171,0,-8.9516128,-0.0024386207,0
0.5,0,26.921971,-0.40548229,0,-8.9423843,-0.0025812518,0
0.5,0,26.93042,-0.36237075,0,-8.9331559,-0.0027098549,0
0.5,0,26.936655,-0.31608758,0,-8.9239274,-0.0028237153,0
0.5,0,26.940949,-0.26778656,0,-8.9146989,-0.0029221023,0
0.5,0,26.943613,-0.2183614,0,-8.9054705,-0.0030043109,0
0.5,0,26.944956,-0.16828904,0,-8.896242,-0.003069741,0
0.5,0,26.945306,-0.11774177,0,-8.8870135,-0.0031179484,0
0.5,0,26.944972,-0.066758968,0,-8.8777851,-0.0031486559,0
0.5,0,26.944132,-0.015481063,0,-8.8685566,-0.0031617294,0
0.5,0,26.942723,0.035694989,0,-8.8593281,-0.0031571366,0
0.5,0,26.940485,0.086241016,0,-8.8500997,-0.0031349184,0
0.5,0,26.937078,0.13580663,0,-8.8408712,-0.0030952017,0
0.5,0,26.932174,0.18440634,0,-8.8316427,-0.0030382428,0
0.5,0,26.925556,0.23227938,0,-8.8224143,-0.0029644566,0
0.5,0,26.917205,0.27950679,0,-8.8131858,-0.0028744039,0
0.5,0,26.907366,0.32570049,0,-8.8039573,-0.0027687451,0
0.5,0,26.89651,0.37001686,0,-8.7947289,-0.0026481893,0
0.5,0,26.88517,0.41146397,0,-8.7855004,-0.002513469,0
0.5,0,26.873708,0.44925849,0,-8.7762719,-0.0023653498,0
0.5,0,26.86218,0.48303173,0,-8.7670435,-0.0022046587,0
0.5,0,26.8504,0.51283316,0,-8.757815,-0.0020323044,0
0.5,0,26.838174,0.53894573,0,-8.7485865,-0.0018492827,0
0.5,0,26.82553,0.56162973,0,-8.7393581,-0.0016566912,0
0.5,0,26.812798,0.58107788,0,-8.7301296,-0.001455754,0
0.5,0,26.800452,0.59764048,0,-8.7209011,-0.0012478027,0
0.5,0,26.788881,0.61164314,0,-8.7116727,-0.0010341869,0
0.5,0,26.778474,0.62244999,0,-8.7024442,-0.00081622655,0
0.5,0,26.770582,0.62803418,0,-8.6932157,-0.00059526215,0
0.5,0,26.769818,0.62544199,0,-8.6839873,-0.00037269357,0
0.5,0,26.77495,0.620518,0,-8.6747588,-0.00014987802,0
0.5,0,26.768736,0.62553385,0,-8.6685392,-2.5804012e-15,0
0.5,0,26.820292,-0.60232676,0,-8.2871632,-0.00016451258,0
0.5,0,26.822856,-0.60692997,0,-8.2942468,-2.5804012e-15,0
0.5,0,26.809728,-0.60844766,0,-8.2779347,-0.00037889389,0
0.5,0,26.805574,-0.60999398,0,-8.2687062,-0.00059233415,0
0.5,0,26.804992,-0.60530638,0,-8.2594778,-0.00080353544,0
0.5,0,26.806142,-0.59623449,0,-8.2502493,-0.0010110788,0
0.5,0,26.809725,-0.58224455,0,-8.2410208,-0.0012137569,0
0.5,0,26.816463,-0.56314984,0,-8.2317924,-0.0014105568,0
0.5,0,26.826513,-0.54029044,0,-8.2225639,-0.0016003832,0
0.5,0,26.839304,-0.51489375,0,-8.2133354,-0.0017819883,0
0.5,0,26.85347,-0.4872773,0,-8.204107,-0.0019540995,0
0.5,0,26.867381,-0.45729486,0,-8.1948785,-0.0021155206,0
0.5,0,26.879801,-0.42449948,0,-8.18565,-0.0022651937,0
0.5,0,26.890092,-0.38824581,0,-8.1764216,-0.0024022553,0
0.5,0,26.898097,-0.34826961,0,-8.1671931,-0.0025260242,0
0.5,0,26.90398,-0.30510601,0,-8.1579646,-0.0026359054,0
0.5,0,26.908063,-0.25976499,0,-8.1487362,-0.002731307,0
0.5,0,26.910666,-0.21312929,0,-8.1395077,-0.0028116465,0
0.5,0,26.912054,-0.16570453,0,-8.1302792,-0.0028764097,0
0.5,0,26.912509,-0.11770638,0,-8.1210508,-0.0029252021,0
0.5,0,26.912385,-0.069238347,0,-8.1118223,-0.0029577644,0
0.5,0,26.912,-0.020503791,0,-8.1025938,-0.0029739569,0
0.5,0,26.911451,0.028042908,0,-8.0933654,-0.0029737255,0
0.5,0,26.910557,0.075783866,0,-8.0841369,-0.0029570769,0
0.5,0,26.908957,0.12222967,0,-8.0749084,-0.0029240896,0
0.5,0,26.906252,0.16727072,0,-8.06568,-0.0028749589,0
0.5,0,26.902152,0.21115054,0,-8.0564515,-0.0028100349,0
0.5,0,26.896589,0.25414092,0,-8.047223,-0.0027298227,0
0.5,0,26.889745,0.29616548,0,-8.0379946,-0.0026349455,0
0.5,0,26.882006,0.33667242,0,-8.0287661,-0.0025260969,0
0.5,0,26.873803,0.37483769,0,-8.0195376,-0.0024040056,0
0.5,0,26.865411,0.40990148,0,-8.0103092,-0.0022694298,0
0.5,0,26.856825,0.44139822,0,-8.0010807,-0.0021231757,0
0.5,0,26.847818,0.46921721,0,-7.9918522,-0.0019661188,0
0.5,0,26.838154,0.49352092,0,-7.9826238,-0.0017992128,0
0.5,0,26.827832,0.5145386,0,-7.9733953,-0.001623497,0
0.5,0,26.817177,0.53240502,0,-7.9641668,-0.0014401203,0
0.5,0,26.806741,0.54732177,0,-7.9549384,-0.0012503463,0
0.5,0,26.796986,0.55976347,0,-7.9457099,-0.0010554794,0
0.5,0,26.788226,0.5697707,0,-7.9364814,-0.00085676161,0
0.5,0,26.780925,0.57595806,0,-7.927253,-0.00065540483,0
0.5,0,26.777811,0.57570991,0,-7.9180245,-0.00045265353,0
0.5,0,26.785715,0.56562971,0,-7.908796,-0.00024982832,0
0.5,0,26.793875,0.56642656,0,-7.8995676,-4.7935387e-05,0
0.5,0,26.789844,0.56832095,0,-7.8973663,-2.5804012e-15,0
0.5,0,26.797748,-0.53772941,0,-7.5304289,-0.00014493903,0
0.5,0,26.799132,-0.54131597,0,-7.5375005,-2.5804012e-15,0
0.5,0,26.790945,-0.54371282,0,-7.5212004,-0.00033416332,0
0.5,0,26.791018,-0.54424024,0,-7.511972,-0.00052262426,0
0.5,0,26.794481,-0.53863028,0,-7.5027435,-0.00070922069,0
0.5,0,26.799101,-0.52922864,0,-7.493515,-0.00089263925,0
0.5,0,26.804959,-0.51592143,0,-7.4842866,-0.0010716936,0
0.5,0,26.812428,-0.49845738,0,-7.4750581,-0.0012453615,0
0.5,0,26.821857,-0.47772498,0,-7.4658296,-0.0014125741,0
0.5,0,26.833251,-0.45454479,0,-7.4566012,-0.001572164,0
0.5,0,26.845781,-0.42916004,0,-7.4473727,-0.001722964,0
0.5,0,26.85806,-0.40163776,0,-7.4381442,-0.0018638726,0
0.5,0,26.868871,-0.37178064,0,-7.4289158,-0.0019939039,0
0.5,0,26.877585,-0.33897679,0,-7.4196873,-0.0021122635,0
0.5,0,26.884093,-0.30272019,0,-7.4104588,-0.0022183702,0
0.5,0,26.888507,-0.26321388,0,-7.4012304,-0.0023117745,0
0.5,0,26.890897,-0.22129098,0,-7.3920019,-0.0023920515,0
0.5,0,26.891191,-0.17788633,0,-7.3827734,-0.0024587612,0
0.5,0,26.889319,-0.13367422,0,-7.373545,-0.0025114752,0
0.5,0,26.885478,-0.089028262,0,-7.3643165,-0.002549823,0
0.5,0,26.880269,-0.044172472,0,-7.355088,-0.0025735276,0
0.5,0,26.874539,0.00059022968,0,-7.3458596,-0.0025824158,0
0.5,0,26.869085,0.044742521,0,-7.3366311,-0.002576404,0
0.5,0,26.864444,0.087670535,0,-7.3274026,-0.0025554796,0
0.5,0,26.860806,0.12897666,0,-7.3181742,-0.0025197105,0
0.5,0,26.858041,0.16870321,0,-7.3089457,-0.002469285,0
0.5,0,26.855771,0.20723541,0,-7.2997172,-0.0024045512,0
0.5,0,26.853474,0.24495669,0,-7.2904888,-0.0023260306,0
0.5,0,26.850634,0.28192801,0,-7.2812603,-0.002234396,0
0.5,0,26.846881,0.31778681,0,-7.2720318,-0.0021304219,0
0.5,0,26.842052,0.35186928,0,-7.2628034,-0.002014932,0
0.5,0,26.836133,0.38344281,0,-7.2535749,-0.0018887663,0
0.5,0,26.829152,0.41192381,0,-7.2443464,-0.0017527731,0
0.5,0,26.821105,0.43696769,0,-7.235118,-0.0016078135,0
0.5,0,26.812,0.45838764,0,-7.2258895,-0.0014547706,0
0.5,0,26.80196,0.47607238,0,-7.216661,-0.0012945779,0
0.5,0,26.791299,0.49016745,0,-7.2074326,-0.0011282466,0
0.5,0,26.78044,0.5012831,0,-7.1982041,-0.00095684584,0
0.5,0,26.769907,0.50985677,0,-7.1889756,-0.00078145068,0
0.5,0,26.760538,0.51507173,0,-7.1797472,-0.00060317869,0
0.5,0,26.755077,0.51473859,0,-7.1705187,-0.00042323797,0
0.5,0,26.759998,0.50573172,0,-7.1612902,-0.00024293686,0
0.5,0,26.76796,0.50403219,0,-7.1520618,-6.3339179e-05,0
0.5,0,26.763768,0.50646527,0,-7.148789,-2.5804012e-15,0
0.5,0,26.802477,-0.49270664,0,-6.80138,-3.8733511e-05,0
0.5,0,26.800759,-0.49456832,0,-6.8034328,-2.5804012e-15,0
0.5,0,26.791829,-0.49386986,0,-6.7921516,-0.0002135446,0
0.5,0,26.784122,-0.50380548,0,-6.7829231,-0.00038885407,0
0.5,0,26.784858,-0.50473408,0,-6.7736946,-0.00056345809,0
0.5,0,26.787542,-0.50085192,0,-6.7644662,-0.00073620548,0
0.5,0,26.790719,-0.49313078,0,-6.7552377,-0.00090590259,0
0.5,0,26.794614,-0.48123188,0,-6.7460092,-0.00107153,0
0.5,0,26.799593,-0.46537559,0,-6.7367808,-0.0012321386,0
0.5,0,26.805969,-0.44649401,0,-6.7275523,-0.0013866784,0
0.5,0,26.813683,-0.42495051,0,-6.7183238,-0.0015340417,0
0.5,0,26.822096,-0.40075319,0,-6.7090954,-0.0016731578,0
0.5,0,26.830429,-0.37411432,0,-6.6998669,-0.0018029989,0
0.5,0,26.838255,-0.3451803,0,-6.6906384,-0.001922588,0
0.5,0,26.845528,-0.313777,0,-6.68141,-0.0020310573,0
0.5,0,26.852285,-0.2797173,0,-6.6721815,-0.0021276844,0
0.5,0,26.858323,-0.24309129,0,-6.662953,-0.002211876,0
0.5,0,26.863045,-0.20416459,0,-6.6537246,-0.0022831448,0
0.5,0,26.865644,-0.16321247,0,-6.6444961,-0.0023411016,0
0.5,0,26.86537,-0.12053992,0,-6.6352676,-0.0023854428,0
0.5,0,26.861963,-0.076550112,0,-6.6260392,-0.0024159261,0
0.5,0,26.855832,-0.031783632,0,-6.6168107,-0.0024323494,0
0.5,0,26.847786,0.013041057,0,-6.6075822,-0.0024345423,0
0.5,0,26.838831,0.057097029,0,-6.5983538,-0.0024223628,0
0.5,0,26.829915,0.099706885,0,-6.5891253,-0.0023957071,0
0.5,0,26.821777,0.14063037,0,-6.5798968,-0.0023545486,0
0.5,0,26.814859,0.18009884,0,-6.5706684,-0.0022989962,0
0.5,0,26.809236,0.21852357,0,-6.5614399,-0.002229337,0
0.5,0,26.804623,0.25612654,0,-6.5522114,-0.0021460407,0
0.5,0,26.80046,0.29275978,0,-6.542983,-0.0020497239,0
0.5,0,26.796061,0.32796775,0,-6.5337545,-0.0019410975,0
0.5,0,26.790764,0.36120414,0,-6.524526,-0.0018209282,0
0.5,0,26.784048,0.39206255,0,-6.5152976,-0.0016900231,0
0.5,0,26.77563,0.4203215,0,-6.5060691,-0.0015492247,0
0.5,0,26.765581,0.44573599,0,-6.4968406,-0.0013994113,0
0.5,0,26.75437,0.46789056,0,-6.4876122,-0.0012415108,0
0.5,0,26.742853,0.48652606,0,-6.4783837,-0.0010765065,0
0.5,0,26.731967,0.50192176,0,-6.4691552,-0.00090539654,0
0.5,0,26.722717,0.51417438,0,-6.4599268,-0.00072916053,0
0.5,0,26.715989,0.52215766,0,-6.4506983,-0.00054886707,0
0.5,0,26.715293,0.52371527,0,-6.4414698,-0.00036573143,0
0.5,0,26.726756,0.51560692,0,-6.4322414,-0.00018114458,0
0.5,0,26.735814,0.52073888,0,-6.4232109,-2.5804012e-15,0
0.5,0,26.73749,-0.55344461,0,-6.0631027,-4.4667404e-05,0
0.5,0,26.735823,-0.55491963,0,-6.0652042,-2.5804012e-15,0
0.5,0,26.726227,-0.5557359,0,-6.0538742,-0.00024196928,0
0.5,0,26.717863,-0.56660067,0,-6.0446458,-0.0004404204,0
0.5,0,26.717965,-0.56845731,0,-6.0354173,-0.00063862738,0
0.5,0,26.719477,-0.56593354,0,-6.0261888,-0.00083519868,0
0.5,0,26.720835,-0.55978527,0,-6.0169604,-0.0010286698,0
0.5,0,26.722743,-0.5490082,0,-6.0077319,-0.0012178206,0
0.5,0,26.726183,-0.53321371,0,-5.9985034,-0.0014016066,0
0.5,0,26.731843,-0.51315635,0,-5.989275,-0.0015789509,0
0.5,0,26.739773,-0.48945607,0,-5.9800465,-0.0017487256,0
0.5,0,26.749314,-0.46258615,0,-5.970818,-0.0019097966,0
0.5,0,26.759598,-0.43311887,0,-5.9615896,-0.0020610142,0
0.5,0,26.770018,-0.40125846,0,-5.9523611,-0.0022012391,0
0.5,0,26.780244,-0.36666046,0,-5.9431326,-0.0023294265,0
0.5,0,26.790012,-0.32899187,0,-5.9339042,-0.0024446672,0
0.5,0,26.798951,-0.28839635,0,-5.9246757,-0.0025461621,0
0.5,0,26.806529,-0.24534612,0,-5.9154472,-0.0026332002,0
0.5,0,26.812134,-0.20029078,0,-5.9062187,-0.0027051814,0
0.5,0,26.815295,-0.15353336,0,-5.8969903,-0.0027616492,0
0.5,0,26.815909,-0.10531038,0,-5.8877618,-0.0028022947,0
0.5,0,26.814309,-0.055962822,0,-5.8785333,-0.0028269273,0
0.5,0,26.811096,-0.0061022477,0,-5.8693049,-0.0028354235,0
0.5,0,26.806897,0.043420498,0,-5.8600764,-0.0028276791,0
0.5,0,26.802188,0.091810319,0,-5.8508479,-0.0028035953,0
0.5,0,26.797208,0.13867208,0,-5.8416195,-0.0027631181,0
0.5,0,26.791942,0.18410958,0,-5.832391,-0.00270631,0
0.5,0,26.786197,0.22848626,0,-5.8231625,-0.0026334095,0
0.5,0,26.779729,0.27204627,0,-5.8139341,-0.0025448488,0
0.5,0,26.772405,0.31466096,0,-5.8047056,-0.0024412262,0
0.5,0,26.764275,0.35582225,0,-5.7954771,-0.0023232576,0
0.5,0,26.755534,0.39484384,0,-5.7862487,-0.0021917328,0
0.5,0,26.746404,0.43113358,0,-5.7770202,-0.0020474944,0
0.5,0,26.737045,0.46435445,0,-5.7677917,-0.0018914279,0
0.5,0,26.727572,0.49433696,0,-5.7585633,-0.001724454,0
0.5,0,26.718155,0.52088351,0,-5.7493348,-0.0015475375,0
0.5,0,26.709111,0.54381879,0,-5.7401063,-0.0013617121,0
0.5,0,26.700815,0.56332424,0,-5.7308779,-0.0011680793,0
0.5,0,26.693612,0.57971606,0,-5.7216494,-0.00096776956,0
0.5,0,26.687932,0.59246286,0,-5.7124209,-0.00076196112,0
0.5,0,26.685445,0.59980471,0,-5.7031925,-0.0005519446,0
0.5,0,26.691032,0.59905542,0,-5.693964,-0.00033914185,0
0.5,0,26.700681,0.59920526,0,-5.6847355,-0.00012492886,0
0.5,0,26.696526,0.60499762,0,-5.679373,-2.5804012e-15,0
0.5,0,26.719148,-0.61423729,0,-5.2971399,-1.2719723e-05,0
0.5,0,26.718162,-0.61484695,0,-5.297672,-2.5804012e-15,0
0.5,0,26.710848,-0.61245314,0,-5.2879115,-0.00023308468,0
0.5,0,26.701533,-0.62262753,0,-5.278683,-0.00045349267,0
0.5,0,26.701157,-0.62330118,0,-5.2694545,-0.00067246944,0
0.5,0,26.703154,-0.6184144,0,-5.2602261,-0.0008886911,0
0.5,0,26.706544,-0.60864458,0,-5.2509976,-0.0011007782,0
0.5,0,26.712385,-0.59316123,0,-5.2417691,-0.0013076139,0
0.5,0,26.721355,-0.57227496,0,-5.2325407,-0.0015081955,0
0.5,0,26.733357,-0.54782593,0,-5.2233122,-0.0017013295,0
0.5,0,26.747518,-0.52096877,0,-5.2140837,-0.0018856485,0
0.5,0,26.762273,-0.4917849,0,-5.2048553,-0.0020597969,0
0.5,0,26.776034,-0.45997884,0,-5.1956268,-0.0022225333,0
0.5,0,26.787809,-0.42502693,0,-5.1863983,-0.0023727798,0
0.5,0,26.797311,-0.38635139,0,-5.1771699,-0.0025096521,0
0.5,0,26.804752,-0.34391125,0,-5.1679414,-0.0026324145,0
0.5,0,26.81059,-0.2984392,0,-5.1587129,-0.002740379,0
0.5,0,26.815301,-0.25097834,0,-5.1494845,-0.0028328534,0
0.5,0,26.819204,-0.20232392,0,-5.140256,-0.0029091785,0
0.5,0,26.822418,-0.15285444,0,-5.1310275,-0.0029688034,0
0.5,0,26.824936,-0.10263795,0,-5.1217991,-0.0030113358,0
0.5,0,26.826696,-0.051651088,0,-5.1125706,-0.0030365536,0
0.5,0,26.827556,-6.705189e-05,0,-5.1033421,-0.0030443776,0
0.5,0,26.827293,0.051590669,0,-5.0941137,-0.0030348181,0
0.5,0,26.825676,0.10260778,0,-5.0848852,-0.003007932,0
0.5,0,26.822516,0.15243678,0,-5.0756567,-0.0029638263,0
0.5,0,26.817721,0.20092074,0,-5.0664283,-0.002902704,0
0.5,0,26.811323,0.2481727,0,-5.0571998,-0.0028249109,0
0.5,0,26.803511,0.2942436,0,-5.0479713,-0.0027309524,0
0.5,0,26.794635,0.33887859,0,-5.0387429,-0.0026214731,0
0.5,0,26.785125,0.381519,0,-5.0295144,-0.0024972165,0
0.5,0,26.77531,0.42148281,0,-5.0202859,-0.0023589914,0
0.5,0,26.765256,0.4581838,0,-5.0110575,-0.0022076616,0
0.5,0,26.75473,0.4912869,0,-5.001829,-0.0020441478,0
0.5,0,26.743386,0.52069779,0,-4.9926005,-0.0018694227,0
0.5,0,26.731057,0.54637714,0,-4.9833721,-0.0016845089,0
0.5,0,26.71798,0.56824686,0,-4.9741436,-0.0014905062,0
0.5,0,26.704823,0.58648009,0,-4.9649151,-0.0012886167,0
0.5,0,26.692337,0.60169488,0,-4.9556867,-0.0010801059,0
0.5,0,26.681346,0.61403803,0,-4.9464582,-0.00086624583,0
0.5,0,26.672548,0.62218022,0,-4.9372297,-0.00064838223,0
0.5,0,26.669393,0.62377137,0,-4.9280013,-0.00042794982,0
0.5,0,26.677054,0.6159255,0,-4.9187728,-0.00020647123,0
0.5,0,26.67935,0.62110951,0,-4.910172,-2.5804012e-15,0
0.5,0,26.739739,-0.57687611,0,-4.5219487,-3.1073326e-05,0
0.5,0,26.737801,-0.57903298,0,-4.5233422,-2.5804012e-15,0
0.5,0,26.730771,-0.57141978,0,-4.5127203,-0.00023520023,0
0.5,0,26.723246,-0.57596769,0,-4.5034918,-0.00043779805,0
0.5,0,26.724991,-0.570949,0,-4.4942633,-0.00063746932,0
0.5,0,26.729592,-0.56056927,0,-4.4850349,-0.00083296351,0
0.5,0,26.735822,-0.54555371,0,-4.4758064,-0.0010230132,0
0.5,0,26.744153,-0.52540556,0,-4.4665779,-0.0012065823,0
0.5,0,26.754862,-0.50070141,0,-4.4573495,-0.0013827156,0
0.5,0,26.767602,-0.4731596,0,-4.448121,-0.0015503,0
0.5,0,26.781204,-0.44367673,0,-4.4388925,-0.0017081181,0
0.5,0,26.79388,-0.412177,0,-4.4296641,-0.00185502,0
0.5,0,26.804043,-0.37835548,0,-4.4204356,-0.0019899919,0
0.5,0,26.81092,-0.34182331,0,-4.4112071,-0.002112177,0
0.5,0,26.814589,-0.30223386,0,-4.4019787,-0.0022208944,0
0.5,0,26.815698,-0.25975196,0,-4.3927502,-0.0023156052,0
0.5,0,26.815163,-0.21517652,0,-4.3835217,-0.0023958325,0
0.5,0,26.813847,-0.169453,0,-4.3742933,-0.0024611176,0
0.5,0,26.812317,-0.12319022,0,-4.3650648,-0.0025110428,0
0.5,0,26.810785,-0.076618757,0,-4.3558363,-0.0025452785,0
0.5,0,26.809247,-0.029817475,0,-4.3466079,-0.0025636148,0
0.5,0,26.807575,0.017064992,0,-4.3373794,-0.0025659769,0
0.5,0,26.805558,0.063681038,0,-4.3281509,-0.0025524163,0
0.5,0,26.802907,0.10950146,0,-4.3189225,-0.0025230787,0
0.5,0,26.799277,0.15404335,0,-4.309694,-0.0024781787,0
0.5,0,26.794368,0.19713011,0,-4.3004655,-0.0024180121,0
0.5,0,26.788033,0.23889195,0,-4.2912371,-0.0023429941,0
0.5,0,26.780335,0.2794918,0,-4.2820086,-0.0022536893,0
0.5,0,26.77156,0.31880546,0,-4.2727801,-0.0021508008,0
0.5,0,26.762165,0.35628258,0,-4.2635517,-0.0020351204,0
0.5,0,26.752639,0.39110325,0,-4.2543232,-0.0019074725,0
0.5,0,26.743305,0.4225571,0,-4.2450947,-0.0017686796,0
0.5,0,26.734163,0.45032097,0,-4.2358663,-0.0016195631,0
0.5,0,26.724908,0.47436099,0,-4.2266378,-0.0014609798,0
0.5,0,26.715152,0.49469659,0,-4.2174093,-0.0012938816,0
0.5,0,26.70477,0.51153953,0,-4.2081809,-0.0011193483,0
0.5,0,26.69402,0.52552208,0,-4.1989524,-0.00093854117,0
0.5,0,26.683793,0.53692355,0,-4.1897239,-0.00075264441,0
0.5,0,26.675411,0.54465089,0,-4.1804955,-0.00056293804,0
0.5,0,26.672975,0.54641843,0,-4.171267,-0.00037081794,0
0.5,0,26.682438,0.53927277,0,-4.1620385,-0.00017777511,0
0.5,0,26.6879,0.54521598,0,-4.1535397,-2.5804012e-15,0
0.5,0,26.72562,-0.52137151,0,-3.7744429,-0.00016649715,0
0.5,0,26.731658,-0.52612267,0,-3.7827523,-2.5804012e-15,0
0.5,0,26.716988,-0.52743368,0,-3.7652145,-0.00035078917,0
0.5,0,26.716215,-0.52557898,0,-3.755986,-0.00053325082,0
0.5,0,26.717039,-0.51895401,0,-3.7467575,-0.00071265193,0
0.5,0,26.718166,-0.50857682,0,-3.7375291,-0.00088762973,0
0.5,0,26.720806,-0.49338489,0,-3.7283006,-0.0010571069,0
0.5,0,26.72606,-0.47301955,0,-3.7190721,-0.0012202359,0
0.5,0,26.73436,-0.44886104,0,-3.7098437,-0.0013760929,0
0.5,0,26.745343,-0.42217847,0,-3.7006152,-0.0015236054,0
0.5,0,26.757796,-0.39352166,0,-3.6913867,-0.0016616465,0
0.5,0,26.770183,-0.36308026,0,-3.6821583,-0.0017890967,0
0.5,0,26.781249,-0.33057233,0,-3.6729298,-0.0019049157,0
0.5,0,26.790237,-0.29531102,0,-3.6637013,-0.0020082485,0
0.5,0,26.79682,-0.25693662,0,-3.6544729,-0.0020984592,0
0.5,0,26.800982,-0.21591613,0,-3.6452444,-0.0021750562,0
0.5,0,26.802873,-0.17317751,0,-3.6360159,-0.0022376053,0
0.5,0,26.802683,-0.12945571,0,-3.6267875,-0.0022857125,0
0.5,0,26.800645,-0.085060404,0,-3.617559,-0.0023190564,0
0.5,0,26.797175,-0.040054417,0,-3.6083305,-0.0023374191,0
0.5,0,26.792912,0.0054908979,0,-3.5991021,-0.0023406959,0
0.5,0,26.788581,0.051317779,0,-3.5898736,-0.002328877,0
0.5,0,26.784741,0.096906265,0,-3.5806451,-0.0023020048,0
0.5,0,26.781561,0.14158213,0,-3.5714167,-0.0022601432,0
0.5,0,26.778801,0.18477747,0,-3.5621882,-0.0022033938,0
0.5,0,26.775896,0.22622586,0,-3.5529597,-0.0021319551,0
0.5,0,26.771943,0.26593917,0,-3.5437313,-0.0020461844,0
0.5,0,26.766227,0.30401031,0,-3.5345028,-0.0019466254,0
0.5,0,26.759779,0.34035986,0,-3.5252743,-0.0018339879,0
0.5,0,26.753144,0.37473938,0,-3.5160458,-0.0017090887,0
0.5,0,26.745945,0.40688247,0,-3.5068174,-0.0015727825,0
0.5,0,26.738683,0.43646891,0,-3.4975889,-0.0014259285,0
0.5,0,26.731569,0.4630547,0,-3.4883604,-0.0012694133,0
0.5,0,26.724551,0.48624603,0,-3.479132,-0.0011041869,0
0.5,0,26.717653,0.50634484,0,-3.4699035,-0.00093123402,0
0.5,0,26.710868,0.52342488,0,-3.460675,-0.00075152286,0
0.5,0,26.704535,0.53617448,0,-3.4514466,-0.00056611999,0
0.5,0,26.702642,0.5426792,0,-3.4422181,-0.00037627779,0
0.5,0,26.711331,0.54020989,0,-3.4329896,-0.00018344446,0
0.5,0,26.715831,0.55014325,0,-3.4243008,-2.5804012e-15,0
0.5,0,26.692278,-0.60506486,0,-3.0361656,-5.3465558e-05,0
0.5,0,26.689251,-0.60727367,0,-3.0384515,-2.5804012e-15,0
0.5,0,26.683007,-0.60606634,0,-3.0269371,-0.00026955041,0
0.5,0,26.674593,-0.61637688,0,-3.0177086,-0.0004858594,0
0.5,0,26.673491,-0.61733982,0,-3.0084802,-0.00070082803,0
0.5,0,26.673802,-0.61288793,0,-2.9992517,-0.00091309113,0
0.5,0,26.675259,-0.60324129,0,-2.9900232,-0.0011213229,0
0.5,0,26.679213,-0.587682,0,-2.9807948,-0.0013244457,0
0.5,0,26.686648,-0.56682917,0,-2.9715663,-0.0015214332,0
0.5,0,26.697827,-0.5425132,0,-2.9623378,-0.0017110553,0
0.5,0,26.712032,-0.51580852,0,-2.9531094,-0.0018919256,0
0.5,0,26.727528,-0.48680593,0,-2.9438809,-0.0020626732,0
0.5,0,26.742695,-0.45522287,0,-2.9346524,-0.0022220333,0
0.5,0,26.756305,-0.42051473,0,-2.925424,-0.0023688924,0
0.5,0,26.767533,-0.38207283,0,-2.9161955,-0.002502316,0
0.5,0,26.776265,-0.33980449,0,-2.906967,-0.0026215118,0
0.5,0,26.78268,-0.29434203,0,-2.8977386,-0.0027257486,0
0.5,0,26.787038,-0.2465994,0,-2.8885101,-0.0028143204,0
0.5,0,26.78954,-0.19727627,0,-2.8792816,-0.0028865832,0
0.5,0,26.790322,-0.14674873,0,-2.8700532,-0.0029420105,0
0.5,0,26.789568,-0.095208957,0,-2.8608247,-0.0029802218,0
0.5,0,26.787556,-0.042870644,0,-2.8515962,-0.0030009777,0
0.5,0,26.784532,0.009849003,0,-2.8423678,-0.0030041519,0
0.5,0,26.780598,0.062331243,0,-2.8331393,-0.002989691,0
0.5,0,26.775702,0.11398121,0,-2.8239108,-0.002957588,0
0.5,0,26.769692,0.16448793,0,-2.8146824,-0.002907898,0
0.5,0,26.762444,0.21385744,0,-2.8054539,-0.002840786,0
0.5,0,26.753986,0.26216684,0,-2.7962254,-0.0027565686,0
0.5,0,26.744579,0.30927629,0,-2.786997,-0.0026557224,0
0.5,0,26.734691,0.3547319,0,-2.7777685,-0.0025388593,0
0.5,0,26.724843,0.39789113,0,-2.76854,-0.0024066918,0
0.5,0,26.715386,0.43817778,0,-2.7593116,-0.0022600173,0
0.5,0,26.706309,0.4753154,0,-2.7500831,-0.0020997216,0
0.5,0,26.69723,0.50931773,0,-2.7408546,-0.0019267784,0
0.5,0,26.687617,0.54017577,0,-2.7316262,-0.0017422402,0
0.5,0,26.677091,0.56762758,0,-2.7223977,-0.0015472386,0
0.5,0,26.665744,0.59148879,0,-2.7131692,-0.0013429804,0
0.5,0,26.65393,0.61206679,0,-2.7039408,-0.001130698,0
0.5,0,26.642498,0.62939321,0,-2.6947123,-0.00091160945,0
0.5,0,26.632323,0.64216863,0,-2.6854838,-0.00068702702,0
0.5,0,26.627141,0.64812607,0,-2.6762554,-0.00045840213,0
0.5,0,26.632442,0.64392292,0,-2.6670269,-0.00022734708,0
0.5,0,26.632001,0.65192259,0,-2.6579988,-2.5804012e-15,0
0.5,0,26.671116,-0.65045797,0,-2.2609744,-2.5651122e-05,0
0.5,0,26.669429,-0.65203789,0,-2.261995,-2.5804012e-15,0
0.5,0,26.661515,-0.64523083,0,-2.2517459,-0.00025607305,0
0.5,0,26.652106,-0.65048553,0,-2.2425174,-0.000485368,0
0.5,0,26.652817,-0.64530089,0,-2.233289,-0.00071200924,0
0.5,0,26.657841,-0.6342252,0,-2.2240605,-0.00093462925,0
0.5,0,26.665944,-0.61841545,0,-2.214832,-0.0011517661,0
0.5,0,26.677176,-0.59762361,0,-2.2056036,-0.0013621454,0
0.5,0,26.691372,-0.57242379,0,-2.1963751,-0.0015645653,0
0.5,0,26.707923,-0.54435906,0,-2.1871466,-0.0017576822,0
0.5,0,26.725487,-0.51402538,0,-2.1779182,-0.0019400929,0
0.5,0,26.742041,-0.48110376,0,-2.1686897,-0.0021105146,0
0.5,0,26.75573,-0.4452075,0,-2.1594612,-0.0022678386,0
0.5,0,26.765613,-0.40590719,0,-2.1502328,-0.0024111352,0
0.5,0,26.77177,-0.36272764,0,-2.1410043,-0.0025396717,0
0.5,0,26.774992,-0.31568898,0,-2.1317758,-0.0026528767,0
0.5,0,26.776358,-0.26561319,0,-2.1225474,-0.0027502439,0
0.5,0,26.776826,-0.2137141,0,-2.1133189,-0.002831265,0
0.5,0,26.776971,-0.16101212,0,-2.1040904,-0.0028954389,0
0.5,0,26.776975,-0.10810699,0,-2.094862,-0.0029423202,0
0.5,0,26.776809,-0.055266218,0,-2.0856335,-0.0029715646,0
0.5,0,26.776357,-0.0026424735,0,-2.076405,-0.0029829588,0
0.5,0,26.775441,0.049495555,0,-2.0671766,-0.00297643,0
0.5,0,26.77383,0.10068817,0,-2.0579481,-0.0029520319,0
0.5,0,26.771287,0.15048243,0,-2.0487196,-0.0029099322,0
0.5,0,26.767642,0.19872068,0,-2.0394912,-0.0028504243,0
0.5,0,26.76284,0.24557651,0,-2.0302627,-0.0027739543,0
0.5,0,26.756937,0.29126735,0,-2.0210342,-0.0026811337,0
0.5,0,26.750071,0.33570612,0,-2.0118058,-0.00257272,0
0.5,0,26.742425,0.37835663,0,-2.0025773,-0.002449567,0
0.5,0,26.734145,0.41836594,0,-1.9933488,-0.002312569,0
0.5,0,26.725251,0.45490315,0,-1.9841204,-0.0021626326,0
0.5,0,26.715582,0.48751334,0,-1.9748919,-0.0020006832,0
0.5,0,26.70487,0.51619546,0,-1.9656634,-0.0018276906,0
0.5,0,26.69295,0.5411157,0,-1.956435,-0.0016447024,0
0.5,0,26.679989,0.56235578,0,-1.9472065,-0.0014528823,0
0.5,0,26.666603,0.58014913,0,-1.937978,-0.0012535186,0
0.5,0,26.653593,0.59510689,0,-1.9287496,-0.0010479611,0
0.5,0,26.641919,0.60732154,0,-1.9195211,-0.0008375543,0
0.5,0,26.632446,0.61531239,0,-1.9102926,-0.00062370084,0
0.5,0,26.628677,0.61639691,0,-1.9010642,-0.00040787628,0
0.5,0,26.634788,0.6081693,0,-1.8918357,-0.00019160318,0
0.5,0,26.633574,0.61228374,0,-1.8836412,-2.5804012e-15,0
0.5,0,26.687856,-0.58445452,0,-1.5134686,-0.00010287564,0
0.5,0,26.683031,-0.58927393,0,-1.5180991,-2.5804012e-15,0
0.5,0,26.683049,-0.58443722,0,-1.5042401,-0.00030732692,0
0.5,0,26.681767,-0.58745804,0,-1.4950116,-0.00051074624,0
0.5,0,26.686331,-0.58207603,0,-1.4857832,-0.00071170552,0
0.5,0,26.692073,-0.57199191,0,-1.4765547,-0.00090875025,0
0.5,0,26.698708,-0.55747849,0,-1.4673262,-0.0011004875,0
0.5,0,26.707114,-0.53772791,0,-1.4580978,-0.0012857847,0
0.5,0,26.717886,-0.5131504,0,-1.4488693,-0.0014635951,0
0.5,0,26.73103,-0.48507161,0,-1.4396408,-0.0016327648,0
0.5,0,26.745675,-0.4543852,0,-1.4304124,-0.0017920563,0
0.5,0,26.760234,-0.42150349,0,-1.4211839,-0.0019402332,0
0.5,0,26.773119,-0.386503,0,-1.4119554,-0.0020761175,0
0.5,0,26.78327,-0.34895904,0,-1.402727,-0.0021986749,0
0.5,0,26.790206,-0.30827771,0,-1.3934985,-0.0023070938,0
0.5,0,26.793878,-0.26441765,0,-1.38427,-0.0024007666,0
0.5,0,26.794537,-0.21806382,0,-1.3750416,-0.0024791981,0
0.5,0,26.792605,-0.17010426,0,-1.3658131,-0.0025419412,0
0.5,0,26.788605,-0.12112908,0,-1.3565846,-0.0025886008,0
0.5,0,26.783164,-0.071393856,0,-1.3473562,-0.0026188677,0
0.5,0,26.777051,-0.021071286,0,-1.3381277,-0.0026325439,0
0.5,0,26.771065,0.029507434,0,-1.3288992,-0.002629545,0
0.5,0,26.76582,0.079755708,0,-1.3196708,-0.0026098764,0
0.5,0,26.761571,0.12892875,0,-1.3104423,-0.0025735981,0
0.5,0,26.758144,0.17640064,0,-1.3012138,-0.0025208196,0
0.5,0,26.755044,0.22192414,0,-1.2919854,-0.0024517434,0
0.5,0,26.751622,0.2656487,0,-1.2827569,-0.0023667334,0
0.5,0,26.747267,0.30787626,0,-1.2735284,-0.0022663619,0
0.5,0,26.741576,0.34871425,0,-1.2643,-0.0021514041,0
0.5,0,26.734466,0.38787023,0,-1.2550715,-0.0020227832,0
0.5,0,26.726146,0.424749,0,-1.245843,-0.0018814891,0
0.5,0,26.716953,0.45870598,0,-1.2366146,-0.0017285077,0
0.5,0,26.707138,0.48915226,0,-1.2273861,-0.001564797,0
0.5,0,26.696733,0.51555498,0,-1.2181576,-0.0013913256,0
0.5,0,26.685639,0.53771071,0,-1.2089292,-0.0012091203,0
0.5,0,26.673714,0.55605422,0,-1.1997007,-0.0010192562,0
0.5,0,26.661239,0.57096927,0,-1.1904722,-0.00082283262,0
0.5,0,26.648951,0.58175041,0,-1.1812438,-0.00062107875,0
0.5,0,26.640666,0.58665098,0,-1.1720153,-0.00041540579,0
0.5,0,26.642303,0.58258347,0,-1.1627868,-0.00020743307,0
0.5,0,26.63998,0.5909823,0,-1.1536331,-2.5804012e-15,0
0.5,0,26.317333,-0.61690151,0,-0.77519121,-7.1775779e-05,0
0.5,0,26.31022,-0.61862024,0,-0.77816382,-2.5804012e-15,0
0.5,0,26.318721,-0.62154597,0,-0.76596274,-0.00029550881,0
0.5,0,26.32218,-0.63191356,0,-0.75673428,-0.00051995214,0
0.5,0,26.333503,-0.63336353,0,-0.74750581,-0.00074325991,0
0.5,0,26.34636,-0.62981466,0,-0.73827734,-0.00096393978,0
0.5,0,26.359798,-0.62113498,0,-0.72904888,-0.0011805557,0
0.5,0,26.374452,-0.60618365,0,-0.71982041,-0.0013919821,0
0.5,0,26.39056,-0.58531475,0,-0.71059194,-0.0015972108,0
0.5,0,26.407528,-0.56033355,0,-0.70136348,-0.0017950574,0
0.5,0,26.423835,-0.53257504,0,-0.69213501,-0.0019841642,0
0.5,0,26.437445,-0.50256636,0,-0.68290654,-0.0021631382,0
0.5,0,26.446711,-0.47032403,0,-0.67367808,-0.0023306454,0
0.5,0,26.450971,-0.43529098,0,-0.66444961,-0.0024854963,0
0.5,0,26.450527,-0.39666252,0,-0.65522114,-0.0026267083,0
0.5,0,26.446311,-0.35416669,0,-0.64599268,-0.0027534702,0
0.5,0,26.439548,-0.3083492,0,-0.63676421,-0.0028650428,0
0.5,0,26.431482,-0.2601136,0,-0.62753574,-0.0029607069,0
0.5,0,26.423207,-0.21020727,0,-0.61830728,-0.0030397921,0
0.5,0,26.415603,-0.15909054,0,-0.60907881,-0.0031017288,0
0.5,0,26.409326,-0.10703318,0,-0.59985034,-0.0031460798,0
0.5,0,26.404736,-0.054280878,0,-0.59062187,-0.003172542,0
0.5,0,26.401809,-0.0012352185,0,-0.58139341,-0.0031809274,0
0.5,0,26.400119,0.05152179,0,-0.57216494,-0.0031711352,0
0.5,0,26.398999,0.10343866,0,-0.56293647,-0.0031431392,0
0.5,0,26.397742,0.15425396,0,-0.55370801,-0.0030970075,0
0.5,0,26.39576,0.20403455,0,-0.54447954,-0.0030329445,0
0.5,0,26.392723,0.25292839,0,-0.53525107,-0.0029513195,0
0.5,0,26.388626,0.30084631,0,-0.52602261,-0.002852663,0
0.5,0,26.383761,0.34734228,0,-0.51679414,-0.0027376332,0
0.5,0,26.378557,0.39175999,0,-0.50756567,-0.0026069725,0
0.5,0,26.373324,0.43349404,0,-0.49833721,-0.0024614826,0
0.5,0,26.368072,0.47217901,0,-0.48910874,-0.0023020241,0
0.5,0,26.362598,0.50769333,0,-0.47988027,-0.0021295217,0
0.5,0,26.356473,0.53995259,0,-0.47065181,-0.0019449599,0
0.5,0,26.349529,0.56870104,0,-0.46142334,-0.001749386,0
0.5,0,26.341975,0.59363617,0,-0.45219487,-0.0015439279,0
0.5,0,26.334125,0.61483623,0,-0.44296641,-0.001329792,0
0.5,0,26.326431,0.63272031,0,-0.43373794,-0.0011082149,0
0.5,0,26.319405,0.64703848,0,-0.42450947,-0.00088045643,0
0.5,0,26.314208,0.65622156,0,-0.41528101,-0.00064788682,0
0.5,0,26.315193,0.65776677,0,-0.40605254,-0.00041201326,0
0.5,0,26.322149,0.65511237,0,-0.39682407,-0.00017440004,0
0.5,0,26.317929,0.66028361,0,-0.39007459,-2.5804012e-15,0
0.5,0,26.752178,-9.2042261e-05,0,-32.705686,1.7258159e-08,0
0.5,0,26.754147,-0.00079853669,0,-32.696458,2.1140785e-06,0
0.5,0,26.756484,-0.0013836264,0,-32.687229,3.9499929e-06,0
0.5,0,26.758752,-0.0020574967,0,-32.678001,5.4951873e-06,0
0.5,0,26.760834,-0.0028527334,0,-32.668772,6.7291955e-06,0
0.5,0,26.762748,-0.0037408854,0,-32.659544,7.6412068e-06,0
0.5,0,26.764569,-0.0047113001,0,-32.650316,8.2320018e-06,0
0.5,0,26.766293,-0.0057459397,0,-32.641087,8.5118723e-06,0
0.5,0,26.767664,-0.0068002056,0,-32.631859,8.4966602e-06,0
0.5,0,26.768391,-0.0078083996,0,-32.62263,8.2054042e-06,0
0.5,0,26.769038,-0.008736783,0,-32.613402,7.6604539e-06,0
0.5,0,26.76971,-0.00957471,0,-32.604173,6.8880142e-06,0
0.5,0,26.769911,-0.010302604,0,-32.594945,5.918546e-06,0
0.5,0,26.769705,-0.010918417,0,-32.585716,4.7877205e-06,0
0.5,0,26.769133,-0.011435999,0,-32.576488,3.5367644e-06,0
0.5,0,26.76825,-0.011879679,0,-32.567259,2.2099695e-06,0
0.5,0,26.767182,-0.012281027,0,-32.558031,8.5029441e-07,0
0.5,0,26.760253,-0.0007244477,0,-32.419604,4.1856341e-07,0
0.5,0,26.762925,0.0002663278,0,-32.410375,2.4123117e-06,0
0.5,0,26.765994,0.001331313,0,-32.401147,4.604166e-06,0
0.5,0,26.768796,0.0023430218,0,-32.391918,6.9532174e-06,0
0.5,0,26.771047,0.0032039102,0,-32.38269,9.4178822e-06,0
0.5,0,26.772726,0.0038691544,0,-32.373462,1.1954361e-05,0
0.5,0,26.773923,0.0043008531,0,-32.364233,1.4519985e-05,0
0.5,0,26.774768,0.0044654558,0,-32.355005,1.7075122e-05,0
0.5,0,26.775395,0.0043574898,0,-32.345776,1.9580989e-05,0
0.5,0,26.775892,0.0040005094,0,-32.336548,2.1996706e-05,0
0.5,0,26.776235,0.0034383688,0,-32.327319,2.4278235e-05,0
0.5,0,26.776494,0.0027170117,0,-32.318091,2.6378592e-05,0
0.5,0,26.776786,0.0018750967,0,-32.308862,2.825053e-05,0
0.5,0,26.777215,0.00093074981,0,-32.299634,2.9852091e-05,0
0.5,0,26.777953,-0.00012515858,0,-32.290405,3.1151718e-05,0
0.5,0,26.779065,-0.001296732,0,-32.281177,3.2130006e-05,0
0.5,0,26.780506,-0.0025545768,0,-32.271948,3.2777076e-05,0
0.5,0,26.782186,-0.0038392321,0,-32.26272,3.3088439e-05,0
0.5,0,26.783997,-0.005088202,0,-32.253491,3.3062849e-05,0
0.5,0,26.785819,-0.0062629295,0,-32.244263,3.2703343e-05,0
0.5,0,26.787554,-0.0073555726,0,-32.235035,3.2020003e-05,0
0.5,0,26.78916,-0.0083739131,0,-32.225806,3.1031669e-05,0
0.5,0,26.790667,-0.009319715,0,-32.216578,2.9764957e-05,0
0.5,0,26.792151,-0.010178001,0,-32.207349,2.8251184e-05,0
0.5,0,26.793686,-0.010921935,0,-32.198121,2.6523297e-05,0
0.5,0,26.79531,-0.011524844,0,-32.188892,2.4614641e-05,0
0.5,0,26.797008,-0.011970408,0,-32.179664,2.2559593e-05,0
0.5,0,26.798735,-0.012255282,0,-32.170435,2.0395141e-05,0
0.5,0,26.800437,-0.012386719,0,-32.161207,1.8162285e-05,0
0.5,0,26.802063,-0.01237742,0,-32.151978,1.590635e-05,0
0.5,0,26.80355,-0.012239495,0,-32.14275,1.3675871e-05,0
0.5,0,26.804815,-0.011979306,0,-32.133521,1.1520382e-05,0
0.5,0,26.80576,-0.011595507,0,-32.124293,9.488017e-06,0
0.5,0,26.80629,-0.011082413,0,-32.115064,7.6237095e-06,0
0.5,0,26.806334,-0.010436882,0,-32.105836,5.9682374e-06,0
0.5,0,26.805866,-0.0096638706,0,-32.096608,4.5578807e-06,0
0.5,0,26.804909,-0.0087771534,0,-32.087379,3.4242266e-06,0
0.5,0,26.803545,-0.0077951711,0,-32.078151,2.5938099e-06,0
0.5,0,26.80191,-0.0067351116,0,-32.068922,2.0875487e-06,0
0.5,0,26.800168,-0.0056093841,0,-32.059694,1.9201219e-06,0
0.5,0,26.798463,-0.0044273838,0,-32.050465,2.0989699e-06,0
0.5,0,26.796971,-0.003196371,0,-32.041237,2.6233707e-06,0
0.5,0,26.795675,-0.0019408624,0,-32.032008,3.4837067e-06,0
0.5,0,26.794587,-0.00070548738,0,-32.02278,4.6609544e-06,0
0.5,0,26.793735,0.00047336543,0,-32.013551,6.1289006e-06,0
0.5,0,26.792979,0.0015588456,0,-32.004323,7.8574775e-06,0
0.5,0,26.792288,0.0025035991,0,-31.995094,9.8136386e-06,0
0.5,0,26.791652,0.0032693283,0,-31.985866,1.1961193e-05,0
0.5,0,26.791082,0.0038358302,0,-31.976637,1.4260519e-05,0
0.5,0,26.790583,0.0041946733,0,-31.967409,1.6668196e-05,0
0.5,0,26.790223,0.0043527649,0,-31.958181,1.9136958e-05,0
0.5,0,26.790001,0.0043323209,0,-31.948952,2.16176e-05,0
0.5,0,26.789916,0.0041420581,0,-31.939724,2.4060721e-05,0
0.5,0,26.790034,0.0037721882,0,-31.930495,2.6416622e-05,0
0.5,0,26.790268,0.0032193424,0,-31.921267,2.8636583e-05,0
0.5,0,26.790491,0.0025007964,0,-31.912038,3.0675223e-05,0
0.5,0,26.790669,0.0016531622,0,-31.90281,3.2493174e-05,0
0.5,0,26.790829,0.00069958387,0,-31.893581,3.4057127e-05,0
0.5,0,26.790952,-0.00035113322,0,-31.884353,3.5338264e-05,0
0.5,0,26.79099,-0.0014771509,0,-31.875124,3.6313062e-05,0
0.5,0,26.790939,-0.002655623,0,-31.865896,3.6963808e-05,0
0.5,0,26.790827,-0.0038737369,0,-31.856667,3.727815e-05,0
0.5,0,26.790692,-0.0051207175,0,-31.847439,3.7249274e-05,0
0.5,0,26.790596,-0.0063783349,0,-31.83821,3.6875803e-05,0
0.5,0,26.790607,-0.0076137071,0,-31.828982,3.6161555e-05,0
0.5,0,26.790785,-0.0087840179,0,-31.819754,3.511632e-05,0
0.5,0,26.791177,-0.0098523149,0,-31.810525,3.375756e-05,0
0.5,0,26.791822,-0.010797922,0,-31.801297,3.2111656e-05,0
0.5,0,26.792744,-0.01161246,0,-31.792068,3.0213625e-05,0
0.5,0,26.793936,-0.012289733,0,-31.78284,2.8105216e-05,0
0.5,0,26.795346,-0.012822858,0,-31.773611,2.5832383e-05,0
0.5,0,26.796878,-0.013215466,0,-31.764383,2.3442839e-05,0
0.5,0,26.798423,-0.013491101,0,-31.755154,2.098346e-05,0
0.5,0,26.799882,-0.013681864,0,-31.745926,1.8497656e-05,0
0.5,0,26.801147,-0.013779987,0,-31.736697,1.6026145e-05,0
0.5,0,26.802114,-0.013731088,0,-31.727469,1.3611938e-05,0
0.5,0,26.802646,-0.013517031,0,-31.71824,1.1301165e-05,0
0.5,0,26.802747,-0.013169861,0,-31.709012,9.1357057e-06,0
0.5,0,26.802626,-0.012726213,0,-31.699783,7.1477537e-06,0
0.5,0,26.802214,-0.012192523,0,-31.690555,5.3643743e-06,0
0.5,0,26.801252,-0.0115307,0,-31.681327,3.8112824e-06,0
0.5,0,26.799776,-0.010716776,0,-31.672098,2.5101105e-06,0
0.5,0,26.798022,-0.0097812927,0,-31.66287,1.4785771e-06,0
0.5,0,26.796205,-0.008769669,0,-31.653641,7.3266401e-07,0
0.5,0,26.794473,-0.0077210775,0,-31.644413,2.837157e-07,0
0.5,0,26.792924,-0.0066231615,0,-31.635184,1.3461647e-07,0
0.5,0,26.791643,-0.0055012025,0,-31.625956,2.8260363e-07,0
0.5,0,26.790714,-0.0043987324,0,-31.616727,7.1877304e-07,0
0.5,0,26.790187,-0.0033184001,0,-31.607499,1.425409e-06,0
0.5,0,26.790057,-0.0022876803,0,-31.59827,2.3793011e-06,0
0.5,0,26.790287,-0.0013195137,0,-31.589042,3.5534281e-06,0
0.5,0,26.790818,-0.0004346968,0,-31.579813,4.9165723e-06,0
0.5,0,26.791566,0.00033591711,0,-31.570585,6.4314749e-06,0
0.5,0,26.792433,0.00096713146,0,-31.561356,8.0561949e-06,0
0.5,0,26.793325,0.0014254115,0,-31.552128,9.7461355e-06,0
0.5,0,26.794182,0.0016745648,0,-31.5429,1.1453226e-05,0
0.5,0,26.794987,0.0016857499,0,-31.533671,1.3124994e-05,0
0.5,0,26.79571,0.0014572903,0,-31.524443,1.4707262e-05,0
0.5,0,26.796306,0.0010084644,0,-31.515214,1.6148503e-05,0
0.5,0,26.796759,0.00035512912,0,-31.505986,1.740054e-05,0
0.5,0,26.79709,-0.0004784106,0,-31.496757,1.8418702e-05,0
0.5,0,26.797332,-0.0014677649,0,-31.487529,1.916227e-05,0
0.5,0,26.797519,-0.0026026561,0,-31.4783,1.959578e-05,0
0.5,0,26.797689,-0.0038823854,0,-31.469072,1.9689945e-05,0
0.5,0,26.797882,-0.0052996488,0,-31.459843,1.9421469e-05,0
0.5,0,26.798137,-0.0068366277,0,-31.450615,1.877281e-05,0
0.5,0,26.798499,-0.0084748145,0,-31.441386,1.7732805e-05,0
0.5,0,26.799019,-0.010199347,0,-31.432158,1.6297742e-05,0
0.5,0,26.799762,-0.01199333,0,-31.422929,1.4472274e-05,0
0.5,0,26.800808,-0.013840106,0,-31.413701,1.2269649e-05,0
0.5,0,26.80224,-0.015734565,0,-31.404473,9.7103522e-06,0
0.5,0,26.804099,-0.017658119,0,-31.395244,6.8196778e-06,0
0.5,0,26.806256,-0.019469538,0,-31.386016,3.6282308e-06,0
0.5,0,26.808312,-0.020802038,0,-31.376787,1.7744281e-07,0
0.5,0,26.826703,-0.0094281275,0,-29.318839,1.4298939e-06,0
0.5,0,26.827507,-0.010670964,0,-29.309611,2.6144664e-06,0
0.5,0,26.827952,-0.012075369,0,-29.300382,3.3202418e-06,0
0.5,0,26.827925,-0.013628381,0,-29.291154,3.5469492e-06,0
0.5,0,26.82742,-0.015305597,0,-29.281925,3.3031772e-06,0
0.5,0,26.826452,-0.017086675,0,-29.272697,2.6080812e-06,0
0.5,0,26.825031,-0.018907451,0,-29.263468,1.4893599e-06,0
0.5,0,26.807078,0.0019726791,0,-28.995843,5.563635e-07,0
0.5,0,26.812911,0.0032442044,0,-28.986614,4.6742967e-06,0
0.5,0,26.818582,0.0045927996,0,-28.977386,8.8335221e-06,0
0.5,0,26.823145,0.0055944361,0,-28.968157,1.2963661e-05,0
0.5,0,26.826552,0.0061843938,0,-28.958929,1.699945e-05,0
0.5,0,26.828958,0.0063834285,0,-28.9497,2.0876857e-05,0
0.5,0,26.83049,0.0061830071,0,-28.940472,2.454125e-05,0
0.5,0,26.831285,0.0055919953,0,-28.931243,2.7949399e-05,0
0.5,0,26.831474,0.0046811269,0,-28.922015,3.1061187e-05,0
0.5,0,26.83117,0.0035308251,0,-28.912786,3.3833875e-05,0
0.5,0,26.830488,0.0021979371,0,-28.903558,3.6223702e-05,0
0.5,0,26.82958,0.00072643255,0,-28.89433,3.8188901e-05,0
0.5,0,26.828627,-0.00085104755,0,-28.885101,3.9692234e-05,0
0.5,0,26.827816,-0.0025275775,0,-28.875873,4.070558e-05,0
0.5,0,26.827299,-0.0043098071,0,-28.866644,4.1215431e-05,0
0.5,0,26.827175,-0.006178712,0,-28.857416,4.1223854e-05,0
0.5,0,26.82748,-0.0080673695,0,-28.848187,4.074385e-05,0
0.5,0,26.828189,-0.0098826363,0,-28.838959,3.9794676e-05,0
0.5,0,26.829228,-0.011546192,0,-28.82973,3.8401034e-05,0
0.5,0,26.830502,-0.013018118,0,-28.820502,3.6594586e-05,0
0.5,0,26.83192,-0.014296984,0,-28.811273,3.4415082e-05,0
0.5,0,26.833412,-0.015411251,0,-28.802045,3.1910665e-05,0
0.5,0,26.83492,-0.016401334,0,-28.792816,2.9137142e-05,0
0.5,0,26.836399,-0.017291649,0,-28.783588,2.6155171e-05,0
0.5,0,26.837807,-0.01807523,0,-28.774359,2.3025774e-05,0
0.5,0,26.8391,-0.018730669,0,-28.765131,1.9806913e-05,0
0.5,0,26.840227,-0.019256108,0,-28.755903,1.6553255e-05,0
0.5,0,26.841139,-0.019685009,0,-28.746674,1.3319003e-05,0
0.5,0,26.841781,-0.020058178,0,-28.737446,1.0159925e-05,0
0.5,0,26.842023,-0.020373735,0,-28.728217,7.1352984e-06,0
0.5,0,26.841659,-0.020557064,0,-28.718989,4.3053028e-06,0
0.5,0,26.840345,-0.020414343,0,-28.70976,1.7251594e-06,0
0.5,0,26.798209,-0.0013758469,0,-28.599019,8.1402767e-07,0
0.5,0,26.798682,0.00078909528,0,-28.58979,3.5385045e-06,0
0.5,0,26.799664,0.002758344,0,-28.580562,6.625592e-06,0
0.5,0,26.800769,0.0045252728,0,-28.571333,1.0015009e-05,0
0.5,0,26.801879,0.006012508,0,-28.562105,1.3642691e-05,0
0.5,0,26.802988,0.007163411,0,-28.552876,1.743777e-05,0
0.5,0,26.804109,0.0079454396,0,-28.543648,2.1329183e-05,0
0.5,0,26.805264,0.0083575728,0,-28.534419,2.5248904e-05,0
0.5,0,26.806463,0.0084247981,0,-28.525191,2.9131464e-05,0
0.5,0,26.807663,0.0081723703,0,-28.515962,3.2914082e-05,0
0.5,0,26.808765,0.0076281436,0,-28.506734,3.6535847e-05,0
0.5,0,26.809649,0.0068338968,0,-28.497505,3.9936165e-05,0
0.5,0,26.810216,0.0058321099,0,-28.488277,4.3055108e-05,0
0.5,0,26.81042,0.0046436016,0,-28.479049,4.5836276e-05,0
0.5,0,26.810283,0.0032664693,0,-28.46982,4.8229449e-05,0
0.5,0,26.809901,0.0016979932,0,-28.460592,5.0190812e-05,0
0.5,0,26.809432,-4.4984189e-05,0,-28.451363,5.1681883e-05,0
0.5,0,26.809084,-0.0019222119,0,-28.442135,5.2669523e-05,0
0.5,0,26.809089,-0.0038769248,0,-28.432906,5.3127401e-05,0
0.5,0,26.809658,-0.0058480293,0,-28.423678,5.3037865e-05,0
0.5,0,26.81093,-0.0077873887,0,-28.414449,5.2393765e-05,0
0.5,0,26.812948,-0.0096735621,0,-28.405221,5.1200272e-05,0
0.5,0,26.815663,-0.01151385,0,-28.395992,4.9475762e-05,0
0.5,0,26.818959,-0.01332645,0,-28.386764,4.7250168e-05,0
0.5,0,26.822685,-0.0151107,0,-28.377535,4.4561165e-05,0
0.5,0,26.826685,-0.01683287,0,-28.368307,4.1450647e-05,0
0.5,0,26.830798,-0.018444363,0,-28.359078,3.7963621e-05,0
0.5,0,26.834803,-0.019917142,0,-28.34985,3.4148289e-05,0
0.5,0,26.838528,-0.021264807,0,-28.340622,3.0055868e-05,0
0.5,0,26.84207,-0.022510978,0,-28.331393,2.5740752e-05,0
0.5,0,26.845445,-0.023667849,0,-28.322165,2.1262991e-05,0
0.5,0,26.848585,-0.024788274,0,-28.312936,1.668801e-05,0
0.5,0,26.85162,-0.025957781,0,-28.303708,1.2080413e-05,0
0.5,0,26.854579,-0.027125163,0,-28.294479,7.5026408e-06,0
0.5,0,26.856887,-0.027831838,0,-28.285251,3.0245627e-06,0
0.5,0,26.819407,0.0022623156,0,-28.091453,3.0150923e-07,0
0.5,0,26.819527,0.0031560143,0,-28.082224,3.825456e-06,0
0.5,0,26.819476,0.0036516063,0,-28.072996,7.2914424e-06,0
0.5,0,26.819175,0.003734166,0,-28.063768,1.0608966e-05,0
0.5,0,26.818663,0.0034861793,0,-28.054539,1.3696345e-05,0
0.5,0,26.817958,0.0029222974,0,-28.045311,1.6483668e-05,0
0.5,0,26.817043,0.0020183154,0,-28.036082,1.8917542e-05,0
0.5,0,26.815919,0.0007724236,0,-28.026854,2.0957027e-05,0
0.5,0,26.814599,-0.00075599137,0,-28.017625,2.2565699e-05,0
0.5,0,26.813112,-0.0024915631,0,-28.008397,2.3707491e-05,0
0.5,0,26.811514,-0.004384969,0,-27.999168,2.4348079e-05,0
0.5,0,26.809872,-0.0064063139,0,-27.98994,2.4460707e-05,0
0.5,0,26.808264,-0.0085350646,0,-27.980711,2.4030571e-05,0
0.5,0,26.806802,-0.010768013,0,-27.971483,2.3054864e-05,0
0.5,0,26.805642,-0.013119369,0,-27.962254,2.1539857e-05,0
0.5,0,26.804965,-0.015597128,0,-27.953026,1.9499694e-05,0
0.5,0,26.804934,-0.018207797,0,-27.943797,1.695693e-05,0
0.5,0,26.805688,-0.021039563,0,-27.934569,1.3942306e-05,0
0.5,0,26.807325,-0.024230141,0,-27.925341,1.0491764e-05,0
0.5,0,26.809693,-0.027645117,0,-27.916112,6.6463408e-06,0
0.5,0,26.811966,-0.030469679,0,-27.906884,2.4581958e-06,0
0.5,0,27.923687,-0.024475614,0,-23.080395,1.4037985e-06,0
0.5,0,27.956458,-0.022669545,0,-23.071167,5.2176859e-06,0
0.5,0,27.98354,-0.020584937,0,-23.061939,8.3713538e-06,0
0.5,0,28.001311,-0.019713773,0,-23.05271,1.0713887e-05,0
0.5,0,28.011045,-0.019904227,0,-23.043482,1.2149515e-05,0
0.5,0,28.015245,-0.020804552,0,-23.034253,1.258639e-05,0
0.5,0,28.015741,-0.022311972,0,-23.025025,1.199969e-05,0
0.5,0,28.013369,-0.024305383,0,-23.015796,1.0458677e-05,0
0.5,0,28.008318,-0.026622476,0,-23.006568,8.0634291e-06,0
0.5,0,28.000946,-0.029550784,0,-22.997339,4.8672454e-06,0
0.5,0,27.992057,-0.03378744,0,-22.988111,8.460111e-07,0
0.5,0,27.956421,6.9715149e-05,0,-22.563601,8.5881653e-06,0
0.5,0,27.978594,0.0033674395,0,-22.554373,1.6701208e-05,0
0.5,0,27.992079,0.0044748248,0,-22.545144,2.395378e-05,0
0.5,0,27.999035,0.0039801109,0,-22.535916,3.0163805e-05,0
0.5,0,28.001574,0.0025887008,0,-22.526687,3.5150018e-05,0
0.5,0,28.000662,0.00012076487,0,-22.517459,3.8819772e-05,0
0.5,0,27.996805,-0.0035995447,0,-22.508231,4.118733e-05,0
0.5,0,27.990209,-0.0080271224,0,-22.499002,4.2268987e-05,0
0.5,0,27.980763,-0.012543023,0,-22.489774,4.2042902e-05,0
0.5,0,27.968402,-0.016954797,0,-22.480545,4.049749e-05,0
0.5,0,27.95307,-0.02125707,0,-22.471317,3.7651508e-05,0
0.5,0,27.934569,-0.025344846,0,-22.462088,3.3532243e-05,0
0.5,0,27.912327,-0.029054001,0,-22.45286,2.8191496e-05,0
0.5,0,27.88534,-0.032371569,0,-22.443631,2.1746974e-05,0
0.5,0,27.853001,-0.035465172,0,-22.434403,1.4366636e-05,0
0.5,0,27.816535,-0.039188386,0,-22.425174,6.1837477e-06,0
0.5,0,27.778086,0.0034120261,0,-22.019122,2.1606063e-06,0
0.5,0,27.793216,0.0057542461,0,-22.009893,1.0910187e-05,0
0.5,0,27.801946,0.0078742966,0,-22.000665,1.8830988e-05,0
0.5,0,27.803019,0.0081258815,0,-21.991436,2.5728865e-05,0
0.5,0,27.799282,0.0071304286,0,-21.982208,3.1481923e-05,0
0.5,0,27.793321,0.0051690551,0,-21.972979,3.5984621e-05,0
0.5,0,27.786823,0.001884317,0,-21.963751,3.9235131e-05,0
0.5,0,27.78072,-0.0026132888,0,-21.954523,4.1294062e-05,0
0.5,0,27.775079,-0.0075329976,0,-21.945294,4.2177041e-05,0
0.5,0,27.769392,-0.012210759,0,-21.936066,4.1838747e-05,0
0.5,0,27.763148,-0.016439562,0,-21.926837,4.0222252e-05,0
0.5,0,27.75613,-0.020183555,0,-21.917609,3.7280778e-05,0
0.5,0,27.748635,-0.02343232,0,-21.90838,3.2984267e-05,0
0.5,0,27.740524,-0.026242646,0,-21.899152,2.7362928e-05,0
0.5,0,27.730835,-0.028786906,0,-21.889923,2.0545277e-05,0
0.5,0,27.718605,-0.031423505,0,-21.880695,1.2717091e-05,0
0.5,0,27.704154,-0.035211911,0,-21.871466,4.0207312e-06,0
0.5,0,27.561157,0.0082529182,0,-21.446957,8.5498275e-06,0
0.5,0,27.579479,0.010818305,0,-21.437728,1.7675417e-05,0
0.5,0,27.589803,0.011164367,0,-21.4285,2.570107e-05,0
0.5,0,27.594077,0.009661852,0,-21.419271,3.2507567e-05,0
0.5,0,27.594447,0.007114918,0,-21.410043,3.7981139e-05,0
0.5,0,27.59192,0.0035040771,0,-21.400815,4.2078593e-05,0
0.5,0,27.586931,-0.0011602292,0,-21.391586,4.4834706e-05,0
0.5,0,27.579732,-0.0062083622,0,-21.382358,4.6259337e-05,0
0.5,0,27.570826,-0.011001087,0,-21.373129,4.630272e-05,0
0.5,0,27.561259,-0.015405345,0,-21.363901,4.4911081e-05,0
0.5,0,27.552425,-0.019505242,0,-21.354672,4.2062937e-05,0
0.5,0,27.545454,-0.023367568,0,-21.345444,3.7764904e-05,0
0.5,0,27.540659,-0.027089835,0,-21.336215,3.2066365e-05,0
0.5,0,27.537325,-0.030728669,0,-21.326987,2.5098221e-05,0
0.5,0,27.533729,-0.034184517,0,-21.317758,1.7061394e-05,0
0.5,0,27.528306,-0.038023843,0,-21.30853,8.1394434e-06,0
0.5,0,27.49621,0.01152685,0,-20.88402,4.1678272e-06,0
0.5,0,27.521181,0.014303804,0,-20.874792,1.4444722e-05,0
0.5,0,27.536946,0.015674915,0,-20.865563,2.377089e-05,0
0.5,0,27.543717,0.014677634,0,-20.856335,3.1997199e-05,0
0.5,0,27.544411,0.012250704,0,-20.847106,3.9001403e-05,0
0.5,0,27.541228,0.0086898242,0,-20.837878,4.4687313e-05,0
0.5,0,27.535827,0.00389192,0,-20.82865,4.9055178e-05,0
0.5,0,27.52965,-0.001565626,0,-20.819421,5.211951e-05,0
0.5,0,27.523905,-0.0067919812,0,-20.810193,5.3822678e-05,0
0.5,0,27.519658,-0.011421931,0,-20.800964,5.4066684e-05,0
0.5,0,27.517771,-0.015514947,0,-20.791736,5.2779895e-05,0
0.5,0,27.518545,-0.019194644,0,-20.782507,4.993989e-05,0
0.5,0,27.521534,-0.022754581,0,-20.773279,4.5577166e-05,0
0.5,0,27.525697,-0.026645385,0,-20.76405,3.9786484e-05,0
0.5,0,27.529501,-0.030904221,0,-20.754822,3.2725282e-05,0
0.5,0,27.53074,-0.034848244,0,-20.745593,2.4575134e-05,0
0.5,0,27.526811,-0.037794469,0,-20.736365,1.547812e-05,0
0.5,0,27.516871,-0.04071362,0,-20.727136,5.4856739e-06,0
0.5,0,27.450514,0.018650475,0,-20.302627,9.412418e-06,0
0.5,0,27.472746,0.021284011,0,-20.293398,2.1170407e-05,0
0.5,0,27.484354,0.021591811,0,-20.28417,3.2033628e-05,0
0.5,0,27.488572,0.020128483,0,-20.274942,4.1824916e-05,0
0.5,0,27.488706,0.017722966,0,-20.265713,5.0347234e-05,0
0.5,0,27.486988,0.014206888,0,-20.256485,5.7474393e-05,0
0.5,0,27.485098,0.0095402332,0,-20.247256,6.3170331e-05,0
0.5,0,27.484105,0.0044819281,0,-20.238028,6.7383489e-05,0
0.5,0,27.4845,-0.00034683538,0,-20.228799,7.002206e-05,0
0.5,0,27.486576,-0.00497615,0,-20.219571,7.1017139e-05,0
0.5,0,27.490549,-0.0096053743,0,-20.210342,7.0349607e-05,0
0.5,0,27.496262,-0.014295133,0,-20.201114,6.8035359e-05,0
0.5,0,27.503067,-0.01917796,0,-20.191885,6.4132673e-05,0
0.5,0,27.509999,-0.024504506,0,-20.182657,5.8755542e-05,0
0.5,0,27.515935,-0.030226887,0,-20.173428,5.2032672e-05,0
0.5,0,27.519646,-0.035636435,0,-20.1642,4.4040364e-05,0
0.5,0,27.519727,-0.039666407,0,-20.154971,3.4796212e-05,0
0.5,0,27.514598,-0.041664893,0,-20.145743,2.4304531e-05,0
0.5,0,27.503436,-0.042358588,0,-20.136515,1.258605e-05,0
0.5,0,27.443262,0.026001707,0,-19.712005,5.4872353e-06,0
0.5,0,27.459758,0.029324765,0,-19.702777,2.0829931e-05,0
0.5,0,27.465736,0.030478678,0,-19.693548,3.5217531e-05,0
0.5,0,27.464625,0.029416357,0,-19.68432,4.8394202e-05,0
0.5,0,27.460666,0.027281046,0,-19.675091,6.013953e-05,0
0.5,0,27.45629,0.023921657,0,-19.665863,7.0299047e-05,0
0.5,0,27.452797,0.018958518,0,-19.656634,7.884371e-05,0
0.5,0,27.450624,0.013010051,0,-19.647406,8.5749223e-05,0
0.5,0,27.449601,0.0068854245,0,-19.638177,9.0926289e-05,0
0.5,0,27.44958,0.00079259206,0,-19.628949,9.4281249e-05,0
0.5,0,27.450675,-0.0052486455,0,-19.61972,9.5765179e-05,0
0.5,0,27.452922,-0.011081261,0,-19.610492,9.5362871e-05,0
0.5,0,27.456032,-0.016731202,0,-19.601263,9.3089529e-05,0
0.5,0,27.45955,-0.022493409,0,-19.592035,8.9009261e-05,0
0.5,0,27.463077,-0.028439597,0,-19.582807,8.3221543e-05,0
0.5,0,27.466274,-0.034153866,0,-19.573578,7.5805431e-05,0
0.5,0,27.468843,-0.03911206,0,-19.56435,6.6782202e-05,0
0.5,0,27.470476,-0.043000967,0,-19.555121,5.6143993e-05,0
0.5,0,27.47054,-0.045613687,0,-19.545893,4.3927806e-05,0
0.5,0,27.467483,-0.046854618,0,-19.536664,3.0262213e-05,0
0.5,0,27.45926,-0.047500628,0,-19.527436,1.5354365e-05,0
0.5,0,27.377749,0.03453179,0,-19.112155,1.372259e-05,0
0.5,0,27.391015,0.038305887,0,-19.102926,3.1549289e-05,0
0.5,0,27.393352,0.038755379,0,-19.093698,4.8347562e-05,0
0.5,0,27.39018,0.037511041,0,-19.084469,6.3862253e-05,0
0.5,0,27.385233,0.035253439,0,-19.075241,7.7866298e-05,0
0.5,0,27.380467,0.031412572,0,-19.066012,9.0260352e-05,0
0.5,0,27.37684,0.025954704,0,-19.056784,0.00010102519,0
0.5,0,27.374521,0.019805594,0,-19.047555,0.00011007395,0
0.5,0,27.373315,0.013610913,0,-19.038327,0.00011724753,0
0.5,0,27.373127,0.0074443672,0,-19.029099,0.00012239667,0
0.5,0,27.373875,0.0013543177,0,-19.01987,0.00012541266,0
0.5,0,27.375208,-0.0046246548,0,-19.010642,0.00012623244,0
0.5,0,27.376603,-0.010791987,0,-19.001413,0.00012487327,0
0.5,0,27.377675,-0.017545884,0,-18.992185,0.0001214472,0
0.5,0,27.378271,-0.024787193,0,-18.982956,0.00011610017,0
0.5,0,27.37836,-0.031858085,0,-18.973728,0.00010892921,0
0.5,0,27.377997,-0.038122164,0,-18.964499,9.9966484e-05,0
0.5,0,27.377399,-0.043426118,0,-18.955271,8.9222632e-05,0
0.5,0,27.376864,-0.047960345,0,-18.946042,7.6724413e-05,0
0.5,0,27.376395,-0.051767377,0,-18.936814,6.2539419e-05,0
0.5,0,27.375071,-0.054571341,0,-18.927585,4.6810973e-05,0
0.5,0,27.37072,-0.056037221,0,-18.918357,2.9752346e-05,0
0.5,0,27.360966,-0.056886579,0,-18.909128,1.1576942e-05,0
0.5,0,27.452161,0.046673225,0,-18.503076,2.0351091e-05,0
0.5,0,27.462321,0.049751619,0,-18.493847,4.0850257e-05,0
0.5,0,27.464027,0.049343369,0,-18.484619,6.0189527e-05,0
0.5,0,27.462674,0.047626067,0,-18.475391,7.8086318e-05,0
0.5,0,27.460879,0.044896153,0,-18.466162,9.4312727e-05,0
0.5,0,27.459529,0.040492588,0,-18.456934,0.00010880425,0
0.5,0,27.45848,0.034687506,0,-18.447705,0.00012155548,0
0.5,0,27.456915,0.028427297,0,-18.438477,0.00013247666,0
0.5,0,27.454147,0.022053388,0,-18.429248,0.00014141956,0
0.5,0,27.450184,0.01545416,0,-18.42002,0.00014825237,0
0.5,0,27.445435,0.0086873167,0,-18.410791,0.00015287088,0
0.5,0,27.440259,0.0017930608,0,-18.401563,0.00015520384,0
0.5,0,27.434988,-0.0055322077,0,-18.392334,0.00015525355,0
0.5,0,27.430106,-0.013539316,0,-18.383106,0.00015310589,0
0.5,0,27.426156,-0.021854611,0,-18.373877,0.00014886267,0
0.5,0,27.42352,-0.029667904,0,-18.364649,0.00014256364,0
0.5,0,27.422427,-0.036416838,0,-18.35542,0.00013418686,0
0.5,0,27.423123,-0.042067253,0,-18.346192,0.00012371632,0
0.5,0,27.425852,-0.046935885,0,-18.336964,0.00011120049,0
0.5,0,27.43067,-0.051530457,0,-18.327735,9.6761926e-05,0
0.5,0,27.43725,-0.05625297,0,-18.318507,8.0575951e-05,0
0.5,0,27.444578,-0.060795425,0,-18.309278,6.2854905e-05,0
0.5,0,27.450274,-0.064023268,0,-18.30005,4.3832737e-05,0
0.5,0,27.450582,-0.065007776,0,-18.290821,2.3722168e-05,0
0.5,0,27.443482,-0.065229426,0,-18.281593,2.6425576e-06,0
0.5,0,27.43341,0.052241501,0,-17.884769,1.0156006e-05,0
0.5,0,27.453426,0.058645498,0,-17.87554,3.4620369e-05,0
0.5,0,27.462234,0.060195818,0,-17.866312,5.81152e-05,0
0.5,0,27.465066,0.059515907,0,-17.857083,8.0290176e-05,0
0.5,0,27.465038,0.057911557,0,-17.847855,0.0001008488,0
0.5,0,27.463359,0.054668442,0,-17.838626,0.00011963346,0
0.5,0,27.460627,0.049335412,0,-17.829398,0.00013664439,0
0.5,0,27.457049,0.042879351,0,-17.820169,0.00015185166,0
0.5,0,27.45285,0.036162567,0,-17.810941,0.00016513561,0
0.5,0,27.448851,0.029233612,0,-17.801712,0.00017636274,0
0.5,0,27.446268,0.022068843,0,-17.792484,0.00018540619,0
0.5,0,27.44596,0.014803976,0,-17.783256,0.00019212393,0
0.5,0,27.448075,0.0072680674,0,-17.774027,0.0001963941,0
0.5,0,27.452241,-0.00095441224,0,-17.764799,0.00019817265,0
0.5,0,27.457785,-0.0098308629,0,-17.75557,0.00019747635,0
0.5,0,27.463832,-0.018667973,0,-17.746342,0.00019430935,0
0.5,0,27.469538,-0.026757919,0,-17.737113,0.00018863755,0
0.5,0,27.474479,-0.033978759,0,-17.727885,0.00018043589,0
0.5,0,27.47884,-0.040677758,0,-17.718656,0.00016973925,0
0.5,0,27.483195,-0.047234967,0,-17.709428,0.00015665679,0
0.5,0,27.48814,-0.053866283,0,-17.700199,0.00014136644,0
0.5,0,27.494044,-0.060621179,0,-17.690971,0.00012408805,0
0.5,0,27.500892,-0.067260033,0,-17.681742,0.00010502028,0
0.5,0,27.508002,-0.072963629,0,-17.672514,8.4291591e-05,0
0.5,0,27.513407,-0.076498607,0,-17.663285,6.1999797e-05,0
0.5,0,27.513485,-0.076980871,0,-17.654057,3.8285502e-05,0
0.5,0,27.504155,-0.075246187,0,-17.644829,1.3359152e-05,0
0.5,0,27.471827,0.065247811,0,-17.248004,1.689232e-05,0
0.5,0,27.49077,0.072061237,0,-17.238776,4.4281855e-05,0
0.5,0,27.498405,0.073094063,0,-17.229548,7.0608453e-05,0
0.5,0,27.50017,0.071948219,0,-17.220319,9.5533309e-05,0
0.5,0,27.49847,0.069509765,0,-17.211091,0.00011877799,0
0.5,0,27.494273,0.064879089,0,-17.201862,0.00014024053,0
0.5,0,27.488242,0.057885875,0,-17.192634,0.00015994838,0
0.5,0,27.480901,0.049750517,0,-17.183405,0.0001778544,0
0.5,0,27.472984,0.041425389,0,-17.174177,0.00019380696,0
0.5,0,27.465682,0.033183062,0,-17.164948,0.00020763286,0
0.5,0,27.460051,0.025283201,0,-17.15572,0.00021915202,0
0.5,0,27.456325,0.017876806,0,-17.146491,0.00022816793,0
0.5,0,27.453935,0.010538733,0,-17.137263,0.00023451965,0
0.5,0,27.452001,0.0026264124,0,-17.128034,0.00023813795,0
0.5,0,27.449692,-0.0059245959,0,-17.118806,0.0002390194,0
0.5,0,27.446388,-0.014572958,0,-17.109577,0.00023715767,0
0.5,0,27.441939,-0.022844065,0,-17.100349,0.00023252895,0
0.5,0,27.436876,-0.030681381,0,-17.091121,0.0002251373,0
0.5,0,27.432217,-0.038266798,0,-17.081892,0.00021505116,0
0.5,0,27.429035,-0.045840295,0,-17.072664,0.00020240186,0
0.5,0,27.428114,-0.053586804,0,-17.063435,0.0001873662,0
0.5,0,27.4298,-0.061361279,0,-17.054207,0.00017014329,0
0.5,0,27.433875,-0.06857211,0,-17.044978,0.00015091711,0
0.5,0,27.439519,-0.074598942,0,-17.03575,0.00012981712,0
0.5,0,27.445422,-0.079185221,0,-17.026521,0.00010691601,0
0.5,0,27.44984,-0.082185578,0,-17.017293,8.2298199e-05,0
0.5,0,27.450125,-0.083241777,0,-17.008064,5.6150294e-05,0
0.5,0,27.442571,-0.082145325,0,-16.998836,2.877751e-05,0
0.5,0,27.425785,-0.081113429,0,-16.989607,4.7695853e-07,0
0.5,0,27.447149,0.080456338,0,-16.602012,9.3376919e-06,0
0.5,0,27.470195,0.090248532,0,-16.592783,4.2544671e-05,0
0.5,0,27.477898,0.093192239,0,-16.583555,7.495205e-05,0
0.5,0,27.477338,0.092790642,0,-16.574326,0.00010618901,0
0.5,0,27.471988,0.090721898,0,-16.565098,0.00013592819,0
0.5,0,27.463691,0.086342591,0,-16.555869,0.00016396799,0
0.5,0,27.454102,0.079313467,0,-16.546641,0.00019026692,0
0.5,0,27.444585,0.070970088,0,-16.537412,0.00021472157,0
0.5,0,27.436247,0.062515054,0,-16.528184,0.00023708943,0
0.5,0,27.430236,0.054152616,0,-16.518956,0.0002570904,0
0.5,0,27.427342,0.045957348,0,-16.509727,0.0002744608,0
0.5,0,27.427332,0.038097606,0,-16.500499,0.00028895517,0
0.5,0,27.429005,0.030198754,0,-16.49127,0.00030039683,0
0.5,0,27.430918,0.021417778,0,-16.482042,0.00030873346,0
0.5,0,27.431997,0.011390827,0,-16.472813,0.00031399522,0
0.5,0,27.431744,0.00064331825,0,-16.463585,0.00031619222,0
0.5,0,27.430259,-0.010065057,0,-16.454356,0.00031527684,0
0.5,0,27.42826,-0.02039978,0,-16.445128,0.00031119244,0
0.5,0,27.426829,-0.030388301,0,-16.435899,0.00030392327,0
0.5,0,27.426883,-0.040123459,0,-16.426671,0.00029350493,0
0.5,0,27.428825,-0.049703568,0,-16.417442,0.00028002467,0
0.5,0,27.432527,-0.05918216,0,-16.408214,0.00026361593,0
0.5,0,27.437463,-0.068342174,0,-16.398985,0.0002444242,0
0.5,0,27.442785,-0.076632406,0,-16.389757,0.00022256996,0
0.5,0,27.44741,-0.083564924,0,-16.380529,0.00019816141,0
0.5,0,27.450289,-0.08926721,0,-16.3713,0.00017134512,0
0.5,0,27.450756,-0.094468052,0,-16.362072,0.00014232883,0
0.5,0,27.448549,-0.099548246,0,-16.352843,0.0001113722,0
0.5,0,27.442923,-0.10379304,0,-16.343615,7.8797219e-05,0
0.5,0,27.431629,-0.10575726,0,-16.334386,4.4965363e-05,0
0.5,0,27.411605,-0.10474946,0,-16.325158,1.019618e-05,0
0.5,0,27.406288,0.1050043,0,-15.946791,2.9102944e-06,0
0.5,0,27.425139,0.11491653,0,-15.937562,4.4215116e-05,0
0.5,0,27.427649,0.11798493,0,-15.928334,8.4707913e-05,0
0.5,0,27.420888,0.11683789,0,-15.919105,0.00012400975,0
0.5,0,27.410011,0.11406771,0,-15.909877,0.00016174496,0
0.5,0,27.397652,0.10914707,0,-15.900648,0.00019761732,0
0.5,0,27.385888,0.10155285,0,-15.89142,0.00023149437,0
0.5,0,27.376182,0.092545106,0,-15.882191,0.00026321314,0
0.5,0,27.369226,0.083363253,0,-15.872963,0.00029249957,0
0.5,0,27.365344,0.074073972,0,-15.863734,0.00031907144,0
0.5,0,27.364457,0.06453076,0,-15.854506,0.00034267864,0
0.5,0,27.365674,0.054875046,0,-15.845277,0.0003630705,0
0.5,0,27.367445,0.044975855,0,-15.836049,0.00038002778,0
0.5,0,27.368248,0.034340311,0,-15.826821,0.00039343643,0
0.5,0,27.367098,0.022843609,0,-15.817592,0.00040327485,0
0.5,0,27.363628,0.011016106,0,-15.808364,0.00040951507,0
0.5,0,27.358107,-0.00059321989,0,-15.799135,0.00041206821,0
0.5,0,27.351507,-0.011939933,0,-15.789907,0.00041082781,0
0.5,0,27.345284,-0.023266449,0,-15.780678,0.00040573476,0
0.5,0,27.340868,-0.034750919,0,-15.77145,0.00039680109,0
0.5,0,27.33925,-0.046473979,0,-15.762221,0.00038410673,0
0.5,0,27.340887,-0.058375124,0,-15.752993,0.00036778324,0
0.5,0,27.345785,-0.07007051,0,-15.743764,0.00034797304,0
0.5,0,27.353526,-0.08092886,0,-15.734536,0.00032478094,0
0.5,0,27.363337,-0.090469968,0,-15.725307,0.00029827236,0
0.5,0,27.374284,-0.098641312,0,-15.716079,0.00026853977,0
0.5,0,27.385514,-0.10579783,0,-15.70685,0.00023578361,0
0.5,0,27.396459,-0.11258097,0,-15.697622,0.00020032869,0
0.5,0,27.406864,-0.11948513,0,-15.688394,0.00016256033,0
0.5,0,27.416356,-0.12602103,0,-15.679165,0.00012286397,0
0.5,0,27.423262,-0.13050681,0,-15.669937,8.1614645e-05,0
0.5,0,27.423644,-0.13113123,0,-15.660708,3.9174983e-05,0
0.5,0,27.33292,0.12572759,0,-15.273113,1.0093102e-05,0
0.5,0,27.347752,0.13612935,0,-15.263884,5.7042672e-05,0
0.5,0,27.348509,0.13738754,0,-15.254656,0.00010317309,0
0.5,0,27.344352,0.1353638,0,-15.245427,0.00014814488,0
0.5,0,27.339336,0.13204203,0,-15.236199,0.0001915982,0
0.5,0,27.334803,0.12640818,0,-15.22697,0.00023326753,0
0.5,0,27.331234,0.11795977,0,-15.217742,0.00027300607,0
0.5,0,27.328346,0.10816526,0,-15.208513,0.00031055595,0
0.5,0,27.325545,0.098194391,0,-15.199285,0.00034552423,0
0.5,0,27.322684,0.088146999,0,-15.190056,0.0003775236,0
0.5,0,27.319898,0.078123854,0,-15.180828,0.00040620464,0
0.5,0,27.317012,0.068290491,0,-15.171599,0.00043122788,0
0.5,0,27.313573,0.058145819,0,-15.162371,0.0004523201,0
0.5,0,27.309322,0.046833045,0,-15.153142,0.00046935066,0
0.5,0,27.304378,0.034227355,0,-15.143914,0.00048229557,0
0.5,0,27.299089,0.021056785,0,-15.134686,0.00049113029,0
0.5,0,27.294003,0.0079563883,0,-15.125457,0.00049578788,0
0.5,0,27.28993,-0.0050390223,0,-15.116229,0.00049619804,0
0.5,0,27.287784,-0.018119517,0,-15.107,0.00049232575,0
0.5,0,27.288224,-0.031362524,0,-15.097772,0.00048418454,0
0.5,0,27.291506,-0.044788552,0,-15.088543,0.00047184714,0
0.5,0,27.297596,-0.058288534,0,-15.079315,0.00045543928,0
0.5,0,27.306209,-0.071392461,0,-15.070086,0.00043509678,0
0.5,0,27.316722,-0.083462983,0,-15.060858,0.00041092467,0
0.5,0,27.328235,-0.094280868,0,-15.051629,0.0003830083,0
0.5,0,27.339876,-0.10423385,0,-15.042401,0.00035146808,0
0.5,0,27.351109,-0.11383017,0,-15.033172,0.0003165133,0
0.5,0,27.361763,-0.12322697,0,-15.023944,0.00027845997,0
0.5,0,27.371904,-0.1323191,0,-15.014715,0.00023769008,0
0.5,0,27.381649,-0.14086482,0,-15.005487,0.00019455733,0
0.5,0,27.390868,-0.14798438,0,-14.996259,0.00014932642,0
0.5,0,27.398109,-0.15209231,0,-14.98703,0.00010222808,0
0.5,0,27.399826,-0.15171856,0,-14.977802,5.3535629e-05,0
0.5,0,27.391386,-0.14680181,0,-14.968573,3.5534781e-06,0
0.5,0,27.473967,0.16126972,0,-14.580978,2.9665459e-05,0
0.5,0,27.483069,0.16884522,0,-14.571749,8.7912366e-05,0
0.5,0,27.479197,0.16695326,0,-14.562521,0.00014526066,0
0.5,0,27.470889,0.16341451,0,-14.553292,0.00020115966,0
0.5,0,27.459921,0.15889423,0,-14.544064,0.00025509512,0
0.5,0,27.446993,0.1520512,0,-14.534835,0.00030672822,0
0.5,0,27.432902,0.14306386,0,-14.525607,0.0003557912,0
0.5,0,27.41834,0.13348663,0,-14.516378,0.00040187371,0
0.5,0,27.404226,0.12378862,0,-14.50715,0.00044449833,0
0.5,0,27.391863,0.11355071,0,-14.497921,0.00048327652,0
0.5,0,27.382211,0.1026416,0,-14.488693,0.00051791606,0
0.5,0,27.375337,0.090905521,0,-14.479464,0.0005481974,0
0.5,0,27.370742,0.077600062,0,-14.470236,0.00057401427,0
0.5,0,27.367901,0.062133023,0,-14.461007,0.000595374,0
0.5,0,27.36637,0.045056628,0,-14.451779,0.00061228772,0
0.5,0,27.365703,0.027702362,0,-14.442551,0.0006246671,0
0.5,0,27.365635,0.011033931,0,-14.433322,0.00063234071,0
0.5,0,27.366292,-0.0047498664,0,-14.424094,0.00063513131,0
0.5,0,27.368044,-0.019848479,0,-14.414865,0.00063289911,0
0.5,0,27.371193,-0.034596822,0,-14.405637,0.00062555987,0
0.5,0,27.375862,-0.049356945,0,-14.396408,0.00061310793,0
0.5,0,27.382046,-0.064224562,0,-14.38718,0.00059561234,0
0.5,0,27.389598,-0.07882218,0,-14.377951,0.0005731699,0
0.5,0,27.398179,-0.092589453,0,-14.368723,0.00054587452,0
0.5,0,27.407349,-0.10532966,0,-14.359494,0.00051385031,0
0.5,0,27.416793,-0.11741936,0,-14.350266,0.00047730518,0
0.5,0,27.426499,-0.12945729,0,-14.341037,0.00043654174,0
0.5,0,27.436694,-0.14167331,0,-14.331809,0.00039192892,0
0.5,0,27.447568,-0.15365629,0,-14.32258,0.00034386701,0
0.5,0,27.459037,-0.16471445,0,-14.313352,0.00029274189,0
0.5,0,27.470703,-0.17438513,0,-14.304124,0.00023886269,0
0.5,0,27.481889,-0.18213359,0,-14.294895,0.00018246152,0
0.5,0,27.490743,-0.18694936,0,-14.285667,0.00012381694,0
0.5,0,27.493315,-0.18752452,0,-14.276438,6.3348495e-05,0
0.5,0,27.483787,-0.18276909,0,-14.26721,1.5403235e-06,0
0.5,0,27.400746,0.20295346,0,-13.879614,5.285887e-05,0
0.5,0,27.396437,0.20832933,0,-13.870386,0.0001239332,0
0.5,0,27.381657,0.20631018,0,-13.861157,0.00019416976,0
0.5,0,27.363165,0.20284374,0,-13.851929,0.00026294515,0
0.5,0,27.342573,0.19767301,0,-13.8427,0.00032972167,0
0.5,0,27.32111,0.1898228,0,-13.833472,0.00039416892,0
0.5,0,27.299894,0.18024373,0,-13.824243,0.00045595951,0
0.5,0,27.279845,0.17011035,0,-13.815015,0.00051463161,0
0.5,0,27.262163,0.15917652,0,-13.805786,0.00056971288,0
0.5,0,27.248049,0.1469991,0,-13.796558,0.00062080139,0
0.5,0,27.23775,0.13377482,0,-13.787329,0.00066752524,0
0.5,0,27.230362,0.11956043,0,-13.778101,0.00070955152,0
0.5,0,27.224563,0.10395112,0,-13.768872,0.0007466457,0
0.5,0,27.219324,0.086936012,0,-13.759644,0.00077863849,0
0.5,0,27.214126,0.069308682,0,-13.750416,0.00080530888,0
0.5,0,27.208986,0.051888571,0,-13.741187,0.00082634327,0
0.5,0,27.204507,0.034828819,0,-13.731959,0.00084142036,0
0.5,0,27.201657,0.017820221,0,-13.72273,0.00085031385,0
0.5,0,27.201354,0.00047181207,0,-13.713502,0.00085293365,0
0.5,0,27.204207,-0.017616212,0,-13.704273,0.00084931775,0
0.5,0,27.210495,-0.036657172,0,-13.695045,0.00083958733,0
0.5,0,27.220159,-0.056296284,0,-13.685816,0.00082386843,0
0.5,0,27.232666,-0.075675545,0,-13.676588,0.00080222946,0
0.5,0,27.246991,-0.094058,0,-13.667359,0.00077469191,0
0.5,0,27.261872,-0.11128331,0,-13.658131,0.00074130179,0
0.5,0,27.276167,-0.12762092,0,-13.648902,0.00070219845,0
0.5,0,27.289075,-0.14339526,0,-13.639674,0.00065763503,0
0.5,0,27.300219,-0.15876931,0,-13.630445,0.00060794469,0
0.5,0,27.309641,-0.17358639,0,-13.621217,0.00055347677,0
0.5,0,27.317682,-0.18726335,0,-13.611989,0.00049455527,0
0.5,0,27.324796,-0.19911656,0,-13.60276,0.00043149861,0
0.5,0,27.331447,-0.20911141,0,-13.593532,0.00036466607,0
0.5,0,27.338097,-0.21793162,0,-13.584303,0.0002944582,0
0.5,0,27.344776,-0.22563826,0,-13.575075,0.00022130222,0
0.5,0,27.349658,-0.23079529,0,-13.565846,0.00014568852,0
0.5,0,27.347566,-0.23110317,0,-13.556618,6.8206469e-05,0
0.5,0,27.28609,0.24831376,0,-13.169022,2.4762608e-05,0
0.5,0,27.28677,0.26038371,0,-13.159794,0.00011396149,0
0.5,0,27.271463,0.25961306,0,-13.150565,0.0002024492,0
0.5,0,27.25157,0.25656332,0,-13.141337,0.0002895325,0
0.5,0,27.229424,0.25206847,0,-13.132108,0.00037449732,0
0.5,0,27.206204,0.24419789,0,-13.12288,0.00045685662,0
0.5,0,27.183109,0.23288247,0,-13.113651,0.00053628229,0
0.5,0,27.160788,0.2201377,0,-13.104423,0.00061230214,0
0.5,0,27.139787,0.20662393,0,-13.095194,0.00068434671,0
0.5,0,27.120952,0.19188767,0,-13.085966,0.00075190466,0
0.5,0,27.104634,0.17613049,0,-13.076737,0.000814486,0
0.5,0,27.090158,0.15977138,0,-13.067509,0.00087157991,0
0.5,0,27.076493,0.14244318,0,-13.058281,0.00092274846,0
0.5,0,27.063152,0.12364426,0,-13.049052,0.00096769219,0
0.5,0,27.05037,0.10378182,0,-13.039824,0.0010061657,0
0.5,0,27.038836,0.08370327,0,-13.030595,0.0010378826,0
0.5,0,27.029533,0.063623401,0,-13.021367,0.0010625478,0
0.5,0,27.023551,0.043136121,0,-13.012138,0.0010799442,0
0.5,0,27.021654,0.021862534,0,-13.00291,0.0010899656,0
0.5,0,27.024012,-0.0003692633,0,-12.993681,0.0010926104,0
0.5,0,27.030227,-0.023560474,0,-12.984453,0.001087961,0
0.5,0,27.039469,-0.047294056,0,-12.975224,0.0010761214,0
0.5,0,27.050555,-0.070647923,0,-12.965996,0.0010571336,0
0.5,0,27.062009,-0.092718262,0,-12.956767,0.0010309615,0
0.5,0,27.072379,-0.1132504,0,-12.947539,0.00099756954,0
0.5,0,27.080715,-0.13268036,0,-12.93831,0.00095702071,0
0.5,0,27.08689,-0.15164229,0,-12.929082,0.00090952302,0
0.5,0,27.091616,-0.17046447,0,-12.919854,0.00085541854,0
0.5,0,27.096162,-0.18899588,0,-12.910625,0.00079513159,0
0.5,0,27.101939,-0.2067484,0,-12.901397,0.00072908978,0
0.5,0,27.110132,-0.22315269,0,-12.892168,0.00065766897,0
0.5,0,27.121439,-0.23777736,0,-12.88294,0.00058122294,0
0.5,0,27.13594,-0.25053313,0,-12.873711,0.00050016794,0
0.5,0,27.153094,-0.26181687,0,-12.864483,0.00041500254,0
0.5,0,27.171949,-0.27182196,0,-12.855254,0.0003262315,0
0.5,0,27.190596,-0.27964743,0,-12.846026,0.00023435964,0
0.5,0,27.205641,-0.28353297,0,-12.836797,0.00013996429,0
0.5,0,27.209264,-0.28014866,0,-12.827569,4.3803444e-05,0
0.5,0,27.155838,0.30836344,0,-12.439973,3.690688e-05,0
0.5,0,27.150914,0.31997188,0,-12.430745,0.00014756883,0
0.5,0,27.131136,0.31912235,0,-12.421516,0.00025736977,0
0.5,0,27.108258,0.3164459,0,-12.412288,0.00036549976,0
0.5,0,27.084622,0.31186764,0,-12.403059,0.00047118408,0
0.5,0,27.061551,0.30318971,0,-12.393831,0.00057390545,0
0.5,0,27.040146,0.29062095,0,-12.384602,0.00067326351,0
0.5,0,27.020832,0.27626473,0,-12.375374,0.00076868684,0
0.5,0,27.003874,0.2607464,0,-12.366146,0.0008595167,0
0.5,0,26.989677,0.243777,0,-12.356917,0.0009451459,0
0.5,0,26.978098,0.22565718,0,-12.347689,0.0010249662,0
0.5,0,26.968225,0.20659768,0,-12.33846,0.0010983479,0
0.5,0,26.959117,0.18602113,0,-12.329232,0.0011647512,0
0.5,0,26.950473,0.16355687,0,-12.320003,0.0012237746,0
0.5,0,26.942604,0.13989752,0,-12.310775,0.0012750578,0
0.5,0,26.935974,0.11595733,0,-12.301546,0.0013182045,0
0.5,0,26.931078,0.091801525,0,-12.292318,0.0013528339,0
0.5,0,26.928446,0.066884624,0,-12.283089,0.0013786567,0
0.5,0,26.928306,0.040797793,0,-12.273861,0.0013954898,0
0.5,0,26.930435,0.013468993,0,-12.264632,0.0014032478,0
0.5,0,26.934297,-0.014848432,0,-12.255404,0.0014019304,0
0.5,0,26.939196,-0.043467875,0,-12.246175,0.0013915641,0
0.5,0,26.944366,-0.071471965,0,-12.236947,0.0013721272,0
0.5,0,26.94913,-0.098266534,0,-12.227719,0.0013435475,0
0.5,0,26.953156,-0.12389398,0,-12.21849,0.0013057922,0
0.5,0,26.956652,-0.14885362,0,-12.209262,0.0012589664,0
0.5,0,26.960367,-0.17369503,0,-12.200033,0.001203344,0
0.5,0,26.965385,-0.19859723,0,-12.190805,0.0011393299,0
0.5,0,26.972776,-0.22311899,0,-12.181576,0.0010673924,0
0.5,0,26.983263,-0.24644894,0,-12.172348,0.00098800025,0
0.5,0,26.997122,-0.26801399,0,-12.163119,0.00090158999,0
0.5,0,27.014296,-0.28770293,0,-12.153891,0.000808593,0
0.5,0,27.034458,-0.30547756,0,-12.144662,0.00070950682,0
0.5,0,27.056953,-0.32116094,0,-12.135434,0.00060493031,0
0.5,0,27.080779,-0.33485783,0,-12.126205,0.00049549369,0
0.5,0,27.105016,-0.34648899,0,-12.116977,0.00038176859,0
0.5,0,27.127963,-0.35502568,0,-12.107748,0.00026436418,0
0.5,0,27.146596,-0.35870907,0,-12.09852,0.0001440438,0
0.5,0,27.151279,-0.35228608,0,-12.089292,2.1785639e-05,0
0.5,0,27.112537,0.40142116,0,-11.701696,8.1954137e-05,0
0.5,0,27.090959,0.40675695,0,-11.692467,0.00022121489,0
0.5,0,27.060701,0.40261386,0,-11.683239,0.00035930297,0
0.5,0,27.029894,0.39669102,0,-11.67401,0.00049524825,0
0.5,0,26.999568,0.38789671,0,-11.664782,0.00062824599,0
0.5,0,26.970265,0.37487256,0,-11.655554,0.0007576944,0
0.5,0,26.942259,0.35888129,0,-11.646325,0.00088293022,0
0.5,0,26.915656,0.34141777,0,-11.637097,0.0010031149,0
0.5,0,26.890959,0.32250815,0,-11.627868,0.0011174087,0
0.5,0,26.868728,0.30211966,0,-11.61864,0.0012250441,0
0.5,0,26.848867,0.28058483,0,-11.609411,0.0013252729,0
0.5,0,26.830826,0.25758552,0,-11.600183,0.0014174029,0
0.5,0,26.814362,0.23234524,0,-11.590954,0.0015008807,0
0.5,0,26.799751,0.20491452,0,-11.581726,0.0015752539,0
0.5,0,26.787426,0.17628027,0,-11.572497,0.0016400727,0
0.5,0,26.777696,0.14720679,0,-11.563269,0.0016948886,0
0.5,0,26.77071,0.11766358,0,-11.55404,0.0017393324,0
0.5,0,26.766377,0.087245465,0,-11.544812,0.0017731467,0
0.5,0,26.76432,0.05558281,0,-11.535583,0.0017961667,0
0.5,0,26.764003,0.022532216,0,-11.526355,0.0018082989,0
0.5,0,26.764946,-0.011497374,0,-11.517127,0.0018094913,0
0.5,0,26.766711,-0.045484736,0,-11.507898,0.0017996828,0
0.5,0,26.768843,-0.078442463,0,-11.49867,0.0017787785,0
0.5,0,26.771052,-0.11012053,0,-11.489441,0.0017466943,0
0.5,0,26.773416,-0.14097724,0,-11.480213,0.0017034378,0
0.5,0,26.776423,-0.17161305,0,-11.470984,0.0016491668,0
0.5,0,26.780828,-0.2023134,0,-11.461756,0.0015841925,0
0.5,0,26.787433,-0.23288666,0,-11.452527,0.0015089227,0
0.5,0,26.796896,-0.26267046,0,-11.443299,0.0014237842,0
0.5,0,26.809585,-0.29081312,0,-11.43407,0.0013291905,0
0.5,0,26.825578,-0.31685129,0,-11.424842,0.0012255814,0
0.5,0,26.844785,-0.34097947,0,-11.415613,0.0011134779,0
0.5,0,26.867042,-0.36350792,0,-11.406385,0.00099349715,0
0.5,0,26.891985,-0.38417105,0,-11.397156,0.00086633877,0
0.5,0,26.918917,-0.40242008,0,-11.387928,0.00073277143,0
0.5,0,26.947069,-0.4183873,0,-11.3787,0.00059359669,0
0.5,0,26.97601,-0.43230916,0,-11.369471,0.00044960513,0
0.5,0,27.004854,-0.44307869,0,-11.360243,0.00030164381,0
0.5,0,27.029871,-0.44784532,0,-11.351014,0.00015065184,0
0.5,0,26.978167,0.49806241,0,-10.95419,0.00011810462,0
0.5,0,26.950692,0.50004458,0,-10.944962,0.00029029959,0
0.5,0,26.91816,0.49459332,0,-10.935733,0.00046082281,0
0.5,0,26.886162,0.48700603,0,-10.926505,0.0006284663,0
0.5,0,26.855283,0.47546253,0,-10.917276,0.00079229792,0
0.5,0,26.826109,0.45902341,0,-10.908048,0.00095160376,0
0.5,0,26.798852,0.4395015,0,-10.898819,0.0011055538,0
0.5,0,26.773536,0.41815246,0,-10.889591,0.0012531566,0
0.5,0,26.750536,0.39487551,0,-10.880362,0.001393446,0
0.5,0,26.730082,0.36989371,0,-10.871134,0.0015255114,0
0.5,0,26.711732,0.34355282,0,-10.861905,0.001648464,0
0.5,0,26.69481,0.31524666,0,-10.852677,0.001761522,0
0.5,0,26.67908,0.28412984,0,-10.843448,0.0018640767,0
0.5,0,26.664768,0.25046933,0,-10.83422,0.0019556028,0
0.5,0,26.652237,0.21535136,0,-10.824992,0.0020355532,0
0.5,0,26.641839,0.17948643,0,-10.815763,0.0021033903,0
0.5,0,26.63384,0.14294008,0,-10.806535,0.0021586745,0
0.5,0,26.628254,0.10555081,0,-10.797306,0.0022010915,0
0.5,0,26.624801,0.067112887,0,-10.788078,0.0022304354,0
0.5,0,26.623086,0.027568013,0,-10.778849,0.0022465845,0
0.5,0,26.622811,-0.012562803,0,-10.769621,0.0022494524,0
0.5,0,26.623715,-0.052198652,0,-10.760392,0.0022389353,0
0.5,0,26.625485,-0.090467541,0,-10.751164,0.0022149205,0
0.5,0,26.627923,-0.12737485,0,-10.741935,0.0021773643,0
0.5,0,26.631145,-0.16366298,0,-10.732707,0.0021263703,0
0.5,0,26.635647,-0.20013709,0,-10.723478,0.0020622184,0
0.5,0,26.642182,-0.23706881,0,-10.71425,0.0019853388,0
0.5,0,26.651524,-0.27400569,0,-10.705021,0.0018962456,0
0.5,0,26.664254,-0.31000901,0,-10.695793,0.0017954603,0
0.5,0,26.680642,-0.34415402,0,-10.686565,0.0016834825,0
0.5,0,26.700657,-0.3759699,0,-10.677336,0.0015608297,0
0.5,0,26.724044,-0.40546141,0,-10.668108,0.0014280825,0
0.5,0,26.750366,-0.43264305,0,-10.658879,0.0012858822,0
0.5,0,26.778975,-0.45710159,0,-10.649651,0.001134912,0
0.5,0,26.809065,-0.47827819,0,-10.640422,0.00097592308,0
0.5,0,26.839918,-0.49636566,0,-10.631194,0.00080976796,0
0.5,0,26.871502,-0.51215707,0,-10.621965,0.00063737336,0
0.5,0,26.903759,-0.52544521,0,-10.612737,0.00045973539,0
0.5,0,26.935582,-0.53430146,0,-10.603508,0.00027796272,0
0.5,0,26.959462,-0.53364553,0,-10.59428,9.340089e-05,0
0.5,0,26.920273,0.57923592,0,-10.197456,0.00014137693,0
0.5,0,26.883107,0.57879601,0,-10.188227,0.00034152077,0
0.5,0,26.842954,0.57079472,0,-10.178999,0.00053944132,0
0.5,0,26.80474,0.56022244,0,-10.16977,0.00073379779,0
0.5,0,26.768788,0.54514752,0,-10.160542,0.00092357658,0
0.5,0,26.735564,0.5250302,0,-10.151313,0.0011079654,0
0.5,0,26.705134,0.50204517,0,-10.142085,0.0012860051,0
0.5,0,26.677422,0.47739515,0,-10.132857,0.0014565803,0
0.5,0,26.652668,0.45089392,0,-10.123628,0.001618615,0
0.5,0,26.630822,0.42273599,0,-10.1144,0.001771093,0
0.5,0,26.611158,0.39307638,0,-10.105171,0.0019130447,0
0.5,0,26.592878,0.361052,0,-10.095943,0.0020436529,0
0.5,0,26.575757,0.32577107,0,-10.086714,0.0021622974,0
0.5,0,26.560059,0.28761295,0,-10.077486,0.0022684268,0
0.5,0,26.546184,0.24771142,0,-10.068257,0.0023614447,0
0.5,0,26.534546,0.20681136,0,-10.059029,0.0024407518,0
0.5,0,26.525489,0.16515506,0,-10.0498,0.0025058382,0
0.5,0,26.519094,0.12280853,0,-10.040572,0.0025563166,0
0.5,0,26.515158,0.07967198,0,-10.031343,0.0025919218,0
0.5,0,26.513365,0.03566678,0,-10.022115,0.0026124929,0
0.5,0,26.513451,-0.0087914176,0,-10.012886,0.0026179158,0
0.5,0,26.51516,-0.052820098,0,-10.003658,0.0026080709,0
0.5,0,26.518154,-0.095754909,0,-9.9944295,0.0025828573,0
0.5,0,26.52218,-0.13766168,0,-9.9852011,0.0025422757,0
0.5,0,26.527262,-0.1791565,0,-9.9759726,0.0024864879,0
0.5,0,26.533764,-0.22081916,0,-9.9667441,0.0024158143,0
0.5,0,26.542307,-0.26267485,0,-9.9575157,0.0023306903,0
0.5,0,26.553573,-0.30408097,0,-9.9482872,0.0022316104,0
0.5,0,26.568136,-0.34411374,0,-9.9390587,0.0021190852,0
0.5,0,26.586396,-0.38209589,0,-9.9298303,0.001993641,0
0.5,0,26.608594,-0.41777305,0,-9.9206018,0.0018558685,0
0.5,0,26.634769,-0.45112036,0,-9.9113733,0.0017064588,0
0.5,0,26.664681,-0.48206323,0,-9.9021449,0.0015461741,0
0.5,0,26.697779,-0.51026715,0,-9.8929164,0.0013758021,0
0.5,0,26.733269,-0.53519466,0,-9.8836879,0.0011961872,0
0.5,0,26.770302,-0.55667077,0,-9.8744595,0.0010083122,0
0.5,0,26.80833,-0.5754191,0,-9.865231,0.0008132895,0
0.5,0,26.847212,-0.59183016,0,-9.8560025,0.0006122536,0
0.5,0,26.885967,-0.60439478,0,-9.8467741,0.00040637178,0
0.5,0,26.920384,-0.60969509,0,-9.8375456,0.00019690057,0
0.5,0,26.847009,0.63472776,0,-9.4314931,0.00020714106,0
0.5,0,26.805955,0.62821554,0,-9.4222646,0.00042640165,0
0.5,0,26.764234,0.61691764,0,-9.4130361,0.00064229314,0
0.5,0,26.724139,0.60299871,0,-9.4038077,0.00085340851,0
0.5,0,26.6859,0.58373419,0,-9.3945792,0.0010587209,0
0.5,0,26.650178,0.55934472,0,-9.3853507,0.0012573913,0
0.5,0,26.617099,0.53275272,0,-9.3761223,0.0014483443,0
0.5,0,26.586751,0.50477872,0,-9.3668938,0.0016303792,0
0.5,0,26.559634,0.47491375,0,-9.3576653,0.0018024053,0
0.5,0,26.535821,0.443388,0,-9.3484369,0.0019634145,0
0.5,0,26.514647,0.41009106,0,-9.3392084,0.002112483,0
0.5,0,26.495479,0.37382483,0,-9.3299799,0.0022489007,0
0.5,0,26.478223,0.33397096,0,-9.3207515,0.0023721512,0
0.5,0,26.463032,0.29153385,0,-9.311523,0.0024817119,0
0.5,0,26.450028,0.24789726,0,-9.3022945,0.0025769602,0
0.5,0,26.439339,0.20365957,0,-9.2930661,0.0026572769,0
0.5,0,26.431067,0.15894226,0,-9.2838376,0.0027221571,0
0.5,0,26.42505,0.11379219,0,-9.2746091,0.0027712369,0
0.5,0,26.420863,0.068066188,0,-9.2653807,0.0028042938,0
0.5,0,26.41803,0.021682168,0,-9.2561522,0.0028212245,0
0.5,0,26.416262,-0.024837319,0,-9.2469237,0.00282197,0
0.5,0,26.415404,-0.070539967,0,-9.2376953,0.0028064564,0
0.5,0,26.415368,-0.11488664,0,-9.2284668,0.0027746343,0
0.5,0,26.416331,-0.15820665,0,-9.2192383,0.0027265828,0
0.5,0,26.418826,-0.20134845,0,-9.2100099,0.0026625719,0
0.5,0,26.423691,-0.2449629,0,-9.2007814,0.0025830444,0
0.5,0,26.43186,-0.28893302,0,-9.1915529,0.0024885463,0
0.5,0,26.444098,-0.33233153,0,-9.1823245,0.002379648,0
0.5,0,26.460826,-0.37397939,0,-9.173096,0.0022568948,0
0.5,0,26.482149,-0.41308493,0,-9.1638675,0.0021208213,0
0.5,0,26.507948,-0.44936955,0,-9.1546391,0.0019720202,0
0.5,0,26.537888,-0.48280236,0,-9.1454106,0.0018111918,0
0.5,0,26.571358,-0.51338435,0,-9.1361821,0.0016391256,0
0.5,0,26.607513,-0.54103071,0,-9.1269537,0.0014566692,0
0.5,0,26.645418,-0.56556605,0,-9.1177252,0.0012647746,0
0.5,0,26.684292,-0.58710588,0,-9.1084967,0.0010645685,0
0.5,0,26.723789,-0.6064426,0,-9.0992683,0.00085729972,0
0.5,0,26.764149,-0.6236291,0,-9.0900398,0.0006441887,0
0.5,0,26.804438,-0.63660517,0,-9.0808113,0.00042644325,0
0.5,0,26.84086,-0.64153701,0,-9.0715829,0.00020534128,0
0.5,0,26.765737,0.62781711,0,-8.6655303,7.2659113e-05,0
0.5,0,26.731014,0.63104582,0,-8.6563019,0.0002929062,0
0.5,0,26.687233,0.61879965,0,-8.6470734,0.00051025745,0
0.5,0,26.645714,0.60415943,0,-8.6378449,0.00072321621,0
0.5,0,26.606797,0.58631565,0,-8.6286165,0.0009305552,0
0.5,0,26.570855,0.56355419,0,-8.619388,0.0011312965,0
0.5,0,26.53829,0.5370588,0,-8.6101595,0.0013244775,0
0.5,0,26.509108,0.50891404,0,-8.6009311,0.001508934,0
0.5,0,26.483483,0.47929574,0,-8.5917026,0.0016834862,0
0.5,0,26.461757,0.44782959,0,-8.5824741,0.001847098,0
0.5,0,26.443768,0.41454951,0,-8.5732457,0.0019988582,0
0.5,0,26.428876,0.37895684,0,-8.5640172,0.0021380078,0
0.5,0,26.416602,0.34014391,0,-8.5547887,0.0022639914,0
0.5,0,26.406845,0.29820557,0,-8.5455603,0.0023763606,0
0.5,0,26.399603,0.25442979,0,-8.5363318,0.0024746157,0
0.5,0,26.394749,0.21005317,0,-8.5271033,0.0025581929,0
0.5,0,26.392035,0.165573,0,-8.5178749,0.002626576,0
0.5,0,26.391059,0.12102718,0,-8.5086464,0.0026793777,0
0.5,0,26.3913,0.076227667,0,-8.4994179,0.0027163537,0
0.5,0,26.392274,0.03089399,0,-8.4901895,0.0027373887,0
0.5,0,26.39375,-0.014901884,0,-8.480961,0.002742453,0
0.5,0,26.395687,-0.06049164,0,-8.4717325,0.0027315438,0
0.5,0,26.398069,-0.10510753,0,-8.4625041,0.0027046771,0
0.5,0,26.400991,-0.14856695,0,-8.4532756,0.0026619509,0
0.5,0,26.404811,-0.19134877,0,-8.4440471,0.002603611,0
0.5,0,26.410209,-0.23405005,0,-8.4348187,0.0025300585,0
0.5,0,26.41807,-0.27675023,0,-8.4255902,0.0024418037,0
0.5,0,26.429237,-0.31876984,0,-8.4163617,0.002339404,0
0.5,0,26.444301,-0.35899289,0,-8.4071333,0.0022234104,0
0.5,0,26.463533,-0.39647098,0,-8.3979048,0.002094359,0
0.5,0,26.486926,-0.43081675,0,-8.3886763,0.0019528241,0
0.5,0,26.514249,-0.46219398,0,-8.3794479,0.0017994878,0
0.5,0,26.545068,-0.49100197,0,-8.3702194,0.0016351498,0
0.5,0,26.578753,-0.51740051,0,-8.3609909,0.0014606911,0
0.5,0,26.614477,-0.54107304,0,-8.3517625,0.0012770813,0
0.5,0,26.651367,-0.56172063,0,-8.342534,0.001085436,0
0.5,0,26.688737,-0.57995442,0,-8.3333055,0.00088699406,0
0.5,0,26.726743,-0.59631995,0,-8.3240771,0.00068298072,0
0.5,0,26.764783,-0.6094355,0,-8.3148486,0.00047459861,0
0.5,0,26.800907,-0.61621963,0,-8.3056201,0.00026309346,0
0.5,0,26.823278,-0.60820749,0,-8.2963917,4.9968664e-05,0
0.5,0,26.776572,0.57422324,0,-7.8903391,0.00015258878,0
0.5,0,26.739325,0.56627747,0,-7.8811106,0.00034994549,0
0.5,0,26.699939,0.55157932,0,-7.8718822,0.00054334102,0
0.5,0,26.662251,0.53466631,0,-7.8626537,0.00073149943,0
0.5,0,26.626221,0.51355159,0,-7.8534252,0.00091343519,0
0.5,0,26.592332,0.48803928,0,-7.8441968,0.0010883014,0
0.5,0,26.560839,0.46064364,0,-7.8349683,0.0012550686,0
0.5,0,26.531923,0.43257786,0,-7.8257398,0.0014125901,0
0.5,0,26.506065,0.40341134,0,-7.8165114,0.0015598476,0
0.5,0,26.483444,0.37288439,0,-7.8072829,0.00169598,0
0.5,0,26.463612,0.34061005,0,-7.7980544,0.0018202535,0
0.5,0,26.446114,0.30544527,0,-7.788826,0.0019321318,0
0.5,0,26.431016,0.26672542,0,-7.7795975,0.0020312745,0
0.5,0,26.418663,0.22539561,0,-7.770369,0.0021173801,0
0.5,0,26.409249,0.18309624,0,-7.7611406,0.0021900697,0
0.5,0,26.402765,0.14077288,0,-7.7519121,0.0022489336,0
0.5,0,26.399063,0.09857778,0,-7.7426836,0.0022936169,0
0.5,0,26.397836,0.056365673,0,-7.7334552,0.0023238498,0
0.5,0,26.398654,0.013909806,0,-7.7242267,0.0023394589,0
0.5,0,26.401167,-0.028794621,0,-7.7149982,0.0023403775,0
0.5,0,26.405126,-0.071161148,0,-7.7057698,0.0023266117,0
0.5,0,26.410277,-0.11229313,0,-7.6965413,0.0022981894,0
0.5,0,26.416453,-0.15176408,0,-7.6873128,0.0022551684,0
0.5,0,26.423705,-0.18992909,0,-7.6780844,0.0021977084,0
0.5,0,26.432379,-0.22747947,0,-7.6688559,0.0021261431,0
0.5,0,26.443027,-0.26485126,0,-7.6596274,0.0020409994,0
0.5,0,26.456233,-0.30193301,0,-7.650399,0.0019429491,0
0.5,0,26.472474,-0.33802464,0,-7.6411705,0.001832717,0
0.5,0,26.492025,-0.37208978,0,-7.631942,0.0017110089,0
0.5,0,26.514941,-0.40337554,0,-7.6227136,0.0015785108,0
0.5,0,26.54117,-0.43184606,0,-7.6134851,0.0014359363,0
0.5,0,26.57062,-0.45774655,0,-7.6042566,0.0012840693,0
0.5,0,26.602967,-0.48082434,0,-7.5950282,0.0011237893,0
0.5,0,26.637464,-0.50052795,0,-7.5857997,0.00095608349,0
0.5,0,26.673041,-0.51719352,0,-7.5765712,0.00078200822,0
0.5,0,26.709193,-0.53157393,0,-7.5673428,0.00060261553,0
0.5,0,26.744972,-0.54306455,0,-7.5581143,0.0004190143,0
0.5,0,26.778557,-0.54929824,0,-7.5488858,0.00023243242,0
0.5,0,26.799275,-0.54230647,0,-7.5396574,4.432863e-05,0
0.5,0,26.755729,0.51075902,0,-7.1428333,0.00011509852,0
0.5,0,26.723321,0.50604267,0,-7.1336048,0.0002906735,0
0.5,0,26.686747,0.49297333,0,-7.1243764,0.00046266154,0
0.5,0,26.651445,0.47772165,0,-7.1151479,0.00062982692,0
0.5,0,26.617403,0.45877884,0,-7.1059194,0.00079118764,0
0.5,0,26.585031,0.43557109,0,-7.096691,0.00094593691,0
0.5,0,26.554754,0.41016013,0,-7.0874625,0.0010931731,0
0.5,0,26.526901,0.38398348,0,-7.078234,0.0012318707,0
0.5,0,26.502082,0.35678099,0,-7.0690056,0.0013610734,0
0.5,0,26.480705,0.32819302,0,-7.0597771,0.0014799466,0
0.5,0,26.462562,0.29793667,0,-7.0505486,0.0015877602,0
0.5,0,26.447319,0.26513647,0,-7.0413202,0.0016839656,0
0.5,0,26.435,0.22909045,0,-7.0320917,0.0017682394,0
0.5,0,26.425893,0.19042523,0,-7.0228632,0.001840359,0
0.5,0,26.420178,0.15061536,0,-7.0136348,0.0019000503,0
0.5,0,26.417854,0.11068433,0,-7.0044063,0.0019469726,0
0.5,0,26.418802,0.070904861,0,-6.9951778,0.0019807904,0
0.5,0,26.422697,0.031272273,0,-6.9859494,0.0020012286,0
0.5,0,26.428996,-0.0082603361,0,-6.9767209,0.0020081118,0
0.5,0,26.437055,-0.04769032,0,-6.9674924,0.0020013916,0
0.5,0,26.446256,-0.086725142,0,-6.958264,0.0019811187,0
0.5,0,26.456115,-0.12477596,0,-6.9490355,0.0019473737,0
0.5,0,26.466286,-0.16138995,0,-6.939807,0.0019002499,0
0.5,0,26.476646,-0.19662486,0,-6.9305786,0.0018399204,0
0.5,0,26.487391,-0.23096796,0,-6.9213501,0.0017667224,0
0.5,0,26.499061,-0.26494551,0,-6.9121216,0.0016811799,0
0.5,0,26.512438,-0.29867614,0,-6.9028932,0.0015839612,0
0.5,0,26.528345,-0.33163206,0,-6.8936647,0.001475805,0
0.5,0,26.547422,-0.36290183,0,-6.8844362,0.0013574521,0
0.5,0,26.570041,-0.39174873,0,-6.8752078,0.0012296074,0
0.5,0,26.596347,-0.41779283,0,-6.8659793,0.0010929642,0
0.5,0,26.626224,-0.44073036,0,-6.8567508,0.00094827581,0
0.5,0,26.659145,-0.4603583,0,-6.8475224,0.00079639452,0
0.5,0,26.694271,-0.47689782,0,-6.8382939,0.00063820831,0
0.5,0,26.730409,-0.49026976,0,-6.8290654,0.000474582,0
0.5,0,26.765457,-0.49921415,0,-6.819837,0.00030646521,0
0.5,0,26.793832,-0.50094694,0,-6.8106085,0.00013503778,0
0.5,0,26.736003,0.52083925,0,-6.4230129,3.9916581e-06,0
0.5,0,26.718883,0.53157974,0,-6.4137844,0.00018856933,0
0.5,0,26.685865,0.52580038,0,-6.404556,0.00037133868,0
0.5,0,26.652782,0.51692144,0,-6.3953275,0.00055117909,0
0.5,0,26.621525,0.50614331,0,-6.386099,0.00072681083,0
0.5,0,26.591815,0.49054008,0,-6.3768706,0.00089729023,0
0.5,0,26.563556,0.46979506,0,-6.3676421,0.0010618757,0
0.5,0,26.536468,0.44646037,0,-6.3584136,0.0012196178,0
0.5,0,26.510689,0.42139121,0,-6.3491852,0.0013694501,0
0.5,0,26.487073,0.39425701,0,-6.3399567,0.0015103992,0
0.5,0,26.466058,0.36552467,0,-6.3307282,0.0016415311,0
0.5,0,26.447134,0.33546235,0,-6.3214998,0.0017619209,0
0.5,0,26.429651,0.3031544,0,-6.3122713,0.001870794,0
0.5,0,26.413593,0.26789964,0,-6.3030428,0.0019675872,0
0.5,0,26.39946,0.23040697,0,-6.2938144,0.0020518246,0
0.5,0,26.387865,0.19178925,0,-6.2845859,0.0021230311,0
0.5,0,26.379387,0.15235752,0,-6.2753574,0.0021807913,0
0.5,0,26.374432,0.11189379,0,-6.266129,0.002224807,0
0.5,0,26.373055,0.070265935,0,-6.2569005,0.0022548776,0
0.5,0,26.374966,0.027497609,0,-6.247672,0.0022708748,0
0.5,0,26.379808,-0.016061333,0,-6.2384436,0.0022727299,0
0.5,0,26.387154,-0.059445326,0,-6.2292151,0.0022603868,0
0.5,0,26.396362,-0.10147205,0,-6.2199866,0.0022337511,0
0.5,0,26.40673,-0.14158977,0,-6.2107582,0.0021927194,0
0.5,0,26.417738,-0.18015711,0,-6.2015297,0.0021372815,0
0.5,0,26.429249,-0.21797283,0,-6.1923012,0.0020676145,0
0.5,0,26.441523,-0.25567862,0,-6.1830728,0.0019841083,0
0.5,0,26.455064,-0.2933841,0,-6.1738443,0.0018873182,0
0.5,0,26.470421,-0.33050194,0,-6.1646158,0.0017778758,0
0.5,0,26.487984,-0.36600358,0,-6.1553874,0.0016564235,0
0.5,0,26.507915,-0.39914591,0,-6.1461589,0.0015236143,0
0.5,0,26.530277,-0.42991053,0,-6.1369304,0.0013801495,0
0.5,0,26.555124,-0.45847561,0,-6.127702,0.0012268068,0
0.5,0,26.582357,-0.48443543,0,-6.1184735,0.0010644453,0
0.5,0,26.611483,-0.50711186,0,-6.109245,0.00089399514,0
0.5,0,26.641878,-0.52653597,0,-6.1000166,0.00071641287,0
0.5,0,26.67301,-0.54285356,0,-6.0907881,0.00053265702,0
0.5,0,26.703834,-0.55497139,0,-6.0815596,0.0003437832,0
0.5,0,26.729807,-0.55973334,0,-6.0723312,0.0001510394,0
0.5,0,26.693551,0.60901051,0,-5.6755071,9.0148497e-05,0
0.5,0,26.663079,0.61274696,0,-5.6662786,0.0003039244,0
0.5,0,26.624975,0.60494086,0,-5.6570501,0.00051578137,0
0.5,0,26.588225,0.59461609,0,-5.6478217,0.00072424592,0
0.5,0,26.553273,0.58056681,0,-5.6385932,0.00092811834,0
0.5,0,26.52023,0.56130412,0,-5.6293647,0.0011264715,0
0.5,0,26.489184,0.53813636,0,-5.6201363,0.0013183831,0
0.5,0,26.460191,0.51283413,0,-5.6109078,0.0015027554,0
0.5,0,26.433683,0.48559109,0,-5.6016793,0.0016784627,0
0.5,0,26.41012,0.4564648,0,-5.5924509,0.0018444359,0
0.5,0,26.38934,0.42585623,0,-5.5832224,0.0019996391,0
0.5,0,26.370761,0.39344562,0,-5.5739939,0.0021431423,0
0.5,0,26.354033,0.35841537,0,-5.5647655,0.0022742107,0
0.5,0,26.339204,0.32072493,0,-5.555537,0.0023922379,0
0.5,0,26.326472,0.2811506,0,-5.5463085,0.0024966206,0
0.5,0,26.316049,0.24025938,0,-5.5370801,0.002586758,0
0.5,0,26.308116,0.19808482,0,-5.5278516,0.0026621429,0
0.5,0,26.302684,0.15454315,0,-5.5186231,0.0027224127,0
0.5,0,26.299518,0.1096227,0,-5.5093947,0.0027673438,0
0.5,0,26.298292,0.063443604,0,-5.5001662,0.0027968152,0
0.5,0,26.298728,0.016546084,0,-5.4909377,0.0028107381,0
0.5,0,26.300664,-0.030057821,0,-5.4817093,0.0028089837,0
0.5,0,26.303933,-0.075417696,0,-5.4724808,0.0027913876,0
0.5,0,26.308326,-0.1192387,0,-5.4632523,0.0027578447,0
0.5,0,26.313778,-0.16193609,0,-5.4540239,0.0027084125,0
0.5,0,26.320436,-0.20421708,0,-5.4447954,0.0026433432,0
0.5,0,26.328645,-0.24652939,0,-5.4355669,0.0025630419,0
0.5,0,26.338833,-0.28866664,0,-5.4263385,0.0024679945,0
0.5,0,26.351362,-0.32985604,0,-5.41711,0.0023587155,0
0.5,0,26.366468,-0.3693051,0,-5.4078815,0.0022357447,0
0.5,0,26.384314,-0.40661729,0,-5.3986531,0.0020996865,0
0.5,0,26.405037,-0.44167803,0,-5.3894246,0.0019512495,0
0.5,0,26.42869,-0.47437444,0,-5.3801961,0.0017912356,0
0.5,0,26.455177,-0.50453226,0,-5.3709677,0.0016204831,0
0.5,0,26.484313,-0.53188125,0,-5.3617392,0.0014398421,0
0.5,0,26.515906,-0.5560058,0,-5.3525107,0.001250238,0
0.5,0,26.549799,-0.57671435,0,-5.3432823,0.0010527436,0
0.5,0,26.585953,-0.5946382,0,-5.3340538,0.00084852101,0
0.5,0,26.624501,-0.61000875,0,-5.3248253,0.00063868096,0
0.5,0,26.664181,-0.6210415,0,-5.3155969,0.00042434952,0
0.5,0,26.701024,-0.6246868,0,-5.3063684,0.0002067916,0
0.5,0,26.679549,0.62144163,0,-4.9095443,1.5145982e-05,0
0.5,0,26.654762,0.63055491,0,-4.9003159,0.00023555759,0
0.5,0,26.614869,0.62154052,0,-4.8910874,0.00045366086,0
0.5,0,26.57538,0.60919463,0,-4.8818589,0.00066819005,0
0.5,0,26.537562,0.59424672,0,-4.8726305,0.00087779004,0
0.5,0,26.5015,0.5740936,0,-4.863402,0.001081454,0
0.5,0,26.467572,0.54907523,0,-4.8541735,0.00127836,0
0.5,0,26.435701,0.52200138,0,-4.8449451,0.0014674608,0
0.5,0,26.405953,0.49350644,0,-4.8357166,0.001647603,0
0.5,0,26.378982,0.4630453,0,-4.8264881,0.0018177351,0
0.5,0,26.355128,0.43091323,0,-4.8172597,0.001976862,0
0.5,0,26.334011,0.39716768,0,-4.8080312,0.0021240507,0
0.5,0,26.315183,0.36087299,0,-4.7988027,0.0022585736,0
0.5,0,26.298631,0.32160415,0,-4.7895743,0.002379911,0
0.5,0,26.284601,0.28033549,0,-4.7803458,0.0024875713,0
0.5,0,26.273341,0.23823146,0,-4.7711173,0.0025810007,0
0.5,0,26.265074,0.19562278,0,-4.7618889,0.00265967,0
0.5,0,26.259868,0.15239503,0,-4.7526604,0.0027231735,0
0.5,0,26.257459,0.1084425,0,-4.7434319,0.0027712546,0
0.5,0,26.257348,0.063645295,0,-4.7342035,0.002803804,0
0.5,0,26.259033,0.018122979,0,-4.724975,0.0028208198,0
0.5,0,26.262227,-0.027397726,0,-4.7157465,0.0028223153,0
0.5,0,26.266795,-0.071899421,0,-4.7065181,0.002808258,0
0.5,0,26.272529,-0.11482312,0,-4.6972896,0.0027786206,0
0.5,0,26.279319,-0.15636333,0,-4.6880611,0.0027334981,0
0.5,0,26.287339,-0.19717299,0,-4.6788327,0.0026731819,0
0.5,0,26.297022,-0.23786453,0,-4.6696042,0.0025981451,0
0.5,0,26.308961,-0.2785165,0,-4.6603757,0.0025089623,0
0.5,0,26.32372,-0.31845363,0,-4.6511473,0.0024062233,0
0.5,0,26.341654,-0.3566205,0,-4.6419188,0.0022904931,0
0.5,0,26.362882,-0.39226203,0,-4.6326903,0.0021623391,0
0.5,0,26.387359,-0.42513093,0,-4.6234619,0.0020223891,0
0.5,0,26.414875,-0.45510627,0,-4.6142334,0.0018713646,0
0.5,0,26.444959,-0.48198226,0,-4.6050049,0.00171007,0
0.5,0,26.476928,-0.50573139,0,-4.5957765,0.00153937,0
0.5,0,26.51015,-0.52661854,0,-4.586548,0.0013602101,0
0.5,0,26.544303,-0.54489615,0,-4.5773195,0.001173681,0
0.5,0,26.579387,-0.56074006,0,-4.5680911,0.00098103598,0
0.5,0,26.615677,-0.57449829,0,-4.5588626,0.0007835723,0
0.5,0,26.653393,-0.58573707,0,-4.5496341,0.00058247957,0
0.5,0,26.691482,-0.59234638,0,-4.5404057,0.00037889586,0
0.5,0,26.725285,-0.59097168,0,-4.5311772,0.00017404275,0
0.5,0,26.68833,0.54567962,0,-4.1528101,1.5330885e-05,0
0.5,0,26.66645,0.55598682,0,-4.1435816,0.00020729922,0
0.5,0,26.627733,0.54831282,0,-4.1343531,0.00039713584,0
0.5,0,26.58776,0.53699774,0,-4.1251247,0.00058375758,0
0.5,0,26.548587,0.52322439,0,-4.1158962,0.00076597738,0
0.5,0,26.510993,0.50466754,0,-4.1066677,0.00094288121,0
0.5,0,26.476096,0.48154899,0,-4.0974393,0.0011136776,0
0.5,0,26.444563,0.45648773,0,-4.0882108,0.0012773191,0
0.5,0,26.417023,0.43003948,0,-4.0789823,0.0014326546,0
0.5,0,26.394312,0.40162326,0,-4.0697539,0.0015786773,0
0.5,0,26.376482,0.37161673,0,-4.0605254,0.0017144861,0
0.5,0,26.362441,0.34028943,0,-4.0512969,0.0018392496,0
0.5,0,26.350825,0.30680976,0,-4.0420685,0.0019523116,0
0.5,0,26.340765,0.27062193,0,-4.03284,0.0020531979,0
0.5,0,26.331878,0.23253888,0,-4.0236115,0.0021414615,0
0.5,0,26.324101,0.19369321,0,-4.0143831,0.0022166043,0
0.5,0,26.317733,0.15439066,0,-4.0051546,0.0022781686,0
0.5,0,26.313314,0.11438521,0,-3.9959261,0.0023258284,0
0.5,0,26.311294,0.073411615,0,-3.9866977,0.0023593951,0
0.5,0,26.311839,0.031262913,0,-3.9774692,0.0023787985,0
0.5,0,26.314928,-0.011893806,0,-3.9682407,0.0023840567,0
0.5,0,26.32032,-0.055088422,0,-3.9590123,0.0023752061,0
0.5,0,26.327417,-0.096941288,0,-3.9497838,0.0023522448,0
0.5,0,26.335475,-0.13666034,0,-3.9405553,0.0023151647,0
0.5,0,26.343956,-0.17450071,0,-3.9313269,0.0022640454,0
0.5,0,26.352825,-0.21131813,0,-3.9220984,0.0021991262,0
0.5,0,26.362585,-0.24781572,0,-3.9128699,0.0021208238,0
0.5,0,26.37408,-0.28407521,0,-3.9036415,0.0020297004,0
0.5,0,26.388214,-0.31951862,0,-3.894413,0.0019263907,0
0.5,0,26.4057,-0.3532261,0,-3.8851845,0.0018115341,0
0.5,0,26.426907,-0.3844515,0,-3.8759561,0.0016857768,0
0.5,0,26.451846,-0.41301793,0,-3.8667276,0.0015498293,0
0.5,0,26.480227,-0.43916136,0,-3.8574991,0.0014044879,0
0.5,0,26.511499,-0.46284085,0,-3.8482707,0.0012506013,0
0.5,0,26.544778,-0.48340109,0,-3.8390422,0.0010890637,0
0.5,0,26.579006,-0.50036151,0,-3.8298137,0.0009208614,0
0.5,0,26.613355,-0.51453955,0,-3.8205853,0.00074706576,0
0.5,0,26.648054,-0.52672768,0,-3.8113568,0.00056874899,0
0.5,0,26.682556,-0.5356507,0,-3.8021283,0.00038703756,0
0.5,0,26.71481,-0.53821176,0,-3.7928999,0.0002031589,0
0.5,0,26.732176,-0.52660101,0,-3.7836714,1.8490535e-05,0
0.5,0,26.716048,0.55072662,0,-3.4237612,1.1445343e-05,0
0.5,0,26.693085,0.56580901,0,-3.4145327,0.00020711096,0
0.5,0,26.653528,0.56426806,0,-3.4053042,0.00040239429,0
0.5,0,26.612281,0.55912502,0,-3.3960758,0.00059612737,0
0.5,0,26.571405,0.55107945,0,-3.3868473,0.00078701719,0
0.5,0,26.531606,0.53779686,0,-3.3776188,0.00097409016,0
0.5,0,26.493821,0.51966376,0,-3.3683904,0.0011565399,0
0.5,0,26.45868,0.49935929,0,-3.3591619,0.0013333404,0
0.5,0,26.427046,0.47736954,0,-3.3499334,0.0015033659,0
0.5,0,26.400248,0.45295412,0,-3.340705,0.001665601,0
0.5,0,26.378863,0.42639888,0,-3.3314765,0.0018190744,0
0.5,0,26.362037,0.39807675,0,-3.322248,0.001962816,0
0.5,0,26.348228,0.36740935,0,-3.3130196,0.0020959708,0
0.5,0,26.336023,0.3341128,0,-3.3037911,0.0022178198,0
0.5,0,26.324415,0.29905521,0,-3.2945626,0.0023276415,0
0.5,0,26.312871,0.26309053,0,-3.2853342,0.0024246647,0
0.5,0,26.301475,0.22606545,0,-3.2761057,0.0025081949,0
0.5,0,26.290847,0.18737623,0,-3.2668772,0.0025777289,0
0.5,0,26.2818,0.14665847,0,-3.2576488,0.0026329598,0
0.5,0,26.275117,0.10381108,0,-3.2484203,0.0026737329,0
0.5,0,26.271453,0.059129416,0,-3.2391918,0.0026999749,0
0.5,0,26.271132,0.013586893,0,-3.2299634,0.0027115859,0
0.5,0,26.273992,-0.031492318,0,-3.2207349,0.0027083708,0
0.5,0,26.279394,-0.075220471,0,-3.2115064,0.0026900903,0
0.5,0,26.286477,-0.11754773,0,-3.202278,0.0026565891,0
0.5,0,26.294559,-0.15902787,0,-3.1930495,0.0026078897,0
0.5,0,26.303299,-0.20030987,0,-3.183821,0.0025442013,0
0.5,0,26.312731,-0.24162252,0,-3.1745926,0.0024658606,0
0.5,0,26.323196,-0.28250694,0,-3.1653641,0.0023732558,0
0.5,0,26.335239,-0.32213284,0,-3.1561356,0.0022667891,0
0.5,0,26.349546,-0.3599571,0,-3.1469072,0.0021469038,0
0.5,0,26.36686,-0.39594015,0,-3.1376787,0.0020141444,0
0.5,0,26.387754,-0.4301117,0,-3.1284502,0.0018691863,0
0.5,0,26.412296,-0.46224243,0,-3.1192218,0.0017128011,0
0.5,0,26.439976,-0.49202222,0,-3.1099933,0.0015457997,0
0.5,0,26.470023,-0.51923118,0,-3.1007648,0.0013690299,0
0.5,0,26.501836,-0.54365978,0,-3.0915364,0.0011834429,0
0.5,0,26.535216,-0.56525513,0,-3.0823079,0.00099012949,0
0.5,0,26.570454,-0.58430815,0,-3.0730794,0.00079022667,0
0.5,0,26.607772,-0.60036318,0,-3.063851,0.0005848036,0
0.5,0,26.645979,-0.61136638,0,-3.0546225,0.00037494056,0
0.5,0,26.679329,-0.61382829,0,-3.045394,0.00016190075,0
0.5,0,26.631997,0.65208445,0,-2.6577984,5.0770778e-06,0
0.5,0,26.603095,0.66424328,0,-2.64857,0.00023757391,0
0.5,0,26.558532,0.6589241,0,-2.6393415,0.00046883639,0
0.5,0,26.514528,0.64990026,0,-2.630113,0.00069764639,0
0.5,0,26.472971,0.63793484,0,-2.6208846,0.00092255048,0
0.5,0,26.434142,0.62025304,0,-2.6116561,0.0011424337,0
0.5,0,26.398557,0.5971101,0,-2.6024276,0.0013563672,0
0.5,0,26.366306,0.57150011,0,-2.5931992,0.0015631868,0
0.5,0,26.33752,0.54428037,0,-2.5839707,0.0017616129,0
0.5,0,26.312638,0.51504436,0,-2.5747422,0.001950463,0
0.5,0,26.291419,0.48418705,0,-2.5655138,0.0021285931,0
0.5,0,26.272692,0.45176455,0,-2.5562853,0.0022949001,0
0.5,0,26.255296,0.41667589,0,-2.5470568,0.0024484903,0
0.5,0,26.238798,0.37826577,0,-2.5378284,0.0025887143,0
0.5,0,26.223338,0.33732242,0,-2.5285999,0.002714996,0
0.5,0,26.209314,0.29486556,0,-2.5193714,0.0028267277,0
0.5,0,26.19728,0.25112078,0,-2.510143,0.0029233289,0
0.5,0,26.187776,0.20596248,0,-2.5009145,0.0030043174,0
0.5,0,26.181095,0.15940185,0,-2.491686,0.0030693231,0
0.5,0,26.17726,0.11154461,0,-2.4824576,0.0031180951,0
0.5,0,26.176159,0.06277194,0,-2.4732291,0.0031504792,0
0.5,0,26.177532,0.013967515,0,-2.4640006,0.0031663367,0
0.5,0,26.181005,-0.033904376,0,-2.4547722,0.0031654888,0
0.5,0,26.186116,-0.080470009,0,-2.4455437,0.0031477664,0
0.5,0,26.192449,-0.12604244,0,-2.4363152,0.0031131231,0
0.5,0,26.199863,-0.1711823,0,-2.4270868,0.0030617132,0
0.5,0,26.208515,-0.2162596,0,-2.4178583,0.0029938876,0
0.5,0,26.218797,-0.26119362,0,-2.4086298,0.0029101134,0
0.5,0,26.231194,-0.30538762,0,-2.3994014,0.0028108721,0
0.5,0,26.246124,-0.34802212,0,-2.3901729,0.0026966171,0
0.5,0,26.263851,-0.38857417,0,-2.3809444,0.0025678266,0
0.5,0,26.284484,-0.42699627,0,-2.371716,0.0024250877,0
0.5,0,26.307967,-0.46331313,0,-2.3624875,0.0022691243,0
0.5,0,26.334022,-0.4972365,0,-2.353259,0.0021007678,0
0.5,0,26.362199,-0.52843976,0,-2.3440306,0.0019209326,0
0.5,0,26.392159,-0.55704275,0,-2.3348021,0.0017306201,0
0.5,0,26.423992,-0.58335336,0,-2.3255736,0.0015309352,0
0.5,0,26.458141,-0.60711107,0,-2.3163452,0.0013230959,0
0.5,0,26.494933,-0.62755688,0,-2.3071167,0.0011084029,0
0.5,0,26.534275,-0.64442669,0,-2.2978882,0.0008881269,0
0.5,0,26.575646,-0.65745396,0,-2.2886598,0.00066340279,0
0.5,0,26.617257,-0.66509505,0,-2.2794313,0.00043535452,0
0.5,0,26.654393,-0.66451342,0,-2.2702028,0.00020527251,0
0.5,0,26.633423,0.61273254,0,-1.8826072,2.4286739e-05,0
0.5,0,26.603182,0.61920136,0,-1.8733788,0.00023839902,0
0.5,0,26.55812,0.60674143,0,-1.8641503,0.00044981701,0
0.5,0,26.514161,0.59096225,0,-1.8549218,0.00065726553,0
0.5,0,26.472762,0.57288696,0,-1.8456934,0.00085939941,0
0.5,0,26.434356,0.55023477,0,-1.8364649,0.001055136,0
0.5,0,26.399731,0.52337422,0,-1.8272364,0.0012435071,0
0.5,0,26.369126,0.49488592,0,-1.818008,0.0014233016,0
0.5,0,26.342622,0.46513113,0,-1.8087795,0.0015932452,0
0.5,0,26.320445,0.43339917,0,-1.799551,0.0017522455,0
0.5,0,26.302147,0.39989171,0,-1.7903226,0.0018993479,0
0.5,0,26.286479,0.36457409,0,-1.7810941,0.0020337136,0
0.5,0,26.272356,0.3264066,0,-1.7718656,0.0021547263,0
0.5,0,26.25952,0.28491366,0,-1.7626372,0.0022619741,0
0.5,0,26.248311,0.24116866,0,-1.7534087,0.002355065,0
0.5,0,26.239271,0.19657285,0,-1.7441802,0.0024335349,0
0.5,0,26.232995,0.15168168,0,-1.7349518,0.0024969277,0
0.5,0,26.229934,0.10646797,0,-1.7257233,0.0025448798,0
0.5,0,26.230164,0.060800204,0,-1.7164948,0.0025771352,0
0.5,0,26.233363,0.014539367,0,-1.7072664,0.0025935486,0
0.5,0,26.239039,-0.032115003,0,-1.6980379,0.0025940751,0
0.5,0,26.24656,-0.078299827,0,-1.6888094,0.0025787185,0
0.5,0,26.25514,-0.12297687,0,-1.679581,0.0025474949,0
0.5,0,26.264099,-0.16579532,0,-1.6703525,0.0025004767,0
0.5,0,26.273162,-0.20728064,0,-1.661124,0.0024378785,0
0.5,0,26.282635,-0.24824661,0,-1.6518956,0.0023601066,0
0.5,0,26.29332,-0.28911457,0,-1.6426671,0.0022677458,0
0.5,0,26.306236,-0.32959518,0,-1.6334386,0.0021614949,0
0.5,0,26.322308,-0.36876697,0,-1.6242102,0.0020420761,0
0.5,0,26.342119,-0.40550663,0,-1.6149817,0.0019101817,0
0.5,0,26.365841,-0.43910274,0,-1.6057532,0.0017665068,0
0.5,0,26.393312,-0.46956604,0,-1.5965248,0.0016118259,0
0.5,0,26.424175,-0.49721825,0,-1.5872963,0.0014470252,0
0.5,0,26.457875,-0.52197167,0,-1.5780678,0.0012730845,0
0.5,0,26.493644,-0.54332255,0,-1.5688394,0.00109107,0
0.5,0,26.530649,-0.56130135,0,-1.5596109,0.00090213804,0
0.5,0,26.568648,-0.57662616,0,-1.5503824,0.00070749172,0
0.5,0,26.607474,-0.58913789,0,-1.541154,0.00050836686,0
0.5,0,26.646173,-0.59675813,0,-1.5319255,0.00030607478,0
0.5,0,26.67746,-0.59386716,0,-1.522697,0.00010215152,0
0.5,0,26.639955,0.59104512,0,-1.1535583,1.7034071e-06,0
0.5,0,26.610532,0.60388651,0,-1.1443299,0.00021075555,0
0.5,0,26.564343,0.59986869,0,-1.1351014,0.00041837079,0
0.5,0,26.515503,0.59154114,0,-1.1258729,0.00062341081,0
0.5,0,26.466256,0.58009683,0,-1.1166445,0.00082454843,0
0.5,0,26.417894,0.56317231,0,-1.107416,0.0010207718,0
0.5,0,26.371947,0.54098708,0,-1.0981875,0.0012112345,0
0.5,0,26.329407,0.51615817,0,-1.0889591,0.0013948673,0
0.5,0,26.291143,0.48940883,0,-1.0797306,0.0015704873,0
0.5,0,26.258033,0.46039296,0,-1.0705021,0.0017370064,0
0.5,0,26.229838,0.42962138,0,-1.0612737,0.0018933893,0
0.5,0,26.20483,0.39746455,0,-1.0520452,0.00203863,0
0.5,0,26.180792,0.36322353,0,-1.0428167,0.0021718661,0
0.5,0,26.156056,0.32637279,0,-1.0335883,0.0022924028,0
0.5,0,26.129749,0.28754858,0,-1.0243598,0.0023995847,0
0.5,0,26.101721,0.24759025,0,-1.0151313,0.0024927416,0
0.5,0,26.072467,0.20655636,0,-1.0059029,0.0025712867,0
0.5,0,26.042876,0.16409099,0,-0.99667441,0.0026348042,0
0.5,0,26.01384,0.11998071,0,-0.98744595,0.0026830376,0
0.5,0,25.98608,0.074217488,0,-0.97821748,0.0027158401,0
0.5,0,25.960148,0.027198078,0,-0.96898901,0.0027331131,0
0.5,0,25.936422,-0.020007156,0,-0.95976055,0.0027347276,0
0.5,0,25.914994,-0.066047435,0,-0.95053208,0.0027204934,0
0.5,0,25.895722,-0.11015356,0,-0.94130361,0.0026902287,0
0.5,0,25.878622,-0.15254102,0,-0.93207515,0.0026438787,0
0.5,0,25.864205,-0.19406207,0,-0.92284668,0.0025815902,0
0.5,0,25.853547,-0.23551813,0,-0.91361821,0.0025037134,0
0.5,0,25.848089,-0.2770729,0,-0.90438975,0.0024107495,0
0.5,0,25.849247,-0.31813353,0,-0.89516128,0.0023032732,0
0.5,0,25.858016,-0.35781078,0,-0.88593281,0.0021818747,0
0.5,0,25.874784,-0.39550245,0,-0.87670435,0.002047164,0
0.5,0,25.899356,-0.43104532,0,-0.86747588,0.0018998231,0
0.5,0,25.930896,-0.46445405,0,-0.85824741,0.0017406289,0
0.5,0,25.968098,-0.49560317,0,-0.84901895,0.0015704106,0
0.5,0,26.009521,-0.52408018,0,-0.83979048,0.0013900154,0
0.5,0,26.053879,-0.54938446,0,-0.83056201,0.0012003524,0
0.5,0,26.100291,-0.57151097,0,-0.82133354,0.0010024503,0
0.5,0,26.148574,-0.59104725,0,-0.81210508,0.00079740897,0
0.5,0,26.198664,-0.60767922,0,-0.80287661,0.00058631816,0
0.5,0,26.249257,-0.61933127,0,-0.79364814,0.00037031535,0
0.5,0,26.294108,-0.62204211,0,-0.78441968,0.0001507245,0
0.5,0,26.316772,0.66202594,0,-0.38759561,6.4246885e-05,0
0.5,0,26.287426,0.66745374,0,-0.37836714,0.00030170958,0
0.5,0,26.247897,0.66007236,0,-0.36913867,0.00053742074,0
0.5,0,26.209885,0.64980029,0,-0.35991021,0.0007699698,0
0.5,0,26.174423,0.63595652,0,-0.35068174,0.00099806386,0
0.5,0,26.141645,0.61657445,0,-0.34145327,0.0012207146,0
0.5,0,26.111785,0.59269861,0,-0.3322248,0.0014369839,0
0.5,0,26.084799,0.56674238,0,-0.32299634,0.0016457135,0
0.5,0,26.060735,0.53926102,0,-0.31376787,0.0018456916,0
0.5,0,26.039761,0.51018417,0,-0.3045394,0.0020357933,0
0.5,0,26.021571,0.47973931,0,-0.29531094,0.0022149486,0
0.5,0,26.005505,0.44740811,0,-0.28608247,0.0023821985,0
0.5,0,25.991123,0.41210786,0,-0.276854,0.0025368056,0
0.5,0,25.978461,0.37373086,0,-0.26762554,0.0026782057,0
0.5,0,25.967767,0.333335,0,-0.25839707,0.0028058616,0
0.5,0,25.959195,0.29187032,0,-0.2491686,0.002919226,0
0.5,0,25.952844,0.2495652,0,-0.23994014,0.003017805,0
0.5,0,25.948704,0.20633521,0,-0.23071167,0.0031011951,0
0.5,0,25.946629,0.16211119,0,-0.2214832,0.0031690854,0
0.5,0,25.946438,0.11697876,0,-0.21225474,0.003221262,0
0.5,0,25.948001,0.071450058,0,-0.20302627,0.0032575908,0
0.5,0,25.951168,0.026417762,0,-0.1937978,0.0032779746,0
0.5,0,25.955781,-0.017452691,0,-0.18456934,0.0032823473,0
0.5,0,25.961742,-0.060216787,0,-0.17534087,0.0032707309,0
0.5,0,25.969059,-0.10247061,0,-0.1661124,0.0032432993,0
0.5,0,25.977949,-0.14474965,0,-0.15688394,0.0032003969,0
0.5,0,25.988787,-0.18704004,0,-0.14765547,0.0031425039,0
0.5,0,26.002005,-0.22867496,0,-0.138427,0.0030701678,0
0.5,0,26.017988,-0.26866226,0,-0.12919854,0.0029839432,0
0.5,0,26.037016,-0.30624701,0,-0.11997007,0.0028843826,0
0.5,0,26.059286,-0.34121474,0,-0.1107416,0.0027720872,0
0.5,0,26.084907,-0.37362692,0,-0.10151313,0.0026477659,0
0.5,0,26.113841,-0.40334754,0,-0.092284668,0.0025122568,0
0.5,0,26.145862,-0.42998212,0,-0.083056201,0.0023665199,0
0.5,0,26.180692,-0.45326989,0,-0.073827734,0.0022116369,0
0.5,0,26.218288,-0.47332306,0,-0.064599268,0.0020488314,0
0.5,0,26.259077,-0.49028985,0,-0.055370801,0.0018794888,0
0.5,0,26.303921,-0.50376859,0,-0.046142334,0.0017051732,0
0.5,0,26.353976,-0.51253325,0,-0.036913867,0.0015276703,0
0.5,0,26.410624,-0.51446692,0,-0.0276854,0.0013491411,0
0.5,0,26.475589,-0.50528349,0,-0.018456934,0.0011725819,0
0.5,0,26.549639,-0.47320586,0,-0.0092284668,0.001003309,0
0.5,0,26.621106,-0.40176592,0,-2.5804012e-15,0.00085313337,0
0.5,0,26.709316,-0.19829333,0,0.092284668,-2.6278023e-05,0
0.5,0,26.715342,-0.20159827,0,0.08906008,-2.5804012e-15,0
0.5,0,26.689628,-0.19906847,0,0.10151313,-0.00010017424,0
0.5,0,26.677866,-0.20382581,0,0.1107416,-0.00017308066,0
0.5,0,26.671645,-0.20457518,0,0.11997007,-0.00024517435,0
0.5,0,26.66589,-0.20410876,0,0.12919854,-0.00031653846,0
0.5,0,26.660241,-0.2025471,0,0.138427,-0.00038729219,0
0.5,0,26.655838,-0.19966897,0,0.14765547,-0.00045767436,0
0.5,0,26.653691,-0.19628237,0,0.15688394,-0.00052786235,0
0.5,0,26.654026,-0.19350639,0,0.1661124,-0.00059785479,0
0.5,0,26.656108,-0.19176236,0,0.17534087,-0.00066753913,0
0.5,0,26.658722,-0.19094834,0,0.18456934,-0.00073678507,0
0.5,0,26.660954,-0.19074906,0,0.1937978,-0.00080548733,0
0.5,0,26.66255,-0.19064979,0,0.20302627,-0.00087360064,0
0.5,0,26.663754,-0.19015728,0,0.21225474,-0.0009411571,0
0.5,0,26.664988,-0.18914865,0,0.2214832,-0.0010082293,0
0.5,0,26.666617,-0.18785638,0,0.23071167,-0.0010748709,0
0.5,0,26.66886,-0.18652744,0,0.23994014,-0.0011410953,0
0.5,0,26.671809,-0.18520013,0,0.2491686,-0.0012068962,0
0.5,0,26.675488,-0.18376656,0,0.25839707,-0.0012722733,0
0.5,0,26.679887,-0.18215041,0,0.26762554,-0.0013372358,0
0.5,0,26.684934,-0.18043876,0,0.276854,-0.001401785,0
0.5,0,26.69045,-0.17889219,0,0.28608247,-0.0014658877,0
0.5,0,26.696177,-0.17779887,0,0.29531094,-0.0015294614,0
0.5,0,26.701874,-0.1772499,0,0.3045394,-0.0015923907,0
0.5,0,26.707333,-0.17699318,0,0.31376787,-0.0016545809,0
0.5,0,26.712568,-0.17650194,0,0.32299634,-0.0017160044,0
0.5,0,26.717854,-0.17522819,0,0.3322248,-0.0017767083,0
0.5,0,26.723462,-0.17291649,0,0.34145327,-0.0018367893,0
0.5,0,26.729559,-0.16975258,0,0.35068174,-0.0018963369,0
0.5,0,26.736077,-0.16621775,0,0.35991021,-0.0019553777,0
0.5,0,26.7426,-0.16283127,0,0.36913867,-0.0020138553,0
0.5,0,26.74845,-0.15995482,0,0.37836714,-0.0020716454,0
0.5,0,26.752951,-0.15771007,0,0.38759561,-0.0021285901,0
0.5,0,26.755743,-0.15598801,0,0.39682407,-0.0021845362,0
0.5,0,26.756959,-0.1544949,0,0.40605254,-0.0022393674,0
0.5,0,26.757141,-0.15281878,0,0.41528101,-0.0022930261,0
0.5,0,26.756962,-0.15054739,0,0.42450947,-0.0023455202,0
0.5,0,26.756894,-0.14743243,0,0.43373794,-0.0023969048,0
0.5,0,26.757016,-0.14351417,0,0.44296641,-0.0024472431,0
0.5,0,26.757242,-0.1390972,0,0.45219487,-0.0024965628,0
0.5,0,26.757329,-0.13458381,0,0.46142334,-0.0025448301,0
0.5,0,26.757193,-0.13027953,0,0.47065181,-0.0025919543,0
0.5,0,26.757119,-0.12628192,0,0.47988027,-0.0026378165,0
0.5,0,26.75745,-0.12251659,0,0.48910874,-0.0026822997,0
0.5,0,26.758556,-0.118866,0,0.49833721,-0.002725306,0
0.5,0,26.760661,-0.11527054,0,0.50756567,-0.0027667541,0
0.5,0,26.76374,-0.11173534,0,0.51679414,-0.0028065714,0
0.5,0,26.767544,-0.10825881,0,0.52602261,-0.002844692,0
0.5,0,26.77166,-0.10475325,0,0.53525107,-0.0028810662,0
0.5,0,26.775606,-0.10103279,0,0.54447954,-0.0029156747,0
0.5,0,26.778946,-0.096892105,0,0.55370801,-0.0029485341,0
0.5,0,26.781376,-0.092221264,0,0.56293647,-0.0029796888,0
0.5,0,26.782786,-0.087074774,0,0.57216494,-0.0030091895,0
0.5,0,26.783343,-0.081656407,0,0.58139341,-0.00303707,0
0.5,0,26.783438,-0.076236366,0,0.59062188,-0.0030633324,0
0.5,0,26.783493,-0.071044121,0,0.59985034,-0.003087947,0
0.5,0,26.784061,-0.066195106,0,0.60907881,-0.0031108648,0
0.5,0,26.785483,-0.061663765,0,0.61830728,-0.0031320378,0
0.5,0,26.787743,-0.057301568,0,0.62753574,-0.0031514366,0
0.5,0,26.790696,-0.052901391,0,0.63676421,-0.0031690635,0
0.5,0,26.794008,-0.048276891,0,0.64599268,-0.0031849539,0
0.5,0,26.797273,-0.043333035,0,0.65522114,-0.0031991676,0
0.5,0,26.800133,-0.038105172,0,0.66444961,-0.003211772,0
0.5,0,26.802372,-0.032751552,0,0.67367808,-0.0032228238,0
0.5,0,26.803969,-0.02750287,0,0.68290654,-0.0032323559,0
0.5,0,26.805091,-0.022589001,0,0.69213501,-0.0032403727,0
0.5,0,26.806025,-0.018169618,0,0.70136348,-0.0032468563,0
0.5,0,26.80707,-0.014291135,0,0.71059194,-0.0032517793,0
0.5,0,26.808426,-0.010880699,0,0.71982041,-0.0032551217,0
0.5,0,26.810119,-0.0077742831,0,0.72904888,-0.0032568845,0
0.5,0,26.811995,-0.0047655372,0,0.73827734,-0.0032570985,0
0.5,0,26.81379,-0.0016586933,0,0.74750581,-0.0032558249,0
0.5,0,26.815262,0.0016860748,0,0.75673428,-0.0032531494,0
0.5,0,26.816299,0.0053208064,0,0.76596274,-0.0032491703,0
0.5,0,26.817002,0.0091963965,0,0.77519121,-0.0032439851,0
0.5,0,26.817662,0.013170923,0,0.78441968,-0.0032376756,0
0.5,0,26.818682,0.017041056,0,0.79364814,-0.0032302978,0
0.5,0,26.820435,0.020592664,0,0.80287661,-0.0032218776,0
0.5,0,26.823149,0.023658404,0,0.81210508,-0.0032124148,0
0.5,0,26.826853,0.026166215,0,0.82133354,-0.0032018958,0
0.5,0,26.831398,0.028162574,0,0.83056201,-0.0031903093,0
0.5,0,26.836531,0.029801036,0,0.83979048,-0.0031776632,0
0.5,0,26.841981,0.031299391,0,0.84901895,-0.0031639949,0
0.5,0,26.847504,0.032880244,0,0.85824741,-0.0031493748,0
0.5,0,26.852904,0.034714602,0,0.86747588,-0.0031339005,0
0.5,0,26.858005,0.036884583,0,0.87670435,-0.0031176847,0
0.5,0,26.862627,0.039372471,0,0.88593281,-0.0031008416,0
0.5,0,26.866576,0.042073849,0,0.89516128,-0.003083473,0
0.5,0,26.869664,0.04482614,0,0.90438975,-0.0030656589,0
0.5,0,26.871751,0.047443017,0,0.91361821,-0.0030474527,0
0.5,0,26.872788,0.049747966,0,0.92284668,-0.0030288807,0
0.5,0,26.872846,0.051603683,0,0.93207515,-0.0030099455,0
0.5,0,26.87212,0.052935805,0,0.94130361,-0.0029906329,0
0.5,0,26.870906,0.053748782,0,0.95053208,-0.0029709212,0
0.5,0,26.869559,0.054129505,0,0.95976055,-0.002950791,0
0.5,0,26.868437,0.054233152,0,0.96898901,-0.0029302351,0
0.5,0,26.867852,0.054248781,0,0.97821748,-0.0029092643,0
0.5,0,26.868025,0.054349927,0,0.98744595,-0.0028879084,0
0.5,0,26.869067,0.054644896,0,0.99667441,-0.0028662102,0
0.5,0,26.870966,0.055146654,0,1.0059029,-0.0028442155,0
0.5,0,26.873598,0.05577781,0,1.0151313,-0.0028219623,0
0.5,0,26.876757,0.056411935,0,1.0243598,-0.002799474,0
0.5,0,26.880198,0.056935433,0,1.0335883,-0.00277676,0
0.5,0,26.883683,0.057303573,0,1.0428167,-0.0027538236,0
0.5,0,26.887021,0.05756578,0,1.0520452,-0.0027306741,0
0.5,0,26.890093,0.057848351,0,1.0612737,-0.0027073371,0
0.5,0,26.892848,0.058301633,0,1.0705021,-0.0026838576,0
0.5,0,26.895289,0.05903445,0,1.0797306,-0.0026602931,0
0.5,0,26.897439,0.060063792,0,1.0889591,-0.0026366989,0
0.5,0,26.899305,0.061300523,0,1.0981875,-0.0026131098,0
0.5,0,26.900861,0.062575955,0,1.107416,-0.0025895253,0
0.5,0,26.902047,0.063697749,0,1.1166445,-0.0025659032,0
0.5,0,26.902789,0.064514259,0,1.1258729,-0.0025421655,0
0.5,0,26.903028,0.06496598,0,1.1351014,-0.002518214,0
0.5,0,26.902746,0.065108641,0,1.1443299,-0.0024939516,0
0.5,0,26.901986,0.065101938,0,1.1535583,-0.002469304,0
0.5,0,26.90086,0.065168514,0,1.1627868,-0.0024442349,0
0.5,0,26.899535,0.065535794,0,1.1720153,-0.002418751,0
0.5,0,26.898219,0.066376828,0,1.1812437,-0.0023928955,0
0.5,0,26.897135,0.06776456,0,1.1904722,-0.0023667323,0
0.5,0,26.896492,0.069649943,0,1.1997007,-0.0023403239,0
0.5,0,26.89648,0.071870665,0,1.2089292,-0.0023137111,0
0.5,0,26.897246,0.074190041,0,1.2181576,-0.0022868977,0
0.5,0,26.898875,0.076356989,0,1.2273861,-0.0022598466,0
0.5,0,26.901378,0.078171445,0,1.2366146,-0.0022324864,0
0.5,0,26.904702,0.079535614,0,1.245843,-0.0022047264,0
0.5,0,26.908754,0.08047581,0,1.2550715,-0.0021764763,0
0.5,0,26.913412,0.081129735,0,1.2643,-0.002147664,0
0.5,0,26.918537,0.081703365,0,1.2735284,-0.0021182479,0
0.5,0,26.923978,0.082410217,0,1.2827569,-0.0020882212,0
0.5,0,26.929571,0.083412241,0,1.2919854,-0.0020576076,0
0.5,0,26.935131,0.084780725,0,1.3012138,-0.002026452,0
0.5,0,26.940462,0.08648719,0,1.3104423,-0.0019948082,0
0.5,0,26.945361,0.088423558,0,1.3196708,-0.0019627273,0
0.5,0,26.949639,0.090442105,0,1.3288992,-0.00193025,0
0.5,0,26.953145,0.092400912,0,1.3381277,-0.001897403,0
0.5,0,26.955795,0.094200228,0,1.3473562,-0.0018641994,0
0.5,0,26.957583,0.095799467,0,1.3565846,-0.0018306429,0
0.5,0,26.958583,0.097212127,0,1.3658131,-0.0017967334,0
0.5,0,26.958922,0.098483861,0,1.3750416,-0.0017624714,0
0.5,0,26.958745,0.099664189,0,1.38427,-0.0017278613,0
0.5,0,26.958175,0.10078317,0,1.3934985,-0.0016929121,0
0.5,0,26.957271,0.10184117,0,1.402727,-0.0016576365,0
0.5,0,26.956021,0.10281382,0,1.4119554,-0.0016220498,0
0.5,0,26.954336,0.10366813,0,1.4211839,-0.0015861696,0
0.5,0,26.952087,0.10438083,0,1.4304124,-0.0015500162,0
0.5,0,26.949136,0.10494968,0,1.4396408,-0.001513614,0
0.5,0,26.945381,0.10539296,0,1.4488693,-0.0014769919,0
0.5,0,26.940796,0.10573916,0,1.4580978,-0.0014401827,0
0.5,0,26.935445,0.10601445,0,1.4673262,-0.0014032219,0
0.5,0,26.929495,0.10623636,0,1.4765547,-0.0013661458,0
0.5,0,26.923202,0.10641634,0,1.4857832,-0.0013289903,0
0.5,0,26.916884,0.10656764,0,1.4950116,-0.0012917912,0
0.5,0,26.910888,0.10670975,0,1.5042401,-0.0012545857,0
0.5,0,26.905544,0.1068614,0,1.5134686,-0.0012174139,0
0.5,0,26.901147,0.10703218,0,1.522697,-0.0011803205,0
0.5,0,26.897885,0.10721818,0,1.5319255,-0.0011433524,0
0.5,0,26.895922,0.10738666,0,1.541154,-0.0011065527,0
0.5,0,26.895314,0.1074606,0,1.5503824,-0.0010699562,0
0.5,0,26.89596,0.10735084,0,1.5596109,-0.0010335865,0
0.5,0,26.897786,0.10699857,0,1.5688394,-0.00099745122,0
0.5,0,26.900652,0.10637317,0,1.5780678,-0.00096154686,0
0.5,0,26.904376,0.10547854,0,1.5872963,-0.00092586986,0
0.5,0,26.908792,0.10437449,0,1.5965248,-0.00089042579,0
0.5,0,26.91373,0.10317032,0,1.6057532,-0.00085523565,0
0.5,0,26.919055,0.10199536,0,1.6149817,-0.00082033689,0
0.5,0,26.924652,0.10096183,0,1.6242102,-0.00078577768,0
0.5,0,26.930432,0.10012826,0,1.6334386,-0.00075160779,0
0.5,0,26.93633,0.099480115,0,1.6426671,-0.00071786957,0
0.5,0,26.94226,0.098939429,0,1.6518956,-0.00068459143,0
0.5,0,26.948109,0.098396943,0,1.661124,-0.00065178487,0
0.5,0,26.953754,0.097747748,0,1.6703525,-0.00061944542,0
0.5,0,26.959071,0.096913127,0,1.679581,-0.00058755702,0
0.5,0,26.963911,0.095846062,0,1.6888094,-0.00055609877,0
0.5,0,26.968109,0.09453208,0,1.6980379,-0.0005250513,0
0.5,0,26.971518,0.092995734,0,1.7072664,-0.00049439958,0
0.5,0,26.974037,0.091306758,0,1.7164948,-0.00046413087,0
0.5,0,26.97564,0.089570287,0,1.7257233,-0.0004342297,0
0.5,0,26.976362,0.087897323,0,1.7349518,-0.00040467445,0
0.5,0,26.976329,0.086371868,0,1.7441802,-0.00037543888,0
0.5,0,26.975684,0.085032158,0,1.7534087,-0.00034649831,0
0.5,0,26.974659,0.083874403,0,1.7626372,-0.00031783697,0
0.5,0,26.973451,0.082876541,0,1.7718656,-0.00028945161,0
0.5,0,26.972273,0.082028977,0,1.7810941,-0.00026134846,0
0.5,0,26.971402,0.081347419,0,1.7903226,-0.00023353404,0
0.5,0,26.971017,0.080826406,0,1.799551,-0.00020600739,0
0.5,0,26.971285,0.08038168,0,1.8087795,-0.00017876168,0
0.5,0,26.972379,0.07993293,0,1.818008,-0.00015178804,0
0.5,0,26.974547,0.0795505,0,1.8272364,-0.00012505971,0
0.5,0,26.978216,0.079203748,0,1.8364649,-9.8510824e-05,0
0.5,0,26.984498,0.078219202,0,1.8456934,-7.2069646e-05,0
0.5,0,26.996376,0.074934099,0,1.8549218,-4.5703888e-05,0
0.5,0,27.020055,0.067817363,0,1.8641503,-1.943288e-05,0
0.5,0,27.044867,0.067866468,0,1.8709438,-2.5804012e-15,0
0.5,0,27.714655,-0.10174822,0,3.7836714,-2.1978003e-05,0
0.5,0,27.726845,-0.10291465,0,3.7779813,-2.5804012e-15,0
0.5,0,27.701024,-0.10579819,0,3.7928999,-5.7444704e-05,0
0.5,0,27.695993,-0.10835234,0,3.8021283,-9.2713536e-05,0
0.5,0,27.694547,-0.10952019,0,3.8113568,-0.00012782273,0
0.5,0,27.69403,-0.11022214,0,3.8205853,-0.00016269537,0
0.5,0,27.693832,-0.11025418,0,3.8298137,-0.00019735422,0
0.5,0,27.694056,-0.10969682,0,3.8390422,-0.00023188622,0
0.5,0,27.695067,-0.10932546,0,3.8482707,-0.00026629154,0
0.5,0,27.697001,-0.10958792,0,3.8574991,-0.00030047778,0
0.5,0,27.699303,-0.11029561,0,3.8667276,-0.00033435352,0
0.5,0,27.700949,-0.11106082,0,3.8759561,-0.00036787924,0
0.5,0,27.701067,-0.11148899,0,3.8851845,-0.00040107492,0
0.5,0,27.699321,-0.11120967,0,3.894413,-0.0004340232,0
0.5,0,27.6959,-0.11011641,0,3.9036415,-0.00046684571,0
0.5,0,27.691301,-0.10854853,0,3.9128699,-0.00049964049,0
0.5,0,27.686067,-0.10707618,0,3.9220984,-0.00053242895,0
0.5,0,27.680548,-0.10609243,0,3.9313269,-0.00056515923,0
0.5,0,27.67477,-0.10562094,0,3.9405553,-0.00059775369,0
0.5,0,27.668522,-0.10541718,0,3.9497838,-0.00063015661,0
0.5,0,27.661612,-0.10517835,0,3.9590123,-0.00066235575,0
0.5,0,27.654075,-0.10472554,0,3.9682407,-0.00069437533,0
0.5,0,27.646171,-0.10410133,0,3.9774692,-0.00072624876,0
0.5,0,27.638245,-0.10352299,0,3.9866977,-0.00075798881,0
0.5,0,27.630593,-0.10319957,0,3.9959261,-0.00078957776,0
0.5,0,27.623409,-0.10315224,0,4.0051546,-0.0008209863,0
0.5,0,27.616796,-0.10318788,0,4.0143831,-0.00085220532,0
0.5,0,27.610761,-0.10303598,0,4.0236115,-0.00088326544,0
0.5,0,27.605227,-0.1025296,0,4.03284,-0.00091423033,0
0.5,0,27.600071,-0.10170351,0,4.0420685,-0.00094516973,0
0.5,0,27.595195,-0.10075966,0,4.0512969,-0.00097613015,0
0.5,0,27.590563,-0.099939486,0,4.0605254,-0.0010071201,0
0.5,0,27.586182,-0.099396052,0,4.0697539,-0.0010381152,0
0.5,0,27.582026,-0.099145049,0,4.0789823,-0.0010690768,0
0.5,0,27.577968,-0.099100332,0,4.0882108,-0.0010999699,0
0.5,0,27.573811,-0.099136598,0,4.0974393,-0.0011307736,0
0.5,0,27.569404,-0.09913082,0,4.1066677,-0.001161485,0
0.5,0,27.564792,-0.098988921,0,4.1158962,-0.0011921167,0
0.5,0,27.56029,-0.098683634,0,4.1251247,-0.0012226901,0
0.5,0,27.556388,-0.098290186,0,4.1343531,-0.0012532214,0
0.5,0,27.553518,-0.097970709,0,4.1435816,-0.0012837082,0
0.5,0,27.55181,-0.09788564,0,4.1528101,-0.0013141245,0
0.5,0,27.550983,-0.098079719,0,4.1620385,-0.001344433,0
0.5,0,27.550451,-0.09842764,0,4.171267,-0.0013746078,0
0.5,0,27.549589,-0.098688337,0,4.1804955,-0.0014046551,0
0.5,0,27.548032,-0.098637549,0,4.1897239,-0.0014346161,0
0.5,0,27.545823,-0.098191889,0,4.1989524,-0.001464551,0
0.5,0,27.543379,-0.097445665,0,4.2081809,-0.0014945111,0
0.5,0,27.541306,-0.096602991,0,4.2174093,-0.0015245174,0
0.5,0,27.540171,-0.095855853,0,4.2266378,-0.0015545549,0
0.5,0,27.540326,-0.095287897,0,4.2358663,-0.0015845849,0
0.5,0,27.541832,-0.094858332,0,4.2450947,-0.0016145656,0
0.5,0,27.544454,-0.094462397,0,4.2543232,-0.0016444675,0
0.5,0,27.547716,-0.094017042,0,4.2635517,-0.0016742769,0
0.5,0,27.55099,-0.093513598,0,4.2727801,-0.0017039882,0
0.5,0,27.553614,-0.093011055,0,4.2820086,-0.0017335938,0
0.5,0,27.555026,-0.092585587,0,4.2912371,-0.0017630769,0
0.5,0,27.554895,-0.092274916,0,4.3004655,-0.0017924139,0
0.5,0,27.553203,-0.092050146,0,4.309694,-0.0018215812,0
0.5,0,27.55025,-0.091824637,0,4.3189225,-0.0018505648,0
0.5,0,27.546585,-0.091488769,0,4.3281509,-0.0018793659,0
0.5,0,27.542864,-0.090951818,0,4.3373794,-0.001908001,0
0.5,0,27.539691,-0.090175027,0,4.3466079,-0.0019364976,0
0.5,0,27.537475,-0.08918593,0,4.3558363,-0.0019648838,0
0.5,0,27.536354,-0.088069866,0,4.3650648,-0.0019931795,0
0.5,0,27.536192,-0.08694189,0,4.3742933,-0.0020213887,0
0.5,0,27.53664,-0.085910304,0,4.3835217,-0.0020494972,0
0.5,0,27.537242,-0.08504701,0,4.3927502,-0.0020774754,0
0.5,0,27.537551,-0.084375407,0,4.4019787,-0.0021052852,0
0.5,0,27.537232,-0.083876005,0,4.4112071,-0.0021328872,0
0.5,0,27.536117,-0.083501084,0,4.4204356,-0.0021602478,0
0.5,0,27.534235,-0.083188302,0,4.4296641,-0.0021873444,0
0.5,0,27.531791,-0.082868758,0,4.4388925,-0.0022141693,0
0.5,0,27.529133,-0.082471839,0,4.448121,-0.0022407307,0
0.5,0,27.526683,-0.081932321,0,4.4573495,-0.002267052,0
0.5,0,27.52484,-0.081202838,0,4.4665779,-0.0022931678,0
0.5,0,27.52389,-0.080269445,0,4.4758064,-0.0023191161,0
0.5,0,27.52393,-0.079163118,0,4.4850349,-0.0023449293,0
0.5,0,27.524853,-0.077959066,0,4.4942633,-0.0023706236,0
0.5,0,27.52639,-0.076759467,0,4.5034918,-0.0023961923,0
0.5,0,27.528205,-0.075662568,0,4.5127203,-0.0024216047,0
0.5,0,27.530017,-0.074728423,0,4.5219487,-0.0024468105,0
0.5,0,27.531683,-0.073955186,0,4.5311772,-0.002471751,0
0.5,0,27.533227,-0.07327705,0,4.5404057,-0.002496371,0
0.5,0,27.534778,-0.072586484,0,4.5496341,-0.0025206298,0
0.5,0,27.536459,-0.071772341,0,4.5588626,-0.0025445056,0
0.5,0,27.53828,-0.070757531,0,4.5680911,-0.002567995,0
0.5,0,27.540082,-0.069521698,0,4.5773195,-0.0025911057,0
0.5,0,27.541559,-0.06810185,0,4.586548,-0.0026138471,0
0.5,0,27.54236,-0.066572615,0,4.5957765,-0.0026362226,0
0.5,0,27.54221,-0.065015204,0,4.6050049,-0.0026582251,0
0.5,0,27.541009,-0.06348846,0,4.6142334,-0.0026798373,0
0.5,0,27.538876,-0.062013789,0,4.6234619,-0.0027010355,0
0.5,0,27.53611,-0.060578424,0,4.6326903,-0.002721794,0
0.5,0,27.533104,-0.059152141,0,4.6419188,-0.0027420884,0
0.5,0,27.530238,-0.057707229,0,4.6511473,-0.0027618972,0
0.5,0,27.527789,-0.056231869,0,4.6603757,-0.0027812017,0
0.5,0,27.525905,-0.054731424,0,4.6696042,-0.0027999863,0
0.5,0,27.524594,-0.05321905,0,4.6788327,-0.0028182382,0
0.5,0,27.52376,-0.051702989,0,4.6880611,-0.0028359489,0
0.5,0,27.523242,-0.050178999,0,4.6972896,-0.0028531169,0
0.5,0,27.522853,-0.048632303,0,4.7065181,-0.0028697479,0
0.5,0,27.522397,-0.047046377,0,4.7157465,-0.0028858544,0
0.5,0,27.521632,-0.045410098,0,4.724975,-0.0029014522,0
0.5,0,27.520457,-0.043719928,0,4.7342035,-0.0029165551,0
0.5,0,27.519204,-0.04199224,0,4.7434319,-0.0029311703,0
0.5,0,27.51799,-0.040250535,0,4.7526604,-0.0029452954,0
0.5,0,27.516726,-0.038500041,0,4.7618889,-0.0029589175,0
0.5,0,27.515558,-0.036725159,0,4.7711173,-0.0029720165,0
0.5,0,27.514627,-0.034893574,0,4.7803458,-0.0029845695,0
0.5,0,27.514051,-0.032970193,0,4.7895743,-0.002996555,0
0.5,0,27.513881,-0.030934513,0,4.7988027,-0.0030079562,0
0.5,0,27.514093,-0.028796515,0,4.8080312,-0.0030187606,0
0.5,0,27.514583,-0.026602695,0,4.8172597,-0.0030289572,0
0.5,0,27.515198,-0.024426867,0,4.8264881,-0.003038533,0
0.5,0,27.515786,-0.022347737,0,4.8357166,-0.0030474699,0
0.5,0,27.516243,-0.020421547,0,4.8449451,-0.0030557439,0
0.5,0,27.516537,-0.018659811,0,4.8541735,-0.0030633275,0
0.5,0,27.51671,-0.017020819,0,4.863402,-0.0030701938,0
0.5,0,27.516841,-0.015419106,0,4.8726305,-0.0030763214,0
0.5,0,27.517009,-0.013749091,0,4.8818589,-0.0030816979,0
0.5,0,27.517252,-0.011913445,0,4.8910874,-0.0030863204,0
0.5,0,27.517546,-0.0098475158,0,4.9003159,-0.003090193,0
0.5,0,27.517802,-0.0075335482,0,4.9095443,-0.0030933217,0
0.5,0,27.517893,-0.0050013612,0,4.9187728,-0.0030957086,0
0.5,0,27.5177,-0.002317026,0,4.9280013,-0.0030973478,0
0.5,0,27.517146,0.00043480605,0,4.9372297,-0.0030982244,0
0.5,0,27.516217,0.0031690167,0,4.9464582,-0.003098315,0
0.5,0,27.514968,0.0058154526,0,4.9556867,-0.0030975921,0
0.5,0,27.513516,0.0083304594,0,4.9649151,-0.0030960271,0
0.5,0,27.512015,0.010702988,0,4.9741436,-0.0030935934,0
0.5,0,27.510639,0.012954698,0,4.9833721,-0.0030902673,0
0.5,0,27.509559,0.015135088,0,4.9926005,-0.0030860284,0
0.5,0,27.50892,0.017312136,0,5.001829,-0.0030808586,0
0.5,0,27.508835,0.019559681,0,5.0110575,-0.003074742,0
0.5,0,27.509361,0.021943909,0,5.0202859,-0.0030676658,0
0.5,0,27.510498,0.024511186,0,5.0295144,-0.0030596209,0
0.5,0,27.512182,0.027279032,0,5.0387429,-0.0030506034,0
0.5,0,27.514293,0.030231756,0,5.0479713,-0.0030406135,0
0.5,0,27.516673,0.033320639,0,5.0571998,-0.0030296521,0
0.5,0,27.519153,0.036474205,0,5.0664283,-0.0030177166,0
0.5,0,27.521578,0.03961079,0,5.0756567,-0.003004795,0
0.5,0,27.523831,0.042654746,0,5.0848852,-0.0029908624,0
0.5,0,27.525843,0.045554636,0,5.0941137,-0.002975883,0
0.5,0,27.527577,0.048293301,0,5.1033421,-0.0029598153,0
0.5,0,27.529011,0.050893388,0,5.1125706,-0.0029426214,0
0.5,0,27.530107,0.053413596,0,5.1217991,-0.0029242753,0
0.5,0,27.530798,0.055935686,0,5.1310275,-0.0029047694,0
0.5,0,27.530993,0.058545065,0,5.140256,-0.0028841155,0
0.5,0,27.530604,0.061309195,0,5.1494845,-0.0028623408,0
0.5,0,27.529587,0.064259607,0,5.1587129,-0.0028394793,0
0.5,0,27.527981,0.067382994,0,5.1679414,-0.0028155634,0
0.5,0,27.525934,0.070624413,0,5.1771699,-0.0027906155,0
0.5,0,27.523696,0.073903245,0,5.1863983,-0.0027646452,0
0.5,0,27.521575,0.07713822,0,5.1956268,-0.0027376497,0
0.5,0,27.519882,0.080273872,0,5.2048553,-0.0027096183,0
0.5,0,27.518863,0.083296628,0,5.2140837,-0.0026805376,0
0.5,0,27.51865,0.086232182,0,5.2233122,-0.0026503968,0
0.5,0,27.519236,0.089128608,0,5.2325407,-0.0026191922,0
0.5,0,27.520491,0.092035062,0,5.2417691,-0.0025869277,0
0.5,0,27.522187,0.094983896,0,5.2509976,-0.0025536137,0
0.5,0,27.524041,0.097979976,0,5.2602261,-0.0025192627,0
0.5,0,27.525786,0.10099808,0,5.2694545,-0.0024838854,0
0.5,0,27.527225,0.10398902,0,5.278683,-0.0024474882,0
0.5,0,27.528229,0.10689466,0,5.2879115,-0.0024100744,0
0.5,0,27.528728,0.1096687,0,5.2971399,-0.002371647,0
0.5,0,27.528713,0.11229594,0,5.3063684,-0.0023322122,0
0.5,0,27.528227,0.11480016,0,5.3155969,-0.0022917823,0
0.5,0,27.527354,0.11723312,0,5.3248253,-0.0022503757,0
0.5,0,27.526196,0.11964973,0,5.3340538,-0.0022080168,0
0.5,0,27.524855,0.12208336,0,5.3432823,-0.0021647342,0
0.5,0,27.523423,0.12453268,0,5.3525107,-0.0021205589,0
0.5,0,27.521977,0.12696712,0,5.3617392,-0.002075521,0
0.5,0,27.52057,0.12934629,0,5.3709677,-0.0020296467,0
0.5,0,27.519219,0.13163832,0,5.3801961,-0.0019829557,0
0.5,0,27.517903,0.13382679,0,5.3894246,-0.0019354618,0
0.5,0,27.516573,0.13590759,0,5.3986531,-0.0018871765,0
0.5,0,27.515154,0.1378849,0,5.4078815,-0.0018381147,0
0.5,0,27.513563,0.13977332,0,5.41711,-0.0017882993,0
0.5,0,27.511722,0.1416028,0,5.4263385,-0.0017377616,0
0.5,0,27.509578,0.14341612,0,5.4355669,-0.0016865371,0
0.5,0,27.507121,0.14525319,0,5.4447954,-0.0016346593,0
0.5,0,27.504397,0.14712855,0,5.4540239,-0.0015821554,0
0.5,0,27.501512,0.14901822,0,5.4632523,-0.0015290461,0
0.5,0,27.498631,0.15086789,0,5.4724808,-0.0014753497,0
0.5,0,27.495958,0.15261882,0,5.4817093,-0.0014210856,0
0.5,0,27.493708,0.15423275,0,5.4909377,-0.001366277,0
0.5,0,27.492073,0.15569628,0,5.5001662,-0.0013109509,0
0.5,0,27.491176,0.15700285,0,5.5093947,-0.0012551378,0
0.5,0,27.491036,0.15813288,0,5.5186231,-0.0011988722,0
0.5,0,27.491557,0.15905723,0,5.5278516,-0.0011421941,0
0.5,0,27.492525,0.15976569,0,5.5370801,-0.0010851461,0
0.5,0,27.49364,0.16029102,0,5.5463085,-0.0010277681,0
0.5,0,27.494547,0.16069882,0,5.555537,-0.00097009044,0
0.5,0,27.494882,0.16104916,0,5.5647655,-0.00091213242,0
0.5,0,27.49431,0.16136645,0,5.5739939,-0.00085390679,0
0.5,0,27.49257,0.16163811,0,5.5832224,-0.00079542714,0
0.5,0,27.48949,0.16183059,0,5.5924509,-0.0007367142,0
0.5,0,27.484999,0.16191581,0,5.6016793,-0.00067779894,0
0.5,0,27.479116,0.16191383,0,5.6109078,-0.00061872046,0
0.5,0,27.471928,0.16191121,0,5.6201363,-0.00055951697,0
0.5,0,27.463575,0.16198276,0,5.6293647,-0.00050021788,0
0.5,0,27.45424,0.16206998,0,5.6385932,-0.00044084955,0
0.5,0,27.444165,0.16202919,0,5.6478217,-0.00038144853,0
0.5,0,27.433665,0.16186585,0,5.6570501,-0.00032205161,0
0.5,0,27.423235,0.16165037,0,5.6662786,-0.00026266247,0
0.5,0,27.413828,0.1609263,0,5.6755071,-0.00020326632,0
0.5,0,27.407841,0.15834644,0,5.6847355,-0.00014389343,0
0.5,0,27.410898,0.15173342,0,5.693964,-8.4648556e-05,0
0.5,0,27.4265,0.14653416,0,5.7031925,-2.5529649e-05,0
0.5,0,27.43387,0.14941992,0,5.7071682,-2.5804012e-15,0
0.5,0,26.721699,-0.091241676,0,7.6227136,-2.985554e-05,0
0.5,0,26.744668,-0.0885925,0,7.6143438,-2.5804012e-15,0
0.5,0,26.705238,-0.097521162,0,7.631942,-6.3179351e-05,0
0.5,0,26.696797,-0.10078567,0,7.6411705,-9.6810692e-05,0
0.5,0,26.691026,-0.10349423,0,7.650399,-0.0001307123,0
0.5,0,26.686307,-0.10570342,0,7.6596274,-0.00016483718,0
0.5,0,26.682564,-0.10688259,0,7.6688559,-0.00019927983,0
0.5,0,26.680017,-0.10724734,0,7.6780844,-0.00023417571,0
0.5,0,26.678626,-0.10759865,0,7.6873128,-0.00026956006,0
0.5,0,26.677799,-0.10832355,0,7.6965413,-0.00030538608,0
0.5,0,26.676562,-0.1093893,0,7.7057698,-0.0003415957,0
0.5,0,26.674158,-0.1106612,0,7.7149982,-0.00037814379,0
0.5,0,26.670433,-0.11187506,0,7.7242267,-0.0004150138,0
0.5,0,26.665762,-0.11270075,0,7.7334552,-0.00045223707,0
0.5,0,26.660756,-0.11307296,0,7.7426836,-0.00048987172,0
0.5,0,26.655996,-0.11332564,0,7.7519121,-0.00052794376,0
0.5,0,26.651846,-0.11390683,0,7.7611406,-0.00056641028,0
0.5,0,26.648372,-0.11501457,0,7.770369,-0.00060517863,0
0.5,0,26.645406,-0.11649688,0,7.7795975,-0.00064415675,0
0.5,0,26.642722,-0.11799055,0,7.788826,-0.0006832944,0
0.5,0,26.640204,-0.11912904,0,7.7980544,-0.00072259692,0
0.5,0,26.637872,-0.11972435,0,7.8072829,-0.00076211,0
0.5,0,26.635819,-0.11984887,0,7.8165114,-0.00080188516,0
0.5,0,26.634134,-0.11975366,0,7.8257398,-0.00084194704,0
0.5,0,26.632879,-0.11967814,0,7.8349683,-0.00088228401,0
0.5,0,26.632071,-0.1197081,0,7.8441968,-0.00092286389,0
0.5,0,26.631666,-0.11978066,0,7.8534252,-0.00096365704,0
0.5,0,26.631546,-0.11979535,0,7.8626537,-0.001004648,0
0.5,0,26.631537,-0.11972376,0,7.8718822,-0.0010458298,0
0.5,0,26.631451,-0.11964188,0,7.8811106,-0.0010871894,0
0.5,0,26.631103,-0.11967817,0,7.8903391,-0.0011286956,0
0.5,0,26.630306,-0.11992781,0,7.8995676,-0.0011702994,0
0.5,0,26.628864,-0.12039912,0,7.908796,-0.0012119446,0
0.5,0,26.626627,-0.12101785,0,7.9180245,-0.0012535804,0
0.5,0,26.623589,-0.12165891,0,7.927253,-0.0012951719,0
0.5,0,26.619991,-0.12216732,0,7.9364814,-0.0013367052,0
0.5,0,26.61631,-0.12237592,0,7.9457099,-0.0013781912,0
0.5,0,26.613114,-0.12215455,0,7.9549384,-0.0014196626,0
0.5,0,26.610816,-0.12148768,0,7.9641668,-0.0014611611,0
0.5,0,26.609488,-0.12051922,0,7.9733953,-0.0015027153,0
0.5,0,26.60885,-0.11950509,0,7.9826238,-0.0015443206,0
0.5,0,26.608444,-0.11868582,0,7.9918522,-0.0015859343,0
0.5,0,26.607894,-0.11816298,0,8.0010807,-0.0016274908,0
0.5,0,26.607104,-0.11786549,0,8.0103092,-0.0016689259,0
0.5,0,26.606286,-0.11762314,0,8.0195376,-0.001710196,0
0.5,0,26.605829,-0.11728786,0,8.0287661,-0.0017512813,0
0.5,0,26.606107,-0.11681631,0,8.0379946,-0.0017921734,0
0.5,0,26.607309,-0.11626428,0,8.047223,-0.0018328596,0
0.5,0,26.609375,-0.11570977,0,8.0564515,-0.0018733158,0
0.5,0,26.61201,-0.11516831,0,8.06568,-0.0019135128,0
0.5,0,26.614764,-0.11456189,0,8.0749084,-0.0019534302,0
0.5,0,26.617136,-0.11375927,0,8.0841369,-0.0019930687,0
0.5,0,26.618688,-0.11265572,0,8.0933654,-0.0020324513,0
0.5,0,26.619153,-0.11123785,0,8.1025938,-0.0020716126,0
0.5,0,26.618517,-0.10959604,0,8.1118223,-0.0021105818,0
0.5,0,26.617039,-0.10788394,0,8.1210508,-0.0021493684,0
0.5,0,26.615211,-0.10625414,0,8.1302792,-0.0021879555,0
0.5,0,26.613624,-0.10480476,0,8.1395077,-0.0022263034,0
0.5,0,26.612821,-0.10355736,0,8.1487362,-0.0022643587,0
0.5,0,26.613147,-0.10246744,0,8.1579646,-0.002302066,0
0.5,0,26.614669,-0.1014559,0,8.1671931,-0.0023393766,0
0.5,0,26.617172,-0.10044552,0,8.1764216,-0.0023762532,0
0.5,0,26.620232,-0.099387676,0,8.18565,-0.0024126699,0
0.5,0,26.623337,-0.098269855,0,8.1948785,-0.0024486082,0
0.5,0,26.626016,-0.097104351,0,8.204107,-0.0024840536,0
0.5,0,26.627947,-0.09590836,0,8.2133354,-0.0025189927,0
0.5,0,26.629009,-0.094689559,0,8.2225639,-0.0025534126,0
0.5,0,26.629288,-0.093445274,0,8.2317924,-0.0025873009,0
0.5,0,26.629023,-0.092172095,0,8.2410208,-0.0026206464,0
0.5,0,26.628524,-0.09087488,0,8.2502493,-0.0026534383,0
0.5,0,26.628076,-0.089565597,0,8.2594778,-0.0026856665,0
0.5,0,26.627848,-0.08825062,0,8.2687062,-0.0027173238,0
0.5,0,26.627837,-0.086913823,0,8.2779347,-0.0027484094,0
0.5,0,26.627865,-0.085508609,0,8.2871632,-0.0027789335,0
0.5,0,26.627631,-0.083968569,0,8.2963917,-0.0028089197,0
0.5,0,26.626818,-0.082234765,0,8.3056201,-0.0028384027,0
0.5,0,26.625211,-0.08028822,0,8.3148486,-0.0028674214,0
0.5,0,26.622781,-0.078171403,0,8.3240771,-0.0028960075,0
0.5,0,26.619697,-0.075984113,0,8.3333055,-0.0029241738,0
0.5,0,26.616269,-0.073852061,0,8.342534,-0.002951908,0
0.5,0,26.612827,-0.071880581,0,8.3517625,-0.002979173,0
0.5,0,26.60962,-0.070112172,0,8.3609909,-0.0030059162,0
0.5,0,26.606746,-0.068506377,0,8.3702194,-0.0030320837,0
0.5,0,26.604172,-0.066953765,0,8.3794479,-0.0030576341,0
0.5,0,26.601801,-0.065319895,0,8.3886763,-0.0030825473,0
0.5,0,26.599564,-0.063500443,0,8.3979048,-0.0031068246,0
0.5,0,26.597485,-0.06146516,0,8.4071333,-0.0031304809,0
0.5,0,26.595691,-0.059272604,0,8.4163617,-0.0031535318,0
0.5,0,26.59437,-0.057049744,0,8.4255902,-0.0031759822,0
0.5,0,26.593697,-0.054945389,0,8.4348187,-0.0031978185,0
0.5,0,26.59377,-0.053076424,0,8.4440471,-0.0032190093,0
0.5,0,26.59457,-0.051488002,0,8.4532756,-0.0032395123,0
0.5,0,26.595967,-0.05014172,0,8.4625041,-0.0032592849,0
0.5,0,26.597758,-0.048932725,0,8.4717325,-0.0032782944,0
0.5,0,26.599718,-0.047725158,0,8.480961,-0.0032965248,0
0.5,0,26.601654,-0.046390493,0,8.4901895,-0.0033139785,0
0.5,0,26.603436,-0.04483573,0,8.4994179,-0.0033306743,0
0.5,0,26.605015,-0.043015573,0,8.5086464,-0.0033466424,0
0.5,0,26.606419,-0.040930197,0,8.5178749,-0.0033619188,0
0.5,0,26.607734,-0.038614863,0,8.5271033,-0.00337654,0
0.5,0,26.609074,-0.036128092,0,8.5363318,-0.0033905381,0
0.5,0,26.610552,-0.033542193,0,8.5455603,-0.0034039363,0
0.5,0,26.612245,-0.030935931,0,8.5547887,-0.0034167443,0
0.5,0,26.614173,-0.028386567,0,8.5640172,-0.0034289551,0
0.5,0,26.616293,-0.025958941,0,8.5732457,-0.0034405434,0
0.5,0,26.618505,-0.023692183,0,8.5824741,-0.0034514676,0
0.5,0,26.620678,-0.021588083,0,8.5917026,-0.0034616747,0
0.5,0,26.62268,-0.01960691,0,8.6009311,-0.0034711084,0
0.5,0,26.624408,-0.017675371,0,8.6101595,-0.0034797183,0
0.5,0,26.625811,-0.015706786,0,8.619388,-0.0034874666,0
0.5,0,26.626892,-0.013627624,0,8.6286165,-0.0034943319,0
0.5,0,26.627691,-0.011400708,0,8.6378449,-0.0035003084,0
0.5,0,26.628265,-0.0090358595,0,8.6470734,-0.0035054008,0
0.5,0,26.628655,-0.0065836008,0,8.6563019,-0.003509618,0
0.5,0,26.628873,-0.0041146747,0,8.6655303,-0.0035129663,0
0.5,0,26.628892,-0.0016936573,0,8.6747588,-0.0035154464,0
0.5,0,26.628664,0.00064300546,0,8.6839873,-0.0035170525,0
0.5,0,26.628136,0.0028961549,0,8.6932157,-0.0035177741,0
0.5,0,26.627285,0.0050985229,0,8.7024442,-0.0035175994,0
0.5,0,26.626132,0.0072995512,0,8.7116727,-0.0035165171,0
0.5,0,26.62475,0.0095483115,0,8.7209011,-0.0035145168,0
0.5,0,26.623263,0.011881888,0,8.7301296,-0.0035115885,0
0.5,0,26.621829,0.014322726,0,8.7393581,-0.0035077211,0
0.5,0,26.62061,0.016883255,0,8.7485865,-0.0035029035,0
0.5,0,26.619753,0.019572039,0,8.757815,-0.0034971259,0
0.5,0,26.619356,0.022395756,0,8.7670435,-0.0034903837,0
0.5,0,26.619455,0.025355756,0,8.7762719,-0.0034826806,0
0.5,0,26.620016,0.028441808,0,8.7855004,-0.0034740299,0
0.5,0,26.620935,0.031626266,0,8.7947289,-0.0034644513,0
0.5,0,26.622063,0.03486209,0,8.8039573,-0.0034539648,0
0.5,0,26.623227,0.038087572,0,8.8131858,-0.0034425828,0
0.5,0,26.624267,0.041237617,0,8.8224143,-0.0034303022,0
0.5,0,26.625065,0.044258096,0,8.8316427,-0.0034171016,0
0.5,0,26.625561,0.047119213,0,8.8408712,-0.0034029429,0
0.5,0,26.625755,0.049823586,0,8.8500997,-0.0033877787,0
0.5,0,26.625695,0.052405178,0,8.8593281,-0.003371563,0
0.5,0,26.625451,0.054918914,0,8.8685566,-0.0033542612,0
0.5,0,26.625098,0.057424774,0,8.8777851,-0.0033358564,0
0.5,0,26.624699,0.059971401,0,8.8870135,-0.0033163491,0
0.5,0,26.624307,0.062584066,0,8.896242,-0.0032957521,0
0.5,0,26.623975,0.065260681,0,8.9054705,-0.0032740818,0
0.5,0,26.623761,0.067976896,0,8.9146989,-0.0032513499,0
0.5,0,26.623736,0.070698307,0,8.9239274,-0.0032275588,0
0.5,0,26.623976,0.073395746,0,8.9331559,-0.003202703,0
0.5,0,26.62455,0.076058957,0,8.9423843,-0.0031767744,0
0.5,0,26.625485,0.078704143,0,8.9516128,-0.0031497696,0
0.5,0,26.626744,0.081371978,0,8.9608413,-0.0031216968,0
0.5,0,26.62821,0.084115113,0,8.9700697,-0.0030925778,0
0.5,0,26.629696,0.086978018,0,8.9792982,-0.003062446,0
0.5,0,26.630977,0.089976138,0,8.9885267,-0.0030313405,0
0.5,0,26.631832,0.093083178,0,8.9977551,-0.0029992982,0
0.5,0,26.632092,0.096233122,0,9.0069836,-0.0029663474,0
0.5,0,26.631672,0.099337415,0,9.0162121,-0.0029325039,0
0.5,0,26.630584,0.10231066,0,9.0254405,-0.0028977705,0
0.5,0,26.62893,0.1050942,0,9.034669,-0.0028621406,0
0.5,0,26.626872,0.10766847,0,9.0438975,-0.0028256033,0
0.5,0,26.624603,0.11005093,0,9.0531259,-0.0027881496,0
0.5,0,26.622306,0.11228298,0,9.0623544,-0.002749777,0
0.5,0,26.620129,0.11441299,0,9.0715829,-0.0027104915,0
0.5,0,26.618165,0.11648167,0,9.0808113,-0.0026703067,0
0.5,0,26.616453,0.11851369,0,9.0900398,-0.0026292415,0
0.5,0,26.614974,0.12051633,0,9.0992683,-0.0025873169,0
0.5,0,26.613668,0.12248529,0,9.1084967,-0.0025445546,0
0.5,0,26.612447,0.12441579,0,9.1177252,-0.0025009769,0
0.5,0,26.611211,0.12631429,0,9.1269537,-0.0024566068,0
0.5,0,26.609863,0.12820389,0,9.1361821,-0.0024114693,0
0.5,0,26.608319,0.1301173,0,9.1454106,-0.0023655893,0
0.5,0,26.606521,0.13207858,0,9.1546391,-0.0023189906,0
0.5,0,26.604441,0.13408346,0,9.1638675,-0.002271694,0
0.5,0,26.602085,0.13609208,0,9.173096,-0.0022237154,0
0.5,0,26.599502,0.13804157,0,9.1823245,-0.0021750656,0
0.5,0,26.596774,0.13987288,0,9.1915529,-0.0021257488,0
0.5,0,26.59401,0.14155592,0,9.2007814,-0.0020757633,0
0.5,0,26.591324,0.14309831,0,9.2100099,-0.0020251036,0
0.5,0,26.588814,0.14453507,0,9.2192383,-0.0019737648,0
0.5,0,26.586546,0.14590999,0,9.2284668,-0.0019217497,0
0.5,0,26.58454,0.14726245,0,9.2376953,-0.0018690738,0
0.5,0,26.582761,0.14862501,0,9.2469237,-0.0018157671,0
0.5,0,26.581122,0.15002534,0,9.2561522,-0.0017618688,0
0.5,0,26.579501,0.15148281,0,9.2653807,-0.0017074202,0
0.5,0,26.577761,0.15299768,0,9.2746091,-0.001652457,0
0.5,0,26.575784,0.15454197,0,9.2838376,-0.0015970058,0
0.5,0,26.573491,0.15606276,0,9.2930661,-0.0015410851,0
0.5,0,26.570868,0.15749987,0,9.3022945,-0.001484708,0
0.5,0,26.567967,0.1588086,0,9.311523,-0.0014278857,0
0.5,0,26.564895,0.15997152,0,9.3207515,-0.001370629,0
0.5,0,26.561795,0.16098955,0,9.3299799,-0.0013129497,0
0.5,0,26.55882,0.16186286,0,9.3392084,-0.0012548636,0
0.5,0,26.5561,0.16258425,0,9.3484369,-0.0011963939,0
0.5,0,26.553735,0.16315574,0,9.3576653,-0.0011375727,0
0.5,0,26.551777,0.16361119,0,9.3668938,-0.0010784367,0
0.5,0,26.550236,0.16401518,0,9.3761223,-0.0010190199,0
0.5,0,26.549085,0.16443051,0,9.3853507,-0.00095934803,0
0.5,0,26.548272,0.1648834,0,9.3945792,-0.000899439,0
0.5,0,26.547733,0.16535795,0,9.4038077,-0.00083930788,0
0.5,0,26.5474,0.16581517,0,9.4130361,-0.00077897256,0
0.5,0,26.547206,0.1662159,0,9.4222646,-0.0007184576,0
0.5,0,26.547068,0.16655022,0,9.4314931,-0.00065779449,0
0.5,0,26.546759,0.16686881,0,9.4407215,-0.00059701531,0
0.5,0,26.545935,0.16726202,0,9.44995,-0.00053614226,0
0.5,0,26.544516,0.167731,0,9.4591785,-0.00047518513,0
0.5,0,26.543371,0.16810393,0,9.4684069,-0.00041415502,0
0.5,0,26.542805,0.16825648,0,9.4776354,-0.00035306937,0
0.5,0,26.542411,0.16829644,0,9.4868639,-0.00029192355,0
0.5,0,26.542829,0.16809958,0,9.4960923,-0.00023067669,0
0.5,0,26.545358,0.16677099,0,9.5053208,-0.00016931538,0
0.5,0,26.553538,0.16252592,0,9.5145493,-0.00010789558,0
0.5,0,26.574229,0.15442626,0,9.5237777,-4.652892e-05,0
0.5,0,26.595341,0.15608733,0,9.5307558,-2.5804012e-15,0
0.5,0,26.641149,-0.10029424,0,11.369471,-3.665569e-05,0
0.5,0,26.659321,-0.098730549,0,11.360622,-2.5804012e-15,0
0.5,0,26.630568,-0.10519576,0,11.3787,-7.4689887e-05,0
0.5,0,26.627622,-0.10691939,0,11.387928,-0.00011240844,0
0.5,0,26.627163,-0.10796041,0,11.397156,-0.00014976506,0
0.5,0,26.627785,-0.10839478,0,11.406385,-0.00018670904,0
0.5,0,26.629488,-0.10781717,0,11.415613,-0.00022331625,0
0.5,0,26.63241,-0.10652197,0,11.424842,-0.00025968744,0
0.5,0,26.63631,-0.10527609,0,11.43407,-0.00029582392,0
0.5,0,26.640451,-0.10442188,0,11.443299,-0.00033165323,0
0.5,0,26.643891,-0.10392258,0,11.452527,-0.00036709428,0
0.5,0,26.646036,-0.1036291,0,11.461756,-0.00040208062,0
0.5,0,26.64693,-0.1032448,0,11.470984,-0.00043658022,0
0.5,0,26.647094,-0.1024307,0,11.480213,-0.0004706142,0
0.5,0,26.647173,-0.10112477,0,11.489441,-0.00050423351,0
0.5,0,26.64762,-0.099621946,0,11.49867,-0.00053746519,0
0.5,0,26.64855,-0.098289492,0,11.507898,-0.00057028405,0
0.5,0,26.649782,-0.097269596,0,11.517127,-0.00060263263,0
0.5,0,26.651023,-0.096432966,0,11.526355,-0.0006344618,0
0.5,0,26.652057,-0.095516725,0,11.535583,-0.00066575922,0
0.5,0,26.652821,-0.094298775,0,11.544812,-0.00069655329,0
0.5,0,26.653378,-0.092733494,0,11.55404,-0.00072689413,0
0.5,0,26.653858,-0.090983232,0,11.563269,-0.00075682258,0
0.5,0,26.654417,-0.089307369,0,11.572497,-0.00078634754,0
0.5,0,26.655221,-0.087887005,0,11.581726,-0.00081544707,0
0.5,0,26.656413,-0.086727337,0,11.590954,-0.00084408983,0
0.5,0,26.658088,-0.085698167,0,11.600183,-0.00087225805,0
0.5,0,26.660262,-0.084651548,0,11.609411,-0.00089995647,0
0.5,0,26.662867,-0.083516701,0,11.61864,-0.00092720532,0
0.5,0,26.665723,-0.082316586,0,11.627868,-0.00095402617,0
0.5,0,26.668526,-0.081117911,0,11.637097,-0.00098043186,0
0.5,0,26.67088,-0.079971422,0,11.646325,-0.0010064253,0
0.5,0,26.672405,-0.078892716,0,11.655554,-0.0010320035,0
0.5,0,26.672907,-0.077880725,0,11.664782,-0.001057161,0
0.5,0,26.672494,-0.076929767,0,11.67401,-0.0010818903,0
0.5,0,26.671556,-0.076012556,0,11.683239,-0.0011061838,0
0.5,0,26.670592,-0.075065801,0,11.692467,-0.0011300382,0
0.5,0,26.669961,-0.074019742,0,11.701696,-0.0011534576,0
0.5,0,26.669718,-0.072859254,0,11.710924,-0.0011764488,0
0.5,0,26.669629,-0.071653917,0,11.720153,-0.0011990099,0
0.5,0,26.669355,-0.070513136,0,11.729381,-0.0012211216,0
0.5,0,26.66868,-0.069493738,0,11.73861,-0.001242751,0
0.5,0,26.667661,-0.06853679,0,11.747838,-0.001263866,0
0.5,0,26.666605,-0.0674894,0,11.757067,-0.0012844524,0
0.5,0,26.665933,-0.066198404,0,11.766295,-0.0013045197,0
0.5,0,26.665988,-0.064607722,0,11.775524,-0.0013240919,0
0.5,0,26.666893,-0.062792431,0,11.784752,-0.0013431897,0
0.5,0,26.66852,-0.060911842,0,11.793981,-0.0013618148,0
0.5,0,26.670511,-0.059118405,0,11.803209,-0.0013799463,0
0.5,0,26.672438,-0.057482664,0,11.812437,-0.0013975503,0
0.5,0,26.673877,-0.055978237,0,11.821666,-0.001414595,0
0.5,0,26.674559,-0.054522358,0,11.830894,-0.0014310627,0
0.5,0,26.674495,-0.053033439,0,11.840123,-0.0014469529,0
0.5,0,26.673934,-0.051474482,0,11.849351,-0.0014622782,0
0.5,0,26.673343,-0.049861625,0,11.85858,-0.0014770571,0
0.5,0,26.673242,-0.048241987,0,11.867808,-0.0014913076,0
0.5,0,26.67405,-0.046667911,0,11.877037,-0.0015050442,0
0.5,0,26.675963,-0.045181096,0,11.886265,-0.0015182776,0
0.5,0,26.678887,-0.043804648,0,11.895494,-0.0015310158,0
0.5,0,26.682457,-0.042540141,0,11.904722,-0.001543266,0
0.5,0,26.686139,-0.041370703,0,11.913951,-0.0015550358,0
0.5,0,26.689361,-0.040271074,0,11.923179,-0.0015663341,0
0.5,0,26.691652,-0.039221037,0,11.932408,-0.0015771699,0
0.5,0,26.692743,-0.038214923,0,11.941636,-0.00158755,0
0.5,0,26.69262,-0.037261085,0,11.950865,-0.0015974761,0
0.5,0,26.691508,-0.036371287,0,11.960093,-0.0016069439,0
0.5,0,26.68981,-0.035546468,0,11.969321,-0.0016159441,0
0.5,0,26.687997,-0.034767399,0,11.97855,-0.0016244656,0
0.5,0,26.686488,-0.033995212,0,11.987778,-0.0016324999,0
0.5,0,26.685552,-0.033180773,0,11.997007,-0.0016400433,0
0.5,0,26.685259,-0.032277253,0,12.006235,-0.001647099,0
0.5,0,26.685493,-0.03124937,0,12.015464,-0.0016536762,0
0.5,0,26.686025,-0.030075809,0,12.024692,-0.0016597888,0
0.5,0,26.686623,-0.028746335,0,12.033921,-0.0016654535,0
0.5,0,26.68715,-0.027258816,0,12.043149,-0.0016706883,0
0.5,0,26.687617,-0.025620747,0,12.052378,-0.0016755113,0
0.5,0,26.688163,-0.023855156,0,12.061606,-0.0016799384,0
0.5,0,26.688983,-0.022005974,0,12.070835,-0.0016839803,0
0.5,0,26.690212,-0.020137758,0,12.080063,-0.0016876395,0
0.5,0,26.691871,-0.018326175,0,12.089292,-0.0016909083,0
0.5,0,26.693832,-0.016636929,0,12.09852,-0.001693771,0
0.5,0,26.695858,-0.015102005,0,12.107748,-0.0016962082,0
0.5,0,26.697731,-0.013708595,0,12.116977,-0.0016982027,0
0.5,0,26.699315,-0.012407272,0,12.126205,-0.0016997463,0
0.5,0,26.700602,-0.011136158,0,12.135434,-0.0017008425,0
0.5,0,26.701695,-0.009850733,0,12.144662,-0.0017015049,0
0.5,0,26.702741,-0.0085467622,0,12.153891,-0.001701751,0
0.5,0,26.703875,-0.0072651046,0,12.163119,-0.001701595,0
0.5,0,26.70516,-0.0060739728,0,12.172348,-0.0017010415,0
0.5,0,26.706562,-0.0050368851,0,12.181576,-0.0017000843,0
0.5,0,26.707975,-0.0041817766,0,12.190805,-0.0016987099,0
0.5,0,26.709253,-0.0034850437,0,12.200033,-0.0016969049,0
0.5,0,26.710264,-0.0028772742,0,12.209262,-0.0016946632,0
0.5,0,26.710926,-0.0022672086,0,12.21849,-0.0016919911,0
0.5,0,26.711234,-0.001573252,0,12.227719,-0.001688907,0
0.5,0,26.711256,-0.00074954172,0,12.236947,-0.001685437,0
0.5,0,26.711128,0.00020314462,0,12.246175,-0.0016816079,0
0.5,0,26.711027,0.0012444972,0,12.255404,-0.0016774406,0
0.5,0,26.711137,0.0023152239,0,12.264632,-0.0016729454,0
0.5,0,26.711611,0.0033613967,0,12.273861,-0.0016681224,0
0.5,0,26.712539,0.004353169,0,12.283089,-0.0016629647,0
0.5,0,26.713917,0.0052917582,0,12.292318,-0.001657464,0
0.5,0,26.715646,0.006203857,0,12.301546,-0.0016516153,0
0.5,0,26.717548,0.0071279232,0,12.310775,-0.0016454212,0
0.5,0,26.719403,0.0080990894,0,12.320003,-0.0016388918,0
0.5,0,26.720998,0.0091383503,0,12.329232,-0.0016320436,0
0.5,0,26.722179,0.01024854,0,12.33846,-0.0016248959,0
0.5,0,26.722877,0.011416257,0,12.347689,-0.0016174677,0
0.5,0,26.72312,0.01261655,0,12.356917,-0.0016097747,0
0.5,0,26.723005,0.013816966,0,12.366146,-0.001601827,0
0.5,0,26.722669,0.014979683,0,12.375374,-0.0015936279,0
0.5,0,26.722233,0.016062371,0,12.384602,-0.0015851738,0
0.5,0,26.721794,0.017022002,0,12.393831,-0.0015764539,0
0.5,0,26.721384,0.017823691,0,12.403059,-0.0015674524,0
0.5,0,26.720996,0.018449406,0,12.412288,-0.0015581504,0
0.5,0,26.720619,0.018905319,0,12.421516,-0.0015485304,0
0.5,0,26.720215,0.019226087,0,12.430745,-0.0015385809,0
0.5,0,26.71978,0.019470964,0,12.439973,-0.0015283004,0
0.5,0,26.719345,0.019711163,0,12.449202,-0.0015176991,0
0.5,0,26.718982,0.020012253,0,12.45843,-0.0015067977,0
0.5,0,26.718799,0.020418186,0,12.467659,-0.0014956239,0
0.5,0,26.718914,0.020942781,0,12.476887,-0.0014842068,0
0.5,0,26.719435,0.021571743,0,12.486116,-0.0014725717,0
0.5,0,26.720441,0.022273841,0,12.495344,-0.001460736,0
0.5,0,26.72196,0.023015921,0,12.504573,-0.0014487087,0
0.5,0,26.723961,0.023775534,0,12.513801,-0.0014364923,0
0.5,0,26.726356,0.02454629,0,12.523029,-0.0014240862,0
0.5,0,26.729018,0.025333701,0,12.532258,-0.00141149,0
0.5,0,26.731788,0.026143354,0,12.541486,-0.0013987064,0
0.5,0,26.734519,0.026970661,0,12.550715,-0.0013857407,0
0.5,0,26.737081,0.027799559,0,12.559943,-0.0013725999,0
0.5,0,26.739358,0.02860802,0,12.569172,-0.0013592906,0
0.5,0,26.741276,0.029378026,0,12.5784,-0.0013458173,0
0.5,0,26.742787,0.030107011,0,12.587629,-0.0013321836,0
0.5,0,26.743853,0.030814946,0,12.596857,-0.0013183944,0
0.5,0,26.744449,0.031540227,0,12.606086,-0.0013044587,0
0.5,0,26.744571,0.032321797,0,12.615314,-0.0012903903,0
0.5,0,26.74426,0.03317614,0,12.624543,-0.0012762067,0
0.5,0,26.743624,0.034080826,0,12.633771,-0.0012619243,0
0.5,0,26.742835,0.034971544,0,12.643,-0.0012475538,0
0.5,0,26.742117,0.035755259,0,12.652228,-0.0012330956,0
0.5,0,26.741711,0.036336657,0,12.661456,-0.0012185384,0
0.5,0,26.741821,0.03664871,0,12.670685,-0.0012038624,0
0.5,0,26.742569,0.036675779,0,12.679913,-0.0011890454,0
0.5,0,26.743956,0.036460683,0,12.689142,-0.0011740711,0
0.5,0,26.745861,0.03609341,0,12.69837,-0.0011589357,0
0.5,0,26.748064,0.035685819,0,12.707599,-0.0011436515,0
0.5,0,26.750303,0.035341334,0,12.716827,-0.0011282458,0
0.5,0,26.752318,0.035129821,0,12.726056,-0.0011127557,0
0.5,0,26.753905,0.035075318,0,12.735284,-0.0010972212,0
0.5,0,26.754943,0.03515927,0,12.744513,-0.0010816788,0
0.5,0,26.755408,0.035336385,0,12.753741,-0.001066157,0
0.5,0,26.755365,0.035556083,0,12.76297,-0.0010506751,0
0.5,0,26.75494,0.035781305,0,12.772198,-0.0010352457,0
0.5,0,26.754294,0.035998196,0,12.781427,-0.0010198773,0
0.5,0,26.75358,0.036214244,0,12.790655,-0.0010045773,0
0.5,0,26.752924,0.03644707,0,12.799883,-0.00098935285,0
0.5,0,26.752403,0.036709577,0,12.809112,-0.000974209,0
0.5,0,26.752044,0.036998061,0,12.81834,-0.00095914617,0
0.5,0,26.751824,0.037288192,0,12.827569,-0.00094415677,0
0.5,0,26.751685,0.037540366,0,12.836797,-0.00092922355,0
0.5,0,26.75155,0.037712366,0,12.846026,-0.00091432027,0
0.5,0,26.751344,0.037774644,0,12.855254,-0.00089941494,0
0.5,0,26.751007,0.037722524,0,12.864483,-0.00088447473,0
0.5,0,26.750509,0.037580685,0,12.873711,-0.00086947131,0
0.5,0,26.74986,0.037397985,0,12.88294,-0.00085438513,0
0.5,0,26.74911,0.037234135,0,12.892168,-0.00083920746,0
0.5,0,26.748345,0.037142657,0,12.901397,-0.00082393986,0
0.5,0,26.747679,0.037155815,0,12.910625,-0.00080859154,0
0.5,0,26.747234,0.037276496,0,12.919854,-0.00079317529,0
0.5,0,26.747122,0.037479407,0,12.929082,-0.00077770352,0
0.5,0,26.747425,0.037720613,0,12.93831,-0.00076218549,0
0.5,0,26.748175,0.037951697,0,12.947539,-0.00074662634,0
0.5,0,26.749347,0.03813361,0,12.956767,-0.00073102815,0
0.5,0,26.750858,0.038245983,0,12.965996,-0.00071539236,0
0.5,0,26.752576,0.038289422,0,12.975224,-0.00069972244,0
0.5,0,26.754338,0.03828086,0,12.984453,-0.00068402585,0
0.5,0,26.755978,0.038244409,0,12.993681,-0.00066831453,0
0.5,0,26.757358,0.038201629,0,13.00291,-0.00065260401,0
0.5,0,26.75839,0.038164893,0,13.012138,-0.00063691145,0
0.5,0,26.759048,0.038135713,0,13.021367,-0.00062125351,0
0.5,0,26.759367,0.038107657,0,13.030595,-0.00060564461,0
0.5,0,26.759447,0.038071792,0,13.039824,-0.00059009615,0
0.5,0,26.759414,0.03802188,0,13.049052,-0.00057461661,0
0.5,0,26.759386,0.037957209,0,13.058281,-0.00055921238,0
0.5,0,26.75944,0.037882467,0,13.067509,-0.00054388882,0
0.5,0,26.759597,0.037805442,0,13.076737,-0.00052865118,0
0.5,0,26.759839,0.037733586,0,13.085966,-0.00051350487,0
0.5,0,26.760117,0.037670153,0,13.095194,-0.00049845504,0
0.5,0,26.760377,0.03761083,0,13.104423,-0.00048350539,0
0.5,0,26.76057,0.037542237,0,13.113651,-0.00046865677,0
0.5,0,26.760676,0.037443457,0,13.12288,-0.00045390602,0
0.5,0,26.760703,0.037290838,0,13.132108,-0.00043924572,0
0.5,0,26.760691,0.037065368,0,13.141337,-0.00042466486,0
0.5,0,26.760711,0.036760574,0,13.150565,-0.00041015055,0
0.5,0,26.760847,0.036387532,0,13.159794,-0.0003956907,0
0.5,0,26.761183,0.035973921,0,13.169022,-0.00038127735,0
0.5,0,26.761789,0.035556897,0,13.178251,-0.00036691001,0
0.5,0,26.762708,0.035173082,0,13.187479,-0.0003525983,0
0.5,0,26.763948,0.034850342,0,13.196708,-0.00033836244,0
0.5,0,26.765481,0.034604128,0,13.205936,-0.0003242314,0
0.5,0,26.767252,0.034437838,0,13.215164,-0.00031023851,0
0.5,0,26.769182,0.034344675,0,13.224393,-0.00029641605,0
0.5,0,26.771184,0.034309083,0,13.233621,-0.0002827903,0
0.5,0,26.773175,0.034307918,0,13.24285,-0.00026937865,0
0.5,0,26.775089,0.034312577,0,13.252078,-0.00025618906,0
0.5,0,26.776882,0.034292148,0,13.261307,-0.00024322152,0
0.5,0,26.778534,0.034215731,0,13.270535,-0.00023047048,0
0.5,0,26.780049,0.034052504,0,13.279764,-0.00021792752,0
0.5,0,26.781443,0.033771452,0,13.288992,-0.00020558381,0
0.5,0,26.782742,0.033345322,0,13.298221,-0.00019343192,0
0.5,0,26.783969,0.032760738,0,13.307449,-0.00018146647,0
0.5,0,26.785139,0.032029457,0,13.316678,-0.00016968327,0
0.5,0,26.786254,0.031191933,0,13.325906,-0.00015807775,0
0.5,0,26.787307,0.03030879,0,13.335135,-0.00014664394,0
0.5,0,26.788278,0.029443723,0,13.344363,-0.00013537501,0
0.5,0,26.789149,0.028644799,0,13.353591,-0.00012426559,0
0.5,0,26.789909,0.02793184,0,13.36282,-0.00011331463,0
0.5,0,26.790563,0.027299511,0,13.372048,-0.00010252755,0
0.5,0,26.791141,0.026737509,0,13.381277,-9.1915008e-05,0
0.5,0,26.791697,0.026244525,0,13.390505,-8.1488085e-05,0
0.5,0,26.792311,0.025808239,0,13.399734,-7.1253539e-05,0
0.5,0,26.793083,0.025376716,0,13.408962,-6.1214236e-05,0
0.5,0,26.794136,0.024892402,0,13.418191,-5.1371583e-05,0
0.5,0,26.795634,0.024358065,0,13.427419,-4.1719982e-05,0
0.5,0,26.797849,0.023736941,0,13.436648,-3.2238736e-05,0
0.5,0,26.801448,0.022686528,0,13.445876,-2.2905829e-05,0
0.5,0,26.808169,0.020322895,0,13.455105,-1.372274e-05,0
0.5,0,26.82121,0.016111803,0,13.464333,-4.7168203e-06,0
0.5,0,26.831571,0.014989322,0,13.469231,-2.5804012e-15,0
0.5,0,26.966514,-0.0085714897,0,15.282341,-2.2113083e-06,0
0.5,0,26.969248,-0.0072658573,0,15.273181,-2.5804012e-15,0
0.5,0,26.965936,-0.009434472,0,15.291569,-4.3643856e-06,0
0.5,0,26.966387,-0.0097318002,0,15.300798,-6.4598296e-06,0
0.5,0,26.967143,-0.00967445,0,15.310026,-8.5239674e-06,0
0.5,0,26.968044,-0.0093256877,0,15.319255,-1.0591473e-05,0
0.5,0,26.969047,-0.0088222066,0,15.328483,-1.269524e-05,0
0.5,0,26.970053,-0.008387878,0,15.337712,-1.4841332e-05,0
0.5,0,26.970893,-0.0081658031,0,15.34694,-1.7008046e-05,0
0.5,0,26.971396,-0.0081296011,0,15.356169,-1.916806e-05,0
0.5,0,26.971495,-0.0081599334,0,15.365397,-2.1306708e-05,0
0.5,0,26.971272,-0.0081366626,0,15.374626,-2.3426308e-05,0
0.5,0,26.970904,-0.0079901302,0,15.383854,-2.5541576e-05,0
0.5,0,26.970569,-0.0077400346,0,15.393083,-2.7668514e-05,0
0.5,0,26.970373,-0.0074959159,0,15.402311,-2.9810087e-05,0
0.5,0,26.970337,-0.0073861791,0,15.41154,-3.1948652e-05,0
0.5,0,26.970421,-0.0074634359,0,15.420768,-3.4052518e-05,0
0.5,0,26.970557,-0.0076695161,0,15.429996,-3.609203e-05,0
0.5,0,26.970693,-0.007882717,0,15.439225,-3.8052998e-05,0
0.5,0,26.970823,-0.007999019,0,15.448453,-3.9939208e-05,0
0.5,0,26.970985,-0.0079887902,0,15.457682,-4.1764531e-05,0
0.5,0,26.971257,-0.0079014261,0,15.46691,-4.3541129e-05,0
0.5,0,26.971718,-0.0078231843,0,15.476139,-4.5271335e-05,0
0.5,0,26.972423,-0.0078177823,0,15.485367,-4.6947759e-05,0
0.5,0,26.973393,-0.0078884774,0,15.494596,-4.8560683e-05,0
0.5,0,26.974613,-0.0079835868,0,15.503824,-5.0107112e-05,0
0.5,0,26.976046,-0.008034989,0,15.513053,-5.1595583e-05,0
0.5,0,26.977622,-0.007999145,0,15.522281,-5.3044476e-05,0
0.5,0,26.97923,-0.0078764814,0,15.53151,-5.4475826e-05,0
0.5,0,26.980715,-0.007705274,0,15.540738,-5.5908497e-05,0
0.5,0,26.981895,-0.0075410634,0,15.549967,-5.7353729e-05,0
0.5,0,26.982606,-0.0074345425,0,15.559195,-5.8814127e-05,0
0.5,0,26.982743,-0.0074146085,0,15.568423,-6.028564e-05,0
0.5,0,26.982275,-0.0074780132,0,15.577652,-6.1761549e-05,0
0.5,0,26.981221,-0.0075878785,0,15.58688,-6.3237272e-05,0
0.5,0,26.979606,-0.007685997,0,15.596109,-6.4714167e-05,0
0.5,0,26.977438,-0.0077193676,0,15.605337,-6.6200111e-05,0
0.5,0,26.974718,-0.0076692656,0,15.614566,-6.7705708e-05,0
0.5,0,26.971488,-0.0075631078,0,15.623794,-6.9237615e-05,0
0.5,0,26.967868,-0.0074574404,0,15.633023,-7.0792878e-05,0
0.5,0,26.964079,-0.0074011673,0,15.642251,-7.2358009e-05,0
0.5,0,26.960412,-0.0074039953,0,15.65148,-7.391351e-05,0
0.5,0,26.957169,-0.0074318064,0,15.660708,-7.5440876e-05,0
0.5,0,26.954592,-0.0074310801,0,15.669937,-7.692758e-05,0
0.5,0,26.952817,-0.0073645405,0,15.679165,-7.8367132e-05,0
0.5,0,26.95185,-0.0072341353,0,15.688394,-7.9754751e-05,0
0.5,0,26.951581,-0.0070777943,0,15.697622,-8.1081976e-05,0
0.5,0,26.951825,-0.0069442708,0,15.70685,-8.2333949e-05,0
0.5,0,26.952368,-0.0068632656,0,15.716079,-8.3491139e-05,0
0.5,0,26.953018,-0.0068287839,0,15.725307,-8.4534428e-05,0
0.5,0,26.953642,-0.0068036887,0,15.734536,-8.5450622e-05,0
0.5,0,26.954183,-0.0067409714,0,15.743764,-8.6235545e-05,0
0.5,0,26.954647,-0.0066072449,0,15.752993,-8.6893492e-05,0
0.5,0,26.955075,-0.0063957348,0,15.762221,-8.7433952e-05,0
0.5,0,26.955488,-0.0061249385,0,15.77145,-8.7867602e-05,0
0.5,0,26.955852,-0.0058241159,0,15.780678,-8.8203728e-05,0
0.5,0,26.956072,-0.0055149317,0,15.789907,-8.8450241e-05,0
0.5,0,26.956005,-0.005200122,0,15.799135,-8.8615846e-05,0
0.5,0,26.955506,-0.0048636805,0,15.808364,-8.8712847e-05,0
0.5,0,26.954472,-0.0044827612,0,15.817592,-8.8758773e-05,0
0.5,0,26.952874,-0.0040461973,0,15.826821,-8.8775398e-05,0
0.5,0,26.950776,-0.0035703979,0,15.836049,-8.8785059e-05,0
0.5,0,26.94832,-0.0031040277,0,15.845277,-8.8805535e-05,0
0.5,0,26.945695,-0.0027176572,0,15.854506,-8.8845698e-05,0
0.5,0,26.943088,-0.0024816223,0,15.863734,-8.8904009e-05,0
0.5,0,26.94065,-0.0024410865,0,15.872963,-8.8970797e-05,0
0.5,0,26.938474,-0.0025990304,0,15.882191,-8.9033748e-05,0
0.5,0,26.936604,-0.0029141878,0,15.89142,-8.9084514e-05,0
0.5,0,26.935057,-0.0033165973,0,15.900648,-8.9124051e-05,0
0.5,0,26.933861,-0.0037317791,0,15.909877,-8.9164594e-05,0
0.5,0,26.933063,-0.0041036061,0,15.919105,-8.9227712e-05,0
0.5,0,26.932733,-0.0044101475,0,15.928334,-8.9339382e-05,0
0.5,0,26.932934,-0.0046648704,0,15.937562,-8.9523838e-05,0
0.5,0,26.933687,-0.0049049151,0,15.946791,-8.9798441e-05,0
0.5,0,26.934939,-0.0051732616,0,15.956019,-9.0171013e-05,0
0.5,0,26.936553,-0.005503264,0,15.965248,-9.0639864e-05,0
0.5,0,26.938327,-0.005910173,0,15.974476,-9.119576e-05,0
0.5,0,26.940022,-0.006389063,0,15.983704,-9.1824925e-05,0
0.5,0,26.941417,-0.0069199562,0,15.992933,-9.2511971e-05,0
0.5,0,26.94235,-0.007476463,0,16.002161,-9.3241859e-05,0
0.5,0,26.942755,-0.0080309543,0,16.01139,-9.4000952e-05,0
0.5,0,26.942652,-0.0085544832,0,16.020618,-9.4777808e-05,0
0.5,0,26.942126,-0.0090150708,0,16.029847,-9.5564106e-05,0
0.5,0,26.941291,-0.0093788314,0,16.039075,-9.6355413e-05,0
0.5,0,26.940251,-0.0096155129,0,16.048304,-9.7151227e-05,0
0.5,0,26.93908,-0.009706163,0,16.057532,-9.7953907e-05,0
0.5,0,26.937818,-0.0096483787,0,16.066761,-9.8766689e-05,0
0.5,0,26.936485,-0.0094561537,0,16.075989,-9.9591476e-05,0
0.5,0,26.935103,-0.0091545545,0,16.085218,-0.00010042718,0
0.5,0,26.93371,-0.0087718789,0,16.094446,-0.00010126913,0
0.5,0,26.932373,-0.0083330754,0,16.103675,-0.00010210951,0
0.5,0,26.931179,-0.0078574666,0,16.112903,-0.00010293846,0
0.5,0,26.930218,-0.0073612459,0,16.122131,-0.00010374507,0
0.5,0,26.929565,-0.0068623585,0,16.13136,-0.00010451777,0
0.5,0,26.929259,-0.0063839914,0,16.140588,-0.00010524413,0
0.5,0,26.929301,-0.0059534225,0,16.149817,-0.00010591039,0
0.5,0,26.929647,-0.005595899,0,16.159045,-0.00010650169,0
0.5,0,26.930225,-0.0053264645,0,16.168274,-0.00010700333,0
0.5,0,26.930941,-0.0051434547,0,16.177502,-0.00010740309,0
0.5,0,26.931697,-0.0050276316,0,16.186731,-0.00010769395,0
0.5,0,26.932404,-0.0049485783,0,16.195959,-0.00010787617,0
0.5,0,26.932986,-0.0048751199,0,16.205188,-0.00010795782,0
0.5,0,26.933373,-0.0047848338,0,16.214416,-0.00010795364,0
0.5,0,26.933495,-0.0046691097,0,16.223645,-0.00010788268,0
0.5,0,26.933278,-0.0045321311,0,16.232873,-0.00010776554,0
0.5,0,26.932659,-0.0043850079,0,16.242102,-0.00010762228,0
0.5,0,26.9316,-0.0042387406,0,16.25133,-0.00010747109,0
0.5,0,26.930098,-0.0040998171,0,16.260558,-0.00010732805,0
0.5,0,26.928195,-0.0039705052,0,16.269787,-0.00010720712,0
0.5,0,26.92599,-0.003853088,0,16.279015,-0.00010712,0
0.5,0,26.923631,-0.0037547231,0,16.288244,-0.00010707546,0
0.5,0,26.921297,-0.0036894406,0,16.297472,-0.00010707828,0
0.5,0,26.919159,-0.003675217,0,16.306701,-0.00010712835,0
0.5,0,26.917348,-0.0037268384,0,16.315929,-0.00010722072,0
0.5,0,26.915929,-0.0038475981,0,16.325158,-0.0001073468,0
0.5,0,26.914897,-0.0040234767,0,16.334386,-0.00010749685,0
0.5,0,26.914193,-0.0042235389,0,16.343615,-0.00010766292,0
0.5,0,26.913717,-0.0044071006,0,16.352843,-0.00010784126,0
0.5,0,26.913355,-0.0045347581,0,16.362072,-0.00010803333,0
0.5,0,26.913001,-0.0045796645,0,16.3713,-0.00010824484,0
0.5,0,26.912579,-0.0045350497,0,16.380529,-0.00010848325,0
0.5,0,26.912048,-0.0044151093,0,16.389757,-0.00010875464,0
0.5,0,26.911407,-0.0042493891,0,16.398985,-0.00010906087,0
0.5,0,26.910679,-0.0040731755,0,16.408214,-0.00010939819,0
0.5,0,26.909901,-0.0039175447,0,16.417442,-0.00010975742,0
0.5,0,26.909114,-0.0038026479,0,16.426671,-0.00011012556,0
0.5,0,26.908355,-0.0037362582,0,16.435899,-0.00011048807,0
0.5,0,26.907655,-0.0037169824,0,16.445128,-0.00011083092,0
0.5,0,26.907039,-0.0037396815,0,16.454356,-0.00011114198,0
0.5,0,26.906539,-0.0038002302,0,16.463585,-0.00011141123,0
0.5,0,26.906202,-0.0038975218,0,16.472813,-0.00011163059,0
0.5,0,26.906079,-0.004032093,0,16.482042,-0.00011179365,0
0.5,0,26.906206,-0.0042021523,0,16.49127,-0.00011189597,0
0.5,0,26.906589,-0.0043992346,0,16.500499,-0.00011193602,0
0.5,0,26.907195,-0.0046064062,0,16.509727,-0.00011191636,0
0.5,0,26.90795,-0.0048007797,0,16.518956,-0.00011184452,0
0.5,0,26.908762,-0.0049596102,0,16.528184,-0.00011173296,0
0.5,0,26.909531,-0.0050671564,0,16.537412,-0.00011159801,0
0.5,0,26.910164,-0.0051191966,0,16.546641,-0.00011145777,0
0.5,0,26.910586,-0.0051234305,0,16.555869,-0.00011132957,0
0.5,0,26.910745,-0.0050961345,0,16.565098,-0.00011122762,0
0.5,0,26.910632,-0.0050569125,0,16.574326,-0.00011116163,0
0.5,0,26.910282,-0.00502339,0,16.583555,-0.00011113649,0
0.5,0,26.909771,-0.0050070436,0,16.592783,-0.000111153,0
0.5,0,26.909186,-0.0050111198,0,16.602012,-0.00011120906,0
0.5,0,26.908587,-0.0050310792,0,16.61124,-0.00011130071,0
0.5,0,26.907998,-0.0050571175,0,16.620469,-0.00011142284,0
0.5,0,26.907405,-0.0050772479,0,16.629697,-0.00011156944,0
0.5,0,26.906761,-0.0050793175,0,16.638926,-0.0001117338,0
0.5,0,26.905995,-0.005051572,0,16.648154,-0.00011190876,0
0.5,0,26.905019,-0.0049825203,0,16.657383,-0.00011208721,0
0.5,0,26.903745,-0.0048615135,0,16.666611,-0.0001122625,0
0.5,0,26.9021,-0.0046811125,0,16.67584,-0.00011242861,0
0.5,0,26.900039,-0.0044410111,0,16.685068,-0.00011257965,0
0.5,0,26.897558,-0.0041518307,0,16.694296,-0.00011270869,0
0.5,0,26.894696,-0.0038364368,0,16.703525,-0.00011280636,0
0.5,0,26.891533,-0.0035271263,0,16.712753,-0.00011285965,0
0.5,0,26.888182,-0.0032586618,0,16.721982,-0.00011285184,0
0.5,0,26.884778,-0.0030588035,0,16.73121,-0.00011276371,0
0.5,0,26.88146,-0.0029395251,0,16.740439,-0.0001125762,0
0.5,0,26.878353,-0.0028923039,0,16.749667,-0.00011227385,0
0.5,0,26.875557,-0.0028893897,0,16.758896,-0.00011184824,0
0.5,0,26.873138,-0.0028914439,0,16.768124,-0.00011130051,0
0.5,0,26.871116,-0.0028597434,0,16.777353,-0.00011064206,0
0.5,0,26.869486,-0.002768176,0,16.786581,-0.00010989335,0
0.5,0,26.868229,-0.0026103295,0,16.79581,-0.00010908097,0
0.5,0,26.86732,-0.0024000282,0,16.805038,-0.00010823376,0
0.5,0,26.866725,-0.0021662063,0,16.814267,-0.0001073789,0
0.5,0,26.866409,-0.0019444165,0,16.823495,-0.00010653925,0
0.5,0,26.866354,-0.0017677221,0,16.832723,-0.00010573229,0
0.5,0,26.866567,-0.0016591168,0,16.841952,-0.0001049706,0
0.5,0,26.867091,-0.0016269271,0,16.85118,-0.00010426344,0
0.5,0,26.867973,-0.0016644459,0,16.860409,-0.00010361849,0
0.5,0,26.869255,-0.0017540831,0,16.869637,-0.00010304315,0
0.5,0,26.870953,-0.0018745621,0,16.878866,-0.00010254495,0
0.5,0,26.873049,-0.0020083037,0,16.888094,-0.0001021309,0
0.5,0,26.875488,-0.0021461525,0,16.897323,-0.00010180615,0
0.5,0,26.878177,-0.0022881124,0,16.906551,-0.00010157253,0
0.5,0,26.880997,-0.0024406892,0,16.91578,-0.00010142729,0
0.5,0,26.883807,-0.0026124595,0,16.925008,-0.0001013627,0
0.5,0,26.886457,-0.0028095618,0,16.934237,-0.00010136647,0
0.5,0,26.888823,-0.0030322575,0,16.943465,-0.00010142291,0
0.5,0,26.890829,-0.0032735362,0,16.952694,-0.0001015144,0
0.5,0,26.892451,-0.0035200114,0,16.961922,-0.00010162321,0
0.5,0,26.893716,-0.0037539442,0,16.97115,-0.00010173304,0
0.5,0,26.894694,-0.0039556703,0,16.980379,-0.00010183018,0
0.5,0,26.895485,-0.0041063197,0,16.989607,-0.00010190424,0
0.5,0,26.896196,-0.0041902255,0,16.998836,-0.00010194839,0
0.5,0,26.896929,-0.0041965577,0,17.008064,-0.0001019592,0
0.5,0,26.897753,-0.0041199942,0,17.017293,-0.00010193617,0
0.5,0,26.898693,-0.0039606801,0,17.026521,-0.00010188107,0
0.5,0,26.899724,-0.003724237,0,17.03575,-0.00010179721,0
0.5,0,26.900778,-0.0034222511,0,17.044978,-0.00010168853,0
0.5,0,26.901764,-0.0030726469,0,17.054207,-0.00010155865,0
0.5,0,26.902587,-0.0026989889,0,17.063435,-0.00010140983,0
0.5,0,26.903167,-0.0023285198,0,17.072664,-0.00010124218,0
0.5,0,26.903452,-0.0019892632,0,17.081892,-0.00010105322,0
0.5,0,26.903443,-0.0017066822,0,17.091121,-0.00010083806,0
0.5,0,26.903198,-0.0015004865,0,17.100349,-0.00010059012,0
0.5,0,26.902844,-0.0013820771,0,17.109577,-0.0001003023,0
0.5,0,26.902564,-0.0013527142,0,17.118806,-9.9968513e-05,0
0.5,0,26.902565,-0.0014026821,0,17.128034,-9.9585352e-05,0
0.5,0,26.90304,-0.0015122301,0,17.137263,-9.9153701e-05,0
0.5,0,26.904133,-0.0016548578,0,17.146491,-9.8679878e-05,0
0.5,0,26.905915,-0.0018025775,0,17.15572,-9.8175942e-05,0
0.5,0,26.908375,-0.00193183,0,17.164948,-9.7658972e-05,0
0.5,0,26.911422,-0.0020285102,0,17.174177,-9.7149399e-05,0
0.5,0,26.91489,-0.0020909163,0,17.183405,-9.6668649e-05,0
0.5,0,26.918557,-0.0021299605,0,17.192634,-9.6236547e-05,0
0.5,0,26.92217,-0.0021666406,0,17.201862,-9.586898e-05,0
0.5,0,26.925491,-0.0022273239,0,17.211091,-9.5576238e-05,0
0.5,0,26.928319,-0.0023378382,0,17.220319,-9.5362291e-05,0
0.5,0,26.930523,-0.0025177272,0,17.229548,-9.5225045e-05,0
0.5,0,26.932051,-0.002775992,0,17.238776,-9.515741e-05,0
0.5,0,26.932935,-0.0031093378,0,17.248004,-9.5148952e-05,0
0.5,0,26.933285,-0.0035026504,0,17.257233,-9.5187787e-05,0
0.5,0,26.933283,-0.0039310094,0,17.266461,-9.5262343e-05,0
0.5,0,26.933156,-0.0043632486,0,17.27569,-9.5362616e-05,0
0.5,0,26.933156,-0.0047664829,0,17.284918,-9.5480845e-05,0
0.5,0,26.933526,-0.0051105256,0,17.294147,-9.5611604e-05,0
0.5,0,26.934479,-0.0053714819,0,17.303375,-9.5751301e-05,0
0.5,0,26.936173,-0.0055340913,0,17.312604,-9.5897236e-05,0
0.5,0,26.938705,-0.0055928326,0,17.321832,-9.6046482e-05,0
0.5,0,26.942094,-0.0055522552,0,17.331061,-9.6194798e-05,0
0.5,0,26.946287,-0.0054258663,0,17.340289,-9.6335799e-05,0
0.5,0,26.951163,-0.0052322963,0,17.349518,-9.6460619e-05,0
0.5,0,26.956548,-0.0049915792,0,17.358746,-9.6558107e-05,0
0.5,0,26.962232,-0.0047234118,0,17.367975,-9.6615202e-05,0
0.5,0,26.96799,-0.0044443715,0,17.377203,-9.6617702e-05,0
0.5,0,26.97359,-0.0041656384,0,17.386431,-9.6551817e-05,0
0.5,0,26.978815,-0.0038919504,0,17.39566,-9.6406029e-05,0
0.5,0,26.983473,-0.0036212313,0,17.404888,-9.6172585e-05,0
0.5,0,26.987415,-0.0033461835,0,17.414117,-9.5848485e-05,0
0.5,0,26.990541,-0.0030568921,0,17.423345,-9.5435923e-05,0
0.5,0,26.992797,-0.0027442714,0,17.432574,-9.4942052e-05,0
0.5,0,26.994183,-0.0024039237,0,17.441802,-9.4377927e-05,0
0.5,0,26.994759,-0.0020398392,0,17.451031,-9.3756789e-05,0
0.5,0,26.994629,-0.0016675564,0,17.460259,-9.309194e-05,0
0.5,0,26.993926,-0.0013141023,0,17.469488,-9.2394533e-05,0
0.5,0,26.9928,-0.0010101395,0,17.478716,-9.1671773e-05,0
0.5,0,26.991379,-0.0008068614,0,17.487945,-9.092601e-05,0
0.5,0,26.989604,-0.00080692732,0,17.497173,-9.0154908e-05,0
0.5,0,26.987466,-0.00088970421,0,17.506402,-8.9352688e-05,0
0.5,0,26.986098,-0.00097455789,0,17.51563,-8.8512187e-05,0
0.5,0,26.985754,-0.0011573695,0,17.524858,-8.7627181e-05,0
0.5,0,26.985737,-0.0014098245,0,17.534087,-8.6694488e-05,0
0.5,0,26.986167,-0.0016930014,0,17.543315,-8.5715453e-05,0
0.5,0,26.987092,-0.0019666355,0,17.552544,-8.4696428e-05,0
0.5,0,26.988549,-0.0021962941,0,17.561772,-8.3648177e-05,0
0.5,0,26.990556,-0.0023580047,0,17.571001,-8.2584423e-05,0
0.5,0,26.993111,-0.0024402862,0,17.580229,-8.1519969e-05,0
0.5,0,26.996184,-0.0024438793,0,17.589458,-8.0468825e-05,0
0.5,0,26.999714,-0.0023797502,0,17.598686,-7.9442652e-05,0
0.5,0,27.003612,-0.0022655312,0,17.607915,-7.8449727e-05,0
0.5,0,27.007762,-0.0021214614,0,17.617143,-7.7494444e-05,0
0.5,0,27.012036,-0.001964293,0,17.626372,-7.6577335e-05,0
0.5,0,27.016291,-0.0018048499,0,17.6356,-7.5695374e-05,0
0.5,0,27.020481,-0.0016493477,0,17.644829,-7.4842614e-05,0
0.5,0,27.024459,-0.0015085491,0,17.654057,-7.4011281e-05,0
0.5,0,27.028217,-0.0013953405,0,17.663285,-7.3193665e-05,0
0.5,0,27.031872,-0.0013080929,0,17.672514,-7.2383157e-05,0
0.5,0,27.035447,-0.0012402724,0,17.681742,-7.1574026e-05,0
0.5,0,27.039111,-0.0011902976,0,17.690971,-7.0761853e-05,0
0.5,0,27.043023,-0.0011555514,0,17.700199,-6.9944121e-05,0
0.5,0,27.047317,-0.001132985,0,17.709428,-6.9120327e-05,0
0.5,0,27.052117,-0.0011216782,0,17.718656,-6.8291986e-05,0
0.5,0,27.0575,-0.0011228762,0,17.727885,-6.7462647e-05,0
0.5,0,27.06348,-0.0011395425,0,17.737113,-6.6637848e-05,0
0.5,0,27.070007,-0.0011757777,0,17.746342,-6.5824963e-05,0
0.5,0,27.076969,-0.0012361179,0,17.75557,-6.5032881e-05,0
0.5,0,27.084214,-0.0013251894,0,17.764799,-6.4271503e-05,0
0.5,0,27.091559,-0.0014471477,0,17.774027,-6.3551107e-05,0
0.5,0,27.098791,-0.0016047495,0,17.783256,-6.2881714e-05,0
0.5,0,27.10569,-0.0017993937,0,17.792484,-6.2272554e-05,0
0.5,0,27.112057,-0.0020316021,0,17.801712,-6.173178e-05,0
0.5,0,27.117742,-0.0023002876,0,17.810941,-6.1266617e-05,0
0.5,0,27.122665,-0.0026005637,0,17.820169,-6.0883651e-05,0
0.5,0,27.126804,-0.002922339,0,17.829398,-6.0588847e-05,0
0.5,0,27.130184,-0.003250855,0,17.838626,-6.0387613e-05,0
0.5,0,27.132879,-0.0035675298,0,17.847855,-6.0284646e-05,0
0.5,0,27.135005,-0.0038516386,0,17.857083,-6.0283246e-05,0
0.5,0,27.136703,-0.0040837612,0,17.866312,-6.0384389e-05,0
0.5,0,27.138119,-0.0042502893,0,17.87554,-6.0585739e-05,0
0.5,0,27.139375,-0.0043470525,0,17.884769,-6.0880809e-05,0
0.5,0,27.140552,-0.0043800868,0,17.893997,-6.1258372e-05,0
0.5,0,27.141674,-0.0043628072,0,17.903226,-6.1702127e-05,0
0.5,0,27.142709,-0.0043109008,0,17.912454,-6.219064e-05,0
0.5,0,27.143584,-0.004237657,0,17.921683,-6.2697711e-05,0
0.5,0,27.144208,-0.0041513088,0,17.930911,-6.319333e-05,0
0.5,0,27.144494,-0.004054813,0,17.940139,-6.3645335e-05,0
0.5,0,27.144379,-0.0039462684,0,17.949368,-6.4021759e-05,0
0.5,0,27.143839,-0.0038185262,0,17.958596,-6.4293506e-05,0
0.5,0,27.142905,-0.0036606836,0,17.967825,-6.4436381e-05,0
0.5,0,27.141665,-0.0034615726,0,17.977053,-6.4432106e-05,0
0.5,0,27.140261,-0.0032122077,0,17.986282,-6.4268884e-05,0
0.5,0,27.138871,-0.0029078063,0,17.99551,-6.3941581e-05,0
0.5,0,27.137675,-0.0025502105,0,18.004739,-6.3451227e-05,0
0.5,0,27.13682,-0.0021490117,0,18.013967,-6.2804127e-05,0
0.5,0,27.136381,-0.0017201065,0,18.023196,-6.2010966e-05,0
0.5,0,27.13635,-0.0012827569,0,18.032424,-6.1086055e-05,0
0.5,0,27.13665,-0.00085756498,0,18.041653,-6.0046676e-05,0
0.5,0,27.13715,-0.00046582601,0,18.050881,-5.8912442e-05,0
0.5,0,27.137675,-0.00012809749,0,18.06011,-5.7704691e-05,0
0.5,0,27.138036,0.00013818691,0,18.069338,-5.6446032e-05,0
0.5,0,27.13809,0.00031981599,0,18.078566,-5.515992e-05,0
0.5,0,27.137774,0.00040817212,0,18.087795,-5.3870013e-05,0
0.5,0,27.137114,0.00039905462,0,18.097023,-5.2599244e-05,0
0.5,0,27.136214,0.00029093658,0,18.106252,-5.136882e-05,0
0.5,0,27.135274,8.332472e-05,0,18.11548,-5.0197344e-05,0
0.5,0,27.134595,-0.00022280025,0,18.124709,-4.9100206e-05,0
0.5,0,27.134539,-0.0006202722,0,18.133937,-4.808907e-05,0
0.5,0,27.135459,-0.0010948247,0,18.143166,-4.7171417e-05,0
0.5,0,27.137627,-0.0016307824,0,18.152394,-4.6350821e-05,0
0.5,0,27.141212,-0.0022098255,0,18.161623,-4.5627742e-05,0
0.5,0,27.146273,-0.0028085176,0,18.170851,-4.4999748e-05,0
0.5,0,27.152754,-0.0034021821,0,18.18008,-4.4461555e-05,0
0.5,0,27.160496,-0.0039673305,0,18.189308,-4.4005484e-05,0
0.5,0,27.169235,-0.0044818638,0,18.198537,-4.3622067e-05,0
0.5,0,27.178615,-0.0049253908,0,18.207765,-4.3300499e-05,0
0.5,0,27.188192,-0.0052802346,0,18.216993,-4.3028949e-05,0
0.5,0,27.197444,-0.0055335547,0,18.226222,-4.2794842e-05,0
0.5,0,27.205778,-0.0056792413,0,18.23545,-4.2584982e-05,0
0.5,0,27.212563,-0.0057116639,0,18.244679,-4.2385508e-05,0
0.5,0,27.217135,-0.0056235999,0,18.253907,-4.2183292e-05,0
0.5,0,27.218816,-0.005419167,0,18.263136,-4.196794e-05,0
0.5,0,27.216968,-0.0051177106,0,18.272364,-4.1731229e-05,0
0.5,0,27.211007,-0.0047396481,0,18.281593,-4.1465682e-05,0
0.5,0,27.200439,-0.0042937986,0,18.290821,-4.1165152e-05,0
0.5,0,27.184911,-0.0037862326,0,18.30005,-4.0826528e-05,0
0.5,0,27.164273,-0.0032324831,0,18.309278,-4.0450008e-05,0
0.5,0,27.138614,-0.0026577797,0,18.318507,-4.0037345e-05,0
0.5,0,27.108308,-0.0020938607,0,18.327735,-3.9590214e-05,0
0.5,0,27.074066,-0.001571253,0,18.336964,-3.9110125e-05,0
0.5,0,27.036963,-0.0011134352,0,18.346192,-3.8599102e-05,0
0.5,0,26.998436,-0.00073321634,0,18.35542,-3.8060335e-05,0
0.5,0,26.96019,-0.00044087325,0,18.364649,-3.7498513e-05,0
0.5,0,26.923997,-0.00025413213,0,18.373877,-3.6918363e-05,0
0.5,0,26.891682,-0.00018201646,0,18.383106,-3.6323477e-05,0
0.5,0,26.864998,-0.0002333473,0,18.392334,-3.5717612e-05,0
0.5,0,26.844451,-0.00039549322,0,18.401563,-3.5106296e-05,0
0.5,0,26.830193,-0.00064464482,0,18.410791,-3.4497197e-05,0
0.5,0,26.822271,-0.0009708355,0,18.42002,-3.3900433e-05,0
0.5,0,26.819709,-0.0013550591,0,18.429248,-3.3328857e-05,0
0.5,0,26.821295,-0.0017787145,0,18.438477,-3.2797403e-05,0
0.5,0,26.825747,-0.0022247663,0,18.447705,-3.2321969e-05,0
0.5,0,26.831831,-0.002678766,0,18.456934,-3.1918104e-05,0
0.5,0,26.838494,-0.0031301755,0,18.466162,-3.1599819e-05,0
0.5,0,26.844937,-0.0035718947,0,18.475391,-3.1378626e-05,0
0.5,0,26.85064,-0.0040002259,0,18.484619,-3.1262796e-05,0
0.5,0,26.855346,-0.0044143741,0,18.493847,-3.1256807e-05,0
0.5,0,26.859014,-0.0048145342,0,18.503076,-3.1361043e-05,0
0.5,0,26.861752,-0.0051985201,0,18.512304,-3.1571921e-05,0
0.5,0,26.863748,-0.0055608692,0,18.521533,-3.1882576e-05,0
0.5,0,26.865211,-0.0058952021,0,18.530761,-3.2283707e-05,0
0.5,0,26.866322,-0.0061940273,0,18.53999,-3.2764336e-05,0
0.5,0,26.867197,-0.0064473941,0,18.549218,-3.3312458e-05,0
0.5,0,26.867887,-0.0066443179,0,18.558447,-3.3915381e-05,0
0.5,0,26.868385,-0.0067754417,0,18.567675,-3.4559995e-05,0
0.5,0,26.868634,-0.0068350488,0,18.576904,-3.5233012e-05,0
0.5,0,26.868572,-0.006820989,0,18.586132,-3.5921005e-05,0
0.5,0,26.868158,-0.0067338249,0,18.595361,-3.6610372e-05,0
0.5,0,26.867367,-0.0065772045,0,18.604589,-3.7287324e-05,0
0.5,0,26.8662,-0.0063580505,0,18.613818,-3.7937955e-05,0
0.5,0,26.864694,-0.0060848229,0,18.623046,-3.8548428e-05,0
0.5,0,26.862927,-0.0057654227,0,18.632274,-3.9105203e-05,0
0.5,0,26.861003,-0.0054070314,0,18.641503,-3.9595263e-05,0
0.5,0,26.859044,-0.0050176404,0,18.650731,-4.0006338e-05,0
0.5,0,26.857164,-0.0046063393,0,18.65996,-4.032716e-05,0
0.5,0,26.855464,-0.004182247,0,18.669188,-4.0547796e-05,0
0.5,0,26.854015,-0.0037543758,0,18.678417,-4.0660146e-05,0
0.5,0,26.852855,-0.0033313241,0,18.687645,-4.0658492e-05,0
0.5,0,26.851999,-0.0029202237,0,18.696874,-4.0539964e-05,0
0.5,0,26.851438,-0.002526952,0,18.706102,-4.0304902e-05,0
0.5,0,26.851073,-0.0021595843,0,18.715331,-3.9957203e-05,0
0.5,0,26.850986,-0.0018217195,0,18.724559,-3.9504999e-05,0
0.5,0,26.851042,-0.0015107331,0,18.733788,-3.8959624e-05,0
0.5,0,26.851055,-0.0012326549,0,18.743016,-3.833502e-05,0
0.5,0,26.851067,-0.00099703239,0,18.752245,-3.7648244e-05,0
0.5,0,26.850934,-0.00080862038,0,18.761473,-3.6918319e-05,0
0.5,0,26.850579,-0.00067341702,0,18.770701,-3.616518e-05,0
0.5,0,26.849972,-0.00059934677,0,18.77993,-3.5409082e-05,0
0.5,0,26.849095,-0.00059461244,0,18.789158,-3.4670113e-05,0
0.5,0,26.847961,-0.00066652907,0,18.798387,-3.3967718e-05,0
0.5,0,26.846626,-0.00081977827,0,18.807615,-3.3320157e-05,0
0.5,0,26.845178,-0.0010555843,0,18.816844,-3.2743987e-05,0
0.5,0,26.843738,-0.0013716974,0,18.826072,-3.2253664e-05,0
0.5,0,26.842445,-0.0017623615,0,18.835301,-3.1861348e-05,0
0.5,0,26.84145,-0.002218298,0,18.844529,-3.1576922e-05,0
0.5,0,26.840883,-0.0027264518,0,18.853758,-3.1408119e-05,0
0.5,0,26.840852,-0.0032696421,0,18.862986,-3.1360609e-05,0
0.5,0,26.841425,-0.0038280303,0,18.872215,-3.1438132e-05,0
0.5,0,26.842627,-0.0043820202,0,18.881443,-3.164278e-05,0
0.5,0,26.84437,-0.0049117668,0,18.890672,-3.1975273e-05,0
0.5,0,26.846345,-0.0053902212,0,18.8999,-3.2434741e-05,0
0.5,0,26.848405,-0.0057781247,0,18.909128,-3.3017691e-05,0
0.5,0,26.851294,-0.0060714889,0,18.918357,-3.3718437e-05,0
0.5,0,26.855089,-0.0062907669,0,18.927585,-3.4529153e-05,0
0.5,0,26.859139,-0.0064409553,0,18.936814,-3.543901e-05,0
0.5,0,26.863325,-0.0065315598,0,18.946042,-3.643393e-05,0
0.5,0,26.867521,-0.0065757848,0,18.955271,-3.7496271e-05,0
0.5,0,26.871638,-0.0065859808,0,18.964499,-3.860558e-05,0
0.5,0,26.875599,-0.0065728656,0,18.973728,-3.9739679e-05,0
0.5,0,26.879349,-0.0065460984,0,18.982956,-4.0875659e-05,0
0.5,0,26.882853,-0.0065123531,0,18.992185,-4.199106e-05,0
0.5,0,26.886094,-0.0064741162,0,19.001413,-4.3065234e-05,0
0.5,0,26.889074,-0.0064305196,0,19.010642,-4.4080554e-05,0
0.5,0,26.891813,-0.006378512,0,19.01987,-4.502328e-05,0
0.5,0,26.894339,-0.0063137301,0,19.029099,-4.5884149e-05,0
0.5,0,26.896687,-0.0062318672,0,19.038327,-4.665868e-05,0
0.5,0,26.898898,-0.0061303787,0,19.047555,-4.7347088e-05,0
0.5,0,26.901007,-0.0060094897,0,19.056784,-4.7953793e-05,0
0.5,0,26.903047,-0.0058721851,0,19.066012,-4.8486613e-05,0
0.5,0,26.905044,-0.0057233185,0,19.075241,-4.8955832e-05,0
0.5,0,26.907009,-0.0055690509,0,19.084469,-4.9373266e-05,0
0.5,0,26.908951,-0.0054171876,0,19.093698,-4.9751467e-05,0
0.5,0,26.910852,-0.0052769789,0,19.102926,-5.0103208e-05,0
0.5,0,26.912707,-0.0051555284,0,19.112155,-5.0440923e-05,0
0.5,0,26.914486,-0.0050553284,0,19.121383,-5.077575e-05,0
0.5,0,26.916156,-0.0049780783,0,19.130612,-5.1116706e-05,0
0.5,0,26.917716,-0.0049265689,0,19.13984,-5.1470534e-05,0
0.5,0,26.919123,-0.0049013227,0,19.149069,-5.1841879e-05,0
0.5,0,26.920328,-0.0048982791,0,19.158297,-5.2233348e-05,0
0.5,0,26.921276,-0.0049103105,0,19.167526,-5.2645423e-05,0
0.5,0,26.921916,-0.0049286828,0,19.176754,-5.3076519e-05,0
0.5,0,26.922198,-0.0049423635,0,19.185982,-5.3523396e-05,0
0.5,0,26.922071,-0.0049391497,0,19.195211,-5.398164e-05,0
0.5,0,26.92148,-0.0049088744,0,19.204439,-5.4445848e-05,0
0.5,0,26.920371,-0.0048453272,0,19.213668,-5.4909561e-05,0
0.5,0,26.918693,-0.0047464844,0,19.222896,-5.5365179e-05,0
0.5,0,26.916391,-0.0046147421,0,19.232125,-5.5803927e-05,0
0.5,0,26.913421,-0.0044572298,0,19.241353,-5.6215845e-05,0
0.5,0,26.909749,-0.0042851373,0,19.250582,-5.6589842e-05,0
0.5,0,26.905362,-0.004111802,0,19.25981,-5.6913917e-05,0
0.5,0,26.900274,-0.0039503291,0,19.269039,-5.7175667e-05,0
0.5,0,26.894532,-0.0038115106,0,19.278267,-5.7363155e-05,0
0.5,0,26.888217,-0.003702319,0,19.287496,-5.746613e-05,0
0.5,0,26.881447,-0.0036247232,0,19.296724,-5.7477369e-05,0
0.5,0,26.874377,-0.0035743464,0,19.305953,-5.7393864e-05,0
0.5,0,26.867193,-0.0035403064,0,19.315181,-5.7217584e-05,0
0.5,0,26.860099,-0.003507802,0,19.324409,-5.6955792e-05,0
0.5,0,26.853311,-0.0034623332,0,19.333638,-5.6620973e-05,0
0.5,0,26.847036,-0.0033924234,0,19.342866,-5.623035e-05,0
0.5,0,26.841475,-0.0032900652,0,19.352095,-5.5804482e-05,0
0.5,0,26.836795,-0.0031534337,0,19.361323,-5.5365046e-05,0
0.5,0,26.8331,-0.0029898431,0,19.370552,-5.4932835e-05,0
0.5,0,26.830429,-0.0028136183,0,19.37978,-5.452604e-05,0
0.5,0,26.828752,-0.0026424209,0,19.389009,-5.4158769e-05,0
0.5,0,26.827981,-0.0024953426,0,19.398237,-5.3840093e-05,0
0.5,0,26.827984,-0.0023911834,0,19.407466,-5.3573667e-05,0
0.5,0,26.828601,-0.0023456838,0,19.416694,-5.3357982e-05,0
0.5,0,26.829652,-0.0023686114,0,19.425923,-5.3187327e-05,0
0.5,0,26.830948,-0.0024622666,0,19.435151,-5.3053343e-05,0
0.5,0,26.832294,-0.0026218767,0,19.44438,-5.2946815e-05,0
0.5,0,26.833507,-0.0028359675,0,19.453608,-5.2859398e-05,0
0.5,0,26.834426,-0.0030884368,0,19.462836,-5.2784972e-05,0
0.5,0,26.834927,-0.0033619386,0,19.472065,-5.2720449e-05,0
0.5,0,26.834915,-0.0036390541,0,19.481293,-5.2666364e-05,0
0.5,0,26.834319,-0.0039045144,0,19.490522,-5.2627042e-05,0
0.5,0,26.833087,-0.0041481407,0,19.49975,-5.2610001e-05,0
0.5,0,26.831193,-0.0043654263,0,19.508979,-5.2624912e-05,0
0.5,0,26.828637,-0.0045564724,0,19.518207,-5.268241e-05,0
0.5,0,26.825449,-0.0047243794,0,19.527436,-5.2792932e-05,0
0.5,0,26.821687,-0.0048740422,0,19.536664,-5.2965659e-05,0
0.5,0,26.817436,-0.0050112718,0,19.545893,-5.3207662e-05,0
0.5,0,26.812807,-0.0051415429,0,19.555121,-5.3523305e-05,0
0.5,0,26.807923,-0.0052682552,0,19.56435,-5.3913964e-05,0
0.5,0,26.802919,-0.0053911602,0,19.573578,-5.4378032e-05,0
0.5,0,26.797931,-0.0055060744,0,19.582807,-5.491114e-05,0
0.5,0,26.793081,-0.0056058022,0,19.592035,-5.5506475e-05,0
0.5,0,26.78849,-0.0056816068,0,19.601263,-5.6155126e-05,0
0.5,0,26.784243,-0.0057242896,0,19.610492,-5.6846324e-05,0
0.5,0,26.780427,-0.0057234557,0,19.61972,-5.7567599e-05,0
0.5,0,26.777095,-0.005670619,0,19.628949,-5.8305135e-05,0
0.5,0,26.774284,-0.0055642838,0,19.638177,-5.9044409e-05,0
0.5,0,26.772011,-0.0054087996,0,19.647406,-5.9770712e-05,0
0.5,0,26.770227,-0.0052100408,0,19.656634,-6.0469536e-05,0
0.5,0,26.768917,-0.004972432,0,19.665863,-6.1127079e-05,0
0.5,0,26.76807,-0.0047021319,0,19.675091,-6.1730883e-05,0
0.5,0,26.767657,-0.0044109724,0,19.68432,-6.2270394e-05,0
0.5,0,26.767639,-0.0041133828,0,19.693548,-6.2737352e-05,0
0.5,0,26.767967,-0.0038224716,0,19.702777,-6.3126368e-05,0
0.5,0,26.768595,-0.0035500272,0,19.712005,-6.3435552e-05,0
0.5,0,26.769474,-0.0033077442,0,19.721234,-6.366676e-05,0
0.5,0,26.770554,-0.0031069004,0,19.730462,-6.382554e-05,0
0.5,0,26.771783,-0.0029579934,0,19.73969,-6.3921054e-05,0
0.5,0,26.773113,-0.0028692755,0,19.748919,-6.3965955e-05,0
0.5,0,26.774493,-0.0028459927,0,19.758147,-6.3975743e-05,0
0.5,0,26.775878,-0.002891957,0,19.767376,-6.396847e-05,0
0.5,0,26.777223,-0.0030096453,0,19.776604,-6.3964057e-05,0
0.5,0,26.778491,-0.0031968194,0,19.785833,-6.3983058e-05,0
0.5,0,26.779652,-0.0034469005,0,19.795061,-6.4045988e-05,0
0.5,0,26.780683,-0.0037520193,0,19.80429,-6.4172197e-05,0
0.5,0,26.781565,-0.0041020526,0,19.813518,-6.4378651e-05,0
0.5,0,26.782281,-0.0044845003,0,19.822747,-6.4679002e-05,0
0.5,0,26.782822,-0.0048854579,0,19.831975,-6.5082713e-05,0
0.5,0,26.783186,-0.00528993,0,19.841204,-6.5594353e-05,0
0.5,0,26.783376,-0.0056818701,0,19.850432,-6.6213225e-05,0
0.5,0,26.783401,-0.0060442146,0,19.859661,-6.6933292e-05,0
0.5,0,26.783278,-0.0063590033,0,19.868889,-6.7743394e-05,0
0.5,0,26.783026,-0.0066083109,0,19.878117,-6.8627736e-05,0
0.5,0,26.782672,-0.0067756052,0,19.887346,-6.956651e-05,0
0.5,0,26.782241,-0.0068461523,0,19.896574,-7.0536676e-05,0
0.5,0,26.78176,-0.0068073863,0,19.905803,-7.1512995e-05,0
0.5,0,26.781256,-0.0066502149,0,19.915031,-7.2468972e-05,0
0.5,0,26.780753,-0.0063704614,0,19.92426,-7.3377628e-05,0
0.5,0,26.780274,-0.0059701521,0,19.933488,-7.4212293e-05,0
0.5,0,26.77984,-0.0054583495,0,19.942717,-7.4947389e-05,0
0.5,0,26.779468,-0.0048504302,0,19.951945,-7.5559155e-05,0
0.5,0,26.779167,-0.0041668893,0,19.961174,-7.6026268e-05,0
0.5,0,26.778943,-0.0034326528,0,19.970402,-7.6330502e-05,0
0.5,0,26.778797,-0.0026750622,0,19.979631,-7.6457451e-05,0
0.5,0,26.778724,-0.0019212823,0,19.988859,-7.63972e-05,0
0.5,0,26.778718,-0.0011968434,0,19.998088,-7.6144983e-05,0
0.5,0,26.778763,-0.00052469935,0,20.007316,-7.5701741e-05,0
0.5,0,26.778843,7.5500626e-05,0,20.016544,-7.507449e-05,0
0.5,0,26.778939,0.00058793246,0,20.025773,-7.4276357e-05,0
0.5,0,26.779038,0.0010009205,0,20.035001,-7.3326323e-05,0
0.5,0,26.77913,0.0013068718,0,20.04423,-7.2248618e-05,0
0.5,0,26.779212,0.0015017476,0,20.053458,-7.1071839e-05,0
0.5,0,26.779288,0.0015843502,0,20.062687,-6.9827876e-05,0
0.5,0,26.779371,0.0015557895,0,20.071915,-6.8550715e-05,0
0.5,0,26.779477,0.0014192117,0,20.081144,-6.7275197e-05,0
0.5,0,26.779621,0.001179748,0,20.090372,-6.6035796e-05,0
0.5,0,26.779824,0.00084464063,0,20.099601,-6.4865505e-05,0
0.5,0,26.780105,0.00042348392,0,20.108829,-6.3794909e-05,0
0.5,0,26.780482,-7.1616425e-05,0,20.118058,-6.2851462e-05,0
0.5,0,26.780973,-0.00062628835,0,20.127286,-6.2058957e-05,0
0.5,0,26.781587,-0.0012246283,0,20.136515,-6.1437176e-05,0
0.5,0,26.782329,-0.0018500221,0,20.145743,-6.1001649e-05,0
0.5,0,26.783197,-0.0024860778,0,20.154971,-6.0763454e-05,0
0.5,0,26.784182,-0.003117723,0,20.1642,-6.0729038e-05,0
0.5,0,26.785272,-0.0037319781,0,20.173428,-6.0900098e-05,0
0.5,0,26.786454,-0.0043183822,0,20.182657,-6.1273512e-05,0
0.5,0,26.787715,-0.0048689839,0,20.191885,-6.1841376e-05,0
0.5,0,26.789043,-0.0053778507,0,20.201114,-6.2591136e-05,0
0.5,0,26.790428,-0.0058405771,0,20.210342,-6.3505828e-05,0
0.5,0,26.791858,-0.0062539367,0,20.219571,-6.4564457e-05,0
0.5,0,26.79332,-0.0066153229,0,20.228799,-6.5742608e-05,0
0.5,0,26.794801,-0.0069219965,0,20.238028,-6.7013253e-05,0
0.5,0,26.796288,-0.0071708581,0,20.247256,-6.8347691e-05,0
0.5,0,26.797774,-0.0073581983,0,20.256485,-6.9716537e-05,0
0.5,0,26.799252,-0.007479134,0,20.265713,-7.109073e-05,0
0.5,0,26.800722,-0.0075279657,0,20.274942,-7.2442495e-05,0
0.5,0,26.802183,-0.0074991236,0,20.28417,-7.37462e-05,0
0.5,0,26.803634,-0.0073881451,0,20.293398,-7.4979076e-05,0
0.5,0,26.805074,-0.0071927855,0,20.302627,-7.6121693e-05,0
0.5,0,26.806498,-0.0069142758,0,20.311855,-7.7158185e-05,0
0.5,0,26.807905,-0.0065577084,0,20.321084,-7.8076323e-05,0
0.5,0,26.809289,-0.0061315729,0,20.330312,-7.8867533e-05,0
0.5,0,26.810644,-0.0056467965,0,20.339541,-7.9526792e-05,0
0.5,0,26.811963,-0.0051125296,0,20.348769,-8.0052351e-05,0
0.5,0,26.813238,-0.0045466211,0,20.357998,-8.0445477e-05,0
0.5,0,26.81446,-0.0039725588,0,20.367226,-8.0710192e-05,0
0.5,0,26.815615,-0.0034086489,0,20.376455,-8.0852956e-05,0
0.5,0,26.816695,-0.0028733326,0,20.385683,-8.0882379e-05,0
0.5,0,26.817698,-0.0023840224,0,20.394912,-8.0808937e-05,0
0.5,0,26.818626,-0.0019564929,0,20.40414,-8.0644732e-05,0
0.5,0,26.819478,-0.0016043259,0,20.413369,-8.040327e-05,0
0.5,0,26.820257,-0.0013381205,0,20.422597,-8.0099177e-05,0
0.5,0,26.82096,-0.0011648548,0,20.431825,-7.9747835e-05,0
0.5,0,26.821587,-0.0010877179,0,20.441054,-7.9364939e-05,0
0.5,0,26.82214,-0.0011061534,0,20.450282,-7.8966048e-05,0
0.5,0,26.822621,-0.0012159312,0,20.459511,-7.8566202e-05,0
0.5,0,26.823037,-0.0014092616,0,20.468739,-7.8179616e-05,0
0.5,0,26.823391,-0.0016749977,0,20.477968,-7.7819433e-05,0
0.5,0,26.823689,-0.0019990364,0,20.487196,-7.7497493e-05,0
0.5,0,26.823937,-0.0023650394,0,20.496425,-7.7224097e-05,0
0.5,0,26.824148,-0.0027552611,0,20.505653,-7.700776e-05,0
0.5,0,26.824335,-0.0031513099,0,20.514882,-7.6854943e-05,0
0.5,0,26.824517,-0.0035350766,0,20.52411,-7.6769803e-05,0
0.5,0,26.824717,-0.0038898612,0,20.533339,-7.6753986e-05,0
0.5,0,26.824953,-0.0042014128,0,20.542567,-7.6806533e-05,0
0.5,0,26.82524,-0.0044584908,0,20.551796,-7.6923892e-05,0
0.5,0,26.825593,-0.0046529187,0,20.561024,-7.7100016e-05,0
0.5,0,26.826026,-0.0047794053,0,20.570252,-7.7326531e-05,0
0.5,0,26.826557,-0.0048353179,0,20.579481,-7.7592976e-05,0
0.5,0,26.827193,-0.0048206046,0,20.588709,-7.7887179e-05,0
0.5,0,26.827935,-0.0047377749,0,20.597938,-7.8195777e-05,0
0.5,0,26.828773,-0.0045915853,0,20.607166,-7.8504862e-05,0
0.5,0,26.829693,-0.0043884426,0,20.616395,-7.8800662e-05,0
0.5,0,26.83067,-0.0041359962,0,20.625623,-7.9070178e-05,0
0.5,0,26.831682,-0.0038431141,0,20.634852,-7.9301717e-05,0
0.5,0,26.832711,-0.003519808,0,20.64408,-7.9485298e-05,0
0.5,0,26.83374,-0.0031767131,0,20.653309,-7.9612934e-05,0
0.5,0,26.834757,-0.0028244675,0,20.662537,-7.9678741e-05,0
0.5,0,26.835747,-0.0024736886,0,20.671766,-7.9678878e-05,0
0.5,0,26.836693,-0.0021354818,0,20.680994,-7.9611344e-05,0
0.5,0,26.837574,-0.001821655,0,20.690223,-7.9475716e-05,0
0.5,0,26.838372,-0.0015440681,0,20.699451,-7.927287e-05,0
0.5,0,26.839068,-0.0013137974,0,20.708679,-7.900474e-05,0
0.5,0,26.839648,-0.001140669,0,20.717908,-7.867408e-05,0
0.5,0,26.840107,-0.0010325505,0,20.727136,-7.8284231e-05,0
0.5,0,26.840442,-0.0009943256,0,20.736365,-7.7838933e-05,0
0.5,0,26.84066,-0.0010271544,0,20.745593,-7.7342239e-05,0
0.5,0,26.84077,-0.0011283563,0,20.754822,-7.6798589e-05,0
0.5,0,26.840779,-0.0012917572,0,20.76405,-7.6213022e-05,0
0.5,0,26.840697,-0.0015079887,0,20.773279,-7.5591479e-05,0
0.5,0,26.840543,-0.0017647571,0,20.782507,-7.4941048e-05,0
0.5,0,26.840339,-0.0020477673,0,20.791736,-7.4270134e-05,0
0.5,0,26.840114,-0.002341977,0,20.800964,-7.358853e-05,0
0.5,0,26.839896,-0.0026326827,0,20.810193,-7.2907385e-05,0
0.5,0,26.839706,-0.0029067806,0,20.819421,-7.223896e-05,0
0.5,0,26.839563,-0.0031540867,0,20.82865,-7.1596195e-05,0
0.5,0,26.839475,-0.003368348,0,20.837878,-7.0992137e-05,0
0.5,0,26.839443,-0.0035478472,0,20.847106,-7.0439308e-05,0
0.5,0,26.839466,-0.003695506,0,20.856335,-6.9949055e-05,0
0.5,0,26.83954,-0.0038183761,0,20.865563,-6.9530952e-05,0
0.5,0,26.839658,-0.0039265216,0,20.874792,-6.9192319e-05,0
0.5,0,26.839806,-0.0040314841,0,20.88402,-6.8937908e-05,0
0.5,0,26.839965,-0.0041446075,0,20.893249,-6.8769773e-05,0
0.5,0,26.840121,-0.0042754969,0,20.902477,-6.8687303e-05,0
0.5,0,26.840262,-0.0044308187,0,20.911706,-6.8687385e-05,0
0.5,0,26.84039,-0.0046134193,0,20.920934,-6.8764708e-05,0
0.5,0,26.840513,-0.0048219617,0,20.930163,-6.8912145e-05,0
0.5,0,26.840644,-0.0050507446,0,20.939391,-6.9121199e-05,0
0.5,0,26.840797,-0.0052899882,0,20.94862,-6.9382464e-05,0
0.5,0,26.840984,-0.0055270353,0,20.957848,-6.9685954e-05,0
0.5,0,26.841212,-0.0057474111,0,20.967077,-7.0021293e-05,0
0.5,0,26.841486,-0.0059358872,0,20.976305,-7.0377834e-05,0
0.5,0,26.841809,-0.0060782415,0,20.985533,-7.0744751e-05,0
0.5,0,26.842183,-0.0061629381,0,20.994762,-7.1111164e-05,0
0.5,0,26.842605,-0.0061817336,0,21.00399,-7.1466321e-05,0
0.5,0,26.843064,-0.0061294917,0,21.013219,-7.1799781e-05,0
0.5,0,26.843547,-0.0060039415,0,21.022447,-7.2101558e-05,0
0.5,0,26.844036,-0.0058054792,0,21.031676,-7.2362277e-05,0
0.5,0,26.844513,-0.0055373557,0,21.040904,-7.2573453e-05,0
0.5,0,26.844959,-0.0052056897,0,21.050133,-7.2727872e-05,0
0.5,0,26.845371,-0.0048185013,0,21.059361,-7.2819935e-05,0
0.5,0,26.845754,-0.0043852706,0,21.06859,-7.2845827e-05,0
0.5,0,26.846123,-0.0039169386,0,21.077818,-7.280361e-05,0
0.5,0,26.846499,-0.0034249706,0,21.087047,-7.2693237e-05,0
0.5,0,26.846902,-0.0029202134,0,21.096275,-7.2516263e-05,0
0.5,0,26.847354,-0.0024123098,0,21.105504,-7.2275305e-05,0
0.5,0,26.847874,-0.0019098746,0,21.114732,-7.1973406e-05,0
0.5,0,26.84848,-0.0014208604,0,21.12396,-7.1613356e-05,0
0.5,0,26.849186,-0.0009526159,0,21.133189,-7.1197016e-05,0
0.5,0,26.850005,-0.00051197547,0,21.142417,-7.0724706e-05,0
0.5,0,26.850944,-0.00010528202,0,21.151646,-7.0194711e-05,0
0.5,0,26.852011,0.00026182122,0,21.160874,-6.9603013e-05,0
0.5,0,26.853209,0.00058485714,0,21.170103,-6.8943365e-05,0
0.5,0,26.854539,0.00086089299,0,21.179331,-6.8207702e-05,0
0.5,0,26.855997,0.0010885935,0,21.18856,-6.7386857e-05,0
0.5,0,26.857578,0.0012680579,0,21.197788,-6.6471503e-05,0
0.5,0,26.859273,0.0014004682,0,21.207017,-6.5453351e-05,0
0.5,0,26.861073,0.0014876716,0,21.216245,-6.4326531e-05,0
0.5,0,26.862968,0.0015319533,0,21.225474,-6.3088989e-05,0
0.5,0,26.864946,0.0015359045,0,21.234702,-6.1743642e-05,0
0.5,0,26.866992,0.0015020475,0,21.243931,-6.0299135e-05,0
0.5,0,26.869089,0.0014322175,0,21.253159,-5.8770099e-05,0
0.5,0,26.871217,0.0013269723,0,21.262387,-5.7176919e-05,0
0.5,0,26.873347,0.0011854243,0,21.271616,-5.5545e-05,0
0.5,0,26.875452,0.001005514,0,21.280844,-5.390356e-05,0
0.5,0,26.877503,0.00078451639,0,21.290073,-5.2284057e-05,0
0.5,0,26.87947,0.00051970278,0,21.299301,-5.0718403e-05,0
0.5,0,26.881328,0.00020922695,0,21.30853,-4.9237118e-05,0
0.5,0,26.88306,-0.00014674773,0,21.317758,-4.7867586e-05,0
0.5,0,26.884663,-0.00054499703,0,21.326987,-4.6632551e-05,0
0.5,0,26.886141,-0.00097875603,0,21.336215,-4.5548993e-05,0
0.5,0,26.887498,-0.0014378012,0,21.345444,-4.462751e-05,0
0.5,0,26.888744,-0.0019086534,0,21.354672,-4.3872185e-05,0
0.5,0,26.88989,-0.0023752123,0,21.363901,-4.3280899e-05,0
0.5,0,26.890952,-0.0028200449,0,21.373129,-4.2845976e-05,0
0.5,0,26.891949,-0.0032258648,0,21.382358,-4.2555141e-05,0
0.5,0,26.892898,-0.0035768607,0,21.391586,-4.2392641e-05,0
0.5,0,26.893812,-0.0038599242,0,21.400815,-4.2340427e-05,0
0.5,0,26.894708,-0.004065766,0,21.410043,-4.2379234e-05,0
0.5,0,26.895599,-0.0041905971,0,21.419271,-4.2489539e-05,0
0.5,0,26.896501,-0.0042366193,0,21.4285,-4.2652341e-05,0
0.5,0,26.897426,-0.004211424,0,21.437728,-4.2849824e-05,0
0.5,0,26.898388,-0.0041274864,0,21.446957,-4.3065794e-05,0
0.5,0,26.899402,-0.004001142,0,21.456185,-4.3285807e-05,0
0.5,0,26.900477,-0.0038513146,0,21.465414,-4.349731e-05,0
0.5,0,26.901615,-0.00369658,0,21.474642,-4.3689679e-05,0
0.5,0,26.902812,-0.0035520953,0,21.483871,-4.3854089e-05,0
0.5,0,26.904069,-0.0034282375,0,21.493099,-4.3983412e-05,0
0.5,0,26.905378,-0.0033250558,0,21.502328,-4.4071712e-05,0
0.5,0,26.906746,-0.0032368849,0,21.511556,-4.4113238e-05,0
0.5,0,26.908142,-0.0032313789,0,21.520785,-4.4106777e-05,0
0.5,0,26.90965,-0.0032455898,0,21.530013,-4.4054991e-05,0
0.5,0,26.911253,-0.0031861059,0,21.539242,-4.3955279e-05,0
0.5,0,26.912846,-0.0031391705,0,21.54847,-4.3803452e-05,0
0.5,0,26.914463,-0.0030940612,0,21.557698,-4.3602937e-05,0
0.5,0,26.916106,-0.0029932345,0,21.566927,-4.3360087e-05,0
0.5,0,26.917778,-0.0028450419,0,21.576155,-4.3079333e-05,0
0.5,0,26.919456,-0.0026554718,0,21.585384,-4.2766184e-05,0
0.5,0,26.921119,-0.002426822,0,21.594612,-4.2427999e-05,0
0.5,0,26.922754,-0.0021718615,0,21.603841,-4.2073368e-05,0
0.5,0,26.924349,-0.0019101679,0,21.613069,-4.1711953e-05,0
0.5,0,26.925895,-0.0016656506,0,21.622298,-4.135445e-05,0
0.5,0,26.927388,-0.0014642826,0,21.631526,-4.1012534e-05,0
0.5,0,26.92882,-0.0013311821,0,21.640755,-4.0698735e-05,0
0.5,0,26.930186,-0.0012883573,0,21.649983,-4.0426208e-05,0
0.5,0,26.931477,-0.0013530134,0,21.659212,-4.020844e-05,0
0.5,0,26.932687,-0.00153586,0,21.66844,-4.0058949e-05,0
0.5,0,26.933817,-0.0018392864,0,21.677669,-3.9990864e-05,0
0.5,0,26.93487,-0.0022562591,0,21.686897,-4.001632e-05,0
0.5,0,26.935853,-0.0027706481,0,21.696125,-4.0145689e-05,0
0.5,0,26.936773,-0.0033584945,0,21.705354,-4.038676e-05,0
0.5,0,26.937635,-0.0039898611,0,21.714582,-4.0743917e-05,0
0.5,0,26.938442,-0.0046309689,0,21.723811,-4.1217381e-05,0
0.5,0,26.939192,-0.0052463914,0,21.733039,-4.1802581e-05,0
0.5,0,26.939885,-0.0058008255,0,21.742268,-4.2489745e-05,0
0.5,0,26.940513,-0.0062600684,0,21.751496,-4.3263777e-05,0
0.5,0,26.941059,-0.0065908514,0,21.760725,-4.4104495e-05,0
0.5,0,26.941494,-0.0067574444,0,21.769953,-4.49871e-05,0
0.5,0,26.941759,-0.0067200555,0,21.779182,-4.5882961e-05,0
0.5,0,26.941764,-0.0065054359,0,21.78841,-4.6760807e-05,0
0.5,0,26.94162,-0.0064823974,0,21.797639,-4.7588186e-05,0
0.5,0,26.941427,-0.0062444037,0,21.806867,-4.8333151e-05,0
0.5,0,26.94181,-0.0055546262,0,21.816096,-4.8966049e-05,0
0.5,0,26.942796,-0.0048478017,0,21.825324,-4.9461164e-05,0
0.5,0,26.943804,-0.0040750146,0,21.834552,-4.9798077e-05,0
0.5,0,26.944909,-0.0032557383,0,21.843781,-4.9962671e-05,0
0.5,0,26.946119,-0.0024154751,0,21.853009,-4.9947726e-05,0
0.5,0,26.947428,-0.0015811164,0,21.862238,-4.9753047e-05,0
0.5,0,26.948823,-0.00077936382,0,21.871466,-4.9385189e-05,0
0.5,0,26.950288,-3.5702521e-05,0,21.880695,-4.8856914e-05,0
0.5,0,26.951814,0.00062671506,0,21.889923,-4.8186308e-05,0
0.5,0,26.95339,0.0011876801,0,21.899152,-4.739562e-05,0
0.5,0,26.955009,0.0016306765,0,21.90838,-4.6509993e-05,0
0.5,0,26.956666,0.0019440239,0,21.917609,-4.5556177e-05,0
0.5,0,26.958359,0.0021219067,0,21.926837,-4.4561347e-05,0
0.5,0,26.960098,0.0021646439,0,21.936066,-4.3552062e-05,0
0.5,0,26.961896,0.0020781253,0,21.945294,-4.2553443e-05,0
0.5,0,26.963766,0.0018728865,0,21.954523,-4.1588597e-05,0
0.5,0,26.965718,0.0015632143,0,21.963751,-4.0678295e-05,0
0.5,0,26.96776,0.0011662766,0,21.972979,-3.9840872e-05,0
0.5,0,26.969895,0.0007010827,0,21.982208,-3.9092267e-05,0
0.5,0,26.97212,0.00018726241,0,21.991436,-3.8446124e-05,0
0.5,0,26.974425,-0.00035611431,0,22.000665,-3.7913937e-05,0
0.5,0,26.976799,-0.00091149075,0,22.009893,-3.7505203e-05,0
0.5,0,26.979243,-0.0014633792,0,22.019122,-3.7227556e-05,0
0.5,0,26.981771,-0.0019986797,0,22.02835,-3.7086802e-05,0
0.5,0,26.984394,-0.0025074754,0,22.037579,-3.7086871e-05,0
0.5,0,26.987115,-0.0029840208,0,22.046807,-3.7229915e-05,0
0.5,0,26.989928,-0.0034248904,0,22.056036,-3.7515518e-05,0
0.5,0,26.99283,-0.0038284713,0,22.065264,-3.7940599e-05,0
0.5,0,26.995821,-0.0041963499,0,22.074493,-3.849981e-05,0
0.5,0,26.998897,-0.0045308823,0,22.083721,-3.9185171e-05,0
0.5,0,27.002045,-0.0048331513,0,22.09295,-3.998621e-05,0
0.5,0,27.005247,-0.0051024034,0,22.102178,-4.0890155e-05,0
0.5,0,27.008486,-0.0053354955,0,22.111406,-4.1882265e-05,0
0.5,0,27.011747,-0.0055274674,0,22.120635,-4.294632e-05,0
0.5,0,27.015014,-0.005672533,0,22.129863,-4.4065144e-05,0
0.5,0,27.01827,-0.0057645778,0,22.139092,-4.5221211e-05,0
0.5,0,27.021494,-0.0057972424,0,22.14832,-4.6397346e-05,0
0.5,0,27.024668,-0.005764752,0,22.157549,-4.7577326e-05,0
0.5,0,27.027781,-0.0056633741,0,22.166777,-4.8746364e-05,0
0.5,0,27.03083,-0.0054927215,0,22.176006,-4.9891501e-05,0
0.5,0,27.033818,-0.0052563786,0,22.185234,-5.100186e-05,0
0.5,0,27.036746,-0.0049618322,0,22.194463,-5.2068687e-05,0
0.5,0,27.039616,-0.004620507,0,22.203691,-5.3085231e-05,0
0.5,0,27.042425,-0.004247805,0,22.21292,-5.4046579e-05,0
0.5,0,27.045174,-0.0038626218,0,22.222148,-5.4949519e-05,0
0.5,0,27.047871,-0.0034861445,0,22.231377,-5.5792374e-05,0
0.5,0,27.050527,-0.0031398753,0,22.240605,-5.6574867e-05,0
0.5,0,27.053155,-0.0028434113,0,22.249833,-5.7298028e-05,0
0.5,0,27.055769,-0.0026126693,0,22.259062,-5.7964188e-05,0
0.5,0,27.058378,-0.0024588562,0,22.26829,-5.8576983e-05,0
0.5,0,27.060991,-0.0023881273,0,22.277519,-5.9141375e-05,0
0.5,0,27.063621,-0.0024015967,0,22.286747,-5.9663679e-05,0
0.5,0,27.066284,-0.0024953196,0,22.295976,-6.0151592e-05,0
0.5,0,27.069001,-0.0026602238,0,22.305204,-6.0614097e-05,0
0.5,0,27.071794,-0.0028824457,0,22.314433,-6.1061163e-05,0
0.5,0,27.074679,-0.0031442947,0,22.323661,-6.1503183e-05,0
0.5,0,27.077671,-0.0034255269,0,22.33289,-6.1950224e-05,0
0.5,0,27.080779,-0.0037046958,0,22.342118,-6.2411149e-05,0
0.5,0,27.084012,-0.0039608141,0,22.351347,-6.2892701e-05,0
0.5,0,27.087376,-0.0041752412,0,22.360575,-6.3398687e-05,0
0.5,0,27.090878,-0.0043329504,0,22.369804,-6.3929359e-05,0
0.5,0,27.094519,-0.0044228128,0,22.379032,-6.4481002e-05,0
0.5,0,27.098293,-0.0044374806,0,22.38826,-6.5045742e-05,0
0.5,0,27.102186,-0.0043733405,0,22.397489,-6.5611599e-05,0
0.5,0,27.106175,-0.0042303718,0,22.406717,-6.6162855e-05,0
0.5,0,27.110226,-0.0040117354,0,22.415946,-6.6680754e-05,0
0.5,0,27.114304,-0.0037233699,0,22.425174,-6.7144464e-05,0
0.5,0,27.118374,-0.0033737525,0,22.434403,-6.7532272e-05,0
0.5,0,27.122403,-0.0029738684,0,22.443631,-6.7822939e-05,0
0.5,0,27.126363,-0.0025376119,0,22.45286,-6.7997107e-05,0
0.5,0,27.130211,-0.0020815515,0,22.462088,-6.8038611e-05,0
0.5,0,27.133866,-0.0016194041,0,22.471317,-6.7935613e-05,0
0.5,0,27.1373,-0.0011639145,0,22.480545,-6.7681489e-05,0
0.5,0,27.140751,-0.00074389326,0,22.489774,-6.7275314e-05,0
0.5,0,27.14392,-0.00037024118,0,22.499002,-6.6722135e-05,0
0.5,0,27.146677,-4.5550739e-05,0,22.508231,-6.6032574e-05,0
0.5,0,27.149332,0.0002105156,0,22.517459,-6.5221957e-05,0
0.5,0,27.151796,0.00038772516,0,22.526687,-6.4309452e-05,0
0.5,0,27.154045,0.00048092092,0,22.535916,-6.3317091e-05,0
0.5,0,27.156097,0.00048847254,0,22.545144,-6.2268886e-05,0
0.5,0,27.157964,0.00041328736,0,22.554373,-6.1189762e-05,0
0.5,0,27.15966,0.00026325986,0,22.563601,-6.010438e-05,0
0.5,0,27.161194,5.1297807e-05,0,22.57283,-5.9036165e-05,0
0.5,0,27.162574,-0.00020604064,0,22.582058,-5.800648e-05,0
0.5,0,27.1638,-0.00049056729,0,22.591287,-5.7033943e-05,0
0.5,0,27.16487,-0.00078421841,0,22.600515,-5.6134026e-05,0
0.5,0,27.165774,-0.0010708067,0,22.609744,-5.5318863e-05,0
0.5,0,27.166504,-0.0013373312,0,22.618972,-5.459721e-05,0
0.5,0,27.167047,-0.0015746533,0,22.628201,-5.39745e-05,0
0.5,0,27.167391,-0.0017786061,0,22.637429,-5.3453031e-05,0
0.5,0,27.16753,-0.0019509341,0,22.646658,-5.3032292e-05,0
0.5,0,27.16746,-0.0020990967,0,22.655886,-5.2709434e-05,0
0.5,0,27.167182,-0.0022351384,0,22.665114,-5.2479797e-05,0
0.5,0,27.166696,-0.0023735586,0,22.674343,-5.2337408e-05,0
0.5,0,27.166011,-0.0025284714,0,22.683571,-5.227529e-05,0
0.5,0,27.165144,-0.0027117445,0,22.6928,-5.2285646e-05,0
0.5,0,27.16413,-0.0029329729,0,22.702028,-5.2360106e-05,0
0.5,0,27.163015,-0.0031986904,0,22.711257,-5.2490121e-05,0
0.5,0,27.161857,-0.0035092483,0,22.720485,-5.2667221e-05,0
0.5,0,27.160728,-0.003856657,0,22.729714,-5.2882879e-05,0
0.5,0,27.159687,-0.0042255546,0,22.738942,-5.3128162e-05,0
0.5,0,27.158782,-0.004595166,0,22.748171,-5.3393491e-05,0
0.5,0,27.158075,-0.0049407077,0,22.757399,-5.3668538e-05,0
0.5,0,27.157631,-0.0052357648,0,22.766628,-5.3941991e-05,0
0.5,0,27.15745,-0.0054565069,0,22.775856,-5.4201381e-05,0
0.5,0,27.157653,-0.0055788398,0,22.785085,-5.443358e-05,0
0.5,0,27.158212,-0.005579059,0,22.794313,-5.46243e-05,0
0.5,0,27.159064,-0.0054464684,0,22.803541,-5.4758218e-05,0
0.5,0,27.160296,-0.0051817739,0,22.81277,-5.4820533e-05,0
0.5,0,27.16185,-0.0047900737,0,22.821998,-5.479756e-05,0
0.5,0,27.163693,-0.0042839137,0,22.831227,-5.4677262e-05,0
0.5,0,27.165808,-0.0036839977,0,22.840455,-5.4450339e-05,0
0.5,0,27.168163,-0.0030176663,0,22.849684,-5.4111484e-05,0
0.5,0,27.170721,-0.0023169384,0,22.858912,-5.3660212e-05,0
0.5,0,27.173433,-0.0016158956,0,22.868141,-5.3101314e-05,0
0.5,0,27.17626,-0.00094908307,0,22.877369,-5.24452e-05,0
0.5,0,27.179111,-0.00035107677,0,22.886598,-5.1708213e-05,0
0.5,0,27.181956,0.00014976479,0,22.895826,-5.0912169e-05,0
0.5,0,27.184744,0.00053238844,0,22.905055,-5.008331e-05,0
0.5,0,27.187395,0.00077609839,0,22.914283,-4.9251406e-05,0
0.5,0,27.189914,0.00086563868,0,22.923512,-4.8448533e-05,0
0.5,0,27.192268,0.00079590937,0,22.93274,-4.7707431e-05,0
0.5,0,27.194433,0.00056839503,0,22.941968,-4.7059789e-05,0
0.5,0,27.196393,0.00019030003,0,22.951197,-4.6534653e-05,0
0.5,0,27.198131,-0.00032559604,0,22.960425,-4.6157047e-05,0
0.5,0,27.199648,-0.00096210885,0,22.969654,-4.5946927e-05,0
0.5,0,27.200968,-0.0016979644,0,22.978882,-4.5918451e-05,0
0.5,0,27.202133,-0.0025087421,0,22.988111,-4.6079573e-05,0
0.5,0,27.203189,-0.0033682968,0,22.997339,-4.643203e-05,0
0.5,0,27.204184,-0.0042471828,0,23.006568,-4.6971703e-05,0
0.5,0,27.205157,-0.0051160153,0,23.015796,-4.7689233e-05,0
0.5,0,27.206151,-0.0059483687,0,23.025025,-4.8570804e-05,0
0.5,0,27.207201,-0.0067181189,0,23.034253,-4.9599192e-05,0
0.5,0,27.208335,-0.0074001072,0,23.043482,-5.0754758e-05,0
0.5,0,27.209577,-0.0079709943,0,23.05271,-5.2015835e-05,0
0.5,0,27.210934,-0.0084107494,0,23.061939,-5.3358964e-05,0
0.5,0,27.212405,-0.0087042253,0,23.071167,-5.4759285e-05,0
0.5,0,27.213984,-0.0088410722,0,23.080395,-5.6190961e-05,0
0.5,0,27.215667,-0.008815882,0,23.089624,-5.7627606e-05,0
0.5,0,27.21745,-0.0086289659,0,23.098852,-5.9042542e-05,0
0.5,0,27.219329,-0.008287278,0,23.108081,-6.0408956e-05,0
0.5,0,27.221304,-0.0078046048,0,23.117309,-6.1700254e-05,0
0.5,0,27.223375,-0.0072001148,0,23.126538,-6.2890719e-05,0
0.5,0,27.225546,-0.0064964709,0,23.135766,-6.3956071e-05,0
0.5,0,27.227824,-0.0057200694,0,23.144995,-6.4873881e-05,0
0.5,0,27.23021,-0.0048993843,0,23.154223,-6.562435e-05,0
0.5,0,27.232701,-0.0040603948,0,23.163452,-6.6191e-05,0
0.5,0,27.23529,-0.0032253047,0,23.17268,-6.6560902e-05,0
0.5,0,27.237967,-0.0024133865,0,23.181909,-6.6725017e-05,0
0.5,0,27.240721,-0.0016411676,0,23.191137,-6.6678488e-05,0
0.5,0,27.243545,-0.0009217513,0,23.200366,-6.6420651e-05,0
0.5,0,27.246435,-0.00026376808,0,23.209594,-6.5954914e-05,0
0.5,0,27.249381,0.0003297985,0,23.218822,-6.5288377e-05,0
0.5,0,27.252363,0.00086305033,0,23.228051,-6.4430974e-05,0
0.5,0,27.25536,0.0013444122,0,23.237279,-6.339453e-05,0
0.5,0,27.258372,0.0017798221,0,23.246508,-6.2192436e-05,0
0.5,0,27.261371,0.0021707897,0,23.255736,-6.0839903e-05,0
0.5,0,27.264347,0.0025193847,0,23.264965,-5.9353651e-05,0
0.5,0,27.267315,0.0028296614,0,23.274193,-5.7751385e-05,0
0.5,0,27.270274,0.0031018899,0,23.283422,-5.6051961e-05,0
0.5,0,27.273214,0.0033308208,0,23.29265,-5.4275682e-05,0
0.5,0,27.276105,0.0035084247,0,23.301879,-5.2444505e-05,0
0.5,0,27.278942,0.0036247816,0,23.311107,-5.0582376e-05,0
0.5,0,27.281755,0.0036689921,0,23.320336,-4.8715614e-05,0
0.5,0,27.284589,0.0036299029,0,23.329564,-4.687307e-05,0
0.5,0,27.287279,0.0034971847,0,23.338793,-4.5085291e-05,0
0.5,0,27.289952,0.003258233,0,23.348021,-4.3384776e-05,0
0.5,0,27.292712,0.0029082908,0,23.357249,-4.1805241e-05,0
0.5,0,27.295398,0.0024528873,0,23.366478,-4.0379691e-05,0
0.5,0,27.298095,0.0018969202,0,23.375706,-3.9139562e-05,0
0.5,0,27.300836,0.0012496315,0,23.384935,-3.8113074e-05,0
0.5,0,27.303636,0.00052728537,0,23.394163,-3.732336e-05,0
0.5,0,27.306528,-0.00025120067,0,23.403392,-3.6787037e-05,0
0.5,0,27.309549,-0.0010664287,0,23.41262,-3.6513235e-05,0
0.5,0,27.312736,-0.0018940427,0,23.421849,-3.6502863e-05,0
0.5,0,27.316122,-0.0027069259,0,23.431077,-3.6747565e-05,0
0.5,0,27.319747,-0.0034815587,0,23.440306,-3.7228872e-05,0
0.5,0,27.323636,-0.0041959,0,23.449534,-3.7919405e-05,0
0.5,0,27.327801,-0.0048289603,0,23.458763,-3.8785003e-05,0
0.5,0,27.332233,-0.0053625448,0,23.467991,-3.9786453e-05,0
0.5,0,27.336886,-0.0057821371,0,23.47722,-4.088143e-05,0
0.5,0,27.341674,-0.0060791422,0,23.486448,-4.2026579e-05,0
0.5,0,27.346458,-0.0062494415,0,23.495676,-4.3179563e-05,0
0.5,0,27.351045,-0.0062896938,0,23.504905,-4.4301009e-05,0
0.5,0,27.355168,-0.0061989777,0,23.514133,-4.5356321e-05,0
0.5,0,27.358489,-0.0059863173,0,23.523362,-4.6317749e-05,0
0.5,0,27.360608,-0.0056668484,0,23.53259,-4.7166569e-05,0
0.5,0,27.361064,-0.0052559281,0,23.541819,-4.7893283e-05,0
0.5,0,27.35937,-0.0047778524,0,23.551047,-4.8496956e-05,0
0.5,0,27.355098,-0.0042688534,0,23.560276,-4.8986011e-05,0
0.5,0,27.347942,-0.0037691922,0,23.569504,-4.9378182e-05,0
0.5,0,27.337796,-0.0033156284,0,23.578733,-4.9699031e-05,0
0.5,0,27.324847,-0.0029413684,0,23.587961,-4.9980376e-05,0
0.5,0,27.309598,-0.0026790391,0,23.59719,-5.0258566e-05,0
0.5,0,27.292832,-0.0025590378,0,23.606418,-5.057209e-05,0
0.5,0,27.275531,-0.0026028765,0,23.615647,-5.0958774e-05,0
0.5,0,27.25876,-0.002817594,0,23.624875,-5.145358e-05,0
0.5,0,27.243543,-0.0031975053,0,23.634103,-5.2086839e-05,0
0.5,0,27.230732,-0.003725928,0,23.643332,-5.2882273e-05,0
0.5,0,27.220897,-0.0043733633,0,23.65256,-5.3854789e-05,0
0.5,0,27.214273,-0.005101619,0,23.661789,-5.5008559e-05,0
0.5,0,27.210776,-0.005863416,0,23.671017,-5.6335777e-05,0
0.5,0,27.210029,-0.0066013711,0,23.680246,-5.7817107e-05,0
0.5,0,27.211498,-0.0072583065,0,23.689474,-5.9422863e-05,0
0.5,0,27.214595,-0.007778824,0,23.698703,-6.1112766e-05,0
0.5,0,27.218732,-0.0081102479,0,23.707931,-6.2836523e-05,0
0.5,0,27.223395,-0.0082092532,0,23.71716,-6.4536499e-05,0
0.5,0,27.228185,-0.0080472343,0,23.726388,-6.6150569e-05,0
0.5,0,27.232814,-0.0076135201,0,23.735617,-6.7614886e-05,0
0.5,0,27.237083,-0.0069145397,0,23.744845,-6.8867687e-05,0
0.5,0,27.240873,-0.0059735911,0,23.754074,-6.9853937e-05,0
0.5,0,27.244137,-0.0048313221,0,23.763302,-7.0528665e-05,0
0.5,0,27.246891,-0.0035443214,0,23.77253,-7.0859212e-05,0
0.5,0,27.249191,-0.0021799591,0,23.781759,-7.0827866e-05,0
0.5,0,27.25112,-0.00081059874,0,23.790987,-7.0433897e-05,0
0.5,0,27.252767,0.00049078289,0,23.800216,-6.9694181e-05,0
0.5,0,27.254212,0.0016557158,0,23.809444,-6.8642346e-05,0
0.5,0,27.255521,0.0026253442,0,23.818673,-6.7326433e-05,0
0.5,0,27.256734,0.0033520346,0,23.827901,-6.5805582e-05,0
0.5,0,27.257877,0.0038003025,0,23.83713,-6.414645e-05,0
0.5,0,27.258958,0.0039514451,0,23.846358,-6.2419441e-05,0
0.5,0,27.259983,0.0038094624,0,23.855587,-6.0694385e-05,0
0.5,0,27.26096,0.0034017242,0,23.864815,-5.9035659e-05,0
0.5,0,27.261901,0.0027728864,0,23.874044,-5.7497607e-05,0
0.5,0,27.262823,0.0019774156,0,23.883272,-5.6121277e-05,0
0.5,0,27.263753,0.0010754772,0,23.892501,-5.4932778e-05,0
0.5,0,27.264736,0.00013101924,0,23.901729,-5.3942828e-05,0
0.5,0,27.265801,-0.00079115172,0,23.910957,-5.3147115e-05,0
0.5,0,27.266949,-0.0016301904,0,23.920186,-5.2527496e-05,0
0.5,0,27.268184,-0.0023345644,0,23.929414,-5.2054107e-05,0
0.5,0,27.269553,-0.0028652025,0,23.938643,-5.1688193e-05,0
0.5,0,27.271117,-0.0031963414,0,23.947871,-5.138537e-05,0
0.5,0,27.272899,-0.0033161123,0,23.9571,-5.1099021e-05,0
0.5,0,27.274891,-0.0032265598,0,23.966328,-5.0783557e-05,0
0.5,0,27.277083,-0.0029426182,0,23.975557,-5.0397397e-05,0
0.5,0,27.279471,-0.0024910204,0,23.984785,-4.9905371e-05,0
0.5,0,27.282049,-0.0019087492,0,23.994014,-4.9280345e-05,0
0.5,0,27.284805,-0.0012398198,0,24.003242,-4.8504219e-05,0
0.5,0,27.28772,-0.00053105162,0,24.012471,-4.7568672e-05,0
0.5,0,27.290772,0.00017154538,0,24.021699,-4.6475615e-05,0
0.5,0,27.293941,0.00082438532,0,24.030928,-4.5236958e-05,0
0.5,0,27.297207,0.0013867973,0,24.040156,-4.3873834e-05,0
0.5,0,27.300553,0.0018229194,0,24.049384,-4.2415493e-05,0
0.5,0,27.303962,0.0021041426,0,24.058613,-4.0897983e-05,0
0.5,0,27.307417,0.0022102878,0,24.067841,-3.9362671e-05,0
0.5,0,27.310895,0.0021300419,0,24.07707,-3.7854535e-05,0
0.5,0,27.314371,0.0018612972,0,24.086298,-3.6420258e-05,0
0.5,0,27.317811,0.0014114112,0,24.095527,-3.5106203e-05,0
0.5,0,27.321179,0.00079716533,0,24.104755,-3.3956304e-05,0
0.5,0,27.324439,4.410958e-05,0,24.113984,-3.3009918e-05,0
0.5,0,27.327549,-0.00081491271,0,24.123212,-3.2299733e-05,0
0.5,0,27.330471,-0.0017410702,0,24.132441,-3.1849842e-05,0
0.5,0,27.333171,-0.0026907878,0,24.141669,-3.167404e-05,0
0.5,0,27.335618,-0.0036179797,0,24.150898,-3.1774632e-05,0
0.5,0,27.337787,-0.0044775592,0,24.160126,-3.2141897e-05,0
0.5,0,27.339664,-0.0052275542,0,24.169355,-3.2754424e-05,0
0.5,0,27.34124,-0.0058302047,0,24.178583,-3.3580154e-05,0
0.5,0,27.342525,-0.0062554667,0,24.187811,-3.4577796e-05,0
0.5,0,27.343541,-0.0064836685,0,24.19704,-3.5699101e-05,0
0.5,0,27.344312,-0.0065064291,0,24.206268,-3.689226e-05,0
0.5,0,27.344881,-0.0063273463,0,24.215497,-3.8105487e-05,0
0.5,0,27.345303,-0.0059624513,0,24.224725,-3.9289775e-05,0
0.5,0,27.345639,-0.0054402955,0,24.233954,-4.0401702e-05,0
0.5,0,27.345952,-0.0048005984,0,24.243182,-4.1406513e-05,0
0.5,0,27.346308,-0.0040914752,0,24.252411,-4.2280465e-05,0
0.5,0,27.346775,-0.0033657491,0,24.261639,-4.3012021e-05,0
0.5,0,27.347424,-0.0026766653,0,24.270868,-4.3602337e-05,0
0.5,0,27.348315,-0.0020741443,0,24.280096,-4.4065193e-05,0
0.5,0,27.349497,-0.0016025721,0,24.289325,-4.4425723e-05,0
0.5,0,27.351001,-0.001298348,0,24.298553,-4.471802e-05,0
0.5,0,27.352837,-0.0011861479,0,24.307782,-4.4982092e-05,0
0.5,0,27.355005,-0.0012756558,0,24.31701,-4.5260363e-05,0
0.5,0,27.357498,-0.0015598815,0,24.326238,-4.5594063e-05,0
0.5,0,27.360303,-0.0020153423,0,24.335467,-4.6019852e-05,0
0.5,0,27.363404,-0.0026046109,0,24.344695,-4.6566876e-05,0
0.5,0,27.366779,-0.0032799956,0,24.353924,-4.725445e-05,0
0.5,0,27.370407,-0.0039865546,0,24.363152,-4.8090444e-05,0
0.5,0,27.374266,-0.0046654713,0,24.372381,-4.907052e-05,0
0.5,0,27.378335,-0.0052601098,0,24.381609,-5.0178252e-05,0
0.5,0,27.382592,-0.0057208691,0,24.390838,-5.1386737e-05,0
0.5,0,27.387006,-0.0060094255,0,24.400066,-5.2661319e-05,0
0.5,0,27.391547,-0.0061049375,0,24.409295,-5.3962266e-05,0
0.5,0,27.396181,-0.0060063493,0,24.418523,-5.524809e-05,0
0.5,0,27.400866,-0.005732401,0,24.427752,-5.6479482e-05,0
0.5,0,27.405557,-0.0053184034,0,24.43698,-5.7622697e-05,0
0.5,0,27.410207,-0.0048111378,0,24.446209,-5.8652087e-05,0
0.5,0,27.414765,-0.0042682677,0,24.455437,-5.955198e-05,0
0.5,0,27.419184,-0.0037564068,0,24.464665,-6.0318209e-05,0
0.5,0,27.423413,-0.0033395413,0,24.473894,-6.0958394e-05,0
0.5,0,27.427417,-0.0030638773,0,24.483122,-6.1489777e-05,0
0.5,0,27.431163,-0.0029567121,0,24.492351,-6.1935537e-05,0
0.5,0,27.434586,-0.0030300895,0,24.501579,-6.2321404e-05,0
0.5,0,27.437663,-0.0032753591,0,24.510808,-6.2672821e-05,0
0.5,0,27.440431,-0.0036596441,0,24.520036,-6.3011821e-05,0
0.5,0,27.442922,-0.0041295142,0,24.529265,-6.335347e-05,0
0.5,0,27.445156,-0.0046173837,0,24.538493,-6.3702816e-05,0
0.5,0,27.447176,-0.0050474055,0,24.547722,-6.4053234e-05,0
0.5,0,27.449055,-0.0053428269,0,24.55695,-6.4386258e-05,0
0.5,0,27.450879,-0.005436328,0,24.566179,-6.4672493e-05,0
0.5,0,27.452736,-0.005279059,0,24.575407,-6.4873751e-05,0
0.5,0,27.454715,-0.00484464,0,24.584636,-6.4946381e-05,0
0.5,0,27.456899,-0.0041301883,0,24.593864,-6.4845195e-05,0
0.5,0,27.459362,-0.0031584687,0,24.603092,-6.4527808e-05,0
0.5,0,27.462168,-0.0019795814,0,24.612321,-6.3959198e-05,0
0.5,0,27.465366,-0.00066854176,0,24.621549,-6.3115753e-05,0
0.5,0,27.468981,0.00068152901,0,24.630778,-6.1988386e-05,0
0.5,0,27.473009,0.0019687212,0,24.640006,-6.0584658e-05,0
0.5,0,27.477404,0.003092063,0,24.649235,-5.892969e-05,0
0.5,0,27.482096,0.0039624137,0,24.658463,-5.7065265e-05,0
0.5,0,27.487,0.0045137485,0,24.667692,-5.5046834e-05,0
0.5,0,27.492015,0.0047104494,0,24.67692,-5.2938932e-05,0
0.5,0,27.497026,0.0045495885,0,24.686149,-5.0809789e-05,0
0.5,0,27.501894,0.004061179,0,24.695377,-4.8725776e-05,0
0.5,0,27.506465,0.0033068717,0,24.704606,-4.6745896e-05,0
0.5,0,27.510564,0.0023750802,0,24.713834,-4.4916595e-05,0
0.5,0,27.51403,0.0013714379,0,24.723063,-4.3267672e-05,0
0.5,0,27.516727,0.00040687113,0,24.732291,-4.1809942e-05,0
0.5,0,27.518528,-0.00041473299,0,24.741519,-4.0534901e-05,0
0.5,0,27.519334,-0.0010069041,0,24.750748,-3.9416292e-05,0
0.5,0,27.519115,-0.0013075175,0,24.759976,-3.8413354e-05,0
0.5,0,27.517915,-0.0012852117,0,24.769205,-3.7475457e-05,0
0.5,0,27.515838,-0.0009432759,0,24.778433,-3.6547725e-05,0
0.5,0,27.513043,-0.00031916188,0,24.787662,-3.5577102e-05,0
0.5,0,27.509741,0.00051876296,0,24.79689,-3.4518488e-05,0
0.5,0,27.506184,0.001476779,0,24.806119,-3.3340267e-05,0
0.5,0,27.502635,0.0024438749,0,24.815347,-3.2028453e-05,0
0.5,0,27.499334,0.0033024773,0,24.824576,-3.0589295e-05,0
0.5,0,27.496473,0.0039401445,0,24.833804,-2.9050151e-05,0
0.5,0,27.494188,0.0042611333,0,24.843033,-2.7458178e-05,0
0.5,0,27.492561,0.0041968023,0,24.852261,-2.5876848e-05,0
0.5,0,27.491622,0.0037129556,0,24.86149,-2.4380599e-05,0
0.5,0,27.491361,0.002813468,0,24.870718,-2.3048137e-05,0
0.5,0,27.491737,0.0015397699,0,24.879946,-2.1955145e-05,0
0.5,0,27.492693,-3.1945047e-05,0,24.889175,-2.1167085e-05,0
0.5,0,27.494169,-0.0017972229,0,24.898403,-2.0732836e-05,0
0.5,0,27.496105,-0.003635177,0,24.907632,-2.0680052e-05,0
0.5,0,27.498468,-0.0054189245,0,24.91686,-2.1012313e-05,0
0.5,0,27.501233,-0.0070268566,0,24.926089,-2.1708823e-05,0
0.5,0,27.504393,-0.0083517345,0,24.935317,-2.2726325e-05,0
0.5,0,27.507971,-0.0093050196,0,24.944546,-2.4001724e-05,0
0.5,0,27.512,-0.0098267477,0,24.953774,-2.545678e-05,0
0.5,0,27.516521,-0.0098952114,0,24.963003,-2.7004817e-05,0
0.5,0,27.521569,-0.0095270949,0,24.972231,-2.8558479e-05,0
0.5,0,27.527174,-0.008773672,0,24.98146,-3.0037719e-05,0
0.5,0,27.533347,-0.0077178012,0,24.990688,-3.1377076e-05,0
0.5,0,27.540086,-0.0064672853,0,24.999917,-3.2531371e-05,0
0.5,0,27.547355,-0.0051471361,0,25.009145,-3.3479173e-05,0
0.5,0,27.555097,-0.0038852796,0,25.018373,-3.4224183e-05,0
0.5,0,27.563233,-0.0027965132,0,25.027602,-3.4794065e-05,0
0.5,0,27.57164,-0.001979729,0,25.03683,-3.5237552e-05,0
0.5,0,27.580154,-0.0015132304,0,25.046059,-3.5619979e-05,0
0.5,0,27.588563,-0.0014435076,0,25.055287,-3.6016937e-05,0
0.5,0,27.596611,-0.0017784801,0,25.064516,-3.6507061e-05,0
0.5,0,27.604,-0.0024866597,0,25.073744,-3.7164387e-05,0
0.5,0,27.610394,-0.003502149,0,25.082973,-3.8050793e-05,0
0.5,0,27.615453,-0.0047324836,0,25.092201,-3.9209151e-05,0
0.5,0,27.618826,-0.0060653597,0,25.10143,-4.0658774e-05,0
0.5,0,27.620224,-0.0073707824,0,25.110658,-4.2392756e-05,0
0.5,0,27.619463,-0.0085116907,0,25.119887,-4.4376424e-05,0
0.5,0,27.616485,-0.0093661767,0,25.129115,-4.6549695e-05,0
0.5,0,27.611433,-0.0098381198,0,25.138344,-4.8832555e-05,0
0.5,0,27.604653,-0.0098616877,0,25.147572,-5.113171e-05,0
0.5,0,27.596674,-0.009413226,0,25.1568,-5.3348592e-05,0
0.5,0,27.588146,-0.0085169552,0,25.166029,-5.5387604e-05,0
0.5,0,27.579818,-0.0072369822,0,25.175257,-5.7163931e-05,0
0.5,0,27.572393,-0.0056725985,0,25.184486,-5.8610644e-05,0
0.5,0,27.566475,-0.0039442118,0,25.193714,-5.9684678e-05,0
0.5,0,27.56258,-0.0021776335,0,25.202943,-6.0369532e-05,0
0.5,0,27.560986,-0.00050994538,0,25.212171,-6.0675689e-05,0
0.5,0,27.561802,0.00092449007,0,25.2214,-6.0640353e-05,0
0.5,0,27.565003,0.0020140594,0,25.230628,-6.0323795e-05,0
0.5,0,27.57045,0.0026699388,0,25.239857,-5.9804295e-05,0
0.5,0,27.577976,0.0028333396,0,25.249085,-5.9172446e-05,0
0.5,0,27.587408,0.0024880399,0,25.258314,-5.8523398e-05,0
0.5,0,27.598577,0.0016627436,0,25.267542,-5.7948932e-05,0
0.5,0,27.611314,0.00042289147,0,25.276771,-5.752999e-05,0
0.5,0,27.625458,-0.0011359522,0,25.285999,-5.7330019e-05,0
0.5,0,27.640807,-0.0028917151,0,25.295227,-5.7389512e-05,0
0.5,0,27.657003,-0.0046988603,0,25.304456,-5.7722331e-05,0
0.5,0,27.6735,-0.0063918068,0,25.313684,-5.8312344e-05,0
0.5,0,27.689516,-0.0078018421,0,25.322913,-5.9110608e-05,0
0.5,0,27.703879,-0.0087804659,0,25.332141,-6.0038147e-05,0
0.5,0,27.714966,-0.0092058439,0,25.34137,-6.0993127e-05,0
0.5,0,27.720786,-0.0089827873,0,25.350598,-6.1857959e-05,0
0.5,0,27.719214,-0.0080632742,0,25.359827,-6.2507061e-05,0
0.5,0,27.708452,-0.0064650345,0,25.369055,-6.2816475e-05,0
0.5,0,27.687773,-0.0042527464,0,25.378284,-6.2670977e-05,0
0.5,0,27.657712,-0.0015467138,0,25.387512,-6.1974553e-05,0
0.5,0,27.620195,0.0014765018,0,25.396741,-6.0664179e-05,0
0.5,0,27.578451,0.004622223,0,25.405969,-5.8714496e-05,0
0.5,0,27.536386,0.0076776415,0,25.415198,-5.6139324e-05,0
0.5,0,27.49804,0.01041569,0,25.424426,-5.299403e-05,0
0.5,0,27.466821,0.012619672,0,25.433654,-4.937466e-05,0
0.5,0,27.444885,0.014099635,0,25.442883,-4.5413825e-05,0
0.5,0,27.432869,0.014707183,0,25.452111,-4.1274509e-05,0
0.5,0,27.430088,0.014354411,0,25.46134,-3.7141052e-05,0
0.5,0,27.43493,0.013025347,0,25.470568,-3.320677e-05,0
0.5,0,27.445333,0.010778081,0,25.479797,-2.9660271e-05,0
0.5,0,27.459191,0.0077458678,0,25.489025,-2.6671069e-05,0
0.5,0,27.474615,0.0041311431,0,25.498254,-2.4375135e-05,0
0.5,0,27.490077,0.00019309833,0,25.507482,-2.2862058e-05,0
0.5,0,27.504405,-0.0037730125,0,25.516711,-2.2166187e-05,0
0.5,0,27.516765,-0.0074589949,0,25.525939,-2.2262099e-05,0
0.5,0,27.526636,-0.01056515,0,25.535168,-2.3064148e-05,0
0.5,0,27.533712,-0.012834196,0,25.544396,-2.4432223e-05,0
0.5,0,27.537877,-0.014078143,0,25.553625,-2.6183075e-05,0
0.5,0,27.539194,-0.014186737,0,25.562853,-2.8104864e-05,0
0.5,0,27.537874,-0.013138566,0,25.572081,-2.9974331e-05,0
0.5,0,27.534252,-0.011011389,0,25.58131,-3.1575469e-05,0
0.5,0,27.528755,-0.0079762476,0,25.590538,-3.2718023e-05,0
0.5,0,27.521863,-0.0042828143,0,25.599767,-3.3254097e-05,0
0.5,0,27.514044,-0.00024728544,0,25.608995,-3.3092053e-05,0
0.5,0,27.505729,0.0037743625,0,25.618224,-3.2206146e-05,0
0.5,0,27.497303,0.0074267494,0,25.627452,-3.0639212e-05,0
0.5,0,27.489069,0.010384427,0,25.636681,-2.8499244e-05,0
0.5,0,27.481254,0.012378168,0,25.645909,-2.5951127e-05,0
0.5,0,27.474008,0.013221964,0,25.655138,-2.3202459e-05,0
0.5,0,27.467426,0.012830768,0,25.664366,-2.0484861e-05,0
0.5,0,27.461569,0.011228498,0,25.673595,-1.8033465e-05,0
0.5,0,27.456475,0.0085458965,0,25.682823,-1.6066219e-05,0
0.5,0,27.452165,0.0050078207,0,25.692052,-1.4764698e-05,0
0.5,0,27.44865,0.00091102881,0,25.70128,-1.425816e-05,0
0.5,0,27.445924,-0.0034033326,0,25.710508,-1.4612316e-05,0
0.5,0,27.443966,-0.0075861257,0,25.719737,-1.5824256e-05,0
0.5,0,27.442734,-0.011314676,0,25.728965,-1.7824135e-05,0
0.5,0,27.442168,-0.01430841,0,25.738194,-2.0482327e-05,0
0.5,0,27.442188,-0.016345471,0,25.747422,-2.3620653e-05,0
0.5,0,27.442694,-0.017285497,0,25.756651,-2.702741e-05,0
0.5,0,27.443565,-0.017083027,0,25.765879,-3.0475413e-05,0
0.5,0,27.444663,-0.015790226,0,25.775108,-3.3741237e-05,0
0.5,0,27.445847,-0.013550584,0,25.784336,-3.6623881e-05,0
0.5,0,27.44697,-0.01058492,0,25.793565,-3.8961314e-05,0
0.5,0,27.44789,-0.0071706158,0,25.802793,-4.0643348e-05,0
0.5,0,27.448474,-0.0036166248,0,25.812022,-4.1619691e-05,0
0.5,0,27.4486,-0.00023853387,0,25.82125,-4.190304e-05,0
0.5,0,27.448155,0.0026659106,0,25.830479,-4.1567595e-05,0
0.5,0,27.447047,0.0048444401,0,25.839707,-4.0742321e-05,0
0.5,0,27.445215,0.0061164573,0,25.848935,-3.959869e-05,0
0.5,0,27.442617,0.0063880004,0,25.858164,-3.8334487e-05,0
0.5,0,27.439252,0.0056552318,0,25.867392,-3.7155688e-05,0
0.5,0,27.435169,0.0040022301,0,25.876621,-3.6258176e-05,0
0.5,0,27.430457,0.0015906462,0,25.885849,-3.5811061e-05,0
0.5,0,27.425216,-0.0013586875,0,25.895078,-3.5943263e-05,0
0.5,0,27.419555,-0.0045870657,0,25.904306,-3.673414e-05,0
0.5,0,27.413623,-0.0078212133,0,25.913535,-3.8208004e-05,0
0.5,0,27.407585,-0.01079776,0,25.922763,-4.0333429e-05,0
0.5,0,27.401592,-0.013283972,0,25.931992,-4.3027786e-05,0
0.5,0,27.395779,-0.015091245,0,25.94122,-4.6165032e-05,0
0.5,0,27.390249,-0.016087113,0,25.950449,-4.9585707e-05,0
0.5,0,27.385072,-0.016204351,0,25.959677,-5.310918e-05,0
0.5,0,27.380286,-0.015442388,0,25.968906,-5.654732e-05,0
0.5,0,27.375901,-0.01386429,0,25.978134,-5.9718435e-05,0
0.5,0,27.371897,-0.011590095,0,25.987362,-6.246025e-05,0
0.5,0,27.368236,-0.008786264,0,25.996591,-6.4640917e-05,0
0.5,0,27.364866,-0.0056512016,0,26.005819,-6.6167356e-05,0
0.5,0,27.361726,-0.0023995653,0,26.015048,-6.6990334e-05,0
0.5,0,27.358752,0.00075161276,0,26.024276,-6.7106249e-05,0
0.5,0,27.355879,0.0035970677,0,26.033505,-6.6556153e-05,0
0.5,0,27.353045,0.0059572447,0,26.042733,-6.5421943e-05,0
0.5,0,27.350195,0.0076899253,0,26.051962,-6.3819782e-05,0
0.5,0,27.34727,0.0086979479,0,26.06119,-6.1891516e-05,0
0.5,0,27.344215,0.0089324864,0,26.070419,-5.9794878e-05,0
0.5,0,27.340977,0.008394215,0,26.079647,-5.7693029e-05,0
0.5,0,27.337502,0.0071327067,0,26.088876,-5.5743975e-05,0
0.5,0,27.333744,0.005242892,0,26.098104,-5.4090374e-05,0
0.5,0,27.329661,0.0028587108,0,26.107333,-5.2850269e-05,0
0.5,0,27.325226,0.00014507161,0,26.116561,-5.210925e-05,0
0.5,0,27.32043,-0.002712261,0,26.12579,-5.1914853e-05,0
0.5,0,27.315271,-0.0055171996,0,26.135018,-5.2273611e-05,0
0.5,0,27.309792,-0.0080699062,0,26.144246,-5.314961e-05,0
0.5,0,27.304063,-0.010177854,0,26.153475,-5.4465216e-05,0
0.5,0,27.298173,-0.011673145,0,26.162703,-5.6105524e-05,0
0.5,0,27.292237,-0.012425577,0,26.171932,-5.792542e-05,0
0.5,0,27.286388,-0.012353621,0,26.18116,-5.9758458e-05,0
0.5,0,27.280763,-0.011433729,0,26.190389,-6.1427789e-05,0
0.5,0,27.275494,-0.0097037579,0,26.199617,-6.2758433e-05,0
0.5,0,27.270699,-0.0072596705,0,26.208846,-6.3589593e-05,0
0.5,0,27.266465,-0.0042466882,0,26.218074,-6.3785871e-05,0
0.5,0,27.26285,-0.00084404704,0,26.227303,-6.3245743e-05,0
0.5,0,27.259882,0.0027538128,0,26.236531,-6.1906574e-05,0
0.5,0,27.257552,0.0063526074,0,26.24576,-5.9747236e-05,0
0.5,0,27.255823,0.0097711758,0,26.254988,-5.6787977e-05,0
0.5,0,27.25463,0.012848436,0,26.264217,-5.3087414e-05,0
0.5,0,27.253896,0.015442543,0,26.273445,-4.8738566e-05,0
0.5,0,27.253535,0.017431546,0,26.282673,-4.3864505e-05,0
0.5,0,27.253469,0.018720367,0,26.291902,-3.8612659e-05,0
0.5,0,27.253629,0.019248746,0,26.30113,-3.3147313e-05,0
0.5,0,27.25396,0.01899349,0,26.310359,-2.7641126e-05,0
0.5,0,27.254427,0.017973435,0,26.319587,-2.2266285e-05,0
0.5,0,27.255015,0.016265954,0,26.328816,-1.7184049e-05,0
0.5,0,27.255741,0.01400093,0,26.338044,-1.2532475e-05,0
0.5,0,27.256684,0.011297894,0,26.347273,-8.4185531e-06,0
0.5,0,27.258119,0.0081769952,0,26.356501,-4.9176828e-06,0
0.5,0,27.260736,0.0045768104,0,26.36573,-2.0771306e-06,0
0.5,0,27.264964,0.0010047198,0,26.374564,-2.5804012e-15,0
0.5,0,27.252568,-0.005062207,0,26.458014,-9.3741176e-07,0
0.5,0,27.258173,-0.0045186498,0,26.449866,-2.5804012e-15,0
0.5,0,27.246475,-0.0052881966,0,26.467243,-2.0367741e-06,0
0.5,0,27.24034,-0.0051017604,0,26.476471,-3.1595027e-06,0
0.5,0,27.234296,-0.0047235246,0,26.4857,-4.3023568e-06,0
0.5,0,27.228807,-0.0043031632,0,26.494928,-5.4711508e-06,0
0.5,0,27.224266,-0.0039823298,0,26.504157,-6.6782263e-06,0
0.5,0,27.220981,-0.0038670711,0,26.513385,-7.9316589e-06,0
0.5,0,27.219224,-0.003960266,0,26.522614,-9.2383061e-06,0
0.5,0,27.219072,-0.0041707197,0,26.531842,-1.0614152e-05,0
0.5,0,27.220215,-0.0044099313,0,26.541071,-1.2084022e-05,0
0.5,0,27.222018,-0.0046458963,0,26.550299,-1.367136e-05,0
0.5,0,27.223863,-0.0048859179,0,26.559527,-1.5390737e-05,0
0.5,0,27.225478,-0.005156063,0,26.568756,-1.7246708e-05,0
0.5,0,27.226944,-0.0054960402,0,26.577984,-1.9235509e-05,0
0.5,0,27.228412,-0.005944001,0,26.587213,-2.1349954e-05,0
0.5,0,27.229875,-0.0065148531,0,26.596441,-2.3588099e-05,0
0.5,0,27.231216,-0.0072058082,0,26.60567,-2.5961265e-05,0
0.5,0,27.232424,-0.0080277295,0,26.614898,-2.8495768e-05,0
0.5,0,27.233697,-0.0090221758,0,26.624127,-3.1227381e-05,0
0.5,0,27.235278,-0.010244444,0,26.633355,-3.4192648e-05,0
0.5,0,27.237174,-0.011728937,0,26.642584,-3.7421236e-05,0
0.5,0,27.239059,-0.013459147,0,26.651812,-4.0930707e-05,0
0.5,0,27.240488,-0.015350992,0,26.661041,-4.4723377e-05,0
0.5,0,27.241219,-0.017252846,0,26.670269,-4.8784266e-05,0
0.5,0,27.241349,-0.018964507,0,26.679498,-5.3078661e-05,0
0.5,0,27.241171,-0.020268745,0,26.688726,-5.7548151e-05,0
0.5,0,27.240911,-0.020962302,0,26.697954,-6.2105666e-05,0
0.5,0,27.240594,-0.020879504,0,26.707183,-6.6631504e-05,0
0.5,0,27.240139,-0.019909503,0,26.716411,-7.0972236e-05,0
0.5,0,27.239533,-0.018005018,0,26.72564,-7.4943911e-05,0
0.5,0,27.238903,-0.015176374,0,26.734868,-7.8341023e-05,0
0.5,0,27.23845,-0.011474745,0,26.744097,-8.0952464e-05,0
0.5,0,27.238315,-0.0069838133,0,26.753325,-8.2583272e-05,0
0.5,0,27.238517,-0.0018331949,0,26.762554,-8.3077874e-05,0
0.5,0,27.238993,0.0037699696,0,26.771782,-8.233929e-05,0
0.5,0,27.239668,0.0095153663,0,26.781011,-8.0341534e-05,0
0.5,0,27.240523,0.015003012,0,26.790239,-7.7135961e-05,0
0.5,0,27.241608,0.019793677,0,26.799468,-7.2852312e-05,0
0.5,0,27.243006,0.023465814,0,26.808696,-6.7695484e-05,0
0.5,0,27.244774,0.025664043,0,26.817925,-6.1937919e-05,0
0.5,0,27.246891,0.026137075,0,26.827153,-5.5905939e-05,0
0.5,0,27.249213,0.024764609,0,26.836381,-4.9959613e-05,0
0.5,0,27.251493,0.02157256,0,26.84561,-4.4467371e-05,0
0.5,0,27.253451,0.016733778,0,26.854838,-3.9777521e-05,0
0.5,0,27.254872,0.01055495,0,26.864067,-3.6189397e-05,0
0.5,0,27.255687,0.0034530597,0,26.873295,-3.3927008e-05,0
0.5,0,27.255978,-0.0040751252,0,26.882524,-3.3117864e-05,0
0.5,0,27.255933,-0.011491839,0,26.891752,-3.3779579e-05,0
0.5,0,27.255763,-0.01825422,0,26.900981,-3.5815865e-05,0
0.5,0,27.255622,-0.023833104,0,26.910209,-3.9020516e-05,0
0.5,0,27.255579,-0.027733753,0,26.919438,-4.3087372e-05,0
0.5,0,27.255633,-0.02953451,0,26.928666,-4.7626897e-05,0
0.5,0,27.255757,-0.028936875,0,26.937895,-5.2190107e-05,0
0.5,0,27.255935,-0.025822256,0,26.947123,-5.6299006e-05,0
0.5,0,27.256178,-0.020300429,0,26.956352,-5.948208e-05,0
0.5,0,27.256522,-0.012725321,0,26.96558,-6.1312006e-05,0
0.5,0,27.257018,-0.0036631733,0,26.974808,-6.1441927e-05,0
0.5,0,27.257732,0.0061653168,0,26.984037,-5.963645e-05,0
0.5,0,27.258743,0.015938632,0,26.993265,-5.5796781e-05,0
0.5,0,27.260146,0.024823441,0,27.002494,-4.9978595e-05,0
0.5,0,27.262098,0.032096905,0,27.011722,-4.2391448e-05,0
0.5,0,27.264924,0.037137085,0,27.020951,-3.3377595e-05,0
0.5,0,27.269483,0.039178777,0,27.030179,-2.3389706e-05,0
0.5,0,27.277996,0.037009659,0,27.039408,-1.2973545e-05,0
0.5,0,27.292898,0.031676974,0,27.048636,-2.7064992e-06,0
0.5,0,27.298219,0.030398085,0,27.051225,-2.5804012e-15,0
0.5,0,27.349529,-0.032381544,0,27.334719,-3.2314269e-06,0
0.5,0,27.353316,-0.031396123,0,27.331784,-2.5804012e-15,0
0.5,0,27.341955,-0.036247188,0,27.343947,-1.3818344e-05,0
0.5,0,27.340063,-0.037460069,0,27.353176,-2.4334901e-05,0
0.5,0,27.340946,-0.035958188,0,27.362404,-3.43557e-05,0
0.5,0,27.342615,-0.032571624,0,27.371633,-4.3507502e-05,0
0.5,0,27.344771,-0.027615896,0,27.380861,-5.155626e-05,0
0.5,0,27.347599,-0.021593872,0,27.390089,-5.8418844e-05,0
0.5,0,27.351418,-0.01542958,0,27.399318,-6.408285e-05,0
0.5,0,27.35663,-0.0099462783,0,27.408546,-6.8572753e-05,0
0.5,0,27.363307,-0.0055249385,0,27.417775,-7.1981202e-05,0
0.5,0,27.370883,-0.0023379382,0,27.427003,-7.4476484e-05,0
0.5,0,27.37835,-0.00051060231,0,27.436232,-7.6268856e-05,0
0.5,0,27.384793,1.4050655e-05,0,27.44546,-7.7583307e-05,0
0.5,0,27.389808,-0.00046106382,0,27.454689,-7.8649284e-05,0
0.5,0,27.393447,-0.0015622211,0,27.463917,-7.9681332e-05,0
0.5,0,27.395897,-0.0030213271,0,27.473146,-8.0840632e-05,0
0.5,0,27.397248,-0.004659619,0,27.482374,-8.220034e-05,0
0.5,0,27.397551,-0.0062748639,0,27.491603,-8.3738527e-05,0
0.5,0,27.397025,-0.0075982273,0,27.500831,-8.5355567e-05,0
0.5,0,27.396072,-0.0083342225,0,27.51006,-8.690107e-05,0
0.5,0,27.395079,-0.0082171024,0,27.519288,-8.8202511e-05,0
0.5,0,27.394218,-0.0070686227,0,27.528516,-8.909215e-05,0
0.5,0,27.393396,-0.0048693562,0,27.537745,-8.9425998e-05,0
0.5,0,27.392425,-0.0017975251,0,27.546973,-8.9091406e-05,0
0.5,0,27.391181,0.0018110035,0,27.556202,-8.8008572e-05,0
0.5,0,27.389637,0.0055564442,0,27.56543,-8.6135096e-05,0
0.5,0,27.387802,0.0090699778,0,27.574659,-8.3475925e-05,0
0.5,0,27.385665,0.012057255,0,27.583887,-8.0091116e-05,0
0.5,0,27.383233,0.014291911,0,27.593116,-7.6094877e-05,0
0.5,0,27.380598,0.015603447,0,27.602344,-7.1645765e-05,0
0.5,0,27.377908,0.015882467,0,27.611573,-6.6930571e-05,0
0.5,0,27.37525,0.015104576,0,27.620801,-6.2145561e-05,0
0.5,0,27.372536,0.013359817,0,27.63003,-5.7478588e-05,0
0.5,0,27.369532,0.010863524,0,27.639258,-5.3093913e-05,0
0.5,0,27.366042,0.0079291755,0,27.648487,-4.9119179e-05,0
0.5,0,27.362136,0.0049099267,0,27.657715,-4.5633068e-05,0
0.5,0,27.358259,0.0021386885,0,27.666943,-4.2654161e-05,0
0.5,0,27.355151,-0.00010601501,0,27.676172,-4.0134318e-05,0
0.5,0,27.353598,-0.0016089158,0,27.6854,-3.795995e-05,0
0.5,0,27.354151,-0.0022145058,0,27.694629,-3.5961496e-05,0
0.5,0,27.356957,-0.0018258882,0,27.703857,-3.3928992e-05,0
0.5,0,27.361739,-0.00041981313,0,27.713086,-3.1632779e-05,0
0.5,0,27.367973,0.0019536103,0,27.722314,-2.8848548e-05,0
0.5,0,27.375143,0.0052005355,0,27.731543,-2.5381499e-05,0
0.5,0,27.383012,0.0091238887,0,27.740771,-2.1086468e-05,0
0.5,0,27.392008,0.013204106,0,27.75,-1.5890544e-05,0
0.5,0,27.403831,0.016310031,0,27.759228,-9.8147066e-06,0
0.5,0,27.421377,0.017770557,0,27.768457,-2.9723761e-06,0
0.5,0,27.430524,0.019004684,0,27.772111,-2.5804012e-15,0
0.5,0,27.384764,-0.02521036,0,27.943797,-1.1957338e-06,0
0.5,0,27.391233,-0.025719566,0,27.942444,-2.5804012e-15,0
0.5,0,27.348788,-0.022137521,0,27.953026,-8.4424502e-06,0
0.5,0,27.324388,-0.017325252,0,27.962254,-1.4452494e-05,0
0.5,0,27.310062,-0.010587417,0,27.971483,-1.9016105e-05,0
0.5,0,27.303906,-0.0033122534,0,27.980711,-2.1982583e-05,0
0.5,0,27.304923,0.003850061,0,27.98994,-2.3366716e-05,0
0.5,0,27.312037,0.010459162,0,27.999168,-2.3391139e-05,0
0.5,0,27.324029,0.015749467,0,28.008397,-2.2401686e-05,0
0.5,0,27.339956,0.018871013,0,28.017625,-2.0791155e-05,0
0.5,0,27.359179,0.019342248,0,28.026854,-1.8986409e-05,0
0.5,0,27.380919,0.017030302,0,28.036082,-1.7436177e-05,0
0.5,0,27.403908,0.012047324,0,28.045311,-1.6574181e-05,0
0.5,0,27.42641,0.0048388083,0,28.054539,-1.6788797e-05,0
0.5,0,27.446602,-0.003809955,0,28.063768,-1.8408587e-05,0
0.5,0,27.463101,-0.013004258,0,28.072996,-2.1676408e-05,0
0.5,0,27.475188,-0.021981678,0,28.082224,-2.6702872e-05,0
0.5,0,27.482728,-0.030130443,0,28.091453,-3.3429999e-05,0
0.5,0,27.486103,-0.036858723,0,28.100681,-4.1631999e-05,0
0.5,0,27.486189,-0.041561279,0,28.10991,-5.0948633e-05,0
0.5,0,27.484241,-0.04374166,0,28.119138,-6.0929479e-05,0
0.5,0,27.481527,-0.043148364,0,28.128367,-7.1075201e-05,0
0.5,0,27.478901,-0.039836158,0,28.137595,-8.0876429e-05,0
0.5,0,27.476604,-0.034169959,0,28.146824,-8.9851866e-05,0
0.5,0,27.474465,-0.026784161,0,28.156052,-9.758348e-05,0
0.5,0,27.472281,-0.018477253,0,28.165281,-0.00010374879,0
0.5,0,27.470054,-0.010060153,0,28.174509,-0.00010815195,0
0.5,0,27.467934,-0.0022278438,0,28.183738,-0.00011074968,0
0.5,0,27.466039,0.004486722,0,28.192966,-0.00011166109,0
0.5,0,27.464368,0.0096900499,0,28.202195,-0.00011115324,0
0.5,0,27.462891,0.013103146,0,28.211423,-0.000109604,0
0.5,0,27.461691,0.014561537,0,28.220651,-0.00010744829,0
0.5,0,27.460989,0.014033678,0,28.22988,-0.00010511863,0
0.5,0,27.461027,0.011659425,0,28.239108,-0.00010299298,0
0.5,0,27.461926,0.0077888048,0,28.248337,-0.00010135838,0
0.5,0,27.4636,0.0029770287,0,28.257565,-0.00010039203,0
0.5,0,27.465753,-0.0020859208,0,28.266794,-0.00010015588,0
0.5,0,27.467942,-0.0066899892,0,28.276022,-0.00010059982,0
0.5,0,27.469689,-0.010211398,0,28.285251,-0.00010157283,0
0.5,0,27.470627,-0.012173346,0,28.294479,-0.00010284356,0
0.5,0,27.470639,-0.012282152,0,28.303708,-0.00010412924,0
0.5,0,27.469922,-0.010467333,0,28.312936,-0.00010512911,0
0.5,0,27.46891,-0.0069125166,0,28.322165,-0.000105557,0
0.5,0,27.468104,-0.0020407869,0,28.331393,-0.00010516993,0
0.5,0,27.467839,0.0035546782,0,28.340622,-0.0001037934,0
0.5,0,27.468109,0.0092083669,0,28.34985,-0.00010134625,0
0.5,0,27.468765,0.014279801,0,28.359078,-9.7862659e-05,0
0.5,0,27.469991,0.018196765,0,28.368307,-9.3503529e-05,0
0.5,0,27.471738,0.020483345,0,28.377535,-8.854953e-05,0
0.5,0,27.473791,0.020787888,0,28.386764,-8.3374093e-05,0
0.5,0,27.476387,0.018900181,0,28.395992,-7.8400619e-05,0
0.5,0,27.479864,0.014801537,0,28.405221,-7.4051075e-05,0
0.5,0,27.484557,0.00872408,0,28.414449,-7.0695436e-05,0
0.5,0,27.49069,0.001186286,0,28.423678,-6.8608488e-05,0
0.5,0,27.498363,-0.0070317176,0,28.432906,-6.7936128e-05,0
0.5,0,27.50757,-0.014966656,0,28.442135,-6.8671764e-05,0
0.5,0,27.518225,-0.021585295,0,28.451363,-7.0642699e-05,0
0.5,0,27.530155,-0.025934863,0,28.460592,-7.3507901e-05,0
0.5,0,27.543038,-0.027280129,0,28.46982,-7.6773215e-05,0
0.5,0,27.556392,-0.025190673,0,28.479049,-7.9828054e-05,0
0.5,0,27.569596,-0.019599964,0,28.488277,-8.2004361e-05,0
0.5,0,27.581996,-0.01083088,0,28.497505,-8.2653838e-05,0
0.5,0,27.593025,0.00042572346,0,28.506734,-8.1230447e-05,0
0.5,0,27.602295,0.013159334,0,28.515962,-7.7365401e-05,0
0.5,0,27.609605,0.026115932,0,28.525191,-7.0925724e-05,0
0.5,0,27.614931,0.037947788,0,28.534419,-6.2044172e-05,0
0.5,0,27.618364,0.047391119,0,28.543648,-5.1110843e-05,0
0.5,0,27.620161,0.053301141,0,28.552876,-3.873318e-05,0
0.5,0,27.621148,0.054429612,0,28.562105,-2.5685906e-05,0
0.5,0,27.623683,0.049192251,0,28.571333,-1.2864366e-05,0
0.5,0,27.629329,0.039904868,0,28.580562,-1.1611674e-06,0
0.5,0,27.629915,0.038761799,0,28.58165,-2.5804012e-15,0
0.5,0,27.525094,-0.041576905,0,28.663618,-6.6601931e-06,0
0.5,0,27.538264,-0.039209352,0,28.656297,-2.5804012e-15,0
0.5,0,27.515716,-0.040499694,0,28.672846,-1.4855488e-05,0
0.5,0,27.511888,-0.034116802,0,28.682075,-2.2048625e-05,0
0.5,0,27.509673,-0.023939121,0,28.691303,-2.7537964e-05,0
0.5,0,27.507149,-0.011212462,0,28.700532,-3.0744183e-05,0
0.5,0,27.504822,0.0028656558,0,28.70976,-3.1347099e-05,0
0.5,0,27.503705,0.016946675,0,28.718989,-2.9298979e-05,0
0.5,0,27.504291,0.029352495,0,28.728217,-2.476565e-05,0
0.5,0,27.507596,0.03835504,0,28.737446,-1.8118258e-05,0
0.5,0,27.516239,0.04205313,0,28.746674,-9.9861165e-06,0
0.5,0,27.532359,0.041309648,0,28.755903,-1.2351315e-06,0
0.5,0,27.535493,0.040907924,0,28.757253,-2.5804012e-15,0
0.5,0,27.650496,-0.048679699,0,28.82973,-4.7239983e-06,0
0.5,0,27.648429,-0.042368352,0,28.825961,-2.5804012e-15,0
0.5,0,27.662201,-0.063915867,0,28.838959,-1.8898206e-05,0
0.5,0,27.68212,-0.073520956,0,28.848187,-3.4928363e-05,0
0.5,0,27.705544,-0.07773778,0,28.857416,-5.1938058e-05,0
0.5,0,27.727626,-0.076947547,0,28.866644,-6.8944223e-05,0
0.5,0,27.745346,-0.071081097,0,28.875873,-8.4981317e-05,0
0.5,0,27.756029,-0.060394294,0,28.885101,-9.9227826e-05,0
0.5,0,27.755892,-0.046004388,0,28.89433,-0.00011099556,0
0.5,0,27.740079,-0.029555193,0,28.903558,-0.00011970219,0
0.5,0,27.703846,-0.012483106,0,28.912786,-0.00012493376,0
0.5,0,27.644919,0.0041528969,0,28.922015,-0.00012652683,0
0.5,0,27.565106,0.019442407,0,28.931243,-0.00012460673,0
0.5,0,27.47091,0.032574824,0,28.940472,-0.00011957853,0
0.5,0,27.372625,0.04292948,0,28.9497,-0.00011207082,0
0.5,0,27.281451,0.049989929,0,28.958929,-0.00010285723,0
0.5,0,27.206869,0.053266949,0,28.968157,-9.2768348e-05,0
0.5,0,27.15477,0.052419221,0,28.977386,-8.2607137e-05,0
0.5,0,27.127035,0.047491778,0,28.986614,-7.3099696e-05,0
0.5,0,27.122269,0.039054939,0,28.995843,-6.4883562e-05,0
0.5,0,27.136856,0.028094,0,29.005071,-5.8506876e-05,0
0.5,0,27.166026,0.015725126,0,29.0143,-5.4412748e-05,0
0.5,0,27.204691,0.0029430841,0,29.023528,-5.290335e-05,0
0.5,0,27.248125,-0.0094981221,0,29.032757,-5.4098991e-05,0
0.5,0,27.29223,-0.021061368,0,29.041985,-5.7919266e-05,0
0.5,0,27.333803,-0.031278625,0,29.051213,-6.4096894e-05,0
0.5,0,27.370531,-0.039641745,0,29.060442,-7.2216649e-05,0
0.5,0,27.400674,-0.045666933,0,29.06967,-8.1772155e-05,0
0.5,0,27.423008,-0.049035184,0,29.078899,-9.2216476e-05,0
0.5,0,27.436743,-0.049693203,0,29.088127,-0.00010299243,0
0.5,0,27.441544,-0.047856922,0,29.097356,-0.00011355458,0
0.5,0,27.437586,-0.043912247,0,29.106584,-0.0001233939,0
0.5,0,27.425636,-0.038303236,0,29.115813,-0.0001320674,0
0.5,0,27.407119,-0.031472608,0,29.125041,-0.00013922639,0
0.5,0,27.384077,-0.023859538,0,29.13427,-0.00014463417,0
0.5,0,27.358954,-0.015918546,0,29.143498,-0.00014816809,0
0.5,0,27.334283,-0.0081126939,0,29.152727,-0.00014980725,0
0.5,0,27.312228,-0.00087607789,0,29.161955,-0.00014961307,0
0.5,0,27.294339,0.0054455257,0,29.171184,-0.00014770827,0
0.5,0,27.281394,0.010647521,0,29.180412,-0.00014425737,0
0.5,0,27.273381,0.01468717,0,29.18964,-0.00013945151,0
0.5,0,27.269771,0.01769213,0,29.198869,-0.00013348932,0
0.5,0,27.269761,0.019953641,0,29.208097,-0.00012654797,0
0.5,0,27.272497,0.021897397,0,29.217326,-0.00011874894,0
0.5,0,27.277213,0.024025723,0,29.226554,-0.00011012731,0
0.5,0,27.283298,0.026816253,0,29.235783,-0.00010061928,0
0.5,0,27.290317,0.030628226,0,29.245011,-9.0078062e-05,0
0.5,0,27.298011,0.035677842,0,29.25424,-7.8310179e-05,0
0.5,0,27.306309,0.041957907,0,29.263468,-6.5117936e-05,0
0.5,0,27.315501,0.048953928,0,29.272697,-5.0357293e-05,0
0.5,0,27.326923,0.055160029,0,29.281925,-3.4012258e-05,0
0.5,0,27.343838,0.057893052,0,29.291154,-1.6290934e-05,0
0.5,0,27.362189,0.062142474,0,29.299162,-2.5804012e-15,0
0.5,0,27.06326,-0.093234694,0,29.438809,-1.4836e-06,0
0.5,0,27.063917,-0.09351582,0,29.438165,-2.5804012e-15,0
0.5,0,27.058163,-0.088434704,0,29.448038,-2.1540641e-05,0
0.5,0,27.062397,-0.077667905,0,29.457266,-3.9031338e-05,0
0.5,0,27.073537,-0.058232456,0,29.466494,-5.2670784e-05,0
0.5,0,27.086216,-0.032816238,0,29.475723,-6.1304673e-05,0
0.5,0,27.098614,-0.0037387303,0,29.484951,-6.3987374e-05,0
0.5,0,27.111065,0.027129949,0,29.49418,-6.0226077e-05,0
0.5,0,27.123794,0.057392988,0,29.503408,-5.0020995e-05,0
0.5,0,27.138163,0.083086609,0,29.512637,-3.3799368e-05,0
0.5,0,27.155918,0.10196906,0,29.521865,-1.2458282e-05,0
0.5,0,27.163586,0.11092672,0,29.526412,-2.5804012e-15,0
0.5,0,27.059019,-0.13544149,0,29.669521,-1.2652764e-05,0
0.5,0,27.065145,-0.13672395,0,29.666207,-2.5804012e-15,0
0.5,0,27.042457,-0.13325292,0,29.678749,-4.7447761e-05,0
0.5,0,27.033666,-0.12521147,0,29.687978,-8.0278997e-05,0
0.5,0,27.030591,-0.1091515,0,29.697206,-0.00010984521,0
0.5,0,27.029421,-0.088001417,0,29.706435,-0.00013505383,0
0.5,0,27.02915,-0.06380756,0,29.715663,-0.00015514148,0
0.5,0,27.029536,-0.03796052,0,29.724892,-0.00016982125,0
0.5,0,27.029335,-0.012471773,0,29.73412,-0.00017916372,0
0.5,0,27.027049,0.010235658,0,29.743348,-0.00018340821,0
0.5,0,27.022143,0.028720518,0,29.752577,-0.00018295205,0
0.5,0,27.015521,0.042671829,0,29.761805,-0.00017841775,0
0.5,0,27.009146,0.052176448,0,29.771034,-0.00017062735,0
0.5,0,27.004917,0.057391424,0,29.780262,-0.0001605027,0
0.5,0,27.003648,0.058650679,0,29.789491,-0.00014897633,0
0.5,0,27.004951,0.056466849,0,29.798719,-0.00013692788,0
0.5,0,27.007796,0.051352998,0,29.807948,-0.00012511866,0
0.5,0,27.011076,0.043807057,0,29.817176,-0.00011413257,0
0.5,0,27.013898,0.034537319,0,29.826405,-0.00010436292,0
0.5,0,27.0158,0.024565298,0,29.835633,-9.6047972e-05,0
0.5,0,27.01682,0.014984956,0,29.844862,-8.9307587e-05,0
0.5,0,27.017319,0.0066339788,0,29.85409,-8.4146362e-05,0
0.5,0,27.017567,-6.8271551e-06,0,29.863319,-8.0438506e-05,0
0.5,0,27.017291,-0.0047083415,0,29.872547,-7.7927482e-05,0
0.5,0,27.015712,-0.0073861034,0,29.881775,-7.6250158e-05,0
0.5,0,27.012128,-0.0080621956,0,29.891004,-7.4975021e-05,0
0.5,0,27.006659,-0.0068418547,0,29.900232,-7.3644558e-05,0
0.5,0,27.000448,-0.0038867382,0,29.909461,-7.1817689e-05,0
0.5,0,26.995019,0.00059042335,0,29.918689,-6.9107559e-05,0
0.5,0,26.9913,0.0062990598,0,29.927918,-6.5211411e-05,0
0.5,0,26.989121,0.012833834,0,29.937146,-5.9935278e-05,0
0.5,0,26.98747,0.01968474,0,29.946375,-5.321173e-05,0
0.5,0,26.985898,0.026273756,0,29.955603,-4.5102861e-05,0
0.5,0,26.984984,0.031902933,0,29.964832,-3.578634e-05,0
0.5,0,26.986351,0.035564341,0,29.97406,-2.5545435e-05,0
0.5,0,26.993215,0.035747104,0,29.983289,-1.4768452e-05,0
0.5,0,27.008775,0.032549306,0,29.992517,-3.9162189e-06,0
0.5,0,27.017055,0.031512152,0,29.995949,-2.5804012e-15,0
0.5,0,26.971115,-0.029087949,0,30.472397,-7.3926888e-06,0
0.5,0,26.985678,-0.029505388,0,30.46678,-2.5804012e-15,0
0.5,0,26.954273,-0.029758825,0,30.481626,-1.9335584e-05,0
0.5,0,26.94507,-0.029049304,0,30.490854,-3.0932154e-05,0
0.5,0,26.940911,-0.028013203,0,30.500083,-4.2160063e-05,0
0.5,0,26.940489,-0.027514718,0,30.509311,-5.3033879e-05,0
0.5,0,26.942991,-0.027765215,0,30.51854,-6.3677926e-05,0
0.5,0,26.947495,-0.028957512,0,30.527768,-7.4251858e-05,0
0.5,0,26.953007,-0.031229425,0,30.536997,-8.4855151e-05,0
0.5,0,26.958513,-0.034189081,0,30.546225,-9.5521314e-05,0
0.5,0,26.963087,-0.037051884,0,30.555454,-0.00010623811,0
0.5,0,26.966238,-0.039044785,0,30.564682,-0.00011692834,0
0.5,0,26.968158,-0.039524821,0,30.57391,-0.00012741934,0
0.5,0,26.969543,-0.03797394,0,30.583139,-0.00013743347,0
0.5,0,26.971067,-0.034103127,0,30.592367,-0.00014658863,0
0.5,0,26.97297,-0.027929382,0,30.601596,-0.00015440063,0
0.5,0,26.975036,-0.019669299,0,30.610824,-0.00016030862,0
0.5,0,26.976898,-0.0095719756,0,30.620053,-0.00016373986,0
0.5,0,26.978326,0.0021118999,0,30.629281,-0.00016419771,0
0.5,0,26.979328,0.015024359,0,30.63851,-0.00016134168,0
0.5,0,26.980077,0.028600647,0,30.647738,-0.00015504098,0
0.5,0,26.980784,0.042059368,0,30.656967,-0.00014539487,0
0.5,0,26.981549,0.054454976,0,30.666195,-0.00013272042,0
0.5,0,26.982232,0.064776987,0,30.675424,-0.00011751827,0
0.5,0,26.982386,0.072115622,0,30.684652,-0.00010043304,0
0.5,0,26.981357,0.075857042,0,30.693881,-8.2213237e-05,0
0.5,0,26.978556,0.075752411,0,30.703109,-6.3663754e-05,0
0.5,0,26.973911,0.071715264,0,30.712338,-4.5595221e-05,0
0.5,0,26.968455,0.063456839,0,30.721566,-2.8785036e-05,0
0.5,0,26.965184,0.050325468,0,30.730794,-1.3944863e-05,0
0.5,0,26.966957,0.034674134,0,30.740023,-1.6191321e-06,0
0.5,0,26.967791,0.032275275,0,30.741591,-2.5804012e-15,0
0.5,0,26.976448,-0.03050506,0,30.823079,-3.4041081e-06,0
0.5,0,26.977363,-0.030455547,0,30.818244,-2.5804012e-15,0
0.5,0,26.978207,-0.02898622,0,30.832308,-9.9088102e-06,0
0.5,0,26.982476,-0.0250045,0,30.841536,-1.5948749e-05,0
0.5,0,26.986331,-0.019493654,0,30.850765,-2.1125483e-05,0
0.5,0,26.988124,-0.013485874,0,30.859993,-2.5074113e-05,0
0.5,0,26.987773,-0.0076124471,0,30.869221,-2.7558904e-05,0
0.5,0,26.98532,-0.0021516556,0,30.87845,-2.8514661e-05,0
0.5,0,26.980515,0.002614065,0,30.887678,-2.8011562e-05,0
0.5,0,26.973748,0.0064503786,0,30.896907,-2.6216124e-05,0
0.5,0,26.966133,0.0092975796,0,30.906135,-2.3376254e-05,0
0.5,0,26.958678,0.011142022,0,30.915364,-1.9786427e-05,0
0.5,0,26.952023,0.011888767,0,30.924592,-1.572502e-05,0
0.5,0,26.946826,0.011380728,0,30.933821,-1.1412924e-05,0
0.5,0,26.944178,0.0094349745,0,30.943049,-7.0167681e-06,0
0.5,0,26.945874,0.0060320744,0,30.952278,-2.6674047e-06,0
0.5,0,26.950194,0.0042127411,0,30.958057,-2.5804012e-15,0
0.5,0,26.925833,-0.077282317,0,31.219903,-7.0637718e-06,0
0.5,0,26.92848,-0.080393184,0,31.217192,-2.5804012e-15,0
0.5,0,26.91581,-0.068046208,0,31.229132,-2.9057228e-05,0
0.5,0,26.910107,-0.055808797,0,31.23836,-4.8267935e-05,0
0.5,0,26.906539,-0.039760424,0,31.247589,-6.4205669e-05,0
0.5,0,26.902438,-0.022966811,0,31.256817,-7.6564142e-05,0
0.5,0,26.89759,-0.0071949442,0,31.266046,-8.5369763e-05,0
0.5,0,26.892577,0.0064583526,0,31.275274,-9.1054705e-05,0
0.5,0,26.887945,0.016572417,0,31.284502,-9.4312942e-05,0
0.5,0,26.884172,0.021852915,0,31.293731,-9.5948372e-05,0
0.5,0,26.881233,0.021956348,0,31.302959,-9.6840847e-05,0
0.5,0,26.878345,0.017250493,0,31.312188,-9.791389e-05,0
0.5,0,26.874401,0.0083426989,0,31.321416,-0.00010002937,0
0.5,0,26.868647,-0.0038556663,0,31.330645,-0.0001038836,0
0.5,0,26.861122,-0.017981338,0,31.339873,-0.00010996025,0
0.5,0,26.852591,-0.032445404,0,31.349102,-0.00011850855,0
0.5,0,26.844072,-0.045812972,0,31.35833,-0.00012950897,0
0.5,0,26.83639,-0.056942879,0,31.367559,-0.00014264265,0
0.5,0,26.830088,-0.064897849,0,31.376787,-0.00015730214,0
0.5,0,26.825573,-0.068887748,0,31.386016,-0.00017264764,0
0.5,0,26.823123,-0.06832715,0,31.395244,-0.00018768533,0
0.5,0,26.822696,-0.062900147,0,31.404473,-0.00020135451,0
0.5,0,26.823802,-0.05260059,0,31.413701,-0.00021262133,0
0.5,0,26.825686,-0.037811236,0,31.422929,-0.00022056799,0
0.5,0,26.827717,-0.019394401,0,31.432158,-0.00022446022,0
0.5,0,26.829675,0.0013347071,0,31.441386,-0.00022378913,0
0.5,0,26.831745,0.022805622,0,31.450615,-0.00021829528,0
0.5,0,26.83429,0.043454563,0,31.459843,-0.00020797951,0
0.5,0,26.837674,0.061913891,0,31.469072,-0.00019309894,0
0.5,0,26.842199,0.077110496,0,31.4783,-0.00017414603,0
0.5,0,26.848137,0.088369581,0,31.487529,-0.00015180672,0
0.5,0,26.855721,0.095518294,0,31.496757,-0.00012688865,0
0.5,0,26.865167,0.098707078,0,31.505986,-0.00010023403,0
0.5,0,26.876961,0.097963102,0,31.515214,-7.2668915e-05,0
0.5,0,26.892777,0.092764546,0,31.524443,-4.4978919e-05,0
0.5,0,26.915791,0.083379453,0,31.533671,-1.7889817e-05,0
0.5,0,26.934361,0.079316158,0,31.540009,-2.5804012e-15,0
0.5,0,26.881087,-0.020914929,0,31.764383,-5.9778832e-06,0
0.5,0,26.890504,-0.026637721,0,31.757932,-2.5804012e-15,0
0.5,0,26.873142,-0.013518679,0,31.773611,-1.2115127e-05,0
0.5,0,26.869016,-0.0056676315,0,31.78284,-1.5923549e-05,0
0.5,0,26.866183,0.001430849,0,31.792068,-1.7563371e-05,0
0.5,0,26.864446,0.0073627361,0,31.801297,-1.7206577e-05,0
0.5,0,26.864677,0.0122837,0,31.810525,-1.5093079e-05,0
0.5,0,26.868427,0.016042549,0,31.819754,-1.1452352e-05,0
0.5,0,26.878629,0.017820917,0,31.828982,-6.4356172e-06,0
0.5,0,26.898062,0.019073192,0,31.83821,-9.7805231e-08,0
0.5,0,26.898399,0.019127605,0,31.838328,-2.5804012e-15,0
0.5,0,26.924139,-0.11130974,0,32.041237,-8.70138e-06,0
0.5,0,26.931093,-0.10964397,0,32.038674,-2.5804012e-15,0
0.5,0,26.896155,-0.12067816,0,32.050465,-4.1975196e-05,0
0.5,0,26.872889,-0.12716358,0,32.059694,-7.6181574e-05,0
0.5,0,26.853575,-0.12769796,0,32.068922,-0.00011019113,0
0.5,0,26.836032,-0.12316216,0,32.078151,-0.0001428175,0
0.5,0,26.820113,-0.11322172,0,32.087379,-0.00017290465,0
0.5,0,26.805655,-0.097570865,0,32.096608,-0.00019945105,0
0.5,0,26.792126,-0.0769672,0,32.105836,-0.00022153503,0
0.5,0,26.779392,-0.052833981,0,32.115064,-0.00023824834,0
0.5,0,26.767733,-0.026238573,0,32.124293,-0.00024880373,0
0.5,0,26.75723,0.0020004244,0,32.133521,-0.0002526806,0
0.5,0,26.747548,0.030816939,0,32.14275,-0.00024968928,0
0.5,0,26.738297,0.058870048,0,32.151978,-0.00023999194,0
0.5,0,26.729622,0.084689534,0,32.161207,-0.00022411795,0
0.5,0,26.722458,0.10666445,0,32.170435,-0.00020294688,0
0.5,0,26.718208,0.12309945,0,32.179664,-0.00017764439,0
0.5,0,26.718062,0.13254002,0,32.188892,-0.0001495829,0
0.5,0,26.72236,0.13413766,0,32.198121,-0.00012027647,0
0.5,0,26.730298,0.12776162,0,32.207349,-9.131645e-05,0
0.5,0,26.740072,0.11388151,0,32.216578,-6.4282596e-05,0
0.5,0,26.749454,0.093440118,0,32.225806,-4.064113e-05,0
0.5,0,26.756638,0.067835597,0,32.235035,-2.1643148e-05,0
0.5,0,26.76067,0.03976782,0,32.244263,-8.2291233e-06,0
0.5,0,26.761119,0.0093972487,0,32.253491,-9.4811181e-07,0
0.5,0,26.75805,-0.019741435,0,32.262625,-2.5804012e-15,0
0.5,0,26.752518,-0.046339699,0,32.271948,-5.0702573e-06,0
0.5,0,26.758008,-0.02009685,0,32.262738,-2.5804012e-15,0
0.5,0,26.746851,-0.068906644,0,32.281177,-1.5428233e-05,0
0.5,0,26.742942,-0.084449319,0,32.290405,-2.9997407e-05,0
0.5,0,26.741061,-0.093162665,0,32.299634,-4.7388734e-05,0
0.5,0,26.740574,-0.095104225,0,32.308862,-6.5958369e-05,0
0.5,0,26.741498,-0.089878339,0,32.318091,-8.4019444e-05,0
0.5,0,26.743888,-0.077374221,0,32.327319,-0.00010005977,0
0.5,0,26.746546,-0.058603806,0,32.336548,-0.00011280367,0
0.5,0,26.7478,-0.035484141,0,32.345776,-0.00012121765,0
0.5,0,26.747061,-0.010023286,0,32.355005,-0.00012459292,0
0.5,0,26.744961,0.015843807,0,32.364233,-0.00012264815,0
0.5,0,26.742537,0.039952196,0,32.373462,-0.00011554329,0
0.5,0,26.740974,0.060043784,0,32.38269,-0.00010381971,0
0.5,0,26.741803,0.074418596,0,32.391918,-8.8341469e-05,0
0.5,0,26.746499,0.082314569,0,32.401147,-7.0247785e-05,0
0.5,0,26.7558,0.083518701,0,32.410375,-5.0876027e-05,0
0.5,0,26.769947,0.077584401,0,32.419604,-3.1627844e-05,0
0.5,0,26.790076,0.06421807,0,32.428832,-1.3815556e-05,0
0.5,0,26.812404,0.049005629,0,32.437102,-2.5804012e-15,0
0.5,0,26.836812,-0.0025662191,0,32.7426,-3.2870096e-06,0
0.5,0,26.841337,-0.0061070878,0,32.73725,-2.5804012e-15,0
0.5,0,26.833194,0.002663553,0,32.751829,-7.2963971e-06,0
0.5,0,26.832798,0.0078013866,0,32.761057,-9.9225692e-06,0
0.5,0,26.834155,0.011906818,0,32.770286,-1.1566105e-05,0
0.5,0,26.836892,0.014336308,0,32.779514,-1.2662757e-05,0
0.5,0,26.840645,0.014862872,0,32.788743,-1.3691522e-05,0
0.5,0,26.844831,0.013311542,0,32.797971,-1.5105759e-05,0
0.5,0,26.848912,0.0096425274,0,32.807199,-1.729403e-05,0
0.5,0,26.852496,0.0040943049,0,32.816428,-2.0599606e-05,0
0.5,0,26.855384,-0.0029998164,0,32.825656,-2.5334455e-05,0
0.5,0,26.857664,-0.011293993,0,32.834885,-3.1775417e-05,0
0.5,0,26.859783,-0.020345,0,32.844113,-4.0169159e-05,0
0.5,0,26.862381,-0.029678518,0,32.853342,-5.0731073e-05,0
0.5,0,26.86583,-0.039006775,0,32.86257,-6.3605428e-05,0
0.5,0,26.869928,-0.048273634,0,32.871799,-7.8799595e-05,0
0.5,0,26.87408,-0.057419008,0,32.881027,-9.6140662e-05,0
0.5,0,26.877818,-0.066110055,0,32.890256,-0.00011528203,0
0.5,0,26.881152,-0.073675558,0,32.899484,-0.00013574603,0
0.5,0,26.88445,-0.079241862,0,32.908713,-0.00015697462,0
0.5,0,26.888039,-0.08195801,0,32.917941,-0.00017837154,0
0.5,0,26.891937,-0.081230016,0,32.92717,-0.00019933037,0
0.5,0,26.895906,-0.076891818,0,32.936398,-0.00021925022,0
0.5,0,26.899662,-0.06923523,0,32.945626,-0.00023754854,0
0.5,0,26.902971,-0.058895769,0,32.954855,-0.00025368399,0
0.5,0,26.90561,-0.046680927,0,32.964083,-0.00026719264,0
0.5,0,26.907386,-0.033432351,0,32.973312,-0.00027772792,0
0.5,0,26.908314,-0.019948978,0,32.98254,-0.00028509063,0
0.5,0,26.908808,-0.0069511516,0,32.991769,-0.00028923935,0
0.5,0,26.90961,0.0049380247,0,33.000997,-0.00029027691,0
0.5,0,26.911387,0.015220895,0,33.010226,-0.00028841381,0
0.5,0,26.914213,0.023593658,0,33.019454,-0.00028391721,0
0.5,0,26.917332,0.030039986,0,33.028683,-0.00027705879,0
0.5,0,26.919405,0.034882137,0,33.037911,-0.00026807436,0
0.5,0,26.919122,0.038732841,0,33.04714,-0.00025713998,0
0.5,0,26.915822,0.042354259,0,33.056368,-0.00024436265,0
0.5,0,26.909731,0.046490784,0,33.065597,-0.00022978386,0
0.5,0,26.901755,0.051736904,0,33.074825,-0.00021339661,0
0.5,0,26.893252,0.058430983,0,33.084053,-0.00019517594,0
0.5,0,26.885519,0.066515904,0,33.093282,-0.00017511984,0
0.5,0,26.879073,0.075431121,0,33.10251,-0.00015329657,0
0.5,0,26.87375,0.084169443,0,33.111739,-0.00012988888,0
0.5,0,26.869136,0.091469016,0,33.120967,-0.00010522177,0
0.5,0,26.865046,0.095893755,0,33.130196,-7.9779414e-05,0
0.5,0,26.86223,0.095660111,0,33.139424,-5.4235319e-05,0
0.5,0,26.863564,0.088565325,0,33.148653,-2.9479044e-05,0
0.5,0,26.871125,0.076477332,0,33.157881,-6.5306397e-06,0
0.5,0,26.874085,0.072245002,0,33.160867,-2.5804012e-15,0
0.5,0,26.884612,-0.085003125,0,33.250166,-2.1535386e-06,0
0.5,0,26.88604,-0.084386971,0,33.248922,-2.5804012e-15,0
0.5,0,26.872166,-0.08750768,0,33.259394,-1.8598869e-05,0
0.5,0,26.862683,-0.082942619,0,33.268623,-3.4122997e-05,0
0.5,0,26.855505,-0.070337824,0,33.277851,-4.7274833e-05,0
0.5,0,26.847137,-0.051495513,0,33.28708,-5.6658601e-05,0
0.5,0,26.836084,-0.028054936,0,33.296308,-6.1042497e-05,0
0.5,0,26.823658,-0.0012127548,0,33.305537,-5.9590998e-05,0
0.5,0,26.811368,0.027573225,0,33.314765,-5.1960235e-05,0
0.5,0,26.800486,0.055252519,0,33.323994,-3.821335e-05,0
0.5,0,26.794101,0.077360976,0,33.333222,-1.8812382e-05,0
0.5,0,26.791391,0.09421705,0,33.340362,-2.5804012e-15,0
0.5,0,26.972101,-0.053373986,0,33.573162,-1.5680161e-05,0
0.5,0,26.980917,-0.056785502,0,33.566661,-2.5804012e-15,0
0.5,0,26.963911,-0.052116561,0,33.582391,-3.6922603e-05,0
0.5,0,26.960227,-0.049989835,0,33.591619,-5.7231102e-05,0
0.5,0,26.957221,-0.048483197,0,33.600848,-7.6654943e-05,0
0.5,0,26.953485,-0.047654438,0,33.610076,-9.512065e-05,0
0.5,0,26.94886,-0.046399918,0,33.619305,-0.00011259372,0
0.5,0,26.943529,-0.043896584,0,33.628533,-0.00012903583,0
0.5,0,26.937791,-0.039986122,0,33.637761,-0.00014429332,0
0.5,0,26.931845,-0.034554413,0,33.64699,-0.00015811189,0
0.5,0,26.925688,-0.027536452,0,33.656218,-0.00017021613,0
0.5,0,26.919397,-0.019180615,0,33.665447,-0.00018036715,0
0.5,0,26.91337,-0.0099606679,0,33.674675,-0.0001884218,0
0.5,0,26.908115,-0.00048010853,0,33.683904,-0.00019440234,0
0.5,0,26.903731,0.0083700997,0,33.693132,-0.00019852787,0
0.5,0,26.89962,0.015337669,0,33.702361,-0.00020118766,0
0.5,0,26.894733,0.019103794,0,33.711589,-0.00020289654,0
0.5,0,26.888021,0.018736415,0,33.720818,-0.00020426966,0
0.5,0,26.87867,0.013950147,0,33.730046,-0.00020600878,0
0.5,0,26.866113,0.0050936505,0,33.739275,-0.00020887002,0
0.5,0,26.85009,-0.0070265894,0,33.748503,-0.0002135972,0
0.5,0,26.830922,-0.021378923,0,33.757732,-0.00022082423,0
0.5,0,26.809694,-0.036892666,0,33.76696,-0.00023096391,0
0.5,0,26.788028,-0.052492458,0,33.776188,-0.00024411514,0
0.5,0,26.767497,-0.066988236,0,33.785417,-0.00026002173,0
0.5,0,26.749083,-0.078988606,0,33.794645,-0.00027809595,0
0.5,0,26.733066,-0.086998339,0,33.803874,-0.00029749018,0
0.5,0,26.719283,-0.089706053,0,33.813102,-0.00031718485,0
0.5,0,26.707419,-0.086323671,0,33.822331,-0.00033606877,0
0.5,0,26.697156,-0.076804864,0,33.831559,-0.00035300534,0
0.5,0,26.688212,-0.061845213,0,33.840788,-0.00036689284,0
0.5,0,26.680405,-0.042679804,0,33.850016,-0.00037673002,0
0.5,0,26.673725,-0.020801042,0,33.859245,-0.00038169241,0
0.5,0,26.66833,0.0022680923,0,33.868473,-0.0003812112,0
0.5,0,26.664412,0.025098648,0,33.877702,-0.000375034,0
0.5,0,26.662087,0.04640844,0,33.88693,-0.00036324821,0
0.5,0,26.661409,0.065104053,0,33.896159,-0.00034626332,0
0.5,0,26.662498,0.080359597,0,33.905387,-0.00032475993,0
0.5,0,26.66561,0.091699202,0,33.914615,-0.00029961214,0
0.5,0,26.671086,0.099008598,0,33.923844,-0.00027179061,0
0.5,0,26.679214,0.10244649,0,33.933072,-0.00024226169,0
0.5,0,26.690127,0.10232268,0,33.942301,-0.00021190552,0
0.5,0,26.70382,0.099079404,0,33.951529,-0.00018146593,0
0.5,0,26.720209,0.093411954,0,33.960758,-0.00015152169,0
0.5,0,26.739183,0.086285604,0,33.969986,-0.00012246328,0
0.5,0,26.760575,0.078540699,0,33.979215,-9.4495741e-05,0
0.5,0,26.784465,0.070451101,0,33.988443,-6.7693536e-05,0
0.5,0,26.811826,0.061506272,0,33.997672,-4.2049957e-05,0
0.5,0,26.845661,0.051143926,0,34.0069,-1.7500902e-05,0
0.5,0,26.874413,0.047036088,0,34.013707,-2.5804012e-15,0
0.5,0,26.612597,-0.1810136,0,34.385267,-2.8157495e-05,0
0.5,0,26.615746,-0.18500068,0,34.38104,-2.5804012e-15,0
0.5,0,26.605068,-0.17598193,0,34.394496,-8.8510998e-05,0
0.5,0,26.605586,-0.16742176,0,34.403724,-0.00014690314,0
0.5,0,26.611867,-0.15418555,0,34.412953,-0.00020260722,0
0.5,0,26.619397,-0.13958819,0,34.422181,-0.0002550977,0
0.5,0,26.625693,-0.12501811,0,34.43141,-0.00030412693,0
0.5,0,26.629274,-0.11114383,0,34.440638,-0.00034981955,0
0.5,0,26.629554,-0.099124631,0,34.449867,-0.00039253152,0
0.5,0,26.626795,-0.090167973,0,34.459095,-0.00043270543,0
0.5,0,26.621463,-0.084810482,0,34.468323,-0.000470848,0
0.5,0,26.613798,-0.083149417,0,34.477552,-0.00050750412,0
0.5,0,26.603981,-0.08502494,0,34.48678,-0.00054318309,0
0.5,0,26.592466,-0.089765614,0,34.496009,-0.00057831301,0
0.5,0,26.580073,-0.096192673,0,34.505237,-0.00061322993,0
0.5,0,26.567866,-0.10306055,0,34.514466,-0.00064814139,0
0.5,0,26.556964,-0.1093811,0,34.523694,-0.00068305762,0
0.5,0,26.548362,-0.11434441,0,34.532923,-0.00071774684,0
0.5,0,26.542757,-0.11713404,0,34.542151,-0.00075174632,0
0.5,0,26.540488,-0.11692752,0,34.55138,-0.00078440822,0
0.5,0,26.541653,-0.11302192,0,34.560608,-0.00081495048,0
0.5,0,26.546295,-0.10495662,0,34.569837,-0.00084250127,0
0.5,0,26.55446,-0.09261378,0,34.579065,-0.00086613267,0
0.5,0,26.566055,-0.076249702,0,34.588294,-0.00088488326,0
0.5,0,26.580649,-0.056378501,0,34.597522,-0.00089778493,0
0.5,0,26.597402,-0.033561037,0,34.60675,-0.00090391378,0
0.5,0,26.615153,-0.0082710958,0,34.615979,-0.00090246321,0
0.5,0,26.632619,0.019075846,0,34.625207,-0.00089281388,0
0.5,0,26.648644,0.048005333,0,34.634436,-0.0008745729,0
0.5,0,26.662351,0.077879077,0,34.643664,-0.00084757681,0
0.5,0,26.673246,0.10788464,0,34.652893,-0.00081187314,0
0.5,0,26.681291,0.13715817,0,34.662121,-0.00076769186,0
0.5,0,26.686882,0.16492164,0,34.67135,-0.00071541358,0
0.5,0,26.690737,0.19049866,0,34.680578,-0.00065554614,0
0.5,0,26.693721,0.21328193,0,34.689807,-0.00058871301,0
0.5,0,26.696636,0.23286203,0,34.699035,-0.00051563396,0
0.5,0,26.69994,0.24917104,0,34.708264,-0.00043707695,0
0.5,0,26.703767,0.26210441,0,34.717492,-0.00035382169,0
0.5,0,26.707939,0.2710015,0,34.726721,-0.00026671135,0
0.5,0,26.713795,0.27463264,0,34.735949,-0.00017668272,0
0.5,0,26.724055,0.27159589,0,34.745177,-8.4786879e-05,0
0.5,0,26.730327,0.27281757,0,34.75359,-2.5804012e-15,0
0.5,0,26.65292,-0.33504801,0,35.105088,-4.5538202e-05,0
0.5,0,26.653977,-0.33673417,0,35.101458,-2.5804012e-15,0
0.5,0,26.641855,-0.33690622,0,35.114316,-0.00016153513,0
0.5,0,26.637256,-0.33808274,0,35.123545,-0.00027699659,0
0.5,0,26.641121,-0.33270852,0,35.132773,-0.00039082502,0
0.5,0,26.649739,-0.32384633,0,35.142002,-0.00050212422,0
0.5,0,26.662122,-0.31234696,0,35.15123,-0.00061006595,0
0.5,0,26.677999,-0.29837003,0,35.160458,-0.00071402243,0
0.5,0,26.696778,-0.28264971,0,35.169687,-0.0008134642,0
0.5,0,26.717296,-0.2661739,0,35.178915,-0.00090783465,0
0.5,0,26.73773,-0.24916444,0,35.188144,-0.00099660255,0
0.5,0,26.755988,-0.23139144,0,35.197372,-0.0010793309,0
0.5,0,26.77052,-0.21274667,0,35.206601,-0.0011556545,0
0.5,0,26.78084,-0.19320969,0,35.215829,-0.0012252439,0
0.5,0,26.787435,-0.17276908,0,35.225058,-0.001287793,0
0.5,0,26.791347,-0.15157881,0,35.234286,-0.0013429949,0
0.5,0,26.793739,-0.12993621,0,35.243515,-0.0013905057,0
0.5,0,26.795554,-0.10796937,0,35.252743,-0.0014299447,0
0.5,0,26.797293,-0.085444839,0,35.261972,-0.00146094,0
0.5,0,26.798979,-0.061916616,0,35.2712,-0.0014831778,0
0.5,0,26.800328,-0.036996689,0,35.280429,-0.0014964233,0
0.5,0,26.80098,-0.010525354,0,35.289657,-0.0015005126,0
0.5,0,26.800672,0.017378813,0,35.298885,-0.0014953232,0
0.5,0,26.799304,0.046353318,0,35.308114,-0.0014807341,0
0.5,0,26.796969,0.075907215,0,35.317342,-0.0014566022,0
0.5,0,26.793944,0.10560192,0,35.326571,-0.0014227824,0
0.5,0,26.790639,0.135172,0,35.335799,-0.0013791859,0
0.5,0,26.787512,0.16447898,0,35.345028,-0.0013258421,0
0.5,0,26.784983,0.19335898,0,35.354256,-0.0012629318,0
0.5,0,26.783369,0.22151089,0,35.363485,-0.0011907833,0
0.5,0,26.782837,0.2485096,0,35.372713,-0.0011098435,0
0.5,0,26.783359,0.27387526,0,35.381942,-0.001020647,0
0.5,0,26.784714,0.29708604,0,35.39117,-0.00092380757,0
0.5,0,26.786553,0.31759869,0,35.400399,-0.00082003357,0
0.5,0,26.788577,0.33504491,0,35.409627,-0.00071013017,0
0.5,0,26.79067,0.34937862,0,35.418856,-0.0005949566,0
0.5,0,26.793202,0.36047252,0,35.428084,-0.00047538597,0
0.5,0,26.797086,0.36762606,0,35.437313,-0.00035234541,0
0.5,0,26.805163,0.36958001,0,35.446541,-0.00022683987,0
0.5,0,26.819557,0.36644147,0,35.455769,-9.9953189e-05,0
0.5,0,26.827884,0.36814576,0,35.463002,-2.5804012e-15,0
0.5,0,26.887675,-0.37589259,0,35.834137,-1.0397382e-05,0
0.5,0,26.887544,-0.37614718,0,35.833414,-2.5804012e-15,0
0.5,0,26.879005,-0.37886752,0,35.843365,-0.00014394064,0
0.5,0,26.876095,-0.38659468,0,35.852594,-0.00027800279,0
0.5,0,26.882926,-0.38730553,0,35.861822,-0.00041150108,0
0.5,0,26.894083,-0.38440154,0,35.87105,-0.00054338339,0
0.5,0,26.907944,-0.37830811,0,35.880279,-0.00067247666,0
0.5,0,26.924293,-0.36815224,0,35.889507,-0.00079777912,0
0.5,0,26.942942,-0.35359974,0,35.898736,-0.00091845937,0
0.5,0,26.963344,-0.33549794,0,35.907964,-0.0010336753,0
0.5,0,26.984424,-0.31460079,0,35.917193,-0.0011425578,0
0.5,0,27.004635,-0.29137894,0,35.926421,-0.0012442754,0
0.5,0,27.022421,-0.26631915,0,35.93565,-0.0013380435,0
0.5,0,27.036577,-0.23968014,0,35.944878,-0.001423143,0
0.5,0,27.046323,-0.21138711,0,35.954107,-0.0014989784,0
0.5,0,27.051244,-0.18147867,0,35.963335,-0.0015650961,0
0.5,0,27.051253,-0.15043503,0,35.972564,-0.0016211381,0
0.5,0,27.046557,-0.11892187,0,35.981792,-0.0016667966,0
0.5,0,27.037652,-0.087344436,0,35.991021,-0.0017018203,0
0.5,0,27.02535,-0.055711957,0,36.000249,-0.0017260484,0
0.5,0,27.010878,-0.023824669,0,36.009477,-0.00173943,0
0.5,0,26.995808,0.0084540848,0,36.018706,-0.0017420152,0
0.5,0,26.981839,0.040995219,0,36.027934,-0.0017339204,0
0.5,0,26.970495,0.073359405,0,36.037163,-0.0017152773,0
0.5,0,26.962802,0.10497769,0,36.046391,-0.0016861996,0
0.5,0,26.959109,0.13545015,0,36.05562,-0.0016467937,0
0.5,0,26.959042,0.16470246,0,36.064848,-0.0015972051,0
0.5,0,26.961666,0.19288351,0,36.074077,-0.0015376719,0
0.5,0,26.965799,0.22011798,0,36.083305,-0.0014685524,0
0.5,0,26.970386,0.2462976,0,36.092534,-0.001390318,0
0.5,0,26.974772,0.27106127,0,36.101762,-0.0013035252,0
0.5,0,26.978769,0.29397149,0,36.110991,-0.0012087829,0
0.5,0,26.98255,0.31469938,0,36.120219,-0.0011067337,0
0.5,0,26.986457,0.33302595,0,36.129448,-0.00099805757,0
0.5,0,26.990843,0.34873603,0,36.138676,-0.00088349559,0
0.5,0,26.996015,0.3616945,0,36.147904,-0.00076386749,0
0.5,0,27.002114,0.37200282,0,36.157133,-0.00064004998,0
0.5,0,27.009225,0.37964733,0,36.166361,-0.0005129481,0
0.5,0,27.017203,0.38398272,0,36.17559,-0.00038353409,0
0.5,0,27.027258,0.38370737,0,36.184818,-0.00025285148,0
0.5,0,27.041342,0.37715887,0,36.194047,-0.00012201835,0
0.5,0,27.049171,0.37625385,0,36.202696,-2.5804012e-15,0
0.5,0,26.489353,-0.27745356,0,36.590871,-2.7917785e-05,0
0.5,0,26.486432,-0.28012655,0,36.588379,-2.5804012e-15,0
0.5,0,26.497639,-0.27414535,0,36.600099,-0.00012990898,0
0.5,0,26.510817,-0.27319188,0,36.609328,-0.0002302075,0
0.5,0,26.526986,-0.26778211,0,36.618556,-0.00032805814,0
0.5,0,26.540127,-0.26028823,0,36.627785,-0.0004228317,0
0.5,0,26.548384,-0.25061584,0,36.637013,-0.00051392668,0
0.5,0,26.551699,-0.2381192,0,36.646242,-0.0006009187,0
0.5,0,26.550406,-0.22312595,0,36.65547,-0.00068344984,0
0.5,0,26.544527,-0.2067726,0,36.664699,-0.00076106508,0
0.5,0,26.533399,-0.18978359,0,36.673927,-0.00083323879,0
0.5,0,26.515907,-0.17234409,0,36.683156,-0.00089947818,0
0.5,0,26.491253,-0.15439696,0,36.692384,-0.00095938559,0
0.5,0,26.45958,-0.13569088,0,36.701612,-0.0010127022,0
0.5,0,26.422128,-0.11598094,0,36.710841,-0.0010593277,0
0.5,0,26.381059,-0.095412135,0,36.720069,-0.0010992769,0
0.5,0,26.339106,-0.074577034,0,36.729298,-0.0011325958,0
0.5,0,26.299236,-0.054153329,0,36.738526,-0.0011593107,0
0.5,0,26.264358,-0.034554962,0,36.747755,-0.0011794334,0
0.5,0,26.237108,-0.015877878,0,36.756983,-0.0011929906,0
0.5,0,26.219619,0.0019801227,0,36.766212,-0.0012000452,0
0.5,0,26.213299,0.019182772,0,36.77544,-0.0012006991,0
0.5,0,26.218663,0.035833216,0,36.784669,-0.0011950805,0
0.5,0,26.235293,0.051925581,0,36.793897,-0.0011833264,0
0.5,0,26.262021,0.06742685,0,36.803126,-0.0011655794,0
0.5,0,26.297164,0.082403379,0,36.812354,-0.0011420018,0
0.5,0,26.338766,0.097046431,0,36.821583,-0.0011127986,0
0.5,0,26.384785,0.11155488,0,36.830811,-0.0010782275,0
0.5,0,26.433214,0.12596411,0,36.840039,-0.0010385867,0
0.5,0,26.482138,0.14005717,0,36.849268,-0.0009941915,0
0.5,0,26.529728,0.15343134,0,36.858496,-0.00094535727,0
0.5,0,26.574192,0.16566671,0,36.867725,-0.00089240045,0
0.5,0,26.613738,0.17645812,0,36.876953,-0.00083565526,0
0.5,0,26.646642,0.18563433,0,36.886182,-0.00077549348,0
0.5,0,26.671401,0.19310717,0,36.89541,-0.00071233331,0
0.5,0,26.686917,0.19882125,0,36.904639,-0.00064663366,0
0.5,0,26.692589,0.20271974,0,36.913867,-0.00057888453,0
0.5,0,26.688281,0.20474117,0,36.923096,-0.00050960418,0
0.5,0,26.674178,0.20491107,0,36.932324,-0.00043933388,0
0.5,0,26.650661,0.20346187,0,36.941553,-0.00036860716,0
0.5,0,26.618329,0.20064849,0,36.950781,-0.00029790545,0
0.5,0,26.578317,0.19632359,0,36.96001,-0.00022766058,0
0.5,0,26.533032,0.18976958,0,36.969238,-0.00015829285,0
0.5,0,26.487382,0.17985819,0,36.978466,-9.0238746e-05,0
0.5,0,26.443817,0.17106106,0,36.987695,-2.3826615e-05,0
0.5,0,26.42647,0.16977982,0,36.991096,-2.5804012e-15,0
0.5,0,26.756099,-0.044057425,0,37.449118,-1.593462e-05,0
0.5,0,26.782739,-0.047347086,0,37.441701,-2.5804012e-15,0
0.5,0,26.729965,-0.041311508,0,37.458347,-3.4035702e-05,0
0.5,0,26.71171,-0.03670322,0,37.467575,-5.0197127e-05,0
0.5,0,26.699355,-0.031432895,0,37.476804,-6.4253477e-05,0
0.5,0,26.69243,-0.025613694,0,37.486032,-7.6078126e-05,0
0.5,0,26.690864,-0.018941616,0,37.495261,-8.5688634e-05,0
0.5,0,26.694294,-0.011581691,0,37.504489,-9.3189729e-05,0
0.5,0,26.701975,-0.0041250369,0,37.513718,-9.8677204e-05,0
0.5,0,26.712892,0.0030096296,0,37.522946,-0.00010223388,0
0.5,0,26.725975,0.0095916678,0,37.532174,-0.00010395654,0
0.5,0,26.740368,0.015429773,0,37.541403,-0.00010395918,0
0.5,0,26.755543,0.020427912,0,37.550631,-0.00010237634,0
0.5,0,26.771195,0.024598375,0,37.55986,-9.9370669e-05,0
0.5,0,26.78704,0.027955583,0,37.569088,-9.5122351e-05,0
0.5,0,26.802655,0.030498094,0,37.578317,-8.9804602e-05,0
0.5,0,26.817442,0.032318738,0,37.587545,-8.3573655e-05,0
0.5,0,26.830726,0.033653464,0,37.596774,-7.6583512e-05,0
0.5,0,26.841885,0.034772142,0,37.606002,-6.9008325e-05,0
0.5,0,26.850453,0.035811815,0,37.615231,-6.1053215e-05,0
0.5,0,26.856131,0.036680357,0,37.624459,-5.2947042e-05,0
0.5,0,26.858742,0.037073407,0,37.633688,-4.4919842e-05,0
0.5,0,26.858197,0.036594263,0,37.642916,-3.7174885e-05,0
0.5,0,26.854487,0.03493165,0,37.652145,-2.9870981e-05,0
0.5,0,26.847709,0.032002794,0,37.661373,-2.3126534e-05,0
0.5,0,26.838084,0.027974212,0,37.670601,-1.7041758e-05,0
0.5,0,26.825982,0.023158702,0,37.67983,-1.1723198e-05,0
0.5,0,26.811843,0.017875221,0,37.689058,-7.2949182e-06,0
0.5,0,26.796234,0.012364446,0,37.698287,-3.8925856e-06,0
0.5,0,26.779622,0.0067847381,0,37.707515,-1.6450297e-06,0
0.5,0,26.762713,0.0012737266,0,37.716744,-6.5552461e-07,0
0.5,0,26.745675,-0.0040011998,0,37.725972,-9.7860945e-07,0
0.5,0,26.729603,-0.0087703817,0,37.735201,-2.6089309e-06,0
0.5,0,26.713353,-0.012777017,0,37.744429,-5.4431568e-06,0
0.5,0,26.699722,-0.015631863,0,37.753658,-9.3101128e-06,0
0.5,0,26.684008,-0.017417095,0,37.762886,-1.3881189e-05,0
0.5,0,26.674628,-0.017308347,0,37.772115,-1.8894374e-05,0
0.5,0,26.662412,-0.01663462,0,37.781343,-2.3679509e-05,0
0.5,0,26.669989,-0.011206416,0,37.790572,-2.8197542e-05,0
0.5,0,26.691243,-0.0055926004,0,37.7998,-3.0543154e-05,0
0.5,0,26.667268,-0.31742634,0,0.0092284668,0.00073094792,0
0.5,0,26.686351,-0.27113406,0,0.018456934,0.0006293859,0
0.5,0,26.696381,-0.25664546,0,0.0276854,0.00053705762,0
0.5,0,26.704791,-0.24663473,0,0.036913867,0.00044955538,0
0.5,0,26.711153,-0.23770147,0,0.046142334,0.00036537603,0
0.5,0,26.717171,-0.23055188,0,0.055370801,0.00028363009,0
0.5,0,26.723389,-0.2244571,0,0.064599268,0.0002037532,0
0.5,0,26.727849,-0.21781768,0,0.073827734,0.00012550806,0
0.5,0,26.724795,-0.20779971,0,0.083056201,4.8898054e-05,0
0.5,0,27.053456,0.067873022,0,1.8733788,6.967461e-06,0
0.5,0,27.081291,0.07575797,0,1.8826072,3.3693786e-05,0
0.5,0,27.09763,0.08045301,0,1.8918357,6.0686797e-05,0
0.5,0,27.106907,0.083018222,0,1.9010642,8.7900176e-05,0
0.5,0,27.112536,0.085091821,0,1.9102926,0.00011528634,0
0.5,0,27.115743,0.086456882,0,1.9195211,0.00014285507,0
0.5,0,27.117083,0.086660874,0,1.9287496,0.00017073618,0
0.5,0,27.116865,0.086530858,0,1.937978,0.0001990227,0
0.5,0,27.115405,0.087015845,0,1.9472065,0.0002276904,0
0.5,0,27.113482,0.088163723,0,1.956435,0.00025668084,0
0.5,0,27.112155,0.089712946,0,1.9656634,0.00028596217,0
0.5,0,27.112068,0.091563267,0,1.9748919,0.00031551917,0
0.5,0,27.113159,0.093420173,0,1.9841204,0.00034536522,0
0.5,0,27.114989,0.094705546,0,1.9933488,0.00037558104,0
0.5,0,27.11708,0.095180616,0,2.0025773,0.0004062965,0
0.5,0,27.118956,0.095312167,0,2.0118058,0.00043760944,0
0.5,0,27.120154,0.095772508,0,2.0210342,0.00046953649,0
0.5,0,27.120404,0.096822786,0,2.0302627,0.00050204311,0
0.5,0,27.11973,0.098317253,0,2.0394912,0.00053509609,0
0.5,0,27.118321,0.10000305,0,2.0487196,0.00056868596,0
0.5,0,27.116372,0.1016261,0,2.0579481,0.00060282963,0
0.5,0,27.114075,0.10299275,0,2.0671766,0.00063756623,0
0.5,0,27.111657,0.10417142,0,2.076405,0.00067293205,0
0.5,0,27.109305,0.10553861,0,2.0856335,0.00070892174,0
0.5,0,27.107088,0.10745438,0,2.094862,0.00074547831,0
0.5,0,27.105002,0.10990095,0,2.1040904,0.00078253107,0
0.5,0,27.103092,0.11248496,0,2.1133189,0.00082004762,0
0.5,0,27.101523,0.11473658,0,2.1225474,0.00085805663,0
0.5,0,27.100512,0.11639405,0,2.1317758,0.00089663205,0
0.5,0,27.100196,0.11753003,0,2.1410043,0.00093585411,0
0.5,0,27.100526,0.11850638,0,2.1502328,0.00097576817,0
0.5,0,27.101265,0.11973717,0,2.1594612,0.0010163656,0
0.5,0,27.102147,0.12137562,0,2.1686897,0.001057603,0
0.5,0,27.103082,0.1232204,0,2.1779182,0.0010994446,0
0.5,0,27.104237,0.12496823,0,2.1871466,0.0011418863,0
0.5,0,27.105853,0.12652561,0,2.1963751,0.00118494,0
0.5,0,27.107977,0.12800806,0,2.2056036,0.0012286058,0
0.5,0,27.110333,0.12946427,0,2.214832,0.0012728688,0
0.5,0,27.112476,0.13071844,0,2.2240605,0.0013177226,0
0.5,0,27.114072,0.1315516,0,2.233289,0.0013631813,0
0.5,0,27.115084,0.1319974,0,2.2425174,0.0014092568,0
0.5,0,27.115755,0.13239332,0,2.2517459,0.0014559202,0
0.5,0,27.11643,0.13312372,0,2.2609744,0.0015030862,0
0.5,0,27.117363,0.13431384,0,2.2702028,0.0015506394,0
0.5,0,27.118599,0.1357441,0,2.2794313,0.0015984803,0
0.5,0,27.119955,0.1370295,0,2.2886598,0.0016465589,0
0.5,0,27.121091,0.1379057,0,2.2978882,0.0016948723,0
0.5,0,27.121609,0.13841035,0,2.3071167,0.0017434305,0
0.5,0,27.121132,0.13883269,0,2.3163452,0.0017922176,0
0.5,0,27.119391,0.13946637,0,2.3255736,0.0018411757,0
0.5,0,27.116312,0.14034577,0,2.3348021,0.0018902244,0
0.5,0,27.11209,0.14116571,0,2.3440306,0.0019393008,0
0.5,0,27.107231,0.1414552,0,2.353259,0.0019883895,0
0.5,0,27.102471,0.1408916,0,2.3624875,0.0020375187,0
0.5,0,27.098587,0.13952984,0,2.371716,0.0020867225,0
0.5,0,27.096162,0.13777989,0,2.3809444,0.0021359961,0
0.5,0,27.095409,0.136156,0,2.3901729,0.002185273,0
0.5,0,27.096139,0.13498872,0,2.3994014,0.0022344383,0
0.5,0,27.097844,0.13430138,0,2.4086298,0.0022833634,0
0.5,0,27.099863,0.1338961,0,2.4178583,0.0023319367,0
0.5,0,27.101533,0.13351999,0,2.4270868,0.0023800759,0
0.5,0,27.102328,0.13296357,0,2.4363152,0.0024277246,0
0.5,0,27.10197,0.13206965,0,2.4455437,0.0024748473,0
0.5,0,27.100481,0.13072976,0,2.4547722,0.0025214264,0
0.5,0,27.098174,0.12891346,0,2.4640006,0.0025674572,0
0.5,0,27.095556,0.12669058,0,2.4732291,0.0026129374,0
0.5,0,27.093196,0.12419864,0,2.4824576,0.0026578572,0
0.5,0,27.091593,0.12157865,0,2.491686,0.0027021936,0
0.5,0,27.091088,0.11894029,0,2.5009145,0.0027459083,0
0.5,0,27.091815,0.11636884,0,2.510143,0.0027889461,0
0.5,0,27.093687,0.11392815,0,2.5193714,0.0028312338,0
0.5,0,27.09643,0.11163089,0,2.5285999,0.0028726849,0
0.5,0,27.099653,0.10940839,0,2.5378284,0.0029132118,0
0.5,0,27.102949,0.10712781,0,2.5470568,0.0029527406,0
0.5,0,27.10599,0.1046533,0,2.5562853,0.0029912197,0
0.5,0,27.108603,0.1019019,0,2.5655138,0.0030286195,0
0.5,0,27.110803,0.098859925,0,2.5747422,0.0030649254,0
0.5,0,27.112764,0.095569375,0,2.5839707,0.003100129,0
0.5,0,27.11475,0.092108997,0,2.5931992,0.0031342196,0
0.5,0,27.117,0.088574723,0,2.6024276,0.0031671773,0
0.5,0,27.119617,0.085052088,0,2.6116561,0.0031989704,0
0.5,0,27.122508,0.081587442,0,2.6208846,0.0032295579,0
0.5,0,27.125408,0.078176571,0,2.630113,0.0032588957,0
0.5,0,27.127973,0.074775301,0,2.6393415,0.0032869435,0
0.5,0,27.129909,0.071315834,0,2.64857,0.0033136689,0
0.5,0,27.131079,0.06771676,0,2.6577984,0.003339051,0
0.5,0,27.131558,0.063896082,0,2.6670269,0.0033630806,0
0.5,0,27.131594,0.05980153,0,2.6762554,0.0033857593,0
0.5,0,27.131506,0.055450014,0,2.6854838,0.0034070918,0
0.5,0,27.131559,0.050946612,0,2.6947123,0.0034270762,0
0.5,0,27.131867,0.046461417,0,2.7039408,0.0034456948,0
0.5,0,27.132373,0.042172407,0,2.7131692,0.0034629109,0
0.5,0,27.132898,0.038203226,0,2.7223977,0.0034786736,0
0.5,0,27.133237,0.034581649,0,2.7316262,0.0034929273,0
0.5,0,27.133252,0.031229836,0,2.7408546,0.0035056238,0
0.5,0,27.132937,0.027986043,0,2.7500831,0.0035167332,0
0.5,0,27.132425,0.024650651,0,2.7593116,0.0035262486,0
0.5,0,27.131953,0.021042038,0,2.76854,0.0035341864,0
0.5,0,27.131806,0.017043716,0,2.7777685,0.0035405794,0
0.5,0,27.13225,0.012630167,0,2.786997,0.0035454678,0
0.5,0,27.133476,0.0078698946,0,2.7962254,0.0035488888,0
0.5,0,27.135575,0.0029110395,0,2.8054539,0.0035508687,0
0.5,0,27.138521,-0.0020451513,0,2.8146824,0.0035514163,0
0.5,0,27.142169,-0.0067871774,0,2.8239108,0.0035505211,0
0.5,0,27.146284,-0.011149346,0,2.8331393,0.0035481559,0
0.5,0,27.150569,-0.015058929,0,2.8423678,0.0035442852,0
0.5,0,27.154714,-0.018558496,0,2.8515962,0.003538876,0
0.5,0,27.158452,-0.021796157,0,2.8608247,0.0035319088,0
0.5,0,27.161615,-0.024983292,0,2.8700532,0.0035233847,0
0.5,0,27.16416,-0.028334441,0,2.8792816,0.0035133274,0
0.5,0,27.166173,-0.032010338,0,2.8885101,0.0035017791,0
0.5,0,27.167832,-0.036080946,0,2.8977386,0.0034887937,0
0.5,0,27.16936,-0.040516331,0,2.906967,0.0034744282,0
0.5,0,27.170963,-0.045203476,0,2.9161955,0.0034587352,0
0.5,0,27.172778,-0.049979274,0,2.925424,0.0034417571,0
0.5,0,27.174854,-0.054667653,0,2.9346524,0.0034235222,0
0.5,0,27.177156,-0.059112823,0,2.9438809,0.0034040433,0
0.5,0,27.179598,-0.063206003,0,2.9531094,0.0033833198,0
0.5,0,27.182093,-0.066904242,0,2.9623378,0.0033613436,0
0.5,0,27.184591,-0.070237567,0,2.9715663,0.0033381077,0
0.5,0,27.187115,-0.073299937,0,2.9807948,0.0033136156,0
0.5,0,27.189759,-0.07622317,0,2.9900232,0.0032878881,0
0.5,0,27.19267,-0.079139312,0,2.9992517,0.0032609625,0
0.5,0,27.196007,-0.082141701,0,3.0084802,0.0032328869,0
0.5,0,27.199902,-0.085256475,0,3.0177086,0.0032037105,0
0.5,0,27.204424,-0.088433974,0,3.0269371,0.003173475,0
0.5,0,27.209561,-0.091564152,0,3.0361656,0.0031422114,0
0.5,0,27.21522,-0.094512479,0,3.045394,0.0031099427,0
0.5,0,27.221244,-0.097166426,0,3.0546225,0.0030766917,0
0.5,0,27.227444,-0.099478958,0,3.063851,0.0030424896,0
0.5,0,27.233643,-0.10149596,0,3.0730794,0.0030073823,0
0.5,0,27.239711,-0.10335631,0,3.0823079,0.0029714334,0
0.5,0,27.245604,-0.10525602,0,3.0915364,0.0029347223,0
0.5,0,27.251377,-0.10737733,0,3.1007648,0.0028973389,0
0.5,0,27.257176,-0.1098016,0,3.1099933,0.0028593744,0
0.5,0,27.263196,-0.11244529,0,3.1192218,0.0028209092,0
0.5,0,27.26961,-0.11506105,0,3.1284502,0.0027820012,0
0.5,0,27.276506,-0.11732139,0,3.1376787,0.0027426797,0
0.5,0,27.283856,-0.11895719,0,3.1469072,0.0027029498,0
0.5,0,27.291529,-0.1198843,0,3.1561356,0.0026628052,0
0.5,0,27.299353,-0.1202477,0,3.1653641,0.0026222456,0
0.5,0,27.307189,-0.12035363,0,3.1745926,0.0025812894,0
0.5,0,27.314988,-0.12052386,0,3.183821,0.0025399763,0
0.5,0,27.322803,-0.1209516,0,3.1930495,0.0024983606,0
0.5,0,27.330746,-0.12163512,0,3.202278,0.0024564998,0
0.5,0,27.338933,-0.12241539,0,3.2115064,0.002414445,0
0.5,0,27.347425,-0.12308388,0,3.2207349,0.0023722372,0
0.5,0,27.356195,-0.12349381,0,3.2299634,0.0023299079,0
0.5,0,27.365129,-0.1236196,0,3.2391918,0.0022874835,0
0.5,0,27.374052,-0.12354898,0,3.2484203,0.0022449913,0
0.5,0,27.382762,-0.12343001,0,3.2576488,0.0022024661,0
0.5,0,27.39108,-0.12340828,0,3.2668772,0.0021599547,0
0.5,0,27.398887,-0.12357723,0,3.2761057,0.0021175148,0
0.5,0,27.40615,-0.12394685,0,3.2853342,0.0020752055,0
0.5,0,27.412935,-0.12442849,0,3.2945626,0.0020330715,0
0.5,0,27.419372,-0.12485172,0,3.3037911,0.0019911286,0
0.5,0,27.425616,-0.12501075,0,3.3130196,0.0019493583,0
0.5,0,27.431797,-0.12473931,0,3.322248,0.0019077161,0
0.5,0,27.437992,-0.12399498,0,3.3314765,0.0018661491,0
0.5,0,27.444232,-0.12289559,0,3.340705,0.0018246162,0
0.5,0,27.450525,-0.12168021,0,3.3499334,0.0017831019,0
0.5,0,27.45687,-0.12060947,0,3.3591619,0.001741622,0
0.5,0,27.463262,-0.11986277,0,3.3683904,0.0017002203,0
0.5,0,27.469685,-0.1194927,0,3.3776188,0.0016589598,0
0.5,0,27.476097,-0.11945318,0,3.3868473,0.0016179081,0
0.5,0,27.482448,-0.1196621,0,3.3960758,0.0015771214,0
0.5,0,27.4887,-0.12003999,0,3.4053042,0.0015366303,0
0.5,0,27.494843,-0.12050051,0,3.4145327,0.0014964347,0
0.5,0,27.500897,-0.12092391,0,3.4237612,0.0014565101,0
0.5,0,27.506897,-0.12116541,0,3.4329896,0.0014168192,0
0.5,0,27.512874,-0.12111384,0,3.4422181,0.0013773227,0
0.5,0,27.518861,-0.12075821,0,3.4514466,0.0013379818,0
0.5,0,27.524912,-0.12019873,0,3.460675,0.0012987557,0
0.5,0,27.531111,-0.11958235,0,3.4699035,0.0012596008,0
0.5,0,27.537553,-0.11901084,0,3.479132,0.0012204782,0
0.5,0,27.544298,-0.11849693,0,3.4883604,0.0011813664,0
0.5,0,27.551336,-0.1180015,0,3.4975889,0.0011422689,0
0.5,0,27.558579,-0.11751336,0,3.5068174,0.0011032107,0
0.5,0,27.565892,-0.11709973,0,3.5160458,0.0010642254,0
0.5,0,27.573137,-0.11688625,0,3.5252743,0.0010253429,0
0.5,0,27.580204,-0.11698578,0,3.5345028,0.00098658507,0
0.5,0,27.587017,-0.11743074,0,3.5437312,0.00094796987,0
0.5,0,27.593535,-0.1181519,0,3.5529597,0.00090951447,0
0.5,0,27.599748,-0.11900579,0,3.5621882,0.00087123128,0
0.5,0,27.605677,-0.11982125,0,3.5714167,0.00083311665,0
0.5,0,27.611386,-0.12043445,0,3.5806451,0.00079514216,0
0.5,0,27.616965,-0.12071068,0,3.5898736,0.00075725872,0
0.5,0,27.622521,-0.12057739,0,3.5991021,0.0007194148,0
0.5,0,27.62817,-0.12007652,0,3.6083305,0.00068157769,0
0.5,0,27.634043,-0.11938995,0,3.617559,0.00064374263,0
0.5,0,27.640301,-0.11877467,0,3.6267875,0.00060592461,0
0.5,0,27.647106,-0.11842322,0,3.6360159,0.00056814226,0
0.5,0,27.654564,-0.11836472,0,3.6452444,0.000530407,0
0.5,0,27.662661,-0.11849471,0,3.6544729,0.00049272206,0
0.5,0,27.671261,-0.11867928,0,3.6637013,0.00045508793,0
0.5,0,27.680155,-0.11882707,0,3.6729298,0.00041751145,0
0.5,0,27.689112,-0.11892548,0,3.6821583,0.00038001444,0
0.5,0,27.697954,-0.11906627,0,3.6913867,0.00034263171,0
0.5,0,27.706603,-0.11936693,0,3.7006152,0.00030539534,0
0.5,0,27.715059,-0.11975836,0,3.7098437,0.00026832312,0
0.5,0,27.723286,-0.11991151,0,3.7190721,0.00023142675,0
0.5,0,27.731095,-0.11956048,0,3.7283006,0.00019472047,0
0.5,0,27.73819,-0.11881963,0,3.7375291,0.00015819971,0
0.5,0,27.744091,-0.11768266,0,3.7467575,0.00012182361,0
0.5,0,27.74748,-0.11541049,0,3.755986,8.5570458e-05,0
0.5,0,27.745295,-0.11080528,0,3.7652145,4.9486691e-05,0
0.5,0,27.733488,-0.10364252,0,3.7744429,1.3670017e-05,0
0.5,0,27.442046,0.15323537,0,5.7124209,3.3722127e-05,0
0.5,0,27.444173,0.16191822,0,5.7216494,9.3015423e-05,0
0.5,0,27.436907,0.16395309,0,5.7308779,0.00015218548,0
0.5,0,27.427002,0.16529011,0,5.7401063,0.00021109163,0
0.5,0,27.415791,0.16609162,0,5.7493348,0.00026965733,0
0.5,0,27.403723,0.16540216,0,5.7585633,0.00032795036,0
0.5,0,27.391291,0.16370648,0,5.7677917,0.00038605571,0
0.5,0,27.379006,0.16229159,0,5.7770202,0.00044391746,0
0.5,0,27.367545,0.16139365,0,5.7862487,0.00050141491,0
0.5,0,27.35758,0.16068968,0,5.7954771,0.00055846112,0
0.5,0,27.349179,0.16013403,0,5.8047056,0.00061498952,0
0.5,0,27.341728,0.15953032,0,5.8139341,0.00067095463,0
0.5,0,27.334495,0.15830125,0,5.8231625,0.00072637865,0
0.5,0,27.32708,0.15623149,0,5.832391,0.00078133311,0
0.5,0,27.319388,0.15388897,0,5.8416195,0.00083584578,0
0.5,0,27.31146,0.15197383,0,5.8508479,0.00088985459,0
0.5,0,27.303438,0.15062226,0,5.8600764,0.00094325744,0
0.5,0,27.295524,0.14949542,0,5.8693049,0.00099598005,0
0.5,0,27.287887,0.14816023,0,5.8785333,0.0010480019,0
0.5,0,27.280644,0.14626369,0,5.8877618,0.0010993528,0
0.5,0,27.273907,0.14371008,0,5.8969903,0.0011500883,0
0.5,0,27.267733,0.14085464,0,5.9062187,0.0012002367,0
0.5,0,27.261996,0.13831284,0,5.9154472,0.001249755,0
0.5,0,27.256392,0.13643895,0,5.9246757,0.0012985422,0
0.5,0,27.250606,0.13504251,0,5.9339042,0.0013465031,0
0.5,0,27.244483,0.13359244,0,5.9431326,0.0013936026,0
0.5,0,27.238108,0.13161979,0,5.9523611,0.0014398745,0
0.5,0,27.231768,0.12900559,0,5.9615896,0.0014853864,0
0.5,0,27.22584,0.12604208,0,5.970818,0.0015301866,0
0.5,0,27.220652,0.12321639,0,5.9800465,0.0015742663,0
0.5,0,27.216378,0.12081742,0,5.989275,0.0016175682,0
0.5,0,27.213005,0.11872627,0,5.9985034,0.0016600332,0
0.5,0,27.210341,0.11663327,0,6.0077319,0.0017016367,0
0.5,0,27.208029,0.11440944,0,6.0169604,0.0017423806,0
0.5,0,27.205615,0.11215809,0,6.0261888,0.0017822618,0
0.5,0,27.202731,0.10992334,0,6.0354173,0.0018212665,0
0.5,0,27.199298,0.10750536,0,6.0446458,0.0018593938,0
0.5,0,27.195562,0.10466522,0,6.0538742,0.0018966695,0
0.5,0,27.191865,0.10146561,0,6.0631027,0.001933121,0
0.5,0,27.188331,0.098318001,0,6.0723312,0.0019687356,0
0.5,0,27.184711,0.095662203,0,6.0815596,0.0020034489,0
0.5,0,27.18052,0.093598276,0,6.0907881,0.0020371797,0
0.5,0,27.175349,0.091804158,0,6.1000166,0.0020698843,0
0.5,0,27.16914,0.089787879,0,6.109245,0.002101586,0
0.5,0,27.162258,0.087256118,0,6.1184735,0.0021323563,0
0.5,0,27.15534,0.084316718,0,6.127702,0.0021622612,0
0.5,0,27.14904,0.081370682,0,6.1369304,0.0021913117,0
0.5,0,27.143812,0.078782614,0,6.1461589,0.0022194554,0
0.5,0,27.139832,0.076586278,0,6.1553874,0.0022466148,0
0.5,0,27.13702,0.074454416,0,6.1646158,0.0022727445,0
0.5,0,27.13512,0.071954297,0,6.1738443,0.0022978652,0
0.5,0,27.133746,0.068885517,0,6.1830728,0.0023220505,0
0.5,0,27.132423,0.065434437,0,6.1923012,0.0023453786,0
0.5,0,27.130656,0.062033711,0,6.2015297,0.0023678848,0
0.5,0,27.128057,0.059059107,0,6.2107582,0.0023895471,0
0.5,0,27.1245,0.056615212,0,6.2199866,0.0024103048,0
0.5,0,27.120204,0.054551094,0,6.2292151,0.0024300913,0
0.5,0,27.115669,0.052627941,0,6.2384436,0.0024488546,0
0.5,0,27.111508,0.05065791,0,6.247672,0.0024665641,0
0.5,0,27.108247,0.048530055,0,6.2569005,0.0024832115,0
0.5,0,27.106164,0.046182864,0,6.266129,0.0024988119,0
0.5,0,27.105229,0.043600556,0,6.2753574,0.002513403,0
0.5,0,27.105131,0.040828148,0,6.2845859,0.0025270357,0
0.5,0,27.105368,0.037958207,0,6.2938144,0.002539761,0
0.5,0,27.105392,0.035088194,0,6.3030428,0.0025516175,0
0.5,0,27.104758,0.032293845,0,6.3122713,0.0025626252,0
0.5,0,27.103235,0.029636198,0,6.3214998,0.0025727817,0
0.5,0,27.100839,0.027167758,0,6.3307282,0.0025820624,0
0.5,0,27.09778,0.02490779,0,6.3399567,0.0025904283,0
0.5,0,27.094363,0.022809619,0,6.3491852,0.0025978408,0
0.5,0,27.090868,0.020766522,0,6.3584136,0.0026042772,0
0.5,0,27.087465,0.018661855,0,6.3676421,0.0026097399,0
0.5,0,27.084177,0.016422998,0,6.3768706,0.0026142532,0
0.5,0,27.080911,0.014042812,0,6.386099,0.0026178545,0
0.5,0,27.077545,0.011568498,0,6.3953275,0.0026205817,0
0.5,0,27.074013,0.0090769358,0,6.404556,0.002622465,0
0.5,0,27.070345,0.0066476866,0,6.4137844,0.0026235217,0
0.5,0,27.066647,0.0043367855,0,6.4230129,0.0026237573,0
0.5,0,27.06303,0.0021589898,0,6.4322414,0.0026231699,0
0.5,0,27.059534,8.7190905e-05,0,6.4414698,0.0026217561,0
0.5,0,27.056089,-0.0019348914,0,6.4506983,0.002619516,0
0.5,0,27.052537,-0.0039800527,0,6.4599268,0.0026164563,0
0.5,0,27.048705,-0.0061298043,0,6.4691552,0.0026125927,0
0.5,0,27.044504,-0.0084601208,0,6.4783837,0.0026079519,0
0.5,0,27.039996,-0.011012049,0,6.4876122,0.0026025705,0
0.5,0,27.035396,-0.013759607,0,6.4968406,0.00259649,0
0.5,0,27.031016,-0.016600344,0,6.5060691,0.0025897483,0
0.5,0,27.027165,-0.019378561,0,6.5152976,0.0025823712,0
0.5,0,27.02406,-0.02193265,0,6.524526,0.0025743685,0
0.5,0,27.021761,-0.024144922,0,6.5337545,0.0025657347,0
0.5,0,27.020161,-0.025971666,0,6.542983,0.0025564545,0
0.5,0,27.019024,-0.027449188,0,6.5522114,0.0025465101,0
0.5,0,27.018044,-0.02867949,0,6.5614399,0.002535888,0
0.5,0,27.016923,-0.029802894,0,6.5706684,0.0025245857,0
0.5,0,27.015431,-0.030967317,0,6.5798968,0.0025126148,0
0.5,0,27.01346,-0.032300189,0,6.5891253,0.0025000024,0
0.5,0,27.011036,-0.033883348,0,6.5983538,0.00248679,0
0.5,0,27.008312,-0.035731126,0,6.6075822,0.0024730287,0
0.5,0,27.005521,-0.037777872,0,6.6168107,0.0024587721,0
0.5,0,27.002912,-0.039886065,0,6.6260392,0.0024440674,0
0.5,0,27.000688,-0.041881509,0,6.6352676,0.0024289484,0
0.5,0,26.998958,-0.043607993,0,6.6444961,0.0024134333,0
0.5,0,26.997731,-0.044980412,0,6.6537246,0.0023975284,0
0.5,0,26.996939,-0.046013519,0,6.662953,0.0023812353,0
0.5,0,26.996491,-0.04681433,0,6.6721815,0.002364559,0
0.5,0,26.996321,-0.047542477,0,6.68141,0.0023475125,0
0.5,0,26.996422,-0.048355407,0,6.6906384,0.0023301171,0
0.5,0,26.996845,-0.04935932,0,6.6998669,0.0023124,0
0.5,0,26.997669,-0.050581861,0,6.7090954,0.0022943887,0
0.5,0,26.998956,-0.051972202,0,6.7183238,0.0022761073,0
0.5,0,27.000712,-0.053423687,0,6.7275523,0.0022575722,0
0.5,0,27.002859,-0.054808405,0,6.7367808,0.0022387903,0
0.5,0,27.005233,-0.056012656,0,6.7460092,0.0022197588,0
0.5,0,27.007605,-0.056964626,0,6.7552377,0.0022004668,0
0.5,0,27.00972,-0.057648265,0,6.7644662,0.0021809005,0
0.5,0,27.011337,-0.058100756,0,6.7736946,0.0021610516,0
0.5,0,27.012269,-0.058396053,0,6.7829231,0.0021409249,0
0.5,0,27.012408,-0.058622027,0,6.7921516,0.0021205436,0
0.5,0,27.011737,-0.058860171,0,6.80138,0.0020999479,0
0.5,0,27.010327,-0.059172934,0,6.8106085,0.0020791876,0
0.5,0,27.008316,-0.059597403,0,6.819837,0.0020583102,0
0.5,0,27.005886,-0.060140317,0,6.8290654,0.0020373499,0
0.5,0,27.003227,-0.060771537,0,6.8382939,0.0020163218,0
0.5,0,27.000506,-0.061419743,0,6.8475224,0.001995223,0
0.5,0,26.997843,-0.06198044,0,6.8567508,0.0019740398,0
0.5,0,26.995292,-0.062345563,0,6.8659793,0.0019527578,0
0.5,0,26.992852,-0.062452343,0,6.8752078,0.0019313722,0
0.5,0,26.990485,-0.062330681,0,6.8844362,0.0019098944,0
0.5,0,26.988151,-0.062116492,0,6.8936647,0.0018883535,0
0.5,0,26.985831,-0.062007981,0,6.9028932,0.0018667916,0
0.5,0,26.983526,-0.062174517,0,6.9121216,0.0018452518,0
0.5,0,26.981229,-0.062664494,0,6.9213501,0.0018237638,0
0.5,0,26.978872,-0.063369958,0,6.9305786,0.0018023318,0
0.5,0,26.976298,-0.06407645,0,6.939807,0.0017809333,0
0.5,0,26.973266,-0.064572575,0,6.9490355,0.0017595299,0
0.5,0,26.969508,-0.064753859,0,6.958264,0.0017380875,0
0.5,0,26.964803,-0.064660037,0,6.9674924,0.0017165925,0
0.5,0,26.959047,-0.064430458,0,6.9767209,0.0016950562,0
0.5,0,26.952266,-0.064214024,0,6.9859494,0.0016735033,0
0.5,0,26.944592,-0.064091443,0,6.9951778,0.0016519525,0
0.5,0,26.936194,-0.064049307,0,7.0044063,0.0016304014,0
0.5,0,26.927218,-0.064008472,0,7.0136348,0.001608826,0
0.5,0,26.917755,-0.063882014,0,7.0228632,0.0015871928,0
0.5,0,26.907839,-0.063632456,0,7.0320917,0.0015654781,0
0.5,0,26.897493,-0.063305507,0,7.0413202,0.0015436812,0
0.5,0,26.886783,-0.063026214,0,7.0505486,0.001521828,0
0.5,0,26.875864,-0.062952848,0,7.0597771,0.0014999638,0
0.5,0,26.865005,-0.063201137,0,7.0690056,0.001478142,0
0.5,0,26.854557,-0.063772976,0,7.078234,0.0014564109,0
0.5,0,26.844893,-0.06453329,0,7.0874625,0.0014348033,0
0.5,0,26.836341,-0.065259959,0,7.096691,0.001413328,0
0.5,0,26.829118,-0.065747396,0,7.1059194,0.0013919656,0
0.5,0,26.823325,-0.065905785,0,7.1151479,0.0013706723,0
0.5,0,26.818953,-0.065798734,0,7.1243764,0.0013493933,0
0.5,0,26.81592,-0.065602199,0,7.1336048,0.0013280833,0
0.5,0,26.814093,-0.065516866,0,7.1428333,0.0013067239,0
0.5,0,26.813298,-0.065688347,0,7.1520618,0.00128533,0
0.5,0,26.813325,-0.066168584,0,7.1612902,0.0012639386,0
0.5,0,26.813931,-0.066915338,0,7.1705187,0.0012425858,0
0.5,0,26.81485,-0.067810699,0,7.1797472,0.0012212852,0
0.5,0,26.815807,-0.068690192,0,7.1889756,0.0012000189,0
0.5,0,26.816534,-0.069389027,0,7.1982041,0.0011787451,0
0.5,0,26.816799,-0.069806,0,7.2074326,0.0011574152,0
0.5,0,26.81645,-0.069958841,0,7.216661,0.0011359893,0
0.5,0,26.815457,-0.069988605,0,7.2258895,0.0011144419,0
0.5,0,26.813931,-0.070093312,0,7.235118,0.001092759,0
0.5,0,26.812098,-0.070422846,0,7.2443464,0.0010709334,0
0.5,0,26.810229,-0.071003325,0,7.2535749,0.0010489627,0
0.5,0,26.808561,-0.071741723,0,7.2628034,0.0010268488,0
0.5,0,26.80724,-0.072500204,0,7.2720318,0.0010045944,0
0.5,0,26.806311,-0.073177554,0,7.2812603,0.00098219256,0
0.5,0,26.805742,-0.073739762,0,7.2904888,0.00095961842,0
0.5,0,26.805461,-0.0741969,0,7.2997172,0.0009368292,0
0.5,0,26.805375,-0.074573086,0,7.3089457,0.00091377921,0
0.5,0,26.805394,-0.074910614,0,7.3181742,0.00089044203,0
0.5,0,26.805458,-0.075296973,0,7.3274026,0.00086682604,0
0.5,0,26.805568,-0.075863664,0,7.3366311,0.00084297153,0
0.5,0,26.805794,-0.076725774,0,7.3458596,0.00081892992,0
0.5,0,26.80624,-0.077894425,0,7.355088,0.00079473683,0
0.5,0,26.806975,-0.079235942,0,7.3643165,0.00077039454,0
0.5,0,26.807967,-0.080526575,0,7.373545,0.00074587246,0
0.5,0,26.809062,-0.081578667,0,7.3827734,0.00072112297,0
0.5,0,26.810031,-0.082354332,0,7.3920019,0.0006961015,0
0.5,0,26.81066,-0.082983163,0,7.4012304,0.00067077937,0
0.5,0,26.810828,-0.08366272,0,7.4104588,0.00064514473,0
0.5,0,26.810532,-0.084507153,0,7.4196873,0.00061919631,0
0.5,0,26.809849,-0.085461484,0,7.4289158,0.00059293821,0
0.5,0,26.808878,-0.086362602,0,7.4381442,0.00056637936,0
0.5,0,26.807709,-0.087104883,0,7.4473727,0.00053953401,0
0.5,0,26.806457,-0.087758263,0,7.4566012,0.00051241834,0
0.5,0,26.8053,-0.088519039,0,7.4658296,0.00048504473,0
0.5,0,26.804461,-0.089541888,0,7.4750581,0.00045741825,0
0.5,0,26.804142,-0.090817042,0,7.4842866,0.00042953521,0
0.5,0,26.804439,-0.092177098,0,7.493515,0.00040137917,0
0.5,0,26.805286,-0.093373535,0,7.5027435,0.00037291659,0
0.5,0,26.80645,-0.094170925,0,7.511972,0.00034410188,0
0.5,0,26.807573,-0.094486102,0,7.5212004,0.00031489305,0
0.5,0,26.808275,-0.094501657,0,7.5304289,0.0002852641,0
0.5,0,26.808281,-0.094556661,0,7.5396574,0.00025520803,0
0.5,0,26.807457,-0.094847824,0,7.5488858,0.00022474217,0
0.5,0,26.805726,-0.095321704,0,7.5581143,0.00019391637,0
0.5,0,26.802999,-0.095928051,0,7.5673428,0.00016279654,0
0.5,0,26.799154,-0.09668428,0,7.5765712,0.00013141507,0
0.5,0,26.793762,-0.097116419,0,7.5857997,9.9752896e-05,0
0.5,0,26.785272,-0.096048183,0,7.5950282,6.779479e-05,0
0.5,0,26.770398,-0.092384902,0,7.6042566,3.556692e-05,0
0.5,0,26.746986,-0.088317075,0,7.6134851,3.0651192e-06,0
0.5,0,26.602046,0.15660997,0,9.5330062,1.5018419e-05,0
0.5,0,26.619187,0.16626825,0,9.5422347,7.673459e-05,0
0.5,0,26.623927,0.16968724,0,9.5514631,0.00013845308,0
0.5,0,26.624035,0.17165408,0,9.5606916,0.00020009306,0
0.5,0,26.62189,0.17343337,0,9.5699201,0.00026152112,0
0.5,0,26.618099,0.17387949,0,9.5791485,0.00032276307,0
0.5,0,26.613357,0.17281221,0,9.588377,0.00038395271,0
0.5,0,26.608308,0.17167368,0,9.5976055,0.00044509399,0
0.5,0,26.603624,0.17106622,0,9.6068339,0.0005060818,0
0.5,0,26.600116,0.17062793,0,9.6160624,0.00056683452,0
0.5,0,26.598149,0.17026746,0,9.6252909,0.00062729586,0
0.5,0,26.597273,0.16999543,0,9.6345193,0.00068740805,0
0.5,0,26.596697,0.16931319,0,9.6437478,0.00074716095,0
0.5,0,26.595917,0.16775739,0,9.6529763,0.00080661491,0
0.5,0,26.594807,0.16571,0,9.6622047,0.00086581851,0
0.5,0,26.593375,0.16402308,0,9.6714332,0.00092472741,0
0.5,0,26.591662,0.16307826,0,9.6806617,0.0009832311,0
0.5,0,26.589767,0.1626199,0,9.6898901,0.0010412329,0
0.5,0,26.587805,0.16218974,0,9.6991186,0.0010986911,0
0.5,0,26.585887,0.16136478,0,9.7083471,0.0011556219,0
0.5,0,26.584171,0.15987107,0,9.7175755,0.0012120866,0
0.5,0,26.582832,0.15783708,0,9.726804,0.0012681495,0
0.5,0,26.581899,0.15580855,0,9.7360325,0.0013238204,0
0.5,0,26.581145,0.15428429,0,9.7452609,0.0013790392,0
0.5,0,26.580196,0.15327113,0,9.7544894,0.001433724,0
0.5,0,26.578743,0.15233763,0,9.7637179,0.0014878309,0
0.5,0,26.576682,0.15099909,0,9.7729463,0.001541377,0
0.5,0,26.574154,0.14904823,0,9.7821748,0.0015944176,0
0.5,0,26.571483,0.14668268,0,9.7914033,0.001647,0
0.5,0,26.569041,0.14438661,0,9.8006317,0.0016991215,0
0.5,0,26.567107,0.1425753,0,9.8098602,0.0017507232,0
0.5,0,26.565795,0.14127151,0,9.8190887,0.0018017303,0
0.5,0,26.565043,0.14016843,0,9.8283171,0.0018520976,0
0.5,0,26.564625,0.13900621,0,9.8375456,0.0019018176,0
0.5,0,26.564186,0.13777893,0,9.8467741,0.0019508899,0
0.5,0,26.563387,0.13653315,0,9.8560025,0.0019993008,0
0.5,0,26.562117,0.1350954,0,9.865231,0.0020470412,0
0.5,0,26.560592,0.13315112,0,9.8744595,0.0020941298,0
0.5,0,26.559216,0.13060218,0,9.8836879,0.0021406027,0
0.5,0,26.558255,0.12775786,0,9.8929164,0.002186471,0
0.5,0,26.55759,0.1251237,0,9.9021449,0.0022316896,0
0.5,0,26.556777,0.12299847,0,9.9113733,0.002276173,0
0.5,0,26.555291,0.12126102,0,9.9206018,0.0023198436,0
0.5,0,26.552825,0.11950929,0,9.9298303,0.0023626733,0
0.5,0,26.549486,0.11740101,0,9.9390587,0.002404685,0
0.5,0,26.545714,0.11491939,0,9.9482872,0.0024459147,0
0.5,0,26.542085,0.11236631,0,9.9575157,0.0024863651,0
0.5,0,26.539095,0.11010003,0,9.9667441,0.0025259867,0
0.5,0,26.537029,0.10822853,0,9.9759726,0.0025647028,0
0.5,0,26.535953,0.10650114,0,9.9852011,0.0026024599,0
0.5,0,26.535743,0.10448429,0,9.9944295,0.0026392654,0
0.5,0,26.536133,0.10188278,0,10.003658,0.0026751857,0
0.5,0,26.536735,0.098755199,0,10.012886,0.0027103049,0
0.5,0,26.537091,0.095464031,0,10.022115,0.0027446761,0
0.5,0,26.536784,0.092421529,0,10.031343,0.0027782972,0
0.5,0,26.535584,0.089848497,0,10.040572,0.0028111201,0
0.5,0,26.533557,0.087715932,0,10.0498,0.0028430797,0
0.5,0,26.531062,0.085852114,0,10.059029,0.0028741183,0
0.5,0,26.528635,0.084071183,0,10.068257,0.0029041961,0
0.5,0,26.526817,0.082224914,0,10.077486,0.0029332934,0
0.5,0,26.525996,0.080201074,0,10.086714,0.002961411,0
0.5,0,26.526317,0.077931613,0,10.095943,0.0029885676,0
0.5,0,26.527657,0.075415397,0,10.105171,0.0030147924,0
0.5,0,26.529678,0.072715882,0,10.1144,0.0030401137,0
0.5,0,26.531924,0.06992563,0,10.123628,0.00306455,0
0.5,0,26.533952,0.067133665,0,10.132857,0.0030881063,0
0.5,0,26.535443,0.064417104,0,10.142085,0.0031107727,0
0.5,0,26.536268,0.06183482,0,10.151313,0.0031325262,0
0.5,0,26.536489,0.059399968,0,10.160542,0.0031533364,0
0.5,0,26.536302,0.057050674,0,10.16977,0.0031731752,0
0.5,0,26.535956,0.054658221,0,10.178999,0.0031920283,0
0.5,0,26.535658,0.052079609,0,10.188227,0.0032098999,0
0.5,0,26.535509,0.049220095,0,10.197456,0.0032268096,0
0.5,0,26.535492,0.046069575,0,10.206684,0.0032427821,0
0.5,0,26.535517,0.042704843,0,10.215913,0.0032578369,0
0.5,0,26.535497,0.03926808,0,10.225141,0.0032719793,0
0.5,0,26.535404,0.035930152,0,10.23437,0.0032851962,0
0.5,0,26.535285,0.032845651,0,10.243598,0.0032974573,0
0.5,0,26.535224,0.030113491,0,10.252827,0.0033087212,0
0.5,0,26.535273,0.02775695,0,10.262055,0.0033189442,0
0.5,0,26.535406,0.025723402,0,10.271284,0.0033280889,0
0.5,0,26.535495,0.023893441,0,10.280512,0.003336131,0
0.5,0,26.535355,0.022096014,0,10.28974,0.0033430653,0
0.5,0,26.534819,0.020138284,0,10.298969,0.0033489078,0
0.5,0,26.533817,0.017854763,0,10.308197,0.003353694,0
0.5,0,26.532406,0.015160956,0,10.317426,0.0033574707,0
0.5,0,26.530758,0.012084828,0,10.326654,0.0033602836,0
0.5,0,26.529096,0.0087590712,0,10.335883,0.0033621655,0
0.5,0,26.52762,0.0053785988,0,10.345111,0.0033631283,0
0.5,0,26.526436,0.0021422926,0,10.35434,0.0033631616,0
0.5,0,26.525533,-0.00080065326,0,10.363568,0.003362239,0
0.5,0,26.524786,-0.0033855629,0,10.372797,0.0033603277,0
0.5,0,26.523996,-0.0056421746,0,10.382025,0.0033574002,0
0.5,0,26.522938,-0.0076806774,0,10.391254,0.003353443,0
0.5,0,26.521426,-0.0096613748,0,10.400482,0.0033484628,0
0.5,0,26.519349,-0.011757782,0,10.409711,0.003342486,0
0.5,0,26.516714,-0.014117879,0,10.418939,0.0033355547,0
0.5,0,26.513656,-0.016826492,0,10.428167,0.0033277187,0
0.5,0,26.510425,-0.019877544,0,10.437396,0.0033190255,0
0.5,0,26.507345,-0.023169239,0,10.446624,0.0033095101,0
0.5,0,26.504751,-0.026530224,0,10.455853,0.0032991891,0
0.5,0,26.502927,-0.029770587,0,10.465081,0.0032880593,0
0.5,0,26.502055,-0.032738313,0,10.47431,0.0032761029,0
0.5,0,26.502195,-0.035359135,0,10.483538,0.0032632954,0
0.5,0,26.50329,-0.0376464,0,10.492767,0.0032496148,0
0.5,0,26.505204,-0.039681297,0,10.501995,0.0032350491,0
0.5,0,26.507766,-0.041575488,0,10.511224,0.0032196,0
0.5,0,26.510808,-0.043433028,0,10.520452,0.0032032838,0
0.5,0,26.514193,-0.045325242,0,10.529681,0.0031861284,0
0.5,0,26.517817,-0.047283294,0,10.538909,0.0031681686,0
0.5,0,26.521607,-0.049304264,0,10.548138,0.0031494386,0
0.5,0,26.5255,-0.051362663,0,10.557366,0.0031299652,0
0.5,0,26.529431,-0.053421911,0,10.566594,0.0031097627,0
0.5,0,26.533322,-0.055444781,0,10.575823,0.0030888321,0
0.5,0,26.537081,-0.057403815,0,10.585051,0.0030671668,0
0.5,0,26.540614,-0.059291016,0,10.59428,0.0030447621,0
0.5,0,26.543837,-0.061123502,0,10.603508,0.003021627,0
0.5,0,26.54669,-0.062941348,0,10.612737,0.0029977909,0
0.5,0,26.549152,-0.064796241,0,10.621965,0.0029733032,0
0.5,0,26.551246,-0.066733426,0,10.631194,0.0029482241,0
0.5,0,26.55303,-0.068772291,0,10.640422,0.00292261,0
0.5,0,26.554585,-0.070891539,0,10.649651,0.0028964998,0
0.5,0,26.555994,-0.073023827,0,10.658879,0.0028699058,0
0.5,0,26.557317,-0.075063601,0,10.668108,0.0028428136,0
0.5,0,26.558576,-0.07689093,0,10.677336,0.0028151906,0
0.5,0,26.559748,-0.078411045,0,10.686565,0.0027870002,0
0.5,0,26.560783,-0.079600893,0,10.695793,0.0027582181,0
0.5,0,26.561631,-0.08054223,0,10.705021,0.0027288464,0
0.5,0,26.562292,-0.081415251,0,10.71425,0.0026989183,0
0.5,0,26.562842,-0.082438724,0,10.723478,0.0026684933,0
0.5,0,26.56344,-0.083772821,0,10.732707,0.0026376402,0
0.5,0,26.564283,-0.085432094,0,10.741935,0.0026064141,0
0.5,0,26.565544,-0.087262942,0,10.751164,0.0025748388,0
0.5,0,26.567295,-0.089009411,0,10.760392,0.0025429012,0
0.5,0,26.569475,-0.090438236,0,10.769621,0.0025105633,0
0.5,0,26.571911,-0.091454136,0,10.778849,0.0024777829,0
0.5,0,26.574378,-0.092139385,0,10.788078,0.0024445343,0
0.5,0,26.576674,-0.092697707,0,10.797306,0.0024108174,0
0.5,0,26.578679,-0.093340623,0,10.806535,0.0023766541,0
0.5,0,26.580371,-0.094185688,0,10.815763,0.0023420778,0
0.5,0,26.581804,-0.095221631,0,10.824992,0.0023071213,0
0.5,0,26.583074,-0.09634861,0,10.83422,0.0022718103,0
0.5,0,26.584277,-0.097456377,0,10.843448,0.0022361599,0
0.5,0,26.585492,-0.098488068,0,10.852677,0.0022001746,0
0.5,0,26.586777,-0.099457554,0,10.861905,0.0021638503,0
0.5,0,26.588161,-0.1004243,0,10.871134,0.0021271815,0
0.5,0,26.58966,-0.10145405,0,10.880362,0.0020901709,0
0.5,0,26.591271,-0.10259157,0,10.889591,0.0020528366,0
0.5,0,26.592988,-0.10385088,0,10.898819,0.0020152118,0
0.5,0,26.594804,-0.10521109,0,10.908048,0.0019773321,0
0.5,0,26.596717,-0.10660855,0,10.917276,0.0019392194,0
0.5,0,26.598723,-0.10793445,0,10.926505,0.0019008718,0
0.5,0,26.600797,-0.10905904,0,10.935733,0.0018622673,0
0.5,0,26.602887,-0.10988918,0,10.944962,0.0018233802,0
0.5,0,26.604926,-0.11043258,0,10.95419,0.0017841983,0
0.5,0,26.606868,-0.11081829,0,10.963419,0.0017447305,0
0.5,0,26.608718,-0.11124077,0,10.972647,0.0017050025,0
0.5,0,26.610538,-0.11184914,0,10.981875,0.0016650452,0
0.5,0,26.612411,-0.11265444,0,10.991104,0.0016248873,0
0.5,0,26.614389,-0.11352618,0,11.000332,0.0015845533,0
0.5,0,26.616457,-0.11428665,0,11.009561,0.0015440652,0
0.5,0,26.618541,-0.11483413,0,11.018789,0.0015034421,0
0.5,0,26.620551,-0.11520083,0,11.028018,0.0014626951,0
0.5,0,26.62243,-0.11550505,0,11.037246,0.0014218253,0
0.5,0,26.624171,-0.11584561,0,11.046475,0.001380829,0
0.5,0,26.625805,-0.11623193,0,11.055703,0.0013397092,0
0.5,0,26.627374,-0.11660384,0,11.064932,0.0012984863,0
0.5,0,26.62893,-0.11691051,0,11.07416,0.0012571988,0
0.5,0,26.630549,-0.1171672,0,11.083389,0.0012158916,0
0.5,0,26.632344,-0.11743678,0,11.092617,0.0011745999,0
0.5,0,26.63446,-0.11775799,0,11.101846,0.0011333377,0
0.5,0,26.637017,-0.11809119,0,11.111074,0.0010920979,0
0.5,0,26.640065,-0.11833419,0,11.120302,0.001050861,0
0.5,0,26.643552,-0.11839931,0,11.129531,0.0010096083,0
0.5,0,26.647345,-0.11829096,0,11.138759,0.00096833071,0
0.5,0,26.651282,-0.1181177,0,11.147988,0.00092703168,0
0.5,0,26.655219,-0.11801664,0,11.157216,0.00088572413,0
0.5,0,26.659055,-0.11803834,0,11.166445,0.00084442602,0
0.5,0,26.662704,-0.11808921,0,11.175673,0.00080315762,0
0.5,0,26.666067,-0.11799839,0,11.184902,0.00076193973,0
0.5,0,26.669036,-0.11766617,0,11.19413,0.00072079,0
0.5,0,26.671537,-0.11715947,0,11.203359,0.00067971829,0
0.5,0,26.673577,-0.11666376,0,11.212587,0.00063872702,0
0.5,0,26.675251,-0.11634916,0,11.221816,0.00059781949,0
0.5,0,26.6767,-0.11628072,0,11.231044,0.00055700859,0
0.5,0,26.678058,-0.1164103,0,11.240273,0.00051631515,0
0.5,0,26.679413,-0.11659254,0,11.249501,0.00047575751,0
0.5,0,26.680785,-0.11662668,0,11.258729,0.00043534476,0
0.5,0,26.68212,-0.11638237,0,11.267958,0.00039507815,0
0.5,0,26.683348,-0.11591848,0,11.277186,0.00035495311,0
0.5,0,26.684458,-0.11539762,0,11.286415,0.00031496132,0
0.5,0,26.685493,-0.11486044,0,11.295643,0.00027510351,0
0.5,0,26.686465,-0.11420761,0,11.304872,0.00023540539,0
0.5,0,26.687309,-0.11346194,0,11.3141,0.00019590617,0
0.5,0,26.687886,-0.11273891,0,11.323329,0.00015661722,0
0.5,0,26.687728,-0.11165139,0,11.332557,0.00011751753,0
0.5,0,26.685208,-0.10913945,0,11.341786,7.8610576e-05,0
0.5,0,26.676864,-0.10409143,0,11.351014,3.9953593e-05,0
0.5,0,26.660088,-0.098662031,0,11.360243,1.5718025e-06,0
0.5,0,26.840675,0.013991599,0,13.473562,4.171284e-06,0
0.5,0,26.860491,0.015944309,0,13.48279,1.3009577e-05,0
0.5,0,26.875492,0.018590177,0,13.492018,2.1770463e-05,0
0.5,0,26.885516,0.020541136,0,13.501247,3.0414014e-05,0
0.5,0,26.892032,0.022034035,0,13.510475,3.8894417e-05,0
0.5,0,26.89607,0.023020402,0,13.519704,4.7191038e-05,0
0.5,0,26.898277,0.023296253,0,13.528932,5.534296e-05,0
0.5,0,26.899097,0.023104967,0,13.538161,6.3394397e-05,0
0.5,0,26.898897,0.022878969,0,13.547389,7.1346884e-05,0
0.5,0,26.898177,0.022791037,0,13.556618,7.917525e-05,0
0.5,0,26.897548,0.022841148,0,13.565846,8.685188e-05,0
0.5,0,26.89747,0.023019533,0,13.575075,9.4349447e-05,0
0.5,0,26.898083,0.02320288,0,13.584303,0.00010164974,0
0.5,0,26.899279,0.023125785,0,13.593532,0.00010876295,0
0.5,0,26.90084,0.02263594,0,13.60276,0.00011572495,0
0.5,0,26.902478,0.021895094,0,13.611989,0.00012256493,0
0.5,0,26.90387,0.021230198,0,13.621217,0.00012927903,0
0.5,0,26.904794,0.02084617,0,13.630445,0.00013583686,0
0.5,0,26.905231,0.020729537,0,13.639674,0.00014220683,0
0.5,0,26.905342,0.020731038,0,13.648902,0.00014837552,0
0.5,0,26.905346,0.020658069,0,13.658131,0.00015435457,0
0.5,0,26.905436,0.020361187,0,13.667359,0.00016017665,0
0.5,0,26.905745,0.019842508,0,13.676588,0.00016587853,0
0.5,0,26.906317,0.019283746,0,13.685816,0.00017147744,0
0.5,0,26.907079,0.018910142,0,13.695045,0.00017695994,0
0.5,0,26.907873,0.018803075,0,13.704273,0.00018229476,0
0.5,0,26.908544,0.0188412,0,13.713502,0.00018745894,0
0.5,0,26.909019,0.018798372,0,13.72273,0.00019245688,0
0.5,0,26.909333,0.01849013,0,13.731959,0.0001973213,0
0.5,0,26.909575,0.017875456,0,13.741187,0.00020209803,0
0.5,0,26.909801,0.017077624,0,13.750416,0.00020682379,0
0.5,0,26.909974,0.016307178,0,13.759644,0.0002115088,0
0.5,0,26.910003,0.015718958,0,13.768872,0.0002161353,0
0.5,0,26.909854,0.015315727,0,13.778101,0.00022067175,0
0.5,0,26.909668,0.014993198,0,13.787329,0.00022508851,0
0.5,0,26.909752,0.014674637,0,13.796558,0.00022936154,0
0.5,0,26.910434,0.014379272,0,13.805786,0.00023346563,0
0.5,0,26.911884,0.014152364,0,13.815015,0.00023737205,0
0.5,0,26.914027,0.013957695,0,13.824243,0.00024105811,0
0.5,0,26.916609,0.013677009,0,13.833472,0.00024451975,0
0.5,0,26.919336,0.013225424,0,13.8427,0.00024777165,0
0.5,0,26.922017,0.01265088,0,13.851929,0.00025083217,0
0.5,0,26.924603,0.01210372,0,13.861157,0.00025370639,0
0.5,0,26.927156,0.011702151,0,13.870386,0.00025638268,0
0.5,0,26.929762,0.011418635,0,13.879614,0.00025884589,0
0.5,0,26.932455,0.011084057,0,13.888843,0.00026109568,0
0.5,0,26.935175,0.010503563,0,13.898071,0.00026315546,0
0.5,0,26.937772,0.0095978934,0,13.907299,0.0002650647,0
0.5,0,26.940046,0.0084733146,0,13.916528,0.00026685948,0
0.5,0,26.941799,0.0073727015,0,13.925756,0.00026855407,0
0.5,0,26.942891,0.0065368424,0,13.934985,0.00027013615,0
0.5,0,26.943304,0.0060650478,0,13.944213,0.00027157938,0
0.5,0,26.943175,0.0058670468,0,13.953442,0.00027286527,0
0.5,0,26.942815,0.0057371322,0,13.96267,0.00027400012,0
0.5,0,26.942648,0.0054978792,0,13.971899,0.00027501599,0
0.5,0,26.94311,0.0051146714,0,13.981127,0.0002759558,0
0.5,0,26.944515,0.0047062643,0,13.990356,0.00027685288,0
0.5,0,26.946952,0.0044525347,0,13.999584,0.00027771838,0
0.5,0,26.950253,0.0044726978,0,14.008813,0.00027854333,0
0.5,0,26.954046,0.0047607539,0,14.018041,0.00027931145,0
0.5,0,26.957845,0.0052103677,0,14.02727,0.00028001254,0
0.5,0,26.96115,0.0056881033,0,14.036498,0.00028064864,0
0.5,0,26.963542,0.0060882804,0,14.045726,0.00028123278,0
0.5,0,26.964754,0.0063415809,0,14.054955,0.0002817849,0
0.5,0,26.964724,0.0064028346,0,14.064183,0.00028232867,0
0.5,0,26.963613,0.0062534646,0,14.073412,0.00028288813,0
0.5,0,26.961772,0.0059190071,0,14.08264,0.00028348233,0
0.5,0,26.959661,0.0054727444,0,14.091869,0.00028411859,0
0.5,0,26.957753,0.0050098932,0,14.101097,0.00028478798,0
0.5,0,26.95645,0.0046114686,0,14.110326,0.00028546544,0
0.5,0,26.956016,0.0043265147,0,14.119554,0.00028611364,0
0.5,0,26.956548,0.0041758645,0,14.128783,0.00028668811,0
0.5,0,26.957971,0.0041560336,0,14.138011,0.00028714246,0
0.5,0,26.960064,0.0042299173,0,14.14724,0.00028743496,0
0.5,0,26.962523,0.0043182015,0,14.156468,0.00028753613,0
0.5,0,26.96504,0.0043139638,0,14.165697,0.00028743487,0
0.5,0,26.967383,0.004121019,0,14.174925,0.00028713948,0
0.5,0,26.969445,0.0036914023,0,14.184153,0.00028667281,0
0.5,0,26.971258,0.0030382404,0,14.193382,0.00028606387,0
0.5,0,26.972958,0.0022229233,0,14.20261,0.0002853397,0
0.5,0,26.974722,0.001332505,0,14.211839,0.0002845199,0
0.5,0,26.976684,0.00045977186,0,14.221067,0.00028361419,0
0.5,0,26.978868,-0.00031354879,0,14.230296,0.00028262301,0
0.5,0,26.981163,-0.0009317782,0,14.239524,0.00028154064,0
0.5,0,26.983354,-0.0013739615,0,14.248753,0.00028036,0
0.5,0,26.985198,-0.0016520325,0,14.257981,0.00027907732,0
0.5,0,26.986519,-0.0018017936,0,14.26721,0.00027769531,0
0.5,0,26.987272,-0.0018753653,0,14.276438,0.00027622429,0
0.5,0,26.987561,-0.001937255,0,14.285667,0.00027468221,0
0.5,0,26.987608,-0.0020560674,0,14.294895,0.00027309349,0
0.5,0,26.987668,-0.0022856853,0,14.304124,0.0002714862,0
0.5,0,26.98795,-0.0026420772,0,14.313352,0.00026988713,0
0.5,0,26.98855,-0.0030919593,0,14.32258,0.00026831554,0
0.5,0,26.989424,-0.0035640111,0,14.331809,0.00026677836,0
0.5,0,26.990425,-0.0039765949,0,14.341037,0.00026526864,0
0.5,0,26.991362,-0.0042655769,0,14.350266,0.00026376784,0
0.5,0,26.992076,-0.0043997789,0,14.359494,0.00026225061,0
0.5,0,26.992486,-0.0043827781,0,14.368723,0.00026069018,0
0.5,0,26.992613,-0.0042463815,0,14.377951,0.00025906308,0
0.5,0,26.992563,-0.0040402925,0,14.38718,0.00025735224,0
0.5,0,26.992496,-0.0038201368,0,14.396408,0.00025554813,0
0.5,0,26.992586,-0.0036362852,0,14.405637,0.00025364787,0
0.5,0,26.992985,-0.0035264433,0,14.414865,0.00025165271,0
0.5,0,26.993794,-0.0035126769,0,14.424094,0.00024956508,0
0.5,0,26.995052,-0.0036004675,0,14.433322,0.00024738607,0
0.5,0,26.996734,-0.0037780221,0,14.442551,0.00024511397,0
0.5,0,26.998748,-0.0040181604,0,14.451779,0.00024274435,0
0.5,0,27.000952,-0.0042869091,0,14.461007,0.00024027182,0
0.5,0,27.003171,-0.0045584197,0,14.470236,0.00023769348,0
0.5,0,27.005227,-0.0048287318,0,14.479464,0.00023501323,0
0.5,0,27.006974,-0.0051189402,0,14.488693,0.0002322451,0
0.5,0,27.008321,-0.0054642978,0,14.497921,0.00022941386,0
0.5,0,27.00925,-0.0058946076,0,14.50715,0.00022655191,0
0.5,0,27.0098,-0.0064158202,0,14.516378,0.00022369345,0
0.5,0,27.010043,-0.0070007627,0,14.525607,0.00022086768,0
0.5,0,27.010043,-0.0075916307,0,14.534835,0.00021809346,0
0.5,0,27.009824,-0.0081122638,0,14.544064,0.00021537695,0
0.5,0,27.009355,-0.0084856338,0,14.553292,0.00021271261,0
0.5,0,27.008551,-0.0086511536,0,14.562521,0.00021008703,0
0.5,0,27.007299,-0.0085774041,0,14.571749,0.00020748378,0
0.5,0,27.005503,-0.0082683777,0,14.580978,0.00020488777,0
0.5,0,27.003114,-0.0077635349,0,14.590206,0.00020228805,0
0.5,0,27.000154,-0.007132148,0,14.599434,0.00019967895,0
0.5,0,26.996727,-0.0064612221,0,14.608663,0.00019706005,0
0.5,0,26.992999,-0.0058368271,0,14.617891,0.0001944356,0
0.5,0,26.989175,-0.0053223633,0,14.62712,0.0001918135,0
0.5,0,26.985458,-0.0049419794,0,14.636348,0.00018920376,0
0.5,0,26.982022,-0.0046780076,0,14.645577,0.00018661629,0
0.5,0,26.978991,-0.004484866,0,14.654805,0.00018405843,0
0.5,0,26.976431,-0.0043130493,0,14.664034,0.0001815326,0
0.5,0,26.974364,-0.0041316611,0,14.673262,0.00017903503,0
0.5,0,26.972776,-0.0039396214,0,14.682491,0.00017655606,0
0.5,0,26.971628,-0.0037628227,0,14.691719,0.00017408239,0
0.5,0,26.97087,-0.0036417941,0,14.700948,0.00017160058,0
0.5,0,26.970434,-0.0036180149,0,14.710176,0.00016910097,0
0.5,0,26.970249,-0.0037254592,0,14.719405,0.00016658042,0
0.5,0,26.970236,-0.0039884194,0,14.728633,0.00016404309,0
0.5,0,26.970331,-0.0044208559,0,14.737861,0.00016149902,0
0.5,0,26.970484,-0.0050208764,0,14.74709,0.00015896082,0
0.5,0,26.970668,-0.0057590684,0,14.756318,0.00015643911,0
0.5,0,26.970875,-0.0065687644,0,14.765547,0.00015393756,0
0.5,0,26.971099,-0.0073518668,0,14.774775,0.0001514488,0
0.5,0,26.971332,-0.0080078116,0,14.784004,0.00014895343,0
0.5,0,26.971566,-0.0084763447,0,14.793232,0.00014642361,0
0.5,0,26.971815,-0.0087688891,0,14.802461,0.00014383115,0
0.5,0,26.972139,-0.0089634148,0,14.811689,0.00014115696,0
0.5,0,26.972659,-0.0091585052,0,14.820918,0.00013839701,0
0.5,0,26.973535,-0.0094110537,0,14.830146,0.00013556108,0
0.5,0,26.974924,-0.0096968175,0,14.839375,0.00013266425,0
0.5,0,26.976917,-0.0099205095,0,14.848603,0.00012971597,0
0.5,0,26.979491,-0.0099697063,0,14.857832,0.00012671298,0
0.5,0,26.982504,-0.0097781713,0,14.86706,0.00012364067,0
0.5,0,26.985711,-0.0093603627,0,14.876288,0.0001204823,0
0.5,0,26.988822,-0.008801336,0,14.885517,0.00011723093,0
0.5,0,26.991557,-0.0082161257,0,14.894745,0.00011389785,0
0.5,0,26.993691,-0.0077071439,0,14.903974,0.00011051332,0
0.5,0,26.995096,-0.0073394924,0,14.913202,0.00010711994,0
0.5,0,26.995749,-0.0071345832,0,14.922431,0.00010376222,0
0.5,0,26.995739,-0.0070712544,0,14.931659,0.00010047661,0
0.5,0,26.995239,-0.0070888593,0,14.940888,9.7285247e-05,0
0.5,0,26.994471,-0.0070987836,0,14.950116,9.4194516e-05,0
0.5,0,26.993659,-0.0070134064,0,14.959345,9.119813e-05,0
0.5,0,26.993,-0.0067884806,0,14.968573,8.8283564e-05,0
0.5,0,26.992647,-0.0064570691,0,14.977802,8.5439978e-05,0
0.5,0,26.99271,-0.0061289471,0,14.98703,8.2665051e-05,0
0.5,0,26.99327,-0.0059466755,0,14.996259,7.9967936e-05,0
0.5,0,26.994376,-0.0060175961,0,15.005487,7.7366531e-05,0
0.5,0,26.996026,-0.0063588642,0,15.014715,7.4879498e-05,0
0.5,0,26.998154,-0.0068863599,0,15.023944,7.2516052e-05,0
0.5,0,27.000623,-0.0074521223,0,15.033172,7.0267786e-05,0
0.5,0,27.003233,-0.0079071758,0,15.042401,6.8106127e-05,0
0.5,0,27.005762,-0.0081555282,0,15.051629,6.5986508e-05,0
0.5,0,27.008007,-0.0081759517,0,15.060858,6.3857605e-05,0
0.5,0,27.009817,-0.0080107366,0,15.070086,6.1672113e-05,0
0.5,0,27.011118,-0.0077378325,0,15.079315,5.9395212e-05,0
0.5,0,27.011911,-0.0074439514,0,15.088543,5.7008094e-05,0
0.5,0,27.012262,-0.0072051449,0,15.097772,5.4506143e-05,0
0.5,0,27.012281,-0.0070720989,0,15.107,5.1893732e-05,0
0.5,0,27.012091,-0.0070591642,0,15.116229,4.9178762e-05,0
0.5,0,27.011806,-0.0071429277,0,15.125457,4.6369343e-05,0
0.5,0,27.011498,-0.0072746436,0,15.134686,4.3472874e-05,0
0.5,0,27.011191,-0.0073999956,0,15.143914,4.0496442e-05,0
0.5,0,27.010858,-0.0074743682,0,15.153142,3.7447665e-05,0
0.5,0,27.01043,-0.0074710324,0,15.162371,3.4336071e-05,0
0.5,0,27.009806,-0.0073890537,0,15.171599,3.1175059e-05,0
0.5,0,27.008875,-0.0072599045,0,15.180828,2.7983691e-05,0
0.5,0,27.00753,-0.0071387539,0,15.190056,2.4787551e-05,0
0.5,0,27.005689,-0.0070755697,0,15.199285,2.1618389e-05,0
0.5,0,27.003288,-0.0070855167,0,15.208513,1.8511767e-05,0
0.5,0,27.000275,-0.0071387871,0,15.217742,1.5501366e-05,0
0.5,0,26.996585,-0.0071640371,0,15.22697,1.2611241e-05,0
0.5,0,26.992134,-0.0070609976,0,15.236199,9.8516306e-06,0
0.5,0,26.986826,-0.0067594409,0,15.245427,7.2219946e-06,0
0.5,0,26.980709,-0.0063592281,0,15.254656,4.7163869e-06,0
0.5,0,26.974391,-0.0063607963,0,15.263884,2.3219268e-06,0
0.5,0,26.969268,-0.0072561328,0,15.273113,1.6469768e-08,0
0.5,0,27.265151,0.00084530475,0,26.374958,9.2657276e-08,0
0.5,0,27.270603,-0.0018665566,0,26.384187,1.6268936e-06,0
0.5,0,27.275285,-0.0032268624,0,26.393415,2.5845868e-06,0
0.5,0,27.277862,-0.0039149402,0,26.402644,3.0285937e-06,0
0.5,0,27.278,-0.0041753267,0,26.411872,3.0238115e-06,0
0.5,0,27.275761,-0.0040925423,0,26.4211,2.6429e-06,0
0.5,0,27.271383,-0.0038990313,0,26.430329,1.9748628e-06,0
0.5,0,27.265448,-0.0039472739,0,26.439557,1.1119736e-06,0
0.5,0,27.258913,-0.0044465402,0,26.448786,1.2421926e-07,0
0.5,0,27.311676,0.027103943,0,27.057865,6.942185e-06,0
0.5,0,27.327984,0.02331759,0,27.067093,1.5531168e-05,0
0.5,0,27.339007,0.017716492,0,27.076322,2.2649181e-05,0
0.5,0,27.346459,0.010487822,0,27.08555,2.8034345e-05,0
0.5,0,27.352251,0.0028530183,0,27.094779,3.1534702e-05,0
0.5,0,27.357285,-0.0045480569,0,27.104007,3.3158471e-05,0
0.5,0,27.36211,-0.011446951,0,27.113235,3.3121814e-05,0
0.5,0,27.367019,-0.017148471,0,27.122464,3.1774051e-05,0
0.5,0,27.37177,-0.020762425,0,27.131692,2.9501234e-05,0
0.5,0,27.375727,-0.021875613,0,27.140921,2.6705156e-05,0
0.5,0,27.378317,-0.02055597,0,27.150149,2.3804983e-05,0
0.5,0,27.37943,-0.017015024,0,27.159378,2.1203071e-05,0
0.5,0,27.379533,-0.011590555,0,27.168606,1.9241327e-05,0
0.5,0,27.379393,-0.0049230278,0,27.177835,1.8185885e-05,0
0.5,0,27.379578,0.002131844,0,27.187063,1.8224359e-05,0
0.5,0,27.380147,0.0088347703,0,27.196292,1.943796e-05,0
0.5,0,27.380792,0.014711257,0,27.20552,2.1756477e-05,0
0.5,0,27.381213,0.019388787,0,27.214749,2.4945487e-05,0
0.5,0,27.381339,0.022440843,0,27.223977,2.8646201e-05,0
0.5,0,27.381222,0.02345839,0,27.233206,3.2436908e-05,0
0.5,0,27.380824,0.022192563,0,27.242434,3.5882938e-05,0
0.5,0,27.380003,0.018588623,0,27.251662,3.857293e-05,0
0.5,0,27.378764,0.012799408,0,27.260891,4.0150096e-05,0
0.5,0,27.377464,0.0052795669,0,27.270119,4.0334779e-05,0
0.5,0,27.376667,-0.003193107,0,27.279348,3.8929056e-05,0
0.5,0,27.37666,-0.011680217,0,27.288576,3.5807928e-05,0
0.5,0,27.37694,-0.019209429,0,27.297805,3.0921852e-05,0
0.5,0,27.375894,-0.024800172,0,27.307033,2.4329219e-05,0
0.5,0,27.371103,-0.027791675,0,27.316262,1.6227927e-05,0
0.5,0,27.361224,-0.029274142,0,27.32549,6.9304662e-06,0
0.5,0,27.444287,0.020875889,0,27.777685,4.5341963e-06,0
0.5,0,27.467198,0.026181791,0,27.786914,1.2563727e-05,0
0.5,0,27.485999,0.030097418,0,27.796142,2.0833507e-05,0
0.5,0,27.50098,0.031613889,0,27.80537,2.9014641e-05,0
0.5,0,27.51391,0.030788159,0,27.814599,3.674822e-05,0
0.5,0,27.526031,0.027701541,0,27.823827,4.3646075e-05,0
0.5,0,27.537929,0.022303036,0,27.833056,4.937178e-05,0
0.5,0,27.549668,0.014948432,0,27.842284,5.3651169e-05,0
0.5,0,27.560702,0.0064514555,0,27.851513,5.6243245e-05,0
0.5,0,27.569936,-0.0024282426,0,27.860741,5.6956452e-05,0
0.5,0,27.576064,-0.011142087,0,27.86997,5.5695219e-05,0
0.5,0,27.577649,-0.019141385,0,27.879198,5.2483602e-05,0
0.5,0,27.573101,-0.025857321,0,27.888427,4.7461059e-05,0
0.5,0,27.560968,-0.030894025,0,27.897655,4.0875761e-05,0
0.5,0,27.540271,-0.033985463,0,27.906884,3.3078519e-05,0
0.5,0,27.510715,-0.034691059,0,27.916112,2.4505544e-05,0
0.5,0,27.472767,-0.032541165,0,27.925341,1.5640734e-05,0
0.5,0,27.428717,-0.028639998,0,27.934569,6.9535375e-06,0
0.5,0,27.633912,0.030212072,0,28.58979,8.6822222e-06,0
0.5,0,27.63229,0.019192948,0,28.599019,1.6042118e-05,0
0.5,0,27.623909,0.0060023367,0,28.608247,2.0487697e-05,0
0.5,0,27.611649,-0.0076518467,0,28.617476,2.1865819e-05,0
0.5,0,27.597321,-0.019656264,0,28.626704,2.0237418e-05,0
0.5,0,27.580799,-0.028657519,0,28.635932,1.5920636e-05,0
0.5,0,27.56167,-0.034450888,0,28.645161,9.5101755e-06,0
0.5,0,27.541634,-0.03858555,0,28.654389,1.7353938e-06,0
0.5,0,27.553457,0.038534691,0,28.765131,7.2055937e-06,0
0.5,0,27.574998,0.03266608,0,28.774359,1.4362558e-05,0
0.5,0,27.59445,0.022311209,0,28.783588,1.9319126e-05,0
0.5,0,27.611871,0.0086574158,0,28.792816,2.1394695e-05,0
0.5,0,27.627186,-0.0061292554,0,28.802045,2.0111579e-05,0
0.5,0,27.638659,-0.02014063,0,28.811273,1.5231964e-05,0
0.5,0,27.645076,-0.033229956,0,28.820502,6.8405338e-06,0
0.5,0,27.364923,0.062780494,0,29.300382,2.4838575e-06,0
0.5,0,27.37968,0.070882469,0,29.309611,2.1884261e-05,0
0.5,0,27.381391,0.074358184,0,29.318839,4.1160195e-05,0
0.5,0,27.371217,0.071780532,0,29.328067,5.9393248e-05,0
0.5,0,27.351868,0.063963979,0,29.337296,7.5645606e-05,0
0.5,0,27.324803,0.051352785,0,29.346524,8.8958375e-05,0
0.5,0,27.291377,0.033947256,0,29.355753,9.8540783e-05,0
0.5,0,27.253774,0.012612702,0,29.364981,0.00010382761,0
0.5,0,27.214409,-0.01072984,0,29.37421,0.00010442348,0
0.5,0,27.175947,-0.034184225,0,29.383438,0.00010013795,0
0.5,0,27.141527,-0.056250688,0,29.392667,9.1081115e-05,0
0.5,0,27.113986,-0.075402356,0,29.401895,7.7679744e-05,0
0.5,0,27.09478,-0.089773022,0,29.411124,6.0637433e-05,0
0.5,0,27.082365,-0.097358342,0,29.420352,4.0926355e-05,0
0.5,0,27.072629,-0.097172564,0,29.429581,1.97782e-05,0
0.5,0,27.171238,0.12009372,0,29.531094,1.2827118e-05,0
0.5,0,27.174762,0.13386338,0,29.540322,4.0540833e-05,0
0.5,0,27.166753,0.13532845,0,29.549551,6.8895861e-05,0
0.5,0,27.153501,0.12678394,0,29.558779,9.6138854e-05,0
0.5,0,27.138828,0.10992156,0,29.568008,0.0001205082,0
0.5,0,27.123409,0.086136122,0,29.577236,0.00014030057,0
0.5,0,27.107823,0.056244781,0,29.586465,0.00015415231,0
0.5,0,27.094003,0.02190943,0,29.595693,0.00016112945,0
0.5,0,27.083877,-0.014108523,0,29.604921,0.00016067125,0
0.5,0,27.078425,-0.049166717,0,29.61415,0.00015262556,0
0.5,0,27.077545,-0.08122063,0,29.623378,0.00013731426,0
0.5,0,27.079987,-0.10847456,0,29.632607,0.00011548095,0
0.5,0,27.083391,-0.12876155,0,29.641835,8.8171976e-05,0
0.5,0,27.083914,-0.13935263,0,29.651064,5.6684434e-05,0
0.5,0,27.075963,-0.13891608,0,29.660292,2.2574342e-05,0
0.5,0,27.031002,0.029740693,0,30.001746,6.6146997e-06,0
0.5,0,27.052797,0.027776997,0,30.010974,1.6423005e-05,0
0.5,0,27.070317,0.023644501,0,30.020202,2.5093434e-05,0
0.5,0,27.084607,0.017347297,0,30.029431,3.2314941e-05,0
0.5,0,27.097168,0.010200906,0,30.038659,3.7846812e-05,0
0.5,0,27.108635,0.0029995895,0,30.047888,4.1567837e-05,0
0.5,0,27.119345,-0.0039114063,0,30.057116,4.3538737e-05,0
0.5,0,27.129358,-0.0099329851,0,30.066345,4.3955232e-05,0
0.5,0,27.138244,-0.014402859,0,30.075573,4.307737e-05,0
0.5,0,27.145336,-0.017091523,0,30.084802,4.121631e-05,0
0.5,0,27.150225,-0.018060455,0,30.09403,3.8724631e-05,0
0.5,0,27.153112,-0.017329313,0,30.103259,3.5947842e-05,0
0.5,0,27.154774,-0.01497147,0,30.112487,3.3178298e-05,0
0.5,0,27.156197,-0.011408383,0,30.121716,3.0649707e-05,0
0.5,0,27.1581,-0.0073814674,0,30.130944,2.8549822e-05,0
0.5,0,27.160679,-0.0036042776,0,30.140173,2.7008657e-05,0
0.5,0,27.163683,-0.000543432,0,30.149401,2.6065062e-05,0
0.5,0,27.166771,0.0015069676,0,30.158629,2.565274e-05,0
0.5,0,27.169816,0.0023305808,0,30.167858,2.5621988e-05,0
0.5,0,27.172994,0.0018611863,0,30.177086,2.5775798e-05,0
0.5,0,27.176663,0.00028373231,0,30.186315,2.5905682e-05,0
0.5,0,27.181173,-0.0020199778,0,30.195543,2.5831983e-05,0
0.5,0,27.186696,-0.0046053345,0,30.204772,2.5443913e-05,0
0.5,0,27.193117,-0.007005496,0,30.214,2.4720618e-05,0
0.5,0,27.199977,-0.0087136977,0,30.223229,2.3728303e-05,0
0.5,0,27.206429,-0.0092584804,0,30.232457,2.2606287e-05,0
0.5,0,27.211342,-0.0083498142,0,30.241686,2.1556409e-05,0
0.5,0,27.21362,-0.0059480884,0,30.250914,2.0833841e-05,0
0.5,0,27.212588,-0.0022005472,0,30.260143,2.072815e-05,0
0.5,0,27.208175,0.0026416882,0,30.269371,2.1526798e-05,0
0.5,0,27.200824,0.0082603926,0,30.2786,2.3467049e-05,0
0.5,0,27.191278,0.014290437,0,30.287828,2.6687668e-05,0
0.5,0,27.180278,0.020329909,0,30.297056,3.1193271e-05,0
0.5,0,27.168394,0.025898352,0,30.306285,3.6839667e-05,0
0.5,0,27.15604,0.030403642,0,30.315513,4.3343118e-05,0
0.5,0,27.143491,0.033214738,0,30.324742,5.0315739e-05,0
0.5,0,27.13093,0.033800036,0,30.33397,5.7309404e-05,0
0.5,0,27.118547,0.031881958,0,30.343199,6.3851813e-05,0
0.5,0,27.106621,0.027511973,0,30.352427,6.9476166e-05,0
0.5,0,27.095562,0.021008109,0,30.361656,7.3754753e-05,0
0.5,0,27.085887,0.01282498,0,30.370884,7.6337917e-05,0
0.5,0,27.078081,0.0034783746,0,30.380113,7.6984641e-05,0
0.5,0,27.072364,-0.006415884,0,30.389341,7.5571909e-05,0
0.5,0,27.068457,-0.016078678,0,30.39857,7.2084885e-05,0
0.5,0,27.065518,-0.024648149,0,30.407798,6.6601169e-05,0
0.5,0,27.062325,-0.031419021,0,30.417027,5.9275449e-05,0
0.5,0,27.057535,-0.035959095,0,30.426255,5.0325713e-05,0
0.5,0,27.049783,-0.037932932,0,30.435483,4.003314e-05,0
0.5,0,27.037476,-0.037044559,0,30.444712,2.8750143e-05,0
0.5,0,27.019044,-0.03352787,0,30.45394,1.6873074e-05,0
0.5,0,26.995006,-0.02975793,0,30.463169,4.7517415e-06,0
0.5,0,26.971791,0.020556667,0,30.749251,7.9051136e-06,0
0.5,0,26.975414,0.0079591507,0,30.75848,1.4503518e-05,0
0.5,0,26.9771,-0.0042706956,0,30.767708,1.8198171e-05,0
0.5,0,26.978578,-0.015116807,0,30.776937,1.9162316e-05,0
0.5,0,26.980374,-0.023264867,0,30.786165,1.7667974e-05,0
0.5,0,26.981519,-0.02818843,0,30.795394,1.4130154e-05,0
0.5,0,26.980739,-0.030045325,0,30.804622,9.0908645e-06,0
0.5,0,26.97816,-0.03040913,0,30.813851,3.0924654e-06,0
0.5,0,26.952755,0.0031269889,0,30.961506,1.5919027e-06,0
0.5,0,26.96242,0.0029543803,0,30.970735,5.8320561e-06,0
0.5,0,26.97124,0.0050533044,0,30.979963,1.0201058e-05,0
0.5,0,26.977419,0.0084196759,0,30.989192,1.4928333e-05,0
0.5,0,26.980556,0.01291611,0,30.99842,2.0301261e-05,0
0.5,0,26.980387,0.018505073,0,31.007648,2.6626766e-05,0
0.5,0,26.976754,0.024979789,0,31.016877,3.4215123e-05,0
0.5,0,26.969822,0.032228124,0,31.026105,4.3320971e-05,0
0.5,0,26.960101,0.040237473,0,31.035334,5.406125e-05,0
0.5,0,26.948432,0.048727693,0,31.044562,6.6375301e-05,0
0.5,0,26.935845,0.056960957,0,31.053791,8.0033516e-05,0
0.5,0,26.923141,0.063879519,0,31.063019,9.4658673e-05,0
0.5,0,26.910513,0.068324997,0,31.072248,0.00010974166,0
0.5,0,26.897662,0.069229839,0,31.081476,0.00012465564,0
0.5,0,26.884458,0.065833374,0,31.090705,0.00013867436,0
0.5,0,26.871553,0.05787363,0,31.099933,0.00015099753,0
0.5,0,26.860353,0.04560667,0,31.109162,0.00016079427,0
0.5,0,26.852362,0.029655011,0,31.11839,0.00016727297,0
0.5,0,26.848487,0.010864208,0,31.127619,0.00016976522,0
0.5,0,26.84887,-0.0097424496,0,31.136847,0.00016779682,0
0.5,0,26.853273,-0.030963421,0,31.146075,0.00016113255,0
0.5,0,26.861541,-0.051432309,0,31.155304,0.00014980263,0
0.5,0,26.873621,-0.06972602,0,31.164532,0.00013411521,0
0.5,0,26.889068,-0.084579441,0,31.173761,0.00011464007,0
0.5,0,26.906433,-0.094900102,0,31.182989,9.2162174e-05,0
0.5,0,26.92286,-0.099496013,0,31.192218,6.7644481e-05,0
0.5,0,26.933933,-0.097051143,0,31.201446,4.219311e-05,0
0.5,0,26.93469,-0.087848517,0,31.210675,1.6972436e-05,0
0.5,0,26.942766,0.077433834,0,31.5429,8.1616494e-06,0
0.5,0,26.962566,0.075854675,0,31.552128,3.2824719e-05,0
0.5,0,26.970868,0.072120907,0,31.561356,5.5749575e-05,0
0.5,0,26.971166,0.066573249,0,31.570585,7.6726956e-05,0
0.5,0,26.966744,0.060404095,0,31.579813,9.5566129e-05,0
0.5,0,26.959767,0.053319939,0,31.589042,0.00011212664,0
0.5,0,26.952089,0.04457862,0,31.59827,0.00012635522,0
0.5,0,26.944912,0.034433616,0,31.607499,0.00013815603,0
0.5,0,26.938535,0.023404083,0,31.616727,0.00014731303,0
0.5,0,26.933005,0.011457393,0,31.625956,0.00015355997,0
0.5,0,26.928611,-0.0014645985,0,31.635184,0.00015665673,0
0.5,0,26.925656,-0.014901682,0,31.644413,0.00015641258,0
0.5,0,26.924101,-0.02818276,0,31.653641,0.00015272625,0
0.5,0,26.923658,-0.040871831,0,31.66287,0.0001456659,0
0.5,0,26.924181,-0.052613318,0,31.672098,0.0001355165,0
0.5,0,26.925738,-0.062704275,0,31.681327,0.00012274209,0
0.5,0,26.92823,-0.070138343,0,31.690555,0.00010791452,0
0.5,0,26.931011,-0.074100971,0,31.699783,9.1678655e-05,0
0.5,0,26.932944,-0.074280167,0,31.709012,7.4736442e-05,0
0.5,0,26.932804,-0.070715261,0,31.71824,5.7802368e-05,0
0.5,0,26.929538,-0.063529273,0,31.727469,4.155217e-05,0
0.5,0,26.922121,-0.053042022,0,31.736697,2.6603153e-05,0
0.5,0,26.909902,-0.040463554,0,31.745926,1.3489851e-05,0
0.5,0,26.894548,-0.029099416,0,31.755154,2.574964e-06,0
0.5,0,26.92461,0.023338903,0,31.847439,7.6113313e-06,0
0.5,0,26.951818,0.030542017,0,31.856667,1.6732979e-05,0
0.5,0,26.974754,0.038318107,0,31.865896,2.7241353e-05,0
0.5,0,26.991645,0.046003329,0,31.875124,3.9046324e-05,0
0.5,0,27.00188,0.053519193,0,31.884353,5.1925874e-05,0
0.5,0,27.005533,0.060100354,0,31.893581,6.5555308e-05,0
0.5,0,27.00352,0.06444758,0,31.90281,7.9564357e-05,0
0.5,0,26.997334,0.065631229,0,31.912038,9.3516139e-05,0
0.5,0,26.988661,0.06331932,0,31.921267,0.00010686908,0
0.5,0,26.979159,0.057517882,0,31.930495,0.00011898632,0
0.5,0,26.970286,0.048485797,0,31.939724,0.00012917126,0
0.5,0,26.963144,0.03670944,0,31.948952,0.00013670435,0
0.5,0,26.958376,0.022662657,0,31.958181,0.00014089568,0
0.5,0,26.956147,0.0065830372,0,31.967409,0.00014116524,0
0.5,0,26.956211,-0.011360724,0,31.976637,0.00013712263,0
0.5,0,26.958024,-0.030684421,0,31.985866,0.00012859585,0
0.5,0,26.960859,-0.05051262,0,31.995094,0.00011558811,0
0.5,0,26.963811,-0.069686656,0,32.004323,9.8206692e-05,0
0.5,0,26.965313,-0.086556568,0,32.013551,7.6650779e-05,0
0.5,0,26.96215,-0.098919623,0,32.02278,5.127293e-05,0
0.5,0,26.948898,-0.10526805,0,32.032008,2.2629134e-05,0
0.5,0,26.758018,-0.020045608,0,32.26272,9.897374e-09,0
0.5,0,26.814988,0.047235262,0,32.438061,1.6017382e-06,0
0.5,0,26.837472,0.031038026,0,32.447289,1.3999556e-05,0
0.5,0,26.851826,0.014938628,0,32.456518,2.301649e-05,0
0.5,0,26.858745,-0.0012388731,0,32.465746,2.8652507e-05,0
0.5,0,26.860611,-0.014879508,0,32.474975,3.1187454e-05,0
0.5,0,26.858634,-0.024165841,0,32.484203,3.1135706e-05,0
0.5,0,26.854063,-0.028707365,0,32.493432,2.9260687e-05,0
0.5,0,26.848887,-0.028601578,0,32.50266,2.6499459e-05,0
0.5,0,26.845179,-0.024034348,0,32.511889,2.3811738e-05,0
0.5,0,26.844297,-0.015708034,0,32.521117,2.2077716e-05,0
0.5,0,26.846323,-0.0047537203,0,32.530345,2.2039597e-05,0
0.5,0,26.84992,0.0077957014,0,32.539574,2.4212296e-05,0
0.5,0,26.852995,0.02100321,0,32.548802,2.8791869e-05,0
0.5,0,26.853845,0.033620038,0,32.558031,3.5638125e-05,0
0.5,0,26.851862,0.044035441,0,32.567259,4.4338321e-05,0
0.5,0,26.847429,0.050769589,0,32.576488,5.4286852e-05,0
0.5,0,26.841361,0.052983357,0,32.585716,6.4736083e-05,0
0.5,0,26.83448,0.050515501,0,32.594945,7.4844387e-05,0
0.5,0,26.827537,0.043609758,0,32.604173,8.376004e-05,0
0.5,0,26.821278,0.032809965,0,32.613402,9.0726085e-05,0
0.5,0,26.816396,0.019069224,0,32.62263,9.516295e-05,0
0.5,0,26.813386,0.0037212633,0,32.631859,9.671367e-05,0
0.5,0,26.812561,-0.01179894,0,32.641087,9.5262747e-05,0
0.5,0,26.814219,-0.026180783,0,32.650316,9.0929223e-05,0
0.5,0,26.818675,-0.038202926,0,32.659544,8.4027886e-05,0
0.5,0,26.825957,-0.046700088,0,32.668772,7.5013832e-05,0
0.5,0,26.835375,-0.05083099,0,32.678001,6.4435465e-05,0
0.5,0,26.845417,-0.05043321,0,32.687229,5.2901586e-05,0
0.5,0,26.854064,-0.045993181,0,32.696458,4.1053706e-05,0
0.5,0,26.859248,-0.038297785,0,32.705686,2.9537872e-05,0
0.5,0,26.859271,-0.028322984,0,32.714915,1.8960857e-05,0
0.5,0,26.853646,-0.017580622,0,32.724143,9.8153809e-06,0
0.5,0,26.844605,-0.0086741124,0,32.733372,2.3830642e-06,0
0.5,0,26.880175,0.063371015,0,33.16711,1.3653804e-05,0
0.5,0,26.884562,0.047763817,0,33.176338,3.0113808e-05,0
0.5,0,26.884943,0.02758343,0,33.185567,4.2062641e-05,0
0.5,0,26.885222,0.0047524738,0,33.194795,4.9029439e-05,0
0.5,0,26.887284,-0.018201505,0,33.204024,5.0790619e-05,0
0.5,0,26.891204,-0.03990673,0,33.213252,4.7494939e-05,0
0.5,0,26.895961,-0.058973006,0,33.22248,3.9676639e-05,0
0.5,0,26.89863,-0.072967477,0,33.231709,2.8127678e-05,0
0.5,0,26.895068,-0.08038685,0,33.240937,1.3823214e-05,0
0.5,0,26.790579,0.099148358,0,33.342451,5.5067636e-06,0
0.5,0,26.781065,0.12045346,0,33.351679,3.3803217e-05,0
0.5,0,26.763222,0.13343567,0,33.360907,6.4907772e-05,0
0.5,0,26.743216,0.13853073,0,33.370136,9.7575165e-05,0
0.5,0,26.726758,0.13689664,0,33.379364,0.00013049824,0
0.5,0,26.716306,0.1295034,0,33.388593,0.00016227918,0
0.5,0,26.712242,0.11663344,0,33.397821,0.000191628,0
0.5,0,26.714148,0.098967886,0,33.40705,0.00021742653,0
0.5,0,26.721153,0.077710859,0,33.416278,0.00023870475,0
0.5,0,26.732446,0.053786116,0,33.425507,0.00025470339,0
0.5,0,26.747662,0.028065498,0,33.434735,0.00026494364,0
0.5,0,26.76661,0.0019229324,0,33.443964,0.00026921438,0
0.5,0,26.788814,-0.023000371,0,33.453192,0.00026753443,0
0.5,0,26.813438,-0.045423824,0,33.462421,0.00026015532,0
0.5,0,26.839448,-0.06462321,0,33.471649,0.00024757739,0
0.5,0,26.865723,-0.080101551,0,33.480878,0.00023050795,0
0.5,0,26.891161,-0.091334351,0,33.490106,0.00020976369,0
0.5,0,26.914838,-0.097969697,0,33.499334,0.00018619796,0
0.5,0,26.936189,-0.10016175,0,33.508563,0.00016068285,0
0.5,0,26.955001,-0.098617556,0,33.517791,0.00013407967,0
0.5,0,26.971135,-0.094267734,0,33.52702,0.0001071576,0
0.5,0,26.984042,-0.087721265,0,33.536248,8.053356e-05,0
0.5,0,26.992145,-0.0791316,0,33.545477,5.4690565e-05,0
0.5,0,26.992819,-0.068609665,0,33.554705,2.9986281e-05,0
0.5,0,26.984505,-0.058211935,0,33.563934,6.5781475e-06,0
0.5,0,26.884574,0.045552142,0,34.016129,6.2290098e-06,0
0.5,0,26.918665,0.046388076,0,34.025357,2.9380986e-05,0
0.5,0,26.942312,0.047556364,0,34.034586,5.2041984e-05,0
0.5,0,26.957153,0.048281472,0,34.043814,7.4300032e-05,0
0.5,0,26.965056,0.049420305,0,34.053042,9.6200805e-05,0
0.5,0,26.966791,0.050590023,0,34.062271,0.00011780856,0
0.5,0,26.963093,0.051307232,0,34.071499,0.00013921755,0
0.5,0,26.95496,0.051862752,0,34.080728,0.0001604639,0
0.5,0,26.943683,0.052554692,0,34.089956,0.00018152652,0
0.5,0,26.93081,0.053356089,0,34.099185,0.00020240067,0
0.5,0,26.917794,0.054294424,0,34.108413,0.00022312517,0
0.5,0,26.905636,0.05545827,0,34.117642,0.00024377226,0
0.5,0,26.894822,0.05677992,0,34.12687,0.00026444884,0
0.5,0,26.88538,0.05823635,0,34.136099,0.00028528487,0
0.5,0,26.876912,0.060169168,0,34.145327,0.00030638148,0
0.5,0,26.868702,0.063093702,0,34.154556,0.00032775873,0
0.5,0,26.85998,0.067177923,0,34.163784,0.00034935012,0
0.5,0,26.850116,0.072011803,0,34.173013,0.00037102763,0
0.5,0,26.838611,0.076770797,0,34.182241,0.00039261625,0
0.5,0,26.825017,0.080481817,0,34.191469,0.00041388868,0
0.5,0,26.808991,0.082279668,0,34.200698,0.00043454764,0
0.5,0,26.790407,0.081621918,0,34.209926,0.0004541955,0
0.5,0,26.769368,0.078278508,0,34.219155,0.00047230051,0
0.5,0,26.746158,0.072061276,0,34.228383,0.00048818797,0
0.5,0,26.72128,0.062607874,0,34.237612,0.0005010746,0
0.5,0,26.69558,0.049478596,0,34.24684,0.00051013287,0
0.5,0,26.670293,0.032427465,0,34.256069,0.00051455674,0
0.5,0,26.646887,0.011591239,0,34.265297,0.00051360895,0
0.5,0,26.626705,-0.012436475,0,34.274526,0.00050664869,0
0.5,0,26.610607,-0.03861638,0,34.283754,0.00049315621,0
0.5,0,26.598745,-0.065675347,0,34.292983,0.00047277241,0
0.5,0,26.590718,-0.092465855,0,34.302211,0.00044535029,0
0.5,0,26.586023,-0.11808691,0,34.31144,0.00041099739,0
0.5,0,26.584383,-0.14164324,0,34.320668,0.0003700913,0
0.5,0,26.585771,-0.16211893,0,34.329896,0.00032326125,0
0.5,0,26.590215,-0.17870788,0,34.339125,0.00027133195,0
0.5,0,26.59768,-0.19083821,0,34.348353,0.00021525417,0
0.5,0,26.607297,-0.19768957,0,34.357582,0.00015609289,0
0.5,0,26.616749,-0.19780868,0,34.36681,9.5029183e-05,0
0.5,0,26.619671,-0.18970116,0,34.376039,3.3315099e-05,0
0.5,0,26.730872,0.27291771,0,34.754406,8.2407547e-06,0
0.5,0,26.720299,0.2775765,0,34.763634,0.00010156543,0
0.5,0,26.695693,0.27540787,0,34.772863,0.00019441102,0
0.5,0,26.665895,0.27039025,0,34.782091,0.00028614052,0
0.5,0,26.63424,0.26396876,0,34.79132,0.00037599204,0
0.5,0,26.602128,0.25521746,0,34.800548,0.00046335066,0
0.5,0,26.570603,0.2438997,0,34.809777,0.00054778297,0
0.5,0,26.540126,0.23158817,0,34.819005,0.00062880976,0
0.5,0,26.510859,0.2190625,0,34.828234,0.00070590918,0
0.5,0,26.483246,0.20596193,0,34.837462,0.00077864457,0
0.5,0,26.457695,0.19219247,0,34.846691,0.00084664978,0
0.5,0,26.434098,0.17798757,0,34.855919,0.00090956788,0
0.5,0,26.412044,0.16318867,0,34.865148,0.00096707908,0
0.5,0,26.391301,0.14745589,0,34.874376,0.0010189403,0
0.5,0,26.371883,0.13095559,0,34.883604,0.0010649344,0
0.5,0,26.353839,0.11415846,0,34.892833,0.0011047946,0
0.5,0,26.337216,0.097091111,0,34.902061,0.0011382097,0
0.5,0,26.322197,0.079277856,0,34.91129,0.0011648764,0
0.5,0,26.309109,0.060264978,0,34.920518,0.0011845212,0
0.5,0,26.298329,0.039835731,0,34.929747,0.0011968966,0
0.5,0,26.290291,0.01788391,0,34.938975,0.0012017781,0
0.5,0,26.28555,-0.0055507449,0,34.948204,0.001198944,0
0.5,0,26.28473,-0.03015976,0,34.957432,0.0011881334,0
0.5,0,26.288295,-0.055550195,0,34.966661,0.0011690356,0
0.5,0,26.296506,-0.081558673,0,34.975889,0.0011413442,0
0.5,0,26.309546,-0.10827078,0,34.985118,0.001104837,0
0.5,0,26.327571,-0.1357595,0,34.994346,0.0010594269,0
0.5,0,26.350634,-0.16381618,0,35.003575,0.0010051701,0
0.5,0,26.378524,-0.19188345,0,35.012803,0.00094225249,0
0.5,0,26.410627,-0.21921587,0,35.022031,0.00087096194,0
0.5,0,26.445907,-0.24507056,0,35.03126,0.00079166623,0
0.5,0,26.482983,-0.26876158,0,35.040488,0.0007048349,0
0.5,0,26.520264,-0.28972911,0,35.049717,0.00061110095,0
0.5,0,26.55613,-0.30779947,0,35.058945,0.0005112794,0
0.5,0,26.589331,-0.32298758,0,35.068174,0.00040628813,0
0.5,0,26.618706,-0.33461305,0,35.077402,0.00029708058,0
0.5,0,26.642649,-0.34095567,0,35.086631,0.00018467073,0
0.5,0,26.655987,-0.33922681,0,35.095859,7.0199633e-05,0
0.5,0,26.830019,0.36852752,0,35.464998,2.7632143e-05,0
0.5,0,26.823624,0.37208404,0,35.474226,0.00015484992,0
0.5,0,26.805417,0.36809159,0,35.483455,0.00028104865,0
0.5,0,26.782684,0.36199728,0,35.492683,0.00040552994,0
0.5,0,26.756856,0.35471877,0,35.501912,0.00052751529,0
0.5,0,26.728796,0.34496134,0,35.51114,0.00064639484,0
0.5,0,26.699829,0.33253269,0,35.520369,0.00076166419,0
0.5,0,26.671022,0.31879416,0,35.529597,0.00087267789,0
0.5,0,26.64317,0.30388958,0,35.538826,0.0009787215,0
0.5,0,26.617012,0.2870861,0,35.548054,0.0010791629,0
0.5,0,26.59274,0.26825459,0,35.557283,0.0011734183,0
0.5,0,26.569872,0.24751571,0,35.566511,0.0012608928,0
0.5,0,26.547893,0.2245562,0,35.57574,0.0013410156,0
0.5,0,26.526793,0.19924477,0,35.584968,0.0014132591,0
0.5,0,26.506979,0.17232647,0,35.594196,0.0014770746,0
0.5,0,26.48902,0.14481837,0,35.603425,0.0015318624,0
0.5,0,26.473706,0.1170946,0,35.612653,0.0015770508,0
0.5,0,26.462119,0.088927113,0,35.621882,0.0016121917,0
0.5,0,26.455477,0.059974665,0,35.63111,0.0016369915,0
0.5,0,26.454842,0.029967123,0,35.640339,0.0016513072,0
0.5,0,26.461,-0.0011163055,0,35.649567,0.0016551362,0
0.5,0,26.474217,-0.03272748,0,35.658796,0.0016485746,0
0.5,0,26.49393,-0.063874361,0,35.668024,0.0016317584,0
0.5,0,26.518844,-0.093748617,0,35.677253,0.0016048424,0
0.5,0,26.547249,-0.12212994,0,35.686481,0.0015680283,0
0.5,0,26.577419,-0.14920149,0,35.69571,0.0015216015,0
0.5,0,26.607873,-0.17515732,0,35.704938,0.0014659439,0
0.5,0,26.637478,-0.20000469,0,35.714167,0.0014015172,0
0.5,0,26.665484,-0.22353665,0,35.723395,0.0013288164,0
0.5,0,26.691512,-0.24539149,0,35.732623,0.0012483221,0
0.5,0,26.715505,-0.26529826,0,35.741852,0.001160491,0
0.5,0,26.737684,-0.28340744,0,35.75108,0.0010657838,0
0.5,0,26.758505,-0.30023795,0,35.760309,0.00096468577,0
0.5,0,26.778492,-0.31611255,0,35.769537,0.0008576967,0
0.5,0,26.797961,-0.33078459,0,35.778766,0.00074532361,0
0.5,0,26.816895,-0.34393189,0,35.787994,0.00062809353,0
0.5,0,26.835257,-0.35583578,0,35.797223,0.00050655079,0
0.5,0,26.853273,-0.36662735,0,35.806451,0.00038125268,0
0.5,0,26.870727,-0.3752289,0,35.81568,0.00025283686,0
0.5,0,26.884997,-0.37896762,0,35.824908,0.00012204675,0
0.5,0,27.049573,0.37616815,0,36.203275,8.1947918e-06,0
0.5,0,27.036161,0.37685689,0,36.212504,0.00013692813,0
0.5,0,27.007757,0.36775119,0,36.221732,0.00026337968,0
0.5,0,26.974039,0.35539604,0,36.230961,0.00038681263,0
0.5,0,26.938374,0.34159652,0,36.240189,0.00050644076,0
0.5,0,26.902948,0.32555738,0,36.249418,0.00062166572,0
0.5,0,26.869791,0.30725004,0,36.258646,0.00073208957,0
0.5,0,26.840068,0.28835418,0,36.267875,0.00083726253,0
0.5,0,26.814275,0.2695081,0,36.277103,0.00093670316,0
0.5,0,26.792908,0.25038535,0,36.286331,0.001030033,0
0.5,0,26.776205,0.23119258,0,36.29556,0.0011169428,0
0.5,0,26.763761,0.21232174,0,36.304788,0.0011971271,0
0.5,0,26.754862,0.19341686,0,36.314017,0.0012703156,0
0.5,0,26.74907,0.173792,0,36.323245,0.0013362959,0
0.5,0,26.746406,0.15332454,0,36.332474,0.0013948364,0
0.5,0,26.747226,0.13225454,0,36.341702,0.0014456181,0
0.5,0,26.752121,0.11046746,0,36.350931,0.0014882738,0
0.5,0,26.761762,0.08750093,0,36.360159,0.0015224699,0
0.5,0,26.776566,0.062959925,0,36.369388,0.0015479387,0
0.5,0,26.796432,0.036613436,0,36.378616,0.0015644786,0
0.5,0,26.82073,0.0084445113,0,36.387845,0.0015719491,0
0.5,0,26.848312,-0.021066727,0,36.397073,0.0015702458,0
0.5,0,26.877535,-0.050912972,0,36.406302,0.0015592699,0
0.5,0,26.906388,-0.080061504,0,36.41553,0.0015389473,0
0.5,0,26.932712,-0.1079783,0,36.424758,0.0015092992,0
0.5,0,26.954468,-0.13466477,0,36.433987,0.0014705047,0
0.5,0,26.969824,-0.16030358,0,36.443215,0.0014229157,0
0.5,0,26.977074,-0.18487444,0,36.452444,0.0013670306,0
0.5,0,26.974523,-0.20796954,0,36.461672,0.0013034489,0
0.5,0,26.960474,-0.22889766,0,36.470901,0.0012328167,0
0.5,0,26.933471,-0.2470092,0,36.480129,0.0011557861,0
0.5,0,26.892775,-0.26199555,0,36.489358,0.0010730111,0
0.5,0,26.838955,-0.27395209,0,36.498586,0.00098516488,0
0.5,0,26.774376,-0.28319988,0,36.507815,0.00089293451,0
0.5,0,26.703352,-0.29001991,0,36.517043,0.00079699061,0
0.5,0,26.631836,-0.29455103,0,36.526272,0.00069797998,0
0.5,0,26.566612,-0.29702355,0,36.5355,0.00059655773,0
0.5,0,26.514141,-0.29810518,0,36.544729,0.00049339813,0
0.5,0,26.479379,-0.29851861,0,36.553957,0.00038914007,0
0.5,0,26.464299,-0.29795791,0,36.563185,0.00028435507,0
0.5,0,26.466727,-0.29494635,0,36.572414,0.00017958561,0
0.5,0,26.478796,-0.28725075,0,36.581642,7.5385514e-05,0
0.5,0,26.396861,0.16764701,0,36.996923,4.0808329e-05,0
0.5,0,26.343025,0.16400027,0,37.006152,0.00010327361,0
0.5,0,26.287618,0.15727481,0,37.01538,0.0001633195,0
0.5,0,26.236327,0.14987812,0,37.024609,0.00022071065,0
0.5,0,26.191637,0.14179607,0,37.033837,0.00027522265,0
0.5,0,26.155252,0.13235776,0,37.043066,0.00032672152,0
0.5,0,26.128577,0.12198107,0,37.052294,0.00037506234,0
0.5,0,26.11248,0.11155113,0,37.061523,0.00042000243,0
0.5,0,26.107388,0.10116202,0,37.070751,0.00046128649,0
0.5,0,26.113375,0.090528471,0,37.07998,0.00049872554,0
0.5,0,26.129985,0.079486715,0,37.089208,0.00053219646,0
0.5,0,26.156268,0.067776359,0,37.098437,0.00056164761,0
0.5,0,26.191044,0.055107432,0,37.107665,0.00058711671,0
0.5,0,26.233009,0.041728391,0,37.116893,0.00060869416,0
0.5,0,26.280594,0.028529502,0,37.126122,0.00062644696,0
0.5,0,26.331888,0.016394437,0,37.13535,0.00064038799,0
0.5,0,26.384771,0.0056472368,0,37.144579,0.00065051086,0
0.5,0,26.43715,-0.0038991582,0,37.153807,0.00065683541,0
0.5,0,26.487165,-0.012666097,0,37.163036,0.00065943258,0
0.5,0,26.533364,-0.021105233,0,37.172264,0.00065843671,0
0.5,0,26.574788,-0.02946871,0,37.181493,0.00065404222,0
0.5,0,26.610902,-0.037632687,0,37.190721,0.00064647545,0
0.5,0,26.641442,-0.045227561,0,37.19995,0.00063596284,0
0.5,0,26.666362,-0.051987982,0,37.209178,0.0006227273,0
0.5,0,26.685893,-0.057947046,0,37.218407,0.00060700977,0
0.5,0,26.700605,-0.063317293,0,37.227635,0.000589086,0
0.5,0,26.711384,-0.068240939,0,37.236864,0.00056925998,0
0.5,0,26.719328,-0.072619705,0,37.246092,0.00054783819,0
0.5,0,26.725612,-0.076114848,0,37.25532,0.00052509701,0
0.5,0,26.731351,-0.078344265,0,37.264549,0.0005012586,0
0.5,0,26.737515,-0.07918094,0,37.273777,0.00047648993,0
0.5,0,26.744898,-0.078898649,0,37.283006,0.00045092532,0
0.5,0,26.754091,-0.078003588,0,37.292234,0.00042469151,0
0.5,0,26.765408,-0.076930616,0,37.301463,0.00039791488,0
0.5,0,26.778814,-0.075926135,0,37.310691,0.00037071351,0
0.5,0,26.793969,-0.075165183,0,37.31992,0.00034319437,0
0.5,0,26.810349,-0.074845621,0,37.329148,0.00031546471,0
0.5,0,26.82735,-0.075088671,0,37.338377,0.00028764242,0
0.5,0,26.844258,-0.075777147,0,37.347605,0.00025984538,0
0.5,0,26.860158,-0.076530808,0,37.356834,0.00023216399,0
0.5,0,26.873876,-0.076841724,0,37.366062,0.00020464802,0
0.5,0,26.88406,-0.076288784,0,37.375291,0.00017733238,0
0.5,0,26.889391,-0.074759523,0,37.384519,0.00015028591,0
0.5,0,26.888874,-0.072519799,0,37.393747,0.00012364,0
0.5,0,26.882041,-0.069871307,0,37.402976,9.7579901e-05,0
0.5,0,26.86882,-0.066605608,0,37.412204,7.2330423e-05,0
0.5,0,26.849026,-0.061977485,0,37.421433,4.8145253e-05,0
0.5,0,26.822205,-0.055364457,0,37.430661,2.527392e-05,0
0.5,0,26.789252,-0.048136599,0,37.43989,3.8914898e-06,0
