"f","p","u.x:0","u.x:1","u.x:2","Points:0","Points:1","Points:2"
0.5,0,26.703071,-0.0016161499,0,-37.772115,-1.7163815e-05,0
0.5,0,26.703746,-0.0018763314,0,-37.781343,-0.0023167833,0
0.5,0,26.703117,-0.0014198244,0,-37.762886,-1.7124334e-05,0
0.5,0,26.703022,-0.0013530329,0,-37.753658,-1.7034288e-05,0
0.5,0,26.702632,-0.0013625271,0,-37.744429,-1.6882507e-05,0
0.5,0,26.702196,-0.0010932699,0,-37.735201,-1.6695328e-05,0
0.5,0,26.702467,-0.0012041279,0,-37.725972,-1.6499588e-05,0
0.5,0,26.703506,-0.0015064414,0,-37.716744,-1.6269961e-05,0
0.5,0,26.704332,-0.0012081695,0,-37.707515,-1.5961757e-05,0
0.5,0,26.704724,-0.00072617088,0,-37.698287,-1.5638423e-05,0
0.5,0,26.704506,-0.00050396494,0,-37.689058,-1.5371822e-05,0
0.5,0,26.704218,-0.00056996346,0,-37.67983,-1.5129088e-05,0
0.5,0,26.704024,-0.0007436313,0,-37.670601,-1.4853197e-05,0
0.5,0,26.704032,-0.00082439686,0,-37.661373,-1.4533258e-05,0
0.5,0,26.704193,-0.0007936284,0,-37.652145,-1.4185754e-05,0
0.5,0,26.704373,-0.0007298296,0,-37.642916,-1.3821927e-05,0
0.5,0,26.704479,-0.00065179287,0,-37.633688,-1.3452844e-05,0
0.5,0,26.704519,-0.00057618941,0,-37.624459,-1.3089679e-05,0
0.5,0,26.704601,-0.00054645325,0,-37.615231,-1.2737921e-05,0
0.5,0,26.704851,-0.00060886608,0,-37.606002,-1.2393531e-05,0
0.5,0,26.705331,-0.00077679235,0,-37.596774,-1.2044508e-05,0
0.5,0,26.705971,-0.00099962498,0,-37.587545,-1.1678159e-05,0
0.5,0,26.706605,-0.0011781126,0,-37.578317,-1.1289883e-05,0
0.5,0,26.707058,-0.0012208069,0,-37.569088,-1.0886729e-05,0
0.5,0,26.70725,-0.0010969825,0,-37.55986,-1.0481096e-05,0
0.5,0,26.707254,-0.0008819636,0,-37.550631,-1.0079951e-05,0
0.5,0,26.707186,-0.00067277401,0,-37.541403,-9.6810173e-06,0
0.5,0,26.707246,-0.00053469112,0,-37.532174,-9.2785518e-06,0
0.5,0,26.707691,-0.00045355984,0,-37.522946,-8.8697216e-06,0
0.5,0,26.708424,-0.00034120086,0,-37.513718,-8.4539584e-06,0
0.5,0,26.709094,-0.00022696612,0,-37.504489,-8.0286033e-06,0
0.5,0,26.709522,-0.00017841982,0,-37.495261,-7.5874997e-06,0
0.5,0,26.709661,-0.00017327308,0,-37.486032,-7.1254081e-06,0
0.5,0,26.709554,-0.00017348066,0,-37.476804,-6.6435404e-06,0
0.5,0,26.709377,-0.00016812002,0,-37.467575,-6.1487375e-06,0
0.5,0,26.709308,-0.00016498944,0,-37.458347,-5.6485874e-06,0
0.5,0,26.709424,-0.00016770344,0,-37.449118,-5.1493173e-06,0
0.5,0,26.709687,-0.00016904987,0,-37.43989,-4.6574984e-06,0
0.5,0,26.709976,-0.00016083696,0,-37.430661,-4.1813209e-06,0
0.5,0,26.710171,-0.00014679235,0,-37.421433,-3.7280562e-06,0
0.5,0,26.710215,-0.00014836104,0,-37.412204,-3.2998995e-06,0
0.5,0,26.710135,-0.00020013676,0,-37.402976,-2.8934447e-06,0
0.5,0,26.70997,-0.00033981326,0,-37.393747,-2.5055538e-06,0
0.5,0,26.709728,-0.00057660328,0,-37.384519,-2.1413715e-06,0
0.5,0,26.709458,-0.00085748708,0,-37.375291,-1.8152741e-06,0
0.5,0,26.709155,-0.0011033578,0,-37.366062,-1.5420396e-06,0
0.5,0,26.70891,-0.0012792929,0,-37.356834,-1.3284721e-06,0
0.5,0,26.708967,-0.0014097706,0,-37.347605,-1.1750854e-06,0
0.5,0,26.709281,-0.001529312,0,-37.338377,-1.0809198e-06,0
0.5,0,26.709631,-0.0016492146,0,-37.329148,-1.0418681e-06,0
0.5,0,26.709944,-0.0017715547,0,-37.31992,-1.048037e-06,0
0.5,0,26.710207,-0.0018868138,0,-37.310691,-1.0870351e-06,0
0.5,0,26.710393,-0.0019701166,0,-37.301463,-1.1487987e-06,0
0.5,0,26.710515,-0.0020086883,0,-37.292234,-1.2263982e-06,0
0.5,0,26.710566,-0.0020268619,0,-37.283006,-1.3143332e-06,0
0.5,0,26.7105,-0.0020245701,0,-37.273777,-1.4086525e-06,0
0.5,0,26.710405,-0.0019343423,0,-37.264549,-1.5046484e-06,0
0.5,0,26.710275,-0.0017847208,0,-37.25532,-1.5928973e-06,0
0.5,0,26.709892,-0.0016766827,0,-37.246092,-1.6638995e-06,0
0.5,0,26.709315,-0.0016094155,0,-37.236864,-1.7115517e-06,0
0.5,0,26.70884,-0.0015542271,0,-37.227635,-1.7316542e-06,0
0.5,0,26.708639,-0.0015077756,0,-37.218407,-1.7225063e-06,0
0.5,0,26.708741,-0.0014570832,0,-37.209178,-1.6845928e-06,0
0.5,0,26.709043,-0.0013930301,0,-37.19995,-1.6209345e-06,0
0.5,0,26.709373,-0.0013148589,0,-37.190721,-1.5390311e-06,0
0.5,0,26.709579,-0.0012317802,0,-37.181493,-1.4510068e-06,0
0.5,0,26.709563,-0.00117323,0,-37.172264,-1.3700521e-06,0
0.5,0,26.709312,-0.0011563833,0,-37.163036,-1.3061443e-06,0
0.5,0,26.70888,-0.0011784064,0,-37.153807,-1.2638573e-06,0
0.5,0,26.708359,-0.0012325452,0,-37.144579,-1.2410182e-06,0
0.5,0,26.707887,-0.0013094986,0,-37.13535,-1.2296791e-06,0
0.5,0,26.70754,-0.0013955711,0,-37.126122,-1.2206147e-06,0
0.5,0,26.707337,-0.0014634219,0,-37.116893,-1.2074388e-06,0
0.5,0,26.707342,-0.0014856343,0,-37.107665,-1.1879019e-06,0
0.5,0,26.707608,-0.0014575206,0,-37.098437,-1.1632166e-06,0
0.5,0,26.708112,-0.0014033274,0,-37.089208,-1.136582e-06,0
0.5,0,26.708758,-0.0013569924,0,-37.07998,-1.1106799e-06,0
0.5,0,26.709425,-0.0013311752,0,-37.070751,-1.0849427e-06,0
0.5,0,26.70999,-0.0013136263,0,-37.061523,-1.0549593e-06,0
0.5,0,26.710306,-0.0012907774,0,-37.052294,-1.0143714e-06,0
0.5,0,26.710307,-0.0012598882,0,-37.043066,-9.5761014e-07,0
0.5,0,26.710136,-0.001223591,0,-37.033837,-8.8188726e-07,0
0.5,0,26.71002,-0.0011869783,0,-37.024609,-7.872579e-07,0
0.5,0,26.710116,-0.0011573427,0,-37.01538,-6.7492054e-07,0
0.5,0,26.710487,-0.0011352272,0,-37.006152,-5.4569867e-07,0
0.5,0,26.711131,-0.0011026759,0,-36.996923,-4.0006331e-07,0
0.5,0,26.711991,-0.0010447493,0,-36.987695,-2.3875828e-07,0
0.5,0,26.712942,-0.00097459251,0,-36.978466,-6.2850753e-08,0
0.5,0,26.713226,-0.00095184928,0,-36.975399,-2.5804012e-15,0
0.5,0,26.729019,-0.0033876041,0,-36.480129,-4.8709066e-08,0
0.5,0,26.729046,-0.0033838814,0,-36.480931,-2.5804012e-15,0
0.5,0,26.728575,-0.0033432225,0,-36.470901,-6.3596269e-07,0
0.5,0,26.728012,-0.0032324216,0,-36.461672,-1.252346e-06,0
0.5,0,26.727341,-0.0030817206,0,-36.452444,-1.8988063e-06,0
0.5,0,26.726562,-0.0029266118,0,-36.443215,-2.5733494e-06,0
0.5,0,26.725681,-0.0028045457,0,-36.433987,-3.2705551e-06,0
0.5,0,26.72471,-0.0027402502,0,-36.424758,-3.9814368e-06,0
0.5,0,26.723676,-0.0027359419,0,-36.41553,-4.6949035e-06,0
0.5,0,26.722618,-0.0027724492,0,-36.406302,-5.3998448e-06,0
0.5,0,26.721592,-0.0028216282,0,-36.397073,-6.0869182e-06,0
0.5,0,26.720668,-0.0028597255,0,-36.387845,-6.7495894e-06,0
0.5,0,26.71992,-0.0028746926,0,-36.378616,-7.3844654e-06,0
0.5,0,26.719405,-0.0028673482,0,-36.369388,-7.9912968e-06,0
0.5,0,26.719147,-0.0028450072,0,-36.360159,-8.5725796e-06,0
0.5,0,26.719137,-0.0028145497,0,-36.350931,-9.1327277e-06,0
0.5,0,26.719341,-0.0027764609,0,-36.341702,-9.6766245e-06,0
0.5,0,26.719741,-0.0027247365,0,-36.332474,-1.020804e-05,0
0.5,0,26.720367,-0.0026553655,0,-36.323245,-1.0728689e-05,0
0.5,0,26.721321,-0.0025721966,0,-36.314017,-1.1238027e-05,0
0.5,0,26.722779,-0.0024859003,0,-36.304788,-1.1733956e-05,0
0.5,0,26.724966,-0.0024081515,0,-36.29556,-1.2214029e-05,0
0.5,0,26.728114,-0.0023440678,0,-36.286331,-1.2676371e-05,0
0.5,0,26.732421,-0.0022900096,0,-36.277103,-1.3120162e-05,0
0.5,0,26.737991,-0.0022379153,0,-36.267875,-1.35456e-05,0
0.5,0,26.744803,-0.0021809518,0,-36.258646,-1.3953041e-05,0
0.5,0,26.752708,-0.0021193266,0,-36.249418,-1.4341795e-05,0
0.5,0,26.76145,-0.0020626635,0,-36.240189,-1.4709256e-05,0
0.5,0,26.770709,-0.002023858,0,-36.230961,-1.5050635e-05,0
0.5,0,26.780143,-0.0020104049,0,-36.221732,-1.5359961e-05,0
0.5,0,26.789438,-0.0020192598,0,-36.212504,-1.5632191e-05,0
0.5,0,26.798341,-0.0020388385,0,-36.203275,-1.5865441e-05,0
0.5,0,26.806676,-0.0020553589,0,-36.194047,-1.6062195e-05,0
0.5,0,26.81433,-0.0020584101,0,-36.184818,-1.6229233e-05,0
0.5,0,26.82123,-0.002042296,0,-36.17559,-1.6376724e-05,0
0.5,0,26.827309,-0.002003516,0,-36.166361,-1.6516758e-05,0
0.5,0,26.832479,-0.0019409866,0,-36.157133,-1.6661357e-05,0
0.5,0,26.836604,-0.001857469,0,-36.147904,-1.6820097e-05,0
0.5,0,26.839514,-0.0017618746,0,-36.138676,-1.6998355e-05,0
0.5,0,26.841027,-0.0016696504,0,-36.129448,-1.7196763e-05,0
0.5,0,26.841,-0.0015960963,0,-36.120219,-1.7411492e-05,0
0.5,0,26.839366,-0.0015507847,0,-36.110991,-1.7635398e-05,0
0.5,0,26.836197,-0.0015407922,0,-36.101762,-1.7860126e-05,0
0.5,0,26.831754,-0.0015729565,0,-36.092534,-1.8078541e-05,0
0.5,0,26.826466,-0.0016486234,0,-36.083305,-1.828675e-05,0
0.5,0,26.82089,-0.0017463873,0,-36.074077,-1.8483351e-05,0
0.5,0,26.815561,-0.0018336533,0,-36.064848,-1.866677e-05,0
0.5,0,26.810975,-0.0018993236,0,-36.05562,-1.8835317e-05,0
0.5,0,26.807562,-0.0019460121,0,-36.046391,-1.8989235e-05,0
0.5,0,26.80546,-0.0019757557,0,-36.037163,-1.9131152e-05,0
0.5,0,26.804576,-0.0019869747,0,-36.027934,-1.9265549e-05,0
0.5,0,26.804775,-0.0019815024,0,-36.018706,-1.9398878e-05,0
0.5,0,26.806182,-0.0019800383,0,-36.009477,-1.9538345e-05,0
0.5,0,26.808644,-0.0019952622,0,-36.000249,-1.9690222e-05,0
0.5,0,26.811668,-0.0020169417,0,-35.991021,-1.9859783e-05,0
0.5,0,26.814966,-0.0020364185,0,-35.981792,-2.0050396e-05,0
0.5,0,26.818298,-0.0020529774,0,-35.972564,-2.0261807e-05,0
0.5,0,26.821483,-0.0020701793,0,-35.963335,-2.0490098e-05,0
0.5,0,26.824366,-0.0020955383,0,-35.954107,-2.0729167e-05,0
0.5,0,26.826794,-0.002137752,0,-35.944878,-2.0972005e-05,0
0.5,0,26.828601,-0.002196753,0,-35.93565,-2.1210833e-05,0
0.5,0,26.829601,-0.0022606044,0,-35.926421,-2.1437293e-05,0
0.5,0,26.829615,-0.0023140947,0,-35.917193,-2.1644032e-05,0
0.5,0,26.828477,-0.0023431844,0,-35.907964,-2.1826608e-05,0
0.5,0,26.826055,-0.0023352239,0,-35.898736,-2.1984284e-05,0
0.5,0,26.822281,-0.002284206,0,-35.889507,-2.2119648e-05,0
0.5,0,26.817184,-0.0021931189,0,-35.880279,-2.2237151e-05,0
0.5,0,26.810855,-0.002071406,0,-35.87105,-2.2341225e-05,0
0.5,0,26.803401,-0.001931761,0,-35.861822,-2.2435007e-05,0
0.5,0,26.794964,-0.0017872228,0,-35.852594,-2.251992e-05,0
0.5,0,26.785798,-0.0016500172,0,-35.843365,-2.2596189e-05,0
0.5,0,26.776262,-0.0015286282,0,-35.834137,-2.2663755e-05,0
0.5,0,26.766741,-0.0014264963,0,-35.824908,-2.2722537e-05,0
0.5,0,26.7576,-0.0013444626,0,-35.81568,-2.2772055e-05,0
0.5,0,26.749186,-0.0012823165,0,-35.806451,-2.2811254e-05,0
0.5,0,26.741819,-0.0012418006,0,-35.797223,-2.2838742e-05,0
0.5,0,26.735746,-0.0012232025,0,-35.787994,-2.2852895e-05,0
0.5,0,26.731099,-0.0012211357,0,-35.778766,-2.2851942e-05,0
0.5,0,26.727884,-0.0012261857,0,-35.769537,-2.2834053e-05,0
0.5,0,26.725973,-0.0012270501,0,-35.760309,-2.2797505e-05,0
0.5,0,26.725096,-0.0012270072,0,-35.75108,-2.274089e-05,0
0.5,0,26.72487,-0.0012239035,0,-35.741852,-2.2662995e-05,0
0.5,0,26.724917,-0.0012143789,0,-35.732623,-2.2563832e-05,0
0.5,0,26.724949,-0.0012051149,0,-35.723395,-2.2445234e-05,0
0.5,0,26.724739,-0.0011947268,0,-35.714167,-2.230902e-05,0
0.5,0,26.724104,-0.0011843573,0,-35.704938,-2.215537e-05,0
0.5,0,26.722945,-0.0011766824,0,-35.69571,-2.1983148e-05,0
0.5,0,26.72125,-0.0011745712,0,-35.686481,-2.1790669e-05,0
0.5,0,26.719057,-0.0011832698,0,-35.677253,-2.1575861e-05,0
0.5,0,26.716436,-0.001206875,0,-35.668024,-2.1335977e-05,0
0.5,0,26.71343,-0.0012464642,0,-35.658796,-2.1067924e-05,0
0.5,0,26.710154,-0.0012950112,0,-35.649567,-2.0769706e-05,0
0.5,0,26.706797,-0.0013391589,0,-35.640339,-2.0440545e-05,0
0.5,0,26.70354,-0.0013719647,0,-35.63111,-2.0080589e-05,0
0.5,0,26.70062,-0.0013899325,0,-35.621882,-1.969141e-05,0
0.5,0,26.698293,-0.0013890248,0,-35.612653,-1.9275743e-05,0
0.5,0,26.696834,-0.0013670717,0,-35.603425,-1.883709e-05,0
0.5,0,26.696481,-0.0013224525,0,-35.594196,-1.83792e-05,0
0.5,0,26.697355,-0.0012577882,0,-35.584968,-1.7905207e-05,0
0.5,0,26.699398,-0.0011826033,0,-35.57574,-1.7417042e-05,0
0.5,0,26.702331,-0.0011045956,0,-35.566511,-1.691553e-05,0
0.5,0,26.705643,-0.0010225302,0,-35.557283,-1.6400596e-05,0
0.5,0,26.708595,-0.00093114364,0,-35.548054,-1.5871558e-05,0
0.5,0,26.710261,-0.00082840531,0,-35.538826,-1.532768e-05,0
0.5,0,26.709603,-0.00071520657,0,-35.529597,-1.4768192e-05,0
0.5,0,26.705582,-0.00059369233,0,-35.520369,-1.4192245e-05,0
0.5,0,26.697286,-0.00046694765,0,-35.51114,-1.3599071e-05,0
0.5,0,26.68407,-0.00033891066,0,-35.501912,-1.2988154e-05,0
0.5,0,26.665705,-0.00021540519,0,-35.492683,-1.2359256e-05,0
0.5,0,26.64248,-9.9301299e-05,0,-35.483455,-1.1711967e-05,0
0.5,0,26.615233,1.3641779e-05,0,-35.474226,-1.1044292e-05,0
0.5,0,26.585363,0.00012463407,0,-35.464998,-1.0351231e-05,0
0.5,0,26.55445,0.00017849984,0,-35.455769,-9.6309945e-06,0
0.5,0,26.524311,0.00016969742,0,-35.446541,-8.882928e-06,0
0.5,0,26.496395,0.00016074252,0,-35.437312,-8.1032216e-06,0
0.5,0,26.471949,0.00016555828,0,-35.428084,-7.2917817e-06,0
0.5,0,26.45206,0.00018160111,0,-35.418856,-6.4520797e-06,0
0.5,0,26.436714,0.00020483169,0,-35.409627,-5.5895335e-06,0
0.5,0,26.425383,0.00023727786,0,-35.400399,-4.7131413e-06,0
0.5,0,26.417281,0.00028867459,0,-35.39117,-3.8348349e-06,0
0.5,0,26.41147,0.00036224707,0,-35.381942,-2.9670899e-06,0
0.5,0,26.407007,0.00045027535,0,-35.372713,-2.1211471e-06,0
0.5,0,26.402996,0.00053371842,0,-35.363485,-1.305728e-06,0
0.5,0,26.398746,0.00057685921,0,-35.354256,-5.2698414e-07,0
0.5,0,26.395217,0.00056843339,0,-35.347669,-2.5804012e-15,0
0.5,0,26.659113,-0.0019603525,0,-33.185567,-1.5790354e-08,0
0.5,0,26.659154,-0.0019583695,0,-33.185904,-2.5804012e-15,0
0.5,0,26.65859,-0.0020098564,0,-33.176338,-4.4275461e-07,0
0.5,0,26.658872,-0.0020442684,0,-33.16711,-8.5588178e-07,0
0.5,0,26.660141,-0.0020814922,0,-33.157881,-1.2470052e-06,0
0.5,0,26.66253,-0.0021145501,0,-33.148653,-1.6097146e-06,0
0.5,0,26.666101,-0.002137965,0,-33.139424,-1.9392669e-06,0
0.5,0,26.670818,-0.0021477748,0,-33.130196,-2.233441e-06,0
0.5,0,26.676544,-0.0021422281,0,-33.120967,-2.4924996e-06,0
0.5,0,26.683055,-0.0021263109,0,-33.111739,-2.7182498e-06,0
0.5,0,26.690069,-0.0021109642,0,-33.10251,-2.9131658e-06,0
0.5,0,26.697275,-0.002106501,0,-33.093282,-3.0801825e-06,0
0.5,0,26.704346,-0.0021168052,0,-33.084053,-3.2231475e-06,0
0.5,0,26.710849,-0.0021382241,0,-33.074825,-3.3473807e-06,0
0.5,0,26.71666,-0.0021494713,0,-33.065597,-3.4592825e-06,0
0.5,0,26.721941,-0.0021346167,0,-33.056368,-3.5645143e-06,0
0.5,0,26.726633,-0.0020997572,0,-33.04714,-3.6667085e-06,0
0.5,0,26.730685,-0.002050526,0,-33.037911,-3.7677658e-06,0
0.5,0,26.734166,-0.0019912875,0,-33.028683,-3.8682344e-06,0
0.5,0,26.737219,-0.0019311547,0,-33.019454,-3.9679616e-06,0
0.5,0,26.740017,-0.0018779166,0,-33.010226,-4.0667381e-06,0
0.5,0,26.742691,-0.0018337337,0,-33.000997,-4.1643135e-06,0
0.5,0,26.745363,-0.0017973433,0,-32.991769,-4.2601762e-06,0
0.5,0,26.748144,-0.0017636349,0,-32.98254,-4.3529386e-06,0
0.5,0,26.7511,-0.0017298308,0,-32.973312,-4.4404504e-06,0
0.5,0,26.754256,-0.0017007216,0,-32.964083,-4.5213622e-06,0
0.5,0,26.757643,-0.001681426,0,-32.954855,-4.5965687e-06,0
0.5,0,26.761311,-0.0016686622,0,-32.945626,-4.6690002e-06,0
0.5,0,26.765305,-0.0016549137,0,-32.936398,-4.7424222e-06,0
0.5,0,26.769627,-0.0016368212,0,-32.92717,-4.8206145e-06,0
0.5,0,26.77423,-0.0016143422,0,-32.917941,-4.9069766e-06,0
0.5,0,26.779012,-0.0015859004,0,-32.908713,-5.004038e-06,0
0.5,0,26.783783,-0.0015482882,0,-32.899484,-5.1130574e-06,0
0.5,0,26.788287,-0.0015074243,0,-32.890256,-5.2338475e-06,0
0.5,0,26.792167,-0.0014721282,0,-32.881027,-5.3646195e-06,0
0.5,0,26.795032,-0.0014540346,0,-32.871799,-5.5018759e-06,0
0.5,0,26.796686,-0.0014687801,0,-32.86257,-5.6404688e-06,0
0.5,0,26.796749,-0.0015007896,0,-32.853342,-5.7744289e-06,0
0.5,0,26.795007,-0.001538787,0,-32.844113,-5.8984111e-06,0
0.5,0,26.791604,-0.0015893695,0,-32.834885,-6.0091079e-06,0
0.5,0,26.78666,-0.0016420652,0,-32.825656,-6.1057881e-06,0
0.5,0,26.780477,-0.0016865343,0,-32.816428,-6.1894539e-06,0
0.5,0,26.77348,-0.001719123,0,-32.807199,-6.2614254e-06,0
0.5,0,26.76613,-0.001739398,0,-32.797971,-6.3224234e-06,0
0.5,0,26.758864,-0.0017466171,0,-32.788743,-6.3725407e-06,0
0.5,0,26.752044,-0.001738028,0,-32.779514,-6.4117361e-06,0
0.5,0,26.745923,-0.0017118457,0,-32.770286,-6.4404362e-06,0
0.5,0,26.740631,-0.0016704048,0,-32.761057,-6.4599924e-06,0
0.5,0,26.73619,-0.0016197121,0,-32.751829,-6.4729065e-06,0
0.5,0,26.732536,-0.0015646518,0,-32.7426,-6.4824184e-06,0
0.5,0,26.729555,-0.0015067617,0,-32.733372,-6.491586e-06,0
0.5,0,26.727109,-0.0014477726,0,-32.724143,-6.502386e-06,0
0.5,0,26.725038,-0.0013928659,0,-32.714915,-6.515289e-06,0
0.5,0,26.723203,-0.0013494579,0,-32.705686,-6.5293362e-06,0
0.5,0,26.721524,-0.0013238607,0,-32.696458,-6.5424198e-06,0
0.5,0,26.719946,-0.0013183727,0,-32.687229,-6.5518184e-06,0
0.5,0,26.718428,-0.0013299623,0,-32.678001,-6.5547246e-06,0
0.5,0,26.716964,-0.001352154,0,-32.668772,-6.5483882e-06,0
0.5,0,26.715575,-0.0013797528,0,-32.659544,-6.5300523e-06,0
0.5,0,26.714279,-0.0014128929,0,-32.650316,-6.4970532e-06,0
0.5,0,26.713084,-0.0014564158,0,-32.641087,-6.4471634e-06,0
0.5,0,26.711993,-0.0015166278,0,-32.631859,-6.3790511e-06,0
0.5,0,26.711017,-0.0015975647,0,-32.62263,-6.2924653e-06,0
0.5,0,26.710172,-0.001699425,0,-32.613402,-6.1878367e-06,0
0.5,0,26.709479,-0.0018186535,0,-32.604173,-6.0655347e-06,0
0.5,0,26.708962,-0.0019487383,0,-32.594945,-5.9254822e-06,0
0.5,0,26.708649,-0.0020808793,0,-32.585716,-5.7675241e-06,0
0.5,0,26.70857,-0.0022046247,0,-32.576488,-5.5923373e-06,0
0.5,0,26.708757,-0.0023100123,0,-32.567259,-5.4023309e-06,0
0.5,0,26.709243,-0.0023902278,0,-32.558031,-5.2018981e-06,0
0.5,0,26.710038,-0.0024429864,0,-32.548802,-4.9969145e-06,0
0.5,0,26.71113,-0.0024684013,0,-32.539574,-4.7936391e-06,0
0.5,0,26.712503,-0.0024660296,0,-32.530345,-4.5972497e-06,0
0.5,0,26.714137,-0.0024351063,0,-32.521117,-4.4104846e-06,0
0.5,0,26.716009,-0.0023799468,0,-32.511889,-4.2331974e-06,0
0.5,0,26.718093,-0.0023128677,0,-32.50266,-4.0631941e-06,0
0.5,0,26.720371,-0.0022488761,0,-32.493432,-3.8975347e-06,0
0.5,0,26.722829,-0.002197542,0,-32.484203,-3.7332295e-06,0
0.5,0,26.725463,-0.0021601953,0,-32.474975,-3.5673318e-06,0
0.5,0,26.728265,-0.0021378372,0,-32.465746,-3.3973333e-06,0
0.5,0,26.731238,-0.0021355393,0,-32.456518,-3.2222044e-06,0
0.5,0,26.734396,-0.0021554087,0,-32.447289,-3.0427596e-06,0
0.5,0,26.737753,-0.0021925366,0,-32.438061,-2.8600815e-06,0
0.5,0,26.741313,-0.002233403,0,-32.428832,-2.6741699e-06,0
0.5,0,26.745054,-0.0022609748,0,-32.419604,-2.4850325e-06,0
0.5,0,26.748945,-0.0022737835,0,-32.410375,-2.2936325e-06,0
0.5,0,26.752916,-0.0022913772,0,-32.401147,-2.101879e-06,0
0.5,0,26.756852,-0.0023272759,0,-32.391918,-1.9122311e-06,0
0.5,0,26.760661,-0.0023599556,0,-32.38269,-1.7281e-06,0
0.5,0,26.76431,-0.0023691111,0,-32.373462,-1.553638e-06,0
0.5,0,26.767803,-0.0023646586,0,-32.364233,-1.3917257e-06,0
0.5,0,26.771143,-0.0023590447,0,-32.355005,-1.2429898e-06,0
0.5,0,26.774332,-0.0023584676,0,-32.345776,-1.1061319e-06,0
0.5,0,26.77738,-0.00236651,0,-32.336548,-9.7880652e-07,0
0.5,0,26.780312,-0.0023831442,0,-32.327319,-8.5844368e-07,0
0.5,0,26.783153,-0.0024039586,0,-32.318091,-7.4323151e-07,0
0.5,0,26.785933,-0.0024229564,0,-32.308862,-6.3280849e-07,0
0.5,0,26.788679,-0.0024364868,0,-32.299634,-5.2809057e-07,0
0.5,0,26.791418,-0.0024441273,0,-32.290405,-4.3044369e-07,0
0.5,0,26.794178,-0.0024465669,0,-32.281177,-3.4086593e-07,0
0.5,0,26.796986,-0.002444176,0,-32.271948,-2.5963212e-07,0
0.5,0,26.799872,-0.0024392059,0,-32.26272,-1.8636815e-07,0
0.5,0,26.802859,-0.002440048,0,-32.253491,-1.2037777e-07,0
0.5,0,26.805965,-0.0024602414,0,-32.244263,-6.1115667e-08,0
0.5,0,26.8092,-0.0025013911,0,-32.235035,-8.2238997e-09,0
0.5,0,26.809779,-0.0025110861,0,-32.233453,-2.5804012e-15,0
0.5,0,26.868116,-0.0026913676,0,-32.068922,-7.3472497e-08,0
0.5,0,26.866435,-0.0027396298,0,-32.077295,-2.5804012e-15,0
0.5,0,26.869924,-0.0026369838,0,-32.059694,-1.6790524e-07,0
0.5,0,26.87179,-0.0025819409,0,-32.050465,-2.7645883e-07,0
0.5,0,26.873952,-0.002535658,0,-32.041237,-3.9896182e-07,0
0.5,0,26.876624,-0.0025047919,0,-32.032008,-5.354759e-07,0
0.5,0,26.8799,-0.0024901637,0,-32.02278,-6.8664704e-07,0
0.5,0,26.883983,-0.0024848612,0,-32.013551,-8.5246307e-07,0
0.5,0,26.88906,-0.00247776,0,-32.004323,-1.0317701e-06,0
0.5,0,26.89544,-0.0024632163,0,-31.995094,-1.2227962e-06,0
0.5,0,26.903369,-0.0024397979,0,-31.985866,-1.4233024e-06,0
0.5,0,26.912869,-0.0024063919,0,-31.976637,-1.6306908e-06,0
0.5,0,26.923845,-0.002363906,0,-31.967409,-1.8422277e-06,0
0.5,0,26.93624,-0.0023170977,0,-31.958181,-2.055082e-06,0
0.5,0,26.950064,-0.0022743213,0,-31.948952,-2.266513e-06,0
0.5,0,26.965333,-0.0022454927,0,-31.939724,-2.4744377e-06,0
0.5,0,26.982058,-0.0022387273,0,-31.930495,-2.6778474e-06,0
0.5,0,27.000259,-0.0022570242,0,-31.921267,-2.8764454e-06,0
0.5,0,27.019972,-0.0022990759,0,-31.912038,-3.0697946e-06,0
0.5,0,27.041218,-0.0023651295,0,-31.90281,-3.2569289e-06,0
0.5,0,27.063997,-0.0024594869,0,-31.893581,-3.4367557e-06,0
0.5,0,27.088263,-0.0025838328,0,-31.884353,-3.6088048e-06,0
0.5,0,27.113838,-0.002729906,0,-31.875124,-3.7734369e-06,0
0.5,0,27.14042,-0.0028813822,0,-31.865896,-3.9323963e-06,0
0.5,0,27.167712,-0.003024621,0,-31.856667,-4.088106e-06,0
0.5,0,27.195402,-0.0031510248,0,-31.847439,-4.2424768e-06,0
0.5,0,27.22308,-0.0032593158,0,-31.83821,-4.3975559e-06,0
0.5,0,27.250309,-0.003353309,0,-31.828982,-4.5548897e-06,0
0.5,0,27.276647,-0.0034234525,0,-31.819754,-4.7152879e-06,0
0.5,0,27.301671,-0.0034589627,0,-31.810525,-4.8787499e-06,0
0.5,0,27.32503,-0.0034652865,0,-31.801297,-5.0441449e-06,0
0.5,0,27.346423,-0.0034517737,0,-31.792068,-5.2097676e-06,0
0.5,0,27.365524,-0.0034252912,0,-31.78284,-5.372644e-06,0
0.5,0,27.381881,-0.0033871075,0,-31.773611,-5.528439e-06,0
0.5,0,27.394854,-0.0033307943,0,-31.764383,-5.6735805e-06,0
0.5,0,27.403602,-0.0032483217,0,-31.755154,-5.8062572e-06,0
0.5,0,27.407118,-0.0031444458,0,-31.745926,-5.927077e-06,0
0.5,0,27.404618,-0.0030326492,0,-31.736697,-6.0403442e-06,0
0.5,0,27.395915,-0.0029138076,0,-31.727469,-6.1521467e-06,0
0.5,0,27.381465,-0.0027806376,0,-31.71824,-6.2682985e-06,0
0.5,0,27.362231,-0.0026308901,0,-31.709012,-6.39342e-06,0
0.5,0,27.339448,-0.0024721232,0,-31.699783,-6.5294294e-06,0
0.5,0,27.314431,-0.002316525,0,-31.690555,-6.6758538e-06,0
0.5,0,27.288442,-0.0021721712,0,-31.681327,-6.831204e-06,0
0.5,0,27.262562,-0.0020302696,0,-31.672098,-6.9938253e-06,0
0.5,0,27.23763,-0.0018840817,0,-31.66287,-7.1596826e-06,0
0.5,0,27.214336,-0.0017516164,0,-31.653641,-7.3211107e-06,0
0.5,0,27.193227,-0.0016531442,0,-31.644413,-7.4718144e-06,0
0.5,0,27.174589,-0.0015894992,0,-31.635184,-7.6099962e-06,0
0.5,0,27.158411,-0.0015485505,0,-31.625956,-7.7364442e-06,0
0.5,0,27.144498,-0.0015190323,0,-31.616727,-7.8529228e-06,0
0.5,0,27.13256,-0.0014895218,0,-31.607499,-7.9621423e-06,0
0.5,0,27.122258,-0.0014488152,0,-31.59827,-8.0674994e-06,0
0.5,0,27.113248,-0.0013878443,0,-31.589042,-8.1719517e-06,0
0.5,0,27.105231,-0.0013042947,0,-31.579813,-8.2778835e-06,0
0.5,0,27.097987,-0.0012031866,0,-31.570585,-8.3878497e-06,0
0.5,0,27.091397,-0.0010950959,0,-31.561356,-8.5041918e-06,0
0.5,0,27.085444,-0.00099709114,0,-31.552128,-8.6278212e-06,0
0.5,0,27.080186,-0.00091964584,0,-31.5429,-8.7571521e-06,0
0.5,0,27.075716,-0.00085749673,0,-31.533671,-8.8878678e-06,0
0.5,0,27.072131,-0.0008001844,0,-31.524443,-9.0136324e-06,0
0.5,0,27.069509,-0.00074055098,0,-31.515214,-9.1267409e-06,0
0.5,0,27.067878,-0.00067568586,0,-31.505986,-9.2184246e-06,0
0.5,0,27.067186,-0.0006136459,0,-31.496757,-9.2803984e-06,0
0.5,0,27.067312,-0.00057452494,0,-31.487529,-9.30676e-06,0
0.5,0,27.068075,-0.00057291448,0,-31.4783,-9.294653e-06,0
0.5,0,27.069208,-0.00060523817,0,-31.469072,-9.244524e-06,0
0.5,0,27.070367,-0.00065960897,0,-31.459843,-9.1586254e-06,0
0.5,0,27.071163,-0.0007266244,0,-31.450615,-9.0383651e-06,0
0.5,0,27.071211,-0.00079781876,0,-31.441386,-8.8843221e-06,0
0.5,0,27.07015,-0.00086607453,0,-31.432158,-8.6973024e-06,0
0.5,0,27.067636,-0.00093466407,0,-31.422929,-8.4777851e-06,0
0.5,0,27.063398,-0.0010238498,0,-31.413701,-8.2270811e-06,0
0.5,0,27.057266,-0.0011327962,0,-31.404473,-7.9476298e-06,0
0.5,0,27.049247,-0.0012476585,0,-31.395244,-7.6433669e-06,0
0.5,0,27.039594,-0.0013716534,0,-31.386016,-7.3197597e-06,0
0.5,0,27.028726,-0.0014985686,0,-31.376787,-6.9815885e-06,0
0.5,0,27.017082,-0.0016166087,0,-31.367559,-6.6338764e-06,0
0.5,0,27.005103,-0.0017204537,0,-31.35833,-6.2826668e-06,0
0.5,0,26.993302,-0.0018047787,0,-31.349102,-5.9337309e-06,0
0.5,0,26.982254,-0.0018621916,0,-31.339873,-5.5925075e-06,0
0.5,0,26.972459,-0.0018914174,0,-31.330645,-5.2650304e-06,0
0.5,0,26.964227,-0.0019014095,0,-31.321416,-4.9571626e-06,0
0.5,0,26.957663,-0.0019086723,0,-31.312188,-4.672884e-06,0
0.5,0,26.952705,-0.0019250969,0,-31.302959,-4.4137236e-06,0
0.5,0,26.949182,-0.0019513086,0,-31.293731,-4.1800038e-06,0
0.5,0,26.946867,-0.001985839,0,-31.284502,-3.9722314e-06,0
0.5,0,26.945509,-0.0020305467,0,-31.275274,-3.7906793e-06,0
0.5,0,26.944852,-0.0020861224,0,-31.266046,-3.6342146e-06,0
0.5,0,26.944677,-0.0021462713,0,-31.256817,-3.5001612e-06,0
0.5,0,26.944842,-0.0022018735,0,-31.247589,-3.3852002e-06,0
0.5,0,26.945282,-0.0022462429,0,-31.23836,-3.285907e-06,0
0.5,0,26.945997,-0.0022766415,0,-31.229132,-3.1989704e-06,0
0.5,0,26.947023,-0.0022918837,0,-31.219903,-3.1215486e-06,0
0.5,0,26.948406,-0.0022885014,0,-31.210675,-3.0513218e-06,0
0.5,0,26.950183,-0.0022662416,0,-31.201446,-2.9863072e-06,0
0.5,0,26.952369,-0.0022330996,0,-31.192218,-2.9256073e-06,0
0.5,0,26.954919,-0.00220744,0,-31.182989,-2.8704735e-06,0
0.5,0,26.957702,-0.0022101548,0,-31.173761,-2.8228589e-06,0
0.5,0,26.960502,-0.0022426807,0,-31.164532,-2.7836659e-06,0
0.5,0,26.963035,-0.0022884885,0,-31.155304,-2.7535082e-06,0
0.5,0,26.964978,-0.0023303411,0,-31.146075,-2.7336605e-06,0
0.5,0,26.966023,-0.0023570653,0,-31.136847,-2.7258556e-06,0
0.5,0,26.965933,-0.0023672879,0,-31.127619,-2.7317589e-06,0
0.5,0,26.964596,-0.0023682108,0,-31.11839,-2.7524039e-06,0
0.5,0,26.96206,-0.0023688237,0,-31.109162,-2.7877903e-06,0
0.5,0,26.958535,-0.0023758533,0,-31.099933,-2.837311e-06,0
0.5,0,26.954358,-0.0023916547,0,-31.090705,-2.9000595e-06,0
0.5,0,26.949935,-0.0024149648,0,-31.081476,-2.9743239e-06,0
0.5,0,26.94567,-0.002443633,0,-31.072248,-3.0571012e-06,0
0.5,0,26.941899,-0.0024727318,0,-31.063019,-3.143775e-06,0
0.5,0,26.938842,-0.0024938122,0,-31.053791,-3.2282943e-06,0
0.5,0,26.936592,-0.0024967134,0,-31.044562,-3.3044224e-06,0
0.5,0,26.935126,-0.0024741857,0,-31.035334,-3.3676799e-06,0
0.5,0,26.934343,-0.0024292428,0,-31.026105,-3.4169484e-06,0
0.5,0,26.93409,-0.0023721192,0,-31.016877,-3.4552006e-06,0
0.5,0,26.93418,-0.0023068868,0,-31.007648,-3.4879699e-06,0
0.5,0,26.934431,-0.0022291121,0,-30.99842,-3.5209709e-06,0
0.5,0,26.934693,-0.0021360833,0,-30.989192,-3.5602931e-06,0
0.5,0,26.934839,-0.0020279491,0,-30.979963,-3.6123308e-06,0
0.5,0,26.934747,-0.0019014798,0,-30.970735,-3.6812771e-06,0
0.5,0,26.934301,-0.0017561691,0,-30.961506,-3.7682823e-06,0
0.5,0,26.933424,-0.0016058805,0,-30.952278,-3.8726884e-06,0
0.5,0,26.932093,-0.0014731364,0,-30.943049,-3.9923894e-06,0
0.5,0,26.93032,-0.0013741486,0,-30.933821,-4.1239571e-06,0
0.5,0,26.928151,-0.0013149079,0,-30.924592,-4.2630738e-06,0
0.5,0,26.925678,-0.0012964791,0,-30.915364,-4.40467e-06,0
0.5,0,26.923035,-0.0013167667,0,-30.906135,-4.5430879e-06,0
0.5,0,26.920387,-0.0013678516,0,-30.896907,-4.6728468e-06,0
0.5,0,26.917896,-0.0014374838,0,-30.887678,-4.7897674e-06,0
0.5,0,26.915701,-0.0015132012,0,-30.87845,-4.8917566e-06,0
0.5,0,26.913899,-0.0015842012,0,-30.869221,-4.9792075e-06,0
0.5,0,26.912539,-0.0016412896,0,-30.859993,-5.0550247e-06,0
0.5,0,26.911615,-0.0016783493,0,-30.850765,-5.1241179e-06,0
0.5,0,26.911082,-0.0016935148,0,-30.841536,-5.1922135e-06,0
0.5,0,26.910853,-0.0016887159,0,-30.832308,-5.2643175e-06,0
0.5,0,26.910827,-0.0016660641,0,-30.823079,-5.3433893e-06,0
0.5,0,26.910893,-0.0016237926,0,-30.813851,-5.4295795e-06,0
0.5,0,26.91095,-0.0015578903,0,-30.804622,-5.520353e-06,0
0.5,0,26.910904,-0.0014722106,0,-30.795394,-5.611824e-06,0
0.5,0,26.910679,-0.0013825653,0,-30.786165,-5.7005086e-06,0
0.5,0,26.910197,-0.0013089271,0,-30.776937,-5.7847136e-06,0
0.5,0,26.909413,-0.0012711557,0,-30.767708,-5.8657182e-06,0
0.5,0,26.908324,-0.0012680214,0,-30.75848,-5.948363e-06,0
0.5,0,26.906906,-0.0012728501,0,-30.749251,-6.0361394e-06,0
0.5,0,26.905137,-0.0012775709,0,-30.740023,-6.1280542e-06,0
0.5,0,26.90302,-0.0012772265,0,-30.730794,-6.2206688e-06,0
0.5,0,26.900562,-0.0012530602,0,-30.721566,-6.3103902e-06,0
0.5,0,26.897799,-0.0012014241,0,-30.712338,-6.3959913e-06,0
0.5,0,26.894755,-0.0011326161,0,-30.703109,-6.4784215e-06,0
0.5,0,26.891498,-0.0010601546,0,-30.693881,-6.5597185e-06,0
0.5,0,26.888124,-0.00099015369,0,-30.684652,-6.6423416e-06,0
0.5,0,26.884701,-0.00092353911,0,-30.675424,-6.7285055e-06,0
0.5,0,26.881315,-0.00086478837,0,-30.666195,-6.8192426e-06,0
0.5,0,26.878037,-0.00081999822,0,-30.656967,-6.9139174e-06,0
0.5,0,26.874916,-0.00079177335,0,-30.647738,-7.0107304e-06,0
0.5,0,26.871985,-0.00077852555,0,-30.63851,-7.1077264e-06,0
0.5,0,26.869251,-0.00077561116,0,-30.629281,-7.2034083e-06,0
0.5,0,26.866701,-0.00077745522,0,-30.620053,-7.2966747e-06,0
0.5,0,26.864305,-0.00077818619,0,-30.610824,-7.3862284e-06,0
0.5,0,26.862023,-0.00077305799,0,-30.601596,-7.4700402e-06,0
0.5,0,26.859812,-0.00076287569,0,-30.592367,-7.5455651e-06,0
0.5,0,26.857635,-0.00075540665,0,-30.583139,-7.6106047e-06,0
0.5,0,26.855458,-0.00075785369,0,-30.57391,-7.6637071e-06,0
0.5,0,26.853249,-0.00076606137,0,-30.564682,-7.7027539e-06,0
0.5,0,26.850988,-0.00076983858,0,-30.555454,-7.7235578e-06,0
0.5,0,26.848693,-0.00077369269,0,-30.546225,-7.7217042e-06,0
0.5,0,26.846402,-0.00078216388,0,-30.536997,-7.6966681e-06,0
0.5,0,26.844131,-0.00078780892,0,-30.527768,-7.6503284e-06,0
0.5,0,26.841889,-0.00079306001,0,-30.51854,-7.5837131e-06,0
0.5,0,26.83971,-0.00080163135,0,-30.509311,-7.4967155e-06,0
0.5,0,26.837665,-0.00082008592,0,-30.500083,-7.3889031e-06,0
0.5,0,26.835816,-0.00084580877,0,-30.490854,-7.2597928e-06,0
0.5,0,26.834173,-0.0008654225,0,-30.481626,-7.1087298e-06,0
0.5,0,26.832725,-0.00088041645,0,-30.472397,-6.9368531e-06,0
0.5,0,26.831484,-0.00089345897,0,-30.463169,-6.7474604e-06,0
0.5,0,26.830486,-0.00089976954,0,-30.45394,-6.5447301e-06,0
0.5,0,26.829762,-0.0008951751,0,-30.444712,-6.3325947e-06,0
0.5,0,26.82934,-0.0008825199,0,-30.435483,-6.114311e-06,0
0.5,0,26.829237,-0.00086755404,0,-30.426255,-5.8925985e-06,0
0.5,0,26.829464,-0.00085176812,0,-30.417027,-5.6702267e-06,0
0.5,0,26.830024,-0.0008320729,0,-30.407798,-5.4504646e-06,0
0.5,0,26.830919,-0.00080699837,0,-30.39857,-5.2366927e-06,0
0.5,0,26.832137,-0.00078068156,0,-30.389341,-5.0313142e-06,0
0.5,0,26.833649,-0.00076134785,0,-30.380113,-4.8348702e-06,0
0.5,0,26.835409,-0.00075669462,0,-30.370884,-4.6458632e-06,0
0.5,0,26.83736,-0.00076959114,0,-30.361656,-4.4612249e-06,0
0.5,0,26.839436,-0.00079730062,0,-30.352427,-4.2771429e-06,0
0.5,0,26.841565,-0.00083462352,0,-30.343199,-4.0898017e-06,0
0.5,0,26.843675,-0.00087721139,0,-30.33397,-3.8956579e-06,0
0.5,0,26.845702,-0.00092315801,0,-30.324742,-3.6914299e-06,0
0.5,0,26.84761,-0.00097275412,0,-30.315513,-3.4741925e-06,0
0.5,0,26.849394,-0.001027424,0,-30.306285,-3.2416977e-06,0
0.5,0,26.851084,-0.0010888429,0,-30.297056,-2.99275e-06,0
0.5,0,26.852728,-0.0011573905,0,-30.287828,-2.7272936e-06,0
0.5,0,26.854368,-0.0012317006,0,-30.2786,-2.4461127e-06,0
0.5,0,26.856094,-0.0013092793,0,-30.269371,-2.1503911e-06,0
0.5,0,26.857876,-0.0013898312,0,-30.260143,-1.8413803e-06,0
0.5,0,26.859789,-0.0014788369,0,-30.250914,-1.5207685e-06,0
0.5,0,26.861922,-0.0015779481,0,-30.241686,-1.1906285e-06,0
0.5,0,26.864195,-0.0016799498,0,-30.232457,-8.5269313e-07,0
0.5,0,26.866624,-0.0017816808,0,-30.223229,-5.0815137e-07,0
0.5,0,26.869199,-0.001879986,0,-30.214,-1.5902295e-07,0
0.5,0,26.870416,-0.0019154259,0,-30.20983,-2.5804012e-15,0
0.5,0,27.123008,-0.0098148797,0,-4.9926005,-1.9311845e-06,0
0.5,0,27.119204,-0.016574175,0,-4.9994868,-2.5804012e-15,0
0.5,0,27.12648,-0.00068109479,0,-4.9833721,-2.762129e-06,0
0.5,0,27.128912,0.0080982402,0,-4.9741436,-1.7833561e-06,0
0.5,0,27.129569,0.01381292,0,-4.9681795,-2.5804012e-15,0
0.5,0,27.114135,-0.014324575,0,-4.724975,-2.3498462e-06,0
0.5,0,27.118955,-0.020269913,0,-4.7316642,-2.5804012e-15,0
0.5,0,27.105739,-0.0058991952,0,-4.7157465,-3.8484054e-06,0
0.5,0,27.096989,0.0023285458,0,-4.7065181,-3.5284533e-06,0
0.5,0,27.088026,0.010763747,0,-4.6972896,-1.369615e-06,0
0.5,0,27.0847,0.013750851,0,-4.6940807,-2.5804012e-15,0
0.5,0,26.884062,-0.029568188,0,-3.7928999,-1.2558298e-06,0
0.5,0,26.882753,-0.030788229,0,-3.7943616,-2.5804012e-15,0
0.5,0,26.889413,-0.0204316,0,-3.7836714,-7.4511971e-06,0
0.5,0,26.892885,-0.01186352,0,-3.7744429,-1.172046e-05,0
0.5,0,26.896066,-0.0034397372,0,-3.7652145,-1.3887322e-05,0
0.5,0,26.899015,0.0051648456,0,-3.755986,-1.3831041e-05,0
0.5,0,26.900847,0.013980836,0,-3.7467575,-1.1534374e-05,0
0.5,0,26.900527,0.023060412,0,-3.7375291,-7.0417309e-06,0
0.5,0,26.89732,0.032054998,0,-3.7283006,-4.3695193e-07,0
0.5,0,26.897047,0.032432269,0,-3.7278307,-2.5804012e-15,0
0.5,0,26.975803,-0.054010175,0,-3.4422181,-4.4960886e-06,0
0.5,0,26.972981,-0.055786593,0,-3.4451847,-2.5804012e-15,0
0.5,0,26.979848,-0.045917149,0,-3.4329896,-1.7090236e-05,0
0.5,0,26.980609,-0.038094223,0,-3.4237612,-2.8030649e-05,0
0.5,0,26.980847,-0.030215323,0,-3.4145327,-3.7010545e-05,0
0.5,0,26.981266,-0.021788402,0,-3.4053042,-4.3758783e-05,0
0.5,0,26.981538,-0.012708565,0,-3.3960758,-4.8117743e-05,0
0.5,0,26.981727,-0.0031999718,0,-3.3868473,-4.9986092e-05,0
0.5,0,26.982345,0.0064714012,0,-3.3776188,-4.9291319e-05,0
0.5,0,26.983724,0.01614979,0,-3.3683904,-4.6002531e-05,0
0.5,0,26.985662,0.025765333,0,-3.3591619,-4.0156058e-05,0
0.5,0,26.98754,0.035185405,0,-3.3499334,-3.1869482e-05,0
0.5,0,26.988405,0.044336033,0,-3.340705,-2.1333834e-05,0
0.5,0,26.986683,0.053309855,0,-3.3314765,-8.7589568e-06,0
0.5,0,26.983851,0.057998756,0,-3.3258538,-2.5804012e-15,0
0.5,0,27.003622,-0.074582141,0,-3.045394,-1.167282e-05,0
0.5,0,26.997366,-0.077593461,0,-3.0509957,-2.5804012e-15,0
0.5,0,27.007609,-0.067279992,0,-3.0361656,-2.9764421e-05,0
0.5,0,27.008017,-0.060741599,0,-3.0269371,-4.642243e-05,0
0.5,0,27.008024,-0.054002783,0,-3.0177086,-6.1254252e-05,0
0.5,0,27.007895,-0.046255252,0,-3.0084802,-7.3941905e-05,0
0.5,0,27.007233,-0.037355505,0,-2.9992517,-8.4272633e-05,0
0.5,0,27.006532,-0.027683208,0,-2.9900232,-9.2060788e-05,0
0.5,0,27.006948,-0.01765826,0,-2.9807948,-9.7130529e-05,0
0.5,0,27.009346,-0.0075125956,0,-2.9715663,-9.9336483e-05,0
0.5,0,27.013746,0.0027521903,0,-2.9623378,-9.8591639e-05,0
0.5,0,27.019537,0.013163625,0,-2.9531094,-9.4876011e-05,0
0.5,0,27.026366,0.023579641,0,-2.9438809,-8.8218793e-05,0
0.5,0,27.033381,0.033801718,0,-2.9346524,-7.8687025e-05,0
0.5,0,27.039772,0.043663423,0,-2.925424,-6.6401767e-05,0
0.5,0,27.045209,0.053024721,0,-2.9161955,-5.1557973e-05,0
0.5,0,27.048704,0.061995185,0,-2.906967,-3.4425411e-05,0
0.5,0,27.048407,0.070907245,0,-2.8977386,-1.5276538e-05,0
0.5,0,27.044876,0.076563366,0,-2.8909857,-2.5804012e-15,0
0.5,0,26.790591,-0.10036287,0,-2.5931992,-1.9324839e-05,0
0.5,0,26.782616,-0.10247023,0,-2.5996025,-2.5804012e-15,0
0.5,0,26.794962,-0.094159144,0,-2.5839707,-4.6299396e-05,0
0.5,0,26.794786,-0.08853474,0,-2.5747422,-7.2013106e-05,0
0.5,0,26.793438,-0.082752061,0,-2.5655138,-9.594986e-05,0
0.5,0,26.790825,-0.075671596,0,-2.5562853,-0.0001177329,0
0.5,0,26.786346,-0.067003857,0,-2.5470568,-0.00013709842,0
0.5,0,26.780568,-0.057130203,0,-2.5378284,-0.00015378377,0
0.5,0,26.774786,-0.046450932,0,-2.5285999,-0.00016750239,0
0.5,0,26.770007,-0.035147312,0,-2.5193714,-0.00017797084,0
0.5,0,26.76663,-0.023207331,0,-2.510143,-0.00018495583,0
0.5,0,26.764745,-0.010681116,0,-2.5009145,-0.00018830091,0
0.5,0,26.764374,0.0021626058,0,-2.491686,-0.00018791591,0
0.5,0,26.765473,0.015019229,0,-2.4824576,-0.00018376244,0
0.5,0,26.767883,0.027770207,0,-2.4732291,-0.00017585896,0
0.5,0,26.771313,0.040406119,0,-2.4640006,-0.00016428377,0
0.5,0,26.775376,0.052789736,0,-2.4547722,-0.00014915683,0
0.5,0,26.779623,0.064611849,0,-2.4455437,-0.00013061884,0
0.5,0,26.783562,0.075596495,0,-2.4363152,-0.00010883342,0
0.5,0,26.786555,0.085670395,0,-2.4270868,-8.4012008e-05,0
0.5,0,26.787576,0.09526047,0,-2.4178583,-5.6444317e-05,0
0.5,0,26.78423,0.10513135,0,-2.4086298,-2.6444769e-05,0
0.5,0,26.777233,0.11159145,0,-2.4010135,-2.5804012e-15,0
0.5,0,26.808597,-0.15703765,0,-2.0856335,-3.2574363e-06,0
0.5,0,26.807369,-0.15680536,0,-2.08629,-2.5804012e-15,0
0.5,0,26.821728,-0.1549938,0,-2.076405,-4.8898769e-05,0
0.5,0,26.827565,-0.14963063,0,-2.0671766,-9.4097539e-05,0
0.5,0,26.830899,-0.14506803,0,-2.0579481,-0.00013836628,0
0.5,0,26.835016,-0.13998463,0,-2.0487196,-0.00018102785,0
0.5,0,26.838781,-0.13313102,0,-2.0394912,-0.00022155639,0
0.5,0,26.841386,-0.12435679,0,-2.0302627,-0.00025949051,0
0.5,0,26.843393,-0.11409164,0,-2.0210342,-0.00029434042,0
0.5,0,26.845543,-0.10263889,0,-2.0118058,-0.00032560143,0
0.5,0,26.847849,-0.08999688,0,-2.0025773,-0.00035280797,0
0.5,0,26.849827,-0.076018197,0,-1.9933488,-0.00037558688,0
0.5,0,26.851099,-0.060814524,0,-1.9841204,-0.00039365201,0
0.5,0,26.851626,-0.044792277,0,-1.9748919,-0.00040675642,0
0.5,0,26.851585,-0.02824418,0,-1.9656634,-0.00041467909,0
0.5,0,26.851178,-0.011153175,0,-1.956435,-0.00041725734,0
0.5,0,26.850576,0.0065284757,0,-1.9472065,-0.0004144055,0
0.5,0,26.849903,0.024579024,0,-1.937978,-0.000406092,0
0.5,0,26.84938,0.042573843,0,-1.9287496,-0.0003923111,0
0.5,0,26.849124,0.060173874,0,-1.9195211,-0.00037308565,0
0.5,0,26.849294,0.077272485,0,-1.9102926,-0.00034849012,0
0.5,0,26.849954,0.093878032,0,-1.9010642,-0.0003186662,0
0.5,0,26.850912,0.10992563,0,-1.8918357,-0.0002838251,0
0.5,0,26.851964,0.12525504,0,-1.8826072,-0.00024424645,0
0.5,0,26.85276,0.13972667,0,-1.8733788,-0.00020027764,0
0.5,0,26.852574,0.15323385,0,-1.8641503,-0.00015233024,0
0.5,0,26.850059,0.16609963,0,-1.8549218,-0.0001008769,0
0.5,0,26.841752,0.17891219,0,-1.8456934,-4.6360721e-05,0
0.5,0,26.829037,0.18640721,0,-1.8381977,-2.5804012e-15,0
0.5,0,26.909307,-0.26783299,0,-1.4857832,-6.0233568e-05,0
0.5,0,26.891619,-0.26608898,0,-1.4923885,-2.5804012e-15,0
0.5,0,26.924381,-0.2641989,0,-1.4765547,-0.00014464255,0
0.5,0,26.932717,-0.26116412,0,-1.4673262,-0.00022879083,0
0.5,0,26.940379,-0.25806394,0,-1.4580978,-0.00031177514,0
0.5,0,26.947671,-0.2528849,0,-1.4488693,-0.00039282045,0
0.5,0,26.953713,-0.24490174,0,-1.4396408,-0.00047131916,0
0.5,0,26.959118,-0.23462031,0,-1.4304124,-0.00054664102,0
0.5,0,26.965239,-0.22259747,0,-1.4211839,-0.00061808647,0
0.5,0,26.972711,-0.20890827,0,-1.4119554,-0.00068493917,0
0.5,0,26.981139,-0.19319351,0,-1.402727,-0.00074654561,0
0.5,0,26.989717,-0.17520429,0,-1.3934985,-0.00080234182,0
0.5,0,26.997768,-0.15517331,0,-1.38427,-0.00085180737,0
0.5,0,27.004843,-0.13353641,0,-1.3750416,-0.00089442786,0
0.5,0,27.010659,-0.11052864,0,-1.3658131,-0.00092971829,0
0.5,0,27.015108,-0.086232389,0,-1.3565846,-0.00095726004,0
0.5,0,27.018303,-0.060854839,0,-1.3473562,-0.00097669785,0
0.5,0,27.020542,-0.034753721,0,-1.3381277,-0.00098771489,0
0.5,0,27.022187,-0.0082140051,0,-1.3288992,-0.00099003207,0
0.5,0,27.023528,0.018669213,0,-1.3196708,-0.00098343636,0
0.5,0,27.024754,0.045840256,0,-1.3104423,-0.00096780348,0
0.5,0,27.025975,0.073081904,0,-1.3012138,-0.00094309479,0
0.5,0,27.02727,0.10003686,0,-1.2919854,-0.00090934382,0
0.5,0,27.028663,0.12641677,0,-1.2827569,-0.00086665356,0
0.5,0,27.030033,0.15214461,0,-1.2735284,-0.00081520096,0
0.5,0,27.031053,0.17729048,0,-1.2643,-0.00075523082,0
0.5,0,27.031234,0.20188305,0,-1.2550715,-0.00068703649,0
0.5,0,27.030119,0.22577623,0,-1.245843,-0.00061094868,0
0.5,0,27.027425,0.24869049,0,-1.2366146,-0.00052734885,0
0.5,0,27.023075,0.27037726,0,-1.2273861,-0.00043669407,0
0.5,0,27.01673,0.29067836,0,-1.2181576,-0.00033953583,0
0.5,0,27.007313,0.31001597,0,-1.2089292,-0.00023653536,0
0.5,0,26.991016,0.3296633,0,-1.1997007,-0.00012836499,0
0.5,0,26.964869,0.34527663,0,-1.1904722,-1.5858214e-05,0
0.5,0,26.96053,0.34649229,0,-1.1892153,-2.5804012e-15,0
0.5,0,26.772305,-0.51269747,0,-0.79364814,-7.0596017e-05,0
0.5,0,26.756467,-0.50843173,0,-0.79744635,-2.5804012e-15,0
0.5,0,26.802037,-0.51594838,0,-0.78441968,-0.00024323854,0
0.5,0,26.819737,-0.5135801,0,-0.77519121,-0.00041662718,0
0.5,0,26.832733,-0.5111388,0,-0.76596274,-0.00058950332,0
0.5,0,26.845297,-0.5066627,0,-0.75673428,-0.00076044715,0
0.5,0,26.856289,-0.49829249,0,-0.74750581,-0.00092827926,0
0.5,0,26.865545,-0.48585851,0,-0.73827734,-0.001091903,0
0.5,0,26.874355,-0.47001144,0,-0.72904888,-0.0012501481,0
0.5,0,26.883655,-0.45104799,0,-0.71982041,-0.0014017972,0
0.5,0,26.893196,-0.42870061,0,-0.71059194,-0.0015456787,0
0.5,0,26.902307,-0.40258636,0,-0.70136348,-0.0016807285,0
0.5,0,26.910693,-0.37283221,0,-0.69213501,-0.0018059574,0
0.5,0,26.918621,-0.3399904,0,-0.68290654,-0.0019203844,0
0.5,0,26.926688,-0.30443717,0,-0.67367808,-0.0020230406,0
0.5,0,26.935541,-0.26621599,0,-0.66444961,-0.0021130247,0
0.5,0,26.945692,-0.2254362,0,-0.65522114,-0.0021895228,0
0.5,0,26.95738,-0.18251809,0,-0.64599268,-0.0022517826,0
0.5,0,26.970481,-0.13796955,0,-0.63676421,-0.0022991029,0
0.5,0,26.984482,-0.092089674,0,-0.62753574,-0.002330869,0
0.5,0,26.998544,-0.045009085,0,-0.61830728,-0.0023465963,0
0.5,0,27.011636,0.0030725095,0,-0.60907881,-0.0023459429,0
0.5,0,27.022567,0.051825311,0,-0.59985034,-0.0023286942,0
0.5,0,27.030171,0.10091707,0,-0.59062187,-0.0022947509,0
0.5,0,27.033195,0.15008859,0,-0.58139341,-0.0022441358,0
0.5,0,27.030461,0.19905844,0,-0.57216494,-0.0021770011,0
0.5,0,27.02132,0.24737644,0,-0.56293647,-0.0020936175,0
0.5,0,27.005806,0.29443876,0,-0.55370801,-0.0019943541,0
0.5,0,26.984854,0.33969146,0,-0.54447954,-0.0018796707,0
0.5,0,26.960104,0.38283475,0,-0.53525107,-0.0017501194,0
0.5,0,26.933486,0.42382928,0,-0.52602261,-0.0016063458,0
0.5,0,26.906742,0.46268571,0,-0.51679414,-0.0014490795,0
0.5,0,26.881136,0.49922529,0,-0.50756567,-0.0012791254,0
0.5,0,26.85732,0.53305157,0,-0.49833721,-0.0010973642,0
0.5,0,26.835448,0.56378269,0,-0.48910874,-0.00090475755,0
0.5,0,26.814602,0.59123096,0,-0.47988027,-0.00070235993,0
0.5,0,26.792895,0.61615484,0,-0.47065181,-0.00049135023,0
0.5,0,26.764099,0.64038746,0,-0.46142334,-0.00027294257,0
0.5,0,26.722505,0.65558539,0,-0.45219487,-4.879985e-05,0
0.5,0,26.712199,0.65658212,0,-0.45023437,-2.5804012e-15,0
0.5,0,26.713794,-0.00090620249,0,-36.969238,1.2621147e-07,0
0.5,0,26.714356,-0.00084386729,0,-36.96001,3.2651546e-07,0
0.5,0,26.714535,-0.00079038676,0,-36.950781,5.3612992e-07,0
0.5,0,26.714352,-0.00075045494,0,-36.941553,7.5336296e-07,0
0.5,0,26.713897,-0.00073939396,0,-36.932324,9.7650256e-07,0
0.5,0,26.713286,-0.00076640119,0,-36.923096,1.2039812e-06,0
0.5,0,26.71265,-0.00081952569,0,-36.913867,1.434752e-06,0
0.5,0,26.71212,-0.00087781883,0,-36.904639,1.667891e-06,0
0.5,0,26.711791,-0.00092557758,0,-36.89541,1.9021614e-06,0
0.5,0,26.711716,-0.00095077485,0,-36.886182,2.1357854e-06,0
0.5,0,26.7119,-0.00095505893,0,-36.876953,2.3655071e-06,0
0.5,0,26.712299,-0.00096249346,0,-36.867725,2.5860644e-06,0
0.5,0,26.712874,-0.00098495141,0,-36.858496,2.7920707e-06,0
0.5,0,26.713536,-0.0010004204,0,-36.849268,2.9821744e-06,0
0.5,0,26.714151,-0.00098051038,0,-36.840039,3.1623653e-06,0
0.5,0,26.714644,-0.00094234574,0,-36.830811,3.3402915e-06,0
0.5,0,26.714856,-0.0009504635,0,-36.821583,3.5178619e-06,0
0.5,0,26.714664,-0.0010063064,0,-36.812354,3.6990098e-06,0
0.5,0,26.714246,-0.0010434534,0,-36.803126,3.8927485e-06,0
0.5,0,26.71381,-0.0010266733,0,-36.793897,4.1021741e-06,0
0.5,0,26.713467,-0.00095446148,0,-36.784669,4.3222519e-06,0
0.5,0,26.71338,-0.0008412864,0,-36.77544,4.5454752e-06,0
0.5,0,26.713699,-0.00071636574,0,-36.766212,4.765354e-06,0
0.5,0,26.714505,-0.00060802818,0,-36.756983,4.9774787e-06,0
0.5,0,26.715801,-0.00052965123,0,-36.747755,5.1790434e-06,0
0.5,0,26.717516,-0.00048362792,0,-36.738526,5.3677677e-06,0
0.5,0,26.719508,-0.00047140658,0,-36.729298,5.5414155e-06,0
0.5,0,26.7216,-0.00049428983,0,-36.720069,5.6979762e-06,0
0.5,0,26.723621,-0.00055017052,0,-36.710841,5.8355882e-06,0
0.5,0,26.725443,-0.00063103543,0,-36.701612,5.9522424e-06,0
0.5,0,26.727012,-0.00072820139,0,-36.692384,6.0456846e-06,0
0.5,0,26.728349,-0.00083947948,0,-36.683156,6.1140549e-06,0
0.5,0,26.729524,-0.00096760881,0,-36.673927,6.1571483e-06,0
0.5,0,26.730618,-0.0011142861,0,-36.664699,6.1766133e-06,0
0.5,0,26.731689,-0.0012719611,0,-36.65547,6.174167e-06,0
0.5,0,26.732746,-0.0014188489,0,-36.646242,6.1490936e-06,0
0.5,0,26.733733,-0.001526311,0,-36.637013,6.0971805e-06,0
0.5,0,26.734541,-0.0015780855,0,-36.627785,6.011696e-06,0
0.5,0,26.73505,-0.0015828828,0,-36.618556,5.8856368e-06,0
0.5,0,26.735174,-0.0015677116,0,-36.609328,5.714188e-06,0
0.5,0,26.734892,-0.0015610362,0,-36.600099,5.4961729e-06,0
0.5,0,26.734255,-0.0015805533,0,-36.590871,5.2337644e-06,0
0.5,0,26.733378,-0.0016317706,0,-36.581642,4.9310253e-06,0
0.5,0,26.732402,-0.0017140524,0,-36.572414,4.5926541e-06,0
0.5,0,26.731472,-0.0018278205,0,-36.563185,4.2234319e-06,0
0.5,0,26.730699,-0.0019756182,0,-36.553957,3.8280532e-06,0
0.5,0,26.730142,-0.0021578315,0,-36.544729,3.4107981e-06,0
0.5,0,26.729807,-0.0023688269,0,-36.5355,2.9748323e-06,0
0.5,0,26.729651,-0.0025969671,0,-36.526272,2.5215285e-06,0
0.5,0,26.729601,-0.0028269452,0,-36.517043,2.050331e-06,0
0.5,0,26.729577,-0.0030412207,0,-36.507815,1.559498e-06,0
0.5,0,26.729505,-0.003220629,0,-36.498586,1.0471442e-06,0
0.5,0,26.729329,-0.0033447772,0,-36.489358,5.1165534e-07,0
0.5,0,26.393801,0.0005652977,0,-35.345028,2.1130932e-07,0
0.5,0,26.387868,0.00055641072,0,-35.335799,9.0781689e-07,0
0.5,0,26.380833,0.0005629348,0,-35.326571,1.5646849e-06,0
0.5,0,26.372801,0.0005341217,0,-35.317342,2.1862697e-06,0
0.5,0,26.36404,0.00046026474,0,-35.308114,2.7768395e-06,0
0.5,0,26.354864,0.0003568673,0,-35.298885,3.3400986e-06,0
0.5,0,26.345558,0.00024297778,0,-35.289657,3.8781043e-06,0
0.5,0,26.336328,0.00013326094,0,-35.280429,4.3909736e-06,0
0.5,0,26.32727,3.7531723e-05,0,-35.2712,4.8771865e-06,0
0.5,0,26.318361,-3.6590095e-05,0,-35.261972,5.3339579e-06,0
0.5,0,26.309484,-8.354434e-05,0,-35.252743,5.7577872e-06,0
0.5,0,26.300481,-0.00010342334,0,-35.243515,6.1454209e-06,0
0.5,0,26.291203,-0.00010510374,0,-35.234286,6.494944e-06,0
0.5,0,26.281568,-0.00010285883,0,-35.225058,6.8063708e-06,0
0.5,0,26.271592,-0.00010754922,0,-35.215829,7.0815316e-06,0
0.5,0,26.261395,-0.00012281055,0,-35.206601,7.3236047e-06,0
0.5,0,26.251177,-0.00014973145,0,-35.197372,7.5363241e-06,0
0.5,0,26.241198,-0.00019066838,0,-35.188144,7.7229452e-06,0
0.5,0,26.231732,-0.00024580007,0,-35.178915,7.8854354e-06,0
0.5,0,26.223018,-0.00030810864,0,-35.169687,8.0242172e-06,0
0.5,0,26.215249,-0.00036702466,0,-35.160458,8.1390771e-06,0
0.5,0,26.208559,-0.00041478617,0,-35.15123,8.2302707e-06,0
0.5,0,26.203022,-0.00044625639,0,-35.142002,8.298694e-06,0
0.5,0,26.198665,-0.00045893913,0,-35.132773,8.346104e-06,0
0.5,0,26.195471,-0.0004543547,0,-35.123545,8.3756174e-06,0
0.5,0,26.193401,-0.00043684705,0,-35.114316,8.3917618e-06,0
0.5,0,26.192387,-0.00040984442,0,-35.105088,8.3994727e-06,0
0.5,0,26.192369,-0.00037443348,0,-35.095859,8.4030934e-06,0
0.5,0,26.193311,-0.00033430172,0,-35.086631,8.4062293e-06,0
0.5,0,26.195191,-0.00029668089,0,-35.077402,8.4114362e-06,0
0.5,0,26.198028,-0.00026546384,0,-35.068174,8.4197449e-06,0
0.5,0,26.201849,-0.00024020273,0,-35.058945,8.4305873e-06,0
0.5,0,26.206681,-0.00022089859,0,-35.049717,8.4423859e-06,0
0.5,0,26.212532,-0.000208421,0,-35.040488,8.4535841e-06,0
0.5,0,26.219373,-0.00020244574,0,-35.03126,8.463469e-06,0
0.5,0,26.227122,-0.00020139506,0,-35.022031,8.4724556e-06,0
0.5,0,26.235645,-0.00020306609,0,-35.012803,8.4818312e-06,0
0.5,0,26.244741,-0.00020490148,0,-35.003575,8.493199e-06,0
0.5,0,26.25419,-0.00020510035,0,-34.994346,8.5080466e-06,0
0.5,0,26.263725,-0.00020470959,0,-34.985118,8.5274348e-06,0
0.5,0,26.273081,-0.00020665449,0,-34.975889,8.5520638e-06,0
0.5,0,26.282038,-0.00021215527,0,-34.966661,8.5826182e-06,0
0.5,0,26.290389,-0.00022119284,0,-34.957432,8.6197619e-06,0
0.5,0,26.297987,-0.00023311108,0,-34.948204,8.6640147e-06,0
0.5,0,26.304731,-0.00024500807,0,-34.938975,8.7157107e-06,0
0.5,0,26.310569,-0.00025255846,0,-34.929747,8.7749693e-06,0
0.5,0,26.315505,-0.00025222983,0,-34.920518,8.8416395e-06,0
0.5,0,26.319586,-0.00024303087,0,-34.91129,8.9151257e-06,0
0.5,0,26.322902,-0.00022699296,0,-34.902061,8.9941477e-06,0
0.5,0,26.325572,-0.00020768322,0,-34.892833,9.0766656e-06,0
0.5,0,26.327739,-0.00018754134,0,-34.883604,9.1601659e-06,0
0.5,0,26.329559,-0.00016638124,0,-34.874376,9.2422624e-06,0
0.5,0,26.33119,-0.00014238144,0,-34.865148,9.3213917e-06,0
0.5,0,26.332779,-0.00011464845,0,-34.855919,9.3972539e-06,0
0.5,0,26.334461,-8.527792e-05,0,-34.846691,9.4708607e-06,0
0.5,0,26.336313,-5.8770505e-05,0,-34.837462,9.5443547e-06,0
0.5,0,26.338414,-4.1608608e-05,0,-34.828234,9.6205287e-06,0
0.5,0,26.340824,-3.8334433e-05,0,-34.819005,9.7024768e-06,0
0.5,0,26.343552,-4.899328e-05,0,-34.809777,9.7930712e-06,0
0.5,0,26.346623,-7.4016255e-05,0,-34.800548,9.8940701e-06,0
0.5,0,26.350038,-0.00011472332,0,-34.79132,1.0005599e-05,0
0.5,0,26.353783,-0.00016827309,0,-34.782091,1.0126065e-05,0
0.5,0,26.357813,-0.00022612764,0,-34.772863,1.025296e-05,0
0.5,0,26.362085,-0.00027719997,0,-34.763634,1.038386e-05,0
0.5,0,26.366509,-0.00031234742,0,-34.754406,1.0517252e-05,0
0.5,0,26.370988,-0.00033302972,0,-34.745177,1.0651997e-05,0
0.5,0,26.375527,-0.00033920597,0,-34.735949,1.0787127e-05,0
0.5,0,26.380125,-0.00034027653,0,-34.726721,1.092118e-05,0
0.5,0,26.384688,-0.00033730262,0,-34.717492,1.1054004e-05,0
0.5,0,26.389036,-0.00031564635,0,-34.708264,1.1188385e-05,0
0.5,0,26.393026,-0.00028265149,0,-34.699035,1.1326613e-05,0
0.5,0,26.396597,-0.00025517799,0,-34.689807,1.1469301e-05,0
0.5,0,26.399736,-0.00024374557,0,-34.680578,1.1616961e-05,0
0.5,0,26.402461,-0.00024744769,0,-34.67135,1.1770991e-05,0
0.5,0,26.404824,-0.00025791126,0,-34.662121,1.193266e-05,0
0.5,0,26.406914,-0.00026681626,0,-34.652893,1.2101663e-05,0
0.5,0,26.40887,-0.00027086062,0,-34.643664,1.2275706e-05,0
0.5,0,26.410862,-0.00026734884,0,-34.634436,1.2451647e-05,0
0.5,0,26.413035,-0.00025152601,0,-34.625207,1.2627683e-05,0
0.5,0,26.41548,-0.00022548323,0,-34.615979,1.2804275e-05,0
0.5,0,26.418239,-0.00019927228,0,-34.60675,1.2982959e-05,0
0.5,0,26.421307,-0.00018081236,0,-34.597522,1.3164882e-05,0
0.5,0,26.424626,-0.00017393878,0,-34.588294,1.3350519e-05,0
0.5,0,26.428117,-0.00018342505,0,-34.579065,1.3540204e-05,0
0.5,0,26.431695,-0.00021074715,0,-34.569837,1.3734726e-05,0
0.5,0,26.435295,-0.00024858886,0,-34.560608,1.3935947e-05,0
0.5,0,26.438911,-0.00028650197,0,-34.55138,1.4146953e-05,0
0.5,0,26.442602,-0.00031842251,0,-34.542151,1.4370798e-05,0
0.5,0,26.44649,-0.00035425102,0,-34.532923,1.4610244e-05,0
0.5,0,26.450764,-0.00038875029,0,-34.523694,1.486522e-05,0
0.5,0,26.455622,-0.00039907991,0,-34.514466,1.5132179e-05,0
0.5,0,26.461221,-0.00039446642,0,-34.505237,1.5409444e-05,0
0.5,0,26.467582,-0.00038717711,0,-34.496009,1.5697716e-05,0
0.5,0,26.474568,-0.00036807105,0,-34.48678,1.5994643e-05,0
0.5,0,26.481972,-0.00033099742,0,-34.477552,1.6293762e-05,0
0.5,0,26.489549,-0.00027970933,0,-34.468323,1.658887e-05,0
0.5,0,26.497037,-0.00022073851,0,-34.459095,1.6876049e-05,0
0.5,0,26.504179,-0.000156992,0,-34.449867,1.7153155e-05,0
0.5,0,26.510742,-9.1127894e-05,0,-34.440638,1.7419464e-05,0
0.5,0,26.516542,-2.7673486e-05,0,-34.43141,1.7675739e-05,0
0.5,0,26.521449,2.891315e-05,0,-34.422181,1.7923649e-05,0
0.5,0,26.525397,7.2293246e-05,0,-34.412953,1.8164791e-05,0
0.5,0,26.528375,9.251639e-05,0,-34.403724,1.8400062e-05,0
0.5,0,26.53043,8.0856213e-05,0,-34.394496,1.8629521e-05,0
0.5,0,26.531656,3.8444226e-05,0,-34.385267,1.8852449e-05,0
0.5,0,26.532178,-2.0320155e-05,0,-34.376039,1.9067391e-05,0
0.5,0,26.532145,-7.4460889e-05,0,-34.36681,1.927224e-05,0
0.5,0,26.531713,-0.00010801405,0,-34.357582,1.9464521e-05,0
0.5,0,26.531039,-0.00011661145,0,-34.348353,1.9641888e-05,0
0.5,0,26.530271,-0.00010490198,0,-34.339125,1.980266e-05,0
0.5,0,26.529542,-7.9898401e-05,0,-34.329896,1.994622e-05,0
0.5,0,26.528973,-4.768157e-05,0,-34.320668,2.0073128e-05,0
0.5,0,26.528676,-1.492498e-05,0,-34.31144,2.0184787e-05,0
0.5,0,26.528762,9.0480508e-06,0,-34.302211,2.0282678e-05,0
0.5,0,26.529351,1.4051617e-05,0,-34.292983,2.0367554e-05,0
0.5,0,26.530577,-6.0197382e-06,0,-34.283754,2.0439105e-05,0
0.5,0,26.532577,-5.0054091e-05,0,-34.274526,2.0496212e-05,0
0.5,0,26.53549,-0.0001112349,0,-34.265297,2.0537402e-05,0
0.5,0,26.539414,-0.0001823172,0,-34.256069,2.0560961e-05,0
0.5,0,26.544416,-0.00025762165,0,-34.24684,2.0564786e-05,0
0.5,0,26.550483,-0.00033172942,0,-34.237612,2.0546397e-05,0
0.5,0,26.557499,-0.00039808822,0,-34.228383,2.0503246e-05,0
0.5,0,26.565272,-0.00044795194,0,-34.219155,2.0433283e-05,0
0.5,0,26.573498,-0.00047807496,0,-34.209926,2.0335236e-05,0
0.5,0,26.581803,-0.0004991387,0,-34.200698,2.0208219e-05,0
0.5,0,26.589784,-0.00053011209,0,-34.191469,2.0050852e-05,0
0.5,0,26.597047,-0.00058426318,0,-34.182241,1.9860949e-05,0
0.5,0,26.603249,-0.00066160455,0,-34.173013,1.9636294e-05,0
0.5,0,26.608129,-0.00074288113,0,-34.163784,1.9377383e-05,0
0.5,0,26.611543,-0.00080031633,0,-34.154556,1.9089331e-05,0
0.5,0,26.613456,-0.00082598858,0,-34.145327,1.8780503e-05,0
0.5,0,26.613938,-0.0008348851,0,-34.136099,1.8458701e-05,0
0.5,0,26.613141,-0.00083019632,0,-34.12687,1.8129558e-05,0
0.5,0,26.611306,-0.00080713147,0,-34.117642,1.7798544e-05,0
0.5,0,26.608791,-0.00077978719,0,-34.108413,1.7471089e-05,0
0.5,0,26.606037,-0.00076079157,0,-34.099185,1.7151106e-05,0
0.5,0,26.603478,-0.00074739235,0,-34.089956,1.6839704e-05,0
0.5,0,26.601481,-0.00073178127,0,-34.080728,1.6535151e-05,0
0.5,0,26.600307,-0.00071164292,0,-34.071499,1.6234176e-05,0
0.5,0,26.600089,-0.00069148317,0,-34.062271,1.5933446e-05,0
0.5,0,26.600813,-0.00067454681,0,-34.053042,1.5630791e-05,0
0.5,0,26.602337,-0.00065930085,0,-34.043814,1.5325571e-05,0
0.5,0,26.604436,-0.00064183454,0,-34.034586,1.5018197e-05,0
0.5,0,26.606843,-0.00061891846,0,-34.025357,1.4709781e-05,0
0.5,0,26.609305,-0.00059191322,0,-34.016129,1.4402048e-05,0
0.5,0,26.61162,-0.00056646484,0,-34.0069,1.4097381e-05,0
0.5,0,26.613668,-0.00054932074,0,-33.997672,1.379862e-05,0
0.5,0,26.615417,-0.00054417174,0,-33.988443,1.3508478e-05,0
0.5,0,26.616914,-0.00054965711,0,-33.979215,1.3228836e-05,0
0.5,0,26.618265,-0.000562087,0,-33.969986,1.2960219e-05,0
0.5,0,26.619612,-0.00058054772,0,-33.960758,1.2701733e-05,0
0.5,0,26.621113,-0.00060991265,0,-33.951529,1.2451353e-05,0
0.5,0,26.622936,-0.00065762583,0,-33.942301,1.2206386e-05,0
0.5,0,26.62524,-0.00072921695,0,-33.933072,1.196391e-05,0
0.5,0,26.628161,-0.00082398237,0,-33.923844,1.1721115e-05,0
0.5,0,26.631805,-0.00092969497,0,-33.914615,1.1475896e-05,0
0.5,0,26.636254,-0.001026527,0,-33.905387,1.1228204e-05,0
0.5,0,26.64155,-0.0010980232,0,-33.896159,1.0981273e-05,0
0.5,0,26.647653,-0.0011398512,0,-33.88693,1.0741054e-05,0
0.5,0,26.654435,-0.0011622313,0,-33.877702,1.0514037e-05,0
0.5,0,26.661719,-0.0011794719,0,-33.868473,1.0305055e-05,0
0.5,0,26.669301,-0.0011985878,0,-33.859245,1.0116274e-05,0
0.5,0,26.676962,-0.0012189272,0,-33.850016,9.9478779e-06,0
0.5,0,26.68449,-0.0012397871,0,-33.840788,9.7992724e-06,0
0.5,0,26.69169,-0.0012659099,0,-33.831559,9.6691784e-06,0
0.5,0,26.698404,-0.001300671,0,-33.822331,9.5551106e-06,0
0.5,0,26.704555,-0.0013406206,0,-33.813102,9.4531338e-06,0
0.5,0,26.710176,-0.0013763714,0,-33.803874,9.3584296e-06,0
0.5,0,26.715378,-0.0013951927,0,-33.794645,9.267036e-06,0
0.5,0,26.720285,-0.0013885253,0,-33.785417,9.1770983e-06,0
0.5,0,26.725015,-0.0013558251,0,-33.776188,9.0878396e-06,0
0.5,0,26.729654,-0.0012992771,0,-33.76696,8.9980767e-06,0
0.5,0,26.734226,-0.0012221769,0,-33.757732,8.9064075e-06,0
0.5,0,26.738678,-0.0011360337,0,-33.748503,8.8118185e-06,0
0.5,0,26.742907,-0.0010590121,0,-33.739275,8.7136137e-06,0
0.5,0,26.746776,-0.0010068366,0,-33.730046,8.6109511e-06,0
0.5,0,26.750155,-0.00098657465,0,-33.720818,8.5026583e-06,0
0.5,0,26.752944,-0.00099447428,0,-33.711589,8.3875494e-06,0
0.5,0,26.755102,-0.0010190911,0,-33.702361,8.2646557e-06,0
0.5,0,26.756663,-0.0010429231,0,-33.693132,8.1335875e-06,0
0.5,0,26.757742,-0.0010452248,0,-33.683904,7.9953394e-06,0
0.5,0,26.758514,-0.0010117353,0,-33.674675,7.8528771e-06,0
0.5,0,26.759182,-0.00094235769,0,-33.665447,7.7107308e-06,0
0.5,0,26.759951,-0.00084955049,0,-33.656218,7.5736185e-06,0
0.5,0,26.761007,-0.00075092754,0,-33.64699,7.4449689e-06,0
0.5,0,26.762477,-0.00065938007,0,-33.637761,7.3265333e-06,0
0.5,0,26.764417,-0.00057837263,0,-33.628533,7.2188594e-06,0
0.5,0,26.766825,-0.00050313418,0,-33.619305,7.1219139e-06,0
0.5,0,26.769649,-0.00042415603,0,-33.610076,7.0359534e-06,0
0.5,0,26.772792,-0.00033723096,0,-33.600848,6.9618024e-06,0
0.5,0,26.776135,-0.00024716362,0,-33.591619,6.9002364e-06,0
0.5,0,26.779569,-0.00016306913,0,-33.582391,6.8511987e-06,0
0.5,0,26.783029,-9.5439807e-05,0,-33.573162,6.813545e-06,0
0.5,0,26.7865,-5.5122512e-05,0,-33.563934,6.7854624e-06,0
0.5,0,26.790012,-5.2536839e-05,0,-33.554705,6.7648976e-06,0
0.5,0,26.793635,-9.4585448e-05,0,-33.545477,6.7496637e-06,0
0.5,0,26.797461,-0.0001823511,0,-33.536248,6.737155e-06,0
0.5,0,26.801584,-0.00030918875,0,-33.52702,6.7240153e-06,0
0.5,0,26.806077,-0.00046016904,0,-33.517791,6.7063949e-06,0
0.5,0,26.810982,-0.00061650552,0,-33.508563,6.6808784e-06,0
0.5,0,26.816302,-0.00076326782,0,-33.499334,6.6454863e-06,0
0.5,0,26.82201,-0.00089418634,0,-33.490106,6.600011e-06,0
0.5,0,26.828043,-0.0010101261,0,-33.480878,6.5453053e-06,0
0.5,0,26.834284,-0.0011132343,0,-33.471649,6.4821741e-06,0
0.5,0,26.840542,-0.0012018272,0,-33.462421,6.4107807e-06,0
0.5,0,26.846533,-0.0012713084,0,-33.453192,6.3307389e-06,0
0.5,0,26.851834,-0.0013172196,0,-33.443964,6.241372e-06,0
0.5,0,26.855859,-0.0013387209,0,-33.434735,6.1417322e-06,0
0.5,0,26.857879,-0.0013387231,0,-33.425507,6.0307117e-06,0
0.5,0,26.857105,-0.0013223147,0,-33.416278,5.9080083e-06,0
0.5,0,26.852876,-0.0012934155,0,-33.40705,5.7749753e-06,0
0.5,0,26.844839,-0.0012462386,0,-33.397821,5.6352149e-06,0
0.5,0,26.833016,-0.0011870358,0,-33.388593,5.492103e-06,0
0.5,0,26.817758,-0.0011293618,0,-33.379364,5.3471397e-06,0
0.5,0,26.799735,-0.0010801392,0,-33.370136,5.2007497e-06,0
0.5,0,26.779929,-0.0010506273,0,-33.360907,5.0539382e-06,0
0.5,0,26.759559,-0.0010470022,0,-33.351679,4.9091055e-06,0
0.5,0,26.739882,-0.0010634409,0,-33.342451,4.7660638e-06,0
0.5,0,26.721977,-0.001090116,0,-33.333222,4.6223563e-06,0
0.5,0,26.706643,-0.0011246858,0,-33.323994,4.4749811e-06,0
0.5,0,26.694329,-0.0011660403,0,-33.314765,4.3194563e-06,0
0.5,0,26.685098,-0.0012146233,0,-33.305537,4.1507779e-06,0
0.5,0,26.678676,-0.0012754674,0,-33.296308,3.9648431e-06,0
0.5,0,26.674546,-0.0013521145,0,-33.28708,3.758997e-06,0
0.5,0,26.67207,-0.001440201,0,-33.277851,3.5317694e-06,0
0.5,0,26.670617,-0.0015271839,0,-33.268623,3.2822358e-06,0
0.5,0,26.669653,-0.0016000012,0,-33.259394,3.0093646e-06,0
0.5,0,26.668781,-0.0016529034,0,-33.250166,2.712009e-06,0
0.5,0,26.667765,-0.0016918027,0,-33.240937,2.3889415e-06,0
0.5,0,26.666511,-0.0017272306,0,-33.231709,2.0392242e-06,0
0.5,0,26.665025,-0.0017658076,0,-33.22248,1.6632735e-06,0
0.5,0,26.663386,-0.0018098501,0,-33.213252,1.2637463e-06,0
0.5,0,26.661728,-0.0018594047,0,-33.204024,8.4574634e-07,0
0.5,0,26.660232,-0.0019060189,0,-33.194795,4.1644745e-07,0
0.5,0,26.81258,-0.0025580008,0,-32.225806,3.9765597e-08,0
0.5,0,26.816092,-0.0026219424,0,-32.216578,8.4194151e-08,0
0.5,0,26.819727,-0.0026896505,0,-32.207349,1.2488871e-07,0
0.5,0,26.823524,-0.002763231,0,-32.198121,1.6016378e-07,0
0.5,0,26.827436,-0.0028353771,0,-32.188892,1.8816296e-07,0
0.5,0,26.831375,-0.002895725,0,-32.179664,2.0908961e-07,0
0.5,0,26.835306,-0.002937959,0,-32.170435,2.2402997e-07,0
0.5,0,26.83921,-0.0029636482,0,-32.161207,2.3383705e-07,0
0.5,0,26.843043,-0.002975939,0,-32.151978,2.3899968e-07,0
0.5,0,26.846748,-0.0029760995,0,-32.14275,2.3920075e-07,0
0.5,0,26.850285,-0.0029646377,0,-32.133521,2.3340907e-07,0
0.5,0,26.853607,-0.0029423106,0,-32.124293,2.2058011e-07,0
0.5,0,26.856677,-0.0029103933,0,-32.115064,1.9988889e-07,0
0.5,0,26.859472,-0.0028738103,0,-32.105836,1.7012106e-07,0
0.5,0,26.861982,-0.0028361555,0,-32.096608,1.2911857e-07,0
0.5,0,26.864231,-0.0027943551,0,-32.087379,7.5137505e-08,0
0.5,0,26.866263,-0.0027445683,0,-32.078151,7.5123177e-09,0
0.5,0,26.871889,-0.0019585037,0,-30.204772,1.928751e-07,0
0.5,0,26.87466,-0.002002057,0,-30.195543,5.4584638e-07,0
0.5,0,26.877467,-0.0020148005,0,-30.186315,8.9686462e-07,0
0.5,0,26.880254,-0.0020073198,0,-30.177086,1.2426525e-06,0
0.5,0,26.882971,-0.0019833872,0,-30.167858,1.5795947e-06,0
0.5,0,26.885574,-0.0019437274,0,-30.158629,1.9039001e-06,0
0.5,0,26.88803,-0.001886349,0,-30.149401,2.2120417e-06,0
0.5,0,26.890306,-0.0018081102,0,-30.140173,2.5007326e-06,0
0.5,0,26.892364,-0.001707952,0,-30.130944,2.7665904e-06,0
0.5,0,26.894155,-0.0015880171,0,-30.121716,3.0060078e-06,0
0.5,0,26.895628,-0.0014538956,0,-30.112487,3.215385e-06,0
0.5,0,26.896738,-0.0013103123,0,-30.103259,3.3920756e-06,0
0.5,0,26.897452,-0.0011607138,0,-30.09403,3.5353456e-06,0
0.5,0,26.897773,-0.0010122926,0,-30.084802,3.6460959e-06,0
0.5,0,26.897747,-0.00087412624,0,-30.075573,3.7261816e-06,0
0.5,0,26.897454,-0.00075328424,0,-30.066345,3.7782913e-06,0
0.5,0,26.896987,-0.00065543407,0,-30.057116,3.8058572e-06,0
0.5,0,26.896437,-0.00058737208,0,-30.047888,3.8126031e-06,0
0.5,0,26.895889,-0.00055501059,0,-30.038659,3.802283e-06,0
0.5,0,26.895425,-0.00055895227,0,-30.029431,3.7787543e-06,0
0.5,0,26.89511,-0.00059569441,0,-30.020202,3.7458862e-06,0
0.5,0,26.894978,-0.00065947102,0,-30.010974,3.7072971e-06,0
0.5,0,26.895029,-0.00074198915,0,-30.001746,3.6661248e-06,0
0.5,0,26.89524,-0.00083349931,0,-29.992517,3.6248443e-06,0
0.5,0,26.895566,-0.0009238806,0,-29.983289,3.5851625e-06,0
0.5,0,26.895949,-0.0010042689,0,-29.97406,3.5479035e-06,0
0.5,0,26.896315,-0.0010683745,0,-29.964832,3.5129119e-06,0
0.5,0,26.896586,-0.0011123093,0,-29.955603,3.4790573e-06,0
0.5,0,26.896684,-0.0011343014,0,-29.946375,3.4442727e-06,0
0.5,0,26.896538,-0.0011338637,0,-29.937146,3.4057384e-06,0
0.5,0,26.896086,-0.0011116593,0,-29.927918,3.3602638e-06,0
0.5,0,26.895288,-0.0010703024,0,-29.918689,3.3048189e-06,0
0.5,0,26.894131,-0.0010148306,0,-29.909461,3.2371315e-06,0
0.5,0,26.892632,-0.00095243952,0,-29.900232,3.156109e-06,0
0.5,0,26.890842,-0.00089105167,0,-29.891004,3.061995e-06,0
0.5,0,26.888838,-0.00083749631,0,-29.881775,2.9563917e-06,0
0.5,0,26.886719,-0.00079694005,0,-29.872547,2.8423076e-06,0
0.5,0,26.884591,-0.00077256008,0,-29.863319,2.7242359e-06,0
0.5,0,26.882558,-0.00076589669,0,-29.85409,2.6080325e-06,0
0.5,0,26.880716,-0.00077759359,0,-29.844862,2.5004371e-06,0
0.5,0,26.879135,-0.00080709535,0,-29.835633,2.4083868e-06,0
0.5,0,26.877861,-0.0008523273,0,-29.826405,2.3382941e-06,0
0.5,0,26.876908,-0.00090872876,0,-29.817176,2.2954606e-06,0
0.5,0,26.876261,-0.00096948855,0,-29.807948,2.2836615e-06,0
0.5,0,26.87588,-0.0010277354,0,-29.798719,2.3047711e-06,0
0.5,0,26.875714,-0.0010772879,0,-29.789491,2.3585452e-06,0
0.5,0,26.875727,-0.0011101264,0,-29.780262,2.4429378e-06,0
0.5,0,26.875826,-0.0011446585,0,-29.771034,2.5541202e-06,0
0.5,0,26.876003,-0.001188936,0,-29.761805,2.6864075e-06,0
0.5,0,26.876256,-0.0012245898,0,-29.752577,2.834394e-06,0
0.5,0,26.87654,-0.0012586599,0,-29.743348,2.9940927e-06,0
0.5,0,26.87688,-0.0012995658,0,-29.73412,3.1622844e-06,0
0.5,0,26.877267,-0.0013416547,0,-29.724892,3.3367605e-06,0
0.5,0,26.877707,-0.0013776062,0,-29.715663,3.5162355e-06,0
0.5,0,26.878202,-0.0014005318,0,-29.706435,3.6999054e-06,0
0.5,0,26.878732,-0.0014040798,0,-29.697206,3.8872081e-06,0
0.5,0,26.87926,-0.0013848539,0,-29.687978,4.0777316e-06,0
0.5,0,26.879728,-0.0013435534,0,-29.678749,4.2711452e-06,0
0.5,0,26.880062,-0.0012850787,0,-29.669521,4.4670956e-06,0
0.5,0,26.880181,-0.0012176798,0,-29.660292,4.6650553e-06,0
0.5,0,26.880006,-0.0011514085,0,-29.651064,4.8641775e-06,0
0.5,0,26.879472,-0.0010963278,0,-29.641835,5.06329e-06,0
0.5,0,26.87853,-0.0010598551,0,-29.632607,5.261141e-06,0
0.5,0,26.877156,-0.0010450381,0,-29.623378,5.4567657e-06,0
0.5,0,26.875358,-0.0010505708,0,-29.61415,5.6498109e-06,0
0.5,0,26.873176,-0.0010724508,0,-29.604921,5.8406375e-06,0
0.5,0,26.870675,-0.0011057638,0,-29.595693,6.0301854e-06,0
0.5,0,26.867939,-0.0011460406,0,-29.586465,6.2196905e-06,0
0.5,0,26.86506,-0.0011897472,0,-29.577236,6.4104472e-06,0
0.5,0,26.862124,-0.0012336912,0,-29.568008,6.6037779e-06,0
0.5,0,26.859201,-0.0012744905,0,-29.558779,6.8011302e-06,0
0.5,0,26.856344,-0.0013098119,0,-29.549551,7.0040976e-06,0
0.5,0,26.85359,-0.0013393283,0,-29.540322,7.2141687e-06,0
0.5,0,26.850959,-0.0013647788,0,-29.531094,7.432103e-06,0
0.5,0,26.848463,-0.0013882258,0,-29.521865,7.6572829e-06,0
0.5,0,26.846109,-0.001409766,0,-29.512637,7.887566e-06,0
0.5,0,26.843908,-0.0014278281,0,-29.503408,8.1196003e-06,0
0.5,0,26.841871,-0.0014399436,0,-29.49418,8.3493759e-06,0
0.5,0,26.840015,-0.0014438445,0,-29.484951,8.5727684e-06,0
0.5,0,26.838359,-0.0014377228,0,-29.475723,8.7860307e-06,0
0.5,0,26.83692,-0.0014207879,0,-29.466494,8.986204e-06,0
0.5,0,26.835705,-0.001393662,0,-29.457266,9.171494e-06,0
0.5,0,26.834715,-0.0013579982,0,-29.448038,9.3415857e-06,0
0.5,0,26.833941,-0.0013167011,0,-29.438809,9.4977521e-06,0
0.5,0,26.833365,-0.0012734619,0,-29.429581,9.6428431e-06,0
0.5,0,26.832957,-0.0012320609,0,-29.420352,9.7810144e-06,0
0.5,0,26.832677,-0.0011958066,0,-29.411124,9.9172305e-06,0
0.5,0,26.832484,-0.0011671486,0,-29.401895,1.0056702e-05,0
0.5,0,26.832335,-0.0011485798,0,-29.392667,1.0204341e-05,0
0.5,0,26.832189,-0.0011432156,0,-29.383438,1.0364355e-05,0
0.5,0,26.832011,-0.0011533123,0,-29.37421,1.0540042e-05,0
0.5,0,26.831775,-0.0011788007,0,-29.364981,1.0733668e-05,0
0.5,0,26.831473,-0.0012173526,0,-29.355753,1.0946281e-05,0
0.5,0,26.831105,-0.0012654795,0,-29.346524,1.1177545e-05,0
0.5,0,26.830684,-0.0013190687,0,-29.337296,1.1425775e-05,0
0.5,0,26.830225,-0.001373508,0,-29.328067,1.1688069e-05,0
0.5,0,26.829749,-0.0014237312,0,-29.318839,1.1960455e-05,0
0.5,0,26.829276,-0.0014640241,0,-29.309611,1.2238098e-05,0
0.5,0,26.828819,-0.0014877936,0,-29.300382,1.2515594e-05,0
0.5,0,26.82839,-0.0014874146,0,-29.291154,1.278733e-05,0
0.5,0,26.827996,-0.0014552008,0,-29.281925,1.3047822e-05,0
0.5,0,26.827635,-0.0013853402,0,-29.272697,1.3291989e-05,0
0.5,0,26.8273,-0.0012764554,0,-29.263468,1.3515298e-05,0
0.5,0,26.826978,-0.001133295,0,-29.25424,1.3713811e-05,0
0.5,0,26.826654,-0.00096708035,0,-29.245011,1.3884183e-05,0
0.5,0,26.826312,-0.00079361364,0,-29.235783,1.4023707e-05,0
0.5,0,26.825939,-0.00062979862,0,-29.226554,1.4130493e-05,0
0.5,0,26.825527,-0.00048963179,0,-29.217326,1.4203809e-05,0
0.5,0,26.82507,-0.00038120725,0,-29.208097,1.4244547e-05,0
0.5,0,26.824568,-0.0003064144,0,-29.198869,1.4255556e-05,0
0.5,0,26.824028,-0.00026257397,0,-29.18964,1.4241627e-05,0
0.5,0,26.823459,-0.00024496181,0,-29.180412,1.4208953e-05,0
0.5,0,26.822872,-0.00024811987,0,-29.171184,1.4164183e-05,0
0.5,0,26.822278,-0.00026647842,0,-29.161955,1.4113324e-05,0
0.5,0,26.821691,-0.00029446799,0,-29.152727,1.4060834e-05,0
0.5,0,26.821121,-0.00032661943,0,-29.143498,1.4009216e-05,0
0.5,0,26.820575,-0.00035788614,0,-29.13427,1.3959155e-05,0
0.5,0,26.820057,-0.00038379279,0,-29.125041,1.3910108e-05,0
0.5,0,26.819564,-0.00040066602,0,-29.115813,1.3861029e-05,0
0.5,0,26.819094,-0.00040536955,0,-29.106584,1.381094e-05,0
0.5,0,26.81864,-0.00039534218,0,-29.097356,1.3759231e-05,0
0.5,0,26.818196,-0.00036936225,0,-29.088127,1.3705697e-05,0
0.5,0,26.817755,-0.00032857389,0,-29.078899,1.3650406e-05,0
0.5,0,26.817312,-0.00027698722,0,-29.06967,1.3593446e-05,0
0.5,0,26.816863,-0.00022075182,0,-29.060442,1.3534685e-05,0
0.5,0,26.81641,-0.00016637354,0,-29.051213,1.3473716e-05,0
0.5,0,26.815954,-0.00011909025,0,-29.041985,1.3410041e-05,0
0.5,0,26.815498,-8.1698352e-05,0,-29.032757,1.3343535e-05,0
0.5,0,26.815048,-5.4874987e-05,0,-29.023528,1.327498e-05,0
0.5,0,26.814608,-3.8057945e-05,0,-29.0143,1.3206453e-05,0
0.5,0,26.814188,-3.058462e-05,0,-29.005071,1.3141415e-05,0
0.5,0,26.813803,-3.292613e-05,0,-28.995843,1.3084375e-05,0
0.5,0,26.813474,-4.6965164e-05,0,-28.986614,1.3040279e-05,0
0.5,0,26.813237,-7.6293295e-05,0,-28.977386,1.3013649e-05,0
0.5,0,26.813137,-0.00012496503,0,-28.968157,1.3007777e-05,0
0.5,0,26.813231,-0.00019576986,0,-28.958929,1.3024158e-05,0
0.5,0,26.81358,-0.00028819659,0,-28.9497,1.3062292e-05,0
0.5,0,26.814241,-0.00039739788,0,-28.940472,1.3119899e-05,0
0.5,0,26.815259,-0.00051468498,0,-28.931243,1.3193366e-05,0
0.5,0,26.816661,-0.00062874513,0,-28.922015,1.3278361e-05,0
0.5,0,26.818456,-0.00072810656,0,-28.912786,1.3370402e-05,0
0.5,0,26.82063,-0.00080275609,0,-28.903558,1.3465289e-05,0
0.5,0,26.823145,-0.00084541342,0,-28.89433,1.3559409e-05,0
0.5,0,26.825938,-0.00085223907,0,-28.885101,1.36499e-05,0
0.5,0,26.828925,-0.00082243674,0,-28.875873,1.3734773e-05,0
0.5,0,26.832016,-0.00075821457,0,-28.866644,1.3812972e-05,0
0.5,0,26.835121,-0.00066538767,0,-28.857416,1.3884314e-05,0
0.5,0,26.838153,-0.00055405014,0,-28.848187,1.3949194e-05,0
0.5,0,26.841034,-0.00043906351,0,-28.838959,1.4008045e-05,0
0.5,0,26.843696,-0.00033789234,0,-28.82973,1.406092e-05,0
0.5,0,26.846086,-0.00026631154,0,-28.820502,1.4107455e-05,0
0.5,0,26.848163,-0.00023322226,0,-28.811273,1.4147521e-05,0
0.5,0,26.849904,-0.0002382641,0,-28.802045,1.4182246e-05,0
0.5,0,26.851299,-0.00027451834,0,-28.792816,1.4214558e-05,0
0.5,0,26.852346,-0.0003312688,0,-28.783588,1.4249167e-05,0
0.5,0,26.853047,-0.00039796602,0,-28.774359,1.4291809e-05,0
0.5,0,26.853397,-0.00046801424,0,-28.765131,1.4347843e-05,0
0.5,0,26.853386,-0.00053859992,0,-28.755903,1.4420852e-05,0
0.5,0,26.852994,-0.00060653175,0,-28.746674,1.4512069e-05,0
0.5,0,26.852179,-0.00066550072,0,-28.737446,1.4621123e-05,0
0.5,0,26.850873,-0.00071290218,0,-28.728217,1.4746803e-05,0
0.5,0,26.849002,-0.00075562496,0,-28.718989,1.4886922e-05,0
0.5,0,26.846497,-0.00080379629,0,-28.70976,1.5038538e-05,0
0.5,0,26.843285,-0.00086288225,0,-28.700532,1.5198835e-05,0
0.5,0,26.8393,-0.00093228607,0,-28.691303,1.5365566e-05,0
0.5,0,26.834496,-0.0010054921,0,-28.682075,1.5536936e-05,0
0.5,0,26.82886,-0.0010713533,0,-28.672846,1.5711356e-05,0
0.5,0,26.822431,-0.0011197114,0,-28.663618,1.588706e-05,0
0.5,0,26.815304,-0.0011439206,0,-28.654389,1.6062016e-05,0
0.5,0,26.807632,-0.0011416442,0,-28.645161,1.6234125e-05,0
0.5,0,26.79962,-0.0011155968,0,-28.635932,1.6401427e-05,0
0.5,0,26.791511,-0.0010711509,0,-28.626704,1.6562318e-05,0
0.5,0,26.783567,-0.0010151456,0,-28.617476,1.6715655e-05,0
0.5,0,26.776043,-0.00095456233,0,-28.608247,1.6860848e-05,0
0.5,0,26.769163,-0.00089592515,0,-28.599019,1.6997941e-05,0
0.5,0,26.763102,-0.00084493536,0,-28.58979,1.7127628e-05,0
0.5,0,26.757971,-0.00080606285,0,-28.580562,1.7251193e-05,0
0.5,0,26.753811,-0.00078258504,0,-28.571333,1.7370377e-05,0
0.5,0,26.750596,-0.00077680677,0,-28.562105,1.7487148e-05,0
0.5,0,26.748251,-0.0007900684,0,-28.552876,1.7603415e-05,0
0.5,0,26.746661,-0.00082170824,0,-28.543648,1.7720725e-05,0
0.5,0,26.745695,-0.00086845427,0,-28.534419,1.7839862e-05,0
0.5,0,26.745222,-0.00092365013,0,-28.525191,1.7960536e-05,0
0.5,0,26.745124,-0.00097766021,0,-28.515962,1.8081198e-05,0
0.5,0,26.745304,-0.0010187711,0,-28.506734,1.819901e-05,0
0.5,0,26.745683,-0.0010353919,0,-28.497505,1.8310079e-05,0
0.5,0,26.746199,-0.001019389,0,-28.488277,1.8409873e-05,0
0.5,0,26.746798,-0.00096848884,0,-28.479049,1.8493762e-05,0
0.5,0,26.747436,-0.00088769771,0,-28.46982,1.8557586e-05,0
0.5,0,26.74807,-0.00078815567,0,-28.460592,1.8598179e-05,0
0.5,0,26.748663,-0.000684337,0,-28.451363,1.8613776e-05,0
0.5,0,26.74918,-0.00059039646,0,-28.442135,1.860424e-05,0
0.5,0,26.749599,-0.00051700256,0,-28.432906,1.8571126e-05,0
0.5,0,26.749906,-0.00047001029,0,-28.423678,1.8517551e-05,0
0.5,0,26.750105,-0.00045052114,0,-28.414449,1.8447931e-05,0
0.5,0,26.75021,-0.00045644879,0,-28.405221,1.83676e-05,0
0.5,0,26.750252,-0.00048419202,0,-28.395992,1.8282353e-05,0
0.5,0,26.750269,-0.00052994543,0,-28.386764,1.8197919e-05,0
0.5,0,26.750305,-0.0005901701,0,-28.377535,1.811941e-05,0
0.5,0,26.750399,-0.00066121202,0,-28.368307,1.8050813e-05,0
0.5,0,26.750582,-0.0007383793,0,-28.359078,1.799456e-05,0
0.5,0,26.750849,-0.0008154228,0,-28.34985,1.795124e-05,0
0.5,0,26.751199,-0.00088380088,0,-28.340622,1.7919495e-05,0
0.5,0,26.751644,-0.00093444983,0,-28.331393,1.7896138e-05,0
0.5,0,26.752138,-0.00096026937,0,-28.322165,1.7876508e-05,0
0.5,0,26.752612,-0.00095605324,0,-28.312936,1.7855018e-05,0
0.5,0,26.753004,-0.00092008335,0,-28.303708,1.7825894e-05,0
0.5,0,26.75326,-0.00085466302,0,-28.294479,1.7784012e-05,0
0.5,0,26.753346,-0.00076493521,0,-28.285251,1.7725582e-05,0
0.5,0,26.753241,-0.00065749587,0,-28.276022,1.7648645e-05,0
0.5,0,26.75295,-0.00053898416,0,-28.266794,1.7553344e-05,0
0.5,0,26.752497,-0.00041546588,0,-28.257565,1.744191e-05,0
0.5,0,26.751928,-0.00029244315,0,-28.248337,1.7318371e-05,0
0.5,0,26.751295,-0.00017536391,0,-28.239108,1.7187988e-05,0
0.5,0,26.750656,-7.005205e-05,0,-28.22988,1.7056462e-05,0
0.5,0,26.750065,1.7812376e-05,0,-28.220651,1.6929079e-05,0
0.5,0,26.749559,8.530307e-05,0,-28.211423,1.6809958e-05,0
0.5,0,26.749152,0.00013180269,0,-28.202195,1.6701635e-05,0
0.5,0,26.74886,0.00012528659,0,-28.192966,1.6605053e-05,0
0.5,0,26.74868,9.9682503e-05,0,-28.183738,1.6519955e-05,0
0.5,0,26.748618,8.3960754e-05,0,-28.174509,1.6445508e-05,0
0.5,0,26.74864,5.31442e-05,0,-28.165281,1.6380864e-05,0
0.5,0,26.748667,2.2629895e-05,0,-28.156052,1.6325499e-05,0
0.5,0,26.748659,-2.0588582e-06,0,-28.146824,1.6279214e-05,0
0.5,0,26.748579,-1.876198e-05,0,-28.137595,1.6241896e-05,0
0.5,0,26.748402,-2.7728103e-05,0,-28.128367,1.6213189e-05,0
0.5,0,26.748121,-3.0766883e-05,0,-28.119138,1.6192263e-05,0
0.5,0,26.74774,-3.0670845e-05,0,-28.10991,1.6177772e-05,0
0.5,0,26.747279,-3.0749018e-05,0,-28.100681,1.6168012e-05,0
0.5,0,26.746766,-3.4362636e-05,0,-28.091453,1.6161248e-05,0
0.5,0,26.746229,-4.4124329e-05,0,-28.082224,1.6156078e-05,0
0.5,0,26.745701,-6.1485376e-05,0,-28.072996,1.6151711e-05,0
0.5,0,26.745206,-8.6035411e-05,0,-28.063768,1.6148149e-05,0
0.5,0,26.744761,-0.00011596078,0,-28.054539,1.614621e-05,0
0.5,0,26.744372,-0.00014971097,0,-28.045311,1.6147431e-05,0
0.5,0,26.744027,-0.00018406651,0,-28.036082,1.6153881e-05,0
0.5,0,26.743699,-0.00021377248,0,-28.026854,1.6167739e-05,0
0.5,0,26.743347,-0.00023492426,0,-28.017625,1.6190648e-05,0
0.5,0,26.742921,-0.00024739569,0,-28.008397,1.622288e-05,0
0.5,0,26.74237,-0.00025602165,0,-27.999168,1.6262543e-05,0
0.5,0,26.741645,-0.00026914553,0,-27.98994,1.6305199e-05,0
0.5,0,26.740703,-0.0002941798,0,-27.980711,1.6344233e-05,0
0.5,0,26.739509,-0.0003336783,0,-27.971483,1.6371933e-05,0
0.5,0,26.738035,-0.00038493427,0,-27.962254,1.6381004e-05,0
0.5,0,26.736258,-0.00044223125,0,-27.953026,1.636598e-05,0
0.5,0,26.734164,-0.00049897053,0,-27.943797,1.6324079e-05,0
0.5,0,26.731743,-0.00054870242,0,-27.934569,1.6255486e-05,0
0.5,0,26.728992,-0.0005862593,0,-27.925341,1.6163125e-05,0
0.5,0,26.725914,-0.00060868358,0,-27.916112,1.6052119e-05,0
0.5,0,26.72251,-0.00061619917,0,-27.906884,1.592906e-05,0
0.5,0,26.718789,-0.00061297279,0,-27.897655,1.5801227e-05,0
0.5,0,26.71476,-0.00060633647,0,-27.888427,1.5675907e-05,0
0.5,0,26.710435,-0.00060501975,0,-27.879198,1.5559901e-05,0
0.5,0,26.705827,-0.00061769251,0,-27.86997,1.545926e-05,0
0.5,0,26.700949,-0.00065209045,0,-27.860741,1.5379149e-05,0
0.5,0,26.695816,-0.00071369472,0,-27.851513,1.5323831e-05,0
0.5,0,26.690449,-0.00080375513,0,-27.842284,1.5296692e-05,0
0.5,0,26.684875,-0.0009174737,0,-27.833056,1.5300369e-05,0
0.5,0,26.679125,-0.0010438809,0,-27.823827,1.533685e-05,0
0.5,0,26.673231,-0.001168399,0,-27.814599,1.5407373e-05,0
0.5,0,26.667234,-0.0012763585,0,-27.80537,1.551209e-05,0
0.5,0,26.661181,-0.0013566188,0,-27.796142,1.5649563e-05,0
0.5,0,26.655125,-0.001403528,0,-27.786914,1.5816221e-05,0
0.5,0,26.649121,-0.0014166427,0,-27.777685,1.6006035e-05,0
0.5,0,26.64322,-0.0013993944,0,-27.768457,1.6210572e-05,0
0.5,0,26.63747,-0.0013553486,0,-27.759228,1.6419667e-05,0
0.5,0,26.631918,-0.0012853071,0,-27.75,1.6622817e-05,0
0.5,0,26.626598,-0.0011897618,0,-27.740771,1.6810885e-05,0
0.5,0,26.62152,-0.0010752422,0,-27.731543,1.6977029e-05,0
0.5,0,26.616699,-0.00095534773,0,-27.722314,1.7116609e-05,0
0.5,0,26.612149,-0.00084336163,0,-27.713086,1.7227262e-05,0
0.5,0,26.607878,-0.00074626174,0,-27.703857,1.7309317e-05,0
0.5,0,26.603897,-0.00066539224,0,-27.694629,1.7365669e-05,0
0.5,0,26.600199,-0.00060210512,0,-27.6854,1.7400975e-05,0
0.5,0,26.596796,-0.0005619171,0,-27.676172,1.7421098e-05,0
0.5,0,26.593665,-0.00054992567,0,-27.666943,1.743258e-05,0
0.5,0,26.590787,-0.00056685134,0,-27.657715,1.7442199e-05,0
0.5,0,26.588191,-0.00060920477,0,-27.648487,1.745692e-05,0
0.5,0,26.58586,-0.00066784344,0,-27.639258,1.7483531e-05,0
0.5,0,26.583779,-0.00072731781,0,-27.63003,1.7527539e-05,0
0.5,0,26.581925,-0.00077035114,0,-27.620801,1.7592026e-05,0
0.5,0,26.580266,-0.00078521095,0,-27.611573,1.7677421e-05,0
0.5,0,26.57877,-0.00076803904,0,-27.602344,1.7781793e-05,0
0.5,0,26.577405,-0.00072100503,0,-27.593116,1.7901133e-05,0
0.5,0,26.576142,-0.00064955701,0,-27.583887,1.8029623e-05,0
0.5,0,26.574958,-0.00056046419,0,-27.574659,1.8160151e-05,0
0.5,0,26.573834,-0.00046101072,0,-27.56543,1.828503e-05,0
0.5,0,26.572752,-0.00035812002,0,-27.556202,1.8396891e-05,0
0.5,0,26.571698,-0.00025854057,0,-27.546973,1.8489614e-05,0
0.5,0,26.570659,-0.00016930551,0,-27.537745,1.8559132e-05,0
0.5,0,26.569624,-9.8100112e-05,0,-27.528516,1.8603935e-05,0
0.5,0,26.568582,-5.3849716e-05,0,-27.519288,1.8625076e-05,0
0.5,0,26.567521,-4.5360867e-05,0,-27.51006,1.8625746e-05,0
0.5,0,26.566424,-7.7370499e-05,0,-27.500831,1.8610668e-05,0
0.5,0,26.56528,-0.00014599649,0,-27.491603,1.8585659e-05,0
0.5,0,26.564077,-0.0002378228,0,-27.482374,1.8557261e-05,0
0.5,0,26.562802,-0.00033154684,0,-27.473146,1.8532342e-05,0
0.5,0,26.561433,-0.00040321192,0,-27.463917,1.8518068e-05,0
0.5,0,26.559951,-0.00044315937,0,-27.454689,1.8521043e-05,0
0.5,0,26.558379,-0.00046632972,0,-27.44546,1.8544119e-05,0
0.5,0,26.556762,-0.00048260664,0,-27.436232,1.8583421e-05,0
0.5,0,26.555104,-0.00047686293,0,-27.427003,1.8630948e-05,0
0.5,0,26.553407,-0.00043892476,0,-27.417775,1.8678807e-05,0
0.5,0,26.551714,-0.00037686965,0,-27.408546,1.8720417e-05,0
0.5,0,26.550058,-0.00030062436,0,-27.399318,1.8750547e-05,0
0.5,0,26.548459,-0.00021318694,0,-27.390089,1.876562e-05,0
0.5,0,26.546957,-0.00012131899,0,-27.380861,1.8762571e-05,0
0.5,0,26.545588,-3.3629807e-05,0,-27.371633,1.8739077e-05,0
0.5,0,26.54439,4.6937969e-05,0,-27.362404,1.8696224e-05,0
0.5,0,26.543424,0.00011769918,0,-27.353176,1.8637778e-05,0
0.5,0,26.542744,0.00017612353,0,-27.343947,1.856763e-05,0
0.5,0,26.542376,0.00021712396,0,-27.334719,1.8489131e-05,0
0.5,0,26.54231,0.00023521161,0,-27.32549,1.8405971e-05,0
0.5,0,26.542511,0.00023110119,0,-27.316262,1.8322089e-05,0
0.5,0,26.542929,0.0002144226,0,-27.307033,1.8240588e-05,0
0.5,0,26.543527,0.00019825453,0,-27.297805,1.8162602e-05,0
0.5,0,26.54429,0.00019306462,0,-27.288576,1.8086914e-05,0
0.5,0,26.545206,0.00020516675,0,-27.279348,1.8010691e-05,0
0.5,0,26.546254,0.00023558478,0,-27.270119,1.7930356e-05,0
0.5,0,26.547404,0.00028208776,0,-27.260891,1.7842214e-05,0
0.5,0,26.548624,0.00034052766,0,-27.251662,1.7742856e-05,0
0.5,0,26.549893,0.00040471219,0,-27.242434,1.7629482e-05,0
0.5,0,26.551203,0.00046772388,0,-27.233206,1.7500242e-05,0
0.5,0,26.552561,0.00052343226,0,-27.223977,1.7354374e-05,0
0.5,0,26.553982,0.00056808832,0,-27.214749,1.719213e-05,0
0.5,0,26.555481,0.00059938059,0,-27.20552,1.7014622e-05,0
0.5,0,26.557063,0.00061417149,0,-27.196292,1.6823774e-05,0
0.5,0,26.558725,0.00060818519,0,-27.187063,1.662231e-05,0
0.5,0,26.560453,0.00057870188,0,-27.177835,1.6413552e-05,0
0.5,0,26.562226,0.00052737933,0,-27.168606,1.6200963e-05,0
0.5,0,26.564016,0.00045977244,0,-27.159378,1.598769e-05,0
0.5,0,26.565798,0.0003817947,0,-27.150149,1.5776434e-05,0
0.5,0,26.56755,0.0002965542,0,-27.140921,1.5569703e-05,0
0.5,0,26.569257,0.00020417722,0,-27.131692,1.5370168e-05,0
0.5,0,26.570911,0.00010410527,0,-27.122464,1.5180812e-05,0
0.5,0,26.572504,-3.3236426e-06,0,-27.113235,1.5004705e-05,0
0.5,0,26.57403,-0.00011617601,0,-27.104007,1.4844517e-05,0
0.5,0,26.575475,-0.00022982612,0,-27.094779,1.4702038e-05,0
0.5,0,26.576808,-0.00033683752,0,-27.08555,1.4577764e-05,0
0.5,0,26.577974,-0.00042852175,0,-27.076322,1.4470631e-05,0
0.5,0,26.578897,-0.00049768109,0,-27.067093,1.4378053e-05,0
0.5,0,26.579479,-0.00054076111,0,-27.057865,1.4296371e-05,0
0.5,0,26.57962,-0.00055891514,0,-27.048636,1.422157e-05,0
0.5,0,26.579227,-0.00055716652,0,-27.039408,1.4149989e-05,0
0.5,0,26.578238,-0.00054228004,0,-27.030179,1.4078845e-05,0
0.5,0,26.576637,-0.00052047421,0,-27.020951,1.4006408e-05,0
0.5,0,26.574463,-0.00049546496,0,-27.011722,1.3931855e-05,0
0.5,0,26.571818,-0.00046881852,0,-27.002494,1.3854964e-05,0
0.5,0,26.568852,-0.00044129497,0,-26.993265,1.377587e-05,0
0.5,0,26.565749,-0.00041457204,0,-26.984037,1.3694962e-05,0
0.5,0,26.562694,-0.000392659,0,-26.974808,1.3612977e-05,0
0.5,0,26.559854,-0.00038057277,0,-26.96558,1.3531242e-05,0
0.5,0,26.557345,-0.00038256059,0,-26.956352,1.3451819e-05,0
0.5,0,26.555224,-0.00040034634,0,-26.947123,1.3377435e-05,0
0.5,0,26.553481,-0.00043116012,0,-26.937895,1.3311258e-05,0
0.5,0,26.552048,-0.00046882218,0,-26.928666,1.3256577e-05,0
0.5,0,26.550808,-0.00050746148,0,-26.919438,1.3216416e-05,0
0.5,0,26.549622,-0.00054290984,0,-26.910209,1.3193233e-05,0
0.5,0,26.54835,-0.00057246524,0,-26.900981,1.3188749e-05,0
0.5,0,26.546881,-0.00059598767,0,-26.891752,1.320368e-05,0
0.5,0,26.545152,-0.0006153628,0,-26.882524,1.3237429e-05,0
0.5,0,26.543159,-0.00063264889,0,-26.873295,1.3288048e-05,0
0.5,0,26.540957,-0.00064853567,0,-26.864067,1.3352387e-05,0
0.5,0,26.538646,-0.00066219904,0,-26.854838,1.3426453e-05,0
0.5,0,26.536358,-0.0006721148,0,-26.84561,1.350607e-05,0
0.5,0,26.534238,-0.00067658579,0,-26.836381,1.3587659e-05,0
0.5,0,26.532421,-0.00067560597,0,-26.827153,1.3668857e-05,0
0.5,0,26.531016,-0.00067238214,0,-26.817925,1.3748801e-05,0
0.5,0,26.530094,-0.0006727619,0,-26.808696,1.3828079e-05,0
0.5,0,26.529681,-0.00068295667,0,-26.799468,1.3908505e-05,0
0.5,0,26.52975,-0.0007078688,0,-26.790239,1.3992767e-05,0
0.5,0,26.530245,-0.0007503871,0,-26.781011,1.4083854e-05,0
0.5,0,26.531077,-0.00081067053,0,-26.771782,1.4184272e-05,0
0.5,0,26.532134,-0.0008852306,0,-26.762554,1.4295402e-05,0
0.5,0,26.533307,-0.00096635056,0,-26.753325,1.4417157e-05,0
0.5,0,26.53448,-0.0010429548,0,-26.744097,1.4547824e-05,0
0.5,0,26.535558,-0.0011027124,0,-26.734868,1.4684159e-05,0
0.5,0,26.536462,-0.0011353912,0,-26.72564,1.4821742e-05,0
0.5,0,26.537138,-0.0011353233,0,-26.716411,1.4955402e-05,0
0.5,0,26.537564,-0.0011024723,0,-26.707183,1.5079663e-05,0
0.5,0,26.537748,-0.001041685,0,-26.697954,1.5189327e-05,0
0.5,0,26.537719,-0.00096090577,0,-26.688726,1.5280092e-05,0
0.5,0,26.53753,-0.0008700675,0,-26.679498,1.5349045e-05,0
0.5,0,26.537243,-0.00077914675,0,-26.670269,1.5395114e-05,0
0.5,0,26.536918,-0.00069653488,0,-26.661041,1.5419427e-05,0
0.5,0,26.536595,-0.00062858272,0,-26.651812,1.542534e-05,0
0.5,0,26.536283,-0.0005800775,0,-26.642584,1.5418024e-05,0
0.5,0,26.535975,-0.00055421492,0,-26.633355,1.540373e-05,0
0.5,0,26.535645,-0.00055144229,0,-26.624127,1.5388991e-05,0
0.5,0,26.535246,-0.00056929942,0,-26.614898,1.5379809e-05,0
0.5,0,26.534725,-0.00060307057,0,-26.60567,1.5381004e-05,0
0.5,0,26.534045,-0.0006457566,0,-26.596441,1.5395855e-05,0
0.5,0,26.533192,-0.00068761127,0,-26.587213,1.5425926e-05,0
0.5,0,26.532184,-0.00071789863,0,-26.577984,1.5471092e-05,0
0.5,0,26.531065,-0.00072747034,0,-26.568756,1.5529774e-05,0
0.5,0,26.529895,-0.00071028393,0,-26.559527,1.5599185e-05,0
0.5,0,26.528745,-0.0006645706,0,-26.550299,1.5675485e-05,0
0.5,0,26.527684,-0.00059371902,0,-26.541071,1.5754032e-05,0
0.5,0,26.526773,-0.00050640361,0,-26.531842,1.58298e-05,0
0.5,0,26.526056,-0.00041466772,0,-26.522614,1.5897925e-05,0
0.5,0,26.525558,-0.00033150502,0,-26.513385,1.5954271e-05,0
0.5,0,26.525282,-0.00026833145,0,-26.504157,1.5995882e-05,0
0.5,0,26.525208,-0.00023309412,0,-26.494928,1.6021281e-05,0
0.5,0,26.525306,-0.00022932956,0,-26.4857,1.6030515e-05,0
0.5,0,26.525537,-0.00025578449,0,-26.476471,1.602501e-05,0
0.5,0,26.525858,-0.0003072588,0,-26.467243,1.6007229e-05,0
0.5,0,26.526228,-0.00037581523,0,-26.458014,1.5980266e-05,0
0.5,0,26.526611,-0.00045241505,0,-26.448786,1.5947406e-05,0
0.5,0,26.526977,-0.00052812131,0,-26.439557,1.5911714e-05,0
0.5,0,26.527305,-0.00059498993,0,-26.430329,1.5875646e-05,0
0.5,0,26.527583,-0.0006464707,0,-26.4211,1.5840717e-05,0
0.5,0,26.527811,-0.00067740668,0,-26.411872,1.5807295e-05,0
0.5,0,26.527997,-0.00068408201,0,-26.402644,1.577458e-05,0
0.5,0,26.528156,-0.00066446978,0,-26.393415,1.5740817e-05,0
0.5,0,26.528307,-0.00061928707,0,-26.384187,1.570368e-05,0
0.5,0,26.52847,-0.00055289193,0,-26.374958,1.5660743e-05,0
0.5,0,26.528661,-0.00047396747,0,-26.36573,1.5609898e-05,0
0.5,0,26.528895,-0.00039471987,0,-26.356501,1.5549668e-05,0
0.5,0,26.529178,-0.00032875877,0,-26.347273,1.5479419e-05,0
0.5,0,26.529506,-0.00028797223,0,-26.338044,1.5399516e-05,0
0.5,0,26.529869,-0.0002791261,0,-26.328816,1.5311452e-05,0
0.5,0,26.530243,-0.00030188607,0,-26.319587,1.5217878e-05,0
0.5,0,26.530597,-0.00034838339,0,-26.310359,1.5122488e-05,0
0.5,0,26.530897,-0.00040552109,0,-26.30113,1.5029685e-05,0
0.5,0,26.531105,-0.00045860036,0,-26.291902,1.4944076e-05,0
0.5,0,26.531193,-0.00049537302,0,-26.282673,1.4869851e-05,0
0.5,0,26.531135,-0.0005091405,0,-26.273445,1.4810181e-05,0
0.5,0,26.530915,-0.00049959476,0,-26.264217,1.4766815e-05,0
0.5,0,26.530522,-0.00047189199,0,-26.254988,1.4739927e-05,0
0.5,0,26.529956,-0.00043391638,0,-26.24576,1.4728319e-05,0
0.5,0,26.529228,-0.00039344969,0,-26.236531,1.4729835e-05,0
0.5,0,26.528353,-0.00035612544,0,-26.227303,1.4741846e-05,0
0.5,0,26.52735,-0.00032466075,0,-26.218074,1.4761659e-05,0
0.5,0,26.526235,-0.00029947639,0,-26.208846,1.4786747e-05,0
0.5,0,26.525025,-0.00027984173,0,-26.199617,1.4814863e-05,0
0.5,0,26.523736,-0.00026505082,0,-26.190389,1.4844114e-05,0
0.5,0,26.522385,-0.0002556048,0,-26.18116,1.4873036e-05,0
0.5,0,26.521002,-0.00025336506,0,-26.171932,1.4900745e-05,0
0.5,0,26.519622,-0.00026048303,0,-26.162703,1.4927128e-05,0
0.5,0,26.518281,-0.00027861422,0,-26.153475,1.4952895e-05,0
0.5,0,26.517018,-0.00030858118,0,-26.144246,1.4979374e-05,0
0.5,0,26.515874,-0.00034959037,0,-26.135018,1.5008133e-05,0
0.5,0,26.514893,-0.00039861796,0,-26.12579,1.5040515e-05,0
0.5,0,26.514117,-0.00045029878,0,-26.116561,1.5077154e-05,0
0.5,0,26.513586,-0.00049752343,0,-26.107333,1.511764e-05,0
0.5,0,26.513332,-0.0005330734,0,-26.098104,1.5160405e-05,0
0.5,0,26.513382,-0.00055069329,0,-26.088876,1.520288e-05,0
0.5,0,26.513746,-0.00054603826,0,-26.079647,1.5241885e-05,0
0.5,0,26.514423,-0.00051657453,0,-26.070419,1.5274252e-05,0
0.5,0,26.515399,-0.00046118991,0,-26.06119,1.5297622e-05,0
0.5,0,26.516652,-0.00038094342,0,-26.051962,1.5311169e-05,0
0.5,0,26.518155,-0.00028055983,0,-26.042733,1.5315973e-05,0
0.5,0,26.519873,-0.00017059706,0,-26.033505,1.531479e-05,0
0.5,0,26.521768,-6.6224218e-05,0,-26.024276,1.5311392e-05,0
0.5,0,26.523795,1.5720892e-05,0,-26.015048,1.530972e-05,0
0.5,0,26.525912,6.0815145e-05,0,-26.005819,1.5313083e-05,0
0.5,0,26.52807,6.0824546e-05,0,-25.996591,1.5323447e-05,0
0.5,0,26.530215,6.2474209e-06,0,-25.987362,1.5342449e-05,0
0.5,0,26.532315,-9.0215413e-05,0,-25.978134,1.5370025e-05,0
0.5,0,26.534324,-0.00019164502,0,-25.968906,1.5403176e-05,0
0.5,0,26.536179,-0.00029352122,0,-25.959677,1.5440799e-05,0
0.5,0,26.537878,-0.00040042997,0,-25.950449,1.5482176e-05,0
0.5,0,26.539465,-0.00049247335,0,-25.94122,1.5522106e-05,0
0.5,0,26.540995,-0.00055671646,0,-25.931992,1.5553416e-05,0
0.5,0,26.542541,-0.00059077134,0,-25.922763,1.5570118e-05,0
0.5,0,26.54419,-0.00059234886,0,-25.913535,1.5567945e-05,0
0.5,0,26.546018,-0.00056200429,0,-25.904306,1.5544443e-05,0
0.5,0,26.548071,-0.00050435753,0,-25.895078,1.5499329e-05,0
0.5,0,26.550347,-0.00042748396,0,-25.885849,1.5434624e-05,0
0.5,0,26.552796,-0.00034173289,0,-25.876621,1.5354413e-05,0
0.5,0,26.555314,-0.00025741132,0,-25.867392,1.5264373e-05,0
0.5,0,26.557757,-0.000183863,0,-25.858164,1.5171147e-05,0
0.5,0,26.55996,-0.00012833733,0,-25.848935,1.5081686e-05,0
0.5,0,26.561765,-9.5029993e-05,0,-25.839707,1.500268e-05,0
0.5,0,26.563064,-8.4920646e-05,0,-25.830479,1.4940051e-05,0
0.5,0,26.563819,-9.5590069e-05,0,-25.82125,1.4898482e-05,0
0.5,0,26.56408,-0.00012139092,0,-25.812022,1.488098e-05,0
0.5,0,26.563967,-0.00015485691,0,-25.802793,1.488856e-05,0
0.5,0,26.56364,-0.00018834969,0,-25.793565,1.4920161e-05,0
0.5,0,26.563264,-0.00021508931,0,-25.784336,1.4972855e-05,0
0.5,0,26.562983,-0.00022950191,0,-25.775108,1.5042274e-05,0
0.5,0,26.562904,-0.00022717744,0,-25.765879,1.512322e-05,0
0.5,0,26.56309,-0.00020498926,0,-25.756651,1.5210321e-05,0
0.5,0,26.56356,-0.00016222381,0,-25.747422,1.5298592e-05,0
0.5,0,26.564298,-0.00010213752,0,-25.738194,1.5383783e-05,0
0.5,0,26.565254,-3.1994497e-05,0,-25.728965,1.5462477e-05,0
0.5,0,26.566363,3.7778718e-05,0,-25.719737,1.5531985e-05,0
0.5,0,26.567551,9.6165967e-05,0,-25.710508,1.5590307e-05,0
0.5,0,26.568753,0.00013424774,0,-25.70128,1.5636251e-05,0
0.5,0,26.569918,0.00014671406,0,-25.692052,1.5669651e-05,0
0.5,0,26.571015,0.00013233348,0,-25.682823,1.569151e-05,0
0.5,0,26.572031,9.3207613e-05,0,-25.673595,1.5703791e-05,0
0.5,0,26.572967,3.425243e-05,0,-25.664366,1.5708888e-05,0
0.5,0,26.573837,-3.7726857e-05,0,-25.655138,1.5708924e-05,0
0.5,0,26.57466,-0.0001149436,0,-25.645909,1.570517e-05,0
0.5,0,26.575459,-0.00018977241,0,-25.636681,1.5697858e-05,0
0.5,0,26.57626,-0.00025593916,0,-25.627452,1.5686356e-05,0
0.5,0,26.577089,-0.00030896994,0,-25.618224,1.566959e-05,0
0.5,0,26.57797,-0.00034670589,0,-25.608995,1.5646441e-05,0
0.5,0,26.578927,-0.0003697689,0,-25.599767,1.5615989e-05,0
0.5,0,26.57999,-0.00038174295,0,-25.590538,1.5577597e-05,0
0.5,0,26.581193,-0.00038794217,0,-25.58131,1.553094e-05,0
0.5,0,26.582578,-0.00039358786,0,-25.572081,1.5476114e-05,0
0.5,0,26.584196,-0.00040302967,0,-25.562853,1.5413735e-05,0
0.5,0,26.586099,-0.00041962569,0,-25.553625,1.5344954e-05,0
0.5,0,26.588338,-0.00044607038,0,-25.544396,1.5271259e-05,0
0.5,0,26.59095,-0.00048428271,0,-25.535168,1.5194106e-05,0
0.5,0,26.593944,-0.00053346404,0,-25.525939,1.5114517e-05,0
0.5,0,26.597292,-0.00058789527,0,-25.516711,1.5032865e-05,0
0.5,0,26.600915,-0.0006382812,0,-25.507482,1.4948894e-05,0
0.5,0,26.604697,-0.00067579653,0,-25.498254,1.4861714e-05,0
0.5,0,26.608487,-0.00069669391,0,-25.489025,1.4769656e-05,0
0.5,0,26.612114,-0.00070447763,0,-25.479797,1.467005e-05,0
0.5,0,26.615397,-0.00070650555,0,-25.470568,1.4559315e-05,0
0.5,0,26.618162,-0.00070886066,0,-25.46134,1.4433583e-05,0
0.5,0,26.620262,-0.0007132922,0,-25.452111,1.4289772e-05,0
0.5,0,26.621591,-0.00071756239,0,-25.442883,1.412661e-05,0
0.5,0,26.622083,-0.00071830388,0,-25.433654,1.3945134e-05,0
0.5,0,26.62169,-0.00071246924,0,-25.424426,1.3748639e-05,0
0.5,0,26.620373,-0.00069960874,0,-25.415198,1.3541671e-05,0
0.5,0,26.61808,-0.00068190402,0,-25.405969,1.3328539e-05,0
0.5,0,26.614743,-0.00066106469,0,-25.396741,1.3112632e-05,0
0.5,0,26.61034,-0.00064123209,0,-25.387512,1.2896234e-05,0
0.5,0,26.604955,-0.00062456954,0,-25.378284,1.2680435e-05,0
0.5,0,26.598791,-0.00060543063,0,-25.369055,1.246579e-05,0
0.5,0,26.592134,-0.00057994007,0,-25.359827,1.225214e-05,0
0.5,0,26.585308,-0.00054480056,0,-25.350598,1.2038686e-05,0
0.5,0,26.57865,-0.0004951839,0,-25.34137,1.1824818e-05,0
0.5,0,26.572505,-0.00042879978,0,-25.332141,1.1609675e-05,0
0.5,0,26.567188,-0.00034435755,0,-25.322913,1.1392068e-05,0
0.5,0,26.56294,-0.00024398521,0,-25.313684,1.1170581e-05,0
0.5,0,26.559888,-0.0001338178,0,-25.304456,1.0944267e-05,0
0.5,0,26.558062,-2.7248141e-05,0,-25.295227,1.0712481e-05,0
0.5,0,26.557388,6.6562328e-05,0,-25.285999,1.0474972e-05,0
0.5,0,26.557698,0.00014573154,0,-25.276771,1.0232427e-05,0
0.5,0,26.558772,0.00020472564,0,-25.267542,9.9856822e-06,0
0.5,0,26.560382,0.00023989177,0,-25.258314,9.7356966e-06,0
0.5,0,26.562314,0.00025371354,0,-25.249085,9.4837112e-06,0
0.5,0,26.56438,0.00025393695,0,-25.239857,9.2309283e-06,0
0.5,0,26.566434,0.00024849818,0,-25.230628,8.9778145e-06,0
0.5,0,26.568371,0.00024219859,0,-25.2214,8.7238267e-06,0
0.5,0,26.57013,0.00023583899,0,-25.212171,8.4678595e-06,0
0.5,0,26.57168,0.0002272754,0,-25.202943,8.2089847e-06,0
0.5,0,26.573011,0.00021447201,0,-25.193714,7.9471978e-06,0
0.5,0,26.574126,0.00019606118,0,-25.184486,7.6839364e-06,0
0.5,0,26.575029,0.00017098291,0,-25.175257,7.422372e-06,0
0.5,0,26.575723,0.00013694245,0,-25.166029,7.1673134e-06,0
0.5,0,26.576207,9.0907978e-05,0,-25.1568,6.9247984e-06,0
0.5,0,26.576484,3.0691978e-05,0,-25.147572,6.7015622e-06,0
0.5,0,26.576569,-4.4042888e-05,0,-25.138344,6.5044554e-06,0
0.5,0,26.576493,-0.00013180531,0,-25.129115,6.3398263e-06,0
0.5,0,26.576307,-0.00023177688,0,-25.119887,6.2126195e-06,0
0.5,0,26.576065,-0.00034464451,0,-25.110658,6.1252912e-06,0
0.5,0,26.575816,-0.00047521669,0,-25.10143,6.0781005e-06,0
0.5,0,26.575614,-0.00061300072,0,-25.092201,6.0681098e-06,0
0.5,0,26.575493,-0.0007311571,0,-25.082973,6.0883637e-06,0
0.5,0,26.575458,-0.00082717032,0,-25.073744,6.1316822e-06,0
0.5,0,26.57553,-0.00090609916,0,-25.064516,6.1907098e-06,0
0.5,0,26.575733,-0.00095546361,0,-25.055287,6.2556417e-06,0
0.5,0,26.57608,-0.00096710414,0,-25.046059,6.316661e-06,0
0.5,0,26.576583,-0.00094049215,0,-25.03683,6.3665325e-06,0
0.5,0,26.577263,-0.00087714558,0,-25.027602,6.4013692e-06,0
0.5,0,26.578162,-0.00078871907,0,-25.018373,6.4202175e-06,0
0.5,0,26.579351,-0.00069358549,0,-25.009145,6.4241346e-06,0
0.5,0,26.580895,-0.00060491912,0,-24.999917,6.4151913e-06,0
0.5,0,26.582789,-0.00053276182,0,-24.990688,6.3959661e-06,0
0.5,0,26.58495,-0.00048156148,0,-24.98146,6.3694463e-06,0
0.5,0,26.587264,-0.00045169618,0,-24.972231,6.3398325e-06,0
0.5,0,26.589643,-0.00044245379,0,-24.963003,6.3132794e-06,0
0.5,0,26.59204,-0.000444562,0,-24.953774,6.2966146e-06,0
0.5,0,26.594442,-0.00044474815,0,-24.944546,6.2955313e-06,0
0.5,0,26.596846,-0.00043725117,0,-24.935317,6.3133259e-06,0
0.5,0,26.599251,-0.00042700189,0,-24.926089,6.3502971e-06,0
0.5,0,26.601666,-0.00042219683,0,-24.91686,6.4035946e-06,0
0.5,0,26.604095,-0.00042863128,0,-24.907632,6.4673676e-06,0
0.5,0,26.606532,-0.00044809794,0,-24.898403,6.5334633e-06,0
0.5,0,26.608962,-0.00047850369,0,-24.889175,6.5928467e-06,0
0.5,0,26.611378,-0.0005135667,0,-24.879946,6.6378671e-06,0
0.5,0,26.613779,-0.00054175266,0,-24.870718,6.6641988e-06,0
0.5,0,26.616169,-0.00055178185,0,-24.86149,6.6718668e-06,0
0.5,0,26.61856,-0.0005357295,0,-24.852261,6.6652395e-06,0
0.5,0,26.620962,-0.00049193011,0,-24.843033,6.6510608e-06,0
0.5,0,26.623393,-0.00043212404,0,-24.833804,6.6360758e-06,0
0.5,0,26.625895,-0.00037763882,0,-24.824576,6.6254629e-06,0
0.5,0,26.628543,-0.00034436042,0,-24.815347,6.6217724e-06,0
0.5,0,26.631405,-0.00033319004,0,-24.806119,6.625355e-06,0
0.5,0,26.634479,-0.00033943409,0,-24.79689,6.6348679e-06,0
0.5,0,26.637748,-0.0003683331,0,-24.787662,6.6486299e-06,0
0.5,0,26.64131,-0.00039886557,0,-24.778433,6.6651908e-06,0
0.5,0,26.645272,-0.00042117002,0,-24.769205,6.6802505e-06,0
0.5,0,26.649576,-0.0004350209,0,-24.759976,6.6905469e-06,0
0.5,0,26.654094,-0.00041788232,0,-24.750748,6.6971089e-06,0
0.5,0,26.65871,-0.00036996085,0,-24.741519,6.7008088e-06,0
0.5,0,26.6633,-0.00030541745,0,-24.732291,6.7008995e-06,0
0.5,0,26.667741,-0.0002471356,0,-24.723063,6.6957456e-06,0
0.5,0,26.671933,-0.00022110931,0,-24.713834,6.6838007e-06,0
0.5,0,26.675808,-0.00024187837,0,-24.704606,6.6646861e-06,0
0.5,0,26.67933,-0.0003017838,0,-24.695377,6.6399951e-06,0
0.5,0,26.682497,-0.00037859824,0,-24.686149,6.6138859e-06,0
0.5,0,26.68535,-0.0004556369,0,-24.67692,6.5926053e-06,0
0.5,0,26.687923,-0.00052383345,0,-24.667692,6.5823921e-06,0
0.5,0,26.690278,-0.00057194069,0,-24.658463,6.5869139e-06,0
0.5,0,26.692477,-0.00059199726,0,-24.649235,6.606567e-06,0
0.5,0,26.694571,-0.00058870895,0,-24.640006,6.6401082e-06,0
0.5,0,26.696628,-0.00057181446,0,-24.630778,6.6858482e-06,0
0.5,0,26.69871,-0.00054655532,0,-24.621549,6.7415314e-06,0
0.5,0,26.700887,-0.00051795896,0,-24.612321,6.8042015e-06,0
0.5,0,26.703215,-0.00049463206,0,-24.603092,6.8701397e-06,0
0.5,0,26.705746,-0.0004831607,0,-24.593864,6.9347834e-06,0
0.5,0,26.708512,-0.00048274061,0,-24.584636,6.9928986e-06,0
0.5,0,26.711524,-0.00048866268,0,-24.575407,7.039278e-06,0
0.5,0,26.71476,-0.0004945702,0,-24.566179,7.0705687e-06,0
0.5,0,26.718181,-0.00049551094,0,-24.55695,7.0866747e-06,0
0.5,0,26.721744,-0.00049266373,0,-24.547722,7.089802e-06,0
0.5,0,26.725402,-0.00048907087,0,-24.538493,7.0825712e-06,0
0.5,0,26.729107,-0.00048578645,0,-24.529265,7.0667796e-06,0
0.5,0,26.732818,-0.00048337175,0,-24.520036,7.0430664e-06,0
0.5,0,26.736514,-0.0004817286,0,-24.510808,7.0114457e-06,0
0.5,0,26.740205,-0.00048126604,0,-24.501579,6.9719444e-06,0
0.5,0,26.74392,-0.00048247311,0,-24.492351,6.925181e-06,0
0.5,0,26.747681,-0.00048508476,0,-24.483122,6.872652e-06,0
0.5,0,26.751496,-0.00049084851,0,-24.473894,6.8159775e-06,0
0.5,0,26.755357,-0.00049992172,0,-24.464665,6.7560754e-06,0
0.5,0,26.759215,-0.00050741847,0,-24.455437,6.6934154e-06,0
0.5,0,26.76297,-0.00050972646,0,-24.446209,6.6285592e-06,0
0.5,0,26.766486,-0.00050923074,0,-24.43698,6.5618466e-06,0
0.5,0,26.769605,-0.00050967591,0,-24.427752,6.4929106e-06,0
0.5,0,26.772153,-0.00050961112,0,-24.418523,6.4212658e-06,0
0.5,0,26.773959,-0.00050547363,0,-24.409295,6.3470019e-06,0
0.5,0,26.774887,-0.00049875281,0,-24.400066,6.2706221e-06,0
0.5,0,26.774871,-0.00049532061,0,-24.390838,6.1930942e-06,0
0.5,0,26.773919,-0.00050172691,0,-24.381609,6.1164314e-06,0
0.5,0,26.772124,-0.00052276806,0,-24.372381,6.0438215e-06,0
0.5,0,26.769649,-0.00055824144,0,-24.363152,5.9788388e-06,0
0.5,0,26.766708,-0.00060047772,0,-24.353924,5.9242601e-06,0
0.5,0,26.763517,-0.00063839977,0,-24.344695,5.8812845e-06,0
0.5,0,26.760271,-0.00066448798,0,-24.335467,5.8496613e-06,0
0.5,0,26.757104,-0.00067796234,0,-24.326238,5.8282911e-06,0
0.5,0,26.754104,-0.00068242755,0,-24.31701,5.8156761e-06,0
0.5,0,26.751301,-0.00067981693,0,-24.307782,5.8101545e-06,0
0.5,0,26.748666,-0.00066965455,0,-24.298553,5.8098312e-06,0
0.5,0,26.746163,-0.00065050591,0,-24.289325,5.8124298e-06,0
0.5,0,26.743757,-0.00062036575,0,-24.280096,5.8153451e-06,0
0.5,0,26.741435,-0.00057884259,0,-24.270868,5.8158305e-06,0
0.5,0,26.739205,-0.00052668278,0,-24.261639,5.8111432e-06,0
0.5,0,26.737098,-0.00046385942,0,-24.252411,5.798607e-06,0
0.5,0,26.735152,-0.00039009817,0,-24.243182,5.7756637e-06,0
0.5,0,26.733399,-0.00030635271,0,-24.233954,5.7401103e-06,0
0.5,0,26.73185,-0.0002170067,0,-24.224725,5.6904905e-06,0
0.5,0,26.730487,-0.00013022292,0,-24.215497,5.6263772e-06,0
0.5,0,26.729265,-5.5859117e-05,0,-24.206268,5.5483864e-06,0
0.5,0,26.728118,-2.7160631e-06,0,-24.19704,5.457862e-06,0
0.5,0,26.72697,2.4124299e-05,0,-24.187811,5.3563501e-06,0
0.5,0,26.725749,2.4518144e-05,0,-24.178583,5.2450861e-06,0
0.5,0,26.724393,2.9045143e-06,0,-24.169355,5.1247024e-06,0
0.5,0,26.722863,-3.3902809e-05,0,-24.160126,4.9952598e-06,0
0.5,0,26.721141,-7.9867869e-05,0,-24.150898,4.8565698e-06,0
0.5,0,26.719237,-0.00013231046,0,-24.141669,4.7086139e-06,0
0.5,0,26.717183,-0.00019246224,0,-24.132441,4.551833e-06,0
0.5,0,26.715041,-0.00026367529,0,-24.123212,4.3871303e-06,0
0.5,0,26.712893,-0.00034820469,0,-24.113984,4.2156514e-06,0
0.5,0,26.71084,-0.00044475493,0,-24.104755,4.0385299e-06,0
0.5,0,26.708994,-0.00054779421,0,-24.095527,3.8567677e-06,0
0.5,0,26.707469,-0.00064908954,0,-24.086298,3.6713145e-06,0
0.5,0,26.706359,-0.00074042283,0,-24.07707,3.4832145e-06,0
0.5,0,26.705733,-0.00081566989,0,-24.067841,3.2936622e-06,0
0.5,0,26.705615,-0.00087203492,0,-24.058613,3.103923e-06,0
0.5,0,26.705985,-0.00090938576,0,-24.049384,2.9151727e-06,0
0.5,0,26.706775,-0.00092868695,0,-24.040156,2.7283845e-06,0
0.5,0,26.70789,-0.00093061515,0,-24.030928,2.5444025e-06,0
0.5,0,26.709216,-0.00091544507,0,-24.021699,2.3641502e-06,0
0.5,0,26.710653,-0.00088442333,0,-24.012471,2.188809e-06,0
0.5,0,26.71213,-0.00084123997,0,-24.003242,2.0198487e-06,0
0.5,0,26.713619,-0.00079259825,0,-23.994014,1.8588306e-06,0
0.5,0,26.715139,-0.00074688364,0,-23.984785,1.7070991e-06,0
0.5,0,26.716741,-0.00071132659,0,-23.975557,1.5656023e-06,0
0.5,0,26.718497,-0.00068986749,0,-23.966328,1.4349164e-06,0
0.5,0,26.720468,-0.00068251379,0,-23.9571,1.3153686e-06,0
0.5,0,26.722692,-0.00068665088,0,-23.947871,1.2070627e-06,0
0.5,0,26.725166,-0.00069908272,0,-23.938643,1.1097438e-06,0
0.5,0,26.727841,-0.00071711329,0,-23.929414,1.0226004e-06,0
0.5,0,26.730634,-0.00073920437,0,-23.920186,9.4418138e-07,0
0.5,0,26.733441,-0.00076423158,0,-23.910957,8.726e-07,0
0.5,0,26.736156,-0.00079124224,0,-23.901729,8.0583412e-07,0
0.5,0,26.738683,-0.00081939468,0,-23.892501,7.420086e-07,0
0.5,0,26.740946,-0.00084754077,0,-23.883272,6.7959764e-07,0
0.5,0,26.742898,-0.00087443304,0,-23.874044,6.17519e-07,0
0.5,0,26.74452,-0.00089862131,0,-23.864815,5.5523136e-07,0
0.5,0,26.745825,-0.00091885685,0,-23.855587,4.9271972e-07,0
0.5,0,26.74684,-0.00093403783,0,-23.846358,4.304088e-07,0
0.5,0,26.747593,-0.00094188812,0,-23.83713,3.6923215e-07,0
0.5,0,26.748111,-0.00093912968,0,-23.827901,3.1075452e-07,0
0.5,0,26.74843,-0.00092328587,0,-23.818673,2.5711132e-07,0
0.5,0,26.748621,-0.0008946544,0,-23.809444,2.106767e-07,0
0.5,0,26.748689,-0.0008565992,0,-23.800216,1.737634e-07,0
0.5,0,26.74872,-0.00081647967,0,-23.790987,1.4812593e-07,0
0.5,0,26.748795,-0.00077951194,0,-23.781759,1.3476454e-07,0
0.5,0,26.748884,-0.00074518707,0,-23.77253,1.3391784e-07,0
0.5,0,26.749008,-0.00071230083,0,-23.763302,1.4498211e-07,0
0.5,0,26.749142,-0.00067828304,0,-23.754074,1.6718661e-07,0
0.5,0,26.749226,-0.00063897212,0,-23.744845,2.0038117e-07,0
0.5,0,26.749185,-0.00059117828,0,-23.735617,2.4511702e-07,0
0.5,0,26.748935,-0.0005351461,0,-23.726388,3.0194043e-07,0
0.5,0,26.748406,-0.00047484496,0,-23.71716,3.7042993e-07,0
0.5,0,26.747556,-0.00041579594,0,-23.707931,4.4869944e-07,0
0.5,0,26.746379,-0.00036270625,0,-23.698703,5.3373355e-07,0
0.5,0,26.744916,-0.00031810608,0,-23.689474,6.2223461e-07,0
0.5,0,26.743251,-0.00028261328,0,-23.680246,7.1142256e-07,0
0.5,0,26.741508,-0.00025689231,0,-23.671017,7.9946527e-07,0
0.5,0,26.739822,-0.00024257585,0,-23.661789,8.8555224e-07,0
0.5,0,26.738309,-0.00024110454,0,-23.65256,9.69702e-07,0
0.5,0,26.737046,-0.00025315521,0,-23.643332,1.0524421e-06,0
0.5,0,26.736073,-0.00027911874,0,-23.634103,1.1346457e-06,0
0.5,0,26.735389,-0.00031876876,0,-23.624875,1.2174901e-06,0
0.5,0,26.734957,-0.0003705676,0,-23.615647,1.3022469e-06,0
0.5,0,26.734705,-0.00043172055,0,-23.606418,1.3899549e-06,0
0.5,0,26.734537,-0.00049940392,0,-23.59719,1.481232e-06,0
0.5,0,26.734354,-0.00057166201,0,-23.587961,1.576283e-06,0
0.5,0,26.734077,-0.00064637959,0,-23.578733,1.6749958e-06,0
0.5,0,26.733665,-0.00072029635,0,-23.569504,1.7769663e-06,0
0.5,0,26.73312,-0.0007888092,0,-23.560276,1.8814826e-06,0
0.5,0,26.732479,-0.0008471602,0,-23.551047,1.9875235e-06,0
0.5,0,26.731816,-0.00089176407,0,-23.541819,2.0937894e-06,0
0.5,0,26.731222,-0.00092062884,0,-23.53259,2.1987668e-06,0
0.5,0,26.730796,-0.0009335444,0,-23.523362,2.3007838e-06,0
0.5,0,26.73062,-0.00093180242,0,-23.514133,2.3981557e-06,0
0.5,0,26.730751,-0.00091844188,0,-23.504905,2.4894101e-06,0
0.5,0,26.731208,-0.00089793279,0,-23.495676,2.5735429e-06,0
0.5,0,26.731966,-0.00087542454,0,-23.486448,2.6502122e-06,0
0.5,0,26.732963,-0.00085538426,0,-23.47722,2.7197502e-06,0
0.5,0,26.734101,-0.0008399942,0,-23.467991,2.782959e-06,0
0.5,0,26.735257,-0.00082860196,0,-23.458763,2.8407302e-06,0
0.5,0,26.736303,-0.00081824954,0,-23.449534,2.8936414e-06,0
0.5,0,26.73712,-0.00080548266,0,-23.440306,2.9416957e-06,0
0.5,0,26.737623,-0.00078805257,0,-23.431077,2.9843298e-06,0
0.5,0,26.737767,-0.00076571348,0,-23.421849,3.0206368e-06,0
0.5,0,26.737559,-0.00073997492,0,-23.41262,3.0496599e-06,0
0.5,0,26.737047,-0.00071328738,0,-23.403392,3.0706138e-06,0
0.5,0,26.73632,-0.0006882487,0,-23.394163,3.0829555e-06,0
0.5,0,26.735492,-0.00066717234,0,-23.384935,3.086332e-06,0
0.5,0,26.73468,-0.00065200279,0,-23.375706,3.0804877e-06,0
0.5,0,26.733994,-0.00064413484,0,-23.366478,3.0652228e-06,0
0.5,0,26.733521,-0.00064413705,0,-23.357249,3.0404155e-06,0
0.5,0,26.733321,-0.00065132143,0,-23.348021,3.0060693e-06,0
0.5,0,26.73343,-0.00066326686,0,-23.338793,2.9623379e-06,0
0.5,0,26.733836,-0.00067695134,0,-23.329564,2.9094527e-06,0
0.5,0,26.734565,-0.00068733178,0,-23.320336,2.8475493e-06,0
0.5,0,26.735577,-0.00068757717,0,-23.311107,2.7768773e-06,0
0.5,0,26.736801,-0.00067430119,0,-23.301879,2.6978486e-06,0
0.5,0,26.738213,-0.00064710604,0,-23.29265,2.610915e-06,0
0.5,0,26.739731,-0.00060678549,0,-23.283422,2.516844e-06,0
0.5,0,26.741279,-0.00055608643,0,-23.274193,2.4168707e-06,0
0.5,0,26.742787,-0.00049908663,0,-23.264965,2.3126725e-06,0
0.5,0,26.744186,-0.00044018031,0,-23.255736,2.2062242e-06,0
0.5,0,26.745416,-0.00038357431,0,-23.246508,2.0995563e-06,0
0.5,0,26.74642,-0.00033319938,0,-23.237279,1.9944951e-06,0
0.5,0,26.747161,-0.00029267888,0,-23.228051,1.8924629e-06,0
0.5,0,26.74762,-0.00026524696,0,-23.218822,1.7943786e-06,0
0.5,0,26.747804,-0.00025353751,0,-23.209594,1.7006439e-06,0
0.5,0,26.747744,-0.00025932292,0,-23.200366,1.6111812e-06,0
0.5,0,26.747487,-0.00028303899,0,-23.191137,1.5255076e-06,0
0.5,0,26.747099,-0.00032366932,0,-23.181909,1.4428339e-06,0
0.5,0,26.746649,-0.00037885887,0,-23.17268,1.3621859e-06,0
0.5,0,26.746207,-0.00044530061,0,-23.163452,1.2825454e-06,0
0.5,0,26.745834,-0.00051928367,0,-23.154223,1.2030057e-06,0
0.5,0,26.745579,-0.0005971453,0,-23.144995,1.1229441e-06,0
0.5,0,26.745468,-0.00067577979,0,-23.135766,1.0422076e-06,0
0.5,0,26.745505,-0.00075296241,0,-23.126538,9.6129391e-07,0
0.5,0,26.745671,-0.00082760942,0,-23.117309,8.8149457e-07,0
0.5,0,26.745928,-0.00089968726,0,-23.108081,8.0495266e-07,0
0.5,0,26.74623,-0.00096982174,0,-23.098852,7.3461748e-07,0
0.5,0,26.746529,-0.0010388763,0,-23.089624,6.7405862e-07,0
0.5,0,26.74679,-0.0011073633,0,-23.080395,6.2718077e-07,0
0.5,0,26.746988,-0.0011751926,0,-23.071167,5.97859e-07,0
0.5,0,26.74712,-0.0012414148,0,-23.061939,5.8952551e-07,0
0.5,0,26.747201,-0.0013039385,0,-23.05271,6.0479535e-07,0
0.5,0,26.747259,-0.0013594587,0,-23.043482,6.4519699e-07,0
0.5,0,26.747337,-0.0014040694,0,-23.034253,7.110557e-07,0
0.5,0,26.747474,-0.0014346288,0,-23.025025,8.0146661e-07,0
0.5,0,26.747707,-0.0014494639,0,-23.015796,9.1436746e-07,0
0.5,0,26.748058,-0.0014482358,0,-23.006568,1.0467576e-06,0
0.5,0,26.748533,-0.0014313657,0,-22.997339,1.1950796e-06,0
0.5,0,26.749124,-0.0014000724,0,-22.988111,1.3556259e-06,0
0.5,0,26.749804,-0.0013564766,0,-22.978882,1.5248519e-06,0
0.5,0,26.750525,-0.0013034089,0,-22.969654,1.699579e-06,0
0.5,0,26.751223,-0.0012441428,0,-22.960425,1.8770743e-06,0
0.5,0,26.751838,-0.0011820941,0,-22.951197,2.0550464e-06,0
0.5,0,26.752309,-0.0011206023,0,-22.941968,2.2315816e-06,0
0.5,0,26.752585,-0.0010626978,0,-22.93274,2.4050595e-06,0
0.5,0,26.752626,-0.001011108,0,-22.923512,2.5740869e-06,0
0.5,0,26.752415,-0.00096804209,0,-22.914283,2.7374699e-06,0
0.5,0,26.751963,-0.00093487218,0,-22.905055,2.8941844e-06,0
0.5,0,26.751308,-0.00091188203,0,-22.895826,3.0433413e-06,0
0.5,0,26.750514,-0.00089846748,0,-22.886598,3.1841785e-06,0
0.5,0,26.749666,-0.00089351766,0,-22.877369,3.3160975e-06,0
0.5,0,26.748859,-0.00089561727,0,-22.868141,3.4387297e-06,0
0.5,0,26.748189,-0.00090310006,0,-22.858912,3.5519908e-06,0
0.5,0,26.74774,-0.00091401941,0,-22.849684,3.656132e-06,0
0.5,0,26.747571,-0.00092622187,0,-22.840455,3.7517985e-06,0
0.5,0,26.747708,-0.00093730343,0,-22.831227,3.8400697e-06,0
0.5,0,26.748139,-0.00094464339,0,-22.821998,3.922459e-06,0
0.5,0,26.748822,-0.00094556922,0,-22.81277,4.000838e-06,0
0.5,0,26.749689,-0.00093755833,0,-22.803541,4.0772814e-06,0
0.5,0,26.750663,-0.00091855228,0,-22.794313,4.153836e-06,0
0.5,0,26.75167,-0.00088711914,0,-22.785085,4.2322725e-06,0
0.5,0,26.752648,-0.00084259291,0,-22.775856,4.3138907e-06,0
0.5,0,26.753555,-0.00078519589,0,-22.766628,4.3993987e-06,0
0.5,0,26.75437,-0.00071597344,0,-22.757399,4.4888772e-06,0
0.5,0,26.755096,-0.00063665383,0,-22.748171,4.5818058e-06,0
0.5,0,26.755743,-0.00054940577,0,-22.738942,4.677153e-06,0
0.5,0,26.756331,-0.00045673323,0,-22.729714,4.7734919e-06,0
0.5,0,26.756871,-0.00036144839,0,-22.720485,4.8691437e-06,0
0.5,0,26.757366,-0.00026699135,0,-22.711257,4.9623157e-06,0
0.5,0,26.757803,-0.00017756137,0,-22.702028,5.0512153e-06,0
0.5,0,26.758159,-9.7987092e-05,0,-22.6928,5.1341336e-06,0
0.5,0,26.758405,-3.3342449e-05,0,-22.683571,5.2094952e-06,0
0.5,0,26.758521,1.1706168e-05,0,-22.674343,5.275882e-06,0
0.5,0,26.758496,3.3439187e-05,0,-22.665114,5.3320475e-06,0
0.5,0,26.758333,2.9761018e-05,0,-22.655886,5.3769796e-06,0
0.5,0,26.758053,5.9613079e-07,0,-22.646658,5.4100276e-06,0
0.5,0,26.757687,-5.1959015e-05,0,-22.637429,5.4310716e-06,0
0.5,0,26.757277,-0.00012391279,0,-22.628201,5.4406747e-06,0
0.5,0,26.756865,-0.00020985696,0,-22.618972,5.4401925e-06,0
0.5,0,26.756488,-0.00030364247,0,-22.609744,5.4317871e-06,0
0.5,0,26.756176,-0.0003990344,0,-22.600515,5.4183424e-06,0
0.5,0,26.755945,-0.00049020988,0,-22.591287,5.4032878e-06,0
0.5,0,26.755801,-0.00057215675,0,-22.582058,5.3903475e-06,0
0.5,0,26.75574,-0.00064099587,0,-22.57283,5.3832405e-06,0
0.5,0,26.755755,-0.0006941289,0,-22.563601,5.3853796e-06,0
0.5,0,26.75584,-0.00073018892,0,-22.554373,5.39961e-06,0
0.5,0,26.755991,-0.00074904325,0,-22.545144,5.4279759e-06,0
0.5,0,26.756209,-0.00075162077,0,-22.535916,5.4715512e-06,0
0.5,0,26.756499,-0.00073977064,0,-22.526687,5.5303576e-06,0
0.5,0,26.75686,-0.00071613665,0,-22.517459,5.6033932e-06,0
0.5,0,26.757292,-0.000684095,0,-22.508231,5.6887337e-06,0
0.5,0,26.757785,-0.00064715809,0,-22.499002,5.7837255e-06,0
0.5,0,26.75832,-0.00060823134,0,-22.489774,5.8852738e-06,0
0.5,0,26.758871,-0.00056926234,0,-22.480545,5.9901783e-06,0
0.5,0,26.759405,-0.00053142116,0,-22.471317,6.0954165e-06,0
0.5,0,26.759886,-0.00049567962,0,-22.462088,6.1982868e-06,0
0.5,0,26.760278,-0.00046300399,0,-22.45286,6.2964361e-06,0
0.5,0,26.760553,-0.0004342959,0,-22.443631,6.3878292e-06,0
0.5,0,26.760691,-0.0004102819,0,-22.434403,6.4707412e-06,0
0.5,0,26.760682,-0.00039149369,0,-22.425174,6.5437994e-06,0
0.5,0,26.760527,-0.00037826043,0,-22.415946,6.6060754e-06,0
0.5,0,26.760243,-0.00037063949,0,-22.406717,6.6572034e-06,0
0.5,0,26.75986,-0.0003682044,0,-22.397489,6.6974862e-06,0
0.5,0,26.759415,-0.00036992476,0,-22.38826,6.727939e-06,0
0.5,0,26.758941,-0.00037421472,0,-22.379032,6.7502277e-06,0
0.5,0,26.75845,-0.00037899193,0,-22.369804,6.7664561e-06,0
0.5,0,26.757949,-0.0003802142,0,-22.360575,6.7788056e-06,0
0.5,0,26.757561,-0.00037701714,0,-22.351347,6.7891282e-06,0
0.5,0,26.757327,-0.00036981459,0,-22.342118,6.7986611e-06,0
0.5,0,26.757177,-0.00035537964,0,-22.33289,6.8079573e-06,0
0.5,0,26.757107,-0.00033082109,0,-22.323661,6.8169092e-06,0
0.5,0,26.757097,-0.00029440666,0,-22.314433,6.8247583e-06,0
0.5,0,26.757125,-0.00024610522,0,-22.305204,6.8301104e-06,0
0.5,0,26.757171,-0.00018734644,0,-22.295976,6.831065e-06,0
0.5,0,26.757228,-0.00012072141,0,-22.286747,6.8254536e-06,0
0.5,0,26.757296,-4.9689106e-05,0,-22.277519,6.8110995e-06,0
0.5,0,26.757386,2.1573339e-05,0,-22.26829,6.7860454e-06,0
0.5,0,26.757521,8.842075e-05,0,-22.259062,6.7487621e-06,0
0.5,0,26.757724,0.00014608591,0,-22.249833,6.6983548e-06,0
0.5,0,26.758004,0.00018993178,0,-22.240605,6.6347542e-06,0
0.5,0,26.75836,0.00021562571,0,-22.231377,6.558858e-06,0
0.5,0,26.758788,0.00021952827,0,-22.222148,6.4725722e-06,0
0.5,0,26.759276,0.00019930194,0,-22.21292,6.3787744e-06,0
0.5,0,26.759802,0.0001541381,0,-22.203691,6.2811898e-06,0
0.5,0,26.760337,8.5003515e-05,0,-22.194463,6.1841861e-06,0
0.5,0,26.760851,-5.1761925e-06,0,-22.185234,6.0924504e-06,0
0.5,0,26.761317,-0.00011147538,0,-22.176006,6.0105938e-06,0
0.5,0,26.76172,-0.00022775258,0,-22.166777,5.9427839e-06,0
0.5,0,26.762052,-0.00034731972,0,-22.157549,5.8925182e-06,0
0.5,0,26.762322,-0.00046329314,0,-22.14832,5.8624843e-06,0
0.5,0,26.762553,-0.00056901558,0,-22.139092,5.8543874e-06,0
0.5,0,26.762778,-0.00065871839,0,-22.129863,5.8688288e-06,0
0.5,0,26.763042,-0.00072824424,0,-22.120635,5.9053662e-06,0
0.5,0,26.763394,-0.00077539807,0,-22.111406,5.9627065e-06,0
0.5,0,26.763881,-0.00080050552,0,-22.102178,6.038756e-06,0
0.5,0,26.764542,-0.00080623042,0,-22.09295,6.1304888e-06,0
0.5,0,26.7654,-0.00079630876,0,-22.083721,6.2338651e-06,0
0.5,0,26.766459,-0.00077390442,0,-22.074493,6.3440324e-06,0
0.5,0,26.767692,-0.00074107602,0,-22.065264,6.4557347e-06,0
0.5,0,26.769046,-0.00069914964,0,-22.056036,6.5637415e-06,0
0.5,0,26.770446,-0.00064954698,0,-22.046807,6.6631278e-06,0
0.5,0,26.771797,-0.00059417614,0,-22.037579,6.7493986e-06,0
0.5,0,26.772983,-0.00053528244,0,-22.02835,6.8185478e-06,0
0.5,0,26.773866,-0.00047574686,0,-22.019122,6.8670276e-06,0
0.5,0,26.774321,-0.00041900098,0,-22.009893,6.8916869e-06,0
0.5,0,26.774247,-0.00036862515,0,-22.000665,6.889712e-06,0
0.5,0,26.773584,-0.00032761177,0,-21.991436,6.8586573e-06,0
0.5,0,26.772312,-0.00029763676,0,-21.982208,6.7965739e-06,0
0.5,0,26.770462,-0.00027836054,0,-21.972979,6.7022155e-06,0
0.5,0,26.768119,-0.00026764275,0,-21.963751,6.5754161e-06,0
0.5,0,26.765411,-0.00026378736,0,-21.954523,6.4174854e-06,0
0.5,0,26.762502,-0.00026729886,0,-21.945294,6.231352e-06,0
0.5,0,26.759573,-0.00027996937,0,-21.936066,6.0214419e-06,0
0.5,0,26.756802,-0.0003036519,0,-21.926837,5.7934081e-06,0
0.5,0,26.754349,-0.00033941349,0,-21.917609,5.5539972e-06,0
0.5,0,26.752335,-0.00038682137,0,-21.90838,5.3110885e-06,0
0.5,0,26.750833,-0.00044473012,0,-21.899152,5.0735722e-06,0
0.5,0,26.749872,-0.00051150061,0,-21.889923,4.8509035e-06,0
0.5,0,26.74943,-0.00058579443,0,-21.880695,4.6522066e-06,0
0.5,0,26.749437,-0.00066657827,0,-21.871466,4.4853237e-06,0
0.5,0,26.74979,-0.00075091219,0,-21.862238,4.3563812e-06,0
0.5,0,26.750373,-0.00083330172,0,-21.853009,4.2695818e-06,0
0.5,0,26.751066,-0.00090710206,0,-21.843781,4.2268545e-06,0
0.5,0,26.751757,-0.00096690819,0,-21.834552,4.2275619e-06,0
0.5,0,26.752357,-0.001008022,0,-21.825324,4.2687194e-06,0
0.5,0,26.7528,-0.0010262456,0,-21.816096,4.3455695e-06,0
0.5,0,26.753047,-0.0010193193,0,-21.806867,4.4521509e-06,0
0.5,0,26.753074,-0.00098627055,0,-21.797639,4.5819613e-06,0
0.5,0,26.752879,-0.00092787695,0,-21.78841,4.7285578e-06,0
0.5,0,26.752478,-0.0008460936,0,-21.779182,4.8860769e-06,0
0.5,0,26.751895,-0.00074448649,0,-21.769953,5.0494376e-06,0
0.5,0,26.751168,-0.00063080778,0,-21.760725,5.2140196e-06,0
0.5,0,26.750345,-0.00051365673,0,-21.751496,5.3755323e-06,0
0.5,0,26.749477,-0.00039880684,0,-21.742268,5.5302848e-06,0
0.5,0,26.748616,-0.00028955448,0,-21.733039,5.6755078e-06,0
0.5,0,26.747808,-0.00018794247,0,-21.723811,5.8094208e-06,0
0.5,0,26.747096,-9.6713497e-05,0,-21.714582,5.9309255e-06,0
0.5,0,26.746511,-1.8824462e-05,0,-21.705354,6.0393069e-06,0
0.5,0,26.746073,4.2885669e-05,0,-21.696125,6.1339775e-06,0
0.5,0,26.745789,8.6336991e-05,0,-21.686897,6.2143785e-06,0
0.5,0,26.745662,0.00011148233,0,-21.677669,6.2802222e-06,0
0.5,0,26.74569,0.00011957274,0,-21.66844,6.331858e-06,0
0.5,0,26.745866,0.00011114715,0,-21.659212,6.3703805e-06,0
0.5,0,26.746187,8.3531806e-05,0,-21.649983,6.3971195e-06,0
0.5,0,26.746655,3.3857138e-05,0,-21.640755,6.4131074e-06,0
0.5,0,26.747279,-3.6579075e-05,0,-21.631526,6.4192439e-06,0
0.5,0,26.748105,-0.00012647803,0,-21.622298,6.416425e-06,0
0.5,0,26.7491,-0.00023223443,0,-21.613069,6.405222e-06,0
0.5,0,26.750247,-0.00034746049,0,-21.603841,6.3860135e-06,0
0.5,0,26.751593,-0.00046682989,0,-21.594612,6.3589729e-06,0
0.5,0,26.753128,-0.00058124323,0,-21.585384,6.3238468e-06,0
0.5,0,26.754832,-0.00068001352,0,-21.576155,6.2801763e-06,0
0.5,0,26.756671,-0.00075607791,0,-21.566927,6.2275382e-06,0
0.5,0,26.758605,-0.00080412423,0,-21.557698,6.165859e-06,0
0.5,0,26.76061,-0.00082157496,0,-21.54847,6.0956726e-06,0
0.5,0,26.76267,-0.00081021709,0,-21.539242,6.0180317e-06,0
0.5,0,26.764745,-0.00077378271,0,-21.530013,5.9340929e-06,0
0.5,0,26.766786,-0.00071960183,0,-21.520785,5.8446218e-06,0
0.5,0,26.768755,-0.00065851425,0,-21.511556,5.7500842e-06,0
0.5,0,26.77062,-0.00060052417,0,-21.502328,5.6511339e-06,0
0.5,0,26.772355,-0.00055263424,0,-21.493099,5.548892e-06,0
0.5,0,26.77393,-0.00051834029,0,-21.483871,5.4451063e-06,0
0.5,0,26.775308,-0.00049794215,0,-21.474642,5.3417386e-06,0
0.5,0,26.77645,-0.00049012453,0,-21.465414,5.2402612e-06,0
0.5,0,26.777315,-0.00049401752,0,-21.456185,5.1416193e-06,0
0.5,0,26.777864,-0.00051048238,0,-21.446957,5.0467167e-06,0
0.5,0,26.77806,-0.00054026548,0,-21.437728,4.9568194e-06,0
0.5,0,26.777878,-0.0005817874,0,-21.4285,4.8735363e-06,0
0.5,0,26.777308,-0.00063040873,0,-21.419271,4.7984605e-06,0
0.5,0,26.776362,-0.00067902663,0,-21.410043,4.7327602e-06,0
0.5,0,26.775075,-0.00072004005,0,-21.400815,4.6769057e-06,0
0.5,0,26.773509,-0.00074728987,0,-21.391586,4.6306066e-06,0
0.5,0,26.771749,-0.00075657678,0,-21.382358,4.5928673e-06,0
0.5,0,26.769909,-0.00074557593,0,-21.373129,4.561992e-06,0
0.5,0,26.768123,-0.00071384474,0,-21.363901,4.5355349e-06,0
0.5,0,26.766535,-0.00066292093,0,-21.354672,4.510351e-06,0
0.5,0,26.765287,-0.00059643065,0,-21.345444,4.482799e-06,0
0.5,0,26.764503,-0.00051897769,0,-21.336215,4.4492096e-06,0
0.5,0,26.764284,-0.00043593779,0,-21.326987,4.4065516e-06,0
0.5,0,26.764688,-0.00035347624,0,-21.317758,4.353202e-06,0
0.5,0,26.765723,-0.00027822914,0,-21.30853,4.2896401e-06,0
0.5,0,26.767339,-0.00021633868,0,-21.299301,4.218683e-06,0
0.5,0,26.769424,-0.00017192076,0,-21.290073,4.1450779e-06,0
0.5,0,26.771818,-0.00014623891,0,-21.280844,4.0745869e-06,0
0.5,0,26.774328,-0.00013620624,0,-21.271616,4.0131097e-06,0
0.5,0,26.776746,-0.00013603573,0,-21.262387,3.9661544e-06,0
0.5,0,26.778875,-0.00014149532,0,-21.253159,3.9383876e-06,0
0.5,0,26.780545,-0.00015020719,0,-21.243931,3.9329871e-06,0
0.5,0,26.78165,-0.00016189066,0,-21.234702,3.9511963e-06,0
0.5,0,26.782101,-0.00017809993,0,-21.225474,3.9925051e-06,0
0.5,0,26.781896,-0.00019431571,0,-21.216245,4.0552859e-06,0
0.5,0,26.781105,-0.00020422671,0,-21.207017,4.1371824e-06,0
0.5,0,26.779813,-0.00021075261,0,-21.197788,4.2351032e-06,0
0.5,0,26.778171,-0.00021872358,0,-21.18856,4.3454452e-06,0
0.5,0,26.776306,-0.00022888326,0,-21.179331,4.4644947e-06,0
0.5,0,26.77434,-0.00024169012,0,-21.170103,4.5887232e-06,0
0.5,0,26.772373,-0.00025825105,0,-21.160874,4.7149695e-06,0
0.5,0,26.770467,-0.00027949972,0,-21.151646,4.8404457e-06,0
0.5,0,26.768653,-0.00030592963,0,-21.142417,4.9626215e-06,0
0.5,0,26.766942,-0.00033733763,0,-21.133189,5.0791298e-06,0
0.5,0,26.765331,-0.00037291728,0,-21.12396,5.1877139e-06,0
0.5,0,26.763811,-0.00041125891,0,-21.114732,5.2862373e-06,0
0.5,0,26.762364,-0.00045042116,0,-21.105504,5.3727542e-06,0
0.5,0,26.760972,-0.0004881124,0,-21.096275,5.445642e-06,0
0.5,0,26.759623,-0.00052210202,0,-21.087047,5.5037487e-06,0
0.5,0,26.758308,-0.00055113357,0,-21.077818,5.5464303e-06,0
0.5,0,26.757023,-0.0005758501,0,-21.06859,5.5734337e-06,0
0.5,0,26.755767,-0.00059896654,0,-21.059361,5.5847013e-06,0
0.5,0,26.754551,-0.00062433696,0,-21.050133,5.5801996e-06,0
0.5,0,26.753407,-0.00065491117,0,-21.040904,5.559874e-06,0
0.5,0,26.752393,-0.00069058809,0,-21.031676,5.5238215e-06,0
0.5,0,26.751596,-0.00072769462,0,-21.022447,5.4726683e-06,0
0.5,0,26.751126,-0.00076001137,0,-21.013219,5.4079699e-06,0
0.5,0,26.751106,-0.0007807965,0,-21.00399,5.3324324e-06,0
0.5,0,26.751651,-0.00078510691,0,-20.994762,5.2498992e-06,0
0.5,0,26.752863,-0.00077169654,0,-20.985533,5.1650737e-06,0
0.5,0,26.754804,-0.00074388739,0,-20.976305,5.0830632e-06,0
0.5,0,26.757487,-0.00070793083,0,-20.967077,5.0089149e-06,0
0.5,0,26.760863,-0.00067061229,0,-20.957848,4.947239e-06,0
0.5,0,26.764817,-0.0006373231,0,-20.94862,4.9019662e-06,0
0.5,0,26.769188,-0.0006111218,0,-20.939391,4.8761513e-06,0
0.5,0,26.773785,-0.00059279869,0,-20.930163,4.8718692e-06,0
0.5,0,26.778401,-0.00058149873,0,-20.920934,4.8901932e-06,0
0.5,0,26.782818,-0.00057542987,0,-20.911706,4.9311067e-06,0
0.5,0,26.786813,-0.00057171799,0,-20.902477,4.9934206e-06,0
0.5,0,26.79018,-0.00056746332,0,-20.893249,5.0747418e-06,0
0.5,0,26.792757,-0.00056082606,0,-20.88402,5.1715832e-06,0
0.5,0,26.794447,-0.00055136139,0,-20.874792,5.2797066e-06,0
0.5,0,26.795217,-0.00054006339,0,-20.865563,5.3946347e-06,0
0.5,0,26.795084,-0.00052863098,0,-20.856335,5.5121529e-06,0
0.5,0,26.794106,-0.00051871163,0,-20.847106,5.6286951e-06,0
0.5,0,26.792365,-0.00051159825,0,-20.837878,5.7416389e-06,0
0.5,0,26.789969,-0.00050798646,0,-20.82865,5.8494805e-06,0
0.5,0,26.787048,-0.00050789547,0,-20.819421,5.9518011e-06,0
0.5,0,26.783741,-0.00051038421,0,-20.810193,6.0490988e-06,0
0.5,0,26.780193,-0.00051365411,0,-20.800964,6.1424213e-06,0
0.5,0,26.776547,-0.00051504197,0,-20.791736,6.232883e-06,0
0.5,0,26.772937,-0.00051076187,0,-20.782507,6.3212533e-06,0
0.5,0,26.769481,-0.00049693895,0,-20.773279,6.4076787e-06,0
0.5,0,26.766284,-0.00047113922,0,-20.76405,6.4917123e-06,0
0.5,0,26.763425,-0.00043341605,0,-20.754822,6.5725928e-06,0
0.5,0,26.760961,-0.00038578533,0,-20.745593,6.6495025e-06,0
0.5,0,26.758924,-0.00033104159,0,-20.736365,6.7215652e-06,0
0.5,0,26.757317,-0.00027161721,0,-20.727136,6.7877633e-06,0
0.5,0,26.756125,-0.00020979943,0,-20.717908,6.8469433e-06,0
0.5,0,26.755317,-0.000148946,0,-20.708679,6.8980006e-06,0
0.5,0,26.754852,-9.4160421e-05,0,-20.699451,6.9403059e-06,0
0.5,0,26.754683,-5.1430137e-05,0,-20.690223,6.9741578e-06,0
0.5,0,26.754765,-2.5596832e-05,0,-20.680994,7.0010084e-06,0
0.5,0,26.755054,-1.854242e-05,0,-20.671766,7.0233061e-06,0
0.5,0,26.755514,-2.8358548e-05,0,-20.662537,7.0440546e-06,0
0.5,0,26.756123,-5.0719683e-05,0,-20.653309,7.0663149e-06,0
0.5,0,26.756865,-8.0774322e-05,0,-20.64408,7.0928623e-06,0
0.5,0,26.757731,-0.00011442091,0,-20.634852,7.1260621e-06,0
0.5,0,26.758713,-0.00014817773,0,-20.625623,7.16792e-06,0
0.5,0,26.75981,-0.00017864402,0,-20.616395,7.2201111e-06,0
0.5,0,26.761021,-0.0002027145,0,-20.607166,7.2838853e-06,0
0.5,0,26.762354,-0.00021782324,0,-20.597938,7.3599381e-06,0
0.5,0,26.763811,-0.00022256976,0,-20.588709,7.4481592e-06,0
0.5,0,26.765374,-0.00021676077,0,-20.579481,7.5474705e-06,0
0.5,0,26.767029,-0.00020103377,0,-20.570252,7.6559163e-06,0
0.5,0,26.76874,-0.0001773658,0,-20.561024,7.770766e-06,0
0.5,0,26.770466,-0.00014923451,0,-20.551796,7.8886503e-06,0
0.5,0,26.772162,-0.00012041776,0,-20.542567,8.0058726e-06,0
0.5,0,26.773782,-9.4231899e-05,0,-20.533339,8.1187112e-06,0
0.5,0,26.77529,-7.3486742e-05,0,-20.52411,8.2236253e-06,0
0.5,0,26.776658,-6.0249943e-05,0,-20.514882,8.3174434e-06,0
0.5,0,26.777867,-5.5662562e-05,0,-20.505653,8.3975412e-06,0
0.5,0,26.778912,-5.9722357e-05,0,-20.496425,8.46202e-06,0
0.5,0,26.779798,-7.1391282e-05,0,-20.487196,8.5098745e-06,0
0.5,0,26.780541,-8.8759494e-05,0,-20.477968,8.5411483e-06,0
0.5,0,26.781161,-0.0001094442,0,-20.468739,8.5570083e-06,0
0.5,0,26.781677,-0.00013121523,0,-20.459511,8.559708e-06,0
0.5,0,26.782098,-0.00015238278,0,-20.450282,8.5524266e-06,0
0.5,0,26.782418,-0.00017224576,0,-20.441054,8.5389622e-06,0
0.5,0,26.782612,-0.00019114778,0,-20.431825,8.523335e-06,0
0.5,0,26.782637,-0.00021044259,0,-20.422597,8.5093327e-06,0
0.5,0,26.782432,-0.00023246137,0,-20.413369,8.5000593e-06,0
0.5,0,26.781935,-0.00026036831,0,-20.40414,8.4975594e-06,0
0.5,0,26.781086,-0.00029725312,0,-20.394912,8.5025851e-06,0
0.5,0,26.779844,-0.00034430289,0,-20.385683,8.5146471e-06,0
0.5,0,26.778188,-0.00039996012,0,-20.376455,8.5323842e-06,0
0.5,0,26.776121,-0.00046205488,0,-20.367226,8.5539016e-06,0
0.5,0,26.773663,-0.00052900742,0,-20.357998,8.5770064e-06,0
0.5,0,26.770858,-0.00059757022,0,-20.348769,8.5995628e-06,0
0.5,0,26.767751,-0.00066446261,0,-20.339541,8.6197798e-06,0
0.5,0,26.764368,-0.00072835198,0,-20.330312,8.6362654e-06,0
0.5,0,26.760739,-0.00078913964,0,-20.321084,8.6477563e-06,0
0.5,0,26.756899,-0.00084659774,0,-20.311855,8.6529749e-06,0
0.5,0,26.752883,-0.00089943869,0,-20.302627,8.6509746e-06,0
0.5,0,26.748723,-0.00094505989,0,-20.293398,8.6415768e-06,0
0.5,0,26.744461,-0.00097829699,0,-20.28417,8.6256114e-06,0
0.5,0,26.740144,-0.00099396469,0,-20.274942,8.6047654e-06,0
0.5,0,26.735828,-0.00098986049,0,-20.265713,8.581218e-06,0
0.5,0,26.731576,-0.00096903183,0,-20.256485,8.5571264e-06,0
0.5,0,26.727462,-0.00093866668,0,-20.247256,8.5343447e-06,0
0.5,0,26.723566,-0.00090462934,0,-20.238028,8.5145615e-06,0
0.5,0,26.719958,-0.00086912088,0,-20.228799,8.4991381e-06,0
0.5,0,26.716683,-0.00083212324,0,-20.219571,8.4886645e-06,0
0.5,0,26.713782,-0.00079467821,0,-20.210342,8.4827929e-06,0
0.5,0,26.711285,-0.00075775959,0,-20.201114,8.4808731e-06,0
0.5,0,26.709175,-0.00071959993,0,-20.191885,8.483192e-06,0
0.5,0,26.707402,-0.00067818014,0,-20.182657,8.4918388e-06,0
0.5,0,26.705908,-0.00063218263,0,-20.173428,8.5106784e-06,0
0.5,0,26.704638,-0.0005790381,0,-20.1642,8.5445797e-06,0
0.5,0,26.703547,-0.00051616546,0,-20.154971,8.5983731e-06,0
0.5,0,26.702598,-0.000442328,0,-20.145743,8.676159e-06,0
0.5,0,26.701763,-0.00035836592,0,-20.136515,8.7808854e-06,0
0.5,0,26.701009,-0.00027051776,0,-20.127286,8.9136928e-06,0
0.5,0,26.700308,-0.00018819431,0,-20.118058,9.0735431e-06,0
0.5,0,26.69964,-0.00011873103,0,-20.108829,9.2575542e-06,0
0.5,0,26.69899,-6.8337561e-05,0,-20.099601,9.4612759e-06,0
0.5,0,26.698351,-4.0194104e-05,0,-20.090372,9.6787767e-06,0
0.5,0,26.697707,-3.3069262e-05,0,-20.081144,9.9041151e-06,0
0.5,0,26.697035,-5.4996452e-05,0,-20.071915,1.0132485e-05,0
0.5,0,26.696326,-0.00012341657,0,-20.062687,1.035867e-05,0
0.5,0,26.695583,-0.00022812197,0,-20.053458,1.0574392e-05,0
0.5,0,26.69478,-0.00034140911,0,-20.04423,1.0769068e-05,0
0.5,0,26.693931,-0.00044978989,0,-20.035001,1.0934617e-05,0
0.5,0,26.693082,-0.00054376737,0,-20.025773,1.1068266e-05,0
0.5,0,26.692242,-0.00061652095,0,-20.016544,1.1170508e-05,0
0.5,0,26.691406,-0.00066730832,0,-20.007316,1.1242029e-05,0
0.5,0,26.690607,-0.00069505302,0,-19.998088,1.1283085e-05,0
0.5,0,26.689894,-0.00069739762,0,-19.988859,1.1294515e-05,0
0.5,0,26.689301,-0.00068042333,0,-19.979631,1.1278884e-05,0
0.5,0,26.688849,-0.00065787249,0,-19.970402,1.1240903e-05,0
0.5,0,26.688546,-0.00063870893,0,-19.961174,1.1186499e-05,0
0.5,0,26.688394,-0.00062176893,0,-19.951945,1.1121018e-05,0
0.5,0,26.688384,-0.00060214245,0,-19.942717,1.1048091e-05,0
0.5,0,26.688495,-0.00057839088,0,-19.933488,1.0970023e-05,0
0.5,0,26.688691,-0.00055452332,0,-19.92426,1.0888604e-05,0
0.5,0,26.688935,-0.00053744178,0,-19.915031,1.0805126e-05,0
0.5,0,26.689188,-0.00053169294,0,-19.905803,1.0720047e-05,0
0.5,0,26.68941,-0.00053746158,0,-19.896574,1.0633163e-05,0
0.5,0,26.68956,-0.00055263884,0,-19.887346,1.0544051e-05,0
0.5,0,26.689602,-0.00057524138,0,-19.878117,1.0452333e-05,0
0.5,0,26.68951,-0.0006037003,0,-19.868889,1.0357851e-05,0
0.5,0,26.68927,-0.00063630675,0,-19.859661,1.026086e-05,0
0.5,0,26.688879,-0.00067128523,0,-19.850432,1.0162089e-05,0
0.5,0,26.688352,-0.00070676102,0,-19.841204,1.0062645e-05,0
0.5,0,26.687717,-0.00074036914,0,-19.831975,9.9638739e-06,0
0.5,0,26.687011,-0.00076922507,0,-19.822747,9.8672528e-06,0
0.5,0,26.686279,-0.00079025162,0,-19.813518,9.7743592e-06,0
0.5,0,26.685564,-0.00080059912,0,-19.80429,9.6869187e-06,0
0.5,0,26.684907,-0.00079808565,0,-19.795061,9.606887e-06,0
0.5,0,26.684347,-0.00078125418,0,-19.785833,9.5365203e-06,0
0.5,0,26.683909,-0.00074960607,0,-19.776604,9.4783655e-06,0
0.5,0,26.683614,-0.00070378735,0,-19.767376,9.4351178e-06,0
0.5,0,26.683472,-0.00064544506,0,-19.758147,9.4093722e-06,0
0.5,0,26.683487,-0.00057685335,0,-19.748919,9.4033485e-06,0
0.5,0,26.683652,-0.00050059722,0,-19.73969,9.4186525e-06,0
0.5,0,26.683953,-0.00041926387,0,-19.730462,9.4561304e-06,0
0.5,0,26.684371,-0.00033502004,0,-19.721234,9.5158355e-06,0
0.5,0,26.684877,-0.00024956046,0,-19.712005,9.5971119e-06,0
0.5,0,26.685438,-0.00016490739,0,-19.702777,9.6986924e-06,0
0.5,0,26.686019,-8.4517766e-05,0,-19.693548,9.8186906e-06,0
0.5,0,26.686588,-1.3192987e-05,0,-19.68432,9.9545049e-06,0
0.5,0,26.68712,4.4640785e-05,0,-19.675091,1.0102857e-05,0
0.5,0,26.687599,8.6448891e-05,0,-19.665863,1.0260054e-05,0
0.5,0,26.688028,0.00011224987,0,-19.656634,1.0422326e-05,0
0.5,0,26.688417,0.00012497899,0,-19.647406,1.0586205e-05,0
0.5,0,26.688783,0.00013057657,0,-19.638177,1.0748961e-05,0
0.5,0,26.68915,0.00013765232,0,-19.628949,1.0909013e-05,0
0.5,0,26.689546,0.00015486148,0,-19.61972,1.1066101e-05,0
0.5,0,26.689996,0.00018677759,0,-19.610492,1.1221115e-05,0
0.5,0,26.690521,0.0002318332,0,-19.601263,1.1375668e-05,0
0.5,0,26.691138,0.00028334417,0,-19.592035,1.1531618e-05,0
0.5,0,26.691854,0.00033237683,0,-19.582807,1.1690807e-05,0
0.5,0,26.692668,0.00037044626,0,-19.573578,1.185504e-05,0
0.5,0,26.693571,0.00039136367,0,-19.56435,1.2026119e-05,0
0.5,0,26.694545,0.00039278334,0,-19.555121,1.2205755e-05,0
0.5,0,26.695567,0.0003768105,0,-19.545893,1.2395336e-05,0
0.5,0,26.696611,0.00034916483,0,-19.536664,1.2595664e-05,0
0.5,0,26.69766,0.00031673655,0,-19.527436,1.2806693e-05,0
0.5,0,26.698698,0.00028490196,0,-19.518207,1.3027349e-05,0
0.5,0,26.699707,0.00025602261,0,-19.508979,1.3255528e-05,0
0.5,0,26.700668,0.00022943329,0,-19.49975,1.3488362e-05,0
0.5,0,26.701567,0.0002026318,0,-19.490522,1.3722665e-05,0
0.5,0,26.702398,0.00017270413,0,-19.481293,1.3955345e-05,0
0.5,0,26.703162,0.00013758684,0,-19.472065,1.4183658e-05,0
0.5,0,26.70387,9.6939229e-05,0,-19.462836,1.4405341e-05,0
0.5,0,26.704536,5.2612388e-05,0,-19.453608,1.4618688e-05,0
0.5,0,26.705185,7.7766026e-06,0,-19.44438,1.4822547e-05,0
0.5,0,26.705852,-3.4206874e-05,0,-19.435151,1.5016268e-05,0
0.5,0,26.70658,-7.0624585e-05,0,-19.425923,1.5199585e-05,0
0.5,0,26.70742,-0.00010068906,0,-19.416694,1.537239e-05,0
0.5,0,26.708419,-0.00012572685,0,-19.407466,1.5534543e-05,0
0.5,0,26.709627,-0.00014812893,0,-19.398237,1.5685752e-05,0
0.5,0,26.711082,-0.00016977213,0,-19.389009,1.5825484e-05,0
0.5,0,26.712811,-0.00019066963,0,-19.37978,1.5952967e-05,0
0.5,0,26.714813,-0.00020869478,0,-19.370552,1.6067359e-05,0
0.5,0,26.717055,-0.00022048551,0,-19.361323,1.6168087e-05,0
0.5,0,26.71947,-0.00022298581,0,-19.352095,1.6255174e-05,0
0.5,0,26.721955,-0.00021474048,0,-19.342866,1.6329356e-05,0
0.5,0,26.724384,-0.00019619081,0,-19.333638,1.639194e-05,0
0.5,0,26.726622,-0.00016955269,0,-19.324409,1.6444491e-05,0
0.5,0,26.72854,-0.00013819738,0,-19.315181,1.6488505e-05,0
0.5,0,26.730031,-0.00010497282,0,-19.305953,1.6525186e-05,0
0.5,0,26.731021,-7.1147583e-05,0,-19.296724,1.655541e-05,0
0.5,0,26.73147,-3.6432338e-05,0,-19.287496,1.6579883e-05,0
0.5,0,26.731383,3.4289604e-07,0,-19.278267,1.6599366e-05,0
0.5,0,26.730802,3.9940885e-05,0,-19.269039,1.6614807e-05,0
0.5,0,26.729811,8.1709783e-05,0,-19.25981,1.6627317e-05,0
0.5,0,26.728525,0.00012262488,0,-19.250582,1.6637964e-05,0
0.5,0,26.727086,0.00015736952,0,-19.241353,1.6647468e-05,0
0.5,0,26.725635,0.00018012287,0,-19.232125,1.665599e-05,0
0.5,0,26.724295,0.00018597882,0,-19.222896,1.6663098e-05,0
0.5,0,26.723155,0.00017206133,0,-19.213668,1.6667932e-05,0
0.5,0,26.722267,0.00013823739,0,-19.204439,1.666949e-05,0
0.5,0,26.721636,8.7106864e-05,0,-19.195211,1.6666933e-05,0
0.5,0,26.721223,2.3353708e-05,0,-19.185982,1.6659838e-05,0
0.5,0,26.720958,-4.7653475e-05,0,-19.176754,1.6648324e-05,0
0.5,0,26.720751,-0.00012122719,0,-19.167526,1.6633031e-05,0
0.5,0,26.720511,-0.00019417897,0,-19.158297,1.661494e-05,0
0.5,0,26.720152,-0.00026441472,0,-19.149069,1.6595161e-05,0
0.5,0,26.71961,-0.00032999842,0,-19.13984,1.6574646e-05,0
0.5,0,26.718842,-0.00038823618,0,-19.130612,1.6553866e-05,0
0.5,0,26.717827,-0.00043595951,0,-19.121383,1.653269e-05,0
0.5,0,26.716565,-0.00047152251,0,-19.112155,1.6510611e-05,0
0.5,0,26.715064,-0.00049587089,0,-19.102926,1.6487232e-05,0
0.5,0,26.713343,-0.00051128119,0,-19.093698,1.646262e-05,0
0.5,0,26.711416,-0.00051942331,0,-19.084469,1.6437199e-05,0
0.5,0,26.709295,-0.00052006477,0,-19.075241,1.6411229e-05,0
0.5,0,26.706987,-0.00051188673,0,-19.066012,1.6384195e-05,0
0.5,0,26.704498,-0.00049536647,0,-19.056784,1.6354553e-05,0
0.5,0,26.701843,-0.00047451085,0,-19.047555,1.6319985e-05,0
0.5,0,26.699047,-0.0004561224,0,-19.038327,1.6277937e-05,0
0.5,0,26.696155,-0.00044787993,0,-19.029099,1.6226089e-05,0
0.5,0,26.693231,-0.00045463336,0,-19.01987,1.6162606e-05,0
0.5,0,26.69035,-0.00047707974,0,-19.010642,1.6086576e-05,0
0.5,0,26.687592,-0.00051187891,0,-19.001413,1.5998223e-05,0
0.5,0,26.685033,-0.00055129262,0,-18.992185,1.5898892e-05,0
0.5,0,26.682731,-0.00058445307,0,-18.982956,1.5791208e-05,0
0.5,0,26.680718,-0.00060141719,0,-18.973728,1.5678927e-05,0
0.5,0,26.678996,-0.00059941704,0,-18.964499,1.5566375e-05,0
0.5,0,26.677548,-0.00058347447,0,-18.955271,1.5457846e-05,0
0.5,0,26.676348,-0.00056307404,0,-18.946042,1.535736e-05,0
0.5,0,26.675368,-0.00054743794,0,-18.936814,1.5268121e-05,0
0.5,0,26.674576,-0.00053863762,0,-18.927585,1.5191478e-05,0
0.5,0,26.673931,-0.00053010042,0,-18.918357,1.5126721e-05,0
0.5,0,26.673397,-0.00051330467,0,-18.909128,1.5072302e-05,0
0.5,0,26.672924,-0.00048487666,0,-18.8999,1.5027196e-05,0
0.5,0,26.672499,-0.00044502025,0,-18.890672,1.4991094e-05,0
0.5,0,26.672157,-0.00039853711,0,-18.881443,1.496364e-05,0
0.5,0,26.671919,-0.00035451822,0,-18.872215,1.4944104e-05,0
0.5,0,26.671806,-0.00031930189,0,-18.862986,1.4931619e-05,0
0.5,0,26.671852,-0.00029480122,0,-18.853758,1.4925151e-05,0
0.5,0,26.672092,-0.00028010222,0,-18.844529,1.492348e-05,0
0.5,0,26.672557,-0.00027424706,0,-18.835301,1.4925554e-05,0
0.5,0,26.673263,-0.00027623782,0,-18.826072,1.4931049e-05,0
0.5,0,26.674215,-0.00028339688,0,-18.816844,1.4940692e-05,0
0.5,0,26.675397,-0.0002916474,0,-18.807615,1.4956169e-05,0
0.5,0,26.676777,-0.00029704995,0,-18.798387,1.497979e-05,0
0.5,0,26.678301,-0.00029730802,0,-18.789158,1.5014e-05,0
0.5,0,26.679905,-0.00029224398,0,-18.77993,1.5060916e-05,0
0.5,0,26.681515,-0.00028354646,0,-18.770701,1.5121997e-05,0
0.5,0,26.68306,-0.00027384481,0,-18.761473,1.5197816e-05,0
0.5,0,26.684477,-0.00026586512,0,-18.752245,1.5288024e-05,0
0.5,0,26.685722,-0.00026246075,0,-18.743016,1.5391433e-05,0
0.5,0,26.686773,-0.00026567378,0,-18.733788,1.5506142e-05,0
0.5,0,26.687632,-0.00027540998,0,-18.724559,1.5629838e-05,0
0.5,0,26.688326,-0.00028893312,0,-18.715331,1.5760308e-05,0
0.5,0,26.688902,-0.00030143729,0,-18.706102,1.5895918e-05,0
0.5,0,26.689419,-0.00030759912,0,-18.696874,1.6035831e-05,0
0.5,0,26.689946,-0.00030302532,0,-18.687645,1.6179973e-05,0
0.5,0,26.69054,-0.00028476676,0,-18.678417,1.6328825e-05,0
0.5,0,26.691242,-0.00025119517,0,-18.669188,1.6483177e-05,0
0.5,0,26.692076,-0.00020228932,0,-18.65996,1.6643935e-05,0
0.5,0,26.69305,-0.00014045445,0,-18.650731,1.6811938e-05,0
0.5,0,26.694152,-7.088838e-05,0,-18.641503,1.6987747e-05,0
0.5,0,26.695354,-6.9608993e-07,0,-18.632274,1.7171461e-05,0
0.5,0,26.696613,6.3535624e-05,0,-18.623046,1.7362656e-05,0
0.5,0,26.697886,0.00011805724,0,-18.613818,1.7560535e-05,0
0.5,0,26.699131,0.00016214166,0,-18.604589,1.7764206e-05,0
0.5,0,26.700312,0.00019604935,0,-18.595361,1.7972859e-05,0
0.5,0,26.701402,0.0002186427,0,-18.586132,1.8185683e-05,0
0.5,0,26.702385,0.00022711801,0,-18.576904,1.8401603e-05,0
0.5,0,26.703256,0.00021928591,0,-18.567675,1.8619147e-05,0
0.5,0,26.704019,0.00019650235,0,-18.558447,1.8836718e-05,0
0.5,0,26.704687,0.0001642595,0,-18.549218,1.9053223e-05,0
0.5,0,26.705276,0.00012942274,0,-18.53999,1.9268666e-05,0
0.5,0,26.705808,9.6304771e-05,0,-18.530761,1.9484279e-05,0
0.5,0,26.706302,6.5382743e-05,0,-18.521533,1.9702199e-05,0
0.5,0,26.706776,3.5474141e-05,0,-18.512304,1.9925005e-05,0
0.5,0,26.707239,7.4047986e-06,0,-18.503076,2.0155465e-05,0
0.5,0,26.707687,-1.52182e-05,0,-18.493847,2.0396402e-05,0
0.5,0,26.708106,-2.9823503e-05,0,-18.484619,2.0650292e-05,0
0.5,0,26.708465,-3.9316498e-05,0,-18.475391,2.0918447e-05,0
0.5,0,26.708726,-5.3046705e-05,0,-18.466162,2.1200066e-05,0
0.5,0,26.708848,-8.1042924e-05,0,-18.456934,2.1491997e-05,0
0.5,0,26.708795,-0.00012643579,0,-18.447705,2.178962e-05,0
0.5,0,26.708537,-0.00018342136,0,-18.438477,2.2088459e-05,0
0.5,0,26.708067,-0.00024147283,0,-18.429248,2.2385491e-05,0
0.5,0,26.7074,-0.00029241366,0,-18.42002,2.267933e-05,0
0.5,0,26.706594,-0.00033412513,0,-18.410791,2.2969484e-05,0
0.5,0,26.705747,-0.00036863709,0,-18.401563,2.3255306e-05,0
0.5,0,26.704973,-0.00039613891,0,-18.392334,2.3535405e-05,0
0.5,0,26.704405,-0.00041265953,0,-18.383106,2.3808214e-05,0
0.5,0,26.704197,-0.00041601946,0,-18.373877,2.4072471e-05,0
0.5,0,26.704517,-0.00041441988,0,-18.364649,2.4326741e-05,0
0.5,0,26.705511,-0.00041525198,0,-18.35542,2.4568232e-05,0
0.5,0,26.707241,-0.00041446711,0,-18.346192,2.4793084e-05,0
0.5,0,26.709717,-0.00040641394,0,-18.336964,2.4997603e-05,0
0.5,0,26.71297,-0.00038445126,0,-18.327735,2.5179192e-05,0
0.5,0,26.717031,-0.00034389526,0,-18.318507,2.5337561e-05,0
0.5,0,26.721878,-0.00029314412,0,-18.309278,2.5473933e-05,0
0.5,0,26.727414,-0.00025108295,0,-18.30005,2.5588464e-05,0
0.5,0,26.733473,-0.00023113094,0,-18.290821,2.5678659e-05,0
0.5,0,26.739832,-0.00022993356,0,-18.281593,2.574037e-05,0
0.5,0,26.746249,-0.00023046119,0,-18.272364,2.5770574e-05,0
0.5,0,26.752507,-0.00021638166,0,-18.263136,2.5769021e-05,0
0.5,0,26.758472,-0.00018587367,0,-18.253907,2.5737243e-05,0
0.5,0,26.764111,-0.00014884111,0,-18.244679,2.5677113e-05,0
0.5,0,26.76932,-0.00010134558,0,-18.23545,2.5590129e-05,0
0.5,0,26.773794,-6.7801169e-05,0,-18.226222,2.5478725e-05,0
0.5,0,26.777234,-4.784071e-05,0,-18.216993,2.5351039e-05,0
0.5,0,26.77954,-1.721366e-05,0,-18.207765,2.5216348e-05,0
0.5,0,26.780749,7.4908878e-06,0,-18.198537,2.5078926e-05,0
0.5,0,26.780965,2.3067237e-05,0,-18.189308,2.4941281e-05,0
0.5,0,26.780336,3.4071751e-05,0,-18.18008,2.4806278e-05,0
0.5,0,26.778974,4.4310359e-05,0,-18.170851,2.4676778e-05,0
0.5,0,26.776934,5.917337e-05,0,-18.161623,2.4555273e-05,0
0.5,0,26.774239,7.7806476e-05,0,-18.152394,2.4442549e-05,0
0.5,0,26.770849,9.6328981e-05,0,-18.143166,2.4337559e-05,0
0.5,0,26.766689,0.00011461962,0,-18.133937,2.4239648e-05,0
0.5,0,26.761687,0.00013342545,0,-18.124709,2.4148089e-05,0
0.5,0,26.755787,0.00015323712,0,-18.11548,2.4060192e-05,0
0.5,0,26.74897,0.00016949466,0,-18.106252,2.397114e-05,0
0.5,0,26.741302,0.00017611665,0,-18.097023,2.3875885e-05,0
0.5,0,26.73295,0.00017014589,0,-18.087795,2.3770838e-05,0
0.5,0,26.724184,0.00015150605,0,-18.078566,2.3654475e-05,0
0.5,0,26.715369,0.00012196112,0,-18.069338,2.3527162e-05,0
0.5,0,26.706935,8.3678567e-05,0,-18.06011,2.3390509e-05,0
0.5,0,26.699325,3.9419306e-05,0,-18.050881,2.3246625e-05,0
0.5,0,26.692936,-7.3818582e-06,0,-18.041653,2.3097264e-05,0
0.5,0,26.688067,-5.3560516e-05,0,-18.032424,2.2943199e-05,0
0.5,0,26.684886,-9.79439e-05,0,-18.023196,2.2784098e-05,0
0.5,0,26.683419,-0.00014202459,0,-18.013967,2.261901e-05,0
0.5,0,26.683552,-0.00018829888,0,-18.004739,2.2447204e-05,0
0.5,0,26.685059,-0.00023717934,0,-17.99551,2.2268822e-05,0
0.5,0,26.687636,-0.00028596663,0,-17.986282,2.2084921e-05,0
0.5,0,26.690933,-0.00033175383,0,-17.977053,2.1897019e-05,0
0.5,0,26.694595,-0.00037579879,0,-17.967825,2.170667e-05,0
0.5,0,26.698293,-0.00042506094,0,-17.958596,2.1515316e-05,0
0.5,0,26.70175,-0.00048677846,0,-17.949368,2.1324332e-05,0
0.5,0,26.704751,-0.00056129497,0,-17.940139,2.1134887e-05,0
0.5,0,26.707152,-0.00063929673,0,-17.930911,2.0947656e-05,0
0.5,0,26.708878,-0.00070661912,0,-17.921683,2.0762714e-05,0
0.5,0,26.709927,-0.00075218882,0,-17.912454,2.05799e-05,0
0.5,0,26.710363,-0.00077232698,0,-17.903226,2.0399518e-05,0
0.5,0,26.710312,-0.00076938451,0,-17.893997,2.0222854e-05,0
0.5,0,26.70994,-0.00074831291,0,-17.884769,2.0052025e-05,0
0.5,0,26.709442,-0.00071587099,0,-17.87554,1.9889122e-05,0
0.5,0,26.709016,-0.00068001628,0,-17.866312,1.9735088e-05,0
0.5,0,26.708844,-0.00064987369,0,-17.857083,1.958899e-05,0
0.5,0,26.709069,-0.0006338514,0,-17.847855,1.9448187e-05,0
0.5,0,26.709783,-0.00063560115,0,-17.838626,1.9309122e-05,0
0.5,0,26.711011,-0.00065220558,0,-17.829398,1.9168362e-05,0
0.5,0,26.71272,-0.00067682356,0,-17.820169,1.9023247e-05,0
0.5,0,26.714825,-0.00070190493,0,-17.810941,1.8871842e-05,0
0.5,0,26.7172,-0.00072042224,0,-17.801712,1.8712693e-05,0
0.5,0,26.719702,-0.00072781418,0,-17.792484,1.8544914e-05,0
0.5,0,26.72218,-0.00072251589,0,-17.783256,1.8368573e-05,0
0.5,0,26.72449,-0.00070536826,0,-17.774027,1.8185225e-05,0
0.5,0,26.726523,-0.00068071046,0,-17.764799,1.7998312e-05,0
0.5,0,26.728206,-0.00065285271,0,-17.75557,1.7812133e-05,0
0.5,0,26.729496,-0.00061920429,0,-17.746342,1.7629798e-05,0
0.5,0,26.730385,-0.00057626105,0,-17.737113,1.7452279e-05,0
0.5,0,26.730895,-0.00052558665,0,-17.727885,1.7278881e-05,0
0.5,0,26.731078,-0.00047144185,0,-17.718656,1.7108709e-05,0
0.5,0,26.731007,-0.00042375209,0,-17.709428,1.6941993e-05,0
0.5,0,26.73077,-0.00039678441,0,-17.700199,1.6779156e-05,0
0.5,0,26.730449,-0.00039653166,0,-17.690971,1.6619051e-05,0
0.5,0,26.73013,-0.00041461135,0,-17.681742,1.6460113e-05,0
0.5,0,26.729915,-0.0004375425,0,-17.672514,1.6303171e-05,0
0.5,0,26.729868,-0.00045514002,0,-17.663285,1.6151524e-05,0
0.5,0,26.729974,-0.0004725891,0,-17.654057,1.6008378e-05,0
0.5,0,26.730187,-0.00050077999,0,-17.644829,1.5874912e-05,0
0.5,0,26.730507,-0.00053263574,0,-17.6356,1.5751679e-05,0
0.5,0,26.730986,-0.00056086274,0,-17.626372,1.5639828e-05,0
0.5,0,26.731716,-0.0005884925,0,-17.617143,1.5539815e-05,0
0.5,0,26.73278,-0.00061536727,0,-17.607915,1.5451104e-05,0
0.5,0,26.734234,-0.00063979878,0,-17.598686,1.5372746e-05,0
0.5,0,26.736106,-0.00066145939,0,-17.589458,1.5303915e-05,0
0.5,0,26.738395,-0.00067863522,0,-17.580229,1.5243935e-05,0
0.5,0,26.741067,-0.00068726123,0,-17.571001,1.5191773e-05,0
0.5,0,26.744057,-0.00068378293,0,-17.561772,1.5145887e-05,0
0.5,0,26.747285,-0.00067000488,0,-17.552544,1.5104812e-05,0
0.5,0,26.750666,-0.00065219535,0,-17.543315,1.5067901e-05,0
0.5,0,26.754129,-0.00063547623,0,-17.534087,1.5035376e-05,0
0.5,0,26.757622,-0.00062036746,0,-17.524858,1.500785e-05,0
0.5,0,26.761116,-0.00060411368,0,-17.51563,1.4985843e-05,0
0.5,0,26.764615,-0.00058341895,0,-17.506402,1.496958e-05,0
0.5,0,26.768151,-0.00055561118,0,-17.497173,1.4958974e-05,0
0.5,0,26.771784,-0.000519003,0,-17.487945,1.4953603e-05,0
0.5,0,26.775587,-0.00047400687,0,-17.478716,1.4952846e-05,0
0.5,0,26.779632,-0.00042450581,0,-17.469488,1.4956338e-05,0
0.5,0,26.783973,-0.00037727858,0,-17.460259,1.4964565e-05,0
0.5,0,26.788637,-0.0003387292,0,-17.451031,1.4979208e-05,0
0.5,0,26.793612,-0.00031114411,0,-17.441802,1.5002965e-05,0
0.5,0,26.798846,-0.00029159916,0,-17.432574,1.5038922e-05,0
0.5,0,26.80425,-0.00027428346,0,-17.423345,1.5089818e-05,0
0.5,0,26.809707,-0.00025427168,0,-17.414117,1.5157532e-05,0
0.5,0,26.81509,-0.00023016396,0,-17.404888,1.5242895e-05,0
0.5,0,26.820276,-0.00020434626,0,-17.39566,1.5345729e-05,0
0.5,0,26.825166,-0.00018150213,0,-17.386431,1.5464974e-05,0
0.5,0,26.829695,-0.00016683069,0,-17.377203,1.5598885e-05,0
0.5,0,26.833846,-0.00016484891,0,-17.367975,1.5745267e-05,0
0.5,0,26.837652,-0.00017858127,0,-17.358746,1.5901695e-05,0
0.5,0,26.841189,-0.00020863226,0,-17.349518,1.6065593e-05,0
0.5,0,26.844573,-0.00025247243,0,-17.340289,1.6234116e-05,0
0.5,0,26.847939,-0.00030491715,0,-17.331061,1.640394e-05,0
0.5,0,26.851427,-0.00036010427,0,-17.321832,1.6571195e-05,0
0.5,0,26.855169,-0.00041386296,0,-17.312604,1.6731728e-05,0
0.5,0,26.859281,-0.00046480227,0,-17.303375,1.6881657e-05,0
0.5,0,26.863858,-0.00051334464,0,-17.294147,1.7017994e-05,0
0.5,0,26.86898,-0.00055965406,0,-17.284918,1.7139038e-05,0
0.5,0,26.874697,-0.00060228918,0,-17.27569,1.724436e-05,0
0.5,0,26.881031,-0.00063860605,0,-17.266461,1.7334478e-05,0
0.5,0,26.887969,-0.00066623846,0,-17.257233,1.7410393e-05,0
0.5,0,26.895455,-0.00068416543,0,-17.248004,1.7473112e-05,0
0.5,0,26.903392,-0.00069272889,0,-17.238776,1.7523283e-05,0
0.5,0,26.911638,-0.00069300255,0,-17.229548,1.7560969e-05,0
0.5,0,26.92001,-0.00068642561,0,-17.220319,1.7585609e-05,0
0.5,0,26.928287,-0.0006748381,0,-17.211091,1.7596178e-05,0
0.5,0,26.936225,-0.00066011645,0,-17.201862,1.7591604e-05,0
0.5,0,26.943569,-0.00064320338,0,-17.192634,1.7571264e-05,0
0.5,0,26.950078,-0.00062342,0,-17.183405,1.7535369e-05,0
0.5,0,26.955542,-0.00059899814,0,-17.174177,1.748507e-05,0
0.5,0,26.959801,-0.00056771602,0,-17.164948,1.7422294e-05,0
0.5,0,26.962771,-0.00052733038,0,-17.15572,1.7349497e-05,0
0.5,0,26.964451,-0.0004774116,0,-17.146491,1.7269449e-05,0
0.5,0,26.964935,-0.00042127063,0,-17.137263,1.7184942e-05,0
0.5,0,26.964401,-0.00036470303,0,-17.128034,1.7098424e-05,0
0.5,0,26.963107,-0.00031310848,0,-17.118806,1.7011803e-05,0
0.5,0,26.961345,-0.00027043578,0,-17.109577,1.6926444e-05,0
0.5,0,26.9594,-0.00023974228,0,-17.100349,1.6843323e-05,0
0.5,0,26.957521,-0.00022279775,0,-17.091121,1.6763298e-05,0
0.5,0,26.955889,-0.0002191677,0,-17.081892,1.6687239e-05,0
0.5,0,26.954615,-0.00022616062,0,-17.072664,1.661595e-05,0
0.5,0,26.953732,-0.00023880143,0,-17.063435,1.6550105e-05,0
0.5,0,26.953218,-0.00025078782,0,-17.054207,1.6490319e-05,0
0.5,0,26.953012,-0.00025618345,0,-17.044978,1.6437286e-05,0
0.5,0,26.953044,-0.00025051025,0,-17.03575,1.6391924e-05,0
0.5,0,26.953242,-0.00023154225,0,-17.026521,1.6355506e-05,0
0.5,0,26.953548,-0.00019954092,0,-17.017293,1.6329784e-05,0
0.5,0,26.953932,-0.00015647427,0,-17.008064,1.6316925e-05,0
0.5,0,26.954379,-0.00010549769,0,-16.998836,1.6319175e-05,0
0.5,0,26.954884,-5.115632e-05,0,-16.989607,1.6338394e-05,0
0.5,0,26.955451,1.0245811e-06,0,-16.980379,1.6375661e-05,0
0.5,0,26.956092,4.5959185e-05,0,-16.97115,1.643095e-05,0
0.5,0,26.956822,8.0539794e-05,0,-16.961922,1.650285e-05,0
0.5,0,26.957658,0.0001044636,0,-16.952694,1.6588479e-05,0
0.5,0,26.958613,0.00011957949,0,-16.943465,1.6683658e-05,0
0.5,0,26.95969,0.00012865028,0,-16.934237,1.678336e-05,0
0.5,0,26.960883,0.00013448784,0,-16.925008,1.6882311e-05,0
0.5,0,26.962172,0.00013935066,0,-16.91578,1.6975563e-05,0
0.5,0,26.963517,0.00014463323,0,-16.906551,1.7058926e-05,0
0.5,0,26.964856,0.00015126724,0,-16.897323,1.7129135e-05,0
0.5,0,26.96611,0.00015975757,0,-16.888094,1.7183805e-05,0
0.5,0,26.967184,0.00016970791,0,-16.878866,1.722119e-05,0
0.5,0,26.967978,0.00017973197,0,-16.869637,1.7239849e-05,0
0.5,0,26.968402,0.00018771558,0,-16.860409,1.723831e-05,0
0.5,0,26.968384,0.00019146399,0,-16.85118,1.7214877e-05,0
0.5,0,26.967902,0.00018812531,0,-16.841952,1.7167566e-05,0
0.5,0,26.966983,0.00017492999,0,-16.832723,1.7094267e-05,0
0.5,0,26.965707,0.00015107299,0,-16.823495,1.6993207e-05,0
0.5,0,26.964241,0.00011642015,0,-16.814267,1.6863291e-05,0
0.5,0,26.962781,7.1843205e-05,0,-16.805038,1.6704346e-05,0
0.5,0,26.961536,2.0929159e-05,0,-16.79581,1.651736e-05,0
0.5,0,26.960729,-3.1330331e-05,0,-16.786581,1.6304384e-05,0
0.5,0,26.96056,-8.1087225e-05,0,-16.777353,1.6068185e-05,0
0.5,0,26.961199,-0.00012535004,0,-16.768124,1.5811983e-05,0
0.5,0,26.962768,-0.0001624952,0,-16.758896,1.5539251e-05,0
0.5,0,26.965356,-0.00019600606,0,-16.749667,1.525353e-05,0
0.5,0,26.969037,-0.00023217068,0,-16.740439,1.4958491e-05,0
0.5,0,26.973862,-0.00027647372,0,-16.73121,1.4657939e-05,0
0.5,0,26.979848,-0.0003325019,0,-16.721982,1.4355739e-05,0
0.5,0,26.986954,-0.00039974976,0,-16.712753,1.4055811e-05,0
0.5,0,26.995051,-0.00047374863,0,-16.703525,1.3762082e-05,0
0.5,0,27.003879,-0.00054854318,0,-16.694296,1.3478332e-05,0
0.5,0,27.013009,-0.0006188977,0,-16.685068,1.320795e-05,0
0.5,0,27.021801,-0.00068146721,0,-16.67584,1.295374e-05,0
0.5,0,27.029403,-0.00073528614,0,-16.666611,1.2717782e-05,0
0.5,0,27.03477,-0.00077834824,0,-16.657383,1.2501324e-05,0
0.5,0,27.036775,-0.00080925472,0,-16.648154,1.2305122e-05,0
0.5,0,27.034381,-0.00083168904,0,-16.638926,1.2129429e-05,0
0.5,0,27.026929,-0.00084807163,0,-16.629697,1.1972946e-05,0
0.5,0,27.01437,-0.00085586779,0,-16.620469,1.1833427e-05,0
0.5,0,26.997317,-0.00085172966,0,-16.61124,1.1708751e-05,0
0.5,0,26.976975,-0.00083247874,0,-16.602012,1.1596601e-05,0
0.5,0,26.954935,-0.00079583857,0,-16.592783,1.1494584e-05,0
0.5,0,26.932917,-0.00074289325,0,-16.583555,1.1400698e-05,0
0.5,0,26.912515,-0.00067739709,0,-16.574326,1.1313473e-05,0
0.5,0,26.894991,-0.00060356356,0,-16.565098,1.1231814e-05,0
0.5,0,26.881149,-0.00052487439,0,-16.555869,1.1154854e-05,0
0.5,0,26.871286,-0.00044534567,0,-16.546641,1.1081994e-05,0
0.5,0,26.865259,-0.00037119825,0,-16.537412,1.1013066e-05,0
0.5,0,26.862575,-0.0003084718,0,-16.528184,1.0948223e-05,0
0.5,0,26.862545,-0.00025878271,0,-16.518956,1.0887833e-05,0
0.5,0,26.864445,-0.00021856415,0,-16.509727,1.0832405e-05,0
0.5,0,26.867577,-0.00018213545,0,-16.500499,1.0782244e-05,0
0.5,0,26.871368,-0.0001442152,0,-16.49127,1.0737105e-05,0
0.5,0,26.87537,-0.00010079877,0,-16.482042,1.0696131e-05,0
0.5,0,26.879254,-5.0244879e-05,0,-16.472813,1.065803e-05,0
0.5,0,26.882797,6.3866103e-06,0,-16.463585,1.0621401e-05,0
0.5,0,26.885864,6.6127617e-05,0,-16.454356,1.058512e-05,0
0.5,0,26.888389,0.00012641952,0,-16.445128,1.0548832e-05,0
0.5,0,26.890355,0.0001850937,0,-16.435899,1.0513177e-05,0
0.5,0,26.891769,0.00024170288,0,-16.426671,1.047989e-05,0
0.5,0,26.892642,0.00029788755,0,-16.417442,1.0451723e-05,0
0.5,0,26.892978,0.00035401632,0,-16.408214,1.0431849e-05,0
0.5,0,26.892774,0.00040883519,0,-16.398985,1.0423332e-05,0
0.5,0,26.892018,0.00045991434,0,-16.389757,1.0428797e-05,0
0.5,0,26.890699,0.00050444214,0,-16.380529,1.0450203e-05,0
0.5,0,26.88882,0.00054038966,0,-16.3713,1.0488723e-05,0
0.5,0,26.886407,0.00056689823,0,-16.362072,1.0544694e-05,0
0.5,0,26.883517,0.00058393804,0,-16.352843,1.0617562e-05,0
0.5,0,26.880244,0.00059240778,0,-16.343615,1.0705873e-05,0
0.5,0,26.876717,0.00059364773,0,-16.334386,1.0807479e-05,0
0.5,0,26.873097,0.00058809354,0,-16.325158,1.0920023e-05,0
0.5,0,26.86956,0.00057490553,0,-16.315929,1.1041559e-05,0
0.5,0,26.866294,0.00055257193,0,-16.306701,1.1171114e-05,0
0.5,0,26.863485,0.00051998582,0,-16.297472,1.1309027e-05,0
0.5,0,26.861312,0.00047768173,0,-16.288244,1.1456935e-05,0
0.5,0,26.859916,0.00042855044,0,-16.279015,1.1617321e-05,0
0.5,0,26.859414,0.00037816277,0,-16.269787,1.1792724e-05,0
0.5,0,26.85997,0.00032877262,0,-16.260558,1.1984893e-05,0
0.5,0,26.861652,0.00027871638,0,-16.25133,1.2194087e-05,0
0.5,0,26.864396,0.00022517834,0,-16.242102,1.2418658e-05,0
0.5,0,26.868147,0.00016371544,0,-16.232873,1.2654994e-05,0
0.5,0,26.872752,9.0942225e-05,0,-16.223645,1.2897904e-05,0
0.5,0,26.877977,4.8016782e-06,0,-16.214416,1.3141135e-05,0
0.5,0,26.883538,-9.3992994e-05,0,-16.205188,1.3377915e-05,0
0.5,0,26.88908,-0.00020100858,0,-16.195959,1.360155e-05,0
0.5,0,26.894227,-0.00030901822,0,-16.186731,1.380576e-05,0
0.5,0,26.898597,-0.00040785906,0,-16.177502,1.398501e-05,0
0.5,0,26.901825,-0.0004854048,0,-16.168274,1.4134966e-05,0
0.5,0,26.903602,-0.0005299129,0,-16.159045,1.4252759e-05,0
0.5,0,26.903724,-0.0005355965,0,-16.149817,1.4336739e-05,0
0.5,0,26.902124,-0.00050443787,0,-16.140588,1.4386372e-05,0
0.5,0,26.898892,-0.0004409772,0,-16.13136,1.4402436e-05,0
0.5,0,26.894255,-0.00035172579,0,-16.122131,1.4386999e-05,0
0.5,0,26.888551,-0.00024713044,0,-16.112903,1.4343136e-05,0
0.5,0,26.882178,-0.00014019471,0,-16.103675,1.4274559e-05,0
0.5,0,26.875554,-4.3475265e-05,0,-16.094446,1.4185282e-05,0
0.5,0,26.869075,3.3027072e-05,0,-16.085218,1.4079486e-05,0
0.5,0,26.863095,8.3916227e-05,0,-16.075989,1.3961667e-05,0
0.5,0,26.857909,0.00010938575,0,-16.066761,1.383652e-05,0
0.5,0,26.853747,0.00011403764,0,-16.057532,1.370861e-05,0
0.5,0,26.85078,0.00010500046,0,-16.048304,1.3582196e-05,0
0.5,0,26.849116,8.9158408e-05,0,-16.039075,1.3461244e-05,0
0.5,0,26.8488,7.0647047e-05,0,-16.029847,1.3349454e-05,0
0.5,0,26.849838,5.0619851e-05,0,-16.020618,1.3250088e-05,0
0.5,0,26.85221,2.7876232e-05,0,-16.01139,1.3165561e-05,0
0.5,0,26.855877,-6.2255553e-07,0,-16.002161,1.3097018e-05,0
0.5,0,26.860767,-3.8238704e-05,0,-15.992933,1.3044132e-05,0
0.5,0,26.866766,-8.7994844e-05,0,-15.983704,1.3005163e-05,0
0.5,0,26.873724,-0.00015175437,0,-15.974476,1.2977236e-05,0
0.5,0,26.881449,-0.00022912578,0,-15.965248,1.2956602e-05,0
0.5,0,26.889715,-0.00031782592,0,-15.956019,1.2938903e-05,0
0.5,0,26.898245,-0.00041354946,0,-15.946791,1.2919822e-05,0
0.5,0,26.906804,-0.0005104125,0,-15.937562,1.2895868e-05,0
0.5,0,26.915097,-0.00060074428,0,-15.928334,1.2864785e-05,0
0.5,0,26.922848,-0.00067946579,0,-15.919105,1.2825644e-05,0
0.5,0,26.929904,-0.00074475899,0,-15.909877,1.2778827e-05,0
0.5,0,26.936137,-0.00079428152,0,-15.900648,1.2725818e-05,0
0.5,0,26.941514,-0.00082697357,0,-15.89142,1.2668871e-05,0
0.5,0,26.946106,-0.00084348182,0,-15.882191,1.2610686e-05,0
0.5,0,26.950085,-0.00084425245,0,-15.872963,1.2554263e-05,0
0.5,0,26.95369,-0.00082830242,0,-15.863734,1.2502799e-05,0
0.5,0,26.957194,-0.00079500829,0,-15.854506,1.245948e-05,0
0.5,0,26.960853,-0.00074670236,0,-15.845277,1.2427078e-05,0
0.5,0,26.964874,-0.00068944511,0,-15.836049,1.2407396e-05,0
0.5,0,26.969389,-0.00063089444,0,-15.826821,1.2400815e-05,0
0.5,0,26.974432,-0.00057736936,0,-15.817592,1.2406158e-05,0
0.5,0,26.979942,-0.00053289365,0,-15.808364,1.2420854e-05,0
0.5,0,26.985773,-0.00049912392,0,-15.799135,1.2441377e-05,0
0.5,0,26.991711,-0.00047487371,0,-15.789907,1.2463879e-05,0
0.5,0,26.997491,-0.00045669606,0,-15.780678,1.2484957e-05,0
0.5,0,27.002817,-0.00044080897,0,-15.77145,1.25023e-05,0
0.5,0,27.007382,-0.00042445017,0,-15.762221,1.2514983e-05,0
0.5,0,27.010876,-0.00040635536,0,-15.752993,1.2523339e-05,0
0.5,0,27.012999,-0.00038673893,0,-15.743764,1.2528585e-05,0
0.5,0,27.013471,-0.00036627451,0,-15.734536,1.2532545e-05,0
0.5,0,27.012073,-0.00034359771,0,-15.725307,1.2537967e-05,0
0.5,0,27.008665,-0.00031377085,0,-15.716079,1.2548882e-05,0
0.5,0,27.003179,-0.00027461357,0,-15.70685,1.2570011e-05,0
0.5,0,26.995655,-0.00023144082,0,-15.697622,1.2606062e-05,0
0.5,0,26.986273,-0.00018971799,0,-15.688394,1.2661356e-05,0
0.5,0,26.975356,-0.00015237956,0,-15.679165,1.2739386e-05,0
0.5,0,26.963356,-0.00012401394,0,-15.669937,1.2842678e-05,0
0.5,0,26.950829,-0.00010955037,0,-15.660708,1.2972805e-05,0
0.5,0,26.938395,-0.00011206908,0,-15.65148,1.3130288e-05,0
0.5,0,26.926674,-0.00013236207,0,-15.642251,1.3314461e-05,0
0.5,0,26.916209,-0.00016709744,0,-15.633023,1.3523481e-05,0
0.5,0,26.907397,-0.00020771492,0,-15.623794,1.3754559e-05,0
0.5,0,26.900425,-0.00024335651,0,-15.614566,1.4004401e-05,0
0.5,0,26.89525,-0.00026523715,0,-15.605337,1.4269816e-05,0
0.5,0,26.891598,-0.00026777592,0,-15.596109,1.4548197e-05,0
0.5,0,26.889012,-0.00024818738,0,-15.58688,1.4837567e-05,0
0.5,0,26.886926,-0.00020719596,0,-15.577652,1.5136313e-05,0
0.5,0,26.884764,-0.00015000342,0,-15.568423,1.5442905e-05,0
0.5,0,26.882035,-8.622209e-05,0,-15.559195,1.5755674e-05,0
0.5,0,26.87841,-2.7419832e-05,0,-15.549967,1.6072649e-05,0
0.5,0,26.873782,1.6548333e-05,0,-15.540738,1.639146e-05,0
0.5,0,26.868283,4.0407582e-05,0,-15.53151,1.6709352e-05,0
0.5,0,26.862257,4.4514626e-05,0,-15.522281,1.7023485e-05,0
0.5,0,26.856203,3.3327793e-05,0,-15.513053,1.7331484e-05,0
0.5,0,26.850679,1.4041964e-05,0,-15.503824,1.7631839e-05,0
0.5,0,26.846193,-4.9404702e-06,0,-15.494596,1.7923786e-05,0
0.5,0,26.843113,-1.7182422e-05,0,-15.485367,1.8206812e-05,0
0.5,0,26.841606,-2.0333075e-05,0,-15.476139,1.8480219e-05,0
0.5,0,26.841628,-1.5965079e-05,0,-15.46691,1.8742982e-05,0
0.5,0,26.842947,-8.3475565e-06,0,-15.457682,1.8993756e-05,0
0.5,0,26.845191,-3.0336305e-06,0,-15.448453,1.9230769e-05,0
0.5,0,26.847914,-4.7761838e-06,0,-15.439225,1.9451752e-05,0
0.5,0,26.850654,-1.5422167e-05,0,-15.429996,1.9654183e-05,0
0.5,0,26.852992,-3.1995505e-05,0,-15.420768,1.9836009e-05,0
0.5,0,26.854607,-4.6573951e-05,0,-15.41154,1.9996574e-05,0
0.5,0,26.855315,-5.0771839e-05,0,-15.402311,2.0137064e-05,0
0.5,0,26.855083,-4.3406007e-05,0,-15.393083,2.0259926e-05,0
0.5,0,26.854032,-3.4781547e-05,0,-15.383854,2.0367423e-05,0
0.5,0,26.852407,-4.0029977e-05,0,-15.374626,2.0460395e-05,0
0.5,0,26.850529,-6.5252931e-05,0,-15.365397,2.0538458e-05,0
0.5,0,26.848736,-0.00010096213,0,-15.356169,2.060159e-05,0
0.5,0,26.847323,-0.00013293544,0,-15.34694,2.0651296e-05,0
0.5,0,26.846501,-0.0001591101,0,-15.337712,2.0689771e-05,0
0.5,0,26.84638,-0.00019029211,0,-15.328483,2.0717951e-05,0
0.5,0,26.846967,-0.0002339275,0,-15.319255,2.0734858e-05,0
0.5,0,26.848195,-0.0002811669,0,-15.310026,2.0739097e-05,0
0.5,0,26.849936,-0.00031144575,0,-15.300798,2.0730911e-05,0
0.5,0,26.85196,-0.00030799213,0,-15.291569,2.0712812e-05,0
0.5,0,26.853924,-0.0002682556,0,-15.282341,2.0688535e-05,0
0.5,0,26.855444,-0.00020228873,0,-15.273113,2.0661397e-05,0
0.5,0,26.856175,-0.00012501112,0,-15.263884,2.0633248e-05,0
0.5,0,26.855859,-4.8920088e-05,0,-15.254656,2.0604366e-05,0
0.5,0,26.854337,1.94345e-05,0,-15.245427,2.0574152e-05,0
0.5,0,26.851554,7.6289294e-05,0,-15.236199,2.054153e-05,0
0.5,0,26.847568,0.00012539227,0,-15.22697,2.0505457e-05,0
0.5,0,26.842552,0.0001620967,0,-15.217742,2.0464691e-05,0
0.5,0,26.836758,0.0001845233,0,-15.208513,2.0419427e-05,0
0.5,0,26.830457,0.00019524063,0,-15.199285,2.0370924e-05,0
0.5,0,26.823902,0.00018150198,0,-15.190056,2.0318189e-05,0
0.5,0,26.817314,0.00013085259,0,-15.180828,2.0258464e-05,0
0.5,0,26.810857,4.9033347e-05,0,-15.171599,2.0188153e-05,0
0.5,0,26.804647,-5.6616091e-05,0,-15.162371,2.0105515e-05,0
0.5,0,26.798757,-0.00017762147,0,-15.153142,2.0011381e-05,0
0.5,0,26.793152,-0.00028948541,0,-15.143914,1.9905673e-05,0
0.5,0,26.787709,-0.000399683,0,-15.134686,1.9789343e-05,0
0.5,0,26.782297,-0.00051340877,0,-15.125457,1.9664721e-05,0
0.5,0,26.776746,-0.00062983581,0,-15.116229,1.9533273e-05,0
0.5,0,26.770874,-0.00073452076,0,-15.107,1.9398081e-05,0
0.5,0,26.764586,-0.00080099248,0,-15.097772,1.9264169e-05,0
0.5,0,26.757882,-0.00082785958,0,-15.088543,1.9136484e-05,0
0.5,0,26.750822,-0.00082849707,0,-15.079315,1.9019277e-05,0
0.5,0,26.743513,-0.00084498531,0,-15.070086,1.8918246e-05,0
0.5,0,26.736144,-0.00087447011,0,-15.060858,1.8839025e-05,0
0.5,0,26.728986,-0.00088675761,0,-15.051629,1.8784763e-05,0
0.5,0,26.722339,-0.0008727699,0,-15.042401,1.8759514e-05,0
0.5,0,26.716474,-0.0008336397,0,-15.033172,1.8767803e-05,0
0.5,0,26.711559,-0.00079065569,0,-15.023944,1.8811348e-05,0
0.5,0,26.707634,-0.00076425754,0,-15.014715,1.8887776e-05,0
0.5,0,26.704646,-0.00076217869,0,-15.005487,1.8990407e-05,0
0.5,0,26.702477,-0.00077863783,0,-14.996259,1.9109825e-05,0
0.5,0,26.700934,-0.00080253309,0,-14.98703,1.9236197e-05,0
0.5,0,26.699756,-0.00082753599,0,-14.977802,1.9360772e-05,0
0.5,0,26.698691,-0.00085468443,0,-14.968573,1.9476284e-05,0
0.5,0,26.697569,-0.00088198016,0,-14.959345,1.9577464e-05,0
0.5,0,26.696316,-0.00089738545,0,-14.950116,1.9661652e-05,0
0.5,0,26.694918,-0.0008891398,0,-14.940888,1.9728555e-05,0
0.5,0,26.693419,-0.00085836375,0,-14.931659,1.9779558e-05,0
0.5,0,26.691917,-0.0008150702,0,-14.922431,1.9817376e-05,0
0.5,0,26.690539,-0.00076734603,0,-14.913202,1.9845366e-05,0
0.5,0,26.689419,-0.00071824767,0,-14.903974,1.9866705e-05,0
0.5,0,26.688668,-0.00066817974,0,-14.894745,1.9884163e-05,0
0.5,0,26.688368,-0.0006166642,0,-14.885517,1.9900339e-05,0
0.5,0,26.688564,-0.00056288282,0,-14.876288,1.9917836e-05,0
0.5,0,26.689254,-0.0005067002,0,-14.86706,1.9938966e-05,0
0.5,0,26.690391,-0.00044815708,0,-14.857832,1.9965104e-05,0
0.5,0,26.691887,-0.00038649704,0,-14.848603,1.9996191e-05,0
0.5,0,26.693615,-0.0003209845,0,-14.839375,2.0030759e-05,0
0.5,0,26.695426,-0.00025302711,0,-14.830146,2.0066377e-05,0
0.5,0,26.697158,-0.00018621693,0,-14.820918,2.0100371e-05,0
0.5,0,26.69866,-0.00012487772,0,-14.811689,2.0130426e-05,0
0.5,0,26.699802,-7.2654891e-05,0,-14.802461,2.0154864e-05,0
0.5,0,26.700489,-3.2401228e-05,0,-14.793232,2.0172775e-05,0
0.5,0,26.700665,-7.2117472e-06,0,-14.784004,2.0184053e-05,0
0.5,0,26.70032,1.7055437e-07,0,-14.774775,2.0189361e-05,0
0.5,0,26.699484,-1.127398e-05,0,-14.765547,2.0189817e-05,0
0.5,0,26.698225,-3.9644146e-05,0,-14.756318,2.0186496e-05,0
0.5,0,26.696628,-8.0709229e-05,0,-14.74709,2.0179978e-05,0
0.5,0,26.694782,-0.0001296938,0,-14.737861,2.0170113e-05,0
0.5,0,26.692768,-0.00018248816,0,-14.728633,2.0156078e-05,0
0.5,0,26.69065,-0.0002365298,0,-14.719405,2.0136549e-05,0
0.5,0,26.688476,-0.00029077907,0,-14.710176,2.0109856e-05,0
0.5,0,26.686275,-0.00034471322,0,-14.700948,2.0074176e-05,0
0.5,0,26.684062,-0.00039695524,0,-14.691719,2.0027733e-05,0
0.5,0,26.681848,-0.00044411789,0,-14.682491,1.9968965e-05,0
0.5,0,26.679654,-0.00048090695,0,-14.673262,1.9896675e-05,0
0.5,0,26.677507,-0.00050116683,0,-14.664034,1.9810268e-05,0
0.5,0,26.675449,-0.0005005183,0,-14.654805,1.9710069e-05,0
0.5,0,26.673542,-0.00048014422,0,-14.645577,1.9597374e-05,0
0.5,0,26.671851,-0.00044686538,0,-14.636348,1.9474106e-05,0
0.5,0,26.670418,-0.00040948787,0,-14.62712,1.9342359e-05,0
0.5,0,26.669265,-0.00037435611,0,-14.617891,1.9204228e-05,0
0.5,0,26.668399,-0.0003426442,0,-14.608663,1.9062002e-05,0
0.5,0,26.667813,-0.0003120987,0,-14.599434,1.8918262e-05,0
0.5,0,26.667484,-0.00028060657,0,-14.590206,1.8775489e-05,0
0.5,0,26.667371,-0.00024715167,0,-14.580978,1.863544e-05,0
0.5,0,26.667411,-0.0002101715,0,-14.571749,1.8498759e-05,0
0.5,0,26.66753,-0.0001659342,0,-14.562521,1.8364967e-05,0
0.5,0,26.667654,-0.00010959727,0,-14.553292,1.8232856e-05,0
0.5,0,26.667729,-3.9706657e-05,0,-14.544064,1.8101235e-05,0
0.5,0,26.667721,3.7931588e-05,0,-14.534835,1.7969675e-05,0
0.5,0,26.667616,0.00011153722,0,-14.525607,1.7838801e-05,0
0.5,0,26.66742,0.00016831725,0,-14.516378,1.771001e-05,0
0.5,0,26.667157,0.00020021383,0,-14.50715,1.7584801e-05,0
0.5,0,26.666857,0.00020686092,0,-14.497921,1.7464e-05,0
0.5,0,26.666555,0.00019278916,0,-14.488693,1.7347361e-05,0
0.5,0,26.666273,0.00016186211,0,-14.479464,1.7233879e-05,0
0.5,0,26.666026,0.0001143142,0,-14.470236,1.7122529e-05,0
0.5,0,26.665812,4.8466127e-05,0,-14.461007,1.701286e-05,0
0.5,0,26.665619,-3.5761995e-05,0,-14.451779,1.6905116e-05,0
0.5,0,26.665422,-0.00013482364,0,-14.442551,1.6799944e-05,0
0.5,0,26.665191,-0.00024173286,0,-14.433322,1.6697906e-05,0
0.5,0,26.664896,-0.00034740848,0,-14.424094,1.6599021e-05,0
0.5,0,26.664515,-0.00044270017,0,-14.414865,1.6502406e-05,0
0.5,0,26.664044,-0.0005196753,0,-14.405637,1.6406125e-05,0
0.5,0,26.663505,-0.00057244985,0,-14.396408,1.6307312e-05,0
0.5,0,26.662937,-0.00059787221,0,-14.38718,1.6202563e-05,0
0.5,0,26.662401,-0.00059556486,0,-14.377951,1.6088563e-05,0
0.5,0,26.66197,-0.00056830516,0,-14.368723,1.5962829e-05,0
0.5,0,26.661731,-0.00052165522,0,-14.359494,1.5824445e-05,0
0.5,0,26.66178,-0.00046335699,0,-14.350266,1.567455e-05,0
0.5,0,26.662213,-0.00040267789,0,-14.341037,1.5516233e-05,0
0.5,0,26.663118,-0.00034825829,0,-14.331809,1.5353855e-05,0
0.5,0,26.664553,-0.00030523881,0,-14.32258,1.5192152e-05,0
0.5,0,26.666533,-0.00027479472,0,-14.313352,1.5035366e-05,0
0.5,0,26.669029,-0.00025636503,0,-14.304124,1.4886417e-05,0
0.5,0,26.671969,-0.0002501652,0,-14.294895,1.4746159e-05,0
0.5,0,26.675219,-0.00025674361,0,-14.285667,1.4613241e-05,0
0.5,0,26.678586,-0.00027697716,0,-14.276438,1.4484193e-05,0
0.5,0,26.681872,-0.00031246944,0,-14.26721,1.4353193e-05,0
0.5,0,26.684911,-0.00035705092,0,-14.257981,1.4213173e-05,0
0.5,0,26.687531,-0.00039441183,0,-14.248753,1.4059248e-05,0
0.5,0,26.689567,-0.00041333159,0,-14.239524,1.3890065e-05,0
0.5,0,26.690906,-0.00042008935,0,-14.230296,1.3705812e-05,0
0.5,0,26.69148,-0.0004250831,0,-14.221067,1.3508278e-05,0
0.5,0,26.691318,-0.00043985277,0,-14.211839,1.3298976e-05,0
0.5,0,26.690554,-0.00046956913,0,-14.20261,1.3077276e-05,0
0.5,0,26.689361,-0.00050438257,0,-14.193382,1.284283e-05,0
0.5,0,26.687906,-0.0005376827,0,-14.184153,1.2596723e-05,0
0.5,0,26.686337,-0.00056871473,0,-14.174925,1.2341133e-05,0
0.5,0,26.68479,-0.00059434731,0,-14.165697,1.2078937e-05,0
0.5,0,26.683374,-0.00060729193,0,-14.156468,1.1813455e-05,0
0.5,0,26.682156,-0.00060223031,0,-14.14724,1.1548166e-05,0
0.5,0,26.681168,-0.00058310986,0,-14.138011,1.1286592e-05,0
0.5,0,26.680415,-0.0005627521,0,-14.128783,1.1032283e-05,0
0.5,0,26.679892,-0.00055318883,0,-14.119554,1.0788554e-05,0
0.5,0,26.679588,-0.00055854198,0,-14.110326,1.0557814e-05,0
0.5,0,26.679491,-0.00057533888,0,-14.101097,1.0341233e-05,0
0.5,0,26.679586,-0.00059768507,0,-14.091869,1.0138889e-05,0
0.5,0,26.679871,-0.00062099732,0,-14.08264,9.9500306e-06,0
0.5,0,26.680354,-0.00064010032,0,-14.073412,9.7734594e-06,0
0.5,0,26.681044,-0.00064899837,0,-14.064183,9.6081358e-06,0
0.5,0,26.681935,-0.00064654135,0,-14.054955,9.4536075e-06,0
0.5,0,26.683024,-0.00063810511,0,-14.045726,9.3093433e-06,0
0.5,0,26.684346,-0.00062714565,0,-14.036498,9.1741146e-06,0
0.5,0,26.685953,-0.00061210686,0,-14.02727,9.046371e-06,0
0.5,0,26.687859,-0.00059738174,0,-14.018041,8.9244465e-06,0
0.5,0,26.690039,-0.00058946789,0,-14.008813,8.806951e-06,0
0.5,0,26.69243,-0.00059143942,0,-13.999584,8.6934664e-06,0
0.5,0,26.694961,-0.00060839169,0,-13.990356,8.5841279e-06,0
0.5,0,26.697571,-0.00063829484,0,-13.981127,8.4791082e-06,0
0.5,0,26.700176,-0.00066977915,0,-13.971899,8.378928e-06,0
0.5,0,26.702656,-0.00069525368,0,-13.96267,8.2844538e-06,0
0.5,0,26.704877,-0.00071443725,0,-13.953442,8.1964019e-06,0
0.5,0,26.706714,-0.00072996311,0,-13.944213,8.1147959e-06,0
0.5,0,26.708058,-0.00074540506,0,-13.934985,8.038874e-06,0
0.5,0,26.708823,-0.00076354566,0,-13.925756,7.9673851e-06,0
0.5,0,26.708962,-0.00078568438,0,-13.916528,7.8987933e-06,0
0.5,0,26.70848,-0.00081122211,0,-13.907299,7.8314708e-06,0
0.5,0,26.707428,-0.00083932838,0,-13.898071,7.7640402e-06,0
0.5,0,26.705894,-0.00087108322,0,-13.888843,7.6957209e-06,0
0.5,0,26.703986,-0.00090809625,0,-13.879614,7.6263744e-06,0
0.5,0,26.701816,-0.0009496158,0,-13.870386,7.5561011e-06,0
0.5,0,26.699479,-0.00099156218,0,-13.861157,7.4847162e-06,0
0.5,0,26.697049,-0.0010284786,0,-13.851929,7.4115546e-06,0
0.5,0,26.694577,-0.0010559196,0,-13.8427,7.3358596e-06,0
0.5,0,26.692095,-0.001071362,0,-13.833472,7.2575676e-06,0
0.5,0,26.689622,-0.0010732977,0,-13.824243,7.1780108e-06,0
0.5,0,26.687171,-0.0010611347,0,-13.815015,7.1002486e-06,0
0.5,0,26.684764,-0.0010368249,0,-13.805786,7.0289764e-06,0
0.5,0,26.682426,-0.0010060775,0,-13.796558,6.9699669e-06,0
0.5,0,26.680189,-0.00097665611,0,-13.787329,6.9292814e-06,0
0.5,0,26.678104,-0.00095428446,0,-13.778101,6.9125666e-06,0
0.5,0,26.676217,-0.00094094695,0,-13.768872,6.9241909e-06,0
0.5,0,26.674569,-0.00093608777,0,-13.759644,6.9663646e-06,0
0.5,0,26.673178,-0.00093826113,0,-13.750416,7.0389574e-06,0
0.5,0,26.672049,-0.00094720435,0,-13.741187,7.1398097e-06,0
0.5,0,26.671148,-0.00096451123,0,-13.731959,7.2651032e-06,0
0.5,0,26.670453,-0.00099005072,0,-13.72273,7.4099466e-06,0
0.5,0,26.669923,-0.0010228788,0,-13.713502,7.5689127e-06,0
0.5,0,26.669495,-0.0010640042,0,-13.704273,7.7362827e-06,0
0.5,0,26.669134,-0.0011111672,0,-13.695045,7.9067928e-06,0
0.5,0,26.668789,-0.0011629084,0,-13.685816,8.0766549e-06,0
0.5,0,26.668437,-0.0012240282,0,-13.676588,8.2430005e-06,0
0.5,0,26.668085,-0.0012908339,0,-13.667359,8.4021711e-06,0
0.5,0,26.667744,-0.0013543651,0,-13.658131,8.5495355e-06,0
0.5,0,26.667429,-0.0014144413,0,-13.648902,8.6807105e-06,0
0.5,0,26.667155,-0.0014686692,0,-13.639674,8.7930087e-06,0
0.5,0,26.66693,-0.0015091824,0,-13.630445,8.8866406e-06,0
0.5,0,26.666769,-0.0015295133,0,-13.621217,8.9640472e-06,0
0.5,0,26.666686,-0.001523708,0,-13.611989,9.0281786e-06,0
0.5,0,26.666684,-0.0014891255,0,-13.60276,9.0817706e-06,0
0.5,0,26.666762,-0.0014313913,0,-13.593532,9.1272001e-06,0
0.5,0,26.666914,-0.0013623773,0,-13.584303,9.1660748e-06,0
0.5,0,26.66714,-0.001293972,0,-13.575075,9.1987682e-06,0
0.5,0,26.667435,-0.0012322983,0,-13.565846,9.2247064e-06,0
0.5,0,26.667789,-0.001176137,0,-13.556618,9.2432895e-06,0
0.5,0,26.668204,-0.001121092,0,-13.547389,9.2545629e-06,0
0.5,0,26.668672,-0.0010660362,0,-13.538161,9.2592866e-06,0
0.5,0,26.669176,-0.0010159481,0,-13.528932,9.2584011e-06,0
0.5,0,26.669708,-0.00097837161,0,-13.519704,9.2524907e-06,0
0.5,0,26.670311,-0.00095744457,0,-13.510475,9.2414544e-06,0
0.5,0,26.671071,-0.0009504683,0,-13.501247,9.2244907e-06,0
0.5,0,26.672025,-0.00095045305,0,-13.492018,9.2016209e-06,0
0.5,0,26.673147,-0.00096133894,0,-13.48279,9.1746291e-06,0
0.5,0,26.674425,-0.00099713435,0,-13.473562,9.1450842e-06,0
0.5,0,26.67589,-0.0010498513,0,-13.464333,9.1138124e-06,0
0.5,0,26.677598,-0.0010976438,0,-13.455105,9.0822967e-06,0
0.5,0,26.679621,-0.0011340176,0,-13.445876,9.05281e-06,0
0.5,0,26.682023,-0.001164772,0,-13.436648,9.0280509e-06,0
0.5,0,26.684835,-0.0011980748,0,-13.427419,9.0104348e-06,0
0.5,0,26.68803,-0.0012351786,0,-13.418191,9.0014841e-06,0
0.5,0,26.691533,-0.0012674592,0,-13.408962,9.0017524e-06,0
0.5,0,26.695255,-0.001284475,0,-13.399734,9.0109455e-06,0
0.5,0,26.699088,-0.0012835099,0,-13.390505,9.0284459e-06,0
0.5,0,26.702891,-0.0012716078,0,-13.381277,9.0538493e-06,0
0.5,0,26.706522,-0.0012583209,0,-13.372048,9.0870489e-06,0
0.5,0,26.709862,-0.0012443135,0,-13.36282,9.1279874e-06,0
0.5,0,26.712826,-0.0012194591,0,-13.353591,9.1768175e-06,0
0.5,0,26.715371,-0.0011723224,0,-13.344363,9.2346309e-06,0
0.5,0,26.717498,-0.0010999165,0,-13.335135,9.3034935e-06,0
0.5,0,26.719257,-0.0010094802,0,-13.325906,9.3852649e-06,0
0.5,0,26.720731,-0.00091187876,0,-13.316678,9.4804893e-06,0
0.5,0,26.722033,-0.00081216863,0,-13.307449,9.5887177e-06,0
0.5,0,26.723286,-0.00070742487,0,-13.298221,9.7099046e-06,0
0.5,0,26.724612,-0.00059588061,0,-13.288992,9.845153e-06,0
0.5,0,26.726126,-0.00048641124,0,-13.279764,9.9957385e-06,0
0.5,0,26.727937,-0.00039487616,0,-13.270535,1.0161311e-05,0
0.5,0,26.730145,-0.0003327797,0,-13.261307,1.0339156e-05,0
0.5,0,26.732857,-0.00029997897,0,-13.252078,1.05253e-05,0
0.5,0,26.736198,-0.00028691701,0,-13.24285,1.0715845e-05,0
0.5,0,26.740322,-0.0003029089,0,-13.233621,1.0908339e-05,0
0.5,0,26.745422,-0.00031125816,0,-13.224393,1.1102735e-05,0
0.5,0,26.75161,-0.00032621408,0,-13.215164,1.1292949e-05,0
0.5,0,26.758779,-0.00039575745,0,-13.205936,1.1471685e-05,0
0.5,0,26.766786,-0.00048581665,0,-13.196708,1.1640093e-05,0
0.5,0,26.775523,-0.00057104064,0,-13.187479,1.17973e-05,0
0.5,0,26.784781,-0.00066162634,0,-13.178251,1.1940317e-05,0
0.5,0,26.794248,-0.00077341289,0,-13.169022,1.2072481e-05,0
0.5,0,26.803548,-0.00087431558,0,-13.159794,1.2198837e-05,0
0.5,0,26.812283,-0.00094593302,0,-13.150565,1.2318884e-05,0
0.5,0,26.820075,-0.0010086453,0,-13.141337,1.2429969e-05,0
0.5,0,26.826598,-0.0010566742,0,-13.132108,1.2531553e-05,0
0.5,0,26.831589,-0.0010566581,0,-13.12288,1.2624239e-05,0
0.5,0,26.834921,-0.0010301727,0,-13.113651,1.2713009e-05,0
0.5,0,26.83673,-0.0010216969,0,-13.104423,1.2804558e-05,0
0.5,0,26.837303,-0.0010248049,0,-13.095194,1.2897493e-05,0
0.5,0,26.836908,-0.0010084178,0,-13.085966,1.2987674e-05,0
0.5,0,26.835879,-0.00096414229,0,-13.076737,1.3073241e-05,0
0.5,0,26.834636,-0.00091400381,0,-13.067509,1.3152072e-05,0
0.5,0,26.833574,-0.00087410826,0,-13.058281,1.3223184e-05,0
0.5,0,26.833006,-0.00084226631,0,-13.049052,1.3285709e-05,0
0.5,0,26.833133,-0.00080224227,0,-13.039824,1.3336503e-05,0
0.5,0,26.83404,-0.0007432343,0,-13.030595,1.3370418e-05,0
0.5,0,26.83571,-0.00067112691,0,-13.021367,1.3382703e-05,0
0.5,0,26.83806,-0.00060058278,0,-13.012138,1.337098e-05,0
0.5,0,26.840973,-0.00054152196,0,-13.00291,1.3335558e-05,0
0.5,0,26.84432,-0.00049137159,0,-12.993681,1.3278316e-05,0
0.5,0,26.847982,-0.00043749522,0,-12.984453,1.320127e-05,0
0.5,0,26.851862,-0.00036767031,0,-12.975224,1.3105968e-05,0
0.5,0,26.855881,-0.00027970173,0,-12.965996,1.2994091e-05,0
0.5,0,26.859986,-0.00018139663,0,-12.956767,1.2868468e-05,0
0.5,0,26.864151,-8.160169e-05,0,-12.947539,1.2733209e-05,0
0.5,0,26.868376,1.7096736e-05,0,-12.93831,1.259258e-05,0
0.5,0,26.872681,0.00011712272,0,-12.929082,1.2449683e-05,0
0.5,0,26.877105,0.00021875,0,-12.919854,1.2306107e-05,0
0.5,0,26.881706,0.0003148674,0,-12.910625,1.2162606e-05,0
0.5,0,26.886558,0.0003932525,0,-12.901397,1.2020012e-05,0
0.5,0,26.891745,0.00044375419,0,-12.892168,1.1879423e-05,0
0.5,0,26.897355,0.00046373655,0,-12.88294,1.1741402e-05,0
0.5,0,26.903464,0.00045781431,0,-12.873711,1.1604885e-05,0
0.5,0,26.910119,0.00043300951,0,-12.864483,1.1466703e-05,0
0.5,0,26.917324,0.00039384094,0,-12.855254,1.1322041e-05,0
0.5,0,26.925028,0.00034099937,0,-12.846026,1.1165404e-05,0
0.5,0,26.933116,0.00027338245,0,-12.836797,1.0991558e-05,0
0.5,0,26.941407,0.00019087679,0,-12.827569,1.0796066e-05,0
0.5,0,26.94966,9.5822027e-05,0,-12.81834,1.0575414e-05,0
0.5,0,26.957592,-7.4063332e-06,0,-12.809112,1.0326978e-05,0
0.5,0,26.964909,-0.00011381219,0,-12.799883,1.0049034e-05,0
0.5,0,26.971332,-0.00021907473,0,-12.790655,9.7408888e-06,0
0.5,0,26.976644,-0.00032071521,0,-12.781427,9.4030187e-06,0
0.5,0,26.980728,-0.00041884167,0,-12.772198,9.0370991e-06,0
0.5,0,26.983608,-0.00051516487,0,-12.76297,8.64592e-06,0
0.5,0,26.985467,-0.00061128507,0,-12.753741,8.2332706e-06,0
0.5,0,26.986625,-0.00070823638,0,-12.744513,7.8038435e-06,0
0.5,0,26.98751,-0.0008069893,0,-12.735284,7.3630868e-06,0
0.5,0,26.988585,-0.00090872792,0,-12.726056,6.9169098e-06,0
0.5,0,26.990284,-0.0010139913,0,-12.716827,6.4712826e-06,0
0.5,0,26.992957,-0.0011213047,0,-12.707599,6.0318173e-06,0
0.5,0,26.996847,-0.0012268195,0,-12.69837,5.6035859e-06,0
0.5,0,27.002081,-0.0013257387,0,-12.689142,5.1912806e-06,0
0.5,0,27.008682,-0.0014143829,0,-12.679913,4.799321e-06,0
0.5,0,27.0166,-0.0014904898,0,-12.670685,4.4317246e-06,0
0.5,0,27.025729,-0.001551943,0,-12.661456,4.0918793e-06,0
0.5,0,27.035933,-0.00159602,0,-12.652228,3.7824913e-06,0
0.5,0,27.047059,-0.0016201554,0,-12.643,3.5059679e-06,0
0.5,0,27.058924,-0.0016238318,0,-12.633771,3.2650313e-06,0
0.5,0,27.071298,-0.0016094126,0,-12.624543,3.0630734e-06,0
0.5,0,27.083868,-0.0015799444,0,-12.615314,2.9038952e-06,0
0.5,0,27.096199,-0.0015365896,0,-12.606086,2.7909356e-06,0
0.5,0,27.107694,-0.0014791668,0,-12.596857,2.7266588e-06,0
0.5,0,27.117569,-0.001408591,0,-12.587629,2.7125146e-06,0
0.5,0,27.124876,-0.0013259046,0,-12.5784,2.7491731e-06,0
0.5,0,27.128608,-0.0012320549,0,-12.569172,2.8365184e-06,0
0.5,0,27.127904,-0.0011336873,0,-12.559943,2.9726046e-06,0
0.5,0,27.12238,-0.0010404278,0,-12.550715,3.1529329e-06,0
0.5,0,27.112314,-0.00095669329,0,-12.541486,3.3716915e-06,0
0.5,0,27.098584,-0.0008836193,0,-12.532258,3.6230145e-06,0
0.5,0,27.082518,-0.00082251349,0,-12.523029,3.9010971e-06,0
0.5,0,27.065665,-0.00077461442,0,-12.513801,4.2001681e-06,0
0.5,0,27.049538,-0.00074117484,0,-12.504573,4.5145903e-06,0
0.5,0,27.035387,-0.00072323019,0,-12.495344,4.8388921e-06,0
0.5,0,27.024046,-0.00072153639,0,-12.486116,5.1677427e-06,0
0.5,0,27.015888,-0.00073645257,0,-12.476887,5.4960613e-06,0
0.5,0,27.010849,-0.00076677964,0,-12.467659,5.8192291e-06,0
0.5,0,27.008532,-0.0008100262,0,-12.45843,6.1332346e-06,0
0.5,0,27.008366,-0.00086342631,0,-12.449202,6.4349047e-06,0
0.5,0,27.009741,-0.00092445269,0,-12.439973,6.7221888e-06,0
0.5,0,27.012098,-0.00099089218,0,-12.430745,6.9942774e-06,0
0.5,0,27.014982,-0.001059149,0,-12.421516,7.2515005e-06,0
0.5,0,27.018041,-0.0011237095,0,-12.412288,7.4949642e-06,0
0.5,0,27.021015,-0.0011783179,0,-12.403059,7.7259838e-06,0
0.5,0,27.023712,-0.0012168641,0,-12.393831,7.945565e-06,0
0.5,0,27.025991,-0.0012347107,0,-12.384602,8.1541285e-06,0
0.5,0,27.027763,-0.0012298931,0,-12.375374,8.3513915e-06,0
0.5,0,27.028987,-0.0012029729,0,-12.366146,8.5362913e-06,0
0.5,0,27.029691,-0.0011563703,0,-12.356917,8.7069305e-06,0
0.5,0,27.029969,-0.0010944032,0,-12.347689,8.8605918e-06,0
0.5,0,27.029992,-0.0010232933,0,-12.33846,8.9939304e-06,0
0.5,0,27.029984,-0.00095032454,0,-12.329232,9.103361e-06,0
0.5,0,27.030201,-0.00088261558,0,-12.320003,9.1855117e-06,0
0.5,0,27.030888,-0.0008257167,0,-12.310775,9.2376381e-06,0
0.5,0,27.032243,-0.00078304276,0,-12.301546,9.2579354e-06,0
0.5,0,27.034389,-0.00075603779,0,-12.292318,9.245667e-06,0
0.5,0,27.037358,-0.00074337598,0,-12.283089,9.2011378e-06,0
0.5,0,27.041093,-0.00074116905,0,-12.273861,9.1256967e-06,0
0.5,0,27.045452,-0.00074461657,0,-12.264632,9.0217945e-06,0
0.5,0,27.050228,-0.000748377,0,-12.255404,8.8929137e-06,0
0.5,0,27.055168,-0.00074642521,0,-12.246175,8.743289e-06,0
0.5,0,27.060009,-0.00073307235,0,-12.236947,8.5774771e-06,0
0.5,0,27.064507,-0.00070390293,0,-12.227719,8.3999391e-06,0
0.5,0,27.068469,-0.00065604871,0,-12.21849,8.2148005e-06,0
0.5,0,27.071782,-0.00058880746,0,-12.209262,8.0257219e-06,0
0.5,0,27.074427,-0.00050409707,0,-12.200033,7.8358478e-06,0
0.5,0,27.076474,-0.000406596,0,-12.190805,7.6478235e-06,0
0.5,0,27.078072,-0.00030314025,0,-12.181576,7.4638299e-06,0
0.5,0,27.079428,-0.00020166809,0,-12.172348,7.2856335e-06,0
0.5,0,27.080781,-0.00010934551,0,-12.163119,7.1146675e-06,0
0.5,0,27.082368,-3.0379218e-05,0,-12.153891,6.9520968e-06,0
0.5,0,27.084402,3.2721605e-05,0,-12.144662,6.7987904e-06,0
0.5,0,27.087061,7.7166831e-05,0,-12.135434,6.6552436e-06,0
0.5,0,27.090482,0.0001003504,0,-12.126205,6.5213839e-06,0
0.5,0,27.094765,0.00010094676,0,-12.116977,6.3963323e-06,0
0.5,0,27.099959,7.9459227e-05,0,-12.107748,6.2783597e-06,0
0.5,0,27.106059,3.8020129e-05,0,-12.09852,6.1650615e-06,0
0.5,0,27.112992,-2.0361356e-05,0,-12.089292,6.0536267e-06,0
0.5,0,27.120608,-9.2666808e-05,0,-12.080063,5.941089e-06,0
0.5,0,27.128668,-0.00017530823,0,-12.070835,5.8245665e-06,0
0.5,0,27.136846,-0.00026306802,0,-12.061606,5.7015931e-06,0
0.5,0,27.144749,-0.00034999487,0,-12.052378,5.5705337e-06,0
0.5,0,27.15195,-0.00043055589,0,-12.043149,5.4308679e-06,0
0.5,0,27.15803,-0.00050023223,0,-12.033921,5.2832125e-06,0
0.5,0,27.162636,-0.00055632855,0,-12.024692,5.1292645e-06,0
0.5,0,27.165545,-0.00059682967,0,-12.015464,4.9717638e-06,0
0.5,0,27.166695,-0.00062080844,0,-12.006235,4.8143288e-06,0
0.5,0,27.166224,-0.00062994364,0,-11.997007,4.661199e-06,0
0.5,0,27.164454,-0.00062667217,0,-11.987778,4.5168548e-06,0
0.5,0,27.161828,-0.00061444525,0,-11.97855,4.3854547e-06,0
0.5,0,27.158834,-0.00059887453,0,-11.969321,4.2704481e-06,0
0.5,0,27.15592,-0.00058580227,0,-11.960093,4.1745286e-06,0
0.5,0,27.153429,-0.0005796184,0,-11.950865,4.0997572e-06,0
0.5,0,27.151545,-0.0005834502,0,-11.941636,4.0476629e-06,0
0.5,0,27.150278,-0.00060018183,0,-11.932408,4.0191555e-06,0
0.5,0,27.149484,-0.00063225692,0,-11.923179,4.0143551e-06,0
0.5,0,27.148901,-0.00067976357,0,-11.913951,4.0327114e-06,0
0.5,0,27.148184,-0.00073884743,0,-11.904722,4.0732311e-06,0
0.5,0,27.146966,-0.00080225089,0,-11.895494,4.1347209e-06,0
0.5,0,27.144926,-0.00086325916,0,-11.886265,4.2157033e-06,0
0.5,0,27.141859,-0.00091766832,0,-11.877037,4.3140301e-06,0
0.5,0,27.137718,-0.00096203863,0,-11.867808,4.4269075e-06,0
0.5,0,27.132623,-0.0009937062,0,-11.85858,4.5511731e-06,0
0.5,0,27.126856,-0.0010114592,0,-11.849351,4.6838266e-06,0
0.5,0,27.120799,-0.0010168068,0,-11.840123,4.8220634e-06,0
0.5,0,27.11486,-0.001013349,0,-11.830894,4.9629557e-06,0
0.5,0,27.109381,-0.0010031053,0,-11.821666,5.1036669e-06,0
0.5,0,27.104547,-0.00098693611,0,-11.812437,5.2417247e-06,0
0.5,0,27.100359,-0.00096634478,0,-11.803209,5.3755895e-06,0
0.5,0,27.096628,-0.00094136028,0,-11.793981,5.5046249e-06,0
0.5,0,27.092998,-0.00091056721,0,-11.784752,5.6279157e-06,0
0.5,0,27.08901,-0.00087332595,0,-11.775524,5.743948e-06,0
0.5,0,27.08418,-0.00082691635,0,-11.766295,5.8514654e-06,0
0.5,0,27.078078,-0.00076477385,0,-11.757067,5.9497493e-06,0
0.5,0,27.070409,-0.00068436736,0,-11.747838,6.0374416e-06,0
0.5,0,27.061097,-0.00059090671,0,-11.73861,6.1118301e-06,0
0.5,0,27.050352,-0.00049067201,0,-11.729381,6.1696688e-06,0
0.5,0,27.038665,-0.00038936241,0,-11.720153,6.2076941e-06,0
0.5,0,27.026745,-0.00029405725,0,-11.710924,6.2226914e-06,0
0.5,0,27.015402,-0.00021172222,0,-11.701696,6.2117638e-06,0
0.5,0,27.005417,-0.00014766163,0,-11.692467,6.172658e-06,0
0.5,0,26.997407,-0.00010377309,0,-11.683239,6.1040227e-06,0
0.5,0,26.991712,-7.6211446e-05,0,-11.67401,6.0053489e-06,0
0.5,0,26.988334,-5.6454444e-05,0,-11.664782,5.876845e-06,0
0.5,0,26.986926,-3.6112145e-05,0,-11.655554,5.7196297e-06,0
0.5,0,26.98683,-8.2199286e-06,0,-11.646325,5.5363569e-06,0
0.5,0,26.987146,3.265704e-05,0,-11.637097,5.3315008e-06,0
0.5,0,26.986837,8.9374894e-05,0,-11.627868,5.1108714e-06,0
0.5,0,26.98485,0.0001626105,0,-11.61864,4.8809545e-06,0
0.5,0,26.980249,0.00025087928,0,-11.609411,4.6482572e-06,0
0.5,0,26.972339,0.00034812188,0,-11.600183,4.4192919e-06,0
0.5,0,26.960771,0.00044526271,0,-11.590954,4.1999065e-06,0
0.5,0,26.945645,0.00053497017,0,-11.581726,3.993534e-06,0
0.5,0,26.927579,0.00060905535,0,-11.572497,3.8014634e-06,0
0.5,0,26.907599,0.00065959058,0,-11.563269,3.623949e-06,0
0.5,0,26.886935,0.0006827306,0,-11.55404,3.4604847e-06,0
0.5,0,26.866809,0.00067730275,0,-11.544812,3.3103301e-06,0
0.5,0,26.848244,0.00064373252,0,-11.535583,3.1729778e-06,0
0.5,0,26.831958,0.00058165614,0,-11.526355,3.0479942e-06,0
0.5,0,26.818322,0.00049274035,0,-11.517127,2.9351576e-06,0
0.5,0,26.807408,0.0003732743,0,-11.507898,2.8336869e-06,0
0.5,0,26.799031,0.00022154342,0,-11.49867,2.7428357e-06,0
0.5,0,26.792867,4.593883e-05,0,-11.489441,2.6627623e-06,0
0.5,0,26.788545,-0.00014241907,0,-11.480213,2.5934853e-06,0
0.5,0,26.785684,-0.00033094486,0,-11.470984,2.5356288e-06,0
0.5,0,26.783927,-0.00050942992,0,-11.461756,2.4909529e-06,0
0.5,0,26.782978,-0.00066624498,0,-11.452527,2.4616372e-06,0
0.5,0,26.782602,-0.0007928096,0,-11.443299,2.4500684e-06,0
0.5,0,26.7826,-0.00088716606,0,-11.43407,2.4592939e-06,0
0.5,0,26.782801,-0.00095208435,0,-11.424842,2.4924844e-06,0
0.5,0,26.783052,-0.00099326819,0,-11.415613,2.5519759e-06,0
0.5,0,26.783211,-0.0010172029,0,-11.406385,2.6390831e-06,0
0.5,0,26.783159,-0.0010319468,0,-11.397156,2.7538809e-06,0
0.5,0,26.782796,-0.0010460718,0,-11.387928,2.8950129e-06,0
0.5,0,26.782057,-0.0010671392,0,-11.3787,3.0597458e-06,0
0.5,0,26.780914,-0.0011004417,0,-11.369471,3.2441395e-06,0
0.5,0,26.779382,-0.001147642,0,-11.360243,3.443272e-06,0
0.5,0,26.777506,-0.0012060479,0,-11.351014,3.651553e-06,0
0.5,0,26.775355,-0.0012681636,0,-11.341786,3.8632738e-06,0
0.5,0,26.773,-0.0013263105,0,-11.332557,4.0732778e-06,0
0.5,0,26.770537,-0.0013815438,0,-11.323329,4.2768931e-06,0
0.5,0,26.768019,-0.0014318321,0,-11.3141,4.4694936e-06,0
0.5,0,26.765488,-0.0014627537,0,-11.304872,4.6480748e-06,0
0.5,0,26.763021,-0.001470715,0,-11.295643,4.812055e-06,0
0.5,0,26.760653,-0.0014639642,0,-11.286415,4.9612772e-06,0
0.5,0,26.758382,-0.0014450539,0,-11.277186,5.0952728e-06,0
0.5,0,26.756182,-0.0014157158,0,-11.267958,5.2136947e-06,0
0.5,0,26.754017,-0.0013804368,0,-11.258729,5.3160014e-06,0
0.5,0,26.751832,-0.0013442764,0,-11.249501,5.4010051e-06,0
0.5,0,26.749559,-0.0013109964,0,-11.240273,5.4672036e-06,0
0.5,0,26.747141,-0.0012875072,0,-11.231044,5.5130045e-06,0
0.5,0,26.744525,-0.0012791744,0,-11.221816,5.5375949e-06,0
0.5,0,26.741697,-0.0012858998,0,-11.212587,5.5412042e-06,0
0.5,0,26.738689,-0.0013064805,0,-11.203359,5.5244324e-06,0
0.5,0,26.735572,-0.0013359259,0,-11.19413,5.4888976e-06,0
0.5,0,26.732452,-0.0013702434,0,-11.184902,5.437271e-06,0
0.5,0,26.729451,-0.0014072188,0,-11.175673,5.3730298e-06,0
0.5,0,26.726697,-0.0014449515,0,-11.166445,5.3003623e-06,0
0.5,0,26.724302,-0.0014820038,0,-11.157216,5.2238308e-06,0
0.5,0,26.72235,-0.0015153636,0,-11.147988,5.1484322e-06,0
0.5,0,26.720887,-0.0015448333,0,-11.138759,5.0792698e-06,0
0.5,0,26.719917,-0.00157175,0,-11.129531,5.0215355e-06,0
0.5,0,26.719408,-0.001596718,0,-11.120302,4.9804052e-06,0
0.5,0,26.719305,-0.0016218986,0,-11.111074,4.9604276e-06,0
0.5,0,26.71953,-0.0016488019,0,-11.101846,4.9654773e-06,0
0.5,0,26.71999,-0.0016783055,0,-11.092617,4.9985474e-06,0
0.5,0,26.720586,-0.0017105205,0,-11.083389,5.0613724e-06,0
0.5,0,26.721222,-0.0017449163,0,-11.07416,5.1540367e-06,0
0.5,0,26.721802,-0.0017792583,0,-11.064932,5.2749562e-06,0
0.5,0,26.72224,-0.0018092153,0,-11.055703,5.4211304e-06,0
0.5,0,26.722468,-0.0018301726,0,-11.046475,5.5883431e-06,0
0.5,0,26.722434,-0.0018368145,0,-11.037246,5.7717203e-06,0
0.5,0,26.722108,-0.0018238216,0,-11.028018,5.9662612e-06,0
0.5,0,26.721484,-0.0017879328,0,-11.018789,6.1671449e-06,0
0.5,0,26.720583,-0.0017274617,0,-11.009561,6.370157e-06,0
0.5,0,26.719448,-0.0016417448,0,-11.000332,6.5720921e-06,0
0.5,0,26.718142,-0.0015315221,0,-10.991104,6.7708983e-06,0
0.5,0,26.716737,-0.0013985434,0,-10.981875,6.9657188e-06,0
0.5,0,26.715305,-0.0012452765,0,-10.972647,7.1568549e-06,0
0.5,0,26.713906,-0.0010746573,0,-10.963419,7.3456224e-06,0
0.5,0,26.712584,-0.0008895741,0,-10.95419,7.534132e-06,0
0.5,0,26.711361,-0.0006924534,0,-10.944962,7.7250338e-06,0
0.5,0,26.710239,-0.00048555519,0,-10.935733,7.9212737e-06,0
0.5,0,26.70921,-0.00027158347,0,-10.926505,8.125867e-06,0
0.5,0,26.708219,-5.4719018e-05,0,-10.917276,8.3416848e-06,0
0.5,0,26.707241,0.00015786311,0,-10.908048,8.5710439e-06,0
0.5,0,26.706252,0.0003581376,0,-10.898819,8.8153567e-06,0
0.5,0,26.705189,0.00054013093,0,-10.889591,9.0750972e-06,0
0.5,0,26.704035,0.00069805392,0,-10.880362,9.3497652e-06,0
0.5,0,26.702773,0.00082852408,0,-10.871134,9.6383354e-06,0
0.5,0,26.701402,0.00093121153,0,-10.861905,9.9395712e-06,0
0.5,0,26.699937,0.0010064649,0,-10.852677,1.0251962e-05,0
0.5,0,26.698405,0.001057197,0,-10.843448,1.0574108e-05,0
0.5,0,26.696841,0.001089115,0,-10.83422,1.090512e-05,0
0.5,0,26.695286,0.0011095294,0,-10.824992,1.1244906e-05,0
0.5,0,26.69378,0.0011252455,0,-10.815763,1.1594226e-05,0
0.5,0,26.692363,0.00114075,0,-10.806535,1.195452e-05,0
0.5,0,26.691073,0.0011571988,0,-10.797306,1.2327539e-05,0
0.5,0,26.689945,0.0011730578,0,-10.788078,1.2714986e-05,0
0.5,0,26.688998,0.0011855748,0,-10.778849,1.3118303e-05,0
0.5,0,26.688238,0.0011910909,0,-10.769621,1.3538465e-05,0
0.5,0,26.687675,0.0011852437,0,-10.760392,1.3975772e-05,0
0.5,0,26.687319,0.0011634584,0,-10.751164,1.4429601e-05,0
0.5,0,26.687179,0.0011224091,0,-10.741935,1.4898245e-05,0
0.5,0,26.687256,0.0010621282,0,-10.732707,1.5379008e-05,0
0.5,0,26.687542,0.00098704524,0,-10.723478,1.5868627e-05,0
0.5,0,26.68802,0.00090465523,0,-10.71425,1.6363793e-05,0
0.5,0,26.688663,0.00082248471,0,-10.705021,1.6861503e-05,0
0.5,0,26.689442,0.00074572461,0,-10.695793,1.7359124e-05,0
0.5,0,26.690335,0.00067716471,0,-10.686565,1.7854244e-05,0
0.5,0,26.691331,0.00061833791,0,-10.677336,1.8344484e-05,0
0.5,0,26.692435,0.00056946882,0,-10.668108,1.8827289e-05,0
0.5,0,26.693673,0.00052773993,0,-10.658879,1.9299618e-05,0
0.5,0,26.695092,0.00048630741,0,-10.649651,1.975752e-05,0
0.5,0,26.69675,0.00043687164,0,-10.640422,2.0195884e-05,0
0.5,0,26.698726,0.0003748925,0,-10.631194,2.0608817e-05,0
0.5,0,26.701092,0.00030304396,0,-10.621965,2.0990657e-05,0
0.5,0,26.703911,0.00023050959,0,-10.612737,2.1337177e-05,0
0.5,0,26.707233,0.00016817886,0,-10.603508,2.1646328e-05,0
0.5,0,26.711072,0.00012263762,0,-10.59428,2.1918065e-05,0
0.5,0,26.715417,9.5646576e-05,0,-10.585051,2.2153675e-05,0
0.5,0,26.72023,8.9279296e-05,0,-10.575823,2.2355313e-05,0
0.5,0,26.725449,0.00010928197,0,-10.566594,2.2526144e-05,0
0.5,0,26.730988,0.00016221722,0,-10.557366,2.2670688e-05,0
0.5,0,26.736742,0.00024840369,0,-10.548138,2.279456e-05,0
0.5,0,26.742598,0.00035747784,0,-10.538909,2.290333e-05,0
0.5,0,26.748442,0.00047208613,0,-10.529681,2.3001167e-05,0
0.5,0,26.754168,0.00057697225,0,-10.520452,2.3090285e-05,0
0.5,0,26.759674,0.00066446044,0,-10.511224,2.3171427e-05,0
0.5,0,26.764862,0.00073129826,0,-10.501995,2.3244618e-05,0
0.5,0,26.769635,0.00077105083,0,-10.492767,2.3309246e-05,0
0.5,0,26.773888,0.00077141848,0,-10.483538,2.3363429e-05,0
0.5,0,26.777511,0.00072078216,0,-10.47431,2.3403565e-05,0
0.5,0,26.780373,0.00061796087,0,-10.465081,2.3425006e-05,0
0.5,0,26.782325,0.00047326283,0,-10.455853,2.3423493e-05,0
0.5,0,26.783197,0.00029821861,0,-10.446624,2.3396099e-05,0
0.5,0,26.782818,9.7639617e-05,0,-10.437396,2.3340893e-05,0
0.5,0,26.781051,-0.0001241501,0,-10.428167,2.3256468e-05,0
0.5,0,26.7778,-0.00036728231,0,-10.418939,2.3141717e-05,0
0.5,0,26.773052,-0.0006069888,0,-10.409711,2.2997252e-05,0
0.5,0,26.766867,-0.00082365905,0,-10.400482,2.2824051e-05,0
0.5,0,26.759355,-0.0010003774,0,-10.391254,2.2629096e-05,0
0.5,0,26.750753,-0.0011343944,0,-10.382025,2.2424112e-05,0
0.5,0,26.741374,-0.0012472307,0,-10.372797,2.2218141e-05,0
0.5,0,26.731535,-0.0013266598,0,-10.363568,2.2020847e-05,0
0.5,0,26.721623,-0.0013658655,0,-10.35434,2.1841532e-05,0
0.5,0,26.712029,-0.001377789,0,-10.345111,2.1686669e-05,0
0.5,0,26.703101,-0.0013797141,0,-10.335883,2.1559223e-05,0
0.5,0,26.695154,-0.0013832035,0,-10.326654,2.1459365e-05,0
0.5,0,26.688444,-0.0013933259,0,-10.317426,2.1385693e-05,0
0.5,0,26.683134,-0.0014125291,0,-10.308197,2.1335542e-05,0
0.5,0,26.679298,-0.0014401507,0,-10.298969,2.1304316e-05,0
0.5,0,26.676929,-0.001475102,0,-10.28974,2.1284989e-05,0
0.5,0,26.67595,-0.0015203873,0,-10.280512,2.1268884e-05,0
0.5,0,26.676249,-0.0015793094,0,-10.271284,2.1247061e-05,0
0.5,0,26.677708,-0.0016506026,0,-10.262055,2.1211017e-05,0
0.5,0,26.680223,-0.0017286117,0,-10.252827,2.1153106e-05,0
0.5,0,26.683707,-0.0018058177,0,-10.243598,2.1067097e-05,0
0.5,0,26.688081,-0.0018733785,0,-10.23437,2.0948542e-05,0
0.5,0,26.693258,-0.0019221128,0,-10.225141,2.0794657e-05,0
0.5,0,26.699121,-0.0019458649,0,-10.215913,2.0603966e-05,0
0.5,0,26.705509,-0.0019436374,0,-10.206684,2.0375887e-05,0
0.5,0,26.712207,-0.0019174709,0,-10.197456,2.0110174e-05,0
0.5,0,26.718948,-0.0018697059,0,-10.188227,1.980665e-05,0
0.5,0,26.725425,-0.0018046447,0,-10.178999,1.9465547e-05,0
0.5,0,26.731315,-0.0017300254,0,-10.16977,1.9088296e-05,0
0.5,0,26.736315,-0.0016549827,0,-10.160542,1.8678199e-05,0
0.5,0,26.740174,-0.0015848232,0,-10.151313,1.8240361e-05,0
0.5,0,26.742721,-0.0015166338,0,-10.142085,1.7781129e-05,0
0.5,0,26.743897,-0.0014421743,0,-10.132857,1.7307405e-05,0
0.5,0,26.743763,-0.0013544104,0,-10.123628,1.6826154e-05,0
0.5,0,26.742501,-0.0012560474,0,-10.1144,1.6343901e-05,0
0.5,0,26.740382,-0.0011611939,0,-10.105171,1.586596e-05,0
0.5,0,26.73771,-0.0010855158,0,-10.095943,1.5396824e-05,0
0.5,0,26.734761,-0.0010380826,0,-10.086714,1.4942076e-05,0
0.5,0,26.731742,-0.0010163849,0,-10.077486,1.4507378e-05,0
0.5,0,26.728789,-0.0010101178,0,-10.068257,1.4096521e-05,0
0.5,0,26.726039,-0.001010857,0,-10.059029,1.3712133e-05,0
0.5,0,26.723496,-0.0010088956,0,-10.0498,1.3355782e-05,0
0.5,0,26.721044,-0.00099452612,0,-10.040572,1.3028451e-05,0
0.5,0,26.718594,-0.00096524673,0,-10.031343,1.2730462e-05,0
0.5,0,26.716055,-0.00092274559,0,-10.022115,1.2460999e-05,0
0.5,0,26.713363,-0.00087018324,0,-10.012886,1.2218752e-05,0
0.5,0,26.710501,-0.00081224974,0,-10.003658,1.2002278e-05,0
0.5,0,26.707493,-0.00075288403,0,-9.9944295,1.1810288e-05,0
0.5,0,26.704392,-0.00069264834,0,-9.9852011,1.1641596e-05,0
0.5,0,26.701275,-0.00062900064,0,-9.9759726,1.1494879e-05,0
0.5,0,26.69823,-0.00055835488,0,-9.9667441,1.1368663e-05,0
0.5,0,26.695345,-0.00047911692,0,-9.9575157,1.1261439e-05,0
0.5,0,26.692702,-0.00039388463,0,-9.9482872,1.1171825e-05,0
0.5,0,26.690369,-0.00030878628,0,-9.9390587,1.1098635e-05,0
0.5,0,26.688397,-0.00023054944,0,-9.9298303,1.1040813e-05,0
0.5,0,26.686825,-0.00016356659,0,-9.9206018,1.0997343e-05,0
0.5,0,26.685666,-0.00010684285,0,-9.9113733,1.096743e-05,0
0.5,0,26.684916,-5.5242086e-05,0,-9.9021449,1.095086e-05,0
0.5,0,26.68455,-4.5212822e-06,0,-9.8929164,1.0948401e-05,0
0.5,0,26.684528,4.5642919e-05,0,-9.8836879,1.096217e-05,0
0.5,0,26.684799,9.1452097e-05,0,-9.8744595,1.0995607e-05,0
0.5,0,26.685306,0.00012750977,0,-9.865231,1.1052968e-05,0
0.5,0,26.685983,0.00014985469,0,-9.8560025,1.1138769e-05,0
0.5,0,26.686754,0.00015740646,0,-9.8467741,1.1257319e-05,0
0.5,0,26.687539,0.00014962316,0,-9.8375456,1.1412172e-05,0
0.5,0,26.688263,0.00012601527,0,-9.8283171,1.1605709e-05,0
0.5,0,26.688858,8.9848441e-05,0,-9.8190887,1.1839052e-05,0
0.5,0,26.689276,3.978765e-05,0,-9.8098602,1.2111761e-05,0
0.5,0,26.68944,-2.9888421e-05,0,-9.8006317,1.2420845e-05,0
0.5,0,26.689318,-0.0001240707,0,-9.7914033,1.2760283e-05,0
0.5,0,26.688938,-0.00024588272,0,-9.7821748,1.3121561e-05,0
0.5,0,26.688315,-0.00039012593,0,-9.7729463,1.3494512e-05,0
0.5,0,26.687489,-0.00054381559,0,-9.7637179,1.3868291e-05,0
0.5,0,26.686515,-0.00068971853,0,-9.7544894,1.4232141e-05,0
0.5,0,26.685448,-0.00081111122,0,-9.7452609,1.4575862e-05,0
0.5,0,26.684356,-0.00089383423,0,-9.7360325,1.4889887e-05,0
0.5,0,26.683292,-0.000926489,0,-9.726804,1.5165585e-05,0
0.5,0,26.682301,-0.00090079082,0,-9.7175755,1.5396151e-05,0
0.5,0,26.681437,-0.0008120816,0,-9.7083471,1.5577136e-05,0
0.5,0,26.680712,-0.00066060819,0,-9.6991186,1.5706058e-05,0
0.5,0,26.680119,-0.00045143049,0,-9.6898901,1.5781828e-05,0
0.5,0,26.679643,-0.00019424767,0,-9.6806617,1.5804794e-05,0
0.5,0,26.679262,9.6586735e-05,0,-9.6714332,1.577709e-05,0
0.5,0,26.678953,0.00040272272,0,-9.6622047,1.5702794e-05,0
0.5,0,26.678692,0.00070323047,0,-9.6529763,1.5587725e-05,0
0.5,0,26.678459,0.00097658472,0,-9.6437478,1.5439073e-05,0
0.5,0,26.678236,0.001202389,0,-9.6345193,1.5265078e-05,0
0.5,0,26.678009,0.0013625778,0,-9.6252909,1.5074755e-05,0
0.5,0,26.677775,0.0014433604,0,-9.6160624,1.4877743e-05,0
0.5,0,26.677535,0.0014377538,0,-9.6068339,1.4684244e-05,0
0.5,0,26.677303,0.0013465949,0,-9.5976055,1.45049e-05,0
0.5,0,26.677101,0.0011786427,0,-9.588377,1.4350627e-05,0
0.5,0,26.676963,0.00094880255,0,-9.5791485,1.4232368e-05,0
0.5,0,26.676932,0.00067584051,0,-9.5699201,1.41608e-05,0
0.5,0,26.67706,0.00038001528,0,-9.5606916,1.4146002e-05,0
0.5,0,26.677407,8.0947489e-05,0,-9.5514631,1.4197021e-05,0
0.5,0,26.678037,-0.00020381519,0,-9.5422347,1.4321291e-05,0
0.5,0,26.679015,-0.00045935866,0,-9.5330062,1.4523951e-05,0
0.5,0,26.680399,-0.00067374975,0,-9.5237777,1.480727e-05,0
0.5,0,26.682225,-0.00083946521,0,-9.5145493,1.5170244e-05,0
0.5,0,26.684508,-0.00095493545,0,-9.5053208,1.5608329e-05,0
0.5,0,26.687229,-0.0010245342,0,-9.4960923,1.6113471e-05,0
0.5,0,26.69032,-0.0010552644,0,-9.4868639,1.6674868e-05,0
0.5,0,26.693668,-0.0010551468,0,-9.4776354,1.7279667e-05,0
0.5,0,26.697133,-0.0010330343,0,-9.4684069,1.791279e-05,0
0.5,0,26.700566,-0.00099068262,0,-9.4591785,1.8557471e-05,0
0.5,0,26.703772,-0.00091911379,0,-9.44995,1.9197641e-05,0
0.5,0,26.706534,-0.00081481857,0,-9.4407215,1.9820083e-05,0
0.5,0,26.708687,-0.00069179197,0,-9.4314931,2.0413162e-05,0
0.5,0,26.710114,-0.00056904248,0,-9.4222646,2.0966704e-05,0
0.5,0,26.710763,-0.00046644344,0,-9.4130361,2.1472002e-05,0
0.5,0,26.710696,-0.00039483508,0,-9.4038077,2.1920981e-05,0
0.5,0,26.710022,-0.00034653229,0,-9.3945792,2.2308546e-05,0
0.5,0,26.708863,-0.00031170073,0,-9.3853507,2.2634055e-05,0
0.5,0,26.707357,-0.00028342045,0,-9.3761223,2.2900448e-05,0
0.5,0,26.705647,-0.00025521161,0,-9.3668938,2.3112842e-05,0
0.5,0,26.703861,-0.00022794406,0,-9.3576653,2.3277954e-05,0
0.5,0,26.702085,-0.00021339136,0,-9.3484369,2.3404063e-05,0
0.5,0,26.700365,-0.00022575433,0,-9.3392084,2.3500362e-05,0
0.5,0,26.698711,-0.00027236915,0,-9.3299799,2.3575688e-05,0
0.5,0,26.697111,-0.00035163145,0,-9.3207515,2.3637632e-05,0
0.5,0,26.695549,-0.00045593395,0,-9.311523,2.369241e-05,0
0.5,0,26.694022,-0.00057508547,0,-9.3022945,2.3745169e-05,0
0.5,0,26.692558,-0.00069887585,0,-9.2930661,2.3800263e-05,0
0.5,0,26.691213,-0.00081929562,0,-9.2838376,2.3861167e-05,0
0.5,0,26.690075,-0.00093153312,0,-9.2746091,2.393015e-05,0
0.5,0,26.689247,-0.0010334804,0,-9.2653807,2.4007852e-05,0
0.5,0,26.688829,-0.0011243258,0,-9.2561522,2.4092975e-05,0
0.5,0,26.688897,-0.0012023916,0,-9.2469237,2.4182414e-05,0
0.5,0,26.689485,-0.0012635927,0,-9.2376953,2.4271786e-05,0
0.5,0,26.690577,-0.001300975,0,-9.2284668,2.4356304e-05,0
0.5,0,26.692094,-0.0013059796,0,-9.2192383,2.4431747e-05,0
0.5,0,26.693908,-0.0012705375,0,-9.2100099,2.4495162e-05,0
0.5,0,26.695846,-0.0011893225,0,-9.2007814,2.4545151e-05,0
0.5,0,26.697715,-0.0010609602,0,-9.1915529,2.4581747e-05,0
0.5,0,26.699319,-0.00088745672,0,-9.1823245,2.4606036e-05,0
0.5,0,26.700484,-0.00067344948,0,-9.173096,2.4619706e-05,0
0.5,0,26.701074,-0.00042577098,0,-9.1638675,2.4624606e-05,0
0.5,0,26.701006,-0.00015339682,0,-9.1546391,2.4622365e-05,0
0.5,0,26.70026,0.00013235442,0,-9.1454106,2.4614026e-05,0
0.5,0,26.698881,0.00041884754,0,-9.1361821,2.4599791e-05,0
0.5,0,26.696972,0.00069485465,0,-9.1269537,2.4579026e-05,0
0.5,0,26.694685,0.00095249352,0,-9.1177252,2.4550604e-05,0
0.5,0,26.692197,0.0011864482,0,-9.1084967,2.4513398e-05,0
0.5,0,26.689694,0.0013910825,0,-9.0992683,2.446654e-05,0
0.5,0,26.687348,0.0015570747,0,-9.0900398,2.4409215e-05,0
0.5,0,26.685305,0.0016712207,0,-9.0808113,2.4340121e-05,0
0.5,0,26.68368,0.0017208079,0,-9.0715829,2.4257153e-05,0
0.5,0,26.682555,0.0016996033,0,-9.0623544,2.4157844e-05,0
0.5,0,26.681976,0.0016111497,0,-9.0531259,2.4040505e-05,0
0.5,0,26.681956,0.0014675906,0,-9.0438975,2.3905486e-05,0
0.5,0,26.682471,0.0012862281,0,-9.034669,2.3756016e-05,0
0.5,0,26.683471,0.0010859034,0,-9.0254405,2.3598202e-05,0
0.5,0,26.684872,0.00088492212,0,-9.0162121,2.3440418e-05,0
0.5,0,26.686567,0.00069881952,0,-9.0069836,2.3292315e-05,0
0.5,0,26.688427,0.00053586219,0,-8.9977551,2.3163503e-05,0
0.5,0,26.690321,0.0003931717,0,-8.9885267,2.3061946e-05,0
0.5,0,26.692123,0.00025793628,0,-8.9792982,2.299248e-05,0
0.5,0,26.693723,0.00011611309,0,-8.9700697,2.2956225e-05,0
0.5,0,26.695032,-3.5713641e-05,0,-8.9608413,2.2951404e-05,0
0.5,0,26.695993,-0.00018595995,0,-8.9516128,2.2975214e-05,0
0.5,0,26.696573,-0.00031617066,0,-8.9423843,2.3025582e-05,0
0.5,0,26.696747,-0.00041473463,0,-8.9331559,2.3101453e-05,0
0.5,0,26.69652,-0.00048448248,0,-8.9239274,2.3201571e-05,0
0.5,0,26.695969,-0.0005396996,0,-8.9146989,2.3322935e-05,0
0.5,0,26.695225,-0.00059863143,0,-8.9054705,2.3460399e-05,0
0.5,0,26.694351,-0.00067413858,0,-8.896242,2.3608426e-05,0
0.5,0,26.693341,-0.00077831335,0,-8.8870135,2.376265e-05,0
0.5,0,26.692222,-0.00092360444,0,-8.8777851,2.3918439e-05,0
0.5,0,26.691077,-0.0011029626,0,-8.8685566,2.4070496e-05,0
0.5,0,26.689996,-0.001292075,0,-8.8593281,2.4214558e-05,0
0.5,0,26.689079,-0.0014668058,0,-8.8500997,2.434837e-05,0
0.5,0,26.688417,-0.0016067241,0,-8.8408712,2.4472532e-05,0
0.5,0,26.68809,-0.0016945412,0,-8.8316427,2.4590495e-05,0
0.5,0,26.688167,-0.0017177582,0,-8.8224143,2.4706963e-05,0
0.5,0,26.688709,-0.0016738986,0,-8.8131858,2.4825875e-05,0
0.5,0,26.68976,-0.0015766282,0,-8.8039573,2.4949244e-05,0
0.5,0,26.691347,-0.0014534291,0,-8.7947289,2.5076997e-05,0
0.5,0,26.693476,-0.0013325641,0,-8.7855004,2.520702e-05,0
0.5,0,26.696125,-0.0012285907,0,-8.7762719,2.5334983e-05,0
0.5,0,26.699246,-0.0011380486,0,-8.7670435,2.5454485e-05,0
0.5,0,26.702762,-0.0010468812,0,-8.757815,2.5558199e-05,0
0.5,0,26.70657,-0.0009409037,0,-8.7485865,2.5639789e-05,0
0.5,0,26.710547,-0.00081245668,0,-8.7393581,2.5695531e-05,0
0.5,0,26.714561,-0.00066086082,0,-8.7301296,2.5724698e-05,0
0.5,0,26.718481,-0.00048997441,0,-8.7209011,2.5728467e-05,0
0.5,0,26.722182,-0.00030899494,0,-8.7116727,2.5708184e-05,0
0.5,0,26.725557,-0.00013411105,0,-8.7024442,2.5664162e-05,0
0.5,0,26.728524,1.3488765e-05,0,-8.6932157,2.5595385e-05,0
0.5,0,26.731037,0.00011352696,0,-8.6839873,2.5500019e-05,0
0.5,0,26.733092,0.00015431843,0,-8.6747588,2.5376358e-05,0
0.5,0,26.734735,0.00013743376,0,-8.6655303,2.522385e-05,0
0.5,0,26.736063,7.6575175e-05,0,-8.6563019,2.5044213e-05,0
0.5,0,26.73722,-8.170877e-06,0,-8.6470734,2.4842699e-05,0
0.5,0,26.738392,-9.6992244e-05,0,-8.6378449,2.4629058e-05,0
0.5,0,26.739793,-0.00017494186,0,-8.6286165,2.4417385e-05,0
0.5,0,26.741645,-0.0002319745,0,-8.619388,2.4224807e-05,0
0.5,0,26.744161,-0.00025972178,0,-8.6101595,2.4069456e-05,0
0.5,0,26.747533,-0.00025343217,0,-8.6009311,2.3968029e-05,0
0.5,0,26.751899,-0.00021754289,0,-8.5917026,2.3933535e-05,0
0.5,0,26.757334,-0.0001667293,0,-8.5824741,2.3973457e-05,0
0.5,0,26.763861,-0.0001224763,0,-8.5732457,2.4088503e-05,0
0.5,0,26.771459,-0.00010643757,0,-8.5640172,2.427233e-05,0
0.5,0,26.780057,-0.00013194295,0,-8.5547887,2.4512393e-05,0
0.5,0,26.789539,-0.00019694946,0,-8.5455603,2.4792191e-05,0
0.5,0,26.79975,-0.00028001002,0,-8.5363318,2.5094847e-05,0
0.5,0,26.810499,-0.00034148788,0,-8.5271033,2.5406927e-05,0
0.5,0,26.821564,-0.00033311921,0,-8.5178749,2.5721339e-05,0
0.5,0,26.832701,-0.00021344974,0,-8.5086464,2.6038209e-05,0
0.5,0,26.843654,3.4377795e-05,0,-8.4994179,2.6362835e-05,0
0.5,0,26.854163,0.00038867655,0,-8.4901895,2.6701302e-05,0
0.5,0,26.863983,0.00078882623,0,-8.480961,2.7055234e-05,0
0.5,0,26.872891,0.0011502984,0,-8.4717325,2.7417576e-05,0
0.5,0,26.88069,0.0013874494,0,-8.4625041,2.7771351e-05,0
0.5,0,26.8872,0.0014405026,0,-8.4532756,2.8092182e-05,0
0.5,0,26.892289,0.0012991818,0,-8.4440471,2.835384e-05,0
0.5,0,26.89587,0.0010036163,0,-8.4348187,2.8535359e-05,0
0.5,0,26.89791,0.00063201324,0,-8.4255902,2.862775e-05,0
0.5,0,26.898462,0.00028574869,0,-8.4163617,2.8638226e-05,0
0.5,0,26.897671,6.2481192e-05,0,-8.4071333,2.8590832e-05,0
0.5,0,26.895791,2.6966684e-05,0,-8.3979048,2.8523013e-05,0
0.5,0,26.893167,0.00019004983,0,-8.3886763,2.847814e-05,0
0.5,0,26.890209,0.00049975718,0,-8.3794479,2.8495823e-05,0
0.5,0,26.88735,0.00084998291,0,-8.3702194,2.8602474e-05,0
0.5,0,26.884998,0.0011049618,0,-8.3609909,2.8804232e-05,0
0.5,0,26.883503,0.001134574,0,-8.3517625,2.9084578e-05,0
0.5,0,26.883137,0.000852588,0,-8.342534,2.940776e-05,0
0.5,0,26.884087,0.00024559974,0,-8.3333055,2.9727433e-05,0
0.5,0,26.886459,-0.00061491726,0,-8.3240771,2.999874e-05,0
0.5,0,26.8903,-0.0015805583,0,-8.3148486,3.0190707e-05,0
0.5,0,26.895586,-0.0024574548,0,-8.3056201,3.0295482e-05,0
0.5,0,26.902231,-0.0030497177,0,-8.2963917,3.0332195e-05,0
0.5,0,26.910095,-0.0032052099,0,-8.2871632,3.0344429e-05,0
0.5,0,26.919,-0.002863098,0,-8.2779347,3.0389977e-05,0
0.5,0,26.928751,-0.0020792276,0,-8.2687062,3.0525094e-05,0
0.5,0,26.93916,-0.0010135042,0,-8.2594778,3.0789151e-05,0
0.5,0,26.950051,0.00010441048,0,-8.2502493,3.1193299e-05,0
0.5,0,26.961262,0.0010192488,0,-8.2410208,3.1714875e-05,0
0.5,0,26.972654,0.0015038071,0,-8.2317924,3.2298457e-05,0
0.5,0,26.984106,0.0014203815,0,-8.2225639,3.2864919e-05,0
0.5,0,26.995501,0.00076968586,0,-8.2133354,3.3328172e-05,0
0.5,0,27.006695,-0.00030629868,0,-8.204107,3.3615788e-05,0
0.5,0,27.017511,-0.0015548203,0,-8.1948785,3.3688643e-05,0
0.5,0,27.027755,-0.002666775,0,-8.18565,3.355348e-05,0
0.5,0,27.037214,-0.0033462047,0,-8.1764216,3.3264468e-05,0
0.5,0,27.045619,-0.0034075287,0,-8.1671931,3.2912168e-05,0
0.5,0,27.05275,-0.0028221233,0,-8.1579646,3.2602569e-05,0
0.5,0,27.058554,-0.0017089829,0,-8.1487362,3.2434354e-05,0
0.5,0,27.063134,-0.00032436811,0,-8.1395077,3.2476683e-05,0
0.5,0,27.066696,0.00099540056,0,-8.1302792,3.2749697e-05,0
0.5,0,27.069543,0.00190487,0,-8.1210508,3.3215156e-05,0
0.5,0,27.072059,0.0021275988,0,-8.1118223,3.3780246e-05,0
0.5,0,27.074637,0.001535503,0,-8.1025938,3.4316361e-05,0
0.5,0,27.077636,0.0001886385,0,-8.0933654,3.4688226e-05,0
0.5,0,27.081304,-0.0016698172,0,-8.0841369,3.4784234e-05,0
0.5,0,27.085746,-0.0036553065,0,-8.0749084,3.45421e-05,0
0.5,0,27.090892,-0.0053266373,0,-8.06568,3.3964464e-05,0
0.5,0,27.096474,-0.0062828587,0,-8.0564515,3.3121515e-05,0
0.5,0,27.102086,-0.006251851,0,-8.047223,3.2138312e-05,0
0.5,0,27.107252,-0.005155771,0,-8.0379946,3.1170477e-05,0
0.5,0,27.111484,-0.0031378825,0,-8.0287661,3.0372605e-05,0
0.5,0,27.114361,-0.00055090391,0,-8.0195376,2.9863466e-05,0
0.5,0,27.115614,0.0020986721,0,-8.0103092,2.9696956e-05,0
0.5,0,27.115182,0.0042705422,0,-8.0010807,2.9847821e-05,0
0.5,0,27.113295,0.0055055937,0,-7.9918522,3.0213665e-05,0
0.5,0,27.110439,0.0055234018,0,-7.9826238,3.0634537e-05,0
0.5,0,27.107239,0.0042998837,0,-7.9733953,3.0928696e-05,0
0.5,0,27.104353,0.0020758396,0,-7.9641668,3.0932307e-05,0
0.5,0,27.102275,-0.00067843787,0,-7.9549384,3.0537474e-05,0
0.5,0,27.101204,-0.003360083,0,-7.9457099,2.9721186e-05,0
0.5,0,27.101169,-0.005387092,0,-7.9364814,2.855289e-05,0
0.5,0,27.102142,-0.0063118043,0,-7.927253,2.7182373e-05,0
0.5,0,27.104015,-0.0058894515,0,-7.9180245,2.5814818e-05,0
0.5,0,27.106598,-0.0041391263,0,-7.908796,2.4673598e-05,0
0.5,0,27.10967,-0.0013606398,0,-7.8995676,2.3956023e-05,0
0.5,0,27.113023,0.0019077847,0,-7.8903391,2.3791167e-05,0
0.5,0,27.116522,0.0049957745,0,-7.8811106,2.4210695e-05,0
0.5,0,27.120146,0.0072346941,0,-7.8718822,2.5140533e-05,0
0.5,0,27.123969,0.0081065536,0,-7.8626537,2.6411456e-05,0
0.5,0,27.12815,0.0073721927,0,-7.8534252,2.778872e-05,0
0.5,0,27.13288,0.0051270206,0,-7.8441968,2.9017956e-05,0
0.5,0,27.138317,0.0017801082,0,-7.8349683,2.9876424e-05,0
0.5,0,27.144528,-0.0020282195,0,-7.8257398,3.0218925e-05,0
0.5,0,27.15146,-0.0055517931,0,-7.8165114,3.0008569e-05,0
0.5,0,27.158931,-0.0080822937,0,-7.8072829,2.9325152e-05,0
0.5,0,27.166662,-0.0090792684,0,-7.7980544,2.8349346e-05,0
0.5,0,27.174319,-0.0082735425,0,-7.788826,2.7326885e-05,0
0.5,0,27.181586,-0.0057305546,0,-7.7795975,2.6520441e-05,0
0.5,0,27.18824,-0.0018545207,0,-7.770369,2.6158124e-05,0
0.5,0,27.194228,0.0026712122,0,-7.7611406,2.6387652e-05,0
0.5,0,27.199677,0.0070134205,0,-7.7519121,2.7244054e-05,0
0.5,0,27.204872,0.010367286,0,-7.7426836,2.8638461e-05,0
0.5,0,27.210159,0.012115274,0,-7.7334552,3.0372243e-05,0
0.5,0,27.215794,0.011927456,0,-7.7242267,3.2172719e-05,0
0.5,0,27.22178,0.0098100476,0,-7.7149982,3.3742909e-05,0
0.5,0,27.227719,0.006106668,0,-7.7057698,3.4816619e-05,0
0.5,0,27.232735,0.0014593614,0,-7.6965413,3.5209358e-05,0
0.5,0,27.23547,-0.0032853089,0,-7.6873128,3.4855471e-05,0
0.5,0,27.234317,-0.0072352081,0,-7.6780844,3.3826112e-05,0
0.5,0,27.227717,-0.009636383,0,-7.6688559,3.2322276e-05,0
0.5,0,27.214496,-0.010022438,0,-7.6596274,3.0639507e-05,0
0.5,0,27.194202,-0.0082912909,0,-7.650399,2.9114589e-05,0
0.5,0,27.167249,-0.0047185723,0,-7.6411705,2.8065897e-05,0
0.5,0,27.134946,7.3613219e-05,0,-7.631942,2.7738285e-05,0
0.5,0,27.099226,0.0052080382,0,-7.6227136,2.8256426e-05,0
0.5,0,27.062297,0.0097334063,0,-7.6134851,2.9595272e-05,0
0.5,0,27.02641,0.012833362,0,-7.6042566,3.1585765e-05,0
0.5,0,26.993463,0.013959041,0,-7.5950282,3.394691e-05,0
0.5,0,26.964768,0.012884495,0,-7.5857997,3.6329052e-05,0
0.5,0,26.941019,0.0097316465,0,-7.5765712,3.8368781e-05,0
0.5,0,26.922306,0.0049653708,0,-7.5673428,3.9748787e-05,0
0.5,0,26.908213,-0.00066545899,0,-7.5581143,4.0251063e-05,0
0.5,0,26.897972,-0.0062546308,0,-7.5488858,3.9795284e-05,0
0.5,0,26.890624,-0.010901246,0,-7.5396574,3.8454574e-05,0
0.5,0,26.885172,-0.013855746,0,-7.5304289,3.6444657e-05,0
0.5,0,26.880701,-0.014640471,0,-7.5212004,3.4089124e-05,0
0.5,0,26.876479,-0.013128092,0,-7.511972,3.1767224e-05,0
0.5,0,26.872006,-0.0095553574,0,-7.5027435,2.9852801e-05,0
0.5,0,26.867042,-0.0044796295,0,-7.493515,2.8654357e-05,0
0.5,0,26.861593,0.0013050738,0,-7.4842866,2.8365563e-05,0
0.5,0,26.855864,0.0068815218,0,-7.4750581,2.903382e-05,0
0.5,0,26.850155,0.011348247,0,-7.4658296,3.0551349e-05,0
0.5,0,26.844787,0.013964289,0,-7.4566012,3.2670557e-05,0
0.5,0,26.840128,0.014290273,0,-7.4473727,3.5041851e-05,0
0.5,0,26.836593,0.012227396,0,-7.4381442,3.7268656e-05,0
0.5,0,26.834706,0.0081101108,0,-7.4289158,3.8970034e-05,0
0.5,0,26.834905,0.0025714343,0,-7.4196873,3.9832559e-05,0
0.5,0,26.837203,-0.003567888,0,-7.4104588,3.966548e-05,0
0.5,0,26.841214,-0.0093309603,0,-7.4012304,3.8441464e-05,0
0.5,0,26.846339,-0.013816132,0,-7.3920019,3.629578e-05,0
0.5,0,26.851969,-0.016347702,0,-7.3827734,3.3498751e-05,0
0.5,0,26.857565,-0.016542395,0,-7.373545,3.0414218e-05,0
0.5,0,26.862586,-0.014298176,0,-7.3643165,2.7450425e-05,0
0.5,0,26.866501,-0.0098795497,0,-7.355088,2.5001342e-05,0
0.5,0,26.868941,-0.0039129139,0,-7.3458596,2.3387371e-05,0
0.5,0,26.869874,0.0027380404,0,-7.3366311,2.2804779e-05,0
0.5,0,26.869514,0.0090877013,0,-7.3274026,2.3297849e-05,0
0.5,0,26.868199,0.014142949,0,-7.3181742,2.4750824e-05,0
0.5,0,26.866416,0.017089994,0,-7.3089457,2.6898951e-05,0
0.5,0,26.864758,0.017452154,0,-7.2997172,2.9365006e-05,0
0.5,0,26.863806,0.015139753,0,-7.2904888,3.1715883e-05,0
0.5,0,26.864031,0.010464282,0,-7.2812603,3.3530448e-05,0
0.5,0,26.86578,0.0040740563,0,-7.2720318,3.4462866e-05,0
0.5,0,26.869275,-0.003128288,0,-7.2628034,3.4292383e-05,0
0.5,0,26.874501,-0.010110784,0,-7.2535749,3.295668e-05,0
0.5,0,26.881149,-0.015882499,0,-7.2443464,3.0563855e-05,0
0.5,0,26.888741,-0.019639706,0,-7.235118,2.737511e-05,0
0.5,0,26.896735,-0.020886137,0,-7.2258895,2.3764955e-05,0
0.5,0,26.90455,-0.019449222,0,-7.216661,2.0170997e-05,0
0.5,0,26.911635,-0.015477237,0,-7.2074326,1.7035685e-05,0
0.5,0,26.917551,-0.0094490834,0,-7.1982041,1.4746666e-05,0
0.5,0,26.921988,-0.0021508572,0,-7.1889756,1.3584523e-05,0
0.5,0,26.924828,0.0053898976,0,-7.1797472,1.3681295e-05,0
0.5,0,26.92619,0.012046143,0,-7.1705187,1.4991893e-05,0
0.5,0,26.926383,0.01681081,0,-7.1612902,1.729272e-05,0
0.5,0,26.925849,0.018974314,0,-7.1520618,2.0209819e-05,0
0.5,0,26.925046,0.018205893,0,-7.1428333,2.327282e-05,0
0.5,0,26.924407,0.014597488,0,-7.1336048,2.5984064e-05,0
0.5,0,26.924295,0.0086511261,0,-7.1243764,2.7891721e-05,0
0.5,0,26.924993,0.001196974,0,-7.1151479,2.8656842e-05,0
0.5,0,26.926647,-0.0067489857,0,-7.1059194,2.8099581e-05,0
0.5,0,26.929216,-0.01412736,0,-7.096691,2.622319e-05,0
0.5,0,26.932517,-0.019984611,0,-7.0874625,2.3209109e-05,0
0.5,0,26.936278,-0.023566567,0,-7.078234,1.9392125e-05,0
0.5,0,26.940141,-0.024390729,0,-7.0690056,1.5219146e-05,0
0.5,0,26.943647,-0.022313583,0,-7.0597771,1.119231e-05,0
0.5,0,26.946308,-0.01752843,0,-7.0505486,7.8033171e-06,0
0.5,0,26.94765,-0.010553755,0,-7.0413202,5.4680451e-06,0
0.5,0,26.947327,-0.0022340183,0,-7.0320917,4.4735056e-06,0
0.5,0,26.945282,0.0062866992,0,-7.0228632,4.9385324e-06,0
0.5,0,26.941806,0.01377079,0,-7.0136348,6.7962303e-06,0
0.5,0,26.937417,0.019189021,0,-7.0044063,9.7985931e-06,0
0.5,0,26.932637,0.021917083,0,-6.9951778,1.3549956e-05,0
0.5,0,26.927888,0.02174783,0,-6.9859494,1.7564336e-05,0
0.5,0,26.923532,0.018810104,0,-6.9767209,2.1331861e-05,0
0.5,0,26.919967,0.013527126,0,-6.9674924,2.4382485e-05,0
0.5,0,26.917616,0.0065702093,0,-6.958264,2.6341271e-05,0
0.5,0,26.916821,-0.0012008751,0,-6.9490355,2.6973587e-05,0
0.5,0,26.917785,-0.0088545848,0,-6.939807,2.6205938e-05,0
0.5,0,26.92045,-0.015506756,0,-6.9305786,2.4126727e-05,0
0.5,0,26.924451,-0.020398412,0,-6.9213501,2.0975141e-05,0
0.5,0,26.92922,-0.02297724,0,-6.9121216,1.7117195e-05,0
0.5,0,26.934127,-0.022944287,0,-6.9028932,1.3007197e-05,0
0.5,0,26.938561,-0.020247739,0,-6.8936647,9.1360541e-06,0
0.5,0,26.941937,-0.015065129,0,-6.8844362,5.9742722e-06,0
0.5,0,26.943739,-0.0078348336,0,-6.8752078,3.9180849e-06,0
0.5,0,26.943697,0.00067073175,0,-6.8659793,3.2444506e-06,0
0.5,0,26.941848,0.0093503411,0,-6.8567508,4.0762864e-06,0
0.5,0,26.938656,0.016984566,0,-6.8475224,6.3595084e-06,0
0.5,0,26.934713,0.022570387,0,-6.8382939,9.8599704e-06,0
0.5,0,26.9304,0.025493788,0,-6.8290654,1.4188977e-05,0
0.5,0,26.926051,0.025494868,0,-6.819837,1.8856511e-05,0
0.5,0,26.922008,0.022618099,0,-6.8106085,2.3339226e-05,0
0.5,0,26.918732,0.017207726,0,-6.80138,2.7145802e-05,0
0.5,0,26.916759,0.00990077,0,-6.7921516,2.9869846e-05,0
0.5,0,26.916534,0.001564862,0,-6.7829231,3.1228811e-05,0
0.5,0,26.918233,-0.0068325306,0,-6.7736946,3.1090364e-05,0
0.5,0,26.92171,-0.01437772,0,-6.7644662,2.9485978e-05,0
0.5,0,26.926577,-0.020314149,0,-6.7552377,2.6609482e-05,0
0.5,0,26.932341,-0.024076834,0,-6.7460092,2.2798492e-05,0
0.5,0,26.938502,-0.025292388,0,-6.7367808,1.8497479e-05,0
0.5,0,26.944576,-0.023783567,0,-6.7275523,1.4206318e-05,0
0.5,0,26.950072,-0.01959504,0,-6.7183238,1.0423846e-05,0
0.5,0,26.95449,-0.013032933,0,-6.7090954,7.5953074e-06,0
0.5,0,26.9574,-0.0047085194,0,-6.6998669,6.0675739e-06,0
0.5,0,26.958583,0.0044456295,0,-6.6906384,6.0525048e-06,0
0.5,0,26.958139,0.013279094,0,-6.68141,7.5991335e-06,0
0.5,0,26.956421,0.020672822,0,-6.6721815,1.0579807e-05,0
0.5,0,26.953844,0.025774234,0,-6.662953,1.4699027e-05,0
0.5,0,26.950762,0.028077999,0,-6.6537246,1.9528227e-05,0
0.5,0,26.947498,0.027403878,0,-6.6444961,2.4559778e-05,0
0.5,0,26.944428,0.023875106,0,-6.6352676,2.9268124e-05,0
0.5,0,26.942012,0.017908699,0,-6.6260392,3.3168046e-05,0
0.5,0,26.94074,0.01016249,0,-6.6168107,3.5865346e-05,0
0.5,0,26.940988,0.0014524311,0,-6.6075822,3.709633e-05,0
0.5,0,26.942872,-0.007332965,0,-6.5983538,3.6755836e-05,0
0.5,0,26.946289,-0.015341541,0,-6.5891253,3.4910216e-05,0
0.5,0,26.951002,-0.021830097,0,-6.5798968,3.17888e-05,0
0.5,0,26.956679,-0.026188895,0,-6.5706684,2.7756088e-05,0
0.5,0,26.962918,-0.027981536,0,-6.5614399,2.3269459e-05,0
0.5,0,26.969264,-0.027000201,0,-6.5522114,1.882871e-05,0
0.5,0,26.97522,-0.023308513,0,-6.542983,1.4926193e-05,0
0.5,0,26.980285,-0.017254495,0,-6.5337545,1.2002897e-05,0
0.5,0,26.984028,-0.0094553906,0,-6.524526,1.0411044e-05,0
0.5,0,26.986183,-0.00075100956,0,-6.5152976,1.0382261e-05,0
0.5,0,26.986708,0.0078942418,0,-6.5060691,1.2002502e-05,0
0.5,0,26.985776,0.015548425,0,-6.4968406,1.5197562e-05,0
0.5,0,26.983687,0.021467533,0,-6.4876122,1.9734753e-05,0
0.5,0,26.980785,0.025156913,0,-6.4783837,2.5245009e-05,0
0.5,0,26.977449,0.026352751,0,-6.4691552,3.1262287e-05,0
0.5,0,26.974107,0.025000755,0,-6.4599268,3.7272217e-05,0
0.5,0,26.971251,0.02125148,0,-6.4506983,4.2763285e-05,0
0.5,0,26.969399,0.015453077,0,-6.4414698,4.7275756e-05,0
0.5,0,26.969017,0.0081306293,0,-6.4322414,5.0444434e-05,0
0.5,0,26.970438,-4.8730376e-05,0,-6.4230129,5.2031162e-05,0
0.5,0,26.973813,-0.0083300393,0,-6.4137844,5.1943689e-05,0
0.5,0,26.979102,-0.015936212,0,-6.404556,5.023907e-05,0
0.5,0,26.986092,-0.022131941,0,-6.3953275,4.7113182e-05,0
0.5,0,26.994421,-0.026298096,0,-6.386099,4.2880869e-05,0
0.5,0,27.003608,-0.02801249,0,-6.3768706,3.794956e-05,0
0.5,0,27.01311,-0.027103819,0,-6.3676421,3.2787157e-05,0
0.5,0,27.022364,-0.023659751,0,-6.3584136,2.7884634e-05,0
0.5,0,27.030839,-0.017995918,0,-6.3491852,2.3714166e-05,0
0.5,0,27.038074,-0.010608989,0,-6.3399567,2.0685393e-05,0
0.5,0,27.043707,-0.0021361565,0,-6.3307282,1.9104543e-05,0
0.5,0,27.047538,0.0066799109,0,-6.3214998,1.9142161e-05,0
0.5,0,27.049618,0.015034442,0,-6.3122713,2.0814087e-05,0
0.5,0,27.050132,0.02214892,0,-6.3030428,2.3979814e-05,0
0.5,0,27.049334,0.027373264,0,-6.2938144,2.8360185e-05,0
0.5,0,27.047593,0.030235995,0,-6.2845859,3.3569304e-05,0
0.5,0,27.045352,0.030467604,0,-6.2753574,3.9153159e-05,0
0.5,0,27.043143,0.028026273,0,-6.266129,4.4630252e-05,0
0.5,0,27.041556,0.023114451,0,-6.2569005,4.9531613e-05,0
0.5,0,27.041175,0.016165397,0,-6.247672,5.3438895e-05,0
0.5,0,27.042493,0.0077975007,0,-6.2384436,5.6019061e-05,0
0.5,0,27.045843,-0.001253727,0,-6.2292151,5.7053405e-05,0
0.5,0,27.051363,-0.010219241,0,-6.2199866,5.6457772e-05,0
0.5,0,27.059011,-0.018364534,0,-6.2107582,5.429048e-05,0
0.5,0,27.068576,-0.025025997,0,-6.2015297,5.0746666e-05,0
0.5,0,27.079705,-0.029653479,0,-6.1923012,4.6140877e-05,0
0.5,0,27.091927,-0.031863968,0,-6.1830728,4.0879721e-05,0
0.5,0,27.1047,-0.031478391,0,-6.1738443,3.5426891e-05,0
0.5,0,27.117454,-0.028533397,0,-6.1646158,3.0263874e-05,0
0.5,0,27.129627,-0.023270085,0,-6.1553874,2.5849483e-05,0
0.5,0,27.140705,-0.016108335,0,-6.1461589,2.2581185e-05,0
0.5,0,27.150259,-0.007617537,0,-6.1369304,2.0761402e-05,0
0.5,0,27.158003,0.0015076437,0,-6.127702,2.0571867e-05,0
0.5,0,27.163856,0.010487729,0,-6.1184735,2.2057894e-05,0
0.5,0,27.167923,0.018534041,0,-6.109245,2.5123235e-05,0
0.5,0,27.170497,0.024941895,0,-6.1000166,2.953748e-05,0
0.5,0,27.172039,0.029168532,0,-6.0907881,3.4956736e-05,0
0.5,0,27.173118,0.030866752,0,-6.0815596,4.0953321e-05,0
0.5,0,27.174405,0.029901397,0,-6.0723312,4.7050868e-05,0
0.5,0,27.176637,0.02636806,0,-6.0631027,5.2763565e-05,0
0.5,0,27.180569,0.020589509,0,-6.0538742,5.7636751e-05,0
0.5,0,27.186865,0.013074166,0,-6.0446458,6.1284572e-05,0
0.5,0,27.196086,0.0044565639,0,-6.0354173,6.3421955e-05,0
0.5,0,27.208571,-0.0045524367,0,-6.0261888,6.3887511e-05,0
0.5,0,27.224426,-0.013249883,0,-6.0169604,6.2656165e-05,0
0.5,0,27.24344,-0.021015219,0,-6.0077319,5.9838186e-05,0
0.5,0,27.264888,-0.027310248,0,-5.9985034,5.5662607e-05,0
0.5,0,27.287444,-0.031678689,0,-5.989275,5.0456499e-05,0
0.5,0,27.308999,-0.033783395,0,-5.9800465,4.4621404e-05,0
0.5,0,27.326724,-0.033450769,0,-5.970818,3.8602741e-05,0
0.5,0,27.337313,-0.030688337,0,-5.9615896,3.2856727e-05,0
0.5,0,27.337511,-0.025677154,0,-5.9523611,2.7816082e-05,0
0.5,0,27.324841,-0.018779055,0,-5.9431326,2.3856762e-05,0
0.5,0,27.298448,-0.010515971,0,-5.9339042,2.1270658e-05,0
0.5,0,27.259712,-0.0015211955,0,-5.9246757,2.0248703e-05,0
0.5,0,27.212025,0.0074772342,0,-5.9154472,2.0864566e-05,0
0.5,0,27.160129,0.015728156,0,-5.9062187,2.3061562e-05,0
0.5,0,27.109231,0.022582925,0,-5.8969903,2.666149e-05,0
0.5,0,27.063744,0.027565268,0,-5.8877618,3.138244e-05,0
0.5,0,27.026438,0.030372502,0,-5.8785333,3.6857554e-05,0
0.5,0,26.998269,0.030859628,0,-5.8693049,4.2664675e-05,0
0.5,0,26.978641,0.029034614,0,-5.8600764,4.8361931e-05,0
0.5,0,26.965967,0.025054818,0,-5.8508479,5.3521173e-05,0
0.5,0,26.958287,0.019220921,0,-5.8416195,5.7757452e-05,0
0.5,0,26.953738,0.011961186,0,-5.832391,6.0754201e-05,0
0.5,0,26.950863,0.0038031615,0,-5.8231625,6.228372e-05,0
0.5,0,26.948727,-0.0046709998,0,-5.8139341,6.2222554e-05,0
0.5,0,26.946896,-0.012880012,0,-5.8047056,6.0560249e-05,0
0.5,0,26.945326,-0.020281417,0,-5.7954771,5.739973e-05,0
0.5,0,26.944191,-0.026390012,0,-5.7862487,5.2949908e-05,0
0.5,0,26.943712,-0.030801204,0,-5.7770202,4.7511501e-05,0
0.5,0,26.944038,-0.033216305,0,-5.7677917,4.1456193e-05,0
0.5,0,26.945186,-0.033462466,0,-5.7585633,3.5200831e-05,0
0.5,0,26.947033,-0.031497884,0,-5.7493348,2.9179345e-05,0
0.5,0,26.949313,-0.027418313,0,-5.7401063,2.381263e-05,0
0.5,0,26.951611,-0.021451289,0,-5.7308779,1.9480221e-05,0
0.5,0,26.953444,-0.013948602,0,-5.7216494,1.6495168e-05,0
0.5,0,26.954396,-0.0054005787,0,-5.7124209,1.5081326e-05,0
0.5,0,26.954196,0.0035727844,0,-5.7031925,1.5356589e-05,0
0.5,0,26.952803,0.012280557,0,-5.693964,1.7322642e-05,0
0.5,0,26.950365,0.020063925,0,-5.6847355,2.0862453e-05,0
0.5,0,26.947113,0.026376924,0,-5.6755071,2.5747085e-05,0
0.5,0,26.943316,0.030809951,0,-5.6662786,3.1652503e-05,0
0.5,0,26.939284,0.033091797,0,-5.6570501,3.8184821e-05,0
0.5,0,26.935395,0.03309973,0,-5.6478217,4.4909712e-05,0
0.5,0,26.932088,0.030872834,0,-5.6385932,5.1382457e-05,0
0.5,0,26.929808,0.026609068,0,-5.6293647,5.7176682e-05,0
0.5,0,26.92893,0.020640733,0,-5.6201363,6.1911229e-05,0
0.5,0,26.929711,0.013397185,0,-5.6109078,6.5274872e-05,0
0.5,0,26.93228,0.0053670504,0,-5.6016793,6.7047446e-05,0
0.5,0,26.936656,-0.002932674,0,-5.5924509,6.7114819e-05,0
0.5,0,26.94276,-0.010982543,0,-5.5832224,6.5475214e-05,0
0.5,0,26.950433,-0.018284374,0,-5.5739939,6.2236164e-05,0
0.5,0,26.959447,-0.024389296,0,-5.5647655,5.7603778e-05,0
0.5,0,26.969516,-0.028935034,0,-5.555537,5.1866468e-05,0
0.5,0,26.980328,-0.031672083,0,-5.5463085,4.5374585e-05,0
0.5,0,26.991551,-0.032464798,0,-5.5370801,3.851791e-05,0
0.5,0,27.002831,-0.031280888,0,-5.5278516,3.1703144e-05,0
0.5,0,27.013769,-0.028184586,0,-5.5186231,2.5332423e-05,0
0.5,0,27.023898,-0.023335219,0,-5.5093947,1.9782803e-05,0
0.5,0,27.032672,-0.016984954,0,-5.5001662,1.5386472e-05,0
0.5,0,27.03951,-0.009478816,0,-5.4909377,1.2412096e-05,0
0.5,0,27.043905,-0.0012608583,0,-5.4817093,1.1048782e-05,0
0.5,0,27.045538,0.0071231917,0,-5.4724808,1.1393506e-05,0
0.5,0,27.044369,0.015078338,0,-5.4632523,1.3442558e-05,0
0.5,0,27.04061,0.022057949,0,-5.4540239,1.708734e-05,0
0.5,0,27.034596,0.027618809,0,-5.4447954,2.2117093e-05,0
0.5,0,27.026752,0.031449158,0,-5.4355669,2.8232318e-05,0
0.5,0,27.017645,0.033353377,0,-5.4263385,3.5067238e-05,0
0.5,0,27.007996,0.033238577,0,-5.41711,4.2215592e-05,0
0.5,0,26.998618,0.031124103,0,-5.4078815,4.9253679e-05,0
0.5,0,26.990238,0.027153431,0,-5.3986531,5.5764836e-05,0
0.5,0,26.983397,0.021591751,0,-5.3894246,6.136437e-05,0
0.5,0,26.978421,0.014784636,0,-5.3801961,6.5722938e-05,0
0.5,0,26.975423,0.0071293143,0,-5.3709677,6.858941e-05,0
0.5,0,26.97438,-0.00093737904,0,-5.3617392,6.9806415e-05,0
0.5,0,26.975188,-0.0089559465,0,-5.3525107,6.9317006e-05,0
0.5,0,26.977706,-0.016480844,0,-5.3432823,6.7163632e-05,0
0.5,0,26.981772,-0.023105277,0,-5.3340538,6.3481975e-05,0
0.5,0,26.987189,-0.028484592,0,-5.3248253,5.8491173e-05,0
0.5,0,26.993715,-0.032359007,0,-5.3155969,5.2479773e-05,0
0.5,0,27.001056,-0.034557726,0,-5.3063684,4.5788278e-05,0
0.5,0,27.008868,-0.034992924,0,-5.2971399,3.8790909e-05,0
0.5,0,27.016787,-0.033650657,0,-5.2879115,3.1877791e-05,0
0.5,0,27.024442,-0.030580403,0,-5.278683,2.5436925e-05,0
0.5,0,27.031473,-0.025884948,0,-5.2694545,1.9834809e-05,0
0.5,0,27.037521,-0.019717872,0,-5.2602261,1.5395634e-05,0
0.5,0,27.042233,-0.012306559,0,-5.2509976,1.2380878e-05,0
0.5,0,27.045318,-0.0040023224,0,-5.2417691,1.0971987e-05,0
0.5,0,27.046664,0.0046828556,0,-5.2325407,1.1258289e-05,0
0.5,0,27.046402,0.013126673,0,-5.2233122,1.3229981e-05,0
0.5,0,27.044837,0.020736747,0,-5.2140837,1.6775874e-05,0
0.5,0,27.042296,0.027058628,0,-5.2048553,2.1688535e-05,0
0.5,0,27.039038,0.0317855,0,-5.1956268,2.7678305e-05,0
0.5,0,27.035286,0.034728768,0,-5.1863983,3.4394702e-05,0
0.5,0,27.031304,0.035799494,0,-5.1771699,4.1451713e-05,0
0.5,0,27.027418,0.034998182,0,-5.1679414,4.8452543e-05,0
0.5,0,27.023967,0.032401631,0,-5.1587129,5.5011263e-05,0
0.5,0,27.02125,0.028148752,0,-5.1494845,6.0771399e-05,0
0.5,0,27.019509,0.022432675,0,-5.140256,6.5422375e-05,0
0.5,0,27.018942,0.015502275,0,-5.1310275,6.8713581e-05,0
0.5,0,27.019711,0.00767155,0,-5.1217991,7.0464692e-05,0
0.5,0,27.021928,-0.00067634694,0,-5.1125706,7.0571306e-05,0
0.5,0,27.02563,-0.0091100883,0,-5.1033421,6.9007097e-05,0
0.5,0,27.030776,-0.017187682,0,-5.0941137,6.5824401e-05,0
0.5,0,27.037247,-0.024491861,0,-5.0848852,6.115374e-05,0
0.5,0,27.044859,-0.030661348,0,-5.0756567,5.5200644e-05,0
0.5,0,27.053387,-0.035405113,0,-5.0664283,4.8236749e-05,0
0.5,0,27.062585,-0.03849633,0,-5.0571998,4.0585352e-05,0
0.5,0,27.072204,-0.039771876,0,-5.0479713,3.2605098e-05,0
0.5,0,27.08202,-0.039158632,0,-5.0387429,2.467389e-05,0
0.5,0,27.091845,-0.036700251,0,-5.0295144,1.7171411e-05,0
0.5,0,27.101471,-0.032515765,0,-5.0202859,1.0459525e-05,0
0.5,0,27.11046,-0.026619555,0,-5.0110575,4.8622729e-06,0
0.5,0,27.117884,-0.018873506,0,-5.001829,6.5687708e-07,0
0.5,0,27.12989,0.016939805,0,-4.9649151,9.7613094e-07,0
0.5,0,27.129202,0.024681346,0,-4.9556867,5.4011021e-06,0
0.5,0,27.12761,0.030289983,0,-4.9464582,1.1287983e-05,0
0.5,0,27.125602,0.034313244,0,-4.9372297,1.8348567e-05,0
0.5,0,27.123197,0.036882493,0,-4.9280013,2.6242836e-05,0
0.5,0,27.120422,0.037876293,0,-4.9187728,3.4592627e-05,0
0.5,0,27.117463,0.037209541,0,-4.9095443,4.3002321e-05,0
0.5,0,27.114529,0.034877422,0,-4.9003159,5.1081685e-05,0
0.5,0,27.111741,0.030942366,0,-4.8910874,5.8463931e-05,0
0.5,0,27.109141,0.025566759,0,-4.8818589,6.4820189e-05,0
0.5,0,27.106779,0.019043139,0,-4.8726305,6.9866856e-05,0
0.5,0,27.104807,0.011714638,0,-4.863402,7.337524e-05,0
0.5,0,27.103475,0.0039002205,0,-4.8541735,7.5186224e-05,0
0.5,0,27.103037,-0.0041051164,0,-4.8449451,7.5221261e-05,0
0.5,0,27.103647,-0.01201202,0,-4.8357166,7.3484508e-05,0
0.5,0,27.105328,-0.019522121,0,-4.8264881,7.0059825e-05,0
0.5,0,27.107972,-0.026307129,0,-4.8172597,6.5106899e-05,0
0.5,0,27.111347,-0.03202054,0,-4.8080312,5.8854183e-05,0
0.5,0,27.115114,-0.036358554,0,-4.7988027,5.1585987e-05,0
0.5,0,27.118867,-0.039123335,0,-4.7895743,4.3625522e-05,0
0.5,0,27.12218,-0.040237772,0,-4.7803458,3.5318065e-05,0
0.5,0,27.124663,-0.039717798,0,-4.7711173,2.7019366e-05,0
0.5,0,27.126021,-0.037650239,0,-4.7618889,1.9088695e-05,0
0.5,0,27.126065,-0.034162609,0,-4.7526604,1.187871e-05,0
0.5,0,27.124526,-0.029224604,0,-4.7434319,5.7165339e-06,0
0.5,0,27.120756,-0.022525533,0,-4.7342035,8.9208744e-07,0
0.5,0,27.078382,0.019356452,0,-4.6880611,2.569191e-06,0
0.5,0,27.068295,0.026590157,0,-4.6788327,8.1528553e-06,0
0.5,0,27.058478,0.031781663,0,-4.6696042,1.5169249e-05,0
0.5,0,27.048873,0.035710357,0,-4.6603757,2.3342236e-05,0
0.5,0,27.039087,0.038257138,0,-4.6511473,3.2360077e-05,0
0.5,0,27.028933,0.039230086,0,-4.6419188,4.1869892e-05,0
0.5,0,27.018158,0.038606453,0,-4.6326903,5.1496885e-05,0
0.5,0,27.006299,0.036468728,0,-4.6234619,6.0857773e-05,0
0.5,0,26.99285,0.032940888,0,-4.6142334,6.957693e-05,0
0.5,0,26.977606,0.028161658,0,-4.6050049,7.7307183e-05,0
0.5,0,26.960821,0.022265216,0,-4.5957765,8.3752011e-05,0
0.5,0,26.943088,0.015399136,0,-4.586548,8.8680814e-05,0
0.5,0,26.92517,0.0078112147,0,-4.5773195,9.1929551e-05,0
0.5,0,26.907868,-0.00015865274,0,-4.5680911,9.3398085e-05,0
0.5,0,26.891963,-0.0081741289,0,-4.5588626,9.3047647e-05,0
0.5,0,26.8782,-0.015957138,0,-4.5496341,9.0902321e-05,0
0.5,0,26.867245,-0.023249375,0,-4.5404057,8.705246e-05,0
0.5,0,26.859621,-0.029744692,0,-4.5311772,8.1649549e-05,0
0.5,0,26.855555,-0.035147216,0,-4.5219487,7.4896455e-05,0
0.5,0,26.854895,-0.039196266,0,-4.5127203,6.7045956e-05,0
0.5,0,26.857231,-0.04173958,0,-4.5034918,5.8402886e-05,0
0.5,0,26.862019,-0.042790022,0,-4.4942633,4.9317717e-05,0
0.5,0,26.868681,-0.042327381,0,-4.4850349,4.0167116e-05,0
0.5,0,26.876606,-0.040271836,0,-4.4758064,3.1328863e-05,0
0.5,0,26.885194,-0.036634073,0,-4.4665779,2.316213e-05,0
0.5,0,26.893924,-0.031525618,0,-4.4573495,1.599006e-05,0
0.5,0,26.902229,-0.025093447,0,-4.448121,1.0093966e-05,0
0.5,0,26.909437,-0.01749227,0,-4.4388925,5.7093896e-06,0
0.5,0,26.914755,-0.0088716416,0,-4.4296641,3.0184311e-06,0
0.5,0,26.917501,0.00044596183,0,-4.4204356,2.1495051e-06,0
0.5,0,26.917654,0.0098126992,0,-4.4112071,3.1748487e-06,0
0.5,0,26.915878,0.018544758,0,-4.4019787,6.1034888e-06,0
0.5,0,26.912839,0.026282116,0,-4.3927502,1.0872055e-05,0
0.5,0,26.908751,0.032945581,0,-4.3835217,1.733745e-05,0
0.5,0,26.903689,0.038467275,0,-4.3742933,2.5281901e-05,0
0.5,0,26.898087,0.042677818,0,-4.3650648,3.4432954e-05,0
0.5,0,26.892736,0.04540332,0,-4.3558363,4.4481381e-05,0
0.5,0,26.888316,0.046576059,0,-4.3466079,5.508586e-05,0
0.5,0,26.885062,0.046255716,0,-4.3373794,6.587612e-05,0
0.5,0,26.882764,0.044511527,0,-4.3281509,7.6463529e-05,0
0.5,0,26.88094,0.041385722,0,-4.3189225,8.6467862e-05,0
0.5,0,26.879213,0.036930202,0,-4.309694,9.5539644e-05,0
0.5,0,26.877452,0.031226521,0,-4.3004655,0.00010336789,0
0.5,0,26.875687,0.024469563,0,-4.2912371,0.00010968971,0
0.5,0,26.87409,0.016924564,0,-4.2820086,0.00011429449,0
0.5,0,26.872916,0.0088369023,0,-4.2727801,0.00011702933,0
0.5,0,26.872433,0.00042759921,0,-4.2635517,0.00011780886,0
0.5,0,26.872888,-0.0080681625,0,-4.2543232,0.00011661748,0
0.5,0,26.874484,-0.01638453,0,-4.2450947,0.00011350225,0
0.5,0,26.877393,-0.024214588,0,-4.2358663,0.00010856517,0
0.5,0,26.881748,-0.03123862,0,-4.2266378,0.00010196112,0
0.5,0,26.887579,-0.037178143,0,-4.2174093,9.3901617e-05,0
0.5,0,26.894824,-0.041824792,0,-4.2081809,8.4656511e-05,0
0.5,0,26.903337,-0.045016679,0,-4.1989524,7.454474e-05,0
0.5,0,26.912789,-0.046635069,0,-4.1897239,6.3919567e-05,0
0.5,0,26.922658,-0.046688869,0,-4.1804955,5.315204e-05,0
0.5,0,26.932375,-0.045326327,0,-4.171267,4.2616887e-05,0
0.5,0,26.941431,-0.042683092,0,-4.1620385,3.2680354e-05,0
0.5,0,26.949292,-0.038816287,0,-4.1528101,2.3689183e-05,0
0.5,0,26.955404,-0.033751182,0,-4.1435816,1.5955492e-05,0
0.5,0,26.959242,-0.027485127,0,-4.1343531,9.735663e-06,0
0.5,0,26.960183,-0.019966703,0,-4.1251247,5.2188294e-06,0
0.5,0,26.957504,-0.011237458,0,-4.1158962,2.537111e-06,0
0.5,0,26.950911,-0.0017204324,0,-4.1066677,1.784138e-06,0
0.5,0,26.941162,0.0077961734,0,-4.0974393,3.0196508e-06,0
0.5,0,26.929807,0.016602626,0,-4.0882108,6.2568648e-06,0
0.5,0,26.918208,0.024449655,0,-4.0789823,1.1443683e-05,0
0.5,0,26.907013,0.031407123,0,-4.0697539,1.8451431e-05,0
0.5,0,26.896397,0.037518324,0,-4.0605254,2.7076543e-05,0
0.5,0,26.886431,0.042670588,0,-4.0512969,3.7053806e-05,0
0.5,0,26.877198,0.046656296,0,-4.0420685,4.8073573e-05,0
0.5,0,26.868729,0.049276792,0,-4.03284,5.9797937e-05,0
0.5,0,26.860918,0.050402475,0,-4.0236115,7.1875632e-05,0
0.5,0,26.8536,0.049976669,0,-4.0143831,8.3955719e-05,0
0.5,0,26.846689,0.047987952,0,-4.0051546,9.5697896e-05,0
0.5,0,26.840274,0.04453278,0,-3.9959261,0.0001067792,0
0.5,0,26.834581,0.039782372,0,-3.9866977,0.00011689542,0
0.5,0,26.829851,0.033886019,0,-3.9774692,0.00012576264,0
0.5,0,26.826265,0.027026293,0,-3.9682407,0.0001331205,0
0.5,0,26.82385,0.019377464,0,-3.9590123,0.00013874286,0
0.5,0,26.822453,0.011088932,0,-3.9497838,0.00014245688,0
0.5,0,26.821873,0.0023722121,0,-3.9405553,0.00014415137,0
0.5,0,26.82191,-0.0065098422,0,-3.9313269,0.00014377032,0
0.5,0,26.822317,-0.015280759,0,-3.9220984,0.00014130947,0
0.5,0,26.822854,-0.023677695,0,-3.9128699,0.00013681852,0
0.5,0,26.823384,-0.03145466,0,-3.9036415,0.0001304028,0
0.5,0,26.823918,-0.03836753,0,-3.894413,0.00012222504,0
0.5,0,26.8246,-0.044188806,0,-3.8851845,0.00011250362,0
0.5,0,26.8257,-0.048752272,0,-3.8759561,0.00010150489,0
0.5,0,26.827561,-0.05198286,0,-3.8667276,8.953073e-05,0
0.5,0,26.830532,-0.053862837,0,-3.8574991,7.690647e-05,0
0.5,0,26.834879,-0.054358553,0,-3.8482707,6.3973279e-05,0
0.5,0,26.840696,-0.053409265,0,-3.8390422,5.1083225e-05,0
0.5,0,26.847907,-0.051015875,0,-3.8298137,3.8589538e-05,0
0.5,0,26.856347,-0.047350044,0,-3.8205853,2.6830385e-05,0
0.5,0,26.865846,-0.04272896,0,-3.8113568,1.6108042e-05,0
0.5,0,26.875719,-0.037272062,0,-3.8021283,6.6717009e-06,0
0.5,0,26.891852,0.039458519,0,-3.7190721,8.1423909e-06,0
0.5,0,26.88598,0.044706184,0,-3.7098437,1.8503719e-05,0
0.5,0,26.880272,0.048788943,0,-3.7006152,3.0389219e-05,0
0.5,0,26.874217,0.05211175,0,-3.6913867,4.3471928e-05,0
0.5,0,26.867768,0.054331757,0,-3.6821583,5.7402073e-05,0
0.5,0,26.861453,0.055132076,0,-3.6729298,7.1828791e-05,0
0.5,0,26.855728,0.054517117,0,-3.6637013,8.6390288e-05,0
0.5,0,26.850681,0.052629086,0,-3.6544729,0.00010071067,0
0.5,0,26.846183,0.049542731,0,-3.6452444,0.00011441769,0
0.5,0,26.842162,0.045205849,0,-3.6360159,0.00012717034,0
0.5,0,26.838725,0.039573962,0,-3.6267875,0.00013867443,0
0.5,0,26.836113,0.032816156,0,-3.617559,0.00014867241,0
0.5,0,26.834571,0.025315426,0,-3.6083305,0.00015692224,0
0.5,0,26.834268,0.017426289,0,-3.5991021,0.00016319786,0
0.5,0,26.835289,0.0092832518,0,-3.5898736,0.00016731396,0
0.5,0,26.837678,0.00088378753,0,-3.5806451,0.00016914661,0
0.5,0,26.841452,-0.0077251078,0,-3.5714167,0.00016862918,0
0.5,0,26.846579,-0.016335122,0,-3.5621882,0.00016573992,0
0.5,0,26.852973,-0.024658589,0,-3.5529597,0.00016050267,0
0.5,0,26.860528,-0.032480915,0,-3.5437313,0.00015300312,0
0.5,0,26.869161,-0.039659757,0,-3.5345028,0.00014340454,0
0.5,0,26.878835,-0.046057438,0,-3.5252743,0.0001319401,0
0.5,0,26.889371,-0.051575823,0,-3.5160458,0.0001188821,0
0.5,0,26.900414,-0.056176199,0,-3.5068174,0.00010451807,0
0.5,0,26.911654,-0.059728541,0,-3.4975889,8.9147449e-05,0
0.5,0,26.922807,-0.062052274,0,-3.4883604,7.3096298e-05,0
0.5,0,26.9337,-0.063077087,0,-3.479132,5.6726998e-05,0
0.5,0,26.94444,-0.062876284,0,-3.4699035,4.0423993e-05,0
0.5,0,26.955491,-0.061715836,0,-3.460675,2.4566939e-05,0
0.5,0,26.966804,-0.059534105,0,-3.4514466,9.4894592e-06,0
0.5,0,26.981887,0.060998331,0,-3.322248,5.6175442e-06,0
0.5,0,26.976375,0.065572896,0,-3.3130196,2.1540079e-05,0
0.5,0,26.972117,0.067884524,0,-3.3037911,3.8716156e-05,0
0.5,0,26.968402,0.069490099,0,-3.2945626,5.6756849e-05,0
0.5,0,26.964714,0.070101946,0,-3.2853342,7.5267119e-05,0
0.5,0,26.961498,0.069277328,0,-3.2761057,9.3866628e-05,0
0.5,0,26.959025,0.067003059,0,-3.2668772,0.00011217799,0
0.5,0,26.956893,0.063471328,0,-3.2576488,0.00012981549,0
0.5,0,26.954386,0.058839154,0,-3.2484203,0.00014639192,0
0.5,0,26.950993,0.053114532,0,-3.2391918,0.00016154342,0
0.5,0,26.946627,0.046229632,0,-3.2299634,0.00017495475,0
0.5,0,26.941468,0.038270718,0,-3.2207349,0.00018636173,0
0.5,0,26.935763,0.029576272,0,-3.2115064,0.00019553185,0
0.5,0,26.929781,0.020512956,0,-3.202278,0.00020225664,0
0.5,0,26.92386,0.011208421,0,-3.1930495,0.00020637464,0
0.5,0,26.918418,0.001586702,0,-3.183821,0.00020779762,0
0.5,0,26.913856,-0.0083741336,0,-3.1745926,0.00020650802,0
0.5,0,26.910455,-0.018480837,0,-3.1653641,0.00020253133,0
0.5,0,26.908362,-0.028387189,0,-3.1561356,0.00019591585,0
0.5,0,26.907627,-0.037775234,0,-3.1469072,0.00018674096,0
0.5,0,26.908314,-0.046475633,0,-3.1376787,0.00017514141,0
0.5,0,26.9106,-0.054439649,0,-3.1284502,0.00016131874,0
0.5,0,26.914756,-0.06163121,0,-3.1192218,0.00014552904,0
0.5,0,26.921029,-0.067936389,0,-3.1099933,0.00012806214,0
0.5,0,26.929469,-0.073146098,0,-3.1007648,0.00010923369,0
0.5,0,26.939851,-0.077040663,0,-3.0915364,8.9390275e-05,0
0.5,0,26.95175,-0.079487113,0,-3.0823079,6.89093e-05,0
0.5,0,26.964693,-0.080539529,0,-3.0730794,4.8188455e-05,0
0.5,0,26.978707,-0.080642974,0,-3.063851,2.7624106e-05,0
0.5,0,26.993099,-0.079540348,0,-3.0546225,7.5587195e-06,0
0.5,0,27.043408,0.078628052,0,-2.8885101,5.6020854e-06,0
0.5,0,27.035932,0.082853156,0,-2.8792816,2.7948191e-05,0
0.5,0,27.028402,0.08460512,0,-2.8700532,5.1487515e-05,0
0.5,0,27.020073,0.085951518,0,-2.8608247,7.5817042e-05,0
0.5,0,27.010492,0.086538372,0,-2.8515962,0.00010053683,0
0.5,0,27.00024,0.08578236,0,-2.8423678,0.00012526516,0
0.5,0,26.989824,0.083572794,0,-2.8331393,0.00014962356,0
0.5,0,26.979362,0.080050962,0,-2.8239108,0.00017322151,0
0.5,0,26.968857,0.075385581,0,-2.8146824,0.00019565495,0
0.5,0,26.958363,0.069570898,0,-2.8054539,0.00021653124,0
0.5,0,26.947941,0.062459523,0,-2.7962254,0.00023550133,0
0.5,0,26.93751,0.054070627,0,-2.786997,0.00025226119,0
0.5,0,26.926683,0.044729098,0,-2.7777685,0.00026652531,0
0.5,0,26.91478,0.03480224,0,-2.76854,0.00027801825,0
0.5,0,26.901056,0.02443178,0,-2.7593116,0.00028650275,0
0.5,0,26.885041,0.013610005,0,-2.7500831,0.00029181115,0
0.5,0,26.866743,0.0024051291,0,-2.7408546,0.00029384942,0
0.5,0,26.846639,-0.0089863716,0,-2.7316262,0.00029258097,0
0.5,0,26.825572,-0.020355443,0,-2.7223977,0.00028801297,0
0.5,0,26.804614,-0.031547382,0,-2.7131692,0.00028019544,0
0.5,0,26.784923,-0.042377586,0,-2.7039408,0.00026922628,0
0.5,0,26.767581,-0.052541634,0,-2.6947123,0.00025525153,0
0.5,0,26.75341,-0.061717733,0,-2.6854838,0.00023846112,0
0.5,0,26.742872,-0.069805815,0,-2.6762554,0.00021908505,0
0.5,0,26.736107,-0.077020825,0,-2.6670269,0.00019738972,0
0.5,0,26.733051,-0.083658663,0,-2.6577984,0.00017367269,0
0.5,0,26.733518,-0.089733571,0,-2.64857,0.0001482591,0
0.5,0,26.737209,-0.094910916,0,-2.6393415,0.00012149932,0
0.5,0,26.743799,-0.098760177,0,-2.630113,9.3761361e-05,0
0.5,0,26.752925,-0.10109223,0,-2.6208846,6.5428598e-05,0
0.5,0,26.764831,-0.10252603,0,-2.6116561,3.6901723e-05,0
0.5,0,26.77907,-0.10339656,0,-2.6024276,8.5288655e-06,0
0.5,0,26.77574,0.11295132,0,-2.3994014,5.600893e-06,0
0.5,0,26.765643,0.11676967,0,-2.3901729,3.9312295e-05,0
0.5,0,26.756074,0.11892825,0,-2.3809444,7.4370327e-05,0
0.5,0,26.746045,0.12077703,0,-2.371716,0.00011031584,0
0.5,0,26.73546,0.12163053,0,-2.3624875,0.00014667624,0
0.5,0,26.725072,0.12089058,0,-2.353259,0.00018301105,0
0.5,0,26.7152,0.11856939,0,-2.3440306,0.00021888324,0
0.5,0,26.705703,0.11488599,0,-2.3348021,0.00025384737,0
0.5,0,26.696489,0.11003254,0,-2.3255736,0.00028745347,0
0.5,0,26.687721,0.10399407,0,-2.3163452,0.00031927067,0
0.5,0,26.679724,0.096615847,0,-2.3071167,0.00034891166,0
0.5,0,26.672779,0.087912856,0,-2.2978882,0.00037602551,0
0.5,0,26.666973,0.078123517,0,-2.2886598,0.00040027156,0
0.5,0,26.662204,0.067415255,0,-2.2794313,0.00042132117,0
0.5,0,26.658306,0.055748299,0,-2.2702028,0.00043888727,0
0.5,0,26.655166,0.043107303,0,-2.2609744,0.00045273779,0
0.5,0,26.652734,0.029736098,0,-2.2517459,0.0004626763,0
0.5,0,26.651,0.016054624,0,-2.2425174,0.00046851992,0
0.5,0,26.650021,0.0023581156,0,-2.233289,0.00047010678,0
0.5,0,26.649995,-0.011360317,0,-2.2240605,0.00046732758,0
0.5,0,26.651283,-0.025283337,0,-2.214832,0.00046014742,0
0.5,0,26.654298,-0.039493116,0,-2.2056036,0.0004485983,0
0.5,0,26.659321,-0.053805627,0,-2.1963751,0.00043275893,0
0.5,0,26.666371,-0.067823281,0,-2.1871466,0.00041274949,0
0.5,0,26.675213,-0.081120872,0,-2.1779182,0.00038874421,0
0.5,0,26.685474,-0.093414393,0,-2.1686897,0.00036097839,0
0.5,0,26.696795,-0.10463159,0,-2.1594612,0.00032973343,0
0.5,0,26.708932,-0.11486374,0,-2.1502328,0.00029531017,0
0.5,0,26.721723,-0.12418195,0,-2.1410043,0.00025801945,0
0.5,0,26.734996,-0.13246908,0,-2.1317758,0.00021820513,0
0.5,0,26.748505,-0.13951217,0,-2.1225474,0.00017627183,0
0.5,0,26.762083,-0.14514843,0,-2.1133189,0.00013267961,0
0.5,0,26.775887,-0.14950422,0,-2.1040904,8.7925052e-05,0
0.5,0,26.791389,-0.15373692,0,-2.094862,4.2487394e-05,0
0.5,0,26.826071,0.18812589,0,-1.8364649,1.0728018e-05,0
0.5,0,26.807584,0.19208343,0,-1.8272364,6.9918725e-05,0
0.5,0,26.789335,0.19457723,0,-1.818008,0.00013084521,0
0.5,0,26.770615,0.1966845,0,-1.8087795,0.00019290314,0
0.5,0,26.751922,0.19743685,0,-1.799551,0.00025551541,0
0.5,0,26.734289,0.19640205,0,-1.7903226,0.00031812188,0
0.5,0,26.718164,0.19371891,0,-1.7810941,0.00038014763,0
0.5,0,26.703565,0.1894506,0,-1.7718656,0.0004410162,0
0.5,0,26.690438,0.18352129,0,-1.7626372,0.0005001622,0
0.5,0,26.678723,0.17573092,0,-1.7534087,0.00055704848,0
0.5,0,26.668331,0.16604175,0,-1.7441802,0.00061116167,0
0.5,0,26.659099,0.15481865,0,-1.7349518,0.00066197413,0
0.5,0,26.650826,0.14250627,0,-1.7257233,0.00070892763,0
0.5,0,26.64344,0.12914182,0,-1.7164948,0.00075147944,0
0.5,0,26.63715,0.11440914,0,-1.7072664,0.0007891637,0
0.5,0,26.632397,0.098117753,0,-1.6980379,0.00082160314,0
0.5,0,26.62962,0.080472026,0,-1.6888094,0.0008484735,0
0.5,0,26.629093,0.061896713,0,-1.679581,0.00086947146,0
0.5,0,26.630865,0.04269686,0,-1.6703525,0.00088431768,0
0.5,0,26.634812,0.022989251,0,-1.661124,0.00089277622,0
0.5,0,26.640728,0.0028704234,0,-1.6518956,0.00089466493,0
0.5,0,26.648304,-0.017514275,0,-1.6426671,0.00088985712,0
0.5,0,26.657171,-0.038052996,0,-1.6334386,0.00087828753,0
0.5,0,26.667072,-0.05874699,0,-1.6242102,0.00085996386,0
0.5,0,26.677952,-0.079621258,0,-1.6149817,0.00083496543,0
0.5,0,26.689925,-0.10051873,0,-1.6057532,0.00080342258,0
0.5,0,26.703072,-0.12099989,0,-1.5965248,0.00076549805,0
0.5,0,26.717205,-0.1405056,0,-1.5872963,0.00072139298,0
0.5,0,26.731844,-0.15867048,0,-1.5780678,0.00067137022,0
0.5,0,26.746411,-0.17551893,0,-1.5688394,0.00061576591,0
0.5,0,26.760557,-0.19137383,0,-1.5596109,0.00055497338,0
0.5,0,26.774374,-0.20648136,0,-1.5503824,0.00048941465,0
0.5,0,26.788366,-0.22061909,0,-1.541154,0.0004195332,0
0.5,0,26.803132,-0.23319434,0,-1.5319255,0.00034581224,0
0.5,0,26.819336,-0.24369714,0,-1.522697,0.00026878204,0
0.5,0,26.837227,-0.25167484,0,-1.5134686,0.00018901799,0
0.5,0,26.858105,-0.25798829,0,-1.5042401,0.00010720494,0
0.5,0,26.884313,-0.26536797,0,-1.4950116,2.3943332e-05,0
0.5,0,26.931653,0.35406477,0,-1.1812438,0.0001003534,0
0.5,0,26.897742,0.36069765,0,-1.1720153,0.00021950234,0
0.5,0,26.863643,0.36644739,0,-1.1627868,0.0003408462,0
0.5,0,26.829583,0.37007053,0,-1.1535583,0.00046356855,0
0.5,0,26.796128,0.37093705,0,-1.1443299,0.00058687955,0
0.5,0,26.763249,0.36929026,0,-1.1351014,0.00070994714,0
0.5,0,26.730831,0.36536915,0,-1.1258729,0.00083190265,0
0.5,0,26.699195,0.35906606,0,-1.1166445,0.00095187864,0
0.5,0,26.668966,0.34999906,0,-1.107416,0.0010690527,0
0.5,0,26.640701,0.33799243,0,-1.0981875,0.0011826497,0
0.5,0,26.614589,0.32339992,0,-1.0889591,0.0012918903,0
0.5,0,26.590396,0.30671617,0,-1.0797306,0.0013959629,0
0.5,0,26.567704,0.28807449,0,-1.0705021,0.0014940616,0
0.5,0,26.546197,0.26734314,0,-1.0612737,0.0015854376,0
0.5,0,26.525768,0.24453875,0,-1.0520452,0.001669405,0
0.5,0,26.506449,0.21994129,0,-1.0428167,0.0017453167,0
0.5,0,26.488323,0.19385918,0,-1.0335883,0.0018125555,0
0.5,0,26.471497,0.16644549,0,-1.0243598,0.0018705478,0
0.5,0,26.4561,0.13777907,0,-1.0151313,0.001918775,0
0.5,0,26.442272,0.10799464,0,-1.0059029,0.0019567674,0
0.5,0,26.430192,0.077218057,0,-0.99667441,0.0019841029,0
0.5,0,26.420171,0.045431791,0,-0.98744595,0.0020004267,0
0.5,0,26.412676,0.012537419,0,-0.97821748,0.0020054771,0
0.5,0,26.408283,-0.021374971,0,-0.96898901,0.0019990831,0
0.5,0,26.407412,-0.055858635,0,-0.95976055,0.0019811326,0
0.5,0,26.410043,-0.090283467,0,-0.95053208,0.0019515429,0
0.5,0,26.415757,-0.12416625,0,-0.94130361,0.0019102644,0
0.5,0,26.423926,-0.15737446,0,-0.93207515,0.0018573137,0
0.5,0,26.433991,-0.19009996,0,-0.92284668,0.0017928045,0
0.5,0,26.445682,-0.22261664,0,-0.91361821,0.0017169515,0
0.5,0,26.459058,-0.25495002,0,-0.90438975,0.001630056,0
0.5,0,26.474354,-0.28669401,0,-0.89516128,0.0015324925,0
0.5,0,26.491753,-0.31716985,0,-0.88593281,0.0014247087,0
0.5,0,26.511237,-0.34583227,0,-0.87670435,0.0013072254,0
0.5,0,26.532633,-0.37257752,0,-0.86747588,0.0011806286,0
0.5,0,26.555765,-0.39766546,0,-0.85824741,0.0010455526,0
0.5,0,26.580598,-0.4212413,0,-0.84901895,0.00090267766,0
0.5,0,26.607158,-0.44295115,0,-0.83979048,0.00075275619,0
0.5,0,26.63555,-0.4621765,0,-0.83056201,0.00059663939,0
0.5,0,26.665693,-0.47825796,0,-0.82133354,0.00043525681,0
0.5,0,26.697912,-0.49087286,0,-0.81210508,0.00026962816,0
0.5,0,26.734121,-0.50216368,0,-0.80287661,0.00010084509,0
0.5,0,26.675578,0.65977042,0,-0.44296641,0.00018027557,0
0.5,0,26.630778,0.66441529,0,-0.43373794,0.00041246079,0
0.5,0,26.587723,0.66911967,0,-0.42450947,0.00064696881,0
0.5,0,26.546894,0.67037305,0,-0.41528101,0.0008826127,0
0.5,0,26.508773,0.66767249,0,-0.40605254,0.0011182311,0
0.5,0,26.472765,0.66136011,0,-0.39682407,0.0013526353,0
0.5,0,26.438413,0.65185795,0,-0.38759561,0.0015845805,0
0.5,0,26.405856,0.63924711,0,-0.37836714,0.0018127967,0
0.5,0,26.375677,0.6231772,0,-0.36913867,0.0020360647,0
0.5,0,26.348618,0.60353007,0,-0.35991021,0.0022532341,0
0.5,0,26.325146,0.58075717,0,-0.35068174,0.002463169,0
0.5,0,26.305138,0.55529873,0,-0.34145327,0.0026647316,0
0.5,0,26.287907,0.52717065,0,-0.3322248,0.002856832,0
0.5,0,26.272463,0.49631385,0,-0.32299634,0.0030384611,0
0.5,0,26.257812,0.46297518,0,-0.31376787,0.0032086696,0
0.5,0,26.243236,0.42752807,0,-0.3045394,0.0033665488,0
0.5,0,26.228462,0.39010415,0,-0.29531094,0.0035112592,0
0.5,0,26.213705,0.35062922,0,-0.28608247,0.003642071,0
0.5,0,26.19946,0.30919591,0,-0.276854,0.0037583627,0
0.5,0,26.186231,0.26622413,0,-0.26762554,0.0038595832,0
0.5,0,26.174425,0.22220782,0,-0.25839707,0.0039452288,0
0.5,0,26.164303,0.17741433,0,-0.2491686,0.0040148588,0
0.5,0,26.156056,0.13188436,0,-0.23994014,0.0040681243,0
0.5,0,26.14981,0.085646659,0,-0.23071167,0.0041047742,0
0.5,0,26.145566,0.038862837,0,-0.2214832,0.0041246391,0
0.5,0,26.143222,-0.0082024725,0,-0.21225474,0.0041276161,0
0.5,0,26.142647,-0.05527291,0,-0.20302627,0.0041136663,0
0.5,0,26.143664,-0.10211197,0,-0.1937978,0.0040828196,0
0.5,0,26.146128,-0.14851254,0,-0.18456934,0.0040351818,0
0.5,0,26.15004,-0.19426539,0,-0.17534087,0.003970942,0
0.5,0,26.155511,-0.2391359,0,-0.1661124,0.0038903773,0
0.5,0,26.162715,-0.28287663,0,-0.15688394,0.0037938591,0
0.5,0,26.17189,-0.3252655,0,-0.14765547,0.0036818583,0
0.5,0,26.183308,-0.366107,0,-0.138427,0.0035549508,0
0.5,0,26.197262,-0.40520257,0,-0.12919854,0.0034138165,0
0.5,0,26.214037,-0.44231014,0,-0.11997007,0.0032592278,0
0.5,0,26.233863,-0.47713297,0,-0.1107416,0.0030920398,0
0.5,0,26.256894,-0.50936873,0,-0.10151313,0.0029131873,0
0.5,0,26.283208,-0.53879627,0,-0.092284668,0.0027236869,0
0.5,0,26.312861,-0.56530411,0,-0.083056201,0.0025246402,0
0.5,0,26.34596,-0.58875479,0,-0.073827734,0.0023172387,0
0.5,0,26.382725,-0.60874863,0,-0.064599268,0.0021027876,0
0.5,0,26.423538,-0.62455611,0,-0.055370801,0.0018827511,0
0.5,0,26.469081,-0.63535283,0,-0.046142334,0.0016587992,0
0.5,0,26.520768,-0.64044438,0,-0.036913867,0.0014328571,0
0.5,0,26.581408,-0.63893211,0,-0.0276854,0.0012072352,0
0.5,0,26.656062,-0.62755066,0,-0.018456934,0.00098507701,0
0.5,0,26.751352,-0.59376318,0,-0.0092284668,0.00077187681,0
0.5,0,26.859001,-0.51856663,0,-2.5804012e-15,0.00057964166,0
0.5,0,27.190371,-0.32583603,0,0.046142334,-8.8780406e-05,0
0.5,0,27.153106,-0.33890003,0,0.039089252,-2.5804012e-15,0
0.5,0,27.21826,-0.30734685,0,0.055370801,-0.00020053026,0
0.5,0,27.234121,-0.29515944,0,0.064599268,-0.00030873926,0
0.5,0,27.247453,-0.28652771,0,0.073827734,-0.00041341999,0
0.5,0,27.258623,-0.27878633,0,0.083056201,-0.00051461272,0
0.5,0,27.267068,-0.27102418,0,0.092284668,-0.00061252261,0
0.5,0,27.274003,-0.26350977,0,0.10151313,-0.00070732415,0
0.5,0,27.280921,-0.25646157,0,0.1107416,-0.00079913069,0
0.5,0,27.288225,-0.24958273,0,0.11997007,-0.00088805206,0
0.5,0,27.295484,-0.24228061,0,0.12919854,-0.00097426004,0
0.5,0,27.302237,-0.23446012,0,0.138427,-0.001057958,0
0.5,0,27.308344,-0.22671437,0,0.14765547,-0.0011392743,0
0.5,0,27.313892,-0.21957117,0,0.15688394,-0.0012182258,0
0.5,0,27.318965,-0.21296103,0,0.1661124,-0.0012947884,0
0.5,0,27.323559,-0.20655987,0,0.17534087,-0.0013689601,0
0.5,0,27.32765,-0.20029773,0,0.18456934,-0.0014407478,0
0.5,0,27.331298,-0.19431504,0,0.1937978,-0.0015101315,0
0.5,0,27.334697,-0.18860146,0,0.20302627,-0.0015770724,0
0.5,0,27.338159,-0.18290509,0,0.21225474,-0.0016415521,0
0.5,0,27.342025,-0.17698151,0,0.2214832,-0.0017035896,0
0.5,0,27.346525,-0.17078798,0,0.23071167,-0.0017632218,0
0.5,0,27.351665,-0.16440872,0,0.23994014,-0.0018204803,0
0.5,0,27.357203,-0.15790949,0,0.2491686,-0.0018753898,0
0.5,0,27.362775,-0.15134987,0,0.25839707,-0.0019279748,0
0.5,0,27.3681,-0.14488209,0,0.26762554,-0.0019782548,0
0.5,0,27.373148,-0.13872735,0,0.276854,-0.0020262317,0
0.5,0,27.378162,-0.13301688,0,0.28608247,-0.002071889,0
0.5,0,27.383437,-0.12767485,0,0.29531094,-0.0021152144,0
0.5,0,27.389125,-0.12246397,0,0.3045394,-0.0021562281,0
0.5,0,27.39525,-0.11715398,0,0.31376787,-0.002194991,0
0.5,0,27.40171,-0.11167874,0,0.32299634,-0.002231585,0
0.5,0,27.408292,-0.1061665,0,0.3322248,-0.0022660794,0
0.5,0,27.414853,-0.1008656,0,0.34145327,-0.0022985099,0
0.5,0,27.421455,-0.095948521,0,0.35068174,-0.0023288886,0
0.5,0,27.428224,-0.091304827,0,0.35991021,-0.0023572279,0
0.5,0,27.435625,-0.086698811,0,0.36913867,-0.0023835467,0
0.5,0,27.443933,-0.08193152,0,0.37836714,-0.0024078849,0
0.5,0,27.4528,-0.076931685,0,0.38759561,-0.0024303153,0
0.5,0,27.462049,-0.071855454,0,0.39682407,-0.0024509032,0
0.5,0,27.471589,-0.066877655,0,0.40605254,-0.0024696777,0
0.5,0,27.481107,-0.062060004,0,0.41528101,-0.0024866497,0
0.5,0,27.49019,-0.057399908,0,0.42450947,-0.0025018276,0
0.5,0,27.49849,-0.052824742,0,0.43373794,-0.002515226,0
0.5,0,27.505797,-0.0482139,0,0.44296641,-0.0025268711,0
0.5,0,27.512105,-0.04350674,0,0.45219487,-0.0025367957,0
0.5,0,27.517659,-0.038772819,0,0.46142334,-0.0025450279,0
0.5,0,27.52294,-0.034154334,0,0.47065181,-0.0025515888,0
0.5,0,27.528544,-0.029740384,0,0.47988027,-0.0025564948,0
0.5,0,27.53507,-0.025512682,0,0.48910874,-0.0025597631,0
0.5,0,27.542933,-0.021400652,0,0.49833721,-0.0025614182,0
0.5,0,27.552082,-0.017361607,0,0.50756567,-0.0025614957,0
0.5,0,27.562179,-0.013413173,0,0.51679414,-0.0025600394,0
0.5,0,27.572848,-0.009622873,0,0.52602261,-0.002557093,0
0.5,0,27.583703,-0.0060420036,0,0.53525107,-0.0025526965,0
0.5,0,27.59418,-0.0026330642,0,0.54447954,-0.0025468895,0
0.5,0,27.603586,0.00069077973,0,0.55370801,-0.0025397206,0
0.5,0,27.611412,0.0040081005,0,0.56293647,-0.0025312509,0
0.5,0,27.617332,0.0073828708,0,0.57216494,-0.0025215501,0
0.5,0,27.621285,0.0108213,0,0.58139341,-0.0025106902,0
0.5,0,27.623367,0.014247022,0,0.59062188,-0.0024987333,0
0.5,0,27.623912,0.01754912,0,0.59985034,-0.0024857208,0
0.5,0,27.623491,0.020649594,0,0.60907881,-0.0024716754,0
0.5,0,27.62262,0.023537771,0,0.61830728,-0.0024566127,0
0.5,0,27.62175,0.026252121,0,0.62753574,-0.0024405512,0
0.5,0,27.621176,0.028839616,0,0.63676421,-0.002423516,0
0.5,0,27.620976,0.031319738,0,0.64599268,-0.0024055372,0
0.5,0,27.621019,0.033675668,0,0.65522114,-0.0023866457,0
0.5,0,27.621088,0.035881454,0,0.66444961,-0.0023668712,0
0.5,0,27.621044,0.037936589,0,0.67367808,-0.0023462434,0
0.5,0,27.62091,0.039880198,0,0.68290654,-0.002324797,0
0.5,0,27.620862,0.04177734,0,0.69213501,-0.0023025749,0
0.5,0,27.621188,0.043686798,0,0.70136348,-0.0022796277,0
0.5,0,27.622218,0.045629664,0,0.71059194,-0.0022560096,0
0.5,0,27.624287,0.047576846,0,0.71982041,-0.0022317705,0
0.5,0,27.62771,0.049463426,0,0.72904888,-0.0022069498,0
0.5,0,27.632796,0.051223353,0,0.73827734,-0.0021815742,0
0.5,0,27.639858,0.052826223,0,0.74750581,-0.0021556619,0
0.5,0,27.649199,0.054295595,0,0.75673428,-0.00212923,0
0.5,0,27.661068,0.055696972,0,0.76596274,-0.0021023032,0
0.5,0,27.675591,0.057099795,0,0.77519121,-0.0020749164,0
0.5,0,27.692712,0.058534487,0,0.78441968,-0.0020471112,0
0.5,0,27.712161,0.059970497,0,0.79364814,-0.0020189281,0
0.5,0,27.73346,0.061326987,0,0.80287661,-0.0019903976,0
0.5,0,27.755981,0.062510117,0,0.81210508,-0.001961537,0
0.5,0,27.779014,0.063459135,0,0.82133354,-0.0019323527,0
0.5,0,27.801823,0.064172136,0,0.83056201,-0.0019028483,0
0.5,0,27.823699,0.06469559,0,0.83979048,-0.0018730335,0
0.5,0,27.843976,0.065091671,0,0.84901895,-0.0018429285,0
0.5,0,27.862055,0.065407715,0,0.85824741,-0.0018125641,0
0.5,0,27.877415,0.065664645,0,0.86747588,-0.0017819774,0
0.5,0,27.889632,0.065862317,0,0.87670435,-0.0017512069,0
0.5,0,27.898444,0.065994178,0,0.88593281,-0.0017202887,0
0.5,0,27.903807,0.066062315,0,0.89516128,-0.0016892551,0
0.5,0,27.90591,0.066078711,0,0.90438975,-0.0016581353,0
0.5,0,27.90516,0.066056367,0,0.91361821,-0.0016269571,0
0.5,0,27.902106,0.066002513,0,0.92284668,-0.001595747,0
0.5,0,27.897352,0.0659186,0,0.93207515,-0.0015645303,0
0.5,0,27.891435,0.065799894,0,0.94130361,-0.0015333282,0
0.5,0,27.884951,0.065630836,0,0.95053208,-0.0015021579,0
0.5,0,27.878029,0.065379141,0,0.95976055,-0.0014710357,0
0.5,0,27.871058,0.065037895,0,0.96898901,-0.001439979,0
0.5,0,27.864183,0.06463786,0,0.97821748,-0.0014090032,0
0.5,0,27.857023,0.064188363,0,0.98744595,-0.0013781254,0
0.5,0,27.849558,0.063686789,0,0.99667441,-0.0013473672,0
0.5,0,27.841383,0.063153539,0,1.0059029,-0.0013167526,0
0.5,0,27.832097,0.062616755,0,1.0151313,-0.0012863053,0
0.5,0,27.821453,0.062102416,0,1.0243598,-0.0012560495,0
0.5,0,27.809345,0.061637169,0,1.0335883,-0.0012260095,0
0.5,0,27.795915,0.061240275,0,1.0428167,-0.0011962087,0
0.5,0,27.781565,0.060912735,0,1.0520452,-0.001166668,0
0.5,0,27.766924,0.060628384,0,1.0612737,-0.0011374025,0
0.5,0,27.752636,0.060331786,0,1.0705021,-0.0011084192,0
0.5,0,27.739406,0.059963244,0,1.0797306,-0.0010797163,0
0.5,0,27.727705,0.059483115,0,1.0889591,-0.0010512841,0
0.5,0,27.717682,0.058875341,0,1.0981875,-0.0010231101,0
0.5,0,27.709383,0.05816352,0,1.107416,-0.00099518693,0
0.5,0,27.702582,0.057414776,0,1.1166445,-0.00096751916,0
0.5,0,27.696952,0.056712218,0,1.1258729,-0.00094012574,0
0.5,0,27.692125,0.056124372,0,1.1351014,-0.00091303854,0
0.5,0,27.687772,0.055683312,0,1.1443299,-0.00088629581,0
0.5,0,27.683649,0.055372237,0,1.1535583,-0.00085993305,0
0.5,0,27.679693,0.055127077,0,1.1627868,-0.00083397513,0
0.5,0,27.675848,0.054853618,0,1.1720153,-0.00080843263,0
0.5,0,27.672469,0.054479336,0,1.1812437,-0.00078330122,0
0.5,0,27.669141,0.053953545,0,1.1904722,-0.00075856466,0
0.5,0,27.66593,0.053214851,0,1.1997007,-0.00073420454,0
0.5,0,27.663138,0.052289786,0,1.2089292,-0.00071020516,0
0.5,0,27.660095,0.051288026,0,1.2181576,-0.00068655237,0
0.5,0,27.656782,0.050283733,0,1.2273861,-0.0006632356,0
0.5,0,27.653149,0.049312739,0,1.2366146,-0.0006402523,0
0.5,0,27.649086,0.048385575,0,1.245843,-0.00061760992,0
0.5,0,27.64443,0.047485761,0,1.2550715,-0.00059532175,0
0.5,0,27.639014,0.046587708,0,1.2643,-0.00057340334,0
0.5,0,27.632714,0.045683476,0,1.2735284,-0.00055187119,0
0.5,0,27.625362,0.04479486,0,1.2827569,-0.00053073839,0
0.5,0,27.616682,0.043945456,0,1.2919854,-0.00051000919,0
0.5,0,27.606346,0.043128465,0,1.3012138,-0.00048967938,0
0.5,0,27.593986,0.042316921,0,1.3104423,-0.00046974163,0
0.5,0,27.579262,0.041492452,0,1.3196708,-0.0004501875,0
0.5,0,27.56111,0.040650721,0,1.3288992,-0.00043100557,0
0.5,0,27.539328,0.039858725,0,1.3381277,-0.00041218248,0
0.5,0,27.516705,0.039118985,0,1.3473562,-0.00039370277,0
0.5,0,27.494138,0.038349947,0,1.3565846,-0.00037555371,0
0.5,0,27.470841,0.03752487,0,1.3658131,-0.00035773033,0
0.5,0,27.447572,0.036636367,0,1.3750416,-0.00034023137,0
0.5,0,27.425221,0.035686205,0,1.38427,-0.00032305689,0
0.5,0,27.404462,0.034676381,0,1.3934985,-0.00030620808,0
0.5,0,27.385304,0.033623122,0,1.402727,-0.00028968773,0
0.5,0,27.367316,0.03255683,0,1.4119554,-0.00027350076,0
0.5,0,27.349838,0.03151309,0,1.4211839,-0.00025765329,0
0.5,0,27.332098,0.030525785,0,1.4304124,-0.00024215091,0
0.5,0,27.313384,0.029627799,0,1.4396408,-0.00022699872,0
0.5,0,27.293223,0.028844493,0,1.4488693,-0.00021220225,0
0.5,0,27.271632,0.02817329,0,1.4580978,-0.00019776621,0
0.5,0,27.249086,0.027575893,0,1.4673262,-0.00018369192,0
0.5,0,27.226558,0.027002391,0,1.4765547,-0.00016997775,0
0.5,0,27.205223,0.026428662,0,1.4857832,-0.00015662214,0
0.5,0,27.186109,0.025858087,0,1.4950116,-0.0001436251,0
0.5,0,27.170047,0.025294225,0,1.5042401,-0.00013098782,0
0.5,0,27.157385,0.024730177,0,1.5134686,-0.00011871251,0
0.5,0,27.147936,0.024156695,0,1.522697,-0.00010680244,0
0.5,0,27.141042,0.023565998,0,1.5319255,-9.5260707e-05,0
0.5,0,27.135724,0.022948599,0,1.541154,-8.408829e-05,0
0.5,0,27.130913,0.022301943,0,1.5503824,-7.3283083e-05,0
0.5,0,27.125697,0.021650334,0,1.5596109,-6.2839637e-05,0
0.5,0,27.119511,0.021052571,0,1.5688394,-5.2748402e-05,0
0.5,0,27.112159,0.020579696,0,1.5780678,-4.2996079e-05,0
0.5,0,27.103794,0.020277586,0,1.5872963,-3.3569706e-05,0
0.5,0,27.094875,0.0201527,0,1.5965248,-2.4462263e-05,0
0.5,0,27.085955,0.020194657,0,1.6057532,-1.5675708e-05,0
0.5,0,27.077455,0.02041787,0,1.6149817,-7.2157055e-06,0
0.5,0,27.070436,0.021112358,0,1.6231713,-2.5804012e-15,0
0.5,0,25.81197,-0.026106316,0,3.5345028,-5.3779078e-07,0
0.5,0,25.83407,-0.026086426,0,3.5306181,-2.5804012e-15,0
0.5,0,25.757189,-0.025510191,0,3.5437312,-1.727624e-06,0
0.5,0,25.698273,-0.025122192,0,3.5529597,-2.8743897e-06,0
0.5,0,25.635728,-0.024853438,0,3.5621882,-4.003481e-06,0
0.5,0,25.576807,-0.024811747,0,3.5714167,-5.091459e-06,0
0.5,0,25.535827,-0.025091549,0,3.5806451,-6.0905833e-06,0
0.5,0,25.520319,-0.025443713,0,3.5898736,-6.9713607e-06,0
0.5,0,25.534907,-0.025722157,0,3.5991021,-7.7313602e-06,0
0.5,0,25.580469,-0.025893122,0,3.6083305,-8.3804304e-06,0
0.5,0,25.653515,-0.025968267,0,3.617559,-8.9275782e-06,0
0.5,0,25.74722,-0.026012477,0,3.6267875,-9.374147e-06,0
0.5,0,25.851782,-0.026103798,0,3.6360159,-9.7111812e-06,0
0.5,0,25.955841,-0.026300578,0,3.6452444,-9.9265932e-06,0
0.5,0,26.048826,-0.026585605,0,3.6544729,-1.001831e-05,0
0.5,0,26.123512,-0.026862619,0,3.6637013,-9.997688e-06,0
0.5,0,26.177541,-0.027062455,0,3.6729298,-9.8828535e-06,0
0.5,0,26.214028,-0.027208574,0,3.6821583,-9.6957569e-06,0
0.5,0,26.240335,-0.027296066,0,3.6913867,-9.4612498e-06,0
0.5,0,26.262816,-0.027223371,0,3.7006152,-9.199967e-06,0
0.5,0,26.288767,-0.026958159,0,3.7098437,-8.9388315e-06,0
0.5,0,26.322124,-0.026576767,0,3.7190721,-8.7142694e-06,0
0.5,0,26.361371,-0.02618859,0,3.7283006,-8.5497538e-06,0
0.5,0,26.405061,-0.025874047,0,3.7375291,-8.4487774e-06,0
0.5,0,26.450381,-0.025621644,0,3.7467575,-8.40668e-06,0
0.5,0,26.494283,-0.025379523,0,3.755986,-8.4218647e-06,0
0.5,0,26.534134,-0.025128831,0,3.7652145,-8.4948526e-06,0
0.5,0,26.568083,-0.024909098,0,3.7744429,-8.6217773e-06,0
0.5,0,26.595234,-0.024783457,0,3.7836714,-8.7888129e-06,0
0.5,0,26.61566,-0.024786768,0,3.7928999,-8.9722794e-06,0
0.5,0,26.630285,-0.024901118,0,3.8021283,-9.1447086e-06,0
0.5,0,26.640638,-0.025069331,0,3.8113568,-9.2831595e-06,0
0.5,0,26.648512,-0.025229476,0,3.8205853,-9.3756124e-06,0
0.5,0,26.655597,-0.025344343,0,3.8298137,-9.4228623e-06,0
0.5,0,26.663182,-0.025410732,0,3.8390422,-9.4354526e-06,0
0.5,0,26.671962,-0.0254511,0,3.8482707,-9.4275193e-06,0
0.5,0,26.68202,-0.025498442,0,3.8574991,-9.4117886e-06,0
0.5,0,26.693032,-0.02557867,0,3.8667276,-9.3986366e-06,0
0.5,0,26.704544,-0.025696192,0,3.8759561,-9.3982444e-06,0
0.5,0,26.71605,-0.025834069,0,3.8851845,-9.4227305e-06,0
0.5,0,26.726931,-0.025969815,0,3.894413,-9.4860804e-06,0
0.5,0,26.736547,-0.026093634,0,3.9036415,-9.6016533e-06,0
0.5,0,26.744446,-0.026212534,0,3.9128699,-9.778546e-06,0
0.5,0,26.750473,-0.026334925,0,3.9220984,-1.0019384e-05,0
0.5,0,26.754721,-0.026450098,0,3.9313269,-1.0321376e-05,0
0.5,0,26.757419,-0.0265237,0,3.9405553,-1.0679857e-05,0
0.5,0,26.758854,-0.026514278,0,3.9497838,-1.1091887e-05,0
0.5,0,26.759305,-0.026395748,0,3.9590123,-1.1557983e-05,0
0.5,0,26.759018,-0.026166326,0,3.9682407,-1.2081371e-05,0
0.5,0,26.758232,-0.025840967,0,3.9774692,-1.266557e-05,0
0.5,0,26.757223,-0.025442324,0,3.9866977,-1.3311908e-05,0
0.5,0,26.756335,-0.025003673,0,3.9959261,-1.4018411e-05,0
0.5,0,26.755937,-0.024578787,0,4.0051546,-1.4780684e-05,0
0.5,0,26.756331,-0.024235597,0,4.0143831,-1.5593647e-05,0
0.5,0,26.757651,-0.024020319,0,4.0236115,-1.6451059e-05,0
0.5,0,26.759792,-0.023924053,0,4.03284,-1.7341507e-05,0
0.5,0,26.762693,-0.023889295,0,4.0420685,-1.824492e-05,0
0.5,0,26.765689,-0.023860775,0,4.0512969,-1.9134687e-05,0
0.5,0,26.76918,-0.023823385,0,4.0605254,-1.9984535e-05,0
0.5,0,26.772488,-0.023834395,0,4.0697539,-2.0783357e-05,0
0.5,0,26.775172,-0.023953206,0,4.0789823,-2.1536091e-05,0
0.5,0,26.778,-0.024096366,0,4.0882108,-2.2246126e-05,0
0.5,0,26.780441,-0.024162543,0,4.0974393,-2.2912565e-05,0
0.5,0,26.782729,-0.024162209,0,4.1066677,-2.3536836e-05,0
0.5,0,26.784965,-0.02411712,0,4.1158962,-2.4123834e-05,0
0.5,0,26.787027,-0.024032514,0,4.1251247,-2.4681236e-05,0
0.5,0,26.787795,-0.023984543,0,4.1343531,-2.522051e-05,0
0.5,0,26.788998,-0.024001231,0,4.1435816,-2.5758976e-05,0
0.5,0,26.790367,-0.024000851,0,4.1528101,-2.6303409e-05,0
0.5,0,26.790692,-0.024006464,0,4.1620385,-2.6848905e-05,0
0.5,0,26.791501,-0.024074408,0,4.171267,-2.739405e-05,0
0.5,0,26.792265,-0.024169177,0,4.1804955,-2.7936543e-05,0
0.5,0,26.792989,-0.024241383,0,4.1897239,-2.8470959e-05,0
0.5,0,26.793814,-0.024262826,0,4.1989524,-2.8990384e-05,0
0.5,0,26.79457,-0.024231782,0,4.2081809,-2.9487243e-05,0
0.5,0,26.79508,-0.024155973,0,4.2174093,-2.9955551e-05,0
0.5,0,26.795257,-0.024036412,0,4.2266378,-3.0394336e-05,0
0.5,0,26.795109,-0.023881124,0,4.2358663,-3.0807569e-05,0
0.5,0,26.794705,-0.0237166,0,4.2450947,-3.1200224e-05,0
0.5,0,26.794144,-0.023571296,0,4.2543232,-3.1576079e-05,0
0.5,0,26.793522,-0.023459353,0,4.2635517,-3.1939406e-05,0
0.5,0,26.792879,-0.023388928,0,4.2727801,-3.2295972e-05,0
0.5,0,26.792206,-0.023376772,0,4.2820086,-3.2650237e-05,0
0.5,0,26.791554,-0.023447414,0,4.2912371,-3.3001884e-05,0
0.5,0,26.791073,-0.023619641,0,4.3004655,-3.3345492e-05,0
0.5,0,26.790906,-0.023893503,0,4.309694,-3.3672975e-05,0
0.5,0,26.791079,-0.024248233,0,4.3189225,-3.3976195e-05,0
0.5,0,26.79151,-0.024646675,0,4.3281509,-3.4247932e-05,0
0.5,0,26.792061,-0.025032726,0,4.3373794,-3.448101e-05,0
0.5,0,26.792603,-0.025316775,0,4.3466079,-3.4664534e-05,0
0.5,0,26.793055,-0.025424119,0,4.3558363,-3.4779618e-05,0
0.5,0,26.793368,-0.025438969,0,4.3650648,-3.4808037e-05,0
0.5,0,26.793444,-0.025708774,0,4.3742933,-3.4767423e-05,0
0.5,0,26.793739,-0.026301082,0,4.3835217,-3.4718588e-05,0
0.5,0,26.793633,-0.026777009,0,4.3927502,-3.4697118e-05,0
0.5,0,26.793,-0.026898289,0,4.4019787,-3.4673795e-05,0
0.5,0,26.793405,-0.026833802,0,4.4112071,-3.4611763e-05,0
0.5,0,26.794017,-0.026721216,0,4.4204356,-3.4525284e-05,0
0.5,0,26.791931,-0.026540791,0,4.4296641,-3.4458198e-05,0
0.5,0,26.785046,-0.026206128,0,4.4388925,-3.4422735e-05,0
0.5,0,26.780926,-0.025851925,0,4.448121,-3.4400203e-05,0
0.5,0,26.781639,-0.02557903,0,4.4573495,-3.4387882e-05,0
0.5,0,26.781695,-0.025333085,0,4.4665779,-3.4399101e-05,0
0.5,0,26.781775,-0.025223963,0,4.4758064,-3.4435932e-05,0
0.5,0,26.78207,-0.02529804,0,4.4850349,-3.4489329e-05,0
0.5,0,26.782664,-0.025521187,0,4.4942633,-3.455086e-05,0
0.5,0,26.78355,-0.025852568,0,4.5034918,-3.4614415e-05,0
0.5,0,26.784631,-0.026257993,0,4.5127203,-3.4674273e-05,0
0.5,0,26.785732,-0.026701111,0,4.5219487,-3.472526e-05,0
0.5,0,26.786628,-0.027146249,0,4.5311772,-3.4763708e-05,0
0.5,0,26.787094,-0.027559325,0,4.5404057,-3.4787933e-05,0
0.5,0,26.786962,-0.027906011,0,4.5496341,-3.4798841e-05,0
0.5,0,26.786171,-0.028153789,0,4.5588626,-3.4800257e-05,0
0.5,0,26.78478,-0.028277687,0,4.5680911,-3.4798832e-05,0
0.5,0,26.782961,-0.028268349,0,4.5773195,-3.480391e-05,0
0.5,0,26.780974,-0.028137004,0,4.586548,-3.4826875e-05,0
0.5,0,26.779141,-0.027913781,0,4.5957765,-3.4880387e-05,0
0.5,0,26.777789,-0.027641276,0,4.6050049,-3.4977648e-05,0
0.5,0,26.777176,-0.027365138,0,4.6142334,-3.5131047e-05,0
0.5,0,26.777445,-0.027125028,0,4.6234619,-3.5350207e-05,0
0.5,0,26.778648,-0.026947539,0,4.6326903,-3.5639537e-05,0
0.5,0,26.78079,-0.026847444,0,4.6419188,-3.5996179e-05,0
0.5,0,26.78385,-0.02684174,0,4.6511473,-3.6410924e-05,0
0.5,0,26.787742,-0.026956019,0,4.6603757,-3.6871831e-05,0
0.5,0,26.792302,-0.027204479,0,4.6696042,-3.7367447e-05,0
0.5,0,26.797283,-0.027567298,0,4.6788327,-3.7887221e-05,0
0.5,0,26.802388,-0.027992923,0,4.6880611,-3.8418987e-05,0
0.5,0,26.807311,-0.028425048,0,4.6972896,-3.8947648e-05,0
0.5,0,26.811672,-0.028835432,0,4.7065181,-3.9458206e-05,0
0.5,0,26.815038,-0.02923436,0,4.7157465,-3.994033e-05,0
0.5,0,26.814294,-0.029655628,0,4.724975,-4.0396395e-05,0
0.5,0,26.810615,-0.029866528,0,4.7342035,-4.0836492e-05,0
0.5,0,26.809943,-0.029714894,0,4.7434319,-4.1258598e-05,0
0.5,0,26.81221,-0.029449999,0,4.7526604,-4.1652303e-05,0
0.5,0,26.815371,-0.029220596,0,4.7618889,-4.2016437e-05,0
0.5,0,26.818818,-0.028997298,0,4.7711173,-4.2356867e-05,0
0.5,0,26.822409,-0.028754436,0,4.7803458,-4.2679609e-05,0
0.5,0,26.82637,-0.028498409,0,4.7895743,-4.2991648e-05,0
0.5,0,26.830438,-0.02823524,0,4.7988027,-4.330137e-05,0
0.5,0,26.834427,-0.027971059,0,4.8080312,-4.362016e-05,0
0.5,0,26.838217,-0.027706734,0,4.8172597,-4.3956614e-05,0
0.5,0,26.841724,-0.027446289,0,4.8264881,-4.4314328e-05,0
0.5,0,26.844912,-0.027209166,0,4.8357166,-4.4693154e-05,0
0.5,0,26.847756,-0.027016393,0,4.8449451,-4.5086172e-05,0
0.5,0,26.850247,-0.026885869,0,4.8541735,-4.5481735e-05,0
0.5,0,26.852398,-0.026839412,0,4.863402,-4.5865132e-05,0
0.5,0,26.854266,-0.026895871,0,4.8726305,-4.6219567e-05,0
0.5,0,26.855966,-0.027055954,0,4.8818589,-4.6527627e-05,0
0.5,0,26.857649,-0.027290619,0,4.8910874,-4.6774054e-05,0
0.5,0,26.859455,-0.027547042,0,4.9003159,-4.6949252e-05,0
0.5,0,26.861484,-0.02776893,0,4.9095443,-4.7051768e-05,0
0.5,0,26.863799,-0.02791597,0,4.9187728,-4.708914e-05,0
0.5,0,26.866471,-0.027971436,0,4.9280013,-4.7077501e-05,0
0.5,0,26.869603,-0.027940384,0,4.9372297,-4.7039777e-05,0
0.5,0,26.87332,-0.027842092,0,4.9464582,-4.7002035e-05,0
0.5,0,26.87771,-0.027701564,0,4.9556867,-4.6988658e-05,0
0.5,0,26.882755,-0.027545389,0,4.9649151,-4.701748e-05,0
0.5,0,26.888289,-0.02740028,0,4.9741436,-4.7096415e-05,0
0.5,0,26.894037,-0.027289701,0,4.9833721,-4.72227e-05,0
0.5,0,26.899685,-0.027227659,0,4.9926005,-4.7384145e-05,0
0.5,0,26.904972,-0.027217113,0,5.001829,-4.7562179e-05,0
0.5,0,26.909763,-0.027253346,0,5.0110575,-4.7736396e-05,0
0.5,0,26.914065,-0.02732723,0,5.0202859,-4.788952e-05,0
0.5,0,26.91799,-0.02742495,0,5.0295144,-4.8011369e-05,0
0.5,0,26.92166,-0.027525538,0,5.0387429,-4.8100664e-05,0
0.5,0,26.925101,-0.027600799,0,5.0479713,-4.8164372e-05,0
0.5,0,26.928207,-0.027621066,0,5.0571998,-4.8215207e-05,0
0.5,0,26.930852,-0.027564652,0,5.0664283,-4.8268318e-05,0
0.5,0,26.933012,-0.027425679,0,5.0756567,-4.8338018e-05,0
0.5,0,26.934772,-0.027216013,0,5.0848852,-4.843519e-05,0
0.5,0,26.936236,-0.026960646,0,5.0941137,-4.8565682e-05,0
0.5,0,26.937451,-0.026689606,0,5.1033421,-4.8729752e-05,0
0.5,0,26.938435,-0.026430768,0,5.1125706,-4.8922311e-05,0
0.5,0,26.93927,-0.026206326,0,5.1217991,-4.9133696e-05,0
0.5,0,26.94016,-0.026031982,0,5.1310275,-4.9350891e-05,0
0.5,0,26.941353,-0.025917103,0,5.140256,-4.9559403e-05,0
0.5,0,26.942954,-0.025862688,0,5.1494845,-4.9745624e-05,0
0.5,0,26.944833,-0.025858597,0,5.1587129,-4.9899242e-05,0
0.5,0,26.946713,-0.025883234,0,5.1679414,-5.0014967e-05,0
0.5,0,26.948377,-0.025905164,0,5.1771699,-5.0093412e-05,0
0.5,0,26.949792,-0.025886496,0,5.1863983,-5.0141482e-05,0
0.5,0,26.951038,-0.025789923,0,5.1956268,-5.0171411e-05,0
0.5,0,26.952161,-0.025592747,0,5.2048553,-5.0198843e-05,0
0.5,0,26.953087,-0.025299569,0,5.2140837,-5.0241743e-05,0
0.5,0,26.953687,-0.02493991,0,5.2233122,-5.0319503e-05,0
0.5,0,26.953913,-0.024551004,0,5.2325407,-5.0450432e-05,0
0.5,0,26.953868,-0.024162948,0,5.2417691,-5.0648385e-05,0
0.5,0,26.953747,-0.023800301,0,5.2509976,-5.092017e-05,0
0.5,0,26.953724,-0.023491247,0,5.2602261,-5.1264465e-05,0
0.5,0,26.953892,-0.023266397,0,5.2694545,-5.167321e-05,0
0.5,0,26.954252,-0.023145732,0,5.278683,-5.2135018e-05,0
0.5,0,26.954739,-0.023126182,0,5.2879115,-5.2637747e-05,0
0.5,0,26.955327,-0.023178731,0,5.2971399,-5.3169254e-05,0
0.5,0,26.955914,-0.023263406,0,5.3063684,-5.3718297e-05,0
0.5,0,26.957171,-0.023320684,0,5.3155969,-5.4276148e-05,0
0.5,0,26.957651,-0.023294042,0,5.3248253,-5.4834816e-05,0
0.5,0,26.958153,-0.023212969,0,5.3340538,-5.5394391e-05,0
0.5,0,26.959919,-0.023075715,0,5.3432823,-5.596106e-05,0
0.5,0,26.961543,-0.022827906,0,5.3525107,-5.6538415e-05,0
0.5,0,26.963691,-0.022482143,0,5.3617392,-5.712999e-05,0
0.5,0,26.966522,-0.022072892,0,5.3709677,-5.7737535e-05,0
0.5,0,26.969866,-0.021631282,0,5.3801961,-5.8359863e-05,0
0.5,0,26.973544,-0.021188871,0,5.3894246,-5.8993351e-05,0
0.5,0,26.977311,-0.020775411,0,5.3986531,-5.9633452e-05,0
0.5,0,26.980988,-0.020417387,0,5.4078815,-6.0276119e-05,0
0.5,0,26.984527,-0.02013597,0,5.41711,-6.0918482e-05,0
0.5,0,26.987949,-0.019939307,0,5.4263385,-6.1558818e-05,0
0.5,0,26.991248,-0.01981835,0,5.4355669,-6.219657e-05,0
0.5,0,26.99436,-0.019754253,0,5.4447954,-6.2832461e-05,0
0.5,0,26.997193,-0.019727177,0,5.4540239,-6.3468073e-05,0
0.5,0,26.999673,-0.019719849,0,5.4632523,-6.41053e-05,0
0.5,0,27.001762,-0.019716479,0,5.4724808,-6.4745822e-05,0
0.5,0,27.003463,-0.019700915,0,5.4817093,-6.5390626e-05,0
0.5,0,27.004803,-0.019657757,0,5.4909377,-6.6039901e-05,0
0.5,0,27.005816,-0.019577933,0,5.5001662,-6.6693683e-05,0
0.5,0,27.006555,-0.019462911,0,5.5093947,-6.735311e-05,0
0.5,0,27.00708,-0.019322886,0,5.5186231,-6.8021507e-05,0
0.5,0,27.007424,-0.019171523,0,5.5278516,-6.8704326e-05,0
0.5,0,27.007573,-0.01902284,0,5.5370801,-6.9407907e-05,0
0.5,0,27.007514,-0.018891563,0,5.5463085,-7.0137987e-05,0
0.5,0,27.00731,-0.018792708,0,5.555537,-7.0898675e-05,0
0.5,0,27.007133,-0.018737256,0,5.5647655,-7.169182e-05,0
0.5,0,27.007225,-0.018726324,0,5.5739939,-7.2516415e-05,0
0.5,0,27.00775,-0.018748918,0,5.5832224,-7.3368181e-05,0
0.5,0,27.008678,-0.018785693,0,5.5924509,-7.4239948e-05,0
0.5,0,27.00985,-0.018816835,0,5.6016793,-7.5123245e-05,0
0.5,0,27.011182,-0.018828757,0,5.6109078,-7.6010638e-05,0
0.5,0,27.012747,-0.01881635,0,5.6201363,-7.6897793e-05,0
0.5,0,27.014646,-0.018779091,0,5.6293647,-7.7784247e-05,0
0.5,0,27.016817,-0.018718697,0,5.6385932,-7.8672898e-05,0
0.5,0,27.018974,-0.018638699,0,5.6478217,-7.9568109e-05,0
0.5,0,27.020831,-0.018541114,0,5.6570501,-8.0472796e-05,0
0.5,0,27.022114,-0.018435767,0,5.6662786,-8.1386531e-05,0
0.5,0,27.023144,-0.018344752,0,5.6755071,-8.2306578e-05,0
0.5,0,27.023747,-0.018277953,0,5.6847355,-8.3229978e-05,0
0.5,0,27.024163,-0.018220243,0,5.693964,-8.4148352e-05,0
0.5,0,27.024647,-0.018153698,0,5.7031925,-8.5047965e-05,0
0.5,0,27.024627,-0.018102655,0,5.7124209,-8.5921664e-05,0
0.5,0,27.024116,-0.018106854,0,5.7216494,-8.6770211e-05,0
0.5,0,27.022845,-0.01816992,0,5.7308779,-8.7597121e-05,0
0.5,0,27.020859,-0.018287814,0,5.7401063,-8.8413986e-05,0
0.5,0,27.017603,-0.018384917,0,5.7493348,-8.9238385e-05,0
0.5,0,27.013749,-0.018247727,0,5.7585633,-9.0054989e-05,0
0.5,0,27.009532,-0.017986708,0,5.7677917,-9.0851332e-05,0
0.5,0,27.004202,-0.017895869,0,5.7770202,-9.1657838e-05,0
0.5,0,26.998393,-0.017871311,0,5.7862487,-9.2491397e-05,0
0.5,0,26.992569,-0.017765931,0,5.7954771,-9.3351419e-05,0
0.5,0,26.987176,-0.017618242,0,5.8047056,-9.4244825e-05,0
0.5,0,26.982308,-0.017453974,0,5.8139341,-9.5178693e-05,0
0.5,0,26.977947,-0.017260153,0,5.8231625,-9.6155623e-05,0
0.5,0,26.974147,-0.017036698,0,5.832391,-9.7176772e-05,0
0.5,0,26.970896,-0.016800255,0,5.8416195,-9.8242721e-05,0
0.5,0,26.968132,-0.016576725,0,5.8508479,-9.9353179e-05,0
0.5,0,26.965824,-0.016392237,0,5.8600764,-0.00010050695,0
0.5,0,26.964025,-0.016259108,0,5.8693049,-0.00010170121,0
0.5,0,26.962719,-0.016167429,0,5.8785333,-0.00010292968,0
0.5,0,26.961776,-0.01609595,0,5.8877618,-0.00010418117,0
0.5,0,26.96113,-0.016034277,0,5.8969903,-0.00010544048,0
0.5,0,26.959983,-0.016030079,0,5.9062187,-0.00010669337,0
0.5,0,26.959645,-0.016085881,0,5.9154472,-0.00010793204,0
0.5,0,26.95979,-0.016109327,0,5.9246757,-0.00010914467,0
0.5,0,26.959439,-0.01609732,0,5.9339042,-0.00011031598,0
0.5,0,26.959879,-0.016098761,0,5.9431326,-0.00011143983,0
0.5,0,26.960711,-0.016106597,0,5.9523611,-0.00011251567,0
0.5,0,26.961917,-0.016095886,0,5.9615896,-0.00011354546,0
0.5,0,26.963504,-0.016050286,0,5.970818,-0.00011453388,0
0.5,0,26.96549,-0.015976362,0,5.9800465,-0.00011548914,0
0.5,0,26.967861,-0.015884095,0,5.989275,-0.00011642355,0
0.5,0,26.970404,-0.015769748,0,5.9985034,-0.00011735109,0
0.5,0,26.973208,-0.015629291,0,6.0077319,-0.00011828333,0
0.5,0,26.976357,-0.01546815,0,6.0169604,-0.00011922837,0
0.5,0,26.979869,-0.015295119,0,6.0261888,-0.00012019183,0
0.5,0,26.983571,-0.015119625,0,6.0354173,-0.00012117606,0
0.5,0,26.987111,-0.014952096,0,6.0446458,-0.00012217779,0
0.5,0,26.990093,-0.014796933,0,6.0538742,-0.00012318782,0
0.5,0,26.992153,-0.014653999,0,6.0631027,-0.00012419362,0
0.5,0,26.993061,-0.014533045,0,6.0723312,-0.00012518257,0
0.5,0,26.992789,-0.014458138,0,6.0815596,-0.00012614371,0
0.5,0,26.991503,-0.014453503,0,6.0907881,-0.00012706738,0
0.5,0,26.989499,-0.014526971,0,6.1000166,-0.00012794367,0
0.5,0,26.987095,-0.014668069,0,6.109245,-0.0001287616,0
0.5,0,26.984561,-0.014861132,0,6.1184735,-0.00012951009,0
0.5,0,26.982137,-0.015094479,0,6.127702,-0.00013017986,0
0.5,0,26.98005,-0.015359849,0,6.1369304,-0.00013076538,0
0.5,0,26.978503,-0.015646494,0,6.1461589,-0.00013126549,0
0.5,0,26.97767,-0.015937773,0,6.1553874,-0.00013168304,0
0.5,0,26.977611,-0.016213979,0,6.1646158,-0.00013202468,0
0.5,0,26.978201,-0.016455072,0,6.1738443,-0.00013230039,0
0.5,0,26.979215,-0.016641662,0,6.1830728,-0.00013252235,0
0.5,0,26.980442,-0.016761802,0,6.1923012,-0.00013270407,0
0.5,0,26.981708,-0.016819766,0,6.2015297,-0.0001328602,0
0.5,0,26.982905,-0.016824303,0,6.2107582,-0.00013300635,0
0.5,0,26.983982,-0.016779002,0,6.2199866,-0.0001331577,0
0.5,0,26.984991,-0.016683113,0,6.2292151,-0.00013332586,0
0.5,0,26.986035,-0.016509226,0,6.2384436,-0.00013351646,0
0.5,0,26.986919,-0.016252175,0,6.247672,-0.00013372619,0
0.5,0,26.987975,-0.015979958,0,6.2569005,-0.00013394149,0
0.5,0,26.988011,-0.015994789,0,6.266129,-0.00013417287,0
0.5,0,26.985875,-0.016236046,0,6.2753574,-0.00013443581,0
0.5,0,26.980835,-0.016166867,0,6.2845859,-0.00013471724,0
0.5,0,26.977015,-0.015909057,0,6.2938144,-0.00013501202,0
0.5,0,26.975911,-0.015760848,0,6.3030428,-0.00013532593,0
0.5,0,26.973875,-0.015625079,0,6.3122713,-0.00013566005,0
0.5,0,26.971432,-0.015453826,0,6.3214998,-0.00013601356,0
0.5,0,26.968953,-0.015256396,0,6.3307282,-0.00013638711,0
0.5,0,26.966727,-0.015044096,0,6.3399567,-0.00013678271,0
0.5,0,26.965027,-0.014821999,0,6.3491852,-0.00013720295,0
0.5,0,26.964017,-0.014581891,0,6.3584136,-0.00013764709,0
0.5,0,26.96368,-0.014319602,0,6.3676421,-0.0001381095,0
0.5,0,26.963835,-0.014053871,0,6.3768706,-0.00013858174,0
0.5,0,26.964203,-0.013805461,0,6.386099,-0.00013905141,0
0.5,0,26.964501,-0.013584385,0,6.3953275,-0.00013950169,0
0.5,0,26.964556,-0.013407817,0,6.404556,-0.00013991369,0
0.5,0,26.964379,-0.01330303,0,6.4137844,-0.00014026824,0
0.5,0,26.964104,-0.013293201,0,6.4230129,-0.00014054745,0
0.5,0,26.963809,-0.013384122,0,6.4322414,-0.00014073606,0
0.5,0,26.963424,-0.013561272,0,6.4414698,-0.00014082188,0
0.5,0,26.962866,-0.013797048,0,6.4506983,-0.00014079596,0
0.5,0,26.962132,-0.01406062,0,6.4599268,-0.00014065308,0
0.5,0,26.961247,-0.014329412,0,6.4691552,-0.00014039316,0
0.5,0,26.959974,-0.014594763,0,6.4783837,-0.00014002264,0
0.5,0,26.957878,-0.014845802,0,6.4876122,-0.00013955455,0
0.5,0,26.954663,-0.015057545,0,6.4968406,-0.00013900668,0
0.5,0,26.951639,-0.015260723,0,6.5060691,-0.0001383986,0
0.5,0,26.947684,-0.015422039,0,6.5152976,-0.00013774913,0
0.5,0,26.942393,-0.015504295,0,6.524526,-0.00013707417,0
0.5,0,26.937854,-0.015550969,0,6.5337545,-0.00013638467,0
0.5,0,26.93404,-0.015561112,0,6.542983,-0.00013568565,0
0.5,0,26.931163,-0.015545261,0,6.5522114,-0.00013497705,0
0.5,0,26.929405,-0.015530353,0,6.5614399,-0.00013425686,0
0.5,0,26.928653,-0.015538824,0,6.5706684,-0.00013352415,0
0.5,0,26.92867,-0.015578565,0,6.5798968,-0.00013277972,0
0.5,0,26.929196,-0.015641727,0,6.5891253,-0.00013202441,0
0.5,0,26.930017,-0.015713523,0,6.5983538,-0.0001312568,0
0.5,0,26.931006,-0.015783442,0,6.6075822,-0.00013047166,0
0.5,0,26.932126,-0.015845414,0,6.6168107,-0.00012965957,0
0.5,0,26.933405,-0.01589455,0,6.6260392,-0.00012880738,0
0.5,0,26.934862,-0.015944352,0,6.6352676,-0.00012790062,0
0.5,0,26.936421,-0.016040354,0,6.6444961,-0.00012692846,0
0.5,0,26.937877,-0.016219225,0,6.6537246,-0.00012588687,0
0.5,0,26.938925,-0.016438472,0,6.662953,-0.00012477221,0
0.5,0,26.93926,-0.016603499,0,6.6721815,-0.00012357099,0
0.5,0,26.938718,-0.016684702,0,6.68141,-0.00012226214,0
0.5,0,26.937145,-0.016743639,0,6.6906384,-0.00012083236,0
0.5,0,26.93455,-0.016851812,0,6.6998669,-0.00011928608,0
0.5,0,26.931556,-0.017018682,0,6.7090954,-0.00011764018,0
0.5,0,26.92875,-0.017192192,0,6.7183238,-0.00011591393,0
0.5,0,26.925963,-0.017320353,0,6.7275523,-0.00011412472,0
0.5,0,26.922945,-0.017392876,0,6.7367808,-0.00011228754,0
0.5,0,26.920005,-0.017421005,0,6.7460092,-0.00011041545,0
0.5,0,26.91765,-0.017397367,0,6.7552377,-0.00010852264,0
0.5,0,26.916119,-0.017307533,0,6.7644662,-0.00010662574,0
0.5,0,26.91538,-0.017170544,0,6.7736946,-0.00010473531,0
0.5,0,26.915261,-0.017010221,0,6.7829231,-0.00010284591,0
0.5,0,26.915501,-0.016804655,0,6.7921516,-0.00010093934,0
0.5,0,26.91582,-0.016529991,0,6.80138,-9.8996249e-05,0
0.5,0,26.916049,-0.016239646,0,6.8106085,-9.7002101e-05,0
0.5,0,26.916241,-0.016044978,0,6.819837,-9.4946929e-05,0
0.5,0,26.916665,-0.016021053,0,6.8290654,-9.2824655e-05,0
0.5,0,26.917683,-0.016153963,0,6.8382939,-9.0630882e-05,0
0.5,0,26.919564,-0.016366171,0,6.8475224,-8.835764e-05,0
0.5,0,26.922352,-0.016577193,0,6.8567508,-8.5989886e-05,0
0.5,0,26.925827,-0.016752859,0,6.8659793,-8.3508935e-05,0
0.5,0,26.929567,-0.016918659,0,6.8752078,-8.0901664e-05,0
0.5,0,26.933084,-0.01713319,0,6.8844362,-7.8168864e-05,0
0.5,0,26.935977,-0.017439743,0,6.8936647,-7.5326645e-05,0
0.5,0,26.938028,-0.017829208,0,6.9028932,-7.2400125e-05,0
0.5,0,26.939183,-0.018245371,0,6.9121216,-6.9414368e-05,0
0.5,0,26.939486,-0.018620522,0,6.9213501,-6.638786e-05,0
0.5,0,26.938999,-0.018902778,0,6.9305786,-6.3330704e-05,0
0.5,0,26.937789,-0.019061767,0,6.939807,-6.0245922e-05,0
0.5,0,26.935952,-0.019089221,0,6.9490355,-5.7131306e-05,0
0.5,0,26.93364,-0.019011308,0,6.958264,-5.3982925e-05,0
0.5,0,26.931033,-0.01889341,0,6.9674924,-5.0801016e-05,0
0.5,0,26.928295,-0.018808185,0,6.9767209,-4.7594355e-05,0
0.5,0,26.925617,-0.0187861,0,6.9859494,-4.4377884e-05,0
0.5,0,26.923207,-0.018812078,0,6.9951778,-4.1165291e-05,0
0.5,0,26.921203,-0.018880697,0,7.0044063,-3.796559e-05,0
0.5,0,26.919618,-0.019022846,0,7.0136348,-3.4787404e-05,0
0.5,0,26.9184,-0.019236921,0,7.0228632,-3.1640754e-05,0
0.5,0,26.917485,-0.019418838,0,7.0320917,-2.8526649e-05,0
0.5,0,26.916715,-0.019433404,0,7.0413202,-2.5425319e-05,0
0.5,0,26.9157,-0.019268206,0,7.0505486,-2.230316e-05,0
0.5,0,26.913849,-0.019064799,0,7.0597771,-1.9136007e-05,0
0.5,0,26.911068,-0.018970398,0,7.0690056,-1.5922996e-05,0
0.5,0,26.90807,-0.018972253,0,7.078234,-1.267469e-05,0
0.5,0,26.904785,-0.018995175,0,7.0874625,-9.381889e-06,0
0.5,0,26.901206,-0.01945001,0,7.096691,-6.0285874e-06,0
0.5,0,26.901537,-0.021427867,0,7.1059194,-2.6537883e-06,0
0.5,0,26.907106,-0.023310376,0,7.1132121,-2.5804012e-15,0
0.5,0,26.974437,0.001775764,0,8.1487362,-9.7082532e-07,0
0.5,0,26.982478,0.0028961124,0,8.1433488,-2.5804012e-15,0
0.5,0,26.963121,0.00014181292,0,8.1579646,-2.4433683e-06,0
0.5,0,26.953957,-0.0009152749,0,8.1671931,-3.7201889e-06,0
0.5,0,26.946355,-0.0017243009,0,8.1764216,-4.79763e-06,0
0.5,0,26.940263,-0.0024381056,0,8.18565,-5.677895e-06,0
0.5,0,26.935778,-0.0030956102,0,8.1948785,-6.3706083e-06,0
0.5,0,26.932836,-0.0036851177,0,8.204107,-6.8882439e-06,0
0.5,0,26.931184,-0.0041875284,0,8.2133354,-7.2465799e-06,0
0.5,0,26.930472,-0.0046216545,0,8.2225639,-7.4638263e-06,0
0.5,0,26.930326,-0.0050344829,0,8.2317924,-7.5532336e-06,0
0.5,0,26.930393,-0.0054526584,0,8.2410208,-7.5135294e-06,0
0.5,0,26.930314,-0.0058724713,0,8.2502493,-7.3264865e-06,0
0.5,0,26.929784,-0.0062912025,0,8.2594778,-6.9657215e-06,0
0.5,0,26.928432,-0.0067301922,0,8.2687062,-6.4106015e-06,0
0.5,0,26.926598,-0.0071972998,0,8.2779347,-5.6555668e-06,0
0.5,0,26.924622,-0.0076432643,0,8.2871632,-4.705352e-06,0
0.5,0,26.922746,-0.0080528974,0,8.2963917,-3.5629622e-06,0
0.5,0,26.92158,-0.0086863995,0,8.3056201,-2.2361254e-06,0
0.5,0,26.921735,-0.0099164923,0,8.3148486,-7.5463171e-07,0
0.5,0,26.922864,-0.010538658,0,8.3191765,-2.5804012e-15,0
0.5,0,27.083751,-0.00078413237,0,17.072664,-4.787717e-07,0
0.5,0,27.083435,-0.00054976605,0,17.065502,-2.5804012e-15,0
0.5,0,27.08462,-0.0010520065,0,17.081892,-1.104976e-06,0
0.5,0,27.085758,-0.0012454175,0,17.091121,-1.7324606e-06,0
0.5,0,27.086794,-0.0014095408,0,17.100349,-2.35215e-06,0
0.5,0,27.08746,-0.0015568415,0,17.109577,-2.9552368e-06,0
0.5,0,27.087639,-0.0016854967,0,17.118806,-3.5341003e-06,0
0.5,0,27.087371,-0.0017910741,0,17.128034,-4.0816841e-06,0
0.5,0,27.086836,-0.0018630901,0,17.137263,-4.592473e-06,0
0.5,0,27.08632,-0.0018915844,0,17.146491,-5.0633426e-06,0
0.5,0,27.086127,-0.0018769726,0,17.15572,-5.4928587e-06,0
0.5,0,27.086477,-0.00183012,0,17.164948,-5.8799115e-06,0
0.5,0,27.087411,-0.0017647099,0,17.174177,-6.2230962e-06,0
0.5,0,27.088756,-0.0016915359,0,17.183405,-6.5210471e-06,0
0.5,0,27.09014,-0.0016180147,0,17.192634,-6.7731342e-06,0
0.5,0,27.091061,-0.0015501805,0,17.201862,-6.9800594e-06,0
0.5,0,27.090984,-0.0014937931,0,17.211091,-7.1441553e-06,0
0.5,0,27.089477,-0.0014538786,0,17.220319,-7.2692008e-06,0
0.5,0,27.086328,-0.0014359206,0,17.229548,-7.3599447e-06,0
0.5,0,27.081619,-0.0014467159,0,17.238776,-7.4215153e-06,0
0.5,0,27.075719,-0.0014898121,0,17.248004,-7.4590275e-06,0
0.5,0,27.069189,-0.0015642259,0,17.257233,-7.4774418e-06,0
0.5,0,27.062675,-0.001667863,0,17.266461,-7.481162e-06,0
0.5,0,27.056811,-0.0017969197,0,17.27569,-7.4740548e-06,0
0.5,0,27.05214,-0.0019476385,0,17.284918,-7.4598979e-06,0
0.5,0,27.049081,-0.0021187149,0,17.294147,-7.442256e-06,0
0.5,0,27.047897,-0.002307995,0,17.303375,-7.4239847e-06,0
0.5,0,27.048687,-0.0025082445,0,17.312604,-7.4068426e-06,0
0.5,0,27.051384,-0.0027085569,0,17.321832,-7.3917434e-06,0
0.5,0,27.055766,-0.0029002038,0,17.331061,-7.3796749e-06,0
0.5,0,27.061502,-0.0030775951,0,17.340289,-7.3716856e-06,0
0.5,0,27.068186,-0.0032350872,0,17.349518,-7.3681541e-06,0
0.5,0,27.075361,-0.0033663604,0,17.358746,-7.3688991e-06,0
0.5,0,27.082548,-0.0034662736,0,17.367975,-7.3733897e-06,0
0.5,0,27.089262,-0.0035330256,0,17.377203,-7.3807315e-06,0
0.5,0,27.095041,-0.0035672809,0,17.386431,-7.3896886e-06,0
0.5,0,27.099467,-0.0035684538,0,17.39566,-7.3987189e-06,0
0.5,0,27.102205,-0.0035349556,0,17.404888,-7.4061608e-06,0
0.5,0,27.102971,-0.0034671708,0,17.414117,-7.4103159e-06,0
0.5,0,27.101829,-0.0033620146,0,17.423345,-7.4096163e-06,0
0.5,0,27.099008,-0.0032258234,0,17.432574,-7.4029853e-06,0
0.5,0,27.094495,-0.0030601362,0,17.441802,-7.3902479e-06,0
0.5,0,27.088576,-0.0028609669,0,17.451031,-7.3720983e-06,0
0.5,0,27.081656,-0.0026387461,0,17.460259,-7.3499828e-06,0
0.5,0,27.073819,-0.0024001978,0,17.469488,-7.3264777e-06,0
0.5,0,27.065056,-0.0021485392,0,17.478716,-7.3050712e-06,0
0.5,0,27.055292,-0.0018890666,0,17.487945,-7.2893921e-06,0
0.5,0,27.044451,-0.0016253138,0,17.497173,-7.2830267e-06,0
0.5,0,27.032549,-0.0013589083,0,17.506402,-7.2895881e-06,0
0.5,0,27.019738,-0.0010969357,0,17.51563,-7.312484e-06,0
0.5,0,27.006295,-0.00085306529,0,17.524858,-7.3545861e-06,0
0.5,0,26.992561,-0.0006392072,0,17.534087,-7.4181409e-06,0
0.5,0,26.978879,-0.00046079731,0,17.543315,-7.5045196e-06,0
0.5,0,26.965546,-0.00032360136,0,17.552544,-7.613843e-06,0
0.5,0,26.952768,-0.00023661752,0,17.561772,-7.7448624e-06,0
0.5,0,26.940677,-0.00020339126,0,17.571001,-7.8949108e-06,0
0.5,0,26.929339,-0.00021914394,0,17.580229,-8.0603906e-06,0
0.5,0,26.918785,-0.00027802583,0,17.589458,-8.2372461e-06,0
0.5,0,26.90904,-0.00037573653,0,17.598686,-8.4208958e-06,0
0.5,0,26.90012,-0.00050769474,0,17.607915,-8.6061679e-06,0
0.5,0,26.892042,-0.00066951394,0,17.617143,-8.7875109e-06,0
0.5,0,26.884817,-0.00085781335,0,17.626372,-8.9594614e-06,0
0.5,0,26.878464,-0.0010697653,0,17.6356,-9.1169643e-06,0
0.5,0,26.872995,-0.0013026626,0,17.644829,-9.2552488e-06,0
0.5,0,26.868414,-0.0015536329,0,17.654057,-9.3694993e-06,0
0.5,0,26.864736,-0.0018186403,0,17.663285,-9.4546574e-06,0
0.5,0,26.861987,-0.0020917229,0,17.672514,-9.5054189e-06,0
0.5,0,26.860219,-0.0023648852,0,17.681742,-9.516402e-06,0
0.5,0,26.859502,-0.0026286516,0,17.690971,-9.4824407e-06,0
0.5,0,26.859962,-0.0028716399,0,17.700199,-9.3986773e-06,0
0.5,0,26.86168,-0.0030820055,0,17.709428,-9.2603114e-06,0
0.5,0,26.864723,-0.0032520496,0,17.718656,-9.0626798e-06,0
0.5,0,26.869008,-0.0033786524,0,17.727885,-8.8022967e-06,0
0.5,0,26.874262,-0.0034621266,0,17.737113,-8.4778137e-06,0
0.5,0,26.880115,-0.0035042465,0,17.746342,-8.0900313e-06,0
0.5,0,26.886016,-0.0035059419,0,17.75557,-7.6418206e-06,0
0.5,0,26.891303,-0.0034685319,0,17.764799,-7.1377183e-06,0
0.5,0,26.895212,-0.0033974587,0,17.774027,-6.5830393e-06,0
0.5,0,26.896956,-0.0033022474,0,17.783256,-5.9839082e-06,0
0.5,0,26.895811,-0.0031902503,0,17.792484,-5.3477552e-06,0
0.5,0,26.891239,-0.0030605878,0,17.801712,-4.6822704e-06,0
0.5,0,26.883016,-0.0029057919,0,17.810941,-3.9936991e-06,0
0.5,0,26.871269,-0.0027270028,0,17.820169,-3.287238e-06,0
0.5,0,26.856523,-0.0025392067,0,17.829398,-2.5688284e-06,0
0.5,0,26.839651,-0.0023544139,0,17.838626,-1.8441919e-06,0
0.5,0,26.821866,-0.0022129755,0,17.847855,-1.116042e-06,0
0.5,0,26.804624,-0.0022219077,0,17.857083,-3.8833715e-07,0
0.5,0,26.796255,-0.0022521314,0,17.862067,-2.5804012e-15,0
0.5,0,26.780195,-0.0012787239,0,20.274942,-8.3219921e-08,0
0.5,0,26.778987,-0.0012306697,0,20.272117,-2.5804012e-15,0
0.5,0,26.784444,-0.0014373928,0,20.28417,-3.5257316e-07,0
0.5,0,26.788813,-0.0015683768,0,20.293398,-6.1552591e-07,0
0.5,0,26.792958,-0.0016904252,0,20.302627,-8.6753638e-07,0
0.5,0,26.796526,-0.0018183748,0,20.311855,-1.1044558e-06,0
0.5,0,26.799235,-0.0019548061,0,20.321084,-1.3232166e-06,0
0.5,0,26.800911,-0.002102002,0,20.330312,-1.5210066e-06,0
0.5,0,26.801498,-0.0022592751,0,20.339541,-1.6948322e-06,0
0.5,0,26.80107,-0.0024189853,0,20.348769,-1.8421113e-06,0
0.5,0,26.799817,-0.0025716349,0,20.357998,-1.9612973e-06,0
0.5,0,26.798015,-0.0027136672,0,20.367226,-2.0518206e-06,0
0.5,0,26.795989,-0.0028494065,0,20.376455,-2.1136971e-06,0
0.5,0,26.794069,-0.0029864739,0,20.385683,-2.147443e-06,0
0.5,0,26.792563,-0.0031294286,0,20.394912,-2.154369e-06,0
0.5,0,26.791729,-0.0032766836,0,20.40414,-2.1368182e-06,0
0.5,0,26.79175,-0.0034210728,0,20.413369,-2.0981873e-06,0
0.5,0,26.792704,-0.0035527142,0,20.422597,-2.0428593e-06,0
0.5,0,26.794552,-0.0036625943,0,20.431825,-1.9760358e-06,0
0.5,0,26.797162,-0.0037441022,0,20.441054,-1.9035974e-06,0
0.5,0,26.800338,-0.0037923438,0,20.450282,-1.832089e-06,0
0.5,0,26.803834,-0.0038033119,0,20.459511,-1.7686175e-06,0
0.5,0,26.807347,-0.003774171,0,20.468739,-1.7205306e-06,0
0.5,0,26.810531,-0.003704477,0,20.477968,-1.6949404e-06,0
0.5,0,26.813072,-0.0035976034,0,20.487196,-1.6981947e-06,0
0.5,0,26.814783,-0.0034607675,0,20.496425,-1.7353222e-06,0
0.5,0,26.815662,-0.0033036052,0,20.505653,-1.8095736e-06,0
0.5,0,26.81586,-0.0031362746,0,20.514882,-1.9222874e-06,0
0.5,0,26.815611,-0.002967449,0,20.52411,-2.0731102e-06,0
0.5,0,26.815173,-0.002803368,0,20.533339,-2.2604366e-06,0
0.5,0,26.814799,-0.0026485263,0,20.542567,-2.4818784e-06,0
0.5,0,26.814701,-0.0025068594,0,20.551796,-2.734663e-06,0
0.5,0,26.815006,-0.0023817441,0,20.561024,-3.0158926e-06,0
0.5,0,26.815716,-0.0022750034,0,20.570252,-3.3226471e-06,0
0.5,0,26.816688,-0.0021866076,0,20.579481,-3.6519458e-06,0
0.5,0,26.817667,-0.0021155965,0,20.588709,-4.000542e-06,0
0.5,0,26.81835,-0.0020607518,0,20.597938,-4.3646655e-06,0
0.5,0,26.81848,-0.00201979,0,20.607166,-4.7399164e-06,0
0.5,0,26.81793,-0.0019889607,0,20.616395,-5.1213512e-06,0
0.5,0,26.816751,-0.0019662039,0,20.625623,-5.5037585e-06,0
0.5,0,26.815163,-0.001956144,0,20.634852,-5.8822894e-06,0
0.5,0,26.81349,-0.0019677931,0,20.64408,-6.253169e-06,0
0.5,0,26.812056,-0.0020033695,0,20.653309,-6.6135597e-06,0
0.5,0,26.811104,-0.0020541722,0,20.662537,-6.9606026e-06,0
0.5,0,26.810704,-0.0021099195,0,20.671766,-7.2910347e-06,0
0.5,0,26.810766,-0.0021665265,0,20.680994,-7.6019297e-06,0
0.5,0,26.811177,-0.0022241159,0,20.690223,-7.8914857e-06,0
0.5,0,26.811832,-0.0022828608,0,20.699451,-8.1589614e-06,0
0.5,0,26.81261,-0.0023420935,0,20.708679,-8.4041138e-06,0
0.5,0,26.813413,-0.002399503,0,20.717908,-8.6270119e-06,0
0.5,0,26.814194,-0.0024498905,0,20.727136,-8.8284093e-06,0
0.5,0,26.814934,-0.0024876672,0,20.736365,-9.0099261e-06,0
0.5,0,26.815608,-0.0025106011,0,20.745593,-9.1736121e-06,0
0.5,0,26.816172,-0.00251911,0,20.754822,-9.3214435e-06,0
0.5,0,26.816587,-0.0025132963,0,20.76405,-9.4552916e-06,0
0.5,0,26.816843,-0.0024926204,0,20.773279,-9.5771269e-06,0
0.5,0,26.816974,-0.002457699,0,20.782507,-9.6890185e-06,0
0.5,0,26.817051,-0.0024113695,0,20.791736,-9.7928826e-06,0
0.5,0,26.81717,-0.0023582536,0,20.800964,-9.8901776e-06,0
0.5,0,26.817421,-0.0023036047,0,20.810193,-9.9816869e-06,0
0.5,0,26.817873,-0.0022524006,0,20.819421,-1.0067435e-05,0
0.5,0,26.818559,-0.0022090505,0,20.82865,-1.0146688e-05,0
0.5,0,26.819479,-0.0021773929,0,20.837878,-1.0217942e-05,0
0.5,0,26.820608,-0.0021606773,0,20.847106,-1.027888e-05,0
0.5,0,26.821919,-0.0021613778,0,20.856335,-1.0326367e-05,0
0.5,0,26.823393,-0.0021806662,0,20.865563,-1.0356627e-05,0
0.5,0,26.825026,-0.0022178693,0,20.874792,-1.0365626e-05,0
0.5,0,26.826825,-0.0022701057,0,20.88402,-1.0349582e-05,0
0.5,0,26.828798,-0.0023324146,0,20.893249,-1.0305443e-05,0
0.5,0,26.83095,-0.0023984698,0,20.902477,-1.0231257e-05,0
0.5,0,26.833275,-0.002461329,0,20.911706,-1.0126424e-05,0
0.5,0,26.835764,-0.0025140278,0,20.920934,-9.991892e-06,0
0.5,0,26.838401,-0.0025500577,0,20.930163,-9.8302553e-06,0
0.5,0,26.841159,-0.0025640274,0,20.939391,-9.6457179e-06,0
0.5,0,26.843978,-0.002552655,0,20.94862,-9.4439185e-06,0
0.5,0,26.846785,-0.0025143899,0,20.957848,-9.2316011e-06,0
0.5,0,26.849482,-0.0024505013,0,20.967077,-9.0161542e-06,0
0.5,0,26.852333,-0.002373732,0,20.976305,-8.8050767e-06,0
0.5,0,26.855067,-0.0022829564,0,20.985533,-8.6057329e-06,0
0.5,0,26.857519,-0.0021813317,0,20.994762,-8.4252166e-06,0
0.5,0,26.860108,-0.0020889862,0,21.00399,-8.2701558e-06,0
0.5,0,26.862827,-0.0019896455,0,21.013219,-8.1446825e-06,0
0.5,0,26.865725,-0.001875855,0,21.022447,-8.048087e-06,0
0.5,0,26.868927,-0.0017831547,0,21.031676,-7.9779157e-06,0
0.5,0,26.872324,-0.0017188634,0,21.040904,-7.9356117e-06,0
0.5,0,26.875809,-0.0016740374,0,21.050133,-7.9237161e-06,0
0.5,0,26.879551,-0.0016533644,0,21.059361,-7.9374515e-06,0
0.5,0,26.883514,-0.0016412789,0,21.06859,-7.9680777e-06,0
0.5,0,26.887465,-0.0016205818,0,21.077818,-8.0111303e-06,0
0.5,0,26.891185,-0.0016005769,0,21.087047,-8.063379e-06,0
0.5,0,26.894493,-0.0015951686,0,21.096275,-8.1185342e-06,0
0.5,0,26.897218,-0.0016003152,0,21.105504,-8.1696832e-06,0
0.5,0,26.899245,-0.0016092778,0,21.114732,-8.2113427e-06,0
0.5,0,26.900554,-0.001625621,0,21.12396,-8.2386522e-06,0
0.5,0,26.901275,-0.0016546057,0,21.133189,-8.2468045e-06,0
0.5,0,26.901609,-0.0016984426,0,21.142417,-8.2312483e-06,0
0.5,0,26.901887,-0.0017593623,0,21.151646,-8.1879015e-06,0
0.5,0,26.902415,-0.0018411274,0,21.160874,-8.1141769e-06,0
0.5,0,26.903396,-0.0019476999,0,21.170103,-8.0096729e-06,0
0.5,0,26.905003,-0.0020753716,0,21.179331,-7.8750832e-06,0
0.5,0,26.907253,-0.002213756,0,21.18856,-7.7118187e-06,0
0.5,0,26.910062,-0.0023532734,0,21.197788,-7.5226592e-06,0
0.5,0,26.913253,-0.0024843617,0,21.207017,-7.3114958e-06,0
0.5,0,26.916616,-0.0025963014,0,21.216245,-7.0827152e-06,0
0.5,0,26.919977,-0.0026798774,0,21.225474,-6.841021e-06,0
0.5,0,26.92323,-0.0027304435,0,21.234702,-6.5914183e-06,0
0.5,0,26.926367,-0.0027484986,0,21.243931,-6.3391938e-06,0
0.5,0,26.929434,-0.0027387255,0,21.253159,-6.0897893e-06,0
0.5,0,26.932656,-0.0027029803,0,21.262387,-5.8483419e-06,0
0.5,0,26.936031,-0.0026428095,0,21.271616,-5.618845e-06,0
0.5,0,26.939772,-0.0025721678,0,21.280844,-5.4046654e-06,0
0.5,0,26.944094,-0.0024988706,0,21.290073,-5.2083784e-06,0
0.5,0,26.948802,-0.0024205377,0,21.299301,-5.0312092e-06,0
0.5,0,26.953902,-0.002341068,0,21.30853,-4.8737012e-06,0
0.5,0,26.95931,-0.0022654499,0,21.317758,-4.7358705e-06,0
0.5,0,26.964887,-0.002196861,0,21.326987,-4.6175316e-06,0
0.5,0,26.970479,-0.0021375371,0,21.336215,-4.5186571e-06,0
0.5,0,26.975907,-0.0020886684,0,21.345444,-4.4395209e-06,0
0.5,0,26.980974,-0.0020500908,0,21.354672,-4.3806426e-06,0
0.5,0,26.985477,-0.0020203705,0,21.363901,-4.3427316e-06,0
0.5,0,26.989233,-0.00199745,0,21.373129,-4.3266865e-06,0
0.5,0,26.992099,-0.0019793998,0,21.382358,-4.3335105e-06,0
0.5,0,26.994001,-0.0019648565,0,21.391586,-4.3641195e-06,0
0.5,0,26.994948,-0.0019528217,0,21.400815,-4.419081e-06,0
0.5,0,26.995025,-0.0019431471,0,21.410043,-4.4983269e-06,0
0.5,0,26.994391,-0.0019374597,0,21.419271,-4.6009606e-06,0
0.5,0,26.993249,-0.0019388776,0,21.4285,-4.7252226e-06,0
0.5,0,26.991824,-0.0019509302,0,21.437728,-4.8685975e-06,0
0.5,0,26.990335,-0.0019765913,0,21.446957,-5.0279877e-06,0
0.5,0,26.988971,-0.0020180566,0,21.456185,-5.19986e-06,0
0.5,0,26.987854,-0.0020770502,0,21.465414,-5.3803647e-06,0
0.5,0,26.987012,-0.0021547576,0,21.474642,-5.5654666e-06,0
0.5,0,26.986372,-0.0022510574,0,21.483871,-5.7510978e-06,0
0.5,0,26.985777,-0.0023638241,0,21.493099,-5.9333005e-06,0
0.5,0,26.984998,-0.002488909,0,21.502328,-6.1083265e-06,0
0.5,0,26.983768,-0.0026211716,0,21.511556,-6.2725832e-06,0
0.5,0,26.981806,-0.0027551251,0,21.520785,-6.4227558e-06,0
0.5,0,26.978855,-0.0028867973,0,21.530013,-6.5562366e-06,0
0.5,0,26.974739,-0.003016643,0,21.539242,-6.6711433e-06,0
0.5,0,26.969385,-0.0031442877,0,21.54847,-6.7664652e-06,0
0.5,0,26.962842,-0.0032630339,0,21.557698,-6.8427594e-06,0
0.5,0,26.955279,-0.0033663625,0,21.566927,-6.9020284e-06,0
0.5,0,26.946964,-0.0034528616,0,21.576155,-6.9468278e-06,0
0.5,0,26.938227,-0.0035224301,0,21.585384,-6.9799749e-06,0
0.5,0,26.929408,-0.0035732664,0,21.594612,-7.0048741e-06,0
0.5,0,26.920803,-0.0036030301,0,21.603841,-7.0256828e-06,0
0.5,0,26.912623,-0.0036104301,0,21.613069,-7.0470693e-06,0
0.5,0,26.904977,-0.0035950637,0,21.622298,-7.0737829e-06,0
0.5,0,26.897875,-0.0035564882,0,21.631526,-7.1103256e-06,0
0.5,0,26.891251,-0.0034945071,0,21.640755,-7.160864e-06,0
0.5,0,26.885,-0.0034103962,0,21.649983,-7.2293234e-06,0
0.5,0,26.879015,-0.0033065816,0,21.659212,-7.3193822e-06,0
0.5,0,26.873218,-0.0031861893,0,21.66844,-7.4342558e-06,0
0.5,0,26.867577,-0.0030519592,0,21.677669,-7.5764998e-06,0
0.5,0,26.862104,-0.0029052483,0,21.686897,-7.7478971e-06,0
0.5,0,26.856855,-0.0027475856,0,21.696125,-7.949365e-06,0
0.5,0,26.851903,-0.0025826221,0,21.705354,-8.1808717e-06,0
0.5,0,26.847325,-0.0024166857,0,21.714582,-8.4414104e-06,0
0.5,0,26.843184,-0.0022569959,0,21.723811,-8.7289767e-06,0
0.5,0,26.839521,-0.0021099804,0,21.733039,-9.0405966e-06,0
0.5,0,26.836342,-0.0019813777,0,21.742268,-9.3725378e-06,0
0.5,0,26.833634,-0.0018758698,0,21.751496,-9.7204117e-06,0
0.5,0,26.831353,-0.0017965389,0,21.760725,-1.0079103e-05,0
0.5,0,26.829435,-0.0017447417,0,21.769953,-1.0442831e-05,0
0.5,0,26.827791,-0.0017201506,0,21.779182,-1.0805444e-05,0
0.5,0,26.826318,-0.0017212133,0,21.78841,-1.1160815e-05,0
0.5,0,26.824908,-0.0017454222,0,21.797639,-1.1503145e-05,0
0.5,0,26.823453,-0.0017894511,0,21.806867,-1.1827083e-05,0
0.5,0,26.821866,-0.0018496608,0,21.816096,-1.2127711e-05,0
0.5,0,26.820084,-0.0019227031,0,21.825324,-1.2400501e-05,0
0.5,0,26.818075,-0.0020059442,0,21.834552,-1.2641308e-05,0
0.5,0,26.815852,-0.0020977541,0,21.843781,-1.2846443e-05,0
0.5,0,26.813468,-0.0021973588,0,21.853009,-1.3012763e-05,0
0.5,0,26.811025,-0.002304409,0,21.862238,-1.313774e-05,0
0.5,0,26.808669,-0.0024187694,0,21.871466,-1.3219449e-05,0
0.5,0,26.806578,-0.0025404896,0,21.880695,-1.3256601e-05,0
0.5,0,26.804938,-0.002669287,0,21.889923,-1.3248701e-05,0
0.5,0,26.80393,-0.0028035976,0,21.899152,-1.3196351e-05,0
0.5,0,26.803713,-0.0029397972,0,21.90838,-1.3101531e-05,0
0.5,0,26.804418,-0.0030724653,0,21.917609,-1.2967712e-05,0
0.5,0,26.806131,-0.0031955145,0,21.926837,-1.2799819e-05,0
0.5,0,26.808886,-0.0033028707,0,21.936066,-1.2604125e-05,0
0.5,0,26.812657,-0.0033883664,0,21.945294,-1.2388166e-05,0
0.5,0,26.817368,-0.003445806,0,21.954523,-1.2160646e-05,0
0.5,0,26.8229,-0.0034695073,0,21.963751,-1.1931151e-05,0
0.5,0,26.829097,-0.0034556359,0,21.972979,-1.1709927e-05,0
0.5,0,26.835762,-0.0034021487,0,21.982208,-1.150752e-05,0
0.5,0,26.842657,-0.0033088508,0,21.991436,-1.1334085e-05,0
0.5,0,26.849525,-0.003177191,0,22.000665,-1.1198849e-05,0
0.5,0,26.856101,-0.0030091793,0,22.009893,-1.1109793e-05,0
0.5,0,26.86213,-0.0028088255,0,22.019122,-1.1073404e-05,0
0.5,0,26.867371,-0.0025831447,0,22.02835,-1.1094502e-05,0
0.5,0,26.871615,-0.0023412949,0,22.037579,-1.1176197e-05,0
0.5,0,26.874709,-0.0020927427,0,22.046807,-1.1319651e-05,0
0.5,0,26.876566,-0.0018467442,0,22.056036,-1.1523678e-05,0
0.5,0,26.877178,-0.0016134698,0,22.065264,-1.1784505e-05,0
0.5,0,26.876618,-0.0014041268,0,22.074493,-1.2095835e-05,0
0.5,0,26.875022,-0.0012293575,0,22.083721,-1.2449054e-05,0
0.5,0,26.872583,-0.0010974425,0,22.09295,-1.28335e-05,0
0.5,0,26.869548,-0.0010137365,0,22.102178,-1.3236854e-05,0
0.5,0,26.866172,-0.00098090593,0,22.111406,-1.3645674e-05,0
0.5,0,26.86268,-0.00099889368,0,22.120635,-1.4046022e-05,0
0.5,0,26.859243,-0.0010653608,0,22.129863,-1.4424104e-05,0
0.5,0,26.85598,-0.0011767647,0,22.139092,-1.4766916e-05,0
0.5,0,26.852958,-0.0013282818,0,22.14832,-1.5062919e-05,0
0.5,0,26.850195,-0.0015131094,0,22.157549,-1.5302599e-05,0
0.5,0,26.847678,-0.0017220078,0,22.166777,-1.5478658e-05,0
0.5,0,26.84538,-0.0019435691,0,22.176006,-1.5585831e-05,0
0.5,0,26.843281,-0.0021661629,0,22.185234,-1.5620555e-05,0
0.5,0,26.841377,-0.0023794599,0,22.194463,-1.5580914e-05,0
0.5,0,26.839687,-0.0025767753,0,22.203691,-1.5467096e-05,0
0.5,0,26.838247,-0.0027551013,0,22.21292,-1.5281804e-05,0
0.5,0,26.837099,-0.00291059,0,22.222148,-1.5030179e-05,0
0.5,0,26.83627,-0.0030378535,0,22.231377,-1.4719245e-05,0
0.5,0,26.835758,-0.00313211,0,22.240605,-1.4357531e-05,0
0.5,0,26.835531,-0.0031894053,0,22.249833,-1.3955137e-05,0
0.5,0,26.835526,-0.0032076305,0,22.259062,-1.3523459e-05,0
0.5,0,26.835651,-0.0031870468,0,22.26829,-1.3074705e-05,0
0.5,0,26.835796,-0.0031288361,0,22.277519,-1.2621665e-05,0
0.5,0,26.835865,-0.0030347137,0,22.286747,-1.2177379e-05,0
0.5,0,26.835773,-0.002907028,0,22.295976,-1.1754504e-05,0
0.5,0,26.835442,-0.002748422,0,22.305204,-1.1364675e-05,0
0.5,0,26.834814,-0.0025620196,0,22.314433,-1.1017936e-05,0
0.5,0,26.833881,-0.0023520311,0,22.323661,-1.0722195e-05,0
0.5,0,26.832688,-0.0021243048,0,22.33289,-1.0482908e-05,0
0.5,0,26.831306,-0.0018862034,0,22.342118,-1.0302926e-05,0
0.5,0,26.829799,-0.0016458468,0,22.351347,-1.0182384e-05,0
0.5,0,26.828223,-0.0014120482,0,22.360575,-1.0118722e-05,0
0.5,0,26.826631,-0.0011947744,0,22.369804,-1.0106885e-05,0
0.5,0,26.825069,-0.0010049824,0,22.379032,-1.0139731e-05,0
0.5,0,26.823576,-0.00085289877,0,22.38826,-1.0208538e-05,0
0.5,0,26.82217,-0.0007462026,0,22.397489,-1.0303453e-05,0
0.5,0,26.820852,-0.00068973744,0,22.406717,-1.0413868e-05,0
0.5,0,26.819609,-0.00068557991,0,22.415946,-1.0528771e-05,0
0.5,0,26.818438,-0.0007328181,0,22.425174,-1.0637118e-05,0
0.5,0,26.817339,-0.00082755721,0,22.434403,-1.0728315e-05,0
0.5,0,26.816331,-0.00096347155,0,22.443631,-1.0792741e-05,0
0.5,0,26.815455,-0.0011325469,0,22.45286,-1.082226e-05,0
0.5,0,26.814793,-0.0013256915,0,22.462088,-1.0810656e-05,0
0.5,0,26.814482,-0.0015331206,0,22.471317,-1.0753953e-05,0
0.5,0,26.814713,-0.0017447435,0,22.480545,-1.0650587e-05,0
0.5,0,26.815733,-0.0019506981,0,22.489774,-1.0501401e-05,0
0.5,0,26.817827,-0.0021418158,0,22.499002,-1.0309484e-05,0
0.5,0,26.821285,-0.0023094456,0,22.508231,-1.0079856e-05,0
0.5,0,26.826354,-0.0024457256,0,22.517459,-9.819071e-06,0
0.5,0,26.83317,-0.0025444636,0,22.526687,-9.5348074e-06,0
0.5,0,26.84172,-0.0026006914,0,22.535916,-9.2354175e-06,0
0.5,0,26.851803,-0.0026100437,0,22.545144,-8.9294996e-06,0
0.5,0,26.863024,-0.00256901,0,22.554373,-8.6255642e-06,0
0.5,0,26.874804,-0.0024756282,0,22.563601,-8.3317806e-06,0
0.5,0,26.886395,-0.0023316663,0,22.57283,-8.0558653e-06,0
0.5,0,26.896994,-0.0021435192,0,22.582058,-7.8052373e-06,0
0.5,0,26.905758,-0.0019186044,0,22.591287,-7.5871095e-06,0
0.5,0,26.912045,-0.001662326,0,22.600515,-7.4074993e-06,0
0.5,0,26.915495,-0.0013810771,0,22.609744,-7.2704438e-06,0
0.5,0,26.915998,-0.0010890168,0,22.618972,-7.1784199e-06,0
0.5,0,26.913832,-0.00080495178,0,22.628201,-7.1321396e-06,0
0.5,0,26.909522,-0.00054578454,0,22.637429,-7.129871e-06,0
0.5,0,26.903779,-0.00032744232,0,22.646658,-7.1675207e-06,0
0.5,0,26.897332,-0.00016364033,0,22.655886,-7.2390015e-06,0
0.5,0,26.890914,-6.3373281e-05,0,22.665114,-7.3358304e-06,0
0.5,0,26.885001,-3.423118e-05,0,22.674343,-7.4476168e-06,0
0.5,0,26.879865,-8.0629099e-05,0,22.683571,-7.5631427e-06,0
0.5,0,26.875644,-0.00019393188,0,22.6928,-7.6705042e-06,0
0.5,0,26.872202,-0.00035986308,0,22.702028,-7.7578516e-06,0
0.5,0,26.869348,-0.00056862274,0,22.711257,-7.8143758e-06,0
0.5,0,26.866845,-0.00080953269,0,22.720485,-7.8309932e-06,0
0.5,0,26.864468,-0.0010688472,0,22.729714,-7.8011437e-06,0
0.5,0,26.862075,-0.0013326356,0,22.738942,-7.7212961e-06,0
0.5,0,26.859598,-0.0015878012,0,22.748171,-7.5910589e-06,0
0.5,0,26.857033,-0.0018223307,0,22.757399,-7.4130804e-06,0
0.5,0,26.85442,-0.0020251253,0,22.766628,-7.1928507e-06,0
0.5,0,26.851823,-0.0021857801,0,22.775856,-6.9383925e-06,0
0.5,0,26.849312,-0.0022956773,0,22.785085,-6.6596448e-06,0
0.5,0,26.846953,-0.0023483957,0,22.794313,-6.3677897e-06,0
0.5,0,26.844813,-0.0023403803,0,22.803541,-6.0746236e-06,0
0.5,0,26.842946,-0.0022722802,0,22.81277,-5.7917774e-06,0
0.5,0,26.841383,-0.0021489328,0,22.821998,-5.5299011e-06,0
0.5,0,26.840129,-0.0019785599,0,22.831227,-5.2979459e-06,0
0.5,0,26.839166,-0.001772357,0,22.840455,-5.1026463e-06,0
0.5,0,26.83848,-0.0015435679,0,22.849684,-4.9482929e-06,0
0.5,0,26.838058,-0.0013061405,0,22.858912,-4.8366527e-06,0
0.5,0,26.837884,-0.0010737768,0,22.868141,-4.7669432e-06,0
0.5,0,26.837926,-0.0008591913,0,22.877369,-4.7359377e-06,0
0.5,0,26.838154,-0.00067365062,0,22.886598,-4.7382201e-06,0
0.5,0,26.83856,-0.00052656022,0,22.895826,-4.7665722e-06,0
0.5,0,26.839166,-0.00042515111,0,22.905055,-4.8124654e-06,0
0.5,0,26.840022,-0.00037426287,0,22.914283,-4.8666001e-06,0
0.5,0,26.841186,-0.00037618445,0,22.923512,-4.9194697e-06,0
0.5,0,26.842709,-0.00043058211,0,22.93274,-4.9619468e-06,0
0.5,0,26.844625,-0.00053424754,0,22.941968,-4.9858708e-06,0
0.5,0,26.846942,-0.00068063395,0,22.951197,-4.984541e-06,0
0.5,0,26.849649,-0.00085930747,0,22.960425,-4.9529746e-06,0
0.5,0,26.852708,-0.0010565072,0,22.969654,-4.887927e-06,0
0.5,0,26.856061,-0.0012578039,0,22.978882,-4.7878677e-06,0
0.5,0,26.85963,-0.0014516097,0,22.988111,-4.6532e-06,0
0.5,0,26.863321,-0.0016305212,0,22.997339,-4.4866776e-06,0
0.5,0,26.867027,-0.0017887399,0,23.006568,-4.293462e-06,0
0.5,0,26.870638,-0.001918464,0,23.015796,-4.0804976e-06,0
0.5,0,26.874047,-0.0020096988,0,23.025025,-3.8555096e-06,0
0.5,0,26.877159,-0.0020539238,0,23.034253,-3.6262106e-06,0
0.5,0,26.879896,-0.0020475482,0,23.043482,-3.4000536e-06,0
0.5,0,26.882205,-0.0019922804,0,23.05271,-3.1843593e-06,0
0.5,0,26.884058,-0.0018938247,0,23.061939,-2.9863822e-06,0
0.5,0,26.885461,-0.0017606997,0,23.071167,-2.8131343e-06,0
0.5,0,26.886451,-0.0016034606,0,23.080395,-2.6711428e-06,0
0.5,0,26.887069,-0.0014332275,0,23.089624,-2.5662345e-06,0
0.5,0,26.887356,-0.0012593933,0,23.098852,-2.5032122e-06,0
0.5,0,26.887376,-0.0010889218,0,23.108081,-2.4853327e-06,0
0.5,0,26.887202,-0.00092690831,0,23.117309,-2.5138116e-06,0
0.5,0,26.886857,-0.0007785023,0,23.126538,-2.5876176e-06,0
0.5,0,26.886278,-0.00064997133,0,23.135766,-2.7035502e-06,0
0.5,0,26.885325,-0.00054735625,0,23.144995,-2.8564305e-06,0
0.5,0,26.883815,-0.00047561379,0,23.154223,-3.0392579e-06,0
0.5,0,26.881546,-0.00043837933,0,23.163452,-3.2434288e-06,0
0.5,0,26.87832,-0.0004378386,0,23.17268,-3.4591083e-06,0
0.5,0,26.873984,-0.00047472008,0,23.181909,-3.675588e-06,0
0.5,0,26.868459,-0.00054868923,0,23.191137,-3.8817605e-06,0
0.5,0,26.861786,-0.00065820239,0,23.200366,-4.0667292e-06,0
0.5,0,26.854149,-0.00079888816,0,23.209594,-4.2204871e-06,0
0.5,0,26.845857,-0.00096559277,0,23.218822,-4.3346605e-06,0
0.5,0,26.837306,-0.0011533206,0,23.228051,-4.403031e-06,0
0.5,0,26.828942,-0.0013532276,0,23.237279,-4.422058e-06,0
0.5,0,26.8212,-0.0015560266,0,23.246508,-4.3910896e-06,0
0.5,0,26.814433,-0.0017552569,0,23.255736,-4.312084e-06,0
0.5,0,26.808851,-0.0019429248,0,23.264965,-4.1893596e-06,0
0.5,0,26.804501,-0.0021086895,0,23.274193,-4.0293647e-06,0
0.5,0,26.801278,-0.0022431906,0,23.283422,-3.8404374e-06,0
0.5,0,26.798964,-0.0023397768,0,23.29265,-3.6324062e-06,0
0.5,0,26.797283,-0.0023944944,0,23.301879,-3.4158911e-06,0
0.5,0,26.795957,-0.0024060085,0,23.311107,-3.201641e-06,0
0.5,0,26.794754,-0.0023758468,0,23.320336,-3.0001117e-06,0
0.5,0,26.793511,-0.002308926,0,23.329564,-2.8209875e-06,0
0.5,0,26.792136,-0.0022130335,0,23.338793,-2.6725441e-06,0
0.5,0,26.790594,-0.0020969025,0,23.348021,-2.561075e-06,0
0.5,0,26.788888,-0.0019686958,0,23.357249,-2.490464e-06,0
0.5,0,26.787038,-0.0018358268,0,23.366478,-2.4618577e-06,0
0.5,0,26.785066,-0.0017056991,0,23.375706,-2.4734719e-06,0
0.5,0,26.782989,-0.0015865245,0,23.384935,-2.5206586e-06,0
0.5,0,26.780822,-0.0014866772,0,23.394163,-2.5963391e-06,0
0.5,0,26.778573,-0.0014121216,0,23.403392,-2.6916982e-06,0
0.5,0,26.776307,-0.0013549029,0,23.41262,-2.7961887e-06,0
0.5,0,26.773952,-0.0013607448,0,23.421849,-2.8989811e-06,0
0.5,0,26.771698,-0.0014448373,0,23.431077,-2.991859e-06,0
0.5,0,26.769766,-0.0015487962,0,23.440306,-3.0662649e-06,0
0.5,0,26.768332,-0.0016755765,0,23.449534,-3.1126113e-06,0
0.5,0,26.767869,-0.0018406951,0,23.458763,-3.1241775e-06,0
0.5,0,26.768826,-0.0020290899,0,23.467991,-3.09721e-06,0
0.5,0,26.771736,-0.0022267795,0,23.47722,-3.0306821e-06,0
0.5,0,26.777103,-0.0024230102,0,23.486448,-2.9267832e-06,0
0.5,0,26.785217,-0.0026031389,0,23.495676,-2.7906291e-06,0
0.5,0,26.796036,-0.0027510544,0,23.504905,-2.6295782e-06,0
0.5,0,26.809119,-0.0028514574,0,23.514133,-2.452818e-06,0
0.5,0,26.823639,-0.0028914606,0,23.523362,-2.2707028e-06,0
0.5,0,26.838458,-0.0028632929,0,23.53259,-2.0941259e-06,0
0.5,0,26.852291,-0.0027657128,0,23.541819,-1.9340086e-06,0
0.5,0,26.863917,-0.0026039524,0,23.551047,-1.8007492e-06,0
0.5,0,26.872413,-0.0023892754,0,23.560276,-1.7035783e-06,0
0.5,0,26.877317,-0.0021377164,0,23.569504,-1.6499039e-06,0
0.5,0,26.878677,-0.0018679013,0,23.578733,-1.6446802e-06,0
0.5,0,26.876979,-0.0015985739,0,23.587961,-1.6899061e-06,0
0.5,0,26.872987,-0.001347946,0,23.59719,-1.7843941e-06,0
0.5,0,26.867561,-0.0011339283,0,23.606418,-1.9237309e-06,0
0.5,0,26.861506,-0.00097283777,0,23.615647,-2.1004748e-06,0
0.5,0,26.855442,-0.00087763087,0,23.624875,-2.3047953e-06,0
0.5,0,26.849755,-0.00085537507,0,23.634103,-2.525194e-06,0
0.5,0,26.844589,-0.00090519427,0,23.643332,-2.7489851e-06,0
0.5,0,26.839885,-0.001019405,0,23.65256,-2.9628529e-06,0
0.5,0,26.835464,-0.00118533,0,23.661789,-3.1535037e-06,0
0.5,0,26.831093,-0.0013869375,0,23.671017,-3.3084462e-06,0
0.5,0,26.826555,-0.0016078005,0,23.680246,-3.4170228e-06,0
0.5,0,26.821678,-0.001833381,0,23.689474,-3.4715591e-06,0
0.5,0,26.816359,-0.0020524447,0,23.698703,-3.4682617e-06,0
0.5,0,26.810566,-0.0022557258,0,23.707931,-3.4075291e-06,0
0.5,0,26.804346,-0.0024317872,0,23.71716,-3.2938159e-06,0
0.5,0,26.797822,-0.0025684601,0,23.726388,-3.1349091e-06,0
0.5,0,26.791174,-0.0026573527,0,23.735617,-2.9408621e-06,0
0.5,0,26.784623,-0.0026945468,0,23.744845,-2.723261e-06,0
0.5,0,26.778393,-0.0026799212,0,23.754074,-2.4947149e-06,0
0.5,0,26.772687,-0.0026165913,0,23.763302,-2.2680896e-06,0
0.5,0,26.767658,-0.0025096898,0,23.77253,-2.0553869e-06,0
0.5,0,26.763394,-0.0023667801,0,23.781759,-1.866604e-06,0
0.5,0,26.75991,-0.0022003438,0,23.790987,-1.7089657e-06,0
0.5,0,26.757148,-0.0020265309,0,23.800216,-1.5865575e-06,0
0.5,0,26.754996,-0.0018610722,0,23.809444,-1.5001335e-06,0
0.5,0,26.753307,-0.0017178872,0,23.818673,-1.4470932e-06,0
0.5,0,26.751941,-0.0016092757,0,23.827901,-1.4217352e-06,0
0.5,0,26.75078,-0.0015452843,0,23.83713,-1.4158573e-06,0
0.5,0,26.74975,-0.0015311139,0,23.846358,-1.4195251e-06,0
0.5,0,26.748816,-0.0015641408,0,23.855587,-1.4216509e-06,0
0.5,0,26.747974,-0.0016357115,0,23.864815,-1.4104589e-06,0
0.5,0,26.747241,-0.0017363643,0,23.874044,-1.374495e-06,0
0.5,0,26.746665,-0.0018597788,0,23.883272,-1.3042677e-06,0
0.5,0,26.746354,-0.002001968,0,23.892501,-1.1937154e-06,0
0.5,0,26.74649,-0.002155642,0,23.901729,-1.0407334e-06,0
0.5,0,26.747306,-0.0023063898,0,23.910957,-8.4643824e-07,0
0.5,0,26.749068,-0.002444022,0,23.920186,-6.1348514e-07,0
0.5,0,26.752084,-0.0025868597,0,23.929414,-3.4684487e-07,0
0.5,0,26.756694,-0.0027552987,0,23.938643,-5.5220125e-08,0
0.5,0,26.757867,-0.002776941,0,23.94031,-2.5804012e-15,0
0.5,0,26.694174,-0.00095775595,0,26.60567,-1.1035099e-07,0
0.5,0,26.694648,-0.00087219584,0,26.598529,-2.5804012e-15,0
0.5,0,26.693892,-0.0010522963,0,26.614898,-2.4946735e-07,0
0.5,0,26.693835,-0.0011203044,0,26.624127,-3.8040511e-07,0
0.5,0,26.693913,-0.0011627635,0,26.633355,-5.0118566e-07,0
0.5,0,26.6941,-0.0011868898,0,26.642584,-6.1070731e-07,0
0.5,0,26.694391,-0.0012035552,0,26.651812,-7.0706952e-07,0
0.5,0,26.694783,-0.0012125832,0,26.661041,-7.8884715e-07,0
0.5,0,26.69528,-0.0012081985,0,26.670269,-8.5664914e-07,0
0.5,0,26.695892,-0.0011897164,0,26.679498,-9.1299335e-07,0
0.5,0,26.696626,-0.0011620393,0,26.688726,-9.6140167e-07,0
0.5,0,26.697492,-0.0011312203,0,26.697954,-1.0055122e-06,0
0.5,0,26.698499,-0.0011023127,0,26.707183,-1.048315e-06,0
0.5,0,26.699646,-0.0010797502,0,26.716411,-1.0917125e-06,0
0.5,0,26.70092,-0.001067646,0,26.72564,-1.1365616e-06,0
0.5,0,26.702297,-0.0010691156,0,26.734868,-1.1830305e-06,0
0.5,0,26.703745,-0.0010857781,0,26.744097,-1.230915e-06,0
0.5,0,26.705236,-0.0011176326,0,26.753325,-1.2796588e-06,0
0.5,0,26.706752,-0.0011626564,0,26.762554,-1.3280948e-06,0
0.5,0,26.708293,-0.0012167359,0,26.771782,-1.3742005e-06,0
0.5,0,26.709878,-0.0012747282,0,26.781011,-1.4151729e-06,0
0.5,0,26.711526,-0.001332158,0,26.790239,-1.447874e-06,0
0.5,0,26.71323,-0.0013863315,0,26.799468,-1.4694336e-06,0
0.5,0,26.714934,-0.0014363554,0,26.808696,-1.4776942e-06,0
0.5,0,26.716545,-0.0014823896,0,26.817925,-1.471313e-06,0
0.5,0,26.717967,-0.0015250818,0,26.827153,-1.4495822e-06,0
0.5,0,26.719147,-0.0015658239,0,26.836381,-1.4121937e-06,0
0.5,0,26.720095,-0.0016074772,0,26.84561,-1.3592072e-06,0
0.5,0,26.720901,-0.0016546859,0,26.854838,-1.2913085e-06,0
0.5,0,26.721729,-0.0017125866,0,26.864067,-1.2101388e-06,0
0.5,0,26.722782,-0.0017838795,0,26.873295,-1.1183508e-06,0
0.5,0,26.724227,-0.0018663222,0,26.882524,-1.0192183e-06,0
0.5,0,26.726105,-0.0019531129,0,26.891752,-9.1600725e-07,0
0.5,0,26.728292,-0.0020362998,0,26.900981,-8.1155433e-07,0
0.5,0,26.730568,-0.0021103446,0,26.910209,-7.0832055e-07,0
0.5,0,26.732734,-0.0021727888,0,26.919438,-6.0870094e-07,0
0.5,0,26.734694,-0.0022219961,0,26.928666,-5.1510836e-07,0
0.5,0,26.736434,-0.0022547931,0,26.937895,-4.2960794e-07,0
0.5,0,26.737936,-0.0022667737,0,26.947123,-3.5335869e-07,0
0.5,0,26.739172,-0.0022551426,0,26.956352,-2.863203e-07,0
0.5,0,26.740132,-0.0022209968,0,26.96558,-2.2742412e-07,0
0.5,0,26.740847,-0.0021686935,0,26.974808,-1.7495178e-07,0
0.5,0,26.741358,-0.002104002,0,26.984037,-1.2689476e-07,0
0.5,0,26.741692,-0.0020333731,0,26.993265,-8.1484889e-08,0
0.5,0,26.74185,-0.0019604603,0,27.002494,-3.8100171e-08,0
0.5,0,26.74179,-0.0018796219,0,27.011157,-2.5804012e-15,0
0.5,0,26.740206,-0.0012151605,0,27.08555,-6.2869442e-08,0
0.5,0,26.740071,-0.0012119626,0,27.076753,-2.5804012e-15,0
0.5,0,26.740402,-0.001224625,0,27.094779,-1.5136681e-07,0
0.5,0,26.740637,-0.0012352197,0,27.104007,-2.6286485e-07,0
0.5,0,26.740904,-0.00124604,0,27.113235,-3.9679073e-07,0
0.5,0,26.741202,-0.001251272,0,27.122464,-5.5207177e-07,0
0.5,0,26.741523,-0.0012465999,0,27.131692,-7.2697302e-07,0
0.5,0,26.741851,-0.0012299956,0,27.140921,-9.1871823e-07,0
0.5,0,26.742168,-0.0012003955,0,27.150149,-1.1233777e-06,0
0.5,0,26.742463,-0.0011576391,0,27.159378,-1.3361002e-06,0
0.5,0,26.742731,-0.0011038436,0,27.168606,-1.5515391e-06,0
0.5,0,26.742974,-0.0010440593,0,27.177835,-1.7644405e-06,0
0.5,0,26.743195,-0.00098404836,0,27.187063,-1.969737e-06,0
0.5,0,26.743403,-0.00092893536,0,27.196292,-2.1630636e-06,0
0.5,0,26.743617,-0.0008836975,0,27.20552,-2.3414013e-06,0
0.5,0,26.743858,-0.00085246811,0,27.214749,-2.502963e-06,0
0.5,0,26.744148,-0.00083825989,0,27.223977,-2.6470913e-06,0
0.5,0,26.744509,-0.00084276992,0,27.233206,-2.7739867e-06,0
0.5,0,26.744966,-0.00086572694,0,27.242434,-2.8843899e-06,0
0.5,0,26.745542,-0.00090482,0,27.251662,-2.9792591e-06,0
0.5,0,26.746257,-0.00095637751,0,27.260891,-3.0594708e-06,0
0.5,0,26.747126,-0.0010163913,0,27.270119,-3.1255855e-06,0
0.5,0,26.748158,-0.0010808218,0,27.279348,-3.1777156e-06,0
0.5,0,26.74936,-0.0011464173,0,27.288576,-3.2155231e-06,0
0.5,0,26.750733,-0.0012115256,0,27.297805,-3.2383352e-06,0
0.5,0,26.752273,-0.0012758131,0,27.307033,-3.2453305e-06,0
0.5,0,26.753963,-0.0013410234,0,27.316262,-3.2356977e-06,0
0.5,0,26.755788,-0.0014102838,0,27.32549,-3.2087168e-06,0
0.5,0,26.757737,-0.0014865713,0,27.334719,-3.1638973e-06,0
0.5,0,26.759774,-0.0015721577,0,27.343947,-3.1013191e-06,0
0.5,0,26.761812,-0.0016612227,0,27.353176,-3.0220243e-06,0
0.5,0,26.763622,-0.0017314172,0,27.362404,-2.9282023e-06,0
0.5,0,26.765713,-0.0017836543,0,27.371633,-2.8231526e-06,0
0.5,0,26.768275,-0.0018309526,0,27.380861,-2.7110589e-06,0
0.5,0,26.770843,-0.0018688501,0,27.390089,-2.5966082e-06,0
0.5,0,26.773454,-0.0018955178,0,27.399318,-2.4846452e-06,0
0.5,0,26.776094,-0.0019090416,0,27.408546,-2.3800132e-06,0
0.5,0,26.778732,-0.0019075269,0,27.417775,-2.287469e-06,0
0.5,0,26.781321,-0.0018892985,0,27.427003,-2.2115912e-06,0
0.5,0,26.783813,-0.0018529894,0,27.436232,-2.1566728e-06,0
0.5,0,26.786181,-0.0017975935,0,27.44546,-2.1265719e-06,0
0.5,0,26.788418,-0.0017230868,0,27.454689,-2.1245263e-06,0
0.5,0,26.790538,-0.001630973,0,27.463917,-2.1529823e-06,0
0.5,0,26.792565,-0.0015246373,0,27.473146,-2.2134234e-06,0
0.5,0,26.794532,-0.0014091378,0,27.482374,-2.3062087e-06,0
0.5,0,26.796478,-0.0012902917,0,27.491603,-2.4304939e-06,0
0.5,0,26.798437,-0.0011737159,0,27.500831,-2.5842381e-06,0
0.5,0,26.800439,-0.001063961,0,27.51006,-2.7643375e-06,0
0.5,0,26.802505,-0.00096397081,0,27.519288,-2.9669354e-06,0
0.5,0,26.804653,-0.00087498768,0,27.528516,-3.1878276e-06,0
0.5,0,26.806908,-0.00079673775,0,27.537745,-3.4228366e-06,0
0.5,0,26.8093,-0.00072792888,0,27.546973,-3.6680881e-06,0
0.5,0,26.81185,-0.0006669517,0,27.556202,-3.9201873e-06,0
0.5,0,26.81455,-0.00061253604,0,27.56543,-4.1763168e-06,0
0.5,0,26.817351,-0.00056419032,0,27.574659,-4.4342783e-06,0
0.5,0,26.820165,-0.00052223009,0,27.583887,-4.6924817e-06,0
0.5,0,26.822881,-0.00048750083,0,27.593116,-4.9498828e-06,0
0.5,0,26.825379,-0.00046121349,0,27.602344,-5.2058875e-06,0
0.5,0,26.827552,-0.00044503705,0,27.611573,-5.4602501e-06,0
0.5,0,26.829316,-0.00044111462,0,27.620801,-5.7129806e-06,0
0.5,0,26.830619,-0.00045189883,0,27.63003,-5.9642543e-06,0
0.5,0,26.831446,-0.00047975739,0,27.639258,-6.214324e-06,0
0.5,0,26.831825,-0.00052635842,0,27.648487,-6.4634414e-06,0
0.5,0,26.83182,-0.00059233774,0,27.657715,-6.7117952e-06,0
0.5,0,26.83152,-0.00067733184,0,27.666943,-6.9594472e-06,0
0.5,0,26.831024,-0.00078002458,0,27.676172,-7.2062396e-06,0
0.5,0,26.830425,-0.00089805248,0,27.6854,-7.4516743e-06,0
0.5,0,26.829803,-0.0010277912,0,27.694629,-7.6947724e-06,0
0.5,0,26.829218,-0.0011643017,0,27.703857,-7.9339345e-06,0
0.5,0,26.828701,-0.001301796,0,27.713086,-8.1668421e-06,0
0.5,0,26.828263,-0.0014345813,0,27.722314,-8.3904468e-06,0
0.5,0,26.827901,-0.00155803,0,27.731543,-8.6010544e-06,0
0.5,0,26.827604,-0.0016691374,0,27.740771,-8.7944781e-06,0
0.5,0,26.827358,-0.0017665195,0,27.75,-8.9662316e-06,0
0.5,0,26.827152,-0.0018501146,0,27.759228,-9.1117573e-06,0
0.5,0,26.82697,-0.0019209057,0,27.768457,-9.226706e-06,0
0.5,0,26.826798,-0.0019805947,0,27.777685,-9.3072643e-06,0
0.5,0,26.82662,-0.0020310395,0,27.786914,-9.35048e-06,0
0.5,0,26.826421,-0.0020736886,0,27.796142,-9.3545323e-06,0
0.5,0,26.826189,-0.0021094452,0,27.80537,-9.318926e-06,0
0.5,0,26.825917,-0.0021389327,0,27.814599,-9.2446322e-06,0
0.5,0,26.825592,-0.0021628109,0,27.823827,-9.1341609e-06,0
0.5,0,26.825197,-0.0021819248,0,27.833056,-8.9914883e-06,0
0.5,0,26.82471,-0.0021971974,0,27.842284,-8.8218609e-06,0
0.5,0,26.824105,-0.0022093723,0,27.851513,-8.631512e-06,0
0.5,0,26.82336,-0.002218939,0,27.860741,-8.427283e-06,0
0.5,0,26.822458,-0.0022260383,0,27.86997,-8.2161714e-06,0
0.5,0,26.821387,-0.0022300725,0,27.879198,-8.0048652e-06,0
0.5,0,26.820135,-0.0022296932,0,27.888427,-7.7993428e-06,0
0.5,0,26.818707,-0.0022233767,0,27.897655,-7.6046096e-06,0
0.5,0,26.817127,-0.0022099824,0,27.906884,-7.4246238e-06,0
0.5,0,26.815461,-0.0021890131,0,27.916112,-7.2624283e-06,0
0.5,0,26.813816,-0.002160607,0,27.925341,-7.120434e-06,0
0.5,0,26.812333,-0.0021253996,0,27.934569,-7.000732e-06,0
0.5,0,26.811175,-0.0020842279,0,27.943797,-6.9053062e-06,0
0.5,0,26.810498,-0.0020377216,0,27.953026,-6.8360872e-06,0
0.5,0,26.810431,-0.001986007,0,27.962254,-6.7948421e-06,0
0.5,0,26.811055,-0.001928958,0,27.971483,-6.7829495e-06,0
0.5,0,26.812392,-0.0018665468,0,27.980711,-6.8011463e-06,0
0.5,0,26.81441,-0.0017990262,0,27.98994,-6.8492902e-06,0
0.5,0,26.81703,-0.0017271349,0,27.999168,-6.9262133e-06,0
0.5,0,26.820141,-0.0016523602,0,28.008397,-7.0297074e-06,0
0.5,0,26.823621,-0.0015774307,0,28.017625,-7.1565877e-06,0
0.5,0,26.827339,-0.001506385,0,28.026854,-7.3029199e-06,0
0.5,0,26.831169,-0.0014429861,0,28.036082,-7.4643432e-06,0
0.5,0,26.834984,-0.0013863329,0,28.045311,-7.6360123e-06,0
0.5,0,26.838659,-0.0013329257,0,28.054539,-7.8122335e-06,0
0.5,0,26.84207,-0.0012853086,0,28.063768,-7.9869057e-06,0
0.5,0,26.845103,-0.0012534936,0,28.072996,-8.1550748e-06,0
0.5,0,26.847693,-0.0012434731,0,28.082224,-8.3135675e-06,0
0.5,0,26.849806,-0.0012491321,0,28.091453,-8.4598773e-06,0
0.5,0,26.851441,-0.0012660634,0,28.100681,-8.5916434e-06,0
0.5,0,26.852755,-0.0012980466,0,28.10991,-8.7075367e-06,0
0.5,0,26.854029,-0.0013467339,0,28.119138,-8.8078785e-06,0
0.5,0,26.855526,-0.0014118997,0,28.128367,-8.8940644e-06,0
0.5,0,26.857454,-0.0014928827,0,28.137595,-8.9678026e-06,0
0.5,0,26.859969,-0.0015836203,0,28.146824,-9.0312246e-06,0
0.5,0,26.863128,-0.0016762827,0,28.156052,-9.086921e-06,0
0.5,0,26.866839,-0.0017680199,0,28.165281,-9.1370268e-06,0
0.5,0,26.870871,-0.0018575421,0,28.174509,-9.1825143e-06,0
0.5,0,26.874896,-0.0019405105,0,28.183738,-9.2235199e-06,0
0.5,0,26.878562,-0.0020122091,0,28.192966,-9.2597591e-06,0
0.5,0,26.881568,-0.0020705018,0,28.202195,-9.2904367e-06,0
0.5,0,26.883717,-0.0021153273,0,28.211423,-9.3141758e-06,0
0.5,0,26.884952,-0.0021477723,0,28.220651,-9.3291492e-06,0
0.5,0,26.885347,-0.0021692965,0,28.22988,-9.3332634e-06,0
0.5,0,26.885078,-0.0021813736,0,28.239108,-9.324348e-06,0
0.5,0,26.88437,-0.0021859001,0,28.248337,-9.3002999e-06,0
0.5,0,26.883453,-0.0021853975,0,28.257565,-9.2592216e-06,0
0.5,0,26.882526,-0.002183101,0,28.266794,-9.1996166e-06,0
0.5,0,26.88173,-0.0021828432,0,28.276022,-9.1206717e-06,0
0.5,0,26.881145,-0.0021884873,0,28.285251,-9.0225372e-06,0
0.5,0,26.880798,-0.002202558,0,28.294479,-8.9064515e-06,0
0.5,0,26.880673,-0.0022248089,0,28.303708,-8.7746559e-06,0
0.5,0,26.880733,-0.0022519839,0,28.312936,-8.6301399e-06,0
0.5,0,26.880923,-0.0022790051,0,28.322165,-8.4763759e-06,0
0.5,0,26.881184,-0.0023012154,0,28.331393,-8.3172114e-06,0
0.5,0,26.881475,-0.002316862,0,28.340622,-8.1569784e-06,0
0.5,0,26.881686,-0.0023308131,0,28.34985,-8.0010529e-06,0
0.5,0,26.882042,-0.002343302,0,28.359078,-7.8553425e-06,0
0.5,0,26.882355,-0.0023339843,0,28.368307,-7.724347e-06,0
0.5,0,26.882454,-0.0022966682,0,28.377535,-7.6107311e-06,0
0.5,0,26.882683,-0.0022409472,0,28.386764,-7.5162449e-06,0
0.5,0,26.883058,-0.0021658738,0,28.395992,-7.441595e-06,0
0.5,0,26.883656,-0.0020726284,0,28.405221,-7.386094e-06,0
0.5,0,26.88456,-0.0019659179,0,28.414449,-7.3480022e-06,0
0.5,0,26.885798,-0.0018515604,0,28.423678,-7.3248672e-06,0
0.5,0,26.887378,-0.0017362758,0,28.432906,-7.3138303e-06,0
0.5,0,26.889293,-0.0016269309,0,28.442135,-7.3118204e-06,0
0.5,0,26.891528,-0.0015294005,0,28.451363,-7.3155585e-06,0
0.5,0,26.894069,-0.0014481067,0,28.460592,-7.3215347e-06,0
0.5,0,26.896916,-0.0013859009,0,28.46982,-7.3260212e-06,0
0.5,0,26.900084,-0.0013443436,0,28.479049,-7.3250953e-06,0
0.5,0,26.903579,-0.0013245455,0,28.488277,-7.3146637e-06,0
0.5,0,26.90739,-0.0013274004,0,28.497505,-7.2905644e-06,0
0.5,0,26.911485,-0.0013533031,0,28.506734,-7.2488036e-06,0
0.5,0,26.915815,-0.0014020575,0,28.515962,-7.185864e-06,0
0.5,0,26.920307,-0.0014726907,0,28.525191,-7.0989701e-06,0
0.5,0,26.924865,-0.0015629587,0,28.534419,-6.9862695e-06,0
0.5,0,26.929371,-0.001669504,0,28.543648,-6.8468993e-06,0
0.5,0,26.933706,-0.0017880045,0,28.552876,-6.6808781e-06,0
0.5,0,26.937769,-0.0019128083,0,28.562105,-6.4890203e-06,0
0.5,0,26.941485,-0.0020380255,0,28.571333,-6.2729722e-06,0
0.5,0,26.944822,-0.0021596447,0,28.580562,-6.0353694e-06,0
0.5,0,26.947768,-0.0022767556,0,28.58979,-5.7800904e-06,0
0.5,0,26.950342,-0.0023884062,0,28.599019,-5.512222e-06,0
0.5,0,26.952558,-0.0024894551,0,28.608247,-5.2375418e-06,0
0.5,0,26.954421,-0.0025735582,0,28.617476,-4.9618038e-06,0
0.5,0,26.955951,-0.0026376389,0,28.626704,-4.6903414e-06,0
0.5,0,26.957129,-0.0026806632,0,28.635932,-4.4280289e-06,0
0.5,0,26.957907,-0.0027011913,0,28.645161,-4.1792086e-06,0
0.5,0,26.958228,-0.0026989436,0,28.654389,-3.9475297e-06,0
0.5,0,26.958052,-0.0026767212,0,28.663618,-3.7358351e-06,0
0.5,0,26.957371,-0.0026386785,0,28.672846,-3.5461264e-06,0
0.5,0,26.956216,-0.0025879014,0,28.682075,-3.3795222e-06,0
0.5,0,26.954669,-0.0025256488,0,28.691303,-3.2361412e-06,0
0.5,0,26.952849,-0.0024521147,0,28.700532,-3.1149979e-06,0
0.5,0,26.950898,-0.0023682971,0,28.70976,-3.0140982e-06,0
0.5,0,26.948946,-0.0022770675,0,28.718989,-2.9308536e-06,0
0.5,0,26.94709,-0.0021826791,0,28.728217,-2.8626285e-06,0
0.5,0,26.945371,-0.0020901342,0,28.737446,-2.8071507e-06,0
0.5,0,26.943775,-0.0020041095,0,28.746674,-2.7627971e-06,0
0.5,0,26.942246,-0.0019276391,0,28.755903,-2.7287337e-06,0
0.5,0,26.940711,-0.0018613925,0,28.765131,-2.704812e-06,0
0.5,0,26.939103,-0.0018037223,0,28.774359,-2.6912794e-06,0
0.5,0,26.937377,-0.001751399,0,28.783588,-2.6884855e-06,0
0.5,0,26.935524,-0.0017019644,0,28.792816,-2.6966535e-06,0
0.5,0,26.933572,-0.0016545497,0,28.802045,-2.7158774e-06,0
0.5,0,26.931573,-0.001609026,0,28.811273,-2.7461226e-06,0
0.5,0,26.929587,-0.0015648649,0,28.820502,-2.7869926e-06,0
0.5,0,26.92767,-0.0015200508,0,28.82973,-2.8374448e-06,0
0.5,0,26.925877,-0.0014730187,0,28.838959,-2.8954562e-06,0
0.5,0,26.92426,-0.0014245266,0,28.848187,-2.9578681e-06,0
0.5,0,26.922876,-0.0013775327,0,28.857416,-3.0206243e-06,0
0.5,0,26.92178,-0.0013358836,0,28.866644,-3.0790818e-06,0
0.5,0,26.921033,-0.001302791,0,28.875873,-3.1281464e-06,0
0.5,0,26.920696,-0.001280849,0,28.885101,-3.1624193e-06,0
0.5,0,26.920817,-0.0012730563,0,28.89433,-3.176503e-06,0
0.5,0,26.921419,-0.0012829414,0,28.903558,-3.1654867e-06,0
0.5,0,26.92249,-0.0013138208,0,28.912786,-3.1254017e-06,0
0.5,0,26.923982,-0.0013682396,0,28.922015,-3.0535149e-06,0
0.5,0,26.925823,-0.0014478084,0,28.931243,-2.9485397e-06,0
0.5,0,26.927925,-0.0015515456,0,28.940472,-2.8106795e-06,0
0.5,0,26.930194,-0.0016726815,0,28.9497,-2.6412253e-06,0
0.5,0,26.932536,-0.0017989464,0,28.958929,-2.4417821e-06,0
0.5,0,26.93487,-0.0019192595,0,28.968157,-2.2139118e-06,0
0.5,0,26.937131,-0.002030998,0,28.977386,-1.959713e-06,0
0.5,0,26.939266,-0.0021384637,0,28.986614,-1.6827715e-06,0
0.5,0,26.941249,-0.0022446003,0,28.995843,-1.388399e-06,0
0.5,0,26.943067,-0.0023452608,0,29.005071,-1.0825479e-06,0
0.5,0,26.944697,-0.0024361782,0,29.0143,-7.6977022e-07,0
0.5,0,26.946114,-0.0025387717,0,29.023528,-4.5379828e-07,0
0.5,0,26.947316,-0.0026802138,0,29.032757,-1.39332e-07,0
0.5,0,26.947772,-0.0027400935,0,29.036923,-2.5804012e-15,0
0.5,0,26.926841,0.00050310237,0,29.512637,-4.0288235e-07,0
0.5,0,26.927566,0.00068857804,0,29.505545,-2.5804012e-15,0
0.5,0,26.926046,0.0002991425,0,29.521865,-9.4085226e-07,0
0.5,0,26.925251,0.00016562933,0,29.531094,-1.4809166e-06,0
0.5,0,26.924363,5.071226e-05,0,29.540322,-2.0106143e-06,0
0.5,0,26.923402,-6.2599581e-05,0,29.549551,-2.5175649e-06,0
0.5,0,26.922442,-0.00017400922,0,29.558779,-2.9908659e-06,0
0.5,0,26.921561,-0.00027942703,0,29.568008,-3.4212935e-06,0
0.5,0,26.920809,-0.00037499537,0,29.577236,-3.8018769e-06,0
0.5,0,26.920183,-0.00046132595,0,29.586465,-4.1280417e-06,0
0.5,0,26.91961,-0.0005422088,0,29.595693,-4.3975627e-06,0
0.5,0,26.918966,-0.00062003582,0,29.604921,-4.6108086e-06,0
0.5,0,26.918092,-0.00069386886,0,29.61415,-4.770993e-06,0
0.5,0,26.916829,-0.00076090281,0,29.623378,-4.8839425e-06,0
0.5,0,26.915053,-0.00081841618,0,29.632607,-4.9574103e-06,0
0.5,0,26.912701,-0.00086437611,0,29.641835,-5.0003372e-06,0
0.5,0,26.909784,-0.00089691656,0,29.651064,-5.0223242e-06,0
0.5,0,26.906385,-0.00091486019,0,29.660292,-5.0334327e-06,0
0.5,0,26.90264,-0.00091849217,0,29.669521,-5.0440521e-06,0
0.5,0,26.89872,-0.00090765646,0,29.678749,-5.0643323e-06,0
0.5,0,26.8948,-0.00088032207,0,29.687978,-5.1033306e-06,0
0.5,0,26.891045,-0.00083372741,0,29.697206,-5.1683594e-06,0
0.5,0,26.887606,-0.00076543492,0,29.706435,-5.2644638e-06,0
0.5,0,26.88462,-0.00067476527,0,29.715663,-5.3939488e-06,0
0.5,0,26.882206,-0.00056482137,0,29.724892,-5.5564249e-06,0
0.5,0,26.880462,-0.0004425643,0,29.73412,-5.7493092e-06,0
0.5,0,26.879457,-0.00031758114,0,29.743348,-5.9683064e-06,0
0.5,0,26.879216,-0.00020084706,0,29.752577,-6.2077325e-06,0
0.5,0,26.879715,-0.00010354381,0,29.761805,-6.4606799e-06,0
0.5,0,26.880883,-3.6168449e-05,0,29.771034,-6.7191884e-06,0
0.5,0,26.882613,-7.8483441e-06,0,29.780262,-6.9745965e-06,0
0.5,0,26.884784,-2.595506e-05,0,29.789491,-7.2180366e-06,0
0.5,0,26.887276,-9.5897674e-05,0,29.798719,-7.4409837e-06,0
0.5,0,26.889989,-0.00022028994,0,29.807948,-7.6357824e-06,0
0.5,0,26.89284,-0.00039545495,0,29.817176,-7.7957985e-06,0
0.5,0,26.895773,-0.00060822871,0,29.826405,-7.9149041e-06,0
0.5,0,26.898737,-0.00084010144,0,29.835633,-7.9869295e-06,0
0.5,0,26.901652,-0.0010744762,0,29.844862,-8.0060013e-06,0
0.5,0,26.904442,-0.0012997036,0,29.85409,-7.9675323e-06,0
0.5,0,26.907059,-0.0015080997,0,29.863319,-7.8691122e-06,0
0.5,0,26.909455,-0.0016942727,0,29.872547,-7.7107958e-06,0
0.5,0,26.911599,-0.0018534289,0,29.881775,-7.494923e-06,0
0.5,0,26.913491,-0.001980601,0,29.891004,-7.2258972e-06,0
0.5,0,26.915154,-0.0020730067,0,29.900232,-6.9097144e-06,0
0.5,0,26.916618,-0.0021309281,0,29.909461,-6.5534986e-06,0
0.5,0,26.917894,-0.0021563141,0,29.918689,-6.1654304e-06,0
0.5,0,26.918983,-0.0021525209,0,29.927918,-5.754651e-06,0
0.5,0,26.919877,-0.0021252272,0,29.937146,-5.3308557e-06,0
0.5,0,26.920569,-0.0020824387,0,29.946375,-4.9038054e-06,0
0.5,0,26.921058,-0.0020324889,0,29.955603,-4.4829546e-06,0
0.5,0,26.921348,-0.0019818269,0,29.964832,-4.0769734e-06,0
0.5,0,26.921439,-0.0019343099,0,29.97406,-3.6930178e-06,0
0.5,0,26.921327,-0.0018930288,0,29.983289,-3.3361168e-06,0
0.5,0,26.921007,-0.0018624845,0,29.992517,-3.0090168e-06,0
0.5,0,26.920483,-0.0018464239,0,30.001746,-2.7122182e-06,0
0.5,0,26.919785,-0.0018436425,0,30.010974,-2.44369e-06,0
0.5,0,26.918972,-0.0018487174,0,30.020202,-2.1984922e-06,0
0.5,0,26.918125,-0.001857593,0,30.029431,-1.969138e-06,0
0.5,0,26.917333,-0.0018716781,0,30.038659,-1.7468896e-06,0
0.5,0,26.916686,-0.0018963327,0,30.047888,-1.5232568e-06,0
0.5,0,26.916271,-0.0019354799,0,30.057116,-1.2908596e-06,0
0.5,0,26.916136,-0.0019868998,0,30.066345,-1.0434458e-06,0
0.5,0,26.916253,-0.0020472343,0,30.075573,-7.7522644e-07,0
0.5,0,26.916534,-0.0021390826,0,30.084802,-4.8198334e-07,0
0.5,0,26.916894,-0.0023026802,0,30.09403,-1.6422863e-07,0
0.5,0,26.917084,-0.002396277,0,30.098508,-2.5804012e-15,0
0.5,0,26.877047,0.00013872483,0,30.57391,-1.5855499e-07,0
0.5,0,26.876719,0.00024240013,0,30.568977,-2.5804012e-15,0
0.5,0,26.877933,-8.3327297e-06,0,30.583139,-4.5830898e-07,0
0.5,0,26.879031,-8.5465404e-05,0,30.592367,-7.5436485e-07,0
0.5,0,26.880277,-0.00012861598,0,30.601596,-1.039723e-06,0
0.5,0,26.88166,-0.0001636072,0,30.610824,-1.3076644e-06,0
0.5,0,26.883206,-0.00020357944,0,30.620053,-1.5527594e-06,0
0.5,0,26.884907,-0.00025527706,0,30.629281,-1.7706453e-06,0
0.5,0,26.886761,-0.00032794328,0,30.63851,-1.9576953e-06,0
0.5,0,26.888744,-0.00042827535,0,30.647738,-2.110884e-06,0
0.5,0,26.890736,-0.00055636617,0,30.656967,-2.2270079e-06,0
0.5,0,26.892636,-0.0007153618,0,30.666195,-2.3027162e-06,0
0.5,0,26.894308,-0.00090083973,0,30.675424,-2.3363719e-06,0
0.5,0,26.895636,-0.0011009042,0,30.684652,-2.3276278e-06,0
0.5,0,26.896619,-0.0013032953,0,30.693881,-2.2742288e-06,0
0.5,0,26.897215,-0.0014919712,0,30.703109,-2.1726759e-06,0
0.5,0,26.897399,-0.0016565514,0,30.712338,-2.021605e-06,0
0.5,0,26.897145,-0.0018001463,0,30.721566,-1.8218e-06,0
0.5,0,26.896587,-0.0019302737,0,30.730794,-1.5756335e-06,0
0.5,0,26.895889,-0.0020413267,0,30.740023,-1.2873667e-06,0
0.5,0,26.895076,-0.0021255055,0,30.749251,-9.6202996e-07,0
0.5,0,26.894223,-0.0022113136,0,30.75848,-6.0603258e-07,0
0.5,0,26.893408,-0.0023507501,0,30.767708,-2.291657e-07,0
0.5,0,26.893002,-0.0024466993,0,30.77319,-2.5804012e-15,0
0.5,0,26.909577,-0.00018357656,0,31.792068,-3.9930781e-08,0
0.5,0,26.909049,-0.00025165791,0,31.788565,-2.5804012e-15,0
0.5,0,26.910579,-2.1305076e-06,0,31.801297,-1.2303479e-07,0
0.5,0,26.911297,0.00016101211,0,31.810525,-1.8226628e-07,0
0.5,0,26.91174,0.00029734624,0,31.819754,-2.1874838e-07,0
0.5,0,26.911873,0.00038849634,0,31.828982,-2.3571194e-07,0
0.5,0,26.91165,0.0004226836,0,31.83821,-2.3683044e-07,0
0.5,0,26.911034,0.00039273222,0,31.847439,-2.2502439e-07,0
0.5,0,26.910004,0.00029794106,0,31.856667,-2.0245151e-07,0
0.5,0,26.90858,0.00014496775,0,31.865896,-1.7138706e-07,0
0.5,0,26.906835,-5.6059164e-05,0,31.875124,-1.3516199e-07,0
0.5,0,26.904921,-0.00028551683,0,31.884353,-9.7798751e-08,0
0.5,0,26.903035,-0.00052297918,0,31.893581,-6.2351169e-08,0
0.5,0,26.901337,-0.00075146707,0,31.90281,-3.2914833e-08,0
0.5,0,26.899878,-0.00096331078,0,31.912038,-1.2239775e-08,0
0.5,0,26.898633,-0.0011293723,0,31.921267,-3.2544933e-09,0
0.5,0,26.89753,-0.0012281814,0,31.930495,-9.3571425e-09,0
0.5,0,26.896457,-0.0012658824,0,31.939724,-3.0077932e-08,0
0.5,0,26.895277,-0.0012397076,0,31.948952,-6.3443381e-08,0
0.5,0,26.893857,-0.0011579448,0,31.958181,-1.0763825e-07,0
0.5,0,26.892142,-0.0010275062,0,31.967409,-1.617259e-07,0
0.5,0,26.890195,-0.00085204223,0,31.976637,-2.241039e-07,0
0.5,0,26.888144,-0.00064412763,0,31.985866,-2.914432e-07,0
0.5,0,26.886097,-0.00042214574,0,31.995094,-3.5938101e-07,0
0.5,0,26.884124,-0.0002035052,0,32.004323,-4.2381969e-07,0
0.5,0,26.882268,-5.0596254e-06,0,32.013551,-4.8116679e-07,0
0.5,0,26.88055,0.00015610782,0,32.02278,-5.2810801e-07,0
0.5,0,26.878966,0.00026559195,0,32.032008,-5.6137204e-07,0
0.5,0,26.877502,0.00031563919,0,32.041237,-5.7761455e-07,0
0.5,0,26.876142,0.00030608476,0,32.050465,-5.7361407e-07,0
0.5,0,26.874874,0.00024084401,0,32.059694,-5.4681439e-07,0
0.5,0,26.873678,0.00012203639,0,32.068922,-4.9623567e-07,0
0.5,0,26.872512,-4.5707264e-05,0,32.078151,-4.2317634e-07,0
0.5,0,26.871315,-0.00024920176,0,32.087379,-3.300332e-07,0
0.5,0,26.870017,-0.00048885332,0,32.096608,-2.1971336e-07,0
0.5,0,26.868551,-0.00075764989,0,32.105836,-9.7427938e-08,0
0.5,0,26.867296,-0.00098066124,0,32.112754,-2.5804012e-15,0
0.5,0,26.840289,8.0405016e-05,0,32.401147,-7.4366307e-08,0
0.5,0,26.84074,0.00010392499,0,32.39743,-2.5804012e-15,0
0.5,0,26.839216,4.4794365e-05,0,32.410375,-2.5077138e-07,0
0.5,0,26.838174,4.659373e-05,0,32.419604,-4.1359246e-07,0
0.5,0,26.837132,6.7081804e-05,0,32.428832,-5.5930649e-07,0
0.5,0,26.836096,8.8119272e-05,0,32.438061,-6.8586839e-07,0
0.5,0,26.835083,9.9958071e-05,0,32.447289,-7.9287066e-07,0
0.5,0,26.834107,9.6609774e-05,0,32.456518,-8.8124053e-07,0
0.5,0,26.833174,7.6107885e-05,0,32.465746,-9.5303437e-07,0
0.5,0,26.832283,3.7860332e-05,0,32.474975,-1.0110863e-06,0
0.5,0,26.831436,-2.1342609e-05,0,32.484203,-1.0583697e-06,0
0.5,0,26.830635,-0.000106726,0,32.493432,-1.0973215e-06,0
0.5,0,26.829892,-0.00022082878,0,32.50266,-1.1291874e-06,0
0.5,0,26.829228,-0.00036035748,0,32.511889,-1.153394e-06,0
0.5,0,26.828668,-0.0005187741,0,32.521117,-1.1673255e-06,0
0.5,0,26.828212,-0.00069154005,0,32.530345,-1.1669611e-06,0
0.5,0,26.827833,-0.0008776057,0,32.539574,-1.1481792e-06,0
0.5,0,26.827493,-0.0010762955,0,32.548802,-1.1078057e-06,0
0.5,0,26.82716,-0.0012831764,0,32.558031,-1.0438271e-06,0
0.5,0,26.82679,-0.0014886997,0,32.567259,-9.5508368e-07,0
0.5,0,26.826323,-0.0016787878,0,32.576488,-8.4085856e-07,0
0.5,0,26.825714,-0.0018353211,0,32.585716,-7.0039582e-07,0
0.5,0,26.824965,-0.0019491348,0,32.594945,-5.3322183e-07,0
0.5,0,26.82412,-0.0020363253,0,32.604173,-3.4156754e-07,0
0.5,0,26.823295,-0.0021238716,0,32.613402,-1.3077663e-07,0
0.5,0,26.822908,-0.0021626463,0,32.618768,-2.5804012e-15,0
0.5,0,26.818418,-9.3987345e-05,0,32.834885,-3.0118702e-07,0
0.5,0,26.818777,-5.3773058e-05,0,32.826279,-2.5804012e-15,0
0.5,0,26.81819,-7.2783919e-05,0,32.844113,-6.0871144e-07,0
0.5,0,26.818036,2.0626687e-05,0,32.853342,-8.9414286e-07,0
0.5,0,26.817869,0.00013507769,0,32.86257,-1.1500499e-06,0
0.5,0,26.81765,0.00024453316,0,32.871799,-1.3701785e-06,0
0.5,0,26.817369,0.00033250694,0,32.881027,-1.5500355e-06,0
0.5,0,26.81703,0.00038306377,0,32.890256,-1.6859995e-06,0
0.5,0,26.816639,0.00038593258,0,32.899484,-1.7752519e-06,0
0.5,0,26.816205,0.00033926089,0,32.908713,-1.8160949e-06,0
0.5,0,26.815741,0.00024826654,0,32.917941,-1.8075633e-06,0
0.5,0,26.815273,0.00012248118,0,32.92717,-1.7484812e-06,0
0.5,0,26.814835,-2.8139948e-05,0,32.936398,-1.6372886e-06,0
0.5,0,26.814453,-0.00019734375,0,32.945626,-1.4732571e-06,0
0.5,0,26.814145,-0.00038061619,0,32.954855,-1.2579592e-06,0
0.5,0,26.813937,-0.00057241521,0,32.964083,-9.9525103e-07,0
0.5,0,26.813877,-0.00078235281,0,32.973312,-6.9083076e-07,0
0.5,0,26.814049,-0.0010318336,0,32.98254,-3.537699e-07,0
0.5,0,26.814572,-0.0013511354,0,32.991628,-2.5804012e-15,0
0.5,0,26.813463,0.0010909158,0,33.28708,-4.4347931e-08,0
0.5,0,26.814491,0.0011877405,0,33.283384,-2.5804012e-15,0
0.5,0,26.810601,0.0008355357,0,33.296308,-1.2532762e-07,0
0.5,0,26.807451,0.00056505947,0,33.305537,-1.7117273e-07,0
0.5,0,26.80407,0.00027579835,0,33.314765,-1.7849218e-07,0
0.5,0,26.800563,-4.5986685e-05,0,33.323994,-1.4412627e-07,0
0.5,0,26.797068,-0.00041692977,0,33.333222,-7.1071627e-08,0
0.5,0,26.794874,-0.00070188741,0,33.339325,-2.5804012e-15,0
0.5,0,26.795738,0.00017727331,0,33.499334,-1.3081387e-07,0
0.5,0,26.795658,5.3478905e-05,0,33.493482,-2.5804012e-15,0
0.5,0,26.795928,0.00036194012,0,33.508563,-3.3305241e-07,0
0.5,0,26.79622,0.00055412766,0,33.517791,-5.2064735e-07,0
0.5,0,26.796592,0.00075671355,0,33.52702,-6.8543068e-07,0
0.5,0,26.797018,0.00095540962,0,33.536248,-8.2016375e-07,0
0.5,0,26.797503,0.0011433568,0,33.545477,-9.1828605e-07,0
0.5,0,26.798111,0.0013157949,0,33.554705,-9.7504482e-07,0
0.5,0,26.798972,0.0014635575,0,33.563934,-9.8817682e-07,0
0.5,0,26.800272,0.0015750838,0,33.573162,-9.5878996e-07,0
0.5,0,26.802238,0.0016380427,0,33.582391,-8.9197118e-07,0
0.5,0,26.805104,0.0016412814,0,33.591619,-7.9597053e-07,0
0.5,0,26.809066,0.0015778313,0,33.600848,-6.8015147e-07,0
0.5,0,26.814242,0.0014418958,0,33.610076,-5.5347551e-07,0
0.5,0,26.820626,0.0012256098,0,33.619305,-4.2470695e-07,0
0.5,0,26.828051,0.00093313433,0,33.628533,-3.0275234e-07,0
0.5,0,26.836193,0.0005937771,0,33.637761,-1.9445955e-07,0
0.5,0,26.844649,0.00021563846,0,33.64699,-1.038462e-07,0
0.5,0,26.852862,-0.00018985747,0,33.656218,-3.8540444e-08,0
0.5,0,26.860165,-0.00060573275,0,33.665447,-1.2095732e-09,0
0.5,0,26.860839,-0.00065019809,0,33.666527,-2.5804012e-15,0
0.5,0,26.869593,-0.0012992463,0,33.683904,-9.3938707e-09,0
0.5,0,26.867732,-0.0011400921,0,33.679222,-2.5804012e-15,0
0.5,0,26.870765,-0.0015691902,0,33.693132,-5.349688e-08,0
0.5,0,26.86924,-0.0017867838,0,33.702361,-1.1744476e-07,0
0.5,0,26.865091,-0.0019404949,0,33.711589,-1.9568113e-07,0
0.5,0,26.858638,-0.0020205859,0,33.720818,-2.8292884e-07,0
0.5,0,26.850402,-0.002027981,0,33.730046,-3.7497446e-07,0
0.5,0,26.84107,-0.0019801335,0,33.739275,-4.7006262e-07,0
0.5,0,26.831424,-0.0018976235,0,33.748503,-5.6781948e-07,0
0.5,0,26.822186,-0.0017935149,0,33.757732,-6.6742616e-07,0
0.5,0,26.813906,-0.0016715596,0,33.76696,-7.6704922e-07,0
0.5,0,26.80691,-0.0015333688,0,33.776188,-8.640822e-07,0
0.5,0,26.80132,-0.0013818337,0,33.785417,-9.5507723e-07,0
0.5,0,26.797084,-0.0012183329,0,33.794645,-1.0356637e-06,0
0.5,0,26.794001,-0.0010404325,0,33.803874,-1.1007496e-06,0
0.5,0,26.791763,-0.00084200947,0,33.813102,-1.1450245e-06,0
0.5,0,26.790045,-0.00061584825,0,33.822331,-1.1633836e-06,0
0.5,0,26.788596,-0.00035680177,0,33.831559,-1.15083e-06,0
0.5,0,26.787284,-6.4582554e-05,0,33.840788,-1.1021802e-06,0
0.5,0,26.786074,0.00025468051,0,33.850016,-1.0125009e-06,0
0.5,0,26.784985,0.00058752583,0,33.859245,-8.7850275e-07,0
0.5,0,26.784056,0.00091108799,0,33.868473,-6.9997359e-07,0
0.5,0,26.783336,0.0011896445,0,33.877702,-4.8018257e-07,0
0.5,0,26.782908,0.0013680172,0,33.88693,-2.2565555e-07,0
0.5,0,26.782889,0.0014335812,0,33.894353,-2.5804012e-15,0
0.5,0,26.723058,-0.00081914231,0,35.437313,-1.5559587e-07,0
0.5,0,26.724341,-0.00087042053,0,35.434363,-2.5804012e-15,0
0.5,0,26.719565,-0.00058970662,0,35.446541,-5.4600605e-07,0
0.5,0,26.716728,-0.00028577326,0,35.455769,-8.3330711e-07,0
0.5,0,26.714697,4.9049644e-05,0,35.464998,-1.0147798e-06,0
0.5,0,26.713612,0.00035075197,0,35.474226,-1.0880263e-06,0
0.5,0,26.71356,0.00059929155,0,35.483455,-1.0556108e-06,0
0.5,0,26.714503,0.00078979065,0,35.492683,-9.2536987e-07,0
0.5,0,26.716328,0.00090800917,0,35.501912,-7.0795703e-07,0
0.5,0,26.718907,0.00091761467,0,35.51114,-4.1513734e-07,0
0.5,0,26.722108,0.00079068061,0,35.520369,-5.999252e-08,0
0.5,0,26.722643,0.0007612123,0,35.521741,-2.5804012e-15,0
0.5,0,26.712407,-0.0020494658,0,36.000249,-3.0300637e-07,0
0.5,0,26.713607,-0.0019715471,0,35.996314,-2.5804012e-15,0
0.5,0,26.710249,-0.0021451295,0,36.009477,-9.6821399e-07,0
0.5,0,26.708629,-0.0020917479,0,36.018706,-1.5907573e-06,0
0.5,0,26.707476,-0.0019569174,0,36.027934,-2.1729768e-06,0
0.5,0,26.706799,-0.0018023925,0,36.037163,-2.7114095e-06,0
0.5,0,26.706556,-0.0016375675,0,36.046391,-3.2005291e-06,0
0.5,0,26.706621,-0.0014527597,0,36.05562,-3.6346296e-06,0
0.5,0,26.706843,-0.0012452607,0,36.064848,-4.0062919e-06,0
0.5,0,26.707115,-0.0010204177,0,36.074077,-4.3046645e-06,0
0.5,0,26.707359,-0.00078297913,0,36.083305,-4.5154875e-06,0
0.5,0,26.707527,-0.00052499787,0,36.092534,-4.6226676e-06,0
0.5,0,26.707611,-0.00023328489,0,36.101762,-4.6111495e-06,0
0.5,0,26.707615,9.1032803e-05,0,36.110991,-4.4697946e-06,0
0.5,0,26.707579,0.00043451656,0,36.120219,-4.1916161e-06,0
0.5,0,26.707577,0.00078615544,0,36.129448,-3.7726028e-06,0
0.5,0,26.707713,0.0011437161,0,36.138676,-3.2112606e-06,0
0.5,0,26.708116,0.0015071735,0,36.147904,-2.5082586e-06,0
0.5,0,26.70895,0.0018423933,0,36.157133,-1.66506e-06,0
0.5,0,26.710474,0.0020186277,0,36.166361,-6.8653017e-07,0
0.5,0,26.711972,0.0020768081,0,36.172096,-2.5804012e-15,0
0.5,0,26.693782,-0.0031028675,0,36.609328,-4.8430831e-07,0
0.5,0,26.693229,-0.0030118432,0,36.606155,-2.5804012e-15,0
0.5,0,26.695624,-0.00334212,0,36.618556,-1.844099e-06,0
0.5,0,26.697076,-0.0033645997,0,36.627785,-3.1517225e-06,0
0.5,0,26.697745,-0.0032581366,0,36.637013,-4.4039311e-06,0
0.5,0,26.697528,-0.0031213506,0,36.646242,-5.5887687e-06,0
0.5,0,26.696423,-0.0029518837,0,36.65547,-6.6927141e-06,0
0.5,0,26.694508,-0.0027247406,0,36.664699,-7.7055573e-06,0
0.5,0,26.691988,-0.0024468174,0,36.673927,-8.6183265e-06,0
0.5,0,26.689181,-0.0021436279,0,36.683156,-9.4209119e-06,0
0.5,0,26.686471,-0.0018320801,0,36.692384,-1.0102196e-05,0
0.5,0,26.684225,-0.0015108675,0,36.701612,-1.0652945e-05,0
0.5,0,26.682744,-0.001172901,0,36.710841,-1.1069149e-05,0
0.5,0,26.682228,-0.00082168682,0,36.720069,-1.135221e-05,0
0.5,0,26.682751,-0.00047521274,0,36.729298,-1.1506658e-05,0
0.5,0,26.684245,-0.00014919202,0,36.738526,-1.1538084e-05,0
0.5,0,26.686526,0.00015612414,0,36.747755,-1.1451743e-05,0
0.5,0,26.689318,0.00045000523,0,36.756983,-1.1250447e-05,0
0.5,0,26.692288,0.00074426058,0,36.766212,-1.0931845e-05,0
0.5,0,26.69508,0.0010519799,0,36.77544,-1.0487381e-05,0
0.5,0,26.697387,0.0013851025,0,36.784669,-9.9043272e-06,0
0.5,0,26.699012,0.0017536721,0,36.793897,-9.1695766e-06,0
0.5,0,26.699899,0.0021640315,0,36.803126,-8.2724269e-06,0
0.5,0,26.700137,0.0026164849,0,36.812354,-7.2049239e-06,0
0.5,0,26.699943,0.0031050983,0,36.821583,-5.9613395e-06,0
0.5,0,26.699626,0.0036145848,0,36.830811,-4.5382611e-06,0
0.5,0,26.699569,0.0040752008,0,36.840039,-2.9347199e-06,0
0.5,0,26.700261,0.0042886242,0,36.849268,-1.1586286e-06,0
0.5,0,26.701301,0.0043469282,0,36.854804,-2.5804012e-15,0
0.5,0,26.704972,-0.0082002693,0,37.310691,-2.6128396e-06,0
0.5,0,26.705525,-0.0074194011,0,37.303377,-2.5804012e-15,0
0.5,0,26.704448,-0.0090051894,0,37.31992,-5.9583974e-06,0
0.5,0,26.703656,-0.0093182202,0,37.329148,-9.3380784e-06,0
0.5,0,26.702448,-0.0093633474,0,37.338377,-1.2728457e-05,0
0.5,0,26.700921,-0.0092628278,0,37.347605,-1.6088713e-05,0
0.5,0,26.699133,-0.0090149468,0,37.356834,-1.9377813e-05,0
0.5,0,26.697173,-0.0086233215,0,37.366062,-2.255947e-05,0
0.5,0,26.695213,-0.0081376848,0,37.375291,-2.5598284e-05,0
0.5,0,26.693443,-0.0076185634,0,37.384519,-2.8457713e-05,0
0.5,0,26.692003,-0.0070874673,0,37.393747,-3.1103562e-05,0
0.5,0,26.690982,-0.0065155564,0,37.402976,-3.3510597e-05,0
0.5,0,26.690423,-0.0058659159,0,37.412204,-3.5664515e-05,0
0.5,0,26.690326,-0.0051393497,0,37.421433,-3.7557164e-05,0
0.5,0,26.690638,-0.0043603232,0,37.430661,-3.9181348e-05,0
0.5,0,26.691262,-0.0035408773,0,37.43989,-4.0530087e-05,0
0.5,0,26.692073,-0.0026791764,0,37.449118,-4.1598252e-05,0
0.5,0,26.692923,-0.0017835334,0,37.458347,-4.2382849e-05,0
0.5,0,26.693656,-0.00087901472,0,37.467575,-4.2882022e-05,0
0.5,0,26.694154,1.0757513e-05,0,37.476804,-4.3094744e-05,0
0.5,0,26.694373,0.00086788915,0,37.486032,-4.3021722e-05,0
0.5,0,26.694342,0.0016806163,0,37.495261,-4.2666433e-05,0
0.5,0,26.694139,0.0024391785,0,37.504489,-4.2035035e-05,0
0.5,0,26.693865,0.0031322572,0,37.513718,-4.1135638e-05,0
0.5,0,26.693609,0.0037582418,0,37.522946,-3.9978674e-05,0
0.5,0,26.693425,0.0043324058,0,37.532174,-3.8577315e-05,0
0.5,0,26.693315,0.0048762872,0,37.541403,-3.6945822e-05,0
0.5,0,26.693242,0.005407873,0,37.550631,-3.5095924e-05,0
0.5,0,26.693156,0.0059406296,0,37.55986,-3.3033686e-05,0
0.5,0,26.693027,0.006485379,0,37.569088,-3.0759609e-05,0
0.5,0,26.692851,0.0070473609,0,37.578317,-2.8272212e-05,0
0.5,0,26.692637,0.0076203693,0,37.587545,-2.5573099e-05,0
0.5,0,26.692368,0.0081896149,0,37.596774,-2.2670748e-05,0
0.5,0,26.691995,0.0087405801,0,37.606002,-1.9580181e-05,0
0.5,0,26.691451,0.0092604981,0,37.615231,-1.6318609e-05,0
0.5,0,26.690682,0.0097341805,0,37.624459,-1.2901498e-05,0
0.5,0,26.689678,0.010130311,0,37.633688,-9.341864e-06,0
0.5,0,26.688583,0.010329717,0,37.642916,-5.6526845e-06,0
0.5,0,26.687796,0.010120122,0,37.652145,-1.8598049e-06,0
0.5,0,26.687645,0.0099715676,0,37.656593,-2.5804012e-15,0
0.5,0,26.951135,-0.42808299,0,0.0092284668,0.00041733123,0
0.5,0,27.017081,-0.37549344,0,0.018456934,0.0002775249,0
0.5,0,27.075865,-0.35642693,0,0.0276854,0.00014898852,0
0.5,0,27.139938,-0.343168,0,0.036913867,2.7430104e-05,0
0.5,0,27.069515,0.021201561,0,1.6242102,9.154735e-07,0
0.5,0,27.061987,0.022000906,0,1.6334386,8.7383974e-06,0
0.5,0,27.055197,0.022156265,0,1.6426671,1.6275503e-05,0
0.5,0,27.049034,0.022025973,0,1.6518956,2.3540742e-05,0
0.5,0,27.043194,0.021727253,0,1.661124,3.0557644e-05,0
0.5,0,27.03743,0.021286426,0,1.6703525,3.7341863e-05,0
0.5,0,27.031515,0.020711237,0,1.679581,4.3901399e-05,0
0.5,0,27.02519,0.020014787,0,1.6888094,5.0237548e-05,0
0.5,0,27.018231,0.019239253,0,1.6980379,5.6343925e-05,0
0.5,0,27.010533,0.018444326,0,1.7072664,6.2207364e-05,0
0.5,0,27.002124,0.017674675,0,1.7164948,6.7813624e-05,0
0.5,0,26.993093,0.016951261,0,1.7257233,7.3154963e-05,0
0.5,0,26.983515,0.016293929,0,1.7349518,7.8233988e-05,0
0.5,0,26.973444,0.015730571,0,1.7441802,8.3062336e-05,0
0.5,0,26.962955,0.015264002,0,1.7534087,8.7658847e-05,0
0.5,0,26.952219,0.014841653,0,1.7626372,9.2050097e-05,0
0.5,0,26.941538,0.014384684,0,1.7718656,9.6269416e-05,0
0.5,0,26.931325,0.013849015,0,1.7810941,0.00010035045,0
0.5,0,26.921979,0.013255972,0,1.7903226,0.00010431765,0
0.5,0,26.913828,0.012654879,0,1.799551,0.00010818186,0
0.5,0,26.907097,0.012069156,0,1.8087795,0.00011194398,0
0.5,0,26.901842,0.011494171,0,1.818008,0.00011560124,0
0.5,0,26.897977,0.010932623,0,1.8272364,0.00011914971,0
0.5,0,26.895282,0.010419943,0,1.8364649,0.00012258173,0
0.5,0,26.893415,0.010002493,0,1.8456934,0.00012588355,0
0.5,0,26.891939,0.0096946055,0,1.8549218,0.00012903795,0
0.5,0,26.890362,0.0094655825,0,1.8641503,0.00013203048,0
0.5,0,26.888182,0.0092698092,0,1.8733788,0.00013485419,0
0.5,0,26.884945,0.0090828074,0,1.8826072,0.00013751001,0
0.5,0,26.88031,0.0089037425,0,1.8918357,0.00014000434,0
0.5,0,26.874124,0.008727353,0,1.9010642,0.0001423476,0
0.5,0,26.866475,0.0085212673,0,1.9102926,0.00014455448,0
0.5,0,26.857701,0.0082344492,0,1.9195211,0.00014664372,0
0.5,0,26.848342,0.007828715,0,1.9287496,0.00014863544,0
0.5,0,26.839048,0.007300687,0,1.937978,0.0001505466,0
0.5,0,26.830465,0.0066869966,0,1.9472065,0.00015238632,0
0.5,0,26.823132,0.006051008,0,1.956435,0.00015415398,0
0.5,0,26.817394,0.005455755,0,1.9656634,0.00015584086,0
0.5,0,26.813374,0.004946031,0,1.9748919,0.00015743336,0
0.5,0,26.810961,0.0045428808,0,1.9841204,0.00015891665,0
0.5,0,26.809833,0.0042480128,0,1.9933488,0.00016027749,0
0.5,0,26.809504,0.0040517134,0,2.0025773,0.00016150574,0
0.5,0,26.809396,0.003938409,0,2.0118058,0.0001625952,0
0.5,0,26.808929,0.0038894172,0,2.0210342,0.00016354405,0
0.5,0,26.807614,0.0038832785,0,2.0302627,0.00016435535,0
0.5,0,26.805129,0.0038957023,0,2.0394912,0.00016503679,0
0.5,0,26.801369,0.0039008198,0,2.0487196,0.00016559955,0
0.5,0,26.79646,0.0038734232,0,2.0579481,0.00016605621,0
0.5,0,26.790718,0.0037923139,0,2.0671766,0.00016641827,0
0.5,0,26.784597,0.0036445191,0,2.076405,0.00016669381,0
0.5,0,26.778594,0.0034304065,0,2.0856335,0.00016688595,0
0.5,0,26.77317,0.0031649156,0,2.094862,0.00016699276,0
0.5,0,26.768678,0.0028709572,0,2.1040904,0.00016700913,0
0.5,0,26.765316,0.0025705401,0,2.1133189,0.00016693051,0
0.5,0,26.763128,0.0022814894,0,2.1225474,0.00016675679,0
0.5,0,26.762009,0.0020207235,0,2.1317758,0.00016649433,0
0.5,0,26.761742,0.001807306,0,2.1410043,0.00016615518,0
0.5,0,26.76202,0.0016577463,0,2.1502328,0.0001657543,0
0.5,0,26.762494,0.0015734603,0,2.1594612,0.00016530631,0
0.5,0,26.762825,0.0015292769,0,2.1686897,0.00016482363,0
0.5,0,26.762733,0.0014741639,0,2.1779182,0.00016431596,0
0.5,0,26.762037,0.0013483621,0,2.1871466,0.00016379062,0
0.5,0,26.760648,0.0011092565,0,2.1963751,0.00016325247,0
0.5,0,26.758554,0.00075201779,0,2.2056036,0.00016270319,0
0.5,0,26.755772,0.0003150434,0,2.214832,0.0001621405,0
0.5,0,26.752325,-0.00013330836,0,2.2240605,0.00016155798,0
0.5,0,26.748209,-0.00052091876,0,2.233289,0.00016094625,0
0.5,0,26.743398,-0.0007978517,0,2.2425174,0.00016029505,0
0.5,0,26.737869,-0.00095180002,0,2.2517459,0.00015959564,0
0.5,0,26.731638,-0.0010077067,0,2.2609744,0.00015884263,0
0.5,0,26.724792,-0.0010140679,0,2.2702028,0.00015803484,0
0.5,0,26.717507,-0.0010244005,0,2.2794313,0.00015717493,0
0.5,0,26.710039,-0.0010799842,0,2.2886598,0.00015626814,0
0.5,0,26.702692,-0.0011980372,0,2.2978882,0.00015532005,0
0.5,0,26.695778,-0.0013674359,0,2.3071167,0.0001543339,0
0.5,0,26.689568,-0.001552559,0,2.3163452,0.00015330784,0
0.5,0,26.68425,-0.001705727,0,2.3255736,0.00015223312,0
0.5,0,26.6799,-0.0017856812,0,2.3348021,0.00015109405,0
0.5,0,26.67648,-0.0017722326,0,2.3440306,0.00014987041,0
0.5,0,26.673843,-0.0016704404,0,2.353259,0.00014854237,0
0.5,0,26.671736,-0.001509804,0,2.3624875,0.00014709572,0
0.5,0,26.669868,-0.0013288208,0,2.371716,0.00014552487,0
0.5,0,26.66796,-0.0011570377,0,2.3809444,0.00014383319,0
0.5,0,26.665737,-0.0010086818,0,2.3901729,0.00014203142,0
0.5,0,26.662931,-0.00088189483,0,2.3994014,0.00014013404,0
0.5,0,26.659342,-0.00077049419,0,2.4086298,0.000138156,0
0.5,0,26.654896,-0.00067356032,0,2.4178583,0.00013611122,0
0.5,0,26.649637,-0.0005944507,0,2.4270868,0.00013401209,0
0.5,0,26.643707,-0.00053575797,0,2.4363152,0.00013186948,0
0.5,0,26.637324,-0.00049652297,0,2.4455437,0.000129693,0
0.5,0,26.630771,-0.00047825287,0,2.4547722,0.0001274919,0
0.5,0,26.624376,-0.00049130518,0,2.4640006,0.00012527644,0
0.5,0,26.618486,-0.00055258448,0,2.4732291,0.00012305906,0
0.5,0,26.613426,-0.00067987443,0,2.4824576,0.00012085449,0
0.5,0,26.609471,-0.00088782297,0,2.491686,0.00011867961,0
0.5,0,26.606802,-0.0011819628,0,2.5009145,0.00011655284,0
0.5,0,26.605471,-0.0015532057,0,2.510143,0.00011449271,0
0.5,0,26.605386,-0.001978044,0,2.5193714,0.00011251588,0
0.5,0,26.606301,-0.0024257804,0,2.5285999,0.00011063558,0
0.5,0,26.60785,-0.0028667007,0,2.5378284,0.00010886068,0
0.5,0,26.609607,-0.0032768186,0,2.5470568,0.00010719552,0
0.5,0,26.611153,-0.0036394287,0,2.5562853,0.00010564004,0
0.5,0,26.61215,-0.0039424151,0,2.5655138,0.00010418993,0
0.5,0,26.612396,-0.0041753371,0,2.5747422,0.00010283648,0
0.5,0,26.61184,-0.0043282553,0,2.5839707,0.00010156649,0
0.5,0,26.610574,-0.004392025,0,2.5931992,0.00010036228,0
0.5,0,26.608782,-0.0043599805,0,2.6024276,9.9202011e-05,0
0.5,0,26.606684,-0.0042304637,0,2.6116561,9.806026e-05,0
0.5,0,26.604486,-0.0040096391,0,2.6208846,9.690904e-05,0
0.5,0,26.602343,-0.0037138298,0,2.630113,9.5719554e-05,0
0.5,0,26.600355,-0.0033693834,0,2.6393415,9.4465039e-05,0
0.5,0,26.598585,-0.0030085411,0,2.64857,9.3124536e-05,0
0.5,0,26.597066,-0.0026653461,0,2.6577984,9.1686445e-05,0
0.5,0,26.595849,-0.0023657436,0,2.6670269,9.0150368e-05,0
0.5,0,26.594976,-0.0021221576,0,2.6762554,8.8526506e-05,0
0.5,0,26.594461,-0.0019349763,0,2.6854838,8.6832461e-05,0
0.5,0,26.594303,-0.0017961636,0,2.6947123,8.5088042e-05,0
0.5,0,26.594463,-0.0017009448,0,2.7039408,8.3310411e-05,0
0.5,0,26.594895,-0.0016531522,0,2.7131692,8.1511302e-05,0
0.5,0,26.595555,-0.001662237,0,2.7223977,7.9696678e-05,0
0.5,0,26.596393,-0.0017376306,0,2.7316262,7.786865e-05,0
0.5,0,26.597364,-0.0018830643,0,2.7408546,7.6028616e-05,0
0.5,0,26.598428,-0.0020949539,0,2.7500831,7.4180322e-05,0
0.5,0,26.599555,-0.0023653977,0,2.7593116,7.2331962e-05,0
0.5,0,26.600702,-0.0026859336,0,2.76854,7.0496826e-05,0
0.5,0,26.601798,-0.0030481906,0,2.7777685,6.8692383e-05,0
0.5,0,26.602736,-0.0034409015,0,2.786997,6.6937968e-05,0
0.5,0,26.60337,-0.0038460692,0,2.7962254,6.5251536e-05,0
0.5,0,26.603536,-0.0042384746,0,2.8054539,6.3646365e-05,0
0.5,0,26.603079,-0.0045907933,0,2.8146824,6.2128829e-05,0
0.5,0,26.601883,-0.0048822961,0,2.8239108,6.0698124e-05,0
0.5,0,26.599907,-0.0051065244,0,2.8331393,5.9348067e-05,0
0.5,0,26.597215,-0.0052740056,0,2.8423678,5.8070097e-05,0
0.5,0,26.593979,-0.0054084905,0,2.8515962,5.685613e-05,0
0.5,0,26.59047,-0.0055376107,0,2.8608247,5.5700152e-05,0
0.5,0,26.587018,-0.005681113,0,2.8700532,5.4598234e-05,0
0.5,0,26.583949,-0.0058414195,0,2.8792816,5.3547423e-05,0
0.5,0,26.581527,-0.0060006852,0,2.8885101,5.2544225e-05,0
0.5,0,26.579893,-0.0061257663,0,2.8977386,5.1583212e-05,0
0.5,0,26.579048,-0.0061795055,0,2.906967,5.0656019e-05,0
0.5,0,26.57887,-0.0061342995,0,2.9161955,4.9750958e-05,0
0.5,0,26.579165,-0.0059825366,0,2.925424,4.8853542e-05,0
0.5,0,26.579739,-0.0057405482,0,2.9346524,4.7948245e-05,0
0.5,0,26.580445,-0.005445902,0,2.9438809,4.7021294e-05,0
0.5,0,26.581242,-0.0051466173,0,2.9531094,4.6063702e-05,0
0.5,0,26.582091,-0.004885615,0,2.9623378,4.5073411e-05,0
0.5,0,26.583018,-0.0046908443,0,2.9715663,4.4055458e-05,0
0.5,0,26.584024,-0.0045714087,0,2.9807948,4.3019866e-05,0
0.5,0,26.584961,-0.004521752,0,2.9900232,4.1977977e-05,0
0.5,0,26.585655,-0.0045298497,0,2.9992517,4.0938707e-05,0
0.5,0,26.585892,-0.0045829454,0,3.0084802,3.9906131e-05,0
0.5,0,26.585509,-0.0046740737,0,3.0177086,3.8879328e-05,0
0.5,0,26.584482,-0.0048049053,0,3.0269371,3.7854376e-05,0
0.5,0,26.582977,-0.0049827214,0,3.0361656,3.6827374e-05,0
0.5,0,26.581346,-0.0052129867,0,3.045394,3.5797375e-05,0
0.5,0,26.580054,-0.0054911427,0,3.0546225,3.4768486e-05,0
0.5,0,26.579552,-0.0057989849,0,3.063851,3.3750642e-05,0
0.5,0,26.580133,-0.0061078848,0,3.0730794,3.2758797e-05,0
0.5,0,26.581833,-0.0063872419,0,3.0823079,3.1810584e-05,0
0.5,0,26.584384,-0.0066137443,0,3.0915364,3.0922976e-05,0
0.5,0,26.587256,-0.0067760868,0,3.1007648,3.0108803e-05,0
0.5,0,26.589759,-0.0068736523,0,3.1099933,2.9374305e-05,0
0.5,0,26.591179,-0.0069111175,0,3.1192218,2.871856e-05,0
0.5,0,26.590943,-0.0068934375,0,3.1284502,2.8134602e-05,0
0.5,0,26.588736,-0.0068267929,0,3.1376787,2.7611701e-05,0
0.5,0,26.584579,-0.0067247728,0,3.1469072,2.7137715e-05,0
0.5,0,26.578808,-0.0066131642,0,3.1561356,2.6700423e-05,0
0.5,0,26.571998,-0.0065196006,0,3.1653641,2.6287959e-05,0
0.5,0,26.56483,-0.006473958,0,3.1745926,2.5889036e-05,0
0.5,0,26.557964,-0.0065064978,0,3.183821,2.5493095e-05,0
0.5,0,26.551914,-0.0066262399,0,3.1930495,2.5090691e-05,0
0.5,0,26.546971,-0.0068198587,0,3.202278,2.4674596e-05,0
0.5,0,26.543183,-0.0070615246,0,3.2115064,2.4240667e-05,0
0.5,0,26.540403,-0.0073193589,0,3.2207349,2.3787289e-05,0
0.5,0,26.538365,-0.0075598478,0,3.2299634,2.3313808e-05,0
0.5,0,26.536735,-0.0077491284,0,3.2391918,2.2818923e-05,0
0.5,0,26.535032,-0.0078589255,0,3.2484203,2.2299902e-05,0
0.5,0,26.532952,-0.0078695842,0,3.2576488,2.1752399e-05,0
0.5,0,26.530656,-0.007798938,0,3.2668772,2.117165e-05,0
0.5,0,26.528003,-0.0076966817,0,3.2761057,2.0553849e-05,0
0.5,0,26.524606,-0.0076082951,0,3.2853342,1.9897593e-05,0
0.5,0,26.520275,-0.0075658108,0,3.2945626,1.9206198e-05,0
0.5,0,26.514812,-0.0075759226,0,3.3037911,1.8489171e-05,0
0.5,0,26.508018,-0.007622301,0,3.3130196,1.7762216e-05,0
0.5,0,26.499686,-0.0076830215,0,3.322248,1.7044416e-05,0
0.5,0,26.489649,-0.0077576079,0,3.3314765,1.6352767e-05,0
0.5,0,26.477842,-0.0078823167,0,3.340705,1.5695904e-05,0
0.5,0,26.464362,-0.0081170121,0,3.3499334,1.5069778e-05,0
0.5,0,26.449451,-0.0085071754,0,3.3591619,1.4458532e-05,0
0.5,0,26.4334,-0.0090470167,0,3.3683904,1.3841785e-05,0
0.5,0,26.416464,-0.0096764942,0,3.3776188,1.3205235e-05,0
0.5,0,26.398813,-0.010323892,0,3.3868473,1.2548161e-05,0
0.5,0,26.380543,-0.010961975,0,3.3960758,1.1882614e-05,0
0.5,0,26.361659,-0.011621253,0,3.4053042,1.1225283e-05,0
0.5,0,26.34202,-0.01234093,0,3.4145327,1.0589034e-05,0
0.5,0,26.321313,-0.013110974,0,3.4237612,9.9802397e-06,0
0.5,0,26.29906,-0.013879343,0,3.4329896,9.4002038e-06,0
0.5,0,26.274647,-0.014620002,0,3.4422181,8.8435544e-06,0
0.5,0,26.247364,-0.015367465,0,3.4514466,8.2923712e-06,0
0.5,0,26.216433,-0.01616411,0,3.460675,7.71495e-06,0
0.5,0,26.181071,-0.017010281,0,3.4699035,7.0751808e-06,0
0.5,0,26.140444,-0.017932758,0,3.479132,6.3418377e-06,0
0.5,0,26.093937,-0.019065458,0,3.4883604,5.4901796e-06,0
0.5,0,26.041249,-0.020583399,0,3.4975889,4.5001421e-06,0
0.5,0,25.982704,-0.02255875,0,3.5068174,3.3565146e-06,0
0.5,0,25.921766,-0.024656372,0,3.5160458,2.0752264e-06,0
0.5,0,25.864527,-0.026052482,0,3.5252743,7.3976953e-07,0
0.5,0,26.908565,-0.023810485,0,7.1151479,7.0447103e-07,0
0.5,0,26.92015,-0.023892362,0,7.1243764,4.0550257e-06,0
0.5,0,26.93321,-0.021952579,0,7.1336048,7.4030032e-06,0
0.5,0,26.94556,-0.019862501,0,7.1428333,1.0762664e-05,0
0.5,0,26.957099,-0.018340933,0,7.1520618,1.415869e-05,0
0.5,0,26.968093,-0.017275523,0,7.1612902,1.7597147e-05,0
0.5,0,26.978636,-0.016338173,0,7.1705187,2.105645e-05,0
0.5,0,26.988523,-0.015356844,0,7.1797472,2.4502557e-05,0
0.5,0,26.997437,-0.014423263,0,7.1889756,2.7914617e-05,0
0.5,0,27.005186,-0.013682905,0,7.1982041,3.1290921e-05,0
0.5,0,27.011695,-0.013158615,0,7.2074326,3.4641107e-05,0
0.5,0,27.016998,-0.012753571,0,7.216661,3.7971084e-05,0
0.5,0,27.021243,-0.012329223,0,7.2258895,4.1271562e-05,0
0.5,0,27.02468,-0.011798436,0,7.235118,4.4519471e-05,0
0.5,0,27.027664,-0.011174365,0,7.2443464,4.7690864e-05,0
0.5,0,27.030625,-0.010540133,0,7.2535749,5.0774804e-05,0
0.5,0,27.034016,-0.0099780106,0,7.2628034,5.3777835e-05,0
0.5,0,27.03822,-0.0095279197,0,7.2720318,5.671755e-05,0
0.5,0,27.043494,-0.0091986607,0,7.2812603,5.9612992e-05,0
0.5,0,27.049949,-0.0089888606,0,7.2904888,6.2479494e-05,0
0.5,0,27.057591,-0.0089084163,0,7.2997172,6.5329281e-05,0
0.5,0,27.066338,-0.0089209523,0,7.3089457,6.8173323e-05,0
0.5,0,27.075789,-0.0090038742,0,7.3181742,7.1019345e-05,0
0.5,0,27.085223,-0.0091438564,0,7.3274026,7.3879875e-05,0
0.5,0,27.093987,-0.0093083627,0,7.3366311,7.6767613e-05,0
0.5,0,27.10151,-0.0094842456,0,7.3458596,7.9682616e-05,0
0.5,0,27.107221,-0.0096262977,0,7.355088,8.2615461e-05,0
0.5,0,27.110654,-0.0096783803,0,7.3643165,8.5547937e-05,0
0.5,0,27.111457,-0.0095857995,0,7.373545,8.8455772e-05,0
0.5,0,27.10943,-0.0093347661,0,7.3827734,9.1313661e-05,0
0.5,0,27.104604,-0.0089551858,0,7.3920019,9.4096877e-05,0
0.5,0,27.09724,-0.0084774871,0,7.4012304,9.6780421e-05,0
0.5,0,27.087806,-0.0079244948,0,7.4104588,9.934018e-05,0
0.5,0,27.076906,-0.0073186655,0,7.4196873,0.00010175528,0
0.5,0,27.06517,-0.0066778558,0,7.4289158,0.00010400864,0
0.5,0,27.053198,-0.0060149632,0,7.4381442,0.00010608669,0
0.5,0,27.041514,-0.005350627,0,7.4473727,0.00010797946,0
0.5,0,27.030537,-0.004723835,0,7.4566012,0.00010968129,0
0.5,0,27.020575,-0.0041838209,0,7.4658296,0.00011119196,0
0.5,0,27.011804,-0.0037695804,0,7.4750581,0.00011251729,0
0.5,0,27.004274,-0.0034884542,0,7.4842866,0.00011366843,0
0.5,0,26.997912,-0.0033141296,0,7.493515,0.00011466006,0
0.5,0,26.992546,-0.0032042568,0,7.5027435,0.00011550894,0
0.5,0,26.987943,-0.0031225501,0,7.511972,0.00011623345,0
0.5,0,26.983865,-0.0030511514,0,7.5212004,0.00011685327,0
0.5,0,26.980111,-0.0029884394,0,7.5304289,0.00011738836,0
0.5,0,26.976554,-0.0029385896,0,7.5396574,0.00011785715,0
0.5,0,26.973144,-0.0029030168,0,7.5488858,0.00011827448,0
0.5,0,26.96989,-0.0028754557,0,7.5581143,0.00011865015,0
0.5,0,26.966823,-0.0028423405,0,7.5673428,0.00011898847,0
0.5,0,26.963962,-0.0027873129,0,7.5765712,0.00011928842,0
0.5,0,26.961296,-0.0026954249,0,7.5857997,0.00011954416,0
0.5,0,26.958782,-0.0025549719,0,7.5950282,0.00011974504,0
0.5,0,26.956373,-0.0023541094,0,7.6042566,0.00011987515,0
0.5,0,26.954039,-0.0020752703,0,7.6134851,0.00011991306,0
0.5,0,26.951789,-0.0016951327,0,7.6227136,0.00011983326,0
0.5,0,26.949672,-0.0011960161,0,7.631942,0.00011960961,0
0.5,0,26.947766,-0.00058343422,0,7.6411705,0.00011922049,0
0.5,0,26.94617,0.00010038507,0,7.650399,0.00011865419,0
0.5,0,26.944985,0.00078115076,0,7.6596274,0.00011791189,0
0.5,0,26.944294,0.0013746207,0,7.6688559,0.00011700681,0
0.5,0,26.944146,0.0018177779,0,7.6780844,0.00011595914,0
0.5,0,26.944527,0.0020987758,0,7.6873128,0.00011478911,0
0.5,0,26.945339,0.0022637769,0,7.6965413,0.00011351214,0
0.5,0,26.946397,0.002395897,0,7.7057698,0.00011213831,0
0.5,0,26.947452,0.0025719421,0,7.7149982,0.00011067584,0
0.5,0,26.948248,0.0028183043,0,7.7242267,0.00010913479,0
0.5,0,26.948589,0.0030997487,0,7.7334552,0.00010752786,0
0.5,0,26.948372,0.0033484951,0,7.7426836,0.00010586809,0
0.5,0,26.947613,0.0035143895,0,7.7519121,0.00010416599,0
0.5,0,26.946472,0.0035911743,0,7.7611406,0.0001024282,0
0.5,0,26.945245,0.0035989283,0,7.770369,0.00010065681,0
0.5,0,26.944266,0.0035853294,0,7.7795975,9.8847961e-05,0
0.5,0,26.943772,0.0036142096,0,7.788826,9.6994818e-05,0
0.5,0,26.943904,0.0037146329,0,7.7980544,9.5089123e-05,0
0.5,0,26.944694,0.0038896148,0,7.8072829,9.3118975e-05,0
0.5,0,26.946004,0.0041414942,0,7.8165114,9.1068174e-05,0
0.5,0,26.947573,0.0044696577,0,7.8257398,8.8916626e-05,0
0.5,0,26.949098,0.0048784245,0,7.8349683,8.6644832e-05,0
0.5,0,26.950306,0.0053744437,0,7.8441968,8.4240137e-05,0
0.5,0,26.951014,0.005944655,0,7.8534252,8.1701015e-05,0
0.5,0,26.951179,0.0065446085,0,7.8626537,7.903659e-05,0
0.5,0,26.950902,0.0071117145,0,7.8718822,7.6262128e-05,0
0.5,0,26.950392,0.007585213,0,7.8811106,7.3393906e-05,0
0.5,0,26.949905,0.0079187595,0,7.8903391,7.0447296e-05,0
0.5,0,26.949675,0.0080871796,0,7.8995676,6.7439481e-05,0
0.5,0,26.949855,0.008086355,0,7.908796,6.4394102e-05,0
0.5,0,26.950496,0.0079236772,0,7.9180245,6.134313e-05,0
0.5,0,26.951565,0.0076077753,0,7.927253,5.83231e-05,0
0.5,0,26.953011,0.007148188,0,7.9364814,5.5366942e-05,0
0.5,0,26.954823,0.0065701894,0,7.9457099,5.2496214e-05,0
0.5,0,26.957078,0.0059266632,0,7.9549384,4.9717746e-05,0
0.5,0,26.959915,0.0052949549,0,7.9641668,4.7026157e-05,0
0.5,0,26.963487,0.0047592766,0,7.9733953,4.4410393e-05,0
0.5,0,26.967859,0.0043898368,0,7.9826238,4.1859227e-05,0
0.5,0,26.972978,0.0042256563,0,7.9918522,3.9362764e-05,0
0.5,0,26.978663,0.0042598541,0,8.0010807,3.6909498e-05,0
0.5,0,26.984682,0.0044462102,0,8.0103092,3.4482711e-05,0
0.5,0,26.990922,0.0047224645,0,8.0195376,3.2060325e-05,0
0.5,0,26.997358,0.0050290482,0,8.0287661,2.9618918e-05,0
0.5,0,27.003975,0.0053307446,0,8.0379946,2.7138867e-05,0
0.5,0,27.010683,0.0056194451,0,8.047223,2.461142e-05,0
0.5,0,27.017286,0.005873742,0,8.0564515,2.2041555e-05,0
0.5,0,27.023445,0.0060600429,0,8.06568,1.9442475e-05,0
0.5,0,27.028625,0.0061709597,0,8.0749084,1.6831776e-05,0
0.5,0,27.032123,0.0062120274,0,8.0841369,1.4231381e-05,0
0.5,0,27.033177,0.0061772785,0,8.0933654,1.1668252e-05,0
0.5,0,27.031079,0.0060634027,0,8.1025938,9.1756575e-06,0
0.5,0,27.025321,0.0058790423,0,8.1118223,6.794284e-06,0
0.5,0,27.015765,0.0056083698,0,8.1210508,4.5692019e-06,0
0.5,0,27.002839,0.0050240485,0,8.1302792,2.5359362e-06,0
0.5,0,26.988193,0.0036957892,0,8.1395077,6.9217539e-07,0
0.5,0,26.92412,-0.011243246,0,8.3240771,8.5446034e-07,0
0.5,0,26.928796,-0.011760875,0,8.3333055,2.5780136e-06,0
0.5,0,26.934883,-0.011548149,0,8.342534,4.4049586e-06,0
0.5,0,26.941664,-0.011115063,0,8.3517625,6.3327767e-06,0
0.5,0,26.948904,-0.010654355,0,8.3609909,8.360203e-06,0
0.5,0,26.956508,-0.010196939,0,8.3702194,1.0481953e-05,0
0.5,0,26.964366,-0.0097456466,0,8.3794479,1.2690314e-05,0
0.5,0,26.97235,-0.0093280763,0,8.3886763,1.4977428e-05,0
0.5,0,26.980341,-0.0090063196,0,8.3979048,1.7340323e-05,0
0.5,0,26.988227,-0.0088414296,0,8.4071333,1.9784079e-05,0
0.5,0,26.995903,-0.0088510194,0,8.4163617,2.2319304e-05,0
0.5,0,27.00326,-0.0090010768,0,8.4255902,2.495532e-05,0
0.5,0,27.010186,-0.0092212078,0,8.4348187,2.7694663e-05,0
0.5,0,27.016562,-0.009446345,0,8.4440471,3.0530933e-05,0
0.5,0,27.022264,-0.0096240093,0,8.4532756,3.345e-05,0
0.5,0,27.027197,-0.0097098473,0,8.4625041,3.643244e-05,0
0.5,0,27.031327,-0.0096870112,0,8.4717325,3.9454334e-05,0
0.5,0,27.034656,-0.0095503527,0,8.480961,4.2488595e-05,0
0.5,0,27.037204,-0.0092960751,0,8.4901895,4.5507399e-05,0
0.5,0,27.039012,-0.0089345405,0,8.4994179,4.8485507e-05,0
0.5,0,27.040133,-0.0085012678,0,8.5086464,5.1403413e-05,0
0.5,0,27.040632,-0.0080458793,0,8.5178749,5.4248611e-05,0
0.5,0,27.040608,-0.0076103416,0,8.5271033,5.7014486e-05,0
0.5,0,27.040204,-0.0072172056,0,8.5363318,5.9698272e-05,0
0.5,0,27.039571,-0.0068739091,0,8.5455603,6.2299679e-05,0
0.5,0,27.038855,-0.0065875989,0,8.5547887,6.4820149e-05,0
0.5,0,27.038203,-0.0063741683,0,8.5640172,6.726177e-05,0
0.5,0,27.037776,-0.0062445028,0,8.5732457,6.9625864e-05,0
0.5,0,27.037697,-0.0061876054,0,8.5824741,7.1912257e-05,0
0.5,0,27.037997,-0.0061728213,0,8.5917026,7.4118333e-05,0
0.5,0,27.038678,-0.0061662131,0,8.6009311,7.6237817e-05,0
0.5,0,27.039767,-0.0061291378,0,8.6101595,7.825977e-05,0
0.5,0,27.041258,-0.0060234869,0,8.619388,8.0171751e-05,0
0.5,0,27.043072,-0.0058392281,0,8.6286165,8.1962771e-05,0
0.5,0,27.045096,-0.0055840315,0,8.6378449,8.3622283e-05,0
0.5,0,27.047172,-0.0052606572,0,8.6470734,8.5140215e-05,0
0.5,0,27.049108,-0.0048679541,0,8.6563019,8.6506998e-05,0
0.5,0,27.0507,-0.0044052484,0,8.6655303,8.7713114e-05,0
0.5,0,27.05174,-0.0038748722,0,8.6747588,8.874888e-05,0
0.5,0,27.052025,-0.0032845952,0,8.6839873,8.9604658e-05,0
0.5,0,27.051366,-0.0026472077,0,8.6932157,9.0271143e-05,0
0.5,0,27.049612,-0.0019800836,0,8.7024442,9.0739893e-05,0
0.5,0,27.046685,-0.001308743,0,8.7116727,9.1004483e-05,0
0.5,0,27.042612,-0.00066629783,0,8.7209011,9.1062239e-05,0
0.5,0,27.037553,-8.213762e-05,0,8.7301296,9.0915189e-05,0
0.5,0,27.031803,0.00042980404,0,8.7393581,9.0569335e-05,0
0.5,0,27.025769,0.00087265898,0,8.7485865,9.0033233e-05,0
0.5,0,27.019921,0.001259524,0,8.757815,8.9316893e-05,0
0.5,0,27.014732,0.0016024213,0,8.7670435,8.843138e-05,0
0.5,0,27.010614,0.0019066298,0,8.7762719,8.7388847e-05,0
0.5,0,27.007862,0.002174875,0,8.7855004,8.6202077e-05,0
0.5,0,27.006606,0.0024144397,0,8.7947289,8.4883182e-05,0
0.5,0,27.00679,0.0026399379,0,8.8039573,8.3441947e-05,0
0.5,0,27.008164,0.0028696327,0,8.8131858,8.188452e-05,0
0.5,0,27.010309,0.0031189729,0,8.8224143,8.0212908e-05,0
0.5,0,27.012664,0.0033969161,0,8.8316427,7.8425342e-05,0
0.5,0,27.014576,0.0037069982,0,8.8408712,7.6517288e-05,0
0.5,0,27.015374,0.0040520164,0,8.8500997,7.448274e-05,0
0.5,0,27.014443,0.0044375031,0,8.8593281,7.2315513e-05,0
0.5,0,27.011299,0.0048697872,0,8.8685566,7.0010545e-05,0
0.5,0,27.005679,0.005349072,0,8.8777851,6.7565333e-05,0
0.5,0,26.997559,0.0058647978,0,8.8870135,6.4981453e-05,0
0.5,0,26.987178,0.0063935953,0,8.896242,6.2265527e-05,0
0.5,0,26.975068,0.0069015821,0,8.9054705,5.9429725e-05,0
0.5,0,26.961986,0.0073510008,0,8.9146989,5.6491709e-05,0
0.5,0,26.948812,0.0077052242,0,8.9239274,5.3474169e-05,0
0.5,0,26.936426,0.007935591,0,8.9331559,5.0404099e-05,0
0.5,0,26.925606,0.0080287156,0,8.9423843,4.7311586e-05,0
0.5,0,26.91694,0.0079871171,0,8.9516128,4.4228459e-05,0
0.5,0,26.910783,0.0078225683,0,8.9608413,4.1186336e-05,0
0.5,0,26.907244,0.0075508005,0,8.9700697,3.8214621e-05,0
0.5,0,26.906216,0.0071915005,0,8.9792982,3.5339695e-05,0
0.5,0,26.907443,0.0067668534,0,8.9885267,3.2584223e-05,0
0.5,0,26.910569,0.0062984301,0,8.9977551,2.9965907e-05,0
0.5,0,26.915195,0.0058079387,0,9.0069836,2.7496628e-05,0
0.5,0,26.920902,0.0053197526,0,9.0162121,2.5182199e-05,0
0.5,0,26.927259,0.004860631,0,9.0254405,2.3022809e-05,0
0.5,0,26.933844,0.0044552489,0,9.034669,2.1014066e-05,0
0.5,0,26.940253,0.0041216151,0,9.0438975,1.9148645e-05,0
0.5,0,26.946127,0.0038671392,0,9.0531259,1.7418124e-05,0
0.5,0,26.951161,0.0036862401,0,9.0623544,1.5814546e-05,0
0.5,0,26.955135,0.0035611433,0,9.0715829,1.4332241e-05,0
0.5,0,26.957931,0.0034639108,0,9.0808113,1.2969607e-05,0
0.5,0,26.959539,0.0033537188,0,9.0900398,1.1730176e-05,0
0.5,0,26.960062,0.0031771864,0,9.0992683,1.0623045e-05,0
0.5,0,26.95969,0.0028801532,0,9.1084967,9.6630223e-06,0
0.5,0,26.95866,0.0024199715,0,9.1177252,8.8698492e-06,0
0.5,0,26.957217,0.0017740388,0,9.1269537,8.2659093e-06,0
0.5,0,26.955559,0.00094488269,0,9.1361821,7.8733763e-06,0
0.5,0,26.953805,-3.860116e-05,0,9.1454106,7.7114424e-06,0
0.5,0,26.951994,-0.0011242201,0,9.1546391,7.7941734e-06,0
0.5,0,26.950152,-0.002249549,0,9.1638675,8.1293133e-06,0
0.5,0,26.948115,-0.0033483022,0,9.173096,8.7178905e-06,0
0.5,0,26.945746,-0.0043654387,0,9.1823245,9.5554754e-06,0
0.5,0,26.943051,-0.0052646543,0,9.1915529,1.0633804e-05,0
0.5,0,26.939984,-0.0060206391,0,9.2007814,1.1941762e-05,0
0.5,0,26.936594,-0.0066220161,0,9.2100099,1.3466243e-05,0
0.5,0,26.932995,-0.007068764,0,9.2192383,1.5192371e-05,0
0.5,0,26.929321,-0.0073715627,0,9.2284668,1.7103582e-05,0
0.5,0,26.925685,-0.0075522812,0,9.2376953,1.9181998e-05,0
0.5,0,26.922148,-0.0076393005,0,9.2469237,2.1408718e-05,0
0.5,0,26.918696,-0.0076607401,0,9.2561522,2.3763826e-05,0
0.5,0,26.915234,-0.00764009,0,9.2653807,2.6226353e-05,0
0.5,0,26.911599,-0.0075939468,0,9.2746091,2.8774434e-05,0
0.5,0,26.907591,-0.007531056,0,9.2838376,3.138567e-05,0
0.5,0,26.90302,-0.0074534939,0,9.2930661,3.403769e-05,0
0.5,0,26.897748,-0.0073594424,0,9.3022945,3.6709016e-05,0
0.5,0,26.891728,-0.0072475349,0,9.311523,3.9380033e-05,0
0.5,0,26.885027,-0.0071178524,0,9.3207515,4.2034118e-05,0
0.5,0,26.877826,-0.0069763316,0,9.3299799,4.4658169e-05,0
0.5,0,26.870394,-0.0068327919,0,9.3392084,4.7243261e-05,0
0.5,0,26.863058,-0.0066969403,0,9.3484369,4.9784176e-05,0
0.5,0,26.856155,-0.0065779148,0,9.3576653,5.227768e-05,0
0.5,0,26.84996,-0.00647969,0,9.3668938,5.4721735e-05,0
0.5,0,26.844651,-0.0064021844,0,9.3761223,5.7113893e-05,0
0.5,0,26.840288,-0.0063377689,0,9.3853507,5.9449504e-05,0
0.5,0,26.836824,-0.0062682294,0,9.3945792,6.1720414e-05,0
0.5,0,26.834135,-0.0061653511,0,9.4038077,6.3913912e-05,0
0.5,0,26.832057,-0.0059940118,0,9.4130361,6.601251e-05,0
0.5,0,26.830429,-0.0057204329,0,9.4222646,6.7994442e-05,0
0.5,0,26.829127,-0.0053203689,0,9.4314931,6.9835155e-05,0
0.5,0,26.828091,-0.0047859295,0,9.4407215,7.1509644e-05,0
0.5,0,26.827318,-0.004129874,0,9.44995,7.2995037e-05,0
0.5,0,26.826861,-0.0033818909,0,9.4591785,7.4272758e-05,0
0.5,0,26.826817,-0.0025830294,0,9.4684069,7.5329998e-05,0
0.5,0,26.827251,-0.0017769938,0,9.4776354,7.6159936e-05,0
0.5,0,26.828164,-0.00099925286,0,9.4868639,7.6760629e-05,0
0.5,0,26.829502,-0.00027269458,0,9.4960923,7.7133442e-05,0
0.5,0,26.831141,0.00039375116,0,9.5053208,7.7281449e-05,0
0.5,0,26.832896,0.0010022429,0,9.5145493,7.7208358e-05,0
0.5,0,26.834548,0.0015607808,0,9.5237777,7.6918359e-05,0
0.5,0,26.835877,0.0020788818,0,9.5330062,7.6416715e-05,0
0.5,0,26.836695,0.0025650995,0,9.5422347,7.5710683e-05,0
0.5,0,26.836876,0.0030261829,0,9.5514631,7.4810323e-05,0
0.5,0,26.836371,0.003467435,0,9.5606916,7.3728859e-05,0
0.5,0,26.83521,0.0038933532,0,9.5699201,7.2482385e-05,0
0.5,0,26.833495,0.0043082232,0,9.5791485,7.1088868e-05,0
0.5,0,26.831372,0.0047168495,0,9.588377,6.9566569e-05,0
0.5,0,26.829004,0.0051250261,0,9.5976055,6.7932271e-05,0
0.5,0,26.82654,0.0055386588,0,9.6068339,6.6199843e-05,0
0.5,0,26.824085,0.0059606754,0,9.6160624,6.4379597e-05,0
0.5,0,26.821688,0.0063866896,0,9.6252909,6.2478648e-05,0
0.5,0,26.819339,0.0068020964,0,9.6345193,6.0502184e-05,0
0.5,0,26.816979,0.0071827708,0,9.6437478,5.8455354e-05,0
0.5,0,26.814531,0.0074997357,0,9.6529763,5.6345225e-05,0
0.5,0,26.811924,0.0077260156,0,9.6622047,5.4182198e-05,0
0.5,0,26.809121,0.0078436768,0,9.6714332,5.1980438e-05,0
0.5,0,26.806141,0.0078480071,0,9.6806617,4.9757261e-05,0
0.5,0,26.803039,0.0077491928,0,9.6898901,4.7531579e-05,0
0.5,0,26.799923,0.0075687936,0,9.6991186,4.532224e-05,0
0.5,0,26.79695,0.0073320421,0,9.7083471,4.3146994e-05,0
0.5,0,26.794269,0.0070595997,0,9.7175755,4.1022329e-05,0
0.5,0,26.792009,0.0067598149,0,9.726804,3.8964439e-05,0
0.5,0,26.790255,0.0064258876,0,9.7360325,3.6990792e-05,0
0.5,0,26.789037,0.0060386467,0,9.7452609,3.5121588e-05,0
0.5,0,26.78832,0.0055739124,0,9.7544894,3.3380414e-05,0
0.5,0,26.788011,0.0050112243,0,9.7637179,3.1793682e-05,0
0.5,0,26.787967,0.0043403912,0,9.7729463,3.0388919e-05,0
0.5,0,26.78802,0.0035639939,0,9.7821748,2.9192346e-05,0
0.5,0,26.787996,0.0026962426,0,9.7914033,2.8226402e-05,0
0.5,0,26.787741,0.0017596692,0,9.8006317,2.750775e-05,0
0.5,0,26.787144,0.00078176725,0,9.8098602,2.704602e-05,0
0.5,0,26.786159,-0.00020705141,0,9.8190887,2.6843263e-05,0
0.5,0,26.784813,-0.0011738944,0,9.8283171,2.6893803e-05,0
0.5,0,26.783189,-0.0020833663,0,9.8375456,2.7184358e-05,0
0.5,0,26.781411,-0.0028999985,0,9.8467741,2.769458e-05,0
0.5,0,26.779624,-0.0035941758,0,9.8560025,2.8398227e-05,0
0.5,0,26.777978,-0.0041488402,0,9.865231,2.9265255e-05,0
0.5,0,26.77661,-0.0045652241,0,9.8744595,3.0264875e-05,0
0.5,0,26.77562,-0.0048662821,0,9.8836879,3.1369141e-05,0
0.5,0,26.775052,-0.0050937815,0,9.8929164,3.2556401e-05,0
0.5,0,26.7749,-0.0052983572,0,9.9021449,3.3813789e-05,0
0.5,0,26.775114,-0.0055271683,0,9.9113733,3.5138016e-05,0
0.5,0,26.775617,-0.0058125878,0,9.9206018,3.6534219e-05,0
0.5,0,26.776309,-0.0061643438,0,9.9298303,3.8013093e-05,0
0.5,0,26.777089,-0.0065682298,0,9.9390587,3.958694e-05,0
0.5,0,26.777859,-0.006991317,0,9.9482872,4.1265483e-05,0
0.5,0,26.778534,-0.0073906284,0,9.9575157,4.3052256e-05,0
0.5,0,26.77905,-0.0077228552,0,9.9667441,4.49421e-05,0
0.5,0,26.779368,-0.0079524078,0,9.9759726,4.6919996e-05,0
0.5,0,26.779475,-0.0080553307,0,9.9852011,4.8961216e-05,0
0.5,0,26.77938,-0.0080202258,0,9.9944295,5.1032604e-05,0
0.5,0,26.779109,-0.0078478303,0,10.003658,5.3094762e-05,0
0.5,0,26.778705,-0.0075492803,0,10.012886,5.5104854e-05,0
0.5,0,26.778214,-0.0071432554,0,10.022115,5.7019751e-05,0
0.5,0,26.77769,-0.0066549605,0,10.031343,5.8799058e-05,0
0.5,0,26.777187,-0.0061124249,0,10.040572,6.0407946e-05,0
0.5,0,26.776758,-0.0055416655,0,10.0498,6.18191e-05,0
0.5,0,26.776465,-0.0049642283,0,10.059029,6.301342e-05,0
0.5,0,26.776356,-0.0043928687,0,10.068257,6.3979904e-05,0
0.5,0,26.776459,-0.0038293737,0,10.077486,6.4714363e-05,0
0.5,0,26.776787,-0.0032653063,0,10.086714,6.5217348e-05,0
0.5,0,26.777325,-0.0026847038,0,10.095943,6.5492052e-05,0
0.5,0,26.778031,-0.0020695182,0,10.105171,6.5542683e-05,0
0.5,0,26.778833,-0.0014055394,0,10.1144,6.5373682e-05,0
0.5,0,26.779645,-0.00068692954,0,10.123628,6.4989778e-05,0
0.5,0,26.780373,8.1331633e-05,0,10.132857,6.4396645e-05,0
0.5,0,26.780926,0.00088388269,0,10.142085,6.3601689e-05,0
0.5,0,26.781223,0.0016978488,0,10.151313,6.2614467e-05,0
0.5,0,26.781205,0.0024967634,0,10.160542,6.14465e-05,0
0.5,0,26.780835,0.0032546026,0,10.16977,6.0110516e-05,0
0.5,0,26.780096,0.0039488864,0,10.178999,5.8619398e-05,0
0.5,0,26.778996,0.0045623161,0,10.188227,5.6985301e-05,0
0.5,0,26.77756,0.0050834308,0,10.197456,5.5219274e-05,0
0.5,0,26.775832,0.0055070193,0,10.206684,5.3331555e-05,0
0.5,0,26.77387,0.0058347034,0,10.215913,5.1332406e-05,0
0.5,0,26.771746,0.0060753098,0,10.225141,4.9233188e-05,0
0.5,0,26.769535,0.0062440855,0,10.23437,4.70474e-05,0
0.5,0,26.767314,0.006359929,0,10.243598,4.4791451e-05,0
0.5,0,26.765152,0.0064403791,0,10.252827,4.2485147e-05,0
0.5,0,26.763112,0.0064950768,0,10.262055,4.015195e-05,0
0.5,0,26.761234,0.0065205749,0,10.271284,3.7819059e-05,0
0.5,0,26.759554,0.0064983833,0,10.280512,3.5517311e-05,0
0.5,0,26.758101,0.0063975295,0,10.28974,3.3280736e-05,0
0.5,0,26.756885,0.0061822713,0,10.298969,3.1145523e-05,0
0.5,0,26.755922,0.0058219567,0,10.308197,2.9148316e-05,0
0.5,0,26.755225,0.0052999672,0,10.317426,2.7323907e-05,0
0.5,0,26.754804,0.0046195804,0,10.326654,2.5702623e-05,0
0.5,0,26.754673,0.0038049014,0,10.335883,2.4307953e-05,0
0.5,0,26.754847,0.0028964923,0,10.345111,2.3154915e-05,0
0.5,0,26.755338,0.001943351,0,10.35434,2.224948e-05,0
0.5,0,26.756151,0.00099398603,0,10.363568,2.1589163e-05,0
0.5,0,26.757275,8.8946399e-05,0,10.372797,2.1164611e-05,0
0.5,0,26.758686,-0.00074402065,0,10.382025,2.0961819e-05,0
0.5,0,26.760341,-0.0014921023,0,10.391254,2.0964433e-05,0
0.5,0,26.762182,-0.0021563471,0,10.400482,2.1155796e-05,0
0.5,0,26.764134,-0.0027473379,0,10.409711,2.1520604e-05,0
0.5,0,26.766104,-0.0032804322,0,10.418939,2.2046081e-05,0
0.5,0,26.767988,-0.0037729077,0,10.428167,2.2722604e-05,0
0.5,0,26.769682,-0.0042414554,0,10.437396,2.3543682e-05,0
0.5,0,26.771091,-0.0046997185,0,10.446624,2.4505366e-05,0
0.5,0,26.772144,-0.0051577342,0,10.455853,2.5605126e-05,0
0.5,0,26.772805,-0.0056204461,0,10.465081,2.6840288e-05,0
0.5,0,26.77308,-0.0060834516,0,10.47431,2.8206241e-05,0
0.5,0,26.773016,-0.0065320842,0,10.483538,2.96947e-05,0
0.5,0,26.772694,-0.006943113,0,10.492767,3.1292341e-05,0
0.5,0,26.772211,-0.0072858583,0,10.501995,3.2979882e-05,0
0.5,0,26.771665,-0.0075265067,0,10.511224,3.4731862e-05,0
0.5,0,26.771153,-0.0076348986,0,10.520452,3.6517464e-05,0
0.5,0,26.77076,-0.0075908071,0,10.529681,3.8302294e-05,0
0.5,0,26.770535,-0.0073880039,0,10.538909,4.00508e-05,0
0.5,0,26.770485,-0.007035254,0,10.548138,4.1728876e-05,0
0.5,0,26.770588,-0.0065537739,0,10.557366,4.330614e-05,0
0.5,0,26.770797,-0.0059707711,0,10.566594,4.4757397e-05,0
0.5,0,26.771055,-0.0053120056,0,10.575823,4.6062913e-05,0
0.5,0,26.771301,-0.0045968746,0,10.585051,4.7207458e-05,0
0.5,0,26.771468,-0.0038361669,0,10.59428,4.8178525e-05,0
0.5,0,26.771481,-0.0030328119,0,10.603508,4.8964359e-05,0
0.5,0,26.771268,-0.0021866498,0,10.612737,4.9552385e-05,0
0.5,0,26.770763,-0.0013012363,0,10.621965,4.9928535e-05,0
0.5,0,26.76991,-0.00038838397,0,10.631194,5.0077786e-05,0
0.5,0,26.768674,0.00053075201,0,10.640422,4.9985718e-05,0
0.5,0,26.767039,0.0014279985,0,10.649651,4.9640705e-05,0
0.5,0,26.765027,0.0022739282,0,10.658879,4.9036039e-05,0
0.5,0,26.762702,0.0030445728,0,10.668108,4.8171538e-05,0
0.5,0,26.760168,0.0037265815,0,10.677336,4.7054421e-05,0
0.5,0,26.75756,0.0043191178,0,10.686565,4.5699277e-05,0
0.5,0,26.755025,0.0048322389,0,10.695793,4.4127375e-05,0
0.5,0,26.752715,0.0052819816,0,10.705021,4.2365553e-05,0
0.5,0,26.750768,0.0056834167,0,10.71425,4.0444883e-05,0
0.5,0,26.749303,0.0060442127,0,10.723478,3.839936e-05,0
0.5,0,26.748404,0.0063605564,0,10.732707,3.6264737e-05,0
0.5,0,26.748126,0.0066165868,0,10.741935,3.4077506e-05,0
0.5,0,26.748485,0.0067874425,0,10.751164,3.1873972e-05,0
0.5,0,26.749464,0.006845025,0,10.760392,2.9689357e-05,0
0.5,0,26.751009,0.0067649375,0,10.769621,2.7556988e-05,0
0.5,0,26.753037,0.0065325982,0,10.778849,2.5507629e-05,0
0.5,0,26.755441,0.0061469594,0,10.788078,2.3569127e-05,0
0.5,0,26.758091,0.0056208759,0,10.797306,2.1766422e-05,0
0.5,0,26.760846,0.0049777892,0,10.806535,2.0121923e-05,0
0.5,0,26.763564,0.0042459141,0,10.815763,1.8656096e-05,0
0.5,0,26.766122,0.0034517531,0,10.824992,1.7388009e-05,0
0.5,0,26.768424,0.0026146183,0,10.83422,1.6335589e-05,0
0.5,0,26.770418,0.0017437204,0,10.843448,1.551542e-05,0
0.5,0,26.772096,0.00083855843,0,10.852677,1.4942086e-05,0
0.5,0,26.773496,-0.00010747991,0,10.861905,1.4627207e-05,0
0.5,0,26.774689,-0.0011014547,0,10.871134,1.4578428e-05,0
0.5,0,26.775772,-0.0021447853,0,10.880362,1.4798582e-05,0
0.5,0,26.776853,-0.0032279553,0,10.889591,1.5285144e-05,0
0.5,0,26.778039,-0.004327266,0,10.898819,1.6029996e-05,0
0.5,0,26.779429,-0.005404623,0,10.908048,1.7019462e-05,0
0.5,0,26.781109,-0.0064107097,0,10.917276,1.8234432e-05,0
0.5,0,26.783145,-0.0072911444,0,10.926505,1.9650494e-05,0
0.5,0,26.785583,-0.0079941935,0,10.935733,2.1238057e-05,0
0.5,0,26.788446,-0.0084783071,0,10.944962,2.296258e-05,0
0.5,0,26.791734,-0.00871805,0,10.95419,2.478509e-05,0
0.5,0,26.795426,-0.0087073959,0,10.963419,2.6663232e-05,0
0.5,0,26.799475,-0.0084601577,0,10.972647,2.8552929e-05,0
0.5,0,26.803815,-0.0080078598,0,10.981875,3.0410572e-05,0
0.5,0,26.808357,-0.0073954788,0,10.991104,3.2195548e-05,0
0.5,0,26.812994,-0.0066756415,0,11.000332,3.3872751e-05,0
0.5,0,26.817605,-0.0059022106,0,11.009561,3.5414664e-05,0
0.5,0,26.822062,-0.0051242359,0,11.018789,3.6802583e-05,0
0.5,0,26.826235,-0.0043808814,0,11.028018,3.8026656e-05,0
0.5,0,26.830005,-0.0036975869,0,11.037246,3.9084664e-05,0
0.5,0,26.833276,-0.0030835773,0,11.046475,3.9979668e-05,0
0.5,0,26.835983,-0.0025310617,0,11.055703,4.0716943e-05,0
0.5,0,26.8381,-0.0020168492,0,11.064932,4.1300731e-05,0
0.5,0,26.839644,-0.0015064125,0,11.07416,4.1731471e-05,0
0.5,0,26.840671,-0.00095963939,0,11.083389,4.2004059e-05,0
0.5,0,26.841271,-0.0003385394,0,11.092617,4.2107486e-05,0
0.5,0,26.841553,0.00038406762,0,11.101846,4.2025971e-05,0
0.5,0,26.841639,0.0012176928,0,11.111074,4.1741359e-05,0
0.5,0,26.841642,0.002150147,0,11.120302,4.1236384e-05,0
0.5,0,26.84166,0.0031469982,0,11.129531,4.0498263e-05,0
0.5,0,26.841765,0.0041554059,0,11.138759,3.952205e-05,0
0.5,0,26.842007,0.0051115041,0,11.147988,3.831321e-05,0
0.5,0,26.842413,0.0059495248,0,11.157216,3.6889124e-05,0
0.5,0,26.842996,0.0066106211,0,11.166445,3.5279369e-05,0
0.5,0,26.843759,0.0070496314,0,11.175673,3.3524755e-05,0
0.5,0,26.844708,0.0072387486,0,11.184902,3.167522e-05,0
0.5,0,26.845856,0.0071681353,0,11.19413,2.9786802e-05,0
0.5,0,26.84723,0.0068446433,0,11.203359,2.7918049e-05,0
0.5,0,26.848874,0.0062899742,0,11.212587,2.6126325e-05,0
0.5,0,26.850828,0.0055373481,0,11.221816,2.4464449e-05,0
0.5,0,26.85315,0.0046287813,0,11.231044,2.297801e-05,0
0.5,0,26.855879,0.003611551,0,11.240273,2.17035e-05,0
0.5,0,26.859029,0.0025336853,0,11.249501,2.0667378e-05,0
0.5,0,26.8626,0.0014406979,0,11.258729,1.9886048e-05,0
0.5,0,26.866552,0.00037138461,0,11.267958,1.936666e-05,0
0.5,0,26.870819,-0.00064648514,0,11.277186,1.9108514e-05,0
0.5,0,26.875308,-0.0015974189,0,11.286415,1.9104483e-05,0
0.5,0,26.879911,-0.0024757434,0,11.295643,1.9342512e-05,0
0.5,0,26.884506,-0.0032841509,0,11.304872,1.9807438e-05,0
0.5,0,26.88896,-0.0040306686,0,11.3141,2.048236e-05,0
0.5,0,26.893128,-0.0047217385,0,11.323329,2.1349237e-05,0
0.5,0,26.896854,-0.0053583786,0,11.332557,2.2389129e-05,0
0.5,0,26.899973,-0.0059366182,0,11.341786,2.3582166e-05,0
0.5,0,26.902313,-0.0064485423,0,11.351014,2.490722e-05,0
0.5,0,26.903716,-0.0068833989,0,11.360243,2.6341329e-05,0
0.5,0,26.904063,-0.0072292201,0,11.369471,2.7859042e-05,0
0.5,0,26.9033,-0.0074745416,0,11.3787,2.9431936e-05,0
0.5,0,26.901468,-0.0076090515,0,11.387928,3.1028496e-05,0
0.5,0,26.898722,-0.0076227778,0,11.397156,3.2614442e-05,0
0.5,0,26.895321,-0.0075048446,0,11.406385,3.4153514e-05,0
0.5,0,26.891607,-0.0072432712,0,11.415613,3.5608614e-05,0
0.5,0,26.887963,-0.0068264871,0,11.424842,3.6943116e-05,0
0.5,0,26.884756,-0.0062453741,0,11.43407,3.8122125e-05,0
0.5,0,26.882282,-0.0054952764,0,11.443299,3.9113753e-05,0
0.5,0,26.880723,-0.0045798477,0,11.452527,3.9890381e-05,0
0.5,0,26.880122,-0.0035158127,0,11.461756,4.0429688e-05,0
0.5,0,26.880385,-0.0023340844,0,11.470984,4.0715392e-05,0
0.5,0,26.88131,-0.0010765694,0,11.480213,4.0737994e-05,0
0.5,0,26.882618,0.0002061043,0,11.489441,4.04953e-05,0
0.5,0,26.88402,0.0014591661,0,11.49867,3.9992341e-05,0
0.5,0,26.885265,0.0026301226,0,11.507898,3.924093e-05,0
0.5,0,26.886176,0.0036737838,0,11.517127,3.8259016e-05,0
0.5,0,26.886678,0.0045572279,0,11.526355,3.7069701e-05,0
0.5,0,26.886796,0.0052621231,0,11.535583,3.5700228e-05,0
0.5,0,26.886632,0.0057828193,0,11.544812,3.4181258e-05,0
0.5,0,26.886348,0.0061222591,0,11.55404,3.2546257e-05,0
0.5,0,26.886124,0.0062887995,0,11.563269,3.0831021e-05,0
0.5,0,26.886131,0.0062926794,0,11.572497,2.9073208e-05,0
0.5,0,26.886505,0.006142068,0,11.581726,2.7311792e-05,0
0.5,0,26.887344,0.0058405737,0,11.590954,2.5586434e-05,0
0.5,0,26.888706,0.0053876257,0,11.600183,2.3936698e-05,0
0.5,0,26.890616,0.0047815962,0,11.609411,2.2401167e-05,0
0.5,0,26.893082,0.0040250069,0,11.61864,2.1016569e-05,0
0.5,0,26.896097,0.0031294366,0,11.627868,1.9816855e-05,0
0.5,0,26.899649,0.0021176051,0,11.637097,1.8832207e-05,0
0.5,0,26.903717,0.0010230723,0,11.646325,1.8087914e-05,0
0.5,0,26.908272,-0.00011428974,0,11.655554,1.7603192e-05,0
0.5,0,26.91327,-0.0012499109,0,11.664782,1.7389621e-05,0
0.5,0,26.918648,-0.0023349102,0,11.67401,1.7449773e-05,0
0.5,0,26.924326,-0.0033243619,0,11.683239,1.7776932e-05,0
0.5,0,26.930209,-0.0041812782,0,11.692467,1.8355337e-05,0
0.5,0,26.936195,-0.0048771007,0,11.701696,1.9160993e-05,0
0.5,0,26.942178,-0.0053944149,0,11.710924,2.0163142e-05,0
0.5,0,26.948058,-0.0057298639,0,11.720153,2.1326049e-05,0
0.5,0,26.953742,-0.0058960407,0,11.729381,2.2611072e-05,0
0.5,0,26.959145,-0.0059180841,0,11.73861,2.3978567e-05,0
0.5,0,26.964202,-0.0058265268,0,11.747838,2.5389281e-05,0
0.5,0,26.968875,-0.0056494586,0,11.757067,2.6805214e-05,0
0.5,0,26.973161,-0.0054056506,0,11.766295,2.8189981e-05,0
0.5,0,26.9771,-0.0051000002,0,11.775524,2.9508762e-05,0
0.5,0,26.980781,-0.0047230272,0,11.784752,3.072788e-05,0
0.5,0,26.984337,-0.0042547402,0,11.793981,3.1814181e-05,0
0.5,0,26.987926,-0.0036721174,0,11.803209,3.2734568e-05,0
0.5,0,26.991729,-0.0029565086,0,11.812437,3.3456135e-05,0
0.5,0,26.995902,-0.0020975449,0,11.821666,3.3946949e-05,0
0.5,0,27.000591,-0.0011004043,0,11.830894,3.4177484e-05,0
0.5,0,27.005873,9.989822e-06,0,11.840123,3.4123396e-05,0
0.5,0,27.011709,0.0011964047,0,11.849351,3.376854e-05,0
0.5,0,27.017994,0.002412951,0,11.85858,3.3107275e-05,0
0.5,0,27.024538,0.0036064864,0,11.867808,3.2146434e-05,0
0.5,0,27.031082,0.0047219895,0,11.877037,3.090628e-05,0
0.5,0,27.03732,0.0057065876,0,11.886265,2.9420158e-05,0
0.5,0,27.042933,0.0065135643,0,11.895494,2.7733038e-05,0
0.5,0,27.047622,0.0071061658,0,11.904722,2.5899151e-05,0
0.5,0,27.051155,0.0074603322,0,11.913951,2.3979055e-05,0
0.5,0,27.053388,0.0075651088,0,11.923179,2.203641e-05,0
0.5,0,27.054306,0.0074211056,0,11.932408,2.0134745e-05,0
0.5,0,27.054046,0.0070390678,0,11.941636,1.833447e-05,0
0.5,0,27.052874,0.0064393018,0,11.950865,1.6690293e-05,0
0.5,0,27.051162,0.0056513451,0,11.960093,1.5249275e-05,0
0.5,0,27.049341,0.0047123973,0,11.969321,1.404952e-05,0
0.5,0,27.047842,0.0036641239,0,11.97855,1.3119299e-05,0
0.5,0,27.047048,0.0025486882,0,11.987778,1.2476586e-05,0
0.5,0,27.047251,0.0014065489,0,11.997007,1.2129183e-05,0
0.5,0,27.048638,0.00027494702,0,12.006235,1.2075639e-05,0
0.5,0,27.051304,-0.0008143458,0,12.015464,1.2306588e-05,0
0.5,0,27.055259,-0.0018393581,0,12.024692,1.2805567e-05,0
0.5,0,27.060444,-0.0027868059,0,12.033921,1.35501e-05,0
0.5,0,27.066757,-0.0036417493,0,12.043149,1.4513218e-05,0
0.5,0,27.074055,-0.0043902607,0,12.052378,1.5664484e-05,0
0.5,0,27.082184,-0.0050234657,0,12.061606,1.6970751e-05,0
0.5,0,27.090984,-0.005526063,0,12.070835,1.8395873e-05,0
0.5,0,27.100286,-0.0058756817,0,12.080063,1.9899714e-05,0
0.5,0,27.109901,-0.0060534872,0,12.089292,2.1438157e-05,0
0.5,0,27.119637,-0.0060481507,0,12.09852,2.2963978e-05,0
0.5,0,27.129294,-0.0058551241,0,12.107748,2.4428185e-05,0
0.5,0,27.138673,-0.0054769463,0,12.116977,2.5781947e-05,0
0.5,0,27.147584,-0.0049248343,0,12.126205,2.6979028e-05,0
0.5,0,27.155861,-0.0042187044,0,12.135434,2.7978358e-05,0
0.5,0,27.163377,-0.0033851483,0,12.144662,2.8746471e-05,0
0.5,0,27.170056,-0.0024537531,0,12.153891,2.9259679e-05,0
0.5,0,27.175886,-0.0014509102,0,12.163119,2.9505167e-05,0
0.5,0,27.180899,-0.00039937079,0,12.172348,2.9480557e-05,0
0.5,0,27.185169,0.00067520236,0,12.181576,2.9192642e-05,0
0.5,0,27.188789,0.0017423046,0,12.190805,2.8655704e-05,0
0.5,0,27.191846,0.002768579,0,12.200033,2.7889634e-05,0
0.5,0,27.1944,0.0037207149,0,12.209262,2.6918385e-05,0
0.5,0,27.196476,0.0045711328,0,12.21849,2.5769211e-05,0
0.5,0,27.198056,0.0052999593,0,12.227719,2.4472909e-05,0
0.5,0,27.199101,0.0058909615,0,12.236947,2.3064831e-05,0
0.5,0,27.199583,0.0063271508,0,12.246175,2.1585936e-05,0
0.5,0,27.199489,0.0065855733,0,12.255404,2.0083139e-05,0
0.5,0,27.198855,0.0066338014,0,12.264632,1.8608485e-05,0
0.5,0,27.197767,0.0064327354,0,12.273861,1.7217131e-05,0
0.5,0,27.196345,0.0059443913,0,12.283089,1.5964497e-05,0
0.5,0,27.194724,0.0051425308,0,12.292318,1.4903143e-05,0
0.5,0,27.193028,0.0040238458,0,12.301546,1.4079711e-05,0
0.5,0,27.191349,0.0026175902,0,12.310775,1.3532117e-05,0
0.5,0,27.18974,0.00098756702,0,12.320003,1.3287236e-05,0
0.5,0,27.188196,-0.00077009373,0,12.329232,1.3358581e-05,0
0.5,0,27.186671,-0.0025326543,0,12.33846,1.3744486e-05,0
0.5,0,27.185096,-0.0041677537,0,12.347689,1.4427768e-05,0
0.5,0,27.183366,-0.0055491782,0,12.356917,1.5376062e-05,0
0.5,0,27.181387,-0.0065711919,0,12.366146,1.6543042e-05,0
0.5,0,27.179086,-0.0071695996,0,12.375374,1.7870947e-05,0
0.5,0,27.176438,-0.0073355177,0,12.384602,1.9293887e-05,0
0.5,0,27.173483,-0.0071104143,0,12.393831,2.0741797e-05,0
0.5,0,27.170325,-0.0065689436,0,12.403059,2.214538e-05,0
0.5,0,27.16715,-0.0057988472,0,12.412288,2.3441933e-05,0
0.5,0,27.164188,-0.0048852505,0,12.421516,2.4581087e-05,0
0.5,0,27.161686,-0.0039063018,0,12.430745,2.5528337e-05,0
0.5,0,27.1599,-0.0029310827,0,12.439973,2.6265077e-05,0
0.5,0,27.159033,-0.0020110979,0,12.449202,2.6785714e-05,0
0.5,0,27.159205,-0.0011714195,0,12.45843,2.7093465e-05,0
0.5,0,27.160423,-0.0004051251,0,12.467659,2.7196167e-05,0
0.5,0,27.162547,0.00032082426,0,12.476887,2.7102497e-05,0
0.5,0,27.165276,0.0010445453,0,12.486116,2.6818905e-05,0
0.5,0,27.168148,0.0017934059,0,12.495344,2.6347422e-05,0
0.5,0,27.170578,0.0025838626,0,12.504573,2.5685634e-05,0
0.5,0,27.171918,0.0034251758,0,12.513801,2.4830263e-05,0
0.5,0,27.171557,0.0043134426,0,12.523029,2.3783782e-05,0
0.5,0,27.169009,0.0052125899,0,12.532258,2.2560925e-05,0
0.5,0,27.163988,0.0060379553,0,12.541486,2.1191708e-05,0
0.5,0,27.156464,0.0066663401,0,12.550715,1.9721113e-05,0
0.5,0,27.146668,0.0069780128,0,12.559943,1.820827e-05,0
0.5,0,27.135076,0.0068935228,0,12.569172,1.6726765e-05,0
0.5,0,27.122389,0.0063639273,0,12.5784,1.5361402e-05,0
0.5,0,27.109477,0.0053475833,0,12.587629,1.4199451e-05,0
0.5,0,27.097199,0.0038712757,0,12.596857,1.3318632e-05,0
0.5,0,27.086105,0.0020621941,0,12.606086,1.2778705e-05,0
0.5,0,27.076425,8.3255687e-05,0,12.615314,1.2616723e-05,0
0.5,0,27.068273,-0.0018986238,0,12.624543,1.2842819e-05,0
0.5,0,27.061717,-0.0037116297,0,12.633771,1.3440663e-05,0
0.5,0,27.056742,-0.005185909,0,12.643,1.4368954e-05,0
0.5,0,27.053232,-0.0062030038,0,12.652228,1.5562301e-05,0
0.5,0,27.05103,-0.0067414157,0,12.661456,1.6937629e-05,0
0.5,0,27.049975,-0.0068374885,0,12.670685,1.8404213e-05,0
0.5,0,27.049901,-0.0065406679,0,12.679913,1.9872424e-05,0
0.5,0,27.050666,-0.0059141789,0,12.689142,2.1262527e-05,0
0.5,0,27.052127,-0.0050415596,0,12.69837,2.2511407e-05,0
0.5,0,27.054123,-0.0040096803,0,12.707599,2.3575659e-05,0
0.5,0,27.056508,-0.002908684,0,12.716827,2.4432058e-05,0
0.5,0,27.059133,-0.0018536761,0,12.726056,2.5074662e-05,0
0.5,0,27.061838,-0.00091868043,0,12.735284,2.5508777e-05,0
0.5,0,27.064471,-0.0001071668,0,12.744513,2.5744628e-05,0
0.5,0,27.066914,0.00060515108,0,12.753741,2.5792557e-05,0
0.5,0,27.069075,0.0012625871,0,12.76297,2.566005e-05,0
0.5,0,27.070887,0.0019213413,0,12.772198,2.5350719e-05,0
0.5,0,27.072286,0.0026321758,0,12.781427,2.4865182e-05,0
0.5,0,27.073202,0.0034207194,0,12.790655,2.4203587e-05,0
0.5,0,27.073569,0.0042784833,0,12.799883,2.3369446e-05,0
0.5,0,27.0733,0.0051635526,0,12.809112,2.2374298e-05,0
0.5,0,27.07229,0.0059954015,0,12.81834,2.1241379e-05,0
0.5,0,27.070481,0.0066547508,0,12.827569,2.0005654e-05,0
0.5,0,27.067853,0.0070160129,0,12.836797,1.8713182e-05,0
0.5,0,27.064411,0.0069862717,0,12.846026,1.7421094e-05,0
0.5,0,27.060253,0.0065311852,0,12.855254,1.6196116e-05,0
0.5,0,27.055537,0.0056695951,0,12.864483,1.5111439e-05,0
0.5,0,27.050424,0.004441465,0,12.873711,1.4241638e-05,0
0.5,0,27.045174,0.0028938342,0,12.88294,1.3653257e-05,0
0.5,0,27.040113,0.0011100957,0,12.892168,1.3394745e-05,0
0.5,0,27.035546,-0.00077643603,0,12.901397,1.3491387e-05,0
0.5,0,27.031729,-0.002605225,0,12.910625,1.3941796e-05,0
0.5,0,27.028803,-0.0042047363,0,12.919854,1.4716895e-05,0
0.5,0,27.02677,-0.0054283651,0,12.929082,1.5761633e-05,0
0.5,0,27.025535,-0.006186477,0,12.93831,1.6999643e-05,0
0.5,0,27.024946,-0.0064661322,0,12.947539,1.8340562e-05,0
0.5,0,27.024801,-0.0063034283,0,12.956767,1.9689329e-05,0
0.5,0,27.0249,-0.0057429105,0,12.965996,2.0955741e-05,0
0.5,0,27.025081,-0.0048450798,0,12.975224,2.2061492e-05,0
0.5,0,27.025231,-0.0036945201,0,12.984453,2.2946333e-05,0
0.5,0,27.025282,-0.0023888375,0,12.993681,2.3572313e-05,0
0.5,0,27.025225,-0.0010232808,0,13.00291,2.392441e-05,0
0.5,0,27.025093,0.00031912139,0,13.012138,2.4007487e-05,0
0.5,0,27.024935,0.0015742131,0,13.021367,2.3841131e-05,0
0.5,0,27.024815,0.0026969629,0,13.030595,2.345432e-05,0
0.5,0,27.024766,0.0036597051,0,13.039824,2.2881329e-05,0
0.5,0,27.024775,0.0044479472,0,13.049052,2.2159091e-05,0
0.5,0,27.02477,0.0050559695,0,13.058281,2.1325733e-05,0
0.5,0,27.024625,0.0054826235,0,13.067509,2.0419907e-05,0
0.5,0,27.024189,0.0057283525,0,13.076737,1.948063e-05,0
0.5,0,27.023323,0.0057935618,0,13.085966,1.8547526e-05,0
0.5,0,27.02194,0.005675073,0,13.095194,1.7660885e-05,0
0.5,0,27.020039,0.0053624257,0,13.104423,1.6860822e-05,0
0.5,0,27.017719,0.004840355,0,13.113651,1.6185882e-05,0
0.5,0,27.015166,0.0040944071,0,13.12288,1.5671495e-05,0
0.5,0,27.012624,0.0031178394,0,13.132108,1.5348619e-05,0
0.5,0,27.010389,0.0019229439,0,13.141337,1.5242428e-05,0
0.5,0,27.008765,0.00055488516,0,13.150565,1.537115e-05,0
0.5,0,27.007995,-0.00091324019,0,13.159794,1.574484e-05,0
0.5,0,27.00822,-0.0023920388,0,13.169022,1.6363437e-05,0
0.5,0,27.009464,-0.0037819118,0,13.178251,1.7214413e-05,0
0.5,0,27.01167,-0.0049831932,0,13.187479,1.827093e-05,0
0.5,0,27.014689,-0.0058866887,0,13.196708,1.9490722e-05,0
0.5,0,27.018288,-0.0064131159,0,13.205936,2.0817813e-05,0
0.5,0,27.022238,-0.0065523092,0,13.215164,2.2186175e-05,0
0.5,0,27.026317,-0.0063045626,0,13.224393,2.3518201e-05,0
0.5,0,27.030265,-0.0056882542,0,13.233621,2.4727199e-05,0
0.5,0,27.033874,-0.0047503738,0,13.24285,2.5730025e-05,0
0.5,0,27.037,-0.0035001596,0,13.252078,2.645599e-05,0
0.5,0,27.039548,-0.0019636385,0,13.261307,2.6853418e-05,0
0.5,0,27.041497,-0.00025883564,0,13.270535,2.6895685e-05,0
0.5,0,27.042884,0.0014613882,0,13.279764,2.6581828e-05,0
0.5,0,27.043817,0.0030475715,0,13.288992,2.5932543e-05,0
0.5,0,27.044492,0.0043555613,0,13.298221,2.4986971e-05,0
0.5,0,27.045147,0.0052826349,0,13.307449,2.3803432e-05,0
0.5,0,27.045994,0.0057837015,0,13.316678,2.2458131e-05,0
0.5,0,27.047162,0.0058576702,0,13.325906,2.1039122e-05,0
0.5,0,27.048634,0.0055281077,0,13.335135,1.9636897e-05,0
0.5,0,27.05021,0.0048356717,0,13.344363,1.8335038e-05,0
0.5,0,27.051474,0.0038419217,0,13.353591,1.7203305e-05,0
0.5,0,27.051738,0.0026334798,0,13.36282,1.6293276e-05,0
0.5,0,27.050038,0.0013136559,0,13.372048,1.5636062e-05,0
0.5,0,27.045306,-1.0902865e-05,0,13.381277,1.5242452e-05,0
0.5,0,27.036706,-0.0012311743,0,13.390505,1.5104989e-05,0
0.5,0,27.02393,-0.0022643193,0,13.399734,1.5201597e-05,0
0.5,0,27.007256,-0.0030620457,0,13.408962,1.5499691e-05,0
0.5,0,26.987411,-0.0036096477,0,13.418191,1.595864e-05,0
0.5,0,26.96541,-0.0039097477,0,13.427419,1.653481e-05,0
0.5,0,26.942442,-0.0039644496,0,13.436648,1.7186896e-05,0
0.5,0,26.919726,-0.0038025721,0,13.445876,1.787499e-05,0
0.5,0,26.898447,-0.0034690181,0,13.455105,1.8558826e-05,0
0.5,0,26.879688,-0.0029959911,0,13.464333,1.9199958e-05,0
0.5,0,26.864215,-0.0023749244,0,13.473562,1.9761952e-05,0
0.5,0,26.852311,-0.001599308,0,13.48279,2.0207459e-05,0
0.5,0,26.843814,-0.00070480023,0,13.492018,2.0500746e-05,0
0.5,0,26.838226,0.00028508379,0,13.501247,2.0611887e-05,0
0.5,0,26.834831,0.0013601475,0,13.510475,2.0518191e-05,0
0.5,0,26.832847,0.0024818448,0,13.519704,2.0206634e-05,0
0.5,0,26.83155,0.0035874804,0,13.528932,1.9676475e-05,0
0.5,0,26.830367,0.0045999708,0,13.538161,1.8941062e-05,0
0.5,0,26.828942,0.0054323262,0,13.547389,1.8028537e-05,0
0.5,0,26.827124,0.0059825767,0,13.556618,1.6983233e-05,0
0.5,0,26.82495,0.0061472013,0,13.565846,1.5866052e-05,0
0.5,0,26.82261,0.0058687386,0,13.575075,1.4748922e-05,0
0.5,0,26.820383,0.0051277083,0,13.584303,1.3707519e-05,0
0.5,0,26.818573,0.0039284058,0,13.593532,1.281559e-05,0
0.5,0,26.817471,0.0023324944,0,13.60276,1.2138014e-05,0
0.5,0,26.817312,0.00047075209,0,13.611989,1.1723928e-05,0
0.5,0,26.818234,-0.0014842682,0,13.621217,1.1601922e-05,0
0.5,0,26.82028,-0.0033551645,0,13.630445,1.1776209e-05,0
0.5,0,26.823421,-0.0049959726,0,13.639674,1.222374e-05,0
0.5,0,26.82754,-0.0062638417,0,13.648902,1.289499e-05,0
0.5,0,26.832415,-0.0070285761,0,13.658131,1.3719929e-05,0
0.5,0,26.837794,-0.0072531122,0,13.667359,1.4615926e-05,0
0.5,0,26.843501,-0.0069716109,0,13.676588,1.5495363e-05,0
0.5,0,26.849417,-0.0062385279,0,13.685816,1.6273148e-05,0
0.5,0,26.855379,-0.0051288107,0,13.695045,1.6875746e-05,0
0.5,0,26.861176,-0.0037473474,0,13.704273,1.7248231e-05,0
0.5,0,26.866608,-0.0022186235,0,13.713502,1.7357063e-05,0
0.5,0,26.871506,-0.000667473,0,13.72273,1.7191838e-05,0
0.5,0,26.875733,0.00079222793,0,13.731959,1.6764669e-05,0
0.5,0,26.879188,0.0020697018,0,13.741187,1.6106666e-05,0
0.5,0,26.881807,0.0031036139,0,13.750416,1.5262993e-05,0
0.5,0,26.883583,0.0038574907,0,13.759644,1.428742e-05,0
0.5,0,26.884567,0.0043146124,0,13.768872,1.3237451e-05,0
0.5,0,26.884857,0.0044761815,0,13.778101,1.2170308e-05,0
0.5,0,26.884589,0.0043608756,0,13.787329,1.1139583e-05,0
0.5,0,26.883927,0.0039998636,0,13.796558,1.0192851e-05,0
0.5,0,26.883036,0.0034276734,0,13.805786,9.3707802e-06,0
0.5,0,26.88206,0.00267464,0,13.815015,8.7076094e-06,0
0.5,0,26.881116,0.0017664796,0,13.824243,8.2320787e-06,0
0.5,0,26.880291,0.00073236174,0,13.833472,7.9676219e-06,0
0.5,0,26.879648,-0.00038401226,0,13.8427,7.9309521e-06,0
0.5,0,26.879221,-0.0015187004,0,13.851929,8.1290793e-06,0
0.5,0,26.87901,-0.0025890907,0,13.861157,8.5555732e-06,0
0.5,0,26.878974,-0.0035021993,0,13.870386,9.1873765e-06,0
0.5,0,26.879032,-0.0041680463,0,13.879614,9.9835094e-06,0
0.5,0,26.879067,-0.0045119462,0,13.888843,1.0886115e-05,0
0.5,0,26.878936,-0.0044834274,0,13.898071,1.1823841e-05,0
0.5,0,26.878469,-0.0040629675,0,13.907299,1.2717562e-05,0
0.5,0,26.87747,-0.0032670187,0,13.916528,1.3487942e-05,0
0.5,0,26.875735,-0.0021510179,0,13.925756,1.4063917e-05,0
0.5,0,26.873071,-0.00080667694,0,13.934985,1.4390929e-05,0
0.5,0,26.869327,0.00064744929,0,13.944213,1.4437495e-05,0
0.5,0,26.864417,0.0020766425,0,13.953442,1.4199143e-05,0
0.5,0,26.858359,0.003341103,0,13.96267,1.3699498e-05,0
0.5,0,26.851296,0.0043087932,0,13.971899,1.298827e-05,0
0.5,0,26.843507,0.0048689856,0,13.981127,1.2136241e-05,0
0.5,0,26.835397,0.0049462122,0,13.990356,1.1227811e-05,0
0.5,0,26.827458,0.0045121128,0,13.999584,1.0352018e-05,0
0.5,0,26.820229,0.0035929122,0,14.008813,9.5930647e-06,0
0.5,0,26.814224,0.0022700314,0,14.018041,9.0214403e-06,0
0.5,0,26.809866,0.00067185268,0,14.02727,8.6868551e-06,0
0.5,0,26.807428,-0.0010441195,0,14.036498,8.6142458e-06,0
0.5,0,26.806992,-0.0027160544,0,14.045726,8.8032175e-06,0
0.5,0,26.808431,-0.004200902,0,14.054955,9.2302678e-06,0
0.5,0,26.811422,-0.0053907306,0,14.064183,9.8529467e-06,0
0.5,0,26.815509,-0.0062195586,0,14.073412,1.0615023e-05,0
0.5,0,26.820159,-0.0066599626,0,14.08264,1.1451791e-05,0
0.5,0,26.824807,-0.0067142219,0,14.091869,1.2295017e-05,0
0.5,0,26.828912,-0.0064055106,0,14.101097,1.3077392e-05,0
0.5,0,26.831999,-0.0057723276,0,14.110326,1.3736624e-05,0
0.5,0,26.833716,-0.0048663261,0,14.119554,1.4219296e-05,0
0.5,0,26.833854,-0.0037520577,0,14.128783,1.4484405e-05,0
0.5,0,26.832362,-0.0025053954,0,14.138011,1.4506501e-05,0
0.5,0,26.829352,-0.0012090839,0,14.14724,1.4277977e-05,0
0.5,0,26.825063,4.9780477e-05,0,14.156468,1.3810039e-05,0
0.5,0,26.819813,0.0011806053,0,14.165697,1.3132588e-05,0
0.5,0,26.813974,0.0020960705,0,14.174925,1.2292925e-05,0
0.5,0,26.80792,0.0027191524,0,14.184153,1.1352734e-05,0
0.5,0,26.802065,0.0029875137,0,14.193382,1.038361e-05,0
0.5,0,26.796745,0.0028614839,0,14.20261,9.4618663e-06,0
0.5,0,26.792145,0.0023327177,0,14.211839,8.6626363e-06,0
0.5,0,26.788425,0.0014304214,0,14.221067,8.0536485e-06,0
0.5,0,26.785664,0.00022602938,0,14.230296,7.6893453e-06,0
0.5,0,26.783873,-0.0011677795,0,14.239524,7.6056846e-06,0
0.5,0,26.783,-0.0026079087,0,14.248753,7.8162709e-06,0
0.5,0,26.782931,-0.0039380201,0,14.257981,8.3101817e-06,0
0.5,0,26.783513,-0.005008985,0,14.26721,9.0519077e-06,0
0.5,0,26.784567,-0.005699034,0,14.276438,9.983919e-06,0
0.5,0,26.785911,-0.0059291483,0,14.285667,1.1031961e-05,0
0.5,0,26.787382,-0.0056722893,0,14.294895,1.2112609e-05,0
0.5,0,26.788838,-0.0049559412,0,14.304124,1.314213e-05,0
0.5,0,26.790158,-0.0038582453,0,14.313352,1.4045465e-05,0
0.5,0,26.791255,-0.0024983338,0,14.32258,1.4764146e-05,0
0.5,0,26.792072,-0.0010202733,0,14.331809,1.5262144e-05,0
0.5,0,26.792584,0.00042410891,0,14.341037,1.5528919e-05,0
0.5,0,26.792776,0.0016924645,0,14.350266,1.5579231e-05,0
0.5,0,26.792645,0.002668722,0,14.359494,1.5450111e-05,0
0.5,0,26.792193,0.0032729416,0,14.368723,1.5195803e-05,0
0.5,0,26.791434,0.0034654166,0,14.377951,1.4881369e-05,0
0.5,0,26.790393,0.0032471723,0,14.38718,1.4575687e-05,0
0.5,0,26.789114,0.0026570238,0,14.396408,1.4344529e-05,0
0.5,0,26.787666,0.0017661614,0,14.405637,1.4244235e-05,0
0.5,0,26.78614,0.00067047383,0,14.414865,1.4316501e-05,0
0.5,0,26.784634,-0.00051759757,0,14.424094,1.4584665e-05,0
0.5,0,26.783262,-0.0016804122,0,14.433322,1.5051775e-05,0
0.5,0,26.782108,-0.0027093675,0,14.442551,1.5700461e-05,0
0.5,0,26.781225,-0.0035113665,0,14.451779,1.6494822e-05,0
0.5,0,26.780639,-0.0040125578,0,14.461007,1.7384105e-05,0
0.5,0,26.780322,-0.0041667578,0,14.470236,1.8307505e-05,0
0.5,0,26.780204,-0.0039596889,0,14.479464,1.9199766e-05,0
0.5,0,26.780178,-0.0034078288,0,14.488693,1.9997247e-05,0
0.5,0,26.780121,-0.002557423,0,14.497921,2.0643987e-05,0
0.5,0,26.779913,-0.0014824751,0,14.50715,2.1097274e-05,0
0.5,0,26.77946,-0.00027993522,0,14.516378,2.1332171e-05,0
0.5,0,26.778706,0.00093755317,0,14.525607,2.1344505e-05,0
0.5,0,26.777647,0.002051308,0,14.534835,2.1151912e-05,0
0.5,0,26.776323,0.0029481751,0,14.544064,2.0792648e-05,0
0.5,0,26.77482,0.003533078,0,14.553292,2.0322081e-05,0
0.5,0,26.773247,0.003741014,0,14.562521,1.9807127e-05,0
0.5,0,26.771725,0.0035463924,0,14.571749,1.9319192e-05,0
0.5,0,26.770364,0.0029678645,0,14.580978,1.8926452e-05,0
0.5,0,26.769254,0.0020675577,0,14.590206,1.868643e-05,0
0.5,0,26.76845,0.00094428416,0,14.599434,1.8639815e-05,0
0.5,0,26.767972,-0.00027848025,0,14.608663,1.8806246e-05,0
0.5,0,26.767797,-0.0014675677,0,14.617891,1.9182471e-05,0
0.5,0,26.76787,-0.0024956271,0,14.62712,1.9742952e-05,0
0.5,0,26.768106,-0.0032549204,0,14.636348,2.044271e-05,0
0.5,0,26.768404,-0.00366772,0,14.645577,2.1222e-05,0
0.5,0,26.768654,-0.0036926516,0,14.654805,2.2012295e-05,0
0.5,0,26.768753,-0.0033272135,0,14.664034,2.2743052e-05,0
0.5,0,26.768611,-0.0026072182,0,14.673262,2.334874e-05,0
0.5,0,26.768159,-0.0016036186,0,14.682491,2.377547e-05,0
0.5,0,26.767354,-0.00041663356,0,14.691719,2.398661e-05,0
0.5,0,26.766184,0.00083324604,0,14.700948,2.3966782e-05,0
0.5,0,26.76467,0.0020174202,0,14.710176,2.3723666e-05,0
0.5,0,26.762861,0.0030133686,0,14.719405,2.3287227e-05,0
0.5,0,26.76083,0.0037191174,0,14.728633,2.2706375e-05,0
0.5,0,26.758672,0.0040656452,0,14.737861,2.2043384e-05,0
0.5,0,26.756489,0.0040245749,0,14.74709,2.1366791e-05,0
0.5,0,26.754392,0.003610384,0,14.756318,2.0743643e-05,0
0.5,0,26.752483,0.0028779125,0,14.765547,2.0232076e-05,0
0.5,0,26.750863,0.0019157018,0,14.774775,1.9875212e-05,0
0.5,0,26.749616,0.00083567922,0,14.784004,1.9696869e-05,0
0.5,0,26.7488,-0.00023922418,0,14.793232,1.9699317e-05,0
0.5,0,26.748454,-0.0011874883,0,14.802461,1.9863241e-05,0
0.5,0,26.748581,-0.0019010814,0,14.811689,2.0149848e-05,0
0.5,0,26.749153,-0.0022968199,0,14.820918,2.0504969e-05,0
0.5,0,26.750116,-0.0023257236,0,14.830146,2.0864958e-05,0
0.5,0,26.751383,-0.0019798296,0,14.839375,2.1163916e-05,0
0.5,0,26.752845,-0.0012957464,0,14.848603,2.1341641e-05,0
0.5,0,26.754378,-0.00035310772,0,14.857832,2.1351402e-05,0
0.5,0,26.755851,0.00073282188,0,14.86706,2.1166521e-05,0
0.5,0,26.757144,0.0018233696,0,14.876288,2.0784784e-05,0
0.5,0,26.758157,0.0027723944,0,14.885517,2.0229846e-05,0
0.5,0,26.758823,0.0034449985,0,14.894745,1.954912e-05,0
0.5,0,26.759118,0.0037373137,0,14.903974,1.880823e-05,0
0.5,0,26.759063,0.0035936193,0,14.913202,1.808275e-05,0
0.5,0,26.758729,0.003016279,0,14.922431,1.7448217e-05,0
0.5,0,26.758224,0.0020669278,0,14.931659,1.6969705e-05,0
0.5,0,26.757673,0.00086006908,0,14.940888,1.669258e-05,0
0.5,0,26.757198,-0.00045164999,0,14.950116,1.6636011e-05,0
0.5,0,26.756913,-0.0017000175,0,14.959345,1.6790236e-05,0
0.5,0,26.756893,-0.0027268487,0,14.968573,1.7117936e-05,0
0.5,0,26.757152,-0.0034076021,0,14.977802,1.7559511e-05,0
0.5,0,26.757656,-0.0036691466,0,14.98703,1.804146e-05,0
0.5,0,26.758337,-0.0034987848,0,14.996259,1.8486626e-05,0
0.5,0,26.759105,-0.0029439782,0,15.005487,1.8824767e-05,0
0.5,0,26.759871,-0.0021037793,0,15.014715,1.9001923e-05,0
0.5,0,26.760563,-0.0011129832,0,15.023944,1.8987222e-05,0
0.5,0,26.761144,-0.00012137799,0,15.033172,1.87762e-05,0
0.5,0,26.761622,0.00072820256,0,15.042401,1.8390282e-05,0
0.5,0,26.762043,0.001319839,0,15.051629,1.7872688e-05,0
0.5,0,26.762489,0.0015798493,0,15.060858,1.7281555e-05,0
0.5,0,26.763056,0.0014854,0,15.070086,1.6681392e-05,0
0.5,0,26.763848,0.0010652483,0,15.079315,1.613421e-05,0
0.5,0,26.764954,0.00039235723,0,15.088543,1.5691602e-05,0
0.5,0,26.766433,-0.0004295478,0,15.097772,1.5388781e-05,0
0.5,0,26.768306,-0.0012831502,0,15.107,1.5241242e-05,0
0.5,0,26.770552,-0.0020561462,0,15.116229,1.5244394e-05,0
0.5,0,26.773105,-0.0026564755,0,15.125457,1.5375816e-05,0
0.5,0,26.775869,-0.0030220097,0,15.134686,1.5599491e-05,0
0.5,0,26.778729,-0.003125229,0,15.143914,1.5871335e-05,0
0.5,0,26.781569,-0.0029725931,0,15.153142,1.6145182e-05,0
0.5,0,26.784288,-0.0025994479,0,15.162371,1.6378457e-05,0
0.5,0,26.786814,-0.00206248,0,15.171599,1.6536961e-05,0
0.5,0,26.789117,-0.0014315438,0,15.180828,1.6598332e-05,0
0.5,0,26.791209,-0.00078204895,0,15.190056,1.6553943e-05,0
0.5,0,26.793149,-0.00018806161,0,15.199285,1.6409181e-05,0
0.5,0,26.79503,0.00028448106,0,15.208513,1.6182186e-05,0
0.5,0,26.796975,0.00058421641,0,15.217742,1.5901313e-05,0
0.5,0,26.79912,0.0006796921,0,15.22697,1.5601662e-05,0
0.5,0,26.801602,0.00056301457,0,15.236199,1.532089e-05,0
0.5,0,26.80455,0.00025151467,0,15.245427,1.5094595e-05,0
0.5,0,26.80807,-0.00021277056,0,15.254656,1.4951734e-05,0
0.5,0,26.812239,-0.00076637281,0,15.263884,1.4910673e-05,0
0.5,0,26.817098,-0.0013307256,0,15.273113,1.4976465e-05,0
0.5,0,26.822641,-0.001822747,0,15.282341,1.5139775e-05,0
0.5,0,26.828843,-0.0021669051,0,15.291569,1.5377674e-05,0
0.5,0,26.835632,-0.002306419,0,15.300798,1.5656705e-05,0
0.5,0,26.842902,-0.0022142558,0,15.310026,1.5937629e-05,0
0.5,0,26.850552,-0.0018999403,0,15.319255,1.6180884e-05,0
0.5,0,26.858459,-0.0014104248,0,15.328483,1.6352506e-05,0
0.5,0,26.866505,-0.00082377587,0,15.337712,1.6429753e-05,0
0.5,0,26.874589,-0.00023612429,0,15.34694,1.6405157e-05,0
0.5,0,26.88262,0.00025209688,0,15.356169,1.6288268e-05,0
0.5,0,26.890531,0.00055133943,0,15.365397,1.6104752e-05,0
0.5,0,26.898272,0.00059913773,0,15.374626,1.5892783e-05,0
0.5,0,26.905815,0.00037279046,0,15.383854,1.5697341e-05,0
0.5,0,26.91315,-0.00010579137,0,15.393083,1.5563312e-05,0
0.5,0,26.92028,-0.00077343364,0,15.402311,1.5528266e-05,0
0.5,0,26.927215,-0.001533074,0,15.41154,1.5616059e-05,0
0.5,0,26.933961,-0.0022692497,0,15.420768,1.5832846e-05,0
0.5,0,26.940515,-0.0028712441,0,15.429996,1.6166241e-05,0
0.5,0,26.946844,-0.0032520247,0,15.439225,1.658709e-05,0
0.5,0,26.952892,-0.0033582822,0,15.448453,1.7053522e-05,0
0.5,0,26.958577,-0.0031786835,0,15.457682,1.7517281e-05,0
0.5,0,26.963796,-0.0027465616,0,15.46691,1.7931408e-05,0
0.5,0,26.968441,-0.0021302642,0,15.476139,1.8257208e-05,0
0.5,0,26.972411,-0.0014208207,0,15.485367,1.8469463e-05,0
0.5,0,26.975635,-0.00072059511,0,15.494596,1.8559661e-05,0
0.5,0,26.97809,-0.00012797681,0,15.503824,1.8536565e-05,0
0.5,0,26.979817,0.00027780784,0,15.513053,1.8424173e-05,0
0.5,0,26.980936,0.00044796467,0,15.522281,1.8257529e-05,0
0.5,0,26.981639,0.00037279018,0,15.53151,1.8076818e-05,0
0.5,0,26.982172,8.5160928e-05,0,15.540738,1.7920682e-05,0
0.5,0,26.982799,-0.00034608853,0,15.549967,1.7819968e-05,0
0.5,0,26.983768,-0.00083063253,0,15.559195,1.7792749e-05,0
0.5,0,26.985278,-0.0012721374,0,15.568423,1.7841323e-05,0
0.5,0,26.987458,-0.0015823438,0,15.577652,1.7952272e-05,0
0.5,0,26.990367,-0.0016947199,0,15.58688,1.8099624e-05,0
0.5,0,26.993983,-0.0015794736,0,15.596109,1.8250172e-05,0
0.5,0,26.998208,-0.0012496575,0,15.605337,1.8369408e-05,0
0.5,0,27.002887,-0.00075372448,0,15.614566,1.8427252e-05,0
0.5,0,27.007817,-0.00016588804,0,15.623794,1.8403186e-05,0
0.5,0,27.012746,0.00042487983,0,15.633023,1.8289555e-05,0
0.5,0,27.017388,0.00092981026,0,15.642251,1.8092347e-05,0
0.5,0,27.021419,0.0012757454,0,15.65148,1.7829562e-05,0
0.5,0,27.024494,0.0014172382,0,15.660708,1.7527525e-05,0
0.5,0,27.026268,0.0013419663,0,15.669937,1.7216002e-05,0
0.5,0,27.026433,0.001072441,0,15.679165,1.6923035e-05,0
0.5,0,27.024802,0.00066100877,0,15.688394,1.6670903e-05,0
0.5,0,27.021343,0.00017707831,0,15.697622,1.6472543e-05,0
0.5,0,27.016216,-0.00030537549,0,15.70685,1.6329213e-05,0
0.5,0,27.00978,-0.0007167448,0,15.716079,1.623165e-05,0
0.5,0,27.002526,-0.0010007257,0,15.725307,1.6162805e-05,0
0.5,0,26.995007,-0.0011245759,0,15.734536,1.6101418e-05,0
0.5,0,26.987751,-0.0010865631,0,15.743764,1.6026439e-05,0
0.5,0,26.981204,-0.00091492705,0,15.752993,1.5921048e-05,0
0.5,0,26.975677,-0.00066039681,0,15.762221,1.5775583e-05,0
0.5,0,26.971325,-0.00038653556,0,15.77145,1.5588982e-05,0
0.5,0,26.968147,-0.00015643999,0,15.780678,1.536861e-05,0
0.5,0,26.966,-2.1962459e-05,0,15.789907,1.5128607e-05,0
0.5,0,26.964635,-1.6589049e-05,0,15.799135,1.4887098e-05,0
0.5,0,26.963749,-0.00014875625,0,15.808364,1.4662429e-05,0
0.5,0,26.963022,-0.00039743545,0,15.817592,1.4469105e-05,0
0.5,0,26.962156,-0.00071567996,0,15.826821,1.4314454e-05,0
0.5,0,26.960921,-0.0010421384,0,15.836049,1.4196713e-05,0
0.5,0,26.959185,-0.0013133037,0,15.845277,1.4104824e-05,0
0.5,0,26.956906,-0.0014750155,0,15.854506,1.4020016e-05,0
0.5,0,26.954135,-0.0014931449,0,15.863734,1.3918956e-05,0
0.5,0,26.951008,-0.0013605557,0,15.872963,1.3777859e-05,0
0.5,0,26.947729,-0.0010991255,0,15.882191,1.3576925e-05,0
0.5,0,26.944532,-0.00075506462,0,15.89142,1.330428e-05,0
0.5,0,26.941645,-0.00038966475,0,15.900648,1.2958485e-05,0
0.5,0,26.939256,-6.8478247e-05,0,15.909877,1.2549238e-05,0
0.5,0,26.937485,0.00015279204,0,15.919105,1.2096042e-05,0
0.5,0,26.936366,0.00024119053,0,15.928334,1.1625012e-05,0
0.5,0,26.935849,0.00019294503,0,15.937562,1.1164538e-05,0
0.5,0,26.935788,3.3299868e-05,0,15.946791,1.0740512e-05,0
0.5,0,26.935985,-0.00018851451,0,15.956019,1.0372064e-05,0
0.5,0,26.936191,-0.00041141547,0,15.965248,1.0068764e-05,0
0.5,0,26.936134,-0.00057826466,0,15.974476,9.829778e-06,0
0.5,0,26.935595,-0.00064728652,0,15.983704,9.6450993e-06,0
0.5,0,26.93442,-0.00060087976,0,15.992933,9.4987122e-06,0
0.5,0,26.932571,-0.00044987918,0,16.002161,9.3727491e-06,0
0.5,0,26.930138,-0.00022924259,0,16.01139,9.251468e-06,0
0.5,0,26.927327,1.0570993e-05,0,16.020618,9.1245564e-06,0
0.5,0,26.924426,0.00021408847,0,16.029847,8.9890332e-06,0
0.5,0,26.921755,0.00033384129,0,16.039075,8.8491112e-06,0
0.5,0,26.919614,0.00034078793,0,16.048304,8.714449e-06,0
0.5,0,26.918239,0.00022892657,0,16.057532,8.5973853e-06,0
0.5,0,26.917786,1.6146113e-05,0,16.066761,8.509622e-06,0
0.5,0,26.918315,-0.00025937449,0,16.075989,8.4591098e-06,0
0.5,0,26.919805,-0.00054898779,0,16.085218,8.4478861e-06,0
0.5,0,26.922172,-0.00080519417,0,16.094446,8.4714654e-06,0
0.5,0,26.925291,-0.00099109945,0,16.103675,8.5200062e-06,0
0.5,0,26.929005,-0.0010866494,0,16.112903,8.580759e-06,0
0.5,0,26.933129,-0.0010901161,0,16.122131,8.6409975e-06,0
0.5,0,26.937454,-0.0010159689,0,16.13136,8.690757e-06,0
0.5,0,26.941752,-0.00089024377,0,16.140588,8.7248661e-06,0
0.5,0,26.945793,-0.00074368206,0,16.149817,8.743861e-06,0
0.5,0,26.949365,-0.00060481612,0,16.159045,8.7536144e-06,0
0.5,0,26.952313,-0.00049510419,0,16.168274,8.7638785e-06,0
0.5,0,26.954558,-0.00042610771,0,16.177502,8.7861944e-06,0
0.5,0,26.95611,-0.00039860898,0,16.186731,8.8316494e-06,0
0.5,0,26.957057,-0.0004040433,0,16.195959,8.9088925e-06,0
0.5,0,26.957544,-0.00042809064,0,16.205188,9.0227598e-06,0
0.5,0,26.957738,-0.00045544247,0,16.214416,9.1736716e-06,0
0.5,0,26.957794,-0.00047393584,0,16.223645,9.3577825e-06,0
0.5,0,26.957828,-0.00047711295,0,16.232873,9.5677731e-06,0
0.5,0,26.957903,-0.00046492968,0,16.242102,9.7941235e-06,0
0.5,0,26.958015,-0.00044265985,0,16.25133,1.0026576e-05,0
0.5,0,26.958108,-0.00041878062,0,16.260558,1.0255452e-05,0
0.5,0,26.958079,-0.00040250337,0,16.269787,1.0472547e-05,0
0.5,0,26.957806,-0.00040103255,0,16.279015,1.0671483e-05,0
0.5,0,26.957181,-0.00041669452,0,16.288244,1.084757e-05,0
0.5,0,26.956137,-0.00044541719,0,16.297472,1.0997377e-05,0
0.5,0,26.954689,-0.00047761396,0,16.306701,1.1118216e-05,0
0.5,0,26.952938,-0.00050071316,0,16.315929,1.1207665e-05,0
0.5,0,26.951062,-0.00050253963,0,16.325158,1.1263305e-05,0
0.5,0,26.949285,-0.00047447718,0,16.334386,1.128281e-05,0
0.5,0,26.947825,-0.00041366733,0,16.343615,1.1264413e-05,0
0.5,0,26.946845,-0.00032383622,0,16.352843,1.1207615e-05,0
0.5,0,26.946415,-0.00021415805,0,16.362072,1.1113873e-05,0
0.5,0,26.946495,-9.6917295e-05,0,16.3713,1.0986986e-05,0
0.5,0,26.946949,1.5185983e-05,0,16.380529,1.0833041e-05,0
0.5,0,26.947568,0.00011204819,0,16.389757,1.0659961e-05,0
0.5,0,26.948111,0.00018875567,0,16.398985,1.0476625e-05,0
0.5,0,26.948348,0.00024651,0,16.408214,1.0291772e-05,0
0.5,0,26.948112,0.00029145371,0,16.417442,1.0112925e-05,0
0.5,0,26.947324,0.00033232042,0,16.426671,9.9455561e-06,0
0.5,0,26.946008,0.00037833334,0,16.435899,9.7926088e-06,0
0.5,0,26.94427,0.00043733213,0,16.445128,9.6544731e-06,0
0.5,0,26.942284,0.00051397101,0,16.454356,9.5294154e-06,0
0.5,0,26.94025,0.00060891188,0,16.463585,9.4143476e-06,0
0.5,0,26.938362,0.00071864199,0,16.472813,9.3057205e-06,0
0.5,0,26.936779,0.00083576261,0,16.482042,9.2003807e-06,0
0.5,0,26.935596,0.00095040071,0,16.49127,9.0961281e-06,0
0.5,0,26.934843,0.0010518462,0,16.500499,8.991858e-06,0
0.5,0,26.934485,0.0011294083,0,16.509727,8.8874203e-06,0
0.5,0,26.934438,0.001173968,0,16.518956,8.7833789e-06,0
0.5,0,26.934598,0.0011799254,0,16.528184,8.6808373e-06,0
0.5,0,26.934865,0.0011455008,0,16.537412,8.5813088e-06,0
0.5,0,26.935188,0.0010729555,0,16.546641,8.48672e-06,0
0.5,0,26.935546,0.00096733106,0,16.555869,8.3994764e-06,0
0.5,0,26.935959,0.00083427538,0,16.565098,8.3223112e-06,0
0.5,0,26.936489,0.00068026138,0,16.574326,8.2579678e-06,0
0.5,0,26.937206,0.00051284612,0,16.583555,8.2089158e-06,0
0.5,0,26.938181,0.00033959621,0,16.592783,8.1770898e-06,0
0.5,0,26.939484,0.00016730394,0,16.602012,8.163667e-06,0
0.5,0,26.941188,2.2447994e-06,0,16.61124,8.1689246e-06,0
0.5,0,26.94336,-0.0001494566,0,16.620469,8.1921668e-06,0
0.5,0,26.946043,-0.00028197664,0,16.629697,8.2317149e-06,0
0.5,0,26.949254,-0.00039010006,0,16.638926,8.2849551e-06,0
0.5,0,26.952987,-0.0004693944,0,16.648154,8.348466e-06,0
0.5,0,26.957202,-0.00051682986,0,16.657383,8.4182409e-06,0
0.5,0,26.961814,-0.00053228899,0,16.666611,8.4900336e-06,0
0.5,0,26.966696,-0.00051952791,0,16.67584,8.5597655e-06,0
0.5,0,26.971692,-0.00048554116,0,16.685068,8.6241631e-06,0
0.5,0,26.976643,-0.00043999612,0,16.694296,8.6810249e-06,0
0.5,0,26.981412,-0.00039478664,0,16.703525,8.7293129e-06,0
0.5,0,26.985896,-0.00036199862,0,16.712753,8.769442e-06,0
0.5,0,26.990029,-0.00035243729,0,16.721982,8.8032195e-06,0
0.5,0,26.993786,-0.00037501985,0,16.73121,8.8335631e-06,0
0.5,0,26.997168,-0.00043548594,0,16.740439,8.8639812e-06,0
0.5,0,27.000196,-0.00053509531,0,16.749667,8.8978885e-06,0
0.5,0,27.002909,-0.00067023732,0,16.758896,8.9379681e-06,0
0.5,0,27.005369,-0.00083408319,0,16.768124,8.9855782e-06,0
0.5,0,27.007661,-0.0010173314,0,16.777353,9.040112e-06,0
0.5,0,27.009887,-0.0012054796,0,16.786581,9.0987759e-06,0
0.5,0,27.01216,-0.0013793982,0,16.79581,9.1572508e-06,0
0.5,0,27.01457,-0.001528955,0,16.805038,9.2099276e-06,0
0.5,0,27.017172,-0.001653315,0,16.814267,9.2493289e-06,0
0.5,0,27.01993,-0.0017470599,0,16.823495,9.2668652e-06,0
0.5,0,27.022697,-0.0018049867,0,16.832723,9.2546394e-06,0
0.5,0,27.025268,-0.0018262542,0,16.841952,9.2064096e-06,0
0.5,0,27.027561,-0.0018143843,0,16.85118,9.1180197e-06,0
0.5,0,27.029407,-0.0017717809,0,16.860409,8.9876489e-06,0
0.5,0,27.030572,-0.0016982515,0,16.869637,8.8156391e-06,0
0.5,0,27.031054,-0.0016010148,0,16.878866,8.604329e-06,0
0.5,0,27.030981,-0.0014921688,0,16.888094,8.3576706e-06,0
0.5,0,27.030608,-0.001380711,0,16.897323,8.0803561e-06,0
0.5,0,27.030278,-0.0012710548,0,16.906551,7.7771767e-06,0
0.5,0,27.030352,-0.0011638353,0,16.91578,7.4529023e-06,0
0.5,0,27.031147,-0.0010561201,0,16.925008,7.1122461e-06,0
0.5,0,27.032876,-0.00094528757,0,16.934237,6.7594946e-06,0
0.5,0,27.035619,-0.00083259079,0,16.943465,6.3976347e-06,0
0.5,0,27.039322,-0.00072322721,0,16.952694,6.027574e-06,0
0.5,0,27.043815,-0.00062289363,0,16.961922,5.6481387e-06,0
0.5,0,27.048845,-0.00053448355,0,16.97115,5.2566102e-06,0
0.5,0,27.054128,-0.00045941094,0,16.980379,4.8492734e-06,0
0.5,0,27.059399,-0.00039910208,0,16.989607,4.4218536e-06,0
0.5,0,27.064461,-0.00035248748,0,16.998836,3.9702663e-06,0
0.5,0,27.069194,-0.0003148715,0,17.008064,3.4918363e-06,0
0.5,0,27.073509,-0.00028178212,0,17.017293,2.9860179e-06,0
0.5,0,27.07726,-0.00025181877,0,17.026521,2.4541883e-06,0
0.5,0,27.08021,-0.00022234319,0,17.03575,1.899498e-06,0
0.5,0,27.082133,-0.00020383883,0,17.044978,1.3270798e-06,0
0.5,0,27.083026,-0.00027065641,0,17.054207,7.403387e-07,0
0.5,0,27.083338,-0.00048215582,0,17.063435,1.3821868e-07,0
0.5,0,26.789122,-0.0022770713,0,17.866312,3.3076554e-07,0
0.5,0,26.775832,-0.0021473205,0,17.87554,1.0330193e-06,0
0.5,0,26.764727,-0.0018380298,0,17.884769,1.706348e-06,0
0.5,0,26.755734,-0.0014894849,0,17.893997,2.3402007e-06,0
0.5,0,26.748795,-0.0011885794,0,17.903226,2.9314109e-06,0
0.5,0,26.743805,-0.00093415731,0,17.912454,3.4762655e-06,0
0.5,0,26.740605,-0.00071374169,0,17.921683,3.9692658e-06,0
0.5,0,26.739009,-0.00052282858,0,17.930911,4.4054049e-06,0
0.5,0,26.738811,-0.00034936054,0,17.940139,4.7804209e-06,0
0.5,0,26.739803,-0.00017716428,0,17.949368,5.0902966e-06,0
0.5,0,26.741787,-7.1574047e-08,0,17.958596,5.3320987e-06,0
0.5,0,26.744592,0.00017552867,0,17.967825,5.5054075e-06,0
0.5,0,26.748061,0.00033884832,0,17.977053,5.6126757e-06,0
0.5,0,26.752004,0.00047957232,0,17.986282,5.6586553e-06,0
0.5,0,26.756149,0.00058675205,0,17.99551,5.6499136e-06,0
0.5,0,26.760147,0.00064936499,0,18.004739,5.5945956e-06,0
0.5,0,26.763668,0.00066051045,0,18.013967,5.5019501e-06,0
0.5,0,26.766529,0.00061966423,0,18.023196,5.3815878e-06,0
0.5,0,26.768775,0.00053021212,0,18.032424,5.2430399e-06,0
0.5,0,26.770657,0.00039610452,0,18.041653,5.0959076e-06,0
0.5,0,26.772536,0.00022179747,0,18.050881,4.9502197e-06,0
0.5,0,26.774774,1.4728508e-05,0,18.06011,4.816456e-06,0
0.5,0,26.777659,-0.00021355256,0,18.069338,4.705118e-06,0
0.5,0,26.78135,-0.00045040026,0,18.078566,4.6261997e-06,0
0.5,0,26.785907,-0.0006846951,0,18.087795,4.5888754e-06,0
0.5,0,26.791134,-0.00090927582,0,18.097023,4.601423e-06,0
0.5,0,26.796761,-0.0011228011,0,18.106252,4.6708113e-06,0
0.5,0,26.802443,-0.00132136,0,18.11548,4.8023384e-06,0
0.5,0,26.807703,-0.0014960222,0,18.124709,4.9991914e-06,0
0.5,0,26.812217,-0.0016387371,0,18.133937,5.2618028e-06,0
0.5,0,26.815771,-0.0017428604,0,18.143166,5.5877687e-06,0
0.5,0,26.818292,-0.0018038501,0,18.152394,5.971971e-06,0
0.5,0,26.81984,-0.0018196585,0,18.161623,6.4067492e-06,0
0.5,0,26.820566,-0.0017897594,0,18.170851,6.8821726e-06,0
0.5,0,26.820678,-0.001714051,0,18.18008,7.3863289e-06,0
0.5,0,26.820405,-0.0015921618,0,18.189308,7.9056355e-06,0
0.5,0,26.819957,-0.0014239252,0,18.198537,8.4252467e-06,0
0.5,0,26.819485,-0.0012113152,0,18.207765,8.9297497e-06,0
0.5,0,26.819041,-0.00096076859,0,18.216993,9.404279e-06,0
0.5,0,26.818562,-0.00068350966,0,18.226222,9.8357525e-06,0
0.5,0,26.817885,-0.00039241362,0,18.23545,1.0213774e-05,0
0.5,0,26.816807,-9.8017908e-05,0,18.244679,1.0530871e-05,0
0.5,0,26.815142,0.00019287113,0,18.253907,1.0782176e-05,0
0.5,0,26.812786,0.0004753542,0,18.263136,1.0965064e-05,0
0.5,0,26.809735,0.00074243432,0,18.272364,1.107907e-05,0
0.5,0,26.806084,0.00098202991,0,18.281593,1.1126133e-05,0
0.5,0,26.801999,0.0011782452,0,18.290821,1.1110813e-05,0
0.5,0,26.797676,0.0013162983,0,18.30005,1.1040055e-05,0
0.5,0,26.793321,0.0013873762,0,18.309278,1.0922342e-05,0
0.5,0,26.78913,0.001390295,0,18.318507,1.0766557e-05,0
0.5,0,26.785274,0.0013299531,0,18.327735,1.0581116e-05,0
0.5,0,26.781879,0.0012146977,0,18.336964,1.0373652e-05,0
0.5,0,26.779,0.0010546956,0,18.346192,1.0151119e-05,0
0.5,0,26.7766,0.00086181587,0,18.35542,9.9199341e-06,0
0.5,0,26.774556,0.00064985583,0,18.364649,9.6859875e-06,0
0.5,0,26.772674,0.00043339047,0,18.373877,9.4545881e-06,0
0.5,0,26.770746,0.00022481648,0,18.383106,9.2305841e-06,0
0.5,0,26.768616,3.1266875e-05,0,18.392334,9.0187516e-06,0
0.5,0,26.766226,-0.00014660012,0,18.401563,8.8242991e-06,0
0.5,0,26.763635,-0.00031317136,0,18.410791,8.6531543e-06,0
0.5,0,26.760996,-0.00047512949,0,18.42002,8.5118671e-06,0
0.5,0,26.758513,-0.00063918401,0,18.429248,8.4072211e-06,0
0.5,0,26.756382,-0.00081077682,0,18.438477,8.3456965e-06,0
0.5,0,26.754754,-0.00099322335,0,18.447705,8.3329221e-06,0
0.5,0,26.753707,-0.001186464,0,18.456934,8.3731645e-06,0
0.5,0,26.753239,-0.0013860561,0,18.466162,8.4689231e-06,0
0.5,0,26.753281,-0.0015830269,0,18.475391,8.620662e-06,0
0.5,0,26.753717,-0.0017645735,0,18.484619,8.8265865e-06,0
0.5,0,26.754409,-0.0019158856,0,18.493847,9.0825085e-06,0
0.5,0,26.755223,-0.0020226246,0,18.503076,9.3819621e-06,0
0.5,0,26.756047,-0.0020729803,0,18.512304,9.7166185e-06,0
0.5,0,26.756811,-0.0020592376,0,18.521533,1.0076868e-05,0
0.5,0,26.757501,-0.0019787278,0,18.530761,1.0452431e-05,0
0.5,0,26.758156,-0.001833186,0,18.53999,1.0833068e-05,0
0.5,0,26.758863,-0.0016281517,0,18.549218,1.1209416e-05,0
0.5,0,26.759727,-0.001373563,0,18.558447,1.1573755e-05,0
0.5,0,26.760847,-0.0010826624,0,18.567675,1.1920283e-05,0
0.5,0,26.762275,-0.00076920522,0,18.576904,1.2244835e-05,0
0.5,0,26.763999,-0.0004457554,0,18.586132,1.2544289e-05,0
0.5,0,26.765925,-0.00012265412,0,18.595361,1.281589e-05,0
0.5,0,26.767888,0.00019312963,0,18.604589,1.3056549e-05,0
0.5,0,26.769679,0.0004984371,0,18.613818,1.3262332e-05,0
0.5,0,26.771083,0.00079314686,0,18.623046,1.3428291e-05,0
0.5,0,26.771914,0.0010783177,0,18.632274,1.3548761e-05,0
0.5,0,26.772047,0.0013535241,0,18.641503,1.3618145e-05,0
0.5,0,26.771424,0.0016142185,0,18.650731,1.3632073e-05,0
0.5,0,26.77005,0.0018503234,0,18.65996,1.3588765e-05,0
0.5,0,26.767981,0.002046501,0,18.669188,1.3490282e-05,0
0.5,0,26.7653,0.0021843549,0,18.678417,1.3343333e-05,0
0.5,0,26.762107,0.0022462661,0,18.687645,1.3159365e-05,0
0.5,0,26.758503,0.0022195566,0,18.696874,1.2953844e-05,0
0.5,0,26.75459,0.0020994757,0,18.706102,1.2744865e-05,0
0.5,0,26.750465,0.0018899202,0,18.715331,1.2551412e-05,0
0.5,0,26.746218,0.001601775,0,18.724559,1.2391666e-05,0
0.5,0,26.741927,0.0012498261,0,18.733788,1.2281648e-05,0
0.5,0,26.737661,0.00084999037,0,18.743016,1.2234343e-05,0
0.5,0,26.733486,0.00041792554,0,18.752245,1.2259251e-05,0
0.5,0,26.72948,-3.1162937e-05,0,18.761473,1.2362207e-05,0
0.5,0,26.725748,-0.00048202703,0,18.770701,1.2545261e-05,0
0.5,0,26.722447,-0.00091837008,0,18.77993,1.2806586e-05,0
0.5,0,26.7198,-0.0013224857,0,18.789158,1.3140526e-05,0
0.5,0,26.718093,-0.0016766868,0,18.798387,1.3537886e-05,0
0.5,0,26.717652,-0.0019655025,0,18.807615,1.3986468e-05,0
0.5,0,26.718793,-0.002177411,0,18.816844,1.4471861e-05,0
0.5,0,26.721752,-0.0023053118,0,18.826072,1.4978272e-05,0
0.5,0,26.726619,-0.0023459642,0,18.835301,1.5489276e-05,0
0.5,0,26.733279,-0.0022990649,0,18.844529,1.5988476e-05,0
0.5,0,26.741377,-0.0021664368,0,18.853758,1.6460065e-05,0
0.5,0,26.750339,-0.001952407,0,18.862986,1.6889281e-05,0
0.5,0,26.759427,-0.0016643616,0,18.872215,1.7262754e-05,0
0.5,0,26.767839,-0.0013130579,0,18.881443,1.7568821e-05,0
0.5,0,26.774838,-0.00091290056,0,18.890672,1.7798097e-05,0
0.5,0,26.779846,-0.00048178292,0,18.8999,1.7944248e-05,0
0.5,0,26.782574,-4.0247096e-05,0,18.909128,1.8004698e-05,0
0.5,0,26.783083,0.00038814139,0,18.918357,1.7981129e-05,0
0.5,0,26.781676,0.0007784515,0,18.927585,1.7879678e-05,0
0.5,0,26.778838,0.001109593,0,18.936814,1.7710675e-05,0
0.5,0,26.77515,0.0013664346,0,18.946042,1.7487998e-05,0
0.5,0,26.771157,0.0015401509,0,18.955271,1.7228073e-05,0
0.5,0,26.767289,0.0016287949,0,18.964499,1.6948538e-05,0
0.5,0,26.763818,0.0016366087,0,18.973728,1.6666871e-05,0
0.5,0,26.760879,0.0015724383,0,18.982956,1.639918e-05,0
0.5,0,26.758511,0.0014481281,0,18.992185,1.6159273e-05,0
0.5,0,26.756706,0.0012775658,0,19.001413,1.5958047e-05,0
0.5,0,26.755453,0.001076087,0,19.010642,1.5803146e-05,0
0.5,0,26.754748,0.00085952533,0,19.01987,1.5698891e-05,0
0.5,0,26.754591,0.0006427132,0,19.029099,1.5646512e-05,0
0.5,0,26.754961,0.00043779542,0,19.038327,1.5644695e-05,0
0.5,0,26.75579,0.00025252422,0,19.047555,1.5690371e-05,0
0.5,0,26.75695,8.9049461e-05,0,19.056784,1.5779538e-05,0
0.5,0,26.758251,-5.4195805e-05,0,19.066012,1.5908004e-05,0
0.5,0,26.759474,-0.00017981468,0,19.075241,1.6072105e-05,0
0.5,0,26.760389,-0.00029264274,0,19.084469,1.6269112e-05,0
0.5,0,26.760828,-0.00039967984,0,19.093698,1.6496721e-05,0
0.5,0,26.760718,-0.00050701992,0,19.102926,1.6752312e-05,0
0.5,0,26.760072,-0.00061482344,0,19.112155,1.7032905e-05,0
0.5,0,26.758999,-0.00071731952,0,19.121383,1.7334855e-05,0
0.5,0,26.75771,-0.00080878173,0,19.130612,1.7653157e-05,0
0.5,0,26.756465,-0.00088355768,0,19.13984,1.798139e-05,0
0.5,0,26.755521,-0.00093440965,0,19.149069,1.8312102e-05,0
0.5,0,26.755088,-0.00095503587,0,19.158297,1.86373e-05,0
0.5,0,26.755299,-0.00094252627,0,19.167526,1.8949139e-05,0
0.5,0,26.756191,-0.00089809347,0,19.176754,1.9240621e-05,0
0.5,0,26.757696,-0.00082722344,0,19.185982,1.9506094e-05,0
0.5,0,26.759659,-0.00073893155,0,19.195211,1.9741524e-05,0
0.5,0,26.761851,-0.00064407792,0,19.204439,1.9944584e-05,0
0.5,0,26.764009,-0.00055340787,0,19.213668,2.0114628e-05,0
0.5,0,26.765871,-0.0004758656,0,19.222896,2.0252541e-05,0
0.5,0,26.767224,-0.00041742702,0,19.232125,2.0360456e-05,0
0.5,0,26.767936,-0.00038038963,0,19.241353,2.0441345e-05,0
0.5,0,26.76799,-0.00036296186,0,19.250582,2.0498491e-05,0
0.5,0,26.767486,-0.00035949165,0,19.25981,2.0534961e-05,0
0.5,0,26.766626,-0.00036186834,0,19.269039,2.0553199e-05,0
0.5,0,26.765674,-0.00036183779,0,19.278267,2.0554877e-05,0
0.5,0,26.764907,-0.00035351868,0,19.287496,2.0541066e-05,0
0.5,0,26.764556,-0.0003352478,0,19.296724,2.0512692e-05,0
0.5,0,26.764762,-0.00031005677,0,19.305953,2.0471119e-05,0
0.5,0,26.76555,-0.0002848831,0,19.315181,2.0418616e-05,0
0.5,0,26.766834,-0.00026823561,0,19.324409,2.0358522e-05,0
0.5,0,26.768433,-0.00026680367,0,19.333638,2.029502e-05,0
0.5,0,26.770115,-0.00028290582,0,19.342866,2.0232571e-05,0
0.5,0,26.77164,-0.00031360961,0,19.352095,2.017516e-05,0
0.5,0,26.772812,-0.00035154495,0,19.361323,2.0125602e-05,0
0.5,0,26.773508,-0.00038699699,0,19.370552,2.0085086e-05,0
0.5,0,26.773703,-0.00041021305,0,19.37978,2.005302e-05,0
0.5,0,26.773471,-0.0004131153,0,19.389009,2.0027136e-05,0
0.5,0,26.77297,-0.0003901562,0,19.398237,2.0003782e-05,0
0.5,0,26.772405,-0.00033854532,0,19.407466,1.9978305e-05,0
0.5,0,26.771985,-0.00025830242,0,19.416694,1.9945492e-05,0
0.5,0,26.771874,-0.00015248087,0,19.425923,1.9900075e-05,0
0.5,0,26.772155,-2.7599738e-05,0,19.435151,1.983732e-05,0
0.5,0,26.772813,0.0001061308,0,19.44438,1.9753666e-05,0
0.5,0,26.773733,0.00023518649,0,19.453608,1.9647346e-05,0
0.5,0,26.774726,0.00034380416,0,19.462836,1.9518862e-05,0
0.5,0,26.775578,0.00041572184,0,19.472065,1.9371174e-05,0
0.5,0,26.7761,0.00043644904,0,19.481293,1.9209529e-05,0
0.5,0,26.776188,0.00039592556,0,19.490522,1.9040941e-05,0
0.5,0,26.775856,0.0002908876,0,19.49975,1.8873431e-05,0
0.5,0,26.775245,0.00012595921,0,19.508979,1.8715112e-05,0
0.5,0,26.774597,-8.6886249e-05,0,19.518207,1.8573211e-05,0
0.5,0,26.774201,-0.0003301026,0,19.527436,1.8453084e-05,0
0.5,0,26.774328,-0.00058292989,0,19.536664,1.8357342e-05,0
0.5,0,26.775159,-0.00082373069,0,19.545893,1.8285228e-05,0
0.5,0,26.776736,-0.0010320843,0,19.555121,1.8232381e-05,0
0.5,0,26.778945,-0.0011906295,0,19.56435,1.8191104e-05,0
0.5,0,26.781527,-0.0012865975,0,19.573578,1.8151064e-05,0
0.5,0,26.784118,-0.0013132784,0,19.582807,1.8100275e-05,0
0.5,0,26.786316,-0.0012712869,0,19.592035,1.8026342e-05,0
0.5,0,26.787765,-0.0011689441,0,19.601263,1.7917856e-05,0
0.5,0,26.788227,-0.0010218104,0,19.610492,1.7765767e-05,0
0.5,0,26.78762,-0.00085135108,0,19.61972,1.7564519e-05,0
0.5,0,26.786033,-0.00068217009,0,19.628949,1.731275e-05,0
0.5,0,26.783692,-0.00053809038,0,19.638177,1.7013511e-05,0
0.5,0,26.780911,-0.0004388677,0,19.647406,1.6674067e-05,0
0.5,0,26.778037,-0.00039862311,0,19.656634,1.6305017e-05,0
0.5,0,26.775393,-0.00042470094,0,19.665863,1.5918883e-05,0
0.5,0,26.773237,-0.00051565966,0,19.675091,1.5528678e-05,0
0.5,0,26.771741,-0.00066081056,0,19.68432,1.5146499e-05,0
0.5,0,26.770984,-0.00084274995,0,19.693548,1.4782352e-05,0
0.5,0,26.770964,-0.0010410827,0,19.702777,1.4443482e-05,0
0.5,0,26.771615,-0.00123632,0,19.712005,1.4134139e-05,0
0.5,0,26.77282,-0.0014129548,0,19.721234,1.385569e-05,0
0.5,0,26.774431,-0.0015614323,0,19.730462,1.3607043e-05,0
0.5,0,26.776279,-0.0016786117,0,19.73969,1.3385349e-05,0
0.5,0,26.77819,-0.0017663317,0,19.748919,1.3186837e-05,0
0.5,0,26.779999,-0.0018290657,0,19.758147,1.3007706e-05,0
0.5,0,26.781577,-0.001872511,0,19.767376,1.2844858e-05,0
0.5,0,26.78285,-0.00190431,0,19.776604,1.2696256e-05,0
0.5,0,26.783823,-0.0019334279,0,19.785833,1.2560815e-05,0
0.5,0,26.784595,-0.0019665469,0,19.795061,1.2438015e-05,0
0.5,0,26.785337,-0.0020071956,0,19.80429,1.2327699e-05,0
0.5,0,26.786263,-0.0020557663,0,19.813518,1.2229859e-05,0
0.5,0,26.787615,-0.0021100366,0,19.822747,1.214402e-05,0
0.5,0,26.789615,-0.0021669728,0,19.831975,1.2068945e-05,0
0.5,0,26.792413,-0.0022215429,0,19.841204,1.2002963e-05,0
0.5,0,26.796069,-0.0022661309,0,19.850432,1.1944217e-05,0
0.5,0,26.800549,-0.0022937415,0,19.859661,1.1890819e-05,0
0.5,0,26.805725,-0.0023013397,0,19.868889,1.1841054e-05,0
0.5,0,26.811389,-0.0022895233,0,19.878117,1.1793407e-05,0
0.5,0,26.817285,-0.0022606292,0,19.887346,1.1746463e-05,0
0.5,0,26.823132,-0.002217385,0,19.896574,1.1698798e-05,0
0.5,0,26.828667,-0.0021628353,0,19.905803,1.1648867e-05,0
0.5,0,26.83366,-0.0021007069,0,19.915031,1.1594964e-05,0
0.5,0,26.837938,-0.0020333606,0,19.92426,1.1535116e-05,0
0.5,0,26.84138,-0.0019600123,0,19.933488,1.1466898e-05,0
0.5,0,26.843919,-0.0018778908,0,19.942717,1.1387351e-05,0
0.5,0,26.845531,-0.0017835593,0,19.951945,1.1293083e-05,0
0.5,0,26.846223,-0.0016734764,0,19.961174,1.1180386e-05,0
0.5,0,26.846032,-0.001544629,0,19.970402,1.1045351e-05,0
0.5,0,26.84502,-0.0013948787,0,19.979631,1.0884032e-05,0
0.5,0,26.843272,-0.0012235311,0,19.988859,1.0692724e-05,0
0.5,0,26.840888,-0.0010323564,0,19.998088,1.046833e-05,0
0.5,0,26.837978,-0.00082678353,0,20.007316,1.0208593e-05,0
0.5,0,26.834656,-0.00061583159,0,20.016544,9.9122696e-06,0
0.5,0,26.83104,-0.00040925944,0,20.025773,9.5794887e-06,0
0.5,0,26.827242,-0.00021560498,0,20.035001,9.2120548e-06,0
0.5,0,26.823363,-4.348244e-05,0,20.04423,8.8134477e-06,0
0.5,0,26.819489,9.798729e-05,0,20.053458,8.3887032e-06,0
0.5,0,26.815683,0.0002017603,0,20.062687,7.9441956e-06,0
0.5,0,26.811974,0.00026426931,0,20.071915,7.4871168e-06,0
0.5,0,26.808343,0.00028421746,0,20.081144,7.0248703e-06,0
0.5,0,26.80475,0.00026261654,0,20.090372,6.5645389e-06,0
0.5,0,26.80127,0.00020043929,0,20.099601,6.1123315e-06,0
0.5,0,26.797899,0.00010119888,0,20.108829,5.6731365e-06,0
0.5,0,26.794526,-2.6067381e-05,0,20.118058,5.2503321e-06,0
0.5,0,26.791123,-0.00016952142,0,20.127286,4.8458696e-06,0
0.5,0,26.787671,-0.00031543729,0,20.136515,4.4605131e-06,0
0.5,0,26.784173,-0.00045104467,0,20.145743,4.094061e-06,0
0.5,0,26.780657,-0.00056795236,0,20.154971,3.7453634e-06,0
0.5,0,26.777187,-0.0006633247,0,20.1642,3.4122694e-06,0
0.5,0,26.773864,-0.00073776616,0,20.173428,3.0919069e-06,0
0.5,0,26.770824,-0.00079322209,0,20.182657,2.7812561e-06,0
0.5,0,26.768225,-0.00083323789,0,20.191885,2.4776625e-06,0
0.5,0,26.766237,-0.00086290898,0,20.201114,2.1791156e-06,0
0.5,0,26.765017,-0.00088704453,0,20.210342,1.8843409e-06,0
0.5,0,26.764689,-0.00090910468,0,20.219571,1.5927714e-06,0
0.5,0,26.765327,-0.00093167194,0,20.228799,1.3043539e-06,0
0.5,0,26.766938,-0.00095578459,0,20.238028,1.0193306e-06,0
0.5,0,26.769439,-0.00098156452,0,20.247256,7.3835251e-07,0
0.5,0,26.772626,-0.0010237856,0,20.256485,4.6193154e-07,0
0.5,0,26.776246,-0.0011218687,0,20.265713,1.8869739e-07,0
0.5,0,26.763184,-0.0028754796,0,23.947871,2.5052143e-07,0
0.5,0,26.771702,-0.0028564255,0,23.9571,5.5733673e-07,0
0.5,0,26.782212,-0.0027261884,0,23.966328,8.5229911e-07,0
0.5,0,26.794496,-0.0025444815,0,23.975557,1.12585e-06,0
0.5,0,26.808142,-0.0023333951,0,23.984785,1.3707248e-06,0
0.5,0,26.822536,-0.0021045638,0,23.994014,1.5812529e-06,0
0.5,0,26.836909,-0.0018710853,0,24.003242,1.7540334e-06,0
0.5,0,26.850412,-0.0016494127,0,24.012471,1.8888808e-06,0
0.5,0,26.862213,-0.001455731,0,24.021699,1.9892166e-06,0
0.5,0,26.871605,-0.0013018069,0,24.030928,2.0616443e-06,0
0.5,0,26.878118,-0.0011944727,0,24.040156,2.1150222e-06,0
0.5,0,26.881588,-0.0011377451,0,24.049384,2.1596123e-06,0
0.5,0,26.882175,-0.0011337269,0,24.058613,2.206394e-06,0
0.5,0,26.880316,-0.0011816206,0,24.067841,2.2662386e-06,0
0.5,0,26.876627,-0.001276155,0,24.07707,2.3489237e-06,0
0.5,0,26.871792,-0.0014067132,0,24.086298,2.4622036e-06,0
0.5,0,26.866439,-0.0015579979,0,24.095527,2.6111143e-06,0
0.5,0,26.861056,-0.0017125061,0,24.104755,2.7975829e-06,0
0.5,0,26.855949,-0.0018533725,0,24.113984,3.0202998e-06,0
0.5,0,26.851244,-0.0019658236,0,24.123212,3.2748294e-06,0
0.5,0,26.846938,-0.0020381413,0,24.132441,3.5539791e-06,0
0.5,0,26.842955,-0.0020630408,0,24.141669,3.8484676e-06,0
0.5,0,26.839204,-0.0020384723,0,24.150898,4.1478592e-06,0
0.5,0,26.835615,-0.0019673025,0,24.160126,4.4416249e-06,0
0.5,0,26.832147,-0.0018568351,0,24.169355,4.7202098e-06,0
0.5,0,26.828779,-0.0017186303,0,24.178583,4.9759854e-06,0
0.5,0,26.8255,-0.0015671647,0,24.187811,5.2039683e-06,0
0.5,0,26.822295,-0.0014175838,0,24.19704,5.4023097e-06,0
0.5,0,26.819143,-0.0012844881,0,24.206268,5.5724997e-06,0
0.5,0,26.816022,-0.0011812305,0,24.215497,5.7190922e-06,0
0.5,0,26.812916,-0.0011182645,0,24.224725,5.8490368e-06,0
0.5,0,26.809828,-0.0011011729,0,24.233954,5.9708265e-06,0
0.5,0,26.806781,-0.0011295339,0,24.243182,6.0934073e-06,0
0.5,0,26.803821,-0.0011965807,0,24.252411,6.2249318e-06,0
0.5,0,26.801007,-0.0012900518,0,24.261639,6.3716882e-06,0
0.5,0,26.798403,-0.0013937529,0,24.270868,6.5373192e-06,0
0.5,0,26.796064,-0.001489397,0,24.280096,6.7222816e-06,0
0.5,0,26.794028,-0.0015589758,0,24.289325,6.9237146e-06,0
0.5,0,26.792303,-0.0015869882,0,24.298553,7.1357931e-06,0
0.5,0,26.790868,-0.0015623695,0,24.307782,7.3503994e-06,0
0.5,0,26.789678,-0.0014796839,0,24.31701,7.5579976e-06,0
0.5,0,26.788664,-0.0013396667,0,24.326238,7.7485822e-06,0
0.5,0,26.787747,-0.0011493537,0,24.335467,7.91262e-06,0
0.5,0,26.78685,-0.00092114999,0,24.344695,8.0419667e-06,0
0.5,0,26.78591,-0.00067139847,0,24.353924,8.1306871e-06,0
0.5,0,26.78489,-0.00041889725,0,24.363152,8.1756677e-06,0
0.5,0,26.783783,-0.00018317997,0,24.372381,8.1769919e-06,0
0.5,0,26.782618,1.7112273e-05,0,24.381609,8.1380674e-06,0
0.5,0,26.781456,0.00016562152,0,24.390838,8.0654434e-06,0
0.5,0,26.78038,0.00024946733,0,24.400066,7.9683574e-06,0
0.5,0,26.779489,0.00026016611,0,24.409295,7.8580656e-06,0
0.5,0,26.778877,0.00019424445,0,24.418523,7.7469816e-06,0
0.5,0,26.778623,5.3899958e-05,0,24.427752,7.6476649e-06,0
0.5,0,26.778773,-0.00015224109,0,24.43698,7.5717318e-06,0
0.5,0,26.779333,-0.00040900819,0,24.446209,7.5287656e-06,0
0.5,0,26.780262,-0.00069554703,0,24.455437,7.5253477e-06,0
0.5,0,26.781473,-0.0009869915,0,24.464665,7.5643585e-06,0
0.5,0,26.78284,-0.0012571546,0,24.473894,7.6445985e-06,0
0.5,0,26.78421,-0.0014816042,0,24.483122,7.7608302e-06,0
0.5,0,26.785416,-0.0016401155,0,24.492351,7.9043685e-06,0
0.5,0,26.786302,-0.0017191417,0,24.501579,8.0640773e-06,0
0.5,0,26.78674,-0.0017141717,0,24.510808,8.2275519e-06,0
0.5,0,26.786653,-0.0016297002,0,24.520036,8.3822786e-06,0
0.5,0,26.786018,-0.001477573,0,24.529265,8.5168453e-06,0
0.5,0,26.784871,-0.0012750426,0,24.538493,8.6221367e-06,0
0.5,0,26.783293,-0.0010421192,0,24.547722,8.6920579e-06,0
0.5,0,26.781396,-0.00079989942,0,24.55695,8.7238826e-06,0
0.5,0,26.779304,-0.00056927491,0,24.566179,8.7184196e-06,0
0.5,0,26.777131,-0.00036858905,0,24.575407,8.6797933e-06,0
0.5,0,26.774975,-0.00021144786,0,24.584636,8.6148049e-06,0
0.5,0,26.772907,-0.00010567233,0,24.593864,8.532023e-06,0
0.5,0,26.770971,-5.3412207e-05,0,24.603092,8.4407475e-06,0
0.5,0,26.769189,-5.1434282e-05,0,24.612321,8.3499459e-06,0
0.5,0,26.767565,-9.1625704e-05,0,24.621549,8.2672812e-06,0
0.5,0,26.766087,-0.00016237003,0,24.630778,8.1983478e-06,0
0.5,0,26.764738,-0.00025027568,0,24.640006,8.1462013e-06,0
0.5,0,26.763499,-0.00034163096,0,24.649235,8.1112298e-06,0
0.5,0,26.762351,-0.00042355443,0,24.658463,8.0913024e-06,0
0.5,0,26.761276,-0.00048510414,0,24.667692,8.0821395e-06,0
0.5,0,26.760253,-0.00051823092,0,24.67692,8.0778707e-06,0
0.5,0,26.75926,-0.00051836423,0,24.686149,8.0717093e-06,0
0.5,0,26.758275,-0.00048463926,0,24.695377,8.0566665e-06,0
0.5,0,26.757278,-0.00041984559,0,24.704606,8.0262364e-06,0
0.5,0,26.756248,-0.00033004372,0,24.713834,7.9749956e-06,0
0.5,0,26.75517,-0.00022379338,0,24.723063,7.8990718e-06,0
0.5,0,26.754036,-0.00011115287,0,24.732291,7.7964582e-06,0
0.5,0,26.75284,-2.6657152e-06,0,24.741519,7.6671777e-06,0
0.5,0,26.751585,9.1628844e-05,0,24.750748,7.5132981e-06,0
0.5,0,26.750274,0.00016311919,0,24.759976,7.3387897e-06,0
0.5,0,26.748913,0.00020536328,0,24.769205,7.1492412e-06,0
0.5,0,26.747513,0.00021455513,0,24.778433,6.95147e-06,0
0.5,0,26.746081,0.00018964459,0,24.787662,6.7530502e-06,0
0.5,0,26.744629,0.00013217395,0,24.79689,6.5617693e-06,0
0.5,0,26.743174,4.6002328e-05,0,24.806119,6.3850394e-06,0
0.5,0,26.741734,-6.3005665e-05,0,24.815347,6.2293075e-06,0
0.5,0,26.740332,-0.00018739617,0,24.824576,6.0995177e-06,0
0.5,0,26.738996,-0.00031859355,0,24.833804,5.9986852e-06,0
0.5,0,26.737751,-0.00044737994,0,24.843033,5.9276082e-06,0
0.5,0,26.736622,-0.00056440279,0,24.852261,5.884727e-06,0
0.5,0,26.735623,-0.00066073824,0,24.86149,5.8661687e-06,0
0.5,0,26.734761,-0.0007285964,0,24.870718,5.8660098e-06,0
0.5,0,26.734029,-0.00076200169,0,24.879946,5.8767671e-06,0
0.5,0,26.733412,-0.00075732182,0,24.889175,5.8900933e-06,0
0.5,0,26.732886,-0.00071376719,0,24.898403,5.8976238e-06,0
0.5,0,26.732424,-0.00063397211,0,24.907632,5.8918872e-06,0
0.5,0,26.731999,-0.00052445599,0,24.91686,5.867127e-06,0
0.5,0,26.731582,-0.00039543573,0,24.926089,5.8198818e-06,0
0.5,0,26.73115,-0.00025958326,0,24.935317,5.7492558e-06,0
0.5,0,26.730681,-0.00013007683,0,24.944546,5.6569259e-06,0
0.5,0,26.730155,-1.9000632e-05,0,24.953774,5.5469388e-06,0
0.5,0,26.729552,6.3449326e-05,0,24.963003,5.4252922e-06,0
0.5,0,26.728855,0.00010931735,0,24.972231,5.2992954e-06,0
0.5,0,26.728056,0.00011321306,0,24.98146,5.1768167e-06,0
0.5,0,26.727134,7.2267583e-05,0,24.990688,5.0655028e-06,0
0.5,0,26.726104,-1.0880602e-05,0,24.999917,4.9722629e-06,0
0.5,0,26.724977,-0.00012855965,0,25.009145,4.9029567e-06,0
0.5,0,26.723757,-0.00027240754,0,25.018373,4.8620239e-06,0
0.5,0,26.722499,-0.00043167287,0,25.027602,4.852211e-06,0
0.5,0,26.721244,-0.00059298878,0,25.03683,4.8744737e-06,0
0.5,0,26.720041,-0.00074386291,0,25.046059,4.92803e-06,0
0.5,0,26.71894,-0.00087438067,0,25.055287,5.0105679e-06,0
0.5,0,26.717978,-0.00097809073,0,25.064516,5.1186288e-06,0
0.5,0,26.717184,-0.0010527802,0,25.073744,5.2481198e-06,0
0.5,0,26.716575,-0.0011004886,0,25.082973,5.3948735e-06,0
0.5,0,26.716155,-0.0011267038,0,25.092201,5.555156e-06,0
0.5,0,26.715913,-0.001138883,0,25.10143,5.7260356e-06,0
0.5,0,26.715828,-0.0011448128,0,25.110658,5.9055538e-06,0
0.5,0,26.715869,-0.0011513689,0,25.119887,6.0927045e-06,0
0.5,0,26.716004,-0.0011637515,0,25.129115,6.2872906e-06,0
0.5,0,26.716204,-0.0011849533,0,25.138344,6.4897154e-06,0
0.5,0,26.716443,-0.0012155341,0,25.147572,6.700741e-06,0
0.5,0,26.71671,-0.0012540056,0,25.1568,6.9212438e-06,0
0.5,0,26.717002,-0.0012977494,0,25.166029,7.1519837e-06,0
0.5,0,26.717327,-0.001343546,0,25.175257,7.3934169e-06,0
0.5,0,26.7177,-0.001387926,0,25.184486,7.6455963e-06,0
0.5,0,26.718144,-0.0014278329,0,25.193714,7.9081596e-06,0
0.5,0,26.71868,-0.001460881,0,25.202943,8.1803498e-06,0
0.5,0,26.719331,-0.0014853276,0,25.212171,8.4610376e-06,0
0.5,0,26.720115,-0.0015000764,0,25.2214,8.7487931e-06,0
0.5,0,26.721042,-0.0015046329,0,25.230628,9.0420032e-06,0
0.5,0,26.72211,-0.0014989931,0,25.239857,9.338963e-06,0
0.5,0,26.723308,-0.0014834174,0,25.249085,9.6379692e-06,0
0.5,0,26.724616,-0.0014583428,0,25.258314,9.9374729e-06,0
0.5,0,26.726002,-0.0014246631,0,25.267542,1.0236225e-05,0
0.5,0,26.727431,-0.0013840586,0,25.276771,1.0533333e-05,0
0.5,0,26.728855,-0.0013390945,0,25.285999,1.0828243e-05,0
0.5,0,26.730227,-0.001293073,0,25.295227,1.1120712e-05,0
0.5,0,26.731501,-0.0012496061,0,25.304456,1.141076e-05,0
0.5,0,26.732635,-0.0012121139,0,25.313684,1.1698599e-05,0
0.5,0,26.733599,-0.0011834781,0,25.322913,1.1984596e-05,0
0.5,0,26.734375,-0.0011657138,0,25.332141,1.2269257e-05,0
0.5,0,26.734958,-0.0011596761,0,25.34137,1.2553229e-05,0
0.5,0,26.735362,-0.001164977,0,25.350598,1.2837273e-05,0
0.5,0,26.735613,-0.0011800848,0,25.359827,1.3122236e-05,0
0.5,0,26.735745,-0.0012024978,0,25.369055,1.3408996e-05,0
0.5,0,26.735791,-0.0012289698,0,25.378284,1.369837e-05,0
0.5,0,26.735776,-0.0012558273,0,25.387512,1.3990952e-05,0
0.5,0,26.735715,-0.0012793084,0,25.396741,1.4286907e-05,0
0.5,0,26.735618,-0.0012959034,0,25.405969,1.4585727e-05,0
0.5,0,26.735485,-0.001302669,0,25.415198,1.4886009e-05,0
0.5,0,26.735313,-0.0012974084,0,25.424426,1.5185281e-05,0
0.5,0,26.735094,-0.0012786906,0,25.433654,1.5479928e-05,0
0.5,0,26.734817,-0.0012457854,0,25.442883,1.5765265e-05,0
0.5,0,26.734469,-0.0011986108,0,25.452111,1.6035765e-05,0
0.5,0,26.734048,-0.00113773,0,25.46134,1.6285476e-05,0
0.5,0,26.733559,-0.0010644061,0,25.470568,1.6508573e-05,0
0.5,0,26.733026,-0.00098070596,0,25.479797,1.6699997e-05,0
0.5,0,26.732489,-0.00088959217,0,25.489025,1.6856068e-05,0
0.5,0,26.732006,-0.00079498674,0,25.498254,1.6974993e-05,0
0.5,0,26.73165,-0.00070168072,0,25.507482,1.7057153e-05,0
0.5,0,26.7315,-0.00061490756,0,25.516711,1.7105138e-05,0
0.5,0,26.731634,-0.00053960029,0,25.525939,1.7123517e-05,0
0.5,0,26.732124,-0.00047949953,0,25.535168,1.7118379e-05,0
0.5,0,26.733024,-0.0004364183,0,25.544396,1.7096727e-05,0
0.5,0,26.734368,-0.00040991929,0,25.553625,1.7065785e-05,0
0.5,0,26.736168,-0.00039743664,0,25.562853,1.703231e-05,0
0.5,0,26.738413,-0.00039482556,0,25.572081,1.7001966e-05,0
0.5,0,26.741068,-0.00039719771,0,25.58131,1.6978807e-05,0
0.5,0,26.744081,-0.00039975997,0,25.590538,1.6964946e-05,0
0.5,0,26.747385,-0.00039848414,0,25.599767,1.6960469e-05,0
0.5,0,26.750904,-0.00039054872,0,25.608995,1.6963605e-05,0
0.5,0,26.754562,-0.00037452735,0,25.618224,1.6971132e-05,0
0.5,0,26.758279,-0.000350282,0,25.627452,1.6978928e-05,0
0.5,0,26.761978,-0.0003186488,0,25.636681,1.6982589e-05,0
0.5,0,26.765579,-0.00028118522,0,25.645909,1.6977997e-05,0
0.5,0,26.768998,-0.00023986757,0,25.655138,1.696174e-05,0
0.5,0,26.772144,-0.00019661114,0,25.664366,1.6931308e-05,0
0.5,0,26.774923,-0.00015273717,0,25.673595,1.6885091e-05,0
0.5,0,26.777239,-0.00010864434,0,25.682823,1.6822222e-05,0
0.5,0,26.779001,-6.3904428e-05,0,25.692052,1.6742358e-05,0
0.5,0,26.780141,-1.7638936e-05,0,25.70128,1.6645476e-05,0
0.5,0,26.780614,3.0919622e-05,0,25.710508,1.6531687e-05,0
0.5,0,26.78041,8.20001e-05,0,25.719737,1.6401086e-05,0
0.5,0,26.779554,0.00013533101,0,25.728965,1.6253715e-05,0
0.5,0,26.778102,0.00019023089,0,25.738194,1.6089623e-05,0
0.5,0,26.776141,0.00024537414,0,25.747422,1.590896e-05,0
0.5,0,26.773786,0.00029854852,0,25.756651,1.5712098e-05,0
0.5,0,26.771173,0.00034677074,0,25.765879,1.5499758e-05,0
0.5,0,26.768453,0.00038731566,0,25.775108,1.5273113e-05,0
0.5,0,26.765779,0.00041756989,0,25.784336,1.5033851e-05,0
0.5,0,26.763293,0.00043483543,0,25.793565,1.4784188e-05,0
0.5,0,26.761115,0.00043767381,0,25.802793,1.4526786e-05,0
0.5,0,26.759337,0.00042607058,0,25.812022,1.4264651e-05,0
0.5,0,26.758011,0.0004006353,0,25.82125,1.400099e-05,0
0.5,0,26.757157,0.00036179604,0,25.830479,1.3738925e-05,0
0.5,0,26.756762,0.00031048942,0,25.839707,1.3481171e-05,0
0.5,0,26.756792,0.00025023593,0,25.848935,1.3229952e-05,0
0.5,0,26.757197,0.00018605967,0,25.858164,1.2987173e-05,0
0.5,0,26.757914,0.00012089976,0,25.867392,1.275426e-05,0
0.5,0,26.758889,5.5156663e-05,0,25.876621,1.2531665e-05,0
0.5,0,26.760069,-9.7262567e-06,0,25.885849,1.2319003e-05,0
0.5,0,26.761384,-6.8683403e-05,0,25.895078,1.2115554e-05,0
0.5,0,26.762777,-0.00011679637,0,25.904306,1.1920159e-05,0
0.5,0,26.764206,-0.00015269186,0,25.913535,1.1730964e-05,0
0.5,0,26.765635,-0.00017573853,0,25.922763,1.1545484e-05,0
0.5,0,26.767038,-0.0001842901,0,25.931992,1.1360676e-05,0
0.5,0,26.768406,-0.00017748444,0,25.94122,1.117311e-05,0
0.5,0,26.769747,-0.00015638314,0,25.950449,1.0979338e-05,0
0.5,0,26.77108,-0.00012374415,0,25.959677,1.0776349e-05,0
0.5,0,26.772432,-8.3722916e-05,0,25.968906,1.0561997e-05,0
0.5,0,26.773831,-4.1540375e-05,0,25.978134,1.0335366e-05,0
0.5,0,26.775293,-2.8441514e-06,0,25.987362,1.0096966e-05,0
0.5,0,26.776819,2.7206962e-05,0,25.996591,9.848746e-06,0
0.5,0,26.778387,4.4891465e-05,0,26.005819,9.5939112e-06,0
0.5,0,26.779947,4.8602051e-05,0,26.015048,9.3365777e-06,0
0.5,0,26.781429,3.8968071e-05,0,26.024276,9.0813056e-06,0
0.5,0,26.782748,1.8282328e-05,0,26.033505,8.8325938e-06,0
0.5,0,26.783809,-1.0550498e-05,0,26.042733,8.5944234e-06,0
0.5,0,26.784518,-4.4958719e-05,0,26.051962,8.3699012e-06,0
0.5,0,26.784781,-8.3389543e-05,0,26.06119,8.1610147e-06,0
0.5,0,26.784512,-0.00012555888,0,26.070419,7.9685019e-06,0
0.5,0,26.783638,-0.00017183179,0,26.079647,7.7918648e-06,0
0.5,0,26.782106,-0.00022222945,0,26.088876,7.6295403e-06,0
0.5,0,26.779888,-0.00027523051,0,26.098104,7.479195e-06,0
0.5,0,26.776987,-0.00032733381,0,26.107333,7.3380312e-06,0
0.5,0,26.773441,-0.00037348675,0,26.116561,7.2030091e-06,0
0.5,0,26.769331,-0.00040715335,0,26.12579,7.0709694e-06,0
0.5,0,26.76478,-0.00042165827,0,26.135018,6.9386966e-06,0
0.5,0,26.759945,-0.0004125985,0,26.144246,6.8030346e-06,0
0.5,0,26.755005,-0.00037861057,0,26.153475,6.6610583e-06,0
0.5,0,26.750147,-0.00032080965,0,26.162703,6.5102609e-06,0
0.5,0,26.745543,-0.00024228672,0,26.171932,6.3487943e-06,0
0.5,0,26.741341,-0.00014807761,0,26.18116,6.1757289e-06,0
0.5,0,26.737644,-4.5409765e-05,0,26.190389,5.991264e-06,0
0.5,0,26.734509,5.7182112e-05,0,26.199617,5.7967901e-06,0
0.5,0,26.731941,0.00015143086,0,26.208846,5.594709e-06,0
0.5,0,26.729897,0.00023125255,0,26.218074,5.3881026e-06,0
0.5,0,26.728293,0.00029062048,0,26.227303,5.1803866e-06,0
0.5,0,26.727018,0.0003238958,0,26.236531,4.9750406e-06,0
0.5,0,26.725945,0.00032876314,0,26.24576,4.7754527e-06,0
0.5,0,26.724948,0.00030548961,0,26.254988,4.5848436e-06,0
0.5,0,26.723921,0.00025661071,0,26.264217,4.4062042e-06,0
0.5,0,26.722785,0.00018587339,0,26.273445,4.2421112e-06,0
0.5,0,26.721494,9.7680125e-05,0,26.282673,4.0943648e-06,0
0.5,0,26.720028,-2.5192177e-06,0,26.291902,3.9636027e-06,0
0.5,0,26.718398,-0.00010791316,0,26.30113,3.8490812e-06,0
0.5,0,26.716644,-0.00021051625,0,26.310359,3.7486954e-06,0
0.5,0,26.714833,-0.00030187832,0,26.319587,3.6592354e-06,0
0.5,0,26.713049,-0.00037400133,0,26.328816,3.5768096e-06,0
0.5,0,26.711387,-0.00042045281,0,26.338044,3.4972796e-06,0
0.5,0,26.709934,-0.00043798704,0,26.347273,3.4166431e-06,0
0.5,0,26.708754,-0.00042767843,0,26.356501,3.3313724e-06,0
0.5,0,26.70787,-0.00039438063,0,26.36573,3.2386647e-06,0
0.5,0,26.707268,-0.00034467134,0,26.374958,3.1365972e-06,0
0.5,0,26.706897,-0.00028474256,0,26.384187,3.0242774e-06,0
0.5,0,26.706696,-0.00021980117,0,26.393415,2.9020073e-06,0
0.5,0,26.706599,-0.0001549605,0,26.402644,2.7712874e-06,0
0.5,0,26.706552,-9.5891108e-05,0,26.411872,2.6345131e-06,0
0.5,0,26.706518,-4.8026422e-05,0,26.4211,2.4944993e-06,0
0.5,0,26.706475,-1.5546761e-05,0,26.430329,2.3540768e-06,0
0.5,0,26.706413,-1.580777e-06,0,26.439557,2.2157741e-06,0
0.5,0,26.706315,-8.6646276e-06,0,26.448786,2.0814728e-06,0
0.5,0,26.706151,-3.7872348e-05,0,26.458014,1.9520996e-06,0
0.5,0,26.705889,-8.7411897e-05,0,26.467243,1.827549e-06,0
0.5,0,26.705509,-0.00015238573,0,26.476471,1.7069176e-06,0
0.5,0,26.705008,-0.00022587758,0,26.4857,1.5888585e-06,0
0.5,0,26.704392,-0.00030100254,0,26.494928,1.4719009e-06,0
0.5,0,26.703671,-0.00037343321,0,26.504157,1.3546399e-06,0
0.5,0,26.702882,-0.00044030282,0,26.513385,1.2357529e-06,0
0.5,0,26.702055,-0.00049933311,0,26.522614,1.1141041e-06,0
0.5,0,26.7012,-0.00055232626,0,26.531842,9.8879968e-07,0
0.5,0,26.700335,-0.00060319345,0,26.541071,8.5900748e-07,0
0.5,0,26.699452,-0.00064956383,0,26.550299,7.243053e-07,0
0.5,0,26.698549,-0.00067861989,0,26.559527,5.8618301e-07,0
0.5,0,26.697607,-0.00069063454,0,26.568756,4.4788778e-07,0
0.5,0,26.696635,-0.00071038788,0,26.577984,3.1096534e-07,0
0.5,0,26.695666,-0.00075846697,0,26.587213,1.7324315e-07,0
0.5,0,26.694786,-0.00084717731,0,26.596441,3.226837e-08,0
0.5,0,26.741786,-0.0018743469,0,27.011722,2.4863442e-09,0
0.5,0,26.741445,-0.0017591865,0,27.020951,3.8168122e-08,0
0.5,0,26.740905,-0.0016221073,0,27.030179,6.5740946e-08,0
0.5,0,26.740387,-0.0014869673,0,27.039408,8.2207615e-08,0
0.5,0,26.740072,-0.0013721745,0,27.048636,8.5625705e-08,0
0.5,0,26.739966,-0.001285722,0,27.057865,7.4850332e-08,0
0.5,0,26.739982,-0.0012316966,0,27.067093,4.8189166e-08,0
0.5,0,26.740065,-0.0012118063,0,27.076322,3.0836113e-09,0
0.5,0,26.948322,-0.0028128845,0,29.041985,1.6930541e-07,0
0.5,0,26.949107,-0.0028537286,0,29.051213,4.6885208e-07,0
0.5,0,26.949577,-0.0028073843,0,29.060442,7.5715004e-07,0
0.5,0,26.94964,-0.0027274079,0,29.06967,1.0342439e-06,0
0.5,0,26.949243,-0.0026358012,0,29.078899,1.3012362e-06,0
0.5,0,26.948367,-0.0025336547,0,29.088127,1.5584561e-06,0
0.5,0,26.947013,-0.0024185147,0,29.097356,1.8054241e-06,0
0.5,0,26.945198,-0.0022908582,0,29.106584,2.0414933e-06,0
0.5,0,26.942954,-0.0021542265,0,29.115813,2.2663846e-06,0
0.5,0,26.940323,-0.0020131338,0,29.125041,2.4802427e-06,0
0.5,0,26.937363,-0.0018708068,0,29.13427,2.6831771e-06,0
0.5,0,26.934153,-0.0017280317,0,29.143498,2.8745915e-06,0
0.5,0,26.93079,-0.0015837686,0,29.152727,3.0528048e-06,0
0.5,0,26.92734,-0.0014356236,0,29.161955,3.2153817e-06,0
0.5,0,26.923924,-0.0012756305,0,29.171184,3.3600759e-06,0
0.5,0,26.920899,-0.0011066549,0,29.180412,3.4857129e-06,0
0.5,0,26.91843,-0.00094152423,0,29.18964,3.5923221e-06,0
0.5,0,26.916469,-0.00078816189,0,29.198869,3.6806816e-06,0
0.5,0,26.915036,-0.00065440441,0,29.208097,3.7518558e-06,0
0.5,0,26.914082,-0.00054625767,0,29.217326,3.8068682e-06,0
0.5,0,26.913528,-0.00046693423,0,29.226554,3.8466524e-06,0
0.5,0,26.913281,-0.00041576911,0,29.235783,3.8722478e-06,0
0.5,0,26.913263,-0.0003886135,0,29.245011,3.8849804e-06,0
0.5,0,26.913413,-0.00037992642,0,29.25424,3.886537e-06,0
0.5,0,26.91369,-0.00038531633,0,29.263468,3.8789124e-06,0
0.5,0,26.914071,-0.00040271927,0,29.272697,3.86424e-06,0
0.5,0,26.914553,-0.00043123448,0,29.281925,3.844613e-06,0
0.5,0,26.915153,-0.00046858709,0,29.291154,3.8219987e-06,0
0.5,0,26.915908,-0.00050951524,0,29.300382,3.7982348e-06,0
0.5,0,26.916868,-0.00054621945,0,29.309611,3.7749851e-06,0
0.5,0,26.918083,-0.00057003744,0,29.318839,3.7535614e-06,0
0.5,0,26.919583,-0.00057281573,0,29.328067,3.7347238e-06,0
0.5,0,26.921356,-0.00054798193,0,29.337296,3.7186152e-06,0
0.5,0,26.923338,-0.00049259325,0,29.346524,3.7047214e-06,0
0.5,0,26.925415,-0.00040945611,0,29.355753,3.6916363e-06,0
0.5,0,26.927437,-0.0003067333,0,29.364981,3.6766667e-06,0
0.5,0,26.929254,-0.00019423938,0,29.37421,3.6556321e-06,0
0.5,0,26.930737,-7.8956217e-05,0,29.383438,3.623253e-06,0
0.5,0,26.931812,3.5918711e-05,0,29.392667,3.5739043e-06,0
0.5,0,26.932471,0.00014743413,0,29.401895,3.5019911e-06,0
0.5,0,26.932767,0.00025027555,0,29.411124,3.4017036e-06,0
0.5,0,26.932791,0.00034032593,0,29.420352,3.2668515e-06,0
0.5,0,26.932639,0.00042023577,0,29.429581,3.0915742e-06,0
0.5,0,26.932382,0.00049830093,0,29.438809,2.8716142e-06,0
0.5,0,26.932057,0.0005809245,0,29.448038,2.6049874e-06,0
0.5,0,26.931659,0.00066757626,0,29.457266,2.2916231e-06,0
0.5,0,26.931169,0.00075328561,0,29.466494,1.9327983e-06,0
0.5,0,26.930562,0.0008368477,0,29.475723,1.53136e-06,0
0.5,0,26.929795,0.00090716091,0,29.484951,1.0926445e-06,0
0.5,0,26.928831,0.00089654328,0,29.49418,6.2175135e-07,0
0.5,0,26.927782,0.00074446555,0,29.503408,1.2139781e-07,0
0.5,0,26.91728,-0.0024955928,0,30.103259,1.7425947e-07,0
0.5,0,26.917618,-0.0026110468,0,30.112487,5.2810236e-07,0
0.5,0,26.917799,-0.0026286667,0,30.121716,8.9030855e-07,0
0.5,0,26.917773,-0.0025907626,0,30.130944,1.2543153e-06,0
0.5,0,26.917579,-0.0025135342,0,30.140173,1.6135403e-06,0
0.5,0,26.917297,-0.0023965266,0,30.149401,1.9602717e-06,0
0.5,0,26.917007,-0.002240802,0,30.158629,2.28636e-06,0
0.5,0,26.916755,-0.002053088,0,30.167858,2.5844493e-06,0
0.5,0,26.916543,-0.0018433633,0,30.177086,2.8488551e-06,0
0.5,0,26.916332,-0.0016208905,0,30.186315,3.0757263e-06,0
0.5,0,26.916058,-0.0013921494,0,30.195543,3.2626469e-06,0
0.5,0,26.915658,-0.0011621316,0,30.204772,3.4082477e-06,0
0.5,0,26.915091,-0.00093698402,0,30.214,3.5123663e-06,0
0.5,0,26.914355,-0.00072473438,0,30.223229,3.5766862e-06,0
0.5,0,26.91349,-0.00053363842,0,30.232457,3.6051972e-06,0
0.5,0,26.912566,-0.0003702677,0,30.241686,3.6040938e-06,0
0.5,0,26.911667,-0.00023898534,0,30.250914,3.5811878e-06,0
0.5,0,26.910861,-0.00014249431,0,30.260143,3.5450204e-06,0
0.5,0,26.910173,-8.2484233e-05,0,30.269371,3.5039317e-06,0
0.5,0,26.909573,-5.9594364e-05,0,30.2786,3.4653368e-06,0
0.5,0,26.908978,-7.2512041e-05,0,30.287828,3.435312e-06,0
0.5,0,26.90827,-0.00011729188,0,30.297056,3.4183674e-06,0
0.5,0,26.907334,-0.00018823726,0,30.306285,3.4172647e-06,0
0.5,0,26.906083,-0.00027958641,0,30.315513,3.432693e-06,0
0.5,0,26.904487,-0.00038610792,0,30.324742,3.4629212e-06,0
0.5,0,26.902572,-0.00050225458,0,30.33397,3.5039438e-06,0
0.5,0,26.900415,-0.00062124552,0,30.343199,3.5499994e-06,0
0.5,0,26.898124,-0.00073464031,0,30.352427,3.5942222e-06,0
0.5,0,26.895817,-0.00083149147,0,30.361656,3.6295105e-06,0
0.5,0,26.893598,-0.00089892016,0,30.370884,3.6493533e-06,0
0.5,0,26.891533,-0.00092539864,0,30.380113,3.6484964e-06,0
0.5,0,26.889642,-0.00090323744,0,30.389341,3.6234863e-06,0
0.5,0,26.887902,-0.00082851724,0,30.39857,3.5728673e-06,0
0.5,0,26.886254,-0.00070209627,0,30.407798,3.4970273e-06,0
0.5,0,26.884639,-0.00053075529,0,30.417027,3.3978465e-06,0
0.5,0,26.883019,-0.00032554808,0,30.426255,3.2781963e-06,0
0.5,0,26.881395,-9.97766e-05,0,30.435483,3.141477e-06,0
0.5,0,26.879805,0.00013238462,0,30.444712,2.9912306e-06,0
0.5,0,26.878316,0.00035623514,0,30.45394,2.8306394e-06,0
0.5,0,26.877001,0.00055618178,0,30.463169,2.6619024e-06,0
0.5,0,26.875924,0.0007175478,0,30.472397,2.4857763e-06,0
0.5,0,26.87512,0.00083109281,0,30.481626,2.3016781e-06,0
0.5,0,26.874593,0.00089619479,0,30.490854,2.1083815e-06,0
0.5,0,26.874342,0.00091739781,0,30.500083,1.9047661e-06,0
0.5,0,26.874305,0.00090141376,0,30.509311,1.6899711e-06,0
0.5,0,26.874438,0.00085398648,0,30.51854,1.4631007e-06,0
0.5,0,26.874735,0.00078083339,0,30.527768,1.2231577e-06,0
0.5,0,26.875139,0.00069337577,0,30.536997,9.6963425e-07,0
0.5,0,26.87558,0.0006021356,0,30.546225,7.0337432e-07,0
0.5,0,26.875994,0.0004936063,0,30.555454,4.2597839e-07,0
0.5,0,26.87643,0.00033263397,0,30.564682,1.3804786e-07,0
0.5,0,26.89272,-0.0025122584,0,30.776937,1.566462e-07,0
0.5,0,26.892147,-0.0025921319,0,30.786165,5.4037106e-07,0
0.5,0,26.891527,-0.0025669187,0,30.795394,9.1216755e-07,0
0.5,0,26.890677,-0.0024851612,0,30.804622,1.263821e-06,0
0.5,0,26.889494,-0.0023744245,0,30.813851,1.5892692e-06,0
0.5,0,26.887948,-0.0022376454,0,30.823079,1.8835863e-06,0
0.5,0,26.886077,-0.0020752422,0,30.832308,2.1432289e-06,0
0.5,0,26.883979,-0.0018921653,0,30.841536,2.3666502e-06,0
0.5,0,26.881801,-0.0016958459,0,30.850765,2.5545012e-06,0
0.5,0,26.879713,-0.0014921185,0,30.859993,2.7090796e-06,0
0.5,0,26.87788,-0.0012838768,0,30.869221,2.8332832e-06,0
0.5,0,26.876435,-0.0010731762,0,30.87845,2.9298882e-06,0
0.5,0,26.875462,-0.00086340244,0,30.887678,3.0013878e-06,0
0.5,0,26.874985,-0.00066015578,0,30.896907,3.0499411e-06,0
0.5,0,26.874972,-0.00047031875,0,30.906135,3.0773232e-06,0
0.5,0,26.875356,-0.00029955253,0,30.915364,3.085029e-06,0
0.5,0,26.876044,-0.00015096518,0,30.924592,3.0743434e-06,0
0.5,0,26.876935,-2.572627e-05,0,30.933821,3.0464094e-06,0
0.5,0,26.877925,7.6238023e-05,0,30.943049,3.0024216e-06,0
0.5,0,26.878908,0.0001557801,0,30.952278,2.9438306e-06,0
0.5,0,26.879784,0.00021416466,0,30.961506,2.8724987e-06,0
0.5,0,26.880466,0.00025290187,0,30.970735,2.7907999e-06,0
0.5,0,26.880894,0.00027358003,0,30.979963,2.7016406e-06,0
0.5,0,26.881049,0.00027784201,0,30.989192,2.6083955e-06,0
0.5,0,26.880948,0.00026747494,0,30.99842,2.5147613e-06,0
0.5,0,26.880636,0.00024431487,0,31.007648,2.424517e-06,0
0.5,0,26.880163,0.00021021024,0,31.016877,2.3412005e-06,0
0.5,0,26.879568,0.00016717771,0,31.026105,2.2677423e-06,0
0.5,0,26.878863,0.00011733706,0,31.035334,2.206099e-06,0
0.5,0,26.87804,6.2564055e-05,0,31.044562,2.1569295e-06,0
0.5,0,26.877082,4.2549308e-06,0,31.053791,2.1193452e-06,0
0.5,0,26.875987,-5.6531209e-05,0,31.063019,2.0907769e-06,0
0.5,0,26.87478,-0.00011857355,0,31.072248,2.0670012e-06,0
0.5,0,26.873527,-0.00017992166,0,31.081476,2.0423778e-06,0
0.5,0,26.872326,-0.00023795532,0,31.090705,2.010328e-06,0
0.5,0,26.871294,-0.00029012545,0,31.099933,1.9639631e-06,0
0.5,0,26.870533,-0.00033451853,0,31.109162,1.8967884e-06,0
0.5,0,26.870099,-0.00036944713,0,31.11839,1.8035333e-06,0
0.5,0,26.869978,-0.00039253468,0,31.127619,1.6811292e-06,0
0.5,0,26.870085,-0.00040057381,0,31.136847,1.5296287e-06,0
0.5,0,26.870276,-0.00039074458,0,31.146075,1.3526808e-06,0
0.5,0,26.870383,-0.00036237582,0,31.155304,1.1573034e-06,0
0.5,0,26.870246,-0.00031758416,0,31.164532,9.5304048e-07,0
0.5,0,26.869737,-0.00026048874,0,31.173761,7.5080994e-07,0
0.5,0,26.868776,-0.00019559142,0,31.182989,5.61743e-07,0
0.5,0,26.867325,-0.00012562978,0,31.192218,3.9624952e-07,0
0.5,0,26.865359,-5.409095e-05,0,31.201446,2.6316517e-07,0
0.5,0,26.862858,8.5215905e-06,0,31.210675,1.6845965e-07,0
0.5,0,26.859862,4.9464467e-05,0,31.219903,1.1443863e-07,0
0.5,0,26.856499,6.2156742e-05,0,31.229132,1.0084857e-07,0
0.5,0,26.852914,4.1946802e-05,0,31.23836,1.263773e-07,0
0.5,0,26.849191,-1.3305828e-05,0,31.247589,1.8771797e-07,0
0.5,0,26.845367,-9.9872063e-05,0,31.256817,2.7741219e-07,0
0.5,0,26.841507,-0.00021769178,0,31.266046,3.8463887e-07,0
0.5,0,26.837768,-0.00037112961,0,31.275274,4.9843405e-07,0
0.5,0,26.834389,-0.00055688793,0,31.284502,6.0957097e-07,0
0.5,0,26.831641,-0.00076133066,0,31.293731,7.1080666e-07,0
0.5,0,26.829755,-0.00096835703,0,31.302959,7.9714138e-07,0
0.5,0,26.828873,-0.0011650785,0,31.312188,8.6643469e-07,0
0.5,0,26.829023,-0.0013408667,0,31.321416,9.198609e-07,0
0.5,0,26.830112,-0.0014853531,0,31.330645,9.6164634e-07,0
0.5,0,26.831946,-0.0015903308,0,31.339873,9.9817675e-07,0
0.5,0,26.834255,-0.0016525545,0,31.349102,1.0369562e-06,0
0.5,0,26.83673,-0.0016731488,0,31.35833,1.0857098e-06,0
0.5,0,26.839069,-0.0016547298,0,31.367559,1.1515446e-06,0
0.5,0,26.841014,-0.0015999965,0,31.376787,1.2398799e-06,0
0.5,0,26.842399,-0.0015139206,0,31.386016,1.3534677e-06,0
0.5,0,26.843168,-0.001405793,0,31.395244,1.4920015e-06,0
0.5,0,26.843372,-0.0012867583,0,31.404473,1.652178e-06,0
0.5,0,26.843167,-0.0011663976,0,31.413701,1.8278944e-06,0
0.5,0,26.842796,-0.0010519322,0,31.422929,2.0105334e-06,0
0.5,0,26.842542,-0.00094846819,0,31.432158,2.1894659e-06,0
0.5,0,26.84266,-0.00085875541,0,31.441386,2.3528523e-06,0
0.5,0,26.843337,-0.00078271123,0,31.450615,2.4886986e-06,0
0.5,0,26.844673,-0.00071791903,0,31.459843,2.5859892e-06,0
0.5,0,26.846668,-0.00066083457,0,31.469072,2.6357141e-06,0
0.5,0,26.849224,-0.00060754183,0,31.4783,2.6316709e-06,0
0.5,0,26.852158,-0.00055445742,0,31.487529,2.5709715e-06,0
0.5,0,26.855229,-0.00049864944,0,31.496757,2.454332e-06,0
0.5,0,26.858166,-0.00043820362,0,31.505986,2.2861034e-06,0
0.5,0,26.860707,-0.00037270468,0,31.515214,2.0739897e-06,0
0.5,0,26.862626,-0.00030263345,0,31.524443,1.8285691e-06,0
0.5,0,26.863755,-0.0002289154,0,31.533671,1.5625558e-06,0
0.5,0,26.864007,-0.00015338281,0,31.5429,1.2898503e-06,0
0.5,0,26.863387,-7.9408211e-05,0,31.552128,1.0245539e-06,0
0.5,0,26.861994,-1.1387879e-05,0,31.561356,7.8002164e-07,0
0.5,0,26.860004,4.6722269e-05,0,31.570585,5.6798901e-07,0
0.5,0,26.857638,9.2287089e-05,0,31.579813,3.9788174e-07,0
0.5,0,26.855134,0.00012412635,0,31.589042,2.764133e-07,0
0.5,0,26.852719,0.00014154383,0,31.59827,2.0733636e-07,0
0.5,0,26.8506,0.00014298412,0,31.607499,1.911948e-07,0
0.5,0,26.848958,0.00012588752,0,31.616727,2.251073e-07,0
0.5,0,26.847945,8.6677651e-05,0,31.625956,3.027658e-07,0
0.5,0,26.847693,2.1376105e-05,0,31.635184,4.1478388e-07,0
0.5,0,26.848314,-7.1603987e-05,0,31.644413,5.4931053e-07,0
0.5,0,26.849895,-0.00018911306,0,31.653641,6.9290746e-07,0
0.5,0,26.852467,-0.00032362095,0,31.66287,8.3182608e-07,0
0.5,0,26.855988,-0.00046501329,0,31.672098,9.5344178e-07,0
0.5,0,26.86033,-0.00060279404,0,31.681327,1.0473822e-06,0
0.5,0,26.865301,-0.00072819699,0,31.690555,1.1060556e-06,0
0.5,0,26.870674,-0.0008347498,0,31.699783,1.1247827e-06,0
0.5,0,26.876222,-0.00091847451,0,31.709012,1.1017421e-06,0
0.5,0,26.881736,-0.00097690821,0,31.71824,1.0378074e-06,0
0.5,0,26.887041,-0.0010057594,0,31.727469,9.3680759e-07,0
0.5,0,26.891987,-0.00099724505,0,31.736697,8.0586513e-07,0
0.5,0,26.896452,-0.00094267301,0,31.745926,6.5492833e-07,0
0.5,0,26.900349,-0.00084083053,0,31.755154,4.9549656e-07,0
0.5,0,26.903623,-0.00070281987,0,31.764383,3.384649e-07,0
0.5,0,26.906234,-0.0005366574,0,31.773611,1.9239573e-07,0
0.5,0,26.908184,-0.0003629785,0,31.78284,6.5274191e-08,0
0.5,0,26.866876,-0.001055114,0,32.115064,3.2531467e-08,0
0.5,0,26.865004,-0.0013314484,0,32.124293,1.6545612e-07,0
0.5,0,26.863022,-0.0015353444,0,32.133521,2.9596681e-07,0
0.5,0,26.861076,-0.0016863911,0,32.14275,4.2188522e-07,0
0.5,0,26.859285,-0.0017948057,0,32.151978,5.4027586e-07,0
0.5,0,26.857761,-0.0018667339,0,32.161207,6.479998e-07,0
0.5,0,26.856606,-0.001889448,0,32.170435,7.4465389e-07,0
0.5,0,26.855802,-0.0018457129,0,32.179664,8.2990825e-07,0
0.5,0,26.855256,-0.0017429906,0,32.188892,9.0270224e-07,0
0.5,0,26.854865,-0.001598557,0,32.198121,9.6367657e-07,0
0.5,0,26.85453,-0.0014239474,0,32.207349,1.0148194e-06,0
0.5,0,26.854174,-0.0012305071,0,32.216578,1.0582993e-06,0
0.5,0,26.853765,-0.0010311212,0,32.225806,1.0965397e-06,0
0.5,0,26.853296,-0.00083542054,0,32.235035,1.1321759e-06,0
0.5,0,26.852782,-0.00065027908,0,32.244263,1.1674105e-06,0
0.5,0,26.852259,-0.00047922343,0,32.253491,1.2033742e-06,0
0.5,0,26.851742,-0.00032320965,0,32.26272,1.2395857e-06,0
0.5,0,26.851241,-0.00018474066,0,32.271948,1.2737148e-06,0
0.5,0,26.85075,-6.6310977e-05,0,32.281177,1.3019044e-06,0
0.5,0,26.850242,3.1094006e-05,0,32.290405,1.3193772e-06,0
0.5,0,26.849676,0.00010679556,0,32.299634,1.3211004e-06,0
0.5,0,26.849016,0.00016009263,0,32.308862,1.3024184e-06,0
0.5,0,26.848253,0.00019177506,0,32.318091,1.2595887e-06,0
0.5,0,26.847424,0.00020559802,0,32.327319,1.1902588e-06,0
0.5,0,26.846588,0.00020737778,0,32.336548,1.0938207e-06,0
0.5,0,26.845792,0.00020240276,0,32.345776,9.7145778e-07,0
0.5,0,26.845037,0.00019435169,0,32.355005,8.2592092e-07,0
0.5,0,26.844281,0.00018700427,0,32.364233,6.6134585e-07,0
0.5,0,26.843454,0.00018355234,0,32.373462,4.8323108e-07,0
0.5,0,26.842494,0.00017576067,0,32.38269,2.9771621e-07,0
0.5,0,26.841407,0.00013882332,0,32.391918,1.1029547e-07,0
0.5,0,26.822629,-0.0021905362,0,32.62263,9.4115412e-08,0
0.5,0,26.82216,-0.0021673598,0,32.631859,3.2900999e-07,0
0.5,0,26.821825,-0.0020290881,0,32.641087,5.6938824e-07,0
0.5,0,26.821554,-0.0018032928,0,32.650316,8.1089417e-07,0
0.5,0,26.821318,-0.0015193913,0,32.659544,1.0495405e-06,0
0.5,0,26.821102,-0.0012035013,0,32.668772,1.281103e-06,0
0.5,0,26.82094,-0.00088002959,0,32.678001,1.5007895e-06,0
0.5,0,26.820832,-0.00056741766,0,32.687229,1.7034096e-06,0
0.5,0,26.820756,-0.00028045281,0,32.696458,1.8832621e-06,0
0.5,0,26.820721,-3.1760758e-05,0,32.705686,2.0338781e-06,0
0.5,0,26.820697,0.00016843747,0,32.714915,2.148439e-06,0
0.5,0,26.820662,0.00031176679,0,32.724143,2.2204108e-06,0
0.5,0,26.820616,0.00039420887,0,32.733372,2.2442569e-06,0
0.5,0,26.820564,0.00041791379,0,32.7426,2.2160608e-06,0
0.5,0,26.820519,0.00039103641,0,32.751829,2.1338602e-06,0
0.5,0,26.820488,0.00032730179,0,32.761057,1.9978216e-06,0
0.5,0,26.820464,0.00024449634,0,32.770286,1.8104621e-06,0
0.5,0,26.820422,0.00016113417,0,32.779514,1.57679e-06,0
0.5,0,26.820321,9.3774142e-05,0,32.788743,1.3041355e-06,0
0.5,0,26.820116,5.5307559e-05,0,32.797971,1.0019003e-06,0
0.5,0,26.819774,4.3524016e-05,0,32.807199,6.8114198e-07,0
0.5,0,26.819302,9.5039689e-06,0,32.816428,3.5198989e-07,0
0.5,0,26.818803,-5.0865444e-05,0,32.825656,2.1776617e-08,0
0.5,0,26.81458,-0.0013560697,0,32.991769,5.4663249e-09,0
0.5,0,26.815549,-0.0016605236,0,33.000997,3.7376113e-07,0
0.5,0,26.816904,-0.0018444836,0,33.010226,7.3761965e-07,0
0.5,0,26.818508,-0.0019549947,0,33.019454,1.0867092e-06,0
0.5,0,26.820232,-0.002024985,0,33.028683,1.411609e-06,0
0.5,0,26.821958,-0.0020597249,0,33.037911,1.7046778e-06,0
0.5,0,26.823578,-0.0020539968,0,33.04714,1.9597404e-06,0
0.5,0,26.825002,-0.0019989954,0,33.056368,2.1720111e-06,0
0.5,0,26.826179,-0.0018907907,0,33.065597,2.3381565e-06,0
0.5,0,26.827086,-0.0017359196,0,33.074825,2.4566763e-06,0
0.5,0,26.82775,-0.0015472298,0,33.084053,2.5285011e-06,0
0.5,0,26.828203,-0.0013377818,0,33.093282,2.5570281e-06,0
0.5,0,26.828478,-0.0011184829,0,33.10251,2.5472271e-06,0
0.5,0,26.828625,-0.00089383867,0,33.111739,2.5046776e-06,0
0.5,0,26.828669,-0.00066246843,0,33.120967,2.4350466e-06,0
0.5,0,26.828621,-0.00042443857,0,33.130196,2.3436483e-06,0
0.5,0,26.828482,-0.00018538492,0,33.139424,2.2349862e-06,0
0.5,0,26.82824,4.6865576e-05,0,33.148653,2.1126294e-06,0
0.5,0,26.827874,0.00026811649,0,33.157881,1.9796132e-06,0
0.5,0,26.827371,0.00047873672,0,33.16711,1.8390074e-06,0
0.5,0,26.826733,0.00067972458,0,33.176338,1.6940004e-06,0
0.5,0,26.825991,0.00086985255,0,33.185567,1.5473478e-06,0
0.5,0,26.825219,0.0010461481,0,33.194795,1.4007209e-06,0
0.5,0,26.824515,0.001205042,0,33.204024,1.2544508e-06,0
0.5,0,26.823941,0.0013427624,0,33.213252,1.1077346e-06,0
0.5,0,26.823473,0.0014558144,0,33.22248,9.592233e-07,0
0.5,0,26.822999,0.0015415482,0,33.231709,8.0785177e-07,0
0.5,0,26.822371,0.0015993198,0,33.240937,6.5384652e-07,0
0.5,0,26.821443,0.0016250568,0,33.250166,4.9906831e-07,0
0.5,0,26.82009,0.0016018762,0,33.259394,3.4646837e-07,0
0.5,0,26.818265,0.0015117982,0,33.268623,1.9973482e-07,0
0.5,0,26.816028,0.0013327463,0,33.277851,6.6405259e-08,0
0.5,0,26.793751,-0.00084779576,0,33.342451,3.6396208e-08,0
0.5,0,26.790786,-0.0012702232,0,33.351679,1.7121899e-07,0
0.5,0,26.788319,-0.0016249485,0,33.360907,3.2110716e-07,0
0.5,0,26.786467,-0.0019256695,0,33.370136,4.7654296e-07,0
0.5,0,26.785321,-0.002154678,0,33.379364,6.2818476e-07,0
0.5,0,26.784928,-0.002298704,0,33.388593,7.6701422e-07,0
0.5,0,26.785257,-0.0023521894,0,33.397821,8.8467033e-07,0
0.5,0,26.786193,-0.0023138024,0,33.40705,9.7302117e-07,0
0.5,0,26.787556,-0.0021902738,0,33.416278,1.0245636e-06,0
0.5,0,26.789131,-0.0019958672,0,33.425507,1.0337993e-06,0
0.5,0,26.790712,-0.0017490769,0,33.434735,9.9845306e-07,0
0.5,0,26.792147,-0.0014678948,0,33.443964,9.196027e-07,0
0.5,0,26.79335,-0.0011634023,0,33.453192,8.0125892e-07,0
0.5,0,26.794297,-0.00084295096,0,33.462421,6.50107e-07,0
0.5,0,26.794983,-0.00052843766,0,33.471649,4.7402087e-07,0
0.5,0,26.795406,-0.00024843229,0,33.480878,2.7939721e-07,0
0.5,0,26.795611,-1.7930076e-05,0,33.490106,7.5451024e-08,0
0.5,0,26.865924,-0.00098554804,0,33.674675,9.1221823e-09,0
0.5,0,26.782883,0.001449526,0,33.896159,5.4880542e-08,0
0.5,0,26.783273,0.0015007076,0,33.905387,3.5256191e-07,0
0.5,0,26.783936,0.001552292,0,33.914615,6.5507211e-07,0
0.5,0,26.784711,0.0015794721,0,33.923844,9.4557894e-07,0
0.5,0,26.785526,0.0015343033,0,33.933072,1.2103004e-06,0
0.5,0,26.786368,0.0013973726,0,33.942301,1.440546e-06,0
0.5,0,26.787256,0.0011818343,0,33.951529,1.6298977e-06,0
0.5,0,26.788209,0.00090827446,0,33.960758,1.7740602e-06,0
0.5,0,26.789207,0.00059613032,0,33.969986,1.8716869e-06,0
0.5,0,26.790195,0.0002630685,0,33.979215,1.9247142e-06,0
0.5,0,26.791111,-7.6601572e-05,0,33.988443,1.9382852e-06,0
0.5,0,26.791908,-0.00041262854,0,33.997672,1.9204273e-06,0
0.5,0,26.792548,-0.00073453381,0,34.0069,1.8810668e-06,0
0.5,0,26.793006,-0.001027039,0,34.016129,1.8301386e-06,0
0.5,0,26.793274,-0.001273744,0,34.025357,1.7755732e-06,0
0.5,0,26.793389,-0.0014660046,0,34.034586,1.7224679e-06,0
0.5,0,26.793436,-0.0016048619,0,34.043814,1.6733173e-06,0
0.5,0,26.793538,-0.0016941834,0,34.053042,1.6280987e-06,0
0.5,0,26.793831,-0.0017358384,0,34.062271,1.584071e-06,0
0.5,0,26.794436,-0.0017325136,0,34.071499,1.5361765e-06,0
0.5,0,26.795422,-0.0016922413,0,34.080728,1.4784843e-06,0
0.5,0,26.796794,-0.0016270918,0,34.089956,1.4059501e-06,0
0.5,0,26.798472,-0.001546698,0,34.099185,1.3154756e-06,0
0.5,0,26.800303,-0.0014536523,0,34.108413,1.2060975e-06,0
0.5,0,26.802071,-0.0013448392,0,34.117642,1.0789449e-06,0
0.5,0,26.803529,-0.0012154608,0,34.12687,9.3749295e-07,0
0.5,0,26.804428,-0.0010612818,0,34.136099,7.879716e-07,0
0.5,0,26.804553,-0.00087982217,0,34.145327,6.3939184e-07,0
0.5,0,26.803763,-0.00067265659,0,34.154556,5.0285602e-07,0
0.5,0,26.802008,-0.00044590156,0,34.163784,3.9039528e-07,0
0.5,0,26.799345,-0.00020729267,0,34.173013,3.1385219e-07,0
0.5,0,26.795927,3.6557842e-05,0,34.182241,2.8369622e-07,0
0.5,0,26.791986,0.00028105618,0,34.191469,3.0752507e-07,0
0.5,0,26.787814,0.00052172352,0,34.200698,3.889427e-07,0
0.5,0,26.783741,0.00075035187,0,34.209926,5.2747102e-07,0
0.5,0,26.780082,0.00095307393,0,34.219155,7.1928459e-07,0
0.5,0,26.777101,0.0011120874,0,34.228383,9.5819259e-07,0
0.5,0,26.774992,0.0012108622,0,34.237612,1.2365196e-06,0
0.5,0,26.773876,0.0012388803,0,34.24684,1.5457872e-06,0
0.5,0,26.773792,0.0011938501,0,34.256069,1.8771925e-06,0
0.5,0,26.774703,0.0010830446,0,34.265297,2.221788e-06,0
0.5,0,26.776494,0.00092045691,0,34.274526,2.5704906e-06,0
0.5,0,26.778972,0.00072021374,0,34.283754,2.9144573e-06,0
0.5,0,26.781874,0.00049436577,0,34.292983,3.2456885e-06,0
0.5,0,26.78488,0.00025557769,0,34.302211,3.5570991e-06,0
0.5,0,26.787634,1.7073855e-05,0,34.31144,3.842126e-06,0
0.5,0,26.789783,-0.00021145922,0,34.320668,4.0946591e-06,0
0.5,0,26.791017,-0.00042605709,0,34.329896,4.309468e-06,0
0.5,0,26.791113,-0.00062597914,0,34.339125,4.482572e-06,0
0.5,0,26.789971,-0.00081005801,0,34.348353,4.6112087e-06,0
0.5,0,26.787635,-0.00097565438,0,34.357582,4.6936987e-06,0
0.5,0,26.784299,-0.001119758,0,34.36681,4.7295731e-06,0
0.5,0,26.780276,-0.0012395074,0,34.376039,4.7198169e-06,0
0.5,0,26.775959,-0.0013312883,0,34.385267,4.6669326e-06,0
0.5,0,26.771762,-0.0013902822,0,34.394496,4.5747751e-06,0
0.5,0,26.768071,-0.0014115466,0,34.403724,4.4482694e-06,0
0.5,0,26.765189,-0.0013915056,0,34.412953,4.2931006e-06,0
0.5,0,26.763307,-0.0013287715,0,34.422181,4.1153532e-06,0
0.5,0,26.76249,-0.0012240899,0,34.43141,3.921063e-06,0
0.5,0,26.762677,-0.0010796837,0,34.440638,3.7157278e-06,0
0.5,0,26.763703,-0.00089891337,0,34.449867,3.5038807e-06,0
0.5,0,26.765323,-0.00068701858,0,34.459095,3.2888704e-06,0
0.5,0,26.767242,-0.00045244407,0,34.468323,3.0729837e-06,0
0.5,0,26.769154,-0.00020754542,0,34.477552,2.8579111e-06,0
0.5,0,26.770772,3.1971496e-05,0,34.48678,2.6454119e-06,0
0.5,0,26.77186,0.00024905805,0,34.496009,2.4378841e-06,0
0.5,0,26.77226,0.00042849482,0,34.505237,2.2386634e-06,0
0.5,0,26.771904,0.0005597519,0,34.514466,2.0520527e-06,0
0.5,0,26.770828,0.00063830783,0,34.523694,1.8830358e-06,0
0.5,0,26.769157,0.00066567418,0,34.532923,1.7368497e-06,0
0.5,0,26.767094,0.00064794275,0,34.542151,1.6186873e-06,0
0.5,0,26.764889,0.00059322446,0,34.55138,1.5335829e-06,0
0.5,0,26.762807,0.00050964196,0,34.560608,1.4864183e-06,0
0.5,0,26.761099,0.00040472539,0,34.569837,1.4818941e-06,0
0.5,0,26.759974,0.00028583517,0,34.579065,1.5243198e-06,0
0.5,0,26.759578,0.00016075974,0,34.588294,1.6171959e-06,0
0.5,0,26.759978,3.8303569e-05,0,34.597522,1.7626435e-06,0
0.5,0,26.761158,-7.1627574e-05,0,34.60675,1.960808e-06,0
0.5,0,26.763021,-0.00015915642,0,34.615979,2.2094033e-06,0
0.5,0,26.765403,-0.00021620253,0,34.625207,2.5035263e-06,0
0.5,0,26.768103,-0.00023788632,0,34.634436,2.8357782e-06,0
0.5,0,26.770901,-0.00022296164,0,34.643664,3.1966374e-06,0
0.5,0,26.773592,-0.00017317849,0,34.652893,3.5749552e-06,0
0.5,0,26.776006,-9.2113945e-05,0,34.662121,3.9584521e-06,0
0.5,0,26.778027,1.5673272e-05,0,34.67135,4.334164e-06,0
0.5,0,26.779592,0.0001447273,0,34.680578,4.6888681e-06,0
0.5,0,26.780695,0.00028812057,0,34.689807,5.0095439e-06,0
0.5,0,26.781371,0.00043664429,0,34.699035,5.2839255e-06,0
0.5,0,26.781682,0.00057853937,0,34.708264,5.5011522e-06,0
0.5,0,26.781697,0.00070018385,0,34.717492,5.6524507e-06,0
0.5,0,26.781478,0.00078775122,0,34.726721,5.7317707e-06,0
0.5,0,26.781068,0.00082942458,0,34.735949,5.7363e-06,0
0.5,0,26.780482,0.0008173999,0,34.745177,5.6667977e-06,0
0.5,0,26.779708,0.00074917872,0,34.754406,5.5277017e-06,0
0.5,0,26.778708,0.00062814517,0,34.763634,5.3269975e-06,0
0.5,0,26.77743,0.0004628816,0,34.772863,5.0758658e-06,0
0.5,0,26.775816,0.00026560556,0,34.782091,4.7880905e-06,0
0.5,0,26.773809,5.0805079e-05,0,34.79132,4.4791985e-06,0
0.5,0,26.771368,-0.00016648549,0,34.800548,4.1654393e-06,0
0.5,0,26.768472,-0.00037253349,0,34.809777,3.8626376e-06,0
0.5,0,26.765127,-0.0005561548,0,34.819005,3.5849515e-06,0
0.5,0,26.761373,-0.00070944566,0,34.828234,3.3437134e-06,0
0.5,0,26.75729,-0.00082796403,0,34.837462,3.1464869e-06,0
0.5,0,26.753005,-0.00091045826,0,34.846691,2.9964449e-06,0
0.5,0,26.748689,-0.00095833565,0,34.855919,2.8921727e-06,0
0.5,0,26.744549,-0.00097500791,0,34.865148,2.8279318e-06,0
0.5,0,26.74082,-0.00096521926,0,34.874376,2.7943621e-06,0
0.5,0,26.737737,-0.00093432033,0,34.883604,2.7795413e-06,0
0.5,0,26.73551,-0.000887476,0,34.892833,2.7702757e-06,0
0.5,0,26.734297,-0.00082908092,0,34.902061,2.7534759e-06,0
0.5,0,26.73418,-0.00076255419,0,34.91129,2.7174928e-06,0
0.5,0,26.735152,-0.00069013675,0,34.920518,2.653307e-06,0
0.5,0,26.737109,-0.00061291283,0,34.929747,2.5554895e-06,0
0.5,0,26.739861,-0.00053121854,0,34.938975,2.4228116e-06,0
0.5,0,26.74315,-0.00044515542,0,34.948204,2.2584397e-06,0
0.5,0,26.746684,-0.00035533944,0,34.957432,2.0698029e-06,0
0.5,0,26.75017,-0.00026316304,0,34.966661,1.8681537e-06,0
0.5,0,26.753347,-0.00017037808,0,34.975889,1.6678095e-06,0
0.5,0,26.756014,-7.856647e-05,0,34.985118,1.4851667e-06,0
0.5,0,26.758051,1.1390674e-05,0,34.994346,1.3375648e-06,0
0.5,0,26.759417,9.9749137e-05,0,35.003575,1.2420227e-06,0
0.5,0,26.760153,0.00018794058,0,35.012803,1.2139101e-06,0
0.5,0,26.760359,0.00027810297,0,35.022031,1.2657247e-06,0
0.5,0,26.760183,0.00037256168,0,35.03126,1.4060863e-06,0
0.5,0,26.759788,0.00047296073,0,35.040488,1.6389664e-06,0
0.5,0,26.759327,0.00057874648,0,35.049717,1.9631837e-06,0
0.5,0,26.758927,0.0006859496,0,35.058945,2.372221e-06,0
0.5,0,26.758674,0.00078700103,0,35.068174,2.8544391e-06,0
0.5,0,26.758608,0.00087165306,0,35.077402,3.3937092e-06,0
0.5,0,26.758726,0.00092891498,0,35.086631,3.9704443e-06,0
0.5,0,26.758993,0.00094951434,0,35.095859,4.5629794e-06,0
0.5,0,26.759354,0.00092821135,0,35.105088,5.1492169e-06,0
0.5,0,26.759746,0.00086543584,0,35.114316,5.7084027e-06,0
0.5,0,26.760104,0.00076784545,0,35.123545,6.2228397e-06,0
0.5,0,26.760369,0.00064770577,0,35.132773,6.679336e-06,0
0.5,0,26.760491,0.00052125868,0,35.142002,7.0701967e-06,0
0.5,0,26.760422,0.00040640807,0,35.15123,7.3936329e-06,0
0.5,0,26.760112,0.00032005235,0,35.160458,7.6535302e-06,0
0.5,0,26.759511,0.00027540358,0,35.169687,7.8585906e-06,0
0.5,0,26.758561,0.00027990204,0,35.178915,8.0209236e-06,0
0.5,0,26.757208,0.00033396105,0,35.188144,8.1542267e-06,0
0.5,0,26.75541,0.00043063499,0,35.197372,8.2718035e-06,0
0.5,0,26.753153,0.00055609662,0,35.206601,8.3847221e-06,0
0.5,0,26.750463,0.00069149789,0,35.215829,8.5003607e-06,0
0.5,0,26.747424,0.00081511596,0,35.225058,8.6213898e-06,0
0.5,0,26.744178,0.00090370673,0,35.234286,8.7453055e-06,0
0.5,0,26.74092,0.00093728467,0,35.243515,8.8647314e-06,0
0.5,0,26.73788,0.00090211946,0,35.252743,8.9683387e-06,0
0.5,0,26.735304,0.00079000027,0,35.261972,9.0422526e-06,0
0.5,0,26.733412,0.00060049742,0,35.2712,9.0717044e-06,0
0.5,0,26.73238,0.00034160953,0,35.280429,9.0425069e-06,0
0.5,0,26.732301,2.8090192e-05,0,35.289657,8.9424116e-06,0
0.5,0,26.733172,-0.00032176128,0,35.298885,8.762068e-06,0
0.5,0,26.734878,-0.00068882513,0,35.308114,8.4954744e-06,0
0.5,0,26.737201,-0.0010518138,0,35.317342,8.1403479e-06,0
0.5,0,26.739852,-0.0013884409,0,35.326571,7.6982261e-06,0
0.5,0,26.742501,-0.0016785493,0,35.335799,7.174255e-06,0
0.5,0,26.744811,-0.0019046834,0,35.345028,6.5769695e-06,0
0.5,0,26.746471,-0.0020535428,0,35.354256,5.9179875e-06,0
0.5,0,26.747236,-0.0021182235,0,35.363485,5.2114943e-06,0
0.5,0,26.746947,-0.0020997309,0,35.372713,4.4734497e-06,0
0.5,0,26.745553,-0.0020059614,0,35.381942,3.7206432e-06,0
0.5,0,26.743111,-0.0018488597,0,35.39117,2.9700423e-06,0
0.5,0,26.739777,-0.0016428738,0,35.400399,2.2386021e-06,0
0.5,0,26.735782,-0.0014043599,0,35.409627,1.5434571e-06,0
0.5,0,26.731423,-0.0011611362,0,35.418856,9.0220126e-07,0
0.5,0,26.72707,-0.00097935379,0,35.428084,3.3125439e-07,0
0.5,0,26.725708,0.00059231707,0,35.529597,3.4342505e-07,0
0.5,0,26.729357,0.00043812872,0,35.538826,7.8044898e-07,0
0.5,0,26.732699,0.00035242895,0,35.548054,1.2385897e-06,0
0.5,0,26.735501,0.00030338209,0,35.557283,1.7125817e-06,0
0.5,0,26.737628,0.00029336141,0,35.566511,2.2043352e-06,0
0.5,0,26.739019,0.00034451738,0,35.57574,2.7199136e-06,0
0.5,0,26.739694,0.00047061815,0,35.584968,3.2680466e-06,0
0.5,0,26.73974,0.00066691671,0,35.594196,3.8595698e-06,0
0.5,0,26.739285,0.0009172459,0,35.603425,4.5059354e-06,0
0.5,0,26.738461,0.0012049135,0,35.612653,5.2162582e-06,0
0.5,0,26.73738,0.0015149821,0,35.621882,5.9940812e-06,0
0.5,0,26.736128,0.0018275184,0,35.63111,6.8357444e-06,0
0.5,0,26.734756,0.0021140123,0,35.640339,7.7307882e-06,0
0.5,0,26.733292,0.0023440699,0,35.649567,8.663251e-06,0
0.5,0,26.73175,0.0024952047,0,35.658796,9.6129269e-06,0
0.5,0,26.730144,0.0025571795,0,35.668024,1.0556788e-05,0
0.5,0,26.728505,0.0025302497,0,35.677253,1.1470925e-05,0
0.5,0,26.726891,0.0024193818,0,35.686481,1.2332544e-05,0
0.5,0,26.725376,0.002231285,0,35.69571,1.3121581e-05,0
0.5,0,26.724045,0.0019753347,0,35.704938,1.3821776e-05,0
0.5,0,26.722971,0.0016634981,0,35.714167,1.4421019e-05,0
0.5,0,26.722192,0.0013097561,0,35.723395,1.4911132e-05,0
0.5,0,26.72169,0.00092963846,0,35.732623,1.5287468e-05,0
0.5,0,26.721384,0.00053941662,0,35.741852,1.5548417e-05,0
0.5,0,26.721138,0.00015425404,0,35.75108,1.5694982e-05,0
0.5,0,26.720787,-0.00021419556,0,35.760309,1.5730558e-05,0
0.5,0,26.720172,-0.00055795566,0,35.769537,1.5660887e-05,0
0.5,0,26.719179,-0.00087055263,0,35.778766,1.5493983e-05,0
0.5,0,26.717775,-0.0011437631,0,35.787994,1.5239797e-05,0
0.5,0,26.716026,-0.0013649411,0,35.797223,1.490953e-05,0
0.5,0,26.714097,-0.0015203528,0,35.806451,1.4514726e-05,0
0.5,0,26.712234,-0.001601063,0,35.81568,1.4066244e-05,0
0.5,0,26.710727,-0.0016061089,0,35.824908,1.357348e-05,0
0.5,0,26.709855,-0.0015438955,0,35.834137,1.3043987e-05,0
0.5,0,26.709828,-0.0014308655,0,35.843365,1.2483363e-05,0
0.5,0,26.710752,-0.0012899881,0,35.852594,1.1895301e-05,0
0.5,0,26.712604,-0.0011474943,0,35.861822,1.1281376e-05,0
0.5,0,26.715239,-0.0010281353,0,35.87105,1.0640918e-05,0
0.5,0,26.71843,-0.0009532299,0,35.880279,9.9722823e-06,0
0.5,0,26.721851,-0.00093007714,0,35.889507,9.2731987e-06,0
0.5,0,26.725133,-0.00095520868,0,35.898736,8.5409501e-06,0
0.5,0,26.727959,-0.0010241048,0,35.907964,7.7747521e-06,0
0.5,0,26.730045,-0.001125282,0,35.917193,6.9769318e-06,0
0.5,0,26.731169,-0.0012421227,0,35.926421,6.1528148e-06,0
0.5,0,26.731221,-0.001360504,0,35.93565,5.3105361e-06,0
0.5,0,26.7302,-0.0014720421,0,35.944878,4.4597354e-06,0
0.5,0,26.728205,-0.0015685975,0,35.954107,3.6100944e-06,0
0.5,0,26.725425,-0.0016425476,0,35.963335,2.7709041e-06,0
0.5,0,26.722112,-0.0016931738,0,35.972564,1.951324e-06,0
0.5,0,26.718579,-0.0017434819,0,35.981792,1.1608489e-06,0
0.5,0,26.71522,-0.0018665017,0,35.991021,4.0756236e-07,0
0.5,0,26.712884,0.0021121193,0,36.17559,4.1836453e-07,0
0.5,0,26.716006,0.0023515358,0,36.184818,1.6387845e-06,0
0.5,0,26.719415,0.0027679,0,36.194047,2.9568495e-06,0
0.5,0,26.722768,0.0032524277,0,36.203275,4.3543984e-06,0
0.5,0,26.725812,0.003687591,0,36.212504,5.8189597e-06,0
0.5,0,26.72832,0.0040475239,0,36.221732,7.3353459e-06,0
0.5,0,26.730113,0.0043351907,0,36.230961,8.884818e-06,0
0.5,0,26.731091,0.0045338388,0,36.240189,1.0448254e-05,0
0.5,0,26.731251,0.0046239339,0,36.249418,1.200785e-05,0
0.5,0,26.730643,0.0046031601,0,36.258646,1.354715e-05,0
0.5,0,26.729354,0.0044876164,0,36.267875,1.5049668e-05,0
0.5,0,26.727511,0.0042970011,0,36.277103,1.6498211e-05,0
0.5,0,26.725261,0.004041037,0,36.286331,1.7876086e-05,0
0.5,0,26.722765,0.0037256696,0,36.29556,1.9168613e-05,0
0.5,0,26.720183,0.0033658994,0,36.304788,2.0363022e-05,0
0.5,0,26.717645,0.0029848543,0,36.314017,2.1447527e-05,0
0.5,0,26.715249,0.0025987812,0,36.323245,2.2411588e-05,0
0.5,0,26.713068,0.0022087885,0,36.332474,2.3247305e-05,0
0.5,0,26.711168,0.0018096236,0,36.341702,2.3950234e-05,0
0.5,0,26.709618,0.0014019661,0,36.350931,2.4518567e-05,0
0.5,0,26.708492,0.00099458939,0,36.360159,2.4951486e-05,0
0.5,0,26.70787,0.00059740652,0,36.369388,2.5248196e-05,0
0.5,0,26.707831,0.0002162153,0,36.378616,2.5408022e-05,0
0.5,0,26.70846,-0.00014591981,0,36.387845,2.5430864e-05,0
0.5,0,26.709827,-0.0004864232,0,36.397073,2.5317539e-05,0
0.5,0,26.711977,-0.00080531583,0,36.406302,2.5070197e-05,0
0.5,0,26.7149,-0.0011078181,0,36.41553,2.4693031e-05,0
0.5,0,26.718517,-0.001402191,0,36.424758,2.4192823e-05,0
0.5,0,26.722658,-0.001693888,0,36.433987,2.3578628e-05,0
0.5,0,26.727041,-0.0019807761,0,36.443215,2.2860322e-05,0
0.5,0,26.731265,-0.002252975,0,36.452444,2.2046711e-05,0
0.5,0,26.734846,-0.0024985137,0,36.461672,2.1144413e-05,0
0.5,0,26.737276,-0.0027114414,0,36.470901,2.0158103e-05,0
0.5,0,26.738104,-0.0028964446,0,36.480129,1.9091695e-05,0
0.5,0,26.737031,-0.0030653479,0,36.489358,1.7949508e-05,0
0.5,0,26.733986,-0.0032268975,0,36.498586,1.6736732e-05,0
0.5,0,26.729151,-0.0033763015,0,36.507815,1.5459296e-05,0
0.5,0,26.722954,-0.0034941899,0,36.517043,1.4123657e-05,0
0.5,0,26.716015,-0.0035576817,0,36.526272,1.2736927e-05,0
0.5,0,26.709042,-0.0035558775,0,36.5355,1.1307223e-05,0
0.5,0,26.702717,-0.0034964557,0,36.544729,9.8436532e-06,0
0.5,0,26.697572,-0.0033954255,0,36.553957,8.355934e-06,0
0.5,0,26.693909,-0.0032656293,0,36.563185,6.8542771e-06,0
0.5,0,26.69177,-0.003114726,0,36.572414,5.3492252e-06,0
0.5,0,26.690971,-0.0029492653,0,36.581642,3.8513534e-06,0
0.5,0,26.691185,-0.0028067171,0,36.590871,2.3725437e-06,0
0.5,0,26.69217,-0.0028383806,0,36.600099,9.2423607e-07,0
0.5,0,26.701993,0.004385643,0,36.858496,7.7281314e-07,0
0.5,0,26.704423,0.0047105825,0,36.867725,2.8373445e-06,0
0.5,0,26.706888,0.0052379313,0,36.876953,5.0040735e-06,0
0.5,0,26.708938,0.0057432137,0,36.886182,7.2457676e-06,0
0.5,0,26.710325,0.0060889576,0,36.89541,9.5443794e-06,0
0.5,0,26.710857,0.0062918245,0,36.904639,1.1878675e-05,0
0.5,0,26.710451,0.006392609,0,36.913867,1.4224715e-05,0
0.5,0,26.709199,0.0064005188,0,36.923096,1.6562356e-05,0
0.5,0,26.707348,0.0063150084,0,36.932324,1.8878686e-05,0
0.5,0,26.705231,0.0061590429,0,36.941553,2.1166489e-05,0
0.5,0,26.703221,0.0059861901,0,36.950781,2.3419508e-05,0
0.5,0,26.701685,0.0058480464,0,36.96001,2.5629659e-05,0
0.5,0,26.700947,0.0057613289,0,36.969238,2.7788415e-05,0
0.5,0,26.701232,0.005712081,0,36.978466,2.9888777e-05,0
0.5,0,26.702632,0.0056797825,0,36.987695,3.1924403e-05,0
0.5,0,26.705074,0.0056440905,0,36.996923,3.3887366e-05,0
0.5,0,26.708332,0.0055744677,0,37.006152,3.5767443e-05,0
0.5,0,26.712064,0.0054297772,0,37.01538,3.7552795e-05,0
0.5,0,26.715883,0.0051780737,0,37.024609,3.9229775e-05,0
0.5,0,26.719412,0.0048126317,0,37.033837,4.0781346e-05,0
0.5,0,26.722333,0.0043459122,0,37.043066,4.2186147e-05,0
0.5,0,26.72443,0.0037919313,0,37.052294,4.3419986e-05,0
0.5,0,26.725609,0.0031563257,0,37.061523,4.4458916e-05,0
0.5,0,26.725902,0.0024432893,0,37.070751,4.5281552e-05,0
0.5,0,26.725453,0.0016658251,0,37.07998,4.5869712e-05,0
0.5,0,26.724475,0.00084338809,0,37.089208,4.6208528e-05,0
0.5,0,26.723203,-7.974326e-06,0,37.098437,4.6287119e-05,0
0.5,0,26.721845,-0.00087836115,0,37.107665,4.6099637e-05,0
0.5,0,26.720531,-0.0017570164,0,37.116893,4.5645639e-05,0
0.5,0,26.719297,-0.002624097,0,37.126122,4.4929327e-05,0
0.5,0,26.718081,-0.0034494937,0,37.13535,4.3958334e-05,0
0.5,0,26.716762,-0.0041988034,0,37.144579,4.2743038e-05,0
0.5,0,26.715219,-0.0048443756,0,37.153807,4.1296949e-05,0
0.5,0,26.713384,-0.0053730028,0,37.163036,3.96376e-05,0
0.5,0,26.711285,-0.005786574,0,37.172264,3.7786653e-05,0
0.5,0,26.709039,-0.0060982357,0,37.181493,3.5768363e-05,0
0.5,0,26.706829,-0.0063235726,0,37.190721,3.36068e-05,0
0.5,0,26.704862,-0.0064706624,0,37.19995,3.1323416e-05,0
0.5,0,26.703334,-0.0065397585,0,37.209178,2.8936303e-05,0
0.5,0,26.702377,-0.0065353609,0,37.218407,2.6460838e-05,0
0.5,0,26.702053,-0.0064783895,0,37.227635,2.3909913e-05,0
0.5,0,26.702348,-0.0064100774,0,37.236864,2.1292283e-05,0
0.5,0,26.703158,-0.0063767986,0,37.246092,1.8609852e-05,0
0.5,0,26.704304,-0.0064031829,0,37.25532,1.5856483e-05,0
0.5,0,26.705528,-0.0064751487,0,37.264549,1.3020054e-05,0
0.5,0,26.706507,-0.0065487133,0,37.273777,1.0087153e-05,0
0.5,0,26.706891,-0.0065863239,0,37.283006,7.0495187e-06,0
0.5,0,26.706501,-0.006688258,0,37.292234,3.9109009e-06,0
0.5,0,26.705667,-0.0072149518,0,37.301463,6.8404378e-07,0
0.5,0,26.68748,0.0098122336,0,37.661373,1.9988256e-06,0
0.5,0,26.687118,0.009913522,0,37.670601,5.874062e-06,0
0.5,0,26.686237,0.010223966,0,37.67983,9.7115909e-06,0
0.5,0,26.684935,0.010337373,0,37.689058,1.3472629e-05,0
0.5,0,26.683488,0.010162,0,37.698287,1.7127782e-05,0
0.5,0,26.682042,0.0097760452,0,37.707515,2.0641436e-05,0
0.5,0,26.680772,0.0092421361,0,37.716744,2.3976581e-05,0
0.5,0,26.679763,0.0085710736,0,37.725972,2.7100603e-05,0
0.5,0,26.67928,0.0077501818,0,37.735201,2.9990879e-05,0
0.5,0,26.679083,0.0067999017,0,37.744429,3.2621063e-05,0
0.5,0,26.679697,0.0057549086,0,37.753658,3.4973047e-05,0
0.5,0,26.680086,0.0047480983,0,37.762886,3.7003035e-05,0
0.5,0,26.682151,0.0035210671,0,37.772115,3.8720796e-05,0
0.5,0,26.683415,0.0025930723,0,37.781343,4.004509e-05,0
0.5,0,26.686569,0.00013396048,0,37.790572,4.1092681e-05,0
0.5,0,26.690918,-0.0021644875,0,37.7998,4.1610484e-05,0
