"f","p","u.x:0","u.x:1","u.x:2","Points:0","Points:1","Points:2"
0.5,0,26.703177,-0.0043812806,0,-37.790572,-3.4577109e-05,0
0.5,0,26.704332,-0.0049795751,0,-37.7998,-3.4601957e-05,0
0.5,0,26.701415,-0.0038308057,0,-37.781343,-3.4496238e-05,0
0.5,0,26.700609,-0.0036044475,0,-37.772115,-3.4405874e-05,0
0.5,0,26.700367,-0.0032953116,0,-37.762886,-3.4317097e-05,0
0.5,0,26.700155,-0.0033255033,0,-37.753658,-3.4133096e-05,0
0.5,0,26.699837,-0.0032077329,0,-37.744429,-3.3831631e-05,0
0.5,0,26.699684,-0.0028991241,0,-37.735201,-3.3486812e-05,0
0.5,0,26.699751,-0.0029538313,0,-37.725972,-3.3120286e-05,0
0.5,0,26.699966,-0.0032665408,0,-37.716744,-3.2714055e-05,0
0.5,0,26.700401,-0.0032861169,0,-37.707515,-3.2311925e-05,0
0.5,0,26.701102,-0.003028356,0,-37.698287,-3.1974029e-05,0
0.5,0,26.701805,-0.0028660065,0,-37.689058,-3.1702956e-05,0
0.5,0,26.702106,-0.0029161201,0,-37.67983,-3.1468122e-05,0
0.5,0,26.701891,-0.0030464401,0,-37.670601,-3.1247461e-05,0
0.5,0,26.701503,-0.0031167347,0,-37.661373,-3.1020921e-05,0
0.5,0,26.701431,-0.0030882007,0,-37.652145,-3.0754811e-05,0
0.5,0,26.701955,-0.0030039895,0,-37.642916,-3.0418773e-05,0
0.5,0,26.70289,-0.0028855551,0,-37.633688,-3.0016556e-05,0
0.5,0,26.703766,-0.0027052093,0,-37.624459,-2.9588433e-05,0
0.5,0,26.704417,-0.0024792392,0,-37.615231,-2.9180348e-05,0
0.5,0,26.704772,-0.0023206532,0,-37.606002,-2.8815765e-05,0
0.5,0,26.704433,-0.0023197079,0,-37.596774,-2.8491683e-05,0
0.5,0,26.703305,-0.0024084189,0,-37.587545,-2.8187078e-05,0
0.5,0,26.702074,-0.0024495582,0,-37.578317,-2.7876946e-05,0
0.5,0,26.701522,-0.0024272264,0,-37.569088,-2.7550053e-05,0
0.5,0,26.701692,-0.0024501705,0,-37.55986,-2.721325e-05,0
0.5,0,26.702123,-0.0026021645,0,-37.550631,-2.6880317e-05,0
0.5,0,26.702575,-0.0028332262,0,-37.541403,-2.6567678e-05,0
0.5,0,26.703097,-0.0029829076,0,-37.532174,-2.6283795e-05,0
0.5,0,26.703602,-0.0029856677,0,-37.522946,-2.600514e-05,0
0.5,0,26.70382,-0.0029555362,0,-37.513718,-2.5700999e-05,0
0.5,0,26.703446,-0.0030217819,0,-37.504489,-2.5381503e-05,0
0.5,0,26.702392,-0.0032175294,0,-37.495261,-2.5065632e-05,0
0.5,0,26.701132,-0.0034246465,0,-37.486032,-2.4739239e-05,0
0.5,0,26.70028,-0.0033719576,0,-37.476804,-2.4396824e-05,0
0.5,0,26.700067,-0.0029431264,0,-37.467575,-2.4070736e-05,0
0.5,0,26.700405,-0.0024223558,0,-37.458347,-2.3786232e-05,0
0.5,0,26.701048,-0.002176708,0,-37.449118,-2.3528147e-05,0
0.5,0,26.701773,-0.0023139958,0,-37.43989,-2.3266712e-05,0
0.5,0,26.702464,-0.002694743,0,-37.430661,-2.299265e-05,0
0.5,0,26.70319,-0.0030467689,0,-37.421433,-2.2711478e-05,0
0.5,0,26.703909,-0.0031675845,0,-37.412204,-2.2415177e-05,0
0.5,0,26.704335,-0.0030378491,0,-37.402976,-2.2090402e-05,0
0.5,0,26.704401,-0.0027669448,0,-37.393747,-2.1749338e-05,0
0.5,0,26.704211,-0.0025854001,0,-37.384519,-2.1408006e-05,0
0.5,0,26.703754,-0.0026109819,0,-37.375291,-2.1052831e-05,0
0.5,0,26.703006,-0.0026292823,0,-37.366062,-2.0681449e-05,0
0.5,0,26.702125,-0.0024907185,0,-37.356834,-2.0332215e-05,0
0.5,0,26.701418,-0.0024031337,0,-37.347605,-2.003316e-05,0
0.5,0,26.701161,-0.0025552099,0,-37.338377,-1.9767886e-05,0
0.5,0,26.70141,-0.0028437971,0,-37.329148,-1.9501739e-05,0
0.5,0,26.701944,-0.0030809416,0,-37.31992,-1.9211186e-05,0
0.5,0,26.702377,-0.0032008813,0,-37.310691,-1.8891602e-05,0
0.5,0,26.702373,-0.0032337647,0,-37.301463,-1.855492e-05,0
0.5,0,26.70187,-0.0032083354,0,-37.292234,-1.8222051e-05,0
0.5,0,26.701127,-0.0031263864,0,-37.283006,-1.7912486e-05,0
0.5,0,26.700502,-0.00301949,0,-37.273777,-1.7636966e-05,0
0.5,0,26.700309,-0.0029863249,0,-37.264549,-1.7396786e-05,0
0.5,0,26.700835,-0.00313701,0,-37.25532,-1.7189922e-05,0
0.5,0,26.70205,-0.0034529975,0,-37.246092,-1.7016705e-05,0
0.5,0,26.7033,-0.0037442806,0,-37.236864,-1.6873049e-05,0
0.5,0,26.703672,-0.0038183827,0,-37.227635,-1.6738375e-05,0
0.5,0,26.702902,-0.0036173298,0,-37.218407,-1.658383e-05,0
0.5,0,26.701701,-0.0032324141,0,-37.209178,-1.6395638e-05,0
0.5,0,26.700922,-0.0029291565,0,-37.19995,-1.616958e-05,0
0.5,0,26.700801,-0.0029204413,0,-37.190721,-1.5894149e-05,0
0.5,0,26.701194,-0.0030634402,0,-37.181493,-1.5580821e-05,0
0.5,0,26.701956,-0.003125115,0,-37.172264,-1.5282061e-05,0
0.5,0,26.702826,-0.0031047655,0,-37.163036,-1.5045004e-05,0
0.5,0,26.70355,-0.0030699884,0,-37.153807,-1.4878733e-05,0
0.5,0,26.704151,-0.0030423415,0,-37.144579,-1.4764816e-05,0
0.5,0,26.704614,-0.0030661148,0,-37.13535,-1.4669146e-05,0
0.5,0,26.704515,-0.0031386429,0,-37.126122,-1.4555544e-05,0
0.5,0,26.703478,-0.0031727379,0,-37.116893,-1.4407985e-05,0
0.5,0,26.701811,-0.0031326941,0,-37.107665,-1.4233437e-05,0
0.5,0,26.700306,-0.0030969725,0,-37.098437,-1.4041718e-05,0
0.5,0,26.699545,-0.0031392657,0,-37.089208,-1.3833161e-05,0
0.5,0,26.699602,-0.0032165042,0,-37.07998,-1.3603345e-05,0
0.5,0,26.700237,-0.0032180793,0,-37.070751,-1.3350092e-05,0
0.5,0,26.701122,-0.0030847609,0,-37.061523,-1.3075556e-05,0
0.5,0,26.701948,-0.0028511478,0,-37.052294,-1.278695e-05,0
0.5,0,26.702497,-0.0026002532,0,-37.043066,-1.2494955e-05,0
0.5,0,26.702628,-0.0024055126,0,-37.033837,-1.2206052e-05,0
0.5,0,26.702301,-0.0023041097,0,-37.024609,-1.1915141e-05,0
0.5,0,26.701649,-0.0022872209,0,-37.01538,-1.1607876e-05,0
0.5,0,26.700933,-0.0023147621,0,-37.006152,-1.1270746e-05,0
0.5,0,26.700352,-0.0023450508,0,-36.996923,-1.0898024e-05,0
0.5,0,26.699974,-0.0023480876,0,-36.987695,-1.0491312e-05,0
0.5,0,26.699822,-0.0023172934,0,-36.978466,-1.0055033e-05,0
0.5,0,26.699956,-0.0022828619,0,-36.969238,-9.5897276e-06,0
0.5,0,26.700408,-0.0022757437,0,-36.96001,-9.0895844e-06,0
0.5,0,26.701051,-0.0022586714,0,-36.950781,-8.5525728e-06,0
0.5,0,26.701656,-0.002147366,0,-36.941553,-7.9935994e-06,0
0.5,0,26.702096,-0.0019261514,0,-36.932324,-7.4398186e-06,0
0.5,0,26.702424,-0.0016965738,0,-36.923096,-6.9100369e-06,0
0.5,0,26.702702,-0.0015871879,0,-36.913867,-6.4019535e-06,0
0.5,0,26.702843,-0.0016494217,0,-36.904639,-5.8977372e-06,0
0.5,0,26.702699,-0.0018510516,0,-36.89541,-5.3773165e-06,0
0.5,0,26.702299,-0.002119303,0,-36.886182,-4.827523e-06,0
0.5,0,26.701869,-0.0023716307,0,-36.876953,-4.2459652e-06,0
0.5,0,26.70163,-0.0025351963,0,-36.867725,-3.6417027e-06,0
0.5,0,26.701629,-0.0025694574,0,-36.858496,-3.031984e-06,0
0.5,0,26.701723,-0.0024808502,0,-36.849268,-2.4362327e-06,0
0.5,0,26.701689,-0.002309544,0,-36.840039,-1.8706239e-06,0
0.5,0,26.701361,-0.0021066768,0,-36.830811,-1.3451473e-06,0
0.5,0,26.700707,-0.0019256782,0,-36.821583,-8.6150384e-07,0
0.5,0,26.699846,-0.0018335406,0,-36.812354,-4.118708e-07,0
0.5,0,26.699014,-0.0018765203,0,-36.803498,-2.5804012e-15,0
0.5,0,26.711736,-0.0041262468,0,-36.064848,-2.1982594e-07,0
0.5,0,26.712338,-0.0040239345,0,-36.072592,-2.5804012e-15,0
0.5,0,26.710751,-0.0042042399,0,-36.05562,-4.7362716e-07,0
0.5,0,26.70954,-0.0042552679,0,-36.046391,-7.3395936e-07,0
0.5,0,26.708165,-0.0042933421,0,-36.037163,-1.0141316e-06,0
0.5,0,26.706735,-0.004328819,0,-36.027934,-1.3233017e-06,0
0.5,0,26.705383,-0.0043684871,0,-36.018706,-1.6653394e-06,0
0.5,0,26.70421,-0.0044140031,0,-36.009477,-2.0385961e-06,0
0.5,0,26.703282,-0.0044628352,0,-36.000249,-2.4361523e-06,0
0.5,0,26.702635,-0.0045128518,0,-35.991021,-2.8474843e-06,0
0.5,0,26.702273,-0.0045635627,0,-35.981792,-3.2612588e-06,0
0.5,0,26.70218,-0.0046149066,0,-35.972564,-3.6684976e-06,0
0.5,0,26.702346,-0.0046667879,0,-35.963335,-4.0654863e-06,0
0.5,0,26.702742,-0.0047325411,0,-35.954107,-4.4562739e-06,0
0.5,0,26.703379,-0.0047872154,0,-35.944878,-4.8529347e-06,0
0.5,0,26.704075,-0.0047249567,0,-35.93565,-5.2655298e-06,0
0.5,0,26.704897,-0.0044692268,0,-35.926421,-5.683277e-06,0
0.5,0,26.7055,-0.0041951259,0,-35.917193,-6.1070634e-06,0
0.5,0,26.705107,-0.0040958753,0,-35.907964,-6.5743794e-06,0
0.5,0,26.703722,-0.0040208859,0,-35.898736,-7.1112689e-06,0
0.5,0,26.702639,-0.0039429051,0,-35.889507,-7.7201644e-06,0
0.5,0,26.702612,-0.0040749561,0,-35.880279,-8.3592913e-06,0
0.5,0,26.702788,-0.0043254286,0,-35.87105,-8.9607614e-06,0
0.5,0,26.702879,-0.0044182442,0,-35.861822,-9.5173588e-06,0
0.5,0,26.703197,-0.0043618486,0,-35.852594,-1.0059937e-05,0
0.5,0,26.703842,-0.0043449844,0,-35.843365,-1.0594924e-05,0
0.5,0,26.704696,-0.0044225269,0,-35.834137,-1.1112759e-05,0
0.5,0,26.705558,-0.0045480926,0,-35.824908,-1.161056e-05,0
0.5,0,26.706203,-0.0046924249,0,-35.81568,-1.2092586e-05,0
0.5,0,26.706451,-0.0048475521,0,-35.806451,-1.2564925e-05,0
0.5,0,26.706231,-0.0049963407,0,-35.797223,-1.3032641e-05,0
0.5,0,26.705603,-0.0051043721,0,-35.787994,-1.3498092e-05,0
0.5,0,26.704741,-0.005128177,0,-35.778766,-1.3959788e-05,0
0.5,0,26.70387,-0.0050353877,0,-35.769537,-1.4412839e-05,0
0.5,0,26.703199,-0.0048276941,0,-35.760309,-1.4851826e-05,0
0.5,0,26.702856,-0.0045422365,0,-35.75108,-1.5274753e-05,0
0.5,0,26.702887,-0.0042300457,0,-35.741852,-1.568492e-05,0
0.5,0,26.703248,-0.0039302133,0,-35.732623,-1.6088511e-05,0
0.5,0,26.703858,-0.0036681068,0,-35.723395,-1.6490306e-05,0
0.5,0,26.704625,-0.0034819648,0,-35.714167,-1.6892039e-05,0
0.5,0,26.705391,-0.0034480995,0,-35.704938,-1.7296342e-05,0
0.5,0,26.705949,-0.0036139421,0,-35.69571,-1.7711493e-05,0
0.5,0,26.706251,-0.0038927473,0,-35.686481,-1.8142223e-05,0
0.5,0,26.706392,-0.0041491178,0,-35.677253,-1.8575761e-05,0
0.5,0,26.706369,-0.0042954201,0,-35.668024,-1.8988846e-05,0
0.5,0,26.706181,-0.0043280936,0,-35.658796,-1.936329e-05,0
0.5,0,26.705914,-0.0043994973,0,-35.649567,-1.9687352e-05,0
0.5,0,26.705651,-0.0046028644,0,-35.640339,-1.9958527e-05,0
0.5,0,26.705504,-0.0048074582,0,-35.63111,-2.0189758e-05,0
0.5,0,26.705565,-0.0048621532,0,-35.621882,-2.0397499e-05,0
0.5,0,26.705927,-0.0046954484,0,-35.612653,-2.059297e-05,0
0.5,0,26.706746,-0.0043353436,0,-35.603425,-2.078237e-05,0
0.5,0,26.708056,-0.0039457353,0,-35.594196,-2.095647e-05,0
0.5,0,26.709596,-0.0036907051,0,-35.584968,-2.1095384e-05,0
0.5,0,26.710912,-0.003628543,0,-35.57574,-2.119504e-05,0
0.5,0,26.711591,-0.0037079609,0,-35.566511,-2.1276312e-05,0
0.5,0,26.711525,-0.0037659392,0,-35.557283,-2.1360087e-05,0
0.5,0,26.710867,-0.003659431,0,-35.548054,-2.1440919e-05,0
0.5,0,26.709857,-0.0033899056,0,-35.538826,-2.1499181e-05,0
0.5,0,26.708818,-0.0030569024,0,-35.529597,-2.152984e-05,0
0.5,0,26.70809,-0.0028305861,0,-35.520369,-2.1530967e-05,0
0.5,0,26.707853,-0.0028065932,0,-35.51114,-2.1483013e-05,0
0.5,0,26.708039,-0.0028324958,0,-35.501912,-2.1381683e-05,0
0.5,0,26.708477,-0.002775015,0,-35.492683,-2.1257563e-05,0
0.5,0,26.709001,-0.0027379265,0,-35.483455,-2.1133663e-05,0
0.5,0,26.709479,-0.002795167,0,-35.474226,-2.0999458e-05,0
0.5,0,26.709891,-0.0028394785,0,-35.464998,-2.0830394e-05,0
0.5,0,26.710305,-0.0027754302,0,-35.455769,-2.0608752e-05,0
0.5,0,26.710809,-0.0026346777,0,-35.446541,-2.0330079e-05,0
0.5,0,26.711492,-0.0024920216,0,-35.437312,-2.0002541e-05,0
0.5,0,26.71208,-0.0023986719,0,-35.428084,-1.9642452e-05,0
0.5,0,26.712335,-0.002371402,0,-35.418856,-1.926816e-05,0
0.5,0,26.712222,-0.0023887914,0,-35.409627,-1.8894044e-05,0
0.5,0,26.711795,-0.0024147489,0,-35.400399,-1.8523871e-05,0
0.5,0,26.711328,-0.0024131356,0,-35.39117,-1.814628e-05,0
0.5,0,26.71094,-0.0023609665,0,-35.381942,-1.7742644e-05,0
0.5,0,26.710659,-0.0022781986,0,-35.372713,-1.7304471e-05,0
0.5,0,26.710424,-0.0022287899,0,-35.363485,-1.6840822e-05,0
0.5,0,26.710153,-0.0022507055,0,-35.354256,-1.6369625e-05,0
0.5,0,26.709727,-0.002285943,0,-35.345028,-1.5907012e-05,0
0.5,0,26.709313,-0.0022945469,0,-35.335799,-1.5461946e-05,0
0.5,0,26.708564,-0.002278954,0,-35.326571,-1.5031047e-05,0
0.5,0,26.707416,-0.0022673655,0,-35.317342,-1.4597171e-05,0
0.5,0,26.706429,-0.0022998472,0,-35.308114,-1.4141283e-05,0
0.5,0,26.705622,-0.0023446132,0,-35.298885,-1.3657501e-05,0
0.5,0,26.705075,-0.0023631998,0,-35.289657,-1.3152888e-05,0
0.5,0,26.704859,-0.0023439647,0,-35.280429,-1.2637893e-05,0
0.5,0,26.704952,-0.0022588425,0,-35.2712,-1.2123979e-05,0
0.5,0,26.70528,-0.0020739577,0,-35.261972,-1.162648e-05,0
0.5,0,26.705807,-0.0018252153,0,-35.252743,-1.1158237e-05,0
0.5,0,26.706583,-0.0016350533,0,-35.243515,-1.0715761e-05,0
0.5,0,26.707585,-0.0016043283,0,-35.234286,-1.0275415e-05,0
0.5,0,26.70863,-0.0017415255,0,-35.225058,-9.8059926e-06,0
0.5,0,26.709651,-0.0020071863,0,-35.215829,-9.2958651e-06,0
0.5,0,26.710245,-0.0022342396,0,-35.206601,-8.7295207e-06,0
0.5,0,26.710219,-0.0023148452,0,-35.197372,-8.104018e-06,0
0.5,0,26.709613,-0.0023117748,0,-35.188144,-7.4446532e-06,0
0.5,0,26.708436,-0.0027024371,0,-35.178915,-6.7673829e-06,0
0.5,0,26.706901,-0.0029346548,0,-35.169687,-6.0836883e-06,0
0.5,0,26.705913,-0.002671696,0,-35.160458,-5.4022284e-06,0
0.5,0,26.705548,-0.0024696216,0,-35.15123,-4.7324708e-06,0
0.5,0,26.705086,-0.0022250862,0,-35.142002,-4.0851687e-06,0
0.5,0,26.704716,-0.0019882203,0,-35.132773,-3.4646734e-06,0
0.5,0,26.70451,-0.0018383633,0,-35.123545,-2.8628888e-06,0
0.5,0,26.704495,-0.0018008899,0,-35.114316,-2.264808e-06,0
0.5,0,26.704651,-0.0018194658,0,-35.105088,-1.6613292e-06,0
0.5,0,26.704931,-0.0018035791,0,-35.095859,-1.0569146e-06,0
0.5,0,26.705277,-0.0017224456,0,-35.086631,-4.6637905e-07,0
0.5,0,26.705559,-0.0015861714,0,-35.078962,-2.5804012e-15,0
0.5,0,26.725673,-0.0047592417,0,-33.074825,-1.1597855e-07,0
0.5,0,26.727208,-0.0046979345,0,-33.078804,-2.5804012e-15,0
0.5,0,26.723531,-0.0049162149,0,-33.065597,-3.6379487e-07,0
0.5,0,26.722165,-0.0050969369,0,-33.056368,-5.8792823e-07,0
0.5,0,26.721091,-0.0052819428,0,-33.04714,-7.852321e-07,0
0.5,0,26.720591,-0.0054270585,0,-33.037911,-9.5653064e-07,0
0.5,0,26.72004,-0.0055154692,0,-33.028683,-1.1001543e-06,0
0.5,0,26.719256,-0.0056130184,0,-33.019454,-1.216155e-06,0
0.5,0,26.718179,-0.0057195036,0,-33.010226,-1.3113626e-06,0
0.5,0,26.716447,-0.005797978,0,-33.000997,-1.390681e-06,0
0.5,0,26.714165,-0.0058485076,0,-32.991769,-1.4589518e-06,0
0.5,0,26.711436,-0.005879989,0,-32.98254,-1.5209951e-06,0
0.5,0,26.708412,-0.0059007739,0,-32.973312,-1.5805787e-06,0
0.5,0,26.705296,-0.0059224914,0,-32.964083,-1.6400255e-06,0
0.5,0,26.702286,-0.005955755,0,-32.954855,-1.7003246e-06,0
0.5,0,26.69956,-0.006004969,0,-32.945626,-1.7613042e-06,0
0.5,0,26.697297,-0.0060678215,0,-32.936398,-1.8216331e-06,0
0.5,0,26.695659,-0.0061399511,0,-32.92717,-1.8792363e-06,0
0.5,0,26.694727,-0.0062151123,0,-32.917941,-1.9319098e-06,0
0.5,0,26.694475,-0.006286834,0,-32.908713,-1.978457e-06,0
0.5,0,26.694629,-0.0063498018,0,-32.899484,-2.0191433e-06,0
0.5,0,26.694254,-0.0063976014,0,-32.890256,-2.0551556e-06,0
0.5,0,26.692444,-0.0063737954,0,-32.881027,-2.0893783e-06,0
0.5,0,26.690234,-0.0062822795,0,-32.871799,-2.1249067e-06,0
0.5,0,26.687248,-0.006181389,0,-32.86257,-2.1643294e-06,0
0.5,0,26.681577,-0.0060717742,0,-32.853342,-2.2106068e-06,0
0.5,0,26.67257,-0.0059539136,0,-32.844113,-2.2658488e-06,0
0.5,0,26.659686,-0.0058342786,0,-32.834885,-2.3310891e-06,0
0.5,0,26.642646,-0.0057249384,0,-32.825656,-2.4067949e-06,0
0.5,0,26.621473,-0.0056353445,0,-32.816428,-2.4929297e-06,0
0.5,0,26.596593,-0.0055674594,0,-32.807199,-2.5888701e-06,0
0.5,0,26.568896,-0.0055192293,0,-32.797971,-2.6935135e-06,0
0.5,0,26.539643,-0.0054923602,0,-32.788743,-2.8060126e-06,0
0.5,0,26.510371,-0.0054914574,0,-32.779514,-2.9268923e-06,0
0.5,0,26.48266,-0.0055121033,0,-32.770286,-3.0576774e-06,0
0.5,0,26.457849,-0.005540932,0,-32.761057,-3.1989181e-06,0
0.5,0,26.436865,-0.0055711444,0,-32.751829,-3.3496163e-06,0
0.5,0,26.42011,-0.0056095311,0,-32.7426,-3.5086283e-06,0
0.5,0,26.407455,-0.0056640685,0,-32.733372,-3.6753022e-06,0
0.5,0,26.39829,-0.0057321809,0,-32.724143,-3.8492995e-06,0
0.5,0,26.39175,-0.0058075114,0,-32.714915,-4.030274e-06,0
0.5,0,26.386866,-0.0058881099,0,-32.705686,-4.2175827e-06,0
0.5,0,26.382606,-0.0059721929,0,-32.696458,-4.4105816e-06,0
0.5,0,26.37803,-0.0060547943,0,-32.687229,-4.6090438e-06,0
0.5,0,26.372471,-0.0061307175,0,-32.678001,-4.8131711e-06,0
0.5,0,26.365562,-0.0061966238,0,-32.668772,-5.0232699e-06,0
0.5,0,26.357154,-0.0062508395,0,-32.659544,-5.2395274e-06,0
0.5,0,26.347264,-0.0062919683,0,-32.650316,-5.4619622e-06,0
0.5,0,26.336043,-0.006319707,0,-32.641087,-5.6901711e-06,0
0.5,0,26.323735,-0.0063358179,0,-32.631859,-5.9229547e-06,0
0.5,0,26.310612,-0.0063423604,0,-32.62263,-6.1582597e-06,0
0.5,0,26.296947,-0.0063405127,0,-32.613402,-6.3934808e-06,0
0.5,0,26.282993,-0.0063310725,0,-32.604173,-6.6258759e-06,0
0.5,0,26.268959,-0.0063143993,0,-32.594945,-6.8528764e-06,0
0.5,0,26.255017,-0.006289926,0,-32.585716,-7.0722633e-06,0
0.5,0,26.241341,-0.0062570892,0,-32.576488,-7.2822939e-06,0
0.5,0,26.228138,-0.0062166442,0,-32.567259,-7.4817034e-06,0
0.5,0,26.21566,-0.006170403,0,-32.558031,-7.669415e-06,0
0.5,0,26.204213,-0.0061206853,0,-32.548802,-7.8441216e-06,0
0.5,0,26.194126,-0.0060702139,0,-32.539574,-8.0042873e-06,0
0.5,0,26.185723,-0.0060218577,0,-32.530345,-8.1486711e-06,0
0.5,0,26.179265,-0.005977697,0,-32.521117,-8.2766869e-06,0
0.5,0,26.174903,-0.0059344764,0,-32.511889,-8.3878936e-06,0
0.5,0,26.172677,-0.0058852223,0,-32.50266,-8.4814076e-06,0
0.5,0,26.172455,-0.0058306643,0,-32.493432,-8.5561967e-06,0
0.5,0,26.17406,-0.0057774358,0,-32.484203,-8.6116427e-06,0
0.5,0,26.177245,-0.0057263614,0,-32.474975,-8.6478965e-06,0
0.5,0,26.181733,-0.0056728407,0,-32.465746,-8.6656402e-06,0
0.5,0,26.187331,-0.0056134526,0,-32.456518,-8.6651184e-06,0
0.5,0,26.19383,-0.0055456936,0,-32.447289,-8.6458592e-06,0
0.5,0,26.201027,-0.0054645743,0,-32.438061,-8.6076122e-06,0
0.5,0,26.208733,-0.0053649596,0,-32.428832,-8.5507659e-06,0
0.5,0,26.216792,-0.0052446773,0,-32.419604,-8.4759046e-06,0
0.5,0,26.225088,-0.0051057111,0,-32.410375,-8.3834195e-06,0
0.5,0,26.233519,-0.0049527286,0,-32.401147,-8.2735654e-06,0
0.5,0,26.241974,-0.0047958729,0,-32.391918,-8.147247e-06,0
0.5,0,26.250359,-0.0046484919,0,-32.38269,-8.0061112e-06,0
0.5,0,26.258648,-0.0045134008,0,-32.373462,-7.8520958e-06,0
0.5,0,26.266825,-0.0043870707,0,-32.364233,-7.6870413e-06,0
0.5,0,26.274837,-0.0042720191,0,-32.355005,-7.512567e-06,0
0.5,0,26.282602,-0.0041744419,0,-32.345776,-7.3302686e-06,0
0.5,0,26.290048,-0.0040972384,0,-32.336548,-7.1413509e-06,0
0.5,0,26.297097,-0.0040379594,0,-32.327319,-6.9468955e-06,0
0.5,0,26.303662,-0.0039909129,0,-32.318091,-6.7484562e-06,0
0.5,0,26.309679,-0.0039506507,0,-32.308862,-6.5480504e-06,0
0.5,0,26.315093,-0.0039113937,0,-32.299634,-6.3473502e-06,0
0.5,0,26.319855,-0.0038668239,0,-32.290405,-6.1480428e-06,0
0.5,0,26.323912,-0.0038202237,0,-32.281177,-5.9511655e-06,0
0.5,0,26.327312,-0.0037674774,0,-32.271948,-5.7566679e-06,0
0.5,0,26.33017,-0.0037246329,0,-32.26272,-5.5667717e-06,0
0.5,0,26.332525,-0.0037010428,0,-32.253491,-5.3826917e-06,0
0.5,0,26.334406,-0.0036786265,0,-32.244263,-5.2024383e-06,0
0.5,0,26.335912,-0.0036621542,0,-32.235035,-5.0248407e-06,0
0.5,0,26.337181,-0.0036590828,0,-32.225806,-4.8496061e-06,0
0.5,0,26.33836,-0.0036687883,0,-32.216578,-4.6765342e-06,0
0.5,0,26.33959,-0.0036838883,0,-32.207349,-4.5058727e-06,0
0.5,0,26.341001,-0.0036937125,0,-32.198121,-4.3381815e-06,0
0.5,0,26.342698,-0.0036918797,0,-32.188892,-4.1733493e-06,0
0.5,0,26.344759,-0.0036790704,0,-32.179664,-4.0101097e-06,0
0.5,0,26.347228,-0.003657682,0,-32.170435,-3.8468045e-06,0
0.5,0,26.350113,-0.0036290849,0,-32.161207,-3.6827558e-06,0
0.5,0,26.353395,-0.0035955165,0,-32.151978,-3.5189637e-06,0
0.5,0,26.357045,-0.0035611106,0,-32.14275,-3.3577537e-06,0
0.5,0,26.361014,-0.0035304948,0,-32.133521,-3.202012e-06,0
0.5,0,26.365234,-0.0035069382,0,-32.124293,-3.0544218e-06,0
0.5,0,26.369624,-0.0034915161,0,-32.115064,-2.9167373e-06,0
0.5,0,26.374098,-0.0034834675,0,-32.105836,-2.7893487e-06,0
0.5,0,26.378578,-0.0034806703,0,-32.096608,-2.6714618e-06,0
0.5,0,26.382993,-0.0034794121,0,-32.087379,-2.5617028e-06,0
0.5,0,26.387276,-0.0034772526,0,-32.078151,-2.4586978e-06,0
0.5,0,26.391361,-0.0034771657,0,-32.068922,-2.3610527e-06,0
0.5,0,26.395187,-0.0034843958,0,-32.059694,-2.2664298e-06,0
0.5,0,26.398717,-0.0034983657,0,-32.050465,-2.1707609e-06,0
0.5,0,26.401938,-0.0035137301,0,-32.041237,-2.0696767e-06,0
0.5,0,26.404835,-0.0035274993,0,-32.032008,-1.9615216e-06,0
0.5,0,26.407394,-0.0035409523,0,-32.02278,-1.8470177e-06,0
0.5,0,26.409638,-0.0035440373,0,-32.013551,-1.7287422e-06,0
0.5,0,26.411614,-0.0035199881,0,-32.004323,-1.6116738e-06,0
0.5,0,26.413391,-0.0034765368,0,-31.995094,-1.4993638e-06,0
0.5,0,26.415075,-0.0034293089,0,-31.985866,-1.3938828e-06,0
0.5,0,26.416772,-0.0033860192,0,-31.976637,-1.2988e-06,0
0.5,0,26.41858,-0.0033456003,0,-31.967409,-1.2175343e-06,0
0.5,0,26.420594,-0.0033168238,0,-31.958181,-1.1531283e-06,0
0.5,0,26.422875,-0.0033341841,0,-31.948952,-1.1064696e-06,0
0.5,0,26.425479,-0.0033902507,0,-31.939724,-1.075817e-06,0
0.5,0,26.428444,-0.003456292,0,-31.930495,-1.0606971e-06,0
0.5,0,26.431766,-0.003547066,0,-31.921267,-1.0577434e-06,0
0.5,0,26.435431,-0.0036710757,0,-31.912038,-1.0608218e-06,0
0.5,0,26.439418,-0.0038104565,0,-31.90281,-1.0670394e-06,0
0.5,0,26.443699,-0.0039488979,0,-31.893581,-1.0756e-06,0
0.5,0,26.448258,-0.0040733224,0,-31.884353,-1.0859565e-06,0
0.5,0,26.453085,-0.0041784048,0,-31.875124,-1.0971955e-06,0
0.5,0,26.458157,-0.0042737162,0,-31.865896,-1.1077336e-06,0
0.5,0,26.463466,-0.0043474144,0,-31.856667,-1.1161283e-06,0
0.5,0,26.469013,-0.004392,0,-31.847439,-1.1240987e-06,0
0.5,0,26.474765,-0.0044439188,0,-31.83821,-1.1325341e-06,0
0.5,0,26.480682,-0.004489867,0,-31.828982,-1.139148e-06,0
0.5,0,26.486732,-0.0045000204,0,-31.819754,-1.1444859e-06,0
0.5,0,26.492864,-0.004492997,0,-31.810525,-1.150546e-06,0
0.5,0,26.499019,-0.0044795661,0,-31.801297,-1.158651e-06,0
0.5,0,26.505123,-0.0044682462,0,-31.792068,-1.1696679e-06,0
0.5,0,26.511012,-0.0044605835,0,-31.78284,-1.183015e-06,0
0.5,0,26.516465,-0.0044464861,0,-31.773611,-1.1984925e-06,0
0.5,0,26.521315,-0.0044270598,0,-31.764383,-1.2173811e-06,0
0.5,0,26.525452,-0.004405083,0,-31.755154,-1.2407097e-06,0
0.5,0,26.528803,-0.0043803291,0,-31.745926,-1.2680992e-06,0
0.5,0,26.531334,-0.0043558756,0,-31.736697,-1.2978663e-06,0
0.5,0,26.533054,-0.0043367942,0,-31.727469,-1.3270988e-06,0
0.5,0,26.534013,-0.0043272717,0,-31.71824,-1.3516409e-06,0
0.5,0,26.534303,-0.0043280073,0,-31.709012,-1.3665019e-06,0
0.5,0,26.534045,-0.0043367526,0,-31.699783,-1.3665438e-06,0
0.5,0,26.533382,-0.0043512251,0,-31.690555,-1.3471176e-06,0
0.5,0,26.532468,-0.0043705382,0,-31.681327,-1.3046843e-06,0
0.5,0,26.531465,-0.0043935637,0,-31.672098,-1.2375115e-06,0
0.5,0,26.530537,-0.0044175517,0,-31.66287,-1.1461119e-06,0
0.5,0,26.529851,-0.0044387241,0,-31.653641,-1.033079e-06,0
0.5,0,26.52957,-0.0044543086,0,-31.644413,-9.0264947e-07,0
0.5,0,26.529836,-0.0044626812,0,-31.635184,-7.6013188e-07,0
0.5,0,26.530763,-0.0044619676,0,-31.625956,-6.1135817e-07,0
0.5,0,26.532421,-0.0044481247,0,-31.616727,-4.6218664e-07,0
0.5,0,26.534832,-0.0044126196,0,-31.607499,-3.1787956e-07,0
0.5,0,26.537966,-0.004345192,0,-31.59827,-1.822269e-07,0
0.5,0,26.541776,-0.0042516071,0,-31.589042,-5.7720317e-08,0
0.5,0,26.544095,-0.0041877193,0,-31.584282,-2.5804012e-15,0
0.5,0,26.848397,-0.0039131443,0,-30.740023,-1.5947378e-07,0
0.5,0,26.846976,-0.0038675351,0,-30.746725,-2.5804012e-15,0
0.5,0,26.84769,-0.0039477582,0,-30.730794,-3.9819657e-07,0
0.5,0,26.843758,-0.0039671251,0,-30.721566,-6.5282126e-07,0
0.5,0,26.836214,-0.003980396,0,-30.712338,-9.1835316e-07,0
0.5,0,26.824943,-0.0039880706,0,-30.703109,-1.1885032e-06,0
0.5,0,26.810175,-0.003990045,0,-30.693881,-1.4573769e-06,0
0.5,0,26.792471,-0.0039935632,0,-30.684652,-1.720459e-06,0
0.5,0,26.772691,-0.0040228078,0,-30.675424,-1.9752796e-06,0
0.5,0,26.751883,-0.0040609067,0,-30.666195,-2.2172092e-06,0
0.5,0,26.731199,-0.0040780945,0,-30.656967,-2.4398791e-06,0
0.5,0,26.711741,-0.0040746155,0,-30.647738,-2.6408282e-06,0
0.5,0,26.694423,-0.0040331949,0,-30.63851,-2.8209196e-06,0
0.5,0,26.679899,-0.0039554175,0,-30.629281,-2.9830856e-06,0
0.5,0,26.668505,-0.0038574032,0,-30.620053,-3.1303672e-06,0
0.5,0,26.660255,-0.0037485555,0,-30.610824,-3.2658104e-06,0
0.5,0,26.654881,-0.0036340506,0,-30.601596,-3.3924787e-06,0
0.5,0,26.651894,-0.0035163349,0,-30.592367,-3.5124905e-06,0
0.5,0,26.650699,-0.0033993423,0,-30.583139,-3.6270717e-06,0
0.5,0,26.650684,-0.0032907868,0,-30.57391,-3.736248e-06,0
0.5,0,26.651292,-0.0032015999,0,-30.564682,-3.8380953e-06,0
0.5,0,26.65207,-0.0031432599,0,-30.555454,-3.9292948e-06,0
0.5,0,26.652701,-0.0031225273,0,-30.546225,-4.0066208e-06,0
0.5,0,26.653031,-0.0031387166,0,-30.536997,-4.067957e-06,0
0.5,0,26.653058,-0.0031851783,0,-30.527768,-4.1124894e-06,0
0.5,0,26.652901,-0.003249525,0,-30.51854,-4.140418e-06,0
0.5,0,26.652764,-0.0033154948,0,-30.509311,-4.1526374e-06,0
0.5,0,26.652885,-0.0033703098,0,-30.500083,-4.1502324e-06,0
0.5,0,26.653494,-0.0034099499,0,-30.490854,-4.133672e-06,0
0.5,0,26.654782,-0.0034386859,0,-30.481626,-4.1026733e-06,0
0.5,0,26.656877,-0.0034643176,0,-30.472397,-4.0570824e-06,0
0.5,0,26.659846,-0.0034920359,0,-30.463169,-3.9977592e-06,0
0.5,0,26.663681,-0.0035202799,0,-30.45394,-3.926833e-06,0
0.5,0,26.668312,-0.0035415053,0,-30.444712,-3.8475733e-06,0
0.5,0,26.673617,-0.0035471871,0,-30.435483,-3.7637163e-06,0
0.5,0,26.679432,-0.0035340242,0,-30.426255,-3.6784943e-06,0
0.5,0,26.685571,-0.0035054126,0,-30.417027,-3.5940846e-06,0
0.5,0,26.691848,-0.0034679463,0,-30.407798,-3.5113719e-06,0
0.5,0,26.698081,-0.0034275901,0,-30.39857,-3.4299515e-06,0
0.5,0,26.704106,-0.0033876344,0,-30.389341,-3.3487358e-06,0
0.5,0,26.709781,-0.0033493522,0,-30.380113,-3.2668577e-06,0
0.5,0,26.715007,-0.0033138994,0,-30.370884,-3.1841125e-06,0
0.5,0,26.719727,-0.0032831192,0,-30.361656,-3.1008388e-06,0
0.5,0,26.723919,-0.0032589599,0,-30.352427,-3.0176658e-06,0
0.5,0,26.727602,-0.0032424229,0,-30.343199,-2.9353671e-06,0
0.5,0,26.730828,-0.0032333601,0,-30.33397,-2.8547918e-06,0
0.5,0,26.733681,-0.0032306127,0,-30.324742,-2.776761e-06,0
0.5,0,26.736261,-0.0032316281,0,-30.315513,-2.701912e-06,0
0.5,0,26.738684,-0.003232769,0,-30.306285,-2.6305243e-06,0
0.5,0,26.741068,-0.0032298558,0,-30.297056,-2.5622441e-06,0
0.5,0,26.743535,-0.0032205262,0,-30.287828,-2.4960526e-06,0
0.5,0,26.746191,-0.0032059493,0,-30.2786,-2.4304269e-06,0
0.5,0,26.749119,-0.003188904,0,-30.269371,-2.3632263e-06,0
0.5,0,26.752369,-0.0031718251,0,-30.260143,-2.2916438e-06,0
0.5,0,26.75594,-0.0031560538,0,-30.250914,-2.2125526e-06,0
0.5,0,26.759789,-0.0031409674,0,-30.241686,-2.1232052e-06,0
0.5,0,26.76383,-0.0031249199,0,-30.232457,-2.0221326e-06,0
0.5,0,26.767937,-0.003106447,0,-30.223229,-1.9096164e-06,0
0.5,0,26.771943,-0.0030822773,0,-30.214,-1.7872127e-06,0
0.5,0,26.775646,-0.0030487822,0,-30.204772,-1.6568372e-06,0
0.5,0,26.778821,-0.0030056821,0,-30.195543,-1.520123e-06,0
0.5,0,26.781238,-0.0029553857,0,-30.186315,-1.3779869e-06,0
0.5,0,26.782667,-0.0028995834,0,-30.177086,-1.230148e-06,0
0.5,0,26.782892,-0.0028394595,0,-30.167858,-1.0752004e-06,0
0.5,0,26.781749,-0.0027792066,0,-30.158629,-9.1161533e-07,0
0.5,0,26.779164,-0.0027242929,0,-30.149401,-7.3863738e-07,0
0.5,0,26.775152,-0.0026769472,0,-30.140173,-5.5637647e-07,0
0.5,0,26.769845,-0.0026361952,0,-30.130944,-3.6531021e-07,0
0.5,0,26.763479,-0.0026008541,0,-30.121716,-1.6580414e-07,0
0.5,0,26.757815,-0.0025664146,0,-30.114361,-2.5804012e-15,0
0.5,0,26.886485,-0.0050521415,0,-27.980711,-1.2932828e-08,0
0.5,0,26.887057,-0.0050385877,0,-27.98237,-2.5804012e-15,0
0.5,0,26.883225,-0.0051252582,0,-27.971483,-8.8038485e-08,0
0.5,0,26.879964,-0.0051958424,0,-27.962254,-1.660306e-07,0
0.5,0,26.876768,-0.0052598839,0,-27.953026,-2.4685822e-07,0
0.5,0,26.873679,-0.0053117503,0,-27.943797,-3.3068857e-07,0
0.5,0,26.870715,-0.005349619,0,-27.934569,-4.1773005e-07,0
0.5,0,26.867876,-0.0053750349,0,-27.925341,-5.0797696e-07,0
0.5,0,26.865149,-0.0053912678,0,-27.916112,-6.0095609e-07,0
0.5,0,26.862519,-0.0054020644,0,-27.906884,-6.9542529e-07,0
0.5,0,26.859974,-0.0054112779,0,-27.897655,-7.8915299e-07,0
0.5,0,26.857507,-0.0054227577,0,-27.888427,-8.7900688e-07,0
0.5,0,26.855116,-0.0054399174,0,-27.879198,-9.6140501e-07,0
0.5,0,26.852803,-0.0054646885,0,-27.86997,-1.0329571e-06,0
0.5,0,26.850574,-0.0054961273,0,-27.860741,-1.0910344e-06,0
0.5,0,26.848434,-0.0055297053,0,-27.851513,-1.1340823e-06,0
0.5,0,26.846386,-0.0055582778,0,-27.842284,-1.1616558e-06,0
0.5,0,26.844428,-0.0055745743,0,-27.833056,-1.1742871e-06,0
0.5,0,26.842544,-0.0055741982,0,-27.823827,-1.1732889e-06,0
0.5,0,26.840714,-0.0055574118,0,-27.814599,-1.1605453e-06,0
0.5,0,26.838918,-0.0055290881,0,-27.80537,-1.1383112e-06,0
0.5,0,26.837152,-0.0054962883,0,-27.796142,-1.1089673e-06,0
0.5,0,26.835434,-0.0054661756,0,-27.786914,-1.0748779e-06,0
0.5,0,26.833802,-0.005442711,0,-27.777685,-1.0380756e-06,0
0.5,0,26.832299,-0.0054272126,0,-27.768457,-1.0002678e-06,0
0.5,0,26.830971,-0.0054202305,0,-27.759228,-9.6271883e-07,0
0.5,0,26.829855,-0.0054212899,0,-27.75,-9.2620634e-07,0
0.5,0,26.828976,-0.0054288558,0,-27.740771,-8.9147238e-07,0
0.5,0,26.828366,-0.0054401748,0,-27.731543,-8.589266e-07,0
0.5,0,26.828061,-0.0054525359,0,-27.722314,-8.2837441e-07,0
0.5,0,26.828079,-0.0054632973,0,-27.713086,-7.9967717e-07,0
0.5,0,26.828422,-0.0054706556,0,-27.703857,-7.7316374e-07,0
0.5,0,26.829076,-0.0054729913,0,-27.694629,-7.4862981e-07,0
0.5,0,26.830002,-0.00547007,0,-27.6854,-7.2448293e-07,0
0.5,0,26.831138,-0.0054635117,0,-27.676172,-6.9839966e-07,0
0.5,0,26.832428,-0.0054512828,0,-27.666943,-6.6845887e-07,0
0.5,0,26.833832,-0.0054275548,0,-27.657715,-6.3351332e-07,0
0.5,0,26.835312,-0.0053898504,0,-27.648487,-5.926635e-07,0
0.5,0,26.83683,-0.0053412854,0,-27.639258,-5.4463067e-07,0
0.5,0,26.83835,-0.0052865811,0,-27.63003,-4.8786085e-07,0
0.5,0,26.839844,-0.0052282994,0,-27.620801,-4.2111356e-07,0
0.5,0,26.841297,-0.00516654,0,-27.611573,-3.4374377e-07,0
0.5,0,26.842713,-0.0051019044,0,-27.602344,-2.5553267e-07,0
0.5,0,26.844111,-0.0050357464,0,-27.593116,-1.565644e-07,0
0.5,0,26.845504,-0.0049622185,0,-27.583887,-4.7092683e-08,0
0.5,0,26.846062,-0.0049227121,0,-27.580247,-2.5804012e-15,0
0.5,0,26.855167,-0.0046413956,0,-26.817925,-2.6362487e-07,0
0.5,0,26.857551,-0.0046067304,0,-26.826091,-2.5804012e-15,0
0.5,0,26.852583,-0.0046755316,0,-26.808696,-5.6215085e-07,0
0.5,0,26.850152,-0.0047146476,0,-26.799468,-8.580847e-07,0
0.5,0,26.847911,-0.0047564475,0,-26.790239,-1.1477684e-06,0
0.5,0,26.84588,-0.0048006224,0,-26.781011,-1.4282487e-06,0
0.5,0,26.844066,-0.0048486055,0,-26.771782,-1.6971443e-06,0
0.5,0,26.84247,-0.0049019884,0,-26.762554,-1.952522e-06,0
0.5,0,26.84109,-0.0049614721,0,-26.753325,-2.192787e-06,0
0.5,0,26.839918,-0.0050264684,0,-26.744097,-2.4164596e-06,0
0.5,0,26.838937,-0.0050941492,0,-26.734868,-2.6220957e-06,0
0.5,0,26.838125,-0.0051594835,0,-26.72564,-2.8084252e-06,0
0.5,0,26.837453,-0.0052167995,0,-26.716411,-2.9745589e-06,0
0.5,0,26.836876,-0.005261816,0,-26.707183,-3.1201355e-06,0
0.5,0,26.836341,-0.0052928736,0,-26.697954,-3.2453939e-06,0
0.5,0,26.835793,-0.0053109366,0,-26.688726,-3.3512074e-06,0
0.5,0,26.83519,-0.0053186972,0,-26.679498,-3.4390867e-06,0
0.5,0,26.83451,-0.0053194295,0,-26.670269,-3.511122e-06,0
0.5,0,26.833756,-0.0053162185,0,-26.661041,-3.5698376e-06,0
0.5,0,26.832948,-0.0053119246,0,-26.651812,-3.6179448e-06,0
0.5,0,26.832112,-0.0053093689,0,-26.642584,-3.6580105e-06,0
0.5,0,26.831278,-0.0053114746,0,-26.633355,-3.6921205e-06,0
0.5,0,26.830466,-0.0053209966,0,-26.624127,-3.7216305e-06,0
0.5,0,26.829687,-0.0053396986,0,-26.614898,-3.747116e-06,0
0.5,0,26.828948,-0.0053678758,0,-26.60567,-3.7685695e-06,0
0.5,0,26.828255,-0.0054044265,0,-26.596441,-3.7857167e-06,0
0.5,0,26.827613,-0.0054472366,0,-26.587213,-3.7982783e-06,0
0.5,0,26.827029,-0.0054939184,0,-26.577984,-3.8060961e-06,0
0.5,0,26.826505,-0.0055418418,0,-26.568756,-3.8091058e-06,0
0.5,0,26.826039,-0.0055894659,0,-26.559527,-3.8071481e-06,0
0.5,0,26.825621,-0.0056362648,0,-26.550299,-3.7998364e-06,0
0.5,0,26.825239,-0.0056819758,0,-26.541071,-3.7866254e-06,0
0.5,0,26.82488,-0.0057275253,0,-26.531842,-3.7669812e-06,0
0.5,0,26.824527,-0.0057743897,0,-26.522614,-3.7406442e-06,0
0.5,0,26.824168,-0.0058241044,0,-26.513385,-3.7078521e-06,0
0.5,0,26.823789,-0.005877987,0,-26.504157,-3.6694028e-06,0
0.5,0,26.823382,-0.0059368117,0,-26.494928,-3.6265805e-06,0
0.5,0,26.82294,-0.0060004829,0,-26.4857,-3.5809964e-06,0
0.5,0,26.822456,-0.0060676583,0,-26.476471,-3.5344165e-06,0
0.5,0,26.82193,-0.0061357484,0,-26.467243,-3.4886214e-06,0
0.5,0,26.821367,-0.006201589,0,-26.458014,-3.4453387e-06,0
0.5,0,26.82078,-0.0062624958,0,-26.448786,-3.4062423e-06,0
0.5,0,26.820188,-0.0063170012,0,-26.439557,-3.3729639e-06,0
0.5,0,26.819608,-0.0063648748,0,-26.430329,-3.3470423e-06,0
0.5,0,26.819055,-0.0064064544,0,-26.4211,-3.3297945e-06,0
0.5,0,26.818537,-0.0064417241,0,-26.411872,-3.3221358e-06,0
0.5,0,26.818053,-0.0064699391,0,-26.402644,-3.3243925e-06,0
0.5,0,26.817599,-0.006489755,0,-26.393415,-3.3361719e-06,0
0.5,0,26.817163,-0.0064999206,0,-26.384187,-3.3563097e-06,0
0.5,0,26.81673,-0.0065000922,0,-26.374958,-3.3829424e-06,0
0.5,0,26.816292,-0.0064913101,0,-26.36573,-3.4136887e-06,0
0.5,0,26.815849,-0.0064761173,0,-26.356501,-3.4458728e-06,0
0.5,0,26.815412,-0.0064580173,0,-26.347273,-3.4767395e-06,0
0.5,0,26.815004,-0.0064405816,0,-26.338044,-3.5036091e-06,0
0.5,0,26.814649,-0.0064265298,0,-26.328816,-3.5239592e-06,0
0.5,0,26.814374,-0.0064171179,0,-26.319587,-3.5354595e-06,0
0.5,0,26.81419,-0.006411958,0,-26.310359,-3.5360111e-06,0
0.5,0,26.814102,-0.0064089207,0,-26.30113,-3.5238137e-06,0
0.5,0,26.814094,-0.0064052476,0,-26.291902,-3.497456e-06,0
0.5,0,26.814157,-0.0063994621,0,-26.282673,-3.4561255e-06,0
0.5,0,26.814297,-0.006391476,0,-26.273445,-3.3998933e-06,0
0.5,0,26.814536,-0.0063821328,0,-26.264217,-3.3297797e-06,0
0.5,0,26.814933,-0.0063732658,0,-26.254988,-3.2475293e-06,0
0.5,0,26.815545,-0.0063675648,0,-26.24576,-3.1553612e-06,0
0.5,0,26.81642,-0.0063682685,0,-26.236531,-3.0557584e-06,0
0.5,0,26.817585,-0.0063783187,0,-26.227303,-2.9511728e-06,0
0.5,0,26.819044,-0.0063996812,0,-26.218074,-2.8437831e-06,0
0.5,0,26.820787,-0.0064339099,0,-26.208846,-2.735437e-06,0
0.5,0,26.822789,-0.0064810769,0,-26.199617,-2.6276753e-06,0
0.5,0,26.825,-0.0065388613,0,-26.190389,-2.5217732e-06,0
0.5,0,26.827353,-0.0066031711,0,-26.18116,-2.4187041e-06,0
0.5,0,26.829768,-0.0066690091,0,-26.171932,-2.3191784e-06,0
0.5,0,26.832177,-0.0067318624,0,-26.162703,-2.2237429e-06,0
0.5,0,26.834543,-0.006788151,0,-26.153475,-2.1327456e-06,0
0.5,0,26.836869,-0.0068354137,0,-26.144246,-2.0462966e-06,0
0.5,0,26.839175,-0.0068722448,0,-26.135018,-1.9642606e-06,0
0.5,0,26.84147,-0.0068970645,0,-26.12579,-1.8862591e-06,0
0.5,0,26.843729,-0.0069046055,0,-26.116561,-1.8115097e-06,0
0.5,0,26.845886,-0.0068854438,0,-26.107333,-1.7382529e-06,0
0.5,0,26.847854,-0.0068416035,0,-26.098104,-1.6641488e-06,0
0.5,0,26.849544,-0.0068125686,0,-26.088876,-1.5903679e-06,0
0.5,0,26.85089,-0.0068019697,0,-26.079647,-1.5227491e-06,0
0.5,0,26.85176,-0.0067562081,0,-26.070419,-1.464624e-06,0
0.5,0,26.852247,-0.0066819772,0,-26.06119,-1.4126249e-06,0
0.5,0,26.852442,-0.006615296,0,-26.051962,-1.3620184e-06,0
0.5,0,26.852015,-0.0065370572,0,-26.042733,-1.3154744e-06,0
0.5,0,26.850767,-0.0064342799,0,-26.033505,-1.281885e-06,0
0.5,0,26.848746,-0.0063504971,0,-26.024276,-1.2634459e-06,0
0.5,0,26.845964,-0.0063039342,0,-26.015048,-1.2547241e-06,0
0.5,0,26.842359,-0.0062533094,0,-26.005819,-1.2547834e-06,0
0.5,0,26.837892,-0.0061804616,0,-25.996591,-1.2683096e-06,0
0.5,0,26.83257,-0.0061072189,0,-25.987362,-1.298287e-06,0
0.5,0,26.826441,-0.0060467545,0,-25.978134,-1.3448725e-06,0
0.5,0,26.819603,-0.0059950141,0,-25.968906,-1.4080216e-06,0
0.5,0,26.812203,-0.0059476128,0,-25.959677,-1.4879514e-06,0
0.5,0,26.80444,-0.0059042325,0,-25.950449,-1.5844643e-06,0
0.5,0,26.796548,-0.0058655432,0,-25.94122,-1.6967932e-06,0
0.5,0,26.788773,-0.0058319088,0,-25.931992,-1.8236787e-06,0
0.5,0,26.781347,-0.0058037528,0,-25.922763,-1.9633592e-06,0
0.5,0,26.774466,-0.0057817684,0,-25.913535,-2.1136035e-06,0
0.5,0,26.768285,-0.0057667189,0,-25.904306,-2.2718087e-06,0
0.5,0,26.762912,-0.0057593056,0,-25.895078,-2.4351e-06,0
0.5,0,26.758405,-0.0057590528,0,-25.885849,-2.6003786e-06,0
0.5,0,26.754778,-0.0057626844,0,-25.876621,-2.7643283e-06,0
0.5,0,26.752008,-0.0057647959,0,-25.867392,-2.9234572e-06,0
0.5,0,26.750051,-0.0057609601,0,-25.858164,-3.0742665e-06,0
0.5,0,26.748838,-0.0057503596,0,-25.848935,-3.2135767e-06,0
0.5,0,26.748277,-0.0057356378,0,-25.839707,-3.3388383e-06,0
0.5,0,26.748257,-0.005720453,0,-25.830479,-3.4481864e-06,0
0.5,0,26.748646,-0.0057068326,0,-25.82125,-3.5401869e-06,0
0.5,0,26.749316,-0.0056943039,0,-25.812022,-3.6135336e-06,0
0.5,0,26.750145,-0.005681203,0,-25.802793,-3.6670048e-06,0
0.5,0,26.751032,-0.005666811,0,-25.793565,-3.6997209e-06,0
0.5,0,26.751898,-0.0056525694,0,-25.784336,-3.7114861e-06,0
0.5,0,26.752681,-0.0056416801,0,-25.775108,-3.7029513e-06,0
0.5,0,26.753341,-0.005637767,0,-25.765879,-3.6755304e-06,0
0.5,0,26.753856,-0.0056435922,0,-25.756651,-3.6311378e-06,0
0.5,0,26.754218,-0.0056600968,0,-25.747422,-3.5718846e-06,0
0.5,0,26.754438,-0.0056860666,0,-25.738194,-3.4998798e-06,0
0.5,0,26.754542,-0.0057185661,0,-25.728965,-3.4171811e-06,0
0.5,0,26.754556,-0.0057537135,0,-25.719737,-3.3258814e-06,0
0.5,0,26.754492,-0.0057874652,0,-25.710508,-3.2282418e-06,0
0.5,0,26.754352,-0.0058161483,0,-25.70128,-3.126772e-06,0
0.5,0,26.754152,-0.0058366878,0,-25.692052,-3.0242245e-06,0
0.5,0,26.753933,-0.0058467507,0,-25.682823,-2.923521e-06,0
0.5,0,26.753733,-0.0058449387,0,-25.673595,-2.8276493e-06,0
0.5,0,26.753565,-0.005830912,0,-25.664366,-2.7395567e-06,0
0.5,0,26.753425,-0.0058054389,0,-25.655138,-2.6620486e-06,0
0.5,0,26.753311,-0.0057703593,0,-25.645909,-2.5977048e-06,0
0.5,0,26.753227,-0.0057282315,0,-25.636681,-2.548833e-06,0
0.5,0,26.753175,-0.0056817657,0,-25.627452,-2.5174543e-06,0
0.5,0,26.753141,-0.0056334635,0,-25.618224,-2.5052996e-06,0
0.5,0,26.75309,-0.0055855931,0,-25.608995,-2.5138088e-06,0
0.5,0,26.752976,-0.0055401459,0,-25.599767,-2.5441204e-06,0
0.5,0,26.75276,-0.0054985314,0,-25.590538,-2.5970339e-06,0
0.5,0,26.752433,-0.0054611601,0,-25.58131,-2.6729061e-06,0
0.5,0,26.752017,-0.0054276582,0,-25.572081,-2.7715173e-06,0
0.5,0,26.751551,-0.0053977866,0,-25.562853,-2.8920937e-06,0
0.5,0,26.751061,-0.0053718167,0,-25.553625,-3.0335441e-06,0
0.5,0,26.750556,-0.0053503147,0,-25.544396,-3.1946919e-06,0
0.5,0,26.750055,-0.0053347507,0,-25.535168,-3.3743858e-06,0
0.5,0,26.749581,-0.0053282485,0,-25.525939,-3.5715704e-06,0
0.5,0,26.749168,-0.0053329572,0,-25.516711,-3.78519e-06,0
0.5,0,26.748846,-0.0053460166,0,-25.507482,-4.0137128e-06,0
0.5,0,26.748623,-0.0053611738,0,-25.498254,-4.2545849e-06,0
0.5,0,26.748486,-0.00537432,0,-25.489025,-4.5042809e-06,0
0.5,0,26.748411,-0.0053872606,0,-25.479797,-4.7591501e-06,0
0.5,0,26.748375,-0.005404135,0,-25.470568,-5.0160974e-06,0
0.5,0,26.748357,-0.0054259856,0,-25.46134,-5.2725434e-06,0
0.5,0,26.748324,-0.0054511903,0,-25.452111,-5.5261224e-06,0
0.5,0,26.74824,-0.0054767045,0,-25.442883,-5.7744643e-06,0
0.5,0,26.74809,-0.0054997807,0,-25.433654,-6.0153523e-06,0
0.5,0,26.747876,-0.0055190977,0,-25.424426,-6.2469359e-06,0
0.5,0,26.747587,-0.005534126,0,-25.415198,-6.4677416e-06,0
0.5,0,26.747206,-0.0055446825,0,-25.405969,-6.6767318e-06,0
0.5,0,26.746731,-0.0055501815,0,-25.396741,-6.8734236e-06,0
0.5,0,26.746177,-0.0055493948,0,-25.387512,-7.0579474e-06,0
0.5,0,26.745562,-0.0055416437,0,-25.378284,-7.2309652e-06,0
0.5,0,26.744897,-0.0055277336,0,-25.369055,-7.3935053e-06,0
0.5,0,26.744195,-0.0055090685,0,-25.359827,-7.5469211e-06,0
0.5,0,26.743472,-0.0054865764,0,-25.350598,-7.6930395e-06,0
0.5,0,26.742739,-0.0054617849,0,-25.34137,-7.8342445e-06,0
0.5,0,26.741987,-0.0054389462,0,-25.332141,-7.9732197e-06,0
0.5,0,26.741179,-0.0054234238,0,-25.322913,-8.1124095e-06,0
0.5,0,26.740257,-0.0054190056,0,-25.313684,-8.2534995e-06,0
0.5,0,26.739163,-0.0054271711,0,-25.304456,-8.397142e-06,0
0.5,0,26.737852,-0.0054457817,0,-25.295227,-8.5429476e-06,0
0.5,0,26.736288,-0.0054706865,0,-25.285999,-8.6896507e-06,0
0.5,0,26.734432,-0.0054983825,0,-25.276771,-8.8353372e-06,0
0.5,0,26.732243,-0.0055263258,0,-25.267542,-8.97766e-06,0
0.5,0,26.72969,-0.0055529539,0,-25.258314,-9.1140025e-06,0
0.5,0,26.726755,-0.0055774772,0,-25.249085,-9.2415791e-06,0
0.5,0,26.723432,-0.0055994595,0,-25.239857,-9.3574866e-06,0
0.5,0,26.719719,-0.0056186847,0,-25.230628,-9.4587642e-06,0
0.5,0,26.715618,-0.0056354511,0,-25.2214,-9.542555e-06,0
0.5,0,26.711132,-0.0056506616,0,-25.212171,-9.6064014e-06,0
0.5,0,26.706277,-0.0056651003,0,-25.202943,-9.6485617e-06,0
0.5,0,26.701073,-0.0056786307,0,-25.193714,-9.6681517e-06,0
0.5,0,26.695558,-0.0056907708,0,-25.184486,-9.6650429e-06,0
0.5,0,26.689778,-0.0057021843,0,-25.175257,-9.6396733e-06,0
0.5,0,26.683788,-0.0057152901,0,-25.166029,-9.5929504e-06,0
0.5,0,26.677644,-0.0057330755,0,-25.1568,-9.5262457e-06,0
0.5,0,26.671401,-0.0057572745,0,-25.147572,-9.4413457e-06,0
0.5,0,26.665105,-0.0057879988,0,-25.138344,-9.3403097e-06,0
0.5,0,26.658794,-0.0058249931,0,-25.129115,-9.2253403e-06,0
0.5,0,26.652496,-0.0058686812,0,-25.119887,-9.0987283e-06,0
0.5,0,26.646239,-0.0059197169,0,-25.110658,-8.9628135e-06,0
0.5,0,26.640075,-0.0059777146,0,-25.10143,-8.8198671e-06,0
0.5,0,26.634077,-0.0060405393,0,-25.092201,-8.6718908e-06,0
0.5,0,26.628317,-0.0061046302,0,-25.082973,-8.5204243e-06,0
0.5,0,26.622853,-0.0061663739,0,-25.073744,-8.3664529e-06,0
0.5,0,26.617728,-0.0062233124,0,-25.064516,-8.2104385e-06,0
0.5,0,26.612979,-0.0062738044,0,-25.055287,-8.0524259e-06,0
0.5,0,26.608637,-0.0063164593,0,-25.046059,-7.8921378e-06,0
0.5,0,26.604723,-0.0063505398,0,-25.03683,-7.7290542e-06,0
0.5,0,26.601235,-0.0063760184,0,-25.027602,-7.5625566e-06,0
0.5,0,26.59815,-0.006392702,0,-25.018373,-7.3920502e-06,0
0.5,0,26.595427,-0.0063999861,0,-25.009145,-7.2169646e-06,0
0.5,0,26.593002,-0.006397646,0,-24.999917,-7.0367854e-06,0
0.5,0,26.590784,-0.0063865477,0,-24.990688,-6.8512127e-06,0
0.5,0,26.588665,-0.0063688467,0,-24.98146,-6.660319e-06,0
0.5,0,26.586566,-0.0063471558,0,-24.972231,-6.4645722e-06,0
0.5,0,26.584458,-0.0063227644,0,-24.963003,-6.2647464e-06,0
0.5,0,26.582349,-0.0062951346,0,-24.953774,-6.0618012e-06,0
0.5,0,26.580259,-0.0062639493,0,-24.944546,-5.8567713e-06,0
0.5,0,26.578202,-0.0062310466,0,-24.935317,-5.6507576e-06,0
0.5,0,26.576203,-0.0061991637,0,-24.926089,-5.4449802e-06,0
0.5,0,26.574293,-0.0061699626,0,-24.91686,-5.2407875e-06,0
0.5,0,26.572502,-0.0061446761,0,-24.907632,-5.0396812e-06,0
0.5,0,26.570845,-0.0061249439,0,-24.898403,-4.8433737e-06,0
0.5,0,26.569308,-0.0061116762,0,-24.889175,-4.6537309e-06,0
0.5,0,26.567857,-0.006103937,0,-24.879946,-4.4726038e-06,0
0.5,0,26.566452,-0.0060993149,0,-24.870718,-4.3016661e-06,0
0.5,0,26.565059,-0.0060950686,0,-24.86149,-4.1423224e-06,0
0.5,0,26.563666,-0.0060886916,0,-24.852261,-3.9956367e-06,0
0.5,0,26.562279,-0.0060775897,0,-24.843033,-3.8622023e-06,0
0.5,0,26.560928,-0.0060589082,0,-24.833804,-3.741973e-06,0
0.5,0,26.559647,-0.0060303316,0,-24.824576,-3.6342109e-06,0
0.5,0,26.55845,-0.0059911109,0,-24.815347,-3.5376459e-06,0
0.5,0,26.557314,-0.0059420715,0,-24.806119,-3.4507266e-06,0
0.5,0,26.556184,-0.0058847393,0,-24.79689,-3.371786e-06,0
0.5,0,26.554998,-0.0058206461,0,-24.787662,-3.2991237e-06,0
0.5,0,26.553714,-0.0057513963,0,-24.778433,-3.2311392e-06,0
0.5,0,26.552314,-0.0056792806,0,-24.769205,-3.1665956e-06,0
0.5,0,26.550796,-0.0056077355,0,-24.759976,-3.1049472e-06,0
0.5,0,26.549176,-0.0055410544,0,-24.750748,-3.0465976e-06,0
0.5,0,26.547497,-0.0054832688,0,-24.741519,-2.9929553e-06,0
0.5,0,26.545828,-0.0054365924,0,-24.732291,-2.946219e-06,0
0.5,0,26.544243,-0.0054001581,0,-24.723063,-2.9089255e-06,0
0.5,0,26.542809,-0.0053700618,0,-24.713834,-2.8833799e-06,0
0.5,0,26.541579,-0.0053409584,0,-24.704606,-2.87112e-06,0
0.5,0,26.540585,-0.0053083754,0,-24.695377,-2.8725567e-06,0
0.5,0,26.539837,-0.0052700092,0,-24.686149,-2.8869324e-06,0
0.5,0,26.539329,-0.0052257043,0,-24.67692,-2.9125416e-06,0
0.5,0,26.539048,-0.0051764863,0,-24.667692,-2.9469992e-06,0
0.5,0,26.538988,-0.0051233941,0,-24.658463,-2.9874068e-06,0
0.5,0,26.539145,-0.0050673475,0,-24.649235,-3.0304204e-06,0
0.5,0,26.539514,-0.0050093637,0,-24.640006,-3.0722783e-06,0
0.5,0,26.540091,-0.0049507835,0,-24.630778,-3.1090002e-06,0
0.5,0,26.54087,-0.0048930398,0,-24.621549,-3.1366231e-06,0
0.5,0,26.541841,-0.0048383389,0,-24.612321,-3.1514178e-06,0
0.5,0,26.542986,-0.0047904819,0,-24.603092,-3.1502659e-06,0
0.5,0,26.544272,-0.0047532366,0,-24.593864,-3.1309367e-06,0
0.5,0,26.54566,-0.004727664,0,-24.584636,-3.0920071e-06,0
0.5,0,26.547122,-0.0047105333,0,-24.575407,-3.0324023e-06,0
0.5,0,26.54863,-0.0046960777,0,-24.566179,-2.9508738e-06,0
0.5,0,26.550171,-0.004680438,0,-24.55695,-2.845887e-06,0
0.5,0,26.551741,-0.0046646613,0,-24.547722,-2.7161003e-06,0
0.5,0,26.553358,-0.0046526732,0,-24.538493,-2.5609832e-06,0
0.5,0,26.555019,-0.0046459401,0,-24.529265,-2.380836e-06,0
0.5,0,26.556701,-0.0046401587,0,-24.520036,-2.1760479e-06,0
0.5,0,26.558452,-0.0046270303,0,-24.510808,-1.9464271e-06,0
0.5,0,26.560151,-0.0046128242,0,-24.501579,-1.6918132e-06,0
0.5,0,26.561834,-0.0046122638,0,-24.492351,-1.4137053e-06,0
0.5,0,26.563589,-0.0046234945,0,-24.483122,-1.1152445e-06,0
0.5,0,26.565307,-0.0046408548,0,-24.473894,-7.9927771e-07,0
0.5,0,26.567006,-0.0046770673,0,-24.464665,-4.6821018e-07,0
0.5,0,26.568663,-0.0047378688,0,-24.455437,-1.260671e-07,0
0.5,0,26.569216,-0.0047516029,0,-24.452112,-2.5804012e-15,0
0.5,0,26.706414,-0.0053901309,0,-7.1520618,-1.0978621e-06,0
0.5,0,26.704646,-0.011742384,0,-7.1601268,-2.5804012e-15,0
0.5,0,26.706018,0.0016489591,0,-7.1428333,-8.608723e-07,0
0.5,0,26.70459,0.0052695326,0,-7.1381733,-2.5804012e-15,0
0.5,0,26.693313,-0.029604213,0,-6.8659793,-6.6342509e-06,0
0.5,0,26.688163,-0.034796955,0,-6.8748705,-2.5804012e-15,0
0.5,0,26.69594,-0.023804719,0,-6.8567508,-1.2407829e-05,0
0.5,0,26.697451,-0.017996295,0,-6.8475224,-1.6875035e-05,0
0.5,0,26.698801,-0.011838486,0,-6.8382939,-1.9875521e-05,0
0.5,0,26.700289,-0.0053363384,0,-6.8290654,-2.1323303e-05,0
0.5,0,26.701931,0.0013415851,0,-6.819837,-2.1199956e-05,0
0.5,0,26.703568,0.0078736632,0,-6.8106085,-1.9527737e-05,0
0.5,0,26.704941,0.014012844,0,-6.80138,-1.6362118e-05,0
0.5,0,26.705615,0.019751266,0,-6.7921516,-1.1804458e-05,0
0.5,0,26.704778,0.025335787,0,-6.7829231,-6.0109658e-06,0
0.5,0,26.702155,0.029721877,0,-6.7747814,-2.5804012e-15,0
0.5,0,26.696107,-0.042241217,0,-6.5522114,-4.8271569e-06,0
0.5,0,26.692062,-0.043438983,0,-6.556975,-2.5804012e-15,0
0.5,0,26.700951,-0.038299461,0,-6.542983,-1.3665274e-05,0
0.5,0,26.703935,-0.034370494,0,-6.5337545,-2.1738901e-05,0
0.5,0,26.705904,-0.029995797,0,-6.524526,-2.8770122e-05,0
0.5,0,26.707358,-0.024893248,0,-6.5152976,-3.4525889e-05,0
0.5,0,26.708439,-0.018965993,0,-6.5060691,-3.883904e-05,0
0.5,0,26.708697,-0.01238371,0,-6.4968406,-4.1585285e-05,0
0.5,0,26.70815,-0.0054907157,0,-6.4876122,-4.2662491e-05,0
0.5,0,26.706829,0.0014242772,0,-6.4783837,-4.199725e-05,0
0.5,0,26.704788,0.0082115127,0,-6.4691552,-3.956626e-05,0
0.5,0,26.702145,0.014813821,0,-6.4599268,-3.5410795e-05,0
0.5,0,26.699028,0.021175353,0,-6.4506983,-2.9636855e-05,0
0.5,0,26.695414,0.027180636,0,-6.4414698,-2.2403329e-05,0
0.5,0,26.69084,0.032820772,0,-6.4322414,-1.3907629e-05,0
0.5,0,26.684271,0.037995686,0,-6.4230129,-4.3742621e-06,0
0.5,0,26.680561,0.039430634,0,-6.4190966,-2.5804012e-15,0
0.5,0,26.700564,-0.041642396,0,-6.1830728,-5.0449311e-06,0
0.5,0,26.696738,-0.043993755,0,-6.1882554,-2.5804012e-15,0
0.5,0,26.703807,-0.036071004,0,-6.1738443,-1.3078263e-05,0
0.5,0,26.704525,-0.030632055,0,-6.1646158,-1.9950567e-05,0
0.5,0,26.703952,-0.024741093,0,-6.1553874,-2.5445601e-05,0
0.5,0,26.702782,-0.018265479,0,-6.1461589,-2.9390295e-05,0
0.5,0,26.701551,-0.011241972,0,-6.1369304,-3.1670542e-05,0
0.5,0,26.700584,-0.0039022707,0,-6.127702,-3.2213962e-05,0
0.5,0,26.700053,0.0034479427,0,-6.1184735,-3.0977232e-05,0
0.5,0,26.699985,0.010622643,0,-6.109245,-2.7956754e-05,0
0.5,0,26.700237,0.017572157,0,-6.1000166,-2.3202596e-05,0
0.5,0,26.700392,0.024346127,0,-6.0907881,-1.68221e-05,0
0.5,0,26.69955,0.031162161,0,-6.0815596,-8.9729629e-06,0
0.5,0,26.696921,0.037223659,0,-6.072474,-2.5804012e-15,0
0.5,0,26.820439,-0.050112965,0,-5.8139341,-8.7152271e-07,0
0.5,0,26.819048,-0.050319337,0,-5.814636,-2.5804012e-15,0
0.5,0,26.835037,-0.04476909,0,-5.8047056,-1.1472757e-05,0
0.5,0,26.845627,-0.039180132,0,-5.7954771,-2.0995128e-05,0
0.5,0,26.853927,-0.033764081,0,-5.7862487,-2.9192651e-05,0
0.5,0,26.860974,-0.027938229,0,-5.7770202,-3.582475e-05,0
0.5,0,26.867152,-0.021479533,0,-5.7677917,-4.0726752e-05,0
0.5,0,26.872632,-0.014387784,0,-5.7585633,-4.3802124e-05,0
0.5,0,26.877438,-0.0069573864,0,-5.7493348,-4.4983227e-05,0
0.5,0,26.881539,0.00049915383,0,-5.7401063,-4.4219751e-05,0
0.5,0,26.88486,0.0078334824,0,-5.7308779,-4.150173e-05,0
0.5,0,26.887339,0.0150316,0,-5.7216494,-3.6879161e-05,0
0.5,0,26.888929,0.022100368,0,-5.7124209,-3.0459466e-05,0
0.5,0,26.889381,0.029000056,0,-5.7031925,-2.2391812e-05,0
0.5,0,26.88787,0.035823862,0,-5.693964,-1.2847747e-05,0
0.5,0,26.883259,0.042145954,0,-5.6847355,-2.0166684e-06,0
0.5,0,26.881992,0.042851164,0,-5.6831712,-2.5804012e-15,0
0.5,0,27.034849,-0.054997805,0,-5.41711,-8.0589806e-06,0
0.5,0,27.025797,-0.057590975,0,-5.4225015,-2.5804012e-15,0
0.5,0,27.044619,-0.048893519,0,-5.4078815,-2.1066987e-05,0
0.5,0,27.050148,-0.043830691,0,-5.3986531,-3.3032081e-05,0
0.5,0,27.053374,-0.038750245,0,-5.3894246,-4.3652701e-05,0
0.5,0,27.055212,-0.033175047,0,-5.3801961,-5.267469e-05,0
0.5,0,27.056273,-0.026861024,0,-5.3709677,-5.9942032e-05,0
0.5,0,27.056987,-0.01993368,0,-5.3617392,-6.5347957e-05,0
0.5,0,27.057702,-0.012695106,0,-5.3525107,-6.8791154e-05,0
0.5,0,27.058721,-0.0053237229,0,-5.3432823,-7.018368e-05,0
0.5,0,27.060314,0.0021471507,0,-5.3340538,-6.9478404e-05,0
0.5,0,27.062697,0.0096969143,0,-5.3248253,-6.6683783e-05,0
0.5,0,27.065939,0.017207936,0,-5.3155969,-6.1859152e-05,0
0.5,0,27.069815,0.024461934,0,-5.3063684,-5.5096651e-05,0
0.5,0,27.073784,0.031261423,0,-5.2971399,-4.6507271e-05,0
0.5,0,27.07708,0.037552234,0,-5.2879115,-3.6225419e-05,0
0.5,0,27.078686,0.043529903,0,-5.278683,-2.4428988e-05,0
0.5,0,27.077146,0.049554809,0,-5.2694545,-1.1336522e-05,0
0.5,0,27.072843,0.053893185,0,-5.2620434,-2.5804012e-15,0
0.5,0,27.171521,-0.06360426,0,-4.9926005,-1.5566225e-05,0
0.5,0,27.152621,-0.068529929,0,-5.0017289,-2.5804012e-15,0
0.5,0,27.185713,-0.058332881,0,-4.9833721,-3.0496503e-05,0
0.5,0,27.19658,-0.053745502,0,-4.9741436,-4.4384052e-05,0
0.5,0,27.204878,-0.04872309,0,-4.9649151,-5.6944674e-05,0
0.5,0,27.210048,-0.042964632,0,-4.9556867,-6.7960031e-05,0
0.5,0,27.211005,-0.036458331,0,-4.9464582,-7.7278367e-05,0
0.5,0,27.206402,-0.029569131,0,-4.9372297,-8.4758443e-05,0
0.5,0,27.195071,-0.022592553,0,-4.9280013,-9.0254245e-05,0
0.5,0,27.17635,-0.015505573,0,-4.9187728,-9.365045e-05,0
0.5,0,27.150392,-0.0081196785,0,-4.9095443,-9.4890502e-05,0
0.5,0,27.118303,-0.00033565594,0,-4.9003159,-9.3972357e-05,0
0.5,0,27.081967,0.0077188357,0,-4.8910874,-9.09236e-05,0
0.5,0,27.043764,0.01574152,0,-4.8818589,-8.5773869e-05,0
0.5,0,27.006128,0.023444865,0,-4.8726305,-7.8548938e-05,0
0.5,0,26.971135,0.03071413,0,-4.863402,-6.9293524e-05,0
0.5,0,26.940294,0.037602677,0,-4.8541735,-5.8097234e-05,0
0.5,0,26.914308,0.044191017,0,-4.8449451,-4.5103556e-05,0
0.5,0,26.892733,0.05061456,0,-4.8357166,-3.0508262e-05,0
0.5,0,26.873554,0.057171223,0,-4.8264881,-1.4537738e-05,0
0.5,0,26.857663,0.061822938,0,-4.818629,-2.5804012e-15,0
0.5,0,26.855461,-0.084438711,0,-4.5496341,-1.6162242e-07,0
0.5,0,26.855322,-0.084432562,0,-4.5497037,-2.5804012e-15,0
0.5,0,26.870985,-0.080888005,0,-4.5404057,-2.1238567e-05,0
0.5,0,26.881258,-0.076145344,0,-4.5311772,-4.1697798e-05,0
0.5,0,26.8882,-0.072086018,0,-4.5219487,-6.1228975e-05,0
0.5,0,26.893437,-0.06745429,0,-4.5127203,-7.9464216e-05,0
0.5,0,26.897516,-0.061792694,0,-4.5034918,-9.6119049e-05,0
0.5,0,26.900707,-0.054978497,0,-4.4942633,-0.00011098467,0
0.5,0,26.903098,-0.047398211,0,-4.4850349,-0.00012386035,0
0.5,0,26.904857,-0.039455823,0,-4.4758064,-0.00013452564,0
0.5,0,26.906304,-0.031251184,0,-4.4665779,-0.0001427774,0
0.5,0,26.907844,-0.022695613,0,-4.4573495,-0.00014846976,0
0.5,0,26.90981,-0.013741475,0,-4.448121,-0.00015152372,0
0.5,0,26.912288,-0.0045199873,0,-4.4388925,-0.00015191043,0
0.5,0,26.915034,0.0046936592,0,-4.4296641,-0.00014962534,0
0.5,0,26.917578,0.013669201,0,-4.4204356,-0.00014467909,0
0.5,0,26.919475,0.022356417,0,-4.4112071,-0.00013711214,0
0.5,0,26.920491,0.030816192,0,-4.4019787,-0.00012701248,0
0.5,0,26.920615,0.0390486,0,-4.3927502,-0.00011451613,0
0.5,0,26.919932,0.046920377,0,-4.3835217,-9.9790651e-05,0
0.5,0,26.918465,0.054251829,0,-4.3742933,-8.3016419e-05,0
0.5,0,26.916012,0.060945953,0,-4.3650648,-6.4383855e-05,0
0.5,0,26.911847,0.067170575,0,-4.3558363,-4.4114262e-05,0
0.5,0,26.904319,0.073546353,0,-4.3466079,-2.2467551e-05,0
0.5,0,26.892565,0.078774946,0,-4.3374758,-2.5804012e-15,0
0.5,0,26.900975,-0.098081733,0,-4.0420685,-1.8284647e-05,0
0.5,0,26.890148,-0.099625334,0,-4.0485386,-2.5804012e-15,0
0.5,0,26.910195,-0.092988311,0,-4.03284,-4.3856837e-05,0
0.5,0,26.91477,-0.089284193,0,-4.0236115,-6.8640694e-05,0
0.5,0,26.917493,-0.085417309,0,-4.0143831,-9.2232296e-05,0
0.5,0,26.919449,-0.080569163,0,-4.0051546,-0.00011428815,0
0.5,0,26.921104,-0.074249178,0,-3.9959261,-0.00013456981,0
0.5,0,26.922455,-0.066660405,0,-3.9866977,-0.00015286905,0
0.5,0,26.923461,-0.058334613,0,-3.9774692,-0.00016893711,0
0.5,0,26.924261,-0.049581243,0,-3.9682407,-0.00018249732,0
0.5,0,26.925178,-0.040383993,0,-3.9590123,-0.00019329648,0
0.5,0,26.926567,-0.0305947,0,-3.9497838,-0.00020114014,0
0.5,0,26.928569,-0.020175832,0,-3.9405553,-0.00020589674,0
0.5,0,26.930943,-0.0093281644,0,-3.9313269,-0.00020747604,0
0.5,0,26.933174,0.0016220527,0,-3.9220984,-0.00020581048,0
0.5,0,26.934804,0.012446607,0,-3.9128699,-0.00020086319,0
0.5,0,26.935675,0.023105486,0,-3.9036415,-0.00019265081,0
0.5,0,26.935915,0.033645651,0,-3.894413,-0.00018125217,0
0.5,0,26.935735,0.044053732,0,-3.8851845,-0.00016679328,0
0.5,0,26.935205,0.054206728,0,-3.8759561,-0.0001494243,0
0.5,0,26.934157,0.063942686,0,-3.8667276,-0.00012930597,0
0.5,0,26.932242,0.073155777,0,-3.8574991,-0.00010661113,0
0.5,0,26.928905,0.081795679,0,-3.8482707,-8.1540851e-05,0
0.5,0,26.923279,0.090071791,0,-3.8390422,-5.4348442e-05,0
0.5,0,26.913457,0.098494616,0,-3.8298137,-2.5323178e-05,0
0.5,0,26.901597,0.10372506,0,-3.8221505,-2.5804012e-15,0
0.5,0,26.994136,-0.13805437,0,-3.5068174,-2.0371682e-05,0
0.5,0,26.98255,-0.13841358,0,-3.5116167,-2.5804012e-15,0
0.5,0,27.009793,-0.1324562,0,-3.4975889,-5.9035876e-05,0
0.5,0,27.018578,-0.12789598,0,-3.4883604,-9.6907901e-05,0
0.5,0,27.02391,-0.12349307,0,-3.479132,-0.00013355566,0
0.5,0,27.027712,-0.11811506,0,-3.4699035,-0.00016854055,0
0.5,0,27.031012,-0.11123123,0,-3.460675,-0.0002015299,0
0.5,0,27.034229,-0.10296864,0,-3.4514466,-0.00023222392,0
0.5,0,27.037497,-0.093856501,0,-3.4422181,-0.00026026997,0
0.5,0,27.040971,-0.084165192,0,-3.4329896,-0.00028527529,0
0.5,0,27.044884,-0.073835793,0,-3.4237612,-0.00030688572,0
0.5,0,27.049788,-0.062453165,0,-3.4145327,-0.00032483327,0
0.5,0,27.055597,-0.049850104,0,-3.4053042,-0.00033891783,0
0.5,0,27.061743,-0.036510137,0,-3.3960758,-0.00034897542,0
0.5,0,27.067901,-0.022851423,0,-3.3868473,-0.00035486201,0
0.5,0,27.073721,-0.0090646985,0,-3.3776188,-0.00035644739,0
0.5,0,27.079186,0.0048110162,0,-3.3683904,-0.00035364111,0
0.5,0,27.084575,0.018849312,0,-3.3591619,-0.00034642505,0
0.5,0,27.090232,0.032987534,0,-3.3499334,-0.00033484947,0
0.5,0,27.096372,0.046950306,0,-3.340705,-0.0003190084,0
0.5,0,27.103006,0.060417993,0,-3.3314765,-0.00029902574,0
0.5,0,27.110034,0.073207905,0,-3.322248,-0.00027506223,0
0.5,0,27.117426,0.085296912,0,-3.3130196,-0.00024732922,0
0.5,0,27.125349,0.096712498,0,-3.3037911,-0.00021608696,0
0.5,0,27.134118,0.10742767,0,-3.2945626,-0.00018162059,0
0.5,0,27.143901,0.11733081,0,-3.2853342,-0.00014421688,0
0.5,0,27.15405,0.12642705,0,-3.2761057,-0.00010417598,0
0.5,0,27.16227,0.13537196,0,-3.2668772,-6.1833797e-05,0
0.5,0,27.165309,0.14365291,0,-3.2576488,-1.7593964e-05,0
0.5,0,27.164415,0.14551808,0,-3.2540964,-2.5804012e-15,0
0.5,0,26.856362,-0.18837942,0,-2.9161955,-1.9406278e-05,0
0.5,0,26.847473,-0.18708171,0,-2.9193601,-2.5804012e-15,0
0.5,0,26.877611,-0.18544859,0,-2.906967,-7.6072877e-05,0
0.5,0,26.890786,-0.18140065,0,-2.8977386,-0.00013250202,0
0.5,0,26.899136,-0.17864002,0,-2.8885101,-0.0001881846,0
0.5,0,26.905413,-0.17512113,0,-2.8792816,-0.0002425301,0
0.5,0,26.910654,-0.16973305,0,-2.8700532,-0.00029508927,0
0.5,0,26.915221,-0.16212566,0,-2.8608247,-0.00034550433,0
0.5,0,26.919122,-0.15287178,0,-2.8515962,-0.00039338026,0
0.5,0,26.92254,-0.14261465,0,-2.8423678,-0.0004382398,0
0.5,0,26.925908,-0.13153089,0,-2.8331393,-0.00047958463,0
0.5,0,26.929667,-0.11942219,0,-2.8239108,-0.0005169685,0
0.5,0,26.933979,-0.10605105,0,-2.8146824,-0.00055002616,0
0.5,0,26.938604,-0.091427979,0,-2.8054539,-0.00057845078,0
0.5,0,26.943105,-0.075814985,0,-2.7962254,-0.00060195167,0
0.5,0,26.947139,-0.059474084,0,-2.786997,-0.00062024102,0
0.5,0,26.950619,-0.042495321,0,-2.7777685,-0.00063305896,0
0.5,0,26.95356,-0.024883094,0,-2.76854,-0.00064020315,0
0.5,0,26.955847,-0.0067386766,0,-2.7593116,-0.0006415335,0
0.5,0,26.957229,0.011695611,0,-2.7500831,-0.00063695567,0
0.5,0,26.957352,0.030156376,0,-2.7408546,-0.0006264071,0
0.5,0,26.956078,0.048490916,0,-2.7316262,-0.0006098619,0
0.5,0,26.953593,0.066662249,0,-2.7223977,-0.00058734701,0
0.5,0,26.950349,0.084626743,0,-2.7131692,-0.00055895042,0
0.5,0,26.946935,0.10222587,0,-2.7039408,-0.00052481473,0
0.5,0,26.943713,0.11921057,0,-2.6947123,-0.00048512797,0
0.5,0,26.940718,0.13535733,0,-2.6854838,-0.00044012527,0
0.5,0,26.937745,0.15056329,0,-2.6762554,-0.00039009898,0
0.5,0,26.934505,0.16486313,0,-2.6670269,-0.00033539999,0
0.5,0,26.930721,0.17835443,0,-2.6577984,-0.00027641897,0
0.5,0,26.925769,0.19106268,0,-2.64857,-0.00021356794,0
0.5,0,26.918181,0.2032799,0,-2.6393415,-0.00014728933,0
0.5,0,26.904304,0.21608027,0,-2.630113,-7.8032165e-05,0
0.5,0,26.882377,0.22489757,0,-2.6208846,-6.367176e-06,0
0.5,0,26.880226,0.22515139,0,-2.6200868,-2.5804012e-15,0
0.5,0,26.930397,-0.32185276,0,-2.2609744,-8.9498094e-05,0
0.5,0,26.900407,-0.31923604,0,-2.2690834,-2.5804012e-15,0
0.5,0,26.951379,-0.31774192,0,-2.2517459,-0.00019198434,0
0.5,0,26.961707,-0.31628636,0,-2.2425174,-0.00029449431,0
0.5,0,26.967473,-0.31386718,0,-2.233289,-0.00039606298,0
0.5,0,26.971165,-0.30905234,0,-2.2240605,-0.00049583831,0
0.5,0,26.974451,-0.30093982,0,-2.214832,-0.00059312863,0
0.5,0,26.978089,-0.29000436,0,-2.2056036,-0.00068725119,0
0.5,0,26.982489,-0.27719648,0,-2.1963751,-0.00077741154,0
0.5,0,26.987908,-0.26288343,0,-2.1871466,-0.00086275373,0
0.5,0,26.994341,-0.24675861,0,-2.1779182,-0.00094247033,0
0.5,0,27.001388,-0.22831155,0,-2.1686897,-0.0010158656,0
0.5,0,27.008273,-0.2073709,0,-2.1594612,-0.0010823423,0
0.5,0,27.014147,-0.184289,0,-2.1502328,-0.0011413371,0
0.5,0,27.018494,-0.15956652,0,-2.1410043,-0.0011922844,0
0.5,0,27.021324,-0.13341801,0,-2.1317758,-0.0012346488,0
0.5,0,27.023003,-0.10580391,0,-2.1225474,-0.0012679808,0
0.5,0,27.023883,-0.076794115,0,-2.1133189,-0.0012919296,0
0.5,0,27.024024,-0.046779921,0,-2.1040904,-0.0013062107,0
0.5,0,27.023176,-0.016317718,0,-2.094862,-0.0013105737,0
0.5,0,27.020993,0.014197389,0,-2.0856335,-0.001304807,0
0.5,0,27.017325,0.044678692,0,-2.076405,-0.0012887737,0
0.5,0,27.012361,0.075175774,0,-2.0671766,-0.0012624399,0
0.5,0,27.006477,0.10560902,0,-2.0579481,-0.0012258743,0
0.5,0,26.999983,0.13569701,0,-2.0487196,-0.0011792274,0
0.5,0,26.992966,0.1651001,0,-2.0394912,-0.0011227174,0
0.5,0,26.985349,0.19359032,0,-2.0302627,-0.0010566364,0
0.5,0,26.977058,0.2210654,0,-2.0210342,-0.00098136167,0
0.5,0,26.968161,0.24740776,0,-2.0118058,-0.00089735306,0
0.5,0,26.958821,0.27234954,0,-2.0025773,-0.00080513345,0
0.5,0,26.949194,0.29552872,0,-1.9933488,-0.00070527206,0
0.5,0,26.939155,0.31671083,0,-1.9841204,-0.00059838114,0
0.5,0,26.928362,0.33592283,0,-1.9748919,-0.00048512139,0
0.5,0,26.915445,0.35329945,0,-1.9656634,-0.00036622307,0
0.5,0,26.898251,0.36955923,0,-1.956435,-0.00024250866,0
0.5,0,26.870533,0.38586388,0,-1.9472065,-0.00011484734,0
0.5,0,26.834568,0.3930084,0,-1.9390924,-2.5804012e-15,0
0.5,0,26.703544,-0.51161862,0,-1.5503824,-0.000111635,0
0.5,0,26.678569,-0.506414,0,-1.5564017,-2.5804012e-15,0
0.5,0,26.730282,-0.51055581,0,-1.541154,-0.00028387506,0
0.5,0,26.745029,-0.50804261,0,-1.5319255,-0.00045650065,0
0.5,0,26.753869,-0.50544175,0,-1.522697,-0.00062818576,0
0.5,0,26.760363,-0.50047416,0,-1.5134686,-0.0007976298,0
0.5,0,26.766154,-0.49167669,0,-1.5042401,-0.00096373629,0
0.5,0,26.771935,-0.47873731,0,-1.4950116,-0.0011255211,0
0.5,0,26.777905,-0.46234118,0,-1.4857832,-0.001281949,0
0.5,0,26.784189,-0.44306037,0,-1.4765547,-0.0014319033,0
0.5,0,26.790846,-0.42087959,0,-1.4673262,-0.0015742672,0
0.5,0,26.797645,-0.39543356,0,-1.4580978,-0.0017080009,0
0.5,0,26.803959,-0.36654159,0,-1.4488693,-0.0018321561,0
0.5,0,26.808978,-0.33456166,0,-1.4396408,-0.0019458266,0
0.5,0,26.81215,-0.30015205,0,-1.4304124,-0.002048104,0
0.5,0,26.813434,-0.26374624,0,-1.4211839,-0.0021381029,0
0.5,0,26.813175,-0.22538859,0,-1.4119554,-0.0022150315,0
0.5,0,26.811759,-0.18503444,0,-1.402727,-0.0022782351,0
0.5,0,26.809395,-0.14287901,0,-1.3934985,-0.0023271813,0
0.5,0,26.806162,-0.09936904,0,-1.38427,-0.0023614213,0
0.5,0,26.802233,-0.054963409,0,-1.3750416,-0.0023805744,0
0.5,0,26.79801,-0.0099450319,0,-1.3658131,-0.0023843472,0
0.5,0,26.794026,0.035544228,0,-1.3565846,-0.0023725624,0
0.5,0,26.790698,0.081316644,0,-1.3473562,-0.0023451625,0
0.5,0,26.788086,0.12701654,0,-1.3381277,-0.0023021925,0
0.5,0,26.785872,0.17221677,0,-1.3288992,-0.0022437868,0
0.5,0,26.783522,0.21659437,0,-1.3196708,-0.0021701756,0
0.5,0,26.780499,0.25995506,0,-1.3104423,-0.0020816969,0
0.5,0,26.776414,0.30209005,0,-1.3012138,-0.0019787958,0
0.5,0,26.771102,0.34264402,0,-1.2919854,-0.0018620083,0
0.5,0,26.764603,0.38115629,0,-1.2827569,-0.0017319445,0
0.5,0,26.757087,0.41722935,0,-1.2735284,-0.0015892866,0
0.5,0,26.74875,0.45063488,0,-1.2643,-0.0014348012,0
0.5,0,26.739777,0.4812812,0,-1.2550715,-0.0012693515,0
0.5,0,26.730241,0.50916777,0,-1.245843,-0.0010938893,0
0.5,0,26.720026,0.53438262,0,-1.2366146,-0.00090942385,0
0.5,0,26.708296,0.55700255,0,-1.2273861,-0.00071700494,0
0.5,0,26.693016,0.57739885,0,-1.2181576,-0.00051775652,0
0.5,0,26.669286,0.59681811,0,-1.2089292,-0.0003128779,0
0.5,0,26.630927,0.60998222,0,-1.1997007,-0.00010391813,0
0.5,0,26.60697,0.61065064,0,-1.1951827,-2.5804012e-15,0
0.5,0,26.673293,-0.72011655,0,-0.77519121,-8.5167859e-05,0
0.5,0,26.656188,-0.71690929,0,-0.77835808,-2.5804012e-15,0
0.5,0,26.712866,-0.72010336,0,-0.76596274,-0.00033276698,0
0.5,0,26.735032,-0.71211923,0,-0.75673428,-0.00057981473,0
0.5,0,26.746289,-0.70484181,0,-0.74750581,-0.00082473782,0
0.5,0,26.753685,-0.69450723,0,-0.73827734,-0.0010658744,0
0.5,0,26.760089,-0.67965749,0,-0.72904888,-0.0013017513,0
0.5,0,26.767141,-0.65945766,0,-0.71982041,-0.0015310714,0
0.5,0,26.775395,-0.63457445,0,-0.71059194,-0.0017525405,0
0.5,0,26.785142,-0.60603712,0,-0.70136348,-0.0019647684,0
0.5,0,26.796596,-0.57421163,0,-0.69213501,-0.0021663492,0
0.5,0,26.809676,-0.53885032,0,-0.68290654,-0.0023559799,0
0.5,0,26.823796,-0.49967063,0,-0.67367808,-0.0025325083,0
0.5,0,26.838006,-0.45691322,0,-0.66444961,-0.0026948918,0
0.5,0,26.851459,-0.41131483,0,-0.65522114,-0.0028421216,0
0.5,0,26.863746,-0.3635006,0,-0.64599268,-0.0029732089,0
0.5,0,26.874785,-0.31359225,0,-0.63676421,-0.0030872492,0
0.5,0,26.884469,-0.26146771,0,-0.62753574,-0.0031834848,0
0.5,0,26.892481,-0.20725618,0,-0.61830728,-0.0032613065,0
0.5,0,26.898457,-0.15149539,0,-0.60907881,-0.0033202148,0
0.5,0,26.90227,-0.094860153,0,-0.59985034,-0.003359795,0
0.5,0,26.90421,-0.037827817,0,-0.59062187,-0.0033797323,0
0.5,0,26.904792,0.019388962,0,-0.58139341,-0.003379846,0
0.5,0,26.904447,0.076653839,0,-0.57216494,-0.0033601055,0
0.5,0,26.903299,0.13367293,0,-0.56293647,-0.0033206098,0
0.5,0,26.901083,0.18995777,0,-0.55370801,-0.0032615656,0
0.5,0,26.897341,0.24500423,0,-0.54447954,-0.0031832869,0
0.5,0,26.891648,0.29843756,0,-0.53525107,-0.0030862092,0
0.5,0,26.883768,0.34997177,0,-0.52602261,-0.0029708981,0
0.5,0,26.873698,0.39929114,0,-0.51679414,-0.0028380401,0
0.5,0,26.861632,0.44602559,0,-0.50756567,-0.0026884235,0
0.5,0,26.847901,0.48984564,0,-0.49833721,-0.0025229285,0
0.5,0,26.832934,0.53055385,0,-0.48910874,-0.0023425329,0
0.5,0,26.817228,0.56806341,0,-0.47988027,-0.0021483158,0
0.5,0,26.801313,0.60228118,0,-0.47065181,-0.0019414408,0
0.5,0,26.785681,0.63300665,0,-0.46142334,-0.0017231256,0
0.5,0,26.77076,0.66000897,0,-0.45219487,-0.0014946198,0
0.5,0,26.756663,0.68326387,0,-0.44296641,-0.0012571977,0
0.5,0,26.743324,0.70304077,0,-0.43373794,-0.0010121547,0
0.5,0,26.729049,0.71958339,0,-0.42450947,-0.00076083503,0
0.5,0,26.711168,0.73386127,0,-0.41528101,-0.00050467779,0
0.5,0,26.679771,0.74765687,0,-0.40605254,-0.00024516031,0
0.5,0,26.631807,0.7490073,0,-0.3973903,-2.5804012e-15,0
0.5,0,26.698979,-0.0018783328,0,-36.803126,1.7326524e-08,0
0.5,0,26.698286,-0.0020297474,0,-36.793897,4.4142924e-07,0
0.5,0,26.697881,-0.002206054,0,-36.784669,8.7019669e-07,0
0.5,0,26.697827,-0.0023194182,0,-36.77544,1.299089e-06,0
0.5,0,26.698145,-0.0023022895,0,-36.766212,1.7107476e-06,0
0.5,0,26.698811,-0.0021434599,0,-36.756983,2.0830959e-06,0
0.5,0,26.699764,-0.0018935502,0,-36.747755,2.4001191e-06,0
0.5,0,26.700913,-0.0016506421,0,-36.738526,2.661381e-06,0
0.5,0,26.702139,-0.0015187307,0,-36.729298,2.8843367e-06,0
0.5,0,26.703299,-0.0015486384,0,-36.720069,3.0971729e-06,0
0.5,0,26.704267,-0.0017116532,0,-36.710841,3.3259334e-06,0
0.5,0,26.704971,-0.0019223533,0,-36.701612,3.583607e-06,0
0.5,0,26.705383,-0.0020970899,0,-36.692384,3.8671771e-06,0
0.5,0,26.705508,-0.0021968523,0,-36.683156,4.1623323e-06,0
0.5,0,26.705441,-0.002225608,0,-36.673927,4.4504078e-06,0
0.5,0,26.705336,-0.002206434,0,-36.664699,4.7126083e-06,0
0.5,0,26.705327,-0.0021572422,0,-36.65547,4.9317517e-06,0
0.5,0,26.705471,-0.0020849306,0,-36.646242,5.0937174e-06,0
0.5,0,26.70576,-0.001993046,0,-36.637013,5.1901256e-06,0
0.5,0,26.706157,-0.0018931068,0,-36.627785,5.2218332e-06,0
0.5,0,26.706614,-0.0018148706,0,-36.618556,5.2001582e-06,0
0.5,0,26.707076,-0.0017978783,0,-36.609328,5.1437855e-06,0
0.5,0,26.707496,-0.0018625602,0,-36.600099,5.0721825e-06,0
0.5,0,26.707844,-0.0019892252,0,-36.590871,4.9990859e-06,0
0.5,0,26.708068,-0.0021311367,0,-36.581642,4.9297177e-06,0
0.5,0,26.708126,-0.0022509886,0,-36.572414,4.8621086e-06,0
0.5,0,26.708065,-0.0023444083,0,-36.563185,4.7909439e-06,0
0.5,0,26.707962,-0.0024316775,0,-36.553957,4.7114351e-06,0
0.5,0,26.707846,-0.002528901,0,-36.544729,4.6210612e-06,0
0.5,0,26.707721,-0.0026270834,0,-36.5355,4.5190519e-06,0
0.5,0,26.707593,-0.0026997455,0,-36.526272,4.4048913e-06,0
0.5,0,26.707476,-0.0027258454,0,-36.517043,4.2774704e-06,0
0.5,0,26.707373,-0.0027054428,0,-36.507815,4.1360773e-06,0
0.5,0,26.707287,-0.0026624771,0,-36.498586,3.9832439e-06,0
0.5,0,26.707233,-0.0026423918,0,-36.489358,3.8267308e-06,0
0.5,0,26.707169,-0.0026838051,0,-36.480129,3.6784151e-06,0
0.5,0,26.707037,-0.0027992834,0,-36.470901,3.549927e-06,0
0.5,0,26.706841,-0.0029640816,0,-36.461672,3.4477234e-06,0
0.5,0,26.706637,-0.0031420943,0,-36.452444,3.3682706e-06,0
0.5,0,26.706424,-0.0032454972,0,-36.443215,3.3065588e-06,0
0.5,0,26.706121,-0.0032019001,0,-36.433987,3.272218e-06,0
0.5,0,26.705712,-0.0030431441,0,-36.424758,3.2784937e-06,0
0.5,0,26.705327,-0.0028365933,0,-36.41553,3.3221812e-06,0
0.5,0,26.705115,-0.0026313588,0,-36.406302,3.3864151e-06,0
0.5,0,26.705084,-0.0024179294,0,-36.397073,3.4543642e-06,0
0.5,0,26.705229,-0.0021722424,0,-36.387845,3.5147842e-06,0
0.5,0,26.70567,-0.0018970095,0,-36.378616,3.5589827e-06,0
0.5,0,26.706465,-0.0016353226,0,-36.369388,3.5815793e-06,0
0.5,0,26.707467,-0.0014719259,0,-36.360159,3.5881327e-06,0
0.5,0,26.70845,-0.0014735955,0,-36.350931,3.5972371e-06,0
0.5,0,26.709263,-0.0016023877,0,-36.341702,3.6266768e-06,0
0.5,0,26.709835,-0.0017418824,0,-36.332474,3.6775026e-06,0
0.5,0,26.710153,-0.0018240767,0,-36.323245,3.7376892e-06,0
0.5,0,26.71026,-0.0018779314,0,-36.314017,3.799537e-06,0
0.5,0,26.710213,-0.0019552698,0,-36.304788,3.8665051e-06,0
0.5,0,26.710088,-0.0020583524,0,-36.29556,3.9427469e-06,0
0.5,0,26.709907,-0.0021524583,0,-36.286331,4.0230798e-06,0
0.5,0,26.709651,-0.0022140107,0,-36.277103,4.0967881e-06,0
0.5,0,26.709419,-0.0022515309,0,-36.267875,4.1546016e-06,0
0.5,0,26.70927,-0.002283992,0,-36.258646,4.1884045e-06,0
0.5,0,26.709117,-0.0023132488,0,-36.249418,4.189913e-06,0
0.5,0,26.708871,-0.0023333027,0,-36.240189,4.1523531e-06,0
0.5,0,26.708522,-0.0023534966,0,-36.230961,4.0723305e-06,0
0.5,0,26.708119,-0.0024102912,0,-36.221732,3.9509082e-06,0
0.5,0,26.707659,-0.0025248573,0,-36.212504,3.7940929e-06,0
0.5,0,26.707124,-0.0026855975,0,-36.203275,3.6124263e-06,0
0.5,0,26.706758,-0.0028579067,0,-36.194047,3.4187531e-06,0
0.5,0,26.706774,-0.003013412,0,-36.184818,3.2243269e-06,0
0.5,0,26.707034,-0.0032064556,0,-36.17559,3.0349486e-06,0
0.5,0,26.70746,-0.0034459978,0,-36.166361,2.8488217e-06,0
0.5,0,26.708118,-0.0036475073,0,-36.157133,2.6572162e-06,0
0.5,0,26.708974,-0.003761181,0,-36.147904,2.4475997e-06,0
0.5,0,26.709929,-0.0037795964,0,-36.138676,2.2083774e-06,0
0.5,0,26.710876,-0.0037267007,0,-36.129448,1.933585e-06,0
0.5,0,26.711722,-0.0036480618,0,-36.120219,1.6256488e-06,0
0.5,0,26.712392,-0.0035955659,0,-36.110991,1.2952627e-06,0
0.5,0,26.71283,-0.0036101568,0,-36.101762,9.5824129e-07,0
0.5,0,26.713,-0.0037029572,0,-36.092534,6.3065569e-07,0
0.5,0,26.712877,-0.0038490224,0,-36.083305,3.2404742e-07,0
0.5,0,26.712454,-0.0040043268,0,-36.074077,4.2154719e-08,0
0.5,0,26.705616,-0.0015584984,0,-35.077402,9.484619e-08,0
0.5,0,26.705872,-0.0013491604,0,-35.068174,6.2180147e-07,0
0.5,0,26.705989,-0.0011742535,0,-35.058945,1.11891e-06,0
0.5,0,26.705965,-0.0010488779,0,-35.049717,1.5937372e-06,0
0.5,0,26.705842,-0.00095483963,0,-35.040488,2.0531492e-06,0
0.5,0,26.705674,-0.00085260493,0,-35.03126,2.4986538e-06,0
0.5,0,26.705514,-0.00072413089,0,-35.022031,2.9286502e-06,0
0.5,0,26.705419,-0.00058949721,0,-35.012803,3.3435194e-06,0
0.5,0,26.705402,-0.00047870569,0,-35.003575,3.7476516e-06,0
0.5,0,26.705453,-0.00038513102,0,-34.994346,4.1469393e-06,0
0.5,0,26.705642,-0.00034796863,0,-34.985118,4.5490929e-06,0
0.5,0,26.70591,-0.00043512235,0,-34.975889,4.959903e-06,0
0.5,0,26.70609,-0.00056067245,0,-34.966661,5.3741365e-06,0
0.5,0,26.706233,-0.0006101014,0,-34.957432,5.7829319e-06,0
0.5,0,26.706412,-0.00060894033,0,-34.948204,6.1815154e-06,0
0.5,0,26.706593,-0.00063291535,0,-34.938975,6.5672813e-06,0
0.5,0,26.706766,-0.00072332859,0,-34.929747,6.9400211e-06,0
0.5,0,26.706922,-0.00087325654,0,-34.920518,7.2993916e-06,0
0.5,0,26.70704,-0.0010399111,0,-34.91129,7.6433069e-06,0
0.5,0,26.707124,-0.0011874202,0,-34.902061,7.969549e-06,0
0.5,0,26.707136,-0.0013142944,0,-34.892833,8.2768226e-06,0
0.5,0,26.707023,-0.001428616,0,-34.883604,8.5638815e-06,0
0.5,0,26.706833,-0.0015270217,0,-34.874376,8.82924e-06,0
0.5,0,26.706646,-0.0015952468,0,-34.865148,9.0726304e-06,0
0.5,0,26.706471,-0.0016179587,0,-34.855919,9.2958839e-06,0
0.5,0,26.706313,-0.0015891929,0,-34.846691,9.5019289e-06,0
0.5,0,26.706303,-0.0015354801,0,-34.837462,9.6921099e-06,0
0.5,0,26.706461,-0.0014953463,0,-34.828234,9.8677274e-06,0
0.5,0,26.706725,-0.0014709942,0,-34.819005,1.0035901e-05,0
0.5,0,26.707173,-0.0014497663,0,-34.809777,1.02066e-05,0
0.5,0,26.707812,-0.0014148327,0,-34.800548,1.0384158e-05,0
0.5,0,26.708572,-0.0013430354,0,-34.79132,1.0566786e-05,0
0.5,0,26.709389,-0.0012338599,0,-34.782091,1.0751243e-05,0
0.5,0,26.710195,-0.0011128881,0,-34.772863,1.0935473e-05,0
0.5,0,26.710915,-0.0010118542,0,-34.763634,1.1119094e-05,0
0.5,0,26.711488,-0.00095545401,0,-34.754406,1.1303149e-05,0
0.5,0,26.711875,-0.00095294572,0,-34.745177,1.1489517e-05,0
0.5,0,26.712072,-0.00099735933,0,-34.735949,1.1679895e-05,0
0.5,0,26.712108,-0.0010707059,0,-34.726721,1.1874416e-05,0
0.5,0,26.712034,-0.0011504952,0,-34.717492,1.20703e-05,0
0.5,0,26.711899,-0.0012161288,0,-34.708264,1.2261238e-05,0
0.5,0,26.71174,-0.0012553542,0,-34.699035,1.2438178e-05,0
0.5,0,26.711586,-0.0012676132,0,-34.689807,1.2591428e-05,0
0.5,0,26.711459,-0.0012609856,0,-34.680578,1.2713799e-05,0
0.5,0,26.711378,-0.0012480541,0,-34.67135,1.2803615e-05,0
0.5,0,26.711365,-0.0012460611,0,-34.662121,1.2865098e-05,0
0.5,0,26.711408,-0.0012708871,0,-34.652893,1.2905694e-05,0
0.5,0,26.711454,-0.0013202905,0,-34.643664,1.293266e-05,0
0.5,0,26.711472,-0.0013721238,0,-34.634436,1.2950705e-05,0
0.5,0,26.711441,-0.0014030516,0,-34.625207,1.2961347e-05,0
0.5,0,26.711311,-0.0014025271,0,-34.615979,1.2963832e-05,0
0.5,0,26.711049,-0.0013706783,0,-34.60675,1.2956696e-05,0
0.5,0,26.710672,-0.0013138532,0,-34.597522,1.2939204e-05,0
0.5,0,26.710229,-0.0012474286,0,-34.588294,1.2912987e-05,0
0.5,0,26.709791,-0.0011938431,0,-34.579065,1.2883423e-05,0
0.5,0,26.709443,-0.0011687208,0,-34.569837,1.2859019e-05,0
0.5,0,26.70927,-0.0011709052,0,-34.560608,1.284882e-05,0
0.5,0,26.709345,-0.0011878692,0,-34.55138,1.2859859e-05,0
0.5,0,26.709704,-0.0012054185,0,-34.542151,1.2895947e-05,0
0.5,0,26.710336,-0.0012111281,0,-34.532923,1.295758e-05,0
0.5,0,26.711181,-0.0011948499,0,-34.523694,1.3042405e-05,0
0.5,0,26.712147,-0.0011504976,0,-34.514466,1.3146162e-05,0
0.5,0,26.713127,-0.001078487,0,-34.505237,1.3264016e-05,0
0.5,0,26.714021,-0.00098537217,0,-34.496009,1.3391808e-05,0
0.5,0,26.71475,-0.00088046915,0,-34.48678,1.3526662e-05,0
0.5,0,26.715273,-0.00077306033,0,-34.477552,1.3666826e-05,0
0.5,0,26.715587,-0.00067126864,0,-34.468323,1.3811362e-05,0
0.5,0,26.715719,-0.00058389023,0,-34.459095,1.3960213e-05,0
0.5,0,26.715723,-0.00052303957,0,-34.449867,1.4114599e-05,0
0.5,0,26.715659,-0.00050225664,0,-34.440638,1.4277382e-05,0
0.5,0,26.715588,-0.0005312161,0,-34.43141,1.4452935e-05,0
0.5,0,26.71556,-0.00061103675,0,-34.422181,1.4646298e-05,0
0.5,0,26.715605,-0.00073236286,0,-34.412953,1.4861867e-05,0
0.5,0,26.715733,-0.00087876399,0,-34.403724,1.5102074e-05,0
0.5,0,26.715934,-0.0010310976,0,-34.394496,1.5366586e-05,0
0.5,0,26.716185,-0.0011632341,0,-34.385267,1.5652385e-05,0
0.5,0,26.71649,-0.001276416,0,-34.376039,1.5953718e-05,0
0.5,0,26.716839,-0.0013959963,0,-34.36681,1.6262994e-05,0
0.5,0,26.717189,-0.0014612529,0,-34.357582,1.6574015e-05,0
0.5,0,26.71747,-0.0014144928,0,-34.348353,1.6882862e-05,0
0.5,0,26.717598,-0.0013444562,0,-34.339125,1.7187124e-05,0
0.5,0,26.717587,-0.0013195658,0,-34.329896,1.7486256e-05,0
0.5,0,26.717523,-0.0013263097,0,-34.320668,1.7780896e-05,0
0.5,0,26.717465,-0.0013548095,0,-34.31144,1.8071478e-05,0
0.5,0,26.717439,-0.0013919828,0,-34.302211,1.8357245e-05,0
0.5,0,26.717462,-0.0014243936,0,-34.292983,1.8636176e-05,0
0.5,0,26.717546,-0.0014440559,0,-34.283754,1.8905584e-05,0
0.5,0,26.717689,-0.0014506965,0,-34.274526,1.9162769e-05,0
0.5,0,26.717883,-0.0014501627,0,-34.265297,1.9405395e-05,0
0.5,0,26.718106,-0.0014509156,0,-34.256069,1.9631735e-05,0
0.5,0,26.718335,-0.0014597609,0,-34.24684,1.98408e-05,0
0.5,0,26.718546,-0.0014789078,0,-34.237612,2.0032218e-05,0
0.5,0,26.718715,-0.0015045298,0,-34.228383,2.0205902e-05,0
0.5,0,26.718824,-0.0015289871,0,-34.219155,2.0361567e-05,0
0.5,0,26.718866,-0.0015436693,0,-34.209926,2.0498157e-05,0
0.5,0,26.71884,-0.0015430069,0,-34.200698,2.0613619e-05,0
0.5,0,26.718759,-0.0015265279,0,-34.191469,2.0705572e-05,0
0.5,0,26.718631,-0.0015066416,0,-34.182241,2.0772238e-05,0
0.5,0,26.718435,-0.0015077905,0,-34.173013,2.0813376e-05,0
0.5,0,26.718131,-0.0015516442,0,-34.163784,2.0831211e-05,0
0.5,0,26.717752,-0.0016478643,0,-34.154556,2.0830803e-05,0
0.5,0,26.717424,-0.0017847432,0,-34.145327,2.0818244e-05,0
0.5,0,26.717222,-0.0019200963,0,-34.136099,2.079758e-05,0
0.5,0,26.717101,-0.0020121217,0,-34.12687,2.0769534e-05,0
0.5,0,26.717,-0.0020688829,0,-34.117642,2.073127e-05,0
0.5,0,26.716956,-0.0021011243,0,-34.108413,2.0677552e-05,0
0.5,0,26.717055,-0.0020981828,0,-34.099185,2.0602588e-05,0
0.5,0,26.717328,-0.0020709485,0,-34.089956,2.0501721e-05,0
0.5,0,26.717784,-0.0020434896,0,-34.080728,2.037377e-05,0
0.5,0,26.718446,-0.0020345749,0,-34.071499,2.0222175e-05,0
0.5,0,26.719333,-0.0020534409,0,-34.062271,2.005421e-05,0
0.5,0,26.720443,-0.0021020967,0,-34.053042,1.9879444e-05,0
0.5,0,26.721762,-0.0021785345,0,-34.043814,1.9708133e-05,0
0.5,0,26.723261,-0.002275452,0,-34.034586,1.9548902e-05,0
0.5,0,26.724884,-0.0023756428,0,-34.025357,1.9406115e-05,0
0.5,0,26.726552,-0.0024563539,0,-34.016129,1.9278614e-05,0
0.5,0,26.728192,-0.0025017913,0,-34.0069,1.9160554e-05,0
0.5,0,26.729735,-0.0025094317,0,-33.997672,1.9043793e-05,0
0.5,0,26.731125,-0.0024870483,0,-33.988443,1.8920387e-05,0
0.5,0,26.732324,-0.002445495,0,-33.979215,1.8784094e-05,0
0.5,0,26.733309,-0.0023934935,0,-33.969986,1.86308e-05,0
0.5,0,26.734068,-0.0023361467,0,-33.960758,1.8458295e-05,0
0.5,0,26.734602,-0.0022767446,0,-33.951529,1.8265831e-05,0
0.5,0,26.734916,-0.0022177788,0,-33.942301,1.8053661e-05,0
0.5,0,26.735022,-0.0021596701,0,-33.933072,1.7822692e-05,0
0.5,0,26.734931,-0.0021016154,0,-33.923844,1.75743e-05,0
0.5,0,26.73466,-0.0020435342,0,-33.914615,1.7310386e-05,0
0.5,0,26.734229,-0.0019877066,0,-33.905387,1.703361e-05,0
0.5,0,26.733669,-0.0019395661,0,-33.896159,1.6747639e-05,0
0.5,0,26.733017,-0.0019060067,0,-33.88693,1.6457113e-05,0
0.5,0,26.732321,-0.0018926517,0,-33.877702,1.6167169e-05,0
0.5,0,26.731631,-0.0019010833,0,-33.868473,1.5882493e-05,0
0.5,0,26.73098,-0.0019271706,0,-33.859245,1.5606267e-05,0
0.5,0,26.730389,-0.001962523,0,-33.850016,1.5339588e-05,0
0.5,0,26.72987,-0.0019977065,0,-33.840788,1.508152e-05,0
0.5,0,26.729423,-0.00202457,0,-33.831559,1.4829727e-05,0
0.5,0,26.729041,-0.0020383264,0,-33.822331,1.4581374e-05,0
0.5,0,26.728696,-0.0020393081,0,-33.813102,1.4333938e-05,0
0.5,0,26.72835,-0.0020331934,0,-33.803874,1.4085754e-05,0
0.5,0,26.727963,-0.0020299783,0,-33.794645,1.3836114e-05,0
0.5,0,26.727501,-0.0020415002,0,-33.785417,1.3584974e-05,0
0.5,0,26.726937,-0.0020771615,0,-33.776188,1.3332436e-05,0
0.5,0,26.726263,-0.0021389988,0,-33.76696,1.3078264e-05,0
0.5,0,26.725479,-0.0022193226,0,-33.757732,1.2821674e-05,0
0.5,0,26.724603,-0.0023022911,0,-33.748503,1.2561455e-05,0
0.5,0,26.723664,-0.002369593,0,-33.739275,1.2296418e-05,0
0.5,0,26.7227,-0.0024082842,0,-33.730046,1.2026016e-05,0
0.5,0,26.721756,-0.0024161388,0,-33.720818,1.1750856e-05,0
0.5,0,26.72088,-0.0024026945,0,-33.711589,1.1472944e-05,0
0.5,0,26.720123,-0.00238547,0,-33.702361,1.1195585e-05,0
0.5,0,26.719535,-0.0023828137,0,-33.693132,1.0922997e-05,0
0.5,0,26.719163,-0.0024067798,0,-33.683904,1.0659676e-05,0
0.5,0,26.719054,-0.0024582595,0,-33.674675,1.0409596e-05,0
0.5,0,26.719254,-0.0025268515,0,-33.665447,1.017542e-05,0
0.5,0,26.719809,-0.0025946479,0,-33.656218,9.9578556e-06,0
0.5,0,26.720763,-0.0026421933,0,-33.64699,9.7553853e-06,0
0.5,0,26.722167,-0.0026555805,0,-33.637761,9.5644977e-06,0
0.5,0,26.724072,-0.0026307972,0,-33.628533,9.3804807e-06,0
0.5,0,26.726536,-0.0025745032,0,-33.619305,9.1986367e-06,0
0.5,0,26.729618,-0.002500996,0,-33.610076,9.0156285e-06,0
0.5,0,26.733368,-0.0024269779,0,-33.600848,8.8305386e-06,0
0.5,0,26.737821,-0.0023674805,0,-33.591619,8.6450863e-06,0
0.5,0,26.742987,-0.0023332609,0,-33.582391,8.4628879e-06,0
0.5,0,26.748839,-0.0023281305,0,-33.573162,8.2881909e-06,0
0.5,0,26.755318,-0.0023478088,0,-33.563934,8.12449e-06,0
0.5,0,26.762333,-0.0023818518,0,-33.554705,7.9735252e-06,0
0.5,0,26.769767,-0.0024164376,0,-33.545477,7.8351144e-06,0
0.5,0,26.777483,-0.0024396644,0,-33.536248,7.7078214e-06,0
0.5,0,26.785332,-0.0024463744,0,-33.52702,7.5901211e-06,0
0.5,0,26.793164,-0.0024391166,0,-33.517791,7.4812553e-06,0
0.5,0,26.800838,-0.002425432,0,-33.508563,7.3816708e-06,0
0.5,0,26.808224,-0.0024150318,0,-33.499334,7.2926611e-06,0
0.5,0,26.815187,-0.0024210781,0,-33.490106,7.2152127e-06,0
0.5,0,26.821586,-0.0024515557,0,-33.480878,7.1496737e-06,0
0.5,0,26.827285,-0.0025054005,0,-33.471649,7.0955245e-06,0
0.5,0,26.832141,-0.0025750282,0,-33.462421,7.0522278e-06,0
0.5,0,26.836011,-0.0026298836,0,-33.453192,7.0203505e-06,0
0.5,0,26.838767,-0.0026500486,0,-33.443964,6.9991946e-06,0
0.5,0,26.840294,-0.0026371404,0,-33.434735,6.9875601e-06,0
0.5,0,26.840537,-0.0025914854,0,-33.425507,6.9842444e-06,0
0.5,0,26.839516,-0.002524437,0,-33.416278,6.9857313e-06,0
0.5,0,26.837317,-0.002456259,0,-33.40705,6.9878475e-06,0
0.5,0,26.834111,-0.0024082053,0,-33.397821,6.9875413e-06,0
0.5,0,26.83016,-0.0023935614,0,-33.388593,6.9829306e-06,0
0.5,0,26.825785,-0.002414017,0,-33.379364,6.9729687e-06,0
0.5,0,26.821335,-0.0024595488,0,-33.370136,6.9571213e-06,0
0.5,0,26.817156,-0.0025135909,0,-33.360907,6.9349439e-06,0
0.5,0,26.813559,-0.0025629261,0,-33.351679,6.9052862e-06,0
0.5,0,26.810805,-0.0026029596,0,-33.342451,6.8654189e-06,0
0.5,0,26.809073,-0.0026370881,0,-33.333222,6.8107897e-06,0
0.5,0,26.808454,-0.0026729775,0,-33.323994,6.7357116e-06,0
0.5,0,26.80894,-0.0027121397,0,-33.314765,6.6347078e-06,0
0.5,0,26.810442,-0.0027468121,0,-33.305537,6.5040753e-06,0
0.5,0,26.812795,-0.002771445,0,-33.296308,6.3424057e-06,0
0.5,0,26.815751,-0.0027938663,0,-33.28708,6.1491706e-06,0
0.5,0,26.819039,-0.0028255181,0,-33.277851,5.9246106e-06,0
0.5,0,26.822378,-0.0028792875,0,-33.268623,5.672643e-06,0
0.5,0,26.825491,-0.0029729683,0,-33.259394,5.4009682e-06,0
0.5,0,26.828131,-0.003105874,0,-33.250166,5.1173958e-06,0
0.5,0,26.830063,-0.0032548466,0,-33.240937,4.8281443e-06,0
0.5,0,26.831041,-0.0033988398,0,-33.231709,4.5383799e-06,0
0.5,0,26.830833,-0.0035287778,0,-33.22248,4.2522505e-06,0
0.5,0,26.829263,-0.0036391778,0,-33.213252,3.972173e-06,0
0.5,0,26.826224,-0.0037264796,0,-33.204024,3.698468e-06,0
0.5,0,26.821692,-0.0037907528,0,-33.194795,3.4301095e-06,0
0.5,0,26.815728,-0.0038344562,0,-33.185567,3.1660134e-06,0
0.5,0,26.808477,-0.0038610858,0,-33.176338,2.9056284e-06,0
0.5,0,26.800162,-0.0038753612,0,-33.16711,2.6483238e-06,0
0.5,0,26.791077,-0.0038856452,0,-33.157881,2.3921446e-06,0
0.5,0,26.781567,-0.0039016014,0,-33.148653,2.1336137e-06,0
0.5,0,26.771995,-0.0039326065,0,-33.139424,1.868827e-06,0
0.5,0,26.76272,-0.0039855178,0,-33.130196,1.5951165e-06,0
0.5,0,26.754073,-0.0040635041,0,-33.120967,1.3123919e-06,0
0.5,0,26.746302,-0.0041696486,0,-33.111739,1.0228546e-06,0
0.5,0,26.739563,-0.0043035885,0,-33.10251,7.2985258e-07,0
0.5,0,26.733887,-0.0044587765,0,-33.093282,4.3771313e-07,0
0.5,0,26.729232,-0.0046170141,0,-33.084053,1.5297703e-07,0
0.5,0,26.546272,-0.0041278246,0,-31.579813,5.4183528e-08,0
0.5,0,26.551521,-0.0039939379,0,-31.570585,1.520938e-07,0
0.5,0,26.557487,-0.0038838617,0,-31.561356,2.3506825e-07,0
0.5,0,26.563976,-0.0037900306,0,-31.552128,3.0531835e-07,0
0.5,0,26.57076,-0.0037063676,0,-31.5429,3.6627066e-07,0
0.5,0,26.577628,-0.0036363428,0,-31.533671,4.1944554e-07,0
0.5,0,26.584367,-0.0035852397,0,-31.524443,4.6530748e-07,0
0.5,0,26.590744,-0.003555654,0,-31.515214,5.0511193e-07,0
0.5,0,26.596531,-0.0035456712,0,-31.505986,5.4111449e-07,0
0.5,0,26.601517,-0.0035479558,0,-31.496757,5.7559214e-07,0
0.5,0,26.605528,-0.0035508425,0,-31.487529,6.1006426e-07,0
0.5,0,26.608435,-0.0035442702,0,-31.4783,6.451554e-07,0
0.5,0,26.610177,-0.0035238958,0,-31.469072,6.81085e-07,0
0.5,0,26.610769,-0.0034894569,0,-31.459843,7.1832704e-07,0
0.5,0,26.61031,-0.0034406755,0,-31.450615,7.5773178e-07,0
0.5,0,26.608981,-0.0033742158,0,-31.441386,8.0009041e-07,0
0.5,0,26.607027,-0.0032852775,0,-31.432158,8.4563757e-07,0
0.5,0,26.604737,-0.0031721929,0,-31.422929,8.9392537e-07,0
0.5,0,26.602415,-0.0030391701,0,-31.413701,9.4419217e-07,0
0.5,0,26.600348,-0.0028961054,0,-31.404473,9.9580842e-07,0
0.5,0,26.598775,-0.0027550437,0,-31.395244,1.0484601e-06,0
0.5,0,26.597869,-0.0026265943,0,-31.386016,1.1019976e-06,0
0.5,0,26.597716,-0.0025173013,0,-31.376787,1.156242e-06,0
0.5,0,26.59832,-0.0024296999,0,-31.367559,1.2110125e-06,0
0.5,0,26.599611,-0.0023635999,0,-31.35833,1.2664734e-06,0
0.5,0,26.601461,-0.0023178712,0,-31.349102,1.3235249e-06,0
0.5,0,26.603713,-0.0022917231,0,-31.339873,1.3839077e-06,0
0.5,0,26.606204,-0.002284587,0,-31.330645,1.4499704e-06,0
0.5,0,26.608788,-0.0022959921,0,-31.321416,1.524142e-06,0
0.5,0,26.611361,-0.0023243033,0,-31.312188,1.6084102e-06,0
0.5,0,26.613866,-0.0023663333,0,-31.302959,1.7039432e-06,0
0.5,0,26.616302,-0.0024163814,0,-31.293731,1.8109669e-06,0
0.5,0,26.618719,-0.0024662979,0,-31.284502,1.9287587e-06,0
0.5,0,26.621201,-0.0025068306,0,-31.275274,2.0556257e-06,0
0.5,0,26.623849,-0.0025294519,0,-31.266046,2.188964e-06,0
0.5,0,26.626761,-0.0025294475,0,-31.256817,2.3253695e-06,0
0.5,0,26.630022,-0.0025064894,0,-31.247589,2.4609152e-06,0
0.5,0,26.633693,-0.0024632223,0,-31.23836,2.5915956e-06,0
0.5,0,26.637811,-0.002403238,0,-31.229132,2.7139315e-06,0
0.5,0,26.642382,-0.0023301207,0,-31.219903,2.8255757e-06,0
0.5,0,26.647387,-0.0022473963,0,-31.210675,2.9256945e-06,0
0.5,0,26.652787,-0.0021591178,0,-31.201446,3.0150785e-06,0
0.5,0,26.658518,-0.0020709431,0,-31.192218,3.0958405e-06,0
0.5,0,26.664503,-0.0019909082,0,-31.182989,3.1705865e-06,0
0.5,0,26.670659,-0.001929739,0,-31.173761,3.2412213e-06,0
0.5,0,26.676905,-0.0018944965,0,-31.164532,3.3083706e-06,0
0.5,0,26.683159,-0.0018829421,0,-31.155304,3.3721947e-06,0
0.5,0,26.689327,-0.0018953715,0,-31.146075,3.4335562e-06,0
0.5,0,26.695329,-0.001928456,0,-31.136847,3.4941042e-06,0
0.5,0,26.701125,-0.0019695359,0,-31.127619,3.5544345e-06,0
0.5,0,26.706677,-0.002011254,0,-31.11839,3.6140563e-06,0
0.5,0,26.71194,-0.0020418892,0,-31.109162,3.6722682e-06,0
0.5,0,26.716895,-0.0020641768,0,-31.099933,3.7261991e-06,0
0.5,0,26.721526,-0.0020911961,0,-31.090705,3.7726256e-06,0
0.5,0,26.72583,-0.0021274462,0,-31.081476,3.8084692e-06,0
0.5,0,26.729827,-0.0021675022,0,-31.072248,3.8288653e-06,0
0.5,0,26.733531,-0.0021934664,0,-31.063019,3.8293525e-06,0
0.5,0,26.736936,-0.0022003741,0,-31.053791,3.8079118e-06,0
0.5,0,26.740028,-0.0022004636,0,-31.044562,3.7650308e-06,0
0.5,0,26.742785,-0.0022068483,0,-31.035334,3.7028374e-06,0
0.5,0,26.745186,-0.0022235947,0,-31.026105,3.6246342e-06,0
0.5,0,26.747221,-0.0022497958,0,-31.016877,3.5345681e-06,0
0.5,0,26.748897,-0.0022850444,0,-31.007648,3.4371202e-06,0
0.5,0,26.750244,-0.002330192,0,-30.99842,3.3363406e-06,0
0.5,0,26.75132,-0.0023870126,0,-30.989192,3.2349108e-06,0
0.5,0,26.75221,-0.0024641819,0,-30.979963,3.1336296e-06,0
0.5,0,26.753022,-0.0025664851,0,-30.970735,3.0318381e-06,0
0.5,0,26.753884,-0.0026753917,0,-30.961506,2.9284377e-06,0
0.5,0,26.754896,-0.0027633091,0,-30.952278,2.8233972e-06,0
0.5,0,26.756112,-0.0028097938,0,-30.943049,2.7192243e-06,0
0.5,0,26.757606,-0.002818482,0,-30.933821,2.6181368e-06,0
0.5,0,26.759429,-0.0028053137,0,-30.924592,2.5213815e-06,0
0.5,0,26.761596,-0.0027803279,0,-30.915364,2.4297282e-06,0
0.5,0,26.764125,-0.0027489402,0,-30.906135,2.3411248e-06,0
0.5,0,26.767011,-0.0027098159,0,-30.896907,2.2518322e-06,0
0.5,0,26.77022,-0.0026669035,0,-30.887678,2.1585905e-06,0
0.5,0,26.773711,-0.0026287902,0,-30.87845,2.0592107e-06,0
0.5,0,26.777455,-0.0026030483,0,-30.869221,1.9520908e-06,0
0.5,0,26.781436,-0.0025971711,0,-30.859993,1.8363413e-06,0
0.5,0,26.785659,-0.0026199142,0,-30.850765,1.7123531e-06,0
0.5,0,26.790148,-0.0026768147,0,-30.841536,1.581805e-06,0
0.5,0,26.794942,-0.0027664651,0,-30.832308,1.4469389e-06,0
0.5,0,26.800085,-0.0028800656,0,-30.823079,1.3097808e-06,0
0.5,0,26.805612,-0.003004985,0,-30.813851,1.1716598e-06,0
0.5,0,26.811531,-0.0031305552,0,-30.804622,1.0330243e-06,0
0.5,0,26.817804,-0.0032520934,0,-30.795394,8.93317e-07,0
0.5,0,26.824315,-0.0033728983,0,-30.786165,7.5046491e-07,0
0.5,0,26.830846,-0.0034993158,0,-30.776937,6.0049026e-07,0
0.5,0,26.83705,-0.0036297771,0,-30.767708,4.3828525e-07,0
0.5,0,26.842443,-0.0037523587,0,-30.75848,2.5915336e-07,0
0.5,0,26.846438,-0.0038503988,0,-30.749251,6.0102694e-08,0
0.5,0,26.756371,-0.0025576092,0,-30.112487,4.2240202e-08,0
0.5,0,26.748892,-0.0024909848,0,-30.103259,2.5924349e-07,0
0.5,0,26.741424,-0.0024013628,0,-30.09403,4.8598123e-07,0
0.5,0,26.734286,-0.0023573701,0,-30.084802,7.199111e-07,0
0.5,0,26.727819,-0.0023106161,0,-30.075573,9.5542195e-07,0
0.5,0,26.72221,-0.0021978353,0,-30.066345,1.1916378e-06,0
0.5,0,26.717493,-0.0021181556,0,-30.057116,1.4304755e-06,0
0.5,0,26.713715,-0.0020700366,0,-30.047888,1.6693403e-06,0
0.5,0,26.710803,-0.0020117854,0,-30.038659,1.9048617e-06,0
0.5,0,26.708637,-0.0019613741,0,-30.029431,2.1368103e-06,0
0.5,0,26.707073,-0.001925465,0,-30.020202,2.3651099e-06,0
0.5,0,26.705947,-0.0018981542,0,-30.010974,2.589128e-06,0
0.5,0,26.705081,-0.0018762408,0,-30.001746,2.8081878e-06,0
0.5,0,26.704319,-0.0018594513,0,-29.992517,3.021175e-06,0
0.5,0,26.703565,-0.0018484547,0,-29.983289,3.2262369e-06,0
0.5,0,26.702793,-0.0018454286,0,-29.97406,3.4209226e-06,0
0.5,0,26.702017,-0.0018538983,0,-29.964832,3.6026574e-06,0
0.5,0,26.701273,-0.0018753836,0,-29.955603,3.7694445e-06,0
0.5,0,26.700616,-0.0019083109,0,-29.946375,3.9203455e-06,0
0.5,0,26.700095,-0.0019482077,0,-29.937146,4.0556071e-06,0
0.5,0,26.699752,-0.0019891201,0,-29.927918,4.1765122e-06,0
0.5,0,26.699606,-0.0020257541,0,-29.918689,4.2852285e-06,0
0.5,0,26.699666,-0.0020554656,0,-29.909461,4.3848232e-06,0
0.5,0,26.699917,-0.0020792327,0,-29.900232,4.4789749e-06,0
0.5,0,26.700347,-0.0020983213,0,-29.891004,4.5711896e-06,0
0.5,0,26.700958,-0.0021110971,0,-29.881775,4.6639626e-06,0
0.5,0,26.701752,-0.0021153296,0,-29.872547,4.7583632e-06,0
0.5,0,26.702725,-0.0021110129,0,-29.863319,4.8541644e-06,0
0.5,0,26.703887,-0.0020990278,0,-29.85409,4.9502362e-06,0
0.5,0,26.705252,-0.0020786828,0,-29.844862,5.0449454e-06,0
0.5,0,26.706808,-0.0020481033,0,-29.835633,5.1364541e-06,0
0.5,0,26.708549,-0.0020065565,0,-29.826405,5.2229662e-06,0
0.5,0,26.710498,-0.0019570042,0,-29.817176,5.3030089e-06,0
0.5,0,26.712668,-0.0019062071,0,-29.807948,5.3759714e-06,0
0.5,0,26.715043,-0.0018642498,0,-29.798719,5.4425381e-06,0
0.5,0,26.717594,-0.0018420116,0,-29.789491,5.5044723e-06,0
0.5,0,26.720298,-0.0018460211,0,-29.780262,5.5640587e-06,0
0.5,0,26.723135,-0.0018770063,0,-29.771034,5.6235236e-06,0
0.5,0,26.726089,-0.001929275,0,-29.761805,5.6848003e-06,0
0.5,0,26.729145,-0.0019926653,0,-29.752577,5.7497068e-06,0
0.5,0,26.732299,-0.0020598322,0,-29.743348,5.8199534e-06,0
0.5,0,26.735542,-0.002133079,0,-29.73412,5.8962797e-06,0
0.5,0,26.738863,-0.0022172516,0,-29.724892,5.9774695e-06,0
0.5,0,26.74224,-0.0023033748,0,-29.715663,6.0620068e-06,0
0.5,0,26.745678,-0.0023712877,0,-29.706435,6.1512053e-06,0
0.5,0,26.749182,-0.0024077881,0,-29.697206,6.2482515e-06,0
0.5,0,26.752701,-0.0024160438,0,-29.687978,6.3539737e-06,0
0.5,0,26.756149,-0.0024073806,0,-29.678749,6.4658754e-06,0
0.5,0,26.759459,-0.0023900947,0,-29.669521,6.5810226e-06,0
0.5,0,26.762591,-0.002372583,0,-29.660292,6.6983258e-06,0
0.5,0,26.765534,-0.0023622319,0,-29.651064,6.8179338e-06,0
0.5,0,26.768307,-0.0023588751,0,-29.641835,6.9395297e-06,0
0.5,0,26.770937,-0.0023609096,0,-29.632607,7.0622568e-06,0
0.5,0,26.773463,-0.0023696356,0,-29.623378,7.1856606e-06,0
0.5,0,26.775935,-0.0023851959,0,-29.61415,7.3097225e-06,0
0.5,0,26.778405,-0.0024029032,0,-29.604921,7.4340329e-06,0
0.5,0,26.780917,-0.0024154428,0,-29.595693,7.5571336e-06,0
0.5,0,26.783505,-0.0024198912,0,-29.586465,7.6766204e-06,0
0.5,0,26.786196,-0.0024210085,0,-29.577236,7.7898843e-06,0
0.5,0,26.789007,-0.0024283478,0,-29.568008,7.8946822e-06,0
0.5,0,26.791951,-0.0024466592,0,-29.558779,7.9889871e-06,0
0.5,0,26.795015,-0.0024676521,0,-29.549551,8.0706548e-06,0
0.5,0,26.798208,-0.0024816061,0,-29.540322,8.1380819e-06,0
0.5,0,26.801522,-0.0024918364,0,-29.531094,8.1893537e-06,0
0.5,0,26.805025,-0.0025054345,0,-29.521865,8.2224557e-06,0
0.5,0,26.808601,-0.0025215215,0,-29.512637,8.2373334e-06,0
0.5,0,26.812165,-0.0025477187,0,-29.503408,8.2355789e-06,0
0.5,0,26.815828,-0.0025952104,0,-29.49418,8.2190307e-06,0
0.5,0,26.819518,-0.002660949,0,-29.484951,8.1891924e-06,0
0.5,0,26.823195,-0.0027388043,0,-29.475723,8.1471431e-06,0
0.5,0,26.826821,-0.0028271603,0,-29.466494,8.0928846e-06,0
0.5,0,26.830342,-0.0029240452,0,-29.457266,8.0252979e-06,0
0.5,0,26.833723,-0.0030237987,0,-29.448038,7.9431072e-06,0
0.5,0,26.836909,-0.0031217695,0,-29.438809,7.8461745e-06,0
0.5,0,26.839817,-0.0032155842,0,-29.429581,7.7363129e-06,0
0.5,0,26.842389,-0.0033024772,0,-29.420352,7.6171199e-06,0
0.5,0,26.844594,-0.003377226,0,-29.411124,7.4931023e-06,0
0.5,0,26.846416,-0.0034335871,0,-29.401895,7.3687601e-06,0
0.5,0,26.847852,-0.0034672515,0,-29.392667,7.247863e-06,0
0.5,0,26.848929,-0.00347858,0,-29.383438,7.132831e-06,0
0.5,0,26.849697,-0.0034738595,0,-29.37421,7.0243844e-06,0
0.5,0,26.850225,-0.0034568153,0,-29.364981,6.9220788e-06,0
0.5,0,26.850551,-0.0034206319,0,-29.355753,6.8259884e-06,0
0.5,0,26.850711,-0.0033573105,0,-29.346524,6.7378777e-06,0
0.5,0,26.850518,-0.0032655217,0,-29.337296,6.6598772e-06,0
0.5,0,26.85067,-0.003168219,0,-29.328067,6.592207e-06,0
0.5,0,26.851639,-0.0030862043,0,-29.318839,6.5335561e-06,0
0.5,0,26.853009,-0.0030156447,0,-29.309611,6.4831989e-06,0
0.5,0,26.854876,-0.0029540098,0,-29.300382,6.4409574e-06,0
0.5,0,26.857388,-0.0029036869,0,-29.291154,6.4059385e-06,0
0.5,0,26.860695,-0.0028663919,0,-29.281925,6.3765756e-06,0
0.5,0,26.864883,-0.0028380015,0,-29.272697,6.3509944e-06,0
0.5,0,26.869984,-0.0028144839,0,-29.263468,6.3269947e-06,0
0.5,0,26.876007,-0.0027967617,0,-29.25424,6.3026531e-06,0
0.5,0,26.882932,-0.0027860006,0,-29.245011,6.277199e-06,0
0.5,0,26.890712,-0.0027815367,0,-29.235783,6.2510454e-06,0
0.5,0,26.899286,-0.0027851445,0,-29.226554,6.2251732e-06,0
0.5,0,26.908583,-0.0028010088,0,-29.217326,6.200505e-06,0
0.5,0,26.918529,-0.0028307503,0,-29.208097,6.1776106e-06,0
0.5,0,26.929054,-0.0028714185,0,-29.198869,6.156744e-06,0
0.5,0,26.940095,-0.0029200168,0,-29.18964,6.1378637e-06,0
0.5,0,26.951597,-0.0029741207,0,-29.180412,6.1201583e-06,0
0.5,0,26.963533,-0.0030270014,0,-29.171184,6.102148e-06,0
0.5,0,26.975901,-0.0030694811,0,-29.161955,6.0828638e-06,0
0.5,0,26.988716,-0.0030941059,0,-29.152727,6.0620216e-06,0
0.5,0,27.002016,-0.0030974325,0,-29.143498,6.038994e-06,0
0.5,0,27.015871,-0.0030830852,0,-29.13427,6.0128045e-06,0
0.5,0,27.030375,-0.0030542493,0,-29.125041,5.9827095e-06,0
0.5,0,27.045641,-0.003010692,0,-29.115813,5.9479669e-06,0
0.5,0,27.061788,-0.0029579479,0,-29.106584,5.9074468e-06,0
0.5,0,27.078938,-0.002904198,0,-29.097356,5.8595826e-06,0
0.5,0,27.097227,-0.0028517635,0,-29.088127,5.8031471e-06,0
0.5,0,27.116781,-0.0027972541,0,-29.078899,5.7374966e-06,0
0.5,0,27.137723,-0.0027386259,0,-29.06967,5.6619605e-06,0
0.5,0,27.160181,-0.0026805435,0,-29.060442,5.5762144e-06,0
0.5,0,27.184238,-0.0026304937,0,-29.051213,5.4805796e-06,0
0.5,0,27.20989,-0.0025933199,0,-29.041985,5.3754365e-06,0
0.5,0,27.236965,-0.0025712686,0,-29.032757,5.261061e-06,0
0.5,0,27.26502,-0.0025655734,0,-29.023528,5.138403e-06,0
0.5,0,27.293207,-0.0025741064,0,-29.0143,5.0101399e-06,0
0.5,0,27.320124,-0.0025862675,0,-29.005071,4.8810507e-06,0
0.5,0,27.343742,-0.0025877858,0,-28.995843,4.7584341e-06,0
0.5,0,27.361421,-0.0025664263,0,-28.986614,4.6509528e-06,0
0.5,0,27.370267,-0.0025097384,0,-28.977386,4.5649792e-06,0
0.5,0,27.367885,-0.0024243621,0,-28.968157,4.5028844e-06,0
0.5,0,27.353326,-0.0023357407,0,-28.958929,4.4633138e-06,0
0.5,0,27.327686,-0.0022601595,0,-28.9497,4.4414365e-06,0
0.5,0,27.293937,-0.0022061825,0,-28.940472,4.429345e-06,0
0.5,0,27.256283,-0.0021792644,0,-28.931243,4.4176246e-06,0
0.5,0,27.219189,-0.0021757725,0,-28.922015,4.3976055e-06,0
0.5,0,27.186377,-0.0021851396,0,-28.912786,4.3636216e-06,0
0.5,0,27.160093,-0.0022056281,0,-28.903558,4.3130843e-06,0
0.5,0,27.140859,-0.0022383005,0,-28.89433,4.2458729e-06,0
0.5,0,27.127782,-0.0022919903,0,-28.885101,4.1621818e-06,0
0.5,0,27.119195,-0.0023726692,0,-28.875873,4.0611328e-06,0
0.5,0,27.113228,-0.002463596,0,-28.866644,3.9432472e-06,0
0.5,0,27.108236,-0.0025435266,0,-28.857416,3.8105149e-06,0
0.5,0,27.103155,-0.0026051001,0,-28.848187,3.6659886e-06,0
0.5,0,27.097612,-0.0026598232,0,-28.838959,3.5144399e-06,0
0.5,0,27.091726,-0.0027138018,0,-28.82973,3.3616576e-06,0
0.5,0,27.085828,-0.0027609275,0,-28.820502,3.2115584e-06,0
0.5,0,27.080293,-0.0028005632,0,-28.811273,3.0639539e-06,0
0.5,0,27.075449,-0.0028455767,0,-28.802045,2.9158853e-06,0
0.5,0,27.071532,-0.0029107921,0,-28.792816,2.764443e-06,0
0.5,0,27.068675,-0.0029992884,0,-28.783588,2.6085953e-06,0
0.5,0,27.066891,-0.0030991112,0,-28.774359,2.449294e-06,0
0.5,0,27.0661,-0.0031960219,0,-28.765131,2.2888756e-06,0
0.5,0,27.066124,-0.0032764523,0,-28.755903,2.1294968e-06,0
0.5,0,27.066728,-0.0033436215,0,-28.746674,1.9731359e-06,0
0.5,0,27.06766,-0.0033834363,0,-28.737446,1.8205382e-06,0
0.5,0,27.068551,-0.0033969993,0,-28.728217,1.6733303e-06,0
0.5,0,27.068914,-0.0034021942,0,-28.718989,1.5367216e-06,0
0.5,0,27.068263,-0.0033907809,0,-28.70976,1.414213e-06,0
0.5,0,27.066164,-0.0033680597,0,-28.700532,1.3044835e-06,0
0.5,0,27.06224,-0.0033447227,0,-28.691303,1.2052368e-06,0
0.5,0,27.056222,-0.0033262163,0,-28.682075,1.117109e-06,0
0.5,0,27.048063,-0.0033117815,0,-28.672846,1.0409255e-06,0
0.5,0,27.037966,-0.0032982699,0,-28.663618,9.7479839e-07,0
0.5,0,27.026323,-0.003280672,0,-28.654389,9.1556944e-07,0
0.5,0,27.013652,-0.0032593844,0,-28.645161,8.6074672e-07,0
0.5,0,27.000583,-0.0032364481,0,-28.635932,8.095478e-07,0
0.5,0,26.9878,-0.0032143489,0,-28.626704,7.6209019e-07,0
0.5,0,26.975946,-0.0031957277,0,-28.617476,7.1796368e-07,0
0.5,0,26.965521,-0.0031794699,0,-28.608247,6.7681137e-07,0
0.5,0,26.956809,-0.0031681782,0,-28.599019,6.389112e-07,0
0.5,0,26.949891,-0.0031699358,0,-28.58979,6.0465197e-07,0
0.5,0,26.944715,-0.0031907197,0,-28.580562,5.7464673e-07,0
0.5,0,26.941141,-0.0032252537,0,-28.571333,5.5033261e-07,0
0.5,0,26.938937,-0.0032575485,0,-28.562105,5.3324675e-07,0
0.5,0,26.937817,-0.0032789455,0,-28.552876,5.2423312e-07,0
0.5,0,26.937514,-0.0032930163,0,-28.543648,5.2424115e-07,0
0.5,0,26.937826,-0.003305156,0,-28.534419,5.3452546e-07,0
0.5,0,26.938605,-0.0033153542,0,-28.525191,5.5619784e-07,0
0.5,0,26.939733,-0.0033189143,0,-28.515962,5.9025262e-07,0
0.5,0,26.941119,-0.0033130862,0,-28.506734,6.3703959e-07,0
0.5,0,26.942716,-0.0032989885,0,-28.497505,6.9491787e-07,0
0.5,0,26.944497,-0.0032762526,0,-28.488277,7.5977941e-07,0
0.5,0,26.946422,-0.0032418063,0,-28.479049,8.265241e-07,0
0.5,0,26.948435,-0.0032004217,0,-28.46982,8.9079989e-07,0
0.5,0,26.950452,-0.0031659762,0,-28.460592,9.4973995e-07,0
0.5,0,26.952349,-0.0031484728,0,-28.451363,1.0019577e-06,0
0.5,0,26.95397,-0.0031493471,0,-28.442135,1.0469796e-06,0
0.5,0,26.955192,-0.0031629999,0,-28.432906,1.0846261e-06,0
0.5,0,26.955922,-0.0031845623,0,-28.423678,1.1147072e-06,0
0.5,0,26.956027,-0.0032162805,0,-28.414449,1.136857e-06,0
0.5,0,26.955368,-0.0032613801,0,-28.405221,1.1504062e-06,0
0.5,0,26.953888,-0.0033210073,0,-28.395992,1.1546066e-06,0
0.5,0,26.951634,-0.0033953721,0,-28.386764,1.1490231e-06,0
0.5,0,26.948715,-0.0034805202,0,-28.377535,1.1332733e-06,0
0.5,0,26.945324,-0.0035715092,0,-28.368307,1.1066876e-06,0
0.5,0,26.941605,-0.0036703826,0,-28.359078,1.0693112e-06,0
0.5,0,26.937594,-0.0037762801,0,-28.34985,1.0228469e-06,0
0.5,0,26.933461,-0.0038640066,0,-28.340622,9.6984562e-07,0
0.5,0,26.930169,-0.0039254999,0,-28.331393,9.1168003e-07,0
0.5,0,26.92803,-0.0039796728,0,-28.322165,8.4888526e-07,0
0.5,0,26.926557,-0.004033883,0,-28.312936,7.8250153e-07,0
0.5,0,26.925682,-0.0040777709,0,-28.303708,7.1427503e-07,0
0.5,0,26.925231,-0.0040945478,0,-28.294479,6.4628953e-07,0
0.5,0,26.92503,-0.0040934437,0,-28.285251,5.8027642e-07,0
0.5,0,26.924965,-0.0041021777,0,-28.276022,5.1777724e-07,0
0.5,0,26.924964,-0.0041325884,0,-28.266794,4.5905241e-07,0
0.5,0,26.924906,-0.0041690376,0,-28.257565,4.0440805e-07,0
0.5,0,26.924638,-0.0041960361,0,-28.248337,3.5539695e-07,0
0.5,0,26.924047,-0.0042135053,0,-28.239108,3.1272867e-07,0
0.5,0,26.923078,-0.0042229048,0,-28.22988,2.7600377e-07,0
0.5,0,26.92174,-0.0042236674,0,-28.220651,2.4494493e-07,0
0.5,0,26.920084,-0.0042131761,0,-28.211423,2.1999555e-07,0
0.5,0,26.91822,-0.0041866143,0,-28.202195,2.0190664e-07,0
0.5,0,26.916235,-0.0041488532,0,-28.192966,1.9069976e-07,0
0.5,0,26.914235,-0.0041125264,0,-28.183738,1.8636252e-07,0
0.5,0,26.912317,-0.0041082085,0,-28.174509,1.8858387e-07,0
0.5,0,26.910486,-0.0041414436,0,-28.165281,1.9844525e-07,0
0.5,0,26.908871,-0.0041862576,0,-28.156052,2.1769712e-07,0
0.5,0,26.907582,-0.0042422561,0,-28.146824,2.4440958e-07,0
0.5,0,26.906621,-0.0042999703,0,-28.137595,2.7480736e-07,0
0.5,0,26.905989,-0.0043476105,0,-28.128367,3.0634878e-07,0
0.5,0,26.905636,-0.0043902989,0,-28.119138,3.3799471e-07,0
0.5,0,26.905496,-0.004426844,0,-28.10991,3.6854269e-07,0
0.5,0,26.905488,-0.0044526918,0,-28.100681,3.9571657e-07,0
0.5,0,26.905519,-0.0044687707,0,-28.091453,4.168232e-07,0
0.5,0,26.905496,-0.004481132,0,-28.082224,4.2971639e-07,0
0.5,0,26.905338,-0.0044964566,0,-28.072996,4.3313254e-07,0
0.5,0,26.904972,-0.0045192058,0,-28.063768,4.2650445e-07,0
0.5,0,26.904332,-0.0045516912,0,-28.054539,4.0967906e-07,0
0.5,0,26.903353,-0.004594779,0,-28.045311,3.828477e-07,0
0.5,0,26.901987,-0.0046482859,0,-28.036082,3.4656238e-07,0
0.5,0,26.900212,-0.0047096896,0,-28.026854,3.017367e-07,0
0.5,0,26.898043,-0.004774806,0,-28.017625,2.4952064e-07,0
0.5,0,26.895523,-0.0048409374,0,-28.008397,1.9104566e-07,0
0.5,0,26.892708,-0.0049062396,0,-27.999168,1.2729002e-07,0
0.5,0,26.889669,-0.0049767195,0,-27.98994,5.9039202e-08,0
0.5,0,26.846918,-0.0048621007,0,-27.574659,7.230271e-08,0
0.5,0,26.848393,-0.0047348307,0,-27.56543,1.9964697e-07,0
0.5,0,26.849947,-0.0045992681,0,-27.556202,3.3104078e-07,0
0.5,0,26.851588,-0.0044717672,0,-27.546973,4.6131797e-07,0
0.5,0,26.853335,-0.0043530313,0,-27.537745,5.8575381e-07,0
0.5,0,26.855229,-0.0042263091,0,-27.528516,7.0110133e-07,0
0.5,0,26.857307,-0.0040887092,0,-27.519288,8.0444796e-07,0
0.5,0,26.859544,-0.0039538109,0,-27.51006,8.9292686e-07,0
0.5,0,26.861889,-0.0038372077,0,-27.500831,9.652663e-07,0
0.5,0,26.86432,-0.0037475973,0,-27.491603,1.0225015e-06,0
0.5,0,26.866839,-0.0036832399,0,-27.482374,1.0668148e-06,0
0.5,0,26.869425,-0.0036329516,0,-27.473146,1.099952e-06,0
0.5,0,26.87203,-0.0035845214,0,-27.463917,1.122695e-06,0
0.5,0,26.874598,-0.0035335007,0,-27.454689,1.1356269e-06,0
0.5,0,26.877072,-0.0034830375,0,-27.44546,1.1401466e-06,0
0.5,0,26.879399,-0.0034373055,0,-27.436232,1.1386067e-06,0
0.5,0,26.881534,-0.0033970323,0,-27.427003,1.1335974e-06,0
0.5,0,26.88344,-0.0033595914,0,-27.417775,1.1271893e-06,0
0.5,0,26.885089,-0.0033207285,0,-27.408546,1.1206245e-06,0
0.5,0,26.886461,-0.0032761253,0,-27.399318,1.1144109e-06,0
0.5,0,26.887546,-0.0032232779,0,-27.390089,1.1087001e-06,0
0.5,0,26.888346,-0.0031632846,0,-27.380861,1.1038045e-06,0
0.5,0,26.888877,-0.0031006523,0,-27.371633,1.1006024e-06,0
0.5,0,26.889171,-0.0030409113,0,-27.362404,1.1006542e-06,0
0.5,0,26.889272,-0.0029877995,0,-27.353176,1.1060126e-06,0
0.5,0,26.889237,-0.0029416171,0,-27.343947,1.1188935e-06,0
0.5,0,26.889129,-0.002899594,0,-27.334719,1.1413877e-06,0
0.5,0,26.889012,-0.0028577141,0,-27.32549,1.1752664e-06,0
0.5,0,26.888942,-0.002812722,0,-27.316262,1.2218615e-06,0
0.5,0,26.888964,-0.0027635,0,-27.307033,1.2819534e-06,0
0.5,0,26.889102,-0.0027110665,0,-27.297805,1.3556814e-06,0
0.5,0,26.889362,-0.0026578119,0,-27.288576,1.4424994e-06,0
0.5,0,26.889735,-0.0026063703,0,-27.279348,1.5412218e-06,0
0.5,0,26.890193,-0.0025588217,0,-27.270119,1.650145e-06,0
0.5,0,26.890696,-0.0025165258,0,-27.260891,1.7672059e-06,0
0.5,0,26.891185,-0.0024804793,0,-27.251662,1.8901103e-06,0
0.5,0,26.891587,-0.0024519209,0,-27.242434,2.0163921e-06,0
0.5,0,26.891826,-0.0024324808,0,-27.233206,2.1434605e-06,0
0.5,0,26.891829,-0.0024240769,0,-27.223977,2.2686617e-06,0
0.5,0,26.891537,-0.0024282934,0,-27.214749,2.3893792e-06,0
0.5,0,26.890915,-0.0024457274,0,-27.20552,2.5031463e-06,0
0.5,0,26.889955,-0.0024752595,0,-27.196292,2.6077651e-06,0
0.5,0,26.888683,-0.0025137488,0,-27.187063,2.7014075e-06,0
0.5,0,26.887152,-0.0025563743,0,-27.177835,2.7826888e-06,0
0.5,0,26.885439,-0.0025975185,0,-27.168606,2.8507177e-06,0
0.5,0,26.883633,-0.0026319862,0,-27.159378,2.9050912e-06,0
0.5,0,26.881831,-0.0026554567,0,-27.150149,2.9458764e-06,0
0.5,0,26.880124,-0.0026643066,0,-27.140921,2.9736677e-06,0
0.5,0,26.878582,-0.0026557521,0,-27.131692,2.9897021e-06,0
0.5,0,26.877251,-0.00262925,0,-27.122464,2.9958311e-06,0
0.5,0,26.876154,-0.0025876321,0,-27.113235,2.9942323e-06,0
0.5,0,26.875298,-0.0025363158,0,-27.104007,2.9870256e-06,0
0.5,0,26.874689,-0.0024811306,0,-27.094779,2.9760511e-06,0
0.5,0,26.874329,-0.0024271059,0,-27.08555,2.9628354e-06,0
0.5,0,26.874207,-0.0023780277,0,-27.076322,2.948652e-06,0
0.5,0,26.874284,-0.0023359452,0,-27.067093,2.934602e-06,0
0.5,0,26.874522,-0.0023016889,0,-27.057865,2.9216369e-06,0
0.5,0,26.874893,-0.0022758128,0,-27.048636,2.9105102e-06,0
0.5,0,26.875383,-0.0022594209,0,-27.039408,2.9016265e-06,0
0.5,0,26.875982,-0.0022542897,0,-27.030179,2.8948548e-06,0
0.5,0,26.87668,-0.0022623955,0,-27.020951,2.8894158e-06,0
0.5,0,26.877463,-0.0022850108,0,-27.011722,2.8839007e-06,0
0.5,0,26.878315,-0.0023221141,0,-27.002494,2.8764304e-06,0
0.5,0,26.879213,-0.0023729964,0,-26.993265,2.8648721e-06,0
0.5,0,26.880122,-0.0024371891,0,-26.984037,2.8470188e-06,0
0.5,0,26.880994,-0.0025151372,0,-26.974808,2.8206311e-06,0
0.5,0,26.881766,-0.0026076926,0,-26.96558,2.7833758e-06,0
0.5,0,26.882373,-0.002715165,0,-26.956352,2.732797e-06,0
0.5,0,26.882749,-0.0028368002,0,-26.947123,2.666434e-06,0
0.5,0,26.882832,-0.0029709636,0,-26.937895,2.5820407e-06,0
0.5,0,26.882562,-0.0031156471,0,-26.928666,2.477709e-06,0
0.5,0,26.881883,-0.0032671518,0,-26.919438,2.3519752e-06,0
0.5,0,26.880764,-0.0034200016,0,-26.910209,2.2039767e-06,0
0.5,0,26.879198,-0.0035702234,0,-26.900981,2.0336532e-06,0
0.5,0,26.877214,-0.0037182321,0,-26.891752,1.8417304e-06,0
0.5,0,26.874867,-0.003865077,0,-26.882524,1.6296363e-06,0
0.5,0,26.872234,-0.0040069142,0,-26.873295,1.3991015e-06,0
0.5,0,26.869403,-0.0041426292,0,-26.864067,1.151572e-06,0
0.5,0,26.866473,-0.004278176,0,-26.854838,8.8886937e-07,0
0.5,0,26.863532,-0.0044076137,0,-26.84561,6.1338102e-07,0
0.5,0,26.860649,-0.0045234387,0,-26.836381,3.2775775e-07,0
0.5,0,26.857861,-0.0046022236,0,-26.827153,3.428199e-08,0
0.5,0,26.570195,-0.0047761101,0,-24.446209,2.2381887e-07,0
0.5,0,26.571523,-0.0047408967,0,-24.43698,5.7812989e-07,0
0.5,0,26.572613,-0.0046499258,0,-24.427752,9.3168921e-07,0
0.5,0,26.573471,-0.0045388911,0,-24.418523,1.2800016e-06,0
0.5,0,26.574084,-0.0044234558,0,-24.409295,1.6203242e-06,0
0.5,0,26.574413,-0.0043134345,0,-24.400066,1.9517074e-06,0
0.5,0,26.57442,-0.0042101195,0,-24.390838,2.27315e-06,0
0.5,0,26.574064,-0.0041116345,0,-24.381609,2.5823929e-06,0
0.5,0,26.573308,-0.0040148802,0,-24.372381,2.8764139e-06,0
0.5,0,26.572111,-0.0039179339,0,-24.363152,3.1526965e-06,0
0.5,0,26.570462,-0.0038225599,0,-24.353924,3.4101569e-06,0
0.5,0,26.56842,-0.0037314945,0,-24.344695,3.6486886e-06,0
0.5,0,26.566088,-0.0036417974,0,-24.335467,3.8681902e-06,0
0.5,0,26.563557,-0.0035464569,0,-24.326238,4.0687922e-06,0
0.5,0,26.560886,-0.0034411937,0,-24.31701,4.2513784e-06,0
0.5,0,26.558136,-0.0033260134,0,-24.307782,4.4173245e-06,0
0.5,0,26.555392,-0.0032021477,0,-24.298553,4.5682083e-06,0
0.5,0,26.552751,-0.0030721276,0,-24.289325,4.7057399e-06,0
0.5,0,26.550294,-0.0029419231,0,-24.280096,4.8316763e-06,0
0.5,0,26.548059,-0.0028179969,0,-24.270868,4.9477948e-06,0
0.5,0,26.546043,-0.0027047228,0,-24.261639,5.0557379e-06,0
0.5,0,26.544213,-0.0026042667,0,-24.252411,5.1569195e-06,0
0.5,0,26.542507,-0.0025162026,0,-24.243182,5.2528223e-06,0
0.5,0,26.540877,-0.0024401865,0,-24.233954,5.345485e-06,0
0.5,0,26.539265,-0.0023805366,0,-24.224725,5.4376383e-06,0
0.5,0,26.537633,-0.0023425272,0,-24.215497,5.5326408e-06,0
0.5,0,26.535983,-0.0023248136,0,-24.206268,5.6343432e-06,0
0.5,0,26.534327,-0.0023226151,0,-24.19704,5.7465237e-06,0
0.5,0,26.532715,-0.0023321274,0,-24.187811,5.8724313e-06,0
0.5,0,26.531215,-0.0023500596,0,-24.178583,6.0146327e-06,0
0.5,0,26.529903,-0.0023740867,0,-24.169355,6.174891e-06,0
0.5,0,26.528856,-0.0024026195,0,-24.160126,6.3541023e-06,0
0.5,0,26.528139,-0.0024345345,0,-24.150898,6.5522691e-06,0
0.5,0,26.527795,-0.0024689471,0,-24.141669,6.768512e-06,0
0.5,0,26.527837,-0.0025047091,0,-24.132441,7.0011429e-06,0
0.5,0,26.528249,-0.002540859,0,-24.123212,7.2478334e-06,0
0.5,0,26.528982,-0.0025785129,0,-24.113984,7.5056634e-06,0
0.5,0,26.52996,-0.0026210431,0,-24.104755,7.7709738e-06,0
0.5,0,26.531095,-0.0026704907,0,-24.095527,8.0393255e-06,0
0.5,0,26.532294,-0.0027232967,0,-24.086298,8.3061101e-06,0
0.5,0,26.533477,-0.0027718771,0,-24.07707,8.5675226e-06,0
0.5,0,26.534562,-0.0028102985,0,-24.067841,8.8209099e-06,0
0.5,0,26.535477,-0.0028346312,0,-24.058613,9.064523e-06,0
0.5,0,26.536191,-0.0028403748,0,-24.049384,9.2971806e-06,0
0.5,0,26.536701,-0.0028222145,0,-24.040156,9.5180505e-06,0
0.5,0,26.537007,-0.0027768657,0,-24.030928,9.7265303e-06,0
0.5,0,26.53711,-0.0027050456,0,-24.021699,9.9222054e-06,0
0.5,0,26.537025,-0.0026098732,0,-24.012471,1.0104725e-05,0
0.5,0,26.536782,-0.0024961174,0,-24.003242,1.0273639e-05,0
0.5,0,26.536408,-0.0023711487,0,-23.994014,1.0428486e-05,0
0.5,0,26.53593,-0.0022441987,0,-23.984785,1.0568997e-05,0
0.5,0,26.535367,-0.0021232713,0,-23.975557,1.069507e-05,0
0.5,0,26.534739,-0.0020131979,0,-23.966328,1.0806465e-05,0
0.5,0,26.534058,-0.0019158807,0,-23.9571,1.0902527e-05,0
0.5,0,26.53333,-0.0018311414,0,-23.947871,1.0982038e-05,0
0.5,0,26.532556,-0.0017574831,0,-23.938643,1.104324e-05,0
0.5,0,26.531732,-0.0016926277,0,-23.929414,1.1083983e-05,0
0.5,0,26.530858,-0.0016339179,0,-23.920186,1.1101958e-05,0
0.5,0,26.529942,-0.0015789161,0,-23.910957,1.1094979e-05,0
0.5,0,26.529006,-0.001526112,0,-23.901729,1.1061297e-05,0
0.5,0,26.528078,-0.0014754427,0,-23.892501,1.0999903e-05,0
0.5,0,26.527197,-0.00142841,0,-23.883272,1.091076e-05,0
0.5,0,26.526399,-0.001387612,0,-23.874044,1.0794926e-05,0
0.5,0,26.525719,-0.0013559041,0,-23.864815,1.0654531e-05,0
0.5,0,26.525186,-0.0013354362,0,-23.855587,1.0492612e-05,0
0.5,0,26.524817,-0.0013268686,0,-23.846358,1.031287e-05,0
0.5,0,26.524617,-0.0013289213,0,-23.83713,1.011942e-05,0
0.5,0,26.524578,-0.0013387182,0,-23.827901,9.9166024e-06,0
0.5,0,26.52468,-0.0013531152,0,-23.818673,9.7088071e-06,0
0.5,0,26.524892,-0.0013703038,0,-23.809444,9.5002615e-06,0
0.5,0,26.52518,-0.0013904022,0,-23.800216,9.2947621e-06,0
0.5,0,26.525508,-0.0014143955,0,-23.790987,9.0954746e-06,0
0.5,0,26.525845,-0.0014424533,0,-23.781759,8.9049037e-06,0
0.5,0,26.526162,-0.0014731256,0,-23.77253,8.725014e-06,0
0.5,0,26.526444,-0.0015037326,0,-23.763302,8.5573716e-06,0
0.5,0,26.526681,-0.0015313795,0,-23.754074,8.4032195e-06,0
0.5,0,26.526872,-0.0015537511,0,-23.744845,8.2635113e-06,0
0.5,0,26.52703,-0.0015696633,0,-23.735617,8.1389471e-06,0
0.5,0,26.527161,-0.0015794309,0,-23.726388,8.0300272e-06,0
0.5,0,26.527269,-0.0015849674,0,-23.71716,7.9370778e-06,0
0.5,0,26.527368,-0.0015897712,0,-23.707931,7.8602042e-06,0
0.5,0,26.527479,-0.0015981192,0,-23.698703,7.7992091e-06,0
0.5,0,26.527618,-0.0016138525,0,-23.689474,7.7535115e-06,0
0.5,0,26.527782,-0.0016395333,0,-23.680246,7.722113e-06,0
0.5,0,26.527956,-0.0016762251,0,-23.671017,7.7036375e-06,0
0.5,0,26.528123,-0.0017235504,0,-23.661789,7.6964311e-06,0
0.5,0,26.528264,-0.0017796669,0,-23.65256,7.6986978e-06,0
0.5,0,26.528354,-0.0018416966,0,-23.643332,7.7087061e-06,0
0.5,0,26.528373,-0.0019065374,0,-23.634103,7.7250573e-06,0
0.5,0,26.528286,-0.0019716517,0,-23.624875,7.7467831e-06,0
0.5,0,26.528078,-0.0020330805,0,-23.615647,7.7733187e-06,0
0.5,0,26.527732,-0.0020860174,0,-23.606418,7.8044287e-06,0
0.5,0,26.527224,-0.0021277767,0,-23.59719,7.8401002e-06,0
0.5,0,26.526561,-0.0021565812,0,-23.587961,7.8805413e-06,0
0.5,0,26.525738,-0.0021711498,0,-23.578733,7.9262702e-06,0
0.5,0,26.524768,-0.0021715993,0,-23.569504,7.9781835e-06,0
0.5,0,26.523671,-0.0021594856,0,-23.560276,8.0375346e-06,0
0.5,0,26.522468,-0.0021382597,0,-23.551047,8.1058259e-06,0
0.5,0,26.521187,-0.0021134357,0,-23.541819,8.1846094e-06,0
0.5,0,26.519854,-0.0020906372,0,-23.53259,8.275294e-06,0
0.5,0,26.518503,-0.0020742725,0,-23.523362,8.3789785e-06,0
0.5,0,26.51717,-0.0020695888,0,-23.514133,8.4961136e-06,0
0.5,0,26.515898,-0.0020807501,0,-23.504905,8.6263639e-06,0
0.5,0,26.514718,-0.0021057348,0,-23.495676,8.7692667e-06,0
0.5,0,26.513658,-0.0021412901,0,-23.486448,8.9248104e-06,0
0.5,0,26.512757,-0.0021869391,0,-23.47722,9.0929887e-06,0
0.5,0,26.512062,-0.002239601,0,-23.467991,9.2728695e-06,0
0.5,0,26.511606,-0.0022932598,0,-23.458763,9.4625227e-06,0
0.5,0,26.511406,-0.0023437446,0,-23.449534,9.6600392e-06,0
0.5,0,26.511479,-0.0023923199,0,-23.440306,9.8639776e-06,0
0.5,0,26.511838,-0.0024425165,0,-23.431077,1.0072954e-05,0
0.5,0,26.512493,-0.0024942481,0,-23.421849,1.0285168e-05,0
0.5,0,26.513448,-0.002543959,0,-23.41262,1.0498019e-05,0
0.5,0,26.514696,-0.0025865251,0,-23.403392,1.0708527e-05,0
0.5,0,26.516205,-0.0026179382,0,-23.394163,1.0914212e-05,0
0.5,0,26.517937,-0.0026370643,0,-23.384935,1.1113147e-05,0
0.5,0,26.519851,-0.0026431178,0,-23.375706,1.1303694e-05,0
0.5,0,26.521901,-0.0026333861,0,-23.366478,1.1484728e-05,0
0.5,0,26.524036,-0.0026054437,0,-23.357249,1.1655899e-05,0
0.5,0,26.526208,-0.002560799,0,-23.348021,1.1817429e-05,0
0.5,0,26.52838,-0.002504835,0,-23.338793,1.1969819e-05,0
0.5,0,26.530517,-0.0024426386,0,-23.329564,1.211402e-05,0
0.5,0,26.532587,-0.0023778188,0,-23.320336,1.2251789e-05,0
0.5,0,26.534573,-0.0023170466,0,-23.311107,1.2385111e-05,0
0.5,0,26.536473,-0.0022688512,0,-23.301879,1.2515135e-05,0
0.5,0,26.538291,-0.0022369893,0,-23.29265,1.2642181e-05,0
0.5,0,26.540043,-0.0022197929,0,-23.283422,1.2766743e-05,0
0.5,0,26.541752,-0.0022122049,0,-23.274193,1.2890166e-05,0
0.5,0,26.543437,-0.0022051751,0,-23.264965,1.3014545e-05,0
0.5,0,26.545128,-0.0021862128,0,-23.255736,1.3142289e-05,0
0.5,0,26.546897,-0.0021478915,0,-23.246508,1.3275964e-05,0
0.5,0,26.548686,-0.0020869744,0,-23.237279,1.3417849e-05,0
0.5,0,26.550458,-0.0020060553,0,-23.228051,1.3569294e-05,0
0.5,0,26.552266,-0.0019152161,0,-23.218822,1.3730084e-05,0
0.5,0,26.554069,-0.0018238206,0,-23.209594,1.3898161e-05,0
0.5,0,26.555821,-0.0017370663,0,-23.200366,1.4070516e-05,0
0.5,0,26.557466,-0.0016573283,0,-23.191137,1.4243684e-05,0
0.5,0,26.558959,-0.0015903623,0,-23.181909,1.4413419e-05,0
0.5,0,26.560229,-0.0015359418,0,-23.17268,1.4575389e-05,0
0.5,0,26.561264,-0.0014895992,0,-23.163452,1.4726154e-05,0
0.5,0,26.562057,-0.0014467415,0,-23.154223,1.4863766e-05,0
0.5,0,26.562579,-0.0013999741,0,-23.144995,1.4987801e-05,0
0.5,0,26.562865,-0.0013462394,0,-23.135766,1.5098363e-05,0
0.5,0,26.562962,-0.0012873997,0,-23.126538,1.5195253e-05,0
0.5,0,26.562932,-0.0012293946,0,-23.117309,1.5277542e-05,0
0.5,0,26.562852,-0.0011803918,0,-23.108081,1.5343609e-05,0
0.5,0,26.562804,-0.0011476869,0,-23.098852,1.5391507e-05,0
0.5,0,26.562866,-0.0011357131,0,-23.089624,1.5419556e-05,0
0.5,0,26.563099,-0.0011455226,0,-23.080395,1.5426951e-05,0
0.5,0,26.56354,-0.0011753776,0,-23.071167,1.5414201e-05,0
0.5,0,26.564202,-0.0012219551,0,-23.061939,1.5383301e-05,0
0.5,0,26.565074,-0.0012814967,0,-23.05271,1.5337549e-05,0
0.5,0,26.566121,-0.0013503935,0,-23.043482,1.5281098e-05,0
0.5,0,26.567295,-0.0014254652,0,-23.034253,1.5218371e-05,0
0.5,0,26.568538,-0.001504047,0,-23.025025,1.5153454e-05,0
0.5,0,26.569802,-0.0015839467,0,-23.015796,1.5089595e-05,0
0.5,0,26.571043,-0.0016627329,0,-23.006568,1.502898e-05,0
0.5,0,26.572226,-0.0017378138,0,-22.997339,1.497268e-05,0
0.5,0,26.573334,-0.0018074667,0,-22.988111,1.4920706e-05,0
0.5,0,26.574369,-0.0018706244,0,-22.978882,1.487224e-05,0
0.5,0,26.575349,-0.0019259718,0,-22.969654,1.4825989e-05,0
0.5,0,26.576305,-0.0019715196,0,-22.960425,1.4780547e-05,0
0.5,0,26.577275,-0.0020044135,0,-22.951197,1.4734682e-05,0
0.5,0,26.5783,-0.0020215866,0,-22.941968,1.4687565e-05,0
0.5,0,26.579425,-0.0020211555,0,-22.93274,1.4638914e-05,0
0.5,0,26.580691,-0.0020028971,0,-22.923512,1.4589039e-05,0
0.5,0,26.582132,-0.0019681209,0,-22.914283,1.4538757e-05,0
0.5,0,26.583778,-0.0019191181,0,-22.905055,1.4489254e-05,0
0.5,0,26.585649,-0.0018587739,0,-22.895826,1.4441902e-05,0
0.5,0,26.587757,-0.0017904384,0,-22.886598,1.4398055e-05,0
0.5,0,26.590105,-0.0017179259,0,-22.877369,1.4358911e-05,0
0.5,0,26.592683,-0.0016452175,0,-22.868141,1.432551e-05,0
0.5,0,26.59547,-0.0015759415,0,-22.858912,1.4298864e-05,0
0.5,0,26.598431,-0.0015132555,0,-22.849684,1.4280119e-05,0
0.5,0,26.601512,-0.0014594451,0,-22.840455,1.4270708e-05,0
0.5,0,26.604643,-0.001415836,0,-22.831227,1.4272417e-05,0
0.5,0,26.607734,-0.001384064,0,-22.821998,1.4287237e-05,0
0.5,0,26.610679,-0.0013663521,0,-22.81277,1.4317095e-05,0
0.5,0,26.613355,-0.0013644095,0,-22.803541,1.436363e-05,0
0.5,0,26.615627,-0.0013783315,0,-22.794313,1.442813e-05,0
0.5,0,26.617343,-0.0014062042,0,-22.785085,1.4511604e-05,0
0.5,0,26.618353,-0.0014457715,0,-22.775856,1.4614601e-05,0
0.5,0,26.618521,-0.001491517,0,-22.766628,1.4737289e-05,0
0.5,0,26.617716,-0.0015323308,0,-22.757399,1.4880224e-05,0
0.5,0,26.615835,-0.0015609261,0,-22.748171,1.504473e-05,0
0.5,0,26.61284,-0.0015784741,0,-22.738942,1.5231482e-05,0
0.5,0,26.608766,-0.0015855077,0,-22.729714,1.5439194e-05,0
0.5,0,26.603736,-0.0015830142,0,-22.720485,1.5664116e-05,0
0.5,0,26.597939,-0.0015738003,0,-22.711257,1.5900098e-05,0
0.5,0,26.591606,-0.0015640524,0,-22.702028,1.6140451e-05,0
0.5,0,26.585046,-0.0015556532,0,-22.6928,1.6378447e-05,0
0.5,0,26.57857,-0.0015346782,0,-22.683571,1.6608465e-05,0
0.5,0,26.57244,-0.0014876631,0,-22.674343,1.682801e-05,0
0.5,0,26.566907,-0.0014194579,0,-22.665114,1.7036727e-05,0
0.5,0,26.56221,-0.0013493423,0,-22.655886,1.7235261e-05,0
0.5,0,26.558529,-0.001292307,0,-22.646658,1.7425027e-05,0
0.5,0,26.55596,-0.0012495616,0,-22.637429,1.7607524e-05,0
0.5,0,26.554513,-0.0012135362,0,-22.628201,1.7783798e-05,0
0.5,0,26.554128,-0.0011747258,0,-22.618972,1.7954762e-05,0
0.5,0,26.554663,-0.0011424675,0,-22.609744,1.8121458e-05,0
0.5,0,26.555945,-0.0011190879,0,-22.600515,1.8284769e-05,0
0.5,0,26.557788,-0.0010968415,0,-22.591287,1.8445431e-05,0
0.5,0,26.559992,-0.0010872142,0,-22.582058,1.8604213e-05,0
0.5,0,26.562374,-0.0010974971,0,-22.57283,1.8762028e-05,0
0.5,0,26.564767,-0.001127019,0,-22.563601,1.8920211e-05,0
0.5,0,26.56704,-0.0011749388,0,-22.554373,1.9080489e-05,0
0.5,0,26.569098,-0.0012390588,0,-22.545144,1.9244779e-05,0
0.5,0,26.570878,-0.0013150919,0,-22.535916,1.9415032e-05,0
0.5,0,26.572345,-0.0013982606,0,-22.526687,1.9593153e-05,0
0.5,0,26.573496,-0.0014848372,0,-22.517459,1.9780924e-05,0
0.5,0,26.574344,-0.0015724391,0,-22.508231,1.9979843e-05,0
0.5,0,26.574917,-0.0016583664,0,-22.499002,2.0190922e-05,0
0.5,0,26.575249,-0.0017378019,0,-22.489774,2.0414556e-05,0
0.5,0,26.57538,-0.0018044923,0,-22.480545,2.065052e-05,0
0.5,0,26.575354,-0.0018532886,0,-22.471317,2.0897936e-05,0
0.5,0,26.575216,-0.0018823766,0,-22.462088,2.1155065e-05,0
0.5,0,26.575005,-0.0018935938,0,-22.45286,2.1419002e-05,0
0.5,0,26.574733,-0.0018908046,0,-22.443631,2.1685497e-05,0
0.5,0,26.574417,-0.0018762853,0,-22.434403,2.1949002e-05,0
0.5,0,26.574193,-0.001852507,0,-22.425174,2.2203092e-05,0
0.5,0,26.574118,-0.0018220536,0,-22.415946,2.2441055e-05,0
0.5,0,26.57415,-0.0017858011,0,-22.406717,2.2656527e-05,0
0.5,0,26.574324,-0.0017460034,0,-22.397489,2.2844016e-05,0
0.5,0,26.574668,-0.0017057682,0,-22.38826,2.2999144e-05,0
0.5,0,26.575201,-0.0016668458,0,-22.379032,2.3118723e-05,0
0.5,0,26.575939,-0.0016281348,0,-22.369804,2.3200687e-05,0
0.5,0,26.576892,-0.0015861444,0,-22.360575,2.3243973e-05,0
0.5,0,26.578059,-0.0015369275,0,-22.351347,2.3248555e-05,0
0.5,0,26.579431,-0.001478475,0,-22.342118,2.321557e-05,0
0.5,0,26.580995,-0.0014109069,0,-22.33289,2.3147325e-05,0
0.5,0,26.582734,-0.0013354085,0,-22.323661,2.3046997e-05,0
0.5,0,26.584628,-0.0012534694,0,-22.314433,2.2918127e-05,0
0.5,0,26.586659,-0.0011663881,0,-22.305204,2.27642e-05,0
0.5,0,26.588804,-0.0010759292,0,-22.295976,2.2588442e-05,0
0.5,0,26.591042,-0.00098495408,0,-22.286747,2.2393909e-05,0
0.5,0,26.593347,-0.00089706909,0,-22.277519,2.2183709e-05,0
0.5,0,26.595694,-0.00081547216,0,-22.26829,2.1961095e-05,0
0.5,0,26.598058,-0.00074191107,0,-22.259062,2.1729353e-05,0
0.5,0,26.600417,-0.00067668662,0,-22.249833,2.1491635e-05,0
0.5,0,26.602755,-0.00061985776,0,-22.240605,2.1250857e-05,0
0.5,0,26.605068,-0.00057178653,0,-22.231377,2.1009747e-05,0
0.5,0,26.607355,-0.00053220673,0,-22.222148,2.0770998e-05,0
0.5,0,26.609624,-0.0004995946,0,-22.21292,2.0537324e-05,0
0.5,0,26.611885,-0.00047147341,0,-22.203691,2.0311391e-05,0
0.5,0,26.614149,-0.00044654163,0,-22.194463,2.0095701e-05,0
0.5,0,26.616429,-0.000426442,0,-22.185234,1.9892502e-05,0
0.5,0,26.618742,-0.00041490587,0,-22.176006,1.9703772e-05,0
0.5,0,26.621119,-0.00041533618,0,-22.166777,1.9531229e-05,0
0.5,0,26.623588,-0.00042788499,0,-22.157549,1.9376258e-05,0
0.5,0,26.626172,-0.00044905113,0,-22.14832,1.9239605e-05,0
0.5,0,26.628884,-0.00047334517,0,-22.139092,1.9121036e-05,0
0.5,0,26.631745,-0.00049624277,0,-22.129863,1.9019352e-05,0
0.5,0,26.634772,-0.00051808835,0,-22.120635,1.8932811e-05,0
0.5,0,26.637978,-0.00054397181,0,-22.111406,1.8859761e-05,0
0.5,0,26.641359,-0.00058033517,0,-22.102178,1.8798978e-05,0
0.5,0,26.6449,-0.0006295881,0,-22.09295,1.8749555e-05,0
0.5,0,26.648577,-0.00068680514,0,-22.083721,1.8710602e-05,0
0.5,0,26.652355,-0.00074295643,0,-22.074493,1.8681017e-05,0
0.5,0,26.656197,-0.00079012692,0,-22.065264,1.8659599e-05,0
0.5,0,26.660057,-0.00082636917,0,-22.056036,1.8645009e-05,0
0.5,0,26.663891,-0.00085419267,0,-22.046807,1.8635635e-05,0
0.5,0,26.66765,-0.00087591484,0,-22.037579,1.862964e-05,0
0.5,0,26.671283,-0.00089241276,0,-22.02835,1.8625098e-05,0
0.5,0,26.674727,-0.00090195358,0,-22.019122,1.8620662e-05,0
0.5,0,26.677927,-0.00090484186,0,-22.009893,1.8615757e-05,0
0.5,0,26.68086,-0.00090642135,0,-22.000665,1.8609595e-05,0
0.5,0,26.683541,-0.0009078572,0,-21.991436,1.8600493e-05,0
0.5,0,26.685991,-0.00090250452,0,-21.982208,1.8586793e-05,0
0.5,0,26.688222,-0.00088728533,0,-21.972979,1.856826e-05,0
0.5,0,26.690265,-0.00086952198,0,-21.963751,1.8545962e-05,0
0.5,0,26.692179,-0.00085788923,0,-21.954523,1.8521484e-05,0
0.5,0,26.694029,-0.00085374999,0,-21.945294,1.849688e-05,0
0.5,0,26.695874,-0.00085519057,0,-21.936066,1.8474446e-05,0
0.5,0,26.69777,-0.0008640589,0,-21.926837,1.8456052e-05,0
0.5,0,26.699767,-0.00088759546,0,-21.917609,1.8442705e-05,0
0.5,0,26.701906,-0.00093466256,0,-21.90838,1.8434474e-05,0
0.5,0,26.704219,-0.0010094589,0,-21.899152,1.8430648e-05,0
0.5,0,26.706722,-0.0011080148,0,-21.889923,1.8430148e-05,0
0.5,0,26.709421,-0.001218512,0,-21.880695,1.843212e-05,0
0.5,0,26.712307,-0.001325845,0,-21.871466,1.8436372e-05,0
0.5,0,26.715359,-0.0014186617,0,-21.862238,1.8443369e-05,0
0.5,0,26.718549,-0.0014926697,0,-21.853009,1.8453834e-05,0
0.5,0,26.721849,-0.0015506757,0,-21.843781,1.8468294e-05,0
0.5,0,26.725233,-0.0015979176,0,-21.834552,1.8486686e-05,0
0.5,0,26.728688,-0.0016412256,0,-21.825324,1.8508343e-05,0
0.5,0,26.732206,-0.0016860064,0,-21.816096,1.8532503e-05,0
0.5,0,26.735774,-0.0017310989,0,-21.806867,1.8558851e-05,0
0.5,0,26.739378,-0.0017716012,0,-21.797639,1.8587997e-05,0
0.5,0,26.742992,-0.0018027284,0,-21.78841,1.8621584e-05,0
0.5,0,26.746583,-0.0018229369,0,-21.779182,1.8661765e-05,0
0.5,0,26.750117,-0.0018327099,0,-21.769953,1.8710682e-05,0
0.5,0,26.753548,-0.0018330703,0,-21.760725,1.8770196e-05,0
0.5,0,26.756812,-0.0018255218,0,-21.751496,1.8841698e-05,0
0.5,0,26.759823,-0.0018115067,0,-21.742268,1.8926037e-05,0
0.5,0,26.762476,-0.0017927207,0,-21.733039,1.9023578e-05,0
0.5,0,26.764657,-0.0017717802,0,-21.723811,1.9134535e-05,0
0.5,0,26.766251,-0.0017529713,0,-21.714582,1.9259395e-05,0
0.5,0,26.76716,-0.0017418741,0,-21.705354,1.9399139e-05,0
0.5,0,26.767315,-0.0017425883,0,-21.696125,1.9555316e-05,0
0.5,0,26.766688,-0.001755453,0,-21.686897,1.9729862e-05,0
0.5,0,26.765298,-0.0017767077,0,-21.677669,1.992472e-05,0
0.5,0,26.763215,-0.0018001162,0,-21.66844,2.0141444e-05,0
0.5,0,26.760562,-0.0018180671,0,-21.659212,2.0381038e-05,0
0.5,0,26.757495,-0.0018253031,0,-21.649983,2.0643837e-05,0
0.5,0,26.754175,-0.0018262295,0,-21.640755,2.0928784e-05,0
0.5,0,26.750757,-0.0018326103,0,-21.631526,2.1232685e-05,0
0.5,0,26.747389,-0.0018476141,0,-21.622298,2.1551429e-05,0
0.5,0,26.744169,-0.0018525206,0,-21.613069,2.1881525e-05,0
0.5,0,26.741151,-0.0018260506,0,-21.603841,2.2221173e-05,0
0.5,0,26.738384,-0.0017808953,0,-21.594612,2.2569108e-05,0
0.5,0,26.735894,-0.0017389086,0,-21.585384,2.2924582e-05,0
0.5,0,26.733671,-0.0017003602,0,-21.576155,2.3287875e-05,0
0.5,0,26.731664,-0.0016590933,0,-21.566927,2.3659836e-05,0
0.5,0,26.729837,-0.0016258009,0,-21.557698,2.4040732e-05,0
0.5,0,26.728191,-0.0016150028,0,-21.54847,2.4428334e-05,0
0.5,0,26.726712,-0.0016191642,0,-21.539242,2.4819235e-05,0
0.5,0,26.725349,-0.0016241796,0,-21.530013,2.5209915e-05,0
0.5,0,26.724054,-0.0016235851,0,-21.520785,2.5596826e-05,0
0.5,0,26.722783,-0.001618216,0,-21.511556,2.5976747e-05,0
0.5,0,26.721493,-0.0016112215,0,-21.502328,2.6347323e-05,0
0.5,0,26.72015,-0.0016031981,0,-21.493099,2.6706989e-05,0
0.5,0,26.718722,-0.0015915692,0,-21.483871,2.7054472e-05,0
0.5,0,26.717187,-0.0015738349,0,-21.474642,2.7388518e-05,0
0.5,0,26.715536,-0.0015490383,0,-21.465414,2.7707986e-05,0
0.5,0,26.713776,-0.0015177755,0,-21.456185,2.8012015e-05,0
0.5,0,26.711932,-0.001481803,0,-21.446957,2.8300112e-05,0
0.5,0,26.710049,-0.0014436779,0,-21.437728,2.8572236e-05,0
0.5,0,26.708186,-0.0014064134,0,-21.4285,2.8828783e-05,0
0.5,0,26.706414,-0.0013727811,0,-21.419271,2.9070493e-05,0
0.5,0,26.704811,-0.0013446731,0,-21.410043,2.9298319e-05,0
0.5,0,26.703448,-0.0013233143,0,-21.400815,2.9513331e-05,0
0.5,0,26.702388,-0.0013102546,0,-21.391586,2.9716697e-05,0
0.5,0,26.701676,-0.0013072201,0,-21.382358,2.9909688e-05,0
0.5,0,26.70134,-0.0013136273,0,-21.373129,3.0093689e-05,0
0.5,0,26.70138,-0.0013254431,0,-21.363901,3.0270269e-05,0
0.5,0,26.701787,-0.0013400859,0,-21.354672,3.0440645e-05,0
0.5,0,26.70254,-0.0013574642,0,-21.345444,3.0605051e-05,0
0.5,0,26.703585,-0.0013722822,0,-21.336215,3.0763126e-05,0
0.5,0,26.704865,-0.001378783,0,-21.326987,3.091444e-05,0
0.5,0,26.706336,-0.0013786729,0,-21.317758,3.105865e-05,0
0.5,0,26.707961,-0.001375171,0,-21.30853,3.1195587e-05,0
0.5,0,26.709711,-0.0013693949,0,-21.299301,3.1325248e-05,0
0.5,0,26.711565,-0.0013616755,0,-21.290073,3.1447699e-05,0
0.5,0,26.713515,-0.0013517393,0,-21.280844,3.1563024e-05,0
0.5,0,26.715558,-0.0013387164,0,-21.271616,3.1671324e-05,0
0.5,0,26.717693,-0.0013215311,0,-21.262387,3.1772774e-05,0
0.5,0,26.719917,-0.0012992317,0,-21.253159,3.1867662e-05,0
0.5,0,26.722221,-0.0012710541,0,-21.243931,3.1956371e-05,0
0.5,0,26.724588,-0.0012365565,0,-21.234702,3.2039297e-05,0
0.5,0,26.726989,-0.0011957001,0,-21.225474,3.2116765e-05,0
0.5,0,26.729385,-0.0011489503,0,-21.216245,3.2188941e-05,0
0.5,0,26.73173,-0.0010973264,0,-21.207017,3.2255778e-05,0
0.5,0,26.73397,-0.0010423108,0,-21.197788,3.2316971e-05,0
0.5,0,26.736052,-0.00098573387,0,-21.18856,3.2371942e-05,0
0.5,0,26.737929,-0.00092947444,0,-21.179331,3.2419873e-05,0
0.5,0,26.739561,-0.00087514191,0,-21.170103,3.2459765e-05,0
0.5,0,26.740925,-0.00082374904,0,-21.160874,3.2490539e-05,0
0.5,0,26.742015,-0.00077569696,0,-21.151646,3.2511165e-05,0
0.5,0,26.742842,-0.00073099881,0,-21.142417,3.2520818e-05,0
0.5,0,26.743433,-0.00068982375,0,-21.133189,3.2519052e-05,0
0.5,0,26.743822,-0.00065276581,0,-21.12396,3.2505944e-05,0
0.5,0,26.744051,-0.00062058753,0,-21.114732,3.2482189e-05,0
0.5,0,26.744161,-0.00059403885,0,-21.105504,3.2449126e-05,0
0.5,0,26.744193,-0.00057376904,0,-21.096275,3.2408655e-05,0
0.5,0,26.744177,-0.00056009238,0,-21.087047,3.2363034e-05,0
0.5,0,26.744125,-0.00055261946,0,-21.077818,3.231465e-05,0
0.5,0,26.744033,-0.00055018897,0,-21.06859,3.2265794e-05,0
0.5,0,26.743878,-0.00055086549,0,-21.059361,3.2218431e-05,0
0.5,0,26.743631,-0.00055247879,0,-21.050133,3.2174049e-05,0
0.5,0,26.743257,-0.00055348937,0,-21.040904,3.2133624e-05,0
0.5,0,26.742724,-0.00055341167,0,-21.031676,3.2097689e-05,0
0.5,0,26.742006,-0.00055283667,0,-21.022447,3.2066431e-05,0
0.5,0,26.741094,-0.000552996,0,-21.013219,3.2039808e-05,0
0.5,0,26.739998,-0.00055517221,0,-21.00399,3.2017608e-05,0
0.5,0,26.738744,-0.00055998343,0,-20.994762,3.1999453e-05,0
0.5,0,26.737382,-0.00056698101,0,-20.985533,3.1984761e-05,0
0.5,0,26.73597,-0.00057466582,0,-20.976305,3.197272e-05,0
0.5,0,26.734576,-0.00058104122,0,-20.967077,3.1962355e-05,0
0.5,0,26.733263,-0.00058463809,0,-20.957848,3.1952691e-05,0
0.5,0,26.732083,-0.00058535583,0,-20.94862,3.1942982e-05,0
0.5,0,26.731068,-0.00058497453,0,-20.939391,3.1932935e-05,0
0.5,0,26.730228,-0.0005867036,0,-20.930163,3.1922839e-05,0
0.5,0,26.729554,-0.00059408526,0,-20.920934,3.1913584e-05,0
0.5,0,26.729024,-0.00060976684,0,-20.911706,3.1906508e-05,0
0.5,0,26.728604,-0.00063455839,0,-20.902477,3.1903099e-05,0
0.5,0,26.728261,-0.00066720266,0,-20.893249,3.1904627e-05,0
0.5,0,26.727962,-0.00070485009,0,-20.88402,3.1911847e-05,0
0.5,0,26.727682,-0.00074519855,0,-20.874792,3.1924896e-05,0
0.5,0,26.727411,-0.00078621223,0,-20.865563,3.1943315e-05,0
0.5,0,26.727153,-0.00082641125,0,-20.856335,3.1966264e-05,0
0.5,0,26.726931,-0.00086590321,0,-20.847106,3.1992776e-05,0
0.5,0,26.726776,-0.00090442556,0,-20.837878,3.2021823e-05,0
0.5,0,26.726728,-0.00094087387,0,-20.82865,3.2052343e-05,0
0.5,0,26.726821,-0.00097345103,0,-20.819421,3.2083258e-05,0
0.5,0,26.72708,-0.00099973488,0,-20.810193,3.2113438e-05,0
0.5,0,26.727511,-0.0010173291,0,-20.800964,3.2141678e-05,0
0.5,0,26.728098,-0.001024664,0,-20.791736,3.2166729e-05,0
0.5,0,26.728808,-0.0010212531,0,-20.782507,3.2187378e-05,0
0.5,0,26.729585,-0.0010077437,0,-20.773279,3.2202544e-05,0
0.5,0,26.730366,-0.00098581407,0,-20.76405,3.2211382e-05,0
0.5,0,26.731077,-0.00095786015,0,-20.754822,3.221338e-05,0
0.5,0,26.731652,-0.00092628029,0,-20.745593,3.2208408e-05,0
0.5,0,26.732036,-0.00089332972,0,-20.736365,3.2196733e-05,0
0.5,0,26.732194,-0.00086132914,0,-20.727136,3.2178882e-05,0
0.5,0,26.732118,-0.00083219306,0,-20.717908,3.215556e-05,0
0.5,0,26.731829,-0.00080719246,0,-20.708679,3.2127686e-05,0
0.5,0,26.731375,-0.00078748554,0,-20.699451,3.2096359e-05,0
0.5,0,26.730826,-0.00077478379,0,-20.690223,3.2062938e-05,0
0.5,0,26.730263,-0.00077104765,0,-20.680994,3.2029142e-05,0
0.5,0,26.729773,-0.00077790259,0,-20.671766,3.1997101e-05,0
0.5,0,26.729438,-0.00079610581,0,-20.662537,3.1969316e-05,0
0.5,0,26.729325,-0.00082511086,0,-20.653309,3.1948525e-05,0
0.5,0,26.729482,-0.00086292532,0,-20.64408,3.1937484e-05,0
0.5,0,26.729931,-0.0009063211,0,-20.634852,3.1938692e-05,0
0.5,0,26.73067,-0.00095132707,0,-20.625623,3.1954137e-05,0
0.5,0,26.731673,-0.00099390675,0,-20.616395,3.1985104e-05,0
0.5,0,26.732893,-0.0010306141,0,-20.607166,3.2032063e-05,0
0.5,0,26.734268,-0.0010589079,0,-20.597938,3.2094656e-05,0
0.5,0,26.735728,-0.0010770947,0,-20.588709,3.2171736e-05,0
0.5,0,26.737199,-0.0010834273,0,-20.579481,3.2261481e-05,0
0.5,0,26.738611,-0.001076478,0,-20.570252,3.2361614e-05,0
0.5,0,26.739901,-0.0010556476,0,-20.561024,3.2469532e-05,0
0.5,0,26.741015,-0.0010207082,0,-20.551796,3.2582437e-05,0
0.5,0,26.741914,-0.00097202043,0,-20.542567,3.2697621e-05,0
0.5,0,26.742573,-0.00091078813,0,-20.533339,3.281272e-05,0
0.5,0,26.742985,-0.00083916522,0,-20.52411,3.2925815e-05,0
0.5,0,26.743161,-0.00075985421,0,-20.514882,3.3035484e-05,0
0.5,0,26.743126,-0.00067566986,0,-20.505653,3.314078e-05,0
0.5,0,26.742919,-0.00058935253,0,-20.496425,3.324115e-05,0
0.5,0,26.742586,-0.00050346561,0,-20.487196,3.3336335e-05,0
0.5,0,26.742177,-0.00042057,0,-20.477968,3.3426279e-05,0
0.5,0,26.741745,-0.00034354119,0,-20.468739,3.3511103e-05,0
0.5,0,26.741335,-0.00027556463,0,-20.459511,3.3591124e-05,0
0.5,0,26.74099,-0.00021964741,0,-20.450282,3.3666863e-05,0
0.5,0,26.740737,-0.00017793989,0,-20.441054,3.3739048e-05,0
0.5,0,26.740595,-0.00015121426,0,-20.431825,3.3808586e-05,0
0.5,0,26.740568,-0.00013868341,0,-20.422597,3.3876511e-05,0
0.5,0,26.740647,-0.00013830676,0,-20.413369,3.3943886e-05,0
0.5,0,26.740817,-0.00014725324,0,-20.40414,3.4011691e-05,0
0.5,0,26.741057,-0.00016234644,0,-20.394912,3.4080699e-05,0
0.5,0,26.741342,-0.0001802829,0,-20.385683,3.4151372e-05,0
0.5,0,26.741652,-0.00019775793,0,-20.376455,3.4223786e-05,0
0.5,0,26.741972,-0.00021168182,0,-20.367226,3.4297607e-05,0
0.5,0,26.742295,-0.00021952554,0,-20.357998,3.4372106e-05,0
0.5,0,26.742623,-0.00021970249,0,-20.348769,3.4446227e-05,0
0.5,0,26.742961,-0.00021169719,0,-20.339541,3.45187e-05,0
0.5,0,26.743321,-0.00019613563,0,-20.330312,3.4588175e-05,0
0.5,0,26.743713,-0.00017464684,0,-20.321084,3.4653365e-05,0
0.5,0,26.744145,-0.00014960572,0,-20.311855,3.4713158e-05,0
0.5,0,26.744614,-0.00012364938,0,-20.302627,3.4766669e-05,0
0.5,0,26.745115,-9.9122325e-05,0,-20.293398,3.4813242e-05,0
0.5,0,26.745628,-7.762558e-05,0,-20.28417,3.4852405e-05,0
0.5,0,26.746129,-5.9826981e-05,0,-20.274942,3.4883802e-05,0
0.5,0,26.746585,-4.565313e-05,0,-20.265713,3.4907151e-05,0
0.5,0,26.746959,-3.4743555e-05,0,-20.256485,3.492225e-05,0
0.5,0,26.747217,-2.7094783e-05,0,-20.247256,3.4929048e-05,0
0.5,0,26.747329,-2.3590513e-05,0,-20.238028,3.492778e-05,0
0.5,0,26.747275,-2.6115819e-05,0,-20.228799,3.4919092e-05,0
0.5,0,26.747052,-3.7091148e-05,0,-20.219571,3.4904117e-05,0
0.5,0,26.746672,-5.8664493e-05,0,-20.210342,3.488443e-05,0
0.5,0,26.74617,-9.1652252e-05,0,-20.201114,3.48619e-05,0
0.5,0,26.745593,-0.0001348845,0,-20.191885,3.4838464e-05,0
0.5,0,26.745,-0.00018504877,0,-20.182657,3.4815857e-05,0
0.5,0,26.744456,-0.00023719284,0,-20.173428,3.47954e-05,0
0.5,0,26.744022,-0.00028563422,0,-20.1642,3.477786e-05,0
0.5,0,26.743748,-0.00032506044,0,-20.154971,3.4763433e-05,0
0.5,0,26.743671,-0.00035167498,0,-20.145743,3.4751826e-05,0
0.5,0,26.743812,-0.00036387051,0,-20.136515,3.4742399e-05,0
0.5,0,26.744173,-0.0003625639,0,-20.127286,3.4734341e-05,0
0.5,0,26.744736,-0.00035088613,0,-20.118058,3.4726828e-05,0
0.5,0,26.745471,-0.0003335513,0,-20.108829,3.4719144e-05,0
0.5,0,26.746336,-0.00031580665,0,-20.099601,3.4710747e-05,0
0.5,0,26.747282,-0.00030237974,0,-20.090372,3.4701304e-05,0
0.5,0,26.748261,-0.00029676401,0,-20.081144,3.4690669e-05,0
0.5,0,26.749228,-0.0003008004,0,-20.071915,3.4678838e-05,0
0.5,0,26.750146,-0.00031474429,0,-20.062687,3.4665879e-05,0
0.5,0,26.750987,-0.00033768018,0,-20.053458,3.4651876e-05,0
0.5,0,26.751731,-0.00036808631,0,-20.04423,3.4636865e-05,0
0.5,0,26.752368,-0.00040420274,0,-20.035001,3.4620786e-05,0
0.5,0,26.752895,-0.00044438845,0,-20.025773,3.4603445e-05,0
0.5,0,26.753315,-0.00048720452,0,-20.016544,3.4584498e-05,0
0.5,0,26.753632,-0.00053133846,0,-20.007316,3.456346e-05,0
0.5,0,26.753852,-0.00057559395,0,-19.998088,3.453973e-05,0
0.5,0,26.75398,-0.00061873874,0,-19.988859,3.4512604e-05,0
0.5,0,26.754023,-0.00065942048,0,-19.979631,3.4481276e-05,0
0.5,0,26.753985,-0.00069637053,0,-19.970402,3.4444848e-05,0
0.5,0,26.753872,-0.00072854203,0,-19.961174,3.4402339e-05,0
0.5,0,26.753693,-0.00075514625,0,-19.951945,3.4352694e-05,0
0.5,0,26.75346,-0.0007756081,0,-19.942717,3.4294792e-05,0
0.5,0,26.753188,-0.00078942999,0,-19.933488,3.4227465e-05,0
0.5,0,26.752897,-0.00079611243,0,-19.92426,3.4149553e-05,0
0.5,0,26.752608,-0.00079516415,0,-19.915031,3.4059977e-05,0
0.5,0,26.752342,-0.00078623003,0,-19.905803,3.3957852e-05,0
0.5,0,26.752121,-0.00076919728,0,-19.896574,3.3842605e-05,0
0.5,0,26.751961,-0.00074431784,0,-19.887346,3.3714102e-05,0
0.5,0,26.751876,-0.00071223998,0,-19.878117,3.3572742e-05,0
0.5,0,26.751874,-0.00067406447,0,-19.868889,3.3419506e-05,0
0.5,0,26.751955,-0.00063134652,0,-19.859661,3.325592e-05,0
0.5,0,26.752118,-0.00058613197,0,-19.850432,3.3083936e-05,0
0.5,0,26.752355,-0.00054103192,0,-19.841204,3.2905759e-05,0
0.5,0,26.752656,-0.00049939056,0,-19.831975,3.2723669e-05,0
0.5,0,26.753009,-0.00046534131,0,-19.822747,3.2539868e-05,0
0.5,0,26.753399,-0.00044368254,0,-19.813518,3.2356408e-05,0
0.5,0,26.753813,-0.0004395296,0,-19.80429,3.2175205e-05,0
0.5,0,26.754233,-0.00045767745,0,-19.795061,3.1998094e-05,0
0.5,0,26.754643,-0.00050176686,0,-19.785833,3.1826887e-05,0
0.5,0,26.755026,-0.00057327237,0,-19.776604,3.1663396e-05,0
0.5,0,26.755366,-0.00067062895,0,-19.767376,3.1509407e-05,0
0.5,0,26.755649,-0.00078848085,0,-19.758147,3.136663e-05,0
0.5,0,26.755862,-0.00091788884,0,-19.748919,3.1236672e-05,0
0.5,0,26.755994,-0.0010472168,0,-19.73969,3.1121024e-05,0
0.5,0,26.756039,-0.0011638018,0,-19.730462,3.1021032e-05,0
0.5,0,26.755994,-0.0012558873,0,-19.721234,3.0937843e-05,0
0.5,0,26.755863,-0.0013143473,0,-19.712005,3.0872318e-05,0
0.5,0,26.755656,-0.0013341284,0,-19.702777,3.082491e-05,0
0.5,0,26.755387,-0.0013149306,0,-19.693548,3.0795534e-05,0
0.5,0,26.755075,-0.0012611188,0,-19.68432,3.0783462e-05,0
0.5,0,26.754742,-0.0011805907,0,-19.675091,3.0787319e-05,0
0.5,0,26.754412,-0.0010835902,0,-19.665863,3.0805143e-05,0
0.5,0,26.754107,-0.00098109683,0,-19.656634,3.083453e-05,0
0.5,0,26.753846,-0.00088327217,0,-19.647406,3.08728e-05,0
0.5,0,26.753641,-0.0007983171,0,-19.638177,3.0917145e-05,0
0.5,0,26.753499,-0.00073160561,0,-19.628949,3.0964738e-05,0
0.5,0,26.753425,-0.00068541305,0,-19.61972,3.1012845e-05,0
0.5,0,26.753416,-0.0006591992,0,-19.610492,3.105891e-05,0
0.5,0,26.753471,-0.00065026136,0,-19.601263,3.110066e-05,0
0.5,0,26.753583,-0.00065426655,0,-19.592035,3.1136243e-05,0
0.5,0,26.753749,-0.00066596175,0,-19.582807,3.1164414e-05,0
0.5,0,26.753963,-0.00067994687,0,-19.573578,3.1184733e-05,0
0.5,0,26.754221,-0.00069145492,0,-19.56435,3.1197663e-05,0
0.5,0,26.75452,-0.00069698793,0,-19.555121,3.1204543e-05,0
0.5,0,26.754856,-0.00069460727,0,-19.545893,3.1207379e-05,0
0.5,0,26.755224,-0.00068385922,0,-19.536664,3.1208547e-05,0
0.5,0,26.755617,-0.00066545092,0,-19.527436,3.1210469e-05,0
0.5,0,26.756029,-0.00064097538,0,-19.518207,3.1215313e-05,0
0.5,0,26.756449,-0.00061259578,0,-19.508979,3.1224764e-05,0
0.5,0,26.756867,-0.00058267914,0,-19.49975,3.1239895e-05,0
0.5,0,26.757273,-0.00055336923,0,-19.490522,3.1261183e-05,0
0.5,0,26.75766,-0.00052615653,0,-19.481293,3.1288662e-05,0
0.5,0,26.758024,-0.00050156874,0,-19.472065,3.1322195e-05,0
0.5,0,26.758368,-0.00047915133,0,-19.462836,3.1361795e-05,0
0.5,0,26.758701,-0.0004579184,0,-19.453608,3.1407862e-05,0
0.5,0,26.759037,-0.00043694827,0,-19.44438,3.1461306e-05,0
0.5,0,26.759398,-0.0004159134,0,-19.435151,3.1523485e-05,0
0.5,0,26.759806,-0.00039546227,0,-19.425923,3.1596025e-05,0
0.5,0,26.760289,-0.00037729927,0,-19.416694,3.1680595e-05,0
0.5,0,26.760867,-0.00036395805,0,-19.407466,3.177865e-05,0
0.5,0,26.761556,-0.00035822336,0,-19.398237,3.1891213e-05,0
0.5,0,26.762361,-0.00036227102,0,-19.389009,3.2018698e-05,0
0.5,0,26.763275,-0.00037689483,0,-19.37978,3.2160818e-05,0
0.5,0,26.76427,-0.00040101624,0,-19.370552,3.2316522e-05,0
0.5,0,26.765304,-0.00043160576,0,-19.361323,3.2483991e-05,0
0.5,0,26.766316,-0.00046395208,0,-19.352095,3.2660661e-05,0
0.5,0,26.767228,-0.00049230042,0,-19.342866,3.2843303e-05,0
0.5,0,26.767951,-0.00051081992,0,-19.333638,3.3028179e-05,0
0.5,0,26.768393,-0.00051452931,0,-19.324409,3.3211252e-05,0
0.5,0,26.768466,-0.00050019477,0,-19.315181,3.3388459e-05,0
0.5,0,26.768095,-0.00046696775,0,-19.305953,3.3555963e-05,0
0.5,0,26.767231,-0.00041648584,0,-19.296724,3.3710387e-05,0
0.5,0,26.76586,-0.00035286244,0,-19.287496,3.3848982e-05,0
0.5,0,26.76401,-0.00028192413,0,-19.278267,3.3969709e-05,0
0.5,0,26.761749,-0.00021012643,0,-19.269039,3.4071227e-05,0
0.5,0,26.759188,-0.0001435811,0,-19.25981,3.4152789e-05,0
0.5,0,26.756461,-8.7151779e-05,0,-19.250582,3.421414e-05,0
0.5,0,26.753723,-4.4173243e-05,0,-19.241353,3.4255408e-05,0
0.5,0,26.751128,-1.6361287e-05,0,-19.232125,3.4277097e-05,0
0.5,0,26.748812,-4.6265285e-06,0,-19.222896,3.4280096e-05,0
0.5,0,26.746885,-9.2756077e-06,0,-19.213668,3.4265697e-05,0
0.5,0,26.745416,-2.9813102e-05,0,-19.204439,3.423562e-05,0
0.5,0,26.744435,-6.5170238e-05,0,-19.195211,3.4192006e-05,0
0.5,0,26.743928,-0.00011413869,0,-19.185982,3.4137389e-05,0
0.5,0,26.743846,-0.00017563569,0,-19.176754,3.407459e-05,0
0.5,0,26.744115,-0.00024785561,0,-19.167526,3.4006568e-05,0
0.5,0,26.744642,-0.00032793827,0,-19.158297,3.3936201e-05,0
0.5,0,26.745326,-0.00041169499,0,-19.149069,3.3866045e-05,0
0.5,0,26.746066,-0.00049349967,0,-19.13984,3.3798117e-05,0
0.5,0,26.74677,-0.00056644369,0,-19.130612,3.3733775e-05,0
0.5,0,26.747359,-0.0006230995,0,-19.121383,3.3673724e-05,0
0.5,0,26.747771,-0.00065725373,0,-19.112155,3.3618053e-05,0
0.5,0,26.747968,-0.00066569172,0,-19.102926,3.3566241e-05,0
0.5,0,26.747931,-0.00064941737,0,-19.093698,3.3517092e-05,0
0.5,0,26.747665,-0.00061350567,0,-19.084469,3.3468674e-05,0
0.5,0,26.747195,-0.0005657116,0,-19.075241,3.3418361e-05,0
0.5,0,26.746562,-0.00051403572,0,-19.066012,3.33631e-05,0
0.5,0,26.745817,-0.00046453888,0,-19.056784,3.3299895e-05,0
0.5,0,26.745017,-0.00042040778,0,-19.047555,3.3226371e-05,0
0.5,0,26.744218,-0.00038241148,0,-19.038327,3.3141243e-05,0
0.5,0,26.743471,-0.00035022873,0,-19.029099,3.3044543e-05,0
0.5,0,26.742815,-0.00032387483,0,-19.01987,3.2937572e-05,0
0.5,0,26.742284,-0.00030436912,0,-19.010642,3.2822609e-05,0
0.5,0,26.741898,-0.00029363477,0,-19.001413,3.2702528e-05,0
0.5,0,26.741673,-0.0002941115,0,-18.992185,3.2580383e-05,0
0.5,0,26.741619,-0.00030795598,0,-18.982956,3.2459046e-05,0
0.5,0,26.741736,-0.00033594114,0,-18.973728,3.2340966e-05,0
0.5,0,26.742026,-0.00037637644,0,-18.964499,3.22281e-05,0
0.5,0,26.742483,-0.00042479034,0,-18.955271,3.2122007e-05,0
0.5,0,26.743102,-0.00047465917,0,-18.946042,3.2024016e-05,0
0.5,0,26.743875,-0.00051943887,0,-18.936814,3.193531e-05,0
0.5,0,26.744795,-0.00055481255,0,-18.927585,3.1856851e-05,0
0.5,0,26.745858,-0.00057961162,0,-18.918357,3.1789143e-05,0
0.5,0,26.747053,-0.00059518761,0,-18.909128,3.1731988e-05,0
0.5,0,26.748362,-0.0006036418,0,-18.8999,3.1684381e-05,0
0.5,0,26.74977,-0.00060715303,0,-18.890672,3.1644597e-05,0
0.5,0,26.751318,-0.00060708302,0,-18.881443,3.1610263e-05,0
0.5,0,26.753004,-0.00060425107,0,-18.872215,3.1578615e-05,0
0.5,0,26.75478,-0.00059954719,0,-18.862986,3.1546816e-05,0
0.5,0,26.756624,-0.00059418358,0,-18.853758,3.1512069e-05,0
0.5,0,26.758511,-0.00059040513,0,-18.844529,3.1471874e-05,0
0.5,0,26.760412,-0.00059079025,0,-18.835301,3.1424282e-05,0
0.5,0,26.762294,-0.00059763355,0,-18.826072,3.1368132e-05,0
0.5,0,26.76413,-0.00061123526,0,-18.816844,3.130325e-05,0
0.5,0,26.765871,-0.00064238883,0,-18.807615,3.1230232e-05,0
0.5,0,26.767475,-0.00068927143,0,-18.798387,3.1150155e-05,0
0.5,0,26.768913,-0.00074008307,0,-18.789158,3.1064297e-05,0
0.5,0,26.770147,-0.00079930989,0,-18.77993,3.0973685e-05,0
0.5,0,26.771135,-0.00086733287,0,-18.770701,3.0878954e-05,0
0.5,0,26.771838,-0.00093967772,0,-18.761473,3.0780445e-05,0
0.5,0,26.772225,-0.0010134777,0,-18.752245,3.067838e-05,0
0.5,0,26.772283,-0.0010865332,0,-18.743016,3.0573123e-05,0
0.5,0,26.772006,-0.0011565991,0,-18.733788,3.0465362e-05,0
0.5,0,26.771405,-0.0012217816,0,-18.724559,3.035611e-05,0
0.5,0,26.770508,-0.0012808548,0,-18.715331,3.0246517e-05,0
0.5,0,26.769359,-0.0013332283,0,-18.706102,3.0137605e-05,0
0.5,0,26.76802,-0.0013785806,0,-18.696874,3.0030029e-05,0
0.5,0,26.766571,-0.0014162406,0,-18.687645,2.9923948e-05,0
0.5,0,26.76511,-0.0014448598,0,-18.678417,2.9819055e-05,0
0.5,0,26.763743,-0.0014628242,0,-18.669188,2.9714746e-05,0
0.5,0,26.762578,-0.0014688679,0,-18.65996,2.961037e-05,0
0.5,0,26.761715,-0.001462628,0,-18.650731,2.9505486e-05,0
0.5,0,26.761236,-0.0014446219,0,-18.641503,2.9400041e-05,0
0.5,0,26.761197,-0.0014160883,0,-18.632274,2.9294384e-05,0
0.5,0,26.76162,-0.0013786889,0,-18.623046,2.9189138e-05,0
0.5,0,26.762496,-0.0013343238,0,-18.613818,2.9084987e-05,0
0.5,0,26.76378,-0.0012847481,0,-18.604589,2.8982454e-05,0
0.5,0,26.765399,-0.0012312357,0,-18.595361,2.8881745e-05,0
0.5,0,26.767258,-0.0011745318,0,-18.586132,2.8782699e-05,0
0.5,0,26.769244,-0.0011147104,0,-18.576904,2.8684855e-05,0
0.5,0,26.771231,-0.0010513102,0,-18.567675,2.8587612e-05,0
0.5,0,26.773081,-0.00098361929,0,-18.558447,2.8490416e-05,0
0.5,0,26.77466,-0.00091116576,0,-18.549218,2.8392933e-05,0
0.5,0,26.775852,-0.00083448031,0,-18.53999,2.829517e-05,0
0.5,0,26.776565,-0.00075547536,0,-18.530761,2.8197545e-05,0
0.5,0,26.776746,-0.00067731568,0,-18.521533,2.810088e-05,0
0.5,0,26.776377,-0.00060389741,0,-18.512304,2.8006344e-05,0
0.5,0,26.775483,-0.00053918883,0,-18.503076,2.7915376e-05,0
0.5,0,26.774125,-0.00048701357,0,-18.493847,2.782961e-05,0
0.5,0,26.772394,-0.00045042782,0,-18.484619,2.7750784e-05,0
0.5,0,26.7704,-0.00043111147,0,-18.475391,2.768062e-05,0
0.5,0,26.768257,-0.00042909422,0,-18.466162,2.762069e-05,0
0.5,0,26.766073,-0.000442875,0,-18.456934,2.7572357e-05,0
0.5,0,26.763935,-0.00046964148,0,-18.447705,2.7536789e-05,0
0.5,0,26.761907,-0.0005051507,0,-18.438477,2.7514992e-05,0
0.5,0,26.760025,-0.00054365636,0,-18.429248,2.7507799e-05,0
0.5,0,26.758298,-0.00057848018,0,-18.42002,2.7515827e-05,0
0.5,0,26.756718,-0.00060361821,0,-18.410791,2.7539535e-05,0
0.5,0,26.755265,-0.00061557331,0,-18.401563,2.757945e-05,0
0.5,0,26.753917,-0.00061407133,0,-18.392334,2.7636472e-05,0
0.5,0,26.752657,-0.00060075193,0,-18.383106,2.7711968e-05,0
0.5,0,26.751481,-0.00057681633,0,-18.373877,2.7807429e-05,0
0.5,0,26.750398,-0.00054202383,0,-18.364649,2.7923732e-05,0
0.5,0,26.749436,-0.0004962096,0,-18.35542,2.8060366e-05,0
0.5,0,26.748634,-0.00044216756,0,-18.346192,2.8215088e-05,0
0.5,0,26.748049,-0.00038757853,0,-18.336964,2.8384083e-05,0
0.5,0,26.747748,-0.00034350647,0,-18.327735,2.8562482e-05,0
0.5,0,26.747797,-0.00032035242,0,-18.318507,2.8744957e-05,0
0.5,0,26.74826,-0.00032366172,0,-18.309278,2.8926277e-05,0
0.5,0,26.749186,-0.00035178778,0,-18.30005,2.9101839e-05,0
0.5,0,26.750608,-0.00039658675,0,-18.290821,2.9268228e-05,0
0.5,0,26.75254,-0.00044677517,0,-18.281593,2.9423709e-05,0
0.5,0,26.75497,-0.00049302662,0,-18.272364,2.9568412e-05,0
0.5,0,26.75786,-0.00053239978,0,-18.263136,2.9704056e-05,0
0.5,0,26.761146,-0.00056944556,0,-18.253907,2.9833185e-05,0
0.5,0,26.764739,-0.00061318586,0,-18.244679,2.9958203e-05,0
0.5,0,26.768529,-0.00067095632,0,-18.23545,3.0080744e-05,0
0.5,0,26.772386,-0.00074362357,0,-18.226222,3.0201603e-05,0
0.5,0,26.776163,-0.00082547828,0,-18.216993,3.0321131e-05,0
0.5,0,26.779705,-0.0009076416,0,-18.207765,3.0439647e-05,0
0.5,0,26.782855,-0.00098245969,0,-18.198537,3.0557515e-05,0
0.5,0,26.78546,-0.0010457949,0,-18.189308,3.0674941e-05,0
0.5,0,26.787383,-0.0010968496,0,-18.18008,3.0791713e-05,0
0.5,0,26.788511,-0.0011369949,0,-18.170851,3.0907025e-05,0
0.5,0,26.788773,-0.0011678847,0,-18.161623,3.1019498e-05,0
0.5,0,26.788148,-0.0011894627,0,-18.152394,3.112741e-05,0
0.5,0,26.786666,-0.0012002164,0,-18.143166,3.1228971e-05,0
0.5,0,26.784415,-0.0011981447,0,-18.133937,3.1322585e-05,0
0.5,0,26.781528,-0.0011821936,0,-18.124709,3.1407006e-05,0
0.5,0,26.778172,-0.00115323,0,-18.11548,3.1481331e-05,0
0.5,0,26.774529,-0.0011138921,0,-18.106252,3.1544939e-05,0
0.5,0,26.770782,-0.0010687502,0,-18.097023,3.1597432e-05,0
0.5,0,26.767096,-0.0010231656,0,-18.087795,3.163865e-05,0
0.5,0,26.763609,-0.00098210309,0,-18.078566,3.1668679e-05,0
0.5,0,26.760425,-0.00094764106,0,-18.069338,3.168789e-05,0
0.5,0,26.757616,-0.00092093275,0,-18.06011,3.1696993e-05,0
0.5,0,26.755225,-0.00091303274,0,-18.050881,3.1697028e-05,0
0.5,0,26.753271,-0.00091128393,0,-18.041653,3.1689356e-05,0
0.5,0,26.751823,-0.00090381731,0,-18.032424,3.1675484e-05,0
0.5,0,26.750873,-0.00090038567,0,-18.023196,3.165678e-05,0
0.5,0,26.750332,-0.00089875364,0,-18.013967,3.1634202e-05,0
0.5,0,26.750156,-0.00089526664,0,-18.004739,3.1608122e-05,0
0.5,0,26.750289,-0.00088548279,0,-17.99551,3.1578365e-05,0
0.5,0,26.750677,-0.00086550535,0,-17.986282,3.1544462e-05,0
0.5,0,26.751268,-0.00083347513,0,-17.977053,3.1506012e-05,0
0.5,0,26.752017,-0.00078979924,0,-17.967825,3.1463023e-05,0
0.5,0,26.752888,-0.00073603546,0,-17.958596,3.1416044e-05,0
0.5,0,26.753855,-0.00067403014,0,-17.949368,3.1366088e-05,0
0.5,0,26.754899,-0.00060684137,0,-17.940139,3.1314594e-05,0
0.5,0,26.75601,-0.0005408773,0,-17.930911,3.1263615e-05,0
0.5,0,26.757183,-0.00048570323,0,-17.921683,3.1216039e-05,0
0.5,0,26.758421,-0.00045014587,0,-17.912454,3.1175442e-05,0
0.5,0,26.759729,-0.00043787933,0,-17.903226,3.1145351e-05,0
0.5,0,26.761107,-0.00044617366,0,-17.893997,3.1128261e-05,0
0.5,0,26.762553,-0.0004691299,0,-17.884769,3.1125032e-05,0
0.5,0,26.764057,-0.00050246884,0,-17.87554,3.1135009e-05,0
0.5,0,26.765601,-0.00054557482,0,-17.866312,3.1156662e-05,0
0.5,0,26.767165,-0.00059978382,0,-17.857083,3.1188292e-05,0
0.5,0,26.768721,-0.00066539905,0,-17.847855,3.1228418e-05,0
0.5,0,26.770242,-0.00074005432,0,-17.838626,3.1275762e-05,0
0.5,0,26.771698,-0.00081913247,0,-17.829398,3.1328982e-05,0
0.5,0,26.773059,-0.00089670982,0,-17.820169,3.1386429e-05,0
0.5,0,26.7743,-0.00096672508,0,-17.810941,3.1446121e-05,0
0.5,0,26.7754,-0.0010245585,0,-17.801712,3.15059e-05,0
0.5,0,26.776343,-0.0010685283,0,-17.792484,3.1563658e-05,0
0.5,0,26.777121,-0.0011004662,0,-17.783256,3.1617494e-05,0
0.5,0,26.777726,-0.0011245089,0,-17.774027,3.1665824e-05,0
0.5,0,26.778152,-0.0011451889,0,-17.764799,3.1707466e-05,0
0.5,0,26.778395,-0.0011661644,0,-17.75557,3.1741734e-05,0
0.5,0,26.778446,-0.0011896551,0,-17.746342,3.1768475e-05,0
0.5,0,26.778289,-0.0012162773,0,-17.737113,3.1788067e-05,0
0.5,0,26.777905,-0.0012455853,0,-17.727885,3.1801407e-05,0
0.5,0,26.777268,-0.0012767243,0,-17.718656,3.1809866e-05,0
0.5,0,26.776344,-0.0013087032,0,-17.709428,3.1815132e-05,0
0.5,0,26.775095,-0.0013405298,0,-17.700199,3.1818974e-05,0
0.5,0,26.773486,-0.0013710964,0,-17.690971,3.1823005e-05,0
0.5,0,26.771491,-0.0013988797,0,-17.681742,3.1828467e-05,0
0.5,0,26.769096,-0.0014216407,0,-17.672514,3.1836047e-05,0
0.5,0,26.766299,-0.001437085,0,-17.663285,3.1845781e-05,0
0.5,0,26.76311,-0.0014436781,0,-17.654057,3.1857036e-05,0
0.5,0,26.759557,-0.0014410535,0,-17.644829,3.1868531e-05,0
0.5,0,26.755683,-0.0014295531,0,-17.6356,3.1878368e-05,0
0.5,0,26.75154,-0.001409297,0,-17.626372,3.1884247e-05,0
0.5,0,26.747186,-0.0013809806,0,-17.617143,3.1883769e-05,0
0.5,0,26.742689,-0.0013460301,0,-17.607915,3.1874554e-05,0
0.5,0,26.738117,-0.0013048426,0,-17.598686,3.1854348e-05,0
0.5,0,26.733543,-0.0012566353,0,-17.589458,3.1821147e-05,0
0.5,0,26.729037,-0.0012022669,0,-17.580229,3.1773323e-05,0
0.5,0,26.724667,-0.0011454756,0,-17.571001,3.1709877e-05,0
0.5,0,26.720497,-0.0010925326,0,-17.561772,3.1630311e-05,0
0.5,0,26.716587,-0.0010524639,0,-17.552544,3.1534216e-05,0
0.5,0,26.712991,-0.0010341999,0,-17.543315,3.1420923e-05,0
0.5,0,26.709753,-0.0010436968,0,-17.534087,3.1289279e-05,0
0.5,0,26.706903,-0.0010841402,0,-17.524858,3.1137831e-05,0
0.5,0,26.704458,-0.0011545836,0,-17.51563,3.0965231e-05,0
0.5,0,26.702413,-0.0012484232,0,-17.506402,3.0770587e-05,0
0.5,0,26.700748,-0.0013550433,0,-17.497173,3.0553803e-05,0
0.5,0,26.699424,-0.0014626349,0,-17.487945,3.0315826e-05,0
0.5,0,26.698391,-0.0015607329,0,-17.478716,3.0058625e-05,0
0.5,0,26.697591,-0.0016416908,0,-17.469488,2.9784993e-05,0
0.5,0,26.696964,-0.0017007667,0,-17.460259,2.9498205e-05,0
0.5,0,26.696451,-0.001735629,0,-17.451031,2.9201683e-05,0
0.5,0,26.696001,-0.0017460415,0,-17.441802,2.8898723e-05,0
0.5,0,26.695569,-0.0017336151,0,-17.432574,2.8592351e-05,0
0.5,0,26.69512,-0.0017017564,0,-17.423345,2.8285311e-05,0
0.5,0,26.69463,-0.0016556279,0,-17.414117,2.7980095e-05,0
0.5,0,26.694086,-0.0016013478,0,-17.404888,2.7678972e-05,0
0.5,0,26.693481,-0.0015448599,0,-17.39566,2.738402e-05,0
0.5,0,26.692816,-0.0014911042,0,-17.386431,2.7097168e-05,0
0.5,0,26.692093,-0.0014436359,0,-17.377203,2.6820261e-05,0
0.5,0,26.691322,-0.0014044715,0,-17.367975,2.6555124e-05,0
0.5,0,26.690516,-0.0013740861,0,-17.358746,2.6303551e-05,0
0.5,0,26.68969,-0.0013517097,0,-17.349518,2.6067188e-05,0
0.5,0,26.688863,-0.0013360066,0,-17.340289,2.5847301e-05,0
0.5,0,26.688057,-0.0013231745,0,-17.331061,2.5644591e-05,0
0.5,0,26.687294,-0.0013071126,0,-17.321832,2.545931e-05,0
0.5,0,26.6866,-0.00128611,0,-17.312604,2.5291251e-05,0
0.5,0,26.685992,-0.001260749,0,-17.303375,2.5138859e-05,0
0.5,0,26.685482,-0.0012297542,0,-17.294147,2.4999452e-05,0
0.5,0,26.685094,-0.0011898587,0,-17.284918,2.4870343e-05,0
0.5,0,26.684833,-0.001138842,0,-17.27569,2.474857e-05,0
0.5,0,26.684688,-0.0010796352,0,-17.266461,2.4630877e-05,0
0.5,0,26.684649,-0.0010157647,0,-17.257233,2.4514413e-05,0
0.5,0,26.684699,-0.00094933092,0,-17.248004,2.4396949e-05,0
0.5,0,26.684813,-0.00088269378,0,-17.238776,2.4277015e-05,0
0.5,0,26.68496,-0.00081831766,0,-17.229548,2.4154133e-05,0
0.5,0,26.685104,-0.00075782757,0,-17.220319,2.4028843e-05,0
0.5,0,26.685209,-0.00070182328,0,-17.211091,2.3902543e-05,0
0.5,0,26.685242,-0.00065025787,0,-17.201862,2.3777179e-05,0
0.5,0,26.685171,-0.00060240622,0,-17.192634,2.3654907e-05,0
0.5,0,26.68498,-0.00055702785,0,-17.183405,2.3537774e-05,0
0.5,0,26.684659,-0.00051267106,0,-17.174177,2.3427498e-05,0
0.5,0,26.684214,-0.0004681383,0,-17.164948,2.3325378e-05,0
0.5,0,26.683663,-0.00042314642,0,-17.15572,2.3232342e-05,0
0.5,0,26.68303,-0.00037854283,0,-17.146491,2.3149072e-05,0
0.5,0,26.68235,-0.00033603288,0,-17.137263,2.3076131e-05,0
0.5,0,26.681659,-0.00029724625,0,-17.128034,2.3013991e-05,0
0.5,0,26.680994,-0.00026278768,0,-17.118806,2.2962932e-05,0
0.5,0,26.680392,-0.00023186678,0,-17.109577,2.2922864e-05,0
0.5,0,26.679885,-0.00020282184,0,-17.100349,2.2893178e-05,0
0.5,0,26.679497,-0.00017466725,0,-17.091121,2.2872708e-05,0
0.5,0,26.679245,-0.00014863368,0,-17.081892,2.2859872e-05,0
0.5,0,26.679136,-0.00012857785,0,-17.072664,2.2852935e-05,0
0.5,0,26.679171,-0.00012010542,0,-17.063435,2.2850292e-05,0
0.5,0,26.679344,-0.00012889307,0,-17.054207,2.2850677e-05,0
0.5,0,26.679647,-0.00015870221,0,-17.044978,2.2853246e-05,0
0.5,0,26.680061,-0.00021035053,0,-17.03575,2.2857543e-05,0
0.5,0,26.680565,-0.00028185338,0,-17.026521,2.2863391e-05,0
0.5,0,26.681134,-0.00036885086,0,-17.017293,2.287079e-05,0
0.5,0,26.681741,-0.00046548265,0,-17.008064,2.2879811e-05,0
0.5,0,26.682363,-0.00056528913,0,-16.998836,2.2890488e-05,0
0.5,0,26.682982,-0.00066168842,0,-16.989607,2.2902741e-05,0
0.5,0,26.683585,-0.00074857291,0,-16.980379,2.2916296e-05,0
0.5,0,26.684167,-0.00082063282,0,-16.97115,2.2930677e-05,0
0.5,0,26.68473,-0.0008736373,0,-16.961922,2.2945257e-05,0
0.5,0,26.685282,-0.00090476664,0,-16.952694,2.2959344e-05,0
0.5,0,26.685832,-0.0009128913,0,-16.943465,2.2972313e-05,0
0.5,0,26.686394,-0.0008989788,0,-16.934237,2.2983683e-05,0
0.5,0,26.686985,-0.00086606017,0,-16.925008,2.2993129e-05,0
0.5,0,26.687617,-0.0008189285,0,-16.91578,2.3000438e-05,0
0.5,0,26.688303,-0.00076385998,0,-16.906551,2.3005436e-05,0
0.5,0,26.689052,-0.00070864083,0,-16.897323,2.3007833e-05,0
0.5,0,26.689868,-0.00066135039,0,-16.888094,2.3007085e-05,0
0.5,0,26.690752,-0.00062826881,0,-16.878866,2.3002436e-05,0
0.5,0,26.691699,-0.0006129313,0,-16.869637,2.2993158e-05,0
0.5,0,26.692697,-0.00061640665,0,-16.860409,2.2978807e-05,0
0.5,0,26.693732,-0.00063794636,0,-16.85118,2.2959347e-05,0
0.5,0,26.694781,-0.00067468049,0,-16.841952,2.2935151e-05,0
0.5,0,26.695816,-0.00072176548,0,-16.832723,2.290697e-05,0
0.5,0,26.696823,-0.00077414015,0,-16.823495,2.2875822e-05,0
0.5,0,26.697793,-0.00082796174,0,-16.814267,2.2842817e-05,0
0.5,0,26.698718,-0.00088092301,0,-16.805038,2.280897e-05,0
0.5,0,26.699592,-0.0009323264,0,-16.79581,2.2775093e-05,0
0.5,0,26.700419,-0.00098295435,0,-16.786581,2.2741805e-05,0
0.5,0,26.701213,-0.0010342991,0,-16.777353,2.2709584e-05,0
0.5,0,26.701993,-0.0010872678,0,-16.768124,2.2678725e-05,0
0.5,0,26.702787,-0.0011414275,0,-16.758896,2.2649166e-05,0
0.5,0,26.703628,-0.0011950237,0,-16.749667,2.2620218e-05,0
0.5,0,26.704548,-0.0012457604,0,-16.740439,2.2590364e-05,0
0.5,0,26.705582,-0.001292152,0,-16.73121,2.2557327e-05,0
0.5,0,26.70676,-0.0013345334,0,-16.721982,2.2518499e-05,0
0.5,0,26.708103,-0.0013750595,0,-16.712753,2.2471619e-05,0
0.5,0,26.709625,-0.0014162539,0,-16.703525,2.2415359e-05,0
0.5,0,26.711324,-0.001459027,0,-16.694296,2.2349571e-05,0
0.5,0,26.713184,-0.0015016765,0,-16.685068,2.2275134e-05,0
0.5,0,26.71517,-0.0015404281,0,-16.67584,2.2193623e-05,0
0.5,0,26.717232,-0.001571232,0,-16.666611,2.2107054e-05,0
0.5,0,26.719307,-0.0015916359,0,-16.657383,2.2017809e-05,0
0.5,0,26.721319,-0.0016013222,0,-16.648154,2.1928655e-05,0
0.5,0,26.723188,-0.0016013139,0,-16.638926,2.1842682e-05,0
0.5,0,26.724834,-0.0015927821,0,-16.629697,2.1762988e-05,0
0.5,0,26.726186,-0.0015761704,0,-16.620469,2.1692169e-05,0
0.5,0,26.727181,-0.001551185,0,-16.61124,2.1631772e-05,0
0.5,0,26.727774,-0.0015176224,0,-16.602012,2.1581941e-05,0
0.5,0,26.727944,-0.0014761509,0,-16.592783,2.1541388e-05,0
0.5,0,26.727702,-0.0014283714,0,-16.583555,2.1507712e-05,0
0.5,0,26.727089,-0.0013763713,0,-16.574326,2.1477923e-05,0
0.5,0,26.72617,-0.0013220571,0,-16.565098,2.1448949e-05,0
0.5,0,26.725031,-0.0012665897,0,-16.555869,2.141799e-05,0
0.5,0,26.723768,-0.0012101185,0,-16.546641,2.1382671e-05,0
0.5,0,26.722475,-0.0011520503,0,-16.537412,2.1341092e-05,0
0.5,0,26.721238,-0.0010918711,0,-16.528184,2.1291899e-05,0
0.5,0,26.720118,-0.0010296617,0,-16.518956,2.1234397e-05,0
0.5,0,26.719153,-0.00096643281,0,-16.509727,2.1168678e-05,0
0.5,0,26.71835,-0.00090396156,0,-16.500499,2.1095718e-05,0
0.5,0,26.71769,-0.00084421567,0,-16.49127,2.1017365e-05,0
0.5,0,26.717127,-0.00078897713,0,-16.482042,2.0936172e-05,0
0.5,0,26.716601,-0.00073959487,0,-16.472813,2.0855059e-05,0
0.5,0,26.716037,-0.00069688947,0,-16.463585,2.0776841e-05,0
0.5,0,26.715362,-0.00066100753,0,-16.454356,2.0703704e-05,0
0.5,0,26.714507,-0.0006315006,0,-16.445128,2.0636829e-05,0
0.5,0,26.713417,-0.000607304,0,-16.435899,2.0576274e-05,0
0.5,0,26.712054,-0.0005867634,0,-16.426671,2.0521141e-05,0
0.5,0,26.710399,-0.00056773317,0,-16.417442,2.0469985e-05,0
0.5,0,26.708453,-0.00054787433,0,-16.408214,2.0421335e-05,0
0.5,0,26.706233,-0.0005252223,0,-16.398985,2.0374156e-05,0
0.5,0,26.70377,-0.00049886012,0,-16.389757,2.0328144e-05,0
0.5,0,26.701104,-0.00046951696,0,-16.380529,2.0283791e-05,0
0.5,0,26.698284,-0.00043961401,0,-16.3713,2.0242276e-05,0
0.5,0,26.695362,-0.00041271954,0,-16.362072,2.0205202e-05,0
0.5,0,26.692396,-0.00039253842,0,-16.352843,2.0174297e-05,0
0.5,0,26.689444,-0.00038187639,0,-16.343615,2.0151123e-05,0
0.5,0,26.686566,-0.00038185345,0,-16.334386,2.0136822e-05,0
0.5,0,26.683816,-0.00039200563,0,-16.325158,2.0131939e-05,0
0.5,0,26.681242,-0.00041086962,0,-16.315929,2.0136356e-05,0
0.5,0,26.678885,-0.00043681322,0,-16.306701,2.0149328e-05,0
0.5,0,26.676775,-0.00046864773,0,-16.297472,2.0169671e-05,0
0.5,0,26.674933,-0.00050595174,0,-16.288244,2.0196065e-05,0
0.5,0,26.673367,-0.0005486535,0,-16.279015,2.0227414e-05,0
0.5,0,26.672077,-0.00059619298,0,-16.269787,2.0263209e-05,0
0.5,0,26.671048,-0.0006468615,0,-16.260558,2.0303778e-05,0
0.5,0,26.67026,-0.00069728828,0,-16.25133,2.0350411e-05,0
0.5,0,26.669681,-0.0007429945,0,-16.242102,2.0405266e-05,0
0.5,0,26.669279,-0.00077935554,0,-16.232873,2.0471138e-05,0
0.5,0,26.669021,-0.00080315492,0,-16.223645,2.0551078e-05,0
0.5,0,26.668883,-0.00081370182,0,-16.214416,2.0647948e-05,0
0.5,0,26.668847,-0.00081337374,0,-16.205188,2.0763973e-05,0
0.5,0,26.66891,-0.0008075821,0,-16.195959,2.090033e-05,0
0.5,0,26.669079,-0.00080359052,0,-16.186731,2.1056841e-05,0
0.5,0,26.669367,-0.00080878201,0,-16.177502,2.1231788e-05,0
0.5,0,26.66979,-0.00082856596,0,-16.168274,2.1421933e-05,0
0.5,0,26.670363,-0.00086481452,0,-16.159045,2.1622703e-05,0
0.5,0,26.671096,-0.00091516569,0,-16.149817,2.1828539e-05,0
0.5,0,26.671995,-0.00097362886,0,-16.140588,2.2033361e-05,0
0.5,0,26.673054,-0.0010322778,0,-16.13136,2.223104e-05,0
0.5,0,26.674258,-0.0010833801,0,-16.122131,2.2415842e-05,0
0.5,0,26.675582,-0.0011214585,0,-16.112903,2.258275e-05,0
0.5,0,26.676989,-0.0011446104,0,-16.103675,2.2727661e-05,0
0.5,0,26.678435,-0.0011545114,0,-16.094446,2.2847435e-05,0
0.5,0,26.679873,-0.0011551548,0,-16.085218,2.2939919e-05,0
0.5,0,26.68126,-0.0011511243,0,-16.075989,2.3003995e-05,0
0.5,0,26.682556,-0.0011458904,0,-16.066761,2.3039699e-05,0
0.5,0,26.683734,-0.001140756,0,-16.057532,2.3048396e-05,0
0.5,0,26.684777,-0.0011346822,0,-16.048304,2.3032938e-05,0
0.5,0,26.685684,-0.0011249554,0,-16.039075,2.2997675e-05,0
0.5,0,26.686467,-0.0011082378,0,-16.029847,2.2948269e-05,0
0.5,0,26.687151,-0.0010817318,0,-16.020618,2.2891274e-05,0
0.5,0,26.68777,-0.0010443492,0,-16.01139,2.28335e-05,0
0.5,0,26.688361,-0.00099722366,0,-16.002161,2.2781265e-05,0
0.5,0,26.688961,-0.00094358598,0,-15.992933,2.2739678e-05,0
0.5,0,26.689602,-0.00088806912,0,-15.983704,2.2712155e-05,0
0.5,0,26.690312,-0.00083607751,0,-15.974476,2.2700194e-05,0
0.5,0,26.691107,-0.00079296945,0,-15.965248,2.2703401e-05,0
0.5,0,26.691996,-0.00076309072,0,-15.956019,2.2719715e-05,0
0.5,0,26.692977,-0.00074879121,0,-15.946791,2.2745746e-05,0
0.5,0,26.694036,-0.0007495939,0,-15.937562,2.2777236e-05,0
0.5,0,26.695149,-0.00076250848,0,-15.928334,2.2809581e-05,0
0.5,0,26.696285,-0.00078347689,0,-15.919105,2.2838327e-05,0
0.5,0,26.697412,-0.00080900685,0,-15.909877,2.285949e-05,0
0.5,0,26.698497,-0.00083663826,0,-15.900648,2.2869774e-05,0
0.5,0,26.699516,-0.00086466909,0,-15.89142,2.2866739e-05,0
0.5,0,26.700451,-0.0008918536,0,-15.882191,2.2848959e-05,0
0.5,0,26.701295,-0.00091741723,0,-15.872963,2.2816105e-05,0
0.5,0,26.702044,-0.00094126644,0,-15.863734,2.27689e-05,0
0.5,0,26.702705,-0.00096385483,0,-15.854506,2.2708992e-05,0
0.5,0,26.703287,-0.00098574747,0,-15.845277,2.2638809e-05,0
0.5,0,26.703799,-0.0010073528,0,-15.836049,2.2561409e-05,0
0.5,0,26.704248,-0.0010289364,0,-15.826821,2.2480271e-05,0
0.5,0,26.704639,-0.0010507076,0,-15.817592,2.2398985e-05,0
0.5,0,26.704977,-0.001072686,0,-15.808364,2.2320878e-05,0
0.5,0,26.705258,-0.0010944599,0,-15.799135,2.2248724e-05,0
0.5,0,26.705466,-0.0011150503,0,-15.789907,2.2184606e-05,0
0.5,0,26.705576,-0.0011329062,0,-15.780678,2.2130015e-05,0
0.5,0,26.705569,-0.0011462061,0,-15.77145,2.2086103e-05,0
0.5,0,26.705433,-0.0011534365,0,-15.762221,2.2053997e-05,0
0.5,0,26.70517,-0.0011542595,0,-15.752993,2.2035016e-05,0
0.5,0,26.704794,-0.0011500497,0,-15.743764,2.2030689e-05,0
0.5,0,26.704333,-0.0011438258,0,-15.734536,2.2042601e-05,0
0.5,0,26.703836,-0.0011395084,0,-15.725307,2.2072128e-05,0
0.5,0,26.703373,-0.0011406332,0,-15.716079,2.2120207e-05,0
0.5,0,26.70303,-0.0011492524,0,-15.70685,2.2187214e-05,0
0.5,0,26.702906,-0.0011649825,0,-15.697622,2.2273014e-05,0
0.5,0,26.703103,-0.0011848207,0,-15.688394,2.2377135e-05,0
0.5,0,26.703717,-0.0012040765,0,-15.679165,2.2498946e-05,0
0.5,0,26.704834,-0.0012176505,0,-15.669937,2.2637729e-05,0
0.5,0,26.70652,-0.0012215133,0,-15.660708,2.2792534e-05,0
0.5,0,26.708818,-0.0012145901,0,-15.65148,2.296183e-05,0
0.5,0,26.711747,-0.0011997995,0,-15.642251,2.3143129e-05,0
0.5,0,26.715298,-0.0011830686,0,-15.633023,2.3332837e-05,0
0.5,0,26.719438,-0.0011703425,0,-15.623794,2.3526514e-05,0
0.5,0,26.724106,-0.0011638604,0,-15.614566,2.3719584e-05,0
0.5,0,26.729217,-0.0011604615,0,-15.605337,2.3908232e-05,0
0.5,0,26.73466,-0.0011529965,0,-15.596109,2.4090144e-05,0
0.5,0,26.740304,-0.0011346781,0,-15.58688,2.4264691e-05,0
0.5,0,26.746006,-0.0011022341,0,-15.577652,2.443259e-05,0
0.5,0,26.751611,-0.0010586983,0,-15.568423,2.459529e-05,0
0.5,0,26.756968,-0.001015142,0,-15.559195,2.4754093e-05,0
0.5,0,26.76194,-0.00098492534,0,-15.549967,2.4909442e-05,0
0.5,0,26.766403,-0.00097417235,0,-15.540738,2.5061069e-05,0
0.5,0,26.770244,-0.00097741631,0,-15.53151,2.5208856e-05,0
0.5,0,26.773335,-0.00098530204,0,-15.522281,2.5353507e-05,0
0.5,0,26.775544,-0.00099716764,0,-15.513053,2.5496109e-05,0
0.5,0,26.776771,-0.001019667,0,-15.503824,2.5637043e-05,0
0.5,0,26.776965,-0.0010466369,0,-15.494596,2.5775639e-05,0
0.5,0,26.776103,-0.0010583521,0,-15.485367,2.5910623e-05,0
0.5,0,26.774167,-0.0010628572,0,-15.476139,2.603932e-05,0
0.5,0,26.771132,-0.0010771058,0,-15.46691,2.6158912e-05,0
0.5,0,26.76703,-0.0010846891,0,-15.457682,2.6267504e-05,0
0.5,0,26.761936,-0.0010683847,0,-15.448453,2.6363213e-05,0
0.5,0,26.755905,-0.0010287054,0,-15.439225,2.6446054e-05,0
0.5,0,26.749007,-0.00097684175,0,-15.429996,2.6518223e-05,0
0.5,0,26.74138,-0.00092602304,0,-15.420768,2.6582426e-05,0
0.5,0,26.733224,-0.00087931678,0,-15.41154,2.6641808e-05,0
0.5,0,26.724781,-0.00083272826,0,-15.402311,2.670024e-05,0
0.5,0,26.716331,-0.00078348284,0,-15.393083,2.6761932e-05,0
0.5,0,26.708184,-0.00073498269,0,-15.383854,2.6831186e-05,0
0.5,0,26.700661,-0.00069627016,0,-15.374626,2.6912384e-05,0
0.5,0,26.694065,-0.00067513591,0,-15.365397,2.7009431e-05,0
0.5,0,26.688654,-0.00067024642,0,-15.356169,2.712487e-05,0
0.5,0,26.684608,-0.00067251087,0,-15.34694,2.7259351e-05,0
0.5,0,26.682014,-0.00067285334,0,-15.337712,2.7411822e-05,0
0.5,0,26.680863,-0.00066721834,0,-15.328483,2.7580155e-05,0
0.5,0,26.681055,-0.00065595181,0,-15.319255,2.7761643e-05,0
0.5,0,26.682412,-0.00064124195,0,-15.310026,2.7953278e-05,0
0.5,0,26.684694,-0.00062594881,0,-15.300798,2.8151785e-05,0
0.5,0,26.687624,-0.00061209376,0,-15.291569,2.8353697e-05,0
0.5,0,26.69093,-0.00060044188,0,-15.282341,2.8555545e-05,0
0.5,0,26.694354,-0.00059115634,0,-15.273113,2.8754079e-05,0
0.5,0,26.697664,-0.00058443243,0,-15.263884,2.8946488e-05,0
0.5,0,26.700657,-0.00058146455,0,-15.254656,2.9130599e-05,0
0.5,0,26.703176,-0.00058516579,0,-15.245427,2.9304909e-05,0
0.5,0,26.705126,-0.00059809163,0,-15.236199,2.9468356e-05,0
0.5,0,26.706484,-0.000620208,0,-15.22697,2.961986e-05,0
0.5,0,26.70729,-0.00065025029,0,-15.217742,2.9758101e-05,0
0.5,0,26.707636,-0.00068888044,0,-15.208513,2.9881915e-05,0
0.5,0,26.70765,-0.00073873608,0,-15.199285,2.9991039e-05,0
0.5,0,26.707479,-0.00080001847,0,-15.190056,3.0086438e-05,0
0.5,0,26.70727,-0.00086716644,0,-15.180828,3.0169905e-05,0
0.5,0,26.707161,-0.00093058732,0,-15.171599,3.0243265e-05,0
0.5,0,26.707269,-0.00098155102,0,-15.162371,3.0307691e-05,0
0.5,0,26.707682,-0.0010166672,0,-15.153142,3.0363398e-05,0
0.5,0,26.70846,-0.0010386401,0,-15.143914,3.0409702e-05,0
0.5,0,26.709622,-0.0010528185,0,-15.134686,3.0445262e-05,0
0.5,0,26.71114,-0.0010636612,0,-15.125457,3.0468486e-05,0
0.5,0,26.712948,-0.0010733768,0,-15.116229,3.0478112e-05,0
0.5,0,26.714946,-0.0010841031,0,-15.107,3.0473603e-05,0
0.5,0,26.717019,-0.0011007532,0,-15.097772,3.0454982e-05,0
0.5,0,26.719055,-0.0011306086,0,-15.088543,3.0422218e-05,0
0.5,0,26.720957,-0.001178182,0,-15.079315,3.0374753e-05,0
0.5,0,26.722645,-0.0012392806,0,-15.070086,3.0311845e-05,0
0.5,0,26.724067,-0.0013029403,0,-15.060858,3.023336e-05,0
0.5,0,26.725192,-0.0013592687,0,-15.051629,3.0140177e-05,0
0.5,0,26.726011,-0.0014051989,0,-15.042401,3.0033896e-05,0
0.5,0,26.726538,-0.0014432177,0,-15.033172,2.9916355e-05,0
0.5,0,26.726803,-0.0014750561,0,-15.023944,2.9789599e-05,0
0.5,0,26.72685,-0.0014983795,0,-15.014715,2.9656463e-05,0
0.5,0,26.726739,-0.0015097242,0,-15.005487,2.9521023e-05,0
0.5,0,26.726543,-0.0015101163,0,-14.996259,2.9388263e-05,0
0.5,0,26.726342,-0.0015084737,0,-14.98703,2.926286e-05,0
0.5,0,26.726216,-0.0015119246,0,-14.977802,2.9148024e-05,0
0.5,0,26.726249,-0.0015136818,0,-14.968573,2.9046639e-05,0
0.5,0,26.726535,-0.001499278,0,-14.959345,2.8963821e-05,0
0.5,0,26.72713,-0.001459319,0,-14.950116,2.8906214e-05,0
0.5,0,26.728001,-0.0014026528,0,-14.940888,2.8878955e-05,0
0.5,0,26.729096,-0.0013461176,0,-14.931659,2.8882819e-05,0
0.5,0,26.730381,-0.0012901774,0,-14.922431,2.891548e-05,0
0.5,0,26.731844,-0.0012310059,0,-14.913202,2.8974361e-05,0
0.5,0,26.733498,-0.0011757576,0,-14.903974,2.9056047e-05,0
0.5,0,26.735362,-0.0011352285,0,-14.894745,2.9156295e-05,0
0.5,0,26.737445,-0.0011192679,0,-14.885517,2.9270942e-05,0
0.5,0,26.739746,-0.0011324266,0,-14.876288,2.9396222e-05,0
0.5,0,26.742262,-0.0011698447,0,-14.86706,2.9528423e-05,0
0.5,0,26.74498,-0.0012220602,0,-14.857832,2.9663544e-05,0
0.5,0,26.747878,-0.0012819342,0,-14.848603,2.979761e-05,0
0.5,0,26.750931,-0.0013465498,0,-14.839375,2.9927376e-05,0
0.5,0,26.754108,-0.0014146116,0,-14.830146,3.0050772e-05,0
0.5,0,26.757385,-0.0014839516,0,-14.820918,3.0166841e-05,0
0.5,0,26.760741,-0.0015509857,0,-14.811689,3.0275425e-05,0
0.5,0,26.764171,-0.0016113048,0,-14.802461,3.0376857e-05,0
0.5,0,26.767681,-0.0016604153,0,-14.793232,3.0471753e-05,0
0.5,0,26.771286,-0.0016941011,0,-14.784004,3.0560855e-05,0
0.5,0,26.775002,-0.0017084331,0,-14.774775,3.0644848e-05,0
0.5,0,26.778846,-0.0017003215,0,-14.765547,3.0724101e-05,0
0.5,0,26.782827,-0.0016696476,0,-14.756318,3.079844e-05,0
0.5,0,26.786951,-0.0016223423,0,-14.74709,3.0867076e-05,0
0.5,0,26.791209,-0.0015713893,0,-14.737861,3.0928662e-05,0
0.5,0,26.795587,-0.0015333075,0,-14.728633,3.098127e-05,0
0.5,0,26.800059,-0.0015216467,0,-14.719405,3.1022152e-05,0
0.5,0,26.804591,-0.0015418004,0,-14.710176,3.1047516e-05,0
0.5,0,26.809142,-0.0015904259,0,-14.700948,3.105271e-05,0
0.5,0,26.813664,-0.0016592043,0,-14.691719,3.1033011e-05,0
0.5,0,26.81811,-0.0017390973,0,-14.682491,3.0984824e-05,0
0.5,0,26.822438,-0.0018215268,0,-14.673262,3.0906699e-05,0
0.5,0,26.826614,-0.0018969925,0,-14.664034,3.0799703e-05,0
0.5,0,26.83062,-0.0019543859,0,-14.654805,3.0667119e-05,0
0.5,0,26.834451,-0.0019832899,0,-14.645577,3.0513692e-05,0
0.5,0,26.838122,-0.0019779022,0,-14.636348,3.034481e-05,0
0.5,0,26.841666,-0.0019389053,0,-14.62712,3.016591e-05,0
0.5,0,26.845137,-0.0018719481,0,-14.617891,2.9982095e-05,0
0.5,0,26.848602,-0.0017844792,0,-14.608663,2.9797924e-05,0
0.5,0,26.852134,-0.0016831803,0,-14.599434,2.9617281e-05,0
0.5,0,26.855813,-0.001573311,0,-14.590206,2.9443288e-05,0
0.5,0,26.859718,-0.0014595628,0,-14.580978,2.9278295e-05,0
0.5,0,26.86391,-0.0013468134,0,-14.571749,2.912389e-05,0
0.5,0,26.868433,-0.0012400591,0,-14.562521,2.8980862e-05,0
0.5,0,26.873311,-0.0011440867,0,-14.553292,2.8849192e-05,0
0.5,0,26.878556,-0.0010632929,0,-14.544064,2.8728204e-05,0
0.5,0,26.884162,-0.0010015843,0,-14.534835,2.8616879e-05,0
0.5,0,26.890101,-0.00096192209,0,-14.525607,2.8514202e-05,0
0.5,0,26.896322,-0.00094562083,0,-14.516378,2.8419384e-05,0
0.5,0,26.902765,-0.0009502498,0,-14.50715,2.8331864e-05,0
0.5,0,26.90934,-0.00097146544,0,-14.497921,2.8251161e-05,0
0.5,0,26.915946,-0.0010045219,0,-14.488693,2.8176535e-05,0
0.5,0,26.922474,-0.0010436896,0,-14.479464,2.8106796e-05,0
0.5,0,26.928792,-0.0010850491,0,-14.470236,2.8040454e-05,0
0.5,0,26.93477,-0.001126788,0,-14.461007,2.7975915e-05,0
0.5,0,26.940266,-0.0011682798,0,-14.451779,2.7911722e-05,0
0.5,0,26.945142,-0.0012095785,0,-14.442551,2.784697e-05,0
0.5,0,26.949266,-0.0012497796,0,-14.433322,2.7781656e-05,0
0.5,0,26.952532,-0.0012862625,0,-14.424094,2.7716896e-05,0
0.5,0,26.954866,-0.001316797,0,-14.414865,2.7654889e-05,0
0.5,0,26.956251,-0.0013408725,0,-14.405637,2.7598543e-05,0
0.5,0,26.956729,-0.0013587521,0,-14.396408,2.7550715e-05,0
0.5,0,26.956408,-0.0013717152,0,-14.38718,2.7513371e-05,0
0.5,0,26.955455,-0.0013821414,0,-14.377951,2.7487042e-05,0
0.5,0,26.954073,-0.0013925183,0,-14.368723,2.7470546e-05,0
0.5,0,26.952478,-0.0014052254,0,-14.359494,2.7460968e-05,0
0.5,0,26.950873,-0.001421807,0,-14.350266,2.7454065e-05,0
0.5,0,26.949425,-0.0014417821,0,-14.341037,2.7445008e-05,0
0.5,0,26.948251,-0.0014637318,0,-14.331809,2.7429077e-05,0
0.5,0,26.947418,-0.0014862007,0,-14.32258,2.7401989e-05,0
0.5,0,26.946939,-0.0015077065,0,-14.313352,2.7359904e-05,0
0.5,0,26.94679,-0.0015279673,0,-14.304124,2.7299409e-05,0
0.5,0,26.946923,-0.0015455562,0,-14.294895,2.7217813e-05,0
0.5,0,26.947286,-0.0015569208,0,-14.285667,2.7112959e-05,0
0.5,0,26.947825,-0.0015620324,0,-14.276438,2.6982778e-05,0
0.5,0,26.94849,-0.0015640168,0,-14.26721,2.6825596e-05,0
0.5,0,26.949249,-0.0015615884,0,-14.257981,2.6640614e-05,0
0.5,0,26.950088,-0.001552457,0,-14.248753,2.6428041e-05,0
0.5,0,26.951008,-0.001538896,0,-14.239524,2.6189254e-05,0
0.5,0,26.952009,-0.0015250554,0,-14.230296,2.5927171e-05,0
0.5,0,26.953091,-0.0015155722,0,-14.221067,2.564638e-05,0
0.5,0,26.954249,-0.0015147605,0,-14.211839,2.5352887e-05,0
0.5,0,26.95547,-0.0015247029,0,-14.20261,2.50536e-05,0
0.5,0,26.956723,-0.0015438556,0,-14.193382,2.4755675e-05,0
0.5,0,26.957963,-0.0015676902,0,-14.184153,2.44659e-05,0
0.5,0,26.959146,-0.0015915862,0,-14.174925,2.4190153e-05,0
0.5,0,26.960231,-0.0016118245,0,-14.165697,2.3933232e-05,0
0.5,0,26.961175,-0.0016242633,0,-14.156468,2.369911e-05,0
0.5,0,26.961938,-0.0016247917,0,-14.14724,2.34911e-05,0
0.5,0,26.962481,-0.0016108823,0,-14.138011,2.33119e-05,0
0.5,0,26.962772,-0.0015830013,0,-14.128783,2.3163653e-05,0
0.5,0,26.962795,-0.0015447465,0,-14.119554,2.3047868e-05,0
0.5,0,26.962549,-0.0015015607,0,-14.110326,2.2965149e-05,0
0.5,0,26.962058,-0.0014593858,0,-14.101097,2.2914777e-05,0
0.5,0,26.961372,-0.0014241636,0,-14.091869,2.2894348e-05,0
0.5,0,26.960569,-0.0014018745,0,-14.08264,2.289968e-05,0
0.5,0,26.959749,-0.0013981347,0,-14.073412,2.2925104e-05,0
0.5,0,26.959038,-0.0014167505,0,-14.064183,2.2964001e-05,0
0.5,0,26.958572,-0.0014580135,0,-14.054955,2.3009507e-05,0
0.5,0,26.958497,-0.0015180067,0,-14.045726,2.305528e-05,0
0.5,0,26.95896,-0.0015891404,0,-14.036498,2.3096163e-05,0
0.5,0,26.960104,-0.0016617797,0,-14.02727,2.3128633e-05,0
0.5,0,26.962072,-0.0017271976,0,-14.018041,2.3150998e-05,0
0.5,0,26.964995,-0.001779638,0,-14.008813,2.3163252e-05,0
0.5,0,26.968974,-0.0018160047,0,-13.999584,2.3166652e-05,0
0.5,0,26.974051,-0.0018350477,0,-13.990356,2.3163189e-05,0
0.5,0,26.980161,-0.0018374933,0,-13.981127,2.315507e-05,0
0.5,0,26.987099,-0.001826388,0,-13.971899,2.3144345e-05,0
0.5,0,26.994482,-0.0018054352,0,-13.96267,2.3132813e-05,0
0.5,0,27.001721,-0.0017762958,0,-13.953442,2.3121947e-05,0
0.5,0,27.008013,-0.0017381486,0,-13.944213,2.3112721e-05,0
0.5,0,27.012378,-0.001688391,0,-13.934985,2.3105791e-05,0
0.5,0,27.013754,-0.001622573,0,-13.925756,2.3101609e-05,0
0.5,0,27.011196,-0.0015368233,0,-13.916528,2.3100385e-05,0
0.5,0,27.004109,-0.0014298621,0,-13.907299,2.3102687e-05,0
0.5,0,26.9924,-0.0013030537,0,-13.898071,2.3109806e-05,0
0.5,0,26.976541,-0.0011599233,0,-13.888843,2.3123464e-05,0
0.5,0,26.957549,-0.001005311,0,-13.879614,2.3145219e-05,0
0.5,0,26.936852,-0.00084826112,0,-13.870386,2.3175705e-05,0
0.5,0,26.916073,-0.00070409298,0,-13.861157,2.3214307e-05,0
0.5,0,26.896784,-0.00059206896,0,-13.851929,2.3259013e-05,0
0.5,0,26.880284,-0.00053018112,0,-13.8427,2.3305845e-05,0
0.5,0,26.867429,-0.00053145093,0,-13.833472,2.3348331e-05,0
0.5,0,26.858563,-0.00060254325,0,-13.824243,2.337813e-05,0
0.5,0,26.853553,-0.00074053604,0,-13.815015,2.3386649e-05,0
0.5,0,26.851898,-0.0009320449,0,-13.805786,2.3366662e-05,0
0.5,0,26.852887,-0.0011551658,0,-13.796558,2.3313717e-05,0
0.5,0,26.85575,-0.0013820924,0,-13.787329,2.3227338e-05,0
0.5,0,26.859768,-0.0015839942,0,-13.778101,2.3111538e-05,0
0.5,0,26.864346,-0.0017354357,0,-13.768872,2.2974419e-05,0
0.5,0,26.869018,-0.0018196529,0,-13.759644,2.2826866e-05,0
0.5,0,26.873449,-0.0018336607,0,-13.750416,2.268055e-05,0
0.5,0,26.877412,-0.0017895792,0,-13.741187,2.2545701e-05,0
0.5,0,26.880768,-0.0017128464,0,-13.731959,2.2429086e-05,0
0.5,0,26.883439,-0.0016362623,0,-13.72273,2.2332635e-05,0
0.5,0,26.885389,-0.0015921684,0,-13.713502,2.2253146e-05,0
0.5,0,26.886606,-0.0016042592,0,-13.704273,2.2183188e-05,0
0.5,0,26.887098,-0.0016812757,0,-13.695045,2.2113006e-05,0
0.5,0,26.886881,-0.0018156686,0,-13.685816,2.2032982e-05,0
0.5,0,26.885989,-0.0019846361,0,-13.676588,2.1936066e-05,0
0.5,0,26.884467,-0.0021536861,0,-13.667359,2.1819551e-05,0
0.5,0,26.882374,-0.0022850057,0,-13.658131,2.1685915e-05,0
0.5,0,26.879789,-0.0023474594,0,-13.648902,2.1542445e-05,0
0.5,0,26.876814,-0.0023234849,0,-13.639674,2.1399456e-05,0
0.5,0,26.873577,-0.002214261,0,-13.630445,2.1267851e-05,0
0.5,0,26.870221,-0.0020416914,0,-13.621217,2.1156691e-05,0
0.5,0,26.866907,-0.0018427373,0,-13.611989,2.1071007e-05,0
0.5,0,26.8638,-0.0016605531,0,-13.60276,2.1010328e-05,0
0.5,0,26.861062,-0.0015352904,0,-13.593532,2.0968437e-05,0
0.5,0,26.85884,-0.0014946719,0,-13.584303,2.0934411e-05,0
0.5,0,26.857264,-0.0015472175,0,-13.575075,2.0894693e-05,0
0.5,0,26.856435,-0.0016797084,0,-13.565846,2.0835903e-05,0
0.5,0,26.856417,-0.0018595524,0,-13.556618,2.0747816e-05,0
0.5,0,26.857236,-0.0020415495,0,-13.547389,2.0625849e-05,0
0.5,0,26.858879,-0.0021778187,0,-13.538161,2.0472431e-05,0
0.5,0,26.861294,-0.002228226,0,-13.528932,2.0296968e-05,0
0.5,0,26.864401,-0.0021689142,0,-13.519704,2.0114322e-05,0
0.5,0,26.868082,-0.0019983998,0,-13.510475,1.994203e-05,0
0.5,0,26.872181,-0.0017402199,0,-13.501247,1.9796785e-05,0
0.5,0,26.876504,-0.0014405776,0,-13.492018,1.9690797e-05,0
0.5,0,26.880828,-0.0011601308,0,-13.48279,1.9628786e-05,0
0.5,0,26.884907,-0.00096182541,0,-13.473562,1.9606467e-05,0
0.5,0,26.888475,-0.0008969643,0,-13.464333,1.9611061e-05,0
0.5,0,26.891263,-0.00099159124,0,-13.455105,1.9623827e-05,0
0.5,0,26.893015,-0.001237605,0,-13.445876,1.9624421e-05,0
0.5,0,26.893503,-0.0015934251,0,-13.436648,1.9595954e-05,0
0.5,0,26.89257,-0.0019937914,0,-13.427419,1.9529376e-05,0
0.5,0,26.890188,-0.0023595168,0,-13.418191,1.9426257e-05,0
0.5,0,26.886461,-0.0026105854,0,-13.408962,1.9299586e-05,0
0.5,0,26.881613,-0.0026876754,0,-13.399734,1.9172246e-05,0
0.5,0,26.875976,-0.0025659915,0,-13.390505,1.9072795e-05,0
0.5,0,26.869962,-0.0022607364,0,-13.381277,1.9028717e-05,0
0.5,0,26.863993,-0.0018275463,0,-13.372048,1.9059519e-05,0
0.5,0,26.858458,-0.001354586,0,-13.36282,1.9172081e-05,0
0.5,0,26.853686,-0.00094411977,0,-13.353591,1.9358505e-05,0
0.5,0,26.849925,-0.00068675495,0,-13.344363,1.9596474e-05,0
0.5,0,26.847329,-0.00064057969,0,-13.335135,1.985236e-05,0
0.5,0,26.845967,-0.00081908095,0,-13.325906,2.008701e-05,0
0.5,0,26.845836,-0.0011889857,0,-13.316678,2.0263145e-05,0
0.5,0,26.846873,-0.0016753097,0,-13.307449,2.0352744e-05,0
0.5,0,26.848968,-0.0021747345,0,-13.298221,2.0342583e-05,0
0.5,0,26.851985,-0.0025789364,0,-13.288992,2.023694e-05,0
0.5,0,26.855781,-0.0027969615,0,-13.279764,2.0056768e-05,0
0.5,0,26.860223,-0.0027697179,0,-13.270535,1.9835485e-05,0
0.5,0,26.865196,-0.0024829096,0,-13.261307,1.9612928e-05,0
0.5,0,26.870583,-0.0019733326,0,-13.252078,1.9427951e-05,0
0.5,0,26.876275,-0.0013224769,0,-13.24285,1.9311023e-05,0
0.5,0,26.882177,-0.0006455038,0,-13.233621,1.9278516e-05,0
0.5,0,26.888201,-7.1646304e-05,0,-13.224393,1.9328746e-05,0
0.5,0,26.894279,0.00028315243,0,-13.215164,1.9441437e-05,0
0.5,0,26.900358,0.00034199677,0,-13.205936,1.9581798e-05,0
0.5,0,26.906388,8.6569471e-05,0,-13.196708,1.9707945e-05,0
0.5,0,26.912325,-0.00043588509,0,-13.187479,1.9780181e-05,0
0.5,0,26.918119,-0.001122985,0,-13.178251,1.9770117e-05,0
0.5,0,26.923714,-0.0018400368,0,-13.169022,1.9667355e-05,0
0.5,0,26.929056,-0.0024454392,0,-13.159794,1.9482454e-05,0
0.5,0,26.934096,-0.0028155217,0,-13.150565,1.9245566e-05,0
0.5,0,26.938804,-0.0028668702,0,-13.141337,1.9001201e-05,0
0.5,0,26.943176,-0.002575695,0,-13.132108,1.8800352e-05,0
0.5,0,26.947245,-0.0019871517,0,-13.12288,1.8690766e-05,0
0.5,0,26.951089,-0.0012103856,0,-13.113651,1.8706736e-05,0
0.5,0,26.954829,-0.00039895638,0,-13.104423,1.8860866e-05,0
0.5,0,26.958627,0.00028071618,0,-13.095194,1.9140106e-05,0
0.5,0,26.962658,0.00068421046,0,-13.085966,1.9507187e-05,0
0.5,0,26.967076,0.00071864679,0,-13.076737,1.9906935e-05,0
0.5,0,26.97199,0.00036079317,0,-13.067509,2.0275866e-05,0
0.5,0,26.977416,-0.00033714624,0,-13.058281,2.0553561e-05,0
0.5,0,26.983251,-0.0012502662,0,-13.049052,2.0694302e-05,0
0.5,0,26.989242,-0.0021997077,0,-13.039824,2.0677013e-05,0
0.5,0,26.994976,-0.0029876236,0,-13.030595,2.0510809e-05,0
0.5,0,26.999889,-0.0034400792,0,-13.021367,2.0234194e-05,0
0.5,0,27.003319,-0.0034517758,0,-13.012138,1.9908394e-05,0
0.5,0,27.004583,-0.0030045131,0,-13.00291,1.9605591e-05,0
0.5,0,27.003109,-0.0021542957,0,-12.993681,1.9395545e-05,0
0.5,0,26.998542,-0.0010363494,0,-12.984453,1.9333452e-05,0
0.5,0,26.990844,0.00018829674,0,-12.975224,1.945103e-05,0
0.5,0,26.980302,0.0013231773,0,-12.965996,1.9751888e-05,0
0.5,0,26.967501,0.0021232383,0,-12.956767,2.0207456e-05,0
0.5,0,26.953398,0.0024238257,0,-12.947539,2.0754308e-05,0
0.5,0,26.939086,0.0021778236,0,-12.93831,2.1307053e-05,0
0.5,0,26.92547,0.0014207545,0,-12.929082,2.178128e-05,0
0.5,0,26.913237,0.00026892545,0,-12.919854,2.2107113e-05,0
0.5,0,26.902862,-0.0010822639,0,-12.910625,2.2237126e-05,0
0.5,0,26.894539,-0.002392257,0,-12.901397,2.2155754e-05,0
0.5,0,26.88817,-0.0034245761,0,-12.892168,2.1885474e-05,0
0.5,0,26.883438,-0.0039904181,0,-12.88294,2.1483807e-05,0
0.5,0,26.879878,-0.0039803537,0,-12.873711,2.1033359e-05,0
0.5,0,26.876963,-0.0033867266,0,-12.864483,2.0626987e-05,0
0.5,0,26.87419,-0.0023054617,0,-12.855254,2.0351268e-05,0
0.5,0,26.871152,-0.00091560649,0,-12.846026,2.0271365e-05,0
0.5,0,26.867584,0.00054713743,0,-12.836797,2.0418513e-05,0
0.5,0,26.863404,0.001827148,0,-12.827569,2.0783326e-05,0
0.5,0,26.858719,0.0026901218,0,-12.81834,2.1315579e-05,0
0.5,0,26.853797,0.002966783,0,-12.809112,2.1931968e-05,0
0.5,0,26.849012,0.0025871931,0,-12.799883,2.2530188e-05,0
0.5,0,26.844768,0.001595202,0,-12.790655,2.3006754e-05,0
0.5,0,26.84143,0.00014705454,0,-12.781427,2.3276087e-05,0
0.5,0,26.839265,-0.0015136839,0,-12.772198,2.3286445e-05,0
0.5,0,26.838383,-0.0030956588,0,-12.76297,2.3029672e-05,0
0.5,0,26.838735,-0.0043127968,0,-12.753741,2.2543156e-05,0
0.5,0,26.840128,-0.0049383795,0,-12.744513,2.1905959e-05,0
0.5,0,26.842237,-0.0048466035,0,-12.735284,2.1226822e-05,0
0.5,0,26.844664,-0.0040398854,0,-12.726056,2.0625119e-05,0
0.5,0,26.847019,-0.0026476022,0,-12.716827,2.021054e-05,0
0.5,0,26.848964,-0.00090092662,0,-12.707599,2.0063769e-05,0
0.5,0,26.850241,0.00090188154,0,-12.69837,2.0220908e-05,0
0.5,0,26.850705,0.0024362071,0,-12.689142,2.0664713e-05,0
0.5,0,26.850356,0.0034082511,0,-12.679913,2.132629e-05,0
0.5,0,26.849354,0.0036154977,0,-12.670685,2.2095543e-05,0
0.5,0,26.847968,0.0029946462,0,-12.661456,2.2838608e-05,0
0.5,0,26.846533,0.0016351794,0,-12.652228,2.3420497e-05,0
0.5,0,26.845383,-0.0002488377,0,-12.643,2.3729098e-05,0
0.5,0,26.844777,-0.0023557291,0,-12.633771,2.3695552e-05,0
0.5,0,26.844869,-0.0043466364,0,-12.624543,2.3305608e-05,0
0.5,0,26.845693,-0.0059009928,0,-12.615314,2.2602726e-05,0
0.5,0,26.84715,-0.0067575944,0,-12.606086,2.1682648e-05,0
0.5,0,26.849006,-0.0067477438,0,-12.596857,2.067997e-05,0
0.5,0,26.850921,-0.0058352469,0,-12.587629,1.9747788e-05,0
0.5,0,26.852503,-0.0041356741,0,-12.5784,1.9033079e-05,0
0.5,0,26.853359,-0.0018888467,0,-12.569172,1.8651877e-05,0
0.5,0,26.853163,0.00056772651,0,-12.559943,1.8668646e-05,0
0.5,0,26.851681,0.0028346217,0,-12.550715,1.908509e-05,0
0.5,0,26.848802,0.0045209163,0,-12.541486,1.9837171e-05,0
0.5,0,26.844562,0.0053201703,0,-12.532258,2.0802289e-05,0
0.5,0,26.839153,0.0050642428,0,-12.523029,2.1817072e-05,0
0.5,0,26.832863,0.0037627552,0,-12.513801,2.2704247e-05,0
0.5,0,26.82604,0.0016127204,0,-12.504573,2.3304408e-05,0
0.5,0,26.819038,-0.0010461507,0,-12.495344,2.3504521e-05,0
0.5,0,26.81214,-0.0037895122,0,-12.486116,2.3257782e-05,0
0.5,0,26.805535,-0.0061728735,0,-12.476887,2.2591025e-05,0
0.5,0,26.799307,-0.0078023282,0,-12.467659,2.16014e-05,0
0.5,0,26.793412,-0.008403216,0,-12.45843,2.0442157e-05,0
0.5,0,26.787691,-0.0078530422,0,-12.449202,1.9299464e-05,0
0.5,0,26.781918,-0.0061910544,0,-12.439973,1.8362661e-05,0
0.5,0,26.775845,-0.0036458273,0,-12.430745,1.7794356e-05,0
0.5,0,26.769262,-0.00061448293,0,-12.421516,1.7706991e-05,0
0.5,0,26.762049,0.0024166989,0,-12.412288,1.8143918e-05,0
0.5,0,26.754198,0.004963579,0,-12.403059,1.9068607e-05,0
0.5,0,26.745824,0.0066163795,0,-12.393831,2.0366198e-05,0
0.5,0,26.73716,0.0071051761,0,-12.384602,2.1859766e-05,0
0.5,0,26.728564,0.006348853,0,-12.375374,2.3337772e-05,0
0.5,0,26.720459,0.0044509929,0,-12.366146,2.4588207e-05,0
0.5,0,26.713248,0.0016723396,0,-12.356917,2.5432721e-05,0
0.5,0,26.707242,-0.0015924247,0,-12.347689,2.5752539e-05,0
0.5,0,26.702635,-0.0048435392,0,-12.33846,2.5506016e-05,0
0.5,0,26.699463,-0.0075592214,0,-12.329232,2.47365e-05,0
0.5,0,26.697562,-0.0093066439,0,-12.320003,2.3569117e-05,0
0.5,0,26.696647,-0.0098174868,0,-12.310775,2.2193948e-05,0
0.5,0,26.696369,-0.0089997204,0,-12.301546,2.0839461e-05,0
0.5,0,26.696333,-0.0069283444,0,-12.292318,1.9737696e-05,0
0.5,0,26.696149,-0.0038618693,0,-12.283089,1.908625e-05,0
0.5,0,26.695513,-0.00022984114,0,-12.273861,1.9018594e-05,0
0.5,0,26.694244,0.0034260839,0,-12.264632,1.9584991e-05,0
0.5,0,26.692308,0.0065514584,0,-12.255404,2.0745137e-05,0
0.5,0,26.689823,0.0086730041,0,-12.246175,2.2371317e-05,0
0.5,0,26.687026,0.009464088,0,-12.236947,2.4265373e-05,0
0.5,0,26.684252,0.0087889938,0,-12.227719,2.618784e-05,0
0.5,0,26.68187,0.0067234789,0,-12.21849,2.7893797e-05,0
0.5,0,26.680218,0.0035488923,0,-12.209262,2.9169041e-05,0
0.5,0,26.679548,-0.00030012436,0,-12.200033,2.9859236e-05,0
0.5,0,26.679999,-0.0042784759,0,-12.190805,2.9891491e-05,0
0.5,0,26.68157,-0.0078077492,0,-12.181576,2.928524e-05,0
0.5,0,26.684104,-0.010381001,0,-12.172348,2.8151599e-05,0
0.5,0,26.687323,-0.011626931,0,-12.163119,2.6678117e-05,0
0.5,0,26.690856,-0.011374712,0,-12.153891,2.5102319e-05,0
0.5,0,26.694268,-0.0096501973,0,-12.144662,2.367866e-05,0
0.5,0,26.69712,-0.0066673302,0,-12.135434,2.2641761e-05,0
0.5,0,26.699053,-0.0028338879,0,-12.126205,2.2171814e-05,0
0.5,0,26.699837,0.0013081391,0,-12.116977,2.2367282e-05,0
0.5,0,26.699384,0.005173708,0,-12.107748,2.3231427e-05,0
0.5,0,26.697769,0.008217659,0,-12.09852,2.4671344e-05,0
0.5,0,26.695131,0.010014497,0,-12.089292,2.6510091e-05,0
0.5,0,26.691743,0.010316485,0,-12.080063,2.8510245e-05,0
0.5,0,26.687984,0.0090780313,0,-12.070835,3.0406574e-05,0
0.5,0,26.684197,0.006460776,0,-12.061606,3.1942889e-05,0
0.5,0,26.680705,0.0027989585,0,-12.052378,3.2906238e-05,0
0.5,0,26.677786,-0.0014355603,0,-12.043149,3.3155908e-05,0
0.5,0,26.675623,-0.0056909884,0,-12.033921,3.2642728e-05,0
0.5,0,26.674261,-0.0094063036,0,-12.024692,3.1417415e-05,0
0.5,0,26.673623,-0.012085082,0,-12.015464,2.9624334e-05,0
0.5,0,26.673525,-0.013358224,0,-12.006235,2.7483453e-05,0
0.5,0,26.673698,-0.01302641,0,-11.997007,2.5263186e-05,0
0.5,0,26.673824,-0.011098382,0,-11.987778,2.3246172e-05,0
0.5,0,26.673607,-0.00780268,0,-11.97855,2.1691358e-05,0
0.5,0,26.67283,-0.003565607,0,-11.969321,2.0797718e-05,0
0.5,0,26.671365,0.0010510179,0,-11.960093,2.0677454e-05,0
0.5,0,26.669203,0.0054217504,0,-11.950865,2.1339374e-05,0
0.5,0,26.666455,0.008949378,0,-11.941636,2.2686858e-05,0
0.5,0,26.663352,0.011153209,0,-11.932408,2.4529722e-05,0
0.5,0,26.660192,0.011733502,0,-11.923179,2.6609734e-05,0
0.5,0,26.657276,0.010609628,0,-11.913951,2.8635461e-05,0
0.5,0,26.654925,0.0079198596,0,-11.904722,3.0320487e-05,0
0.5,0,26.653414,0.0040124403,0,-11.895494,3.1421681e-05,0
0.5,0,26.652896,-0.00060048708,0,-11.886265,3.1771319e-05,0
0.5,0,26.65342,-0.0053069771,0,-11.877037,3.130041e-05,0
0.5,0,26.654904,-0.0094780837,0,-11.867808,3.0047638e-05,0
0.5,0,26.657146,-0.012554956,0,-11.85858,2.8155034e-05,0
0.5,0,26.659843,-0.014118663,0,-11.849351,2.5850714e-05,0
0.5,0,26.662618,-0.013946679,0,-11.840123,2.3420756e-05,0
0.5,0,26.665097,-0.012040689,0,-11.830894,2.1172365e-05,0
0.5,0,26.666951,-0.0086245532,0,-11.821666,1.9393395e-05,0
0.5,0,26.667923,-0.0041117191,0,-11.812437,1.831536e-05,0
0.5,0,26.667856,0.00093284469,0,-11.803209,1.8081962e-05,0
0.5,0,26.666718,0.0058614492,0,-11.793981,1.8729069e-05,0
0.5,0,26.664608,0.01002614,0,-11.784752,2.0177417e-05,0
0.5,0,26.661738,0.012870657,0,-11.775524,2.2241798e-05,0
0.5,0,26.658423,0.014011643,0,-11.766295,2.4654406e-05,0
0.5,0,26.655032,0.013285096,0,-11.757067,2.7099328e-05,0
0.5,0,26.651953,0.010767176,0,-11.747838,2.9253198e-05,0
0.5,0,26.649541,0.0067559442,0,-11.73861,3.0825482e-05,0
0.5,0,26.648077,0.0017375928,0,-11.729381,3.1595293e-05,0
0.5,0,26.647732,-0.0036758924,0,-11.720153,3.1439181e-05,0
0.5,0,26.648542,-0.008820998,0,-11.710924,3.0348379e-05,0
0.5,0,26.650417,-0.013063409,0,-11.701696,2.8431083e-05,0
0.5,0,26.653149,-0.015870304,0,-11.692467,2.5901107e-05,0
0.5,0,26.656457,-0.016878738,0,-11.683239,2.3052098e-05,0
0.5,0,26.660013,-0.015946685,0,-11.67401,2.0221794e-05,0
0.5,0,26.663481,-0.013163443,0,-11.664782,1.7751332e-05,0
0.5,0,26.666552,-0.0088459674,0,-11.655554,1.5942847e-05,0
0.5,0,26.668986,-0.0035056158,0,-11.646325,1.502201e-05,0
0.5,0,26.670646,0.0022007636,0,-11.637097,1.510822e-05,0
0.5,0,26.671511,0.0075563273,0,-11.627868,1.6199112e-05,0
0.5,0,26.671678,0.011882922,0,-11.61864,1.8169763e-05,0
0.5,0,26.671334,0.014638648,0,-11.609411,2.078888e-05,0
0.5,0,26.670735,0.01549188,0,-11.600183,2.3748305e-05,0
0.5,0,26.670163,0.014352801,0,-11.590954,2.670159e-05,0
0.5,0,26.669892,0.011380952,0,-11.581726,2.9306808e-05,0
0.5,0,26.670139,0.0069548402,0,-11.572497,3.1267019e-05,0
0.5,0,26.671032,0.001627091,0,-11.563269,3.2365679e-05,0
0.5,0,26.672593,-0.0039491843,0,-11.55404,3.249106e-05,0
0.5,0,26.67472,-0.0090986855,0,-11.544812,3.1649344e-05,0
0.5,0,26.677221,-0.013205641,0,-11.535583,2.9962892e-05,0
0.5,0,26.679834,-0.015783248,0,-11.526355,2.7655734e-05,0
0.5,0,26.682264,-0.016521799,0,-11.517127,2.502713e-05,0
0.5,0,26.684202,-0.015320563,0,-11.507898,2.241668e-05,0
0.5,0,26.685377,-0.012292441,0,-11.49867,2.0165292e-05,0
0.5,0,26.68559,-0.0077590588,0,-11.489441,1.8575259e-05,0
0.5,0,26.684733,-0.0022189897,0,-11.480213,1.7875475e-05,0
0.5,0,26.682802,0.0036954766,0,-11.470984,1.8193427e-05,0
0.5,0,26.679907,0.0092946963,0,-11.461756,1.9539688e-05,0
0.5,0,26.676271,0.013918021,0,-11.452527,2.1805067e-05,0
0.5,0,26.672195,0.017017433,0,-11.443299,2.4772794e-05,0
0.5,0,26.668064,0.018227944,0,-11.43407,2.8142953e-05,0
0.5,0,26.664269,0.017406967,0,-11.424842,3.1566952e-05,0
0.5,0,26.661185,0.014647425,0,-11.415613,3.4687725e-05,0
0.5,0,26.659151,0.010256889,0,-11.406385,3.7179844e-05,0
0.5,0,26.658404,0.0047272984,0,-11.397156,3.8787054e-05,0
0.5,0,26.65907,-0.0013253385,0,-11.387928,3.935088e-05,0
0.5,0,26.661144,-0.0072286007,0,-11.3787,3.8829303e-05,0
0.5,0,26.664496,-0.012332637,0,-11.369471,3.730089e-05,0
0.5,0,26.668877,-0.016082599,0,-11.360243,3.4955654e-05,0
0.5,0,26.673958,-0.018074004,0,-11.351014,3.207294e-05,0
0.5,0,26.679347,-0.01809518,0,-11.341786,2.8989987e-05,0
0.5,0,26.684629,-0.016144714,0,-11.332557,2.6064811e-05,0
0.5,0,26.689409,-0.012434736,0,-11.323329,2.3636421e-05,0
0.5,0,26.693343,-0.0073673935,0,-11.3141,2.1987957e-05,0
0.5,0,26.696176,-0.001502067,0,-11.304872,2.1314998e-05,0
0.5,0,26.697757,0.0045087402,0,-11.295643,2.1704353e-05,0
0.5,0,26.698066,0.0099931649,0,-11.286415,2.3123482e-05,0
0.5,0,26.697198,0.014340724,0,-11.277186,2.5424385e-05,0
0.5,0,26.69536,0.01707302,0,-11.267958,2.8359925e-05,0
0.5,0,26.692827,0.017891983,0,-11.258729,3.1610998e-05,0
0.5,0,26.689924,0.016710589,0,-11.249501,3.4821258e-05,0
0.5,0,26.686972,0.013652544,0,-11.240273,3.7635296e-05,0
0.5,0,26.684269,0.0090407218,0,-11.231044,3.9737251e-05,0
0.5,0,26.68205,0.0033574176,0,-11.221816,4.0883962e-05,0
0.5,0,26.680471,-0.002803515,0,-11.212587,4.0931117e-05,0
0.5,0,26.679598,-0.0088036735,0,-11.203359,3.9847526e-05,0
0.5,0,26.679396,-0.014026911,0,-11.19413,3.7718169e-05,0
0.5,0,26.679748,-0.017943015,0,-11.184902,3.4734508e-05,0
0.5,0,26.680456,-0.020160706,0,-11.175673,3.1174659e-05,0
0.5,0,26.681275,-0.020459835,0,-11.166445,2.7375152e-05,0
0.5,0,26.681935,-0.018810983,0,-11.157216,2.3697171e-05,0
0.5,0,26.682163,-0.015371734,0,-11.147988,2.0491057e-05,0
0.5,0,26.681713,-0.010480818,0,-11.138759,1.8060676e-05,0
0.5,0,26.680394,-0.0046322012,0,-11.129531,1.6632379e-05,0
0.5,0,26.678107,0.0015592631,0,-11.120302,1.6329657e-05,0
0.5,0,26.674861,0.0074249287,0,-11.111074,1.7158804e-05,0
0.5,0,26.67079,0.012324673,0,-11.101846,1.9006158e-05,0
0.5,0,26.666123,0.015729003,0,-11.092617,2.1649706e-05,0
0.5,0,26.661166,0.017280225,0,-11.083389,2.4782643e-05,0
0.5,0,26.65627,0.016818503,0,-11.07416,2.8046229e-05,0
0.5,0,26.6518,0.014392947,0,-11.064932,3.1068164e-05,0
0.5,0,26.6481,0.010246827,0,-11.055703,3.350106e-05,0
0.5,0,26.645463,0.0047981085,0,-11.046475,3.5058404e-05,0
0.5,0,26.644087,-0.0014038091,0,-11.037246,3.5542817e-05,0
0.5,0,26.644053,-0.0077274497,0,-11.028018,3.4866354e-05,0
0.5,0,26.645313,-0.01352473,0,-11.018789,3.3059256e-05,0
0.5,0,26.647687,-0.018198707,0,-11.009561,3.0268176e-05,0
0.5,0,26.650888,-0.021265304,0,-11.000332,2.6742291e-05,0
0.5,0,26.654554,-0.022404518,0,-10.991104,2.280918e-05,0
0.5,0,26.658295,-0.021487374,0,-10.981875,1.8841974e-05,0
0.5,0,26.661721,-0.018582693,0,-10.972647,1.5221129e-05,0
0.5,0,26.664467,-0.013940452,0,-10.963419,1.229663e-05,0
0.5,0,26.666219,-0.0079912469,0,-10.95419,1.0352175e-05,0
0.5,0,26.666757,-0.0013316505,0,-10.944962,9.5756628e-06,0
0.5,0,26.666019,0.0053387493,0,-10.935733,1.0036789e-05,0
0.5,0,26.664088,0.011321535,0,-10.926505,1.1677007e-05,0
0.5,0,26.661181,0.015997267,0,-10.917276,1.4314384e-05,0
0.5,0,26.657616,0.018904993,0,-10.908048,1.7665923e-05,0
0.5,0,26.653762,0.019798468,0,-10.898819,2.1379137e-05,0
0.5,0,26.650029,0.018630624,0,-10.889591,2.5067053e-05,0
0.5,0,26.646823,0.015529422,0,-10.880362,2.8346896e-05,0
0.5,0,26.644476,0.010787022,0,-10.871134,3.0877336e-05,0
0.5,0,26.643243,0.0048607216,0,-10.861905,3.2390818e-05,0
0.5,0,26.643292,-0.0016775479,0,-10.852677,3.2718203e-05,0
0.5,0,26.644677,-0.0082058409,0,-10.843448,3.1806392e-05,0
0.5,0,26.647334,-0.014106341,0,-10.83422,2.9722375e-05,0
0.5,0,26.651085,-0.018822845,0,-10.824992,2.6644438e-05,0
0.5,0,26.655694,-0.021922862,0,-10.815763,2.2843642e-05,0
0.5,0,26.660885,-0.023130022,0,-10.806535,1.866055e-05,0
0.5,0,26.666355,-0.022319357,0,-10.797306,1.4477128e-05,0
0.5,0,26.671777,-0.019515953,0,-10.788078,1.0681322e-05,0
0.5,0,26.676817,-0.014912484,0,-10.778849,7.627899e-06,0
0.5,0,26.68111,-0.0088899196,0,-10.769621,5.6054518e-06,0
0.5,0,26.684334,-0.0020088986,0,-10.760392,4.8119787e-06,0
0.5,0,26.686329,0.0050223316,0,-10.751164,5.3321409e-06,0
0.5,0,26.687135,0.011446781,0,-10.741935,7.1244565e-06,0
0.5,0,26.686958,0.016601781,0,-10.732707,1.0023097e-05,0
0.5,0,26.686115,0.0200134,0,-10.723478,1.3754203e-05,0
0.5,0,26.684965,0.021413148,0,-10.71425,1.7966619e-05,0
0.5,0,26.683858,0.020723162,0,-10.705021,2.2271767e-05,0
0.5,0,26.683105,0.018043932,0,-10.695793,2.6283714e-05,0
0.5,0,26.682963,0.013648023,0,-10.686565,2.9653877e-05,0
0.5,0,26.683618,0.0079624897,0,-10.677336,3.2099037e-05,0
0.5,0,26.68518,0.001525231,0,-10.668108,3.3422753e-05,0
0.5,0,26.687679,-0.0050734392,0,-10.658879,3.3530891e-05,0
0.5,0,26.691079,-0.011250109,0,-10.649651,3.2440267e-05,0
0.5,0,26.695293,-0.016475506,0,-10.640422,3.027844e-05,0
0.5,0,26.700187,-0.02030624,0,-10.631194,2.7273195e-05,0
0.5,0,26.705579,-0.022408019,0,-10.621965,2.3731646e-05,0
0.5,0,26.71123,-0.022578185,0,-10.612737,2.0011118e-05,0
0.5,0,26.716842,-0.020767944,0,-10.603508,1.6485611e-05,0
0.5,0,26.722091,-0.01710102,0,-10.59428,1.3512327e-05,0
0.5,0,26.726682,-0.011874571,0,-10.585051,1.1400957e-05,0
0.5,0,26.73041,-0.0055478068,0,-10.575823,1.0387233e-05,0
0.5,0,26.733232,0.0012947025,0,-10.566594,1.061299e-05,0
0.5,0,26.735258,0.0080276066,0,-10.557366,1.211284e-05,0
0.5,0,26.736633,0.014038348,0,-10.548138,1.48097e-05,0
0.5,0,26.737531,0.018769547,0,-10.538909,1.8519745e-05,0
0.5,0,26.738247,0.02181273,0,-10.529681,2.2965581e-05,0
0.5,0,26.739175,0.022950245,0,-10.520452,2.7801796e-05,0
0.5,0,26.740703,0.022081481,0,-10.511224,3.264913e-05,0
0.5,0,26.743137,0.019229226,0,-10.501995,3.7129995e-05,0
0.5,0,26.746694,0.01464136,0,-10.492767,4.0898575e-05,0
0.5,0,26.751491,0.0087555282,0,-10.483538,4.3666839e-05,0
0.5,0,26.757561,0.0021025968,0,-10.47431,4.5231138e-05,0
0.5,0,26.764852,-0.0047459493,0,-10.465081,4.5492075e-05,0
0.5,0,26.773186,-0.011213784,0,-10.455853,4.4463826e-05,0
0.5,0,26.78228,-0.016765481,0,-10.446624,4.227147e-05,0
0.5,0,26.791735,-0.020945393,0,-10.437396,3.9139437e-05,0
0.5,0,26.801101,-0.02340577,0,-10.428167,3.5373138e-05,0
0.5,0,26.809957,-0.023924596,0,-10.418939,3.1329137e-05,0
0.5,0,26.817818,-0.022417784,0,-10.409711,2.7385875e-05,0
0.5,0,26.824213,-0.018989013,0,-10.400482,2.3914839e-05,0
0.5,0,26.828806,-0.013923939,0,-10.391254,2.1248758e-05,0
0.5,0,26.831421,-0.0076425518,0,-10.382025,1.9654476e-05,0
0.5,0,26.832063,-0.00067843479,0,-10.372797,1.9308976e-05,0
0.5,0,26.830905,0.0063538116,0,-10.363568,2.028204e-05,0
0.5,0,26.828274,0.012816983,0,-10.35434,2.2528641e-05,0
0.5,0,26.824613,0.018128313,0,-10.345111,2.5891977e-05,0
0.5,0,26.820429,0.021823098,0,-10.335883,3.01169e-05,0
0.5,0,26.816236,0.023590052,0,-10.326654,3.4872198e-05,0
0.5,0,26.812513,0.023287937,0,-10.317426,3.9779522e-05,0
0.5,0,26.809668,0.02094943,0,-10.308197,4.4446397e-05,0
0.5,0,26.808021,0.016775163,0,-10.298969,4.8500028e-05,0
0.5,0,26.807791,0.011119346,0,-10.28974,5.1618407e-05,0
0.5,0,26.809097,0.004462506,0,-10.280512,5.355603e-05,0
0.5,0,26.811957,-0.0026354446,0,-10.271284,5.4163148e-05,0
0.5,0,26.816285,-0.0095965717,0,-10.262055,5.3397923e-05,0
0.5,0,26.821925,-0.015877601,0,-10.252827,5.1330193e-05,0
0.5,0,26.828727,-0.021001444,0,-10.243598,4.813546e-05,0
0.5,0,26.836447,-0.024577221,0,-10.23437,4.4078904e-05,0
0.5,0,26.844743,-0.026322258,0,-10.225141,3.9491316e-05,0
0.5,0,26.853273,-0.026089621,0,-10.215913,3.474064e-05,0
0.5,0,26.861673,-0.023890702,0,-10.206684,3.0202776e-05,0
0.5,0,26.869596,-0.019900672,0,-10.197456,2.6233661e-05,0
0.5,0,26.876746,-0.014443607,0,-10.188227,2.314348e-05,0
0.5,0,26.882894,-0.00796281,0,-10.178999,2.1173549e-05,0
0.5,0,26.887922,-0.00098338377,0,-10.16977,2.0476957e-05,0
0.5,0,26.891846,0.0059296545,0,-10.160542,2.1104755e-05,0
0.5,0,26.894795,0.012219978,0,-10.151313,2.2999928e-05,0
0.5,0,26.896977,0.017393081,0,-10.142085,2.6001437e-05,0
0.5,0,26.898648,0.021059264,0,-10.132857,2.9859124e-05,0
0.5,0,26.900087,0.022955341,0,-10.123628,3.4256687e-05,0
0.5,0,26.901584,0.02295384,0,-10.1144,3.8838637e-05,0
0.5,0,26.90341,0.021068714,0,-10.105171,4.3238793e-05,0
0.5,0,26.905804,0.017454467,0,-10.095943,4.710817e-05,0
0.5,0,26.908959,0.01239569,0,-10.086714,5.0140449e-05,0
0.5,0,26.912996,0.0062828969,0,-10.077486,5.2093795e-05,0
0.5,0,26.917962,-0.00041810823,0,-10.068257,5.2808206e-05,0
0.5,0,26.923814,-0.0072028636,0,-10.059029,5.2217369e-05,0
0.5,0,26.930418,-0.013569624,0,-10.0498,5.0353269e-05,0
0.5,0,26.937567,-0.019048318,0,-10.040572,4.73428e-05,0
0.5,0,26.944999,-0.023228046,0,-10.031343,4.3397878e-05,0
0.5,0,26.952419,-0.025790269,0,-10.022115,3.8800049e-05,0
0.5,0,26.959539,-0.026535048,0,-10.012886,3.3880169e-05,0
0.5,0,26.966104,-0.025396078,0,-10.003658,2.899464e-05,0
0.5,0,26.971926,-0.022443452,0,-9.9944295,2.4499678e-05,0
0.5,0,26.976894,-0.017877375,0,-9.9852011,2.0725125e-05,0
0.5,0,26.980987,-0.012019057,0,-9.9759726,1.7949497e-05,0
0.5,0,26.984269,-0.0052992214,0,-9.9667441,1.6378098e-05,0
0.5,0,26.98689,0.0017580199,0,-9.9575157,1.6126127e-05,0
0.5,0,26.989084,0.0085704482,0,-9.9482872,1.7207845e-05,0
0.5,0,26.991146,0.014567752,0,-9.9390587,1.9532991e-05,0
0.5,0,26.993411,0.019267154,0,-9.9298303,2.291316e-05,0
0.5,0,26.996212,0.022318007,0,-9.9206018,2.7077836e-05,0
0.5,0,26.999853,0.023516157,0,-9.9113733,3.1696825e-05,0
0.5,0,27.004582,0.022803399,0,-9.9021449,3.6406663e-05,0
0.5,0,27.010563,0.02026083,0,-9.8929164,4.0838885e-05,0
0.5,0,27.017833,0.016097436,0,-9.8836879,4.4647973e-05,0
0.5,0,27.026284,0.010635458,0,-9.8744595,4.753725e-05,0
0.5,0,27.035629,0.0042888877,0,-9.865231,4.9280968e-05,0
0.5,0,27.045362,-0.0024691964,0,-9.8560025,4.9740411e-05,0
0.5,0,27.05481,-0.0091440913,0,-9.8467741,4.8874039e-05,0
0.5,0,27.063179,-0.01525736,0,-9.8375456,4.6740142e-05,0
0.5,0,27.069622,-0.020379152,0,-9.8283171,4.3489778e-05,0
0.5,0,27.073397,-0.02415248,0,-9.8190887,3.9353945e-05,0
0.5,0,27.073987,-0.026317871,0,-9.8098602,3.4627185e-05,0
0.5,0,27.071225,-0.026732501,0,-9.8006317,2.9646339e-05,0
0.5,0,27.065348,-0.025373493,0,-9.7914033,2.4765969e-05,0
0.5,0,27.056961,-0.022334484,0,-9.7821748,2.0332868e-05,0
0.5,0,27.04693,-0.017815044,0,-9.7729463,1.6661837e-05,0
0.5,0,27.0362,-0.012110357,0,-9.7637179,1.4014017e-05,0
0.5,0,27.02563,-0.0056133717,0,-9.7544894,1.2578459e-05,0
0.5,0,27.01588,0.0011989906,0,-9.7452609,1.2458391e-05,0
0.5,0,27.00738,0.007809677,0,-9.7360325,1.3663845e-05,0
0.5,0,27.000326,0.013723209,0,-9.726804,1.6110997e-05,0
0.5,0,26.994705,0.018522709,0,-9.7175755,1.9627825e-05,0
0.5,0,26.990373,0.021898916,0,-9.7083471,2.3967325e-05,0
0.5,0,26.987125,0.023652414,0,-9.6991186,2.8826997e-05,0
0.5,0,26.984761,0.023688498,0,-9.6898901,3.3871153e-05,0
0.5,0,26.983141,0.022018365,0,-9.6806617,3.875423e-05,0
0.5,0,26.982205,0.018761656,0,-9.6714332,4.3143599e-05,0
0.5,0,26.981963,0.014143086,0,-9.6622047,4.6740796e-05,0
0.5,0,26.982464,0.0084792564,0,-9.6529763,4.9300501e-05,0
0.5,0,26.983758,0.002156819,0,-9.6437478,5.0646525e-05,0
0.5,0,26.985871,-0.0043977655,0,-9.6345193,5.0683905e-05,0
0.5,0,26.988793,-0.010752691,0,-9.6252909,4.9405708e-05,0
0.5,0,26.992467,-0.01649567,0,-9.6160624,4.6893404e-05,0
0.5,0,26.996782,-0.021251992,0,-9.6068339,4.3311324e-05,0
0.5,0,27.001581,-0.024708444,0,-9.5976055,3.8895742e-05,0
0.5,0,27.006688,-0.026636715,0,-9.588377,3.3938717e-05,0
0.5,0,27.011938,-0.026907478,0,-9.5791485,2.876799e-05,0
0.5,0,27.017183,-0.025494628,0,-9.5699201,2.37248e-05,0
0.5,0,27.022284,-0.022471347,0,-9.5606916,1.9141248e-05,0
0.5,0,27.027084,-0.018004035,0,-9.5514631,1.5318707e-05,0
0.5,0,27.031391,-0.012352759,0,-9.5422347,1.2508566e-05,0
0.5,0,27.035002,-0.0058782086,0,-9.5330062,1.0896175e-05,0
0.5,0,27.037749,0.00095827302,0,-9.5237777,1.0588561e-05,0
0.5,0,27.039547,0.0076287091,0,-9.5145493,1.1606022e-05,0
0.5,0,27.040413,0.013617212,0,-9.5053208,1.3878477e-05,0
0.5,0,27.040442,0.01849923,0,-9.4960923,1.7249064e-05,0
0.5,0,27.039779,0.02197441,0,-9.4868639,2.1485726e-05,0
0.5,0,27.038596,0.023859072,0,-9.4776354,2.629873e-05,0
0.5,0,27.037086,0.02407147,0,-9.4684069,3.1361929e-05,0
0.5,0,27.035473,0.022625976,0,-9.4591785,3.6335896e-05,0
0.5,0,27.03401,0.019632835,0,-9.44995,4.0890749e-05,0
0.5,0,27.032959,0.015297147,0,-9.4407215,4.4727076e-05,0
0.5,0,27.032568,0.0099100146,0,-9.4314931,4.7594223e-05,0
0.5,0,27.033045,0.0038303432,0,-9.4222646,4.9305483e-05,0
0.5,0,27.034534,-0.002541849,0,-9.4130361,4.9749576e-05,0
0.5,0,27.037121,-0.0087986801,0,-9.4038077,4.8897552e-05,0
0.5,0,27.040838,-0.014548089,0,-9.3945792,4.6804186e-05,0
0.5,0,27.045667,-0.019426404,0,-9.3853507,4.3603846e-05,0
0.5,0,27.051544,-0.023121307,0,-9.3761223,3.9501638e-05,0
0.5,0,27.058365,-0.025400894,0,-9.3668938,3.4760179e-05,0
0.5,0,27.065996,-0.026131184,0,-9.3576653,2.9683034e-05,0
0.5,0,27.074278,-0.025279172,0,-9.3484369,2.4596344e-05,0
0.5,0,27.083004,-0.022903252,0,-9.3392084,1.9829363e-05,0
0.5,0,27.091902,-0.019136776,0,-9.3299799,1.5694336e-05,0
0.5,0,27.100623,-0.014175972,0,-9.3207515,1.2466699e-05,0
0.5,0,27.108745,-0.0082837487,0,-9.311523,1.036705e-05,0
0.5,0,27.115849,-0.0018064725,0,-9.3022945,9.5463354e-06,0
0.5,0,27.121613,0.0048263412,0,-9.2930661,1.0074918e-05,0
0.5,0,27.125865,0.011150974,0,-9.2838376,1.1936149e-05,0
0.5,0,27.128555,0.016744775,0,-9.2746091,1.5026539e-05,0
0.5,0,27.129715,0.021271487,0,-9.2653807,1.9163636e-05,0
0.5,0,27.129436,0.024482455,0,-9.2561522,2.4099803e-05,0
0.5,0,27.127859,0.026202787,0,-9.2469237,2.9539612e-05,0
0.5,0,27.125202,0.026330367,0,-9.2376953,3.5159315e-05,0
0.5,0,27.121766,0.024849755,0,-9.2284668,4.0626826e-05,0
0.5,0,27.117932,0.021844841,0,-9.2192383,4.5621137e-05,0
0.5,0,27.114114,0.017498665,0,-9.2100099,4.9850824e-05,0
0.5,0,27.110707,0.012080223,0,-9.2007814,5.3071327e-05,0
0.5,0,27.108029,0.0059235412,0,-9.1915529,5.5100088e-05,0
0.5,0,27.10628,-0.00059525253,0,-9.1823245,5.5828034e-05,0
0.5,0,27.105522,-0.0070859058,0,-9.173096,5.5225978e-05,0
0.5,0,27.105689,-0.013168254,0,-9.1638675,5.3344667e-05,0
0.5,0,27.106618,-0.01848067,0,-9.1546391,5.0309147e-05,0
0.5,0,27.108073,-0.022696965,0,-9.1454106,4.6310175e-05,0
0.5,0,27.109773,-0.025559798,0,-9.1361821,4.1593129e-05,0
0.5,0,27.111414,-0.026905788,0,-9.1269537,3.6444087e-05,0
0.5,0,27.11269,-0.026671873,0,-9.1177252,3.1173838e-05,0
0.5,0,27.113307,-0.024886391,0,-9.1084967,2.6100224e-05,0
0.5,0,27.112988,-0.021652777,0,-9.0992683,2.1529301e-05,0
0.5,0,27.111487,-0.017138346,0,-9.0900398,1.7736566e-05,0
0.5,0,27.108587,-0.011577103,0,-9.0808113,1.4949956e-05,0
0.5,0,27.104126,-0.0052786605,0,-9.0715829,1.3336115e-05,0
0.5,0,27.098008,0.0013664961,0,-9.0623544,1.2991217e-05,0
0.5,0,27.090214,0.0079089004,0,-9.0531259,1.3935827e-05,0
0.5,0,27.080799,0.013902853,0,-9.0438975,1.6113022e-05,0
0.5,0,27.06986,0.018965371,0,-9.034669,1.9391397e-05,0
0.5,0,27.057548,0.022800348,0,-9.0254405,2.3573666e-05,0
0.5,0,27.044105,0.025200727,0,-9.0162121,2.8409513e-05,0
0.5,0,27.029901,0.026047287,0,-9.0069836,3.3611408e-05,0
0.5,0,27.015446,0.025312108,0,-8.9977551,3.8872219e-05,0
0.5,0,27.00135,0.023062342,0,-8.9885267,4.3883194e-05,0
0.5,0,26.988246,0.019455326,0,-8.9792982,4.8351245e-05,0
0.5,0,26.976702,0.014723467,0,-8.9700697,5.2015291e-05,0
0.5,0,26.967147,0.0091509318,0,-8.9608413,5.46613e-05,0
0.5,0,26.959797,0.0030550056,0,-8.9516128,5.613523e-05,0
0.5,0,26.954621,-0.0032282716,0,-8.9423843,5.6352143e-05,0
0.5,0,26.951316,-0.0093638458,0,-8.9331559,5.5299129e-05,0
0.5,0,26.949306,-0.015028158,0,-8.9239274,5.3033338e-05,0
0.5,0,26.947771,-0.019920116,0,-8.9146989,4.9677564e-05,0
0.5,0,26.945718,-0.023784351,0,-8.9054705,4.5413524e-05,0
0.5,0,26.942124,-0.026431258,0,-8.896242,4.047269e-05,0
0.5,0,26.936093,-0.027744671,0,-8.8870135,3.5124512e-05,0
0.5,0,26.927029,-0.027678552,0,-8.8777851,2.9662248e-05,0
0.5,0,26.914756,-0.026246054,0,-8.8685566,2.4386972e-05,0
0.5,0,26.899541,-0.023506766,0,-8.8593281,1.9590974e-05,0
0.5,0,26.882039,-0.019566149,0,-8.8500997,1.5541829e-05,0
0.5,0,26.863148,-0.014581636,0,-8.8408712,1.2468751e-05,0
0.5,0,26.843853,-0.0087820193,0,-8.8316427,1.0550779e-05,0
0.5,0,26.825112,-0.0024873746,0,-8.8224143,9.9060354e-06,0
0.5,0,26.80775,0.0039136552,0,-8.8131858,1.0583979e-05,0
0.5,0,26.792418,0.010016702,0,-8.8039573,1.2561223e-05,0
0.5,0,26.779506,0.015454672,0,-8.7947289,1.5739823e-05,0
0.5,0,26.769091,0.019933385,0,-8.7855004,1.9951549e-05,0
0.5,0,26.761001,0.023227732,0,-8.7762719,2.4969568e-05,0
0.5,0,26.754879,0.025164695,0,-8.7670435,3.0522925e-05,0
0.5,0,26.750283,0.025631664,0,-8.757815,3.6312612e-05,0
0.5,0,26.746781,0.024594733,0,-8.7485865,4.2028654e-05,0
0.5,0,26.744025,0.022108824,0,-8.7393581,4.736651e-05,0
0.5,0,26.741792,0.01831992,0,-8.7301296,5.2042679e-05,0
0.5,0,26.739986,0.013451791,0,-8.7209011,5.5809375e-05,0
0.5,0,26.738605,0.0077857282,0,-8.7116727,5.8468484e-05,0
0.5,0,26.737698,0.0016414041,0,-8.7024442,5.9883025e-05,0
0.5,0,26.737328,-0.0046420914,0,-8.6932157,5.998428e-05,0
0.5,0,26.737527,-0.01072122,0,-8.6839873,5.8775286e-05,0
0.5,0,26.738267,-0.016267627,0,-8.6747588,5.6329675e-05,0
0.5,0,26.739475,-0.020989167,0,-8.6655303,5.2786007e-05,0
0.5,0,26.741034,-0.024649143,0,-8.6563019,4.8338996e-05,0
0.5,0,26.742812,-0.027080646,0,-8.6470734,4.3228323e-05,0
0.5,0,26.744675,-0.02819092,0,-8.6378449,3.7725651e-05,0
0.5,0,26.746492,-0.027955925,0,-8.6286165,3.2120483e-05,0
0.5,0,26.748142,-0.026408082,0,-8.619388,2.6705427e-05,0
0.5,0,26.749495,-0.023624331,0,-8.6101595,2.1761528e-05,0
0.5,0,26.750398,-0.019717856,0,-8.6009311,1.7544895e-05,0
0.5,0,26.750668,-0.014846033,0,-8.5917026,1.4274949e-05,0
0.5,0,26.750094,-0.0092263264,0,-8.5824741,1.2125349e-05,0
0.5,0,26.748488,-0.0031499736,0,-8.5732457,1.1216418e-05,0
0.5,0,26.745768,0.0030292009,0,-8.5640172,1.1608695e-05,0
0.5,0,26.741943,0.0089439877,0,-8.5547887,1.3299297e-05,0
0.5,0,26.737142,0.014271057,0,-8.5455603,1.6220359e-05,0
0.5,0,26.731568,0.018764694,0,-8.5363318,2.0241206e-05,0
0.5,0,26.725413,0.022246739,0,-8.5271033,2.5175054e-05,0
0.5,0,26.718881,0.024585284,0,-8.5178749,3.0789381e-05,0
0.5,0,26.712174,0.025690139,0,-8.5086464,3.6819116e-05,0
0.5,0,26.70551,0.025518845,0,-8.4994179,4.2980873e-05,0
0.5,0,26.699126,0.024084826,0,-8.4901895,4.8986944e-05,0
0.5,0,26.693251,0.021460999,0,-8.480961,5.455895e-05,0
0.5,0,26.688105,0.017776378,0,-8.4717325,5.9441093e-05,0
0.5,0,26.683884,0.013209068,0,-8.4625041,6.3412518e-05,0
0.5,0,26.680754,0.0079778358,0,-8.4532756,6.6297954e-05,0
0.5,0,26.678822,0.0023326795,0,-8.4440471,6.7975856e-05,0
0.5,0,26.67813,-0.0034553332,0,-8.4348187,6.8383447e-05,0
0.5,0,26.678654,-0.0091084316,0,-8.4255902,6.7518603e-05,0
0.5,0,26.680313,-0.014358172,0,-8.4163617,6.5439303e-05,0
0.5,0,26.682985,-0.018962723,0,-8.4071333,6.2260734e-05,0
0.5,0,26.686507,-0.022713503,0,-8.3979048,5.8150303e-05,0
0.5,0,26.690683,-0.025435414,0,-8.3886763,5.331937e-05,0
0.5,0,26.695286,-0.026992167,0,-8.3794479,4.8012376e-05,0
0.5,0,26.700056,-0.027295259,0,-8.3702194,4.2495598e-05,0
0.5,0,26.704709,-0.026316988,0,-8.3609909,3.7045242e-05,0
0.5,0,26.708959,-0.024095801,0,-8.3517625,3.1935411e-05,0
0.5,0,26.712538,-0.02073303,0,-8.342534,2.742624e-05,0
0.5,0,26.715203,-0.016383831,0,-8.3333055,2.3751844e-05,0
0.5,0,26.716761,-0.011246746,0,-8.3240771,2.1108229e-05,0
0.5,0,26.717079,-0.0055580881,0,-8.3148486,1.9642042e-05,0
0.5,0,26.716117,0.00041102837,0,-8.3056201,1.9441693e-05,0
0.5,0,26.713932,0.0063644014,0,-8.2963917,2.0532461e-05,0
0.5,0,26.710673,0.012000115,0,-8.2871632,2.2876352e-05,0
0.5,0,26.706545,0.017031492,0,-8.2779347,2.6376021e-05,0
0.5,0,26.701772,0.021203663,0,-8.2687062,3.088113e-05,0
0.5,0,26.696569,0.024308547,0,-8.2594778,3.6195794e-05,0
0.5,0,26.691137,0.026198729,0,-8.2502493,4.2086771e-05,0
0.5,0,26.68566,0.026796032,0,-8.2410208,4.8292452e-05,0
0.5,0,26.680306,0.026092023,0,-8.2317924,5.4533185e-05,0
0.5,0,26.675228,0.024140456,0,-8.2225639,6.0523491e-05,0
0.5,0,26.670563,0.021045349,0,-8.2133354,6.598597e-05,0
0.5,0,26.666441,0.016950385,0,-8.204107,7.0665784e-05,0
0.5,0,26.662972,0.012032491,0,-8.1948785,7.4344221e-05,0
0.5,0,26.660248,0.006498147,0,-8.18565,7.6850087e-05,0
0.5,0,26.658331,0.00057928631,0,-8.1764216,7.8068073e-05,0
0.5,0,26.657259,-0.0054728612,0,-8.1671931,7.7943691e-05,0
0.5,0,26.657052,-0.01139627,0,-8.1579646,7.6484783e-05,0
0.5,0,26.657705,-0.016928793,0,-8.1487362,7.3759745e-05,0
0.5,0,26.659194,-0.021819959,0,-8.1395077,6.9892684e-05,0
0.5,0,26.661465,-0.025843285,0,-8.1302792,6.5056059e-05,0
0.5,0,26.664429,-0.028809422,0,-8.1210508,5.9461598e-05,0
0.5,0,26.667958,-0.030578996,0,-8.1118223,5.3350308e-05,0
0.5,0,26.671891,-0.031072222,0,-8.1025938,4.6982241e-05,0
0.5,0,26.676038,-0.030272407,0,-8.0933654,4.0626429e-05,0
0.5,0,26.6802,-0.028222402,0,-8.0841369,3.4551049e-05,0
0.5,0,26.684174,-0.025015991,0,-8.0749084,2.9013601e-05,0
0.5,0,26.687765,-0.020788234,0,-8.06568,2.4250923e-05,0
0.5,0,26.690778,-0.015710145,0,-8.0564515,2.0469118e-05,0
0.5,0,26.693035,-0.0099910833,0,-8.047223,1.7833781e-05,0
0.5,0,26.694399,-0.0038847198,0,-8.0379946,1.646116e-05,0
0.5,0,26.694806,0.00231625,0,-8.0287661,1.641104e-05,0
0.5,0,26.694292,0.008307246,0,-8.0195376,1.7682281e-05,0
0.5,0,26.692981,0.013808677,0,-8.0103092,2.0211701e-05,0
0.5,0,26.691047,0.018588711,0,-8.0010807,2.3876585e-05,0
0.5,0,26.688673,0.022463652,0,-7.9918522,2.8500963e-05,0
0.5,0,26.68604,0.025287851,0,-7.9826238,3.3865497e-05,0
0.5,0,26.683331,0.026948674,0,-7.9733953,3.9719778e-05,0
0.5,0,26.680746,0.027372177,0,-7.9641668,4.5795225e-05,0
0.5,0,26.678507,0.026534731,0,-7.9549384,5.1817108e-05,0
0.5,0,26.676842,0.024470954,0,-7.9457099,5.7515195e-05,0
0.5,0,26.675961,0.021272537,0,-7.9364814,6.2633213e-05,0
0.5,0,26.676036,0.017081137,0,-7.927253,6.6937729e-05,0
0.5,0,26.677192,0.012079558,0,-7.9180245,7.0226914e-05,0
0.5,0,26.679498,0.0064838102,0,-7.908796,7.2339126e-05,0
0.5,0,26.682962,0.00053583886,0,-7.8995676,7.3160631e-05,0
0.5,0,26.687546,-0.005505447,0,-7.8903391,7.2631659e-05,0
0.5,0,26.693176,-0.011377807,0,-7.8811106,7.075012e-05,0
0.5,0,26.699752,-0.016834713,0,-7.8718822,6.7572538e-05,0
0.5,0,26.707159,-0.021663034,0,-7.8626537,6.3211958e-05,0
0.5,0,26.71526,-0.025691769,0,-7.8534252,5.7832867e-05,0
0.5,0,26.723901,-0.028791099,0,-7.8441968,5.1643593e-05,0
0.5,0,26.732909,-0.030865377,0,-7.8349683,4.4886883e-05,0
0.5,0,26.742096,-0.031845826,0,-7.8257398,3.7829578e-05,0
0.5,0,26.751266,-0.031688537,0,-7.8165114,3.0752114e-05,0
0.5,0,26.760215,-0.030378796,0,-7.8072829,2.3937934e-05,0
0.5,0,26.768722,-0.027933938,0,-7.7980544,1.7662293e-05,0
0.5,0,26.776506,-0.024391107,0,-7.788826,1.2180483e-05,0
0.5,0,26.783163,-0.019782261,0,-7.7795975,7.716628e-06,0
0.5,0,26.788101,-0.014142962,0,-7.770369,4.4547451e-06,0
0.5,0,26.790617,-0.0076124797,0,-7.7611406,2.5323619e-06,0
0.5,0,26.790159,-0.00056726852,0,-7.7519121,2.0350126e-06,0
0.5,0,26.786601,0.0064210588,0,-7.7426836,2.9914718e-06,0
0.5,0,26.780256,0.012839013,0,-7.7334552,5.3707327e-06,0
0.5,0,26.771596,0.01841397,0,-7.7242267,9.0813503e-06,0
0.5,0,26.761004,0.023062436,0,-7.7149982,1.3975172e-05,0
0.5,0,26.748765,0.026743547,0,-7.7057698,1.9857174e-05,0
0.5,0,26.735173,0.029377414,0,-7.6965413,2.6498074e-05,0
0.5,0,26.720635,0.030858385,0,-7.6873128,3.3645501e-05,0
0.5,0,26.705697,0.031113268,0,-7.6780844,4.1029829e-05,0
0.5,0,26.690949,0.030148857,0,-7.6688559,4.8370101e-05,0
0.5,0,26.676979,0.028032793,0,-7.6596274,5.5383661e-05,0
0.5,0,26.664416,0.024860904,0,-7.650399,6.1798961e-05,0
0.5,0,26.653756,0.020757815,0,-7.6411705,6.7370848e-05,0
0.5,0,26.645223,0.015859753,0,-7.631942,7.1894466e-05,0
0.5,0,26.638952,0.010317201,0,-7.6227136,7.5206309e-05,0
0.5,0,26.634997,0.0043364095,0,-7.6134851,7.7184987e-05,0
0.5,0,26.633292,-0.0018494401,0,-7.6042566,7.7758957e-05,0
0.5,0,26.633773,-0.0080217303,0,-7.5950282,7.6908668e-05,0
0.5,0,26.63635,-0.0139625,0,-7.5857997,7.4669511e-05,0
0.5,0,26.640863,-0.019450359,0,-7.5765712,7.1133098e-05,0
0.5,0,26.647101,-0.024267421,0,-7.5673428,6.6441868e-05,0
0.5,0,26.654812,-0.028209594,0,-7.5581143,6.07808e-05,0
0.5,0,26.663686,-0.031105877,0,-7.5488858,5.4370248e-05,0
0.5,0,26.673378,-0.032847738,0,-7.5396574,4.7458308e-05,0
0.5,0,26.68357,-0.033385707,0,-7.5304289,4.0312489e-05,0
0.5,0,26.69398,-0.032711081,0,-7.5212004,3.3210675e-05,0
0.5,0,26.704344,-0.030860956,0,-7.511972,2.643068e-05,0
0.5,0,26.714423,-0.027910766,0,-7.5027435,2.0239563e-05,0
0.5,0,26.723976,-0.023948542,0,-7.493515,1.4883258e-05,0
0.5,0,26.732676,-0.019058316,0,-7.4842866,1.0576913e-05,0
0.5,0,26.740029,-0.01332979,0,-7.4750581,7.4975462e-06,0
0.5,0,26.745418,-0.0069362422,0,-7.4658296,5.7772096e-06,0
0.5,0,26.748333,-0.0002046503,0,-7.4566012,5.4961151e-06,0
0.5,0,26.748609,0.0064398776,0,-7.4473727,6.6766054e-06,0
0.5,0,26.746454,0.012632217,0,-7.4381442,9.2804658e-06,0
0.5,0,26.742296,0.018154849,0,-7.4289158,1.3210049e-05,0
0.5,0,26.73661,0.022883126,0,-7.4196873,1.8313864e-05,0
0.5,0,26.729835,0.026704692,0,-7.4104588,2.4397534e-05,0
0.5,0,26.72233,0.02949976,0,-7.4012304,3.1237995e-05,0
0.5,0,26.714383,0.031162886,0,-7.3920019,3.8594011e-05,0
0.5,0,26.706232,0.031633109,0,-7.3827734,4.6210439e-05,0
0.5,0,26.698083,0.030917347,0,-7.373545,5.3821462e-05,0
0.5,0,26.690102,0.029078416,0,-7.3643165,6.1157378e-05,0
0.5,0,26.682421,0.026205411,0,-7.355088,6.795573e-05,0
0.5,0,26.675153,0.022393982,0,-7.3458596,7.3973797e-05,0
0.5,0,26.668398,0.017753782,0,-7.3366311,7.899937e-05,0
0.5,0,26.662256,0.012425365,0,-7.3274026,8.2856806e-05,0
0.5,0,26.656829,0.0065911403,0,-7.3181742,8.5409556e-05,0
0.5,0,26.652233,0.00046331871,0,-7.3089457,8.6561764e-05,0
0.5,0,26.6486,-0.0057425937,0,-7.2997172,8.62615e-05,0
0.5,0,26.64608,-0.011828801,0,-7.2904888,8.4504882e-05,0
0.5,0,26.644819,-0.017614239,0,-7.2812603,8.1339538e-05,0
0.5,0,26.644897,-0.022920072,0,-7.2720318,7.6865539e-05,0
0.5,0,26.646293,-0.027564839,0,-7.2628034,7.1232164e-05,0
0.5,0,26.6489,-0.03137472,0,-7.2535749,6.4630141e-05,0
0.5,0,26.652551,-0.034203858,0,-7.2443464,5.7282347e-05,0
0.5,0,26.65705,-0.035950711,0,-7.235118,4.943602e-05,0
0.5,0,26.662197,-0.036570818,0,-7.2258895,4.1356567e-05,0
0.5,0,26.667842,-0.036075406,0,-7.216661,3.3320781e-05,0
0.5,0,26.673915,-0.03454302,0,-7.2074326,2.5604877e-05,0
0.5,0,26.680376,-0.032077559,0,-7.1982041,1.8473678e-05,0
0.5,0,26.687138,-0.028734834,0,-7.1889756,1.2170888e-05,0
0.5,0,26.69391,-0.024494417,0,-7.1797472,6.9091968e-06,0
0.5,0,26.700004,-0.019242787,0,-7.1705187,2.8603998e-06,0
0.5,0,26.70439,-0.012658824,0,-7.1612902,1.5838379e-07,0
0.5,0,26.703187,0.0088189376,0,-7.1336048,8.4398459e-07,0
0.5,0,26.6983,0.015353391,0,-7.1243764,3.9579052e-06,0
0.5,0,26.692261,0.02057017,0,-7.1151479,8.3784709e-06,0
0.5,0,26.685717,0.024966571,0,-7.1059194,1.3943727e-05,0
0.5,0,26.678888,0.028504651,0,-7.096691,2.0468228e-05,0
0.5,0,26.67187,0.03106605,0,-7.0874625,2.7732997e-05,0
0.5,0,26.664772,0.032537268,0,-7.078234,3.5494053e-05,0
0.5,0,26.657777,0.032848156,0,-7.0690056,4.3491449e-05,0
0.5,0,26.651152,0.032013085,0,-7.0597771,5.1449136e-05,0
0.5,0,26.645152,0.030080224,0,-7.0505486,5.9083729e-05,0
0.5,0,26.639954,0.027082245,0,-7.0413202,6.612171e-05,0
0.5,0,26.635651,0.02306402,0,-7.0320917,7.2313052e-05,0
0.5,0,26.632265,0.018141475,0,-7.0228632,7.7438263e-05,0
0.5,0,26.629768,0.01250647,0,-7.0136348,8.1312513e-05,0
0.5,0,26.628103,0.0063912725,0,-7.0044063,8.3790429e-05,0
0.5,0,26.627221,2.6219726e-05,0,-6.9951778,8.4771966e-05,0
0.5,0,26.627105,-0.0063875367,0,-6.9859494,8.420879e-05,0
0.5,0,26.627774,-0.012676247,0,-6.9767209,8.210775e-05,0
0.5,0,26.629271,-0.018669892,0,-6.9674924,7.8529468e-05,0
0.5,0,26.631616,-0.024185194,0,-6.958264,7.3582035e-05,0
0.5,0,26.63479,-0.02903172,0,-6.9490355,6.7412863e-05,0
0.5,0,26.638741,-0.033042578,0,-6.939807,6.0202124e-05,0
0.5,0,26.64341,-0.036119575,0,-6.9305786,5.215847e-05,0
0.5,0,26.648794,-0.038257911,0,-6.9213501,4.3515219e-05,0
0.5,0,26.655005,-0.039519773,0,-6.9121216,3.45221e-05,0
0.5,0,26.662216,-0.039977759,0,-6.9028932,2.5438413e-05,0
0.5,0,26.670563,-0.039680571,0,-6.8936647,1.6528334e-05,0
0.5,0,26.679714,-0.038375945,0,-6.8844362,8.0490791e-06,0
0.5,0,26.687968,-0.034993991,0,-6.8752078,2.5169999e-07,0
0.5,0,26.701803,0.030306621,0,-6.7736946,8.0248263e-07,0
0.5,0,26.69738,0.033428583,0,-6.7644662,8.373088e-06,0
0.5,0,26.692887,0.034725766,0,-6.7552377,1.645097e-05,0
0.5,0,26.688817,0.034995684,0,-6.7460092,2.4802842e-05,0
0.5,0,26.684921,0.03440308,0,-6.7367808,3.3186237e-05,0
0.5,0,26.680932,0.032938698,0,-6.7275523,4.1357332e-05,0
0.5,0,26.676824,0.030591326,0,-6.7183238,4.907524e-05,0
0.5,0,26.672734,0.027365852,0,-6.7090954,5.6112438e-05,0
0.5,0,26.668748,0.023344899,0,-6.6998669,6.2258887e-05,0
0.5,0,26.664971,0.018623336,0,-6.6906384,6.732635e-05,0
0.5,0,26.661549,0.013315201,0,-6.68141,7.1156293e-05,0
0.5,0,26.658557,0.0075705599,0,-6.6721815,7.3623479e-05,0
0.5,0,26.656031,0.001531733,0,-6.662953,7.4637654e-05,0
0.5,0,26.653981,-0.0046699118,0,-6.6537246,7.4148068e-05,0
0.5,0,26.652407,-0.010878697,0,-6.6444961,7.2147541e-05,0
0.5,0,26.651378,-0.01691001,0,-6.6352676,6.8672441e-05,0
0.5,0,26.651122,-0.022583377,0,-6.6260392,6.3799663e-05,0
0.5,0,26.651983,-0.027750858,0,-6.6168107,5.7644583e-05,0
0.5,0,26.654256,-0.032307876,0,-6.6075822,5.0361208e-05,0
0.5,0,26.658054,-0.036209675,0,-6.5983538,4.2140374e-05,0
0.5,0,26.663369,-0.039463434,0,-6.5891253,3.3202966e-05,0
0.5,0,26.670265,-0.042096787,0,-6.5798968,2.3789356e-05,0
0.5,0,26.678847,-0.044049964,0,-6.5706684,1.4147615e-05,0
0.5,0,26.688276,-0.044561747,0,-6.5614399,4.5246072e-06,0
0.5,0,26.675536,0.041373854,0,-6.4137844,5.9332609e-06,0
0.5,0,26.66631,0.042284896,0,-6.404556,1.6726611e-05,0
0.5,0,26.658082,0.041784687,0,-6.3953275,2.7732064e-05,0
0.5,0,26.651135,0.040465944,0,-6.386099,3.8668895e-05,0
0.5,0,26.64547,0.038277275,0,-6.3768706,4.9256701e-05,0
0.5,0,26.641132,0.035082718,0,-6.3676421,5.9237318e-05,0
0.5,0,26.638057,0.03088397,0,-6.3584136,6.8378552e-05,0
0.5,0,26.636011,0.025861704,0,-6.3491852,7.6461282e-05,0
0.5,0,26.634696,0.020252646,0,-6.3399567,8.3273364e-05,0
0.5,0,26.633818,0.014224702,0,-6.3307282,8.8624793e-05,0
0.5,0,26.633164,0.0078531483,0,-6.3214998,9.2369437e-05,0
0.5,0,26.632676,0.0011761197,0,-6.3122713,9.4419548e-05,0
0.5,0,26.632469,-0.0057054259,0,-6.3030428,9.4746574e-05,0
0.5,0,26.632848,-0.012571154,0,-6.2938144,9.3366573e-05,0
0.5,0,26.634192,-0.019131141,0,-6.2845859,9.0325061e-05,0
0.5,0,26.636733,-0.025144622,0,-6.2753574,8.5697556e-05,0
0.5,0,26.640435,-0.030507929,0,-6.266129,7.9601467e-05,0
0.5,0,26.645074,-0.035219393,0,-6.2569005,7.2203164e-05,0
0.5,0,26.65037,-0.039267592,0,-6.247672,6.3712433e-05,0
0.5,0,26.656095,-0.042571958,0,-6.2384436,5.4369821e-05,0
0.5,0,26.662172,-0.045012656,0,-6.2292151,4.4430727e-05,0
0.5,0,26.668739,-0.04653819,0,-6.2199866,3.4153852e-05,0
0.5,0,26.676161,-0.047261258,0,-6.2107582,2.3801695e-05,0
0.5,0,26.684782,-0.047262331,0,-6.2015297,1.3641252e-05,0
0.5,0,26.693755,-0.04582919,0,-6.1923012,3.9385254e-06,0
0.5,0,26.69688,0.037318797,0,-6.0723312,1.411185e-07,0
0.5,0,26.693013,0.041230935,0,-6.0631027,1.027675e-05,0
0.5,0,26.689552,0.043035286,0,-6.0538742,2.1195854e-05,0
0.5,0,26.687173,0.043827761,0,-6.0446458,3.2656251e-05,0
0.5,0,26.685578,0.043882577,0,-6.0354173,4.4377918e-05,0
0.5,0,26.68432,0.043136993,0,-6.0261888,5.6067518e-05,0
0.5,0,26.683071,0.041426694,0,-6.0169604,6.7447087e-05,0
0.5,0,26.681676,0.038670857,0,-6.0077319,7.8265497e-05,0
0.5,0,26.68012,0.034978305,0,-5.9985034,8.8285115e-05,0
0.5,0,26.678464,0.030548511,0,-5.989275,9.7273584e-05,0
0.5,0,26.6768,0.02555441,0,-5.9800465,0.00010501163,0
0.5,0,26.675216,0.020071184,0,-5.970818,0.00011130818,0
0.5,0,26.673799,0.014070441,0,-5.9615896,0.00011601579,0
0.5,0,26.672703,0.0075259063,0,-5.9523611,0.00011903592,0
0.5,0,26.672129,0.00053001132,0,-5.9431326,0.00012030848,0
0.5,0,26.672474,-0.0066998079,0,-5.9339042,0.00011980031,0
0.5,0,26.674398,-0.013878598,0,-5.9246757,0.00011750666,0
0.5,0,26.678396,-0.020768318,0,-5.9154472,0.00011346074,0
0.5,0,26.68453,-0.027261349,0,-5.9062187,0.00010774029,0
0.5,0,26.692563,-0.033293825,0,-5.8969903,0.00010046905,0
0.5,0,26.702115,-0.038733352,0,-5.8877618,9.1811298e-05,0
0.5,0,26.712815,-0.043381358,0,-5.8785333,8.1958229e-05,0
0.5,0,26.724457,-0.047066954,0,-5.8693049,7.1117356e-05,0
0.5,0,26.737046,-0.049743191,0,-5.8600764,5.9511456e-05,0
0.5,0,26.750778,-0.051497786,0,-5.8508479,4.7383208e-05,0
0.5,0,26.76602,-0.052514406,0,-5.8416195,3.4995782e-05,0
0.5,0,26.78317,-0.05301744,0,-5.832391,2.2633579e-05,0
0.5,0,26.802061,-0.052839317,0,-5.8231625,1.0583846e-05,0
0.5,0,26.875642,0.046299792,0,-5.6755071,9.8784678e-06,0
0.5,0,26.867025,0.048060742,0,-5.6662786,2.2589773e-05,0
0.5,0,26.858751,0.048766568,0,-5.6570501,3.5854188e-05,0
0.5,0,26.850989,0.048842862,0,-5.6478217,4.9378166e-05,0
0.5,0,26.843728,0.048084658,0,-5.6385932,6.2864109e-05,0
0.5,0,26.837087,0.046213272,0,-5.6293647,7.6037335e-05,0
0.5,0,26.831286,0.043189329,0,-5.6201363,8.8645677e-05,0
0.5,0,26.826507,0.039249326,0,-5.6109078,0.0001004343,0
0.5,0,26.822823,0.034668894,0,-5.6016793,0.00011113632,0
0.5,0,26.820299,0.029562166,0,-5.5924509,0.000120491,0
0.5,0,26.819026,0.023871128,0,-5.5832224,0.00012827179,0
0.5,0,26.819171,0.017499386,0,-5.5739939,0.00013430637,0
0.5,0,26.821009,0.010487977,0,-5.5647655,0.0001384772,0
0.5,0,26.824757,0.0030755057,0,-5.555537,0.00014070638,0
0.5,0,26.83047,-0.0044245456,0,-5.5463085,0.00014094361,0
0.5,0,26.838029,-0.01178784,0,-5.5370801,0.00013916865,0
0.5,0,26.847213,-0.018928448,0,-5.5278516,0.00013540152,0
0.5,0,26.857817,-0.025821048,0,-5.5186231,0.00012970872,0
0.5,0,26.869724,-0.032392934,0,-5.5093947,0.00012220043,0
0.5,0,26.882882,-0.03848506,0,-5.5001662,0.00011302234,0
0.5,0,26.897215,-0.043905614,0,-5.4909377,0.0001023493,0
0.5,0,26.91256,-0.04851771,0,-5.4817093,9.0385477e-05,0
0.5,0,26.928692,-0.052294376,0,-5.4724808,7.7366489e-05,0
0.5,0,26.945421,-0.055303377,0,-5.4632523,6.3553573e-05,0
0.5,0,26.962721,-0.057599319,0,-5.4540239,4.9218213e-05,0
0.5,0,26.98078,-0.059188373,0,-5.4447954,3.4631081e-05,0
0.5,0,26.999916,-0.060092569,0,-5.4355669,2.0054024e-05,0
0.5,0,27.019192,-0.05944291,0,-5.4263385,5.735718e-06,0
0.5,0,27.071696,0.054954408,0,-5.2602261,2.7806507e-06,0
0.5,0,27.063621,0.057768934,0,-5.2509976,1.7661076e-05,0
0.5,0,27.055244,0.058265143,0,-5.2417691,3.3059742e-05,0
0.5,0,27.04697,0.057858308,0,-5.2325407,4.8693089e-05,0
0.5,0,27.038564,0.056532329,0,-5.2233122,6.4278852e-05,0
0.5,0,27.029927,0.054158705,0,-5.2140837,7.9527828e-05,0
0.5,0,27.021096,0.05070779,0,-5.2048553,9.4161716e-05,0
0.5,0,27.01225,0.046309658,0,-5.1956268,0.0001079147,0
0.5,0,27.00376,0.041166641,0,-5.1863983,0.0001205229,0
0.5,0,26.996183,0.035396544,0,-5.1771699,0.00013172923,0
0.5,0,26.990095,0.029029403,0,-5.1679414,0.00014129601,0
0.5,0,26.985884,0.022064353,0,-5.1587129,0.00014901789,0
0.5,0,26.98365,0.014533974,0,-5.1494845,0.00015473283,0
0.5,0,26.983303,0.0065726627,0,-5.140256,0.00015832494,0
0.5,0,26.984694,-0.00159593,0,-5.1310275,0.00015972023,0
0.5,0,26.987709,-0.0097571378,0,-5.1217991,0.00015888489,0
0.5,0,26.992271,-0.017766972,0,-5.1125706,0.00015582797,0
0.5,0,26.998269,-0.025526697,0,-5.1033421,0.00015060351,0
0.5,0,27.005522,-0.032937917,0,-5.0941137,0.00014330968,0
0.5,0,27.013828,-0.03988828,0,-5.0848852,0.00013408534,0
0.5,0,27.023058,-0.046266479,0,-5.0756567,0.00012310405,0
0.5,0,27.03325,-0.051974737,0,-5.0664283,0.00011056764,0
0.5,0,27.044601,-0.056918758,0,-5.0571998,9.6702051e-05,0
0.5,0,27.057395,-0.061022042,0,-5.0479713,8.175481e-05,0
0.5,0,27.071918,-0.06427332,0,-5.0387429,6.5988392e-05,0
0.5,0,27.088481,-0.066731307,0,-5.0295144,4.9671661e-05,0
0.5,0,27.107541,-0.06858142,0,-5.0202859,3.3079561e-05,0
0.5,0,27.129472,-0.06995843,0,-5.0110575,1.6484679e-05,0
0.5,0,27.152408,-0.068584243,0,-5.001829,1.7084108e-07,0
0.5,0,26.854877,0.062636072,0,-4.8172597,2.533911e-06,0
0.5,0,26.837155,0.065240382,0,-4.8080312,2.0422489e-05,0
0.5,0,26.82137,0.065957201,0,-4.7988027,3.886422e-05,0
0.5,0,26.806952,0.066150665,0,-4.7895743,5.7554083e-05,0
0.5,0,26.793244,0.065613061,0,-4.7803458,7.617414e-05,0
0.5,0,26.78038,0.063916951,0,-4.7711173,9.4421034e-05,0
0.5,0,26.769016,0.060845066,0,-4.7618889,0.00011202038,0
0.5,0,26.759808,0.056569846,0,-4.7526604,0.00012870782,0
0.5,0,26.75301,0.051470792,0,-4.7434319,0.00014420603,0
0.5,0,26.748397,0.045807777,0,-4.7342035,0.0001582322,0
0.5,0,26.745443,0.0396053,0,-4.724975,0.00017052324,0
0.5,0,26.743632,0.032716724,0,-4.7157465,0.00018085908,0
0.5,0,26.742679,0.025021977,0,-4.7065181,0.00018907003,0
0.5,0,26.742511,0.016627741,0,-4.6972896,0.00019502333,0
0.5,0,26.743108,0.0078336941,0,-4.6880611,0.00019860484,0
0.5,0,26.744363,-0.0010750736,0,-4.6788327,0.00019971839,0
0.5,0,26.746104,-0.0099663141,0,-4.6696042,0.00019830244,0
0.5,0,26.748213,-0.018823899,0,-4.6603757,0.00019434703,0
0.5,0,26.750721,-0.027609962,0,-4.6511473,0.0001878982,0
0.5,0,26.753822,-0.036164501,0,-4.6419188,0.0001790479,0
0.5,0,26.757778,-0.044226135,0,-4.6326903,0.00016791928,0
0.5,0,26.762819,-0.051557759,0,-4.6234619,0.00015465932,0
0.5,0,26.769077,-0.05805793,0,-4.6142334,0.00013944284,0
0.5,0,26.776587,-0.063756792,0,-4.6050049,0.00012248306,0
0.5,0,26.785319,-0.068750827,0,-4.5957765,0.00010403648,0
0.5,0,26.795276,-0.073150454,0,-4.586548,8.4390466e-05,0
0.5,0,26.80668,-0.077008009,0,-4.5773195,6.3842901e-05,0
0.5,0,26.820218,-0.080432032,0,-4.5680911,4.2698439e-05,0
0.5,0,26.836909,-0.083627041,0,-4.5588626,2.1259736e-05,0
0.5,0,26.892439,0.078830032,0,-4.3373794,2.3729497e-07,0
0.5,0,26.878079,0.080928102,0,-4.3281509,2.365962e-05,0
0.5,0,26.864494,0.080889251,0,-4.3189225,4.7504105e-05,0
0.5,0,26.852568,0.080227098,0,-4.309694,7.147244e-05,0
0.5,0,26.841905,0.078873584,0,-4.3004655,9.5241988e-05,0
0.5,0,26.832141,0.07653301,0,-4.2912371,0.00011849555,0
0.5,0,26.823084,0.073066465,0,-4.2820086,0.00014093002,0
0.5,0,26.814658,0.068600602,0,-4.2727801,0.0001622471,0
0.5,0,26.806871,0.063327216,0,-4.2635517,0.00018214982,0
0.5,0,26.799809,0.057313339,0,-4.2543232,0.00020036367,0
0.5,0,26.793593,0.050544333,0,-4.2450947,0.00021665324,0
0.5,0,26.788318,0.042997605,0,-4.2358663,0.00023082295,0
0.5,0,26.78404,0.034710979,0,-4.2266378,0.00024270704,0
0.5,0,26.780787,0.025835429,0,-4.2174093,0.000252154,0
0.5,0,26.778557,0.016579011,0,-4.2081809,0.00025901994,0
0.5,0,26.777326,0.0071095667,0,-4.1989524,0.00026317904,0
0.5,0,26.777055,-0.002453954,0,-4.1897239,0.00026453954,0
0.5,0,26.777711,-0.011993389,0,-4.1804955,0.00026305176,0
0.5,0,26.779285,-0.021383209,0,-4.171267,0.00025870874,0
0.5,0,26.781802,-0.030528812,0,-4.1620385,0.00025154726,0
0.5,0,26.785314,-0.039391948,0,-4.1528101,0.00024165161,0
0.5,0,26.789862,-0.047962927,0,-4.1435816,0.00022915512,0
0.5,0,26.795425,-0.056202587,0,-4.1343531,0.00021423451,0
0.5,0,26.801885,-0.064007562,0,-4.1251247,0.00019709646,0
0.5,0,26.809057,-0.071208176,0,-4.1158962,0.00017796011,0
0.5,0,26.816765,-0.077585164,0,-4.1066677,0.00015704471,0
0.5,0,26.824923,-0.082960375,0,-4.0974393,0.00013457103,0
0.5,0,26.833603,-0.087362354,0,-4.0882108,0.00011077039,0
0.5,0,26.843144,-0.091011162,0,-4.0789823,8.5892497e-05,0
0.5,0,26.854242,-0.09420016,0,-4.0697539,6.0221953e-05,0
0.5,0,26.86826,-0.097509273,0,-4.0605254,3.4082954e-05,0
0.5,0,26.885467,-0.10028377,0,-4.0512969,7.7973829e-06,0
0.5,0,26.899104,0.10479012,0,-3.8205853,5.1751293e-06,0
0.5,0,26.884012,0.10718473,0,-3.8113568,3.6795135e-05,0
0.5,0,26.871579,0.10797385,0,-3.8021283,6.9244278e-05,0
0.5,0,26.861198,0.1085289,0,-3.7928999,0.00010214448,0
0.5,0,26.851692,0.1084208,0,-3.7836714,0.00013510626,0
0.5,0,26.842538,0.10706,0,-3.7744429,0.00016775876,0
0.5,0,26.83371,0.10418153,0,-3.7652145,0.00019975393,0
0.5,0,26.825418,0.099910392,0,-3.755986,0.0002307317,0
0.5,0,26.817854,0.094478547,0,-3.7467575,0.00026030184,0
0.5,0,26.811022,0.08801533,0,-3.7375291,0.00028806407,0
0.5,0,26.804756,0.08052123,0,-3.7283006,0.00031364112,0
0.5,0,26.798926,0.071918805,0,-3.7190721,0.00033670764,0
0.5,0,26.793622,0.062216986,0,-3.7098437,0.0003569944,0
0.5,0,26.789138,0.05161624,0,-3.7006152,0.00037426529,0
0.5,0,26.785802,0.040402376,0,-3.6913867,0.00038829591,0
0.5,0,26.783845,0.028756574,0,-3.6821583,0.00039887635,0
0.5,0,26.783393,0.016723782,0,-3.6729298,0.00040583081,0
0.5,0,26.784553,0.0043146773,0,-3.6637013,0.00040903576,0
0.5,0,26.787471,-0.0084194058,0,-3.6544729,0.00040842628,0
0.5,0,26.792311,-0.021355911,0,-3.6452444,0.00040399045,0
0.5,0,26.799166,-0.034305536,0,-3.6360159,0.00039575813,0
0.5,0,26.80795,-0.04704437,0,-3.6267875,0.00038379085,0
0.5,0,26.818353,-0.059349169,0,-3.617559,0.00036817715,0
0.5,0,26.829881,-0.071016472,0,-3.6083305,0.00034903562,0
0.5,0,26.841981,-0.08187433,0,-3.5991021,0.0003265234,0
0.5,0,26.854196,-0.0917995,0,-3.5898736,0.00030084341,0
0.5,0,26.866291,-0.10073459,0,-3.5806451,0.00027224561,0
0.5,0,26.878288,-0.10864597,0,-3.5714167,0.00024102394,0
0.5,0,26.890394,-0.1154824,0,-3.5621882,0.00020751356,0
0.5,0,26.902908,-0.12127896,0,-3.5529597,0.00017208083,0
0.5,0,26.916257,-0.12618065,0,-3.5437313,0.0001351004,0
0.5,0,26.931068,-0.13030678,0,-3.5345028,9.6953365e-05,0
0.5,0,26.948903,-0.13425897,0,-3.5252743,5.8053284e-05,0
0.5,0,26.97145,-0.13874452,0,-3.5160458,1.8801475e-05,0
0.5,0,27.16233,0.14838991,0,-3.2484203,2.8104424e-05,0
0.5,0,27.15683,0.14955739,0,-3.2391918,7.480728e-05,0
0.5,0,27.149404,0.14973883,0,-3.2299634,0.00012209101,0
0.5,0,27.136874,0.14944044,0,-3.2207349,0.00016942961,0
0.5,0,27.116478,0.14780318,0,-3.2115064,0.000216365,0
0.5,0,27.086945,0.14434375,0,-3.202278,0.00026246777,0
0.5,0,27.048454,0.13929813,0,-3.1930495,0.00030730807,0
0.5,0,27.002473,0.13306068,0,-3.183821,0.00035043369,0
0.5,0,26.951565,0.12576032,0,-3.1745926,0.00039139478,0
0.5,0,26.899027,0.11731081,0,-3.1653641,0.00042977758,0
0.5,0,26.848444,0.10760075,0,-3.1561356,0.00046522029,0
0.5,0,26.803129,0.096683787,0,-3.1469072,0.00049741074,0
0.5,0,26.765504,0.084857371,0,-3.1376787,0.00052606997,0
0.5,0,26.736695,0.072462419,0,-3.1284502,0.00055094369,0
0.5,0,26.716559,0.059618859,0,-3.1192218,0.00057181328,0
0.5,0,26.7041,0.046221056,0,-3.1099933,0.00058850705,0
0.5,0,26.697943,0.032173435,0,-3.1007648,0.00060089052,0
0.5,0,26.696637,0.017605062,0,-3.0915364,0.00060883962,0
0.5,0,26.698743,0.0028637839,0,-3.0823079,0.00061222046,0
0.5,0,26.702842,-0.011696309,0,-3.0730794,0.00061089665,0
0.5,0,26.70761,-0.025938921,0,-3.063851,0.00060476402,0
0.5,0,26.711995,-0.03998021,0,-3.0546225,0.00059379006,0
0.5,0,26.715424,-0.054011979,0,-3.045394,0.00057803211,0
0.5,0,26.717897,-0.068082243,0,-3.0361656,0.00055762486,0
0.5,0,26.719896,-0.08202161,0,-3.0269371,0.00053274988,0
0.5,0,26.722152,-0.095548659,0,-3.0177086,0.00050360999,0
0.5,0,26.725378,-0.1084259,0,-3.0084802,0.00047042327,0
0.5,0,26.730072,-0.12053027,0,-2.9992517,0.00043343155,0
0.5,0,26.736457,-0.13180409,0,-2.9900232,0.00039290494,0
0.5,0,26.744527,-0.1421346,0,-2.9807948,0.00034913504,0
0.5,0,26.75413,-0.15131103,0,-2.9715663,0.00030242977,0
0.5,0,26.765075,-0.15923658,0,-2.9623378,0.00025311637,0
0.5,0,26.777351,-0.16609665,0,-2.9531094,0.00020153923,0
0.5,0,26.791245,-0.17208328,0,-2.9438809,0.00014806751,0
0.5,0,26.808099,-0.17770802,0,-2.9346524,9.3131712e-05,0
0.5,0,26.830457,-0.18457657,0,-2.925424,3.7168335e-05,0
0.5,0,26.857087,0.22776198,0,-2.6116561,6.7179144e-05,0
0.5,0,26.833861,0.22945401,0,-2.6024276,0.00014210542,0
0.5,0,26.812823,0.23071847,0,-2.5931992,0.00021787085,0
0.5,0,26.79335,0.23065419,0,-2.5839707,0.00029387549,0
0.5,0,26.775419,0.22860275,0,-2.5747422,0.0003695434,0
0.5,0,26.759185,0.22456611,0,-2.5655138,0.00044429811,0
0.5,0,26.74456,0.218939,0,-2.5562853,0.00051752561,0
0.5,0,26.731158,0.21197378,0,-2.5470568,0.00058858609,0
0.5,0,26.718493,0.20362781,0,-2.5378284,0.00065685499,0
0.5,0,26.706282,0.19362221,0,-2.5285999,0.0007217583,0
0.5,0,26.694606,0.18167744,0,-2.5193714,0.00078278104,0
0.5,0,26.68377,0.16783989,0,-2.510143,0.00083943403,0
0.5,0,26.673983,0.15247178,0,-2.5009145,0.00089121264,0
0.5,0,26.665233,0.13591057,0,-2.491686,0.00093759895,0
0.5,0,26.657443,0.11824696,0,-2.4824576,0.000978106,0
0.5,0,26.650705,0.099410212,0,-2.4732291,0.0010123189,0
0.5,0,26.645358,0.079374302,0,-2.4640006,0.0010399007,0
0.5,0,26.641831,0.05826723,0,-2.4547722,0.001060569,0
0.5,0,26.640402,0.036329074,0,-2.4455437,0.0010740707,0
0.5,0,26.641013,0.013797984,0,-2.4363152,0.0010801786,0
0.5,0,26.643315,-0.009157507,0,-2.4270868,0.0010787084,0
0.5,0,26.646829,-0.032413233,0,-2.4178583,0.001069539,0
0.5,0,26.651152,-0.055827521,0,-2.4086298,0.0010526194,0
0.5,0,26.656107,-0.079208551,0,-2.3994014,0.0010279609,0
0.5,0,26.661757,-0.10234671,0,-2.3901729,0.00099562886,0
0.5,0,26.668317,-0.12508119,0,-2.3809444,0.00095574394,0
0.5,0,26.676083,-0.14731169,0,-2.371716,0.00090849211,0
0.5,0,26.685368,-0.16892454,0,-2.3624875,0.0008541287,0
0.5,0,26.696451,-0.18970934,0,-2.353259,0.00079297294,0
0.5,0,26.709513,-0.20939973,0,-2.3440306,0.00072539688,0
0.5,0,26.724655,-0.22780127,0,-2.3348021,0.00065181492,0
0.5,0,26.741917,-0.24476572,0,-2.3255736,0.00057268309,0
0.5,0,26.76125,-0.26012261,0,-2.3163452,0.00048851237,0
0.5,0,26.782511,-0.27391457,0,-2.3071167,0.00039986552,0
0.5,0,26.80573,-0.2863318,0,-2.2978882,0.00030731423,0
0.5,0,26.830953,-0.297159,0,-2.2886598,0.00021144204,0
0.5,0,26.860068,-0.30721238,0,-2.2794313,0.00011291819,0
0.5,0,26.896171,-0.31887022,0,-2.2702028,1.2380992e-05,0
0.5,0,26.829616,0.39397043,0,-1.937978,1.5816083e-05,0
0.5,0,26.78652,0.39460437,0,-1.9287496,0.00014850976,0
0.5,0,26.747428,0.39622094,0,-1.9195211,0.00028273973,0
0.5,0,26.709828,0.39674663,0,-1.9102926,0.00041764176,0
0.5,0,26.67297,0.39502031,0,-1.9010642,0.00055234826,0
0.5,0,26.637119,0.39026368,0,-1.8918357,0.0006860134,0
0.5,0,26.602875,0.38272492,0,-1.8826072,0.00081777728,0
0.5,0,26.57051,0.37293926,0,-1.8733788,0.00094672914,0
0.5,0,26.539805,0.36116295,0,-1.8641503,0.0010719388,0
0.5,0,26.510359,0.34734225,0,-1.8549218,0.0011925046,0
0.5,0,26.48212,0.33120592,0,-1.8456934,0.0013075916,0
0.5,0,26.455602,0.31260085,0,-1.8364649,0.0014164395,0
0.5,0,26.431574,0.2917467,0,-1.8272364,0.0015183269,0
0.5,0,26.410615,0.26894478,0,-1.818008,0.0016125506,0
0.5,0,26.39296,0.24423216,0,-1.8087795,0.0016984476,0
0.5,0,26.37863,0.21750795,0,-1.799551,0.0017754192,0
0.5,0,26.367522,0.18887351,0,-1.7903226,0.0018429192,0
0.5,0,26.359345,0.15872499,0,-1.7810941,0.0019004303,0
0.5,0,26.353547,0.12754546,0,-1.7718656,0.0019474629,0
0.5,0,26.34937,0.095667473,0,-1.7626372,0.0019835811,0
0.5,0,26.346062,0.063216065,0,-1.7534087,0.0020084302,0
0.5,0,26.343149,0.03021192,0,-1.7441802,0.0020217415,0
0.5,0,26.340597,-0.0032970299,0,-1.7349518,0.0020233163,0
0.5,0,26.338812,-0.037175395,0,-1.7257233,0.0020130108,0
0.5,0,26.338397,-0.071258695,0,-1.7164948,0.0019907403,0
0.5,0,26.339904,-0.10545259,0,-1.7072664,0.0019564992,0
0.5,0,26.343777,-0.13971405,0,-1.6980379,0.001910379,0
0.5,0,26.35033,-0.17392332,0,-1.6888094,0.0018525655,0
0.5,0,26.359768,-0.20778944,0,-1.679581,0.0017833148,0
0.5,0,26.372174,-0.2408863,0,-1.6703525,0.0017029278,0
0.5,0,26.387477,-0.2727974,0,-1.661124,0.0016117438,0
0.5,0,26.405441,-0.3032295,0,-1.6518956,0.0015101544,0
0.5,0,26.425691,-0.33199313,0,-1.6426671,0.0013986234,0
0.5,0,26.447787,-0.35899648,0,-1.6334386,0.0012776995,0
0.5,0,26.471292,-0.38413144,0,-1.6242102,0.001148009,0
0.5,0,26.495868,-0.40729225,0,-1.6149817,0.0010102419,0
0.5,0,26.521235,-0.42831347,0,-1.6057532,0.00086515263,0
0.5,0,26.54713,-0.44710378,0,-1.5965248,0.00071356415,0
0.5,0,26.57367,-0.46383105,0,-1.5872963,0.00055632948,0
0.5,0,26.600926,-0.47823269,0,-1.5780678,0.00039430208,0
0.5,0,26.630558,-0.49036476,0,-1.5688394,0.00022840304,0
0.5,0,26.666069,-0.50356379,0,-1.5596109,5.9600099e-05,0
0.5,0,26.583773,0.61106986,0,-1.1904722,0.00010833826,0
0.5,0,26.540273,0.60938972,0,-1.1812438,0.00032183073,0
0.5,0,26.501128,0.60925861,0,-1.1720153,0.000536178,0
0.5,0,26.464572,0.60602972,0,-1.1627868,0.0007501821,0
0.5,0,26.430926,0.59917123,0,-1.1535583,0.00096273156,0
0.5,0,26.400252,0.58890257,0,-1.1443299,0.0011727489,0
0.5,0,26.372323,0.57590271,0,-1.1351014,0.0013790981,0
0.5,0,26.346758,0.56043724,0,-1.1258729,0.0015805967,0
0.5,0,26.323263,0.54220238,0,-1.1166445,0.0017760906,0
0.5,0,26.301825,0.52068737,0,-1.107416,0.0019645056,0
0.5,0,26.282604,0.49569699,0,-1.0981875,0.0021448458,0
0.5,0,26.265579,0.4676716,0,-1.0889591,0.0023161378,0
0.5,0,26.250362,0.43731245,0,-1.0797306,0.0024773917,0
0.5,0,26.236408,0.40496598,0,-1.0705021,0.002627633,0
0.5,0,26.223389,0.37056588,0,-1.0612737,0.0027659676,0
0.5,0,26.211358,0.33405153,0,-1.0520452,0.0028916058,0
0.5,0,26.200607,0.29564462,0,-1.0428167,0.0030038402,0
0.5,0,26.191393,0.25572929,0,-1.0335883,0.003102019,0
0.5,0,26.183778,0.21458271,0,-1.0243598,0.0031855461,0
0.5,0,26.177653,0.1722792,0,-1.0151313,0.0032539,0
0.5,0,26.172874,0.1288268,0,-1.0059029,0.0033066475,0
0.5,0,26.169376,0.084353881,0,-0.99667441,0.0033434422,0
0.5,0,26.16718,0.039150043,0,-0.98744595,0.0033640166,0
0.5,0,26.166372,-0.0064593106,0,-0.97821748,0.0033681803,0
0.5,0,26.167073,-0.052252817,0,-0.96898901,0.0033558275,0
0.5,0,26.16935,-0.098124696,0,-0.95976055,0.0033269377,0
0.5,0,26.173235,-0.14396353,0,-0.95053208,0.0032815632,0
0.5,0,26.178797,-0.18953586,0,-0.94130361,0.0032198129,0
0.5,0,26.18612,-0.23452151,0,-0.93207515,0.0031418513,0
0.5,0,26.195297,-0.27866019,0,-0.92284668,0.0030479177,0
0.5,0,26.206456,-0.32183091,0,-0.91361821,0.0029383535,0
0.5,0,26.219788,-0.36397436,0,-0.90438975,0.0028136141,0
0.5,0,26.235537,-0.4049491,0,-0.89516128,0.0026742563,0
0.5,0,26.253937,-0.44447904,0,-0.88593281,0.002520917,0
0.5,0,26.275139,-0.48223783,0,-0.87670435,0.0023542989,0
0.5,0,26.299178,-0.5179494,0,-0.86747588,0.002175175,0
0.5,0,26.326001,-0.55139292,0,-0.85824741,0.0019844,0
0.5,0,26.355511,-0.58237409,0,-0.84901895,0.0017829129,0
0.5,0,26.387605,-0.61068501,0,-0.83979048,0.0015717181,0
0.5,0,26.422174,-0.63595054,0,-0.83056201,0.0013518635,0
0.5,0,26.458961,-0.65766812,0,-0.82133354,0.0011244457,0
0.5,0,26.497631,-0.67572354,0,-0.81210508,0.00089061245,0
0.5,0,26.537724,-0.69034007,0,-0.80287661,0.00065152918,0
0.5,0,26.579431,-0.7014431,0,-0.79364814,0.00040841088,0
0.5,0,26.62475,-0.71044522,0,-0.78441968,0.00016267145,0
0.5,0,26.628795,0.74904472,0,-0.39682407,1.6125774e-05,0
0.5,0,26.57713,0.73947711,0,-0.38759561,0.00027750652,0
0.5,0,26.53329,0.73199805,0,-0.37836714,0.00053828959,0
0.5,0,26.493217,0.72250824,0,-0.36913867,0.0007970687,0
0.5,0,26.455805,0.7096999,0,-0.35991021,0.0010525546,0
0.5,0,26.421081,0.69267162,0,-0.35068174,0.0013035468,0
0.5,0,26.389354,0.67203309,0,-0.34145327,0.0015488487,0
0.5,0,26.360698,0.64856798,0,-0.3322248,0.001787215,0
0.5,0,26.334947,0.62257165,0,-0.32299634,0.0020174139,0
0.5,0,26.311882,0.59400511,0,-0.31376787,0.0022382914,0
0.5,0,26.291463,0.5626595,0,-0.3045394,0.0024488164,0
0.5,0,26.273792,0.52864228,0,-0.29531094,0.0026480659,0
0.5,0,26.258906,0.49249517,0,-0.28608247,0.0028351607,0
0.5,0,26.246737,0.45458326,0,-0.276854,0.0030092532,0
0.5,0,26.237314,0.41479678,0,-0.26762554,0.0031695819,0
0.5,0,26.230861,0.37298849,0,-0.25839707,0.0033155021,0
0.5,0,26.227598,0.32942674,0,-0.2491686,0.0034464603,0
0.5,0,26.227455,0.28472073,0,-0.23994014,0.0035619568,0
0.5,0,26.229943,0.23942646,0,-0.23071167,0.0036615461,0
0.5,0,26.234308,0.19379598,0,-0.2214832,0.003744867,0
0.5,0,26.239813,0.14784357,0,-0.21225474,0.0038116689,0
0.5,0,26.245967,0.10156832,0,-0.20302627,0.0038618081,0
0.5,0,26.252596,0.055105821,0,-0.1937978,0.0038952259,0
0.5,0,26.259716,0.0087119311,0,-0.18456934,0.0039119302,0
0.5,0,26.267434,-0.037359583,0,-0.17534087,0.0039119998,0
0.5,0,26.275785,-0.082935394,0,-0.1661124,0.003895601,0
0.5,0,26.284669,-0.12787374,0,-0.15688394,0.0038629978,0
0.5,0,26.293987,-0.17196094,0,-0.14765547,0.0038145458,0
0.5,0,26.303642,-0.21488761,0,-0.138427,0.0037506783,0
0.5,0,26.313597,-0.2563255,0,-0.12919854,0.0036719005,0
0.5,0,26.323854,-0.29600218,0,-0.11997007,0.0035787988,0
0.5,0,26.3344,-0.33368471,0,-0.1107416,0.0034720506,0
0.5,0,26.345242,-0.36910175,0,-0.10151313,0.0033524232,0
0.5,0,26.35636,-0.40191054,0,-0.092284668,0.0032207646,0
0.5,0,26.367728,-0.43175056,0,-0.083056201,0.0030780056,0
0.5,0,26.379382,-0.45831934,0,-0.073827734,0.0029251853,0
0.5,0,26.391555,-0.48137485,0,-0.064599268,0.0027634922,0
0.5,0,26.404809,-0.50063115,0,-0.055370801,0.0025942966,0
0.5,0,26.420145,-0.51558846,0,-0.046142334,0.0024191676,0
0.5,0,26.439029,-0.52531956,0,-0.036913867,0.0022399048,0
0.5,0,26.463316,-0.52806323,0,-0.0276854,0.0020586737,0
0.5,0,26.494872,-0.51977437,0,-0.018456934,0.0018784507,0
0.5,0,26.534062,-0.48927261,0,-0.0092284668,0.001704501,0
0.5,0,26.571439,-0.4205811,0,-2.5804012e-15,0.0015486186,0
0.5,0,26.646284,-0.26104951,0,0.15688394,-4.2650172e-05,0
0.5,0,26.636159,-0.26028288,0,0.15233023,-2.5804012e-15,0
0.5,0,26.66281,-0.25442033,0,0.1661124,-0.00012877837,0
0.5,0,26.670579,-0.24891715,0,0.17534087,-0.00021486986,0
0.5,0,26.673913,-0.24693167,0,0.18456934,-0.00030083978,0
0.5,0,26.676169,-0.24600674,0,0.1937978,-0.00038650218,0
0.5,0,26.67853,-0.24488072,0,0.20302627,-0.00047183082,0
0.5,0,26.681425,-0.24341728,0,0.21225474,-0.00055685938,0
0.5,0,26.685009,-0.24229713,0,0.2214832,-0.00064153799,0
0.5,0,26.68947,-0.24181942,0,0.23071167,-0.0007257397,0
0.5,0,26.694881,-0.24155337,0,0.23994014,-0.00080936395,0
0.5,0,26.700958,-0.24080471,0,0.2491686,-0.00089240469,0
0.5,0,26.707055,-0.23923794,0,0.25839707,-0.00097492875,0
0.5,0,26.712479,-0.23710354,0,0.26762554,-0.0010569939,0
0.5,0,26.716871,-0.23486975,0,0.276854,-0.0011385896,0
0.5,0,26.720261,-0.23272321,0,0.28608247,-0.0012196546,0
0.5,0,26.722828,-0.23050582,0,0.29531094,-0.0013001311,0
0.5,0,26.72461,-0.22804121,0,0.3045394,-0.001379988,0
0.5,0,26.725446,-0.22539291,0,0.31376787,-0.001459193,0
0.5,0,26.725294,-0.22279407,0,0.32299634,-0.0015376799,0
0.5,0,26.724509,-0.22039517,0,0.3322248,-0.0016153475,0
0.5,0,26.723826,-0.21812731,0,0.34145327,-0.0016920908,0
0.5,0,26.723962,-0.21579416,0,0.35068174,-0.0017678301,0
0.5,0,26.725224,-0.21325224,0,0.35991021,-0.0018425129,0
0.5,0,26.727444,-0.21048012,0,0.36913867,-0.0019160995,0
0.5,0,26.730134,-0.20749626,0,0.37836714,-0.0019885531,0
0.5,0,26.732707,-0.20426562,0,0.38759561,-0.0020598439,0
0.5,0,26.734725,-0.20072745,0,0.39682407,-0.0021299552,0
0.5,0,26.736033,-0.19690596,0,0.40605254,-0.0021988749,0
0.5,0,26.73672,-0.19294887,0,0.41528101,-0.0022665773,0
0.5,0,26.737008,-0.18902097,0,0.42450947,-0.0023330127,0
0.5,0,26.737146,-0.18515796,0,0.43373794,-0.0023981191,0
0.5,0,26.737391,-0.18123958,0,0.44296641,-0.0024618449,0
0.5,0,26.737958,-0.17711056,0,0.45219487,-0.0025241617,0
0.5,0,26.738994,-0.17272565,0,0.46142334,-0.0025850554,0
0.5,0,26.740572,-0.16818389,0,0.47065181,-0.0026445063,0
0.5,0,26.742695,-0.16363602,0,0.47988027,-0.0027024764,0
0.5,0,26.745331,-0.15916937,0,0.48910874,-0.0027589135,0
0.5,0,26.748433,-0.15477515,0,0.49833721,-0.0028137647,0
0.5,0,26.751924,-0.15040255,0,0.50756567,-0.0028669859,0
0.5,0,26.755683,-0.146021,0,0.51679414,-0.0029185414,0
0.5,0,26.759525,-0.14162432,0,0.52602261,-0.0029684011,0
0.5,0,26.763224,-0.13718815,0,0.53525107,-0.0030165412,0
0.5,0,26.766569,-0.1326462,0,0.54447954,-0.0030629494,0
0.5,0,26.769435,-0.12793019,0,0.55370801,-0.0031076274,0
0.5,0,26.771825,-0.12304713,0,0.56293647,-0.0031505825,0
0.5,0,26.773857,-0.11811939,0,0.57216494,-0.0031918109,0
0.5,0,26.775701,-0.11333379,0,0.58139341,-0.0032312844,0
0.5,0,26.77764,-0.10882087,0,0.59062188,-0.0032689509,0
0.5,0,26.779907,-0.10457353,0,0.59985034,-0.0033047511,0
0.5,0,26.782261,-0.10042574,0,0.60907881,-0.003338643,0
0.5,0,26.784563,-0.096153273,0,0.61830728,-0.0033706157,0
0.5,0,26.786874,-0.091614195,0,0.62753574,-0.0034006852,0
0.5,0,26.789086,-0.086787486,0,0.63676421,-0.003428881,0
0.5,0,26.791174,-0.08175068,0,0.64599268,-0.0034552304,0
0.5,0,26.793181,-0.076614596,0,0.65522114,-0.0034797514,0
0.5,0,26.795165,-0.071473206,0,0.66444961,-0.0035024528,0
0.5,0,26.797141,-0.066389259,0,0.67367808,-0.0035233379,0
0.5,0,26.799049,-0.061396195,0,0.68290654,-0.0035424074,0
0.5,0,26.800778,-0.056496349,0,0.69213501,-0.0035596624,0
0.5,0,26.802217,-0.05166015,0,0.70136348,-0.0035751074,0
0.5,0,26.80331,-0.046841929,0,0.71059194,-0.0035887513,0
0.5,0,26.804069,-0.042011277,0,0.71982041,-0.0036006061,0
0.5,0,26.804562,-0.037176696,0,0.72904888,-0.0036106821,0
0.5,0,26.804877,-0.032378881,0,0.73827734,-0.003618983,0
0.5,0,26.805089,-0.0276526,0,0.74750581,-0.0036255058,0
0.5,0,26.805251,-0.023012029,0,0.75673428,-0.0036302448,0
0.5,0,26.805388,-0.018438448,0,0.76596274,-0.0036331992,0
0.5,0,26.805515,-0.013883232,0,0.77519121,-0.0036343779,0
0.5,0,26.805679,-0.0093078258,0,0.78441968,-0.0036337999,0
0.5,0,26.805959,-0.0047051288,0,0.79364814,-0.0036314899,0
0.5,0,26.806443,-0.00010462243,0,0.80287661,-0.0036274719,0
0.5,0,26.807191,0.004439255,0,0.81210508,-0.0036217625,0
0.5,0,26.808204,0.0088677328,0,0.82133354,-0.0036143691,0
0.5,0,26.809414,0.013137861,0,0.83056201,-0.0036052911,0
0.5,0,26.810699,0.017234749,0,0.83979048,-0.0035945251,0
0.5,0,26.811911,0.021173387,0,0.84901895,-0.0035820712,0
0.5,0,26.812921,0.024993307,0,0.85824741,-0.0035679385,0
0.5,0,26.813646,0.028750794,0,0.86747588,-0.0035521482,0
0.5,0,26.814064,0.03250987,0,0.87670435,-0.0035347348,0
0.5,0,26.814215,0.036330317,0,0.88593281,-0.0035157452,0
0.5,0,26.814187,0.040251976,0,0.89516128,-0.003495235,0
0.5,0,26.814107,0.044278969,0,0.90438975,-0.0034732622,0
0.5,0,26.814133,0.048372933,0,0.91361821,-0.0034498794,0
0.5,0,26.814446,0.052464045,0,0.92284668,-0.0034251269,0
0.5,0,26.815236,0.056479155,0,0.93207515,-0.0033990313,0
0.5,0,26.816681,0.060373221,0,0.94130361,-0.0033716085,0
0.5,0,26.818895,0.06414446,0,0.95053208,-0.0033428726,0
0.5,0,26.821908,0.067827069,0,0.95976055,-0.0033128439,0
0.5,0,26.825641,0.071467441,0,0.96898901,-0.0032815539,0
0.5,0,26.829907,0.075093073,0,0.97821748,-0.0032490443,0
0.5,0,26.834482,0.078689897,0,0.98744595,-0.0032153606,0
0.5,0,26.839153,0.082200421,0,0.99667441,-0.0031805449,0
0.5,0,26.843755,0.085543693,0,1.0059029,-0.00314463,0
0.5,0,26.848192,0.088646657,0,1.0151313,-0.003107638,0
0.5,0,26.852433,0.091472804,0,1.0243598,-0.0030695839,0
0.5,0,26.856496,0.094039367,0,1.0335883,-0.0030304826,0
0.5,0,26.860425,0.096415465,0,1.0428167,-0.002990357,0
0.5,0,26.864262,0.098697048,0,1.0520452,-0.002949243,0
0.5,0,26.868028,0.10096732,0,1.0612737,-0.0029071894,0
0.5,0,26.871717,0.10326201,0,1.0705021,-0.002864253,0
0.5,0,26.875296,0.10555816,0,1.0797306,-0.002820491,0
0.5,0,26.878729,0.10779146,0,1.0889591,-0.0027759538,0
0.5,0,26.881988,0.10989035,0,1.0981875,-0.0027306827,0
0.5,0,26.885039,0.11180748,0,1.107416,-0.0026847116,0
0.5,0,26.887812,0.11353326,0,1.1166445,-0.0026380728,0
0.5,0,26.890212,0.11508691,0,1.1258729,-0.0025908029,0
0.5,0,26.892135,0.11649566,0,1.1351014,-0.0025429453,0
0.5,0,26.893513,0.11778038,0,1.1443299,-0.00249455,0
0.5,0,26.894357,0.11895107,0,1.1535583,-0.0024456701,0
0.5,0,26.894755,0.12000973,0,1.1627868,-0.002396358,0
0.5,0,26.894808,0.12095883,0,1.1720153,-0.0023466642,0
0.5,0,26.894256,0.12181351,0,1.1812437,-0.002296637,0
0.5,0,26.892925,0.12262563,0,1.1904722,-0.0022463227,0
0.5,0,26.892668,0.12338645,0,1.1997007,-0.0021957648,0
0.5,0,26.89409,0.12403947,0,1.2089292,-0.0021450035,0
0.5,0,26.896218,0.12456383,0,1.2181576,-0.002094074,0
0.5,0,26.899271,0.12493743,0,1.2273861,-0.0020430057,0
0.5,0,26.903322,0.12514863,0,1.2366146,-0.0019918229,0
0.5,0,26.908368,0.12520197,0,1.245843,-0.0019405478,0
0.5,0,26.914302,0.12511977,0,1.2550715,-0.0018892051,0
0.5,0,26.920939,0.12493699,0,1.2643,-0.0018378263,0
0.5,0,26.928056,0.12469284,0,1.2735284,-0.0017864524,0
0.5,0,26.935422,0.12442117,0,1.2827569,-0.0017351338,0
0.5,0,26.942811,0.12414025,0,1.2919854,-0.0016839264,0
0.5,0,26.949996,0.12384517,0,1.3012138,-0.0016328847,0
0.5,0,26.956759,0.12350831,0,1.3104423,-0.0015820556,0
0.5,0,26.962911,0.12309094,0,1.3196708,-0.0015314732,0
0.5,0,26.968321,0.12256274,0,1.3288992,-0.0014811596,0
0.5,0,26.97293,0.12192041,0,1.3381277,-0.0014311289,0
0.5,0,26.976757,0.12119451,0,1.3473562,-0.001381395,0
0.5,0,26.979889,0.12043835,0,1.3565846,-0.001331978,0
0.5,0,26.982456,0.11970233,0,1.3658131,-0.0012829073,0
0.5,0,26.984602,0.11900581,0,1.3750416,-0.0012342203,0
0.5,0,26.986463,0.11832217,0,1.38427,-0.0011859568,0
0.5,0,26.988148,0.11758581,0,1.3934985,-0.0011381533,0
0.5,0,26.98973,0.11671839,0,1.402727,-0.0010908388,0
0.5,0,26.991245,0.11566168,0,1.4119554,-0.0010440341,0
0.5,0,26.992694,0.11440124,0,1.4211839,-0.00099775511,0
0.5,0,26.994043,0.11297079,0,1.4304124,-0.00095201609,0
0.5,0,26.995224,0.11143749,0,1.4396408,-0.00090683302,0
0.5,0,26.996148,0.10987728,0,1.4488693,-0.00086222376,0
0.5,0,26.996697,0.10835143,0,1.4580978,-0.00081820563,0
0.5,0,26.996721,0.10689274,0,1.4673262,-0.00077479172,0
0.5,0,26.996209,0.10550627,0,1.4765547,-0.00073198754,0
0.5,0,26.994905,0.1041532,0,1.4857832,-0.00068979054,0
0.5,0,26.992759,0.10276346,0,1.4950116,-0.00064819412,0
0.5,0,26.989896,0.10128086,0,1.5042401,-0.00060719219,0
0.5,0,26.986216,0.099667392,0,1.5134686,-0.00056678182,0
0.5,0,26.981871,0.097913647,0,1.522697,-0.0005269652,0
0.5,0,26.977021,0.096063593,0,1.5319255,-0.00048774927,0
0.5,0,26.97178,0.094207969,0,1.541154,-0.00044914257,0
0.5,0,26.966401,0.092452029,0,1.5503824,-0.00041115236,0
0.5,0,26.961083,0.090882037,0,1.5596109,-0.00037378441,0
0.5,0,26.955932,0.089539461,0,1.5688394,-0.00033704419,0
0.5,0,26.951083,0.088415977,0,1.5780678,-0.00030093746,0
0.5,0,26.946549,0.0874621,0,1.5872963,-0.00026547028,0
0.5,0,26.9423,0.086584744,0,1.5965248,-0.00023064968,0
0.5,0,26.938233,0.08566447,0,1.6057532,-0.00019648583,0
0.5,0,26.934177,0.084642397,0,1.6149817,-0.00016299168,0
0.5,0,26.929887,0.083608295,0,1.6242102,-0.00013017252,0
0.5,0,26.92492,0.08274031,0,1.6334386,-9.8016507e-05,0
0.5,0,26.918307,0.082379867,0,1.6426671,-6.6510833e-05,0
0.5,0,26.908002,0.08351315,0,1.6518956,-3.5631264e-05,0
0.5,0,26.893181,0.084813714,0,1.661124,-5.3645718e-06,0
0.5,0,26.890349,0.084518282,0,1.6627917,-2.5804012e-15,0
0.5,0,27.681842,-0.032958904,0,4.0143831,-6.7492037e-07,0
0.5,0,27.683193,-0.033494437,0,4.0102127,-2.5804012e-15,0
0.5,0,27.676703,-0.031399118,0,4.0236115,-2.036824e-06,0
0.5,0,27.670432,-0.03082537,0,4.03284,-3.2446018e-06,0
0.5,0,27.663508,-0.030735777,0,4.0420685,-4.296047e-06,0
0.5,0,27.655661,-0.03062002,0,4.0512969,-5.2264619e-06,0
0.5,0,27.646325,-0.030294949,0,4.0605254,-6.090746e-06,0
0.5,0,27.634864,-0.02988676,0,4.0697539,-6.9273521e-06,0
0.5,0,27.620735,-0.029591605,0,4.0789823,-7.7398847e-06,0
0.5,0,27.603561,-0.02946552,0,4.0882108,-8.5113743e-06,0
0.5,0,27.583096,-0.029429892,0,4.0974393,-9.2282116e-06,0
0.5,0,27.5592,-0.029407422,0,4.1066677,-9.8906082e-06,0
0.5,0,27.532008,-0.029422358,0,4.1158962,-1.0504409e-05,0
0.5,0,27.502026,-0.029586294,0,4.1251247,-1.1063894e-05,0
0.5,0,27.46945,-0.030024968,0,4.1343531,-1.1547234e-05,0
0.5,0,27.436847,-0.030686125,0,4.1435816,-1.193281e-05,0
0.5,0,27.405165,-0.031354572,0,4.1528101,-1.220733e-05,0
0.5,0,27.374291,-0.031946612,0,4.1620385,-1.2370751e-05,0
0.5,0,27.345551,-0.032476715,0,4.171267,-1.243935e-05,0
0.5,0,27.318306,-0.032917534,0,4.1804955,-1.2434671e-05,0
0.5,0,27.292499,-0.033231834,0,4.1897239,-1.2380269e-05,0
0.5,0,27.268473,-0.033378255,0,4.1989524,-1.2305385e-05,0
0.5,0,27.246221,-0.03333053,0,4.2081809,-1.2244376e-05,0
0.5,0,27.225412,-0.033128363,0,4.2174093,-1.2228292e-05,0
0.5,0,27.205478,-0.032880138,0,4.2266378,-1.2274045e-05,0
0.5,0,27.185873,-0.032701758,0,4.2358663,-1.2380211e-05,0
0.5,0,27.166364,-0.032644905,0,4.2450947,-1.2533479e-05,0
0.5,0,27.146998,-0.032669304,0,4.2543232,-1.2720786e-05,0
0.5,0,27.128104,-0.032671029,0,4.2635517,-1.2937482e-05,0
0.5,0,27.109818,-0.032565565,0,4.2727801,-1.3187442e-05,0
0.5,0,27.09235,-0.032360662,0,4.2820086,-1.3478355e-05,0
0.5,0,27.075718,-0.032138474,0,4.2912371,-1.381465e-05,0
0.5,0,27.059675,-0.031999155,0,4.3004655,-1.4189844e-05,0
0.5,0,27.044313,-0.032020489,0,4.309694,-1.4583691e-05,0
0.5,0,27.029697,-0.032219832,0,4.3189225,-1.4968488e-05,0
0.5,0,27.015862,-0.032535868,0,4.3281509,-1.5321239e-05,0
0.5,0,27.002703,-0.032862733,0,4.3373794,-1.5631658e-05,0
0.5,0,26.989866,-0.033118995,0,4.3466079,-1.5902778e-05,0
0.5,0,26.976887,-0.033276541,0,4.3558363,-1.6147541e-05,0
0.5,0,26.963281,-0.033340687,0,4.3650648,-1.6382141e-05,0
0.5,0,26.948667,-0.033328943,0,4.3742933,-1.6617837e-05,0
0.5,0,26.933065,-0.033262773,0,4.3835217,-1.6854261e-05,0
0.5,0,26.917004,-0.033205901,0,4.3927502,-1.7078516e-05,0
0.5,0,26.90113,-0.03330236,0,4.4019787,-1.7275501e-05,0
0.5,0,26.886249,-0.03364814,0,4.4112071,-1.7438043e-05,0
0.5,0,26.872344,-0.034154091,0,4.4204356,-1.7556756e-05,0
0.5,0,26.859724,-0.034597755,0,4.4296641,-1.7611453e-05,0
0.5,0,26.852013,-0.034971669,0,4.4388925,-1.7592107e-05,0
0.5,0,26.846365,-0.035229214,0,4.448121,-1.7514762e-05,0
0.5,0,26.841263,-0.035245797,0,4.4573495,-1.7408568e-05,0
0.5,0,26.83985,-0.035077933,0,4.4665779,-1.7304553e-05,0
0.5,0,26.84038,-0.034778557,0,4.4758064,-1.7229823e-05,0
0.5,0,26.841421,-0.034439464,0,4.4850349,-1.7197465e-05,0
0.5,0,26.842062,-0.034136112,0,4.4942633,-1.7204827e-05,0
0.5,0,26.841818,-0.033898601,0,4.5034918,-1.7240629e-05,0
0.5,0,26.83838,-0.033726211,0,4.5127203,-1.7285173e-05,0
0.5,0,26.833257,-0.033669939,0,4.5219487,-1.7323515e-05,0
0.5,0,26.82794,-0.033749784,0,4.5311772,-1.734682e-05,0
0.5,0,26.82109,-0.0339225,0,4.5404057,-1.7342162e-05,0
0.5,0,26.814025,-0.034188161,0,4.5496341,-1.7299051e-05,0
0.5,0,26.807318,-0.034536506,0,4.5588626,-1.7210088e-05,0
0.5,0,26.80095,-0.034931898,0,4.5680911,-1.7073014e-05,0
0.5,0,26.795011,-0.035324463,0,4.5773195,-1.6895151e-05,0
0.5,0,26.789553,-0.035637136,0,4.586548,-1.669514e-05,0
0.5,0,26.784402,-0.035782862,0,4.5957765,-1.6500351e-05,0
0.5,0,26.77942,-0.035723826,0,4.6050049,-1.634525e-05,0
0.5,0,26.774377,-0.035489377,0,4.6142334,-1.6268162e-05,0
0.5,0,26.769001,-0.035139638,0,4.6234619,-1.6302758e-05,0
0.5,0,26.763031,-0.034748861,0,4.6326903,-1.6471057e-05,0
0.5,0,26.756321,-0.034405099,0,4.6419188,-1.677852e-05,0
0.5,0,26.748936,-0.034195656,0,4.6511473,-1.7211685e-05,0
0.5,0,26.741151,-0.034179097,0,4.6603757,-1.7742261e-05,0
0.5,0,26.73339,-0.034366627,0,4.6696042,-1.8335617e-05,0
0.5,0,26.726124,-0.034726183,0,4.6788327,-1.8959065e-05,0
0.5,0,26.719758,-0.035202303,0,4.6880611,-1.9587348e-05,0
0.5,0,26.714451,-0.03573839,0,4.6972896,-2.0205134e-05,0
0.5,0,26.710124,-0.03628014,0,4.7065181,-2.0805854e-05,0
0.5,0,26.705403,-0.036784207,0,4.7157465,-2.1387e-05,0
0.5,0,26.697237,-0.037184901,0,4.724975,-2.1947432e-05,0
0.5,0,26.68433,-0.037291193,0,4.7342035,-2.2486269e-05,0
0.5,0,26.67456,-0.037172351,0,4.7434319,-2.300528e-05,0
0.5,0,26.669759,-0.037066967,0,4.7526604,-2.3500011e-05,0
0.5,0,26.664681,-0.037011578,0,4.7618889,-2.3957486e-05,0
0.5,0,26.65977,-0.037011418,0,4.7711173,-2.4370011e-05,0
0.5,0,26.655373,-0.037066991,0,4.7803458,-2.4737633e-05,0
0.5,0,26.651964,-0.037177249,0,4.7895743,-2.5065197e-05,0
0.5,0,26.649847,-0.037319135,0,4.7988027,-2.5358965e-05,0
0.5,0,26.649072,-0.037448164,0,4.8080312,-2.5624915e-05,0
0.5,0,26.649549,-0.037519285,0,4.8172597,-2.5869582e-05,0
0.5,0,26.651157,-0.037505667,0,4.8264881,-2.6102013e-05,0
0.5,0,26.653663,-0.037403905,0,4.8357166,-2.6333649e-05,0
0.5,0,26.656672,-0.037227791,0,4.8449451,-2.6575322e-05,0
0.5,0,26.65961,-0.037004802,0,4.8541735,-2.6834244e-05,0
0.5,0,26.661831,-0.036770854,0,4.863402,-2.7113305e-05,0
0.5,0,26.663547,-0.036539959,0,4.8726305,-2.7410871e-05,0
0.5,0,26.663871,-0.036384261,0,4.8818589,-2.7721483e-05,0
0.5,0,26.662963,-0.036392356,0,4.8910874,-2.8041146e-05,0
0.5,0,26.661541,-0.036523229,0,4.9003159,-2.8367474e-05,0
0.5,0,26.658892,-0.036715507,0,4.9095443,-2.8694806e-05,0
0.5,0,26.655242,-0.036943516,0,4.9187728,-2.9017555e-05,0
0.5,0,26.650595,-0.037166508,0,4.9280013,-2.9335801e-05,0
0.5,0,26.644903,-0.037350886,0,4.9372297,-2.9655621e-05,0
0.5,0,26.638167,-0.037486352,0,4.9464582,-2.998624e-05,0
0.5,0,26.630225,-0.03757843,0,4.9556867,-3.0336448e-05,0
0.5,0,26.620904,-0.037641197,0,4.9649151,-3.0712202e-05,0
0.5,0,26.610262,-0.03769614,0,4.9741436,-3.1115848e-05,0
0.5,0,26.598613,-0.037775256,0,4.9833721,-3.1545571e-05,0
0.5,0,26.586458,-0.037913232,0,4.9926005,-3.1994507e-05,0
0.5,0,26.574337,-0.038129177,0,5.001829,-3.2451041e-05,0
0.5,0,26.562569,-0.038415383,0,5.0110575,-3.2900518e-05,0
0.5,0,26.551835,-0.038745407,0,5.0202859,-3.3327174e-05,0
0.5,0,26.542224,-0.039119655,0,5.0295144,-3.3720261e-05,0
0.5,0,26.533902,-0.039554098,0,5.0387429,-3.4075537e-05,0
0.5,0,26.52729,-0.040010988,0,5.0479713,-3.4390013e-05,0
0.5,0,26.522003,-0.04044894,0,5.0571998,-3.4662831e-05,0
0.5,0,26.51776,-0.040874843,0,5.0664283,-3.4897608e-05,0
0.5,0,26.514032,-0.041294547,0,5.0756567,-3.5102688e-05,0
0.5,0,26.510319,-0.041692708,0,5.0848852,-3.5290622e-05,0
0.5,0,26.50634,-0.042054777,0,5.0941137,-3.547583e-05,0
0.5,0,26.501954,-0.042376922,0,5.1033421,-3.5673032e-05,0
0.5,0,26.497288,-0.042648057,0,5.1125706,-3.5897241e-05,0
0.5,0,26.492549,-0.042844891,0,5.1217991,-3.616302e-05,0
0.5,0,26.487903,-0.042954365,0,5.1310275,-3.6482121e-05,0
0.5,0,26.483475,-0.04298801,0,5.140256,-3.6861121e-05,0
0.5,0,26.479413,-0.04298026,0,5.1494845,-3.7300206e-05,0
0.5,0,26.475899,-0.042983252,0,5.1587129,-3.7792392e-05,0
0.5,0,26.473108,-0.043055839,0,5.1679414,-3.8323812e-05,0
0.5,0,26.471183,-0.043243068,0,5.1771699,-3.8876483e-05,0
0.5,0,26.470196,-0.043561134,0,5.1863983,-3.9432995e-05,0
0.5,0,26.47009,-0.043995673,0,5.1956268,-3.9980679e-05,0
0.5,0,26.470655,-0.044508422,0,5.2048553,-4.0513504e-05,0
0.5,0,26.47156,-0.045048548,0,5.2140837,-4.1031673e-05,0
0.5,0,26.472398,-0.045567532,0,5.2233122,-4.1539608e-05,0
0.5,0,26.472725,-0.046033419,0,5.2325407,-4.2042821e-05,0
0.5,0,26.472118,-0.04643832,0,5.2417691,-4.2544241e-05,0
0.5,0,26.470262,-0.04679755,0,5.2509976,-4.3041122e-05,0
0.5,0,26.467046,-0.047138015,0,5.2602261,-4.3523259e-05,0
0.5,0,26.462575,-0.047487055,0,5.2694545,-4.3973477e-05,0
0.5,0,26.457124,-0.047871702,0,5.278683,-4.4371008e-05,0
0.5,0,26.450962,-0.048314365,0,5.2879115,-4.4697192e-05,0
0.5,0,26.444486,-0.048799037,0,5.2971399,-4.4939083e-05,0
0.5,0,26.438054,-0.049281017,0,5.3063684,-4.5089216e-05,0
0.5,0,26.431584,-0.049758051,0,5.3155969,-4.5149556e-05,0
0.5,0,26.425624,-0.050183126,0,5.3248253,-4.5133461e-05,0
0.5,0,26.419903,-0.050467395,0,5.3340538,-4.5061374e-05,0
0.5,0,26.413878,-0.050631058,0,5.3432823,-4.4955343e-05,0
0.5,0,26.407754,-0.050725688,0,5.3525107,-4.4835675e-05,0
0.5,0,26.401109,-0.05073837,0,5.3617392,-4.4722696e-05,0
0.5,0,26.393676,-0.050653155,0,5.3709677,-4.4638947e-05,0
0.5,0,26.385514,-0.05026773,0,5.3801961,-4.4594743e-05,0
0.5,0,26.375266,-0.050152581,0,5.3894246,-4.4585754e-05,0
0.5,0,26.363797,-0.050491858,0,5.3986531,-4.4634512e-05,0
0.5,0,26.350836,-0.050520355,0,5.4078815,-4.475454e-05,0
0.5,0,26.335218,-0.050407723,0,5.41711,-4.4922731e-05,0
0.5,0,26.317634,-0.050453132,0,5.4263385,-4.5123181e-05,0
0.5,0,26.29713,-0.050566418,0,5.4355669,-4.53454e-05,0
0.5,0,26.273515,-0.050737393,0,5.4447954,-4.5578401e-05,0
0.5,0,26.24722,-0.05100475,0,5.4540239,-4.5814566e-05,0
0.5,0,26.218403,-0.051334492,0,5.4632523,-4.604745e-05,0
0.5,0,26.187293,-0.051652775,0,5.4724808,-4.6265893e-05,0
0.5,0,26.154496,-0.051920833,0,5.4817093,-4.6456307e-05,0
0.5,0,26.120296,-0.052163631,0,5.4909377,-4.6610247e-05,0
0.5,0,26.084889,-0.05240391,0,5.5001662,-4.6725585e-05,0
0.5,0,26.048302,-0.052644648,0,5.5093947,-4.6803416e-05,0
0.5,0,26.01062,-0.05290201,0,5.5186231,-4.6844748e-05,0
0.5,0,25.972085,-0.053174123,0,5.5278516,-4.6849545e-05,0
0.5,0,25.933203,-0.053431203,0,5.5370801,-4.6818653e-05,0
0.5,0,25.894944,-0.053654882,0,5.5463085,-4.6753941e-05,0
0.5,0,25.858775,-0.053851548,0,5.555537,-4.6656388e-05,0
0.5,0,25.826491,-0.054029997,0,5.5647655,-4.6525585e-05,0
0.5,0,25.799878,-0.054182934,0,5.5739939,-4.6360593e-05,0
0.5,0,25.780232,-0.054294376,0,5.5832224,-4.6160878e-05,0
0.5,0,25.767801,-0.054361956,0,5.5924509,-4.5927534e-05,0
0.5,0,25.761344,-0.054406094,0,5.6016793,-4.5664564e-05,0
0.5,0,25.758007,-0.054453953,0,5.6109078,-4.5380212e-05,0
0.5,0,25.753584,-0.054522034,0,5.6201363,-4.5088011e-05,0
0.5,0,25.743138,-0.054620302,0,5.6293647,-4.4805742e-05,0
0.5,0,25.721939,-0.054761348,0,5.6385932,-4.4552097e-05,0
0.5,0,25.686697,-0.054950107,0,5.6478217,-4.4343725e-05,0
0.5,0,25.636821,-0.055185878,0,5.6570501,-4.4191199e-05,0
0.5,0,25.575459,-0.055474387,0,5.6662786,-4.4093313e-05,0
0.5,0,25.509241,-0.055828173,0,5.6755071,-4.4037182e-05,0
0.5,0,25.447181,-0.056282001,0,5.6847355,-4.4002759e-05,0
0.5,0,25.398578,-0.056862049,0,5.693964,-4.3966213e-05,0
0.5,0,25.370621,-0.057532754,0,5.7031925,-4.3899781e-05,0
0.5,0,25.366567,-0.058229174,0,5.7124209,-4.3778979e-05,0
0.5,0,25.38546,-0.058933318,0,5.7216494,-4.3596464e-05,0
0.5,0,25.423494,-0.059654239,0,5.7308779,-4.3356769e-05,0
0.5,0,25.475183,-0.060385364,0,5.7401063,-4.3065393e-05,0
0.5,0,25.533355,-0.061111881,0,5.7493348,-4.2730704e-05,0
0.5,0,25.589025,-0.061678588,0,5.7585633,-4.2362913e-05,0
0.5,0,25.639581,-0.061748956,0,5.7677917,-4.1968143e-05,0
0.5,0,25.694132,-0.061367269,0,5.7770202,-4.1542939e-05,0
0.5,0,25.753151,-0.06085129,0,5.7862487,-4.1076158e-05,0
0.5,0,25.810123,-0.060321338,0,5.7954771,-4.0559799e-05,0
0.5,0,25.864011,-0.059815811,0,5.8047056,-3.9996225e-05,0
0.5,0,25.913858,-0.059324974,0,5.8139341,-3.9394865e-05,0
0.5,0,25.959492,-0.058840411,0,5.8231625,-3.8766213e-05,0
0.5,0,26.000594,-0.058387516,0,5.832391,-3.8120019e-05,0
0.5,0,26.036765,-0.057998654,0,5.8416195,-3.7463105e-05,0
0.5,0,26.067409,-0.057667872,0,5.8508479,-3.680064e-05,0
0.5,0,26.091851,-0.057382048,0,5.8600764,-3.613701e-05,0
0.5,0,26.109468,-0.057152639,0,5.8693049,-3.5472867e-05,0
0.5,0,26.119599,-0.05699193,0,5.8785333,-3.480683e-05,0
0.5,0,26.121823,-0.056892113,0,5.8877618,-3.41387e-05,0
0.5,0,26.116157,-0.056834251,0,5.8969903,-3.3471238e-05,0
0.5,0,26.105113,-0.05676131,0,5.9062187,-3.2810323e-05,0
0.5,0,26.08568,-0.056670159,0,5.9154472,-3.2153411e-05,0
0.5,0,26.062328,-0.056697813,0,5.9246757,-3.1510367e-05,0
0.5,0,26.040237,-0.056789476,0,5.9339042,-3.0899433e-05,0
0.5,0,26.016983,-0.056794704,0,5.9431326,-3.032048e-05,0
0.5,0,25.996431,-0.056731803,0,5.9523611,-2.9769114e-05,0
0.5,0,25.979961,-0.056626665,0,5.9615896,-2.9240464e-05,0
0.5,0,25.967189,-0.056500284,0,5.970818,-2.8727477e-05,0
0.5,0,25.957282,-0.056384746,0,5.9800465,-2.8222917e-05,0
0.5,0,25.948784,-0.056307064,0,5.989275,-2.7722512e-05,0
0.5,0,25.940023,-0.056283738,0,5.9985034,-2.7226054e-05,0
0.5,0,25.929458,-0.056320604,0,6.0077319,-2.6736172e-05,0
0.5,0,25.915821,-0.056416414,0,6.0169604,-2.6255724e-05,0
0.5,0,25.898273,-0.056568688,0,6.0261888,-2.5785822e-05,0
0.5,0,25.876447,-0.05677646,0,6.0354173,-2.5326425e-05,0
0.5,0,25.850246,-0.056997452,0,6.0446458,-2.487663e-05,0
0.5,0,25.820504,-0.057163759,0,6.0538742,-2.4433681e-05,0
0.5,0,25.787827,-0.05728951,0,6.0631027,-2.3996672e-05,0
0.5,0,25.753514,-0.057439317,0,6.0723312,-2.3565661e-05,0
0.5,0,25.719698,-0.057600328,0,6.0815596,-2.3136138e-05,0
0.5,0,25.68821,-0.057722172,0,6.0907881,-2.2701598e-05,0
0.5,0,25.661581,-0.057795339,0,6.1000166,-2.2257337e-05,0
0.5,0,25.642134,-0.057823913,0,6.109245,-2.1799178e-05,0
0.5,0,25.631747,-0.057810343,0,6.1184735,-2.1321395e-05,0
0.5,0,25.631708,-0.05776799,0,6.127702,-2.0819282e-05,0
0.5,0,25.642439,-0.057719934,0,6.1369304,-2.0293727e-05,0
0.5,0,25.663554,-0.057672888,0,6.1461589,-1.9750406e-05,0
0.5,0,25.693973,-0.057609623,0,6.1553874,-1.9196304e-05,0
0.5,0,25.732052,-0.057513047,0,6.1646158,-1.8638103e-05,0
0.5,0,25.775713,-0.057385962,0,6.1738443,-1.8082158e-05,0
0.5,0,25.822747,-0.057239837,0,6.1830728,-1.7536038e-05,0
0.5,0,25.870946,-0.057072837,0,6.1923012,-1.7008853e-05,0
0.5,0,25.918578,-0.056872418,0,6.2015297,-1.6509901e-05,0
0.5,0,25.964327,-0.056628106,0,6.2107582,-1.6048369e-05,0
0.5,0,26.0072,-0.056342981,0,6.2199866,-1.5632537e-05,0
0.5,0,26.046815,-0.056040675,0,6.2292151,-1.5267357e-05,0
0.5,0,26.083056,-0.055753665,0,6.2384436,-1.4955882e-05,0
0.5,0,26.116011,-0.055500058,0,6.247672,-1.4702506e-05,0
0.5,0,26.145623,-0.055277192,0,6.2569005,-1.4510294e-05,0
0.5,0,26.171766,-0.055074728,0,6.266129,-1.4375138e-05,0
0.5,0,26.194399,-0.054885043,0,6.2753574,-1.4284712e-05,0
0.5,0,26.213508,-0.054720833,0,6.2845859,-1.4222826e-05,0
0.5,0,26.229417,-0.054610626,0,6.2938144,-1.4172495e-05,0
0.5,0,26.242863,-0.054565765,0,6.3030428,-1.4115591e-05,0
0.5,0,26.254817,-0.054575903,0,6.3122713,-1.4032547e-05,0
0.5,0,26.266478,-0.054621609,0,6.3214998,-1.390335e-05,0
0.5,0,26.279295,-0.054671711,0,6.3307282,-1.3709872e-05,0
0.5,0,26.294752,-0.054681752,0,6.3399567,-1.3438964e-05,0
0.5,0,26.314003,-0.054607242,0,6.3491852,-1.3083804e-05,0
0.5,0,26.337602,-0.054418808,0,6.3584136,-1.2643562e-05,0
0.5,0,26.36542,-0.054111825,0,6.3676421,-1.2124432e-05,0
0.5,0,26.396808,-0.053709156,0,6.3768706,-1.1542438e-05,0
0.5,0,26.43094,-0.053248672,0,6.386099,-1.0924308e-05,0
0.5,0,26.467171,-0.052755065,0,6.3953275,-1.0302995e-05,0
0.5,0,26.505184,-0.05222134,0,6.404556,-9.7085701e-06,0
0.5,0,26.544782,-0.051627581,0,6.4137844,-9.1598575e-06,0
0.5,0,26.58549,-0.050982264,0,6.4230129,-8.663344e-06,0
0.5,0,26.626165,-0.050341328,0,6.4322414,-8.2193839e-06,0
0.5,0,26.665001,-0.049773646,0,6.4414698,-7.8275994e-06,0
0.5,0,26.699983,-0.049297565,0,6.4506983,-7.4844024e-06,0
0.5,0,26.729409,-0.04887349,0,6.4599268,-7.1763314e-06,0
0.5,0,26.752812,-0.048471241,0,6.4691552,-6.8808306e-06,0
0.5,0,26.771585,-0.048126263,0,6.4783837,-6.5780777e-06,0
0.5,0,26.789779,-0.047897939,0,6.4876122,-6.2628503e-06,0
0.5,0,26.812011,-0.04780337,0,6.4968406,-5.9396377e-06,0
0.5,0,26.842281,-0.047741171,0,6.5060691,-5.61232e-06,0
0.5,0,26.880301,-0.04753045,0,6.5152976,-5.2735482e-06,0
0.5,0,26.920103,-0.047111643,0,6.524526,-4.902036e-06,0
0.5,0,26.954002,-0.046576556,0,6.5337545,-4.4803838e-06,0
0.5,0,26.975328,-0.046068109,0,6.542983,-4.0149968e-06,0
0.5,0,26.982392,-0.04565574,0,6.5522114,-3.534408e-06,0
0.5,0,26.97823,-0.045224833,0,6.5614399,-3.0575185e-06,0
0.5,0,26.96791,-0.044634772,0,6.5706684,-2.5657036e-06,0
0.5,0,26.956241,-0.044030232,0,6.5798968,-2.0140913e-06,0
0.5,0,26.945825,-0.04383493,0,6.5891253,-1.3632904e-06,0
0.5,0,26.936681,-0.044420909,0,6.5983538,-5.8658656e-07,0
0.5,0,26.930634,-0.044410141,0,6.6042286,-2.5804012e-15,0
0.5,0,26.863025,-0.029774392,0,7.5027435,-1.9310969e-07,0
0.5,0,26.864535,-0.029582846,0,7.4994901,-2.5804012e-15,0
0.5,0,26.862042,-0.030337871,0,7.511972,-8.2368643e-07,0
0.5,0,26.863282,-0.030592214,0,7.5212004,-1.5188192e-06,0
0.5,0,26.865302,-0.03073901,0,7.5304289,-2.2583019e-06,0
0.5,0,26.867379,-0.030889644,0,7.5396574,-3.0275731e-06,0
0.5,0,26.869248,-0.031070481,0,7.5488858,-3.8190344e-06,0
0.5,0,26.870825,-0.031333383,0,7.5581143,-4.6226402e-06,0
0.5,0,26.872112,-0.031728912,0,7.5673428,-5.4197696e-06,0
0.5,0,26.873169,-0.032266812,0,7.5765712,-6.1865801e-06,0
0.5,0,26.874106,-0.032928024,0,7.5857997,-6.8995113e-06,0
0.5,0,26.875077,-0.033683427,0,7.5950282,-7.5381243e-06,0
0.5,0,26.87627,-0.034491218,0,7.6042566,-8.0864218e-06,0
0.5,0,26.877879,-0.035292143,0,7.6134851,-8.5334668e-06,0
0.5,0,26.880081,-0.036018391,0,7.6227136,-8.8727381e-06,0
0.5,0,26.88297,-0.036612961,0,7.631942,-9.1009535e-06,0
0.5,0,26.886603,-0.037048108,0,7.6411705,-9.2183256e-06,0
0.5,0,26.890955,-0.03733157,0,7.650399,-9.230698e-06,0
0.5,0,26.896223,-0.037490187,0,7.6596274,-9.1510646e-06,0
0.5,0,26.901991,-0.037557147,0,7.6688559,-8.9988262e-06,0
0.5,0,26.90901,-0.037541847,0,7.6780844,-8.7967661e-06,0
0.5,0,26.916193,-0.037508121,0,7.6873128,-8.5724321e-06,0
0.5,0,26.922936,-0.037536541,0,7.6965413,-8.35998e-06,0
0.5,0,26.929951,-0.037555758,0,7.7057698,-8.1904075e-06,0
0.5,0,26.936168,-0.037488088,0,7.7149982,-8.0836802e-06,0
0.5,0,26.942027,-0.037336701,0,7.7242267,-8.0523061e-06,0
0.5,0,26.947568,-0.037093625,0,7.7334552,-8.1042342e-06,0
0.5,0,26.952408,-0.036758556,0,7.7426836,-8.2409361e-06,0
0.5,0,26.956394,-0.036363311,0,7.7519121,-8.45582e-06,0
0.5,0,26.959512,-0.035957243,0,7.7611406,-8.7345963e-06,0
0.5,0,26.961932,-0.035598224,0,7.770369,-9.0562151e-06,0
0.5,0,26.963945,-0.035341883,0,7.7795975,-9.3937338e-06,0
0.5,0,26.965813,-0.035224679,0,7.788826,-9.7158487e-06,0
0.5,0,26.967717,-0.0352515,0,7.7980544,-9.9900699e-06,0
0.5,0,26.969784,-0.03539575,0,7.8072829,-1.0187736e-05,0
0.5,0,26.972104,-0.035612914,0,7.8165114,-1.0289344e-05,0
0.5,0,26.97472,-0.035860638,0,7.8257398,-1.0287766e-05,0
0.5,0,26.977611,-0.036112377,0,7.8349683,-1.0187942e-05,0
0.5,0,26.980739,-0.036359715,0,7.8441968,-1.0003946e-05,0
0.5,0,26.984108,-0.036603982,0,7.8534252,-9.7551852e-06,0
0.5,0,26.987776,-0.036845707,0,7.8626537,-9.4634033e-06,0
0.5,0,26.991785,-0.037080448,0,7.8718822,-9.1508839e-06,0
0.5,0,26.996062,-0.037300033,0,7.8811106,-8.839006e-06,0
0.5,0,27.000368,-0.037496531,0,7.8903391,-8.5471156e-06,0
0.5,0,27.004364,-0.037663743,0,7.8995676,-8.2914448e-06,0
0.5,0,27.007769,-0.037797454,0,7.908796,-8.0838496e-06,0
0.5,0,27.010485,-0.037895117,0,7.9180245,-7.9305591e-06,0
0.5,0,27.012598,-0.037956486,0,7.927253,-7.8313621e-06,0
0.5,0,27.014218,-0.037990806,0,7.9364814,-7.7801818e-06,0
0.5,0,27.0155,-0.038024666,0,7.9457099,-7.7678011e-06,0
0.5,0,27.016422,-0.038097035,0,7.9549384,-7.7861193e-06,0
0.5,0,27.017057,-0.03822438,0,7.9641668,-7.8301653e-06,0
0.5,0,27.017321,-0.038380515,0,7.9733953,-7.8959612e-06,0
0.5,0,27.017143,-0.038532529,0,7.9826238,-7.9791662e-06,0
0.5,0,27.016903,-0.038661315,0,7.9918522,-8.0768539e-06,0
0.5,0,27.016924,-0.038750693,0,8.0010807,-8.1885967e-06,0
0.5,0,27.017512,-0.038785385,0,8.0103092,-8.3158191e-06,0
0.5,0,27.018823,-0.038729882,0,8.0195376,-8.4608648e-06,0
0.5,0,27.020937,-0.038635198,0,8.0287661,-8.625682e-06,0
0.5,0,27.023868,-0.038571062,0,8.0379946,-8.8103026e-06,0
0.5,0,27.027621,-0.0385155,0,8.047223,-9.0111942e-06,0
0.5,0,27.03239,-0.038448387,0,8.0564515,-9.2200543e-06,0
0.5,0,27.038533,-0.038361279,0,8.06568,-9.4251948e-06,0
0.5,0,27.046609,-0.038258986,0,8.0749084,-9.6156492e-06,0
0.5,0,27.057549,-0.038155766,0,8.0841369,-9.7848285e-06,0
0.5,0,27.072783,-0.038062712,0,8.0933654,-9.9307619e-06,0
0.5,0,27.093613,-0.037975753,0,8.1025938,-1.005245e-05,0
0.5,0,27.120934,-0.03788747,0,8.1118223,-1.0144897e-05,0
0.5,0,27.153572,-0.037831353,0,8.1210508,-1.0200084e-05,0
0.5,0,27.189412,-0.037826979,0,8.1302792,-1.0209545e-05,0
0.5,0,27.225181,-0.037844568,0,8.1395077,-1.0164951e-05,0
0.5,0,27.256628,-0.03789335,0,8.1487362,-1.0060383e-05,0
0.5,0,27.280965,-0.03798131,0,8.1579646,-9.8932981e-06,0
0.5,0,27.296793,-0.038072393,0,8.1671931,-9.6657064e-06,0
0.5,0,27.305593,-0.03815221,0,8.1764216,-9.3860811e-06,0
0.5,0,27.311327,-0.038221245,0,8.18565,-9.0676143e-06,0
0.5,0,27.318696,-0.038246651,0,8.1948785,-8.7217838e-06,0
0.5,0,27.331566,-0.038179389,0,8.204107,-8.3515661e-06,0
0.5,0,27.35132,-0.038019442,0,8.2133354,-7.951322e-06,0
0.5,0,27.375898,-0.037860847,0,8.2225639,-7.5167452e-06,0
0.5,0,27.400706,-0.037820388,0,8.2317924,-7.0545053e-06,0
0.5,0,27.42039,-0.037901168,0,8.2410208,-6.5780314e-06,0
0.5,0,27.431235,-0.03798229,0,8.2502493,-6.0934835e-06,0
0.5,0,27.431716,-0.037956502,0,8.2594778,-5.5948186e-06,0
0.5,0,27.42164,-0.037802555,0,8.2687062,-5.0771285e-06,0
0.5,0,27.403855,-0.037440361,0,8.2779347,-4.5484516e-06,0
0.5,0,27.388922,-0.036991782,0,8.2871632,-4.0287579e-06,0
0.5,0,27.380129,-0.036625883,0,8.2963917,-3.5289528e-06,0
0.5,0,27.372865,-0.036228873,0,8.3056201,-3.0288336e-06,0
0.5,0,27.366591,-0.035778868,0,8.3148486,-2.4802643e-06,0
0.5,0,27.360353,-0.035538005,0,8.3240771,-1.8281759e-06,0
0.5,0,27.353805,-0.036158142,0,8.3333055,-1.0406685e-06,0
0.5,0,27.347133,-0.037265844,0,8.342534,-1.0692572e-07,0
0.5,0,27.346438,-0.037237454,0,8.3434676,-2.5804012e-15,0
0.5,0,27.111028,-0.019385381,0,8.6286165,-3.413133e-07,0
0.5,0,27.11056,-0.01882296,0,8.6245188,-2.5804012e-15,0
0.5,0,27.120226,-0.020871065,0,8.6378449,-1.207584e-06,0
0.5,0,27.133481,-0.02183686,0,8.6470734,-2.1179726e-06,0
0.5,0,27.146009,-0.022503103,0,8.6563019,-3.0163133e-06,0
0.5,0,27.154983,-0.023035936,0,8.6655303,-3.8534451e-06,0
0.5,0,27.159649,-0.023410873,0,8.6747588,-4.6001025e-06,0
0.5,0,27.161126,-0.023655285,0,8.6839873,-5.2404346e-06,0
0.5,0,27.161582,-0.02389167,0,8.6932157,-5.7649681e-06,0
0.5,0,27.163315,-0.024229674,0,8.7024442,-6.1702886e-06,0
0.5,0,27.168232,-0.024665143,0,8.7116727,-6.4544608e-06,0
0.5,0,27.177259,-0.025088829,0,8.7209011,-6.6082774e-06,0
0.5,0,27.189933,-0.025402524,0,8.7301296,-6.6140022e-06,0
0.5,0,27.204709,-0.025631921,0,8.7393581,-6.4558064e-06,0
0.5,0,27.219748,-0.025915846,0,8.7485865,-6.1336485e-06,0
0.5,0,27.233709,-0.026360963,0,8.757815,-5.6652599e-06,0
0.5,0,27.246125,-0.026908753,0,8.7670435,-5.0663198e-06,0
0.5,0,27.257346,-0.02742518,0,8.7762719,-4.3255655e-06,0
0.5,0,27.268403,-0.027974112,0,8.7855004,-3.4088362e-06,0
0.5,0,27.280572,-0.028949996,0,8.7947289,-2.295599e-06,0
0.5,0,27.29503,-0.030877607,0,8.8039573,-1.0040574e-06,0
0.5,0,27.30729,-0.032082924,0,8.8104704,-2.5804012e-15,0
0.5,0,26.963404,-0.0073348515,0,10.345111,-3.1976361e-07,0
0.5,0,26.96704,-0.0069076006,0,10.341755,-2.5804012e-15,0
0.5,0,26.956366,-0.0084831204,0,10.35434,-1.1955247e-06,0
0.5,0,26.951661,-0.009210264,0,10.363568,-2.0571201e-06,0
0.5,0,26.94817,-0.009653708,0,10.372797,-2.9020547e-06,0
0.5,0,26.945288,-0.0099492819,0,10.382025,-3.7355002e-06,0
0.5,0,26.942746,-0.010134828,0,10.391254,-4.5718538e-06,0
0.5,0,26.940367,-0.010249712,0,10.400482,-5.4279236e-06,0
0.5,0,26.938051,-0.010330147,0,10.409711,-6.3177614e-06,0
0.5,0,26.935764,-0.01039458,0,10.418939,-7.2518629e-06,0
0.5,0,26.933512,-0.01046105,0,10.428167,-8.2356178e-06,0
0.5,0,26.931315,-0.010558196,0,10.437396,-9.2664655e-06,0
0.5,0,26.929195,-0.010714596,0,10.446624,-1.0333031e-05,0
0.5,0,26.927153,-0.010945667,0,10.455853,-1.1417592e-05,0
0.5,0,26.925164,-0.011249504,0,10.465081,-1.2500328e-05,0
0.5,0,26.923213,-0.011610524,0,10.47431,-1.3563848e-05,0
0.5,0,26.921298,-0.012005667,0,10.483538,-1.4596992e-05,0
0.5,0,26.919432,-0.012409458,0,10.492767,-1.5596883e-05,0
0.5,0,26.917639,-0.012799372,0,10.501995,-1.6569094e-05,0
0.5,0,26.915949,-0.013159327,0,10.511224,-1.7526207e-05,0
0.5,0,26.914404,-0.013479378,0,10.520452,-1.8485389e-05,0
0.5,0,26.913052,-0.013751285,0,10.529681,-1.9465964e-05,0
0.5,0,26.91194,-0.013962161,0,10.538909,-2.0487593e-05,0
0.5,0,26.911098,-0.014091382,0,10.548138,-2.1568931e-05,0
0.5,0,26.910512,-0.014115007,0,10.557366,-2.2726359e-05,0
0.5,0,26.910124,-0.014016965,0,10.566594,-2.3972619e-05,0
0.5,0,26.909838,-0.0138014,0,10.575823,-2.5315488e-05,0
0.5,0,26.909527,-0.013500408,0,10.585051,-2.6756681e-05,0
0.5,0,26.909111,-0.013170534,0,10.59428,-2.8290944e-05,0
0.5,0,26.908452,-0.012877295,0,10.603508,-2.9905045e-05,0
0.5,0,26.907574,-0.012675344,0,10.612737,-3.1576412e-05,0
0.5,0,26.906016,-0.012614747,0,10.621965,-3.3274165e-05,0
0.5,0,26.902738,-0.012727068,0,10.631194,-3.4965723e-05,0
0.5,0,26.897703,-0.012920497,0,10.640422,-3.6622089e-05,0
0.5,0,26.894491,-0.013163421,0,10.649651,-3.8220898e-05,0
0.5,0,26.894055,-0.013497549,0,10.658879,-3.9745682e-05,0
0.5,0,26.894301,-0.013853237,0,10.668108,-4.1187916e-05,0
0.5,0,26.895304,-0.014128712,0,10.677336,-4.255279e-05,0
0.5,0,26.896992,-0.014231214,0,10.686565,-4.3858377e-05,0
0.5,0,26.899315,-0.014107158,0,10.695793,-4.51324e-05,0
0.5,0,26.902186,-0.013752009,0,10.705021,-4.6407842e-05,0
0.5,0,26.905503,-0.01320598,0,10.71425,-4.771824e-05,0
0.5,0,26.90918,-0.012540533,0,10.723478,-4.9093725e-05,0
0.5,0,26.913178,-0.01184503,0,10.732707,-5.0558065e-05,0
0.5,0,26.91752,-0.011212401,0,10.741935,-5.2126161e-05,0
0.5,0,26.922285,-0.010720087,0,10.751164,-5.3802519e-05,0
0.5,0,26.927571,-0.010409843,0,10.760392,-5.5581836e-05,0
0.5,0,26.93345,-0.010275897,0,10.769621,-5.7451951e-05,0
0.5,0,26.939925,-0.010268697,0,10.778849,-5.9398196e-05,0
0.5,0,26.946904,-0.010313046,0,10.788078,-6.1407646e-05,0
0.5,0,26.954187,-0.010332966,0,10.797306,-6.3471893e-05,0
0.5,0,26.96147,-0.010273898,0,10.806535,-6.558774e-05,0
0.5,0,26.968365,-0.010116015,0,10.815763,-6.7755927e-05,0
0.5,0,26.97443,-0.009877017,0,10.824992,-6.9978479e-05,0
0.5,0,26.979212,-0.0096054614,0,10.83422,-7.2255428e-05,0
0.5,0,26.982323,-0.0093657219,0,10.843448,-7.4581829e-05,0
0.5,0,26.983511,-0.0092177196,0,10.852677,-7.6946144e-05,0
0.5,0,26.982702,-0.0091988556,0,10.861905,-7.9330792e-05,0
0.5,0,26.980008,-0.009314893,0,10.871134,-8.1714697e-05,0
0.5,0,26.975717,-0.0095430924,0,10.880362,-8.4077006e-05,0
0.5,0,26.970308,-0.0098450675,0,10.889591,-8.6400716e-05,0
0.5,0,26.964396,-0.010180322,0,10.898819,-8.8675008e-05,0
0.5,0,26.958635,-0.010513003,0,10.908048,-9.0895623e-05,0
0.5,0,26.95356,-0.010814652,0,10.917276,-9.3063523e-05,0
0.5,0,26.949515,-0.011068217,0,10.926505,-9.5183152e-05,0
0.5,0,26.946621,-0.011267761,0,10.935733,-9.7261303e-05,0
0.5,0,26.94484,-0.011409239,0,10.944962,-9.9305933e-05,0
0.5,0,26.944031,-0.011483311,0,10.95419,-0.00010132412,0
0.5,0,26.943919,-0.011478993,0,10.963419,-0.00010332,0
0.5,0,26.944164,-0.011390483,0,10.972647,-0.00010529419,0
0.5,0,26.944477,-0.011221405,0,10.981875,-0.00010724478,0
0.5,0,26.94463,-0.010987904,0,10.991104,-0.0001091687,0
0.5,0,26.944437,-0.010718512,0,11.000332,-0.00011106261,0
0.5,0,26.943779,-0.010448223,0,11.009561,-0.00011292391,0
0.5,0,26.942644,-0.010209945,0,11.018789,-0.00011475205,0
0.5,0,26.941153,-0.010028068,0,11.028018,-0.00011654909,0
0.5,0,26.939528,-0.0099140135,0,11.037246,-0.0001183191,0
0.5,0,26.938037,-0.0098638998,0,11.046475,-0.00012006705,0
0.5,0,26.93692,-0.0098611234,0,11.055703,-0.00012179768,0
0.5,0,26.936353,-0.0098840708,0,11.064932,-0.00012351484,0
0.5,0,26.936437,-0.0099134241,0,11.07416,-0.00012522111,0
0.5,0,26.937232,-0.0099365401,0,11.083389,-0.00012691793,0
0.5,0,26.938793,-0.0099479442,0,11.092617,-0.00012860562,0
0.5,0,26.941168,-0.0099474507,0,11.101846,-0.0001302832,0
0.5,0,26.944374,-0.0099374383,0,11.111074,-0.00013194796,0
0.5,0,26.948364,-0.0099206252,0,11.120302,-0.00013359477,0
0.5,0,26.953026,-0.0099015681,0,11.129531,-0.00013521572,0
0.5,0,26.958211,-0.0098887356,0,11.138759,-0.00013680017,0
0.5,0,26.963756,-0.0098968817,0,11.147988,-0.00013833559,0
0.5,0,26.969507,-0.0099482985,0,11.157216,-0.00013980901,0
0.5,0,26.97533,-0.01006948,0,11.166445,-0.00014120857,0
0.5,0,26.981118,-0.010283194,0,11.175673,-0.00014252497,0
0.5,0,26.986781,-0.010601277,0,11.184902,-0.00014375221,0
0.5,0,26.992235,-0.011028082,0,11.19413,-0.0001448884,0
0.5,0,26.997366,-0.011547291,0,11.203359,-0.00014593625,0
0.5,0,27.001972,-0.012106166,0,11.212587,-0.00014690133,0
0.5,0,27.006102,-0.012622387,0,11.221816,-0.00014778923,0
0.5,0,27.0093,-0.013039488,0,11.231044,-0.00014860521,0
0.5,0,27.011465,-0.013336482,0,11.240273,-0.00014935782,0
0.5,0,27.012777,-0.013481805,0,11.249501,-0.00015005926,0
0.5,0,27.012949,-0.013473439,0,11.258729,-0.00015072292,0
0.5,0,27.0122,-0.013360438,0,11.267958,-0.00015136399,0
0.5,0,27.010755,-0.013206376,0,11.277186,-0.00015200002,0
0.5,0,27.00884,-0.013072905,0,11.286415,-0.00015264905,0
0.5,0,27.006768,-0.01300917,0,11.295643,-0.00015332749,0
0.5,0,27.004846,-0.013039204,0,11.304872,-0.00015404832,0
0.5,0,27.003333,-0.013157655,0,11.3141,-0.0001548196,0
0.5,0,27.002408,-0.013333332,0,11.323329,-0.00015564392,0
0.5,0,27.002143,-0.013517814,0,11.332557,-0.00015651851,0
0.5,0,27.002502,-0.013657539,0,11.341786,-0.00015743625,0
0.5,0,27.00337,-0.013707581,0,11.351014,-0.00015838695,0
0.5,0,27.004585,-0.013644033,0,11.360243,-0.00015935874,0
0.5,0,27.005953,-0.013471176,0,11.369471,-0.00016033926,0
0.5,0,27.007268,-0.013220959,0,11.3787,-0.00016131676,0
0.5,0,27.008314,-0.012944971,0,11.387928,-0.000162281,0
0.5,0,27.008882,-0.012701332,0,11.397156,-0.00016322368,0
0.5,0,27.008791,-0.012540071,0,11.406385,-0.00016413833,0
0.5,0,27.007909,-0.0124909,0,11.415613,-0.00016501934,0
0.5,0,27.006169,-0.012556877,0,11.424842,-0.00016586078,0
0.5,0,27.003575,-0.012715802,0,11.43407,-0.00016665511,0
0.5,0,27.000193,-0.012928688,0,11.443299,-0.00016739248,0
0.5,0,26.99615,-0.013152274,0,11.452527,-0.00016806068,0
0.5,0,26.991633,-0.013351268,0,11.461756,-0.00016864603,0
0.5,0,26.986886,-0.013506886,0,11.470984,-0.00016913514,0
0.5,0,26.982191,-0.013620646,0,11.480213,-0.00016951716,0
0.5,0,26.977845,-0.013713357,0,11.489441,-0.0001697862,0
0.5,0,26.974167,-0.013815088,0,11.49867,-0.00016994334,0
0.5,0,26.971371,-0.013945736,0,11.507898,-0.00016999671,0
0.5,0,26.96974,-0.014101009,0,11.517127,-0.00016995871,0
0.5,0,26.969275,-0.014266725,0,11.526355,-0.00016984401,0
0.5,0,26.969855,-0.014436554,0,11.535583,-0.00016966849,0
0.5,0,26.971373,-0.014602899,0,11.544812,-0.00016944843,0
0.5,0,26.973433,-0.014755992,0,11.55404,-0.00016920111,0
0.5,0,26.975667,-0.014881289,0,11.563269,-0.00016894277,0
0.5,0,26.977575,-0.014949834,0,11.572497,-0.00016868372,0
0.5,0,26.978557,-0.0149389,0,11.581726,-0.00016842639,0
0.5,0,26.978082,-0.014855609,0,11.590954,-0.0001681677,0
0.5,0,26.975658,-0.01473341,0,11.600183,-0.00016790276,0
0.5,0,26.970876,-0.014612199,0,11.609411,-0.00016762711,0
0.5,0,26.963657,-0.014525124,0,11.61864,-0.0001673374,0
0.5,0,26.954311,-0.014501836,0,11.627868,-0.0001670314,0
0.5,0,26.943367,-0.014569264,0,11.637097,-0.00016670765,0
0.5,0,26.931441,-0.014740544,0,11.646325,-0.00016636439,0
0.5,0,26.919202,-0.015008635,0,11.655554,-0.00016599888,0
0.5,0,26.907402,-0.015354276,0,11.664782,-0.00016560618,0
0.5,0,26.896816,-0.015756539,0,11.67401,-0.00016517778,0
0.5,0,26.888081,-0.016195755,0,11.683239,-0.00016470219,0
0.5,0,26.881537,-0.016654929,0,11.692467,-0.00016416733,0
0.5,0,26.877205,-0.017123612,0,11.701696,-0.00016356227,0
0.5,0,26.874896,-0.017597141,0,11.710924,-0.00016287785,0
0.5,0,26.874332,-0.018069112,0,11.720153,-0.00016210646,0
0.5,0,26.875234,-0.018526985,0,11.729381,-0.00016124148,0
0.5,0,26.877351,-0.018954091,0,11.73861,-0.00016027665,0
0.5,0,26.880471,-0.01933526,0,11.747838,-0.00015920592,0
0.5,0,26.8844,-0.019663759,0,11.757067,-0.00015802397,0
0.5,0,26.888942,-0.019943725,0,11.766295,-0.00015672731,0
0.5,0,26.893895,-0.020188012,0,11.775524,-0.00015531549,0
0.5,0,26.899008,-0.020413198,0,11.784752,-0.0001537924,0
0.5,0,26.904024,-0.020627185,0,11.793981,-0.00015216613,0
0.5,0,26.908294,-0.020824308,0,11.803209,-0.00015044655,0
0.5,0,26.910547,-0.02097061,0,11.812437,-0.00014864353,0
0.5,0,26.91023,-0.020955974,0,11.821666,-0.00014676377,0
0.5,0,26.910338,-0.020777218,0,11.830894,-0.00014481151,0
0.5,0,26.911531,-0.020532663,0,11.840123,-0.00014278799,0
0.5,0,26.911737,-0.02025872,0,11.849351,-0.00014069117,0
0.5,0,26.91107,-0.019977423,0,11.85858,-0.00013852111,0
0.5,0,26.909712,-0.019707388,0,11.867808,-0.0001362812,0
0.5,0,26.907885,-0.019478753,0,11.877037,-0.0001339774,0
0.5,0,26.905876,-0.019316204,0,11.886265,-0.00013161668,0
0.5,0,26.903701,-0.019230419,0,11.895494,-0.0001292067,0
0.5,0,26.901213,-0.019234638,0,11.904722,-0.00012675617,0
0.5,0,26.898312,-0.019312534,0,11.913951,-0.00012427325,0
0.5,0,26.89475,-0.019411787,0,11.923179,-0.00012176305,0
0.5,0,26.890476,-0.019488153,0,11.932408,-0.00011922512,0
0.5,0,26.885585,-0.019505119,0,11.941636,-0.00011665202,0
0.5,0,26.880276,-0.019438956,0,11.950865,-0.00011403184,0
0.5,0,26.874789,-0.019298386,0,11.960093,-0.00011135361,0
0.5,0,26.869288,-0.019126252,0,11.969321,-0.00010861247,0
0.5,0,26.86382,-0.018981391,0,11.97855,-0.00010581258,0
0.5,0,26.858312,-0.018912286,0,11.987778,-0.00010296652,0
0.5,0,26.852603,-0.018938023,0,11.997007,-0.00010009163,0
0.5,0,26.846518,-0.019048476,0,12.006235,-9.7205533e-05,0
0.5,0,26.83993,-0.019220318,0,12.015464,-9.4322773e-05,0
0.5,0,26.832799,-0.019431625,0,12.024692,-9.1453791e-05,0
0.5,0,26.82518,-0.019662277,0,12.033921,-8.8604997e-05,0
0.5,0,26.817197,-0.019886296,0,12.043149,-8.5778546e-05,0
0.5,0,26.809031,-0.020071007,0,12.052378,-8.2971786e-05,0
0.5,0,26.80093,-0.020189442,0,12.061606,-8.0177856e-05,0
0.5,0,26.793189,-0.020237025,0,12.070835,-7.7388424e-05,0
0.5,0,26.786104,-0.020235242,0,12.080063,-7.4597591e-05,0
0.5,0,26.779955,-0.020213631,0,12.089292,-7.1804512e-05,0
0.5,0,26.77497,-0.020185453,0,12.09852,-6.9012851e-05,0
0.5,0,26.771286,-0.020142966,0,12.107748,-6.62279e-05,0
0.5,0,26.76892,-0.020076314,0,12.116977,-6.3454529e-05,0
0.5,0,26.767753,-0.019995112,0,12.126205,-6.0697867e-05,0
0.5,0,26.767562,-0.019925193,0,12.135434,-5.7964941e-05,0
0.5,0,26.768062,-0.019878539,0,12.144662,-5.5264087e-05,0
0.5,0,26.768937,-0.019834425,0,12.153891,-5.2601127e-05,0
0.5,0,26.769876,-0.019759213,0,12.163119,-4.9975537e-05,0
0.5,0,26.770655,-0.019642445,0,12.172348,-4.7380906e-05,0
0.5,0,26.771207,-0.019506996,0,12.181576,-4.4809398e-05,0
0.5,0,26.771613,-0.019377578,0,12.190805,-4.2255118e-05,0
0.5,0,26.772039,-0.019241624,0,12.200033,-3.9712041e-05,0
0.5,0,26.772664,-0.019055488,0,12.209262,-3.7168945e-05,0
0.5,0,26.77364,-0.018803591,0,12.21849,-3.4609367e-05,0
0.5,0,26.775068,-0.018547349,0,12.227719,-3.2020626e-05,0
0.5,0,26.776876,-0.018389526,0,12.236947,-2.9404433e-05,0
0.5,0,26.778839,-0.018367071,0,12.246175,-2.6775676e-05,0
0.5,0,26.78053,-0.018397711,0,12.255404,-2.4147318e-05,0
0.5,0,26.781531,-0.018363796,0,12.264632,-2.1517466e-05,0
0.5,0,26.781709,-0.018245984,0,12.273861,-1.8873967e-05,0
0.5,0,26.781098,-0.018168066,0,12.283089,-1.6213625e-05,0
0.5,0,26.779939,-0.018257666,0,12.292318,-1.3555177e-05,0
0.5,0,26.778511,-0.01845496,0,12.301546,-1.0923237e-05,0
0.5,0,26.777116,-0.018615013,0,12.310775,-8.3183042e-06,0
0.5,0,26.776469,-0.018886549,0,12.320003,-5.7164393e-06,0
0.5,0,26.777934,-0.019997772,0,12.329232,-3.1175479e-06,0
0.5,0,26.783533,-0.022389921,0,12.33846,-5.4514124e-07,0
0.5,0,26.785778,-0.022726772,0,12.340437,-2.5804012e-15,0
0.5,0,26.742434,0.0020159604,0,12.88294,-3.9504171e-08,0
0.5,0,26.742711,0.0020404471,0,12.882719,-2.5804012e-15,0
0.5,0,26.734527,0.00031310903,0,12.892168,-1.7164136e-06,0
0.5,0,26.730408,-0.00093908721,0,12.901397,-3.4132168e-06,0
0.5,0,26.728361,-0.0016114938,0,12.910625,-5.1277985e-06,0
0.5,0,26.727058,-0.00210801,0,12.919854,-6.853821e-06,0
0.5,0,26.725958,-0.0024874893,0,12.929082,-8.5924641e-06,0
0.5,0,26.724804,-0.0028004504,0,12.93831,-1.0345482e-05,0
0.5,0,26.723443,-0.0031139758,0,12.947539,-1.2107386e-05,0
0.5,0,26.72182,-0.0034667288,0,12.956767,-1.3867946e-05,0
0.5,0,26.719914,-0.0038731441,0,12.965996,-1.5616666e-05,0
0.5,0,26.717773,-0.004336222,0,12.975224,-1.7343459e-05,0
0.5,0,26.71522,-0.0048436847,0,12.984453,-1.9038915e-05,0
0.5,0,26.711865,-0.0053508439,0,12.993681,-2.0696493e-05,0
0.5,0,26.707453,-0.0057687492,0,13.00291,-2.2311968e-05,0
0.5,0,26.704266,-0.0060935422,0,13.012138,-2.3885266e-05,0
0.5,0,26.703064,-0.0063719375,0,13.021367,-2.5418371e-05,0
0.5,0,26.702325,-0.006600213,0,13.030595,-2.6911965e-05,0
0.5,0,26.702183,-0.006778204,0,13.039824,-2.8368973e-05,0
0.5,0,26.702598,-0.0069048844,0,13.049052,-2.9795135e-05,0
0.5,0,26.703466,-0.0069810072,0,13.058281,-3.1197724e-05,0
0.5,0,26.704631,-0.0070086389,0,13.067509,-3.2583707e-05,0
0.5,0,26.705867,-0.0069885704,0,13.076737,-3.3957675e-05,0
0.5,0,26.706939,-0.0069208767,0,13.085966,-3.5319993e-05,0
0.5,0,26.707684,-0.0068096011,0,13.095194,-3.666593e-05,0
0.5,0,26.708066,-0.0066698683,0,13.104423,-3.7986286e-05,0
0.5,0,26.70817,-0.0065318517,0,13.113651,-3.9269531e-05,0
0.5,0,26.708147,-0.0064359786,0,13.12288,-4.0504766e-05,0
0.5,0,26.708121,-0.0064195956,0,13.132108,-4.1684031e-05,0
0.5,0,26.708123,-0.0065008257,0,13.141337,-4.2802507e-05,0
0.5,0,26.708092,-0.0066686887,0,13.150565,-4.3856273e-05,0
0.5,0,26.707937,-0.006887831,0,13.159794,-4.4839128e-05,0
0.5,0,26.707611,-0.0071171871,0,13.169022,-4.5740915e-05,0
0.5,0,26.707143,-0.0073305353,0,13.178251,-4.6548945e-05,0
0.5,0,26.70663,-0.007526139,0,13.187479,-4.7251648e-05,0
0.5,0,26.706208,-0.0077218154,0,13.196708,-4.7841841e-05,0
0.5,0,26.70601,-0.0079411411,0,13.205936,-4.8317427e-05,0
0.5,0,26.70612,-0.0082013858,0,13.215164,-4.8679776e-05,0
0.5,0,26.70653,-0.0085102288,0,13.224393,-4.8931816e-05,0
0.5,0,26.707132,-0.0088684362,0,13.233621,-4.9077652e-05,0
0.5,0,26.707737,-0.0092702165,0,13.24285,-4.9123563e-05,0
0.5,0,26.708151,-0.0096980693,0,13.252078,-4.9078509e-05,0
0.5,0,26.708244,-0.010118785,0,13.261307,-4.8952566e-05,0
0.5,0,26.707962,-0.010490586,0,13.270535,-4.875362e-05,0
0.5,0,26.707326,-0.010782734,0,13.279764,-4.8484593e-05,0
0.5,0,26.706486,-0.01099448,0,13.288992,-4.8143303e-05,0
0.5,0,26.705704,-0.011155806,0,13.298221,-4.7724771e-05,0
0.5,0,26.705213,-0.01130762,0,13.307449,-4.7223741e-05,0
0.5,0,26.705117,-0.01147882,0,13.316678,-4.6635718e-05,0
0.5,0,26.705406,-0.011678674,0,13.325906,-4.5956977e-05,0
0.5,0,26.706008,-0.011906063,0,13.335135,-4.5184826e-05,0
0.5,0,26.706821,-0.012160832,0,13.344363,-4.4319206e-05,0
0.5,0,26.707687,-0.012438432,0,13.353591,-4.3363358e-05,0
0.5,0,26.708374,-0.01271174,0,13.36282,-4.2320335e-05,0
0.5,0,26.708587,-0.012935333,0,13.372048,-4.1187949e-05,0
0.5,0,26.708041,-0.013083096,0,13.381277,-3.9957296e-05,0
0.5,0,26.706596,-0.013180063,0,13.390505,-3.8616919e-05,0
0.5,0,26.704343,-0.013288677,0,13.399734,-3.7159679e-05,0
0.5,0,26.701608,-0.013456039,0,13.408962,-3.5585779e-05,0
0.5,0,26.698847,-0.013676295,0,13.418191,-3.3899155e-05,0
0.5,0,26.69652,-0.013913565,0,13.427419,-3.210233e-05,0
0.5,0,26.695013,-0.014162114,0,13.436648,-3.0197284e-05,0
0.5,0,26.694616,-0.014465467,0,13.445876,-2.8192257e-05,0
0.5,0,26.695489,-0.014856435,0,13.455105,-2.6104833e-05,0
0.5,0,26.697605,-0.015284861,0,13.464333,-2.3953731e-05,0
0.5,0,26.700722,-0.015634849,0,13.473562,-2.1745917e-05,0
0.5,0,26.704452,-0.015835997,0,13.48279,-1.9474162e-05,0
0.5,0,26.708417,-0.015958392,0,13.492018,-1.7131172e-05,0
0.5,0,26.71235,-0.016174269,0,13.501247,-1.4728985e-05,0
0.5,0,26.716162,-0.016564687,0,13.510475,-1.2300502e-05,0
0.5,0,26.719873,-0.017000385,0,13.519704,-9.8726013e-06,0
0.5,0,26.723652,-0.01734979,0,13.528932,-7.4413448e-06,0
0.5,0,26.72812,-0.017847332,0,13.538161,-4.9859401e-06,0
0.5,0,26.73456,-0.0192892,0,13.547389,-2.5150788e-06,0
0.5,0,26.744796,-0.021742484,0,13.556618,-5.1169619e-08,0
0.5,0,26.745093,-0.021770149,0,13.556809,-2.5804012e-15,0
0.5,0,26.820946,0.0032133729,0,14.230296,-1.3016715e-06,0
0.5,0,26.826915,0.0048083997,0,14.223822,-2.5804012e-15,0
0.5,0,26.816778,0.0011413626,0,14.239524,-3.1115934e-06,0
0.5,0,26.81544,-0.0002208961,0,14.248753,-4.8715022e-06,0
0.5,0,26.815351,-0.0013695478,0,14.257981,-6.5712761e-06,0
0.5,0,26.815813,-0.0023918312,0,14.26721,-8.2008545e-06,0
0.5,0,26.816531,-0.0032902618,0,14.276438,-9.7545407e-06,0
0.5,0,26.817415,-0.0040853197,0,14.285667,-1.122513e-05,0
0.5,0,26.818479,-0.0047885336,0,14.294895,-1.26033e-05,0
0.5,0,26.819749,-0.0053992675,0,14.304124,-1.3878562e-05,0
0.5,0,26.821169,-0.0059267049,0,14.313352,-1.5037539e-05,0
0.5,0,26.822585,-0.0063925923,0,14.32258,-1.6064415e-05,0
0.5,0,26.823818,-0.0068235161,0,14.331809,-1.6945571e-05,0
0.5,0,26.82478,-0.0072417759,0,14.341037,-1.7674286e-05,0
0.5,0,26.82555,-0.007652782,0,14.350266,-1.8251499e-05,0
0.5,0,26.826344,-0.0080404013,0,14.359494,-1.8682704e-05,0
0.5,0,26.827438,-0.0083840151,0,14.368723,-1.8974146e-05,0
0.5,0,26.829067,-0.0086870522,0,14.377951,-1.9131847e-05,0
0.5,0,26.831361,-0.0089856209,0,14.38718,-1.916387e-05,0
0.5,0,26.834336,-0.0093197226,0,14.396408,-1.9082112e-05,0
0.5,0,26.837939,-0.0096907113,0,14.405637,-1.8899865e-05,0
0.5,0,26.842121,-0.010045688,0,14.414865,-1.8625787e-05,0
0.5,0,26.846867,-0.010317268,0,14.424094,-1.8259016e-05,0
0.5,0,26.852141,-0.010491911,0,14.433322,-1.7790563e-05,0
0.5,0,26.857798,-0.010629985,0,14.442551,-1.7210515e-05,0
0.5,0,26.863573,-0.010810918,0,14.451779,-1.6513234e-05,0
0.5,0,26.869165,-0.011055238,0,14.461007,-1.5694036e-05,0
0.5,0,26.874329,-0.011310083,0,14.470236,-1.474123e-05,0
0.5,0,26.878911,-0.011521301,0,14.479464,-1.3634986e-05,0
0.5,0,26.882873,-0.011712138,0,14.488693,-1.2358664e-05,0
0.5,0,26.88627,-0.01198043,0,14.497921,-1.0914419e-05,0
0.5,0,26.889249,-0.012377081,0,14.50715,-9.3257835e-06,0
0.5,0,26.892003,-0.012812875,0,14.516378,-7.6178296e-06,0
0.5,0,26.894835,-0.013213088,0,14.525607,-5.7966131e-06,0
0.5,0,26.898465,-0.013814222,0,14.534835,-3.8586988e-06,0
0.5,0,26.904357,-0.015359439,0,14.544064,-1.8245392e-06,0
0.5,0,26.912951,-0.017339394,0,14.552076,-2.5804012e-15,0
0.5,0,27.110338,0.001129102,0,15.162371,-9.3465616e-07,0
0.5,0,27.11959,0.0028226799,0,15.153413,-2.5804012e-15,0
0.5,0,27.103212,-0.00017642814,0,15.171599,-1.7791708e-06,0
0.5,0,27.09758,-0.0010444355,0,15.180828,-2.5092132e-06,0
0.5,0,27.092904,-0.0017803799,0,15.190056,-3.133735e-06,0
0.5,0,27.089088,-0.0024411278,0,15.199285,-3.6661683e-06,0
0.5,0,27.08612,-0.0030397226,0,15.208513,-4.1166357e-06,0
0.5,0,27.084004,-0.0035881884,0,15.217742,-4.4889812e-06,0
0.5,0,27.082759,-0.004110567,0,15.22697,-4.7855891e-06,0
0.5,0,27.082407,-0.0046379869,0,15.236199,-5.0108828e-06,0
0.5,0,27.082881,-0.0051789396,0,15.245427,-5.1686718e-06,0
0.5,0,27.083921,-0.0057054709,0,15.254656,-5.2568612e-06,0
0.5,0,27.085032,-0.0061845024,0,15.263884,-5.2653559e-06,0
0.5,0,27.085557,-0.0066203766,0,15.273113,-5.1796721e-06,0
0.5,0,27.084826,-0.0070694079,0,15.282341,-4.9882046e-06,0
0.5,0,27.082339,-0.0076131968,0,15.291569,-4.6882374e-06,0
0.5,0,27.077858,-0.0082791146,0,15.300798,-4.2842272e-06,0
0.5,0,27.071348,-0.0090000395,0,15.310026,-3.7765159e-06,0
0.5,0,27.063008,-0.0096988095,0,15.319255,-3.1519242e-06,0
0.5,0,27.053394,-0.010419514,0,15.328483,-2.3909673e-06,0
0.5,0,27.043414,-0.011387959,0,15.337712,-1.4881618e-06,0
0.5,0,27.034599,-0.012951831,0,15.34694,-4.5717997e-07,0
0.5,0,27.03221,-0.013631609,0,15.350599,-2.5804012e-15,0
0.5,0,26.750345,0.0040708141,0,22.046807,-8.1979367e-07,0
0.5,0,26.751338,0.0048082825,0,22.040608,-2.5804012e-15,0
0.5,0,26.749964,0.0029381853,0,22.056036,-1.9862064e-06,0
0.5,0,26.749748,0.0020179948,0,22.065264,-3.0424778e-06,0
0.5,0,26.748954,0.0010406987,0,22.074493,-3.9400265e-06,0
0.5,0,26.747472,-5.0545443e-05,0,22.083721,-4.639123e-06,0
0.5,0,26.745569,-0.0012224659,0,22.09295,-5.1109237e-06,0
0.5,0,26.743672,-0.00241207,0,22.102178,-5.3378085e-06,0
0.5,0,26.742163,-0.0035609357,0,22.111406,-5.3154799e-06,0
0.5,0,26.741284,-0.0046392765,0,22.120635,-5.0556156e-06,0
0.5,0,26.741151,-0.0056277352,0,22.129863,-4.5867826e-06,0
0.5,0,26.741788,-0.0064737318,0,22.139092,-3.950051e-06,0
0.5,0,26.743215,-0.0070989903,0,22.14832,-3.1913665e-06,0
0.5,0,26.745542,-0.0074572025,0,22.157549,-2.3592226e-06,0
0.5,0,26.748901,-0.0075632118,0,22.166777,-1.5083561e-06,0
0.5,0,26.753401,-0.0075207578,0,22.176006,-6.9639609e-07,0
0.5,0,26.759043,-0.0072808373,0,22.185084,-2.5804012e-15,0
0.5,0,26.78813,0.0012402684,0,22.240605,-6.8434243e-08,0
0.5,0,26.78786,0.0011152693,0,22.23956,-2.5804012e-15,0
0.5,0,26.790634,0.001760865,0,22.249833,-8.7575933e-07,0
0.5,0,26.793362,0.0020228306,0,22.259062,-1.8207456e-06,0
0.5,0,26.795935,0.0021733898,0,22.26829,-2.8455958e-06,0
0.5,0,26.798107,0.0020519123,0,22.277519,-3.8846606e-06,0
0.5,0,26.799793,0.0016588411,0,22.286747,-4.8705945e-06,0
0.5,0,26.801087,0.0010007057,0,22.295976,-5.7387516e-06,0
0.5,0,26.802077,9.2850829e-05,0,22.305204,-6.4337564e-06,0
0.5,0,26.802606,-0.00098841503,0,22.314433,-6.9167956e-06,0
0.5,0,26.802577,-0.0021506047,0,22.323661,-7.1662153e-06,0
0.5,0,26.802053,-0.0033315947,0,22.33289,-7.172279e-06,0
0.5,0,26.801132,-0.004474445,0,22.342118,-6.9378374e-06,0
0.5,0,26.799962,-0.0055131882,0,22.351347,-6.4834319e-06,0
0.5,0,26.79879,-0.0064048556,0,22.360575,-5.8448609e-06,0
0.5,0,26.797962,-0.0071177424,0,22.369804,-5.0648261e-06,0
0.5,0,26.79781,-0.0076022631,0,22.379032,-4.1852075e-06,0
0.5,0,26.798551,-0.0078266945,0,22.38826,-3.2436967e-06,0
0.5,0,26.8003,-0.0078273951,0,22.397489,-2.2760032e-06,0
0.5,0,26.803088,-0.0077392107,0,22.406717,-1.3223186e-06,0
0.5,0,26.807018,-0.0077307222,0,22.415946,-4.2352323e-07,0
0.5,0,26.80972,-0.0076438044,0,22.420787,-2.5804012e-15,0
0.5,0,26.829266,0.0016792311,0,22.517459,-5.3494594e-07,0
0.5,0,26.830266,0.0020833732,0,22.511045,-2.5804012e-15,0
0.5,0,26.828853,0.0008894927,0,22.526687,-1.3279009e-06,0
0.5,0,26.829207,0.00017270479,0,22.535916,-2.0859847e-06,0
0.5,0,26.830042,-0.0005980449,0,22.545144,-2.7562632e-06,0
0.5,0,26.831326,-0.0014461197,0,22.554373,-3.2943822e-06,0
0.5,0,26.833115,-0.0023516556,0,22.563601,-3.6656885e-06,0
0.5,0,26.83547,-0.00327354,0,22.57283,-3.8454666e-06,0
0.5,0,26.838449,-0.0041653731,0,22.582058,-3.821366e-06,0
0.5,0,26.842134,-0.0049830349,0,22.591287,-3.5957501e-06,0
0.5,0,26.846579,-0.0056767839,0,22.600515,-3.1844658e-06,0
0.5,0,26.85179,-0.0062051911,0,22.609744,-2.6140539e-06,0
0.5,0,26.857789,-0.0065700347,0,22.618972,-1.9207516e-06,0
0.5,0,26.864585,-0.0068556106,0,22.628201,-1.1524959e-06,0
0.5,0,26.872234,-0.0071853562,0,22.637429,-3.6386181e-07,0
0.5,0,26.876291,-0.0072462899,0,22.641868,-2.5804012e-15,0
0.5,0,26.884846,0.0019173189,0,22.738942,-4.8583333e-07,0
0.5,0,26.888701,0.0022649687,0,22.732943,-2.5804012e-15,0
0.5,0,26.879124,0.0011329451,0,22.748171,-1.2166271e-06,0
0.5,0,26.873208,0.0003711978,0,22.757399,-1.8540502e-06,0
0.5,0,26.866762,-0.00052108042,0,22.766628,-2.3363543e-06,0
0.5,0,26.859855,-0.0015922773,0,22.775856,-2.6213119e-06,0
0.5,0,26.852757,-0.0027899107,0,22.785085,-2.6828336e-06,0
0.5,0,26.8458,-0.0040131813,0,22.794313,-2.5032143e-06,0
0.5,0,26.839406,-0.0051989827,0,22.803541,-2.074434e-06,0
0.5,0,26.834109,-0.0064000294,0,22.81277,-1.4069294e-06,0
0.5,0,26.830632,-0.0078443647,0,22.821998,-5.4138642e-07,0
0.5,0,26.830138,-0.0086200791,0,22.826933,-2.5804012e-15,0
0.5,0,26.727707,-0.00056794374,0,28.174509,-1.2685736e-08,0
0.5,0,26.727823,-0.00054729093,0,28.173973,-2.5804012e-15,0
0.5,0,26.726049,-0.00091096791,0,28.183738,-1.9387526e-07,0
0.5,0,26.724739,-0.0011283677,0,28.192966,-3.3446859e-07,0
0.5,0,26.723712,-0.001265944,0,28.202195,-4.3008639e-07,0
0.5,0,26.722945,-0.0013579932,0,28.211423,-4.7880141e-07,0
0.5,0,26.722469,-0.0014147749,0,28.220651,-4.8169063e-07,0
0.5,0,26.722285,-0.001444976,0,28.22988,-4.4410296e-07,0
0.5,0,26.722347,-0.001458708,0,28.239108,-3.7460539e-07,0
0.5,0,26.722629,-0.0014644397,0,28.248337,-2.8254731e-07,0
0.5,0,26.723237,-0.0014775999,0,28.257565,-1.7654402e-07,0
0.5,0,26.724437,-0.0015277539,0,28.266794,-6.4803673e-08,0
0.5,0,26.725641,-0.0015563273,0,28.272277,-2.5804012e-15,0
0.5,0,26.756677,-0.0012232438,0,28.34985,-1.0672781e-07,0
0.5,0,26.754162,-0.0011609987,0,28.343771,-2.5804012e-15,0
0.5,0,26.760159,-0.0013128425,0,28.359078,-3.0378975e-07,0
0.5,0,26.763435,-0.0013493914,0,28.368307,-5.2713362e-07,0
0.5,0,26.766445,-0.001356777,0,28.377535,-7.6861821e-07,0
0.5,0,26.768818,-0.0013439808,0,28.386764,-1.0203964e-06,0
0.5,0,26.77052,-0.0013183009,0,28.395992,-1.2749175e-06,0
0.5,0,26.771517,-0.0012892152,0,28.405221,-1.524073e-06,0
0.5,0,26.771792,-0.0012633421,0,28.414449,-1.7592177e-06,0
0.5,0,26.771337,-0.001242361,0,28.423678,-1.9720059e-06,0
0.5,0,26.770163,-0.0012259594,0,28.432906,-2.1551324e-06,0
0.5,0,26.768306,-0.0012143996,0,28.442135,-2.3027141e-06,0
0.5,0,26.765844,-0.0012091699,0,28.451363,-2.4105575e-06,0
0.5,0,26.762888,-0.0012127626,0,28.460592,-2.476382e-06,0
0.5,0,26.759576,-0.0012285121,0,28.46982,-2.4999016e-06,0
0.5,0,26.756054,-0.0012600634,0,28.479049,-2.4828274e-06,0
0.5,0,26.752469,-0.0013103293,0,28.488277,-2.4288229e-06,0
0.5,0,26.748967,-0.0013808784,0,28.497505,-2.3433002e-06,0
0.5,0,26.745691,-0.0014716648,0,28.506734,-2.2330398e-06,0
0.5,0,26.742781,-0.0015808785,0,28.515962,-2.1056699e-06,0
0.5,0,26.740368,-0.0017047204,0,28.525191,-1.9690438e-06,0
0.5,0,26.738552,-0.0018370136,0,28.534419,-1.8306065e-06,0
0.5,0,26.73738,-0.0019694395,0,28.543648,-1.6968494e-06,0
0.5,0,26.736844,-0.0020930941,0,28.552876,-1.5729635e-06,0
0.5,0,26.736877,-0.0022007309,0,28.562105,-1.4628062e-06,0
0.5,0,26.737379,-0.0022876517,0,28.571333,-1.3691228e-06,0
0.5,0,26.73823,-0.0023508757,0,28.580562,-1.2938434e-06,0
0.5,0,26.739312,-0.0023885281,0,28.58979,-1.2383787e-06,0
0.5,0,26.740531,-0.0023996487,0,28.599019,-1.2038496e-06,0
0.5,0,26.74183,-0.0023841524,0,28.608247,-1.1911462e-06,0
0.5,0,26.743178,-0.0023430873,0,28.617476,-1.2008147e-06,0
0.5,0,26.74456,-0.0022787057,0,28.626704,-1.2329767e-06,0
0.5,0,26.745963,-0.0021945921,0,28.635932,-1.2873916e-06,0
0.5,0,26.747376,-0.0020961802,0,28.645161,-1.3635593e-06,0
0.5,0,26.748795,-0.0019907944,0,28.654389,-1.460773e-06,0
0.5,0,26.750223,-0.0018863296,0,28.663618,-1.5780412e-06,0
0.5,0,26.751665,-0.0017896585,0,28.672846,-1.7138818e-06,0
0.5,0,26.753117,-0.0017068715,0,28.682075,-1.866122e-06,0
0.5,0,26.754567,-0.0016452919,0,28.691303,-2.0319653e-06,0
0.5,0,26.755991,-0.0016130245,0,28.700532,-2.2083647e-06,0
0.5,0,26.75735,-0.0016140391,0,28.70976,-2.3922241e-06,0
0.5,0,26.758591,-0.0016443367,0,28.718989,-2.580084e-06,0
0.5,0,26.759645,-0.001695585,0,28.728217,-2.7678908e-06,0
0.5,0,26.760433,-0.0017615526,0,28.737446,-2.9515787e-06,0
0.5,0,26.760869,-0.0018380807,0,28.746674,-3.1280046e-06,0
0.5,0,26.760862,-0.0019193837,0,28.755903,-3.2953005e-06,0
0.5,0,26.760363,-0.0019976339,0,28.765131,-3.4527461e-06,0
0.5,0,26.759342,-0.0020647149,0,28.774359,-3.5999411e-06,0
0.5,0,26.757757,-0.0021136528,0,28.783588,-3.7367238e-06,0
0.5,0,26.755569,-0.0021412057,0,28.792816,-3.8635377e-06,0
0.5,0,26.752787,-0.0021490413,0,28.802045,-3.9808485e-06,0
0.5,0,26.74946,-0.0021406387,0,28.811273,-4.088825e-06,0
0.5,0,26.745653,-0.002118291,0,28.820502,-4.1873947e-06,0
0.5,0,26.741452,-0.0020854706,0,28.82973,-4.2760635e-06,0
0.5,0,26.736973,-0.0020503972,0,28.838959,-4.3530679e-06,0
0.5,0,26.732363,-0.0020221347,0,28.848187,-4.4148485e-06,0
0.5,0,26.727781,-0.0020038971,0,28.857416,-4.4569658e-06,0
0.5,0,26.723388,-0.0019945204,0,28.866644,-4.4756988e-06,0
0.5,0,26.719324,-0.0019948695,0,28.875873,-4.4688938e-06,0
0.5,0,26.715698,-0.0020084604,0,28.885101,-4.4360374e-06,0
0.5,0,26.712574,-0.0020363583,0,28.89433,-4.3782981e-06,0
0.5,0,26.70997,-0.0020744784,0,28.903558,-4.2985926e-06,0
0.5,0,26.707859,-0.0021173317,0,28.912786,-4.2012211e-06,0
0.5,0,26.706182,-0.002160355,0,28.922015,-4.0914639e-06,0
0.5,0,26.704854,-0.0021997652,0,28.931243,-3.9749978e-06,0
0.5,0,26.703775,-0.0022339671,0,28.940472,-3.8572612e-06,0
0.5,0,26.702834,-0.0022628158,0,28.9497,-3.743436e-06,0
0.5,0,26.701916,-0.0022858815,0,28.958929,-3.6385464e-06,0
0.5,0,26.700922,-0.0023014669,0,28.968157,-3.5473573e-06,0
0.5,0,26.699791,-0.0023063654,0,28.977386,-3.4740811e-06,0
0.5,0,26.698508,-0.0022969064,0,28.986614,-3.4219621e-06,0
0.5,0,26.697098,-0.0022712701,0,28.995843,-3.3928679e-06,0
0.5,0,26.695616,-0.002231278,0,29.005071,-3.3870725e-06,0
0.5,0,26.69415,-0.002182315,0,29.0143,-3.403253e-06,0
0.5,0,26.692815,-0.0021313167,0,29.023528,-3.4385798e-06,0
0.5,0,26.691724,-0.0020843435,0,29.032757,-3.4888325e-06,0
0.5,0,26.69096,-0.0020457964,0,29.041985,-3.5485653e-06,0
0.5,0,26.690562,-0.002018785,0,29.051213,-3.611477e-06,0
0.5,0,26.690522,-0.0020057541,0,29.060442,-3.671072e-06,0
0.5,0,26.690794,-0.0020083044,0,29.06967,-3.7214024e-06,0
0.5,0,26.691307,-0.0020258531,0,29.078899,-3.75756e-06,0
0.5,0,26.691983,-0.0020544667,0,29.088127,-3.7757846e-06,0
0.5,0,26.69275,-0.0020876428,0,29.097356,-3.7733288e-06,0
0.5,0,26.69355,-0.002119054,0,29.106584,-3.7484202e-06,0
0.5,0,26.694342,-0.0021452306,0,29.115813,-3.7005037e-06,0
0.5,0,26.695096,-0.0021657895,0,29.125041,-3.6305664e-06,0
0.5,0,26.695783,-0.0021809334,0,29.13427,-3.5411902e-06,0
0.5,0,26.696374,-0.0021889391,0,29.143498,-3.4361306e-06,0
0.5,0,26.696837,-0.0021864731,0,29.152727,-3.319649e-06,0
0.5,0,26.697149,-0.002171838,0,29.161955,-3.1961104e-06,0
0.5,0,26.697303,-0.0021481937,0,29.171184,-3.0701168e-06,0
0.5,0,26.697305,-0.002123232,0,29.180412,-2.9468613e-06,0
0.5,0,26.697172,-0.0021047195,0,29.18964,-2.8320044e-06,0
0.5,0,26.696929,-0.002095554,0,29.198869,-2.7306759e-06,0
0.5,0,26.696606,-0.0020931645,0,29.208097,-2.6460084e-06,0
0.5,0,26.696244,-0.0020943494,0,29.217326,-2.5781545e-06,0
0.5,0,26.695891,-0.0021013252,0,29.226554,-2.52444e-06,0
0.5,0,26.695595,-0.0021231463,0,29.235783,-2.4804243e-06,0
0.5,0,26.695392,-0.002170194,0,29.245011,-2.4409481e-06,0
0.5,0,26.695297,-0.0022456293,0,29.25424,-2.4003188e-06,0
0.5,0,26.695296,-0.0023415258,0,29.263468,-2.3516752e-06,0
0.5,0,26.695337,-0.0024442179,0,29.272697,-2.2865639e-06,0
0.5,0,26.695355,-0.002544174,0,29.281925,-2.1957799e-06,0
0.5,0,26.695297,-0.0026412439,0,29.291154,-2.071382e-06,0
0.5,0,26.695151,-0.0027417692,0,29.300382,-1.9087722e-06,0
0.5,0,26.694953,-0.0028481893,0,29.309611,-1.7076265e-06,0
0.5,0,26.694771,-0.0029465141,0,29.318839,-1.4708458e-06,0
0.5,0,26.694675,-0.0030177201,0,29.328067,-1.2021905e-06,0
0.5,0,26.694757,-0.0031146687,0,29.337296,-9.0562818e-07,0
0.5,0,26.695031,-0.003271079,0,29.346524,-5.8752974e-07,0
0.5,0,26.695431,-0.0034432907,0,29.355753,-2.5856135e-07,0
0.5,0,26.696352,-0.0035710964,0,29.363059,-2.5804012e-15,0
0.5,0,26.706847,-0.00069359461,0,29.484951,-1.3724087e-07,0
0.5,0,26.7069,-0.00062793344,0,29.481055,-2.5804012e-15,0
0.5,0,26.707423,-0.00086612769,0,29.49418,-4.7436931e-07,0
0.5,0,26.708559,-0.00096731107,0,29.503408,-8.0834101e-07,0
0.5,0,26.709979,-0.0010425631,0,29.512637,-1.1259525e-06,0
0.5,0,26.711508,-0.0011235529,0,29.521865,-1.4150754e-06,0
0.5,0,26.713064,-0.0012078608,0,29.531094,-1.6660856e-06,0
0.5,0,26.714612,-0.0012942878,0,29.540322,-1.8713646e-06,0
0.5,0,26.716135,-0.0013920221,0,29.549551,-2.0250976e-06,0
0.5,0,26.717625,-0.0015093582,0,29.558779,-2.1241278e-06,0
0.5,0,26.719101,-0.001642436,0,29.568008,-2.1679426e-06,0
0.5,0,26.720752,-0.0017866019,0,29.577236,-2.1571683e-06,0
0.5,0,26.722439,-0.0019252915,0,29.586465,-2.0924187e-06,0
0.5,0,26.724093,-0.0020458967,0,29.595693,-1.9746371e-06,0
0.5,0,26.725904,-0.0021610344,0,29.604921,-1.8065575e-06,0
0.5,0,26.727793,-0.0022833233,0,29.61415,-1.5938214e-06,0
0.5,0,26.729702,-0.0024122768,0,29.623378,-1.3437974e-06,0
0.5,0,26.731582,-0.0025395042,0,29.632607,-1.0629795e-06,0
0.5,0,26.733391,-0.0026734369,0,29.641835,-7.5639314e-07,0
0.5,0,26.735134,-0.0028605648,0,29.651064,-4.3016909e-07,0
0.5,0,26.736887,-0.0031591221,0,29.660292,-9.303808e-08,0
0.5,0,26.737389,-0.0032417583,0,29.662821,-2.5804012e-15,0
0.5,0,26.747431,-0.0001744978,0,29.826405,-4.6707843e-08,0
0.5,0,26.747595,-0.00014403678,0,29.825003,-2.5804012e-15,0
0.5,0,26.746832,-0.00041860781,0,29.835633,-3.4873473e-07,0
0.5,0,26.746598,-0.00057796301,0,29.844862,-6.3635228e-07,0
0.5,0,26.746417,-0.00067097628,0,29.85409,-9.0275011e-07,0
0.5,0,26.746112,-0.00074658219,0,29.863319,-1.1418116e-06,0
0.5,0,26.745674,-0.00081245994,0,29.872547,-1.3502991e-06,0
0.5,0,26.74517,-0.00087624465,0,29.881775,-1.5270906e-06,0
0.5,0,26.744674,-0.00094621425,0,29.891004,-1.6715346e-06,0
0.5,0,26.744246,-0.0010225698,0,29.900232,-1.7830547e-06,0
0.5,0,26.74393,-0.0011027111,0,29.909461,-1.8612565e-06,0
0.5,0,26.743758,-0.0011907837,0,29.918689,-1.9057262e-06,0
0.5,0,26.74376,-0.0012962939,0,29.927918,-1.9159551e-06,0
0.5,0,26.743949,-0.0014245414,0,29.937146,-1.8915646e-06,0
0.5,0,26.744325,-0.0015713689,0,29.946375,-1.8323863e-06,0
0.5,0,26.744873,-0.0017267669,0,29.955603,-1.7384429e-06,0
0.5,0,26.74558,-0.0018819557,0,29.964832,-1.6104375e-06,0
0.5,0,26.746437,-0.0020336443,0,29.97406,-1.450867e-06,0
0.5,0,26.747439,-0.0021805959,0,29.983289,-1.264862e-06,0
0.5,0,26.748576,-0.0023151457,0,29.992517,-1.059396e-06,0
0.5,0,26.749841,-0.0024264863,0,30.001746,-8.4101014e-07,0
0.5,0,26.75124,-0.0025170978,0,30.010974,-6.1452917e-07,0
0.5,0,26.752805,-0.0026157157,0,30.020202,-3.8378191e-07,0
0.5,0,26.754616,-0.0027809782,0,30.029431,-1.5289173e-07,0
0.5,0,26.756075,-0.002926191,0,30.035624,-2.5804012e-15,0
0.5,0,26.878896,0.0015844009,0,32.585716,-2.3628467e-07,0
0.5,0,26.878592,0.0017305867,0,32.580751,-2.5804012e-15,0
0.5,0,26.880095,0.001371026,0,32.594945,-6.4069615e-07,0
0.5,0,26.881725,0.001277785,0,32.604173,-1.001002e-06,0
0.5,0,26.883535,0.0012208468,0,32.613402,-1.3110291e-06,0
0.5,0,26.885363,0.0011628421,0,32.62263,-1.5670651e-06,0
0.5,0,26.887096,0.001093728,0,32.631859,-1.7692868e-06,0
0.5,0,26.888655,0.0010044903,0,32.641087,-1.920565e-06,0
0.5,0,26.889988,0.00089151277,0,32.650316,-2.0258026e-06,0
0.5,0,26.891072,0.00076078014,0,32.659544,-2.0925417e-06,0
0.5,0,26.891898,0.00062049036,0,32.668772,-2.1308337e-06,0
0.5,0,26.892469,0.00047705834,0,32.678001,-2.1521123e-06,0
0.5,0,26.892797,0.00033799144,0,32.687229,-2.1681499e-06,0
0.5,0,26.892907,0.00021348325,0,32.696458,-2.1904264e-06,0
0.5,0,26.892839,0.00011431226,0,32.705686,-2.2294292e-06,0
0.5,0,26.892639,4.9879287e-05,0,32.714915,-2.2937504e-06,0
0.5,0,26.892358,2.7695512e-05,0,32.724143,-2.3893739e-06,0
0.5,0,26.892044,5.299255e-05,0,32.733372,-2.519337e-06,0
0.5,0,26.89174,0.00012762292,0,32.7426,-2.6836465e-06,0
0.5,0,26.891478,0.00024901751,0,32.751829,-2.8793681e-06,0
0.5,0,26.891275,0.00041025051,0,32.761057,-3.1009478e-06,0
0.5,0,26.891138,0.00060072422,0,32.770286,-3.3407979e-06,0
0.5,0,26.89106,0.0008065256,0,32.779514,-3.5900253e-06,0
0.5,0,26.891027,0.0010107469,0,32.788743,-3.8391788e-06,0
0.5,0,26.891018,0.0011936888,0,32.797971,-4.0791223e-06,0
0.5,0,26.891016,0.0013369034,0,32.807199,-4.3017184e-06,0
0.5,0,26.891005,0.0014255584,0,32.816428,-4.5004035e-06,0
0.5,0,26.890974,0.0014467056,0,32.825656,-4.6708067e-06,0
0.5,0,26.890919,0.0013916054,0,32.834885,-4.8109361e-06,0
0.5,0,26.89084,0.0012578097,0,32.844113,-4.9210651e-06,0
0.5,0,26.890742,0.001048665,0,32.853342,-5.0035426e-06,0
0.5,0,26.890628,0.00077256116,0,32.86257,-5.0625187e-06,0
0.5,0,26.890499,0.00044180836,0,32.871799,-5.1036035e-06,0
0.5,0,26.890352,7.150201e-05,0,32.881027,-5.1334852e-06,0
0.5,0,26.890181,-0.00032056397,0,32.890256,-5.1595729e-06,0
0.5,0,26.889976,-0.00071409215,0,32.899484,-5.1897021e-06,0
0.5,0,26.889729,-0.0010874055,0,32.908713,-5.2318789e-06,0
0.5,0,26.889435,-0.0014188345,0,32.917941,-5.2939903e-06,0
0.5,0,26.889095,-0.0016894021,0,32.92717,-5.383294e-06,0
0.5,0,26.888717,-0.0018855171,0,32.936398,-5.5056692e-06,0
0.5,0,26.888314,-0.0020000048,0,32.945626,-5.6648336e-06,0
0.5,0,26.887898,-0.0020319262,0,32.954855,-5.861734e-06,0
0.5,0,26.887479,-0.0019856601,0,32.964083,-6.0942524e-06,0
0.5,0,26.887057,-0.0018698388,0,32.973312,-6.357278e-06,0
0.5,0,26.886616,-0.001696319,0,32.98254,-6.6431128e-06,0
0.5,0,26.886121,-0.0014790983,0,32.991769,-6.9421144e-06,0
0.5,0,26.88552,-0.0012331858,0,33.000997,-7.2434525e-06,0
0.5,0,26.884745,-0.00097364499,0,33.010226,-7.5358934e-06,0
0.5,0,26.883731,-0.00071461463,0,33.019454,-7.8084194e-06,0
0.5,0,26.882418,-0.00046993166,0,33.028683,-8.0507927e-06,0
0.5,0,26.880763,-0.00025293595,0,33.037911,-8.2542405e-06,0
0.5,0,26.878761,-7.3787982e-05,0,33.04714,-8.411636e-06,0
0.5,0,26.876434,6.1178187e-05,0,33.056368,-8.5174105e-06,0
0.5,0,26.87384,0.00014982362,0,33.065597,-8.5677822e-06,0
0.5,0,26.87106,0.00019504645,0,33.074825,-8.5608208e-06,0
0.5,0,26.868209,0.00020489567,0,33.084053,-8.496406e-06,0
0.5,0,26.865394,0.0001913027,0,33.093282,-8.3759539e-06,0
0.5,0,26.862719,0.00016770289,0,33.10251,-8.2021318e-06,0
0.5,0,26.860281,0.00014830509,0,33.111739,-7.9787635e-06,0
0.5,0,26.858137,0.00014645336,0,33.120967,-7.7104329e-06,0
0.5,0,26.85631,0.00017206268,0,33.130196,-7.4020314e-06,0
0.5,0,26.854793,0.0002306114,0,33.139424,-7.0584655e-06,0
0.5,0,26.853555,0.00032287554,0,33.148653,-6.6845341e-06,0
0.5,0,26.852551,0.00044510051,0,33.157881,-6.28495e-06,0
0.5,0,26.851735,0.00058985397,0,33.16711,-5.8644716e-06,0
0.5,0,26.851067,0.00074724344,0,33.176338,-5.4281084e-06,0
0.5,0,26.850519,0.00090599249,0,33.185567,-4.9813534e-06,0
0.5,0,26.850078,0.0010540225,0,33.194795,-4.5303738e-06,0
0.5,0,26.849748,0.0011785714,0,33.204024,-4.0820727e-06,0
0.5,0,26.849545,0.0012662903,0,33.213252,-3.6439781e-06,0
0.5,0,26.849496,0.0013037806,0,33.22248,-3.2239961e-06,0
0.5,0,26.849633,0.00127872,0,33.231709,-2.8301112e-06,0
0.5,0,26.849982,0.0011815566,0,33.240937,-2.4701082e-06,0
0.5,0,26.850559,0.001007633,0,33.250166,-2.151347e-06,0
0.5,0,26.851366,0.00075893984,0,33.259394,-1.8806077e-06,0
0.5,0,26.852386,0.00044457411,0,33.268623,-1.6640114e-06,0
0.5,0,26.853593,8.0174687e-05,0,33.277851,-1.5069304e-06,0
0.5,0,26.85495,-0.00031353335,0,33.28708,-1.4138563e-06,0
0.5,0,26.85643,-0.00071303016,0,33.296308,-1.3881765e-06,0
0.5,0,26.858005,-0.001094808,0,33.305537,-1.4318933e-06,0
0.5,0,26.859659,-0.0014381344,0,33.314765,-1.5454516e-06,0
0.5,0,26.861381,-0.0017268009,0,33.323994,-1.7275645e-06,0
0.5,0,26.863165,-0.0019498144,0,33.333222,-1.9749958e-06,0
0.5,0,26.864999,-0.0021009474,0,33.342451,-2.2824364e-06,0
0.5,0,26.866862,-0.0021780214,0,33.351679,-2.6425092e-06,0
0.5,0,26.868716,-0.0021828386,0,33.360907,-3.0458941e-06,0
0.5,0,26.870508,-0.0021211072,0,33.370136,-3.4815841e-06,0
0.5,0,26.872176,-0.0020020668,0,33.379364,-3.9373232e-06,0
0.5,0,26.873654,-0.0018379795,0,33.388593,-4.4002098e-06,0
0.5,0,26.874879,-0.0016433487,0,33.397821,-4.8573781e-06,0
0.5,0,26.875802,-0.0014336207,0,33.40705,-5.2966543e-06,0
0.5,0,26.876389,-0.0012236008,0,33.416278,-5.7070969e-06,0
0.5,0,26.876633,-0.0010260832,0,33.425507,-6.0793667e-06,0
0.5,0,26.876545,-0.00085059849,0,33.434735,-6.4059283e-06,0
0.5,0,26.876161,-0.00070306824,0,33.443964,-6.6810485e-06,0
0.5,0,26.875527,-0.00058614658,0,33.453192,-6.9007433e-06,0
0.5,0,26.874691,-0.00049983409,0,33.462421,-7.0627913e-06,0
0.5,0,26.873685,-0.00044264272,0,33.471649,-7.1667391e-06,0
0.5,0,26.872516,-0.00041233509,0,33.480878,-7.2139938e-06,0
0.5,0,26.871167,-0.00040580328,0,33.490106,-7.2078472e-06,0
0.5,0,26.869602,-0.00041758915,0,33.499334,-7.1533244e-06,0
0.5,0,26.867779,-0.00043983863,0,33.508563,-7.0569126e-06,0
0.5,0,26.865676,-0.00046353371,0,33.517791,-6.92605e-06,0
0.5,0,26.863308,-0.00047850252,0,33.52702,-6.7683897e-06,0
0.5,0,26.860737,-0.00047460225,0,33.536248,-6.5910347e-06,0
0.5,0,26.858064,-0.00044384803,0,33.545477,-6.3999042e-06,0
0.5,0,26.855418,-0.00038171473,0,33.554705,-6.1992252e-06,0
0.5,0,26.852938,-0.0002879726,0,33.563934,-5.9911733e-06,0
0.5,0,26.850747,-0.00016632511,0,33.573162,-5.7757013e-06,0
0.5,0,26.848945,-2.3521827e-05,0,33.582391,-5.5506254e-06,0
0.5,0,26.847597,0.00013074194,0,33.591619,-5.3120655e-06,0
0.5,0,26.84673,0.00028469025,0,33.600848,-5.0551501e-06,0
0.5,0,26.846339,0.00042608055,0,33.610076,-4.7748247e-06,0
0.5,0,26.846389,0.00054336747,0,33.619305,-4.4666286e-06,0
0.5,0,26.846816,0.00062603755,0,33.628533,-4.1274146e-06,0
0.5,0,26.847538,0.00066512112,0,33.637761,-3.7559948e-06,0
0.5,0,26.848457,0.00065560017,0,33.64699,-3.3534397e-06,0
0.5,0,26.849476,0.00059821657,0,33.656218,-2.9227974e-06,0
0.5,0,26.850498,0.00049602971,0,33.665447,-2.4687009e-06,0
0.5,0,26.851442,0.00035011291,0,33.674675,-1.9975279e-06,0
0.5,0,26.852248,0.00016260359,0,33.683904,-1.5174207e-06,0
0.5,0,26.852895,-6.8483897e-05,0,33.693132,-1.0369861e-06,0
0.5,0,26.853458,-0.00038519079,0,33.702361,-5.6515283e-07,0
0.5,0,26.85412,-0.00082171046,0,33.711589,-1.1279506e-07,0
0.5,0,26.854355,-0.00093424352,0,33.714047,-2.5804012e-15,0
0.5,0,26.821124,-0.0012751367,0,33.979215,-5.0529321e-07,0
0.5,0,26.826117,-0.00088150265,0,33.970627,-2.5804012e-15,0
0.5,0,26.816689,-0.0015647622,0,33.988443,-1.0806405e-06,0
0.5,0,26.813136,-0.0017236849,0,33.997672,-1.67329e-06,0
0.5,0,26.810405,-0.0018458303,0,34.0069,-2.2641858e-06,0
0.5,0,26.808446,-0.0019515439,0,34.016129,-2.8309228e-06,0
0.5,0,26.807184,-0.0020256214,0,34.025357,-3.3531264e-06,0
0.5,0,26.806522,-0.0020520527,0,34.034586,-3.8144186e-06,0
0.5,0,26.806345,-0.0020347809,0,34.043814,-4.2005935e-06,0
0.5,0,26.806539,-0.0019857439,0,34.053042,-4.4979737e-06,0
0.5,0,26.807005,-0.0019054992,0,34.062271,-4.694271e-06,0
0.5,0,26.807656,-0.001779205,0,34.071499,-4.7806802e-06,0
0.5,0,26.808409,-0.0015885586,0,34.080728,-4.7530737e-06,0
0.5,0,26.809193,-0.0013266504,0,34.089956,-4.6114991e-06,0
0.5,0,26.809948,-0.0010037007,0,34.099185,-4.358887e-06,0
0.5,0,26.810636,-0.00064077883,0,34.108413,-4.0002007e-06,0
0.5,0,26.811253,-0.00026070285,0,34.117642,-3.5423349e-06,0
0.5,0,26.811848,0.00011237381,0,34.12687,-2.9945185e-06,0
0.5,0,26.812538,0.00044710946,0,34.136099,-2.3687027e-06,0
0.5,0,26.813528,0.0006916439,0,34.145327,-1.678709e-06,0
0.5,0,26.815176,0.00072434137,0,34.154556,-9.3869281e-07,0
0.5,0,26.817956,0.00046323467,0,34.163784,-1.6261075e-07,0
0.5,0,26.818785,0.00040245532,0,34.165655,-2.5804012e-15,0
0.5,0,26.881359,-0.00054669392,0,34.48678,-1.1784354e-06,0
0.5,0,26.88007,4.4033018e-05,0,34.477748,-2.5804012e-15,0
0.5,0,26.883343,-0.00083647738,0,34.496009,-2.3657778e-06,0
0.5,0,26.88541,-0.00084874468,0,34.505237,-3.5324452e-06,0
0.5,0,26.887138,-0.00082000527,0,34.514466,-4.6688055e-06,0
0.5,0,26.888334,-0.00080530066,0,34.523694,-5.762882e-06,0
0.5,0,26.88894,-0.00077909561,0,34.532923,-6.8093362e-06,0
0.5,0,26.889013,-0.00073085496,0,34.542151,-7.8077766e-06,0
0.5,0,26.88869,-0.00069032477,0,34.55138,-8.7547046e-06,0
0.5,0,26.888124,-0.00068362973,0,34.560608,-9.6402019e-06,0
0.5,0,26.887435,-0.00070189149,0,34.569837,-1.0451599e-05,0
0.5,0,26.886673,-0.00071474675,0,34.579065,-1.1178232e-05,0
0.5,0,26.88583,-0.0007011572,0,34.588294,-1.1812644e-05,0
0.5,0,26.884858,-0.00065912964,0,34.597522,-1.2349069e-05,0
0.5,0,26.883693,-0.000589857,0,34.60675,-1.2782915e-05,0
0.5,0,26.882274,-0.00048375253,0,34.615979,-1.3112433e-05,0
0.5,0,26.88056,-0.00032828757,0,34.625207,-1.334012e-05,0
0.5,0,26.878545,-0.00012606976,0,34.634436,-1.3471548e-05,0
0.5,0,26.876274,0.00010069577,0,34.643664,-1.3512606e-05,0
0.5,0,26.873843,0.00032437366,0,34.652893,-1.3468033e-05,0
0.5,0,26.87136,0.00052916469,0,34.662121,-1.3342531e-05,0
0.5,0,26.868923,0.0007156216,0,34.67135,-1.3142408e-05,0
0.5,0,26.866599,0.00089135814,0,34.680578,-1.2875546e-05,0
0.5,0,26.864405,0.0010606399,0,34.689807,-1.2550128e-05,0
0.5,0,26.862322,0.001223227,0,34.699035,-1.2173226e-05,0
0.5,0,26.860324,0.0013778112,0,34.708264,-1.1750202e-05,0
0.5,0,26.858394,0.0015220716,0,34.717492,-1.1285194e-05,0
0.5,0,26.856535,0.001649983,0,34.726721,-1.0781795e-05,0
0.5,0,26.854761,0.0017516937,0,34.735949,-1.0243288e-05,0
0.5,0,26.853085,0.0018190177,0,34.745177,-9.6726311e-06,0
0.5,0,26.851505,0.0018526614,0,34.754406,-9.0726048e-06,0
0.5,0,26.849993,0.0018645659,0,34.763634,-8.4460917e-06,0
0.5,0,26.848504,0.0018734352,0,34.772863,-7.7960594e-06,0
0.5,0,26.846984,0.0018975791,0,34.782091,-7.1250885e-06,0
0.5,0,26.845384,0.0019506458,0,34.79132,-6.4348662e-06,0
0.5,0,26.843661,0.002041614,0,34.800548,-5.7262793e-06,0
0.5,0,26.841787,0.0021755475,0,34.809777,-5.0002532e-06,0
0.5,0,26.839747,0.002351415,0,34.819005,-4.2587986e-06,0
0.5,0,26.837545,0.0025570482,0,34.828234,-3.5055687e-06,0
0.5,0,26.835217,0.0027643291,0,34.837462,-2.7457985e-06,0
0.5,0,26.832853,0.0029271771,0,34.846691,-1.9861155e-06,0
0.5,0,26.830662,0.0029674194,0,34.855919,-1.234397e-06,0
0.5,0,26.829049,0.0027512971,0,34.865148,-5.0091835e-07,0
0.5,0,26.828587,0.0025032606,0,34.871729,-2.5804012e-15,0
0.5,0,26.81742,-0.0012731595,0,35.012803,-9.3551426e-08,0
0.5,0,26.817697,-0.0011571747,0,35.011362,-2.5804012e-15,0
0.5,0,26.816297,-0.0019612983,0,35.022031,-7.1990418e-07,0
0.5,0,26.815628,-0.002416628,0,35.03126,-1.3687199e-06,0
0.5,0,26.815179,-0.00273034,0,35.040488,-2.0367087e-06,0
0.5,0,26.814844,-0.0029971593,0,35.049717,-2.7189357e-06,0
0.5,0,26.814584,-0.0032489828,0,35.058945,-3.4088248e-06,0
0.5,0,26.814368,-0.0034750439,0,35.068174,-4.1030489e-06,0
0.5,0,26.814121,-0.0036554978,0,35.077402,-4.8037522e-06,0
0.5,0,26.813737,-0.0037959315,0,35.086631,-5.5150087e-06,0
0.5,0,26.81312,-0.0039186058,0,35.095859,-6.2383478e-06,0
0.5,0,26.81221,-0.0040386001,0,35.105088,-6.9715722e-06,0
0.5,0,26.810989,-0.0041555288,0,35.114316,-7.7098103e-06,0
0.5,0,26.809493,-0.0042563302,0,35.123545,-8.4469515e-06,0
0.5,0,26.8078,-0.0043220351,0,35.132773,-9.1768702e-06,0
0.5,0,26.80601,-0.0043387404,0,35.142002,-9.8936902e-06,0
0.5,0,26.804216,-0.0043057649,0,35.15123,-1.0590783e-05,0
0.5,0,26.802498,-0.0042331909,0,35.160458,-1.1259601e-05,0
0.5,0,26.800915,-0.00413299,0,35.169687,-1.1889524e-05,0
0.5,0,26.799503,-0.0040122826,0,35.178915,-1.2468748e-05,0
0.5,0,26.798288,-0.0038701745,0,35.188144,-1.2985667e-05,0
0.5,0,26.797292,-0.0036970014,0,35.197372,-1.3430472e-05,0
0.5,0,26.796533,-0.0034781073,0,35.206601,-1.3796475e-05,0
0.5,0,26.796019,-0.0032026806,0,35.215829,-1.4080347e-05,0
0.5,0,26.79573,-0.0028719811,0,35.225058,-1.4281019e-05,0
0.5,0,26.795628,-0.0025004876,0,35.234286,-1.4398065e-05,0
0.5,0,26.795664,-0.0021096013,0,35.243515,-1.4430803e-05,0
0.5,0,26.795786,-0.0017192252,0,35.252743,-1.4378697e-05,0
0.5,0,26.795939,-0.0013431328,0,35.261972,-1.424264e-05,0
0.5,0,26.796063,-0.00099045353,0,35.2712,-1.4025986e-05,0
0.5,0,26.796103,-0.00067052252,0,35.280429,-1.3734417e-05,0
0.5,0,26.79601,-0.00039518157,0,35.289657,-1.3374593e-05,0
0.5,0,26.795757,-0.00017477911,0,35.298885,-1.2952536e-05,0
0.5,0,26.795327,-1.0185526e-05,0,35.308114,-1.2472775e-05,0
0.5,0,26.794715,0.00011261747,0,35.317342,-1.1938455e-05,0
0.5,0,26.79393,0.00022042627,0,35.326571,-1.135185e-05,0
0.5,0,26.793002,0.0003442231,0,35.335799,-1.0714465e-05,0
0.5,0,26.791984,0.00050900265,0,35.345028,-1.0026369e-05,0
0.5,0,26.790946,0.00072611092,0,35.354256,-9.285253e-06,0
0.5,0,26.789951,0.00099092557,0,35.363485,-8.4860901e-06,0
0.5,0,26.789036,0.0012873253,0,35.372713,-7.6219296e-06,0
0.5,0,26.788212,0.0015943618,0,35.381942,-6.6855575e-06,0
0.5,0,26.78748,0.0018853507,0,35.39117,-5.6717153e-06,0
0.5,0,26.786856,0.0021227177,0,35.400399,-4.5796805e-06,0
0.5,0,26.786415,0.0022582564,0,35.409627,-3.4141629e-06,0
0.5,0,26.786399,0.0021930575,0,35.418856,-2.1828421e-06,0
0.5,0,26.787351,0.0017097418,0,35.428084,-8.975347e-07,0
0.5,0,26.78899,0.0012405999,0,35.434329,-2.5804012e-15,0
0.5,0,26.796413,-0.0023155081,0,35.787994,-7.6195939e-07,0
0.5,0,26.797453,-0.0018208184,0,35.784807,-2.5804012e-15,0
0.5,0,26.794831,-0.003728081,0,35.797223,-3.0551097e-06,0
0.5,0,26.79416,-0.0045005663,0,35.806451,-5.4115776e-06,0
0.5,0,26.793696,-0.0048954557,0,35.81568,-7.807986e-06,0
0.5,0,26.793122,-0.005143755,0,35.824908,-1.0206092e-05,0
0.5,0,26.792367,-0.0052838368,0,35.834137,-1.2562218e-05,0
0.5,0,26.791456,-0.0052756762,0,35.843365,-1.4843206e-05,0
0.5,0,26.790461,-0.0051220207,0,35.852594,-1.7027145e-05,0
0.5,0,26.789483,-0.0048877271,0,35.861822,-1.9094521e-05,0
0.5,0,26.788629,-0.0046320513,0,35.87105,-2.1025542e-05,0
0.5,0,26.787982,-0.0043683641,0,35.880279,-2.2804694e-05,0
0.5,0,26.787567,-0.0040836111,0,35.889507,-2.4424486e-05,0
0.5,0,26.787358,-0.0037771387,0,35.898736,-2.5883368e-05,0
0.5,0,26.787295,-0.0034702356,0,35.907964,-2.7180015e-05,0
0.5,0,26.787322,-0.0031790922,0,35.917193,-2.8309943e-05,0
0.5,0,26.78739,-0.0028893194,0,35.926421,-2.9267083e-05,0
0.5,0,26.787449,-0.0025653273,0,35.93565,-3.0046968e-05,0
0.5,0,26.787422,-0.0021833645,0,35.944878,-3.0647201e-05,0
0.5,0,26.787191,-0.0017512299,0,35.954107,-3.1065093e-05,0
0.5,0,26.786592,-0.001296377,0,35.963335,-3.1295896e-05,0
0.5,0,26.785451,-0.00083929986,0,35.972564,-3.1334045e-05,0
0.5,0,26.783636,-0.00038020882,0,35.981792,-3.1176162e-05,0
0.5,0,26.781115,9.1265287e-05,0,35.991021,-3.0822597e-05,0
0.5,0,26.777975,0.00057832319,0,36.000249,-3.0276361e-05,0
0.5,0,26.774408,0.0010724248,0,36.009477,-2.9540952e-05,0
0.5,0,26.770655,0.0015615866,0,36.018706,-2.8619136e-05,0
0.5,0,26.766936,0.0020374579,0,36.027934,-2.7514086e-05,0
0.5,0,26.763425,0.002495125,0,36.037163,-2.6231361e-05,0
0.5,0,26.760252,0.0029278216,0,36.046391,-2.4779438e-05,0
0.5,0,26.757526,0.0033246453,0,36.05562,-2.3168756e-05,0
0.5,0,26.755349,0.0036759035,0,36.064848,-2.1410513e-05,0
0.5,0,26.753805,0.0039795963,0,36.074077,-1.9516344e-05,0
0.5,0,26.752938,0.0042424524,0,36.083305,-1.7498849e-05,0
0.5,0,26.752728,0.0044766229,0,36.092534,-1.5371767e-05,0
0.5,0,26.753095,0.0046939093,0,36.101762,-1.3148885e-05,0
0.5,0,26.75393,0.0048941,0,36.110991,-1.0842788e-05,0
0.5,0,26.755142,0.0050594658,0,36.120219,-8.4649076e-06,0
0.5,0,26.756756,0.0051431145,0,36.129448,-6.0247047e-06,0
0.5,0,26.759132,0.0049557672,0,36.138676,-3.5285038e-06,0
0.5,0,26.763026,0.0042652565,0,36.147904,-9.846478e-07,0
0.5,0,26.765177,0.0040777259,0,36.151416,-2.5804012e-15,0
0.5,0,26.759139,-0.0050306115,0,36.526272,-3.1131786e-06,0
0.5,0,26.765834,-0.003985869,0,36.517686,-2.5804012e-15,0
0.5,0,26.754846,-0.0057197243,0,36.5355,-6.4423362e-06,0
0.5,0,26.752337,-0.0058331453,0,36.544729,-9.7529967e-06,0
0.5,0,26.750752,-0.0058817482,0,36.553957,-1.3037407e-05,0
0.5,0,26.749656,-0.0059947694,0,36.563185,-1.6274964e-05,0
0.5,0,26.748762,-0.0060906056,0,36.572414,-1.9455215e-05,0
0.5,0,26.747903,-0.0060657522,0,36.581642,-2.2585585e-05,0
0.5,0,26.747037,-0.005944849,0,36.590871,-2.5674221e-05,0
0.5,0,26.746246,-0.005826894,0,36.600099,-2.8711102e-05,0
0.5,0,26.745691,-0.0057586131,0,36.609328,-3.1666859e-05,0
0.5,0,26.745512,-0.0056839059,0,36.618556,-3.4504977e-05,0
0.5,0,26.745779,-0.0054977383,0,36.627785,-3.7192514e-05,0
0.5,0,26.746464,-0.0051375647,0,36.637013,-3.9700143e-05,0
0.5,0,26.747477,-0.0046151458,0,36.646242,-4.1995558e-05,0
0.5,0,26.748747,-0.003969096,0,36.65547,-4.4041134e-05,0
0.5,0,26.750199,-0.0032117282,0,36.664699,-4.5800167e-05,0
0.5,0,26.75175,-0.0023332528,0,36.673927,-4.7245286e-05,0
0.5,0,26.753292,-0.0013463871,0,36.683156,-4.8360952e-05,0
0.5,0,26.754713,-0.00031165305,0,36.692384,-4.9139555e-05,0
0.5,0,26.755936,0.0006850262,0,36.701612,-4.9577364e-05,0
0.5,0,26.756953,0.0015756079,0,36.710841,-4.9675314e-05,0
0.5,0,26.757818,0.0023312734,0,36.720069,-4.9443001e-05,0
0.5,0,26.758613,0.002949844,0,36.729298,-4.8900377e-05,0
0.5,0,26.759404,0.0034357648,0,36.738526,-4.8074237e-05,0
0.5,0,26.760226,0.003799761,0,36.747755,-4.6991962e-05,0
0.5,0,26.761103,0.0040732062,0,36.756983,-4.5676938e-05,0
0.5,0,26.762081,0.004311837,0,36.766212,-4.414735e-05,0
0.5,0,26.763232,0.0045763968,0,36.77544,-4.241654e-05,0
0.5,0,26.764619,0.0049056307,0,36.784669,-4.0492825e-05,0
0.5,0,26.76624,0.0053062092,0,36.793897,-3.8379084e-05,0
0.5,0,26.768,0.005765769,0,36.803126,-3.6073992e-05,0
0.5,0,26.769708,0.0062720655,0,36.812354,-3.3575433e-05,0
0.5,0,26.771123,0.0068178241,0,36.821583,-3.088433e-05,0
0.5,0,26.772004,0.0073895585,0,36.830811,-2.8006636e-05,0
0.5,0,26.772158,0.0079586668,0,36.840039,-2.4952833e-05,0
0.5,0,26.77146,0.008486578,0,36.849268,-2.1736041e-05,0
0.5,0,26.769876,0.0089288748,0,36.858496,-1.837116e-05,0
0.5,0,26.767483,0.009232123,0,36.867725,-1.4876972e-05,0
0.5,0,26.764508,0.0093408392,0,36.876953,-1.1277894e-05,0
0.5,0,26.761474,0.0091420552,0,36.886182,-7.5997471e-06,0
0.5,0,26.759461,0.0082732869,0,36.89541,-3.8702004e-06,0
0.5,0,26.759618,0.0069372582,0,36.904639,-1.1584252e-07,0
0.5,0,26.759684,0.0069182464,0,36.904923,-2.5804012e-15,0
0.5,0,26.733691,-0.0070734441,0,37.283006,-7.1660336e-07,0
0.5,0,26.734752,-0.0068727981,0,37.281445,-2.5804012e-15,0
0.5,0,26.730125,-0.0087892736,0,37.292234,-5.0082836e-06,0
0.5,0,26.729031,-0.0098185216,0,37.301463,-9.3220892e-06,0
0.5,0,26.729337,-0.010229875,0,37.310691,-1.3636535e-05,0
0.5,0,26.73036,-0.010394747,0,37.31992,-1.791676e-05,0
0.5,0,26.731758,-0.010397846,0,37.329148,-2.2111624e-05,0
0.5,0,26.733303,-0.010171512,0,37.338377,-2.6178444e-05,0
0.5,0,26.734825,-0.0096751623,0,37.347605,-3.0093687e-05,0
0.5,0,26.7362,-0.009008638,0,37.356834,-3.3840015e-05,0
0.5,0,26.737376,-0.0083285159,0,37.366062,-3.7394539e-05,0
0.5,0,26.738358,-0.007725375,0,37.375291,-4.0732191e-05,0
0.5,0,26.739178,-0.0071871373,0,37.384519,-4.3837011e-05,0
0.5,0,26.739849,-0.0066558468,0,37.393747,-4.6708328e-05,0
0.5,0,26.740363,-0.0061079045,0,37.402976,-4.9354843e-05,0
0.5,0,26.740716,-0.0055714247,0,37.412204,-5.1782171e-05,0
0.5,0,26.740952,-0.0050720149,0,37.421433,-5.398576e-05,0
0.5,0,26.741149,-0.0045824576,0,37.430661,-5.5953758e-05,0
0.5,0,26.741368,-0.0040375931,0,37.43989,-5.7673558e-05,0
0.5,0,26.741577,-0.0033919023,0,37.449118,-5.9133941e-05,0
0.5,0,26.741618,-0.0026556405,0,37.458347,-6.0321927e-05,0
0.5,0,26.741246,-0.0018760937,0,37.467575,-6.1220149e-05,0
0.5,0,26.740222,-0.0010873758,0,37.476804,-6.180946e-05,0
0.5,0,26.738413,-0.00028220688,0,37.486032,-6.2074881e-05,0
0.5,0,26.735828,0.00057163178,0,37.495261,-6.2009226e-05,0
0.5,0,26.732596,0.0014960358,0,37.504489,-6.1611558e-05,0
0.5,0,26.728895,0.0024845989,0,37.513718,-6.0883205e-05,0
0.5,0,26.724903,0.003510868,0,37.522946,-5.9826035e-05,0
0.5,0,26.720785,0.0045452428,0,37.532174,-5.8444375e-05,0
0.5,0,26.716707,0.0055616138,0,37.541403,-5.6747523e-05,0
0.5,0,26.712856,0.0065329302,0,37.550631,-5.4749312e-05,0
0.5,0,26.709438,0.0074284899,0,37.55986,-5.246484e-05,0
0.5,0,26.706645,0.0082198477,0,37.569088,-4.9908003e-05,0
0.5,0,26.704639,0.0088879212,0,37.578317,-4.7093023e-05,0
0.5,0,26.703531,0.0094216769,0,37.587545,-4.4039286e-05,0
0.5,0,26.703377,0.0098107544,0,37.596774,-4.0775362e-05,0
0.5,0,26.704169,0.010043307,0,37.606002,-3.7338484e-05,0
0.5,0,26.705834,0.01011484,0,37.615231,-3.3769369e-05,0
0.5,0,26.70823,0.010042443,0,37.624459,-3.0105504e-05,0
0.5,0,26.711167,0.0098720035,0,37.633688,-2.6376017e-05,0
0.5,0,26.714432,0.009663764,0,37.642916,-2.2599402e-05,0
0.5,0,26.717823,0.0094539093,0,37.652145,-1.8784791e-05,0
0.5,0,26.721187,0.0092328905,0,37.661373,-1.493636e-05,0
0.5,0,26.724468,0.0089653818,0,37.670601,-1.1055771e-05,0
0.5,0,26.727857,0.0085395745,0,37.67983,-7.140522e-06,0
0.5,0,26.73198,0.0076403922,0,37.689058,-3.1908439e-06,0
0.5,0,26.736229,0.0069340032,0,37.696448,-2.5804012e-15,0
0.5,0,26.589784,-0.33902656,0,0.0092284668,0.0014197979,0
0.5,0,26.589619,-0.29435181,0,0.018456934,0.0013107882,0
0.5,0,26.586616,-0.28105122,0,0.0276854,0.0012102168,0
0.5,0,26.58591,-0.27285934,0,0.036913867,0.0011136738,0
0.5,0,26.585769,-0.26633922,0,0.046142334,0.0010196912,0
0.5,0,26.586732,-0.26171277,0,0.055370801,0.00092745138,0
0.5,0,26.58893,-0.25840064,0,0.064599268,0.00083643923,0
0.5,0,26.591791,-0.25600281,0,0.073827734,0.00074635026,0
0.5,0,26.594843,-0.25429662,0,0.083056201,0.00065697901,0
0.5,0,26.597712,-0.25309632,0,0.092284668,0.00056817383,0
0.5,0,26.600131,-0.25220525,0,0.10151313,0.00047983736,0
0.5,0,26.60204,-0.25165357,0,0.1107416,0.0003919271,0
0.5,0,26.603797,-0.25175189,0,0.11997007,0.00030441014,0
0.5,0,26.60628,-0.25243484,0,0.12919854,0.00021723272,0
0.5,0,26.611858,-0.25409469,0,0.138427,0.00013037526,0
0.5,0,26.625582,-0.25949753,0,0.14765547,4.3782843e-05,0
0.5,0,26.877118,0.08318339,0,1.6703525,2.4308398e-05,0
0.5,0,26.86443,0.080101227,0,1.679581,5.3422968e-05,0
0.5,0,26.855468,0.078154157,0,1.6888094,8.1974287e-05,0
0.5,0,26.84881,0.076944363,0,1.6980379,0.00010990319,0
0.5,0,26.843804,0.075667849,0,1.7072664,0.0001371993,0
0.5,0,26.840429,0.074028129,0,1.7164948,0.00016388191,0
0.5,0,26.83873,0.072330078,0,1.7257233,0.00018994801,0
0.5,0,26.838471,0.070962621,0,1.7349518,0.0002153534,0
0.5,0,26.839187,0.070006527,0,1.7441802,0.00024004495,0
0.5,0,26.840412,0.06922243,0,1.7534087,0.00026400175,0
0.5,0,26.841866,0.068258638,0,1.7626372,0.00028725481,0
0.5,0,26.843443,0.066981103,0,1.7718656,0.00030986773,0
0.5,0,26.845052,0.065583655,0,1.7810941,0.0003318916,0
0.5,0,26.846549,0.064302489,0,1.7903226,0.00035334222,0
0.5,0,26.84787,0.063123713,0,1.799551,0.00037421807,0
0.5,0,26.849164,0.061838418,0,1.8087795,0.00039452679,0
0.5,0,26.85075,0.060299174,0,1.818008,0.00041428767,0
0.5,0,26.852905,0.058546195,0,1.8272364,0.00043351454,0
0.5,0,26.855669,0.056713882,0,1.8364649,0.00045220384,0
0.5,0,26.858834,0.054883402,0,1.8456934,0.0004703404,0
0.5,0,26.862099,0.053043339,0,1.8549218,0.00048791218,0
0.5,0,26.865264,0.05115743,0,1.8641503,0.00050491964,0
0.5,0,26.868333,0.049241159,0,1.8733788,0.00052137447,0
0.5,0,26.871483,0.047374405,0,1.8826072,0.00053729248,0
0.5,0,26.874935,0.045648694,0,1.8918357,0.00055268833,0
0.5,0,26.878837,0.044101098,0,1.9010642,0.00056757571,0
0.5,0,26.883235,0.042694093,0,1.9102926,0.00058197007,0
0.5,0,26.888114,0.041358129,0,1.9195211,0.00059588836,0
0.5,0,26.893433,0.040053131,0,1.9287496,0.00060934247,0
0.5,0,26.899146,0.038785738,0,1.937978,0.00062233118,0
0.5,0,26.905183,0.037564168,0,1.9472065,0.00063483865,0
0.5,0,26.911457,0.036342324,0,1.956435,0.00064684326,0
0.5,0,26.917892,0.035026379,0,1.9656634,0.00065833047,0
0.5,0,26.924444,0.033553034,0,1.9748919,0.00066929883,0
0.5,0,26.931088,0.031964146,0,1.9841204,0.00067975488,0
0.5,0,26.937781,0.030394716,0,1.9933488,0.00068970338,0
0.5,0,26.944455,0.028972516,0,2.0025773,0.00069914383,0
0.5,0,26.951054,0.027717994,0,2.0118058,0.00070807726,0
0.5,0,26.957608,0.026541494,0,2.0210342,0.00071651579,0
0.5,0,26.964275,0.02534656,0,2.0302627,0.00072448339,0
0.5,0,26.971309,0.024143985,0,2.0394912,0.00073200391,0
0.5,0,26.978958,0.02306372,0,2.0487196,0.00073908583,0
0.5,0,26.987357,0.022243162,0,2.0579481,0.00074571854,0
0.5,0,26.996465,0.021687259,0,2.0671766,0.00075188622,0
0.5,0,27.006085,0.02123331,0,2.076405,0.00075758946,0
0.5,0,27.015897,0.02066173,0,2.0856335,0.00076285658,0
0.5,0,27.025485,0.019862399,0,2.094862,0.00076773343,0
0.5,0,27.034335,0.018908098,0,2.1040904,0.00077225893,0
0.5,0,27.041841,0.017959292,0,2.1133189,0.00077644647,0
0.5,0,27.047369,0.017084928,0,2.1225474,0.00078028708,0
0.5,0,27.050381,0.016169519,0,2.1317758,0.00078377056,0
0.5,0,27.05055,0.015002389,0,2.1410043,0.00078690451,0
0.5,0,27.047811,0.013471462,0,2.1502328,0.00078971375,0
0.5,0,27.042328,0.011678726,0,2.1594612,0.00079222199,0
0.5,0,27.03444,0.0098712852,0,2.1686897,0.00079443465,0
0.5,0,27.024634,0.008263852,0,2.1779182,0.00079633932,0
0.5,0,27.013551,0.0069252831,0,2.1871466,0.00079792193,0
0.5,0,27.001968,0.0058178727,0,2.1963751,0.00079918141,0
0.5,0,26.990717,0.0049141145,0,2.2056036,0.00080013014,0
0.5,0,26.980549,0.004249579,0,2.214832,0.00080078301,0
0.5,0,26.972016,0.0038638747,0,2.2240605,0.00080114861,0
0.5,0,26.965426,0.0037140514,0,2.233289,0.00080123032,0
0.5,0,26.960871,0.0036654446,0,2.2425174,0.00080103246,0
0.5,0,26.958269,0.003566214,0,2.2517459,0.00080056199,0
0.5,0,26.957411,0.0033185883,0,2.2609744,0.00079982408,0
0.5,0,26.957989,0.0028792578,0,2.2702028,0.00079881849,0
0.5,0,26.959645,0.0022162679,0,2.2794313,0.00079754293,0
0.5,0,26.962026,0.0012972316,0,2.2886598,0.00079600098,0
0.5,0,26.96482,0.0001341915,0,2.2978882,0.0007942058,0
0.5,0,26.967769,-0.0011687564,0,2.3071167,0.00079217516,0
0.5,0,26.970654,-0.0024328429,0,2.3163452,0.00078992216,0
0.5,0,26.973298,-0.0034883383,0,2.3255736,0.0007874504,0
0.5,0,26.975585,-0.0042584294,0,2.3348021,0.00078475764,0
0.5,0,26.977478,-0.0047791609,0,2.3440306,0.00078184366,0
0.5,0,26.979021,-0.0051519974,0,2.353259,0.00077871573,0
0.5,0,26.980289,-0.0054828618,0,2.3624875,0.00077538805,0
0.5,0,26.981387,-0.0058284096,0,2.371716,0.00077187897,0
0.5,0,26.982439,-0.0062175061,0,2.3809444,0.00076820594,0
0.5,0,26.983455,-0.006655722,0,2.3901729,0.00076438247,0
0.5,0,26.984376,-0.0070998602,0,2.3994014,0.00076041652,0
0.5,0,26.985168,-0.007506594,0,2.4086298,0.00075630747,0
0.5,0,26.985788,-0.0078666671,0,2.4178583,0.0007520469,0
0.5,0,26.986222,-0.008217838,0,2.4270868,0.00074762281,0
0.5,0,26.986512,-0.0086341486,0,2.4363152,0.00074302456,0
0.5,0,26.986747,-0.0091757443,0,2.4455437,0.00073824525,0
0.5,0,26.987037,-0.009837631,0,2.4547722,0.00073327969,0
0.5,0,26.987471,-0.010543373,0,2.4640006,0.00072812102,0
0.5,0,26.988095,-0.01119009,0,2.4732291,0.0007227608,0
0.5,0,26.988914,-0.011707668,0,2.4824576,0.00071719378,0
0.5,0,26.989907,-0.012085483,0,2.491686,0.00071142398,0
0.5,0,26.991055,-0.012349894,0,2.5009145,0.00070546607,0
0.5,0,26.99233,-0.012520975,0,2.510143,0.0006993403,0
0.5,0,26.993691,-0.012599031,0,2.5193714,0.00069306446,0
0.5,0,26.995072,-0.012593277,0,2.5285999,0.00068664824,0
0.5,0,26.996384,-0.012552267,0,2.5378284,0.0006800938,0
0.5,0,26.997571,-0.012561132,0,2.5470568,0.000673401,0
0.5,0,26.99865,-0.01270251,0,2.5562853,0.00066657245,0
0.5,0,26.9997,-0.013010005,0,2.5655138,0.00065961423,0
0.5,0,27.000835,-0.013456264,0,2.5747422,0.00065253382,0
0.5,0,27.002188,-0.013983507,0,2.5839707,0.00064533929,0
0.5,0,27.003889,-0.014547627,0,2.5931992,0.00063804204,0
0.5,0,27.006043,-0.015139902,0,2.6024276,0.00063066152,0
0.5,0,27.008726,-0.015766475,0,2.6116561,0.00062322724,0
0.5,0,27.01197,-0.016402573,0,2.6208846,0.0006157747,0
0.5,0,27.015743,-0.016965904,0,2.630113,0.00060833638,0
0.5,0,27.019937,-0.017340249,0,2.6393415,0.00060093343,0
0.5,0,27.024378,-0.017438102,0,2.64857,0.00059357392,0
0.5,0,27.028868,-0.017258201,0,2.6577984,0.00058625889,0
0.5,0,27.033237,-0.016897096,0,2.6670269,0.00057899214,0
0.5,0,27.03739,-0.016503461,0,2.6762554,0.00057178697,0
0.5,0,27.04132,-0.016204494,0,2.6854838,0.00056466531,0
0.5,0,27.045076,-0.0160549,0,2.6947123,0.00055765013,0
0.5,0,27.048726,-0.016037852,0,2.7039408,0.00055075642,0
0.5,0,27.052331,-0.016110339,0,2.7131692,0.00054398629,0
0.5,0,27.055946,-0.016254474,0,2.7223977,0.00053733035,0
0.5,0,27.059632,-0.016492646,0,2.7316262,0.00053077257,0
0.5,0,27.063465,-0.016857041,0,2.7408546,0.00052429345,0
0.5,0,27.067526,-0.017343196,0,2.7500831,0.00051786902,0
0.5,0,27.07189,-0.017888963,0,2.7593116,0.00051146775,0
0.5,0,27.076607,-0.018397514,0,2.76854,0.00050504996,0
0.5,0,27.081699,-0.018786284,0,2.7777685,0.00049857294,0
0.5,0,27.087172,-0.019023332,0,2.786997,0.00049200024,0
0.5,0,27.093036,-0.019124623,0,2.7962254,0.00048530965,0
0.5,0,27.099312,-0.019119421,0,2.8054539,0.00047849526,0
0.5,0,27.106024,-0.019016999,0,2.8146824,0.00047156301,0
0.5,0,27.113175,-0.018803664,0,2.8239108,0.00046452363,0
0.5,0,27.120734,-0.018469213,0,2.8331393,0.0004573885,0
0.5,0,27.128636,-0.018034433,0,2.8423678,0.00045017028,0
0.5,0,27.136795,-0.017551055,0,2.8515962,0.00044288621,0
0.5,0,27.145117,-0.01707236,0,2.8608247,0.00043555959,0
0.5,0,27.153498,-0.016621498,0,2.8700532,0.00042821751,0
0.5,0,27.161825,-0.016188868,0,2.8792816,0.00042088636,0
0.5,0,27.169976,-0.015765041,0,2.8885101,0.00041358917,0
0.5,0,27.177836,-0.015382871,0,2.8977386,0.00040634722,0
0.5,0,27.18533,-0.015129836,0,2.906967,0.00039918398,0
0.5,0,27.192449,-0.015111237,0,2.9161955,0.00039212695,0
0.5,0,27.19925,-0.015382816,0,2.925424,0.00038520358,0
0.5,0,27.205828,-0.015897648,0,2.9346524,0.00037843181,0
0.5,0,27.212269,-0.016507237,0,2.9438809,0.00037181057,0
0.5,0,27.218611,-0.017025074,0,2.9531094,0.00036531693,0
0.5,0,27.224843,-0.017316464,0,2.9623378,0.00035891337,0
0.5,0,27.230929,-0.017363732,0,2.9715663,0.00035256289,0
0.5,0,27.236848,-0.017267536,0,2.9807948,0.00034624425,0
0.5,0,27.24264,-0.017181289,0,2.9900232,0.00033995908,0
0.5,0,27.248407,-0.017219952,0,2.9992517,0.00033372682,0
0.5,0,27.254286,-0.01739299,0,3.0084802,0.00032756998,0
0.5,0,27.260407,-0.01759921,0,3.0177086,0.00032149775,0
0.5,0,27.266848,-0.017687561,0,3.0269371,0.00031549683,0
0.5,0,27.273623,-0.017548366,0,3.0361656,0.00030953517,0
0.5,0,27.280698,-0.017182272,0,3.045394,0.00030357671,0
0.5,0,27.288034,-0.016708542,0,3.0546225,0.00029759989,0
0.5,0,27.29561,-0.016309651,0,3.063851,0.00029161044,0
0.5,0,27.303436,-0.016144477,0,3.0730794,0.00028564253,0
0.5,0,27.311536,-0.016279208,0,3.0823079,0.00027974828,0
0.5,0,27.319918,-0.016671236,0,3.0915364,0.00027398168,0
0.5,0,27.32855,-0.017207059,0,3.1007648,0.00026838459,0
0.5,0,27.337371,-0.017761847,0,3.1099933,0.00026297958,0
0.5,0,27.346296,-0.018239641,0,3.1192218,0.00025777021,0
0.5,0,27.35525,-0.018580472,0,3.1284502,0.00025274471,0
0.5,0,27.36418,-0.018747257,0,3.1376787,0.00024787916,0
0.5,0,27.373045,-0.018712914,0,3.1469072,0.00024313963,0
0.5,0,27.38182,-0.018468612,0,3.1561356,0.00023848497,0
0.5,0,27.390477,-0.018049904,0,3.1653641,0.00023387328,0
0.5,0,27.398981,-0.01755187,0,3.1745926,0.00022927111,0
0.5,0,27.407307,-0.017109802,0,3.183821,0.00022466191,0
0.5,0,27.415464,-0.016846215,0,3.1930495,0.00022004872,0
0.5,0,27.42348,-0.016812453,0,3.202278,0.00021544933,0
0.5,0,27.43138,-0.01696104,0,3.2115064,0.0002108859,0
0.5,0,27.439164,-0.017166937,0,3.2207349,0.00020637428,0
0.5,0,27.446797,-0.017288041,0,3.2299634,0.00020191818,0
0.5,0,27.454224,-0.017232701,0,3.2391918,0.00019751055,0
0.5,0,27.461392,-0.016996623,0,3.2484203,0.00019314002,0
0.5,0,27.468286,-0.016651163,0,3.2576488,0.00018879773,0
0.5,0,27.474946,-0.016297025,0,3.2668772,0.00018448058,0
0.5,0,27.481467,-0.016014112,0,3.2761057,0.00018019004,0
0.5,0,27.487972,-0.01583238,0,3.2853342,0.00017592877,0
0.5,0,27.494577,-0.015732047,0,3.2945626,0.00017169754,0
0.5,0,27.501369,-0.015666324,0,3.3037911,0.00016749476,0
0.5,0,27.508392,-0.015591066,0,3.3130196,0.00016331864,0
0.5,0,27.515653,-0.015485096,0,3.322248,0.00015917082,0
0.5,0,27.523132,-0.015352847,0,3.3314765,0.00015505927,0
0.5,0,27.530789,-0.015211727,0,3.340705,0.00015099866,0
0.5,0,27.538573,-0.015074466,0,3.3499334,0.0001470079,0
0.5,0,27.546413,-0.014939325,0,3.3591619,0.00014310613,0
0.5,0,27.554225,-0.014795657,0,3.3683904,0.00013930927,0
0.5,0,27.561908,-0.014639717,0,3.3776188,0.0001356287,0
0.5,0,27.569358,-0.014487778,0,3.3868473,0.00013207189,0
0.5,0,27.576488,-0.014364767,0,3.3960758,0.00012864349,0
0.5,0,27.583249,-0.014276154,0,3.4053042,0.00012534564,0
0.5,0,27.589607,-0.01419945,0,3.4145327,0.00012217621,0
0.5,0,27.595521,-0.014084056,0,3.4237612,0.00011912491,0
0.5,0,27.600996,-0.013861115,0,3.4329896,0.00011617004,0
0.5,0,27.606075,-0.01348575,0,3.4422181,0.00011328098,0
0.5,0,27.610762,-0.0129778,0,3.4514466,0.00011042608,0
0.5,0,27.61506,-0.012414378,0,3.460675,0.0001075801,0
0.5,0,27.618979,-0.011897703,0,3.4699035,0.00010472949,0
0.5,0,27.622551,-0.01152326,0,3.479132,0.00010187502,0
0.5,0,27.625832,-0.011343575,0,3.4883604,9.903046e-05,0
0.5,0,27.62887,-0.011360434,0,3.4975889,9.6217776e-05,0
0.5,0,27.631728,-0.011539011,0,3.5068174,9.3460521e-05,0
0.5,0,27.634473,-0.011821805,0,3.5160458,9.0777768e-05,0
0.5,0,27.637182,-0.012140644,0,3.5252743,8.81805e-05,0
0.5,0,27.639905,-0.012424783,0,3.5345028,8.5670167e-05,0
0.5,0,27.642662,-0.012604629,0,3.5437312,8.3238411e-05,0
0.5,0,27.64545,-0.012633452,0,3.5529597,8.0869237e-05,0
0.5,0,27.648388,-0.012514567,0,3.5621882,7.8541722e-05,0
0.5,0,27.651555,-0.012302532,0,3.5714167,7.6233827e-05,0
0.5,0,27.654943,-0.012082674,0,3.5806451,7.3926493e-05,0
0.5,0,27.658655,-0.011945972,0,3.5898736,7.1607135e-05,0
0.5,0,27.662797,-0.011964368,0,3.5991021,6.9274614e-05,0
0.5,0,27.667498,-0.012157676,0,3.6083305,6.6942674e-05,0
0.5,0,27.672892,-0.012479089,0,3.617559,6.4639837e-05,0
0.5,0,27.679088,-0.012840878,0,3.6267875,6.2405337e-05,0
0.5,0,27.686153,-0.013160464,0,3.6360159,6.028128e-05,0
0.5,0,27.69413,-0.013389316,0,3.6452444,5.8301439e-05,0
0.5,0,27.703051,-0.013519418,0,3.6544729,5.6479433e-05,0
0.5,0,27.712946,-0.013578836,0,3.6637013,5.4801433e-05,0
0.5,0,27.72382,-0.013615519,0,3.6729298,5.3227541e-05,0
0.5,0,27.735636,-0.013670755,0,3.6821583,5.1702079e-05,0
0.5,0,27.748288,-0.013756402,0,3.6913867,5.0168666e-05,0
0.5,0,27.761587,-0.013849399,0,3.7006152,4.858392e-05,0
0.5,0,27.775249,-0.013902371,0,3.7098437,4.6924636e-05,0
0.5,0,27.788897,-0.013869607,0,3.7190721,4.5187059e-05,0
0.5,0,27.802091,-0.013732333,0,3.7283006,4.3381264e-05,0
0.5,0,27.814376,-0.013508478,0,3.7375291,4.1526045e-05,0
0.5,0,27.825314,-0.013251791,0,3.7467575,3.9645864e-05,0
0.5,0,27.834538,-0.013027838,0,3.755986,3.7768768e-05,0
0.5,0,27.841782,-0.012894456,0,3.7652145,3.5925573e-05,0
0.5,0,27.846901,-0.012880672,0,3.7744429,3.4146844e-05,0
0.5,0,27.849825,-0.012954925,0,3.7836714,3.2456348e-05,0
0.5,0,27.850553,-0.01304761,0,3.7928999,3.086517e-05,0
0.5,0,27.849162,-0.013103474,0,3.8021283,2.9367907e-05,0
0.5,0,27.845748,-0.013103138,0,3.8113568,2.7942489e-05,0
0.5,0,27.840419,-0.013054608,0,3.8205853,2.6557724e-05,0
0.5,0,27.833264,-0.012989753,0,3.8298137,2.5185942e-05,0
0.5,0,27.824392,-0.012970152,0,3.8390422,2.3812745e-05,0
0.5,0,27.813957,-0.013059454,0,3.8482707,2.2440411e-05,0
0.5,0,27.802216,-0.013275457,0,3.8574991,2.1086077e-05,0
0.5,0,27.789498,-0.013582349,0,3.8667276,1.9776153e-05,0
0.5,0,27.776141,-0.013929286,0,3.8759561,1.853811e-05,0
0.5,0,27.762554,-0.014290693,0,3.8851845,1.7389768e-05,0
0.5,0,27.749173,-0.014698919,0,3.894413,1.6328914e-05,0
0.5,0,27.736436,-0.015251794,0,3.9036415,1.5329445e-05,0
0.5,0,27.724756,-0.016060452,0,3.9128699,1.4347198e-05,0
0.5,0,27.714465,-0.017178589,0,3.9220984,1.3332686e-05,0
0.5,0,27.705765,-0.018581386,0,3.9313269,1.224514e-05,0
0.5,0,27.698726,-0.020202712,0,3.9405553,1.1062855e-05,0
0.5,0,27.693307,-0.021985358,0,3.9497838,9.7850666e-06,0
0.5,0,27.689396,-0.023915399,0,3.9590123,8.4244891e-06,0
0.5,0,27.686867,-0.026035151,0,3.9682407,6.9965319e-06,0
0.5,0,27.685588,-0.028399184,0,3.9774692,5.5109476e-06,0
0.5,0,27.685331,-0.030947674,0,3.9866977,3.9722214e-06,0
0.5,0,27.68549,-0.0332536,0,3.9959261,2.3926328e-06,0
0.5,0,27.684781,-0.034144934,0,4.0051546,8.1858286e-07,0
0.5,0,26.927166,-0.044403922,0,6.6075822,3.3484856e-07,0
0.5,0,26.915493,-0.042324432,0,6.6168107,1.3650676e-06,0
0.5,0,26.901792,-0.039127652,0,6.6260392,2.3992261e-06,0
0.5,0,26.887638,-0.036047633,0,6.6352676,3.3472812e-06,0
0.5,0,26.87412,-0.033485576,0,6.6444961,4.1798362e-06,0
0.5,0,26.861637,-0.031472196,0,6.6537246,4.9061786e-06,0
0.5,0,26.850426,-0.02989095,0,6.662953,5.5467431e-06,0
0.5,0,26.840661,-0.028595056,0,6.6721815,6.1196181e-06,0
0.5,0,26.832516,-0.027496431,0,6.68141,6.6406667e-06,0
0.5,0,26.82609,-0.026548367,0,6.6906384,7.1241473e-06,0
0.5,0,26.82134,-0.025713866,0,6.6998669,7.5829674e-06,0
0.5,0,26.818224,-0.024963544,0,6.7090954,8.0279752e-06,0
0.5,0,26.81673,-0.024279162,0,6.7183238,8.4659487e-06,0
0.5,0,26.816714,-0.023648349,0,6.7275523,8.8979584e-06,0
0.5,0,26.817868,-0.023057125,0,6.7367808,9.3190619e-06,0
0.5,0,26.819848,-0.022492026,0,6.7460092,9.71952e-06,0
0.5,0,26.822349,-0.021953214,0,6.7552377,1.0087932e-05,0
0.5,0,26.8251,-0.021460928,0,6.7644662,1.0415549e-05,0
0.5,0,26.827896,-0.021040958,0,6.7736946,1.0698947e-05,0
0.5,0,26.830499,-0.020703374,0,6.7829231,1.0939263e-05,0
0.5,0,26.832163,-0.020440823,0,6.7921516,1.1139372e-05,0
0.5,0,26.832712,-0.020157278,0,6.80138,1.1299984e-05,0
0.5,0,26.834647,-0.019825038,0,6.8106085,1.14203e-05,0
0.5,0,26.838821,-0.019503507,0,6.819837,1.1498314e-05,0
0.5,0,26.844241,-0.019194983,0,6.8290654,1.153014e-05,0
0.5,0,26.851207,-0.018911511,0,6.8382939,1.1513456e-05,0
0.5,0,26.859767,-0.018665571,0,6.8475224,1.1448908e-05,0
0.5,0,26.869756,-0.018459314,0,6.8567508,1.1339453e-05,0
0.5,0,26.880769,-0.018282306,0,6.8659793,1.1189234e-05,0
0.5,0,26.892295,-0.018123995,0,6.8752078,1.1002914e-05,0
0.5,0,26.90384,-0.017984625,0,6.8844362,1.0785573e-05,0
0.5,0,26.914995,-0.017874729,0,6.8936647,1.0542477e-05,0
0.5,0,26.925451,-0.017805509,0,6.9028932,1.0278288e-05,0
0.5,0,26.934951,-0.017780466,0,6.9121216,9.9963882e-06,0
0.5,0,26.943308,-0.017795335,0,6.9213501,9.699105e-06,0
0.5,0,26.950389,-0.017845182,0,6.9305786,9.3883324e-06,0
0.5,0,26.956209,-0.01792751,0,6.939807,9.0656366e-06,0
0.5,0,26.960948,-0.018039507,0,6.9490355,8.7321143e-06,0
0.5,0,26.964865,-0.018181027,0,6.958264,8.3884849e-06,0
0.5,0,26.968311,-0.01836074,0,6.9674924,8.0355303e-06,0
0.5,0,26.971608,-0.01859734,0,6.9767209,7.6751174e-06,0
0.5,0,26.974932,-0.018910784,0,6.9859494,7.3112087e-06,0
0.5,0,26.978202,-0.019308879,0,6.9951778,6.9495114e-06,0
0.5,0,26.981053,-0.019782445,0,7.0044063,6.5958742e-06,0
0.5,0,26.982914,-0.020307584,0,7.0136348,6.2544353e-06,0
0.5,0,26.983178,-0.020850047,0,7.0228632,5.9259575e-06,0
0.5,0,26.981418,-0.021374464,0,7.0320917,5.6069189e-06,0
0.5,0,26.977564,-0.021857141,0,7.0413202,5.290019e-06,0
0.5,0,26.971965,-0.022296604,0,7.0505486,4.9656926e-06,0
0.5,0,26.965248,-0.022717277,0,7.0597771,4.6236832e-06,0
0.5,0,26.9582,-0.023155305,0,7.0690056,4.2552836e-06,0
0.5,0,26.951008,-0.023645465,0,7.078234,3.8570896e-06,0
0.5,0,26.943152,-0.024182969,0,7.0874625,3.4343843e-06,0
0.5,0,26.934895,-0.024682903,0,7.096691,3.0026131e-06,0
0.5,0,26.930445,-0.025181468,0,7.1059194,2.5805226e-06,0
0.5,0,26.930933,-0.025811388,0,7.1151479,2.187979e-06,0
0.5,0,26.93363,-0.026564842,0,7.1243764,1.8454574e-06,0
0.5,0,26.937612,-0.027341467,0,7.1336048,1.5663826e-06,0
0.5,0,26.941226,-0.028046212,0,7.1428333,1.355293e-06,0
0.5,0,26.942754,-0.028630073,0,7.1520618,1.2102663e-06,0
0.5,0,26.9411,-0.029081753,0,7.1612902,1.1266566e-06,0
0.5,0,26.936267,-0.029408615,0,7.1705187,1.0993006e-06,0
0.5,0,26.929312,-0.029619017,0,7.1797472,1.1226943e-06,0
0.5,0,26.92179,-0.029714231,0,7.1889756,1.1899331e-06,0
0.5,0,26.915039,-0.02969139,0,7.1982041,1.291908e-06,0
0.5,0,26.909721,-0.029549791,0,7.2074326,1.417453e-06,0
0.5,0,26.905788,-0.029296485,0,7.216661,1.5540046e-06,0
0.5,0,26.902776,-0.028952841,0,7.2258895,1.6885896e-06,0
0.5,0,26.900163,-0.028559231,0,7.235118,1.8096523e-06,0
0.5,0,26.897594,-0.028170389,0,7.2443464,1.909464e-06,0
0.5,0,26.894895,-0.027838769,0,7.2535749,1.9856427e-06,0
0.5,0,26.891967,-0.027593932,0,7.2628034,2.0404177e-06,0
0.5,0,26.888702,-0.027432435,0,7.2720318,2.0777919e-06,0
0.5,0,26.884984,-0.027327078,0,7.2812603,2.1003812e-06,0
0.5,0,26.880771,-0.027250351,0,7.2904888,2.1078255e-06,0
0.5,0,26.876171,-0.027196277,0,7.2997172,2.0975312e-06,0
0.5,0,26.871434,-0.027185543,0,7.3089457,2.0672346e-06,0
0.5,0,26.86689,-0.027251404,0,7.3181742,2.0179152e-06,0
0.5,0,26.862875,-0.027418497,0,7.3274026,1.9554894e-06,0
0.5,0,26.85968,-0.02768972,0,7.3366311,1.8903037e-06,0
0.5,0,26.857541,-0.028046135,0,7.3458596,1.8346085e-06,0
0.5,0,26.856604,-0.02845545,0,7.355088,1.799222e-06,0
0.5,0,26.856897,-0.028881639,0,7.3643165,1.7905748e-06,0
0.5,0,26.858316,-0.029289262,0,7.373545,1.8090992e-06,0
0.5,0,26.860653,-0.029645825,0,7.3827734,1.8496205e-06,0
0.5,0,26.863662,-0.029931623,0,7.3920019,1.902998e-06,0
0.5,0,26.867067,-0.030152255,0,7.4012304,1.9572606e-06,0
0.5,0,26.870594,-0.030333656,0,7.4104588,1.9980919e-06,0
0.5,0,26.874016,-0.030494223,0,7.4196873,2.0105688e-06,0
0.5,0,26.87714,-0.030621481,0,7.4289158,1.983018e-06,0
0.5,0,26.879792,-0.030678793,0,7.4381442,1.9105315e-06,0
0.5,0,26.881721,-0.030640712,0,7.4473727,1.793625e-06,0
0.5,0,26.88261,-0.030515013,0,7.4566012,1.6318861e-06,0
0.5,0,26.881964,-0.030289288,0,7.4658296,1.4194698e-06,0
0.5,0,26.879049,-0.029896446,0,7.4750581,1.1469043e-06,0
0.5,0,26.87362,-0.029360333,0,7.4842866,8.000833e-07,0
0.5,0,26.867305,-0.029232044,0,7.493515,3.546483e-07,0
0.5,0,27.340212,-0.036984479,0,8.3517625,9.4994759e-07,0
0.5,0,27.332862,-0.034822819,0,8.3609909,2.0411827e-06,0
0.5,0,27.32574,-0.032014331,0,8.3702194,3.0640448e-06,0
0.5,0,27.31992,-0.029391441,0,8.3794479,3.9653943e-06,0
0.5,0,27.31606,-0.027156637,0,8.3886763,4.7372238e-06,0
0.5,0,27.314211,-0.025304062,0,8.3979048,5.3901103e-06,0
0.5,0,27.313791,-0.023743726,0,8.4071333,5.9359026e-06,0
0.5,0,27.313819,-0.022394985,0,8.4163617,6.3808974e-06,0
0.5,0,27.313226,-0.021209104,0,8.4255902,6.7253906e-06,0
0.5,0,27.311134,-0.020158307,0,8.4348187,6.9661601e-06,0
0.5,0,27.307067,-0.019232831,0,8.4440471,7.1004119e-06,0
0.5,0,27.300994,-0.018436988,0,8.4532756,7.1286284e-06,0
0.5,0,27.293271,-0.017782534,0,8.4625041,7.054191e-06,0
0.5,0,27.28445,-0.01728832,0,8.4717325,6.8809533e-06,0
0.5,0,27.275058,-0.016975254,0,8.480961,6.611863e-06,0
0.5,0,27.265463,-0.016846181,0,8.4901895,6.2515158e-06,0
0.5,0,27.255842,-0.016866045,0,8.4994179,5.8128675e-06,0
0.5,0,27.246239,-0.016969397,0,8.5086464,5.3227218e-06,0
0.5,0,27.23665,-0.017097041,0,8.5178749,4.8185106e-06,0
0.5,0,27.22708,-0.01722794,0,8.5271033,4.3362775e-06,0
0.5,0,27.21752,-0.017372879,0,8.5363318,3.8988999e-06,0
0.5,0,27.207847,-0.017537949,0,8.5455603,3.512981e-06,0
0.5,0,27.197712,-0.017699763,0,8.5547887,3.1740291e-06,0
0.5,0,27.186561,-0.017824622,0,8.5640172,2.8725438e-06,0
0.5,0,27.173812,-0.01791999,0,8.5732457,2.5930282e-06,0
0.5,0,27.159282,-0.018037587,0,8.5824741,2.3074083e-06,0
0.5,0,27.143771,-0.018164097,0,8.5917026,1.9774241e-06,0
0.5,0,27.129017,-0.01815503,0,8.6009311,1.5700011e-06,0
0.5,0,27.116931,-0.017915073,0,8.6101595,1.0621508e-06,0
0.5,0,27.109966,-0.018119787,0,8.619388,4.2736587e-07,0
0.5,0,27.312382,-0.032586973,0,8.8131858,4.1861685e-07,0
0.5,0,27.331859,-0.03210813,0,8.8224143,1.8883142e-06,0
0.5,0,27.351865,-0.0297034,0,8.8316427,3.2809575e-06,0
0.5,0,27.371239,-0.026665263,0,8.8408712,4.4860278e-06,0
0.5,0,27.389287,-0.023617815,0,8.8500997,5.4368888e-06,0
0.5,0,27.405722,-0.020803424,0,8.8593281,6.1054078e-06,0
0.5,0,27.419993,-0.018390743,0,8.8685566,6.5013681e-06,0
0.5,0,27.431807,-0.016482137,0,8.8777851,6.6635065e-06,0
0.5,0,27.441565,-0.015087578,0,8.8870135,6.6483061e-06,0
0.5,0,27.449923,-0.014145607,0,8.896242,6.518729e-06,0
0.5,0,27.458429,-0.013534219,0,8.9054705,6.3288643e-06,0
0.5,0,27.469013,-0.013093054,0,8.9146989,6.1114906e-06,0
0.5,0,27.483517,-0.012686843,0,8.9239274,5.8755034e-06,0
0.5,0,27.503125,-0.012249064,0,8.9331559,5.6121645e-06,0
0.5,0,27.5277,-0.011804193,0,8.9423843,5.3074593e-06,0
0.5,0,27.555629,-0.011468386,0,8.9516128,4.9580512e-06,0
0.5,0,27.58415,-0.011386841,0,8.9608413,4.5829578e-06,0
0.5,0,27.609899,-0.011654455,0,8.9700697,4.2222244e-06,0
0.5,0,27.629681,-0.012271221,0,8.9792982,3.9265513e-06,0
0.5,0,27.64098,-0.013135777,0,8.9885267,3.7439562e-06,0
0.5,0,27.642374,-0.014095499,0,8.9977551,3.7057613e-06,0
0.5,0,27.633994,-0.014995475,0,9.0069836,3.8200294e-06,0
0.5,0,27.617701,-0.015678977,0,9.0162121,4.0713677e-06,0
0.5,0,27.596926,-0.016034853,0,9.0254405,4.4239435e-06,0
0.5,0,27.575975,-0.016036881,0,9.034669,4.8307196e-06,0
0.5,0,27.559223,-0.015697883,0,9.0438975,5.2402489e-06,0
0.5,0,27.549958,-0.015052443,0,9.0531259,5.5982417e-06,0
0.5,0,27.549946,-0.014158992,0,9.0623544,5.8527535e-06,0
0.5,0,27.559488,-0.013079844,0,9.0715829,5.9615448e-06,0
0.5,0,27.577393,-0.011907113,0,9.0808113,5.8984882e-06,0
0.5,0,27.601523,-0.010814134,0,9.0900398,5.6647166e-06,0
0.5,0,27.629114,-0.010046362,0,9.0992683,5.3001509e-06,0
0.5,0,27.657128,-0.009858421,0,9.1084967,4.8816448e-06,0
0.5,0,27.682686,-0.010412786,0,9.1177252,4.5061975e-06,0
0.5,0,27.703414,-0.011667299,0,9.1269537,4.268781e-06,0
0.5,0,27.717696,-0.013317132,0,9.1361821,4.2387103e-06,0
0.5,0,27.724663,-0.014863085,0,9.1454106,4.4362321e-06,0
0.5,0,27.724298,-0.015812662,0,9.1546391,4.8216426e-06,0
0.5,0,27.71766,-0.015893391,0,9.1638675,5.3074947e-06,0
0.5,0,27.70711,-0.015155355,0,9.173096,5.790186e-06,0
0.5,0,27.696225,-0.013914404,0,9.1823245,6.1854522e-06,0
0.5,0,27.689024,-0.012591514,0,9.1915529,6.4517993e-06,0
0.5,0,27.688774,-0.011548997,0,9.2007814,6.5952957e-06,0
0.5,0,27.696882,-0.010992986,0,9.2100099,6.6580555e-06,0
0.5,0,27.71239,-0.010940136,0,9.2192383,6.6975059e-06,0
0.5,0,27.732127,-0.011238597,0,9.2284668,6.763634e-06,0
0.5,0,27.751469,-0.011637683,0,9.2376953,6.8835756e-06,0
0.5,0,27.765402,-0.011872855,0,9.2469237,7.0574769e-06,0
0.5,0,27.769799,-0.011774746,0,9.2561522,7.2617831e-06,0
0.5,0,27.76263,-0.011326402,0,9.2653807,7.459781e-06,0
0.5,0,27.744324,-0.010630639,0,9.2746091,7.6118099e-06,0
0.5,0,27.717605,-0.009859727,0,9.2838376,7.6841144e-06,0
0.5,0,27.686556,-0.0091996459,0,9.2930661,7.6650003e-06,0
0.5,0,27.6551,-0.0087952383,0,9.3022945,7.5725136e-06,0
0.5,0,27.625981,-0.0087014414,0,9.311523,7.4398868e-06,0
0.5,0,27.600497,-0.0088668414,0,9.3207515,7.2991651e-06,0
0.5,0,27.578542,-0.0091846567,0,9.3299799,7.1764931e-06,0
0.5,0,27.559078,-0.0095503994,0,9.3392084,7.0859691e-06,0
0.5,0,27.540924,-0.0098722874,0,9.3484369,7.0235988e-06,0
0.5,0,27.523224,-0.010079739,0,9.3576653,6.9712191e-06,0
0.5,0,27.505622,-0.01014292,0,9.3668938,6.9069344e-06,0
0.5,0,27.48818,-0.010072201,0,9.3761223,6.8152824e-06,0
0.5,0,27.47126,-0.0099041511,0,9.3853507,6.691289e-06,0
0.5,0,27.455318,-0.0096855093,0,9.3945792,6.5386469e-06,0
0.5,0,27.440695,-0.009456384,0,9.4038077,6.3665348e-06,0
0.5,0,27.427593,-0.0092441106,0,9.4130361,6.1870463e-06,0
0.5,0,27.416187,-0.0090692593,0,9.4222646,6.0127761e-06,0
0.5,0,27.406633,-0.0089424291,0,9.4314931,5.8548366e-06,0
0.5,0,27.398774,-0.0088555711,0,9.4407215,5.7218175e-06,0
0.5,0,27.392144,-0.008780961,0,9.44995,5.6192041e-06,0
0.5,0,27.386508,-0.0086625341,0,9.4591785,5.550078e-06,0
0.5,0,27.382949,-0.0084888313,0,9.4684069,5.5145923e-06,0
0.5,0,27.381598,-0.0083054321,0,9.4776354,5.5123332e-06,0
0.5,0,27.38139,-0.0081452318,0,9.4868639,5.5452537e-06,0
0.5,0,27.381984,-0.0080331498,0,9.4960923,5.6165778e-06,0
0.5,0,27.382929,-0.0079928875,0,9.5053208,5.7304425e-06,0
0.5,0,27.383775,-0.0080417413,0,9.5145493,5.891573e-06,0
0.5,0,27.384142,-0.008179069,0,9.5237777,6.1048241e-06,0
0.5,0,27.383777,-0.0083815258,0,9.5330062,6.3744763e-06,0
0.5,0,27.382599,-0.0086106688,0,9.5422347,6.7031471e-06,0
0.5,0,27.380692,-0.0088281253,0,9.5514631,7.0904265e-06,0
0.5,0,27.378223,-0.0090060675,0,9.5606916,7.5323378e-06,0
0.5,0,27.37532,-0.0091283785,0,9.5699201,8.0224484e-06,0
0.5,0,27.371944,-0.0091869597,0,9.5791485,8.5541629e-06,0
0.5,0,27.367816,-0.0091801737,0,9.588377,9.1225481e-06,0
0.5,0,27.36246,-0.0091156552,0,9.5976055,9.7246841e-06,0
0.5,0,27.35536,-0.009007739,0,9.6068339,1.0359416e-05,0
0.5,0,27.346195,-0.0088711319,0,9.6160624,1.1027427e-05,0
0.5,0,27.335044,-0.0087143018,0,9.6252909,1.1730189e-05,0
0.5,0,27.322464,-0.0085336357,0,9.6345193,1.2467389e-05,0
0.5,0,27.309399,-0.0083274301,0,9.6437478,1.3235115e-05,0
0.5,0,27.296896,-0.0080988104,0,9.6529763,1.4024836e-05,0
0.5,0,27.285795,-0.007841272,0,9.6622047,1.4822498e-05,0
0.5,0,27.276505,-0.0075512798,0,9.6714332,1.5609125e-05,0
0.5,0,27.268932,-0.0072424473,0,9.6806617,1.6363052e-05,0
0.5,0,27.262602,-0.0069321591,0,9.6898901,1.7062351e-05,0
0.5,0,27.256869,-0.006620361,0,9.6991186,1.7686343e-05,0
0.5,0,27.25111,-0.0062831913,0,9.7083471,1.8216253e-05,0
0.5,0,27.24487,-0.0058851518,0,9.7175755,1.8635967e-05,0
0.5,0,27.2379,-0.0053968647,0,9.726804,1.893345e-05,0
0.5,0,27.230142,-0.0048096796,0,9.7360325,1.9102363e-05,0
0.5,0,27.221673,-0.0041459489,0,9.7452609,1.9143558e-05,0
0.5,0,27.212656,-0.0034612382,0,9.7544894,1.9066389e-05,0
0.5,0,27.203306,-0.0028341775,0,9.7637179,1.8889578e-05,0
0.5,0,27.193878,-0.0023463727,0,9.7729463,1.8640775e-05,0
0.5,0,27.184637,-0.0020603156,0,9.7821748,1.8353931e-05,0
0.5,0,27.175815,-0.0020035178,0,9.7914033,1.8064611e-05,0
0.5,0,27.167587,-0.0021650783,0,9.8006317,1.7804795e-05,0
0.5,0,27.160047,-0.0025051732,0,9.8098602,1.7599037e-05,0
0.5,0,27.153215,-0.0029709566,0,9.8190887,1.7462946e-05,0
0.5,0,27.147078,-0.003511682,0,9.8283171,1.7403688e-05,0
0.5,0,27.141632,-0.0040887659,0,9.8375456,1.7421636e-05,0
0.5,0,27.136911,-0.004676228,0,9.8467741,1.7512431e-05,0
0.5,0,27.132992,-0.005252788,0,9.8560025,1.766891e-05,0
0.5,0,27.12997,-0.0057924834,0,9.865231,1.788274e-05,0
0.5,0,27.127932,-0.0062601202,0,9.8744595,1.8145739e-05,0
0.5,0,27.126922,-0.0066173671,0,9.8836879,1.8450315e-05,0
0.5,0,27.126961,-0.0068309248,0,9.8929164,1.8788768e-05,0
0.5,0,27.127958,-0.0068836197,0,9.9021449,1.9151242e-05,0
0.5,0,27.129787,-0.0067738985,0,9.9113733,1.9523099e-05,0
0.5,0,27.132291,-0.0065061681,0,9.9206018,1.9883965e-05,0
0.5,0,27.135232,-0.0060922324,0,9.9298303,2.0209639e-05,0
0.5,0,27.138412,-0.0055550595,0,9.9390587,2.0476607e-05,0
0.5,0,27.141665,-0.004939047,0,9.9482872,2.0668362e-05,0
0.5,0,27.144887,-0.0043216633,0,9.9575157,2.0781333e-05,0
0.5,0,27.148071,-0.0038090683,0,9.9667441,2.0827661e-05,0
0.5,0,27.151304,-0.0035080008,0,9.9759726,2.0833074e-05,0
0.5,0,27.154737,-0.003481651,0,9.9852011,2.0829744e-05,0
0.5,0,27.158523,-0.0037108295,0,9.9944295,2.0846007e-05,0
0.5,0,27.162759,-0.0040856858,0,10.003658,2.0896497e-05,0
0.5,0,27.167452,-0.0044413619,0,10.012886,2.0976503e-05,0
0.5,0,27.172543,-0.0046256794,0,10.022115,2.1062928e-05,0
0.5,0,27.177954,-0.0045654805,0,10.031343,2.1121935e-05,0
0.5,0,27.183649,-0.0042974515,0,10.040572,2.1120817e-05,0
0.5,0,27.189619,-0.0039475111,0,10.0498,2.1039261e-05,0
0.5,0,27.19587,-0.0036666517,0,10.059029,2.0875622e-05,0
0.5,0,27.202338,-0.0035551722,0,10.068257,2.0645834e-05,0
0.5,0,27.208785,-0.0036190681,0,10.077486,2.0375193e-05,0
0.5,0,27.214784,-0.0037778811,0,10.086714,2.0086463e-05,0
0.5,0,27.219732,-0.003909249,0,10.095943,1.9789322e-05,0
0.5,0,27.222917,-0.0039050412,0,10.105171,1.9475953e-05,0
0.5,0,27.223647,-0.0037134036,0,10.1144,1.9125163e-05,0
0.5,0,27.221425,-0.0033551905,0,10.123628,1.8712886e-05,0
0.5,0,27.216058,-0.0029163327,0,10.132857,1.822327e-05,0
0.5,0,27.207692,-0.0025148441,0,10.142085,1.7654691e-05,0
0.5,0,27.196709,-0.0022544694,0,10.151313,1.7018831e-05,0
0.5,0,27.1836,-0.0021854426,0,10.160542,1.6334622e-05,0
0.5,0,27.168934,-0.0022859839,0,10.16977,1.5620777e-05,0
0.5,0,27.153368,-0.0024755479,0,10.178999,1.4890221e-05,0
0.5,0,27.137578,-0.0026607127,0,10.188227,1.414762e-05,0
0.5,0,27.122258,-0.002781919,0,10.197456,1.3390112e-05,0
0.5,0,27.107946,-0.0028335479,0,10.206684,1.2611014e-05,0
0.5,0,27.094914,-0.0028495367,0,10.215913,1.1805357e-05,0
0.5,0,27.08322,-0.0028714281,0,10.225141,1.0974179e-05,0
0.5,0,27.072719,-0.0029348339,0,10.23437,1.012467e-05,0
0.5,0,27.063223,-0.0030669198,0,10.243598,9.2662599e-06,0
0.5,0,27.054583,-0.0032745924,0,10.252827,8.4055519e-06,0
0.5,0,27.046659,-0.003533638,0,10.262055,7.5440543e-06,0
0.5,0,27.039254,-0.0037990609,0,10.271284,6.6801247e-06,0
0.5,0,27.032057,-0.0040382416,0,10.280512,5.8125683e-06,0
0.5,0,27.024649,-0.0042624141,0,10.28974,4.9415576e-06,0
0.5,0,27.016559,-0.0045146518,0,10.298969,4.0667288e-06,0
0.5,0,27.007397,-0.0048119999,0,10.308197,3.1879139e-06,0
0.5,0,26.996894,-0.0051270422,0,10.317426,2.3087146e-06,0
0.5,0,26.985194,-0.0054769536,0,10.326654,1.4338745e-06,0
0.5,0,26.973393,-0.006159812,0,10.335883,5.5953242e-07,0
0.5,0,26.79397,-0.023963812,0,12.347689,2.0000241e-06,0
0.5,0,26.806648,-0.022916342,0,12.356917,4.5123603e-06,0
0.5,0,26.81818,-0.020568642,0,12.366146,6.9705004e-06,0
0.5,0,26.827411,-0.018243912,0,12.375374,9.3615455e-06,0
0.5,0,26.834697,-0.016196725,0,12.384602,1.1675532e-05,0
0.5,0,26.840631,-0.014472464,0,12.393831,1.3905325e-05,0
0.5,0,26.845663,-0.013043267,0,12.403059,1.604614e-05,0
0.5,0,26.850115,-0.011841054,0,12.412288,1.8089612e-05,0
0.5,0,26.854197,-0.010816123,0,12.421516,2.002513e-05,0
0.5,0,26.858025,-0.0099395812,0,12.430745,2.1844363e-05,0
0.5,0,26.861704,-0.0091687069,0,12.439973,2.3543147e-05,0
0.5,0,26.865265,-0.0084536338,0,12.449202,2.512215e-05,0
0.5,0,26.868681,-0.0077692494,0,12.45843,2.6586897e-05,0
0.5,0,26.871867,-0.0071267541,0,12.467659,2.7945262e-05,0
0.5,0,26.874677,-0.0065634727,0,12.476887,2.9202882e-05,0
0.5,0,26.876937,-0.0061212205,0,12.486116,3.0359624e-05,0
0.5,0,26.878484,-0.0058208384,0,12.495344,3.1409736e-05,0
0.5,0,26.879206,-0.0056475283,0,12.504573,3.2345817e-05,0
0.5,0,26.879056,-0.0055619467,0,12.513801,3.3164348e-05,0
0.5,0,26.878113,-0.0055251163,0,12.523029,3.3869338e-05,0
0.5,0,26.876522,-0.0055155761,0,12.532258,3.4472656e-05,0
0.5,0,26.874483,-0.0055259385,0,12.541486,3.4990599e-05,0
0.5,0,26.872249,-0.0055388944,0,12.550715,3.5438609e-05,0
0.5,0,26.870009,-0.0055105025,0,12.559943,3.582729e-05,0
0.5,0,26.867878,-0.005385096,0,12.569172,3.6160779e-05,0
0.5,0,26.865887,-0.0051323278,0,12.5784,3.643754e-05,0
0.5,0,26.864001,-0.0047730605,0,12.587629,3.6652142e-05,0
0.5,0,26.862175,-0.0043701823,0,12.596857,3.6796708e-05,0
0.5,0,26.860392,-0.0039912921,0,12.606086,3.6861697e-05,0
0.5,0,26.858679,-0.0036726296,0,12.615314,3.6836158e-05,0
0.5,0,26.857089,-0.003409933,0,12.624543,3.6707731e-05,0
0.5,0,26.85567,-0.0031753529,0,12.633771,3.646282e-05,0
0.5,0,26.854433,-0.0029374836,0,12.643,3.6087801e-05,0
0.5,0,26.85334,-0.0026675322,0,12.652228,3.557199e-05,0
0.5,0,26.852301,-0.0023374176,0,12.661456,3.4911646e-05,0
0.5,0,26.8512,-0.001925049,0,12.670685,3.4112554e-05,0
0.5,0,26.849938,-0.0014356169,0,12.679913,3.3188486e-05,0
0.5,0,26.848462,-0.00091387125,0,12.689142,3.2155418e-05,0
0.5,0,26.846793,-0.0004180476,0,12.69837,3.1025984e-05,0
0.5,0,26.845044,1.4868441e-05,0,12.707599,2.9809264e-05,0
0.5,0,26.843322,0.00037491903,0,12.716827,2.8515303e-05,0
0.5,0,26.841692,0.00065933194,0,12.726056,2.715812e-05,0
0.5,0,26.840185,0.00085809984,0,12.735284,2.5753021e-05,0
0.5,0,26.838738,0.00096765219,0,12.744513,2.4311324e-05,0
0.5,0,26.83716,0.0010183997,0,12.753741,2.2838028e-05,0
0.5,0,26.835175,0.0010759057,0,12.76297,2.133383e-05,0
0.5,0,26.832509,0.0011924514,0,12.772198,1.9798177e-05,0
0.5,0,26.828994,0.0013533969,0,12.781427,1.8229553e-05,0
0.5,0,26.824627,0.0014884986,0,12.790655,1.6624087e-05,0
0.5,0,26.819572,0.0015468093,0,12.799883,1.4977752e-05,0
0.5,0,26.814058,0.0015564447,0,12.809112,1.3293682e-05,0
0.5,0,26.808237,0.0015991026,0,12.81834,1.1587929e-05,0
0.5,0,26.802068,0.0017186147,0,12.827569,9.8841417e-06,0
0.5,0,26.795292,0.0018937962,0,12.836797,8.1982038e-06,0
0.5,0,26.787454,0.002127854,0,12.846026,6.530893e-06,0
0.5,0,26.777994,0.0024896109,0,12.855254,4.8777112e-06,0
0.5,0,26.766594,0.0029665579,0,12.864483,3.239655e-06,0
0.5,0,26.753958,0.0030389068,0,12.873711,1.6098692e-06,0
0.5,0,26.759028,-0.023076947,0,13.565846,2.4115934e-06,0
0.5,0,26.774467,-0.022091031,0,13.575075,4.8703177e-06,0
0.5,0,26.788065,-0.020114299,0,13.584303,7.311343e-06,0
0.5,0,26.798946,-0.018163138,0,13.593532,9.7311138e-06,0
0.5,0,26.8075,-0.016427483,0,13.60276,1.2127177e-05,0
0.5,0,26.814333,-0.014959494,0,13.611989,1.450175e-05,0
0.5,0,26.820003,-0.013743018,0,13.621217,1.6857005e-05,0
0.5,0,26.824962,-0.012739764,0,13.630445,1.9190032e-05,0
0.5,0,26.82956,-0.011923178,0,13.639674,2.149481e-05,0
0.5,0,26.834061,-0.011261999,0,13.648902,2.376524e-05,0
0.5,0,26.838653,-0.010707678,0,13.658131,2.5995935e-05,0
0.5,0,26.843449,-0.010208979,0,13.667359,2.8182485e-05,0
0.5,0,26.848496,-0.0097273667,0,13.676588,3.0321638e-05,0
0.5,0,26.853777,-0.0092414977,0,13.685816,3.2410643e-05,0
0.5,0,26.85922,-0.0087480154,0,13.695045,3.4446061e-05,0
0.5,0,26.864716,-0.0082598297,0,13.704273,3.6422678e-05,0
0.5,0,26.870132,-0.0078000518,0,13.713502,3.8332645e-05,0
0.5,0,26.875334,-0.0073944472,0,13.72273,4.016512e-05,0
0.5,0,26.880207,-0.0070661752,0,13.731959,4.1907119e-05,0
0.5,0,26.884673,-0.0068320751,0,13.741187,4.3545847e-05,0
0.5,0,26.888698,-0.0066974593,0,13.750416,4.5071837e-05,0
0.5,0,26.89229,-0.0066480745,0,13.759644,4.6481494e-05,0
0.5,0,26.895483,-0.006641934,0,13.768872,4.7777811e-05,0
0.5,0,26.898306,-0.006609621,0,13.778101,4.8968924e-05,0
0.5,0,26.900753,-0.0064723238,0,13.787329,5.0065338e-05,0
0.5,0,26.902778,-0.0061759939,0,13.796558,5.1077097e-05,0
0.5,0,26.904316,-0.0057233353,0,13.805786,5.2011686e-05,0
0.5,0,26.905319,-0.0051793991,0,13.815015,5.2872758e-05,0
0.5,0,26.905808,-0.0046412596,0,13.824243,5.3659506e-05,0
0.5,0,26.905889,-0.0041879645,0,13.833472,5.4366919e-05,0
0.5,0,26.905739,-0.0038431641,0,13.8427,5.4987373e-05,0
0.5,0,26.905563,-0.0035751401,0,13.851929,5.5513359e-05,0
0.5,0,26.905549,-0.0033313666,0,13.861157,5.5939957e-05,0
0.5,0,26.90583,-0.0030798148,0,13.870386,5.62654e-05,0
0.5,0,26.906473,-0.0028267518,0,13.879614,5.6489456e-05,0
0.5,0,26.907494,-0.0026015007,0,13.888843,5.6611006e-05,0
0.5,0,26.908872,-0.0024264107,0,13.898071,5.6626745e-05,0
0.5,0,26.910577,-0.0022990238,0,13.907299,5.6531917e-05,0
0.5,0,26.912582,-0.0021967549,0,13.916528,5.6322267e-05,0
0.5,0,26.914876,-0.0020934497,0,13.925756,5.5995736e-05,0
0.5,0,26.917465,-0.0019700762,0,13.934985,5.5553194e-05,0
0.5,0,26.920366,-0.0018118786,0,13.944213,5.4998238e-05,0
0.5,0,26.923582,-0.0016010054,0,13.953442,5.4336044e-05,0
0.5,0,26.927081,-0.0013183852,0,13.96267,5.3571004e-05,0
0.5,0,26.930778,-0.00095528873,0,13.971899,5.2703316e-05,0
0.5,0,26.934534,-0.00052073022,0,13.981127,5.1726154e-05,0
0.5,0,26.938181,-3.5468394e-05,0,13.990356,5.0626185e-05,0
0.5,0,26.941563,0.0004782062,0,13.999584,4.9388649e-05,0
0.5,0,26.944578,0.00099579992,0,14.008813,4.80046e-05,0
0.5,0,26.947211,0.001481533,0,14.018041,4.6475662e-05,0
0.5,0,26.949541,0.0018916883,0,14.02727,4.4813351e-05,0
0.5,0,26.951689,0.002198557,0,14.036498,4.3034497e-05,0
0.5,0,26.953756,0.0024163934,0,14.045726,4.1156721e-05,0
0.5,0,26.95573,0.0025969501,0,14.054955,3.9196184e-05,0
0.5,0,26.957409,0.0027892086,0,14.064183,3.7166607e-05,0
0.5,0,26.958431,0.0030007698,0,14.073412,3.5077812e-05,0
0.5,0,26.958344,0.0031992966,0,14.08264,3.2935067e-05,0
0.5,0,26.956748,0.0033523387,0,14.091869,3.0741908e-05,0
0.5,0,26.953419,0.0034595552,0,14.101097,2.8505778e-05,0
0.5,0,26.948357,0.0035421801,0,14.110326,2.6241227e-05,0
0.5,0,26.94176,0.0036148794,0,14.119554,2.3966251e-05,0
0.5,0,26.933945,0.0036895367,0,14.128783,2.169467e-05,0
0.5,0,26.92526,0.0038073107,0,14.138011,1.9432747e-05,0
0.5,0,26.916029,0.0040418421,0,14.14724,1.71838e-05,0
0.5,0,26.90652,0.0044436915,0,14.156468,1.4955293e-05,0
0.5,0,26.896886,0.0049668275,0,14.165697,1.2759267e-05,0
0.5,0,26.887081,0.0054767849,0,14.174925,1.0604252e-05,0
0.5,0,26.876871,0.0058803204,0,14.184153,8.4904813e-06,0
0.5,0,26.866,0.006217576,0,14.193382,6.4188793e-06,0
0.5,0,26.854125,0.0065372684,0,14.20261,4.4019941e-06,0
0.5,0,26.841368,0.0065690199,0,14.211839,2.4510887e-06,0
0.5,0,26.82944,0.0054871186,0,14.221067,5.5377169e-07,0
0.5,0,26.914246,-0.017640456,0,14.553292,2.7705201e-07,0
0.5,0,26.928054,-0.018837721,0,14.562521,2.4356921e-06,0
0.5,0,26.943469,-0.018347609,0,14.571749,4.6357879e-06,0
0.5,0,26.95825,-0.017210677,0,14.580978,6.8613308e-06,0
0.5,0,26.971745,-0.016051647,0,14.590206,9.1049443e-06,0
0.5,0,26.984116,-0.014985264,0,14.599434,1.1358769e-05,0
0.5,0,26.995654,-0.01405026,0,14.608663,1.3618982e-05,0
0.5,0,27.006586,-0.013237208,0,14.617891,1.5883125e-05,0
0.5,0,27.017032,-0.012516446,0,14.62712,1.8145139e-05,0
0.5,0,27.027031,-0.011876658,0,14.636348,2.0395892e-05,0
0.5,0,27.036554,-0.011317698,0,14.645577,2.2625476e-05,0
0.5,0,27.045535,-0.010829369,0,14.654805,2.4823904e-05,0
0.5,0,27.05388,-0.010390139,0,14.664034,2.6981207e-05,0
0.5,0,27.061489,-0.0099761744,0,14.673262,2.9087779e-05,0
0.5,0,27.068274,-0.0095661966,0,14.682491,3.1134304e-05,0
0.5,0,27.074183,-0.0091430592,0,14.691719,3.3110992e-05,0
0.5,0,27.079213,-0.0086938341,0,14.700948,3.5006894e-05,0
0.5,0,27.083426,-0.0082080972,0,14.710176,3.6810443e-05,0
0.5,0,27.086952,-0.0076779811,0,14.719405,3.8511386e-05,0
0.5,0,27.089995,-0.0071043833,0,14.728633,4.0102489e-05,0
0.5,0,27.092799,-0.0065018716,0,14.737861,4.1579197e-05,0
0.5,0,27.095602,-0.0058935426,0,14.74709,4.2937126e-05,0
0.5,0,27.09861,-0.0053002296,0,14.756318,4.4169562e-05,0
0.5,0,27.101951,-0.0047312576,0,14.765547,4.5267124e-05,0
0.5,0,27.105629,-0.004182745,0,14.774775,4.6220256e-05,0
0.5,0,27.10952,-0.0036453204,0,14.784004,4.7023259e-05,0
0.5,0,27.11341,-0.0031140527,0,14.793232,4.7677181e-05,0
0.5,0,27.117079,-0.0025928617,0,14.802461,4.8189665e-05,0
0.5,0,27.120394,-0.0020922512,0,14.811689,4.8571796e-05,0
0.5,0,27.123375,-0.0016225436,0,14.820918,4.8833826e-05,0
0.5,0,27.126206,-0.0011878538,0,14.830146,4.8982022e-05,0
0.5,0,27.129176,-0.00078614629,0,14.839375,4.9017565e-05,0
0.5,0,27.132583,-0.00041360485,0,14.848603,4.893713e-05,0
0.5,0,27.136632,-6.9802143e-05,0,14.857832,4.8734421e-05,0
0.5,0,27.141379,0.00023865967,0,14.86706,4.8402498e-05,0
0.5,0,27.146735,0.00049921061,0,14.876288,4.7936456e-05,0
0.5,0,27.152517,0.00069574338,0,14.885517,4.7335114e-05,0
0.5,0,27.158525,0.00081090731,0,14.894745,4.6600559e-05,0
0.5,0,27.164602,0.00083548428,0,14.903974,4.5735628e-05,0
0.5,0,27.170674,0.00078632662,0,14.913202,4.4741009e-05,0
0.5,0,27.176723,0.00071756831,0,14.922431,4.3614472e-05,0
0.5,0,27.182766,0.00070927368,0,14.931659,4.235294e-05,0
0.5,0,27.188826,0.0008324261,0,14.940888,4.0955792e-05,0
0.5,0,27.194887,0.0011118197,0,14.950116,3.9427083e-05,0
0.5,0,27.200899,0.0015161619,0,14.959345,3.7775681e-05,0
0.5,0,27.206748,0.0019811245,0,14.968573,3.6014445e-05,0
0.5,0,27.212247,0.0024457899,0,14.977802,3.4159604e-05,0
0.5,0,27.217149,0.0028746268,0,14.98703,3.2229883e-05,0
0.5,0,27.221188,0.0032559136,0,14.996259,3.0244419e-05,0
0.5,0,27.224144,0.0035909321,0,15.005487,2.8219931e-05,0
0.5,0,27.225883,0.0038882514,0,15.014715,2.6169281e-05,0
0.5,0,27.226356,0.0041616022,0,15.023944,2.4102845e-05,0
0.5,0,27.225584,0.0044205773,0,15.033172,2.2031368e-05,0
0.5,0,27.223642,0.0046576254,0,15.042401,1.996716e-05,0
0.5,0,27.220624,0.0048516134,0,15.051629,1.7922238e-05,0
0.5,0,27.216599,0.0049931404,0,15.060858,1.5906269e-05,0
0.5,0,27.211584,0.0051060737,0,15.070086,1.3927722e-05,0
0.5,0,27.205526,0.0052352756,0,15.079315,1.1997574e-05,0
0.5,0,27.19833,0.0054016966,0,15.088543,1.0131725e-05,0
0.5,0,27.189924,0.0055626857,0,15.097772,8.3485201e-06,0
0.5,0,27.180307,0.0056343749,0,15.107,6.6629796e-06,0
0.5,0,27.169536,0.0055709146,0,15.116229,5.0856411e-06,0
0.5,0,27.15766,0.0053841505,0,15.125457,3.6278123e-06,0
0.5,0,27.144852,0.0050354048,0,15.134686,2.3015227e-06,0
0.5,0,27.131789,0.0042998861,0,15.143914,1.1060465e-06,0
0.5,0,27.119868,0.0028737601,0,15.153142,2.817426e-08,0
0.5,0,27.028544,-0.014665625,0,15.356169,6.9607835e-07,0
0.5,0,27.025585,-0.015497607,0,15.365397,1.9728097e-06,0
0.5,0,27.024804,-0.015402415,0,15.374626,3.36595e-06,0
0.5,0,27.025305,-0.014910851,0,15.383854,4.8692559e-06,0
0.5,0,27.026714,-0.014279319,0,15.393083,6.478146e-06,0
0.5,0,27.028806,-0.013619002,0,15.402311,8.1869791e-06,0
0.5,0,27.03144,-0.01297167,0,15.41154,9.9868369e-06,0
0.5,0,27.034492,-0.012343663,0,15.420768,1.1863723e-05,0
0.5,0,27.037849,-0.011733497,0,15.429996,1.3799547e-05,0
0.5,0,27.04143,-0.011138583,0,15.439225,1.5773656e-05,0
0.5,0,27.045164,-0.010548439,0,15.448453,1.7764651e-05,0
0.5,0,27.048984,-0.0099582781,0,15.457682,1.9751629e-05,0
0.5,0,27.052851,-0.0093855542,0,15.46691,2.1714973e-05,0
0.5,0,27.056762,-0.0088511211,0,15.476139,2.3635718e-05,0
0.5,0,27.060693,-0.0083419679,0,15.485367,2.5495818e-05,0
0.5,0,27.064586,-0.0078294864,0,15.494596,2.7280921e-05,0
0.5,0,27.06839,-0.007307105,0,15.503824,2.8981744e-05,0
0.5,0,27.072045,-0.0067832084,0,15.513053,3.0593256e-05,0
0.5,0,27.075479,-0.0062705027,0,15.522281,3.2112502e-05,0
0.5,0,27.078613,-0.0057852517,0,15.53151,3.3537048e-05,0
0.5,0,27.081341,-0.0053429458,0,15.540738,3.4864867e-05,0
0.5,0,27.083538,-0.0049499417,0,15.549967,3.6094217e-05,0
0.5,0,27.085074,-0.0045972718,0,15.559195,3.7222001e-05,0
0.5,0,27.085824,-0.0042585521,0,15.568423,3.8241648e-05,0
0.5,0,27.085688,-0.003902401,0,15.577652,3.9142545e-05,0
0.5,0,27.084617,-0.0035087526,0,15.58688,3.9912348e-05,0
0.5,0,27.082633,-0.0030781333,0,15.596109,4.0541167e-05,0
0.5,0,27.079826,-0.0026326081,0,15.605337,4.1024552e-05,0
0.5,0,27.076341,-0.0022005198,0,15.614566,4.1364001e-05,0
0.5,0,27.072359,-0.0018006384,0,15.623794,4.156538e-05,0
0.5,0,27.068079,-0.0014381581,0,15.633023,4.1635897e-05,0
0.5,0,27.063702,-0.001106987,0,15.642251,4.1581325e-05,0
0.5,0,27.059419,-0.00079652181,0,15.65148,4.1404639e-05,0
0.5,0,27.055398,-0.00049661244,0,15.660708,4.1105775e-05,0
0.5,0,27.051774,-0.00019779326,0,15.669937,4.068185e-05,0
0.5,0,27.048634,0.0001099787,0,15.679165,4.0128006e-05,0
0.5,0,27.046016,0.00043817228,0,15.688394,3.9439623e-05,0
0.5,0,27.043899,0.0007942193,0,15.697622,3.8615009e-05,0
0.5,0,27.042218,0.0011758417,0,15.70685,3.7657101e-05,0
0.5,0,27.04088,0.001573626,0,15.716079,3.6573639e-05,0
0.5,0,27.039775,0.0019765518,0,15.725307,3.5375652e-05,0
0.5,0,27.038785,0.0023776895,0,15.734536,3.4075377e-05,0
0.5,0,27.037798,0.0027765852,0,15.743764,3.2684887e-05,0
0.5,0,27.036714,0.003174635,0,15.752993,3.1215731e-05,0
0.5,0,27.035458,0.0035670309,0,15.762221,2.9679226e-05,0
0.5,0,27.033971,0.0039390536,0,15.77145,2.8086866e-05,0
0.5,0,27.032194,0.0042708254,0,15.780678,2.6450343e-05,0
0.5,0,27.030089,0.0045507533,0,15.789907,2.4781104e-05,0
0.5,0,27.027651,0.0047730472,0,15.799135,2.3089611e-05,0
0.5,0,27.024913,0.0049512088,0,15.808364,2.1387618e-05,0
0.5,0,27.021936,0.0051251765,0,15.817592,1.9688785e-05,0
0.5,0,27.01875,0.0052841686,0,15.826821,1.8003982e-05,0
0.5,0,27.015342,0.0053873188,0,15.836049,1.6342497e-05,0
0.5,0,27.011671,0.0054247608,0,15.845277,1.4715191e-05,0
0.5,0,27.007676,0.0053867072,0,15.854506,1.3134927e-05,0
0.5,0,27.003376,0.0052671023,0,15.863734,1.1619415e-05,0
0.5,0,26.998905,0.0050675253,0,15.872963,1.0185751e-05,0
0.5,0,26.994376,0.004795409,0,15.882191,8.8454266e-06,0
0.5,0,26.989858,0.004452015,0,15.89142,7.607609e-06,0
0.5,0,26.98545,0.0040240325,0,15.900648,6.4798257e-06,0
0.5,0,26.981252,0.0035049804,0,15.909877,5.46691e-06,0
0.5,0,26.9774,0.0028973854,0,15.919105,4.5702917e-06,0
0.5,0,26.973962,0.002199434,0,15.928334,3.7891516e-06,0
0.5,0,26.970973,0.0014032507,0,15.937562,3.1224711e-06,0
0.5,0,26.968513,0.00050721136,0,15.946791,2.5700124e-06,0
0.5,0,26.966626,-0.00047523228,0,15.956019,2.1318927e-06,0
0.5,0,26.965373,-0.0015156868,0,15.965248,1.8077508e-06,0
0.5,0,26.96483,-0.0025788443,0,15.974476,1.5967049e-06,0
0.5,0,26.965076,-0.0036339768,0,15.983704,1.4983964e-06,0
0.5,0,26.966203,-0.0046631321,0,15.992933,1.5141362e-06,0
0.5,0,26.968315,-0.0056588411,0,16.002161,1.6471669e-06,0
0.5,0,26.971513,-0.0066178561,0,16.01139,1.9023945e-06,0
0.5,0,26.975864,-0.0075284309,0,16.020618,2.2857558e-06,0
0.5,0,26.981368,-0.0083590261,0,16.029847,2.803823e-06,0
0.5,0,26.987916,-0.0090725325,0,16.039075,3.4634943e-06,0
0.5,0,26.995252,-0.0096477339,0,16.048304,4.2711752e-06,0
0.5,0,27.00295,-0.010090956,0,16.057532,5.2314129e-06,0
0.5,0,27.010427,-0.010426882,0,16.066761,6.3447519e-06,0
0.5,0,27.016959,-0.010675384,0,16.075989,7.6072699e-06,0
0.5,0,27.021715,-0.010844425,0,16.085218,9.0117993e-06,0
0.5,0,27.02385,-0.010942288,0,16.094446,1.054793e-05,0
0.5,0,27.022581,-0.010977333,0,16.103675,1.2199902e-05,0
0.5,0,27.017337,-0.010959585,0,16.112903,1.394565e-05,0
0.5,0,27.007943,-0.010896583,0,16.122131,1.5759831e-05,0
0.5,0,26.994562,-0.010782096,0,16.13136,1.7617325e-05,0
0.5,0,26.97759,-0.010596948,0,16.140588,1.949426e-05,0
0.5,0,26.957745,-0.010312193,0,16.149817,2.1367879e-05,0
0.5,0,26.93615,-0.0099127791,0,16.159045,2.321752e-05,0
0.5,0,26.914245,-0.0094053271,0,16.168274,2.5025215e-05,0
0.5,0,26.893515,-0.0088083797,0,16.177502,2.6773621e-05,0
0.5,0,26.875201,-0.0081446395,0,16.186731,2.8445161e-05,0
0.5,0,26.860144,-0.007437612,0,16.195959,3.0022923e-05,0
0.5,0,26.848748,-0.0067065174,0,16.205188,3.149123e-05,0
0.5,0,26.840982,-0.005968724,0,16.214416,3.2836907e-05,0
0.5,0,26.836451,-0.0052533032,0,16.223645,3.4051427e-05,0
0.5,0,26.834521,-0.0045962851,0,16.232873,3.5132639e-05,0
0.5,0,26.83447,-0.0040184523,0,16.242102,3.6084348e-05,0
0.5,0,26.835599,-0.0035126085,0,16.25133,3.6914192e-05,0
0.5,0,26.837317,-0.003064334,0,16.260558,3.763074e-05,0
0.5,0,26.839184,-0.0026736225,0,16.269787,3.8241588e-05,0
0.5,0,26.840917,-0.0023465672,0,16.279015,3.8752952e-05,0
0.5,0,26.842388,-0.0020710491,0,16.288244,3.9169663e-05,0
0.5,0,26.843599,-0.0018123548,0,16.297472,3.9494949e-05,0
0.5,0,26.844662,-0.001534322,0,16.306701,3.9730235e-05,0
0.5,0,26.845718,-0.0012220661,0,16.315929,3.9875926e-05,0
0.5,0,26.846893,-0.00089430529,0,16.325158,3.993249e-05,0
0.5,0,26.848355,-0.00058377209,0,16.334386,3.9899887e-05,0
0.5,0,26.850351,-0.00028852823,0,16.343615,3.9776285e-05,0
0.5,0,26.853102,1.5591948e-05,0,16.352843,3.955758e-05,0
0.5,0,26.856698,0.00033387963,0,16.362072,3.9236544e-05,0
0.5,0,26.861082,0.0006752283,0,16.3713,3.8802636e-05,0
0.5,0,26.86609,0.001053021,0,16.380529,3.8243869e-05,0
0.5,0,26.871515,0.001465443,0,16.389757,3.7549328e-05,0
0.5,0,26.877138,0.0019048789,0,16.398985,3.6711572e-05,0
0.5,0,26.882742,0.002360236,0,16.408214,3.5728596e-05,0
0.5,0,26.888123,0.0028143959,0,16.417442,3.460482e-05,0
0.5,0,26.893095,0.0032472385,0,16.426671,3.3351267e-05,0
0.5,0,26.897499,0.0036383601,0,16.435899,3.1984969e-05,0
0.5,0,26.90121,0.0039682863,0,16.445128,3.052773e-05,0
0.5,0,26.90414,0.0042190681,0,16.454356,2.9004626e-05,0
0.5,0,26.906243,0.0043750667,0,16.463585,2.7442564e-05,0
0.5,0,26.907519,0.0044252908,0,16.472813,2.5868967e-05,0
0.5,0,26.908014,0.0043665709,0,16.482042,2.4310512e-05,0
0.5,0,26.90781,0.0042042749,0,16.49127,2.2791971e-05,0
0.5,0,26.90702,0.0039496913,0,16.500499,2.1335487e-05,0
0.5,0,26.905768,0.0036162887,0,16.509727,1.9960404e-05,0
0.5,0,26.904188,0.0032178616,0,16.518956,1.8683504e-05,0
0.5,0,26.90239,0.0027689653,0,16.528184,1.7519276e-05,0
0.5,0,26.900467,0.0022862842,0,16.537412,1.6479934e-05,0
0.5,0,26.898489,0.0017868889,0,16.546641,1.5575366e-05,0
0.5,0,26.896619,0.0012840455,0,16.555869,1.481296e-05,0
0.5,0,26.894931,0.00078405876,0,16.565098,1.4198134e-05,0
0.5,0,26.893361,0.00028625811,0,16.574326,1.3735199e-05,0
0.5,0,26.891895,-0.0002137473,0,16.583555,1.3427699e-05,0
0.5,0,26.890494,-0.0007192531,0,16.592783,1.327846e-05,0
0.5,0,26.889091,-0.0012285636,0,16.602012,1.3289012e-05,0
0.5,0,26.887604,-0.0017353955,0,16.61124,1.3458883e-05,0
0.5,0,26.885935,-0.0022324177,0,16.620469,1.3785388e-05,0
0.5,0,26.88398,-0.0027138034,0,16.629697,1.4263845e-05,0
0.5,0,26.881636,-0.0031744958,0,16.638926,1.4887721e-05,0
0.5,0,26.878829,-0.003608947,0,16.648154,1.5648742e-05,0
0.5,0,26.875523,-0.0040098052,0,16.657383,1.6536922e-05,0
0.5,0,26.871731,-0.0043689807,0,16.666611,1.7540768e-05,0
0.5,0,26.867535,-0.0046813142,0,16.67584,1.8648083e-05,0
0.5,0,26.863082,-0.004947056,0,16.685068,1.9847293e-05,0
0.5,0,26.858586,-0.0051728299,0,16.694296,2.1128867e-05,0
0.5,0,26.854308,-0.0053701095,0,16.703525,2.2486178e-05,0
0.5,0,26.850539,-0.0055508886,0,16.712753,2.3915347e-05,0
0.5,0,26.847562,-0.005723615,0,16.721982,2.5414171e-05,0
0.5,0,26.845621,-0.0058912459,0,16.73121,2.6980472e-05,0
0.5,0,26.844884,-0.0060511675,0,16.740439,2.8610145e-05,0
0.5,0,26.845421,-0.0061970769,0,16.749667,3.0295341e-05,0
0.5,0,26.847193,-0.0063209181,0,16.758896,3.2023232e-05,0
0.5,0,26.85006,-0.006412837,0,16.768124,3.3775497e-05,0
0.5,0,26.853784,-0.0064607249,0,16.777353,3.5528632e-05,0
0.5,0,26.858058,-0.0064512195,0,16.786581,3.7255179e-05,0
0.5,0,26.862523,-0.0063711908,0,16.79581,3.8925669e-05,0
0.5,0,26.866804,-0.0062088069,0,16.805038,4.0510864e-05,0
0.5,0,26.870535,-0.0059548972,0,16.814267,4.1983866e-05,0
0.5,0,26.873394,-0.0056050814,0,16.823495,4.3321766e-05,0
0.5,0,26.875129,-0.0051617917,0,16.832723,4.4506538e-05,0
0.5,0,26.87559,-0.0046345045,0,16.841952,4.5525106e-05,0
0.5,0,26.87474,-0.0040378548,0,16.85118,4.6368836e-05,0
0.5,0,26.872652,-0.0033895583,0,16.860409,4.7032776e-05,0
0.5,0,26.869504,-0.002710315,0,16.869637,4.751503e-05,0
0.5,0,26.865546,-0.0020245074,0,16.878866,4.7816238e-05,0
0.5,0,26.861069,-0.001357892,0,16.888094,4.7939153e-05,0
0.5,0,26.856378,-0.00073270307,0,16.897323,4.7888597e-05,0
0.5,0,26.851756,-0.00016401926,0,16.906551,4.7671571e-05,0
0.5,0,26.847439,0.00034091385,0,16.91578,4.7297269e-05,0
0.5,0,26.843591,0.00078171451,0,16.925008,4.6776863e-05,0
0.5,0,26.840304,0.0011631559,0,16.934237,4.6123163e-05,0
0.5,0,26.837599,0.0014925711,0,16.943465,4.5350223e-05,0
0.5,0,26.835441,0.0017774655,0,16.952694,4.4472776e-05,0
0.5,0,26.833757,0.0020244161,0,16.961922,4.3505446e-05,0
0.5,0,26.832452,0.0022393613,0,16.97115,4.2461806e-05,0
0.5,0,26.831422,0.0024285265,0,16.980379,4.1353381e-05,0
0.5,0,26.83057,0.002599321,0,16.989607,4.018881e-05,0
0.5,0,26.829802,0.0027608143,0,16.998836,3.8973359e-05,0
0.5,0,26.829038,0.0029235314,0,17.008064,3.7708918e-05,0
0.5,0,26.828205,0.0030991509,0,17.017293,3.6394405e-05,0
0.5,0,26.827236,0.0032995267,0,17.026521,3.5027088e-05,0
0.5,0,26.826072,0.0035352592,0,17.03575,3.3603893e-05,0
0.5,0,26.824662,0.0038119021,0,17.044978,3.2122629e-05,0
0.5,0,26.822961,0.004125532,0,17.054207,3.0583749e-05,0
0.5,0,26.820938,0.0044599873,0,17.063435,2.8991927e-05,0
0.5,0,26.818578,0.0047856831,0,17.072664,2.7357466e-05,0
0.5,0,26.815889,0.0050626196,0,17.081892,2.5697228e-05,0
0.5,0,26.812902,0.0052468047,0,17.091121,2.4034812e-05,0
0.5,0,26.809676,0.0052979144,0,17.100349,2.2399842e-05,0
0.5,0,26.806291,0.0051855574,0,17.109577,2.0826401e-05,0
0.5,0,26.802852,0.0048925618,0,17.118806,1.9350872e-05,0
0.5,0,26.799477,0.0044153012,0,17.128034,1.8009495e-05,0
0.5,0,26.796297,0.0037623114,0,17.137263,1.6835981e-05,0
0.5,0,26.79344,0.0029524069,0,17.146491,1.5859382e-05,0
0.5,0,26.791026,0.0020128716,0,17.15572,1.5102401e-05,0
0.5,0,26.789147,0.00097729505,0,17.164948,1.4580293e-05,0
0.5,0,26.787864,-0.00011757653,0,17.174177,1.4300491e-05,0
0.5,0,26.787192,-0.0012349105,0,17.183405,1.426297e-05,0
0.5,0,26.787109,-0.0023397143,0,17.192634,1.4461202e-05,0
0.5,0,26.787552,-0.0033994456,0,17.201862,1.4883368e-05,0
0.5,0,26.788431,-0.0043828267,0,17.211091,1.5513388e-05,0
0.5,0,26.789637,-0.0052580427,0,17.220319,1.6331515e-05,0
0.5,0,26.791049,-0.0059928383,0,17.229548,1.7314532e-05,0
0.5,0,26.792552,-0.0065576751,0,17.238776,1.8435857e-05,0
0.5,0,26.79404,-0.0069314677,0,17.248004,1.9665985e-05,0
0.5,0,26.79543,-0.0071077173,0,17.257233,2.0973574e-05,0
0.5,0,26.79666,-0.0070980899,0,17.266461,2.2327214e-05,0
0.5,0,26.797701,-0.0069316005,0,17.27569,2.3697549e-05,0
0.5,0,26.798551,-0.0066496053,0,17.284918,2.5059254e-05,0
0.5,0,26.799231,-0.006298645,0,17.294147,2.6392424e-05,0
0.5,0,26.79978,-0.0059236638,0,17.303375,2.7683127e-05,0
0.5,0,26.800238,-0.0055633891,0,17.312604,2.8923225e-05,0
0.5,0,26.800641,-0.0052505888,0,17.321832,3.0109731e-05,0
0.5,0,26.801012,-0.0050105369,0,17.331061,3.1243533e-05,0
0.5,0,26.801355,-0.0048585727,0,17.340289,3.2328176e-05,0
0.5,0,26.801658,-0.0048001203,0,17.349518,3.336872e-05,0
0.5,0,26.801898,-0.0048277413,0,17.358746,3.43701e-05,0
0.5,0,26.802039,-0.0049188009,0,17.367975,3.5335405e-05,0
0.5,0,26.802045,-0.0050364256,0,17.377203,3.6264257e-05,0
0.5,0,26.801879,-0.0051337448,0,17.386431,3.7151487e-05,0
0.5,0,26.801513,-0.0051609154,0,17.39566,3.7986384e-05,0
0.5,0,26.800929,-0.005073349,0,17.404888,3.8752705e-05,0
0.5,0,26.800128,-0.0048389278,0,17.414117,3.9429436e-05,0
0.5,0,26.799128,-0.0044423242,0,17.423345,3.9992246e-05,0
0.5,0,26.797969,-0.0038857715,0,17.432574,4.0415404e-05,0
0.5,0,26.796705,-0.0031869531,0,17.441802,4.0673937e-05,0
0.5,0,26.795404,-0.0023752188,0,17.451031,4.0745734e-05,0
0.5,0,26.794137,-0.0014870213,0,17.460259,4.0613393e-05,0
0.5,0,26.79297,-0.00056140388,0,17.469488,4.0265647e-05,0
0.5,0,26.791955,0.0003639431,0,17.478716,3.9698231e-05,0
0.5,0,26.791128,0.0012559676,0,17.487945,3.8914085e-05,0
0.5,0,26.790499,0.0020881139,0,17.497173,3.7922927e-05,0
0.5,0,26.790055,0.0028402857,0,17.506402,3.6740427e-05,0
0.5,0,26.789758,0.0034976208,0,17.51563,3.5387233e-05,0
0.5,0,26.789554,0.0040487227,0,17.524858,3.3888041e-05,0
0.5,0,26.789371,0.0044838555,0,17.534087,3.2270825e-05,0
0.5,0,26.78914,0.0047937973,0,17.543315,3.0566152e-05,0
0.5,0,26.788797,0.0049698358,0,17.552544,2.8806446e-05,0
0.5,0,26.78829,0.0050049897,0,17.561772,2.7025015e-05,0
0.5,0,26.787586,0.0048962559,0,17.571001,2.5254789e-05,0
0.5,0,26.786667,0.0046472891,0,17.580229,2.3526827e-05,0
0.5,0,26.785531,0.0042703066,0,17.589458,2.1868797e-05,0
0.5,0,26.784185,0.0037863845,0,17.598686,2.0303575e-05,0
0.5,0,26.782647,0.0032240994,0,17.607915,1.8848189e-05,0
0.5,0,26.780944,0.0026166342,0,17.617143,1.7513336e-05,0
0.5,0,26.77911,0.0019976723,0,17.626372,1.6303623e-05,0
0.5,0,26.777189,0.0013966422,0,17.6356,1.5218595e-05,0
0.5,0,26.775236,0.00083431117,0,17.644829,1.425446e-05,0
0.5,0,26.773321,0.00032013831,0,17.654057,1.3406226e-05,0
0.5,0,26.771528,-0.00014791613,0,17.663285,1.2669925e-05,0
0.5,0,26.769953,-0.00058157484,0,17.672514,1.2044472e-05,0
0.5,0,26.768705,-0.00099902847,0,17.681742,1.1532718e-05,0
0.5,0,26.767892,-0.0014204272,0,17.690971,1.1141402e-05,0
0.5,0,26.767614,-0.0018631278,0,17.700199,1.0880024e-05,0
0.5,0,26.76794,-0.0023382039,0,17.709428,1.0758959e-05,0
0.5,0,26.76892,-0.0028478419,0,17.718656,1.0787296e-05,0
0.5,0,26.770535,-0.0033875035,0,17.727885,1.0970949e-05,0
0.5,0,26.772738,-0.0039485695,0,17.737113,1.131127e-05,0
0.5,0,26.775454,-0.0045192717,0,17.746342,1.1804575e-05,0
0.5,0,26.778556,-0.0050883943,0,17.75557,1.2442753e-05,0
0.5,0,26.781929,-0.0056461354,0,17.764799,1.3214452e-05,0
0.5,0,26.785457,-0.0061815817,0,17.774027,1.4106525e-05,0
0.5,0,26.789043,-0.006680069,0,17.783256,1.5105317e-05,0
0.5,0,26.792624,-0.0071212344,0,17.792484,1.6197284e-05,0
0.5,0,26.796172,-0.0074787984,0,17.801712,1.7368821e-05,0
0.5,0,26.799692,-0.0077225406,0,17.810941,1.860544e-05,0
0.5,0,26.803213,-0.0078221503,0,17.820169,1.9890678e-05,0
0.5,0,26.806778,-0.007752442,0,17.829398,2.1205179e-05,0
0.5,0,26.810431,-0.0074989088,0,17.838626,2.2526243e-05,0
0.5,0,26.814201,-0.0070620711,0,17.847855,2.3828023e-05,0
0.5,0,26.818094,-0.0064589082,0,17.857083,2.5082417e-05,0
0.5,0,26.822091,-0.0057210746,0,17.866312,2.6260617e-05,0
0.5,0,26.826148,-0.0048909628,0,17.87554,2.733503e-05,0
0.5,0,26.830207,-0.0040161944,0,17.884769,2.8281131e-05,0
0.5,0,26.834202,-0.0031426672,0,17.893997,2.9078961e-05,0
0.5,0,26.838068,-0.0023076987,0,17.903226,2.9714076e-05,0
0.5,0,26.841747,-0.0015357993,0,17.912454,3.0177794e-05,0
0.5,0,26.845195,-0.00083820606,0,17.921683,3.0466715e-05,0
0.5,0,26.84838,-0.00021511042,0,17.930911,3.0581873e-05,0
0.5,0,26.851289,0.00034109816,0,17.940139,3.0527756e-05,0
0.5,0,26.853928,0.00084192344,0,17.949368,3.0311279e-05,0
0.5,0,26.85633,0.0012987657,0,17.958596,2.9940998e-05,0
0.5,0,26.858555,0.0017204757,0,17.967825,2.9426701e-05,0
0.5,0,26.860684,0.0021131577,0,17.977053,2.8779163e-05,0
0.5,0,26.862824,0.0024813626,0,17.986282,2.8009894e-05,0
0.5,0,26.865091,0.0028298352,0,17.99551,2.7130746e-05,0
0.5,0,26.867599,0.0031654305,0,18.004739,2.6153378e-05,0
0.5,0,26.870445,0.0034982497,0,18.013967,2.5088661e-05,0
0.5,0,26.873689,0.003840746,0,18.023196,2.3946278e-05,0
0.5,0,26.877353,0.0042043405,0,18.032424,2.2734716e-05,0
0.5,0,26.881411,0.0045942071,0,18.041653,2.1461789e-05,0
0.5,0,26.885801,0.0050037949,0,18.050881,2.0135645e-05,0
0.5,0,26.890428,0.0054111139,0,18.06011,1.8766164e-05,0
0.5,0,26.895184,0.005778472,0,18.069338,1.7366525e-05,0
0.5,0,26.899955,0.0060562052,0,18.078566,1.5954614e-05,0
0.5,0,26.904647,0.006189617,0,18.087795,1.4553874e-05,0
0.5,0,26.909199,0.0061276638,0,18.097023,1.3193164e-05,0
0.5,0,26.913598,0.005831981,0,18.106252,1.19054e-05,0
0.5,0,26.917886,0.0052849539,0,18.11548,1.0725072e-05,0
0.5,0,26.92216,0.0044953097,0,18.124709,9.6850977e-06,0
0.5,0,26.926557,0.0034995396,0,18.133937,8.8137028e-06,0
0.5,0,26.931229,0.0023576932,0,18.143166,8.1319435e-06,0
0.5,0,26.93631,0.0011432865,0,18.152394,7.6522934e-06,0
0.5,0,26.941887,-6.8808675e-05,0,18.161623,7.3785e-06,0
0.5,0,26.947982,-0.0012127447,0,18.170851,7.3067456e-06,0
0.5,0,26.954542,-0.0022393169,0,18.18008,7.4277654e-06,0
0.5,0,26.961453,-0.003121972,0,18.189308,7.7295718e-06,0
0.5,0,26.968559,-0.0038569157,0,18.198537,8.1998552e-06,0
0.5,0,26.975676,-0.004458466,0,18.207765,8.82712e-06,0
0.5,0,26.982627,-0.0049525711,0,18.216993,9.6012737e-06,0
0.5,0,26.989242,-0.0053660385,0,18.226222,1.0513431e-05,0
0.5,0,26.995368,-0.0057200485,0,18.23545,1.1554429e-05,0
0.5,0,27.000897,-0.0060275442,0,18.244679,1.2713205e-05,0
0.5,0,27.005765,-0.0062919635,0,18.253907,1.3975656e-05,0
0.5,0,27.009968,-0.0065082721,0,18.263136,1.5323932e-05,0
0.5,0,27.013572,-0.0066644025,0,18.272364,1.6736329e-05,0
0.5,0,27.016702,-0.0067433172,0,18.281593,1.8187953e-05,0
0.5,0,27.019534,-0.0067267461,0,18.290821,1.9651901e-05,0
0.5,0,27.022266,-0.0065996862,0,18.30005,2.110057e-05,0
0.5,0,27.025097,-0.0063533944,0,18.309278,2.2506822e-05,0
0.5,0,27.028193,-0.0059876014,0,18.318507,2.3844669e-05,0
0.5,0,27.031675,-0.0055100595,0,18.327735,2.508947e-05,0
0.5,0,27.035608,-0.004933748,0,18.336964,2.6217924e-05,0
0.5,0,27.039983,-0.0042748865,0,18.346192,2.7208176e-05,0
0.5,0,27.044711,-0.0035531517,0,18.35542,2.8040127e-05,0
0.5,0,27.04963,-0.0027901499,0,18.364649,2.8696352e-05,0
0.5,0,27.054501,-0.0020050984,0,18.373877,2.9163304e-05,0
0.5,0,27.059019,-0.0012148951,0,18.383106,2.9432489e-05,0
0.5,0,27.06283,-0.00043613108,0,18.392334,2.9502083e-05,0
0.5,0,27.065552,0.00031532524,0,18.401563,2.9377982e-05,0
0.5,0,27.066815,0.0010221215,0,18.410791,2.9073663e-05,0
0.5,0,27.066314,0.001663698,0,18.42002,2.8609161e-05,0
0.5,0,27.063892,0.0022194962,0,18.429248,2.8009108e-05,0
0.5,0,27.059559,0.0026725351,0,18.438477,2.7300192e-05,0
0.5,0,27.053495,0.0030123845,0,18.447705,2.6508495e-05,0
0.5,0,27.046042,0.0032392103,0,18.456934,2.5657167e-05,0
0.5,0,27.037664,0.003366205,0,18.466162,2.4764854e-05,0
0.5,0,27.028891,0.0034176422,0,18.475391,2.3845061e-05,0
0.5,0,27.020239,0.003423634,0,18.484619,2.2906374e-05,0
0.5,0,27.012145,0.0034148689,0,18.493847,2.1953405e-05,0
0.5,0,27.004911,0.0034187413,0,18.503076,2.0988351e-05,0
0.5,0,26.998685,0.0034546681,0,18.512304,2.0012863e-05,0
0.5,0,26.99347,0.0035280598,0,18.521533,1.9029804e-05,0
0.5,0,26.989133,0.0036272647,0,18.530761,1.8044654e-05,0
0.5,0,26.985453,0.0037252345,0,18.53999,1.706656e-05,0
0.5,0,26.982177,0.0037832777,0,18.549218,1.6109069e-05,0
0.5,0,26.979081,0.0037560077,0,18.558447,1.5190612e-05,0
0.5,0,26.975995,0.0035976723,0,18.567675,1.4334697e-05,0
0.5,0,26.972829,0.0032685448,0,18.576904,1.3569813e-05,0
0.5,0,26.969586,0.0027406505,0,18.586132,1.2928819e-05,0
0.5,0,26.966356,0.0020032019,0,18.595361,1.2447439e-05,0
0.5,0,26.963297,0.0010670477,0,18.604589,1.2161605e-05,0
0.5,0,26.960594,-3.3853498e-05,0,18.613818,1.2103911e-05,0
0.5,0,26.958424,-0.0012449731,0,18.623046,1.2299589e-05,0
0.5,0,26.956918,-0.002497143,0,18.632274,1.2762582e-05,0
0.5,0,26.956136,-0.0037144151,0,18.641503,1.3492687e-05,0
0.5,0,26.956049,-0.0048226522,0,18.650731,1.4474353e-05,0
0.5,0,26.956545,-0.0057585384,0,18.65996,1.5677395e-05,0
0.5,0,26.95745,-0.0064759739,0,18.669188,1.7059593e-05,0
0.5,0,26.958554,-0.0069478319,0,18.678417,1.8570643e-05,0
0.5,0,26.959642,-0.0071656268,0,18.687645,2.0156882e-05,0
0.5,0,26.960517,-0.0071383775,0,18.696874,2.1766092e-05,0
0.5,0,26.961028,-0.0068910788,0,18.706102,2.3351568e-05,0
0.5,0,26.96108,-0.0064632582,0,18.715331,2.4874796e-05,0
0.5,0,26.960656,-0.0059049268,0,18.724559,2.6306559e-05,0
0.5,0,26.959815,-0.005270195,0,18.733788,2.7626698e-05,0
0.5,0,26.958673,-0.0046101256,0,18.743016,2.8822908e-05,0
0.5,0,26.957397,-0.003965946,0,18.752245,2.988905e-05,0
0.5,0,26.95617,-0.0033655456,0,18.761473,3.0823364e-05,0
0.5,0,26.955173,-0.0028230397,0,18.770701,3.1626843e-05,0
0.5,0,26.954555,-0.0023388209,0,18.77993,3.2301798e-05,0
0.5,0,26.954422,-0.0019011093,0,18.789158,3.285093e-05,0
0.5,0,26.95483,-0.0014921086,0,18.798387,3.3277002e-05,0
0.5,0,26.955784,-0.001092073,0,18.807615,3.3582183e-05,0
0.5,0,26.957243,-0.00068172691,0,18.816844,3.3767075e-05,0
0.5,0,26.959136,-0.00024879951,0,18.826072,3.3830251e-05,0
0.5,0,26.96137,0.00021064018,0,18.835301,3.376826e-05,0
0.5,0,26.963837,0.00069563308,0,18.844529,3.357575e-05,0
0.5,0,26.966418,0.001201104,0,18.853758,3.3245934e-05,0
0.5,0,26.968986,0.0017190303,0,18.862986,3.2771722e-05,0
0.5,0,26.971413,0.0022404475,0,18.872215,3.2147355e-05,0
0.5,0,26.973567,0.0027561654,0,18.881443,3.1370383e-05,0
0.5,0,26.975314,0.0032558216,0,18.890672,3.0443764e-05,0
0.5,0,26.976533,0.0037259795,0,18.8999,2.9377626e-05,0
0.5,0,26.977146,0.0041478728,0,18.909128,2.819043e-05,0
0.5,0,26.977166,0.004496897,0,18.918357,2.6909096e-05,0
0.5,0,26.976632,0.0047422134,0,18.927585,2.556825e-05,0
0.5,0,26.975585,0.0048484652,0,18.936814,2.4208608e-05,0
0.5,0,26.974151,0.0047802589,0,18.946042,2.2874501e-05,0
0.5,0,26.972483,0.0045070833,0,18.955271,2.1611102e-05,0
0.5,0,26.970751,0.004010176,0,18.964499,2.0461595e-05,0
0.5,0,26.969117,0.0032883954,0,18.973728,1.9464718e-05,0
0.5,0,26.967725,0.0023617808,0,18.982956,1.8652939e-05,0
0.5,0,26.966685,0.0012715128,0,18.992185,1.8051353e-05,0
0.5,0,26.966067,7.5560333e-05,0,19.001413,1.7677241e-05,0
0.5,0,26.965897,-0.0011578394,0,19.010642,1.7540165e-05,0
0.5,0,26.966159,-0.0023583637,0,19.01987,1.764234e-05,0
0.5,0,26.966795,-0.0034627113,0,19.029099,1.7979052e-05,0
0.5,0,26.967723,-0.0044219423,0,19.038327,1.8539033e-05,0
0.5,0,26.968844,-0.005206443,0,19.047555,1.9304887e-05,0
0.5,0,26.970061,-0.0058067953,0,19.056784,2.0253649e-05,0
0.5,0,26.971288,-0.0062300958,0,19.066012,2.1357469e-05,0
0.5,0,26.972458,-0.0064940761,0,19.075241,2.2584477e-05,0
0.5,0,26.973518,-0.0066205761,0,19.084469,2.3899924e-05,0
0.5,0,26.974433,-0.0066296931,0,19.093698,2.5267578e-05,0
0.5,0,26.97517,-0.0065360059,0,19.102926,2.6651273e-05,0
0.5,0,26.975698,-0.0063477981,0,19.112155,2.8016444e-05,0
0.5,0,26.975983,-0.0060691468,0,19.121383,2.9331435e-05,0
0.5,0,26.975985,-0.0057033934,0,19.130612,3.0568446e-05,0
0.5,0,26.975666,-0.0052564684,0,19.13984,3.1704117e-05,0
0.5,0,26.974999,-0.0047390614,0,19.149069,3.2719816e-05,0
0.5,0,26.973979,-0.0041663452,0,19.158297,3.3601736e-05,0
0.5,0,26.972634,-0.0035540725,0,19.167526,3.4340926e-05,0
0.5,0,26.971026,-0.0029231399,0,19.176754,3.4933233e-05,0
0.5,0,26.96925,-0.0022970326,0,19.185982,3.5379056e-05,0
0.5,0,26.967418,-0.0016938413,0,19.195211,3.5682722e-05,0
0.5,0,26.965648,-0.0011263697,0,19.204439,3.5851502e-05,0
0.5,0,26.96405,-0.00060077161,0,19.213668,3.5894406e-05,0
0.5,0,26.962709,-0.00011767907,0,19.222896,3.582075e-05,0
0.5,0,26.961678,0.0003277033,0,19.232125,3.5638722e-05,0
0.5,0,26.960976,0.0007456177,0,19.241353,3.5354395e-05,0
0.5,0,26.960594,0.0011499935,0,19.250582,3.4971503e-05,0
0.5,0,26.960493,0.0015549864,0,19.25981,3.4492218e-05,0
0.5,0,26.96062,0.001970483,0,19.269039,3.3918765e-05,0
0.5,0,26.960914,0.0023972157,0,19.278267,3.3255474e-05,0
0.5,0,26.961315,0.0028228148,0,19.287496,3.2510848e-05,0
0.5,0,26.961773,0.0032206189,0,19.296724,3.1699183e-05,0
0.5,0,26.962255,0.0035519171,0,19.305953,3.0841304e-05,0
0.5,0,26.962754,0.0037712657,0,19.315181,2.9964174e-05,0
0.5,0,26.96329,0.0038340452,0,19.324409,2.9099399e-05,0
0.5,0,26.963905,0.003705278,0,19.333638,2.8280946e-05,0
0.5,0,26.964662,0.0033672668,0,19.342866,2.7542609e-05,0
0.5,0,26.965632,0.0028241105,0,19.352095,2.6915776e-05,0
0.5,0,26.966894,0.0021019038,0,19.361323,2.6427741e-05,0
0.5,0,26.968521,0.0012435538,0,19.370552,2.6100456e-05,0
0.5,0,26.970573,0.00030050019,0,19.37978,2.5949799e-05,0
0.5,0,26.973088,-0.00067618505,0,19.389009,2.5985326e-05,0
0.5,0,26.976081,-0.0016408791,0,19.398237,2.6210345e-05,0
0.5,0,26.979541,-0.002556202,0,19.407466,2.6622338e-05,0
0.5,0,26.98344,-0.0033963361,0,19.416694,2.7213783e-05,0
0.5,0,26.98773,-0.0041449771,0,19.425923,2.7973049e-05,0
0.5,0,26.992348,-0.0047918154,0,19.435151,2.8884984e-05,0
0.5,0,26.997217,-0.0053316683,0,19.44438,2.9931286e-05,0
0.5,0,27.002257,-0.0057632612,0,19.453608,3.1090748e-05,0
0.5,0,27.007383,-0.0060879391,0,19.462836,3.2339357e-05,0
0.5,0,27.012519,-0.0063084817,0,19.472065,3.365037e-05,0
0.5,0,27.0176,-0.0064280333,0,19.481293,3.4994573e-05,0
0.5,0,27.022572,-0.0064488896,0,19.490522,3.6340825e-05,0
0.5,0,27.027404,-0.0063712995,0,19.49975,3.765694e-05,0
0.5,0,27.032078,-0.0061934966,0,19.508979,3.8910844e-05,0
0.5,0,27.036585,-0.0059122005,0,19.518207,4.0071843e-05,0
0.5,0,27.040925,-0.0055256644,0,19.527436,4.1111705e-05,0
0.5,0,27.045092,-0.0050350317,0,19.536664,4.2005591e-05,0
0.5,0,27.049059,-0.0044435028,0,19.545893,4.2732521e-05,0
0.5,0,27.052806,-0.0037650991,0,19.555121,4.3275653e-05,0
0.5,0,27.056311,-0.0030228868,0,19.56435,4.3622779e-05,0
0.5,0,27.059521,-0.0022408244,0,19.573578,4.3766206e-05,0
0.5,0,27.062381,-0.0014450091,0,19.582807,4.3702764e-05,0
0.5,0,27.064847,-0.00066100363,0,19.592035,4.3434334e-05,0
0.5,0,27.066892,8.9182815e-05,0,19.601263,4.2967879e-05,0
0.5,0,27.068517,0.00078790135,0,19.610492,4.2315035e-05,0
0.5,0,27.069758,0.0014213116,0,19.61972,4.1491418e-05,0
0.5,0,27.070685,0.0019780494,0,19.628949,4.0515583e-05,0
0.5,0,27.071395,0.0024482469,0,19.638177,3.9407847e-05,0
0.5,0,27.071997,0.0028233354,0,19.647406,3.8189151e-05,0
0.5,0,27.072605,0.0030968328,0,19.656634,3.6880232e-05,0
0.5,0,27.07333,0.0032658025,0,19.665863,3.5501307e-05,0
0.5,0,27.074275,0.0033318846,0,19.675091,3.407237e-05,0
0.5,0,27.075536,0.0033001786,0,19.68432,3.2614046e-05,0
0.5,0,27.077204,0.0031769644,0,19.693548,3.1148694e-05,0
0.5,0,27.079351,0.0029677848,0,19.702777,2.9701329e-05,0
0.5,0,27.082016,0.0026749654,0,19.712005,2.8299981e-05,0
0.5,0,27.085208,0.002296147,0,19.721234,2.6975294e-05,0
0.5,0,27.088903,0.0018256574,0,19.730462,2.5759434e-05,0
0.5,0,27.093044,0.0012574294,0,19.73969,2.468441e-05,0
0.5,0,27.097537,0.00058775069,0,19.748919,2.3780001e-05,0
0.5,0,27.102251,-0.00018158967,0,19.758147,2.3071431e-05,0
0.5,0,27.107021,-0.0010392073,0,19.767376,2.2577126e-05,0
0.5,0,27.111653,-0.0019631425,0,19.776604,2.2307139e-05,0
0.5,0,27.11594,-0.0029222125,0,19.785833,2.2262371e-05,0
0.5,0,27.119678,-0.0038756975,0,19.795061,2.2434273e-05,0
0.5,0,27.122694,-0.0047753056,0,19.80429,2.2805177e-05,0
0.5,0,27.124882,-0.005570628,0,19.813518,2.334945e-05,0
0.5,0,27.126217,-0.006214633,0,19.822747,2.4035178e-05,0
0.5,0,27.126769,-0.0066687481,0,19.831975,2.4825936e-05,0
0.5,0,27.126689,-0.006906599,0,19.841204,2.5682373e-05,0
0.5,0,27.12618,-0.0069154543,0,19.850432,2.6563511e-05,0
0.5,0,27.125459,-0.0066971869,0,19.859661,2.7427917e-05,0
0.5,0,27.124719,-0.0062685215,0,19.868889,2.8234793e-05,0
0.5,0,27.124095,-0.0056594198,0,19.878117,2.8945054e-05,0
0.5,0,27.123653,-0.0049093386,0,19.887346,2.9522504e-05,0
0.5,0,27.123387,-0.0040612111,0,19.896574,2.9935189e-05,0
0.5,0,27.123216,-0.0031554899,0,19.905803,3.0156731e-05,0
0.5,0,27.122996,-0.0022289747,0,19.915031,3.0167588e-05,0
0.5,0,27.122537,-0.0013150448,0,19.92426,2.9956086e-05,0
0.5,0,27.121619,-0.00044156758,0,19.933488,2.9518858e-05,0
0.5,0,27.120016,0.00036849682,0,19.942717,2.8860806e-05,0
0.5,0,27.11753,0.0010971952,0,19.951945,2.7994688e-05,0
0.5,0,27.11402,0.0017325365,0,19.961174,2.6940176e-05,0
0.5,0,27.109433,0.002267434,0,19.970402,2.5722559e-05,0
0.5,0,27.103821,0.0026992572,0,19.979631,2.4371299e-05,0
0.5,0,27.09735,0.0030290556,0,19.988859,2.2918581e-05,0
0.5,0,27.090285,0.0032598109,0,19.998088,2.1397989e-05,0
0.5,0,27.082964,0.0033943335,0,20.007316,1.9843394e-05,0
0.5,0,27.075751,0.0034334093,0,20.016544,1.8288053e-05,0
0.5,0,27.069007,0.0033747757,0,20.025773,1.6763879e-05,0
0.5,0,27.063043,0.0032130553,0,20.035001,1.5300827e-05,0
0.5,0,27.058107,0.0029400501,0,20.04423,1.3926238e-05,0
0.5,0,27.054378,0.0025457449,0,20.053458,1.2664198e-05,0
0.5,0,27.051977,0.0020224432,0,20.062687,1.1535087e-05,0
0.5,0,27.050994,0.0013695918,0,20.071915,1.0555441e-05,0
0.5,0,27.051501,0.00059579887,0,20.081144,9.7381743e-06,0
0.5,0,27.053548,-0.00027884323,0,20.090372,9.0927516e-06,0
0.5,0,27.057126,-0.0012242414,0,20.099601,8.6259013e-06,0
0.5,0,27.062161,-0.0022032268,0,20.108829,8.3425854e-06,0
0.5,0,27.068481,-0.003172229,0,20.118058,8.2458401e-06,0
0.5,0,27.075804,-0.0040904203,0,20.127286,8.3360459e-06,0
0.5,0,27.083732,-0.0049282033,0,20.136515,8.6099505e-06,0
0.5,0,27.09176,-0.0056665948,0,20.145743,9.0591934e-06,0
0.5,0,27.099288,-0.0062941312,0,20.154971,9.6688733e-06,0
0.5,0,27.105665,-0.0068011814,0,20.1642,1.0416785e-05,0
0.5,0,27.110227,-0.0071758023,0,20.173428,1.1273536e-05,0
0.5,0,27.112381,-0.0074015974,0,20.182657,1.2203462e-05,0
0.5,0,27.111671,-0.0074559734,0,20.191885,1.316625e-05,0
0.5,0,27.107845,-0.0073131953,0,20.201114,1.4119121e-05,0
0.5,0,27.100892,-0.0069494648,0,20.210342,1.5019507e-05,0
0.5,0,27.091025,-0.0063497365,0,20.219571,1.5827603e-05,0
0.5,0,27.078634,-0.005517827,0,20.228799,1.6508161e-05,0
0.5,0,27.064222,-0.004481612,0,20.238028,1.7031532e-05,0
0.5,0,27.048337,-0.0032934751,0,20.247256,1.7374224e-05,0
0.5,0,27.031528,-0.0020264722,0,20.256485,1.7519711e-05,0
0.5,0,27.014296,-0.00076125943,0,20.265713,1.7458899e-05,0
0.5,0,26.997094,0.00042728465,0,20.274942,1.7189912e-05,0
0.5,0,26.98033,0.0014771368,0,20.28417,1.6718894e-05,0
0.5,0,26.96436,0.0023466647,0,20.293398,1.6061472e-05,0
0.5,0,26.94947,0.0030174746,0,20.302627,1.5243612e-05,0
0.5,0,26.935836,0.0034881323,0,20.311855,1.4300981e-05,0
0.5,0,26.923543,0.0037685567,0,20.321084,1.3276258e-05,0
0.5,0,26.912611,0.0038737785,0,20.330312,1.2215242e-05,0
0.5,0,26.903015,0.0038161363,0,20.339541,1.1162694e-05,0
0.5,0,26.894714,0.0036033301,0,20.348769,1.0158519e-05,0
0.5,0,26.887663,0.0032426857,0,20.357998,9.2347911e-06,0
0.5,0,26.881829,0.0027461785,0,20.367226,8.4142408e-06,0
0.5,0,26.877198,0.0021318112,0,20.376455,7.7106933e-06,0
0.5,0,26.873777,0.0014212976,0,20.385683,7.1312819e-06,0
0.5,0,26.871602,0.00063528194,0,20.394912,6.6796884e-06,0
0.5,0,26.870736,-0.00020984724,0,20.40414,6.3593618e-06,0
0.5,0,26.87127,-0.0011013444,0,20.413369,6.1757286e-06,0
0.5,0,26.873308,-0.0020275415,0,20.422597,6.1371692e-06,0
0.5,0,26.87693,-0.0029731682,0,20.431825,6.2543576e-06,0
0.5,0,26.882152,-0.0039171915,0,20.441054,6.5384869e-06,0
0.5,0,26.888875,-0.0048336026,0,20.450282,6.9990995e-06,0
0.5,0,26.896831,-0.0056934592,0,20.459511,7.6408583e-06,0
0.5,0,26.905555,-0.0064701931,0,20.468739,8.4601129e-06,0
0.5,0,26.914374,-0.0071420869,0,20.477968,9.4426145e-06,0
0.5,0,26.922432,-0.0076887467,0,20.487196,1.0562822e-05,0
0.5,0,26.928757,-0.0080867462,0,20.496425,1.1785178e-05,0
0.5,0,26.932379,-0.0083074373,0,20.505653,1.3067204e-05,0
0.5,0,26.932469,-0.0083195705,0,20.514882,1.4363574e-05,0
0.5,0,26.92848,-0.0080988688,0,20.52411,1.5629725e-05,0
0.5,0,26.920261,-0.0076384012,0,20.533339,1.6824061e-05,0
0.5,0,26.908114,-0.0069540143,0,20.542567,1.7908657e-05,0
0.5,0,26.892773,-0.0060851717,0,20.551796,1.8848999e-05,0
0.5,0,26.875327,-0.0050892102,0,20.561024,1.9613747e-05,0
0.5,0,26.857066,-0.0040285265,0,20.570252,2.0175196e-05,0
0.5,0,26.839288,-0.0029585697,0,20.579481,2.0510746e-05,0
0.5,0,26.823123,-0.0019193067,0,20.588709,2.0604941e-05,0
0.5,0,26.809382,-0.00093051792,0,20.597938,2.045144e-05,0
0.5,0,26.798504,3.4908244e-06,0,20.607166,2.0054726e-05,0
0.5,0,26.790546,0.00088396772,0,20.616395,1.9430725e-05,0
0.5,0,26.785248,0.0017084292,0,20.625623,1.8605783e-05,0
0.5,0,26.782147,0.0024626333,0,20.634852,1.7614318e-05,0
0.5,0,26.780695,0.0031167034,0,20.64408,1.6495835e-05,0
0.5,0,26.780364,0.0036276405,0,20.653309,1.5292056e-05,0
0.5,0,26.780714,0.0039480741,0,20.662537,1.4044754e-05,0
0.5,0,26.78143,0.0040366023,0,20.671766,1.2794574e-05,0
0.5,0,26.78232,0.0038649853,0,20.680994,1.1580782e-05,0
0.5,0,26.78331,0.003422554,0,20.690223,1.0441519e-05,0
0.5,0,26.784411,0.0027180194,0,20.699451,9.4138575e-06,0
0.5,0,26.785695,0.0017784972,0,20.708679,8.5329908e-06,0
0.5,0,26.787267,0.00064709436,0,20.717908,7.8303562e-06,0
0.5,0,26.789238,-0.0006177207,0,20.727136,7.3308373e-06,0
0.5,0,26.791693,-0.001944833,0,20.736365,7.049581e-06,0
0.5,0,26.794679,-0.0032564491,0,20.745593,6.9898312e-06,0
0.5,0,26.798197,-0.0044705943,0,20.754822,7.1427808e-06,0
0.5,0,26.802198,-0.0055067331,0,20.76405,7.488863e-06,0
0.5,0,26.806598,-0.0062974749,0,20.773279,7.9999974e-06,0
0.5,0,26.811293,-0.0067996742,0,20.782507,8.6421196e-06,0
0.5,0,26.816173,-0.0070024075,0,20.791736,9.3770512e-06,0
0.5,0,26.821124,-0.0069282544,0,20.800964,1.0163766e-05,0
0.5,0,26.826034,-0.0066247244,0,20.810193,1.0959724e-05,0
0.5,0,26.830781,-0.0061483911,0,20.819421,1.1722903e-05,0
0.5,0,26.83524,-0.0055497567,0,20.82865,1.2414607e-05,0
0.5,0,26.839279,-0.0048660042,0,20.837878,1.3002371e-05,0
0.5,0,26.842767,-0.004122976,0,20.847106,1.3461847e-05,0
0.5,0,26.845586,-0.0033413606,0,20.856335,1.3776905e-05,0
0.5,0,26.847644,-0.0025408897,0,20.865563,1.39381e-05,0
0.5,0,26.848883,-0.0017384919,0,20.874792,1.3940498e-05,0
0.5,0,26.84929,-0.00094168089,0,20.88402,1.3782101e-05,0
0.5,0,26.848896,-0.00014533199,0,20.893249,1.3463642e-05,0
0.5,0,26.847771,0.00066342541,0,20.902477,1.2989445e-05,0
0.5,0,26.846001,0.0014935326,0,20.911706,1.2368349e-05,0
0.5,0,26.843669,0.0023359181,0,20.920934,1.1613763e-05,0
0.5,0,26.840852,0.0031555357,0,20.930163,1.0742812e-05,0
0.5,0,26.837613,0.0038958032,0,20.939391,9.7754166e-06,0
0.5,0,26.833999,0.0044925571,0,20.94862,8.7343018e-06,0
0.5,0,26.83005,0.0048884232,0,20.957848,7.6461414e-06,0
0.5,0,26.82582,0.0050397866,0,20.967077,6.5429394e-06,0
0.5,0,26.821393,0.0049154708,0,20.976305,5.4622047e-06,0
0.5,0,26.816897,0.0044937466,0,20.985533,4.4450945e-06,0
0.5,0,26.812497,0.0037655403,0,20.994762,3.5330087e-06,0
0.5,0,26.808397,0.0027451087,0,21.00399,2.7640712e-06,0
0.5,0,26.804825,0.0014805175,0,21.013219,2.1707277e-06,0
0.5,0,26.802019,5.4213611e-05,0,21.022447,1.7784887e-06,0
0.5,0,26.80019,-0.0014292916,0,21.031676,1.60483e-06,0
0.5,0,26.799477,-0.0028632307,0,21.040904,1.6574641e-06,0
0.5,0,26.799881,-0.0041570389,0,21.050133,1.9324263e-06,0
0.5,0,26.801236,-0.0052467411,0,21.059361,2.4135513e-06,0
0.5,0,26.803238,-0.0060953759,0,21.06859,3.074374e-06,0
0.5,0,26.805508,-0.0066889332,0,21.077818,3.8815333e-06,0
0.5,0,26.807672,-0.0070340777,0,21.087047,4.7975322e-06,0
0.5,0,26.809448,-0.0071546504,0,21.096275,5.7815682e-06,0
0.5,0,26.810691,-0.0070794679,0,21.105504,6.7894374e-06,0
0.5,0,26.811399,-0.0068227177,0,21.114732,7.774727e-06,0
0.5,0,26.811679,-0.0063714589,0,21.12396,8.6921117e-06,0
0.5,0,26.811695,-0.005693954,0,21.133189,9.5011285e-06,0
0.5,0,26.811606,-0.0047659621,0,21.142417,1.0168038e-05,0
0.5,0,26.811517,-0.0035969868,0,21.151646,1.0664971e-05,0
0.5,0,26.811448,-0.0022387585,0,21.160874,1.0967877e-05,0
0.5,0,26.811336,-0.0007711,0,21.170103,1.105581e-05,0
0.5,0,26.811067,0.00072253151,0,21.179331,1.0913071e-05,0
0.5,0,26.810537,0.0021695098,0,21.18856,1.0533425e-05,0
0.5,0,26.809712,0.0035061696,0,21.197788,9.923882e-06,0
0.5,0,26.80865,0.0046718235,0,21.207017,9.1060931e-06,0
0.5,0,26.807461,0.005610778,0,21.216245,8.1156931e-06,0
0.5,0,26.80624,0.0062781176,0,21.225474,7.0007842e-06,0
0.5,0,26.80499,0.0066381937,0,21.234702,5.819583e-06,0
0.5,0,26.803614,0.0066584131,0,21.243931,4.6363802e-06,0
0.5,0,26.801942,0.0063114884,0,21.253159,3.5158578e-06,0
0.5,0,26.7998,0.005587605,0,21.262387,2.5176527e-06,0
0.5,0,26.797158,0.0045023665,0,21.271616,1.6922107e-06,0
0.5,0,26.794222,0.0031058974,0,21.280844,1.0764973e-06,0
0.5,0,26.791343,0.0014890144,0,21.290073,6.9030452e-07,0
0.5,0,26.788898,-0.0002412093,0,21.299301,5.3838435e-07,0
0.5,0,26.787206,-0.0019751063,0,21.30853,6.1745812e-07,0
0.5,0,26.786391,-0.0035810806,0,21.317758,9.1852002e-07,0
0.5,0,26.786264,-0.0049290921,0,21.326987,1.4243275e-06,0
0.5,0,26.786379,-0.0059531074,0,21.336215,2.1106887e-06,0
0.5,0,26.786204,-0.0066637866,0,21.345444,2.9509798e-06,0
0.5,0,26.785172,-0.0071076001,0,21.354672,3.9181988e-06,0
0.5,0,26.782938,-0.0072859396,0,21.363901,4.9846798e-06,0
0.5,0,26.78001,-0.0072305057,0,21.373129,6.1218164e-06,0
0.5,0,26.77659,-0.0070193965,0,21.382358,7.2997011e-06,0
0.5,0,26.772474,-0.0066891111,0,21.391586,8.4861008e-06,0
0.5,0,26.767938,-0.0062602687,0,21.400815,9.6458104e-06,0
0.5,0,26.763223,-0.0057389278,0,21.410043,1.0741144e-05,0
0.5,0,26.758524,-0.005120312,0,21.419271,1.1733313e-05,0
0.5,0,26.753991,-0.0043927767,0,21.4285,1.2584578e-05,0
0.5,0,26.74974,-0.0035430378,0,21.437728,1.3260823e-05,0
0.5,0,26.74589,-0.0025608965,0,21.446957,1.3734247e-05,0
0.5,0,26.742588,-0.001445152,0,21.456185,1.3986228e-05,0
0.5,0,26.740005,-0.00021099811,0,21.465414,1.400941e-05,0
0.5,0,26.738305,0.0011019897,0,21.474642,1.3808181e-05,0
0.5,0,26.737604,0.0024240073,0,21.483871,1.3397818e-05,0
0.5,0,26.737938,0.0036582301,0,21.493099,1.2802836e-05,0
0.5,0,26.739256,0.0046971884,0,21.502328,1.2055064e-05,0
0.5,0,26.741441,0.0054468829,0,21.511556,1.1192085e-05,0
0.5,0,26.744329,0.0058460712,0,21.520785,1.0256285e-05,0
0.5,0,26.747749,0.0058720358,0,21.530013,9.2941802e-06,0
0.5,0,26.751561,0.0055333587,0,21.539242,8.3553861e-06,0
0.5,0,26.755698,0.0048572728,0,21.54847,7.4906778e-06,0
0.5,0,26.760152,0.003881432,0,21.557698,6.7491403e-06,0
0.5,0,26.764854,0.0026560798,0,21.566927,6.1749145e-06,0
0.5,0,26.769725,0.0012517205,0,21.576155,5.804005e-06,0
0.5,0,26.774549,-0.0002371721,0,21.585384,5.6617846e-06,0
0.5,0,26.778921,-0.0017000365,0,21.594612,5.7608701e-06,0
0.5,0,26.782481,-0.0030292439,0,21.603841,6.09916e-06,0
0.5,0,26.784935,-0.0041387264,0,21.613069,6.6588182e-06,0
0.5,0,26.786129,-0.0049760303,0,21.622298,7.4065093e-06,0
0.5,0,26.786073,-0.0055234312,0,21.631526,8.2952533e-06,0
0.5,0,26.784896,-0.0057868082,0,21.640755,9.2681102e-06,0
0.5,0,26.782799,-0.0057805645,0,21.649983,1.0263368e-05,0
0.5,0,26.780034,-0.005518381,0,21.659212,1.1220286e-05,0
0.5,0,26.776923,-0.0050118622,0,21.66844,1.2084071e-05,0
0.5,0,26.773896,-0.0042846617,0,21.677669,1.2809098e-05,0
0.5,0,26.771288,-0.0033740026,0,21.686897,1.3359765e-05,0
0.5,0,26.769408,-0.0023321354,0,21.696125,1.3710171e-05,0
0.5,0,26.768538,-0.0012223207,0,21.705354,1.3844022e-05,0
0.5,0,26.768706,-9.6894396e-05,0,21.714582,1.3755132e-05,0
0.5,0,26.769763,0.0010057582,0,21.723811,1.3448267e-05,0
0.5,0,26.771403,0.0020547968,0,21.733039,1.2938875e-05,0
0.5,0,26.773216,0.0030170162,0,21.742268,1.2250938e-05,0
0.5,0,26.774769,0.0038519833,0,21.751496,1.1413615e-05,0
0.5,0,26.775697,0.0045174276,0,21.760725,1.0458638e-05,0
0.5,0,26.775762,0.004979259,0,21.769953,9.4200437e-06,0
0.5,0,26.774861,0.0052159715,0,21.779182,8.3357569e-06,0
0.5,0,26.772994,0.0052136206,0,21.78841,7.2487031e-06,0
0.5,0,26.770223,0.0049569228,0,21.797639,6.2051631e-06,0
0.5,0,26.766672,0.0044284014,0,21.806867,5.2502425e-06,0
0.5,0,26.762547,0.0036213518,0,21.816096,4.4227417e-06,0
0.5,0,26.758163,0.002559036,0,21.825324,3.752286e-06,0
0.5,0,26.753926,0.001304919,0,21.834552,3.2596145e-06,0
0.5,0,26.750253,-4.6691246e-05,0,21.843781,2.9581501e-06,0
0.5,0,26.747465,-0.0013943052,0,21.853009,2.8537733e-06,0
0.5,0,26.745698,-0.0026517932,0,21.862238,2.9418041e-06,0
0.5,0,26.744916,-0.003755105,0,21.871466,3.2038646e-06,0
0.5,0,26.744992,-0.0046505512,0,21.880695,3.6081213e-06,0
0.5,0,26.745819,-0.0052807827,0,21.889923,4.1140071e-06,0
0.5,0,26.747345,-0.0055890411,0,21.899152,4.6789487e-06,0
0.5,0,26.74953,-0.0055449374,0,21.90838,5.2625066e-06,0
0.5,0,26.752264,-0.005169865,0,21.917609,5.8256051e-06,0
0.5,0,26.755326,-0.0045334216,0,21.926837,6.3274945e-06,0
0.5,0,26.758404,-0.0037168988,0,21.936066,6.7257143e-06,0
0.5,0,26.761172,-0.0027762057,0,21.945294,6.9814764e-06,0
0.5,0,26.763347,-0.0017377125,0,21.954523,7.0670384e-06,0
0.5,0,26.764728,-0.00062155017,0,21.963751,6.9694249e-06,0
0.5,0,26.765222,0.00053260576,0,21.972979,6.6881821e-06,0
0.5,0,26.764843,0.0016544825,0,21.982208,6.2286841e-06,0
0.5,0,26.763721,0.0026738229,0,21.991436,5.5958856e-06,0
0.5,0,26.762021,0.0035773856,0,22.000665,4.7959673e-06,0
0.5,0,26.759835,0.0043967827,0,22.009893,3.8450253e-06,0
0.5,0,26.75723,0.0051068139,0,22.019122,2.7728601e-06,0
0.5,0,26.754374,0.0055091734,0,22.02835,1.6138127e-06,0
0.5,0,26.751817,0.0051684088,0,22.037579,4.0056631e-07,0
0.5,0,26.759136,-0.0072768849,0,22.185234,1.1508644e-08,0
0.5,0,26.765827,-0.0065769002,0,22.194463,5.6195295e-07,0
0.5,0,26.77257,-0.0052393586,0,22.203691,9.1354286e-07,0
0.5,0,26.778356,-0.0034319964,0,22.21292,1.0321747e-06,0
0.5,0,26.782703,-0.0015193421,0,22.222148,9.0444394e-07,0
0.5,0,26.785733,0.00013535837,0,22.231377,5.3611707e-07,0
0.5,0,26.812158,-0.0075653275,0,22.425174,3.8384346e-07,0
0.5,0,26.818006,-0.0067931852,0,22.434403,1.0706188e-06,0
0.5,0,26.823599,-0.005490568,0,22.443631,1.6113464e-06,0
0.5,0,26.82825,-0.0040086608,0,22.45286,1.9786008e-06,0
0.5,0,26.83171,-0.0025370035,0,22.462088,2.1502561e-06,0
0.5,0,26.833874,-0.0011365568,0,22.471317,2.1166338e-06,0
0.5,0,26.834687,0.00017370519,0,22.480545,1.8854195e-06,0
0.5,0,26.834212,0.0013260713,0,22.489774,1.4781549e-06,0
0.5,0,26.83267,0.0021264803,0,22.499002,9.2000355e-07,0
0.5,0,26.830699,0.002260572,0,22.508231,2.3470494e-07,0
0.5,0,26.880656,-0.0073125738,0,22.646658,3.9264586e-07,0
0.5,0,26.889142,-0.0067851763,0,22.655886,1.0689883e-06,0
0.5,0,26.896523,-0.0056657157,0,22.665114,1.6195844e-06,0
0.5,0,26.901947,-0.0042886397,0,22.674343,2.0022204e-06,0
0.5,0,26.905115,-0.0028286133,0,22.683571,2.1852926e-06,0
0.5,0,26.905986,-0.0013562988,0,22.6928,2.155535e-06,0
0.5,0,26.904672,7.3579745e-05,0,22.702028,1.9218214e-06,0
0.5,0,26.901423,0.0013460345,0,22.711257,1.5087497e-06,0
0.5,0,26.896578,0.0022434398,0,22.720485,9.4506466e-07,0
0.5,0,26.890769,0.002452182,0,22.729714,2.6156786e-07,0
0.5,0,26.829697,-0.0092948438,0,22.831227,4.7105873e-07,0
0.5,0,26.831144,-0.0099711804,0,22.840455,1.5774953e-06,0
0.5,0,26.833852,-0.0097046628,0,22.849684,2.7138248e-06,0
0.5,0,26.836742,-0.0088603766,0,22.858912,3.8181019e-06,0
0.5,0,26.839312,-0.0076668536,0,22.868141,4.8348302e-06,0
0.5,0,26.841455,-0.0062555431,0,22.877369,5.7168016e-06,0
0.5,0,26.843223,-0.004729574,0,22.886598,6.4286298e-06,0
0.5,0,26.844685,-0.0031782248,0,22.895826,6.9484299e-06,0
0.5,0,26.845859,-0.0016818423,0,22.905055,7.2682844e-06,0
0.5,0,26.846713,-0.00031131067,0,22.914283,7.393907e-06,0
0.5,0,26.847194,0.00087482304,0,22.923512,7.3432877e-06,0
0.5,0,26.847257,0.0018305046,0,22.93274,7.1446184e-06,0
0.5,0,26.846894,0.002520985,0,22.941968,6.8339419e-06,0
0.5,0,26.846148,0.0029229998,0,22.951197,6.4527034e-06,0
0.5,0,26.845102,0.0030253694,0,22.960425,6.0453057e-06,0
0.5,0,26.843868,0.0028295754,0,22.969654,5.6567804e-06,0
0.5,0,26.842556,0.0023516726,0,22.978882,5.3305769e-06,0
0.5,0,26.841265,0.0016251114,0,22.988111,5.1063986e-06,0
0.5,0,26.840079,0.00070105485,0,22.997339,5.0181251e-06,0
0.5,0,26.839072,-0.00035553461,0,23.006568,5.0919866e-06,0
0.5,0,26.838311,-0.0014725399,0,23.015796,5.3452102e-06,0
0.5,0,26.837843,-0.002578911,0,23.025025,5.7855551e-06,0
0.5,0,26.837688,-0.0036097427,0,23.034253,6.4113877e-06,0
0.5,0,26.837831,-0.00450991,0,23.043482,7.2115292e-06,0
0.5,0,26.83823,-0.0052366898,0,23.05271,8.1653312e-06,0
0.5,0,26.838818,-0.005755165,0,23.061939,9.2430102e-06,0
0.5,0,26.839518,-0.0060331101,0,23.071167,1.0405965e-05,0
0.5,0,26.84026,-0.0060424601,0,23.080395,1.1607591e-05,0
0.5,0,26.841003,-0.0057632268,0,23.089624,1.2794713e-05,0
0.5,0,26.841739,-0.0051845279,0,23.098852,1.3910028e-05,0
0.5,0,26.84247,-0.0043092021,0,23.108081,1.4895994e-05,0
0.5,0,26.843202,-0.0031671932,0,23.117309,1.5699934e-05,0
0.5,0,26.843919,-0.0018253241,0,23.126538,1.6280017e-05,0
0.5,0,26.844564,-0.00038399954,0,23.135766,1.6611124e-05,0
0.5,0,26.845041,0.0010355978,0,23.144995,1.6688963e-05,0
0.5,0,26.845254,0.0023090876,0,23.154223,1.6531382e-05,0
0.5,0,26.845148,0.0033264212,0,23.163452,1.6176739e-05,0
0.5,0,26.844734,0.0040037679,0,23.17268,1.5679971e-05,0
0.5,0,26.844105,0.0042890804,0,23.181909,1.5107246e-05,0
0.5,0,26.843389,0.0041635973,0,23.191137,1.452986e-05,0
0.5,0,26.842739,0.0036444688,0,23.200366,1.4017657e-05,0
0.5,0,26.842287,0.0027864757,0,23.209594,1.3632445e-05,0
0.5,0,26.842098,0.0016769738,0,23.218822,1.342225e-05,0
0.5,0,26.842193,0.00042602922,0,23.228051,1.3417129e-05,0
0.5,0,26.842558,-0.00084622895,0,23.237279,1.3627131e-05,0
0.5,0,26.843161,-0.0020233625,0,23.246508,1.4042364e-05,0
0.5,0,26.843986,-0.0030052442,0,23.255736,1.463484e-05,0
0.5,0,26.845034,-0.0037160259,0,23.264965,1.5361721e-05,0
0.5,0,26.846323,-0.004108128,0,23.274193,1.6169634e-05,0
0.5,0,26.847863,-0.0041643159,0,23.283422,1.6999795e-05,0
0.5,0,26.849648,-0.0038958542,0,23.29265,1.7793317e-05,0
0.5,0,26.851647,-0.0033378898,0,23.301879,1.8496026e-05,0
0.5,0,26.853812,-0.0025447085,0,23.311107,1.906246e-05,0
0.5,0,26.856096,-0.001584515,0,23.320336,1.9458902e-05,0
0.5,0,26.858464,-0.00053395643,0,23.329564,1.9665341e-05,0
0.5,0,26.860893,0.00052693589,0,23.338793,1.9676402e-05,0
0.5,0,26.863364,0.0015200081,0,23.348021,1.9501226e-05,0
0.5,0,26.865847,0.0023742538,0,23.357249,1.9162299e-05,0
0.5,0,26.868293,0.0030312415,0,23.366478,1.8693254e-05,0
0.5,0,26.870642,0.0034505538,0,23.375706,1.8135712e-05,0
0.5,0,26.872833,0.0036136348,0,23.384935,1.7535421e-05,0
0.5,0,26.87482,0.0035245605,0,23.394163,1.6938198e-05,0
0.5,0,26.876577,0.0032070875,0,23.403392,1.6386254e-05,0
0.5,0,26.878092,0.0026987655,0,23.41262,1.5915447e-05,0
0.5,0,26.879349,0.0020436653,0,23.421849,1.5553758e-05,0
0.5,0,26.880313,0.001286087,0,23.431077,1.5320938e-05,0
0.5,0,26.880926,0.00046694978,0,23.440306,1.5228933e-05,0
0.5,0,26.881121,-0.0003761692,0,23.449534,1.5282633e-05,0
0.5,0,26.880848,-0.0012069817,0,23.458763,1.5480511e-05,0
0.5,0,26.880091,-0.0019887177,0,23.467991,1.5814858e-05,0
0.5,0,26.878887,-0.0026821934,0,23.47722,1.6271617e-05,0
0.5,0,26.877316,-0.0032465254,0,23.486448,1.6830213e-05,0
0.5,0,26.875484,-0.0036425259,0,23.495676,1.7463699e-05,0
0.5,0,26.8735,-0.0038357192,0,23.504905,1.8139286e-05,0
0.5,0,26.871458,-0.003800645,0,23.514133,1.8819484e-05,0
0.5,0,26.86943,-0.0035265225,0,23.523362,1.9464124e-05,0
0.5,0,26.86747,-0.0030216209,0,23.53259,2.0033232e-05,0
0.5,0,26.865627,-0.0023158142,0,23.541819,2.0490572e-05,0
0.5,0,26.86395,-0.0014618277,0,23.551047,2.0807527e-05,0
0.5,0,26.862491,-0.00053352502,0,23.560276,2.0966822e-05,0
0.5,0,26.861308,0.00037990726,0,23.569504,2.0965436e-05,0
0.5,0,26.86046,0.0011828908,0,23.578733,2.0816107e-05,0
0.5,0,26.860006,0.0017844756,0,23.587961,2.0547066e-05,0
0.5,0,26.86001,0.0021100859,0,23.59719,2.0199929e-05,0
0.5,0,26.860543,0.0021119742,0,23.606418,1.9825867e-05,0
0.5,0,26.861693,0.001777388,0,23.615647,1.9480324e-05,0
0.5,0,26.86356,0.0011328347,0,23.624875,1.9216842e-05,0
0.5,0,26.866253,0.00024249219,0,23.634103,1.9080874e-05,0
0.5,0,26.869861,-0.00079805144,0,23.643332,1.9104424e-05,0
0.5,0,26.874432,-0.0018720355,0,23.65256,1.9301916e-05,0
0.5,0,26.879937,-0.0028592207,0,23.661789,1.9668148e-05,0
0.5,0,26.88625,-0.0036560732,0,23.671017,2.0179288e-05,0
0.5,0,26.893146,-0.0041843001,0,23.680246,2.0796047e-05,0
0.5,0,26.900305,-0.0043933256,0,23.689474,2.1467903e-05,0
0.5,0,26.907341,-0.004265061,0,23.698703,2.2138052e-05,0
0.5,0,26.913859,-0.0038145987,0,23.707931,2.2748683e-05,0
0.5,0,26.919508,-0.003083086,0,23.71716,2.3245901e-05,0
0.5,0,26.924024,-0.0021306861,0,23.726388,2.3583946e-05,0
0.5,0,26.92728,-0.0010368809,0,23.735617,2.3729236e-05,0
0.5,0,26.929288,0.00010269425,0,23.744845,2.3663778e-05,0
0.5,0,26.930189,0.0011863244,0,23.754074,2.3386845e-05,0
0.5,0,26.930216,0.0021184248,0,23.763302,2.2914853e-05,0
0.5,0,26.92965,0.0028207907,0,23.77253,2.2279541e-05,0
0.5,0,26.928768,0.0032396834,0,23.781759,2.1524593e-05,0
0.5,0,26.927816,0.0033495998,0,23.790987,2.0701268e-05,0
0.5,0,26.926992,0.0031540649,0,23.800216,1.9863587e-05,0
0.5,0,26.926455,0.0026833953,0,23.809444,1.9063592e-05,0
0.5,0,26.926327,0.0019896036,0,23.818673,1.8347128e-05,0
0.5,0,26.926698,0.0011401173,0,23.827901,1.7750513e-05,0
0.5,0,26.927618,0.00021123841,0,23.83713,1.7298286e-05,0
0.5,0,26.929086,-0.00071918707,0,23.846358,1.7002181e-05,0
0.5,0,26.931047,-0.0015784447,0,23.855587,1.6861271e-05,0
0.5,0,26.933394,-0.0023043138,0,23.864815,1.6862928e-05,0
0.5,0,26.93598,-0.0028504021,0,23.874044,1.698448e-05,0
0.5,0,26.938642,-0.0031888105,0,23.883272,1.7195404e-05,0
0.5,0,26.941235,-0.0033090736,0,23.892501,1.7459884e-05,0
0.5,0,26.943652,-0.0032154359,0,23.901729,1.7739554e-05,0
0.5,0,26.945843,-0.0029246201,0,23.910957,1.7996254e-05,0
0.5,0,26.947821,-0.002462754,0,23.920186,1.8194734e-05,0
0.5,0,26.949644,-0.0018629676,0,23.929414,1.8305076e-05,0
0.5,0,26.951405,-0.0011662234,0,23.938643,1.8304895e-05,0
0.5,0,26.953212,-0.00042204263,0,23.947871,1.818143e-05,0
0.5,0,26.955168,0.0003116859,0,23.9571,1.7933063e-05,0
0.5,0,26.957367,0.00097251868,0,23.966328,1.7570113e-05,0
0.5,0,26.95988,0.001498282,0,23.975557,1.7114742e-05,0
0.5,0,26.96276,0.0018315638,0,23.984785,1.6599831e-05,0
0.5,0,26.966043,0.0019269127,0,23.994014,1.6066652e-05,0
0.5,0,26.969748,0.0017586721,0,24.003242,1.5561126e-05,0
0.5,0,26.973878,0.0013278085,0,24.012471,1.5129098e-05,0
0.5,0,26.97842,0.00066565475,0,24.021699,1.4811532e-05,0
0.5,0,26.983345,-0.00016619227,0,24.030928,1.4639848e-05,0
0.5,0,26.988614,-0.0010827582,0,24.040156,1.4632057e-05,0
0.5,0,26.994169,-0.0019926685,0,24.049384,1.4791062e-05,0
0.5,0,26.999933,-0.0028121322,0,24.058613,1.5104757e-05,0
0.5,0,27.005818,-0.003469911,0,24.067841,1.5547452e-05,0
0.5,0,27.011706,-0.0039140965,0,24.07707,1.608264e-05,0
0.5,0,27.017461,-0.0041152205,0,24.086298,1.6666469e-05,0
0.5,0,27.022919,-0.0040633156,0,24.095527,1.7251434e-05,0
0.5,0,27.027891,-0.003765969,0,24.104755,1.7790093e-05,0
0.5,0,27.032172,-0.0032473518,0,24.113984,1.8238691e-05,0
0.5,0,27.035559,-0.002550434,0,24.123212,1.8560863e-05,0
0.5,0,27.037884,-0.0017364587,0,24.132441,1.8731211e-05,0
0.5,0,27.03904,-0.00087831766,0,24.141669,1.8738036e-05,0
0.5,0,27.039014,-5.8477841e-05,0,24.150898,1.8585177e-05,0
0.5,0,27.037907,0.00063672317,0,24.160126,1.8292512e-05,0
0.5,0,27.035929,0.0011318165,0,24.169355,1.7894359e-05,0
0.5,0,27.033357,0.0013723318,0,24.178583,1.7436007e-05,0
0.5,0,27.030486,0.0013285315,0,24.187811,1.6969003e-05,0
0.5,0,27.027571,0.001002031,0,24.19704,1.6545388e-05,0
0.5,0,27.024786,0.00043248409,0,24.206268,1.621139e-05,0
0.5,0,27.022192,-0.0003075763,0,24.215497,1.6001847e-05,0
0.5,0,27.019704,-0.0011309951,0,24.224725,1.5936746e-05,0
0.5,0,27.017126,-0.0019437857,0,24.233954,1.6019713e-05,0
0.5,0,27.014186,-0.0026433946,0,24.243182,1.6237014e-05,0
0.5,0,27.01057,-0.0031370132,0,24.252411,1.6558236e-05,0
0.5,0,27.005999,-0.0033591217,0,24.261639,1.6939677e-05,0
0.5,0,27.000273,-0.0032752875,0,24.270868,1.7329309e-05,0
0.5,0,26.993316,-0.0028848081,0,24.280096,1.7672305e-05,0
0.5,0,26.985205,-0.0022236455,0,24.289325,1.7917185e-05,0
0.5,0,26.976147,-0.0013578509,0,24.298553,1.8021516e-05,0
0.5,0,26.966441,-0.00036913094,0,24.307782,1.7955604e-05,0
0.5,0,26.956427,0.0006495669,0,24.31701,1.7704982e-05,0
0.5,0,26.946436,0.0015971351,0,24.326238,1.7272245e-05,0
0.5,0,26.93676,0.0023761686,0,24.335467,1.6677433e-05,0
0.5,0,26.927623,0.0029072056,0,24.344695,1.5956168e-05,0
0.5,0,26.919164,0.0031373435,0,24.353924,1.5155689e-05,0
0.5,0,26.91146,0.0030458494,0,24.363152,1.4329575e-05,0
0.5,0,26.904543,0.0026488474,0,24.372381,1.3531701e-05,0
0.5,0,26.898414,0.0019982361,0,24.381609,1.2810079e-05,0
0.5,0,26.893046,0.0011739677,0,24.390838,1.2201705e-05,0
0.5,0,26.888396,0.000271378,0,24.400066,1.1729371e-05,0
0.5,0,26.8844,-0.00061316364,0,24.409295,1.1400721e-05,0
0.5,0,26.880972,-0.0013952015,0,24.418523,1.1209336e-05,0
0.5,0,26.878006,-0.0020105818,0,24.427752,1.1137234e-05,0
0.5,0,26.875381,-0.0024174947,0,24.43698,1.1157916e-05,0
0.5,0,26.872964,-0.0025953441,0,24.446209,1.1239445e-05,0
0.5,0,26.870626,-0.0025425099,0,24.455437,1.1347388e-05,0
0.5,0,26.868251,-0.0022737131,0,24.464665,1.1447533e-05,0
0.5,0,26.865742,-0.0018185114,0,24.473894,1.150853e-05,0
0.5,0,26.863025,-0.0012209974,0,24.483122,1.1504403e-05,0
0.5,0,26.860053,-0.00053936168,0,24.492351,1.141695e-05,0
0.5,0,26.856812,0.00015604858,0,24.501579,1.1238014e-05,0
0.5,0,26.85331,0.00078686614,0,24.510808,1.0970984e-05,0
0.5,0,26.849582,0.0012749866,0,24.520036,1.0631083e-05,0
0.5,0,26.84569,0.0015529,0,24.529265,1.0244226e-05,0
0.5,0,26.841727,0.001573395,0,24.538493,9.844417e-06,0
0.5,0,26.837819,0.0013171633,0,24.547722,9.4699899e-06,0
0.5,0,26.834121,0.00079655134,0,24.55695,9.1592315e-06,0
0.5,0,26.83081,5.4254263e-05,0,24.566179,8.9461171e-06,0
0.5,0,26.828065,-0.0008420956,0,24.575407,8.8566418e-06,0
0.5,0,26.82605,-0.0018074576,0,24.584636,8.9059123e-06,0
0.5,0,26.824892,-0.0027491727,0,24.593864,9.0963177e-06,0
0.5,0,26.82467,-0.0035762584,0,24.603092,9.417086e-06,0
0.5,0,26.825404,-0.004208162,0,24.612321,9.8450557e-06,0
0.5,0,26.827061,-0.0045834327,0,24.621549,1.0346582e-05,0
0.5,0,26.82957,-0.0046664571,0,24.630778,1.0880718e-05,0
0.5,0,26.832835,-0.0044525017,0,24.640006,1.1403327e-05,0
0.5,0,26.836754,-0.0039702783,0,24.649235,1.18718e-05,0
0.5,0,26.841232,-0.0032783261,0,24.658463,1.2249861e-05,0
0.5,0,26.846172,-0.0024560156,0,24.667692,1.2511408e-05,0
0.5,0,26.851489,-0.0015935919,0,24.67692,1.2643419e-05,0
0.5,0,26.857103,-0.00078442457,0,24.686149,1.264783e-05,0
0.5,0,26.862931,-0.0001161919,0,24.695377,1.2541386e-05,0
0.5,0,26.868894,0.00034246502,0,24.704606,1.2353146e-05,0
0.5,0,26.874908,0.00055115483,0,24.713834,1.2120424e-05,0
0.5,0,26.880881,0.00050001524,0,24.723063,1.1884198e-05,0
0.5,0,26.88671,0.00020953815,0,24.732291,1.1684349e-05,0
0.5,0,26.892269,-0.00027219292,0,24.741519,1.1554937e-05,0
0.5,0,26.897412,-0.00087445924,0,24.750748,1.152e-05,0
0.5,0,26.901963,-0.0015121196,0,24.759976,1.1590559e-05,0
0.5,0,26.90573,-0.0020968763,0,24.769205,1.1763247e-05,0
0.5,0,26.908515,-0.0025471658,0,24.778433,1.202055e-05,0
0.5,0,26.910146,-0.0027968608,0,24.787662,1.2332598e-05,0
0.5,0,26.910509,-0.0028028652,0,24.79689,1.2660514e-05,0
0.5,0,26.909575,-0.002550362,0,24.806119,1.2960963e-05,0
0.5,0,26.907419,-0.0020578343,0,24.815347,1.319162e-05,0
0.5,0,26.904213,-0.0013751236,0,24.824576,1.3316596e-05,0
0.5,0,26.900197,-0.00057274988,0,24.833804,1.3310681e-05,0
0.5,0,26.895651,0.00026440439,0,24.843033,1.3162458e-05,0
0.5,0,26.890871,0.0010432802,0,24.852261,1.2876154e-05,0
0.5,0,26.886133,0.0016770415,0,24.86149,1.2471367e-05,0
0.5,0,26.881673,0.0020991761,0,24.870718,1.1980199e-05,0
0.5,0,26.877675,0.0022712096,0,24.879946,1.1442613e-05,0
0.5,0,26.874266,0.0021850661,0,24.889175,1.0901256e-05,0
0.5,0,26.871526,0.0018618634,0,24.898403,1.0396505e-05,0
0.5,0,26.869485,0.001347709,0,24.907632,9.9622185e-06,0
0.5,0,26.868136,0.00070665611,0,24.91686,9.6226196e-06,0
0.5,0,26.867431,1.1404094e-05,0,24.926089,9.3906401e-06,0
0.5,0,26.867294,-0.00066566879,0,24.935317,9.2677946e-06,0
0.5,0,26.867616,-0.0012597808,0,24.944546,9.245207e-06,0
0.5,0,26.868273,-0.0017202456,0,24.953774,9.3055173e-06,0
0.5,0,26.869126,-0.0020148054,0,24.963003,9.4254612e-06,0
0.5,0,26.870035,-0.0021309789,0,24.972231,9.5786641e-06,0
0.5,0,26.87087,-0.002076203,0,24.98146,9.7385187e-06,0
0.5,0,26.871513,-0.0018767922,0,24.990688,9.8810929e-06,0
0.5,0,26.871873,-0.0015745224,0,24.999917,9.9876781e-06,0
0.5,0,26.871886,-0.0012209868,0,25.009145,1.0046639e-05,0
0.5,0,26.871528,-0.00087178921,0,25.018373,1.0054494e-05,0
0.5,0,26.870813,-0.00058072948,0,25.027602,1.0016107e-05,0
0.5,0,26.869791,-0.00039326069,0,25.03683,9.9438509e-06,0
0.5,0,26.868545,-0.00034163542,0,25.046059,9.8559071e-06,0
0.5,0,26.867174,-0.00044064672,0,25.055287,9.7740296e-06,0
0.5,0,26.865784,-0.00068550374,0,25.064516,9.7208825e-06,0
0.5,0,26.864471,-0.0010528981,0,25.073744,9.7171893e-06,0
0.5,0,26.863311,-0.0015027522,0,25.082973,9.7790281e-06,0
0.5,0,26.862347,-0.0019825954,0,25.092201,9.9155066e-06,0
0.5,0,26.861583,-0.0024334845,0,25.10143,1.0127114e-05,0
0.5,0,26.86099,-0.0027967916,0,25.110658,1.0405271e-05,0
0.5,0,26.860518,-0.0030226544,0,25.119887,1.0733181e-05,0
0.5,0,26.860108,-0.0030778282,0,25.129115,1.1087781e-05,0
0.5,0,26.859716,-0.0029509944,0,25.138344,1.1442657e-05,0
0.5,0,26.859326,-0.0026551076,0,25.147572,1.1771386e-05,0
0.5,0,26.858962,-0.0022256072,0,25.1568,1.2050745e-05,0
0.5,0,26.85869,-0.001713519,0,25.166029,1.2263512e-05,0
0.5,0,26.858617,-0.001176865,0,25.175257,1.2400526e-05,0
0.5,0,26.858877,-0.00067357599,0,25.184486,1.2461397e-05,0
0.5,0,26.859625,-0.00025555708,0,25.193714,1.245393e-05,0
0.5,0,26.861025,3.6942528e-05,0,25.202943,1.2392592e-05,0
0.5,0,26.863237,0.00018026998,0,25.212171,1.2296195e-05,0
0.5,0,26.866407,0.00016982256,0,25.2214,1.2185242e-05,0
0.5,0,26.870644,2.0443167e-05,0,25.230628,1.207945e-05,0
0.5,0,26.875993,-0.00023496587,0,25.239857,1.1995281e-05,0
0.5,0,26.882431,-0.00055074072,0,25.249085,1.1943553e-05,0
0.5,0,26.889857,-0.0008734513,0,25.258314,1.1927836e-05,0
0.5,0,26.898093,-0.0011455155,0,25.267542,1.1943849e-05,0
0.5,0,26.90688,-0.0013138311,0,25.276771,1.1979769e-05,0
0.5,0,26.915893,-0.0013384044,0,25.285999,1.2017365e-05,0
0.5,0,26.924762,-0.0011984645,0,25.295227,1.2034898e-05,0
0.5,0,26.933095,-0.00089807422,0,25.304456,1.2011036e-05,0
0.5,0,26.940488,-0.00046549599,0,25.313684,1.1928002e-05,0
0.5,0,26.946562,5.2499956e-05,0,25.322913,1.1774266e-05,0
0.5,0,26.950988,0.00059624681,0,25.332141,1.1546775e-05,0
0.5,0,26.953529,0.0010998586,0,25.34137,1.1252001e-05,0
0.5,0,26.954082,0.0014994402,0,25.350598,1.0905574e-05,0
0.5,0,26.95271,0.0017417416,0,25.359827,1.0530572e-05,0
0.5,0,26.949665,0.0017924865,0,25.369055,1.0154803e-05,0
0.5,0,26.945362,0.0016421656,0,25.378284,9.8073279e-06,0
0.5,0,26.94031,0.0013063824,0,25.387512,9.5147492e-06,0
0.5,0,26.935018,0.00082200272,0,25.396741,9.2980861e-06,0
0.5,0,26.929929,0.00024323937,0,25.405969,9.1704448e-06,0
0.5,0,26.925347,-0.00036475629,0,25.415198,9.1358023e-06,0
0.5,0,26.921414,-0.00093617289,0,25.424426,9.1890248e-06,0
0.5,0,26.918128,-0.0014139579,0,25.433654,9.3168596e-06,0
0.5,0,26.915372,-0.0017567097,0,25.442883,9.4999583e-06,0
0.5,0,26.912968,-0.0019428601,0,25.452111,9.7155657e-06,0
0.5,0,26.910727,-0.0019711457,0,25.46134,9.9404587e-06,0
0.5,0,26.908502,-0.0018603878,0,25.470568,1.0153837e-05,0
0.5,0,26.906203,-0.001646793,0,25.479797,1.0339753e-05,0
0.5,0,26.903821,-0.0013773732,0,25.489025,1.0488829e-05,0
0.5,0,26.901415,-0.0011028241,0,25.498254,1.0599112e-05,0
0.5,0,26.899097,-0.00087028222,0,25.507482,1.0675966e-05,0
0.5,0,26.897,-0.0007168788,0,25.516711,1.073088e-05,0
0.5,0,26.895252,-0.00066501858,0,25.525939,1.0779296e-05,0
0.5,0,26.893951,-0.00071898631,0,25.535168,1.0837805e-05,0
0.5,0,26.893153,-0.00086458363,0,25.544396,1.0921171e-05,0
0.5,0,26.892861,-0.0010722314,0,25.553625,1.1039564e-05,0
0.5,0,26.893025,-0.001301061,0,25.562853,1.119657e-05,0
0.5,0,26.893566,-0.0015046107,0,25.572081,1.1388275e-05,0
0.5,0,26.894378,-0.0016395023,0,25.58131,1.1603336e-05,0
0.5,0,26.895354,-0.0016730965,0,25.590538,1.1824211e-05,0
0.5,0,26.896395,-0.0015858504,0,25.599767,1.2029173e-05,0
0.5,0,26.89743,-0.0013726612,0,25.608995,1.2194978e-05,0
0.5,0,26.898419,-0.0010449148,0,25.618224,1.2299919e-05,0
0.5,0,26.899351,-0.00062968826,0,25.627452,1.232645e-05,0
0.5,0,26.900248,-0.00016543175,0,25.636681,1.2263325e-05,0
0.5,0,26.901152,0.00030407444,0,25.645909,1.2107085e-05,0
0.5,0,26.90212,0.00073498442,0,25.655138,1.1862432e-05,0
0.5,0,26.903219,0.0010882959,0,25.664366,1.1541647e-05,0
0.5,0,26.904513,0.001334634,0,25.673595,1.1163166e-05,0
0.5,0,26.906057,0.0014572145,0,25.682823,1.0749473e-05,0
0.5,0,26.90789,0.0014530613,0,25.692052,1.0324579e-05,0
0.5,0,26.910032,0.0013330175,0,25.70128,9.911421e-06,0
0.5,0,26.91248,0.0011202621,0,25.710508,9.529536e-06,0
0.5,0,26.915215,0.00084718435,0,25.719737,9.1933557e-06,0
0.5,0,26.918195,0.00055066226,0,25.728965,8.9113237e-06,0
0.5,0,26.921363,0.00026623875,0,25.738194,8.6858563e-06,0
0.5,0,26.924653,2.2533038e-05,0,25.747422,8.5140876e-06,0
0.5,0,26.927995,-0.00016281375,0,25.756651,8.3892409e-06,0
0.5,0,26.931321,-0.00028492046,0,25.765879,8.3024775e-06,0
0.5,0,26.934569,-0.00035105087,0,25.775108,8.2450776e-06,0
0.5,0,26.937686,-0.00037856996,0,25.784336,8.210474e-06,0
0.5,0,26.94063,-0.00039192567,0,25.793565,8.1956025e-06,0
0.5,0,26.943363,-0.0004182992,0,25.802793,8.2013679e-06,0
0.5,0,26.945848,-0.00048226859,0,25.812022,8.2323057e-06,0
0.5,0,26.948033,-0.00060110073,0,25.82125,8.2955823e-06,0
0.5,0,26.949846,-0.00078120724,0,25.830479,8.3994664e-06,0
0.5,0,26.951186,-0.0010160641,0,25.839707,8.5515473e-06,0
0.5,0,26.951925,-0.0012872227,0,25.848935,8.7570965e-06,0
0.5,0,26.951915,-0.00156794,0,25.858164,9.0175208e-06,0
0.5,0,26.950991,-0.0018281647,0,25.867392,9.3287496e-06,0
0.5,0,26.948989,-0.0020417748,0,25.876621,9.6808699e-06,0
0.5,0,26.945789,-0.0021866986,0,25.885849,1.0059247e-05,0
0.5,0,26.941319,-0.0022440662,0,25.895078,1.0445765e-05,0
0.5,0,26.935587,-0.0022073883,0,25.904306,1.082064e-05,0
0.5,0,26.928702,-0.0020836997,0,25.913535,1.1164846e-05,0
0.5,0,26.920884,-0.0018884718,0,25.922763,1.1462408e-05,0
0.5,0,26.912433,-0.0016461861,0,25.931992,1.1701748e-05,0
0.5,0,26.903703,-0.0013864914,0,25.94122,1.187605e-05,0
0.5,0,26.895083,-0.0011370451,0,25.950449,1.1983979e-05,0
0.5,0,26.886935,-0.00092049081,0,25.959677,1.2029845e-05,0
0.5,0,26.879565,-0.00075106413,0,25.968906,1.202246e-05,0
0.5,0,26.873193,-0.00063230857,0,25.978134,1.1973495e-05,0
0.5,0,26.867932,-0.00055885517,0,25.987362,1.1895793e-05,0
0.5,0,26.863785,-0.00051923025,0,25.996591,1.1801748e-05,0
0.5,0,26.860657,-0.00049832638,0,26.005819,1.1701946e-05,0
0.5,0,26.858368,-0.00048000174,0,26.015048,1.160419e-05,0
0.5,0,26.856684,-0.00044973528,0,26.024276,1.1512912e-05,0
0.5,0,26.855348,-0.00039650917,0,26.033505,1.1429063e-05,0
0.5,0,26.854112,-0.00031427141,0,26.042733,1.1350586e-05,0
0.5,0,26.85276,-0.00020288765,0,26.051962,1.127334e-05,0
0.5,0,26.851124,-6.8211395e-05,0,26.06119,1.1192246e-05,0
0.5,0,26.849098,7.8507192e-05,0,26.070419,1.1102439e-05,0
0.5,0,26.846642,0.00022193453,0,26.079647,1.1000349e-05,0
0.5,0,26.843782,0.00034436339,0,26.088876,1.0884561e-05,0
0.5,0,26.840615,0.00042776377,0,26.098104,1.0756386e-05,0
0.5,0,26.837296,0.00045651666,0,26.107333,1.0619989e-05,0
0.5,0,26.834027,0.0004201583,0,26.116561,1.0481999e-05,0
0.5,0,26.831045,0.00031539009,0,26.12579,1.0350666e-05,0
0.5,0,26.828596,0.00014725324,0,26.135018,1.0234708e-05,0
0.5,0,26.826921,-7.1034265e-05,0,26.144246,1.0141998e-05,0
0.5,0,26.826233,-0.00031942765,0,26.153475,1.0078331e-05,0
0.5,0,26.82671,-0.00057339157,0,26.162703,1.0046509e-05,0
0.5,0,26.828483,-0.00080834989,0,26.171932,1.0045949e-05,0
0.5,0,26.831634,-0.001003543,0,26.18116,1.0072767e-05,0
0.5,0,26.836187,-0.0011440821,0,26.190389,1.0120397e-05,0
0.5,0,26.842106,-0.0012238555,0,26.199617,1.0180533e-05,0
0.5,0,26.849276,-0.0012469508,0,26.208846,1.0244199e-05,0
0.5,0,26.857532,-0.0012243864,0,26.218074,1.030293e-05,0
0.5,0,26.866629,-0.0011698539,0,26.227303,1.0349887e-05,0
0.5,0,26.876258,-0.0010976567,0,26.236531,1.0380533e-05,0
0.5,0,26.886062,-0.001018838,0,26.24576,1.0392264e-05,0
0.5,0,26.895624,-0.00093885389,0,26.254988,1.0383842e-05,0
0.5,0,26.904489,-0.00085906001,0,26.264217,1.0355083e-05,0
0.5,0,26.912184,-0.0007754428,0,26.273445,1.0306096e-05,0
0.5,0,26.918242,-0.00067869106,0,26.282673,1.0236392e-05,0
0.5,0,26.922252,-0.00055836766,0,26.291902,1.0144393e-05,0
0.5,0,26.923921,-0.0004076437,0,26.30113,1.0027304e-05,0
0.5,0,26.923122,-0.00022468076,0,26.310359,9.8812404e-06,0
0.5,0,26.91992,-1.0944275e-05,0,26.319587,9.7016016e-06,0
0.5,0,26.914574,0.00022686085,0,26.328816,9.483929e-06,0
0.5,0,26.907505,0.00047596129,0,26.338044,9.2250892e-06,0
0.5,0,26.89923,0.00072058153,0,26.347273,8.9241391e-06,0
0.5,0,26.890276,0.00094433424,0,26.356501,8.5828783e-06,0
0.5,0,26.881106,0.0011310938,0,26.36573,8.2061605e-06,0
0.5,0,26.87205,0.0012662191,0,26.374958,7.8016539e-06,0
0.5,0,26.8633,0.001340779,0,26.384187,7.3792745e-06,0
0.5,0,26.854917,0.0013543304,0,26.393415,6.9504003e-06,0
0.5,0,26.846856,0.0013136052,0,26.402644,6.5265727e-06,0
0.5,0,26.839024,0.0012304219,0,26.411872,6.1183236e-06,0
0.5,0,26.831326,0.0011189203,0,26.4211,5.7344559e-06,0
0.5,0,26.823711,0.00099280373,0,26.430329,5.3815325e-06,0
0.5,0,26.816191,0.00086331557,0,26.439557,5.0637835e-06,0
0.5,0,26.808851,0.000737453,0,26.448786,4.7836049e-06,0
0.5,0,26.801833,0.0006164358,0,26.458014,4.5423583e-06,0
0.5,0,26.795312,0.00049471265,0,26.467243,4.3412058e-06,0
0.5,0,26.789457,0.00036101208,0,26.476471,4.1819364e-06,0
0.5,0,26.784407,0.00020144528,0,26.4857,4.0675401e-06,0
0.5,0,26.780249,2.7086667e-06,0,26.494928,4.0023624e-06,0
0.5,0,26.777012,-0.00024557794,0,26.504157,3.9918849e-06,0
0.5,0,26.77466,-0.00054876707,0,26.513385,4.0421982e-06,0
0.5,0,26.77311,-0.00090538795,0,26.522614,4.1591993e-06,0
0.5,0,26.772252,-0.0013061249,0,26.531842,4.3476581e-06,0
0.5,0,26.771964,-0.001733899,0,26.541071,4.6103575e-06,0
0.5,0,26.772134,-0.0021654687,0,26.550299,4.9474142e-06,0
0.5,0,26.772673,-0.0025741313,0,26.559527,5.3558266e-06,0
0.5,0,26.773525,-0.0029329103,0,26.568756,5.8293486e-06,0
0.5,0,26.774673,-0.0032179416,0,26.577984,6.3587017e-06,0
0.5,0,26.776142,-0.0034117237,0,26.587213,6.9319986e-06,0
0.5,0,26.777991,-0.0035049858,0,26.596441,7.5353335e-06,0
0.5,0,26.780311,-0.0034961826,0,26.60567,8.1535476e-06,0
0.5,0,26.783212,-0.0033903952,0,26.614898,8.7711446e-06,0
0.5,0,26.786814,-0.0031986458,0,26.624127,9.3731596e-06,0
0.5,0,26.791231,-0.0029369408,0,26.633355,9.945843e-06,0
0.5,0,26.796563,-0.0026259945,0,26.642584,1.0476992e-05,0
0.5,0,26.802872,-0.0022876726,0,26.651812,1.0955719e-05,0
0.5,0,26.810185,-0.001939251,0,26.661041,1.137235e-05,0
0.5,0,26.818472,-0.0015939196,0,26.670269,1.1719083e-05,0
0.5,0,26.827644,-0.0012636633,0,26.679498,1.1990325e-05,0
0.5,0,26.837558,-0.00095642665,0,26.688726,1.2182497e-05,0
0.5,0,26.848018,-0.00067449474,0,26.697954,1.2294029e-05,0
0.5,0,26.858777,-0.0004188175,0,26.707183,1.2325415e-05,0
0.5,0,26.869545,-0.00019125437,0,26.716411,1.2279309e-05,0
0.5,0,26.879991,7.6003967e-06,0,26.72564,1.2160576e-05,0
0.5,0,26.889751,0.00017836987,0,26.734868,1.1976144e-05,0
0.5,0,26.898437,0.00032030767,0,26.744097,1.1734935e-05,0
0.5,0,26.905661,0.00043122875,0,26.753325,1.1447768e-05,0
0.5,0,26.911063,0.00050838303,0,26.762554,1.1127022e-05,0
0.5,0,26.914353,0.00054995994,0,26.771782,1.0786131e-05,0
0.5,0,26.915354,0.00055539628,0,26.781011,1.0439034e-05,0
0.5,0,26.91405,0.00052497203,0,26.790239,1.0099496e-05,0
0.5,0,26.910625,0.00046183308,0,26.799468,9.7801755e-06,0
0.5,0,26.905469,0.00037204245,0,26.808696,9.4920127e-06,0
0.5,0,26.899117,0.00026261681,0,26.817925,9.2439574e-06,0
0.5,0,26.892161,0.00014068622,0,26.827153,9.0427212e-06,0
0.5,0,26.88516,1.2247973e-05,0,26.836381,8.8926355e-06,0
0.5,0,26.878571,-0.00011912093,0,26.84561,8.795738e-06,0
0.5,0,26.872699,-0.00025151724,0,26.854838,8.7518718e-06,0
0.5,0,26.867685,-0.00038348472,0,26.864067,8.7586836e-06,0
0.5,0,26.863523,-0.0005136166,0,26.873295,8.8117688e-06,0
0.5,0,26.860087,-0.00064041112,0,26.882524,8.9049681e-06,0
0.5,0,26.857188,-0.00076153482,0,26.891752,9.0307332e-06,0
0.5,0,26.854618,-0.00087256236,0,26.900981,9.1805448e-06,0
0.5,0,26.852188,-0.00096652252,0,26.910209,9.345219e-06,0
0.5,0,26.849749,-0.0010345539,0,26.919438,9.51516e-06,0
0.5,0,26.847203,-0.0010674194,0,26.928666,9.6807917e-06,0
0.5,0,26.844503,-0.001056702,0,26.937895,9.8330179e-06,0
0.5,0,26.841638,-0.00099608448,0,26.947123,9.9634934e-06,0
0.5,0,26.838623,-0.00088303198,0,26.956352,1.0064728e-05,0
0.5,0,26.835493,-0.00071907184,0,26.96558,1.0130194e-05,0
0.5,0,26.832287,-0.00051056021,0,26.974808,1.0154403e-05,0
0.5,0,26.82905,-0.00026874213,0,26.984037,1.0133153e-05,0
0.5,0,26.825829,-7.522535e-06,0,26.993265,1.0063789e-05,0
0.5,0,26.822663,0.00025748297,0,27.002494,9.9450808e-06,0
0.5,0,26.81959,0.00051003068,0,27.011722,9.7771661e-06,0
0.5,0,26.816631,0.00073527041,0,27.020951,9.5616298e-06,0
0.5,0,26.813802,0.0009209013,0,27.030179,9.3015632e-06,0
0.5,0,26.811107,0.0010579127,0,27.039408,9.0016153e-06,0
0.5,0,26.808547,0.0011410639,0,27.048636,8.6680197e-06,0
0.5,0,26.806123,0.0011686753,0,27.057865,8.3085503e-06,0
0.5,0,26.803847,0.0011418437,0,27.067093,7.9323877e-06,0
0.5,0,26.801747,0.001063542,0,27.076322,7.5498789e-06,0
0.5,0,26.799867,0.0009379044,0,27.08555,7.1721696e-06,0
0.5,0,26.798268,0.00076962025,0,27.094779,6.810714e-06,0
0.5,0,26.797015,0.00056359626,0,27.104007,6.4766996e-06,0
0.5,0,26.79617,0.00032501407,0,27.113235,6.1804617e-06,0
0.5,0,26.795775,5.9604335e-05,0,27.122464,5.9310103e-06,0
0.5,0,26.795849,-0.00022580065,0,27.131692,5.7357721e-06,0
0.5,0,26.796381,-0.00052316528,0,27.140921,5.6005394e-06,0
0.5,0,26.797324,-0.00082384879,0,27.150149,5.5294732e-06,0
0.5,0,26.798595,-0.0011189698,0,27.159378,5.525027e-06,0
0.5,0,26.800082,-0.0014000926,0,27.168606,5.5878687e-06,0
0.5,0,26.801649,-0.0016599851,0,27.177835,5.716833e-06,0
0.5,0,26.803149,-0.0018923848,0,27.187063,5.9088146e-06,0
0.5,0,26.804437,-0.0020920891,0,27.196292,6.1586641e-06,0
0.5,0,26.80539,-0.0022559773,0,27.20552,6.4591814e-06,0
0.5,0,26.805917,-0.0023831544,0,27.214749,6.8012461e-06,0
0.5,0,26.805968,-0.0024741519,0,27.223977,7.1741132e-06,0
0.5,0,26.805541,-0.0025302536,0,27.233206,7.5658468e-06,0
0.5,0,26.80467,-0.0025529093,0,27.242434,7.963824e-06,0
0.5,0,26.803423,-0.0025433737,0,27.251662,8.3552503e-06,0
0.5,0,26.801882,-0.0025023194,0,27.260891,8.7276793e-06,0
0.5,0,26.800138,-0.0024293874,0,27.270119,9.0695372e-06,0
0.5,0,26.798279,-0.0023230848,0,27.279348,9.3706495e-06,0
0.5,0,26.796386,-0.0021810456,0,27.288576,9.6227211e-06,0
0.5,0,26.794528,-0.0020006962,0,27.297805,9.8196935e-06,0
0.5,0,26.792759,-0.0017804339,0,27.307033,9.9579442e-06,0
0.5,0,26.791114,-0.0015208893,0,27.316262,1.003634e-05,0
0.5,0,26.789611,-0.0012256415,0,27.32549,1.0056162e-05,0
0.5,0,26.788247,-0.00090118764,0,27.334719,1.0020844e-05,0
0.5,0,26.787003,-0.00055646922,0,27.343947,9.9355942e-06,0
0.5,0,26.785844,-0.00020284981,0,27.353176,9.8070259e-06,0
0.5,0,26.784727,0.00014610535,0,27.362404,9.6426481e-06,0
0.5,0,26.783607,0.00047611537,0,27.371633,9.4502503e-06,0
0.5,0,26.782445,0.00077376445,0,27.380861,9.2373628e-06,0
0.5,0,26.781213,0.0010273972,0,27.390089,9.0108618e-06,0
0.5,0,26.7799,0.0012276257,0,27.399318,8.7767208e-06,0
0.5,0,26.77851,0.0013675425,0,27.408546,8.539889e-06,0
0.5,0,26.77706,0.0014427846,0,27.417775,8.3042887e-06,0
0.5,0,26.775573,0.0014515463,0,27.427003,8.0729368e-06,0
0.5,0,26.774073,0.0013945116,0,27.436232,7.8481732e-06,0
0.5,0,26.772582,0.0012747347,0,27.44546,7.6319458e-06,0
0.5,0,26.771112,0.0010976403,0,27.454689,7.4260845e-06,0
0.5,0,26.769671,0.00087120897,0,27.463917,7.2325051e-06,0
0.5,0,26.768259,0.00060619369,0,27.473146,7.0533144e-06,0
0.5,0,26.76688,0.00031610532,0,27.482374,6.8908211e-06,0
0.5,0,26.76553,1.677428e-05,0,27.491603,6.7474667e-06,0
0.5,0,26.764208,-0.00027466818,0,27.500831,6.6256742e-06,0
0.5,0,26.762909,-0.0005412753,0,27.51006,6.527618e-06,0
0.5,0,26.761637,-0.00076767034,0,27.519288,6.4549378e-06,0
0.5,0,26.760399,-0.0009411426,0,27.528516,6.4084163e-06,0
0.5,0,26.759204,-0.0010531525,0,27.537745,6.3877525e-06,0
0.5,0,26.758063,-0.0011005185,0,27.546973,6.3914968e-06,0
0.5,0,26.756984,-0.0010853161,0,27.556202,6.4170274e-06,0
0.5,0,26.755974,-0.0010142743,0,27.56543,6.4606098e-06,0
0.5,0,26.755041,-0.0008975856,0,27.574659,6.5176502e-06,0
0.5,0,26.754192,-0.00074745508,0,27.583887,6.5831021e-06,0
0.5,0,26.753436,-0.00057695898,0,27.593116,6.6518746e-06,0
0.5,0,26.75278,-0.00039884861,0,27.602344,6.7191755e-06,0
0.5,0,26.752231,-0.00022460172,0,27.611573,6.7808022e-06,0
0.5,0,26.751788,-6.4199286e-05,0,27.620801,6.8333673e-06,0
0.5,0,26.75144,7.3515986e-05,0,27.63003,6.8744726e-06,0
0.5,0,26.751161,0.00018052568,0,27.639258,6.9028373e-06,0
0.5,0,26.750909,0.00024975302,0,27.648487,6.9183645e-06,0
0.5,0,26.750624,0.00027559199,0,27.657715,6.9221463e-06,0
0.5,0,26.750237,0.00025462737,0,27.666943,6.9164273e-06,0
0.5,0,26.749678,0.00018627072,0,27.676172,6.9045336e-06,0
0.5,0,26.748887,7.3120109e-05,0,27.6854,6.8907455e-06,0
0.5,0,26.747833,-7.8996152e-05,0,27.694629,6.8800695e-06,0
0.5,0,26.746519,-0.00026120479,0,27.703857,6.877863e-06,0
0.5,0,26.744993,-0.00046203425,0,27.713086,6.8893435e-06,0
0.5,0,26.743342,-0.00066806017,0,27.722314,6.919076e-06,0
0.5,0,26.741675,-0.00086449023,0,27.731543,6.9704741e-06,0
0.5,0,26.740107,-0.0010366121,0,27.740771,7.0454003e-06,0
0.5,0,26.738735,-0.0011714934,0,27.75,7.1439688e-06,0
0.5,0,26.737623,-0.001258552,0,27.759228,7.2644575e-06,0
0.5,0,26.736795,-0.0012906133,0,27.768457,7.4033023e-06,0
0.5,0,26.736235,-0.0012648487,0,27.777685,7.5552304e-06,0
0.5,0,26.735908,-0.0011824812,0,27.786914,7.713529e-06,0
0.5,0,26.735765,-0.0010485854,0,27.796142,7.8703974e-06,0
0.5,0,26.735761,-0.00087180546,0,27.80537,8.0172745e-06,0
0.5,0,26.735864,-0.00066344063,0,27.814599,8.1451676e-06,0
0.5,0,26.736056,-0.00043596951,0,27.823827,8.2450757e-06,0
0.5,0,26.736327,-0.00020151388,0,27.833056,8.3085181e-06,0
0.5,0,26.736675,2.8876869e-05,0,27.842284,8.3280978e-06,0
0.5,0,26.737097,0.00024539789,0,27.851513,8.2980139e-06,0
0.5,0,26.737585,0.0004399764,0,27.860741,8.2145072e-06,0
0.5,0,26.738128,0.00060691505,0,27.86997,8.076259e-06,0
0.5,0,26.73871,0.00074294154,0,27.879198,7.884699e-06,0
0.5,0,26.739309,0.0008463989,0,27.888427,7.6440762e-06,0
0.5,0,26.739912,0.00091619815,0,27.897655,7.3611955e-06,0
0.5,0,26.740511,0.00095131658,0,27.906884,7.0448684e-06,0
0.5,0,26.741106,0.00095100595,0,27.916112,6.7051946e-06,0
0.5,0,26.741699,0.00091568042,0,27.925341,6.3528097e-06,0
0.5,0,26.742294,0.00084805615,0,27.934569,5.9982367e-06,0
0.5,0,26.742893,0.00075349666,0,27.943797,5.6513812e-06,0
0.5,0,26.743492,0.00063915506,0,27.953026,5.3210884e-06,0
0.5,0,26.744074,0.00051280266,0,27.962254,5.014668e-06,0
0.5,0,26.744616,0.00038235363,0,27.971483,4.7373839e-06,0
0.5,0,26.74509,0.00025566526,0,27.980711,4.4920343e-06,0
0.5,0,26.745479,0.00014010086,0,27.98994,4.2788114e-06,0
0.5,0,26.745779,4.2162522e-05,0,27.999168,4.0954336e-06,0
0.5,0,26.745993,-3.2949715e-05,0,28.008397,3.9374158e-06,0
0.5,0,26.746144,-8.1773822e-05,0,28.017625,3.798453e-06,0
0.5,0,26.746251,-0.00010258936,0,28.026854,3.6709062e-06,0
0.5,0,26.74633,-9.4748248e-05,0,28.036082,3.5464409e-06,0
0.5,0,26.746383,-5.8610592e-05,0,28.045311,3.4168427e-06,0
0.5,0,26.746387,2.8644032e-06,0,28.054539,3.2747342e-06,0
0.5,0,26.746299,8.3735111e-05,0,28.063768,3.1139602e-06,0
0.5,0,26.746069,0.00017617286,0,28.072996,2.9299068e-06,0
0.5,0,26.74563,0.00027114949,0,28.082224,2.7199718e-06,0
0.5,0,26.744911,0.00035864974,0,28.091453,2.483755e-06,0
0.5,0,26.743863,0.0004275469,0,28.100681,2.2228092e-06,0
0.5,0,26.742467,0.00046725607,0,28.10991,1.9405339e-06,0
0.5,0,26.740738,0.00047082794,0,28.119138,1.6423705e-06,0
0.5,0,26.738729,0.0004349465,0,28.128367,1.3358267e-06,0
0.5,0,26.736523,0.00035613611,0,28.137595,1.029906e-06,0
0.5,0,26.734218,0.0002289351,0,28.146824,7.3401757e-07,0
0.5,0,26.731911,4.4159305e-05,0,28.156052,4.5696151e-07,0
0.5,0,26.729699,-0.000212277,0,28.165281,2.0574966e-07,0
0.5,0,26.726463,-0.0015758646,0,28.276022,4.4260476e-08,0
0.5,0,26.729297,-0.0015600057,0,28.285251,1.4268469e-07,0
0.5,0,26.732729,-0.0014909139,0,28.294479,2.211029e-07,0
0.5,0,26.736552,-0.0013992581,0,28.303708,2.6953311e-07,0
0.5,0,26.740607,-0.0013018028,0,28.312936,2.8071914e-07,0
0.5,0,26.744749,-0.0012036832,0,28.322165,2.5011697e-07,0
0.5,0,26.748864,-0.0011260319,0,28.331393,1.7517315e-07,0
0.5,0,26.752858,-0.0011287946,0,28.340622,5.5303847e-08,0
0.5,0,26.696594,-0.0036047377,0,29.364981,6.8010087e-08,0
0.5,0,26.69859,-0.0036348036,0,29.37421,3.7914509e-07,0
0.5,0,26.700677,-0.0034678583,0,29.383438,6.6155097e-07,0
0.5,0,26.702666,-0.0032039873,0,29.392667,8.957035e-07,0
0.5,0,26.704371,-0.0028704474,0,29.401895,1.072028e-06,0
0.5,0,26.705741,-0.0024910993,0,29.411124,1.1862924e-06,0
0.5,0,26.706832,-0.0021148468,0,29.420352,1.2305621e-06,0
0.5,0,26.707607,-0.0017409464,0,29.429581,1.2054456e-06,0
0.5,0,26.708086,-0.0013831255,0,29.438809,1.1137038e-06,0
0.5,0,26.70824,-0.0010589709,0,29.448038,9.5885619e-07,0
0.5,0,26.708036,-0.00077889866,0,29.457266,7.4679107e-07,0
0.5,0,26.707523,-0.00057092494,0,29.466494,4.8623102e-07,0
0.5,0,26.706971,-0.00053814888,0,29.475723,1.8777815e-07,0
0.5,0,26.738716,-0.003460774,0,29.669521,2.4650234e-07,0
0.5,0,26.740515,-0.0035698253,0,29.678749,5.7935782e-07,0
0.5,0,26.742078,-0.0034922363,0,29.687978,8.9466218e-07,0
0.5,0,26.74333,-0.0033180725,0,29.697206,1.1819583e-06,0
0.5,0,26.744353,-0.0030784649,0,29.706435,1.431128e-06,0
0.5,0,26.745291,-0.0027913993,0,29.715663,1.6327511e-06,0
0.5,0,26.746265,-0.0024703033,0,29.724892,1.7789836e-06,0
0.5,0,26.747318,-0.0021274992,0,29.73412,1.8640453e-06,0
0.5,0,26.748408,-0.0017758721,0,29.743348,1.8847117e-06,0
0.5,0,26.749441,-0.001427018,0,29.752577,1.841036e-06,0
0.5,0,26.750317,-0.0010899203,0,29.761805,1.7367135e-06,0
0.5,0,26.750949,-0.00077452451,0,29.771034,1.578341e-06,0
0.5,0,26.751268,-0.00049394503,0,29.780262,1.3737053e-06,0
0.5,0,26.751205,-0.00025861164,0,29.789491,1.1306708e-06,0
0.5,0,26.750696,-7.2628534e-05,0,29.798719,8.5777096e-07,0
0.5,0,26.749733,4.8702423e-05,0,29.807948,5.6483993e-07,0
0.5,0,26.748503,2.6077915e-05,0,29.817176,2.6090035e-07,0
0.5,0,26.756788,-0.002997411,0,30.038659,7.4950882e-08,0
0.5,0,26.759343,-0.0031452298,0,30.047888,2.9793485e-07,0
0.5,0,26.762168,-0.0031815067,0,30.057116,5.1330329e-07,0
0.5,0,26.765135,-0.0031564378,0,30.066345,7.1819327e-07,0
0.5,0,26.76817,-0.0031002102,0,30.075573,9.1066209e-07,0
0.5,0,26.771234,-0.0030189928,0,30.084802,1.0888977e-06,0
0.5,0,26.774296,-0.0029146415,0,30.09403,1.2512879e-06,0
0.5,0,26.77733,-0.0027878064,0,30.103259,1.3965111e-06,0
0.5,0,26.780303,-0.0026401267,0,30.112487,1.5236619e-06,0
0.5,0,26.783184,-0.0024756289,0,30.121716,1.6325022e-06,0
0.5,0,26.785941,-0.0022999687,0,30.130944,1.7237402e-06,0
0.5,0,26.788566,-0.0021193942,0,30.140173,1.7993457e-06,0
0.5,0,26.791058,-0.0019420597,0,30.149401,1.8627795e-06,0
0.5,0,26.793438,-0.0017797189,0,30.158629,1.9188339e-06,0
0.5,0,26.795732,-0.0016444809,0,30.167858,1.9731695e-06,0
0.5,0,26.797957,-0.0015433758,0,30.177086,2.0319879e-06,0
0.5,0,26.800156,-0.001477557,0,30.186315,2.1017939e-06,0
0.5,0,26.802382,-0.0014452572,0,30.195543,2.1889321e-06,0
0.5,0,26.80469,-0.0014440815,0,30.204772,2.2990918e-06,0
0.5,0,26.807131,-0.0014728893,0,30.214,2.4372024e-06,0
0.5,0,26.809747,-0.0015328149,0,30.223229,2.6076489e-06,0
0.5,0,26.812572,-0.0016252718,0,30.232457,2.8143263e-06,0
0.5,0,26.815623,-0.0017492783,0,30.241686,3.0602968e-06,0
0.5,0,26.818904,-0.0019005105,0,30.250914,3.3472589e-06,0
0.5,0,26.822402,-0.0020717662,0,30.260143,3.6751284e-06,0
0.5,0,26.826086,-0.0022542019,0,30.269371,4.0418667e-06,0
0.5,0,26.829905,-0.0024392813,0,30.2786,4.4435637e-06,0
0.5,0,26.833794,-0.0026204522,0,30.287828,4.8747305e-06,0
0.5,0,26.837677,-0.0027935474,0,30.297056,5.3287358e-06,0
0.5,0,26.84147,-0.0029554343,0,30.306285,5.7981933e-06,0
0.5,0,26.845084,-0.0031019458,0,30.315513,6.275234e-06,0
0.5,0,26.848432,-0.003227736,0,30.324742,6.7518857e-06,0
0.5,0,26.851433,-0.0033275717,0,30.33397,7.2204742e-06,0
0.5,0,26.854021,-0.0033970003,0,30.343199,7.6737647e-06,0
0.5,0,26.856143,-0.0034309138,0,30.352427,8.1049638e-06,0
0.5,0,26.857776,-0.0034220208,0,30.361656,8.507885e-06,0
0.5,0,26.858925,-0.0033622596,0,30.370884,8.8772874e-06,0
0.5,0,26.859617,-0.0032457421,0,30.380113,9.2092226e-06,0
0.5,0,26.859892,-0.003070939,0,30.389341,9.5013462e-06,0
0.5,0,26.859819,-0.0028411179,0,30.39857,9.7531572e-06,0
0.5,0,26.859484,-0.0025633796,0,30.407798,9.9660136e-06,0
0.5,0,26.858975,-0.0022477372,0,30.417027,1.0142905e-05,0
0.5,0,26.858376,-0.00190626,0,30.426255,1.0288121e-05,0
0.5,0,26.857757,-0.0015518552,0,30.435483,1.0406888e-05,0
0.5,0,26.857175,-0.0011975424,0,30.444712,1.0504993e-05,0
0.5,0,26.856673,-0.00085624763,0,30.45394,1.0588487e-05,0
0.5,0,26.856274,-0.00054043504,0,30.463169,1.0663507e-05,0
0.5,0,26.855989,-0.00026176518,0,30.472397,1.0736146e-05,0
0.5,0,26.855819,-3.0741648e-05,0,30.481626,1.0812251e-05,0
0.5,0,26.855756,0.00014383011,0,30.490854,1.089719e-05,0
0.5,0,26.855783,0.00025532576,0,30.500083,1.0995601e-05,0
0.5,0,26.855881,0.00029974458,0,30.509311,1.1111185e-05,0
0.5,0,26.856021,0.00027618782,0,30.51854,1.1246567e-05,0
0.5,0,26.856171,0.00018725406,0,30.527768,1.1403244e-05,0
0.5,0,26.856295,3.9173251e-05,0,30.536997,1.1581653e-05,0
0.5,0,26.856353,-0.0001584666,0,30.546225,1.178133e-05,0
0.5,0,26.856306,-0.00039360892,0,30.555454,1.200113e-05,0
0.5,0,26.856119,-0.00065306217,0,30.564682,1.2239458e-05,0
0.5,0,26.855765,-0.0009232544,0,30.57391,1.2494439e-05,0
0.5,0,26.855234,-0.0011910403,0,30.583139,1.2763978e-05,0
0.5,0,26.85453,-0.0014452623,0,30.592367,1.3045834e-05,0
0.5,0,26.853679,-0.0016768139,0,30.601596,1.333764e-05,0
0.5,0,26.85273,-0.0018780333,0,30.610824,1.3636779e-05,0
0.5,0,26.851748,-0.0020435461,0,30.620053,1.394027e-05,0
0.5,0,26.850812,-0.0021706378,0,30.629281,1.4244685e-05,0
0.5,0,26.850005,-0.0022584872,0,30.63851,1.4546044e-05,0
0.5,0,26.849408,-0.0023076019,0,30.647738,1.4839727e-05,0
0.5,0,26.849091,-0.0023196789,0,30.656967,1.5120482e-05,0
0.5,0,26.849105,-0.0022974456,0,30.666195,1.5382526e-05,0
0.5,0,26.849483,-0.0022442482,0,30.675424,1.5619694e-05,0
0.5,0,26.850238,-0.0021633037,0,30.684652,1.5825672e-05,0
0.5,0,26.851366,-0.0020568124,0,30.693881,1.5994351e-05,0
0.5,0,26.852847,-0.0019256283,0,30.703109,1.6120317e-05,0
0.5,0,26.85465,-0.0017695664,0,30.712338,1.619946e-05,0
0.5,0,26.856731,-0.0015885337,0,30.721566,1.6229552e-05,0
0.5,0,26.85904,-0.0013835389,0,30.730794,1.6210699e-05,0
0.5,0,26.861514,-0.0011564773,0,30.740023,1.6145498e-05,0
0.5,0,26.86409,-0.00091070705,0,30.749251,1.6039009e-05,0
0.5,0,26.866701,-0.00065128565,0,30.75848,1.5898682e-05,0
0.5,0,26.869283,-0.00038364944,0,30.767708,1.5734074e-05,0
0.5,0,26.871783,-0.00011427553,0,30.776937,1.5556426e-05,0
0.5,0,26.874161,0.00014870512,0,30.786165,1.5378059e-05,0
0.5,0,26.876395,0.00039699049,0,30.795394,1.5211508e-05,0
0.5,0,26.878488,0.00062301686,0,30.804622,1.5068595e-05,0
0.5,0,26.880471,0.0008198736,0,30.813851,1.4959583e-05,0
0.5,0,26.882391,0.00098106307,0,30.823079,1.4892437e-05,0
0.5,0,26.884313,0.0011006209,0,30.832308,1.4872202e-05,0
0.5,0,26.886309,0.0011732625,0,30.841536,1.4900613e-05,0
0.5,0,26.888446,0.0011946496,0,30.850765,1.497599e-05,0
0.5,0,26.890777,0.0011621118,0,30.859993,1.5093377e-05,0
0.5,0,26.893328,0.00107553,0,30.869221,1.5244893e-05,0
0.5,0,26.89609,0.00093803535,0,30.87845,1.5420288e-05,0
0.5,0,26.899016,0.00075626746,0,30.887678,1.5607606e-05,0
0.5,0,26.902022,0.00054015544,0,30.896907,1.5793916e-05,0
0.5,0,26.90499,0.000302708,0,30.906135,1.5966001e-05,0
0.5,0,26.907784,5.7681001e-05,0,30.915364,1.6110992e-05,0
0.5,0,26.91026,-0.00018113755,0,30.924592,1.6216902e-05,0
0.5,0,26.912284,-0.00040000276,0,30.933821,1.6273071e-05,0
0.5,0,26.913746,-0.0005870899,0,30.943049,1.6270492e-05,0
0.5,0,26.914581,-0.0007325472,0,30.952278,1.6202093e-05,0
0.5,0,26.914776,-0.00082835594,0,30.961506,1.6063035e-05,0
0.5,0,26.914378,-0.00086833244,0,30.970735,1.5850974e-05,0
0.5,0,26.913483,-0.00084836027,0,30.979963,1.5566279e-05,0
0.5,0,26.912225,-0.00076687529,0,30.989192,1.5212175e-05,0
0.5,0,26.910748,-0.00062558418,0,30.99842,1.4794661e-05,0
0.5,0,26.909194,-0.00043032871,0,31.007648,1.4322239e-05,0
0.5,0,26.907679,-0.00019112589,0,31.016877,1.3805486e-05,0
0.5,0,26.906287,7.8648714e-05,0,31.026105,1.3256467e-05,0
0.5,0,26.905064,0.00036301567,0,31.035334,1.2688055e-05,0
0.5,0,26.904019,0.00064434052,0,31.044562,1.2113285e-05,0
0.5,0,26.903135,0.00090477425,0,31.053791,1.1544834e-05,0
0.5,0,26.902381,0.0011279528,0,31.063019,1.0994649e-05,0
0.5,0,26.901723,0.0013006301,0,31.072248,1.0473728e-05,0
0.5,0,26.901137,0.0014138613,0,31.081476,9.9920196e-06,0
0.5,0,26.900614,0.0014633503,0,31.090705,9.5583856e-06,0
0.5,0,26.900166,0.0014489025,0,31.099933,9.1804824e-06,0
0.5,0,26.899823,0.0013740138,0,31.109162,8.8645653e-06,0
0.5,0,26.899624,0.0012461508,0,31.11839,8.6153582e-06,0
0.5,0,26.899617,0.0010757449,0,31.127619,8.4359077e-06,0
0.5,0,26.899851,0.00087445564,0,31.136847,8.3273906e-06,0
0.5,0,26.900369,0.00065501778,0,31.146075,8.2889911e-06,0
0.5,0,26.901203,0.0004313141,0,31.155304,8.3178734e-06,0
0.5,0,26.902374,0.00021752804,0,31.164532,8.4092429e-06,0
0.5,0,26.903894,2.7336109e-05,0,31.173761,8.5565074e-06,0
0.5,0,26.905763,-0.00012699618,0,31.182989,8.7514466e-06,0
0.5,0,26.907974,-0.00023605565,0,31.192218,8.9843399e-06,0
0.5,0,26.910513,-0.00029436998,0,31.201446,9.2441413e-06,0
0.5,0,26.913356,-0.00030100659,0,31.210675,9.5186556e-06,0
0.5,0,26.916473,-0.00025961944,0,31.219903,9.7947058e-06,0
0.5,0,26.919825,-0.00017804526,0,31.229132,1.00584e-05,0
0.5,0,26.923367,-6.7331918e-05,0,31.23836,1.0295528e-05,0
0.5,0,26.927048,5.9811006e-05,0,31.247589,1.0492116e-05,0
0.5,0,26.930815,0.00019019071,0,31.256817,1.0635104e-05,0
0.5,0,26.934614,0.0003111618,0,31.266046,1.0713077e-05,0
0.5,0,26.938391,0.00041157203,0,31.275274,1.0716942e-05,0
0.5,0,26.942092,0.00048230006,0,31.284502,1.0640497e-05,0
0.5,0,26.945658,0.0005166801,0,31.293731,1.0480867e-05,0
0.5,0,26.949023,0.0005107219,0,31.302959,1.0238795e-05,0
0.5,0,26.952118,0.00046325869,0,31.312188,9.9187817e-06,0
0.5,0,26.954864,0.00037634208,0,31.321416,9.5290998e-06,0
0.5,0,26.957185,0.00025509937,0,31.330645,9.0816806e-06,0
0.5,0,26.959009,0.00010692455,0,31.339873,8.5918034e-06,0
0.5,0,26.960282,-5.9477184e-05,0,31.349102,8.0776623e-06,0
0.5,0,26.960973,-0.00023557285,0,31.35833,7.5597145e-06,0
0.5,0,26.961076,-0.00041396684,0,31.367559,7.0596427e-06,0
0.5,0,26.960618,-0.00058831232,0,31.376787,6.5991315e-06,0
0.5,0,26.959661,-0.0007530877,0,31.386016,6.198656e-06,0
0.5,0,26.958296,-0.00090355201,0,31.395244,5.8762998e-06,0
0.5,0,26.956635,-0.0010357008,0,31.404473,5.6466528e-06,0
0.5,0,26.954801,-0.0011453525,0,31.413701,5.5199559e-06,0
0.5,0,26.952913,-0.0012274537,0,31.422929,5.5016092e-06,0
0.5,0,26.951076,-0.0012769907,0,31.432158,5.5920078e-06,0
0.5,0,26.949363,-0.0012897904,0,31.441386,5.7867392e-06,0
0.5,0,26.947819,-0.0012641486,0,31.450615,6.0769906e-06,0
0.5,0,26.946455,-0.0012025011,0,31.459843,6.4500539e-06,0
0.5,0,26.945261,-0.0011104123,0,31.469072,6.8901135e-06,0
0.5,0,26.944194,-0.00099614508,0,31.4783,7.3790712e-06,0
0.5,0,26.943201,-0.00086959152,0,31.487529,7.8973337e-06,0
0.5,0,26.942222,-0.00073969237,0,31.496757,8.4247886e-06,0
0.5,0,26.941199,-0.00061350935,0,31.505986,8.9418337e-06,0
0.5,0,26.940091,-0.0004953944,0,31.515214,9.4304325e-06,0
0.5,0,26.938876,-0.00038605195,0,31.524443,9.8751352e-06,0
0.5,0,26.937555,-0.00028301326,0,31.533671,1.0263862e-05,0
0.5,0,26.936152,-0.00018228903,0,31.5429,1.0588395e-05,0
0.5,0,26.934708,-8.0381597e-05,0,31.552128,1.0844556e-05,0
0.5,0,26.933277,2.399041e-05,0,31.561356,1.1032027e-05,0
0.5,0,26.931922,0.00012878555,0,31.570585,1.1153836e-05,0
0.5,0,26.930703,0.00022835964,0,31.579813,1.1215615e-05,0
0.5,0,26.929676,0.00031413005,0,31.589042,1.1224762e-05,0
0.5,0,26.92889,0.00037617951,0,31.59827,1.1189665e-05,0
0.5,0,26.928386,0.00040545569,0,31.607499,1.111909e-05,0
0.5,0,26.928196,0.00039577783,0,31.616727,1.1021738e-05,0
0.5,0,26.928342,0.00034461488,0,31.625956,1.0905932e-05,0
0.5,0,26.928832,0.00025331788,0,31.635184,1.0779394e-05,0
0.5,0,26.929666,0.00012701356,0,31.644413,1.0649044e-05,0
0.5,0,26.930825,-2.6676137e-05,0,31.653641,1.0520792e-05,0
0.5,0,26.932273,-0.00019837858,0,31.66287,1.0399194e-05,0
0.5,0,26.933957,-0.00037879292,0,31.672098,1.0287008e-05,0
0.5,0,26.935809,-0.00056089548,0,31.681327,1.0185021e-05,0
0.5,0,26.937757,-0.00073807911,0,31.690555,1.0092076e-05,0
0.5,0,26.939727,-0.00090229991,0,31.699783,1.0005153e-05,0
0.5,0,26.941655,-0.0010445972,0,31.709012,9.9198063e-06,0
0.5,0,26.943487,-0.0011550784,0,31.71824,9.8309214e-06,0
0.5,0,26.94518,-0.0012230154,0,31.727469,9.7334534e-06,0
0.5,0,26.946701,-0.0012384685,0,31.736697,9.623053e-06,0
0.5,0,26.948014,-0.0011942663,0,31.745926,9.4965906e-06,0
0.5,0,26.94908,-0.0010868068,0,31.755154,9.35252e-06,0
0.5,0,26.94985,-0.00091655324,0,31.764383,9.1910694e-06,0
0.5,0,26.950262,-0.00068889143,0,31.773611,9.0142204e-06,0
0.5,0,26.950252,-0.00041406763,0,31.78284,8.8254427e-06,0
0.5,0,26.949761,-0.00010596423,0,31.792068,8.6295231e-06,0
0.5,0,26.948743,0.00021967972,0,31.801297,8.4322904e-06,0
0.5,0,26.947175,0.00054651701,0,31.810525,8.2401597e-06,0
0.5,0,26.945069,0.0008578089,0,31.819754,8.0599909e-06,0
0.5,0,26.942471,0.0011370679,0,31.828982,7.8988146e-06,0
0.5,0,26.939457,0.0013691921,0,31.83821,7.7634071e-06,0
0.5,0,26.936137,0.0015416389,0,31.847439,7.659964e-06,0
0.5,0,26.932642,0.0016453729,0,31.856667,7.5937029e-06,0
0.5,0,26.929121,0.0016752321,0,31.865896,7.5685167e-06,0
0.5,0,26.925723,0.0016302338,0,31.875124,7.5867435e-06,0
0.5,0,26.922586,0.0015138529,0,31.884353,7.6490292e-06,0
0.5,0,26.919819,0.0013338007,0,31.893581,7.7542792e-06,0
0.5,0,26.917494,0.0011011874,0,31.90281,7.8996802e-06,0
0.5,0,26.915637,0.00082945477,0,31.912038,8.0807503e-06,0
0.5,0,26.91423,0.00053334659,0,31.921267,8.2913976e-06,0
0.5,0,26.913224,0.00022786854,0,31.930495,8.5239912e-06,0
0.5,0,26.912551,-7.2315743e-05,0,31.939724,8.7694724e-06,0
0.5,0,26.912141,-0.00035320462,0,31.948952,9.0175248e-06,0
0.5,0,26.911939,-0.00060227238,0,31.958181,9.2568353e-06,0
0.5,0,26.911913,-0.00080869296,0,31.967409,9.47555e-06,0
0.5,0,26.912059,-0.00096338705,0,31.976637,9.6618412e-06,0
0.5,0,26.912385,-0.0010604456,0,31.985866,9.8045137e-06,0
0.5,0,26.912911,-0.0010980641,0,31.995094,9.8937045e-06,0
0.5,0,26.913651,-0.00107766,0,32.004323,9.9215888e-06,0
0.5,0,26.914611,-0.0010025637,0,32.013551,9.8829688e-06,0
0.5,0,26.915782,-0.00087768138,0,32.02278,9.7756995e-06,0
0.5,0,26.917141,-0.00071010401,0,32.032008,9.6009496e-06,0
0.5,0,26.918652,-0.00050922744,0,32.041237,9.363276e-06,0
0.5,0,26.920274,-0.0002869938,0,32.050465,9.070342e-06,0
0.5,0,26.921955,-5.7235182e-05,0,32.059694,8.7322712e-06,0
0.5,0,26.923641,0.00016574021,0,32.068922,8.3610769e-06,0
0.5,0,26.925282,0.00036676334,0,32.078151,7.9702258e-06,0
0.5,0,26.926833,0.00053163634,0,32.087379,7.5739066e-06,0
0.5,0,26.928269,0.00065000071,0,32.096608,7.1860884e-06,0
0.5,0,26.929583,0.00071475125,0,32.105836,6.8197031e-06,0
0.5,0,26.930786,0.00072194061,0,32.115064,6.4860308e-06,0
0.5,0,26.931905,0.00067221276,0,32.124293,6.1942066e-06,0
0.5,0,26.932966,0.00057018023,0,32.133521,5.9507948e-06,0
0.5,0,26.933986,0.00042348116,0,32.14275,5.7596273e-06,0
0.5,0,26.934964,0.00024304724,0,32.151978,5.621944e-06,0
0.5,0,26.935887,4.2904605e-05,0,32.161207,5.5366861e-06,0
0.5,0,26.936729,-0.00016075771,0,32.170435,5.5008819e-06,0
0.5,0,26.937462,-0.00035144175,0,32.179664,5.5101006e-06,0
0.5,0,26.938059,-0.0005141529,0,32.188892,5.5589057e-06,0
0.5,0,26.938497,-0.00063633924,0,32.198121,5.6412367e-06,0
0.5,0,26.938751,-0.00070850644,0,32.207349,5.7508072e-06,0
0.5,0,26.938803,-0.00072387116,0,32.216578,5.881491e-06,0
0.5,0,26.938644,-0.00067954269,0,32.225806,6.0276216e-06,0
0.5,0,26.938282,-0.00057852869,0,32.235035,6.1839952e-06,0
0.5,0,26.937754,-0.0004281815,0,32.244263,6.3455407e-06,0
0.5,0,26.937123,-0.00023845535,0,32.253491,6.5072929e-06,0
0.5,0,26.936463,-2.1930666e-05,0,32.26272,6.6645205e-06,0
0.5,0,26.93584,0.00020688833,0,32.271948,6.8126005e-06,0
0.5,0,26.935289,0.00043392895,0,32.281177,6.9470372e-06,0
0.5,0,26.934805,0.00064736353,0,32.290405,7.0636141e-06,0
0.5,0,26.934337,0.00083749782,0,32.299634,7.1585463e-06,0
0.5,0,26.933797,0.00099642749,0,32.308862,7.2286408e-06,0
0.5,0,26.933078,0.0011180677,0,32.318091,7.2713669e-06,0
0.5,0,26.932065,0.0011985561,0,32.327319,7.2848946e-06,0
0.5,0,26.930655,0.0012368441,0,32.336548,7.2681988e-06,0
0.5,0,26.928761,0.0012349379,0,32.345776,7.2212395e-06,0
0.5,0,26.926309,0.0011975668,0,32.355005,7.1451564e-06,0
0.5,0,26.923248,0.0011317479,0,32.364233,7.042338e-06,0
0.5,0,26.919551,0.0010447847,0,32.373462,6.916298e-06,0
0.5,0,26.915231,0.00094298694,0,32.38269,6.7712359e-06,0
0.5,0,26.910361,0.00083301433,0,32.391918,6.6112385e-06,0
0.5,0,26.905109,0.00072203647,0,32.401147,6.4396816e-06,0
0.5,0,26.899737,0.00061699962,0,32.410375,6.2590699e-06,0
0.5,0,26.894551,0.00052439712,0,32.419604,6.0710027e-06,0
0.5,0,26.88984,0.00045062604,0,32.428832,5.8760379e-06,0
0.5,0,26.885809,0.00040126367,0,32.438061,5.6734378e-06,0
0.5,0,26.882558,0.00037973041,0,32.447289,5.4611116e-06,0
0.5,0,26.880087,0.00038819604,0,32.456518,5.235891e-06,0
0.5,0,26.878326,0.00042871594,0,32.465746,4.9940069e-06,0
0.5,0,26.877174,0.00050205478,0,32.474975,4.7315683e-06,0
0.5,0,26.876524,0.00060543245,0,32.484203,4.4447683e-06,0
0.5,0,26.876269,0.00073305965,0,32.493432,4.1299296e-06,0
0.5,0,26.876311,0.00088097077,0,32.50266,3.7839884e-06,0
0.5,0,26.876562,0.0010498509,0,32.511889,3.4056541e-06,0
0.5,0,26.876943,0.0012390975,0,32.521117,2.9963764e-06,0
0.5,0,26.877383,0.0014374087,0,32.530345,2.5599158e-06,0
0.5,0,26.877807,0.0016266145,0,32.539574,2.101094e-06,0
0.5,0,26.878128,0.0017961389,0,32.548802,1.6261687e-06,0
0.5,0,26.878265,0.0019321117,0,32.558031,1.1443619e-06,0
0.5,0,26.878243,0.0019832804,0,32.567259,6.6638384e-07,0
0.5,0,26.878325,0.0018560551,0,32.576488,2.0289232e-07,0
0.5,0,26.854993,-0.0012443428,0,33.720818,3.1080974e-07,0
0.5,0,26.855938,-0.0014687523,0,33.730046,6.977528e-07,0
0.5,0,26.856698,-0.0015254852,0,33.739275,1.0395566e-06,0
0.5,0,26.857153,-0.0015225547,0,33.748503,1.3317505e-06,0
0.5,0,26.85734,-0.0014794405,0,33.757732,1.5730619e-06,0
0.5,0,26.857355,-0.0013929754,0,33.76696,1.7627204e-06,0
0.5,0,26.857301,-0.0012772252,0,33.776188,1.9024947e-06,0
0.5,0,26.857271,-0.0011565606,0,33.785417,1.9987924e-06,0
0.5,0,26.857337,-0.0010421447,0,33.794645,2.0613178e-06,0
0.5,0,26.857553,-0.00093048953,0,33.803874,2.1001055e-06,0
0.5,0,26.857945,-0.0008197002,0,33.813102,2.1240173e-06,0
0.5,0,26.858513,-0.00071906596,0,33.822331,2.1410331e-06,0
0.5,0,26.859227,-0.00064194267,0,33.831559,2.1584128e-06,0
0.5,0,26.860034,-0.00059327141,0,33.840788,2.1814447e-06,0
0.5,0,26.860856,-0.00056711584,0,33.850016,2.2116224e-06,0
0.5,0,26.861596,-0.00055510548,0,33.859245,2.2459376e-06,0
0.5,0,26.862148,-0.00055393645,0,33.868473,2.2778075e-06,0
0.5,0,26.862394,-0.00056342965,0,33.877702,2.2986492e-06,0
0.5,0,26.862202,-0.00057928648,0,33.88693,2.2989207e-06,0
0.5,0,26.861432,-0.00059053628,0,33.896159,2.2684979e-06,0
0.5,0,26.859939,-0.00058451109,0,33.905387,2.1971141e-06,0
0.5,0,26.857594,-0.00055405255,0,33.914615,2.0753728e-06,0
0.5,0,26.854301,-0.00050187864,0,33.923844,1.8959101e-06,0
0.5,0,26.850026,-0.00044089378,0,33.933072,1.6537449e-06,0
0.5,0,26.844823,-0.00039072863,0,33.942301,1.3458742e-06,0
0.5,0,26.838879,-0.00038361306,0,33.951529,9.7169695e-07,0
0.5,0,26.832577,-0.00051019445,0,33.960758,5.3372138e-07,0
0.5,0,26.826489,-0.00085211294,0,33.969986,3.7683687e-08,0
0.5,0,26.822034,0.00016310138,0,34.173013,6.3934038e-07,0
0.5,0,26.827007,0.00011434017,0,34.182241,1.4585984e-06,0
0.5,0,26.832268,0.00022471413,0,34.191469,2.2844354e-06,0
0.5,0,26.837458,0.00031467124,0,34.200698,3.1106696e-06,0
0.5,0,26.842452,0.00033985254,0,34.209926,3.9367115e-06,0
0.5,0,26.847215,0.00033068083,0,34.219155,4.7602196e-06,0
0.5,0,26.851719,0.00032892417,0,34.228383,5.5741144e-06,0
0.5,0,26.855892,0.00033776806,0,34.237612,6.3701838e-06,0
0.5,0,26.859603,0.00033634102,0,34.24684,7.1431561e-06,0
0.5,0,26.862683,0.00031826019,0,34.256069,7.8901251e-06,0
0.5,0,26.864985,0.00030652562,0,34.265297,8.6070051e-06,0
0.5,0,26.866486,0.0003294628,0,34.274526,9.2853268e-06,0
0.5,0,26.867186,0.00039435762,0,34.283754,9.9126316e-06,0
0.5,0,26.867107,0.00048255336,0,34.292983,1.0475975e-05,0
0.5,0,26.8664,0.0005643402,0,34.302211,1.0964424e-05,0
0.5,0,26.865285,0.00062603367,0,34.31144,1.1368556e-05,0
0.5,0,26.864023,0.00067576131,0,34.320668,1.1678108e-05,0
0.5,0,26.862866,0.00072460598,0,34.329896,1.1881096e-05,0
0.5,0,26.862019,0.00076770886,0,34.339125,1.1965714e-05,0
0.5,0,26.86163,0.0007849428,0,34.348353,1.1923117e-05,0
0.5,0,26.861784,0.00075906907,0,34.357582,1.1748527e-05,0
0.5,0,26.862502,0.00069107429,0,34.36681,1.1440397e-05,0
0.5,0,26.863747,0.00059743264,0,34.376039,1.0999276e-05,0
0.5,0,26.86544,0.00049732665,0,34.385267,1.0427939e-05,0
0.5,0,26.867468,0.00040262146,0,34.394496,9.7325294e-06,0
0.5,0,26.869706,0.0003200499,0,34.403724,8.9229678e-06,0
0.5,0,26.872024,0.00026197374,0,34.412953,8.01187e-06,0
0.5,0,26.87428,0.00024989604,0,34.422181,7.0133517e-06,0
0.5,0,26.876305,0.00030235009,0,34.43141,5.9426485e-06,0
0.5,0,26.877913,0.00041589405,0,34.440638,4.8153316e-06,0
0.5,0,26.87895,0.00056378438,0,34.449867,3.6461856e-06,0
0.5,0,26.879397,0.00068062852,0,34.459095,2.449782e-06,0
0.5,0,26.879545,0.00056060457,0,34.468323,1.2389557e-06,0
0.5,0,26.880041,5.6813454e-05,0,34.477552,2.5519847e-08,0
0.5,0,26.828397,0.0024035262,0,34.874376,2.015051e-07,0
0.5,0,26.828612,0.0022304924,0,34.883604,8.6016684e-07,0
0.5,0,26.829267,0.0022487025,0,34.892833,1.4555529e-06,0
0.5,0,26.830048,0.0023095072,0,34.902061,1.9642989e-06,0
0.5,0,26.830785,0.002311939,0,34.91129,2.3712782e-06,0
0.5,0,26.831323,0.002214068,0,34.920518,2.6692177e-06,0
0.5,0,26.831546,0.0020319542,0,34.929747,2.8545101e-06,0
0.5,0,26.831377,0.0018119328,0,34.938975,2.9229892e-06,0
0.5,0,26.830757,0.001578515,0,34.948204,2.8713777e-06,0
0.5,0,26.829655,0.0013283406,0,34.957432,2.7013598e-06,0
0.5,0,26.828093,0.0010543416,0,34.966661,2.4209812e-06,0
0.5,0,26.82613,0.00075328512,0,34.975889,2.0437989e-06,0
0.5,0,26.823868,0.00041830878,0,34.985118,1.5870955e-06,0
0.5,0,26.821459,2.2414232e-05,0,34.994346,1.069208e-06,0
0.5,0,26.819183,-0.00053045982,0,35.003575,5.0540242e-07,0
0.5,0,26.789766,0.0010163935,0,35.437313,4.2876772e-07,0
0.5,0,26.793406,0.00068678859,0,35.446541,1.785222e-06,0
0.5,0,26.797513,0.00078121052,0,35.455769,3.1548486e-06,0
0.5,0,26.801524,0.0010107892,0,35.464998,4.5211889e-06,0
0.5,0,26.805255,0.0012216765,0,35.474226,5.8780744e-06,0
0.5,0,26.808676,0.0014208721,0,35.483455,7.2213954e-06,0
0.5,0,26.811776,0.0016630646,0,35.492683,8.5431533e-06,0
0.5,0,26.814536,0.0019521286,0,35.501912,9.8354614e-06,0
0.5,0,26.816953,0.0022412698,0,35.51114,1.1096881e-05,0
0.5,0,26.819059,0.0024914901,0,35.520369,1.2331571e-05,0
0.5,0,26.82091,0.0027029125,0,35.529597,1.3542277e-05,0
0.5,0,26.822559,0.0028977277,0,35.538826,1.4723833e-05,0
0.5,0,26.824027,0.0030796191,0,35.548054,1.5862044e-05,0
0.5,0,26.825302,0.0032119688,0,35.557283,1.6938013e-05,0
0.5,0,26.826361,0.003239724,0,35.566511,1.7933131e-05,0
0.5,0,26.827191,0.0031322735,0,35.57574,1.8830149e-05,0
0.5,0,26.827795,0.002903045,0,35.584968,1.9610793e-05,0
0.5,0,26.828187,0.002590606,0,35.594196,2.0254132e-05,0
0.5,0,26.828381,0.0022262097,0,35.603425,2.0738636e-05,0
0.5,0,26.828395,0.0018212861,0,35.612653,2.1046731e-05,0
0.5,0,26.828258,0.0013826673,0,35.621882,2.1168341e-05,0
0.5,0,26.828,0.00093366131,0,35.63111,2.1101207e-05,0
0.5,0,26.827642,0.00051569842,0,35.640339,2.0848994e-05,0
0.5,0,26.827168,0.00016865511,0,35.649567,2.0419661e-05,0
0.5,0,26.826533,-8.9161722e-05,0,35.658796,1.9825156e-05,0
0.5,0,26.825671,-0.00026246559,0,35.668024,1.9081177e-05,0
0.5,0,26.824537,-0.00036395707,0,35.677253,1.8205254e-05,0
0.5,0,26.823131,-0.00040018151,0,35.686481,1.7213193e-05,0
0.5,0,26.821506,-0.00037298725,0,35.69571,1.6115956e-05,0
0.5,0,26.819748,-0.00029461963,0,35.704938,1.491879e-05,0
0.5,0,26.817941,-0.00019734701,0,35.714167,1.3622313e-05,0
0.5,0,26.816127,-0.00011983262,0,35.723395,1.2224091e-05,0
0.5,0,26.814274,-8.0404804e-05,0,35.732623,1.072004e-05,0
0.5,0,26.812264,-7.1308721e-05,0,35.741852,9.1052714e-06,0
0.5,0,26.809892,-7.7895959e-05,0,35.75108,7.3738191e-06,0
0.5,0,26.806916,-9.6334954e-05,0,35.760309,5.5195921e-06,0
0.5,0,26.803252,-0.00022373628,0,35.769537,3.5416729e-06,0
0.5,0,26.799399,-0.00088273906,0,35.778766,1.4445148e-06,0
0.5,0,26.768653,0.0037717651,0,36.157133,1.6030042e-06,0
0.5,0,26.77494,0.0042074967,0,36.166361,4.2314168e-06,0
0.5,0,26.780548,0.0050895899,0,36.17559,6.8836785e-06,0
0.5,0,26.784978,0.0058132131,0,36.184818,9.5446611e-06,0
0.5,0,26.788355,0.0062077688,0,36.194047,1.2205908e-05,0
0.5,0,26.790973,0.0063485086,0,36.203275,1.4845684e-05,0
0.5,0,26.793114,0.0063423074,0,36.212504,1.7425076e-05,0
0.5,0,26.795046,0.0061917066,0,36.221732,1.9903259e-05,0
0.5,0,26.797035,0.0058514765,0,36.230961,2.2251936e-05,0
0.5,0,26.799304,0.0053232801,0,36.240189,2.4456002e-05,0
0.5,0,26.801993,0.0046864696,0,36.249418,2.6505709e-05,0
0.5,0,26.805125,0.0040566755,0,36.258646,2.8389619e-05,0
0.5,0,26.808642,0.0035059701,0,36.267875,3.0095083e-05,0
0.5,0,26.812472,0.0030265515,0,36.277103,3.1615087e-05,0
0.5,0,26.81659,0.0025755931,0,36.286331,3.2952853e-05,0
0.5,0,26.821007,0.0021436359,0,36.29556,3.4118425e-05,0
0.5,0,26.825726,0.0017677586,0,36.304788,3.5120719e-05,0
0.5,0,26.830712,0.0014813199,0,36.314017,3.5962665e-05,0
0.5,0,26.835899,0.0012613357,0,36.323245,3.6642431e-05,0
0.5,0,26.841227,0.0010310558,0,36.332474,3.7156802e-05,0
0.5,0,26.846659,0.00071359251,0,36.341702,3.7501063e-05,0
0.5,0,26.852145,0.00027948543,0,36.350931,3.7664698e-05,0
0.5,0,26.857564,-0.00025686555,0,36.360159,3.7627831e-05,0
0.5,0,26.862664,-0.00087718433,0,36.369388,3.736327e-05,0
0.5,0,26.867077,-0.0015860781,0,36.378616,3.6843784e-05,0
0.5,0,26.870366,-0.0023955372,0,36.387845,3.6048995e-05,0
0.5,0,26.872115,-0.003286061,0,36.397073,3.4967083e-05,0
0.5,0,26.872005,-0.004191399,0,36.406302,3.3592397e-05,0
0.5,0,26.869866,-0.0050265023,0,36.41553,3.1923673e-05,0
0.5,0,26.865691,-0.0057270878,0,36.424758,2.9965785e-05,0
0.5,0,26.859621,-0.0062619288,0,36.433987,2.7733305e-05,0
0.5,0,26.85191,-0.0066162627,0,36.443215,2.5251267e-05,0
0.5,0,26.842888,-0.0067698792,0,36.452444,2.2551179e-05,0
0.5,0,26.832901,-0.0066897372,0,36.461672,1.9665781e-05,0
0.5,0,26.822259,-0.006349424,0,36.470901,1.6627342e-05,0
0.5,0,26.811175,-0.0057618059,0,36.480129,1.3468465e-05,0
0.5,0,26.799735,-0.0049756629,0,36.489358,1.0221242e-05,0
0.5,0,26.787993,-0.0040871374,0,36.498586,6.9164166e-06,0
0.5,0,26.776411,-0.0034999886,0,36.507815,3.5813581e-06,0
0.5,0,26.766332,-0.0039074014,0,36.517043,2.3296791e-07,0
0.5,0,26.761713,0.0063206921,0,36.913867,3.6478559e-06,0
0.5,0,26.764331,0.0067132082,0,36.923096,7.3991373e-06,0
0.5,0,26.766452,0.0073108095,0,36.932324,1.1112691e-05,0
0.5,0,26.768049,0.0076752834,0,36.941553,1.4782437e-05,0
0.5,0,26.769436,0.0078504945,0,36.950781,1.8406622e-05,0
0.5,0,26.77089,0.0080102112,0,36.96001,2.196865e-05,0
0.5,0,26.772588,0.0082005532,0,36.969238,2.5443559e-05,0
0.5,0,26.774639,0.0083122929,0,36.978466,2.8814719e-05,0
0.5,0,26.777088,0.0082401046,0,36.987695,3.2075544e-05,0
0.5,0,26.779855,0.0079818685,0,36.996923,3.5216721e-05,0
0.5,0,26.782693,0.0076112671,0,37.006152,3.8214063e-05,0
0.5,0,26.785232,0.007182074,0,37.01538,4.102781e-05,0
0.5,0,26.787102,0.0066563017,0,37.024609,4.3613887e-05,0
0.5,0,26.788056,0.0059371844,0,37.033837,4.5936311e-05,0
0.5,0,26.788012,0.0049763455,0,37.043066,4.796933e-05,0
0.5,0,26.787001,0.0038369096,0,37.052294,4.9690315e-05,0
0.5,0,26.785104,0.002650552,0,37.061523,5.1074534e-05,0
0.5,0,26.782429,0.001523505,0,37.070751,5.2099308e-05,0
0.5,0,26.77915,0.00048717097,0,37.07998,5.2753703e-05,0
0.5,0,26.775549,-0.00046994277,0,37.089208,5.3043455e-05,0
0.5,0,26.771996,-0.0013411455,0,37.098437,5.2985861e-05,0
0.5,0,26.768866,-0.0020880727,0,37.107665,5.2599681e-05,0
0.5,0,26.766449,-0.0026876738,0,37.116893,5.1899277e-05,0
0.5,0,26.764898,-0.0031802552,0,37.126122,5.0896691e-05,0
0.5,0,26.764243,-0.0036534613,0,37.13535,4.9606647e-05,0
0.5,0,26.764441,-0.004174645,0,37.144579,4.8046964e-05,0
0.5,0,26.76538,-0.0047404992,0,37.153807,4.6233026e-05,0
0.5,0,26.766851,-0.0052892291,0,37.163036,4.417237e-05,0
0.5,0,26.76856,-0.0057639094,0,37.172264,4.1865664e-05,0
0.5,0,26.77017,-0.0061578736,0,37.181493,3.9313743e-05,0
0.5,0,26.77136,-0.0064967144,0,37.190721,3.6524224e-05,0
0.5,0,26.771868,-0.006790293,0,37.19995,3.3512244e-05,0
0.5,0,26.771511,-0.0070137712,0,37.209178,3.0296014e-05,0
0.5,0,26.770182,-0.0071311589,0,37.218407,2.6892433e-05,0
0.5,0,26.767832,-0.0071225006,0,37.227635,2.331729e-05,0
0.5,0,26.764432,-0.0069899464,0,37.236864,1.958879e-05,0
0.5,0,26.759936,-0.0067446462,0,37.246092,1.5727823e-05,0
0.5,0,26.754253,-0.0063734424,0,37.25532,1.1753159e-05,0
0.5,0,26.747367,-0.0059129762,0,37.264549,7.6801451e-06,0
0.5,0,26.739931,-0.0058846269,0,37.273777,3.5210015e-06,0
0.5,0,26.73728,0.0067578954,0,37.698287,7.9416707e-07,0
0.5,0,26.74291,0.006888785,0,37.707515,4.819534e-06,0
0.5,0,26.74754,0.0078445787,0,37.716744,8.8736453e-06,0
0.5,0,26.750391,0.0088060204,0,37.725972,1.2925879e-05,0
0.5,0,26.751942,0.0093652616,0,37.735201,1.6938999e-05,0
0.5,0,26.751978,0.0094202944,0,37.744429,2.0841893e-05,0
0.5,0,26.752337,0.0092102162,0,37.753658,2.4550812e-05,0
0.5,0,26.749717,0.0085980817,0,37.762886,2.7947274e-05,0
0.5,0,26.752083,0.0082149983,0,37.772115,3.1000192e-05,0
0.5,0,26.739612,0.0068048853,0,37.781343,3.3537174e-05,0
0.5,0,26.758339,0.0073111582,0,37.790572,3.5689068e-05,0
0.5,0,26.795473,0.0093640725,0,37.7998,3.6758233e-05,0
