"f","p","u.x:0","u.x:1","u.x:2","Points:0","Points:1","Points:2"
0.5,0,26.721292,0.070204996,0,-37.790572,-0.00038650221,0
0.5,0,26.708376,0.071916132,0,-37.7998,-0.00038792961,0
0.5,0,26.737017,0.070536162,0,-37.781343,-0.0003830261,0
0.5,0,26.739239,0.073064411,0,-37.772115,-0.00037820507,0
0.5,0,26.740502,0.074909596,0,-37.762886,-0.00037205985,0
0.5,0,26.74546,0.077979283,0,-37.753658,-0.00036491556,0
0.5,0,26.749903,0.080922299,0,-37.744429,-0.00035703616,0
0.5,0,26.751273,0.082939713,0,-37.735201,-0.00034850033,0
0.5,0,26.752135,0.084243514,0,-37.725972,-0.00033937577,0
0.5,0,26.755019,0.084790558,0,-37.716744,-0.00032974552,0
0.5,0,26.759083,0.084332304,0,-37.707515,-0.00031965236,0
0.5,0,26.761952,0.083211848,0,-37.698287,-0.0003091548,0
0.5,0,26.762738,0.082063706,0,-37.689058,-0.00029839658,0
0.5,0,26.762417,0.081175946,0,-37.67983,-0.00028758164,0
0.5,0,26.762054,0.080464605,0,-37.670601,-0.00027691363,0
0.5,0,26.761563,0.079668544,0,-37.661373,-0.00026655939,0
0.5,0,26.760212,0.07844255,0,-37.652145,-0.00025662887,0
0.5,0,26.757786,0.076583457,0,-37.642916,-0.00024717938,0
0.5,0,26.754941,0.07427258,0,-37.633688,-0.00023826041,0
0.5,0,26.752616,0.071908985,0,-37.624459,-0.0002299591,0
0.5,0,26.751393,0.069654582,0,-37.615231,-0.00022238978,0
0.5,0,26.751407,0.067260355,0,-37.606002,-0.00021563818,0
0.5,0,26.752584,0.064356115,0,-37.596774,-0.00020972518,0
0.5,0,26.754747,0.060825019,0,-37.587545,-0.00020462515,0
0.5,0,26.757557,0.056896219,0,-37.578317,-0.00020031486,0
0.5,0,26.760513,0.052973337,0,-37.569088,-0.00019681051,0
0.5,0,26.763119,0.049408949,0,-37.55986,-0.00019417298,0
0.5,0,26.765035,0.046357137,0,-37.550631,-0.00019248608,0
0.5,0,26.766086,0.043734862,0,-37.541403,-0.00019182235,0
0.5,0,26.766213,0.04129155,0,-37.532174,-0.00019221251,0
0.5,0,26.765485,0.038760494,0,-37.522946,-0.00019363316,0
0.5,0,26.764218,0.036015943,0,-37.513718,-0.00019601852,0
0.5,0,26.76299,0.033134154,0,-37.504489,-0.00019928821,0
0.5,0,26.762466,0.030318373,0,-37.495261,-0.00020337234,0
0.5,0,26.763052,0.02775009,0,-37.486032,-0.00020821799,0
0.5,0,26.764629,0.025485477,0,-37.476804,-0.00021377751,0
0.5,0,26.766543,0.023473354,0,-37.467575,-0.00021999238,0
0.5,0,26.767881,0.02164765,0,-37.458347,-0.00022678672,0
0.5,0,26.767888,0.019988494,0,-37.449118,-0.00023407273,0
0.5,0,26.76631,0.018508018,0,-37.43989,-0.00024175822,0
0.5,0,26.763516,0.017208236,0,-37.430661,-0.00024974907,0
0.5,0,26.760366,0.016086251,0,-37.421433,-0.00025794981,0
0.5,0,26.757895,0.015187401,0,-37.412204,-0.00026626922,0
0.5,0,26.756936,0.014630686,0,-37.402976,-0.00027463177,0
0.5,0,26.757834,0.014556807,0,-37.393747,-0.00028298479,0
0.5,0,26.760342,0.015026624,0,-37.384519,-0.00029129194,0
0.5,0,26.763754,0.015950616,0,-37.375291,-0.00029951346,0
0.5,0,26.767195,0.017111514,0,-37.366062,-0.00030758465,0
0.5,0,26.769947,0.018269394,0,-37.356834,-0.00031540606,0
0.5,0,26.771676,0.01928239,0,-37.347605,-0.0003228518,0
0.5,0,26.772465,0.020167945,0,-37.338377,-0.00032979084,0
0.5,0,26.772692,0.02107098,0,-37.329148,-0.00033610952,0
0.5,0,26.772817,0.022172189,0,-37.31992,-0.00034172356,0
0.5,0,26.773204,0.023596962,0,-37.310691,-0.00034657559,0
0.5,0,26.774022,0.025374965,0,-37.301463,-0.00035062325,0
0.5,0,26.775238,0.027465338,0,-37.292234,-0.00035382729,0
0.5,0,26.776662,0.029818563,0,-37.283006,-0.00035614681,0
0.5,0,26.778014,0.032424317,0,-37.273777,-0.00035754157,0
0.5,0,26.778992,0.035309753,0,-37.264549,-0.00035797595,0
0.5,0,26.779343,0.038493908,0,-37.25532,-0.00035741807,0
0.5,0,26.778932,0.041940472,0,-37.246092,-0.00035583408,0
0.5,0,26.777781,0.045549553,0,-37.236864,-0.00035318255,0
0.5,0,26.776088,0.049193973,0,-37.227635,-0.00034941499,0
0.5,0,26.774193,0.052775603,0,-37.218407,-0.00034448368,0
0.5,0,26.772498,0.056256724,0,-37.209178,-0.00033835325,0
0.5,0,26.77137,0.059648256,0,-37.19995,-0.0003310097,0
0.5,0,26.771039,0.062975001,0,-37.190721,-0.00032246295,0
0.5,0,26.771529,0.066237629,0,-37.181493,-0.00031274605,0
0.5,0,26.772654,0.069405166,0,-37.172264,-0.00030191426,0
0.5,0,26.774082,0.072444912,0,-37.163036,-0.00029004605,0
0.5,0,26.77546,0.075331641,0,-37.153807,-0.00027724551,0
0.5,0,26.776543,0.078035933,0,-37.144579,-0.00026364011,0
0.5,0,26.777269,0.080512517,0,-37.13535,-0.00024937008,0
0.5,0,26.777766,0.082681765,0,-37.126122,-0.00023457248,0
0.5,0,26.778254,0.084429012,0,-37.116893,-0.00021936738,0
0.5,0,26.778908,0.085629491,0,-37.107665,-0.00020385339,0
0.5,0,26.77974,0.086188584,0,-37.098437,-0.00018811468,0
0.5,0,26.780574,0.086079842,0,-37.089208,-0.00017223512,0
0.5,0,26.781129,0.085361177,0,-37.07998,-0.00015631073,0
0.5,0,26.781171,0.084157313,0,-37.070751,-0.00014045348,0
0.5,0,26.780647,0.082612025,0,-37.061523,-0.00012478606,0
0.5,0,26.779744,0.080830027,0,-37.052294,-0.0001094336,0
0.5,0,26.778816,0.078837891,0,-37.043066,-9.4519399e-05,0
0.5,0,26.778249,0.076592601,0,-37.033837,-8.0166796e-05,0
0.5,0,26.77832,0.074044589,0,-37.024609,-6.6501433e-05,0
0.5,0,26.779121,0.07121258,0,-37.01538,-5.364545e-05,0
0.5,0,26.780575,0.068195649,0,-37.006152,-4.1703443e-05,0
0.5,0,26.782475,0.065075737,0,-36.996923,-3.0751764e-05,0
0.5,0,26.784453,0.061828032,0,-36.987695,-2.0847387e-05,0
0.5,0,26.785557,0.058640193,0,-36.978466,-1.2047592e-05,0
0.5,0,26.784053,0.056166287,0,-36.969238,-4.3823989e-06,0
0.5,0,26.781139,0.053093249,0,-36.963012,-2.5804012e-15,0
0.5,0,26.817484,0.0065246713,0,-36.867725,-5.5290592e-06,0
0.5,0,26.811452,0.0072758298,0,-36.87519,-2.5804012e-15,0
0.5,0,26.823044,0.0045452223,0,-36.858496,-1.3638463e-05,0
0.5,0,26.826917,0.0022063095,0,-36.849268,-2.2930955e-05,0
0.5,0,26.829733,-0.00019825124,0,-36.840039,-3.328991e-05,0
0.5,0,26.831743,-0.0025917711,0,-36.830811,-4.4590843e-05,0
0.5,0,26.833048,-0.0048932949,0,-36.821583,-5.6700209e-05,0
0.5,0,26.833751,-0.0069520057,0,-36.812354,-6.9484891e-05,0
0.5,0,26.834031,-0.0086001407,0,-36.803126,-8.2817944e-05,0
0.5,0,26.834069,-0.0097468449,0,-36.793897,-9.6576398e-05,0
0.5,0,26.833745,-0.010392893,0,-36.784669,-0.00011063899,0
0.5,0,26.833406,-0.01057166,0,-36.77544,-0.00012488197,0
0.5,0,26.832836,-0.010314433,0,-36.766212,-0.00013917065,0
0.5,0,26.832249,-0.0096050685,0,-36.756983,-0.00015335999,0
0.5,0,26.832084,-0.0084526428,0,-36.747755,-0.00016730728,0
0.5,0,26.831501,-0.0070050939,0,-36.738526,-0.00018088367,0
0.5,0,26.829589,-0.0053887607,0,-36.729298,-0.00019396783,0
0.5,0,26.826201,-0.0035563135,0,-36.720069,-0.00020644182,0
0.5,0,26.822451,-0.0014068535,0,-36.710841,-0.00021820683,0
0.5,0,26.819355,0.0010786347,0,-36.701612,-0.00022918656,0
0.5,0,26.817321,0.0038690163,0,-36.692384,-0.00023931475,0
0.5,0,26.816362,0.0069622872,0,-36.683156,-0.00024852914,0
0.5,0,26.816248,0.01036458,0,-36.673927,-0.0002567733,0
0.5,0,26.816597,0.014013082,0,-36.664699,-0.00026399965,0
0.5,0,26.817064,0.017768991,0,-36.65547,-0.00027017273,0
0.5,0,26.817445,0.021493344,0,-36.646242,-0.00027526878,0
0.5,0,26.817709,0.025086044,0,-36.637013,-0.00027927019,0
0.5,0,26.817973,0.02849839,0,-36.627785,-0.0002821599,0
0.5,0,26.818174,0.03175484,0,-36.618556,-0.00028391938,0
0.5,0,26.817431,0.034878849,0,-36.609328,-0.0002845336,0
0.5,0,26.816152,0.037885655,0,-36.600099,-0.00028399738,0
0.5,0,26.815375,0.040854965,0,-36.590871,-0.00028231692,0
0.5,0,26.814956,0.043856841,0,-36.581642,-0.00027951247,0
0.5,0,26.814875,0.046921249,0,-36.572414,-0.00027562255,0
0.5,0,26.815215,0.050066013,0,-36.563185,-0.00027070234,0
0.5,0,26.816241,0.053221838,0,-36.553957,-0.00026481013,0
0.5,0,26.818201,0.056235791,0,-36.544729,-0.00025799214,0
0.5,0,26.82109,0.058999307,0,-36.5355,-0.00025028393,0
0.5,0,26.824717,0.06149441,0,-36.526272,-0.00024172235,0
0.5,0,26.828838,0.06372938,0,-36.517043,-0.00023234986,0
0.5,0,26.833313,0.065715496,0,-36.507815,-0.00022221105,0
0.5,0,26.838168,0.067500202,0,-36.498586,-0.00021135487,0
0.5,0,26.843523,0.069131065,0,-36.489358,-0.00019984587,0
0.5,0,26.849797,0.070633902,0,-36.480129,-0.00018777116,0
0.5,0,26.858305,0.07199597,0,-36.470901,-0.00017523292,0
0.5,0,26.869821,0.073030114,0,-36.461672,-0.00016234213,0
0.5,0,26.877298,0.07376636,0,-36.452444,-0.00014919704,0
0.5,0,26.878994,0.073927081,0,-36.443215,-0.00013589926,0
0.5,0,26.88117,0.073816694,0,-36.433987,-0.0001226297,0
0.5,0,26.882863,0.073679654,0,-36.424758,-0.00010947101,0
0.5,0,26.883235,0.072824044,0,-36.41553,-9.6468985e-05,0
0.5,0,26.88348,0.071358159,0,-36.406302,-8.3783945e-05,0
0.5,0,26.883369,0.069529665,0,-36.397073,-7.1531322e-05,0
0.5,0,26.882911,0.067281056,0,-36.387845,-5.9791443e-05,0
0.5,0,26.882165,0.064616793,0,-36.378616,-4.8655064e-05,0
0.5,0,26.880923,0.061639977,0,-36.369388,-3.822012e-05,0
0.5,0,26.87934,0.058501432,0,-36.360159,-2.8582654e-05,0
0.5,0,26.877345,0.055357667,0,-36.350931,-1.9828307e-05,0
0.5,0,26.873874,0.05252365,0,-36.341702,-1.2037798e-05,0
0.5,0,26.866867,0.05108456,0,-36.332474,-5.2698637e-06,0
0.5,0,26.856003,0.048984111,0,-36.323952,-2.5804012e-15,0
0.5,0,26.862444,0.0037661656,0,-36.240189,-3.0439468e-06,0
0.5,0,26.857109,0.0041073894,0,-36.245361,-2.5804012e-15,0
0.5,0,26.86743,0.0025279996,0,-36.230961,-9.7105213e-06,0
0.5,0,26.868157,0.00027052557,0,-36.221732,-1.7582799e-05,0
0.5,0,26.866018,-0.0020237226,0,-36.212504,-2.6611165e-05,0
0.5,0,26.862026,-0.0041506389,0,-36.203275,-3.6758507e-05,0
0.5,0,26.857088,-0.006319132,0,-36.194047,-4.7957477e-05,0
0.5,0,26.852682,-0.0085958098,0,-36.184818,-6.0106281e-05,0
0.5,0,26.849883,-0.01090968,0,-36.17559,-7.3087498e-05,0
0.5,0,26.848818,-0.013184503,0,-36.166361,-8.6778711e-05,0
0.5,0,26.84895,-0.015311026,0,-36.157133,-0.00010105823,0
0.5,0,26.849587,-0.017096853,0,-36.147904,-0.00011581672,0
0.5,0,26.850282,-0.018365139,0,-36.138676,-0.00013096205,0
0.5,0,26.850883,-0.019076713,0,-36.129448,-0.00014640662,0
0.5,0,26.851443,-0.019321493,0,-36.120219,-0.00016204957,0
0.5,0,26.852086,-0.019205988,0,-36.110991,-0.00017777067,0
0.5,0,26.852902,-0.018770477,0,-36.101762,-0.0001934381,0
0.5,0,26.853901,-0.01798911,0,-36.092534,-0.00020892069,0
0.5,0,26.855009,-0.016823414,0,-36.083305,-0.00022409435,0
0.5,0,26.856087,-0.015278978,0,-36.074077,-0.00023883882,0
0.5,0,26.856975,-0.013415422,0,-36.064848,-0.00025303033,0
0.5,0,26.857628,-0.011305451,0,-36.05562,-0.000266539,0
0.5,0,26.858094,-0.0089887492,0,-36.046391,-0.00027923421,0
0.5,0,26.858571,-0.0064503707,0,-36.037163,-0.00029099443,0
0.5,0,26.85917,-0.0036304388,0,-36.027934,-0.000301714,0
0.5,0,26.85989,-0.00047222641,0,-36.018706,-0.00031130423,0
0.5,0,26.860734,0.0030365763,0,-36.009477,-0.00031969075,0
0.5,0,26.861556,0.0068623437,0,-36.000249,-0.00032680978,0
0.5,0,26.862265,0.010938997,0,-35.991021,-0.00033260425,0
0.5,0,26.862832,0.015189749,0,-35.981792,-0.00033702173,0
0.5,0,26.863202,0.019553407,0,-35.972564,-0.00034001687,0
0.5,0,26.863292,0.023991972,0,-35.963335,-0.00034155631,0
0.5,0,26.863066,0.028478725,0,-35.954107,-0.0003416223,0
0.5,0,26.862611,0.03298602,0,-35.944878,-0.00034021422,0
0.5,0,26.862102,0.037478747,0,-35.93565,-0.00033734833,0
0.5,0,26.861722,0.041911122,0,-35.926421,-0.00033305626,0
0.5,0,26.861613,0.046227921,0,-35.917193,-0.00032738303,0
0.5,0,26.861871,0.050369249,0,-35.907964,-0.00032038493,0
0.5,0,26.862565,0.054276611,0,-35.898736,-0.00031212783,0
0.5,0,26.86372,0.057899977,0,-35.889507,-0.00030268606,0
0.5,0,26.865302,0.061203691,0,-35.880279,-0.00029214225,0
0.5,0,26.867195,0.06416759,0,-35.87105,-0.00028058767,0
0.5,0,26.869216,0.066782029,0,-35.861822,-0.00026812224,0
0.5,0,26.871141,0.069040215,0,-35.852594,-0.0002548536,0
0.5,0,26.87275,0.070933008,0,-35.843365,-0.00024089516,0
0.5,0,26.873862,0.072449457,0,-35.834137,-0.00022636351,0
0.5,0,26.874368,0.073583286,0,-35.824908,-0.00021137584,0
0.5,0,26.874266,0.074341334,0,-35.81568,-0.00019604801,0
0.5,0,26.873685,0.074748007,0,-35.806451,-0.00018049393,0
0.5,0,26.872876,0.074841415,0,-35.797223,-0.00016482643,0
0.5,0,26.872168,0.074661774,0,-35.787994,-0.0001491593,0
0.5,0,26.871899,0.074236853,0,-35.778766,-0.00013360926,0
0.5,0,26.872347,0.073569537,0,-35.769537,-0.00011829676,0
0.5,0,26.873676,0.072630701,0,-35.760309,-0.00010334488,0
0.5,0,26.875918,0.071358253,0,-35.75108,-8.8877098e-05,0
0.5,0,26.878973,0.069667927,0,-35.741852,-7.5015089e-05,0
0.5,0,26.882622,0.067486796,0,-35.732623,-6.1876499e-05,0
0.5,0,26.886547,0.06480986,0,-35.723395,-4.9570368e-05,0
0.5,0,26.890356,0.061749611,0,-35.714167,-3.8188659e-05,0
0.5,0,26.89356,0.058508444,0,-35.704938,-2.7798212e-05,0
0.5,0,26.895436,0.055320025,0,-35.69571,-1.8447464e-05,0
0.5,0,26.894437,0.052737755,0,-35.686481,-1.0186159e-05,0
0.5,0,26.888381,0.05116403,0,-35.677253,-3.0554648e-06,0
0.5,0,26.882909,0.049129044,0,-35.672493,-2.5804012e-15,0
0.5,0,26.889775,0.0040211556,0,-35.594196,-2.7070403e-06,0
0.5,0,26.885227,0.0048479418,0,-35.59827,-2.5804012e-15,0
0.5,0,26.894763,0.001633748,0,-35.584968,-1.0352893e-05,0
0.5,0,26.894602,-0.0019069273,0,-35.57574,-1.946081e-05,0
0.5,0,26.89171,-0.0057287833,0,-35.566511,-2.995347e-05,0
0.5,0,26.888275,-0.0093126596,0,-35.557283,-4.1782126e-05,0
0.5,0,26.885674,-0.012714185,0,-35.548054,-5.4870584e-05,0
0.5,0,26.884291,-0.016012743,0,-35.538826,-6.9103782e-05,0
0.5,0,26.883788,-0.019147194,0,-35.529597,-8.4347692e-05,0
0.5,0,26.883616,-0.022032688,0,-35.520369,-0.00010046401,0
0.5,0,26.883419,-0.02461237,0,-35.51114,-0.00011731107,0
0.5,0,26.883146,-0.026777385,0,-35.501912,-0.00013475128,0
0.5,0,26.882965,-0.028370154,0,-35.492683,-0.00015266241,0
0.5,0,26.88308,-0.029298154,0,-35.483455,-0.00017093447,0
0.5,0,26.883719,-0.029599182,0,-35.474226,-0.00018945196,0
0.5,0,26.884993,-0.029390529,0,-35.464998,-0.00020807931,0
0.5,0,26.887058,-0.028771196,0,-35.455769,-0.00022666311,0
0.5,0,26.89055,-0.027763299,0,-35.446541,-0.00024504689,0
0.5,0,26.89706,-0.02635331,0,-35.437312,-0.00026308207,0
0.5,0,26.907005,-0.024668815,0,-35.428084,-0.0002806296,0
0.5,0,26.914659,-0.022679323,0,-35.418856,-0.00029754992,0
0.5,0,26.918639,-0.020265569,0,-35.409627,-0.00031370113,0
0.5,0,26.922275,-0.017493987,0,-35.400399,-0.00032894394,0
0.5,0,26.925343,-0.014409835,0,-35.39117,-0.00034313971,0
0.5,0,26.927833,-0.01102699,0,-35.381942,-0.00035615646,0
0.5,0,26.929655,-0.0073287593,0,-35.372713,-0.00036787726,0
0.5,0,26.930752,-0.0033088766,0,-35.363485,-0.00037820289,0
0.5,0,26.931114,0.0010095477,0,-35.354256,-0.00038705007,0
0.5,0,26.93079,0.0055846328,0,-35.345028,-0.00039434958,0
0.5,0,26.929882,0.010369101,0,-35.335799,-0.00040004602,0
0.5,0,26.92854,0.015317093,0,-35.326571,-0.00040409882,0
0.5,0,26.926953,0.020386809,0,-35.317342,-0.00040648365,0
0.5,0,26.925306,0.025535686,0,-35.308114,-0.00040719287,0
0.5,0,26.923754,0.030712394,0,-35.298885,-0.00040623465,0
0.5,0,26.922404,0.035857062,0,-35.289657,-0.00040363156,0
0.5,0,26.921307,0.04090805,0,-35.280429,-0.0003994194,0
0.5,0,26.920476,0.045805996,0,-35.2712,-0.00039364664,0
0.5,0,26.919898,0.050493751,0,-35.261972,-0.00038637354,0
0.5,0,26.919554,0.054917453,0,-35.252743,-0.00037767121,0
0.5,0,26.919429,0.059030567,0,-35.243515,-0.00036762099,0
0.5,0,26.919523,0.062796517,0,-35.234286,-0.00035631418,0
0.5,0,26.91985,0.066186988,0,-35.225058,-0.00034385176,0
0.5,0,26.920439,0.069178255,0,-35.215829,-0.00033034335,0
0.5,0,26.921332,0.071749636,0,-35.206601,-0.00031590584,0
0.5,0,26.922578,0.073884674,0,-35.197372,-0.00030066185,0
0.5,0,26.924221,0.075573365,0,-35.188144,-0.00028473851,0
0.5,0,26.926294,0.076813795,0,-35.178915,-0.0002682666,0
0.5,0,26.92881,0.077612336,0,-35.169687,-0.00025138,0
0.5,0,26.931757,0.077982481,0,-35.160458,-0.00023421543,0
0.5,0,26.9351,0.077942224,0,-35.15123,-0.00021691217,0
0.5,0,26.938779,0.077510313,0,-35.142002,-0.00019961168,0
0.5,0,26.942714,0.076702428,0,-35.132773,-0.00018245677,0
0.5,0,26.946804,0.075528679,0,-35.123545,-0.00016559039,0
0.5,0,26.950927,0.07399352,0,-35.114316,-0.00014915396,0
0.5,0,26.95495,0.072097322,0,-35.105088,-0.00013328562,0
0.5,0,26.95873,0.069838552,0,-35.095859,-0.00011811829,0
0.5,0,26.962137,0.067216202,0,-35.086631,-0.00010377788,0
0.5,0,26.965066,0.06423254,0,-35.077402,-9.0381666e-05,0
0.5,0,26.967448,0.060896498,0,-35.068174,-7.8037144e-05,0
0.5,0,26.969262,0.057226675,0,-35.058945,-6.6841554e-05,0
0.5,0,26.970531,0.053252696,0,-35.049717,-5.6881849e-05,0
0.5,0,26.97131,0.049014496,0,-35.040488,-4.8234802e-05,0
0.5,0,26.971677,0.044559783,0,-35.03126,-4.0966859e-05,0
0.5,0,26.971722,0.039940324,0,-35.022031,-3.5133558e-05,0
0.5,0,26.971527,0.035209444,0,-35.012803,-3.0778583e-05,0
0.5,0,26.97116,0.030420775,0,-35.003575,-2.7932448e-05,0
0.5,0,26.970669,0.025626254,0,-34.994346,-2.6611097e-05,0
0.5,0,26.970087,0.020875267,0,-34.985118,-2.6814897e-05,0
0.5,0,26.969441,0.016213862,0,-34.975889,-2.8528038e-05,0
0.5,0,26.968754,0.011682751,0,-34.966661,-3.1718825e-05,0
0.5,0,26.968053,0.007317799,0,-34.957432,-3.6341172e-05,0
0.5,0,26.967369,0.0031502088,0,-34.948204,-4.2336519e-05,0
0.5,0,26.966726,-0.00079428347,0,-34.938975,-4.9636177e-05,0
0.5,0,26.966136,-0.0044939861,0,-34.929747,-5.8164311e-05,0
0.5,0,26.9656,-0.0079311849,0,-34.920518,-6.7840867e-05,0
0.5,0,26.965104,-0.011093507,0,-34.91129,-7.858362e-05,0
0.5,0,26.964632,-0.013973712,0,-34.902061,-9.0309215e-05,0
0.5,0,26.964167,-0.016567819,0,-34.892833,-0.00010293353,0
0.5,0,26.9637,-0.018873182,0,-34.883604,-0.00011637155,0
0.5,0,26.963234,-0.020887782,0,-34.874376,-0.000130537,0
0.5,0,26.962785,-0.022610463,0,-34.865148,-0.00014534168,0
0.5,0,26.962387,-0.02404141,0,-34.855919,-0.00016069495,0
0.5,0,26.962082,-0.025181985,0,-34.846691,-0.00017650331,0
0.5,0,26.961911,-0.026034478,0,-34.837462,-0.00019267041,0
0.5,0,26.961893,-0.026601867,0,-34.828234,-0.00020909728,0
0.5,0,26.962019,-0.026887228,0,-34.819005,-0.0002256827,0
0.5,0,26.962245,-0.026893021,0,-34.809777,-0.0002423237,0
0.5,0,26.962498,-0.026620195,0,-34.800548,-0.00025891591,0
0.5,0,26.962693,-0.026067483,0,-34.79132,-0.00027535392,0
0.5,0,26.962753,-0.025231309,0,-34.782091,-0.00029153159,0
0.5,0,26.962628,-0.024106243,0,-34.772863,-0.0003073423,0
0.5,0,26.96232,-0.022686001,0,-34.763634,-0.0003226794,0
0.5,0,26.961891,-0.020964479,0,-34.754406,-0.00033743701,0
0.5,0,26.961477,-0.018937174,0,-34.745177,-0.00035151126,0
0.5,0,26.961283,-0.016603822,0,-34.735949,-0.00036480188,0
0.5,0,26.961566,-0.013971779,0,-34.726721,-0.00037721391,0
0.5,0,26.962617,-0.011058523,0,-34.717492,-0.00038865937,0
0.5,0,26.964724,-0.007891547,0,-34.708264,-0.00039905882,0
0.5,0,26.968134,-0.0045057626,0,-34.699035,-0.00040834243,0
0.5,0,26.973012,-0.0009399629,0,-34.689807,-0.00041645034,0
0.5,0,26.979401,0.002763998,0,-34.680578,-0.0004233327,0
0.5,0,26.9872,0.0065638307,0,-34.67135,-0.00042894928,0
0.5,0,26.996156,0.010422587,0,-34.662121,-0.00043326841,0
0.5,0,27.005869,0.014309621,0,-34.652893,-0.00043626588,0
0.5,0,27.015831,0.018200135,0,-34.643664,-0.00043792436,0
0.5,0,27.025481,0.022075524,0,-34.634436,-0.00043823277,0
0.5,0,27.034263,0.025923621,0,-34.625207,-0.00043718582,0
0.5,0,27.041687,0.029739112,0,-34.615979,-0.00043478418,0
0.5,0,27.047388,0.033520784,0,-34.60675,-0.00043103474,0
0.5,0,27.051162,0.03726932,0,-34.597522,-0.00042595091,0
0.5,0,27.052997,0.040985791,0,-34.588294,-0.00041955309,0
0.5,0,27.053075,0.044668599,0,-34.579065,-0.00041186895,0
0.5,0,27.051755,0.048310546,0,-34.569837,-0.00040293359,0
0.5,0,27.04953,0.051896534,0,-34.560608,-0.00039278956,0
0.5,0,27.046964,0.055402814,0,-34.55138,-0.00038148694,0
0.5,0,27.044607,0.058797544,0,-34.542151,-0.00036908328,0
0.5,0,27.042904,0.062042475,0,-34.532923,-0.00035564365,0
0.5,0,27.042133,0.065095167,0,-34.523694,-0.00034124067,0
0.5,0,27.042361,0.067911463,0,-34.514466,-0.00032595466,0
0.5,0,27.043455,0.070447434,0,-34.505237,-0.00030987417,0
0.5,0,27.045122,0.072660259,0,-34.496009,-0.00029309671,0
0.5,0,27.046978,0.074508638,0,-34.48678,-0.00027572966,0
0.5,0,27.048619,0.075953245,0,-34.477552,-0.00025789101,0
0.5,0,27.049695,0.076958979,0,-34.468323,-0.00023970959,0
0.5,0,27.049958,0.077497433,0,-34.459095,-0.00022132445,0
0.5,0,27.049292,0.077548336,0,-34.449867,-0.00020288332,0
0.5,0,27.047717,0.077100698,0,-34.440638,-0.00018454039,0
0.5,0,27.045368,0.076152715,0,-34.43141,-0.00016645357,0
0.5,0,27.042461,0.074711536,0,-34.422181,-0.00014878182,0
0.5,0,27.039237,0.072793214,0,-34.412953,-0.00013168241,0
0.5,0,27.035925,0.070422141,0,-34.403724,-0.00011530846,0
0.5,0,27.032711,0.067629085,0,-34.394496,-9.9806904e-05,0
0.5,0,27.029722,0.064447978,0,-34.385267,-8.5317093e-05,0
0.5,0,27.027033,0.060911449,0,-34.376039,-7.1970186e-05,0
0.5,0,27.024676,0.057048283,0,-34.36681,-5.9889095e-05,0
0.5,0,27.022658,0.052884309,0,-34.357582,-4.9188414e-05,0
0.5,0,27.020979,0.048445103,0,-34.348353,-3.9973747e-05,0
0.5,0,27.019641,0.043759329,0,-34.339125,-3.2340172e-05,0
0.5,0,27.018655,0.038859429,0,-34.329896,-2.6370144e-05,0
0.5,0,27.018043,0.033780491,0,-34.320668,-2.2131494e-05,0
0.5,0,27.017834,0.028559368,0,-34.31144,-1.9675796e-05,0
0.5,0,27.018057,0.023234498,0,-34.302211,-1.9037216e-05,0
0.5,0,27.018725,0.017847629,0,-34.292983,-2.0231967e-05,0
0.5,0,27.019814,0.012444495,0,-34.283754,-2.3258184e-05,0
0.5,0,27.021298,0.0070727947,0,-34.274526,-2.8096404e-05,0
0.5,0,27.023679,0.0017754517,0,-34.265297,-3.471099e-05,0
0.5,0,27.028431,-0.0034443758,0,-34.256069,-4.3051992e-05,0
0.5,0,27.035091,-0.008680579,0,-34.24684,-5.305741e-05,0
0.5,0,27.03934,-0.013865895,0,-34.237612,-6.4653262e-05,0
0.5,0,27.040449,-0.018806913,0,-34.228383,-7.7754357e-05,0
0.5,0,27.040607,-0.023416903,0,-34.219155,-9.2265812e-05,0
0.5,0,27.040139,-0.027638112,0,-34.209926,-0.00010808251,0
0.5,0,27.039359,-0.031432975,0,-34.200698,-0.00012508934,0
0.5,0,27.038399,-0.034769779,0,-34.191469,-0.00014316176,0
0.5,0,27.037472,-0.037626951,0,-34.182241,-0.0001621665,0
0.5,0,27.036791,-0.039992679,0,-34.173013,-0.00018196233,0
0.5,0,27.036548,-0.04186177,0,-34.163784,-0.00020240066,0
0.5,0,27.036905,-0.043227623,0,-34.154556,-0.00022332571,0
0.5,0,27.037943,-0.044080214,0,-34.145327,-0.00024457413,0
0.5,0,27.039666,-0.044415767,0,-34.136099,-0.00026597508,0
0.5,0,27.04183,-0.044247625,0,-34.12687,-0.00028735254,0
0.5,0,27.044137,-0.043585301,0,-34.117642,-0.00030852833,0
0.5,0,27.046168,-0.042412997,0,-34.108413,-0.0003293226,0
0.5,0,27.047701,-0.040721027,0,-34.099185,-0.00034955466,0
0.5,0,27.048831,-0.038530164,0,-34.089956,-0.00036904815,0
0.5,0,27.049546,-0.035872249,0,-34.080728,-0.00038763775,0
0.5,0,27.049878,-0.032769766,0,-34.071499,-0.00040517131,0
0.5,0,27.049865,-0.029242102,0,-34.062271,-0.00042150794,0
0.5,0,27.049573,-0.025309787,0,-34.053042,-0.00043651708,0
0.5,0,27.049025,-0.02098685,0,-34.043814,-0.00045007962,0
0.5,0,27.048136,-0.016290744,0,-34.034586,-0.00046208884,0
0.5,0,27.046761,-0.011259393,0,-34.025357,-0.00047245097,0
0.5,0,27.044763,-0.0059502224,0,-34.016129,-0.00048108615,0
0.5,0,27.042045,-0.00042291925,0,-34.0069,-0.00048792879,0
0.5,0,27.038676,0.0052797778,0,-33.997672,-0.00049292542,0
0.5,0,27.034779,0.011131329,0,-33.988443,-0.00049603158,0
0.5,0,27.030684,0.017104867,0,-33.979215,-0.00049721073,0
0.5,0,27.026668,0.023151294,0,-33.969986,-0.0004964372,0
0.5,0,27.023031,0.029187636,0,-33.960758,-0.0004937024,0
0.5,0,27.01993,0.03511708,0,-33.951529,-0.00048901998,0
0.5,0,27.017189,0.04086015,0,-33.942301,-0.00048242657,0
0.5,0,27.014897,0.046375878,0,-33.933072,-0.00047397898,0
0.5,0,27.01314,0.051645436,0,-33.923844,-0.00046375036,0
0.5,0,27.011833,0.056636105,0,-33.914615,-0.0004518277,0
0.5,0,27.010747,0.061295911,0,-33.905387,-0.00043831246,0
0.5,0,27.009699,0.065565589,0,-33.896159,-0.00042332224,0
0.5,0,27.008683,0.069389338,0,-33.88693,-0.00040698962,0
0.5,0,27.007777,0.0727273,0,-33.877702,-0.00038945811,0
0.5,0,27.006987,0.075566425,0,-33.868473,-0.00037087808,0
0.5,0,27.006224,0.077924519,0,-33.859245,-0.00035140297,0
0.5,0,27.005354,0.079840723,0,-33.850016,-0.00033118503,0
0.5,0,27.004253,0.081345861,0,-33.840788,-0.0003103724,0
0.5,0,27.002814,0.082425415,0,-33.831559,-0.00028911099,0
0.5,0,27.000987,0.08301013,0,-33.822331,-0.00026755135,0
0.5,0,26.998808,0.083017139,0,-33.813102,-0.00024585495,0
0.5,0,26.996457,0.082418153,0,-33.803874,-0.00022419266,0
0.5,0,26.99427,0.081279449,0,-33.794645,-0.0002027337,0
0.5,0,26.992623,0.079738721,0,-33.785417,-0.00018163155,0
0.5,0,26.991799,0.077928606,0,-33.776188,-0.00016101678,0
0.5,0,26.991977,0.075893784,0,-33.76696,-0.00014100303,0
0.5,0,26.993419,0.073559007,0,-33.757732,-0.00012170258,0
0.5,0,26.996188,0.070786056,0,-33.748503,-0.00010324041,0
0.5,0,26.999878,0.067505234,0,-33.739275,-8.5753353e-05,0
0.5,0,27.005114,0.063830102,0,-33.730046,-6.9372649e-05,0
0.5,0,27.010405,0.06009112,0,-33.720818,-5.4190923e-05,0
0.5,0,27.014435,0.056535857,0,-33.711589,-4.0252673e-05,0
0.5,0,27.017445,0.05311322,0,-33.702361,-2.759652e-05,0
0.5,0,27.016993,0.050172929,0,-33.693132,-1.6303836e-05,0
0.5,0,27.009295,0.049176233,0,-33.683904,-6.4449947e-06,0
0.5,0,26.996962,0.046620984,0,-33.676777,-2.5804012e-15,0
0.5,0,26.983089,-0.01695349,0,-33.582391,-3.4243061e-06,0
0.5,0,26.977495,-0.016542288,0,-33.586546,-2.5804012e-15,0
0.5,0,26.989813,-0.01743091,0,-33.573162,-1.2570717e-05,0
0.5,0,26.991239,-0.019876498,0,-33.563934,-2.3265963e-05,0
0.5,0,26.990106,-0.023170153,0,-33.554705,-3.5414413e-05,0
0.5,0,26.988445,-0.026485724,0,-33.545477,-4.8921807e-05,0
0.5,0,26.987288,-0.029638976,0,-33.536248,-6.3705071e-05,0
0.5,0,26.986801,-0.032660271,0,-33.52702,-7.9663489e-05,0
0.5,0,26.986553,-0.035507285,0,-33.517791,-9.6682118e-05,0
0.5,0,26.987411,-0.038064174,0,-33.508563,-0.00011464461,0
0.5,0,26.989904,-0.040367518,0,-33.499334,-0.00013341012,0
0.5,0,26.993627,-0.042563191,0,-33.490106,-0.00015279737,0
0.5,0,26.998467,-0.044570215,0,-33.480878,-0.00017261174,0
0.5,0,27.003662,-0.046047177,0,-33.471649,-0.00019268484,0
0.5,0,27.00896,-0.046682659,0,-33.462421,-0.00021288757,0
0.5,0,27.014521,-0.046387244,0,-33.453192,-0.00023311065,0
0.5,0,27.020371,-0.045289505,0,-33.443964,-0.00025323377,0
0.5,0,27.026267,-0.043613902,0,-33.434735,-0.00027310433,0
0.5,0,27.03176,-0.041525909,0,-33.425507,-0.00029253561,0
0.5,0,27.036508,-0.039061187,0,-33.416278,-0.0003113259,0
0.5,0,27.040346,-0.036180224,0,-33.40705,-0.00032928741,0
0.5,0,27.043257,-0.032855766,0,-33.397821,-0.00034626367,0
0.5,0,27.045383,-0.029117732,0,-33.388593,-0.00036212431,0
0.5,0,27.046563,-0.025045587,0,-33.379364,-0.00037674834,0
0.5,0,27.046638,-0.020720811,0,-33.370136,-0.00039001329,0
0.5,0,27.045266,-0.016213095,0,-33.360907,-0.00040179988,0
0.5,0,27.042581,-0.011566339,0,-33.351679,-0.00041200626,0
0.5,0,27.03921,-0.006779724,0,-33.342451,-0.00042055893,0
0.5,0,27.0356,-0.0018645736,0,-33.333222,-0.00042741681,0
0.5,0,27.032576,0.0031341611,0,-33.323994,-0.00043256618,0
0.5,0,27.030804,0.0081797092,0,-33.314765,-0.00043600664,0
0.5,0,27.030596,0.013264832,0,-33.305537,-0.000437735,0
0.5,0,27.031847,0.018406142,0,-33.296308,-0.0004377379,0
0.5,0,27.033971,0.023607754,0,-33.28708,-0.00043599757,0
0.5,0,27.036171,0.028818319,0,-33.277851,-0.00043250327,0
0.5,0,27.037735,0.033928509,0,-33.268623,-0.00042725857,0
0.5,0,27.038239,0.038828213,0,-33.259394,-0.00042027986,0
0.5,0,27.03765,0.043494167,0,-33.250166,-0.00041158975,0
0.5,0,27.036259,0.048036576,0,-33.240937,-0.00040121164,0
0.5,0,27.034479,0.052648174,0,-33.231709,-0.00038916953,0
0.5,0,27.032631,0.057471579,0,-33.22248,-0.0003754932,0
0.5,0,27.030829,0.06247428,0,-33.213252,-0.00036022763,0
0.5,0,27.028988,0.067431275,0,-33.204024,-0.00034344402,0
0.5,0,27.026898,0.072046018,0,-33.194795,-0.00032524648,0
0.5,0,27.024324,0.076132626,0,-33.185567,-0.00030576861,0
0.5,0,27.021127,0.079718702,0,-33.176338,-0.00028515892,0
0.5,0,27.017352,0.082977358,0,-33.16711,-0.00026356311,0
0.5,0,27.013276,0.086028878,0,-33.157881,-0.00024111576,0
0.5,0,27.009385,0.088756775,0,-33.148653,-0.0002179494,0
0.5,0,27.006255,0.090793723,0,-33.139424,-0.00019421703,0
0.5,0,27.0044,0.091750562,0,-33.130196,-0.00017010905,0
0.5,0,27.004085,0.091583199,0,-33.120967,-0.00014584064,0
0.5,0,27.005261,0.090792663,0,-33.111739,-0.0001216045,0
0.5,0,27.007398,0.090125104,0,-33.10251,-9.7526791e-05,0
0.5,0,27.009368,0.089902343,0,-33.093282,-7.3694034e-05,0
0.5,0,27.008702,0.090391199,0,-33.084053,-5.0266483e-05,0
0.5,0,26.999859,0.093839603,0,-33.074825,-2.7465257e-05,0
0.5,0,26.977987,0.096351537,0,-33.065597,-5.5149004e-06,0
0.5,0,26.969869,0.094122094,0,-33.063155,-2.5804012e-15,0
0.5,0,26.904375,-0.066679677,0,-32.834885,-7.1611006e-07,0
0.5,0,26.903487,-0.06658198,0,-32.835212,-2.5804012e-15,0
0.5,0,26.924994,-0.063493518,0,-32.825656,-2.1954981e-05,0
0.5,0,26.936074,-0.060862545,0,-32.816428,-4.4182932e-05,0
0.5,0,26.939883,-0.061266338,0,-32.807199,-6.7227688e-05,0
0.5,0,26.940584,-0.062175373,0,-32.797971,-9.0802004e-05,0
0.5,0,26.941209,-0.062861578,0,-32.788743,-0.00011468963,0
0.5,0,26.942742,-0.062962008,0,-32.779514,-0.00013873731,0
0.5,0,26.944143,-0.062505902,0,-32.770286,-0.00016278723,0
0.5,0,26.944553,-0.061457374,0,-32.761057,-0.00018667828,0
0.5,0,26.944145,-0.059878265,0,-32.751829,-0.00021025134,0
0.5,0,26.943171,-0.058065069,0,-32.7426,-0.00023331411,0
0.5,0,26.941204,-0.056195248,0,-32.733372,-0.00025563344,0
0.5,0,26.937546,-0.054118039,0,-32.724143,-0.00027698231,0
0.5,0,26.932135,-0.051471558,0,-32.714915,-0.00029718742,0
0.5,0,26.925972,-0.048028332,0,-32.705686,-0.00031613229,0
0.5,0,26.92054,-0.043877902,0,-32.696458,-0.00033372666,0
0.5,0,26.91684,-0.039228448,0,-32.687229,-0.00034987528,0
0.5,0,26.914984,-0.034206797,0,-32.678001,-0.00036446879,0
0.5,0,26.914404,-0.028801333,0,-32.668772,-0.00037739005,0
0.5,0,26.914318,-0.022906055,0,-32.659544,-0.00038852625,0
0.5,0,26.914066,-0.016494694,0,-32.650316,-0.00039777522,0
0.5,0,26.913184,-0.0097741265,0,-32.641087,-0.00040503115,0
0.5,0,26.91145,-0.003095846,0,-32.631859,-0.00041017056,0
0.5,0,26.908959,0.0033056429,0,-32.62263,-0.00041306257,0
0.5,0,26.906097,0.0094685155,0,-32.613402,-0.00041360222,0
0.5,0,26.903346,0.01566514,0,-32.604173,-0.00041174266,0
0.5,0,26.901063,0.022221604,0,-32.594945,-0.00040750176,0
0.5,0,26.899362,0.029305966,0,-32.585716,-0.00040094197,0
0.5,0,26.898124,0.036832928,0,-32.576488,-0.0003921403,0
0.5,0,26.897142,0.044491472,0,-32.567259,-0.00038116839,0
0.5,0,26.896241,0.051860154,0,-32.558031,-0.00036809447,0
0.5,0,26.895232,0.05857348,0,-32.548802,-0.00035299963,0
0.5,0,26.893913,0.064468681,0,-32.539574,-0.00033598866,0
0.5,0,26.892163,0.069641302,0,-32.530345,-0.00031718421,0
0.5,0,26.89005,0.074342281,0,-32.521117,-0.00029671259,0
0.5,0,26.887855,0.078757877,0,-32.511889,-0.00027469658,0
0.5,0,26.886095,0.082823246,0,-32.50266,-0.00025126392,0
0.5,0,26.885421,0.086235767,0,-32.493432,-0.00022657386,0
0.5,0,26.886339,0.08869591,0,-32.484203,-0.00020084049,0
0.5,0,26.888978,0.090145022,0,-32.474975,-0.00017432924,0
0.5,0,26.893004,0.090928981,0,-32.465746,-0.00014731402,0
0.5,0,26.897585,0.091647116,0,-32.456518,-0.00012001421,0
0.5,0,26.901332,0.092573798,0,-32.447289,-9.258663e-05,0
0.5,0,26.901668,0.093785307,0,-32.438061,-6.5214739e-05,0
0.5,0,26.893145,0.09699607,0,-32.428832,-3.814461e-05,0
0.5,0,26.870081,0.10122194,0,-32.419604,-1.1595509e-05,0
0.5,0,26.855778,0.09873478,0,-32.415449,-2.5804012e-15,0
0.5,0,26.807744,-0.07721483,0,-32.115064,-6.851964e-06,0
0.5,0,26.802208,-0.077052677,0,-32.117638,-2.5804012e-15,0
0.5,0,26.823832,-0.07347252,0,-32.105836,-3.1801767e-05,0
0.5,0,26.832529,-0.071155983,0,-32.096608,-5.7056783e-05,0
0.5,0,26.83559,-0.070593036,0,-32.087379,-8.2415935e-05,0
0.5,0,26.835955,-0.069946961,0,-32.078151,-0.00010765444,0
0.5,0,26.836067,-0.068577988,0,-32.068922,-0.00013264876,0
0.5,0,26.83669,-0.066423972,0,-32.059694,-0.00015731929,0
0.5,0,26.837381,-0.063825964,0,-32.050465,-0.00018154485,0
0.5,0,26.838209,-0.060983227,0,-32.041237,-0.00020515754,0
0.5,0,26.839967,-0.057902627,0,-32.032008,-0.00022797414,0
0.5,0,26.84305,-0.054602215,0,-32.02278,-0.00024980959,0
0.5,0,26.846798,-0.051047361,0,-32.013551,-0.00027048794,0
0.5,0,26.850028,-0.047143923,0,-32.004323,-0.00028986059,0
0.5,0,26.851911,-0.042923923,0,-31.995094,-0.0003078028,0
0.5,0,26.852312,-0.038473895,0,-31.985866,-0.00032419091,0
0.5,0,26.851553,-0.033744549,0,-31.976637,-0.00033889332,0
0.5,0,26.850006,-0.028585748,0,-31.967409,-0.00035178291,0
0.5,0,26.847879,-0.022879077,0,-31.958181,-0.00036274837,0
0.5,0,26.845355,-0.016579293,0,-31.948952,-0.00037169824,0
0.5,0,26.842734,-0.0097298923,0,-31.939724,-0.00037856204,0
0.5,0,26.840356,-0.0025070144,0,-31.930495,-0.00038328256,0
0.5,0,26.838363,0.0048079177,0,-31.921267,-0.00038579884,0
0.5,0,26.836758,0.011963489,0,-31.912038,-0.00038603526,0
0.5,0,26.835764,0.018898193,0,-31.90281,-0.00038391141,0
0.5,0,26.836149,0.025736717,0,-31.893581,-0.00037936778,0
0.5,0,26.837813,0.032588822,0,-31.884353,-0.0003723902,0
0.5,0,26.838714,0.039463895,0,-31.875124,-0.00036302004,0
0.5,0,26.83873,0.046216212,0,-31.865896,-0.0003513508,0
0.5,0,26.839267,0.052583604,0,-31.856667,-0.00033751376,0
0.5,0,26.840707,0.058421501,0,-31.847439,-0.00032165437,0
0.5,0,26.843356,0.063809048,0,-31.83821,-0.00030390883,0
0.5,0,26.847191,0.068953651,0,-31.828982,-0.0002843922,0
0.5,0,26.852053,0.073963883,0,-31.819754,-0.00026320582,0
0.5,0,26.857592,0.078706148,0,-31.810525,-0.00024046157,0
0.5,0,26.863287,0.082870243,0,-31.801297,-0.00021630823,0
0.5,0,26.868735,0.086222048,0,-31.792068,-0.00019093769,0
0.5,0,26.873593,0.088880731,0,-31.78284,-0.00016455668,0
0.5,0,26.877448,0.091330881,0,-31.773611,-0.0001373402,0
0.5,0,26.879631,0.093978886,0,-31.764383,-0.00010941286,0
0.5,0,26.87872,0.096777318,0,-31.755154,-8.0907702e-05,0
0.5,0,26.871051,0.10066183,0,-31.745926,-5.2044558e-05,0
0.5,0,26.849586,0.10836768,0,-31.736697,-2.2965454e-05,0
0.5,0,26.822735,0.10825752,0,-31.729411,-2.5804012e-15,0
0.5,0,26.761981,-0.093066582,0,-31.404473,-1.1547474e-05,0
0.5,0,26.754091,-0.093580261,0,-31.407916,-2.5804012e-15,0
0.5,0,26.778483,-0.087948482,0,-31.395244,-4.2873622e-05,0
0.5,0,26.787289,-0.084996599,0,-31.386016,-7.4412463e-05,0
0.5,0,26.790768,-0.083807469,0,-31.376787,-0.00010587841,0
0.5,0,26.7921,-0.082650423,0,-31.367559,-0.00013697786,0
0.5,0,26.793474,-0.080963974,0,-31.35833,-0.00016750983,0
0.5,0,26.795125,-0.078618957,0,-31.349102,-0.00019731074,0
0.5,0,26.796231,-0.075523538,0,-31.339873,-0.0002262214,0
0.5,0,26.796618,-0.071456188,0,-31.330645,-0.00025410737,0
0.5,0,26.796825,-0.066471193,0,-31.321416,-0.00028084128,0
0.5,0,26.797184,-0.060995471,0,-31.312188,-0.00030625138,0
0.5,0,26.797035,-0.055445516,0,-31.302959,-0.00033011448,0
0.5,0,26.796026,-0.04993339,0,-31.293731,-0.00035219849,0
0.5,0,26.794054,-0.044336569,0,-31.284502,-0.00037230253,0
0.5,0,26.791302,-0.038481118,0,-31.275274,-0.00039027384,0
0.5,0,26.78846,-0.032207707,0,-31.266046,-0.00040600367,0
0.5,0,26.785551,-0.02544912,0,-31.256817,-0.00041940685,0
0.5,0,26.782488,-0.018276041,0,-31.247589,-0.00043040165,0
0.5,0,26.7793,-0.010801547,0,-31.23836,-0.00043890903,0
0.5,0,26.776148,-0.0030851148,0,-31.229132,-0.00044487131,0
0.5,0,26.773289,0.0048455028,0,-31.219903,-0.00044826834,0
0.5,0,26.770954,0.012922946,0,-31.210675,-0.00044911234,0
0.5,0,26.769296,0.021024143,0,-31.201446,-0.00044742554,0
0.5,0,26.768418,0.0290071,0,-31.192218,-0.00044321824,0
0.5,0,26.768375,0.036739705,0,-31.182989,-0.00043648116,0
0.5,0,26.769164,0.044104143,0,-31.173761,-0.00042719703,0
0.5,0,26.770742,0.05100665,0,-31.164532,-0.00041536829,0
0.5,0,26.773051,0.057406427,0,-31.155304,-0.00040104775,0
0.5,0,26.776019,0.063339914,0,-31.146075,-0.00038435277,0
0.5,0,26.779494,0.068916489,0,-31.136847,-0.00036544962,0
0.5,0,26.783184,0.074280575,0,-31.127619,-0.00034451614,0
0.5,0,26.786675,0.079547326,0,-31.11839,-0.00032170989,0
0.5,0,26.789555,0.084728018,0,-31.109162,-0.00029716693,0
0.5,0,26.79158,0.089672348,0,-31.099933,-0.00027103297,0
0.5,0,26.792767,0.094090721,0,-31.090705,-0.00024350244,0
0.5,0,26.79336,0.097716331,0,-31.081476,-0.00021482869,0
0.5,0,26.793667,0.10054045,0,-31.072248,-0.00018528475,0
0.5,0,26.793816,0.10289105,0,-31.063019,-0.0001550957,0
0.5,0,26.793531,0.10511319,0,-31.053791,-0.00012440137,0
0.5,0,26.791731,0.10712158,0,-31.044562,-9.3313813e-05,0
0.5,0,26.785303,0.10945849,0,-31.035334,-6.2039299e-05,0
0.5,0,26.767398,0.11508848,0,-31.026105,-3.0776794e-05,0
0.5,0,26.737212,0.11468524,0,-31.01693,-2.5804012e-15,0
0.5,0,26.722376,-0.10396605,0,-30.712338,-2.6210143e-05,0
0.5,0,26.707039,-0.10469972,0,-30.719451,-2.5804012e-15,0
0.5,0,26.736099,-0.10056033,0,-30.703109,-6.0993069e-05,0
0.5,0,26.742932,-0.1001139,0,-30.693881,-9.6342548e-05,0
0.5,0,26.745795,-0.10022806,0,-30.684652,-0.00013185143,0
0.5,0,26.747391,-0.099909594,0,-30.675424,-0.0001671681,0
0.5,0,26.749807,-0.098574979,0,-30.666195,-0.00020205402,0
0.5,0,26.753249,-0.096301123,0,-30.656967,-0.00023629416,0
0.5,0,26.75732,-0.093248613,0,-30.647738,-0.00026966043,0
0.5,0,26.762259,-0.089380676,0,-30.63851,-0.00030193981,0
0.5,0,26.768547,-0.084685541,0,-30.629281,-0.00033294146,0
0.5,0,26.775886,-0.079228865,0,-30.620053,-0.00036248263,0
0.5,0,26.783084,-0.073089846,0,-30.610824,-0.0003903855,0
0.5,0,26.788905,-0.066445867,0,-30.601596,-0.00041647243,0
0.5,0,26.792865,-0.059597718,0,-30.592367,-0.00044055349,0
0.5,0,26.795296,-0.05278903,0,-30.583139,-0.00046242992,0
0.5,0,26.79677,-0.046070618,0,-30.57391,-0.00048192124,0
0.5,0,26.797695,-0.039303037,0,-30.564682,-0.00049888983,0
0.5,0,26.798269,-0.032283461,0,-30.555454,-0.000513254,0
0.5,0,26.798549,-0.024787894,0,-30.546225,-0.00052497621,0
0.5,0,26.798699,-0.016714953,0,-30.536997,-0.00053404579,0
0.5,0,26.79895,-0.0082462007,0,-30.527768,-0.00054046205,0
0.5,0,26.799391,0.00026115846,0,-30.51854,-0.0005442059,0
0.5,0,26.800012,0.0084533852,0,-30.509311,-0.00054523484,0
0.5,0,26.800793,0.016191253,0,-30.500083,-0.00054350565,0
0.5,0,26.801728,0.02358937,0,-30.490854,-0.00053900358,0
0.5,0,26.802812,0.03087089,0,-30.481626,-0.00053175519,0
0.5,0,26.803986,0.038192912,0,-30.472397,-0.00052181937,0
0.5,0,26.805135,0.045566976,0,-30.463169,-0.00050927158,0
0.5,0,26.806196,0.052876223,0,-30.45394,-0.00049419579,0
0.5,0,26.807182,0.059885917,0,-30.444712,-0.00047668665,0
0.5,0,26.808084,0.066388464,0,-30.435483,-0.000456858,0
0.5,0,26.808811,0.072349406,0,-30.426255,-0.00043484741,0
0.5,0,26.809247,0.077880582,0,-30.417027,-0.00041080636,0
0.5,0,26.809353,0.083190071,0,-30.407798,-0.00038488201,0
0.5,0,26.809238,0.088459554,0,-30.39857,-0.0003572098,0
0.5,0,26.809199,0.09368547,0,-30.389341,-0.00032792512,0
0.5,0,26.809624,0.098619019,0,-30.380113,-0.00029718577,0
0.5,0,26.810815,0.10290951,0,-30.370884,-0.00026518739,0
0.5,0,26.812825,0.10633704,0,-30.361656,-0.00023214723,0
0.5,0,26.815365,0.10894517,0,-30.352427,-0.00019826212,0
0.5,0,26.817753,0.11101295,0,-30.343199,-0.00016366702,0
0.5,0,26.818896,0.11271404,0,-30.33397,-0.00012844267,0
0.5,0,26.816846,0.11412699,0,-30.324742,-9.2719392e-05,0
0.5,0,26.807308,0.1168541,0,-30.315513,-5.6747679e-05,0
0.5,0,26.784631,0.12149941,0,-30.306285,-2.0794914e-05,0
0.5,0,26.766477,0.11886055,0,-30.300885,-2.5804012e-15,0
0.5,0,26.733486,-0.11488541,0,-29.992517,-8.6159567e-06,0
0.5,0,26.728492,-0.11436976,0,-29.994666,-2.5804012e-15,0
0.5,0,26.752233,-0.11261492,0,-29.983289,-4.6472877e-05,0
0.5,0,26.764812,-0.11098462,0,-29.97406,-8.4985461e-05,0
0.5,0,26.773141,-0.11144142,0,-29.964832,-0.00012381807,0
0.5,0,26.778393,-0.11167276,0,-29.955603,-0.00016261594,0
0.5,0,26.782735,-0.11076907,0,-29.946375,-0.00020113932,0
0.5,0,26.788427,-0.10860401,0,-29.937146,-0.00023921008,0
0.5,0,26.794314,-0.10549613,0,-29.927918,-0.00027661802,0
0.5,0,26.799513,-0.10155988,0,-29.918689,-0.00031312336,0
0.5,0,26.804141,-0.096773444,0,-29.909461,-0.00034848694,0
0.5,0,26.808562,-0.091312306,0,-29.900232,-0.00038245717,0
0.5,0,26.812598,-0.085485132,0,-29.891004,-0.00041475192,0
0.5,0,26.815659,-0.079511418,0,-29.881775,-0.00044507368,0
0.5,0,26.817427,-0.073438797,0,-29.872547,-0.00047314105,0
0.5,0,26.818173,-0.067127923,0,-29.863319,-0.00049871615,0
0.5,0,26.818454,-0.06028901,0,-29.85409,-0.00052162184,0
0.5,0,26.818626,-0.052644688,0,-29.844862,-0.00054173836,0
0.5,0,26.818699,-0.044107313,0,-29.835633,-0.00055897722,0
0.5,0,26.818527,-0.034793208,0,-29.826405,-0.00057325338,0
0.5,0,26.81803,-0.02490726,0,-29.817176,-0.00058447684,0
0.5,0,26.817217,-0.014652423,0,-29.807948,-0.00059255975,0
0.5,0,26.816103,-0.0042017732,0,-29.798719,-0.00059742309,0
0.5,0,26.814715,0.0063254411,0,-29.789491,-0.00059899728,0
0.5,0,26.813205,0.016884063,0,-29.780262,-0.00059722173,0
0.5,0,26.81189,0.02746579,0,-29.771034,-0.00059204514,0
0.5,0,26.811141,0.038015053,0,-29.761805,-0.00058342644,0
0.5,0,26.811231,0.048383798,0,-29.752577,-0.00057134135,0
0.5,0,26.812291,0.058375554,0,-29.743348,-0.00055580055,0
0.5,0,26.814353,0.067839154,0,-29.73412,-0.0005368745,0
0.5,0,26.817378,0.07673567,0,-29.724892,-0.0005147077,0
0.5,0,26.821215,0.085132073,0,-29.715663,-0.00048950775,0
0.5,0,26.825556,0.09313054,0,-29.706435,-0.00046151393,0
0.5,0,26.829955,0.10078028,0,-29.697206,-0.00043096693,0
0.5,0,26.833965,0.10801181,0,-29.687978,-0.0003981002,0
0.5,0,26.837283,0.1146119,0,-29.678749,-0.00036315565,0
0.5,0,26.839819,0.12027706,0,-29.669521,-0.0003264058,0
0.5,0,26.841617,0.1247837,0,-29.660292,-0.00028815388,0
0.5,0,26.842708,0.12819609,0,-29.651064,-0.00024869631,0
0.5,0,26.842892,0.13089112,0,-29.641835,-0.00020826859,0
0.5,0,26.841604,0.13319453,0,-29.632607,-0.00016702894,0
0.5,0,26.837494,0.1350109,0,-29.623378,-0.00012513699,0
0.5,0,26.827151,0.13727669,0,-29.61415,-8.2873253e-05,0
0.5,0,26.803118,0.14370425,0,-29.604921,-4.048042e-05,0
0.5,0,26.767239,0.14240823,0,-29.59606,-2.5804012e-15,0
0.5,0,26.694719,-0.13349228,0,-29.272697,-7.1939529e-07,0
0.5,0,26.694397,-0.13342967,0,-29.272849,-2.5804012e-15,0
0.5,0,26.713323,-0.13204463,0,-29.263468,-4.5099236e-05,0
0.5,0,26.725118,-0.1292669,0,-29.25424,-8.9992593e-05,0
0.5,0,26.731056,-0.12929923,0,-29.245011,-0.00013512822,0
0.5,0,26.734896,-0.12915634,0,-29.235783,-0.00018015486,0
0.5,0,26.739212,-0.12805641,0,-29.226554,-0.00022480184,0
0.5,0,26.744794,-0.12569822,0,-29.217326,-0.000268868,0
0.5,0,26.750289,-0.1222583,0,-29.208097,-0.00031213218,0
0.5,0,26.754419,-0.11783527,0,-29.198869,-0.00035434076,0
0.5,0,26.757228,-0.11250458,0,-29.18964,-0.00039522172,0
0.5,0,26.759397,-0.10659252,0,-29.180412,-0.0004344595,0
0.5,0,26.761207,-0.10042703,0,-29.171184,-0.00047168605,0
0.5,0,26.762463,-0.093984508,0,-29.161955,-0.00050653267,0
0.5,0,26.763077,-0.086950355,0,-29.152727,-0.00053869434,0
0.5,0,26.763392,-0.078987664,0,-29.143498,-0.0005679544,0
0.5,0,26.76392,-0.0699195,0,-29.13427,-0.00059416832,0
0.5,0,26.764882,-0.059824546,0,-29.125041,-0.00061722413,0
0.5,0,26.76609,-0.049034453,0,-29.115813,-0.0006369991,0
0.5,0,26.767212,-0.037957836,0,-29.106584,-0.00065334145,0
0.5,0,26.768084,-0.02684874,0,-29.097356,-0.00066609409,0
0.5,0,26.768577,-0.015752318,0,-29.088127,-0.0006751398,0
0.5,0,26.768959,-0.0046212506,0,-29.078899,-0.00068042758,0
0.5,0,26.769315,0.0065216416,0,-29.06967,-0.00068196038,0
0.5,0,26.769684,0.017522639,0,-29.060442,-0.00067976288,0
0.5,0,26.770523,0.028203793,0,-29.051213,-0.00067385608,0
0.5,0,26.772068,0.03847082,0,-29.041985,-0.00066425174,0
0.5,0,26.77453,0.048344128,0,-29.032757,-0.00065097096,0
0.5,0,26.777978,0.057928384,0,-29.023528,-0.00063407606,0
0.5,0,26.782262,0.067325471,0,-29.0143,-0.00061369472,0
0.5,0,26.787107,0.07655348,0,-29.005071,-0.00059001766,0
0.5,0,26.79217,0.085541494,0,-28.995843,-0.00056326734,0
0.5,0,26.797081,0.094196427,0,-28.986614,-0.00053365548,0
0.5,0,26.801497,0.10247087,0,-28.977386,-0.00050135649,0
0.5,0,26.805197,0.11035506,0,-28.968157,-0.0004665123,0
0.5,0,26.808153,0.11778291,0,-28.958929,-0.00042926225,0
0.5,0,26.810485,0.12455002,0,-28.9497,-0.0003897762,0
0.5,0,26.812578,0.13038886,0,-28.940472,-0.00034826714,0
0.5,0,26.814562,0.13519568,0,-28.931243,-0.00030497172,0
0.5,0,26.81646,0.13923099,0,-28.922015,-0.00026010976,0
0.5,0,26.818078,0.14298062,0,-28.912786,-0.0002138592,0
0.5,0,26.818377,0.14666006,0,-28.903558,-0.00016639836,0
0.5,0,26.814936,0.15067395,0,-28.89433,-0.00011801123,0
0.5,0,26.801991,0.15745589,0,-28.885101,-6.9046314e-05,0
0.5,0,26.775215,0.16292871,0,-28.875873,-1.9872283e-05,0
0.5,0,26.762355,0.1605556,0,-28.872129,-2.5804012e-15,0
0.5,0,26.781008,-0.16400695,0,-28.543648,-1.8028456e-05,0
0.5,0,26.774805,-0.16265385,0,-28.546725,-2.5804012e-15,0
0.5,0,26.796177,-0.16323881,0,-28.534419,-7.3150945e-05,0
0.5,0,26.804511,-0.16235938,0,-28.525191,-0.0001290861,0
0.5,0,26.808263,-0.16269808,0,-28.515962,-0.00018543149,0
0.5,0,26.810962,-0.16213656,0,-28.506734,-0.0002417498,0
0.5,0,26.814767,-0.1600935,0,-28.497505,-0.00029766999,0
0.5,0,26.819705,-0.15648159,0,-28.488277,-0.00035285574,0
0.5,0,26.824314,-0.15155478,0,-28.479049,-0.00040693683,0
0.5,0,26.827713,-0.14549767,0,-28.46982,-0.00045950801,0
0.5,0,26.830175,-0.13852647,0,-28.460592,-0.00051013975,0
0.5,0,26.832247,-0.13097261,0,-28.451363,-0.00055837172,0
0.5,0,26.834037,-0.12299213,0,-28.442135,-0.00060373734,0
0.5,0,26.835401,-0.1143922,0,-28.432906,-0.00064582389,0
0.5,0,26.836429,-0.10481706,0,-28.423678,-0.00068431364,0
0.5,0,26.837466,-0.094003129,0,-28.414449,-0.00071897855,0
0.5,0,26.838748,-0.081912037,0,-28.405221,-0.00074964558,0
0.5,0,26.840108,-0.068766265,0,-28.395992,-0.00077615633,0
0.5,0,26.841142,-0.054958997,0,-28.386764,-0.00079834166,0
0.5,0,26.841488,-0.040838108,0,-28.377535,-0.00081602941,0
0.5,0,26.841069,-0.02654217,0,-28.368307,-0.00082907962,0
0.5,0,26.840215,-0.012049924,0,-28.359078,-0.00083741344,0
0.5,0,26.839762,0.0026219533,0,-28.34985,-0.00084100562,0
0.5,0,26.84019,0.017265219,0,-28.340622,-0.00083984852,0
0.5,0,26.839678,0.031647818,0,-28.331393,-0.00083391789,0
0.5,0,26.838147,0.045607917,0,-28.322165,-0.00082317138,0
0.5,0,26.837286,0.05903636,0,-28.312936,-0.00080758096,0
0.5,0,26.837209,0.071961759,0,-28.303708,-0.00078717565,0
0.5,0,26.837924,0.084512416,0,-28.294479,-0.00076207129,0
0.5,0,26.839283,0.096847593,0,-28.285251,-0.00073246458,0
0.5,0,26.841071,0.10907515,0,-28.276022,-0.0006985909,0
0.5,0,26.843037,0.12119224,0,-28.266794,-0.00066067498,0
0.5,0,26.844926,0.1330596,0,-28.257565,-0.00061891011,0
0.5,0,26.846562,0.14439853,0,-28.248337,-0.00057348064,0
0.5,0,26.847938,0.15481941,0,-28.239108,-0.00052461103,0
0.5,0,26.84925,0.16393296,0,-28.22988,-0.00047260438,0
0.5,0,26.85081,0.17156603,0,-28.220651,-0.00041783544,0
0.5,0,26.852865,0.17795221,0,-28.211423,-0.00036069247,0
0.5,0,26.855324,0.18362904,0,-28.202195,-0.0003015123,0
0.5,0,26.857542,0.18889945,0,-28.192966,-0.00024058033,0
0.5,0,26.8576,0.19355753,0,-28.183738,-0.00017824258,0
0.5,0,26.850716,0.19893027,0,-28.174509,-0.00011500951,0
0.5,0,26.827966,0.20795972,0,-28.165281,-5.1327716e-05,0
0.5,0,26.79925,0.20474875,0,-28.157826,-2.5804012e-15,0
0.5,0,26.882837,-0.19593486,0,-27.796142,-4.6328682e-05,0
0.5,0,26.863154,-0.19656691,0,-27.802712,-2.5804012e-15,0
0.5,0,26.904707,-0.19050229,0,-27.786914,-0.00011149396,0
0.5,0,26.919356,-0.18774467,0,-27.777685,-0.00017645762,0
0.5,0,26.929866,-0.18499338,0,-27.768457,-0.00024073526,0
0.5,0,26.938421,-0.18099024,0,-27.759228,-0.00030389966,0
0.5,0,26.946256,-0.17539899,0,-27.75,-0.00036563033,0
0.5,0,26.952781,-0.16878315,0,-27.740771,-0.00042557923,0
0.5,0,26.957124,-0.16173733,0,-27.731543,-0.00048331948,0
0.5,0,26.959683,-0.15429529,0,-27.722314,-0.00053841518,0
0.5,0,26.961758,-0.14623572,0,-27.713086,-0.00059047228,0
0.5,0,26.96431,-0.13730188,0,-27.703857,-0.00063913707,0
0.5,0,26.967416,-0.12715376,0,-27.694629,-0.00068409499,0
0.5,0,26.970741,-0.11551512,0,-27.6854,-0.00072506876,0
0.5,0,26.974162,-0.10240147,0,-27.676172,-0.0007617955,0
0.5,0,26.977859,-0.088091222,0,-27.666943,-0.00079400249,0
0.5,0,26.981988,-0.072923816,0,-27.657715,-0.00082140487,0
0.5,0,26.98643,-0.057151316,0,-27.648487,-0.00084371822,0
0.5,0,26.990884,-0.040867963,0,-27.639258,-0.00086067337,0
0.5,0,26.995106,-0.024008298,0,-27.63003,-0.00087203209,0
0.5,0,26.999011,-0.0064758086,0,-27.620801,-0.00087759843,0
0.5,0,27.00262,0.011658748,0,-27.611573,-0.00087721841,0
0.5,0,27.005996,0.03008901,0,-27.602344,-0.00087077563,0
0.5,0,27.009275,0.048412671,0,-27.593116,-0.00085820008,0
0.5,0,27.012665,0.066343002,0,-27.583887,-0.00083949189,0
0.5,0,27.016368,0.083813018,0,-27.574659,-0.00081473779,0
0.5,0,27.020449,0.10091735,0,-27.56543,-0.00078409955,0
0.5,0,27.024786,0.11776592,0,-27.556202,-0.00074778192,0
0.5,0,27.029141,0.13434565,0,-27.546973,-0.00070600675,0
0.5,0,27.033292,0.15044037,0,-27.537745,-0.00065901284,0
0.5,0,27.037099,0.16563355,0,-27.528516,-0.00060707787,0
0.5,0,27.040484,0.17944127,0,-27.519288,-0.00055054,0
0.5,0,27.043354,0.19157413,0,-27.51006,-0.00048979135,0
0.5,0,27.045551,0.2021638,0,-27.500831,-0.00042523475,0
0.5,0,27.046763,0.21167075,0,-27.491603,-0.00035723607,0
0.5,0,27.046426,0.22036853,0,-27.482374,-0.00028613365,0
0.5,0,27.042867,0.22823282,0,-27.473146,-0.00021234536,0
0.5,0,27.031506,0.23706713,0,-27.463917,-0.00013644161,0
0.5,0,27.00415,0.24888521,0,-27.454689,-5.893925e-05,0
0.5,0,26.975052,0.24780821,0,-27.447755,-2.5804012e-15,0
0.5,0,27.075082,-0.2459975,0,-27.048636,-6.669905e-05,0
0.5,0,27.044183,-0.24985813,0,-27.056086,-2.5804012e-15,0
0.5,0,27.103372,-0.23647212,0,-27.039408,-0.00014867168,0
0.5,0,27.121004,-0.23057958,0,-27.030179,-0.00022961309,0
0.5,0,27.132027,-0.22507855,0,-27.020951,-0.00030881622,0
0.5,0,27.139264,-0.21887286,0,-27.011722,-0.0003855971,0
0.5,0,27.14487,-0.2110951,0,-27.002494,-0.0004594407,0
0.5,0,27.148893,-0.20157012,0,-26.993265,-0.00052991416,0
0.5,0,27.150677,-0.19032432,0,-26.984037,-0.00059660585,0
0.5,0,27.150407,-0.17730218,0,-26.974808,-0.00065913204,0
0.5,0,27.148865,-0.16273732,0,-26.96558,-0.00071710534,0
0.5,0,27.146413,-0.14708362,0,-26.956352,-0.00077009123,0
0.5,0,27.142719,-0.13056094,0,-26.947123,-0.00081763448,0
0.5,0,27.137395,-0.11307079,0,-26.937895,-0.00085932833,0
0.5,0,27.130636,-0.094459637,0,-26.928666,-0.00089485496,0
0.5,0,27.123193,-0.074733542,0,-26.919438,-0.00092397802,0
0.5,0,27.115881,-0.054141945,0,-26.910209,-0.00094650443,0
0.5,0,27.109196,-0.033134497,0,-26.900981,-0.00096224029,0
0.5,0,27.103334,-0.012131059,0,-26.891752,-0.00097097676,0
0.5,0,27.098379,0.0087379981,0,-26.882524,-0.0009725301,0
0.5,0,27.094365,0.029621635,0,-26.873295,-0.00096681071,0
0.5,0,27.091236,0.05064959,0,-26.864067,-0.00095386395,0
0.5,0,27.088789,0.071671313,0,-26.854838,-0.00093385255,0
0.5,0,27.086763,0.09229873,0,-26.84561,-0.00090699965,0
0.5,0,27.084991,0.11216005,0,-26.836381,-0.00087353425,0
0.5,0,27.083416,0.13108962,0,-26.827153,-0.00083366933,0
0.5,0,27.082049,0.14910964,0,-26.817925,-0.0007876178,0
0.5,0,27.080824,0.16624888,0,-26.808696,-0.00073562933,0
0.5,0,27.079719,0.18236925,0,-26.799468,-0.00067802073,0
0.5,0,27.078637,0.19718258,0,-26.790239,-0.00061517955,0
0.5,0,27.077337,0.21048436,0,-26.781011,-0.00054753264,0
0.5,0,27.075505,0.2224337,0,-26.771782,-0.00047549129,0
0.5,0,27.072494,0.23351025,0,-26.762554,-0.00039941703,0
0.5,0,27.067341,0.24400089,0,-26.753325,-0.0003196618,0
0.5,0,27.057957,0.25397294,0,-26.744097,-0.00023669541,0
0.5,0,27.039476,0.2653742,0,-26.734868,-0.00015115231,0
0.5,0,27.004245,0.27902867,0,-26.72564,-6.3624302e-05,0
0.5,0,26.971177,0.27896507,0,-26.719031,-2.5804012e-15,0
0.5,0,26.846081,-0.29072117,0,-26.310359,-6.8947652e-05,0
0.5,0,26.825084,-0.29254693,0,-26.316831,-2.5804012e-15,0
0.5,0,26.867365,-0.28273522,0,-26.30113,-0.000166538,0
0.5,0,26.878863,-0.27724054,0,-26.291902,-0.0002629098,0
0.5,0,26.884493,-0.27182816,0,-26.282673,-0.00035727922,0
0.5,0,26.887668,-0.26485367,0,-26.273445,-0.00044891779,0
0.5,0,26.890982,-0.25546351,0,-26.264217,-0.00053728059,0
0.5,0,26.894607,-0.24368896,0,-26.254988,-0.00062189297,0
0.5,0,26.897446,-0.22994175,0,-26.24576,-0.00070225347,0
0.5,0,26.899209,-0.214461,0,-26.236531,-0.00077784038,0
0.5,0,26.900582,-0.19749052,0,-26.227303,-0.00084811545,0
0.5,0,26.902031,-0.1793034,0,-26.218074,-0.00091251451,0
0.5,0,26.903243,-0.15995035,0,-26.208846,-0.00097048427,0
0.5,0,26.903676,-0.13931329,0,-26.199617,-0.001021541,0
0.5,0,26.903232,-0.11740735,0,-26.190389,-0.0010652898,0
0.5,0,26.902317,-0.09448703,0,-26.18116,-0.0011014024,0
0.5,0,26.901425,-0.070900637,0,-26.171932,-0.0011295873,0
0.5,0,26.900766,-0.046907706,0,-26.162703,-0.0011495791,0
0.5,0,26.900268,-0.02256308,0,-26.153475,-0.0011611508,0
0.5,0,26.899801,0.0022807902,0,-26.144246,-0.0011641507,0
0.5,0,26.899186,0.027779657,0,-26.135018,-0.0011585393,0
0.5,0,26.898354,0.053812578,0,-26.12579,-0.0011443937,0
0.5,0,26.897243,0.079869956,0,-26.116561,-0.0011218719,0
0.5,0,26.895802,0.10526177,0,-26.107333,-0.0010911664,0
0.5,0,26.894204,0.12947709,0,-26.098104,-0.0010524755,0
0.5,0,26.892655,0.15234834,0,-26.088876,-0.0010060006,0
0.5,0,26.891361,0.17392225,0,-26.079647,-0.000951969,0
0.5,0,26.890436,0.1942244,0,-26.070419,-0.00089066631,0
0.5,0,26.889878,0.21311435,0,-26.06119,-0.00082246664,0
0.5,0,26.889602,0.23035013,0,-26.051962,-0.00074784668,0
0.5,0,26.889416,0.24584929,0,-26.042733,-0.00066736761,0
0.5,0,26.888999,0.25992215,0,-26.033505,-0.00058162127,0
0.5,0,26.887789,0.2731506,0,-26.024276,-0.00049117153,0
0.5,0,26.885027,0.28579257,0,-26.015048,-0.00039654813,0
0.5,0,26.878949,0.29740683,0,-26.005819,-0.00029834471,0
0.5,0,26.86535,0.30916185,0,-25.996591,-0.00019731504,0
0.5,0,26.834558,0.32475029,0,-25.987362,-9.4087805e-05,0
0.5,0,26.793794,0.32488065,0,-25.979062,-2.5804012e-15,0
0.5,0,26.73746,-0.33080054,0,-25.572081,-7.5457079e-05,0
0.5,0,26.71399,-0.33187781,0,-25.578215,-2.5804012e-15,0
0.5,0,26.764064,-0.3234609,0,-25.562853,-0.0001883196,0
0.5,0,26.780305,-0.31805263,0,-25.553625,-0.00029998143,0
0.5,0,26.789909,-0.31305407,0,-25.544396,-0.00040960068,0
0.5,0,26.7965,-0.30647716,0,-25.535168,-0.00051639311,0
0.5,0,26.802789,-0.29729658,0,-25.525939,-0.00061975841,0
0.5,0,26.809122,-0.28539959,0,-25.516711,-0.00071917423,0
0.5,0,26.814622,-0.27116088,0,-25.507482,-0.00081409611,0
0.5,0,26.819175,-0.25487577,0,-25.498254,-0.00090395745,0
0.5,0,26.823529,-0.23689639,0,-25.489025,-0.00098816806,0
0.5,0,26.828194,-0.21759517,0,-25.479797,-0.0010660975,0
0.5,0,26.83292,-0.19702772,0,-25.470568,-0.0011371073,0
0.5,0,26.837203,-0.1749654,0,-25.46134,-0.001200616,0
0.5,0,26.840929,-0.15125878,0,-25.452111,-0.0012561326,0
0.5,0,26.84442,-0.12603701,0,-25.442883,-0.001303251,0
0.5,0,26.847988,-0.099652437,0,-25.433654,-0.001341629,0
0.5,0,26.851597,-0.072529675,0,-25.424426,-0.0013709662,0
0.5,0,26.854937,-0.044970708,0,-25.415198,-0.001390996,0
0.5,0,26.857705,-0.017011001,0,-25.405969,-0.0014015036,0
0.5,0,26.859753,0.011481533,0,-25.396741,-0.0014023575,0
0.5,0,26.861056,0.040493319,0,-25.387512,-0.0013935229,0
0.5,0,26.861678,0.069646141,0,-25.378284,-0.0013750469,0
0.5,0,26.861769,0.098308649,0,-25.369055,-0.0013470393,0
0.5,0,26.861573,0.12593025,0,-25.359827,-0.0013096684,0
0.5,0,26.861391,0.15228166,0,-25.350598,-0.0012631671,0
0.5,0,26.861488,0.1774241,0,-25.34137,-0.0012078336,0
0.5,0,26.862039,0.20148591,0,-25.332141,-0.0011440268,0
0.5,0,26.863132,0.22443814,0,-25.322913,-0.0010721622,0
0.5,0,26.864766,0.24600365,0,-25.313684,-0.00099271382,0
0.5,0,26.866842,0.26575784,0,-25.304456,-0.00090622051,0
0.5,0,26.86912,0.2834079,0,-25.295227,-0.00081327895,0
0.5,0,26.871235,0.29907274,0,-25.285999,-0.00071451175,0
0.5,0,26.8727,0.31326656,0,-25.276771,-0.00061052336,0
0.5,0,26.87295,0.3264002,0,-25.267542,-0.00050188835,0
0.5,0,26.870801,0.33826424,0,-25.258314,-0.00038922495,0
0.5,0,26.862978,0.3495585,0,-25.249085,-0.00027330165,0
0.5,0,26.841429,0.36390381,0,-25.239857,-0.00015484648,0
0.5,0,26.804203,0.36869059,0,-25.230628,-3.4756775e-05,0
0.5,0,26.793147,0.36644079,0,-25.227983,-2.5804012e-15,0
0.5,0,26.849347,-0.37521073,0,-24.824576,-0.00012224457,0
0.5,0,26.812172,-0.37924075,0,-24.833322,-2.5804012e-15,0
0.5,0,26.87623,-0.36670255,0,-24.815347,-0.00025043693,0
0.5,0,26.892004,-0.3613865,0,-24.806119,-0.00037722503,0
0.5,0,26.901637,-0.35504675,0,-24.79689,-0.00050171454,0
0.5,0,26.908626,-0.3466573,0,-24.787662,-0.00062310443,0
0.5,0,26.91541,-0.33544646,0,-24.778433,-0.00074075209,0
0.5,0,26.921847,-0.32155958,0,-24.769205,-0.00085403131,0
0.5,0,26.927217,-0.30536811,0,-24.759976,-0.00096226691,0
0.5,0,26.931787,-0.28710713,0,-24.750748,-0.0010647638,0
0.5,0,26.936315,-0.2671507,0,-24.741519,-0.0011608055,0
0.5,0,26.941017,-0.24580726,0,-24.732291,-0.0012496479,0
0.5,0,26.945457,-0.22293342,0,-24.723063,-0.0013305707,0
0.5,0,26.9492,-0.19811453,0,-24.713834,-0.001402942,0
0.5,0,26.952279,-0.17112852,0,-24.704606,-0.0014662342,0
0.5,0,26.955016,-0.14216202,0,-24.695377,-0.0015200051,0
0.5,0,26.957596,-0.11175785,0,-24.686149,-0.0015638699,0
0.5,0,26.959908,-0.080600478,0,-24.67692,-0.0015974804,0
0.5,0,26.96172,-0.049174739,0,-24.667692,-0.0016205281,0
0.5,0,26.962902,-0.017534391,0,-24.658463,-0.0016327806,0
0.5,0,26.963445,0.014545511,0,-24.649235,-0.0016341208,0
0.5,0,26.963404,0.047151239,0,-24.640006,-0.0016245516,0
0.5,0,26.962917,0.079947169,0,-24.630778,-0.0016041643,0
0.5,0,26.962226,0.11226289,0,-24.621549,-0.0015731114,0
0.5,0,26.961668,0.1434274,0,-24.612321,-0.0015316061,0
0.5,0,26.961574,0.17305237,0,-24.603092,-0.0014799368,0
0.5,0,26.962163,0.20108172,0,-24.593864,-0.0014184715,0
0.5,0,26.963523,0.22762839,0,-24.584636,-0.0013476465,0
0.5,0,26.96565,0.25273902,0,-24.575407,-0.0012679498,0
0.5,0,26.96847,0.27623774,0,-24.566179,-0.001179912,0
0.5,0,26.97182,0.29774018,0,-24.55695,-0.0010841088,0
0.5,0,26.975423,0.31686462,0,-24.547722,-0.0009811692,0
0.5,0,26.9789,0.33354794,0,-24.538493,-0.0008717687,0
0.5,0,26.98186,0.34823959,0,-24.529265,-0.00075659558,0
0.5,0,26.98385,0.3616749,0,-24.520036,-0.0006363072,0
0.5,0,26.984333,0.37418984,0,-24.510808,-0.00051152983,0
0.5,0,26.981599,0.38543158,0,-24.501579,-0.00038295417,0
0.5,0,26.971247,0.39678764,0,-24.492351,-0.00025141825,0
0.5,0,26.943052,0.41158336,0,-24.483122,-0.0001176501,0
0.5,0,26.904692,0.41136599,0,-24.475086,-2.5804012e-15,0
0.5,0,26.810663,-0.4148644,0,-24.067841,-0.00012606827,0
0.5,0,26.778966,-0.41754889,0,-24.075937,-2.5804012e-15,0
0.5,0,26.834563,-0.40740859,0,-24.058613,-0.0002691816,0
0.5,0,26.847448,-0.40275903,0,-24.049384,-0.00041098176,0
0.5,0,26.854219,-0.39681078,0,-24.040156,-0.00055041445,0
0.5,0,26.858372,-0.38828127,0,-24.030928,-0.00068650989,0
0.5,0,26.862329,-0.376313,0,-24.021699,-0.00081846303,0
0.5,0,26.865899,-0.36103618,0,-24.012471,-0.00094549516,0
0.5,0,26.868213,-0.34288545,0,-24.003242,-0.001066783,0
0.5,0,26.869405,-0.32213998,0,-23.994014,-0.0011814907,0
0.5,0,26.870217,-0.29918364,0,-23.984785,-0.0012887766,0
0.5,0,26.870909,-0.27436363,0,-23.975557,-0.0013877893,0
0.5,0,26.871144,-0.24763867,0,-23.966328,-0.0014777182,0
0.5,0,26.870504,-0.2187662,0,-23.9571,-0.0015578546,0
0.5,0,26.868974,-0.18775132,0,-23.947871,-0.0016276019,0
0.5,0,26.86687,-0.15497645,0,-23.938643,-0.0016864558,0
0.5,0,26.864383,-0.12102772,0,-23.929414,-0.0017339893,0
0.5,0,26.861544,-0.086453273,0,-23.920186,-0.0017698497,0
0.5,0,26.858362,-0.051538396,0,-23.910957,-0.0017937687,0
0.5,0,26.854983,-0.016231559,0,-23.901729,-0.0018055882,0
0.5,0,26.851616,0.019629421,0,-23.892501,-0.0018052767,0
0.5,0,26.848411,0.055938994,0,-23.883272,-0.0017929102,0
0.5,0,26.845493,0.092147416,0,-23.874044,-0.0017686277,0
0.5,0,26.843011,0.12746824,0,-23.864815,-0.0017326019,0
0.5,0,26.841162,0.16127965,0,-23.855587,-0.001685045,0
0.5,0,26.840131,0.19337001,0,-23.846358,-0.0016262287,0
0.5,0,26.840018,0.22388094,0,-23.83713,-0.0015564975,0
0.5,0,26.840832,0.25305045,0,-23.827901,-0.0014762694,0
0.5,0,26.842505,0.28094674,0,-23.818673,-0.001386034,0
0.5,0,26.844897,0.30734681,0,-23.809444,-0.001286352,0
0.5,0,26.847763,0.33183153,0,-23.800216,-0.0011778563,0
0.5,0,26.850732,0.35407737,0,-23.790987,-0.0010612413,0
0.5,0,26.853356,0.37416533,0,-23.781759,-0.00093722867,0
0.5,0,26.855141,0.39259828,0,-23.77253,-0.0008065196,0
0.5,0,26.855549,0.40982584,0,-23.763302,-0.00066977453,0
0.5,0,26.85352,0.42564718,0,-23.754074,-0.00052767797,0
0.5,0,26.846113,0.44028659,0,-23.744845,-0.00038106099,0
0.5,0,26.825977,0.45663524,0,-23.735617,-0.00023080334,0
0.5,0,26.787629,0.46650863,0,-23.726388,-7.7949905e-05,0
0.5,0,26.764444,0.46419959,0,-23.72174,-2.5804012e-15,0
0.5,0,26.713592,-0.47198462,0,-23.311107,-7.7103893e-05,0
0.5,0,26.692134,-0.47117707,0,-23.315446,-2.5804012e-15,0
0.5,0,26.751046,-0.46658877,0,-23.301879,-0.00024024599,0
0.5,0,26.776147,-0.45907199,0,-23.29265,-0.0004020671,0
0.5,0,26.792288,-0.45190309,0,-23.283422,-0.00056146766,0
0.5,0,26.804268,-0.44201179,0,-23.274193,-0.00071733991,0
0.5,0,26.815403,-0.42856028,0,-23.264965,-0.00086871474,0
0.5,0,26.826887,-0.41146738,0,-23.255736,-0.0010147067,0
0.5,0,26.837997,-0.39139478,0,-23.246508,-0.0011543852,0
0.5,0,26.848322,-0.36885588,0,-23.237279,-0.0012867758,0
0.5,0,26.858438,-0.34404682,0,-23.228051,-0.0014109212,0
0.5,0,26.868957,-0.31709142,0,-23.218822,-0.0015259052,0
0.5,0,26.87976,-0.28797179,0,-23.209594,-0.0016308699,0
0.5,0,26.890249,-0.25653797,0,-23.200366,-0.0017250477,0
0.5,0,26.899988,-0.22280162,0,-23.191137,-0.0018077726,0
0.5,0,26.908908,-0.18707685,0,-23.181909,-0.0018784673,0
0.5,0,26.917058,-0.14982707,0,-23.17268,-0.0019366368,0
0.5,0,26.924342,-0.11148293,0,-23.163452,-0.0019818731,0
0.5,0,26.930536,-0.072343961,0,-23.154223,-0.0020138605,0
0.5,0,26.935451,-0.032538005,0,-23.144995,-0.002032379,0
0.5,0,26.938998,0.0078958068,0,-23.135766,-0.0020373084,0
0.5,0,26.941136,0.048796316,0,-23.126538,-0.002028621,0
0.5,0,26.941866,0.089717839,0,-23.117309,-0.0020063626,0
0.5,0,26.941269,0.13000323,0,-23.108081,-0.0019706403,0
0.5,0,26.939534,0.16905265,0,-23.098852,-0.001921635,0
0.5,0,26.93694,0.20654721,0,-23.089624,-0.0018596189,0
0.5,0,26.933782,0.24245644,0,-23.080395,-0.0017849587,0
0.5,0,26.930315,0.27686703,0,-23.071167,-0.0016981038,0
0.5,0,26.92673,0.30977278,0,-23.061939,-0.0015995766,0
0.5,0,26.923121,0.34094356,0,-23.05271,-0.0014899761,0
0.5,0,26.919447,0.36993984,0,-23.043482,-0.0013699904,0
0.5,0,26.915506,0.39631369,0,-23.034253,-0.0012403997,0
0.5,0,26.910932,0.41992898,0,-23.025025,-0.0011020523,0
0.5,0,26.905287,0.44114242,0,-23.015796,-0.00095580877,0
0.5,0,26.897975,0.46054413,0,-23.006568,-0.00080249523,0
0.5,0,26.888171,0.47829742,0,-22.997339,-0.00064292451,0
0.5,0,26.873463,0.49414322,0,-22.988111,-0.00047801986,0
0.5,0,26.848343,0.50995284,0,-22.978882,-0.00030887149,0
0.5,0,26.802217,0.52645128,0,-22.969654,-0.00013655945,0
0.5,0,26.752338,0.52528105,0,-22.962424,-2.5804012e-15,0
0.5,0,26.798036,-0.53064445,0,-22.554373,-7.0221686e-05,0
0.5,0,26.780406,-0.53056677,0,-22.557887,-2.5804012e-15,0
0.5,0,26.835711,-0.52371746,0,-22.545144,-0.00025338056,0
0.5,0,26.859963,-0.51444782,0,-22.535916,-0.00043499705,0
0.5,0,26.874317,-0.50634168,0,-22.526687,-0.0006138673,0
0.5,0,26.883889,-0.49577909,0,-22.517459,-0.00078873996,0
0.5,0,26.892155,-0.48175002,0,-22.508231,-0.00095853459,0
0.5,0,26.900725,-0.46379768,0,-22.499002,-0.0011223126,0
0.5,0,26.908908,-0.44236084,0,-22.489774,-0.0012791263,0
0.5,0,26.915944,-0.41791684,0,-22.480545,-0.0014279875,0
0.5,0,26.922065,-0.39069227,0,-22.471317,-0.0015679163,0
0.5,0,26.927704,-0.3609127,0,-22.462088,-0.0016979563,0
0.5,0,26.932639,-0.32869999,0,-22.45286,-0.0018171822,0
0.5,0,26.936137,-0.29397902,0,-22.443631,-0.001924733,0
0.5,0,26.937612,-0.2567564,0,-22.434403,-0.0020198323,0
0.5,0,26.936964,-0.21733019,0,-22.425174,-0.0021017838,0
0.5,0,26.934352,-0.17617428,0,-22.415946,-0.0021699731,0
0.5,0,26.929851,-0.13374885,0,-22.406717,-0.0022238854,0
0.5,0,26.923367,-0.090394475,0,-22.397489,-0.0022631215,0
0.5,0,26.914799,-0.046278303,0,-22.38826,-0.0022874054,0
0.5,0,26.904128,-0.0014590162,0,-22.379032,-0.0022965869,0
0.5,0,26.891386,0.043898409,0,-22.369804,-0.0022906305,0
0.5,0,26.876656,0.089336041,0,-22.360575,-0.002269589,0
0.5,0,26.860178,0.1341461,0,-22.351347,-0.0022335853,0
0.5,0,26.842399,0.17762812,0,-22.342118,-0.002182825,0
0.5,0,26.823937,0.21933527,0,-22.33289,-0.0021176245,0
0.5,0,26.805472,0.25912008,0,-22.323661,-0.0020384231,0
0.5,0,26.787639,0.29699569,0,-22.314433,-0.0019457694,0
0.5,0,26.77098,0.33293739,0,-22.305204,-0.0018402989,0
0.5,0,26.755906,0.36674129,0,-22.295976,-0.0017227214,0
0.5,0,26.74266,0.3980038,0,-22.286747,-0.0015938258,0
0.5,0,26.731294,0.4262527,0,-22.277519,-0.0014544907,0
0.5,0,26.721683,0.45122244,0,-22.26829,-0.0013056792,0
0.5,0,26.713607,0.47310495,0,-22.259062,-0.0011484002,0
0.5,0,26.706741,0.49248826,0,-22.249833,-0.0009836513,0
0.5,0,26.70063,0.50983399,0,-22.240605,-0.00081239173,0
0.5,0,26.694013,0.52494856,0,-22.231377,-0.00063560838,0
0.5,0,26.683418,0.53841681,0,-22.222148,-0.00045443104,0
0.5,0,26.660219,0.5536992,0,-22.21292,-0.00026998716,0
0.5,0,26.619302,0.55953863,0,-22.203691,-8.3651919e-05,0
0.5,0,26.598598,0.55568388,0,-22.199576,-2.5804012e-15,0
0.5,0,26.786549,-0.55790985,0,-21.797639,-0.00011600551,0
0.5,0,26.767655,-0.5593044,0,-21.803113,-2.5804012e-15,0
0.5,0,26.805478,-0.54961189,0,-21.78841,-0.00031043812,0
0.5,0,26.81011,-0.54144086,0,-21.779182,-0.00050317883,0
0.5,0,26.805152,-0.53310654,0,-21.769953,-0.00069296313,0
0.5,0,26.795592,-0.52203502,0,-21.760725,-0.00087854338,0
0.5,0,26.785254,-0.50730001,0,-21.751496,-0.0010588903,0
0.5,0,26.775765,-0.48866503,0,-21.742268,-0.001233099,0
0.5,0,26.766976,-0.46654984,0,-21.733039,-0.0014002506,0
0.5,0,26.758997,-0.4413453,0,-21.723811,-0.0015593974,0
0.5,0,26.752628,-0.41344834,0,-21.714582,-0.0017095826,0
0.5,0,26.748466,-0.38334521,0,-21.705354,-0.0018498345,0
0.5,0,26.746414,-0.35124239,0,-21.696125,-0.0019791908,0
0.5,0,26.746046,-0.31695445,0,-21.686897,-0.002096752,0
0.5,0,26.747152,-0.2802604,0,-21.677669,-0.0022017038,0
0.5,0,26.749779,-0.24119533,0,-21.66844,-0.0022933046,0
0.5,0,26.75397,-0.20004842,0,-21.659212,-0.0023708764,0
0.5,0,26.759477,-0.15722903,0,-21.649983,-0.0024338159,0
0.5,0,26.765909,-0.11309401,0,-21.640755,-0.0024816164,0
0.5,0,26.772911,-0.0678008,0,-21.631526,-0.0025138973,0
0.5,0,26.78012,-0.021369079,0,-21.622298,-0.0025304214,0
0.5,0,26.787123,0.026051256,0,-21.613069,-0.0025310794,0
0.5,0,26.793478,0.073998079,0,-21.603841,-0.0025158473,0
0.5,0,26.798862,0.12176549,0,-21.594612,-0.0024847559,0
0.5,0,26.803104,0.16862967,0,-21.585384,-0.0024379058,0
0.5,0,26.806196,0.2140506,0,-21.576155,-0.0023755189,0
0.5,0,26.808267,0.25772714,0,-21.566927,-0.0022979781,0
0.5,0,26.809553,0.29952301,0,-21.557698,-0.002205827,0
0.5,0,26.810357,0.33933047,0,-21.54847,-0.0020997367,0
0.5,0,26.810977,0.37693325,0,-21.539242,-0.0019804637,0
0.5,0,26.811598,0.41194064,0,-21.530013,-0.0018488298,0
0.5,0,26.812231,0.44383637,0,-21.520785,-0.0017057295,0
0.5,0,26.812743,0.47214754,0,-21.511556,-0.0015521531,0
0.5,0,26.812938,0.49669453,0,-21.502328,-0.0013891927,0
0.5,0,26.812653,0.51776614,0,-21.493099,-0.0012180043,0
0.5,0,26.811685,0.53598264,0,-21.483871,-0.0010397359,0
0.5,0,26.80968,0.55174582,0,-21.474642,-0.00085548397,0
0.5,0,26.805378,0.56477015,0,-21.465414,-0.00066635526,0
0.5,0,26.795237,0.57570195,0,-21.456185,-0.000473586,0
0.5,0,26.770452,0.58813862,0,-21.446957,-0.00027838573,0
0.5,0,26.726268,0.59070699,0,-21.437728,-8.2229026e-05,0
0.5,0,26.704919,0.58613451,0,-21.433868,-2.5804012e-15,0
0.5,0,26.975181,-0.56596192,0,-21.040904,-7.0555995e-05,0
0.5,0,26.95994,-0.56639512,0,-21.044226,-2.5804012e-15,0
0.5,0,27.008157,-0.55721786,0,-21.031676,-0.00026532929,0
0.5,0,27.026629,-0.54751592,0,-21.022447,-0.00045875296,0
0.5,0,27.034292,-0.5388028,0,-21.013219,-0.00064968117,0
0.5,0,27.036233,-0.52763932,0,-21.00399,-0.00083677018,0
0.5,0,27.03634,-0.51334356,0,-20.994762,-0.0010188746,0
0.5,0,27.036926,-0.49533562,0,-20.985533,-0.0011950425,0
0.5,0,27.037753,-0.47383994,0,-20.976305,-0.0013643679,0
0.5,0,27.038287,-0.44925423,0,-20.967077,-0.001525937,0
0.5,0,27.038945,-0.42193332,0,-20.957848,-0.0016788439,0
0.5,0,27.040384,-0.39244189,0,-20.94862,-0.001822177,0
0.5,0,27.042616,-0.36126668,0,-20.939391,-0.0019550188,0
0.5,0,27.045065,-0.32843866,0,-20.930163,-0.0020764976,0
0.5,0,27.047234,-0.29369939,0,-20.920934,-0.0021858355,0
0.5,0,27.04897,-0.25685898,0,-20.911706,-0.0022823502,0
0.5,0,27.050391,-0.21794558,0,-20.902477,-0.0023654367,0
0.5,0,27.05155,-0.17722354,0,-20.893249,-0.0024345579,0
0.5,0,27.052371,-0.13510262,0,-20.88402,-0.0024892477,0
0.5,0,27.052893,-0.091889659,0,-20.874792,-0.0025291302,0
0.5,0,27.053266,-0.047644867,0,-20.865563,-0.0025539442,0
0.5,0,27.053692,-0.0023696058,0,-20.856335,-0.002563544,0
0.5,0,27.054244,0.043696296,0,-20.847106,-0.002557864,0
0.5,0,27.054895,0.089999449,0,-20.837878,-0.0025368721,0
0.5,0,27.055608,0.13585236,0,-20.82865,-0.0025005573,0
0.5,0,27.056321,0.18067698,0,-20.819421,-0.0024489702,0
0.5,0,27.056961,0.2241412,0,-20.810193,-0.0023822874,0
0.5,0,27.05748,0.26614762,0,-20.800964,-0.0023008531,0
0.5,0,27.057918,0.30671584,0,-20.791736,-0.0022051748,0
0.5,0,27.058408,0.34580893,0,-20.782507,-0.0020958832,0
0.5,0,27.059112,0.38318395,0,-20.773279,-0.0019736867,0
0.5,0,27.06012,0.41835704,0,-20.76405,-0.0018393513,0
0.5,0,27.061401,0.45070397,0,-20.754822,-0.0016937146,0
0.5,0,27.062832,0.47966608,0,-20.745593,-0.0015377141,0
0.5,0,27.064256,0.50500582,0,-20.736365,-0.0013723946,0
0.5,0,27.065545,0.52695904,0,-20.727136,-0.0011988656,0
0.5,0,27.066462,0.54606655,0,-20.717908,-0.001018229,0
0.5,0,27.066575,0.56260749,0,-20.708679,-0.00083154784,0
0.5,0,27.064311,0.57618979,0,-20.699451,-0.0006399328,0
0.5,0,27.055522,0.58779808,0,-20.690223,-0.00044467177,0
0.5,0,27.029989,0.60168416,0,-20.680994,-0.00024700939,0
0.5,0,26.984716,0.60297858,0,-20.671766,-4.8535783e-05,0
0.5,0,26.972806,0.60019473,0,-20.669515,-2.5804012e-15,0
0.5,0,26.932742,-0.55005548,0,-20.274942,-9.5876007e-05,0
0.5,0,26.918943,-0.5528403,0,-20.279576,-2.5804012e-15,0
0.5,0,26.951964,-0.53819759,0,-20.265713,-0.00028504213,0
0.5,0,26.95996,-0.52672793,0,-20.256485,-0.00047213018,0
0.5,0,26.960827,-0.51559917,0,-20.247256,-0.00065596593,0
0.5,0,26.959111,-0.50209579,0,-20.238028,-0.00083526261,0
0.5,0,26.958038,-0.48554151,0,-20.228799,-0.0010089679,0
0.5,0,26.958856,-0.46558829,0,-20.219571,-0.0011762005,0
0.5,0,26.960722,-0.44253326,0,-20.210342,-0.001336113,0
0.5,0,26.962909,-0.416732,0,-20.201114,-0.0014878616,0
0.5,0,26.965664,-0.38856648,0,-20.191885,-0.0016306179,0
0.5,0,26.969389,-0.35862093,0,-20.182657,-0.001763552,0
0.5,0,26.973902,-0.32732168,0,-20.173428,-0.001885838,0
0.5,0,26.978651,-0.29462575,0,-20.1642,-0.0019967075,0
0.5,0,26.983303,-0.26022821,0,-20.154971,-0.0020954922,0
0.5,0,26.987955,-0.22391031,0,-20.145743,-0.0021816234,0
0.5,0,26.99287,-0.18570962,0,-20.136515,-0.0022546137,0
0.5,0,26.998176,-0.14593536,0,-20.127286,-0.0023140399,0
0.5,0,27.003853,-0.1050198,0,-20.118058,-0.0023595367,0
0.5,0,27.009854,-0.063252826,0,-20.108829,-0.0023908099,0
0.5,0,27.016186,-0.020683794,0,-20.099601,-0.0024076586,0
0.5,0,27.022823,0.02266725,0,-20.090372,-0.0024099778,0
0.5,0,27.029579,0.066535791,0,-20.081144,-0.0023977274,0
0.5,0,27.036392,0.11037213,0,-20.071915,-0.0023708965,0
0.5,0,27.04313,0.15353288,0,-20.062687,-0.0023295055,0
0.5,0,27.049667,0.19551883,0,-20.053458,-0.0022736556,0
0.5,0,27.056108,0.23610137,0,-20.04423,-0.0022035896,0
0.5,0,27.062454,0.27527853,0,-20.035001,-0.0021197199,0
0.5,0,27.068909,0.31312823,0,-20.025773,-0.0020226087,0
0.5,0,27.075666,0.34956055,0,-20.016544,-0.0019129222,0
0.5,0,27.082797,0.3841962,0,-20.007316,-0.0017913917,0
0.5,0,27.090337,0.41646027,0,-19.998088,-0.0016587941,0
0.5,0,27.098119,0.44569983,0,-19.988859,-0.0015159687,0
0.5,0,27.105884,0.47142274,0,-19.979631,-0.0013638425,0
0.5,0,27.113289,0.49358316,0,-19.970402,-0.0012034289,0
0.5,0,27.119958,0.51262248,0,-19.961174,-0.0010357837,0
0.5,0,27.125373,0.52910211,0,-19.951945,-0.00086195439,0
0.5,0,27.128545,0.54311723,0,-19.942717,-0.00068299253,0
0.5,0,27.126686,0.55475739,0,-19.933488,-0.00050005748,0
0.5,0,27.113225,0.56636565,0,-19.92426,-0.00031440832,0
0.5,0,27.079561,0.5753664,0,-19.915031,-0.00012737933,0
0.5,0,27.046165,0.5723552,0,-19.908756,-2.5804012e-15,0
0.5,0,26.917074,-0.53517803,0,-19.518207,-7.7127062e-05,0
0.5,0,26.89549,-0.53592545,0,-19.522064,-2.5804012e-15,0
0.5,0,26.959149,-0.52620096,0,-19.508979,-0.0002603921,0
0.5,0,26.987238,-0.51622726,0,-19.49975,-0.00044210191,0
0.5,0,27.004901,-0.50663645,0,-19.490522,-0.00062108776,0
0.5,0,27.016682,-0.49453091,0,-19.481293,-0.00079601129,0
0.5,0,27.025956,-0.47929335,0,-19.472065,-0.00096572099,0
0.5,0,27.034669,-0.46045312,0,-19.462836,-0.0011292383,0
0.5,0,27.04273,-0.43818523,0,-19.453608,-0.0012856338,0
0.5,0,27.049989,-0.4127516,0,-19.44438,-0.0014339985,0
0.5,0,27.057164,-0.38443595,0,-19.435151,-0.001573464,0
0.5,0,27.065035,-0.35381784,0,-19.425923,-0.001703182,0
0.5,0,27.07362,-0.32147172,0,-19.416694,-0.0018223141,0
0.5,0,27.082322,-0.28755668,0,-19.407466,-0.0019300755,0
0.5,0,27.090591,-0.25191386,0,-19.398237,-0.0020257826,0
0.5,0,27.098261,-0.21440607,0,-19.389009,-0.0021088625,0
0.5,0,27.105351,-0.17513505,0,-19.37978,-0.002178837,0
0.5,0,27.111773,-0.13449976,0,-19.370552,-0.0022353009,0
0.5,0,27.117319,-0.093059141,0,-19.361323,-0.0022779096,0
0.5,0,27.121846,-0.051221558,0,-19.352095,-0.0023063905,0
0.5,0,27.125377,-0.009059648,0,-19.342866,-0.0023205745,0
0.5,0,27.128002,0.033518651,0,-19.333638,-0.0023204134,0
0.5,0,27.129782,0.076420772,0,-19.324409,-0.0023059571,0
0.5,0,27.130746,0.11918366,0,-19.315181,-0.0022773103,0
0.5,0,27.130907,0.16109866,0,-19.305953,-0.0022346154,0
0.5,0,27.130294,0.20150309,0,-19.296724,-0.0021780823,0
0.5,0,27.128938,0.24000739,0,-19.287496,-0.0021080399,0
0.5,0,27.126873,0.27655167,0,-19.278267,-0.0020249712,0
0.5,0,27.124177,0.31128417,0,-19.269039,-0.0019295065,0
0.5,0,27.121008,0.34431952,0,-19.25981,-0.00182238,0
0.5,0,27.117572,0.37551401,0,-19.250582,-0.0017043797,0
0.5,0,27.114031,0.40439948,0,-19.241353,-0.0015763191,0
0.5,0,27.110415,0.43032564,0,-19.232125,-0.0014390463,0
0.5,0,27.106587,0.45276663,0,-19.222896,-0.0012934706,0
0.5,0,27.102263,0.4716474,0,-19.213668,-0.001140572,0
0.5,0,27.097054,0.48744309,0,-19.204439,-0.00098136635,0
0.5,0,27.090364,0.50083632,0,-19.195211,-0.00081685349,0
0.5,0,27.081214,0.51207118,0,-19.185982,-0.0006480175,0
0.5,0,27.067001,0.52114575,0,-19.176754,-0.00047592224,0
0.5,0,27.041865,0.53006602,0,-19.167526,-0.00030173455,0
0.5,0,26.996955,0.53800784,0,-19.158297,-0.00012664277,0
0.5,0,26.952811,0.53388156,0,-19.151615,-2.5804012e-15,0
0.5,0,26.958978,-0.4836791,0,-18.770701,-0.00011391943,0
0.5,0,26.929593,-0.48641427,0,-18.776927,-2.5804012e-15,0
0.5,0,26.990577,-0.47465535,0,-18.761473,-0.00028188095,0
0.5,0,27.009463,-0.46726329,0,-18.752245,-0.00044839316,0
0.5,0,27.019809,-0.4591109,0,-18.743016,-0.00061238217,0
0.5,0,27.025192,-0.4485825,0,-18.733788,-0.00077273095,0
0.5,0,27.028313,-0.43519889,0,-18.724559,-0.00092849853,0
0.5,0,27.030015,-0.41896325,0,-18.715331,-0.0010788257,0
0.5,0,27.030186,-0.40008588,0,-18.706102,-0.0012228561,0
0.5,0,27.029401,-0.37849218,0,-18.696874,-0.0013597723,0
0.5,0,27.028803,-0.35421921,0,-18.687645,-0.0014888165,0
0.5,0,27.029023,-0.32767803,0,-18.678417,-0.0016092523,0
0.5,0,27.029814,-0.29929069,0,-18.669188,-0.0017203486,0
0.5,0,27.03062,-0.2692173,0,-18.65996,-0.0018214055,0
0.5,0,27.031147,-0.23743613,0,-18.650731,-0.0019117747,0
0.5,0,27.031347,-0.2038922,0,-18.641503,-0.0019908667,0
0.5,0,27.031054,-0.16864573,0,-18.632274,-0.0020581508,0
0.5,0,27.029837,-0.13200334,0,-18.623046,-0.0021131494,0
0.5,0,27.027233,-0.094429914,0,-18.613818,-0.0021554321,0
0.5,0,27.023027,-0.056248929,0,-18.604589,-0.0021846324,0
0.5,0,27.01732,-0.017474991,0,-18.595361,-0.0022004795,0
0.5,0,27.010366,0.02203379,0,-18.586132,-0.0022028165,0
0.5,0,27.002444,0.062289903,0,-18.576904,-0.002191585,0
0.5,0,26.993838,0.1029927,0,-18.567675,-0.0021667944,0
0.5,0,26.984798,0.14353936,0,-18.558447,-0.0021285085,0
0.5,0,26.97551,0.18320565,0,-18.549218,-0.0020768616,0
0.5,0,26.966069,0.22139913,0,-18.53999,-0.0020120914,0
0.5,0,26.956527,0.2578557,0,-18.530761,-0.0019345674,0
0.5,0,26.946964,0.29263523,0,-18.521533,-0.0018447957,0
0.5,0,26.937509,0.32588367,0,-18.512304,-0.0017433989,0
0.5,0,26.928292,0.35752116,0,-18.503076,-0.0016310848,0
0.5,0,26.919393,0.38708544,0,-18.493847,-0.0015086262,0
0.5,0,26.910831,0.41384794,0,-18.484619,-0.0013768656,0
0.5,0,26.902578,0.43715703,0,-18.475391,-0.0012367302,0
0.5,0,26.894539,0.45681613,0,-18.466162,-0.0010892277,0
0.5,0,26.886496,0.47319823,0,-18.456934,-0.00093540264,0
0.5,0,26.877947,0.48687395,0,-18.447705,-0.00077628537,0
0.5,0,26.867819,0.49797339,0,-18.438477,-0.00061290507,0
0.5,0,26.853191,0.506656,0,-18.429248,-0.00044639115,0
0.5,0,26.82752,0.51532834,0,-18.42002,-0.00027795416,0
0.5,0,26.783114,0.52070339,0,-18.410791,-0.00010888268,0
0.5,0,26.746462,0.5147175,0,-18.404833,-2.5804012e-15,0
0.5,0,26.85928,-0.48957695,0,-18.032424,-9.4110132e-05,0
0.5,0,26.839031,-0.49136935,0,-18.03759,-2.5804012e-15,0
0.5,0,26.883401,-0.48036092,0,-18.023196,-0.00026143095,0
0.5,0,26.89363,-0.47131961,0,-18.013967,-0.00042726813,0
0.5,0,26.893659,-0.46136001,0,-18.004739,-0.00059035333,0
0.5,0,26.887066,-0.44828604,0,-17.99551,-0.00074935806,0
0.5,0,26.876666,-0.43175487,0,-17.986282,-0.0009031592,0
0.5,0,26.863724,-0.41180568,0,-17.977053,-0.0010507734,0
0.5,0,26.848231,-0.38889494,0,-17.967825,-0.0011912615,0
0.5,0,26.830743,-0.36329351,0,-17.958596,-0.001323749,0
0.5,0,26.812848,-0.3352322,0,-17.949368,-0.0014474638,0
0.5,0,26.79612,-0.30522712,0,-17.940139,-0.0015617153,0
0.5,0,26.781296,-0.27383742,0,-17.930911,-0.001665871,0
0.5,0,26.768489,-0.24138525,0,-17.921683,-0.0017593702,0
0.5,0,26.757788,-0.20802254,0,-17.912454,-0.0018417385,0
0.5,0,26.749399,-0.17386848,0,-17.903226,-0.0019125898,0
0.5,0,26.743331,-0.13908157,0,-17.893997,-0.0019716259,0
0.5,0,26.739168,-0.10393908,0,-17.884769,-0.0020186297,0
0.5,0,26.736251,-0.068816688,0,-17.87554,-0.0020534452,0
0.5,0,26.734043,-0.033988559,0,-17.866312,-0.0020759626,0
0.5,0,26.732303,0.00054328222,0,-17.857083,-0.0020861212,0
0.5,0,26.731011,0.034987519,0,-17.847855,-0.0020839166,0
0.5,0,26.730235,0.069539993,0,-17.838626,-0.0020693963,0
0.5,0,26.730056,0.10419619,0,-17.829398,-0.0020426477,0
0.5,0,26.730536,0.13871277,0,-17.820169,-0.0020037965,0
0.5,0,26.731703,0.17270162,0,-17.810941,-0.0019530149,0
0.5,0,26.733522,0.20580084,0,-17.801712,-0.0018905318,0
0.5,0,26.735899,0.23784113,0,-17.792484,-0.0018166369,0
0.5,0,26.738715,0.2688783,0,-17.783256,-0.0017316801,0
0.5,0,26.741854,0.29903219,0,-17.774027,-0.0016360687,0
0.5,0,26.74521,0.32823818,0,-17.764799,-0.0015302678,0
0.5,0,26.748678,0.35610669,0,-17.75557,-0.001414806,0
0.5,0,26.752159,0.38203257,0,-17.746342,-0.0012902892,0
0.5,0,26.755566,0.40553497,0,-17.737113,-0.0011574097,0
0.5,0,26.758816,0.42659119,0,-17.727885,-0.0010169317,0
0.5,0,26.761699,0.44562473,0,-17.718656,-0.00086965349,0
0.5,0,26.763749,0.46297903,0,-17.709428,-0.00071638435,0
0.5,0,26.763551,0.47835805,0,-17.700199,-0.00055800095,0
0.5,0,26.757478,0.49224965,0,-17.690971,-0.00039554856,0
0.5,0,26.736872,0.50779396,0,-17.681742,-0.00023008809,0
0.5,0,26.697444,0.51332156,0,-17.672514,-6.2970418e-05,0
0.5,0,26.680353,0.51032965,0,-17.669057,-2.5804012e-15,0
0.5,0,26.879419,-0.48843223,0,-17.284918,-0.0001357947,0
0.5,0,26.845829,-0.49016143,0,-17.292305,-2.5804012e-15,0
0.5,0,26.909372,-0.48194788,0,-17.27569,-0.00030544195,0
0.5,0,26.928521,-0.47799281,0,-17.266461,-0.00047434102,0
0.5,0,26.941344,-0.47276601,0,-17.257233,-0.0006412247,0
0.5,0,26.950907,-0.46498399,0,-17.248004,-0.00080483498,0
0.5,0,26.959596,-0.45371432,0,-17.238776,-0.00096410443,0
0.5,0,26.967574,-0.43870888,0,-17.229548,-0.0011180495,0
0.5,0,26.97424,-0.4200288,0,-17.220319,-0.0012656917,0
0.5,0,26.979895,-0.39762969,0,-17.211091,-0.0014060852,0
0.5,0,26.985415,-0.37180644,0,-17.201862,-0.0015383108,0
0.5,0,26.991174,-0.34321629,0,-17.192634,-0.0016614308,0
0.5,0,26.996825,-0.31232816,0,-17.183405,-0.0017744977,0
0.5,0,27.001907,-0.27921922,0,-17.174177,-0.0018766122,0
0.5,0,27.006314,-0.24381234,0,-17.164948,-0.0019669677,0
0.5,0,27.010092,-0.20612036,0,-17.15572,-0.0020448711,0
0.5,0,27.013007,-0.16640505,0,-17.146491,-0.0021097485,0
0.5,0,27.014451,-0.12522927,0,-17.137263,-0.0021611322,0
0.5,0,27.013761,-0.083254196,0,-17.128034,-0.002198645,0
0.5,0,27.010586,-0.0409096,0,-17.118806,-0.0022220059,0
0.5,0,27.004981,0.0016975683,0,-17.109577,-0.0022310497,0
0.5,0,26.997268,0.044556144,0,-17.100349,-0.0022257335,0
0.5,0,26.987885,0.087466173,0,-17.091121,-0.0022061148,0
0.5,0,26.977258,0.1299405,0,-17.081892,-0.0021723271,0
0.5,0,26.965709,0.17133646,0,-17.072664,-0.0021245787,0
0.5,0,26.953425,0.2110943,0,-17.063435,-0.002063172,0
0.5,0,26.940498,0.24892981,0,-17.054207,-0.0019885224,0
0.5,0,26.927045,0.2848586,0,-17.044978,-0.0019011615,0
0.5,0,26.913308,0.31901273,0,-17.03575,-0.00180172,0
0.5,0,26.899667,0.35136449,0,-17.026521,-0.0016908994,0
0.5,0,26.886562,0.38156542,0,-17.017293,-0.00156945,0
0.5,0,26.874388,0.4090298,0,-17.008064,-0.0014381685,0
0.5,0,26.863438,0.43324189,0,-16.998836,-0.001297914,0
0.5,0,26.853859,0.45412463,0,-16.989607,-0.0011496177,0
0.5,0,26.845639,0.47218077,0,-16.980379,-0.00099425709,0
0.5,0,26.838424,0.48815662,0,-16.97115,-0.00083280519,0
0.5,0,26.83146,0.50232363,0,-16.961922,-0.00066621291,0
0.5,0,26.822333,0.51432807,0,-16.952694,-0.00049548504,0
0.5,0,26.805891,0.5256342,0,-16.943465,-0.00032173476,0
0.5,0,26.771405,0.53808795,0,-16.934237,-0.00014600186,0
0.5,0,26.728832,0.53527165,0,-16.926605,-2.5804012e-15,0
0.5,0,27.076916,-0.53696036,0,-16.537412,-9.2442017e-05,0
0.5,0,27.055913,-0.53770616,0,-16.542012,-2.5804012e-15,0
0.5,0,27.107011,-0.52937067,0,-16.528184,-0.0002774446,0
0.5,0,27.121242,-0.52243318,0,-16.518956,-0.00046159304,0
0.5,0,27.122597,-0.51572251,0,-16.509727,-0.0006437065,0
0.5,0,27.114702,-0.50640591,0,-16.500499,-0.0008224513,0
0.5,0,27.100342,-0.49372915,0,-16.49127,-0.0009967113,0
0.5,0,27.080936,-0.47721889,0,-16.482042,-0.0011655447,0
0.5,0,27.05633,-0.45707884,0,-16.472813,-0.0013280497,0
0.5,0,27.026842,-0.43358615,0,-16.463585,-0.0014833324,0
0.5,0,26.994023,-0.40708408,0,-16.454356,-0.0016305143,0
0.5,0,26.959784,-0.37823334,0,-16.445128,-0.0017687053,0
0.5,0,26.925601,-0.34766574,0,-16.435899,-0.0018970011,0
0.5,0,26.892643,-0.31558063,0,-16.426671,-0.0020145396,0
0.5,0,26.862211,-0.28183103,0,-16.417442,-0.0021205585,0
0.5,0,26.835713,-0.2462277,0,-16.408214,-0.0022144093,0
0.5,0,26.814227,-0.20877171,0,-16.398985,-0.0022955411,0
0.5,0,26.79821,-0.16977203,0,-16.389757,-0.0023634756,0
0.5,0,26.787619,-0.12975011,0,-16.380529,-0.0024177945,0
0.5,0,26.782218,-0.089146381,0,-16.3713,-0.0024581562,0
0.5,0,26.781711,-0.048130251,0,-16.362072,-0.002484331,0
0.5,0,26.785683,-0.0067260745,0,-16.352843,-0.0024962139,0
0.5,0,26.793508,0.034935602,0,-16.343615,-0.0024937956,0
0.5,0,26.804396,0.076534443,0,-16.334386,-0.0024771124,0
0.5,0,26.817476,0.11766341,0,-16.325158,-0.0024462197,0
0.5,0,26.831828,0.15797369,0,-16.315929,-0.0024012102,0
0.5,0,26.846532,0.19725272,0,-16.306701,-0.0023422635,0
0.5,0,26.860751,0.2354072,0,-16.297472,-0.0022696871,0
0.5,0,26.873823,0.27239475,0,-16.288244,-0.0021839223,0
0.5,0,26.885318,0.30814592,0,-16.279015,-0.0020855084,0
0.5,0,26.895029,0.34249959,0,-16.269787,-0.0019750296,0
0.5,0,26.902933,0.37518647,0,-16.260558,-0.0018530826,0
0.5,0,26.909164,0.40587057,0,-16.25133,-0.0017202875,0
0.5,0,26.914016,0.43421107,0,-16.242102,-0.0015773318,0
0.5,0,26.917937,0.459939,0,-16.232873,-0.0014250118,0
0.5,0,26.921427,0.48297872,0,-16.223645,-0.0012642311,0
0.5,0,26.924917,0.50354953,0,-16.214416,-0.0010959406,0
0.5,0,26.928399,0.52204262,0,-16.205188,-0.00092106079,0
0.5,0,26.931357,0.53855674,0,-16.195959,-0.00074046848,0
0.5,0,26.931436,0.55267579,0,-16.186731,-0.00055511053,0
0.5,0,26.923747,0.56586504,0,-16.177502,-0.00036612345,0
0.5,0,26.896139,0.58163255,0,-16.168274,-0.00017461652,0
0.5,0,26.851627,0.58182819,0,-16.159909,-2.5804012e-15,0
0.5,0,26.712121,-0.54605657,0,-15.77145,-0.00018394194,0
0.5,0,26.675882,-0.54540958,0,-15.780304,-2.5804012e-15,0
0.5,0,26.739793,-0.54188369,0,-15.762221,-0.00037615106,0
0.5,0,26.758825,-0.54101839,0,-15.752993,-0.00056813076,0
0.5,0,26.774534,-0.53833241,0,-15.743764,-0.00075870959,0
0.5,0,26.789787,-0.53284487,0,-15.734536,-0.00094674166,0
0.5,0,26.806226,-0.52363912,0,-15.725307,-0.0011312227,0
0.5,0,26.822887,-0.51074705,0,-15.716079,-0.0013111444,0
0.5,0,26.838442,-0.49435235,0,-15.70685,-0.0014854242,0
0.5,0,26.852786,-0.47431828,0,-15.697622,-0.0016529536,0
0.5,0,26.866445,-0.45074122,0,-15.688394,-0.001812604,0
0.5,0,26.879522,-0.42398056,0,-15.679165,-0.0019632049,0
0.5,0,26.891609,-0.3941911,0,-15.669937,-0.0021035861,0
0.5,0,26.902412,-0.36124459,0,-15.660708,-0.0022326516,0
0.5,0,26.912113,-0.32495362,0,-15.65148,-0.0023494199,0
0.5,0,26.921102,-0.28524963,0,-15.642251,-0.002453029,0
0.5,0,26.929558,-0.24236948,0,-15.633023,-0.0025427165,0
0.5,0,26.937378,-0.19696216,0,-15.623794,-0.002617789,0
0.5,0,26.944426,-0.14986774,0,-15.614566,-0.0026776156,0
0.5,0,26.950721,-0.10174242,0,-15.605337,-0.0027216726,0
0.5,0,26.956386,-0.052962019,0,-15.596109,-0.0027496044,0
0.5,0,26.961473,-0.0038484423,0,-15.58688,-0.0027612454,0
0.5,0,26.965897,0.045141011,0,-15.577652,-0.0027565906,0
0.5,0,26.969525,0.093455217,0,-15.568423,-0.0027357493,0
0.5,0,26.972244,0.14057792,0,-15.559195,-0.0026989216,0
0.5,0,26.973967,0.18610788,0,-15.549967,-0.0026464148,0
0.5,0,26.974709,0.22976107,0,-15.540738,-0.0025786787,0
0.5,0,26.974654,0.27130498,0,-15.53151,-0.0024963323,0
0.5,0,26.974134,0.31048824,0,-15.522281,-0.0024001565,0
0.5,0,26.973541,0.34702186,0,-15.513053,-0.002291047,0
0.5,0,26.973234,0.38061361,0,-15.503824,-0.002169945,0
0.5,0,26.973453,0.41102182,0,-15.494596,-0.0020377828,0
0.5,0,26.974319,0.43809183,0,-15.485367,-0.0018954715,0
0.5,0,26.975897,0.46174783,0,-15.476139,-0.0017439297,0
0.5,0,26.978266,0.48195914,0,-15.46691,-0.0015841248,0
0.5,0,26.981503,0.49877769,0,-15.457682,-0.0014170878,0
0.5,0,26.985593,0.51248866,0,-15.448453,-0.0012438809,0
0.5,0,26.990243,0.52370494,0,-15.439225,-0.0010655298,0
0.5,0,26.994706,0.53312967,0,-15.429996,-0.00088297537,0
0.5,0,26.997485,0.54104051,0,-15.420768,-0.00069710831,0
0.5,0,26.995342,0.54773258,0,-15.41154,-0.00050888314,0
0.5,0,26.981497,0.55557145,0,-15.402311,-0.00031930495,0
0.5,0,26.947629,0.56200066,0,-15.393083,-0.00012941922,0
0.5,0,26.914826,0.55787865,0,-15.386777,-2.5804012e-15,0
0.5,0,26.681679,-0.55902772,0,-15.014715,-8.0576314e-06,0
0.5,0,26.680056,-0.55889393,0,-15.015099,-2.5804012e-15,0
0.5,0,26.71556,-0.55326167,0,-15.005487,-0.00020073521,0
0.5,0,26.734988,-0.5426126,0,-14.996259,-0.00039261039,0
0.5,0,26.743211,-0.534462,0,-14.98703,-0.00058283308,0
0.5,0,26.746127,-0.52423233,0,-14.977802,-0.00077020296,0
0.5,0,26.747062,-0.51158742,0,-14.968573,-0.0009536089,0
0.5,0,26.74835,-0.49616256,0,-14.959345,-0.0011321126,0
0.5,0,26.750177,-0.47830031,0,-14.950116,-0.001304822,0
0.5,0,26.752262,-0.45827057,0,-14.940888,-0.0014708456,0
0.5,0,26.755399,-0.43590924,0,-14.931659,-0.0016293466,0
0.5,0,26.760584,-0.41126534,0,-14.922431,-0.0017795362,0
0.5,0,26.767954,-0.38470607,0,-14.913202,-0.0019206226,0
0.5,0,26.776826,-0.35646209,0,-14.903974,-0.0020518188,0
0.5,0,26.786361,-0.32648692,0,-14.894745,-0.0021723889,0
0.5,0,26.795986,-0.29461104,0,-14.885517,-0.0022816757,0
0.5,0,26.805338,-0.26068035,0,-14.876288,-0.0023790969,0
0.5,0,26.814074,-0.22471434,0,-14.86706,-0.0024641206,0
0.5,0,26.821889,-0.18700848,0,-14.857832,-0.002536227,0
0.5,0,26.828658,-0.14796499,0,-14.848603,-0.0025948952,0
0.5,0,26.834466,-0.10780264,0,-14.839375,-0.0026396387,0
0.5,0,26.839439,-0.066513797,0,-14.830146,-0.002670062,0
0.5,0,26.843593,-0.024101381,0,-14.820918,-0.0026858829,0
0.5,0,26.846799,0.019224786,0,-14.811689,-0.0026869115,0
0.5,0,26.848903,0.063092636,0,-14.802461,-0.0026730151,0
0.5,0,26.849849,0.10711587,0,-14.793232,-0.0026441048,0
0.5,0,26.849695,0.15098101,0,-14.784004,-0.0026001591,0
0.5,0,26.848638,0.19444518,0,-14.774775,-0.0025412742,0
0.5,0,26.84701,0.2372714,0,-14.765547,-0.0024677113,0
0.5,0,26.845243,0.2791492,0,-14.756318,-0.0023799126,0
0.5,0,26.843765,0.31965867,0,-14.74709,-0.002278473,0
0.5,0,26.842844,0.35829305,0,-14.737861,-0.002164079,0
0.5,0,26.842486,0.39451589,0,-14.728633,-0.0020374544,0
0.5,0,26.84247,0.42782427,0,-14.719405,-0.0018993491,0
0.5,0,26.842498,0.45778693,0,-14.710176,-0.0017505769,0
0.5,0,26.84235,0.48406542,0,-14.700948,-0.0015920735,0
0.5,0,26.841952,0.50648421,0,-14.691719,-0.0014249274,0
0.5,0,26.841323,0.5251703,0,-14.682491,-0.0012503532,0
0.5,0,26.840395,0.54059553,0,-14.673262,-0.0010696135,0
0.5,0,26.838776,0.55326944,0,-14.664034,-0.00088395055,0
0.5,0,26.835321,0.56321695,0,-14.654805,-0.00069459896,0
0.5,0,26.826901,0.5706469,0,-14.645577,-0.00050288276,0
0.5,0,26.806352,0.57801691,0,-14.636348,-0.00031016301,0
0.5,0,26.766007,0.58049225,0,-14.62712,-0.00011790906,0
0.5,0,26.733109,0.57316328,0,-14.621416,-2.5804012e-15,0
0.5,0,26.672871,-0.54237564,0,-14.248753,-0.00016235554,0
0.5,0,26.629269,-0.54060582,0,-14.256862,-2.5804012e-15,0
0.5,0,26.707909,-0.5390024,0,-14.239524,-0.00034786329,0
0.5,0,26.730533,-0.5369638,0,-14.230296,-0.00053321939,0
0.5,0,26.746146,-0.53161429,0,-14.221067,-0.00071707066,0
0.5,0,26.758195,-0.52226339,0,-14.211839,-0.00089807125,0
0.5,0,26.769276,-0.50861516,0,-14.20261,-0.0010749851,0
0.5,0,26.779673,-0.49106734,0,-14.193382,-0.0012465764,0
0.5,0,26.789044,-0.46996576,0,-14.184153,-0.0014115784,0
0.5,0,26.79798,-0.44514554,0,-14.174925,-0.0015687821,0
0.5,0,26.80742,-0.4165917,0,-14.165697,-0.001717073,0
0.5,0,26.817637,-0.3847199,0,-14.156468,-0.0018554063,0
0.5,0,26.828141,-0.35003796,0,-14.14724,-0.0019828097,0
0.5,0,26.838249,-0.31300765,0,-14.138011,-0.0020984112,0
0.5,0,26.847741,-0.27408579,0,-14.128783,-0.0022014493,0
0.5,0,26.856658,-0.23364883,0,-14.119554,-0.0022912759,0
0.5,0,26.864943,-0.19199052,0,-14.110326,-0.0023673631,0
0.5,0,26.872285,-0.14947072,0,-14.101097,-0.002429303,0
0.5,0,26.878381,-0.10654908,0,-14.091869,-0.0024768015,0
0.5,0,26.883181,-0.063630758,0,-14.08264,-0.0025096874,0
0.5,0,26.886817,-0.020977624,0,-14.073412,-0.0025279281,0
0.5,0,26.889484,0.021214797,0,-14.064183,-0.0025316242,0
0.5,0,26.891297,0.062732222,0,-14.054955,-0.0025209761,0
0.5,0,26.892348,0.10331391,0,-14.045726,-0.0024962422,0
0.5,0,26.892692,0.14265472,0,-14.036498,-0.0024577167,0
0.5,0,26.892429,0.18043009,0,-14.02727,-0.0024057337,0
0.5,0,26.89168,0.21635134,0,-14.018041,-0.00234069,0
0.5,0,26.890613,0.25025924,0,-14.008813,-0.0022630733,0
0.5,0,26.889486,0.28219725,0,-13.999584,-0.0021734771,0
0.5,0,26.88851,0.31236776,0,-13.990356,-0.0020725807,0
0.5,0,26.887797,0.34096596,0,-13.981127,-0.0019611009,0
0.5,0,26.887286,0.36800937,0,-13.971899,-0.0018397408,0
0.5,0,26.886775,0.39328417,0,-13.96267,-0.00170917,0
0.5,0,26.886023,0.41643112,0,-13.953442,-0.0015700471,0
0.5,0,26.884842,0.43712777,0,-13.944213,-0.0014230647,0
0.5,0,26.883107,0.4553139,0,-13.934985,-0.0012689779,0
0.5,0,26.880717,0.47134771,0,-13.925756,-0.0011085874,0
0.5,0,26.877408,0.48588652,0,-13.916528,-0.00094269177,0
0.5,0,26.872639,0.49935452,0,-13.907299,-0.00077206848,0
0.5,0,26.864864,0.51145273,0,-13.898071,-0.00059755068,0
0.5,0,26.850371,0.52272634,0,-13.888843,-0.00042013995,0
0.5,0,26.82025,0.53630068,0,-13.879614,-0.00024083912,0
0.5,0,26.77059,0.54024387,0,-13.870386,-6.0961516e-05,0
0.5,0,26.75164,0.53750454,0,-13.867261,-2.5804012e-15,0
0.5,0,26.721815,-0.51624523,0,-13.510475,-3.5317277e-05,0
0.5,0,26.712969,-0.51534443,0,-13.5123,-2.5804012e-15,0
0.5,0,26.762152,-0.51351986,0,-13.501247,-0.00021418971,0
0.5,0,26.790046,-0.50837994,0,-13.492018,-0.00039329023,0
0.5,0,26.807228,-0.50574329,0,-13.48279,-0.00057172322,0
0.5,0,26.818357,-0.50115563,0,-13.473562,-0.00074838916,0
0.5,0,26.826432,-0.49391287,0,-13.464333,-0.00092230836,0
0.5,0,26.833292,-0.48355331,0,-13.455105,-0.0010926302,0
0.5,0,26.8386,-0.47045504,0,-13.445876,-0.0012584719,0
0.5,0,26.842073,-0.45491503,0,-13.436648,-0.0014188748,0
0.5,0,26.844711,-0.4367623,0,-13.427419,-0.0015728685,0
0.5,0,26.84787,-0.41588404,0,-13.418191,-0.0017194929,0
0.5,0,26.852095,-0.39230766,0,-13.408962,-0.0018577887,0
0.5,0,26.857132,-0.36594604,0,-13.399734,-0.0019868212,0
0.5,0,26.8627,-0.33666391,0,-13.390505,-0.0021057037,0
0.5,0,26.868872,-0.30444723,0,-13.381277,-0.0022135907,0
0.5,0,26.875725,-0.26939447,0,-13.372048,-0.0023096658,0
0.5,0,26.88286,-0.23170641,0,-13.36282,-0.0023931437,0
0.5,0,26.889405,-0.19172269,0,-13.353591,-0.0024632818,0
0.5,0,26.894489,-0.14983732,0,-13.344363,-0.0025194021,0
0.5,0,26.897721,-0.10636129,0,-13.335135,-0.0025609273,0
0.5,0,26.899272,-0.061528333,0,-13.325906,-0.0025874114,0
0.5,0,26.899705,-0.015558941,0,-13.316678,-0.0025985412,0
0.5,0,26.899537,0.031286018,0,-13.307449,-0.002594111,0
0.5,0,26.899133,0.07865831,0,-13.298221,-0.0025740077,0
0.5,0,26.898689,0.12610241,0,-13.288992,-0.0025382194,0
0.5,0,26.898011,0.17305333,0,-13.279764,-0.0024868565,0
0.5,0,26.896801,0.21888596,0,-13.270535,-0.0024201749,0
0.5,0,26.894945,0.26301137,0,-13.261307,-0.002338588,0
0.5,0,26.89251,0.3050182,0,-13.252078,-0.0022426601,0
0.5,0,26.889667,0.34471174,0,-13.24285,-0.0021330869,0
0.5,0,26.886613,0.38195075,0,-13.233621,-0.0020106652,0
0.5,0,26.883468,0.41647074,0,-13.224393,-0.001876267,0
0.5,0,26.880299,0.44784844,0,-13.215164,-0.0017308363,0
0.5,0,26.877253,0.47559618,0,-13.205936,-0.001575405,0
0.5,0,26.874551,0.49936037,0,-13.196708,-0.0014111009,0
0.5,0,26.872333,0.5191479,0,-13.187479,-0.0012391186,0
0.5,0,26.870457,0.53537558,0,-13.178251,-0.0010606571,0
0.5,0,26.868365,0.5485506,0,-13.169022,-0.00087687413,0
0.5,0,26.864675,0.55879507,0,-13.159794,-0.00068892041,0
0.5,0,26.856053,0.56664404,0,-13.150565,-0.00049804417,0
0.5,0,26.834958,0.57494819,0,-13.141337,-0.00030553099,0
0.5,0,26.794094,0.57806468,0,-13.132108,-0.00011282266,0
0.5,0,26.76315,0.57196284,0,-13.126684,-2.5804012e-15,0
0.5,0,26.661981,-0.59208772,0,-12.753741,-0.00012217714,0
0.5,0,26.633768,-0.58880883,0,-12.759337,-2.5804012e-15,0
0.5,0,26.697598,-0.5906404,0,-12.744513,-0.00032484118,0
0.5,0,26.719974,-0.58844345,0,-12.735284,-0.00052797703,0
0.5,0,26.733485,-0.585014,0,-12.726056,-0.00073011332,0
0.5,0,26.742666,-0.57770298,0,-12.716827,-0.00092972372,0
0.5,0,26.750939,-0.56583543,0,-12.707599,-0.0011254313,0
0.5,0,26.759634,-0.54930172,0,-12.69837,-0.0013159521,0
0.5,0,26.768332,-0.52849847,0,-12.689142,-0.0014999927,0
0.5,0,26.777017,-0.50363702,0,-12.679913,-0.0016762689,0
0.5,0,26.786589,-0.47492615,0,-12.670685,-0.001843546,0
0.5,0,26.797804,-0.44289867,0,-12.661456,-0.0020006277,0
0.5,0,26.810536,-0.40812096,0,-12.652228,-0.0021463648,0
0.5,0,26.82412,-0.3708953,0,-12.643,-0.0022797056,0
0.5,0,26.838044,-0.33132209,0,-12.633771,-0.0023997372,0
0.5,0,26.852129,-0.28943188,0,-12.624543,-0.0025056943,0
0.5,0,26.866186,-0.24531141,0,-12.615314,-0.0025969531,0
0.5,0,26.879736,-0.19929959,0,-12.606086,-0.0026730113,0
0.5,0,26.89215,-0.15204381,0,-12.596857,-0.0027334641,0
0.5,0,26.902982,-0.10426378,0,-12.587629,-0.0027780024,0
0.5,0,26.912137,-0.05647709,0,-12.5784,-0.0028064369,0
0.5,0,26.919772,-0.0089766615,0,-12.569172,-0.0028187157,0
0.5,0,26.926114,0.038024118,0,-12.559943,-0.0028149109,0
0.5,0,26.931399,0.084297645,0,-12.550715,-0.0027951824,0
0.5,0,26.935852,0.12958199,0,-12.541486,-0.0027597493,0
0.5,0,26.939661,0.17359126,0,-12.532258,-0.0027088891,0
0.5,0,26.942955,0.21604609,0,-12.523029,-0.0026429603,0
0.5,0,26.945814,0.25671463,0,-12.513801,-0.002562428,0
0.5,0,26.948307,0.29545382,0,-12.504573,-0.0024678752,0
0.5,0,26.950523,0.33220995,0,-12.495344,-0.0023599841,0
0.5,0,26.952561,0.36695145,0,-12.486116,-0.0022394943,0
0.5,0,26.954542,0.39958366,0,-12.476887,-0.0021071616,0
0.5,0,26.956312,0.42991531,0,-12.467659,-0.0019637438,0
0.5,0,26.957861,0.45770167,0,-12.45843,-0.0018100229,0
0.5,0,26.95922,0.48273342,0,-12.449202,-0.00164684,0
0.5,0,26.960217,0.5049425,0,-12.439973,-0.0014751106,0
0.5,0,26.960872,0.52450914,0,-12.430745,-0.0012957954,0
0.5,0,26.960985,0.54184387,0,-12.421516,-0.0011098414,0
0.5,0,26.959995,0.55728335,0,-12.412288,-0.00091814943,0
0.5,0,26.956446,0.57071102,0,-12.403059,-0.00072163265,0
0.5,0,26.946845,0.5826042,0,-12.393831,-0.00052133764,0
0.5,0,26.923074,0.59594304,0,-12.384602,-0.00031836804,0
0.5,0,26.878123,0.60346579,0,-12.375374,-0.0001140627,0
0.5,0,26.846391,0.6006832,0,-12.370237,-2.5804012e-15,0
0.5,0,26.737198,-0.58591664,0,-11.987778,-0.00013162781,0
0.5,0,26.704879,-0.58751849,0,-11.993755,-2.5804012e-15,0
0.5,0,26.774274,-0.57724641,0,-11.97855,-0.00033400619,0
0.5,0,26.796995,-0.56937726,0,-11.969321,-0.00053501067,0
0.5,0,26.810405,-0.56105079,0,-11.960093,-0.00073343691,0
0.5,0,26.819307,-0.55008385,0,-11.950865,-0.00092805156,0
0.5,0,26.827166,-0.53586129,0,-11.941636,-0.0011178108,0
0.5,0,26.835141,-0.51832471,0,-11.932408,-0.0013017672,0
0.5,0,26.842865,-0.49781212,0,-11.923179,-0.0014789588,0
0.5,0,26.850486,-0.47445365,0,-11.913951,-0.0016484181,0
0.5,0,26.858905,-0.44843322,0,-11.904722,-0.0018091896,0
0.5,0,26.868722,-0.42019787,0,-11.895494,-0.0019603064,0
0.5,0,26.879693,-0.39005083,0,-11.886265,-0.0021008045,0
0.5,0,26.891194,-0.35788003,0,-11.877037,-0.0022297841,0
0.5,0,26.902863,-0.32333793,0,-11.867808,-0.0023464501,0
0.5,0,26.91466,-0.28612085,0,-11.85858,-0.0024501107,0
0.5,0,26.926489,-0.24619332,0,-11.849351,-0.0025401495,0
0.5,0,26.937957,-0.20392492,0,-11.840123,-0.002615989,0
0.5,0,26.948552,-0.15995303,0,-11.830894,-0.0026770725,0
0.5,0,26.957951,-0.11480859,0,-11.821666,-0.0027228879,0
0.5,0,26.966089,-0.068696494,0,-11.812437,-0.0027530196,0
0.5,0,26.973084,-0.021652947,0,-11.803209,-0.0027671801,0
0.5,0,26.978955,0.026164443,0,-11.793981,-0.0027651959,0
0.5,0,26.983659,0.074385997,0,-11.784752,-0.0027469738,0
0.5,0,26.987223,0.12252286,0,-11.775524,-0.0027124823,0
0.5,0,26.989668,0.17008277,0,-11.766295,-0.0026617734,0
0.5,0,26.991083,0.21665329,0,-11.757067,-0.0025950278,0
0.5,0,26.991642,0.26193259,0,-11.747838,-0.002512591,0
0.5,0,26.991609,0.30571327,0,-11.73861,-0.0024149769,0
0.5,0,26.991314,0.34782194,0,-11.729381,-0.002302834,0
0.5,0,26.991047,0.38802341,0,-11.720153,-0.0021768982,0
0.5,0,26.990948,0.42594928,0,-11.710924,-0.0020379601,0
0.5,0,26.990958,0.46110873,0,-11.701696,-0.0018868661,0
0.5,0,26.990888,0.49297981,0,-11.692467,-0.0017245464,0
0.5,0,26.99053,0.52116103,0,-11.683239,-0.0015520421,0
0.5,0,26.989725,0.54554199,0,-11.67401,-0.0013704961,0
0.5,0,26.98833,0.56636654,0,-11.664782,-0.0011811017,0
0.5,0,26.985963,0.58402062,0,-11.655554,-0.00098504824,0
0.5,0,26.981708,0.59859593,0,-11.646325,-0.00078353263,0
0.5,0,26.972719,0.61012404,0,-11.637097,-0.00057786203,0
0.5,0,26.952779,0.62071799,0,-11.627868,-0.00036948136,0
0.5,0,26.910968,0.63018471,0,-11.61864,-0.00015988928,0
0.5,0,26.863496,0.62618916,0,-11.611593,-2.5804012e-15,0
0.5,0,26.754316,-0.56284168,0,-11.231044,-1.0958674e-05,0
0.5,0,26.751254,-0.56257882,0,-11.23157,-2.5804012e-15,0
0.5,0,26.803162,-0.55866421,0,-11.221816,-0.00020240428,0
0.5,0,26.837359,-0.5496615,0,-11.212587,-0.00039295095,0
0.5,0,26.859509,-0.54273041,0,-11.203359,-0.00058163912,0
0.5,0,26.875536,-0.5332026,0,-11.19413,-0.0007671419,0
0.5,0,26.888827,-0.52041578,0,-11.184902,-0.00094820655,0
0.5,0,26.901479,-0.50382657,0,-11.175673,-0.0011237249,0
0.5,0,26.913349,-0.48366099,0,-11.166445,-0.0012925976,0
0.5,0,26.924193,-0.46009977,0,-11.157216,-0.0014537139,0
0.5,0,26.934915,-0.43310476,0,-11.147988,-0.0016060171,0
0.5,0,26.946667,-0.40301684,0,-11.138759,-0.0017484956,0
0.5,0,26.959621,-0.37040416,0,-11.129531,-0.0018801448,0
0.5,0,26.972979,-0.33549605,0,-11.120302,-0.0019999963,0
0.5,0,26.985909,-0.29816661,0,-11.111074,-0.002107175,0
0.5,0,26.998202,-0.25828451,0,-11.101846,-0.0022009251,0
0.5,0,27.010132,-0.21594546,0,-11.092617,-0.0022806085,0
0.5,0,27.021934,-0.1715623,0,-11.083389,-0.0023456924,0
0.5,0,27.033529,-0.12580145,0,-11.07416,-0.0023957312,0
0.5,0,27.044627,-0.079279708,0,-11.064932,-0.0024303618,0
0.5,0,27.05492,-0.03227321,0,-11.055703,-0.0024493304,0
0.5,0,27.0641,0.015209456,0,-11.046475,-0.002452523,0
0.5,0,27.071859,0.06306665,0,-11.037246,-0.0024399623,0
0.5,0,27.07797,0.11082881,0,-11.028018,-0.0024117726,0
0.5,0,27.082361,0.15770712,0,-11.018789,-0.0023681512,0
0.5,0,27.085116,0.20288633,0,-11.009561,-0.0023093758,0
0.5,0,27.086409,0.24581902,0,-11.000332,-0.0022358334,0
0.5,0,27.086411,0.28635466,0,-10.991104,-0.0021480437,0
0.5,0,27.085265,0.32465032,0,-10.981875,-0.0020466595,0
0.5,0,27.083101,0.36090543,0,-10.972647,-0.0019324463,0
0.5,0,27.080014,0.39507238,0,-10.963419,-0.0018062529,0
0.5,0,27.075993,0.42672666,0,-10.95419,-0.0016689864,0
0.5,0,27.070845,0.45520007,0,-10.944962,-0.0015216027,0
0.5,0,27.064186,0.47993675,0,-10.935733,-0.0013651069,0
0.5,0,27.055512,0.50085218,0,-10.926505,-0.001200545,0
0.5,0,27.044253,0.5183808,0,-10.917276,-0.001028979,0
0.5,0,27.029771,0.53305219,0,-10.908048,-0.00085146687,0
0.5,0,27.010885,0.5449448,0,-10.898819,-0.00066909933,0
0.5,0,26.984649,0.55457949,0,-10.889591,-0.00048308599,0
0.5,0,26.943831,0.56478965,0,-10.880362,-0.00029466968,0
0.5,0,26.881863,0.56941096,0,-10.871134,-0.00010527855,0
0.5,0,26.840381,0.565107,0,-10.866007,-2.5804012e-15,0
0.5,0,26.830507,-0.54429322,0,-10.483538,-0.0001144711,0
0.5,0,26.799101,-0.54536197,0,-10.489221,-2.5804012e-15,0
0.5,0,26.869184,-0.53623464,0,-10.47431,-0.00029945023,0
0.5,0,26.893687,-0.52832158,0,-10.465081,-0.00048288661,0
0.5,0,26.908274,-0.51941976,0,-10.455853,-0.00066349197,0
0.5,0,26.91706,-0.50738417,0,-10.446624,-0.00083991409,0
0.5,0,26.923263,-0.49166549,0,-10.437396,-0.0010109728,0
0.5,0,26.92826,-0.47216465,0,-10.428167,-0.0011755975,0
0.5,0,26.931762,-0.44921349,0,-10.418939,-0.0013327363,0
0.5,0,26.933762,-0.42299323,0,-10.409711,-0.0014813757,0
0.5,0,26.935042,-0.39371491,0,-10.400482,-0.0016205626,0
0.5,0,26.936209,-0.36184123,0,-10.391254,-0.0017493705,0
0.5,0,26.937108,-0.32774641,0,-10.382025,-0.00186689,0
0.5,0,26.93712,-0.29148995,0,-10.372797,-0.0019722709,0
0.5,0,26.935835,-0.25303095,0,-10.363568,-0.0020647651,0
0.5,0,26.933243,-0.21248366,0,-10.35434,-0.0021437415,0
0.5,0,26.929389,-0.17020763,0,-10.345111,-0.0022086799,0
0.5,0,26.924087,-0.12678621,0,-10.335883,-0.0022591488,0
0.5,0,26.917019,-0.082836362,0,-10.326654,-0.0022947805,0
0.5,0,26.908049,-0.038699052,0,-10.317426,-0.002315277,0
0.5,0,26.897341,0.0056759659,0,-10.308197,-0.0023204478,0
0.5,0,26.885249,0.050480694,0,-10.298969,-0.0023102434,0
0.5,0,26.872192,0.095652414,0,-10.28974,-0.0022847499,0
0.5,0,26.858629,0.14069263,0,-10.280512,-0.0022441567,0
0.5,0,26.845069,0.18484174,0,-10.271284,-0.0021887298,0
0.5,0,26.832042,0.22742255,0,-10.262055,-0.0021188045,0
0.5,0,26.820026,0.26808028,0,-10.252827,-0.0020347906,0
0.5,0,26.809402,0.30678362,0,-10.243598,-0.0019371824,0
0.5,0,26.800471,0.34362202,0,-10.23437,-0.0018265698,0
0.5,0,26.793482,0.37854602,0,-10.225141,-0.0017036431,0
0.5,0,26.788606,0.41121924,0,-10.215913,-0.0015691917,0
0.5,0,26.785861,0.44111919,0,-10.206684,-0.0014240965,0
0.5,0,26.785032,0.46788839,0,-10.197456,-0.00126931,0
0.5,0,26.785678,0.49166309,0,-10.188227,-0.0011058189,0
0.5,0,26.787057,0.51296413,0,-10.178999,-0.00093460411,0
0.5,0,26.788255,0.53205149,0,-10.16977,-0.00075664523,0
0.5,0,26.787174,0.54848338,0,-10.160542,-0.00057301263,0
0.5,0,26.779457,0.5633488,0,-10.151313,-0.000384954,0
0.5,0,26.754181,0.58064801,0,-10.142085,-0.00019362196,0
0.5,0,26.709075,0.58282692,0,-10.132857,-4.32149e-07,0
0.5,0,26.708972,0.5828042,0,-10.132836,-2.5804012e-15,0
0.5,0,26.685606,-0.57733777,0,-9.7360325,-0.00013268268,0
0.5,0,26.662104,-0.57898981,0,-9.7421517,-2.5804012e-15,0
0.5,0,26.708548,-0.56923836,0,-9.726804,-0.00033199652,0
0.5,0,26.718847,-0.56211042,0,-9.7175755,-0.00052977786,0
0.5,0,26.721817,-0.55420091,0,-9.7083471,-0.00072461102,0
0.5,0,26.722114,-0.5431293,0,-9.6991186,-0.00091508403,0
0.5,0,26.723213,-0.5278566,0,-9.6898901,-0.0011000035,0
0.5,0,26.72633,-0.50811209,0,-9.6806617,-0.001278297,0
0.5,0,26.731076,-0.48432645,0,-9.6714332,-0.0014488837,0
0.5,0,26.737328,-0.45691997,0,-9.6622047,-0.0016106723,0
0.5,0,26.745493,-0.42635038,0,-9.6529763,-0.0017625814,0
0.5,0,26.755656,-0.39314701,0,-9.6437478,-0.0019035327,0
0.5,0,26.767216,-0.3575119,0,-9.6345193,-0.0020324805,0
0.5,0,26.779387,-0.31925353,0,-9.6252909,-0.0021484744,0
0.5,0,26.791745,-0.27820577,0,-9.6160624,-0.0022506903,0
0.5,0,26.804247,-0.23456699,0,-9.6068339,-0.0023384208,0
0.5,0,26.816756,-0.18891105,0,-9.5976055,-0.0024110522,0
0.5,0,26.828836,-0.14200142,0,-9.588377,-0.0024680454,0
0.5,0,26.840024,-0.094502934,0,-9.5791485,-0.0025089347,0
0.5,0,26.849968,-0.046695699,0,-9.5699201,-0.0025333595,0
0.5,0,26.858449,0.0015131605,0,-9.5606916,-0.0025411041,0
0.5,0,26.865357,0.0502219,0,-9.5514631,-0.0025321113,0
0.5,0,26.870637,0.09917908,0,-9.5422347,-0.0025064562,0
0.5,0,26.8743,0.14775304,0,-9.5330062,-0.0024643135,0
0.5,0,26.87647,0.19521056,0,-9.5237777,-0.0024059496,0
0.5,0,26.877389,0.24103995,0,-9.5145493,-0.002331735,0
0.5,0,26.877359,0.28506644,0,-9.5053208,-0.0022421492,0
0.5,0,26.876703,0.32731795,0,-9.4960923,-0.002137771,0
0.5,0,26.875753,0.36777154,0,-9.4868639,-0.0020192626,0
0.5,0,26.874821,0.40616297,0,-9.4776354,-0.0018873632,0
0.5,0,26.874163,0.44198356,0,-9.4684069,-0.0017428949,0
0.5,0,26.874012,0.47469286,0,-9.4591785,-0.0015867738,0
0.5,0,26.874721,0.50404865,0,-9.44995,-0.001420004,0
0.5,0,26.876303,0.53031969,0,-9.4407215,-0.0012436418,0
0.5,0,26.877179,0.55414007,0,-9.4314931,-0.0010587405,0
0.5,0,26.876583,0.57579966,0,-9.4222646,-0.00086633355,0
0.5,0,26.873714,0.59474393,0,-9.4130361,-0.00066751327,0
0.5,0,26.864517,0.6117164,0,-9.4038077,-0.00046353303,0
0.5,0,26.838662,0.63047626,0,-9.3945792,-0.0002555931,0
0.5,0,26.792394,0.63517152,0,-9.3853507,-4.5296055e-05,0
0.5,0,26.781567,0.63334118,0,-9.3833836,-2.5804012e-15,0
0.5,0,26.637973,-0.61336743,0,-8.9792982,-1.2265967e-05,0
0.5,0,26.634546,-0.61322447,0,-8.9798278,-2.5804012e-15,0
0.5,0,26.691278,-0.6072221,0,-8.9700697,-0.00022398534,0
0.5,0,26.729049,-0.59541047,0,-8.9608413,-0.0004337944,0
0.5,0,26.753836,-0.58559561,0,-8.9516128,-0.00064050231,0
0.5,0,26.771429,-0.57264589,0,-8.9423843,-0.00084267263,0
0.5,0,26.785878,-0.55564587,0,-8.9331559,-0.0010390138,0
0.5,0,26.80012,-0.53395505,0,-8.9239274,-0.0012284287,0
0.5,0,26.81408,-0.50816203,0,-8.9146989,-0.0014098277,0
0.5,0,26.826806,-0.47913096,0,-8.9054705,-0.0015820506,0
0.5,0,26.838286,-0.4472946,0,-8.896242,-0.0017439364,0
0.5,0,26.849189,-0.41296843,0,-8.8870135,-0.0018943726,0
0.5,0,26.85988,-0.37635409,0,-8.8777851,-0.0020323105,0
0.5,0,26.870276,-0.33734071,0,-8.8685566,-0.0021568016,0
0.5,0,26.88025,-0.29575412,0,-8.8593281,-0.0022670219,0
0.5,0,26.889928,-0.25167733,0,-8.8500997,-0.0023622576,0
0.5,0,26.899471,-0.2054333,0,-8.8408712,-0.002441892,0
0.5,0,26.908683,-0.15746807,0,-8.8316427,-0.0025054096,0
0.5,0,26.917083,-0.108288,0,-8.8224143,-0.0025523982,0
0.5,0,26.924193,-0.058309978,0,-8.8131858,-0.0025825485,0
0.5,0,26.929744,-0.0077283503,0,-8.8039573,-0.0025956674,0
0.5,0,26.933609,0.043357682,0,-8.7947289,-0.0025916912,0
0.5,0,26.935697,0.094653545,0,-8.7855004,-0.0025706738,0
0.5,0,26.935963,0.14554415,0,-8.7762719,-0.0025327624,0
0.5,0,26.934484,0.19527097,0,-8.7670435,-0.002478195,0
0.5,0,26.93152,0.24321087,0,-8.757815,-0.0024073212,0
0.5,0,26.927481,0.28901214,0,-8.7485865,-0.0023206171,0
0.5,0,26.922854,0.33255253,0,-8.7393581,-0.0022186773,0
0.5,0,26.918139,0.37379892,0,-8.7301296,-0.0021021965,0
0.5,0,26.913796,0.4126515,0,-8.7209011,-0.0019719584,0
0.5,0,26.910165,0.44884556,0,-8.7116727,-0.0018288414,0
0.5,0,26.907399,0.48197021,0,-8.7024442,-0.0016738271,0
0.5,0,26.905454,0.51163669,0,-8.6932157,-0.0015079973,0
0.5,0,26.904132,0.53772353,0,-8.6839873,-0.0013325026,0
0.5,0,26.903151,0.56047616,0,-8.6747588,-0.0011485083,0
0.5,0,26.902058,0.58022737,0,-8.6655303,-0.00095715423,0
0.5,0,26.899907,0.59688789,0,-8.6563019,-0.00075958583,0
0.5,0,26.893854,0.61049477,0,-8.6470734,-0.00055706372,0
0.5,0,26.877119,0.6234264,0,-8.6378449,-0.00035095204,0
0.5,0,26.840101,0.63279387,0,-8.6286165,-0.00014273881,0
0.5,0,26.803682,0.62927127,0,-8.6223171,-2.5804012e-15,0
0.5,0,26.798438,-0.58890849,0,-8.2225639,-0.00014601383,0
0.5,0,26.760613,-0.59266194,0,-8.2292404,-2.5804012e-15,0
0.5,0,26.834996,-0.57690559,0,-8.2133354,-0.00034613672,0
0.5,0,26.856341,-0.56590505,0,-8.204107,-0.00054374422,0
0.5,0,26.868679,-0.55323225,0,-8.1948785,-0.00073736457,0
0.5,0,26.877093,-0.53699454,0,-8.18565,-0.00092550663,0
0.5,0,26.885329,-0.51629518,0,-8.1764216,-0.0011068948,0
0.5,0,26.894271,-0.49109942,0,-8.1671931,-0.001280368,0
0.5,0,26.903153,-0.46201508,0,-8.1579646,-0.0014447627,0
0.5,0,26.911816,-0.42951554,0,-8.1487362,-0.0015989322,0
0.5,0,26.920945,-0.39407275,0,-8.1395077,-0.0017417715,0
0.5,0,26.930959,-0.3562138,0,-8.1302792,-0.0018722089,0
0.5,0,26.941459,-0.31615187,0,-8.1210508,-0.0019892407,0
0.5,0,26.951721,-0.27379883,0,-8.1118223,-0.0020919997,0
0.5,0,26.961353,-0.22917332,0,-8.1025938,-0.002179789,0
0.5,0,26.970358,-0.18261589,0,-8.0933654,-0.0022520725,0
0.5,0,26.978762,-0.13471783,0,-8.0841369,-0.002308451,0
0.5,0,26.986369,-0.086150369,0,-8.0749084,-0.0023486365,0
0.5,0,26.992882,-0.037426904,0,-8.06568,-0.0023724406,0
0.5,0,26.998082,0.011286644,0,-8.0564515,-0.0023797921,0
0.5,0,27.001855,0.060053395,0,-8.047223,-0.0023707655,0
0.5,0,27.004142,0.10874319,0,-8.0379946,-0.002345577,0
0.5,0,27.004873,0.15673627,0,-8.0287661,-0.0023045445,0
0.5,0,27.004026,0.20309787,0,-8.0195376,-0.0022480491,0
0.5,0,27.001685,0.24704507,0,-8.0103092,-0.0021765264,0
0.5,0,26.998043,0.2882772,0,-8.0010807,-0.0020904827,0
0.5,0,26.993368,0.3269443,0,-7.9918522,-0.0019905133,0
0.5,0,26.987986,0.3633456,0,-7.9826238,-0.0018773117,0
0.5,0,26.982272,0.39760133,0,-7.9733953,-0.0017516658,0
0.5,0,26.976581,0.42949497,0,-7.9641668,-0.0016144495,0
0.5,0,26.971128,0.45857943,0,-7.9549384,-0.0014666094,0
0.5,0,26.965848,0.48451129,0,-7.9457099,-0.001309146,0
0.5,0,26.960379,0.50738309,0,-7.9364814,-0.0011430788,0
0.5,0,26.954002,0.52770169,0,-7.927253,-0.00096941262,0
0.5,0,26.945779,0.54583196,0,-7.9180245,-0.00078914018,0
0.5,0,26.933748,0.56148643,0,-7.908796,-0.00060333159,0
0.5,0,26.91365,0.57568788,0,-7.8995676,-0.00041323139,0
0.5,0,26.875075,0.59244993,0,-7.8903391,-0.00022001445,0
0.5,0,26.815365,0.5959149,0,-7.8811106,-2.5171407e-05,0
0.5,0,26.807183,0.59472942,0,-7.8799275,-2.5804012e-15,0
0.5,0,26.821459,-0.59777698,0,-7.493515,-8.1611499e-05,0
0.5,0,26.800646,-0.5972402,0,-7.4971954,-2.5804012e-15,0
0.5,0,26.864641,-0.59090483,0,-7.4842866,-0.00028531867,0
0.5,0,26.892862,-0.58178558,0,-7.4750581,-0.00048781482,0
0.5,0,26.909935,-0.57312054,0,-7.4658296,-0.00068776174,0
0.5,0,26.921173,-0.56105105,0,-7.4566012,-0.00088365225,0
0.5,0,26.930413,-0.5449053,0,-7.4473727,-0.0010741468,0
0.5,0,26.939887,-0.52422837,0,-7.4381442,-0.0012580647,0
0.5,0,26.949338,-0.49940263,0,-7.4289158,-0.0014342413,0
0.5,0,26.958288,-0.47089046,0,-7.4196873,-0.0016015011,0
0.5,0,26.967231,-0.43900927,0,-7.4104588,-0.001758704,0
0.5,0,26.976843,-0.40427401,0,-7.4012304,-0.0019047426,0
0.5,0,26.987044,-0.36715923,0,-7.3920019,-0.0020385355,0
0.5,0,26.997137,-0.32772538,0,-7.3827734,-0.0021590747,0
0.5,0,27.006562,-0.28578846,0,-7.373545,-0.0022654813,0
0.5,0,27.015241,-0.24130746,0,-7.3643165,-0.0023570227,0
0.5,0,27.023259,-0.19459063,0,-7.355088,-0.0024331007,0
0.5,0,27.030473,-0.146308,0,-7.3458596,-0.0024932252,0
0.5,0,27.036696,-0.097285633,0,-7.3366311,-0.0025369877,0
0.5,0,27.041507,-0.048094188,0,-7.3274026,-0.0025640623,0
0.5,0,27.044703,0.0011880555,0,-7.3181742,-0.0025742454,0
0.5,0,27.046425,0.05076019,0,-7.3089457,-0.0025674959,0
0.5,0,27.046623,0.10063216,0,-7.2997172,-0.0025439296,0
0.5,0,27.045294,0.15032651,0,-7.2904888,-0.002503778,0
0.5,0,27.042485,0.19901113,0,-7.2812603,-0.0024473554,0
0.5,0,27.038252,0.24588162,0,-7.2720318,-0.002375052,0
0.5,0,27.032606,0.29046217,0,-7.2628034,-0.0022873442,0
0.5,0,27.025461,0.33265217,0,-7.2535749,-0.0021848044,0
0.5,0,27.016668,0.37253463,0,-7.2443464,-0.0020681021,0
0.5,0,27.006086,0.410098,0,-7.235118,-0.0019380009,0
0.5,0,26.993623,0.44506307,0,-7.2258895,-0.0017953523,0
0.5,0,26.979237,0.47694363,0,-7.216661,-0.0016410901,0
0.5,0,26.962908,0.50534013,0,-7.2074326,-0.0014762226,0
0.5,0,26.944633,0.53028061,0,-7.1982041,-0.0013018126,0
0.5,0,26.9244,0.55228536,0,-7.1889756,-0.0011189451,0
0.5,0,26.902109,0.57192946,0,-7.1797472,-0.00092870623,0
0.5,0,26.877058,0.58922174,0,-7.1705187,-0.00073222242,0
0.5,0,26.846596,0.60448039,0,-7.1612902,-0.00053074718,0
0.5,0,26.803491,0.6203643,0,-7.1520618,-0.0003255681,0
0.5,0,26.740864,0.62960068,0,-7.1428333,-0.00011817206,0
0.5,0,26.699232,0.62677663,0,-7.1376091,-2.5804012e-15,0
0.5,0,26.851165,-0.63295057,0,-6.7460092,-2.0375206e-05,0
0.5,0,26.846249,-0.63261936,0,-6.74687,-2.5804012e-15,0
0.5,0,26.897432,-0.62718861,0,-6.7367808,-0.00023762154,0
0.5,0,26.927061,-0.61738628,0,-6.7275523,-0.0004538447,0
0.5,0,26.942648,-0.60994647,0,-6.7183238,-0.00066788178,0
0.5,0,26.950324,-0.5994511,0,-6.7090954,-0.00087820401,0
0.5,0,26.954896,-0.5850321,0,-6.6998669,-0.001083422,0
0.5,0,26.960032,-0.56577603,0,-6.6906384,-0.0012823745,0
0.5,0,26.965865,-0.54192815,0,-6.68141,-0.0014739429,0
0.5,0,26.971487,-0.51414104,0,-6.6721815,-0.001656954,0
0.5,0,26.977048,-0.4828744,0,-6.662953,-0.0018302187,0
0.5,0,26.983264,-0.44873071,0,-6.6537246,-0.0019925509,0
0.5,0,26.990205,-0.4122734,0,-6.6444961,-0.0021427768,0
0.5,0,26.997152,-0.37354458,0,-6.6352676,-0.002279801,0
0.5,0,27.003349,-0.33220292,0,-6.6260392,-0.0024026719,0
0.5,0,27.008493,-0.28799917,0,-6.6168107,-0.0025105871,0
0.5,0,27.012524,-0.24103834,0,-6.6075822,-0.0026028618,0
0.5,0,27.015194,-0.19182786,0,-6.5983538,-0.0026788991,0
0.5,0,27.015998,-0.14114196,0,-6.5891253,-0.0027381767,0
0.5,0,27.014459,-0.089661505,0,-6.5798968,-0.0027802636,0
0.5,0,27.010382,-0.037688251,0,-6.5706684,-0.0028048653,0
0.5,0,27.0038,0.014733369,0,-6.5614399,-0.0028118577,0
0.5,0,26.994828,0.067445505,0,-6.5522114,-0.0028012711,0
0.5,0,26.983616,0.11995688,0,-6.542983,-0.0027732397,0
0.5,0,26.970347,0.17154177,0,-6.5337545,-0.0027279698,0
0.5,0,26.955266,0.22149714,0,-6.524526,-0.0026657581,0
0.5,0,26.938663,0.26931663,0,-6.5152976,-0.0025870331,0
0.5,0,26.920859,0.31472328,0,-6.5060691,-0.0024923815,0
0.5,0,26.902223,0.35761241,0,-6.4968406,-0.0023825393,0
0.5,0,26.883179,0.39793206,0,-6.4876122,-0.0022583536,0
0.5,0,26.864163,0.43554729,0,-6.4783837,-0.0021207418,0
0.5,0,26.845568,0.47016897,0,-6.4691552,-0.0019706716,0
0.5,0,26.82771,0.50139288,0,-6.4599268,-0.0018091697,0
0.5,0,26.810878,0.52884907,0,-6.4506983,-0.001637345,0
0.5,0,26.795379,0.5524144,0,-6.4414698,-0.0014563982,0
0.5,0,26.781552,0.57234293,0,-6.4322414,-0.0012675872,0
0.5,0,26.769555,0.58911704,0,-6.4230129,-0.0010721622,0
0.5,0,26.759191,0.60295532,0,-6.4137844,-0.00087132948,0
0.5,0,26.748858,0.61350202,0,-6.404556,-0.00066631975,0
0.5,0,26.734314,0.62185653,0,-6.3953275,-0.00045849574,0
0.5,0,26.705064,0.63207223,0,-6.386099,-0.00024914556,0
0.5,0,26.65745,0.62965887,0,-6.3768706,-3.9920806e-05,0
0.5,0,26.647794,0.62682688,0,-6.3751073,-2.5804012e-15,0
0.5,0,26.943655,-0.5907882,0,-5.989275,-0.00017492649,0
0.5,0,26.90496,-0.5952786,0,-5.9972882,-2.5804012e-15,0
0.5,0,26.970229,-0.58078137,0,-5.9800465,-0.00037544692,0
0.5,0,26.981782,-0.57327286,0,-5.970818,-0.00057414613,0
0.5,0,26.984429,-0.56295488,0,-5.9615896,-0.00076954281,0
0.5,0,26.982194,-0.54879499,0,-5.9523611,-0.00096019617,0
0.5,0,26.978325,-0.53001816,0,-5.9431326,-0.0011448719,0
0.5,0,26.973156,-0.50676545,0,-5.9339042,-0.0013223991,0
0.5,0,26.965974,-0.47952152,0,-5.9246757,-0.0014915823,0
0.5,0,26.957027,-0.44852102,0,-5.9154472,-0.0016512533,0
0.5,0,26.947314,-0.4142445,0,-5.9062187,-0.0018002857,0
0.5,0,26.937402,-0.37743726,0,-5.8969903,-0.0019375641,0
0.5,0,26.927051,-0.33852356,0,-5.8877618,-0.0020620134,0
0.5,0,26.915893,-0.29747722,0,-5.8785333,-0.0021726703,0
0.5,0,26.90396,-0.25415953,0,-5.8693049,-0.002268727,0
0.5,0,26.891616,-0.20859581,0,-5.8600764,-0.0023495388,0
0.5,0,26.879169,-0.16112818,0,-5.8508479,-0.0024146113,0
0.5,0,26.866722,-0.11244063,0,-5.8416195,-0.0024635695,0
0.5,0,26.854382,-0.063286525,0,-5.832391,-0.0024961314,0
0.5,0,26.842465,-0.01409981,0,-5.8231625,-0.0025121214,0
0.5,0,26.831428,0.035071842,0,-5.8139341,-0.0025115053,0
0.5,0,26.821679,0.084230062,0,-5.8047056,-0.0024944019,0
0.5,0,26.813487,0.13304215,0,-5.7954771,-0.0024610541,0
0.5,0,26.806953,0.18078382,0,-5.7862487,-0.002411797,0
0.5,0,26.802036,0.22660577,0,-5.7770202,-0.0023470525,0
0.5,0,26.798597,0.26986622,0,-5.7677917,-0.0022673456,0
0.5,0,26.796407,0.31032433,0,-5.7585633,-0.0021733183,0
0.5,0,26.795246,0.34809468,0,-5.7493348,-0.0020657282,0
0.5,0,26.794996,0.38339034,0,-5.7401063,-0.0019454306,0
0.5,0,26.795607,0.41621814,0,-5.7308779,-0.0018133565,0
0.5,0,26.797092,0.4462268,0,-5.7216494,-0.0016704965,0
0.5,0,26.799451,0.47283331,0,-5.7124209,-0.001517897,0
0.5,0,26.802637,0.49559317,0,-5.7031925,-0.0013566603,0
0.5,0,26.806565,0.5145716,0,-5.693964,-0.0011879288,0
0.5,0,26.811002,0.53036333,0,-5.6847355,-0.0010128477,0
0.5,0,26.815467,0.54356989,0,-5.6755071,-0.00083253756,0
0.5,0,26.818591,0.55419054,0,-5.6662786,-0.00064813819,0
0.5,0,26.816867,0.56283671,0,-5.6570501,-0.00046090084,0
0.5,0,26.80189,0.57257031,0,-5.6478217,-0.00027206038,0
0.5,0,26.768367,0.57409226,0,-5.6385932,-8.3097056e-05,0
0.5,0,26.749931,0.56942526,0,-5.6345236,-2.5804012e-15,0
0.5,0,26.885593,-0.5725506,0,-5.2694545,-8.0498847e-05,0
0.5,0,26.870461,-0.5706964,0,-5.2732799,-2.5804012e-15,0
0.5,0,26.912083,-0.56975938,0,-5.2602261,-0.00027553963,0
0.5,0,26.923524,-0.56639871,0,-5.2509976,-0.00047109343,0
0.5,0,26.923494,-0.56365332,0,-5.2417691,-0.00066588563,0
0.5,0,26.916596,-0.55768228,0,-5.2325407,-0.00085840794,0
0.5,0,26.90598,-0.54776076,0,-5.2233122,-0.001047303,0
0.5,0,26.893467,-0.53333129,0,-5.2140837,-0.0012313479,0
0.5,0,26.878848,-0.51459339,0,-5.2048553,-0.0014093166,0
0.5,0,26.862067,-0.49172634,0,-5.1956268,-0.0015799663,0
0.5,0,26.844302,-0.46474176,0,-5.1863983,-0.0017420954,0
0.5,0,26.827105,-0.43396109,0,-5.1771699,-0.0018945387,0
0.5,0,26.811525,-0.39988711,0,-5.1679414,-0.0020361452,0
0.5,0,26.797963,-0.36285671,0,-5.1587129,-0.0021657988,0
0.5,0,26.785908,-0.32301252,0,-5.1494845,-0.0022824528,0
0.5,0,26.77567,-0.28047922,0,-5.140256,-0.0023851509,0
0.5,0,26.768133,-0.23548762,0,-5.1310275,-0.0024730496,0
0.5,0,26.763153,-0.18844349,0,-5.1217991,-0.0025454344,0
0.5,0,26.76025,-0.13995688,0,-5.1125706,-0.002601718,0
0.5,0,26.758915,-0.090625381,0,-5.1033421,-0.0026414328,0
0.5,0,26.75884,-0.040788173,0,-5.0941137,-0.0026642396,0
0.5,0,26.759872,0.0094580068,0,-5.0848852,-0.0026699408,0
0.5,0,26.761916,0.06004356,0,-5.0756567,-0.0026584795,0
0.5,0,26.764903,0.11073322,0,-5.0664283,-0.0026299235,0
0.5,0,26.768799,0.16106777,0,-5.0571998,-0.0025844555,0
0.5,0,26.773566,0.21043551,0,-5.0479713,-0.0025223789,0
0.5,0,26.779111,0.25821638,0,-5.0387429,-0.002444125,0
0.5,0,26.785257,0.30393193,0,-5.0295144,-0.0023502495,0
0.5,0,26.791773,0.34731203,0,-5.0202859,-0.002241421,0
0.5,0,26.798429,0.38820794,0,-5.0110575,-0.0021184063,0
0.5,0,26.805031,0.42640556,0,-5.001829,-0.0019820581,0
0.5,0,26.811435,0.46149602,0,-4.9926005,-0.0018333075,0
0.5,0,26.817568,0.49294004,0,-4.9833721,-0.0016731631,0
0.5,0,26.82345,0.52034058,0,-4.9741436,-0.001502712,0
0.5,0,26.829181,0.54375206,0,-4.9649151,-0.0013231096,0
0.5,0,26.834804,0.56372449,0,-4.9556867,-0.0011355474,0
0.5,0,26.840085,0.58087786,0,-4.9464582,-0.00094122527,0
0.5,0,26.843918,0.59531205,0,-4.9372297,-0.00074137838,0
0.5,0,26.843032,0.60743591,0,-4.9280013,-0.00053735785,0
0.5,0,26.829527,0.61997043,0,-4.9187728,-0.00033054391,0
0.5,0,26.795351,0.6265466,0,-4.9095443,-0.00012248308,0
0.5,0,26.767393,0.62216515,0,-4.9041191,-2.5804012e-15,0
0.5,0,26.794193,-0.61772445,0,-4.5127203,-0.00016160236,0
0.5,0,26.779666,-0.61828196,0,-4.5197208,-2.5804012e-15,0
0.5,0,26.795216,-0.61135681,0,-4.5034918,-0.00037505936,0
0.5,0,26.77981,-0.60759009,0,-4.4942633,-0.00058812409,0
0.5,0,26.754879,-0.60265513,0,-4.4850349,-0.00079926272,0
0.5,0,26.726124,-0.59446615,0,-4.4758064,-0.0010069408,0
0.5,0,26.698361,-0.58178859,0,-4.4665779,-0.0012098768,0
0.5,0,26.673753,-0.56426802,0,-4.4573495,-0.0014069146,0
0.5,0,26.65291,-0.542171,0,-4.448121,-0.0015968865,0
0.5,0,26.636788,-0.51572775,0,-4.4388925,-0.0017786133,0
0.5,0,26.626571,-0.48544514,0,-4.4296641,-0.0019509034,0
0.5,0,26.622624,-0.45211388,0,-4.4204356,-0.0021125281,0
0.5,0,26.624255,-0.41622472,0,-4.4112071,-0.0022622611,0
0.5,0,26.630373,-0.37777735,0,-4.4019787,-0.0023989568,0
0.5,0,26.640048,-0.33657851,0,-4.3927502,-0.0025215932,0
0.5,0,26.652471,-0.29252238,0,-4.3835217,-0.0026292714,0
0.5,0,26.666682,-0.24577407,0,-4.3742933,-0.0027212009,0
0.5,0,26.681592,-0.19684808,0,-4.3650648,-0.0027966833,0
0.5,0,26.696316,-0.14639522,0,-4.3558363,-0.0028551153,0
0.5,0,26.710398,-0.094837459,0,-4.3466079,-0.0028960249,0
0.5,0,26.723762,-0.042297686,0,-4.3373794,-0.0029191131,0
0.5,0,26.73647,0.011097247,0,-4.3281509,-0.002924254,0
0.5,0,26.748578,0.0649439,0,-4.3189225,-0.0029114479,0
0.5,0,26.760132,0.1185869,0,-4.309694,-0.0028807716,0
0.5,0,26.771146,0.17132638,0,-4.3004655,-0.0028323733,0
0.5,0,26.781589,0.22260126,0,-4.2912371,-0.0027665141,0
0.5,0,26.791396,0.27204482,0,-4.2820086,-0.0026836184,0
0.5,0,26.800515,0.31943189,0,-4.2727801,-0.0025842925,0
0.5,0,26.808965,0.36457485,0,-4.2635517,-0.0024692986,0
0.5,0,26.816829,0.4072139,0,-4.2543232,-0.0023395024,0
0.5,0,26.824215,0.44696318,0,-4.2450947,-0.0021958287,0
0.5,0,26.831207,0.4833545,0,-4.2358663,-0.0020392505,0
0.5,0,26.837885,0.51595304,0,-4.2266378,-0.0018708147,0
0.5,0,26.844356,0.54448928,0,-4.2174093,-0.0016916775,0
0.5,0,26.850754,0.56897176,0,-4.2081809,-0.0015031119,0
0.5,0,26.857188,0.58971743,0,-4.1989524,-0.0013064581,0
0.5,0,26.863485,0.60717597,0,-4.1897239,-0.0011030445,0
0.5,0,26.869062,0.62147998,0,-4.1804955,-0.000894148,0
0.5,0,26.871911,0.63220887,0,-4.171267,-0.0006810735,0
0.5,0,26.867422,0.64057302,0,-4.1620385,-0.0004652687,0
0.5,0,26.844599,0.65092901,0,-4.1528101,-0.00024809939,0
0.5,0,26.800197,0.64828647,0,-4.1435816,-3.1285585e-05,0
0.5,0,26.793123,0.64607696,0,-4.1422474,-2.5804012e-15,0
0.5,0,26.638706,-0.58512345,0,-3.755986,-1.9511882e-05,0
0.5,0,26.637593,-0.58465749,0,-3.7568812,-2.5804012e-15,0
0.5,0,26.647062,-0.58060603,0,-3.7467575,-0.00021989804,0
0.5,0,26.644268,-0.57273743,0,-3.7375291,-0.00041961096,0
0.5,0,26.633423,-0.56747452,0,-3.7283006,-0.00061758287,0
0.5,0,26.620591,-0.55942287,0,-3.7190721,-0.00081237984,0
0.5,0,26.610558,-0.54760264,0,-3.7098437,-0.0010026892,0
0.5,0,26.606643,-0.53103255,0,-3.7006152,-0.0011873947,0
0.5,0,26.608525,-0.50986749,0,-3.6913867,-0.0013654017,0
0.5,0,26.614826,-0.48461449,0,-3.6821583,-0.0015355545,0
0.5,0,26.625062,-0.45560737,0,-3.6729298,-0.0016966767,0
0.5,0,26.639093,-0.42342048,0,-3.6637013,-0.001847573,0
0.5,0,26.65611,-0.38867296,0,-3.6544729,-0.0019870147,0
0.5,0,26.674744,-0.35147445,0,-3.6452444,-0.0021138015,0
0.5,0,26.693797,-0.31152656,0,-3.6360159,-0.0022268482,0
0.5,0,26.7126,-0.26860061,0,-3.6267875,-0.0023252261,0
0.5,0,26.730826,-0.22279829,0,-3.617559,-0.0024081686,0
0.5,0,26.748242,-0.17460863,0,-3.6083305,-0.0024750563,0
0.5,0,26.76474,-0.12480236,0,-3.5991021,-0.0025253893,0
0.5,0,26.780452,-0.074086499,0,-3.5898736,-0.0025587721,0
0.5,0,26.795708,-0.022802664,0,-3.5806451,-0.0025749332,0
0.5,0,26.810733,0.02896748,0,-3.5714167,-0.0025737555,0
0.5,0,26.825521,0.081017976,0,-3.5621882,-0.0025552748,0
0.5,0,26.839889,0.13276033,0,-3.5529597,-0.0025196464,0
0.5,0,26.853536,0.18333022,0,-3.5437313,-0.0024671263,0
0.5,0,26.866185,0.23193365,0,-3.5345028,-0.0023980887,0
0.5,0,26.877594,0.2781143,0,-3.5252743,-0.0023130529,0
0.5,0,26.887615,0.32178177,0,-3.5160458,-0.002212693,0
0.5,0,26.896261,0.36302386,0,-3.5068174,-0.0020978199,0
0.5,0,26.903719,0.40183144,0,-3.4975889,-0.0019693483,0
0.5,0,26.910295,0.43790949,0,-3.4883604,-0.0018282662,0
0.5,0,26.916225,0.47068194,0,-3.479132,-0.0016756209,0
0.5,0,26.921611,0.49952033,0,-3.4699035,-0.0015125191,0
0.5,0,26.926334,0.52411479,0,-3.460675,-0.0013401264,0
0.5,0,26.930197,0.54473416,0,-3.4514466,-0.0011596428,0
0.5,0,26.932896,0.56205198,0,-3.4422181,-0.00097226429,0
0.5,0,26.933987,0.57648917,0,-3.4329896,-0.00077917807,0
0.5,0,26.931546,0.58790483,0,-3.4237612,-0.00058164929,0
0.5,0,26.921125,0.59798105,0,-3.4145327,-0.00038109311,0
0.5,0,26.89122,0.61006037,0,-3.4053042,-0.00017886599,0
0.5,0,26.846736,0.60765385,0,-3.3971484,-2.5804012e-15,0
0.5,0,26.621041,-0.57240507,0,-3.0177086,-4.7317936e-05,0
0.5,0,26.617659,-0.5717538,0,-3.0199287,-2.5804012e-15,0
0.5,0,26.633317,-0.56696649,0,-3.0084802,-0.00024323914,0
0.5,0,26.636489,-0.55897816,0,-2.9992517,-0.00043838927,0
0.5,0,26.633479,-0.55295659,0,-2.9900232,-0.00063170455,0
0.5,0,26.629611,-0.54437861,0,-2.9807948,-0.00082184007,0
0.5,0,26.628479,-0.53252675,0,-2.9715663,-0.0010075905,0
0.5,0,26.632241,-0.5166415,0,-2.9623378,-0.0011879311,0
0.5,0,26.640277,-0.49689285,0,-2.9531094,-0.0013618632,0
0.5,0,26.651353,-0.47363695,0,-2.9438809,-0.0015283622,0
0.5,0,26.664457,-0.44703143,0,-2.9346524,-0.001686422,0
0.5,0,26.679551,-0.41751977,0,-2.925424,-0.0018350438,0
0.5,0,26.69666,-0.38569809,0,-2.9161955,-0.0019732045,0
0.5,0,26.714806,-0.35177447,0,-2.906967,-0.0020998867,0
0.5,0,26.733188,-0.3155961,0,-2.8977386,-0.002214135,0
0.5,0,26.751494,-0.27697441,0,-2.8885101,-0.0023150853,0
0.5,0,26.769625,-0.23591012,0,-2.8792816,-0.0024019759,0
0.5,0,26.787343,-0.19273631,0,-2.8700532,-0.0024741423,0
0.5,0,26.804297,-0.14808337,0,-2.8608247,-0.0025309977,0
0.5,0,26.820324,-0.1025247,0,-2.8515962,-0.0025720282,0
0.5,0,26.835597,-0.056207012,0,-2.8423678,-0.002596825,0
0.5,0,26.850452,-0.008912719,0,-2.8331393,-0.0026051265,0
0.5,0,26.865119,0.039516879,0,-2.8239108,-0.0025968246,0
0.5,0,26.87963,0.088839601,0,-2.8146824,-0.0025719307,0
0.5,0,26.89386,0.13838867,0,-2.8054539,-0.0025305355,0
0.5,0,26.907548,0.18732862,0,-2.7962254,-0.0024727989,0
0.5,0,26.920345,0.23499246,0,-2.786997,-0.0023989655,0
0.5,0,26.931919,0.28106208,0,-2.7777685,-0.0023093832,0
0.5,0,26.942025,0.32548941,0,-2.76854,-0.0022045124,0
0.5,0,26.950561,0.36823267,0,-2.7593116,-0.0020849259,0
0.5,0,26.957542,0.409001,0,-2.7500831,-0.0019513036,0
0.5,0,26.96302,0.44719724,0,-2.7408546,-0.0018044292,0
0.5,0,26.967037,0.48213352,0,-2.7316262,-0.0016451907,0
0.5,0,26.969623,0.51342123,0,-2.7223977,-0.0014745771,0
0.5,0,26.970866,0.54125338,0,-2.7131692,-0.0012936544,0
0.5,0,26.97081,0.56625391,0,-2.7039408,-0.001103527,0
0.5,0,26.969417,0.58881457,0,-2.6947123,-0.00090532072,0
0.5,0,26.965491,0.60855977,0,-2.6854838,-0.00070025188,0
0.5,0,26.955426,0.62629578,0,-2.6762554,-0.00048972098,0
0.5,0,26.928958,0.64584421,0,-2.6670269,-0.00027510098,0
0.5,0,26.881882,0.65221809,0,-2.6577984,-5.8169455e-05,0
0.5,0,26.86814,0.650347,0,-2.6553466,-2.5804012e-15,0
0.5,0,26.592229,-0.61080218,0,-2.2517459,-0.00015590676,0
0.5,0,26.563144,-0.61554815,0,-2.2585052,-2.5804012e-15,0
0.5,0,26.621325,-0.59842766,0,-2.2425174,-0.00036675462,0
0.5,0,26.639605,-0.58804736,0,-2.233289,-0.00057485755,0
0.5,0,26.652432,-0.57646535,0,-2.2240605,-0.00077886819,0
0.5,0,26.664119,-0.56146165,0,-2.214832,-0.00097750231,0
0.5,0,26.677668,-0.54210873,0,-2.2056036,-0.0011697274,0
0.5,0,26.693178,-0.5185517,0,-2.1963751,-0.0013546017,0
0.5,0,26.709239,-0.4915858,0,-2.1871466,-0.0015311251,0
0.5,0,26.725257,-0.46177537,0,-2.1779182,-0.0016982595,0
0.5,0,26.741637,-0.42960467,0,-2.1686897,-0.0018549713,0
0.5,0,26.758699,-0.39554696,0,-2.1594612,-0.0020002428,0
0.5,0,26.776191,-0.3597063,0,-2.1502328,-0.002133114,0
0.5,0,26.793715,-0.32185157,0,-2.1410043,-0.0022527353,0
0.5,0,26.811204,-0.28181596,0,-2.1317758,-0.002358374,0
0.5,0,26.828848,-0.23969944,0,-2.1225474,-0.002449392,0
0.5,0,26.846714,-0.19584284,0,-2.1133189,-0.0025252322,0
0.5,0,26.864602,-0.15073675,0,-2.1040904,-0.0025854179,0
0.5,0,26.882225,-0.10481239,0,-2.094862,-0.0026295624,0
0.5,0,26.899414,-0.058211722,0,-2.0856335,-0.002657392,0
0.5,0,26.916079,-0.010841526,0,-2.076405,-0.0026687647,0
0.5,0,26.932054,0.037301672,0,-2.0671766,-0.0026636568,0
0.5,0,26.94708,0.085894055,0,-2.0579481,-0.0026421216,0
0.5,0,26.960871,0.134327,0,-2.0487196,-0.0026042591,0
0.5,0,26.973167,0.18192924,0,-2.0394912,-0.0025502279,0
0.5,0,26.983768,0.22817045,0,-2.0302627,-0.0024802826,0
0.5,0,26.992521,0.2727367,0,-2.0210342,-0.002394796,0
0.5,0,26.999346,0.31549853,0,-2.0118058,-0.0022942514,0
0.5,0,27.004269,0.35640745,0,-2.0025773,-0.0021792186,0
0.5,0,27.007428,0.39535914,0,-1.9933488,-0.0020503379,0
0.5,0,27.009022,0.43209553,0,-1.9841204,-0.001908327,0
0.5,0,27.009254,0.46620959,0,-1.9748919,-0.0017540019,0
0.5,0,27.008345,0.49728634,0,-1.9656634,-0.0015882965,0
0.5,0,27.006551,0.52513843,0,-1.956435,-0.0014122552,0
0.5,0,27.004229,0.54996074,0,-1.9472065,-0.0012269878,0
0.5,0,27.001575,0.57216544,0,-1.937978,-0.0010336114,0
0.5,0,26.998585,0.59185802,0,-1.9287496,-0.00083323641,0
0.5,0,26.993465,0.60856176,0,-1.9195211,-0.00062706291,0
0.5,0,26.98191,0.62367256,0,-1.9102926,-0.00041648539,0
0.5,0,26.951251,0.64127846,0,-1.9010642,-0.00020285597,0
0.5,0,26.901427,0.64339186,0,-1.8923594,-2.5804012e-15,0
0.5,0,26.579085,-0.59490642,0,-1.4950116,-0.00010639731,0
0.5,0,26.551294,-0.59718426,0,-1.4998145,-2.5804012e-15,0
0.5,0,26.622826,-0.58270368,0,-1.4857832,-0.00030821815,0
0.5,0,26.652318,-0.56921733,0,-1.4765547,-0.00050696497,0
0.5,0,26.671835,-0.55584792,0,-1.4673262,-0.00070130529,0
0.5,0,26.6865,-0.53928742,0,-1.4580978,-0.00088984056,0
0.5,0,26.700079,-0.51867853,0,-1.4488693,-0.0010713945,0
0.5,0,26.71421,-0.4937602,0,-1.4396408,-0.0012449623,0
0.5,0,26.728294,-0.46520364,0,-1.4304124,-0.0014095532,0
0.5,0,26.742,-0.43369796,0,-1.4211839,-0.0015641594,0
0.5,0,26.756211,-0.39970955,0,-1.4119554,-0.00170779,0
0.5,0,26.771948,-0.36368633,0,-1.402727,-0.0018394726,0
0.5,0,26.789344,-0.3258296,0,-1.3934985,-0.0019582727,0
0.5,0,26.80781,-0.28598155,0,-1.38427,-0.0020633575,0
0.5,0,26.826818,-0.24398682,0,-1.3750416,-0.0021540404,0
0.5,0,26.846245,-0.19999964,0,-1.3658131,-0.0022297756,0
0.5,0,26.86609,-0.15445529,0,-1.3565846,-0.0022901302,0
0.5,0,26.886084,-0.10791191,0,-1.3473562,-0.0023347565,0
0.5,0,26.905694,-0.060860067,0,-1.3381277,-0.0023633748,0
0.5,0,26.924362,-0.013532409,0,-1.3288992,-0.002375784,0
0.5,0,26.941655,0.034085112,0,-1.3196708,-0.0023718966,0
0.5,0,26.957254,0.081948202,0,-1.3104423,-0.0023517579,0
0.5,0,26.970897,0.12963201,0,-1.3012138,-0.0023155262,0
0.5,0,26.98237,0.17638334,0,-1.2919854,-0.0022634401,0
0.5,0,26.991599,0.22151956,0,-1.2827569,-0.0021958034,0
0.5,0,26.998662,0.26474913,0,-1.2735284,-0.0021129927,0
0.5,0,27.003747,0.306141,0,-1.2643,-0.0020154734,0
0.5,0,27.007128,0.34583856,0,-1.2550715,-0.0019038128,0
0.5,0,27.009178,0.38377431,0,-1.245843,-0.0017786858,0
0.5,0,27.010348,0.41956993,0,-1.2366146,-0.0016408753,0
0.5,0,27.011086,0.45268433,0,-1.2273861,-0.001491265,0
0.5,0,27.011658,0.48274629,0,-1.2181576,-0.0013308159,0
0.5,0,27.012081,0.50984393,0,-1.2089292,-0.0011605252,0
0.5,0,27.011952,0.53444465,0,-1.1997007,-0.00098138742,0
0.5,0,27.010684,0.55682772,0,-1.1904722,-0.00079440429,0
0.5,0,27.006232,0.57663049,0,-1.1812438,-0.00060068854,0
0.5,0,26.994583,0.59515048,0,-1.1720153,-0.00040155899,0
0.5,0,26.963713,0.61632814,0,-1.1627868,-0.00019827863,0
0.5,0,26.91308,0.62164476,0,-1.1538992,-2.5804012e-15,0
0.5,0,26.5991,-0.62676729,0,-0.74750581,-0.00016923653,0
0.5,0,26.557913,-0.62956598,0,-0.75470424,-2.5804012e-15,0
0.5,0,26.63681,-0.61669599,0,-0.73827734,-0.000384673,0
0.5,0,26.660508,-0.60851564,0,-0.72904888,-0.00059771405,0
0.5,0,26.676274,-0.59847321,0,-0.71982041,-0.00080689545,0
0.5,0,26.688711,-0.58470462,0,-0.71059194,-0.001010809,0
0.5,0,26.70139,-0.56623651,0,-0.70136348,-0.0012082752,0
0.5,0,26.715016,-0.54316842,0,-0.69213501,-0.0013981958,0
0.5,0,26.728896,-0.51615416,0,-0.68290654,-0.0015794283,0
0.5,0,26.743136,-0.48556985,0,-0.67367808,-0.0017508172,0
0.5,0,26.758649,-0.4517708,0,-0.66444961,-0.001911222,0
0.5,0,26.775961,-0.41516091,0,-0.65522114,-0.002059507,0
0.5,0,26.794716,-0.37583208,0,-0.64599268,-0.0021945749,0
0.5,0,26.814203,-0.33365396,0,-0.63676421,-0.0023154235,0
0.5,0,26.833991,-0.28869032,0,-0.62753574,-0.0024211632,0
0.5,0,26.853946,-0.24132253,0,-0.61830728,-0.0025110072,0
0.5,0,26.87385,-0.19210527,0,-0.60907881,-0.0025842676,0
0.5,0,26.893211,-0.14159933,0,-0.59985034,-0.0026403577,0
0.5,0,26.911413,-0.090168372,0,-0.59062187,-0.0026788041,0
0.5,0,26.927965,-0.037843813,0,-0.58139341,-0.0026992756,0
0.5,0,26.9425,0.015496292,0,-0.57216494,-0.0027016131,0
0.5,0,26.954742,0.069722184,0,-0.56293647,-0.0026858218,0
0.5,0,26.964554,0.12420379,0,-0.55370801,-0.0026520256,0
0.5,0,26.971965,0.17796581,0,-0.54447954,-0.0026004278,0
0.5,0,26.977207,0.23010522,0,-0.53525107,-0.0025313069,0
0.5,0,26.980631,0.28009688,0,-0.52602261,-0.0024450335,0
0.5,0,26.982606,0.3277938,0,-0.51679414,-0.0023420835,0
0.5,0,26.983474,0.3732123,0,-0.50756567,-0.0022230447,0
0.5,0,26.983564,0.41628435,0,-0.49833721,-0.002088622,0
0.5,0,26.98318,0.45671951,0,-0.48910874,-0.0019396477,0
0.5,0,26.982554,0.49405519,0,-0.47988027,-0.0017770887,0
0.5,0,26.981775,0.52790385,0,-0.47065181,-0.0016020376,0
0.5,0,26.980784,0.55825533,0,-0.46142334,-0.0014156743,0
0.5,0,26.97937,0.58553592,0,-0.45219487,-0.0012192072,0
0.5,0,26.977177,0.61019756,0,-0.44296641,-0.0010138343,0
0.5,0,26.973134,0.63214419,0,-0.43373794,-0.00080078085,0
0.5,0,26.964213,0.65173065,0,-0.42450947,-0.00058139435,0
0.5,0,26.942388,0.6717697,0,-0.41528101,-0.00035705501,0
0.5,0,26.899945,0.68411551,0,-0.40605254,-0.00012939888,0
0.5,0,26.869429,0.68295226,0,-0.40086272,-2.5804012e-15,0
0.5,0,26.779736,0.051612523,0,-36.96001,2.1134088e-06,0
0.5,0,26.775207,0.044105415,0,-36.950781,7.3798917e-06,0
0.5,0,26.773041,0.036685213,0,-36.941553,1.1393333e-05,0
0.5,0,26.773877,0.030149485,0,-36.932324,1.4101934e-05,0
0.5,0,26.777088,0.024511172,0,-36.923096,1.5424562e-05,0
0.5,0,26.781974,0.019555448,0,-36.913867,1.5333873e-05,0
0.5,0,26.788073,0.015134734,0,-36.904639,1.3852302e-05,0
0.5,0,26.794503,0.011333149,0,-36.89541,1.1011807e-05,0
0.5,0,26.801753,0.0085814571,0,-36.886182,6.8259002e-06,0
0.5,0,26.810024,0.0074554227,0,-36.876953,1.3063042e-06,0
0.5,0,26.855102,0.048810535,0,-36.323245,4.3735174e-07,0
0.5,0,26.841847,0.042893561,0,-36.314017,5.0177209e-06,0
0.5,0,26.831368,0.035348731,0,-36.304788,8.437835e-06,0
0.5,0,26.825241,0.02830926,0,-36.29556,1.0664235e-05,0
0.5,0,26.823765,0.022112468,0,-36.286331,1.1608346e-05,0
0.5,0,26.826312,0.016572491,0,-36.277103,1.1224212e-05,0
0.5,0,26.832295,0.011409598,0,-36.267875,9.536375e-06,0
0.5,0,26.841608,0.0068402581,0,-36.258646,6.5844099e-06,0
0.5,0,26.852917,0.0043779242,0,-36.249418,2.3875397e-06,0
0.5,0,26.877771,0.047221379,0,-35.668024,2.8690656e-06,0
0.5,0,26.866679,0.039856246,0,-35.658796,7.4789386e-06,0
0.5,0,26.858395,0.032331427,0,-35.649567,1.0694923e-05,0
0.5,0,26.854047,0.025708041,0,-35.640339,1.2419137e-05,0
0.5,0,26.85407,0.019932479,0,-35.63111,1.2557467e-05,0
0.5,0,26.858591,0.014566918,0,-35.621882,1.1088195e-05,0
0.5,0,26.867597,0.0094376964,0,-35.612653,8.0346389e-06,0
0.5,0,26.879457,0.0058970952,0,-35.603425,3.4261471e-06,0
0.5,0,26.993311,0.045869566,0,-33.674675,1.9011116e-06,0
0.5,0,26.974748,0.037399022,0,-33.665447,8.6412573e-06,0
0.5,0,26.959837,0.028296512,0,-33.656218,1.3786268e-05,0
0.5,0,26.950234,0.020730206,0,-33.64699,1.7330726e-05,0
0.5,0,26.944816,0.014281007,0,-33.637761,1.9205399e-05,0
0.5,0,26.942213,0.0080291103,0,-33.628533,1.9392879e-05,0
0.5,0,26.942652,0.0015494405,0,-33.619305,1.7930841e-05,0
0.5,0,26.947261,-0.0050695,0,-33.610076,1.4878819e-05,0
0.5,0,26.957011,-0.011570631,0,-33.600848,1.028631e-05,0
0.5,0,26.970632,-0.016037004,0,-33.591619,4.1807708e-06,0
0.5,0,26.947287,0.087929741,0,-33.056368,1.5329071e-05,0
0.5,0,26.92105,0.07483545,0,-33.04714,3.4947151e-05,0
0.5,0,26.905168,0.066340973,0,-33.037911,5.3261058e-05,0
0.5,0,26.89508,0.060362865,0,-33.028683,7.003325e-05,0
0.5,0,26.886244,0.054838066,0,-33.019454,8.5126245e-05,0
0.5,0,26.876919,0.048402008,0,-33.010226,9.8555106e-05,0
0.5,0,26.868193,0.041290705,0,-33.000997,0.00011032401,0
0.5,0,26.86088,0.034008363,0,-32.991769,0.00012036701,0
0.5,0,26.854228,0.026623621,0,-32.98254,0.0001286201,0
0.5,0,26.847078,0.019500294,0,-32.973312,0.00013502692,0
0.5,0,26.83913,0.013282863,0,-32.964083,0.00013949269,0
0.5,0,26.831061,0.0079680949,0,-32.954855,0.00014190747,0
0.5,0,26.823688,0.00283169,0,-32.945626,0.00014220705,0
0.5,0,26.817358,-0.0027401347,0,-32.936398,0.00014038582,0
0.5,0,26.812178,-0.0089022565,0,-32.92717,0.00013647318,0
0.5,0,26.808546,-0.015481166,0,-32.917941,0.00013052934,0
0.5,0,26.807203,-0.022003966,0,-32.908713,0.00012264043,0
0.5,0,26.808717,-0.027861861,0,-32.899484,0.00011288444,0
0.5,0,26.813106,-0.032914999,0,-32.890256,0.00010131115,0
0.5,0,26.820055,-0.037843188,0,-32.881027,8.7972795e-05,0
0.5,0,26.829428,-0.043489558,0,-32.871799,7.2966196e-05,0
0.5,0,26.841587,-0.04995173,0,-32.86257,5.644213e-05,0
0.5,0,26.857654,-0.056963533,0,-32.853342,3.8576047e-05,0
0.5,0,26.879271,-0.063919092,0,-32.844113,1.9490452e-05,0
0.5,0,26.838376,0.095701926,0,-32.410375,1.4159827e-05,0
0.5,0,26.81234,0.084208248,0,-32.401147,3.8960322e-05,0
0.5,0,26.796394,0.077268532,0,-32.391918,6.2778784e-05,0
0.5,0,26.786218,0.072600257,0,-32.38269,8.5402631e-05,0
0.5,0,26.777511,0.068226055,0,-32.373462,0.00010668544,0
0.5,0,26.768519,0.062780858,0,-32.364233,0.00012662578,0
0.5,0,26.760043,0.056616295,0,-32.355005,0.00014519952,0
0.5,0,26.752697,0.050448551,0,-32.345776,0.00016229163,0
0.5,0,26.745936,0.044365759,0,-32.336548,0.00017777879,0
0.5,0,26.739025,0.038558498,0,-32.327319,0.00019155568,0
0.5,0,26.73189,0.033452241,0,-32.318091,0.00020349455,0
0.5,0,26.725148,0.028943227,0,-32.308862,0.00021346995,0
0.5,0,26.719464,0.024386553,0,-32.299634,0.00022141978,0
0.5,0,26.715047,0.019289714,0,-32.290405,0.00022734135,0
0.5,0,26.711845,0.013536635,0,-32.281177,0.00023124907,0
0.5,0,26.710038,0.007178948,0,-32.271948,0.00023316028,0
0.5,0,26.710068,0.00049884536,0,-32.26272,0.00023309266,0
0.5,0,26.712129,-0.0059644118,0,-32.253491,0.00023104693,0
0.5,0,26.715828,-0.011910175,0,-32.244263,0.00022701049,0
0.5,0,26.720485,-0.017697861,0,-32.235035,0.00022100067,0
0.5,0,26.725568,-0.023961305,0,-32.225806,0.00021308938,0
0.5,0,26.730786,-0.030843276,0,-32.216578,0.0002033648,0
0.5,0,26.73589,-0.037802547,0,-32.207349,0.00019187479,0
0.5,0,26.740554,-0.04408062,0,-32.198121,0.00017862027,0
0.5,0,26.744487,-0.049216053,0,-32.188892,0.00016360211,0
0.5,0,26.74762,-0.053230777,0,-32.179664,0.00014686627,0
0.5,0,26.750208,-0.056550816,0,-32.170435,0.00012850842,0
0.5,0,26.75283,-0.05977608,0,-32.161207,0.00010865279,0
0.5,0,26.756351,-0.063306649,0,-32.151978,8.7442904e-05,0
0.5,0,26.762005,-0.067194532,0,-32.14275,6.5064498e-05,0
0.5,0,26.771836,-0.071729162,0,-32.133521,4.1753884e-05,0
0.5,0,26.787947,-0.0766236,0,-32.124293,1.7717247e-05,0
0.5,0,26.815603,0.1082338,0,-31.727469,6.1237801e-06,0
0.5,0,26.783547,0.098775457,0,-31.71824,3.5055997e-05,0
0.5,0,26.761296,0.09257113,0,-31.709012,6.3818305e-05,0
0.5,0,26.745879,0.089328268,0,-31.699783,9.2132119e-05,0
0.5,0,26.732929,0.08696265,0,-31.690555,0.00011967191,0
0.5,0,26.720482,0.083919887,0,-31.681327,0.00014626285,0
0.5,0,26.709399,0.080117611,0,-31.672098,0.00017177281,0
0.5,0,26.700645,0.075918922,0,-31.66287,0.00019600835,0
0.5,0,26.69373,0.070966487,0,-31.653641,0.0002187684,0
0.5,0,26.687594,0.06510223,0,-31.644413,0.00023987043,0
0.5,0,26.681763,0.058925495,0,-31.635184,0.0002590971,0
0.5,0,26.676455,0.052842679,0,-31.625956,0.00027620938,0
0.5,0,26.671968,0.046558531,0,-31.616727,0.00029102736,0
0.5,0,26.66827,0.039656844,0,-31.607499,0.00030345652,0
0.5,0,26.665369,0.031960358,0,-31.59827,0.00031345218,0
0.5,0,26.663919,0.023394087,0,-31.589042,0.00032099271,0
0.5,0,26.665005,0.014129136,0,-31.579813,0.00032605592,0
0.5,0,26.668997,0.0048104833,0,-31.570585,0.00032857589,0
0.5,0,26.674718,-0.0038495145,0,-31.561356,0.00032843476,0
0.5,0,26.680044,-0.011724748,0,-31.552128,0.00032553328,0
0.5,0,26.683487,-0.019242858,0,-31.5429,0.00031987265,0
0.5,0,26.68516,-0.026755557,0,-31.533671,0.00031155337,0
0.5,0,26.686237,-0.034185727,0,-31.524443,0.00030070007,0
0.5,0,26.687631,-0.041260562,0,-31.515214,0.00028740071,0
0.5,0,26.689357,-0.047840874,0,-31.505986,0.00027171149,0
0.5,0,26.690928,-0.053945316,0,-31.496757,0.00025370328,0
0.5,0,26.692014,-0.059619913,0,-31.487529,0.00023350573,0
0.5,0,26.692703,-0.064926282,0,-31.4783,0.00021132641,0
0.5,0,26.693412,-0.070015953,0,-31.469072,0.00018743324,0
0.5,0,26.694766,-0.075074779,0,-31.459843,0.00016210034,0
0.5,0,26.69753,-0.0801073,0,-31.450615,0.00013554531,0
0.5,0,26.702514,-0.084734107,0,-31.441386,0.0001079021,0
0.5,0,26.710498,-0.0884048,0,-31.432158,7.9259202e-05,0
0.5,0,26.722803,-0.091438778,0,-31.422929,4.9721572e-05,0
0.5,0,26.740949,-0.094438516,0,-31.413701,1.9395633e-05,0
0.5,0,26.737041,0.11468304,0,-31.016877,1.767669e-07,0
0.5,0,26.707058,0.10430756,0,-31.007648,3.0531576e-05,0
0.5,0,26.686966,0.09534347,0,-30.99842,6.0190011e-05,0
0.5,0,26.675557,0.090164191,0,-30.989192,8.8919965e-05,0
0.5,0,26.668392,0.086350759,0,-30.979963,0.00011641729,0
0.5,0,26.662737,0.082074135,0,-30.970735,0.00014252414,0
0.5,0,26.658707,0.076827808,0,-30.961506,0.00016714713,0
0.5,0,26.657211,0.071106663,0,-30.952278,0.00019013427,0
0.5,0,26.657826,0.064953416,0,-30.943049,0.00021131917,0
0.5,0,26.659175,0.058261472,0,-30.933821,0.00023058042,0
0.5,0,26.660228,0.051469716,0,-30.924592,0.00024779658,0
0.5,0,26.660799,0.044971442,0,-30.915364,0.000262815,0
0.5,0,26.661118,0.038534897,0,-30.906135,0.000275497,0
0.5,0,26.661248,0.031732338,0,-30.896907,0.00028574915,0
0.5,0,26.661007,0.024376977,0,-30.887678,0.00029350422,0
0.5,0,26.660383,0.016403175,0,-30.87845,0.00029870986,0
0.5,0,26.65982,0.0078865013,0,-30.869221,0.00030133393,0
0.5,0,26.659908,-0.00070240914,0,-30.859993,0.00030134744,0
0.5,0,26.660837,-0.0087471704,0,-30.850765,0.00029870382,0
0.5,0,26.662294,-0.016156493,0,-30.841536,0.0002933626,0
0.5,0,26.663843,-0.023496743,0,-30.832308,0.00028533497,0
0.5,0,26.665238,-0.031339691,0,-30.823079,0.0002746852,0
0.5,0,26.666382,-0.039663562,0,-30.813851,0.00026148341,0
0.5,0,26.667133,-0.047946234,0,-30.804622,0.00024577236,0
0.5,0,26.667306,-0.055651184,0,-30.795394,0.00022758629,0
0.5,0,26.666825,-0.062552209,0,-30.786165,0.00020699153,0
0.5,0,26.665884,-0.068781028,0,-30.776937,0.00018410151,0
0.5,0,26.665012,-0.074723648,0,-30.767708,0.00015906029,0
0.5,0,26.665071,-0.080789823,0,-30.75848,0.00013202335,0
0.5,0,26.667208,-0.087041811,0,-30.749251,0.00010315988,0
0.5,0,26.672895,-0.093240523,0,-30.740023,7.2680654e-05,0
0.5,0,26.684351,-0.099609979,0,-30.730794,4.0827004e-05,0
0.5,0,26.702551,-0.10491407,0,-30.721566,7.7946523e-06,0
0.5,0,26.753756,0.11699243,0,-30.297056,1.4747964e-05,0
0.5,0,26.729197,0.10628815,0,-30.287828,4.9529828e-05,0
0.5,0,26.715098,0.10059221,0,-30.2786,8.3365e-05,0
0.5,0,26.706592,0.097086565,0,-30.269371,0.00011588336,0
0.5,0,26.699601,0.093681681,0,-30.260143,0.00014683272,0
0.5,0,26.692734,0.088843163,0,-30.250914,0.00017614322,0
0.5,0,26.686719,0.082773833,0,-30.241686,0.00020373946,0
0.5,0,26.681763,0.075973556,0,-30.232457,0.00022946417,0
0.5,0,26.67703,0.06838672,0,-30.223229,0.00025315676,0
0.5,0,26.671835,0.060302901,0,-30.214,0.00027466967,0
0.5,0,26.666246,0.052424051,0,-30.204772,0.00029382375,0
0.5,0,26.660718,0.044927499,0,-30.195543,0.00031043682,0
0.5,0,26.655601,0.037393858,0,-30.186315,0.00032438479,0
0.5,0,26.651,0.029485089,0,-30.177086,0.00033559669,0
0.5,0,26.647004,0.021103385,0,-30.167858,0.0003440168,0
0.5,0,26.643967,0.012212488,0,-30.158629,0.00034959292,0
0.5,0,26.642372,0.0030190132,0,-30.149401,0.00035227046,0
0.5,0,26.642429,-0.0059384179,0,-30.140173,0.00035197928,0
0.5,0,26.643851,-0.014309062,0,-30.130944,0.00034865384,0
0.5,0,26.64605,-0.022321545,0,-30.121716,0.00034229142,0
0.5,0,26.648587,-0.030481194,0,-30.112487,0.00033297232,0
0.5,0,26.651239,-0.038994639,0,-30.103259,0.00032080957,0
0.5,0,26.653783,-0.047608926,0,-30.09403,0.00030589024,0
0.5,0,26.656016,-0.055956925,0,-30.084802,0.00028826577,0
0.5,0,26.657903,-0.063807342,0,-30.075573,0.00026799139,0
0.5,0,26.659617,-0.071057021,0,-30.066345,0.00024516756,0
0.5,0,26.661484,-0.077718151,0,-30.057116,0.00021994792,0
0.5,0,26.663998,-0.083975853,0,-30.047888,0.0001925178,0
0.5,0,26.667818,-0.090101043,0,-30.038659,0.00016306226,0
0.5,0,26.673682,-0.096166385,0,-30.029431,0.00013174713,0
0.5,0,26.682296,-0.10189103,0,-30.020202,9.8733283e-05,0
0.5,0,26.694704,-0.10726676,0,-30.010974,6.4211611e-05,0
0.5,0,26.712309,-0.11265454,0,-30.001746,2.8364546e-05,0
0.5,0,26.76577,0.14235618,0,-29.595693,1.6769431e-06,0
0.5,0,26.730788,0.13087169,0,-29.586465,4.3252573e-05,0
0.5,0,26.706881,0.12283808,0,-29.577236,8.4089534e-05,0
0.5,0,26.69082,0.11820094,0,-29.568008,0.00012381859,0
0.5,0,26.677925,0.11429735,0,-29.558779,0.00016207824,0
0.5,0,26.666207,0.10929836,0,-29.549551,0.00019872489,0
0.5,0,26.656381,0.10313791,0,-29.540322,0.00023368079,0
0.5,0,26.649025,0.096445093,0,-29.531094,0.00026678683,0
0.5,0,26.643247,0.089045915,0,-29.521865,0.00029784958,0
0.5,0,26.637893,0.080835486,0,-29.512637,0.00032667383,0
0.5,0,26.632616,0.072444471,0,-29.503408,0.00035300761,0
0.5,0,26.627744,0.064297725,0,-29.49418,0.00037656006,0
0.5,0,26.623596,0.056103591,0,-29.484951,0.000397099,0
0.5,0,26.620118,0.047494368,0,-29.475723,0.0004144892,0
0.5,0,26.617101,0.038336133,0,-29.466494,0.00042865748,0
0.5,0,26.61455,0.028489694,0,-29.457266,0.00043956171,0
0.5,0,26.612853,0.017991364,0,-29.448038,0.00044716472,0
0.5,0,26.612422,0.0072915766,0,-29.438809,0.0004513912,0
0.5,0,26.613221,-0.0031569907,0,-29.429581,0.00045212008,0
0.5,0,26.614788,-0.013393865,0,-29.420352,0.00044925448,0
0.5,0,26.616637,-0.023771094,0,-29.411124,0.00044279956,0
0.5,0,26.61847,-0.03437348,0,-29.401895,0.00043285448,0
0.5,0,26.620081,-0.044850561,0,-29.392667,0.000419538,0
0.5,0,26.621283,-0.054818464,0,-29.383438,0.00040293584,0
0.5,0,26.622009,-0.064190036,0,-29.37421,0.00038310761,0
0.5,0,26.622409,-0.073068568,0,-29.364981,0.0003601252,0
0.5,0,26.622866,-0.081504998,0,-29.355753,0.00033410529,0
0.5,0,26.623867,-0.089430281,0,-29.346524,0.00030522833,0
0.5,0,26.625865,-0.096783585,0,-29.337296,0.00027374065,0
0.5,0,26.62926,-0.10356532,0,-29.328067,0.00023991857,0
0.5,0,26.634361,-0.10983491,0,-29.318839,0.00020400842,0
0.5,0,26.641311,-0.11561834,0,-29.309611,0.00016619165,0
0.5,0,26.650107,-0.12069718,0,-29.300382,0.0001266066,0
0.5,0,26.661056,-0.1250721,0,-29.291154,8.5427834e-05,0
0.5,0,26.67572,-0.12965396,0,-29.281925,4.2894656e-05,0
0.5,0,26.743872,0.15706264,0,-28.866644,2.9111614e-05,0
0.5,0,26.721875,0.14786265,0,-28.857416,7.7594414e-05,0
0.5,0,26.709932,0.14379141,0,-28.848187,0.00012535016,0
0.5,0,26.702387,0.14053801,0,-28.838959,0.00017192459,0
0.5,0,26.696213,0.13634749,0,-28.82973,0.000216999,0
0.5,0,26.691087,0.13038117,0,-28.820502,0.0002603813,0
0.5,0,26.687853,0.12326583,0,-28.811273,0.00030182158,0
0.5,0,26.686174,0.11524755,0,-28.802045,0.0003409935,0
0.5,0,26.684863,0.10599851,0,-28.792816,0.00037757736,0
0.5,0,26.683206,0.095809729,0,-28.783588,0.00041124752,0
0.5,0,26.681274,0.085364044,0,-28.774359,0.0004416455,0
0.5,0,26.679374,0.074801315,0,-28.765131,0.00046844979,0
0.5,0,26.677568,0.063856909,0,-28.755903,0.00049144794,0
0.5,0,26.675688,0.052410119,0,-28.746674,0.0005105247,0
0.5,0,26.673735,0.040438977,0,-28.737446,0.0005256215,0
0.5,0,26.67212,0.027953154,0,-28.728217,0.0005367093,0
0.5,0,26.671397,0.015265113,0,-28.718989,0.00054374872,0
0.5,0,26.671809,0.0028912093,0,-28.70976,0.0005466592,0
0.5,0,26.673187,-0.0090195008,0,-28.700532,0.00054535764,0
0.5,0,26.675223,-0.020833962,0,-28.691303,0.00053984092,0
0.5,0,26.677696,-0.032879153,0,-28.682075,0.00053021567,0
0.5,0,26.680419,-0.044993178,0,-28.672846,0.00051664219,0
0.5,0,26.683163,-0.056735825,0,-28.663618,0.00049925846,0
0.5,0,26.685746,-0.067830992,0,-28.654389,0.00047815061,0
0.5,0,26.688176,-0.078282121,0,-28.645161,0.00045337134,0
0.5,0,26.690666,-0.088204604,0,-28.635932,0.00042497613,0
0.5,0,26.69354,-0.097685419,0,-28.626704,0.00039306115,0
0.5,0,26.697152,-0.10676757,0,-28.617476,0.00035779276,0
0.5,0,26.701841,-0.11549439,0,-28.608247,0.00031940698,0
0.5,0,26.707897,-0.12392684,0,-28.599019,0.00027816565,0
0.5,0,26.715471,-0.13208761,0,-28.58979,0.00023429549,0
0.5,0,26.724527,-0.13981719,0,-28.580562,0.00018796099,0
0.5,0,26.734863,-0.14673947,0,-28.571333,0.00013931104,0
0.5,0,26.746995,-0.15308997,0,-28.562105,8.8568622e-05,0
0.5,0,26.762679,-0.1599071,0,-28.552876,3.6015616e-05,0
0.5,0,26.792547,0.203979,0,-28.156052,1.2223492e-05,0
0.5,0,26.763538,0.19017574,0,-28.146824,7.5163665e-05,0
0.5,0,26.746156,0.18349824,0,-28.137595,0.00013736477,0
0.5,0,26.734232,0.17864103,0,-28.128367,0.0001983234,0
0.5,0,26.723605,0.17347416,0,-28.119138,0.00025761398,0
0.5,0,26.713226,0.16638736,0,-28.10991,0.00031500816,0
0.5,0,26.704762,0.15810614,0,-28.100681,0.00037023945,0
0.5,0,26.69889,0.14948032,0,-28.091453,0.00042293135,0
0.5,0,26.694501,0.14016007,0,-28.082224,0.0004727446,0
0.5,0,26.690387,0.13015525,0,-28.072996,0.00051940156,0
0.5,0,26.686287,0.12012995,0,-28.063768,0.00056259539,0
0.5,0,26.6826,0.11008671,0,-28.054539,0.00060200907,0
0.5,0,26.679659,0.099343478,0,-28.045311,0.0006373974,0
0.5,0,26.677382,0.087547751,0,-28.036082,0.00066858672,0
0.5,0,26.675578,0.074767882,0,-28.026854,0.00069543969,0
0.5,0,26.674481,0.061093071,0,-28.017625,0.00071785742,0
0.5,0,26.674695,0.04685491,0,-28.008397,0.00073576162,0
0.5,0,26.676606,0.032749252,0,-27.999168,0.00074903692,0
0.5,0,26.680021,0.019156619,0,-27.98994,0.00075752571,0
0.5,0,26.684473,0.0056445324,0,-27.980711,0.00076110478,0
0.5,0,26.689625,-0.0084872591,0,-27.971483,0.00075974198,0
0.5,0,26.695273,-0.023384304,0,-27.962254,0.00075346396,0
0.5,0,26.701139,-0.038570119,0,-27.953026,0.00074229609,0
0.5,0,26.706827,-0.053460162,0,-27.943797,0.00072625506,0
0.5,0,26.711997,-0.067710413,0,-27.934569,0.00070538488,0
0.5,0,26.716526,-0.081232924,0,-27.925341,0.00067978076,0
0.5,0,26.720569,-0.094149209,0,-27.916112,0.00064958568,0
0.5,0,26.724548,-0.1067267,0,-27.906884,0.00061498143,0
0.5,0,26.729115,-0.11918087,0,-27.897655,0.00057618473,0
0.5,0,26.735005,-0.13142359,0,-27.888427,0.00053344049,0
0.5,0,26.742759,-0.14297244,0,-27.879198,0.0004870097,0
0.5,0,26.75246,-0.15315363,0,-27.86997,0.0004371606,0
0.5,0,26.763641,-0.16154839,0,-27.860741,0.00038416853,0
0.5,0,26.77555,-0.16836563,0,-27.851513,0.00032832286,0
0.5,0,26.787639,-0.17437875,0,-27.842284,0.00026993836,0
0.5,0,26.800047,-0.18021476,0,-27.833056,0.00020936335,0
0.5,0,26.813651,-0.18570216,0,-27.823827,0.00014700273,0
0.5,0,26.830973,-0.19103686,0,-27.814599,8.3329044e-05,0
0.5,0,26.855257,-0.19680889,0,-27.80537,1.8760448e-05,0
0.5,0,26.96551,0.24743757,0,-27.44546,1.9522803e-05,0
0.5,0,26.934887,0.23745375,0,-27.436232,9.8374736e-05,0
0.5,0,26.916207,0.23479213,0,-27.427003,0.00017739863,0
0.5,0,26.902198,0.23316961,0,-27.417775,0.00025593064,0
0.5,0,26.888613,0.23050258,0,-27.408546,0.00033348743,0
0.5,0,26.874527,0.22532704,0,-27.399318,0.00040980085,0
0.5,0,26.861669,0.21867728,0,-27.390089,0.00048456033,0
0.5,0,26.850759,0.21144067,0,-27.380861,0.0005573279,0
0.5,0,26.840918,0.20317668,0,-27.371633,0.00062766359,0
0.5,0,26.831235,0.19384998,0,-27.362404,0.0006951285,0
0.5,0,26.821633,0.18401781,0,-27.353176,0.00075921507,0
0.5,0,26.812549,0.17354409,0,-27.343947,0.00081941549,0
0.5,0,26.804243,0.16176616,0,-27.334719,0.00087532923,0
0.5,0,26.796458,0.14847109,0,-27.32549,0.00092665131,0
0.5,0,26.788799,0.1337765,0,-27.316262,0.00097311181,0
0.5,0,26.781327,0.11769298,0,-27.307033,0.0010144547,0
0.5,0,26.774558,0.10044698,0,-27.297805,0.0010504099,0
0.5,0,26.768895,0.082635444,0,-27.288576,0.0010806566,0
0.5,0,26.764342,0.064585583,0,-27.279348,0.0011048592,0
0.5,0,26.760779,0.046003924,0,-27.270119,0.0011227683,0
0.5,0,26.758243,0.026581569,0,-27.260891,0.0011342627,0
0.5,0,26.756812,0.0066106535,0,-27.251662,0.001139287,0
0.5,0,26.756365,-0.013249981,0,-27.242434,0.0011377781,0
0.5,0,26.756584,-0.032587817,0,-27.233206,0.001129663,0
0.5,0,26.757203,-0.051421601,0,-27.223977,0.0011149071,0
0.5,0,26.758204,-0.069950491,0,-27.214749,0.001093553,0
0.5,0,26.75982,-0.0883111,0,-27.20552,0.0010657366,0
0.5,0,26.762461,-0.10648688,0,-27.196292,0.0010316896,0
0.5,0,26.766646,-0.12428531,0,-27.187063,0.00099172698,0
0.5,0,26.77292,-0.14137752,0,-27.177835,0.00094621143,0
0.5,0,26.781739,-0.15739651,0,-27.168606,0.00089550484,0
0.5,0,26.793286,-0.17204319,0,-27.159378,0.00083993519,0
0.5,0,26.807301,-0.18518623,0,-27.150149,0.00077980114,0
0.5,0,26.823263,-0.1969067,0,-27.140921,0.00071541232,0
0.5,0,26.840617,-0.20736389,0,-27.131692,0.00064713676,0
0.5,0,26.85892,-0.21656691,0,-27.122464,0.00057541742,0
0.5,0,26.87799,-0.22437785,0,-27.113235,0.00050074004,0
0.5,0,26.897929,-0.23079147,0,-27.104007,0.00042357774,0
0.5,0,26.91912,-0.23615626,0,-27.094779,0.00034436342,0
0.5,0,26.942287,-0.24079473,0,-27.08555,0.00026350988,0
0.5,0,26.968179,-0.24446007,0,-27.076322,0.0001814763,0
0.5,0,26.998839,-0.2475663,0,-27.067093,9.8802304e-05,0
0.5,0,27.036704,-0.25078176,0,-27.057865,1.5950316e-05,0
0.5,0,26.958203,0.27892697,0,-26.716411,2.5240613e-05,0
0.5,0,26.921056,0.27083134,0,-26.707183,0.0001148722,0
0.5,0,26.896162,0.26966512,0,-26.697954,0.00020510872,0
0.5,0,26.876271,0.2688327,0,-26.688726,0.00029528245,0
0.5,0,26.857335,0.26650809,0,-26.679498,0.00038487489,0
0.5,0,26.838202,0.26137302,0,-26.670269,0.00047352188,0
0.5,0,26.819997,0.25450827,0,-26.661041,0.00056078294,0
0.5,0,26.80292,0.24674459,0,-26.651812,0.00064609169,0
0.5,0,26.786055,0.23766427,0,-26.642584,0.00072889528,0
0.5,0,26.768847,0.2273683,0,-26.633355,0.00080864627,0
0.5,0,26.751618,0.21648757,0,-26.624127,0.00088472329,0
0.5,0,26.735069,0.20485599,0,-26.614898,0.00095650031,0
0.5,0,26.719631,0.191763,0,-26.60567,0.0010234601,0
0.5,0,26.705255,0.17693331,0,-26.596441,0.0010852004,0
0.5,0,26.691817,0.16043207,0,-26.587213,0.0011413973,0
0.5,0,26.679583,0.14234221,0,-26.577984,0.0011917877,0
0.5,0,26.669061,0.12307495,0,-26.568756,0.0012361169,0
0.5,0,26.660549,0.10332766,0,-26.559527,0.0012740759,0
0.5,0,26.65389,0.083361262,0,-26.550299,0.0013053271,0
0.5,0,26.648764,0.062781306,0,-26.541071,0.0013296054,0
0.5,0,26.645046,0.041254354,0,-26.531842,0.001346769,0
0.5,0,26.64265,0.019094354,0,-26.522614,0.0013567518,0
0.5,0,26.641361,-0.0030104246,0,-26.513385,0.0013594979,0
0.5,0,26.640868,-0.024554438,0,-26.504157,0.001354945,0
0.5,0,26.640906,-0.045394451,0,-26.494928,0.0013430465,0
0.5,0,26.641358,-0.065645498,0,-26.4857,0.0013237972,0
0.5,0,26.642251,-0.085585576,0,-26.476471,0.0012972612,0
0.5,0,26.643748,-0.10552069,0,-26.467243,0.0012635956,0
0.5,0,26.64613,-0.12552826,0,-26.458014,0.0012230533,0
0.5,0,26.64969,-0.14528631,0,-26.448786,0.0011759508,0
0.5,0,26.654573,-0.16419753,0,-26.439557,0.0011226174,0
0.5,0,26.660645,-0.1817255,0,-26.430329,0.0010633561,0
0.5,0,26.667529,-0.19769511,0,-26.4211,0.00099844564,0
0.5,0,26.674808,-0.21234575,0,-26.411872,0.0009281828,0
0.5,0,26.682291,-0.22605786,0,-26.402644,0.00085292863,0
0.5,0,26.690126,-0.23891625,0,-26.393415,0.0007731157,0
0.5,0,26.698695,-0.25053276,0,-26.384187,0.00068921977,0
0.5,0,26.70842,-0.26041581,0,-26.374958,0.00060173074,0
0.5,0,26.719675,-0.26852041,0,-26.36573,0.00051114051,0
0.5,0,26.732785,-0.27535547,0,-26.356501,0.00041793984,0
0.5,0,26.748195,-0.281311,0,-26.347273,0.00032261494,0
0.5,0,26.766147,-0.2859394,0,-26.338044,0.00022568241,0
0.5,0,26.788063,-0.28933612,0,-26.328816,0.00012774505,0
0.5,0,26.816288,-0.29330396,0,-26.319587,2.9388754e-05,0
0.5,0,26.789339,0.32488502,0,-25.978134,1.0542099e-05,0
0.5,0,26.751644,0.31383833,0,-25.968906,0.00011591519,0
0.5,0,26.726587,0.31105183,0,-25.959677,0.00022181877,0
0.5,0,26.706857,0.30902522,0,-25.950449,0.00032748994,0
0.5,0,26.687806,0.30571551,0,-25.94122,0.00043226696,0
0.5,0,26.668075,0.29954699,0,-25.931992,0.00053569272,0
0.5,0,26.649257,0.29154167,0,-25.922763,0.00063726127,0
0.5,0,26.632003,0.28252784,0,-25.913535,0.00073635051,0
0.5,0,26.615412,0.27192992,0,-25.904306,0.00083237592,0
0.5,0,26.598672,0.25981694,0,-25.895078,0.00092477441,0
0.5,0,26.581899,0.24698855,0,-25.885849,0.001012895,0
0.5,0,26.56576,0.23336703,0,-25.876621,0.0010960641,0
0.5,0,26.550743,0.21819177,0,-25.867392,0.0011737145,0
0.5,0,26.5368,0.20116977,0,-25.858164,0.0012453956,0
0.5,0,26.523722,0.18239517,0,-25.848935,0.0013107324,0
0.5,0,26.511685,0.16196902,0,-25.839707,0.0013694104,0
0.5,0,26.501166,0.14036247,0,-25.830479,0.0014211215,0
0.5,0,26.492361,0.11837398,0,-25.82125,0.0014654932,0
0.5,0,26.485007,0.096242747,0,-25.812022,0.0015021215,0
0.5,0,26.478772,0.073364301,0,-25.802793,0.0015306944,0
0.5,0,26.473598,0.049190402,0,-25.793565,0.0015510523,0
0.5,0,26.469568,0.024003905,0,-25.784336,0.0015631261,0
0.5,0,26.466646,-0.0013718804,0,-25.775108,0.0015668522,0
0.5,0,26.46468,-0.02627747,0,-25.765879,0.0015621513,0
0.5,0,26.463536,-0.050487089,0,-25.756651,0.0015489609,0
0.5,0,26.4632,-0.07409527,0,-25.747422,0.001527271,0
0.5,0,26.46378,-0.09737104,0,-25.738194,0.0014971547,0
0.5,0,26.465484,-0.12058337,0,-25.728965,0.0014587883,0
0.5,0,26.468603,-0.14373733,0,-25.719737,0.0014124476,0
0.5,0,26.47344,-0.16642475,0,-25.710508,0.0013584755,0
0.5,0,26.480157,-0.18798375,0,-25.70128,0.0012972341,0
0.5,0,26.488645,-0.20787097,0,-25.692052,0.0012290713,0
0.5,0,26.498544,-0.22598166,0,-25.682823,0.0011543256,0
0.5,0,26.509429,-0.24267396,0,-25.673595,0.0010733712,0
0.5,0,26.52108,-0.25840006,0,-25.664366,0.00098666042,0
0.5,0,26.533589,-0.27317588,0,-25.655138,0.00089472092,0
0.5,0,26.547247,-0.28643126,0,-25.645909,0.00079811454,0
0.5,0,26.562322,-0.29751606,0,-25.636681,0.0006974013,0
0.5,0,26.579039,-0.30637279,0,-25.627452,0.00059313015,0
0.5,0,26.59765,-0.313642,0,-25.618224,0.00048584522,0
0.5,0,26.618589,-0.31989651,0,-25.608995,0.00037608969,0
0.5,0,26.642045,-0.32476985,0,-25.599767,0.00026443916,0
0.5,0,26.669263,-0.32824918,0,-25.590538,0.00015156163,0
0.5,0,26.702463,-0.3324056,0,-25.58131,3.8118856e-05,0
0.5,0,26.766886,0.36065709,0,-25.2214,8.6402259e-05,0
0.5,0,26.740056,0.35535098,0,-25.212171,0.00020790097,0
0.5,0,26.719558,0.35294179,0,-25.202943,0.000329163,0
0.5,0,26.699885,0.34941553,0,-25.193714,0.00044939976,0
0.5,0,26.679493,0.34311073,0,-25.184486,0.00056804751,0
0.5,0,26.659719,0.33429644,0,-25.175257,0.00068457593,0
0.5,0,26.641598,0.32399263,0,-25.166029,0.0007983465,0
0.5,0,26.624574,0.31212304,0,-25.1568,0.00090869333,0
0.5,0,26.607822,0.29861886,0,-25.147572,0.0010149555,0
0.5,0,26.591295,0.28402871,0,-25.138344,0.0011164063,0
0.5,0,26.575529,0.2684047,0,-25.129115,0.0012122902,0
0.5,0,26.560949,0.25114237,0,-25.119887,0.0013019406,0
0.5,0,26.547503,0.2319246,0,-25.110658,0.0013848104,0
0.5,0,26.534992,0.21085416,0,-25.10143,0.001460435,0
0.5,0,26.523625,0.18804888,0,-25.092201,0.0015284094,0
0.5,0,26.514012,0.16381707,0,-25.082973,0.0015883508,0
0.5,0,26.506583,0.13875069,0,-25.073744,0.0016398428,0
0.5,0,26.501249,0.11309248,0,-25.064516,0.0016824577,0
0.5,0,26.497665,0.08639401,0,-25.055287,0.0017158616,0
0.5,0,26.495601,0.058208966,0,-25.046059,0.0017398736,0
0.5,0,26.494936,0.028861685,0,-25.03683,0.0017544057,0
0.5,0,26.495475,-0.00072885119,0,-25.027602,0.0017593656,0
0.5,0,26.496921,-0.029771323,0,-25.018373,0.0017546275,0
0.5,0,26.499009,-0.057987978,0,-25.009145,0.001740074,0
0.5,0,26.501644,-0.085508506,0,-24.999917,0.0017156539,0
0.5,0,26.504911,-0.11261352,0,-24.990688,0.0016814242,0
0.5,0,26.509021,-0.13949514,0,-24.98146,0.0016375694,0
0.5,0,26.514259,-0.16605357,0,-24.972231,0.0015843943,0
0.5,0,26.520932,-0.19186037,0,-24.963003,0.0015222915,0
0.5,0,26.529275,-0.2163596,0,-24.953774,0.0014516951,0
0.5,0,26.539366,-0.23915545,0,-24.944546,0.0013730433,0
0.5,0,26.551111,-0.26018827,0,-24.935317,0.0012867775,0
0.5,0,26.564345,-0.27969082,0,-24.926089,0.0011933778,0
0.5,0,26.578995,-0.29789345,0,-24.91686,0.0010934019,0
0.5,0,26.595158,-0.31463593,0,-24.907632,0.00098748324,0
0.5,0,26.613028,-0.32931612,0,-24.898403,0.00087629478,0
0.5,0,26.632765,-0.34141951,0,-24.889175,0.00076051229,0
0.5,0,26.654538,-0.35110425,0,-24.879946,0.00064079782,0
0.5,0,26.678593,-0.35917375,0,-24.870718,0.00051780338,0
0.5,0,26.70542,-0.36619773,0,-24.86149,0.00039218112,0
0.5,0,26.735194,-0.37171523,0,-24.852261,0.00026462651,0
0.5,0,26.769531,-0.37577451,0,-24.843033,0.00013592035,0
0.5,0,26.81014,-0.37946045,0,-24.833804,6.7602677e-06,0
0.5,0,26.899156,0.41130646,0,-24.473894,1.7494442e-05,0
0.5,0,26.86205,0.40070111,0,-24.464665,0.00015321845,0
0.5,0,26.836412,0.39807905,0,-24.455437,0.00028925356,0
0.5,0,26.814274,0.39555684,0,-24.446209,0.00042464713,0
0.5,0,26.791517,0.39119826,0,-24.43698,0.00055865717,0
0.5,0,26.767366,0.3833946,0,-24.427752,0.00069073417,0
0.5,0,26.743636,0.37342307,0,-24.418523,0.00082024304,0
0.5,0,26.720913,0.36216943,0,-24.409295,0.00094640745,0
0.5,0,26.69822,0.34901951,0,-24.400066,0.0010684745,0
0.5,0,26.674644,0.33397257,0,-24.390838,0.0011857013,0
0.5,0,26.650148,0.3175693,0,-24.381609,0.0012972662,0
0.5,0,26.625319,0.29944071,0,-24.372381,0.0014023544,0
0.5,0,26.600769,0.27883162,0,-24.363152,0.0015002729,0
0.5,0,26.576821,0.25572528,0,-24.353924,0.0015904331,0
0.5,0,26.553794,0.23050906,0,-24.344695,0.0016723056,0
0.5,0,26.532393,0.203477,0,-24.335467,0.0017454192,0
0.5,0,26.513478,0.17514347,0,-24.326238,0.0018093273,0
0.5,0,26.497515,0.14614743,0,-24.31701,0.0018635647,0
0.5,0,26.484491,0.11652341,0,-24.307782,0.0019076984,0
0.5,0,26.474313,0.085736821,0,-24.298553,0.0019414306,0
0.5,0,26.467032,0.053657348,0,-24.289325,0.0019646133,0
0.5,0,26.462628,0.021030891,0,-24.280096,0.0019771599,0
0.5,0,26.460843,-0.01112656,0,-24.270868,0.0019789761,0
0.5,0,26.461251,-0.042262013,0,-24.261639,0.0019699755,0
0.5,0,26.463444,-0.072388704,0,-24.252411,0.001950136,0
0.5,0,26.467183,-0.10179061,0,-24.243182,0.0019195385,0
0.5,0,26.472382,-0.13075889,0,-24.233954,0.0018783815,0
0.5,0,26.479052,-0.15940637,0,-24.224725,0.0018269753,0
0.5,0,26.487273,-0.18751958,0,-24.215497,0.0017657201,0
0.5,0,26.497113,-0.21458877,0,-24.206268,0.0016950719,0
0.5,0,26.508523,-0.24007164,0,-24.19704,0.0016155063,0
0.5,0,26.521272,-0.26369714,0,-24.187811,0.0015274949,0
0.5,0,26.534995,-0.28558006,0,-24.178583,0.0014315098,0
0.5,0,26.549357,-0.30605526,0,-24.169355,0.0013280549,0
0.5,0,26.564236,-0.32530357,0,-24.160126,0.0012176873,0
0.5,0,26.579772,-0.34303699,0,-24.150898,0.0011010063,0
0.5,0,26.596262,-0.35862368,0,-24.141669,0.00097862918,0
0.5,0,26.614033,-0.37170362,0,-24.132441,0.00085118562,0
0.5,0,26.63347,-0.38264592,0,-24.123212,0.00071932327,0
0.5,0,26.655012,-0.39230486,0,-24.113984,0.00058370491,0
0.5,0,26.679275,-0.40107067,0,-24.104755,0.00044499589,0
0.5,0,26.70631,-0.40814499,0,-24.095527,0.00030389564,0
0.5,0,26.73753,-0.41328907,0,-24.086298,0.00016120313,0
0.5,0,26.774644,-0.41790727,0,-24.07707,1.7687913e-05,0
0.5,0,26.742725,0.46177198,0,-23.71716,7.6817882e-05,0
0.5,0,26.707336,0.4558671,0,-23.707931,0.0002323077,0
0.5,0,26.67994,0.45455138,0,-23.698703,0.00038806259,0
0.5,0,26.654357,0.45184717,0,-23.689474,0.00054300226,0
0.5,0,26.628714,0.44596658,0,-23.680246,0.00069629912,0
0.5,0,26.604041,0.43649845,0,-23.671017,0.00084720382,0
0.5,0,26.581815,0.42456675,0,-23.661789,0.00099486125,0
0.5,0,26.561904,0.41041431,0,-23.65256,0.0011383678,0
0.5,0,26.54338,0.39386206,0,-23.643332,0.0012768614,0
0.5,0,26.525732,0.37539509,0,-23.634103,0.0014094638,0
0.5,0,26.509039,0.35526373,0,-23.624875,0.0015352673,0
0.5,0,26.493519,0.33293219,0,-23.615647,0.0016534318,0
0.5,0,26.479107,0.30799603,0,-23.606418,0.0017632325,0
0.5,0,26.465674,0.28066218,0,-23.59719,0.0018640294,0
0.5,0,26.4534,0.2513575,0,-23.587961,0.0019552549,0
0.5,0,26.442693,0.22063111,0,-23.578733,0.0020364087,0
0.5,0,26.433816,0.18917295,0,-23.569504,0.0021070225,0
0.5,0,26.426631,0.15728931,0,-23.560276,0.0021666614,0
0.5,0,26.420835,0.12459308,0,-23.551047,0.0022149888,0
0.5,0,26.416273,0.090660989,0,-23.541819,0.0022518037,0
0.5,0,26.412897,0.05583379,0,-23.53259,0.0022769877,0
0.5,0,26.410507,0.021085696,0,-23.523362,0.0022904277,0
0.5,0,26.408735,-0.012738418,0,-23.514133,0.0022920029,0
0.5,0,26.407204,-0.045381217,0,-23.504905,0.0022816313,0
0.5,0,26.40567,-0.077090872,0,-23.495676,0.0022593207,0
0.5,0,26.404117,-0.10832686,0,-23.486448,0.002225195,0
0.5,0,26.402726,-0.13948203,0,-23.47722,0.0021794946,0
0.5,0,26.401831,-0.17066148,0,-23.467991,0.0021225544,0
0.5,0,26.401864,-0.20156564,0,-23.458763,0.0020547665,0
0.5,0,26.403222,-0.23158181,0,-23.449534,0.0019765494,0
0.5,0,26.406126,-0.26010208,0,-23.440306,0.0018883355,0
0.5,0,26.410581,-0.28687285,0,-23.431077,0.0017905774,0
0.5,0,26.416508,-0.31206653,0,-23.421849,0.0016837613,0
0.5,0,26.423955,-0.33596124,0,-23.41262,0.0015684151,0
0.5,0,26.433231,-0.3585127,0,-23.403392,0.0014450959,0
0.5,0,26.444857,-0.37924127,0,-23.394163,0.0013143734,0
0.5,0,26.459405,-0.3975522,0,-23.384935,0.0011768395,0
0.5,0,26.477358,-0.41322398,0,-23.375706,0.0010331531,0
0.5,0,26.499083,-0.42662607,0,-23.366478,0.00088406934,0
0.5,0,26.524793,-0.43846583,0,-23.357249,0.00073041296,0
0.5,0,26.55463,-0.44917006,0,-23.348021,0.00057301338,0
0.5,0,26.588271,-0.45820883,0,-23.338793,0.00041268654,0
0.5,0,26.625902,-0.46485065,0,-23.329564,0.00025031375,0
0.5,0,26.668651,-0.47017424,0,-23.320336,8.6882143e-05,0
0.5,0,26.738982,0.52491251,0,-22.960425,3.7842838e-05,0
0.5,0,26.683164,0.5142569,0,-22.951197,0.00021298063,0
0.5,0,26.638213,0.51216564,0,-22.941968,0.00038853221,0
0.5,0,26.596317,0.50881104,0,-22.93274,0.0005632656,0
0.5,0,26.554877,0.50247491,0,-22.923512,0.00073620992,0
0.5,0,26.514285,0.49180458,0,-22.914283,0.00090658957,0
0.5,0,26.47685,0.47826539,0,-22.905055,0.001073532,0
0.5,0,26.443307,0.46270877,0,-22.895826,0.0012360459,0
0.5,0,26.412892,0.44470715,0,-22.886598,0.0013931918,0
0.5,0,26.384951,0.42462589,0,-22.877369,0.0015440472,0
0.5,0,26.35953,0.40313277,0,-22.868141,0.001687626,0
0.5,0,26.337023,0.3798041,0,-22.858912,0.0018229735,0
0.5,0,26.317626,0.35388745,0,-22.849684,0.0019492638,0
0.5,0,26.30116,0.32531504,0,-22.840455,0.0020657721,0
0.5,0,26.287461,0.29432839,0,-22.831227,0.0021718474,0
0.5,0,26.276692,0.26122278,0,-22.821998,0.0022669181,0
0.5,0,26.269061,0.22666491,0,-22.81277,0.0023504497,0
0.5,0,26.264388,0.19132533,0,-22.803541,0.0024219036,0
0.5,0,26.262198,0.15513799,0,-22.794313,0.002480791,0
0.5,0,26.26211,0.11758477,0,-22.785085,0.0025267511,0
0.5,0,26.263962,0.078687315,0,-22.775856,0.0025595381,0
0.5,0,26.267566,0.039235576,0,-22.766628,0.0025789448,0
0.5,0,26.272596,8.3556094e-05,0,-22.757399,0.0025847761,0
0.5,0,26.278714,-0.038424479,0,-22.748171,0.0025768913,0
0.5,0,26.285717,-0.076399285,0,-22.738942,0.0025552538,0
0.5,0,26.293604,-0.11410154,0,-22.729714,0.0025199513,0
0.5,0,26.302561,-0.15171647,0,-22.720485,0.0024711939,0
0.5,0,26.312917,-0.18919867,0,-22.711257,0.0024092979,0
0.5,0,26.325087,-0.22616537,0,-22.702028,0.0023346598,0
0.5,0,26.339466,-0.26194097,0,-22.6928,0.0022477311,0
0.5,0,26.356271,-0.29581442,0,-22.683571,0.002149007,0
0.5,0,26.375426,-0.32738864,0,-22.674343,0.002039031,0
0.5,0,26.396622,-0.35674338,0,-22.665114,0.0019184079,0
0.5,0,26.419525,-0.3842069,0,-22.655886,0.0017878129,0
0.5,0,26.443958,-0.4099019,0,-22.646658,0.0016479819,0
0.5,0,26.469941,-0.43350136,0,-22.637429,0.0014996855,0
0.5,0,26.497614,-0.45443516,0,-22.628201,0.0013437188,0
0.5,0,26.527134,-0.47237096,0,-22.618972,0.0011809277,0
0.5,0,26.558675,-0.48753181,0,-22.609744,0.0010122373,0
0.5,0,26.592405,-0.50052852,0,-22.600515,0.00083862716,0
0.5,0,26.62855,-0.51177929,0,-22.591287,0.00066106311,0
0.5,0,26.666997,-0.52082944,0,-22.582058,0.00048046241,0
0.5,0,26.707923,-0.52678526,0,-22.57283,0.00029776595,0
0.5,0,26.752357,-0.53030362,0,-22.563601,0.00011402857,0
0.5,0,26.574715,0.55059884,0,-22.194463,0.00010387704,0
0.5,0,26.541009,0.54268919,0,-22.185234,0.00029105492,0
0.5,0,26.515009,0.53802998,0,-22.176006,0.00047738338,0
0.5,0,26.491157,0.53118737,0,-22.166777,0.00066169931,0
0.5,0,26.468082,0.52061804,0,-22.157549,0.00084312937,0
0.5,0,26.446913,0.50658953,0,-22.14832,0.0010208512,0
0.5,0,26.42853,0.49035007,0,-22.139092,0.0011939324,0
0.5,0,26.412191,0.47198779,0,-22.129863,0.0013614203,0
0.5,0,26.396711,0.45142973,0,-22.120635,0.0015223986,0
0.5,0,26.381592,0.42919936,0,-22.111406,0.0016759143,0
0.5,0,26.367065,0.4053399,0,-22.102178,0.0018209955,0
0.5,0,26.353531,0.37923022,0,-22.09295,0.0019567579,0
0.5,0,26.341113,0.3505466,0,-22.083721,0.0020824318,0
0.5,0,26.329763,0.31941783,0,-22.074493,0.0021973304,0
0.5,0,26.319669,0.28602282,0,-22.065264,0.002300842,0
0.5,0,26.311288,0.25072042,0,-22.056036,0.0023924059,0
0.5,0,26.304956,0.21409607,0,-22.046807,0.0024714631,0
0.5,0,26.300696,0.17640567,0,-22.037579,0.0025374679,0
0.5,0,26.298436,0.13737798,0,-22.02835,0.0025899656,0
0.5,0,26.298228,0.096871864,0,-22.019122,0.00262863,0
0.5,0,26.300148,0.055403592,0,-22.009893,0.002653215,0
0.5,0,26.304098,0.013805725,0,-22.000665,0.0026634993,0
0.5,0,26.309878,-0.02739879,0,-21.991436,0.0026592931,0
0.5,0,26.31732,-0.068157932,0,-21.982208,0.002640483,0
0.5,0,26.326359,-0.10865842,0,-21.972979,0.0026070675,0
0.5,0,26.337075,-0.14907668,0,-21.963751,0.0025591726,0
0.5,0,26.34964,-0.18942085,0,-21.954523,0.0024970532,0
0.5,0,26.364274,-0.2294242,0,-21.945294,0.0024210837,0
0.5,0,26.381202,-0.26854003,0,-21.936066,0.002331741,0
0.5,0,26.400547,-0.30611031,0,-21.926837,0.0022295811,0
0.5,0,26.42223,-0.34163202,0,-21.917609,0.0021152143,0
0.5,0,26.445939,-0.37491356,0,-21.90838,0.0019892912,0
0.5,0,26.471207,-0.40597104,0,-21.899152,0.0018525059,0
0.5,0,26.497557,-0.43472779,0,-21.889923,0.0017056058,0
0.5,0,26.524593,-0.4607688,0,-21.880695,0.0015493913,0
0.5,0,26.552004,-0.48343956,0,-21.871466,0.0013847149,0
0.5,0,26.579539,-0.50234891,0,-21.862238,0.0012124982,0
0.5,0,26.607087,-0.51781929,0,-21.853009,0.001033745,0
0.5,0,26.634721,-0.53076378,0,-21.843781,0.00084951976,0
0.5,0,26.66287,-0.54187816,0,-21.834552,0.00066089556,0
0.5,0,26.691581,-0.5506821,0,-21.825324,0.00046893926,0
0.5,0,26.721834,-0.55646919,0,-21.816096,0.00027477832,0
0.5,0,26.755175,-0.56011858,0,-21.806867,7.9641815e-05,0
0.5,0,26.677203,0.57947564,0,-21.4285,0.00011423507,0
0.5,0,26.637789,0.5687489,0,-21.419271,0.0003093886,0
0.5,0,26.606192,0.55929098,0,-21.410043,0.00050262741,0
0.5,0,26.577888,0.54755101,0,-21.400815,0.00069271467,0
0.5,0,26.551608,0.53214145,0,-21.391586,0.00087874485,0
0.5,0,26.528611,0.51358713,0,-21.382358,0.0010598465,0
0.5,0,26.509654,0.49327386,0,-21.373129,0.0012350427,0
0.5,0,26.493728,0.47122277,0,-21.363901,0.0014033606,0
0.5,0,26.479408,0.44724743,0,-21.354672,0.0015638955,0
0.5,0,26.466042,0.42179694,0,-21.345444,0.0017157398,0
0.5,0,26.453786,0.39488662,0,-21.336215,0.0018580011,0
0.5,0,26.443002,0.36593046,0,-21.326987,0.0019899021,0
0.5,0,26.433753,0.3346644,0,-21.317758,0.0021107955,0
0.5,0,26.425929,0.3012258,0,-21.30853,0.0022201229,0
0.5,0,26.419704,0.265751,0,-21.299301,0.0023173996,0
0.5,0,26.415575,0.22857613,0,-21.290073,0.0024021842,0
0.5,0,26.413921,0.1903455,0,-21.280844,0.002474024,0
0.5,0,26.414745,0.15146763,0,-21.271616,0.0025324623,0
0.5,0,26.417883,0.11185107,0,-21.262387,0.0025771153,0
0.5,0,26.423222,0.071426177,0,-21.253159,0.0026077143,0
0.5,0,26.430467,0.030574755,0,-21.243931,0.002624069,0
0.5,0,26.439361,-0.010157254,0,-21.234702,0.0026260263,0
0.5,0,26.449742,-0.050525096,0,-21.225474,0.0026134789,0
0.5,0,26.461372,-0.090629313,0,-21.216245,0.0025864004,0
0.5,0,26.474207,-0.13066485,0,-21.207017,0.0025448674,0
0.5,0,26.488372,-0.17072979,0,-21.197788,0.0024890687,0
0.5,0,26.504088,-0.21074029,0,-21.18856,0.0024193092,0
0.5,0,26.521614,-0.25036734,0,-21.179331,0.0023360069,0
0.5,0,26.541192,-0.28905162,0,-21.170103,0.0022396744,0
0.5,0,26.562965,-0.32614854,0,-21.160874,0.0021308823,0
0.5,0,26.586908,-0.36112098,0,-21.151646,0.0020102224,0
0.5,0,26.612788,-0.39366412,0,-21.142417,0.0018782984,0
0.5,0,26.640229,-0.4236849,0,-21.133189,0.0017357552,0
0.5,0,26.668833,-0.45111002,0,-21.12396,0.0015833197,0
0.5,0,26.698281,-0.47566589,0,-21.114732,0.0014218253,0
0.5,0,26.728349,-0.4969614,0,-21.105504,0.0012522141,0
0.5,0,26.758939,-0.51492711,0,-21.096275,0.001075526,0
0.5,0,26.790147,-0.5300963,0,-21.087047,0.0008928687,0
0.5,0,26.822456,-0.5432005,0,-21.077818,0.00070537209,0
0.5,0,26.856357,-0.55418412,0,-21.06859,0.00051415948,0
0.5,0,26.892763,-0.56214971,0,-21.059361,0.00032038281,0
0.5,0,26.933232,-0.56692332,0,-21.050133,0.00012527028,0
0.5,0,26.937639,0.59112973,0,-20.662537,0.0001500651,0
0.5,0,26.900739,0.58180055,0,-20.653309,0.00034730146,0
0.5,0,26.870957,0.57141332,0,-20.64408,0.00054216431,0
0.5,0,26.844277,0.55830738,0,-20.634852,0.00073343058,0
0.5,0,26.819677,0.54103313,0,-20.625623,0.00092018043,0
0.5,0,26.798891,0.5206362,0,-20.616395,0.0011014879,0
0.5,0,26.782554,0.49841554,0,-20.607166,0.0012763362,0
0.5,0,26.769378,0.47411604,0,-20.597938,0.0014437684,0
0.5,0,26.757779,0.44771143,0,-20.588709,0.0016029111,0
0.5,0,26.747011,0.41985766,0,-20.579481,0.0017528804,0
0.5,0,26.737187,0.39056004,0,-20.570252,0.0018928229,0
0.5,0,26.728639,0.35931891,0,-20.561024,0.0020220143,0
0.5,0,26.721312,0.3261125,0,-20.551796,0.0021398492,0
0.5,0,26.714981,0.29118612,0,-20.542567,0.0022457999,0
0.5,0,26.709766,0.25462469,0,-20.533339,0.0023394167,0
0.5,0,26.706127,0.21674381,0,-20.52411,0.0024202955,0
0.5,0,26.704369,0.17817892,0,-20.514882,0.0024880176,0
0.5,0,26.704391,0.13919923,0,-20.505653,0.0025421692,0
0.5,0,26.705941,0.099484843,0,-20.496425,0.002582432,0
0.5,0,26.708906,0.058814359,0,-20.487196,0.0026086186,0
0.5,0,26.713208,0.01754915,0,-20.477968,0.0026206174,0
0.5,0,26.718726,-0.023717344,0,-20.468739,0.0026183383,0
0.5,0,26.725261,-0.064667763,0,-20.459511,0.0026017169,0
0.5,0,26.732593,-0.1053031,0,-20.450282,0.0025707495,0
0.5,0,26.740657,-0.14570876,0,-20.441054,0.0025255168,0
0.5,0,26.749473,-0.18589998,0,-20.431825,0.0024662002,0
0.5,0,26.759064,-0.22575111,0,-20.422597,0.0023930964,0
0.5,0,26.76939,-0.2649256,0,-20.413369,0.0023066244,0
0.5,0,26.780298,-0.30288875,0,-20.40414,0.0022073112,0
0.5,0,26.791475,-0.3390504,0,-20.394912,0.002095755,0
0.5,0,26.802443,-0.3729421,0,-20.385683,0.0019725866,0
0.5,0,26.812604,-0.40432003,0,-20.376455,0.0018384624,0
0.5,0,26.821406,-0.43311808,0,-20.367226,0.0016940954,0
0.5,0,26.828548,-0.45922464,0,-20.357998,0.0015402952,0
0.5,0,26.834109,-0.48227085,0,-20.348769,0.0013779815,0
0.5,0,26.838545,-0.5017898,0,-20.339541,0.0012081731,0
0.5,0,26.842668,-0.51770128,0,-20.330312,0.0010319629,0
0.5,0,26.847593,-0.53056231,0,-20.321084,0.00085048685,0
0.5,0,26.854844,-0.54106785,0,-20.311855,0.00066488944,0
0.5,0,26.865678,-0.54903404,0,-20.302627,0.00047631209,0
0.5,0,26.881951,-0.55373398,0,-20.293398,0.00028593922,0
0.5,0,26.905751,-0.55530971,0,-20.28417,9.5030587e-05,0
0.5,0,27.030814,0.5707919,0,-19.905803,6.0046719e-05,0
0.5,0,26.98666,0.5589845,0,-19.896574,0.00024634995,0
0.5,0,26.951556,0.5492998,0,-19.887346,0.00043104908,0
0.5,0,26.919735,0.53765029,0,-19.878117,0.00061271117,0
0.5,0,26.888201,0.52262912,0,-19.868889,0.00079038026,0
0.5,0,26.857143,0.50356447,0,-19.859661,0.00096323461,0
0.5,0,26.827977,0.48212542,0,-19.850432,0.001130378,0
0.5,0,26.800344,0.459094,0,-19.841204,0.0012908488,0
0.5,0,26.772507,0.43406752,0,-19.831975,0.0014437586,0
0.5,0,26.742985,0.40731528,0,-19.822747,0.0015882648,0
0.5,0,26.711334,0.37939305,0,-19.813518,0.0017235172,0
0.5,0,26.677889,0.35007132,0,-19.80429,0.0018487492,0
0.5,0,26.643097,0.3189703,0,-19.795061,0.0019633496,0
0.5,0,26.607242,0.28623827,0,-19.785833,0.002066823,0
0.5,0,26.570854,0.2521015,0,-19.776604,0.0021587476,0
0.5,0,26.535115,0.216693,0,-19.767376,0.0022387624,0
0.5,0,26.501573,0.1804599,0,-19.758147,0.0023065188,0
0.5,0,26.471547,0.14395137,0,-19.748919,0.0023616483,0
0.5,0,26.445928,0.10718529,0,-19.73969,0.0024038203,0
0.5,0,26.425376,0.069789723,0,-19.730462,0.002432822,0
0.5,0,26.410367,0.031722758,0,-19.721234,0.002448549,0
0.5,0,26.40105,-0.0065645232,0,-19.712005,0.0024509333,0
0.5,0,26.397151,-0.044621339,0,-19.702777,0.0024399089,0
0.5,0,26.398048,-0.08233412,0,-19.693548,0.0024154348,0
0.5,0,26.403057,-0.11979244,0,-19.68432,0.0023775298,0
0.5,0,26.411566,-0.15705912,0,-19.675091,0.002326293,0
0.5,0,26.423069,-0.19409287,0,-19.665863,0.0022619222,0
0.5,0,26.437168,-0.23072973,0,-19.656634,0.0021847314,0
0.5,0,26.453593,-0.26667696,0,-19.647406,0.0020951506,0
0.5,0,26.472196,-0.30155926,0,-19.638177,0.0019936961,0
0.5,0,26.492899,-0.33498702,0,-19.628949,0.0018809261,0
0.5,0,26.515617,-0.36661916,0,-19.61972,0.0017574153,0
0.5,0,26.540231,-0.39621158,0,-19.610492,0.0016237715,0
0.5,0,26.566652,-0.42355659,0,-19.601263,0.0014806785,0
0.5,0,26.594893,-0.44829752,0,-19.592035,0.0013289281,0
0.5,0,26.62507,-0.4699149,0,-19.582807,0.0011694193,0
0.5,0,26.657375,-0.4880844,0,-19.573578,0.0010031304,0
0.5,0,26.69205,-0.50306253,0,-19.56435,0.0008310887,0
0.5,0,26.729583,-0.51549218,0,-19.555121,0.00065435262,0
0.5,0,26.770328,-0.52549765,0,-19.545893,0.0004740165,0
0.5,0,26.815179,-0.53258334,0,-19.536664,0.00029125275,0
0.5,0,26.865447,-0.53679826,0,-19.527436,0.00010732274,0
0.5,0,26.93639,0.53223773,0,-19.149069,4.8369518e-05,0
0.5,0,26.880587,0.51841958,0,-19.13984,0.00022194106,0
0.5,0,26.834315,0.50800977,0,-19.130612,0.00039362652,0
0.5,0,26.791984,0.49617393,0,-19.121383,0.00056210969,0
0.5,0,26.750912,0.48162806,0,-19.112155,0.00072649742,0
0.5,0,26.711541,0.4633981,0,-19.102926,0.00088605652,0
0.5,0,26.67583,0.44292889,0,-19.093698,0.0010399734,0
0.5,0,26.643975,0.42095367,0,-19.084469,0.0011873381,0
0.5,0,26.614624,0.39700974,0,-19.075241,0.0013272965,0
0.5,0,26.586623,0.37137069,0,-19.066012,0.0014590411,0
0.5,0,26.559839,0.34471906,0,-19.056784,0.0015817607,0
0.5,0,26.534849,0.31686871,0,-19.047555,0.0016947277,0
0.5,0,26.51219,0.28728298,0,-19.038327,0.0017973686,0
0.5,0,26.492018,0.25589557,0,-19.029099,0.0018892106,0
0.5,0,26.47448,0.22279878,0,-19.01987,0.0019698241,0
0.5,0,26.460139,0.18808716,0,-19.010642,0.0020388155,0
0.5,0,26.449703,0.15227348,0,-19.001413,0.0020958041,0
0.5,0,26.443447,0.11607049,0,-18.992185,0.0021404093,0
0.5,0,26.441093,0.079654093,0,-18.982956,0.0021723141,0
0.5,0,26.442166,0.042689676,0,-18.973728,0.0021913396,0
0.5,0,26.446268,0.0050807342,0,-18.964499,0.0021974279,0
0.5,0,26.453037,-0.032746179,0,-18.955271,0.0021905642,0
0.5,0,26.462026,-0.070292669,0,-18.946042,0.0021707387,0
0.5,0,26.472801,-0.10735189,0,-18.936814,0.0021379775,0
0.5,0,26.485089,-0.14386839,0,-18.927585,0.0020923894,0
0.5,0,26.498766,-0.17969411,0,-18.918357,0.0020341955,0
0.5,0,26.513798,-0.21458381,0,-18.909128,0.0019637454,0
0.5,0,26.530231,-0.24832367,0,-18.8999,0.0018815167,0
0.5,0,26.548245,-0.28077923,0,-18.890672,0.0017880846,0
0.5,0,26.568116,-0.31180807,0,-18.881443,0.001684073,0
0.5,0,26.590215,-0.34114599,0,-18.872215,0.0015701185,0
0.5,0,26.614764,-0.36840862,0,-18.862986,0.0014468686,0
0.5,0,26.641601,-0.39319194,0,-18.853758,0.0013150153,0
0.5,0,26.670285,-0.41514597,0,-18.844529,0.0011753376,0
0.5,0,26.700308,-0.43402402,0,-18.835301,0.0010287141,0
0.5,0,26.731357,-0.44973693,0,-18.826072,0.00087607554,0
0.5,0,26.763385,-0.46247042,0,-18.816844,0.00071833774,0
0.5,0,26.796851,-0.47253443,0,-18.807615,0.00055637818,0
0.5,0,26.83202,-0.47977265,0,-18.798387,0.0003911101,0
0.5,0,26.870724,-0.48450478,0,-18.789158,0.00022360817,0
0.5,0,26.915351,-0.48766391,0,-18.77993,5.5047738e-05,0
0.5,0,26.72711,0.51131994,0,-18.401563,5.98418e-05,0
0.5,0,26.679354,0.49586766,0,-18.392334,0.00022675478,0
0.5,0,26.642837,0.48429707,0,-18.383106,0.000391339,0
0.5,0,26.612111,0.47140818,0,-18.373877,0.00055230601,0
0.5,0,26.584724,0.45595278,0,-18.364649,0.00070874765,0
0.5,0,26.561076,0.43711708,0,-18.35542,0.00085993059,0
0.5,0,26.542677,0.41613129,0,-18.346192,0.0010050734,0
0.5,0,26.529105,0.3934665,0,-18.336964,0.0011433542,0
0.5,0,26.518362,0.3687592,0,-18.327735,0.0012740398,0
0.5,0,26.508644,0.34256821,0,-18.318507,0.0013964483,0
0.5,0,26.499181,0.31578924,0,-18.309278,0.001509894,0
0.5,0,26.489945,0.28838261,0,-18.30005,0.00161377,0
0.5,0,26.480947,0.25988953,0,-18.290821,0.0017076123,0
0.5,0,26.472015,0.23018874,0,-18.281593,0.0017910491,0
0.5,0,26.463287,0.19925319,0,-18.272364,0.0018637534,0
0.5,0,26.455563,0.16711331,0,-18.263136,0.0019254332,0
0.5,0,26.449875,0.13424754,0,-18.253907,0.0019758015,0
0.5,0,26.446726,0.10126175,0,-18.244679,0.0020145599,0
0.5,0,26.445931,0.06814176,0,-18.23545,0.0020414565,0
0.5,0,26.447049,0.034357295,0,-18.226222,0.0020563492,0
0.5,0,26.449792,-0.00032223322,0,-18.216993,0.002059177,0
0.5,0,26.454021,-0.035525494,0,-18.207765,0.002049876,0
0.5,0,26.459597,-0.070748496,0,-18.198537,0.0020283455,0
0.5,0,26.466431,-0.10575435,0,-18.189308,0.0019944908,0
0.5,0,26.47456,-0.14048777,0,-18.18008,0.0019482902,0
0.5,0,26.484136,-0.17489495,0,-18.170851,0.0018898425,0
0.5,0,26.495366,-0.20893367,0,-18.161623,0.0018193885,0
0.5,0,26.508497,-0.24260601,0,-18.152394,0.0017373015,0
0.5,0,26.523833,-0.27583974,0,-18.143166,0.0016440469,0
0.5,0,26.541684,-0.30831692,0,-18.133937,0.0015401361,0
0.5,0,26.562226,-0.33943993,0,-18.124709,0.0014261042,0
0.5,0,26.585342,-0.36848669,0,-18.11548,0.0013025295,0
0.5,0,26.61058,-0.39486051,0,-18.106252,0.001170087,0
0.5,0,26.637303,-0.41828545,0,-18.097023,0.0010295983,0
0.5,0,26.664995,-0.43877136,0,-18.087795,0.00088202493,0
0.5,0,26.693423,-0.45640227,0,-18.078566,0.0007283945,0
0.5,0,26.722848,-0.47102434,0,-18.069338,0.00056971841,0
0.5,0,26.753379,-0.4819266,0,-18.06011,0.00040700087,0
0.5,0,26.786311,-0.488809,0,-18.050881,0.00024135812,0
0.5,0,26.823401,-0.49264155,0,-18.041653,7.4059697e-05,0
0.5,0,26.653434,0.50507789,0,-17.663285,0.00010502806,0
0.5,0,26.618557,0.49711684,0,-17.654057,0.00027248474,0
0.5,0,26.591298,0.49029803,0,-17.644829,0.00043859486,0
0.5,0,26.567126,0.48151708,0,-17.6356,0.00060209786,0
0.5,0,26.54461,0.46930657,0,-17.626372,0.00076201026,0
0.5,0,26.525129,0.45375752,0,-17.617143,0.00091740437,0
0.5,0,26.509898,0.43570112,0,-17.607915,0.0010672858,0
0.5,0,26.4984,0.41483174,0,-17.598686,0.0012106861,0
0.5,0,26.489412,0.39088726,0,-17.589458,0.0013467196,0
0.5,0,26.482166,0.36457138,0,-17.580229,0.0014745129,0
0.5,0,26.476497,0.3364771,0,-17.571001,0.0015932106,0
0.5,0,26.472331,0.30657992,0,-17.561772,0.0017020709,0
0.5,0,26.469252,0.27491755,0,-17.552544,0.0018004876,0
0.5,0,26.466667,0.24176054,0,-17.543315,0.001887947,0
0.5,0,26.464369,0.2073196,0,-17.534087,0.001964006,0
0.5,0,26.462702,0.1719527,0,-17.524858,0.0020282774,0
0.5,0,26.462122,0.1363151,0,-17.51563,0.002080405,0
0.5,0,26.462797,0.1008217,0,-17.506402,0.0021200918,0
0.5,0,26.464697,0.065262956,0,-17.497173,0.0021471785,0
0.5,0,26.467835,0.029280474,0,-17.487945,0.002161669,0
0.5,0,26.47232,-0.0069978285,0,-17.478716,0.0021636573,0
0.5,0,26.478148,-0.043009446,0,-17.469488,0.0021532354,0
0.5,0,26.485085,-0.07825197,0,-17.460259,0.0021304662,0
0.5,0,26.492847,-0.11252098,0,-17.451031,0.0020954185,0
0.5,0,26.501254,-0.14580265,0,-17.441802,0.0020482187,0
0.5,0,26.510294,-0.17814745,0,-17.432574,0.0019890946,0
0.5,0,26.52013,-0.20963599,0,-17.423345,0.0019184043,0
0.5,0,26.531077,-0.24035281,0,-17.414117,0.001836627,0
0.5,0,26.543562,-0.27030405,0,-17.404888,0.0017443097,0
0.5,0,26.558,-0.29930982,0,-17.39566,0.001641999,0
0.5,0,26.574604,-0.3269971,0,-17.386431,0.0015302048,0
0.5,0,26.593249,-0.35296053,0,-17.377203,0.0014094233,0
0.5,0,26.613508,-0.37693046,0,-17.367975,0.0012802011,0
0.5,0,26.634879,-0.39877592,0,-17.358746,0.0011431977,0
0.5,0,26.657041,-0.41845368,0,-17.349518,0.00099919128,0
0.5,0,26.680069,-0.43599981,0,-17.340289,0.00084901393,0
0.5,0,26.704414,-0.45158308,0,-17.331061,0.00069347116,0
0.5,0,26.731067,-0.46520271,0,-17.321832,0.00053332027,0
0.5,0,26.760622,-0.47609009,0,-17.312604,0.00036935959,0
0.5,0,26.795319,-0.48426017,0,-17.303375,0.00020255973,0
0.5,0,26.837574,-0.49053752,0,-17.294147,3.3953026e-05,0
0.5,0,26.720289,0.53462429,0,-16.925008,3.0656758e-05,0
0.5,0,26.675834,0.52100802,0,-16.91578,0.00020697808,0
0.5,0,26.643337,0.51374035,0,-16.906551,0.0003825561,0
0.5,0,26.616124,0.50546623,0,-16.897323,0.00055608343,0
0.5,0,26.591121,0.49502892,0,-16.888094,0.00072652325,0
0.5,0,26.568288,0.48108372,0,-16.878866,0.0008930438,0
0.5,0,26.549679,0.46487817,0,-16.869637,0.001054771,0
0.5,0,26.535774,0.4470118,0,-16.860409,0.0012107573,0
0.5,0,26.525349,0.42667445,0,-16.85118,0.001360142,0
0.5,0,26.517149,0.40390813,0,-16.841952,0.0015021193,0
0.5,0,26.510713,0.37945093,0,-16.832723,0.0016358381,0
0.5,0,26.506104,0.35322778,0,-16.823495,0.0017604782,0
0.5,0,26.503257,0.32478782,0,-16.814267,0.0018753495,0
0.5,0,26.501701,0.2942369,0,-16.805038,0.00197986,0
0.5,0,26.500998,0.26188392,0,-16.79581,0.0020734675,0
0.5,0,26.501265,0.22793594,0,-16.786581,0.0021556712,0
0.5,0,26.502992,0.19287069,0,-16.777353,0.0022259816,0
0.5,0,26.506459,0.15725719,0,-16.768124,0.0022839042,0
0.5,0,26.511555,0.12106713,0,-16.758896,0.0023290141,0
0.5,0,26.518051,0.083794953,0,-16.749667,0.0023610529,0
0.5,0,26.525775,0.045320694,0,-16.740439,0.0023799156,0
0.5,0,26.534543,0.0062254979,0,-16.73121,0.0023855494,0
0.5,0,26.544106,-0.032741731,0,-16.721982,0.0023778829,0
0.5,0,26.554254,-0.071186375,0,-16.712753,0.0023568367,0
0.5,0,26.565015,-0.10907888,0,-16.703525,0.0023223701,0
0.5,0,26.57671,-0.14654432,0,-16.694296,0.0022745273,0
0.5,0,26.589846,-0.18371321,0,-16.685068,0.002213476,0
0.5,0,26.604982,-0.22059387,0,-16.67584,0.0021395321,0
0.5,0,26.622617,-0.25696874,0,-16.666611,0.0020531482,0
0.5,0,26.643093,-0.2924108,0,-16.657383,0.0019548607,0
0.5,0,26.666501,-0.32640503,0,-16.648154,0.0018452268,0
0.5,0,26.692619,-0.35850737,0,-16.638926,0.0017247941,0
0.5,0,26.720956,-0.38848142,0,-16.629697,0.0015941292,0
0.5,0,26.750928,-0.41626379,0,-16.620469,0.0014538805,0
0.5,0,26.782075,-0.44170309,0,-16.61124,0.0013048222,0
0.5,0,26.814138,-0.46440379,0,-16.602012,0.0011478426,0
0.5,0,26.847059,-0.48397191,0,-16.592783,0.00098388656,0
0.5,0,26.880908,-0.50043584,0,-16.583555,0.00081389813,0
0.5,0,26.916068,-0.51418232,0,-16.574326,0.00063880459,0
0.5,0,26.952728,-0.52516598,0,-16.565098,0.00045955996,0
0.5,0,26.991881,-0.53313623,0,-16.555869,0.00027723441,0
0.5,0,27.034904,-0.53834725,0,-16.546641,9.3035218e-05,0
0.5,0,26.847182,0.5818109,0,-16.159045,1.8111866e-05,0
0.5,0,26.801528,0.57000656,0,-16.149817,0.00021074435,0
0.5,0,26.767376,0.56398907,0,-16.140588,0.0004026641,0
0.5,0,26.738274,0.5563843,0,-16.13136,0.00059239262,0
0.5,0,26.710946,0.54567311,0,-16.122131,0.00077871545,0
0.5,0,26.685147,0.53023667,0,-16.112903,0.00096062302,0
0.5,0,26.662916,0.51137338,0,-16.103675,0.0011370527,0
0.5,0,26.644745,0.48989034,0,-16.094446,0.0013068388,0
0.5,0,26.62953,0.46503742,0,-16.085218,0.0014688947,0
0.5,0,26.616235,0.43693546,0,-16.075989,0.0016222022,0
0.5,0,26.604712,0.40654689,0,-16.066761,0.0017657129,0
0.5,0,26.595406,0.37405436,0,-16.057532,0.0018984275,0
0.5,0,26.588622,0.33919687,0,-16.048304,0.0020195036,0
0.5,0,26.584134,0.30214666,0,-16.039075,0.0021282337,0
0.5,0,26.581597,0.26311261,0,-16.029847,0.0022240112,0
0.5,0,26.581087,0.22212734,0,-16.020618,0.0023063371,0
0.5,0,26.58297,0.17964471,0,-16.01139,0.0023747879,0
0.5,0,26.587332,0.13650659,0,-16.002161,0.0024289748,0
0.5,0,26.59382,0.093184097,0,-15.992933,0.0024685921,0
0.5,0,26.601933,0.049679446,0,-15.983704,0.0024934997,0
0.5,0,26.611274,0.0061897275,0,-15.974476,0.002503715,0
0.5,0,26.621487,-0.036648138,0,-15.965248,0.0024993288,0
0.5,0,26.63208,-0.078236825,0,-15.956019,0.0024804507,0
0.5,0,26.642504,-0.11839897,0,-15.946791,0.0024472252,0
0.5,0,26.652298,-0.15723584,0,-15.937562,0.0023998723,0
0.5,0,26.661099,-0.19484736,0,-15.928334,0.0023387171,0
0.5,0,26.66858,-0.23122601,0,-15.919105,0.002264209,0
0.5,0,26.674384,-0.26626277,0,-15.909877,0.0021769279,0
0.5,0,26.678134,-0.29977992,0,-15.900648,0.0020775548,0
0.5,0,26.679487,-0.33156509,0,-15.89142,0.0019668083,0
0.5,0,26.678172,-0.36138055,0,-15.882191,0.0018453813,0
0.5,0,26.67401,-0.38900215,0,-15.872963,0.001713919,0
0.5,0,26.666991,-0.41430771,0,-15.863734,0.0015730505,0
0.5,0,26.657434,-0.43724991,0,-15.854506,0.0014234481,0
0.5,0,26.646164,-0.45770521,0,-15.845277,0.0012658676,0
0.5,0,26.634528,-0.47553269,0,-15.836049,0.001101132,0
0.5,0,26.624359,-0.49085608,0,-15.826821,0.00093006714,0
0.5,0,26.617758,-0.50427681,0,-15.817592,0.00075345331,0
0.5,0,26.617139,-0.51638297,0,-15.808364,0.00057203929,0
0.5,0,26.624196,-0.52680866,0,-15.799135,0.00038664334,0
0.5,0,26.64217,-0.5358093,0,-15.789907,0.00019825439,0
0.5,0,26.67442,-0.54535989,0,-15.780678,7.8039626e-06,0
0.5,0,26.900241,0.55584646,0,-15.383854,6.0098175e-05,0
0.5,0,26.859673,0.54338285,0,-15.374626,0.00024794881,0
0.5,0,26.828956,0.53410762,0,-15.365397,0.00043386389,0
0.5,0,26.801928,0.52390492,0,-15.356169,0.00061661171,0
0.5,0,26.77578,0.51148606,0,-15.34694,0.00079536632,0
0.5,0,26.750598,0.49602644,0,-15.337712,0.00096938457,0
0.5,0,26.727178,0.47852682,0,-15.328483,0.0011378267,0
0.5,0,26.704791,0.45910737,0,-15.319255,0.0012997782,0
0.5,0,26.68217,0.43712959,0,-15.310026,0.0014543652,0
0.5,0,26.658738,0.41285149,0,-15.300798,0.0016007169,0
0.5,0,26.634691,0.38683178,0,-15.291569,0.0017379265,0
0.5,0,26.610404,0.35886566,0,-15.282341,0.0018651378,0
0.5,0,26.586009,0.32845167,0,-15.273113,0.0019816077,0
0.5,0,26.5615,0.29534785,0,-15.263884,0.0020866727,0
0.5,0,26.537184,0.25944116,0,-15.254656,0.0021797125,0
0.5,0,26.513794,0.22091686,0,-15.245427,0.0022601292,0
0.5,0,26.492063,0.18054729,0,-15.236199,0.0023273147,0
0.5,0,26.472337,0.13920138,0,-15.22697,0.0023806601,0
0.5,0,26.454686,0.097141958,0,-15.217742,0.0024196418,0
0.5,0,26.439256,0.054173349,0,-15.208513,0.0024438937,0
0.5,0,26.426344,0.010295241,0,-15.199285,0.0024531874,0
0.5,0,26.416303,-0.034105565,0,-15.190056,0.0024473688,0
0.5,0,26.409351,-0.078557891,0,-15.180828,0.0024263352,0
0.5,0,26.405517,-0.1227254,0,-15.171599,0.0023900617,0
0.5,0,26.404748,-0.16634328,0,-15.162371,0.0023386424,0
0.5,0,26.406879,-0.20913737,0,-15.153142,0.0022723274,0
0.5,0,26.411664,-0.25085969,0,-15.143914,0.0021915461,0
0.5,0,26.418868,-0.29130259,0,-15.134686,0.0020968969,0
0.5,0,26.428346,-0.33019354,0,-15.125457,0.0019890949,0
0.5,0,26.440029,-0.3670532,0,-15.116229,0.0018689023,0
0.5,0,26.453796,-0.40121787,0,-15.107,0.0017370886,0
0.5,0,26.469379,-0.43208224,0,-15.097772,0.0015944415,0
0.5,0,26.486402,-0.45929814,0,-15.088543,0.0014418154,0
0.5,0,26.504529,-0.48273285,0,-15.079315,0.0012801821,0
0.5,0,26.523588,-0.50240738,0,-15.070086,0.0011106391,0
0.5,0,26.543635,-0.51856196,0,-15.060858,0.00093435367,0
0.5,0,26.564996,-0.53175761,0,-15.051629,0.00075248785,0
0.5,0,26.588339,-0.54248508,0,-15.042401,0.00056615909,0
0.5,0,26.61427,-0.55038422,0,-15.033172,0.00037650025,0
0.5,0,26.644964,-0.55541446,0,-15.023944,0.00018474102,0
0.5,0,26.714024,0.56845325,0,-14.617891,7.2936341e-05,0
0.5,0,26.670044,0.55036041,0,-14.608663,0.00026070297,0
0.5,0,26.636182,0.53407434,0,-14.599434,0.00044486252,0
0.5,0,26.606901,0.51599831,0,-14.590206,0.00062401318,0
0.5,0,26.579504,0.49512176,0,-14.580978,0.00079716729,0
0.5,0,26.554127,0.47099261,0,-14.571749,0.00096345931,0
0.5,0,26.531579,0.44478187,0,-14.562521,0.0011219839,0
0.5,0,26.511048,0.41675142,0,-14.553292,0.0012718504,0
0.5,0,26.490901,0.38658898,0,-14.544064,0.0014123036,0
0.5,0,26.47015,0.3549284,0,-14.534835,0.0015426778,0
0.5,0,26.448819,0.32261922,0,-14.525607,0.0016623467,0
0.5,0,26.427394,0.28968749,0,-14.516378,0.0017707851,0
0.5,0,26.406177,0.25586247,0,-14.50715,0.0018676012,0
0.5,0,26.385221,0.22113284,0,-14.497921,0.0019524858,0
0.5,0,26.364802,0.1855637,0,-14.488693,0.00202518,0
0.5,0,26.345631,0.1494049,0,-14.479464,0.0020854683,0
0.5,0,26.328418,0.11333634,0,-14.470236,0.0021331485,0
0.5,0,26.313395,0.077950923,0,-14.461007,0.0021680276,0
0.5,0,26.300388,0.043091002,0,-14.451779,0.0021899836,0
0.5,0,26.289253,0.0081218996,0,-14.442551,0.0021990164,0
0.5,0,26.280123,-0.027267972,0,-14.433322,0.0021952101,0
0.5,0,26.273191,-0.062840822,0,-14.424094,0.0021786533,0
0.5,0,26.268528,-0.098214855,0,-14.414865,0.0021494043,0
0.5,0,26.266147,-0.13314928,0,-14.405637,0.0021075182,0
0.5,0,26.266038,-0.16749308,0,-14.396408,0.0020530958,0
0.5,0,26.268196,-0.20116288,0,-14.38718,0.0019863276,0
0.5,0,26.272655,-0.23425125,0,-14.377951,0.0019075168,0
0.5,0,26.27958,-0.26700193,0,-14.368723,0.001817068,0
0.5,0,26.289348,-0.29953804,0,-14.359494,0.0017154402,0
0.5,0,26.302469,-0.33158718,0,-14.350266,0.0016030971,0
0.5,0,26.319374,-0.36248097,0,-14.341037,0.0014804865,0
0.5,0,26.340182,-0.39142298,0,-14.331809,0.0013480652,0
0.5,0,26.364642,-0.41783648,0,-14.32258,0.001206365,0
0.5,0,26.392256,-0.44162828,0,-14.313352,0.0010560529,0
0.5,0,26.422605,-0.46314175,0,-14.304124,0.00089793031,0
0.5,0,26.455474,-0.48287217,0,-14.294895,0.00073287303,0
0.5,0,26.491187,-0.50089745,0,-14.285667,0.00056177345,0
0.5,0,26.529695,-0.5163248,0,-14.276438,0.00038558471,0
0.5,0,26.572966,-0.52908562,0,-14.26721,0.00020543599,0
0.5,0,26.623445,-0.54032802,0,-14.257981,2.2500637e-05,0
0.5,0,26.716673,0.53191947,0,-13.861157,0.00011890607,0
0.5,0,26.671135,0.52396296,0,-13.851929,0.00029740057,0
0.5,0,26.631878,0.51582381,0,-13.8427,0.00047372981,0
0.5,0,26.594506,0.50559918,0,-13.833472,0.00064667062,0
0.5,0,26.557534,0.49153491,0,-13.824243,0.00081525122,0
0.5,0,26.522167,0.47370668,0,-13.815015,0.00097847208,0
0.5,0,26.48906,0.45290246,0,-13.805786,0.0011352197,0
0.5,0,26.45737,0.42888685,0,-13.796558,0.0012843943,0
0.5,0,26.426139,0.40166258,0,-13.787329,0.0014249744,0
0.5,0,26.395305,0.37200595,0,-13.778101,0.0015559601,0
0.5,0,26.365592,0.3402462,0,-13.768872,0.0016763949,0
0.5,0,26.337877,0.30606342,0,-13.759644,0.0017854429,0
0.5,0,26.31277,0.26934651,0,-13.750416,0.0018823828,0
0.5,0,26.29074,0.23034053,0,-13.741187,0.0019665703,0
0.5,0,26.272425,0.18941815,0,-13.731959,0.0020374435,0
0.5,0,26.258489,0.14727434,0,-13.72273,0.0020945241,0
0.5,0,26.249155,0.10481857,0,-13.713502,0.0021373992,0
0.5,0,26.244098,0.062467482,0,-13.704273,0.0021657512,0
0.5,0,26.242808,0.019916819,0,-13.695045,0.0021794245,0
0.5,0,26.245023,-0.02316179,0,-13.685816,0.0021784386,0
0.5,0,26.250668,-0.066490598,0,-13.676588,0.0021629202,0
0.5,0,26.259612,-0.10934395,0,-13.667359,0.0021330365,0
0.5,0,26.271643,-0.15100072,0,-13.658131,0.0020889933,0
0.5,0,26.286465,-0.19091748,0,-13.648902,0.0020310766,0
0.5,0,26.303717,-0.22874503,0,-13.639674,0.0019596942,0
0.5,0,26.323015,-0.2644116,0,-13.630445,0.0018753924,0
0.5,0,26.34406,-0.29812684,0,-13.621217,0.0017788436,0
0.5,0,26.36676,-0.33014375,0,-13.611989,0.0016708085,0
0.5,0,26.391219,-0.36044811,0,-13.60276,0.0015520894,0
0.5,0,26.417586,-0.38863965,0,-13.593532,0.0014234954,0
0.5,0,26.445847,-0.41407017,0,-13.584303,0.0012858374,0
0.5,0,26.475698,-0.43618286,0,-13.575075,0.0011399558,0
0.5,0,26.506612,-0.45490042,0,-13.565846,0.00098674889,0
0.5,0,26.538204,-0.4707202,0,-13.556618,0.0008271569,0
0.5,0,26.570538,-0.4843375,0,-13.547389,0.00066210082,0
0.5,0,26.603968,-0.49587043,0,-13.538161,0.00049244085,0
0.5,0,26.639275,-0.50471033,0,-13.528932,0.00031904797,0
0.5,0,26.678309,-0.51140843,0,-13.519704,0.00014289188,0
0.5,0,26.742826,0.56749971,0,-13.12288,7.920258e-05,0
0.5,0,26.700041,0.55223842,0,-13.113651,0.00026885936,0
0.5,0,26.666849,0.5388374,0,-13.104423,0.00045560782,0
0.5,0,26.637784,0.52387753,0,-13.095194,0.00063807313,0
0.5,0,26.610709,0.50611961,0,-13.085966,0.00081530722,0
0.5,0,26.586311,0.48514876,0,-13.076737,0.00098648432,0
0.5,0,26.56559,0.46201093,0,-13.067509,0.0011507431,0
0.5,0,26.547847,0.43682808,0,-13.058281,0.0013072312,0
0.5,0,26.531524,0.40937011,0,-13.049052,0.0014551826,0
0.5,0,26.515483,0.38031535,0,-13.039824,0.0015938536,0
0.5,0,26.49934,0.35033492,0,-13.030595,0.0017224998,0
0.5,0,26.483084,0.31927742,0,-13.021367,0.0018404657,0
0.5,0,26.466633,0.28683522,0,-13.012138,0.0019472234,0
0.5,0,26.449862,0.2529848,0,-13.00291,0.0020423244,0
0.5,0,26.433008,0.21773257,0,-12.993681,0.0021253685,0
0.5,0,26.416772,0.18126085,0,-12.984453,0.0021959896,0
0.5,0,26.401854,0.14418851,0,-12.975224,0.0022538212,0
0.5,0,26.388516,0.10707445,0,-12.965996,0.0022985002,0
0.5,0,26.376685,0.069822793,0,-12.956767,0.0023297378,0
0.5,0,26.366306,0.031976166,0,-12.947539,0.0023473699,0
0.5,0,26.357486,-0.0065759776,0,-12.93831,0.0023513155,0
0.5,0,26.350368,-0.045472597,0,-12.929082,0.0023415013,0
0.5,0,26.344976,-0.084306313,0,-12.919854,0.0023178381,0
0.5,0,26.341306,-0.12289042,0,-12.910625,0.0022802576,0
0.5,0,26.33944,-0.16116064,0,-12.901397,0.002228766,0
0.5,0,26.339531,-0.19905206,0,-12.892168,0.002163488,0
0.5,0,26.34175,-0.23652245,0,-12.88294,0.0020846862,0
0.5,0,26.346274,-0.27357056,0,-12.873711,0.0019927466,0
0.5,0,26.353382,-0.31014068,0,-12.864483,0.0018881281,0
0.5,0,26.363329,-0.34598713,0,-12.855254,0.0017713099,0
0.5,0,26.376218,-0.38065581,0,-12.846026,0.0016427744,0
0.5,0,26.391966,-0.41361969,0,-12.836797,0.001503042,0
0.5,0,26.410297,-0.44443569,0,-12.827569,0.0013527378,0
0.5,0,26.430906,-0.47283562,0,-12.81834,0.0011926402,0
0.5,0,26.45369,-0.49871263,0,-12.809112,0.0010236573,0
0.5,0,26.478801,-0.52207188,0,-12.799883,0.00084674532,0
0.5,0,26.506812,-0.54284571,0,-12.790655,0.00066283873,0
0.5,0,26.53802,-0.56043402,0,-12.781427,0.00047288237,0
0.5,0,26.573873,-0.57457391,0,-12.772198,0.00027796767,0
0.5,0,26.616589,-0.58651348,0,-12.76297,7.9408238e-05,0
0.5,0,26.822473,0.59828252,0,-12.366146,9.090154e-05,0
0.5,0,26.774541,0.58974344,0,-12.356917,0.0002948208,0
0.5,0,26.735256,0.58216289,0,-12.347689,0.00049719442,0
0.5,0,26.699516,0.57256726,0,-12.33846,0.00069657858,0
0.5,0,26.665482,0.559378,0,-12.329232,0.00089194816,0
0.5,0,26.633937,0.54234154,0,-12.320003,0.0010823078,0
0.5,0,26.605389,0.5224399,0,-12.310775,0.0012665734,0
0.5,0,26.578752,0.49965299,0,-12.301546,0.0014436376,0
0.5,0,26.55261,0.4737102,0,-12.292318,0.001612436,0
0.5,0,26.526239,0.44512275,0,-12.283089,0.0017718931,0
0.5,0,26.499589,0.4142971,0,-12.273861,0.0019209287,0
0.5,0,26.472738,0.38103397,0,-12.264632,0.0020585595,0
0.5,0,26.44558,0.34516527,0,-12.255404,0.0021839399,0
0.5,0,26.418055,0.306749,0,-12.246175,0.0022963359,0
0.5,0,26.390549,0.265838,0,-12.236947,0.0023951068,0
0.5,0,26.363845,0.2227196,0,-12.227719,0.0024796788,0
0.5,0,26.338667,0.17806839,0,-12.21849,0.0025495048,0
0.5,0,26.315448,0.13244461,0,-12.209262,0.0026040828,0
0.5,0,26.294532,0.085965188,0,-12.200033,0.0026430328,0
0.5,0,26.276379,0.038726717,0,-12.190805,0.0026661317,0
0.5,0,26.261505,-0.0087570587,0,-12.181576,0.002673265,0
0.5,0,26.250274,-0.055767346,0,-12.172348,0.0026643697,0
0.5,0,26.242779,-0.10184652,0,-12.163119,0.0026394351,0
0.5,0,26.239003,-0.1469031,0,-12.153891,0.0025985412,0
0.5,0,26.238986,-0.19097918,0,-12.144662,0.0025418973,0
0.5,0,26.242845,-0.23403205,0,-12.135434,0.002469865,0
0.5,0,26.250755,-0.27586039,0,-12.126205,0.0023829671,0
0.5,0,26.26289,-0.31612978,0,-12.116977,0.0022818716,0
0.5,0,26.279334,-0.35444341,0,-12.107748,0.0021673413,0
0.5,0,26.299972,-0.39040624,0,-12.09852,0.002040172,0
0.5,0,26.324398,-0.42368803,0,-12.089292,0.0019011578,0
0.5,0,26.351951,-0.4540958,0,-12.080063,0.0017511103,0
0.5,0,26.381894,-0.48154053,0,-12.070835,0.0015909101,0
0.5,0,26.41364,-0.50585359,0,-12.061606,0.0014215465,0
0.5,0,26.446836,-0.52674131,0,-12.052378,0.001244107,0
0.5,0,26.481383,-0.5440468,0,-12.043149,0.0010597179,0
0.5,0,26.517332,-0.55808095,0,-12.033921,0.00086947906,0
0.5,0,26.555118,-0.56941671,0,-12.024692,0.0006744427,0
0.5,0,26.59489,-0.57800143,0,-12.015464,0.00047566738,0
0.5,0,26.638223,-0.58386685,0,-12.006235,0.00027432923,0
0.5,0,26.687641,-0.58828303,0,-11.997007,7.1730643e-05,0
0.5,0,26.849481,0.62484793,0,-11.609411,4.9654969e-05,0
0.5,0,26.792068,0.60957513,0,-11.600183,0.00025737616,0
0.5,0,26.744542,0.59673124,0,-11.590954,0.00046274428,0
0.5,0,26.701034,0.58138642,0,-11.581726,0.00066413403,0
0.5,0,26.65882,0.56250465,0,-11.572497,0.00086037392,0
0.5,0,26.618042,0.53929078,0,-11.563269,0.0010504426,0
0.5,0,26.580043,0.51329342,0,-11.55404,0.0012332671,0
0.5,0,26.544592,0.48519848,0,-11.544812,0.0014077345,0
0.5,0,26.510298,0.45456442,0,-11.535583,0.0015728361,0
0.5,0,26.476097,0.42176185,0,-11.526355,0.0017276353,0
0.5,0,26.441855,0.38756811,0,-11.517127,0.0018712107,0
0.5,0,26.408041,0.35201304,0,-11.507898,0.0020027446,0
0.5,0,26.37514,0.3148919,0,-11.49867,0.0021215999,0
0.5,0,26.343468,0.27635093,0,-11.489441,0.0022272861,0
0.5,0,26.313562,0.23649364,0,-11.480213,0.0023194216,0
0.5,0,26.286427,0.19535427,0,-11.470984,0.0023977138,0
0.5,0,26.26318,0.15338038,0,-11.461756,0.0024619015,0
0.5,0,26.244503,0.11123135,0,-11.452527,0.00251172,0
0.5,0,26.230602,0.069156269,0,-11.443299,0.0025469569,0
0.5,0,26.221475,0.027080407,0,-11.43407,0.0025675239,0
0.5,0,26.217109,-0.014811431,0,-11.424842,0.0025734473,0
0.5,0,26.217339,-0.056002045,0,-11.415613,0.0025648027,0
0.5,0,26.221706,-0.096110115,0,-11.406385,0.0025416855,0
0.5,0,26.229645,-0.13512563,0,-11.397156,0.0025042349,0
0.5,0,26.240643,-0.17320124,0,-11.387928,0.0024526658,0
0.5,0,26.25429,-0.21041415,0,-11.3787,0.0023872877,0
0.5,0,26.270286,-0.24671719,0,-11.369471,0.0023085196,0
0.5,0,26.288431,-0.28198736,0,-11.360243,0.0022168985,0
0.5,0,26.308628,-0.31607253,0,-11.351014,0.0021130607,0
0.5,0,26.330853,-0.34879106,0,-11.341786,0.001997692,0
0.5,0,26.355077,-0.3798944,0,-11.332557,0.0018714736,0
0.5,0,26.381188,-0.40908606,0,-11.323329,0.001735064,0
0.5,0,26.408992,-0.4361022,0,-11.3141,0.0015891304,0
0.5,0,26.438328,-0.46069226,0,-11.304872,0.0014344012,0
0.5,0,26.469162,-0.48252283,0,-11.295643,0.0012717005,0
0.5,0,26.501605,-0.5013254,0,-11.286415,0.0011019369,0
0.5,0,26.535912,-0.51724206,0,-11.277186,0.000926054,0
0.5,0,26.5725,-0.53084546,0,-11.267958,0.00074498933,0
0.5,0,26.61194,-0.54247053,0,-11.258729,0.00055968983,0
0.5,0,26.654603,-0.55153051,0,-11.249501,0.00037118849,0
0.5,0,26.701773,-0.55790592,0,-11.240273,0.00018064652,0
0.5,0,26.808184,0.56154546,0,-10.861905,8.4262381e-05,0
0.5,0,26.740866,0.54948935,0,-10.852677,0.00027230873,0
0.5,0,26.682075,0.53802875,0,-10.843448,0.00045825224,0
0.5,0,26.627387,0.52472262,0,-10.83422,0.00064069463,0
0.5,0,26.575434,0.50819562,0,-10.824992,0.00081867188,0
0.5,0,26.527704,0.48821072,0,-10.815763,0.00099130695,0
0.5,0,26.485725,0.46596377,0,-10.806535,0.0011576688,0
0.5,0,26.449213,0.44174923,0,-10.797306,0.0013168122,0
0.5,0,26.41695,0.41545796,0,-10.788078,0.001467845,0
0.5,0,26.387972,0.38764464,0,-10.778849,0.0016098812,0
0.5,0,26.361868,0.35872236,0,-10.769621,0.0017420467,0
0.5,0,26.338435,0.32840406,0,-10.760392,0.0018635827,0
0.5,0,26.317353,0.29640689,0,-10.751164,0.0019738854,0
0.5,0,26.298297,0.26279045,0,-10.741935,0.0020724596,0
0.5,0,26.281337,0.22764965,0,-10.732707,0.0021588761,0
0.5,0,26.266992,0.19118673,0,-10.723478,0.0022327399,0
0.5,0,26.255796,0.15387626,0,-10.71425,0.0022936535,0
0.5,0,26.247928,0.11605063,0,-10.705021,0.002341235,0
0.5,0,26.243335,0.077558505,0,-10.695793,0.0023751982,0
0.5,0,26.241987,0.038186655,0,-10.686565,0.0023953974,0
0.5,0,26.243917,-0.0017823141,0,-10.677336,0.0024017776,0
0.5,0,26.249055,-0.041692982,0,-10.668108,0.0023943005,0
0.5,0,26.257122,-0.081060752,0,-10.658879,0.0023729299,0
0.5,0,26.267765,-0.11980228,0,-10.649651,0.0023376736,0
0.5,0,26.280707,-0.15802811,0,-10.640422,0.0022886319,0
0.5,0,26.295785,-0.19577475,0,-10.631194,0.0022260264,0
0.5,0,26.312931,-0.23290486,0,-10.621965,0.0021502103,0
0.5,0,26.332164,-0.26915278,0,-10.612737,0.0020616573,0
0.5,0,26.353591,-0.30421884,0,-10.603508,0.0019609292,0
0.5,0,26.377369,-0.33782087,0,-10.59428,0.0018486328,0
0.5,0,26.403599,-0.36969987,0,-10.585051,0.0017253963,0
0.5,0,26.432224,-0.3996371,0,-10.575823,0.0015918803,0
0.5,0,26.46302,-0.42743335,0,-10.566594,0.0014488147,0
0.5,0,26.495691,-0.45278659,0,-10.557366,0.0012970293,0
0.5,0,26.529971,-0.47525627,0,-10.548138,0.0011374489,0
0.5,0,26.565733,-0.49447479,0,-10.538909,0.00097104434,0
0.5,0,26.602998,-0.51046663,0,-10.529681,0.00079878116,0
0.5,0,26.642206,-0.52354849,0,-10.520452,0.00062161181,0
0.5,0,26.683595,-0.53362254,0,-10.511224,0.00044054089,0
0.5,0,26.728715,-0.5407526,0,-10.501995,0.00025673273,0
0.5,0,26.779713,-0.54592991,0,-10.492767,7.1504966e-05,0
0.5,0,26.665318,0.57200067,0,-10.123628,0.00019350276,0
0.5,0,26.630936,0.56607169,0,-10.1144,0.00038729499,0
0.5,0,26.601014,0.55869502,0,-10.105171,0.00057958882,0
0.5,0,26.571995,0.54867205,0,-10.095943,0.00076917981,0
0.5,0,26.543249,0.53450277,0,-10.086714,0.00095503904,0
0.5,0,26.51676,0.51722115,0,-10.077486,0.0011361161,0
0.5,0,26.493428,0.49762009,0,-10.068257,0.0013113011,0
0.5,0,26.472562,0.47522798,0,-10.059029,0.0014795676,0
0.5,0,26.453211,0.45023672,0,-10.0498,0.0016399453,0
0.5,0,26.435022,0.42335803,0,-10.040572,0.0017914299,0
0.5,0,26.41814,0.39447074,0,-10.031343,0.0019330584,0
0.5,0,26.4026,0.36309765,0,-10.022115,0.0020640106,0
0.5,0,26.387998,0.32934341,0,-10.012886,0.0021835919,0
0.5,0,26.373938,0.29357274,0,-10.003658,0.0022911948,0
0.5,0,26.360604,0.25608181,0,-9.9944295,0.0023862892,0
0.5,0,26.348615,0.21740517,0,-9.9852011,0.0024683776,0
0.5,0,26.338432,0.17811659,0,-9.9759726,0.0025369555,0
0.5,0,26.330151,0.13817399,0,-9.9667441,0.0025915685,0
0.5,0,26.323797,0.097075074,0,-9.9575157,0.0026319075,0
0.5,0,26.319537,0.054743843,0,-9.9482872,0.0026578129,0
0.5,0,26.31756,0.011860195,0,-9.9390587,0.0026691914,0
0.5,0,26.31793,-0.030686436,0,-9.9298303,0.0026659539,0
0.5,0,26.320524,-0.072374702,0,-9.9206018,0.0026480247,0
0.5,0,26.325096,-0.11314452,0,-9.9113733,0.0026153865,0
0.5,0,26.331439,-0.15321872,0,-9.9021449,0.0025681268,0
0.5,0,26.339437,-0.19289156,0,-9.8929164,0.0025064733,0
0.5,0,26.349118,-0.23228206,0,-9.8836879,0.0024308059,0
0.5,0,26.360636,-0.27113493,0,-9.8744595,0.0023416336,0
0.5,0,26.374153,-0.30886539,0,-9.865231,0.0022395445,0
0.5,0,26.389667,-0.34483747,0,-9.8560025,0.0021251505,0
0.5,0,26.406875,-0.37865208,0,-9.8467741,0.0019990605,0
0.5,0,26.4252,-0.41025526,0,-9.8375456,0.0018619002,0
0.5,0,26.443989,-0.43978669,0,-9.8283171,0.0017143602,0
0.5,0,26.462768,-0.46721485,0,-9.8190887,0.0015572278,0
0.5,0,26.481391,-0.49206924,0,-9.8098602,0.0013913794,0
0.5,0,26.500012,-0.51368466,0,-9.8006317,0.0012177494,0
0.5,0,26.519075,-0.53179109,0,-9.7914033,0.0010372988,0
0.5,0,26.539221,-0.54681453,0,-9.7821748,0.00085099265,0
0.5,0,26.561474,-0.5593092,0,-9.7729463,0.00065979202,0
0.5,0,26.586322,-0.5688869,0,-9.7637179,0.00046469757,0
0.5,0,26.615369,-0.57525211,0,-9.7544894,0.00026684987,0
0.5,0,26.650608,-0.57969233,0,-9.7452609,6.7536748e-05,0
0.5,0,26.744245,0.62608146,0,-9.3761223,0.00016665789,0
0.5,0,26.705373,0.62019414,0,-9.3668938,0.00037872449,0
0.5,0,26.671875,0.61347909,0,-9.3576653,0.00058984586,0
0.5,0,26.639601,0.60409045,0,-9.3484369,0.00079866485,0
0.5,0,26.607604,0.59031876,0,-9.3392084,0.0010040639,0
0.5,0,26.577705,0.57296375,0,-9.3299799,0.001204904,0
0.5,0,26.550872,0.55305537,0,-9.3207515,0.0013999609,0
0.5,0,26.526494,0.53034813,0,-9.311523,0.0015880794,0
0.5,0,26.503663,0.50503427,0,-9.3022945,0.001768186,0
0.5,0,26.48198,0.47780559,0,-9.2930661,0.0019392038,0
0.5,0,26.461458,0.44850293,0,-9.2838376,0.0021001063,0
0.5,0,26.44202,0.41650044,0,-9.2746091,0.0022500049,0
0.5,0,26.42324,0.38176612,0,-9.2653807,0.0023881269,0
0.5,0,26.404674,0.34469621,0,-9.2561522,0.0025137758,0
0.5,0,26.386297,0.30573607,0,-9.2469237,0.0026263354,0
0.5,0,26.368361,0.26554719,0,-9.2376953,0.0027252469,0
0.5,0,26.35093,0.22474192,0,-9.2284668,0.0028099759,0
0.5,0,26.333797,0.18321476,0,-9.2192383,0.0028800525,0
0.5,0,26.316801,0.14032873,0,-9.2100099,0.0029351429,0
0.5,0,26.30001,0.095919013,0,-9.2007814,0.0029750407,0
0.5,0,26.283579,0.050743307,0,-9.1915529,0.0029995867,0
0.5,0,26.267553,0.0058975753,0,-9.1823245,0.0030086194,0
0.5,0,26.251979,-0.037933149,0,-9.173096,0.0030020035,0
0.5,0,26.237029,-0.080684005,0,-9.1638675,0.0029796863,0
0.5,0,26.223064,-0.12270612,0,-9.1546391,0.002941734,0
0.5,0,26.210693,-0.16445636,0,-9.1454106,0.0028883464,0
0.5,0,26.200671,-0.2062024,0,-9.1361821,0.0028198514,0
0.5,0,26.1938,-0.24780441,0,-9.1269537,0.0027366805,0
0.5,0,26.190787,-0.28866954,0,-9.1177252,0.0026393393,0
0.5,0,26.192059,-0.32797105,0,-9.1084967,0.0025283873,0
0.5,0,26.19764,-0.3650743,0,-9.0992683,0.0024044338,0
0.5,0,26.207234,-0.39986453,0,-9.0900398,0.0022681435,0
0.5,0,26.220496,-0.43263507,0,-9.0808113,0.0021202401,0
0.5,0,26.237299,-0.46359682,0,-9.0715829,0.0019615021,0
0.5,0,26.257826,-0.49247879,0,-9.0623544,0.0017927478,0
0.5,0,26.282448,-0.51857374,0,-9.0531259,0.0016148371,0
0.5,0,26.311518,-0.54119211,0,-9.0438975,0.0014287047,0
0.5,0,26.345225,-0.56018472,0,-9.034669,0.0012353914,0
0.5,0,26.383592,-0.57599971,0,-9.0254405,0.0010360179,0
0.5,0,26.426499,-0.58924342,0,-9.0162121,0.00083171662,0
0.5,0,26.473663,-0.59994563,0,-9.0069836,0.00062358372,0
0.5,0,26.524458,-0.60706526,0,-8.9977551,0.00041274172,0
0.5,0,26.579193,-0.61050034,0,-8.9885267,0.00020043854,0
0.5,0,26.787635,0.62746315,0,-8.619388,6.6508143e-05,0
0.5,0,26.740761,0.61495376,0,-8.6101595,0.00027492762,0
0.5,0,26.702799,0.60506489,0,-8.6009311,0.00048201189,0
0.5,0,26.667492,0.59313264,0,-8.5917026,0.00068614655,0
0.5,0,26.631993,0.5777182,0,-8.5824741,0.00088616,0
0.5,0,26.596656,0.55798205,0,-8.5732457,0.0010810344,0
0.5,0,26.563044,0.53539244,0,-8.5640172,0.0012697134,0
0.5,0,26.531221,0.51066917,0,-8.5547887,0.0014511116,0
0.5,0,26.500084,0.48356581,0,-8.5455603,0.0016242333,0
0.5,0,26.468696,0.45447938,0,-8.5363318,0.0017881274,0
0.5,0,26.436852,0.42390754,0,-8.5271033,0.0019418384,0
0.5,0,26.404828,0.39158774,0,-8.5178749,0.0020844941,0
0.5,0,26.372873,0.35724059,0,-8.5086464,0.0022153684,0
0.5,0,26.341112,0.32110588,0,-8.4994179,0.002333851,0
0.5,0,26.309965,0.28345676,0,-8.4901895,0.0024394265,0
0.5,0,26.280394,0.24447124,0,-8.480961,0.0025316655,0
0.5,0,26.253528,0.20452809,0,-8.4717325,0.0026101741,0
0.5,0,26.230182,0.16393921,0,-8.4625041,0.002674566,0
0.5,0,26.21085,0.12255352,0,-8.4532756,0.0027245154,0
0.5,0,26.195955,0.080158438,0,-8.4440471,0.0027598127,0
0.5,0,26.18586,0.037142535,0,-8.4348187,0.0027803359,0
0.5,0,26.180691,-0.0056158507,0,-8.4255902,0.0027859844,0
0.5,0,26.180232,-0.047445218,0,-8.4163617,0.0027766657,0
0.5,0,26.184022,-0.088264518,0,-8.4071333,0.0027523382,0
0.5,0,26.191599,-0.12839523,0,-8.3979048,0.0027130588,0
0.5,0,26.20263,-0.16821058,0,-8.3886763,0.0026590059,0
0.5,0,26.216894,-0.20790628,0,-8.3794479,0.0025904822,0
0.5,0,26.234248,-0.24737331,0,-8.3702194,0.0025079079,0
0.5,0,26.254577,-0.28618662,0,-8.3609909,0.0024118042,0
0.5,0,26.277728,-0.32377102,0,-8.3517625,0.002302766,0
0.5,0,26.303427,-0.35965433,0,-8.342534,0.0021814287,0
0.5,0,26.331243,-0.39361777,0,-8.3333055,0.0020484436,0
0.5,0,26.360661,-0.42563985,0,-8.3240771,0.0019044836,0
0.5,0,26.391241,-0.45566452,0,-8.3148486,0.0017502688,0
0.5,0,26.422753,-0.48333682,0,-8.3056201,0.001586586,0
0.5,0,26.455211,-0.50798178,0,-8.2963917,0.0014142965,0
0.5,0,26.488792,-0.52903832,0,-8.2871632,0.0012343462,0
0.5,0,26.523863,-0.5465861,0,-8.2779347,0.0010477711,0
0.5,0,26.560923,-0.56139524,0,-8.2687062,0.00085568056,0
0.5,0,26.600851,-0.57407606,0,-8.2594778,0.00065921757,0
0.5,0,26.643845,-0.58386885,0,-8.2502493,0.00045956372,0
0.5,0,26.691539,-0.59010989,0,-8.2410208,0.00025801721,0
0.5,0,26.74614,-0.59400499,0,-8.2317924,5.5948126e-05,0
0.5,0,26.754317,0.58624288,0,-7.8718822,0.00017049381,0
0.5,0,26.701687,0.57959419,0,-7.8626537,0.00036571852,0
0.5,0,26.653185,0.57162108,0,-7.8534252,0.00055928604,0
0.5,0,26.605087,0.56095721,0,-7.8441968,0.0007499562,0
0.5,0,26.556919,0.54597474,0,-7.8349683,0.00093671918,0
0.5,0,26.51098,0.52749058,0,-7.8257398,0.0011185725,0
0.5,0,26.468718,0.506434,0,-7.8165114,0.0012944451,0
0.5,0,26.430088,0.48249458,0,-7.8072829,0.001463318,0
0.5,0,26.394779,0.45593655,0,-7.7980544,0.0016242075,0
0.5,0,26.3629,0.42765445,0,-7.788826,0.001776076,0
0.5,0,26.334813,0.39776856,0,-7.7795975,0.0019179062,0
0.5,0,26.310624,0.36587907,0,-7.770369,0.00204882,0
0.5,0,26.289979,0.33196529,0,-7.7611406,0.0021680817,0
0.5,0,26.272507,0.29617159,0,-7.7519121,0.0022750626,0
0.5,0,26.258308,0.25856056,0,-7.7426836,0.0023692269,0
0.5,0,26.247804,0.21951525,0,-7.7334552,0.0024500798,0
0.5,0,26.241169,0.17963582,0,-7.7242267,0.0025171191,0
0.5,0,26.238148,0.13901951,0,-7.7149982,0.0025698872,0
0.5,0,26.238363,0.097234541,0,-7.7057698,0.0026080722,0
0.5,0,26.241554,0.054153771,0,-7.6965413,0.0026315198,0
0.5,0,26.247496,0.010407646,0,-7.6873128,0.0026401418,0
0.5,0,26.255869,-0.033079556,0,-7.6780844,0.0026338382,0
0.5,0,26.266262,-0.0757428,0,-7.6688559,0.0026125029,0
0.5,0,26.278344,-0.11754713,0,-7.6596274,0.0025760847,0
0.5,0,26.291988,-0.15876956,0,-7.650399,0.0025246497,0
0.5,0,26.307354,-0.19970491,0,-7.6411705,0.0024584204,0
0.5,0,26.324723,-0.24041284,0,-7.631942,0.0023777825,0
0.5,0,26.344348,-0.28060009,0,-7.6227136,0.0022832572,0
0.5,0,26.366436,-0.31972097,0,-7.6134851,0.0021754464,0
0.5,0,26.391001,-0.35720974,0,-7.6042566,0.0020549769,0
0.5,0,26.417822,-0.39268618,0,-7.5950282,0.0019224785,0
0.5,0,26.446485,-0.4260342,0,-7.5857997,0.0017786124,0
0.5,0,26.476529,-0.45725271,0,-7.5765712,0.0016241245,0
0.5,0,26.507604,-0.48610992,0,-7.5673428,0.0014598777,0
0.5,0,26.539544,-0.51198538,0,-7.5581143,0.0012868387,0
0.5,0,26.57237,-0.53423236,0,-7.5488858,0.0011060311,0
0.5,0,26.606297,-0.5527588,0,-7.5396574,0.00091849079,0
0.5,0,26.641961,-0.56809094,0,-7.5304289,0.00072525527,0
0.5,0,26.680073,-0.58050806,0,-7.5212004,0.00052740196,0
0.5,0,26.722028,-0.58970762,0,-7.511972,0.0003261427,0
0.5,0,26.770007,-0.59615995,0,-7.5027435,0.00012288784,0
0.5,0,26.668986,0.62444761,0,-7.1336048,9.0643761e-05,0
0.5,0,26.60669,0.61532557,0,-7.1243764,0.00029904404,0
0.5,0,26.554558,0.60763365,0,-7.1151479,0.00050653556,0
0.5,0,26.507432,0.59765756,0,-7.1059194,0.0007116125,0
0.5,0,26.463594,0.58401709,0,-7.096691,0.00091315263,0
0.5,0,26.424301,0.56646307,0,-7.0874625,0.001110114,0
0.5,0,26.391218,0.54625951,0,-7.078234,0.0013013948,0
0.5,0,26.364342,0.52371162,0,-7.0690056,0.0014858882,0
0.5,0,26.342668,0.498589,0,-7.0597771,0.0016625658,0
0.5,0,26.325352,0.47128041,0,-7.0505486,0.0018304188,0
0.5,0,26.312014,0.44204511,0,-7.0413202,0.0019884399,0
0.5,0,26.302377,0.41052418,0,-7.0320917,0.0021357093,0
0.5,0,26.295853,0.37653037,0,-7.0228632,0.0022714331,0
0.5,0,26.29165,0.34036504,0,-7.0136348,0.002394908,0
0.5,0,26.289264,0.30239927,0,-7.0044063,0.0025055004,0
0.5,0,26.288666,0.26303132,0,-6.9951778,0.0026026271,0
0.5,0,26.289943,0.22275287,0,-6.9859494,0.0026857164,0
0.5,0,26.292961,0.1817047,0,-6.9767209,0.0027542226,0
0.5,0,26.297455,0.13945613,0,-6.9674924,0.0028077102,0
0.5,0,26.303258,0.095642323,0,-6.958264,0.0028459058,0
0.5,0,26.310272,0.050641615,0,-6.9490355,0.0028686486,0
0.5,0,26.318305,0.0053830505,0,-6.939807,0.002875808,0
0.5,0,26.327065,-0.039358014,0,-6.9305786,0.0028672587,0
0.5,0,26.336294,-0.083341008,0,-6.9213501,0.0028429149,0
0.5,0,26.34594,-0.12674975,0,-6.9121216,0.0028027795,0
0.5,0,26.356253,-0.16991151,0,-6.9028932,0.0027469788,0
0.5,0,26.367716,-0.21303588,0,-6.8936647,0.0026757785,0
0.5,0,26.380936,-0.25600488,0,-6.8844362,0.0025895796,0
0.5,0,26.396502,-0.29831432,0,-6.8752078,0.0024888945,0
0.5,0,26.414826,-0.33925773,0,-6.8659793,0.0023743093,0
0.5,0,26.436019,-0.37824634,0,-6.8567508,0.0022464452,0
0.5,0,26.459862,-0.41503166,0,-6.8475224,0.002105944,0
0.5,0,26.485911,-0.44966766,0,-6.8382939,0.0019534894,0
0.5,0,26.513703,-0.48221181,0,-6.8290654,0.0017898436,0
0.5,0,26.542924,-0.51236205,0,-6.819837,0.0016158675,0
0.5,0,26.573465,-0.53940461,0,-6.8106085,0.0014325171,0
0.5,0,26.605374,-0.56267679,0,-6.80138,0.0012408333,0
0.5,0,26.638871,-0.58212625,0,-6.7921516,0.0010419228,0
0.5,0,26.674386,-0.59842317,0,-6.7829231,0.00083692715,0
0.5,0,26.712604,-0.61210531,0,-6.7736946,0.00062698481,0
0.5,0,26.75399,-0.62237896,0,-6.7644662,0.00041327819,0
0.5,0,26.799927,-0.62896027,0,-6.7552377,0.00019712939,0
0.5,0,26.610456,0.61437945,0,-6.3676421,0.00016842297,0
0.5,0,26.573784,0.60131449,0,-6.3584136,0.00037437721,0
0.5,0,26.543953,0.58687695,0,-6.3491852,0.00057684372,0
0.5,0,26.51764,0.56990998,0,-6.3399567,0.00077459367,0
0.5,0,26.494253,0.54909139,0,-6.3307282,0.000966665,0
0.5,0,26.475331,0.52540481,0,-6.3214998,0.001152101,0
0.5,0,26.461143,0.49988536,0,-6.3122713,0.001329874,0
0.5,0,26.45034,0.47217283,0,-6.3030428,0.0014990209,0
0.5,0,26.441467,0.44227812,0,-6.2938144,0.0016586576,0
0.5,0,26.433841,0.41087143,0,-6.2845859,0.0018079051,0
0.5,0,26.427406,0.37809265,0,-6.2753574,0.0019459407,0
0.5,0,26.422117,0.34373549,0,-6.266129,0.0020720796,0
0.5,0,26.417605,0.3079519,0,-6.2569005,0.0021857507,0
0.5,0,26.413509,0.27091809,0,-6.247672,0.0022864562,0
0.5,0,26.409953,0.23254947,0,-6.2384436,0.0023737727,0
0.5,0,26.40744,0.1929665,0,-6.2292151,0.0024473292,0
0.5,0,26.406312,0.15258649,0,-6.2199866,0.0025067766,0
0.5,0,26.40653,0.11157618,0,-6.2107582,0.0025518245,0
0.5,0,26.407931,0.06977094,0,-6.2015297,0.0025823092,0
0.5,0,26.410445,0.027259014,0,-6.1923012,0.0025981818,0
0.5,0,26.414109,-0.01536505,0,-6.1830728,0.0025994251,0
0.5,0,26.418921,-0.057454954,0,-6.1738443,0.0025860006,0
0.5,0,26.424824,-0.098784996,0,-6.1646158,0.0025578724,0
0.5,0,26.431915,-0.13950022,0,-6.1553874,0.0025150651,0
0.5,0,26.4405,-0.17978469,0,-6.1461589,0.0024577079,0
0.5,0,26.45102,-0.21964532,0,-6.1369304,0.0023860578,0
0.5,0,26.463933,-0.25889397,0,-6.127702,0.0023005079,0
0.5,0,26.479621,-0.29725659,0,-6.1184735,0.0022015726,0
0.5,0,26.498355,-0.33448267,0,-6.109245,0.0020898432,0
0.5,0,26.520264,-0.37034148,0,-6.1000166,0.0019659356,0
0.5,0,26.54526,-0.40456685,0,-6.0907881,0.0018304675,0
0.5,0,26.573007,-0.43686362,0,-6.0815596,0.0016840831,0
0.5,0,26.60298,-0.46688885,0,-6.0723312,0.0015275078,0
0.5,0,26.634608,-0.49415882,0,-6.0631027,0.0013615936,0
0.5,0,26.667373,-0.5181551,0,-6.0538742,0.0011873161,0
0.5,0,26.700982,-0.53866524,0,-6.0446458,0.00100572,0
0.5,0,26.735382,-0.55606151,0,-6.0354173,0.00081786155,0
0.5,0,26.771205,-0.57078749,0,-6.0261888,0.00062479646,0
0.5,0,26.808668,-0.58223726,0,-6.0169604,0.00042766503,0
0.5,0,26.850332,-0.59044044,0,-6.0077319,0.00022781804,0
0.5,0,26.899116,-0.59591355,0,-5.9985034,2.6634207e-05,0
0.5,0,26.728093,0.56317898,0,-5.6293647,0.00010527051,0
0.5,0,26.695043,0.55060424,0,-5.6201363,0.0002914309,0
0.5,0,26.66866,0.53808838,0,-5.6109078,0.00047467231,0
0.5,0,26.644531,0.52381666,0,-5.6016793,0.00065369389,0
0.5,0,26.621043,0.50621869,0,-5.5924509,0.00082757658,0
0.5,0,26.599602,0.48512125,0,-5.5832224,0.00099546894,0
0.5,0,26.581649,0.46151323,0,-5.5739939,0.001156451,0
0.5,0,26.566997,0.43548821,0,-5.5647655,0.0013095991,0
0.5,0,26.554676,0.4070553,0,-5.555537,0.0014540532,0
0.5,0,26.544013,0.37698639,0,-5.5463085,0.001588969,0
0.5,0,26.534864,0.34580003,0,-5.5370801,0.0017135284,0
0.5,0,26.527234,0.31327627,0,-5.5278516,0.0018270227,0
0.5,0,26.520869,0.27919122,0,-5.5186231,0.0019288618,0
0.5,0,26.515363,0.24359949,0,-5.5093947,0.0020185228,0
0.5,0,26.510623,0.20659107,0,-5.5001662,0.002095535,0
0.5,0,26.506988,0.16844992,0,-5.4909377,0.0021594831,0
0.5,0,26.504792,0.12974538,0,-5.4817093,0.0022099964,0
0.5,0,26.504021,0.090782471,0,-5.4724808,0.0022467715,0
0.5,0,26.504452,0.051246801,0,-5.4632523,0.002269634,0
0.5,0,26.505991,0.010743769,0,-5.4540239,0.0022785487,0
0.5,0,26.508745,-0.030513149,0,-5.4447954,0.0022735453,0
0.5,0,26.512779,-0.071783989,0,-5.4355669,0.0022546344,0
0.5,0,26.518,-0.11238652,0,-5.4263385,0.0022217987,0
0.5,0,26.524315,-0.15199424,0,-5.41711,0.0021750517,0
0.5,0,26.53175,-0.19052606,0,-5.4078815,0.0021145068,0
0.5,0,26.540489,-0.22800853,0,-5.3986531,0.0020404188,0
0.5,0,26.550839,-0.26455246,0,-5.3894246,0.0019531855,0
0.5,0,26.563211,-0.30029454,0,-5.3801961,0.0018533118,0
0.5,0,26.578087,-0.33523878,0,-5.3709677,0.0017413586,0
0.5,0,26.59592,-0.36912683,0,-5.3617392,0.0016179078,0
0.5,0,26.616944,-0.40146158,0,-5.3525107,0.0014835639,0
0.5,0,26.641007,-0.43166986,0,-5.3432823,0.0013389891,0
0.5,0,26.667541,-0.45932626,0,-5.3340538,0.0011849482,0
0.5,0,26.695749,-0.48430631,0,-5.3248253,0.001022322,0
0.5,0,26.724872,-0.50674848,0,-5.3155969,0.00085205832,0
0.5,0,26.754567,-0.52676467,0,-5.3063684,0.00067509353,0
0.5,0,26.784646,-0.54387055,0,-5.2971399,0.00049233405,0
0.5,0,26.815875,-0.55739103,0,-5.2879115,0.00030477009,0
0.5,0,26.850161,-0.56782254,0,-5.278683,0.00011359456,0
0.5,0,26.749148,0.61884327,0,-4.9003159,8.59488e-05,0
0.5,0,26.709889,0.60612301,0,-4.8910874,0.00029288447,0
0.5,0,26.679088,0.59447468,0,-4.8818589,0.0004977928,0
0.5,0,26.651444,0.58060811,0,-4.8726305,0.00069912685,0
0.5,0,26.624956,0.56339532,0,-4.863402,0.00089574852,0
0.5,0,26.600599,0.54263817,0,-4.8541735,0.0010866197,0
0.5,0,26.5798,0.51958127,0,-4.8449451,0.0012706722,0
0.5,0,26.562451,0.49438832,0,-4.8357166,0.001446866,0
0.5,0,26.547692,0.46662117,0,-4.8264881,0.001614278,0
0.5,0,26.535069,0.4366021,0,-4.8172597,0.0017720411,0
0.5,0,26.524725,0.40475974,0,-4.8080312,0.0019193126,0
0.5,0,26.516868,0.37103376,0,-4.7988027,0.0020553471,0
0.5,0,26.511233,0.33550856,0,-4.7895743,0.0021795254,0
0.5,0,26.507142,0.29861504,0,-4.7803458,0.0022913126,0
0.5,0,26.504078,0.26066198,0,-4.7711173,0.0023902347,0
0.5,0,26.501992,0.22188304,0,-4.7618889,0.0024758638,0
0.5,0,26.501019,0.18270251,0,-4.7526604,0.0025477806,0
0.5,0,26.501098,0.14337924,0,-4.7434319,0.0026055846,0
0.5,0,26.502004,0.1036348,0,-4.7342035,0.0026489782,0
0.5,0,26.503595,0.063068481,0,-4.724975,0.0026778253,0
0.5,0,26.505807,0.021783344,0,-4.7157465,0.0026921062,0
0.5,0,26.50862,-0.019651758,0,-4.7065181,0.0026918281,0
0.5,0,26.5119,-0.060705373,0,-4.6972896,0.0026769819,0
0.5,0,26.515428,-0.10117058,0,-4.6880611,0.0026475588,0
0.5,0,26.519184,-0.14107794,0,-4.6788327,0.0026035879,0
0.5,0,26.523368,-0.18052229,0,-4.6696042,0.0025451721,0
0.5,0,26.528382,-0.2195545,0,-4.6603757,0.0024725206,0
0.5,0,26.534772,-0.25810333,0,-4.6511473,0.0023859675,0
0.5,0,26.543136,-0.29596254,0,-4.6419188,0.0022859603,0
0.5,0,26.553997,-0.3328567,0,-4.6326903,0.0021730113,0
0.5,0,26.567639,-0.36851383,0,-4.6234619,0.0020476431,0
0.5,0,26.583952,-0.40272224,0,-4.6142334,0.0019103736,0
0.5,0,26.602421,-0.43535441,0,-4.6050049,0.0017617547,0
0.5,0,26.622253,-0.46625052,0,-4.5957765,0.0016024348,0
0.5,0,26.642592,-0.49502278,0,-4.586548,0.0014331958,0
0.5,0,26.662662,-0.52114477,0,-4.5773195,0.0012549421,0
0.5,0,26.681952,-0.54434394,0,-4.5680911,0.0010686463,0
0.5,0,26.70024,-0.56488942,0,-4.5588626,0.00087528859,0
0.5,0,26.717938,-0.58306979,0,-4.5496341,0.00067582692,0
0.5,0,26.735031,-0.59804709,0,-4.5404057,0.00047125646,0
0.5,0,26.753324,-0.60945037,0,-4.5311772,0.0002627441,0
0.5,0,26.775566,-0.61836988,0,-4.5219487,5.158332e-05,0
0.5,0,26.75472,0.63246978,0,-4.1343531,0.00018433936,0
0.5,0,26.718574,0.61888493,0,-4.1251247,0.00039728558,0
0.5,0,26.688392,0.60351657,0,-4.1158962,0.0006062909,0
0.5,0,26.66102,0.5854566,0,-4.1066677,0.00081008308,0
0.5,0,26.636087,0.56326182,0,-4.0974393,0.0010076528,0
0.5,0,26.615385,0.53799192,0,-4.0882108,0.0011980053,0
0.5,0,26.599265,0.51067447,0,-4.0789823,0.0013801012,0
0.5,0,26.58643,0.48089555,0,-4.0697539,0.0015530034,0
0.5,0,26.575565,0.44873396,0,-4.0605254,0.0017158731,0
0.5,0,26.566213,0.41495337,0,-4.0512969,0.0018678742,0
0.5,0,26.558559,0.37973149,0,-4.0420685,0.0020082222,0
0.5,0,26.552716,0.34295407,0,-4.03284,0.002136267,0
0.5,0,26.548326,0.30496208,0,-4.0236115,0.0022514712,0
0.5,0,26.544925,0.26610393,0,-4.0143831,0.002353379,0
0.5,0,26.5425,0.22637894,0,-4.0051546,0.0024416257,0
0.5,0,26.541428,0.18592651,0,-3.9959261,0.0025159092,0
0.5,0,26.541954,0.14513157,0,-3.9866977,0.0025759466,0
0.5,0,26.543946,0.10408331,0,-3.9774692,0.0026215087,0
0.5,0,26.54714,0.062546172,0,-3.9682407,0.0026524978,0
0.5,0,26.551346,0.020595589,0,-3.9590123,0.0026689472,0
0.5,0,26.556446,-0.021139706,0,-3.9497838,0.0026709388,0
0.5,0,26.562247,-0.061968346,0,-3.9405553,0.002658541,0
0.5,0,26.568466,-0.10161377,0,-3.9313269,0.0026318177,0
0.5,0,26.574905,-0.14018059,0,-3.9220984,0.002590874,0
0.5,0,26.581498,-0.17789817,0,-3.9128699,0.0025358931,0
0.5,0,26.588269,-0.21496074,0,-3.9036415,0.002467157,0
0.5,0,26.595289,-0.25142735,0,-3.894413,0.0023850563,0
0.5,0,26.602625,-0.28715039,0,-3.8851845,0.0022900853,0
0.5,0,26.610287,-0.32181216,0,-3.8759561,0.0021828149,0
0.5,0,26.618142,-0.35505702,0,-3.8667276,0.0020638453,0
0.5,0,26.625843,-0.38662864,0,-3.8574991,0.0019337674,0
0.5,0,26.632821,-0.41644898,0,-3.8482707,0.0017931641,0
0.5,0,26.638423,-0.44453777,0,-3.8390422,0.0016426505,0
0.5,0,26.642096,-0.47072204,0,-3.8298137,0.00148292,0
0.5,0,26.643513,-0.49445288,0,-3.8205853,0.0013147647,0
0.5,0,26.6426,-0.51515631,0,-3.8113568,0.0011390637,0
0.5,0,26.639638,-0.53280538,0,-3.8021283,0.00095674528,0
0.5,0,26.635412,-0.54801185,0,-3.7928999,0.00076875522,0
0.5,0,26.631203,-0.56119895,0,-3.7836714,0.0005760539,0
0.5,0,26.628545,-0.5716888,0,-3.7744429,0.00037968627,0
0.5,0,26.630327,-0.57968877,0,-3.7652145,0.00018083858,0
0.5,0,26.841114,0.60727754,0,-3.3960758,2.3622798e-05,0
0.5,0,26.795776,0.59238467,0,-3.3868473,0.00022488168,0
0.5,0,26.762854,0.58191403,0,-3.3776188,0.00042423761,0
0.5,0,26.735292,0.56984664,0,-3.3683904,0.00062012021,0
0.5,0,26.709374,0.55487857,0,-3.3591619,0.00081135373,0
0.5,0,26.684778,0.53524926,0,-3.3499334,0.0009970216,0
0.5,0,26.66344,0.5122853,0,-3.340705,0.0011762041,0
0.5,0,26.645912,0.4869901,0,-3.3314765,0.0013479001,0
0.5,0,26.631179,0.45895753,0,-3.322248,0.0015111692,0
0.5,0,26.618164,0.42855354,0,-3.3130196,0.0016651068,0
0.5,0,26.606523,0.39668492,0,-3.3037911,0.0018087682,0
0.5,0,26.596453,0.36331883,0,-3.2945626,0.0019412727,0
0.5,0,26.588048,0.32805377,0,-3.2853342,0.0020619108,0
0.5,0,26.580996,0.29105263,0,-3.2761057,0.0021701048,0
0.5,0,26.575043,0.2525837,0,-3.2668772,0.0022653546,0
0.5,0,26.570537,0.21272266,0,-3.2576488,0.0023472298,0
0.5,0,26.568185,0.17184933,0,-3.2484203,0.0024153348,0
0.5,0,26.56833,0.13054316,0,-3.2391918,0.0024692825,0
0.5,0,26.570701,0.08886508,0,-3.2299634,0.002508762,0
0.5,0,26.574736,0.046426686,0,-3.2207349,0.0025336285,0
0.5,0,26.579954,0.0032451009,0,-3.2115064,0.0025438824,0
0.5,0,26.585974,-0.039947136,0,-3.202278,0.0025395613,0
0.5,0,26.59237,-0.082300043,0,-3.1930495,0.0025206732,0
0.5,0,26.598717,-0.12343122,0,-3.183821,0.002487226,0
0.5,0,26.604715,-0.16340723,0,-3.1745926,0.0024392963,0
0.5,0,26.610221,-0.20242399,0,-3.1653641,0.0023770803,0
0.5,0,26.615202,-0.24057304,0,-3.1561356,0.0023009175,0
0.5,0,26.619683,-0.27776444,0,-3.1469072,0.0022112901,0
0.5,0,26.623717,-0.31377583,0,-3.1376787,0.0021087919,0
0.5,0,26.627369,-0.34835358,0,-3.1284502,0.0019940763,0
0.5,0,26.630641,-0.38126082,0,-3.1192218,0.001867811,0
0.5,0,26.633361,-0.41228168,0,-3.1099933,0.0017306707,0
0.5,0,26.635116,-0.44122662,0,-3.1007648,0.0015833714,0
0.5,0,26.635347,-0.46785486,0,-3.0915364,0.0014267193,0
0.5,0,26.633548,-0.49173886,0,-3.0823079,0.001261628,0
0.5,0,26.6295,-0.51235305,0,-3.0730794,0.0010890828,0
0.5,0,26.623465,-0.52946044,0,-3.063851,0.00091007166,0
0.5,0,26.616434,-0.54340699,0,-3.0546225,0.0007255454,0
0.5,0,26.610021,-0.55461822,0,-3.045394,0.00053644803,0
0.5,0,26.606586,-0.56296705,0,-3.0361656,0.00034383712,0
0.5,0,26.609655,-0.56913027,0,-3.0269371,0.00014896019,0
0.5,0,26.832551,0.64468484,0,-2.64857,0.00016032992,0
0.5,0,26.793629,0.63914679,0,-2.6393415,0.0003785922,0
0.5,0,26.761502,0.63249856,0,-2.630113,0.00059557077,0
0.5,0,26.731702,0.62298611,0,-2.6208846,0.00080980686,0
0.5,0,26.703101,0.60882984,0,-2.6116561,0.001020136,0
0.5,0,26.677426,0.59063767,0,-2.6024276,0.0012254045,0
0.5,0,26.655629,0.56941477,0,-2.5931992,0.0014243996,0
0.5,0,26.637056,0.54495349,0,-2.5839707,0.0016159816,0
0.5,0,26.620722,0.51740358,0,-2.5747422,0.0017990901,0
0.5,0,26.606189,0.48745818,0,-2.5655138,0.0019726521,0
0.5,0,26.59351,0.45511621,0,-2.5562853,0.0021356214,0
0.5,0,26.582697,0.41996653,0,-2.5470568,0.0022870646,0
0.5,0,26.573408,0.38211927,0,-2.5378284,0.002426152,0
0.5,0,26.565302,0.34200289,0,-2.5285999,0.002552133,0
0.5,0,26.558508,0.29999464,0,-2.5193714,0.0026643441,0
0.5,0,26.55352,0.25665529,0,-2.510143,0.0027621845,0
0.5,0,26.550649,0.21257976,0,-2.5009145,0.0028450754,0
0.5,0,26.549762,0.16776971,0,-2.491686,0.0029124954,0
0.5,0,26.550503,0.12172613,0,-2.4824576,0.0029640635,0
0.5,0,26.552541,0.074345363,0,-2.4732291,0.0029995529,0
0.5,0,26.555485,0.026354192,0,-2.4640006,0.0030188212,0
0.5,0,26.558844,-0.021218077,0,-2.4547722,0.0030217556,0
0.5,0,26.562054,-0.067736385,0,-2.4455437,0.0030082858,0
0.5,0,26.564576,-0.11313753,0,-2.4363152,0.0029784279,0
0.5,0,26.566103,-0.15768786,0,-2.4270868,0.0029323202,0
0.5,0,26.566545,-0.2016776,0,-2.4178583,0.0028702378,0
0.5,0,26.565956,-0.24518227,0,-2.4086298,0.0027925891,0
0.5,0,26.564453,-0.28790286,0,-2.3994014,0.0026998965,0
0.5,0,26.562096,-0.32918231,0,-2.3901729,0.0025927713,0
0.5,0,26.558766,-0.36826923,0,-2.3809444,0.0024718887,0
0.5,0,26.554104,-0.40469492,0,-2.371716,0.0023379701,0
0.5,0,26.54762,-0.43846773,0,-2.3624875,0.0021917828,0
0.5,0,26.538964,-0.46988467,0,-2.353259,0.0020341602,0
0.5,0,26.528254,-0.49908106,0,-2.3440306,0.0018660182,0
0.5,0,26.516194,-0.52568185,0,-2.3348021,0.0016883468,0
0.5,0,26.50401,-0.54889695,0,-2.3255736,0.0015021942,0
0.5,0,26.493266,-0.56810117,0,-2.3163452,0.0013086631,0
0.5,0,26.485701,-0.58337619,0,-2.3071167,0.0011089025,0
0.5,0,26.483008,-0.59551574,0,-2.2978882,0.00090407227,0
0.5,0,26.486976,-0.60520296,0,-2.2886598,0.00069529522,0
0.5,0,26.498429,-0.6118339,0,-2.2794313,0.00048368902,0
0.5,0,26.51953,-0.61511219,0,-2.2702028,0.00027050232,0
0.5,0,26.553214,-0.61707369,0,-2.2609744,5.71063e-05,0
0.5,0,26.898527,0.64348927,0,-1.8918357,1.2266958e-05,0
0.5,0,26.84931,0.63259315,0,-1.8826072,0.00022749647,0
0.5,0,26.812488,0.62646797,0,-1.8733788,0.0004420742,0
0.5,0,26.780821,0.6183684,0,-1.8641503,0.0006544345,0
0.5,0,26.750619,0.60676447,0,-1.8549218,0.00086332717,0
0.5,0,26.721581,0.58996628,0,-1.8456934,0.0010677011,0
0.5,0,26.695686,0.56941845,0,-1.8364649,0.001266457,0
0.5,0,26.673527,0.54619501,0,-1.8272364,0.0014584003,0
0.5,0,26.654101,0.51982829,0,-1.818008,0.0016424177,0
0.5,0,26.636355,0.49052361,0,-1.8087795,0.0018174622,0
0.5,0,26.620024,0.4590299,0,-1.799551,0.0019824549,0
0.5,0,26.605434,0.42527029,0,-1.7903226,0.0021363563,0
0.5,0,26.592805,0.38892659,0,-1.7810941,0.0022782564,0
0.5,0,26.581867,0.35029823,0,-1.7718656,0.0024073542,0
0.5,0,26.572246,0.30978482,0,-1.7626372,0.0025229435,0
0.5,0,26.563967,0.26755901,0,-1.7534087,0.0026244354,0
0.5,0,26.557314,0.22401868,0,-1.7441802,0.0027113218,0
0.5,0,26.552324,0.17967571,0,-1.7349518,0.0027831207,0
0.5,0,26.548679,0.13453852,0,-1.7257233,0.0028394089,0
0.5,0,26.546001,0.088297783,0,-1.7164948,0.0028798951,0
0.5,0,26.543971,0.041153307,0,-1.7072664,0.0029044161,0
0.5,0,26.542204,-0.0060256893,0,-1.6980379,0.0029128713,0
0.5,0,26.540103,-0.052382956,0,-1.6888094,0.0029051953,0
0.5,0,26.536894,-0.097613029,0,-1.679581,0.002881392,0
0.5,0,26.531859,-0.14185435,0,-1.6703525,0.0028415764,0
0.5,0,26.524511,-0.18533374,0,-1.661124,0.0027859881,0
0.5,0,26.514638,-0.22815748,0,-1.6518956,0.0027149895,0
0.5,0,26.50232,-0.27022149,0,-1.6426671,0.0026290597,0
0.5,0,26.487921,-0.31116281,0,-1.6334386,0.0025287891,0
0.5,0,26.472017,-0.35041884,0,-1.6242102,0.002414864,0
0.5,0,26.455285,-0.38741807,0,-1.6149817,0.0022880398,0
0.5,0,26.438403,-0.42178997,0,-1.6057532,0.0021491098,0
0.5,0,26.422076,-0.45344008,0,-1.5965248,0.0019988957,0
0.5,0,26.407157,-0.48240138,0,-1.5872963,0.0018382635,0
0.5,0,26.394768,-0.50853064,0,-1.5780678,0.0016681402,0
0.5,0,26.386267,-0.5313362,0,-1.5688394,0.0014895186,0
0.5,0,26.38304,-0.55026089,0,-1.5596109,0.0013034615,0
0.5,0,26.386324,-0.56526014,0,-1.5503824,0.0011111095,0
0.5,0,26.397073,-0.57705059,0,-1.541154,0.00091366871,0
0.5,0,26.416108,-0.58651357,0,-1.5319255,0.00071237012,0
0.5,0,26.443546,-0.59350725,0,-1.522697,0.00050844919,0
0.5,0,26.480001,-0.59732191,0,-1.5134686,0.00030320687,0
0.5,0,26.526807,-0.59896074,0,-1.5042401,9.8063601e-05,0
0.5,0,26.911176,0.62183089,0,-1.1535583,7.6441415e-06,0
0.5,0,26.862146,0.61417707,0,-1.1443299,0.00021496613,0
0.5,0,26.826071,0.61185556,0,-1.1351014,0.00042293592,0
0.5,0,26.795421,0.60806232,0,-1.1258729,0.00063006155,0
0.5,0,26.766049,0.60110942,0,-1.1166445,0.00083508366,0
0.5,0,26.737201,0.58904622,0,-1.107416,0.0010369386,0
0.5,0,26.710758,0.57291623,0,-1.0981875,0.0012345381,0
0.5,0,26.687673,0.5536294,0,-1.0889591,0.001426712,0
0.5,0,26.667507,0.53084755,0,-1.0797306,0.001612361,0
0.5,0,26.649684,0.50508159,0,-1.0705021,0.0017904182,0
0.5,0,26.634127,0.47736703,0,-1.0612737,0.0019597392,0
0.5,0,26.621044,0.44765874,0,-1.0520452,0.0021191825,0
0.5,0,26.61032,0.41535416,0,-1.0428167,0.002267727,0
0.5,0,26.601265,0.38036091,0,-1.0335883,0.0024044728,0
0.5,0,26.59313,0.34284613,0,-1.0243598,0.0025286285,0
0.5,0,26.585709,0.30301877,0,-1.0151313,0.002639521,0
0.5,0,26.579232,0.26150555,0,-1.0059029,0.0027365452,0
0.5,0,26.573813,0.21903762,0,-0.99667441,0.0028191042,0
0.5,0,26.569271,0.17562573,0,-0.98744595,0.0028866525,0
0.5,0,26.565384,0.13071437,0,-0.97821748,0.0029387893,0
0.5,0,26.562024,0.084219082,0,-0.96898901,0.0029752644,0
0.5,0,26.558947,0.036953001,0,-0.95976055,0.0029958975,0
0.5,0,26.555634,-0.0099860964,0,-0.95053208,0.0030005219,0
0.5,0,26.551361,-0.055928687,0,-0.94130361,0.002989002,0
0.5,0,26.545364,-0.10079505,0,-0.93207515,0.0029612831,0
0.5,0,26.537072,-0.14488583,0,-0.92284668,0.0029174339,0
0.5,0,26.526219,-0.1885902,0,-0.91361821,0.002857673,0
0.5,0,26.512864,-0.23207789,0,-0.90438975,0.0027823703,0
0.5,0,26.497361,-0.27505824,0,-0.89516128,0.0026920197,0
0.5,0,26.480272,-0.31679437,0,-0.88593281,0.0025871992,0
0.5,0,26.462233,-0.3564476,0,-0.87670435,0.0024685352,0
0.5,0,26.443875,-0.39354293,0,-0.86747588,0.0023366871,0
0.5,0,26.425871,-0.42817419,0,-0.85824741,0.0021923593,0
0.5,0,26.409088,-0.46073219,0,-0.84901895,0.0020363288,0
0.5,0,26.394684,-0.49135276,0,-0.83979048,0.0018694563,0
0.5,0,26.384025,-0.51955476,0,-0.83056201,0.0016926647,0
0.5,0,26.378464,-0.54443273,0,-0.82133354,0.001506919,0
0.5,0,26.379106,-0.56535242,0,-0.81210508,0.0013132358,0
0.5,0,26.386786,-0.58250578,0,-0.80287661,0.0011126982,0
0.5,0,26.402026,-0.59683153,0,-0.79364814,0.00090643818,0
0.5,0,26.425373,-0.60906859,0,-0.78441968,0.00069559229,0
0.5,0,26.456372,-0.6185049,0,-0.77519121,0.00048132635,0
0.5,0,26.496191,-0.62477397,0,-0.76596274,0.00026495598,0
0.5,0,26.546829,-0.63021637,0,-0.75673428,4.788495e-05,0
0.5,0,26.846852,0.68176057,0,-0.39682407,0.00010077652,0
0.5,0,26.802249,0.67575073,0,-0.38759561,0.00033136202,0
0.5,0,26.767021,0.67084449,0,-0.37836714,0.00056189399,0
0.5,0,26.735328,0.66358684,0,-0.36913867,0.00079074481,0
0.5,0,26.705008,0.65236851,0,-0.35991021,0.0010167341,0
0.5,0,26.677043,0.63687176,0,-0.35068174,0.0012387523,0
0.5,0,26.652785,0.61818296,0,-0.34145327,0.0014556256,0
0.5,0,26.63212,0.59648132,0,-0.3322248,0.0016661718,0
0.5,0,26.614198,0.57168635,0,-0.32299634,0.0018692721,0
0.5,0,26.598448,0.54444621,0,-0.31376787,0.0020638177,0
0.5,0,26.584773,0.51519588,0,-0.3045394,0.0022487149,0
0.5,0,26.573139,0.48368476,0,-0.29531094,0.0024229794,0
0.5,0,26.563172,0.44974161,0,-0.28608247,0.0025857603,0
0.5,0,26.554283,0.41353026,0,-0.276854,0.002736295,0
0.5,0,26.546149,0.37524382,0,-0.26762554,0.0028738876,0
0.5,0,26.538855,0.33522493,0,-0.25839707,0.002997897,0
0.5,0,26.532537,0.29403995,0,-0.2491686,0.0031077172,0
0.5,0,26.527056,0.2519743,0,-0.23994014,0.0032028088,0
0.5,0,26.522085,0.20878958,0,-0.23071167,0.0032827759,0
0.5,0,26.517307,0.16429583,0,-0.2214832,0.0033473826,0
0.5,0,26.512409,0.11891147,0,-0.21225474,0.0033964747,0
0.5,0,26.506966,0.073457448,0,-0.20302627,0.0034298962,0
0.5,0,26.500431,0.028589386,0,-0.1937978,0.0034474882,0
0.5,0,26.492324,-0.015443802,0,-0.18456934,0.0034491553,0
0.5,0,26.482386,-0.058674608,0,-0.17534087,0.0034349363,0
0.5,0,26.47055,-0.10124052,0,-0.1661124,0.0034050373,0
0.5,0,26.456968,-0.14325795,0,-0.15688394,0.0033598198,0
0.5,0,26.442035,-0.1847006,0,-0.14765547,0.0032997556,0
0.5,0,26.426362,-0.22531901,0,-0.138427,0.0032253715,0
0.5,0,26.410699,-0.26466003,0,-0.12919854,0.0031372151,0
0.5,0,26.395816,-0.30219974,0,-0.11997007,0.0030358622,0
0.5,0,26.382403,-0.33752811,0,-0.1107416,0.0029219577,0
0.5,0,26.371106,-0.37042354,0,-0.10151313,0.0027962587,0
0.5,0,26.362643,-0.4007145,0,-0.092284668,0.0026596418,0
0.5,0,26.357916,-0.42808317,0,-0.083056201,0.0025130719,0
0.5,0,26.358004,-0.4520863,0,-0.073827734,0.0023575713,0
0.5,0,26.364111,-0.4723984,0,-0.064599268,0.0021942332,0
0.5,0,26.377498,-0.48893341,0,-0.055370801,0.0020242854,0
0.5,0,26.399441,-0.50157496,0,-0.046142334,0.0018491729,0
0.5,0,26.431195,-0.50964742,0,-0.036913867,0.0016706461,0
0.5,0,26.473987,-0.51136192,0,-0.0276854,0.0014909099,0
0.5,0,26.528988,-0.50243458,0,-0.018456934,0.0013130343,0
0.5,0,26.59597,-0.4710191,0,-0.0092284668,0.0011423679,0
0.5,0,26.662913,-0.40048595,0,-2.5804012e-15,0.00099073044,0
0.5,0,26.910196,-0.21729627,0,0.1107416,-5.1235884e-05,0
0.5,0,26.887074,-0.22182948,0,0.10436506,-2.5804012e-15,0
0.5,0,26.937598,-0.20660952,0,0.11997007,-0.00012415442,0
0.5,0,26.956647,-0.20098239,0,0.12919854,-0.00019608215,0
0.5,0,26.970906,-0.19734496,0,0.138427,-0.00026693079,0
0.5,0,26.983318,-0.19434015,0,0.14765547,-0.00033654733,0
0.5,0,26.995919,-0.19114855,0,0.15688394,-0.00040491666,0
0.5,0,27.008623,-0.18757415,0,0.1661124,-0.00047207616,0
0.5,0,27.020657,-0.18364688,0,0.17534087,-0.00053805145,0
0.5,0,27.032112,-0.17927779,0,0.18456934,-0.0006028771,0
0.5,0,27.043574,-0.17465539,0,0.1937978,-0.00066658016,0
0.5,0,27.055065,-0.17023439,0,0.20302627,-0.00072913253,0
0.5,0,27.065925,-0.16624392,0,0.21225474,-0.0007904613,0
0.5,0,27.07553,-0.1625459,0,0.2214832,-0.00085050335,0
0.5,0,27.083842,-0.15888814,0,0.23071167,-0.00090923826,0
0.5,0,27.09124,-0.15512051,0,0.23994014,-0.00096668502,0
0.5,0,27.098054,-0.1512815,0,0.2491686,-0.0010228799,0
0.5,0,27.104366,-0.14759095,0,0.25839707,-0.0010778491,0
0.5,0,27.11018,-0.14427677,0,0.26762554,-0.0011315959,0
0.5,0,27.115616,-0.14133762,0,0.276854,-0.0011841224,0
0.5,0,27.120898,-0.1385215,0,0.28608247,-0.0012354668,0
0.5,0,27.126218,-0.13556956,0,0.29531094,-0.0012857169,0
0.5,0,27.131678,-0.13245561,0,0.3045394,-0.0013349866,0
0.5,0,27.137344,-0.12939574,0,0.31376787,-0.0013833775,0
0.5,0,27.143314,-0.12667573,0,0.32299634,-0.001430957,0
0.5,0,27.149705,-0.12447154,0,0.3322248,-0.0014777646,0
0.5,0,27.156593,-0.12276735,0,0.34145327,-0.0015238339,0
0.5,0,27.163966,-0.12138194,0,0.35068174,-0.0015692174,0
0.5,0,27.17172,-0.12007665,0,0.35991021,-0.0016139985,0
0.5,0,27.179664,-0.11869205,0,0.36913867,-0.0016582846,0
0.5,0,27.187537,-0.11723424,0,0.37836714,-0.0017021837,0
0.5,0,27.195068,-0.11585415,0,0.38759561,-0.0017457779,0
0.5,0,27.202063,-0.11473792,0,0.39682407,-0.0017891094,0
0.5,0,27.208512,-0.1139929,0,0.40605254,-0.0018321846,0
0.5,0,27.214618,-0.11360958,0,0.41528101,-0.001874989,0
0.5,0,27.220728,-0.11350517,0,0.42450947,-0.0019175004,0
0.5,0,27.227182,-0.11358243,0,0.43373794,-0.001959695,0
0.5,0,27.23416,-0.11374057,0,0.44296641,-0.0020015487,0
0.5,0,27.241581,-0.11384728,0,0.45219487,-0.0020430403,0
0.5,0,27.249124,-0.11373539,0,0.46142334,-0.0020841575,0
0.5,0,27.256325,-0.11325997,0,0.47065181,-0.0021248959,0
0.5,0,27.262742,-0.11237568,0,0.47988027,-0.0021652482,0
0.5,0,27.26809,-0.11116066,0,0.48910874,-0.0022051871,0
0.5,0,27.272315,-0.10975673,0,0.49833721,-0.0022446533,0
0.5,0,27.275567,-0.1082686,0,0.50756567,-0.0022835575,0
0.5,0,27.278092,-0.10669452,0,0.51679414,-0.0023217961,0
0.5,0,27.280091,-0.10493064,0,0.52602261,-0.0023592706,0
0.5,0,27.2816,-0.10283645,0,0.53525107,-0.002395901,0
0.5,0,27.28245,-0.10031364,0,0.54447954,-0.0024316273,0
0.5,0,27.282296,-0.097351824,0,0.55370801,-0.0024664032,0
0.5,0,27.28071,-0.094022245,0,0.56293647,-0.0025001847,0
0.5,0,27.277271,-0.09043449,0,0.57216494,-0.0025329248,0
0.5,0,27.271633,-0.08669043,0,0.58139341,-0.0025645723,0
0.5,0,27.263558,-0.082864624,0,0.59062188,-0.0025950758,0
0.5,0,27.252918,-0.079014896,0,0.59985034,-0.0026243878,0
0.5,0,27.239694,-0.075201395,0,0.60907881,-0.0026524657,0
0.5,0,27.223979,-0.071487494,0,0.61830728,-0.0026792722,0
0.5,0,27.205975,-0.067915136,0,0.62753574,-0.0027047774,0
0.5,0,27.185986,-0.064472771,0,0.63676421,-0.0027289642,0
0.5,0,27.164395,-0.061084953,0,0.64599268,-0.0027518359,0
0.5,0,27.14163,-0.057638378,0,0.65522114,-0.002773421,0
0.5,0,27.118137,-0.054031838,0,0.66444961,-0.0027937712,0
0.5,0,27.094365,-0.050224935,0,0.67367808,-0.002812952,0
0.5,0,27.070762,-0.046264432,0,0.68290654,-0.0028310289,0
0.5,0,27.047786,-0.042279381,0,0.69213501,-0.0028480539,0
0.5,0,27.025914,-0.038450069,0,0.70136348,-0.0028640556,0
0.5,0,27.005633,-0.03496077,0,0.71059194,-0.0028790374,0
0.5,0,26.987408,-0.031947879,0,0.71982041,-0.0028929822,0
0.5,0,26.97163,-0.029455478,0,0.72904888,-0.0029058651,0
0.5,0,26.958559,-0.027414772,0,0.73827734,-0.0029176694,0
0.5,0,26.948287,-0.025662977,0,0.74750581,-0.0029284015,0
0.5,0,26.94074,-0.024001412,0,0.75673428,-0.0029380974,0
0.5,0,26.935722,-0.022271161,0,0.76596274,-0.0029468191,0
0.5,0,26.932977,-0.020409035,0,0.77519121,-0.0029546407,0
0.5,0,26.932258,-0.018455975,0,0.78441968,-0.0029616308,0
0.5,0,26.933353,-0.016515385,0,0.79364814,-0.0029678378,0
0.5,0,26.936081,-0.014683189,0,0.80287661,-0.0029732859,0
0.5,0,26.940263,-0.012987587,0,0.81210508,-0.0029779801,0
0.5,0,26.945688,-0.011369106,0,0.82133354,-0.0029819171,0
0.5,0,26.952111,-0.0097070129,0,0.83056201,-0.0029850959,0
0.5,0,26.959269,-0.0078739942,0,0.83979048,-0.0029875219,0
0.5,0,26.966927,-0.0057878196,0,0.84901895,-0.0029892038,0
0.5,0,26.974898,-0.0034349244,0,0.85824741,-0.002990146,0
0.5,0,26.983064,-0.00085934184,0,0.86747588,-0.0029903411,0
0.5,0,26.991352,0.0018711898,0,0.87670435,-0.0029897666,0
0.5,0,26.999708,0.0047015052,0,0.88593281,-0.0029883865,0
0.5,0,27.008069,0.0076107383,0,0.89516128,-0.0029861583,0
0.5,0,27.016359,0.01061213,0,0.90438975,-0.0029830398,0
0.5,0,27.02451,0.013734625,0,0.91361821,-0.0029789947,0
0.5,0,27.032489,0.016997007,0,0.92284668,-0.0029739953,0
0.5,0,27.040321,0.020385852,0,0.93207515,-0.0029680201,0
0.5,0,27.048081,0.023846478,0,0.94130361,-0.0029610502,0
0.5,0,27.055877,0.027291692,0,0.95053208,-0.0029530653,0
0.5,0,27.063803,0.030626723,0,0.95976055,-0.0029440422,0
0.5,0,27.071904,0.033781681,0,0.96898901,-0.002933957,0
0.5,0,27.080156,0.036737636,0,0.97821748,-0.0029227919,0
0.5,0,27.088472,0.039533038,0,0.98744595,-0.0029105436,0
0.5,0,27.096741,0.042244698,0,0.99667441,-0.0028972305,0
0.5,0,27.104873,0.044950105,0,1.0059029,-0.0028828946,0
0.5,0,27.112846,0.047688713,0,1.0151313,-0.0028675984,0
0.5,0,27.120732,0.050441124,0,1.0243598,-0.0028514168,0
0.5,0,27.12868,0.053135342,0,1.0335883,-0.0028344286,0
0.5,0,27.136882,0.055675219,0,1.0428167,-0.00281671,0
0.5,0,27.145507,0.057975279,0,1.0520452,-0.0027983329,0
0.5,0,27.154641,0.059984793,0,1.0612737,-0.0027793666,0
0.5,0,27.164248,0.061692791,0,1.0705021,-0.0027598809,0
0.5,0,27.174163,0.063117465,0,1.0797306,-0.0027399488,0
0.5,0,27.18412,0.064290938,0,1.0889591,-0.0027196467,0
0.5,0,27.193816,0.065248955,0,1.0981875,-0.0026990525,0
0.5,0,27.202973,0.066027763,0,1.107416,-0.0026782425,0
0.5,0,27.211408,0.066663725,0,1.1166445,-0.0026572878,0
0.5,0,27.219061,0.067189076,0,1.1258729,-0.0026362506,0
0.5,0,27.226002,0.067622397,0,1.1351014,-0.0026151798,0
0.5,0,27.232403,0.067959825,0,1.1443299,-0.0025941064,0
0.5,0,27.238485,0.068176013,0,1.1535583,-0.0025730398,0
0.5,0,27.244471,0.068239614,0,1.1627868,-0.002551968,0
0.5,0,27.250536,0.068138783,0,1.1720153,-0.0025308618,0
0.5,0,27.256789,0.067903897,0,1.1812437,-0.002509683,0
0.5,0,27.263266,0.067613522,0,1.1904722,-0.0024883949,0
0.5,0,27.269945,0.067377161,0,1.1997007,-0.0024669698,0
0.5,0,27.276773,0.067300761,0,1.2089292,-0.0024453917,0
0.5,0,27.283688,0.067450959,0,1.2181576,-0.002423653,0
0.5,0,27.290644,0.067835653,0,1.2273861,-0.0024017462,0
0.5,0,27.297607,0.068410491,0,1.2366146,-0.0023796574,0
0.5,0,27.304551,0.069107618,0,1.245843,-0.0023573615,0
0.5,0,27.311439,0.069871812,0,1.2550715,-0.0023348252,0
0.5,0,27.318194,0.070685888,0,1.2643,-0.0023120134,0
0.5,0,27.324686,0.071573561,0,1.2735284,-0.0022888989,0
0.5,0,27.330716,0.072579917,0,1.2827569,-0.0022654695,0
0.5,0,27.336027,0.073740798,0,1.2919854,-0.0022417309,0
0.5,0,27.340319,0.075056761,0,1.3012138,-0.0022177043,0
0.5,0,27.34328,0.076483374,0,1.3104423,-0.0021934215,0
0.5,0,27.344615,0.077940298,0,1.3196708,-0.0021689181,0
0.5,0,27.344072,0.079332569,0,1.3288992,-0.0021442277,0
0.5,0,27.341454,0.080573414,0,1.3381277,-0.0021193781,0
0.5,0,27.336617,0.081599965,0,1.3473562,-0.0020943897,0
0.5,0,27.329462,0.082378955,0,1.3565846,-0.0020692747,0
0.5,0,27.319923,0.08290486,0,1.3658131,-0.0020440378,0
0.5,0,27.307954,0.083195086,0,1.3750416,-0.0020186775,0
0.5,0,27.293533,0.083285433,0,1.38427,-0.0019931891,0
0.5,0,27.276677,0.083226219,0,1.3934985,-0.0019675676,0
0.5,0,27.25747,0.083077517,0,1.402727,-0.0019418111,0
0.5,0,27.236085,0.082902285,0,1.4119554,-0.0019159231,0
0.5,0,27.21281,0.082757963,0,1.4211839,-0.0018899128,0
0.5,0,27.188051,0.082688724,0,1.4304124,-0.0018637927,0
0.5,0,27.162322,0.082720612,0,1.4396408,-0.0018375751,0
0.5,0,27.136216,0.082860575,0,1.4488693,-0.0018112674,0
0.5,0,27.110363,0.083099021,0,1.4580978,-0.0017848688,0
0.5,0,27.085385,0.083414746,0,1.4673262,-0.0017583681,0
0.5,0,27.061848,0.083781127,0,1.4765547,-0.0017317455,0
0.5,0,27.040225,0.084172429,0,1.4857832,-0.0017049739,0
0.5,0,27.020862,0.084568861,0,1.4950116,-0.0016780229,0
0.5,0,27.003962,0.084958792,0,1.5042401,-0.0016508606,0
0.5,0,26.989579,0.085337353,0,1.5134686,-0.0016234564,0
0.5,0,26.977628,0.085702636,0,1.522697,-0.0015957824,0
0.5,0,26.967915,0.086052802,0,1.5319255,-0.0015678161,0
0.5,0,26.960176,0.086387693,0,1.541154,-0.0015395436,0
0.5,0,26.954129,0.086715782,0,1.5503824,-0.0015109637,0
0.5,0,26.949518,0.087062492,0,1.5596109,-0.0014820896,0
0.5,0,26.946155,0.087472553,0,1.5688394,-0.0014529497,0
0.5,0,26.943931,0.088000331,0,1.5780678,-0.0014235839,0
0.5,0,26.942827,0.088688883,0,1.5872963,-0.0013940375,0
0.5,0,26.94289,0.089546947,0,1.5965248,-0.0013643548,0
0.5,0,26.94421,0.090537423,0,1.6057532,-0.0013345724,0
0.5,0,26.946889,0.091586805,0,1.6149817,-0.0013047145,0
0.5,0,26.951009,0.09261361,0,1.6242102,-0.0012747898,0
0.5,0,26.956614,0.09356188,0,1.6334386,-0.0012447906,0
0.5,0,26.963695,0.094421449,0,1.6426671,-0.0012146936,0
0.5,0,26.972183,0.095223977,0,1.6518956,-0.0011844633,0
0.5,0,26.981952,0.096018583,0,1.661124,-0.0011540574,0
0.5,0,26.99282,0.096843654,0,1.6703525,-0.0011234327,0
0.5,0,27.004561,0.097712779,0,1.679581,-0.0010925497,0
0.5,0,27.01691,0.098621542,0,1.6888094,-0.0010613726,0
0.5,0,27.029581,0.099566247,0,1.6980379,-0.0010298666,0
0.5,0,27.042279,0.10055752,0,1.7072664,-0.00099799258,0
0.5,0,27.054717,0.10161752,0,1.7164948,-0.00096570518,0
0.5,0,27.066634,0.10276457,0,1.7257233,-0.0009329563,0
0.5,0,27.077818,0.10399969,0,1.7349518,-0.0008997031,0
0.5,0,27.088112,0.10530806,0,1.7441802,-0.00086591741,0
0.5,0,27.097434,0.10667447,0,1.7534087,-0.00083159118,0
0.5,0,27.105777,0.10810027,0,1.7626372,-0.00079673564,0
0.5,0,27.113211,0.10960705,0,1.7718656,-0.00076137499,0
0.5,0,27.11988,0.11122009,0,1.7810941,-0.00072553843,0
0.5,0,27.125985,0.11293606,0,1.7903226,-0.00068925532,0
0.5,0,27.131765,0.1146905,0,1.799551,-0.00065255619,0
0.5,0,27.137473,0.11634977,0,1.8087795,-0.00061547895,0
0.5,0,27.143343,0.11774799,0,1.818008,-0.0005780756,0
0.5,0,27.14956,0.11876128,0,1.8272364,-0.00054041235,0
0.5,0,27.156237,0.11937493,0,1.8364649,-0.00050256021,0
0.5,0,27.163401,0.11969136,0,1.8456934,-0.00046458015,0
0.5,0,27.170996,0.11986513,0,1.8549218,-0.00042651239,0
0.5,0,27.178896,0.12000206,0,1.8641503,-0.00038837741,0
0.5,0,27.186935,0.12008385,0,1.8733788,-0.00035018877,0
0.5,0,27.194927,0.11998226,0,1.8826072,-0.00031196942,0
0.5,0,27.202689,0.11959242,0,1.8918357,-0.00027375656,0
0.5,0,27.210052,0.11901436,0,1.9010642,-0.00023558314,0
0.5,0,27.216841,0.11860717,0,1.9102926,-0.00019744236,0
0.5,0,27.222806,0.11874225,0,1.9195211,-0.00015926733,0
0.5,0,27.227378,0.11946335,0,1.9287496,-0.00012096884,0
0.5,0,27.228716,0.12119959,0,1.937978,-8.2514682e-05,0
0.5,0,27.222491,0.12615242,0,1.9472065,-4.3855671e-05,0
0.5,0,27.208167,0.12922196,0,1.956435,-4.964499e-06,0
0.5,0,27.206447,0.12879193,0,1.9576027,-2.5804012e-15,0
0.5,0,26.96039,-0.13053327,0,3.8205853,-1.2780516e-05,0
0.5,0,26.959762,-0.13013515,0,3.8176028,-2.5804012e-15,0
0.5,0,26.962503,-0.1267631,0,3.8298137,-5.2759478e-05,0
0.5,0,26.96043,-0.12511193,0,3.8390422,-9.3288173e-05,0
0.5,0,26.955211,-0.12607145,0,3.8482707,-0.00013435585,0
0.5,0,26.949033,-0.12759432,0,3.8574991,-0.00017583974,0
0.5,0,26.943821,-0.12894413,0,3.8667276,-0.00021770974,0
0.5,0,26.940167,-0.12981073,0,3.8759561,-0.0002599944,0
0.5,0,26.937334,-0.13029117,0,3.8851845,-0.00030270131,0
0.5,0,26.935015,-0.13040262,0,3.894413,-0.00034581305,0
0.5,0,26.933958,-0.13016563,0,3.9036415,-0.00038929932,0
0.5,0,26.935078,-0.12981435,0,3.9128699,-0.00043309214,0
0.5,0,26.938603,-0.12957956,0,3.9220984,-0.0004770737,0
0.5,0,26.944202,-0.12945737,0,3.9313269,-0.00052110532,0
0.5,0,26.951594,-0.12928165,0,3.9405553,-0.00056506128,0
0.5,0,26.960821,-0.12887284,0,3.9497838,-0.00060884232,0
0.5,0,26.971983,-0.12810173,0,3.9590123,-0.00065237585,0
0.5,0,26.984907,-0.12693555,0,3.9682407,-0.00069560863,0
0.5,0,26.999131,-0.12545039,0,3.9774692,-0.00073849361,0
0.5,0,27.014147,-0.12374593,0,3.9866977,-0.00078098332,0
0.5,0,27.029586,-0.12186017,0,3.9959261,-0.00082303687,0
0.5,0,27.045194,-0.11981087,0,4.0051546,-0.00086462728,0
0.5,0,27.060737,-0.11769561,0,4.0143831,-0.0009057355,0
0.5,0,27.075971,-0.11568987,0,4.0236115,-0.00094633817,0
0.5,0,27.090712,-0.11392806,0,4.03284,-0.00098640734,0
0.5,0,27.104869,-0.11240066,0,4.0420685,-0.0010259271,0
0.5,0,27.118422,-0.11096575,0,4.0512969,-0.0010649142,0
0.5,0,27.13138,-0.10945002,0,4.0605254,-0.001103427,0
0.5,0,27.143767,-0.10775943,0,4.0697539,-0.0011415583,0
0.5,0,27.155631,-0.1059429,0,4.0789823,-0.0011794142,0
0.5,0,27.167023,-0.10418786,0,4.0882108,-0.0012170898,0
0.5,0,27.177952,-0.10274852,0,4.0974393,-0.0012546517,0
0.5,0,27.188353,-0.10183418,0,4.1066677,-0.0012921347,0
0.5,0,27.198126,-0.10151244,0,4.1158962,-0.0013295543,0
0.5,0,27.207219,-0.10168411,0,4.1251247,-0.0013669282,0
0.5,0,27.215705,-0.1021477,0,4.1343531,-0.0014042932,0
0.5,0,27.223783,-0.10271066,0,4.1435816,-0.0014417072,0
0.5,0,27.231695,-0.10327181,0,4.1528101,-0.0014792384,0
0.5,0,27.239619,-0.10382717,0,4.1620385,-0.0015169486,0
0.5,0,27.247581,-0.10441756,0,4.171267,-0.001554882,0
0.5,0,27.25544,-0.10507569,0,4.1804955,-0.001593062,0
0.5,0,27.262947,-0.10581009,0,4.1897239,-0.0016314938,0
0.5,0,27.26984,-0.10661411,0,4.1989524,-0.0016701661,0
0.5,0,27.275945,-0.10746881,0,4.2081809,-0.0017090539,0
0.5,0,27.281246,-0.10833123,0,4.2174093,-0.0017481216,0
0.5,0,27.285907,-0.10912862,0,4.2266378,-0.0017873288,0
0.5,0,27.290242,-0.10977836,0,4.2358663,-0.0018266347,0
0.5,0,27.294633,-0.11022677,0,4.2450947,-0.001865998,0
0.5,0,27.299426,-0.11047898,0,4.2543232,-0.0019053724,0
0.5,0,27.304851,-0.11059585,0,4.2635517,-0.0019447005,0
0.5,0,27.310972,-0.11065622,0,4.2727801,-0.0019839114,0
0.5,0,27.317709,-0.11070576,0,4.2820086,-0.0020229255,0
0.5,0,27.324893,-0.1107211,0,4.2912371,-0.0020616645,0
0.5,0,27.332322,-0.11061017,0,4.3004655,-0.0021000624,0
0.5,0,27.339817,-0.11024866,0,4.309694,-0.0021380734,0
0.5,0,27.34723,-0.10953273,0,4.3189225,-0.0021756716,0
0.5,0,27.354445,-0.1084188,0,4.3281509,-0.0022128436,0
0.5,0,27.36138,-0.10693088,0,4.3373794,-0.0022495794,0
0.5,0,27.367977,-0.10513686,0,4.3466079,-0.002285863,0
0.5,0,27.374206,-0.10311303,0,4.3558363,-0.0023216696,0
0.5,0,27.380059,-0.10091859,0,4.3650648,-0.0023569649,0
0.5,0,27.385534,-0.09858879,0,4.3742933,-0.0023917067,0
0.5,0,27.390612,-0.096140507,0,4.3835217,-0.0024258459,0
0.5,0,27.395246,-0.09357847,0,4.3927502,-0.0024593262,0
0.5,0,27.399354,-0.090897954,0,4.4019787,-0.0024920841,0
0.5,0,27.402827,-0.088088673,0,4.4112071,-0.0025240498,0
0.5,0,27.405543,-0.085145424,0,4.4204356,-0.0025551478,0
0.5,0,27.407398,-0.08208217,0,4.4296641,-0.0025852979,0
0.5,0,27.408318,-0.078937897,0,4.4388925,-0.0026144162,0
0.5,0,27.40828,-0.075764785,0,4.448121,-0.0026424165,0
0.5,0,27.407304,-0.072601956,0,4.4573495,-0.0026692168,0
0.5,0,27.405437,-0.069450909,0,4.4665779,-0.0026947464,0
0.5,0,27.402713,-0.066270702,0,4.4758064,-0.0027189559,0
0.5,0,27.399123,-0.062999413,0,4.4850349,-0.002741823,0
0.5,0,27.394599,-0.059591139,0,4.4942633,-0.0027633526,0
0.5,0,27.389025,-0.05604726,0,4.5034918,-0.0027835714,0
0.5,0,27.382277,-0.052424417,0,4.5127203,-0.0028025196,0
0.5,0,27.374273,-0.048816275,0,4.5219487,-0.0028202435,0
0.5,0,27.365007,-0.045321442,0,4.5311772,-0.0028367917,0
0.5,0,27.354545,-0.042016113,0,4.5404057,-0.0028522163,0
0.5,0,27.342987,-0.038943929,0,4.5496341,-0.0028665758,0
0.5,0,27.330424,-0.036123579,0,4.5588626,-0.0028799375,0
0.5,0,27.316897,-0.033563115,0,4.5680911,-0.0028923775,0
0.5,0,27.302399,-0.031269137,0,4.5773195,-0.0029039792,0
0.5,0,27.286911,-0.029245391,0,4.586548,-0.0029148303,0
0.5,0,27.270458,-0.027483305,0,4.5957765,-0.0029250206,0
0.5,0,27.253163,-0.02595512,0,4.6050049,-0.0029346401,0
0.5,0,27.235251,-0.024618457,0,4.6142334,-0.0029437774,0
0.5,0,27.217027,-0.023430272,0,4.6234619,-0.0029525162,0
0.5,0,27.198824,-0.022359915,0,4.6326903,-0.0029609314,0
0.5,0,27.180959,-0.021393795,0,4.6419188,-0.002969084,0
0.5,0,27.163709,-0.020530817,0,4.6511473,-0.0029770181,0
0.5,0,27.147305,-0.019773127,0,4.6603757,-0.0029847595,0
0.5,0,27.131953,-0.019118005,0,4.6696042,-0.0029923155,0
0.5,0,27.117846,-0.018553902,0,4.6788327,-0.0029996772,0
0.5,0,27.105176,-0.018059756,0,4.6880611,-0.003006821,0
0.5,0,27.094132,-0.017604854,0,4.6972896,-0.0030137107,0
0.5,0,27.084897,-0.017147274,0,4.7065181,-0.0030203003,0
0.5,0,27.07764,-0.016633123,0,4.7157465,-0.0030265363,0
0.5,0,27.072519,-0.016001153,0,4.724975,-0.0030323598,0
0.5,0,27.069683,-0.015192972,0,4.7342035,-0.0030377074,0
0.5,0,27.069277,-0.014163151,0,4.7434319,-0.0030425112,0
0.5,0,27.071415,-0.012882663,0,4.7526604,-0.0030466978,0
0.5,0,27.076151,-0.01133388,0,4.7618889,-0.0030501878,0
0.5,0,27.08343,-0.0095008701,0,4.7711173,-0.0030528966,0
0.5,0,27.093062,-0.0073626844,0,4.7803458,-0.0030547378,0
0.5,0,27.104695,-0.0048939907,0,4.7895743,-0.0030556268,0
0.5,0,27.117839,-0.0020714841,0,4.7988027,-0.0030554846,0
0.5,0,27.131903,0.0011168563,0,4.8080312,-0.0030542402,0
0.5,0,27.146264,0.0046631174,0,4.8172597,-0.003051831,0
0.5,0,27.160335,0.0085378015,0,4.8264881,-0.0030482028,0
0.5,0,27.17363,0.01269765,0,4.8357166,-0.0030433091,0
0.5,0,27.185816,0.017095477,0,4.8449451,-0.0030371104,0
0.5,0,27.19672,0.021684337,0,4.8541735,-0.0030295737,0
0.5,0,27.206323,0.026413928,0,4.863402,-0.0030206717,0
0.5,0,27.214718,0.031224089,0,4.8726305,-0.0030103819,0
0.5,0,27.222067,0.036043605,0,4.8818589,-0.0029986857,0
0.5,0,27.228548,0.040798647,0,4.8910874,-0.002985569,0
0.5,0,27.234316,0.045428621,0,4.9003159,-0.0029710249,0
0.5,0,27.239482,0.049901254,0,4.9095443,-0.0029550573,0
0.5,0,27.244113,0.054217533,0,4.9187728,-0.0029376855,0
0.5,0,27.24825,0.058402375,0,4.9280013,-0.0029189467,0
0.5,0,27.251931,0.06248453,0,4.9372297,-0.0028988944,0
0.5,0,27.255224,0.066474895,0,4.9464582,-0.002877594,0
0.5,0,27.258239,0.070353212,0,4.9556867,-0.0028551154,0
0.5,0,27.261131,0.074068635,0,4.9649151,-0.0028315247,0
0.5,0,27.26409,0.077552679,0,4.9741436,-0.0028068783,0
0.5,0,27.267316,0.08073789,0,4.9833721,-0.0027812212,0
0.5,0,27.270992,0.083574432,0,4.9926005,-0.0027545881,0
0.5,0,27.275267,0.086039572,0,5.001829,-0.0027270084,0
0.5,0,27.280238,0.088139659,0,5.0110575,-0.0026985108,0
0.5,0,27.28593,0.089907631,0,5.0202859,-0.0026691295,0
0.5,0,27.292297,0.091399469,0,5.0295144,-0.0026389068,0
0.5,0,27.299231,0.092690618,0,5.0387429,-0.0026078946,0
0.5,0,27.306584,0.093870658,0,5.0479713,-0.0025761544,0
0.5,0,27.314189,0.095033921,0,5.0571998,-0.002543754,0
0.5,0,27.321874,0.096265932,0,5.0664283,-0.0025107642,0
0.5,0,27.329484,0.097628616,0,5.0756567,-0.0024772541,0
0.5,0,27.336889,0.099148955,0,5.0848852,-0.0024432869,0
0.5,0,27.343992,0.10081527,0,5.0941137,-0.0024089159,0
0.5,0,27.350732,0.10258239,0,5.1033421,-0.0023741825,0
0.5,0,27.357075,0.10438326,0,5.1125706,-0.0023391155,0
0.5,0,27.363013,0.10614342,0,5.1217991,-0.0023037325,0
0.5,0,27.368555,0.1077951,0,5.1310275,-0.0022680418,0
0.5,0,27.373721,0.10928852,0,5.140256,-0.0022320461,0
0.5,0,27.378539,0.11059681,0,5.1494845,-0.0021957445,0
0.5,0,27.383038,0.11171367,0,5.1587129,-0.0021591364,0
0.5,0,27.387239,0.11264646,0,5.1679414,-0.0021222236,0
0.5,0,27.391144,0.11340757,0,5.1771699,-0.0020850121,0
0.5,0,27.394731,0.11400682,0,5.1863983,-0.0020475121,0
0.5,0,27.397956,0.11444904,0,5.1956268,-0.0020097379,0
0.5,0,27.400773,0.11473816,0,5.2048553,-0.0019717053,0
0.5,0,27.40314,0.11488379,0,5.2140837,-0.0019334305,0
0.5,0,27.405029,0.1149069,0,5.2233122,-0.0018949284,0
0.5,0,27.406446,0.1148429,0,5.2325407,-0.0018562132,0
0.5,0,27.407434,0.11474086,0,5.2417691,-0.0018173001,0
0.5,0,27.408057,0.11465912,0,5.2509976,-0.0017782065,0
0.5,0,27.408386,0.11465839,0,5.2602261,-0.001738952,0
0.5,0,27.408482,0.11479275,0,5.2694545,-0.0016995546,0
0.5,0,27.408384,0.1150984,0,5.278683,-0.0016600258,0
0.5,0,27.4081,0.11558313,0,5.2879115,-0.0016203657,0
0.5,0,27.40761,0.11622238,0,5.2971399,-0.00158056,0
0.5,0,27.406865,0.11696697,0,5.3063684,-0.0015405815,0
0.5,0,27.405816,0.11776137,0,5.3155969,-0.001500394,0
0.5,0,27.404402,0.1185671,0,5.3248253,-0.001459958,0
0.5,0,27.402548,0.1193791,0,5.3340538,-0.0014192372,0
0.5,0,27.400198,0.12022522,0,5.3432823,-0.0013782028,0
0.5,0,27.397267,0.12114584,0,5.3525107,-0.0013368387,0
0.5,0,27.393654,0.12216616,0,5.3617392,-0.0012951456,0
0.5,0,27.389228,0.12328741,0,5.3709677,-0.0012531436,0
0.5,0,27.383829,0.1245024,0,5.3801961,-0.0012108697,0
0.5,0,27.377285,0.12577559,0,5.3894246,-0.0011683709,0
0.5,0,27.369469,0.12703563,0,5.3986531,-0.001125699,0
0.5,0,27.360197,0.12823623,0,5.4078815,-0.0010829042,0
0.5,0,27.349338,0.12934532,0,5.41711,-0.0010400257,0
0.5,0,27.337029,0.13028566,0,5.4263385,-0.00099708732,0
0.5,0,27.323492,0.13096585,0,5.4355669,-0.00095410253,0
0.5,0,27.308981,0.13133427,0,5.4447954,-0.00091108492,0
0.5,0,27.293875,0.13137718,0,5.4540239,-0.00086805058,0
0.5,0,27.278641,0.13112287,0,5.4632523,-0.00082501361,0
0.5,0,27.263728,0.13066004,0,5.4724808,-0.00078198359,0
0.5,0,27.249517,0.13010501,0,5.4817093,-0.0007389671,0
0.5,0,27.236291,0.12953635,0,5.4909377,-0.00069597161,0
0.5,0,27.224239,0.12896061,0,5.5001662,-0.0006530121,0
0.5,0,27.213477,0.12833092,0,5.5093947,-0.00061011812,0
0.5,0,27.20409,0.12760497,0,5.5186231,-0.00056733506,0
0.5,0,27.196174,0.12680425,0,5.5278516,-0.00052471579,0
0.5,0,27.189883,0.12602806,0,5.5370801,-0.00048230648,0
0.5,0,27.185448,0.12540338,0,5.5463085,-0.00044013567,0
0.5,0,27.183181,0.12499655,0,5.555537,-0.00039821462,0
0.5,0,27.18343,0.12474275,0,5.5647655,-0.00035655077,0
0.5,0,27.18649,0.12446136,0,5.5739939,-0.00031516676,0
0.5,0,27.192525,0.12399307,0,5.5832224,-0.00027410915,0
0.5,0,27.201456,0.12338732,0,5.5924509,-0.00023343251,0
0.5,0,27.212959,0.12295805,0,5.6016793,-0.00019316359,0
0.5,0,27.226241,0.12301478,0,5.6109078,-0.00015327882,0
0.5,0,27.239999,0.12353318,0,5.6201363,-0.00011374124,0
0.5,0,27.251348,0.1250419,0,5.6293647,-7.4575553e-05,0
0.5,0,27.254776,0.12989904,0,5.6385932,-3.5767416e-05,0
0.5,0,27.25069,0.13072804,0,5.6471839,-2.5804012e-15,0
0.5,0,27.305588,-0.17475044,0,7.631942,-3.7120475e-05,0
0.5,0,27.309125,-0.17666627,0,7.6257635,-2.5804012e-15,0
0.5,0,27.291825,-0.16774094,0,7.6411705,-9.2505565e-05,0
0.5,0,27.26819,-0.16520517,0,7.650399,-0.00014793972,0
0.5,0,27.238477,-0.16413484,0,7.6596274,-0.00020328343,0
0.5,0,27.206317,-0.16315988,0,7.6688559,-0.00025836131,0
0.5,0,27.174802,-0.16153925,0,7.6780844,-0.00031313207,0
0.5,0,27.144911,-0.15923924,0,7.6873128,-0.00036758817,0
0.5,0,27.116621,-0.15651369,0,7.6965413,-0.00042167916,0
0.5,0,27.090572,-0.15343858,0,7.7057698,-0.00047533153,0
0.5,0,27.067938,-0.15019096,0,7.7149982,-0.00052845334,0
0.5,0,27.049311,-0.1471193,0,7.7242267,-0.00058090775,0
0.5,0,27.034328,-0.14440145,0,7.7334552,-0.00063252438,0
0.5,0,27.022263,-0.14192859,0,7.7426836,-0.00068314452,0
0.5,0,27.012651,-0.13948017,0,7.7519121,-0.00073265168,0
0.5,0,27.005301,-0.13685782,0,7.7611406,-0.00078097797,0
0.5,0,26.99995,-0.13394135,0,7.770369,-0.00082809892,0
0.5,0,26.996132,-0.13073955,0,7.7795975,-0.00087401862,0
0.5,0,26.993393,-0.12735104,0,7.788826,-0.00091875299,0
0.5,0,26.991581,-0.12383656,0,7.7980544,-0.00096232718,0
0.5,0,26.990929,-0.12018149,0,7.8072829,-0.001004784,0
0.5,0,26.991931,-0.11640993,0,7.8165114,-0.0010461822,0
0.5,0,26.995197,-0.11268088,0,7.8257398,-0.0010865776,0
0.5,0,27.00133,-0.10922615,0,7.8349683,-0.0011260049,0
0.5,0,27.010802,-0.10620213,0,7.8441968,-0.0011644797,0
0.5,0,27.023807,-0.10360774,0,7.8534252,-0.001202016,0
0.5,0,27.040159,-0.1013171,0,7.8626537,-0.0012386465,0
0.5,0,27.059293,-0.099170403,0,7.8718822,-0.0012744316,0
0.5,0,27.080354,-0.097059766,0,7.8811106,-0.0013094559,0
0.5,0,27.102316,-0.094977413,0,7.8903391,-0.0013438161,0
0.5,0,27.124094,-0.093012282,0,7.8995676,-0.001377605,0
0.5,0,27.144666,-0.091297422,0,7.908796,-0.0014109014,0
0.5,0,27.16323,-0.089934948,0,7.9180245,-0.0014437695,0
0.5,0,27.17935,-0.088945536,0,7.927253,-0.0014762671,0
0.5,0,27.193023,-0.088277813,0,7.9364814,-0.0015084556,0
0.5,0,27.204629,-0.087867344,0,7.9457099,-0.0015404042,0
0.5,0,27.214759,-0.087692337,0,7.9549384,-0.0015721848,0
0.5,0,27.224003,-0.087778339,0,7.9641668,-0.0016038634,0
0.5,0,27.232767,-0.088156508,0,7.9733953,-0.0016354952,0
0.5,0,27.241217,-0.08882471,0,7.9826238,-0.0016671265,0
0.5,0,27.24931,-0.089748677,0,7.9918522,-0.0016987982,0
0.5,0,27.256921,-0.090889146,0,8.0010807,-0.0017305464,0
0.5,0,27.263975,-0.092212433,0,8.0103092,-0.0017624003,0
0.5,0,27.270543,-0.093667216,0,8.0195376,-0.001794381,0
0.5,0,27.276851,-0.095155278,0,8.0287661,-0.0018265051,0
0.5,0,27.283225,-0.096536272,0,8.0379946,-0.0018587887,0
0.5,0,27.289978,-0.097675409,0,8.047223,-0.0018912469,0
0.5,0,27.297312,-0.098502501,0,8.0564515,-0.0019238859,0
0.5,0,27.305268,-0.09903843,0,8.06568,-0.0019566901,0
0.5,0,27.313732,-0.099367861,0,8.0749084,-0.0019896109,0
0.5,0,27.322506,-0.099573338,0,8.0841369,-0.0020225654,0
0.5,0,27.331386,-0.099670043,0,8.0933654,-0.0020554447,0
0.5,0,27.34022,-0.099579245,0,8.1025938,-0.0020881301,0
0.5,0,27.34893,-0.099154707,0,8.1118223,-0.0021205072,0
0.5,0,27.357498,-0.098244765,0,8.1210508,-0.0021524739,0
0.5,0,27.365944,-0.096752936,0,8.1302792,-0.0021839379,0
0.5,0,27.374298,-0.094664569,0,8.1395077,-0.0022148097,0
0.5,0,27.38258,-0.092032387,0,8.1487362,-0.0022449948,0
0.5,0,27.390787,-0.088940406,0,8.1579646,-0.0022743912,0
0.5,0,27.398877,-0.085474004,0,8.1671931,-0.0023028919,0
0.5,0,27.406764,-0.08171033,0,8.1764216,-0.0023303907,0
0.5,0,27.414319,-0.077722395,0,8.18565,-0.0023567869,0
0.5,0,27.421385,-0.073580896,0,8.1948785,-0.00238199,0
0.5,0,27.427808,-0.069346213,0,8.204107,-0.0024059231,0
0.5,0,27.433468,-0.065058161,0,8.2133354,-0.002428526,0
0.5,0,27.438307,-0.060736985,0,8.2225639,-0.0024497585,0
0.5,0,27.442348,-0.056399778,0,8.2317924,-0.002469599,0
0.5,0,27.445695,-0.052081164,0,8.2410208,-0.0024880414,0
0.5,0,27.448508,-0.047840609,0,8.2502493,-0.002505089,0
0.5,0,27.450964,-0.043747817,0,8.2594778,-0.0025207506,0
0.5,0,27.453208,-0.039854952,0,8.2687062,-0.0025350397,0
0.5,0,27.455301,-0.03617539,0,8.2779347,-0.0025479789,0
0.5,0,27.457209,-0.032684388,0,8.2871632,-0.0025596045,0
0.5,0,27.458811,-0.02934124,0,8.2963917,-0.0025699692,0
0.5,0,27.459946,-0.026117792,0,8.3056201,-0.0025791396,0
0.5,0,27.460462,-0.023015183,0,8.3148486,-0.0025871911,0
0.5,0,27.460246,-0.020060554,0,8.3240771,-0.0025942007,0
0.5,0,27.459224,-0.017289867,0,8.3333055,-0.0026002428,0
0.5,0,27.457324,-0.01473138,0,8.342534,-0.0026053879,0
0.5,0,27.454431,-0.012401114,0,8.3517625,-0.0026097035,0
0.5,0,27.450363,-0.010310482,0,8.3609909,-0.0026132563,0
0.5,0,27.444872,-0.0084765841,0,8.3702194,-0.0026161126,0
0.5,0,27.437678,-0.006924288,0,8.3794479,-0.0026183383,0
0.5,0,27.428518,-0.0056754505,0,8.3886763,-0.0026200008,0
0.5,0,27.417196,-0.0047295244,0,8.3979048,-0.0026211715,0
0.5,0,27.403605,-0.0040530573,0,8.4071333,-0.0026219299,0
0.5,0,27.387735,-0.0035882397,0,8.4163617,-0.0026223675,0
0.5,0,27.369673,-0.0032726033,0,8.4255902,-0.0026225879,0
0.5,0,27.349616,-0.0030637877,0,8.4348187,-0.0026227028,0
0.5,0,27.327891,-0.0029576757,0,8.4440471,-0.0026228241,0
0.5,0,27.304971,-0.0029883803,0,8.4532756,-0.0026230545,0
0.5,0,27.281473,-0.0032131165,0,8.4625041,-0.0026234797,0
0.5,0,27.258124,-0.0036906359,0,8.4717325,-0.0026241624,0
0.5,0,27.235687,-0.0044610654,0,8.480961,-0.0026251408,0
0.5,0,27.214862,-0.0055306314,0,8.4901895,-0.0026264299,0
0.5,0,27.196191,-0.0068618019,0,8.4994179,-0.0026280256,0
0.5,0,27.179998,-0.0083705131,0,8.5086464,-0.0026299112,0
0.5,0,27.166368,-0.0099337567,0,8.5178749,-0.0026320638,0
0.5,0,27.155181,-0.011409066,0,8.5271033,-0.0026344593,0
0.5,0,27.146177,-0.012662108,0,8.5363318,-0.0026370746,0
0.5,0,27.139039,-0.013593046,0,8.5455603,-0.0026398861,0
0.5,0,27.133477,-0.014151261,0,8.5547887,-0.0026428654,0
0.5,0,27.129278,-0.014332971,0,8.5640172,-0.0026459752,0
0.5,0,27.126344,-0.014164179,0,8.5732457,-0.0026491674,0
0.5,0,27.124682,-0.013678406,0,8.5824741,-0.0026523839,0
0.5,0,27.124391,-0.012900454,0,8.5917026,-0.0026555607,0
0.5,0,27.125623,-0.011842673,0,8.6009311,-0.0026586329,0
0.5,0,27.128551,-0.010512348,0,8.6101595,-0.0026615389,0
0.5,0,27.133324,-0.0089227825,0,8.619388,-0.0026642225,0
0.5,0,27.140026,-0.0071006445,0,8.6286165,-0.0026666328,0
0.5,0,27.148635,-0.0050868302,0,8.6378449,-0.0026687238,0
0.5,0,27.159005,-0.0029328626,0,8.6470734,-0.0026704532,0
0.5,0,27.170855,-0.00069709115,0,8.6563019,-0.0026717817,0
0.5,0,27.183787,0.0015569116,0,8.6655303,-0.002672673,0
0.5,0,27.197326,0.003762289,0,8.6747588,-0.0026730923,0
0.5,0,27.210973,0.0058552898,0,8.6839873,-0.0026730061,0
0.5,0,27.224261,0.0077873119,0,8.6932157,-0.0026723828,0
0.5,0,27.236813,0.0095391028,0,8.7024442,-0.002671194,0
0.5,0,27.248371,0.011130049,0,8.7116727,-0.0026694186,0
0.5,0,27.258815,0.012615911,0,8.7209011,-0.0026670465,0
0.5,0,27.268155,0.014072806,0,8.7301296,-0.0026640809,0
0.5,0,27.276502,0.01557233,0,8.7393581,-0.0026605384,0
0.5,0,27.284031,0.017158157,0,8.7485865,-0.0026564451,0
0.5,0,27.290941,0.018834277,0,8.757815,-0.0026518303,0
0.5,0,27.297418,0.020569279,0,8.7670435,-0.0026467208,0
0.5,0,27.30361,0.022313536,0,8.7762719,-0.0026411361,0
0.5,0,27.309607,0.02402041,0,8.7855004,-0.0026350866,0
0.5,0,27.315443,0.025661928,0,8.7947289,-0.0026285753,0
0.5,0,27.321102,0.027233511,0,8.8039573,-0.0026216013,0
0.5,0,27.32654,0.028748384,0,8.8131858,-0.0026141631,0
0.5,0,27.331701,0.030226943,0,8.8224143,-0.0026062612,0
0.5,0,27.336545,0.031687341,0,8.8316427,-0.0025978997,0
0.5,0,27.341062,0.033141056,0,8.8408712,-0.0025890855,0
0.5,0,27.345283,0.034593487,0,8.8500997,-0.0025798277,0
0.5,0,27.349285,0.036046935,0,8.8593281,-0.0025701358,0
0.5,0,27.353172,0.037503032,0,8.8685566,-0.0025600188,0
0.5,0,27.357071,0.038963142,0,8.8777851,-0.0025494843,0
0.5,0,27.361104,0.040427157,0,8.8870135,-0.0025385374,0
0.5,0,27.365373,0.041891889,0,8.896242,-0.0025271815,0
0.5,0,27.36995,0.043349738,0,8.9054705,-0.0025154178,0
0.5,0,27.374871,0.044787778,0,8.9146989,-0.0025032465,0
0.5,0,27.380134,0.046187629,0,8.9239274,-0.0024906678,0
0.5,0,27.385709,0.04752649,0,8.9331559,-0.0024776832,0
0.5,0,27.391538,0.048779195,0,8.9423843,-0.0024642974,0
0.5,0,27.397547,0.049921172,0,8.9516128,-0.0024505195,0
0.5,0,27.403647,0.050932184,0,8.9608413,-0.0024363649,0
0.5,0,27.409739,0.051799863,0,8.9700697,-0.0024218558,0
0.5,0,27.415722,0.052521241,0,8.9792982,-0.0024070207,0
0.5,0,27.421497,0.053101506,0,8.9885267,-0.0023918921,0
0.5,0,27.426983,0.053551134,0,8.9977551,-0.0023765029,0
0.5,0,27.432122,0.053883256,0,9.0069836,-0.0023608824,0
0.5,0,27.436887,0.054113039,0,9.0162121,-0.0023450531,0
0.5,0,27.441276,0.054259729,0,9.0254405,-0.0023290287,0
0.5,0,27.445301,0.054349973,0,9.034669,-0.0023128142,0
0.5,0,27.448979,0.054419769,0,9.0438975,-0.0022964071,0
0.5,0,27.452309,0.05451329,0,9.0531259,-0.0022797992,0
0.5,0,27.455259,0.054678717,0,9.0623544,-0.0022629772,0
0.5,0,27.457759,0.054962772,0,9.0715829,-0.0022459219,0
0.5,0,27.4597,0.055406112,0,9.0808113,-0.0022286059,0
0.5,0,27.460947,0.056040954,0,9.0900398,-0.0022109912,0
0.5,0,27.461359,0.05689073,0,9.0992683,-0.002193027,0
0.5,0,27.460797,0.05797071,0,9.1084967,-0.0021746493,0
0.5,0,27.459148,0.059289087,0,9.1177252,-0.0021557831,0
0.5,0,27.456321,0.060848987,0,9.1269537,-0.0021363459,0
0.5,0,27.452252,0.06265181,0,9.1361821,-0.002116253,0
0.5,0,27.446891,0.064701003,0,9.1454106,-0.0020954214,0
0.5,0,27.440196,0.067003826,0,9.1546391,-0.0020737731,0
0.5,0,27.432121,0.069568626,0,9.1638675,-0.0020512371,0
0.5,0,27.422617,0.072397439,0,9.173096,-0.0020277504,0
0.5,0,27.411639,0.07547736,0,9.1823245,-0.0020032588,0
0.5,0,27.399164,0.078776102,0,9.1915529,-0.0019777168,0
0.5,0,27.385211,0.082245407,0,9.2007814,-0.0019510871,0
0.5,0,27.369873,0.085831136,0,9.2100099,-0.0019233378,0
0.5,0,27.353329,0.089484375,0,9.2192383,-0.00189444,0
0.5,0,27.335859,0.093167488,0,9.2284668,-0.001864364,0
0.5,0,27.317838,0.09685313,0,9.2376953,-0.0018330793,0
0.5,0,27.29971,0.10051971,0,9.2469237,-0.0018005556,0
0.5,0,27.281958,0.10414894,0,9.2561522,-0.0017667674,0
0.5,0,27.265056,0.10772982,0,9.2653807,-0.001731698,0
0.5,0,27.249421,0.11126823,0,9.2746091,-0.0016953426,0
0.5,0,27.235379,0.11479368,0,9.2838376,-0.0016577079,0
0.5,0,27.223145,0.1183517,0,9.2930661,-0.0016188093,0
0.5,0,27.212819,0.12197975,0,9.3022945,-0.0015786694,0
0.5,0,27.204399,0.12567914,0,9.311523,-0.0015373175,0
0.5,0,27.197816,0.12941264,0,9.3207515,-0.0014947923,0
0.5,0,27.192982,0.1331144,0,9.3299799,-0.0014511432,0
0.5,0,27.189812,0.13670937,0,9.3392084,-0.0014064304,0
0.5,0,27.188227,0.14014151,0,9.3484369,-0.0013607211,0
0.5,0,27.188167,0.14337902,0,9.3576653,-0.0013140853,0
0.5,0,27.189593,0.1463989,0,9.3668938,-0.0012665933,0
0.5,0,27.192467,0.14916426,0,9.3761223,-0.0012183188,0
0.5,0,27.196734,0.15161347,0,9.3853507,-0.0011693441,0
0.5,0,27.202306,0.15367186,0,9.3945792,-0.0011197659,0
0.5,0,27.209051,0.15527928,0,9.4038077,-0.0010696965,0
0.5,0,27.216789,0.15641442,0,9.4130361,-0.0010192593,0
0.5,0,27.225292,0.15709966,0,9.4222646,-0.00096857953,0
0.5,0,27.234301,0.15738499,0,9.4314931,-0.00091777551,0
0.5,0,27.243544,0.15731731,0,9.4407215,-0.00086695311,0
0.5,0,27.25275,0.15690128,0,9.44995,-0.00081620592,0
0.5,0,27.261697,0.15612188,0,9.4591785,-0.00076562123,0
0.5,0,27.270286,0.15495994,0,9.4684069,-0.00071528525,0
0.5,0,27.278342,0.1533851,0,9.4776354,-0.00066527916,0
0.5,0,27.285856,0.15146109,0,9.4868639,-0.00061567214,0
0.5,0,27.292974,0.14937055,0,9.4960923,-0.0005665108,0
0.5,0,27.299735,0.1472943,0,9.5053208,-0.00051780882,0
0.5,0,27.306319,0.14532402,0,9.5145493,-0.00046955208,0
0.5,0,27.312878,0.14342639,0,9.5237777,-0.00042171666,0
0.5,0,27.319543,0.14147335,0,9.5330062,-0.00037428943,0
0.5,0,27.326434,0.13937911,0,9.5422347,-0.00032727701,0
0.5,0,27.333556,0.13727584,0,9.5514631,-0.0002806909,0
0.5,0,27.340809,0.13555199,0,9.5606916,-0.00023451408,0
0.5,0,27.347924,0.1345865,0,9.5699201,-0.00018868009,0
0.5,0,27.354257,0.13439738,0,9.5791485,-0.00014310851,0
0.5,0,27.357889,0.13533459,0,9.588377,-9.7780524e-05,0
0.5,0,27.354485,0.13948977,0,9.5976055,-5.2662778e-05,0
0.5,0,27.343362,0.14191872,0,9.6068339,-7.7399175e-06,0
0.5,0,27.341566,0.14123929,0,9.608427,-2.5804012e-15,0
0.5,0,27.63259,-0.12390159,0,11.517127,-1.0253163e-06,0
0.5,0,27.631794,-0.1238812,0,11.51688,-2.5804012e-15,0
0.5,0,27.663578,-0.11867932,0,11.526355,-3.8771452e-05,0
0.5,0,27.689227,-0.11328181,0,11.535583,-7.5937186e-05,0
0.5,0,27.709776,-0.11135775,0,11.544812,-0.00011264058,0
0.5,0,27.727824,-0.10994092,0,11.55404,-0.00014883077,0
0.5,0,27.745287,-0.10841725,0,11.563269,-0.00018452925,0
0.5,0,27.762918,-0.10659165,0,11.572497,-0.00021981902,0
0.5,0,27.779421,-0.10483296,0,11.581726,-0.00025474287,0
0.5,0,27.793128,-0.10337457,0,11.590954,-0.0002892929,0
0.5,0,27.803323,-0.10213612,0,11.600183,-0.00032346359,0
0.5,0,27.809808,-0.10107571,0,11.609411,-0.0003572652,0
0.5,0,27.811831,-0.10019823,0,11.61864,-0.00039071463,0
0.5,0,27.807802,-0.099385943,0,11.627868,-0.00042384911,0
0.5,0,27.795984,-0.098494087,0,11.637097,-0.00045673947,0
0.5,0,27.775347,-0.097525999,0,11.646325,-0.00048947652,0
0.5,0,27.745884,-0.096633288,0,11.655554,-0.00052214666,0
0.5,0,27.708456,-0.096024977,0,11.664782,-0.00055481606,0
0.5,0,27.664604,-0.095881458,0,11.67401,-0.00058752622,0
0.5,0,27.616531,-0.096237405,0,11.683239,-0.00062030516,0
0.5,0,27.567056,-0.096896634,0,11.692467,-0.00065319495,0
0.5,0,27.519324,-0.097529111,0,11.701696,-0.00068627576,0
0.5,0,27.47627,-0.097909212,0,11.710924,-0.00071966068,0
0.5,0,27.440149,-0.098069233,0,11.720153,-0.00075346211,0
0.5,0,27.412318,-0.098242659,0,11.729381,-0.00078775592,0
0.5,0,27.393239,-0.098688056,0,11.73861,-0.00082256658,0
0.5,0,27.382573,-0.099552729,0,11.747838,-0.00085787609,0
0.5,0,27.37934,-0.10083373,0,11.757067,-0.00089364504,0
0.5,0,27.382186,-0.10240434,0,11.766295,-0.00092983383,0
0.5,0,27.389656,-0.10408372,0,11.775524,-0.00096641645,0
0.5,0,27.400404,-0.10572357,0,11.784752,-0.0010033834,0
0.5,0,27.413283,-0.10726337,0,11.793981,-0.0010407343,0
0.5,0,27.427336,-0.10872526,0,11.803209,-0.0010784679,0
0.5,0,27.441773,-0.11015768,0,11.812437,-0.0011165757,0
0.5,0,27.455972,-0.11157254,0,11.821666,-0.001155046,0
0.5,0,27.46952,-0.11292491,0,11.830894,-0.0011938705,0
0.5,0,27.482227,-0.11414684,0,11.840123,-0.00123305,0
0.5,0,27.494082,-0.11519986,0,11.849351,-0.0012725902,0
0.5,0,27.505168,-0.11609918,0,11.85858,-0.0013124931,0
0.5,0,27.515556,-0.11689676,0,11.867808,-0.0013527476,0
0.5,0,27.525248,-0.11765004,0,11.877037,-0.0013933241,0
0.5,0,27.534169,-0.11840484,0,11.886265,-0.0014341736,0
0.5,0,27.542214,-0.11919008,0,11.895494,-0.0014752279,0
0.5,0,27.549325,-0.12000398,0,11.904722,-0.0015164022,0
0.5,0,27.555565,-0.12078827,0,11.913951,-0.0015576019,0
0.5,0,27.561161,-0.12141474,0,11.923179,-0.0015987318,0
0.5,0,27.566503,-0.12170856,0,11.932408,-0.0016397051,0
0.5,0,27.572073,-0.12150402,0,11.941636,-0.001680445,0
0.5,0,27.57834,-0.12070032,0,11.950865,-0.0017208791,0
0.5,0,27.585631,-0.11928457,0,11.960093,-0.0017609287,0
0.5,0,27.594036,-0.11731323,0,11.969321,-0.0018004999,0
0.5,0,27.603382,-0.11486932,0,11.97855,-0.0018394811,0
0.5,0,27.613284,-0.11202319,0,11.987778,-0.0018777474,0
0.5,0,27.623248,-0.10881691,0,11.997007,-0.0019151697,0
0.5,0,27.63278,-0.10527422,0,12.006235,-0.0019516241,0
0.5,0,27.641468,-0.10142217,0,12.015464,-0.0019869972,0
0.5,0,27.64901,-0.097305148,0,12.024692,-0.0020211892,0
0.5,0,27.655203,-0.092981147,0,12.033921,-0.0020541151,0
0.5,0,27.659931,-0.088506064,0,12.043149,-0.0020857068,0
0.5,0,27.663139,-0.083922999,0,12.052378,-0.0021159157,0
0.5,0,27.664833,-0.079269218,0,12.061606,-0.0021447159,0
0.5,0,27.665069,-0.074597014,0,12.070835,-0.002172103,0
0.5,0,27.663952,-0.069989762,0,12.080063,-0.0021980901,0
0.5,0,27.661619,-0.065555083,0,12.089292,-0.0022227029,0
0.5,0,27.658224,-0.061394001,0,12.09852,-0.0022459766,0
0.5,0,27.653938,-0.057564754,0,12.107748,-0.0022679576,0
0.5,0,27.648944,-0.054065974,0,12.116977,-0.002288707,0
0.5,0,27.64345,-0.050851019,0,12.126205,-0.002308304,0
0.5,0,27.637701,-0.047863469,0,12.135434,-0.0023268448,0
0.5,0,27.631985,-0.045070229,0,12.144662,-0.0023444368,0
0.5,0,27.626631,-0.042473003,0,12.153891,-0.0023611915,0
0.5,0,27.621998,-0.040096364,0,12.163119,-0.0023772177,0
0.5,0,27.618439,-0.037966776,0,12.172348,-0.0023926197,0
0.5,0,27.616259,-0.036100039,0,12.181576,-0.0024074973,0
0.5,0,27.61567,-0.034504393,0,12.190805,-0.0024219468,0
0.5,0,27.616752,-0.033192753,0,12.200033,-0.0024360613,0
0.5,0,27.619458,-0.032191115,0,12.209262,-0.0024499281,0
0.5,0,27.623638,-0.03153475,0,12.21849,-0.0024636278,0
0.5,0,27.629107,-0.031254232,0,12.227719,-0.0024772328,0
0.5,0,27.6357,-0.031361152,0,12.236947,-0.0024908098,0
0.5,0,27.643315,-0.03184296,0,12.246175,-0.002504422,0
0.5,0,27.651912,-0.032669262,0,12.255404,-0.0025181316,0
0.5,0,27.66148,-0.033803858,0,12.264632,-0.0025320005,0
0.5,0,27.671985,-0.035213596,0,12.273861,-0.0025460897,0
0.5,0,27.683335,-0.03686865,0,12.283089,-0.0025604571,0
0.5,0,27.695381,-0.038735942,0,12.292318,-0.0025751565,0
0.5,0,27.707954,-0.040772556,0,12.301546,-0.0025902374,0
0.5,0,27.720923,-0.04292535,0,12.310775,-0.0026057443,0
0.5,0,27.734247,-0.045137436,0,12.320003,-0.0026217155,0
0.5,0,27.748,-0.047356533,0,12.329232,-0.0026381809,0
0.5,0,27.762358,-0.049539016,0,12.33846,-0.0026551578,0
0.5,0,27.777551,-0.051647472,0,12.347689,-0.0026726478,0
0.5,0,27.793814,-0.053645025,0,12.356917,-0.0026906346,0
0.5,0,27.811336,-0.055491822,0,12.366146,-0.0027090826,0
0.5,0,27.830232,-0.057146161,0,12.375374,-0.0027279373,0
0.5,0,27.850533,-0.058567732,0,12.384602,-0.0027471255,0
0.5,0,27.872193,-0.059717824,0,12.393831,-0.0027665566,0
0.5,0,27.895081,-0.060553943,0,12.403059,-0.0027861245,0
0.5,0,27.918964,-0.061021899,0,12.412288,-0.0028057115,0
0.5,0,27.943476,-0.061052362,0,12.421516,-0.0028251926,0
0.5,0,27.968058,-0.060567455,0,12.430745,-0.0028444396,0
0.5,0,27.991913,-0.059496844,0,12.439973,-0.0028633236,0
0.5,0,28.013945,-0.057796254,0,12.449202,-0.0028817146,0
0.5,0,28.032731,-0.055459014,0,12.45843,-0.0028994798,0
0.5,0,28.04651,-0.052514956,0,12.467659,-0.0029164808,0
0.5,0,28.053235,-0.049017791,0,12.476887,-0.0029325726,0
0.5,0,28.050712,-0.045028049,0,12.486116,-0.0029476047,0
0.5,0,28.036881,-0.040601043,0,12.495344,-0.002961424,0
0.5,0,28.01025,-0.035779795,0,12.504573,-0.0029738787,0
0.5,0,27.970356,-0.030596949,0,12.513801,-0.0029848218,0
0.5,0,27.918136,-0.025086683,0,12.523029,-0.0029941145,0
0.5,0,27.856091,-0.019288345,0,12.532258,-0.0030016283,0
0.5,0,27.788096,-0.013241645,0,12.541486,-0.0030072481,0
0.5,0,27.718846,-0.0069850334,0,12.550715,-0.0030108745,0
0.5,0,27.65306,-0.00055621213,0,12.559943,-0.003012427,0
0.5,0,27.594681,0.0060040498,0,12.569172,-0.0030118468,0
0.5,0,27.546345,0.012646232,0,12.5784,-0.0030090987,0
0.5,0,27.509253,0.019311588,0,12.587629,-0.003004171,0
0.5,0,27.483413,0.025938546,0,12.596857,-0.0029970749,0
0.5,0,27.468041,0.032471571,0,12.606086,-0.0029878422,0
0.5,0,27.461917,0.038867569,0,12.615314,-0.0029765231,0
0.5,0,27.463612,0.045097279,0,12.624543,-0.002963185,0
0.5,0,27.471579,0.05113881,0,12.633771,-0.0029479102,0
0.5,0,27.484203,0.05696579,0,12.643,-0.0029307928,0
0.5,0,27.499866,0.062537758,0,12.652228,-0.0029119342,0
0.5,0,27.517048,0.067798714,0,12.661456,-0.002891438,0
0.5,0,27.534426,0.072685842,0,12.670685,-0.0028694048,0
0.5,0,27.550974,0.077146019,0,12.679913,-0.0028459299,0
0.5,0,27.566,0.081153692,0,12.689142,-0.0028211014,0
0.5,0,27.579139,0.084722704,0,12.69837,-0.0027950018,0
0.5,0,27.590318,0.087907049,0,12.707599,-0.0027677087,0
0.5,0,27.599681,0.090789916,0,12.716827,-0.0027392972,0
0.5,0,27.607527,0.093464921,0,12.726056,-0.0027098403,0
0.5,0,27.614232,0.09601572,0,12.735284,-0.0026794089,0
0.5,0,27.620196,0.098499588,0,12.744513,-0.0026480716,0
0.5,0,27.625786,0.10093833,0,12.753741,-0.0026158945,0
0.5,0,27.631308,0.10331718,0,12.76297,-0.002582941,0
0.5,0,27.636983,0.10559054,0,12.772198,-0.0025492718,0
0.5,0,27.642945,0.10769256,0,12.781427,-0.002514945,0
0.5,0,27.649246,0.1095506,0,12.790655,-0.0024800158,0
0.5,0,27.655868,0.11109872,0,12.799883,-0.0024445365,0
0.5,0,27.662744,0.11228879,0,12.809112,-0.0024085573,0
0.5,0,27.669773,0.1130966,0,12.81834,-0.002372127,0
0.5,0,27.676836,0.11352234,0,12.827569,-0.0023352952,0
0.5,0,27.683812,0.1135874,0,12.836797,-0.0022981152,0
0.5,0,27.690588,0.11333039,0,12.846026,-0.0022606472,0
0.5,0,27.697072,0.11280519,0,12.855254,-0.0022229606,0
0.5,0,27.703201,0.11208029,0,12.864483,-0.0021851349,0
0.5,0,27.708949,0.11123619,0,12.873711,-0.0021472574,0
0.5,0,27.714319,0.11035671,0,12.88294,-0.0021094193,0
0.5,0,27.71934,0.10951363,0,12.892168,-0.002071709,0
0.5,0,27.724053,0.10874969,0,12.901397,-0.0020342059,0
0.5,0,27.7285,0.10806844,0,12.910625,-0.0019969742,0
0.5,0,27.732711,0.10743792,0,12.919854,-0.0019600578,0
0.5,0,27.73671,0.10680853,0,12.929082,-0.0019234783,0
0.5,0,27.740511,0.10613732,0,12.93831,-0.0018872329,0
0.5,0,27.744139,0.10540711,0,12.947539,-0.0018512956,0
0.5,0,27.747633,0.10463235,0,12.956767,-0.0018156199,0
0.5,0,27.751063,0.10385218,0,12.965996,-0.0017801432,0
0.5,0,27.754523,0.10311871,0,12.975224,-0.0017447923,0
0.5,0,27.758121,0.10248986,0,12.984453,-0.0017094891,0
0.5,0,27.761963,0.10202994,0,12.993681,-0.0016741538,0
0.5,0,27.766128,0.10181244,0,13.00291,-0.0016387062,0
0.5,0,27.77066,0.10191617,0,13.012138,-0.0016030654,0
0.5,0,27.775555,0.10241037,0,13.021367,-0.0015671504,0
0.5,0,27.780782,0.10333478,0,13.030595,-0.0015308823,0
0.5,0,27.786298,0.10468774,0,13.039824,-0.0014941872,0
0.5,0,27.792077,0.10643226,0,13.049052,-0.0014569996,0
0.5,0,27.798129,0.10851798,0,13.058281,-0.0014192614,0
0.5,0,27.804518,0.11090404,0,13.067509,-0.0013809185,0
0.5,0,27.811355,0.11356582,0,13.076737,-0.001341915,0
0.5,0,27.818795,0.1164806,0,13.085966,-0.0013021908,0
0.5,0,27.82701,0.11960452,0,13.095194,-0.0012616835,0
0.5,0,27.836175,0.1228616,0,13.104423,-0.0012203353,0
0.5,0,27.846448,0.12615737,0,13.113651,-0.0011781007,0
0.5,0,27.857959,0.12941086,0,13.12288,-0.0011349499,0
0.5,0,27.870815,0.13258503,0,13.132108,-0.0010908677,0
0.5,0,27.885096,0.135696,0,13.141337,-0.0010458471,0
0.5,0,27.900877,0.13879381,0,13.150565,-0.00099988344,0
0.5,0,27.918234,0.14192181,0,13.159794,-0.00095297305,0
0.5,0,27.93725,0.14507558,0,13.169022,-0.00090511704,0
0.5,0,27.958004,0.14818994,0,13.178251,-0.00085632992,0
0.5,0,27.980554,0.15117289,0,13.187479,-0.00080664622,0
0.5,0,28.004888,0.15397137,0,13.196708,-0.00075611876,0
0.5,0,28.030876,0.15661887,0,13.205936,-0.00070480699,0
0.5,0,28.05821,0.15921849,0,13.215164,-0.00065276185,0
0.5,0,28.086342,0.16186213,0,13.224393,-0.00060001762,0
0.5,0,28.114423,0.16453487,0,13.233621,-0.00054659735,0
0.5,0,28.141239,0.16707325,0,13.24285,-0.00049252934,0
0.5,0,28.16514,0.16923814,0,13.252078,-0.00043786302,0
0.5,0,28.183992,0.1708985,0,13.261307,-0.00038266784,0
0.5,0,28.19515,0.17220146,0,13.270535,-0.00032700706,0
0.5,0,28.195497,0.1735277,0,13.279764,-0.00027090306,0
0.5,0,28.181562,0.17512833,0,13.288992,-0.00021433608,0
0.5,0,28.149528,0.17698965,0,13.298221,-0.00015731086,0
0.5,0,28.094527,0.18012949,0,13.307449,-9.991739e-05,0
0.5,0,28.011649,0.18619591,0,13.316678,-4.2216536e-05,0
0.5,0,27.93502,0.18644316,0,13.323405,-2.5804012e-15,0
0.5,0,27.964374,-0.16557091,0,15.393083,-2.3857125e-05,0
0.5,0,27.954053,-0.16426651,0,15.388703,-2.5804012e-15,0
0.5,0,27.981915,-0.16375282,0,15.402311,-7.5294921e-05,0
0.5,0,27.992022,-0.16510289,0,15.41154,-0.00012792015,0
0.5,0,27.996456,-0.16846104,0,15.420768,-0.00018161369,0
0.5,0,27.997543,-0.17181005,0,15.429996,-0.00023619869,0
0.5,0,27.997561,-0.17440085,0,15.439225,-0.00029163537,0
0.5,0,27.997293,-0.17612798,0,15.448453,-0.00034794381,0
0.5,0,27.996005,-0.17736571,0,15.457682,-0.00040510041,0
0.5,0,27.993258,-0.17834716,0,15.46691,-0.00046303628,0
0.5,0,27.98971,-0.17920782,0,15.476139,-0.00052165981,0
0.5,0,27.986358,-0.18015938,0,15.485367,-0.00058084701,0
0.5,0,27.983632,-0.18127762,0,15.494596,-0.00064044672,0
0.5,0,27.981399,-0.18236374,0,15.503824,-0.0007003168,0
0.5,0,27.979588,-0.18313017,0,15.513053,-0.00076034766,0
0.5,0,27.978571,-0.18340163,0,15.522281,-0.00082045323,0
0.5,0,27.978906,-0.18315718,0,15.53151,-0.00088054762,0
0.5,0,27.980894,-0.18250696,0,15.540738,-0.00094052247,0
0.5,0,27.984441,-0.18161438,0,15.549967,-0.0010002325,0
0.5,0,27.989331,-0.18053505,0,15.559195,-0.001059502,0
0.5,0,27.99552,-0.17911372,0,15.568423,-0.0011181523,0
0.5,0,28.003191,-0.17708565,0,15.577652,-0.0011760268,0
0.5,0,28.012608,-0.17428527,0,15.58688,-0.0012329895,0
0.5,0,28.02399,-0.17074136,0,15.596109,-0.0012889033,0
0.5,0,28.0375,-0.16659519,0,15.605337,-0.0013436121,0
0.5,0,28.053275,-0.16196283,0,15.614566,-0.0013969408,0
0.5,0,28.071411,-0.156865,0,15.623794,-0.0014487115,0
0.5,0,28.091912,-0.15124291,0,15.633023,-0.0014987599,0
0.5,0,28.11471,-0.14501789,0,15.642251,-0.0015469469,0
0.5,0,28.139699,-0.13815875,0,15.65148,-0.0015931596,0
0.5,0,28.166801,-0.13073274,0,15.660708,-0.001637303,0
0.5,0,28.19595,-0.12291018,0,15.669937,-0.0016792899,0
0.5,0,28.226995,-0.11491004,0,15.679165,-0.0017190357,0
0.5,0,28.259644,-0.10691846,0,15.688394,-0.0017564632,0
0.5,0,28.29347,-0.099039681,0,15.697622,-0.0017915157,0
0.5,0,28.327982,-0.091316101,0,15.70685,-0.0018241705,0
0.5,0,28.362672,-0.083793209,0,15.716079,-0.0018544447,0
0.5,0,28.397024,-0.076565262,0,15.725307,-0.0018823912,0
0.5,0,28.43043,-0.069762738,0,15.734536,-0.0019080904,0
0.5,0,28.462041,-0.063500991,0,15.743764,-0.0019316456,0
0.5,0,28.490664,-0.05783978,0,15.752993,-0.001953184,0
0.5,0,28.514723,-0.05278601,0,15.762221,-0.0019728612,0
0.5,0,28.532273,-0.048324474,0,15.77145,-0.0019908606,0
0.5,0,28.541072,-0.044438149,0,15.780678,-0.0020073902,0
0.5,0,28.538773,-0.041105643,0,15.789907,-0.0020226787,0
0.5,0,28.523205,-0.038298423,0,15.799135,-0.0020369725,0
0.5,0,28.492687,-0.035998947,0,15.808364,-0.0020505303,0
0.5,0,28.446095,-0.034206428,0,15.817592,-0.0020636149,0
0.5,0,28.383822,-0.032963974,0,15.826821,-0.0020764803,0
0.5,0,28.308178,-0.032367337,0,15.836049,-0.0020893593,0
0.5,0,28.222898,-0.032511311,0,15.845277,-0.0021024549,0
0.5,0,28.133073,-0.033442753,0,15.854506,-0.0021159401,0
0.5,0,28.044489,-0.035134258,0,15.863734,-0.0021299648,0
0.5,0,27.96278,-0.037492799,0,15.872963,-0.0021446658,0
0.5,0,27.892628,-0.040399078,0,15.882191,-0.0021601757,0
0.5,0,27.837231,-0.043753917,0,15.89142,-0.0021766253,0
0.5,0,27.798121,-0.0475024,0,15.900648,-0.002194142,0
0.5,0,27.775332,-0.051622413,0,15.909877,-0.0022128449,0
0.5,0,27.767733,-0.056093337,0,15.919105,-0.0022328436,0
0.5,0,27.773429,-0.060865591,0,15.928334,-0.0022542388,0
0.5,0,27.790108,-0.065852894,0,15.937562,-0.0022771248,0
0.5,0,27.815244,-0.070958052,0,15.946791,-0.0023015893,0
0.5,0,27.846225,-0.076108933,0,15.956019,-0.00232771,0
0.5,0,27.880438,-0.081274081,0,15.965248,-0.002355549,0
0.5,0,27.915375,-0.086448845,0,15.974476,-0.0023851474,0
0.5,0,27.948728,-0.091626955,0,15.983704,-0.0024165239,0
0.5,0,27.978484,-0.096778312,0,15.992933,-0.0024496768,0
0.5,0,28.002976,-0.10185958,0,16.002161,-0.0024845875,0
0.5,0,28.020991,-0.1068165,0,16.01139,-0.002521222,0
0.5,0,28.031803,-0.11159434,0,16.020618,-0.0025595301,0
0.5,0,28.03517,-0.11615904,0,16.029847,-0.0025994449,0
0.5,0,28.031374,-0.12047479,0,16.039075,-0.0026408843,0
0.5,0,28.021157,-0.12448803,0,16.048304,-0.0026837531,0
0.5,0,28.005669,-0.12813721,0,16.057532,-0.0027279462,0
0.5,0,27.98636,-0.13137171,0,16.066761,-0.0027733496,0
0.5,0,27.964854,-0.13417168,0,16.075989,-0.002819838,0
0.5,0,27.94282,-0.13655581,0,16.085218,-0.0028672709,0
0.5,0,27.921856,-0.13856853,0,16.094446,-0.0029154887,0
0.5,0,27.903386,-0.14025288,0,16.103675,-0.0029643122,0
0.5,0,27.888561,-0.14162333,0,16.112903,-0.0030135454,0
0.5,0,27.878181,-0.14265043,0,16.122131,-0.0030629809,0
0.5,0,27.87264,-0.14326239,0,16.13136,-0.0031124044,0
0.5,0,27.87192,-0.1433587,0,16.140588,-0.0031615986,0
0.5,0,27.875644,-0.14282527,0,16.149817,-0.0032103439,0
0.5,0,27.883181,-0.14154395,0,16.159045,-0.0032584181,0
0.5,0,27.893787,-0.1393989,0,16.168274,-0.0033055966,0
0.5,0,27.906744,-0.13628672,0,16.177502,-0.0033516525,0
0.5,0,27.921473,-0.13213191,0,16.186731,-0.0033963564,0
0.5,0,27.937578,-0.12690221,0,16.195959,-0.0034394766,0
0.5,0,27.954851,-0.1206158,0,16.205188,-0.0034807769,0
0.5,0,27.973227,-0.11333585,0,16.214416,-0.0035200158,0
0.5,0,27.992734,-0.10515419,0,16.223645,-0.0035569469,0
0.5,0,28.013436,-0.096172588,0,16.232873,-0.0035913225,0
0.5,0,28.035403,-0.086490979,0,16.242102,-0.0036228991,0
0.5,0,28.058745,-0.076205506,0,16.25133,-0.0036514449,0
0.5,0,28.083513,-0.065410617,0,16.260558,-0.0036767459,0
0.5,0,28.109759,-0.054202789,0,16.269787,-0.0036986115,0
0.5,0,28.137571,-0.042676474,0,16.279015,-0.0037168786,0
0.5,0,28.16695,-0.030914182,0,16.288244,-0.0037314162,0
0.5,0,28.197852,-0.018983352,0,16.297472,-0.0037421282,0
0.5,0,28.230135,-0.006942761,0,16.306701,-0.003748956,0
0.5,0,28.26355,0.0051446449,0,16.315929,-0.0037518777,0
0.5,0,28.297735,0.017200047,0,16.325158,-0.0037509055,0
0.5,0,28.332211,0.029122603,0,16.334386,-0.0037460797,0
0.5,0,28.366396,0.040795966,0,16.343615,-0.0037374638,0
0.5,0,28.3996,0.052103905,0,16.352843,-0.0037251421,0
0.5,0,28.431014,0.062946597,0,16.362072,-0.0037092186,0
0.5,0,28.459689,0.073249425,0,16.3713,-0.0036898188,0
0.5,0,28.484507,0.08295911,0,16.380529,-0.0036670908,0
0.5,0,28.504137,0.09203053,0,16.389757,-0.0036412055,0
0.5,0,28.517003,0.1004136,0,16.398985,-0.0036123566,0
0.5,0,28.521269,0.10804728,0,16.408214,-0.0035807595,0
0.5,0,28.514909,0.11486053,0,16.417442,-0.0035466509,0
0.5,0,28.495888,0.12078005,0,16.426671,-0.0035102883,0
0.5,0,28.462511,0.12574061,0,16.435899,-0.0034719473,0
0.5,0,28.413909,0.12969459,0,16.445128,-0.003431919,0
0.5,0,28.350599,0.13262092,0,16.454356,-0.0033905031,0
0.5,0,28.2749,0.1345341,0,16.463585,-0.0033480004,0
0.5,0,28.190999,0.1354911,0,16.472813,-0.0033047054,0
0.5,0,28.104511,0.13559158,0,16.482042,-0.0032609004,0
0.5,0,28.021568,0.13496756,0,16.49127,-0.003216853,0
0.5,0,27.94771,0.13376223,0,16.500499,-0.0031728167,0
0.5,0,27.886946,0.13210276,0,16.509727,-0.0031290327,0
0.5,0,27.84133,0.13007534,0,16.518956,-0.0030857314,0
0.5,0,27.8111,0.1277108,0,16.528184,-0.0030431321,0
0.5,0,27.795228,0.12498547,0,16.537412,-0.0030014415,0
0.5,0,27.792012,0.12183961,0,16.546641,-0.0029608519,0
0.5,0,27.799773,0.1181975,0,16.555869,-0.0029215392,0
0.5,0,27.816867,0.11399553,0,16.565098,-0.0028836637,0
0.5,0,27.841537,0.10920115,0,16.574326,-0.0028473697,0
0.5,0,27.872049,0.10381306,0,16.583555,-0.0028127865,0
0.5,0,27.906505,0.097865145,0,16.592783,-0.0027800275,0
0.5,0,27.942892,0.091421855,0,16.602012,-0.0027491888,0
0.5,0,27.979226,0.084569766,0,16.61124,-0.0027203475,0
0.5,0,28.013715,0.077413298,0,16.620469,-0.0026935599,0
0.5,0,28.044891,0.070072213,0,16.629697,-0.0026688594,0
0.5,0,28.071706,0.062677574,0,16.638926,-0.0026462554,0
0.5,0,28.093539,0.055365774,0,16.648154,-0.0026257314,0
0.5,0,28.11017,0.048271726,0,16.657383,-0.0026072434,0
0.5,0,28.121713,0.041522694,0,16.666611,-0.0025907172,0
0.5,0,28.128533,0.035233873,0,16.67584,-0.0025760465,0
0.5,0,28.131169,0.029505934,0,16.685068,-0.0025630915,0
0.5,0,28.130264,0.02442409,0,16.694296,-0.0025516795,0
0.5,0,28.126502,0.020058764,0,16.703525,-0.0025416065,0
0.5,0,28.120562,0.016468827,0,16.712753,-0.0025326419,0
0.5,0,28.113079,0.013707906,0,16.721982,-0.0025245338,0
0.5,0,28.104613,0.011831683,0,16.73121,-0.0025170149,0
0.5,0,28.095627,0.010901454,0,16.740439,-0.0025098086,0
0.5,0,28.086467,0.010978979,0,16.749667,-0.0025026338,0
0.5,0,28.077358,0.012111451,0,16.758896,-0.002495209,0
0.5,0,28.068403,0.014311884,0,16.768124,-0.0024872554,0
0.5,0,28.059599,0.017545192,0,16.777353,-0.0024784988,0
0.5,0,28.050862,0.021729482,0,16.786581,-0.0024686714,0
0.5,0,28.042062,0.026754798,0,16.79581,-0.0024575122,0
0.5,0,28.033067,0.032511419,0,16.805038,-0.0024447681,0
0.5,0,28.023782,0.0389137,0,16.814267,-0.0024301942,0
0.5,0,28.014193,0.045907828,0,16.823495,-0.0024135567,0
0.5,0,28.00439,0.053461809,0,16.832723,-0.002394637,0
0.5,0,27.994573,0.061546634,0,16.841952,-0.0023732375,0
0.5,0,27.985046,0.070121397,0,16.85118,-0.0023491857,0
0.5,0,27.976179,0.079129741,0,16.860409,-0.0023223367,0
0.5,0,27.968367,0.088504982,0,16.869637,-0.0022925718,0
0.5,0,27.961978,0.098175038,0,16.878866,-0.0022597954,0
0.5,0,27.957316,0.10806098,0,16.888094,-0.0022239328,0
0.5,0,27.954595,0.11807193,0,16.897323,-0.002184931,0
0.5,0,27.953931,0.12810563,0,16.906551,-0.002142762,0
0.5,0,27.955355,0.13806156,0,16.91578,-0.002097427,0
0.5,0,27.958824,0.14786157,0,16.925008,-0.0020489575,0
0.5,0,27.964238,0.15746322,0,16.934237,-0.0019974129,0
0.5,0,27.971463,0.16685161,0,16.943465,-0.0019428746,0
0.5,0,27.980334,0.1760105,0,16.952694,-0.0018854415,0
0.5,0,27.990672,0.18489025,0,16.961922,-0.0018252283,0
0.5,0,28.002289,0.19339589,0,16.97115,-0.0017623675,0
0.5,0,28.014997,0.20140548,0,16.980379,-0.0016970102,0
0.5,0,28.028613,0.20880818,0,16.989607,-0.0016293247,0
0.5,0,28.042965,0.21553842,0,16.998836,-0.0015594904,0
0.5,0,28.057903,0.22158532,0,17.008064,-0.0014876901,0
0.5,0,28.073306,0.22697162,0,17.017293,-0.0014141053,0
0.5,0,28.0891,0.23171288,0,17.026521,-0.0013389167,0
0.5,0,28.105261,0.23578226,0,17.03575,-0.0012623126,0
0.5,0,28.121831,0.23910977,0,17.044978,-0.0011844985,0
0.5,0,28.138912,0.24162647,0,17.054207,-0.0011057034,0
0.5,0,28.156659,0.24332713,0,17.063435,-0.0010261752,0
0.5,0,28.175263,0.24429896,0,17.072664,-0.00094616727,0
0.5,0,28.194929,0.24468283,0,17.081892,-0.00086592307,0
0.5,0,28.215857,0.24458278,0,17.091121,-0.00078566971,0
0.5,0,28.238213,0.243981,0,17.100349,-0.0007056245,0
0.5,0,28.26211,0.24272897,0,17.109577,-0.00062600943,0
0.5,0,28.287575,0.24066007,0,17.118806,-0.00054705953,0
0.5,0,28.314525,0.23777632,0,17.128034,-0.00046901042,0
0.5,0,28.342721,0.2343493,0,17.137263,-0.00039206546,0
0.5,0,28.371704,0.2307505,0,17.146491,-0.00031636883,0
0.5,0,28.400583,0.22710234,0,17.15572,-0.00024202797,0
0.5,0,28.427251,0.22371166,0,17.164948,-0.00016918848,0
0.5,0,28.447077,0.22240635,0,17.174177,-9.8005756e-05,0
0.5,0,28.457156,0.22136073,0,17.183405,-2.8649205e-05,0
0.5,0,28.459797,0.21869899,0,17.18732,-2.5804012e-15,0
0.5,0,28.165036,-0.24730839,0,19.315181,-2.9647623e-05,0
0.5,0,28.145274,-0.24446463,0,19.31161,-2.5804012e-15,0
0.5,0,28.213723,-0.24776465,0,19.324409,-0.00010852462,0
0.5,0,28.254046,-0.24966756,0,19.333638,-0.00018966428,0
0.5,0,28.286705,-0.25389505,0,19.342866,-0.00027284153,0
0.5,0,28.313571,-0.25789103,0,19.352095,-0.00035760779,0
0.5,0,28.335593,-0.26106521,0,19.361323,-0.00044359861,0
0.5,0,28.35198,-0.26310691,0,19.370552,-0.00053051357,0
0.5,0,28.359834,-0.26419604,0,19.37978,-0.00061801933,0
0.5,0,28.356291,-0.26436661,0,19.389009,-0.00070575299,0
0.5,0,28.339988,-0.26349285,0,19.398237,-0.00079336258,0
0.5,0,28.310752,-0.26164335,0,19.407466,-0.00088049666,0
0.5,0,28.268888,-0.25895792,0,19.416694,-0.00096678717,0
0.5,0,28.215356,-0.25539284,0,19.425923,-0.0010518706,0
0.5,0,28.152618,-0.25078325,0,19.435151,-0.0011354143,0
0.5,0,28.085057,-0.24500198,0,19.44438,-0.0012171195,0
0.5,0,28.018306,-0.23800812,0,19.453608,-0.0012967099,0
0.5,0,27.957924,-0.22987485,0,19.462836,-0.0013739178,0
0.5,0,27.908323,-0.22079012,0,19.472065,-0.0014484666,0
0.5,0,27.872382,-0.21093505,0,19.481293,-0.0015200671,0
0.5,0,27.851529,-0.20035245,0,19.490522,-0.001588434,0
0.5,0,27.84592,-0.18899195,0,19.49975,-0.0016533054,0
0.5,0,27.854601,-0.176875,0,19.508979,-0.0017144439,0
0.5,0,27.875788,-0.16416395,0,19.518207,-0.001771621,0
0.5,0,27.907251,-0.15106947,0,19.527436,-0.001824609,0
0.5,0,27.946703,-0.13772434,0,19.536664,-0.0018731896,0
0.5,0,27.992031,-0.12414113,0,19.545893,-0.0019171742,0
0.5,0,28.041395,-0.11025165,0,19.555121,-0.001956421,0
0.5,0,28.093256,-0.095974238,0,19.56435,-0.0019908423,0
0.5,0,28.146393,-0.081278974,0,19.573578,-0.0020204013,0
0.5,0,28.199863,-0.06623673,0,19.582807,-0.0020450993,0
0.5,0,28.252893,-0.051029921,0,19.592035,-0.0020649592,0
0.5,0,28.304736,-0.035907634,0,19.601263,-0.0020800126,0
0.5,0,28.354548,-0.021102657,0,19.610492,-0.0020902982,0
0.5,0,28.401371,-0.0067630878,0,19.61972,-0.0020958722,0
0.5,0,28.444199,0.0070563074,0,19.628949,-0.0020968225,0
0.5,0,28.482019,0.020345476,0,19.638177,-0.0020932786,0
0.5,0,28.513863,0.033084853,0,19.647406,-0.0020854129,0
0.5,0,28.538725,0.045225798,0,19.656634,-0.0020734359,0
0.5,0,28.555415,0.056691738,0,19.665863,-0.0020575906,0
0.5,0,28.562421,0.067378945,0,19.675091,-0.0020381482,0
0.5,0,28.557902,0.077141357,0,19.68432,-0.0020154018,0
0.5,0,28.539814,0.08579321,0,19.693548,-0.0019896602,0
0.5,0,28.506099,0.093151504,0,19.702777,-0.0019612454,0
0.5,0,28.455457,0.099088917,0,19.712005,-0.0019304987,0
0.5,0,28.387821,0.10361119,0,19.721234,-0.0018977932,0
0.5,0,28.304813,0.10685047,0,19.730462,-0.0018635448,0
0.5,0,28.210329,0.10896622,0,19.73969,-0.0018282144,0
0.5,0,28.11025,0.11007268,0,19.748919,-0.0017922937,0
0.5,0,28.011725,0.11019251,0,19.758147,-0.0017562812,0
0.5,0,27.922028,0.10925793,0,19.767376,-0.0017206596,0
0.5,0,27.847291,0.10716264,0,19.776604,-0.0016858816,0
0.5,0,27.79151,0.10381906,0,19.785833,-0.0016523681,0
0.5,0,27.756096,0.099191637,0,19.795061,-0.001620514,0
0.5,0,27.740028,0.09329977,0,19.80429,-0.0015906956,0
0.5,0,27.740448,0.086194918,0,19.813518,-0.0015632741,0
0.5,0,27.753458,0.077937956,0,19.822747,-0.0015385941,0
0.5,0,27.77488,0.068596856,0,19.831975,-0.0015169791,0
0.5,0,27.80083,0.058261474,0,19.841204,-0.0014987284,0
0.5,0,27.828068,0.047055502,0,19.850432,-0.0014841149,0
0.5,0,27.854127,0.035128239,0,19.859661,-0.0014733859,0
0.5,0,27.877311,0.022627619,0,19.868889,-0.0014667604,0
0.5,0,27.896602,0.0096719601,0,19.878117,-0.0014644255,0
0.5,0,27.911509,-0.0036620487,0,19.887346,-0.0014665314,0
0.5,0,27.921962,-0.017322158,0,19.896574,-0.0014731889,0
0.5,0,27.928212,-0.031247765,0,19.905803,-0.00148447,0
0.5,0,27.930728,-0.045355097,0,19.915031,-0.0015004131,0
0.5,0,27.930163,-0.059539896,0,19.92426,-0.001521029,0
0.5,0,27.927309,-0.073689528,0,19.933488,-0.0015463036,0
0.5,0,27.923073,-0.087696858,0,19.942717,-0.001576197,0
0.5,0,27.918435,-0.10145966,0,19.951945,-0.0016106428,0
0.5,0,27.914394,-0.11486935,0,19.961174,-0.0016495471,0
0.5,0,27.911896,-0.12780487,0,19.970402,-0.0016927897,0
0.5,0,27.911751,-0.14014284,0,19.979631,-0.0017402243,0
0.5,0,27.914558,-0.15178073,0,19.988859,-0.0017916765,0
0.5,0,27.920658,-0.16265719,0,19.998088,-0.0018469383,0
0.5,0,27.930154,-0.17275292,0,20.007316,-0.0019057624,0
0.5,0,27.942947,-0.18206962,0,20.016544,-0.0019678594,0
0.5,0,27.958836,-0.19059381,0,20.025773,-0.0020329001,0
0.5,0,27.977613,-0.19826587,0,20.035001,-0.0021005229,0
0.5,0,27.999091,-0.20497674,0,20.04423,-0.0021703446,0
0.5,0,28.023132,-0.21058917,0,20.053458,-0.0022419693,0
0.5,0,28.049619,-0.21496916,0,20.062687,-0.0023149936,0
0.5,0,28.078404,-0.21801391,0,20.071915,-0.0023890083,0
0.5,0,28.109285,-0.2196623,0,20.081144,-0.0024635974,0
0.5,0,28.141995,-0.2198865,0,20.090372,-0.002538338,0
0.5,0,28.176208,-0.21867632,0,20.099601,-0.0026128028,0
0.5,0,28.211587,-0.2160291,0,20.108829,-0.0026865628,0
0.5,0,28.247796,-0.21195134,0,20.118058,-0.0027591911,0
0.5,0,28.284514,-0.20646711,0,20.127286,-0.0028302643,0
0.5,0,28.321416,-0.19962314,0,20.136515,-0.0028993612,0
0.5,0,28.358168,-0.19148514,0,20.145743,-0.0029660615,0
0.5,0,28.3944,-0.18212665,0,20.154971,-0.0030299451,0
0.5,0,28.429716,-0.17161551,0,20.1642,-0.0030905933,0
0.5,0,28.463703,-0.16000451,0,20.173428,-0.0031475914,0
0.5,0,28.495973,-0.14732955,0,20.182657,-0.0032005335,0
0.5,0,28.5262,-0.13361329,0,20.191885,-0.0032490277,0
0.5,0,28.554169,-0.11886846,0,20.201114,-0.0032927023,0
0.5,0,28.579794,-0.10310563,0,20.210342,-0.0033312127,0
0.5,0,28.603122,-0.086344692,0,20.219571,-0.0033642465,0
0.5,0,28.624296,-0.068621882,0,20.228799,-0.0033915288,0
0.5,0,28.643504,-0.050003223,0,20.238028,-0.003412826,0
0.5,0,28.660931,-0.030602887,0,20.247256,-0.0034279452,0
0.5,0,28.676699,-0.01058057,0,20.256485,-0.0034367286,0
0.5,0,28.690741,0.0098665445,0,20.265713,-0.0034390484,0
0.5,0,28.702657,0.030502602,0,20.274942,-0.0034348096,0
0.5,0,28.711703,0.051088752,0,20.28417,-0.0034239553,0
0.5,0,28.716697,0.071417271,0,20.293398,-0.0034064685,0
0.5,0,28.715989,0.091307453,0,20.302627,-0.0033823772,0
0.5,0,28.707514,0.11060086,0,20.311855,-0.0033517611,0
0.5,0,28.688922,0.12915525,0,20.321084,-0.0033147578,0
0.5,0,28.657853,0.14683748,0,20.330312,-0.0032715671,0
0.5,0,28.61233,0.16352192,0,20.339541,-0.0032224546,0
0.5,0,28.551283,0.17909459,0,20.348769,-0.0031677505,0
0.5,0,28.475082,0.19345652,0,20.357998,-0.003107844,0
0.5,0,28.385962,0.20652615,0,20.367226,-0.0030431722,0
0.5,0,28.288157,0.21824403,0,20.376455,-0.0029742039,0
0.5,0,28.187597,0.22857126,0,20.385683,-0.0029014242,0
0.5,0,28.091119,0.23748678,0,20.394912,-0.0028253213,0
0.5,0,28.005354,0.24498818,0,20.40414,-0.0027463781,0
0.5,0,27.935585,0.25108848,0,20.413369,-0.002665072,0
0.5,0,27.88494,0.25581113,0,20.422597,-0.0025818785,0
0.5,0,27.854131,0.25918243,0,20.431825,-0.0024972771,0
0.5,0,27.841774,0.26121991,0,20.441054,-0.0024117542,0
0.5,0,27.84512,0.26192359,0,20.450282,-0.002325802,0
0.5,0,27.86089,0.26127663,0,20.459511,-0.0022399125,0
0.5,0,27.88598,0.25925624,0,20.468739,-0.0021545707,0
0.5,0,27.917863,0.25585037,0,20.477968,-0.0020702475,0
0.5,0,27.954698,0.25107414,0,20.487196,-0.0019873933,0
0.5,0,27.99519,0.24498011,0,20.496425,-0.0019064348,0
0.5,0,28.038355,0.23765815,0,20.505653,-0.001827772,0
0.5,0,28.083291,0.22922629,0,20.514882,-0.0017517763,0
0.5,0,28.129018,0.21981635,0,20.52411,-0.0016787888,0
0.5,0,28.174408,0.20955908,0,20.533339,-0.0016091188,0
0.5,0,28.218207,0.19857356,0,20.542567,-0.001543043,0
0.5,0,28.259104,0.18696225,0,20.551796,-0.0014808052,0
0.5,0,28.295846,0.17480998,0,20.561024,-0.0014226177,0
0.5,0,28.327345,0.16218508,0,20.570252,-0.0013686623,0
0.5,0,28.352774,0.14914294,0,20.579481,-0.001319092,0
0.5,0,28.371638,0.13573198,0,20.588709,-0.0012740316,0
0.5,0,28.383806,0.12200053,0,20.597938,-0.001233578,0
0.5,0,28.389523,0.10800275,0,20.607166,-0.0011978007,0
0.5,0,28.389372,0.093802614,0,20.616395,-0.0011667413,0
0.5,0,28.384221,0.079475081,0,20.625623,-0.0011404142,0
0.5,0,28.375141,0.065104086,0,20.634852,-0.0011188077,0
0.5,0,28.363312,0.05077961,0,20.64408,-0.0011018851,0
0.5,0,28.349939,0.036597121,0,20.653309,-0.0010895856,0
0.5,0,28.336185,0.022659448,0,20.662537,-0.0010818248,0
0.5,0,28.323117,0.0090781943,0,20.671766,-0.001078493,0
0.5,0,28.311719,-0.0040317775,0,20.680994,-0.0010794532,0
0.5,0,28.302821,-0.01656847,0,20.690223,-0.0010845399,0
0.5,0,28.297114,-0.02844805,0,20.699451,-0.0010935595,0
0.5,0,28.295203,-0.039593741,0,20.708679,-0.0011062872,0
0.5,0,28.297539,-0.049936034,0,20.717908,-0.0011224635,0
0.5,0,28.304424,-0.059410355,0,20.727136,-0.0011417948,0
0.5,0,28.316015,-0.067940814,0,20.736365,-0.0011639547,0
0.5,0,28.332315,-0.075432247,0,20.745593,-0.0011885847,0
0.5,0,28.353189,-0.081775133,0,20.754822,-0.0012152974,0
0.5,0,28.37838,-0.086859505,0,20.76405,-0.0012436797,0
0.5,0,28.407538,-0.090590504,0,20.773279,-0.0012732977,0
0.5,0,28.440226,-0.092897526,0,20.782507,-0.0013037012,0
0.5,0,28.475923,-0.093732941,0,20.791736,-0.001334427,0
0.5,0,28.51399,-0.093062629,0,20.800964,-0.0013650009,0
0.5,0,28.553622,-0.090859922,0,20.810193,-0.001394939,0
0.5,0,28.593772,-0.08710997,0,20.819421,-0.0014237508,0
0.5,0,28.633059,-0.081821619,0,20.82865,-0.0014509451,0
0.5,0,28.669679,-0.075036719,0,20.837878,-0.0014760386,0
0.5,0,28.701333,-0.066825178,0,20.847106,-0.0014985633,0
0.5,0,28.7252,-0.057266072,0,20.856335,-0.001518073,0
0.5,0,28.738005,-0.046434484,0,20.865563,-0.0015341453,0
0.5,0,28.736305,-0.034398957,0,20.874792,-0.001546381,0
0.5,0,28.716944,-0.02123549,0,20.88402,-0.0015544068,0
0.5,0,28.677676,-0.0070625284,0,20.893249,-0.0015578817,0
0.5,0,28.617877,0.007944393,0,20.902477,-0.0015565063,0
0.5,0,28.539146,0.023589616,0,20.911706,-0.0015500312,0
0.5,0,28.445556,0.039713508,0,20.920934,-0.0015382559,0
0.5,0,28.343273,0.056222703,0,20.930163,-0.0015210231,0
0.5,0,28.239608,0.073093522,0,20.939391,-0.0014982088,0
0.5,0,28.141739,0.090335051,0,20.94862,-0.0014697145,0
0.5,0,28.055516,0.10792159,0,20.957848,-0.0014354667,0
0.5,0,27.984733,0.12574573,0,20.967077,-0.0013954228,0
0.5,0,27.930981,0.14361639,0,20.976305,-0.0013495799,0
0.5,0,27.894034,0.16131126,0,20.985533,-0.00129798,0
0.5,0,27.872477,0.17865858,0,20.994762,-0.0012407062,0
0.5,0,27.864311,0.19558682,0,21.00399,-0.0011778686,0
0.5,0,27.867356,0.21209842,0,21.013219,-0.0011095911,0
0.5,0,27.879435,0.22818075,0,21.022447,-0.0010360082,0
0.5,0,27.898399,0.24371634,0,21.031676,-0.00095727799,0
0.5,0,27.922132,0.25846956,0,21.040904,-0.00087360344,0
0.5,0,27.948572,0.27220195,0,21.050133,-0.0007852469,0
0.5,0,27.975804,0.2848706,0,21.059361,-0.00069251941,0
0.5,0,28.002144,0.29673404,0,21.06859,-0.00059574432,0
0.5,0,28.026186,0.30815905,0,21.077818,-0.0004952236,0
0.5,0,28.046593,0.31921046,0,21.087047,-0.00039125685,0
0.5,0,28.061243,0.33006,0,21.096275,-0.00028421977,0
0.5,0,28.065591,0.34254837,0,21.105504,-0.00017454315,0
0.5,0,28.055997,0.35340569,0,21.114732,-6.2713766e-05,0
0.5,0,28.046925,0.35451693,0,21.119825,-2.5804012e-15,0
0.5,0,27.25212,-0.26914589,0,22.978882,-8.6671006e-05,0
0.5,0,27.198907,-0.26582635,0,22.969963,-2.5804012e-15,0
0.5,0,27.30306,-0.26729109,0,22.988111,-0.00017808701,0
0.5,0,27.349763,-0.27013569,0,22.997339,-0.00027110815,0
0.5,0,27.396866,-0.27380985,0,23.006568,-0.00036540865,0
0.5,0,27.447438,-0.27751451,0,23.015796,-0.00046069337,0
0.5,0,27.503159,-0.28047762,0,23.025025,-0.00055678934,0
0.5,0,27.562835,-0.28276258,0,23.034253,-0.00065352884,0
0.5,0,27.624374,-0.28448956,0,23.043482,-0.00075069366,0
0.5,0,27.686448,-0.28544523,0,23.05271,-0.00084805932,0
0.5,0,27.748076,-0.28558463,0,23.061939,-0.00094539397,0
0.5,0,27.807552,-0.28508395,0,23.071167,-0.0010424205,0
0.5,0,27.862272,-0.28396613,0,23.080395,-0.0011388255,0
0.5,0,27.909394,-0.28205467,0,23.089624,-0.001234297,0
0.5,0,27.946388,-0.27916517,0,23.098852,-0.0013285432,0
0.5,0,27.970931,-0.27517666,0,23.108081,-0.0014212958,0
0.5,0,27.980535,-0.27004713,0,23.117309,-0.0015123112,0
0.5,0,27.972573,-0.26385532,0,23.126538,-0.0016013668,0
0.5,0,27.944931,-0.25674136,0,23.135766,-0.0016882574,0
0.5,0,27.896948,-0.24877566,0,23.144995,-0.0017728061,0
0.5,0,27.830121,-0.23997257,0,23.154223,-0.001854878,0
0.5,0,27.7483,-0.23046389,0,23.163452,-0.0019343702,0
0.5,0,27.657362,-0.22059064,0,23.17268,-0.0020111789,0
0.5,0,27.564475,-0.21076967,0,23.181909,-0.0020851731,0
0.5,0,27.477037,-0.20127233,0,23.191137,-0.0021561962,0
0.5,0,27.401485,-0.19211241,0,23.200366,-0.0022240915,0
0.5,0,27.342315,-0.18308575,0,23.209594,-0.0022887302,0
0.5,0,27.301585,-0.17389482,0,23.218822,-0.0023500269,0
0.5,0,27.279018,-0.16429027,0,23.228051,-0.0024079358,0
0.5,0,27.272552,-0.15417705,0,23.237279,-0.0024624295,0
0.5,0,27.279134,-0.14364218,0,23.246508,-0.0025134704,0
0.5,0,27.295515,-0.13288981,0,23.255736,-0.0025609901,0
0.5,0,27.31892,-0.12211174,0,23.264965,-0.0026048856,0
0.5,0,27.347415,-0.11137532,0,23.274193,-0.0026450366,0
0.5,0,27.379934,-0.10060807,0,23.283422,-0.0026813306,0
0.5,0,27.416016,-0.089679449,0,23.29265,-0.0027136825,0
0.5,0,27.455416,-0.078503641,0,23.301879,-0.0027420395,0
0.5,0,27.497778,-0.067083284,0,23.311107,-0.0027663768,0
0.5,0,27.542458,-0.05548474,0,23.320336,-0.0027866934,0
0.5,0,27.588545,-0.04379948,0,23.329564,-0.0028030111,0
0.5,0,27.63501,-0.032135687,0,23.338793,-0.0028153769,0
0.5,0,27.680905,-0.020625698,0,23.348021,-0.002823863,0
0.5,0,27.725527,-0.0094130216,0,23.357249,-0.002828567,0
0.5,0,27.768506,0.0013842693,0,23.366478,-0.0028296148,0
0.5,0,27.809795,0.011703215,0,23.375706,-0.0028271669,0
0.5,0,27.849557,0.02152339,0,23.384935,-0.0028214235,0
0.5,0,27.888008,0.030815843,0,23.394163,-0.0028126219,0
0.5,0,27.925213,0.039494082,0,23.403392,-0.0028010276,0
0.5,0,27.960912,0.047403688,0,23.41262,-0.00278692,0
0.5,0,27.994395,0.054357819,0,23.421849,-0.0027705817,0
0.5,0,28.024437,0.06019374,0,23.431077,-0.0027522942,0
0.5,0,28.049317,0.064817895,0,23.440306,-0.0027323419,0
0.5,0,28.06688,0.068214948,0,23.449534,-0.0027110186,0
0.5,0,28.074675,0.070418212,0,23.458763,-0.0026886323,0
0.5,0,28.070185,0.071468109,0,23.467991,-0.0026655032,0
0.5,0,28.051165,0.071386161,0,23.47722,-0.0026419571,0
0.5,0,28.016086,0.070178844,0,23.486448,-0.0026183163,0
0.5,0,27.964651,0.067874141,0,23.495676,-0.0025948939,0
0.5,0,27.898227,0.06455541,0,23.504905,-0.0025719913,0
0.5,0,27.820039,0.060360203,0,23.514133,-0.0025498965,0
0.5,0,27.734967,0.055456408,0,23.523362,-0.0025288811,0
0.5,0,27.648906,0.05001059,0,23.53259,-0.0025091945,0
0.5,0,27.567851,0.044166658,0,23.541819,-0.0024910591,0
0.5,0,27.496985,0.038046289,0,23.551047,-0.0024746684,0
0.5,0,27.440021,0.031754269,0,23.560276,-0.0024601881,0
0.5,0,27.398963,0.025371885,0,23.569504,-0.0024477593,0
0.5,0,27.374239,0.018938428,0,23.578733,-0.0024374994,0
0.5,0,27.365041,0.01243789,0,23.587961,-0.0024295001,0
0.5,0,27.369728,0.0058082453,0,23.59719,-0.0024238255,0
0.5,0,27.386186,-0.0010212683,0,23.606418,-0.0024205144,0
0.5,0,27.412117,-0.008081507,0,23.615647,-0.0024195884,0
0.5,0,27.445204,-0.01533849,0,23.624875,-0.0024210643,0
0.5,0,27.483183,-0.022710389,0,23.634103,-0.0024249661,0
0.5,0,27.523819,-0.03010517,0,23.643332,-0.0024313294,0
0.5,0,27.565217,-0.037465902,0,23.65256,-0.0024401985,0
0.5,0,27.605941,-0.044794494,0,23.661789,-0.0024516181,0
0.5,0,27.644841,-0.052135494,0,23.671017,-0.0024656217,0
0.5,0,27.681179,-0.059542525,0,23.680246,-0.0024822236,0
0.5,0,27.714605,-0.067043646,0,23.689474,-0.002501415,0
0.5,0,27.745093,-0.07462332,0,23.698703,-0.0025231647,0
0.5,0,27.772858,-0.08222429,0,23.707931,-0.0025474201,0
0.5,0,27.798259,-0.089759394,0,23.71716,-0.0025741082,0
0.5,0,27.821734,-0.097121512,0,23.726388,-0.0026031364,0
0.5,0,27.843761,-0.1041867,0,23.735617,-0.0026343914,0
0.5,0,27.864858,-0.11081408,0,23.744845,-0.0026677396,0
0.5,0,27.88558,-0.11685136,0,23.754074,-0.0027030277,0
0.5,0,27.906514,-0.12215014,0,23.763302,-0.0027400815,0
0.5,0,27.928245,-0.12658653,0,23.77253,-0.0027787042,0
0.5,0,27.951307,-0.13007745,0,23.781759,-0.0028186736,0
0.5,0,27.976123,-0.13258468,0,23.790987,-0.0028597397,0
0.5,0,28.002953,-0.13410685,0,23.800216,-0.0029016255,0
0.5,0,28.031862,-0.13466612,0,23.809444,-0.0029440304,0
0.5,0,28.062698,-0.13429686,0,23.818673,-0.0029866375,0
0.5,0,28.095088,-0.13303898,0,23.827901,-0.003029121,0
0.5,0,28.128435,-0.13093313,0,23.83713,-0.0030711555,0
0.5,0,28.161895,-0.12801472,0,23.846358,-0.0031124245,0
0.5,0,28.19435,-0.12430755,0,23.855587,-0.0031526278,0
0.5,0,28.224358,-0.11982234,0,23.864815,-0.0031914891,0
0.5,0,28.250092,-0.11456525,0,23.874044,-0.0032287597,0
0.5,0,28.269292,-0.10855593,0,23.883272,-0.0032642197,0
0.5,0,28.279254,-0.10184752,0,23.892501,-0.0032976745,0
0.5,0,28.276938,-0.094537074,0,23.901729,-0.0033289493,0
0.5,0,28.25926,-0.086760452,0,23.910957,-0.0033578829,0
0.5,0,28.223652,-0.078662302,0,23.920186,-0.0033843242,0
0.5,0,28.168724,-0.070361337,0,23.929414,-0.0034081314,0
0.5,0,28.094908,-0.061935717,0,23.938643,-0.003429174,0
0.5,0,28.004981,-0.053414639,0,23.947871,-0.0034473357,0
0.5,0,27.904095,-0.044777067,0,23.9571,-0.0034625139,0
0.5,0,27.79919,-0.035966631,0,23.966328,-0.0034746174,0
0.5,0,27.697799,-0.026911808,0,23.975557,-0.0034835615,0
0.5,0,27.606607,-0.017548106,0,23.984785,-0.0034892647,0
0.5,0,27.530263,-0.0078397077,0,23.994014,-0.0034916478,0
0.5,0,27.470873,0.0022195436,0,24.003242,-0.0034906347,0
0.5,0,27.428272,0.012611391,0,24.012471,-0.0034861528,0
0.5,0,27.400812,0.023286259,0,24.021699,-0.0034781342,0
0.5,0,27.386283,0.034165052,0,24.030928,-0.0034665174,0
0.5,0,27.382591,0.045155101,0,24.040156,-0.0034512481,0
0.5,0,27.388006,0.056163895,0,24.049384,-0.0034322833,0
0.5,0,27.401148,0.067109771,0,24.058613,-0.0034095968,0
0.5,0,27.420818,0.077930734,0,24.067841,-0.0033831868,0
0.5,0,27.445838,0.088583141,0,24.07707,-0.0033530815,0
0.5,0,27.474945,0.099031233,0,24.086298,-0.0033193436,0
0.5,0,27.506748,0.10923264,0,24.095527,-0.00328207,0
0.5,0,27.539725,0.11912772,0,24.104755,-0.0032413882,0
0.5,0,27.572275,0.12863936,0,24.113984,-0.0031974506,0
0.5,0,27.602818,0.1376826,0,24.123212,-0.0031504268,0
0.5,0,27.629938,0.1461787,0,24.132441,-0.0031004985,0
0.5,0,27.652547,0.15406723,0,24.141669,-0.0030478542,0
0.5,0,27.670019,0.16131016,0,24.150898,-0.0029926861,0
0.5,0,27.682271,0.16788749,0,24.160126,-0.0029351882,0
0.5,0,27.68977,0.1737895,0,24.169355,-0.0028755546,0
0.5,0,27.69345,0.1790115,0,24.178583,-0.0028139785,0
0.5,0,27.694575,0.18355396,0,24.187811,-0.0027506517,0
0.5,0,27.694571,0.18742747,0,24.19704,-0.0026857656,0
0.5,0,27.694857,0.19065829,0,24.206268,-0.0026195118,0
0.5,0,27.696701,0.19329014,0,24.215497,-0.0025520834,0
0.5,0,27.701128,0.1953802,0,24.224725,-0.0024836747,0
0.5,0,27.708869,0.19699018,0,24.233954,-0.0024144807,0
0.5,0,27.720365,0.19817567,0,24.243182,-0.0023446948,0
0.5,0,27.735792,0.19897688,0,24.252411,-0.0022745061,0
0.5,0,27.755115,0.19941343,0,24.261639,-0.0022040968,0
0.5,0,27.778135,0.19948395,0,24.270868,-0.0021336408,0
0.5,0,27.804535,0.19917096,0,24.280096,-0.0020633035,0
0.5,0,27.833907,0.19844992,0,24.289325,-0.0019932425,0
0.5,0,27.865763,0.19730054,0,24.298553,-0.0019236108,0
0.5,0,27.899525,0.19571687,0,24.307782,-0.0018545591,0
0.5,0,27.934495,0.19371263,0,24.31701,-0.0017862388,0
0.5,0,27.969814,0.19131882,0,24.326238,-0.0017188026,0
0.5,0,28.004409,0.18857384,0,24.335467,-0.0016524033,0
0.5,0,28.036941,0.18550957,0,24.344695,-0.0015871902,0
0.5,0,28.065769,0.18213878,0,24.353924,-0.0015233049,0
0.5,0,28.08893,0.17844891,0,24.363152,-0.0014608777,0
0.5,0,28.104177,0.17440458,0,24.372381,-0.0014000269,0
0.5,0,28.109081,0.16995733,0,24.381609,-0.0013408612,0
0.5,0,28.101247,0.16505852,0,24.390838,-0.0012834855,0
0.5,0,28.078636,0.15967045,0,24.400066,-0.0012280087,0
0.5,0,28.039996,0.15377308,0,24.409295,-0.0011745498,0
0.5,0,27.985312,0.14736601,0,24.418523,-0.0011232416,0
0.5,0,27.916154,0.14046685,0,24.427752,-0.0010742296,0
0.5,0,27.835769,0.13310804,0,24.43698,-0.0010276667,0
0.5,0,27.748821,0.12533303,0,24.446209,-0.00098370491,0
0.5,0,27.660785,0.11719293,0,24.455437,-0.00094248554,0
0.5,0,27.577147,0.10874446,0,24.464665,-0.00090413127,0
0.5,0,27.502651,0.10005008,0,24.473894,-0.00086873988,0
0.5,0,27.440808,0.091180991,0,24.483122,-0.00083638042,0
0.5,0,27.393759,0.08222205,0,24.492351,-0.0008070908,0
0.5,0,27.362421,0.073276466,0,24.501579,-0.00078087597,0
0.5,0,27.346731,0.064466832,0,24.510808,-0.00075770618,0
0.5,0,27.345865,0.055929889,0,24.520036,-0.00073751591,0
0.5,0,27.358365,0.047804636,0,24.529265,-0.00072020412,0
0.5,0,27.382234,0.040215422,0,24.538493,-0.00070563632,0
0.5,0,27.415072,0.033260103,0,24.547722,-0.00069364805,0
0.5,0,27.454283,0.027009059,0,24.55695,-0.00068404913,0
0.5,0,27.497315,0.021506035,0,24.566179,-0.00067662846,0
0.5,0,27.541902,0.016769148,0,24.575407,-0.00067115946,0
0.5,0,27.586239,0.012794119,0,24.584636,-0.00066740613,0
0.5,0,27.629058,0.0095558341,0,24.593864,-0.00066513019,0
0.5,0,27.669618,0.0070088071,0,24.603092,-0.00066409928,0
0.5,0,27.707626,0.0050906464,0,24.612321,-0.00066409502,0
0.5,0,27.743139,0.0037301191,0,24.621549,-0.00066491901,0
0.5,0,27.776455,0.0028566371,0,24.630778,-0.00066639528,0
0.5,0,27.808017,0.0024044104,0,24.640006,-0.00066836887,0
0.5,0,27.838333,0.0023096795,0,24.649235,-0.00067070188,0
0.5,0,27.86791,0.0025048832,0,24.658463,-0.00067326889,0
0.5,0,27.897211,0.002915961,0,24.667692,-0.00067595296,0
0.5,0,27.926614,0.0034717791,0,24.67692,-0.00067864207,0
0.5,0,27.956388,0.0041270409,0,24.686149,-0.00068122471,0
0.5,0,27.986664,0.0048872423,0,24.695377,-0.00068358376,0
0.5,0,28.017409,0.005819141,0,24.704606,-0.00068558939,0
0.5,0,28.048394,0.0070371604,0,24.713834,-0.0006870931,0
0.5,0,28.079165,0.0086709604,0,24.723063,-0.00068792598,0
0.5,0,28.109003,0.010832013,0,24.732291,-0.00068790171,0
0.5,0,28.136899,0.013596409,0,24.741519,-0.00068682249,0
0.5,0,28.161532,0.017008197,0,24.750748,-0.00068448458,0
0.5,0,28.181255,0.021094295,0,24.759976,-0.00068068076,0
0.5,0,28.194128,0.025876689,0,24.769205,-0.00067519985,0
0.5,0,28.198025,0.031372239,0,24.778433,-0.00066782533,0
0.5,0,28.190846,0.037579536,0,24.787662,-0.00065833674,0
0.5,0,28.170799,0.044455041,0,24.79689,-0.00064651698,0
0.5,0,28.13675,0.051895986,0,24.806119,-0.00063216583,0
0.5,0,28.088643,0.059760456,0,24.815347,-0.00061511514,0
0.5,0,28.027846,0.067924038,0,24.824576,-0.0005952383,0
0.5,0,27.957302,0.076334989,0,24.833804,-0.00057244914,0
0.5,0,27.881321,0.085022792,0,24.843033,-0.00054669154,0
0.5,0,27.805019,0.094042072,0,24.852261,-0.00051792806,0
0.5,0,27.733528,0.10338045,0,24.86149,-0.0004861359,0
0.5,0,27.67121,0.11289034,0,24.870718,-0.00045131304,0
0.5,0,27.621112,0.12231264,0,24.879946,-0.00041348877,0
0.5,0,27.584791,0.13142073,0,24.889175,-0.00037272503,0
0.5,0,27.5625,0.14020859,0,24.898403,-0.00032909688,0
0.5,0,27.553543,0.14894447,0,24.907632,-0.00028265759,0
0.5,0,27.556606,0.157919,0,24.91686,-0.00023341927,0
0.5,0,27.569705,0.16710699,0,24.926089,-0.00018139222,0
0.5,0,27.589322,0.17695051,0,24.935317,-0.00012666324,0
0.5,0,27.609053,0.1896809,0,24.944546,-6.9317165e-05,0
0.5,0,27.626529,0.19832983,0,24.953774,-9.5159065e-06,0
0.5,0,27.629888,0.19861832,0,24.955186,-2.5804012e-15,0
0.5,0,27.65581,-0.061662814,0,26.974808,-1.4493445e-05,0
0.5,0,27.640352,-0.063277867,0,26.968013,-2.5804012e-15,0
0.5,0,27.667144,-0.058669857,0,26.984037,-3.4204135e-05,0
0.5,0,27.669144,-0.058307843,0,26.993265,-5.3967292e-05,0
0.5,0,27.664482,-0.058373909,0,27.002494,-7.373056e-05,0
0.5,0,27.655266,-0.05815139,0,27.011722,-9.3475396e-05,0
0.5,0,27.642929,-0.057433138,0,27.020951,-0.00011322113,0
0.5,0,27.628157,-0.056506444,0,27.030179,-0.00013294436,0
0.5,0,27.61194,-0.05563916,0,27.039408,-0.00015255849,0
0.5,0,27.595922,-0.054866116,0,27.048636,-0.00017195,0
0.5,0,27.581724,-0.054156507,0,27.057865,-0.00019100153,0
0.5,0,27.570351,-0.053412387,0,27.067093,-0.00020960467,0
0.5,0,27.562289,-0.052396094,0,27.076322,-0.00022768474,0
0.5,0,27.557934,-0.050857407,0,27.08555,-0.00024521702,0
0.5,0,27.557732,-0.048718285,0,27.094779,-0.00026221445,0
0.5,0,27.561952,-0.046120848,0,27.104007,-0.00027869938,0
0.5,0,27.570451,-0.043361496,0,27.113235,-0.00029467846,0
0.5,0,27.582721,-0.040771679,0,27.122464,-0.0003101315,0
0.5,0,27.598118,-0.038570192,0,27.131692,-0.00032502045,0
0.5,0,27.616021,-0.036775398,0,27.140921,-0.00033931547,0
0.5,0,27.635808,-0.035267431,0,27.150149,-0.00035301974,0
0.5,0,27.656765,-0.033943654,0,27.159378,-0.00036617425,0
0.5,0,27.678054,-0.032815324,0,27.168606,-0.00037884296,0
0.5,0,27.69876,-0.031978178,0,27.177835,-0.00039109471,0
0.5,0,27.717902,-0.031520675,0,27.187063,-0.0004029952,0
0.5,0,27.734404,-0.031457891,0,27.196292,-0.00041461013,0
0.5,0,27.747041,-0.031720895,0,27.20552,-0.00042601257,0
0.5,0,27.754441,-0.032187727,0,27.214749,-0.0004372881,0
0.5,0,27.755169,-0.03273543,0,27.223977,-0.00044853345,0
0.5,0,27.747857,-0.033291677,0,27.233206,-0.00045984746,0
0.5,0,27.7314,-0.033859183,0,27.242434,-0.00047131693,0
0.5,0,27.705202,-0.034492719,0,27.251662,-0.00048300321,0
0.5,0,27.669443,-0.03524643,0,27.260891,-0.00049493565,0
0.5,0,27.625318,-0.036131973,0,27.270119,-0.00050711356,0
0.5,0,27.575139,-0.037107851,0,27.279348,-0.00051951294,0
0.5,0,27.522174,-0.038098707,0,27.288576,-0.00053209252,0
0.5,0,27.470188,-0.039023218,0,27.297805,-0.00054479684,0
0.5,0,27.422798,-0.039805997,0,27.307033,-0.00055755759,0
0.5,0,27.382834,-0.040374379,0,27.316262,-0.00057029566,0
0.5,0,27.351925,-0.040656861,0,27.32549,-0.00058292446,0
0.5,0,27.330426,-0.040590272,0,27.334719,-0.0005953533,0
0.5,0,27.317698,-0.040129651,0,27.343947,-0.0006074898,0
0.5,0,27.312609,-0.039247386,0,27.353176,-0.00061924172,0
0.5,0,27.314049,-0.037919699,0,27.362404,-0.00063052005,0
0.5,0,27.321248,-0.036128138,0,27.371633,-0.00064124271,0
0.5,0,27.333847,-0.033878588,0,27.380861,-0.00065133721,0
0.5,0,27.351752,-0.031215584,0,27.390089,-0.0006607405,0
0.5,0,27.374852,-0.028227429,0,27.399318,-0.00066939717,0
0.5,0,27.402747,-0.025033277,0,27.408546,-0.00067725881,0
0.5,0,27.43461,-0.021754103,0,27.417775,-0.00068428625,0
0.5,0,27.469225,-0.01848884,0,27.427003,-0.00069045405,0
0.5,0,27.505145,-0.015310552,0,27.436232,-0.00069575516,0
0.5,0,27.540907,-0.012280568,0,27.44546,-0.00070020237,0
0.5,0,27.575223,-0.0094671728,0,27.454689,-0.00070382575,0
0.5,0,27.607104,-0.0069501491,0,27.463917,-0.00070666761,0
0.5,0,27.635929,-0.0048019611,0,27.473146,-0.0007087767,0
0.5,0,27.66143,-0.0030588462,0,27.482374,-0.00071020532,0
0.5,0,27.683644,-0.0016987817,0,27.491603,-0.00071101041,0
0.5,0,27.702828,-0.00064032061,0,27.500831,-0.00071125589,0
0.5,0,27.719371,0.00023143545,0,27.51006,-0.00071101245,0
0.5,0,27.733698,0.0010244811,0,27.519288,-0.00071035238,0
0.5,0,27.746212,0.0018089839,0,27.528516,-0.00070934017,0
0.5,0,27.757264,0.0026121422,0,27.537745,-0.00070802149,0
0.5,0,27.767146,0.0034350729,0,27.546973,-0.00070641501,0
0.5,0,27.77611,0.0042777775,0,27.556202,-0.00070450976,0
0.5,0,27.784381,0.0051574839,0,27.56543,-0.00070226801,0
0.5,0,27.792176,0.0061114694,0,27.574659,-0.00069963172,0
0.5,0,27.799696,0.0071884214,0,27.583887,-0.00069653028,0
0.5,0,27.807113,0.0084385318,0,27.593116,-0.00069288799,0
0.5,0,27.814539,0.0099078356,0,27.602344,-0.00068863088,0
0.5,0,27.821988,0.011634967,0,27.611573,-0.00068369274,0
0.5,0,27.829335,0.013644955,0,27.620801,-0.0006780198,0
0.5,0,27.836283,0.01593839,0,27.63003,-0.00067157338,0
0.5,0,27.842348,0.018481021,0,27.639258,-0.00066433005,0
0.5,0,27.84689,0.021200484,0,27.648487,-0.00065627988,0
0.5,0,27.849161,0.02399507,0,27.657715,-0.0006474246,0
0.5,0,27.848377,0.026752875,0,27.666943,-0.00063777701,0
0.5,0,27.843803,0.029373222,0,27.676172,-0.00062736264,0
0.5,0,27.834822,0.031781696,0,27.6854,-0.00061622277,0
0.5,0,27.820989,0.033933165,0,27.694629,-0.00060441727,0
0.5,0,27.802073,0.035804485,0,27.703857,-0.00059202549,0
0.5,0,27.778096,0.037384202,0,27.713086,-0.00057914436,0
0.5,0,27.749384,0.038665277,0,27.722314,-0.00056588383,0
0.5,0,27.716613,0.039641879,0,27.731543,-0.00055236096,0
0.5,0,27.680849,0.040308275,0,27.740771,-0.00053869404,0
0.5,0,27.643514,0.040657938,0,27.75,-0.00052499745,0
0.5,0,27.606298,0.040682369,0,27.759228,-0.00051137771,0
0.5,0,27.570886,0.040367282,0,27.768457,-0.00049793047,0
0.5,0,27.538836,0.039695014,0,27.777685,-0.00048473948,0
0.5,0,27.511339,0.038654315,0,27.786914,-0.00047187715,0
0.5,0,27.489041,0.037247558,0,27.796142,-0.00045940668,0
0.5,0,27.472162,0.035497239,0,27.80537,-0.00044738581,0
0.5,0,27.460554,0.033447011,0,27.814599,-0.000435871,0
0.5,0,27.453882,0.031153122,0,27.823827,-0.00042492043,0
0.5,0,27.45181,0.028672105,0,27.833056,-0.00041459552,0
0.5,0,27.454104,0.026050742,0,27.842284,-0.00040496065,0
0.5,0,27.460635,0.023322445,0,27.851513,-0.0003960818,0
0.5,0,27.471302,0.020505495,0,27.860741,-0.00038802517,0
0.5,0,27.485919,0.017605294,0,27.86997,-0.00038085565,0
0.5,0,27.50412,0.014622358,0,27.879198,-0.00037463506,0
0.5,0,27.525281,0.011553686,0,27.888427,-0.00036941958,0
0.5,0,27.548518,0.0083903254,0,27.897655,-0.00036525635,0
0.5,0,27.572749,0.0051204912,0,27.906884,-0.0003621793,0
0.5,0,27.596803,0.0017375415,0,27.916112,-0.00036020571,0
0.5,0,27.619537,-0.0017487533,0,27.925341,-0.00035933388,0
0.5,0,27.63993,-0.0053008376,0,27.934569,-0.00035954196,0
0.5,0,27.657116,-0.0088522128,0,27.943797,-0.00036078936,0
0.5,0,27.67039,-0.012314206,0,27.953026,-0.00036302105,0
0.5,0,27.679208,-0.01558348,0,27.962254,-0.00036617119,0
0.5,0,27.683172,-0.018554825,0,27.971483,-0.00037016569,0
0.5,0,27.682044,-0.021135455,0,27.980711,-0.00037492455,0
0.5,0,27.675767,-0.023255458,0,27.98994,-0.00038036392,0
0.5,0,27.664523,-0.024874205,0,27.999168,-0.00038639795,0
0.5,0,27.64877,-0.025984193,0,28.008397,-0.00039294071,0
0.5,0,27.629269,-0.026612529,0,28.017625,-0.00039990841,0
0.5,0,27.607071,-0.026816667,0,28.026854,-0.00040722162,0
0.5,0,27.583443,-0.026676839,0,28.036082,-0.00041480787,0
0.5,0,27.559749,-0.026287561,0,28.045311,-0.0004226045,0
0.5,0,27.53731,-0.025748498,0,28.054539,-0.00043056175,0
0.5,0,27.517275,-0.025157187,0,28.063768,-0.00043864577,0
0.5,0,27.500528,-0.024604376,0,28.072996,-0.00044684074,0
0.5,0,27.487669,-0.024172238,0,28.082224,-0.00045514959,0
0.5,0,27.479038,-0.023933335,0,28.091453,-0.00046359239,0
0.5,0,27.474782,-0.023947084,0,28.100681,-0.00047220241,0
0.5,0,27.47493,-0.024254161,0,28.10991,-0.00048102039,0
0.5,0,27.479438,-0.024870529,0,28.119138,-0.0004900877,0
0.5,0,27.4882,-0.025780541,0,28.128367,-0.00049943957,0
0.5,0,27.501026,-0.026931762,0,28.137595,-0.00050909915,0
0.5,0,27.517596,-0.028237399,0,28.146824,-0.00051907303,0
0.5,0,27.537442,-0.029585707,0,28.156052,-0.00052934823,0
0.5,0,27.559949,-0.030852649,0,28.165281,-0.00053989046,0
0.5,0,27.584402,-0.031915356,0,28.174509,-0.00055064366,0
0.5,0,27.610049,-0.032663226,0,28.183738,-0.00056153052,0
0.5,0,27.636189,-0.033004332,0,28.192966,-0.00057245404,0
0.5,0,27.662211,-0.032866727,0,28.202195,-0.00058329991,0
0.5,0,27.687666,-0.032196057,0,28.211423,-0.00059393914,0
0.5,0,27.712266,-0.030955143,0,28.220651,-0.00060423111,0
0.5,0,27.735857,-0.029127651,0,28.22988,-0.00061402708,0
0.5,0,27.758411,-0.026720521,0,28.239108,-0.00062317421,0
0.5,0,27.779957,-0.023765423,0,28.248337,-0.00063152025,0
0.5,0,27.800536,-0.020319512,0,28.257565,-0.00063891902,0
0.5,0,27.820149,-0.016461614,0,28.266794,-0.00064523599,0
0.5,0,27.838711,-0.012284232,0,28.276022,-0.00065035357,0
0.5,0,27.856017,-0.0078838917,0,28.285251,-0.00065417517,0
0.5,0,27.871711,-0.0033521464,0,28.294479,-0.00065662773,0
0.5,0,27.885287,0.0012275068,0,28.303708,-0.00065766223,0
0.5,0,27.896064,0.0057734287,0,28.312936,-0.00065725369,0
0.5,0,27.90318,0.010202396,0,28.322165,-0.00065540101,0
0.5,0,27.905652,0.014434885,0,28.331393,-0.00065212455,0
0.5,0,27.902455,0.018400026,0,28.340622,-0.00064746223,0
0.5,0,27.892679,0.022045528,0,28.34985,-0.00064146493,0
0.5,0,27.875564,0.025344527,0,28.359078,-0.00063419088,0
0.5,0,27.850437,0.02829976,0,28.368307,-0.00062570162,0
0.5,0,27.817504,0.030917261,0,28.377535,-0.00061606263,0
0.5,0,27.77801,0.033189955,0,28.386764,-0.0006053467,0
0.5,0,27.733822,0.035120163,0,28.395992,-0.00059363607,0
0.5,0,27.687489,0.036733516,0,28.405221,-0.00058102133,0
0.5,0,27.64191,0.038084889,0,28.414449,-0.00056759634,0
0.5,0,27.599926,0.039247636,0,28.423678,-0.00055345081,0
0.5,0,27.563913,0.040293502,0,28.432906,-0.00053866293,0
0.5,0,27.535501,0.041273983,0,28.442135,-0.00052329442,0
0.5,0,27.515474,0.042212268,0,28.451363,-0.00050738913,0
0.5,0,27.503901,0.043112141,0,28.460592,-0.00049097423,0
0.5,0,27.500399,0.043978924,0,28.46982,-0.00047406249,0
0.5,0,27.504437,0.044838573,0,28.479049,-0.00045665485,0
0.5,0,27.515558,0.045742369,0,28.488277,-0.00043874305,0
0.5,0,27.533447,0.046752999,0,28.497505,-0.00042031303,0
0.5,0,27.557862,0.047917822,0,28.506734,-0.00040134937,0
0.5,0,27.588489,0.049247875,0,28.515962,-0.00038184041,0
0.5,0,27.62479,0.050720103,0,28.525191,-0.00036178216,0
0.5,0,27.665905,0.052299337,0,28.534419,-0.00034117919,0
0.5,0,27.710659,0.05396447,0,28.543648,-0.00032004103,0
0.5,0,27.757651,0.055719333,0,28.552876,-0.00029837601,0
0.5,0,27.80538,0.057573977,0,28.562105,-0.00027618743,0
0.5,0,27.852337,0.059507835,0,28.571333,-0.00025347608,0
0.5,0,27.897042,0.061441872,0,28.580562,-0.00023024957,0
0.5,0,27.938025,0.063250226,0,28.58979,-0.0002065341,0
0.5,0,27.973805,0.064831729,0,28.599019,-0.00018238045,0
0.5,0,28.002785,0.066211164,0,28.608247,-0.00015785659,0
0.5,0,28.023156,0.067576892,0,28.617476,-0.00013302866,0
0.5,0,28.03284,0.069150672,0,28.626704,-0.00010794659,0
0.5,0,28.029413,0.070952304,0,28.635932,-8.2661097e-05,0
0.5,0,28.009795,0.073065202,0,28.645161,-5.7273977e-05,0
0.5,0,27.969685,0.076601964,0,28.654389,-3.1923841e-05,0
0.5,0,27.906266,0.080258782,0,28.663618,-6.7629859e-06,0
0.5,0,27.883994,0.079858192,0,28.666132,-2.5804012e-15,0
0.5,0,27.972342,-0.060407633,0,29.023528,-1.8034485e-06,0
0.5,0,27.972909,-0.060314747,0,29.022711,-2.5804012e-15,0
0.5,0,27.948207,-0.057399388,0,29.032757,-2.2332922e-05,0
0.5,0,27.901787,-0.055810895,0,29.041985,-4.3060509e-05,0
0.5,0,27.835231,-0.056356031,0,29.051213,-6.3980394e-05,0
0.5,0,27.753746,-0.057086948,0,29.060442,-8.5006815e-05,0
0.5,0,27.663537,-0.0575192,0,29.06967,-0.00010612459,0
0.5,0,27.571543,-0.057612946,0,29.078899,-0.00012733803,0
0.5,0,27.484994,-0.057644424,0,29.088127,-0.00014859841,0
0.5,0,27.410677,-0.057775887,0,29.097356,-0.00016980133,0
0.5,0,27.353245,-0.058009687,0,29.106584,-0.00019080843,0
0.5,0,27.313842,-0.058256837,0,29.115813,-0.00021146051,0
0.5,0,27.290306,-0.058287281,0,29.125041,-0.00023159838,0
0.5,0,27.278673,-0.057778982,0,29.13427,-0.00025108692,0
0.5,0,27.27488,-0.056486022,0,29.143498,-0.00026981692,0
0.5,0,27.275897,-0.054340271,0,29.152727,-0.00028768331,0
0.5,0,27.2802,-0.051431246,0,29.161955,-0.00030455858,0
0.5,0,27.287811,-0.047913567,0,29.171184,-0.0003202768,0
0.5,0,27.299953,-0.043888367,0,29.180412,-0.00033463812,0
0.5,0,27.318336,-0.03933071,0,29.18964,-0.00034743385,0
0.5,0,27.344305,-0.034145842,0,29.198869,-0.00035847485,0
0.5,0,27.378204,-0.028313298,0,29.208097,-0.0003676014,0
0.5,0,27.41919,-0.021965117,0,29.217326,-0.00037467044,0
0.5,0,27.465442,-0.015305841,0,29.226554,-0.00037953748,0
0.5,0,27.51456,-0.0084760196,0,29.235783,-0.00038205368,0
0.5,0,27.563953,-0.0014892441,0,29.245011,-0.00038208236,0
0.5,0,27.611124,0.005737674,0,29.25424,-0.00037952167,0
0.5,0,27.653855,0.01326861,0,29.263468,-0.00037432104,0
0.5,0,27.690296,0.021042042,0,29.272697,-0.00036648711,0
0.5,0,27.718965,0.02887039,0,29.281925,-0.00035607634,0
0.5,0,27.738696,0.036520374,0,29.291154,-0.00034317806,0
0.5,0,27.748687,0.043813644,0,29.300382,-0.00032789768,0
0.5,0,27.748612,0.050681962,0,29.309611,-0.00031034848,0
0.5,0,27.738745,0.057128908,0,29.318839,-0.00029065471,0
0.5,0,27.720065,0.063133384,0,29.328067,-0.00026896077,0
0.5,0,27.694216,0.068590682,0,29.337296,-0.00024543756,0
0.5,0,27.66331,0.073364432,0,29.346524,-0.00022027838,0
0.5,0,27.629627,0.077434854,0,29.355753,-0.00019368091,0
0.5,0,27.595302,0.081007061,0,29.364981,-0.00016582065,0
0.5,0,27.562072,0.084405623,0,29.37421,-0.00013683304,0
0.5,0,27.531027,0.087787832,0,29.383438,-0.00010683007,0
0.5,0,27.502091,0.091328552,0,29.392667,-7.5952042e-05,0
0.5,0,27.473074,0.096234871,0,29.401895,-4.4358117e-05,0
0.5,0,27.44172,0.10134876,0,29.411124,-1.2190766e-05,0
0.5,0,27.430679,0.10124595,0,29.414573,-2.5804012e-15,0
0.5,0,27.786153,-0.09663475,0,29.900232,-1.067806e-05,0
0.5,0,27.786266,-0.098760707,0,29.897084,-2.5804012e-15,0
0.5,0,27.774012,-0.086419514,0,29.909461,-4.0329769e-05,0
0.5,0,27.747873,-0.079201703,0,29.918689,-6.8337675e-05,0
0.5,0,27.71074,-0.073694549,0,29.927918,-9.4637004e-05,0
0.5,0,27.666772,-0.068389711,0,29.937146,-0.00011908028,0
0.5,0,27.620115,-0.062769661,0,29.946375,-0.00014166738,0
0.5,0,27.573863,-0.056764622,0,29.955603,-0.00016246569,0
0.5,0,27.530168,-0.050675275,0,29.964832,-0.00018151965,0
0.5,0,27.491285,-0.044718197,0,29.97406,-0.00019883777,0
0.5,0,27.459507,-0.039027413,0,29.983289,-0.00021440004,0
0.5,0,27.436178,-0.033720247,0,29.992517,-0.00022815443,0
0.5,0,27.421197,-0.028737486,0,30.001746,-0.00024003534,0
0.5,0,27.413499,-0.023822393,0,30.010974,-0.00025000078,0
0.5,0,27.411887,-0.018728964,0,30.020202,-0.00025804764,0
0.5,0,27.415412,-0.013372666,0,30.029431,-0.00026419499,0
0.5,0,27.423255,-0.0078095572,0,30.038659,-0.00026845757,0
0.5,0,27.43455,-0.0021482853,0,30.047888,-0.00027082828,0
0.5,0,27.448446,0.0035407121,0,30.057116,-0.00027127693,0
0.5,0,27.464295,0.0092858167,0,30.066345,-0.00026976752,0
0.5,0,27.48169,0.01517038,0,30.075573,-0.00026628412,0
0.5,0,27.500334,0.021192888,0,30.084802,-0.00026084335,0
0.5,0,27.519852,0.027178171,0,30.09403,-0.00025348163,0
0.5,0,27.539719,0.032856324,0,30.103259,-0.00024423182,0
0.5,0,27.559311,0.038040514,0,30.112487,-0.00023311317,0
0.5,0,27.578015,0.042733432,0,30.121716,-0.00022014422,0
0.5,0,27.595221,0.047075414,0,30.130944,-0.00020536942,0
0.5,0,27.610499,0.05120541,0,30.140173,-0.00018888467,0
0.5,0,27.623619,0.05516804,0,30.149401,-0.00017084695,0
0.5,0,27.634485,0.058934974,0,30.158629,-0.00015145872,0
0.5,0,27.643224,0.062506518,0,30.167858,-0.00013092914,0
0.5,0,27.649984,0.065960215,0,30.177086,-0.00010942982,0
0.5,0,27.654784,0.069327464,0,30.186315,-8.707866e-05,0
0.5,0,27.657225,0.072539505,0,30.195543,-6.3978838e-05,0
0.5,0,27.655719,0.076155056,0,30.204772,-4.0270863e-05,0
0.5,0,27.64732,0.081252617,0,30.214,-1.6086814e-05,0
0.5,0,27.638125,0.082280071,0,30.22006,-2.5804012e-15,0
0.5,0,27.450603,-0.068782087,0,30.721566,-1.3275641e-05,0
0.5,0,27.442883,-0.072630934,0,30.71576,-2.5804012e-15,0
0.5,0,27.457988,-0.06082325,0,30.730794,-3.3410189e-05,0
0.5,0,27.460705,-0.055486575,0,30.740023,-5.2449644e-05,0
0.5,0,27.461133,-0.050599552,0,30.749251,-7.0185233e-05,0
0.5,0,27.461247,-0.04535286,0,30.75848,-8.6449571e-05,0
0.5,0,27.462303,-0.039387156,0,30.767708,-0.0001011849,0
0.5,0,27.464251,-0.032896426,0,30.776937,-0.0001143546,0
0.5,0,27.466721,-0.026247264,0,30.786165,-0.00012589428,0
0.5,0,27.469902,-0.019672254,0,30.795394,-0.00013573187,0
0.5,0,27.474281,-0.013382257,0,30.804622,-0.00014380552,0
0.5,0,27.480017,-0.0075563722,0,30.813851,-0.00015006937,0
0.5,0,27.48686,-0.002198772,0,30.823079,-0.00015451309,0
0.5,0,27.49454,0.0028132796,0,30.832308,-0.00015718017,0
0.5,0,27.503054,0.00756396,0,30.841536,-0.00015816137,0
0.5,0,27.512536,0.012035831,0,30.850765,-0.00015757172,0
0.5,0,27.522955,0.016136504,0,30.859993,-0.00015553095,0
0.5,0,27.534001,0.019735037,0,30.869221,-0.00015215383,0
0.5,0,27.545252,0.022723246,0,30.87845,-0.00014755052,0
0.5,0,27.55639,0.025092106,0,30.887678,-0.00014183545,0
0.5,0,27.567241,0.026941634,0,30.896907,-0.00013513455,0
0.5,0,27.577685,0.02840802,0,30.906135,-0.00012757899,0
0.5,0,27.587574,0.029596856,0,30.915364,-0.00011928883,0
0.5,0,27.596733,0.030581497,0,30.924592,-0.00011036341,0
0.5,0,27.605024,0.031425215,0,30.933821,-0.00010088875,0
0.5,0,27.612381,0.032172159,0,30.943049,-9.0955418e-05,0
0.5,0,27.618789,0.0328273,0,30.952278,-8.0671172e-05,0
0.5,0,27.624268,0.033377627,0,30.961506,-7.0156318e-05,0
0.5,0,27.628871,0.033846639,0,30.970735,-5.9521538e-05,0
0.5,0,27.632646,0.034307075,0,30.979963,-4.8840892e-05,0
0.5,0,27.63553,0.034790732,0,30.989192,-3.8141823e-05,0
0.5,0,27.637096,0.035250056,0,30.99842,-2.7430284e-05,0
0.5,0,27.636012,0.035991139,0,31.007648,-1.6728758e-05,0
0.5,0,27.629894,0.037742598,0,31.016877,-6.0659081e-06,0
0.5,0,27.623402,0.037780302,0,31.022172,-2.5804012e-15,0
0.5,0,27.770335,-0.048330229,0,31.302959,-2.4607134e-07,0
0.5,0,27.769998,-0.048364857,0,31.302744,-2.5804012e-15,0
0.5,0,27.779244,-0.043849256,0,31.312188,-1.050043e-05,0
0.5,0,27.781637,-0.039901741,0,31.321416,-2.0326959e-05,0
0.5,0,27.77875,-0.036663651,0,31.330645,-2.9591779e-05,0
0.5,0,27.77133,-0.033076546,0,31.339873,-3.8098542e-05,0
0.5,0,27.76037,-0.028965267,0,31.349102,-4.5692735e-05,0
0.5,0,27.74705,-0.024335253,0,31.35833,-5.2268343e-05,0
0.5,0,27.7317,-0.019400661,0,31.367559,-5.7728446e-05,0
0.5,0,27.714032,-0.014312061,0,31.376787,-6.1983184e-05,0
0.5,0,27.694087,-0.0091068034,0,31.386016,-6.4976588e-05,0
0.5,0,27.672718,-0.003892537,0,31.395244,-6.6690734e-05,0
0.5,0,27.651253,0.001158206,0,31.404473,-6.7133662e-05,0
0.5,0,27.63081,0.0059451064,0,31.413701,-6.6337645e-05,0
0.5,0,27.611933,0.010439975,0,31.422929,-6.4361735e-05,0
0.5,0,27.59474,0.014590593,0,31.432158,-6.1283492e-05,0
0.5,0,27.579241,0.018298173,0,31.441386,-5.7187862e-05,0
0.5,0,27.565454,0.02147162,0,31.450615,-5.2167403e-05,0
0.5,0,27.5533,0.024078515,0,31.459843,-4.632786e-05,0
0.5,0,27.542476,0.026182454,0,31.469072,-3.9785258e-05,0
0.5,0,27.532516,0.02795749,0,31.4783,-3.2654799e-05,0
0.5,0,27.522943,0.029616879,0,31.487529,-2.5044896e-05,0
0.5,0,27.513102,0.031423519,0,31.496757,-1.7066432e-05,0
0.5,0,27.501528,0.034049509,0,31.505986,-8.8257449e-06,0
0.5,0,27.487029,0.036722562,0,31.515214,-4.1704646e-07,0
0.5,0,27.486261,0.036728093,0,31.515667,-2.5804012e-15,0
0.5,0,27.538045,-0.055586775,0,31.875124,-8.5700886e-06,0
0.5,0,27.531985,-0.056507919,0,31.869934,-2.5804012e-15,0
0.5,0,27.546381,-0.052165716,0,31.884353,-2.3889807e-05,0
0.5,0,27.552066,-0.050383663,0,31.893581,-3.9198833e-05,0
0.5,0,27.556538,-0.048717832,0,31.90281,-5.4320359e-05,0
0.5,0,27.560879,-0.046650799,0,31.912038,-6.9062756e-05,0
0.5,0,27.565768,-0.044048676,0,31.921267,-8.3281521e-05,0
0.5,0,27.570821,-0.0410447,0,31.930495,-9.6838859e-05,0
0.5,0,27.575235,-0.037796254,0,31.939724,-0.00010958586,0
0.5,0,27.578807,-0.034334725,0,31.948952,-0.00012138545,0
0.5,0,27.58205,-0.030734676,0,31.958181,-0.00013212134,0
0.5,0,27.585566,-0.027132135,0,31.967409,-0.00014169131,0
0.5,0,27.589524,-0.023551172,0,31.976637,-0.00015001877,0
0.5,0,27.593722,-0.019869779,0,31.985866,-0.00015707636,0
0.5,0,27.597931,-0.015954813,0,31.995094,-0.00016289322,0
0.5,0,27.602055,-0.011776598,0,32.004323,-0.00016754024,0
0.5,0,27.605981,-0.0074445971,0,32.013551,-0.00017110455,0
0.5,0,27.609373,-0.0031928798,0,32.02278,-0.00017366367,0
0.5,0,27.611708,0.00070454765,0,32.032008,-0.00017526952,0
0.5,0,27.61253,0.0040710145,0,32.041237,-0.00017595267,0
0.5,0,27.61173,0.0069047905,0,32.050465,-0.00017574311,0
0.5,0,27.609632,0.0093247587,0,32.059694,-0.00017468831,0
0.5,0,27.60688,0.011453649,0,32.068922,-0.00017285321,0
0.5,0,27.604235,0.01335773,0,32.078151,-0.00017030535,0
0.5,0,27.602386,0.01507224,0,32.087379,-0.0001670993,0
0.5,0,27.601814,0.016653232,0,32.096608,-0.00016327072,0
0.5,0,27.602717,0.018199477,0,32.105836,-0.00015884095,0
0.5,0,27.604999,0.019833328,0,32.115064,-0.000153827,0
0.5,0,27.608324,0.021654539,0,32.124293,-0.00014825103,0
0.5,0,27.612214,0.023687575,0,32.133521,-0.00014214397,0
0.5,0,27.616163,0.025850659,0,32.14275,-0.00013554206,0
0.5,0,27.619747,0.027973563,0,32.151978,-0.00012848001,0
0.5,0,27.622691,0.029864925,0,32.161207,-0.00012098862,0
0.5,0,27.624896,0.031392293,0,32.170435,-0.00011310168,0
0.5,0,27.62639,0.032522482,0,32.179664,-0.00010487021,0
0.5,0,27.627256,0.033294609,0,32.188892,-9.6375365e-05,0
0.5,0,27.627534,0.033747492,0,32.198121,-8.7730999e-05,0
0.5,0,27.62718,0.033857819,0,32.207349,-7.9073524e-05,0
0.5,0,27.626066,0.033535627,0,32.216578,-7.0545019e-05,0
0.5,0,27.624041,0.032676745,0,32.225806,-6.2278875e-05,0
0.5,0,27.621012,0.031229128,0,32.235035,-5.4393574e-05,0
0.5,0,27.617015,0.029226823,0,32.244263,-4.6993412e-05,0
0.5,0,27.612262,0.026777577,0,32.253491,-4.0170902e-05,0
0.5,0,27.607157,0.024023644,0,32.26272,-3.4006534e-05,0
0.5,0,27.602256,0.021103874,0,32.271948,-2.8565145e-05,0
0.5,0,27.598199,0.018131876,0,32.281177,-2.3890868e-05,0
0.5,0,27.595578,0.015189808,0,32.290405,-2.0003211e-05,0
0.5,0,27.594823,0.012331551,0,32.299634,-1.6895975e-05,0
0.5,0,27.596105,0.0095902415,0,32.308862,-1.453958e-05,0
0.5,0,27.599322,0.0069856793,0,32.318091,-1.2886331e-05,0
0.5,0,27.604163,0.0045288917,0,32.327319,-1.1877266e-05,0
0.5,0,27.610233,0.002223772,0,32.336548,-1.1448856e-05,0
0.5,0,27.61717,6.5729894e-05,0,32.345776,-1.1538178e-05,0
0.5,0,27.624708,-0.0019568974,0,32.355005,-1.2086465e-05,0
0.5,0,27.632692,-0.0038551321,0,32.364233,-1.3041059e-05,0
0.5,0,27.641047,-0.005628575,0,32.373462,-1.435472e-05,0
0.5,0,27.649701,-0.0072546321,0,32.38269,-1.5982887e-05,0
0.5,0,27.658527,-0.008686131,0,32.391918,-1.7880166e-05,0
0.5,0,27.667317,-0.0098612002,0,32.401147,-1.9996015e-05,0
0.5,0,27.67578,-0.010720801,0,32.410375,-2.227098e-05,0
0.5,0,27.683566,-0.011225081,0,32.419604,-2.4635268e-05,0
0.5,0,27.690309,-0.011357683,0,32.428832,-2.7009337e-05,0
0.5,0,27.69569,-0.011114728,0,32.438061,-2.9304817e-05,0
0.5,0,27.69948,-0.010487496,0,32.447289,-3.1424506e-05,0
0.5,0,27.701557,-0.0094557223,0,32.456518,-3.3262127e-05,0
0.5,0,27.701858,-0.0080015269,0,32.465746,-3.4704198e-05,0
0.5,0,27.70034,-0.006137674,0,32.474975,-3.5636063e-05,0
0.5,0,27.696984,-0.0039308438,0,32.484203,-3.5951937e-05,0
0.5,0,27.691856,-0.0014996395,0,32.493432,-3.5566389e-05,0
0.5,0,27.685155,0.0010227824,0,32.50266,-3.4422843e-05,0
0.5,0,27.677185,0.0035488271,0,32.511889,-3.2494949e-05,0
0.5,0,27.668291,0.0060833523,0,32.521117,-2.9779396e-05,0
0.5,0,27.658773,0.008716157,0,32.530345,-2.6283659e-05,0
0.5,0,27.64888,0.011531207,0,32.539574,-2.2017633e-05,0
0.5,0,27.63872,0.014515143,0,32.548802,-1.6999996e-05,0
0.5,0,27.627913,0.017800775,0,32.558031,-1.1273274e-05,0
0.5,0,27.615076,0.021981584,0,32.567259,-4.8807553e-06,0
0.5,0,27.604319,0.024536498,0,32.573686,-2.5804012e-15,0
0.5,0,27.435966,-0.057695097,0,32.964083,-1.4870863e-05,0
0.5,0,27.425831,-0.059388282,0,32.95705,-2.5804012e-15,0
0.5,0,27.445684,-0.054644384,0,32.973312,-3.454186e-05,0
0.5,0,27.452578,-0.053912687,0,32.98254,-5.4246842e-05,0
0.5,0,27.459024,-0.053484498,0,32.991769,-7.3799858e-05,0
0.5,0,27.466322,-0.052769787,0,33.000997,-9.3076599e-05,0
0.5,0,27.474682,-0.051573846,0,33.010226,-0.00011202461,0
0.5,0,27.483319,-0.0501092,0,33.019454,-0.00013059352,0
0.5,0,27.491555,-0.048574996,0,33.028683,-0.0001487135,0
0.5,0,27.49922,-0.04702838,0,33.037911,-0.0001663111,0
0.5,0,27.506231,-0.045541625,0,33.04714,-0.00018330374,0
0.5,0,27.512272,-0.044149311,0,33.056368,-0.0001995871,0
0.5,0,27.517001,-0.042725499,0,33.065597,-0.00021504231,0
0.5,0,27.520384,-0.041045624,0,33.074825,-0.00022954751,0
0.5,0,27.522709,-0.038916656,0,33.084053,-0.00024297635,0
0.5,0,27.524316,-0.036225563,0,33.093282,-0.00025518902,0
0.5,0,27.52535,-0.03292413,0,33.10251,-0.00026602439,0
0.5,0,27.525793,-0.028981115,0,33.111739,-0.00027529704,0
0.5,0,27.525659,-0.024313733,0,33.120967,-0.00028280418,0
0.5,0,27.525098,-0.018770048,0,33.130196,-0.00028834268,0
0.5,0,27.524336,-0.012219892,0,33.139424,-0.00029172639,0
0.5,0,27.523583,-0.0046859158,0,33.148653,-0.00029279503,0
0.5,0,27.522999,0.0036125688,0,33.157881,-0.00029141766,0
0.5,0,27.52274,0.012338654,0,33.16711,-0.00028749879,0
0.5,0,27.522989,0.021162911,0,33.176338,-0.00028098823,0
0.5,0,27.523918,0.029843831,0,33.185567,-0.00027188849,0
0.5,0,27.525654,0.038227958,0,33.194795,-0.00026025529,0
0.5,0,27.528278,0.046186058,0,33.204024,-0.00024619373,0
0.5,0,27.531838,0.053533762,0,33.213252,-0.00022985528,0
0.5,0,27.536352,0.059999793,0,33.22248,-0.00021143705,0
0.5,0,27.541864,0.065294069,0,33.231709,-0.00019117966,0
0.5,0,27.548159,0.069275867,0,33.240937,-0.00016935446,0
0.5,0,27.554907,0.072104735,0,33.250166,-0.00014623557,0
0.5,0,27.561809,0.074222846,0,33.259394,-0.00012206501,0
0.5,0,27.568387,0.076089699,0,33.268623,-9.7034235e-05,0
0.5,0,27.573908,0.077976773,0,33.277851,-7.1307919e-05,0
0.5,0,27.57656,0.080605442,0,33.28708,-4.5057379e-05,0
0.5,0,27.573162,0.085162486,0,33.296308,-1.8406849e-05,0
0.5,0,27.567296,0.086375375,0,33.302616,-2.5804012e-15,0
0.5,0,27.553375,-0.087773488,0,33.683904,-9.5844839e-06,0
0.5,0,27.546771,-0.087457411,0,33.680691,-2.5804012e-15,0
0.5,0,27.568265,-0.085117246,0,33.693132,-3.7086999e-05,0
0.5,0,27.577335,-0.08382753,0,33.702361,-6.4424086e-05,0
0.5,0,27.582607,-0.083190752,0,33.711589,-9.1363981e-05,0
0.5,0,27.586135,-0.081675935,0,33.720818,-0.00011762045,0
0.5,0,27.589145,-0.078832728,0,33.730046,-0.00014295611,0
0.5,0,27.591681,-0.074675488,0,33.739275,-0.0001671332,0
0.5,0,27.593207,-0.069427579,0,33.748503,-0.0001898697,0
0.5,0,27.593627,-0.063135266,0,33.757732,-0.0002108708,0
0.5,0,27.593294,-0.05581316,0,33.76696,-0.00022986519,0
0.5,0,27.592433,-0.047625105,0,33.776188,-0.00024660708,0
0.5,0,27.590959,-0.03877544,0,33.785417,-0.00026087694,0
0.5,0,27.5888,-0.029418689,0,33.794645,-0.00027249353,0
0.5,0,27.586159,-0.019713772,0,33.803874,-0.00028131864,0
0.5,0,27.583346,-0.0098603909,0,33.813102,-0.00028725286,0
0.5,0,27.580426,-7.3180255e-05,0,33.822331,-0.00029023499,0
0.5,0,27.577218,0.0094281942,0,33.831559,-0.00029024679,0
0.5,0,27.573351,0.018443841,0,33.840788,-0.00028731848,0
0.5,0,27.568438,0.026860442,0,33.850016,-0.00028153291,0
0.5,0,27.562279,0.034679555,0,33.859245,-0.00027302416,0
0.5,0,27.554768,0.041964184,0,33.868473,-0.0002619637,0
0.5,0,27.545895,0.048753683,0,33.877702,-0.00024853723,0
0.5,0,27.53581,0.055024775,0,33.88693,-0.00023292742,0
0.5,0,27.524832,0.060702314,0,33.896159,-0.00021531419,0
0.5,0,27.513368,0.065692536,0,33.905387,-0.00019588716,0
0.5,0,27.501775,0.069946339,0,33.914615,-0.00017485372,0
0.5,0,27.490311,0.073553115,0,33.923844,-0.0001524301,0
0.5,0,27.479058,0.076780078,0,33.933072,-0.00012881868,0
0.5,0,27.467935,0.079927454,0,33.942301,-0.00010419223,0
0.5,0,27.456529,0.083091696,0,33.951529,-7.8713116e-05,0
0.5,0,27.443402,0.086552793,0,33.960758,-5.258112e-05,0
0.5,0,27.425284,0.091614033,0,33.969986,-2.599748e-05,0
0.5,0,27.402131,0.094337076,0,33.978939,-2.5804012e-15,0
0.5,0,27.512196,-0.093046966,0,34.348353,-2.7328241e-05,0
0.5,0,27.499643,-0.097116306,0,34.339126,-2.5804012e-15,0
0.5,0,27.517681,-0.088198107,0,34.357582,-5.4258747e-05,0
0.5,0,27.517571,-0.085033668,0,34.36681,-8.0596563e-05,0
0.5,0,27.514293,-0.08148031,0,34.376039,-0.00010604009,0
0.5,0,27.509783,-0.077146345,0,34.385267,-0.0001303524,0
0.5,0,27.505209,-0.071912472,0,34.394496,-0.00015337266,0
0.5,0,27.500177,-0.066131627,0,34.403724,-0.00017493456,0
0.5,0,27.493974,-0.060065619,0,34.412953,-0.00019484679,0
0.5,0,27.486702,-0.053689768,0,34.422181,-0.00021293423,0
0.5,0,27.479078,-0.047002312,0,34.43141,-0.0002290517,0
0.5,0,27.471612,-0.040090215,0,34.440638,-0.00024307406,0
0.5,0,27.464274,-0.032988485,0,34.449867,-0.00025490144,0
0.5,0,27.456842,-0.025695288,0,34.459095,-0.00026446749,0
0.5,0,27.449365,-0.018260382,0,34.468323,-0.00027173065,0
0.5,0,27.442196,-0.010765082,0,34.477552,-0.00027665998,0
0.5,0,27.435695,-0.003268517,0,34.48678,-0.00027923078,0
0.5,0,27.429959,0.0041881932,0,34.496009,-0.00027942882,0
0.5,0,27.424851,0.011573636,0,34.505237,-0.00027726051,0
0.5,0,27.420196,0.018875058,0,34.514466,-0.00027276893,0
0.5,0,27.415916,0.026062265,0,34.523694,-0.00026604476,0
0.5,0,27.412054,0.033014617,0,34.532923,-0.00025721654,0
0.5,0,27.408739,0.039515173,0,34.542151,-0.00024642186,0
0.5,0,27.406182,0.045351903,0,34.55138,-0.00023378135,0
0.5,0,27.404677,0.050429483,0,34.560608,-0.00021939431,0
0.5,0,27.404547,0.054782477,0,34.569837,-0.00020335572,0
0.5,0,27.406052,0.058497318,0,34.579065,-0.00018577984,0
0.5,0,27.409309,0.061651001,0,34.588294,-0.00016681516,0
0.5,0,27.414219,0.064340677,0,34.597522,-0.00014664059,0
0.5,0,27.420495,0.066754427,0,34.60675,-0.00012544211,0
0.5,0,27.42767,0.069148359,0,34.615979,-0.00010338268,0
0.5,0,27.434989,0.071682497,0,34.625207,-8.0591515e-05,0
0.5,0,27.441055,0.074504289,0,34.634436,-5.7189659e-05,0
0.5,0,27.443174,0.078482277,0,34.643664,-3.3296109e-05,0
0.5,0,27.43884,0.083027963,0,34.652893,-9.0058675e-06,0
0.5,0,27.435842,0.083244503,0,34.656271,-2.5804012e-15,0
0.5,0,27.655375,-0.083853972,0,35.049717,-1.6481358e-05,0
0.5,0,27.646118,-0.086054101,0,35.043934,-2.5804012e-15,0
0.5,0,27.663792,-0.078106579,0,35.058945,-4.2312211e-05,0
0.5,0,27.665442,-0.074880717,0,35.068174,-6.7558206e-05,0
0.5,0,27.662368,-0.072173562,0,35.077402,-9.1993895e-05,0
0.5,0,27.656268,-0.06930198,0,35.086631,-0.00011539398,0
0.5,0,27.648424,-0.0659352,0,35.095859,-0.00013762825,0
0.5,0,27.638939,-0.062152479,0,35.105088,-0.00015860508,0
0.5,0,27.627597,-0.058132337,0,35.114316,-0.000178238,0
0.5,0,27.614926,-0.053914323,0,35.123545,-0.00019646493,0
0.5,0,27.602072,-0.049608394,0,35.132773,-0.00021324524,0
0.5,0,27.589927,-0.045413899,0,35.142002,-0.00022853273,0
0.5,0,27.578625,-0.041398864,0,35.15123,-0.00024227199,0
0.5,0,27.567798,-0.037450278,0,35.160458,-0.00025441632,0
0.5,0,27.557133,-0.033406102,0,35.169687,-0.00026493931,0
0.5,0,27.54662,-0.029153216,0,35.178915,-0.00027383496,0
0.5,0,27.536359,-0.024666442,0,35.188144,-0.00028111181,0
0.5,0,27.526289,-0.020029393,0,35.197372,-0.00028678004,0
0.5,0,27.516185,-0.01538201,0,35.206601,-0.00029083597,0
0.5,0,27.505889,-0.010796643,0,35.215829,-0.0002932575,0
0.5,0,27.49554,-0.0062103821,0,35.225058,-0.00029401304,0
0.5,0,27.485568,-0.0014882195,0,35.234286,-0.00029307162,0
0.5,0,27.476547,0.0034607738,0,35.243515,-0.0002904047,0
0.5,0,27.469058,0.0086325568,0,35.252743,-0.00028598401,0
0.5,0,27.4636,0.013965362,0,35.261972,-0.00027978335,0
0.5,0,27.460523,0.019400683,0,35.2712,-0.00027178493,0
0.5,0,27.459938,0.02492253,0,35.280429,-0.00026198398,0
0.5,0,27.461657,0.030563261,0,35.289657,-0.0002503897,0
0.5,0,27.465242,0.036367357,0,35.298885,-0.00023702453,0
0.5,0,27.470129,0.042321676,0,35.308114,-0.00022192396,0
0.5,0,27.475753,0.048294363,0,35.317342,-0.00020513775,0
0.5,0,27.481606,0.054050442,0,35.326571,-0.00018673201,0
0.5,0,27.487217,0.059376908,0,35.335799,-0.00016678926,0
0.5,0,27.492129,0.064248527,0,35.345028,-0.00014540189,0
0.5,0,27.495869,0.068877369,0,35.354256,-0.0001226607,0
0.5,0,27.497953,0.073519226,0,35.363485,-9.8651682e-05,0
0.5,0,27.497648,0.078262085,0,35.372713,-7.3481601e-05,0
0.5,0,27.493296,0.083582199,0,35.381942,-4.7308915e-05,0
0.5,0,27.481784,0.090477293,0,35.39117,-2.0285127e-05,0
0.5,0,27.468477,0.093132643,0,35.397931,-2.5804012e-15,0
0.5,0,27.655234,-0.058709828,0,35.806451,-1.8826782e-05,0
0.5,0,27.637511,-0.064419086,0,35.797971,-2.5804012e-15,0
0.5,0,27.669011,-0.0529174,0,35.81568,-3.8356475e-05,0
0.5,0,27.677953,-0.049660895,0,35.824908,-5.6888721e-05,0
0.5,0,27.683896,-0.047040802,0,35.834137,-7.4295559e-05,0
0.5,0,27.687964,-0.044485139,0,35.843365,-9.0513079e-05,0
0.5,0,27.690578,-0.041595967,0,35.852594,-0.00010554543,0
0.5,0,27.691428,-0.038307279,0,35.861822,-0.00011940949,0
0.5,0,27.690434,-0.034604736,0,35.87105,-0.000132119,0
0.5,0,27.688046,-0.030520727,0,35.880279,-0.00014368909,0
0.5,0,27.684705,-0.026276995,0,35.889507,-0.00015411796,0
0.5,0,27.680451,-0.022135204,0,35.898736,-0.00016337366,0
0.5,0,27.675146,-0.018184805,0,35.907964,-0.00017141215,0
0.5,0,27.668894,-0.01435269,0,35.917193,-0.00017820515,0
0.5,0,27.662145,-0.010532327,0,35.926421,-0.00018375357,0
0.5,0,27.65541,-0.0066822503,0,35.93565,-0.00018808541,0
0.5,0,27.648973,-0.0028718582,0,35.944878,-0.00019124448,0
0.5,0,27.642861,0.00074892603,0,35.954107,-0.00019327709,0
0.5,0,27.636988,0.0040598153,0,35.963335,-0.00019422923,0
0.5,0,27.631291,0.0070603395,0,35.972564,-0.000194157,0
0.5,0,27.625746,0.0098287148,0,35.981792,-0.00019313682,0
0.5,0,27.620313,0.012388805,0,35.991021,-0.00019126146,0
0.5,0,27.614952,0.014639531,0,36.000249,-0.00018862386,0
0.5,0,27.609649,0.016414886,0,36.009477,-0.00018530346,0
0.5,0,27.604422,0.017606214,0,36.018706,-0.00018136645,0
0.5,0,27.599271,0.018246441,0,36.027934,-0.00017687777,0
0.5,0,27.594143,0.018507792,0,36.037163,-0.00017191379,0
0.5,0,27.588942,0.018627456,0,36.046391,-0.00016656524,0
0.5,0,27.583564,0.018804557,0,36.05562,-0.00016092594,0
0.5,0,27.577922,0.019121576,0,36.064848,-0.00015507257,0
0.5,0,27.571967,0.019538371,0,36.074077,-0.00014904658,0
0.5,0,27.565694,0.019960862,0,36.083305,-0.00014284902,0
0.5,0,27.559165,0.020334158,0,36.092534,-0.00013645118,0
0.5,0,27.55255,0.020698495,0,36.101762,-0.00012981381,0
0.5,0,27.546169,0.021171872,0,36.110991,-0.00012290244,0
0.5,0,27.540454,0.0218746,0,36.120219,-0.00011569004,0
0.5,0,27.535868,0.022853073,0,36.129448,-0.00010814922,0
0.5,0,27.532782,0.024051425,0,36.138676,-0.00010024451,0
0.5,0,27.531379,0.025336915,0,36.147904,-9.1934217e-05,0
0.5,0,27.531611,0.026558278,0,36.157133,-8.3182669e-05,0
0.5,0,27.533221,0.027616347,0,36.166361,-7.3973983e-05,0
0.5,0,27.535825,0.02852454,0,36.17559,-6.4316018e-05,0
0.5,0,27.539014,0.029420277,0,36.184818,-5.4231004e-05,0
0.5,0,27.542424,0.030474212,0,36.194047,-4.3742942e-05,0
0.5,0,27.545683,0.031763417,0,36.203275,-3.2880741e-05,0
0.5,0,27.548011,0.033504576,0,36.212504,-2.1696314e-05,0
0.5,0,27.547607,0.036524027,0,36.221732,-1.0240202e-05,0
0.5,0,27.544123,0.038966794,0,36.229825,-2.5804012e-15,0
0.5,0,27.530756,-0.051225295,0,36.710841,-8.697301e-06,0
0.5,0,27.533501,-0.053678213,0,36.705339,-2.5804012e-15,0
0.5,0,27.519862,-0.046197588,0,36.720069,-2.2836227e-05,0
0.5,0,27.503269,-0.043279663,0,36.729298,-3.657045e-05,0
0.5,0,27.48307,-0.04099291,0,36.738526,-4.9863785e-05,0
0.5,0,27.461,-0.038897645,0,36.747755,-6.2651879e-05,0
0.5,0,27.438323,-0.036772131,0,36.756983,-7.4905328e-05,0
0.5,0,27.41542,-0.034661166,0,36.766212,-8.6584381e-05,0
0.5,0,27.39246,-0.032654755,0,36.77544,-9.7619222e-05,0
0.5,0,27.37009,-0.030711164,0,36.784669,-0.00010793322,0
0.5,0,27.349273,-0.028779737,0,36.793897,-0.00011745617,0
0.5,0,27.330712,-0.026821747,0,36.803126,-0.00012612326,0
0.5,0,27.314619,-0.024713772,0,36.812354,-0.0001338843,0
0.5,0,27.300975,-0.022285303,0,36.821583,-0.0001407153,0
0.5,0,27.289868,-0.019449054,0,36.830811,-0.0001466136,0
0.5,0,27.281529,-0.016247179,0,36.840039,-0.0001515804,0
0.5,0,27.2761,-0.012804739,0,36.849268,-0.00015560483,0
0.5,0,27.273466,-0.0092652398,0,36.858496,-0.00015865558,0
0.5,0,27.273306,-0.0057274711,0,36.867725,-0.00016068164,0
0.5,0,27.275282,-0.0022017104,0,36.876953,-0.00016162274,0
0.5,0,27.279146,0.0013610947,0,36.886182,-0.00016142398,0
0.5,0,27.2847,0.0049785674,0,36.89541,-0.0001600443,0
0.5,0,27.291728,0.0085810055,0,36.904639,-0.00015745557,0
0.5,0,27.299961,0.012051184,0,36.913867,-0.00015364124,0
0.5,0,27.309125,0.01531769,0,36.923096,-0.00014860126,0
0.5,0,27.318973,0.01840879,0,36.932324,-0.00014235956,0
0.5,0,27.329281,0.021423429,0,36.941553,-0.00013496698,0
0.5,0,27.339836,0.024454067,0,36.950781,-0.00012649671,0
0.5,0,27.350445,0.027516657,0,36.96001,-0.00011703551,0
0.5,0,27.360942,0.030525641,0,36.969238,-0.00010667617,0
0.5,0,27.371173,0.03333402,0,36.978466,-9.5512997e-05,0
0.5,0,27.380954,0.035827738,0,36.987695,-8.3637536e-05,0
0.5,0,27.390029,0.038014296,0,36.996923,-7.1131956e-05,0
0.5,0,27.398064,0.040010762,0,37.006152,-5.8064142e-05,0
0.5,0,27.404646,0.041927801,0,37.01538,-4.4496934e-05,0
0.5,0,27.40903,0.04397187,0,37.024609,-3.0513776e-05,0
0.5,0,27.409639,0.046923017,0,37.033837,-1.6214611e-05,0
0.5,0,27.405429,0.04986518,0,37.043066,-1.7111425e-06,0
0.5,0,27.404664,0.049866165,0,37.044148,-2.5804012e-15,0
0.5,0,27.40744,-0.055892612,0,37.375291,-2.5928047e-06,0
0.5,0,27.408437,-0.056062145,0,37.373823,-2.5804012e-15,0
0.5,0,27.398374,-0.052097365,0,37.384519,-1.8667659e-05,0
0.5,0,27.385587,-0.048984535,0,37.393747,-3.4394732e-05,0
0.5,0,27.370625,-0.046518057,0,37.402976,-4.9638689e-05,0
0.5,0,27.355172,-0.043842323,0,37.412204,-6.4235464e-05,0
0.5,0,27.340571,-0.040860203,0,37.421433,-7.808367e-05,0
0.5,0,27.327383,-0.037669569,0,37.430661,-9.1127274e-05,0
0.5,0,27.315404,-0.034498138,0,37.43989,-0.00010331699,0
0.5,0,27.304464,-0.031409957,0,37.449118,-0.00011461382,0
0.5,0,27.294733,-0.028372121,0,37.458347,-0.00012499877,0
0.5,0,27.286354,-0.025427506,0,37.467575,-0.00013445465,0
0.5,0,27.27912,-0.022619314,0,37.476804,-0.00014294942,0
0.5,0,27.272632,-0.019873875,0,37.486032,-0.00015044396,0
0.5,0,27.266693,-0.017041916,0,37.495261,-0.00015690803,0
0.5,0,27.261479,-0.013995579,0,37.504489,-0.00016232726,0
0.5,0,27.257337,-0.010677303,0,37.513718,-0.00016670144,0
0.5,0,27.254472,-0.0071235508,0,37.522946,-0.00017003621,0
0.5,0,27.252801,-0.0034628944,0,37.532174,-0.00017233026,0
0.5,0,27.25204,0.00014599288,0,37.541403,-0.0001735672,0
0.5,0,27.251848,0.0035931545,0,37.550631,-0.00017372025,0
0.5,0,27.251883,0.006830391,0,37.55986,-0.0001727654,0
0.5,0,27.251786,0.0098244756,0,37.569088,-0.00017069141,0
0.5,0,27.251186,0.012532814,0,37.578317,-0.0001675012,0
0.5,0,27.249763,0.014939313,0,37.587545,-0.00016320806,0
0.5,0,27.247333,0.017107202,0,37.596774,-0.000157831,0
0.5,0,27.243886,0.019191123,0,37.606002,-0.00015139099,0
0.5,0,27.239584,0.021392045,0,37.615231,-0.00014390901,0
0.5,0,27.234725,0.023875213,0,37.624459,-0.00013540794,0
0.5,0,27.229694,0.026686371,0,37.633688,-0.00012591799,0
0.5,0,27.224888,0.029714024,0,37.642916,-0.00011548146,0
0.5,0,27.220595,0.032743956,0,37.652145,-0.00010415124,0
0.5,0,27.216919,0.035595689,0,37.661373,-9.1979795e-05,0
0.5,0,27.213689,0.038251244,0,37.670601,-7.9003938e-05,0
0.5,0,27.210583,0.04083242,0,37.67983,-6.5238487e-05,0
0.5,0,27.206987,0.043449218,0,37.689058,-5.0695564e-05,0
0.5,0,27.202176,0.046197778,0,37.698287,-3.5422785e-05,0
0.5,0,27.194418,0.049632555,0,37.707515,-1.9510996e-05,0
0.5,0,27.183279,0.052932483,0,37.716744,-3.0779284e-06,0
0.5,0,27.180816,0.053093115,0,37.718433,-2.5804012e-15,0
0.5,0,26.707814,-0.31752469,0,0.0092284668,0.00086713625,0
0.5,0,26.728906,-0.27289235,0,0.018456934,0.0007642292,0
0.5,0,26.743012,-0.25980983,0,0.0276854,0.00067046362,0
0.5,0,26.756532,-0.25155027,0,0.036913867,0.00058150174,0
0.5,0,26.768564,-0.24444441,0,0.046142334,0.00049598391,0
0.5,0,26.780526,-0.23833752,0,0.055370801,0.00041306792,0
0.5,0,26.793383,-0.23318127,0,0.064599268,0.00033217143,0
0.5,0,26.807665,-0.22907642,0,0.073827734,0.0002528845,0
0.5,0,26.824263,-0.22573839,0,0.083056201,0.00017495418,0
0.5,0,26.845758,-0.22372471,0,0.092284668,9.8316534e-05,0
0.5,0,26.876176,-0.22388085,0,0.10151313,2.2933385e-05,0
0.5,0,27.194142,0.12581453,0,1.9656634,3.4242262e-05,0
0.5,0,27.188222,0.1225061,0,1.9748919,7.3890147e-05,0
0.5,0,27.189009,0.12246142,0,1.9841204,0.00011400006,0
0.5,0,27.192326,0.12379838,0,1.9933488,0.00015455302,0
0.5,0,27.195727,0.12524621,0,2.0025773,0.0001956337,0
0.5,0,27.198954,0.12638628,0,2.0118058,0.00023738238,0
0.5,0,27.202448,0.12767958,0,2.0210342,0.00027987841,0
0.5,0,27.205808,0.12923851,0,2.0302627,0.00032314225,0
0.5,0,27.208074,0.13088685,0,2.0394912,0.00036717943,0
0.5,0,27.20863,0.13282257,0,2.0487196,0.00041195501,0
0.5,0,27.207473,0.13527857,0,2.0579481,0.00045737583,0
0.5,0,27.204835,0.13799714,0,2.0671766,0.00050334063,0
0.5,0,27.200773,0.14051356,0,2.076405,0.00054978473,0
0.5,0,27.195117,0.14255997,0,2.0856335,0.00059667381,0
0.5,0,27.187781,0.1440061,0,2.094862,0.00064398797,0
0.5,0,27.178966,0.14482962,0,2.1040904,0.00069171179,0
0.5,0,27.168938,0.14527637,0,2.1133189,0.00073980822,0
0.5,0,27.157677,0.14569406,0,2.1225474,0.00078819846,0
0.5,0,27.144856,0.14609102,0,2.1317758,0.00083678899,0
0.5,0,27.130146,0.14610475,0,2.1410043,0.00088552059,0
0.5,0,27.113411,0.14548393,0,2.1502328,0.00093437516,0
0.5,0,27.094627,0.14441658,0,2.1594612,0.00098333349,0
0.5,0,27.073761,0.14332507,0,2.1686897,0.0010323393,0
0.5,0,27.050815,0.14248925,0,2.1779182,0.0010813061,0
0.5,0,27.025968,0.14192313,0,2.1871466,0.0011301488,0
0.5,0,26.999662,0.14147256,0,2.1963751,0.0011788104,0
0.5,0,26.972572,0.14092419,0,2.2056036,0.0012272728,0
0.5,0,26.945541,0.14008893,0,2.214832,0.0012755552,0
0.5,0,26.919491,0.13889934,0,2.2240605,0.0013236981,0
0.5,0,26.895295,0.13747376,0,2.233289,0.0013717363,0
0.5,0,26.873598,0.13607508,0,2.2425174,0.0014196733,0
0.5,0,26.854667,0.13496125,0,2.2517459,0.0014674722,0
0.5,0,26.838366,0.13420359,0,2.2609744,0.0015150705,0
0.5,0,26.824307,0.13361366,0,2.2702028,0.0015624114,0
0.5,0,26.812107,0.13288624,0,2.2794313,0.0016094671,0
0.5,0,26.801577,0.13186069,0,2.2886598,0.0016562336,0
0.5,0,26.79275,0.13063041,0,2.2978882,0.001702703,0
0.5,0,26.785811,0.12937714,0,2.3071167,0.0017488465,0
0.5,0,26.780986,0.12814144,0,2.3163452,0.0017946229,0
0.5,0,26.778453,0.1268152,0,2.3255736,0.001839997,0
0.5,0,26.778221,0.12534144,0,2.3348021,0.0018849401,0
0.5,0,26.780024,0.12384164,0,2.3440306,0.0019294101,0
0.5,0,26.783322,0.12250266,0,2.353259,0.0019733397,0
0.5,0,26.787441,0.12136344,0,2.3624875,0.0020166497,0
0.5,0,26.791817,0.12024404,0,2.371716,0.0020592797,0
0.5,0,26.796172,0.11887845,0,2.3809444,0.0021012101,0
0.5,0,26.800571,0.11711087,0,2.3901729,0.0021424578,0
0.5,0,26.805322,0.11499492,0,2.3994014,0.0021830536,0
0.5,0,26.810814,0.11275155,0,2.4086298,0.0022230145,0
0.5,0,26.817339,0.11066282,0,2.4178583,0.0022623296,0
0.5,0,26.825005,0.10885268,0,2.4270868,0.0023009628,0
0.5,0,26.833714,0.1072498,0,2.4363152,0.0023388699,0
0.5,0,26.843272,0.10566332,0,2.4455437,0.0023760209,0
0.5,0,26.853481,0.10385021,0,2.4547722,0.0024124088,0
0.5,0,26.864079,0.10171237,0,2.4640006,0.0024480421,0
0.5,0,26.874777,0.099356652,0,2.4732291,0.0024829242,0
0.5,0,26.885262,0.096995731,0,2.4824576,0.0025170388,0
0.5,0,26.895232,0.094763752,0,2.491686,0.0025503541,0
0.5,0,26.904474,0.092604023,0,2.5009145,0.0025828419,0
0.5,0,26.912929,0.09032423,0,2.510143,0.0026144937,0
0.5,0,26.920698,0.0877661,0,2.5193714,0.0026453172,0
0.5,0,26.927977,0.084936646,0,2.5285999,0.0026753143,0
0.5,0,26.934953,0.081988542,0,2.5378284,0.0027044585,0
0.5,0,26.941751,0.079075859,0,2.5470568,0.0027326904,0
0.5,0,26.948427,0.076220115,0,2.5562853,0.002759935,0
0.5,0,26.955021,0.073305673,0,2.5655138,0.0027861262,0
0.5,0,26.9616,0.070200621,0,2.5747422,0.00281122,0
0.5,0,26.968259,0.066884609,0,2.5839707,0.0028351866,0
0.5,0,26.975093,0.063464178,0,2.5931992,0.0028579935,0
0.5,0,26.982152,0.060064678,0,2.6024276,0.002879596,0
0.5,0,26.989428,0.056701234,0,2.6116561,0.0028999445,0
0.5,0,26.99686,0.053247425,0,2.6208846,0.0029190025,0
0.5,0,27.004335,0.0495303,0,2.630113,0.0029367589,0
0.5,0,27.011699,0.045472317,0,2.6393415,0.0029532236,0
0.5,0,27.01876,0.041169909,0,2.64857,0.0029684101,0
0.5,0,27.025317,0.03685406,0,2.6577984,0.0029823161,0
0.5,0,27.031212,0.032763832,0,2.6670269,0.002994916,0
0.5,0,27.036381,0.029017894,0,2.6762554,0.0030061698,0
0.5,0,27.040889,0.025564142,0,2.6854838,0.0030160432,0
0.5,0,27.044922,0.02223534,0,2.6947123,0.0030245257,0
0.5,0,27.048738,0.018871804,0,2.7039408,0.0030316368,0
0.5,0,27.052587,0.01542729,0,2.7131692,0.0030374173,0
0.5,0,27.056653,0.011983797,0,2.7223977,0.0030419141,0
0.5,0,27.061028,0.0086665772,0,2.7316262,0.0030451696,0
0.5,0,27.065744,0.0055285367,0,2.7408546,0.0030472239,0
0.5,0,27.070816,0.0024998887,0,2.7500831,0.0030481252,0
0.5,0,27.076281,-0.00055399477,0,2.7593116,0.0030479363,0
0.5,0,27.082183,-0.0037144979,0,2.76854,0.0030467295,0
0.5,0,27.088524,-0.0069299832,0,2.7777685,0.00304457,0
0.5,0,27.095223,-0.010040995,0,2.786997,0.0030415006,0
0.5,0,27.102081,-0.01288804,0,2.7962254,0.003037538,0
0.5,0,27.108823,-0.015409824,0,2.8054539,0.0030326822,0
0.5,0,27.115145,-0.017657666,0,2.8146824,0.003026931,0
0.5,0,27.120765,-0.019730093,0,2.8239108,0.0030202871,0
0.5,0,27.125428,-0.021695031,0,2.8331393,0.0030127565,0
0.5,0,27.128899,-0.023568425,0,2.8423678,0.0030043408,0
0.5,0,27.130938,-0.025359742,0,2.8515962,0.0029950354,0
0.5,0,27.131306,-0.027132141,0,2.8608247,0.0029848369,0
0.5,0,27.129794,-0.029012866,0,2.8700532,0.0029737541,0
0.5,0,27.126255,-0.031134238,0,2.8792816,0.0029618138,0
0.5,0,27.120625,-0.033546368,0,2.8885101,0.0029490533,0
0.5,0,27.112912,-0.036169613,0,2.8977386,0.0029355039,0
0.5,0,27.103182,-0.038828407,0,2.906967,0.0029211731,0
0.5,0,27.091528,-0.041349951,0,2.9161955,0.0029060396,0
0.5,0,27.078076,-0.043664299,0,2.925424,0.0028900636,0
0.5,0,27.062982,-0.045840104,0,2.9346524,0.0028732084,0
0.5,0,27.046448,-0.048033339,0,2.9438809,0.0028554599,0
0.5,0,27.02871,-0.050385465,0,2.9531094,0.0028368356,0
0.5,0,27.010047,-0.052942508,0,2.9623378,0.0028173773,0
0.5,0,26.990726,-0.055644536,0,2.9715663,0.0027971368,0
0.5,0,26.971021,-0.058387072,0,2.9807948,0.0027761614,0
0.5,0,26.951256,-0.061102929,0,2.9900232,0.0027544894,0
0.5,0,26.931769,-0.06379746,0,2.9992517,0.0027321532,0
0.5,0,26.912946,-0.066513721,0,3.0084802,0.002709184,0
0.5,0,26.895182,-0.069257481,0,3.0177086,0.0026856131,0
0.5,0,26.878824,-0.071944218,0,3.0269371,0.0026614678,0
0.5,0,26.864118,-0.074413791,0,3.0361656,0.0026367668,0
0.5,0,26.851176,-0.076508334,0,3.045394,0.0026115209,0
0.5,0,26.839998,-0.078162428,0,3.0546225,0.0025857424,0
0.5,0,26.830522,-0.079444179,0,3.063851,0.002559457,0
0.5,0,26.822684,-0.080517374,0,3.0730794,0.0025327142,0
0.5,0,26.816467,-0.081545559,0,3.0823079,0.0025055868,0
0.5,0,26.8119,-0.082595351,0,3.0915364,0.0024781592,0
0.5,0,26.809035,-0.083597024,0,3.1007648,0.0024505106,0
0.5,0,26.807902,-0.084386425,0,3.1099933,0.0024226989,0
0.5,0,26.808483,-0.08480408,0,3.1192218,0.0023947551,0
0.5,0,26.810707,-0.084793078,0,3.1284502,0.0023666884,0
0.5,0,26.814476,-0.084437512,0,3.1376787,0.0023385004,0
0.5,0,26.819689,-0.083919231,0,3.1469072,0.0023102007,0
0.5,0,26.826261,-0.083421381,0,3.1561356,0.0022818149,0
0.5,0,26.834112,-0.083040682,0,3.1653641,0.002253385,0
0.5,0,26.843129,-0.082763659,0,3.1745926,0.0022249595,0
0.5,0,26.853141,-0.082514444,0,3.183821,0.0021965827,0
0.5,0,26.863948,-0.082237292,0,3.1930495,0.0021682877,0
0.5,0,26.875305,-0.081950079,0,3.202278,0.0021400952,0
0.5,0,26.88694,-0.081733805,0,3.2115064,0.0021120168,0
0.5,0,26.898624,-0.081676199,0,3.2207349,0.0020840577,0
0.5,0,26.910153,-0.081813994,0,3.2299634,0.0020562167,0
0.5,0,26.921355,-0.082117865,0,3.2391918,0.0020284831,0
0.5,0,26.932096,-0.082521779,0,3.2484203,0.0020008339,0
0.5,0,26.942285,-0.08296409,0,3.2576488,0.0019732353,0
0.5,0,26.951883,-0.083405957,0,3.2668772,0.0019456469,0
0.5,0,26.96091,-0.083821618,0,3.2761057,0.0019180276,0
0.5,0,26.969426,-0.08418414,0,3.2853342,0.0018903375,0
0.5,0,26.977514,-0.084472013,0,3.2945626,0.0018625367,0
0.5,0,26.98526,-0.084698002,0,3.3037911,0.0018345834,0
0.5,0,26.992751,-0.084933094,0,3.3130196,0.0018064347,0
0.5,0,27.000082,-0.085294433,0,3.322248,0.0017780542,0
0.5,0,27.007371,-0.085893055,0,3.3314765,0.0017494214,0
0.5,0,27.014749,-0.086771997,0,3.340705,0.0017205363,0
0.5,0,27.02234,-0.087876533,0,3.3499334,0.0016914152,0
0.5,0,27.030236,-0.089076979,0,3.3591619,0.0016620742,0
0.5,0,27.038479,-0.090228646,0,3.3683904,0.0016325123,0
0.5,0,27.047049,-0.091231642,0,3.3776188,0.0016027015,0
0.5,0,27.055865,-0.092057827,0,3.3868473,0.0015725937,0
0.5,0,27.064797,-0.092738451,0,3.3960758,0.0015421406,0
0.5,0,27.07368,-0.093333223,0,3.4053042,0.0015113175,0
0.5,0,27.082337,-0.093904868,0,3.4145327,0.0014801355,0
0.5,0,27.090602,-0.094507049,0,3.4237612,0.0014486358,0
0.5,0,27.098346,-0.095176928,0,3.4329896,0.0014168697,0
0.5,0,27.105501,-0.095922309,0,3.4422181,0.0013848759,0
0.5,0,27.112061,-0.096707216,0,3.4514466,0.001352671,0
0.5,0,27.118075,-0.097453529,0,3.460675,0.0013202568,0
0.5,0,27.123627,-0.098072504,0,3.4699035,0.0012876377,0
0.5,0,27.128823,-0.098517834,0,3.479132,0.001254837,0
0.5,0,27.13379,-0.09882844,0,3.4883604,0.001221899,0
0.5,0,27.138686,-0.099126264,0,3.4975889,0.0011888782,0
0.5,0,27.143688,-0.099559337,0,3.5068174,0.0011558223,0
0.5,0,27.148977,-0.10021731,0,3.5160458,0.0011227631,0
0.5,0,27.154687,-0.10107037,0,3.5252743,0.0010897183,0
0.5,0,27.16087,-0.1019741,0,3.5345028,0.0010567025,0
0.5,0,27.167472,-0.1027429,0,3.5437312,0.0010237353,0
0.5,0,27.174354,-0.10324781,0,3.5529597,0.00099083989,0
0.5,0,27.18134,-0.10347262,0,3.5621882,0.00095803082,0
0.5,0,27.188261,-0.10348912,0,3.5714167,0.00092530008,0
0.5,0,27.194973,-0.10337478,0,3.5806451,0.00089261342,0
0.5,0,27.201336,-0.10314318,0,3.5898736,0.00085992111,0
0.5,0,27.207177,-0.10274828,0,3.5991021,0.00082717784,0
0.5,0,27.212277,-0.10215622,0,3.6083305,0.0007943595,0
0.5,0,27.216387,-0.10141754,0,3.617559,0.00076146755,0
0.5,0,27.219271,-0.10067662,0,3.6267875,0.00072852058,0
0.5,0,27.220742,-0.10011616,0,3.6360159,0.00069553922,0
0.5,0,27.220672,-0.099883574,0,3.6452444,0.00066253169,0
0.5,0,27.218974,-0.10003808,0,3.6544729,0.00062948493,0
0.5,0,27.215577,-0.10052685,0,3.6637013,0.00059636508,0
0.5,0,27.210379,-0.10119942,0,3.6729298,0.00056312829,0
0.5,0,27.203226,-0.10188209,0,3.6821583,0.00052973658,0
0.5,0,27.193922,-0.10249313,0,3.6913867,0.00049616618,0
0.5,0,27.182287,-0.10310957,0,3.7006152,0.0004624001,0
0.5,0,27.168234,-0.10391097,0,3.7098437,0.0004284102,0
0.5,0,27.151804,-0.10503917,0,3.7190721,0.00039414451,0
0.5,0,27.133165,-0.10648649,0,3.7283006,0.00035953109,0
0.5,0,27.112575,-0.10808577,0,3.7375291,0.00032449736,0
0.5,0,27.090368,-0.10961539,0,3.7467575,0.0002889943,0
0.5,0,27.066981,-0.11098747,0,3.755986,0.0002530088,0
0.5,0,27.04303,-0.11238825,0,3.7652145,0.00021655113,0
0.5,0,27.019404,-0.11422009,0,3.7744429,0.00017962446,0
0.5,0,26.99729,-0.11676507,0,3.7836714,0.00014220265,0
0.5,0,26.978168,-0.1198929,0,3.7928999,0.00010425129,0
0.5,0,26.964266,-0.12380635,0,3.8021283,6.5772107e-05,0
0.5,0,26.958643,-0.12922821,0,3.8113568,2.6755676e-05,0
0.5,0,27.250372,0.13078758,0,5.6478217,2.6575599e-06,0
0.5,0,27.247349,0.12499759,0,5.6570501,4.0723414e-05,0
0.5,0,27.251287,0.12075264,0,5.6662786,7.8528375e-05,0
0.5,0,27.259732,0.11903002,0,5.6755071,0.00011599353,0
0.5,0,27.268894,0.11828374,0,5.6847355,0.00015305162,0
0.5,0,27.276497,0.11729452,0,5.693964,0.00018974012,0
0.5,0,27.282625,0.11591707,0,5.7031925,0.00022613388,0
0.5,0,27.288216,0.1146769,0,5.7124209,0.00026224582,0
0.5,0,27.293466,0.11356359,0,5.7216494,0.00029805886,0
0.5,0,27.297885,0.11235946,0,5.7308779,0.00033357187,0
0.5,0,27.30111,0.1112784,0,5.7401063,0.00036876715,0
0.5,0,27.30335,0.11052862,0,5.7493348,0.00040359473,0
0.5,0,27.305198,0.10986122,0,5.7585633,0.00043801863,0
0.5,0,27.307128,0.10893585,0,5.7677917,0.00047204532,0
0.5,0,27.309254,0.10767559,0,5.7770202,0.00050570255,0
0.5,0,27.311616,0.10610745,0,5.7862487,0.00053901987,0
0.5,0,27.31452,0.10428514,0,5.7954771,0.00057202384,0
0.5,0,27.318444,0.10247299,0,5.8047056,0.00060471774,0
0.5,0,27.323633,0.10103535,0,5.8139341,0.00063706241,0
0.5,0,27.329948,0.10001174,0,5.8231625,0.00066900071,0
0.5,0,27.337094,0.099036727,0,5.832391,0.00070050746,0
0.5,0,27.344862,0.09778331,0,5.8416195,0.00073160256,0
0.5,0,27.353088,0.09633208,0,5.8508479,0.00076231328,0
0.5,0,27.361475,0.095036606,0,5.8600764,0.0007926352,0
0.5,0,27.36956,0.094160876,0,5.8693049,0.00082253209,0
0.5,0,27.376874,0.093721416,0,5.8785333,0.00085196395,0
0.5,0,27.383104,0.093559165,0,5.8877618,0.00088091396,0
0.5,0,27.388161,0.093439757,0,5.8969903,0.00090940269,0
0.5,0,27.392148,0.093125138,0,5.9062187,0.00093749114,0
0.5,0,27.395319,0.09246603,0,5.9154472,0.00096527094,0
0.5,0,27.397986,0.091490186,0,5.9246757,0.0009928416,0
0.5,0,27.400512,0.090402621,0,5.9339042,0.001020284,0
0.5,0,27.40322,0.089476093,0,5.9431326,0.0010476443,0
0.5,0,27.406225,0.088887678,0,5.9523611,0.0010749382,0
0.5,0,27.409412,0.088602327,0,5.9615896,0.0011021726,0
0.5,0,27.412476,0.088418566,0,5.970818,0.0011293705,0
0.5,0,27.415028,0.088171907,0,5.9800465,0.0011565745,0
0.5,0,27.416687,0.087901993,0,5.989275,0.0011838276,0
0.5,0,27.417154,0.087789796,0,5.9985034,0.0012111518,0
0.5,0,27.416295,0.087932265,0,6.0077319,0.0012385479,0
0.5,0,27.414207,0.088227209,0,6.0169604,0.0012660163,0
0.5,0,27.411216,0.088503346,0,6.0261888,0.0012935686,0
0.5,0,27.407733,0.088721753,0,6.0354173,0.0013212178,0
0.5,0,27.404071,0.088997909,0,6.0446458,0.0013489584,0
0.5,0,27.400318,0.089427297,0,6.0538742,0.0013767624,0
0.5,0,27.396351,0.089928341,0,6.0631027,0.0014045984,0
0.5,0,27.391976,0.090268806,0,6.0723312,0.0014324553,0
0.5,0,27.387033,0.090236236,0,6.0815596,0.0014603488,0
0.5,0,27.381469,0.089788541,0,6.0907881,0.0014883087,0
0.5,0,27.375383,0.089075928,0,6.1000166,0.0015163552,0
0.5,0,27.36897,0.088351764,0,6.109245,0.0015444827,0
0.5,0,27.362438,0.087841446,0,6.1184735,0.0015726564,0
0.5,0,27.355917,0.087633631,0,6.127702,0.0016008246,0
0.5,0,27.349402,0.087638387,0,6.1369304,0.0016289378,0
0.5,0,27.342739,0.087639337,0,6.1461589,0.0016569663,0
0.5,0,27.335642,0.087426111,0,6.1553874,0.0016849055,0
0.5,0,27.327713,0.08693176,0,6.1646158,0.0017127627,0
0.5,0,27.31845,0.086273207,0,6.1738443,0.0017405375,0
0.5,0,27.307266,0.085651811,0,6.1830728,0.0017682083,0
0.5,0,27.293568,0.085185025,0,6.1923012,0.0017957374,0
0.5,0,27.276884,0.084806296,0,6.2015297,0.0018230911,0
0.5,0,27.257005,0.084317513,0,6.2107582,0.0018502569,0
0.5,0,27.234079,0.083547973,0,6.2199866,0.0018772431,0
0.5,0,27.208605,0.082484147,0,6.2292151,0.0019040601,0
0.5,0,27.181367,0.08126391,0,6.2384436,0.0019306988,0
0.5,0,27.153317,0.080047489,0,6.247672,0.0019571237,0
0.5,0,27.125475,0.07888151,0,6.2569005,0.0019832869,0
0.5,0,27.098839,0.077675539,0,6.266129,0.0020091512,0
0.5,0,27.074279,0.076310517,0,6.2753574,0.0020347043,0
0.5,0,27.052436,0.074780162,0,6.2845859,0.002059954,0
0.5,0,27.033635,0.073234109,0,6.2938144,0.0020849096,0
0.5,0,27.017878,0.071877756,0,6.3030428,0.0021095687,0
0.5,0,27.004931,0.070812654,0,6.3122713,0.0021339203,0
0.5,0,26.994483,0.06995496,0,6.3214998,0.0021579626,0
0.5,0,26.986297,0.069101137,0,6.3307282,0.0021817198,0
0.5,0,26.980294,0.068087155,0,6.3399567,0.0022052425,0
0.5,0,26.976542,0.066919134,0,6.3491852,0.0022285932,0
0.5,0,26.975191,0.065786251,0,6.3584136,0.0022518239,0
0.5,0,26.976405,0.064956964,0,6.3676421,0.0022749624,0
0.5,0,26.980312,0.064631852,0,6.3768706,0.0022980151,0
0.5,0,26.986994,0.064841697,0,6.386099,0.0023209813,0
0.5,0,26.996476,0.065444937,0,6.3953275,0.0023438711,0
0.5,0,27.008692,0.066220168,0,6.404556,0.0023667146,0
0.5,0,27.023422,0.066993606,0,6.4137844,0.0023895562,0
0.5,0,27.040228,0.067717767,0,6.4230129,0.0024124396,0
0.5,0,27.058425,0.068448803,0,6.4322414,0.0024353924,0
0.5,0,27.077136,0.069244825,0,6.4414698,0.0024584237,0
0.5,0,27.095426,0.070071859,0,6.4506983,0.0024815341,0
0.5,0,27.11247,0.070799272,0,6.4599268,0.0025047291,0
0.5,0,27.127688,0.071289519,0,6.4691552,0.0025280233,0
0.5,0,27.140801,0.071502686,0,6.4783837,0.0025514297,0
0.5,0,27.151793,0.07152147,0,6.4876122,0.0025749432,0
0.5,0,27.160842,0.071472345,0,6.4968406,0.0025985317,0
0.5,0,27.168242,0.071410865,0,6.5060691,0.0026221425,0
0.5,0,27.174351,0.071270014,0,6.5152976,0.0026457193,0
0.5,0,27.17955,0.070913594,0,6.524526,0.0026692168,0
0.5,0,27.184211,0.070244899,0,6.5337545,0.0026926002,0
0.5,0,27.188649,0.069276146,0,6.542983,0.0027158334,0
0.5,0,27.193092,0.068102646,0,6.5522114,0.0027388649,0
0.5,0,27.19768,0.066809364,0,6.5614399,0.0027616238,0
0.5,0,27.202486,0.065392571,0,6.5706684,0.0027840287,0
0.5,0,27.207556,0.063762123,0,6.5798968,0.0028060006,0
0.5,0,27.212916,0.061820642,0,6.5891253,0.0028274705,0
0.5,0,27.218567,0.059554043,0,6.5983538,0.0028483742,0
0.5,0,27.224455,0.057060675,0,6.6075822,0.002868641,0
0.5,0,27.230456,0.054494475,0,6.6168107,0.0028881853,0
0.5,0,27.236394,0.051961568,0,6.6260392,0.0029069087,0
0.5,0,27.242091,0.049443509,0,6.6352676,0.0029247153,0
0.5,0,27.247425,0.046802359,0,6.6444961,0.0029415284,0
0.5,0,27.252372,0.04386684,0,6.6537246,0.002957301,0
0.5,0,27.257005,0.040543161,0,6.662953,0.0029720123,0
0.5,0,27.261445,0.036876686,0,6.6721815,0.0029856538,0
0.5,0,27.265808,0.033024246,0,6.68141,0.0029982147,0
0.5,0,27.270152,0.029158822,0,6.6906384,0.003009676,0
0.5,0,27.274461,0.025374749,0,6.6998669,0.0030200163,0
0.5,0,27.278661,0.021658489,0,6.7090954,0.0030292225,0
0.5,0,27.282648,0.01794026,0,6.7183238,0.0030372964,0
0.5,0,27.286316,0.014182823,0,6.7275523,0.0030442516,0
0.5,0,27.289562,0.01043918,0,6.7367808,0.0030501027,0
0.5,0,27.2923,0.0068367111,0,6.7460092,0.0030548552,0
0.5,0,27.29447,0.0034997828,0,6.7552377,0.0030585047,0
0.5,0,27.296056,0.00046550696,0,6.7644662,0.0030610469,0
0.5,0,27.297107,-0.0023505313,0,6.7736946,0.0030624919,0
0.5,0,27.297743,-0.0051164752,0,6.7829231,0.0030628736,0
0.5,0,27.298141,-0.0079971795,0,6.7921516,0.0030622479,0
0.5,0,27.298489,-0.011069565,0,6.80138,0.0030606777,0
0.5,0,27.298951,-0.01428641,0,6.8106085,0.0030582143,0
0.5,0,27.299628,-0.017505697,0,6.819837,0.0030548828,0
0.5,0,27.30054,-0.020566625,0,6.8290654,0.0030506795,0
0.5,0,27.301647,-0.023368102,0,6.8382939,0.003045582,0
0.5,0,27.302869,-0.025907781,0,6.8475224,0.0030395657,0
0.5,0,27.304114,-0.028263372,0,6.8567508,0.0030326175,0
0.5,0,27.305294,-0.030532637,0,6.8659793,0.0030247402,0
0.5,0,27.306309,-0.032773516,0,6.8752078,0.0030159458,0
0.5,0,27.307028,-0.034983382,0,6.8844362,0.0030062455,0
0.5,0,27.307267,-0.037127544,0,6.8936647,0.0029956423,0
0.5,0,27.306786,-0.039191416,0,6.9028932,0.0029841333,0
0.5,0,27.305302,-0.041214426,0,6.9121216,0.0029717186,0
0.5,0,27.302518,-0.043279158,0,6.9213501,0.0029584106,0
0.5,0,27.298141,-0.045464118,0,6.9305786,0.0029442355,0
0.5,0,27.291899,-0.047795516,0,6.939807,0.0029292273,0
0.5,0,27.283551,-0.050232104,0,6.9490355,0.0029134182,0
0.5,0,27.2729,-0.05269026,0,6.958264,0.0028968319,0
0.5,0,27.259823,-0.055087026,0,6.9674924,0.0028794857,0
0.5,0,27.244307,-0.057370038,0,6.9767209,0.0028613962,0
0.5,0,27.22648,-0.059519799,0,6.9859494,0.0028425831,0
0.5,0,27.20663,-0.061534819,0,6.9951778,0.0028230674,0
0.5,0,27.185197,-0.06342208,0,7.0044063,0.0028028637,0
0.5,0,27.16274,-0.065205441,0,7.0136348,0.0027819736,0
0.5,0,27.139901,-0.066942776,0,7.0228632,0.0027603852,0
0.5,0,27.117354,-0.068729852,0,7.0320917,0.0027380797,0
0.5,0,27.095756,-0.070675364,0,7.0413202,0.0027150401,0
0.5,0,27.07569,-0.072851783,0,7.0505486,0.0026912537,0
0.5,0,27.057602,-0.07524824,0,7.0597771,0.0026667077,0
0.5,0,27.041763,-0.077757508,0,7.0690056,0.0026413801,0
0.5,0,27.028248,-0.080213875,0,7.078234,0.0026152335,0
0.5,0,27.016965,-0.082470982,0,7.0874625,0.0025882179,0
0.5,0,27.007737,-0.084482404,0,7.096691,0.0025602822,0
0.5,0,27.000405,-0.086339021,0,7.1059194,0.0025313887,0
0.5,0,26.994937,-0.08823473,0,7.1151479,0.0025015228,0
0.5,0,26.991481,-0.090370721,0,7.1243764,0.0024706937,0
0.5,0,26.990359,-0.09284767,0,7.1336048,0.0024389271,0
0.5,0,26.991971,-0.095608564,0,7.1428333,0.002406255,0
0.5,0,26.996666,-0.098469163,0,7.1520618,0.002372707,0
0.5,0,27.004618,-0.10121998,0,7.1612902,0.0023383056,0
0.5,0,27.015743,-0.10373684,0,7.1705187,0.0023030649,0
0.5,0,27.029683,-0.10603065,0,7.1797472,0.0022669917,0
0.5,0,27.045853,-0.10820824,0,7.1889756,0.0022300886,0
0.5,0,27.063508,-0.1103778,0,7.1982041,0.0021923604,0
0.5,0,27.081818,-0.11256931,0,7.2074326,0.0021538213,0
0.5,0,27.099957,-0.11472582,0,7.216661,0.0021145021,0
0.5,0,27.117176,-0.11676559,0,7.2258895,0.0020744509,0
0.5,0,27.132891,-0.11866108,0,7.235118,0.0020337274,0
0.5,0,27.146751,-0.12046913,0,7.2443464,0.0019923921,0
0.5,0,27.158666,-0.1222863,0,7.2535749,0.0019504965,0
0.5,0,27.16878,-0.12416323,0,7.2628034,0.0019080815,0
0.5,0,27.177406,-0.12604511,0,7.2720318,0.0018651827,0
0.5,0,27.184924,-0.12778646,0,7.2812603,0.0018218392,0
0.5,0,27.191709,-0.12923288,0,7.2904888,0.001778097,0
0.5,0,27.198085,-0.1303122,0,7.2997172,0.001734004,0
0.5,0,27.204317,-0.13107087,0,7.3089457,0.0016895997,0
0.5,0,27.210621,-0.13163109,0,7.3181742,0.0016449093,0
0.5,0,27.217157,-0.13210091,0,7.3274026,0.0015999472,0
0.5,0,27.224018,-0.13250232,0,7.3366311,0.0015547303,0
0.5,0,27.231213,-0.13276935,0,7.3458596,0.001509291,0
0.5,0,27.238672,-0.13281769,0,7.355088,0.0014636798,0
0.5,0,27.246275,-0.13263387,0,7.3643165,0.0014179523,0
0.5,0,27.253901,-0.13231462,0,7.373545,0.001372149,0
0.5,0,27.261475,-0.13202374,0,7.3827734,0.00132628,0
0.5,0,27.268971,-0.13189944,0,7.3920019,0.0012803264,0
0.5,0,27.276385,-0.13198598,0,7.4012304,0.0012342576,0
0.5,0,27.283699,-0.13223939,0,7.4104588,0.001188049,0
0.5,0,27.290857,-0.13259011,0,7.4196873,0.0011416891,0
0.5,0,27.297772,-0.13300385,0,7.4289158,0.0010951697,0
0.5,0,27.304347,-0.13350327,0,7.4381442,0.0010484696,0
0.5,0,27.310501,-0.13416159,0,7.4473727,0.0010015436,0
0.5,0,27.316191,-0.13508784,0,7.4566012,0.00095432455,0
0.5,0,27.321432,-0.13638967,0,7.4658296,0.00090673422,0
0.5,0,27.326302,-0.13810095,0,7.4750581,0.00085870062,0
0.5,0,27.330898,-0.14012375,0,7.4842866,0.00081017345,0
0.5,0,27.335295,-0.14226581,0,7.493515,0.00076112988,0
0.5,0,27.339504,-0.14436551,0,7.5027435,0.00071156287,0
0.5,0,27.343476,-0.14638712,0,7.511972,0.00066145739,0
0.5,0,27.347118,-0.14840324,0,7.5212004,0.00061077342,0
0.5,0,27.350298,-0.15050514,0,7.5304289,0.00055945227,0
0.5,0,27.352818,-0.15272122,0,7.5396574,0.00050744475,0
0.5,0,27.354395,-0.15497848,0,7.5488858,0.00045474586,0
0.5,0,27.354651,-0.15715235,0,7.5581143,0.00040141663,0
0.5,0,27.353155,-0.15922264,0,7.5673428,0.00034757465,0
0.5,0,27.349539,-0.16138238,0,7.5765712,0.00029334945,0
0.5,0,27.343641,-0.16394814,0,7.5857997,0.00023882851,0
0.5,0,27.335618,-0.1669503,0,7.5950282,0.00018403489,0
0.5,0,27.326018,-0.16991443,0,7.6042566,0.00012897982,0
0.5,0,27.316742,-0.17328778,0,7.6134851,7.373152e-05,0
0.5,0,27.310967,-0.17760941,0,7.6227136,1.8333193e-05,0
0.5,0,27.332889,0.13796094,0,9.6160624,3.7067107e-05,0
0.5,0,27.330318,0.13396648,0,9.6252909,8.1852977e-05,0
0.5,0,27.334067,0.13306558,0,9.6345193,0.00012661655,0
0.5,0,27.339913,0.13334939,0,9.6437478,0.00017131178,0
0.5,0,27.345514,0.13363569,0,9.6529763,0.00021600213,0
0.5,0,27.350737,0.13359151,0,9.6622047,0.00026080687,0
0.5,0,27.35613,0.13371385,0,9.6714332,0.00030579476,0
0.5,0,27.361465,0.13411121,0,9.6806617,0.00035099574,0
0.5,0,27.366091,0.13460136,0,9.6898901,0.000396448,0
0.5,0,27.369747,0.13536903,0,9.6991186,0.00044217254,0
0.5,0,27.3727,0.13662355,0,9.7083471,0.00048815416,0
0.5,0,27.375335,0.13812129,0,9.7175755,0.00053438404,0
0.5,0,27.3778,0.13948023,0,9.726804,0.00058089041,0
0.5,0,27.380018,0.14054649,0,9.7360325,0.00062772001,0
0.5,0,27.381976,0.141283,0,9.7452609,0.00067491662,0
0.5,0,27.383886,0.14171805,0,9.7544894,0.00072251075,0
0.5,0,27.385966,0.14209803,0,9.7637179,0.0007704964,0
0.5,0,27.388172,0.14272299,0,9.7729463,0.00081881554,0
0.5,0,27.390233,0.14353396,0,9.7821748,0.00086738887,0
0.5,0,27.391944,0.14411393,0,9.7914033,0.00091616535,0
0.5,0,27.393335,0.14416575,0,9.8006317,0.00096512778,0
0.5,0,27.39453,0.1438219,0,9.8098602,0.0010142508,0
0.5,0,27.395566,0.14344191,0,9.8190887,0.0010634654,0
0.5,0,27.39638,0.1432526,0,9.8283171,0.0011126648,0
0.5,0,27.39691,0.14323191,0,9.8375456,0.0011617332,0
0.5,0,27.397169,0.14319641,0,9.8467741,0.0012105711,0
0.5,0,27.397291,0.14290347,0,9.8560025,0.0012591084,0
0.5,0,27.397554,0.14213994,0,9.865231,0.001307306,0
0.5,0,27.398351,0.14082375,0,9.8744595,0.0013551437,0
0.5,0,27.400074,0.13906638,0,9.8836879,0.0014025992,0
0.5,0,27.402951,0.13713149,0,9.8929164,0.0014496277,0
0.5,0,27.406907,0.1352887,0,9.9021449,0.0014961577,0
0.5,0,27.411553,0.13363804,0,9.9113733,0.0015421074,0
0.5,0,27.416327,0.13204733,0,9.9206018,0.0015874149,0
0.5,0,27.420683,0.13029765,0,9.9298303,0.001632057,0
0.5,0,27.424202,0.12831851,0,9.9390587,0.0016760385,0
0.5,0,27.426562,0.12625248,0,9.9482872,0.0017193651,0
0.5,0,27.42747,0.12427056,0,9.9575157,0.0017620284,0
0.5,0,27.426618,0.12236764,0,9.9667441,0.0018040186,0
0.5,0,27.423655,0.12039387,0,9.9759726,0.0018453417,0
0.5,0,27.418089,0.11827026,0,9.9852011,0.0018860176,0
0.5,0,27.409314,0.11610088,0,9.9944295,0.0019260599,0
0.5,0,27.396657,0.11404902,0,10.003658,0.0019654645,0
0.5,0,27.3795,0.11214259,0,10.012886,0.0020042218,0
0.5,0,27.357588,0.11023029,0,10.022115,0.00204234,0
0.5,0,27.331243,0.10811891,0,10.031343,0.002079857,0
0.5,0,27.301405,0.10574666,0,10.040572,0.0021168285,0
0.5,0,27.269509,0.10325112,0,10.0498,0.0021533017,0
0.5,0,27.237234,0.10090181,0,10.059029,0.0021892925,0
0.5,0,27.206228,0.098958846,0,10.068257,0.0022247792,0
0.5,0,27.177884,0.097539681,0,10.077486,0.0022597153,0
0.5,0,27.15321,0.096561933,0,10.086714,0.002294056,0
0.5,0,27.132797,0.095800899,0,10.095943,0.0023277816,0
0.5,0,27.116841,0.095038046,0,10.105171,0.0023609044,0
0.5,0,27.105199,0.094201681,0,10.1144,0.002393454,0
0.5,0,27.097452,0.093386687,0,10.123628,0.002425452,0
0.5,0,27.093014,0.092728402,0,10.132857,0.0024568947,0
0.5,0,27.09128,0.092234165,0,10.142085,0.0024877563,0
0.5,0,27.091779,0.091722485,0,10.151313,0.0025180064,0
0.5,0,27.094257,0.09092821,0,10.160542,0.0025476233,0
0.5,0,27.098666,0.089683617,0,10.16977,0.0025765908,0
0.5,0,27.105039,0.088019233,0,10.178999,0.0026048807,0
0.5,0,27.113347,0.086101901,0,10.188227,0.0026324396,0
0.5,0,27.123399,0.084071269,0,10.197456,0.0026591926,0
0.5,0,27.134822,0.081920497,0,10.206684,0.0026850638,0
0.5,0,27.147102,0.079519729,0,10.215913,0.0027099952,0
0.5,0,27.159653,0.076748553,0,10.225141,0.0027339507,0
0.5,0,27.171874,0.073608309,0,10.23437,0.0027569011,0
0.5,0,27.183201,0.070211717,0,10.243598,0.0027788072,0
0.5,0,27.193166,0.066666716,0,10.252827,0.0027996162,0
0.5,0,27.201455,0.06296864,0,10.262055,0.002819276,0
0.5,0,27.207958,0.059002064,0,10.271284,0.0028377569,0
0.5,0,27.212762,0.054652361,0,10.280512,0.0028550621,0
0.5,0,27.216117,0.049934941,0,10.28974,0.0028712194,0
0.5,0,27.218366,0.04504179,0,10.298969,0.0028862593,0
0.5,0,27.219907,0.040273262,0,10.308197,0.0029001939,0
0.5,0,27.221166,0.03590451,0,10.317426,0.0029130103,0
0.5,0,27.22259,0.032072926,0,10.326654,0.002924679,0
0.5,0,27.224639,0.028751899,0,10.335883,0.0029351728,0
0.5,0,27.227731,0.025818223,0,10.345111,0.0029444815,0
0.5,0,27.232184,0.023159656,0,10.35434,0.0029526157,0
0.5,0,27.23814,0.020743586,0,10.363568,0.0029595988,0
0.5,0,27.245538,0.018603304,0,10.372797,0.0029654578,0
0.5,0,27.254143,0.0167391,0,10.382025,0.002970221,0
0.5,0,27.263619,0.015042129,0,10.391254,0.0029739251,0
0.5,0,27.273649,0.013331692,0,10.400482,0.0029766247,0
0.5,0,27.283985,0.011436762,0,10.409711,0.0029783946,0
0.5,0,27.294422,0.0092922656,0,10.418939,0.0029793191,0
0.5,0,27.304773,0.0069843058,0,10.428167,0.0029794729,0
0.5,0,27.314828,0.0046737564,0,10.437396,0.0029789093,0
0.5,0,27.324356,0.0024813515,0,10.446624,0.0029776607,0
0.5,0,27.333136,0.00042821216,0,10.455853,0.0029757485,0
0.5,0,27.341009,-0.00153638,0,10.465081,0.002973192,0
0.5,0,27.347914,-0.0034570148,0,10.47431,0.0029700103,0
0.5,0,27.353885,-0.0053219133,0,10.483538,0.0029662169,0
0.5,0,27.359012,-0.0070832094,0,10.492767,0.0029618164,0
0.5,0,27.363406,-0.0087211186,0,10.501995,0.0029568093,0
0.5,0,27.367178,-0.01028782,0,10.511224,0.0029512029,0
0.5,0,27.370431,-0.011885929,0,10.520452,0.0029450225,0
0.5,0,27.373254,-0.013592512,0,10.529681,0.0029383102,0
0.5,0,27.37571,-0.015387893,0,10.538909,0.0029311129,0
0.5,0,27.377829,-0.017148092,0,10.548138,0.0029234643,0
0.5,0,27.379616,-0.018713071,0,10.557366,0.0029153729,0
0.5,0,27.381078,-0.019987752,0,10.566594,0.0029068235,0
0.5,0,27.382265,-0.021008682,0,10.575823,0.0028977896,0
0.5,0,27.383293,-0.021932057,0,10.585051,0.0028882496,0
0.5,0,27.384343,-0.022953104,0,10.59428,0.0028781937,0
0.5,0,27.385636,-0.024214085,0,10.603508,0.0028676188,0
0.5,0,27.387346,-0.025756862,0,10.612737,0.0028565142,0
0.5,0,27.38957,-0.027547906,0,10.621965,0.0028448478,0
0.5,0,27.392332,-0.029545895,0,10.631194,0.0028325631,0
0.5,0,27.39558,-0.03175061,0,10.640422,0.002819586,0
0.5,0,27.399257,-0.034198822,0,10.649651,0.0028058386,0
0.5,0,27.403345,-0.036912466,0,10.658879,0.0027912493,0
0.5,0,27.407873,-0.039846327,0,10.668108,0.0027757555,0
0.5,0,27.412909,-0.042884556,0,10.677336,0.0027593009,0
0.5,0,27.418533,-0.045897436,0,10.686565,0.0027418331,0
0.5,0,27.424814,-0.048823096,0,10.695793,0.0027233071,0
0.5,0,27.43181,-0.051717362,0,10.705021,0.0027036957,0
0.5,0,27.439577,-0.054733332,0,10.71425,0.0026830012,0
0.5,0,27.448166,-0.058036646,0,10.723478,0.0026612604,0
0.5,0,27.457608,-0.061702615,0,10.732707,0.00263854,0
0.5,0,27.46787,-0.065652797,0,10.741935,0.0026149216,0
0.5,0,27.47881,-0.069666498,0,10.751164,0.0025904841,0
0.5,0,27.490139,-0.073461772,0,10.760392,0.0025652901,0
0.5,0,27.501402,-0.076803593,0,10.769621,0.0025393826,0
0.5,0,27.511991,-0.079583476,0,10.778849,0.0025127919,0
0.5,0,27.521177,-0.081832288,0,10.788078,0.0024855477,0
0.5,0,27.528134,-0.083667218,0,10.797306,0.0024576891,0
0.5,0,27.531969,-0.085211714,0,10.806535,0.0024292674,0
0.5,0,27.53175,-0.086539513,0,10.815763,0.0024003408,0
0.5,0,27.526554,-0.087671868,0,10.824992,0.0023709666,0
0.5,0,27.515561,-0.088616351,0,10.83422,0.0023411946,0
0.5,0,27.49819,-0.089406266,0,10.843448,0.0023110679,0
0.5,0,27.474273,-0.090103671,0,10.852677,0.0022806273,0
0.5,0,27.444211,-0.090762307,0,10.861905,0.0022499175,0
0.5,0,27.409058,-0.091383348,0,10.871134,0.0022189888,0
0.5,0,27.370502,-0.091904145,0,10.880362,0.0021878943,0
0.5,0,27.330693,-0.092232876,0,10.889591,0.0021566852,0
0.5,0,27.291976,-0.092305535,0,10.898819,0.0021254068,0
0.5,0,27.256594,-0.092122083,0,10.908048,0.0020940983,0
0.5,0,27.226398,-0.091735525,0,10.917276,0.0020627951,0
0.5,0,27.202632,-0.091207251,0,10.926505,0.0020315313,0
0.5,0,27.18582,-0.090567572,0,10.935733,0.0020003411,0
0.5,0,27.175811,-0.089812826,0,10.944962,0.0019692603,0
0.5,0,27.171896,-0.088936429,0,10.95419,0.001938329,0
0.5,0,27.173034,-0.087964306,0,10.963419,0.0019075969,0
0.5,0,27.178124,-0.086960489,0,10.972647,0.0018771278,0
0.5,0,27.186174,-0.08599483,0,10.981875,0.001847,0
0.5,0,27.19639,-0.085098049,0,10.991104,0.0018172976,0
0.5,0,27.208188,-0.084236545,0,11.000332,0.0017880953,0
0.5,0,27.221143,-0.083324987,0,11.009561,0.0017594409,0
0.5,0,27.234916,-0.082268598,0,11.018789,0.0017313467,0
0.5,0,27.249181,-0.081010532,0,11.028018,0.0017037931,0
0.5,0,27.263591,-0.079561247,0,11.037246,0.001676744,0
0.5,0,27.277766,-0.077999885,0,11.046475,0.0016501666,0
0.5,0,27.291311,-0.076450503,0,11.055703,0.0016240416,0
0.5,0,27.303855,-0.075042332,0,11.064932,0.0015983606,0
0.5,0,27.315093,-0.073865792,0,11.07416,0.0015731105,0
0.5,0,27.324811,-0.072939101,0,11.083389,0.001548257,0
0.5,0,27.332905,-0.072202087,0,11.092617,0.0015237372,0
0.5,0,27.339379,-0.071547298,0,11.101846,0.0014994668,0
0.5,0,27.344339,-0.070880992,0,11.111074,0.0014753569,0
0.5,0,27.347997,-0.070185877,0,11.120302,0.0014513297,0
0.5,0,27.350665,-0.069548898,0,11.129531,0.0014273243,0
0.5,0,27.352741,-0.069131933,0,11.138759,0.0014032911,0
0.5,0,27.354671,-0.069096524,0,11.147988,0.0013791812,0
0.5,0,27.356883,-0.069525223,0,11.157216,0.0013549396,0
0.5,0,27.359712,-0.070388391,0,11.166445,0.0013305076,0
0.5,0,27.363351,-0.071578141,0,11.175673,0.0013058288,0
0.5,0,27.367837,-0.072986561,0,11.184902,0.0012808538,0
0.5,0,27.373075,-0.07457397,0,11.19413,0.0012555362,0
0.5,0,27.378899,-0.07637871,0,11.203359,0.0012298231,0
0.5,0,27.385121,-0.078461462,0,11.212587,0.001203647,0
0.5,0,27.391554,-0.080826476,0,11.221816,0.001176927,0
0.5,0,27.398009,-0.083383189,0,11.231044,0.0011495785,0
0.5,0,27.404285,-0.085985328,0,11.240273,0.001121528,0
0.5,0,27.410175,-0.088525483,0,11.249501,0.0010927207,0
0.5,0,27.415501,-0.091013997,0,11.258729,0.0010631183,0
0.5,0,27.420159,-0.093574082,0,11.267958,0.001032689,0
0.5,0,27.424137,-0.096346405,0,11.277186,0.0010013991,0
0.5,0,27.4275,-0.099371303,0,11.286415,0.00096921412,0
0.5,0,27.430339,-0.10254064,0,11.295643,0.00093610748,0
0.5,0,27.432724,-0.10565743,0,11.304872,0.00090207167,0
0.5,0,27.434706,-0.10855479,0,11.3141,0.000867123,0
0.5,0,27.436347,-0.11118398,0,11.323329,0.000831299,0
0.5,0,27.437771,-0.11361788,0,11.332557,0.00079465222,0
0.5,0,27.43919,-0.11598344,0,11.341786,0.00075724429,0
0.5,0,27.440886,-0.11836948,0,11.351014,0.00071914122,0
0.5,0,27.443166,-0.12074897,0,11.360243,0.00068041039,0
0.5,0,27.446285,-0.12295117,0,11.369471,0.00064112133,0
0.5,0,27.450377,-0.12472298,0,11.3787,0.00060135078,0
0.5,0,27.455428,-0.12587454,0,11.387928,0.00056118689,0
0.5,0,27.461329,-0.12641347,0,11.397156,0.00052072551,0
0.5,0,27.467958,-0.1265482,0,11.406385,0.00048005912,0
0.5,0,27.47526,-0.12654809,0,11.415613,0.00043926688,0
0.5,0,27.483256,-0.12656676,0,11.424842,0.00039841307,0
0.5,0,27.491997,-0.12653951,0,11.43407,0.00035755366,0
0.5,0,27.501499,-0.12621419,0,11.443299,0.00031674676,0
0.5,0,27.511708,-0.12533912,0,11.452527,0.00027605969,0
0.5,0,27.522552,-0.12392179,0,11.461756,0.00023556277,0
0.5,0,27.534086,-0.12234364,0,11.470984,0.0001953103,0
0.5,0,27.546651,-0.12114453,0,11.480213,0.00015532719,0
0.5,0,27.560987,-0.12060885,0,11.489441,0.0001156302,0
0.5,0,27.578596,-0.12098367,0,11.49867,7.6279796e-05,0
0.5,0,27.602165,-0.123184,0,11.507898,3.736777e-05,0
0.5,0,27.906481,0.18668149,0,13.325906,1.570301e-05,0
0.5,0,27.79608,0.1810946,0,13.335135,7.3789617e-05,0
0.5,0,27.690879,0.17769621,0,13.344363,0.00013201815,0
0.5,0,27.593814,0.17618826,0,13.353591,0.00019008143,0
0.5,0,27.507459,0.17523647,0,13.36282,0.0002478541,0
0.5,0,27.435023,0.17361336,0,13.372048,0.00030532658,0
0.5,0,27.379504,0.17166143,0,13.381277,0.00036249513,0
0.5,0,27.34133,0.16993063,0,13.390505,0.00041928871,0
0.5,0,27.318241,0.16812184,0,13.399734,0.00047564044,0
0.5,0,27.307079,0.16609133,0,13.408962,0.00053150576,0
0.5,0,27.305279,0.16424099,0,13.418191,0.00058680252,0
0.5,0,27.311201,0.16266156,0,13.427419,0.00064142113,0
0.5,0,27.32367,0.16094036,0,13.436648,0.00069528932,0
0.5,0,27.341449,0.15879312,0,13.445876,0.00074838199,0
0.5,0,27.363144,0.15621867,0,13.455105,0.00080068992,0
0.5,0,27.387454,0.15324562,0,13.464333,0.00085220812,0
0.5,0,27.413262,0.15004118,0,13.473562,0.00090292365,0
0.5,0,27.439392,0.14702956,0,13.48279,0.00095278448,0
0.5,0,27.464485,0.14448319,0,13.492018,0.0010017003,0
0.5,0,27.487282,0.14214306,0,13.501247,0.0010495966,0
0.5,0,27.506994,0.13952233,0,13.510475,0.0010964572,0
0.5,0,27.52336,0.13647551,0,13.519704,0.0011423013,0
0.5,0,27.536446,0.13327106,0,13.528932,0.0011871312,0
0.5,0,27.546478,0.13020547,0,13.538161,0.0012309131,0
0.5,0,27.553835,0.12733371,0,13.547389,0.0012735983,0
0.5,0,27.55906,0.12451858,0,13.556618,0.0013151497,0
0.5,0,27.562792,0.12156246,0,13.565846,0.0013555551,0
0.5,0,27.565677,0.1182755,0,13.575075,0.00139483,0
0.5,0,27.568316,0.11454446,0,13.584303,0.0014330117,0
0.5,0,27.571232,0.11041813,0,13.593532,0.0014701424,0
0.5,0,27.574821,0.10612556,0,13.60276,0.0015062469,0
0.5,0,27.579278,0.10198308,0,13.611989,0.0015413189,0
0.5,0,27.584534,0.098225448,0,13.621217,0.001575326,0
0.5,0,27.5903,0.094858936,0,13.630445,0.0016082354,0
0.5,0,27.596214,0.091675188,0,13.639674,0.0016400447,0
0.5,0,27.602009,0.088466962,0,13.648902,0.0016707931,0
0.5,0,27.607593,0.085253305,0,13.658131,0.0017005413,0
0.5,0,27.613014,0.082258653,0,13.667359,0.001729344,0
0.5,0,27.618406,0.079665687,0,13.676588,0.001757244,0
0.5,0,27.623955,0.077445007,0,13.685816,0.0017842922,0
0.5,0,27.62984,0.075459466,0,13.695045,0.0018105635,0
0.5,0,27.63613,0.073684278,0,13.704273,0.0018361479,0
0.5,0,27.64266,0.072254599,0,13.713502,0.0018611265,0
0.5,0,27.649029,0.071292428,0,13.72273,0.0018855622,0
0.5,0,27.654722,0.070730109,0,13.731959,0.0019095136,0
0.5,0,27.659307,0.07032342,0,13.741187,0.0019330562,0
0.5,0,27.662583,0.069823675,0,13.750416,0.0019562865,0
0.5,0,27.66461,0.069140818,0,13.759644,0.0019793063,0
0.5,0,27.66563,0.068380954,0,13.768872,0.0020021972,0
0.5,0,27.665945,0.067762348,0,13.778101,0.0020250023,0
0.5,0,27.665806,0.067478615,0,13.787329,0.0020477257,0
0.5,0,27.665368,0.067580735,0,13.796558,0.0020703477,0
0.5,0,27.664713,0.067935317,0,13.805786,0.0020928502,0
0.5,0,27.663916,0.068290859,0,13.815015,0.0021152373,0
0.5,0,27.663091,0.068426219,0,13.824243,0.0021375389,0
0.5,0,27.662396,0.068286789,0,13.833472,0.0021597961,0
0.5,0,27.661989,0.068002177,0,13.8427,0.002182039,0
0.5,0,27.661993,0.067763061,0,13.851929,0.0022042742,0
0.5,0,27.662507,0.067655776,0,13.861157,0.0022264949,0
0.5,0,27.663656,0.067596335,0,13.870386,0.0022487017,0
0.5,0,27.665628,0.067420311,0,13.879614,0.0022709185,0
0.5,0,27.668663,0.067045975,0,13.888843,0.0022931867,0
0.5,0,27.672993,0.066563958,0,13.898071,0.002315543,0
0.5,0,27.678775,0.066174464,0,13.907299,0.0023379968,0
0.5,0,27.686068,0.066028597,0,13.916528,0.0023605241,0
0.5,0,27.694872,0.066113166,0,13.925756,0.0023830801,0
0.5,0,27.705188,0.066277331,0,13.934985,0.0024056152,0
0.5,0,27.717058,0.066372432,0,13.944213,0.0024280818,0
0.5,0,27.73056,0.066376534,0,13.953442,0.0024504255,0
0.5,0,27.745779,0.066391301,0,13.96267,0.0024725741,0
0.5,0,27.762786,0.066515614,0,13.971899,0.0024944386,0
0.5,0,27.781634,0.066709799,0,13.981127,0.0025159302,0
0.5,0,27.802363,0.066767816,0,13.990356,0.0025369835,0
0.5,0,27.824995,0.066418679,0,13.999584,0.0025575677,0
0.5,0,27.849477,0.065475309,0,14.008813,0.0025776778,0
0.5,0,27.875606,0.063922773,0,14.018041,0.002597311,0
0.5,0,27.902945,0.061894739,0,14.02727,0.0026164431,0
0.5,0,27.930798,0.059569424,0,14.036498,0.0026350191,0
0.5,0,27.958222,0.057062401,0,14.045726,0.0026529612,0
0.5,0,27.984063,0.054382633,0,14.054955,0.0026701886,0
0.5,0,28.006975,0.051470367,0,14.064183,0.002686635,0
0.5,0,28.025425,0.048282781,0,14.073412,0.0027022544,0
0.5,0,28.037665,0.044864279,0,14.08264,0.0027170119,0
0.5,0,28.041733,0.041344516,0,14.091869,0.0027308686,0
0.5,0,28.035532,0.037859816,0,14.101097,0.0027437714,0
0.5,0,28.017077,0.034464018,0,14.110326,0.0027556556,0
0.5,0,27.984919,0.031100399,0,14.119554,0.0027664591,0
0.5,0,27.938632,0.027650646,0,14.128783,0.0027761353,0
0.5,0,27.879275,0.024043125,0,14.138011,0.002784654,0
0.5,0,27.809622,0.020332965,0,14.14724,0.0027919925,0
0.5,0,27.733995,0.016658264,0,14.156468,0.0027981288,0
0.5,0,27.657714,0.013126345,0,14.165697,0.0028030417,0
0.5,0,27.586242,0.0097358848,0,14.174925,0.0028067199,0
0.5,0,27.524276,0.0063867577,0,14.184153,0.002809172,0
0.5,0,27.475043,0.0029714856,0,14.193382,0.0028104288,0
0.5,0,27.439984,-0.00052738667,0,14.20261,0.0028105352,0
0.5,0,27.418885,-0.0040144549,0,14.211839,0.0028095369,0
0.5,0,27.410297,-0.0073496899,0,14.221067,0.0028074718,0
0.5,0,27.41211,-0.010447984,0,14.230296,0.0028043737,0
0.5,0,27.422081,-0.013323766,0,14.239524,0.0028002808,0
0.5,0,27.438143,-0.016054168,0,14.248753,0.0027952425,0
0.5,0,27.458524,-0.018697334,0,14.257981,0.0027893169,0
0.5,0,27.4817,-0.02122543,0,14.26721,0.0027825594,0
0.5,0,27.506293,-0.023529894,0,14.276438,0.0027750123,0
0.5,0,27.531001,-0.025503546,0,14.285667,0.0027667039,0
0.5,0,27.554622,-0.027135797,0,14.294895,0.0027576611,0
0.5,0,27.576139,-0.028543244,0,14.304124,0.0027479283,0
0.5,0,27.59482,-0.029910648,0,14.313352,0.0027375791,0
0.5,0,27.610285,-0.031384686,0,14.32258,0.0027267123,0
0.5,0,27.622504,-0.032992769,0,14.331809,0.0027154356,0
0.5,0,27.631742,-0.034637842,0,14.341037,0.0027038449,0
0.5,0,27.638478,-0.036166446,0,14.350266,0.002692011,0
0.5,0,27.643331,-0.037458091,0,14.359494,0.0026799808,0
0.5,0,27.646983,-0.03847329,0,14.368723,0.0026677868,0
0.5,0,27.650124,-0.039232954,0,14.377951,0.0026554581,0
0.5,0,27.65338,-0.039755724,0,14.38718,0.0026430226,0
0.5,0,27.657249,-0.040010289,0,14.396408,0.0026305013,0
0.5,0,27.662048,-0.039924375,0,14.405637,0.0026179002,0
0.5,0,27.667886,-0.039445977,0,14.414865,0.002605208,0
0.5,0,27.674682,-0.038612301,0,14.424094,0.0025924041,0
0.5,0,27.682221,-0.037575043,0,14.433322,0.0025794731,0
0.5,0,27.690221,-0.036559134,0,14.442551,0.0025664183,0
0.5,0,27.69839,-0.035775656,0,14.451779,0.0025532651,0
0.5,0,27.706459,-0.035338922,0,14.461007,0.0025400535,0
0.5,0,27.714195,-0.035234307,0,14.470236,0.0025268226,0
0.5,0,27.721395,-0.035352489,0,14.479464,0.0025135946,0
0.5,0,27.727893,-0.035567515,0,14.488693,0.0025003671,0
0.5,0,27.733567,-0.035812538,0,14.497921,0.002487116,0
0.5,0,27.738363,-0.036110243,0,14.50715,0.0024738062,0
0.5,0,27.742313,-0.03654269,0,14.516378,0.0024604049,0
0.5,0,27.745532,-0.037182622,0,14.525607,0.0024468872,0
0.5,0,27.748191,-0.038033044,0,14.534835,0.0024332345,0
0.5,0,27.750472,-0.039016956,0,14.544064,0.0024194261,0
0.5,0,27.752534,-0.040025818,0,14.553292,0.002405431,0
0.5,0,27.754497,-0.040994136,0,14.562521,0.0023912049,0
0.5,0,27.756455,-0.041947813,0,14.571749,0.0023766944,0
0.5,0,27.758493,-0.042992654,0,14.580978,0.0023618437,0
0.5,0,27.760704,-0.044252464,0,14.590206,0.0023465993,0
0.5,0,27.763182,-0.045800277,0,14.599434,0.002330911,0
0.5,0,27.765998,-0.047627488,0,14.608663,0.0023147305,0
0.5,0,27.769184,-0.04966524,0,14.617891,0.002298011,0
0.5,0,27.772732,-0.051834018,0,14.62712,0.0022807098,0
0.5,0,27.776603,-0.054080534,0,14.636348,0.0022627933,0
0.5,0,27.78076,-0.056377471,0,14.645577,0.0022442396,0
0.5,0,27.785179,-0.058695912,0,14.654805,0.0022250377,0
0.5,0,27.789864,-0.060982885,0,14.664034,0.0022051844,0
0.5,0,27.794838,-0.063169644,0,14.673262,0.0021846826,0
0.5,0,27.800138,-0.06520748,0,14.682491,0.0021635426,0
0.5,0,27.805827,-0.067101374,0,14.691719,0.0021417867,0
0.5,0,27.811993,-0.068909632,0,14.700948,0.0021194509,0
0.5,0,27.81876,-0.070701881,0,14.710176,0.0020965806,0
0.5,0,27.826277,-0.072500442,0,14.719405,0.0020732203,0
0.5,0,27.834699,-0.074246756,0,14.728633,0.0020494016,0
0.5,0,27.844164,-0.0758223,0,14.737861,0.0020251359,0
0.5,0,27.854789,-0.077119045,0,14.74709,0.0020004179,0
0.5,0,27.866684,-0.078120183,0,14.756318,0.0019752363,0
0.5,0,27.879983,-0.078940687,0,14.765547,0.0019495869,0
0.5,0,27.894865,-0.079798118,0,14.774775,0.0019234811,0
0.5,0,27.911557,-0.080925064,0,14.784004,0.0018969447,0
0.5,0,27.930296,-0.082470104,0,14.793232,0.001870009,0
0.5,0,27.95127,-0.084440945,0,14.802461,0.001842697,0
0.5,0,27.974555,-0.086716825,0,14.811689,0.0018150139,0
0.5,0,28.000071,-0.089115054,0,14.820918,0.0017869439,0
0.5,0,28.027571,-0.091467541,0,14.830146,0.0017584569,0
0.5,0,28.056657,-0.093665931,0,14.839375,0.0017295212,0
0.5,0,28.086792,-0.095662931,0,14.848603,0.0017001168,0
0.5,0,28.117318,-0.097448193,0,14.857832,0.0016702464,0
0.5,0,28.147437,-0.099026389,0,14.86706,0.0016399384,0
0.5,0,28.176188,-0.10040983,0,14.876288,0.0016092431,0
0.5,0,28.202412,-0.10161644,0,14.885517,0.0015782262,0
0.5,0,28.224714,-0.10265801,0,14.894745,0.0015469633,0
0.5,0,28.241438,-0.10351819,0,14.903974,0.0015155376,0
0.5,0,28.250665,-0.10413833,0,14.913202,0.0014840416,0
0.5,0,28.25029,-0.1044306,0,14.922431,0.001452577,0
0.5,0,28.238205,-0.10431744,0,14.931659,0.0014212493,0
0.5,0,28.212642,-0.10377059,0,14.940888,0.0013901571,0
0.5,0,28.172664,-0.10282022,0,14.950116,0.00135938,0
0.5,0,28.118665,-0.10152796,0,14.959345,0.0013289733,0
0.5,0,28.052684,-0.099945551,0,14.968573,0.001298972,0
0.5,0,27.978399,-0.098096396,0,14.977802,0.0012694043,0
0.5,0,27.900759,-0.09599741,0,14.98703,0.0012403049,0
0.5,0,27.825304,-0.093700231,0,14.996259,0.0012117207,0
0.5,0,27.757296,-0.091310057,0,15.005487,0.001183704,0
0.5,0,27.700902,-0.088956659,0,15.014715,0.0011562987,0
0.5,0,27.658638,-0.086733163,0,15.023944,0.0011295277,0
0.5,0,27.631184,-0.084650371,0,15.033172,0.0011033915,0
0.5,0,27.617581,-0.082648744,0,15.042401,0.0010778762,0
0.5,0,27.615696,-0.080663549,0,15.051629,0.0010529665,0
0.5,0,27.622855,-0.078700103,0,15.060858,0.0010286532,0
0.5,0,27.636418,-0.07686227,0,15.070086,0.0010049286,0
0.5,0,27.654117,-0.075303543,0,15.079315,0.00098177567,0
0.5,0,27.674169,-0.07413235,0,15.088543,0.00095915731,0
0.5,0,27.6952,-0.073340396,0,15.097772,0.00093701679,0
0.5,0,27.716108,-0.072810703,0,15.107,0.00091528873,0
0.5,0,27.735952,-0.072405671,0,15.116229,0.0008939136,0
0.5,0,27.753916,-0.072073324,0,15.125457,0.00087284468,0
0.5,0,27.769357,-0.071889053,0,15.134686,0.00085204096,0
0.5,0,27.781869,-0.07199211,0,15.143914,0.00083144968,0
0.5,0,27.79132,-0.072456641,0,15.153142,0.00081098953,0
0.5,0,27.797827,-0.073195356,0,15.162371,0.00079054495,0
0.5,0,27.801693,-0.073977898,0,15.171599,0.00076997443,0
0.5,0,27.803334,-0.074561505,0,15.180828,0.00074912707,0
0.5,0,27.803247,-0.074846775,0,15.190056,0.00072785891,0
0.5,0,27.801995,-0.074957324,0,15.199285,0.00070604364,0
0.5,0,27.800203,-0.075203292,0,15.208513,0.00068357646,0
0.5,0,27.798524,-0.075960787,0,15.217742,0.00066037159,0
0.5,0,27.797581,-0.077526057,0,15.22697,0.00063635456,0
0.5,0,27.797893,-0.079996627,0,15.236199,0.00061145287,0
0.5,0,27.799788,-0.083231659,0,15.245427,0.00058559006,0
0.5,0,27.803354,-0.086934014,0,15.254656,0.00055868466,0
0.5,0,27.808447,-0.090828709,0,15.263884,0.00053064984,0
0.5,0,27.814775,-0.09482307,0,15.273113,0.00050138988,0
0.5,0,27.822023,-0.099035264,0,15.282341,0.00047079677,0
0.5,0,27.829956,-0.10368317,0,15.291569,0.00043875405,0
0.5,0,27.838446,-0.10891229,0,15.300798,0.00040515037,0
0.5,0,27.847444,-0.11465384,0,15.310026,0.00036989816,0
0.5,0,27.856896,-0.12061347,0,15.319255,0.00033294938,0
0.5,0,27.866692,-0.12645304,0,15.328483,0.0002942959,0
0.5,0,27.876698,-0.13204325,0,15.337712,0.00025394614,0
0.5,0,27.886882,-0.1375624,0,15.34694,0.00021189105,0
0.5,0,27.897446,-0.14321581,0,15.356169,0.00016809096,0
0.5,0,27.908917,-0.14889002,0,15.365397,0.00012252427,0
0.5,0,27.922885,-0.15506846,0,15.374626,7.5262781e-05,0
0.5,0,27.942146,-0.16281578,0,15.383854,2.641262e-05,0
0.5,0,28.462326,0.21495187,0,17.192634,3.8868032e-05,0
0.5,0,28.471581,0.20498048,0,17.201862,0.00010444834,0
0.5,0,28.48617,0.19596854,0,17.211091,0.00016788233,0
0.5,0,28.501452,0.18799652,0,17.220319,0.00022884013,0
0.5,0,28.513531,0.17985745,0,17.229548,0.00028722033,0
0.5,0,28.520993,0.17080893,0,17.238776,0.00034298768,0
0.5,0,28.52383,0.16142862,0,17.248004,0.00039608462,0
0.5,0,28.521362,0.15209113,0,17.257233,0.00044642074,0
0.5,0,28.511929,0.14259968,0,17.266461,0.0004939394,0
0.5,0,28.493799,0.13309704,0,17.27569,0.00053861116,0
0.5,0,28.466034,0.12402801,0,17.284918,0.00058039283,0
0.5,0,28.428712,0.11542132,0,17.294147,0.00061925654,0
0.5,0,28.382634,0.10695414,0,17.303375,0.00065524048,0
0.5,0,28.329046,0.098476188,0,17.312604,0.00068844441,0
0.5,0,28.269777,0.090035325,0,17.321832,0.00071900186,0
0.5,0,28.207533,0.081706585,0,17.331061,0.00074707034,0
0.5,0,28.145697,0.073736117,0,17.340289,0.00077281563,0
0.5,0,28.087588,0.066564584,0,17.349518,0.00079638619,0
0.5,0,28.03574,0.060418267,0,17.358746,0.00081792357,0
0.5,0,27.991693,0.055062078,0,17.367975,0.00083761157,0
0.5,0,27.956087,0.050156705,0,17.377203,0.00085570063,0
0.5,0,27.928738,0.045723783,0,17.386431,0.00087247316,0
0.5,0,27.908689,0.042108949,0,17.39566,0.00088819293,0
0.5,0,27.894436,0.039598739,0,17.404888,0.0009030912,0
0.5,0,27.884308,0.038213343,0,17.414117,0.00091738704,0
0.5,0,27.876789,0.037790767,0,17.423345,0.00093130838,0
0.5,0,27.870669,0.038118314,0,17.432574,0.000945099,0
0.5,0,27.865064,0.038993093,0,17.441802,0.00095901668,0
0.5,0,27.859401,0.040281942,0,17.451031,0.00097332466,0
0.5,0,27.853383,0.041994878,0,17.460259,0.00098827451,0
0.5,0,27.846931,0.044294799,0,17.469488,0.0010040861,0
0.5,0,27.840086,0.047406344,0,17.478716,0.0010209362,0
0.5,0,27.832932,0.051462397,0,17.487945,0.0010389658,0
0.5,0,27.825597,0.056378252,0,17.497173,0.0010583031,0
0.5,0,27.818333,0.06187231,0,17.506402,0.0010790913,0
0.5,0,27.811597,0.067664703,0,17.51563,0.0011014946,0
0.5,0,27.806027,0.073683501,0,17.524858,0.0011256777,0
0.5,0,27.802307,0.080049029,0,17.534087,0.001151776,0
0.5,0,27.801034,0.086847154,0,17.543315,0.001179887,0
0.5,0,27.802639,0.09396547,0,17.552544,0.0012100853,0
0.5,0,27.807331,0.1011866,0,17.561772,0.0012424378,0
0.5,0,27.815023,0.1084038,0,17.571001,0.0012769957,0
0.5,0,27.825266,0.11568141,0,17.580229,0.0013137753,0
0.5,0,27.837281,0.12309422,0,17.589458,0.0013527508,0
0.5,0,27.850119,0.13054604,0,17.598686,0.0013938721,0
0.5,0,27.862891,0.13776729,0,17.607915,0.0014370895,0
0.5,0,27.874938,0.14447769,0,17.617143,0.0014823637,0
0.5,0,27.885884,0.15054941,0,17.626372,0.0015296533,0
0.5,0,27.895578,0.1560478,0,17.6356,0.0015788917,0
0.5,0,27.903985,0.16115093,0,17.644829,0.0016299684,0
0.5,0,27.911097,0.16602006,0,17.654057,0.0016827249,0
0.5,0,27.916889,0.17069099,0,17.663285,0.0017369668,0
0.5,0,27.921333,0.17503508,0,17.672514,0.0017924835,0
0.5,0,27.924455,0.1788153,0,17.681742,0.0018490661,0
0.5,0,27.926359,0.18181638,0,17.690971,0.0019065111,0
0.5,0,27.927213,0.18396764,0,17.700199,0.0019646082,0
0.5,0,27.927191,0.18535904,0,17.709428,0.0020231207,0
0.5,0,27.926423,0.18612287,0,17.718656,0.0020817771,0
0.5,0,27.925016,0.18627002,0,17.727885,0.0021402816,0
0.5,0,27.92311,0.18562219,0,17.737113,0.0021983385,0
0.5,0,27.920943,0.18390685,0,17.746342,0.0022556707,0
0.5,0,27.918862,0.18094065,0,17.75557,0.0023120181,0
0.5,0,27.917262,0.17674963,0,17.764799,0.0023671181,0
0.5,0,27.916503,0.17153075,0,17.774027,0.002420686,0
0.5,0,27.91687,0.16549626,0,17.783256,0.0024724138,0
0.5,0,27.918573,0.1587379,0,17.792484,0.002521989,0
0.5,0,27.921795,0.15122135,0,17.801712,0.0025691209,0
0.5,0,27.926718,0.14290054,0,17.810941,0.0026135548,0
0.5,0,27.933519,0.13383449,0,17.820169,0.0026550683,0
0.5,0,27.942356,0.12419205,0,17.829398,0.002693459,0
0.5,0,27.953371,0.11413865,0,17.838626,0.0027285385,0
0.5,0,27.966726,0.10371092,0,17.847855,0.0027601413,0
0.5,0,27.982645,0.09279712,0,17.857083,0.0027881389,0
0.5,0,28.001425,0.081247525,0,17.866312,0.0028124462,0
0.5,0,28.023365,0.06902887,0,17.87554,0.0028330105,0
0.5,0,28.048666,0.056304535,0,17.884769,0.0028497906,0
0.5,0,28.077333,0.043385035,0,17.893997,0.0028627383,0
0.5,0,28.109169,0.030587905,0,17.903226,0.0028717963,0
0.5,0,28.143767,0.018095588,0,17.912454,0.0028769124,0
0.5,0,28.180572,0.0058952484,0,17.921683,0.0028780614,0
0.5,0,28.21898,-0.0061625525,0,17.930911,0.002875263,0
0.5,0,28.258308,-0.018237234,0,17.940139,0.0028685856,0
0.5,0,28.297772,-0.030382187,0,17.949368,0.0028581355,0
0.5,0,28.336334,-0.042499371,0,17.958596,0.0028440392,0
0.5,0,28.372565,-0.054387885,0,17.967825,0.0028264337,0
0.5,0,28.404554,-0.065842145,0,17.977053,0.0028054727,0
0.5,0,28.429838,-0.07672254,0,17.986282,0.0027813416,0
0.5,0,28.445452,-0.086938411,0,17.99551,0.002754269,0
0.5,0,28.448031,-0.096371055,0,18.004739,0.0027245243,0
0.5,0,28.434085,-0.10482432,0,18.013967,0.0026924014,0
0.5,0,28.400513,-0.11205647,0,18.023196,0.0026581987,0
0.5,0,28.345396,-0.11787419,0,18.032424,0.0026222078,0
0.5,0,28.268904,-0.12221138,0,18.041653,0.0025847171,0
0.5,0,28.174043,-0.12513018,0,18.050881,0.0025460227,0
0.5,0,28.066904,-0.12674843,0,18.06011,0.0025064371,0
0.5,0,27.956049,-0.12715569,0,18.069338,0.0024662882,0
0.5,0,27.850961,-0.12638452,0,18.078566,0.0024259126,0
0.5,0,27.760013,-0.1244544,0,18.087795,0.0023856498,0
0.5,0,27.688734,-0.12144175,0,18.097023,0.0023458432,0
0.5,0,27.639037,-0.1175066,0,18.106252,0.0023068464,0
0.5,0,27.609633,-0.11284037,0,18.11548,0.0022690269,0
0.5,0,27.597283,-0.10756967,0,18.124709,0.0022327585,0
0.5,0,27.598261,-0.10168799,0,18.133937,0.0021984054,0
0.5,0,27.609455,-0.095069609,0,18.143166,0.0021663019,0
0.5,0,27.628784,-0.087560854,0,18.152394,0.0021367407,0
0.5,0,27.654976,-0.079087215,0,18.161623,0.0021099729,0
0.5,0,27.687047,-0.069710326,0,18.170851,0.002086217,0
0.5,0,27.723817,-0.059603073,0,18.18008,0.0020656702,0
0.5,0,27.763665,-0.048963951,0,18.189308,0.0020485106,0
0.5,0,27.804552,-0.037932078,0,18.198537,0.0020348924,0
0.5,0,27.844231,-0.026562321,0,18.207765,0.0020249343,0
0.5,0,27.880502,-0.014874506,0,18.216993,0.0020187126,0
0.5,0,27.911515,-0.0029359889,0,18.226222,0.0020162624,0
0.5,0,27.935946,0.0090868718,0,18.23545,0.0020175843,0
0.5,0,27.953099,0.020957382,0,18.244679,0.002022648,0
0.5,0,27.962979,0.032460794,0,18.253907,0.0020313918,0
0.5,0,27.966166,0.043481845,0,18.263136,0.0020437133,0
0.5,0,27.963663,0.05401591,0,18.272364,0.0020594575,0
0.5,0,27.956714,0.064110898,0,18.281593,0.002078412,0
0.5,0,27.946626,0.073772268,0,18.290821,0.0021003168,0
0.5,0,27.934628,0.082892689,0,18.30005,0.0021248833,0
0.5,0,27.921785,0.091251477,0,18.309278,0.0021518162,0
0.5,0,27.908942,0.098583224,0,18.318507,0.0021808264,0
0.5,0,27.896702,0.1046747,0,18.327735,0.0022116291,0
0.5,0,27.885431,0.10943556,0,18.336964,0.0022439316,0
0.5,0,27.875279,0.11290578,0,18.346192,0.0022774165,0
0.5,0,27.866233,0.11519893,0,18.35542,0.0023117313,0
0.5,0,27.858178,0.11641477,0,18.364649,0.0023464906,0
0.5,0,27.850974,0.11656966,0,18.373877,0.0023812888,0
0.5,0,27.844522,0.11558117,0,18.383106,0.002415718,0
0.5,0,27.838799,0.11331127,0,18.392334,0.0024493799,0
0.5,0,27.833869,0.10963848,0,18.401563,0.0024818887,0
0.5,0,27.829854,0.10451381,0,18.410791,0.0025128635,0
0.5,0,27.826898,0.097968872,0,18.42002,0.0025419196,0
0.5,0,27.825132,0.090079635,0,18.429248,0.0025686663,0
0.5,0,27.82466,0.08092062,0,18.438477,0.0025927142,0
0.5,0,27.825558,0.070548296,0,18.447705,0.0026136896,0
0.5,0,27.827884,0.05902506,0,18.456934,0.0026312472,0
0.5,0,27.831669,0.04645841,0,18.466162,0.0026450744,0
0.5,0,27.836912,0.033015117,0,18.475391,0.0026548879,0
0.5,0,27.843564,0.018890099,0,18.484619,0.0026604261,0
0.5,0,27.851532,0.0042499896,0,18.493847,0.0026614469,0
0.5,0,27.860704,-0.010802392,0,18.503076,0.0026577315,0
0.5,0,27.870942,-0.026216971,0,18.512304,0.0026490941,0
0.5,0,27.882109,-0.041949218,0,18.521533,0.0026353895,0
0.5,0,27.89408,-0.057912548,0,18.530761,0.0026165182,0
0.5,0,27.90673,-0.073973278,0,18.53999,0.0025924272,0
0.5,0,27.919947,-0.089993782,0,18.549218,0.00256311,0
0.5,0,27.93366,-0.1058854,0,18.558447,0.0025286086,0
0.5,0,27.947873,-0.12162407,0,18.567675,0.0024890139,0
0.5,0,27.962697,-0.13720856,0,18.576904,0.0024444641,0
0.5,0,27.97835,-0.1525874,0,18.586132,0.0023951371,0
0.5,0,27.995123,-0.16760807,0,18.595361,0.0023412397,0
0.5,0,28.013336,-0.18203018,0,18.604589,0.0022829961,0
0.5,0,28.0333,-0.19560003,0,18.613818,0.0022206432,0
0.5,0,28.055298,-0.20813999,0,18.623046,0.0021544328,0
0.5,0,28.0796,-0.21959339,0,18.632274,0.0020846415,0
0.5,0,28.106479,-0.22999468,0,18.641503,0.0020115825,0
0.5,0,28.136209,-0.23938412,0,18.650731,0.0019356136,0
0.5,0,28.169037,-0.24772242,0,18.65996,0.0018571376,0
0.5,0,28.205125,-0.25485927,0,18.669188,0.0017765925,0
0.5,0,28.24449,-0.26057285,0,18.678417,0.001694437,0
0.5,0,28.286945,-0.26465262,0,18.687645,0.001611135,0
0.5,0,28.332067,-0.26697501,0,18.696874,0.0015271462,0
0.5,0,28.379175,-0.26753346,0,18.706102,0.0014429261,0
0.5,0,28.427299,-0.2664173,0,18.715331,0.0013589297,0
0.5,0,28.475135,-0.2637622,0,18.724559,0.0012756165,0
0.5,0,28.520966,-0.25970078,0,18.733788,0.0011934491,0
0.5,0,28.562549,-0.2543305,0,18.743016,0.0011128854,0
0.5,0,28.596989,-0.247701,0,18.752245,0.001034368,0
0.5,0,28.620652,-0.23981819,0,18.761473,0.00095831531,0
0.5,0,28.62921,-0.23066495,0,18.770701,0.00088511651,0
0.5,0,28.617965,-0.22023581,0,18.77993,0.00081512802,0
0.5,0,28.582554,-0.20857536,0,18.789158,0.00074866848,0
0.5,0,28.520039,-0.19579969,0,18.798387,0.0006860112,0
0.5,0,28.430192,-0.18208328,0,18.807615,0.00062737795,0
0.5,0,28.316543,-0.16762071,0,18.816844,0.00057294018,0
0.5,0,28.186686,-0.15259114,0,18.826072,0.00052283012,0
0.5,0,28.051471,-0.13714246,0,18.835301,0.00047715913,0
0.5,0,27.923009,-0.12140774,0,18.844529,0.00043603459,0
0.5,0,27.812062,-0.10553865,0,18.853758,0.00039956573,0
0.5,0,27.725812,-0.089723137,0,18.862986,0.00036785639,0
0.5,0,27.666812,-0.074158217,0,18.872215,0.00034099043,0
0.5,0,27.633374,-0.05897669,0,18.881443,0.00031901793,0
0.5,0,27.620971,-0.044186696,0,18.890672,0.00030194656,0
0.5,0,27.624008,-0.029684452,0,18.8999,0.00028973815,0
0.5,0,27.637332,-0.0153394,0,18.909128,0.00028230813,0
0.5,0,27.657045,-0.0011072298,0,18.918357,0.00027952477,0
0.5,0,27.680649,0.012892268,0,18.927585,0.00028120713,0
0.5,0,27.706744,0.026389659,0,18.936814,0.00028712466,0
0.5,0,27.734512,0.03906688,0,18.946042,0.00029700075,0
0.5,0,27.763289,0.05067935,0,18.955271,0.00031052097,0
0.5,0,27.792237,0.061119559,0,18.964499,0.0003273443,0
0.5,0,27.82024,0.070382319,0,18.973728,0.00034711308,0
0.5,0,27.845979,0.078465386,0,18.982956,0.00036945806,0
0.5,0,27.868093,0.085278246,0,18.992185,0.0003939979,0
0.5,0,27.885372,0.09063149,0,19.001413,0.00042033651,0
0.5,0,27.896926,0.094326147,0,19.010642,0.00044806279,0
0.5,0,27.902268,0.096279254,0,19.01987,0.00047675489,0
0.5,0,27.901325,0.096595715,0,19.029099,0.00050598717,0
0.5,0,27.894396,0.095528817,0,19.038327,0.00053533524,0
0.5,0,27.882121,0.093344778,0,19.047555,0.00056437596,0
0.5,0,27.865456,0.090178276,0,19.056784,0.0005926835,0
0.5,0,27.845643,0.085973172,0,19.066012,0.00061982729,0
0.5,0,27.82415,0.080542674,0,19.075241,0.00064537814,0
0.5,0,27.802537,0.073701421,0,19.084469,0.00066892286,0
0.5,0,27.782297,0.06538123,0,19.093698,0.00069008016,0
0.5,0,27.764689,0.055669431,0,19.102926,0.00070850747,0
0.5,0,27.750619,0.044770868,0,19.112155,0.00072389345,0
0.5,0,27.740596,0.03293405,0,19.121383,0.00073594058,0
0.5,0,27.734751,0.020377557,0,19.130612,0.00074434985,0
0.5,0,27.732908,0.0072359429,0,19.13984,0.00074881748,0
0.5,0,27.734699,-0.0064516734,0,19.149069,0.00074904744,0
0.5,0,27.739683,-0.020694952,0,19.158297,0.00074477619,0
0.5,0,27.747408,-0.035472712,0,19.167526,0.00073580118,0
0.5,0,27.757465,-0.050684198,0,19.176754,0.0007220022,0
0.5,0,27.769509,-0.066179498,0,19.185982,0.00070334248,0
0.5,0,27.783298,-0.081826108,0,19.195211,0.0006798435,0
0.5,0,27.798716,-0.097522718,0,19.204439,0.00065154573,0
0.5,0,27.815783,-0.11314541,0,19.213668,0.0006184785,0
0.5,0,27.834616,-0.12848886,0,19.222896,0.0005806564,0
0.5,0,27.85536,-0.14325365,0,19.232125,0.00053810283,0
0.5,0,27.878126,-0.15711416,0,19.241353,0.0004908877,0
0.5,0,27.902969,-0.16989589,0,19.250582,0.0004391553,0
0.5,0,27.929943,-0.1817548,0,19.25981,0.00038311932,0
0.5,0,27.959212,-0.19318644,0,19.269039,0.00032302581,0
0.5,0,27.991169,-0.20467475,0,19.278267,0.0002591107,0
0.5,0,28.026342,-0.21612374,0,19.287496,0.00019160398,0
0.5,0,28.066036,-0.22754844,0,19.296724,0.00012078807,0
0.5,0,28.112871,-0.23998861,0,19.305953,4.6948584e-05,0
0.5,0,28.039099,0.35527318,0,21.12396,5.0944996e-05,0
0.5,0,28.027229,0.35401678,0,21.133189,0.00016590851,0
0.5,0,28.022546,0.35566529,0,21.142417,0.00028201621,0
0.5,0,28.020725,0.35735829,0,21.151646,0.00039867544,0
0.5,0,28.019404,0.3578142,0,21.160874,0.00051551546,0
0.5,0,28.018624,0.35625655,0,21.170103,0.00063224409,0
0.5,0,28.019758,0.35342765,0,21.179331,0.00074851561,0
0.5,0,28.023336,0.34970197,0,21.18856,0.00086391978,0
0.5,0,28.028983,0.34475102,0,21.197788,0.00097806718,0
0.5,0,28.036401,0.33872167,0,21.207017,0.0010905704,0
0.5,0,28.045886,0.33206004,0,21.216245,0.0012009945,0
0.5,0,28.058122,0.32465127,0,21.225474,0.0013089019,0
0.5,0,28.073641,0.31604617,0,21.234702,0.0014139124,0
0.5,0,28.092518,0.30606051,0,21.243931,0.0015156934,0
0.5,0,28.11458,0.29469464,0,21.253159,0.0016139355,0
0.5,0,28.13978,0.28198634,0,21.262387,0.0017083493,0
0.5,0,28.168164,0.26822858,0,21.271616,0.0017986448,0
0.5,0,28.199507,0.25387461,0,21.280844,0.0018845086,0
0.5,0,28.233146,0.23902685,0,21.290073,0.0019656336,0
0.5,0,28.268173,0.22334748,0,21.299301,0.0020417815,0
0.5,0,28.303597,0.2065976,0,21.30853,0.002112797,0
0.5,0,28.338238,0.18902337,0,21.317758,0.0021785622,0
0.5,0,28.370494,0.1711297,0,21.326987,0.0022389564,0
0.5,0,28.398236,0.15327761,0,21.336215,0.0022938637,0
0.5,0,28.418844,0.13558739,0,21.345444,0.0023432055,0
0.5,0,28.429265,0.11806412,0,21.354672,0.0023869624,0
0.5,0,28.426088,0.10068656,0,21.363901,0.0024251804,0
0.5,0,28.405742,0.083445376,0,21.373129,0.0024579664,0
0.5,0,28.364943,0.066414585,0,21.382358,0.0024854722,0
0.5,0,28.301375,0.049815015,0,21.391586,0.0025078667,0
0.5,0,28.214572,0.033979888,0,21.400815,0.0025253104,0
0.5,0,28.106584,0.019210573,0,21.410043,0.0025379421,0
0.5,0,27.982248,0.0056046098,0,21.419271,0.0025458956,0
0.5,0,27.848847,-0.0069995967,0,21.4285,0.0025493361,0
0.5,0,27.715142,-0.018863772,0,21.437728,0.0025484865,0
0.5,0,27.590024,-0.030080824,0,21.446957,0.0025436216,0
0.5,0,27.4811,-0.040478422,0,21.456185,0.0025350395,0
0.5,0,27.393632,-0.049807898,0,21.465414,0.0025230455,0
0.5,0,27.330118,-0.057975363,0,21.474642,0.0025079609,0
0.5,0,27.29042,-0.065033057,0,21.483871,0.0024901396,0
0.5,0,27.272284,-0.070981854,0,21.493099,0.002469964,0
0.5,0,27.272125,-0.075671913,0,21.502328,0.0024478236,0
0.5,0,27.285827,-0.078931315,0,21.511556,0.0024241011,0
0.5,0,27.309454,-0.080756174,0,21.520785,0.002399183,0
0.5,0,27.339756,-0.081344108,0,21.530013,0.00237348,0
0.5,0,27.374385,-0.080950618,0,21.539242,0.0023474355,0
0.5,0,27.41185,-0.079712697,0,21.54847,0.0023215111,0
0.5,0,27.451284,-0.077573143,0,21.557698,0.0022961574,0
0.5,0,27.492166,-0.074333492,0,21.566927,0.0022717864,0
0.5,0,27.534098,-0.069786781,0,21.576155,0.0022487576,0
0.5,0,27.576688,-0.063857695,0,21.585384,0.0022273828,0
0.5,0,27.619554,-0.056677805,0,21.594612,0.0022079446,0
0.5,0,27.662391,-0.048545308,0,21.603841,0.0021907175,0
0.5,0,27.705021,-0.03978072,0,21.613069,0.0021759778,0
0.5,0,27.747411,-0.030571457,0,21.622298,0.002163996,0
0.5,0,27.789587,-0.020918642,0,21.631526,0.0021550198,0
0.5,0,27.831581,-0.010721466,0,21.640755,0.0021492625,0
0.5,0,27.873402,6.971516e-05,0,21.649983,0.0021469092,0
0.5,0,27.915044,0.011360566,0,21.659212,0.0021481349,0
0.5,0,27.956544,0.022965092,0,21.66844,0.0021531164,0
0.5,0,27.997955,0.034745303,0,21.677669,0.0021620274,0
0.5,0,28.039298,0.046706191,0,21.686897,0.0021750177,0
0.5,0,28.080469,0.058962414,0,21.696125,0.0021921924,0
0.5,0,28.121155,0.07160194,0,21.705354,0.0022136074,0
0.5,0,28.160818,0.084568607,0,21.714582,0.0022392833,0
0.5,0,28.19869,0.097663557,0,21.723811,0.0022692267,0
0.5,0,28.233745,0.11065689,0,21.733039,0.0023034389,0
0.5,0,28.264617,0.1234082,0,21.742268,0.0023419081,0
0.5,0,28.289492,0.13588785,0,21.751496,0.0023845903,0
0.5,0,28.306048,0.14808419,0,21.760725,0.0024313959,0
0.5,0,28.311514,0.1598804,0,21.769953,0.0024821916,0
0.5,0,28.302873,0.17101168,0,21.779182,0.0025368109,0
0.5,0,28.277227,0.18114353,0,21.78841,0.0025950631,0
0.5,0,28.232284,0.19001057,0,21.797639,0.0026567279,0
0.5,0,28.16691,0.19751717,0,21.806867,0.0027215388,0
0.5,0,28.08164,0.20373628,0,21.816096,0.0027891659,0
0.5,0,27.979028,0.20881717,0,21.825324,0.0028592105,0
0.5,0,27.86368,0.21286837,0,21.834552,0.0029312198,0
0.5,0,27.741916,0.21588946,0,21.843781,0.0030047152,0
0.5,0,27.621055,0.21779293,0,21.853009,0.0030792232,0
0.5,0,27.508452,0.21849815,0,21.862238,0.0031542942,0
0.5,0,27.410539,0.21802302,0,21.871466,0.0032295042,0
0.5,0,27.331975,0.21650365,0,21.880695,0.0033044433,0
0.5,0,27.275185,0.21411569,0,21.889923,0.003378706,0
0.5,0,27.240388,0.21095044,0,21.899152,0.0034518927,0
0.5,0,27.225977,0.20694858,0,21.90838,0.0035236221,0
0.5,0,27.229155,0.20194657,0,21.917609,0.0035935442,0
0.5,0,27.246597,0.1958006,0,21.926837,0.0036613402,0
0.5,0,27.274992,0.18848787,0,21.936066,0.0037267112,0
0.5,0,27.31139,0.18010925,0,21.945294,0.0037893626,0
0.5,0,27.353387,0.17080515,0,21.954523,0.0038489983,0
0.5,0,27.399173,0.16066682,0,21.963751,0.0039053273,0
0.5,0,27.447486,0.1497176,0,21.972979,0.0039580749,0
0.5,0,27.497493,0.13796754,0,21.982208,0.0040069891,0
0.5,0,27.548619,0.12547572,0,21.991436,0.0040518371,0
0.5,0,27.600351,0.11235656,0,22.000665,0.0040923986,0
0.5,0,27.652062,0.098726122,0,22.009893,0.0041284638,0
0.5,0,27.702858,0.084637061,0,22.019122,0.0041598428,0
0.5,0,27.751455,0.070066347,0,22.02835,0.0041863786,0
0.5,0,27.796075,0.054975378,0,22.037579,0.0042079545,0
0.5,0,27.834369,0.039400039,0,22.046807,0.0042244894,0
0.5,0,27.863408,0.023504463,0,22.056036,0.0042359215,0
0.5,0,27.879803,0.0075553361,0,22.065264,0.0042421908,0
0.5,0,27.880057,-0.0081713485,0,22.074493,0.0042432327,0
0.5,0,27.86112,-0.023493977,0,22.083721,0.0042389849,0
0.5,0,27.821185,-0.038380109,0,22.09295,0.0042294052,0
0.5,0,27.760476,-0.05289628,0,22.102178,0.0042144895,0
0.5,0,27.681862,-0.067118827,0,22.111406,0.0041942814,0
0.5,0,27.591006,-0.081108136,0,22.120635,0.0041688693,0
0.5,0,27.495698,-0.094895306,0,22.129863,0.0041383721,0
0.5,0,27.40456,-0.10848726,0,22.139092,0.0041029255,0
0.5,0,27.325481,-0.1219106,0,22.14832,0.0040626739,0
0.5,0,27.26426,-0.13521894,0,22.157549,0.0040177689,0
0.5,0,27.22394,-0.14844176,0,22.166777,0.0039683676,0
0.5,0,27.204857,-0.16151848,0,22.176006,0.0039146297,0
0.5,0,27.205277,-0.17427378,0,22.185234,0.0038567132,0
0.5,0,27.222291,-0.18646097,0,22.194463,0.0037947738,0
0.5,0,27.252571,-0.19785525,0,22.203691,0.0037289722,0
0.5,0,27.292869,-0.20834465,0,22.21292,0.0036594886,0
0.5,0,27.340253,-0.2179627,0,22.222148,0.0035865412,0
0.5,0,27.392176,-0.22684086,0,22.231377,0.0035103977,0
0.5,0,27.44648,-0.23510684,0,22.240605,0.003431375,0
0.5,0,27.501386,-0.2427865,0,22.249833,0.003349827,0
0.5,0,27.555488,-0.24976408,0,22.259062,0.0032661238,0
0.5,0,27.607756,-0.2558213,0,22.26829,0.0031806327,0
0.5,0,27.657533,-0.26072964,0,22.277519,0.0030937072,0
0.5,0,27.704525,-0.26433989,0,22.286747,0.0030056871,0
0.5,0,27.748775,-0.26661859,0,22.295976,0.002916907,0
0.5,0,27.790621,-0.26761715,0,22.305204,0.0028277072,0
0.5,0,27.830617,-0.2674038,0,22.314433,0.002738441,0
0.5,0,27.869447,-0.2660094,0,22.323661,0.0026494746,0
0.5,0,27.907822,-0.26342386,0,22.33289,0.0025611808,0
0.5,0,27.946396,-0.25963907,0,22.342118,0.0024739301,0
0.5,0,27.9857,-0.25469933,0,22.351347,0.0023880834,0
0.5,0,28.026112,-0.24871635,0,22.360575,0.0023039883,0
0.5,0,28.067819,-0.24183659,0,22.369804,0.0022219775,0
0.5,0,28.110776,-0.23418643,0,22.379032,0.0021423677,0
0.5,0,28.15464,-0.22583593,0,22.38826,0.0020654558,0
0.5,0,28.198668,-0.21680303,0,22.397489,0.0019915145,0
0.5,0,28.241604,-0.2070871,0,22.406717,0.0019207893,0
0.5,0,28.281535,-0.19670191,0,22.415946,0.0018534998,0
0.5,0,28.315735,-0.18568656,0,22.425174,0.0017898423,0
0.5,0,28.34053,-0.17409634,0,22.434403,0.0017299921,0
0.5,0,28.351269,-0.16199393,0,22.443631,0.0016740995,0
0.5,0,28.34254,-0.14945703,0,22.45286,0.0016222815,0
0.5,0,28.308825,-0.13659868,0,22.462088,0.0015746108,0
0.5,0,28.245657,-0.1235789,0,22.471317,0.0015311102,0
0.5,0,28.151128,-0.11058917,0,22.480545,0.0014917563,0
0.5,0,28.027346,-0.097824703,0,22.489774,0.0014564899,0
0.5,0,27.881347,-0.085456863,0,22.499002,0.0014252293,0
0.5,0,27.724681,-0.073614387,0,22.508231,0.0013978771,0
0.5,0,27.571429,-0.062381863,0,22.517459,0.0013743157,0
0.5,0,27.435148,-0.051806216,0,22.526687,0.0013543969,0
0.5,0,27.325805,-0.041907187,0,22.535916,0.0013379333,0
0.5,0,27.247864,-0.032691741,0,22.545144,0.0013247031,0
0.5,0,27.200108,-0.024173021,0,22.554373,0.0013144655,0
0.5,0,27.17704,-0.016388182,0,22.563601,0.0013069786,0
0.5,0,27.171069,-0.0094049236,0,22.57283,0.001302009,0
0.5,0,27.174689,-0.0033129492,0,22.582058,0.001299324,0
0.5,0,27.182081,0.0018013741,0,22.591287,0.001298674,0
0.5,0,27.189877,0.0058915567,0,22.600515,0.0012997742,0
0.5,0,27.197088,0.008978477,0,22.609744,0.0013023003,0
0.5,0,27.204479,0.011145032,0,22.618972,0.0013058996,0
0.5,0,27.213715,0.012490748,0,22.628201,0.0013102114,0
0.5,0,27.226556,0.013068489,0,22.637429,0.0013148861,0
0.5,0,27.2443,0.012843947,0,22.646658,0.0013195919,0
0.5,0,27.267533,0.011710828,0,22.655886,0.0013240105,0
0.5,0,27.296133,0.0095607759,0,22.665114,0.00132783,0
0.5,0,27.329441,0.0063683194,0,22.674343,0.0013307427,0
0.5,0,27.366475,0.0022344955,0,22.683571,0.0013324547,0
0.5,0,27.406162,-0.0026468946,0,22.6928,0.001332699,0
0.5,0,27.447496,-0.0080859665,0,22.702028,0.0013312427,0
0.5,0,27.489685,-0.013992505,0,22.711257,0.0013278829,0
0.5,0,27.532236,-0.020404248,0,22.720485,0.0013224317,0
0.5,0,27.574914,-0.02742568,0,22.729714,0.0013147006,0
0.5,0,27.617675,-0.035115125,0,22.738942,0.0013044954,0
0.5,0,27.660512,-0.043411771,0,22.748171,0.0012916258,0
0.5,0,27.703301,-0.052165759,0,22.757399,0.0012759215,0
0.5,0,27.74566,-0.061240761,0,22.766628,0.0012572426,0
0.5,0,27.786858,-0.070598165,0,22.775856,0.0012354764,0
0.5,0,27.825744,-0.080298097,0,22.785085,0.0012105262,0
0.5,0,27.860667,-0.090436792,0,22.794313,0.0011822992,0
0.5,0,27.889407,-0.10107284,0,22.803541,0.0011507009,0
0.5,0,27.909152,-0.11216593,0,22.81277,0.0011156345,0
0.5,0,27.916574,-0.12353629,0,22.821998,0.0010770107,0
0.5,0,27.908074,-0.13488384,0,22.831227,0.0010347649,0
0.5,0,27.880284,-0.14590754,0,22.840455,0.00098887382,0
0.5,0,27.83084,-0.1564643,0,22.849684,0.0009393563,0
0.5,0,27.75933,-0.1666189,0,22.858912,0.00088625613,0
0.5,0,27.668124,-0.1765268,0,22.868141,0.00082962158,0
0.5,0,27.56273,-0.18626193,0,22.877369,0.00076949912,0
0.5,0,27.451396,-0.19571693,0,22.886598,0.0007059446,0
0.5,0,27.34387,-0.20460849,0,22.895826,0.00063904475,0
0.5,0,27.249562,-0.21262628,0,22.905055,0.00056893688,0
0.5,0,27.17571,-0.21971298,0,22.914283,0.0004958069,0
0.5,0,27.126211,-0.22624117,0,22.923512,0.00041985424,0
0.5,0,27.101473,-0.23286917,0,22.93274,0.00034124557,0
0.5,0,27.09919,-0.23989663,0,22.941968,0.00026009859,0
0.5,0,27.115676,-0.24696427,0,22.951197,0.00017654851,0
0.5,0,27.148517,-0.25482064,0,22.960425,9.0802071e-05,0
0.5,0,27.197024,-0.26571317,0,22.969654,3.0125626e-06,0
0.5,0,27.648463,0.19986887,0,24.963003,5.263872e-05,0
0.5,0,27.679295,0.20297902,0,24.972231,0.00011709153,0
0.5,0,27.714898,0.20874348,0,24.98146,0.00018371501,0
0.5,0,27.749594,0.21506245,0,24.990688,0.00025227789,0
0.5,0,27.779617,0.22071217,0,24.999917,0.00032264009,0
0.5,0,27.803767,0.22537709,0,25.009145,0.00039468806,0
0.5,0,27.822042,0.22953753,0,25.018373,0.00046822314,0
0.5,0,27.834041,0.23313482,0,25.027602,0.00054298632,0
0.5,0,27.839054,0.23580391,0,25.03683,0.000618712,0
0.5,0,27.836834,0.23762659,0,25.046059,0.00069509794,0
0.5,0,27.827944,0.23874448,0,25.055287,0.00077178513,0
0.5,0,27.813498,0.23884691,0,25.064516,0.00084840672,0
0.5,0,27.794697,0.23751367,0,25.073744,0.00092462572,0
0.5,0,27.772635,0.23460032,0,25.082973,0.0010001213,0
0.5,0,27.748525,0.23010611,0,25.092201,0.001074574,0
0.5,0,27.723923,0.22411861,0,25.10143,0.001147664,0
0.5,0,27.700492,0.21699159,0,25.110658,0.0012190527,0
0.5,0,27.679536,0.2091807,0,25.119887,0.0012883696,0
0.5,0,27.661827,0.20079536,0,25.129115,0.0013552478,0
0.5,0,27.64778,0.19157789,0,25.138344,0.0014193797,0
0.5,0,27.637622,0.18138685,0,25.147572,0.0014805255,0
0.5,0,27.631331,0.17049459,0,25.1568,0.001538473,0
0.5,0,27.628539,0.15935822,0,25.166029,0.0015930035,0
0.5,0,27.628594,0.14826429,0,25.175257,0.0016438997,0
0.5,0,27.630735,0.13724615,0,25.184486,0.0016909735,0
0.5,0,27.634232,0.1261952,0,25.193714,0.0017340872,0
0.5,0,27.638448,0.11495427,0,25.202943,0.0017731619,0
0.5,0,27.642864,0.10338112,0,25.212171,0.0018081756,0
0.5,0,27.64709,0.091434782,0,25.2214,0.0018391515,0
0.5,0,27.65086,0.079241131,0,25.230628,0.001866134,0
0.5,0,27.653975,0.067066589,0,25.239857,0.0018891642,0
0.5,0,27.656212,0.055188064,0,25.249085,0.0019082675,0
0.5,0,27.65727,0.04372413,0,25.258314,0.0019234628,0
0.5,0,27.656808,0.032564128,0,25.267542,0.0019347853,0
0.5,0,27.654563,0.021498303,0,25.276771,0.001942303,0
0.5,0,27.650457,0.010448435,0,25.285999,0.0019461084,0
0.5,0,27.64466,-0.000449035,0,25.295227,0.0019462938,0
0.5,0,27.637567,-0.011002962,0,25.304456,0.00194294,0
0.5,0,27.629775,-0.021163178,0,25.313684,0.0019361307,0
0.5,0,27.622027,-0.031004031,0,25.322913,0.0019259743,0
0.5,0,27.615033,-0.04053651,0,25.332141,0.001912607,0
0.5,0,27.60929,-0.049596433,0,25.34137,0.0018961762,0
0.5,0,27.604943,-0.057946009,0,25.350598,0.0018768286,0
0.5,0,27.601814,-0.065466186,0,25.359827,0.0018547179,0
0.5,0,27.599557,-0.072229764,0,25.369055,0.001830025,0
0.5,0,27.597855,-0.078403347,0,25.378284,0.0018029695,0
0.5,0,27.596551,-0.084091924,0,25.387512,0.0017738033,0
0.5,0,27.595683,-0.089253299,0,25.396741,0.0017427897,0
0.5,0,27.595429,-0.093719743,0,25.405969,0.0017101843,0
0.5,0,27.59602,-0.097290176,0,25.415198,0.0016762265,0
0.5,0,27.597655,-0.099836967,0,25.424426,0.0016411471,0
0.5,0,27.600478,-0.10137507,0,25.433654,0.0016051857,0
0.5,0,27.604605,-0.10205132,0,25.442883,0.0015686082,0
0.5,0,27.610165,-0.10204733,0,25.452111,0.0015317125,0
0.5,0,27.617321,-0.10145112,0,25.46134,0.0014948157,0
0.5,0,27.626236,-0.10019246,0,25.470568,0.0014582305,0
0.5,0,27.637025,-0.098100401,0,25.479797,0.0014222449,0
0.5,0,27.649725,-0.095042525,0,25.489025,0.0013871213,0
0.5,0,27.664316,-0.091030648,0,25.498254,0.0013531126,0
0.5,0,27.68076,-0.086202541,0,25.507482,0.0013204834,0
0.5,0,27.699008,-0.08069751,0,25.516711,0.0012895165,0
0.5,0,27.718947,-0.074537185,0,25.525939,0.0012605012,0
0.5,0,27.740318,-0.067617553,0,25.535168,0.0012337103,0
0.5,0,27.762638,-0.059820668,0,25.544396,0.0012093827,0
0.5,0,27.785188,-0.051151202,0,25.553625,0.0011877218,0
0.5,0,27.80705,-0.041782029,0,25.562853,0.0011689033,0
0.5,0,27.827153,-0.031970857,0,25.572081,0.0011530825,0
0.5,0,27.8443,-0.021921051,0,25.58131,0.0011403907,0
0.5,0,27.857156,-0.011703915,0,25.590538,0.001130924,0
0.5,0,27.864271,-0.001301891,0,25.599767,0.0011247343,0
0.5,0,27.864162,0.0092678411,0,25.608995,0.0011218338,0
0.5,0,27.855453,0.01985386,0,25.618224,0.0011222105,0
0.5,0,27.837073,0.03017579,0,25.627452,0.0011258431,0
0.5,0,27.808436,0.039930876,0,25.636681,0.0011327027,0
0.5,0,27.769595,0.048926204,0,25.645909,0.0011427376,0
0.5,0,27.721337,0.057145233,0,25.655138,0.0011558521,0
0.5,0,27.665238,0.064710201,0,25.664366,0.0011718919,0
0.5,0,27.603628,0.07177474,0,25.673595,0.001190647,0
0.5,0,27.539462,0.078416779,0,25.682823,0.0012118716,0
0.5,0,27.476034,0.084593033,0,25.692052,0.001235313,0
0.5,0,27.416592,0.090175048,0,25.70128,0.0012607353,0
0.5,0,27.363907,0.095036224,0,25.710508,0.0012879281,0
0.5,0,27.319927,0.099128938,0,25.719737,0.0013167006,0
0.5,0,27.285626,0.10249745,0,25.728965,0.001346867,0
0.5,0,27.26108,0.10521804,0,25.738194,0.0013782369,0
0.5,0,27.245728,0.10731734,0,25.747422,0.0014106169,0
0.5,0,27.238689,0.10874215,0,25.756651,0.001443819,0
0.5,0,27.23902,0.10941212,0,25.765879,0.0014776667,0
0.5,0,27.245824,0.10931182,0,25.775108,0.0015119892,0
0.5,0,27.258217,0.10853887,0,25.784336,0.0015466063,0
0.5,0,27.275245,0.10725872,0,25.793565,0.0015813139,0
0.5,0,27.295838,0.10559762,0,25.802793,0.0016158823,0
0.5,0,27.318843,0.10356126,0,25.812022,0.0016500688,0
0.5,0,27.343129,0.10104569,0,25.82125,0.0016836356,0
0.5,0,27.367689,0.097931346,0,25.830479,0.001716362,0
0.5,0,27.391714,0.094179858,0,25.839707,0.0017480435,0
0.5,0,27.414617,0.08985466,0,25.848935,0.0017784845,0
0.5,0,27.436028,0.08505549,0,25.858164,0.0018074927,0
0.5,0,27.455782,0.079827053,0,25.867392,0.0018348823,0
0.5,0,27.473915,0.074121906,0,25.876621,0.0018604831,0
0.5,0,27.490652,0.067850431,0,25.885849,0.0018841475,0
0.5,0,27.506369,0.06097918,0,25.895078,0.001905748,0
0.5,0,27.521532,0.053600995,0,25.904306,0.0019251657,0
0.5,0,27.536625,0.045921746,0,25.913535,0.0019422783,0
0.5,0,27.552096,0.038169089,0,25.922763,0.0019569568,0
0.5,0,27.568334,0.030484377,0,25.931992,0.0019690738,0
0.5,0,27.585663,0.022867644,0,25.94122,0.0019785206,0
0.5,0,27.604352,0.015210069,0,25.950449,0.0019852206,0
0.5,0,27.624572,0.0073891204,0,25.959677,0.0019891328,0
0.5,0,27.646326,-0.00064066743,0,25.968906,0.0019902419,0
0.5,0,27.669377,-0.0088178751,0,25.978134,0.0019885434,0
0.5,0,27.693188,-0.017021383,0,25.987362,0.0019840342,0
0.5,0,27.716911,-0.025156641,0,25.996591,0.0019767151,0
0.5,0,27.739381,-0.033214165,0,26.005819,0.0019666009,0
0.5,0,27.759181,-0.041254542,0,26.015048,0.0019537297,0
0.5,0,27.774676,-0.049333102,0,26.024276,0.0019381634,0
0.5,0,27.784006,-0.057425082,0,26.033505,0.0019199773,0
0.5,0,27.785142,-0.065404676,0,26.042733,0.0018992443,0
0.5,0,27.775996,-0.073090503,0,26.051962,0.0018760261,0
0.5,0,27.754674,-0.080325341,0,26.06119,0.0018503772,0
0.5,0,27.719873,-0.087036461,0,26.070419,0.0018223607,0
0.5,0,27.671373,-0.093241473,0,26.079647,0.001792067,0
0.5,0,27.610471,-0.098999995,0,26.088876,0.001759625,0
0.5,0,27.540165,-0.10434303,0,26.098104,0.0017251992,0
0.5,0,27.465024,-0.10922717,0,26.107333,0.0016889748,0
0.5,0,27.390625,-0.11354004,0,26.116561,0.0016511389,0
0.5,0,27.322634,-0.11715137,0,26.12579,0.0016118664,0
0.5,0,27.265772,-0.11998,0,26.135018,0.0015713183,0
0.5,0,27.223049,-0.12203709,0,26.144246,0.0015296508,0
0.5,0,27.19551,-0.12341948,0,26.153475,0.0014870293,0
0.5,0,27.182495,-0.12425552,0,26.162703,0.0014436389,0
0.5,0,27.182234,-0.12463476,0,26.171932,0.0013996841,0
0.5,0,27.192536,-0.1245674,0,26.18116,0.0013553788,0
0.5,0,27.211382,-0.12400432,0,26.190389,0.0013109308,0
0.5,0,27.237215,-0.1229021,0,26.199617,0.001266532,0
0.5,0,27.268928,-0.12128315,0,26.208846,0.0012223567,0
0.5,0,27.305671,-0.11924758,0,26.218074,0.0011785673,0
0.5,0,27.346616,-0.11692924,0,26.227303,0.0011353213,0
0.5,0,27.390789,-0.11443033,0,26.236531,0.0010927711,0
0.5,0,27.43702,-0.11178315,0,26.24576,0.0010510573,0
0.5,0,27.484004,-0.10896418,0,26.254988,0.0010102981,0
0.5,0,27.53043,-0.10594441,0,26.264217,0.00097058307,0
0.5,0,27.575126,-0.10273319,0,26.273445,0.00093197471,0
0.5,0,27.617168,-0.099380579,0,26.282673,0.00089451785,0
0.5,0,27.65592,-0.095940032,0,26.291902,0.00085825055,0
0.5,0,27.691,-0.092427095,0,26.30113,0.0008232114,0
0.5,0,27.722187,-0.088813031,0,26.310359,0.00078944136,0
0.5,0,27.749313,-0.085061328,0,26.319587,0.00075698264,0
0.5,0,27.772159,-0.081177184,0,26.328816,0.00072587859,0
0.5,0,27.790383,-0.077226943,0,26.338044,0.00069617607,0
0.5,0,27.803463,-0.073306951,0,26.347273,0.00066792776,0
0.5,0,27.810663,-0.069480074,0,26.356501,0.00064119042,0
0.5,0,27.81102,-0.065723136,0,26.36573,0.00061601681,0
0.5,0,27.803379,-0.061920856,0,26.374958,0.00059244425,0
0.5,0,27.786506,-0.057914533,0,26.384187,0.00057048605,0
0.5,0,27.759348,-0.053582306,0,26.393415,0.00055013208,0
0.5,0,27.721388,-0.048899563,0,26.402644,0.00053135982,0
0.5,0,27.672936,-0.043960842,0,26.411872,0.00051415017,0
0.5,0,27.615397,-0.038959068,0,26.4211,0.00049849932,0
0.5,0,27.551368,-0.034114777,0,26.430329,0.00048441937,0
0.5,0,27.48445,-0.029595253,0,26.439557,0.00047192543,0
0.5,0,27.418807,-0.025461826,0,26.448786,0.00046101524,0
0.5,0,27.358531,-0.02166226,0,26.458014,0.00045165209,0
0.5,0,27.306992,-0.018074789,0,26.467243,0.00044375933,0
0.5,0,27.266354,-0.014585283,0,26.476471,0.00043722856,0
0.5,0,27.237402,-0.011160443,0,26.4857,0.00043193574,0
0.5,0,27.219698,-0.0078789062,0,26.494928,0.00042775627,0
0.5,0,27.211994,-0.0049017115,0,26.504157,0.00042457235,0
0.5,0,27.212731,-0.0024008841,0,26.513385,0.0004222718,0
0.5,0,27.220458,-0.00048485616,0,26.522614,0.00042074405,0
0.5,0,27.234023,0.00083697079,0,26.531842,0.00041987864,0
0.5,0,27.252606,0.0016349983,0,26.541071,0.00041956838,0
0.5,0,27.275636,0.0020081367,0,26.550299,0.00041971444,0
0.5,0,27.302629,0.0020305683,0,26.559527,0.00042022868,0
0.5,0,27.33303,0.0017294123,0,26.568756,0.00042103057,0
0.5,0,27.366115,0.0011068953,0,26.577984,0.00042204031,0
0.5,0,27.40097,0.00018475624,0,26.587213,0.000423173,0
0.5,0,27.436565,-0.00096473689,0,26.596441,0.00042433808,0
0.5,0,27.471805,-0.002222807,0,26.60567,0.00042544389,0
0.5,0,27.505641,-0.0034671687,0,26.614898,0.00042640529,0
0.5,0,27.537162,-0.0046402542,0,26.624127,0.00042714934,0
0.5,0,27.565618,-0.0057928296,0,26.633355,0.00042761333,0
0.5,0,27.590479,-0.0070572071,0,26.642584,0.00042773879,0
0.5,0,27.611378,-0.008571741,0,26.651812,0.00042746759,0
0.5,0,27.628051,-0.010403445,0,26.661041,0.00042674088,0
0.5,0,27.640266,-0.012509085,0,26.670269,0.00042550039,0
0.5,0,27.647751,-0.014764878,0,26.679498,0.00042368951,0
0.5,0,27.650167,-0.0170509,0,26.688726,0.00042125176,0
0.5,0,27.64714,-0.019333781,0,26.697954,0.00041812715,0
0.5,0,27.638331,-0.02168891,0,26.707183,0.00041424939,0
0.5,0,27.623544,-0.024240461,0,26.716411,0.00040954733,0
0.5,0,27.602803,-0.02706101,0,26.72564,0.00040395139,0
0.5,0,27.576433,-0.030109578,0,26.734868,0.00039740208,0
0.5,0,27.545135,-0.03324622,0,26.744097,0.00038985675,0
0.5,0,27.509994,-0.036309447,0,26.753325,0.00038129255,0
0.5,0,27.472479,-0.039204922,0,26.762554,0.00037170646,0
0.5,0,27.4344,-0.041946561,0,26.771782,0.00036111499,0
0.5,0,27.397797,-0.044627896,0,26.781011,0.000349554,0
0.5,0,27.36471,-0.047347251,0,26.790239,0.00033707589,0
0.5,0,27.337009,-0.0501135,0,26.799468,0.0003237428,0
0.5,0,27.316123,-0.052778499,0,26.808696,0.00030961847,0
0.5,0,27.302822,-0.055065811,0,26.817925,0.00029476309,0
0.5,0,27.297215,-0.056694982,0,26.827153,0.00027923382,0
0.5,0,27.298866,-0.057540905,0,26.836381,0.00026308842,0
0.5,0,27.306986,-0.057728501,0,26.84561,0.00024638848,0
0.5,0,27.320647,-0.057582206,0,26.854838,0.00022920142,0
0.5,0,27.33895,-0.05746604,0,26.864067,0.00021160206,0
0.5,0,27.361096,-0.057613824,0,26.873295,0.00019367219,0
0.5,0,27.386344,-0.0580291,0,26.882524,0.00017549564,0
0.5,0,27.413934,-0.058506347,0,26.891752,0.00015714932,0
0.5,0,27.443019,-0.058785725,0,26.900981,0.00013869081,0
0.5,0,27.472683,-0.058758841,0,26.910209,0.00012014367,0
0.5,0,27.502043,-0.058572762,0,26.919438,0.00010148705,0
0.5,0,27.530402,-0.058527263,0,26.928666,8.266255e-05,0
0.5,0,27.557403,-0.05885533,0,26.937895,6.360967e-05,0
0.5,0,27.583288,-0.05983618,0,26.947123,4.4316528e-05,0
0.5,0,27.609096,-0.062018385,0,26.956352,2.4824137e-05,0
0.5,0,27.63479,-0.063872125,0,26.96558,5.1912543e-06,0
0.5,0,27.824386,0.078890743,0,28.672846,1.8058893e-05,0
0.5,0,27.734149,0.074354161,0,28.682075,4.2408491e-05,0
0.5,0,27.641804,0.071173361,0,28.691303,6.6134458e-05,0
0.5,0,27.550764,0.068634245,0,28.700532,8.9019626e-05,0
0.5,0,27.465217,0.065835396,0,28.70976,0.00011089195,0
0.5,0,27.389997,0.062300355,0,28.718989,0.00013164695,0
0.5,0,27.329141,0.058326674,0,28.728217,0.00015119061,0
0.5,0,27.284132,0.054239011,0,28.737446,0.00016941755,0
0.5,0,27.253779,0.050012697,0,28.746674,0.00018623789,0
0.5,0,27.235451,0.045669636,0,28.755903,0.00020156971,0
0.5,0,27.22639,0.041349568,0,28.765131,0.00021531274,0
0.5,0,27.224424,0.037010942,0,28.774359,0.00022736404,0
0.5,0,27.228159,0.032463282,0,28.783588,0.00023765559,0
0.5,0,27.236931,0.027625131,0,28.792816,0.00024616697,0
0.5,0,27.250732,0.022544116,0,28.802045,0.00025291631,0
0.5,0,27.270006,0.017305911,0,28.811273,0.00025794641,0
0.5,0,27.295235,0.012082737,0,28.820502,0.00026130169,0
0.5,0,27.326434,0.007118461,0,28.82973,0.00026300419,0
0.5,0,27.362913,0.0025016155,0,28.838959,0.0002630557,0
0.5,0,27.403487,-0.0019531248,0,28.848187,0.00026146619,0
0.5,0,27.446836,-0.0064739471,0,28.857416,0.00025827345,0
0.5,0,27.491704,-0.011029665,0,28.866644,0.00025353311,0
0.5,0,27.536908,-0.015335009,0,28.875873,0.00024729723,0
0.5,0,27.581373,-0.019127317,0,28.885101,0.00023960749,0
0.5,0,27.624233,-0.022379392,0,28.89433,0.00023050235,0
0.5,0,27.664986,-0.025277054,0,28.903558,0.00022002508,0
0.5,0,27.703526,-0.028077004,0,28.912786,0.0002082296,0
0.5,0,27.740031,-0.030977259,0,28.922015,0.00019518555,0
0.5,0,27.77483,-0.034028083,0,28.931243,0.00018098386,0
0.5,0,27.808214,-0.037101629,0,28.940472,0.00016573792,0
0.5,0,27.840282,-0.039960185,0,28.9497,0.00014957537,0
0.5,0,27.870833,-0.042428696,0,28.958929,0.00013262038,0
0.5,0,27.899329,-0.044564782,0,28.968157,0.00011497284,0
0.5,0,27.924938,-0.046669695,0,28.977386,9.6698464e-05,0
0.5,0,27.946625,-0.049049402,0,28.986614,7.7842573e-05,0
0.5,0,27.963291,-0.051807192,0,28.995843,5.8468803e-05,0
0.5,0,27.974121,-0.0552067,0,29.005071,3.8680197e-05,0
0.5,0,27.978374,-0.059409483,0,29.0143,1.8562139e-05,0
0.5,0,27.412183,0.10110865,0,29.420352,2.0419057e-05,0
0.5,0,27.39194,0.097992151,0,29.429581,5.3377654e-05,0
0.5,0,27.382016,0.097183991,0,29.438809,8.6616951e-05,0
0.5,0,27.378848,0.097485471,0,29.448038,0.00011995348,0
0.5,0,27.379517,0.097842457,0,29.457266,0.00015324532,0
0.5,0,27.382689,0.097541756,0,29.466494,0.00018641373,0
0.5,0,27.38812,0.096741392,0,29.475723,0.0002193751,0
0.5,0,27.395258,0.095677852,0,29.484951,0.00025201629,0
0.5,0,27.403039,0.094253986,0,29.49418,0.0002842296,0
0.5,0,27.410549,0.092523614,0,29.503408,0.00031590336,0
0.5,0,27.417443,0.090728374,0,29.512637,0.00034688501,0
0.5,0,27.423778,0.088854537,0,29.521865,0.00037699358,0
0.5,0,27.42964,0.086632885,0,29.531094,0.00040606194,0
0.5,0,27.434942,0.083885671,0,29.540322,0.00043395363,0
0.5,0,27.439557,0.08059969,0,29.549551,0.00046055768,0
0.5,0,27.443545,0.076821683,0,29.558779,0.00048578051,0
0.5,0,27.44711,0.072687198,0,29.568008,0.00050952573,0
0.5,0,27.450343,0.068381833,0,29.577236,0.00053166871,0
0.5,0,27.453106,0.063890335,0,29.586465,0.00055206142,0
0.5,0,27.455248,0.058902678,0,29.595693,0.0005705711,0
0.5,0,27.456848,0.053122371,0,29.604921,0.00058710805,0
0.5,0,27.458205,0.046615491,0,29.61415,0.00060161109,0
0.5,0,27.459615,0.039765883,0,29.623378,0.00061401184,0
0.5,0,27.461202,0.032933203,0,29.632607,0.00062421431,0
0.5,0,27.462959,0.026214922,0,29.641835,0.00063209844,0
0.5,0,27.464867,0.019470972,0,29.651064,0.00063753525,0
0.5,0,27.466991,0.012470709,0,29.660292,0.00064040558,0
0.5,0,27.469489,0.0050222533,0,29.669521,0.00064061987,0
0.5,0,27.472609,-0.0029412378,0,29.678749,0.00063813051,0
0.5,0,27.476663,-0.011326975,0,29.687978,0.00063292742,0
0.5,0,27.48199,-0.019921228,0,29.697206,0.00062501902,0
0.5,0,27.488888,-0.028490816,0,29.706435,0.0006144134,0
0.5,0,27.497523,-0.036904702,0,29.715663,0.00060111407,0
0.5,0,27.507889,-0.045205274,0,29.724892,0.00058513369,0
0.5,0,27.519843,-0.053543473,0,29.73412,0.00056651579,0
0.5,0,27.533196,-0.06197239,0,29.743348,0.00054534765,0
0.5,0,27.547771,-0.070265773,0,29.752577,0.0005217557,0
0.5,0,27.563412,-0.077978524,0,29.761805,0.000495891,0
0.5,0,27.579998,-0.084740576,0,29.771034,0.00046791979,0
0.5,0,27.597483,-0.090500213,0,29.780262,0.00043802496,0
0.5,0,27.615921,-0.095471209,0,29.789491,0.00040641083,0
0.5,0,27.635387,-0.099858496,0,29.798719,0.000373302,0
0.5,0,27.655826,-0.10364065,0,29.807948,0.00033893771,0
0.5,0,27.676903,-0.10657727,0,29.817176,0.0003035723,0
0.5,0,27.697973,-0.10840117,0,29.826405,0.00026748642,0
0.5,0,27.718173,-0.10904965,0,29.835633,0.00023099477,0
0.5,0,27.736602,-0.10876358,0,29.844862,0.00019443119,0
0.5,0,27.752493,-0.10796272,0,29.85409,0.00015811446,0
0.5,0,27.765316,-0.10688894,0,29.863319,0.00012232263,0
0.5,0,27.774804,-0.10543818,0,29.872547,8.7310659e-05,0
0.5,0,27.781498,-0.10391135,0,29.881775,5.3338506e-05,0
0.5,0,27.786364,-0.10287226,0,29.891004,2.061433e-05,0
0.5,0,27.633218,0.082811936,0,30.223229,8.4137652e-06,0
0.5,0,27.620781,0.07954178,0,30.232457,3.3100477e-05,0
0.5,0,27.614538,0.076785087,0,30.241686,5.7895145e-05,0
0.5,0,27.613113,0.075266905,0,30.250914,8.2619944e-05,0
0.5,0,27.613742,0.074092303,0,30.260143,0.00010711376,0
0.5,0,27.614399,0.072462205,0,30.269371,0.00013126556,0
0.5,0,27.614425,0.070306572,0,30.2786,0.00015498181,0
0.5,0,27.613604,0.067949124,0,30.287828,0.00017813901,0
0.5,0,27.611358,0.065421953,0,30.297056,0.00020061403,0
0.5,0,27.606933,0.062715064,0,30.306285,0.00022230977,0
0.5,0,27.599941,0.060088723,0,30.315513,0.00024312793,0
0.5,0,27.59051,0.057722039,0,30.324742,0.00026295555,0
0.5,0,27.579005,0.055423361,0,30.33397,0.00028169434,0
0.5,0,27.565636,0.05286816,0,30.343199,0.00029928531,0
0.5,0,27.550375,0.04985746,0,30.352427,0.00031570696,0
0.5,0,27.533234,0.046313581,0,30.361656,0.0003309672,0
0.5,0,27.514567,0.042306525,0,30.370884,0.00034508861,0
0.5,0,27.495058,0.038131223,0,30.380113,0.00035807558,0
0.5,0,27.475479,0.034134699,0,30.389341,0.00036988805,0
0.5,0,27.456566,0.03039308,0,30.39857,0.00038045521,0
0.5,0,27.439056,0.02667857,0,30.407798,0.00038971627,0
0.5,0,27.423682,0.02277314,0,30.417027,0.00039764464,0
0.5,0,27.411008,0.018714875,0,30.426255,0.00040423972,0
0.5,0,27.401258,0.014715595,0,30.435483,0.00040950767,0
0.5,0,27.394298,0.010935273,0,30.444712,0.00041345099,0
0.5,0,27.389776,0.0073798912,0,30.45394,0.00041606486,0
0.5,0,27.387287,0.0039379575,0,30.463169,0.0004173354,0
0.5,0,27.38649,0.00044672971,0,30.472397,0.000417244,0
0.5,0,27.387151,-0.0032444991,0,30.481626,0.00041577968,0
0.5,0,27.389155,-0.0072022823,0,30.490854,0.0004129494,0
0.5,0,27.392474,-0.011357342,0,30.500083,0.00040877391,0
0.5,0,27.397069,-0.015525767,0,30.509311,0.00040327068,0
0.5,0,27.402772,-0.019509625,0,30.51854,0.0003964376,0
0.5,0,27.409201,-0.023232854,0,30.527768,0.00038825201,0
0.5,0,27.41579,-0.026830919,0,30.536997,0.00037868859,0
0.5,0,27.421927,-0.030593032,0,30.546225,0.00036774336,0
0.5,0,27.427111,-0.034745296,0,30.555454,0.00035544373,0
0.5,0,27.431044,-0.039238717,0,30.564682,0.0003418376,0
0.5,0,27.433615,-0.043756454,0,30.57391,0.00032697406,0
0.5,0,27.434864,-0.047954914,0,30.583139,0.00031089396,0
0.5,0,27.434957,-0.051704581,0,30.592367,0.00029363421,0
0.5,0,27.434159,-0.055106184,0,30.601596,0.0002752359,0
0.5,0,27.43276,-0.058315133,0,30.610824,0.00025574847,0
0.5,0,27.430962,-0.061385341,0,30.620053,0.00023523403,0
0.5,0,27.428823,-0.064254299,0,30.629281,0.00021377991,0
0.5,0,27.426308,-0.066817848,0,30.63851,0.00019151772,0
0.5,0,27.423422,-0.069011041,0,30.647738,0.00016863395,0
0.5,0,27.420347,-0.070858778,0,30.656967,0.00014535484,0
0.5,0,27.41753,-0.07246116,0,30.666195,0.0001219066,0
0.5,0,27.415675,-0.073879434,0,30.675424,9.8476546e-05,0
0.5,0,27.415679,-0.074958136,0,30.684652,7.520807e-05,0
0.5,0,27.418634,-0.075494916,0,30.693881,5.2239449e-05,0
0.5,0,27.426071,-0.075776934,0,30.703109,2.9728638e-05,0
0.5,0,27.438269,-0.074893189,0,30.712338,7.8287182e-06,0
0.5,0,27.618525,0.037811469,0,31.026105,4.5053456e-06,0
0.5,0,27.606034,0.034682374,0,31.035334,1.4914016e-05,0
0.5,0,27.596265,0.031202479,0,31.044562,2.5106302e-05,0
0.5,0,27.589763,0.028596867,0,31.053791,3.4994476e-05,0
0.5,0,27.585698,0.026523059,0,31.063019,4.4473235e-05,0
0.5,0,27.583352,0.024453706,0,31.072248,5.3462511e-05,0
0.5,0,27.582377,0.022162002,0,31.081476,6.1901253e-05,0
0.5,0,27.582372,0.019723997,0,31.090705,6.972122e-05,0
0.5,0,27.582659,0.01717777,0,31.099933,7.6854473e-05,0
0.5,0,27.582612,0.014513129,0,31.109162,8.32473e-05,0
0.5,0,27.581984,0.011813519,0,31.11839,8.8847924e-05,0
0.5,0,27.580932,0.0091550293,0,31.127619,9.3591753e-05,0
0.5,0,27.579859,0.0064641774,0,31.136847,9.7406647e-05,0
0.5,0,27.57929,0.0035779328,0,31.146075,0.00010022612,0
0.5,0,27.57979,0.00036799973,0,31.155304,0.00010199808,0
0.5,0,27.581893,-0.0032079298,0,31.164532,0.00010269061,0
0.5,0,27.585984,-0.0070779083,0,31.173761,0.0001022918,0
0.5,0,27.592216,-0.011065525,0,31.182989,0.00010079909,0
0.5,0,27.6005,-0.015011182,0,31.192218,9.8208685e-05,0
0.5,0,27.610604,-0.018902743,0,31.201446,9.4518136e-05,0
0.5,0,27.622248,-0.022834583,0,31.210675,8.9738143e-05,0
0.5,0,27.635153,-0.026828914,0,31.219903,8.390118e-05,0
0.5,0,27.649023,-0.030740353,0,31.229132,7.7064345e-05,0
0.5,0,27.663544,-0.034355102,0,31.23836,6.931101e-05,0
0.5,0,27.678417,-0.037566226,0,31.247589,6.0749197e-05,0
0.5,0,27.69341,-0.040440389,0,31.256817,5.1501333e-05,0
0.5,0,27.70842,-0.043112459,0,31.266046,4.1692069e-05,0
0.5,0,27.723567,-0.045647956,0,31.275274,3.1451185e-05,0
0.5,0,27.739284,-0.048059779,0,31.284502,2.0929656e-05,0
0.5,0,27.755669,-0.049831099,0,31.293731,1.0299788e-05,0
0.5,0,27.47129,0.036843049,0,31.524443,8.0871904e-06,0
0.5,0,27.457843,0.034994499,0,31.533671,1.6645971e-05,0
0.5,0,27.448414,0.033483757,0,31.5429,2.5225988e-05,0
0.5,0,27.442822,0.032606675,0,31.552128,3.3767603e-05,0
0.5,0,27.440044,0.032018441,0,31.561356,4.2202339e-05,0
0.5,0,27.438938,0.031285,0,31.570585,5.0496757e-05,0
0.5,0,27.439039,0.030283386,0,31.579813,5.8644431e-05,0
0.5,0,27.440549,0.029150513,0,31.589042,6.6639857e-05,0
0.5,0,27.443693,0.027941917,0,31.59827,7.4479353e-05,0
0.5,0,27.448288,0.026620703,0,31.607499,8.216471e-05,0
0.5,0,27.453813,0.025225939,0,31.616727,8.9683627e-05,0
0.5,0,27.459798,0.023838268,0,31.625956,9.6990799e-05,0
0.5,0,27.466094,0.022463656,0,31.635184,0.00010401363,0
0.5,0,27.47281,0.021073211,0,31.644413,0.00011066952,0
0.5,0,27.480023,0.01968233,0,31.653641,0.00011687598,0
0.5,0,27.487616,0.018297525,0,31.66287,0.00012255581,0
0.5,0,27.495392,0.016845408,0,31.672098,0.00012764109,0
0.5,0,27.503258,0.015221854,0,31.681327,0.00013206873,0
0.5,0,27.51123,0.013352309,0,31.690555,0.00013576879,0
0.5,0,27.519273,0.011145065,0,31.699783,0.00013866073,0
0.5,0,27.527196,0.0084529516,0,31.709012,0.00014066476,0
0.5,0,27.534684,0.0051809817,0,31.71824,0.00014171334,0
0.5,0,27.541416,0.0014380195,0,31.727469,0.00014174762,0
0.5,0,27.547125,-0.0024798253,0,31.736697,0.00014070473,0
0.5,0,27.551573,-0.006296139,0,31.745926,0.00013851272,0
0.5,0,27.554505,-0.0099472422,0,31.755154,0.00013509869,0
0.5,0,27.55569,-0.013587068,0,31.764383,0.00013040409,0
0.5,0,27.554986,-0.017436457,0,31.773611,0.00012439893,0
0.5,0,27.552397,-0.021614206,0,31.78284,0.00011709124,0
0.5,0,27.548086,-0.026052054,0,31.792068,0.00010853128,0
0.5,0,27.542338,-0.030540864,0,31.801297,9.8807583e-05,0
0.5,0,27.535567,-0.034880047,0,31.810525,8.8030563e-05,0
0.5,0,27.528376,-0.039006703,0,31.819754,7.630741e-05,0
0.5,0,27.521653,-0.04297628,0,31.828982,6.3724305e-05,0
0.5,0,27.516619,-0.046815691,0,31.83821,5.0355091e-05,0
0.5,0,27.514858,-0.050564748,0,31.847439,3.6296636e-05,0
0.5,0,27.518251,-0.054436291,0,31.856667,2.1684819e-05,0
0.5,0,27.527228,-0.057219635,0,31.865896,6.6693666e-06,0
0.5,0,27.599603,0.025653806,0,32.576488,2.1278793e-06,0
0.5,0,27.584211,0.026560551,0,32.585716,9.7183709e-06,0
0.5,0,27.572492,0.025994829,0,32.594945,1.7872371e-05,0
0.5,0,27.565469,0.025851967,0,32.604173,2.6549938e-05,0
0.5,0,27.562441,0.026180996,0,32.613402,3.5708329e-05,0
0.5,0,27.562488,0.026689754,0,32.62263,4.531135e-05,0
0.5,0,27.56489,0.027156024,0,32.631859,5.5332991e-05,0
0.5,0,27.569099,0.027555079,0,32.641087,6.5728867e-05,0
0.5,0,27.574648,0.027901406,0,32.650316,7.6428102e-05,0
0.5,0,27.581188,0.028212461,0,32.659544,8.73431e-05,0
0.5,0,27.588484,0.028568618,0,32.668772,9.8372151e-05,0
0.5,0,27.596312,0.02900925,0,32.678001,0.00010940051,0
0.5,0,27.604391,0.02939691,0,32.687229,0.00012031013,0
0.5,0,27.61236,0.029469434,0,32.696458,0.00013098829,0
0.5,0,27.619797,0.02900267,0,32.705686,0.00014132645,0
0.5,0,27.626236,0.027919425,0,32.714915,0.00015121446,0
0.5,0,27.631204,0.026303696,0,32.724143,0.00016053587,0
0.5,0,27.634268,0.024325176,0,32.733372,0.00016916604,0
0.5,0,27.635104,0.022103057,0,32.7426,0.00017697574,0
0.5,0,27.633547,0.019616163,0,32.751829,0.00018383979,0
0.5,0,27.62962,0.016748888,0,32.761057,0.00018964315,0
0.5,0,27.623461,0.013422145,0,32.770286,0.00019427835,0
0.5,0,27.615233,0.009668852,0,32.779514,0.00019763845,0
0.5,0,27.605024,0.0056125484,0,32.788743,0.00019961542,0
0.5,0,27.592811,0.001405384,0,32.797971,0.00020011002,0
0.5,0,27.578554,-0.0028205946,0,32.807199,0.00019905262,0
0.5,0,27.56228,-0.0069958261,0,32.816428,0.00019642117,0
0.5,0,27.544187,-0.011153271,0,32.825656,0.0001922411,0
0.5,0,27.524732,-0.015381136,0,32.834885,0.00018656722,0
0.5,0,27.504601,-0.019727763,0,32.844113,0.00017946098,0
0.5,0,27.484615,-0.02416441,0,32.853342,0.00017097718,0
0.5,0,27.465613,-0.028593663,0,32.86257,0.00016116463,0
0.5,0,27.448316,-0.032871668,0,32.871799,0.00015007565,0
0.5,0,27.433276,-0.036838388,0,32.881027,0.00013777529,0
0.5,0,27.420834,-0.040383036,0,32.890256,0.00012434183,0
0.5,0,27.411115,-0.043530249,0,32.899484,0.00010985492,0
0.5,0,27.404165,-0.046441913,0,32.908713,9.437977e-05,0
0.5,0,27.400073,-0.04927476,0,32.917941,7.7964368e-05,0
0.5,0,27.399099,-0.052022142,0,32.92717,6.0664031e-05,0
0.5,0,27.401907,-0.054752653,0,32.936398,4.2580073e-05,0
0.5,0,27.409758,-0.057878395,0,32.945626,2.3855235e-05,0
0.5,0,27.422603,-0.05991707,0,32.954855,4.64372e-06,0
0.5,0,27.564414,0.086930531,0,33.305537,8.5243133e-06,0
0.5,0,27.556826,0.084519032,0,33.314765,3.5661269e-05,0
0.5,0,27.554246,0.083034605,0,33.323994,6.2971822e-05,0
0.5,0,27.554712,0.08322608,0,33.333222,9.0315159e-05,0
0.5,0,27.555489,0.084019349,0,33.342451,0.00011757343,0
0.5,0,27.555251,0.084344695,0,33.351679,0.00014466263,0
0.5,0,27.5543,0.083854375,0,33.360907,0.00017148592,0
0.5,0,27.553261,0.082639722,0,33.370136,0.00019787227,0
0.5,0,27.552134,0.080575635,0,33.379364,0.00022360278,0
0.5,0,27.550487,0.077570287,0,33.388593,0.00024844344,0
0.5,0,27.548012,0.073821263,0,33.397821,0.00027213288,0
0.5,0,27.544718,0.069425981,0,33.40705,0.00029438271,0
0.5,0,27.5407,0.064126634,0,33.416278,0.00031490902,0
0.5,0,27.535853,0.057608176,0,33.425507,0.00033344938,0
0.5,0,27.52988,0.049783211,0,33.434735,0.00034975801,0
0.5,0,27.522639,0.040776929,0,33.443964,0.0003636109,0
0.5,0,27.51441,0.030912943,0,33.453192,0.00037482035,0
0.5,0,27.505759,0.020725626,0,33.462421,0.00038323778,0
0.5,0,27.497161,0.01074457,0,33.471649,0.00038875558,0
0.5,0,27.488833,0.0011935026,0,33.480878,0.00039132824,0
0.5,0,27.480861,-0.0079891691,0,33.490106,0.00039099506,0
0.5,0,27.473354,-0.016825884,0,33.499334,0.00038787066,0
0.5,0,27.466451,-0.025099243,0,33.508563,0.00038210739,0
0.5,0,27.460222,-0.032471227,0,33.517791,0.00037386604,0
0.5,0,27.454613,-0.038698365,0,33.52702,0.00036331495,0
0.5,0,27.449534,-0.04371199,0,33.536248,0.00035064447,0
0.5,0,27.444957,-0.047604634,0,33.545477,0.00033607262,0
0.5,0,27.440981,-0.050622614,0,33.554705,0.00031983311,0
0.5,0,27.437844,-0.05312335,0,33.563934,0.00030215178,0
0.5,0,27.435899,-0.055453505,0,33.573162,0.00028322333,0
0.5,0,27.435565,-0.057819498,0,33.582391,0.0002631973,0
0.5,0,27.437246,-0.060239008,0,33.591619,0.00024217747,0
0.5,0,27.441221,-0.062591084,0,33.600848,0.00022023336,0
0.5,0,27.447521,-0.064752955,0,33.610076,0.00019741922,0
0.5,0,27.455889,-0.066768948,0,33.619305,0.00017379016,0
0.5,0,27.465857,-0.068906689,0,33.628533,0.00014940473,0
0.5,0,27.47694,-0.071505184,0,33.637761,0.00012431371,0
0.5,0,27.488835,-0.074661883,0,33.64699,9.8552515e-05,0
0.5,0,27.501621,-0.078165739,0,33.656218,7.2167477e-05,0
0.5,0,27.516282,-0.08219432,0,33.665447,4.5255667e-05,0
0.5,0,27.534247,-0.08687294,0,33.674675,1.7941434e-05,0
0.5,0,27.401414,0.094421528,0,33.979215,8.0203406e-07,0
0.5,0,27.377469,0.09188889,0,33.988443,2.7614504e-05,0
0.5,0,27.358834,0.088321574,0,33.997672,5.4297584e-05,0
0.5,0,27.345778,0.085777313,0,34.0069,8.0649356e-05,0
0.5,0,27.336707,0.08339152,0,34.016129,0.00010645368,0
0.5,0,27.330336,0.080358733,0,34.025357,0.00013153186,0
0.5,0,27.326349,0.076324488,0,34.034586,0.00015574512,0
0.5,0,27.324925,0.071601837,0,34.043814,0.00017893356,0
0.5,0,27.325769,0.066422463,0,34.053042,0.00020092183,0
0.5,0,27.328031,0.060778138,0,34.062271,0.00022156508,0
0.5,0,27.330912,0.054848865,0,34.071499,0.00024074413,0
0.5,0,27.334086,0.048965351,0,34.080728,0.00025833231,0
0.5,0,27.337632,0.043246193,0,34.089956,0.00027419388,0
0.5,0,27.341677,0.037602743,0,34.099185,0.00028820297,0
0.5,0,27.34614,0.031971196,0,34.108413,0.00030025324,0
0.5,0,27.350814,0.026317969,0,34.117642,0.00031026787,0
0.5,0,27.355613,0.020560642,0,34.12687,0.00031821624,0
0.5,0,27.360607,0.014667957,0,34.136099,0.00032411314,0
0.5,0,27.365835,0.0087314107,0,34.145327,0.00032799316,0
0.5,0,27.371141,0.0028038834,0,34.154556,0.0003298898,0
0.5,0,27.376285,-0.0032459123,0,34.163784,0.00032983691,0
0.5,0,27.381133,-0.0095954315,0,34.173013,0.00032787186,0
0.5,0,27.385668,-0.016217951,0,34.182241,0.00032402178,0
0.5,0,27.389886,-0.02284857,0,34.191469,0.00031828933,0
0.5,0,27.393707,-0.029183699,0,34.200698,0.00031065927,0
0.5,0,27.397048,-0.035068973,0,34.209926,0.00030111878,0
0.5,0,27.399947,-0.040537146,0,34.219155,0.00028966881,0
0.5,0,27.402621,-0.045755048,0,34.228383,0.00027632089,0
0.5,0,27.405408,-0.0509481,0,34.237612,0.00026109367,0
0.5,0,27.408679,-0.056300195,0,34.24684,0.00024402035,0
0.5,0,27.412756,-0.061837135,0,34.256069,0.00022516294,0
0.5,0,27.417864,-0.067368649,0,34.265297,0.00020462279,0
0.5,0,27.424092,-0.072574538,0,34.274526,0.00018254021,0
0.5,0,27.431384,-0.077214967,0,34.283754,0.00015908088,0
0.5,0,27.439587,-0.081306839,0,34.292983,0.00013441704,0
0.5,0,27.448563,-0.085066917,0,34.302211,0.00010871979,0
0.5,0,27.458377,-0.088628633,0,34.31144,8.2177879e-05,0
0.5,0,27.469622,-0.09211527,0,34.320668,5.5031018e-05,0
0.5,0,27.483624,-0.095861646,0,34.329896,2.7550719e-05,0
0.5,0,27.499642,-0.097116877,0,34.339125,3.8416912e-09,0
0.5,0,27.430519,0.083610621,0,34.662121,1.5595793e-05,0
0.5,0,27.424391,0.081237023,0,34.67135,4.0446865e-05,0
0.5,0,27.422648,0.079978394,0,34.680578,6.5498967e-05,0
0.5,0,27.423669,0.079464389,0,34.689807,9.0616213e-05,0
0.5,0,27.425505,0.079045912,0,34.699035,0.0001156749,0
0.5,0,27.426937,0.078167614,0,34.708264,0.000140593,0
0.5,0,27.427644,0.076860307,0,34.717492,0.00016527642,0
0.5,0,27.427328,0.075249161,0,34.726721,0.00018957508,0
0.5,0,27.425415,0.073100028,0,34.735949,0.0002133088,0
0.5,0,27.421566,0.070256309,0,34.745177,0.00023628233,0
0.5,0,27.41614,0.066913671,0,34.754406,0.00025826881,0
0.5,0,27.410104,0.063269037,0,34.763634,0.00027901999,0
0.5,0,27.404563,0.059265252,0,34.772863,0.00029830561,0
0.5,0,27.400327,0.05472205,0,34.782091,0.00031593395,0
0.5,0,27.397834,0.049445672,0,34.79132,0.00033174625,0
0.5,0,27.397343,0.043243394,0,34.800548,0.00034560938,0
0.5,0,27.399078,0.036086538,0,34.809777,0.00035740697,0
0.5,0,27.403111,0.028265559,0,34.819005,0.00036702299,0
0.5,0,27.409216,0.020222308,0,34.828234,0.00037433753,0
0.5,0,27.416924,0.012228581,0,34.837462,0.00037924991,0
0.5,0,27.425743,0.0043176792,0,34.846691,0.00038170601,0
0.5,0,27.43528,-0.0035230125,0,34.855919,0.00038169921,0
0.5,0,27.445227,-0.011220759,0,34.865148,0.00037924956,0
0.5,0,27.455308,-0.018674205,0,34.874376,0.00037438838,0
0.5,0,27.465309,-0.025824713,0,34.883604,0.00036716037,0
0.5,0,27.475132,-0.032622935,0,34.892833,0.00035763408,0
0.5,0,27.484779,-0.038992084,0,34.902061,0.00034591074,0
0.5,0,27.494301,-0.044883976,0,34.91129,0.000332128,0
0.5,0,27.503763,-0.050351806,0,34.920518,0.00031645534,0
0.5,0,27.513259,-0.055522989,0,34.929747,0.00029907767,0
0.5,0,27.522931,-0.060479578,0,34.938975,0.00028017119,0
0.5,0,27.532921,-0.065153548,0,34.948204,0.00025988384,0
0.5,0,27.54327,-0.069325705,0,34.957432,0.00023833243,0
0.5,0,27.553834,-0.072745998,0,34.966661,0.00021562095,0
0.5,0,27.564301,-0.07532174,0,34.975889,0.00019186969,0
0.5,0,27.57434,-0.077238874,0,34.985118,0.00016723177,0
0.5,0,27.583802,-0.078881308,0,34.994346,0.00014188021,0
0.5,0,27.59285,-0.080576933,0,35.003575,0.00011597726,0
0.5,0,27.601987,-0.082328072,0,35.012803,8.9661867e-05,0
0.5,0,27.612063,-0.083968969,0,35.022031,6.3080391e-05,0
0.5,0,27.624621,-0.085863579,0,35.03126,3.6410066e-05,0
0.5,0,27.640477,-0.087370338,0,35.040488,9.8222388e-06,0
0.5,0,27.463575,0.094096653,0,35.400399,7.4047355e-06,0
0.5,0,27.445243,0.092780616,0,35.409627,3.5598501e-05,0
0.5,0,27.431122,0.091398344,0,35.418856,6.4175695e-05,0
0.5,0,27.420291,0.090686497,0,35.428084,9.2895099e-05,0
0.5,0,27.410845,0.089845607,0,35.437313,0.00012152124,0
0.5,0,27.401745,0.088209952,0,35.446541,0.00014986723,0
0.5,0,27.393232,0.085776963,0,35.455769,0.00017777334,0
0.5,0,27.385883,0.08292431,0,35.464998,0.00020504475,0
0.5,0,27.379796,0.079663457,0,35.474226,0.00023146676,0
0.5,0,27.374734,0.075865319,0,35.483455,0.00025683326,0
0.5,0,27.370562,0.071675889,0,35.492683,0.00028093308,0
0.5,0,27.367356,0.067271173,0,35.501912,0.00030354832,0
0.5,0,27.365204,0.062561914,0,35.51114,0.00032448657,0
0.5,0,27.363994,0.057349043,0,35.520369,0.00034359728,0
0.5,0,27.363449,0.051501231,0,35.529597,0.00036075325,0
0.5,0,27.363392,0.044905524,0,35.538826,0.00037583002,0
0.5,0,27.363957,0.037505819,0,35.548054,0.00038869661,0
0.5,0,27.36549,0.029457651,0,35.557283,0.00039920804,0
0.5,0,27.368297,0.02105306,0,35.566511,0.00040721066,0
0.5,0,27.372526,0.012442265,0,35.57574,0.00041257566,0
0.5,0,27.378249,0.0035690206,0,35.584968,0.00041523759,0
0.5,0,27.385506,-0.0055831627,0,35.594196,0.0004151981,0
0.5,0,27.394225,-0.014795045,0,35.603425,0.00041249345,0
0.5,0,27.404144,-0.023708963,0,35.612653,0.00040716398,0
0.5,0,27.414833,-0.032051224,0,35.621882,0.00039925168,0
0.5,0,27.425824,-0.039716253,0,35.63111,0.00038881918,0
0.5,0,27.436734,-0.046696492,0,35.640339,0.00037597139,0
0.5,0,27.447312,-0.053003138,0,35.649567,0.00036086981,0
0.5,0,27.457464,-0.058645028,0,35.658796,0.00034373497,0
0.5,0,27.467258,-0.063632118,0,35.668024,0.00032483209,0
0.5,0,27.476905,-0.067964418,0,35.677253,0.00030444195,0
0.5,0,27.486689,-0.071607711,0,35.686481,0.00028283032,0
0.5,0,27.496841,-0.074486234,0,35.69571,0.00026023174,0
0.5,0,27.507427,-0.076514278,0,35.704938,0.0002368542,0
0.5,0,27.518313,-0.077645118,0,35.714167,0.00021289827,0
0.5,0,27.529243,-0.077895447,0,35.723395,0.00018857519,0
0.5,0,27.539975,-0.077340287,0,35.732623,0.00016410536,0
0.5,0,27.550418,-0.076106739,0,35.741852,0.00013969315,0
0.5,0,27.560724,-0.074385289,0,35.75108,0.00011549787,0
0.5,0,27.571336,-0.072392513,0,35.760309,9.1629879e-05,0
0.5,0,27.583007,-0.070302571,0,35.769537,6.8185428e-05,0
0.5,0,27.596948,-0.068476019,0,35.778766,4.5288431e-05,0
0.5,0,27.614751,-0.067454007,0,35.787994,2.307414e-05,0
0.5,0,27.635912,-0.064925271,0,35.797223,1.6623637e-06,0
0.5,0,27.54362,0.039309108,0,36.230961,1.4379949e-06,0
0.5,0,27.538801,0.03934333,0,36.240189,1.330462e-05,0
0.5,0,27.536746,0.038228637,0,36.249418,2.5347662e-05,0
0.5,0,27.537872,0.037892038,0,36.258646,3.752999e-05,0
0.5,0,27.540685,0.038035554,0,36.267875,4.979528e-05,0
0.5,0,27.543791,0.038172143,0,36.277103,6.2094298e-05,0
0.5,0,27.546609,0.038057738,0,36.286331,7.4404668e-05,0
0.5,0,27.549184,0.037803211,0,36.29556,8.6704684e-05,0
0.5,0,27.551593,0.037522294,0,36.304788,9.8965985e-05,0
0.5,0,27.553763,0.03718474,0,36.314017,0.00011116646,0
0.5,0,27.555645,0.036802051,0,36.323245,0.00012328475,0
0.5,0,27.557322,0.036460175,0,36.332474,0.00013528559,0
0.5,0,27.558911,0.036183529,0,36.341702,0.00014712341,0
0.5,0,27.560428,0.035923087,0,36.350931,0.00015875611,0
0.5,0,27.561768,0.035630594,0,36.360159,0.00017014947,0
0.5,0,27.562817,0.035241387,0,36.369388,0.00018127302,0
0.5,0,27.563578,0.034640536,0,36.378616,0.00019209379,0
0.5,0,27.564181,0.033725319,0,36.387845,0.00020256534,0
0.5,0,27.564792,0.032457944,0,36.397073,0.00021261689,0
0.5,0,27.565524,0.030809279,0,36.406302,0.00022215659,0
0.5,0,27.566438,0.028706116,0,36.41553,0.00023109014,0
0.5,0,27.567582,0.026096744,0,36.424758,0.00023933507,0
0.5,0,27.568976,0.023043672,0,36.433987,0.00024681551,0
0.5,0,27.570584,0.019699947,0,36.443215,0.0002534455,0
0.5,0,27.57231,0.016196475,0,36.452444,0.00025911938,0
0.5,0,27.574026,0.012576961,0,36.461672,0.00026371764,0
0.5,0,27.575603,0.0088249973,0,36.470901,0.00026712301,0
0.5,0,27.576912,0.0049119759,0,36.480129,0.00026923845,0
0.5,0,27.577817,0.00081386899,0,36.489358,0.0002700003,0
0.5,0,27.578193,-0.0034838533,0,36.498586,0.00026938164,0
0.5,0,27.577965,-0.0079654212,0,36.507815,0.00026738395,0
0.5,0,27.577141,-0.012558829,0,36.517043,0.00026402137,0
0.5,0,27.575825,-0.017142567,0,36.526272,0.00025930692,0
0.5,0,27.574189,-0.021593622,0,36.5355,0.00025324929,0
0.5,0,27.572429,-0.025836557,0,36.544729,0.00024586205,0
0.5,0,27.570699,-0.029848423,0,36.553957,0.00023718002,0
0.5,0,27.569056,-0.033617719,0,36.563185,0.00022727154,0
0.5,0,27.56744,-0.037108642,0,36.572414,0.00021623682,0
0.5,0,27.565704,-0.040278851,0,36.581642,0.00020419285,0
0.5,0,27.563704,-0.04313049,0,36.590871,0.00019125552,0
0.5,0,27.561401,-0.045722356,0,36.600099,0.0001775303,0
0.5,0,27.5589,-0.048106423,0,36.609328,0.00016311396,0
0.5,0,27.556397,-0.050240002,0,36.618556,0.00014810219,0
0.5,0,27.554061,-0.05197202,0,36.627785,0.0001325984,0
0.5,0,27.551913,-0.053150997,0,36.637013,0.00011672077,0
0.5,0,27.54981,-0.053779739,0,36.646242,0.00010060282,0
0.5,0,27.547528,-0.054067695,0,36.65547,8.4384098e-05,0
0.5,0,27.5449,-0.054300162,0,36.664699,6.8195812e-05,0
0.5,0,27.541951,-0.05462062,0,36.673927,5.2154315e-05,0
0.5,0,27.539051,-0.055062449,0,36.683156,3.6367736e-05,0
0.5,0,27.536956,-0.055709782,0,36.692384,2.0928454e-05,0
0.5,0,27.535347,-0.055336586,0,36.701612,5.8918937e-06,0
0.5,0,27.398742,0.04986965,0,37.052294,1.287734e-05,0
0.5,0,27.393984,0.047852906,0,37.061523,2.7437181e-05,0
0.5,0,27.392697,0.046160901,0,37.070751,4.1847606e-05,0
0.5,0,27.394004,0.044650102,0,37.07998,5.5959849e-05,0
0.5,0,27.396717,0.042875195,0,37.089208,6.9640293e-05,0
0.5,0,27.400161,0.04049789,0,37.098437,8.2806336e-05,0
0.5,0,27.404265,0.037614441,0,37.107665,9.5395525e-05,0
0.5,0,27.409011,0.034483575,0,37.116893,0.00010733413,0
0.5,0,27.414132,0.031230646,0,37.126122,0.00011854343,0
0.5,0,27.419291,0.027995207,0,37.13535,0.00012894454,0
0.5,0,27.424299,0.025004135,0,37.144579,0.00013845195,0
0.5,0,27.429105,0.022358573,0,37.153807,0.00014698312,0
0.5,0,27.433644,0.019926617,0,37.163036,0.00015447977,0
0.5,0,27.437749,0.017478866,0,37.172264,0.00016091174,0
0.5,0,27.441242,0.014809887,0,37.181493,0.00016626116,0
0.5,0,27.444129,0.011759779,0,37.190721,0.00017050488,0
0.5,0,27.446659,0.0082593061,0,37.19995,0.00017360223,0
0.5,0,27.449182,0.0043682928,0,37.209178,0.00017548806,0
0.5,0,27.451936,0.00019453345,0,37.218407,0.00017608091,0
0.5,0,27.455001,-0.0042203197,0,37.227635,0.00017530924,0
0.5,0,27.458366,-0.0088801634,0,37.236864,0.00017313611,0
0.5,0,27.461959,-0.013716148,0,37.246092,0.00016955892,0
0.5,0,27.465607,-0.018550166,0,37.25532,0.00016458715,0
0.5,0,27.46898,-0.023187519,0,37.264549,0.00015822253,0
0.5,0,27.471606,-0.027513331,0,37.273777,0.00015045891,0
0.5,0,27.472974,-0.031496558,0,37.283006,0.00014129975,0
0.5,0,27.472622,-0.035141035,0,37.292234,0.00013078092,0
0.5,0,27.470196,-0.038466201,0,37.301463,0.000118987,0
0.5,0,27.465509,-0.041531228,0,37.310691,0.00010605217,0
0.5,0,27.458601,-0.044443794,0,37.31992,9.2142342e-05,0
0.5,0,27.44982,-0.047302967,0,37.329148,7.7427978e-05,0
0.5,0,27.439839,-0.050080274,0,37.338377,6.2067123e-05,0
0.5,0,27.429644,-0.052624607,0,37.347605,4.6214453e-05,0
0.5,0,27.420592,-0.05496546,0,37.356834,3.0037976e-05,0
0.5,0,27.413711,-0.056938295,0,37.366062,1.3707134e-05,0
0.5,0,27.169739,0.053819448,0,37.725972,1.3737114e-05,0
0.5,0,27.158885,0.053110514,0,37.735201,3.0797975e-05,0
0.5,0,27.145932,0.052527597,0,37.744429,4.7911527e-05,0
0.5,0,27.139871,0.052020697,0,37.753658,6.4877387e-05,0
0.5,0,27.112932,0.050389314,0,37.762886,8.126873e-05,0
0.5,0,27.119059,0.048014993,0,37.772115,9.6931472e-05,0
0.5,0,27.022057,0.041131739,0,37.781343,0.00011067874,0
0.5,0,27.118247,0.035319131,0,37.790572,0.00012290622,0
0.5,0,27.348583,0.035648723,0,37.7998,0.00012908896,0
