"f","p","u.x:0","u.x:1","u.x:2","Points:0","Points:1","Points:2"
0.5,0,26.709189,-0.038359868,0,-37.790572,-1.0389329e-05,0
0.5,0,26.705811,-0.04267707,0,-37.7998,-1.0578194e-05,0
0.5,0,26.703946,-0.033617021,0,-37.781343,-1.0057152e-05,0
0.5,0,26.693153,-0.031627152,0,-37.772115,-9.9579611e-06,0
0.5,0,26.69384,-0.029666495,0,-37.762886,-1.0161434e-05,0
0.5,0,26.697581,-0.030049586,0,-37.753658,-1.0370554e-05,0
0.5,0,26.694944,-0.03070602,0,-37.744429,-1.0381091e-05,0
0.5,0,26.687561,-0.029368354,0,-37.735201,-1.0399519e-05,0
0.5,0,26.68433,-0.027294094,0,-37.725972,-1.0627295e-05,0
0.5,0,26.689674,-0.026467102,0,-37.716744,-1.0960692e-05,0
0.5,0,26.699419,-0.027011118,0,-37.707515,-1.1192732e-05,0
0.5,0,26.707399,-0.028097663,0,-37.698287,-1.1212684e-05,0
0.5,0,26.711645,-0.029034142,0,-37.689058,-1.1016166e-05,0
0.5,0,26.714132,-0.029294165,0,-37.67983,-1.0681786e-05,0
0.5,0,26.717212,-0.028604014,0,-37.670601,-1.0348791e-05,0
0.5,0,26.721039,-0.027217061,0,-37.661373,-1.0145015e-05,0
0.5,0,26.723452,-0.025747937,0,-37.652145,-1.0118398e-05,0
0.5,0,26.724989,-0.024538933,0,-37.642916,-1.0252368e-05,0
0.5,0,26.725337,-0.023549793,0,-37.633688,-1.0502678e-05,0
0.5,0,26.724946,-0.022876062,0,-37.624459,-1.0816139e-05,0
0.5,0,26.726596,-0.022747362,0,-37.615231,-1.1133197e-05,0
0.5,0,26.729607,-0.023188849,0,-37.606002,-1.1378055e-05,0
0.5,0,26.732765,-0.02392288,0,-37.596774,-1.1487379e-05,0
0.5,0,26.735002,-0.024518843,0,-37.587545,-1.1447849e-05,0
0.5,0,26.735765,-0.02470515,0,-37.578317,-1.1294561e-05,0
0.5,0,26.735298,-0.024529519,0,-37.569088,-1.1075268e-05,0
0.5,0,26.734154,-0.024221313,0,-37.55986,-1.0819428e-05,0
0.5,0,26.732612,-0.023958651,0,-37.550631,-1.0536532e-05,0
0.5,0,26.730718,-0.023738897,0,-37.541403,-1.0233658e-05,0
0.5,0,26.728512,-0.023410403,0,-37.532174,-9.930959e-06,0
0.5,0,26.726319,-0.022827147,0,-37.522946,-9.6660672e-06,0
0.5,0,26.724493,-0.021987117,0,-37.513718,-9.486725e-06,0
0.5,0,26.723152,-0.021075347,0,-37.504489,-9.4269039e-06,0
0.5,0,26.722136,-0.020391185,0,-37.495261,-9.4764873e-06,0
0.5,0,26.720833,-0.020180474,0,-37.486032,-9.5739452e-06,0
0.5,0,26.718895,-0.020474596,0,-37.476804,-9.6330094e-06,0
0.5,0,26.716735,-0.021058577,0,-37.467575,-9.5852601e-06,0
0.5,0,26.715192,-0.021602997,0,-37.458347,-9.4112653e-06,0
0.5,0,26.715032,-0.021874491,0,-37.449118,-9.1412181e-06,0
0.5,0,26.716752,-0.021857239,0,-37.43989,-8.827063e-06,0
0.5,0,26.720557,-0.021694709,0,-37.430661,-8.5086989e-06,0
0.5,0,26.726272,-0.021542635,0,-37.421433,-8.1970764e-06,0
0.5,0,26.733337,-0.021473026,0,-37.412204,-7.8794361e-06,0
0.5,0,26.740867,-0.021466866,0,-37.402976,-7.5380909e-06,0
0.5,0,26.747954,-0.021461193,0,-37.393747,-7.1697596e-06,0
0.5,0,26.753618,-0.021376836,0,-37.384519,-6.7947707e-06,0
0.5,0,26.757671,-0.021166201,0,-37.375291,-6.452797e-06,0
0.5,0,26.759758,-0.020818036,0,-37.366062,-6.1889243e-06,0
0.5,0,26.760345,-0.020388199,0,-37.356834,-6.0361651e-06,0
0.5,0,26.759842,-0.020022214,0,-37.347605,-6.002274e-06,0
0.5,0,26.758034,-0.019866276,0,-37.338377,-6.0701867e-06,0
0.5,0,26.755638,-0.019965939,0,-37.329148,-6.2053401e-06,0
0.5,0,26.75292,-0.020225283,0,-37.31992,-6.3664285e-06,0
0.5,0,26.75045,-0.020473288,0,-37.310691,-6.5219384e-06,0
0.5,0,26.748915,-0.020577879,0,-37.301463,-6.6576343e-06,0
0.5,0,26.748612,-0.020548855,0,-37.292234,-6.7688104e-06,0
0.5,0,26.749382,-0.020523421,0,-37.283006,-6.8492314e-06,0
0.5,0,26.750799,-0.020671487,0,-37.273777,-6.8865409e-06,0
0.5,0,26.752397,-0.021054119,0,-37.264549,-6.8671047e-06,0
0.5,0,26.753798,-0.02153607,0,-37.25532,-6.787412e-06,0
0.5,0,26.754744,-0.021946462,0,-37.246092,-6.6618989e-06,0
0.5,0,26.755101,-0.022207005,0,-37.236864,-6.5205339e-06,0
0.5,0,26.7553,-0.022271019,0,-37.227635,-6.398476e-06,0
0.5,0,26.754331,-0.022163238,0,-37.218407,-6.3278556e-06,0
0.5,0,26.752313,-0.021909554,0,-37.209178,-6.3347594e-06,0
0.5,0,26.749661,-0.021508562,0,-37.19995,-6.4344094e-06,0
0.5,0,26.748276,-0.021110284,0,-37.190721,-6.6239254e-06,0
0.5,0,26.749451,-0.020839334,0,-37.181493,-6.8841037e-06,0
0.5,0,26.751123,-0.020642757,0,-37.172264,-7.194021e-06,0
0.5,0,26.752499,-0.020421013,0,-37.163036,-7.5433349e-06,0
0.5,0,26.752822,-0.020140121,0,-37.153807,-7.9289752e-06,0
0.5,0,26.751822,-0.01987713,0,-37.144579,-8.3423442e-06,0
0.5,0,26.749672,-0.019737762,0,-37.13535,-8.7633655e-06,0
0.5,0,26.746849,-0.019774951,0,-37.126122,-9.1645989e-06,0
0.5,0,26.743936,-0.019959055,0,-37.116893,-9.5192095e-06,0
0.5,0,26.741516,-0.020188065,0,-37.107665,-9.8093906e-06,0
0.5,0,26.740117,-0.020336017,0,-37.098437,-1.003315e-05,0
0.5,0,26.740089,-0.020313891,0,-37.089208,-1.0206845e-05,0
0.5,0,26.741492,-0.020098898,0,-37.07998,-1.0361703e-05,0
0.5,0,26.744048,-0.0197167,0,-37.070751,-1.0534396e-05,0
0.5,0,26.747251,-0.019236481,0,-37.061523,-1.0755304e-05,0
0.5,0,26.750636,-0.018690141,0,-37.052294,-1.1039316e-05,0
0.5,0,26.753866,-0.018136498,0,-37.043066,-1.1388704e-05,0
0.5,0,26.756659,-0.017667707,0,-37.033837,-1.1795045e-05,0
0.5,0,26.758912,-0.017303609,0,-37.024609,-1.2237507e-05,0
0.5,0,26.760803,-0.017061531,0,-37.01538,-1.2689384e-05,0
0.5,0,26.76255,-0.016980412,0,-37.006152,-1.3123821e-05,0
0.5,0,26.764172,-0.017058848,0,-36.996923,-1.351731e-05,0
0.5,0,26.765504,-0.017263998,0,-36.987695,-1.3852547e-05,0
0.5,0,26.766342,-0.017528413,0,-36.978466,-1.411813e-05,0
0.5,0,26.766582,-0.017810784,0,-36.969238,-1.4312853e-05,0
0.5,0,26.766239,-0.018089468,0,-36.96001,-1.4449319e-05,0
0.5,0,26.76542,-0.018265707,0,-36.950781,-1.4550663e-05,0
0.5,0,26.764317,-0.018272904,0,-36.941553,-1.4645152e-05,0
0.5,0,26.763133,-0.018109174,0,-36.932324,-1.4758809e-05,0
0.5,0,26.762015,-0.017786294,0,-36.923096,-1.4913298e-05,0
0.5,0,26.761145,-0.01734162,0,-36.913867,-1.5123725e-05,0
0.5,0,26.760737,-0.01684115,0,-36.904639,-1.5393582e-05,0
0.5,0,26.760876,-0.016375566,0,-36.89541,-1.5712543e-05,0
0.5,0,26.761509,-0.016074994,0,-36.886182,-1.6057105e-05,0
0.5,0,26.76258,-0.016038748,0,-36.876953,-1.639539e-05,0
0.5,0,26.763962,-0.016272788,0,-36.867725,-1.6694251e-05,0
0.5,0,26.765356,-0.016707408,0,-36.858496,-1.6926646e-05,0
0.5,0,26.766424,-0.017206636,0,-36.849268,-1.7079337e-05,0
0.5,0,26.766968,-0.017592969,0,-36.840039,-1.7160414e-05,0
0.5,0,26.76695,-0.017788582,0,-36.830811,-1.719349e-05,0
0.5,0,26.766466,-0.01780014,0,-36.821583,-1.7202375e-05,0
0.5,0,26.765734,-0.017614312,0,-36.812354,-1.7207995e-05,0
0.5,0,26.765076,-0.017271139,0,-36.803126,-1.7228348e-05,0
0.5,0,26.764866,-0.0168638,0,-36.793897,-1.7276423e-05,0
0.5,0,26.765447,-0.016464434,0,-36.784669,-1.7358671e-05,0
0.5,0,26.767014,-0.01617242,0,-36.77544,-1.7476827e-05,0
0.5,0,26.769562,-0.016081335,0,-36.766212,-1.7628075e-05,0
0.5,0,26.772908,-0.016175754,0,-36.756983,-1.78037e-05,0
0.5,0,26.776746,-0.016395345,0,-36.747755,-1.7992697e-05,0
0.5,0,26.780711,-0.016694929,0,-36.738526,-1.8182508e-05,0
0.5,0,26.784468,-0.017017572,0,-36.729298,-1.8357256e-05,0
0.5,0,26.787795,-0.017286075,0,-36.720069,-1.8497734e-05,0
0.5,0,26.790599,-0.017421463,0,-36.710841,-1.8585957e-05,0
0.5,0,26.79289,-0.017384237,0,-36.701612,-1.8611913e-05,0
0.5,0,26.794707,-0.017195967,0,-36.692384,-1.8580087e-05,0
0.5,0,26.796051,-0.016899467,0,-36.683156,-1.8515311e-05,0
0.5,0,26.796878,-0.016506311,0,-36.673927,-1.8452483e-05,0
0.5,0,26.797068,-0.016055726,0,-36.664699,-1.8417618e-05,0
0.5,0,26.796539,-0.015655211,0,-36.65547,-1.8417761e-05,0
0.5,0,26.795051,-0.015432673,0,-36.646242,-1.8440731e-05,0
0.5,0,26.792965,-0.015458395,0,-36.637013,-1.8463802e-05,0
0.5,0,26.789299,-0.015736948,0,-36.627785,-1.8465967e-05,0
0.5,0,26.783665,-0.016167503,0,-36.618556,-1.8435387e-05,0
0.5,0,26.777718,-0.016494464,0,-36.609328,-1.8369764e-05,0
0.5,0,26.772487,-0.016565798,0,-36.600099,-1.8265503e-05,0
0.5,0,26.76855,-0.016417668,0,-36.590871,-1.8119131e-05,0
0.5,0,26.765623,-0.016092723,0,-36.581642,-1.7939839e-05,0
0.5,0,26.763027,-0.015621538,0,-36.572414,-1.7748536e-05,0
0.5,0,26.76042,-0.015073346,0,-36.563185,-1.7573697e-05,0
0.5,0,26.757767,-0.014569466,0,-36.553957,-1.7441317e-05,0
0.5,0,26.755029,-0.014197701,0,-36.544729,-1.7363796e-05,0
0.5,0,26.752396,-0.013990618,0,-36.5355,-1.7334892e-05,0
0.5,0,26.750111,-0.01396601,0,-36.526272,-1.733483e-05,0
0.5,0,26.748249,-0.01408027,0,-36.517043,-1.7340241e-05,0
0.5,0,26.746805,-0.014276956,0,-36.507815,-1.7328237e-05,0
0.5,0,26.745771,-0.01449814,0,-36.498586,-1.7284323e-05,0
0.5,0,26.745223,-0.014638483,0,-36.489358,-1.7205844e-05,0
0.5,0,26.744884,-0.014617694,0,-36.480129,-1.709501e-05,0
0.5,0,26.744648,-0.01442998,0,-36.470901,-1.695873e-05,0
0.5,0,26.74419,-0.014101521,0,-36.461672,-1.6814136e-05,0
0.5,0,26.743101,-0.013679079,0,-36.452444,-1.6687099e-05,0
0.5,0,26.741663,-0.01323115,0,-36.443215,-1.6599237e-05,0
0.5,0,26.740135,-0.012798107,0,-36.433987,-1.6558282e-05,0
0.5,0,26.738838,-0.012455923,0,-36.424758,-1.6557598e-05,0
0.5,0,26.737936,-0.012350024,0,-36.41553,-1.6577986e-05,0
0.5,0,26.737422,-0.012522639,0,-36.406302,-1.6595022e-05,0
0.5,0,26.737182,-0.012845342,0,-36.397073,-1.658696e-05,0
0.5,0,26.737096,-0.013188762,0,-36.387845,-1.6537023e-05,0
0.5,0,26.737177,-0.013495042,0,-36.378616,-1.6438819e-05,0
0.5,0,26.737466,-0.013688167,0,-36.369388,-1.6300424e-05,0
0.5,0,26.737933,-0.013682413,0,-36.360159,-1.614153e-05,0
0.5,0,26.738481,-0.013448734,0,-36.350931,-1.5983983e-05,0
0.5,0,26.738991,-0.013027317,0,-36.341702,-1.5839331e-05,0
0.5,0,26.739364,-0.012514552,0,-36.332474,-1.5711219e-05,0
0.5,0,26.739556,-0.012056452,0,-36.323245,-1.5601847e-05,0
0.5,0,26.739606,-0.011737364,0,-36.314017,-1.5507941e-05,0
0.5,0,26.739551,-0.01151727,0,-36.304788,-1.5418985e-05,0
0.5,0,26.739395,-0.011396354,0,-36.29556,-1.5321944e-05,0
0.5,0,26.739184,-0.011435294,0,-36.286331,-1.5204198e-05,0
0.5,0,26.739022,-0.011601767,0,-36.277103,-1.5052412e-05,0
0.5,0,26.738955,-0.011782888,0,-36.267875,-1.4857377e-05,0
0.5,0,26.738969,-0.011882503,0,-36.258646,-1.4623464e-05,0
0.5,0,26.739137,-0.011851147,0,-36.249418,-1.4369326e-05,0
0.5,0,26.739488,-0.011688572,0,-36.240189,-1.4119231e-05,0
0.5,0,26.739883,-0.011438009,0,-36.230961,-1.389468e-05,0
0.5,0,26.740173,-0.011162358,0,-36.221732,-1.370943e-05,0
0.5,0,26.74031,-0.010917613,0,-36.212504,-1.356642e-05,0
0.5,0,26.740324,-0.010746901,0,-36.203275,-1.3456039e-05,0
0.5,0,26.740287,-0.010684517,0,-36.194047,-1.335668e-05,0
0.5,0,26.740273,-0.010740295,0,-36.184818,-1.3239528e-05,0
0.5,0,26.740312,-0.01088785,0,-36.17559,-1.3077821e-05,0
0.5,0,26.740388,-0.01107702,0,-36.166361,-1.2855844e-05,0
0.5,0,26.740447,-0.011257343,0,-36.157133,-1.2573883e-05,0
0.5,0,26.740434,-0.011395641,0,-36.147904,-1.224767e-05,0
0.5,0,26.740313,-0.011462901,0,-36.138676,-1.1905875e-05,0
0.5,0,26.74006,-0.011436436,0,-36.129448,-1.1585374e-05,0
0.5,0,26.739638,-0.011323322,0,-36.120219,-1.1321663e-05,0
0.5,0,26.739023,-0.011157412,0,-36.110991,-1.1140677e-05,0
0.5,0,26.738249,-0.010987063,0,-36.101762,-1.1052938e-05,0
0.5,0,26.737409,-0.010844102,0,-36.092534,-1.1053467e-05,0
0.5,0,26.736584,-0.010738712,0,-36.083305,-1.112532e-05,0
0.5,0,26.735805,-0.010686766,0,-36.074077,-1.1241583e-05,0
0.5,0,26.735099,-0.010688957,0,-36.064848,-1.1373583e-05,0
0.5,0,26.734478,-0.01071019,0,-36.05562,-1.1500237e-05,0
0.5,0,26.733978,-0.010700598,0,-36.046391,-1.1609031e-05,0
0.5,0,26.733654,-0.010610599,0,-36.037163,-1.1697083e-05,0
0.5,0,26.733605,-0.010428794,0,-36.027934,-1.1770269e-05,0
0.5,0,26.733855,-0.010209089,0,-36.018706,-1.1835451e-05,0
0.5,0,26.734339,-0.010016247,0,-36.009477,-1.1897421e-05,0
0.5,0,26.735012,-0.0098944193,0,-36.000249,-1.1958818e-05,0
0.5,0,26.73579,-0.0098847806,0,-35.991021,-1.2016552e-05,0
0.5,0,26.736587,-0.010000899,0,-35.981792,-1.2063387e-05,0
0.5,0,26.737218,-0.010214926,0,-35.972564,-1.2091276e-05,0
0.5,0,26.73747,-0.010477684,0,-35.963335,-1.2090977e-05,0
0.5,0,26.737252,-0.010718643,0,-35.954107,-1.2057405e-05,0
0.5,0,26.736609,-0.010871194,0,-35.944878,-1.1993721e-05,0
0.5,0,26.735667,-0.01090965,0,-35.93565,-1.1907693e-05,0
0.5,0,26.734594,-0.010841577,0,-35.926421,-1.1809493e-05,0
0.5,0,26.733547,-0.010688171,0,-35.917193,-1.1711572e-05,0
0.5,0,26.732639,-0.010478514,0,-35.907964,-1.1626651e-05,0
0.5,0,26.731939,-0.010249126,0,-35.898736,-1.1563867e-05,0
0.5,0,26.731474,-0.010043289,0,-35.889507,-1.1525437e-05,0
0.5,0,26.731228,-0.0099014628,0,-35.880279,-1.1506164e-05,0
0.5,0,26.731142,-0.0098493264,0,-35.87105,-1.1495573e-05,0
0.5,0,26.731131,-0.0098857856,0,-35.861822,-1.1481089e-05,0
0.5,0,26.731129,-0.0099704086,0,-35.852594,-1.1451747e-05,0
0.5,0,26.731098,-0.010041809,0,-35.843365,-1.1401168e-05,0
0.5,0,26.731018,-0.010059499,0,-35.834137,-1.1327788e-05,0
0.5,0,26.730892,-0.010021324,0,-35.824908,-1.123306e-05,0
0.5,0,26.730743,-0.0099490579,0,-35.81568,-1.1119863e-05,0
0.5,0,26.730606,-0.009870629,0,-35.806451,-1.0991478e-05,0
0.5,0,26.730515,-0.0098123111,0,-35.797223,-1.085069e-05,0
0.5,0,26.730497,-0.0097952599,0,-35.787994,-1.0699249e-05,0
0.5,0,26.730563,-0.0098356186,0,-35.778766,-1.0537369e-05,0
0.5,0,26.730678,-0.0099430819,0,-35.769537,-1.0363465e-05,0
0.5,0,26.730776,-0.010113256,0,-35.760309,-1.0175311e-05,0
0.5,0,26.73083,-0.010323407,0,-35.75108,-9.9726434e-06,0
0.5,0,26.730892,-0.010537089,0,-35.741852,-9.7594562e-06,0
0.5,0,26.731037,-0.010710679,0,-35.732623,-9.5444748e-06,0
0.5,0,26.731282,-0.010798583,0,-35.723395,-9.3399015e-06,0
0.5,0,26.731559,-0.010772063,0,-35.714167,-9.1582275e-06,0
0.5,0,26.731756,-0.010645998,0,-35.704938,-9.0075058e-06,0
0.5,0,26.731779,-0.010474552,0,-35.69571,-8.8876954e-06,0
0.5,0,26.731611,-0.010317993,0,-35.686481,-8.7904e-06,0
0.5,0,26.731317,-0.010216007,0,-35.677253,-8.702156e-06,0
0.5,0,26.730992,-0.010177332,0,-35.668024,-8.6093526e-06,0
0.5,0,26.73071,-0.01018498,0,-35.658796,-8.5030063e-06,0
0.5,0,26.730497,-0.010214617,0,-35.649567,-8.3815966e-06,0
0.5,0,26.730335,-0.010246112,0,-35.640339,-8.2508683e-06,0
0.5,0,26.730192,-0.010262484,0,-35.63111,-8.1225572e-06,0
0.5,0,26.730042,-0.010258276,0,-35.621882,-8.0103486e-06,0
0.5,0,26.729894,-0.010239961,0,-35.612653,-7.9257954e-06,0
0.5,0,26.729761,-0.010226443,0,-35.603425,-7.8735882e-06,0
0.5,0,26.729659,-0.010244922,0,-35.594196,-7.8470951e-06,0
0.5,0,26.729606,-0.010309519,0,-35.584968,-7.8313354e-06,0
0.5,0,26.729622,-0.010415977,0,-35.57574,-7.8089318e-06,0
0.5,0,26.729716,-0.010547625,0,-35.566511,-7.7651338e-06,0
0.5,0,26.729891,-0.01068744,0,-35.557283,-7.6897568e-06,0
0.5,0,26.730164,-0.010809135,0,-35.548054,-7.5791195e-06,0
0.5,0,26.730543,-0.010878783,0,-35.538826,-7.4372599e-06,0
0.5,0,26.731009,-0.010886921,0,-35.529597,-7.2711746e-06,0
0.5,0,26.731538,-0.010840718,0,-35.520369,-7.0896297e-06,0
0.5,0,26.73209,-0.010760785,0,-35.51114,-6.9032978e-06,0
0.5,0,26.732616,-0.010688756,0,-35.501912,-6.7210348e-06,0
0.5,0,26.733104,-0.010657592,0,-35.492683,-6.5480156e-06,0
0.5,0,26.733526,-0.010672666,0,-35.483455,-6.383958e-06,0
0.5,0,26.733919,-0.010720411,0,-35.474226,-6.2216519e-06,0
0.5,0,26.734128,-0.010794178,0,-35.464998,-6.0491094e-06,0
0.5,0,26.734438,-0.01089025,0,-35.455769,-5.8539081e-06,0
0.5,0,26.73394,-0.011017144,0,-35.446541,-5.6269448e-06,0
0.5,0,26.732399,-0.011169993,0,-35.437312,-5.365569e-06,0
0.5,0,26.730811,-0.011261324,0,-35.428084,-5.079827e-06,0
0.5,0,26.729359,-0.011247565,0,-35.418856,-4.7849031e-06,0
0.5,0,26.728695,-0.011194731,0,-35.409627,-4.4882317e-06,0
0.5,0,26.728978,-0.011125877,0,-35.400399,-4.1905076e-06,0
0.5,0,26.729806,-0.01102356,0,-35.39117,-3.8908324e-06,0
0.5,0,26.730799,-0.010925248,0,-35.381942,-3.5901518e-06,0
0.5,0,26.731764,-0.010884259,0,-35.372713,-3.2884326e-06,0
0.5,0,26.732628,-0.010917543,0,-35.363485,-2.9839976e-06,0
0.5,0,26.733454,-0.010996518,0,-35.354256,-2.6804838e-06,0
0.5,0,26.734258,-0.01106978,0,-35.345028,-2.3895716e-06,0
0.5,0,26.735005,-0.011102052,0,-35.335799,-2.1231327e-06,0
0.5,0,26.735693,-0.011057088,0,-35.326571,-1.887466e-06,0
0.5,0,26.736383,-0.010902516,0,-35.317342,-1.6832061e-06,0
0.5,0,26.737208,-0.010646309,0,-35.308114,-1.5081065e-06,0
0.5,0,26.738255,-0.010352888,0,-35.298885,-1.3640164e-06,0
0.5,0,26.739473,-0.010101692,0,-35.289657,-1.2573299e-06,0
0.5,0,26.74077,-0.0099502255,0,-35.280429,-1.1914298e-06,0
0.5,0,26.742174,-0.0099219217,0,-35.2712,-1.1615698e-06,0
0.5,0,26.743908,-0.009989725,0,-35.261972,-1.1559076e-06,0
0.5,0,26.746376,-0.010099334,0,-35.252743,-1.1593329e-06,0
0.5,0,26.750104,-0.010206023,0,-35.243515,-1.1559945e-06,0
0.5,0,26.755717,-0.010295854,0,-35.234286,-1.1314703e-06,0
0.5,0,26.763939,-0.010376431,0,-35.225058,-1.0740701e-06,0
0.5,0,26.775509,-0.01046466,0,-35.215829,-9.7599714e-07,0
0.5,0,26.790889,-0.010571843,0,-35.206601,-8.3498419e-07,0
0.5,0,26.809881,-0.010691305,0,-35.197372,-6.5376345e-07,0
0.5,0,26.831421,-0.010821272,0,-35.188144,-4.361942e-07,0
0.5,0,26.85384,-0.010997733,0,-35.178915,-1.8414639e-07,0
0.5,0,26.867344,-0.011073105,0,-35.173027,-2.5804012e-15,0
0.5,0,26.798411,-0.0063768948,0,-33.139424,-3.4300306e-08,0
0.5,0,26.798904,-0.0063403084,0,-33.142178,-2.5804012e-15,0
0.5,0,26.797216,-0.0065136269,0,-33.130196,-1.4660644e-07,0
0.5,0,26.796315,-0.006651335,0,-33.120967,-2.6072532e-07,0
0.5,0,26.795525,-0.0067836004,0,-33.111739,-3.8043596e-07,0
0.5,0,26.794602,-0.0069048179,0,-33.10251,-5.067886e-07,0
0.5,0,26.793694,-0.0070144946,0,-33.093282,-6.384332e-07,0
0.5,0,26.792259,-0.0071239447,0,-33.084053,-7.7267859e-07,0
0.5,0,26.790217,-0.0072281053,0,-33.074825,-9.0601781e-07,0
0.5,0,26.788314,-0.0072630227,0,-33.065597,-1.036063e-06,0
0.5,0,26.786666,-0.0072102144,0,-33.056368,-1.1575408e-06,0
0.5,0,26.785468,-0.0071336319,0,-33.04714,-1.2612221e-06,0
0.5,0,26.784661,-0.0070700326,0,-33.037911,-1.3403699e-06,0
0.5,0,26.784044,-0.0070068017,0,-33.028683,-1.3925416e-06,0
0.5,0,26.783475,-0.0069367033,0,-33.019454,-1.4183858e-06,0
0.5,0,26.782913,-0.0068748506,0,-33.010226,-1.418581e-06,0
0.5,0,26.782435,-0.0068286264,0,-33.000997,-1.3929207e-06,0
0.5,0,26.782188,-0.0067870809,0,-32.991769,-1.3422258e-06,0
0.5,0,26.782139,-0.0067369995,0,-32.98254,-1.2693259e-06,0
0.5,0,26.782047,-0.0066758276,0,-32.973312,-1.1778589e-06,0
0.5,0,26.781656,-0.0066067947,0,-32.964083,-1.0705456e-06,0
0.5,0,26.780868,-0.0065332831,0,-32.954855,-9.4842699e-07,0
0.5,0,26.779765,-0.0064642998,0,-32.945626,-8.1134771e-07,0
0.5,0,26.778553,-0.0064112284,0,-32.936398,-6.5854965e-07,0
0.5,0,26.777493,-0.0063773997,0,-32.92717,-4.8836425e-07,0
0.5,0,26.776845,-0.0063686666,0,-32.917941,-2.9788573e-07,0
0.5,0,26.776769,-0.0063892202,0,-32.908713,-8.3779929e-08,0
0.5,0,26.776882,-0.0063850062,0,-32.905485,-2.5804012e-15,0
0.5,0,26.73315,-0.0062379422,0,-31.293731,-5.8106109e-08,0
0.5,0,26.733427,-0.0062225014,0,-31.300912,-2.5804012e-15,0
0.5,0,26.732674,-0.0062538122,0,-31.284502,-1.5521314e-07,0
0.5,0,26.732248,-0.0062667498,0,-31.275274,-2.7766922e-07,0
0.5,0,26.73191,-0.0062806278,0,-31.266046,-4.2511578e-07,0
0.5,0,26.73168,-0.0062987332,0,-31.256817,-5.9493854e-07,0
0.5,0,26.731554,-0.0063238331,0,-31.247589,-7.8410577e-07,0
0.5,0,26.731518,-0.0063607767,0,-31.23836,-9.894961e-07,0
0.5,0,26.731595,-0.0064113114,0,-31.229132,-1.2080129e-06,0
0.5,0,26.731792,-0.006468441,0,-31.219903,-1.4373121e-06,0
0.5,0,26.732085,-0.0065216568,0,-31.210675,-1.6762339e-06,0
0.5,0,26.73242,-0.0065661074,0,-31.201446,-1.9242841e-06,0
0.5,0,26.732733,-0.0066042496,0,-31.192218,-2.1805623e-06,0
0.5,0,26.732969,-0.0066402724,0,-31.182989,-2.4430914e-06,0
0.5,0,26.733111,-0.0066761429,0,-31.173761,-2.7089413e-06,0
0.5,0,26.733178,-0.0067140018,0,-31.164532,-2.9745276e-06,0
0.5,0,26.733212,-0.0067593785,0,-31.155304,-3.2354706e-06,0
0.5,0,26.733255,-0.006818303,0,-31.146075,-3.4863239e-06,0
0.5,0,26.733329,-0.0068906409,0,-31.136847,-3.7209911e-06,0
0.5,0,26.733432,-0.0069679271,0,-31.127619,-3.9339135e-06,0
0.5,0,26.733549,-0.0070390413,0,-31.11839,-4.1212924e-06,0
0.5,0,26.733658,-0.0070962796,0,-31.109162,-4.2817212e-06,0
0.5,0,26.733745,-0.00713536,0,-31.099933,-4.416228e-06,0
0.5,0,26.733812,-0.0071518706,0,-31.090705,-4.5281003e-06,0
0.5,0,26.733867,-0.0071397159,0,-31.081476,-4.6225364e-06,0
0.5,0,26.733937,-0.0070933954,0,-31.072248,-4.7059251e-06,0
0.5,0,26.734041,-0.0070108063,0,-31.063019,-4.784609e-06,0
0.5,0,26.734173,-0.0068959552,0,-31.053791,-4.8636244e-06,0
0.5,0,26.734302,-0.0067597822,0,-31.044562,-4.9460996e-06,0
0.5,0,26.734422,-0.0066179902,0,-31.035334,-5.0333832e-06,0
0.5,0,26.734553,-0.0064870895,0,-31.026105,-5.125472e-06,0
0.5,0,26.73472,-0.0063805827,0,-31.016877,-5.2213092e-06,0
0.5,0,26.734931,-0.0063069175,0,-31.007648,-5.3189853e-06,0
0.5,0,26.735184,-0.0062687792,0,-30.99842,-5.4159334e-06,0
0.5,0,26.735458,-0.0062636984,0,-30.989192,-5.5089665e-06,0
0.5,0,26.735697,-0.0062855513,0,-30.979963,-5.5941144e-06,0
0.5,0,26.735874,-0.0063266558,0,-30.970735,-5.6665444e-06,0
0.5,0,26.736036,-0.0063795059,0,-30.961506,-5.7207501e-06,0
0.5,0,26.736215,-0.0064375491,0,-30.952278,-5.7510505e-06,0
0.5,0,26.736342,-0.0064939761,0,-30.943049,-5.7523396e-06,0
0.5,0,26.736329,-0.0065413997,0,-30.933821,-5.7210627e-06,0
0.5,0,26.736188,-0.0065735224,0,-30.924592,-5.6561721e-06,0
0.5,0,26.736014,-0.006588407,0,-30.915364,-5.5596859e-06,0
0.5,0,26.735886,-0.0065907166,0,-30.906135,-5.4365866e-06,0
0.5,0,26.735824,-0.0065877442,0,-30.896907,-5.2937787e-06,0
0.5,0,26.73581,-0.0065840258,0,-30.887678,-5.1384774e-06,0
0.5,0,26.735843,-0.0065791423,0,-30.87845,-4.9765025e-06,0
0.5,0,26.735954,-0.0065704917,0,-30.869221,-4.8110166e-06,0
0.5,0,26.736185,-0.0065581812,0,-30.859993,-4.6423608e-06,0
0.5,0,26.736546,-0.006544907,0,-30.850765,-4.4689511e-06,0
0.5,0,26.736989,-0.0065316758,0,-30.841536,-4.2886146e-06,0
0.5,0,26.737432,-0.0065157887,0,-30.832308,-4.0995488e-06,0
0.5,0,26.737807,-0.0064935232,0,-30.823079,-3.9006208e-06,0
0.5,0,26.738089,-0.0064638547,0,-30.813851,-3.6912682e-06,0
0.5,0,26.738301,-0.0064295499,0,-30.804622,-3.471354e-06,0
0.5,0,26.738461,-0.0063960365,0,-30.795394,-3.2413079e-06,0
0.5,0,26.738561,-0.0063700521,0,-30.786165,-3.0025695e-06,0
0.5,0,26.73862,-0.0063579938,0,-30.776937,-2.757878e-06,0
0.5,0,26.738695,-0.0063622316,0,-30.767708,-2.5107252e-06,0
0.5,0,26.738826,-0.0063779391,0,-30.75848,-2.2640209e-06,0
0.5,0,26.739009,-0.0063961135,0,-30.749251,-2.0191977e-06,0
0.5,0,26.739214,-0.0064105491,0,-30.740023,-1.7769762e-06,0
0.5,0,26.739562,-0.0064178494,0,-30.730794,-1.5388597e-06,0
0.5,0,26.73975,-0.0064292303,0,-30.721566,-1.307639e-06,0
0.5,0,26.740253,-0.0064399248,0,-30.712338,-1.08729e-06,0
0.5,0,26.740778,-0.006438582,0,-30.703109,-8.8254929e-07,0
0.5,0,26.740974,-0.006453115,0,-30.693881,-6.9667617e-07,0
0.5,0,26.741341,-0.0064924904,0,-30.684652,-5.2993747e-07,0
0.5,0,26.741561,-0.0065359281,0,-30.675424,-3.8066434e-07,0
0.5,0,26.741739,-0.0065683769,0,-30.666195,-2.4657751e-07,0
0.5,0,26.741934,-0.0065907128,0,-30.656967,-1.2456645e-07,0
0.5,0,26.742232,-0.006608425,0,-30.647738,-9.3908278e-09,0
0.5,0,26.742275,-0.0066085994,0,-30.646989,-2.5804012e-15,0
0.5,0,26.76526,-0.0086807576,0,-30.435483,-9.9657499e-08,0
0.5,0,26.764588,-0.008576203,0,-30.441996,-2.5804012e-15,0
0.5,0,26.766416,-0.0088261548,0,-30.426255,-2.3895163e-07,0
0.5,0,26.767736,-0.0089770976,0,-30.417027,-3.7826407e-07,0
0.5,0,26.769146,-0.0091142734,0,-30.407798,-5.1820513e-07,0
0.5,0,26.770577,-0.0092380246,0,-30.39857,-6.5802578e-07,0
0.5,0,26.771951,-0.0093438191,0,-30.389341,-7.9781282e-07,0
0.5,0,26.773199,-0.0094262826,0,-30.380113,-9.3967621e-07,0
0.5,0,26.77428,-0.0094970455,0,-30.370884,-1.0869283e-06,0
0.5,0,26.775177,-0.0095740932,0,-30.361656,-1.2431163e-06,0
0.5,0,26.775889,-0.0096692176,0,-30.352427,-1.411686e-06,0
0.5,0,26.776465,-0.0097831826,0,-30.343199,-1.5952014e-06,0
0.5,0,26.776941,-0.0099009779,0,-30.33397,-1.7919375e-06,0
0.5,0,26.777497,-0.010007328,0,-30.324742,-1.9962058e-06,0
0.5,0,26.778365,-0.010102696,0,-30.315513,-2.2040333e-06,0
0.5,0,26.779621,-0.010182778,0,-30.306285,-2.41464e-06,0
0.5,0,26.781307,-0.010241138,0,-30.297056,-2.6280545e-06,0
0.5,0,26.783365,-0.010296016,0,-30.287828,-2.8448326e-06,0
0.5,0,26.785386,-0.010365124,0,-30.2786,-3.0668953e-06,0
0.5,0,26.786406,-0.010423493,0,-30.269371,-3.2964951e-06,0
0.5,0,26.785131,-0.010354765,0,-30.260143,-3.534077e-06,0
0.5,0,26.783864,-0.010197802,0,-30.250914,-3.7783168e-06,0
0.5,0,26.783262,-0.010072059,0,-30.241686,-4.0277363e-06,0
0.5,0,26.78118,-0.0099719288,0,-30.232457,-4.2832392e-06,0
0.5,0,26.777965,-0.0098915878,0,-30.223229,-4.5431959e-06,0
0.5,0,26.77415,-0.0098227483,0,-30.214,-4.8012856e-06,0
0.5,0,26.770429,-0.009772676,0,-30.204772,-5.0550551e-06,0
0.5,0,26.767345,-0.0097465518,0,-30.195543,-5.3067144e-06,0
0.5,0,26.765187,-0.009738393,0,-30.186315,-5.5578959e-06,0
0.5,0,26.76401,-0.0097298767,0,-30.177086,-5.808183e-06,0
0.5,0,26.763655,-0.0097023104,0,-30.167858,-6.056679e-06,0
0.5,0,26.763805,-0.009663391,0,-30.158629,-6.3021033e-06,0
0.5,0,26.764069,-0.0096469597,0,-30.149401,-6.5419765e-06,0
0.5,0,26.764175,-0.0096810907,0,-30.140173,-6.7732957e-06,0
0.5,0,26.76393,-0.009762781,0,-30.130944,-6.9938818e-06,0
0.5,0,26.76295,-0.009880005,0,-30.121716,-7.2034689e-06,0
0.5,0,26.761799,-0.0099888634,0,-30.112487,-7.4062641e-06,0
0.5,0,26.760231,-0.010035102,0,-30.103259,-7.6041426e-06,0
0.5,0,26.757966,-0.010045459,0,-30.09403,-7.7956755e-06,0
0.5,0,26.755769,-0.010062521,0,-30.084802,-7.9849579e-06,0
0.5,0,26.753585,-0.010084484,0,-30.075573,-8.1799832e-06,0
0.5,0,26.751528,-0.010111659,0,-30.066345,-8.3873586e-06,0
0.5,0,26.749707,-0.010158382,0,-30.057116,-8.6085811e-06,0
0.5,0,26.748059,-0.010233414,0,-30.047888,-8.8385822e-06,0
0.5,0,26.746533,-0.010326478,0,-30.038659,-9.068556e-06,0
0.5,0,26.745052,-0.010437998,0,-30.029431,-9.2911909e-06,0
0.5,0,26.743595,-0.01056992,0,-30.020202,-9.5045224e-06,0
0.5,0,26.742313,-0.010690568,0,-30.010974,-9.7124403e-06,0
0.5,0,26.741498,-0.010781689,0,-30.001746,-9.9194268e-06,0
0.5,0,26.741427,-0.010857553,0,-29.992517,-1.0126256e-05,0
0.5,0,26.742225,-0.010925075,0,-29.983289,-1.0331591e-05,0
0.5,0,26.743802,-0.010979395,0,-29.97406,-1.0534257e-05,0
0.5,0,26.745843,-0.011023309,0,-29.964832,-1.0732763e-05,0
0.5,0,26.747895,-0.011065968,0,-29.955603,-1.0924506e-05,0
0.5,0,26.74951,-0.011112348,0,-29.946375,-1.1106383e-05,0
0.5,0,26.750376,-0.011161099,0,-29.937146,-1.1275852e-05,0
0.5,0,26.75038,-0.011207328,0,-29.927918,-1.1431257e-05,0
0.5,0,26.749615,-0.011243945,0,-29.918689,-1.1571463e-05,0
0.5,0,26.748351,-0.011263521,0,-29.909461,-1.1695636e-05,0
0.5,0,26.746958,-0.011262671,0,-29.900232,-1.1803651e-05,0
0.5,0,26.745793,-0.011244561,0,-29.891004,-1.1896921e-05,0
0.5,0,26.745092,-0.011215536,0,-29.881775,-1.1978697e-05,0
0.5,0,26.744929,-0.011179622,0,-29.872547,-1.2052923e-05,0
0.5,0,26.745232,-0.011138162,0,-29.863319,-1.2122042e-05,0
0.5,0,26.745833,-0.011094809,0,-29.85409,-1.2185408e-05,0
0.5,0,26.746525,-0.011058392,0,-29.844862,-1.223963e-05,0
0.5,0,26.747112,-0.011039322,0,-29.835633,-1.2280369e-05,0
0.5,0,26.747458,-0.011043887,0,-29.826405,-1.230412e-05,0
0.5,0,26.747489,-0.011072854,0,-29.817176,-1.2309171e-05,0
0.5,0,26.747179,-0.011123803,0,-29.807948,-1.2295861e-05,0
0.5,0,26.746598,-0.011192294,0,-29.798719,-1.2266415e-05,0
0.5,0,26.745919,-0.011269752,0,-29.789491,-1.2224377e-05,0
0.5,0,26.745315,-0.011341853,0,-29.780262,-1.217368e-05,0
0.5,0,26.744853,-0.011392399,0,-29.771034,-1.2117722e-05,0
0.5,0,26.744503,-0.011411266,0,-29.761805,-1.2058932e-05,0
0.5,0,26.744198,-0.011399807,0,-29.752577,-1.1998929e-05,0
0.5,0,26.743877,-0.011369181,0,-29.743348,-1.1938965e-05,0
0.5,0,26.743513,-0.011333214,0,-29.73412,-1.1880348e-05,0
0.5,0,26.743141,-0.011301238,0,-29.724892,-1.1824748e-05,0
0.5,0,26.742848,-0.011275801,0,-29.715663,-1.1774319e-05,0
0.5,0,26.742736,-0.011255775,0,-29.706435,-1.1731378e-05,0
0.5,0,26.742866,-0.011240747,0,-29.697206,-1.1697621e-05,0
0.5,0,26.743238,-0.011232239,0,-29.687978,-1.1673355e-05,0
0.5,0,26.743788,-0.011231416,0,-29.678749,-1.1657305e-05,0
0.5,0,26.744413,-0.011236176,0,-29.669521,-1.1647118e-05,0
0.5,0,26.745015,-0.011240502,0,-29.660292,-1.1640253e-05,0
0.5,0,26.745544,-0.011237249,0,-29.651064,-1.1634827e-05,0
0.5,0,26.746,-0.011222006,0,-29.641835,-1.1630242e-05,0
0.5,0,26.746396,-0.01119525,0,-29.632607,-1.1627325e-05,0
0.5,0,26.746726,-0.01116134,0,-29.623378,-1.1627884e-05,0
0.5,0,26.746985,-0.011126265,0,-29.61415,-1.1633866e-05,0
0.5,0,26.747206,-0.011095841,0,-29.604921,-1.164631e-05,0
0.5,0,26.747446,-0.011073532,0,-29.595693,-1.1664601e-05,0
0.5,0,26.747748,-0.011059524,0,-29.586465,-1.1686216e-05,0
0.5,0,26.748115,-0.011052835,0,-29.577236,-1.1707049e-05,0
0.5,0,26.748531,-0.01105558,0,-29.568008,-1.1722685e-05,0
0.5,0,26.748986,-0.011072763,0,-29.558779,-1.1730117e-05,0
0.5,0,26.749394,-0.011105464,0,-29.549551,-1.1728592e-05,0
0.5,0,26.749718,-0.011141073,0,-29.540322,-1.1719158e-05,0
0.5,0,26.749656,-0.011162762,0,-29.531094,-1.1703584e-05,0
0.5,0,26.750861,-0.011220112,0,-29.521865,-1.1683487e-05,0
0.5,0,26.751921,-0.011261035,0,-29.512637,-1.1660848e-05,0
0.5,0,26.751717,-0.01124106,0,-29.503408,-1.1637279e-05,0
0.5,0,26.75218,-0.011235435,0,-29.49418,-1.1612871e-05,0
0.5,0,26.752715,-0.011251762,0,-29.484951,-1.1586559e-05,0
0.5,0,26.753117,-0.011280946,0,-29.475723,-1.1556784e-05,0
0.5,0,26.753379,-0.011311674,0,-29.466494,-1.1522522e-05,0
0.5,0,26.753452,-0.011331435,0,-29.457266,-1.1483766e-05,0
0.5,0,26.753284,-0.011333374,0,-29.448038,-1.1441054e-05,0
0.5,0,26.752845,-0.011317909,0,-29.438809,-1.1394524e-05,0
0.5,0,26.752157,-0.01128768,0,-29.429581,-1.1343846e-05,0
0.5,0,26.751313,-0.011245072,0,-29.420352,-1.128891e-05,0
0.5,0,26.750448,-0.011195773,0,-29.411124,-1.1230181e-05,0
0.5,0,26.749696,-0.011149318,0,-29.401895,-1.1168507e-05,0
0.5,0,26.74914,-0.01111511,0,-29.392667,-1.1104876e-05,0
0.5,0,26.748781,-0.011099699,0,-29.383438,-1.1040475e-05,0
0.5,0,26.748556,-0.011107093,0,-29.37421,-1.0976794e-05,0
0.5,0,26.748384,-0.011140028,0,-29.364981,-1.0915403e-05,0
0.5,0,26.748215,-0.011199658,0,-29.355753,-1.0857547e-05,0
0.5,0,26.748053,-0.011283701,0,-29.346524,-1.0803881e-05,0
0.5,0,26.747947,-0.011384554,0,-29.337296,-1.075443e-05,0
0.5,0,26.747957,-0.011488564,0,-29.328067,-1.0708571e-05,0
0.5,0,26.748127,-0.01158122,0,-29.318839,-1.0665232e-05,0
0.5,0,26.748468,-0.01165765,0,-29.309611,-1.0623794e-05,0
0.5,0,26.748954,-0.011727223,0,-29.300382,-1.0585839e-05,0
0.5,0,26.749539,-0.011798589,0,-29.291154,-1.055598e-05,0
0.5,0,26.750173,-0.011854617,0,-29.281925,-1.0538895e-05,0
0.5,0,26.75081,-0.011853818,0,-29.272697,-1.0533589e-05,0
0.5,0,26.751417,-0.011776186,0,-29.263468,-1.0531575e-05,0
0.5,0,26.751971,-0.011660531,0,-29.25424,-1.0522897e-05,0
0.5,0,26.752438,-0.011573325,0,-29.245011,-1.0503451e-05,0
0.5,0,26.752786,-0.011545416,0,-29.235783,-1.0474808e-05,0
0.5,0,26.752975,-0.011556896,0,-29.226554,-1.043802e-05,0
0.5,0,26.752971,-0.01157758,0,-29.217326,-1.0390281e-05,0
0.5,0,26.752874,-0.011597496,0,-29.208097,-1.0327776e-05,0
0.5,0,26.75278,-0.01161796,0,-29.198869,-1.024963e-05,0
0.5,0,26.752541,-0.011637544,0,-29.18964,-1.0158512e-05,0
0.5,0,26.752063,-0.011652026,0,-29.180412,-1.0058757e-05,0
0.5,0,26.751626,-0.011659007,0,-29.171184,-9.9544996e-06,0
0.5,0,26.751552,-0.011660903,0,-29.161955,-9.8487461e-06,0
0.5,0,26.751832,-0.011662052,0,-29.152727,-9.7429906e-06,0
0.5,0,26.752249,-0.011663847,0,-29.143498,-9.6374891e-06,0
0.5,0,26.752641,-0.011667158,0,-29.13427,-9.5319592e-06,0
0.5,0,26.752946,-0.011678303,0,-29.125041,-9.4255816e-06,0
0.5,0,26.753123,-0.011703396,0,-29.115813,-9.3168021e-06,0
0.5,0,26.753127,-0.011735915,0,-29.106584,-9.2046671e-06,0
0.5,0,26.752919,-0.011762302,0,-29.097356,-9.0905151e-06,0
0.5,0,26.752487,-0.011783551,0,-29.088127,-8.9770998e-06,0
0.5,0,26.751857,-0.011818289,0,-29.078899,-8.8659338e-06,0
0.5,0,26.751092,-0.011880742,0,-29.06967,-8.7566225e-06,0
0.5,0,26.750272,-0.011966535,0,-29.060442,-8.6487571e-06,0
0.5,0,26.749478,-0.012062423,0,-29.051213,-8.5432452e-06,0
0.5,0,26.74878,-0.012159926,0,-29.041985,-8.4414594e-06,0
0.5,0,26.748249,-0.012255535,0,-29.032757,-8.3437625e-06,0
0.5,0,26.747953,-0.01234382,0,-29.023528,-8.249098e-06,0
0.5,0,26.747941,-0.012414854,0,-29.0143,-8.1554855e-06,0
0.5,0,26.748218,-0.012457427,0,-29.005071,-8.0604861e-06,0
0.5,0,26.748733,-0.012464072,0,-28.995843,-7.9613686e-06,0
0.5,0,26.749388,-0.012434646,0,-28.986614,-7.8553691e-06,0
0.5,0,26.75007,-0.012376675,0,-28.977386,-7.7402913e-06,0
0.5,0,26.750679,-0.012302412,0,-28.968157,-7.6151194e-06,0
0.5,0,26.75114,-0.012224672,0,-28.958929,-7.4801472e-06,0
0.5,0,26.75141,-0.012153894,0,-28.9497,-7.3366137e-06,0
0.5,0,26.751472,-0.012097473,0,-28.940472,-7.1862613e-06,0
0.5,0,26.751344,-0.012060059,0,-28.931243,-7.0310668e-06,0
0.5,0,26.751075,-0.012042836,0,-28.922015,-6.8730551e-06,0
0.5,0,26.750723,-0.01204397,0,-28.912786,-6.714101e-06,0
0.5,0,26.75034,-0.012059342,0,-28.903558,-6.5555741e-06,0
0.5,0,26.749974,-0.01208374,0,-28.89433,-6.3979885e-06,0
0.5,0,26.74967,-0.012112648,0,-28.885101,-6.2408801e-06,0
0.5,0,26.749457,-0.012142045,0,-28.875873,-6.0829038e-06,0
0.5,0,26.749364,-0.01216908,0,-28.866644,-5.9222087e-06,0
0.5,0,26.749416,-0.012188063,0,-28.857416,-5.7569448e-06,0
0.5,0,26.749668,-0.012196374,0,-28.848187,-5.5856936e-06,0
0.5,0,26.750102,-0.012164962,0,-28.838959,-5.4065466e-06,0
0.5,0,26.750658,-0.012131755,0,-28.82973,-5.2191605e-06,0
0.5,0,26.751445,-0.012099189,0,-28.820502,-5.0268948e-06,0
0.5,0,26.751807,-0.012040467,0,-28.811273,-4.8417556e-06,0
0.5,0,26.752368,-0.012087009,0,-28.802045,-4.6776461e-06,0
0.5,0,26.753515,-0.012205891,0,-28.792816,-4.5116401e-06,0
0.5,0,26.753972,-0.012231347,0,-28.783588,-4.3234445e-06,0
0.5,0,26.753858,-0.012133073,0,-28.774359,-4.1460704e-06,0
0.5,0,26.753678,-0.01202938,0,-28.765131,-4.0051378e-06,0
0.5,0,26.753554,-0.012036425,0,-28.755903,-3.8895967e-06,0
0.5,0,26.753507,-0.012104892,0,-28.746674,-3.7862391e-06,0
0.5,0,26.753533,-0.012164014,0,-28.737446,-3.6930581e-06,0
0.5,0,26.753582,-0.012212165,0,-28.728217,-3.6105023e-06,0
0.5,0,26.753585,-0.012265177,0,-28.718989,-3.5377093e-06,0
0.5,0,26.753467,-0.012327569,0,-28.70976,-3.4738199e-06,0
0.5,0,26.753193,-0.012395746,0,-28.700532,-3.4191627e-06,0
0.5,0,26.752808,-0.012460696,0,-28.691303,-3.3752904e-06,0
0.5,0,26.752437,-0.012510471,0,-28.682075,-3.3442215e-06,0
0.5,0,26.752187,-0.012536899,0,-28.672846,-3.3278609e-06,0
0.5,0,26.752073,-0.012539991,0,-28.663618,-3.3281634e-06,0
0.5,0,26.752043,-0.012524082,0,-28.654389,-3.3473319e-06,0
0.5,0,26.752039,-0.012492824,0,-28.645161,-3.3873769e-06,0
0.5,0,26.75206,-0.012449637,0,-28.635932,-3.4495449e-06,0
0.5,0,26.75208,-0.012400304,0,-28.626704,-3.5343711e-06,0
0.5,0,26.752017,-0.012351649,0,-28.617476,-3.6420766e-06,0
0.5,0,26.751811,-0.012307126,0,-28.608247,-3.7725341e-06,0
0.5,0,26.75148,-0.012265787,0,-28.599019,-3.9247662e-06,0
0.5,0,26.751088,-0.012226224,0,-28.58979,-4.0964724e-06,0
0.5,0,26.750712,-0.012191402,0,-28.580562,-4.2839394e-06,0
0.5,0,26.75041,-0.012169748,0,-28.571333,-4.4825081e-06,0
0.5,0,26.750211,-0.012171089,0,-28.562105,-4.6875375e-06,0
0.5,0,26.750127,-0.012200613,0,-28.552876,-4.895111e-06,0
0.5,0,26.750168,-0.01225436,0,-28.543648,-5.1016004e-06,0
0.5,0,26.750349,-0.012318357,0,-28.534419,-5.3024708e-06,0
0.5,0,26.750668,-0.012373923,0,-28.525191,-5.4918626e-06,0
0.5,0,26.7511,-0.012407889,0,-28.515962,-5.6638568e-06,0
0.5,0,26.751593,-0.012419976,0,-28.506734,-5.8145876e-06,0
0.5,0,26.752083,-0.012421449,0,-28.497505,-5.9435049e-06,0
0.5,0,26.752514,-0.012428297,0,-28.488277,-6.0530424e-06,0
0.5,0,26.752858,-0.012455097,0,-28.479049,-6.1474647e-06,0
0.5,0,26.753126,-0.012510178,0,-28.46982,-6.2318274e-06,0
0.5,0,26.753363,-0.012590526,0,-28.460592,-6.3107888e-06,0
0.5,0,26.753591,-0.012680338,0,-28.451363,-6.3866111e-06,0
0.5,0,26.754089,-0.012756149,0,-28.442135,-6.4571435e-06,0
0.5,0,26.754204,-0.012823005,0,-28.432906,-6.516018e-06,0
0.5,0,26.75489,-0.012864648,0,-28.423678,-6.5548724e-06,0
0.5,0,26.755662,-0.012887484,0,-28.414449,-6.5709186e-06,0
0.5,0,26.755803,-0.012984314,0,-28.405221,-6.5678421e-06,0
0.5,0,26.756311,-0.013153889,0,-28.395992,-6.5498229e-06,0
0.5,0,26.756716,-0.013313872,0,-28.386764,-6.5201279e-06,0
0.5,0,26.757046,-0.013436691,0,-28.377535,-6.4803341e-06,0
0.5,0,26.757693,-0.013516015,0,-28.368307,-6.4317924e-06,0
0.5,0,26.757414,-0.013570615,0,-28.359078,-6.3775782e-06,0
0.5,0,26.755757,-0.013594873,0,-28.34985,-6.3228396e-06,0
0.5,0,26.753805,-0.013477177,0,-28.340622,-6.2780995e-06,0
0.5,0,26.751976,-0.013192183,0,-28.331393,-6.2495366e-06,0
0.5,0,26.751074,-0.01287045,0,-28.322165,-6.2325611e-06,0
0.5,0,26.751088,-0.012602706,0,-28.312936,-6.2209718e-06,0
0.5,0,26.751584,-0.012385739,0,-28.303708,-6.2117304e-06,0
0.5,0,26.752133,-0.012206654,0,-28.294479,-6.206149e-06,0
0.5,0,26.752489,-0.012079921,0,-28.285251,-6.2054919e-06,0
0.5,0,26.752576,-0.012008999,0,-28.276022,-6.2084203e-06,0
0.5,0,26.752542,-0.011972421,0,-28.266794,-6.2133248e-06,0
0.5,0,26.752486,-0.011942954,0,-28.257565,-6.2202744e-06,0
0.5,0,26.752336,-0.011902673,0,-28.248337,-6.2306135e-06,0
0.5,0,26.752007,-0.011844244,0,-28.239108,-6.2457742e-06,0
0.5,0,26.75156,-0.011769892,0,-28.22988,-6.266102e-06,0
0.5,0,26.751157,-0.011688337,0,-28.220651,-6.289792e-06,0
0.5,0,26.750948,-0.011608879,0,-28.211423,-6.3126883e-06,0
0.5,0,26.750961,-0.011541625,0,-28.202195,-6.3295966e-06,0
0.5,0,26.751083,-0.011500248,0,-28.192966,-6.3364147e-06,0
0.5,0,26.751101,-0.011492773,0,-28.183738,-6.3311702e-06,0
0.5,0,26.75092,-0.011511023,0,-28.174509,-6.3130016e-06,0
0.5,0,26.750606,-0.011536874,0,-28.165281,-6.2807768e-06,0
0.5,0,26.750289,-0.011556033,0,-28.156052,-6.2335398e-06,0
0.5,0,26.750177,-0.011561692,0,-28.146824,-6.1719623e-06,0
0.5,0,26.750379,-0.011552115,0,-28.137595,-6.0983312e-06,0
0.5,0,26.750819,-0.011528992,0,-28.128367,-6.0151085e-06,0
0.5,0,26.751344,-0.011494957,0,-28.119138,-5.9243784e-06,0
0.5,0,26.751847,-0.011453672,0,-28.10991,-5.8287448e-06,0
0.5,0,26.75229,-0.011411023,0,-28.100681,-5.7319211e-06,0
0.5,0,26.752681,-0.011371559,0,-28.091453,-5.6382302e-06,0
0.5,0,26.753056,-0.011333546,0,-28.082224,-5.5517043e-06,0
0.5,0,26.753447,-0.011290886,0,-28.072996,-5.4752013e-06,0
0.5,0,26.753866,-0.011239959,0,-28.063768,-5.409708e-06,0
0.5,0,26.754312,-0.011182815,0,-28.054539,-5.3542645e-06,0
0.5,0,26.754789,-0.011124639,0,-28.045311,-5.3066393e-06,0
0.5,0,26.755314,-0.011069874,0,-28.036082,-5.2643279e-06,0
0.5,0,26.755895,-0.011020613,0,-28.026854,-5.2254063e-06,0
0.5,0,26.756501,-0.010977396,0,-28.017625,-5.1890393e-06,0
0.5,0,26.757048,-0.010940493,0,-28.008397,-5.1555586e-06,0
0.5,0,26.757413,-0.010909918,0,-27.999168,-5.126096e-06,0
0.5,0,26.757505,-0.010884281,0,-27.98994,-5.1019665e-06,0
0.5,0,26.757307,-0.010860259,0,-27.980711,-5.084117e-06,0
0.5,0,26.756854,-0.010833791,0,-27.971483,-5.0728741e-06,0
0.5,0,26.756226,-0.010802306,0,-27.962254,-5.0679881e-06,0
0.5,0,26.755563,-0.010766141,0,-27.953026,-5.068835e-06,0
0.5,0,26.755035,-0.010728323,0,-27.943797,-5.074628e-06,0
0.5,0,26.754765,-0.010693008,0,-27.934569,-5.0845382e-06,0
0.5,0,26.754772,-0.010663917,0,-27.925341,-5.0976714e-06,0
0.5,0,26.755013,-0.010643437,0,-27.916112,-5.1129247e-06,0
0.5,0,26.755428,-0.010631855,0,-27.906884,-5.1288721e-06,0
0.5,0,26.755954,-0.010627105,0,-27.897655,-5.1438249e-06,0
0.5,0,26.756512,-0.010625656,0,-27.888427,-5.1560672e-06,0
0.5,0,26.757011,-0.010624437,0,-27.879198,-5.1641308e-06,0
0.5,0,26.75739,-0.010621858,0,-27.86997,-5.1669528e-06,0
0.5,0,26.757627,-0.010618471,0,-27.860741,-5.1639141e-06,0
0.5,0,26.757737,-0.010616242,0,-27.851513,-5.1548717e-06,0
0.5,0,26.757743,-0.010617504,0,-27.842284,-5.1403057e-06,0
0.5,0,26.757658,-0.010624726,0,-27.833056,-5.1215341e-06,0
0.5,0,26.757492,-0.010638576,0,-27.823827,-5.1007788e-06,0
0.5,0,26.757271,-0.010656249,0,-27.814599,-5.0809037e-06,0
0.5,0,26.757045,-0.010672474,0,-27.80537,-5.0648762e-06,0
0.5,0,26.756874,-0.010682975,0,-27.796142,-5.0552572e-06,0
0.5,0,26.756806,-0.01068841,0,-27.786914,-5.0538398e-06,0
0.5,0,26.756844,-0.010692935,0,-27.777685,-5.0616189e-06,0
0.5,0,26.756942,-0.010700864,0,-27.768457,-5.0786219e-06,0
0.5,0,26.757033,-0.010714223,0,-27.759228,-5.1038241e-06,0
0.5,0,26.757061,-0.01073255,0,-27.75,-5.1354665e-06,0
0.5,0,26.757003,-0.010755118,0,-27.740771,-5.1714413e-06,0
0.5,0,26.756894,-0.01077953,0,-27.731543,-5.2096722e-06,0
0.5,0,26.756861,-0.010798493,0,-27.722314,-5.2479683e-06,0
0.5,0,26.75704,-0.0108024,0,-27.713086,-5.2836205e-06,0
0.5,0,26.757498,-0.010788347,0,-27.703857,-5.3137814e-06,0
0.5,0,26.758159,-0.010762829,0,-27.694629,-5.3367586e-06,0
0.5,0,26.758868,-0.010733028,0,-27.6854,-5.3525846e-06,0
0.5,0,26.759509,-0.010698564,0,-27.676172,-5.3620128e-06,0
0.5,0,26.759952,-0.010656512,0,-27.666943,-5.3653917e-06,0
0.5,0,26.760138,-0.010608168,0,-27.657715,-5.3626508e-06,0
0.5,0,26.760122,-0.010556925,0,-27.648487,-5.353896e-06,0
0.5,0,26.759985,-0.01050682,0,-27.639258,-5.3396843e-06,0
0.5,0,26.759745,-0.010463643,0,-27.63003,-5.3207851e-06,0
0.5,0,26.759387,-0.010431935,0,-27.620801,-5.2980339e-06,0
0.5,0,26.75893,-0.010411508,0,-27.611573,-5.2725028e-06,0
0.5,0,26.758438,-0.010399421,0,-27.602344,-5.245403e-06,0
0.5,0,26.757987,-0.010393365,0,-27.593116,-5.2177521e-06,0
0.5,0,26.757638,-0.010391402,0,-27.583887,-5.1904431e-06,0
0.5,0,26.757414,-0.010391013,0,-27.574659,-5.1646403e-06,0
0.5,0,26.757308,-0.01038834,0,-27.56543,-5.1416472e-06,0
0.5,0,26.757259,-0.01037782,0,-27.556202,-5.1220655e-06,0
0.5,0,26.757177,-0.010355681,0,-27.546973,-5.1051714e-06,0
0.5,0,26.75699,-0.010321365,0,-27.537745,-5.0892606e-06,0
0.5,0,26.756646,-0.010277763,0,-27.528516,-5.0727095e-06,0
0.5,0,26.756193,-0.010230471,0,-27.519288,-5.0546751e-06,0
0.5,0,26.755781,-0.010183368,0,-27.51006,-5.0349659e-06,0
0.5,0,26.755537,-0.010138624,0,-27.500831,-5.0138382e-06,0
0.5,0,26.755502,-0.010099811,0,-27.491603,-4.9920728e-06,0
0.5,0,26.755692,-0.010071126,0,-27.482374,-4.9710023e-06,0
0.5,0,26.756137,-0.010055017,0,-27.473146,-4.9523695e-06,0
0.5,0,26.756873,-0.010052402,0,-27.463917,-4.9379571e-06,0
0.5,0,26.757924,-0.010063443,0,-27.454689,-4.9289572e-06,0
0.5,0,26.759269,-0.010086093,0,-27.44546,-4.9255391e-06,0
0.5,0,26.760814,-0.010114568,0,-27.436232,-4.9270342e-06,0
0.5,0,26.762377,-0.010141516,0,-27.427003,-4.932339e-06,0
0.5,0,26.763708,-0.010162455,0,-27.417775,-4.9400138e-06,0
0.5,0,26.76456,-0.010177891,0,-27.408546,-4.9482021e-06,0
0.5,0,26.76477,-0.010191041,0,-27.399318,-4.9547953e-06,0
0.5,0,26.764325,-0.010205437,0,-27.390089,-4.9579148e-06,0
0.5,0,26.76336,-0.010224192,0,-27.380861,-4.9564847e-06,0
0.5,0,26.762111,-0.01024919,0,-27.371633,-4.9505515e-06,0
0.5,0,26.760836,-0.010280451,0,-27.362404,-4.9411921e-06,0
0.5,0,26.759748,-0.010316383,0,-27.353176,-4.9300868e-06,0
0.5,0,26.758971,-0.010354164,0,-27.343947,-4.9188685e-06,0
0.5,0,26.758531,-0.010389291,0,-27.334719,-4.9085304e-06,0
0.5,0,26.75837,-0.010416094,0,-27.32549,-4.8990937e-06,0
0.5,0,26.758373,-0.010429669,0,-27.316262,-4.8896225e-06,0
0.5,0,26.758415,-0.010428489,0,-27.307033,-4.8786417e-06,0
0.5,0,26.7584,-0.010415933,0,-27.297805,-4.8648261e-06,0
0.5,0,26.758286,-0.010398979,0,-27.288576,-4.8476089e-06,0
0.5,0,26.758081,-0.010384254,0,-27.279348,-4.8273471e-06,0
0.5,0,26.75782,-0.010374454,0,-27.270119,-4.8049166e-06,0
0.5,0,26.757542,-0.010368721,0,-27.260891,-4.7810429e-06,0
0.5,0,26.757278,-0.01036694,0,-27.251662,-4.7559426e-06,0
0.5,0,26.757053,-0.010374147,0,-27.242434,-4.7296197e-06,0
0.5,0,26.756885,-0.010400864,0,-27.233206,-4.7026057e-06,0
0.5,0,26.756784,-0.010457762,0,-27.223977,-4.676505e-06,0
0.5,0,26.756718,-0.010547676,0,-27.214749,-4.6536759e-06,0
0.5,0,26.756703,-0.010659898,0,-27.20552,-4.6359627e-06,0
0.5,0,26.756575,-0.010778508,0,-27.196292,-4.6234905e-06,0
0.5,0,26.756716,-0.010883798,0,-27.187063,-4.6144913e-06,0
0.5,0,26.756248,-0.010983993,0,-27.177835,-4.6066069e-06,0
0.5,0,26.755174,-0.011068799,0,-27.168606,-4.5974129e-06,0
0.5,0,26.752797,-0.01100053,0,-27.159378,-4.5901129e-06,0
0.5,0,26.750836,-0.010830447,0,-27.150149,-4.5874613e-06,0
0.5,0,26.751115,-0.010703527,0,-27.140921,-4.5860918e-06,0
0.5,0,26.751701,-0.010606589,0,-27.131692,-4.5836082e-06,0
0.5,0,26.752684,-0.010535207,0,-27.122464,-4.5785483e-06,0
0.5,0,26.753976,-0.010483877,0,-27.113235,-4.5708214e-06,0
0.5,0,26.755457,-0.01045418,0,-27.104007,-4.5616141e-06,0
0.5,0,26.756973,-0.010449573,0,-27.094779,-4.5516595e-06,0
0.5,0,26.758336,-0.010463703,0,-27.08555,-4.5406125e-06,0
0.5,0,26.759311,-0.010481484,0,-27.076322,-4.5274833e-06,0
0.5,0,26.759692,-0.010488068,0,-27.067093,-4.5110656e-06,0
0.5,0,26.759388,-0.010479028,0,-27.057865,-4.4901601e-06,0
0.5,0,26.758565,-0.010466553,0,-27.048636,-4.4644103e-06,0
0.5,0,26.757507,-0.010475029,0,-27.039408,-4.4361228e-06,0
0.5,0,26.756679,-0.010513288,0,-27.030179,-4.4101387e-06,0
0.5,0,26.75637,-0.010559935,0,-27.020951,-4.3901735e-06,0
0.5,0,26.756669,-0.010592941,0,-27.011722,-4.3763759e-06,0
0.5,0,26.757759,-0.01061311,0,-27.002494,-4.3673316e-06,0
0.5,0,26.759503,-0.01063489,0,-26.993265,-4.3627575e-06,0
0.5,0,26.761518,-0.010661417,0,-26.984037,-4.3635495e-06,0
0.5,0,26.763443,-0.010685383,0,-26.974808,-4.370609e-06,0
0.5,0,26.765105,-0.010707643,0,-26.96558,-4.3841013e-06,0
0.5,0,26.766433,-0.010732149,0,-26.956352,-4.4034875e-06,0
0.5,0,26.767348,-0.010756107,0,-26.947123,-4.4281089e-06,0
0.5,0,26.767791,-0.010772551,0,-26.937895,-4.4571773e-06,0
0.5,0,26.76777,-0.010774006,0,-26.928666,-4.488931e-06,0
0.5,0,26.76736,-0.010754338,0,-26.919438,-4.5202403e-06,0
0.5,0,26.766689,-0.010713075,0,-26.910209,-4.5472196e-06,0
0.5,0,26.765903,-0.010657134,0,-26.900981,-4.5663891e-06,0
0.5,0,26.765203,-0.010599749,0,-26.891752,-4.5753737e-06,0
0.5,0,26.764756,-0.010544697,0,-26.882524,-4.5740077e-06,0
0.5,0,26.764755,-0.010505821,0,-26.873295,-4.5623846e-06,0
0.5,0,26.765297,-0.010492864,0,-26.864067,-4.5423257e-06,0
0.5,0,26.766286,-0.010497284,0,-26.854838,-4.5178959e-06,0
0.5,0,26.767566,-0.010513522,0,-26.84561,-4.4917947e-06,0
0.5,0,26.7689,-0.010531734,0,-26.836381,-4.4659461e-06,0
0.5,0,26.770048,-0.010544152,0,-26.827153,-4.4421289e-06,0
0.5,0,26.770805,-0.01054708,0,-26.817925,-4.4218921e-06,0
0.5,0,26.77106,-0.010542847,0,-26.808696,-4.4059653e-06,0
0.5,0,26.770829,-0.010536994,0,-26.799468,-4.3945471e-06,0
0.5,0,26.770219,-0.01053522,0,-26.790239,-4.3879754e-06,0
0.5,0,26.769392,-0.010542614,0,-26.781011,-4.3868445e-06,0
0.5,0,26.768522,-0.010561629,0,-26.771782,-4.3915801e-06,0
0.5,0,26.767734,-0.010590254,0,-26.762554,-4.4019524e-06,0
0.5,0,26.767094,-0.010623267,0,-26.753325,-4.4168846e-06,0
0.5,0,26.766685,-0.010655278,0,-26.744097,-4.434698e-06,0
0.5,0,26.766676,-0.010682783,0,-26.734868,-4.4536903e-06,0
0.5,0,26.767251,-0.010703684,0,-26.72564,-4.4727701e-06,0
0.5,0,26.768437,-0.010715994,0,-26.716411,-4.4918005e-06,0
0.5,0,26.770019,-0.01071745,0,-26.707183,-4.5115366e-06,0
0.5,0,26.771622,-0.010706624,0,-26.697954,-4.5332939e-06,0
0.5,0,26.772864,-0.010684334,0,-26.688726,-4.558488e-06,0
0.5,0,26.773474,-0.010653427,0,-26.679498,-4.588104e-06,0
0.5,0,26.773342,-0.010617156,0,-26.670269,-4.6221719e-06,0
0.5,0,26.77253,-0.010578102,0,-26.661041,-4.65945e-06,0
0.5,0,26.771249,-0.010538675,0,-26.651812,-4.6975777e-06,0
0.5,0,26.769807,-0.010502082,0,-26.642584,-4.7337495e-06,0
0.5,0,26.768515,-0.010471905,0,-26.633355,-4.765598e-06,0
0.5,0,26.767609,-0.01045026,0,-26.624127,-4.7918395e-06,0
0.5,0,26.767191,-0.010436581,0,-26.614898,-4.8123937e-06,0
0.5,0,26.767216,-0.010428878,0,-26.60567,-4.8281125e-06,0
0.5,0,26.767526,-0.010425353,0,-26.596441,-4.8402515e-06,0
0.5,0,26.767909,-0.010425104,0,-26.587213,-4.8501278e-06,0
0.5,0,26.768194,-0.010429222,0,-26.577984,-4.8589288e-06,0
0.5,0,26.768312,-0.010438747,0,-26.568756,-4.8674249e-06,0
0.5,0,26.768319,-0.010450816,0,-26.559527,-4.8761445e-06,0
0.5,0,26.768342,-0.010463639,0,-26.550299,-4.8852007e-06,0
0.5,0,26.768534,-0.010481695,0,-26.541071,-4.8935955e-06,0
0.5,0,26.768987,-0.01050715,0,-26.531842,-4.8994807e-06,0
0.5,0,26.769767,-0.010536294,0,-26.522614,-4.9015713e-06,0
0.5,0,26.770889,-0.01056933,0,-26.513385,-4.9002402e-06,0
0.5,0,26.772335,-0.010612187,0,-26.504157,-4.8972974e-06,0
0.5,0,26.774062,-0.01066642,0,-26.494928,-4.8949341e-06,0
0.5,0,26.775806,-0.010729653,0,-26.4857,-4.8950189e-06,0
0.5,0,26.777232,-0.010804265,0,-26.476471,-4.898661e-06,0
0.5,0,26.778118,-0.01087247,0,-26.467243,-4.9050111e-06,0
0.5,0,26.778332,-0.010911396,0,-26.458014,-4.9112636e-06,0
0.5,0,26.777822,-0.01092513,0,-26.448786,-4.9138749e-06,0
0.5,0,26.776657,-0.010924401,0,-26.439557,-4.9100518e-06,0
0.5,0,26.775036,-0.010920265,0,-26.430329,-4.8983048e-06,0
0.5,0,26.773237,-0.010923287,0,-26.4211,-4.8783328e-06,0
0.5,0,26.771535,-0.010938152,0,-26.411872,-4.8518229e-06,0
0.5,0,26.770136,-0.010964262,0,-26.402644,-4.8220671e-06,0
0.5,0,26.769137,-0.010998566,0,-26.393415,-4.7921449e-06,0
0.5,0,26.768533,-0.011038,0,-26.384187,-4.7633833e-06,0
0.5,0,26.768245,-0.011079767,0,-26.374958,-4.7351164e-06,0
0.5,0,26.768167,-0.011120457,0,-26.36573,-4.7054134e-06,0
0.5,0,26.768204,-0.011156681,0,-26.356501,-4.671997e-06,0
0.5,0,26.768287,-0.011186813,0,-26.347273,-4.6329258e-06,0
0.5,0,26.768363,-0.011211145,0,-26.338044,-4.5869911e-06,0
0.5,0,26.768416,-0.011230001,0,-26.328816,-4.5337831e-06,0
0.5,0,26.768484,-0.011242489,0,-26.319587,-4.4735113e-06,0
0.5,0,26.768589,-0.011247903,0,-26.310359,-4.4068552e-06,0
0.5,0,26.768743,-0.011246994,0,-26.30113,-4.3349922e-06,0
0.5,0,26.768802,-0.011241282,0,-26.291902,-4.2596787e-06,0
0.5,0,26.768963,-0.011218588,0,-26.282673,-4.1821706e-06,0
0.5,0,26.76895,-0.011192646,0,-26.273445,-4.1032638e-06,0
0.5,0,26.768755,-0.011199256,0,-26.264217,-4.0262685e-06,0
0.5,0,26.768712,-0.011227419,0,-26.254988,-3.9563384e-06,0
0.5,0,26.768624,-0.011256227,0,-26.24576,-3.896923e-06,0
0.5,0,26.768683,-0.011281461,0,-26.236531,-3.8494431e-06,0
0.5,0,26.768976,-0.01129338,0,-26.227303,-3.8136862e-06,0
0.5,0,26.769507,-0.011284065,0,-26.218074,-3.7875523e-06,0
0.5,0,26.770309,-0.011253566,0,-26.208846,-3.7677882e-06,0
0.5,0,26.77138,-0.011207148,0,-26.199617,-3.7513748e-06,0
0.5,0,26.772647,-0.011151277,0,-26.190389,-3.7363063e-06,0
0.5,0,26.773932,-0.011090692,0,-26.18116,-3.7214458e-06,0
0.5,0,26.774959,-0.011028449,0,-26.171932,-3.7062392e-06,0
0.5,0,26.775441,-0.010966644,0,-26.162703,-3.6906914e-06,0
0.5,0,26.775198,-0.010907002,0,-26.153475,-3.6752965e-06,0
0.5,0,26.774246,-0.010851261,0,-26.144246,-3.6608242e-06,0
0.5,0,26.772809,-0.010802791,0,-26.135018,-3.6483713e-06,0
0.5,0,26.771232,-0.010768306,0,-26.12579,-3.6397983e-06,0
0.5,0,26.769856,-0.010756676,0,-26.116561,-3.6380928e-06,0
0.5,0,26.768926,-0.010771545,0,-26.107333,-3.6468081e-06,0
0.5,0,26.768555,-0.010807124,0,-26.098104,-3.6686819e-06,0
0.5,0,26.768716,-0.010851537,0,-26.088876,-3.7044482e-06,0
0.5,0,26.769238,-0.010891566,0,-26.079647,-3.7523123e-06,0
0.5,0,26.76988,-0.01091844,0,-26.070419,-3.808146e-06,0
0.5,0,26.77044,-0.010933723,0,-26.06119,-3.8668759e-06,0
0.5,0,26.770814,-0.010951836,0,-26.051962,-3.9248341e-06,0
0.5,0,26.770959,-0.0109908,0,-26.042733,-3.9810509e-06,0
0.5,0,26.770868,-0.01105571,0,-26.033505,-4.0361683e-06,0
0.5,0,26.770556,-0.011136193,0,-26.024276,-4.0903555e-06,0
0.5,0,26.770092,-0.01121586,0,-26.015048,-4.1422941e-06,0
0.5,0,26.769456,-0.011276966,0,-26.005819,-4.1887872e-06,0
0.5,0,26.768889,-0.011310723,0,-25.996591,-4.2252534e-06,0
0.5,0,26.767966,-0.0113492,0,-25.987362,-4.2509441e-06,0
0.5,0,26.768685,-0.011447716,0,-25.978134,-4.2687257e-06,0
0.5,0,26.769591,-0.011495224,0,-25.968906,-4.2801758e-06,0
0.5,0,26.76911,-0.011447237,0,-25.959677,-4.2854811e-06,0
0.5,0,26.769475,-0.011401648,0,-25.950449,-4.2844759e-06,0
0.5,0,26.769924,-0.011349294,0,-25.94122,-4.2781656e-06,0
0.5,0,26.770038,-0.011275478,0,-25.931992,-4.2686259e-06,0
0.5,0,26.769748,-0.011188697,0,-25.922763,-4.2572457e-06,0
0.5,0,26.769133,-0.01109775,0,-25.913535,-4.2441299e-06,0
0.5,0,26.768416,-0.011005323,0,-25.904306,-4.2291072e-06,0
0.5,0,26.767756,-0.010912636,0,-25.895078,-4.2123646e-06,0
0.5,0,26.767194,-0.01082126,0,-25.885849,-4.1942797e-06,0
0.5,0,26.766738,-0.010729978,0,-25.876621,-4.1752889e-06,0
0.5,0,26.766462,-0.010634963,0,-25.867392,-4.1559833e-06,0
0.5,0,26.76648,-0.010535131,0,-25.858164,-4.136876e-06,0
0.5,0,26.76683,-0.010435238,0,-25.848935,-4.117876e-06,0
0.5,0,26.767399,-0.010343166,0,-25.839707,-4.0982161e-06,0
0.5,0,26.767959,-0.010266273,0,-25.830479,-4.0770146e-06,0
0.5,0,26.768303,-0.010210107,0,-25.82125,-4.0538639e-06,0
0.5,0,26.768366,-0.010177739,0,-25.812022,-4.028987e-06,0
0.5,0,26.768233,-0.010168345,0,-25.802793,-4.0030699e-06,0
0.5,0,26.768062,-0.010176827,0,-25.793565,-3.9769754e-06,0
0.5,0,26.767984,-0.010195684,0,-25.784336,-3.951412e-06,0
0.5,0,26.768051,-0.010218046,0,-25.775108,-3.9266528e-06,0
0.5,0,26.768234,-0.010240006,0,-25.765879,-3.9025215e-06,0
0.5,0,26.768467,-0.010261304,0,-25.756651,-3.8787888e-06,0
0.5,0,26.768681,-0.010283744,0,-25.747422,-3.8558026e-06,0
0.5,0,26.76884,-0.010307335,0,-25.738194,-3.8348405e-06,0
0.5,0,26.768944,-0.010326799,0,-25.728965,-3.8176658e-06,0
0.5,0,26.769029,-0.010333513,0,-25.719737,-3.8054345e-06,0
0.5,0,26.76915,-0.010323762,0,-25.710508,-3.7979321e-06,0
0.5,0,26.769364,-0.010304768,0,-25.70128,-3.7939208e-06,0
0.5,0,26.769714,-0.010290549,0,-25.692052,-3.7921275e-06,0
0.5,0,26.770206,-0.010288284,0,-25.682823,-3.791729e-06,0
0.5,0,26.770808,-0.010302359,0,-25.673595,-3.7917632e-06,0
0.5,0,26.771492,-0.010324883,0,-25.664366,-3.7913521e-06,0
0.5,0,26.772226,-0.010342904,0,-25.655138,-3.7891466e-06,0
0.5,0,26.772895,-0.010355063,0,-25.645909,-3.7825561e-06,0
0.5,0,26.773401,-0.010365473,0,-25.636681,-3.7691013e-06,0
0.5,0,26.773744,-0.010382904,0,-25.627452,-3.7476079e-06,0
0.5,0,26.774023,-0.010401543,0,-25.618224,-3.7176972e-06,0
0.5,0,26.774358,-0.010398559,0,-25.608995,-3.6775518e-06,0
0.5,0,26.774726,-0.010369623,0,-25.599767,-3.624073e-06,0
0.5,0,26.775053,-0.010349026,0,-25.590538,-3.5576125e-06,0
0.5,0,26.775318,-0.010366952,0,-25.58131,-3.4851276e-06,0
0.5,0,26.775543,-0.010399802,0,-25.572081,-3.4152325e-06,0
0.5,0,26.775715,-0.010396621,0,-25.562853,-3.3504053e-06,0
0.5,0,26.775823,-0.010345361,0,-25.553625,-3.2871762e-06,0
0.5,0,26.775882,-0.010277973,0,-25.544396,-3.2233476e-06,0
0.5,0,26.775843,-0.010225409,0,-25.535168,-3.1615903e-06,0
0.5,0,26.775787,-0.010191447,0,-25.525939,-3.1060741e-06,0
0.5,0,26.775911,-0.010162547,0,-25.516711,-3.0587325e-06,0
0.5,0,26.776171,-0.0101293,0,-25.507482,-3.0195006e-06,0
0.5,0,26.776355,-0.010093374,0,-25.498254,-2.987917e-06,0
0.5,0,26.776441,-0.01006405,0,-25.489025,-2.9630259e-06,0
0.5,0,26.776563,-0.010048377,0,-25.479797,-2.9429502e-06,0
0.5,0,26.776764,-0.010038455,0,-25.470568,-2.9266198e-06,0
0.5,0,26.776961,-0.01002341,0,-25.46134,-2.9149553e-06,0
0.5,0,26.777081,-0.01001415,0,-25.452111,-2.907628e-06,0
0.5,0,26.777114,-0.010029054,0,-25.442883,-2.8999772e-06,0
0.5,0,26.777099,-0.010058034,0,-25.433654,-2.8865358e-06,0
0.5,0,26.77705,-0.01007004,0,-25.424426,-2.8665365e-06,0
0.5,0,26.776999,-0.010051285,0,-25.415198,-2.8431635e-06,0
0.5,0,26.776974,-0.010015432,0,-25.405969,-2.8188772e-06,0
0.5,0,26.777045,-0.009979477,0,-25.396741,-2.7938992e-06,0
0.5,0,26.77727,-0.0099445324,0,-25.387512,-2.767982e-06,0
0.5,0,26.77758,-0.0099052271,0,-25.378284,-2.7416892e-06,0
0.5,0,26.777885,-0.0098639723,0,-25.369055,-2.7163162e-06,0
0.5,0,26.778127,-0.0098306202,0,-25.359827,-2.693424e-06,0
0.5,0,26.778343,-0.0098140133,0,-25.350598,-2.6743664e-06,0
0.5,0,26.778636,-0.0098155212,0,-25.34137,-2.6599252e-06,0
0.5,0,26.779106,-0.0098317092,0,-25.332141,-2.6499339e-06,0
0.5,0,26.779813,-0.0098594717,0,-25.322913,-2.6429676e-06,0
0.5,0,26.780753,-0.0098968277,0,-25.313684,-2.6366332e-06,0
0.5,0,26.781856,-0.0099417322,0,-25.304456,-2.6284431e-06,0
0.5,0,26.783023,-0.0099911077,0,-25.295227,-2.6166367e-06,0
0.5,0,26.784204,-0.010040254,0,-25.285999,-2.6006049e-06,0
0.5,0,26.785404,-0.010083662,0,-25.276771,-2.5809376e-06,0
0.5,0,26.786623,-0.010117223,0,-25.267542,-2.559124e-06,0
0.5,0,26.787803,-0.010139131,0,-25.258314,-2.5370815e-06,0
0.5,0,26.788821,-0.010148768,0,-25.249085,-2.5167115e-06,0
0.5,0,26.789513,-0.010146284,0,-25.239857,-2.4995291e-06,0
0.5,0,26.789703,-0.010134989,0,-25.230628,-2.4864753e-06,0
0.5,0,26.789276,-0.010121764,0,-25.2214,-2.4779736e-06,0
0.5,0,26.788222,-0.010112707,0,-25.212171,-2.4739795e-06,0
0.5,0,26.786632,-0.01011071,0,-25.202943,-2.4735497e-06,0
0.5,0,26.784651,-0.010116243,0,-25.193714,-2.4747874e-06,0
0.5,0,26.782501,-0.010126504,0,-25.184486,-2.4755566e-06,0
0.5,0,26.780499,-0.010137285,0,-25.175257,-2.4734958e-06,0
0.5,0,26.77895,-0.010144135,0,-25.166029,-2.4659036e-06,0
0.5,0,26.778049,-0.010141098,0,-25.1568,-2.4503235e-06,0
0.5,0,26.777776,-0.010124817,0,-25.147572,-2.4250109e-06,0
0.5,0,26.777882,-0.010099692,0,-25.138344,-2.3894768e-06,0
0.5,0,26.778036,-0.010076309,0,-25.129115,-2.3451783e-06,0
0.5,0,26.778011,-0.010063116,0,-25.119887,-2.2954863e-06,0
0.5,0,26.777761,-0.010060086,0,-25.110658,-2.2448056e-06,0
0.5,0,26.777371,-0.010060938,0,-25.10143,-2.1974415e-06,0
0.5,0,26.776994,-0.010060514,0,-25.092201,-2.1566377e-06,0
0.5,0,26.776777,-0.010059103,0,-25.082973,-2.1239693e-06,0
0.5,0,26.776808,-0.010060991,0,-25.073744,-2.0991717e-06,0
0.5,0,26.777088,-0.010070461,0,-25.064516,-2.0803236e-06,0
0.5,0,26.77753,-0.010088573,0,-25.055287,-2.0643315e-06,0
0.5,0,26.778,-0.010112145,0,-25.046059,-2.0477694e-06,0
0.5,0,26.778362,-0.010135682,0,-25.03683,-2.0279163e-06,0
0.5,0,26.778517,-0.010155687,0,-25.027602,-2.0034704e-06,0
0.5,0,26.778437,-0.01017434,0,-25.018373,-1.9745113e-06,0
0.5,0,26.778173,-0.010199105,0,-25.009145,-1.9418815e-06,0
0.5,0,26.777806,-0.010237968,0,-24.999917,-1.9065885e-06,0
0.5,0,26.777388,-0.01029379,0,-24.990688,-1.8696818e-06,0
0.5,0,26.776938,-0.010361795,0,-24.98146,-1.8324964e-06,0
0.5,0,26.776501,-0.010431605,0,-24.972231,-1.7967489e-06,0
0.5,0,26.776161,-0.010492281,0,-24.963003,-1.7641089e-06,0
0.5,0,26.775956,-0.010536831,0,-24.953774,-1.7354812e-06,0
0.5,0,26.775831,-0.010563344,0,-24.944546,-1.7107233e-06,0
0.5,0,26.775702,-0.010573423,0,-24.935317,-1.6892716e-06,0
0.5,0,26.775546,-0.010570635,0,-24.926089,-1.6712517e-06,0
0.5,0,26.775423,-0.010559974,0,-24.91686,-1.657984e-06,0
0.5,0,26.775408,-0.010548279,0,-24.907632,-1.6513056e-06,0
0.5,0,26.775521,-0.010543011,0,-24.898403,-1.6522797e-06,0
0.5,0,26.775711,-0.010548187,0,-24.889175,-1.6601537e-06,0
0.5,0,26.775905,-0.010562912,0,-24.879946,-1.6721901e-06,0
0.5,0,26.776052,-0.010585701,0,-24.870718,-1.6845843e-06,0
0.5,0,26.776146,-0.01061772,0,-24.86149,-1.6939823e-06,0
0.5,0,26.776201,-0.010661057,0,-24.852261,-1.6987809e-06,0
0.5,0,26.776268,-0.010716913,0,-24.843033,-1.6995955e-06,0
0.5,0,26.776225,-0.010791146,0,-24.833804,-1.6990024e-06,0
0.5,0,26.776384,-0.010882885,0,-24.824576,-1.7014201e-06,0
0.5,0,26.775792,-0.010997512,0,-24.815347,-1.7116139e-06,0
0.5,0,26.774765,-0.011081092,0,-24.806119,-1.7310929e-06,0
0.5,0,26.771869,-0.010992204,0,-24.79689,-1.7602007e-06,0
0.5,0,26.769228,-0.010836652,0,-24.787662,-1.8002175e-06,0
0.5,0,26.769197,-0.010758066,0,-24.778433,-1.8502336e-06,0
0.5,0,26.769092,-0.0107216,0,-24.769205,-1.9065726e-06,0
0.5,0,26.769188,-0.01072544,0,-24.759976,-1.9647128e-06,0
0.5,0,26.769336,-0.010755259,0,-24.750748,-2.0202968e-06,0
0.5,0,26.769394,-0.010797783,0,-24.741519,-2.0678495e-06,0
0.5,0,26.769445,-0.010842511,0,-24.732291,-2.1008035e-06,0
0.5,0,26.76956,-0.010873446,0,-24.723063,-2.1141781e-06,0
0.5,0,26.769687,-0.01087677,0,-24.713834,-2.1063776e-06,0
0.5,0,26.769741,-0.010856563,0,-24.704606,-2.0785365e-06,0
0.5,0,26.769633,-0.01083745,0,-24.695377,-2.034028e-06,0
0.5,0,26.76939,-0.010837599,0,-24.686149,-1.9786382e-06,0
0.5,0,26.769061,-0.010848088,0,-24.67692,-1.9190524e-06,0
0.5,0,26.768748,-0.010848012,0,-24.667692,-1.860798e-06,0
0.5,0,26.768698,-0.010834879,0,-24.658463,-1.8074911e-06,0
0.5,0,26.768852,-0.010817835,0,-24.649235,-1.7614798e-06,0
0.5,0,26.768657,-0.010827549,0,-24.640006,-1.7260435e-06,0
0.5,0,26.76868,-0.010865341,0,-24.630778,-1.7076059e-06,0
0.5,0,26.768671,-0.0108775,0,-24.621549,-1.7057378e-06,0
0.5,0,26.768231,-0.01087034,0,-24.612321,-1.7126197e-06,0
0.5,0,26.768018,-0.010870769,0,-24.603092,-1.7238347e-06,0
0.5,0,26.767752,-0.010865217,0,-24.593864,-1.7366235e-06,0
0.5,0,26.767449,-0.010848192,0,-24.584636,-1.7480197e-06,0
0.5,0,26.767268,-0.010823975,0,-24.575407,-1.7557328e-06,0
0.5,0,26.767273,-0.01079593,0,-24.566179,-1.7587703e-06,0
0.5,0,26.767519,-0.010766427,0,-24.55695,-1.7576636e-06,0
0.5,0,26.768056,-0.010739485,0,-24.547722,-1.7540076e-06,0
0.5,0,26.768904,-0.010720371,0,-24.538493,-1.75001e-06,0
0.5,0,26.770036,-0.010713854,0,-24.529265,-1.7481433e-06,0
0.5,0,26.77136,-0.010722941,0,-24.520036,-1.7507492e-06,0
0.5,0,26.772717,-0.010745832,0,-24.510808,-1.759812e-06,0
0.5,0,26.773916,-0.01077816,0,-24.501579,-1.7763374e-06,0
0.5,0,26.77475,-0.010817042,0,-24.492351,-1.7998295e-06,0
0.5,0,26.775066,-0.010860416,0,-24.483122,-1.8284203e-06,0
0.5,0,26.774831,-0.010901873,0,-24.473894,-1.8597681e-06,0
0.5,0,26.77414,-0.010929858,0,-24.464665,-1.8921471e-06,0
0.5,0,26.77318,-0.010934342,0,-24.455437,-1.9248111e-06,0
0.5,0,26.772181,-0.010913718,0,-24.446209,-1.9573369e-06,0
0.5,0,26.771358,-0.010875037,0,-24.43698,-1.988688e-06,0
0.5,0,26.770848,-0.010828921,0,-24.427752,-2.0168901e-06,0
0.5,0,26.770659,-0.010784468,0,-24.418523,-2.0394849e-06,0
0.5,0,26.770665,-0.010746764,0,-24.409295,-2.0542528e-06,0
0.5,0,26.770643,-0.010718865,0,-24.400066,-2.0597201e-06,0
0.5,0,26.770352,-0.010708433,0,-24.390838,-2.0558e-06,0
0.5,0,26.76964,-0.010720508,0,-24.381609,-2.0437823e-06,0
0.5,0,26.768519,-0.010747415,0,-24.372381,-2.0252905e-06,0
0.5,0,26.767199,-0.010777865,0,-24.363152,-2.0019538e-06,0
0.5,0,26.766038,-0.010804155,0,-24.353924,-1.9759634e-06,0
0.5,0,26.765428,-0.010821331,0,-24.344695,-1.9506167e-06,0
0.5,0,26.765666,-0.010827217,0,-24.335467,-1.9303303e-06,0
0.5,0,26.76685,-0.010821538,0,-24.326238,-1.9198056e-06,0
0.5,0,26.76884,-0.010805136,0,-24.31701,-1.9228122e-06,0
0.5,0,26.771281,-0.010780999,0,-24.307782,-1.9412877e-06,0
0.5,0,26.773706,-0.01075471,0,-24.298553,-1.9750107e-06,0
0.5,0,26.77565,-0.010732835,0,-24.289325,-2.0218505e-06,0
0.5,0,26.77677,-0.010720315,0,-24.280096,-2.0783182e-06,0
0.5,0,26.776918,-0.010719832,0,-24.270868,-2.1400335e-06,0
0.5,0,26.77617,-0.010733747,0,-24.261639,-2.2023806e-06,0
0.5,0,26.774793,-0.010762124,0,-24.252411,-2.2613988e-06,0
0.5,0,26.773159,-0.010797277,0,-24.243182,-2.3140063e-06,0
0.5,0,26.771643,-0.010827647,0,-24.233954,-2.3577367e-06,0
0.5,0,26.770527,-0.010849123,0,-24.224725,-2.3911661e-06,0
0.5,0,26.769945,-0.010863296,0,-24.215497,-2.4147077e-06,0
0.5,0,26.769877,-0.01086692,0,-24.206268,-2.4298643e-06,0
0.5,0,26.770189,-0.010857927,0,-24.19704,-2.4386117e-06,0
0.5,0,26.770715,-0.010845346,0,-24.187811,-2.4440447e-06,0
0.5,0,26.771317,-0.010841045,0,-24.178583,-2.449808e-06,0
0.5,0,26.771894,-0.010844593,0,-24.169355,-2.4591287e-06,0
0.5,0,26.772381,-0.010830147,0,-24.160126,-2.4730889e-06,0
0.5,0,26.772768,-0.010741565,0,-24.150898,-2.4860554e-06,0
0.5,0,26.773021,-0.010659051,0,-24.141669,-2.4904838e-06,0
0.5,0,26.773253,-0.01072569,0,-24.132441,-2.4966524e-06,0
0.5,0,26.773079,-0.010857781,0,-24.123212,-2.528614e-06,0
0.5,0,26.772842,-0.010911777,0,-24.113984,-2.5744732e-06,0
0.5,0,26.773068,-0.010829053,0,-24.104755,-2.5973391e-06,0
0.5,0,26.772962,-0.010692046,0,-24.095527,-2.6026869e-06,0
0.5,0,26.772358,-0.01066867,0,-24.086298,-2.6081237e-06,0
0.5,0,26.771613,-0.010745167,0,-24.07707,-2.6035934e-06,0
0.5,0,26.771161,-0.010782967,0,-24.067841,-2.5841963e-06,0
0.5,0,26.770688,-0.010770873,0,-24.058613,-2.55771e-06,0
0.5,0,26.770192,-0.010789973,0,-24.049384,-2.5289608e-06,0
0.5,0,26.770046,-0.010833455,0,-24.040156,-2.4995505e-06,0
0.5,0,26.77,-0.01086332,0,-24.030928,-2.4711525e-06,0
0.5,0,26.770146,-0.01088086,0,-24.021699,-2.4459454e-06,0
0.5,0,26.770442,-0.010894741,0,-24.012471,-2.4266733e-06,0
0.5,0,26.770778,-0.010909248,0,-24.003242,-2.4158813e-06,0
0.5,0,26.771125,-0.010925708,0,-23.994014,-2.414854e-06,0
0.5,0,26.771464,-0.010942981,0,-23.984785,-2.4229952e-06,0
0.5,0,26.77178,-0.010959486,0,-23.975557,-2.4380491e-06,0
0.5,0,26.772062,-0.010972757,0,-23.966328,-2.4568341e-06,0
0.5,0,26.772294,-0.010977874,0,-23.9571,-2.4759387e-06,0
0.5,0,26.772501,-0.010968259,0,-23.947871,-2.4921347e-06,0
0.5,0,26.772642,-0.010945649,0,-23.938643,-2.5028477e-06,0
0.5,0,26.772864,-0.010923431,0,-23.929414,-2.507538e-06,0
0.5,0,26.773074,-0.01091173,0,-23.920186,-2.5089329e-06,0
0.5,0,26.773386,-0.010905811,0,-23.910957,-2.5096702e-06,0
0.5,0,26.77397,-0.010894559,0,-23.901729,-2.5103163e-06,0
0.5,0,26.77459,-0.010886251,0,-23.892501,-2.5125492e-06,0
0.5,0,26.775225,-0.010895242,0,-23.883272,-2.5184119e-06,0
0.5,0,26.775744,-0.010916796,0,-23.874044,-2.5277224e-06,0
0.5,0,26.776078,-0.010942299,0,-23.864815,-2.5386662e-06,0
0.5,0,26.776222,-0.01096969,0,-23.855587,-2.5487905e-06,0
0.5,0,26.776171,-0.010999563,0,-23.846358,-2.555482e-06,0
0.5,0,26.775968,-0.011033489,0,-23.83713,-2.556708e-06,0
0.5,0,26.775684,-0.011075434,0,-23.827901,-2.5518625e-06,0
0.5,0,26.775386,-0.011131918,0,-23.818673,-2.542325e-06,0
0.5,0,26.775127,-0.011208584,0,-23.809444,-2.5311922e-06,0
0.5,0,26.774934,-0.011305129,0,-23.800216,-2.5220188e-06,0
0.5,0,26.774808,-0.011412778,0,-23.790987,-2.5170396e-06,0
0.5,0,26.774721,-0.011496696,0,-23.781759,-2.5158995e-06,0
0.5,0,26.774634,-0.011542846,0,-23.77253,-2.5158282e-06,0
0.5,0,26.774499,-0.011574065,0,-23.763302,-2.513158e-06,0
0.5,0,26.774277,-0.01160761,0,-23.754074,-2.5051782e-06,0
0.5,0,26.773962,-0.011657602,0,-23.744845,-2.4911607e-06,0
0.5,0,26.773587,-0.01172777,0,-23.735617,-2.4719221e-06,0
0.5,0,26.773213,-0.011807987,0,-23.726388,-2.448183e-06,0
0.5,0,26.772905,-0.01188253,0,-23.71716,-2.4190201e-06,0
0.5,0,26.772694,-0.011947066,0,-23.707931,-2.382078e-06,0
0.5,0,26.772562,-0.012020153,0,-23.698703,-2.3360451e-06,0
0.5,0,26.772462,-0.012135045,0,-23.689474,-2.2836383e-06,0
0.5,0,26.772368,-0.012312168,0,-23.680246,-2.2319307e-06,0
0.5,0,26.772249,-0.012536881,0,-23.671017,-2.1885929e-06,0
0.5,0,26.77217,-0.012767145,0,-23.661789,-2.1568731e-06,0
0.5,0,26.772,-0.012967907,0,-23.65256,-2.1341817e-06,0
0.5,0,26.772079,-0.013115251,0,-23.643332,-2.1142939e-06,0
0.5,0,26.771474,-0.013219525,0,-23.634103,-2.090447e-06,0
0.5,0,26.76956,-0.013293486,0,-23.624875,-2.0591431e-06,0
0.5,0,26.767594,-0.013235733,0,-23.615647,-2.0262552e-06,0
0.5,0,26.76598,-0.013009,0,-23.606418,-1.9961838e-06,0
0.5,0,26.764999,-0.012750292,0,-23.59719,-1.965457e-06,0
0.5,0,26.764729,-0.012553324,0,-23.587961,-1.9326218e-06,0
0.5,0,26.764709,-0.012404061,0,-23.578733,-1.8996013e-06,0
0.5,0,26.764675,-0.012276777,0,-23.569504,-1.8712764e-06,0
0.5,0,26.764579,-0.012179586,0,-23.560276,-1.8525615e-06,0
0.5,0,26.764421,-0.012123933,0,-23.551047,-1.8458383e-06,0
0.5,0,26.764314,-0.012103073,0,-23.541819,-1.8524973e-06,0
0.5,0,26.764263,-0.01210194,0,-23.53259,-1.8743828e-06,0
0.5,0,26.764115,-0.012108679,0,-23.523362,-1.913023e-06,0
0.5,0,26.763723,-0.012113206,0,-23.514133,-1.968582e-06,0
0.5,0,26.763094,-0.012105575,0,-23.504905,-2.0393787e-06,0
0.5,0,26.762369,-0.012077776,0,-23.495676,-2.1213765e-06,0
0.5,0,26.761698,-0.012027023,0,-23.486448,-2.2081971e-06,0
0.5,0,26.761133,-0.011958476,0,-23.47722,-2.2925292e-06,0
0.5,0,26.760625,-0.011879584,0,-23.467991,-2.3678311e-06,0
0.5,0,26.760093,-0.011794338,0,-23.458763,-2.4287342e-06,0
0.5,0,26.759501,-0.011706885,0,-23.449534,-2.4707698e-06,0
0.5,0,26.758895,-0.011621542,0,-23.440306,-2.4913825e-06,0
0.5,0,26.758377,-0.011539192,0,-23.431077,-2.4913109e-06,0
0.5,0,26.758034,-0.0114602,0,-23.421849,-2.4743388e-06,0
0.5,0,26.757897,-0.011388837,0,-23.41262,-2.4459232e-06,0
0.5,0,26.757936,-0.011331901,0,-23.403392,-2.4120653e-06,0
0.5,0,26.758107,-0.011295361,0,-23.394163,-2.378786e-06,0
0.5,0,26.758386,-0.011282941,0,-23.384935,-2.3518935e-06,0
0.5,0,26.758777,-0.011295057,0,-23.375706,-2.3368617e-06,0
0.5,0,26.759264,-0.011328797,0,-23.366478,-2.3385898e-06,0
0.5,0,26.759833,-0.01137778,0,-23.357249,-2.3608995e-06,0
0.5,0,26.760341,-0.011439265,0,-23.348021,-2.4060098e-06,0
0.5,0,26.760823,-0.01151568,0,-23.338793,-2.4747826e-06,0
0.5,0,26.761077,-0.011599875,0,-23.329564,-2.5670237e-06,0
0.5,0,26.76117,-0.011666351,0,-23.320336,-2.6780713e-06,0
0.5,0,26.761303,-0.011686282,0,-23.311107,-2.798122e-06,0
0.5,0,26.761312,-0.011660392,0,-23.301879,-2.9178129e-06,0
0.5,0,26.761307,-0.011607014,0,-23.29265,-3.029768e-06,0
0.5,0,26.761294,-0.011533834,0,-23.283422,-3.1274234e-06,0
0.5,0,26.76132,-0.011449005,0,-23.274193,-3.2060618e-06,0
0.5,0,26.761443,-0.011366957,0,-23.264965,-3.2633749e-06,0
0.5,0,26.761655,-0.011301015,0,-23.255736,-3.2992254e-06,0
0.5,0,26.761921,-0.011258451,0,-23.246508,-3.3157716e-06,0
0.5,0,26.762195,-0.011240255,0,-23.237279,-3.3173767e-06,0
0.5,0,26.762431,-0.011241162,0,-23.228051,-3.3100037e-06,0
0.5,0,26.762606,-0.011252553,0,-23.218822,-3.2999377e-06,0
0.5,0,26.762732,-0.011267887,0,-23.209594,-3.2925368e-06,0
0.5,0,26.762836,-0.011279031,0,-23.200366,-3.2914338e-06,0
0.5,0,26.76293,-0.011284458,0,-23.191137,-3.2979293e-06,0
0.5,0,26.762991,-0.011284723,0,-23.181909,-3.3109679e-06,0
0.5,0,26.762982,-0.011274438,0,-23.17268,-3.3276104e-06,0
0.5,0,26.762891,-0.011256593,0,-23.163452,-3.3438485e-06,0
0.5,0,26.762753,-0.011245926,0,-23.154223,-3.356716e-06,0
0.5,0,26.762635,-0.011253236,0,-23.144995,-3.3660685e-06,0
0.5,0,26.762588,-0.01126948,0,-23.135766,-3.3731001e-06,0
0.5,0,26.762626,-0.01127924,0,-23.126538,-3.3779764e-06,0
0.5,0,26.762689,-0.011285635,0,-23.117309,-3.3809133e-06,0
0.5,0,26.762731,-0.011311535,0,-23.108081,-3.3852871e-06,0
0.5,0,26.762829,-0.011370678,0,-23.098852,-3.3977495e-06,0
0.5,0,26.762967,-0.011457535,0,-23.089624,-3.4258146e-06,0
0.5,0,26.762984,-0.011568498,0,-23.080395,-3.4759903e-06,0
0.5,0,26.762841,-0.01170084,0,-23.071167,-3.5528643e-06,0
0.5,0,26.762575,-0.011837993,0,-23.061939,-3.6589947e-06,0
0.5,0,26.762335,-0.011953253,0,-23.05271,-3.7938486e-06,0
0.5,0,26.761858,-0.012031844,0,-23.043482,-3.9507565e-06,0
0.5,0,26.761465,-0.012062895,0,-23.034253,-4.1161739e-06,0
0.5,0,26.760772,-0.012053175,0,-23.025025,-4.27659e-06,0
0.5,0,26.759579,-0.012017079,0,-23.015796,-4.4237473e-06,0
0.5,0,26.75857,-0.011933509,0,-23.006568,-4.5483727e-06,0
0.5,0,26.757558,-0.0118174,0,-22.997339,-4.6401687e-06,0
0.5,0,26.756832,-0.011713602,0,-22.988111,-4.6967483e-06,0
0.5,0,26.75634,-0.011612146,0,-22.978882,-4.7193285e-06,0
0.5,0,26.75578,-0.011475926,0,-22.969654,-4.7043764e-06,0
0.5,0,26.755315,-0.011316117,0,-22.960425,-4.6494609e-06,0
0.5,0,26.755125,-0.011188869,0,-22.951197,-4.5587146e-06,0
0.5,0,26.755136,-0.011117067,0,-22.941968,-4.4393669e-06,0
0.5,0,26.755213,-0.01108233,0,-22.93274,-4.3006464e-06,0
0.5,0,26.755306,-0.011075303,0,-22.923512,-4.1539989e-06,0
0.5,0,26.755395,-0.011101172,0,-22.914283,-4.0103101e-06,0
0.5,0,26.755451,-0.011158499,0,-22.905055,-3.8782976e-06,0
0.5,0,26.755468,-0.011236631,0,-22.895826,-3.7650274e-06,0
0.5,0,26.755462,-0.011323988,0,-22.886598,-3.6760163e-06,0
0.5,0,26.755467,-0.011411384,0,-22.877369,-3.6147196e-06,0
0.5,0,26.755517,-0.011491132,0,-22.868141,-3.5822371e-06,0
0.5,0,26.755629,-0.011556538,0,-22.858912,-3.5773125e-06,0
0.5,0,26.755798,-0.011602174,0,-22.849684,-3.5964824e-06,0
0.5,0,26.756003,-0.011624349,0,-22.840455,-3.6344415e-06,0
0.5,0,26.756221,-0.011621718,0,-22.831227,-3.6847104e-06,0
0.5,0,26.756437,-0.011595569,0,-22.821998,-3.7405811e-06,0
0.5,0,26.756641,-0.011549519,0,-22.81277,-3.7961573e-06,0
0.5,0,26.756826,-0.011488538,0,-22.803541,-3.8471594e-06,0
0.5,0,26.756963,-0.011417699,0,-22.794313,-3.8912261e-06,0
0.5,0,26.757003,-0.011341506,0,-22.785085,-3.927702e-06,0
0.5,0,26.756898,-0.011264413,0,-22.775856,-3.9571766e-06,0
0.5,0,26.756635,-0.011192389,0,-22.766628,-3.9811107e-06,0
0.5,0,26.756254,-0.011134174,0,-22.757399,-4.0017236e-06,0
0.5,0,26.755837,-0.011100731,0,-22.748171,-4.022053e-06,0
0.5,0,26.755464,-0.01110244,0,-22.738942,-4.0459347e-06,0
0.5,0,26.755181,-0.011144992,0,-22.729714,-4.0776818e-06,0
0.5,0,26.754991,-0.011225988,0,-22.720485,-4.1214065e-06,0
0.5,0,26.754861,-0.011333953,0,-22.711257,-4.1801534e-06,0
0.5,0,26.754747,-0.011450373,0,-22.702028,-4.2551537e-06,0
0.5,0,26.754612,-0.011554127,0,-22.6928,-4.3454932e-06,0
0.5,0,26.754439,-0.011626788,0,-22.683571,-4.448353e-06,0
0.5,0,26.754239,-0.011657105,0,-22.674343,-4.5597667e-06,0
0.5,0,26.754044,-0.011643382,0,-22.665114,-4.6756621e-06,0
0.5,0,26.753892,-0.011593339,0,-22.655886,-4.7928792e-06,0
0.5,0,26.753807,-0.011521738,0,-22.646658,-4.9098904e-06,0
0.5,0,26.753793,-0.011446371,0,-22.637429,-5.0270545e-06,0
0.5,0,26.753854,-0.011383319,0,-22.628201,-5.1463565e-06,0
0.5,0,26.754031,-0.011342788,0,-22.618972,-5.2707018e-06,0
0.5,0,26.754429,-0.011327117,0,-22.609744,-5.4029599e-06,0
0.5,0,26.755202,-0.01133194,0,-22.600515,-5.5450748e-06,0
0.5,0,26.756497,-0.011349948,0,-22.591287,-5.6975818e-06,0
0.5,0,26.758382,-0.011374966,0,-22.582058,-5.8596648e-06,0
0.5,0,26.760797,-0.011403757,0,-22.57283,-6.0295758e-06,0
0.5,0,26.763552,-0.011434366,0,-22.563601,-6.2050007e-06,0
0.5,0,26.766339,-0.011462411,0,-22.554373,-6.3829982e-06,0
0.5,0,26.768764,-0.01147878,0,-22.545144,-6.5595122e-06,0
0.5,0,26.770416,-0.011472151,0,-22.535916,-6.7289623e-06,0
0.5,0,26.770981,-0.011436865,0,-22.526687,-6.8846949e-06,0
0.5,0,26.770342,-0.011381432,0,-22.517459,-7.0207207e-06,0
0.5,0,26.768641,-0.011328721,0,-22.508231,-7.134087e-06,0
0.5,0,26.766238,-0.011303521,0,-22.499002,-7.2261575e-06,0
0.5,0,26.763622,-0.01131758,0,-22.489774,-7.3015224e-06,0
0.5,0,26.761271,-0.011368212,0,-22.480545,-7.3655595e-06,0
0.5,0,26.759564,-0.011445003,0,-22.471317,-7.4228547e-06,0
0.5,0,26.758546,-0.011532842,0,-22.462088,-7.476483e-06,0
0.5,0,26.758295,-0.011615713,0,-22.45286,-7.5279435e-06,0
0.5,0,26.758089,-0.01170563,0,-22.443631,-7.5805558e-06,0
0.5,0,26.759637,-0.011850355,0,-22.434403,-7.6388774e-06,0
0.5,0,26.761271,-0.011942857,0,-22.425174,-7.7047711e-06,0
0.5,0,26.761277,-0.011931829,0,-22.415946,-7.7776468e-06,0
0.5,0,26.761867,-0.011909237,0,-22.406717,-7.8555892e-06,0
0.5,0,26.762394,-0.011867794,0,-22.397489,-7.9362532e-06,0
0.5,0,26.762624,-0.011792885,0,-22.38826,-8.0170766e-06,0
0.5,0,26.762603,-0.011691229,0,-22.379032,-8.0943253e-06,0
0.5,0,26.762404,-0.011572413,0,-22.369804,-8.1623686e-06,0
0.5,0,26.762144,-0.011440378,0,-22.360575,-8.2147899e-06,0
0.5,0,26.761858,-0.011297539,0,-22.351347,-8.2459006e-06,0
0.5,0,26.761481,-0.011150514,0,-22.342118,-8.2514198e-06,0
0.5,0,26.760955,-0.011009031,0,-22.33289,-8.2286818e-06,0
0.5,0,26.760303,-0.010882316,0,-22.323661,-8.17682e-06,0
0.5,0,26.759618,-0.010777753,0,-22.314433,-8.0968388e-06,0
0.5,0,26.758989,-0.010700348,0,-22.305204,-7.991546e-06,0
0.5,0,26.75844,-0.010651268,0,-22.295976,-7.8655344e-06,0
0.5,0,26.757931,-0.010627452,0,-22.286747,-7.7251379e-06,0
0.5,0,26.757402,-0.010624013,0,-22.277519,-7.5779847e-06,0
0.5,0,26.756808,-0.010637231,0,-22.26829,-7.432028e-06,0
0.5,0,26.756144,-0.010664899,0,-22.259062,-7.2944899e-06,0
0.5,0,26.755442,-0.010704208,0,-22.249833,-7.1712388e-06,0
0.5,0,26.754753,-0.010750492,0,-22.240605,-7.0666155e-06,0
0.5,0,26.754114,-0.010798682,0,-22.231377,-6.9832815e-06,0
0.5,0,26.75352,-0.010845628,0,-22.222148,-6.9217998e-06,0
0.5,0,26.752943,-0.010890209,0,-22.21292,-6.880171e-06,0
0.5,0,26.752377,-0.010930795,0,-22.203691,-6.8538252e-06,0
0.5,0,26.751868,-0.010962488,0,-22.194463,-6.836335e-06,0
0.5,0,26.751494,-0.010976898,0,-22.185234,-6.8206453e-06,0
0.5,0,26.751297,-0.010964915,0,-22.176006,-6.8003447e-06,0
0.5,0,26.751248,-0.01092075,0,-22.166777,-6.7705691e-06,0
0.5,0,26.751267,-0.010844893,0,-22.157549,-6.7283712e-06,0
0.5,0,26.751301,-0.010744455,0,-22.14832,-6.6726469e-06,0
0.5,0,26.751369,-0.010631077,0,-22.139092,-6.6037884e-06,0
0.5,0,26.751547,-0.01051759,0,-22.129863,-6.5232013e-06,0
0.5,0,26.751896,-0.010414956,0,-22.120635,-6.4327208e-06,0
0.5,0,26.752399,-0.010330663,0,-22.111406,-6.3339511e-06,0
0.5,0,26.752953,-0.010268851,0,-22.102178,-6.2276923e-06,0
0.5,0,26.753416,-0.010231381,0,-22.09295,-6.113782e-06,0
0.5,0,26.753676,-0.01021847,0,-22.083721,-5.9915992e-06,0
0.5,0,26.753686,-0.01022807,0,-22.074493,-5.8610588e-06,0
0.5,0,26.753463,-0.010254741,0,-22.065264,-5.7234979e-06,0
0.5,0,26.753061,-0.010290081,0,-22.056036,-5.5818877e-06,0
0.5,0,26.752563,-0.010325534,0,-22.046807,-5.4403313e-06,0
0.5,0,26.752073,-0.010355732,0,-22.037579,-5.3032862e-06,0
0.5,0,26.751699,-0.010379693,0,-22.02835,-5.1749264e-06,0
0.5,0,26.751522,-0.010399338,0,-22.019122,-5.0587169e-06,0
0.5,0,26.751566,-0.010417358,0,-22.009893,-4.9571055e-06,0
0.5,0,26.751798,-0.010436215,0,-22.000665,-4.8713442e-06,0
0.5,0,26.752137,-0.010458155,0,-21.991436,-4.8015442e-06,0
0.5,0,26.752492,-0.01048524,0,-21.982208,-4.7469531e-06,0
0.5,0,26.752787,-0.010519124,0,-21.972979,-4.7062909e-06,0
0.5,0,26.752995,-0.010560995,0,-21.963751,-4.6779978e-06,0
0.5,0,26.753127,-0.010611633,0,-21.954523,-4.6603949e-06,0
0.5,0,26.753193,-0.010671039,0,-21.945294,-4.6518596e-06,0
0.5,0,26.75318,-0.010737562,0,-21.936066,-4.6510432e-06,0
0.5,0,26.753075,-0.010807282,0,-21.926837,-4.6569899e-06,0
0.5,0,26.752894,-0.010874831,0,-21.917609,-4.6689896e-06,0
0.5,0,26.752684,-0.010934648,0,-21.90838,-4.6861694e-06,0
0.5,0,26.752492,-0.010981853,0,-21.899152,-4.7070545e-06,0
0.5,0,26.752357,-0.011012729,0,-21.889923,-4.7293539e-06,0
0.5,0,26.752296,-0.011024731,0,-21.880695,-4.7501054e-06,0
0.5,0,26.752307,-0.011017045,0,-21.871466,-4.7661478e-06,0
0.5,0,26.752377,-0.010991578,0,-21.862238,-4.7747354e-06,0
0.5,0,26.752479,-0.01095368,0,-21.853009,-4.7740295e-06,0
0.5,0,26.752579,-0.010911657,0,-21.843781,-4.763272e-06,0
0.5,0,26.752651,-0.010874354,0,-21.834552,-4.7426311e-06,0
0.5,0,26.752679,-0.010848018,0,-21.825324,-4.7128274e-06,0
0.5,0,26.752635,-0.010834597,0,-21.816096,-4.6746842e-06,0
0.5,0,26.75249,-0.01083221,0,-21.806867,-4.6286817e-06,0
0.5,0,26.75225,-0.010836908,0,-21.797639,-4.5746655e-06,0
0.5,0,26.751956,-0.010844624,0,-21.78841,-4.5118918e-06,0
0.5,0,26.751648,-0.010852628,0,-21.779182,-4.4394054e-06,0
0.5,0,26.751335,-0.010859965,0,-21.769953,-4.3565663e-06,0
0.5,0,26.751013,-0.010867034,0,-21.760725,-4.2634582e-06,0
0.5,0,26.750687,-0.010874719,0,-21.751496,-4.1609897e-06,0
0.5,0,26.750386,-0.010883375,0,-21.742268,-4.0507022e-06,0
0.5,0,26.750149,-0.010892116,0,-21.733039,-3.9344658e-06,0
0.5,0,26.750011,-0.010899141,0,-21.723811,-3.8142047e-06,0
0.5,0,26.749993,-0.010903519,0,-21.714582,-3.6916158e-06,0
0.5,0,26.750089,-0.010907325,0,-21.705354,-3.5677977e-06,0
0.5,0,26.750265,-0.010915797,0,-21.696125,-3.4429361e-06,0
0.5,0,26.750463,-0.010934546,0,-21.686897,-3.3164134e-06,0
0.5,0,26.75063,-0.010966015,0,-21.677669,-3.1874756e-06,0
0.5,0,26.750733,-0.011008291,0,-21.66844,-3.0560266e-06,0
0.5,0,26.75078,-0.01105667,0,-21.659212,-2.9228923e-06,0
0.5,0,26.750813,-0.011105714,0,-21.649983,-2.7893549e-06,0
0.5,0,26.750908,-0.011150185,0,-21.640755,-2.6564024e-06,0
0.5,0,26.751162,-0.011185281,0,-21.631526,-2.5242843e-06,0
0.5,0,26.751691,-0.011207118,0,-21.622298,-2.3925731e-06,0
0.5,0,26.75264,-0.011213196,0,-21.613069,-2.2604825e-06,0
0.5,0,26.754143,-0.011202694,0,-21.603841,-2.1271497e-06,0
0.5,0,26.756387,-0.011175849,0,-21.594612,-1.9918499e-06,0
0.5,0,26.759389,-0.011137991,0,-21.585384,-1.8543593e-06,0
0.5,0,26.763387,-0.011092862,0,-21.576155,-1.7151934e-06,0
0.5,0,26.768248,-0.011046767,0,-21.566927,-1.5758509e-06,0
0.5,0,26.774136,-0.011011005,0,-21.557698,-1.4382773e-06,0
0.5,0,26.781079,-0.01098234,0,-21.54847,-1.3044028e-06,0
0.5,0,26.78871,-0.010953502,0,-21.539242,-1.1780082e-06,0
0.5,0,26.797212,-0.010924801,0,-21.530013,-1.0628149e-06,0
0.5,0,26.806313,-0.010903408,0,-21.520785,-9.5860655e-07,0
0.5,0,26.815569,-0.010896705,0,-21.511556,-8.6392037e-07,0
0.5,0,26.824413,-0.010906301,0,-21.502328,-7.7994585e-07,0
0.5,0,26.832225,-0.010934896,0,-21.493099,-7.1015648e-07,0
0.5,0,26.838508,-0.010982182,0,-21.483871,-6.5832184e-07,0
0.5,0,26.842978,-0.011039592,0,-21.474642,-6.2725613e-07,0
0.5,0,26.845615,-0.011095534,0,-21.465414,-6.1831753e-07,0
0.5,0,26.846664,-0.011142292,0,-21.456185,-6.3151709e-07,0
0.5,0,26.846591,-0.011176803,0,-21.446957,-6.6589052e-07,0
0.5,0,26.845986,-0.011196562,0,-21.437728,-7.1948558e-07,0
0.5,0,26.845376,-0.011196235,0,-21.4285,-7.8884116e-07,0
0.5,0,26.845049,-0.011169923,0,-21.419271,-8.6864358e-07,0
0.5,0,26.845006,-0.011115475,0,-21.410043,-9.5222456e-07,0
0.5,0,26.844979,-0.011041209,0,-21.400815,-1.0331814e-06,0
0.5,0,26.844638,-0.010969994,0,-21.391586,-1.1078109e-06,0
0.5,0,26.843689,-0.010931006,0,-21.382358,-1.1771844e-06,0
0.5,0,26.841914,-0.010945741,0,-21.373129,-1.2468691e-06,0
0.5,0,26.839216,-0.011009443,0,-21.363901,-1.3235384e-06,0
0.5,0,26.835494,-0.011096084,0,-21.354672,-1.4115209e-06,0
0.5,0,26.830706,-0.01118688,0,-21.345444,-1.5120054e-06,0
0.5,0,26.824985,-0.011277161,0,-21.336215,-1.6240257e-06,0
0.5,0,26.818567,-0.011367779,0,-21.326987,-1.7454424e-06,0
0.5,0,26.811647,-0.011457482,0,-21.317758,-1.872833e-06,0
0.5,0,26.804351,-0.011535487,0,-21.30853,-2.00077e-06,0
0.5,0,26.796836,-0.011585732,0,-21.299301,-2.122067e-06,0
0.5,0,26.789329,-0.011604517,0,-21.290073,-2.2294477e-06,0
0.5,0,26.78249,-0.011604023,0,-21.280844,-2.3175266e-06,0
0.5,0,26.776023,-0.011617721,0,-21.271616,-2.3840639e-06,0
0.5,0,26.770181,-0.011620663,0,-21.262387,-2.4286774e-06,0
0.5,0,26.764275,-0.011475364,0,-21.253159,-2.456571e-06,0
0.5,0,26.760435,-0.011270312,0,-21.243931,-2.4732178e-06,0
0.5,0,26.760044,-0.011164218,0,-21.234702,-2.4826973e-06,0
0.5,0,26.760628,-0.011124217,0,-21.225474,-2.4935895e-06,0
0.5,0,26.76212,-0.011104663,0,-21.216245,-2.5122666e-06,0
0.5,0,26.764252,-0.011064184,0,-21.207017,-2.5397659e-06,0
0.5,0,26.766742,-0.011008797,0,-21.197788,-2.5737808e-06,0
0.5,0,26.769358,-0.010973826,0,-21.18856,-2.6124755e-06,0
0.5,0,26.771924,-0.010973727,0,-21.179331,-2.6567444e-06,0
0.5,0,26.774203,-0.010987412,0,-21.170103,-2.7080721e-06,0
0.5,0,26.775839,-0.010983269,0,-21.160874,-2.7653841e-06,0
0.5,0,26.776403,-0.010945043,0,-21.151646,-2.8251808e-06,0
0.5,0,26.775606,-0.010875661,0,-21.142417,-2.8837905e-06,0
0.5,0,26.773407,-0.010785914,0,-21.133189,-2.9384171e-06,0
0.5,0,26.769899,-0.010687573,0,-21.12396,-2.9867855e-06,0
0.5,0,26.765328,-0.010593358,0,-21.114732,-3.026967e-06,0
0.5,0,26.760279,-0.010517012,0,-21.105504,-3.0579461e-06,0
0.5,0,26.755513,-0.010468102,0,-21.096275,-3.0798352e-06,0
0.5,0,26.751528,-0.010444179,0,-21.087047,-3.0929513e-06,0
0.5,0,26.748408,-0.010432459,0,-21.077818,-3.0966538e-06,0
0.5,0,26.74605,-0.010420305,0,-21.06859,-3.0892889e-06,0
0.5,0,26.74436,-0.01040521,0,-21.059361,-3.0695995e-06,0
0.5,0,26.74327,-0.010396189,0,-21.050133,-3.0381734e-06,0
0.5,0,26.742684,-0.01040584,0,-21.040904,-2.997424e-06,0
0.5,0,26.742459,-0.010438304,0,-21.031676,-2.9507498e-06,0
0.5,0,26.74245,-0.010484036,0,-21.022447,-2.9025002e-06,0
0.5,0,26.742538,-0.010529794,0,-21.013219,-2.8581167e-06,0
0.5,0,26.742655,-0.010572328,0,-21.00399,-2.8226721e-06,0
0.5,0,26.742834,-0.010616735,0,-20.994762,-2.7985567e-06,0
0.5,0,26.743176,-0.010662406,0,-20.985533,-2.7848549e-06,0
0.5,0,26.743716,-0.010697358,0,-20.976305,-2.7788319e-06,0
0.5,0,26.744351,-0.01070815,0,-20.967077,-2.7775278e-06,0
0.5,0,26.74495,-0.010690422,0,-20.957848,-2.7781194e-06,0
0.5,0,26.745459,-0.010649479,0,-20.94862,-2.7777551e-06,0
0.5,0,26.745882,-0.010594841,0,-20.939391,-2.7738658e-06,0
0.5,0,26.746213,-0.010535823,0,-20.930163,-2.7648315e-06,0
0.5,0,26.74643,-0.010481026,0,-20.920934,-2.7504648e-06,0
0.5,0,26.746519,-0.010438993,0,-20.911706,-2.7320361e-06,0
0.5,0,26.746495,-0.010417174,0,-20.902477,-2.7120141e-06,0
0.5,0,26.7464,-0.010419922,0,-20.893249,-2.6937687e-06,0
0.5,0,26.746292,-0.01044713,0,-20.88402,-2.6811661e-06,0
0.5,0,26.746228,-0.01049333,0,-20.874792,-2.6779006e-06,0
0.5,0,26.746247,-0.010547201,0,-20.865563,-2.6866233e-06,0
0.5,0,26.74636,-0.010593474,0,-20.856335,-2.7081564e-06,0
0.5,0,26.746558,-0.01061773,0,-20.847106,-2.7410029e-06,0
0.5,0,26.746827,-0.010611483,0,-20.837878,-2.781308e-06,0
0.5,0,26.747157,-0.010575022,0,-20.82865,-2.8234138e-06,0
0.5,0,26.747549,-0.010516413,0,-20.819421,-2.8609902e-06,0
0.5,0,26.748009,-0.010447588,0,-20.810193,-2.8884674e-06,0
0.5,0,26.748536,-0.010380478,0,-20.800964,-2.902284e-06,0
0.5,0,26.749112,-0.010324627,0,-20.791736,-2.9015734e-06,0
0.5,0,26.749681,-0.010285781,0,-20.782507,-2.8881547e-06,0
0.5,0,26.750194,-0.010261959,0,-20.773279,-2.8658257e-06,0
0.5,0,26.750477,-0.010244471,0,-20.76405,-2.8389166e-06,0
0.5,0,26.750639,-0.010232738,0,-20.754822,-2.8111498e-06,0
0.5,0,26.750308,-0.010251852,0,-20.745593,-2.7877617e-06,0
0.5,0,26.749751,-0.01028497,0,-20.736365,-2.773752e-06,0
0.5,0,26.749284,-0.010277395,0,-20.727136,-2.7697046e-06,0
0.5,0,26.748631,-0.010247451,0,-20.717908,-2.7759053e-06,0
0.5,0,26.748157,-0.010229201,0,-20.708679,-2.7960755e-06,0
0.5,0,26.747886,-0.010212827,0,-20.699451,-2.835167e-06,0
0.5,0,26.74786,-0.010188539,0,-20.690223,-2.8971105e-06,0
0.5,0,26.74814,-0.010151903,0,-20.680994,-2.9840815e-06,0
0.5,0,26.748659,-0.010101845,0,-20.671766,-3.0965196e-06,0
0.5,0,26.749313,-0.010049618,0,-20.662537,-3.2339362e-06,0
0.5,0,26.750051,-0.010013014,0,-20.653309,-3.3955233e-06,0
0.5,0,26.750804,-0.010005897,0,-20.64408,-3.5796074e-06,0
0.5,0,26.751469,-0.010035819,0,-20.634852,-3.7825866e-06,0
0.5,0,26.751963,-0.010103579,0,-20.625623,-3.9985935e-06,0
0.5,0,26.752254,-0.01020392,0,-20.616395,-4.2200526e-06,0
0.5,0,26.752354,-0.010328176,0,-20.607166,-4.4384718e-06,0
0.5,0,26.752306,-0.010465395,0,-20.597938,-4.6454312e-06,0
0.5,0,26.752166,-0.010603087,0,-20.588709,-4.8339482e-06,0
0.5,0,26.751951,-0.010730391,0,-20.579481,-4.9995972e-06,0
0.5,0,26.751631,-0.010840594,0,-20.570252,-5.14078e-06,0
0.5,0,26.751214,-0.010930144,0,-20.561024,-5.2583248e-06,0
0.5,0,26.750813,-0.010996728,0,-20.551796,-5.3548074e-06,0
0.5,0,26.750564,-0.011039032,0,-20.542567,-5.4337521e-06,0
0.5,0,26.750492,-0.0110576,0,-20.533339,-5.4988468e-06,0
0.5,0,26.750515,-0.011055931,0,-20.52411,-5.5533299e-06,0
0.5,0,26.750568,-0.011041137,0,-20.514882,-5.5995491e-06,0
0.5,0,26.750686,-0.011022775,0,-20.505653,-5.6386171e-06,0
0.5,0,26.750959,-0.011011936,0,-20.496425,-5.6702387e-06,0
0.5,0,26.751456,-0.011019422,0,-20.487196,-5.6927611e-06,0
0.5,0,26.752119,-0.011052295,0,-20.477968,-5.7035022e-06,0
0.5,0,26.75293,-0.011103088,0,-20.468739,-5.6989021e-06,0
0.5,0,26.753674,-0.011153084,0,-20.459511,-5.6740276e-06,0
0.5,0,26.754394,-0.011194476,0,-20.450282,-5.6235115e-06,0
0.5,0,26.755014,-0.011227466,0,-20.441054,-5.5455988e-06,0
0.5,0,26.755321,-0.011248637,0,-20.431825,-5.442935e-06,0
0.5,0,26.755491,-0.011244677,0,-20.422597,-5.3179587e-06,0
0.5,0,26.75553,-0.011199819,0,-20.413369,-5.1723513e-06,0
0.5,0,26.755528,-0.011114305,0,-20.40414,-5.009591e-06,0
0.5,0,26.755563,-0.011003843,0,-20.394912,-4.8339166e-06,0
0.5,0,26.755682,-0.010891777,0,-20.385683,-4.6487228e-06,0
0.5,0,26.755949,-0.01080464,0,-20.376455,-4.4565307e-06,0
0.5,0,26.756377,-0.010767374,0,-20.367226,-4.2589353e-06,0
0.5,0,26.756938,-0.01079422,0,-20.357998,-4.0566857e-06,0
0.5,0,26.75758,-0.0108818,0,-20.348769,-3.8503827e-06,0
0.5,0,26.758243,-0.011012112,0,-20.339541,-3.6410235e-06,0
0.5,0,26.75889,-0.011161695,0,-20.330312,-3.4297762e-06,0
0.5,0,26.759529,-0.011308126,0,-20.321084,-3.2174085e-06,0
0.5,0,26.760221,-0.011430813,0,-20.311855,-3.0041995e-06,0
0.5,0,26.761059,-0.011510373,0,-20.302627,-2.7905389e-06,0
0.5,0,26.762125,-0.011531325,0,-20.293398,-2.5776496e-06,0
0.5,0,26.763449,-0.011487621,0,-20.28417,-2.3678252e-06,0
0.5,0,26.764982,-0.011386301,0,-20.274942,-2.1641241e-06,0
0.5,0,26.766599,-0.011245756,0,-20.265713,-1.9698704e-06,0
0.5,0,26.768128,-0.011089399,0,-20.256485,-1.7882411e-06,0
0.5,0,26.769382,-0.010938544,0,-20.247256,-1.6219868e-06,0
0.5,0,26.770208,-0.010807877,0,-20.238028,-1.4732364e-06,0
0.5,0,26.770537,-0.010704377,0,-20.228799,-1.3434157e-06,0
0.5,0,26.77041,-0.010628343,0,-20.219571,-1.2332924e-06,0
0.5,0,26.769976,-0.010574745,0,-20.210342,-1.1431062e-06,0
0.5,0,26.769445,-0.010536251,0,-20.201114,-1.0727144e-06,0
0.5,0,26.769026,-0.01050605,0,-20.191885,-1.0215458e-06,0
0.5,0,26.768883,-0.010479312,0,-20.182657,-9.8858876e-07,0
0.5,0,26.769109,-0.010454757,0,-20.173428,-9.7223031e-07,0
0.5,0,26.769724,-0.010437843,0,-20.1642,-9.7006494e-07,0
0.5,0,26.770675,-0.010444185,0,-20.154971,-9.7937371e-07,0
0.5,0,26.771821,-0.010495632,0,-20.145743,-9.9805664e-07,0
0.5,0,26.772958,-0.010608319,0,-20.136515,-1.0251582e-06,0
0.5,0,26.773869,-0.010780111,0,-20.127286,-1.0600937e-06,0
0.5,0,26.774478,-0.010988046,0,-20.118058,-1.1009116e-06,0
0.5,0,26.774665,-0.01120399,0,-20.108829,-1.1433916e-06,0
0.5,0,26.77458,-0.011397343,0,-20.099601,-1.181358e-06,0
0.5,0,26.774079,-0.011538902,0,-20.090372,-1.2076466e-06,0
0.5,0,26.773102,-0.011619068,0,-20.081144,-1.2147903e-06,0
0.5,0,26.773558,-0.011688034,0,-20.071915,-1.1961645e-06,0
0.5,0,26.773847,-0.011690438,0,-20.062687,-1.150005e-06,0
0.5,0,26.773391,-0.011600619,0,-20.053458,-1.0772402e-06,0
0.5,0,26.774477,-0.01152365,0,-20.04423,-9.7691784e-07,0
0.5,0,26.776699,-0.011481308,0,-20.035001,-8.4981986e-07,0
0.5,0,26.779916,-0.011468814,0,-20.025773,-7.0126988e-07,0
0.5,0,26.784243,-0.011494188,0,-20.016544,-5.3942816e-07,0
0.5,0,26.790087,-0.011569314,0,-20.007316,-3.7352363e-07,0
0.5,0,26.798104,-0.01169972,0,-19.998088,-2.125433e-07,0
0.5,0,26.808971,-0.011886897,0,-19.988859,-6.3899498e-08,0
0.5,0,26.81582,-0.011965021,0,-19.984363,-2.5804012e-15,0
0.5,0,26.897456,-0.010682996,0,-19.878117,-3.1052751e-08,0
0.5,0,26.898573,-0.010638726,0,-19.879798,-2.5804012e-15,0
0.5,0,26.892034,-0.010907502,0,-19.868889,-1.9762324e-07,0
0.5,0,26.887451,-0.011023654,0,-19.859661,-3.4303352e-07,0
0.5,0,26.883571,-0.011057829,0,-19.850432,-4.5441357e-07,0
0.5,0,26.880345,-0.011064109,0,-19.841204,-5.2396634e-07,0
0.5,0,26.877872,-0.011089766,0,-19.831975,-5.4798529e-07,0
0.5,0,26.876316,-0.011154532,0,-19.822747,-5.2509312e-07,0
0.5,0,26.875862,-0.01125124,0,-19.813518,-4.553356e-07,0
0.5,0,26.876779,-0.011376552,0,-19.80429,-3.4070265e-07,0
0.5,0,26.879371,-0.011550544,0,-19.795061,-1.8551903e-07,0
0.5,0,26.883527,-0.011717348,0,-19.786097,-2.5804012e-15,0
0.5,0,26.917047,-0.01011128,0,-19.610492,-3.1176844e-08,0
0.5,0,26.917552,-0.010044295,0,-19.6124,-2.5804012e-15,0
0.5,0,26.915268,-0.010464562,0,-19.601263,-1.713693e-07,0
0.5,0,26.913817,-0.010785795,0,-19.592035,-2.9100071e-07,0
0.5,0,26.912165,-0.01106947,0,-19.582807,-3.8530181e-07,0
0.5,0,26.909778,-0.011297854,0,-19.573578,-4.5716648e-07,0
0.5,0,26.906171,-0.011452147,0,-19.56435,-5.1626815e-07,0
0.5,0,26.900977,-0.011526582,0,-19.555121,-5.7557162e-07,0
0.5,0,26.894062,-0.011525771,0,-19.545893,-6.4794957e-07,0
0.5,0,26.885605,-0.011466131,0,-19.536664,-7.4328705e-07,0
0.5,0,26.876114,-0.011375975,0,-19.527436,-8.6563571e-07,0
0.5,0,26.866314,-0.011286195,0,-19.518207,-1.0116659e-06,0
0.5,0,26.857003,-0.011220804,0,-19.508979,-1.1723567e-06,0
0.5,0,26.848816,-0.011192402,0,-19.49975,-1.3371226e-06,0
0.5,0,26.842096,-0.011200889,0,-19.490522,-1.4970802e-06,0
0.5,0,26.836876,-0.011235612,0,-19.481293,-1.6457484e-06,0
0.5,0,26.832859,-0.011281317,0,-19.472065,-1.7790063e-06,0
0.5,0,26.82961,-0.011320417,0,-19.462836,-1.8963157e-06,0
0.5,0,26.82678,-0.011331357,0,-19.453608,-2.0021803e-06,0
0.5,0,26.824137,-0.011298365,0,-19.44438,-2.1057476e-06,0
0.5,0,26.821493,-0.011223711,0,-19.435151,-2.2178566e-06,0
0.5,0,26.818678,-0.011125192,0,-19.425923,-2.3475822e-06,0
0.5,0,26.815558,-0.011024114,0,-19.416694,-2.5004216e-06,0
0.5,0,26.812034,-0.010937316,0,-19.407466,-2.6779936e-06,0
0.5,0,26.807991,-0.01087673,0,-19.398237,-2.8782301e-06,0
0.5,0,26.803298,-0.010850358,0,-19.389009,-3.0954888e-06,0
0.5,0,26.797863,-0.010862113,0,-19.37978,-3.3208151e-06,0
0.5,0,26.791715,-0.010911637,0,-19.370552,-3.5425453e-06,0
0.5,0,26.785055,-0.010995701,0,-19.361323,-3.7473978e-06,0
0.5,0,26.778232,-0.011110897,0,-19.352095,-3.9221476e-06,0
0.5,0,26.771685,-0.011253668,0,-19.342866,-4.0556308e-06,0
0.5,0,26.765837,-0.011417763,0,-19.333638,-4.1406372e-06,0
0.5,0,26.761011,-0.011591421,0,-19.324409,-4.1750245e-06,0
0.5,0,26.757353,-0.011755092,0,-19.315181,-4.1617373e-06,0
0.5,0,26.754819,-0.011883284,0,-19.305953,-4.1079915e-06,0
0.5,0,26.753209,-0.01195092,0,-19.296724,-4.023814e-06,0
0.5,0,26.752249,-0.011942274,0,-19.287496,-3.9202853e-06,0
0.5,0,26.75168,-0.011857665,0,-19.278267,-3.8078915e-06,0
0.5,0,26.751318,-0.011713646,0,-19.269039,-3.6953767e-06,0
0.5,0,26.751067,-0.01153637,0,-19.25981,-3.5892445e-06,0
0.5,0,26.750891,-0.011351798,0,-19.250582,-3.4937062e-06,0
0.5,0,26.750775,-0.011178735,0,-19.241353,-3.4107322e-06,0
0.5,0,26.750695,-0.011028917,0,-19.232125,-3.3399916e-06,0
0.5,0,26.750626,-0.010912167,0,-19.222896,-3.2786291e-06,0
0.5,0,26.750539,-0.010840275,0,-19.213668,-3.2208803e-06,0
0.5,0,26.750424,-0.010825999,0,-19.204439,-3.1576672e-06,0
0.5,0,26.750291,-0.010879547,0,-19.195211,-3.0767327e-06,0
0.5,0,26.750168,-0.0110059,0,-19.185982,-2.9640425e-06,0
0.5,0,26.750096,-0.011202894,0,-19.176754,-2.8064828e-06,0
0.5,0,26.750117,-0.011460854,0,-19.167526,-2.5949225e-06,0
0.5,0,26.750266,-0.011765645,0,-19.158297,-2.3267435e-06,0
0.5,0,26.750577,-0.012097629,0,-19.149069,-2.0071773e-06,0
0.5,0,26.751132,-0.012419418,0,-19.13984,-1.6478348e-06,0
0.5,0,26.752103,-0.01267876,0,-19.130612,-1.262292e-06,0
0.5,0,26.753716,-0.012853398,0,-19.121383,-8.6330281e-07,0
0.5,0,26.756247,-0.012986858,0,-19.112155,-4.6467604e-07,0
0.5,0,26.759783,-0.013077616,0,-19.102926,-8.2221258e-08,0
0.5,0,26.760708,-0.013043283,0,-19.100754,-2.5804012e-15,0
0.5,0,26.763823,-0.0096735593,0,-19.010642,-1.0862097e-08,0
0.5,0,26.763864,-0.0096539421,0,-19.01103,-2.5804012e-15,0
0.5,0,26.763299,-0.010232595,0,-19.001413,-2.4077722e-07,0
0.5,0,26.763215,-0.010682064,0,-18.992185,-4.3214061e-07,0
0.5,0,26.763538,-0.011027091,0,-18.982956,-5.8558205e-07,0
0.5,0,26.764304,-0.011321311,0,-18.973728,-7.074854e-07,0
0.5,0,26.765515,-0.011603298,0,-18.964499,-8.0739334e-07,0
0.5,0,26.767052,-0.011892205,0,-18.955271,-8.9544882e-07,0
0.5,0,26.768653,-0.012181779,0,-18.946042,-9.7794134e-07,0
0.5,0,26.770127,-0.012449611,0,-18.936814,-1.0533825e-06,0
0.5,0,26.771149,-0.012687377,0,-18.927585,-1.1132254e-06,0
0.5,0,26.772021,-0.012895817,0,-18.918357,-1.1462066e-06,0
0.5,0,26.77184,-0.013097195,0,-18.909128,-1.1422214e-06,0
0.5,0,26.77053,-0.013289236,0,-18.8999,-1.0951167e-06,0
0.5,0,26.769458,-0.013374001,0,-18.890672,-1.0092868e-06,0
0.5,0,26.769191,-0.013336872,0,-18.881443,-8.9329345e-07,0
0.5,0,26.770327,-0.013286876,0,-18.872215,-7.5291671e-07,0
0.5,0,26.772478,-0.013259991,0,-18.862986,-5.9474839e-07,0
0.5,0,26.774774,-0.013204948,0,-18.853758,-4.2609441e-07,0
0.5,0,26.776422,-0.013104896,0,-18.844529,-2.569282e-07,0
0.5,0,26.776978,-0.013011593,0,-18.835301,-9.9461861e-08,0
0.5,0,26.776523,-0.01292111,0,-18.828384,-2.5804012e-15,0
0.5,0,26.767325,-0.01116712,0,-18.789158,-3.1390584e-08,0
0.5,0,26.767972,-0.011262479,0,-18.791244,-2.5804012e-15,0
0.5,0,26.764659,-0.01087524,0,-18.77993,-2.5358032e-07,0
0.5,0,26.762781,-0.010653798,0,-18.770701,-5.4184416e-07,0
0.5,0,26.762236,-0.010540857,0,-18.761473,-8.6996871e-07,0
0.5,0,26.763437,-0.010566341,0,-18.752245,-1.2091899e-06,0
0.5,0,26.766589,-0.010724314,0,-18.743016,-1.532114e-06,0
0.5,0,26.771676,-0.01098346,0,-18.733788,-1.8164392e-06,0
0.5,0,26.778465,-0.011297658,0,-18.724559,-2.0477989e-06,0
0.5,0,26.786486,-0.011620717,0,-18.715331,-2.2201784e-06,0
0.5,0,26.79504,-0.011913308,0,-18.706102,-2.3347135e-06,0
0.5,0,26.803289,-0.012144702,0,-18.696874,-2.3983168e-06,0
0.5,0,26.810443,-0.012296764,0,-18.687645,-2.4223409e-06,0
0.5,0,26.815976,-0.012368631,0,-18.678417,-2.4206441e-06,0
0.5,0,26.81977,-0.012375228,0,-18.669188,-2.4070433e-06,0
0.5,0,26.822097,-0.0123382,0,-18.65996,-2.3930719e-06,0
0.5,0,26.823467,-0.012274839,0,-18.650731,-2.3869848e-06,0
0.5,0,26.824415,-0.012191586,0,-18.641503,-2.3941308e-06,0
0.5,0,26.825333,-0.012086105,0,-18.632274,-2.4181136e-06,0
0.5,0,26.826421,-0.011955159,0,-18.623046,-2.4620576e-06,0
0.5,0,26.827732,-0.011800609,0,-18.613818,-2.529318e-06,0
0.5,0,26.829288,-0.011630001,0,-18.604589,-2.6231832e-06,0
0.5,0,26.83119,-0.011454155,0,-18.595361,-2.7457997e-06,0
0.5,0,26.833623,-0.011285731,0,-18.586132,-2.8970007e-06,0
0.5,0,26.836804,-0.011138396,0,-18.576904,-3.0734008e-06,0
0.5,0,26.840888,-0.011025553,0,-18.567675,-3.2678542e-06,0
0.5,0,26.845871,-0.010960496,0,-18.558447,-3.4696702e-06,0
0.5,0,26.851545,-0.010956305,0,-18.549218,-3.6660038e-06,0
0.5,0,26.857542,-0.011021282,0,-18.53999,-3.844265e-06,0
0.5,0,26.86343,-0.011151211,0,-18.530761,-3.9947427e-06,0
0.5,0,26.868796,-0.01132511,0,-18.521533,-4.1123517e-06,0
0.5,0,26.873293,-0.011508424,0,-18.512304,-4.1968961e-06,0
0.5,0,26.876634,-0.011662282,0,-18.503076,-4.2522442e-06,0
0.5,0,26.878587,-0.011754646,0,-18.493847,-4.2852351e-06,0
0.5,0,26.87899,-0.011768177,0,-18.484619,-4.3046869e-06,0
0.5,0,26.877813,-0.0117023,0,-18.475391,-4.3203911e-06,0
0.5,0,26.875197,-0.011571365,0,-18.466162,-4.341902e-06,0
0.5,0,26.871447,-0.01140141,0,-18.456934,-4.3770591e-06,0
0.5,0,26.866969,-0.011225194,0,-18.447705,-4.4305268e-06,0
0.5,0,26.862167,-0.011074561,0,-18.438477,-4.5029516e-06,0
0.5,0,26.857364,-0.01097245,0,-18.429248,-4.5910884e-06,0
0.5,0,26.852745,-0.010929442,0,-18.42002,-4.6886822e-06,0
0.5,0,26.848348,-0.010945933,0,-18.410791,-4.7875796e-06,0
0.5,0,26.84408,-0.011014966,0,-18.401563,-4.8788371e-06,0
0.5,0,26.839753,-0.011122859,0,-18.392334,-4.9539508e-06,0
0.5,0,26.835145,-0.011249911,0,-18.383106,-5.0062429e-06,0
0.5,0,26.830056,-0.011373644,0,-18.373877,-5.0321578e-06,0
0.5,0,26.824353,-0.011473939,0,-18.364649,-5.0319967e-06,0
0.5,0,26.81798,-0.011536791,0,-18.35542,-5.0097897e-06,0
0.5,0,26.810967,-0.01155531,0,-18.346192,-4.9719386e-06,0
0.5,0,26.803436,-0.011529417,0,-18.336964,-4.924762e-06,0
0.5,0,26.795577,-0.01146861,0,-18.327735,-4.872307e-06,0
0.5,0,26.787605,-0.011393502,0,-18.318507,-4.8156648e-06,0
0.5,0,26.779754,-0.011326453,0,-18.309278,-4.7536457e-06,0
0.5,0,26.772304,-0.011283955,0,-18.30005,-4.6835315e-06,0
0.5,0,26.765548,-0.011279658,0,-18.290821,-4.6016424e-06,0
0.5,0,26.760036,-0.011330978,0,-18.281593,-4.5059251e-06,0
0.5,0,26.755947,-0.011441895,0,-18.272364,-4.3983384e-06,0
0.5,0,26.753391,-0.011574062,0,-18.263136,-4.2808594e-06,0
0.5,0,26.752331,-0.011674801,0,-18.253907,-4.153971e-06,0
0.5,0,26.752252,-0.011733894,0,-18.244679,-4.0217696e-06,0
0.5,0,26.752834,-0.011763165,0,-18.23545,-3.8913799e-06,0
0.5,0,26.753681,-0.011759511,0,-18.226222,-3.7691598e-06,0
0.5,0,26.75449,-0.011722164,0,-18.216993,-3.660185e-06,0
0.5,0,26.755084,-0.011660055,0,-18.207765,-3.5679137e-06,0
0.5,0,26.75536,-0.011582572,0,-18.198537,-3.4935534e-06,0
0.5,0,26.755318,-0.011496394,0,-18.189308,-3.436361e-06,0
0.5,0,26.755028,-0.011406935,0,-18.18008,-3.3942059e-06,0
0.5,0,26.754581,-0.011318164,0,-18.170851,-3.3640933e-06,0
0.5,0,26.754062,-0.011230101,0,-18.161623,-3.3430912e-06,0
0.5,0,26.753528,-0.01113843,0,-18.152394,-3.3296505e-06,0
0.5,0,26.75301,-0.011038353,0,-18.143166,-3.3246514e-06,0
0.5,0,26.752525,-0.010929878,0,-18.133937,-3.3315869e-06,0
0.5,0,26.752091,-0.010819185,0,-18.124709,-3.3558493e-06,0
0.5,0,26.751725,-0.010714724,0,-18.11548,-3.4035024e-06,0
0.5,0,26.75143,-0.010622201,0,-18.106252,-3.4800878e-06,0
0.5,0,26.751192,-0.010542467,0,-18.097023,-3.5898246e-06,0
0.5,0,26.750983,-0.010473219,0,-18.087795,-3.7352174e-06,0
0.5,0,26.750833,-0.010409546,0,-18.078566,-3.9168015e-06,0
0.5,0,26.750694,-0.010347054,0,-18.069338,-4.1328708e-06,0
0.5,0,26.750765,-0.010296349,0,-18.06011,-4.3800645e-06,0
0.5,0,26.750691,-0.010289661,0,-18.050881,-4.6564752e-06,0
0.5,0,26.750632,-0.010304608,0,-18.041653,-4.9594332e-06,0
0.5,0,26.750764,-0.010275978,0,-18.032424,-5.2803437e-06,0
0.5,0,26.750616,-0.010220087,0,-18.023196,-5.6089275e-06,0
0.5,0,26.750458,-0.010180521,0,-18.013967,-5.9382718e-06,0
0.5,0,26.75028,-0.010155363,0,-18.004739,-6.2632934e-06,0
0.5,0,26.749965,-0.010140662,0,-17.99551,-6.5783613e-06,0
0.5,0,26.749546,-0.010142025,0,-17.986282,-6.8767883e-06,0
0.5,0,26.749114,-0.01016274,0,-17.977053,-7.1511193e-06,0
0.5,0,26.748761,-0.010202093,0,-17.967825,-7.3936883e-06,0
0.5,0,26.748506,-0.010259428,0,-17.958596,-7.5970534e-06,0
0.5,0,26.748351,-0.01034111,0,-17.949368,-7.7537279e-06,0
0.5,0,26.748316,-0.010455869,0,-17.940139,-7.8561622e-06,0
0.5,0,26.74841,-0.010602255,0,-17.930911,-7.8983056e-06,0
0.5,0,26.748593,-0.010767331,0,-17.921683,-7.8776616e-06,0
0.5,0,26.7488,-0.010934405,0,-17.912454,-7.7960642e-06,0
0.5,0,26.748963,-0.011086626,0,-17.903226,-7.6592942e-06,0
0.5,0,26.749035,-0.01120631,0,-17.893997,-7.4764617e-06,0
0.5,0,26.748996,-0.011276676,0,-17.884769,-7.2593779e-06,0
0.5,0,26.74885,-0.011287506,0,-17.87554,-7.0218147e-06,0
0.5,0,26.748617,-0.011241421,0,-17.866312,-6.7787306e-06,0
0.5,0,26.748332,-0.011156254,0,-17.857083,-6.5454701e-06,0
0.5,0,26.748035,-0.011059677,0,-17.847855,-6.3366183e-06,0
0.5,0,26.747769,-0.010976999,0,-17.838626,-6.1640887e-06,0
0.5,0,26.747573,-0.010920878,0,-17.829398,-6.034638e-06,0
0.5,0,26.74745,-0.010893103,0,-17.820169,-5.9481842e-06,0
0.5,0,26.747374,-0.010893571,0,-17.810941,-5.8984367e-06,0
0.5,0,26.747304,-0.010922859,0,-17.801712,-5.8756092e-06,0
0.5,0,26.747221,-0.010978084,0,-17.792484,-5.8696631e-06,0
0.5,0,26.747167,-0.011049406,0,-17.783256,-5.8731583e-06,0
0.5,0,26.747137,-0.011119159,0,-17.774027,-5.8833568e-06,0
0.5,0,26.747091,-0.011160481,0,-17.764799,-5.9025243e-06,0
0.5,0,26.747025,-0.011145494,0,-17.75557,-5.9364493e-06,0
0.5,0,26.74699,-0.011056781,0,-17.746342,-5.9928094e-06,0
0.5,0,26.746961,-0.010898285,0,-17.737113,-6.0803441e-06,0
0.5,0,26.747028,-0.010697671,0,-17.727885,-6.2063375e-06,0
0.5,0,26.746842,-0.010448609,0,-17.718656,-6.3720481e-06,0
0.5,0,26.74674,-0.010145365,0,-17.709428,-6.5755958e-06,0
0.5,0,26.746935,-0.009878882,0,-17.700199,-6.8127192e-06,0
0.5,0,26.746844,-0.0097146735,0,-17.690971,-7.0740124e-06,0
0.5,0,26.746704,-0.0096045381,0,-17.681742,-7.3488761e-06,0
0.5,0,26.746703,-0.0095150463,0,-17.672514,-7.6260905e-06,0
0.5,0,26.74676,-0.0094559763,0,-17.663285,-7.8930622e-06,0
0.5,0,26.746737,-0.0094191073,0,-17.654057,-8.1386236e-06,0
0.5,0,26.746618,-0.0093947872,0,-17.644829,-8.354496e-06,0
0.5,0,26.746497,-0.0093888998,0,-17.6356,-8.5345059e-06,0
0.5,0,26.746433,-0.0094111254,0,-17.626372,-8.6742697e-06,0
0.5,0,26.746385,-0.0094674271,0,-17.617143,-8.7714805e-06,0
0.5,0,26.746251,-0.0095595566,0,-17.607915,-8.8258078e-06,0
0.5,0,26.745967,-0.0096842789,0,-17.598686,-8.8383573e-06,0
0.5,0,26.745557,-0.0098317411,0,-17.589458,-8.8112367e-06,0
0.5,0,26.745113,-0.0099859482,0,-17.580229,-8.7475217e-06,0
0.5,0,26.744727,-0.010129124,0,-17.571001,-8.6513051e-06,0
0.5,0,26.744436,-0.010247186,0,-17.561772,-8.5275262e-06,0
0.5,0,26.744217,-0.010332323,0,-17.552544,-8.3817949e-06,0
0.5,0,26.744028,-0.010382543,0,-17.543315,-8.2205387e-06,0
0.5,0,26.743851,-0.01040011,0,-17.534087,-8.0514723e-06,0
0.5,0,26.743699,-0.010390272,0,-17.524858,-7.8839509e-06,0
0.5,0,26.743605,-0.010360032,0,-17.51563,-7.7287112e-06,0
0.5,0,26.743601,-0.010316636,0,-17.506402,-7.5968067e-06,0
0.5,0,26.743701,-0.010266304,0,-17.497173,-7.4979093e-06,0
0.5,0,26.743898,-0.010213885,0,-17.487945,-7.4384019e-06,0
0.5,0,26.744159,-0.010163233,0,-17.478716,-7.4198e-06,0
0.5,0,26.744424,-0.010117716,0,-17.469488,-7.4380387e-06,0
0.5,0,26.744636,-0.010080374,0,-17.460259,-7.4839419e-06,0
0.5,0,26.744768,-0.010054065,0,-17.451031,-7.5448495e-06,0
0.5,0,26.744837,-0.010042052,0,-17.441802,-7.6070012e-06,0
0.5,0,26.744898,-0.010048338,0,-17.432574,-7.6580474e-06,0
0.5,0,26.745,-0.010077036,0,-17.423345,-7.6891111e-06,0
0.5,0,26.745161,-0.01013014,0,-17.414117,-7.6960478e-06,0
0.5,0,26.745362,-0.010205396,0,-17.404888,-7.6797435e-06,0
0.5,0,26.745557,-0.010294611,0,-17.39566,-7.6456392e-06,0
0.5,0,26.745711,-0.010383987,0,-17.386431,-7.6026454e-06,0
0.5,0,26.745815,-0.010457328,0,-17.377203,-7.5615784e-06,0
0.5,0,26.745895,-0.010499967,0,-17.367975,-7.5333308e-06,0
0.5,0,26.745985,-0.010502969,0,-17.358746,-7.5268731e-06,0
0.5,0,26.746098,-0.010465063,0,-17.349518,-7.547261e-06,0
0.5,0,26.746215,-0.010393064,0,-17.340289,-7.593965e-06,0
0.5,0,26.746287,-0.010302507,0,-17.331061,-7.6600763e-06,0
0.5,0,26.746253,-0.010218419,0,-17.321832,-7.7331326e-06,0
0.5,0,26.746064,-0.010173278,0,-17.312604,-7.797767e-06,0
0.5,0,26.745708,-0.010195708,0,-17.303375,-7.8390904e-06,0
0.5,0,26.745209,-0.010292612,0,-17.294147,-7.8449834e-06,0
0.5,0,26.744619,-0.010440833,0,-17.284918,-7.8065709e-06,0
0.5,0,26.74401,-0.010600394,0,-17.27569,-7.7184975e-06,0
0.5,0,26.743464,-0.010738987,0,-17.266461,-7.5809475e-06,0
0.5,0,26.743067,-0.010843135,0,-17.257233,-7.4026408e-06,0
0.5,0,26.742897,-0.010907771,0,-17.248004,-7.201578e-06,0
0.5,0,26.742996,-0.010924203,0,-17.238776,-7.0016378e-06,0
0.5,0,26.74336,-0.010885821,0,-17.229548,-6.8270506e-06,0
0.5,0,26.74387,-0.010802778,0,-17.220319,-6.6982944e-06,0
0.5,0,26.744418,-0.010696627,0,-17.211091,-6.6296319e-06,0
0.5,0,26.744844,-0.010585779,0,-17.201862,-6.6266359e-06,0
0.5,0,26.745055,-0.010488339,0,-17.192634,-6.6850293e-06,0
0.5,0,26.745163,-0.010422698,0,-17.183405,-6.7923483e-06,0
0.5,0,26.745236,-0.010396935,0,-17.174177,-6.9309385e-06,0
0.5,0,26.745197,-0.010405478,0,-17.164948,-7.0808992e-06,0
0.5,0,26.744938,-0.010439764,0,-17.15572,-7.2228829e-06,0
0.5,0,26.744504,-0.010493611,0,-17.146491,-7.3405696e-06,0
0.5,0,26.744122,-0.010551229,0,-17.137263,-7.4222504e-06,0
0.5,0,26.743896,-0.010587818,0,-17.128034,-7.4614759e-06,0
0.5,0,26.743742,-0.010588507,0,-17.118806,-7.457675e-06,0
0.5,0,26.743664,-0.010550145,0,-17.109577,-7.4166516e-06,0
0.5,0,26.743677,-0.010472199,0,-17.100349,-7.3496869e-06,0
0.5,0,26.743758,-0.010356301,0,-17.091121,-7.2711538e-06,0
0.5,0,26.743854,-0.010208507,0,-17.081892,-7.1959331e-06,0
0.5,0,26.743924,-0.010041598,0,-17.072664,-7.1372124e-06,0
0.5,0,26.743938,-0.0098740944,0,-17.063435,-7.1046457e-06,0
0.5,0,26.743854,-0.0097258338,0,-17.054207,-7.1033082e-06,0
0.5,0,26.743638,-0.0096138513,0,-17.044978,-7.1335939e-06,0
0.5,0,26.743284,-0.0095494556,0,-17.03575,-7.191748e-06,0
0.5,0,26.742833,-0.0095364523,0,-17.026521,-7.2708265e-06,0
0.5,0,26.742361,-0.0095704174,0,-17.017293,-7.362025e-06,0
0.5,0,26.741949,-0.0096390026,0,-17.008064,-7.4563104e-06,0
0.5,0,26.741669,-0.0097241228,0,-16.998836,-7.5460856e-06,0
0.5,0,26.741572,-0.0098066714,0,-16.989607,-7.6263245e-06,0
0.5,0,26.741683,-0.0098714013,0,-16.980379,-7.6947827e-06,0
0.5,0,26.74198,-0.0099089187,0,-16.97115,-7.7514872e-06,0
0.5,0,26.742398,-0.0099150378,0,-16.961922,-7.7980131e-06,0
0.5,0,26.742848,-0.0098901799,0,-16.952694,-7.836785e-06,0
0.5,0,26.74325,-0.0098401002,0,-16.943465,-7.8703198e-06,0
0.5,0,26.743555,-0.0097765809,0,-16.934237,-7.9003991e-06,0
0.5,0,26.743743,-0.0097162935,0,-16.925008,-7.9274146e-06,0
0.5,0,26.743809,-0.0096775008,0,-16.91578,-7.9501699e-06,0
0.5,0,26.743757,-0.0096756058,0,-16.906551,-7.9661968e-06,0
0.5,0,26.743611,-0.0097192957,0,-16.897323,-7.9723858e-06,0
0.5,0,26.743416,-0.0098074894,0,-16.888094,-7.9656417e-06,0
0.5,0,26.743232,-0.0099287991,0,-16.878866,-7.9432566e-06,0
0.5,0,26.743124,-0.010063462,0,-16.869637,-7.9029453e-06,0
0.5,0,26.743098,-0.010187645,0,-16.860409,-7.8426764e-06,0
0.5,0,26.743358,-0.010278052,0,-16.85118,-7.7605598e-06,0
0.5,0,26.743348,-0.010335118,0,-16.841952,-7.6552479e-06,0
0.5,0,26.743797,-0.010336462,0,-16.832723,-7.5258271e-06,0
0.5,0,26.744276,-0.010276311,0,-16.823495,-7.3749286e-06,0
0.5,0,26.744215,-0.010232168,0,-16.814267,-7.2079108e-06,0
0.5,0,26.74449,-0.01022871,0,-16.805038,-7.029328e-06,0
0.5,0,26.744626,-0.010237689,0,-16.79581,-6.8442398e-06,0
0.5,0,26.744673,-0.010257975,0,-16.786581,-6.6576765e-06,0
0.5,0,26.744632,-0.010290024,0,-16.777353,-6.4737315e-06,0
0.5,0,26.744492,-0.010328883,0,-16.768124,-6.2957803e-06,0
0.5,0,26.744283,-0.010368125,0,-16.758896,-6.1267025e-06,0
0.5,0,26.744012,-0.010400719,0,-16.749667,-5.9689789e-06,0
0.5,0,26.74366,-0.010420513,0,-16.740439,-5.8248154e-06,0
0.5,0,26.743236,-0.010422914,0,-16.73121,-5.6962442e-06,0
0.5,0,26.74282,-0.010404792,0,-16.721982,-5.5850679e-06,0
0.5,0,26.742517,-0.010364891,0,-16.712753,-5.4926668e-06,0
0.5,0,26.742374,-0.010305215,0,-16.703525,-5.4198618e-06,0
0.5,0,26.742363,-0.010232692,0,-16.694296,-5.3670026e-06,0
0.5,0,26.742426,-0.010159293,0,-16.685068,-5.3342371e-06,0
0.5,0,26.742514,-0.010098663,0,-16.67584,-5.3216418e-06,0
0.5,0,26.742619,-0.010061042,0,-16.666611,-5.3288189e-06,0
0.5,0,26.742764,-0.010050952,0,-16.657383,-5.3540897e-06,0
0.5,0,26.74298,-0.010069619,0,-16.648154,-5.3940678e-06,0
0.5,0,26.743265,-0.010118822,0,-16.638926,-5.4440958e-06,0
0.5,0,26.743573,-0.010201503,0,-16.629697,-5.4990252e-06,0
0.5,0,26.743841,-0.010319731,0,-16.620469,-5.5535411e-06,0
0.5,0,26.744035,-0.010473511,0,-16.61124,-5.6021427e-06,0
0.5,0,26.744175,-0.010660403,0,-16.602012,-5.639495e-06,0
0.5,0,26.744288,-0.010874503,0,-16.592783,-5.661271e-06,0
0.5,0,26.744317,-0.01110578,0,-16.583555,-5.6647643e-06,0
0.5,0,26.744218,-0.011340033,0,-16.574326,-5.6488001e-06,0
0.5,0,26.743929,-0.011561712,0,-16.565098,-5.6132282e-06,0
0.5,0,26.743645,-0.011743376,0,-16.555869,-5.5575676e-06,0
0.5,0,26.742943,-0.011858291,0,-16.546641,-5.4798399e-06,0
0.5,0,26.741027,-0.011904141,0,-16.537412,-5.3782971e-06,0
0.5,0,26.738894,-0.011845497,0,-16.528184,-5.2594821e-06,0
0.5,0,26.737411,-0.011663444,0,-16.518956,-5.1335369e-06,0
0.5,0,26.736541,-0.011428146,0,-16.509727,-5.0044085e-06,0
0.5,0,26.736242,-0.011197443,0,-16.500499,-4.8738706e-06,0
0.5,0,26.736084,-0.010971956,0,-16.49127,-4.7449577e-06,0
0.5,0,26.735892,-0.010746764,0,-16.482042,-4.621037e-06,0
0.5,0,26.735743,-0.010531197,0,-16.472813,-4.5038352e-06,0
0.5,0,26.735736,-0.010335239,0,-16.463585,-4.3937038e-06,0
0.5,0,26.735933,-0.010164848,0,-16.454356,-4.2906143e-06,0
0.5,0,26.736319,-0.01002344,0,-16.445128,-4.1942405e-06,0
0.5,0,26.736818,-0.0099123905,0,-16.435899,-4.1038037e-06,0
0.5,0,26.737328,-0.009833789,0,-16.426671,-4.0179509e-06,0
0.5,0,26.737761,-0.0097930809,0,-16.417442,-3.9344207e-06,0
0.5,0,26.738047,-0.009795408,0,-16.408214,-3.8498863e-06,0
0.5,0,26.738136,-0.0098393403,0,-16.398985,-3.7604475e-06,0
0.5,0,26.738001,-0.009915839,0,-16.389757,-3.6625244e-06,0
0.5,0,26.737664,-0.01001424,0,-16.380529,-3.553603e-06,0
0.5,0,26.737195,-0.010125052,0,-16.3713,-3.4323857e-06,0
0.5,0,26.736707,-0.010237141,0,-16.362072,-3.2987597e-06,0
0.5,0,26.736327,-0.010335758,0,-16.352843,-3.1540713e-06,0
0.5,0,26.736149,-0.010403329,0,-16.343615,-3.0012708e-06,0
0.5,0,26.736198,-0.010424903,0,-16.334386,-2.8445894e-06,0
0.5,0,26.736436,-0.01039493,0,-16.325158,-2.6888568e-06,0
0.5,0,26.736827,-0.01032025,0,-16.315929,-2.5388139e-06,0
0.5,0,26.737375,-0.010217607,0,-16.306701,-2.3986587e-06,0
0.5,0,26.738123,-0.010107965,0,-16.297472,-2.2717539e-06,0
0.5,0,26.739107,-0.010011168,0,-16.288244,-2.1603208e-06,0
0.5,0,26.740337,-0.0099426555,0,-16.279015,-2.0650571e-06,0
0.5,0,26.741792,-0.0099119167,0,-16.269787,-1.9847746e-06,0
0.5,0,26.743438,-0.0099216587,0,-16.260558,-1.9162353e-06,0
0.5,0,26.745241,-0.009967645,0,-16.25133,-1.8543616e-06,0
0.5,0,26.747169,-0.01003982,0,-16.242102,-1.7929347e-06,0
0.5,0,26.749188,-0.010124661,0,-16.232873,-1.7257801e-06,0
0.5,0,26.751269,-0.010207924,0,-16.223645,-1.6482702e-06,0
0.5,0,26.753416,-0.010277148,0,-16.214416,-1.5587445e-06,0
0.5,0,26.755681,-0.010323599,0,-16.205188,-1.4592531e-06,0
0.5,0,26.758142,-0.010343252,0,-16.195959,-1.3551573e-06,0
0.5,0,26.760868,-0.010336334,0,-16.186731,-1.2536241e-06,0
0.5,0,26.763909,-0.010305927,0,-16.177502,-1.1616009e-06,0
0.5,0,26.767297,-0.010256966,0,-16.168274,-1.0840424e-06,0
0.5,0,26.77103,-0.010196124,0,-16.159045,-1.0229059e-06,0
0.5,0,26.775034,-0.010131809,0,-16.149817,-9.7702034e-07,0
0.5,0,26.779156,-0.010073114,0,-16.140588,-9.4264128e-07,0
0.5,0,26.783187,-0.010027744,0,-16.13136,-9.1440574e-07,0
0.5,0,26.786924,-0.010000163,0,-16.122131,-8.8645553e-07,0
0.5,0,26.790225,-0.0099912095,0,-16.112903,-8.5358533e-07,0
0.5,0,26.793037,-0.0099990107,0,-16.103675,-8.1231308e-07,0
0.5,0,26.795396,-0.010020165,0,-16.094446,-7.6171616e-07,0
0.5,0,26.797404,-0.010050682,0,-16.085218,-7.0382169e-07,0
0.5,0,26.799193,-0.010086679,0,-16.075989,-6.4336667e-07,0
0.5,0,26.800897,-0.010124781,0,-16.066761,-5.8687517e-07,0
0.5,0,26.802625,-0.010161815,0,-16.057532,-5.4119698e-07,0
0.5,0,26.804439,-0.010194128,0,-16.048304,-5.1183937e-07,0
0.5,0,26.806353,-0.010217862,0,-16.039075,-5.0160281e-07,0
0.5,0,26.808345,-0.010231049,0,-16.029847,-5.1002424e-07,0
0.5,0,26.810389,-0.010235556,0,-16.020618,-5.3383028e-07,0
0.5,0,26.81248,-0.010235671,0,-16.01139,-5.6805166e-07,0
0.5,0,26.814606,-0.010232649,0,-16.002161,-6.0703091e-07,0
0.5,0,26.816726,-0.010218557,0,-15.992933,-6.4471928e-07,0
0.5,0,26.818777,-0.010176429,0,-15.983704,-6.7431617e-07,0
0.5,0,26.820775,-0.010089956,0,-15.974476,-6.8815339e-07,0
0.5,0,26.822713,-0.009963039,0,-15.965248,-6.7915738e-07,0
0.5,0,26.824933,-0.0098286346,0,-15.956019,-6.4418775e-07,0
0.5,0,26.827414,-0.0097459252,0,-15.946791,-5.8859251e-07,0
0.5,0,26.830672,-0.0097377176,0,-15.937562,-5.2394994e-07,0
0.5,0,26.835085,-0.0097759435,0,-15.928334,-4.6123571e-07,0
0.5,0,26.840341,-0.009861405,0,-15.919105,-4.10204e-07,0
0.5,0,26.846514,-0.0099984734,0,-15.909877,-3.7962507e-07,0
0.5,0,26.852986,-0.010163682,0,-15.900648,-3.7491557e-07,0
0.5,0,26.858887,-0.010340001,0,-15.89142,-3.9735912e-07,0
0.5,0,26.863367,-0.010514075,0,-15.882191,-4.449238e-07,0
0.5,0,26.865788,-0.010663769,0,-15.872963,-5.1276539e-07,0
0.5,0,26.865967,-0.010763582,0,-15.863734,-5.9313583e-07,0
0.5,0,26.86414,-0.010794661,0,-15.854506,-6.7539501e-07,0
0.5,0,26.860808,-0.010750252,0,-15.845277,-7.4712916e-07,0
0.5,0,26.856575,-0.010636246,0,-15.836049,-7.9652619e-07,0
0.5,0,26.852051,-0.010470609,0,-15.826821,-8.1482851e-07,0
0.5,0,26.84765,-0.010289784,0,-15.817592,-7.97994e-07,0
0.5,0,26.843823,-0.010144761,0,-15.808364,-7.4820167e-07,0
0.5,0,26.840666,-0.010073813,0,-15.799135,-6.7482957e-07,0
0.5,0,26.838375,-0.01008083,0,-15.789907,-5.9109362e-07,0
0.5,0,26.837159,-0.010143083,0,-15.780678,-5.1106627e-07,0
0.5,0,26.836827,-0.010244594,0,-15.77145,-4.5014172e-07,0
0.5,0,26.837401,-0.01037493,0,-15.762221,-4.2107134e-07,0
0.5,0,26.838803,-0.010509201,0,-15.752993,-4.28614e-07,0
0.5,0,26.840953,-0.010619296,0,-15.743764,-4.6896935e-07,0
0.5,0,26.843738,-0.010680689,0,-15.734536,-5.3195552e-07,0
0.5,0,26.846902,-0.010670731,0,-15.725307,-6.043502e-07,0
0.5,0,26.850088,-0.010575249,0,-15.716079,-6.7382373e-07,0
0.5,0,26.852859,-0.010399478,0,-15.70685,-7.3194281e-07,0
0.5,0,26.854788,-0.010173011,0,-15.697622,-7.754471e-07,0
0.5,0,26.855592,-0.0099428391,0,-15.688394,-8.0613357e-07,0
0.5,0,26.855256,-0.0097579849,0,-15.679165,-8.2986486e-07,0
0.5,0,26.85405,-0.0096560202,0,-15.669937,-8.5482482e-07,0
0.5,0,26.852426,-0.009658351,0,-15.660708,-8.891166e-07,0
0.5,0,26.850811,-0.0097721788,0,-15.65148,-9.3836685e-07,0
0.5,0,26.849428,-0.0099923425,0,-15.642251,-1.0043234e-06,0
0.5,0,26.848275,-0.010298874,0,-15.633023,-1.0849198e-06,0
0.5,0,26.847284,-0.010653074,0,-15.623794,-1.1754336e-06,0
0.5,0,26.846531,-0.010999501,0,-15.614566,-1.2699105e-06,0
0.5,0,26.846298,-0.011279446,0,-15.605337,-1.3623131e-06,0
0.5,0,26.846908,-0.01145219,0,-15.596109,-1.4473766e-06,0
0.5,0,26.848454,-0.011508989,0,-15.58688,-1.5210694e-06,0
0.5,0,26.850645,-0.011466605,0,-15.577652,-1.5800375e-06,0
0.5,0,26.852881,-0.011346455,0,-15.568423,-1.6197092e-06,0
0.5,0,26.854511,-0.01116048,0,-15.559195,-1.6323573e-06,0
0.5,0,26.85506,-0.010915392,0,-15.549967,-1.6073764e-06,0
0.5,0,26.854279,-0.010624983,0,-15.540738,-1.5344392e-06,0
0.5,0,26.852048,-0.010315023,0,-15.53151,-1.4074448e-06,0
0.5,0,26.848355,-0.010023406,0,-15.522281,-1.2268225e-06,0
0.5,0,26.843404,-0.0098020301,0,-15.513053,-1.0000396e-06,0
0.5,0,26.837795,-0.0097051095,0,-15.503824,-7.4047809e-07,0
0.5,0,26.832635,-0.0097807221,0,-15.494596,-4.6334784e-07,0
0.5,0,26.829523,-0.010074104,0,-15.485367,-1.7952755e-07,0
0.5,0,26.829637,-0.010294033,0,-15.479611,-2.5804012e-15,0
0.5,0,26.747141,-0.0087305127,0,-15.263884,-1.1880656e-07,0
0.5,0,26.747187,-0.0084741584,0,-15.271152,-2.5804012e-15,0
0.5,0,26.74869,-0.0088742672,0,-15.254656,-2.6566747e-07,0
0.5,0,26.751639,-0.0088620423,0,-15.245427,-4.2122722e-07,0
0.5,0,26.756037,-0.0087914388,0,-15.236199,-5.9653791e-07,0
0.5,0,26.762022,-0.0087613262,0,-15.22697,-7.9320489e-07,0
0.5,0,26.768739,-0.0088016383,0,-15.217742,-9.9959308e-07,0
0.5,0,26.77576,-0.0088836631,0,-15.208513,-1.1998223e-06,0
0.5,0,26.782348,-0.0090342432,0,-15.199285,-1.3814704e-06,0
0.5,0,26.787028,-0.0092585343,0,-15.190056,-1.5361765e-06,0
0.5,0,26.789851,-0.0094865978,0,-15.180828,-1.6615088e-06,0
0.5,0,26.79161,-0.0097085342,0,-15.171599,-1.756054e-06,0
0.5,0,26.793339,-0.0099666645,0,-15.162371,-1.8138886e-06,0
0.5,0,26.795916,-0.010255537,0,-15.153142,-1.825884e-06,0
0.5,0,26.799736,-0.010537985,0,-15.143914,-1.7831838e-06,0
0.5,0,26.8046,-0.010786005,0,-15.134686,-1.680705e-06,0
0.5,0,26.809786,-0.010987106,0,-15.125457,-1.5210229e-06,0
0.5,0,26.814307,-0.011134066,0,-15.116229,-1.3161817e-06,0
0.5,0,26.817345,-0.011209371,0,-15.107,-1.0848314e-06,0
0.5,0,26.818757,-0.011186996,0,-15.097772,-8.4562332e-07,0
0.5,0,26.819323,-0.011060542,0,-15.088543,-6.1131684e-07,0
0.5,0,26.820474,-0.010876254,0,-15.079315,-3.875351e-07,0
0.5,0,26.823388,-0.010755653,0,-15.070086,-1.7478542e-07,0
0.5,0,26.827519,-0.010708706,0,-15.062304,-2.5804012e-15,0
0.5,0,26.851633,-0.0074216468,0,-14.839375,-2.3976032e-07,0
0.5,0,26.85361,-0.0071991291,0,-14.843151,-2.5804012e-15,0
0.5,0,26.84853,-0.0080180723,0,-14.830146,-8.5151003e-07,0
0.5,0,26.84694,-0.0085058871,0,-14.820918,-1.4564038e-06,0
0.5,0,26.846288,-0.0089241977,0,-14.811689,-2.0286878e-06,0
0.5,0,26.845939,-0.0093086957,0,-14.802461,-2.549651e-06,0
0.5,0,26.845101,-0.0096899834,0,-14.793232,-3.0033122e-06,0
0.5,0,26.842841,-0.010101006,0,-14.784004,-3.3728324e-06,0
0.5,0,26.838347,-0.010550163,0,-14.774775,-3.6423934e-06,0
0.5,0,26.831381,-0.011017782,0,-14.765547,-3.8017683e-06,0
0.5,0,26.822632,-0.011475543,0,-14.756318,-3.8489369e-06,0
0.5,0,26.813635,-0.011898929,0,-14.74709,-3.7895607e-06,0
0.5,0,26.806153,-0.012257106,0,-14.737861,-3.6362052e-06,0
0.5,0,26.801431,-0.012498277,0,-14.728633,-3.4095924e-06,0
0.5,0,26.799797,-0.012558144,0,-14.719405,-3.1404042e-06,0
0.5,0,26.800763,-0.012391515,0,-14.710176,-2.8682309e-06,0
0.5,0,26.803401,-0.01200102,0,-14.700948,-2.6357943e-06,0
0.5,0,26.806678,-0.011444823,0,-14.691719,-2.4802345e-06,0
0.5,0,26.809664,-0.010819385,0,-14.682491,-2.425221e-06,0
0.5,0,26.811672,-0.010228801,0,-14.673262,-2.4769776e-06,0
0.5,0,26.81239,-0.0097564096,0,-14.664034,-2.6250511e-06,0
0.5,0,26.811933,-0.0094461317,0,-14.654805,-2.8468769e-06,0
0.5,0,26.810781,-0.0092960103,0,-14.645577,-3.1144967e-06,0
0.5,0,26.809596,-0.009267606,0,-14.636348,-3.4011803e-06,0
0.5,0,26.808984,-0.0093084057,0,-14.62712,-3.6859203e-06,0
0.5,0,26.809275,-0.0093727811,0,-14.617891,-3.9550603e-06,0
0.5,0,26.810368,-0.0094335065,0,-14.608663,-4.2009946e-06,0
0.5,0,26.811726,-0.0094855961,0,-14.599434,-4.4195314e-06,0
0.5,0,26.812562,-0.0095393233,0,-14.590206,-4.6082212e-06,0
0.5,0,26.812123,-0.0096053196,0,-14.580978,-4.7659791e-06,0
0.5,0,26.809969,-0.0096852508,0,-14.571749,-4.8930266e-06,0
0.5,0,26.806103,-0.0097743762,0,-14.562521,-4.9901726e-06,0
0.5,0,26.800913,-0.0098704293,0,-14.553292,-5.0573179e-06,0
0.5,0,26.795008,-0.0099802913,0,-14.544064,-5.0920039e-06,0
0.5,0,26.789015,-0.01011836,0,-14.534835,-5.0890434e-06,0
0.5,0,26.783428,-0.010298169,0,-14.525607,-5.0415047e-06,0
0.5,0,26.778527,-0.010524467,0,-14.516378,-4.9426428e-06,0
0.5,0,26.77437,-0.010788651,0,-14.50715,-4.7881957e-06,0
0.5,0,26.770824,-0.011067743,0,-14.497921,-4.5784187e-06,0
0.5,0,26.76764,-0.011323644,0,-14.488693,-4.3194311e-06,0
0.5,0,26.764543,-0.011506012,0,-14.479464,-4.0237746e-06,0
0.5,0,26.761336,-0.011564005,0,-14.470236,-3.7099759e-06,0
0.5,0,26.757982,-0.011463311,0,-14.461007,-3.4009247e-06,0
0.5,0,26.754622,-0.011201641,0,-14.451779,-3.1210246e-06,0
0.5,0,26.751515,-0.010815086,0,-14.442551,-2.8920937e-06,0
0.5,0,26.748935,-0.0103726,0,-14.433322,-2.728627e-06,0
0.5,0,26.747063,-0.0099601812,0,-14.424094,-2.6337243e-06,0
0.5,0,26.745931,-0.0096593751,0,-14.414865,-2.5972857e-06,0
0.5,0,26.745436,-0.0095259951,0,-14.405637,-2.5976812e-06,0
0.5,0,26.745402,-0.009575525,0,-14.396408,-2.6069771e-06,0
0.5,0,26.745627,-0.0097798698,0,-14.38718,-2.5983338e-06,0
0.5,0,26.745929,-0.010077311,0,-14.377951,-2.5530098e-06,0
0.5,0,26.7462,-0.010392764,0,-14.368723,-2.464354e-06,0
0.5,0,26.746407,-0.010661185,0,-14.359494,-2.3374163e-06,0
0.5,0,26.746547,-0.010845839,0,-14.350266,-2.1847286e-06,0
0.5,0,26.746603,-0.010944513,0,-14.341037,-2.0204793e-06,0
0.5,0,26.746558,-0.010981951,0,-14.331809,-1.8557731e-06,0
0.5,0,26.746429,-0.010993013,0,-14.32258,-1.6967065e-06,0
0.5,0,26.746284,-0.01100527,0,-14.313352,-1.5453271e-06,0
0.5,0,26.746201,-0.011029486,0,-14.304124,-1.4022096e-06,0
0.5,0,26.746196,-0.011061051,0,-14.294895,-1.2689756e-06,0
0.5,0,26.746198,-0.011088308,0,-14.285667,-1.1494524e-06,0
0.5,0,26.746084,-0.011100301,0,-14.276438,-1.0488288e-06,0
0.5,0,26.745772,-0.011090962,0,-14.26721,-9.7110614e-07,0
0.5,0,26.74528,-0.011063269,0,-14.257981,-9.1639043e-07,0
0.5,0,26.74471,-0.011034904,0,-14.248753,-8.8017439e-07,0
0.5,0,26.744162,-0.011037803,0,-14.239524,-8.5550067e-07,0
0.5,0,26.743671,-0.011103006,0,-14.230296,-8.3635992e-07,0
0.5,0,26.743195,-0.011238001,0,-14.221067,-8.1954619e-07,0
0.5,0,26.742699,-0.011417999,0,-14.211839,-8.0414803e-07,0
0.5,0,26.742149,-0.01160159,0,-14.20261,-7.9080792e-07,0
0.5,0,26.741746,-0.011748027,0,-14.193382,-7.8222204e-07,0
0.5,0,26.740836,-0.011846086,0,-14.184153,-7.839518e-07,0
0.5,0,26.739053,-0.011870716,0,-14.174925,-8.0508739e-07,0
0.5,0,26.737386,-0.011731372,0,-14.165697,-8.6061196e-07,0
0.5,0,26.736503,-0.011423255,0,-14.156468,-9.5965415e-07,0
0.5,0,26.73663,-0.011067913,0,-14.14724,-1.10034e-06,0
0.5,0,26.737547,-0.010743976,0,-14.138011,-1.2800541e-06,0
0.5,0,26.738598,-0.01045253,0,-14.128783,-1.4961458e-06,0
0.5,0,26.739324,-0.010197533,0,-14.119554,-1.7441192e-06,0
0.5,0,26.739664,-0.010002744,0,-14.110326,-2.0162055e-06,0
0.5,0,26.739713,-0.0098787223,0,-14.101097,-2.3021943e-06,0
0.5,0,26.739669,-0.0098187023,0,-14.091869,-2.5919856e-06,0
0.5,0,26.739641,-0.009809194,0,-14.08264,-2.8770652e-06,0
0.5,0,26.739633,-0.0098336936,0,-14.073412,-3.1511765e-06,0
0.5,0,26.739637,-0.0098734653,0,-14.064183,-3.4109492e-06,0
0.5,0,26.739667,-0.0099123861,0,-14.054955,-3.655879e-06,0
0.5,0,26.739703,-0.0099417591,0,-14.045726,-3.8872618e-06,0
0.5,0,26.739624,-0.0099614348,0,-14.036498,-4.1066171e-06,0
0.5,0,26.739249,-0.0099797862,0,-14.02727,-4.3141907e-06,0
0.5,0,26.73846,-0.010013259,0,-14.018041,-4.507792e-06,0
0.5,0,26.737308,-0.010081409,0,-14.008813,-4.6823665e-06,0
0.5,0,26.736022,-0.010196677,0,-13.999584,-4.8307973e-06,0
0.5,0,26.734916,-0.010356105,0,-13.990356,-4.9457328e-06,0
0.5,0,26.734265,-0.010542664,0,-13.981127,-5.0213801e-06,0
0.5,0,26.734239,-0.010735089,0,-13.971899,-5.0543122e-06,0
0.5,0,26.734897,-0.010917502,0,-13.96267,-5.0433234e-06,0
0.5,0,26.736218,-0.011081682,0,-13.953442,-4.9890892e-06,0
0.5,0,26.738131,-0.011222583,0,-13.944213,-4.8941865e-06,0
0.5,0,26.740516,-0.011333169,0,-13.934985,-4.7633834e-06,0
0.5,0,26.74321,-0.011403636,0,-13.925756,-4.6037895e-06,0
0.5,0,26.746032,-0.011425078,0,-13.916528,-4.4246202e-06,0
0.5,0,26.748825,-0.011393937,0,-13.907299,-4.2365789e-06,0
0.5,0,26.751499,-0.011314206,0,-13.898071,-4.0509972e-06,0
0.5,0,26.754039,-0.011196452,0,-13.888843,-3.8789108e-06,0
0.5,0,26.756473,-0.01105454,0,-13.879614,-3.7302422e-06,0
0.5,0,26.75882,-0.0109018,0,-13.870386,-3.6132383e-06,0
0.5,0,26.761052,-0.010747943,0,-13.861157,-3.5342389e-06,0
0.5,0,26.76311,-0.010597367,0,-13.851929,-3.4977003e-06,0
0.5,0,26.764938,-0.010449425,0,-13.8427,-3.5062967e-06,0
0.5,0,26.766522,-0.010300102,0,-13.833472,-3.5610743e-06,0
0.5,0,26.767924,-0.010144064,0,-13.824243,-3.6617582e-06,0
0.5,0,26.769316,-0.0099764163,0,-13.815015,-3.8072186e-06,0
0.5,0,26.770983,-0.0097939092,0,-13.805786,-3.9960091e-06,0
0.5,0,26.773236,-0.009595929,0,-13.796558,-4.2267799e-06,0
0.5,0,26.776276,-0.0093856154,0,-13.787329,-4.4983146e-06,0
0.5,0,26.780086,-0.0091709342,0,-13.778101,-4.809071e-06,0
0.5,0,26.784428,-0.0089649762,0,-13.768872,-5.1563266e-06,0
0.5,0,26.788921,-0.0087853928,0,-13.759644,-5.5352492e-06,0
0.5,0,26.793188,-0.0086520818,0,-13.750416,-5.9382055e-06,0
0.5,0,26.796986,-0.0085830669,0,-13.741187,-6.3544919e-06,0
0.5,0,26.800282,-0.0085905082,0,-13.731959,-6.7706079e-06,0
0.5,0,26.803227,-0.0086778744,0,-13.72273,-7.1710527e-06,0
0.5,0,26.806056,-0.008839639,0,-13.713502,-7.5395566e-06,0
0.5,0,26.80895,-0.0090638019,0,-13.704273,-7.8605697e-06,0
0.5,0,26.811915,-0.0093362003,0,-13.695045,-8.1207575e-06,0
0.5,0,26.814739,-0.0096433933,0,-13.685816,-8.3102811e-06,0
0.5,0,26.817036,-0.0099691072,0,-13.676588,-8.4234643e-06,0
0.5,0,26.818337,-0.010285446,0,-13.667359,-8.4582555e-06,0
0.5,0,26.818223,-0.01056649,0,-13.658131,-8.4154041e-06,0
0.5,0,26.816424,-0.010817446,0,-13.648902,-8.3010605e-06,0
0.5,0,26.812829,-0.011063887,0,-13.639674,-8.1322297e-06,0
0.5,0,26.807544,-0.011261638,0,-13.630445,-7.9328257e-06,0
0.5,0,26.800699,-0.011320034,0,-13.621217,-7.7223481e-06,0
0.5,0,26.792499,-0.011233471,0,-13.611989,-7.5162976e-06,0
0.5,0,26.783655,-0.01103358,0,-13.60276,-7.3345207e-06,0
0.5,0,26.774347,-0.010725203,0,-13.593532,-7.2003463e-06,0
0.5,0,26.764887,-0.010309726,0,-13.584303,-7.1342424e-06,0
0.5,0,26.75584,-0.0098082975,0,-13.575075,-7.1506276e-06,0
0.5,0,26.7476,-0.0092876023,0,-13.565846,-7.2558184e-06,0
0.5,0,26.740777,-0.0088158049,0,-13.556618,-7.4468282e-06,0
0.5,0,26.735491,-0.0084338537,0,-13.547389,-7.7132221e-06,0
0.5,0,26.731686,-0.0081735304,0,-13.538161,-8.0390937e-06,0
0.5,0,26.72919,-0.0080404411,0,-13.528932,-8.4016222e-06,0
0.5,0,26.727646,-0.0080237966,0,-13.519704,-8.7716874e-06,0
0.5,0,26.726775,-0.0081367443,0,-13.510475,-9.120407e-06,0
0.5,0,26.726267,-0.0083845781,0,-13.501247,-9.425007e-06,0
0.5,0,26.725746,-0.008718344,0,-13.492018,-9.6691461e-06,0
0.5,0,26.725104,-0.0090791841,0,-13.48279,-9.8413508e-06,0
0.5,0,26.724411,-0.0094398502,0,-13.473562,-9.9352051e-06,0
0.5,0,26.72378,-0.0097806451,0,-13.464333,-9.950549e-06,0
0.5,0,26.723292,-0.010077454,0,-13.455105,-9.8934914e-06,0
0.5,0,26.722999,-0.010313699,0,-13.445876,-9.7749306e-06,0
0.5,0,26.722908,-0.010479668,0,-13.436648,-9.6090088e-06,0
0.5,0,26.722986,-0.010567098,0,-13.427419,-9.4121572e-06,0
0.5,0,26.723175,-0.010569647,0,-13.418191,-9.2022926e-06,0
0.5,0,26.723416,-0.010484557,0,-13.408962,-8.9978342e-06,0
0.5,0,26.723666,-0.010313664,0,-13.399734,-8.8165149e-06,0
0.5,0,26.723901,-0.010064962,0,-13.390505,-8.6740073e-06,0
0.5,0,26.724111,-0.0097544332,0,-13.381277,-8.5824654e-06,0
0.5,0,26.724293,-0.009407113,0,-13.372048,-8.5491878e-06,0
0.5,0,26.724437,-0.0090564147,0,-13.36282,-8.5756316e-06,0
0.5,0,26.724525,-0.0087413651,0,-13.353591,-8.6569534e-06,0
0.5,0,26.724541,-0.0085014393,0,-13.344363,-8.7822014e-06,0
0.5,0,26.724477,-0.0083693501,0,-13.335135,-8.9351802e-06,0
0.5,0,26.724343,-0.0083638603,0,-13.325906,-9.0959302e-06,0
0.5,0,26.724164,-0.00848515,0,-13.316678,-9.2428153e-06,0
0.5,0,26.723973,-0.0087145118,0,-13.307449,-9.3552079e-06,0
0.5,0,26.723801,-0.0090179217,0,-13.298221,-9.4165564e-06,0
0.5,0,26.723659,-0.0093514659,0,-13.288992,-9.4172472e-06,0
0.5,0,26.723548,-0.0096670988,0,-13.279764,-9.3564544e-06,0
0.5,0,26.723453,-0.0099186669,0,-13.270535,-9.2423742e-06,0
0.5,0,26.723346,-0.010068537,0,-13.261307,-9.0907694e-06,0
0.5,0,26.723202,-0.010094253,0,-13.252078,-8.9222223e-06,0
0.5,0,26.723017,-0.0099936167,0,-13.24285,-8.7586811e-06,0
0.5,0,26.722811,-0.0097863967,0,-13.233621,-8.619885e-06,0
0.5,0,26.722592,-0.0095116338,0,-13.224393,-8.5202189e-06,0
0.5,0,26.722339,-0.0092207733,0,-13.215164,-8.4665303e-06,0
0.5,0,26.722009,-0.0089678357,0,-13.205936,-8.4573331e-06,0
0.5,0,26.721581,-0.008798517,0,-13.196708,-8.4835657e-06,0
0.5,0,26.721089,-0.0087406076,0,-13.187479,-8.5306586e-06,0
0.5,0,26.720616,-0.0087979694,0,-13.178251,-8.5813938e-06,0
0.5,0,26.720258,-0.008950151,0,-13.169022,-8.6189926e-06,0
0.5,0,26.720088,-0.0091583365,0,-13.159794,-8.6299875e-06,0
0.5,0,26.720132,-0.0093758564,0,-13.150565,-8.6065723e-06,0
0.5,0,26.720377,-0.0095595136,0,-13.141337,-8.5480403e-06,0
0.5,0,26.720771,-0.00967805,0,-13.132108,-8.4608664e-06,0
0.5,0,26.721242,-0.0097161574,0,-13.12288,-8.3571626e-06,0
0.5,0,26.72172,-0.0096744806,0,-13.113651,-8.2517154e-06,0
0.5,0,26.722165,-0.0095671745,0,-13.104423,-8.1583617e-06,0
0.5,0,26.722568,-0.0094182818,0,-13.095194,-8.0867706e-06,0
0.5,0,26.722933,-0.0092577081,0,-13.085966,-8.0406486e-06,0
0.5,0,26.723251,-0.0091173221,0,-13.076737,-8.0179318e-06,0
0.5,0,26.723496,-0.0090251674,0,-13.067509,-8.0127922e-06,0
0.5,0,26.723648,-0.0089984008,0,-13.058281,-8.0182365e-06,0
0.5,0,26.723718,-0.0090347678,0,-13.049052,-8.028104e-06,0
0.5,0,26.723739,-0.009110467,0,-13.039824,-8.0376797e-06,0
0.5,0,26.723781,-0.0091910236,0,-13.030595,-8.0433928e-06,0
0.5,0,26.723899,-0.0092496899,0,-13.021367,-8.0431612e-06,0
0.5,0,26.724104,-0.0092790827,0,-13.012138,-8.0376096e-06,0
0.5,0,26.724331,-0.0092847825,0,-13.00291,-8.0305629e-06,0
0.5,0,26.724489,-0.0092726998,0,-12.993681,-8.027468e-06,0
0.5,0,26.724559,-0.0092455325,0,-12.984453,-8.0328804e-06,0
0.5,0,26.724517,-0.0092077492,0,-12.975224,-8.0491728e-06,0
0.5,0,26.724339,-0.0091671123,0,-12.965996,-8.0768375e-06,0
0.5,0,26.724099,-0.0091298199,0,-12.956767,-8.1151966e-06,0
0.5,0,26.723914,-0.0090976505,0,-12.947539,-8.1628899e-06,0
0.5,0,26.72379,-0.0090704598,0,-12.93831,-8.2181738e-06,0
0.5,0,26.723621,-0.0090479453,0,-12.929082,-8.2791644e-06,0
0.5,0,26.723349,-0.0090276756,0,-12.919854,-8.3443513e-06,0
0.5,0,26.723013,-0.009005121,0,-12.910625,-8.413251e-06,0
0.5,0,26.722676,-0.0089778644,0,-12.901397,-8.4864316e-06,0
0.5,0,26.722366,-0.0089472857,0,-12.892168,-8.5648284e-06,0
0.5,0,26.722093,-0.0089156112,0,-12.88294,-8.6491206e-06,0
0.5,0,26.721907,-0.0088840107,0,-12.873711,-8.7394768e-06,0
0.5,0,26.721892,-0.0088536951,0,-12.864483,-8.8353883e-06,0
0.5,0,26.722111,-0.008826663,0,-12.855254,-8.9355671e-06,0
0.5,0,26.722558,-0.0088047878,0,-12.846026,-9.0381204e-06,0
0.5,0,26.723154,-0.0087890418,0,-12.836797,-9.1409528e-06,0
0.5,0,26.723791,-0.0087800073,0,-12.827569,-9.242092e-06,0
0.5,0,26.724385,-0.0087789168,0,-12.81834,-9.3397327e-06,0
0.5,0,26.724905,-0.008787905,0,-12.809112,-9.4320604e-06,0
0.5,0,26.72535,-0.0088090659,0,-12.799883,-9.5170778e-06,0
0.5,0,26.725717,-0.0088430261,0,-12.790655,-9.5925602e-06,0
0.5,0,26.725982,-0.0088880784,0,-12.781427,-9.6560769e-06,0
0.5,0,26.726114,-0.008940355,0,-12.772198,-9.7049765e-06,0
0.5,0,26.726096,-0.0089950282,0,-12.76297,-9.7363734e-06,0
0.5,0,26.725946,-0.0090483289,0,-12.753741,-9.7472863e-06,0
0.5,0,26.725708,-0.0090992421,0,-12.744513,-9.7350277e-06,0
0.5,0,26.725442,-0.009149841,0,-12.735284,-9.6976995e-06,0
0.5,0,26.725202,-0.0092040372,0,-12.726056,-9.6344899e-06,0
0.5,0,26.725022,-0.0092656196,0,-12.716827,-9.5455323e-06,0
0.5,0,26.724903,-0.0093370429,0,-12.707599,-9.4313734e-06,0
0.5,0,26.724824,-0.0094192363,0,-12.69837,-9.2924085e-06,0
0.5,0,26.724761,-0.0095118895,0,-12.689142,-9.1286333e-06,0
0.5,0,26.724713,-0.0096136429,0,-12.679913,-8.9397765e-06,0
0.5,0,26.724697,-0.0097221622,0,-12.670685,-8.7256162e-06,0
0.5,0,26.724731,-0.0098344273,0,-12.661456,-8.4862689e-06,0
0.5,0,26.724821,-0.0099472513,0,-12.652228,-8.2223715e-06,0
0.5,0,26.724968,-0.010057739,0,-12.643,-7.9351878e-06,0
0.5,0,26.725183,-0.010163403,0,-12.633771,-7.626666e-06,0
0.5,0,26.725471,-0.010261914,0,-12.624543,-7.2994402e-06,0
0.5,0,26.725821,-0.010350677,0,-12.615314,-6.9567853e-06,0
0.5,0,26.726195,-0.010426315,0,-12.606086,-6.6025393e-06,0
0.5,0,26.726539,-0.010484213,0,-12.596857,-6.2410003e-06,0
0.5,0,26.726804,-0.010518516,0,-12.587629,-5.876806e-06,0
0.5,0,26.726976,-0.010523006,0,-12.5784,-5.5148173e-06,0
0.5,0,26.727076,-0.010492867,0,-12.569172,-5.1600571e-06,0
0.5,0,26.727148,-0.010426585,0,-12.559943,-4.817738e-06,0
0.5,0,26.727217,-0.010326734,0,-12.550715,-4.4933522e-06,0
0.5,0,26.727272,-0.010198842,0,-12.541486,-4.1926972e-06,0
0.5,0,26.727289,-0.010049051,0,-12.532258,-3.921665e-06,0
0.5,0,26.727252,-0.0098846501,0,-12.523029,-3.6858236e-06,0
0.5,0,26.727187,-0.0097157542,0,-12.513801,-3.4900937e-06,0
0.5,0,26.727151,-0.0095412567,0,-12.504573,-3.3382411e-06,0
0.5,0,26.727207,-0.009361503,0,-12.495344,-3.2318666e-06,0
0.5,0,26.727398,-0.0091908626,0,-12.486116,-3.1703463e-06,0
0.5,0,26.727721,-0.0090362617,0,-12.476887,-3.1517016e-06,0
0.5,0,26.728123,-0.0088992418,0,-12.467659,-3.1727807e-06,0
0.5,0,26.72852,-0.0087829706,0,-12.45843,-3.2290901e-06,0
0.5,0,26.728837,-0.0086889669,0,-12.449202,-3.3146726e-06,0
0.5,0,26.729034,-0.0086185479,0,-12.439973,-3.4221987e-06,0
0.5,0,26.729114,-0.0085762519,0,-12.430745,-3.5435091e-06,0
0.5,0,26.729107,-0.0085687641,0,-12.421516,-3.6699385e-06,0
0.5,0,26.729055,-0.0085996432,0,-12.412288,-3.7923198e-06,0
0.5,0,26.728985,-0.0086671246,0,-12.403059,-3.9013465e-06,0
0.5,0,26.728924,-0.0087670584,0,-12.393831,-3.9882874e-06,0
0.5,0,26.728903,-0.0088951545,0,-12.384602,-4.045618e-06,0
0.5,0,26.72893,-0.009046192,0,-12.375374,-4.0674497e-06,0
0.5,0,26.728991,-0.0092128694,0,-12.366146,-4.0498739e-06,0
0.5,0,26.729072,-0.0093858778,0,-12.356917,-3.9912898e-06,0
0.5,0,26.729172,-0.0095546762,0,-12.347689,-3.8926916e-06,0
0.5,0,26.7293,-0.0097081818,0,-12.33846,-3.7578257e-06,0
0.5,0,26.729462,-0.0098352586,0,-12.329232,-3.5931423e-06,0
0.5,0,26.729662,-0.0099256358,0,-12.320003,-3.4074789e-06,0
0.5,0,26.729877,-0.0099710196,0,-12.310775,-3.2114606e-06,0
0.5,0,26.73005,-0.009965418,0,-12.301546,-3.0167737e-06,0
0.5,0,26.730116,-0.0099050784,0,-12.292318,-2.8354867e-06,0
0.5,0,26.730039,-0.009789461,0,-12.283089,-2.6793543e-06,0
0.5,0,26.729827,-0.0096227843,0,-12.273861,-2.5589378e-06,0
0.5,0,26.729526,-0.0094142408,0,-12.264632,-2.4826451e-06,0
0.5,0,26.729187,-0.0091769239,0,-12.255404,-2.4559677e-06,0
0.5,0,26.728847,-0.0089273393,0,-12.246175,-2.4809726e-06,0
0.5,0,26.728525,-0.0086855826,0,-12.236947,-2.5559174e-06,0
0.5,0,26.728224,-0.008473981,0,-12.227719,-2.6750606e-06,0
0.5,0,26.72794,-0.0083132566,0,-12.21849,-2.828986e-06,0
0.5,0,26.727666,-0.0082183474,0,-12.209262,-3.0056004e-06,0
0.5,0,26.727396,-0.0081966739,0,-12.200033,-3.1914976e-06,0
0.5,0,26.72713,-0.0082488571,0,-12.190805,-3.3731644e-06,0
0.5,0,26.72688,-0.0083698007,0,-12.181576,-3.5377585e-06,0
0.5,0,26.726667,-0.0085492185,0,-12.172348,-3.6736132e-06,0
0.5,0,26.726509,-0.0087722112,0,-12.163119,-3.7707958e-06,0
0.5,0,26.726419,-0.0090195077,0,-12.153891,-3.8216003e-06,0
0.5,0,26.726382,-0.0092735889,0,-12.144662,-3.8212288e-06,0
0.5,0,26.726396,-0.0095218278,0,-12.135434,-3.7683499e-06,0
0.5,0,26.726435,-0.0097518485,0,-12.126205,-3.6652545e-06,0
0.5,0,26.726513,-0.0099480044,0,-12.116977,-3.5170237e-06,0
0.5,0,26.726627,-0.010095673,0,-12.107748,-3.3300887e-06,0
0.5,0,26.726753,-0.010192792,0,-12.09852,-3.1122988e-06,0
0.5,0,26.726962,-0.010246109,0,-12.089292,-2.8738314e-06,0
0.5,0,26.72726,-0.010259457,0,-12.080063,-2.6269577e-06,0
0.5,0,26.72758,-0.010231994,0,-12.070835,-2.3846696e-06,0
0.5,0,26.727863,-0.010161657,0,-12.061606,-2.1596061e-06,0
0.5,0,26.728077,-0.010049557,0,-12.052378,-1.9635358e-06,0
0.5,0,26.728178,-0.0099007106,0,-12.043149,-1.8067447e-06,0
0.5,0,26.728162,-0.0097225766,0,-12.033921,-1.6972123e-06,0
0.5,0,26.728134,-0.0095262885,0,-12.024692,-1.6397047e-06,0
0.5,0,26.728188,-0.0093281284,0,-12.015464,-1.6349918e-06,0
0.5,0,26.728272,-0.0091472174,0,-12.006235,-1.6795521e-06,0
0.5,0,26.728276,-0.0090006211,0,-11.997007,-1.7658736e-06,0
0.5,0,26.728167,-0.0088993145,0,-11.987778,-1.883261e-06,0
0.5,0,26.727999,-0.0088466491,0,-11.97855,-2.0191589e-06,0
0.5,0,26.727838,-0.0088388549,0,-11.969321,-2.1609395e-06,0
0.5,0,26.727722,-0.0088663383,0,-11.960093,-2.2978286e-06,0
0.5,0,26.727667,-0.0089153582,0,-11.950865,-2.4224631e-06,0
0.5,0,26.727675,-0.0089711455,0,-11.941636,-2.5315641e-06,0
0.5,0,26.727746,-0.0090229427,0,-11.932408,-2.6253735e-06,0
0.5,0,26.727873,-0.0090677934,0,-11.923179,-2.705927e-06,0
0.5,0,26.728044,-0.009109968,0,-11.913951,-2.7747045e-06,0
0.5,0,26.728234,-0.0091584646,0,-11.904722,-2.8304069e-06,0
0.5,0,26.728414,-0.0092278088,0,-11.895494,-2.867618e-06,0
0.5,0,26.728554,-0.0093416579,0,-11.886265,-2.877106e-06,0
0.5,0,26.728622,-0.0095302612,0,-11.877037,-2.8479298e-06,0
0.5,0,26.728596,-0.0098152126,0,-11.867808,-2.7705652e-06,0
0.5,0,26.728458,-0.010189188,0,-11.85858,-2.6395998e-06,0
0.5,0,26.728229,-0.010608176,0,-11.849351,-2.4550217e-06,0
0.5,0,26.727877,-0.011006469,0,-11.840123,-2.2225613e-06,0
0.5,0,26.72762,-0.011312192,0,-11.830894,-1.9537538e-06,0
0.5,0,26.726728,-0.011481614,0,-11.821666,-1.6660173e-06,0
0.5,0,26.724918,-0.011476572,0,-11.812437,-1.3833748e-06,0
0.5,0,26.722889,-0.0112243,0,-11.803209,-1.1404595e-06,0
0.5,0,26.721138,-0.010743761,0,-11.793981,-9.6985628e-07,0
0.5,0,26.720233,-0.010156673,0,-11.784752,-8.8925156e-07,0
0.5,0,26.720136,-0.0095535391,0,-11.775524,-9.0603771e-07,0
0.5,0,26.7205,-0.0089887918,0,-11.766295,-1.0166586e-06,0
0.5,0,26.720995,-0.0085244795,0,-11.757067,-1.2037385e-06,0
0.5,0,26.72148,-0.0082246901,0,-11.747838,-1.4372804e-06,0
0.5,0,26.72192,-0.0081277479,0,-11.73861,-1.6805003e-06,0
0.5,0,26.722378,-0.0082397882,0,-11.729381,-1.8968199e-06,0
0.5,0,26.722894,-0.0085326726,0,-11.720153,-2.0551887e-06,0
0.5,0,26.723436,-0.0089430242,0,-11.710924,-2.1337094e-06,0
0.5,0,26.723928,-0.0093851343,0,-11.701696,-2.1217339e-06,0
0.5,0,26.724296,-0.0097754313,0,-11.692467,-2.0205018e-06,0
0.5,0,26.724482,-0.010052454,0,-11.683239,-1.8427357e-06,0
0.5,0,26.724455,-0.010182795,0,-11.67401,-1.6112179e-06,0
0.5,0,26.724199,-0.010157241,0,-11.664782,-1.355787e-06,0
0.5,0,26.723719,-0.0099863047,0,-11.655554,-1.1086321e-06,0
0.5,0,26.723064,-0.0096982018,0,-11.646325,-8.989059e-07,0
0.5,0,26.722318,-0.0093361276,0,-11.637097,-7.4812632e-07,0
0.5,0,26.721565,-0.0089527456,0,-11.627868,-6.6722142e-07,0
0.5,0,26.72088,-0.0086035692,0,-11.61864,-6.5538835e-07,0
0.5,0,26.720344,-0.0083405532,0,-11.609411,-7.008499e-07,0
0.5,0,26.720005,-0.0082039392,0,-11.600183,-7.8350509e-07,0
0.5,0,26.71985,-0.0082119999,0,-11.590954,-8.7892071e-07,0
0.5,0,26.719863,-0.0083543288,0,-11.581726,-9.6272163e-07,0
0.5,0,26.720075,-0.008594312,0,-11.572497,-1.0146347e-06,0
0.5,0,26.720499,-0.0088789692,0,-11.563269,-1.0217015e-06,0
0.5,0,26.721047,-0.0091510025,0,-11.55404,-9.8015024e-07,0
0.5,0,26.721571,-0.009359891,0,-11.544812,-8.9549469e-07,0
0.5,0,26.721988,-0.009470181,0,-11.535583,-7.8096345e-07,0
0.5,0,26.722316,-0.0094665594,0,-11.526355,-6.5479484e-07,0
0.5,0,26.722604,-0.0093560438,0,-11.517127,-5.367878e-07,0
0.5,0,26.722858,-0.0091659699,0,-11.507898,-4.4446276e-07,0
0.5,0,26.723036,-0.0089364526,0,-11.49867,-3.8963886e-07,0
0.5,0,26.723098,-0.0087124114,0,-11.489441,-3.7622021e-07,0
0.5,0,26.723044,-0.0085341852,0,-11.480213,-4.0003241e-07,0
0.5,0,26.722932,-0.0084309192,0,-11.470984,-4.5004893e-07,0
0.5,0,26.722854,-0.008415186,0,-11.461756,-5.1107084e-07,0
0.5,0,26.722909,-0.0084797541,0,-11.452527,-5.6754354e-07,0
0.5,0,26.723183,-0.0086005926,0,-11.443299,-6.0662475e-07,0
0.5,0,26.723741,-0.0087399782,0,-11.43407,-6.2059385e-07,0
0.5,0,26.724611,-0.0088593269,0,-11.424842,-6.0788335e-07,0
0.5,0,26.725781,-0.0089374085,0,-11.415613,-5.7187141e-07,0
0.5,0,26.727212,-0.0089711789,0,-11.406385,-5.190171e-07,0
0.5,0,26.728858,-0.0089642547,0,-11.397156,-4.5759112e-07,0
0.5,0,26.730688,-0.0089229357,0,-11.387928,-3.9617538e-07,0
0.5,0,26.732691,-0.0088567874,0,-11.3787,-3.4161555e-07,0
0.5,0,26.734866,-0.0087774225,0,-11.369471,-2.9735914e-07,0
0.5,0,26.737197,-0.0086971648,0,-11.360243,-2.6299772e-07,0
0.5,0,26.739648,-0.0086275813,0,-11.351014,-2.3519679e-07,0
0.5,0,26.74218,-0.0085781621,0,-11.341786,-2.095306e-07,0
0.5,0,26.744791,-0.0085538148,0,-11.332557,-1.8218849e-07,0
0.5,0,26.747531,-0.0085533131,0,-11.323329,-1.5089442e-07,0
0.5,0,26.750475,-0.0085715174,0,-11.3141,-1.1494016e-07,0
0.5,0,26.753702,-0.0086056539,0,-11.304872,-7.4883727e-08,0
0.5,0,26.757289,-0.0086652269,0,-11.295643,-3.2575881e-08,0
0.5,0,26.760416,-0.0087208073,0,-11.288432,-2.5804012e-15,0
0.5,0,26.823114,-0.0078038088,0,-10.852677,-1.0324794e-07,0
0.5,0,26.827915,-0.0075247284,0,-10.859775,-2.5804012e-15,0
0.5,0,26.817868,-0.0080478808,0,-10.843448,-2.2118122e-07,0
0.5,0,26.813296,-0.0081745794,0,-10.83422,-3.2074033e-07,0
0.5,0,26.808972,-0.0082400061,0,-10.824992,-4.0282678e-07,0
0.5,0,26.804466,-0.0082768037,0,-10.815763,-4.6902833e-07,0
0.5,0,26.799398,-0.0083181892,0,-10.806535,-5.181773e-07,0
0.5,0,26.793499,-0.0083849635,0,-10.797306,-5.4629466e-07,0
0.5,0,26.786649,-0.0084769864,0,-10.788078,-5.5000252e-07,0
0.5,0,26.778909,-0.0085829564,0,-10.778849,-5.2946854e-07,0
0.5,0,26.770539,-0.0086873446,0,-10.769621,-4.8916458e-07,0
0.5,0,26.761977,-0.0087684626,0,-10.760392,-4.3762288e-07,0
0.5,0,26.753757,-0.0088021851,0,-10.751164,-3.866829e-07,0
0.5,0,26.746368,-0.0087745376,0,-10.741935,-3.4927055e-07,0
0.5,0,26.74013,-0.0086943093,0,-10.732707,-3.3606552e-07,0
0.5,0,26.735153,-0.0085916171,0,-10.723478,-3.5229661e-07,0
0.5,0,26.731369,-0.0085025453,0,-10.71425,-3.9625528e-07,0
0.5,0,26.728617,-0.00845347,0,-10.705021,-4.6038297e-07,0
0.5,0,26.726698,-0.0084515341,0,-10.695793,-5.3403806e-07,0
0.5,0,26.725423,-0.0084828542,0,-10.686565,-6.0664214e-07,0
0.5,0,26.724615,-0.0085187185,0,-10.677336,-6.7022646e-07,0
0.5,0,26.72414,-0.0085265933,0,-10.668108,-7.2070863e-07,0
0.5,0,26.723919,-0.0084829334,0,-10.658879,-7.5754183e-07,0
0.5,0,26.723854,-0.0083887035,0,-10.649651,-7.8248426e-07,0
0.5,0,26.723982,-0.008270566,0,-10.640422,-7.9892519e-07,0
0.5,0,26.724147,-0.0081589598,0,-10.631194,-8.1136221e-07,0
0.5,0,26.724391,-0.0080655466,0,-10.621965,-8.2204811e-07,0
0.5,0,26.724722,-0.00798899,0,-10.612737,-8.2996109e-07,0
0.5,0,26.724888,-0.0079420393,0,-10.603508,-8.3468393e-07,0
0.5,0,26.724962,-0.0079405787,0,-10.59428,-8.3720226e-07,0
0.5,0,26.725018,-0.0079826444,0,-10.585051,-8.3875125e-07,0
0.5,0,26.725138,-0.0080643447,0,-10.575823,-8.4097217e-07,0
0.5,0,26.725346,-0.0081895351,0,-10.566594,-8.4496515e-07,0
0.5,0,26.725566,-0.0083581398,0,-10.557366,-8.5022837e-07,0
0.5,0,26.725708,-0.0085543551,0,-10.548138,-8.5561921e-07,0
0.5,0,26.725716,-0.0087486951,0,-10.538909,-8.6120597e-07,0
0.5,0,26.72558,-0.0089081752,0,-10.529681,-8.6945599e-07,0
0.5,0,26.725321,-0.0090056897,0,-10.520452,-8.8541783e-07,0
0.5,0,26.724971,-0.0090279682,0,-10.511224,-9.1573839e-07,0
0.5,0,26.724554,-0.0089809995,0,-10.501995,-9.6655625e-07,0
0.5,0,26.724091,-0.0088883979,0,-10.492767,-1.0410512e-06,0
0.5,0,26.723611,-0.0087817478,0,-10.483538,-1.1379671e-06,0
0.5,0,26.723159,-0.008688276,0,-10.47431,-1.2518487e-06,0
0.5,0,26.722783,-0.0086229436,0,-10.465081,-1.3745721e-06,0
0.5,0,26.722514,-0.0085877832,0,-10.455853,-1.4971533e-06,0
0.5,0,26.722357,-0.0085760445,0,-10.446624,-1.6111094e-06,0
0.5,0,26.72228,-0.0085769454,0,-10.437396,-1.7092879e-06,0
0.5,0,26.722232,-0.0085786084,0,-10.428167,-1.7864428e-06,0
0.5,0,26.722156,-0.0085693032,0,-10.418939,-1.8397434e-06,0
0.5,0,26.722007,-0.0085384512,0,-10.409711,-1.869134e-06,0
0.5,0,26.721751,-0.0084787351,0,-10.400482,-1.8773254e-06,0
0.5,0,26.721368,-0.0083892455,0,-10.391254,-1.8692944e-06,0
0.5,0,26.720872,-0.0082782029,0,-10.382025,-1.8512839e-06,0
0.5,0,26.720323,-0.0081629998,0,-10.372797,-1.8296809e-06,0
0.5,0,26.719818,-0.0080664797,0,-10.363568,-1.8101633e-06,0
0.5,0,26.719448,-0.0080102386,0,-10.35434,-1.7973193e-06,0
0.5,0,26.719277,-0.0080067003,0,-10.345111,-1.7949578e-06,0
0.5,0,26.719325,-0.0080553512,0,-10.335883,-1.8065914e-06,0
0.5,0,26.71958,-0.008143795,0,-10.326654,-1.8358416e-06,0
0.5,0,26.719999,-0.0082532645,0,-10.317426,-1.8864896e-06,0
0.5,0,26.720514,-0.0083656722,0,-10.308197,-1.9618406e-06,0
0.5,0,26.721046,-0.0084677149,0,-10.298969,-2.0639284e-06,0
0.5,0,26.72152,-0.0085532621,0,-10.28974,-2.1929361e-06,0
0.5,0,26.72188,-0.0086233192,0,-10.280512,-2.3471481e-06,0
0.5,0,26.722097,-0.0086840507,0,-10.271284,-2.5235658e-06,0
0.5,0,26.722161,-0.0087436263,0,-10.262055,-2.7188384e-06,0
0.5,0,26.722081,-0.0088081469,0,-10.252827,-2.9299952e-06,0
0.5,0,26.721876,-0.0088779935,0,-10.243598,-3.154631e-06,0
0.5,0,26.721585,-0.0089465695,0,-10.23437,-3.390537e-06,0
0.5,0,26.721253,-0.0090022797,0,-10.225141,-3.6350495e-06,0
0.5,0,26.72093,-0.0090324697,0,-10.215913,-3.8844776e-06,0
0.5,0,26.720653,-0.0090270449,0,-10.206684,-4.1338736e-06,0
0.5,0,26.720431,-0.0089805461,0,-10.197456,-4.377209e-06,0
0.5,0,26.720251,-0.0088931565,0,-10.188227,-4.6078712e-06,0
0.5,0,26.720087,-0.0087712871,0,-10.178999,-4.8193489e-06,0
0.5,0,26.719912,-0.008627174,0,-10.16977,-5.0059721e-06,0
0.5,0,26.719708,-0.0084764096,0,-10.160542,-5.1635236e-06,0
0.5,0,26.719468,-0.0083336239,0,-10.151313,-5.2894924e-06,0
0.5,0,26.719191,-0.0082083531,0,-10.142085,-5.3828555e-06,0
0.5,0,26.718892,-0.0081031719,0,-10.132857,-5.4435073e-06,0
0.5,0,26.718609,-0.0080142417,0,-10.123628,-5.4716175e-06,0
0.5,0,26.718383,-0.0079329098,0,-10.1144,-5.467081e-06,0
0.5,0,26.718241,-0.0078476861,0,-10.105171,-5.4290421e-06,0
0.5,0,26.71818,-0.0077480488,0,-10.095943,-5.3555989e-06,0
0.5,0,26.718172,-0.0076314464,0,-10.086714,-5.2442153e-06,0
0.5,0,26.718231,-0.0075077961,0,-10.077486,-5.0932816e-06,0
0.5,0,26.718267,-0.0073954728,0,-10.068257,-4.9039161e-06,0
0.5,0,26.718384,-0.0072990306,0,-10.059029,-4.6795887e-06,0
0.5,0,26.71843,-0.0072061009,0,-10.0498,-4.4234767e-06,0
0.5,0,26.718493,-0.0071043364,0,-10.040572,-4.1359784e-06,0
0.5,0,26.718595,-0.0069858333,0,-10.031343,-3.8152019e-06,0
0.5,0,26.718502,-0.0068584326,0,-10.022115,-3.4611039e-06,0
0.5,0,26.718443,-0.0067401276,0,-10.012886,-3.076026e-06,0
0.5,0,26.718427,-0.006642983,0,-10.003658,-2.6608113e-06,0
0.5,0,26.718515,-0.0065729426,0,-9.9944295,-2.2144303e-06,0
0.5,0,26.718852,-0.0065403014,0,-9.9852011,-1.7365852e-06,0
0.5,0,26.719618,-0.0065737718,0,-9.9759726,-1.2271272e-06,0
0.5,0,26.721243,-0.006786837,0,-9.9667441,-6.8150398e-07,0
0.5,0,26.724602,-0.0072056792,0,-9.9575157,-9.0095629e-08,0
0.5,0,26.725398,-0.007235297,0,-9.9562205,-2.5804012e-15,0
0.5,0,26.960286,-0.006386498,0,-9.2376953,-2.0447796e-08,0
0.5,0,26.961329,-0.0063683218,0,-9.2385997,-2.5804012e-15,0
0.5,0,26.946887,-0.0066638062,0,-9.2284668,-2.6017228e-07,0
0.5,0,26.931185,-0.0068867863,0,-9.2192383,-5.2123163e-07,0
0.5,0,26.913753,-0.0070473995,0,-9.2100099,-7.9551599e-07,0
0.5,0,26.895818,-0.0071795053,0,-9.2007814,-1.07591e-06,0
0.5,0,26.879074,-0.0072812388,0,-9.1915529,-1.3570875e-06,0
0.5,0,26.865128,-0.007343914,0,-9.1823245,-1.6332713e-06,0
0.5,0,26.854823,-0.0073744656,0,-9.173096,-1.8942735e-06,0
0.5,0,26.84819,-0.0074275011,0,-9.1638675,-2.1279307e-06,0
0.5,0,26.844177,-0.0075570103,0,-9.1546391,-2.3292033e-06,0
0.5,0,26.841409,-0.0077035253,0,-9.1454106,-2.4952066e-06,0
0.5,0,26.838899,-0.0077935818,0,-9.1361821,-2.6202116e-06,0
0.5,0,26.835757,-0.0078389955,0,-9.1269537,-2.7099487e-06,0
0.5,0,26.831535,-0.0078587125,0,-9.1177252,-2.7817281e-06,0
0.5,0,26.826214,-0.007867338,0,-9.1084967,-2.8507582e-06,0
0.5,0,26.820109,-0.0078832122,0,-9.0992683,-2.9261527e-06,0
0.5,0,26.813636,-0.0079124464,0,-9.0900398,-3.0115537e-06,0
0.5,0,26.807131,-0.0079491583,0,-9.0808113,-3.1056278e-06,0
0.5,0,26.800772,-0.0079885428,0,-9.0715829,-3.2027051e-06,0
0.5,0,26.794566,-0.0080306965,0,-9.0623544,-3.2941039e-06,0
0.5,0,26.788404,-0.0080789798,0,-9.0531259,-3.3699069e-06,0
0.5,0,26.782168,-0.0081362829,0,-9.0438975,-3.4209138e-06,0
0.5,0,26.775813,-0.0082002087,0,-9.034669,-3.440403e-06,0
0.5,0,26.769408,-0.0082603714,0,-9.0254405,-3.4252669e-06,0
0.5,0,26.763135,-0.0083007554,0,-9.0162121,-3.3764541e-06,0
0.5,0,26.757243,-0.0083062596,0,-9.0069836,-3.2987429e-06,0
0.5,0,26.751986,-0.0082694933,0,-8.9977551,-3.1998858e-06,0
0.5,0,26.747557,-0.0081950902,0,-8.9885267,-3.089091e-06,0
0.5,0,26.744041,-0.0080988755,0,-8.9792982,-2.9749953e-06,0
0.5,0,26.741411,-0.0080017329,0,-8.9700697,-2.8637641e-06,0
0.5,0,26.739551,-0.007922807,0,-8.9608413,-2.7580047e-06,0
0.5,0,26.738297,-0.0078753139,0,-8.9516128,-2.656789e-06,0
0.5,0,26.73749,-0.0078649612,0,-8.9423843,-2.5566087e-06,0
0.5,0,26.737008,-0.0078899374,0,-8.9331559,-2.4527203e-06,0
0.5,0,26.736775,-0.0079410419,0,-8.9239274,-2.3402559e-06,0
0.5,0,26.736754,-0.0080022754,0,-8.9146989,-2.2148392e-06,0
0.5,0,26.736915,-0.0080539569,0,-8.9054705,-2.0730043e-06,0
0.5,0,26.737224,-0.0080804939,0,-8.896242,-1.913048e-06,0
0.5,0,26.737627,-0.0080805241,0,-8.8870135,-1.7366723e-06,0
0.5,0,26.738077,-0.0080699634,0,-8.8777851,-1.5508176e-06,0
0.5,0,26.738526,-0.0080705881,0,-8.8685566,-1.3678562e-06,0
0.5,0,26.738957,-0.0080864242,0,-8.8593281,-1.2021586e-06,0
0.5,0,26.73936,-0.0080957113,0,-8.8500997,-1.0635101e-06,0
0.5,0,26.739739,-0.0080753761,0,-8.8408712,-9.5262989e-07,0
0.5,0,26.740086,-0.0080264803,0,-8.8316427,-8.6235446e-07,0
0.5,0,26.740441,-0.0079730505,0,-8.8224143,-7.8176003e-07,0
0.5,0,26.74094,-0.0079459634,0,-8.8131858,-7.0023942e-07,0
0.5,0,26.741693,-0.0079727853,0,-8.8039573,-6.1003923e-07,0
0.5,0,26.742931,-0.0080675016,0,-8.7947289,-5.0654048e-07,0
0.5,0,26.745064,-0.0082192772,0,-8.7855004,-3.8663956e-07,0
0.5,0,26.748515,-0.0084214831,0,-8.7762719,-2.4675903e-07,0
0.5,0,26.75367,-0.0086868903,0,-8.7670435,-8.1867903e-08,0
0.5,0,26.756501,-0.0087656128,0,-8.7632161,-2.5804012e-15,0
0.5,0,26.883153,-0.0057040227,0,-8.3148486,-8.8188267e-08,0
0.5,0,26.882255,-0.0055399891,0,-8.3179761,-2.5804012e-15,0
0.5,0,26.887012,-0.0063371778,0,-8.3056201,-3.1764557e-07,0
0.5,0,26.891584,-0.0069464716,0,-8.2963917,-4.9626526e-07,0
0.5,0,26.896616,-0.0075047018,0,-8.2871632,-6.1746004e-07,0
0.5,0,26.90174,-0.0079490574,0,-8.2779347,-6.8719801e-07,0
0.5,0,26.90691,-0.0082164275,0,-8.2687062,-7.2040232e-07,0
0.5,0,26.911971,-0.0082895977,0,-8.2594778,-7.3666905e-07,0
0.5,0,26.916465,-0.008216285,0,-8.2502493,-7.5662027e-07,0
0.5,0,26.920477,-0.0080838745,0,-8.2410208,-7.9488351e-07,0
0.5,0,26.923986,-0.0079700187,0,-8.2317924,-8.5377613e-07,0
0.5,0,26.927249,-0.0079129465,0,-8.2225639,-9.2638519e-07,0
0.5,0,26.930714,-0.0079131659,0,-8.2133354,-1.0039674e-06,0
0.5,0,26.934663,-0.0079578364,0,-8.204107,-1.0801178e-06,0
0.5,0,26.939083,-0.0080314328,0,-8.1948785,-1.1515188e-06,0
0.5,0,26.943713,-0.0081163019,0,-8.18565,-1.2172962e-06,0
0.5,0,26.948265,-0.0081997549,0,-8.1764216,-1.2781099e-06,0
0.5,0,26.952689,-0.0082816403,0,-8.1671931,-1.3355367e-06,0
0.5,0,26.957234,-0.0083730973,0,-8.1579646,-1.3917671e-06,0
0.5,0,26.962175,-0.0084859522,0,-8.1487362,-1.4491337e-06,0
0.5,0,26.967502,-0.0086202139,0,-8.1395077,-1.5091517e-06,0
0.5,0,26.972912,-0.0087602711,0,-8.1302792,-1.5713478e-06,0
0.5,0,26.978093,-0.0088835258,0,-8.1210508,-1.6325389e-06,0
0.5,0,26.982981,-0.0089734432,0,-8.1118223,-1.686972e-06,0
0.5,0,26.987781,-0.0090266843,0,-8.1025938,-1.7271853e-06,0
0.5,0,26.992746,-0.0090523143,0,-8.0933654,-1.7454745e-06,0
0.5,0,26.997947,-0.0090660973,0,-8.0841369,-1.735837e-06,0
0.5,0,27.003257,-0.0090810344,0,-8.0749084,-1.6953258e-06,0
0.5,0,27.008476,-0.0090999303,0,-8.06568,-1.6235553e-06,0
0.5,0,27.013324,-0.0091236875,0,-8.0564515,-1.5213719e-06,0
0.5,0,27.017328,-0.0091714297,0,-8.047223,-1.3917367e-06,0
0.5,0,27.019957,-0.0092760205,0,-8.0379946,-1.2422649e-06,0
0.5,0,27.020972,-0.0094491809,0,-8.0287661,-1.0842019e-06,0
0.5,0,27.020556,-0.009664692,0,-8.0195376,-9.2638113e-07,0
0.5,0,27.019143,-0.0098792668,0,-8.0103092,-7.6936099e-07,0
0.5,0,27.017094,-0.010072731,0,-8.0010807,-6.0508752e-07,0
0.5,0,27.014526,-0.010254903,0,-7.9918522,-4.2181785e-07,0
0.5,0,27.011483,-0.010465023,0,-7.9826238,-2.1118965e-07,0
0.5,0,27.008384,-0.010554523,0,-7.9742293,-2.5804012e-15,0
0.5,0,26.772257,-0.0072984376,0,-7.788826,-2.8771989e-08,0
0.5,0,26.773618,-0.0072661937,0,-7.7900089,-2.5804012e-15,0
0.5,0,26.765122,-0.0076507684,0,-7.7795975,-3.0563718e-07,0
0.5,0,26.76045,-0.0078803992,0,-7.770369,-6.126309e-07,0
0.5,0,26.757137,-0.007944737,0,-7.7611406,-9.2931482e-07,0
0.5,0,26.754584,-0.0078622753,0,-7.7519121,-1.2381942e-06,0
0.5,0,26.752574,-0.0076542194,0,-7.7426836,-1.526007e-06,0
0.5,0,26.751022,-0.0073991065,0,-7.7334552,-1.7803037e-06,0
0.5,0,26.749875,-0.0071930711,0,-7.7242267,-1.9878515e-06,0
0.5,0,26.749117,-0.007080553,0,-7.7149982,-2.1404143e-06,0
0.5,0,26.748744,-0.0070377054,0,-7.7057698,-2.2423141e-06,0
0.5,0,26.748721,-0.0070178859,0,-7.6965413,-2.3111353e-06,0
0.5,0,26.748967,-0.0070062469,0,-7.6873128,-2.3702762e-06,0
0.5,0,26.749382,-0.0070283223,0,-7.6780844,-2.4395855e-06,0
0.5,0,26.749922,-0.0071138493,0,-7.6688559,-2.5308808e-06,0
0.5,0,26.750635,-0.0072656173,0,-7.6596274,-2.6491459e-06,0
0.5,0,26.751621,-0.0074628064,0,-7.650399,-2.7955027e-06,0
0.5,0,26.752934,-0.0076795161,0,-7.6411705,-2.969208e-06,0
0.5,0,26.754512,-0.0078942533,0,-7.631942,-3.1675973e-06,0
0.5,0,26.756202,-0.0080920053,0,-7.6227136,-3.384724e-06,0
0.5,0,26.757869,-0.008262911,0,-7.6134851,-3.6108947e-06,0
0.5,0,26.75952,-0.0083998661,0,-7.6042566,-3.8338577e-06,0
0.5,0,26.761301,-0.0084974925,0,-7.5950282,-4.0406784e-06,0
0.5,0,26.763372,-0.0085519995,0,-7.5857997,-4.2192601e-06,0
0.5,0,26.765713,-0.0085632991,0,-7.5765712,-4.3591282e-06,0
0.5,0,26.768082,-0.0085405931,0,-7.5673428,-4.4517653e-06,0
0.5,0,26.770199,-0.0085067285,0,-7.5581143,-4.4911817e-06,0
0.5,0,26.772009,-0.0084941257,0,-7.5488858,-4.4749947e-06,0
0.5,0,26.773711,-0.008531171,0,-7.5396574,-4.405258e-06,0
0.5,0,26.775467,-0.0086272576,0,-7.5304289,-4.2879137e-06,0
0.5,0,26.777084,-0.0087684007,0,-7.5212004,-4.1307696e-06,0
0.5,0,26.778045,-0.008928127,0,-7.511972,-3.9412603e-06,0
0.5,0,26.77791,-0.0090851595,0,-7.5027435,-3.7253442e-06,0
0.5,0,26.776698,-0.0092315852,0,-7.493515,-3.4875197e-06,0
0.5,0,26.774886,-0.0093632499,0,-7.4842866,-3.2305187e-06,0
0.5,0,26.773142,-0.0094686425,0,-7.4750581,-2.9539014e-06,0
0.5,0,26.772102,-0.0095410264,0,-7.4658296,-2.6538096e-06,0
0.5,0,26.772185,-0.0096003589,0,-7.4566012,-2.3269114e-06,0
0.5,0,26.77326,-0.009675944,0,-7.4473727,-1.9757491e-06,0
0.5,0,26.774486,-0.0097582924,0,-7.4381442,-1.6079942e-06,0
0.5,0,26.774791,-0.0098100891,0,-7.4289158,-1.2297901e-06,0
0.5,0,26.773693,-0.0098447998,0,-7.4196873,-8.4416949e-07,0
0.5,0,26.771525,-0.0099559494,0,-7.4104588,-4.5708142e-07,0
0.5,0,26.768833,-0.01017299,0,-7.4012304,-7.8308589e-08,0
0.5,0,26.76817,-0.010188765,0,-7.3992108,-2.5804012e-15,0
0.5,0,26.719308,-0.0047630718,0,-7.2997172,-5.2011785e-07,0
0.5,0,26.721967,-0.0044839104,0,-7.3084583,-2.5804012e-15,0
0.5,0,26.717819,-0.0051100001,0,-7.2904888,-1.1269996e-06,0
0.5,0,26.717018,-0.0053401421,0,-7.2812603,-1.76306e-06,0
0.5,0,26.716526,-0.0055116033,0,-7.2720318,-2.4101553e-06,0
0.5,0,26.716207,-0.0056374907,0,-7.2628034,-3.0574685e-06,0
0.5,0,26.715996,-0.0057498827,0,-7.2535749,-3.6950733e-06,0
0.5,0,26.715858,-0.0058785644,0,-7.2443464,-4.3116825e-06,0
0.5,0,26.715769,-0.0060334842,0,-7.235118,-4.8957128e-06,0
0.5,0,26.715714,-0.0062141545,0,-7.2258895,-5.4349519e-06,0
0.5,0,26.715678,-0.0064216343,0,-7.216661,-5.9146745e-06,0
0.5,0,26.715656,-0.0066613694,0,-7.2074326,-6.3171101e-06,0
0.5,0,26.715649,-0.0069407948,0,-7.1982041,-6.6239591e-06,0
0.5,0,26.71564,-0.0072668133,0,-7.1889756,-6.8206666e-06,0
0.5,0,26.7156,-0.007642456,0,-7.1797472,-6.8996509e-06,0
0.5,0,26.715493,-0.0080621487,0,-7.1705187,-6.8607364e-06,0
0.5,0,26.715301,-0.0085096125,0,-7.1612902,-6.7092559e-06,0
0.5,0,26.715024,-0.008960592,0,-7.1520618,-6.4537316e-06,0
0.5,0,26.714694,-0.009385105,0,-7.1428333,-6.1047521e-06,0
0.5,0,26.714349,-0.0097443444,0,-7.1336048,-5.6751341e-06,0
0.5,0,26.714058,-0.0099868866,0,-7.1243764,-5.1802692e-06,0
0.5,0,26.713815,-0.010058235,0,-7.1151479,-4.6379731e-06,0
0.5,0,26.713709,-0.0099125441,0,-7.1059194,-4.0674771e-06,0
0.5,0,26.713574,-0.0095269055,0,-7.096691,-3.4871474e-06,0
0.5,0,26.713663,-0.0089149652,0,-7.0874625,-2.9118868e-06,0
0.5,0,26.713809,-0.0081603176,0,-7.078234,-2.3551844e-06,0
0.5,0,26.71377,-0.0073993724,0,-7.0690056,-1.8340151e-06,0
0.5,0,26.713788,-0.0067273079,0,-7.0597771,-1.3672131e-06,0
0.5,0,26.713742,-0.0061769156,0,-7.0505486,-9.70274e-07,0
0.5,0,26.713911,-0.0057412048,0,-7.0413202,-6.5041822e-07,0
0.5,0,26.71442,-0.0054127861,0,-7.0320917,-4.0071218e-07,0
0.5,0,26.71536,-0.0052663021,0,-7.0228632,-1.996585e-07,0
0.5,0,26.717073,-0.0053646241,0,-7.0136348,-1.5862089e-08,0
0.5,0,26.717308,-0.0053789709,0,-7.0129269,-2.5804012e-15,0
0.5,0,26.940251,-0.005542495,0,-6.0631027,-1.5493533e-07,0
0.5,0,26.937287,-0.0053721605,0,-6.0681134,-2.5804012e-15,0
0.5,0,26.944016,-0.0058518611,0,-6.0538742,-4.6514524e-07,0
0.5,0,26.945959,-0.0060755715,0,-6.0446458,-7.8941504e-07,0
0.5,0,26.945515,-0.0062549162,0,-6.0354173,-1.1181881e-06,0
0.5,0,26.942019,-0.006396355,0,-6.0261888,-1.4459374e-06,0
0.5,0,26.934956,-0.0064893099,0,-6.0169604,-1.7710197e-06,0
0.5,0,26.924105,-0.0065349898,0,-6.0077319,-2.0926808e-06,0
0.5,0,26.909567,-0.0065454221,0,-5.9985034,-2.4091794e-06,0
0.5,0,26.89172,-0.0065329834,0,-5.989275,-2.7179017e-06,0
0.5,0,26.871165,-0.006512026,0,-5.9800465,-3.015775e-06,0
0.5,0,26.848764,-0.006505989,0,-5.970818,-3.2989663e-06,0
0.5,0,26.825643,-0.0065268037,0,-5.9615896,-3.5631727e-06,0
0.5,0,26.803109,-0.006561229,0,-5.9523611,-3.8062354e-06,0
0.5,0,26.782496,-0.0065906324,0,-5.9431326,-4.0306762e-06,0
0.5,0,26.764945,-0.0066104176,0,-5.9339042,-4.2425193e-06,0
0.5,0,26.751156,-0.0066319199,0,-5.9246757,-4.4476391e-06,0
0.5,0,26.741262,-0.0066716876,0,-5.9154472,-4.6499077e-06,0
0.5,0,26.734911,-0.0067365247,0,-5.9062187,-4.8517173e-06,0
0.5,0,26.731413,-0.0068196039,0,-5.8969903,-5.0547399e-06,0
0.5,0,26.729961,-0.0069076144,0,-5.8877618,-5.2601093e-06,0
0.5,0,26.729829,-0.0069873055,0,-5.8785333,-5.4679275e-06,0
0.5,0,26.730442,-0.0070489224,0,-5.8693049,-5.6764634e-06,0
0.5,0,26.731367,-0.0070881305,0,-5.8600764,-5.8820138e-06,0
0.5,0,26.732304,-0.0071046826,0,-5.8508479,-6.079382e-06,0
0.5,0,26.73308,-0.007100301,0,-5.8416195,-6.2627201e-06,0
0.5,0,26.733636,-0.0070794328,0,-5.832391,-6.4268077e-06,0
0.5,0,26.733955,-0.0070487868,0,-5.8231625,-6.568323e-06,0
0.5,0,26.733998,-0.007016311,0,-5.8139341,-6.6868511e-06,0
0.5,0,26.733674,-0.0069899087,0,-5.8047056,-6.785417e-06,0
0.5,0,26.732891,-0.0069756928,0,-5.7954771,-6.8704126e-06,0
0.5,0,26.73162,-0.0069766267,0,-5.7862487,-6.9509314e-06,0
0.5,0,26.729931,-0.006991422,0,-5.7770202,-7.0375572e-06,0
0.5,0,26.727976,-0.0070146766,0,-5.7677917,-7.1407591e-06,0
0.5,0,26.725953,-0.0070382494,0,-5.7585633,-7.2692115e-06,0
0.5,0,26.724058,-0.007053038,0,-5.7493348,-7.4283355e-06,0
0.5,0,26.722459,-0.007050762,0,-5.7401063,-7.619214e-06,0
0.5,0,26.721274,-0.0070254972,0,-5.7308779,-7.8380515e-06,0
0.5,0,26.720552,-0.0069755719,0,-5.7216494,-8.0765379e-06,0
0.5,0,26.720273,-0.0069041022,0,-5.7124209,-8.3232554e-06,0
0.5,0,26.72036,-0.0068171911,0,-5.7031925,-8.5658665e-06,0
0.5,0,26.720712,-0.0067217912,0,-5.693964,-8.7936022e-06,0
0.5,0,26.721231,-0.006625088,0,-5.6847355,-8.9994324e-06,0
0.5,0,26.721843,-0.006534597,0,-5.6755071,-9.1813938e-06,0
0.5,0,26.722505,-0.0064575298,0,-5.6662786,-9.3427345e-06,0
0.5,0,26.723194,-0.006399563,0,-5.6570501,-9.4908818e-06,0
0.5,0,26.723888,-0.0063635618,0,-5.6478217,-9.6355935e-06,0
0.5,0,26.72453,-0.0063489207,0,-5.6385932,-9.7868126e-06,0
0.5,0,26.725217,-0.0063498834,0,-5.6293647,-9.9527368e-06,0
0.5,0,26.725517,-0.0063685499,0,-5.6201363,-1.0138521e-05,0
0.5,0,26.725956,-0.0063797084,0,-5.6109078,-1.0345008e-05,0
0.5,0,26.726259,-0.0063639246,0,-5.6016793,-1.0570649e-05,0
0.5,0,26.726028,-0.0063637896,0,-5.5924509,-1.0811653e-05,0
0.5,0,26.725942,-0.0063910851,0,-5.5832224,-1.1061381e-05,0
0.5,0,26.725757,-0.006426642,0,-5.5739939,-1.1313763e-05,0
0.5,0,26.725569,-0.0064709936,0,-5.5647655,-1.1564492e-05,0
0.5,0,26.725458,-0.0065174939,0,-5.555537,-1.1810276e-05,0
0.5,0,26.725373,-0.0065550592,0,-5.5463085,-1.2048244e-05,0
0.5,0,26.72533,-0.0065819584,0,-5.5370801,-1.2276572e-05,0
0.5,0,26.725288,-0.0065944804,0,-5.5278516,-1.2495103e-05,0
0.5,0,26.725105,-0.006581163,0,-5.5186231,-1.2704194e-05,0
0.5,0,26.724802,-0.0065357641,0,-5.5093947,-1.2902989e-05,0
0.5,0,26.724404,-0.0064652199,0,-5.5001662,-1.3089671e-05,0
0.5,0,26.723951,-0.0063833333,0,-5.4909377,-1.326376e-05,0
0.5,0,26.723496,-0.0063061066,0,-5.4817093,-1.3427534e-05,0
0.5,0,26.723052,-0.0062557034,0,-5.4724808,-1.3585092e-05,0
0.5,0,26.722411,-0.0062658104,0,-5.4632523,-1.3741309e-05,0
0.5,0,26.722062,-0.0063346043,0,-5.4540239,-1.3903523e-05,0
0.5,0,26.721796,-0.0064231687,0,-5.4447954,-1.4075801e-05,0
0.5,0,26.721304,-0.006528377,0,-5.4355669,-1.425677e-05,0
0.5,0,26.72104,-0.0066530693,0,-5.4263385,-1.444494e-05,0
0.5,0,26.720791,-0.0067764154,0,-5.41711,-1.4637585e-05,0
0.5,0,26.720519,-0.0068857179,0,-5.4078815,-1.4830544e-05,0
0.5,0,26.720273,-0.006977965,0,-5.3986531,-1.5019764e-05,0
0.5,0,26.720037,-0.0070533748,0,-5.3894246,-1.5202311e-05,0
0.5,0,26.719798,-0.0071138282,0,-5.3801961,-1.5376672e-05,0
0.5,0,26.719549,-0.0071609506,0,-5.3709677,-1.55425e-05,0
0.5,0,26.719286,-0.0071949321,0,-5.3617392,-1.5699954e-05,0
0.5,0,26.719008,-0.0072146565,0,-5.3525107,-1.5848874e-05,0
0.5,0,26.71872,-0.0072183104,0,-5.3432823,-1.5988031e-05,0
0.5,0,26.718432,-0.0072037469,0,-5.3340538,-1.6114649e-05,0
0.5,0,26.718158,-0.0071686289,0,-5.3248253,-1.6224299e-05,0
0.5,0,26.717914,-0.0071109406,0,-5.3155969,-1.6311235e-05,0
0.5,0,26.717708,-0.0070302827,0,-5.3063684,-1.6369137e-05,0
0.5,0,26.717538,-0.0069296353,0,-5.2971399,-1.6392157e-05,0
0.5,0,26.717391,-0.0068165702,0,-5.2879115,-1.6376046e-05,0
0.5,0,26.717253,-0.0067029862,0,-5.278683,-1.6319097e-05,0
0.5,0,26.717112,-0.0066032482,0,-5.2694545,-1.6222593e-05,0
0.5,0,26.71697,-0.006531428,0,-5.2602261,-1.609067e-05,0
0.5,0,26.716841,-0.0064985303,0,-5.2509976,-1.5929613e-05,0
0.5,0,26.716745,-0.0065101329,0,-5.2417691,-1.5746784e-05,0
0.5,0,26.716698,-0.0065647786,0,-5.2325407,-1.5549362e-05,0
0.5,0,26.716699,-0.0066539389,0,-5.2233122,-1.5343158e-05,0
0.5,0,26.716739,-0.0067644632,0,-5.2140837,-1.5131809e-05,0
0.5,0,26.716795,-0.006883129,0,-5.2048553,-1.4916673e-05,0
0.5,0,26.716848,-0.0070009997,0,-5.1956268,-1.4697524e-05,0
0.5,0,26.716887,-0.0071151601,0,-5.1863983,-1.4473706e-05,0
0.5,0,26.716911,-0.0072275747,0,-5.1771699,-1.4245201e-05,0
0.5,0,26.716929,-0.0073429458,0,-5.1679414,-1.4013237e-05,0
0.5,0,26.71695,-0.0074672122,0,-5.1587129,-1.378041e-05,0
0.5,0,26.716979,-0.0076064984,0,-5.1494845,-1.3550491e-05,0
0.5,0,26.717017,-0.0077653039,0,-5.140256,-1.3328007e-05,0
0.5,0,26.717063,-0.0079434711,0,-5.1310275,-1.3117562e-05,0
0.5,0,26.717109,-0.008133025,0,-5.1217991,-1.2922881e-05,0
0.5,0,26.71716,-0.0083172626,0,-5.1125706,-1.2745701e-05,0
0.5,0,26.717235,-0.008474387,0,-5.1033421,-1.2584928e-05,0
0.5,0,26.717358,-0.0085854964,0,-5.0941137,-1.2436601e-05,0
0.5,0,26.717521,-0.008642897,0,-5.0848852,-1.2294918e-05,0
0.5,0,26.717699,-0.0086534331,0,-5.0756567,-1.2153958e-05,0
0.5,0,26.717882,-0.0086351004,0,-5.0664283,-1.2009209e-05,0
0.5,0,26.718083,-0.0086100809,0,-5.0571998,-1.1858248e-05,0
0.5,0,26.71831,-0.0085982989,0,-5.0479713,-1.1700515e-05,0
0.5,0,26.718547,-0.008612341,0,-5.0387429,-1.1536561e-05,0
0.5,0,26.718779,-0.0086525752,0,-5.0295144,-1.1366917e-05,0
0.5,0,26.719013,-0.0087045444,0,-5.0202859,-1.1190541e-05,0
0.5,0,26.719279,-0.0087437612,0,-5.0110575,-1.1003394e-05,0
0.5,0,26.719599,-0.0087488102,0,-5.001829,-1.0798243e-05,0
0.5,0,26.719986,-0.0087145655,0,-4.9926005,-1.0566368e-05,0
0.5,0,26.720458,-0.0086533318,0,-4.9833721,-1.0300211e-05,0
0.5,0,26.721081,-0.0085804788,0,-4.9741436,-9.9948406e-06,0
0.5,0,26.722011,-0.0084961973,0,-4.9649151,-9.6468648e-06,0
0.5,0,26.723518,-0.0083809315,0,-4.9556867,-9.2517063e-06,0
0.5,0,26.725938,-0.0082123115,0,-4.9464582,-8.8020993e-06,0
0.5,0,26.7295,-0.0079924858,0,-4.9372297,-8.2901669e-06,0
0.5,0,26.734097,-0.0077609237,0,-4.9280013,-7.712451e-06,0
0.5,0,26.739245,-0.0075753538,0,-4.9187728,-7.074106e-06,0
0.5,0,26.744267,-0.0074696238,0,-4.9095443,-6.3881007e-06,0
0.5,0,26.748515,-0.0074231971,0,-4.9003159,-5.6685206e-06,0
0.5,0,26.751542,-0.0073835634,0,-4.8910874,-4.9225759e-06,0
0.5,0,26.753259,-0.0073323707,0,-4.8818589,-4.1495405e-06,0
0.5,0,26.754045,-0.0072916507,0,-4.8726305,-3.346702e-06,0
0.5,0,26.754671,-0.0072690408,0,-4.863402,-2.5097877e-06,0
0.5,0,26.756543,-0.0073268489,0,-4.8541735,-1.6272378e-06,0
0.5,0,26.762006,-0.0077928232,0,-4.8449451,-6.8607653e-07,0
0.5,0,26.769334,-0.0081837641,0,-4.8385949,-2.5804012e-15,0
0.5,0,26.746478,-0.0030501148,0,-3.7467575,-5.3499575e-08,0
0.5,0,26.748945,-0.0030135354,0,-3.7482168,-2.5804012e-15,0
0.5,0,26.735673,-0.0035711189,0,-3.7375291,-3.9732194e-07,0
0.5,0,26.72884,-0.0041406882,0,-3.7283006,-7.071635e-07,0
0.5,0,26.724779,-0.0047260294,0,-3.7190721,-9.5410609e-07,0
0.5,0,26.722427,-0.0053400017,0,-3.7098437,-1.1200769e-06,0
0.5,0,26.720991,-0.00592403,0,-3.7006152,-1.2000815e-06,0
0.5,0,26.719959,-0.0063843222,0,-3.6913867,-1.2057953e-06,0
0.5,0,26.719083,-0.0066386439,0,-3.6821583,-1.1650991e-06,0
0.5,0,26.718307,-0.0066594534,0,-3.6729298,-1.114591e-06,0
0.5,0,26.717675,-0.0064809983,0,-3.6637013,-1.0888186e-06,0
0.5,0,26.71725,-0.00617362,0,-3.6544729,-1.1122985e-06,0
0.5,0,26.71707,-0.0058151606,0,-3.6452444,-1.196723e-06,0
0.5,0,26.717116,-0.0054778838,0,-3.6360159,-1.3415904e-06,0
0.5,0,26.717318,-0.0052253258,0,-3.6267875,-1.5359167e-06,0
0.5,0,26.717567,-0.0051064007,0,-3.617559,-1.7605465e-06,0
0.5,0,26.717765,-0.0051448823,0,-3.6083305,-1.9917349e-06,0
0.5,0,26.717853,-0.00533144,0,-3.5991021,-2.2060876e-06,0
0.5,0,26.717833,-0.0056234349,0,-3.5898736,-2.3857814e-06,0
0.5,0,26.717716,-0.0059551259,0,-3.5806451,-2.5225622e-06,0
0.5,0,26.717578,-0.0062544066,0,-3.5714167,-2.6194571e-06,0
0.5,0,26.717326,-0.0064633835,0,-3.5621882,-2.6896921e-06,0
0.5,0,26.71711,-0.0065450652,0,-3.5529597,-2.7523146e-06,0
0.5,0,26.716591,-0.0065009264,0,-3.5437313,-2.8264509e-06,0
0.5,0,26.716868,-0.0063934151,0,-3.5345028,-2.9245913e-06,0
0.5,0,26.717348,-0.0062310454,0,-3.5252743,-3.0491909e-06,0
0.5,0,26.717153,-0.0060489458,0,-3.5160458,-3.1954286e-06,0
0.5,0,26.717499,-0.0059321408,0,-3.5068174,-3.3550312e-06,0
0.5,0,26.717928,-0.0058839761,0,-3.4975889,-3.5189521e-06,0
0.5,0,26.718303,-0.0058872236,0,-3.4883604,-3.6794093e-06,0
0.5,0,26.718678,-0.0059196973,0,-3.479132,-3.8317343e-06,0
0.5,0,26.719032,-0.0059565609,0,-3.4699035,-3.9751485e-06,0
0.5,0,26.719348,-0.0059821807,0,-3.460675,-4.1120148e-06,0
0.5,0,26.71962,-0.0059903511,0,-3.4514466,-4.2461559e-06,0
0.5,0,26.719846,-0.0059759463,0,-3.4422181,-4.3814238e-06,0
0.5,0,26.720002,-0.0059328882,0,-3.4329896,-4.5210911e-06,0
0.5,0,26.720044,-0.0058623523,0,-3.4237612,-4.668037e-06,0
0.5,0,26.719934,-0.0057799385,0,-3.4145327,-4.8254731e-06,0
0.5,0,26.719663,-0.0057097146,0,-3.4053042,-4.997461e-06,0
0.5,0,26.719262,-0.0056682915,0,-3.3960758,-5.1881915e-06,0
0.5,0,26.718792,-0.0056550982,0,-3.3868473,-5.3999925e-06,0
0.5,0,26.718328,-0.0056584685,0,-3.3776188,-5.6316108e-06,0
0.5,0,26.717938,-0.0056692298,0,-3.3683904,-5.878427e-06,0
0.5,0,26.717669,-0.0056869858,0,-3.3591619,-6.1344432e-06,0
0.5,0,26.717545,-0.0057152411,0,-3.3499334,-6.3942776e-06,0
0.5,0,26.71756,-0.0057537431,0,-3.340705,-6.6538384e-06,0
0.5,0,26.717679,-0.005796029,0,-3.3314765,-6.9099231e-06,0
0.5,0,26.717856,-0.0058319847,0,-3.322248,-7.1597156e-06,0
0.5,0,26.718058,-0.005851081,0,-3.3130196,-7.4006562e-06,0
0.5,0,26.71825,-0.0058443024,0,-3.3037911,-7.6305632e-06,0
0.5,0,26.718409,-0.0058055855,0,-3.2945626,-7.8478622e-06,0
0.5,0,26.71858,-0.0057334943,0,-3.2853342,-8.0519216e-06,0
0.5,0,26.718873,-0.0056324694,0,-3.2761057,-8.243357e-06,0
0.5,0,26.71933,-0.0055125621,0,-3.2668772,-8.4239968e-06,0
0.5,0,26.719868,-0.0053875104,0,-3.2576488,-8.5963487e-06,0
0.5,0,26.720376,-0.0052717775,0,-3.2484203,-8.7627315e-06,0
0.5,0,26.720827,-0.0051776541,0,-3.2391918,-8.9244595e-06,0
0.5,0,26.721239,-0.0051135843,0,-3.2299634,-9.0814545e-06,0
0.5,0,26.721598,-0.0050838193,0,-3.2207349,-9.2324507e-06,0
0.5,0,26.721834,-0.0050886027,0,-3.2115064,-9.3756594e-06,0
0.5,0,26.721879,-0.005123998,0,-3.202278,-9.5095225e-06,0
0.5,0,26.721711,-0.005181208,0,-3.1930495,-9.6331532e-06,0
0.5,0,26.721365,-0.0052460998,0,-3.183821,-9.7463452e-06,0
0.5,0,26.720918,-0.0053004773,0,-3.1745926,-9.8493704e-06,0
0.5,0,26.720458,-0.0053272033,0,-3.1653641,-9.9427914e-06,0
0.5,0,26.72006,-0.0053182397,0,-3.1561356,-1.0027287e-05,0
0.5,0,26.719766,-0.0052796244,0,-3.1469072,-1.0103508e-05,0
0.5,0,26.719581,-0.0052281875,0,-3.1376787,-1.0172229e-05,0
0.5,0,26.719482,-0.0051826026,0,-3.1284502,-1.023481e-05,0
0.5,0,26.719436,-0.0051566922,0,-3.1192218,-1.0293368e-05,0
0.5,0,26.719417,-0.0051585739,0,-3.1099933,-1.0350069e-05,0
0.5,0,26.719412,-0.0051920921,0,-3.1007648,-1.0405967e-05,0
0.5,0,26.719417,-0.0052570992,0,-3.0915364,-1.0460575e-05,0
0.5,0,26.719425,-0.0053495756,0,-3.0823079,-1.0512704e-05,0
0.5,0,26.719412,-0.0054628688,0,-3.0730794,-1.0561797e-05,0
0.5,0,26.719353,-0.005588556,0,-3.063851,-1.0608455e-05,0
0.5,0,26.719233,-0.0057157313,0,-3.0546225,-1.065353e-05,0
0.5,0,26.719054,-0.0058307366,0,-3.045394,-1.0696345e-05,0
0.5,0,26.718829,-0.0059202626,0,-3.0361656,-1.0733288e-05,0
0.5,0,26.718583,-0.0059774635,0,-3.0269371,-1.075773e-05,0
0.5,0,26.718352,-0.0060066941,0,-3.0177086,-1.0761434e-05,0
0.5,0,26.718179,-0.0060225132,0,-3.0084802,-1.0736783e-05,0
0.5,0,26.718104,-0.0060423213,0,-2.9992517,-1.0678627e-05,0
0.5,0,26.718147,-0.0060764054,0,-2.9900232,-1.058478e-05,0
0.5,0,26.718305,-0.0061233991,0,-2.9807948,-1.0455148e-05,0
0.5,0,26.718558,-0.0061755649,0,-2.9715663,-1.0290502e-05,0
0.5,0,26.718879,-0.0062292908,0,-2.9623378,-1.0092188e-05,0
0.5,0,26.719245,-0.0062897944,0,-2.9531094,-9.8626893e-06,0
0.5,0,26.719627,-0.0063641093,0,-2.9438809,-9.6056776e-06,0
0.5,0,26.719999,-0.0064455312,0,-2.9346524,-9.3243317e-06,0
0.5,0,26.720349,-0.0065049268,0,-2.925424,-9.0183634e-06,0
0.5,0,26.720683,-0.0065031971,0,-2.9161955,-8.6819729e-06,0
0.5,0,26.721031,-0.0064180541,0,-2.906967,-8.3049515e-06,0
0.5,0,26.721485,-0.0062667093,0,-2.8977386,-7.8773522e-06,0
0.5,0,26.722274,-0.0061065287,0,-2.8885101,-7.3955074e-06,0
0.5,0,26.723801,-0.0060090941,0,-2.8792816,-6.8656685e-06,0
0.5,0,26.726579,-0.0060230772,0,-2.8700532,-6.3025172e-06,0
0.5,0,26.73105,-0.0061481962,0,-2.8608247,-5.7229354e-06,0
0.5,0,26.737365,-0.0063325177,0,-2.8515962,-5.1379837e-06,0
0.5,0,26.745257,-0.0065033612,0,-2.8423678,-4.547246e-06,0
0.5,0,26.754104,-0.0066293423,0,-2.8331393,-3.9406444e-06,0
0.5,0,26.763156,-0.0067432039,0,-2.8239108,-3.3082957e-06,0
0.5,0,26.771854,-0.0068690525,0,-2.8146824,-2.6467993e-06,0
0.5,0,26.780046,-0.0069923431,0,-2.8054539,-1.9527645e-06,0
0.5,0,26.787836,-0.00717516,0,-2.7962254,-1.2177203e-06,0
0.5,0,26.795027,-0.0076592502,0,-2.786997,-4.3578669e-07,0
0.5,0,26.798047,-0.0079351665,0,-2.7820949,-2.5804012e-15,0
0.5,0,26.810437,-0.02467173,0,-1.0981875,-1.41238e-06,0
0.5,0,26.810888,-0.027337004,0,-1.1003379,-2.5804012e-15,0
0.5,0,26.810688,-0.011698099,0,-1.0889591,-4.3271699e-06,0
0.5,0,26.812699,0.0026962364,0,-1.0797306,-3.6913543e-06,0
0.5,0,26.81464,0.016555077,0,-1.0716578,-2.5804012e-15,0
0.5,0,26.746407,-0.060679,0,-0.87670435,-9.6304589e-06,0
0.5,0,26.749538,-0.063333431,0,-0.88222405,-2.5804012e-15,0
0.5,0,26.747888,-0.055087005,0,-0.86747588,-2.3311095e-05,0
0.5,0,26.752079,-0.043773909,0,-0.85824741,-3.3786747e-05,0
0.5,0,26.752904,-0.028525043,0,-0.84901895,-4.0548278e-05,0
0.5,0,26.749722,-0.011108445,0,-0.83979048,-4.3307862e-05,0
0.5,0,26.74684,0.0067792837,0,-0.83056201,-4.1829389e-05,0
0.5,0,26.749395,0.024558791,0,-0.82133354,-3.590283e-05,0
0.5,0,26.759162,0.041675877,0,-0.81210508,-2.5518104e-05,0
0.5,0,26.773906,0.055017427,0,-0.80287661,-1.0962528e-05,0
0.5,0,26.779643,0.064522626,0,-0.79730378,-2.5804012e-15,0
0.5,0,26.689008,-0.13718039,0,-0.57216494,-6.8560388e-06,0
0.5,0,26.69035,-0.13701253,0,-0.57384642,-2.5804012e-15,0
0.5,0,26.686093,-0.1408277,0,-0.56293647,-4.4601248e-05,0
0.5,0,26.689887,-0.14066029,0,-0.55370801,-8.1696967e-05,0
0.5,0,26.693142,-0.13350574,0,-0.54447954,-0.00011732607,0
0.5,0,26.693485,-0.12261586,0,-0.53525107,-0.00015070724,0
0.5,0,26.695783,-0.11025713,0,-0.52602261,-0.00018100774,0
0.5,0,26.703587,-0.097530052,0,-0.51679414,-0.00020727823,0
0.5,0,26.713847,-0.082710463,0,-0.50756567,-0.00022873141,0
0.5,0,26.719838,-0.063891883,0,-0.49833721,-0.00024485503,0
0.5,0,26.718129,-0.041355108,0,-0.48910874,-0.00025517662,0
0.5,0,26.711146,-0.016883717,0,-0.47988027,-0.00025914301,0
0.5,0,26.703983,0.0076295045,0,-0.47065181,-0.00025626189,0
0.5,0,26.699986,0.031001302,0,-0.46142334,-0.00024624052,0
0.5,0,26.698986,0.053293026,0,-0.45219487,-0.00022895732,0
0.5,0,26.69848,0.075513944,0,-0.44296641,-0.00020438153,0
0.5,0,26.69621,0.098611733,0,-0.43373794,-0.00017258514,0
0.5,0,26.691569,0.12256762,0,-0.42450947,-0.0001337569,0
0.5,0,26.688891,0.14477474,0,-0.41528101,-8.8187505e-05,0
0.5,0,26.691479,0.16137259,0,-0.40605254,-3.6432464e-05,0
0.5,0,26.689989,0.17599049,0,-0.40016479,-2.5804012e-15,0
0.5,0,26.557641,-0.36277324,0,-0.046142334,-0.00011941582,0
0.5,0,26.550369,-0.35701441,0,-0.054589525,-2.5804012e-15,0
0.5,0,26.562064,-0.37371131,0,-0.036913867,-0.00025066715,0
0.5,0,26.563426,-0.37167401,0,-0.0276854,-0.00038072881,0
0.5,0,26.561783,-0.356855,0,-0.018456934,-0.00050682305,0
0.5,0,26.564333,-0.32097945,0,-0.0092284668,-0.00062387094,0
0.5,0,26.571002,-0.2499144,0,-2.5804012e-15,-0.0007198429,0
0.5,0,26.875002,-0.011116199,0,-35.169687,1.0443886e-07,0
0.5,0,26.892437,-0.011010216,0,-35.160458,4.289925e-07,0
0.5,0,26.904525,-0.010725933,0,-35.15123,7.7791709e-07,0
0.5,0,26.911558,-0.01037783,0,-35.142002,1.1332728e-06,0
0.5,0,26.915128,-0.010003801,0,-35.132773,1.477662e-06,0
0.5,0,26.916944,-0.0096096289,0,-35.123545,1.7973211e-06,0
0.5,0,26.918308,-0.0092003354,0,-35.114316,2.0828239e-06,0
0.5,0,26.92006,-0.0087827505,0,-35.105088,2.3285787e-06,0
0.5,0,26.922629,-0.0083755111,0,-35.095859,2.5338164e-06,0
0.5,0,26.92605,-0.0080037974,0,-35.086631,2.7032761e-06,0
0.5,0,26.929957,-0.0076894346,0,-35.077402,2.8452269e-06,0
0.5,0,26.933632,-0.0074500121,0,-35.068174,2.9683214e-06,0
0.5,0,26.936175,-0.0072945537,0,-35.058945,3.0800937e-06,0
0.5,0,26.93675,-0.0072165477,0,-35.049717,3.1871318e-06,0
0.5,0,26.934821,-0.0071889442,0,-35.040488,3.2955625e-06,0
0.5,0,26.930268,-0.0071717052,0,-35.03126,3.4104168e-06,0
0.5,0,26.923332,-0.0071284744,0,-35.022031,3.5335556e-06,0
0.5,0,26.914468,-0.0070387256,0,-35.012803,3.6611015e-06,0
0.5,0,26.904193,-0.0068979105,0,-35.003575,3.7836012e-06,0
0.5,0,26.893043,-0.0067043215,0,-34.994346,3.8893421e-06,0
0.5,0,26.881582,-0.0064582274,0,-34.985118,3.967326e-06,0
0.5,0,26.870425,-0.0061727368,0,-34.975889,4.0085695e-06,0
0.5,0,26.860194,-0.0058709149,0,-34.966661,4.0066856e-06,0
0.5,0,26.851353,-0.0055830443,0,-34.957432,3.9577234e-06,0
0.5,0,26.844112,-0.0053297795,0,-34.948204,3.8636722e-06,0
0.5,0,26.838462,-0.0051298685,0,-34.938975,3.7366614e-06,0
0.5,0,26.83419,-0.0050342988,0,-34.929747,3.5933041e-06,0
0.5,0,26.83089,-0.0050710774,0,-34.920518,3.4498076e-06,0
0.5,0,26.828115,-0.0052172833,0,-34.91129,3.3227989e-06,0
0.5,0,26.825552,-0.0054304558,0,-34.902061,3.2263673e-06,0
0.5,0,26.823063,-0.0056517939,0,-34.892833,3.1677558e-06,0
0.5,0,26.820646,-0.0058265268,0,-34.883604,3.1470921e-06,0
0.5,0,26.818364,-0.0059236878,0,-34.874376,3.1599387e-06,0
0.5,0,26.8163,-0.0059359915,0,-34.865148,3.1991441e-06,0
0.5,0,26.814492,-0.0058684302,0,-34.855919,3.2555427e-06,0
0.5,0,26.812971,-0.0057316366,0,-34.846691,3.3184431e-06,0
0.5,0,26.811742,-0.0055399926,0,-34.837462,3.3766577e-06,0
0.5,0,26.810777,-0.0053125641,0,-34.828234,3.4207679e-06,0
0.5,0,26.810083,-0.0050778916,0,-34.819005,3.4456882e-06,0
0.5,0,26.809668,-0.0048712784,0,-34.809777,3.4518472e-06,0
0.5,0,26.809535,-0.0047268571,0,-34.800548,3.4447236e-06,0
0.5,0,26.80962,-0.0046696265,0,-34.79132,3.4335665e-06,0
0.5,0,26.809794,-0.0047062301,0,-34.782091,3.4296293e-06,0
0.5,0,26.809913,-0.0048228129,0,-34.772863,3.4437807e-06,0
0.5,0,26.809894,-0.0049911251,0,-34.763634,3.4846124e-06,0
0.5,0,26.809753,-0.0051795311,0,-34.754406,3.5578453e-06,0
0.5,0,26.809586,-0.0053603432,0,-34.745177,3.6664934e-06,0
0.5,0,26.809514,-0.0055094898,0,-34.735949,3.8109163e-06,0
0.5,0,26.809614,-0.0056049896,0,-34.726721,3.9883408e-06,0
0.5,0,26.80986,-0.0056288177,0,-34.717492,4.1925361e-06,0
0.5,0,26.810117,-0.0055730954,0,-34.708264,4.4143725e-06,0
0.5,0,26.81018,-0.0054448095,0,-34.699035,4.6432845e-06,0
0.5,0,26.80984,-0.0052636821,0,-34.689807,4.8690337e-06,0
0.5,0,26.808954,-0.0050528836,0,-34.680578,5.0832338e-06,0
0.5,0,26.807485,-0.0048302688,0,-34.67135,5.2804665e-06,0
0.5,0,26.805503,-0.004609264,0,-34.662121,5.4585975e-06,0
0.5,0,26.80314,-0.0044036951,0,-34.652893,5.6182091e-06,0
0.5,0,26.800537,-0.0042268468,0,-34.643664,5.7615731e-06,0
0.5,0,26.797797,-0.0040866756,0,-34.634436,5.8918287e-06,0
0.5,0,26.794975,-0.0039823144,0,-34.625207,6.0126952e-06,0
0.5,0,26.792098,-0.0039058973,0,-34.615979,6.1279873e-06,0
0.5,0,26.789178,-0.0038467349,0,-34.60675,6.2404043e-06,0
0.5,0,26.786238,-0.0037909577,0,-34.597522,6.3503863e-06,0
0.5,0,26.783341,-0.0037229899,0,-34.588294,6.4558524e-06,0
0.5,0,26.780604,-0.003635028,0,-34.579065,6.5527685e-06,0
0.5,0,26.778157,-0.0035331857,0,-34.569837,6.6361545e-06,0
0.5,0,26.77612,-0.0034292387,0,-34.560608,6.7010712e-06,0
0.5,0,26.774548,-0.0033300051,0,-34.55138,6.7434369e-06,0
0.5,0,26.773437,-0.0032401702,0,-34.542151,6.7607035e-06,0
0.5,0,26.772723,-0.0031696892,0,-34.532923,6.7525862e-06,0
0.5,0,26.772257,-0.0031307596,0,-34.523694,6.7216592e-06,0
0.5,0,26.771871,-0.003127851,0,-34.514466,6.6727284e-06,0
0.5,0,26.771432,-0.0031572088,0,-34.505237,6.6110684e-06,0
0.5,0,26.770862,-0.0032148074,0,-34.496009,6.5411487e-06,0
0.5,0,26.770168,-0.0032971627,0,-34.48678,6.4662343e-06,0
0.5,0,26.769432,-0.0033965318,0,-34.477552,6.3879962e-06,0
0.5,0,26.768789,-0.0034995562,0,-34.468323,6.3062253e-06,0
0.5,0,26.768376,-0.0035935186,0,-34.459095,6.2192025e-06,0
0.5,0,26.768284,-0.0036742682,0,-34.449867,6.12496e-06,0
0.5,0,26.768528,-0.0037428103,0,-34.440638,6.0229546e-06,0
0.5,0,26.769058,-0.0037972766,0,-34.43141,5.9149413e-06,0
0.5,0,26.769785,-0.0038330644,0,-34.422181,5.8047365e-06,0
0.5,0,26.770611,-0.0038455831,0,-34.412953,5.6975488e-06,0
0.5,0,26.771452,-0.0038317561,0,-34.403724,5.5991286e-06,0
0.5,0,26.772239,-0.0037934671,0,-34.394496,5.5146801e-06,0
0.5,0,26.772923,-0.0037386403,0,-34.385267,5.4478764e-06,0
0.5,0,26.773479,-0.0036785134,0,-34.376039,5.4001309e-06,0
0.5,0,26.773911,-0.0036243818,0,-34.36681,5.3703147e-06,0
0.5,0,26.774252,-0.0035848401,0,-34.357582,5.3552018e-06,0
0.5,0,26.774566,-0.0035668161,0,-34.348353,5.3503465e-06,0
0.5,0,26.774938,-0.0035767115,0,-34.339125,5.3511192e-06,0
0.5,0,26.775461,-0.0036175221,0,-34.329896,5.3538166e-06,0
0.5,0,26.776226,-0.0036866218,0,-34.320668,5.3562844e-06,0
0.5,0,26.777332,-0.0037767834,0,-34.31144,5.3586548e-06,0
0.5,0,26.778883,-0.0038604392,0,-34.302211,5.3610814e-06,0
0.5,0,26.780946,-0.0039022879,0,-34.292983,5.3608459e-06,0
0.5,0,26.783514,-0.0039059296,0,-34.283754,5.3543023e-06,0
0.5,0,26.786594,-0.0038896162,0,-34.274526,5.3368703e-06,0
0.5,0,26.790168,-0.0038556907,0,-34.265297,5.3026036e-06,0
0.5,0,26.794054,-0.0038154803,0,-34.256069,5.2478831e-06,0
0.5,0,26.798242,-0.0037716133,0,-34.24684,5.1730991e-06,0
0.5,0,26.802236,-0.0037194556,0,-34.237612,5.083821e-06,0
0.5,0,26.805431,-0.0036836729,0,-34.228383,4.9885825e-06,0
0.5,0,26.807675,-0.0036862133,0,-34.219155,4.8943142e-06,0
0.5,0,26.808762,-0.0037119858,0,-34.209926,4.8066486e-06,0
0.5,0,26.808736,-0.0037273172,0,-34.200698,4.7312952e-06,0
0.5,0,26.807855,-0.0037087642,0,-34.191469,4.6741368e-06,0
0.5,0,26.806515,-0.0036549489,0,-34.182241,4.6397435e-06,0
0.5,0,26.805131,-0.0035806964,0,-34.173013,4.6299605e-06,0
0.5,0,26.803981,-0.0035046235,0,-34.163784,4.6444772e-06,0
0.5,0,26.803139,-0.0034403338,0,-34.154556,4.6821643e-06,0
0.5,0,26.802538,-0.0033958605,0,-34.145327,4.7417541e-06,0
0.5,0,26.802131,-0.0033779191,0,-34.136099,4.8217736e-06,0
0.5,0,26.80191,-0.0033897574,0,-34.12687,4.9199928e-06,0
0.5,0,26.801856,-0.0034273191,0,-34.117642,5.0329182e-06,0
0.5,0,26.802005,-0.0034838174,0,-34.108413,5.156114e-06,0
0.5,0,26.80247,-0.0035530446,0,-34.099185,5.2854116e-06,0
0.5,0,26.803328,-0.0036258347,0,-34.089956,5.4178697e-06,0
0.5,0,26.804552,-0.0036894436,0,-34.080728,5.5519469e-06,0
0.5,0,26.806074,-0.0037331626,0,-34.071499,5.6873468e-06,0
0.5,0,26.807804,-0.0037518865,0,-34.062271,5.8244498e-06,0
0.5,0,26.809605,-0.0037465375,0,-34.053042,5.9635735e-06,0
0.5,0,26.811303,-0.0037291359,0,-34.043814,6.1056904e-06,0
0.5,0,26.81274,-0.0037215375,0,-34.034586,6.254335e-06,0
0.5,0,26.813821,-0.00373714,0,-34.025357,6.4152813e-06,0
0.5,0,26.814503,-0.003765685,0,-34.016129,6.5928647e-06,0
0.5,0,26.814783,-0.0037810878,0,-34.0069,6.7870483e-06,0
0.5,0,26.814686,-0.0037634484,0,-33.997672,6.9943933e-06,0
0.5,0,26.814218,-0.0037077422,0,-33.988443,7.2107607e-06,0
0.5,0,26.813398,-0.0036130216,0,-33.979215,7.432596e-06,0
0.5,0,26.812165,-0.0034779778,0,-33.969986,7.6566453e-06,0
0.5,0,26.810506,-0.0033091647,0,-33.960758,7.8797819e-06,0
0.5,0,26.808438,-0.0031245122,0,-33.951529,8.0999494e-06,0
0.5,0,26.805996,-0.0029502996,0,-33.942301,8.3169141e-06,0
0.5,0,26.803377,-0.0028132167,0,-33.933072,8.5322164e-06,0
0.5,0,26.800741,-0.0027282021,0,-33.923844,8.7481945e-06,0
0.5,0,26.798224,-0.002694623,0,-33.914615,8.9655602e-06,0
0.5,0,26.795926,-0.0027057248,0,-33.905387,9.182005e-06,0
0.5,0,26.793892,-0.0027563725,0,-33.896159,9.3934201e-06,0
0.5,0,26.792117,-0.0028383943,0,-33.88693,9.595862e-06,0
0.5,0,26.790554,-0.0029331052,0,-33.877702,9.7862685e-06,0
0.5,0,26.789131,-0.0030186937,0,-33.868473,9.9612964e-06,0
0.5,0,26.787769,-0.0030798701,0,-33.859245,1.0116088e-05,0
0.5,0,26.78641,-0.0031066051,0,-33.850016,1.0245381e-05,0
0.5,0,26.785046,-0.0030969444,0,-33.840788,1.0346007e-05,0
0.5,0,26.783652,-0.003058986,0,-33.831559,1.041807e-05,0
0.5,0,26.782153,-0.0030075564,0,-33.822331,1.0464127e-05,0
0.5,0,26.780533,-0.0029590686,0,-33.813102,1.0488035e-05,0
0.5,0,26.77887,-0.0029255361,0,-33.803874,1.0494704e-05,0
0.5,0,26.777223,-0.0029126336,0,-33.794645,1.0489692e-05,0
0.5,0,26.775594,-0.0029222803,0,-33.785417,1.0478241e-05,0
0.5,0,26.773992,-0.0029577501,0,-33.776188,1.0464598e-05,0
0.5,0,26.772454,-0.0030186913,0,-33.76696,1.0451466e-05,0
0.5,0,26.771022,-0.0030922407,0,-33.757732,1.0439095e-05,0
0.5,0,26.769717,-0.0031604129,0,-33.748503,1.0425036e-05,0
0.5,0,26.768537,-0.0032116319,0,-33.739275,1.0405689e-05,0
0.5,0,26.767457,-0.0032407134,0,-33.730046,1.0377833e-05,0
0.5,0,26.766449,-0.0032450192,0,-33.720818,1.0338422e-05,0
0.5,0,26.765499,-0.0032237737,0,-33.711589,1.0284194e-05,0
0.5,0,26.764602,-0.0031777491,0,-33.702361,1.0212248e-05,0
0.5,0,26.763758,-0.0031107527,0,-33.693132,1.012032e-05,0
0.5,0,26.76298,-0.0030319555,0,-33.683904,1.0006159e-05,0
0.5,0,26.762263,-0.0029525729,0,-33.674675,9.8672881e-06,0
0.5,0,26.761555,-0.002879288,0,-33.665447,9.7019746e-06,0
0.5,0,26.760741,-0.0028053834,0,-33.656218,9.5105462e-06,0
0.5,0,26.760392,-0.002746926,0,-33.64699,9.2960349e-06,0
0.5,0,26.760783,-0.0027272183,0,-33.637761,9.0640536e-06,0
0.5,0,26.761628,-0.0027451478,0,-33.628533,8.8220965e-06,0
0.5,0,26.763039,-0.0027987463,0,-33.619305,8.5784032e-06,0
0.5,0,26.765038,-0.0028831142,0,-33.610076,8.3407635e-06,0
0.5,0,26.767555,-0.0029920781,0,-33.600848,8.1157076e-06,0
0.5,0,26.770406,-0.0031200337,0,-33.591619,7.9083136e-06,0
0.5,0,26.773308,-0.0032624676,0,-33.582391,7.7224724e-06,0
0.5,0,26.775939,-0.0034142362,0,-33.573162,7.5612661e-06,0
0.5,0,26.778031,-0.003567024,0,-33.563934,7.4271035e-06,0
0.5,0,26.779464,-0.0037100123,0,-33.554705,7.3213021e-06,0
0.5,0,26.780321,-0.0038321998,0,-33.545477,7.2433164e-06,0
0.5,0,26.780878,-0.0039262884,0,-33.536248,7.1899037e-06,0
0.5,0,26.781526,-0.0039893832,0,-33.52702,7.1548245e-06,0
0.5,0,26.782641,-0.0040201575,0,-33.517791,7.1295497e-06,0
0.5,0,26.784451,-0.0040177347,0,-33.508563,7.1045959e-06,0
0.5,0,26.786959,-0.0039803835,0,-33.499334,7.0711753e-06,0
0.5,0,26.789962,-0.0039080679,0,-33.490106,7.022441e-06,0
0.5,0,26.793151,-0.0038046228,0,-33.480878,6.9540701e-06,0
0.5,0,26.796225,-0.0036787091,0,-33.471649,6.8642835e-06,0
0.5,0,26.799002,-0.003546024,0,-33.462421,6.7529597e-06,0
0.5,0,26.801462,-0.0034252415,0,-33.453192,6.6204835e-06,0
0.5,0,26.803727,-0.0033338119,0,-33.443964,6.4668864e-06,0
0.5,0,26.805988,-0.0032857598,0,-33.434735,6.2914645e-06,0
0.5,0,26.808426,-0.0032826054,0,-33.425507,6.0936105e-06,0
0.5,0,26.811135,-0.0033073386,0,-33.416278,5.8749681e-06,0
0.5,0,26.814053,-0.0033400515,0,-33.40705,5.6407834e-06,0
0.5,0,26.816975,-0.0033684458,0,-33.397821,5.3988481e-06,0
0.5,0,26.819604,-0.0033805736,0,-33.388593,5.157831e-06,0
0.5,0,26.821607,-0.0033893826,0,-33.379364,4.9267015e-06,0
0.5,0,26.822643,-0.0034386361,0,-33.370136,4.7126339e-06,0
0.5,0,26.823124,-0.0035561088,0,-33.360907,4.517741e-06,0
0.5,0,26.822817,-0.0037027457,0,-33.351679,4.3381658e-06,0
0.5,0,26.821626,-0.0038415763,0,-33.342451,4.1668475e-06,0
0.5,0,26.820347,-0.0039808603,0,-33.333222,3.9970121e-06,0
0.5,0,26.819147,-0.0041216047,0,-33.323994,3.8241621e-06,0
0.5,0,26.818185,-0.004253832,0,-33.314765,3.6463223e-06,0
0.5,0,26.81751,-0.004360778,0,-33.305537,3.4619105e-06,0
0.5,0,26.817021,-0.0044345651,0,-33.296308,3.2684481e-06,0
0.5,0,26.816535,-0.0044842671,0,-33.28708,3.0634052e-06,0
0.5,0,26.815873,-0.0045279123,0,-33.277851,2.845318e-06,0
0.5,0,26.81496,-0.0045809645,0,-33.268623,2.614124e-06,0
0.5,0,26.813859,-0.0046521873,0,-33.259394,2.3711828e-06,0
0.5,0,26.812736,-0.0047451256,0,-33.250166,2.1194996e-06,0
0.5,0,26.811758,-0.0048607487,0,-33.240937,1.8640666e-06,0
0.5,0,26.811012,-0.0049990984,0,-33.231709,1.6117511e-06,0
0.5,0,26.81047,-0.0051580755,0,-33.22248,1.3702624e-06,0
0.5,0,26.810015,-0.0053318323,0,-33.213252,1.1462669e-06,0
0.5,0,26.809482,-0.0055104857,0,-33.204024,9.436373e-07,0
0.5,0,26.80871,-0.0056822738,0,-33.194795,7.6294703e-07,0
0.5,0,26.807593,-0.005837931,0,-33.185567,6.0211275e-07,0
0.5,0,26.806089,-0.0059699526,0,-33.176338,4.5740216e-07,0
0.5,0,26.804207,-0.0060739776,0,-33.16711,3.246709e-07,0
0.5,0,26.802092,-0.0061593811,0,-33.157881,2.0004044e-07,0
0.5,0,26.800062,-0.0062542806,0,-33.148653,8.0654382e-08,0
0.5,0,26.777091,-0.0063772026,0,-32.899484,1.557663e-07,0
0.5,0,26.777323,-0.0062683853,0,-32.890256,4.1804145e-07,0
0.5,0,26.777112,-0.0060895816,0,-32.881027,6.956604e-07,0
0.5,0,26.776507,-0.0058877567,0,-32.871799,9.7966524e-07,0
0.5,0,26.775745,-0.0056836654,0,-32.86257,1.2615879e-06,0
0.5,0,26.775028,-0.005484575,0,-32.853342,1.5339966e-06,0
0.5,0,26.774458,-0.0052919889,0,-32.844113,1.7905817e-06,0
0.5,0,26.774036,-0.0051051177,0,-32.834885,2.0268501e-06,0
0.5,0,26.7737,-0.0049235,0,-32.825656,2.2406368e-06,0
0.5,0,26.773376,-0.0047474336,0,-32.816428,2.4313973e-06,0
0.5,0,26.773014,-0.004579714,0,-32.807199,2.5990099e-06,0
0.5,0,26.772596,-0.0044277366,0,-32.797971,2.7434822e-06,0
0.5,0,26.77211,-0.004299845,0,-32.788743,2.8655346e-06,0
0.5,0,26.771522,-0.004199592,0,-32.779514,2.966733e-06,0
0.5,0,26.770783,-0.0041233319,0,-32.770286,3.0488846e-06,0
0.5,0,26.769854,-0.0040650101,0,-32.761057,3.1135994e-06,0
0.5,0,26.768722,-0.0040221791,0,-32.751829,3.162815e-06,0
0.5,0,26.767444,-0.0039956998,0,-32.7426,3.1998336e-06,0
0.5,0,26.76616,-0.003984727,0,-32.733372,3.2296926e-06,0
0.5,0,26.765052,-0.00398253,0,-32.724143,3.2584877e-06,0
0.5,0,26.764259,-0.003979484,0,-32.714915,3.2921425e-06,0
0.5,0,26.763837,-0.0039691722,0,-32.705686,3.3355092e-06,0
0.5,0,26.763768,-0.0039521006,0,-32.696458,3.3919406e-06,0
0.5,0,26.764002,-0.0039347259,0,-32.687229,3.4629666e-06,0
0.5,0,26.764482,-0.0039247543,0,-32.678001,3.548116e-06,0
0.5,0,26.765153,-0.0039275028,0,-32.668772,3.6451268e-06,0
0.5,0,26.76596,-0.0039437705,0,-32.659544,3.7506662e-06,0
0.5,0,26.766843,-0.0039692244,0,-32.650316,3.8612811e-06,0
0.5,0,26.767747,-0.0039956207,0,-32.641087,3.9740464e-06,0
0.5,0,26.768641,-0.0040138056,0,-32.631859,4.0866507e-06,0
0.5,0,26.769528,-0.0040166064,0,-32.62263,4.1971415e-06,0
0.5,0,26.770424,-0.0040004935,0,-32.613402,4.3035888e-06,0
0.5,0,26.77134,-0.0039655703,0,-32.604173,4.4038425e-06,0
0.5,0,26.772256,-0.0039142696,0,-32.594945,4.4954579e-06,0
0.5,0,26.773122,-0.0038512245,0,-32.585716,4.575735e-06,0
0.5,0,26.773881,-0.0037837908,0,-32.576488,4.6419643e-06,0
0.5,0,26.774498,-0.0037216636,0,-32.567259,4.6918916e-06,0
0.5,0,26.774976,-0.0036740207,0,-32.558031,4.7242319e-06,0
0.5,0,26.775352,-0.0036453076,0,-32.548802,4.7390891e-06,0
0.5,0,26.7757,-0.0036343355,0,-32.539574,4.7380025e-06,0
0.5,0,26.776107,-0.0036352777,0,-32.530345,4.7234443e-06,0
0.5,0,26.776645,-0.0036417641,0,-32.521117,4.6981702e-06,0
0.5,0,26.777314,-0.0036452998,0,-32.511889,4.665159e-06,0
0.5,0,26.778111,-0.0036117027,0,-32.50266,4.6277371e-06,0
0.5,0,26.779026,-0.0035790908,0,-32.493432,4.5904231e-06,0
0.5,0,26.779772,-0.003631648,0,-32.484203,4.5566227e-06,0
0.5,0,26.780437,-0.003686289,0,-32.474975,4.5253562e-06,0
0.5,0,26.781049,-0.00366315,0,-32.465746,4.4972696e-06,0
0.5,0,26.781428,-0.0036266907,0,-32.456518,4.4758367e-06,0
0.5,0,26.781675,-0.003612066,0,-32.447289,4.4625767e-06,0
0.5,0,26.781755,-0.0036101315,0,-32.438061,4.4585516e-06,0
0.5,0,26.781729,-0.0036256252,0,-32.428832,4.465818e-06,0
0.5,0,26.781701,-0.0036655674,0,-32.419604,4.4871225e-06,0
0.5,0,26.781745,-0.0037292235,0,-32.410375,4.5251787e-06,0
0.5,0,26.781895,-0.0038110669,0,-32.401147,4.5818678e-06,0
0.5,0,26.782132,-0.0039032279,0,-32.391918,4.6573513e-06,0
0.5,0,26.782392,-0.0039980137,0,-32.38269,4.7492733e-06,0
0.5,0,26.782595,-0.0040894234,0,-32.373462,4.8523429e-06,0
0.5,0,26.782678,-0.0041708669,0,-32.364233,4.9582644e-06,0
0.5,0,26.782609,-0.004232799,0,-32.355005,5.0562175e-06,0
0.5,0,26.782393,-0.0042655667,0,-32.345776,5.134322e-06,0
0.5,0,26.78207,-0.0042646309,0,-32.336548,5.182073e-06,0
0.5,0,26.781703,-0.0042324391,0,-32.327319,5.1927681e-06,0
0.5,0,26.781364,-0.0041762397,0,-32.318091,5.1647284e-06,0
0.5,0,26.781109,-0.0041054311,0,-32.308862,5.1011303e-06,0
0.5,0,26.780967,-0.0040296419,0,-32.299634,5.0089535e-06,0
0.5,0,26.780931,-0.0039575411,0,-32.290405,4.8976078e-06,0
0.5,0,26.780963,-0.003896275,0,-32.281177,4.777469e-06,0
0.5,0,26.781013,-0.0038501114,0,-32.271948,4.6585645e-06,0
0.5,0,26.781031,-0.0038199078,0,-32.26272,4.5495582e-06,0
0.5,0,26.780976,-0.0038043009,0,-32.253491,4.4569468e-06,0
0.5,0,26.780823,-0.0038003108,0,-32.244263,4.3845686e-06,0
0.5,0,26.780573,-0.0038046508,0,-32.235035,4.3334032e-06,0
0.5,0,26.780253,-0.0038155212,0,-32.225806,4.3017057e-06,0
0.5,0,26.779919,-0.0038333284,0,-32.216578,4.2854998e-06,0
0.5,0,26.779663,-0.0038604844,0,-32.207349,4.2793302e-06,0
0.5,0,26.779603,-0.00389953,0,-32.198121,4.2772273e-06,0
0.5,0,26.779884,-0.003951446,0,-32.188892,4.2736873e-06,0
0.5,0,26.780657,-0.0040146189,0,-32.179664,4.2644364e-06,0
0.5,0,26.782057,-0.004084628,0,-32.170435,4.2468136e-06,0
0.5,0,26.784173,-0.0041557507,0,-32.161207,4.2196825e-06,0
0.5,0,26.787025,-0.0042221144,0,-32.151978,4.1830448e-06,0
0.5,0,26.790539,-0.0042798393,0,-32.14275,4.1375721e-06,0
0.5,0,26.794556,-0.0043283025,0,-32.133521,4.084173e-06,0
0.5,0,26.79885,-0.0043688939,0,-32.124293,4.0237483e-06,0
0.5,0,26.803176,-0.0044027193,0,-32.115064,3.9574057e-06,0
0.5,0,26.807321,-0.0044305838,0,-32.105836,3.8867914e-06,0
0.5,0,26.811158,-0.0044558974,0,-32.096608,3.8138163e-06,0
0.5,0,26.814662,-0.0044826771,0,-32.087379,3.7396565e-06,0
0.5,0,26.817887,-0.0045204251,0,-32.078151,3.6645254e-06,0
0.5,0,26.820933,-0.0045748179,0,-32.068922,3.5886925e-06,0
0.5,0,26.823857,-0.0046278085,0,-32.059694,3.513104e-06,0
0.5,0,26.826658,-0.0046531642,0,-32.050465,3.4406135e-06,0
0.5,0,26.829282,-0.0046530531,0,-32.041237,3.3732993e-06,0
0.5,0,26.831595,-0.0046400685,0,-32.032008,3.3119592e-06,0
0.5,0,26.833504,-0.0046324585,0,-32.02278,3.2561575e-06,0
0.5,0,26.835018,-0.0046491775,0,-32.013551,3.2028951e-06,0
0.5,0,26.836132,-0.0046764359,0,-32.004323,3.1487665e-06,0
0.5,0,26.836831,-0.0046910031,0,-31.995094,3.0905582e-06,0
0.5,0,26.837151,-0.0046895429,0,-31.985866,3.0267458e-06,0
0.5,0,26.837168,-0.0046884593,0,-31.976637,2.957718e-06,0
0.5,0,26.836912,-0.0047038765,0,-31.967409,2.8839119e-06,0
0.5,0,26.836337,-0.0047412814,0,-31.958181,2.805747e-06,0
0.5,0,26.835319,-0.0048047123,0,-31.948952,2.7245186e-06,0
0.5,0,26.833679,-0.0048838949,0,-31.939724,2.6424209e-06,0
0.5,0,26.831264,-0.004960782,0,-31.930495,2.5618773e-06,0
0.5,0,26.827946,-0.005043078,0,-31.921267,2.4856122e-06,0
0.5,0,26.823629,-0.0051490536,0,-31.912038,2.4162315e-06,0
0.5,0,26.818177,-0.005271696,0,-31.90281,2.3533391e-06,0
0.5,0,26.811344,-0.0053757611,0,-31.893581,2.2923583e-06,0
0.5,0,26.802952,-0.0053967732,0,-31.884353,2.2272531e-06,0
0.5,0,26.794577,-0.0053647895,0,-31.875124,2.1529998e-06,0
0.5,0,26.78703,-0.0053605632,0,-31.865896,2.0659142e-06,0
0.5,0,26.779822,-0.0053937962,0,-31.856667,1.9627608e-06,0
0.5,0,26.773428,-0.0054389091,0,-31.847439,1.8431968e-06,0
0.5,0,26.768021,-0.0054625626,0,-31.83821,1.7119261e-06,0
0.5,0,26.763534,-0.0054759657,0,-31.828982,1.5748875e-06,0
0.5,0,26.759749,-0.0054971638,0,-31.819754,1.4382016e-06,0
0.5,0,26.756446,-0.0055340425,0,-31.810525,1.3094248e-06,0
0.5,0,26.753476,-0.0055931886,0,-31.801297,1.1951506e-06,0
0.5,0,26.750786,-0.0056681973,0,-31.792068,1.0979416e-06,0
0.5,0,26.748419,-0.005747126,0,-31.78284,1.0167337e-06,0
0.5,0,26.746483,-0.0058199571,0,-31.773611,9.491853e-07,0
0.5,0,26.745088,-0.0058802349,0,-31.764383,8.9289293e-07,0
0.5,0,26.744289,-0.0059261721,0,-31.755154,8.4538142e-07,0
0.5,0,26.744063,-0.0059605415,0,-31.745926,8.0393978e-07,0
0.5,0,26.744326,-0.0059880161,0,-31.736697,7.6550341e-07,0
0.5,0,26.744972,-0.0060114175,0,-31.727469,7.2670286e-07,0
0.5,0,26.745891,-0.0060322914,0,-31.71824,6.8442252e-07,0
0.5,0,26.746979,-0.0060547727,0,-31.709012,6.3681433e-07,0
0.5,0,26.748135,-0.0060843037,0,-31.699783,5.840279e-07,0
0.5,0,26.749251,-0.0061217624,0,-31.690555,5.2779038e-07,0
0.5,0,26.750188,-0.0061603173,0,-31.681327,4.7035132e-07,0
0.5,0,26.750791,-0.0061910587,0,-31.672098,4.1371919e-07,0
0.5,0,26.750956,-0.0062107544,0,-31.66287,3.5936284e-07,0
0.5,0,26.750697,-0.0062219145,0,-31.653641,3.0817144e-07,0
0.5,0,26.750126,-0.0062282618,0,-31.644413,2.6044084e-07,0
0.5,0,26.74939,-0.0062336364,0,-31.635184,2.159043e-07,0
0.5,0,26.748621,-0.0062447438,0,-31.625956,1.7375925e-07,0
0.5,0,26.74788,-0.0062680014,0,-31.616727,1.3341506e-07,0
0.5,0,26.747208,-0.0062996052,0,-31.607499,9.5400877e-08,0
0.5,0,26.746491,-0.0063312629,0,-31.59827,6.1449677e-08,0
0.5,0,26.746717,-0.0063901518,0,-31.589042,3.4214163e-08,0
0.5,0,26.747009,-0.0064422717,0,-31.579813,1.5851519e-08,0
0.5,0,26.746666,-0.0064577038,0,-31.570585,7.2485929e-09,0
0.5,0,26.746762,-0.0064753549,0,-31.561356,8.0291342e-09,0
0.5,0,26.746938,-0.0064974574,0,-31.552128,1.6624861e-08,0
0.5,0,26.747078,-0.006522017,0,-31.5429,3.1290806e-08,0
0.5,0,26.7472,-0.0065502051,0,-31.533671,5.0623179e-08,0
0.5,0,26.747303,-0.0065875663,0,-31.524443,7.366863e-08,0
0.5,0,26.747356,-0.0066288287,0,-31.515214,9.9450744e-08,0
0.5,0,26.747276,-0.0066602675,0,-31.505986,1.274642e-07,0
0.5,0,26.74698,-0.0066744662,0,-31.496757,1.5736079e-07,0
0.5,0,26.74645,-0.0066661094,0,-31.487529,1.8798938e-07,0
0.5,0,26.745745,-0.0066363337,0,-31.4783,2.1796362e-07,0
0.5,0,26.74498,-0.0065940871,0,-31.469072,2.459257e-07,0
0.5,0,26.744268,-0.0065550405,0,-31.459843,2.7078185e-07,0
0.5,0,26.743684,-0.006533722,0,-31.450615,2.9179751e-07,0
0.5,0,26.743233,-0.0065341937,0,-31.441386,3.0847301e-07,0
0.5,0,26.74286,-0.0065483459,0,-31.432158,3.2023423e-07,0
0.5,0,26.74249,-0.006564257,0,-31.422929,3.2624251e-07,0
0.5,0,26.74207,-0.0065756007,0,-31.413701,3.257295e-07,0
0.5,0,26.741591,-0.0065814778,0,-31.404473,3.1865476e-07,0
0.5,0,26.741069,-0.0065792338,0,-31.395244,3.0590591e-07,0
0.5,0,26.740514,-0.0065622595,0,-31.386016,2.8886464e-07,0
0.5,0,26.739912,-0.0065258909,0,-31.376787,2.6890164e-07,0
0.5,0,26.739226,-0.0064731982,0,-31.367559,2.4710788e-07,0
0.5,0,26.738424,-0.0064126233,0,-31.35833,2.2418581e-07,0
0.5,0,26.737497,-0.0063515273,0,-31.349102,2.0038611e-07,0
0.5,0,26.736504,-0.0062951957,0,-31.339873,1.7543478e-07,0
0.5,0,26.735486,-0.0062521298,0,-31.330645,1.4795832e-07,0
0.5,0,26.734655,-0.006226626,0,-31.321416,1.152766e-07,0
0.5,0,26.733982,-0.0062125695,0,-31.312188,7.3037621e-08,0
0.5,0,26.733506,-0.0062181037,0,-31.302959,1.6563154e-08,0
0.5,0,26.742768,-0.0066106093,0,-30.63851,1.0625124e-07,0
0.5,0,26.743537,-0.0065918515,0,-30.629281,2.2809741e-07,0
0.5,0,26.744323,-0.0065636036,0,-30.620053,3.571893e-07,0
0.5,0,26.744852,-0.00654485,0,-30.610824,4.9020523e-07,0
0.5,0,26.744926,-0.0065560621,0,-30.601596,6.2046802e-07,0
0.5,0,26.744475,-0.0066134415,0,-30.592367,7.3971901e-07,0
0.5,0,26.743578,-0.0067231158,0,-30.583139,8.4041899e-07,0
0.5,0,26.742457,-0.0068715628,0,-30.57391,9.1745599e-07,0
0.5,0,26.741429,-0.0070275848,0,-30.564682,9.6869847e-07,0
0.5,0,26.740841,-0.0071584025,0,-30.555454,9.9490674e-07,0
0.5,0,26.741012,-0.0072464674,0,-30.546225,9.9921017e-07,0
0.5,0,26.742156,-0.0072968817,0,-30.536997,9.8565636e-07,0
0.5,0,26.744321,-0.0073273741,0,-30.527768,9.5728478e-07,0
0.5,0,26.747335,-0.0073586523,0,-30.51854,9.1459163e-07,0
0.5,0,26.750827,-0.0074154083,0,-30.509311,8.5703153e-07,0
0.5,0,26.754342,-0.0075082213,0,-30.500083,7.8313708e-07,0
0.5,0,26.757439,-0.0076329655,0,-30.490854,6.9058101e-07,0
0.5,0,26.759833,-0.0077946154,0,-30.481626,5.8029051e-07,0
0.5,0,26.761504,-0.0079892576,0,-30.472397,4.5674723e-07,0
0.5,0,26.762639,-0.0081873572,0,-30.463169,3.2391806e-07,0
0.5,0,26.763492,-0.0083668983,0,-30.45394,1.8420777e-07,0
0.5,0,26.764308,-0.0085326355,0,-30.444712,4.1552999e-08,0
0.5,0,26.823028,-0.012047472,0,-19.979631,6.7264104e-08,0
0.5,0,26.839824,-0.012073912,0,-19.970402,1.8021794e-07,0
0.5,0,26.858003,-0.011958442,0,-19.961174,2.7856226e-07,0
0.5,0,26.875772,-0.011744109,0,-19.951945,3.6527882e-07,0
0.5,0,26.891457,-0.011479353,0,-19.942717,4.3836631e-07,0
0.5,0,26.903735,-0.011204202,0,-19.933488,4.8987307e-07,0
0.5,0,26.911716,-0.010941833,0,-19.92426,5.0869073e-07,0
0.5,0,26.915023,-0.010696236,0,-19.915031,4.8483638e-07,0
0.5,0,26.913956,-0.010482711,0,-19.905803,4.1288434e-07,0
0.5,0,26.909598,-0.010362114,0,-19.896574,2.9398949e-07,0
0.5,0,26.903587,-0.010439837,0,-19.887346,1.3949215e-07,0
0.5,0,26.883649,-0.011722262,0,-19.785833,5.4586771e-09,0
0.5,0,26.88908,-0.011739078,0,-19.776604,2.2492178e-07,0
0.5,0,26.894913,-0.011523506,0,-19.767376,4.5274636e-07,0
0.5,0,26.900601,-0.011146223,0,-19.758147,6.6193725e-07,0
0.5,0,26.905834,-0.010715415,0,-19.748919,8.3368712e-07,0
0.5,0,26.910429,-0.010287016,0,-19.73969,9.5827695e-07,0
0.5,0,26.914338,-0.0098967141,0,-19.730462,1.0341953e-06,0
0.5,0,26.917671,-0.0095942393,0,-19.721234,1.0671734e-06,0
0.5,0,26.920622,-0.0094089672,0,-19.712005,1.0652292e-06,0
0.5,0,26.923331,-0.0093185098,0,-19.702777,1.0346261e-06,0
0.5,0,26.9258,-0.0092807492,0,-19.693548,9.7965069e-07,0
0.5,0,26.92788,-0.0092748716,0,-19.68432,9.0562447e-07,0
0.5,0,26.92933,-0.0092938076,0,-19.675091,8.1929786e-07,0
0.5,0,26.929919,-0.0093449084,0,-19.665863,7.256992e-07,0
0.5,0,26.929494,-0.0094203349,0,-19.656634,6.2678087e-07,0
0.5,0,26.927999,-0.0094902793,0,-19.647406,5.205884e-07,0
0.5,0,26.925539,-0.0095401835,0,-19.638177,4.024445e-07,0
0.5,0,26.922495,-0.009603897,0,-19.628949,2.6799924e-07,0
0.5,0,26.919489,-0.0097872605,0,-19.61972,1.1963691e-07,0
0.5,0,26.763712,-0.012931945,0,-19.093698,2.6714125e-07,0
0.5,0,26.766943,-0.012474251,0,-19.084469,5.6280469e-07,0
0.5,0,26.768832,-0.011854807,0,-19.075241,7.8197524e-07,0
0.5,0,26.769493,-0.011185974,0,-19.066012,9.0906185e-07,0
0.5,0,26.769279,-0.010534086,0,-19.056784,9.3917032e-07,0
0.5,0,26.768473,-0.0099339037,0,-19.047555,8.7449997e-07,0
0.5,0,26.767324,-0.0094254452,0,-19.038327,7.2399199e-07,0
0.5,0,26.766035,-0.0091222636,0,-19.029099,5.0486111e-07,0
0.5,0,26.764789,-0.0092078249,0,-19.01987,2.4708191e-07,0
0.5,0,26.776371,-0.012890879,0,-18.826072,3.3240903e-08,0
0.5,0,26.774885,-0.012588296,0,-18.816844,1.2428512e-07,0
0.5,0,26.772782,-0.012110347,0,-18.807615,1.5581888e-07,0
0.5,0,26.770188,-0.01158906,0,-18.798387,1.0749677e-07,0
0.5,0,26.829705,-0.010426772,0,-15.476139,1.0831427e-07,0
0.5,0,26.832504,-0.010591002,0,-15.46691,3.9786518e-07,0
0.5,0,26.83555,-0.010580447,0,-15.457682,6.7954286e-07,0
0.5,0,26.836895,-0.010515585,0,-15.448453,9.3921837e-07,0
0.5,0,26.836062,-0.010440017,0,-15.439225,1.1633941e-06,0
0.5,0,26.833407,-0.010361295,0,-15.429996,1.3452113e-06,0
0.5,0,26.829348,-0.010281069,0,-15.420768,1.4853381e-06,0
0.5,0,26.824169,-0.010189974,0,-15.41154,1.5875678e-06,0
0.5,0,26.818179,-0.010069979,0,-15.402311,1.6550242e-06,0
0.5,0,26.811941,-0.0098974253,0,-15.393083,1.6886166e-06,0
0.5,0,26.806199,-0.0096503627,0,-15.383854,1.6867331e-06,0
0.5,0,26.801633,-0.0093286512,0,-15.374626,1.6470719e-06,0
0.5,0,26.798466,-0.0089723434,0,-15.365397,1.5696704e-06,0
0.5,0,26.796401,-0.0086468211,0,-15.356169,1.4582974e-06,0
0.5,0,26.794666,-0.0083890767,0,-15.34694,1.3203177e-06,0
0.5,0,26.792093,-0.0081816697,0,-15.337712,1.1661522e-06,0
0.5,0,26.787592,-0.0079936255,0,-15.328483,1.0070887e-06,0
0.5,0,26.780701,-0.0078291909,0,-15.319255,8.5000551e-07,0
0.5,0,26.771865,-0.0077282032,0,-15.310026,6.9349371e-07,0
0.5,0,26.762487,-0.0077174889,0,-15.300798,5.3222795e-07,0
0.5,0,26.754569,-0.007810669,0,-15.291569,3.6403215e-07,0
0.5,0,26.749453,-0.0080443473,0,-15.282341,1.9409874e-07,0
0.5,0,26.747199,-0.0084049934,0,-15.273113,3.2058582e-08,0
0.5,0,26.828286,-0.010700024,0,-15.060858,3.246754e-08,0
0.5,0,26.834303,-0.01053809,0,-15.051629,2.4837776e-07,0
0.5,0,26.83965,-0.01024808,0,-15.042401,4.876156e-07,0
0.5,0,26.842742,-0.0099625333,0,-15.033172,7.5318782e-07,0
0.5,0,26.84343,-0.0097539524,0,-15.023944,1.0378974e-06,0
0.5,0,26.842619,-0.009610429,0,-15.014715,1.3310609e-06,0
0.5,0,26.841171,-0.0094950467,0,-15.005487,1.6224638e-06,0
0.5,0,26.839538,-0.0093826415,0,-14.996259,1.9042553e-06,0
0.5,0,26.838005,-0.0092624763,0,-14.98703,2.1703097e-06,0
0.5,0,26.836923,-0.0091332454,0,-14.977802,2.4162925e-06,0
0.5,0,26.836752,-0.0089877196,0,-14.968573,2.6383266e-06,0
0.5,0,26.837995,-0.0088094472,0,-14.959345,2.8293996e-06,0
0.5,0,26.841066,-0.0085851958,0,-14.950116,2.977447e-06,0
0.5,0,26.846074,-0.0083133268,0,-14.940888,3.067518e-06,0
0.5,0,26.852566,-0.0080048037,0,-14.931659,3.0868946e-06,0
0.5,0,26.859487,-0.0076860584,0,-14.922431,3.030216e-06,0
0.5,0,26.865551,-0.0073987491,0,-14.913202,2.9007873e-06,0
0.5,0,26.869825,-0.0071827633,0,-14.903974,2.706254e-06,0
0.5,0,26.872037,-0.0070440635,0,-14.894745,2.4524991e-06,0
0.5,0,26.872341,-0.0069428731,0,-14.885517,2.1421615e-06,0
0.5,0,26.870829,-0.0068345999,0,-14.876288,1.7767175e-06,0
0.5,0,26.86739,-0.0067168403,0,-14.86706,1.3564487e-06,0
0.5,0,26.862229,-0.0066607148,0,-14.857832,8.8039399e-07,0
0.5,0,26.856461,-0.0068777864,0,-14.848603,3.4619108e-07,0
0.5,0,26.761291,-0.0087363648,0,-11.286415,9.1121293e-09,0
0.5,0,26.765675,-0.0087728035,0,-11.277186,4.7344853e-08,0
0.5,0,26.770318,-0.0087622291,0,-11.267958,8.0229078e-08,0
0.5,0,26.775096,-0.008733476,0,-11.258729,1.0665781e-07,0
0.5,0,26.779994,-0.0087187188,0,-11.249501,1.2576776e-07,0
0.5,0,26.785182,-0.0087362657,0,-11.240273,1.3782519e-07,0
0.5,0,26.790976,-0.0087839984,0,-11.231044,1.4577234e-07,0
0.5,0,26.797636,-0.0088558131,0,-11.221816,1.5526152e-07,0
0.5,0,26.805168,-0.0089444611,0,-11.212587,1.7311712e-07,0
0.5,0,26.813326,-0.0090169188,0,-11.203359,2.067347e-07,0
0.5,0,26.8217,-0.0090243415,0,-11.19413,2.6262725e-07,0
0.5,0,26.829838,-0.0089454565,0,-11.184902,3.4119519e-07,0
0.5,0,26.837344,-0.008798338,0,-11.175673,4.3393972e-07,0
0.5,0,26.844015,-0.0086122913,0,-11.166445,5.273995e-07,0
0.5,0,26.849901,-0.0084094377,0,-11.157216,6.0933687e-07,0
0.5,0,26.855137,-0.0082117309,0,-11.147988,6.731025e-07,0
0.5,0,26.85974,-0.0080418356,0,-11.138759,7.1835129e-07,0
0.5,0,26.86361,-0.0079120167,0,-11.129531,7.4730659e-07,0
0.5,0,26.866691,-0.0078252136,0,-11.120302,7.6052847e-07,0
0.5,0,26.869096,-0.0077771065,0,-11.111074,7.564255e-07,0
0.5,0,26.871069,-0.0077474452,0,-11.101846,7.3374945e-07,0
0.5,0,26.872857,-0.0077068534,0,-11.092617,6.9398857e-07,0
0.5,0,26.874613,-0.007642218,0,-11.083389,6.4079822e-07,0
0.5,0,26.876374,-0.0075651876,0,-11.07416,5.7755296e-07,0
0.5,0,26.878091,-0.0074980243,0,-11.064932,5.0649912e-07,0
0.5,0,26.879699,-0.00746983,0,-11.055703,4.2992565e-07,0
0.5,0,26.88115,-0.0075272358,0,-11.046475,3.5213664e-07,0
0.5,0,26.882466,-0.0077169753,0,-11.037246,2.8134873e-07,0
0.5,0,26.883725,-0.0080234066,0,-11.028018,2.3144189e-07,0
0.5,0,26.88498,-0.0083518942,0,-11.018789,2.2018031e-07,0
0.5,0,26.886122,-0.0086039049,0,-11.009561,2.5905713e-07,0
0.5,0,26.886912,-0.0087377729,0,-11.000332,3.4474765e-07,0
0.5,0,26.887182,-0.0087581738,0,-10.991104,4.6065717e-07,0
0.5,0,26.886889,-0.0086908869,0,-10.981875,5.8421924e-07,0
0.5,0,26.886,-0.0085729139,0,-10.972647,6.953867e-07,0
0.5,0,26.884471,-0.0084315288,0,-10.963419,7.8099764e-07,0
0.5,0,26.882299,-0.0082662848,0,-10.95419,8.341565e-07,0
0.5,0,26.879556,-0.0080642779,0,-10.944962,8.5253451e-07,0
0.5,0,26.876329,-0.0078236522,0,-10.935733,8.3774293e-07,0
0.5,0,26.872648,-0.0075585288,0,-10.926505,7.9488833e-07,0
0.5,0,26.868461,-0.0072984787,0,-10.917276,7.3088781e-07,0
0.5,0,26.863634,-0.0070868747,0,-10.908048,6.5094473e-07,0
0.5,0,26.858007,-0.0069579957,0,-10.898819,5.5600531e-07,0
0.5,0,26.851486,-0.0069126231,0,-10.889591,4.4467119e-07,0
0.5,0,26.844181,-0.0069518935,0,-10.880362,3.1630366e-07,0
0.5,0,26.836559,-0.0071174113,0,-10.871134,1.747995e-07,0
0.5,0,26.829356,-0.0074409492,0,-10.861905,3.098653e-08,0
0.5,0,26.730268,-0.0074172607,0,-9.9482872,5.5184861e-07,0
0.5,0,26.737615,-0.0071310019,0,-9.9390587,1.2309331e-06,0
0.5,0,26.74549,-0.0065985425,0,-9.9298303,1.9207526e-06,0
0.5,0,26.753204,-0.0060821247,0,-9.9206018,2.6004267e-06,0
0.5,0,26.760462,-0.0056576028,0,-9.9113733,3.2621634e-06,0
0.5,0,26.767038,-0.005300683,0,-9.9021449,3.9037241e-06,0
0.5,0,26.772767,-0.0049692437,0,-9.8929164,4.518928e-06,0
0.5,0,26.777674,-0.0046932314,0,-9.8836879,5.1003148e-06,0
0.5,0,26.781952,-0.0045377365,0,-9.8744595,5.646084e-06,0
0.5,0,26.785786,-0.0045046142,0,-9.865231,6.1575757e-06,0
0.5,0,26.789229,-0.0045153701,0,-9.8560025,6.6311194e-06,0
0.5,0,26.792252,-0.0044752367,0,-9.8467741,7.0548348e-06,0
0.5,0,26.794869,-0.0043397352,0,-9.8375456,7.4129023e-06,0
0.5,0,26.797176,-0.0041344278,0,-9.8283171,7.6934802e-06,0
0.5,0,26.799297,-0.0039255634,0,-9.8190887,7.894827e-06,0
0.5,0,26.801309,-0.0037709383,0,-9.8098602,8.0256864e-06,0
0.5,0,26.803215,-0.0036896775,0,-9.8006317,8.1007562e-06,0
0.5,0,26.80498,-0.0036702791,0,-9.7914033,8.1354338e-06,0
0.5,0,26.806585,-0.0036979295,0,-9.7821748,8.1431608e-06,0
0.5,0,26.808066,-0.0037686595,0,-9.7729463,8.135299e-06,0
0.5,0,26.809505,-0.0038809385,0,-9.7637179,8.1212401e-06,0
0.5,0,26.811001,-0.0040205713,0,-9.7544894,8.1072993e-06,0
0.5,0,26.81263,-0.0041580168,0,-9.7452609,8.095216e-06,0
0.5,0,26.814422,-0.0042611254,0,-9.7360325,8.0820684e-06,0
0.5,0,26.816365,-0.0043098326,0,-9.726804,8.0622304e-06,0
0.5,0,26.818423,-0.0042999141,0,-9.7175755,8.03007e-06,0
0.5,0,26.820569,-0.0042367231,0,-9.7083471,7.9815777e-06,0
0.5,0,26.822809,-0.0041299649,0,-9.6991186,7.914445e-06,0
0.5,0,26.825188,-0.003996427,0,-9.6898901,7.8276088e-06,0
0.5,0,26.827778,-0.0038653336,0,-9.6806617,7.7214031e-06,0
0.5,0,26.830662,-0.0037752798,0,-9.6714332,7.5983158e-06,0
0.5,0,26.833912,-0.0037596267,0,-9.6622047,7.4632688e-06,0
0.5,0,26.837575,-0.0038290963,0,-9.6529763,7.3224902e-06,0
0.5,0,26.841651,-0.003964052,0,-9.6437478,7.181283e-06,0
0.5,0,26.846072,-0.00412267,0,-9.6345193,7.042062e-06,0
0.5,0,26.850693,-0.0042599952,0,-9.6252909,6.9039921e-06,0
0.5,0,26.855309,-0.0043457021,0,-9.6160624,6.7645085e-06,0
0.5,0,26.859671,-0.0043735851,0,-9.6068339,6.6216237e-06,0
0.5,0,26.863569,-0.0043597155,0,-9.5976055,6.4753255e-06,0
0.5,0,26.866863,-0.0043288285,0,-9.588377,6.3273658e-06,0
0.5,0,26.86952,-0.0043004011,0,-9.5791485,6.1800025e-06,0
0.5,0,26.871673,-0.0042828996,0,-9.5699201,6.0345219e-06,0
0.5,0,26.873578,-0.0042741251,0,-9.5606916,5.8901711e-06,0
0.5,0,26.875565,-0.0042663339,0,-9.5514631,5.7441974e-06,0
0.5,0,26.877966,-0.0042549476,0,-9.5422347,5.5932662e-06,0
0.5,0,26.881042,-0.0042461156,0,-9.5330062,5.4353793e-06,0
0.5,0,26.884926,-0.0042572598,0,-9.5237777,5.2710033e-06,0
0.5,0,26.889592,-0.0043078999,0,-9.5145493,5.1027772e-06,0
0.5,0,26.894885,-0.0044043441,0,-9.5053208,4.9342383e-06,0
0.5,0,26.900573,-0.0045295802,0,-9.4960923,4.7686363e-06,0
0.5,0,26.906431,-0.0046507517,0,-9.4868639,4.6084491e-06,0
0.5,0,26.912277,-0.004742369,0,-9.4776354,4.4551472e-06,0
0.5,0,26.918085,-0.0048012976,0,-9.4684069,4.308877e-06,0
0.5,0,26.923572,-0.004851915,0,-9.4591785,4.1685241e-06,0
0.5,0,26.928645,-0.0049186568,0,-9.44995,4.0318153e-06,0
0.5,0,26.933457,-0.0049923455,0,-9.4407215,3.8938323e-06,0
0.5,0,26.93813,-0.0050682798,0,-9.4314931,3.7501034e-06,0
0.5,0,26.942761,-0.0051502086,0,-9.4222646,3.5995624e-06,0
0.5,0,26.947164,-0.0052140964,0,-9.4130361,3.442484e-06,0
0.5,0,26.951143,-0.0052327959,0,-9.4038077,3.2798686e-06,0
0.5,0,26.954528,-0.0052114632,0,-9.3945792,3.1125986e-06,0
0.5,0,26.957266,-0.0051835382,0,-9.3853507,2.9399817e-06,0
0.5,0,26.959411,-0.0051834183,0,-9.3761223,2.7593122e-06,0
0.5,0,26.961103,-0.0052293927,0,-9.3668938,2.5675651e-06,0
0.5,0,26.962488,-0.0053197778,0,-9.3576653,2.3640791e-06,0
0.5,0,26.963695,-0.0054386108,0,-9.3484369,2.1516473e-06,0
0.5,0,26.964876,-0.0055672758,0,-9.3392084,1.9351817e-06,0
0.5,0,26.966221,-0.005693799,0,-9.3299799,1.7196019e-06,0
0.5,0,26.967932,-0.0058136152,0,-9.3207515,1.5089573e-06,0
0.5,0,26.970148,-0.0059262636,0,-9.311523,1.3069428e-06,0
0.5,0,26.972879,-0.0060316333,0,-9.3022945,1.1172729e-06,0
0.5,0,26.975931,-0.0061238159,0,-9.2930661,9.431788e-07,0
0.5,0,26.978866,-0.0061926119,0,-9.2838376,7.8627338e-07,0
0.5,0,26.980974,-0.0062294836,0,-9.2746091,6.4402773e-07,0
0.5,0,26.981142,-0.0062247944,0,-9.2653807,5.0719159e-07,0
0.5,0,26.978024,-0.0061840621,0,-9.2561522,3.6091402e-07,0
0.5,0,26.970925,-0.0062008492,0,-9.2469237,1.8819578e-07,0
0.5,0,26.760497,-0.0088768441,0,-8.757815,1.1553049e-07,0
0.5,0,26.767939,-0.0088047576,0,-8.7485865,3.4962501e-07,0
0.5,0,26.774576,-0.0085110472,0,-8.7393581,6.1237818e-07,0
0.5,0,26.779862,-0.0081170625,0,-8.7301296,8.8663716e-07,0
0.5,0,26.784116,-0.0076853749,0,-8.7209011,1.1552594e-06,0
0.5,0,26.787843,-0.0072606463,0,-8.7116727,1.4064103e-06,0
0.5,0,26.791414,-0.0068761109,0,-8.7024442,1.6340036e-06,0
0.5,0,26.795039,-0.0065500304,0,-8.6932157,1.8357844e-06,0
0.5,0,26.798802,-0.0062962671,0,-8.6839873,2.0134728e-06,0
0.5,0,26.802704,-0.0061155782,0,-8.6747588,2.1729096e-06,0
0.5,0,26.806722,-0.0059829857,0,-8.6655303,2.3210597e-06,0
0.5,0,26.810865,-0.0058617731,0,-8.6563019,2.4621803e-06,0
0.5,0,26.815208,-0.0057263393,0,-8.6470734,2.5960291e-06,0
0.5,0,26.819857,-0.0055673628,0,-8.6378449,2.7180136e-06,0
0.5,0,26.824841,-0.005382279,0,-8.6286165,2.820174e-06,0
0.5,0,26.830041,-0.0051689562,0,-8.619388,2.8927767e-06,0
0.5,0,26.835199,-0.004932423,0,-8.6101595,2.92702e-06,0
0.5,0,26.840008,-0.0046980887,0,-8.6009311,2.9189568e-06,0
0.5,0,26.844243,-0.0045133679,0,-8.5917026,2.8732866e-06,0
0.5,0,26.847854,-0.0044277148,0,-8.5824741,2.8041662e-06,0
0.5,0,26.850968,-0.0044622686,0,-8.5732457,2.7309902e-06,0
0.5,0,26.853819,-0.0045925877,0,-8.5640172,2.6707805e-06,0
0.5,0,26.856641,-0.0047588833,0,-8.5547887,2.6319512e-06,0
0.5,0,26.859598,-0.0048968797,0,-8.5455603,2.6131149e-06,0
0.5,0,26.86273,-0.0049670477,0,-8.5363318,2.6064537e-06,0
0.5,0,26.865942,-0.0049635836,0,-8.5271033,2.6024055e-06,0
0.5,0,26.869053,-0.004904994,0,-8.5178749,2.5929274e-06,0
0.5,0,26.871875,-0.0048200667,0,-8.5086464,2.5726852e-06,0
0.5,0,26.874293,-0.0047378249,0,-8.4994179,2.5390112e-06,0
0.5,0,26.876293,-0.0046817523,0,-8.4901895,2.4917632e-06,0
0.5,0,26.877949,-0.0046668535,0,-8.480961,2.4334078e-06,0
0.5,0,26.879363,-0.0046993269,0,-8.4717325,2.3686031e-06,0
0.5,0,26.880547,-0.0047775294,0,-8.4625041,2.3026041e-06,0
0.5,0,26.881339,-0.0048910307,0,-8.4532756,2.2388899e-06,0
0.5,0,26.881518,-0.0050201475,0,-8.4440471,2.1772264e-06,0
0.5,0,26.881093,-0.0051391888,0,-8.4348187,2.1136001e-06,0
0.5,0,26.880434,-0.0052251757,0,-8.4255902,2.0420601e-06,0
0.5,0,26.880049,-0.0052696148,0,-8.4163617,1.9570918e-06,0
0.5,0,26.880207,-0.005285471,0,-8.4071333,1.8549965e-06,0
0.5,0,26.880795,-0.0053008319,0,-8.3979048,1.7336876e-06,0
0.5,0,26.881485,-0.0053360854,0,-8.3886763,1.5921709e-06,0
0.5,0,26.881944,-0.0053805822,0,-8.3794479,1.4314816e-06,0
0.5,0,26.881923,-0.0053992875,0,-8.3702194,1.256194e-06,0
0.5,0,26.881331,-0.0053701069,0,-8.3609909,1.0714551e-06,0
0.5,0,26.880308,-0.0052955061,0,-8.3517625,8.7671328e-07,0
0.5,0,26.879369,-0.0051834606,0,-8.342534,6.6574928e-07,0
0.5,0,26.879264,-0.0050883599,0,-8.3333055,4.3087432e-07,0
0.5,0,26.8805,-0.0052201829,0,-8.3240771,1.7202876e-07,0
0.5,0,27.008075,-0.010563404,0,-7.9733953,2.0981489e-08,0
0.5,0,27.004344,-0.010315321,0,-7.9641668,2.4715439e-07,0
0.5,0,27.000212,-0.0097553615,0,-7.9549384,4.3100169e-07,0
0.5,0,26.99555,-0.0091170299,0,-7.9457099,5.5014474e-07,0
0.5,0,26.990264,-0.0085879236,0,-7.9364814,6.0311523e-07,0
0.5,0,26.984275,-0.0082185203,0,-7.927253,6.0151289e-07,0
0.5,0,26.977502,-0.0079867623,0,-7.9180245,5.6255677e-07,0
0.5,0,26.969778,-0.0078492185,0,-7.908796,5.0612919e-07,0
0.5,0,26.960892,-0.0077619661,0,-7.8995676,4.5095657e-07,0
0.5,0,26.950581,-0.007687227,0,-7.8903391,4.0901636e-07,0
0.5,0,26.938607,-0.0076040619,0,-7.8811106,3.836734e-07,0
0.5,0,26.924934,-0.007520634,0,-7.8718822,3.7437896e-07,0
0.5,0,26.909598,-0.0074631556,0,-7.8626537,3.8104655e-07,0
0.5,0,26.892532,-0.0074450026,0,-7.8534252,4.0239743e-07,0
0.5,0,26.873716,-0.0074417813,0,-7.8441968,4.3255085e-07,0
0.5,0,26.853635,-0.007405361,0,-7.8349683,4.6019467e-07,0
0.5,0,26.833388,-0.007312009,0,-7.8257398,4.6874172e-07,0
0.5,0,26.814216,-0.0071774445,0,-7.8165114,4.3838673e-07,0
0.5,0,26.797092,-0.0070444665,0,-7.8072829,3.5140881e-07,0
0.5,0,26.782873,-0.0070465428,0,-7.7980544,1.9569405e-07,0
0.5,0,26.7658,-0.010244921,0,-7.3920019,2.7952973e-07,0
0.5,0,26.762329,-0.009916806,0,-7.3827734,5.9785225e-07,0
0.5,0,26.758389,-0.0092755849,0,-7.373545,8.5551106e-07,0
0.5,0,26.754046,-0.0085122787,0,-7.3643165,1.0352812e-06,0
0.5,0,26.749303,-0.0077149027,0,-7.355088,1.1260631e-06,0
0.5,0,26.74407,-0.0069005236,0,-7.3458596,1.1220495e-06,0
0.5,0,26.738303,-0.0060665031,0,-7.3366311,1.0183494e-06,0
0.5,0,26.732247,-0.0052495435,0,-7.3274026,8.0687239e-07,0
0.5,0,26.726569,-0.0046222901,0,-7.3181742,4.7892584e-07,0
0.5,0,26.722115,-0.0044683444,0,-7.3089457,2.9002252e-08,0
0.5,0,26.720136,-0.0055518598,0,-7.0044063,1.9093845e-07,0
0.5,0,26.725502,-0.0056519723,0,-6.9951778,4.6729632e-07,0
0.5,0,26.733958,-0.0056852911,0,-6.9859494,8.4899468e-07,0
0.5,0,26.744805,-0.0057222539,0,-6.9767209,1.3485385e-06,0
0.5,0,26.755822,-0.0057918518,0,-6.9674924,1.9624358e-06,0
0.5,0,26.764993,-0.0058792274,0,-6.958264,2.6801762e-06,0
0.5,0,26.771966,-0.0059432334,0,-6.9490355,3.4904673e-06,0
0.5,0,26.777906,-0.0059250599,0,-6.939807,4.3803363e-06,0
0.5,0,26.784294,-0.0057800751,0,-6.9305786,5.3289012e-06,0
0.5,0,26.791846,-0.0055340336,0,-6.9213501,6.3115901e-06,0
0.5,0,26.800251,-0.0052326975,0,-6.9121216,7.3068796e-06,0
0.5,0,26.808638,-0.0048528359,0,-6.9028932,8.2920037e-06,0
0.5,0,26.816199,-0.0043261964,0,-6.8936647,9.2356067e-06,0
0.5,0,26.822533,-0.0036420592,0,-6.8844362,1.0101257e-05,0
0.5,0,26.827668,-0.0028936223,0,-6.8752078,1.086097e-05,0
0.5,0,26.831862,-0.0022250165,0,-6.8659793,1.1506293e-05,0
0.5,0,26.835431,-0.0017428095,0,-6.8567508,1.2047988e-05,0
0.5,0,26.838687,-0.0014704391,0,-6.8475224,1.2506746e-05,0
0.5,0,26.841917,-0.0013664494,0,-6.8382939,1.2903517e-05,0
0.5,0,26.84542,-0.0013668894,0,-6.8290654,1.3254717e-05,0
0.5,0,26.849512,-0.001411208,0,-6.819837,1.357137e-05,0
0.5,0,26.854448,-0.00145,0,-6.8106085,1.3859616e-05,0
0.5,0,26.86026,-0.0014531822,0,-6.80138,1.4122057e-05,0
0.5,0,26.866632,-0.0014222239,0,-6.7921516,1.436045e-05,0
0.5,0,26.872892,-0.0013828285,0,-6.7829231,1.4579365e-05,0
0.5,0,26.878643,-0.0013940316,0,-6.7736946,1.4788559e-05,0
0.5,0,26.883311,-0.0015126414,0,-6.7644662,1.5002164e-05,0
0.5,0,26.886174,-0.0017499993,0,-6.7552377,1.5235336e-05,0
0.5,0,26.887166,-0.0020859827,0,-6.7460092,1.5499982e-05,0
0.5,0,26.886565,-0.0024737666,0,-6.7367808,1.5801088e-05,0
0.5,0,26.884891,-0.0028505558,0,-6.7275523,1.6134636e-05,0
0.5,0,26.882731,-0.003150526,0,-6.7183238,1.6487601e-05,0
0.5,0,26.880568,-0.0033207778,0,-6.7090954,1.6840061e-05,0
0.5,0,26.87871,-0.0033357565,0,-6.6998669,1.7169018e-05,0
0.5,0,26.877301,-0.003203039,0,-6.6906384,1.7452879e-05,0
0.5,0,26.8764,-0.002957979,0,-6.68141,1.7675142e-05,0
0.5,0,26.876048,-0.002651377,0,-6.6721815,1.7826401e-05,0
0.5,0,26.876292,-0.0023370852,0,-6.662953,1.7904708e-05,0
0.5,0,26.877166,-0.0020630404,0,-6.6537246,1.7914797e-05,0
0.5,0,26.878646,-0.0018654951,0,-6.6444961,1.7866522e-05,0
0.5,0,26.880624,-0.0017643838,0,-6.6352676,1.7772752e-05,0
0.5,0,26.882918,-0.0017599248,0,-6.6260392,1.7646962e-05,0
0.5,0,26.88532,-0.0018333403,0,-6.6168107,1.7500857e-05,0
0.5,0,26.887645,-0.0019536483,0,-6.6075822,1.7342657e-05,0
0.5,0,26.889783,-0.0020883693,0,-6.5983538,1.7176569e-05,0
0.5,0,26.891704,-0.0022139215,0,-6.5891253,1.7003522e-05,0
0.5,0,26.893427,-0.0023204709,0,-6.5798968,1.6822669e-05,0
0.5,0,26.894975,-0.0024079809,0,-6.5706684,1.6632787e-05,0
0.5,0,26.896322,-0.0024785121,0,-6.5614399,1.6432865e-05,0
0.5,0,26.897375,-0.002531833,0,-6.5522114,1.6221928e-05,0
0.5,0,26.897977,-0.0025670793,0,-6.542983,1.5998786e-05,0
0.5,0,26.897948,-0.0025883522,0,-6.5337545,1.5762395e-05,0
0.5,0,26.897126,-0.0026081667,0,-6.524526,1.5512777e-05,0
0.5,0,26.895405,-0.0026437324,0,-6.5152976,1.5251751e-05,0
0.5,0,26.892767,-0.0027065687,0,-6.5060691,1.4982713e-05,0
0.5,0,26.88927,-0.0027938864,0,-6.4968406,1.4709304e-05,0
0.5,0,26.885041,-0.0028888017,0,-6.4876122,1.4433361e-05,0
0.5,0,26.88025,-0.0029676444,0,-6.4783837,1.415328e-05,0
0.5,0,26.875077,-0.0030095714,0,-6.4691552,1.3864006e-05,0
0.5,0,26.869694,-0.003004749,0,-6.4599268,1.3558786e-05,0
0.5,0,26.864258,-0.0029582267,0,-6.4506983,1.3231757e-05,0
0.5,0,26.858906,-0.0028870683,0,-6.4414698,1.2880101e-05,0
0.5,0,26.853755,-0.0028117517,0,-6.4322414,1.2504901e-05,0
0.5,0,26.848894,-0.0027483297,0,-6.4230129,1.2110618e-05,0
0.5,0,26.844391,-0.0027069422,0,-6.4137844,1.1703809e-05,0
0.5,0,26.840293,-0.0026942621,0,-6.404556,1.1291811e-05,0
0.5,0,26.836623,-0.0027145209,0,-6.3953275,1.0881704e-05,0
0.5,0,26.833381,-0.0027681079,0,-6.386099,1.047961e-05,0
0.5,0,26.830537,-0.0028501192,0,-6.3768706,1.0090352e-05,0
0.5,0,26.828034,-0.0029513574,0,-6.3676421,9.7172128e-06,0
0.5,0,26.825798,-0.0030623151,0,-6.3584136,9.3614951e-06,0
0.5,0,26.823756,-0.0031753181,0,-6.3491852,9.0219286e-06,0
0.5,0,26.821868,-0.0032820318,0,-6.3399567,8.6947949e-06,0
0.5,0,26.820126,-0.0033720147,0,-6.3307282,8.3752326e-06,0
0.5,0,26.81857,-0.0034377771,0,-6.3214998,8.058653e-06,0
0.5,0,26.817279,-0.0034799108,0,-6.3122713,7.7412865e-06,0
0.5,0,26.816304,-0.0035046712,0,-6.3030428,7.4201241e-06,0
0.5,0,26.815674,-0.0035190583,0,-6.2938144,7.0931692e-06,0
0.5,0,26.815455,-0.0035313182,0,-6.2845859,6.7600247e-06,0
0.5,0,26.815706,-0.0035531286,0,-6.2753574,6.4219328e-06,0
0.5,0,26.816424,-0.0035975842,0,-6.266129,6.0809985e-06,0
0.5,0,26.817564,-0.0036749905,0,-6.2569005,5.7392036e-06,0
0.5,0,26.819095,-0.0037869229,0,-6.247672,5.3979618e-06,0
0.5,0,26.821007,-0.0039195986,0,-6.2384436,5.0583976e-06,0
0.5,0,26.823312,-0.004045166,0,-6.2292151,4.7219027e-06,0
0.5,0,26.826006,-0.0041361865,0,-6.2199866,4.3905708e-06,0
0.5,0,26.829136,-0.0041803405,0,-6.2107582,4.066988e-06,0
0.5,0,26.832569,-0.004192356,0,-6.2015297,3.752943e-06,0
0.5,0,26.836786,-0.0042096584,0,-6.1923012,3.4483467e-06,0
0.5,0,26.841427,-0.0042384025,0,-6.1830728,3.1511236e-06,0
0.5,0,26.846091,-0.0042834713,0,-6.1738443,2.8592649e-06,0
0.5,0,26.851321,-0.0043648932,0,-6.1646158,2.572928e-06,0
0.5,0,26.857016,-0.0044914871,0,-6.1553874,2.2937751e-06,0
0.5,0,26.863267,-0.0046651329,0,-6.1461589,2.0220961e-06,0
0.5,0,26.870209,-0.0048637094,0,-6.1369304,1.7556848e-06,0
0.5,0,26.878233,-0.0049193023,0,-6.127702,1.5073747e-06,0
0.5,0,26.887054,-0.0048932202,0,-6.1184735,1.2837437e-06,0
0.5,0,26.89655,-0.0050042199,0,-6.109245,1.0657028e-06,0
0.5,0,26.907028,-0.0050867572,0,-6.1000166,8.4345286e-07,0
0.5,0,26.917702,-0.0050625856,0,-6.0907881,6.1873811e-07,0
0.5,0,26.927274,-0.0050726118,0,-6.0815596,3.856842e-07,0
0.5,0,26.934788,-0.0052289947,0,-6.0723312,1.304183e-07,0
0.5,0,26.772654,-0.0083615937,0,-4.8357166,3.1098326e-07,0
0.5,0,26.787158,-0.0082613681,0,-4.8264881,1.3442265e-06,0
0.5,0,26.802451,-0.0075471044,0,-4.8172597,2.3860464e-06,0
0.5,0,26.816335,-0.0066789039,0,-4.8080312,3.4166891e-06,0
0.5,0,26.828195,-0.0058861262,0,-4.7988027,4.431233e-06,0
0.5,0,26.838493,-0.0051892068,0,-4.7895743,5.4251887e-06,0
0.5,0,26.848255,-0.0045961069,0,-4.7803458,6.3902983e-06,0
0.5,0,26.858607,-0.0041493523,0,-4.7711173,7.3225116e-06,0
0.5,0,26.870459,-0.003837374,0,-4.7618889,8.2231816e-06,0
0.5,0,26.884215,-0.0035578906,0,-4.7526604,9.0888154e-06,0
0.5,0,26.899746,-0.0032031601,0,-4.7434319,9.9051035e-06,0
0.5,0,26.916377,-0.0027530617,0,-4.7342035,1.0653568e-05,0
0.5,0,26.933257,-0.0022794351,0,-4.724975,1.1322488e-05,0
0.5,0,26.949612,-0.0018734551,0,-4.7157465,1.1912104e-05,0
0.5,0,26.964839,-0.0015816472,0,-4.7065181,1.2431525e-05,0
0.5,0,26.97876,-0.0014036298,0,-4.6972896,1.2892518e-05,0
0.5,0,26.991449,-0.0013183766,0,-4.6880611,1.3306213e-05,0
0.5,0,27.003044,-0.0012994301,0,-4.6788327,1.3682314e-05,0
0.5,0,27.013494,-0.0013159283,0,-4.6696042,1.402862e-05,0
0.5,0,27.022412,-0.001332375,0,-4.6603757,1.4349816e-05,0
0.5,0,27.029138,-0.001316539,0,-4.6511473,1.4646269e-05,0
0.5,0,27.032991,-0.0012529598,0,-4.6419188,1.4914401e-05,0
0.5,0,27.033637,-0.0011490551,0,-4.6326903,1.5148686e-05,0
0.5,0,27.031405,-0.0010268814,0,-4.6234619,1.5343984e-05,0
0.5,0,27.027348,-0.00091031894,0,-4.6142334,1.5497073e-05,0
0.5,0,27.022994,-0.00081850817,0,-4.6050049,1.5607381e-05,0
0.5,0,27.019869,-0.00076761701,0,-4.5957765,1.5677462e-05,0
0.5,0,27.01901,-0.00077250474,0,-4.586548,1.5713304e-05,0
0.5,0,27.020679,-0.00084195351,0,-4.5773195,1.572388e-05,0
0.5,0,27.024347,-0.00097308675,0,-4.5680911,1.5719384e-05,0
0.5,0,27.028939,-0.0011512038,0,-4.5588626,1.5708743e-05,0
0.5,0,27.03321,-0.0013564413,0,-4.5496341,1.5697579e-05,0
0.5,0,27.036108,-0.0015727235,0,-4.5404057,1.5687475e-05,0
0.5,0,27.037013,-0.0017907816,0,-4.5311772,1.5676742e-05,0
0.5,0,27.035801,-0.0020068796,0,-4.5219487,1.5661948e-05,0
0.5,0,27.032764,-0.002220308,0,-4.5127203,1.5639309e-05,0
0.5,0,27.028426,-0.0024276101,0,-4.5034918,1.560565e-05,0
0.5,0,27.023329,-0.002619135,0,-4.4942633,1.5558767e-05,0
0.5,0,27.017881,-0.0027797649,0,-4.4850349,1.5497044e-05,0
0.5,0,27.012306,-0.00289109,0,-4.4758064,1.5418571e-05,0
0.5,0,27.006686,-0.0029359975,0,-4.4665779,1.5320389e-05,0
0.5,0,27.001041,-0.0029044137,0,-4.4573495,1.5198379e-05,0
0.5,0,26.995414,-0.002797793,0,-4.448121,1.5047979e-05,0
0.5,0,26.989881,-0.0026316604,0,-4.4388925,1.4865617e-05,0
0.5,0,26.984577,-0.0024336555,0,-4.4296641,1.4650482e-05,0
0.5,0,26.979587,-0.0022413336,0,-4.4204356,1.4405877e-05,0
0.5,0,26.974985,-0.0020902055,0,-4.4112071,1.4139075e-05,0
0.5,0,26.970778,-0.0019984537,0,-4.4019787,1.3859609e-05,0
0.5,0,26.966809,-0.0019642304,0,-4.3927502,1.3576722e-05,0
0.5,0,26.96283,-0.0019687592,0,-4.3835217,1.3296839e-05,0
0.5,0,26.958483,-0.0019881146,0,-4.3742933,1.3022577e-05,0
0.5,0,26.953388,-0.0020079265,0,-4.3650648,1.2754046e-05,0
0.5,0,26.947254,-0.0020289281,0,-4.3558363,1.2491304e-05,0
0.5,0,26.939964,-0.0020630294,0,-4.3466079,1.2236159e-05,0
0.5,0,26.931611,-0.0021257252,0,-4.3373794,1.1992228e-05,0
0.5,0,26.922487,-0.0022228605,0,-4.3281509,1.1763206e-05,0
0.5,0,26.913026,-0.0023426742,0,-4.3189225,1.1550157e-05,0
0.5,0,26.903717,-0.0024631764,0,-4.309694,1.1349657e-05,0
0.5,0,26.895004,-0.0025614287,0,-4.3004655,1.1154044e-05,0
0.5,0,26.887223,-0.0026208072,0,-4.2912371,1.0953399e-05,0
0.5,0,26.880566,-0.0026373782,0,-4.2820086,1.0738234e-05,0
0.5,0,26.875091,-0.0026223497,0,-4.2727801,1.0502109e-05,0
0.5,0,26.870777,-0.0025955911,0,-4.2635517,1.0243291e-05,0
0.5,0,26.867565,-0.0025730886,0,-4.2543232,9.9645924e-06,0
0.5,0,26.865397,-0.002558314,0,-4.2450947,9.6714167e-06,0
0.5,0,26.864217,-0.002540569,0,-4.2358663,9.3689867e-06,0
0.5,0,26.86395,-0.002501714,0,-4.2266378,9.0600041e-06,0
0.5,0,26.864476,-0.0024283561,0,-4.2174093,8.7437736e-06,0
0.5,0,26.86562,-0.0023212969,0,-4.2081809,8.4169825e-06,0
0.5,0,26.867158,-0.0021956884,0,-4.1989524,8.0754661e-06,0
0.5,0,26.868814,-0.0020733188,0,-4.1897239,7.7159314e-06,0
0.5,0,26.870278,-0.0019732193,0,-4.1804955,7.3368719e-06,0
0.5,0,26.871261,-0.0019067295,0,-4.171267,6.9385439e-06,0
0.5,0,26.87156,-0.0018803959,0,-4.1620385,6.522439e-06,0
0.5,0,26.871095,-0.0019015273,0,-4.1528101,6.0909682e-06,0
0.5,0,26.869854,-0.0019797777,0,-4.1435816,5.6477666e-06,0
0.5,0,26.867822,-0.0021201582,0,-4.1343531,5.1984007e-06,0
0.5,0,26.864966,-0.0023115394,0,-4.1251247,4.7508838e-06,0
0.5,0,26.862072,-0.0025595718,0,-4.1158962,4.3154945e-06,0
0.5,0,26.859606,-0.0028668897,0,-4.1066677,3.9039642e-06,0
0.5,0,26.857419,-0.0032070433,0,-4.0974393,3.5285272e-06,0
0.5,0,26.855815,-0.0035571672,0,-4.0882108,3.2012015e-06,0
0.5,0,26.854979,-0.0039004607,0,-4.0789823,2.9332822e-06,0
0.5,0,26.854983,-0.004226264,0,-4.0697539,2.7346869e-06,0
0.5,0,26.85581,-0.0045255094,0,-4.0605254,2.6126337e-06,0
0.5,0,26.857384,-0.0047849708,0,-4.0512969,2.5693654e-06,0
0.5,0,26.859598,-0.0049852079,0,-4.0420685,2.5993749e-06,0
0.5,0,26.86234,-0.0051038104,0,-4.03284,2.6874305e-06,0
0.5,0,26.865516,-0.0051201135,0,-4.0236115,2.8088988e-06,0
0.5,0,26.869073,-0.0050184305,0,-4.0143831,2.932927e-06,0
0.5,0,26.873005,-0.0047916009,0,-4.0051546,3.0276175e-06,0
0.5,0,26.877332,-0.0044468114,0,-3.9959261,3.0654849e-06,0
0.5,0,26.882072,-0.0040119616,0,-3.9866977,3.0276609e-06,0
0.5,0,26.887222,-0.0035358467,0,-3.9774692,2.9061538e-06,0
0.5,0,26.892748,-0.0030795178,0,-3.9682407,2.7041249e-06,0
0.5,0,26.89861,-0.0027045246,0,-3.9590123,2.4345576e-06,0
0.5,0,26.904785,-0.0024613469,0,-3.9497838,2.1179244e-06,0
0.5,0,26.911284,-0.0023806249,0,-3.9405553,1.7790737e-06,0
0.5,0,26.91818,-0.0024686121,0,-3.9313269,1.443587e-06,0
0.5,0,26.925623,-0.0027063919,0,-3.9220984,1.1344521e-06,0
0.5,0,26.933835,-0.0030542434,0,-3.9128699,8.6989332e-07,0
0.5,0,26.942999,-0.0034618148,0,-3.9036415,6.626075e-07,0
0.5,0,26.953035,-0.0038828906,0,-3.894413,5.1995673e-07,0
0.5,0,26.963361,-0.00428851,0,-3.8851845,4.4418845e-07,0
0.5,0,26.972782,-0.0046704302,0,-3.8759561,4.3200132e-07,0
0.5,0,26.979615,-0.0050310858,0,-3.8667276,4.7428616e-07,0
0.5,0,26.982043,-0.0053652355,0,-3.8574991,5.5766352e-07,0
0.5,0,26.978616,-0.0056489602,0,-3.8482707,6.6730953e-07,0
0.5,0,26.968772,-0.0058447344,0,-3.8390422,7.890497e-07,0
0.5,0,26.953052,-0.0059140956,0,-3.8298137,9.0992983e-07,0
0.5,0,26.932801,-0.0058314346,0,-3.8205853,1.0169392e-06,0
0.5,0,26.909545,-0.0055950651,0,-3.8113568,1.0943926e-06,0
0.5,0,26.884482,-0.0052181005,0,-3.8021283,1.1242605e-06,0
0.5,0,26.858394,-0.0047173231,0,-3.7928999,1.0918486e-06,0
0.5,0,26.831952,-0.0041347101,0,-3.7836714,9.9031952e-07,0
0.5,0,26.806134,-0.0035428258,0,-3.7744429,8.1910834e-07,0
0.5,0,26.782332,-0.0030367874,0,-3.7652145,5.8163808e-07,0
0.5,0,26.762079,-0.0028178971,0,-3.755986,2.8481921e-07,0
0.5,0,26.800708,-0.0081787806,0,-2.7777685,3.8460398e-07,0
0.5,0,26.803887,-0.0081234985,0,-2.76854,1.2226659e-06,0
0.5,0,26.804645,-0.0075891212,0,-2.7593116,2.0594775e-06,0
0.5,0,26.804043,-0.0069653104,0,-2.7500831,2.8865926e-06,0
0.5,0,26.803043,-0.0063944418,0,-2.7408546,3.7018845e-06,0
0.5,0,26.802043,-0.0059096276,0,-2.7316262,4.5026108e-06,0
0.5,0,26.801132,-0.0055209722,0,-2.7223977,5.2854086e-06,0
0.5,0,26.800361,-0.0051905849,0,-2.7131692,6.044678e-06,0
0.5,0,26.79982,-0.004834822,0,-2.7039408,6.7676567e-06,0
0.5,0,26.799652,-0.0044017656,0,-2.6947123,7.4356184e-06,0
0.5,0,26.800081,-0.0039251849,0,-2.6854838,8.0334984e-06,0
0.5,0,26.801449,-0.0034896223,0,-2.6762554,8.558207e-06,0
0.5,0,26.804174,-0.0031592799,0,-2.6670269,9.0182646e-06,0
0.5,0,26.808606,-0.002944276,0,-2.6577984,9.4272655e-06,0
0.5,0,26.814819,-0.0028121403,0,-2.64857,9.7974004e-06,0
0.5,0,26.82244,-0.0027115156,0,-2.6393415,1.0135959e-05,0
0.5,0,26.830632,-0.0025893472,0,-2.630113,1.0444291e-05,0
0.5,0,26.838308,-0.0024056676,0,-2.6208846,1.0718555e-05,0
0.5,0,26.844538,-0.0021490893,0,-2.6116561,1.0952239e-05,0
0.5,0,26.848944,-0.0018427141,0,-2.6024276,1.1139783e-05,0
0.5,0,26.851889,-0.0015338033,0,-2.5931992,1.1279485e-05,0
0.5,0,26.854303,-0.0012724514,0,-2.5839707,1.1374249e-05,0
0.5,0,26.85725,-0.0010900782,0,-2.5747422,1.143019e-05,0
0.5,0,26.861439,-0.00098823084,0,-2.5655138,1.145364e-05,0
0.5,0,26.866923,-0.00093988853,0,-2.5562853,1.1448146e-05,0
0.5,0,26.873128,-0.00090369311,0,-2.5470568,1.1413195e-05,0
0.5,0,26.879158,-0.00084541941,0,-2.5378284,1.1345196e-05,0
0.5,0,26.88422,-0.00075315768,0,-2.5285999,1.1240359e-05,0
0.5,0,26.887952,-0.00063905617,0,-2.5193714,1.1097914e-05,0
0.5,0,26.890553,-0.00052918298,0,-2.510143,1.0921936e-05,0
0.5,0,26.892692,-0.00044949332,0,-2.5009145,1.0721177e-05,0
0.5,0,26.895263,-0.00041611534,0,-2.491686,1.0507489e-05,0
0.5,0,26.89909,-0.00043252384,0,-2.4824576,1.0293792e-05,0
0.5,0,26.904683,-0.00049114056,0,-2.4732291,1.0092277e-05,0
0.5,0,26.912088,-0.00057640129,0,-2.4640006,9.9131686e-06,0
0.5,0,26.920869,-0.00066873124,0,-2.4547722,9.7641165e-06,0
0.5,0,26.930196,-0.00074952465,0,-2.4455437,9.6501972e-06,0
0.5,0,26.939036,-0.00080680044,0,-2.4363152,9.5743318e-06,0
0.5,0,26.946406,-0.00083824058,0,-2.4270868,9.5381123e-06,0
0.5,0,26.9516,-0.00084996443,0,-2.4178583,9.5427313e-06,0
0.5,0,26.954321,-0.00085299586,0,-2.4086298,9.5895061e-06,0
0.5,0,26.954683,-0.00085929716,0,-2.3994014,9.6799701e-06,0
0.5,0,26.953064,-0.00087935658,0,-2.3901729,9.8155715e-06,0
0.5,0,26.95001,-0.00092090351,0,-2.3809444,9.9972533e-06,0
0.5,0,26.945927,-0.00099203197,0,-2.371716,1.0224952e-05,0
0.5,0,26.941228,-0.0011003273,0,-2.3624875,1.049692e-05,0
0.5,0,26.936233,-0.0012417258,0,-2.353259,1.0808728e-05,0
0.5,0,26.931023,-0.0014039076,0,-2.3440306,1.115365e-05,0
0.5,0,26.925835,-0.0015759946,0,-2.3348021,1.1522473e-05,0
0.5,0,26.920888,-0.0017448262,0,-2.3255736,1.190308e-05,0
0.5,0,26.916323,-0.0018926172,0,-2.3163452,1.2281701e-05,0
0.5,0,26.912257,-0.0020046619,0,-2.3071167,1.2643958e-05,0
0.5,0,26.908753,-0.0020758774,0,-2.2978882,1.2976249e-05,0
0.5,0,26.905798,-0.0021080887,0,-2.2886598,1.3267022e-05,0
0.5,0,26.903327,-0.0021050054,0,-2.2794313,1.3507409e-05,0
0.5,0,26.901253,-0.0020686819,0,-2.2702028,1.3691328e-05,0
0.5,0,26.899495,-0.001998671,0,-2.2609744,1.3815181e-05,0
0.5,0,26.897995,-0.0018931168,0,-2.2517459,1.3877381e-05,0
0.5,0,26.896725,-0.0017505861,0,-2.2425174,1.387799e-05,0
0.5,0,26.895686,-0.0015727493,0,-2.233289,1.3818701e-05,0
0.5,0,26.894893,-0.0013671427,0,-2.2240605,1.3703097e-05,0
0.5,0,26.894345,-0.0011475721,0,-2.214832,1.3537041e-05,0
0.5,0,26.894032,-0.00093236228,0,-2.2056036,1.332893e-05,0
0.5,0,26.89395,-0.00074055589,0,-2.1963751,1.3089543e-05,0
0.5,0,26.894094,-0.00058641308,0,-2.1871466,1.2831252e-05,0
0.5,0,26.894454,-0.00047592172,0,-2.1779182,1.2566597e-05,0
0.5,0,26.895015,-0.00040648766,0,-2.1686897,1.230675e-05,0
0.5,0,26.895759,-0.00036852404,0,-2.1594612,1.2060317e-05,0
0.5,0,26.896673,-0.00034897173,0,-2.1502328,1.1832729e-05,0
0.5,0,26.89774,-0.0003372404,0,-2.1410043,1.1626472e-05,0
0.5,0,26.898947,-0.00033088328,0,-2.1317758,1.1442217e-05,0
0.5,0,26.900271,-0.00033733077,0,-2.1225474,1.1280432e-05,0
0.5,0,26.901669,-0.00037052894,0,-2.1133189,1.1142762e-05,0
0.5,0,26.903056,-0.00044420868,0,-2.1040904,1.1032578e-05,0
0.5,0,26.904302,-0.00056469454,0,-2.094862,1.0954475e-05,0
0.5,0,26.905231,-0.00072636144,0,-2.0856335,1.0912954e-05,0
0.5,0,26.905653,-0.00091198571,0,-2.076405,1.0910891e-05,0
0.5,0,26.905409,-0.0010979169,0,-2.0671766,1.0948522e-05,0
0.5,0,26.904426,-0.0012615789,0,-2.0579481,1.1023322e-05,0
0.5,0,26.902755,-0.0013878905,0,-2.0487196,1.1130653e-05,0
0.5,0,26.900586,-0.0014716243,0,-2.0394912,1.1264721e-05,0
0.5,0,26.898213,-0.0015145139,0,-2.0302627,1.1419372e-05,0
0.5,0,26.895974,-0.0015198726,0,-2.0210342,1.1588326e-05,0
0.5,0,26.894172,-0.0014878259,0,-2.0118058,1.1764944e-05,0
0.5,0,26.893001,-0.0014134348,0,-2.0025773,1.1941929e-05,0
0.5,0,26.8925,-0.0012894116,0,-1.9933488,1.2111261e-05,0
0.5,0,26.89255,-0.0011114787,0,-1.9841204,1.2264533e-05,0
0.5,0,26.892899,-0.00088315312,0,-1.9748919,1.2393747e-05,0
0.5,0,26.893222,-0.00061755648,0,-1.9656634,1.2492439e-05,0
0.5,0,26.893181,-0.00033540293,0,-1.956435,1.2556903e-05,0
0.5,0,26.892485,-6.0834746e-05,0,-1.9472065,1.2587242e-05,0
0.5,0,26.890921,0.00018241695,0,-1.937978,1.2587916e-05,0
0.5,0,26.888389,0.00037331294,0,-1.9287496,1.2567451e-05,0
0.5,0,26.884916,0.00049454696,0,-1.9195211,1.2537226e-05,0
0.5,0,26.880658,0.00053294076,0,-1.9102926,1.2509617e-05,0
0.5,0,26.87589,0.00048002712,0,-1.9010642,1.2496137e-05,0
0.5,0,26.87097,0.00033476932,0,-1.8918357,1.2506265e-05,0
0.5,0,26.866286,0.0001092295,0,-1.8826072,1.254751e-05,0
0.5,0,26.862181,-0.00016568807,0,-1.8733788,1.2626731e-05,0
0.5,0,26.858872,-0.00043959014,0,-1.8641503,1.2752004e-05,0
0.5,0,26.856414,-0.00065160792,0,-1.8549218,1.2933659e-05,0
0.5,0,26.854696,-0.0007507071,0,-1.8456934,1.3182933e-05,0
0.5,0,26.853502,-0.00072257154,0,-1.8364649,1.3507462e-05,0
0.5,0,26.85258,-0.00061009935,0,-1.8272364,1.3904477e-05,0
0.5,0,26.851736,-0.00051129235,0,-1.818008,1.4354403e-05,0
0.5,0,26.850886,-0.00054436482,0,-1.8087795,1.4818899e-05,0
0.5,0,26.850071,-0.00078499902,0,-1.799551,1.5247018e-05,0
0.5,0,26.84942,-0.0012004523,0,-1.7903226,1.5590505e-05,0
0.5,0,26.84908,-0.001618478,0,-1.7810941,1.5824751e-05,0
0.5,0,26.849146,-0.0017628397,0,-1.7718656,1.5967159e-05,0
0.5,0,26.849606,-0.0013600127,0,-1.7626372,1.6082708e-05,0
0.5,0,26.850327,-0.00028588438,0,-1.7534087,1.6269053e-05,0
0.5,0,26.851069,0.0013069609,0,-1.7441802,1.6620802e-05,0
0.5,0,26.851538,0.0029506438,0,-1.7349518,1.718284e-05,0
0.5,0,26.851487,0.0039663771,0,-1.7257233,1.7911562e-05,0
0.5,0,26.850812,0.0037146685,0,-1.7164948,1.8665535e-05,0
0.5,0,26.849597,0.0019131527,0,-1.7072664,1.9239455e-05,0
0.5,0,26.848065,-0.0011217079,0,-1.6980379,1.9437968e-05,0
0.5,0,26.846468,-0.0044528273,0,-1.6888094,1.9166033e-05,0
0.5,0,26.844974,-0.0067794492,0,-1.679581,1.8499811e-05,0
0.5,0,26.843624,-0.0068995461,0,-1.6703525,1.7703144e-05,0
0.5,0,26.842342,-0.0042052055,0,-1.661124,1.7170304e-05,0
0.5,0,26.84096,0.00097110351,0,-1.6518956,1.7301742e-05,0
0.5,0,26.839281,0.0072774095,0,-1.6426671,1.8347658e-05,0
0.5,0,26.83726,0.012610801,0,-1.6334386,2.0275931e-05,0
0.5,0,26.835265,0.014775953,0,-1.6242102,2.272497e-05,0
0.5,0,26.834176,0.012363527,0,-1.6149817,2.507634e-05,0
0.5,0,26.83513,0.0054471209,0,-1.6057532,2.6634119e-05,0
0.5,0,26.839023,-0.0042578676,0,-1.5965248,2.6853428e-05,0
0.5,0,26.846042,-0.013873398,0,-1.5872963,2.5539453e-05,0
0.5,0,26.855483,-0.020299685,0,-1.5780678,2.2948992e-05,0
0.5,0,26.865991,-0.021257999,0,-1.5688394,1.9760297e-05,0
0.5,0,26.876075,-0.016027908,0,-1.5596109,1.6913953e-05,0
0.5,0,26.884488,-0.0055854746,0,-1.5503824,1.5359869e-05,0
0.5,0,26.890115,0.0077402867,0,-1.541154,1.5773308e-05,0
0.5,0,26.89185,0.020682596,0,-1.5319255,1.8325916e-05,0
0.5,0,26.889139,0.029634232,0,-1.522697,2.2598873e-05,0
0.5,0,26.882697,0.03174131,0,-1.5134686,2.7678453e-05,0
0.5,0,26.874519,0.025967177,0,-1.5042401,3.2398467e-05,0
0.5,0,26.867214,0.013456894,0,-1.4950116,3.5640828e-05,0
0.5,0,26.863095,-0.0028085434,0,-1.4857832,3.6601948e-05,0
0.5,0,26.863295,-0.018893178,0,-1.4765547,3.4969464e-05,0
0.5,0,26.867227,-0.031056362,0,-1.4673262,3.099101e-05,0
0.5,0,26.872856,-0.036708933,0,-1.4580978,2.5430732e-05,0
0.5,0,26.877769,-0.034904435,0,-1.4488693,1.941981e-05,0
0.5,0,26.880585,-0.026365635,0,-1.4396408,1.4228845e-05,0
0.5,0,26.881619,-0.012966511,0,-1.4304124,1.1010222e-05,0
0.5,0,26.881795,0.003170987,0,-1.4211839,1.0558507e-05,0
0.5,0,26.8809,0.019851065,0,-1.4119554,1.3134809e-05,0
0.5,0,26.877759,0.034223182,0,-1.402727,1.840999e-05,0
0.5,0,26.872016,0.043238205,0,-1.3934985,2.5552435e-05,0
0.5,0,26.865023,0.044918676,0,-1.38427,3.3423726e-05,0
0.5,0,26.859345,0.038929759,0,-1.3750416,4.0805885e-05,0
0.5,0,26.85766,0.026512916,0,-1.3658131,4.6585305e-05,0
0.5,0,26.861337,0.010068878,0,-1.3565846,4.9878308e-05,0
0.5,0,26.869463,-0.0075956233,0,-1.3473562,5.0141012e-05,0
0.5,0,26.879212,-0.023918802,0,-1.3381277,4.7270829e-05,0
0.5,0,26.887246,-0.036791691,0,-1.3288992,4.1643364e-05,0
0.5,0,26.891069,-0.044568035,0,-1.3196708,3.4045157e-05,0
0.5,0,26.889662,-0.04624088,0,-1.3104423,2.5530355e-05,0
0.5,0,26.883568,-0.041759736,0,-1.3012138,1.7261495e-05,0
0.5,0,26.875058,-0.032250593,0,-1.2919854,1.0371999e-05,0
0.5,0,26.868184,-0.019657081,0,-1.2827569,5.8460925e-06,0
0.5,0,26.866737,-0.0051750058,0,-1.2735284,4.3901671e-06,0
0.5,0,26.870269,0.011381139,0,-1.2643,6.3037477e-06,0
0.5,0,26.873588,0.029093706,0,-1.2550715,1.1425391e-05,0
0.5,0,26.871414,0.044802316,0,-1.245843,1.9200008e-05,0
0.5,0,26.862419,0.055258434,0,-1.2366146,2.8814351e-05,0
0.5,0,26.849524,0.058638702,0,-1.2273861,3.9325517e-05,0
0.5,0,26.837595,0.054844111,0,-1.2181576,4.972777e-05,0
0.5,0,26.829884,0.045296834,0,-1.2089292,5.8977199e-05,0
0.5,0,26.825861,0.031879057,0,-1.1997007,6.6084348e-05,0
0.5,0,26.822488,0.015920293,0,-1.1904722,7.0293588e-05,0
0.5,0,26.817346,-0.0016609432,0,-1.1812438,7.1214902e-05,0
0.5,0,26.810511,-0.019591263,0,-1.1720153,6.8818161e-05,0
0.5,0,26.80409,-0.03601305,0,-1.1627868,6.3354818e-05,0
0.5,0,26.80055,-0.048982524,0,-1.1535583,5.530825e-05,0
0.5,0,26.801227,-0.057036857,0,-1.1443299,4.5377009e-05,0
0.5,0,26.805517,-0.05939311,0,-1.1351014,3.442606e-05,0
0.5,0,26.810824,-0.055890602,0,-1.1258729,2.3387846e-05,0
0.5,0,26.813519,-0.047151156,0,-1.1166445,1.317516e-05,0
0.5,0,26.812306,-0.036108272,0,-1.107416,4.6488399e-06,0
0.5,0,26.814909,0.018539577,0,-1.0705021,5.2850335e-07,0
0.5,0,26.812478,0.036667247,0,-1.0612737,8.0821546e-06,0
0.5,0,26.802138,0.053696363,0,-1.0520452,1.849011e-05,0
0.5,0,26.788799,0.065519847,0,-1.0428167,3.1168191e-05,0
0.5,0,26.780054,0.0715765,0,-1.0335883,4.5437021e-05,0
0.5,0,26.778535,0.072187356,0,-1.0243598,6.0474935e-05,0
0.5,0,26.78039,0.068172805,0,-1.0151313,7.5324675e-05,0
0.5,0,26.77856,0.060625062,0,-1.0059029,8.8957309e-05,0
0.5,0,26.768603,0.049915436,0,-0.99667441,0.0001004669,0
0.5,0,26.752045,0.036002599,0,-0.98744595,0.00010923349,0
0.5,0,26.734818,0.019383584,0,-0.97821748,0.00011489288,0
0.5,0,26.723167,0.0012093017,0,-0.96898901,0.00011719658,0
0.5,0,26.720323,-0.01720807,0,-0.95976055,0.0001159392,0
0.5,0,26.725515,-0.034581038,0,-0.95053208,0.00011101099,0
0.5,0,26.73517,-0.049595596,0,-0.94130361,0.00010249652,0
0.5,0,26.745259,-0.061224787,0,-0.93207515,9.0725777e-05,0
0.5,0,26.753197,-0.069133446,0,-0.92284668,7.6250827e-05,0
0.5,0,26.758225,-0.073524268,0,-0.91361821,5.9778785e-05,0
0.5,0,26.760232,-0.074439762,0,-0.90438975,4.2097073e-05,0
0.5,0,26.758093,-0.071209892,0,-0.89516128,2.4032296e-05,0
0.5,0,26.751597,-0.06510717,0,-0.88593281,6.4715722e-06,0
0.5,0,26.783314,0.070759683,0,-0.79364814,7.1921741e-06,0
0.5,0,26.776111,0.088908454,0,-0.78441968,2.8309636e-05,0
0.5,0,26.756434,0.10110401,0,-0.77519121,5.1785834e-05,0
0.5,0,26.737263,0.10784434,0,-0.76596274,7.6982709e-05,0
0.5,0,26.725572,0.10950238,0,-0.75673428,0.00010331335,0
0.5,0,26.718729,0.10790506,0,-0.74750581,0.00013002724,0
0.5,0,26.709499,0.1050131,0,-0.73827734,0.00015608201,0
0.5,0,26.694509,0.099683996,0,-0.72904888,0.00018046063,0
0.5,0,26.676815,0.089713159,0,-0.71982041,0.00020244613,0
0.5,0,26.661397,0.075170363,0,-0.71059194,0.00022151471,0
0.5,0,26.650449,0.05812072,0,-0.70136348,0.00023714457,0
0.5,0,26.642949,0.04052017,0,-0.69213501,0.00024880517,0
0.5,0,26.637129,0.023348465,0,-0.68290654,0.00025601781,0
0.5,0,26.632576,0.0066916055,0,-0.67367808,0.00025835926,0
0.5,0,26.630498,-0.010248057,0,-0.66444961,0.00025548039,0
0.5,0,26.632634,-0.028605733,0,-0.65522114,0.00024720767,0
0.5,0,26.639872,-0.048526362,0,-0.64599268,0.00023364357,0
0.5,0,26.651433,-0.068544683,0,-0.63676421,0.00021515844,0
0.5,0,26.665055,-0.086720833,0,-0.62753574,0.00019227417,0
0.5,0,26.67807,-0.10215467,0,-0.61830728,0.00016552964,0
0.5,0,26.68856,-0.11501984,0,-0.60907881,0.00013543834,0
0.5,0,26.695791,-0.12565374,0,-0.59985034,0.00010254446,0
0.5,0,26.699184,-0.13352517,0,-0.59062187,6.7441629e-05,0
0.5,0,26.696364,-0.13618586,0,-0.58139341,3.0751741e-05,0
0.5,0,26.689071,0.18429857,0,-0.39682407,2.068206e-05,0
0.5,0,26.675889,0.21035863,0,-0.38759561,8.237559e-05,0
0.5,0,26.662238,0.227187,0,-0.37836714,0.00014819701,0
0.5,0,26.651159,0.23866536,0,-0.36913867,0.00021775134,0
0.5,0,26.635266,0.24644776,0,-0.35991021,0.00029061687,0
0.5,0,26.610256,0.25441759,0,-0.35068174,0.00036589215,0
0.5,0,26.579539,0.2616113,0,-0.34145327,0.00044256229,0
0.5,0,26.550096,0.26436495,0,-0.3322248,0.00051999056,0
0.5,0,26.524899,0.26283403,0,-0.32299634,0.0005975969,0
0.5,0,26.501771,0.25926881,0,-0.31376787,0.00067447698,0
0.5,0,26.478213,0.254012,0,-0.3045394,0.00074953364,0
0.5,0,26.454688,0.2460899,0,-0.29531094,0.00082172188,0
0.5,0,26.433383,0.23517841,0,-0.28608247,0.00089008056,0
0.5,0,26.415565,0.22136774,0,-0.276854,0.0009537204,0
0.5,0,26.400651,0.2045164,0,-0.26762554,0.0010118849,0
0.5,0,26.386966,0.18484931,0,-0.25839707,0.001063953,0
0.5,0,26.372923,0.16331584,0,-0.2491686,0.0011093438,0
0.5,0,26.358009,0.14064038,0,-0.23994014,0.0011474614,0
0.5,0,26.343328,0.11641904,0,-0.23071167,0.001177746,0
0.5,0,26.331209,0.089675626,0,-0.2214832,0.0011997229,0
0.5,0,26.323818,0.060255762,0,-0.21225474,0.0012129572,0
0.5,0,26.321647,0.029369329,0,-0.20302627,0.0012169709,0
0.5,0,26.323198,-0.0012813262,0,-0.1937978,0.0012112576,0
0.5,0,26.326204,-0.030697755,0,-0.18456934,0.0011954173,0
0.5,0,26.329374,-0.058950888,0,-0.17534087,0.0011692826,0
0.5,0,26.333196,-0.086769141,0,-0.1661124,0.0011329085,0
0.5,0,26.339213,-0.11504393,0,-0.15688394,0.0010864433,0
0.5,0,26.348611,-0.14445894,0,-0.14765547,0.0010300104,0
0.5,0,26.361362,-0.17496533,0,-0.138427,0.00096371224,0
0.5,0,26.376414,-0.20534021,0,-0.12919854,0.00088775429,0
0.5,0,26.3926,-0.23369234,0,-0.11997007,0.00080257999,0
0.5,0,26.409509,-0.25904245,0,-0.1107416,0.00070887779,0
0.5,0,26.427948,-0.28220748,0,-0.10151313,0.00060742149,0
0.5,0,26.449285,-0.3040751,0,-0.092284668,0.00049893036,0
0.5,0,26.47445,-0.32418273,0,-0.083056201,0.00038416076,0
0.5,0,26.502488,-0.3419635,0,-0.073827734,0.00026396022,0
0.5,0,26.53059,-0.354955,0,-0.064599268,0.000139238,0
0.5,0,26.54984,-0.35646254,0,-0.055370801,1.1076981e-05,0
0.5,0,26.57478,-0.16332698,0,0.0092284668,-0.00078527261,0
0.5,0,26.572171,-0.10773352,0,0.018456934,-0.00082734562,0
0.5,0,26.56733,-0.083687366,0,0.0276854,-0.00085787861,0
0.5,0,26.564883,-0.068307897,0,0.036913867,-0.00088166466,0
0.5,0,26.565245,-0.056674976,0,0.046142334,-0.00090023505,0
0.5,0,26.565949,-0.048176246,0,0.055370801,-0.00091439515,0
0.5,0,26.56506,-0.041781945,0,0.064599268,-0.00092472392,0
0.5,0,26.563206,-0.03644716,0,0.073827734,-0.00093169552,0
0.5,0,26.562692,-0.031334031,0,0.083056201,-0.00093579335,0
0.5,0,26.565042,-0.02616278,0,0.092284668,-0.00093749754,0
0.5,0,26.569596,-0.021131856,0,0.10151313,-0.00093722063,0
0.5,0,26.574104,-0.016471464,0,0.1107416,-0.00093528474,0
0.5,0,26.576435,-0.012231422,0,0.11997007,-0.00093194135,0
0.5,0,26.575825,-0.0084233302,0,0.12919854,-0.00092738532,0
0.5,0,26.572871,-0.0051187736,0,0.138427,-0.00092175312,0
0.5,0,26.568604,-0.0023169368,0,0.14765547,-0.0009151359,0
0.5,0,26.563662,0.0001743263,0,0.15688394,-0.00090761804,0
0.5,0,26.558155,0.0026035298,0,0.1661124,-0.00089930847,0
0.5,0,26.552122,0.0050004619,0,0.17534087,-0.00089033085,0
0.5,0,26.545966,0.0070625817,0,0.18456934,-0.0008807792,0
0.5,0,26.540471,0.0083328061,0,0.1937978,-0.00087067918,0
0.5,0,26.536483,0.0085311479,0,0.20302627,-0.00085998993,0
0.5,0,26.53458,0.007799974,0,0.21225474,-0.00084864995,0
0.5,0,26.534928,0.0067014601,0,0.2214832,-0.00083664053,0
0.5,0,26.537294,0.0059623903,0,0.23071167,-0.00082402909,0
0.5,0,26.541094,0.0061094337,0,0.23994014,-0.00081096637,0
0.5,0,26.545479,0.0072082242,0,0.2491686,-0.00079763908,0
0.5,0,26.54949,0.0088619338,0,0.25839707,-0.00078420677,0
0.5,0,26.552303,0.010462271,0,0.26762554,-0.00077076041,0
0.5,0,26.553433,0.011526281,0,0.276854,-0.00075732398,0
0.5,0,26.552829,0.011912525,0,0.28608247,-0.00074389092,0
0.5,0,26.5508,0.011811948,0,0.29531094,-0.00073046653,0
0.5,0,26.547867,0.011563203,0,0.3045394,-0.00071708803,0
0.5,0,26.544607,0.011435387,0,0.31376787,-0.00070381296,0
0.5,0,26.541539,0.011503114,0,0.32299634,-0.00069068756,0
0.5,0,26.539041,0.011652487,0,0.3322248,-0.00067771712,0
0.5,0,26.537299,0.011680861,0,0.34145327,-0.00066485558,0
0.5,0,26.536289,0.011425295,0,0.35068174,-0.00065202067,0
0.5,0,26.535834,0.010858762,0,0.35991021,-0.00063912871,0
0.5,0,26.535731,0.010107521,0,0.36913867,-0.00062613382,0
0.5,0,26.535911,0.0093752416,0,0.37836714,-0.00061305311,0
0.5,0,26.536535,0.0088164584,0,0.38759561,-0.00059996441,0
0.5,0,26.537936,0.0084469518,0,0.39682407,-0.00058697782,0
0.5,0,26.54042,0.0081617109,0,0.40605254,-0.00057419713,0
0.5,0,26.544019,0.0078493102,0,0.41528101,-0.00056169266,0
0.5,0,26.54835,0.0075102857,0,0.42450947,-0.00054949682,0
0.5,0,26.552675,0.0072814324,0,0.43373794,-0.00053761731,0
0.5,0,26.556175,0.0073428794,0,0.44296641,-0.00052605202,0
0.5,0,26.558313,0.0077753843,0,0.45219487,-0.00051479256,0
0.5,0,26.559092,0.0084687087,0,0.46142334,-0.00050381562,0
0.5,0,26.559051,0.0091406615,0,0.47065181,-0.00049307216,0
0.5,0,26.559017,0.0094523717,0,0.47988027,-0.00048248626,0
0.5,0,26.559738,0.0091525938,0,0.48910874,-0.00047196923,0
0.5,0,26.561597,0.0081786637,0,0.49833721,-0.00046144426,0
0.5,0,26.564521,0.0066728663,0,0.50756567,-0.00045087054,0
0.5,0,26.568095,0.004918494,0,0.51679414,-0.00044025604,0
0.5,0,26.571808,0.0032351607,0,0.52602261,-0.00042965384,0
0.5,0,26.575287,0.0018833653,0,0.53525107,-0.00041914518,0
0.5,0,26.578427,0.0010143831,0,0.54447954,-0.00040881764,0
0.5,0,26.581361,0.00067110434,0,0.55370801,-0.00039874771,0
0.5,0,26.584337,0.00081824439,0,0.56293647,-0.00038899169,0
0.5,0,26.587565,0.0013725277,0,0.57216494,-0.00037958342,0
0.5,0,26.591123,0.0022148063,0,0.58139341,-0.00037053356,0
0.5,0,26.594973,0.003186627,0,0.59062188,-0.00036182726,0
0.5,0,26.59903,0.0040890575,0,0.59985034,-0.00035342056,0
0.5,0,26.603362,0.0047019548,0,0.60907881,-0.00034523996,0
0.5,0,26.608195,0.0048200572,0,0.61830728,-0.0003371901,0
0.5,0,26.614047,0.0043082767,0,0.62753574,-0.00032917205,0
0.5,0,26.621494,0.0031708572,0,0.63676421,-0.00032110719,0
0.5,0,26.630888,0.0015787942,0,0.64599268,-0.0003129573,0
0.5,0,26.642322,-0.00017642916,0,0.65522114,-0.00030473413,0
0.5,0,26.655366,-0.0017759057,0,0.66444961,-0.00029649599,0
0.5,0,26.669089,-0.0029694752,0,0.67367808,-0.0002883332,0
0.5,0,26.682245,-0.0036461768,0,0.68290654,-0.00028034638,0
0.5,0,26.693597,-0.0037884812,0,0.69213501,-0.00027262197,0
0.5,0,26.702241,-0.0034385986,0,0.70136348,-0.00026520876,0
0.5,0,26.707888,-0.002720284,0,0.71059194,-0.00025810671,0
0.5,0,26.710232,-0.0018165071,0,0.71982041,-0.00025129385,0
0.5,0,26.709778,-0.00093940583,0,0.72904888,-0.00024472991,0
0.5,0,26.70797,-0.00019007191,0,0.73827734,-0.00023833586,0
0.5,0,26.705603,0.0003235462,0,0.74750581,-0.0002320224,0
0.5,0,26.703139,0.00034717238,0,0.75673428,-0.0002257118,0
0.5,0,26.701027,-0.00028060993,0,0.76596274,-0.00021933576,0
0.5,0,26.699582,-0.0015093646,0,0.77519121,-0.00021284618,0
0.5,0,26.698945,-0.003141164,0,0.78441968,-0.00020622626,0
0.5,0,26.699146,-0.0048942184,0,0.79364814,-0.00019949437,0
0.5,0,26.700142,-0.0064692574,0,0.80287661,-0.00019270737,0
0.5,0,26.701808,-0.0076260431,0,0.81210508,-0.00018595861,0
0.5,0,26.703921,-0.0082294241,0,0.82133354,-0.00017936359,0
0.5,0,26.706168,-0.0082512076,0,0.83056201,-0.00017303216,0
0.5,0,26.708193,-0.0077522209,0,0.83979048,-0.00016703439,0
0.5,0,26.709677,-0.0068711369,0,0.84901895,-0.00016137387,0
0.5,0,26.710433,-0.00582036,0,0.85824741,-0.00015598205,0
0.5,0,26.710448,-0.0048649109,0,0.86747588,-0.00015073852,0
0.5,0,26.709871,-0.0042639514,0,0.87670435,-0.00014550888,0
0.5,0,26.708945,-0.0041885843,0,0.88593281,-0.00014018284,0
0.5,0,26.707902,-0.0046631582,0,0.89516128,-0.00013469759,0
0.5,0,26.706885,-0.0055739519,0,0.90438975,-0.0001290418,0
0.5,0,26.705913,-0.0067421047,0,0.91361821,-0.00012324711,0
0.5,0,26.704916,-0.008006025,0,0.92284668,-0.00011737609,0
0.5,0,26.70381,-0.0092492997,0,0.93207515,-0.00011151072,0
0.5,0,26.702567,-0.010360033,0,0.94130361,-0.00010573769,0
0.5,0,26.70123,-0.011179837,0,0.95053208,-0.00010012752,0
0.5,0,26.699874,-0.011517367,0,0.95976055,-9.4711968e-05,0
0.5,0,26.698532,-0.011238973,0,0.96898901,-8.9470785e-05,0
0.5,0,26.69716,-0.010373263,0,0.97821748,-8.4336348e-05,0
0.5,0,26.695657,-0.0091567134,0,0.98744595,-7.9215594e-05,0
0.5,0,26.693955,-0.0079925349,0,0.99667441,-7.4021072e-05,0
0.5,0,26.692079,-0.0073268898,0,1.0059029,-6.8699294e-05,0
0.5,0,26.690136,-0.007468778,0,1.0151313,-6.3243349e-05,0
0.5,0,26.688247,-0.0084290289,0,1.0243598,-5.7681711e-05,0
0.5,0,26.686492,-0.0098774312,0,1.0335883,-5.2048257e-05,0
0.5,0,26.684875,-0.011266233,0,1.0428167,-4.6351135e-05,0
0.5,0,26.683354,-0.012138797,0,1.0520452,-4.0564118e-05,0
0.5,0,26.682039,-0.012502908,0,1.0612737,-3.4662564e-05,0
0.5,0,26.681095,-0.012741765,0,1.0705021,-2.8684083e-05,0
0.5,0,26.680396,-0.012946386,0,1.0797306,-2.2722297e-05,0
0.5,0,26.679965,-0.012909751,0,1.0889591,-1.6837575e-05,0
0.5,0,26.680345,-0.012908789,0,1.0981875,-1.1037586e-05,0
0.5,0,26.682531,-0.014535436,0,1.107416,-5.3302383e-06,0
0.5,0,26.687707,-0.017091856,0,1.1162407,-2.5804012e-15,0
0.5,0,26.787643,-0.0030714284,0,5.6478217,-1.8181704e-07,0
0.5,0,26.792183,-0.0027981669,0,5.6410619,-2.5804012e-15,0
0.5,0,26.781456,-0.0034067875,0,5.6570501,-4.3291164e-07,0
0.5,0,26.774923,-0.0036646143,0,5.6662786,-6.8032491e-07,0
0.5,0,26.767754,-0.0038841005,0,5.6755071,-9.1949998e-07,0
0.5,0,26.76032,-0.0040678367,0,5.6847355,-1.1497028e-06,0
0.5,0,26.753544,-0.0042221262,0,5.693964,-1.372143e-06,0
0.5,0,26.748408,-0.0043560235,0,5.7031925,-1.5879349e-06,0
0.5,0,26.74546,-0.0044730206,0,5.7124209,-1.7980328e-06,0
0.5,0,26.744656,-0.0045745963,0,5.7216494,-2.0035462e-06,0
0.5,0,26.745532,-0.0046627492,0,5.7308779,-2.2053439e-06,0
0.5,0,26.747513,-0.0047380637,0,5.7401063,-2.4036153e-06,0
0.5,0,26.75013,-0.0047988105,0,5.7493348,-2.5977544e-06,0
0.5,0,26.753084,-0.0048419834,0,5.7585633,-2.7864013e-06,0
0.5,0,26.7562,-0.0048634074,0,5.7677917,-2.9677041e-06,0
0.5,0,26.759349,-0.0048570199,0,5.7770202,-3.1399599e-06,0
0.5,0,26.76241,-0.0048167281,0,5.7862487,-3.302334e-06,0
0.5,0,26.765256,-0.0047409201,0,5.7954771,-3.4550808e-06,0
0.5,0,26.767779,-0.004635274,0,5.8047056,-3.5990902e-06,0
0.5,0,26.769907,-0.0045110192,0,5.8139341,-3.7351751e-06,0
0.5,0,26.771623,-0.0043804605,0,5.8231625,-3.8636559e-06,0
0.5,0,26.772968,-0.0042535284,0,5.832391,-3.9844393e-06,0
0.5,0,26.774022,-0.0041372011,0,5.8416195,-4.0973953e-06,0
0.5,0,26.77488,-0.0040362779,0,5.8508479,-4.2027822e-06,0
0.5,0,26.77561,-0.0039535011,0,5.8600764,-4.3015651e-06,0
0.5,0,26.77624,-0.0038884989,0,5.8693049,-4.3954361e-06,0
0.5,0,26.776727,-0.0038380722,0,5.8785333,-4.4864417e-06,0
0.5,0,26.776994,-0.0037990291,0,5.8877618,-4.5764643e-06,0
0.5,0,26.776966,-0.0037712422,0,5.8969903,-4.6669427e-06,0
0.5,0,26.776618,-0.0037578911,0,5.9062187,-4.7588781e-06,0
0.5,0,26.775988,-0.0037617031,0,5.9154472,-4.852876e-06,0
0.5,0,26.775092,-0.0037834627,0,5.9246757,-4.9491638e-06,0
0.5,0,26.773932,-0.0038240657,0,5.9339042,-5.0475741e-06,0
0.5,0,26.772469,-0.0038846136,0,5.9431326,-5.1474546e-06,0
0.5,0,26.770567,-0.0039654874,0,5.9523611,-5.2476235e-06,0
0.5,0,26.768025,-0.0040674029,0,5.9615896,-5.3462677e-06,0
0.5,0,26.764682,-0.0041920695,0,5.970818,-5.4407179e-06,0
0.5,0,26.760516,-0.0043381548,0,5.9800465,-5.5276213e-06,0
0.5,0,26.755701,-0.0044979962,0,5.989275,-5.6038084e-06,0
0.5,0,26.750584,-0.0046612785,0,5.9985034,-5.6672792e-06,0
0.5,0,26.74562,-0.0048194437,0,6.0077319,-5.7176127e-06,0
0.5,0,26.741246,-0.0049676306,0,6.0169604,-5.7556734e-06,0
0.5,0,26.737763,-0.0051055266,0,6.0261888,-5.7830372e-06,0
0.5,0,26.735268,-0.0052352972,0,6.0354173,-5.8015665e-06,0
0.5,0,26.73366,-0.0053588578,0,6.0446458,-5.8131165e-06,0
0.5,0,26.732709,-0.0054764327,0,6.0538742,-5.8192844e-06,0
0.5,0,26.732148,-0.0055850999,0,6.0631027,-5.8214308e-06,0
0.5,0,26.731749,-0.0056781288,0,6.0723312,-5.8210213e-06,0
0.5,0,26.731373,-0.0057456648,0,6.0815596,-5.8200411e-06,0
0.5,0,26.730975,-0.0057768872,0,6.0907881,-5.821185e-06,0
0.5,0,26.730582,-0.0057631737,0,6.1000166,-5.8276201e-06,0
0.5,0,26.730248,-0.005701041,0,6.109245,-5.8423677e-06,0
0.5,0,26.730014,-0.0055934074,0,6.1184735,-5.8675016e-06,0
0.5,0,26.729886,-0.005449006,0,6.127702,-5.903438e-06,0
0.5,0,26.729832,-0.0052832329,0,6.1369304,-5.9487524e-06,0
0.5,0,26.729815,-0.0051219469,0,6.1461589,-6.0012324e-06,0
0.5,0,26.729795,-0.0049885229,0,6.1553874,-6.0593942e-06,0
0.5,0,26.72978,-0.0048750085,0,6.1646158,-6.1209912e-06,0
0.5,0,26.72969,-0.0047592568,0,6.1738443,-6.1790732e-06,0
0.5,0,26.729575,-0.0046465764,0,6.1830728,-6.2245838e-06,0
0.5,0,26.729543,-0.0045740252,0,6.1923012,-6.2531506e-06,0
0.5,0,26.729446,-0.0045532937,0,6.2015297,-6.263291e-06,0
0.5,0,26.729184,-0.0045519715,0,6.2107582,-6.2516305e-06,0
0.5,0,26.728809,-0.0045548245,0,6.2199866,-6.2133974e-06,0
0.5,0,26.728383,-0.0045636008,0,6.2292151,-6.1443672e-06,0
0.5,0,26.727913,-0.0045671795,0,6.2384436,-6.0428313e-06,0
0.5,0,26.727389,-0.0045550101,0,6.247672,-5.9107787e-06,0
0.5,0,26.726811,-0.0045256817,0,6.2569005,-5.7531877e-06,0
0.5,0,26.726175,-0.0044789528,0,6.266129,-5.5767896e-06,0
0.5,0,26.725492,-0.0044159091,0,6.2753574,-5.3889879e-06,0
0.5,0,26.724796,-0.004343119,0,6.2845859,-5.1967097e-06,0
0.5,0,26.724133,-0.0042712872,0,6.2938144,-5.0053941e-06,0
0.5,0,26.723516,-0.0042108275,0,6.3030428,-4.8184417e-06,0
0.5,0,26.722939,-0.0041683397,0,6.3122713,-4.6372809e-06,0
0.5,0,26.722434,-0.0041450154,0,6.3214998,-4.4620535e-06,0
0.5,0,26.722077,-0.0041367962,0,6.3307282,-4.2926763e-06,0
0.5,0,26.721933,-0.0041362714,0,6.3399567,-4.1298421e-06,0
0.5,0,26.722018,-0.0041364335,0,6.3491852,-3.9755267e-06,0
0.5,0,26.722303,-0.0041351332,0,6.3584136,-3.8327335e-06,0
0.5,0,26.72274,-0.0041376323,0,6.3676421,-3.7045821e-06,0
0.5,0,26.723271,-0.0041552799,0,6.3768706,-3.5932228e-06,0
0.5,0,26.72384,-0.0042010005,0,6.386099,-3.4991077e-06,0
0.5,0,26.724398,-0.0042841805,0,6.3953275,-3.4208837e-06,0
0.5,0,26.724903,-0.0044070528,0,6.404556,-3.3558783e-06,0
0.5,0,26.725334,-0.0045633431,0,6.4137844,-3.3009943e-06,0
0.5,0,26.725685,-0.0047392861,0,6.4230129,-3.2537528e-06,0
0.5,0,26.725962,-0.0049168131,0,6.4322414,-3.2131727e-06,0
0.5,0,26.726171,-0.0050779522,0,6.4414698,-3.1802401e-06,0
0.5,0,26.726329,-0.0052087494,0,6.4506983,-3.1578908e-06,0
0.5,0,26.726462,-0.0053015948,0,6.4599268,-3.1505772e-06,0
0.5,0,26.726613,-0.0053559371,0,6.4691552,-3.1635436e-06,0
0.5,0,26.726832,-0.0053773997,0,6.4783837,-3.2019304e-06,0
0.5,0,26.727166,-0.005375452,0,6.4876122,-3.2698937e-06,0
0.5,0,26.727645,-0.0053607243,0,6.4968406,-3.3699532e-06,0
0.5,0,26.728281,-0.0053430681,0,6.5060691,-3.5027173e-06,0
0.5,0,26.729053,-0.0053306401,0,6.5152976,-3.6669865e-06,0
0.5,0,26.729913,-0.0053293535,0,6.524526,-3.8601145e-06,0
0.5,0,26.730782,-0.0053420052,0,6.5337545,-4.0785237e-06,0
0.5,0,26.73157,-0.0053676203,0,6.542983,-4.3183085e-06,0
0.5,0,26.732196,-0.0054019013,0,6.5522114,-4.5758492e-06,0
0.5,0,26.732602,-0.0054385283,0,6.5614399,-4.8483101e-06,0
0.5,0,26.732772,-0.0054701986,0,6.5706684,-5.1338659e-06,0
0.5,0,26.732735,-0.0054890223,0,6.5798968,-5.4315244e-06,0
0.5,0,26.732569,-0.0054873791,0,6.5891253,-5.7405724e-06,0
0.5,0,26.732378,-0.005460554,0,6.5983538,-6.0599413e-06,0
0.5,0,26.732268,-0.0054102953,0,6.6075822,-6.3879011e-06,0
0.5,0,26.732311,-0.0053460681,0,6.6168107,-6.7222369e-06,0
0.5,0,26.732537,-0.0052816626,0,6.6260392,-7.0606042e-06,0
0.5,0,26.732941,-0.0052288867,0,6.6352676,-7.4006339e-06,0
0.5,0,26.733494,-0.0051944923,0,6.6444961,-7.7398573e-06,0
0.5,0,26.734162,-0.0051801382,0,6.6537246,-8.0760505e-06,0
0.5,0,26.734909,-0.0051807568,0,6.662953,-8.4065157e-06,0
0.5,0,26.735697,-0.0051890987,0,6.6721815,-8.7290291e-06,0
0.5,0,26.736482,-0.0052000325,0,6.68141,-9.0431092e-06,0
0.5,0,26.737201,-0.005207114,0,6.6906384,-9.3491276e-06,0
0.5,0,26.73777,-0.005203472,0,6.6998669,-9.647856e-06,0
0.5,0,26.738106,-0.0051854591,0,6.7090954,-9.9398333e-06,0
0.5,0,26.738141,-0.0051539982,0,6.7183238,-1.0224879e-05,0
0.5,0,26.737812,-0.0051147825,0,6.7275523,-1.0501858e-05,0
0.5,0,26.737082,-0.0050772025,0,6.7367808,-1.0768726e-05,0
0.5,0,26.735999,-0.0050520875,0,6.7460092,-1.1022825e-05,0
0.5,0,26.734691,-0.0050486996,0,6.7552377,-1.1261316e-05,0
0.5,0,26.733301,-0.005072093,0,6.7644662,-1.1481622e-05,0
0.5,0,26.73193,-0.0051220664,0,6.7736946,-1.1681765e-05,0
0.5,0,26.730643,-0.0051938921,0,6.7829231,-1.1860526e-05,0
0.5,0,26.729493,-0.0052795704,0,6.7921516,-1.2017368e-05,0
0.5,0,26.72852,-0.0053683203,0,6.80138,-1.2152121e-05,0
0.5,0,26.727734,-0.0054483897,0,6.8106085,-1.2264665e-05,0
0.5,0,26.727115,-0.0055102771,0,6.819837,-1.2354875e-05,0
0.5,0,26.726626,-0.0055486726,0,6.8290654,-1.2422796e-05,0
0.5,0,26.726245,-0.00556343,0,6.8382939,-1.246892e-05,0
0.5,0,26.725984,-0.0055594715,0,6.8475224,-1.2494424e-05,0
0.5,0,26.725908,-0.0055449018,0,6.8567508,-1.250129e-05,0
0.5,0,26.726121,-0.0055282119,0,6.8659793,-1.2492294e-05,0
0.5,0,26.726737,-0.0055158633,0,6.8752078,-1.2470834e-05,0
0.5,0,26.727825,-0.0055112841,0,6.8844362,-1.2440571e-05,0
0.5,0,26.729347,-0.0055147043,0,6.8936647,-1.2404968e-05,0
0.5,0,26.731111,-0.0055229241,0,6.9028932,-1.236691e-05,0
0.5,0,26.732787,-0.0055295618,0,6.9121216,-1.2328485e-05,0
0.5,0,26.733966,-0.0055261405,0,6.9213501,-1.2290991e-05,0
0.5,0,26.734287,-0.0055040776,0,6.9305786,-1.2255088e-05,0
0.5,0,26.73356,-0.0054571712,0,6.939807,-1.2221099e-05,0
0.5,0,26.73185,-0.0053835354,0,6.9490355,-1.2189394e-05,0
0.5,0,26.729467,-0.0052866539,0,6.958264,-1.2160806e-05,0
0.5,0,26.726878,-0.0051746142,0,6.9674924,-1.2136933e-05,0
0.5,0,26.724556,-0.0050576174,0,6.9767209,-1.2120211e-05,0
0.5,0,26.722841,-0.004947138,0,6.9859494,-1.211361e-05,0
0.5,0,26.721867,-0.0048499869,0,6.9951778,-1.2120035e-05,0
0.5,0,26.721565,-0.0047685882,0,7.0044063,-1.2141726e-05,0
0.5,0,26.721742,-0.0047063797,0,7.0136348,-1.2179564e-05,0
0.5,0,26.722176,-0.0046668264,0,7.0228632,-1.2232894e-05,0
0.5,0,26.722692,-0.0046517662,0,7.0320917,-1.2299629e-05,0
0.5,0,26.723192,-0.004658311,0,7.0413202,-1.2376062e-05,0
0.5,0,26.723649,-0.0046805457,0,7.0505486,-1.2456842e-05,0
0.5,0,26.724053,-0.0047142872,0,7.0597771,-1.2535331e-05,0
0.5,0,26.724507,-0.0047572571,0,7.0690056,-1.2604297e-05,0
0.5,0,26.724752,-0.004816268,0,7.078234,-1.2656782e-05,0
0.5,0,26.725148,-0.0048808637,0,7.0874625,-1.2686423e-05,0
0.5,0,26.7255,-0.0049415344,0,7.096691,-1.2689165e-05,0
0.5,0,26.725533,-0.0050249909,0,7.1059194,-1.2663155e-05,0
0.5,0,26.725693,-0.0051318893,0,7.1151479,-1.2607516e-05,0
0.5,0,26.7258,-0.0052399334,0,7.1243764,-1.2523501e-05,0
0.5,0,26.7259,-0.0053417067,0,7.1336048,-1.2414587e-05,0
0.5,0,26.725986,-0.0054294071,0,7.1428333,-1.2285972e-05,0
0.5,0,26.726037,-0.0054928286,0,7.1520618,-1.2143937e-05,0
0.5,0,26.726086,-0.0055239901,0,7.1612902,-1.1994776e-05,0
0.5,0,26.726191,-0.0055167888,0,7.1705187,-1.1844071e-05,0
0.5,0,26.726406,-0.0054669107,0,7.1797472,-1.1696673e-05,0
0.5,0,26.726762,-0.0053752883,0,7.1889756,-1.1556978e-05,0
0.5,0,26.72726,-0.0052516301,0,7.1982041,-1.1429064e-05,0
0.5,0,26.727859,-0.0051128463,0,7.2074326,-1.1316532e-05,0
0.5,0,26.728476,-0.0049766402,0,7.216661,-1.1222082e-05,0
0.5,0,26.728997,-0.0048555185,0,7.2258895,-1.1147156e-05,0
0.5,0,26.729316,-0.0047551692,0,7.235118,-1.1091836e-05,0
0.5,0,26.729371,-0.0046770455,0,7.2443464,-1.1054906e-05,0
0.5,0,26.729157,-0.0046214783,0,7.2535749,-1.10339e-05,0
0.5,0,26.728716,-0.0045879932,0,7.2628034,-1.102513e-05,0
0.5,0,26.728106,-0.0045739038,0,7.2720318,-1.1023833e-05,0
0.5,0,26.727375,-0.0045727284,0,7.2812603,-1.1024469e-05,0
0.5,0,26.726544,-0.0045765732,0,7.2904888,-1.1021289e-05,0
0.5,0,26.725609,-0.0045808176,0,7.2997172,-1.1008974e-05,0
0.5,0,26.724559,-0.0045846212,0,7.3089457,-1.0983196e-05,0
0.5,0,26.723388,-0.0045888794,0,7.3181742,-1.0941064e-05,0
0.5,0,26.722113,-0.004594814,0,7.3274026,-1.0881233e-05,0
0.5,0,26.72078,-0.0046035893,0,7.3366311,-1.080376e-05,0
0.5,0,26.71946,-0.0046156424,0,7.3458596,-1.0709956e-05,0
0.5,0,26.71824,-0.0046295788,0,7.355088,-1.0602267e-05,0
0.5,0,26.717198,-0.0046416,0,7.3643165,-1.048414e-05,0
0.5,0,26.716388,-0.0046460544,0,7.373545,-1.0359851e-05,0
0.5,0,26.715822,-0.0046365636,0,7.3827734,-1.0234289e-05,0
0.5,0,26.715476,-0.0046074333,0,7.3920019,-1.0112728e-05,0
0.5,0,26.715282,-0.0045549523,0,7.4012304,-1.0000546e-05,0
0.5,0,26.715143,-0.0044783421,0,7.4104588,-9.9028234e-06,0
0.5,0,26.714956,-0.0043805231,0,7.4196873,-9.8238336e-06,0
0.5,0,26.714635,-0.0042682854,0,7.4289158,-9.7664706e-06,0
0.5,0,26.714087,-0.0041521618,0,7.4381442,-9.7317235e-06,0
0.5,0,26.713174,-0.0040455746,0,7.4473727,-9.7184148e-06,0
0.5,0,26.711733,-0.0039631982,0,7.4566012,-9.7232791e-06,0
0.5,0,26.709677,-0.0039185181,0,7.4658296,-9.7413673e-06,0
0.5,0,26.707075,-0.0039207417,0,7.4750581,-9.7668013e-06,0
0.5,0,26.704176,-0.0039723369,0,7.4842866,-9.793684e-06,0
0.5,0,26.701352,-0.0040674721,0,7.493515,-9.8169775e-06,0
0.5,0,26.699034,-0.004192173,0,7.5027435,-9.8332499e-06,0
0.5,0,26.697648,-0.0043269536,0,7.511972,-9.8411564e-06,0
0.5,0,26.697545,-0.0044501494,0,7.5212004,-9.8415792e-06,0
0.5,0,26.698929,-0.0045416306,0,7.5304289,-9.8373664e-06,0
0.5,0,26.701797,-0.0045868852,0,7.5396574,-9.8326278e-06,0
0.5,0,26.705924,-0.0045794852,0,7.5488858,-9.8318192e-06,0
0.5,0,26.710899,-0.0045226856,0,7.5581143,-9.8387391e-06,0
0.5,0,26.716218,-0.0044289572,0,7.5673428,-9.855667e-06,0
0.5,0,26.721383,-0.0043173871,0,7.5765712,-9.8829458e-06,0
0.5,0,26.725992,-0.0042106122,0,7.5857997,-9.9189627e-06,0
0.5,0,26.729793,-0.0041305806,0,7.5950282,-9.9604555e-06,0
0.5,0,26.732688,-0.0040939383,0,7.6042566,-1.0003021e-05,0
0.5,0,26.734711,-0.0041087809,0,7.6134851,-1.0041721e-05,0
0.5,0,26.735982,-0.0041735063,0,7.6227136,-1.0071683e-05,0
0.5,0,26.736668,-0.004277874,0,7.631942,-1.0088627e-05,0
0.5,0,26.736958,-0.0044059924,0,7.6411705,-1.0089291e-05,0
0.5,0,26.737039,-0.0045399984,0,7.650399,-1.007169e-05,0
0.5,0,26.737098,-0.0046637434,0,7.6596274,-1.0035142e-05,0
0.5,0,26.737302,-0.0047654745,0,7.6688559,-9.9800505e-06,0
0.5,0,26.737792,-0.0048390904,0,7.6780844,-9.9076221e-06,0
0.5,0,26.738656,-0.0048845299,0,7.6873128,-9.8195987e-06,0
0.5,0,26.739926,-0.0049073275,0,7.6965413,-9.7180283e-06,0
0.5,0,26.741584,-0.004917323,0,7.7057698,-9.6049937e-06,0
0.5,0,26.74358,-0.0049262022,0,7.7149982,-9.4822579e-06,0
0.5,0,26.745866,-0.0049438207,0,7.7242267,-9.3509091e-06,0
0.5,0,26.748414,-0.0049744633,0,7.7334552,-9.211182e-06,0
0.5,0,26.75122,-0.0050151022,0,7.7426836,-9.0625787e-06,0
0.5,0,26.754291,-0.005056861,0,7.7519121,-8.9042794e-06,0
0.5,0,26.757618,-0.0050890276,0,7.7611406,-8.7357041e-06,0
0.5,0,26.761149,-0.0051035726,0,7.770369,-8.557052e-06,0
0.5,0,26.764775,-0.0050981136,0,7.7795975,-8.3696873e-06,0
0.5,0,26.768335,-0.0050763973,0,7.788826,-8.1763051e-06,0
0.5,0,26.771646,-0.0050462318,0,7.7980544,-7.9808161e-06,0
0.5,0,26.774548,-0.0050153293,0,7.8072829,-7.7879016e-06,0
0.5,0,26.776939,-0.0049873422,0,7.8165114,-7.6022457e-06,0
0.5,0,26.778797,-0.0049617953,0,7.8257398,-7.427789e-06,0
0.5,0,26.78018,-0.0049372396,0,7.8349683,-7.2675153e-06,0
0.5,0,26.781219,-0.0049128708,0,7.8441968,-7.1236912e-06,0
0.5,0,26.782082,-0.0048874384,0,7.8534252,-6.998092e-06,0
0.5,0,26.782928,-0.0048582706,0,7.8626537,-6.8920504e-06,0
0.5,0,26.783867,-0.0048224763,0,7.8718822,-6.8063927e-06,0
0.5,0,26.784933,-0.0047788711,0,7.8811106,-6.7412631e-06,0
0.5,0,26.786098,-0.0047285878,0,7.8903391,-6.6959608e-06,0
0.5,0,26.78729,-0.0046750143,0,7.8995676,-6.6689616e-06,0
0.5,0,26.788423,-0.0046233765,0,7.908796,-6.6580049e-06,0
0.5,0,26.789412,-0.0045793389,0,7.9180245,-6.6600898e-06,0
0.5,0,26.790183,-0.0045475372,0,7.927253,-6.6714836e-06,0
0.5,0,26.790676,-0.0045307241,0,7.9364814,-6.6878469e-06,0
0.5,0,26.790858,-0.0045293033,0,7.9457099,-6.7044363e-06,0
0.5,0,26.79073,-0.0045413133,0,7.9549384,-6.7163185e-06,0
0.5,0,26.790333,-0.0045634961,0,7.9641668,-6.7185985e-06,0
0.5,0,26.789737,-0.004592967,0,7.9733953,-6.706813e-06,0
0.5,0,26.78903,-0.0046287761,0,7.9826238,-6.6775067e-06,0
0.5,0,26.788299,-0.0046718867,0,7.9918522,-6.628789e-06,0
0.5,0,26.787627,-0.0047228368,0,8.0010807,-6.5605523e-06,0
0.5,0,26.787074,-0.0047792477,0,8.0103092,-6.4740868e-06,0
0.5,0,26.786665,-0.004835121,0,8.0195376,-6.3712256e-06,0
0.5,0,26.786378,-0.0048828692,0,8.0287661,-6.2534919e-06,0
0.5,0,26.786167,-0.0049169879,0,8.0379946,-6.1217177e-06,0
0.5,0,26.785994,-0.0049368773,0,8.047223,-5.9762868e-06,0
0.5,0,26.785838,-0.0049469674,0,8.0564515,-5.8177697e-06,0
0.5,0,26.785699,-0.0049543287,0,8.06568,-5.6475348e-06,0
0.5,0,26.785599,-0.004965459,0,8.0749084,-5.4680176e-06,0
0.5,0,26.785581,-0.0049839833,0,8.0841369,-5.2825875e-06,0
0.5,0,26.785688,-0.005009913,0,8.0933654,-5.0951431e-06,0
0.5,0,26.785934,-0.0050402283,0,8.1025938,-4.9095999e-06,0
0.5,0,26.786302,-0.0050703954,0,8.1118223,-4.7293862e-06,0
0.5,0,26.786756,-0.0050965326,0,8.1210508,-4.5570595e-06,0
0.5,0,26.787256,-0.0051174386,0,8.1302792,-4.3941324e-06,0
0.5,0,26.787759,-0.005134843,0,8.1395077,-4.2410653e-06,0
0.5,0,26.788199,-0.0051508557,0,8.1487362,-4.0972015e-06,0
0.5,0,26.788494,-0.0051640391,0,8.1579646,-3.960423e-06,0
0.5,0,26.788585,-0.0051679525,0,8.1671931,-3.8266628e-06,0
0.5,0,26.788496,-0.0051550262,0,8.1764216,-3.6898694e-06,0
0.5,0,26.788357,-0.0051238321,0,8.18565,-3.5430205e-06,0
0.5,0,26.788351,-0.0050836662,0,8.1948785,-3.3801086e-06,0
0.5,0,26.788608,-0.0050517116,0,8.204107,-3.1981148e-06,0
0.5,0,26.789119,-0.0050444436,0,8.2133354,-2.9977593e-06,0
0.5,0,26.789738,-0.0050702386,0,8.2225639,-2.7825982e-06,0
0.5,0,26.79027,-0.0051285223,0,8.2317924,-2.55717e-06,0
0.5,0,26.790544,-0.0052135296,0,8.2410208,-2.325404e-06,0
0.5,0,26.79045,-0.0053157214,0,8.2502493,-2.0897545e-06,0
0.5,0,26.789841,-0.0054232171,0,8.2594778,-1.850731e-06,0
0.5,0,26.788464,-0.0055259091,0,8.2687062,-1.6075068e-06,0
0.5,0,26.786097,-0.005590478,0,8.2779347,-1.3604584e-06,0
0.5,0,26.784423,-0.0056435489,0,8.2871632,-1.1128008e-06,0
0.5,0,26.784128,-0.0057104053,0,8.2963917,-8.6730226e-07,0
0.5,0,26.784055,-0.0057557138,0,8.3056201,-6.2157426e-07,0
0.5,0,26.783906,-0.0058043307,0,8.3148486,-3.6908004e-07,0
0.5,0,26.783365,-0.0059250275,0,8.3240771,-1.0295906e-07,0
0.5,0,26.782999,-0.005960102,0,8.3274332,-2.5804012e-15,0
0.5,0,26.766859,-0.0015114132,0,8.6563019,-5.9285844e-08,0
0.5,0,26.766937,-0.0014832409,0,8.6547368,-2.5804012e-15,0
0.5,0,26.76754,-0.0017444572,0,8.6655303,-3.7723039e-07,0
0.5,0,26.769147,-0.0019475336,0,8.6747588,-6.5079878e-07,0
0.5,0,26.7713,-0.0021932276,0,8.6839873,-8.7071813e-07,0
0.5,0,26.773798,-0.0025418339,0,8.6932157,-1.0295541e-06,0
0.5,0,26.776595,-0.0029632678,0,8.7024442,-1.1209616e-06,0
0.5,0,26.779756,-0.0034076791,0,8.7116727,-1.141783e-06,0
0.5,0,26.783489,-0.0038574756,0,8.7209011,-1.0967547e-06,0
0.5,0,26.788167,-0.0043228601,0,8.7301296,-9.9926883e-07,0
0.5,0,26.794212,-0.0047905676,0,8.7393581,-8.6309145e-07,0
0.5,0,26.801779,-0.0052280769,0,8.7485865,-6.9241036e-07,0
0.5,0,26.810508,-0.0056406581,0,8.757815,-4.838593e-07,0
0.5,0,26.819694,-0.0060828774,0,8.7670435,-2.3543355e-07,0
0.5,0,26.827176,-0.0064789689,0,8.7746133,-2.5804012e-15,0
0.5,0,26.875122,-0.0015167325,0,9.0438975,-1.2653118e-07,0
0.5,0,26.880563,-0.0011864425,0,9.0365524,-2.5804012e-15,0
0.5,0,26.868776,-0.0019109006,0,9.0531259,-2.1496808e-07,0
0.5,0,26.86261,-0.0022642402,0,9.0623544,-2.3405566e-07,0
0.5,0,26.856564,-0.0026485078,0,9.0715829,-1.918106e-07,0
0.5,0,26.850875,-0.0031240655,0,9.0808113,-9.540425e-08,0
0.5,0,26.847754,-0.0034616436,0,9.0868208,-2.5804012e-15,0
0.5,0,26.781807,-0.00362216,0,10.197456,-4.6077091e-08,0
0.5,0,26.784572,-0.0035900502,0,10.195147,-2.5804012e-15,0
0.5,0,26.773195,-0.0037759495,0,10.206684,-2.6431773e-07,0
0.5,0,26.766712,-0.003859097,0,10.215913,-5.1215303e-07,0
0.5,0,26.762104,-0.0038967565,0,10.225141,-7.8308432e-07,0
0.5,0,26.758326,-0.0039102185,0,10.23437,-1.0720483e-06,0
0.5,0,26.754854,-0.0039000679,0,10.243598,-1.3763701e-06,0
0.5,0,26.751585,-0.0038834304,0,10.252827,-1.6928537e-06,0
0.5,0,26.748562,-0.0038878942,0,10.262055,-2.0149237e-06,0
0.5,0,26.745838,-0.0039304057,0,10.271284,-2.3332412e-06,0
0.5,0,26.74341,-0.0040106111,0,10.280512,-2.638269e-06,0
0.5,0,26.741199,-0.0041192627,0,10.28974,-2.9222547e-06,0
0.5,0,26.73908,-0.0042450518,0,10.298969,-3.179918e-06,0
0.5,0,26.736923,-0.0043760142,0,10.308197,-3.4083694e-06,0
0.5,0,26.734646,-0.0045002949,0,10.317426,-3.6070279e-06,0
0.5,0,26.732252,-0.0046051559,0,10.326654,-3.7776901e-06,0
0.5,0,26.729847,-0.0046774369,0,10.335883,-3.924584e-06,0
0.5,0,26.727628,-0.004708042,0,10.345111,-4.0539509e-06,0
0.5,0,26.725842,-0.0046970236,0,10.35434,-4.1728707e-06,0
0.5,0,26.724713,-0.0046539223,0,10.363568,-4.28772e-06,0
0.5,0,26.724371,-0.0045925634,0,10.372797,-4.4030498e-06,0
0.5,0,26.724811,-0.0045246177,0,10.382025,-4.5213434e-06,0
0.5,0,26.7259,-0.0044565594,0,10.391254,-4.6435044e-06,0
0.5,0,26.727441,-0.0043913141,0,10.400482,-4.769571e-06,0
0.5,0,26.729243,-0.004332214,0,10.409711,-4.8991903e-06,0
0.5,0,26.731182,-0.0042859509,0,10.418939,-5.0316742e-06,0
0.5,0,26.73322,-0.004269536,0,10.428167,-5.1660329e-06,0
0.5,0,26.735389,-0.0042900778,0,10.437396,-5.3014914e-06,0
0.5,0,26.737738,-0.0043378071,0,10.446624,-5.4364722e-06,0
0.5,0,26.740347,-0.0043118252,0,10.455853,-5.5576968e-06,0
0.5,0,26.742613,-0.0042809089,0,10.465081,-5.6575021e-06,0
0.5,0,26.744393,-0.0043931129,0,10.47431,-5.7471637e-06,0
0.5,0,26.745958,-0.0044865155,0,10.483538,-5.8320326e-06,0
0.5,0,26.746878,-0.0044811231,0,10.492767,-5.9080305e-06,0
0.5,0,26.746978,-0.00445713,0,10.501995,-5.9735782e-06,0
0.5,0,26.746393,-0.0044187367,0,10.511224,-6.0326856e-06,0
0.5,0,26.745429,-0.0043667405,0,10.520452,-6.0921555e-06,0
0.5,0,26.74444,-0.0043170118,0,10.529681,-6.1580231e-06,0
0.5,0,26.743716,-0.0042693307,0,10.538909,-6.2327661e-06,0
0.5,0,26.74341,-0.0042225998,0,10.548138,-6.3146285e-06,0
0.5,0,26.743541,-0.0041891494,0,10.557366,-6.399613e-06,0
0.5,0,26.743988,-0.0041835569,0,10.566594,-6.4839754e-06,0
0.5,0,26.744552,-0.0042088166,0,10.575823,-6.5649313e-06,0
0.5,0,26.745154,-0.0042581355,0,10.585051,-6.640132e-06,0
0.5,0,26.745839,-0.0043220783,0,10.59428,-6.7074455e-06,0
0.5,0,26.746526,-0.0043927131,0,10.603508,-6.7653208e-06,0
0.5,0,26.74703,-0.0044645173,0,10.612737,-6.8131511e-06,0
0.5,0,26.747296,-0.0045335002,0,10.621965,-6.851344e-06,0
0.5,0,26.747439,-0.0045966916,0,10.631194,-6.8812153e-06,0
0.5,0,26.747588,-0.0046505402,0,10.640422,-6.9049842e-06,0
0.5,0,26.747829,-0.0046894162,0,10.649651,-6.9259042e-06,0
0.5,0,26.748228,-0.0047088216,0,10.658879,-6.9478926e-06,0
0.5,0,26.748846,-0.0047093123,0,10.668108,-6.9743793e-06,0
0.5,0,26.749681,-0.0046944464,0,10.677336,-7.0073645e-06,0
0.5,0,26.750602,-0.0046682177,0,10.686565,-7.0474705e-06,0
0.5,0,26.751307,-0.0046379091,0,10.695793,-7.0942979e-06,0
0.5,0,26.751335,-0.0046153689,0,10.705021,-7.1464548e-06,0
0.5,0,26.750132,-0.0046107245,0,10.71425,-7.2018373e-06,0
0.5,0,26.7472,-0.0046254094,0,10.723478,-7.2585746e-06,0
0.5,0,26.742274,-0.0046525571,0,10.732707,-7.3159507e-06,0
0.5,0,26.735474,-0.0046816425,0,10.741935,-7.3746387e-06,0
0.5,0,26.727353,-0.0047030175,0,10.751164,-7.4363055e-06,0
0.5,0,26.718815,-0.0047114,0,10.760392,-7.5031101e-06,0
0.5,0,26.710926,-0.0047067013,0,10.769621,-7.5772995e-06,0
0.5,0,26.70465,-0.004693375,0,10.778849,-7.6605844e-06,0
0.5,0,26.700616,-0.0046786273,0,10.788078,-7.7535596e-06,0
0.5,0,26.699005,-0.0046697149,0,10.797306,-7.855451e-06,0
0.5,0,26.69959,-0.0046719246,0,10.806535,-7.9641875e-06,0
0.5,0,26.701859,-0.0046876621,0,10.815763,-8.076873e-06,0
0.5,0,26.705168,-0.0047164785,0,10.824992,-8.1903661e-06,0
0.5,0,26.708903,-0.0047558444,0,10.83422,-8.3017278e-06,0
0.5,0,26.712589,-0.0048024054,0,10.843448,-8.4085528e-06,0
0.5,0,26.715909,-0.0048532067,0,10.852677,-8.5091956e-06,0
0.5,0,26.718645,-0.0049065937,0,10.861905,-8.6028768e-06,0
0.5,0,26.720616,-0.0049613608,0,10.871134,-8.6895886e-06,0
0.5,0,26.721651,-0.005013861,0,10.880362,-8.7697551e-06,0
0.5,0,26.721621,-0.0050575263,0,10.889591,-8.8437911e-06,0
0.5,0,26.720501,-0.0050873778,0,10.898819,-8.9119021e-06,0
0.5,0,26.718419,-0.0051055748,0,10.908048,-8.9743612e-06,0
0.5,0,26.715639,-0.0051178761,0,10.917276,-9.0318189e-06,0
0.5,0,26.712524,-0.0051282667,0,10.926505,-9.0851992e-06,0
0.5,0,26.709453,-0.0051353346,0,10.935733,-9.1353698e-06,0
0.5,0,26.706794,-0.0051492132,0,10.944962,-9.1831056e-06,0
0.5,0,26.704571,-0.0051672947,0,10.95419,-9.2276183e-06,0
0.5,0,26.702988,-0.0051623694,0,10.963419,-9.2672445e-06,0
0.5,0,26.702068,-0.0051513801,0,10.972647,-9.3008579e-06,0
0.5,0,26.701422,-0.0051620167,0,10.981875,-9.3276707e-06,0
0.5,0,26.701035,-0.0051797103,0,10.991104,-9.3478037e-06,0
0.5,0,26.700746,-0.0051906134,0,11.000332,-9.3603159e-06,0
0.5,0,26.700754,-0.00520605,0,11.009561,-9.3664991e-06,0
0.5,0,26.700857,-0.0052125069,0,11.018789,-9.3677533e-06,0
0.5,0,26.700803,-0.0051996149,0,11.028018,-9.3633018e-06,0
0.5,0,26.700822,-0.005183871,0,11.037246,-9.3549998e-06,0
0.5,0,26.700777,-0.0051642227,0,11.046475,-9.3455999e-06,0
0.5,0,26.700662,-0.0051396129,0,11.055703,-9.3370885e-06,0
0.5,0,26.700519,-0.0051135864,0,11.064932,-9.3305772e-06,0
0.5,0,26.70035,-0.0050881466,0,11.07416,-9.3262944e-06,0
0.5,0,26.700164,-0.0050641956,0,11.083389,-9.3235845e-06,0
0.5,0,26.699979,-0.0050429389,0,11.092617,-9.3209745e-06,0
0.5,0,26.699811,-0.0050260774,0,11.101846,-9.3165579e-06,0
0.5,0,26.69967,-0.0050153493,0,11.111074,-9.3085744e-06,0
0.5,0,26.699562,-0.0050114845,0,11.120302,-9.2956631e-06,0
0.5,0,26.699485,-0.0050130707,0,11.129531,-9.2766033e-06,0
0.5,0,26.699435,-0.0050183314,0,11.138759,-9.2499413e-06,0
0.5,0,26.699408,-0.0050278577,0,11.147988,-9.2140523e-06,0
0.5,0,26.69939,-0.0050445428,0,11.157216,-9.1676456e-06,0
0.5,0,26.699382,-0.0050704851,0,11.166445,-9.1102104e-06,0
0.5,0,26.6994,-0.0051037126,0,11.175673,-9.0421298e-06,0
0.5,0,26.699443,-0.0051386255,0,11.184902,-8.9644011e-06,0
0.5,0,26.699506,-0.005168256,0,11.19413,-8.8781176e-06,0
0.5,0,26.699565,-0.0051882469,0,11.203359,-8.7842711e-06,0
0.5,0,26.699628,-0.0051972271,0,11.212587,-8.6837748e-06,0
0.5,0,26.699703,-0.0051933024,0,11.221816,-8.5774139e-06,0
0.5,0,26.699776,-0.0051813814,0,11.231044,-8.4660405e-06,0
0.5,0,26.699902,-0.0051703271,0,11.240273,-8.3504067e-06,0
0.5,0,26.700114,-0.0051614959,0,11.249501,-8.2305e-06,0
0.5,0,26.700379,-0.0051531754,0,11.258729,-8.1055189e-06,0
0.5,0,26.700648,-0.0051454694,0,11.267958,-7.9745668e-06,0
0.5,0,26.700891,-0.0051385669,0,11.277186,-7.8373176e-06,0
0.5,0,26.70109,-0.0051303975,0,11.286415,-7.6943609e-06,0
0.5,0,26.701226,-0.005116577,0,11.295643,-7.5473744e-06,0
0.5,0,26.701303,-0.0050931096,0,11.304872,-7.3990438e-06,0
0.5,0,26.701335,-0.0050590207,0,11.3141,-7.2526002e-06,0
0.5,0,26.701312,-0.0050167508,0,11.323329,-7.1111576e-06,0
0.5,0,26.70119,-0.0049712241,0,11.332557,-6.9770931e-06,0
0.5,0,26.700974,-0.0049287359,0,11.341786,-6.8515928e-06,0
0.5,0,26.700754,-0.0048956897,0,11.351014,-6.734462e-06,0
0.5,0,26.700643,-0.0048771802,0,11.360243,-6.6242708e-06,0
0.5,0,26.700687,-0.0048757882,0,11.369471,-6.5188016e-06,0
0.5,0,26.700852,-0.0048908888,0,11.3787,-6.4156694e-06,0
0.5,0,26.701078,-0.004918519,0,11.387928,-6.312935e-06,0
0.5,0,26.701312,-0.0049517505,0,11.397156,-6.2095473e-06,0
0.5,0,26.701519,-0.0049813858,0,11.406385,-6.1054903e-06,0
0.5,0,26.701675,-0.0049971883,0,11.415613,-6.0015912e-06,0
0.5,0,26.701764,-0.0049907731,0,11.424842,-5.8991225e-06,0
0.5,0,26.701785,-0.0049602362,0,11.43407,-5.7995905e-06,0
0.5,0,26.701751,-0.0049119808,0,11.443299,-5.7047654e-06,0
0.5,0,26.701684,-0.0048564497,0,11.452527,-5.6164469e-06,0
0.5,0,26.701606,-0.0048028023,0,11.461756,-5.5359595e-06,0
0.5,0,26.701528,-0.0047574671,0,11.470984,-5.4638816e-06,0
0.5,0,26.70144,-0.0047239462,0,11.480213,-5.4001086e-06,0
0.5,0,26.701316,-0.0047015374,0,11.489441,-5.3440399e-06,0
0.5,0,26.701113,-0.0046853875,0,11.49867,-5.2948079e-06,0
0.5,0,26.700786,-0.0046687861,0,11.507898,-5.2515566e-06,0
0.5,0,26.700294,-0.0046448335,0,11.517127,-5.2136873e-06,0
0.5,0,26.699617,-0.0046082337,0,11.526355,-5.1810844e-06,0
0.5,0,26.698774,-0.0045582812,0,11.535583,-5.1542254e-06,0
0.5,0,26.69783,-0.0044997348,0,11.544812,-5.1339779e-06,0
0.5,0,26.696882,-0.0044407028,0,11.55404,-5.1212787e-06,0
0.5,0,26.696024,-0.0043896694,0,11.563269,-5.1169422e-06,0
0.5,0,26.695322,-0.0043529934,0,11.572497,-5.1215313e-06,0
0.5,0,26.6948,-0.0043334826,0,11.581726,-5.1352358e-06,0
0.5,0,26.69446,-0.0043303845,0,11.590954,-5.1577812e-06,0
0.5,0,26.69428,-0.0043403012,0,11.600183,-5.1884297e-06,0
0.5,0,26.694218,-0.0043585355,0,11.609411,-5.2261638e-06,0
0.5,0,26.694227,-0.0043796184,0,11.61864,-5.2699599e-06,0
0.5,0,26.694261,-0.0043964185,0,11.627868,-5.3188457e-06,0
0.5,0,26.694289,-0.0044001211,0,11.637097,-5.3715644e-06,0
0.5,0,26.694289,-0.0043846777,0,11.646325,-5.4263261e-06,0
0.5,0,26.694247,-0.0043535357,0,11.655554,-5.4814224e-06,0
0.5,0,26.694158,-0.0043193278,0,11.664782,-5.5365557e-06,0
0.5,0,26.694022,-0.0042927464,0,11.67401,-5.5934306e-06,0
0.5,0,26.693851,-0.0042719835,0,11.683239,-5.6545672e-06,0
0.5,0,26.693666,-0.0042462767,0,11.692467,-5.7214218e-06,0
0.5,0,26.693487,-0.0042089267,0,11.701696,-5.7937707e-06,0
0.5,0,26.693354,-0.0041636254,0,11.710924,-5.8706244e-06,0
0.5,0,26.693328,-0.0041194239,0,11.720153,-5.9511691e-06,0
0.5,0,26.693399,-0.0040833998,0,11.729381,-6.0346717e-06,0
0.5,0,26.69347,-0.004058482,0,11.73861,-6.1197826e-06,0
0.5,0,26.69352,-0.0040453826,0,11.747838,-6.2041598e-06,0
0.5,0,26.693645,-0.0040440235,0,11.757067,-6.2846249e-06,0
0.5,0,26.693922,-0.004053482,0,11.766295,-6.3576239e-06,0
0.5,0,26.694314,-0.0040717069,0,11.775524,-6.4197929e-06,0
0.5,0,26.694748,-0.0040960228,0,11.784752,-6.4685429e-06,0
0.5,0,26.695181,-0.0041247726,0,11.793981,-6.5024289e-06,0
0.5,0,26.695608,-0.0041592994,0,11.803209,-6.5209639e-06,0
0.5,0,26.696024,-0.0042039108,0,11.812437,-6.5240775e-06,0
0.5,0,26.696421,-0.004262892,0,11.821666,-6.5116263e-06,0
0.5,0,26.696783,-0.0043381909,0,11.830894,-6.4830576e-06,0
0.5,0,26.697097,-0.0044302997,0,11.840123,-6.4369566e-06,0
0.5,0,26.697359,-0.0045394329,0,11.849351,-6.3705342e-06,0
0.5,0,26.697574,-0.0046644591,0,11.85858,-6.2795623e-06,0
0.5,0,26.697756,-0.0048017559,0,11.867808,-6.1589974e-06,0
0.5,0,26.697913,-0.0049458872,0,11.877037,-6.00405e-06,0
0.5,0,26.69805,-0.0050912052,0,11.886265,-5.8112615e-06,0
0.5,0,26.698161,-0.0052325567,0,11.895494,-5.5793424e-06,0
0.5,0,26.698235,-0.0053649193,0,11.904722,-5.3096593e-06,0
0.5,0,26.698254,-0.0054830293,0,11.913951,-5.0062717e-06,0
0.5,0,26.698203,-0.005581539,0,11.923179,-4.6754979e-06,0
0.5,0,26.698074,-0.0056554915,0,11.932408,-4.3251421e-06,0
0.5,0,26.697874,-0.005700978,0,11.941636,-3.9636093e-06,0
0.5,0,26.697627,-0.0057156532,0,11.950865,-3.599151e-06,0
0.5,0,26.69737,-0.0056987035,0,11.960093,-3.2393946e-06,0
0.5,0,26.697145,-0.005650485,0,11.969321,-2.8911543e-06,0
0.5,0,26.696982,-0.0055722312,0,11.97855,-2.5604557e-06,0
0.5,0,26.696897,-0.0054657945,0,11.987778,-2.252725e-06,0
0.5,0,26.69688,-0.0053335953,0,11.997007,-1.973074e-06,0
0.5,0,26.696903,-0.0051789844,0,12.006235,-1.7265771e-06,0
0.5,0,26.696935,-0.0050066471,0,12.015464,-1.5184401e-06,0
0.5,0,26.696953,-0.0048226111,0,12.024692,-1.3539421e-06,0
0.5,0,26.696955,-0.0046338182,0,12.033921,-1.2380525e-06,0
0.5,0,26.696954,-0.0044474264,0,12.043149,-1.1747603e-06,0
0.5,0,26.696965,-0.0042700855,0,12.052378,-1.1662676e-06,0
0.5,0,26.696994,-0.0041073933,0,12.061606,-1.2122502e-06,0
0.5,0,26.697039,-0.0039638763,0,12.070835,-1.3093493e-06,0
0.5,0,26.697094,-0.0038435814,0,12.080063,-1.4510412e-06,0
0.5,0,26.697157,-0.0037511031,0,12.089292,-1.6279991e-06,0
0.5,0,26.697228,-0.003692333,0,12.09852,-1.8289242e-06,0
0.5,0,26.697305,-0.0036736272,0,12.107748,-2.0416419e-06,0
0.5,0,26.69738,-0.0036990012,0,12.116977,-2.2540967e-06,0
0.5,0,26.69744,-0.0037667105,0,12.126205,-2.4549194e-06,0
0.5,0,26.697468,-0.0038677373,0,12.135434,-2.6335232e-06,0
0.5,0,26.697454,-0.0039879075,0,12.144662,-2.7800489e-06,0
0.5,0,26.697409,-0.0041128266,0,12.153891,-2.8856053e-06,0
0.5,0,26.697366,-0.0042327713,0,12.163119,-2.9430099e-06,0
0.5,0,26.697382,-0.0043451371,0,12.172348,-2.9478352e-06,0
0.5,0,26.69752,-0.0044540629,0,12.181576,-2.8993603e-06,0
0.5,0,26.69783,-0.0045682898,0,12.190805,-2.8010765e-06,0
0.5,0,26.698347,-0.004696829,0,12.200033,-2.660512e-06,0
0.5,0,26.699089,-0.0048421556,0,12.209262,-2.4881015e-06,0
0.5,0,26.700066,-0.0049945323,0,12.21849,-2.2950128e-06,0
0.5,0,26.701269,-0.0051336632,0,12.227719,-2.0906322e-06,0
0.5,0,26.702667,-0.0052395764,0,12.236947,-1.8810696e-06,0
0.5,0,26.704222,-0.0053047939,0,12.246175,-1.6696068e-06,0
0.5,0,26.705934,-0.0053365438,0,12.255404,-1.4584751e-06,0
0.5,0,26.707892,-0.0053478502,0,12.264632,-1.2502135e-06,0
0.5,0,26.710318,-0.0053496146,0,12.273861,-1.0477172e-06,0
0.5,0,26.71359,-0.0053507392,0,12.283089,-8.5385976e-07,0
0.5,0,26.718156,-0.005354565,0,12.292318,-6.7121567e-07,0
0.5,0,26.724347,-0.0053486633,0,12.301546,-5.0065401e-07,0
0.5,0,26.732216,-0.0053184676,0,12.310775,-3.3902634e-07,0
0.5,0,26.741562,-0.0052965151,0,12.320003,-1.7981869e-07,0
0.5,0,26.752012,-0.005303876,0,12.329232,-1.6798509e-08,0
0.5,0,26.75309,-0.0052958473,0,12.330147,-2.5804012e-15,0
0.5,0,26.806276,-0.0039345093,0,12.439973,-2.4531702e-09,0
0.5,0,26.806257,-0.0039207019,0,12.439719,-2.5804012e-15,0
0.5,0,26.807011,-0.0043996289,0,12.449202,-5.2178597e-08,0
0.5,0,26.807719,-0.0048325797,0,12.45843,-4.8479864e-08,0
0.5,0,26.808201,-0.0051579891,0,12.465063,-2.5804012e-15,0
0.5,0,26.75625,-0.0024366961,0,12.799883,-2.2475962e-07,0
0.5,0,26.763195,-0.0021486875,0,12.79284,-2.5804012e-15,0
0.5,0,26.748604,-0.0028871594,0,12.809112,-5.0650265e-07,0
0.5,0,26.742154,-0.0032946737,0,12.81834,-7.499711e-07,0
0.5,0,26.736563,-0.0036827352,0,12.827569,-9.394807e-07,0
0.5,0,26.731561,-0.0040344734,0,12.836797,-1.0696737e-06,0
0.5,0,26.726925,-0.0043327379,0,12.846026,-1.1423065e-06,0
0.5,0,26.722517,-0.0045540929,0,12.855254,-1.1651758e-06,0
0.5,0,26.718318,-0.0046684504,0,12.864483,-1.1525864e-06,0
0.5,0,26.71441,-0.0046570279,0,12.873711,-1.1241121e-06,0
0.5,0,26.710893,-0.0045304012,0,12.88294,-1.1005724e-06,0
0.5,0,26.707803,-0.0043300226,0,12.892168,-1.0988078e-06,0
0.5,0,26.705086,-0.0041126632,0,12.901397,-1.12772e-06,0
0.5,0,26.702662,-0.003930421,0,12.910625,-1.1871382e-06,0
0.5,0,26.700506,-0.0038180663,0,12.919854,-1.26931e-06,0
0.5,0,26.698672,-0.0037902531,0,12.929082,-1.3618334e-06,0
0.5,0,26.69723,-0.0038436412,0,12.93831,-1.4506943e-06,0
0.5,0,26.696192,-0.0039616841,0,12.947539,-1.5228594e-06,0
0.5,0,26.69548,-0.0041200944,0,12.956767,-1.5683082e-06,0
0.5,0,26.694967,-0.0042918858,0,12.965996,-1.5813329e-06,0
0.5,0,26.694537,-0.0044513908,0,12.975224,-1.5609509e-06,0
0.5,0,26.694123,-0.0045776204,0,12.984453,-1.5105647e-06,0
0.5,0,26.693703,-0.004657011,0,12.993681,-1.4371994e-06,0
0.5,0,26.69328,-0.0046833922,0,13.00291,-1.3503253e-06,0
0.5,0,26.692872,-0.004658051,0,13.012138,-1.2604323e-06,0
0.5,0,26.692502,-0.0045904827,0,13.021367,-1.1774631e-06,0
0.5,0,26.692173,-0.0044972727,0,13.030595,-1.1092247e-06,0
0.5,0,26.69187,-0.0043979649,0,13.039824,-1.0601381e-06,0
0.5,0,26.691575,-0.0043094715,0,13.049052,-1.0308223e-06,0
0.5,0,26.691287,-0.0042417586,0,13.058281,-1.018787e-06,0
0.5,0,26.691006,-0.0041957156,0,13.067509,-1.0200033e-06,0
0.5,0,26.690718,-0.0041635898,0,13.076737,-1.0307385e-06,0
0.5,0,26.690412,-0.0041319831,0,13.085966,-1.0490123e-06,0
0.5,0,26.690102,-0.0040862474,0,13.095194,-1.0753269e-06,0
0.5,0,26.689791,-0.0040151252,0,13.104423,-1.1125142e-06,0
0.5,0,26.689448,-0.0039137272,0,13.113651,-1.1648152e-06,0
0.5,0,26.689044,-0.003784577,0,13.12288,-1.2365374e-06,0
0.5,0,26.68857,-0.0036384074,0,13.132108,-1.3305381e-06,0
0.5,0,26.688044,-0.003494201,0,13.141337,-1.4467908e-06,0
0.5,0,26.68749,-0.0033762786,0,13.150565,-1.5814691e-06,0
0.5,0,26.686931,-0.0033084149,0,13.159794,-1.7269808e-06,0
0.5,0,26.686381,-0.0033077425,0,13.169022,-1.8728586e-06,0
0.5,0,26.685856,-0.0033809217,0,13.178251,-2.0070819e-06,0
0.5,0,26.685387,-0.0035228676,0,13.187479,-2.1175759e-06,0
0.5,0,26.685018,-0.0037178977,0,13.196708,-2.1937873e-06,0
0.5,0,26.6848,-0.0039433574,0,13.205936,-2.2281169e-06,0
0.5,0,26.684773,-0.0041743427,0,13.215164,-2.2169098e-06,0
0.5,0,26.684948,-0.0043873401,0,13.224393,-2.16088e-06,0
0.5,0,26.685307,-0.0045616717,0,13.233621,-2.0650751e-06,0
0.5,0,26.685801,-0.0046794398,0,13.24285,-1.9385527e-06,0
0.5,0,26.686364,-0.0047258999,0,13.252078,-1.793817e-06,0
0.5,0,26.686925,-0.0046917803,0,13.261307,-1.645862e-06,0
0.5,0,26.687426,-0.0045772889,0,13.270535,-1.5106068e-06,0
0.5,0,26.687827,-0.0043955767,0,13.279764,-1.4027266e-06,0
0.5,0,26.688106,-0.0041728255,0,13.288992,-1.3332599e-06,0
0.5,0,26.688254,-0.0039435759,0,13.298221,-1.3076548e-06,0
0.5,0,26.688273,-0.0037424493,0,13.307449,-1.3249248e-06,0
0.5,0,26.688167,-0.0035954288,0,13.316678,-1.3782609e-06,0
0.5,0,26.687947,-0.0035142341,0,13.325906,-1.4569153e-06,0
0.5,0,26.687632,-0.0034957378,0,13.335135,-1.5487367e-06,0
0.5,0,26.687247,-0.0035261167,0,13.344363,-1.6425459e-06,0
0.5,0,26.68682,-0.0035876106,0,13.353591,-1.7296616e-06,0
0.5,0,26.686369,-0.0036649155,0,13.36282,-1.8042633e-06,0
0.5,0,26.685915,-0.0037491208,0,13.372048,-1.8627599e-06,0
0.5,0,26.68549,-0.0038380292,0,13.381277,-1.9026523e-06,0
0.5,0,26.685137,-0.0039342511,0,13.390505,-1.9215644e-06,0
0.5,0,26.684877,-0.0040413241,0,13.399734,-1.916738e-06,0
0.5,0,26.684695,-0.0041600543,0,13.408962,-1.8853172e-06,0
0.5,0,26.684546,-0.0042864346,0,13.418191,-1.825418e-06,0
0.5,0,26.684387,-0.0044101402,0,13.427419,-1.7374305e-06,0
0.5,0,26.684197,-0.0045152985,0,13.436648,-1.6251665e-06,0
0.5,0,26.683979,-0.0045833487,0,13.445876,-1.496371e-06,0
0.5,0,26.683756,-0.0045970421,0,13.455105,-1.3623248e-06,0
0.5,0,26.683556,-0.0045442319,0,13.464333,-1.2365385e-06,0
0.5,0,26.68341,-0.0044206968,0,13.473562,-1.132803e-06,0
0.5,0,26.68334,-0.0042320422,0,13.48279,-1.0630401e-06,0
0.5,0,26.683362,-0.0039944734,0,13.492018,-1.0354046e-06,0
0.5,0,26.683476,-0.0037339281,0,13.501247,-1.052985e-06,0
0.5,0,26.683675,-0.0034831263,0,13.510475,-1.1133234e-06,0
0.5,0,26.683942,-0.0032766711,0,13.519704,-1.2087668e-06,0
0.5,0,26.684259,-0.0031449663,0,13.528932,-1.3274949e-06,0
0.5,0,26.684609,-0.0031082642,0,13.538161,-1.4550121e-06,0
0.5,0,26.684985,-0.0031723995,0,13.547389,-1.5759131e-06,0
0.5,0,26.68538,-0.0033273133,0,13.556618,-1.6757668e-06,0
0.5,0,26.685794,-0.003548928,0,13.565846,-1.7429465e-06,0
0.5,0,26.686221,-0.0038038556,0,13.575075,-1.7701761e-06,0
0.5,0,26.686655,-0.004055586,0,13.584303,-1.7555049e-06,0
0.5,0,26.687088,-0.0042706964,0,13.593532,-1.7024541e-06,0
0.5,0,26.687513,-0.0044238876,0,13.60276,-1.6192216e-06,0
0.5,0,26.687923,-0.0045010206,0,13.611989,-1.517088e-06,0
0.5,0,26.688308,-0.004500027,0,13.621217,-1.4083826e-06,0
0.5,0,26.688652,-0.0044301064,0,13.630445,-1.3045061e-06,0
0.5,0,26.688939,-0.0043093409,0,13.639674,-1.2144441e-06,0
0.5,0,26.689155,-0.0041609984,0,13.648902,-1.1439461e-06,0
0.5,0,26.689302,-0.0040094392,0,13.658131,-1.0953312e-06,0
0.5,0,26.689391,-0.0038765799,0,13.667359,-1.0677807e-06,0
0.5,0,26.689445,-0.0037789804,0,13.676588,-1.0579894e-06,0
0.5,0,26.689487,-0.0037254866,0,13.685816,-1.0610302e-06,0
0.5,0,26.689535,-0.0037150474,0,13.695045,-1.0712277e-06,0
0.5,0,26.689611,-0.0037373324,0,13.704273,-1.0829021e-06,0
0.5,0,26.68973,-0.0037798158,0,13.713502,-1.0913046e-06,0
0.5,0,26.689908,-0.0038285572,0,13.72273,-1.0929407e-06,0
0.5,0,26.690151,-0.0038722239,0,13.731959,-1.0859894e-06,0
0.5,0,26.690454,-0.0039072981,0,13.741187,-1.0705358e-06,0
0.5,0,26.690795,-0.0039322682,0,13.750416,-1.0482434e-06,0
0.5,0,26.691151,-0.0039475919,0,13.759644,-1.0221883e-06,0
0.5,0,26.691494,-0.0039571315,0,13.768872,-9.9614158e-07,0
0.5,0,26.691812,-0.0039658488,0,13.778101,-9.7381828e-07,0
0.5,0,26.692114,-0.0039775112,0,13.787329,-9.582413e-07,0
0.5,0,26.692425,-0.0039933458,0,13.796558,-9.5126822e-07,0
0.5,0,26.692763,-0.0040115685,0,13.805786,-9.5331077e-07,0
0.5,0,26.693145,-0.004028166,0,13.815015,-9.6326687e-07,0
0.5,0,26.693595,-0.0040384767,0,13.824243,-9.7868304e-07,0
0.5,0,26.69414,-0.0040392308,0,13.833472,-9.9614335e-07,0
0.5,0,26.694794,-0.0040310554,0,13.8427,-1.0119843e-06,0
0.5,0,26.695548,-0.0040191145,0,13.851929,-1.0231708e-06,0
0.5,0,26.696369,-0.0040109042,0,13.861157,-1.0279599e-06,0
0.5,0,26.697221,-0.0040122488,0,13.870386,-1.026067e-06,0
0.5,0,26.698069,-0.0040241012,0,13.879614,-1.0182226e-06,0
0.5,0,26.698892,-0.0040417741,0,13.888843,-1.0053019e-06,0
0.5,0,26.699688,-0.0040569436,0,13.898071,-9.8747632e-07,0
0.5,0,26.700486,-0.0040611801,0,13.907299,-9.6382811e-07,0
0.5,0,26.701348,-0.0040484619,0,13.916528,-9.3254098e-07,0
0.5,0,26.702397,-0.0040163554,0,13.925756,-8.9145328e-07,0
0.5,0,26.703739,-0.0039702162,0,13.934985,-8.3884313e-07,0
0.5,0,26.705565,-0.003924368,0,13.944213,-7.7461133e-07,0
0.5,0,26.707931,-0.0038938774,0,13.953442,-7.0122275e-07,0
0.5,0,26.710923,-0.0038857828,0,13.96267,-6.2255681e-07,0
0.5,0,26.714616,-0.0038963466,0,13.971899,-5.4237586e-07,0
0.5,0,26.71883,-0.0039205976,0,13.981127,-4.6432171e-07,0
0.5,0,26.723429,-0.0039531581,0,13.990356,-3.9112894e-07,0
0.5,0,26.728188,-0.0039836315,0,13.999584,-3.2363344e-07,0
0.5,0,26.732928,-0.0040050497,0,14.008813,-2.6129106e-07,0
0.5,0,26.737555,-0.0040188546,0,14.018041,-2.031122e-07,0
0.5,0,26.74209,-0.0040343593,0,14.02727,-1.4855466e-07,0
0.5,0,26.746714,-0.0040633074,0,14.036498,-9.8057618e-08,0
0.5,0,26.75164,-0.004116771,0,14.045726,-5.2329075e-08,0
0.5,0,26.757074,-0.0042031547,0,14.054955,-1.1176774e-08,0
0.5,0,26.758867,-0.0042304078,0,14.057675,-2.5804012e-15,0
0.5,0,26.693567,-0.002674303,0,14.645577,-9.6991603e-08,0
0.5,0,26.694866,-0.0025977438,0,14.641173,-2.5804012e-15,0
0.5,0,26.692098,-0.0028567545,0,14.654805,-3.2701743e-07,0
0.5,0,26.691426,-0.0029783051,0,14.664034,-5.7405114e-07,0
0.5,0,26.691056,-0.0030615283,0,14.673262,-8.3042682e-07,0
0.5,0,26.69074,-0.0031219943,0,14.682491,-1.0918451e-06,0
0.5,0,26.690396,-0.0031689841,0,14.691719,-1.3556853e-06,0
0.5,0,26.689998,-0.0032154362,0,14.700948,-1.6188511e-06,0
0.5,0,26.689545,-0.0032683205,0,14.710176,-1.8774985e-06,0
0.5,0,26.689051,-0.0033253378,0,14.719405,-2.1281376e-06,0
0.5,0,26.688532,-0.0033806679,0,14.728633,-2.3682788e-06,0
0.5,0,26.688005,-0.0034320781,0,14.737861,-2.5960546e-06,0
0.5,0,26.687485,-0.0034844124,0,14.74709,-2.8093603e-06,0
0.5,0,26.686988,-0.0035468665,0,14.756318,-3.0051975e-06,0
0.5,0,26.686533,-0.0036274364,0,14.765547,-3.1796782e-06,0
0.5,0,26.686132,-0.0037301901,0,14.774775,-3.3286212e-06,0
0.5,0,26.685782,-0.003855479,0,14.784004,-3.448144e-06,0
0.5,0,26.685461,-0.0039998591,0,14.793232,-3.5349984e-06,0
0.5,0,26.685145,-0.004155518,0,14.802461,-3.5870297e-06,0
0.5,0,26.68482,-0.0043105059,0,14.811689,-3.6038319e-06,0
0.5,0,26.684496,-0.0044511225,0,14.820918,-3.5872725e-06,0
0.5,0,26.684195,-0.004565268,0,14.830146,-3.5415344e-06,0
0.5,0,26.683939,-0.0046450763,0,14.839375,-3.4726157e-06,0
0.5,0,26.683744,-0.0046880016,0,14.848603,-3.3875415e-06,0
0.5,0,26.683616,-0.0046957017,0,14.857832,-3.2936398e-06,0
0.5,0,26.683562,-0.0046713824,0,14.86706,-3.1981624e-06,0
0.5,0,26.683587,-0.0046172547,0,14.876288,-3.108282e-06,0
0.5,0,26.683688,-0.0045343848,0,14.885517,-3.0312572e-06,0
0.5,0,26.683844,-0.0044244146,0,14.894745,-2.9742422e-06,0
0.5,0,26.684024,-0.0042918998,0,14.903974,-2.9435513e-06,0
0.5,0,26.684192,-0.0041459511,0,14.913202,-2.9437759e-06,0
0.5,0,26.684313,-0.0039983395,0,14.922431,-2.9770359e-06,0
0.5,0,26.684365,-0.0038598645,0,14.931659,-3.0426623e-06,0
0.5,0,26.684339,-0.0037377736,0,14.940888,-3.1374648e-06,0
0.5,0,26.684242,-0.0036349228,0,14.950116,-3.2564153e-06,0
0.5,0,26.684093,-0.0035509783,0,14.959345,-3.3934732e-06,0
0.5,0,26.683913,-0.0034848499,0,14.968573,-3.5423047e-06,0
0.5,0,26.683717,-0.0034368392,0,14.977802,-3.6967913e-06,0
0.5,0,26.683515,-0.0034094078,0,14.98703,-3.8513661e-06,0
0.5,0,26.683306,-0.0034063445,0,14.996259,-4.0012631e-06,0
0.5,0,26.683087,-0.0034308802,0,15.005487,-4.1427209e-06,0
0.5,0,26.68286,-0.0034836884,0,15.014715,-4.2731104e-06,0
0.5,0,26.682633,-0.0035616139,0,15.023944,-4.3909051e-06,0
0.5,0,26.682422,-0.0036575836,0,15.033172,-4.4954402e-06,0
0.5,0,26.68225,-0.0037616322,0,15.042401,-4.5864819e-06,0
0.5,0,26.682137,-0.0038626569,0,15.051629,-4.6637378e-06,0
0.5,0,26.682095,-0.0039503881,0,15.060858,-4.7264824e-06,0
0.5,0,26.682127,-0.004017366,0,15.070086,-4.773469e-06,0
0.5,0,26.682218,-0.0040604538,0,15.079315,-4.8031976e-06,0
0.5,0,26.682349,-0.0040817232,0,15.088543,-4.8145525e-06,0
0.5,0,26.682498,-0.004087769,0,15.097772,-4.8077615e-06,0
0.5,0,26.682636,-0.0040847927,0,15.107,-4.7852118e-06,0
0.5,0,26.682761,-0.0040719139,0,15.116229,-4.751452e-06,0
0.5,0,26.682841,-0.0040459727,0,15.125457,-4.712659e-06,0
0.5,0,26.682905,-0.0040128871,0,15.134686,-4.676756e-06,0
0.5,0,26.682963,-0.003982426,0,15.143914,-4.6534994e-06,0
0.5,0,26.682955,-0.0039561952,0,15.153142,-4.6523917e-06,0
0.5,0,26.682902,-0.0039300906,0,15.162371,-4.6792953e-06,0
0.5,0,26.682828,-0.003901756,0,15.171599,-4.7348873e-06,0
0.5,0,26.682762,-0.003867457,0,15.180828,-4.8154901e-06,0
0.5,0,26.682717,-0.0038208747,0,15.190056,-4.9142461e-06,0
0.5,0,26.682696,-0.0037601721,0,15.199285,-5.0218091e-06,0
0.5,0,26.682702,-0.003688847,0,15.208513,-5.127447e-06,0
0.5,0,26.682728,-0.0036130128,0,15.217742,-5.2207747e-06,0
0.5,0,26.682758,-0.0035420799,0,15.22697,-5.2933499e-06,0
0.5,0,26.682777,-0.0034891288,0,15.236199,-5.3397953e-06,0
0.5,0,26.68278,-0.0034673943,0,15.245427,-5.3584891e-06,0
0.5,0,26.682772,-0.0034849716,0,15.254656,-5.3516764e-06,0
0.5,0,26.682768,-0.0035420537,0,15.263884,-5.3250047e-06,0
0.5,0,26.682785,-0.0036335828,0,15.273113,-5.286844e-06,0
0.5,0,26.682834,-0.0037517871,0,15.282341,-5.247403e-06,0
0.5,0,26.682921,-0.0038847802,0,15.291569,-5.2174619e-06,0
0.5,0,26.683044,-0.0040134986,0,15.300798,-5.2063919e-06,0
0.5,0,26.683197,-0.0041143959,0,15.310026,-5.2197272e-06,0
0.5,0,26.683371,-0.0041725536,0,15.319255,-5.2581423e-06,0
0.5,0,26.683549,-0.0041909612,0,15.328483,-5.3188408e-06,0
0.5,0,26.683713,-0.0041817906,0,15.337712,-5.3975078e-06,0
0.5,0,26.683838,-0.0041511279,0,15.34694,-5.4885989e-06,0
0.5,0,26.683895,-0.0040986727,0,15.356169,-5.5846875e-06,0
0.5,0,26.683889,-0.0040267308,0,15.365397,-5.6769936e-06,0
0.5,0,26.683796,-0.0039428087,0,15.374626,-5.7572304e-06,0
0.5,0,26.683556,-0.0038555347,0,15.383854,-5.8191819e-06,0
0.5,0,26.68318,-0.0037703875,0,15.393083,-5.8591549e-06,0
0.5,0,26.682766,-0.0036896077,0,15.402311,-5.8757596e-06,0
0.5,0,26.682381,-0.0036141977,0,15.41154,-5.8695643e-06,0
0.5,0,26.682034,-0.0035453051,0,15.420768,-5.8426772e-06,0
0.5,0,26.681726,-0.0034869177,0,15.429996,-5.7981519e-06,0
0.5,0,26.681476,-0.0034475964,0,15.439225,-5.7395475e-06,0
0.5,0,26.6813,-0.0034369371,0,15.448453,-5.6712237e-06,0
0.5,0,26.681198,-0.0034604148,0,15.457682,-5.5989595e-06,0
0.5,0,26.681153,-0.0035173761,0,15.46691,-5.5295299e-06,0
0.5,0,26.681147,-0.0036012291,0,15.476139,-5.4691079e-06,0
0.5,0,26.681161,-0.0037014137,0,15.485367,-5.4221629e-06,0
0.5,0,26.681181,-0.0038087354,0,15.494596,-5.3919327e-06,0
0.5,0,26.681194,-0.0039193824,0,15.503824,-5.3814805e-06,0
0.5,0,26.681184,-0.0040322857,0,15.513053,-5.3938622e-06,0
0.5,0,26.681139,-0.0041431282,0,15.522281,-5.4309668e-06,0
0.5,0,26.681047,-0.0042436171,0,15.53151,-5.4921474e-06,0
0.5,0,26.680905,-0.0043262062,0,15.540738,-5.5739118e-06,0
0.5,0,26.680726,-0.0043867659,0,15.549967,-5.6706018e-06,0
0.5,0,26.68052,-0.00442278,0,15.559195,-5.775351e-06,0
0.5,0,26.680301,-0.0044311857,0,15.568423,-5.8808286e-06,0
0.5,0,26.680089,-0.0044088314,0,15.577652,-5.9797611e-06,0
0.5,0,26.6799,-0.0043536121,0,15.58688,-6.065316e-06,0
0.5,0,26.679702,-0.0042655005,0,15.596109,-6.1314035e-06,0
0.5,0,26.679463,-0.0041475723,0,15.605337,-6.1728973e-06,0
0.5,0,26.679225,-0.0040064279,0,15.614566,-6.1858393e-06,0
0.5,0,26.679092,-0.0038518018,0,15.623794,-6.1677369e-06,0
0.5,0,26.679128,-0.0036958054,0,15.633023,-6.1179575e-06,0
0.5,0,26.679313,-0.0035520994,0,15.642251,-6.0380723e-06,0
0.5,0,26.679595,-0.0034345045,0,15.65148,-5.9319954e-06,0
0.5,0,26.67992,-0.0033548879,0,15.660708,-5.8058458e-06,0
0.5,0,26.680245,-0.0033209546,0,15.669937,-5.6674978e-06,0
0.5,0,26.680527,-0.0033346908,0,15.679165,-5.5258513e-06,0
0.5,0,26.680728,-0.0033920836,0,15.688394,-5.3898844e-06,0
0.5,0,26.68083,-0.0034839701,0,15.697622,-5.2676144e-06,0
0.5,0,26.680837,-0.003597267,0,15.70685,-5.1651315e-06,0
0.5,0,26.680764,-0.0037168827,0,15.716079,-5.0859592e-06,0
0.5,0,26.680635,-0.0038285851,0,15.725307,-5.0309342e-06,0
0.5,0,26.680478,-0.003922521,0,15.734536,-4.9986899e-06,0
0.5,0,26.680316,-0.0039948886,0,15.743764,-4.9864827e-06,0
0.5,0,26.68017,-0.00404772,0,15.752993,-4.9911856e-06,0
0.5,0,26.680057,-0.0040877801,0,15.762221,-5.0102565e-06,0
0.5,0,26.679987,-0.0041238358,0,15.77145,-5.0421737e-06,0
0.5,0,26.679966,-0.0041641978,0,15.780678,-5.0863339e-06,0
0.5,0,26.679993,-0.0042149054,0,15.789907,-5.1427275e-06,0
0.5,0,26.680056,-0.0042782612,0,15.799135,-5.211601e-06,0
0.5,0,26.680133,-0.0043521571,0,15.808364,-5.2930936e-06,0
0.5,0,26.680198,-0.0044303067,0,15.817592,-5.3867111e-06,0
0.5,0,26.680235,-0.0045031633,0,15.826821,-5.4906459e-06,0
0.5,0,26.680247,-0.0045591374,0,15.836049,-5.6011773e-06,0
0.5,0,26.680247,-0.004586273,0,15.845277,-5.712472e-06,0
0.5,0,26.680248,-0.0045741721,0,15.854506,-5.8169139e-06,0
0.5,0,26.680254,-0.004516274,0,15.863734,-5.9058969e-06,0
0.5,0,26.680254,-0.0044111387,0,15.872963,-5.970707e-06,0
0.5,0,26.680232,-0.0042630442,0,15.882191,-6.0033747e-06,0
0.5,0,26.68018,-0.0040822655,0,15.89142,-5.9976305e-06,0
0.5,0,26.680107,-0.003883613,0,15.900648,-5.9498202e-06,0
0.5,0,26.680037,-0.0036844933,0,15.909877,-5.8595262e-06,0
0.5,0,26.679991,-0.0035031881,0,15.919105,-5.7297829e-06,0
0.5,0,26.679983,-0.0033563269,0,15.928334,-5.5668484e-06,0
0.5,0,26.680016,-0.0032564574,0,15.937562,-5.379539e-06,0
0.5,0,26.680086,-0.003210993,0,15.946791,-5.1782875e-06,0
0.5,0,26.680172,-0.0032216373,0,15.956019,-4.973973e-06,0
0.5,0,26.680243,-0.003284246,0,15.965248,-4.7766971e-06,0
0.5,0,26.680283,-0.0033895987,0,15.974476,-4.5947526e-06,0
0.5,0,26.680295,-0.0035250416,0,15.983704,-4.4339354e-06,0
0.5,0,26.680295,-0.0036761704,0,15.992933,-4.2972286e-06,0
0.5,0,26.680299,-0.0038279486,0,16.002161,-4.1848051e-06,0
0.5,0,26.680318,-0.0039659548,0,16.01139,-4.0942896e-06,0
0.5,0,26.680359,-0.004079,0,16.020618,-4.0213023e-06,0
0.5,0,26.680423,-0.0041607281,0,16.029847,-3.9602571e-06,0
0.5,0,26.680501,-0.0042072887,0,16.039075,-3.9050189e-06,0
0.5,0,26.680582,-0.0042145651,0,16.048304,-3.8490382e-06,0
0.5,0,26.68064,-0.0041799449,0,16.057532,-3.7854211e-06,0
0.5,0,26.680643,-0.0041059182,0,16.066761,-3.7076352e-06,0
0.5,0,26.680607,-0.0039996134,0,16.075989,-3.6105489e-06,0
0.5,0,26.680566,-0.0038706502,0,16.085218,-3.490933e-06,0
0.5,0,26.680528,-0.0037303829,0,16.094446,-3.3474181e-06,0
0.5,0,26.68049,-0.0035916772,0,16.103675,-3.1806665e-06,0
0.5,0,26.68046,-0.0034695601,0,16.112903,-2.9938922e-06,0
0.5,0,26.68044,-0.003380464,0,16.122131,-2.7930772e-06,0
0.5,0,26.680417,-0.0033368298,0,16.13136,-2.5864447e-06,0
0.5,0,26.680374,-0.0033412458,0,16.140588,-2.3832963e-06,0
0.5,0,26.680308,-0.0033882549,0,16.149817,-2.1927302e-06,0
0.5,0,26.680225,-0.0034725337,0,16.159045,-2.0230216e-06,0
0.5,0,26.680132,-0.0035927837,0,16.168274,-1.8818349e-06,0
0.5,0,26.680033,-0.0037467891,0,16.177502,-1.7763892e-06,0
0.5,0,26.679937,-0.0039258023,0,16.186731,-1.7128081e-06,0
0.5,0,26.679834,-0.0041161453,0,16.195959,-1.6951072e-06,0
0.5,0,26.679725,-0.0043044906,0,16.205188,-1.7247018e-06,0
0.5,0,26.679648,-0.0044803169,0,16.214416,-1.8006583e-06,0
0.5,0,26.679619,-0.0046352112,0,16.223645,-1.9201279e-06,0
0.5,0,26.679592,-0.0047628145,0,16.232873,-2.0786609e-06,0
0.5,0,26.679524,-0.0048598882,0,16.242102,-2.2705366e-06,0
0.5,0,26.67943,-0.0049263003,0,16.25133,-2.4890924e-06,0
0.5,0,26.679346,-0.0049640109,0,16.260558,-2.7270874e-06,0
0.5,0,26.679291,-0.0049757303,0,16.269787,-2.9771121e-06,0
0.5,0,26.679262,-0.0049637682,0,16.279015,-3.2319819e-06,0
0.5,0,26.679252,-0.0049296244,0,16.288244,-3.4849771e-06,0
0.5,0,26.679254,-0.0048742041,0,16.297472,-3.7298159e-06,0
0.5,0,26.679265,-0.0047977245,0,16.306701,-3.9605095e-06,0
0.5,0,26.679278,-0.0046995223,0,16.315929,-4.1713609e-06,0
0.5,0,26.679294,-0.0045785192,0,16.325158,-4.3571283e-06,0
0.5,0,26.679309,-0.0044343859,0,16.334386,-4.5132074e-06,0
0.5,0,26.679325,-0.0042689157,0,16.343615,-4.6358026e-06,0
0.5,0,26.679341,-0.0040866957,0,16.352843,-4.7221615e-06,0
0.5,0,26.679355,-0.0038951303,0,16.362072,-4.7708451e-06,0
0.5,0,26.679364,-0.0037039344,0,16.3713,-4.7819529e-06,0
0.5,0,26.679363,-0.0035237062,0,16.380529,-4.7572659e-06,0
0.5,0,26.679349,-0.0033648302,0,16.389757,-4.7003185e-06,0
0.5,0,26.679314,-0.003236832,0,16.398985,-4.6164336e-06,0
0.5,0,26.679263,-0.0031453309,0,16.408214,-4.5124333e-06,0
0.5,0,26.679195,-0.0030914033,0,16.417442,-4.3961264e-06,0
0.5,0,26.679122,-0.0030739315,0,16.426671,-4.2757388e-06,0
0.5,0,26.679057,-0.0030886625,0,16.435899,-4.159212e-06,0
0.5,0,26.678973,-0.0031269848,0,16.445128,-4.0534408e-06,0
0.5,0,26.678861,-0.0031792606,0,16.454356,-3.9636917e-06,0
0.5,0,26.678729,-0.0032406261,0,16.463585,-3.8936972e-06,0
0.5,0,26.678591,-0.0033112331,0,16.472813,-3.8463316e-06,0
0.5,0,26.678452,-0.003391793,0,16.482042,-3.8243602e-06,0
0.5,0,26.67832,-0.0034820106,0,16.49127,-3.8307906e-06,0
0.5,0,26.678208,-0.0035819013,0,16.500499,-3.8687546e-06,0
0.5,0,26.678111,-0.0036931401,0,16.509727,-3.9414142e-06,0
0.5,0,26.678108,-0.0038177134,0,16.518956,-4.052092e-06,0
0.5,0,26.677991,-0.0039611031,0,16.528184,-4.2041982e-06,0
0.5,0,26.678045,-0.0041100254,0,16.537412,-4.400278e-06,0
0.5,0,26.678118,-0.004248336,0,16.546641,-4.6420733e-06,0
0.5,0,26.677989,-0.0043879054,0,16.555869,-4.9297055e-06,0
0.5,0,26.677982,-0.0045228217,0,16.565098,-5.2605664e-06,0
0.5,0,26.677939,-0.0046323078,0,16.574326,-5.6303995e-06,0
0.5,0,26.677905,-0.0047116223,0,16.583555,-6.0338009e-06,0
0.5,0,26.677887,-0.0047624474,0,16.592783,-6.4645715e-06,0
0.5,0,26.677866,-0.00478992,0,16.602012,-6.9165409e-06,0
0.5,0,26.677837,-0.0048030255,0,16.61124,-7.3843357e-06,0
0.5,0,26.677805,-0.004812082,0,16.620469,-7.8638352e-06,0
0.5,0,26.677778,-0.0048253684,0,16.629697,-8.3523208e-06,0
0.5,0,26.677767,-0.0048471228,0,16.638926,-8.8483508e-06,0
0.5,0,26.677785,-0.0048777403,0,16.648154,-9.3512824e-06,0
0.5,0,26.677842,-0.0049141425,0,16.657383,-9.8604764e-06,0
0.5,0,26.677946,-0.0049487943,0,16.666611,-1.03744e-05,0
0.5,0,26.678095,-0.0049697624,0,16.67584,-1.0889985e-05,0
0.5,0,26.678286,-0.0049638345,0,16.685068,-1.1402515e-05,0
0.5,0,26.678511,-0.0049223699,0,16.694296,-1.1906216e-05,0
0.5,0,26.678757,-0.004845445,0,16.703525,-1.2395228e-05,0
0.5,0,26.679007,-0.0047418765,0,16.712753,-1.286457e-05,0
0.5,0,26.679248,-0.0046257784,0,16.721982,-1.3310852e-05,0
0.5,0,26.679468,-0.0045113632,0,16.73121,-1.3732433e-05,0
0.5,0,26.679661,-0.0044097423,0,16.740439,-1.4129179e-05,0
0.5,0,26.679828,-0.0043274798,0,16.749667,-1.4502014e-05,0
0.5,0,26.679975,-0.0042658417,0,16.758896,-1.4852294e-05,0
0.5,0,26.680106,-0.0042208228,0,16.768124,-1.5181114e-05,0
0.5,0,26.680218,-0.0041847296,0,16.777353,-1.5488766e-05,0
0.5,0,26.680298,-0.0041491961,0,16.786581,-1.5774513e-05,0
0.5,0,26.680346,-0.0041081747,0,16.79581,-1.6036761e-05,0
0.5,0,26.680384,-0.004059648,0,16.805038,-1.6273574e-05,0
0.5,0,26.680427,-0.0040057613,0,16.814267,-1.6483382e-05,0
0.5,0,26.68046,-0.0039517498,0,16.823495,-1.6665633e-05,0
0.5,0,26.680459,-0.0039040894,0,16.832723,-1.6821173e-05,0
0.5,0,26.680431,-0.0038682288,0,16.841952,-1.6952226e-05,0
0.5,0,26.680403,-0.0038465914,0,16.85118,-1.7061944e-05,0
0.5,0,26.680396,-0.0038377687,0,16.860409,-1.71537e-05,0
0.5,0,26.680401,-0.0038371398,0,16.869637,-1.7230387e-05,0
0.5,0,26.680402,-0.003838737,0,16.878866,-1.7294072e-05,0
0.5,0,26.680383,-0.0038374986,0,16.888094,-1.7346119e-05,0
0.5,0,26.680338,-0.0038313875,0,16.897323,-1.738771e-05,0
0.5,0,26.68026,-0.0038216989,0,16.906551,-1.7420299e-05,0
0.5,0,26.680135,-0.0038118577,0,16.91578,-1.7445776e-05,0
0.5,0,26.67995,-0.0038058878,0,16.925008,-1.746651e-05,0
0.5,0,26.6797,-0.0038063586,0,16.934237,-1.7485228e-05,0
0.5,0,26.6794,-0.0038132047,0,16.943465,-1.7504679e-05,0
0.5,0,26.679079,-0.0038234831,0,16.952694,-1.7527127e-05,0
0.5,0,26.678771,-0.0038314225,0,16.961922,-1.7553834e-05,0
0.5,0,26.678504,-0.0038294975,0,16.97115,-1.7584753e-05,0
0.5,0,26.678291,-0.0038107896,0,16.980379,-1.7618553e-05,0
0.5,0,26.678128,-0.0037720105,0,16.989607,-1.7652959e-05,0
0.5,0,26.677998,-0.003715195,0,16.998836,-1.7685382e-05,0
0.5,0,26.677882,-0.0036473185,0,17.008064,-1.7713652e-05,0
0.5,0,26.67777,-0.0035788648,0,17.017293,-1.7736746e-05,0
0.5,0,26.677672,-0.0035211512,0,17.026521,-1.7755183e-05,0
0.5,0,26.677609,-0.0034835596,0,17.03575,-1.7770908e-05,0
0.5,0,26.677584,-0.0034716846,0,17.044978,-1.778673e-05,0
0.5,0,26.677585,-0.003486484,0,17.054207,-1.7805513e-05,0
0.5,0,26.677597,-0.0035242733,0,17.063435,-1.7829375e-05,0
0.5,0,26.677627,-0.003577331,0,17.072664,-1.7859076e-05,0
0.5,0,26.677692,-0.0036351518,0,17.081892,-1.7893702e-05,0
0.5,0,26.677798,-0.0036864598,0,17.091121,-1.7930659e-05,0
0.5,0,26.677934,-0.0037218544,0,17.100349,-1.7966003e-05,0
0.5,0,26.678083,-0.0037366934,0,17.109577,-1.7995134e-05,0
0.5,0,26.678243,-0.0037326759,0,17.118806,-1.8013819e-05,0
0.5,0,26.678421,-0.0037164255,0,17.128034,-1.80192e-05,0
0.5,0,26.678626,-0.0036964255,0,17.137263,-1.8010398e-05,0
0.5,0,26.678851,-0.0036800227,0,17.146491,-1.7988518e-05,0
0.5,0,26.67909,-0.0036713912,0,17.15572,-1.7956148e-05,0
0.5,0,26.679345,-0.0036717604,0,17.164948,-1.7916702e-05,0
0.5,0,26.679632,-0.0036805102,0,17.174177,-1.7873785e-05,0
0.5,0,26.679982,-0.0036955317,0,17.183405,-1.7830729e-05,0
0.5,0,26.680424,-0.0037136995,0,17.192634,-1.779025e-05,0
0.5,0,26.680981,-0.0037314821,0,17.201862,-1.7754106e-05,0
0.5,0,26.681657,-0.0037451793,0,17.211091,-1.772286e-05,0
0.5,0,26.682437,-0.0037510524,0,17.220319,-1.7695807e-05,0
0.5,0,26.68329,-0.0037457029,0,17.229548,-1.767107e-05,0
0.5,0,26.684184,-0.0037265855,0,17.238776,-1.764581e-05,0
0.5,0,26.685091,-0.0036924053,0,17.248004,-1.7616518e-05,0
0.5,0,26.685984,-0.003643467,0,17.257233,-1.7579346e-05,0
0.5,0,26.68685,-0.0035824821,0,17.266461,-1.7530548e-05,0
0.5,0,26.687706,-0.003515353,0,17.27569,-1.7467053e-05,0
0.5,0,26.688588,-0.0034509683,0,17.284918,-1.7387112e-05,0
0.5,0,26.689499,-0.0033992572,0,17.294147,-1.7290729e-05,0
0.5,0,26.690388,-0.0033692214,0,17.303375,-1.7179676e-05,0
0.5,0,26.691164,-0.0033673757,0,17.312604,-1.7057265e-05,0
0.5,0,26.691733,-0.0033952173,0,17.321832,-1.6927798e-05,0
0.5,0,26.692028,-0.0034481601,0,17.331061,-1.6795703e-05,0
0.5,0,26.692016,-0.003514563,0,17.340289,-1.666445e-05,0
0.5,0,26.691703,-0.0035781471,0,17.349518,-1.6535888e-05,0
0.5,0,26.691138,-0.0036250328,0,17.358746,-1.6410191e-05,0
0.5,0,26.690407,-0.0036441386,0,17.367975,-1.6285608e-05,0
0.5,0,26.689626,-0.0036276799,0,17.377203,-1.6158618e-05,0
0.5,0,26.688918,-0.0035763594,0,17.386431,-1.6025009e-05,0
0.5,0,26.688387,-0.0035010515,0,17.39566,-1.5881228e-05,0
0.5,0,26.6881,-0.0034209001,0,17.404888,-1.5725738e-05,0
0.5,0,26.688088,-0.0033582178,0,17.414117,-1.5559929e-05,0
0.5,0,26.688358,-0.0033319705,0,17.423345,-1.5388161e-05,0
0.5,0,26.688899,-0.0033525245,0,17.432574,-1.5216873e-05,0
0.5,0,26.68969,-0.0034186599,0,17.441802,-1.5052946e-05,0
0.5,0,26.690688,-0.0035175531,0,17.451031,-1.4901749e-05,0
0.5,0,26.691824,-0.0036275244,0,17.460259,-1.476548e-05,0
0.5,0,26.69301,-0.0037230719,0,17.469488,-1.4642249e-05,0
0.5,0,26.694148,-0.0037814291,0,17.478716,-1.4526253e-05,0
0.5,0,26.695153,-0.0037881567,0,17.487945,-1.4408884e-05,0
0.5,0,26.695967,-0.003740577,0,17.497173,-1.4280493e-05,0
0.5,0,26.696568,-0.0036486174,0,17.506402,-1.4132458e-05,0
0.5,0,26.696972,-0.0035328388,0,17.51563,-1.3959136e-05,0
0.5,0,26.69722,-0.003419949,0,17.524858,-1.3759189e-05,0
0.5,0,26.697367,-0.0033366678,0,17.534087,-1.3535944e-05,0
0.5,0,26.697465,-0.0033034001,0,17.543315,-1.3296651e-05,0
0.5,0,26.697556,-0.0033296818,0,17.552544,-1.3050898e-05,0
0.5,0,26.697662,-0.003412928,0,17.561772,-1.2808591e-05,0
0.5,0,26.697793,-0.0035405983,0,17.571001,-1.2578016e-05,0
0.5,0,26.697944,-0.0036945473,0,17.580229,-1.2364446e-05,0
0.5,0,26.698112,-0.0038555045,0,17.589458,-1.2169545e-05,0
0.5,0,26.698299,-0.0040058854,0,17.598686,-1.1991486e-05,0
0.5,0,26.698519,-0.0041305506,0,17.607915,-1.1825508e-05,0
0.5,0,26.698806,-0.0042165454,0,17.617143,-1.1664595e-05,0
0.5,0,26.699217,-0.0042535437,0,17.626372,-1.1500168e-05,0
0.5,0,26.699842,-0.0042359164,0,17.6356,-1.1322917e-05,0
0.5,0,26.700805,-0.0041654953,0,17.644829,-1.1123924e-05,0
0.5,0,26.70226,-0.0040528126,0,17.654057,-1.0896031e-05,0
0.5,0,26.704369,-0.0039151215,0,17.663285,-1.0635084e-05,0
0.5,0,26.707258,-0.0037716527,0,17.672514,-1.0340571e-05,0
0.5,0,26.710974,-0.0036393014,0,17.681742,-1.0015407e-05,0
0.5,0,26.715446,-0.0035316686,0,17.690971,-9.66519e-06,0
0.5,0,26.72047,-0.0034601188,0,17.700199,-9.2974741e-06,0
0.5,0,26.725727,-0.0034309063,0,17.709428,-8.9210537e-06,0
0.5,0,26.730836,-0.0034418968,0,17.718656,-8.5447547e-06,0
0.5,0,26.735423,-0.0034880429,0,17.727885,-8.1761562e-06,0
0.5,0,26.739237,-0.003571052,0,17.737113,-7.8217324e-06,0
0.5,0,26.742214,-0.0036980086,0,17.746342,-7.487918e-06,0
0.5,0,26.744529,-0.003863455,0,17.75557,-7.1804638e-06,0
0.5,0,26.746677,-0.004043594,0,17.764799,-6.9021522e-06,0
0.5,0,26.74928,-0.0042130576,0,17.774027,-6.6515995e-06,0
0.5,0,26.752822,-0.0043562175,0,17.783256,-6.4241031e-06,0
0.5,0,26.757568,-0.0044677204,0,17.792484,-6.2133349e-06,0
0.5,0,26.763475,-0.0045498092,0,17.801712,-6.0128551e-06,0
0.5,0,26.770063,-0.0046049338,0,17.810941,-5.817026e-06,0
0.5,0,26.776471,-0.0046284982,0,17.820169,-5.620609e-06,0
0.5,0,26.781732,-0.0046063947,0,17.829398,-5.4170645e-06,0
0.5,0,26.785105,-0.004519844,0,17.838626,-5.1972717e-06,0
0.5,0,26.786313,-0.0043604589,0,17.847855,-4.950314e-06,0
0.5,0,26.785597,-0.0041451832,0,17.857083,-4.6664118e-06,0
0.5,0,26.783594,-0.0039166393,0,17.866312,-4.3406162e-06,0
0.5,0,26.781124,-0.0037255828,0,17.87554,-3.9752004e-06,0
0.5,0,26.778945,-0.0036075307,0,17.884769,-3.5791802e-06,0
0.5,0,26.77756,-0.0035680712,0,17.893997,-3.1649667e-06,0
0.5,0,26.777095,-0.0035844993,0,17.903226,-2.7437987e-06,0
0.5,0,26.777316,-0.0036291988,0,17.912454,-2.3229408e-06,0
0.5,0,26.7778,-0.0037011128,0,17.921683,-1.90738e-06,0
0.5,0,26.778216,-0.0038216562,0,17.930911,-1.5040047e-06,0
0.5,0,26.778595,-0.0039911665,0,17.940139,-1.1214391e-06,0
0.5,0,26.779351,-0.0041921914,0,17.949368,-7.6453081e-07,0
0.5,0,26.780886,-0.00445012,0,17.958596,-4.3353664e-07,0
0.5,0,26.782971,-0.0048132567,0,17.967825,-1.2896097e-07,0
0.5,0,26.783798,-0.0049849112,0,17.97213,-2.5804012e-15,0
0.5,0,26.664738,-0.0019029613,0,20.090372,-2.8231974e-07,0
0.5,0,26.667578,-0.0016794004,0,20.081454,-2.5804012e-15,0
0.5,0,26.66294,-0.0019658414,0,20.099601,-5.8402239e-07,0
0.5,0,26.66196,-0.0018932689,0,20.108829,-8.9264011e-07,0
0.5,0,26.661415,-0.0017957688,0,20.118058,-1.1997784e-06,0
0.5,0,26.661086,-0.0017078936,0,20.127286,-1.497182e-06,0
0.5,0,26.660874,-0.0016465398,0,20.136515,-1.7792547e-06,0
0.5,0,26.660716,-0.0016343165,0,20.145743,-2.0413824e-06,0
0.5,0,26.660557,-0.0016781275,0,20.154971,-2.2797843e-06,0
0.5,0,26.660345,-0.0017574268,0,20.1642,-2.4945956e-06,0
0.5,0,26.660053,-0.0018427532,0,20.173428,-2.6917701e-06,0
0.5,0,26.65969,-0.0019165379,0,20.182657,-2.881661e-06,0
0.5,0,26.659294,-0.0019748325,0,20.191885,-3.0758184e-06,0
0.5,0,26.658917,-0.0020194441,0,20.201114,-3.2841442e-06,0
0.5,0,26.658627,-0.002055532,0,20.210342,-3.5135107e-06,0
0.5,0,26.658488,-0.0020925508,0,20.219571,-3.7674691e-06,0
0.5,0,26.658535,-0.0021421399,0,20.228799,-4.0462184e-06,0
0.5,0,26.658766,-0.0022131486,0,20.238028,-4.3466121e-06,0
0.5,0,26.659114,-0.0023082859,0,20.247256,-4.662746e-06,0
0.5,0,26.659473,-0.0024229868,0,20.256485,-4.9875e-06,0
0.5,0,26.659742,-0.0025462153,0,20.265713,-5.3144956e-06,0
0.5,0,26.659836,-0.0026619472,0,20.274942,-5.6394112e-06,0
0.5,0,26.659699,-0.0027540674,0,20.28417,-5.9601882e-06,0
0.5,0,26.659333,-0.0028063304,0,20.293398,-6.2763834e-06,0
0.5,0,26.658828,-0.0028043842,0,20.302627,-6.588357e-06,0
0.5,0,26.658309,-0.0027416814,0,20.311855,-6.8966999e-06,0
0.5,0,26.657844,-0.0026332694,0,20.321084,-7.2016553e-06,0
0.5,0,26.657457,-0.002504987,0,20.330312,-7.5020948e-06,0
0.5,0,26.657173,-0.0023744588,0,20.339541,-7.7945834e-06,0
0.5,0,26.657001,-0.0022576999,0,20.348769,-8.0734876e-06,0
0.5,0,26.656949,-0.0021664685,0,20.357998,-8.3320655e-06,0
0.5,0,26.657026,-0.0021071026,0,20.367226,-8.5641702e-06,0
0.5,0,26.657232,-0.0020831916,0,20.376455,-8.7659923e-06,0
0.5,0,26.657557,-0.0020953057,0,20.385683,-8.9371103e-06,0
0.5,0,26.657968,-0.0021384704,0,20.394912,-9.0804428e-06,0
0.5,0,26.658408,-0.0022014233,0,20.40414,-9.2012944e-06,0
0.5,0,26.658817,-0.0022702463,0,20.413369,-9.3061144e-06,0
0.5,0,26.659156,-0.0023370647,0,20.422597,-9.4013956e-06,0
0.5,0,26.659431,-0.0024001114,0,20.431825,-9.4926331e-06,0
0.5,0,26.659673,-0.0024513048,0,20.441054,-9.5832787e-06,0
0.5,0,26.659909,-0.0024906659,0,20.450282,-9.6741276e-06,0
0.5,0,26.660174,-0.0025294048,0,20.459511,-9.7635092e-06,0
0.5,0,26.660505,-0.0025708187,0,20.468739,-9.8479229e-06,0
0.5,0,26.660907,-0.0026167673,0,20.477968,-9.9229525e-06,0
0.5,0,26.661354,-0.0026786578,0,20.487196,-9.9852013e-06,0
0.5,0,26.661814,-0.0027767441,0,20.496425,-1.0035022e-05,0
0.5,0,26.66221,-0.0029217859,0,20.505653,-1.0077349e-05,0
0.5,0,26.662466,-0.0031008499,0,20.514882,-1.0119229e-05,0
0.5,0,26.662565,-0.0032937843,0,20.52411,-1.0166997e-05,0
0.5,0,26.66248,-0.0034901741,0,20.533339,-1.0225285e-05,0
0.5,0,26.662195,-0.0036815183,0,20.542567,-1.0297199e-05,0
0.5,0,26.661795,-0.0038551207,0,20.551796,-1.0384219e-05,0
0.5,0,26.661385,-0.0040025288,0,20.561024,-1.0484631e-05,0
0.5,0,26.661039,-0.0041238547,0,20.570252,-1.0591848e-05,0
0.5,0,26.660766,-0.0042163557,0,20.579481,-1.069506e-05,0
0.5,0,26.660634,-0.004266791,0,20.588709,-1.0782387e-05,0
0.5,0,26.66055,-0.0042689334,0,20.597938,-1.0844053e-05,0
0.5,0,26.660549,-0.0042269571,0,20.607166,-1.0872049e-05,0
0.5,0,26.660639,-0.0041488585,0,20.616395,-1.0858757e-05,0
0.5,0,26.660666,-0.0040532673,0,20.625623,-1.079881e-05,0
0.5,0,26.66068,-0.0039550407,0,20.634852,-1.0691365e-05,0
0.5,0,26.660645,-0.0038602582,0,20.64408,-1.0540078e-05,0
0.5,0,26.660567,-0.0037824407,0,20.653309,-1.0351888e-05,0
0.5,0,26.660474,-0.0037346052,0,20.662537,-1.0135355e-05,0
0.5,0,26.660388,-0.0037163631,0,20.671766,-9.8993998e-06,0
0.5,0,26.660356,-0.0037255229,0,20.680994,-9.6529935e-06,0
0.5,0,26.660384,-0.0037627505,0,20.690223,-9.405157e-06,0
0.5,0,26.660443,-0.0038187147,0,20.699451,-9.1642787e-06,0
0.5,0,26.660514,-0.0038781414,0,20.708679,-8.9371328e-06,0
0.5,0,26.660607,-0.0039317568,0,20.717908,-8.7284074e-06,0
0.5,0,26.660765,-0.0039748093,0,20.727136,-8.5402575e-06,0
0.5,0,26.66103,-0.004004425,0,20.736365,-8.3718171e-06,0
0.5,0,26.661404,-0.0040195366,0,20.745593,-8.2191531e-06,0
0.5,0,26.661847,-0.0040133189,0,20.754822,-8.0757766e-06,0
0.5,0,26.662311,-0.0039692023,0,20.76405,-7.9336657e-06,0
0.5,0,26.662752,-0.0038745483,0,20.773279,-7.7845565e-06,0
0.5,0,26.663118,-0.0037266197,0,20.782507,-7.6212242e-06,0
0.5,0,26.663379,-0.0035233344,0,20.791736,-7.4382543e-06,0
0.5,0,26.66354,-0.0032665185,0,20.800964,-7.2323334e-06,0
0.5,0,26.663611,-0.0029700375,0,20.810193,-7.0025457e-06,0
0.5,0,26.66361,-0.0026565906,0,20.819421,-6.7504841e-06,0
0.5,0,26.66356,-0.0023533408,0,20.82865,-6.4801162e-06,0
0.5,0,26.663486,-0.0020882718,0,20.837878,-6.1975152e-06,0
0.5,0,26.663413,-0.0018857883,0,20.847106,-5.9104838e-06,0
0.5,0,26.663359,-0.0017631504,0,20.856335,-5.6280648e-06,0
0.5,0,26.663332,-0.0017283996,0,20.865563,-5.3599527e-06,0
0.5,0,26.663324,-0.0017798305,0,20.874792,-5.1158566e-06,0
0.5,0,26.663323,-0.0019070876,0,20.88402,-4.9048847e-06,0
0.5,0,26.663311,-0.0020942362,0,20.893249,-4.7350331e-06,0
0.5,0,26.663286,-0.002323315,0,20.902477,-4.6128728e-06,0
0.5,0,26.663254,-0.002576348,0,20.911706,-4.5433928e-06,0
0.5,0,26.663238,-0.0028358421,0,20.920934,-4.529729e-06,0
0.5,0,26.663246,-0.0030876133,0,20.930163,-4.57283e-06,0
0.5,0,26.663259,-0.0033257771,0,20.939391,-4.6715056e-06,0
0.5,0,26.663276,-0.0035521837,0,20.94862,-4.8227349e-06,0
0.5,0,26.663272,-0.0037710849,0,20.957848,-5.0216293e-06,0
0.5,0,26.663217,-0.0039855064,0,20.967077,-5.2610035e-06,0
0.5,0,26.663097,-0.0041959921,0,20.976305,-5.5311314e-06,0
0.5,0,26.662931,-0.0043999144,0,20.985533,-5.8200927e-06,0
0.5,0,26.662759,-0.0045909872,0,20.994762,-6.1146682e-06,0
0.5,0,26.662604,-0.0047586799,0,21.00399,-6.4013983e-06,0
0.5,0,26.662467,-0.0048900086,0,21.013219,-6.667664e-06,0
0.5,0,26.662344,-0.0049749291,0,21.022447,-6.9027786e-06,0
0.5,0,26.662231,-0.005009067,0,21.031676,-7.0987741e-06,0
0.5,0,26.662133,-0.0049927664,0,21.040904,-7.2507089e-06,0
0.5,0,26.662052,-0.0049311201,0,21.050133,-7.3566361e-06,0
0.5,0,26.661992,-0.0048340165,0,21.059361,-7.4174641e-06,0
0.5,0,26.661959,-0.0047140038,0,21.06859,-7.4366264e-06,0
0.5,0,26.661947,-0.0045820944,0,21.077818,-7.4193072e-06,0
0.5,0,26.661937,-0.0044450629,0,21.087047,-7.3714949e-06,0
0.5,0,26.661895,-0.0043075169,0,21.096275,-7.2993805e-06,0
0.5,0,26.661804,-0.0041720042,0,21.105504,-7.2091856e-06,0
0.5,0,26.66158,-0.0040389735,0,21.114732,-7.1073285e-06,0
0.5,0,26.661715,-0.0039239737,0,21.12396,-7.0007914e-06,0
0.5,0,26.661792,-0.0038111786,0,21.133189,-6.8977733e-06,0
0.5,0,26.661477,-0.0036865335,0,21.142417,-6.807688e-06,0
0.5,0,26.661348,-0.0035705409,0,21.151646,-6.7406283e-06,0
0.5,0,26.661254,-0.0034665905,0,21.160874,-6.7068145e-06,0
0.5,0,26.661164,-0.0033760761,0,21.170103,-6.7156508e-06,0
0.5,0,26.661099,-0.0033018366,0,21.179331,-6.7748486e-06,0
0.5,0,26.661064,-0.0032461852,0,21.18856,-6.8897676e-06,0
0.5,0,26.661063,-0.003210045,0,21.197788,-7.0631299e-06,0
0.5,0,26.66109,-0.0031921848,0,21.207017,-7.2949673e-06,0
0.5,0,26.661132,-0.0031965159,0,21.216245,-7.582834e-06,0
0.5,0,26.661186,-0.0032338534,0,21.225474,-7.9224917e-06,0
0.5,0,26.661236,-0.0033033179,0,21.234702,-8.3089465e-06,0
0.5,0,26.661231,-0.0034039692,0,21.243931,-8.7364269e-06,0
0.5,0,26.661135,-0.0035430994,0,21.253159,-9.1989428e-06,0
0.5,0,26.660951,-0.0037202438,0,21.262387,-9.6908109e-06,0
0.5,0,26.660705,-0.0039285675,0,21.271616,-1.0205848e-05,0
0.5,0,26.660438,-0.0041570132,0,21.280844,-1.0736925e-05,0
0.5,0,26.660181,-0.0043925051,0,21.290073,-1.1275647e-05,0
0.5,0,26.659944,-0.0046252844,0,21.299301,-1.1812802e-05,0
0.5,0,26.659725,-0.0048524926,0,21.30853,-1.2339793e-05,0
0.5,0,26.65952,-0.0050750596,0,21.317758,-1.2850196e-05,0
0.5,0,26.659331,-0.0052865019,0,21.326987,-1.3339872e-05,0
0.5,0,26.659205,-0.0054692032,0,21.336215,-1.3807113e-05,0
0.5,0,26.659166,-0.0055392572,0,21.345444,-1.4250182e-05,0
0.5,0,26.658956,-0.0055790848,0,21.354672,-1.4657499e-05,0
0.5,0,26.658857,-0.0056833493,0,21.363901,-1.5042622e-05,0
0.5,0,26.659044,-0.0057068218,0,21.373129,-1.5429415e-05,0
0.5,0,26.659197,-0.0056350865,0,21.382358,-1.5817743e-05,0
0.5,0,26.659311,-0.00552333,0,21.391586,-1.6213561e-05,0
0.5,0,26.659378,-0.0053463084,0,21.400815,-1.6627969e-05,0
0.5,0,26.65944,-0.0051032776,0,21.410043,-1.7067313e-05,0
0.5,0,26.659525,-0.004811009,0,21.419271,-1.7532937e-05,0
0.5,0,26.659609,-0.0044829222,0,21.4285,-1.8022805e-05,0
0.5,0,26.659646,-0.004136717,0,21.437728,-1.8532594e-05,0
0.5,0,26.659607,-0.0037972781,0,21.446957,-1.905617e-05,0
0.5,0,26.659506,-0.003492061,0,21.456185,-1.9585913e-05,0
0.5,0,26.659379,-0.0032450542,0,21.465414,-2.0113141e-05,0
0.5,0,26.65927,-0.0030728382,0,21.474642,-2.0628412e-05,0
0.5,0,26.659204,-0.0029828322,0,21.483871,-2.1121639e-05,0
0.5,0,26.659186,-0.0029727533,0,21.493099,-2.1582243e-05,0
0.5,0,26.659212,-0.0030310935,0,21.502328,-2.1999523e-05,0
0.5,0,26.659268,-0.0031395156,0,21.511556,-2.2363298e-05,0
0.5,0,26.65933,-0.0032767396,0,21.520785,-2.2664832e-05,0
0.5,0,26.659374,-0.0034220474,0,21.530013,-2.2898046e-05,0
0.5,0,26.659381,-0.0035571505,0,21.539242,-2.3060738e-05,0
0.5,0,26.659347,-0.0036669757,0,21.54847,-2.3155451e-05,0
0.5,0,26.659278,-0.0037398687,0,21.557698,-2.3189676e-05,0
0.5,0,26.659179,-0.0037671915,0,21.566927,-2.3175323e-05,0
0.5,0,26.659051,-0.0037427684,0,21.576155,-2.3127472e-05,0
0.5,0,26.658888,-0.0036634379,0,21.585384,-2.3062583e-05,0
0.5,0,26.658691,-0.003531056,0,21.594612,-2.299655e-05,0
0.5,0,26.658461,-0.003354224,0,21.603841,-2.2942906e-05,0
0.5,0,26.658208,-0.0031490936,0,21.613069,-2.2911396e-05,0
0.5,0,26.65794,-0.0029373498,0,21.622298,-2.2907036e-05,0
0.5,0,26.657668,-0.0027424976,0,21.631526,-2.2929725e-05,0
0.5,0,26.657405,-0.0025865818,0,21.640755,-2.2974515e-05,0
0.5,0,26.657171,-0.0024875765,0,21.649983,-2.3032605e-05,0
0.5,0,26.656996,-0.0024562342,0,21.659212,-2.3093056e-05,0
0.5,0,26.656917,-0.0024926814,0,21.66844,-2.3144872e-05,0
0.5,0,26.656953,-0.0025908735,0,21.677669,-2.3178886e-05,0
0.5,0,26.657078,-0.0027407733,0,21.686897,-2.3189202e-05,0
0.5,0,26.657247,-0.0029175742,0,21.696125,-2.3173744e-05,0
0.5,0,26.65743,-0.0030859041,0,21.705354,-2.3133846e-05,0
0.5,0,26.657602,-0.0032154862,0,21.714582,-2.3073824e-05,0
0.5,0,26.657751,-0.0032864424,0,21.723811,-2.300065e-05,0
0.5,0,26.657885,-0.0032907872,0,21.733039,-2.292341e-05,0
0.5,0,26.658017,-0.0032305712,0,21.742268,-2.2852189e-05,0
0.5,0,26.658156,-0.0031200184,0,21.751496,-2.2796276e-05,0
0.5,0,26.658292,-0.0029860978,0,21.760725,-2.2762709e-05,0
0.5,0,26.658422,-0.0028556253,0,21.769953,-2.2755143e-05,0
0.5,0,26.658546,-0.0027492516,0,21.779182,-2.2773032e-05,0
0.5,0,26.658657,-0.0026827477,0,21.78841,-2.2811977e-05,0
0.5,0,26.658749,-0.0026629854,0,21.797639,-2.2864877e-05,0
0.5,0,26.658818,-0.0026862866,0,21.806867,-2.2923326e-05,0
0.5,0,26.658872,-0.0027402542,0,21.816096,-2.2979066e-05,0
0.5,0,26.658923,-0.0028079113,0,21.825324,-2.3025369e-05,0
0.5,0,26.658978,-0.0028721017,0,21.834552,-2.3057948e-05,0
0.5,0,26.659034,-0.002920751,0,21.843781,-2.3075275e-05,0
0.5,0,26.659084,-0.0029496041,0,21.853009,-2.3078599e-05,0
0.5,0,26.659139,-0.0029599093,0,21.862238,-2.3071174e-05,0
0.5,0,26.659229,-0.0029549237,0,21.871466,-2.3056886e-05,0
0.5,0,26.659378,-0.0029404207,0,21.880695,-2.3039022e-05,0
0.5,0,26.659576,-0.0029259205,0,21.889923,-2.3019425e-05,0
0.5,0,26.659797,-0.0029190108,0,21.899152,-2.2998337e-05,0
0.5,0,26.660031,-0.0029196504,0,21.90838,-2.2974552e-05,0
0.5,0,26.660298,-0.0029258098,0,21.917609,-2.2945586e-05,0
0.5,0,26.660609,-0.0029392271,0,21.926837,-2.2908581e-05,0
0.5,0,26.66094,-0.0029574293,0,21.936066,-2.2861425e-05,0
0.5,0,26.661261,-0.0029709224,0,21.945294,-2.2803072e-05,0
0.5,0,26.661556,-0.0029690567,0,21.954523,-2.273338e-05,0
0.5,0,26.661834,-0.002944963,0,21.963751,-2.2652836e-05,0
0.5,0,26.662121,-0.0029016342,0,21.972979,-2.2562635e-05,0
0.5,0,26.662449,-0.0028520819,0,21.982208,-2.2465053e-05,0
0.5,0,26.662858,-0.002810252,0,21.991436,-2.2363288e-05,0
0.5,0,26.663387,-0.002782209,0,22.000665,-2.226028e-05,0
0.5,0,26.664062,-0.0027665319,0,22.009893,-2.2157386e-05,0
0.5,0,26.664885,-0.0027607023,0,22.019122,-2.2054268e-05,0
0.5,0,26.665845,-0.0027643794,0,22.02835,-2.1950026e-05,0
0.5,0,26.666923,-0.0027776683,0,22.037579,-2.1844332e-05,0
0.5,0,26.668067,-0.0027990491,0,22.046807,-2.1737657e-05,0
0.5,0,26.669196,-0.002825797,0,22.056036,-2.1630822e-05,0
0.5,0,26.670307,-0.0028554846,0,22.065264,-2.1524485e-05,0
0.5,0,26.671488,-0.0028863391,0,22.074493,-2.1418745e-05,0
0.5,0,26.6728,-0.0029164378,0,22.083721,-2.1312839e-05,0
0.5,0,26.674211,-0.0029431136,0,22.09295,-2.1205075e-05,0
0.5,0,26.675637,-0.0029633096,0,22.102178,-2.1093147e-05,0
0.5,0,26.676993,-0.0029749301,0,22.111406,-2.0974675e-05,0
0.5,0,26.678202,-0.0029783652,0,22.120635,-2.0847657e-05,0
0.5,0,26.679195,-0.0029761847,0,22.129863,-2.0710741e-05,0
0.5,0,26.679926,-0.0029711269,0,22.139092,-2.0563524e-05,0
0.5,0,26.680399,-0.0029650024,0,22.14832,-2.0406811e-05,0
0.5,0,26.680661,-0.0029600539,0,22.157549,-2.0242614e-05,0
0.5,0,26.680792,-0.0029598388,0,22.166777,-2.0073709e-05,0
0.5,0,26.680876,-0.0029679888,0,22.176006,-1.9903013e-05,0
0.5,0,26.680978,-0.0029863473,0,22.185234,-1.9733195e-05,0
0.5,0,26.681132,-0.003013729,0,22.194463,-1.9566387e-05,0
0.5,0,26.681337,-0.0030463659,0,22.203691,-1.9403881e-05,0
0.5,0,26.681569,-0.003079571,0,22.21292,-1.9245922e-05,0
0.5,0,26.681792,-0.0031091926,0,22.222148,-1.9091718e-05,0
0.5,0,26.681982,-0.0031328313,0,22.231377,-1.8939691e-05,0
0.5,0,26.68213,-0.0031504721,0,22.240605,-1.8787887e-05,0
0.5,0,26.68225,-0.0031640964,0,22.249833,-1.8634374e-05,0
0.5,0,26.682371,-0.003176954,0,22.259062,-1.8477618e-05,0
0.5,0,26.682528,-0.0031921586,0,22.26829,-1.8316664e-05,0
0.5,0,26.682754,-0.0032112934,0,22.277519,-1.8151054e-05,0
0.5,0,26.683073,-0.0032339695,0,22.286747,-1.7980591e-05,0
0.5,0,26.683511,-0.0032584848,0,22.295976,-1.7805143e-05,0
0.5,0,26.684111,-0.0032831368,0,22.305204,-1.762461e-05,0
0.5,0,26.684956,-0.0033074979,0,22.314433,-1.7439035e-05,0
0.5,0,26.686181,-0.0033328905,0,22.323661,-1.724877e-05,0
0.5,0,26.687966,-0.0033615957,0,22.33289,-1.7054583e-05,0
0.5,0,26.690499,-0.0033952229,0,22.342118,-1.6857575e-05,0
0.5,0,26.693919,-0.0034332102,0,22.351347,-1.6658887e-05,0
0.5,0,26.698246,-0.0034725461,0,22.360575,-1.6459314e-05,0
0.5,0,26.703352,-0.0035089443,0,22.369804,-1.6258992e-05,0
0.5,0,26.708961,-0.0035385401,0,22.379032,-1.6057345e-05,0
0.5,0,26.714708,-0.0035594684,0,22.38826,-1.5853335e-05,0
0.5,0,26.720228,-0.0035725824,0,22.397489,-1.5645931e-05,0
0.5,0,26.725248,-0.0035810122,0,22.406717,-1.5434573e-05,0
0.5,0,26.729644,-0.0035886358,0,22.415946,-1.5219409e-05,0
0.5,0,26.733429,-0.0035978955,0,22.425174,-1.5001209e-05,0
0.5,0,26.736701,-0.0036083156,0,22.434403,-1.4780979e-05,0
0.5,0,26.739565,-0.0036172445,0,22.443631,-1.4559441e-05,0
0.5,0,26.742082,-0.0036224823,0,22.45286,-1.4336762e-05,0
0.5,0,26.744238,-0.0036250191,0,22.462088,-1.4112797e-05,0
0.5,0,26.745952,-0.0036293196,0,22.471317,-1.3887635e-05,0
0.5,0,26.747134,-0.0036394704,0,22.480545,-1.3661927e-05,0
0.5,0,26.747686,-0.003656897,0,22.489774,-1.3436728e-05,0
0.5,0,26.747641,-0.003678189,0,22.499002,-1.3212903e-05,0
0.5,0,26.746991,-0.0036983633,0,22.508231,-1.2990639e-05,0
0.5,0,26.745844,-0.0037151121,0,22.517459,-1.2769219e-05,0
0.5,0,26.744271,-0.0037249519,0,22.526687,-1.2547227e-05,0
0.5,0,26.74223,-0.0037272554,0,22.535916,-1.2323646e-05,0
0.5,0,26.739888,-0.0037272296,0,22.545144,-1.2097873e-05,0
0.5,0,26.737348,-0.0037334912,0,22.554373,-1.186898e-05,0
0.5,0,26.734754,-0.0037540055,0,22.563601,-1.1636575e-05,0
0.5,0,26.732328,-0.0037911173,0,22.57283,-1.1401608e-05,0
0.5,0,26.730346,-0.0038418169,0,22.582058,-1.1165595e-05,0
0.5,0,26.729057,-0.0038981722,0,22.591287,-1.0929333e-05,0
0.5,0,26.728571,-0.003948666,0,22.600515,-1.0692115e-05,0
0.5,0,26.728852,-0.0039838022,0,22.609744,-1.0451751e-05,0
0.5,0,26.72976,-0.0040015213,0,22.618972,-1.0205378e-05,0
0.5,0,26.731109,-0.0040070171,0,22.628201,-9.9506504e-06,0
0.5,0,26.732708,-0.0040091361,0,22.637429,-9.686648e-06,0
0.5,0,26.734391,-0.0040159024,0,22.646658,-9.41403e-06,0
0.5,0,26.736042,-0.0040309691,0,22.655886,-9.1344177e-06,0
0.5,0,26.737609,-0.0040525384,0,22.665114,-8.8493789e-06,0
0.5,0,26.73909,-0.0040750067,0,22.674343,-8.5595479e-06,0
0.5,0,26.740523,-0.004092531,0,22.683571,-8.2642972e-06,0
0.5,0,26.741951,-0.0041029887,0,22.6928,-7.9621137e-06,0
0.5,0,26.743408,-0.0041099538,0,22.702028,-7.6514923e-06,0
0.5,0,26.74491,-0.00412073,0,22.711257,-7.3318791e-06,0
0.5,0,26.746467,-0.0041408871,0,22.720485,-7.0040755e-06,0
0.5,0,26.748096,-0.0041686373,0,22.729714,-6.6697443e-06,0
0.5,0,26.74983,-0.0041933532,0,22.738942,-6.3302584e-06,0
0.5,0,26.751704,-0.0042003444,0,22.748171,-5.9856861e-06,0
0.5,0,26.753737,-0.0041794005,0,22.757399,-5.6346962e-06,0
0.5,0,26.755909,-0.0041319397,0,22.766628,-5.2755846e-06,0
0.5,0,26.758152,-0.004072531,0,22.775856,-4.9079223e-06,0
0.5,0,26.760351,-0.0040224027,0,22.785085,-4.5338462e-06,0
0.5,0,26.762384,-0.0039981049,0,22.794313,-4.1580914e-06,0
0.5,0,26.764169,-0.0040036478,0,22.803541,-3.7865847e-06,0
0.5,0,26.765651,-0.0040307492,0,22.81277,-3.424421e-06,0
0.5,0,26.766769,-0.0040648242,0,22.821998,-3.074488e-06,0
0.5,0,26.767462,-0.0040894724,0,22.831227,-2.737149e-06,0
0.5,0,26.76767,-0.004089145,0,22.840455,-2.4104522e-06,0
0.5,0,26.767323,-0.0040582398,0,22.849684,-2.0907818e-06,0
0.5,0,26.766341,-0.0040146464,0,22.858912,-1.7751918e-06,0
0.5,0,26.76463,-0.0039903329,0,22.868141,-1.4647787e-06,0
0.5,0,26.762085,-0.0039946267,0,22.877369,-1.1646612e-06,0
0.5,0,26.758595,-0.0040034973,0,22.886598,-8.7860554e-07,0
0.5,0,26.754162,-0.004004218,0,22.895826,-6.0535087e-07,0
0.5,0,26.74897,-0.0040364268,0,22.905055,-3.419085e-07,0
0.5,0,26.743312,-0.0041638977,0,22.914283,-8.7285866e-08,0
0.5,0,26.741216,-0.0042126089,0,22.9176,-2.5804012e-15,0
0.5,0,26.655869,-0.0015332251,0,23.108081,-1.9261992e-07,0
0.5,0,26.658165,-0.0013088712,0,23.100397,-2.5804012e-15,0
0.5,0,26.654032,-0.0017515098,0,23.117309,-4.3542172e-07,0
0.5,0,26.652847,-0.0018764988,0,23.126538,-6.8257187e-07,0
0.5,0,26.652123,-0.0019648977,0,23.135766,-9.2886155e-07,0
0.5,0,26.651756,-0.0020336246,0,23.144995,-1.1713819e-06,0
0.5,0,26.651635,-0.0020923908,0,23.154223,-1.4080475e-06,0
0.5,0,26.651635,-0.00214372,0,23.163452,-1.6373694e-06,0
0.5,0,26.651646,-0.0021855058,0,23.17268,-1.8588868e-06,0
0.5,0,26.651597,-0.0022185881,0,23.181909,-2.0727973e-06,0
0.5,0,26.651465,-0.0022486268,0,23.191137,-2.2790996e-06,0
0.5,0,26.651274,-0.0022814567,0,23.200366,-2.4772207e-06,0
0.5,0,26.651069,-0.002318884,0,23.209594,-2.6663844e-06,0
0.5,0,26.650892,-0.0023589751,0,23.218822,-2.8461428e-06,0
0.5,0,26.650771,-0.0023994192,0,23.228051,-3.0164048e-06,0
0.5,0,26.650713,-0.0024406598,0,23.237279,-3.177013e-06,0
0.5,0,26.650708,-0.0024860449,0,23.246508,-3.3273193e-06,0
0.5,0,26.650728,-0.0025388105,0,23.255736,-3.4660506e-06,0
0.5,0,26.65075,-0.0025992205,0,23.264965,-3.5915927e-06,0
0.5,0,26.650759,-0.0026644271,0,23.274193,-3.7025538e-06,0
0.5,0,26.650756,-0.0027298569,0,23.283422,-3.7982593e-06,0
0.5,0,26.650748,-0.0027910174,0,23.29265,-3.8790097e-06,0
0.5,0,26.650739,-0.0028447012,0,23.301879,-3.9460745e-06,0
0.5,0,26.650728,-0.0028889445,0,23.311107,-4.0014734e-06,0
0.5,0,26.650713,-0.0029225375,0,23.320336,-4.0476534e-06,0
0.5,0,26.650689,-0.0029445668,0,23.329564,-4.0872755e-06,0
0.5,0,26.650655,-0.0029515863,0,23.338793,-4.1231547e-06,0
0.5,0,26.650607,-0.0029425808,0,23.348021,-4.1583013e-06,0
0.5,0,26.650544,-0.0029227029,0,23.357249,-4.1961951e-06,0
0.5,0,26.650466,-0.0028957575,0,23.366478,-4.2408141e-06,0
0.5,0,26.650374,-0.0028616906,0,23.375706,-4.2958313e-06,0
0.5,0,26.650269,-0.0028188998,0,23.384935,-4.3636591e-06,0
0.5,0,26.650148,-0.0027665877,0,23.394163,-4.4452022e-06,0
0.5,0,26.650018,-0.0027064081,0,23.403392,-4.5403286e-06,0
0.5,0,26.64988,-0.0026414322,0,23.41262,-4.6485072e-06,0
0.5,0,26.649708,-0.0025739408,0,23.421849,-4.7690642e-06,0
0.5,0,26.649517,-0.0025059096,0,23.431077,-4.9011202e-06,0
0.5,0,26.649376,-0.0024415509,0,23.440306,-5.0436566e-06,0
0.5,0,26.649348,-0.002387083,0,23.449534,-5.1957502e-06,0
0.5,0,26.649437,-0.0023469989,0,23.458763,-5.3564493e-06,0
0.5,0,26.649623,-0.0023215759,0,23.467991,-5.5240175e-06,0
0.5,0,26.649887,-0.0023087076,0,23.47722,-5.695186e-06,0
0.5,0,26.65021,-0.0023079361,0,23.486448,-5.8652493e-06,0
0.5,0,26.650572,-0.0023224615,0,23.495676,-6.0288566e-06,0
0.5,0,26.650949,-0.0023571749,0,23.504905,-6.1806201e-06,0
0.5,0,26.651314,-0.0024148756,0,23.514133,-6.3151793e-06,0
0.5,0,26.651625,-0.0024949308,0,23.523362,-6.4271673e-06,0
0.5,0,26.651852,-0.0025950118,0,23.53259,-6.5114175e-06,0
0.5,0,26.652,-0.002713275,0,23.541819,-6.5632687e-06,0
0.5,0,26.652082,-0.0028469361,0,23.551047,-6.5787528e-06,0
0.5,0,26.652091,-0.0029941306,0,23.560276,-6.5546758e-06,0
0.5,0,26.652036,-0.0031519624,0,23.569504,-6.4888101e-06,0
0.5,0,26.651945,-0.0033144403,0,23.578733,-6.3805578e-06,0
0.5,0,26.651848,-0.0034729515,0,23.587961,-6.2309398e-06,0
0.5,0,26.651738,-0.0036171436,0,23.59719,-6.0417502e-06,0
0.5,0,26.65159,-0.0037457371,0,23.606418,-5.8160505e-06,0
0.5,0,26.651426,-0.0038584282,0,23.615647,-5.5587497e-06,0
0.5,0,26.651306,-0.0039467638,0,23.624875,-5.275955e-06,0
0.5,0,26.651264,-0.0040031979,0,23.634103,-4.9744207e-06,0
0.5,0,26.651295,-0.0040241927,0,23.643332,-4.6613714e-06,0
0.5,0,26.651364,-0.0040089538,0,23.65256,-4.3444586e-06,0
0.5,0,26.651433,-0.0039587467,0,23.661789,-4.0316901e-06,0
0.5,0,26.651476,-0.0038786748,0,23.671017,-3.7311981e-06,0
0.5,0,26.651495,-0.0037737431,0,23.680246,-3.450739e-06,0
0.5,0,26.651511,-0.0036464754,0,23.689474,-3.1970276e-06,0
0.5,0,26.651539,-0.0035017059,0,23.698703,-2.9750965e-06,0
0.5,0,26.651585,-0.0033473044,0,23.707931,-2.7878941e-06,0
0.5,0,26.651652,-0.0031937029,0,23.71716,-2.6362564e-06,0
0.5,0,26.651746,-0.0030455317,0,23.726388,-2.5192287e-06,0
0.5,0,26.651869,-0.0029080588,0,23.735617,-2.4345815e-06,0
0.5,0,26.652031,-0.0027904767,0,23.744845,-2.3792265e-06,0
0.5,0,26.652237,-0.0026959046,0,23.754074,-2.3495262e-06,0
0.5,0,26.652484,-0.0026242664,0,23.763302,-2.3417402e-06,0
0.5,0,26.652756,-0.0025731537,0,23.77253,-2.3525867e-06,0
0.5,0,26.653037,-0.0025374884,0,23.781759,-2.3796716e-06,0
0.5,0,26.653302,-0.0025101872,0,23.790987,-2.4216262e-06,0
0.5,0,26.653522,-0.0024832951,0,23.800216,-2.4780979e-06,0
0.5,0,26.65367,-0.0024487255,0,23.809444,-2.5497751e-06,0
0.5,0,26.65373,-0.0023986565,0,23.818673,-2.6382843e-06,0
0.5,0,26.653705,-0.0023268992,0,23.827901,-2.7458607e-06,0
0.5,0,26.653613,-0.0022311612,0,23.83713,-2.8749187e-06,0
0.5,0,26.653485,-0.0021141235,0,23.846358,-3.027671e-06,0
0.5,0,26.653345,-0.0019832609,0,23.855587,-3.2057344e-06,0
0.5,0,26.653206,-0.0018497409,0,23.864815,-3.4095898e-06,0
0.5,0,26.653075,-0.0017257477,0,23.874044,-3.6379563e-06,0
0.5,0,26.652962,-0.0016221019,0,23.883272,-3.8873214e-06,0
0.5,0,26.652878,-0.0015479612,0,23.892501,-4.1517179e-06,0
0.5,0,26.652821,-0.0015112929,0,23.901729,-4.4227853e-06,0
0.5,0,26.652777,-0.0015194529,0,23.910957,-4.6902341e-06,0
0.5,0,26.652734,-0.0015784871,0,23.920186,-4.9425001e-06,0
0.5,0,26.652706,-0.0016902274,0,23.929414,-5.16754e-06,0
0.5,0,26.652717,-0.0018520754,0,23.938643,-5.3537982e-06,0
0.5,0,26.65278,-0.0020592614,0,23.947871,-5.4909026e-06,0
0.5,0,26.65289,-0.0023035856,0,23.9571,-5.5702718e-06,0
0.5,0,26.653042,-0.002571272,0,23.966328,-5.5860142e-06,0
0.5,0,26.653227,-0.0028447539,0,23.975557,-5.5356456e-06,0
0.5,0,26.653437,-0.0031062648,0,23.984785,-5.4202269e-06,0
0.5,0,26.653664,-0.0033400515,0,23.994014,-5.2440653e-06,0
0.5,0,26.653897,-0.003533555,0,24.003242,-5.0142e-06,0
0.5,0,26.654121,-0.0036784999,0,24.012471,-4.7397581e-06,0
0.5,0,26.654324,-0.0037716785,0,24.021699,-4.4312123e-06,0
0.5,0,26.654495,-0.0038149302,0,24.030928,-4.0995601e-06,0
0.5,0,26.654624,-0.0038143422,0,24.040156,-3.7554669e-06,0
0.5,0,26.654703,-0.0037789901,0,24.049384,-3.408488e-06,0
0.5,0,26.654728,-0.0037193771,0,24.058613,-3.0665398e-06,0
0.5,0,26.654708,-0.0036460495,0,24.067841,-2.735771e-06,0
0.5,0,26.654664,-0.0035675057,0,24.07707,-2.4208209e-06,0
0.5,0,26.654622,-0.0034883354,0,24.086298,-2.125344e-06,0
0.5,0,26.654597,-0.0034080171,0,24.095527,-1.8526295e-06,0
0.5,0,26.654588,-0.0033202945,0,24.104755,-1.6061491e-06,0
0.5,0,26.654585,-0.0032175994,0,24.113984,-1.3899405e-06,0
0.5,0,26.654592,-0.0030936261,0,24.123212,-1.2086812e-06,0
0.5,0,26.654613,-0.0029374007,0,24.132441,-1.0673936e-06,0
0.5,0,26.654652,-0.0027452643,0,24.141669,-9.7088312e-07,0
0.5,0,26.654712,-0.002526155,0,24.150898,-9.230243e-07,0
0.5,0,26.654795,-0.0022911675,0,24.160126,-9.2596327e-07,0
0.5,0,26.654894,-0.0020559083,0,24.169355,-9.7938035e-07,0
0.5,0,26.654997,-0.0018404021,0,24.178583,-1.0799581e-06,0
0.5,0,26.655099,-0.0016653702,0,24.187811,-1.2211196e-06,0
0.5,0,26.655197,-0.0015482457,0,24.19704,-1.3930759e-06,0
0.5,0,26.655299,-0.0014995938,0,24.206268,-1.5833417e-06,0
0.5,0,26.655417,-0.001521801,0,24.215497,-1.7778937e-06,0
0.5,0,26.655552,-0.0016093429,0,24.224725,-1.9627333e-06,0
0.5,0,26.65569,-0.0017497984,0,24.233954,-2.1254105e-06,0
0.5,0,26.655807,-0.0019253764,0,24.243182,-2.2561333e-06,0
0.5,0,26.655883,-0.0021164945,0,24.252411,-2.348273e-06,0
0.5,0,26.655911,-0.0023063635,0,24.261639,-2.3983387e-06,0
0.5,0,26.655898,-0.0024833198,0,24.270868,-2.4057277e-06,0
0.5,0,26.655875,-0.0026420246,0,24.280096,-2.372443e-06,0
0.5,0,26.655865,-0.0027817125,0,24.289325,-2.302541e-06,0
0.5,0,26.655869,-0.0029024726,0,24.298553,-2.201329e-06,0
0.5,0,26.655875,-0.0030040512,0,24.307782,-2.0746962e-06,0
0.5,0,26.655861,-0.0030855411,0,24.31701,-1.9287252e-06,0
0.5,0,26.655807,-0.0031441768,0,24.326238,-1.7696291e-06,0
0.5,0,26.655705,-0.0031750116,0,24.335467,-1.604002e-06,0
0.5,0,26.65557,-0.0031717205,0,24.344695,-1.4390795e-06,0
0.5,0,26.655422,-0.0031280184,0,24.353924,-1.2826662e-06,0
0.5,0,26.65528,-0.0030397753,0,24.363152,-1.1426941e-06,0
0.5,0,26.655156,-0.0029074735,0,24.372381,-1.0265908e-06,0
0.5,0,26.655067,-0.0027380478,0,24.381609,-9.4061612e-07,0
0.5,0,26.655025,-0.0025449669,0,24.390838,-8.8920839e-07,0
0.5,0,26.655033,-0.0023463778,0,24.400066,-8.7435571e-07,0
0.5,0,26.655075,-0.002162231,0,24.409295,-8.9506493e-07,0
0.5,0,26.655124,-0.0020116232,0,24.418523,-9.4706025e-07,0
0.5,0,26.655156,-0.0019106884,0,24.427752,-1.0228618e-06,0
0.5,0,26.655151,-0.0018706912,0,24.43698,-1.1123723e-06,0
0.5,0,26.655103,-0.0018961263,0,24.446209,-1.2039583e-06,0
0.5,0,26.655019,-0.0019839626,0,24.455437,-1.2858286e-06,0
0.5,0,26.654918,-0.0021244654,0,24.464665,-1.3474267e-06,0
0.5,0,26.654831,-0.0023033937,0,24.473894,-1.3806052e-06,0
0.5,0,26.654776,-0.0024963759,0,24.483122,-1.3804942e-06,0
0.5,0,26.654745,-0.002678349,0,24.492351,-1.3460584e-06,0
0.5,0,26.654724,-0.0028314249,0,24.501579,-1.2803328e-06,0
0.5,0,26.654707,-0.0029383374,0,24.510808,-1.1902481e-06,0
0.5,0,26.654692,-0.0029868745,0,24.520036,-1.0859125e-06,0
0.5,0,26.654674,-0.0029719832,0,24.529265,-9.7932443e-07,0
0.5,0,26.654649,-0.0028957508,0,24.538493,-8.8270044e-07,0
0.5,0,26.654615,-0.0027676145,0,24.547722,-8.0674577e-07,0
0.5,0,26.65458,-0.0026042756,0,24.55695,-7.5917797e-07,0
0.5,0,26.654555,-0.0024285165,0,24.566179,-7.4370277e-07,0
0.5,0,26.654544,-0.0022659947,0,24.575407,-7.5950169e-07,0
0.5,0,26.654536,-0.0021407811,0,24.584636,-8.0125572e-07,0
0.5,0,26.654509,-0.0020715008,0,24.593864,-8.5971313e-07,0
0.5,0,26.654439,-0.0020678339,0,24.603092,-9.2298567e-07,0
0.5,0,26.65432,-0.002130486,0,24.612321,-9.7861518e-07,0
0.5,0,26.654173,-0.0022509321,0,24.621549,-1.0156013e-06,0
0.5,0,26.654028,-0.0024082715,0,24.630778,-1.0261977e-06,0
0.5,0,26.653907,-0.0025712146,0,24.640006,-1.0073603e-06,0
0.5,0,26.653812,-0.0027060555,0,24.649235,-9.6086111e-07,0
0.5,0,26.653725,-0.0027899554,0,24.658463,-8.9320284e-07,0
0.5,0,26.653656,-0.0028112711,0,24.667692,-8.1491326e-07,0
0.5,0,26.653624,-0.0027652404,0,24.67692,-7.3800375e-07,0
0.5,0,26.653635,-0.002660021,0,24.686149,-6.7327871e-07,0
0.5,0,26.65368,-0.0025178658,0,24.695377,-6.2861634e-07,0
0.5,0,26.653741,-0.0023701328,0,24.704606,-6.0818963e-07,0
0.5,0,26.653795,-0.002247153,0,24.713834,-6.1214662e-07,0
0.5,0,26.653815,-0.0021728091,0,24.723063,-6.3651184e-07,0
0.5,0,26.653791,-0.0021581895,0,24.732291,-6.7361271e-07,0
0.5,0,26.653731,-0.0021949007,0,24.741519,-7.1366377e-07,0
0.5,0,26.65362,-0.0022704149,0,24.750748,-7.4717968e-07,0
0.5,0,26.65344,-0.0023720128,0,24.759976,-7.6689921e-07,0
0.5,0,26.653197,-0.0024798892,0,24.769205,-7.6900051e-07,0
0.5,0,26.65292,-0.0025729498,0,24.778433,-7.5372411e-07,0
0.5,0,26.652632,-0.0026312216,0,24.787662,-7.2495501e-07,0
0.5,0,26.652344,-0.0026425205,0,24.79689,-6.8880306e-07,0
0.5,0,26.652059,-0.0026084957,0,24.806119,-6.5168248e-07,0
0.5,0,26.651778,-0.002542462,0,24.815347,-6.1907467e-07,0
0.5,0,26.651524,-0.0024624412,0,24.824576,-5.9486409e-07,0
0.5,0,26.65132,-0.0023834526,0,24.833804,-5.8008116e-07,0
0.5,0,26.651157,-0.0023211606,0,24.843033,-5.7283358e-07,0
0.5,0,26.651008,-0.002289109,0,24.852261,-5.6973744e-07,0
0.5,0,26.650857,-0.0022850582,0,24.86149,-5.6688403e-07,0
0.5,0,26.650701,-0.002301276,0,24.870718,-5.6110816e-07,0
0.5,0,26.65054,-0.0023321682,0,24.879946,-5.5098315e-07,0
0.5,0,26.650376,-0.0023646429,0,24.889175,-5.3617835e-07,0
0.5,0,26.650205,-0.002388219,0,24.898403,-5.1729744e-07,0
0.5,0,26.65004,-0.0023999309,0,24.907632,-4.9617711e-07,0
0.5,0,26.649905,-0.0023985987,0,24.91686,-4.7508864e-07,0
0.5,0,26.649818,-0.0023882094,0,24.926089,-4.5587102e-07,0
0.5,0,26.649776,-0.0023759986,0,24.935317,-4.3970446e-07,0
0.5,0,26.649762,-0.0023697229,0,24.944546,-4.2723752e-07,0
0.5,0,26.649763,-0.0023726849,0,24.953774,-4.186793e-07,0
0.5,0,26.64976,-0.0023774037,0,24.963003,-4.136564e-07,0
0.5,0,26.649728,-0.0023778984,0,24.972231,-4.1110412e-07,0
0.5,0,26.649668,-0.0023762309,0,24.98146,-4.0981867e-07,0
0.5,0,26.649594,-0.002374805,0,24.990688,-4.0912662e-07,0
0.5,0,26.649515,-0.002375616,0,24.999917,-4.0882867e-07,0
0.5,0,26.649437,-0.0023793597,0,25.009145,-4.0889421e-07,0
0.5,0,26.64937,-0.0023857058,0,25.018373,-4.0945632e-07,0
0.5,0,26.649325,-0.0023942962,0,25.027602,-4.1089289e-07,0
0.5,0,26.649304,-0.0024027589,0,25.03683,-4.1383324e-07,0
0.5,0,26.649312,-0.0024050321,0,25.046059,-4.186468e-07,0
0.5,0,26.649335,-0.0023976061,0,25.055287,-4.2478123e-07,0
0.5,0,26.649352,-0.0023838736,0,25.064516,-4.311231e-07,0
0.5,0,26.649369,-0.0023675908,0,25.073744,-4.3693605e-07,0
0.5,0,26.649406,-0.0023508837,0,25.082973,-4.4243368e-07,0
0.5,0,26.649464,-0.0023361842,0,25.092201,-4.4851198e-07,0
0.5,0,26.649538,-0.0023257849,0,25.10143,-4.5593735e-07,0
0.5,0,26.64962,-0.0023209709,0,25.110658,-4.6490534e-07,0
0.5,0,26.649704,-0.0023204067,0,25.119887,-4.7518711e-07,0
0.5,0,26.649783,-0.002321201,0,25.129115,-4.8643951e-07,0
0.5,0,26.649848,-0.0023220707,0,25.138344,-4.983624e-07,0
0.5,0,26.649886,-0.0023228124,0,25.147572,-5.1069557e-07,0
0.5,0,26.649883,-0.0023216236,0,25.1568,-5.2312439e-07,0
0.5,0,26.649832,-0.0023178912,0,25.166029,-5.3505939e-07,0
0.5,0,26.649726,-0.0023100568,0,25.175257,-5.4554704e-07,0
0.5,0,26.649576,-0.0022980894,0,25.184486,-5.5424257e-07,0
0.5,0,26.649411,-0.0022863943,0,25.193714,-5.619988e-07,0
0.5,0,26.649244,-0.0022745834,0,25.202943,-5.6946177e-07,0
0.5,0,26.649074,-0.0022617825,0,25.212171,-5.7656812e-07,0
0.5,0,26.648912,-0.0022491684,0,25.2214,-5.8354219e-07,0
0.5,0,26.648771,-0.0022351764,0,25.230628,-5.9116124e-07,0
0.5,0,26.648656,-0.0022196399,0,25.239857,-6.0041451e-07,0
0.5,0,26.648565,-0.0022050022,0,25.249085,-6.1211296e-07,0
0.5,0,26.64849,-0.0021927729,0,25.258314,-6.2652328e-07,0
0.5,0,26.648425,-0.0021830883,0,25.267542,-6.4327665e-07,0
0.5,0,26.648371,-0.0021758219,0,25.276771,-6.6160473e-07,0
0.5,0,26.648326,-0.0021701453,0,25.285999,-6.8061418e-07,0
0.5,0,26.648292,-0.00216521,0,25.295227,-6.994958e-07,0
0.5,0,26.648267,-0.0021614851,0,25.304456,-7.1773397e-07,0
0.5,0,26.64825,-0.0021604507,0,25.313684,-7.3520372e-07,0
0.5,0,26.648229,-0.0021610271,0,25.322913,-7.5201484e-07,0
0.5,0,26.648182,-0.0021606719,0,25.332141,-7.6862028e-07,0
0.5,0,26.648109,-0.0021595505,0,25.34137,-7.8581953e-07,0
0.5,0,26.648028,-0.0021575727,0,25.350598,-8.041236e-07,0
0.5,0,26.647944,-0.002156098,0,25.359827,-8.2399371e-07,0
0.5,0,26.647863,-0.0021541502,0,25.369055,-8.4619715e-07,0
0.5,0,26.6478,-0.0021456824,0,25.378284,-8.711376e-07,0
0.5,0,26.647761,-0.0021322686,0,25.387512,-8.9843899e-07,0
0.5,0,26.647723,-0.0021203209,0,25.396741,-9.272721e-07,0
0.5,0,26.647668,-0.0021089192,0,25.405969,-9.5706975e-07,0
0.5,0,26.647613,-0.0020951812,0,25.415198,-9.8770108e-07,0
0.5,0,26.647575,-0.0020801371,0,25.424426,-1.0187402e-06,0
0.5,0,26.647552,-0.0020700303,0,25.433654,-1.0497121e-06,0
0.5,0,26.647535,-0.0020677881,0,25.442883,-1.0808759e-06,0
0.5,0,26.64752,-0.0020616951,0,25.452111,-1.1121592e-06,0
0.5,0,26.647495,-0.0020458512,0,25.46134,-1.1420252e-06,0
0.5,0,26.647425,-0.0020472679,0,25.470568,-1.1702132e-06,0
0.5,0,26.647333,-0.0020745975,0,25.479797,-1.2000721e-06,0
0.5,0,26.647197,-0.0020927631,0,25.489025,-1.2338961e-06,0
0.5,0,26.647052,-0.0020902102,0,25.498254,-1.2690186e-06,0
0.5,0,26.646993,-0.0020838387,0,25.507482,-1.3017039e-06,0
0.5,0,26.646935,-0.0020770333,0,25.516711,-1.332434e-06,0
0.5,0,26.646784,-0.0020649364,0,25.525939,-1.3646747e-06,0
0.5,0,26.646622,-0.002063118,0,25.535168,-1.3990192e-06,0
0.5,0,26.646465,-0.0020825663,0,25.544396,-1.4329587e-06,0
0.5,0,26.64632,-0.0021024441,0,25.553625,-1.4653833e-06,0
0.5,0,26.646215,-0.002106552,0,25.562853,-1.4967424e-06,0
0.5,0,26.646123,-0.0021012734,0,25.572081,-1.5263735e-06,0
0.5,0,26.646063,-0.0020963057,0,25.58131,-1.5525964e-06,0
0.5,0,26.646025,-0.0020934428,0,25.590538,-1.5743265e-06,0
0.5,0,26.646007,-0.002091549,0,25.599767,-1.591353e-06,0
0.5,0,26.646009,-0.0020924269,0,25.608995,-1.6039911e-06,0
0.5,0,26.646015,-0.0020970091,0,25.618224,-1.6129541e-06,0
0.5,0,26.646013,-0.0021033669,0,25.627452,-1.619271e-06,0
0.5,0,26.645992,-0.0021085748,0,25.636681,-1.6240296e-06,0
0.5,0,26.645944,-0.0021108291,0,25.645909,-1.6281337e-06,0
0.5,0,26.645867,-0.0021105002,0,25.655138,-1.6322149e-06,0
0.5,0,26.645767,-0.0021101314,0,25.664366,-1.636643e-06,0
0.5,0,26.645658,-0.0021126682,0,25.673595,-1.6415399e-06,0
0.5,0,26.645557,-0.0021184488,0,25.682823,-1.6467495e-06,0
0.5,0,26.645474,-0.0021255704,0,25.692052,-1.6518764e-06,0
0.5,0,26.645417,-0.0021331512,0,25.70128,-1.6565134e-06,0
0.5,0,26.645388,-0.0021417234,0,25.710508,-1.6603818e-06,0
0.5,0,26.645384,-0.0021479581,0,25.719737,-1.6633047e-06,0
0.5,0,26.645391,-0.0021520979,0,25.728965,-1.6653282e-06,0
0.5,0,26.645396,-0.0021590263,0,25.738194,-1.6668705e-06,0
0.5,0,26.645394,-0.0021666848,0,25.747422,-1.668463e-06,0
0.5,0,26.645376,-0.0021710868,0,25.756651,-1.6703087e-06,0
0.5,0,26.645334,-0.0021681354,0,25.765879,-1.6719349e-06,0
0.5,0,26.645269,-0.0021573548,0,25.775108,-1.6730179e-06,0
0.5,0,26.645204,-0.0021451506,0,25.784336,-1.6740924e-06,0
0.5,0,26.645147,-0.0021335417,0,25.793565,-1.6753994e-06,0
0.5,0,26.645096,-0.0021222801,0,25.802793,-1.6766252e-06,0
0.5,0,26.645052,-0.0021121018,0,25.812022,-1.67765e-06,0
0.5,0,26.645015,-0.0021010868,0,25.82125,-1.6785663e-06,0
0.5,0,26.64498,-0.0020877549,0,25.830479,-1.6794446e-06,0
0.5,0,26.644935,-0.0020721563,0,25.839707,-1.6803023e-06,0
0.5,0,26.644873,-0.0020552803,0,25.848935,-1.6812605e-06,0
0.5,0,26.644801,-0.0020387707,0,25.858164,-1.6826156e-06,0
0.5,0,26.644724,-0.0020246957,0,25.867392,-1.6847354e-06,0
0.5,0,26.644647,-0.0020147791,0,25.876621,-1.6878772e-06,0
0.5,0,26.644572,-0.0020100155,0,25.885849,-1.6920283e-06,0
0.5,0,26.644501,-0.0020103795,0,25.895078,-1.696893e-06,0
0.5,0,26.644434,-0.0020142693,0,25.904306,-1.7020351e-06,0
0.5,0,26.644372,-0.0020185531,0,25.913535,-1.7070263e-06,0
0.5,0,26.644311,-0.0020208229,0,25.922763,-1.7115311e-06,0
0.5,0,26.644256,-0.0020175262,0,25.931992,-1.7152426e-06,0
0.5,0,26.644213,-0.002009755,0,25.94122,-1.7181584e-06,0
0.5,0,26.644181,-0.0020056005,0,25.950449,-1.7206115e-06,0
0.5,0,26.644148,-0.0020072812,0,25.959677,-1.7227496e-06,0
0.5,0,26.644125,-0.0020110914,0,25.968906,-1.7246361e-06,0
0.5,0,26.644129,-0.0020123063,0,25.978134,-1.7259587e-06,0
0.5,0,26.644154,-0.0020142301,0,25.987362,-1.7268599e-06,0
0.5,0,26.644191,-0.002016357,0,25.996591,-1.7275709e-06,0
0.5,0,26.644222,-0.0020155064,0,26.005819,-1.7285988e-06,0
0.5,0,26.644234,-0.0020170121,0,26.015048,-1.7309828e-06,0
0.5,0,26.644224,-0.0020170784,0,26.024276,-1.7351433e-06,0
0.5,0,26.644194,-0.0020111622,0,26.033505,-1.7413955e-06,0
0.5,0,26.644148,-0.0020026061,0,26.042733,-1.7497095e-06,0
0.5,0,26.644097,-0.0019904338,0,26.051962,-1.7595844e-06,0
0.5,0,26.644051,-0.0019765344,0,26.06119,-1.7704818e-06,0
0.5,0,26.644014,-0.0019669976,0,26.070419,-1.7822345e-06,0
0.5,0,26.643978,-0.0019593382,0,26.079647,-1.7947243e-06,0
0.5,0,26.643941,-0.0019483332,0,26.088876,-1.8073623e-06,0
0.5,0,26.643905,-0.0019322573,0,26.098104,-1.8191872e-06,0
0.5,0,26.643843,-0.0019127735,0,26.107333,-1.8296484e-06,0
0.5,0,26.643737,-0.0018939182,0,26.116561,-1.8390175e-06,0
0.5,0,26.643621,-0.0018792161,0,26.12579,-1.847884e-06,0
0.5,0,26.643545,-0.00187433,0,26.135018,-1.8571618e-06,0
0.5,0,26.643518,-0.0018827367,0,26.144246,-1.8681525e-06,0
0.5,0,26.643522,-0.0019005972,0,26.153475,-1.881884e-06,0
0.5,0,26.643536,-0.0019226157,0,26.162703,-1.8985572e-06,0
0.5,0,26.643555,-0.0019430038,0,26.171932,-1.9172281e-06,0
0.5,0,26.643577,-0.0019540439,0,26.18116,-1.9358869e-06,0
0.5,0,26.643604,-0.0019479554,0,26.190389,-1.9519108e-06,0
0.5,0,26.643628,-0.0019220413,0,26.199617,-1.9625452e-06,0
0.5,0,26.643651,-0.0018815157,0,26.208846,-1.9653668e-06,0
0.5,0,26.643671,-0.001836519,0,26.218074,-1.9589605e-06,0
0.5,0,26.64369,-0.0017979782,0,26.227303,-1.9437336e-06,0
0.5,0,26.643717,-0.0017751854,0,26.236531,-1.9222379e-06,0
0.5,0,26.643734,-0.0017743781,0,26.24576,-1.8986e-06,0
0.5,0,26.643724,-0.0017973442,0,26.254988,-1.8774872e-06,0
0.5,0,26.643694,-0.0018403978,0,26.264217,-1.8631444e-06,0
0.5,0,26.643657,-0.0018946737,0,26.273445,-1.8586838e-06,0
0.5,0,26.643624,-0.0019485619,0,26.282673,-1.8655091e-06,0
0.5,0,26.6436,-0.0019911091,0,26.291902,-1.8828001e-06,0
0.5,0,26.643583,-0.0020131953,0,26.30113,-1.9073893e-06,0
0.5,0,26.643574,-0.0020080462,0,26.310359,-1.9343317e-06,0
0.5,0,26.643567,-0.0019721232,0,26.319587,-1.9578895e-06,0
0.5,0,26.64356,-0.0019090003,0,26.328816,-1.972726e-06,0
0.5,0,26.643546,-0.0018315668,0,26.338044,-1.9749704e-06,0
0.5,0,26.643515,-0.0017539041,0,26.347273,-1.9625325e-06,0
0.5,0,26.64347,-0.0016859229,0,26.356501,-1.9352529e-06,0
0.5,0,26.643416,-0.0016369454,0,26.36573,-1.8953922e-06,0
0.5,0,26.643361,-0.0016153119,0,26.374958,-1.8475577e-06,0
0.5,0,26.643305,-0.0016250254,0,26.384187,-1.7978923e-06,0
0.5,0,26.643247,-0.0016653683,0,26.393415,-1.753082e-06,0
0.5,0,26.643185,-0.0017326371,0,26.402644,-1.7193636e-06,0
0.5,0,26.643116,-0.0018187964,0,26.411872,-1.7016006e-06,0
0.5,0,26.643038,-0.0019111308,0,26.4211,-1.7026947e-06,0
0.5,0,26.642959,-0.0019948014,0,26.430329,-1.7229573e-06,0
0.5,0,26.642894,-0.0020549711,0,26.439557,-1.7594551e-06,0
0.5,0,26.642841,-0.0020840888,0,26.448786,-1.8066284e-06,0
0.5,0,26.642798,-0.0020793693,0,26.458014,-1.8574798e-06,0
0.5,0,26.642768,-0.0020391016,0,26.467243,-1.9045274e-06,0
0.5,0,26.642746,-0.0019677892,0,26.476471,-1.9409832e-06,0
0.5,0,26.642724,-0.0018757611,0,26.4857,-1.9618103e-06,0
0.5,0,26.642695,-0.001777401,0,26.494928,-1.964321e-06,0
0.5,0,26.642657,-0.0016875471,0,26.504157,-1.9483306e-06,0
0.5,0,26.64261,-0.0016151835,0,26.513385,-1.9159893e-06,0
0.5,0,26.642547,-0.0015684927,0,26.522614,-1.8713994e-06,0
0.5,0,26.642465,-0.0015546046,0,26.531842,-1.8200488e-06,0
0.5,0,26.642369,-0.0015724375,0,26.541071,-1.7680386e-06,0
0.5,0,26.642263,-0.0016156223,0,26.550299,-1.7211809e-06,0
0.5,0,26.642152,-0.0016752745,0,26.559527,-1.684167e-06,0
0.5,0,26.642041,-0.0017418732,0,26.568756,-1.6600028e-06,0
0.5,0,26.641932,-0.0018065874,0,26.577984,-1.6497641e-06,0
0.5,0,26.641829,-0.0018620118,0,26.587213,-1.65269e-06,0
0.5,0,26.641737,-0.0019027959,0,26.596441,-1.6665764e-06,0
0.5,0,26.64166,-0.0019263709,0,26.60567,-1.688275e-06,0
0.5,0,26.6416,-0.0019327028,0,26.614898,-1.7141946e-06,0
0.5,0,26.641549,-0.0019228559,0,26.624127,-1.7407896e-06,0
0.5,0,26.641502,-0.0018985477,0,26.633355,-1.7649839e-06,0
0.5,0,26.641451,-0.0018629338,0,26.642584,-1.7844521e-06,0
0.5,0,26.641397,-0.0018209882,0,26.651812,-1.7977109e-06,0
0.5,0,26.641344,-0.0017784778,0,26.661041,-1.8040964e-06,0
0.5,0,26.641299,-0.0017419437,0,26.670269,-1.8036924e-06,0
0.5,0,26.641265,-0.0017148267,0,26.679498,-1.7973868e-06,0
0.5,0,26.641251,-0.0016949449,0,26.688726,-1.7865475e-06,0
0.5,0,26.641259,-0.0016815903,0,26.697954,-1.772703e-06,0
0.5,0,26.641278,-0.0016787069,0,26.707183,-1.7576273e-06,0
0.5,0,26.6413,-0.0016871631,0,26.716411,-1.7430609e-06,0
0.5,0,26.64132,-0.0017026539,0,26.72564,-1.730353e-06,0
0.5,0,26.641332,-0.0017207293,0,26.734868,-1.720364e-06,0
0.5,0,26.641334,-0.0017377776,0,26.744097,-1.7135176e-06,0
0.5,0,26.641335,-0.001751158,0,26.753325,-1.7098591e-06,0
0.5,0,26.641342,-0.0017595945,0,26.762554,-1.7090777e-06,0
0.5,0,26.641356,-0.0017628267,0,26.771782,-1.7104929e-06,0
0.5,0,26.641372,-0.0017608693,0,26.781011,-1.7131125e-06,0
0.5,0,26.64138,-0.0017541282,0,26.790239,-1.7157334e-06,0
0.5,0,26.641374,-0.0017435983,0,26.799468,-1.7171374e-06,0
0.5,0,26.641343,-0.0017300479,0,26.808696,-1.7163428e-06,0
0.5,0,26.64128,-0.0017133894,0,26.817925,-1.7127254e-06,0
0.5,0,26.641177,-0.0016937525,0,26.827153,-1.7059665e-06,0
0.5,0,26.64103,-0.001672373,0,26.836381,-1.6958535e-06,0
0.5,0,26.640845,-0.0016507154,0,26.84561,-1.6826243e-06,0
0.5,0,26.640636,-0.0016287292,0,26.854838,-1.6671095e-06,0
0.5,0,26.640417,-0.001607227,0,26.864067,-1.6501147e-06,0
0.5,0,26.6402,-0.0015911701,0,26.873295,-1.6323687e-06,0
0.5,0,26.64002,-0.0015838921,0,26.882524,-1.6146919e-06,0
0.5,0,26.639913,-0.0015842092,0,26.891752,-1.5979056e-06,0
0.5,0,26.639904,-0.0015902369,0,26.900981,-1.5828588e-06,0
0.5,0,26.639996,-0.0016001676,0,26.910209,-1.5703926e-06,0
0.5,0,26.640174,-0.0016124288,0,26.919438,-1.5612098e-06,0
0.5,0,26.640406,-0.001626189,0,26.928666,-1.555798e-06,0
0.5,0,26.640654,-0.0016406111,0,26.937895,-1.5543789e-06,0
0.5,0,26.640883,-0.0016545347,0,26.947123,-1.5569235e-06,0
0.5,0,26.641068,-0.001666843,0,26.956352,-1.5631974e-06,0
0.5,0,26.641194,-0.0016765013,0,26.96558,-1.5728148e-06,0
0.5,0,26.641261,-0.0016828676,0,26.974808,-1.585311e-06,0
0.5,0,26.641278,-0.0016860134,0,26.984037,-1.6001567e-06,0
0.5,0,26.641263,-0.001686469,0,26.993265,-1.6167235e-06,0
0.5,0,26.641229,-0.0016846704,0,27.002494,-1.6342565e-06,0
0.5,0,26.641186,-0.0016808946,0,27.011722,-1.6519149e-06,0
0.5,0,26.641139,-0.0016754044,0,27.020951,-1.6688683e-06,0
0.5,0,26.64109,-0.0016681975,0,27.030179,-1.6843964e-06,0
0.5,0,26.641043,-0.0016591585,0,27.039408,-1.697933e-06,0
0.5,0,26.641003,-0.0016482649,0,27.048636,-1.7090477e-06,0
0.5,0,26.640969,-0.00163616,0,27.057865,-1.7174342e-06,0
0.5,0,26.64094,-0.001624317,0,27.067093,-1.7229125e-06,0
0.5,0,26.640911,-0.0016136781,0,27.076322,-1.7254342e-06,0
0.5,0,26.640882,-0.0016046427,0,27.08555,-1.7250522e-06,0
0.5,0,26.640855,-0.0015971211,0,27.094779,-1.7219553e-06,0
0.5,0,26.640823,-0.0015904253,0,27.104007,-1.7163655e-06,0
0.5,0,26.640782,-0.0015835681,0,27.113235,-1.7084344e-06,0
0.5,0,26.640728,-0.0015757218,0,27.122464,-1.6983101e-06,0
0.5,0,26.640664,-0.0015668005,0,27.131692,-1.6861642e-06,0
0.5,0,26.640595,-0.0015573495,0,27.140921,-1.6722233e-06,0
0.5,0,26.640526,-0.001548189,0,27.150149,-1.6567234e-06,0
0.5,0,26.640461,-0.0015401372,0,27.159378,-1.6398188e-06,0
0.5,0,26.640397,-0.0015338662,0,27.168606,-1.6215295e-06,0
0.5,0,26.640333,-0.0015295573,0,27.177835,-1.6017856e-06,0
0.5,0,26.640269,-0.001526826,0,27.187063,-1.5805116e-06,0
0.5,0,26.640208,-0.0015250441,0,27.196292,-1.5576768e-06,0
0.5,0,26.640157,-0.0015239679,0,27.20552,-1.5333153e-06,0
0.5,0,26.640125,-0.0015235467,0,27.214749,-1.5075499e-06,0
0.5,0,26.640127,-0.0015239845,0,27.223977,-1.4806507e-06,0
0.5,0,26.640175,-0.0015257027,0,27.233206,-1.4530657e-06,0
0.5,0,26.640268,-0.0015281445,0,27.242434,-1.4253075e-06,0
0.5,0,26.640396,-0.001529614,0,27.251662,-1.3977197e-06,0
0.5,0,26.64054,-0.0015295552,0,27.260891,-1.3704073e-06,0
0.5,0,26.640678,-0.0015309404,0,27.270119,-1.3436003e-06,0
0.5,0,26.640788,-0.0015366297,0,27.279348,-1.317943e-06,0
0.5,0,26.640865,-0.0015443599,0,27.288576,-1.2940435e-06,0
0.5,0,26.640912,-0.0015501427,0,27.297805,-1.2718489e-06,0
0.5,0,26.640907,-0.0015533549,0,27.307033,-1.2507858e-06,0
0.5,0,26.640857,-0.0015557373,0,27.316262,-1.2304324e-06,0
0.5,0,26.64081,-0.0015585572,0,27.32549,-1.2108047e-06,0
0.5,0,26.640787,-0.0015620068,0,27.334719,-1.1920723e-06,0
0.5,0,26.640783,-0.0015660067,0,27.343947,-1.1742936e-06,0
0.5,0,26.640791,-0.0015709169,0,27.353176,-1.1575518e-06,0
0.5,0,26.640812,-0.0015753193,0,27.362404,-1.1420745e-06,0
0.5,0,26.640862,-0.0015756623,0,27.371633,-1.1278973e-06,0
0.5,0,26.640943,-0.0015712164,0,27.380861,-1.1146436e-06,0
0.5,0,26.641065,-0.0015648182,0,27.390089,-1.1020204e-06,0
0.5,0,26.641256,-0.0015591119,0,27.399318,-1.0902188e-06,0
0.5,0,26.641504,-0.0015542363,0,27.408546,-1.0794042e-06,0
0.5,0,26.641766,-0.0015486542,0,27.417775,-1.069339e-06,0
0.5,0,26.642005,-0.0015420562,0,27.427003,-1.0597861e-06,0
0.5,0,26.642189,-0.0015357697,0,27.436232,-1.0507184e-06,0
0.5,0,26.642286,-0.001530652,0,27.44546,-1.04218e-06,0
0.5,0,26.642275,-0.0015264836,0,27.454689,-1.0343041e-06,0
0.5,0,26.642153,-0.0015231308,0,27.463917,-1.0273328e-06,0
0.5,0,26.641945,-0.0015204628,0,27.473146,-1.0215155e-06,0
0.5,0,26.641695,-0.00151824,0,27.482374,-1.017022e-06,0
0.5,0,26.641455,-0.0015161177,0,27.491603,-1.0139292e-06,0
0.5,0,26.641262,-0.0015131168,0,27.500831,-1.0121682e-06,0
0.5,0,26.641133,-0.0015104951,0,27.51006,-1.0116951e-06,0
0.5,0,26.641064,-0.0015080965,0,27.519288,-1.0124114e-06,0
0.5,0,26.64103,-0.0015046549,0,27.528516,-1.0142204e-06,0
0.5,0,26.641007,-0.0015018298,0,27.537745,-1.0170269e-06,0
0.5,0,26.640972,-0.001499559,0,27.546973,-1.0206263e-06,0
0.5,0,26.640914,-0.0014972259,0,27.556202,-1.0249141e-06,0
0.5,0,26.640831,-0.0014957585,0,27.56543,-1.0298153e-06,0
0.5,0,26.64073,-0.0014961315,0,27.574659,-1.0352804e-06,0
0.5,0,26.640627,-0.0014986399,0,27.583887,-1.0413084e-06,0
0.5,0,26.640534,-0.0015028789,0,27.593116,-1.0479146e-06,0
0.5,0,26.64046,-0.0015077661,0,27.602344,-1.055074e-06,0
0.5,0,26.640406,-0.0015121082,0,27.611573,-1.0626972e-06,0
0.5,0,26.640369,-0.0015154808,0,27.620801,-1.0706342e-06,0
0.5,0,26.640341,-0.0015181924,0,27.63003,-1.0787177e-06,0
0.5,0,26.640316,-0.0015205048,0,27.639258,-1.0868141e-06,0
0.5,0,26.640288,-0.0015223079,0,27.648487,-1.0948584e-06,0
0.5,0,26.640256,-0.0015238377,0,27.657715,-1.102859e-06,0
0.5,0,26.640222,-0.0015257992,0,27.666943,-1.1108681e-06,0
0.5,0,26.640187,-0.001529098,0,27.676172,-1.1189826e-06,0
0.5,0,26.640154,-0.001534492,0,27.6854,-1.1273724e-06,0
0.5,0,26.640127,-0.0015419642,0,27.694629,-1.1362876e-06,0
0.5,0,26.640106,-0.0015507645,0,27.703857,-1.1460022e-06,0
0.5,0,26.640091,-0.001559555,0,27.713086,-1.1566952e-06,0
0.5,0,26.640079,-0.0015669998,0,27.722314,-1.1683639e-06,0
0.5,0,26.640068,-0.0015722352,0,27.731543,-1.1808318e-06,0
0.5,0,26.640055,-0.0015746993,0,27.740771,-1.1938262e-06,0
0.5,0,26.640035,-0.0015744917,0,27.75,-1.2070913e-06,0
0.5,0,26.640007,-0.001572228,0,27.759228,-1.2204567e-06,0
0.5,0,26.639967,-0.0015683886,0,27.768457,-1.2338019e-06,0
0.5,0,26.639919,-0.0015630115,0,27.777685,-1.2469691e-06,0
0.5,0,26.639867,-0.0015558143,0,27.786914,-1.2596931e-06,0
0.5,0,26.639819,-0.0015466502,0,27.796142,-1.2716001e-06,0
0.5,0,26.639776,-0.0015359387,0,27.80537,-1.2822828e-06,0
0.5,0,26.639737,-0.0015245787,0,27.814599,-1.2914005e-06,0
0.5,0,26.639695,-0.0015137394,0,27.823827,-1.2987597e-06,0
0.5,0,26.639641,-0.0015042242,0,27.833056,-1.3043372e-06,0
0.5,0,26.63957,-0.0014958828,0,27.842284,-1.3082146e-06,0
0.5,0,26.639485,-0.0014884076,0,27.851513,-1.310502e-06,0
0.5,0,26.639387,-0.00148135,0,27.860741,-1.3113353e-06,0
0.5,0,26.639279,-0.0014742577,0,27.86997,-1.3108203e-06,0
0.5,0,26.639166,-0.001467208,0,27.879198,-1.3090933e-06,0
0.5,0,26.639059,-0.0014610539,0,27.888427,-1.3063914e-06,0
0.5,0,26.638962,-0.0014568859,0,27.897655,-1.3029793e-06,0
0.5,0,26.638867,-0.0014549065,0,27.906884,-1.2991913e-06,0
0.5,0,26.638755,-0.0014550195,0,27.916112,-1.2953649e-06,0
0.5,0,26.638613,-0.0014565628,0,27.925341,-1.2917297e-06,0
0.5,0,26.638438,-0.0014585169,0,27.934569,-1.2883585e-06,0
0.5,0,26.638238,-0.0014602273,0,27.943797,-1.2851294e-06,0
0.5,0,26.638018,-0.0014612709,0,27.953026,-1.2817998e-06,0
0.5,0,26.637769,-0.001461816,0,27.962254,-1.2781109e-06,0
0.5,0,26.637444,-0.0014622607,0,27.971483,-1.2738593e-06,0
0.5,0,26.636914,-0.0014633422,0,27.980711,-1.2689132e-06,0
0.5,0,26.635942,-0.00146601,0,27.98994,-1.2631915e-06,0
0.5,0,26.634205,-0.0014703762,0,27.999168,-1.256618e-06,0
0.5,0,26.63137,-0.001475872,0,28.008397,-1.249069e-06,0
0.5,0,26.627229,-0.0014816064,0,28.017625,-1.2403186e-06,0
0.5,0,26.621842,-0.0014867877,0,28.026854,-1.2300336e-06,0
0.5,0,26.615642,-0.0014911202,0,28.036082,-1.2178416e-06,0
0.5,0,26.60942,-0.0014948307,0,28.045311,-1.2033796e-06,0
0.5,0,26.604168,-0.0014985125,0,28.054539,-1.1863877e-06,0
0.5,0,26.600794,-0.0015026486,0,28.063768,-1.1668228e-06,0
0.5,0,26.599822,-0.0015074347,0,28.072996,-1.1448737e-06,0
0.5,0,26.601209,-0.0015129236,0,28.082224,-1.1209035e-06,0
0.5,0,26.604358,-0.0015189396,0,28.091453,-1.0953308e-06,0
0.5,0,26.608325,-0.0015249358,0,28.100681,-1.0685245e-06,0
0.5,0,26.612124,-0.001530095,0,28.10991,-1.0407699e-06,0
0.5,0,26.615024,-0.0015336676,0,28.119138,-1.0122672e-06,0
0.5,0,26.616694,-0.0015354692,0,28.128367,-9.8313036e-07,0
0.5,0,26.617182,-0.001536243,0,28.137595,-9.533715e-07,0
0.5,0,26.616757,-0.001537313,0,28.146824,-9.229327e-07,0
0.5,0,26.615704,-0.0015397948,0,28.156052,-8.9178986e-07,0
0.5,0,26.614204,-0.0015437901,0,28.165281,-8.600167e-07,0
0.5,0,26.612336,-0.0015471954,0,28.174509,-8.2769163e-07,0
0.5,0,26.610185,-0.0015444448,0,28.183738,-7.9459233e-07,0
0.5,0,26.607989,-0.0015267728,0,28.192966,-7.5975302e-07,0
0.5,0,26.606214,-0.0014884439,0,28.202195,-7.2139137e-07,0
0.5,0,26.605494,-0.0014424542,0,28.211423,-6.7829185e-07,0
0.5,0,26.606439,-0.0014360448,0,28.220651,-6.3343884e-07,0
0.5,0,26.609389,-0.0015390469,0,28.22988,-5.9812779e-07,0
0.5,0,26.614228,-0.001783686,0,28.239108,-5.909746e-07,0
0.5,0,26.620347,-0.0020858681,0,28.248337,-6.2641719e-07,0
0.5,0,26.626803,-0.002238629,0,28.257565,-6.962056e-07,0
0.5,0,26.632595,-0.0020436613,0,28.266794,-7.6004211e-07,0
0.5,0,26.636956,-0.0015040169,0,28.276022,-7.6196135e-07,0
0.5,0,26.639555,-0.00088371928,0,28.285251,-6.6771447e-07,0
0.5,0,26.640518,-0.00053231131,0,28.294479,-4.9316497e-07,0
0.5,0,26.640306,-0.00061824354,0,28.303708,-2.9636757e-07,0
0.5,0,26.639506,-0.0010234261,0,28.312936,-1.3924761e-07,0
0.5,0,26.638603,-0.0014786844,0,28.322165,-5.2158849e-08,0
0.5,0,26.637958,-0.0017802051,0,28.331393,-2.755325e-08,0
0.5,0,26.637523,-0.0018900438,0,28.340622,-3.9481311e-08,0
0.5,0,26.637085,-0.0018722064,0,28.34985,-6.5315574e-08,0
0.5,0,26.636549,-0.0017881551,0,28.359078,-9.4003662e-08,0
0.5,0,26.635928,-0.0016737244,0,28.368307,-1.2244793e-07,0
0.5,0,26.634692,-0.0015580625,0,28.377535,-1.5099797e-07,0
0.5,0,26.631014,-0.0014729467,0,28.386764,-1.81087e-07,0
0.5,0,26.623507,-0.0014396591,0,28.395992,-2.1306717e-07,0
0.5,0,26.613537,-0.0014494031,0,28.405221,-2.4712087e-07,0
0.5,0,26.605209,-0.0014773771,0,28.414449,-2.8461805e-07,0
0.5,0,26.602755,-0.001505945,0,28.423678,-3.2682131e-07,0
0.5,0,26.60745,-0.0015244257,0,28.432906,-3.730346e-07,0
0.5,0,26.616604,-0.001518768,0,28.442135,-4.2096968e-07,0
0.5,0,26.625727,-0.0014738051,0,28.451363,-4.6861356e-07,0
0.5,0,26.631844,-0.0013859047,0,28.460592,-5.1512006e-07,0
0.5,0,26.634773,-0.0012712271,0,28.46982,-5.5997098e-07,0
0.5,0,26.635886,-0.0011605903,0,28.479049,-6.0180087e-07,0
0.5,0,26.6364,-0.0010865209,0,28.488277,-6.3820974e-07,0
0.5,0,26.636795,-0.001075714,0,28.497505,-6.6625054e-07,0
0.5,0,26.637112,-0.0011567237,0,28.506734,-6.8178503e-07,0
0.5,0,26.637321,-0.0013721244,0,28.515962,-6.7627831e-07,0
0.5,0,26.637436,-0.0017540946,0,28.525191,-6.34149e-07,0
0.5,0,26.637489,-0.0022405562,0,28.534419,-5.3953747e-07,0
0.5,0,26.637508,-0.0026123395,0,28.543648,-3.9608133e-07,0
0.5,0,26.637505,-0.0025902764,0,28.552876,-2.4359533e-07,0
0.5,0,26.637487,-0.0020782534,0,28.562105,-1.4580106e-07,0
0.5,0,26.637452,-0.001310575,0,28.571333,-1.4781292e-07,0
0.5,0,26.637404,-0.00070065719,0,28.580562,-2.3935224e-07,0
0.5,0,26.637348,-0.00051459681,0,28.58979,-3.6070076e-07,0
0.5,0,26.63729,-0.00069648271,0,28.599019,-4.4639752e-07,0
0.5,0,26.637239,-0.00098995278,0,28.608247,-4.6600252e-07,0
0.5,0,26.637198,-0.0011835427,0,28.617476,-4.3099094e-07,0
0.5,0,26.637169,-0.0012359133,0,28.626704,-3.7333719e-07,0
0.5,0,26.637149,-0.0012249945,0,28.635932,-3.2154442e-07,0
0.5,0,26.637138,-0.0012354599,0,28.645161,-2.9074931e-07,0
0.5,0,26.637131,-0.0012973366,0,28.654389,-2.8527113e-07,0
0.5,0,26.637121,-0.0013929556,0,28.663618,-3.0427292e-07,0
0.5,0,26.637106,-0.001489116,0,28.672846,-3.4481979e-07,0
0.5,0,26.637084,-0.00155918,0,28.682075,-4.023013e-07,0
0.5,0,26.637055,-0.001588736,0,28.691303,-4.7024944e-07,0
0.5,0,26.637016,-0.0015733046,0,28.700532,-5.4074783e-07,0
0.5,0,26.636964,-0.0015154758,0,28.70976,-6.0547651e-07,0
0.5,0,26.636892,-0.0014234885,0,28.718989,-6.5698393e-07,0
0.5,0,26.636802,-0.0013099572,0,28.728217,-6.8979054e-07,0
0.5,0,26.636702,-0.001190073,0,28.737446,-7.0108458e-07,0
0.5,0,26.636611,-0.0010794743,0,28.746674,-6.9094354e-07,0
0.5,0,26.636549,-0.00099158438,0,28.755903,-6.6214308e-07,0
0.5,0,26.636529,-0.00093602729,0,28.765131,-6.1961992e-07,0
0.5,0,26.636555,-0.00091781874,0,28.774359,-5.6967281e-07,0
0.5,0,26.636621,-0.00093663476,0,28.783588,-5.1908653e-07,0
0.5,0,26.636711,-0.0009872507,0,28.792816,-4.7428942e-07,0
0.5,0,26.636814,-0.0010604856,0,28.802045,-4.4059326e-07,0
0.5,0,26.636906,-0.0011458489,0,28.811273,-4.2166675e-07,0
0.5,0,26.636989,-0.001234054,0,28.820502,-4.1941467e-07,0
0.5,0,26.637034,-0.0013181116,0,28.82973,-4.3422735e-07,0
0.5,0,26.63704,-0.0013914964,0,28.838959,-4.6479134e-07,0
0.5,0,26.63703,-0.0014476166,0,28.848187,-5.0814692e-07,0
0.5,0,26.636987,-0.0014855656,0,28.857416,-5.6071406e-07,0
0.5,0,26.636923,-0.001507413,0,28.866644,-6.1870067e-07,0
0.5,0,26.636848,-0.0015117761,0,28.875873,-6.7789911e-07,0
0.5,0,26.636771,-0.0014954187,0,28.885101,-7.3374868e-07,0
0.5,0,26.636708,-0.0014555334,0,28.89433,-7.8144613e-07,0
0.5,0,26.636655,-0.0013912081,0,28.903558,-8.161354e-07,0
0.5,0,26.636609,-0.0013054583,0,28.912786,-8.3345646e-07,0
0.5,0,26.636561,-0.0012068154,0,28.922015,-8.3039236e-07,0
0.5,0,26.636508,-0.0011090222,0,28.931243,-8.0620172e-07,0
0.5,0,26.636451,-0.0010287176,0,28.940472,-7.6304897e-07,0
0.5,0,26.636397,-0.00098112094,0,28.9497,-7.0601373e-07,0
0.5,0,26.636352,-0.00097504656,0,28.958929,-6.4233958e-07,0
0.5,0,26.636319,-0.001009481,0,28.968157,-5.7994495e-07,0
0.5,0,26.636294,-0.0010728624,0,28.977386,-5.2559012e-07,0
0.5,0,26.636274,-0.0011456926,0,28.986614,-4.8322981e-07,0
0.5,0,26.63626,-0.0012059946,0,28.995843,-4.5310053e-07,0
0.5,0,26.636252,-0.001235898,0,29.005071,-4.3187491e-07,0
0.5,0,26.636257,-0.0012272168,0,29.0143,-4.138616e-07,0
0.5,0,26.63628,-0.0011833224,0,29.023528,-3.9289041e-07,0
0.5,0,26.636325,-0.0011175557,0,29.032757,-3.6427106e-07,0
0.5,0,26.636392,-0.0010493958,0,29.041985,-3.2614007e-07,0
0.5,0,26.636473,-0.0010025694,0,29.051213,-2.8021235e-07,0
0.5,0,26.636557,-0.0010073026,0,29.060442,-2.3269645e-07,0
0.5,0,26.636634,-0.0010720054,0,29.06967,-1.9332005e-07,0
0.5,0,26.636668,-0.0011742254,0,29.078899,-1.7113979e-07,0
0.5,0,26.636702,-0.001299053,0,29.088127,-1.7128857e-07,0
0.5,0,26.636786,-0.0014320794,0,29.097356,-1.9504284e-07,0
0.5,0,26.636837,-0.0015410713,0,29.106584,-2.4156576e-07,0
0.5,0,26.63682,-0.001600776,0,29.115813,-3.076062e-07,0
0.5,0,26.636785,-0.0016091784,0,29.125041,-3.8485379e-07,0
0.5,0,26.636759,-0.0015674728,0,29.13427,-4.6152239e-07,0
0.5,0,26.636738,-0.0014726122,0,29.143498,-5.2768779e-07,0
0.5,0,26.636717,-0.0013379168,0,29.152727,-5.7717955e-07,0
0.5,0,26.636695,-0.001191701,0,29.161955,-6.0673111e-07,0
0.5,0,26.636672,-0.0010585743,0,29.171184,-6.1615218e-07,0
0.5,0,26.636645,-0.00095423205,0,29.180412,-6.0865016e-07,0
0.5,0,26.636611,-0.00088679866,0,29.18964,-5.8977834e-07,0
0.5,0,26.636564,-0.00085700362,0,29.198869,-5.6581944e-07,0
0.5,0,26.636504,-0.00085944385,0,29.208097,-5.4237574e-07,0
0.5,0,26.636433,-0.00088405272,0,29.217326,-5.2334962e-07,0
0.5,0,26.63636,-0.00091922928,0,29.226554,-5.1054018e-07,0
0.5,0,26.636293,-0.00095499295,0,29.235783,-5.0370528e-07,0
0.5,0,26.636244,-0.00098427602,0,29.245011,-5.0106506e-07,0
0.5,0,26.636221,-0.0010033105,0,29.25424,-5.0004902e-07,0
0.5,0,26.636227,-0.0010111984,0,29.263468,-4.9803426e-07,0
0.5,0,26.63626,-0.0010092297,0,29.272697,-4.9284542e-07,0
0.5,0,26.636311,-0.0010001857,0,29.281925,-4.8298593e-07,0
0.5,0,26.63637,-0.00098751517,0,29.291154,-4.6770477e-07,0
0.5,0,26.636426,-0.00097504072,0,29.300382,-4.469835e-07,0
0.5,0,26.636474,-0.00096694548,0,29.309611,-4.2151263e-07,0
0.5,0,26.636511,-0.00096759397,0,29.318839,-3.9265016e-07,0
0.5,0,26.636538,-0.00098072153,0,29.328067,-3.6233292e-07,0
0.5,0,26.636557,-0.0010082241,0,29.337296,-3.3287638e-07,0
0.5,0,26.636572,-0.0010489102,0,29.346524,-3.0661624e-07,0
0.5,0,26.636585,-0.0010978463,0,29.355753,-2.8540777e-07,0
0.5,0,26.636595,-0.0011468188,0,29.364981,-2.7010672e-07,0
0.5,0,26.636603,-0.0011860928,0,29.37421,-2.6024647e-07,0
0.5,0,26.636606,-0.0012071637,0,29.383438,-2.5409819e-07,0
0.5,0,26.636602,-0.0012059364,0,29.392667,-2.49198e-07,0
0.5,0,26.636589,-0.0011850982,0,29.401895,-2.4329182e-07,0
0.5,0,26.636564,-0.0011540181,0,29.411124,-2.3536633e-07,0
0.5,0,26.636524,-0.0011258347,0,29.420352,-2.2635956e-07,0
0.5,0,26.636469,-0.0011131522,0,29.429581,-2.1923693e-07,0
0.5,0,26.636403,-0.0011235125,0,29.438809,-2.182579e-07,0
0.5,0,26.63633,-0.0011555201,0,29.448038,-2.2768025e-07,0
0.5,0,26.636262,-0.0011984892,0,29.457266,-2.5018814e-07,0
0.5,0,26.636207,-0.0012354879,0,29.466494,-2.855705e-07,0
0.5,0,26.636167,-0.0012484752,0,29.475723,-3.3019217e-07,0
0.5,0,26.636136,-0.0012246201,0,29.484951,-3.7744656e-07,0
0.5,0,26.636105,-0.0011609371,0,29.49418,-4.1917851e-07,0
0.5,0,26.636069,-0.0010656347,0,29.503408,-4.4761335e-07,0
0.5,0,26.636031,-0.0009563854,0,29.512637,-4.5722774e-07,0
0.5,0,26.635997,-0.00085612634,0,29.521865,-4.461163e-07,0
0.5,0,26.635975,-0.00078642445,0,29.531094,-4.1642296e-07,0
0.5,0,26.635963,-0.00076130099,0,29.540322,-3.7369874e-07,0
0.5,0,26.635959,-0.00078435943,0,29.549551,-3.2550084e-07,0
0.5,0,26.635957,-0.00084873977,0,29.558779,-2.7965789e-07,0
0.5,0,26.635957,-0.00093916621,0,29.568008,-2.4267551e-07,0
0.5,0,26.635956,-0.0010358663,0,29.577236,-2.1870889e-07,0
0.5,0,26.635954,-0.00111964,0,29.586465,-2.0925608e-07,0
0.5,0,26.635946,-0.0011761467,0,29.595693,-2.134734e-07,0
0.5,0,26.63593,-0.001197678,0,29.604921,-2.2891828e-07,0
0.5,0,26.635903,-0.0011827695,0,29.61415,-2.5241867e-07,0
0.5,0,26.635863,-0.001134499,0,29.623378,-2.8072626e-07,0
0.5,0,26.635807,-0.0010586798,0,29.632607,-3.1081992e-07,0
0.5,0,26.635737,-0.00096340134,0,29.641835,-3.399918e-07,0
0.5,0,26.635655,-0.00086016401,0,29.651064,-3.659998e-07,0
0.5,0,26.635569,-0.00076558661,0,29.660292,-3.8750491e-07,0
0.5,0,26.635482,-0.00070122926,0,29.669521,-4.0471533e-07,0
0.5,0,26.635401,-0.00068926212,0,29.678749,-4.1981298e-07,0
0.5,0,26.635332,-0.00074394257,0,29.687978,-4.3658945e-07,0
0.5,0,26.635281,-0.00086201353,0,29.697206,-4.5894969e-07,0
0.5,0,26.635251,-0.0010175076,0,29.706435,-4.8854121e-07,0
0.5,0,26.635239,-0.0011657158,0,29.715663,-5.2249342e-07,0
0.5,0,26.635239,-0.0012574423,0,29.724892,-5.5259979e-07,0
0.5,0,26.635245,-0.0012588944,0,29.73412,-5.6697563e-07,0
0.5,0,26.635249,-0.001167516,0,29.743348,-5.5418268e-07,0
0.5,0,26.635251,-0.0010151772,0,29.752577,-5.0840938e-07,0
0.5,0,26.635247,-0.00085632303,0,29.761805,-4.334957e-07,0
0.5,0,26.63524,-0.00074632382,0,29.771034,-3.4383154e-07,0
0.5,0,26.63523,-0.00072012978,0,29.780262,-2.6139934e-07,0
0.5,0,26.635221,-0.00078067361,0,29.789491,-2.0991297e-07,0
0.5,0,26.635208,-0.00090091931,0,29.798719,-2.0821513e-07,0
0.5,0,26.635189,-0.0010381957,0,29.807948,-2.6516875e-07,0
0.5,0,26.635162,-0.001151859,0,29.817176,-3.7771852e-07,0
0.5,0,26.635125,-0.0012167711,0,29.826405,-5.323306e-07,0
0.5,0,26.63508,-0.0012286062,0,29.835633,-7.0876305e-07,0
0.5,0,26.635028,-0.001199552,0,29.844862,-8.8472585e-07,0
0.5,0,26.634969,-0.0011493693,0,29.85409,-1.0400018e-06,0
0.5,0,26.634906,-0.0010965624,0,29.863319,-1.1593213e-06,0
0.5,0,26.634837,-0.0010528958,0,29.872547,-1.2338525e-06,0
0.5,0,26.634765,-0.0010214862,0,29.881775,-1.261454e-06,0
0.5,0,26.634691,-0.00099777576,0,29.891004,-1.2459224e-06,0
0.5,0,26.634621,-0.00097292525,0,29.900232,-1.195539e-06,0
0.5,0,26.634561,-0.0009384013,0,29.909461,-1.1212961e-06,0
0.5,0,26.63451,-0.00088977163,0,29.918689,-1.0351235e-06,0
0.5,0,26.634464,-0.00082835239,0,29.927918,-9.48279e-07,0
0.5,0,26.634416,-0.00076068331,0,29.937146,-8.7003323e-07,0
0.5,0,26.634367,-0.00069658662,0,29.946375,-8.0678162e-07,0
0.5,0,26.634321,-0.00064662768,0,29.955603,-7.6166871e-07,0
0.5,0,26.634277,-0.00061969245,0,29.964832,-7.3470461e-07,0
0.5,0,26.634233,-0.00062109339,0,29.97406,-7.2326726e-07,0
0.5,0,26.634184,-0.00065128835,0,29.983289,-7.2286451e-07,0
0.5,0,26.634128,-0.00070567849,0,29.992517,-7.2806457e-07,0
0.5,0,26.634056,-0.00077576716,0,30.001746,-7.3344004e-07,0
0.5,0,26.633958,-0.00085125034,0,30.010974,-7.3439772e-07,0
0.5,0,26.633826,-0.0009221984,0,30.020202,-7.2777564e-07,0
0.5,0,26.633659,-0.0009799558,0,30.029431,-7.1220834e-07,0
0.5,0,26.633465,-0.0010177218,0,30.038659,-6.8824552e-07,0
0.5,0,26.633231,-0.001031243,0,30.047888,-6.5814619e-07,0
0.5,0,26.632878,-0.0010195594,0,30.057116,-6.2540778e-07,0
0.5,0,26.632199,-0.00098503122,0,30.066345,-5.9402843e-07,0
0.5,0,26.630849,-0.00093381163,0,30.075573,-5.6764383e-07,0
0.5,0,26.62844,-0.00087514832,0,30.084802,-5.4865863e-07,0
0.5,0,26.62473,-0.00081905578,0,30.09403,-5.3759951e-07,0
0.5,0,26.619856,-0.00077526766,0,30.103259,-5.329674e-07,0
0.5,0,26.614454,-0.00075098896,0,30.112487,-5.3159596e-07,0
0.5,0,26.60955,-0.00074994421,0,30.121716,-5.2947238e-07,0
0.5,0,26.606219,-0.000770893,0,30.130944,-5.2290371e-07,0
0.5,0,26.605156,-0.00080719469,0,30.140173,-5.0949285e-07,0
0.5,0,26.606386,-0.00084921476,0,30.149401,-4.8867604e-07,0
0.5,0,26.609261,-0.00088681265,0,30.158629,-4.6181644e-07,0
0.5,0,26.612741,-0.00091274126,0,30.167858,-4.317684e-07,0
0.5,0,26.615802,-0.0009245524,0,30.177086,-4.02083e-07,0
0.5,0,26.617749,-0.00092419299,0,30.186315,-3.760209e-07,0
0.5,0,26.618314,-0.00091611227,0,30.195543,-3.5560342e-07,0
0.5,0,26.617569,-0.00090506855,0,30.204772,-3.409533e-07,0
0.5,0,26.615798,-0.00089465893,0,30.214,-3.3017877e-07,0
0.5,0,26.61342,-0.00088729711,0,30.223229,-3.1998583e-07,0
0.5,0,26.611001,-0.0008852757,0,30.232457,-3.0692603e-07,0
0.5,0,26.609256,-0.00089137656,0,30.241686,-2.8874884e-07,0
0.5,0,26.608925,-0.00090774085,0,30.250914,-2.6523577e-07,0
0.5,0,26.610532,-0.00093379544,0,30.260143,-2.3813585e-07,0
0.5,0,26.614084,-0.00096532812,0,30.269371,-2.1023062e-07,0
0.5,0,26.618846,-0.00099574122,0,30.2786,-1.8406779e-07,0
0.5,0,26.623368,-0.0010181583,0,30.287828,-1.6093168e-07,0
0.5,0,26.625862,-0.0010273549,0,30.297056,-1.4033009e-07,0
0.5,0,26.624928,-0.0010219268,0,30.306285,-1.2018052e-07,0
0.5,0,26.620369,-0.0010067248,0,30.315513,-9.7754114e-08,0
0.5,0,26.613626,-0.00099392622,0,30.324742,-7.0983059e-08,0
0.5,0,26.607431,-0.0010047214,0,30.33397,-3.9488684e-08,0
0.5,0,26.604695,-0.0010520215,0,30.343199,-5.0025841e-09,0
0.5,0,26.605058,-0.0010612538,0,30.344559,-2.5804012e-15,0
0.5,0,26.637667,-0.00078257334,0,30.536997,-4.6321329e-08,0
0.5,0,26.638966,-0.00077802813,0,30.53125,-2.5804012e-15,0
0.5,0,26.63658,-0.0007566654,0,30.546225,-1.0840032e-07,0
0.5,0,26.635474,-0.00070228785,0,30.555454,-1.5438598e-07,0
0.5,0,26.633482,-0.00065559699,0,30.564682,-1.8177485e-07,0
0.5,0,26.630119,-0.0006250207,0,30.57391,-1.9089596e-07,0
0.5,0,26.625472,-0.00060286774,0,30.583139,-1.864754e-07,0
0.5,0,26.620266,-0.00058942553,0,30.592367,-1.757377e-07,0
0.5,0,26.615677,-0.00059825319,0,30.601596,-1.6450977e-07,0
0.5,0,26.612869,-0.00064306012,0,30.610824,-1.5551582e-07,0
0.5,0,26.612499,-0.00072967871,0,30.620053,-1.4960959e-07,0
0.5,0,26.614387,-0.00086079336,0,30.629281,-1.4784813e-07,0
0.5,0,26.617877,-0.00084498236,0,30.63851,-1.4835234e-07,0
0.5,0,26.621074,-0.00032865441,0,30.647738,-1.1664332e-07,0
0.5,0,26.623228,0.00068706591,0,30.653831,-2.5804012e-15,0
0.5,0,26.61214,-0.0012029231,0,30.693881,-5.9012165e-08,0
0.5,0,26.610718,-0.0011767203,0,30.687476,-2.5804012e-15,0
0.5,0,26.612999,-0.001367013,0,30.699346,-2.5804012e-15,0
0.5,0,26.640474,-0.00063442678,0,31.404473,-1.3240751e-07,0
0.5,0,26.640231,-0.00045340107,0,31.395457,-2.5804012e-15,0
0.5,0,26.64062,-0.00071212681,0,31.413701,-2.4007857e-07,0
0.5,0,26.640914,-0.00074664429,0,31.422929,-3.0106011e-07,0
0.5,0,26.641237,-0.00076980074,0,31.432158,-3.1132229e-07,0
0.5,0,26.64143,-0.00075009349,0,31.441386,-2.7885424e-07,0
0.5,0,26.641418,-0.00064861493,0,31.450615,-2.1873078e-07,0
0.5,0,26.641238,-0.0004599007,0,31.459843,-1.4728835e-07,0
0.5,0,26.641053,-0.00024146281,0,31.469072,-7.7280226e-08,0
0.5,0,26.64111,-8.0957464e-05,0,31.4783,-1.5183153e-08,0
0.5,0,26.641244,-6.2266032e-05,0,31.480819,-2.5804012e-15,0
0.5,0,26.620497,-0.00010740943,0,31.635184,-3.9950657e-08,0
0.5,0,26.624252,0.00012753867,0,31.630743,-2.5804012e-15,0
0.5,0,26.613216,-0.00050222174,0,31.644413,-6.8146193e-08,0
0.5,0,26.607994,-0.00077025118,0,31.653641,-5.4345719e-08,0
0.5,0,26.605587,-0.00094400925,0,31.66287,-1.5823524e-08,0
0.5,0,26.605678,-0.00096836364,0,31.666031,-2.5804012e-15,0
0.5,0,26.636529,-5.33232e-05,0,31.764383,-3.7875261e-08,0
0.5,0,26.635681,-5.4043014e-05,0,31.758869,-2.5804012e-15,0
0.5,0,26.63684,-8.5721639e-05,0,31.773611,-1.0969901e-07,0
0.5,0,26.636779,-0.00010426487,0,31.78284,-1.8939408e-07,0
0.5,0,26.636709,-0.00011158118,0,31.792068,-2.7710315e-07,0
0.5,0,26.636718,-0.00010605482,0,31.801297,-3.7172332e-07,0
0.5,0,26.636788,-9.5479501e-05,0,31.810525,-4.6882339e-07,0
0.5,0,26.636896,-0.00010657573,0,31.819754,-5.5927893e-07,0
0.5,0,26.637038,-0.00018132864,0,31.828982,-6.2981684e-07,0
0.5,0,26.637265,-0.00035409993,0,31.83821,-6.6560925e-07,0
0.5,0,26.637664,-0.00062254959,0,31.847439,-6.5350339e-07,0
0.5,0,26.638272,-0.00094060299,0,31.856667,-5.8519105e-07,0
0.5,0,26.638983,-0.0012412375,0,31.865896,-4.6156906e-07,0
0.5,0,26.639559,-0.0014587266,0,31.875124,-2.9712877e-07,0
0.5,0,26.63982,-0.0015646801,0,31.884353,-1.1588094e-07,0
0.5,0,26.639825,-0.0015326325,0,31.890674,-2.5804012e-15,0
0.5,0,26.636442,-0.00040753574,0,32.013551,-4.3872515e-09,0
0.5,0,26.636487,-0.00036435491,0,32.01147,-2.5804012e-15,0
0.5,0,26.636397,-0.00038643405,0,32.02278,-3.0406538e-08,0
0.5,0,26.63639,-0.00024372813,0,32.032008,-7.9832115e-08,0
0.5,0,26.636342,-9.7603999e-05,0,32.041237,-1.5358146e-07,0
0.5,0,26.636231,-3.2695699e-05,0,32.050465,-2.3859412e-07,0
0.5,0,26.636086,-7.5233941e-05,0,32.059694,-3.1586891e-07,0
0.5,0,26.635965,-0.00021012408,0,32.068922,-3.6901274e-07,0
0.5,0,26.635927,-0.00040458848,0,32.078151,-3.8915817e-07,0
0.5,0,26.636,-0.00061581071,0,32.087379,-3.7545424e-07,0
0.5,0,26.636156,-0.00079672206,0,32.096608,-3.3219062e-07,0
0.5,0,26.636333,-0.00091361209,0,32.105836,-2.6582007e-07,0
0.5,0,26.636473,-0.00095937717,0,32.115064,-1.8395255e-07,0
0.5,0,26.636546,-0.00096948263,0,32.124293,-9.5401803e-08,0
0.5,0,26.636582,-0.00096369083,0,32.133521,-1.0819753e-08,0
0.5,0,26.636592,-0.00095536916,0,32.134943,-2.5804012e-15,0
0.5,0,26.63572,0.00012328172,0,32.198121,-6.1382506e-08,0
0.5,0,26.63592,9.9359478e-05,0,32.191391,-2.5804012e-15,0
0.5,0,26.635583,7.9927116e-05,0,32.207349,-1.536463e-07,0
0.5,0,26.635544,3.3947995e-06,0,32.216578,-2.4193733e-07,0
0.5,0,26.635554,-0.0001158187,0,32.225806,-3.1500634e-07,0
0.5,0,26.63559,-0.00026453239,0,32.235035,-3.6488899e-07,0
0.5,0,26.635639,-0.00042180442,0,32.244263,-3.8765194e-07,0
0.5,0,26.63569,-0.00056672315,0,32.253491,-3.833398e-07,0
0.5,0,26.63573,-0.00068108842,0,32.26272,-3.5554511e-07,0
0.5,0,26.635753,-0.00075157211,0,32.271948,-3.1067767e-07,0
0.5,0,26.635751,-0.00077135792,0,32.281177,-2.5704562e-07,0
0.5,0,26.635729,-0.00074060825,0,32.290405,-2.0368157e-07,0
0.5,0,26.635693,-0.0006655909,0,32.299634,-1.5899057e-07,0
0.5,0,26.635655,-0.00055809237,0,32.308862,-1.2957637e-07,0
0.5,0,26.635631,-0.00043416037,0,32.318091,-1.1950318e-07,0
0.5,0,26.635631,-0.00031272171,0,32.327319,-1.2986017e-07,0
0.5,0,26.635656,-0.00021292913,0,32.336548,-1.5855439e-07,0
0.5,0,26.635702,-0.00015113298,0,32.345776,-2.0046072e-07,0
0.5,0,26.635762,-0.00013816447,0,32.355005,-2.4809771e-07,0
0.5,0,26.635823,-0.0001754241,0,32.364233,-2.9295955e-07,0
0.5,0,26.635873,-0.00025353522,0,32.373462,-3.2727679e-07,0
0.5,0,26.635899,-0.00035435886,0,32.38269,-3.4568618e-07,0
0.5,0,26.635892,-0.00045528912,0,32.391918,-3.4633811e-07,0
0.5,0,26.63585,-0.00053460104,0,32.401147,-3.3115551e-07,0
0.5,0,26.635774,-0.00057650161,0,32.410375,-3.0520785e-07,0
0.5,0,26.635674,-0.00057475946,0,32.419604,-2.753877e-07,0
0.5,0,26.635561,-0.0005337159,0,32.428832,-2.4873567e-07,0
0.5,0,26.63545,-0.00046669752,0,32.438061,-2.3086408e-07,0
0.5,0,26.635348,-0.00039156288,0,32.447289,-2.2483628e-07,0
0.5,0,26.635257,-0.00032663439,0,32.456518,-2.3068939e-07,0
0.5,0,26.635172,-0.00028618164,0,32.465746,-2.4572654e-07,0
0.5,0,26.635081,-0.00027662136,0,32.474975,-2.6545682e-07,0
0.5,0,26.63497,-0.00029612302,0,32.484203,-2.8485214e-07,0
0.5,0,26.634832,-0.00033605005,0,32.493432,-2.9963587e-07,0
0.5,0,26.634662,-0.00038386294,0,32.50266,-3.0733232e-07,0
0.5,0,26.63444,-0.00042647477,0,32.511889,-3.0764297e-07,0
0.5,0,26.634092,-0.0004537433,0,32.521117,-3.0212149e-07,0
0.5,0,26.633432,-0.00046103937,0,32.530345,-2.934937e-07,0
0.5,0,26.632136,-0.00045008311,0,32.539574,-2.8475863e-07,0
0.5,0,26.629777,-0.00042753492,0,32.548802,-2.7829963e-07,0
0.5,0,26.625968,-0.00040203409,0,32.558031,-2.7530762e-07,0
0.5,0,26.620586,-0.0003813881,0,32.567259,-2.7568357e-07,0
0.5,0,26.613998,-0.00037049621,0,32.576488,-2.783058e-07,0
0.5,0,26.607141,-0.0003708119,0,32.585716,-2.8147961e-07,0
0.5,0,26.601376,-0.00038023523,0,32.594945,-2.8349467e-07,0
0.5,0,26.598108,-0.00039425623,0,32.604173,-2.8314862e-07,0
0.5,0,26.598308,-0.00040796155,0,32.613402,-2.8001712e-07,0
0.5,0,26.602128,-0.00041728847,0,32.62263,-2.743943e-07,0
0.5,0,26.608792,-0.00042038592,0,32.631859,-2.6711979e-07,0
0.5,0,26.616847,-0.00041790772,0,32.641087,-2.5927284e-07,0
0.5,0,26.624643,-0.00041216361,0,32.650316,-2.5177736e-07,0
0.5,0,26.63085,-0.00040575036,0,32.659544,-2.4515802e-07,0
0.5,0,26.634806,-0.00040047665,0,32.668772,-2.394684e-07,0
0.5,0,26.636571,-0.00039699207,0,32.678001,-2.3436808e-07,0
0.5,0,26.636732,-0.00039520599,0,32.687229,-2.2931799e-07,0
0.5,0,26.636074,-0.00039478759,0,32.696458,-2.2382766e-07,0
0.5,0,26.635267,-0.00039554856,0,32.705686,-2.176839e-07,0
0.5,0,26.634707,-0.00039752481,0,32.714915,-2.1105994e-07,0
0.5,0,26.634496,-0.00040075745,0,32.724143,-2.0447067e-07,0
0.5,0,26.634548,-0.00040507462,0,32.733372,-1.9862214e-07,0
0.5,0,26.634714,-0.00040986335,0,32.7426,-1.9419124e-07,0
0.5,0,26.634875,-0.00041370676,0,32.751829,-1.9154887e-07,0
0.5,0,26.634977,-0.0004138156,0,32.761057,-1.9051708e-07,0
0.5,0,26.635018,-0.00040781053,0,32.770286,-1.9020881e-07,0
0.5,0,26.635025,-0.00039451839,0,32.779514,-1.8938016e-07,0
0.5,0,26.635022,-0.0003752662,0,32.788743,-1.867341e-07,0
0.5,0,26.635024,-0.00035414601,0,32.797971,-1.8139196e-07,0
0.5,0,26.635031,-0.00033725017,0,32.807199,-1.7350896e-07,0
0.5,0,26.635041,-0.00033112657,0,32.816428,-1.6422328e-07,0
0.5,0,26.635047,-0.00033978975,0,32.825656,-1.5553211e-07,0
0.5,0,26.635048,-0.00036468737,0,32.834885,-1.498789e-07,0
0.5,0,26.635041,-0.00040319084,0,32.844113,-1.4947869e-07,0
0.5,0,26.635028,-0.00044656657,0,32.853342,-1.5556449e-07,0
0.5,0,26.635009,-0.000481638,0,32.86257,-1.6755905e-07,0
0.5,0,26.634988,-0.0004950839,0,32.871799,-1.8267756e-07,0
0.5,0,26.634967,-0.00047780698,0,32.881027,-1.9639755e-07,0
0.5,0,26.634949,-0.0004291838,0,32.890256,-2.0360916e-07,0
0.5,0,26.634934,-0.00035828787,0,32.899484,-2.0013071e-07,0
0.5,0,26.63491,-0.00028156133,0,32.908713,-1.8403922e-07,0
0.5,0,26.634868,-0.0002189398,0,32.917941,-1.565902e-07,0
0.5,0,26.634816,-0.00018948844,0,32.92717,-1.2244089e-07,0
0.5,0,26.634764,-0.00020592027,0,32.936398,-8.8766749e-08,0
0.5,0,26.634717,-0.00026987209,0,32.945626,-6.3689258e-08,0
0.5,0,26.634675,-0.00037069813,0,32.954855,-5.4334553e-08,0
0.5,0,26.634638,-0.00048726874,0,32.964083,-6.4919774e-08,0
0.5,0,26.634611,-0.00059271336,0,32.973312,-9.5412492e-08,0
0.5,0,26.634596,-0.00066105201,0,32.98254,-1.4112059e-07,0
0.5,0,26.634593,-0.00067356406,0,32.991769,-1.9344607e-07,0
0.5,0,26.6346,-0.00062356024,0,33.000997,-2.4174981e-07,0
0.5,0,26.634613,-0.000518685,0,33.010226,-2.758149e-07,0
0.5,0,26.634627,-0.00037989543,0,33.019454,-2.881417e-07,0
0.5,0,26.634636,-0.00023635276,0,33.028683,-2.7553372e-07,0
0.5,0,26.634634,-0.00011826168,0,33.037911,-2.3977996e-07,0
0.5,0,26.634619,-5.0631513e-05,0,33.04714,-1.8742906e-07,0
0.5,0,26.634586,-4.8690201e-05,0,33.056368,-1.2863772e-07,0
0.5,0,26.634541,-0.00011414814,0,33.065597,-7.5112304e-08,0
0.5,0,26.634443,-0.00023472134,0,33.074825,-3.7595293e-08,0
0.5,0,26.634349,-0.0003823706,0,33.084053,-2.3586717e-08,0
0.5,0,26.63432,-0.00052260446,0,33.093282,-3.5483206e-08,0
0.5,0,26.634325,-0.0006298466,0,33.10251,-7.0251497e-08,0
0.5,0,26.634364,-0.00068698946,0,33.111739,-1.2068087e-07,0
0.5,0,26.634409,-0.0006859768,0,33.120967,-1.771182e-07,0
0.5,0,26.634433,-0.00063257155,0,33.130196,-2.2966998e-07,0
0.5,0,26.634423,-0.00054368667,0,33.139424,-2.7031224e-07,0
0.5,0,26.634375,-0.00044028069,0,33.148653,-2.9424793e-07,0
0.5,0,26.634298,-0.00034079928,0,33.157881,-3.0022514e-07,0
0.5,0,26.634209,-0.00025696342,0,33.16711,-2.8988883e-07,0
0.5,0,26.634121,-0.00019318483,0,33.176338,-2.666365e-07,0
0.5,0,26.634046,-0.00014946316,0,33.185567,-2.345788e-07,0
0.5,0,26.63399,-0.00012571252,0,33.194795,-1.98028e-07,0
0.5,0,26.633957,-0.00012486993,0,33.204024,-1.6156014e-07,0
0.5,0,26.633945,-0.00015293687,0,33.213252,-1.3031564e-07,0
0.5,0,26.633947,-0.00021564722,0,33.22248,-1.1002849e-07,0
0.5,0,26.633953,-0.00031315795,0,33.231709,-1.0637293e-07,0
0.5,0,26.63396,-0.00043531537,0,33.240937,-1.2359429e-07,0
0.5,0,26.633965,-0.00056029685,0,33.250166,-1.6279812e-07,0
0.5,0,26.633967,-0.00065816196,0,33.259394,-2.2054546e-07,0
0.5,0,26.633967,-0.00069879142,0,33.268623,-2.8842005e-07,0
0.5,0,26.633963,-0.0006616918,0,33.277851,-3.5400094e-07,0
0.5,0,26.633959,-0.00054440401,0,33.28708,-4.0327432e-07,0
0.5,0,26.633956,-0.00036637904,0,33.296308,-4.2400949e-07,0
0.5,0,26.633948,-0.00016576289,0,33.305537,-4.0912983e-07,0
0.5,0,26.63393,1.0634245e-05,0,33.314765,-3.5890882e-07,0
0.5,0,26.633899,0.00012054853,0,33.323994,-2.8113463e-07,0
0.5,0,26.633868,0.00013784615,0,33.333222,-1.8913752e-07,0
0.5,0,26.633872,5.6630442e-05,0,33.342451,-9.8164821e-08,0
0.5,0,26.633962,-9.5578411e-05,0,33.351679,-2.1195782e-08,0
0.5,0,26.63403,-0.00015990827,0,33.355266,-2.5804012e-15,0
0.5,0,26.63494,-0.00058643654,0,33.40705,-1.5742237e-08,0
0.5,0,26.634821,-0.00056801503,0,33.402844,-2.5804012e-15,0
0.5,0,26.635224,-0.00058977818,0,33.416278,-5.1732678e-08,0
0.5,0,26.635385,-0.00055501557,0,33.425507,-8.7244437e-08,0
0.5,0,26.635344,-0.00050491685,0,33.434735,-1.2029303e-07,0
0.5,0,26.635116,-0.00045809513,0,33.443964,-1.481687e-07,0
0.5,0,26.634779,-0.00042283642,0,33.453192,-1.6806587e-07,0
0.5,0,26.634451,-0.00039293383,0,33.462421,-1.7862391e-07,0
0.5,0,26.634222,-0.00035406149,0,33.471649,-1.8112293e-07,0
0.5,0,26.634097,-0.00029738908,0,33.480878,-1.7896701e-07,0
0.5,0,26.634012,-0.00022768829,0,33.490106,-1.7574209e-07,0
0.5,0,26.633914,-0.00016002201,0,33.499334,-1.7346295e-07,0
0.5,0,26.633799,-0.00010927893,0,33.508563,-1.720094e-07,0
0.5,0,26.633698,-8.2000932e-05,0,33.517791,-1.6998546e-07,0
0.5,0,26.633635,-7.5625769e-05,0,33.52702,-1.6623326e-07,0
0.5,0,26.633615,-8.3517493e-05,0,33.536248,-1.6067805e-07,0
0.5,0,26.63363,-9.9367688e-05,0,33.545477,-1.5440452e-07,0
0.5,0,26.633679,-0.00011878702,0,33.554705,-1.4921447e-07,0
0.5,0,26.63377,-0.00013938863,0,33.563934,-1.4696349e-07,0
0.5,0,26.633904,-0.00015930011,0,33.573162,-1.4897314e-07,0
0.5,0,26.634054,-0.00017586158,0,33.582391,-1.5577404e-07,0
0.5,0,26.634172,-0.00018638146,0,33.591619,-1.6726484e-07,0
0.5,0,26.634204,-0.00019146687,0,33.600848,-1.8297631e-07,0
0.5,0,26.634128,-0.00019763892,0,33.610076,-2.0212534e-07,0
0.5,0,26.633973,-0.00021401173,0,33.619305,-2.2350574e-07,0
0.5,0,26.6338,-0.00024381605,0,33.628533,-2.4533179e-07,0
0.5,0,26.633667,-0.00027679319,0,33.637761,-2.6495399e-07,0
0.5,0,26.633605,-0.0002898253,0,33.64699,-2.7834336e-07,0
0.5,0,26.633612,-0.00025977045,0,33.656218,-2.7984057e-07,0
0.5,0,26.633672,-0.00018626159,0,33.665447,-2.6356373e-07,0
0.5,0,26.633758,-0.00011033135,0,33.674675,-2.2732171e-07,0
0.5,0,26.63384,-0.00010732366,0,33.683904,-1.7768189e-07,0
0.5,0,26.633885,-0.00024401412,0,33.693132,-1.3177944e-07,0
0.5,0,26.633888,-0.00051964583,0,33.702361,-1.114801e-07,0
0.5,0,26.633884,-0.00083492544,0,33.711589,-1.3069189e-07,0
0.5,0,26.633906,-0.0010280608,0,33.720818,-1.830418e-07,0
0.5,0,26.633939,-0.00097368504,0,33.730046,-2.4006504e-07,0
0.5,0,26.633968,-0.00067874776,0,33.739275,-2.6449001e-07,0
0.5,0,26.63402,-0.00029334196,0,33.748503,-2.3173306e-07,0
0.5,0,26.634125,-2.6711565e-05,0,33.757732,-1.4508038e-07,0
0.5,0,26.634299,-4.3734184e-06,0,33.76696,-3.2909789e-08,0
0.5,0,26.634374,-5.4595688e-05,0,33.769924,-2.5804012e-15,0
0.5,0,26.625844,0.00051738711,0,34.292983,-2.3608736e-08,0
0.5,0,26.625894,0.00056062266,0,34.291368,-2.5804012e-15,0
0.5,0,26.623547,4.1709347e-05,0,34.302211,-9.811235e-08,0
0.5,0,26.619966,-0.00036507505,0,34.31144,-9.2409888e-08,0
0.5,0,26.616407,-0.00057460818,0,34.320668,-2.0685362e-08,0
0.5,0,26.615971,-0.00056792665,0,34.322512,-2.5804012e-15,0
0.5,0,26.617105,-0.00039707302,0,34.440638,-1.8969978e-08,0
0.5,0,26.618582,-0.00041136771,0,34.436253,-2.5804012e-15,0
0.5,0,26.613949,-0.00032272786,0,34.449867,-3.00373e-08,0
0.5,0,26.611103,-0.00025575974,0,34.459095,-1.1663901e-08,0
0.5,0,26.610544,-0.00024229628,0,34.461487,-2.5804012e-15,0
0.5,0,26.687943,-0.01720878,0,1.1166445,2.4394724e-07,0
0.5,0,26.696187,-0.017558652,0,1.1258729,5.6835954e-06,0
0.5,0,26.70445,-0.015876335,0,1.1351014,1.1084701e-05,0
0.5,0,26.71096,-0.014554997,0,1.1443299,1.6574303e-05,0
0.5,0,26.715981,-0.01387154,0,1.1535583,2.2231617e-05,0
0.5,0,26.720064,-0.013470138,0,1.1627868,2.8068405e-05,0
0.5,0,26.723494,-0.013252006,0,1.1720153,3.4067802e-05,0
0.5,0,26.726355,-0.012933361,0,1.1812437,4.0178947e-05,0
0.5,0,26.728542,-0.012048216,0,1.1904722,4.6286289e-05,0
0.5,0,26.729847,-0.010563511,0,1.1997007,5.2246578e-05,0
0.5,0,26.730233,-0.0090722381,0,1.2089292,5.7976964e-05,0
0.5,0,26.730024,-0.0083033003,0,1.2181576,6.3499015e-05,0
0.5,0,26.729815,-0.0085730389,0,1.2273861,6.8909347e-05,0
0.5,0,26.730222,-0.0096725686,0,1.2366146,7.4316388e-05,0
0.5,0,26.731653,-0.011084083,0,1.245843,7.9790443e-05,0
0.5,0,26.734201,-0.012276117,0,1.2550715,8.5346662e-05,0
0.5,0,26.737671,-0.012923957,0,1.2643,9.095665e-05,0
0.5,0,26.741696,-0.012978187,0,1.2735284,9.6575276e-05,0
0.5,0,26.745873,-0.012591358,0,1.2827569,0.00010216462,0
0.5,0,26.749847,-0.011970897,0,1.2919854,0.00010770326,0
0.5,0,26.753323,-0.011288587,0,1.3012138,0.00011318319,0
0.5,0,26.756063,-0.010680652,0,1.3104423,0.00011860428,0
0.5,0,26.757891,-0.010251153,0,1.3196708,0.00012397044,0
0.5,0,26.758723,-0.010028127,0,1.3288992,0.00012928227,0
0.5,0,26.758575,-0.0099221299,0,1.3381277,0.00013452527,0
0.5,0,26.757571,-0.0097835487,0,1.3473562,0.00013966376,0
0.5,0,26.755948,-0.0095390938,0,1.3565846,0.00014465056,0
0.5,0,26.754066,-0.0092634958,0,1.3658131,0.00014944805,0
0.5,0,26.752355,-0.0091045071,0,1.3750416,0.00015404336,0
0.5,0,26.751214,-0.0091345124,0,1.38427,0.00015844384,0
0.5,0,26.750876,-0.0092728522,0,1.3934985,0.00016265766,0
0.5,0,26.751354,-0.0093496485,0,1.402727,0.00016667802,0
0.5,0,26.752486,-0.0092342145,0,1.4119554,0.00017048363,0
0.5,0,26.754065,-0.0088956181,0,1.4211839,0.00017405153,0
0.5,0,26.755938,-0.0083585955,0,1.4304124,0.00017736823,0
0.5,0,26.758029,-0.0076323091,0,1.4396408,0.00018042988,0
0.5,0,26.760296,-0.0067050891,0,1.4488693,0.00018323523,0
0.5,0,26.762669,-0.0056046898,0,1.4580978,0.00018578142,0
0.5,0,26.765023,-0.0044484432,0,1.4673262,0.00018806722,0
0.5,0,26.767196,-0.0034110937,0,1.4765547,0.00019009847,0
0.5,0,26.769055,-0.0026289772,0,1.4857832,0.00019188751,0
0.5,0,26.770552,-0.0021272149,0,1.4950116,0.00019344478,0
0.5,0,26.771735,-0.0018172493,0,1.5042401,0.00019476948,0
0.5,0,26.772713,-0.0015565272,0,1.5134686,0.00019584615,0
0.5,0,26.773603,-0.0012087576,0,1.522697,0.0001966463,0
0.5,0,26.774492,-0.00066796521,0,1.5319255,0.00019713009,0
0.5,0,26.7754,0.00013854055,0,1.541154,0.0001972458,0
0.5,0,26.776265,0.0012349678,0,1.5503824,0.00019693185,0
0.5,0,26.776969,0.0025623658,0,1.5596109,0.00019612666,0
0.5,0,26.7774,0.003978821,0,1.5688394,0.00019478646,0
0.5,0,26.777505,0.0053123074,0,1.5780678,0.00019290354,0
0.5,0,26.777317,0.0064379784,0,1.5872963,0.00019051403,0
0.5,0,26.776946,0.0073292693,0,1.5965248,0.00018769048,0
0.5,0,26.776548,0.008044152,0,1.6057532,0.00018452254,0
0.5,0,26.776272,0.0086763771,0,1.6149817,0.00018109438,0
0.5,0,26.776206,0.0093142267,0,1.6242102,0.00017746587,0
0.5,0,26.776341,0.010038983,0,1.6334386,0.00017365984,0
0.5,0,26.776541,0.010946089,0,1.6426671,0.00016965704,0
0.5,0,26.776572,0.012147403,0,1.6518956,0.00016540001,0
0.5,0,26.776171,0.013732159,0,1.661124,0.00016080827,0
0.5,0,26.775172,0.015689146,0,1.6703525,0.00015580244,0
0.5,0,26.773591,0.017849768,0,1.679581,0.00015033066,0
0.5,0,26.771657,0.01989275,0,1.6888094,0.0001443888,0
0.5,0,26.769752,0.021436303,0,1.6980379,0.00013802762,0
0.5,0,26.768284,0.022169856,0,1.7072664,0.00013134529,0
0.5,0,26.767543,0.021968855,0,1.7164948,0.00012446484,0
0.5,0,26.767582,0.021000671,0,1.7257233,0.00011750401,0
0.5,0,26.768192,0.019687548,0,1.7349518,0.00011054919,0
0.5,0,26.768969,0.01854813,0,1.7441802,0.00010363972,0
0.5,0,26.769542,0.018034401,0,1.7534087,9.6764929e-05,0
0.5,0,26.769714,0.018425757,0,1.7626372,8.9877321e-05,0
0.5,0,26.76939,0.019707185,0,1.7718656,8.2919419e-05,0
0.5,0,26.768497,0.021505312,0,1.7810941,7.5857883e-05,0
0.5,0,26.766935,0.023235671,0,1.7903226,6.8713647e-05,0
0.5,0,26.764614,0.024315189,0,1.799551,6.1572384e-05,0
0.5,0,26.761571,0.024355504,0,1.8087795,5.4570544e-05,0
0.5,0,26.758085,0.023278895,0,1.818008,4.7862975e-05,0
0.5,0,26.754686,0.021312501,0,1.8272364,4.1585747e-05,0
0.5,0,26.752003,0.018873024,0,1.8364649,3.5829017e-05,0
0.5,0,26.750474,0.016403101,0,1.8456934,3.0628958e-05,0
0.5,0,26.750063,0.014226548,0,1.8549218,2.5978256e-05,0
0.5,0,26.75017,0.012470577,0,1.8641503,2.18472e-05,0
0.5,0,26.749857,0.011070709,0,1.8733788,1.8205742e-05,0
0.5,0,26.748311,0.0098332329,0,1.8826072,1.5038613e-05,0
0.5,0,26.745282,0.0085215588,0,1.8918357,1.2350393e-05,0
0.5,0,26.741221,0.0069350723,0,1.9010642,1.0160741e-05,0
0.5,0,26.73702,0.0049799877,0,1.9102926,8.4947712e-06,0
0.5,0,26.733606,0.0026787014,0,1.9195211,7.3739924e-06,0
0.5,0,26.731642,0.00013730487,0,1.9287496,6.8113311e-06,0
0.5,0,26.731396,-0.0024968336,0,1.937978,6.8135187e-06,0
0.5,0,26.732753,-0.0051161661,0,1.9472065,7.3885726e-06,0
0.5,0,26.735342,-0.0076945908,0,1.956435,8.5512883e-06,0
0.5,0,26.738668,-0.010249614,0,1.9656634,1.0321016e-05,0
0.5,0,26.742255,-0.012772582,0,1.9748919,1.2710001e-05,0
0.5,0,26.745769,-0.015172438,0,1.9841204,1.5706732e-05,0
0.5,0,26.749103,-0.017269589,0,1.9933488,1.926214e-05,0
0.5,0,26.75237,-0.018837846,0,2.0025773,2.3284695e-05,0
0.5,0,26.7558,-0.019678409,0,2.0118058,2.7647285e-05,0
0.5,0,26.759612,-0.019703158,0,2.0210342,3.2202276e-05,0
0.5,0,26.763905,-0.018971091,0,2.0302627,3.6800028e-05,0
0.5,0,26.768616,-0.017675109,0,2.0394912,4.1305049e-05,0
0.5,0,26.773524,-0.016075713,0,2.0487196,4.5605374e-05,0
0.5,0,26.778307,-0.014413538,0,2.0579481,4.9614436e-05,0
0.5,0,26.782615,-0.012842748,0,2.0671766,5.3266548e-05,0
0.5,0,26.786167,-0.011398729,0,2.076405,5.6509959e-05,0
0.5,0,26.788823,-0.010014775,0,2.0856335,5.9301576e-05,0
0.5,0,26.790652,-0.0085709626,0,2.094862,6.160575e-05,0
0.5,0,26.79194,-0.0069514589,0,2.1040904,6.3395719e-05,0
0.5,0,26.793116,-0.0050769978,0,2.1133189,6.4653741e-05,0
0.5,0,26.794599,-0.0029041201,0,2.1225474,6.5365602e-05,0
0.5,0,26.796628,-0.0004037843,0,2.1317758,6.5509156e-05,0
0.5,0,26.799182,0.0024565664,0,2.1410043,6.5043536e-05,0
0.5,0,26.802007,0.0056966623,0,2.1502328,6.3908448e-05,0
0.5,0,26.804684,0.0092663663,0,2.1594612,6.2041071e-05,0
0.5,0,26.806783,0.012959161,0,2.1686897,5.9404229e-05,0
0.5,0,26.808095,0.016400445,0,2.1779182,5.6016411e-05,0
0.5,0,26.808771,0.019140085,0,2.1871466,5.1976131e-05,0
0.5,0,26.809194,0.02079845,0,2.1963751,4.7462597e-05,0
0.5,0,26.809682,0.021205022,0,2.2056036,4.2707252e-05,0
0.5,0,26.810298,0.020444708,0,2.214832,3.7951703e-05,0
0.5,0,26.810782,0.018835521,0,2.2240605,3.3408474e-05,0
0.5,0,26.810644,0.016821894,0,2.233289,2.9231652e-05,0
0.5,0,26.809409,0.014800801,0,2.2425174,2.5506916e-05,0
0.5,0,26.806864,0.012977418,0,2.2517459,2.2266577e-05,0
0.5,0,26.803173,0.011315088,0,2.2609744,1.9518617e-05,0
0.5,0,26.798851,0.0095904497,0,2.2702028,1.7274853e-05,0
0.5,0,26.794635,0.0075073676,0,2.2794313,1.5567166e-05,0
0.5,0,26.791311,0.0048358256,0,2.2886598,1.44473e-05,0
0.5,0,26.789517,0.0015194908,0,2.2978882,1.3973868e-05,0
0.5,0,26.789598,-0.0023020841,0,2.3071167,1.419345e-05,0
0.5,0,26.791511,-0.0063328656,0,2.3163452,1.5123626e-05,0
0.5,0,26.794851,-0.010203015,0,2.3255736,1.6742678e-05,0
0.5,0,26.798999,-0.013554101,0,2.3348021,1.8986161e-05,0
0.5,0,26.803365,-0.016095938,0,2.3440306,2.1748633e-05,0
0.5,0,26.807568,-0.017627741,0,2.353259,2.4888273e-05,0
0.5,0,26.811495,-0.018032365,0,2.3624875,2.8233476e-05,0
0.5,0,26.81524,-0.017278541,0,2.371716,3.1590603e-05,0
0.5,0,26.818963,-0.015427929,0,2.3809444,3.4756046e-05,0
0.5,0,26.822765,-0.012650271,0,2.3901729,3.7533166e-05,0
0.5,0,26.826598,-0.0092083929,0,2.3994014,3.9752164e-05,0
0.5,0,26.830245,-0.0054155946,0,2.4086298,4.1288397e-05,0
0.5,0,26.833329,-0.0015725889,0,2.4178583,4.2072683e-05,0
0.5,0,26.835369,0.0020945126,0,2.4270868,4.2089705e-05,0
0.5,0,26.835879,0.0054610523,0,2.4363152,4.1364654e-05,0
0.5,0,26.834476,0.0084924585,0,2.4455437,3.9945806e-05,0
0.5,0,26.831014,0.011188004,0,2.4547722,3.7892342e-05,0
0.5,0,26.825699,0.013509209,0,2.4640006,3.5273737e-05,0
0.5,0,26.819128,0.015334731,0,2.4732291,3.2180741e-05,0
0.5,0,26.812182,0.016462059,0,2.4824576,2.8741663e-05,0
0.5,0,26.805799,0.01666331,0,2.491686,2.5133124e-05,0
0.5,0,26.800697,0.015768523,0,2.5009145,2.157746e-05,0
0.5,0,26.797199,0.013725447,0,2.510143,1.8323188e-05,0
0.5,0,26.795225,0.010622749,0,2.5193714,1.5611866e-05,0
0.5,0,26.794452,0.0066806192,0,2.5285999,1.3641456e-05,0
0.5,0,26.794515,0.0022423964,0,2.5378284,1.2538498e-05,0
0.5,0,26.795069,-0.0022680799,0,2.5470568,1.2346054e-05,0
0.5,0,26.795821,-0.0064267255,0,2.5562853,1.3025871e-05,0
0.5,0,26.796591,-0.0098950002,0,2.5655138,1.4469004e-05,0
0.5,0,26.797385,-0.012451886,0,2.5747422,1.6510259e-05,0
0.5,0,26.798415,-0.01396773,0,2.5839707,1.8945234e-05,0
0.5,0,26.800019,-0.014385452,0,2.5931992,2.1546453e-05,0
0.5,0,26.802499,-0.013701167,0,2.6024276,2.4079439e-05,0
0.5,0,26.805936,-0.011962702,0,2.6116561,2.6318529e-05,0
0.5,0,26.810055,-0.009267447,0,2.6208846,2.8062756e-05,0
0.5,0,26.814218,-0.0057727957,0,2.630113,2.9150623e-05,0
0.5,0,26.81758,-0.0017076904,0,2.6393415,2.9472462e-05,0
0.5,0,26.819395,0.0026229855,0,2.64857,2.8980547e-05,0
0.5,0,26.819296,0.0068446144,0,2.6577984,2.7694447e-05,0
0.5,0,26.817395,0.010547023,0,2.6670269,2.5703693e-05,0
0.5,0,26.814153,0.013338308,0,2.6762554,2.3168262e-05,0
0.5,0,26.810117,0.014893422,0,2.6854838,2.0313591e-05,0
0.5,0,26.805731,0.014981526,0,2.6947123,1.7413766e-05,0
0.5,0,26.801326,0.013490139,0,2.7039408,1.4761796e-05,0
0.5,0,26.797349,0.010451928,0,2.7131692,1.2630958e-05,0
0.5,0,26.794509,0.0061159992,0,2.7223977,1.1236306e-05,0
0.5,0,26.793676,0.00096982157,0,2.7316262,1.0705928e-05,0
0.5,0,26.7956,-0.004303355,0,2.7408546,1.1061124e-05,0
0.5,0,26.800502,-0.0089730821,0,2.7500831,1.2213599e-05,0
0.5,0,26.807879,-0.012472826,0,2.7593116,1.3981675e-05,0
0.5,0,26.816663,-0.0144403,0,2.76854,1.6113354e-05,0
0.5,0,26.825469,-0.014647691,0,2.7777685,1.8314967e-05,0
0.5,0,26.83289,-0.012997213,0,2.786997,2.0287874e-05,0
0.5,0,26.837857,-0.0096098644,0,2.7962254,2.176733e-05,0
0.5,0,26.839941,-0.0048870226,0,2.8054539,2.2550908e-05,0
0.5,0,26.83939,0.00053934039,0,2.8146824,2.2517564e-05,0
0.5,0,26.836927,0.0059179351,0,2.8239108,2.1646483e-05,0
0.5,0,26.833408,0.010489448,0,2.8331393,2.003339e-05,0
0.5,0,26.829538,0.013573603,0,2.8423678,1.7891192e-05,0
0.5,0,26.825826,0.014642354,0,2.8515962,1.5524127e-05,0
0.5,0,26.822715,0.013417227,0,2.8608247,1.3278236e-05,0
0.5,0,26.820707,0.0099692914,0,2.8700532,1.1480837e-05,0
0.5,0,26.820333,0.0047820409,0,2.8792816,1.0384966e-05,0
0.5,0,26.821957,-0.0012548702,0,2.8885101,1.0127561e-05,0
0.5,0,26.825521,-0.0069915128,0,2.8977386,1.0704891e-05,0
0.5,0,26.830474,-0.01130382,0,2.906967,1.1970045e-05,0
0.5,0,26.835977,-0.013383349,0,2.9161955,1.365528e-05,0
0.5,0,26.84126,-0.012905331,0,2.925424,1.5417737e-05,0
0.5,0,26.845847,-0.01006187,0,2.9346524,1.6901917e-05,0
0.5,0,26.849549,-0.0054939261,0,2.9438809,1.7808411e-05,0
0.5,0,26.852292,-0.00014770912,0,2.9531094,1.7956085e-05,0
0.5,0,26.853947,0.0049040318,0,2.9623378,1.7323317e-05,0
0.5,0,26.854549,0.0086329484,0,2.9715663,1.6055878e-05,0
0.5,0,26.854123,0.010246067,0,2.9807948,1.4435735e-05,0
0.5,0,26.852747,0.0093805638,0,2.9900232,1.2815704e-05,0
0.5,0,26.850867,0.0062357867,0,2.9992517,1.1536077e-05,0
0.5,0,26.849077,0.0015899895,0,3.0084802,1.0844904e-05,0
0.5,0,26.847907,-0.003362204,0,3.0177086,1.0841611e-05,0
0.5,0,26.847651,-0.0073483524,0,3.0269371,1.1457248e-05,0
0.5,0,26.848219,-0.0094111403,0,3.0361656,1.2476064e-05,0
0.5,0,26.849253,-0.0091612485,0,3.045394,1.3593357e-05,0
0.5,0,26.850284,-0.0068222978,0,3.0546225,1.4496553e-05,0
0.5,0,26.850806,-0.0031292518,0,3.063851,1.4948697e-05,0
0.5,0,26.850459,0.00087723264,0,3.0730794,1.485011e-05,0
0.5,0,26.84912,0.0041214886,0,3.0823079,1.4259889e-05,0
0.5,0,26.84698,0.0057767659,0,3.0915364,1.3370819e-05,0
0.5,0,26.844524,0.0055011269,0,3.1007648,1.2445525e-05,0
0.5,0,26.842398,0.0035432902,0,3.1099933,1.1734314e-05,0
0.5,0,26.841195,0.00065640949,0,3.1192218,1.1401104e-05,0
0.5,0,26.84125,-0.0021715458,0,3.1284502,1.1480896e-05,0
0.5,0,26.842525,-0.0040737138,0,3.1376787,1.1881424e-05,0
0.5,0,26.844658,-0.0045928794,0,3.1469072,1.242604e-05,0
0.5,0,26.847145,-0.0037854704,0,3.1561356,1.2920112e-05,0
0.5,0,26.849536,-0.0021296549,0,3.1653641,1.3215863e-05,0
0.5,0,26.851592,-0.00030571795,0,3.1745926,1.3253303e-05,0
0.5,0,26.853324,0.0010607443,0,3.183821,1.3065771e-05,0
0.5,0,26.85494,0.0016037332,0,3.1930495,1.2752828e-05,0
0.5,0,26.856694,0.0013063712,0,3.202278,1.2435158e-05,0
0.5,0,26.858713,0.00045379073,0,3.2115064,1.2210065e-05,0
0.5,0,26.86089,-0.00052167783,0,3.2207349,1.2123365e-05,0
0.5,0,26.862908,-0.0012374325,0,3.2299634,1.2164552e-05,0
0.5,0,26.864352,-0.0014939629,0,3.2391918,1.2282073e-05,0
0.5,0,26.864828,-0.0013006317,0,3.2484203,1.2410213e-05,0
0.5,0,26.864105,-0.00082662916,0,3.2576488,1.2495258e-05,0
0.5,0,26.862199,-0.00029907912,0,3.2668772,1.2511207e-05,0
0.5,0,26.859373,9.638563e-05,0,3.2761057,1.2462197e-05,0
0.5,0,26.856066,0.00026870672,0,3.2853342,1.2373118e-05,0
0.5,0,26.852741,0.00022842801,0,3.2945626,1.2273479e-05,0
0.5,0,26.84978,5.6461869e-05,0,3.3037911,1.2182836e-05,0
0.5,0,26.84744,-0.00013871347,0,3.3130196,1.2106014e-05,0
0.5,0,26.845789,-0.00026081193,0,3.322248,1.2037202e-05,0
0.5,0,26.844723,-0.00026957657,0,3.3314765,1.196583e-05,0
0.5,0,26.844087,-0.00019689397,0,3.340705,1.1882409e-05,0
0.5,0,26.843728,-0.0001074064,0,3.3499334,1.1782755e-05,0
0.5,0,26.843502,-4.8240109e-05,0,3.3591619,1.1668177e-05,0
0.5,0,26.843303,-4.2266854e-05,0,3.3683904,1.1542944e-05,0
0.5,0,26.843082,-9.1853617e-05,0,3.3776188,1.1411551e-05,0
0.5,0,26.842839,-0.00017087943,0,3.3868473,1.1277132e-05,0
0.5,0,26.842589,-0.00024437613,0,3.3960758,1.1140957e-05,0
0.5,0,26.842327,-0.00029406076,0,3.4053042,1.1002994e-05,0
0.5,0,26.842034,-0.00031770344,0,3.4145327,1.0862661e-05,0
0.5,0,26.841684,-0.00032220306,0,3.4237612,1.0719227e-05,0
0.5,0,26.841218,-0.00032028069,0,3.4329896,1.0572652e-05,0
0.5,0,26.840549,-0.00032645443,0,3.4422181,1.0424427e-05,0
0.5,0,26.839602,-0.00035269775,0,3.4514466,1.0277685e-05,0
0.5,0,26.838386,-0.00040429997,0,3.460675,1.0136961e-05,0
0.5,0,26.837008,-0.00047798117,0,3.4699035,1.0007697e-05,0
0.5,0,26.835653,-0.00056223246,0,3.479132,9.8952079e-06,0
0.5,0,26.834547,-0.00064254239,0,3.4883604,9.8030096e-06,0
0.5,0,26.833922,-0.00070776836,0,3.4975889,9.7316459e-06,0
0.5,0,26.833984,-0.00075059735,0,3.5068174,9.6791934e-06,0
0.5,0,26.834883,-0.00077097178,0,3.5160458,9.6421878e-06,0
0.5,0,26.836692,-0.00077627189,0,3.5252743,9.6162899e-06,0
0.5,0,26.839396,-0.0007752571,0,3.5345028,9.5969049e-06,0
0.5,0,26.842885,-0.00077554702,0,3.5437312,9.5796409e-06,0
0.5,0,26.846959,-0.00078372388,0,3.5529597,9.5609383e-06,0
0.5,0,26.851332,-0.00080542833,0,3.5621882,9.5386539e-06,0
0.5,0,26.855675,-0.00084333669,0,3.5714167,9.5122756e-06,0
0.5,0,26.859684,-0.00089574026,0,3.5806451,9.4827067e-06,0
0.5,0,26.863112,-0.00095699541,0,3.5898736,9.4517202e-06,0
0.5,0,26.865774,-0.0010187599,0,3.5991021,9.4211642e-06,0
0.5,0,26.867554,-0.0010707317,0,3.6083305,9.3919835e-06,0
0.5,0,26.868413,-0.0011025637,0,3.617559,9.3634049e-06,0
0.5,0,26.868399,-0.001107715,0,3.6267875,9.3328347e-06,0
0.5,0,26.867644,-0.0010862786,0,3.6360159,9.2966117e-06,0
0.5,0,26.866341,-0.0010440176,0,3.6452444,9.2512146e-06,0
0.5,0,26.864706,-0.00098942979,0,3.6544729,9.1942546e-06,0
0.5,0,26.862932,-0.00093218956,0,3.6637013,9.1248529e-06,0
0.5,0,26.861171,-0.00088171731,0,3.6729298,9.0434284e-06,0
0.5,0,26.859525,-0.00084638521,0,3.6821583,8.95107e-06,0
0.5,0,26.85806,-0.00083119434,0,3.6913867,8.848891e-06,0
0.5,0,26.856813,-0.00083513679,0,3.7006152,8.737385e-06,0
0.5,0,26.855803,-0.00085816111,0,3.7098437,8.6162629e-06,0
0.5,0,26.855033,-0.00089792791,0,3.7190721,8.4851699e-06,0
0.5,0,26.854487,-0.00094339149,0,3.7283006,8.3446429e-06,0
0.5,0,26.854135,-0.00097948194,0,3.7375291,8.1966263e-06,0
0.5,0,26.853946,-0.00099414236,0,3.7467575,8.0432967e-06,0
0.5,0,26.853886,-0.00098529735,0,3.755986,7.8852069e-06,0
0.5,0,26.853903,-0.00095965614,0,3.7652145,7.7215246e-06,0
0.5,0,26.853946,-0.00093426346,0,3.7744429,7.5511314e-06,0
0.5,0,26.853978,-0.00093089144,0,3.7836714,7.3725752e-06,0
0.5,0,26.853985,-0.00096066219,0,3.7928999,7.1837836e-06,0
0.5,0,26.853971,-0.001020621,0,3.8021283,6.9826036e-06,0
0.5,0,26.853953,-0.0010997873,0,3.8113568,6.7675142e-06,0
0.5,0,26.853961,-0.0011847461,0,3.8205853,6.5376746e-06,0
0.5,0,26.854029,-0.0012651684,0,3.8298137,6.2929469e-06,0
0.5,0,26.85419,-0.0013409719,0,3.8390422,6.0351061e-06,0
0.5,0,26.85449,-0.0014034314,0,3.8482707,5.7677032e-06,0
0.5,0,26.854956,-0.0014422632,0,3.8574991,5.4942901e-06,0
0.5,0,26.855604,-0.0014723168,0,3.8667276,5.2184726e-06,0
0.5,0,26.856456,-0.0015041081,0,3.8759561,4.9443644e-06,0
0.5,0,26.857522,-0.0015309156,0,3.8851845,4.673777e-06,0
0.5,0,26.858768,-0.0015599592,0,3.894413,4.4061162e-06,0
0.5,0,26.860219,-0.0016082374,0,3.9036415,4.143571e-06,0
0.5,0,26.861889,-0.001662246,0,3.9128699,3.8888216e-06,0
0.5,0,26.863903,-0.0017030639,0,3.9220984,3.6405249e-06,0
0.5,0,26.866353,-0.0017374301,0,3.9313269,3.3985121e-06,0
0.5,0,26.869187,-0.0017756809,0,3.9405553,3.1665241e-06,0
0.5,0,26.872424,-0.0018122127,0,3.9497838,2.9491716e-06,0
0.5,0,26.876027,-0.0018372218,0,3.9590123,2.7488288e-06,0
0.5,0,26.879928,-0.0018536791,0,3.9682407,2.564826e-06,0
0.5,0,26.884061,-0.001864106,0,3.9774692,2.396039e-06,0
0.5,0,26.888294,-0.0018640694,0,3.9866977,2.241754e-06,0
0.5,0,26.892941,-0.0018510102,0,3.9959261,2.1011051e-06,0
0.5,0,26.897814,-0.0018078236,0,4.0051546,1.9722914e-06,0
0.5,0,26.902736,-0.0017348424,0,4.0143831,1.8520251e-06,0
0.5,0,26.908066,-0.001663085,0,4.0236115,1.7353553e-06,0
0.5,0,26.913573,-0.0016161397,0,4.03284,1.6159466e-06,0
0.5,0,26.918886,-0.0016128644,0,4.0420685,1.4874207e-06,0
0.5,0,26.923389,-0.0016645444,0,4.0512969,1.3451943e-06,0
0.5,0,26.92624,-0.0017725633,0,4.0605254,1.1882111e-06,0
0.5,0,26.926571,-0.0019271358,0,4.0697539,1.0201301e-06,0
0.5,0,26.92373,-0.0021098307,0,4.0789823,8.4969361e-07,0
0.5,0,26.917496,-0.0023013759,0,4.0882108,6.8937522e-07,0
0.5,0,26.908192,-0.0024852098,0,4.0974393,5.5243581e-07,0
0.5,0,26.896654,-0.0026479063,0,4.1066677,4.4999734e-07,0
0.5,0,26.884033,-0.0027825199,0,4.1158962,3.8922574e-07,0
0.5,0,26.871472,-0.0028914141,0,4.1251247,3.7232012e-07,0
0.5,0,26.859799,-0.0029785915,0,4.1343531,3.9623234e-07,0
0.5,0,26.849365,-0.003040283,0,4.1435816,4.5380804e-07,0
0.5,0,26.840094,-0.0030701735,0,4.1528101,5.3589658e-07,0
0.5,0,26.831709,-0.0030656595,0,4.1620385,6.3327619e-07,0
0.5,0,26.823969,-0.0030311015,0,4.171267,7.3828009e-07,0
0.5,0,26.816786,-0.0029808764,0,4.1804955,8.4574789e-07,0
0.5,0,26.810227,-0.0029345188,0,4.1897239,9.5311609e-07,0
0.5,0,26.804428,-0.0029074175,0,4.1989524,1.0599825e-06,0
0.5,0,26.799495,-0.0029041311,0,4.2081809,1.1671366e-06,0
0.5,0,26.795434,-0.0029187228,0,4.2174093,1.2757737e-06,0
0.5,0,26.792128,-0.0029410515,0,4.2266378,1.3874546e-06,0
0.5,0,26.789371,-0.002963121,0,4.2358663,1.5041528e-06,0
0.5,0,26.786912,-0.0029806333,0,4.2450947,1.6278878e-06,0
0.5,0,26.784521,-0.0029916989,0,4.2543232,1.7600073e-06,0
0.5,0,26.782054,-0.0029961988,0,4.2635517,1.9005179e-06,0
0.5,0,26.77947,-0.0029953869,0,4.2727801,2.0478648e-06,0
0.5,0,26.776801,-0.0029909945,0,4.2820086,2.1993264e-06,0
0.5,0,26.774107,-0.0029843577,0,4.2912371,2.3519084e-06,0
0.5,0,26.771459,-0.002974523,0,4.3004655,2.5033183e-06,0
0.5,0,26.768933,-0.0029560204,0,4.309694,2.652281e-06,0
0.5,0,26.766606,-0.0029180826,0,4.3189225,2.7979535e-06,0
0.5,0,26.764544,-0.0028479671,0,4.3281509,2.9388085e-06,0
0.5,0,26.762789,-0.0027361588,0,4.3373794,3.0720023e-06,0
0.5,0,26.76136,-0.0025811382,0,4.3466079,3.1938994e-06,0
0.5,0,26.760269,-0.0023912984,0,4.3558363,3.3014112e-06,0
0.5,0,26.759526,-0.0021816761,0,4.3650648,3.3934784e-06,0
0.5,0,26.759126,-0.0019709742,0,4.3742933,3.4715925e-06,0
0.5,0,26.759048,-0.0017813284,0,4.3835217,3.5385933e-06,0
0.5,0,26.759255,-0.001631678,0,4.3927502,3.5966282e-06,0
0.5,0,26.759769,-0.0015204373,0,4.4019787,3.6465733e-06,0
0.5,0,26.760648,-0.0014356563,0,4.4112071,3.6884675e-06,0
0.5,0,26.76195,-0.0013693215,0,4.4204356,3.7212791e-06,0
0.5,0,26.763851,-0.0013142715,0,4.4296641,3.7415257e-06,0
0.5,0,26.766536,-0.0012587605,0,4.4388925,3.7431494e-06,0
0.5,0,26.769966,-0.0011864452,0,4.448121,3.7209039e-06,0
0.5,0,26.773821,-0.0010833429,0,4.4573495,3.6722176e-06,0
0.5,0,26.777529,-0.0009701266,0,4.4665779,3.597798e-06,0
0.5,0,26.780555,-0.00086025301,0,4.4758064,3.5014733e-06,0
0.5,0,26.782708,-0.00076388213,0,4.4850349,3.3844869e-06,0
0.5,0,26.78409,-0.00070220279,0,4.4942633,3.2493903e-06,0
0.5,0,26.784977,-0.00068445881,0,4.5034918,3.1042929e-06,0
0.5,0,26.785643,-0.00072971322,0,4.5127203,2.9572842e-06,0
0.5,0,26.78619,-0.00084396251,0,4.5219487,2.8157899e-06,0
0.5,0,26.786605,-0.0010193292,0,4.5311772,2.6871721e-06,0
0.5,0,26.786889,-0.001247802,0,4.5404057,2.5790964e-06,0
0.5,0,26.787121,-0.0015157631,0,4.5496341,2.4989046e-06,0
0.5,0,26.787406,-0.0017878771,0,4.5588626,2.4536016e-06,0
0.5,0,26.78784,-0.0020467438,0,4.5680911,2.4495983e-06,0
0.5,0,26.788496,-0.0022964122,0,4.5773195,2.4920758e-06,0
0.5,0,26.789403,-0.0025275468,0,4.586548,2.5839565e-06,0
0.5,0,26.790539,-0.0027273483,0,4.5957765,2.7230462e-06,0
0.5,0,26.791829,-0.0028920531,0,4.6050049,2.9011917e-06,0
0.5,0,26.793173,-0.0030187985,0,4.6142334,3.1054361e-06,0
0.5,0,26.794506,-0.0030947949,0,4.6234619,3.3194915e-06,0
0.5,0,26.795821,-0.0030993172,0,4.6326903,3.5246923e-06,0
0.5,0,26.797108,-0.0030143549,0,4.6419188,3.7019422e-06,0
0.5,0,26.798351,-0.0028444316,0,4.6511473,3.8351519e-06,0
0.5,0,26.799623,-0.0026290272,0,4.6603757,3.9151638e-06,0
0.5,0,26.801041,-0.0024299912,0,4.6696042,3.9424041e-06,0
0.5,0,26.802617,-0.0023009713,0,4.6788327,3.9266506e-06,0
0.5,0,26.804282,-0.0022614023,0,4.6880611,3.883771e-06,0
0.5,0,26.806016,-0.0022903611,0,4.6972896,3.8303406e-06,0
0.5,0,26.808049,-0.0023383095,0,4.7065181,3.7779627e-06,0
0.5,0,26.810802,-0.0023537957,0,4.7157465,3.7301757e-06,0
0.5,0,26.814826,-0.0023180404,0,4.724975,3.6839456e-06,0
0.5,0,26.820901,-0.0022394035,0,4.7342035,3.6345658e-06,0
0.5,0,26.829477,-0.0021308565,0,4.7434319,3.5805913e-06,0
0.5,0,26.840716,-0.002009285,0,4.7526604,3.5240831e-06,0
0.5,0,26.854374,-0.0018960996,0,4.7618889,3.4679949e-06,0
0.5,0,26.869378,-0.001807605,0,4.7711173,3.4163293e-06,0
0.5,0,26.884206,-0.0017498663,0,4.7803458,3.3739317e-06,0
0.5,0,26.897207,-0.0017239046,0,4.7895743,3.3442243e-06,0
0.5,0,26.906969,-0.0017236659,0,4.7988027,3.327367e-06,0
0.5,0,26.91267,-0.0017359789,0,4.8080312,3.3198021e-06,0
0.5,0,26.914225,-0.001742227,0,4.8172597,3.3154734e-06,0
0.5,0,26.912224,-0.0017221465,0,4.8264881,3.3078306e-06,0
0.5,0,26.907676,-0.0016663185,0,4.8357166,3.2908938e-06,0
0.5,0,26.901636,-0.0015732446,0,4.8449451,3.2600431e-06,0
0.5,0,26.894893,-0.0014529729,0,4.8541735,3.2117689e-06,0
0.5,0,26.887901,-0.0013208626,0,4.863402,3.1456775e-06,0
0.5,0,26.880933,-0.0011978363,0,4.8726305,3.0644e-06,0
0.5,0,26.874166,-0.0011149086,0,4.8818589,2.9706469e-06,0
0.5,0,26.86768,-0.0010923211,0,4.8910874,2.8688755e-06,0
0.5,0,26.861533,-0.0011397739,0,4.9003159,2.7663933e-06,0
0.5,0,26.855831,-0.0012606652,0,4.9095443,2.6716591e-06,0
0.5,0,26.850715,-0.0014502902,0,4.9187728,2.5924776e-06,0
0.5,0,26.846306,-0.0016902479,0,4.9280013,2.5356696e-06,0
0.5,0,26.842674,-0.0019480727,0,4.9372297,2.506632e-06,0
0.5,0,26.839847,-0.0021888938,0,4.9464582,2.5072254e-06,0
0.5,0,26.837797,-0.0023848165,0,4.9556867,2.5334942e-06,0
0.5,0,26.836445,-0.0025174757,0,4.9649151,2.5761467e-06,0
0.5,0,26.835686,-0.0025814541,0,4.9741436,2.623897e-06,0
0.5,0,26.835387,-0.0025780066,0,4.9833721,2.6668129e-06,0
0.5,0,26.835394,-0.0025107134,0,4.9926005,2.6970481e-06,0
0.5,0,26.835579,-0.0023969887,0,5.001829,2.7083303e-06,0
0.5,0,26.835874,-0.0022703838,0,5.0110575,2.6967297e-06,0
0.5,0,26.836268,-0.0021632532,0,5.0202859,2.6617964e-06,0
0.5,0,26.836798,-0.002093868,0,5.0295144,2.606651e-06,0
0.5,0,26.837545,-0.0020676632,0,5.0387429,2.537209e-06,0
0.5,0,26.83861,-0.0020819149,0,5.0479713,2.4610946e-06,0
0.5,0,26.840084,-0.0021301903,0,5.0571998,2.386691e-06,0
0.5,0,26.84203,-0.0022085242,0,5.0664283,2.3222915e-06,0
0.5,0,26.844508,-0.0023132103,0,5.0756567,2.2753654e-06,0
0.5,0,26.847583,-0.0024299165,0,5.0848852,2.2518606e-06,0
0.5,0,26.851282,-0.0025510224,0,5.0941137,2.2558708e-06,0
0.5,0,26.855535,-0.0026758918,0,5.1033421,2.2876827e-06,0
0.5,0,26.860142,-0.0027850901,0,5.1125706,2.3453099e-06,0
0.5,0,26.864885,-0.0028641905,0,5.1217991,2.4269873e-06,0
0.5,0,26.869638,-0.002912556,0,5.1310275,2.5298122e-06,0
0.5,0,26.874353,-0.0029203586,0,5.140256,2.6494341e-06,0
0.5,0,26.879032,-0.0028794564,0,5.1494845,2.7801703e-06,0
0.5,0,26.883692,-0.0027981261,0,5.1587129,2.9160807e-06,0
0.5,0,26.88836,-0.0026921586,0,5.1679414,3.0522642e-06,0
0.5,0,26.893057,-0.0025730662,0,5.1771699,3.1849917e-06,0
0.5,0,26.897762,-0.0024483424,0,5.1863983,3.3112938e-06,0
0.5,0,26.902359,-0.0023268205,0,5.1956268,3.4290999e-06,0
0.5,0,26.9066,-0.0022191206,0,5.2048553,3.5378018e-06,0
0.5,0,26.910097,-0.0021327668,0,5.2140837,3.6385299e-06,0
0.5,0,26.91237,-0.0020694843,0,5.2233122,3.7339356e-06,0
0.5,0,26.912943,-0.0020282168,0,5.2325407,3.8278495e-06,0
0.5,0,26.911479,-0.0020080742,0,5.2417691,3.9248355e-06,0
0.5,0,26.907911,-0.0020066442,0,5.2509976,4.0292779e-06,0
0.5,0,26.902506,-0.0020156693,0,5.2602261,4.1439082e-06,0
0.5,0,26.895851,-0.0020193641,0,5.2694545,4.2687578e-06,0
0.5,0,26.888735,-0.0020003118,0,5.278683,4.4006784e-06,0
0.5,0,26.881957,-0.001951134,0,5.2879115,4.5337874e-06,0
0.5,0,26.876138,-0.0018842415,0,5.2971399,4.6607291e-06,0
0.5,0,26.871601,-0.0018175735,0,5.3063684,4.7741118e-06,0
0.5,0,26.868286,-0.0017604153,0,5.3155969,4.8675086e-06,0
0.5,0,26.865902,-0.0017196308,0,5.3248253,4.9361064e-06,0
0.5,0,26.864057,-0.0017007965,0,5.3340538,4.9775252e-06,0
0.5,0,26.862351,-0.0017075267,0,5.3432823,4.9920844e-06,0
0.5,0,26.860564,-0.0017383981,0,5.3525107,4.9829287e-06,0
0.5,0,26.858627,-0.0017846173,0,5.3617392,4.9555348e-06,0
0.5,0,26.856601,-0.0018345008,0,5.3709677,4.9163415e-06,0
0.5,0,26.854584,-0.0018779924,0,5.3801961,4.8712953e-06,0
0.5,0,26.852619,-0.0019089675,0,5.3894246,4.8246431e-06,0
0.5,0,26.85064,-0.0019244905,0,5.3986531,4.7782477e-06,0
0.5,0,26.848456,-0.0019240422,0,5.4078815,4.7317512e-06,0
0.5,0,26.845801,-0.0019094936,0,5.41711,4.6829464e-06,0
0.5,0,26.842428,-0.0018884306,0,5.4263385,4.6278993e-06,0
0.5,0,26.838209,-0.0018729839,0,5.4355669,4.56155e-06,0
0.5,0,26.833217,-0.0018745871,0,5.4447954,4.4783441e-06,0
0.5,0,26.827729,-0.0019035893,0,5.4540239,4.3731166e-06,0
0.5,0,26.822173,-0.0019642607,0,5.4632523,4.2424146e-06,0
0.5,0,26.81702,-0.0020471953,0,5.4724808,4.0855268e-06,0
0.5,0,26.812674,-0.0021353982,0,5.4817093,3.904984e-06,0
0.5,0,26.809375,-0.002217251,0,5.4909377,3.705932e-06,0
0.5,0,26.807171,-0.0022885857,0,5.5001662,3.4945591e-06,0
0.5,0,26.80595,-0.0023500556,0,5.5093947,3.2764762e-06,0
0.5,0,26.805516,-0.0024044292,0,5.5186231,3.0557478e-06,0
0.5,0,26.805659,-0.002451268,0,5.5278516,2.8348445e-06,0
0.5,0,26.806184,-0.0024859495,0,5.5370801,2.6147626e-06,0
0.5,0,26.806916,-0.0025044738,0,5.5463085,2.3951826e-06,0
0.5,0,26.807697,-0.0025078641,0,5.555537,2.1747001e-06,0
0.5,0,26.808392,-0.0024982109,0,5.5647655,1.9512884e-06,0
0.5,0,26.808896,-0.0024742922,0,5.5739939,1.7234445e-06,0
0.5,0,26.809127,-0.0024385319,0,5.5832224,1.4909773e-06,0
0.5,0,26.809004,-0.0024010517,0,5.5924509,1.2548652e-06,0
0.5,0,26.808383,-0.0023723819,0,5.6016793,1.0169361e-06,0
0.5,0,26.806947,-0.0023586385,0,5.6109078,7.7954312e-07,0
0.5,0,26.804163,-0.0023710536,0,5.6201363,5.4380584e-07,0
0.5,0,26.799656,-0.002453762,0,5.6293647,3.0765065e-07,0
0.5,0,26.79384,-0.002698325,0,5.6385932,6.640117e-08,0
0.5,0,26.782358,-0.0060214241,0,8.3333055,1.8015106e-07,0
0.5,0,26.781005,-0.0059074607,0,8.342534,4.7731262e-07,0
0.5,0,26.779493,-0.005626033,0,8.3517625,7.8181192e-07,0
0.5,0,26.777935,-0.0053166905,0,8.3609909,1.0879822e-06,0
0.5,0,26.776335,-0.0050430095,0,8.3702194,1.3919693e-06,0
0.5,0,26.774668,-0.0048213639,0,8.3794479,1.6896064e-06,0
0.5,0,26.77293,-0.0046396308,0,8.3886763,1.9753127e-06,0
0.5,0,26.771116,-0.0044776002,0,8.3979048,2.2424466e-06,0
0.5,0,26.769209,-0.0043229487,0,8.4071333,2.4849425e-06,0
0.5,0,26.76718,-0.0041708215,0,8.4163617,2.6987894e-06,0
0.5,0,26.765015,-0.0040158877,0,8.4255902,2.8821371e-06,0
0.5,0,26.76273,-0.0038520696,0,8.4348187,3.0345297e-06,0
0.5,0,26.76038,-0.0036786159,0,8.4440471,3.1565022e-06,0
0.5,0,26.758055,-0.0035009361,0,8.4532756,3.2497153e-06,0
0.5,0,26.755873,-0.0033238377,0,8.4625041,3.3169606e-06,0
0.5,0,26.753956,-0.0031459025,0,8.4717325,3.3617725e-06,0
0.5,0,26.752396,-0.0029609011,0,8.480961,3.388018e-06,0
0.5,0,26.751233,-0.0027627615,0,8.4901895,3.3998497e-06,0
0.5,0,26.750451,-0.0025485988,0,8.4994179,3.4018024e-06,0
0.5,0,26.750019,-0.0023198896,0,8.5086464,3.3983265e-06,0
0.5,0,26.749938,-0.0020844008,0,8.5178749,3.3921785e-06,0
0.5,0,26.750291,-0.0018568681,0,8.5271033,3.3821807e-06,0
0.5,0,26.751217,-0.0016548187,0,8.5363318,3.3620503e-06,0
0.5,0,26.752823,-0.0014920351,0,8.5455603,3.3215106e-06,0
0.5,0,26.755089,-0.0013751341,0,8.5547887,3.2491068e-06,0
0.5,0,26.757867,-0.0013024524,0,8.5640172,3.1351295e-06,0
0.5,0,26.760913,-0.0012644742,0,8.5732457,2.9736106e-06,0
0.5,0,26.763956,-0.0012502708,0,8.5824741,2.7628435e-06,0
0.5,0,26.766616,-0.0012640644,0,8.5917026,2.5036418e-06,0
0.5,0,26.768608,-0.0013194331,0,8.6009311,2.1968834e-06,0
0.5,0,26.769763,-0.0013993231,0,8.6101595,1.8451624e-06,0
0.5,0,26.77005,-0.0014507152,0,8.619388,1.4590708e-06,0
0.5,0,26.769565,-0.0014308073,0,8.6286165,1.0584557e-06,0
0.5,0,26.768475,-0.00135305,0,8.6378449,6.6428143e-07,0
0.5,0,26.767315,-0.0013454262,0,8.6470734,2.9030051e-07,0
0.5,0,26.828815,-0.0065658381,0,8.7762719,5.1585193e-08,0
0.5,0,26.837833,-0.0068812077,0,8.7855004,3.6860951e-07,0
0.5,0,26.846945,-0.0069033683,0,8.7947289,7.06025e-07,0
0.5,0,26.856218,-0.0067527428,0,8.8039573,1.061213e-06,0
0.5,0,26.865525,-0.0065184751,0,8.8131858,1.4340018e-06,0
0.5,0,26.874643,-0.0062366079,0,8.8224143,1.8225214e-06,0
0.5,0,26.883346,-0.0059104271,0,8.8316427,2.2177867e-06,0
0.5,0,26.891435,-0.0055335385,0,8.8408712,2.6022336e-06,0
0.5,0,26.898735,-0.0051239287,0,8.8500997,2.9533105e-06,0
0.5,0,26.905152,-0.0047235218,0,8.8593281,3.2505489e-06,0
0.5,0,26.910614,-0.0043682254,0,8.8685566,3.48263e-06,0
0.5,0,26.915038,-0.0040677006,0,8.8777851,3.6487086e-06,0
0.5,0,26.918488,-0.0038139769,0,8.8870135,3.7530336e-06,0
0.5,0,26.921101,-0.0035950537,0,8.896242,3.8005622e-06,0
0.5,0,26.922989,-0.0033914915,0,8.9054705,3.7963992e-06,0
0.5,0,26.924257,-0.0031839393,0,8.9146989,3.7444464e-06,0
0.5,0,26.925018,-0.0029709001,0,8.9239274,3.6452579e-06,0
0.5,0,26.925345,-0.0027655974,0,8.9331559,3.4959615e-06,0
0.5,0,26.925257,-0.0025733888,0,8.9423843,3.2925534e-06,0
0.5,0,26.924737,-0.0023795461,0,8.9516128,3.0336194e-06,0
0.5,0,26.923758,-0.0021656221,0,8.9608413,2.7232361e-06,0
0.5,0,26.922254,-0.0019326292,0,8.9700697,2.3705539e-06,0
0.5,0,26.920045,-0.0016929515,0,8.9792982,1.9879541e-06,0
0.5,0,26.916777,-0.0014485512,0,8.9885267,1.5920478e-06,0
0.5,0,26.912003,-0.0012048866,0,8.9977551,1.2038549e-06,0
0.5,0,26.905505,-0.00098817584,0,9.0069836,8.4335645e-07,0
0.5,0,26.8977,-0.00084234751,0,9.0162121,5.2439561e-07,0
0.5,0,26.889562,-0.00084969967,0,9.0254405,2.5280415e-07,0
0.5,0,26.881957,-0.0011017222,0,9.034669,3.244475e-08,0
0.5,0,26.846081,-0.0036424371,0,9.0900398,5.1104472e-08,0
0.5,0,26.84253,-0.0040462534,0,9.0992683,2.3975467e-07,0
0.5,0,26.839725,-0.0042851868,0,9.1084967,4.5485999e-07,0
0.5,0,26.836846,-0.0044175801,0,9.1177252,6.7795576e-07,0
0.5,0,26.833188,-0.0045048936,0,9.1269537,8.9322506e-07,0
0.5,0,26.828793,-0.0045793114,0,9.1361821,1.089824e-06,0
0.5,0,26.824441,-0.0046298498,0,9.1454106,1.2607554e-06,0
0.5,0,26.820876,-0.0046404544,0,9.1546391,1.4012647e-06,0
0.5,0,26.818621,-0.0046236457,0,9.1638675,1.5090129e-06,0
0.5,0,26.81758,-0.0045914658,0,9.173096,1.5849409e-06,0
0.5,0,26.81723,-0.00453047,0,9.1823245,1.6317475e-06,0
0.5,0,26.817084,-0.0044126272,0,9.1915529,1.6512177e-06,0
0.5,0,26.816972,-0.004225722,0,9.2007814,1.6440007e-06,0
0.5,0,26.817058,-0.0039894065,0,9.2100099,1.6118757e-06,0
0.5,0,26.817606,-0.0037415678,0,9.2192383,1.5598004e-06,0
0.5,0,26.818722,-0.0035123674,0,9.2284668,1.4958268e-06,0
0.5,0,26.820234,-0.0033108834,0,9.2376953,1.4292713e-06,0
0.5,0,26.821771,-0.003132085,0,9.2469237,1.3688331e-06,0
0.5,0,26.82293,-0.002971801,0,9.2561522,1.3218148e-06,0
0.5,0,26.823419,-0.0028340282,0,9.2653807,1.2942635e-06,0
0.5,0,26.823103,-0.002727047,0,9.2746091,1.2912414e-06,0
0.5,0,26.821962,-0.0026556136,0,9.2838376,1.316851e-06,0
0.5,0,26.820024,-0.0026168576,0,9.2930661,1.3741989e-06,0
0.5,0,26.817312,-0.0026026681,0,9.3022945,1.4654924e-06,0
0.5,0,26.813849,-0.0026053393,0,9.311523,1.5922045e-06,0
0.5,0,26.809728,-0.0026203537,0,9.3207515,1.7551938e-06,0
0.5,0,26.805198,-0.0026440831,0,9.3299799,1.9547814e-06,0
0.5,0,26.800695,-0.0026697995,0,9.3392084,2.1907907e-06,0
0.5,0,26.796774,-0.0026869728,0,9.3484369,2.4623623e-06,0
0.5,0,26.793962,-0.002684265,0,9.3576653,2.7673516e-06,0
0.5,0,26.792606,-0.0026547304,0,9.3668938,3.1013527e-06,0
0.5,0,26.7928,-0.0025997473,0,9.3761223,3.4572225e-06,0
0.5,0,26.794415,-0.0025287516,0,9.3853507,3.8262457e-06,0
0.5,0,26.797209,-0.0024557282,0,9.3945792,4.2009586e-06,0
0.5,0,26.800947,-0.0023957136,0,9.4038077,4.5780332e-06,0
0.5,0,26.805509,-0.0023638984,0,9.4130361,4.9589355e-06,0
0.5,0,26.810923,-0.0023733073,0,9.4222646,5.3475356e-06,0
0.5,0,26.817289,-0.0024271281,0,9.4314931,5.7461697e-06,0
0.5,0,26.824634,-0.0025104519,0,9.4407215,6.1526072e-06,0
0.5,0,26.832756,-0.002589879,0,9.44995,6.5594782e-06,0
0.5,0,26.841183,-0.0026254707,0,9.4591785,6.9556592e-06,0
0.5,0,26.849268,-0.0025888641,0,9.4684069,7.3286064e-06,0
0.5,0,26.856411,-0.0024767009,0,9.4776354,7.6661892e-06,0
0.5,0,26.862285,-0.0023186757,0,9.4868639,7.9586338e-06,0
0.5,0,26.86696,-0.0021540068,0,9.4960923,8.1998456e-06,0
0.5,0,26.870793,-0.0020166037,0,9.5053208,8.3882865e-06,0
0.5,0,26.874146,-0.0019365961,0,9.5145493,8.5304524e-06,0
0.5,0,26.877304,-0.001933971,0,9.5237777,8.6374891e-06,0
0.5,0,26.880438,-0.0020118565,0,9.5330062,8.7177186e-06,0
0.5,0,26.88346,-0.0021337518,0,9.5422347,8.7763744e-06,0
0.5,0,26.886013,-0.0022299811,0,9.5514631,8.8159637e-06,0
0.5,0,26.887617,-0.0022409805,0,9.5606916,8.8337184e-06,0
0.5,0,26.887813,-0.0021422951,0,9.5699201,8.8209119e-06,0
0.5,0,26.8863,-0.00193919,0,9.5791485,8.7661948e-06,0
0.5,0,26.883042,-0.0016594307,0,9.588377,8.6599578e-06,0
0.5,0,26.878306,-0.0013472953,0,9.5976055,8.4966554e-06,0
0.5,0,26.872588,-0.0010493221,0,9.6068339,8.2757982e-06,0
0.5,0,26.866464,-0.0008012984,0,9.6160624,8.0022259e-06,0
0.5,0,26.860446,-0.00062648125,0,9.6252909,7.6855617e-06,0
0.5,0,26.854877,-0.00053718591,0,9.6345193,7.3399233e-06,0
0.5,0,26.849904,-0.00053599999,0,9.6437478,6.9825914e-06,0
0.5,0,26.84551,-0.00061681932,0,9.6529763,6.630402e-06,0
0.5,0,26.841584,-0.00076396738,0,9.6622047,6.2956361e-06,0
0.5,0,26.838016,-0.00094876206,0,9.6714332,5.9836327e-06,0
0.5,0,26.834747,-0.0011298124,0,9.6806617,5.6925749e-06,0
0.5,0,26.831759,-0.0012608263,0,9.6898901,5.4151948e-06,0
0.5,0,26.829027,-0.0013055145,0,9.6991186,5.1419303e-06,0
0.5,0,26.826506,-0.0012604025,0,9.7083471,4.8641477e-06,0
0.5,0,26.824138,-0.0011616849,0,9.7175755,4.5763809e-06,0
0.5,0,26.821856,-0.0010610556,0,9.726804,4.2778499e-06,0
0.5,0,26.819604,-0.0010040941,0,9.7360325,3.9734708e-06,0
0.5,0,26.817348,-0.0010248281,0,9.7452609,3.6741808e-06,0
0.5,0,26.815076,-0.0011401628,0,9.7544894,3.3956224e-06,0
0.5,0,26.812829,-0.0013476597,0,9.7637179,3.1543968e-06,0
0.5,0,26.81069,-0.001629343,0,9.7729463,2.9640977e-06,0
0.5,0,26.808751,-0.0019552538,0,9.7821748,2.8329257e-06,0
0.5,0,26.807094,-0.0022852118,0,9.7914033,2.7623958e-06,0
0.5,0,26.805774,-0.0025789875,0,9.8006317,2.7471824e-06,0
0.5,0,26.804812,-0.0028128202,0,9.8098602,2.7769058e-06,0
0.5,0,26.8042,-0.0029848617,0,9.8190887,2.8394189e-06,0
0.5,0,26.803903,-0.0031079161,0,9.8283171,2.923823e-06,0
0.5,0,26.803873,-0.0031984097,0,9.8375456,3.0225611e-06,0
0.5,0,26.804071,-0.0032714228,0,9.8467741,3.1323359e-06,0
0.5,0,26.804464,-0.0033388018,0,9.8560025,3.2526222e-06,0
0.5,0,26.80501,-0.0033997358,0,9.865231,3.3823303e-06,0
0.5,0,26.805643,-0.0034345354,0,9.8744595,3.5172952e-06,0
0.5,0,26.806287,-0.0034166032,0,9.8836879,3.6495682e-06,0
0.5,0,26.806874,-0.003330526,0,9.8929164,3.7679375e-06,0
0.5,0,26.807365,-0.0031764354,0,9.9021449,3.8601457e-06,0
0.5,0,26.807776,-0.0029683359,0,9.9113733,3.917211e-06,0
0.5,0,26.808187,-0.0027376252,0,9.9206018,3.9368631e-06,0
0.5,0,26.808711,-0.002528926,0,9.9298303,3.9239816e-06,0
0.5,0,26.809427,-0.0023811866,0,9.9390587,3.8893626e-06,0
0.5,0,26.810386,-0.0023091532,0,9.9482872,3.8461063e-06,0
0.5,0,26.811619,-0.0022806635,0,9.9575157,3.8031917e-06,0
0.5,0,26.813093,-0.0022324005,0,9.9667441,3.7604254e-06,0
0.5,0,26.81473,-0.0021438765,0,9.9759726,3.709965e-06,0
0.5,0,26.816473,-0.0020405641,0,9.9852011,3.643266e-06,0
0.5,0,26.818306,-0.0019288587,0,9.9944295,3.5550638e-06,0
0.5,0,26.820256,-0.0017875005,0,10.003658,3.4412645e-06,0
0.5,0,26.822346,-0.001606546,0,10.012886,3.2970457e-06,0
0.5,0,26.824592,-0.0014077716,0,10.022115,3.1185544e-06,0
0.5,0,26.827036,-0.0012283372,0,10.031343,2.9050293e-06,0
0.5,0,26.829762,-0.0010988853,0,10.040572,2.6593605e-06,0
0.5,0,26.832861,-0.0010464739,0,10.0498,2.3884424e-06,0
0.5,0,26.836364,-0.0010936149,0,10.059029,2.1041574e-06,0
0.5,0,26.840209,-0.0012467729,0,10.068257,1.8220203e-06,0
0.5,0,26.844295,-0.0014998679,0,10.077486,1.5581136e-06,0
0.5,0,26.848478,-0.0018384246,0,10.086714,1.3268275e-06,0
0.5,0,26.852465,-0.0022283335,0,10.095943,1.1384391e-06,0
0.5,0,26.855758,-0.0026166341,0,10.105171,9.9608613e-07,0
0.5,0,26.857712,-0.0029585092,0,10.1144,8.9384043e-07,0
0.5,0,26.857676,-0.0032316227,0,10.123628,8.1863871e-07,0
0.5,0,26.855145,-0.0034271186,0,10.132857,7.5492913e-07,0
0.5,0,26.849859,-0.0035435893,0,10.142085,6.8958069e-07,0
0.5,0,26.841828,-0.0035894998,0,10.151313,6.1433377e-07,0
0.5,0,26.831358,-0.0035819201,0,10.160542,5.2474842e-07,0
0.5,0,26.819088,-0.0035408257,0,10.16977,4.1792124e-07,0
0.5,0,26.805887,-0.0034871692,0,10.178999,2.9061847e-07,0
0.5,0,26.79286,-0.0034935542,0,10.188227,1.3811139e-07,0
0.5,0,26.762872,-0.0052232651,0,12.33846,1.5246926e-07,0
0.5,0,26.7732,-0.0049882542,0,12.347689,3.203184e-07,0
0.5,0,26.782302,-0.0046776759,0,12.356917,4.6857945e-07,0
0.5,0,26.789892,-0.0043336017,0,12.366146,5.7765494e-07,0
0.5,0,26.795827,-0.0039602308,0,12.375374,6.3297677e-07,0
0.5,0,26.800023,-0.0035847235,0,12.384602,6.2851722e-07,0
0.5,0,26.802587,-0.0032599133,0,12.393831,5.6809283e-07,0
0.5,0,26.803914,-0.0030327256,0,12.403059,4.6409441e-07,0
0.5,0,26.80457,-0.0029533618,0,12.412288,3.3563183e-07,0
0.5,0,26.805038,-0.0030728034,0,12.421516,2.0346348e-07,0
0.5,0,26.805588,-0.0034337853,0,12.430745,8.6517445e-08,0
0.5,0,26.808389,-0.0052853529,0,12.467659,1.8974222e-08,0
0.5,0,26.809014,-0.0057068955,0,12.476887,1.5540833e-07,0
0.5,0,26.809644,-0.0060068291,0,12.486116,3.5632425e-07,0
0.5,0,26.810404,-0.0061523559,0,12.495344,6.0652846e-07,0
0.5,0,26.811358,-0.0061589397,0,12.504573,8.8870257e-07,0
0.5,0,26.812466,-0.0060342973,0,12.513801,1.1862229e-06,0
0.5,0,26.813675,-0.0057776395,0,12.523029,1.4801679e-06,0
0.5,0,26.814976,-0.0054014203,0,12.532258,1.7490799e-06,0
0.5,0,26.816424,-0.0049408291,0,12.541486,1.9715492e-06,0
0.5,0,26.818097,-0.0044453785,0,12.550715,2.1291131e-06,0
0.5,0,26.820035,-0.0039622106,0,12.559943,2.2085319e-06,0
0.5,0,26.822178,-0.0035226649,0,12.569172,2.2032851e-06,0
0.5,0,26.82435,-0.0031405259,0,12.5784,2.1144463e-06,0
0.5,0,26.826293,-0.002821016,0,12.587629,1.9509263e-06,0
0.5,0,26.827749,-0.0025717999,0,12.596857,1.7288061e-06,0
0.5,0,26.828546,-0.0024077085,0,12.606086,1.4695963e-06,0
0.5,0,26.828646,-0.0023469442,0,12.615314,1.1976322e-06,0
0.5,0,26.828124,-0.0024020046,0,12.624543,9.3708394e-07,0
0.5,0,26.827113,-0.0025723586,0,12.633771,7.0912482e-07,0
0.5,0,26.825763,-0.0028433092,0,12.643,5.2981053e-07,0
0.5,0,26.824221,-0.0031891383,0,12.652228,4.0904549e-07,0
0.5,0,26.822642,-0.0035768573,0,12.661456,3.5051769e-07,0
0.5,0,26.821179,-0.0039710482,0,12.670685,3.5223853e-07,0
0.5,0,26.819965,-0.0043342578,0,12.679913,4.0660501e-07,0
0.5,0,26.819077,-0.0046316057,0,12.689142,5.0059549e-07,0
0.5,0,26.818473,-0.0048334038,0,12.69837,6.176634e-07,0
0.5,0,26.817932,-0.0049080846,0,12.707599,7.4018091e-07,0
0.5,0,26.817061,-0.0048311107,0,12.716827,8.5149669e-07,0
0.5,0,26.815408,-0.0046034144,0,12.726056,9.3670678e-07,0
0.5,0,26.812604,-0.0042530235,0,12.735284,9.8167928e-07,0
0.5,0,26.808407,-0.0038133516,0,12.744513,9.7345693e-07,0
0.5,0,26.802623,-0.0033098427,0,12.753741,9.0423007e-07,0
0.5,0,26.795085,-0.0027836291,0,12.76297,7.7323287e-07,0
0.5,0,26.785859,-0.0023067323,0,12.772198,5.846991e-07,0
0.5,0,26.775567,-0.0020083959,0,12.781427,3.4665458e-07,0
0.5,0,26.765349,-0.0020592489,0,12.790655,6.9725601e-08,0
0.5,0,26.763159,-0.0042956631,0,14.064183,2.6747484e-08,0
0.5,0,26.769892,-0.0043445808,0,14.073412,6.4601605e-08,0
0.5,0,26.777088,-0.0043376876,0,14.08264,1.0702757e-07,0
0.5,0,26.784446,-0.0042933004,0,14.091869,1.570294e-07,0
0.5,0,26.791686,-0.0042260931,0,14.101097,2.1369416e-07,0
0.5,0,26.798617,-0.0041355903,0,14.110326,2.7252647e-07,0
0.5,0,26.805043,-0.0040161961,0,14.119554,3.2744888e-07,0
0.5,0,26.810688,-0.0038753783,0,14.128783,3.7345855e-07,0
0.5,0,26.815288,-0.0037318461,0,14.138011,4.0818522e-07,0
0.5,0,26.818712,-0.003605701,0,14.14724,4.3195472e-07,0
0.5,0,26.82097,-0.0035119289,0,14.156468,4.4722808e-07,0
0.5,0,26.822133,-0.0034537922,0,14.165697,4.5738177e-07,0
0.5,0,26.822245,-0.0034233838,0,14.174925,4.6518124e-07,0
0.5,0,26.821329,-0.0034108811,0,14.184153,4.7218149e-07,0
0.5,0,26.819457,-0.0034106288,0,14.193382,4.7921299e-07,0
0.5,0,26.816798,-0.0034201122,0,14.20261,4.8700861e-07,0
0.5,0,26.813597,-0.0034369397,0,14.211839,4.964704e-07,0
0.5,0,26.810105,-0.0034566766,0,14.221067,5.0867669e-07,0
0.5,0,26.806517,-0.0034711379,0,14.230296,5.2465558e-07,0
0.5,0,26.802954,-0.0034683101,0,14.239524,5.4485359e-07,0
0.5,0,26.799478,-0.0034374342,0,14.248753,5.6855733e-07,0
0.5,0,26.79611,-0.0033786285,0,14.257981,5.9394702e-07,0
0.5,0,26.792847,-0.0033087998,0,14.26721,6.1920041e-07,0
0.5,0,26.789675,-0.0032555663,0,14.276438,6.4401161e-07,0
0.5,0,26.786583,-0.0032403501,0,14.285667,6.7018052e-07,0
0.5,0,26.783575,-0.0032630473,0,14.294895,7.005067e-07,0
0.5,0,26.780672,-0.003301597,0,14.304124,7.3667298e-07,0
0.5,0,26.777903,-0.0033269652,0,14.313352,7.7771159e-07,0
0.5,0,26.775293,-0.003320907,0,14.32258,8.2007922e-07,0
0.5,0,26.772857,-0.003283312,0,14.331809,8.590483e-07,0
0.5,0,26.77059,-0.0032270125,0,14.341037,8.9037184e-07,0
0.5,0,26.768468,-0.0031675936,0,14.350266,9.1145114e-07,0
0.5,0,26.766449,-0.003115506,0,14.359494,9.2188819e-07,0
0.5,0,26.764479,-0.0030746879,0,14.368723,9.2347248e-07,0
0.5,0,26.762507,-0.0030450375,0,14.377951,9.1986715e-07,0
0.5,0,26.760507,-0.003026687,0,14.38718,9.1579991e-07,0
0.5,0,26.758485,-0.0030216979,0,14.396408,9.1580284e-07,0
0.5,0,26.756473,-0.0030320173,0,14.405637,9.2293934e-07,0
0.5,0,26.754506,-0.0030577755,0,14.414865,9.3792537e-07,0
0.5,0,26.752598,-0.0030958206,0,14.424094,9.5921544e-07,0
0.5,0,26.750735,-0.0031405499,0,14.433322,9.8382896e-07,0
0.5,0,26.748874,-0.003186311,0,14.442551,1.0084647e-06,0
0.5,0,26.746971,-0.0032292755,0,14.451779,1.0305775e-06,0
0.5,0,26.744997,-0.0032677677,0,14.461007,1.0490545e-06,0
0.5,0,26.742956,-0.0033009519,0,14.470236,1.0641924e-06,0
0.5,0,26.740886,-0.0033267902,0,14.479464,1.0769735e-06,0
0.5,0,26.738844,-0.0033406504,0,14.488693,1.0879849e-06,0
0.5,0,26.736887,-0.0033351044,0,14.497921,1.0965888e-06,0
0.5,0,26.735047,-0.0033017769,0,14.50715,1.1008615e-06,0
0.5,0,26.733314,-0.0032359007,0,14.516378,1.0983404e-06,0
0.5,0,26.73163,-0.0031419063,0,14.525607,1.0870725e-06,0
0.5,0,26.729913,-0.0030366326,0,14.534835,1.0660753e-06,0
0.5,0,26.728071,-0.0029450841,0,14.544064,1.0349126e-06,0
0.5,0,26.726037,-0.0028877052,0,14.553292,9.9319346e-07,0
0.5,0,26.723787,-0.002867637,0,14.562521,9.4083485e-07,0
0.5,0,26.721329,-0.0028700165,0,14.571749,8.7867051e-07,0
0.5,0,26.718641,-0.0028730642,0,14.580978,8.0817523e-07,0
0.5,0,26.715638,-0.0028595022,0,14.590206,7.2977354e-07,0
0.5,0,26.712238,-0.0028174303,0,14.599434,6.4157357e-07,0
0.5,0,26.708447,-0.0027375326,0,14.608663,5.3998076e-07,0
0.5,0,26.704336,-0.002621397,0,14.617891,4.2050131e-07,0
0.5,0,26.700104,-0.002508949,0,14.62712,2.7778898e-07,0
0.5,0,26.696288,-0.0025138549,0,14.636348,1.0624192e-07,0
0.5,0,26.784741,-0.0051812402,0,17.977053,1.4747459e-07,0
0.5,0,26.785497,-0.005363667,0,17.986282,3.9321131e-07,0
0.5,0,26.785309,-0.0053785191,0,17.99551,6.0796719e-07,0
0.5,0,26.784738,-0.0053487104,0,18.004739,7.9731521e-07,0
0.5,0,26.784284,-0.0053169152,0,18.013967,9.6996795e-07,0
0.5,0,26.784182,-0.0053015771,0,18.023196,1.135089e-06,0
0.5,0,26.784472,-0.0053008973,0,18.032424,1.3007984e-06,0
0.5,0,26.785079,-0.0052784266,0,18.041653,1.4712586e-06,0
0.5,0,26.785852,-0.0051882793,0,18.050881,1.6451048e-06,0
0.5,0,26.786619,-0.005019352,0,18.06011,1.818651e-06,0
0.5,0,26.787238,-0.0048054922,0,18.069338,1.9914416e-06,0
0.5,0,26.787653,-0.0045926561,0,18.078566,2.1692615e-06,0
0.5,0,26.787887,-0.0044010622,0,18.087795,2.3631448e-06,0
0.5,0,26.788014,-0.0042034705,0,18.097023,2.5856976e-06,0
0.5,0,26.788065,-0.0039539579,0,18.106252,2.8468702e-06,0
0.5,0,26.788231,-0.0039431894,0,18.11548,3.1511511e-06,0
0.5,0,26.788606,-0.003862382,0,18.124709,3.4968382e-06,0
0.5,0,26.789586,-0.0034888073,0,18.133937,3.8771714e-06,0
0.5,0,26.79114,-0.0031633459,0,18.143166,4.2827972e-06,0
0.5,0,26.792701,-0.0028440375,0,18.152394,4.7044544e-06,0
0.5,0,26.794201,-0.0025542084,0,18.161623,5.1344678e-06,0
0.5,0,26.795538,-0.0023085495,0,18.170851,5.5665177e-06,0
0.5,0,26.796649,-0.0021073115,0,18.18008,5.9943184e-06,0
0.5,0,26.797506,-0.0019408919,0,18.189308,6.4104042e-06,0
0.5,0,26.798113,-0.0017986653,0,18.198537,6.8058995e-06,0
0.5,0,26.798499,-0.0016753215,0,18.207765,7.1713354e-06,0
0.5,0,26.798712,-0.0015719993,0,18.216993,7.4979819e-06,0
0.5,0,26.798802,-0.0014937413,0,18.226222,7.7790976e-06,0
0.5,0,26.798815,-0.0014461794,0,18.23545,8.0107516e-06,0
0.5,0,26.798782,-0.0014325932,0,18.244679,8.1920945e-06,0
0.5,0,26.798722,-0.0014512831,0,18.253907,8.3250318e-06,0
0.5,0,26.798645,-0.0014939238,0,18.263136,8.4133175e-06,0
0.5,0,26.79856,-0.0015462024,0,18.272364,8.4613135e-06,0
0.5,0,26.798473,-0.0015917092,0,18.281593,8.4728858e-06,0
0.5,0,26.798373,-0.0016179342,0,18.290821,8.4509067e-06,0
0.5,0,26.798232,-0.0016210777,0,18.30005,8.3974977e-06,0
0.5,0,26.798,-0.0016064026,0,18.309278,8.3147168e-06,0
0.5,0,26.797625,-0.0015837453,0,18.318507,8.2052221e-06,0
0.5,0,26.797068,-0.0015616186,0,18.327735,8.0725773e-06,0
0.5,0,26.796309,-0.0015438159,0,18.336964,7.9211513e-06,0
0.5,0,26.795339,-0.0015298343,0,18.346192,7.7557718e-06,0
0.5,0,26.794155,-0.0015176985,0,18.35542,7.5813364e-06,0
0.5,0,26.792761,-0.0015066252,0,18.364649,7.4024761e-06,0
0.5,0,26.791172,-0.0014977225,0,18.373877,7.2232315e-06,0
0.5,0,26.789422,-0.0014926376,0,18.383106,7.0467345e-06,0
0.5,0,26.787568,-0.0014917037,0,18.392334,6.8750342e-06,0
0.5,0,26.785685,-0.0014928492,0,18.401563,6.7092476e-06,0
0.5,0,26.783854,-0.0014915162,0,18.410791,6.5500538e-06,0
0.5,0,26.782137,-0.001482386,0,18.42002,6.3983887e-06,0
0.5,0,26.780546,-0.0014624151,0,18.429248,6.2561595e-06,0
0.5,0,26.779032,-0.0014327303,0,18.438477,6.1267148e-06,0
0.5,0,26.777502,-0.0013980733,0,18.447705,6.0147215e-06,0
0.5,0,26.775868,-0.0013642704,0,18.456934,5.9253109e-06,0
0.5,0,26.77411,-0.0013352742,0,18.466162,5.8627486e-06,0
0.5,0,26.772308,-0.001311153,0,18.475391,5.8292634e-06,0
0.5,0,26.770632,-0.0012878916,0,18.484619,5.8245e-06,0
0.5,0,26.769282,-0.0012592645,0,18.493847,5.8457229e-06,0
0.5,0,26.768418,-0.001220734,0,18.503076,5.8886796e-06,0
0.5,0,26.768107,-0.0011712759,0,18.512304,5.9488405e-06,0
0.5,0,26.768321,-0.0011130864,0,18.521533,6.0224053e-06,0
0.5,0,26.768971,-0.0010516589,0,18.530761,6.1066876e-06,0
0.5,0,26.769942,-0.00099401194,0,18.53999,6.1999489e-06,0
0.5,0,26.771105,-0.00094570064,0,18.549218,6.3006554e-06,0
0.5,0,26.772307,-0.00090822025,0,18.558447,6.4065083e-06,0
0.5,0,26.773355,-0.0008778193,0,18.567675,6.513857e-06,0
0.5,0,26.77403,-0.00084653234,0,18.576904,6.6178761e-06,0
0.5,0,26.774153,-0.00080526763,0,18.586132,6.7135234e-06,0
0.5,0,26.773648,-0.00074728319,0,18.595361,6.7969553e-06,0
0.5,0,26.772577,-0.00067054223,0,18.604589,6.8668368e-06,0
0.5,0,26.771124,-0.00057815821,0,18.613818,6.9249854e-06,0
0.5,0,26.769531,-0.00047676572,0,18.623046,6.9760282e-06,0
0.5,0,26.768017,-0.00037386324,0,18.632274,7.026109e-06,0
0.5,0,26.766742,-0.00027511299,0,18.641503,7.0810903e-06,0
0.5,0,26.765809,-0.0001816195,0,18.650731,7.1449292e-06,0
0.5,0,26.765332,-9.5675973e-05,0,18.65996,7.2188194e-06,0
0.5,0,26.765497,-2.07531e-05,0,18.669188,7.3013711e-06,0
0.5,0,26.766608,4.1869759e-05,0,18.678417,7.389689e-06,0
0.5,0,26.769065,9.025659e-05,0,18.687645,7.4808875e-06,0
0.5,0,26.773259,0.00012367611,0,18.696874,7.5734573e-06,0
0.5,0,26.779425,0.00014354136,0,18.706102,7.667944e-06,0
0.5,0,26.787501,0.00015321742,0,18.715331,7.7667255e-06,0
0.5,0,26.797052,0.00015672221,0,18.724559,7.8730684e-06,0
0.5,0,26.807307,0.00015618981,0,18.733788,7.989917e-06,0
0.5,0,26.817303,0.00014974975,0,18.743016,8.1189794e-06,0
0.5,0,26.826098,0.00013096649,0,18.752245,8.2604823e-06,0
0.5,0,26.832975,8.9720851e-05,0,18.761473,8.4136722e-06,0
0.5,0,26.837577,1.5413337e-05,0,18.770701,8.5778153e-06,0
0.5,0,26.839916,-9.8249682e-05,0,18.77993,8.7533075e-06,0
0.5,0,26.840304,-0.00024979115,0,18.789158,8.9423497e-06,0
0.5,0,26.839233,-0.0004293974,0,18.798387,9.1489448e-06,0
0.5,0,26.837256,-0.00062206483,0,18.807615,9.3782496e-06,0
0.5,0,26.834912,-0.00081287391,0,18.816844,9.6354065e-06,0
0.5,0,26.832653,-0.00099167643,0,18.826072,9.9243211e-06,0
0.5,0,26.830783,-0.0011560237,0,18.835301,1.0246705e-05,0
0.5,0,26.829413,-0.0013104083,0,18.844529,1.0601584e-05,0
0.5,0,26.828453,-0.0014614204,0,18.853758,1.098547e-05,0
0.5,0,26.827673,-0.0016122489,0,18.862986,1.1393097e-05,0
0.5,0,26.826789,-0.0017590318,0,18.872215,1.1818322e-05,0
0.5,0,26.825599,-0.0018891088,0,18.881443,1.2254829e-05,0
0.5,0,26.823965,-0.0019837201,0,18.890672,1.2696603e-05,0
0.5,0,26.821891,-0.0020239672,0,18.8999,1.3137991e-05,0
0.5,0,26.819522,-0.0019942653,0,18.909128,1.3573355e-05,0
0.5,0,26.817033,-0.0018902635,0,18.918357,1.3997005e-05,0
0.5,0,26.814544,-0.0017274852,0,18.927585,1.4403197e-05,0
0.5,0,26.812067,-0.0015314414,0,18.936814,1.4786194e-05,0
0.5,0,26.8096,-0.0013251609,0,18.946042,1.5140626e-05,0
0.5,0,26.807149,-0.0011289459,0,18.955271,1.5462004e-05,0
0.5,0,26.804748,-0.00095865378,0,18.964499,1.5747381e-05,0
0.5,0,26.802453,-0.00082205983,0,18.973728,1.5995883e-05,0
0.5,0,26.800335,-0.0007193524,0,18.982956,1.6208974e-05,0
0.5,0,26.798448,-0.00064663468,0,18.992185,1.6390393e-05,0
0.5,0,26.796812,-0.00059969409,0,19.001413,1.6545813e-05,0
0.5,0,26.795411,-0.00057649614,0,19.010642,1.6682224e-05,0
0.5,0,26.79419,-0.00057675201,0,19.01987,1.6806998e-05,0
0.5,0,26.793074,-0.00059976137,0,19.029099,1.6926774e-05,0
0.5,0,26.791979,-0.00064279748,0,19.038327,1.7046335e-05,0
0.5,0,26.790826,-0.00069989232,0,19.047555,1.7167826e-05,0
0.5,0,26.789559,-0.00076160066,0,19.056784,1.7290523e-05,0
0.5,0,26.788163,-0.00081588831,0,19.066012,1.7411206e-05,0
0.5,0,26.786653,-0.00084965175,0,19.075241,1.7524926e-05,0
0.5,0,26.785048,-0.00084868201,0,19.084469,1.7625881e-05,0
0.5,0,26.783341,-0.00079916866,0,19.093698,1.7708092e-05,0
0.5,0,26.781676,-0.00069781548,0,19.102926,1.776568e-05,0
0.5,0,26.780097,-0.00055078302,0,19.112155,1.7792775e-05,0
0.5,0,26.778491,-0.00036699498,0,19.121383,1.7783418e-05,0
0.5,0,26.776849,-0.00015795345,0,19.130612,1.7731733e-05,0
0.5,0,26.775155,6.4638066e-05,0,19.13984,1.7632474e-05,0
0.5,0,26.773403,0.00028882631,0,19.149069,1.7481815e-05,0
0.5,0,26.771599,0.0005031119,0,19.158297,1.7278333e-05,0
0.5,0,26.769761,0.00069648346,0,19.167526,1.7023943e-05,0
0.5,0,26.767907,0.00085743547,0,19.176754,1.6724478e-05,0
0.5,0,26.766045,0.00097426316,0,19.185982,1.638997e-05,0
0.5,0,26.76418,0.0010352239,0,19.195211,1.603453e-05,0
0.5,0,26.762317,0.0010277244,0,19.204439,1.5675663e-05,0
0.5,0,26.760472,0.00093876696,0,19.213668,1.5332992e-05,0
0.5,0,26.758668,0.00075830237,0,19.222896,1.502657e-05,0
0.5,0,26.756938,0.00048303823,0,19.232125,1.4774992e-05,0
0.5,0,26.755319,0.0001183778,0,19.241353,1.4593532e-05,0
0.5,0,26.753844,-0.00032031816,0,19.250582,1.4492551e-05,0
0.5,0,26.752533,-0.00080737496,0,19.25981,1.4476433e-05,0
0.5,0,26.751385,-0.0013088074,0,19.269039,1.4543299e-05,0
0.5,0,26.750385,-0.0017854968,0,19.278267,1.4685584e-05,0
0.5,0,26.749508,-0.0021987883,0,19.287496,1.4891269e-05,0
0.5,0,26.74873,-0.0025169477,0,19.296724,1.5145487e-05,0
0.5,0,26.748032,-0.0027200221,0,19.305953,1.5432211e-05,0
0.5,0,26.747392,-0.0028034976,0,19.315181,1.5735688e-05,0
0.5,0,26.746784,-0.0027782592,0,19.324409,1.6041455e-05,0
0.5,0,26.746178,-0.0026678486,0,19.333638,1.6336975e-05,0
0.5,0,26.745543,-0.0025036303,0,19.342866,1.6611929e-05,0
0.5,0,26.744848,-0.0023173548,0,19.352095,1.6858233e-05,0
0.5,0,26.744066,-0.0021337305,0,19.361323,1.706984e-05,0
0.5,0,26.743179,-0.0019656601,0,19.370552,1.7242255e-05,0
0.5,0,26.74218,-0.0018130103,0,19.37978,1.7371896e-05,0
0.5,0,26.741079,-0.0016645587,0,19.389009,1.745549e-05,0
0.5,0,26.739899,-0.0015028442,0,19.398237,1.7489689e-05,0
0.5,0,26.738669,-0.0013109728,0,19.407466,1.7471006e-05,0
0.5,0,26.737419,-0.0010797834,0,19.416694,1.7396164e-05,0
0.5,0,26.736176,-0.00081235571,0,19.425923,1.7262921e-05,0
0.5,0,26.734959,-0.00052503451,0,19.435151,1.7071245e-05,0
0.5,0,26.733786,-0.00024481861,0,19.44438,1.6824393e-05,0
0.5,0,26.732667,-3.4474546e-06,0,19.453608,1.6529387e-05,0
0.5,0,26.731602,0.00017106261,0,19.462836,1.6196565e-05,0
0.5,0,26.730587,0.00026264386,0,19.472065,1.5838299e-05,0
0.5,0,26.729602,0.00026984608,0,19.481293,1.5467219e-05,0
0.5,0,26.728615,0.00020368907,0,19.490522,1.5094548e-05,0
0.5,0,26.727594,8.4093325e-05,0,19.49975,1.4729118e-05,0
0.5,0,26.72651,-6.6360826e-05,0,19.508979,1.4377126e-05,0
0.5,0,26.725357,-0.00022863466,0,19.518207,1.4042491e-05,0
0.5,0,26.72417,-0.00038979404,0,19.527436,1.3727599e-05,0
0.5,0,26.723028,-0.00054326771,0,19.536664,1.3434065e-05,0
0.5,0,26.722046,-0.00068768446,0,19.545893,1.3163361e-05,0
0.5,0,26.721347,-0.00082414566,0,19.555121,1.291728e-05,0
0.5,0,26.721038,-0.00095413197,0,19.56435,1.2698137e-05,0
0.5,0,26.721183,-0.0010791018,0,19.573578,1.2508537e-05,0
0.5,0,26.721798,-0.0012002325,0,19.582807,1.2350692e-05,0
0.5,0,26.722836,-0.001316865,0,19.592035,1.2225337e-05,0
0.5,0,26.724186,-0.001423349,0,19.601263,1.2130497e-05,0
0.5,0,26.725686,-0.001507516,0,19.610492,1.2060601e-05,0
0.5,0,26.727154,-0.0015522597,0,19.61972,1.200641e-05,0
0.5,0,26.728412,-0.0015412687,0,19.628949,1.1955885e-05,0
0.5,0,26.729333,-0.0014654259,0,19.638177,1.1895846e-05,0
0.5,0,26.729875,-0.0013270049,0,19.647406,1.1813902e-05,0
0.5,0,26.730104,-0.0011411002,0,19.656634,1.1700276e-05,0
0.5,0,26.730189,-0.00093065389,0,19.665863,1.1549318e-05,0
0.5,0,26.730382,-0.00072032078,0,19.675091,1.1360193e-05,0
0.5,0,26.730967,-0.00053242931,0,19.68432,1.11366e-05,0
0.5,0,26.732194,-0.00038273288,0,19.693548,1.0885804e-05,0
0.5,0,26.734214,-0.00027941983,0,19.702777,1.0616989e-05,0
0.5,0,26.737035,-0.00022334561,0,19.712005,1.033965e-05,0
0.5,0,26.74053,-0.00021127781,0,19.721234,1.0062235e-05,0
0.5,0,26.744466,-0.00023861329,0,19.730462,9.7908309e-06,0
0.5,0,26.748547,-0.0002971785,0,19.73969,9.5285631e-06,0
0.5,0,26.75246,-0.00037522891,0,19.748919,9.2757061e-06,0
0.5,0,26.755929,-0.00045986453,0,19.758147,9.0304296e-06,0
0.5,0,26.758754,-0.00054015392,0,19.767376,8.7899514e-06,0
0.5,0,26.76083,-0.00061022516,0,19.776604,8.5516112e-06,0
0.5,0,26.762147,-0.00067036378,0,19.785833,8.3135654e-06,0
0.5,0,26.762765,-0.00072380413,0,19.795061,8.0751191e-06,0
0.5,0,26.762782,-0.00077172172,0,19.80429,7.8367434e-06,0
0.5,0,26.762299,-0.00080874541,0,19.813518,7.5997581e-06,0
0.5,0,26.761389,-0.00082179419,0,19.822747,7.3656566e-06,0
0.5,0,26.760084,-0.00079423723,0,19.831975,7.1351959e-06,0
0.5,0,26.758385,-0.0007142063,0,19.841204,6.9074567e-06,0
0.5,0,26.756272,-0.00058405062,0,19.850432,6.6792006e-06,0
0.5,0,26.753768,-0.0004234952,0,19.859661,6.445072e-06,0
0.5,0,26.750894,-0.00026615868,0,19.868889,6.1988411e-06,0
0.5,0,26.747737,-0.00015053315,0,19.878117,5.9352101e-06,0
0.5,0,26.74443,-0.00010877521,0,19.887346,5.6517687e-06,0
0.5,0,26.74107,-0.0001587941,0,19.896574,5.3504675e-06,0
0.5,0,26.73775,-0.00029694043,0,19.905803,5.0378305e-06,0
0.5,0,26.734499,-0.00049559259,0,19.915031,4.7237117e-06,0
0.5,0,26.731277,-0.00071006038,0,19.92426,4.4189682e-06,0
0.5,0,26.728008,-0.00089014911,0,19.933488,4.132638e-06,0
0.5,0,26.724614,-0.00099230471,0,19.942717,3.8695415e-06,0
0.5,0,26.721063,-0.00098895583,0,19.951945,3.6293464e-06,0
0.5,0,26.717389,-0.00087289448,0,19.961174,3.4073883e-06,0
0.5,0,26.713687,-0.00065935492,0,19.970402,3.1965179e-06,0
0.5,0,26.710067,-0.00038772916,0,19.979631,2.9887354e-06,0
0.5,0,26.706604,-0.00011703647,0,19.988859,2.7760597e-06,0
0.5,0,26.703294,8.8126595e-05,0,19.998088,2.5509461e-06,0
0.5,0,26.700055,0.00017785119,0,20.007316,2.3072795e-06,0
0.5,0,26.696766,0.0001350685,0,20.016544,2.0423769e-06,0
0.5,0,26.693298,-2.4621518e-05,0,20.025773,1.7587488e-06,0
0.5,0,26.689529,-0.00026965472,0,20.035001,1.463345e-06,0
0.5,0,26.685372,-0.0005617927,0,20.04423,1.1641878e-06,0
0.5,0,26.680857,-0.00085566007,0,20.053458,8.6782158e-07,0
0.5,0,26.676182,-0.0011140598,0,20.062687,5.7812217e-07,0
0.5,0,26.671647,-0.0013785786,0,20.071915,2.9447235e-07,0
0.5,0,26.667677,-0.0016716149,0,20.081144,9.826952e-09,0
0.5,0,26.737479,-0.0042992431,0,22.923512,1.5554827e-07,0
0.5,0,26.731666,-0.0042719529,0,22.93274,3.8047133e-07,0
0.5,0,26.725982,-0.0041009308,0,22.941968,5.8188024e-07,0
0.5,0,26.720549,-0.0038838325,0,22.951197,7.5708291e-07,0
0.5,0,26.715508,-0.0036465932,0,22.960425,9.0613174e-07,0
0.5,0,26.710988,-0.0033887451,0,22.969654,1.0297246e-06,0
0.5,0,26.707058,-0.0031148035,0,22.978882,1.1281479e-06,0
0.5,0,26.703673,-0.0028439408,0,22.988111,1.2010875e-06,0
0.5,0,26.700665,-0.0026003351,0,22.997339,1.2473442e-06,0
0.5,0,26.697798,-0.0023963464,0,23.006568,1.2649415e-06,0
0.5,0,26.694848,-0.0022229026,0,23.015796,1.2522263e-06,0
0.5,0,26.691653,-0.0020576194,0,23.025025,1.2093175e-06,0
0.5,0,26.688115,-0.0018844659,0,23.034253,1.1384931e-06,0
0.5,0,26.684208,-0.0017070399,0,23.043482,1.0426439e-06,0
0.5,0,26.679992,-0.0015397491,0,23.05271,9.2346108e-07,0
0.5,0,26.67559,-0.001388217,0,23.061939,7.8249775e-07,0
0.5,0,26.671112,-0.0012530621,0,23.071167,6.2243461e-07,0
0.5,0,26.666629,-0.0011442914,0,23.080395,4.4548575e-07,0
0.5,0,26.662332,-0.0011183615,0,23.089624,2.5179046e-07,0
0.5,0,26.658627,-0.0012637452,0,23.098852,3.8733715e-08,0
0.5,0,26.607162,-0.0011146989,0,30.352427,2.8942554e-08,0
0.5,0,26.614624,-0.0011658193,0,30.361656,5.7106187e-08,0
0.5,0,26.625235,-0.0012090677,0,30.370884,7.4123304e-08,0
0.5,0,26.636738,-0.0012481027,0,30.380113,7.796166e-08,0
0.5,0,26.647644,-0.0012658767,0,30.389341,7.2088247e-08,0
0.5,0,26.65763,-0.0012442014,0,30.39857,6.5200473e-08,0
0.5,0,26.667127,-0.0011728326,0,30.407798,6.8117256e-08,0
0.5,0,26.676537,-0.0010539639,0,30.417027,8.9130298e-08,0
0.5,0,26.685632,-0.00090797708,0,30.426255,1.3076344e-07,0
0.5,0,26.693451,-0.00076898261,0,30.435483,1.8932916e-07,0
0.5,0,26.69865,-0.00066818207,0,30.444712,2.5620505e-07,0
0.5,0,26.700059,-0.00062066319,0,30.45394,3.197558e-07,0
0.5,0,26.697149,-0.0006242138,0,30.463169,3.6780594e-07,0
0.5,0,26.690253,-0.00066456802,0,30.472397,3.9030364e-07,0
0.5,0,26.680504,-0.00072095818,0,30.481626,3.8158065e-07,0
0.5,0,26.66952,-0.00077117847,0,30.490854,3.4177409e-07,0
0.5,0,26.65896,-0.00079752528,0,30.500083,2.7678094e-07,0
0.5,0,26.650132,-0.00079457649,0,30.509311,1.9634567e-07,0
0.5,0,26.643727,-0.00077718152,0,30.51854,1.1071584e-07,0
0.5,0,26.639752,-0.00077525823,0,30.527768,2.8066145e-08,0
0.5,0,26.624337,0.0012098321,0,30.656967,6.0034537e-08,0
0.5,0,26.621654,0.0016320765,0,30.666195,2.7162463e-07,0
0.5,0,26.613074,-0.00018289389,0,30.675424,2.3816073e-07,0
0.5,0,26.610092,-0.0011651589,0,30.684652,2.6020647e-08,0
0.5,0,26.61359,-0.0014799981,0,30.703109,4.063549e-08,0
0.5,0,26.611449,-0.00086443472,0,30.712338,1.0442917e-07,0
0.5,0,26.61362,-0.0011207855,0,30.721566,4.0328012e-08,0
0.5,0,26.623531,-0.0032002833,0,30.730794,1.0334016e-07,0
0.5,0,26.631775,-0.0038321702,0,30.740023,4.0343218e-07,0
0.5,0,26.636092,-0.0025072471,0,30.749251,6.7784726e-07,0
0.5,0,26.638129,-0.001340717,0,30.75848,7.8997741e-07,0
0.5,0,26.638485,-0.0010217051,0,30.767708,8.031756e-07,0
0.5,0,26.637519,-0.0010346094,0,30.776937,7.7792854e-07,0
0.5,0,26.635528,-0.0010109988,0,30.786165,7.3211021e-07,0
0.5,0,26.632841,-0.00090396377,0,30.795394,6.7319219e-07,0
0.5,0,26.630017,-0.0007556733,0,30.804622,6.066812e-07,0
0.5,0,26.627846,-0.00060391727,0,30.813851,5.3614889e-07,0
0.5,0,26.627165,-0.00047074622,0,30.823079,4.6559806e-07,0
0.5,0,26.628547,-0.00036616835,0,30.832308,4.0146134e-07,0
0.5,0,26.632028,-0.00029681369,0,30.841536,3.5213047e-07,0
0.5,0,26.637024,-0.00027324985,0,30.850765,3.2560863e-07,0
0.5,0,26.642497,-0.00031074306,0,30.859993,3.2724423e-07,0
0.5,0,26.647331,-0.00042314997,0,30.869221,3.5906414e-07,0
0.5,0,26.650731,-0.00061260664,0,30.87845,4.2057063e-07,0
0.5,0,26.652465,-0.00085892569,0,30.887678,5.0941709e-07,0
0.5,0,26.652856,-0.0011131629,0,30.896907,6.2050546e-07,0
0.5,0,26.652546,-0.0013011996,0,30.906135,7.43752e-07,0
0.5,0,26.652168,-0.0013429718,0,30.915364,8.625725e-07,0
0.5,0,26.652108,-0.0011851029,0,30.924592,9.5554365e-07,0
0.5,0,26.652377,-0.00083412931,0,30.933821,1.0020934e-06,0
0.5,0,26.652588,-0.00037151397,0,30.943049,9.9036341e-07,0
0.5,0,26.652045,6.4703077e-05,0,30.952278,9.2336785e-07,0
0.5,0,26.649961,0.00033140716,0,30.961506,8.1965573e-07,0
0.5,0,26.645839,0.00034479225,0,30.970735,7.0728703e-07,0
0.5,0,26.639833,0.00012342599,0,30.979963,6.1351558e-07,0
0.5,0,26.632848,-0.00021743836,0,30.989192,5.55268e-07,0
0.5,0,26.626253,-0.00052006735,0,30.99842,5.3539557e-07,0
0.5,0,26.621369,-0.00065891893,0,31.007648,5.4571954e-07,0
0.5,0,26.619075,-0.00059739159,0,31.016877,5.7346973e-07,0
0.5,0,26.619667,-0.00040046113,0,31.026105,6.0611256e-07,0
0.5,0,26.622886,-0.00019947284,0,31.035334,6.3171272e-07,0
0.5,0,26.627985,-0.00012548849,0,31.044562,6.3665506e-07,0
0.5,0,26.633826,-0.00024154854,0,31.053791,6.0569047e-07,0
0.5,0,26.639156,-0.00050780433,0,31.063019,5.2780434e-07,0
0.5,0,26.64302,-0.00080093267,0,31.072248,4.0582264e-07,0
0.5,0,26.645092,-0.00098032131,0,31.081476,2.6221026e-07,0
0.5,0,26.645701,-0.00096543837,0,31.090705,1.3364345e-07,0
0.5,0,26.645482,-0.00078605916,0,31.099933,5.4878411e-08,0
0.5,0,26.644877,-0.00049593033,0,31.109162,4.3234239e-08,0
0.5,0,26.643773,-0.0002129071,0,31.11839,9.6488002e-08,0
0.5,0,26.641469,-5.0303924e-05,0,31.127619,1.9474635e-07,0
0.5,0,26.63721,-2.8899144e-05,0,31.136847,3.1019169e-07,0
0.5,0,26.631119,-0.00013967547,0,31.146075,4.1946854e-07,0
0.5,0,26.62464,-0.00031489032,0,31.155304,5.0582273e-07,0
0.5,0,26.619799,-0.00048974885,0,31.164532,5.6001478e-07,0
0.5,0,26.617781,-0.00063460072,0,31.173761,5.8022466e-07,0
0.5,0,26.618055,-0.00073623534,0,31.182989,5.7066165e-07,0
0.5,0,26.618932,-0.00078011797,0,31.192218,5.3846519e-07,0
0.5,0,26.619121,-0.00076489412,0,31.201446,4.916758e-07,0
0.5,0,26.61885,-0.0007113463,0,31.210675,4.3845629e-07,0
0.5,0,26.619483,-0.00063963361,0,31.219903,3.8570609e-07,0
0.5,0,26.622105,-0.00054387472,0,31.229132,3.3755478e-07,0
0.5,0,26.626482,-0.00040314173,0,31.23836,2.9525766e-07,0
0.5,0,26.631238,-0.00021755977,0,31.247589,2.5750004e-07,0
0.5,0,26.63493,-2.3349517e-05,0,31.256817,2.2094021e-07,0
0.5,0,26.637043,0.00012378834,0,31.266046,1.8284171e-07,0
0.5,0,26.638051,0.00016434609,0,31.275274,1.4500259e-07,0
0.5,0,26.638545,5.3554155e-05,0,31.284502,1.1485461e-07,0
0.5,0,26.638141,-0.00020736164,0,31.293731,1.0105894e-07,0
0.5,0,26.635655,-0.00055600608,0,31.302959,1.0834456e-07,0
0.5,0,26.630158,-0.00088877456,0,31.312188,1.3604174e-07,0
0.5,0,26.622474,-0.0011040317,0,31.321416,1.7981003e-07,0
0.5,0,26.615511,-0.0011398435,0,31.330645,2.3370258e-07,0
0.5,0,26.612515,-0.0010010806,0,31.339873,2.8939446e-07,0
0.5,0,26.615005,-0.00075876139,0,31.349102,3.3429165e-07,0
0.5,0,26.6217,-0.00050958077,0,31.35833,3.5232091e-07,0
0.5,0,26.629512,-0.00032948144,0,31.367559,3.2865483e-07,0
0.5,0,26.635644,-0.00025336727,0,31.376787,2.5623582e-07,0
0.5,0,26.639015,-0.00028336231,0,31.386016,1.4109575e-07,0
0.5,0,26.640225,-0.0004491308,0,31.395244,3.1240338e-09,0
0.5,0,26.641601,-1.2474739e-05,0,31.487529,4.0450728e-08,0
0.5,0,26.642509,-4.069878e-05,0,31.496757,9.6232363e-08,0
0.5,0,26.643583,-0.00018614008,0,31.505986,1.5681834e-07,0
0.5,0,26.644504,-0.00044380675,0,31.515214,2.2508554e-07,0
0.5,0,26.645107,-0.00077435261,0,31.524443,3.0428688e-07,0
0.5,0,26.645448,-0.00112114,0,31.533671,3.9533671e-07,0
0.5,0,26.645675,-0.001425069,0,31.5429,4.965884e-07,0
0.5,0,26.645855,-0.0016149434,0,31.552128,6.0170478e-07,0
0.5,0,26.64589,-0.0016026074,0,31.561356,6.9499413e-07,0
0.5,0,26.64558,-0.0013279431,0,31.570585,7.5247489e-07,0
0.5,0,26.644803,-0.0008072371,0,31.579813,7.5012257e-07,0
0.5,0,26.643603,-0.00015412749,0,31.589042,6.7503486e-07,0
0.5,0,26.641944,0.00043420442,0,31.59827,5.3472519e-07,0
0.5,0,26.639322,0.00075574215,0,31.607499,3.5727125e-07,0
0.5,0,26.634883,0.00073098504,0,31.616727,1.8166148e-07,0
0.5,0,26.628299,0.00038079239,0,31.625956,4.3055088e-08,0
0.5,0,26.605851,-0.0010151036,0,31.672098,3.0364062e-08,0
0.5,0,26.607772,-0.00097094146,0,31.681327,7.1893678e-08,0
0.5,0,26.609898,-0.00085627489,0,31.690555,1.0315933e-07,0
0.5,0,26.611384,-0.00073233852,0,31.699783,1.2369999e-07,0
0.5,0,26.612809,-0.00062096855,0,31.709012,1.348961e-07,0
0.5,0,26.615614,-0.0005147234,0,31.71824,1.3764388e-07,0
0.5,0,26.620495,-0.00039859644,0,31.727469,1.3063277e-07,0
0.5,0,26.626499,-0.00026794478,0,31.736697,1.1087279e-07,0
0.5,0,26.631783,-0.00013794975,0,31.745926,7.6166528e-08,0
0.5,0,26.63511,-5.4542028e-05,0,31.755154,2.5515619e-08,0
0.5,0,26.639828,-0.0015178897,0,31.893581,5.3291705e-08,0
0.5,0,26.639752,-0.0012883255,0,31.90281,1.8886406e-07,0
0.5,0,26.639698,-0.00099558178,0,31.912038,2.8638202e-07,0
0.5,0,26.639728,-0.00080790498,0,31.921267,3.5351697e-07,0
0.5,0,26.639857,-0.00074668031,0,31.930495,4.0201559e-07,0
0.5,0,26.640009,-0.00067478397,0,31.939724,4.3513261e-07,0
0.5,0,26.640034,-0.00043997887,0,31.948952,4.4284608e-07,0
0.5,0,26.639793,-3.0745382e-05,0,31.958181,4.103878e-07,0
0.5,0,26.639251,0.00038614317,0,31.967409,3.3375015e-07,0
0.5,0,26.638506,0.00058866914,0,31.976637,2.2907425e-07,0
0.5,0,26.637727,0.0004767352,0,31.985866,1.2697232e-07,0
0.5,0,26.637073,0.00014119136,0,31.995094,5.3515423e-08,0
0.5,0,26.636641,-0.00021610819,0,32.004323,1.5062104e-08,0
0.5,0,26.636646,-0.00090967326,0,32.14275,5.9412304e-08,0
0.5,0,26.636726,-0.00076660002,0,32.151978,1.0779401e-07,0
0.5,0,26.63674,-0.00054428423,0,32.161207,1.2962507e-07,0
0.5,0,26.636615,-0.00029261121,0,32.170435,1.2238417e-07,0
0.5,0,26.636338,-6.1545195e-05,0,32.179664,8.634063e-08,0
0.5,0,26.635994,9.0477931e-05,0,32.188892,2.2788219e-08,0
0.5,0,26.634138,-0.00026106647,0,33.360907,3.332979e-08,0
0.5,0,26.634325,-0.00037910308,0,33.370136,6.1609118e-08,0
0.5,0,26.634447,-0.00044658459,0,33.379364,6.4729613e-08,0
0.5,0,26.634531,-0.00049689564,0,33.388593,4.7941851e-08,0
0.5,0,26.63468,-0.0005460209,0,33.397821,1.8795821e-08,0
0.5,0,26.634532,-0.00016072767,0,33.776188,6.9545001e-08,0
0.5,0,26.634764,-0.00031574283,0,33.785417,1.3833235e-07,0
0.5,0,26.634987,-0.00036101343,0,33.794645,1.7059562e-07,0
0.5,0,26.635283,-0.00028206839,0,33.803874,1.8125366e-07,0
0.5,0,26.635696,-0.00012046222,0,33.813102,1.9001306e-07,0
0.5,0,26.636166,4.2039563e-05,0,33.822331,2.0937271e-07,0
0.5,0,26.636603,0.0001496537,0,33.831559,2.3776893e-07,0
0.5,0,26.636935,0.00018641256,0,33.840788,2.6289281e-07,0
0.5,0,26.637073,0.0001540879,0,33.850016,2.7297687e-07,0
0.5,0,26.636908,6.3549542e-05,0,33.859245,2.6605419e-07,0
0.5,0,26.636428,-6.2061942e-05,0,33.868473,2.5057332e-07,0
0.5,0,26.635814,-0.00019188508,0,33.877702,2.3936001e-07,0
0.5,0,26.635358,-0.00030091416,0,33.88693,2.4288768e-07,0
0.5,0,26.635254,-0.00038052969,0,33.896159,2.6605795e-07,0
0.5,0,26.635545,-0.00043633985,0,33.905387,3.0872085e-07,0
0.5,0,26.636081,-0.00047618563,0,33.914615,3.6751716e-07,0
0.5,0,26.636189,-0.00050030457,0,33.923844,4.3685047e-07,0
0.5,0,26.634509,-0.00050206683,0,33.933072,5.0875693e-07,0
0.5,0,26.629883,-0.00047550749,0,33.942301,5.7298222e-07,0
0.5,0,26.622929,-0.00041949799,0,33.951529,6.1842079e-07,0
0.5,0,26.616356,-0.00033573671,0,33.960758,6.3568529e-07,0
0.5,0,26.613115,-0.00022635944,0,33.969986,6.1964633e-07,0
0.5,0,26.614114,-9.7360186e-05,0,33.979215,5.709083e-07,0
0.5,0,26.617712,3.5955663e-05,0,33.988443,4.9621799e-07,0
0.5,0,26.621074,0.00014963695,0,33.997672,4.0718446e-07,0
0.5,0,26.621945,0.00021954595,0,34.0069,3.1695017e-07,0
0.5,0,26.619901,0.00023204305,0,34.016129,2.3658738e-07,0
0.5,0,26.616721,0.00018871664,0,34.025357,1.7312522e-07,0
0.5,0,26.615399,0.00010282483,0,34.034586,1.3016384e-07,0
0.5,0,26.617968,-8.4782818e-06,0,34.043814,1.1002762e-07,0
0.5,0,26.623918,-0.00012896813,0,34.053042,1.1479998e-07,0
0.5,0,26.630768,-0.00024157458,0,34.062271,1.4458633e-07,0
0.5,0,26.636142,-0.00032541523,0,34.071499,1.9417254e-07,0
0.5,0,26.639238,-0.0003595716,0,34.080728,2.5125573e-07,0
0.5,0,26.640595,-0.00033228915,0,34.089956,2.9867298e-07,0
0.5,0,26.640895,-0.00024760488,0,34.099185,3.2021032e-07,0
0.5,0,26.640146,-0.00012523108,0,34.108413,3.0702055e-07,0
0.5,0,26.637804,3.3395416e-06,0,34.117642,2.6127517e-07,0
0.5,0,26.633464,9.7451151e-05,0,34.12687,1.9559539e-07,0
0.5,0,26.627491,0.00010967993,0,34.136099,1.2916806e-07,0
0.5,0,26.621132,-2.1455512e-06,0,34.145327,8.2317192e-08,0
0.5,0,26.616069,-0.00024481843,0,34.154556,7.0584889e-08,0
0.5,0,26.613658,-0.00055537494,0,34.163784,9.8746603e-08,0
0.5,0,26.614298,-0.00080185458,0,34.173013,1.568527e-07,0
0.5,0,26.617228,-0.00084527659,0,34.182241,2.2219834e-07,0
0.5,0,26.62088,-0.00063499962,0,34.191469,2.6902059e-07,0
0.5,0,26.623577,-0.00026852639,0,34.200698,2.8219008e-07,0
0.5,0,26.624252,4.1097134e-05,0,34.209926,2.6676366e-07,0
0.5,0,26.622853,9.1096345e-05,0,34.219155,2.4604624e-07,0
0.5,0,26.62031,-0.00016174338,0,34.228383,2.4732361e-07,0
0.5,0,26.618056,-0.00053973561,0,34.237612,2.8277389e-07,0
0.5,0,26.617347,-0.00074213517,0,34.24684,3.3733946e-07,0
0.5,0,26.618658,-0.00055887962,0,34.256069,3.7297476e-07,0
0.5,0,26.621443,-3.7828107e-05,0,34.265297,3.4968483e-07,0
0.5,0,26.624396,0.0005307216,0,34.274526,2.5405099e-07,0
0.5,0,26.626127,0.00076451615,0,34.283754,1.1135148e-07,0
0.5,0,26.614228,-0.0005411575,0,34.329896,8.2821162e-08,0
0.5,0,26.614162,-0.00031408751,0,34.339125,1.8531292e-07,0
0.5,0,26.616091,-5.4040313e-05,0,34.348353,2.6916277e-07,0
0.5,0,26.619274,9.5900717e-05,0,34.357582,3.2891877e-07,0
0.5,0,26.622725,0.00010714547,0,34.36681,3.6382435e-07,0
0.5,0,26.625571,2.3241349e-05,0,34.376039,3.7284042e-07,0
0.5,0,26.627282,-9.6737721e-05,0,34.385267,3.5431497e-07,0
0.5,0,26.627716,-0.00021265287,0,34.394496,3.088403e-07,0
0.5,0,26.626999,-0.00030655307,0,34.403724,2.4159068e-07,0
0.5,0,26.625361,-0.00037279335,0,34.412953,1.6254762e-07,0
0.5,0,26.623032,-0.00041234416,0,34.422181,8.4695638e-08,0
0.5,0,26.620215,-0.00042714331,0,34.43141,2.0949575e-08,0
0.5,0,26.608947,-0.00020379628,0,34.468323,3.3344961e-08,0
0.5,0,26.607659,-0.00015172317,0,34.477552,9.9841415e-08,0
0.5,0,26.607135,-0.0001114992,0,34.48678,1.7856458e-07,0
0.5,0,26.607106,-8.6866131e-05,0,34.496009,2.5650755e-07,0
0.5,0,26.607284,-8.3388959e-05,0,34.505237,3.2118576e-07,0
0.5,0,26.607508,-0.0001143504,0,34.514466,3.6442131e-07,0
0.5,0,26.607819,-0.00018468783,0,34.523694,3.8431043e-07,0
0.5,0,26.608351,-0.00027961473,0,34.532923,3.8402613e-07,0
0.5,0,26.609153,-0.00037647055,0,34.542151,3.7006206e-07,0
0.5,0,26.610074,-0.00045855384,0,34.55138,3.5124397e-07,0
0.5,0,26.610843,-0.00051731162,0,34.560608,3.3762174e-07,0
0.5,0,26.611258,-0.00054825763,0,34.569837,3.3858034e-07,0
0.5,0,26.611372,-0.00054927106,0,34.579065,3.6062672e-07,0
0.5,0,26.611571,-0.00052287844,0,34.588294,4.0594507e-07,0
0.5,0,26.612475,-0.00047721257,0,34.597522,4.7217985e-07,0
0.5,0,26.614714,-0.000422575,0,34.60675,5.5313833e-07,0
0.5,0,26.61866,-0.00036858282,0,34.615979,6.4030768e-07,0
0.5,0,26.624233,-0.00032385686,0,34.625207,7.247529e-07,0
0.5,0,26.630886,-0.00029643055,0,34.634436,7.9921691e-07,0
0.5,0,26.637764,-0.0002915773,0,34.643664,8.5997533e-07,0
0.5,0,26.643965,-0.00030632517,0,34.652893,9.0752405e-07,0
0.5,0,26.648812,-0.00033061178,0,34.662121,9.4595407e-07,0
0.5,0,26.652027,-0.00035376485,0,34.67135,9.8147724e-07,0
0.5,0,26.653744,-0.00036872515,0,34.680578,1.0207482e-06,0
0.5,0,26.654385,-0.00037384741,0,34.689807,1.0692562e-06,0
0.5,0,26.654472,-0.00037241318,0,34.699035,1.1299755e-06,0
0.5,0,26.654449,-0.00036975206,0,34.708264,1.2024647e-06,0
0.5,0,26.654573,-0.00037015455,0,34.717492,1.2827015e-06,0
0.5,0,26.654893,-0.000375692,0,34.726721,1.3638652e-06,0
0.5,0,26.655309,-0.00038585284,0,34.735949,1.4378995e-06,0
0.5,0,26.65567,-0.00039769068,0,34.745177,1.4973346e-06,0
0.5,0,26.655866,-0.00040644426,0,34.754406,1.5367671e-06,0
0.5,0,26.655876,-0.00040682739,0,34.763634,1.5536327e-06,0
0.5,0,26.655756,-0.00039482843,0,34.772863,1.5482833e-06,0
0.5,0,26.655569,-0.00036891078,0,34.782091,1.5236383e-06,0
0.5,0,26.655283,-0.0003297491,0,34.79132,1.4846896e-06,0
0.5,0,26.654685,-0.00027863603,0,34.800548,1.4380012e-06,0
0.5,0,26.653364,-0.00021619257,0,34.809777,1.391142e-06,0
0.5,0,26.650801,-0.00014202303,0,34.819005,1.3519489e-06,0
0.5,0,26.646574,-5.5583924e-05,0,34.828234,1.3275453e-06,0
0.5,0,26.640628,4.1291476e-05,0,34.837462,1.3229985e-06,0
0.5,0,26.633482,0.00014330824,0,34.846691,1.3400764e-06,0
0.5,0,26.626237,0.00024021651,0,34.855919,1.3765214e-06,0
0.5,0,26.620359,0.00031668492,0,34.865148,1.4259845e-06,0
0.5,0,26.617276,0.00035723068,0,34.874376,1.4790151e-06,0
0.5,0,26.617923,0.00035141675,0,34.883604,1.5250968e-06,0
0.5,0,26.622406,0.00029729713,0,34.892833,1.5552139e-06,0
0.5,0,26.629935,0.00020246954,0,34.902061,1.5642255e-06,0
0.5,0,26.639082,8.2539394e-05,0,34.91129,1.5523391e-06,0
0.5,0,26.648263,-4.2850051e-05,0,34.920518,1.5252807e-06,0
0.5,0,26.656247,-0.00015457428,0,34.929747,1.4931305e-06,0
0.5,0,26.662522,-0.00023746599,0,34.938975,1.4678695e-06,0
0.5,0,26.667353,-0.000283145,0,34.948204,1.4602514e-06,0
0.5,0,26.671566,-0.00029018643,0,34.957432,1.4770463e-06,0
0.5,0,26.676118,-0.00026261523,0,34.966661,1.5192089e-06,0
0.5,0,26.681661,-0.00020947019,0,34.975889,1.5813769e-06,0
0.5,0,26.688254,-0.00014343476,0,34.985118,1.6530178e-06,0
0.5,0,26.695309,-7.8083679e-05,0,34.994346,1.7208974e-06,0
0.5,0,26.701774,-2.5737106e-05,0,35.003575,1.7721293e-06,0
0.5,0,26.70647,4.0666869e-06,0,35.012803,1.7970786e-06,0
0.5,0,26.708435,5.2216693e-06,0,35.022031,1.791487e-06,0
0.5,0,26.707191,-2.4402414e-05,0,35.03126,1.757403e-06,0
0.5,0,26.702861,-8.1637697e-05,0,35.040488,1.7027545e-06,0
0.5,0,26.696125,-0.00015748343,0,35.049717,1.63961e-06,0
0.5,0,26.688042,-0.00023706491,0,35.058945,1.581374e-06,0
0.5,0,26.679816,-0.00030028515,0,35.068174,1.5395441e-06,0
0.5,0,26.672551,-0.00032443853,0,35.077402,1.5209773e-06,0
0.5,0,26.667054,-0.0002893532,0,35.086631,1.5264457e-06,0
0.5,0,26.663699,-0.0001853872,0,35.095859,1.5507226e-06,0
0.5,0,26.6624,-2.145908e-05,0,35.105088,1.5843783e-06,0
0.5,0,26.662689,0.00017202021,0,35.114316,1.6172282e-06,0
0.5,0,26.66389,0.00034742128,0,35.123545,1.6421042e-06,0
0.5,0,26.665328,0.00045176873,0,35.132773,1.6573069e-06,0
0.5,0,26.66648,0.00044462409,0,35.142002,1.6668732e-06,0
0.5,0,26.667042,0.00031513131,0,35.15123,1.6785203e-06,0
0.5,0,26.666938,9.1203633e-05,0,35.160458,1.7000109e-06,0
0.5,0,26.666284,-0.00016533871,0,35.169687,1.7353118e-06,0
0.5,0,26.665309,-0.0003779417,0,35.178915,1.7821445e-06,0
0.5,0,26.664278,-0.0004811711,0,35.188144,1.8321847e-06,0
0.5,0,26.663419,-0.00044484658,0,35.197372,1.8740123e-06,0
0.5,0,26.662868,-0.00028585206,0,35.206601,1.8976293e-06,0
0.5,0,26.662671,-6.2752968e-05,0,35.215829,1.8986969e-06,0
0.5,0,26.662792,0.00014597125,0,35.225058,1.8806876e-06,0
0.5,0,26.663144,0.00027251228,0,35.234286,1.8539164e-06,0
0.5,0,26.663614,0.0002847129,0,35.243515,1.8318629e-06,0
0.5,0,26.664076,0.00019572028,0,35.252743,1.8264112e-06,0
0.5,0,26.66441,5.4686304e-05,0,35.261972,1.843977e-06,0
0.5,0,26.664524,-7.6397904e-05,0,35.2712,1.8840756e-06,0
0.5,0,26.664378,-0.00014859438,0,35.280429,1.940696e-06,0
0.5,0,26.664005,-0.0001425829,0,35.289657,2.0055713e-06,0
0.5,0,26.663518,-7.0439789e-05,0,35.298885,2.0717192e-06,0
0.5,0,26.663078,3.3966105e-05,0,35.308114,2.1356692e-06,0
0.5,0,26.662844,0.00013107939,0,35.317342,2.1976278e-06,0
0.5,0,26.662912,0.00019090298,0,35.326571,2.2599311e-06,0
0.5,0,26.663274,0.00020067696,0,35.335799,2.3248002e-06,0
0.5,0,26.663824,0.0001644531,0,35.345028,2.3924566e-06,0
0.5,0,26.664408,9.7520337e-05,0,35.354256,2.4603093e-06,0
0.5,0,26.664894,1.9396934e-05,0,35.363485,2.5234143e-06,0
0.5,0,26.66523,-5.2049011e-05,0,35.372713,2.5759168e-06,0
0.5,0,26.665463,-0.00010387025,0,35.381942,2.6127458e-06,0
0.5,0,26.665691,-0.00012868418,0,35.39117,2.6309096e-06,0
0.5,0,26.665995,-0.00012346414,0,35.400399,2.6301319e-06,0
0.5,0,26.66638,-8.8371316e-05,0,35.409627,2.6127237e-06,0
0.5,0,26.666745,-2.6659448e-05,0,35.418856,2.5828282e-06,0
0.5,0,26.66693,5.5249703e-05,0,35.428084,2.5453961e-06,0
0.5,0,26.666786,0.00014837826,0,35.437313,2.505239e-06,0
0.5,0,26.666266,0.00024272215,0,35.446541,2.4663588e-06,0
0.5,0,26.665467,0.00032905503,0,35.455769,2.4315515e-06,0
0.5,0,26.664612,0.0004003666,0,35.464998,2.4022171e-06,0
0.5,0,26.663961,0.00045249907,0,35.474226,2.3783197e-06,0
0.5,0,26.663713,0.00048394445,0,35.483455,2.3584535e-06,0
0.5,0,26.663927,0.00049499116,0,35.492683,2.3400733e-06,0
0.5,0,26.664498,0.00048685612,0,35.501912,2.3199726e-06,0
0.5,0,26.665212,0.00046091818,0,35.51114,2.2949779e-06,0
0.5,0,26.665833,0.0004180936,0,35.520369,2.2627214e-06,0
0.5,0,26.666199,0.00035882285,0,35.529597,2.2222999e-06,0
0.5,0,26.666274,0.00028402812,0,35.538826,2.1746951e-06,0
0.5,0,26.666147,0.000196779,0,35.548054,2.1229089e-06,0
0.5,0,26.665975,0.00010302657,0,35.557283,2.0717851e-06,0
0.5,0,26.665897,1.0898066e-05,0,35.566511,2.0273983e-06,0
0.5,0,26.665986,-7.0884138e-05,0,35.57574,1.9959295e-06,0
0.5,0,26.666216,-0.00013442442,0,35.584968,1.982366e-06,0
0.5,0,26.666491,-0.00017285452,0,35.594196,1.9894766e-06,0
0.5,0,26.666698,-0.00018012081,0,35.603425,2.017249e-06,0
0.5,0,26.666762,-0.00015203845,0,35.612653,2.0628771e-06,0
0.5,0,26.666683,-9.0191984e-05,0,35.621882,2.1212241e-06,0
0.5,0,26.666529,-5.4921894e-06,0,35.63111,2.1854045e-06,0
0.5,0,26.666408,8.3528567e-05,0,35.640339,2.2473041e-06,0
0.5,0,26.66642,0.00015725653,0,35.649567,2.2983735e-06,0
0.5,0,26.666598,0.00020267886,0,35.658796,2.3311398e-06,0
0.5,0,26.666898,0.00021700105,0,35.668024,2.3411936e-06,0
0.5,0,26.66722,0.00020449365,0,35.677253,2.3286374e-06,0
0.5,0,26.667509,0.00017158587,0,35.686481,2.2981785e-06,0
0.5,0,26.667826,0.00012617257,0,35.69571,2.2580031e-06,0
0.5,0,26.668325,7.7546607e-05,0,35.704938,2.2181166e-06,0
0.5,0,26.669211,3.5707852e-05,0,35.714167,2.1884732e-06,0
0.5,0,26.670782,9.7629347e-06,0,35.723395,2.1769425e-06,0
0.5,0,26.673426,5.5742508e-06,0,35.732623,2.1873921e-06,0
0.5,0,26.677421,2.5228483e-05,0,35.741852,2.2184678e-06,0
0.5,0,26.682674,6.6118309e-05,0,35.75108,2.2636405e-06,0
0.5,0,26.688612,0.00012022591,0,35.760309,2.3126924e-06,0
0.5,0,26.694313,0.00017599398,0,35.769537,2.3543774e-06,0
0.5,0,26.698765,0.00022243056,0,35.778766,2.3793349e-06,0
0.5,0,26.701176,0.00025226776,0,35.787994,2.3823471e-06,0
0.5,0,26.701218,0.00026120634,0,35.797223,2.363555e-06,0
0.5,0,26.699142,0.00024509669,0,35.806451,2.3288085e-06,0
0.5,0,26.695703,0.00020175901,0,35.81568,2.2887026e-06,0
0.5,0,26.691911,0.0001359126,0,35.824908,2.2560017e-06,0
0.5,0,26.688698,6.0332513e-05,0,35.834137,2.2423994e-06,0
0.5,0,26.686659,-7.3981045e-06,0,35.843365,2.2556939e-06,0
0.5,0,26.68592,-5.1965207e-05,0,35.852594,2.2981944e-06,0
0.5,0,26.686197,-6.5199819e-05,0,35.861822,2.3665353e-06,0
0.5,0,26.686976,-4.6060412e-05,0,35.87105,2.452721e-06,0
0.5,0,26.687739,1.1430462e-06,0,35.880279,2.545811e-06,0
0.5,0,26.688132,6.8555623e-05,0,35.889507,2.6336227e-06,0
0.5,0,26.688046,0.00014528946,0,35.898736,2.7044632e-06,0
0.5,0,26.687588,0.00021898259,0,35.907964,2.7488972e-06,0
0.5,0,26.686981,0.00027778388,0,35.917193,2.7611556e-06,0
0.5,0,26.686448,0.00031109983,0,35.926421,2.7400092e-06,0
0.5,0,26.686118,0.00031105114,0,35.93565,2.6890485e-06,0
0.5,0,26.685988,0.00027605341,0,35.944878,2.6162566e-06,0
0.5,0,26.685963,0.00021359785,0,35.954107,2.5328583e-06,0
0.5,0,26.685936,0.00013924045,0,35.963335,2.4515578e-06,0
0.5,0,26.685878,7.2597335e-05,0,35.972564,2.3846666e-06,0
0.5,0,26.685902,3.2738232e-05,0,35.981792,2.3426047e-06,0
0.5,0,26.686265,3.332672e-05,0,35.991021,2.3326994e-06,0
0.5,0,26.68727,7.9154272e-05,0,36.000249,2.3581526e-06,0
0.5,0,26.689103,0.00016560974,0,36.009477,2.4173511e-06,0
0.5,0,26.691666,0.00028078865,0,36.018706,2.5037636e-06,0
0.5,0,26.694478,0.00040877322,0,36.027934,2.6065539e-06,0
0.5,0,26.696734,0.00053146368,0,36.037163,2.7120364e-06,0
0.5,0,26.697503,0.00062907148,0,36.046391,2.8059947e-06,0
0.5,0,26.696053,0.00068065276,0,36.05562,2.8765632e-06,0
0.5,0,26.692143,0.00066642244,0,36.064848,2.916885e-06,0
0.5,0,26.686174,0.00057195657,0,36.074077,2.9266274e-06,0
0.5,0,26.679101,0.00039379245,0,36.083305,2.9119672e-06,0
0.5,0,26.67211,0.00014479219,0,36.092534,2.883971e-06,0
0.5,0,26.666188,-0.0001441096,0,36.101762,2.8556401e-06,0
0.5,0,26.661743,-0.00042883071,0,36.110991,2.8384052e-06,0
0.5,0,26.658456,-0.00066281869,0,36.120219,2.8392371e-06,0
0.5,0,26.65544,-0.00080847048,0,36.129448,2.8594184e-06,0
0.5,0,26.651657,-0.00084636812,0,36.138676,2.8952246e-06,0
0.5,0,26.646423,-0.00077929107,0,36.147904,2.9402146e-06,0
0.5,0,26.639803,-0.00062932511,0,36.157133,2.9884353e-06,0
0.5,0,26.632712,-0.00042999983,0,36.166361,3.037276e-06,0
0.5,0,26.626673,-0.00021586845,0,36.17559,3.089013e-06,0
0.5,0,26.623299,-1.388849e-05,0,36.184818,3.1506324e-06,0
0.5,0,26.623711,0.00016018277,0,36.194047,3.2317889e-06,0
0.5,0,26.628109,0.00029958345,0,36.203275,3.3415609e-06,0
0.5,0,26.635679,0.00040063733,0,36.212504,3.4851714e-06,0
0.5,0,26.64486,0.00045779211,0,36.221732,3.6615896e-06,0
0.5,0,26.653863,0.0004638735,0,36.230961,3.8626367e-06,0
0.5,0,26.661216,0.00041523293,0,36.240189,4.0739282e-06,0
0.5,0,26.666135,0.00031835736,0,36.249418,4.2774389e-06,0
0.5,0,26.668599,0.00019391907,0,36.258646,4.4550658e-06,0
0.5,0,26.669171,7.551e-05,0,36.267875,4.5923446e-06,0
0.5,0,26.668657,2.1287907e-06,0,36.277103,4.6813452e-06,0
0.5,0,26.667791,6.0067923e-06,0,36.286331,4.7219349e-06,0
0.5,0,26.667032,0.00010016203,0,36.29556,4.7210768e-06,0
0.5,0,26.666542,0.00027081676,0,36.304788,4.6903443e-06,0
0.5,0,26.666271,0.00047738801,0,36.314017,4.6423469e-06,0
0.5,0,26.666088,0.00066079803,0,36.323245,4.58715e-06,0
0.5,0,26.665883,0.00075867802,0,36.332474,4.5297893e-06,0
0.5,0,26.665598,0.00072225233,0,36.341702,4.469595e-06,0
0.5,0,26.665189,0.00053051398,0,36.350931,4.4014743e-06,0
0.5,0,26.664577,0.00019776377,0,36.360159,4.3186745e-06,0
0.5,0,26.663596,-0.00022759845,0,36.369388,4.2161028e-06,0
0.5,0,26.661999,-0.00067340004,0,36.378616,4.0932452e-06,0
0.5,0,26.659513,-0.0010594208,0,36.387845,3.9560425e-06,0
0.5,0,26.655957,-0.0013131891,0,36.397073,3.817275e-06,0
0.5,0,26.651389,-0.0013845329,0,36.406302,3.6953353e-06,0
0.5,0,26.646234,-0.0012540387,0,36.41553,3.6119183e-06,0
0.5,0,26.641302,-0.0009334256,0,36.424758,3.588963e-06,0
0.5,0,26.637658,-0.00046130034,0,36.433987,3.6451698e-06,0
0.5,0,26.636318,0.00010304839,0,36.443215,3.7929082e-06,0
0.5,0,26.63789,0.00068751883,0,36.452444,4.0361396e-06,0
0.5,0,26.642305,0.0012173512,0,36.461672,4.3695076e-06,0
0.5,0,26.648785,0.0016249183,0,36.470901,4.7784724e-06,0
0.5,0,26.656071,0.0018579421,0,36.480129,5.2403724e-06,0
0.5,0,26.662823,0.0018859567,0,36.489358,5.7263181e-06,0
0.5,0,26.668006,0.0017043241,0,36.498586,6.20382e-06,0
0.5,0,26.671154,0.0013352616,0,36.507815,6.6400538e-06,0
0.5,0,26.672399,0.0008258416,0,36.517043,7.0055841e-06,0
0.5,0,26.672306,0.00024296702,0,36.526272,7.2781708e-06,0
0.5,0,26.671595,-0.00033458,0,36.5355,7.4460816e-06,0
0.5,0,26.670876,-0.00082612757,0,36.544729,7.5102143e-06,0
0.5,0,26.670498,-0.0011600488,0,36.553957,7.4844251e-06,0
0.5,0,26.670529,-0.0012850291,0,36.563185,7.3937067e-06,0
0.5,0,26.670848,-0.0011799917,0,36.572414,7.2703022e-06,0
0.5,0,26.671263,-0.00085962582,0,36.581642,7.1483334e-06,0
0.5,0,26.671625,-0.00037384277,0,36.590871,7.0579035e-06,0
0.5,0,26.671865,0.00020014264,0,36.600099,7.0198538e-06,0
0.5,0,26.672002,0.00077152416,0,36.609328,7.0423001e-06,0
0.5,0,26.672093,0.0012520524,0,36.618556,7.1197556e-06,0
0.5,0,26.672193,0.0015714952,0,36.627785,7.2350695e-06,0
0.5,0,26.672319,0.0016887439,0,36.637013,7.3637045e-06,0
0.5,0,26.672437,0.0015965885,0,36.646242,7.479267e-06,0
0.5,0,26.672485,0.0013194694,0,36.65547,7.558901e-06,0
0.5,0,26.672402,0.00090557385,0,36.664699,7.5872984e-06,0
0.5,0,26.672165,0.00041584163,0,36.673927,7.5585432e-06,0
0.5,0,26.671808,-8.6863653e-05,0,36.683156,7.475572e-06,0
0.5,0,26.671411,-0.00054610041,0,36.692384,7.3475869e-06,0
0.5,0,26.671071,-0.00091703376,0,36.701612,7.1862631e-06,0
0.5,0,26.67085,-0.0011687886,0,36.710841,7.0019199e-06,0
0.5,0,26.670744,-0.0012851035,0,36.720069,6.8008103e-06,0
0.5,0,26.670674,-0.0012643005,0,36.729298,6.5843195e-06,0
0.5,0,26.67052,-0.0011185839,0,36.738526,6.3502561e-06,0
0.5,0,26.670168,-0.00087236494,0,36.747755,6.0957926e-06,0
0.5,0,26.669566,-0.00055877002,0,36.756983,5.8211646e-06,0
0.5,0,26.668744,-0.00021421282,0,36.766212,5.5328858e-06,0
0.5,0,26.667818,0.00012681406,0,36.77544,5.2452969e-06,0
0.5,0,26.666947,0.00043610939,0,36.784669,4.9798566e-06,0
0.5,0,26.666275,0.00069575229,0,36.793897,4.7622277e-06,0
0.5,0,26.665892,0.00089984617,0,36.803126,4.617851e-06,0
0.5,0,26.665814,0.0010528087,0,36.812354,4.5672015e-06,0
0.5,0,26.665995,0.001164319,0,36.821583,4.6219283e-06,0
0.5,0,26.666365,0.0012428782,0,36.830811,4.7827523e-06,0
0.5,0,26.666871,0.0012906527,0,36.840039,5.0394283e-06,0
0.5,0,26.667489,0.0013018235,0,36.849268,5.3724976e-06,0
0.5,0,26.668219,0.0012659386,0,36.858496,5.7562133e-06,0
0.5,0,26.66905,0.0011740717,0,36.867725,6.1618312e-06,0
0.5,0,26.669928,0.001024851,0,36.876953,6.560612e-06,0
0.5,0,26.670747,0.00082839175,0,36.886182,6.9261959e-06,0
0.5,0,26.671366,0.00060626506,0,36.89541,7.2362298e-06,0
0.5,0,26.671652,0.0003869869,0,36.904639,7.4733449e-06,0
0.5,0,26.671531,0.00019809974,0,36.913867,7.6256996e-06,0
0.5,0,26.671019,5.7443754e-05,0,36.923096,7.6872423e-06,0
0.5,0,26.670228,-3.3115286e-05,0,36.932324,7.6577951e-06,0
0.5,0,26.669332,-8.8634436e-05,0,36.941553,7.5430209e-06,0
0.5,0,26.66851,-0.00013569012,0,36.950781,7.3541703e-06,0
0.5,0,26.667894,-0.00020280568,0,36.96001,7.1074447e-06,0
0.5,0,26.667524,-0.00031038539,0,36.969238,6.8229159e-06,0
0.5,0,26.667353,-0.00046321755,0,36.978466,6.5229414e-06,0
0.5,0,26.667281,-0.0006478818,0,36.987695,6.2301107e-06,0
0.5,0,26.667208,-0.00083571353,0,36.996923,5.9650602e-06,0
0.5,0,26.667091,-0.00098979769,0,37.006152,5.744649e-06,0
0.5,0,26.66696,-0.0010738045,0,37.01538,5.5809343e-06,0
0.5,0,26.666907,-0.0010605346,0,37.024609,5.4811922e-06,0
0.5,0,26.667041,-0.00093829331,0,37.033837,5.4489301e-06,0
0.5,0,26.667436,-0.00071364349,0,37.043066,5.4854972e-06,0
0.5,0,26.66809,-0.00040959876,0,37.052294,5.5917148e-06,0
0.5,0,26.668927,-5.9619414e-05,0,37.061523,5.7690068e-06,0
0.5,0,26.669823,0.00030083344,0,37.070751,6.019764e-06,0
0.5,0,26.670666,0.00064274029,0,37.07998,6.3469556e-06,0
0.5,0,26.671405,0.000949357,0,37.089208,6.7532e-06,0
0.5,0,26.672069,0.0012175829,0,37.098437,7.2396302e-06,0
0.5,0,26.672759,0.0014547352,0,37.107665,7.8049203e-06,0
0.5,0,26.673589,0.0016721197,0,37.116893,8.4447842e-06,0
0.5,0,26.674632,0.0018779734,0,37.126122,9.152094e-06,0
0.5,0,26.675876,0.0020729179,0,37.13535,9.9175333e-06,0
0.5,0,26.677219,0.0022496122,0,37.144579,1.073055e-05,0
0.5,0,26.6785,0.0023961821,0,37.153807,1.1580303e-05,0
0.5,0,26.679558,0.002501559,0,37.163036,1.2456307e-05,0
0.5,0,26.680295,0.0025602987,0,37.172264,1.3348573e-05,0
0.5,0,26.680711,0.0025748434,0,37.181493,1.4247285e-05,0
0.5,0,26.680894,0.0025542002,0,37.190721,1.5142183e-05,0
0.5,0,26.680982,0.0025094197,0,37.19995,1.6021969e-05,0
0.5,0,26.681099,0.0024477465,0,37.209178,1.6873995e-05,0
0.5,0,26.681306,0.002368439,0,37.218407,1.7684449e-05,0
0.5,0,26.681583,0.0022623081,0,37.227635,1.8439076e-05,0
0.5,0,26.681843,0.0021145401,0,37.236864,1.9124258e-05,0
0.5,0,26.681974,0.0019098263,0,37.246092,1.9728097e-05,0
0.5,0,26.681885,0.0016382966,0,37.25532,2.0241124e-05,0
0.5,0,26.681543,0.0012998028,0,37.264549,2.0656402e-05,0
0.5,0,26.680994,0.00090518839,0,37.273777,2.0968995e-05,0
0.5,0,26.680372,0.0004746383,0,37.283006,2.1175047e-05,0
0.5,0,26.679873,3.4105765e-05,0,37.292234,2.1270909e-05,0
0.5,0,26.679688,-0.00038875662,0,37.301463,2.1252717e-05,0
0.5,0,26.679917,-0.00076839169,0,37.310691,2.1116643e-05,0
0.5,0,26.68052,-0.0010847046,0,37.31992,2.0859756e-05,0
0.5,0,26.681334,-0.0013258467,0,37.329148,2.0481214e-05,0
0.5,0,26.682143,-0.001490396,0,37.338377,1.9983387e-05,0
0.5,0,26.682763,-0.0015886795,0,37.347605,1.9372522e-05,0
0.5,0,26.68308,-0.0016422564,0,37.356834,1.8658752e-05,0
0.5,0,26.683061,-0.0016802446,0,37.366062,1.7855591e-05,0
0.5,0,26.68274,-0.0017321937,0,37.375291,1.6979235e-05,0
0.5,0,26.682187,-0.0018192053,0,37.384519,1.6048097e-05,0
0.5,0,26.681494,-0.0019466958,0,37.393747,1.5082728e-05,0
0.5,0,26.680747,-0.0021017423,0,37.402976,1.4105935e-05,0
0.5,0,26.680004,-0.0022563825,0,37.412204,1.3142563e-05,0
0.5,0,26.679292,-0.0023766456,0,37.421433,1.2218447e-05,0
0.5,0,26.67861,-0.0024336512,0,37.430661,1.1358441e-05,0
0.5,0,26.677946,-0.0024111723,0,37.43989,1.0583978e-05,0
0.5,0,26.677301,-0.0023064225,0,37.449118,9.9111191e-06,0
0.5,0,26.676699,-0.002124589,0,37.458347,9.3500971e-06,0
0.5,0,26.676193,-0.0018708578,0,37.467575,8.9067815e-06,0
0.5,0,26.675845,-0.0015462282,0,37.476804,8.5854287e-06,0
0.5,0,26.675709,-0.0011500977,0,37.486032,8.3912506e-06,0
0.5,0,26.675815,-0.00068911109,0,37.495261,8.3311546e-06,0
0.5,0,26.676155,-0.00018649576,0,37.504489,8.4119122e-06,0
0.5,0,26.676691,0.00031817993,0,37.513718,8.636721e-06,0
0.5,0,26.677363,0.00078264788,0,37.522946,9.0024582e-06,0
0.5,0,26.678108,0.001182459,0,37.532174,9.4997894e-06,0
0.5,0,26.67887,0.0015229742,0,37.541403,1.0116392e-05,0
0.5,0,26.679606,0.0018301205,0,37.550631,1.0841082e-05,0
0.5,0,26.680288,0.0021247325,0,37.55986,1.1665758e-05,0
0.5,0,26.680896,0.0024031494,0,37.569088,1.258402e-05,0
0.5,0,26.681424,0.002646125,0,37.578317,1.3588778e-05,0
0.5,0,26.68188,0.002851737,0,37.587545,1.4672582e-05,0
0.5,0,26.682279,0.0030571004,0,37.596774,1.5831654e-05,0
0.5,0,26.682635,0.0033156096,0,37.606002,1.7069669e-05,0
0.5,0,26.682959,0.0036390661,0,37.615231,1.8395523e-05,0
0.5,0,26.683272,0.0039615165,0,37.624459,1.9814057e-05,0
0.5,0,26.683614,0.0041781685,0,37.633688,2.1316701e-05,0
0.5,0,26.684033,0.0042445409,0,37.642916,2.2881983e-05,0
0.5,0,26.684556,0.0042474868,0,37.652145,2.4488723e-05,0
0.5,0,26.685141,0.0043636225,0,37.661373,2.6132383e-05,0
0.5,0,26.685668,0.0047173446,0,37.670601,2.7829286e-05,0
0.5,0,26.685981,0.0052546269,0,37.67983,2.9601882e-05,0
0.5,0,26.685971,0.0057523583,0,37.689058,3.1454594e-05,0
0.5,0,26.685652,0.0059704606,0,37.698287,3.3359984e-05,0
0.5,0,26.685143,0.0058245379,0,37.707515,3.5266626e-05,0
0.5,0,26.684627,0.0054393992,0,37.716744,3.7124492e-05,0
0.5,0,26.684198,0.005047539,0,37.725972,3.8905286e-05,0
0.5,0,26.683917,0.0048119058,0,37.735201,4.0609451e-05,0
0.5,0,26.683654,0.0047488421,0,37.744429,4.2243465e-05,0
0.5,0,26.683467,0.004659254,0,37.753658,4.3812024e-05,0
0.5,0,26.683068,0.0044621421,0,37.762886,4.5273522e-05,0
0.5,0,26.683277,0.0036545958,0,37.772115,4.6602259e-05,0
0.5,0,26.682954,0.003035831,0,37.781343,4.7677555e-05,0
0.5,0,26.688496,0.00044348601,0,37.790572,4.8553861e-05,0
0.5,0,26.694958,-0.0022381615,0,37.7998,4.8991596e-05,0
