"f","p","u.x:0","u.x:1","u.x:2","Points:0","Points:1","Points:2"
0.5,0,26.70162,-0.011090326,0,-37.790572,-6.7229412e-05,0
0.5,0,26.702733,-0.012388877,0,-37.7998,-6.7221939e-05,0
0.5,0,26.699792,-0.010047086,0,-37.781343,-6.7171051e-05,0
0.5,0,26.697814,-0.010090808,0,-37.772115,-6.7000786e-05,0
0.5,0,26.696177,-0.0096118206,0,-37.762886,-6.6761677e-05,0
0.5,0,26.69615,-0.0090224327,0,-37.753658,-6.648529e-05,0
0.5,0,26.696739,-0.0084677009,0,-37.744429,-6.6188786e-05,0
0.5,0,26.696615,-0.0080791911,0,-37.735201,-6.5857809e-05,0
0.5,0,26.695432,-0.0078515769,0,-37.725972,-6.5476024e-05,0
0.5,0,26.693832,-0.0077490159,0,-37.716744,-6.5030023e-05,0
0.5,0,26.692667,-0.007642169,0,-37.707515,-6.4522815e-05,0
0.5,0,26.692409,-0.0074517386,0,-37.698287,-6.397847e-05,0
0.5,0,26.693067,-0.007276475,0,-37.689058,-6.3418965e-05,0
0.5,0,26.694348,-0.0072532676,0,-37.67983,-6.2846222e-05,0
0.5,0,26.695848,-0.0073759033,0,-37.670601,-6.2253172e-05,0
0.5,0,26.697202,-0.0075103752,0,-37.661373,-6.1643956e-05,0
0.5,0,26.698157,-0.0075390553,0,-37.652145,-6.1037818e-05,0
0.5,0,26.69856,-0.0074507123,0,-37.642916,-6.0455942e-05,0
0.5,0,26.698342,-0.007312843,0,-37.633688,-5.9906567e-05,0
0.5,0,26.697557,-0.0071899653,0,-37.624459,-5.9380999e-05,0
0.5,0,26.696411,-0.0070930455,0,-37.615231,-5.8863019e-05,0
0.5,0,26.695241,-0.0069924042,0,-37.606002,-5.8343178e-05,0
0.5,0,26.69439,-0.0068683903,0,-37.596774,-5.7824584e-05,0
0.5,0,26.694103,-0.0067473183,0,-37.587545,-5.7315583e-05,0
0.5,0,26.694428,-0.0066842231,0,-37.578317,-5.681861e-05,0
0.5,0,26.695188,-0.0067114055,0,-37.569088,-5.6327955e-05,0
0.5,0,26.696117,-0.0068059604,0,-37.55986,-5.5837935e-05,0
0.5,0,26.696956,-0.0069079533,0,-37.550631,-5.535147e-05,0
0.5,0,26.697446,-0.0069717059,0,-37.541403,-5.4880126e-05,0
0.5,0,26.697436,-0.0069982552,0,-37.532174,-5.4436409e-05,0
0.5,0,26.697018,-0.007019842,0,-37.522946,-5.402613e-05,0
0.5,0,26.696423,-0.0070583096,0,-37.513718,-5.364717e-05,0
0.5,0,26.695821,-0.0071030216,0,-37.504489,-5.3294044e-05,0
0.5,0,26.695259,-0.0071300781,0,-37.495261,-5.2962202e-05,0
0.5,0,26.694717,-0.0071354772,0,-37.486032,-5.2647865e-05,0
0.5,0,26.694179,-0.0071367575,0,-37.476804,-5.2345796e-05,0
0.5,0,26.693671,-0.0071451243,0,-37.467575,-5.205019e-05,0
0.5,0,26.693268,-0.0071519443,0,-37.458347,-5.1758778e-05,0
0.5,0,26.693059,-0.0071468749,0,-37.449118,-5.1475103e-05,0
0.5,0,26.693075,-0.0071372848,0,-37.43989,-5.1206552e-05,0
0.5,0,26.693246,-0.0071407547,0,-37.430661,-5.0960608e-05,0
0.5,0,26.693415,-0.00716432,0,-37.421433,-5.0742432e-05,0
0.5,0,26.693415,-0.0071954509,0,-37.412204,-5.0553771e-05,0
0.5,0,26.693155,-0.0072120232,0,-37.402976,-5.0391623e-05,0
0.5,0,26.692674,-0.0071947465,0,-37.393747,-5.0246567e-05,0
0.5,0,26.692117,-0.007129523,0,-37.384519,-5.0102253e-05,0
0.5,0,26.691664,-0.0070050252,0,-37.375291,-4.9937822e-05,0
0.5,0,26.691457,-0.0068101416,0,-37.366062,-4.973234e-05,0
0.5,0,26.691548,-0.0065396199,0,-37.356834,-4.9468804e-05,0
0.5,0,26.691881,-0.006204527,0,-37.347605,-4.9135991e-05,0
0.5,0,26.692312,-0.0058346155,0,-37.338377,-4.8728068e-05,0
0.5,0,26.692666,-0.0054709005,0,-37.329148,-4.8243666e-05,0
0.5,0,26.692808,-0.0051518918,0,-37.31992,-4.7685532e-05,0
0.5,0,26.692706,-0.0049029743,0,-37.310691,-4.7060719e-05,0
0.5,0,26.692429,-0.0047330863,0,-37.301463,-4.6380083e-05,0
0.5,0,26.692098,-0.0046371929,0,-37.292234,-4.5656553e-05,0
0.5,0,26.69182,-0.004600441,0,-37.283006,-4.490253e-05,0
0.5,0,26.691644,-0.0046006165,0,-37.273777,-4.4127148e-05,0
0.5,0,26.691564,-0.0046110447,0,-37.264549,-4.3334382e-05,0
0.5,0,26.691555,-0.0046040055,0,-37.25532,-4.2522298e-05,0
0.5,0,26.691606,-0.00455587,0,-37.246092,-4.1683671e-05,0
0.5,0,26.691719,-0.0044516343,0,-37.236864,-4.0807572e-05,0
0.5,0,26.691893,-0.0042886425,0,-37.227635,-3.9881871e-05,0
0.5,0,26.692095,-0.0040769981,0,-37.218407,-3.8896123e-05,0
0.5,0,26.692234,-0.0038372079,0,-37.209178,-3.7844067e-05,0
0.5,0,26.692168,-0.0035972439,0,-37.19995,-3.6725443e-05,0
0.5,0,26.69176,-0.0033864358,0,-37.190721,-3.5546654e-05,0
0.5,0,26.690968,-0.0032283063,0,-37.181493,-3.4320204e-05,0
0.5,0,26.689895,-0.0031357878,0,-37.172264,-3.3062982e-05,0
0.5,0,26.68877,-0.003109924,0,-37.163036,-3.1793823e-05,0
0.5,0,26.68786,-0.0031415765,0,-37.153807,-3.0530709e-05,0
0.5,0,26.687356,-0.0032185934,0,-37.144579,-2.928848e-05,0
0.5,0,26.687282,-0.0033294999,0,-37.13535,-2.8077415e-05,0
0.5,0,26.687499,-0.0034622642,0,-37.126122,-2.6902485e-05,0
0.5,0,26.687772,-0.0036071802,0,-37.116893,-2.5763696e-05,0
0.5,0,26.687851,-0.0037579198,0,-37.107665,-2.4657543e-05,0
0.5,0,26.687595,-0.0039089145,0,-37.098437,-2.3579357e-05,0
0.5,0,26.687037,-0.004053104,0,-37.089208,-2.2525461e-05,0
0.5,0,26.686323,-0.0041820703,0,-37.07998,-2.1494054e-05,0
0.5,0,26.685614,-0.004286247,0,-37.070751,-2.0484778e-05,0
0.5,0,26.68501,-0.0043568663,0,-37.061523,-1.9497399e-05,0
0.5,0,26.684528,-0.0043919499,0,-37.052294,-1.8530399e-05,0
0.5,0,26.684127,-0.0043992164,0,-37.043066,-1.7580242e-05,0
0.5,0,26.683752,-0.0043930539,0,-37.033837,-1.6641821e-05,0
0.5,0,26.683378,-0.0043886434,0,-37.024609,-1.5710065e-05,0
0.5,0,26.683037,-0.0043959701,0,-37.01538,-1.4781723e-05,0
0.5,0,26.682808,-0.0044163135,0,-37.006152,-1.3856088e-05,0
0.5,0,26.682791,-0.0044419908,0,-36.996923,-1.2934261e-05,0
0.5,0,26.683067,-0.0044582959,0,-36.987695,-1.2017487e-05,0
0.5,0,26.683655,-0.0044491369,0,-36.978466,-1.1105823e-05,0
0.5,0,26.684488,-0.0044046348,0,-36.969238,-1.019806e-05,0
0.5,0,26.68541,-0.004327851,0,-36.96001,-9.2928362e-06,0
0.5,0,26.686207,-0.0042356513,0,-36.950781,-8.3900706e-06,0
0.5,0,26.686643,-0.0041493459,0,-36.941553,-7.4914485e-06,0
0.5,0,26.686528,-0.004080559,0,-36.932324,-6.5993339e-06,0
0.5,0,26.68577,-0.0040208519,0,-36.923096,-5.7145151e-06,0
0.5,0,26.684424,-0.003943437,0,-36.913867,-4.8341575e-06,0
0.5,0,26.6827,-0.0038181897,0,-36.904639,-3.9513933e-06,0
0.5,0,26.680908,-0.0036342564,0,-36.89541,-3.0572522e-06,0
0.5,0,26.67937,-0.0034236872,0,-36.886182,-2.1447225e-06,0
0.5,0,26.678387,-0.003276673,0,-36.876953,-1.2140694e-06,0
0.5,0,26.678225,-0.0032629042,0,-36.867725,-2.7621452e-07,0
0.5,0,26.678436,-0.0032792506,0,-36.864973,-2.5804012e-15,0
0.5,0,26.711132,-0.0048692948,0,-35.381942,-0.002280165,0
0.5,0,26.711425,-0.003870503,0,-35.391062,-2.5804012e-15,0
0.5,0,26.710117,-0.0039691542,0,-35.354362,-2.5804012e-15,0
0.5,0,26.70998,-0.0048706588,0,-35.363485,-0.0022804207,0
0.5,0,26.70843,-0.0058179175,0,-35.289657,-0.0022816085,0
0.5,0,26.708835,-0.0045612212,0,-35.298783,-2.5804012e-15,0
0.5,0,26.707471,-0.0050332301,0,-35.262071,-2.5804012e-15,0
0.5,0,26.707113,-0.0055180302,0,-35.2712,-0.0022820142,0
0.5,0,26.706574,-0.0074143873,0,-34.79132,-4.5233519e-07,0
0.5,0,26.706533,-0.0073161201,0,-34.79609,-2.5804012e-15,0
0.5,0,26.70661,-0.0075657817,0,-34.782091,-1.3538393e-06,0
0.5,0,26.706627,-0.0077340467,0,-34.772863,-2.2819302e-06,0
0.5,0,26.706613,-0.0079469087,0,-34.763634,-3.2287333e-06,0
0.5,0,26.706445,-0.0082435882,0,-34.754406,-4.1769557e-06,0
0.5,0,26.706013,-0.0086426984,0,-34.745177,-5.10104e-06,0
0.5,0,26.705393,-0.0090986844,0,-34.735949,-5.9756711e-06,0
0.5,0,26.7048,-0.0094959213,0,-34.726721,-6.7882318e-06,0
0.5,0,26.704411,-0.0097049556,0,-34.717492,-7.5459247e-06,0
0.5,0,26.704282,-0.0096729314,0,-34.708264,-8.2710709e-06,0
0.5,0,26.704372,-0.0094601569,0,-34.699035,-8.9868463e-06,0
0.5,0,26.704593,-0.0091920887,0,-34.689807,-9.7040103e-06,0
0.5,0,26.704848,-0.0089691687,0,-34.680578,-1.0417924e-05,0
0.5,0,26.70506,-0.0088117104,0,-34.67135,-1.1115923e-05,0
0.5,0,26.70518,-0.0086842154,0,-34.662121,-1.1788134e-05,0
0.5,0,26.705191,-0.0085514861,0,-34.652893,-1.2433888e-05,0
0.5,0,26.705091,-0.0084058524,0,-34.643664,-1.3060533e-05,0
0.5,0,26.704901,-0.0082558153,0,-34.634436,-1.3677447e-05,0
0.5,0,26.704669,-0.0081074328,0,-34.625207,-1.4290529e-05,0
0.5,0,26.704436,-0.0079647999,0,-34.615979,-1.4900532e-05,0
0.5,0,26.704245,-0.0078390241,0,-34.60675,-1.5504223e-05,0
0.5,0,26.704095,-0.0077508212,0,-34.597522,-1.6095376e-05,0
0.5,0,26.703899,-0.0077214342,0,-34.588294,-1.6665046e-05,0
0.5,0,26.703608,-0.0077555479,0,-34.579065,-1.7202508e-05,0
0.5,0,26.703361,-0.0078327781,0,-34.569837,-1.7698178e-05,0
0.5,0,26.70337,-0.0079138329,0,-34.560608,-1.8147879e-05,0
0.5,0,26.703699,-0.0079581679,0,-34.55138,-1.8555903e-05,0
0.5,0,26.704178,-0.0079457543,0,-34.542151,-1.8934563e-05,0
0.5,0,26.704516,-0.0078835285,0,-34.532923,-1.929954e-05,0
0.5,0,26.704476,-0.0077907063,0,-34.523694,-1.9663629e-05,0
0.5,0,26.704,-0.0076819133,0,-34.514466,-2.0033113e-05,0
0.5,0,26.703208,-0.007566426,0,-34.505237,-2.0407635e-05,0
0.5,0,26.702301,-0.0074593473,0,-34.496009,-2.0781332e-05,0
0.5,0,26.701444,-0.0073814129,0,-34.48678,-2.1143631e-05,0
0.5,0,26.700707,-0.007343016,0,-34.477552,-2.148092e-05,0
0.5,0,26.700105,-0.0073323459,0,-34.468323,-2.1780138e-05,0
0.5,0,26.699638,-0.0073227738,0,-34.459095,-2.2032701e-05,0
0.5,0,26.699282,-0.0072953515,0,-34.449867,-2.2236568e-05,0
0.5,0,26.699014,-0.0072538435,0,-34.440638,-2.2395502e-05,0
0.5,0,26.698844,-0.0072107201,0,-34.43141,-2.2517002e-05,0
0.5,0,26.698794,-0.007165997,0,-34.422181,-2.2610383e-05,0
0.5,0,26.698819,-0.0071231055,0,-34.412953,-2.2685783e-05,0
0.5,0,26.698791,-0.0070964032,0,-34.403724,-2.2754284e-05,0
0.5,0,26.698617,-0.0070815655,0,-34.394496,-2.2826785e-05,0
0.5,0,26.698317,-0.0070569794,0,-34.385267,-2.2910747e-05,0
0.5,0,26.697972,-0.0070241192,0,-34.376039,-2.3007875e-05,0
0.5,0,26.697639,-0.007014043,0,-34.36681,-2.3113598e-05,0
0.5,0,26.697386,-0.0070496992,0,-34.357582,-2.3217318e-05,0
0.5,0,26.697287,-0.0071315082,0,-34.348353,-2.3304901e-05,0
0.5,0,26.697365,-0.0072499357,0,-34.339125,-2.3362572e-05,0
0.5,0,26.697575,-0.0073941787,0,-34.329896,-2.3379462e-05,0
0.5,0,26.69784,-0.0075511512,0,-34.320668,-2.3348523e-05,0
0.5,0,26.698079,-0.0077015618,0,-34.31144,-2.3267301e-05,0
0.5,0,26.698226,-0.0078196077,0,-34.302211,-2.3139304e-05,0
0.5,0,26.698251,-0.0078794911,0,-34.292983,-2.2974798e-05,0
0.5,0,26.698144,-0.0078677058,0,-34.283754,-2.2789607e-05,0
0.5,0,26.697914,-0.0077885662,0,-34.274526,-2.2601586e-05,0
0.5,0,26.69747,-0.0076652506,0,-34.265297,-2.2426616e-05,0
0.5,0,26.696382,-0.0075264384,0,-34.256069,-2.2276139e-05,0
0.5,0,26.69453,-0.0073718293,0,-34.24684,-2.2154525e-05,0
0.5,0,26.693357,-0.0072345998,0,-34.237612,-2.2060635e-05,0
0.5,0,26.693135,-0.0071658294,0,-34.228383,-2.1989313e-05,0
0.5,0,26.692945,-0.0071610751,0,-34.219155,-2.1932087e-05,0
0.5,0,26.692821,-0.0071900275,0,-34.209926,-2.1881297e-05,0
0.5,0,26.692792,-0.0072110962,0,-34.200698,-2.1832176e-05,0
0.5,0,26.692895,-0.0071876804,0,-34.191469,-2.1783258e-05,0
0.5,0,26.693094,-0.0071022371,0,-34.182241,-2.1735263e-05,0
0.5,0,26.693579,-0.006957428,0,-34.173013,-2.1689835e-05,0
0.5,0,26.694217,-0.0067725436,0,-34.163784,-2.1646376e-05,0
0.5,0,26.694791,-0.0065863153,0,-34.154556,-2.1600695e-05,0
0.5,0,26.695297,-0.0064345403,0,-34.145327,-2.1547096e-05,0
0.5,0,26.695494,-0.0063286766,0,-34.136099,-2.147973e-05,0
0.5,0,26.695304,-0.0062596416,0,-34.12687,-2.1394454e-05,0
0.5,0,26.694818,-0.0062028371,0,-34.117642,-2.1290564e-05,0
0.5,0,26.694207,-0.0061287216,0,-34.108413,-2.1171153e-05,0
0.5,0,26.693673,-0.0060185461,0,-34.099185,-2.1042022e-05,0
0.5,0,26.693321,-0.005875678,0,-34.089956,-2.0909655e-05,0
0.5,0,26.693185,-0.005723939,0,-34.080728,-2.0779064e-05,0
0.5,0,26.693162,-0.0055925715,0,-34.071499,-2.0651866e-05,0
0.5,0,26.693152,-0.0055048484,0,-34.062271,-2.0525156e-05,0
0.5,0,26.693108,-0.0054729472,0,-34.053042,-2.0392607e-05,0
0.5,0,26.692971,-0.0054956197,0,-34.043814,-2.0247559e-05,0
0.5,0,26.692763,-0.0055616268,0,-34.034586,-2.0085518e-05,0
0.5,0,26.692529,-0.0056508548,0,-34.025357,-1.990476e-05,0
0.5,0,26.692334,-0.0057327536,0,-34.016129,-1.970574e-05,0
0.5,0,26.692227,-0.0057748504,0,-34.0069,-1.9490274e-05,0
0.5,0,26.692202,-0.0057609387,0,-33.997672,-1.9261675e-05,0
0.5,0,26.69219,-0.0056961437,0,-33.988443,-1.9025667e-05,0
0.5,0,26.692106,-0.0055936287,0,-33.979215,-1.8789648e-05,0
0.5,0,26.691962,-0.0054699195,0,-33.969986,-1.855992e-05,0
0.5,0,26.691808,-0.0053486968,0,-33.960758,-1.8339139e-05,0
0.5,0,26.69162,-0.0052560948,0,-33.951529,-1.8125563e-05,0
0.5,0,26.691358,-0.0052117216,0,-33.942301,-1.791403e-05,0
0.5,0,26.691044,-0.0052187444,0,-33.933072,-1.7698023e-05,0
0.5,0,26.690716,-0.005260614,0,-33.923844,-1.7472431e-05,0
0.5,0,26.690393,-0.0053102543,0,-33.914615,-1.7235749e-05,0
0.5,0,26.690088,-0.0053422344,0,-33.905387,-1.6990425e-05,0
0.5,0,26.689837,-0.0053393952,0,-33.896159,-1.6741924e-05,0
0.5,0,26.689682,-0.0052948108,0,-33.88693,-1.6497126e-05,0
0.5,0,26.689657,-0.0052130881,0,-33.877702,-1.6262008e-05,0
0.5,0,26.689769,-0.0051080194,0,-33.868473,-1.6039125e-05,0
0.5,0,26.689997,-0.0049975412,0,-33.859245,-1.5826215e-05,0
0.5,0,26.690289,-0.0048989655,0,-33.850016,-1.5617021e-05,0
0.5,0,26.690578,-0.0048203876,0,-33.840788,-1.5403395e-05,0
0.5,0,26.690794,-0.0047576775,0,-33.831559,-1.5176804e-05,0
0.5,0,26.690884,-0.00470769,0,-33.822331,-1.4929523e-05,0
0.5,0,26.690822,-0.0046892161,0,-33.813102,-1.4658297e-05,0
0.5,0,26.690645,-0.0047217101,0,-33.803874,-1.4367218e-05,0
0.5,0,26.690341,-0.0047896428,0,-33.794645,-1.4064598e-05,0
0.5,0,26.689872,-0.0048684193,0,-33.785417,-1.3758789e-05,0
0.5,0,26.689358,-0.0049470475,0,-33.776188,-1.3457443e-05,0
0.5,0,26.688951,-0.0050229546,0,-33.76696,-1.3166187e-05,0
0.5,0,26.688674,-0.0050964468,0,-33.757732,-1.2886052e-05,0
0.5,0,26.688493,-0.0051533186,0,-33.748503,-1.2614564e-05,0
0.5,0,26.688387,-0.0051758537,0,-33.739275,-1.2348381e-05,0
0.5,0,26.688347,-0.0051689947,0,-33.730046,-1.2082216e-05,0
0.5,0,26.688365,-0.0051487997,0,-33.720818,-1.1807741e-05,0
0.5,0,26.688417,-0.0051220479,0,-33.711589,-1.1516199e-05,0
0.5,0,26.688482,-0.0050917704,0,-33.702361,-1.1201217e-05,0
0.5,0,26.688528,-0.0050683702,0,-33.693132,-1.0859102e-05,0
0.5,0,26.688542,-0.0050663866,0,-33.683904,-1.0488151e-05,0
0.5,0,26.688528,-0.0050952221,0,-33.674675,-1.0088702e-05,0
0.5,0,26.688537,-0.0051505769,0,-33.665447,-9.6634627e-06,0
0.5,0,26.688524,-0.0052228078,0,-33.656218,-9.217002e-06,0
0.5,0,26.688526,-0.0052978086,0,-33.64699,-8.7559141e-06,0
0.5,0,26.688623,-0.0053511029,0,-33.637761,-8.288998e-06,0
0.5,0,26.688778,-0.0053652385,0,-33.628533,-7.8250947e-06,0
0.5,0,26.689046,-0.0053345973,0,-33.619305,-7.3710576e-06,0
0.5,0,26.689433,-0.0052588829,0,-33.610076,-6.9312495e-06,0
0.5,0,26.68991,-0.0051458759,0,-33.600848,-6.5072231e-06,0
0.5,0,26.690434,-0.0050118851,0,-33.591619,-6.0975329e-06,0
0.5,0,26.690925,-0.0048769135,0,-33.582391,-5.6980259e-06,0
0.5,0,26.691237,-0.0047596885,0,-33.573162,-5.3025622e-06,0
0.5,0,26.691189,-0.0046755452,0,-33.563934,-4.903979e-06,0
0.5,0,26.69065,-0.0046370427,0,-33.554705,-4.4952977e-06,0
0.5,0,26.689646,-0.0046537773,0,-33.545477,-4.0710269e-06,0
0.5,0,26.688341,-0.004730582,0,-33.536248,-3.6281004e-06,0
0.5,0,26.686999,-0.0048561289,0,-33.52702,-3.1656322e-06,0
0.5,0,26.685905,-0.0049995478,0,-33.517791,-2.6839386e-06,0
0.5,0,26.685177,-0.0051320198,0,-33.508563,-2.1847431e-06,0
0.5,0,26.684781,-0.0052391667,0,-33.499334,-1.6722213e-06,0
0.5,0,26.684676,-0.0053116319,0,-33.490106,-1.1538863e-06,0
0.5,0,26.684862,-0.0053317658,0,-33.480878,-6.3970086e-07,0
0.5,0,26.685349,-0.0052872363,0,-33.471649,-1.382506e-07,0
0.5,0,26.685575,-0.0052412798,0,-33.468986,-2.5804012e-15,0
0.5,0,26.706566,-0.0059156662,0,-32.631859,-9.9217572e-08,0
0.5,0,26.706708,-0.0058962004,0,-32.640904,-2.5804012e-15,0
0.5,0,26.706478,-0.0059130341,0,-32.62263,-2.0871273e-07,0
0.5,0,26.706431,-0.0058847578,0,-32.613402,-3.3017127e-07,0
0.5,0,26.706394,-0.0058421048,0,-32.604173,-4.651656e-07,0
0.5,0,26.706333,-0.0058054773,0,-32.594945,-6.1198687e-07,0
0.5,0,26.706232,-0.0057924984,0,-32.585716,-7.6622205e-07,0
0.5,0,26.706078,-0.0058099592,0,-32.576488,-9.2190906e-07,0
0.5,0,26.705891,-0.0058499146,0,-32.567259,-1.0726753e-06,0
0.5,0,26.705672,-0.0058946184,0,-32.558031,-1.213067e-06,0
0.5,0,26.705425,-0.0059283204,0,-32.548802,-1.3400546e-06,0
0.5,0,26.705184,-0.0059441872,0,-32.539574,-1.4538884e-06,0
0.5,0,26.704944,-0.0059434723,0,-32.530345,-1.557541e-06,0
0.5,0,26.704666,-0.0059318582,0,-32.521117,-1.6549242e-06,0
0.5,0,26.704299,-0.0059177414,0,-32.511889,-1.7488525e-06,0
0.5,0,26.703834,-0.0059090517,0,-32.50266,-1.8397752e-06,0
0.5,0,26.70336,-0.0059065548,0,-32.493432,-1.9259108e-06,0
0.5,0,26.702946,-0.0059038647,0,-32.484203,-2.0046056e-06,0
0.5,0,26.702291,-0.0058898469,0,-32.474975,-2.0729202e-06,0
0.5,0,26.70162,-0.0058620331,0,-32.465746,-2.130222e-06,0
0.5,0,26.701095,-0.0058203338,0,-32.456518,-2.1788387e-06,0
0.5,0,26.700456,-0.0057638295,0,-32.447289,-2.2218687e-06,0
0.5,0,26.699884,-0.0057067883,0,-32.438061,-2.2623402e-06,0
0.5,0,26.699371,-0.0056953071,0,-32.428832,-2.3053005e-06,0
0.5,0,26.698929,-0.0057381437,0,-32.419604,-2.3553135e-06,0
0.5,0,26.698615,-0.0057966359,0,-32.410375,-2.412751e-06,0
0.5,0,26.698391,-0.005868129,0,-32.401147,-2.4765779e-06,0
0.5,0,26.698242,-0.0059515116,0,-32.391918,-2.5433003e-06,0
0.5,0,26.698116,-0.0060263346,0,-32.38269,-2.6052508e-06,0
0.5,0,26.697978,-0.0060853074,0,-32.373462,-2.6531196e-06,0
0.5,0,26.697814,-0.0061391796,0,-32.364233,-2.6798883e-06,0
0.5,0,26.697621,-0.0062003277,0,-32.355005,-2.6831312e-06,0
0.5,0,26.697418,-0.006267458,0,-32.345776,-2.6646576e-06,0
0.5,0,26.697223,-0.0063224412,0,-32.336548,-2.6282894e-06,0
0.5,0,26.697054,-0.0063458369,0,-32.327319,-2.5779598e-06,0
0.5,0,26.696911,-0.0063326314,0,-32.318091,-2.5166511e-06,0
0.5,0,26.696791,-0.0062962165,0,-32.308862,-2.4465504e-06,0
0.5,0,26.696632,-0.0063052095,0,-32.299634,-2.3713921e-06,0
0.5,0,26.696223,-0.0063597787,0,-32.290405,-2.2910479e-06,0
0.5,0,26.695652,-0.0063230667,0,-32.281177,-2.1977125e-06,0
0.5,0,26.695271,-0.006206633,0,-32.271948,-2.0894835e-06,0
0.5,0,26.695046,-0.0061511339,0,-32.26272,-1.9724938e-06,0
0.5,0,26.69485,-0.0061671031,0,-32.253491,-1.850361e-06,0
0.5,0,26.694732,-0.0061988098,0,-32.244263,-1.7250916e-06,0
0.5,0,26.694602,-0.0062372769,0,-32.235035,-1.5998899e-06,0
0.5,0,26.694476,-0.00628542,0,-32.225806,-1.4777069e-06,0
0.5,0,26.694749,-0.0063493809,0,-32.216578,-1.3604084e-06,0
0.5,0,26.694836,-0.0064062155,0,-32.207349,-1.2495847e-06,0
0.5,0,26.69456,-0.0064292568,0,-32.198121,-1.1466554e-06,0
0.5,0,26.694485,-0.006427516,0,-32.188892,-1.0526113e-06,0
0.5,0,26.694422,-0.0063965843,0,-32.179664,-9.6849745e-07,0
0.5,0,26.694264,-0.0063235703,0,-32.170435,-8.9529116e-07,0
0.5,0,26.693979,-0.006201066,0,-32.161207,-8.3322988e-07,0
0.5,0,26.693576,-0.0060372342,0,-32.151978,-7.8163619e-07,0
0.5,0,26.693108,-0.0058524611,0,-32.14275,-7.3964069e-07,0
0.5,0,26.692649,-0.0056691173,0,-32.133521,-7.0660906e-07,0
0.5,0,26.692299,-0.0055064716,0,-32.124293,-6.8166066e-07,0
0.5,0,26.692127,-0.005378877,0,-32.115064,-6.6332488e-07,0
0.5,0,26.692091,-0.0052962214,0,-32.105836,-6.5044755e-07,0
0.5,0,26.692086,-0.0052610849,0,-32.096608,-6.4334898e-07,0
0.5,0,26.692039,-0.0052697901,0,-32.087379,-6.4338778e-07,0
0.5,0,26.691913,-0.0053124912,0,-32.078151,-6.5219832e-07,0
0.5,0,26.691678,-0.0053687194,0,-32.068922,-6.720895e-07,0
0.5,0,26.691332,-0.0054171602,0,-32.059694,-7.0580788e-07,0
0.5,0,26.690911,-0.005449121,0,-32.050465,-7.5516602e-07,0
0.5,0,26.690464,-0.0054628944,0,-32.041237,-8.2033039e-07,0
0.5,0,26.690013,-0.0054298725,0,-32.032008,-9.010603e-07,0
0.5,0,26.689637,-0.0053283546,0,-32.02278,-9.9889925e-07,0
0.5,0,26.68938,-0.0052350852,0,-32.013551,-1.1099624e-06,0
0.5,0,26.689112,-0.0052069172,0,-32.004323,-1.2240335e-06,0
0.5,0,26.688839,-0.0051822081,0,-31.995094,-1.3406231e-06,0
0.5,0,26.688657,-0.0051215327,0,-31.985866,-1.4625418e-06,0
0.5,0,26.688521,-0.0050509221,0,-31.976637,-1.586325e-06,0
0.5,0,26.688394,-0.0049935581,0,-31.967409,-1.7096214e-06,0
0.5,0,26.688295,-0.0049572384,0,-31.958181,-1.8318405e-06,0
0.5,0,26.688228,-0.0049475396,0,-31.948952,-1.9521634e-06,0
0.5,0,26.688186,-0.0049669407,0,-31.939724,-2.0690739e-06,0
0.5,0,26.688147,-0.0050138849,0,-31.930495,-2.1812057e-06,0
0.5,0,26.688083,-0.0050837056,0,-31.921267,-2.2876495e-06,0
0.5,0,26.687985,-0.0051694584,0,-31.912038,-2.3873235e-06,0
0.5,0,26.687747,-0.0052678747,0,-31.90281,-2.4782665e-06,0
0.5,0,26.686846,-0.0053806545,0,-31.893581,-2.5580493e-06,0
0.5,0,26.684984,-0.0054733493,0,-31.884353,-2.6259116e-06,0
0.5,0,26.683761,-0.0055526029,0,-31.875124,-2.6832129e-06,0
0.5,0,26.683549,-0.0056385217,0,-31.865896,-2.7327412e-06,0
0.5,0,26.683307,-0.0056859986,0,-31.856667,-2.7785981e-06,0
0.5,0,26.68311,-0.005665641,0,-31.847439,-2.8265747e-06,0
0.5,0,26.682939,-0.0055818995,0,-31.83821,-2.8848745e-06,0
0.5,0,26.682829,-0.0054557501,0,-31.828982,-2.9627794e-06,0
0.5,0,26.682802,-0.005304497,0,-31.819754,-3.0681599e-06,0
0.5,0,26.682902,-0.0051450636,0,-31.810525,-3.204924e-06,0
0.5,0,26.683199,-0.0049988707,0,-31.801297,-3.3721764e-06,0
0.5,0,26.683654,-0.0048876691,0,-31.792068,-3.5658352e-06,0
0.5,0,26.684187,-0.0048252477,0,-31.78284,-3.7798404e-06,0
0.5,0,26.684637,-0.0048148023,0,-31.773611,-4.0062305e-06,0
0.5,0,26.684821,-0.0048508461,0,-31.764383,-4.2360932e-06,0
0.5,0,26.684623,-0.0049203209,0,-31.755154,-4.4611714e-06,0
0.5,0,26.684061,-0.0050055088,0,-31.745926,-4.6749757e-06,0
0.5,0,26.683292,-0.0050884017,0,-31.736697,-4.8732932e-06,0
0.5,0,26.682478,-0.0051519845,0,-31.727469,-5.0539939e-06,0
0.5,0,26.681755,-0.0051857489,0,-31.71824,-5.217189e-06,0
0.5,0,26.681239,-0.0052318435,0,-31.709012,-5.3672008e-06,0
0.5,0,26.68083,-0.0052919959,0,-31.699783,-5.5078372e-06,0
0.5,0,26.680562,-0.0052347866,0,-31.690555,-5.6364333e-06,0
0.5,0,26.680635,-0.0050561123,0,-31.681327,-5.7539729e-06,0
0.5,0,26.68088,-0.0048986317,0,-31.672098,-5.8674103e-06,0
0.5,0,26.68111,-0.0047895973,0,-31.66287,-5.9792648e-06,0
0.5,0,26.681366,-0.0046866299,0,-31.653641,-6.0886718e-06,0
0.5,0,26.681657,-0.0045857432,0,-31.644413,-6.1952209e-06,0
0.5,0,26.681961,-0.0045003949,0,-31.635184,-6.2977606e-06,0
0.5,0,26.682275,-0.0044386914,0,-31.625956,-6.3933377e-06,0
0.5,0,26.682603,-0.0044037745,0,-31.616727,-6.4773705e-06,0
0.5,0,26.682969,-0.0043943007,0,-31.607499,-6.5440207e-06,0
0.5,0,26.68338,-0.0044026199,0,-31.59827,-6.5871403e-06,0
0.5,0,26.683809,-0.0044123105,0,-31.589042,-6.6017141e-06,0
0.5,0,26.684208,-0.0044025837,0,-31.579813,-6.5849929e-06,0
0.5,0,26.684519,-0.004359607,0,-31.570585,-6.5366168e-06,0
0.5,0,26.684667,-0.0042850475,0,-31.561356,-6.4576265e-06,0
0.5,0,26.684557,-0.0041961429,0,-31.552128,-6.3490721e-06,0
0.5,0,26.684118,-0.0041170532,0,-31.5429,-6.2111071e-06,0
0.5,0,26.68339,-0.0040677128,0,-31.533671,-6.0428555e-06,0
0.5,0,26.682551,-0.0040576608,0,-31.524443,-5.8429747e-06,0
0.5,0,26.681836,-0.0040852066,0,-31.515214,-5.6105884e-06,0
0.5,0,26.681415,-0.0041401178,0,-31.505986,-5.3461283e-06,0
0.5,0,26.681338,-0.0042072254,0,-31.496757,-5.0518267e-06,0
0.5,0,26.681546,-0.0042691273,0,-31.487529,-4.7317511e-06,0
0.5,0,26.681922,-0.0043094486,0,-31.4783,-4.3916209e-06,0
0.5,0,26.682342,-0.0043157238,0,-31.469072,-4.0382405e-06,0
0.5,0,26.682708,-0.0042833006,0,-31.459843,-3.6782703e-06,0
0.5,0,26.682951,-0.004217397,0,-31.450615,-3.3165408e-06,0
0.5,0,26.683035,-0.0041305817,0,-31.441386,-2.954672e-06,0
0.5,0,26.682954,-0.0040389952,0,-31.432158,-2.5910601e-06,0
0.5,0,26.682726,-0.0039603842,0,-31.422929,-2.2224551e-06,0
0.5,0,26.682385,-0.0039144582,0,-31.413701,-1.8466245e-06,0
0.5,0,26.681976,-0.003921751,0,-31.404473,-1.4650911e-06,0
0.5,0,26.681547,-0.0039981454,0,-31.395244,-1.0846707e-06,0
0.5,0,26.681156,-0.0041490545,0,-31.386016,-7.1712141e-07,0
0.5,0,26.680881,-0.0043668423,0,-31.376787,-3.7668942e-07,0
0.5,0,26.680828,-0.0046062443,0,-31.367559,-7.5617442e-08,0
0.5,0,26.680893,-0.0046581981,0,-31.364834,-2.5804012e-15,0
0.5,0,26.718506,-0.0061043131,0,-28.663618,-1.8081247e-07,0
0.5,0,26.718733,-0.006010916,0,-28.671187,-2.5804012e-15,0
0.5,0,26.717981,-0.0061815082,0,-28.654389,-4.0083929e-07,0
0.5,0,26.717299,-0.0062467577,0,-28.645161,-6.2170169e-07,0
0.5,0,26.717141,-0.0063235051,0,-28.635932,-8.4246277e-07,0
0.5,0,26.71683,-0.0064123987,0,-28.626704,-1.0596183e-06,0
0.5,0,26.71606,-0.0065032477,0,-28.617476,-1.2673389e-06,0
0.5,0,26.715609,-0.0066090453,0,-28.608247,-1.4580452e-06,0
0.5,0,26.71523,-0.0067171611,0,-28.599019,-1.6243781e-06,0
0.5,0,26.714806,-0.0068157634,0,-28.58979,-1.7612901e-06,0
0.5,0,26.714369,-0.0069023201,0,-28.580562,-1.8671439e-06,0
0.5,0,26.713906,-0.0069760245,0,-28.571333,-1.9432288e-06,0
0.5,0,26.713396,-0.0070330067,0,-28.562105,-1.9925519e-06,0
0.5,0,26.712805,-0.0070716531,0,-28.552876,-2.0186016e-06,0
0.5,0,26.712149,-0.0070981654,0,-28.543648,-2.0243744e-06,0
0.5,0,26.711524,-0.0071238153,0,-28.534419,-2.0122709e-06,0
0.5,0,26.710971,-0.0071556026,0,-28.525191,-1.9847486e-06,0
0.5,0,26.710424,-0.0071911684,0,-28.515962,-1.9450493e-06,0
0.5,0,26.709811,-0.0072219165,0,-28.506734,-1.8975e-06,0
0.5,0,26.70914,-0.0072379482,0,-28.497505,-1.8474708e-06,0
0.5,0,26.708459,-0.0072347336,0,-28.488277,-1.8006295e-06,0
0.5,0,26.707804,-0.0072174319,0,-28.479049,-1.7611423e-06,0
0.5,0,26.707188,-0.0071991056,0,-28.46982,-1.7300507e-06,0
0.5,0,26.706619,-0.0071938123,0,-28.460592,-1.7046684e-06,0
0.5,0,26.706108,-0.0072127771,0,-28.451363,-1.6790946e-06,0
0.5,0,26.705664,-0.0072626714,0,-28.442135,-1.6456306e-06,0
0.5,0,26.705289,-0.0073417899,0,-28.432906,-1.596757e-06,0
0.5,0,26.704973,-0.0074377396,0,-28.423678,-1.5273966e-06,0
0.5,0,26.704702,-0.0075307005,0,-28.414449,-1.436626e-06,0
0.5,0,26.704449,-0.0076008976,0,-28.405221,-1.3279116e-06,0
0.5,0,26.704185,-0.0076353939,0,-28.395992,-1.2077905e-06,0
0.5,0,26.703915,-0.0076314284,0,-28.386764,-1.0837248e-06,0
0.5,0,26.703646,-0.0075965215,0,-28.377535,-9.6201292e-07,0
0.5,0,26.703411,-0.00754717,0,-28.368307,-8.4655994e-07,0
0.5,0,26.703106,-0.0075046158,0,-28.359078,-7.3907883e-07,0
0.5,0,26.702183,-0.0074723376,0,-28.34985,-6.4000886e-07,0
0.5,0,26.700581,-0.0074059997,0,-28.340622,-5.477339e-07,0
0.5,0,26.699897,-0.0073029213,0,-28.331393,-4.6059399e-07,0
0.5,0,26.700439,-0.0071981726,0,-28.322165,-3.7881468e-07,0
0.5,0,26.701295,-0.0070934129,0,-28.312936,-3.0305285e-07,0
0.5,0,26.70247,-0.0069898105,0,-28.303708,-2.3353667e-07,0
0.5,0,26.703895,-0.0068894648,0,-28.294479,-1.6942528e-07,0
0.5,0,26.705436,-0.0067970893,0,-28.285251,-1.0856718e-07,0
0.5,0,26.706875,-0.0067205774,0,-28.276022,-4.7486642e-08,0
0.5,0,26.707693,-0.006666466,0,-28.269317,-2.5804012e-15,0
0.5,0,26.717158,-0.0064913417,0,-26.310359,-1.0383741e-08,0
0.5,0,26.717141,-0.006492093,0,-26.310765,-2.5804012e-15,0
0.5,0,26.717387,-0.0064793361,0,-26.30113,-2.3492974e-07,0
0.5,0,26.71738,-0.0065123079,0,-26.291902,-4.457992e-07,0
0.5,0,26.717154,-0.0065998102,0,-26.282673,-6.4289219e-07,0
0.5,0,26.716814,-0.0067418691,0,-26.273445,-8.2876396e-07,0
0.5,0,26.716468,-0.0070052935,0,-26.264217,-1.012259e-06,0
0.5,0,26.715935,-0.0073659621,0,-26.254988,-1.2003867e-06,0
0.5,0,26.715289,-0.007598643,0,-26.24576,-1.3883071e-06,0
0.5,0,26.71487,-0.007686692,0,-26.236531,-1.5753034e-06,0
0.5,0,26.714513,-0.0078287387,0,-26.227303,-1.7687647e-06,0
0.5,0,26.714055,-0.0080468374,0,-26.218074,-1.9677454e-06,0
0.5,0,26.713664,-0.0082637187,0,-26.208846,-2.1644145e-06,0
0.5,0,26.713418,-0.0084543775,0,-26.199617,-2.3506558e-06,0
0.5,0,26.713308,-0.0086139942,0,-26.190389,-2.5176428e-06,0
0.5,0,26.713305,-0.008733442,0,-26.18116,-2.6559562e-06,0
0.5,0,26.713371,-0.0088031604,0,-26.171932,-2.7574195e-06,0
0.5,0,26.713472,-0.0088153594,0,-26.162703,-2.8163716e-06,0
0.5,0,26.713587,-0.0087669232,0,-26.153475,-2.8303232e-06,0
0.5,0,26.713688,-0.0086626397,0,-26.144246,-2.8005002e-06,0
0.5,0,26.713757,-0.0085151981,0,-26.135018,-2.732049e-06,0
0.5,0,26.713783,-0.0083426793,0,-26.12579,-2.6334596e-06,0
0.5,0,26.713754,-0.0081670911,0,-26.116561,-2.5153312e-06,0
0.5,0,26.713674,-0.0080123368,0,-26.107333,-2.3889907e-06,0
0.5,0,26.713561,-0.0079008399,0,-26.098104,-2.2652111e-06,0
0.5,0,26.713434,-0.0078509772,0,-26.088876,-2.152995e-06,0
0.5,0,26.713306,-0.0078740118,0,-26.079647,-2.0586207e-06,0
0.5,0,26.713178,-0.0079714153,0,-26.070419,-1.9852633e-06,0
0.5,0,26.713044,-0.0081340509,0,-26.06119,-1.9330849e-06,0
0.5,0,26.712894,-0.0083422547,0,-26.051962,-1.8996621e-06,0
0.5,0,26.712718,-0.0085676444,0,-26.042733,-1.8808416e-06,0
0.5,0,26.712511,-0.0087785423,0,-26.033505,-1.8718274e-06,0
0.5,0,26.712262,-0.0089479977,0,-26.024276,-1.8680812e-06,0
0.5,0,26.711953,-0.0090571157,0,-26.015048,-1.8655207e-06,0
0.5,0,26.71161,-0.0090940037,0,-26.005819,-1.8598527e-06,0
0.5,0,26.711094,-0.0090574221,0,-25.996591,-1.8458901e-06,0
0.5,0,26.709716,-0.008952538,0,-25.987362,-1.8176945e-06,0
0.5,0,26.707081,-0.0087329725,0,-25.978134,-1.7703175e-06,0
0.5,0,26.705338,-0.0084253022,0,-25.968906,-1.6993813e-06,0
0.5,0,26.705015,-0.0081078694,0,-25.959677,-1.6007182e-06,0
0.5,0,26.704669,-0.007795005,0,-25.950449,-1.471927e-06,0
0.5,0,26.704301,-0.0075037262,0,-25.94122,-1.3128427e-06,0
0.5,0,26.703878,-0.0072480842,0,-25.931992,-1.1260845e-06,0
0.5,0,26.703501,-0.0070465041,0,-25.922763,-9.1721085e-07,0
0.5,0,26.703274,-0.0069074523,0,-25.913535,-6.944953e-07,0
0.5,0,26.703189,-0.0068183832,0,-25.904306,-4.6595148e-07,0
0.5,0,26.703345,-0.0067805645,0,-25.895078,-2.3851835e-07,0
0.5,0,26.703703,-0.0067940459,0,-25.885849,-2.2347997e-08,0
0.5,0,26.703746,-0.0067981834,0,-25.884788,-2.5804012e-15,0
0.5,0,26.703185,-0.0056901319,0,-25.175257,-1.1139724e-08,0
0.5,0,26.703484,-0.0057552642,0,-25.183501,-2.5804012e-15,0
0.5,0,26.702944,-0.0056815593,0,-25.169621,-2.5804012e-15,0
0.5,0,26.699817,-0.0070400168,0,-25.110658,-2.5446158e-09,0
0.5,0,26.699836,-0.0070274401,0,-25.110973,-2.5804012e-15,0
0.5,0,26.699258,-0.0074050272,0,-25.10143,-1.2133347e-07,0
0.5,0,26.698715,-0.0077376182,0,-25.092201,-2.8196933e-07,0
0.5,0,26.698211,-0.0080142741,0,-25.082973,-4.7640164e-07,0
0.5,0,26.697746,-0.0082093781,0,-25.073744,-6.9155528e-07,0
0.5,0,26.697296,-0.0083065351,0,-25.064516,-9.1063155e-07,0
0.5,0,26.696821,-0.0082993254,0,-25.055287,-1.1146826e-06,0
0.5,0,26.696279,-0.0081897314,0,-25.046059,-1.2844212e-06,0
0.5,0,26.695644,-0.007986913,0,-25.03683,-1.4022247e-06,0
0.5,0,26.69491,-0.0077069561,0,-25.027602,-1.4540443e-06,0
0.5,0,26.694107,-0.0073711285,0,-25.018373,-1.4308756e-06,0
0.5,0,26.693276,-0.00700244,0,-25.009145,-1.3293952e-06,0
0.5,0,26.692452,-0.0066249025,0,-24.999917,-1.1518165e-06,0
0.5,0,26.691651,-0.0062654491,0,-24.990688,-9.0568082e-07,0
0.5,0,26.690885,-0.005954475,0,-24.98146,-6.0388274e-07,0
0.5,0,26.690191,-0.0057193214,0,-24.972231,-2.6423718e-07,0
0.5,0,26.689777,-0.0055803662,0,-24.965411,-2.5804012e-15,0
0.5,0,26.78217,-0.0091746182,0,-24.012471,-6.6902389e-08,0
0.5,0,26.782205,-0.0092766689,0,-24.014607,-2.5804012e-15,0
0.5,0,26.781232,-0.0086190999,0,-24.003242,-2.4526519e-07,0
0.5,0,26.779617,-0.0080517577,0,-23.994014,-3.1081205e-07,0
0.5,0,26.77742,-0.0074941945,0,-23.984785,-2.6898107e-07,0
0.5,0,26.774726,-0.0069619153,0,-23.975557,-1.3069226e-07,0
0.5,0,26.772836,-0.0066664223,0,-23.969946,-2.5804012e-15,0
0.5,0,26.748711,-0.011867628,0,-23.855587,-4.7600261e-07,0
0.5,0,26.749057,-0.01150677,0,-23.864613,-2.5804012e-15,0
0.5,0,26.748066,-0.012023827,0,-23.846358,-9.8236693e-07,0
0.5,0,26.746924,-0.012033081,0,-23.83713,-1.4789747e-06,0
0.5,0,26.745055,-0.011886453,0,-23.827901,-1.9373276e-06,0
0.5,0,26.742196,-0.011592829,0,-23.818673,-2.3305658e-06,0
0.5,0,26.738095,-0.011177766,0,-23.809444,-2.6343704e-06,0
0.5,0,26.732559,-0.010674128,0,-23.800216,-2.8302101e-06,0
0.5,0,26.725475,-0.010120666,0,-23.790987,-2.9074219e-06,0
0.5,0,26.71683,-0.0095600021,0,-23.781759,-2.864121e-06,0
0.5,0,26.706725,-0.0090384528,0,-23.77253,-2.7070696e-06,0
0.5,0,26.695385,-0.0086047725,0,-23.763302,-2.4504934e-06,0
0.5,0,26.683151,-0.0083024671,0,-23.754074,-2.1147128e-06,0
0.5,0,26.670453,-0.008159313,0,-23.744845,-1.7255129e-06,0
0.5,0,26.657784,-0.0081838901,0,-23.735617,-1.3138057e-06,0
0.5,0,26.645659,-0.0083709306,0,-23.726388,-9.1431722e-07,0
0.5,0,26.634585,-0.0087083469,0,-23.71716,-5.6270518e-07,0
0.5,0,26.625013,-0.0091798734,0,-23.707931,-2.9171009e-07,0
0.5,0,26.617297,-0.0097625928,0,-23.698703,-1.2754145e-07,0
0.5,0,26.611656,-0.010423326,0,-23.689474,-8.7488838e-08,0
0.5,0,26.608146,-0.011119224,0,-23.680246,-1.7907074e-07,0
0.5,0,26.606658,-0.011803387,0,-23.671017,-4.0046972e-07,0
0.5,0,26.606952,-0.012431041,0,-23.661789,-7.4169169e-07,0
0.5,0,26.608697,-0.01296223,0,-23.65256,-1.1856824e-06,0
0.5,0,26.611554,-0.013360759,0,-23.643332,-1.7089197e-06,0
0.5,0,26.614932,-0.013596275,0,-23.634103,-2.2820106e-06,0
0.5,0,26.617847,-0.013635174,0,-23.624875,-2.8714164e-06,0
0.5,0,26.619851,-0.013412534,0,-23.615647,-3.4414594e-06,0
0.5,0,26.623041,-0.012959716,0,-23.606418,-3.9590366e-06,0
0.5,0,26.62779,-0.012390539,0,-23.59719,-4.396204e-06,0
0.5,0,26.632452,-0.011734023,0,-23.587961,-4.7308096e-06,0
0.5,0,26.636826,-0.010971352,0,-23.578733,-4.9434875e-06,0
0.5,0,26.640834,-0.010132087,0,-23.569504,-5.0121843e-06,0
0.5,0,26.644075,-0.0093487888,0,-23.560276,-4.9385008e-06,0
0.5,0,26.646148,-0.0087554768,0,-23.551047,-4.7482038e-06,0
0.5,0,26.647157,-0.0083099945,0,-23.541819,-4.458221e-06,0
0.5,0,26.646853,-0.007948588,0,-23.53259,-4.0895062e-06,0
0.5,0,26.644811,-0.0077445002,0,-23.523362,-3.6772988e-06,0
0.5,0,26.64074,-0.0077503972,0,-23.514133,-3.2571427e-06,0
0.5,0,26.634413,-0.0079458668,0,-23.504905,-2.8641081e-06,0
0.5,0,26.625496,-0.0083014983,0,-23.495676,-2.5348699e-06,0
0.5,0,26.613446,-0.0087953882,0,-23.486448,-2.3029989e-06,0
0.5,0,26.597379,-0.0093968109,0,-23.47722,-2.1948e-06,0
0.5,0,26.57595,-0.010059948,0,-23.467991,-2.2272584e-06,0
0.5,0,26.547373,-0.010729077,0,-23.458763,-2.4068075e-06,0
0.5,0,26.509671,-0.01134596,0,-23.449534,-2.7289571e-06,0
0.5,0,26.461224,-0.011856986,0,-23.440306,-3.1790393e-06,0
0.5,0,26.401536,-0.012221188,0,-23.431077,-3.7337343e-06,0
0.5,0,26.332027,-0.012416719,0,-23.421849,-4.3626527e-06,0
0.5,0,26.256516,-0.01244438,0,-23.41262,-5.0300262e-06,0
0.5,0,26.181052,-0.012322208,0,-23.403392,-5.6965827e-06,0
0.5,0,26.112935,-0.012072944,0,-23.394163,-6.3211137e-06,0
0.5,0,26.059143,-0.011714245,0,-23.384935,-6.8623201e-06,0
0.5,0,26.024623,-0.011261204,0,-23.375706,-7.2825172e-06,0
0.5,0,26.011153,-0.010734807,0,-23.366478,-7.5498744e-06,0
0.5,0,26.016811,-0.010159991,0,-23.357249,-7.6424348e-06,0
0.5,0,26.036847,-0.0095625478,0,-23.348021,-7.557193e-06,0
0.5,0,26.065595,-0.0089743892,0,-23.338793,-7.3099836e-06,0
0.5,0,26.097814,-0.0084641335,0,-23.329564,-6.928229e-06,0
0.5,0,26.129668,-0.0081290304,0,-23.320336,-6.4505149e-06,0
0.5,0,26.158617,-0.0080011916,0,-23.311107,-5.9234335e-06,0
0.5,0,26.183372,-0.0080319243,0,-23.301879,-5.391502e-06,0
0.5,0,26.203941,-0.0082123393,0,-23.29265,-4.8943315e-06,0
0.5,0,26.220855,-0.0085735564,0,-23.283422,-4.4699357e-06,0
0.5,0,26.234743,-0.0090869165,0,-23.274193,-4.153255e-06,0
0.5,0,26.246189,-0.0096965861,0,-23.264965,-3.9717984e-06,0
0.5,0,26.255738,-0.010366527,0,-23.255736,-3.9433532e-06,0
0.5,0,26.263883,-0.011053944,0,-23.246508,-4.0750741e-06,0
0.5,0,26.271036,-0.01170417,0,-23.237279,-4.3634702e-06,0
0.5,0,26.277539,-0.012269204,0,-23.228051,-4.7947484e-06,0
0.5,0,26.283631,-0.012710573,0,-23.218822,-5.3453403e-06,0
0.5,0,26.289455,-0.012995901,0,-23.209594,-5.9836877e-06,0
0.5,0,26.295079,-0.013100534,0,-23.200366,-6.6728456e-06,0
0.5,0,26.300528,-0.013011757,0,-23.191137,-7.3731182e-06,0
0.5,0,26.305792,-0.012731663,0,-23.181909,-8.0445469e-06,0
0.5,0,26.310845,-0.012277684,0,-23.17268,-8.6493656e-06,0
0.5,0,26.315642,-0.011681029,0,-23.163452,-9.1544261e-06,0
0.5,0,26.320133,-0.010983584,0,-23.154223,-9.5334747e-06,0
0.5,0,26.324262,-0.010234411,0,-23.144995,-9.7690468e-06,0
0.5,0,26.327976,-0.0094865497,0,-23.135766,-9.8537054e-06,0
0.5,0,26.331245,-0.0087938038,0,-23.126538,-9.7905227e-06,0
0.5,0,26.33407,-0.0082068553,0,-23.117309,-9.5928469e-06,0
0.5,0,26.336484,-0.0077689131,0,-23.108081,-9.2835495e-06,0
0.5,0,26.338539,-0.0075115602,0,-23.098852,-8.8938449e-06,0
0.5,0,26.3403,-0.0074527707,0,-23.089624,-8.4614744e-06,0
0.5,0,26.34182,-0.0075981539,0,-23.080395,-8.0281832e-06,0
0.5,0,26.343168,-0.0079425025,0,-23.071167,-7.6367933e-06,0
0.5,0,26.344358,-0.008470547,0,-23.061939,-7.3282294e-06,0
0.5,0,26.345462,-0.0091528684,0,-23.05271,-7.138474e-06,0
0.5,0,26.346466,-0.0099456379,0,-23.043482,-7.0957045e-06,0
0.5,0,26.347399,-0.010796417,0,-23.034253,-7.2180317e-06,0
0.5,0,26.348292,-0.011648037,0,-23.025025,-7.5120482e-06,0
0.5,0,26.349094,-0.012443216,0,-23.015796,-7.972415e-06,0
0.5,0,26.34992,-0.013126488,0,-23.006568,-8.5820832e-06,0
0.5,0,26.350836,-0.013651327,0,-22.997339,-9.3128632e-06,0
0.5,0,26.351897,-0.013984686,0,-22.988111,-1.0127088e-05,0
0.5,0,26.353161,-0.014102589,0,-22.978882,-1.0980829e-05,0
0.5,0,26.354683,-0.013993074,0,-22.969654,-1.1827587e-05,0
0.5,0,26.356517,-0.013661542,0,-22.960425,-1.2621485e-05,0
0.5,0,26.358687,-0.013129941,0,-22.951197,-1.3320284e-05,0
0.5,0,26.361177,-0.012434224,0,-22.941968,-1.3888361e-05,0
0.5,0,26.363946,-0.011622584,0,-22.93274,-1.4299195e-05,0
0.5,0,26.366948,-0.010752706,0,-22.923512,-1.4537099e-05,0
0.5,0,26.370131,-0.0098875634,0,-22.914283,-1.4598224e-05,0
0.5,0,26.373429,-0.0090903731,0,-22.905055,-1.4490818e-05,0
0.5,0,26.376768,-0.0084194523,0,-22.895826,-1.4234706e-05,0
0.5,0,26.380076,-0.0079237134,0,-22.886598,-1.3859968e-05,0
0.5,0,26.383301,-0.007639192,0,-22.877369,-1.3404868e-05,0
0.5,0,26.38641,-0.00758648,0,-22.868141,-1.2913126e-05,0
0.5,0,26.389385,-0.0077692428,0,-22.858912,-1.2430748e-05,0
0.5,0,26.392228,-0.0081743013,0,-22.849684,-1.2002737e-05,0
0.5,0,26.394952,-0.0087731086,0,-22.840455,-1.1669941e-05,0
0.5,0,26.39757,-0.0095241031,0,-22.831227,-1.146622e-05,0
0.5,0,26.400091,-0.010375574,0,-22.821998,-1.1416069e-05,0
0.5,0,26.402516,-0.011269053,0,-22.81277,-1.1532831e-05,0
0.5,0,26.404845,-0.012143492,0,-22.803541,-1.1817643e-05,0
0.5,0,26.407081,-0.012939645,0,-22.794313,-1.2259131e-05,0
0.5,0,26.40923,-0.013603558,0,-22.785085,-1.2833984e-05,0
0.5,0,26.411303,-0.014089067,0,-22.775856,-1.3508424e-05,0
0.5,0,26.413313,-0.014360243,0,-22.766628,-1.4240483e-05,0
0.5,0,26.415275,-0.01439429,0,-22.757399,-1.4982881e-05,0
0.5,0,26.41721,-0.014183941,0,-22.748171,-1.5686283e-05,0
0.5,0,26.419142,-0.013738582,0,-22.738942,-1.6302705e-05,0
0.5,0,26.421095,-0.013084081,0,-22.729714,-1.678886e-05,0
0.5,0,26.423095,-0.012261391,0,-22.720485,-1.7109208e-05,0
0.5,0,26.425165,-0.011324492,0,-22.711257,-1.7238457e-05,0
0.5,0,26.427328,-0.010337629,0,-22.702028,-1.7163327e-05,0
0.5,0,26.429608,-0.0093711069,0,-22.6928,-1.6883574e-05,0
0.5,0,26.432021,-0.0084956775,0,-22.683571,-1.6412345e-05,0
0.5,0,26.434585,-0.0077764701,0,-22.674343,-1.5775839e-05,0
0.5,0,26.437314,-0.0072675111,0,-22.665114,-1.5012082e-05,0
0.5,0,26.440224,-0.0070076401,0,-22.655886,-1.416868e-05,0
0.5,0,26.443328,-0.007017403,0,-22.646658,-1.3299632e-05,0
0.5,0,26.446631,-0.0072975266,0,-22.637429,-1.2461576e-05,0
0.5,0,26.450131,-0.007829707,0,-22.628201,-1.1709881e-05,0
0.5,0,26.453823,-0.0085782062,0,-22.618972,-1.1094848e-05,0
0.5,0,26.457692,-0.0094923867,0,-22.609744,-1.0658302e-05,0
0.5,0,26.46172,-0.010510188,0,-22.600515,-1.0430807e-05,0
0.5,0,26.465878,-0.011562017,0,-22.591287,-1.0429548e-05,0
0.5,0,26.470129,-0.012575707,0,-22.582058,-1.0657003e-05,0
0.5,0,26.474429,-0.013482602,0,-22.57283,-1.1100579e-05,0
0.5,0,26.478736,-0.014223264,0,-22.563601,-1.1733323e-05,0
0.5,0,26.483011,-0.014751691,0,-22.554373,-1.2515708e-05,0
0.5,0,26.487227,-0.015037068,0,-22.545144,-1.3398294e-05,0
0.5,0,26.49136,-0.015063572,0,-22.535916,-1.4324944e-05,0
0.5,0,26.495387,-0.014830538,0,-22.526687,-1.5236402e-05,0
0.5,0,26.499286,-0.014352919,0,-22.517459,-1.6074269e-05,0
0.5,0,26.503016,-0.013661582,0,-22.508231,-1.6785205e-05,0
0.5,0,26.506562,-0.012801275,0,-22.499002,-1.732486e-05,0
0.5,0,26.50991,-0.011826091,0,-22.489774,-1.7661056e-05,0
0.5,0,26.513013,-0.010795167,0,-22.480545,-1.7775876e-05,0
0.5,0,26.515803,-0.0097710019,0,-22.471317,-1.7666552e-05,0
0.5,0,26.518224,-0.0088196653,0,-22.462088,-1.7345396e-05,0
0.5,0,26.520233,-0.008006807,0,-22.45286,-1.683905e-05,0
0.5,0,26.521793,-0.0073884218,0,-22.443631,-1.6186896e-05,0
0.5,0,26.522892,-0.0070047118,0,-22.434403,-1.5438327e-05,0
0.5,0,26.523511,-0.0068815171,0,-22.425174,-1.4649073e-05,0
0.5,0,26.523655,-0.0070311776,0,-22.415946,-1.3877246e-05,0
0.5,0,26.523363,-0.0074487105,0,-22.406717,-1.3179654e-05,0
0.5,0,26.522695,-0.0081102566,0,-22.397489,-1.2608434e-05,0
0.5,0,26.521734,-0.0089756256,0,-22.38826,-1.220791e-05,0
0.5,0,26.520583,-0.0099910694,0,-22.379032,-1.2011946e-05,0
0.5,0,26.519361,-0.011092684,0,-22.369804,-1.2042069e-05,0
0.5,0,26.518181,-0.012211835,0,-22.360575,-1.2306203e-05,0
0.5,0,26.517151,-0.013279914,0,-22.351347,-1.2798003e-05,0
0.5,0,26.516381,-0.014231685,0,-22.342118,-1.3496992e-05,0
0.5,0,26.515985,-0.015008503,0,-22.33289,-1.4369588e-05,0
0.5,0,26.516071,-0.015561034,0,-22.323661,-1.5371069e-05,0
0.5,0,26.516731,-0.015852831,0,-22.314433,-1.6448233e-05,0
0.5,0,26.518034,-0.015863896,0,-22.305204,-1.7542464e-05,0
0.5,0,26.520015,-0.015592309,0,-22.295976,-1.8593103e-05,0
0.5,0,26.522675,-0.015054009,0,-22.286747,-1.954096e-05,0
0.5,0,26.525972,-0.014281141,0,-22.277519,-2.0331907e-05,0
0.5,0,26.529832,-0.013320055,0,-22.26829,-2.0920445e-05,0
0.5,0,26.534163,-0.012228897,0,-22.259062,-2.1272881e-05,0
0.5,0,26.538863,-0.01107492,0,-22.249833,-2.136971e-05,0
0.5,0,26.543831,-0.0099309911,0,-22.240605,-2.1207013e-05,0
0.5,0,26.548967,-0.0088710652,0,-22.231377,-2.0796877e-05,0
0.5,0,26.554171,-0.0079649628,0,-22.222148,-2.0166776e-05,0
0.5,0,26.559342,-0.0072730377,0,-22.21292,-1.9357931e-05,0
0.5,0,26.564381,-0.0068422233,0,-22.203691,-1.84228e-05,0
0.5,0,26.569195,-0.0067033092,0,-22.194463,-1.7421755e-05,0
0.5,0,26.573702,-0.0068687576,0,-22.185234,-1.6419133e-05,0
0.5,0,26.577829,-0.0073313883,0,-22.176006,-1.5479069e-05,0
0.5,0,26.581508,-0.0080644499,0,-22.166777,-1.4661445e-05,0
0.5,0,26.584677,-0.0090233047,0,-22.157549,-1.4018179e-05,0
0.5,0,26.587283,-0.010148948,0,-22.14832,-1.3590058e-05,0
0.5,0,26.589282,-0.011372454,0,-22.139092,-1.3404261e-05,0
0.5,0,26.590648,-0.012619101,0,-22.129863,-1.3472722e-05,0
0.5,0,26.591376,-0.013812354,0,-22.120635,-1.3791455e-05,0
0.5,0,26.591487,-0.014878163,0,-22.111406,-1.4340837e-05,0
0.5,0,26.59103,-0.015749642,0,-22.102178,-1.508677e-05,0
0.5,0,26.590078,-0.01637164,0,-22.09295,-1.5982667e-05,0
0.5,0,26.588732,-0.016704515,0,-22.083721,-1.6972279e-05,0
0.5,0,26.587117,-0.01672709,0,-22.074493,-1.7993224e-05,0
0.5,0,26.585379,-0.016437875,0,-22.065264,-1.8980948e-05,0
0.5,0,26.583675,-0.015854667,0,-22.056036,-1.9872803e-05,0
0.5,0,26.582171,-0.015013627,0,-22.046807,-2.0611943e-05,0
0.5,0,26.581021,-0.013966821,0,-22.037579,-2.1150771e-05,0
0.5,0,26.580363,-0.01277867,0,-22.02835,-2.1453729e-05,0
0.5,0,26.580299,-0.011522672,0,-22.019122,-2.1499407e-05,0
0.5,0,26.580887,-0.010277168,0,-22.009893,-2.1281944e-05,0
0.5,0,26.58214,-0.0091204069,0,-22.000665,-2.0811462e-05,0
0.5,0,26.584023,-0.0081256215,0,-21.991436,-2.011352e-05,0
0.5,0,26.586461,-0.0073560111,0,-21.982208,-1.9227653e-05,0
0.5,0,26.589354,-0.0068602044,0,-21.972979,-1.8204974e-05,0
0.5,0,26.592588,-0.0066686799,0,-21.963751,-1.7105018e-05,0
0.5,0,26.596046,-0.0067922558,0,-21.954523,-1.5992089e-05,0
0.5,0,26.599624,-0.0072226802,0,-21.945294,-1.4931356e-05,0
0.5,0,26.603235,-0.0079344223,0,-21.936066,-1.3984954e-05,0
0.5,0,26.606814,-0.0088865901,0,-21.926837,-1.3208283e-05,0
0.5,0,26.61032,-0.010024692,0,-21.917609,-1.264665e-05,0
0.5,0,26.613731,-0.011282748,0,-21.90838,-1.2332394e-05,0
0.5,0,26.617044,-0.012586078,0,-21.899152,-1.2282653e-05,0
0.5,0,26.620269,-0.013855503,0,-21.889923,-1.249799e-05,0
0.5,0,26.623429,-0.015012693,0,-21.880695,-1.2962101e-05,0
0.5,0,26.626557,-0.015985756,0,-21.871466,-1.3642731e-05,0
0.5,0,26.629691,-0.016714356,0,-21.862238,-1.4493757e-05,0
0.5,0,26.632875,-0.017153654,0,-21.853009,-1.545823e-05,0
0.5,0,26.636151,-0.017276836,0,-21.843781,-1.6472057e-05,0
0.5,0,26.639557,-0.017076293,0,-21.834552,-1.7468018e-05,0
0.5,0,26.643117,-0.016563694,0,-21.825324,-1.8379895e-05,0
0.5,0,26.646842,-0.015769165,0,-21.816096,-1.9146494e-05,0
0.5,0,26.650725,-0.014739625,0,-21.806867,-1.9715342e-05,0
0.5,0,26.654748,-0.013536264,0,-21.797639,-2.0045852e-05,0
0.5,0,26.658888,-0.012231095,0,-21.78841,-2.0111787e-05,0
0.5,0,26.663122,-0.010902517,0,-21.779182,-1.9902844e-05,0
0.5,0,26.667422,-0.0096304055,0,-21.769953,-1.9425303e-05,0
0.5,0,26.671753,-0.0084912193,0,-21.760725,-1.8701664e-05,0
0.5,0,26.676068,-0.007553221,0,-21.751496,-1.7769304e-05,0
0.5,0,26.680318,-0.006872399,0,-21.742268,-1.6678269e-05,0
0.5,0,26.684458,-0.0064893527,0,-21.733039,-1.5488304e-05,0
0.5,0,26.688452,-0.0064269058,0,-21.723811,-1.4265322e-05,0
0.5,0,26.692276,-0.0066888117,0,-21.714582,-1.3077551e-05,0
0.5,0,26.695908,-0.0072597483,0,-21.705354,-1.1991559e-05,0
0.5,0,26.699331,-0.0081064484,0,-21.696125,-1.1068383e-05,0
0.5,0,26.702524,-0.0091797601,0,-21.686897,-1.0359979e-05,0
0.5,0,26.705465,-0.010417281,0,-21.677669,-9.9061581e-06,0
0.5,0,26.708132,-0.011746803,0,-21.66844,-9.7322084e-06,0
0.5,0,26.710517,-0.013090452,0,-21.659212,-9.8473137e-06,0
0.5,0,26.71262,-0.01436908,0,-21.649983,-1.0243854e-05,0
0.5,0,26.714458,-0.015506849,0,-21.640755,-1.0897646e-05,0
0.5,0,26.716053,-0.016435722,0,-21.631526,-1.1769139e-05,0
0.5,0,26.71743,-0.017099359,0,-21.622298,-1.2805539e-05,0
0.5,0,26.718611,-0.01745641,0,-21.613069,-1.3943732e-05,0
0.5,0,26.719617,-0.01748304,0,-21.603841,-1.5113835e-05,0
0.5,0,26.72047,-0.017174385,0,-21.594612,-1.6243191e-05,0
0.5,0,26.721199,-0.016545118,0,-21.585384,-1.7260571e-05,0
0.5,0,26.721838,-0.01562883,0,-21.576155,-1.8100349e-05,0
0.5,0,26.722432,-0.014476266,0,-21.566927,-1.8706401e-05,0
0.5,0,26.723031,-0.013152584,0,-21.557698,-1.9035489e-05,0
0.5,0,26.723696,-0.011733623,0,-21.54847,-1.9059901e-05,0
0.5,0,26.724484,-0.010301286,0,-21.539242,-1.8769204e-05,0
0.5,0,26.725434,-0.0089384074,0,-21.530013,-1.8170958e-05,0
0.5,0,26.726567,-0.0077236724,0,-21.520785,-1.7290352e-05,0
0.5,0,26.727887,-0.0067269218,0,-21.511556,-1.6168791e-05,0
0.5,0,26.729413,-0.0060052448,0,-21.502328,-1.4861511e-05,0
0.5,0,26.731183,-0.0055998925,0,-21.493099,-1.3434324e-05,0
0.5,0,26.733246,-0.0055340417,0,-21.483871,-1.1959776e-05,0
0.5,0,26.735648,-0.0058116272,0,-21.474642,-1.0512963e-05,0
0.5,0,26.738415,-0.0064173002,0,-21.465414,-9.1672628e-06,0
0.5,0,26.741561,-0.0073174358,0,-21.456185,-7.9902111e-06,0
0.5,0,26.745099,-0.0084621545,0,-21.446957,-7.0397029e-06,0
0.5,0,26.749046,-0.00978813,0,-21.437728,-6.3607508e-06,0
0.5,0,26.75341,-0.011221951,0,-21.4285,-5.9829877e-06,0
0.5,0,26.758178,-0.012684095,0,-21.419271,-5.9190651e-06,0
0.5,0,26.763302,-0.014093125,0,-21.410043,-6.1639903e-06,0
0.5,0,26.768685,-0.015369671,0,-21.400815,-6.6954003e-06,0
0.5,0,26.774182,-0.016440622,0,-21.391586,-7.4747631e-06,0
0.5,0,26.779586,-0.017243445,0,-21.382358,-8.4494543e-06,0
0.5,0,26.784621,-0.017729929,0,-21.373129,-9.5556799e-06,0
0.5,0,26.788933,-0.017869858,0,-21.363901,-1.0722102e-05,0
0.5,0,26.792083,-0.017653761,0,-21.354672,-1.1873913e-05,0
0.5,0,26.79357,-0.017093483,0,-21.345444,-1.2937154e-05,0
0.5,0,26.792866,-0.016220781,0,-21.336215,-1.3842999e-05,0
0.5,0,26.789478,-0.015084119,0,-21.326987,-1.4531598e-05,0
0.5,0,26.78303,-0.013745683,0,-21.317758,-1.4955227e-05,0
0.5,0,26.773335,-0.012279203,0,-21.30853,-1.5080749e-05,0
0.5,0,26.760455,-0.010766852,0,-21.299301,-1.4891546e-05,0
0.5,0,26.744729,-0.0092954661,0,-21.290073,-1.4388789e-05,0
0.5,0,26.726757,-0.0079515728,0,-21.280844,-1.3591833e-05,0
0.5,0,26.707349,-0.0068172585,0,-21.271616,-1.2537705e-05,0
0.5,0,26.687433,-0.0059635655,0,-21.262387,-1.1279467e-05,0
0.5,0,26.667973,-0.0054380429,0,-21.253159,-9.8829276e-06,0
0.5,0,26.649868,-0.0052583122,0,-21.243931,-8.4216176e-06,0
0.5,0,26.633868,-0.005422682,0,-21.234702,-6.9717014e-06,0
0.5,0,26.620541,-0.0059277046,0,-21.225474,-5.6090392e-06,0
0.5,0,26.610255,-0.0067677768,0,-21.216245,-4.4077121e-06,0
0.5,0,26.603174,-0.0079140234,0,-21.207017,-3.4367881e-06,0
0.5,0,26.599285,-0.0093039938,0,-21.197788,-2.7544401e-06,0
0.5,0,26.59823,-0.010858517,0,-21.18856,-2.4027101e-06,0
0.5,0,26.599708,-0.012484976,0,-21.179331,-2.4044512e-06,0
0.5,0,26.603251,-0.014088885,0,-21.170103,-2.7626672e-06,0
0.5,0,26.608192,-0.015595649,0,-21.160874,-3.4615099e-06,0
0.5,0,26.613942,-0.016929349,0,-21.151646,-4.4668685e-06,0
0.5,0,26.61984,-0.018006191,0,-21.142417,-5.7271974e-06,0
0.5,0,26.625543,-0.018758083,0,-21.133189,-7.1757675e-06,0
0.5,0,26.630891,-0.019142007,0,-21.12396,-8.7345075e-06,0
0.5,0,26.635695,-0.019139919,0,-21.114732,-1.03188e-05,0
0.5,0,26.639815,-0.018754951,0,-21.105504,-1.1842555e-05,0
0.5,0,26.643261,-0.018006298,0,-21.096275,-1.3223255e-05,0
0.5,0,26.646186,-0.016931621,0,-21.087047,-1.4386296e-05,0
0.5,0,26.648803,-0.015591529,0,-21.077818,-1.5268079e-05,0
0.5,0,26.651315,-0.014061228,0,-21.06859,-1.5818965e-05,0
0.5,0,26.653883,-0.012416317,0,-21.059361,-1.6007235e-05,0
0.5,0,26.656619,-0.010734907,0,-21.050133,-1.5822284e-05,0
0.5,0,26.659571,-0.0091066835,0,-21.040904,-1.5274223e-05,0
0.5,0,26.662771,-0.0076573629,0,-21.031676,-1.4390623e-05,0
0.5,0,26.666247,-0.0064998925,0,-21.022447,-1.3214247e-05,0
0.5,0,26.670186,-0.0055813218,0,-21.013219,-1.1809987e-05,0
0.5,0,26.674123,-0.0049166693,0,-21.00399,-1.0244881e-05,0
0.5,0,26.678242,-0.0046878409,0,-20.994762,-8.5935646e-06,0
0.5,0,26.682565,-0.0049147855,0,-20.985533,-6.9478923e-06,0
0.5,0,26.686472,-0.0055191128,0,-20.976305,-5.3935277e-06,0
0.5,0,26.690174,-0.0064680908,0,-20.967077,-4.009334e-06,0
0.5,0,26.693708,-0.0077191857,0,-20.957848,-2.8649058e-06,0
0.5,0,26.697081,-0.0092080111,0,-20.94862,-2.0171775e-06,0
0.5,0,26.700277,-0.010859795,0,-20.939391,-1.5081359e-06,0
0.5,0,26.703281,-0.012589642,0,-20.930163,-1.3628628e-06,0
0.5,0,26.706088,-0.014307731,0,-20.920934,-1.5878671e-06,0
0.5,0,26.708723,-0.015926279,0,-20.911706,-2.1701141e-06,0
0.5,0,26.711238,-0.017361714,0,-20.902477,-3.0776353e-06,0
0.5,0,26.713681,-0.018538331,0,-20.893249,-4.2616842e-06,0
0.5,0,26.716094,-0.019394046,0,-20.88402,-5.6594241e-06,0
0.5,0,26.718525,-0.019883282,0,-20.874792,-7.1967868e-06,0
0.5,0,26.721028,-0.019978642,0,-20.865563,-8.7919163e-06,0
0.5,0,26.723636,-0.019673576,0,-20.856335,-1.0359378e-05,0
0.5,0,26.726345,-0.018983763,0,-20.847106,-1.1814818e-05,0
0.5,0,26.729126,-0.017945713,0,-20.837878,-1.3079589e-05,0
0.5,0,26.731932,-0.016613579,0,-20.82865,-1.4085017e-05,0
0.5,0,26.734688,-0.015056368,0,-20.819421,-1.4776103e-05,0
0.5,0,26.737283,-0.01335642,0,-20.810193,-1.5114465e-05,0
0.5,0,26.739578,-0.011606269,0,-20.800964,-1.5080393e-05,0
0.5,0,26.741423,-0.0099015177,0,-20.791736,-1.4674021e-05,0
0.5,0,26.74267,-0.0083326994,0,-20.782507,-1.3915616e-05,0
0.5,0,26.743164,-0.0069805059,0,-20.773279,-1.2844774e-05,0
0.5,0,26.742753,-0.0059139901,0,-20.76405,-1.1518428e-05,0
0.5,0,26.741314,-0.00518859,0,-20.754822,-1.0007822e-05,0
0.5,0,26.73877,-0.0048427022,0,-20.745593,-8.3947135e-06,0
0.5,0,26.7351,-0.004894439,0,-20.736365,-6.7670223e-06,0
0.5,0,26.730335,-0.0053404576,0,-20.727136,-5.2141358e-06,0
0.5,0,26.724575,-0.0061566531,0,-20.717908,-3.8221271e-06,0
0.5,0,26.718001,-0.0072992708,0,-20.708679,-2.6691269e-06,0
0.5,0,26.710857,-0.008706936,0,-20.699451,-1.8210324e-06,0
0.5,0,26.70344,-0.010305603,0,-20.690223,-1.3279606e-06,0
0.5,0,26.69605,-0.012014889,0,-20.680994,-1.221943e-06,0
0.5,0,26.688984,-0.013751069,0,-20.671766,-1.5156588e-06,0
0.5,0,26.682508,-0.015427872,0,-20.662537,-2.2016249e-06,0
0.5,0,26.676809,-0.016961233,0,-20.653309,-3.2520476e-06,0
0.5,0,26.672016,-0.018274163,0,-20.64408,-4.6200155e-06,0
0.5,0,26.66821,-0.019299416,0,-20.634852,-6.2420582e-06,0
0.5,0,26.665409,-0.01998316,0,-20.625623,-8.0414431e-06,0
0.5,0,26.663567,-0.020287546,0,-20.616395,-9.9320369e-06,0
0.5,0,26.662583,-0.020192841,0,-20.607166,-1.1822823e-05,0
0.5,0,26.662319,-0.019700919,0,-20.597938,-1.3622567e-05,0
0.5,0,26.662613,-0.018836755,0,-20.588709,-1.5244214e-05,0
0.5,0,26.663297,-0.017645658,0,-20.579481,-1.6609225e-05,0
0.5,0,26.664207,-0.016189674,0,-20.570252,-1.7651833e-05,0
0.5,0,26.665199,-0.014544962,0,-20.561024,-1.8322687e-05,0
0.5,0,26.666165,-0.012798595,0,-20.551796,-1.8591501e-05,0
0.5,0,26.667039,-0.011043855,0,-20.542567,-1.8448583e-05,0
0.5,0,26.667793,-0.0093745581,0,-20.533339,-1.7905284e-05,0
0.5,0,26.668435,-0.0078793882,0,-20.52411,-1.699337e-05,0
0.5,0,26.668997,-0.0066368354,0,-20.514882,-1.5763365e-05,0
0.5,0,26.669531,-0.00571133,0,-20.505653,-1.4281965e-05,0
0.5,0,26.670097,-0.0051507603,0,-20.496425,-1.2628597e-05,0
0.5,0,26.670755,-0.0049849891,0,-20.487196,-1.0891307e-05,0
0.5,0,26.671564,-0.005226394,0,-20.477968,-9.1622177e-06,0
0.5,0,26.672558,-0.0058716728,0,-20.468739,-7.5329153e-06,0
0.5,0,26.673542,-0.0068797194,0,-20.459511,-6.0899849e-06,0
0.5,0,26.674677,-0.0081777053,0,-20.450282,-4.9108507e-06,0
0.5,0,26.676974,-0.0097522652,0,-20.441054,-4.0598042e-06,0
0.5,0,26.679106,-0.011512436,0,-20.431825,-3.5854323e-06,0
0.5,0,26.680589,-0.013321306,0,-20.422597,-3.5178194e-06,0
0.5,0,26.682673,-0.015118565,0,-20.413369,-3.8660843e-06,0
0.5,0,26.684968,-0.016820202,0,-20.40414,-4.6181865e-06,0
0.5,0,26.687347,-0.018341817,0,-20.394912,-5.7420432e-06,0
0.5,0,26.689824,-0.019613641,0,-20.385683,-7.188084e-06,0
0.5,0,26.692387,-0.020579285,0,-20.376455,-8.8922818e-06,0
0.5,0,26.695034,-0.021193523,0,-20.367226,-1.0779045e-05,0
0.5,0,26.697746,-0.021422576,0,-20.357998,-1.2764063e-05,0
0.5,0,26.700491,-0.021248439,0,-20.348769,-1.4757572e-05,0
0.5,0,26.703256,-0.020674183,0,-20.339541,-1.6668426e-05,0
0.5,0,26.706055,-0.019726151,0,-20.330312,-1.8408875e-05,0
0.5,0,26.708912,-0.018451719,0,-20.321084,-1.9899384e-05,0
0.5,0,26.711839,-0.016914964,0,-20.311855,-2.10727e-05,0
0.5,0,26.714839,-0.015192209,0,-20.302627,-2.1876982e-05,0
0.5,0,26.717922,-0.013367558,0,-20.293398,-2.2278354e-05,0
0.5,0,26.721085,-0.011529509,0,-20.28417,-2.2262947e-05,0
0.5,0,26.724284,-0.009769049,0,-20.274942,-2.1837928e-05,0
0.5,0,26.727457,-0.0081764552,0,-20.265713,-2.1031259e-05,0
0.5,0,26.730578,-0.0068350146,0,-20.256485,-1.989038e-05,0
0.5,0,26.733657,-0.0058139243,0,-20.247256,-1.8479964e-05,0
0.5,0,26.736681,-0.0051635308,0,-20.238028,-1.6878585e-05,0
0.5,0,26.739599,-0.0049134614,0,-20.228799,-1.5174392e-05,0
0.5,0,26.742362,-0.005072827,0,-20.219571,-1.3460289e-05,0
0.5,0,26.744959,-0.0056318679,0,-20.210342,-1.1829176e-05,0
0.5,0,26.747418,-0.0065641273,0,-20.201114,-1.0369531e-05,0
0.5,0,26.749789,-0.0078279425,0,-20.191885,-9.1614144e-06,0
0.5,0,26.752126,-0.0093668863,0,-20.182657,-8.2728425e-06,0
0.5,0,26.754481,-0.011109825,0,-20.173428,-7.7564647e-06,0
0.5,0,26.756894,-0.01297189,0,-20.1642,-7.6465486e-06,0
0.5,0,26.759397,-0.014858494,0,-20.154971,-7.9566812e-06,0
0.5,0,26.762009,-0.016672742,0,-20.145743,-8.6788622e-06,0
0.5,0,26.764741,-0.018323353,0,-20.136515,-9.784252e-06,0
0.5,0,26.7676,-0.019730185,0,-20.127286,-1.1225136e-05,0
0.5,0,26.770594,-0.020825684,0,-20.118058,-1.2937447e-05,0
0.5,0,26.773719,-0.021554432,0,-20.108829,-1.4843578e-05,0
0.5,0,26.777027,-0.021875355,0,-20.099601,-1.6855705e-05,0
0.5,0,26.780484,-0.021771048,0,-20.090372,-1.8880097e-05,0
0.5,0,26.783913,-0.02125925,0,-20.081144,-2.0822478e-05,0
0.5,0,26.787694,-0.020365088,0,-20.071915,-2.2594484e-05,0
0.5,0,26.791614,-0.01911454,0,-20.062687,-2.4114775e-05,0
0.5,0,26.795425,-0.017574549,0,-20.053458,-2.5312e-05,0
0.5,0,26.799445,-0.015834138,0,-20.04423,-2.613173e-05,0
0.5,0,26.803451,-0.013978108,0,-20.035001,-2.6538114e-05,0
0.5,0,26.807351,-0.012094607,0,-20.025773,-2.6515071e-05,0
0.5,0,26.811106,-0.010272791,0,-20.016544,-2.6067558e-05,0
0.5,0,26.814621,-0.0085993145,0,-20.007316,-2.5221085e-05,0
0.5,0,26.817803,-0.007154564,0,-19.998088,-2.4019914e-05,0
0.5,0,26.820577,-0.0060064425,0,-19.988859,-2.2524729e-05,0
0.5,0,26.822895,-0.0052064541,0,-19.979631,-2.0809875e-05,0
0.5,0,26.824736,-0.0047893003,0,-19.970402,-1.8959947e-05,0
0.5,0,26.826126,-0.0047724808,0,-19.961174,-1.7065736e-05,0
0.5,0,26.827137,-0.0051552655,0,-19.951945,-1.5219873e-05,0
0.5,0,26.827844,-0.0059187226,0,-19.942717,-1.3512716e-05,0
0.5,0,26.828299,-0.0070270827,0,-19.933488,-1.2028411e-05,0
0.5,0,26.828519,-0.0084297124,0,-19.92426,-1.0841041e-05,0
0.5,0,26.828504,-0.010062907,0,-19.915031,-1.0011163e-05,0
0.5,0,26.828277,-0.011852662,0,-19.905803,-9.5830588e-06,0
0.5,0,26.827892,-0.013717866,0,-19.896574,-9.5827142e-06,0
0.5,0,26.827434,-0.015572844,0,-19.887346,-1.0016596e-05,0
0.5,0,26.826998,-0.017331352,0,-19.878117,-1.0871472e-05,0
0.5,0,26.826679,-0.018912471,0,-19.868889,-1.2115074e-05,0
0.5,0,26.826566,-0.020244416,0,-19.859661,-1.3697439e-05,0
0.5,0,26.826729,-0.021265316,0,-19.850432,-1.5553027e-05,0
0.5,0,26.827212,-0.021925933,0,-19.841204,-1.7603555e-05,0
0.5,0,26.82803,-0.022193706,0,-19.831975,-1.9761459e-05,0
0.5,0,26.829172,-0.022054445,0,-19.822747,-2.1933856e-05,0
0.5,0,26.830588,-0.021511316,0,-19.813518,-2.4026804e-05,0
0.5,0,26.832253,-0.020582284,0,-19.80429,-2.5949249e-05,0
0.5,0,26.834084,-0.019305223,0,-19.795061,-2.7616848e-05,0
0.5,0,26.836068,-0.017743232,0,-19.785833,-2.8956575e-05,0
0.5,0,26.838171,-0.015973614,0,-19.776604,-2.9911116e-05,0
0.5,0,26.840306,-0.014077546,0,-19.767376,-3.0441411e-05,0
0.5,0,26.842497,-0.012141786,0,-19.758147,-3.0527474e-05,0
0.5,0,26.844759,-0.010257396,0,-19.748919,-3.0169121e-05,0
0.5,0,26.847134,-0.0085112247,0,-19.73969,-2.9386993e-05,0
0.5,0,26.849652,-0.0069819234,0,-19.730462,-2.8222174e-05,0
0.5,0,26.852329,-0.005740459,0,-19.721234,-2.6733758e-05,0
0.5,0,26.855205,-0.0048455882,0,-19.712005,-2.499562e-05,0
0.5,0,26.85833,-0.0043386617,0,-19.702777,-2.3093039e-05,0
0.5,0,26.86176,-0.0042433191,0,-19.693548,-2.1118966e-05,0
0.5,0,26.865543,-0.0045663162,0,-19.68432,-1.9169943e-05,0
0.5,0,26.869702,-0.00529696,0,-19.675091,-1.7341862e-05,0
0.5,0,26.874239,-0.0064067529,0,-19.665863,-1.5725693e-05,0
0.5,0,26.879143,-0.0078497102,0,-19.656634,-1.4403256e-05,0
0.5,0,26.884396,-0.0095638528,0,-19.647406,-1.3443316e-05,0
0.5,0,26.88998,-0.011474281,0,-19.638177,-1.2898248e-05,0
0.5,0,26.895873,-0.013497133,0,-19.628949,-1.2801511e-05,0
0.5,0,26.902043,-0.015543977,0,-19.61972,-1.3166134e-05,0
0.5,0,26.90844,-0.017525441,0,-19.610492,-1.3984169e-05,0
0.5,0,26.914992,-0.019354036,0,-19.601263,-1.5227071e-05,0
0.5,0,26.92162,-0.020947139,0,-19.592035,-1.6846951e-05,0
0.5,0,26.928241,-0.022231371,0,-19.582807,-1.8778775e-05,0
0.5,0,26.934788,-0.023146528,0,-19.573578,-2.0943099e-05,0
0.5,0,26.941218,-0.023645961,0,-19.56435,-2.3249016e-05,0
0.5,0,26.947534,-0.023699715,0,-19.555121,-2.5597745e-05,0
0.5,0,26.953746,-0.023300604,0,-19.545893,-2.7886946e-05,0
0.5,0,26.959886,-0.022459648,0,-19.536664,-3.0016137e-05,0
0.5,0,26.9662,-0.021198283,0,-19.527436,-3.1891204e-05,0
0.5,0,26.972594,-0.01958549,0,-19.518207,-3.3428045e-05,0
0.5,0,26.979251,-0.017719933,0,-19.508979,-3.4558346e-05,0
0.5,0,26.986513,-0.01566776,0,-19.49975,-3.5232415e-05,0
0.5,0,26.99439,-0.013501982,0,-19.490522,-3.5418652e-05,0
0.5,0,27.00319,-0.011328268,0,-19.481293,-3.5105756e-05,0
0.5,0,27.013149,-0.0092516862,0,-19.472065,-3.4305098e-05,0
0.5,0,27.024474,-0.0073638224,0,-19.462836,-3.3049854e-05,0
0.5,0,27.037315,-0.0057442944,0,-19.453608,-3.1392693e-05,0
0.5,0,27.051688,-0.0044622238,0,-19.44438,-2.9403523e-05,0
0.5,0,27.067543,-0.0035741601,0,-19.435151,-2.7166552e-05,0
0.5,0,27.08469,-0.0031199022,0,-19.425923,-2.4776763e-05,0
0.5,0,27.102722,-0.0031183901,0,-19.416694,-2.2336274e-05,0
0.5,0,27.120931,-0.0035644325,0,-19.407466,-1.9949945e-05,0
0.5,0,27.138293,-0.0044309745,0,-19.398237,-1.7719811e-05,0
0.5,0,27.15355,-0.0056763392,0,-19.389009,-1.5739813e-05,0
0.5,0,27.16536,-0.0072484314,0,-19.37978,-1.4092574e-05,0
0.5,0,27.172441,-0.0090819983,0,-19.370552,-1.2847642e-05,0
0.5,0,27.173755,-0.011098997,0,-19.361323,-1.2058663e-05,0
0.5,0,27.168767,-0.013206594,0,-19.352095,-1.1759422e-05,0
0.5,0,27.157679,-0.015302162,0,-19.342866,-1.1961498e-05,0
0.5,0,27.141598,-0.017296287,0,-19.333638,-1.2653355e-05,0
0.5,0,27.122401,-0.019115978,0,-19.324409,-1.3801527e-05,0
0.5,0,27.102321,-0.02068853,0,-19.315181,-1.5353754e-05,0
0.5,0,27.083461,-0.021941683,0,-19.305953,-1.7240732e-05,0
0.5,0,27.067524,-0.022815861,0,-19.296724,-1.9377935e-05,0
0.5,0,27.055624,-0.02327079,0,-19.287496,-2.1669435e-05,0
0.5,0,27.04801,-0.023286295,0,-19.278267,-2.4011919e-05,0
0.5,0,27.044118,-0.022861059,0,-19.269039,-2.6299044e-05,0
0.5,0,27.04305,-0.022011403,0,-19.25981,-2.8426933e-05,0
0.5,0,27.043943,-0.020773718,0,-19.250582,-3.029903e-05,0
0.5,0,27.046005,-0.019205794,0,-19.241353,-3.1830016e-05,0
0.5,0,27.048458,-0.017382576,0,-19.232125,-3.2950479e-05,0
0.5,0,27.050579,-0.015389202,0,-19.222896,-3.3610826e-05,0
0.5,0,27.051724,-0.013315724,0,-19.213668,-3.3782676e-05,0
0.5,0,27.051338,-0.011253522,0,-19.204439,-3.3458113e-05,0
0.5,0,27.048962,-0.0092886351,0,-19.195211,-3.2648762e-05,0
0.5,0,27.044265,-0.0074991593,0,-19.185982,-3.1386962e-05,0
0.5,0,27.037105,-0.0059621258,0,-19.176754,-2.9726845e-05,0
0.5,0,27.027568,-0.0047559925,0,-19.167526,-2.7741985e-05,0
0.5,0,27.015987,-0.0039486025,0,-19.158297,-2.5520742e-05,0
0.5,0,27.002911,-0.0035840532,0,-19.149069,-2.3161774e-05,0
0.5,0,26.989046,-0.0036798728,0,-19.13984,-2.0769723e-05,0
0.5,0,26.975135,-0.0042310621,0,-19.130612,-1.8450796e-05,0
0.5,0,26.961858,-0.0052160602,0,-19.121383,-1.630815e-05,0
0.5,0,26.949727,-0.0065981257,0,-19.112155,-1.4437261e-05,0
0.5,0,26.939062,-0.0083240748,0,-19.102926,-1.2922015e-05,0
0.5,0,26.930008,-0.010325538,0,-19.093698,-1.1831542e-05,0
0.5,0,26.922532,-0.012522437,0,-19.084469,-1.1217498e-05,0
0.5,0,26.916437,-0.014827638,0,-19.075241,-1.1111796e-05,0
0.5,0,26.911453,-0.017149155,0,-19.066012,-1.1524855e-05,0
0.5,0,26.907159,-0.019391535,0,-19.056784,-1.2444722e-05,0
0.5,0,26.902184,-0.021448567,0,-19.047555,-1.383732e-05,0
0.5,0,26.895481,-0.023120078,0,-19.038327,-1.5647849e-05,0
0.5,0,26.891213,-0.024360747,0,-19.029099,-1.7803074e-05,0
0.5,0,26.890335,-0.025227797,0,-19.01987,-2.021412e-05,0
0.5,0,26.889862,-0.025665155,0,-19.010642,-2.2779913e-05,0
0.5,0,26.889936,-0.02565136,0,-19.001413,-2.539155e-05,0
0.5,0,26.890469,-0.025188158,0,-18.992185,-2.7937551e-05,0
0.5,0,26.891349,-0.024298981,0,-18.982956,-3.0309584e-05,0
0.5,0,26.892449,-0.023024573,0,-18.973728,-3.2407711e-05,0
0.5,0,26.893637,-0.021419139,0,-18.964499,-3.4144537e-05,0
0.5,0,26.894791,-0.01954945,0,-18.955271,-3.5448158e-05,0
0.5,0,26.895784,-0.017492949,0,-18.946042,-3.6264288e-05,0
0.5,0,26.896542,-0.01533339,0,-18.936814,-3.6558077e-05,0
0.5,0,26.896956,-0.013163052,0,-18.927585,-3.6315876e-05,0
0.5,0,26.896955,-0.011087592,0,-18.918357,-3.5547021e-05,0
0.5,0,26.896197,-0.0092138889,0,-18.909128,-3.4285403e-05,0
0.5,0,26.893487,-0.0075964192,0,-18.8999,-3.2587958e-05,0
0.5,0,26.888657,-0.0061756211,0,-18.890672,-3.0527398e-05,0
0.5,0,26.884984,-0.0050213936,0,-18.881443,-2.8188202e-05,0
0.5,0,26.883059,-0.0042956081,0,-18.872215,-2.5668623e-05,0
0.5,0,26.880943,-0.004043738,0,-18.862986,-2.3076654e-05,0
0.5,0,26.87867,-0.0042793904,0,-18.853758,-2.0521863e-05,0
0.5,0,26.876264,-0.0049842085,0,-18.844529,-1.8111239e-05,0
0.5,0,26.873837,-0.0061201398,0,-18.835301,-1.594654e-05,0
0.5,0,26.871468,-0.007632478,0,-18.826072,-1.4120665e-05,0
0.5,0,26.869222,-0.00945199,0,-18.816844,-1.2713732e-05,0
0.5,0,26.86715,-0.011500699,0,-18.807615,-1.1788884e-05,0
0.5,0,26.865281,-0.01369402,0,-18.798387,-1.1388897e-05,0
0.5,0,26.863619,-0.015939729,0,-18.789158,-1.1534622e-05,0
0.5,0,26.862153,-0.01814004,0,-18.77993,-1.2224679e-05,0
0.5,0,26.86086,-0.020197597,0,-18.770701,-1.3435976e-05,0
0.5,0,26.859707,-0.022022752,0,-18.761473,-1.5124824e-05,0
0.5,0,26.858659,-0.023537533,0,-18.752245,-1.7228066e-05,0
0.5,0,26.857686,-0.02468503,0,-18.743016,-1.9664366e-05,0
0.5,0,26.856763,-0.025422273,0,-18.733788,-2.2339076e-05,0
0.5,0,26.855863,-0.025710152,0,-18.724559,-2.5148581e-05,0
0.5,0,26.854959,-0.025527045,0,-18.715331,-2.7982849e-05,0
0.5,0,26.854032,-0.024874413,0,-18.706102,-3.0730073e-05,0
0.5,0,26.853074,-0.023774529,0,-18.696874,-3.3280885e-05,0
0.5,0,26.852087,-0.022268928,0,-18.687645,-3.5532507e-05,0
0.5,0,26.851088,-0.020414945,0,-18.678417,-3.7393376e-05,0
0.5,0,26.850099,-0.018283498,0,-18.669188,-3.878761e-05,0
0.5,0,26.849146,-0.01595717,0,-18.65996,-3.965849e-05,0
0.5,0,26.848256,-0.013527914,0,-18.650731,-3.9970678e-05,0
0.5,0,26.847446,-0.011094814,0,-18.641503,-3.9711448e-05,0
0.5,0,26.846725,-0.0087586926,0,-18.632274,-3.889136e-05,0
0.5,0,26.846091,-0.0066153936,0,-18.623046,-3.7544252e-05,0
0.5,0,26.845537,-0.0047511488,0,-18.613818,-3.5726159e-05,0
0.5,0,26.845052,-0.0032400206,0,-18.604589,-3.3512996e-05,0
0.5,0,26.844612,-0.0021425891,0,-18.595361,-3.0997208e-05,0
0.5,0,26.844186,-0.0015044167,0,-18.586132,-2.8283815e-05,0
0.5,0,26.843721,-0.0013531407,0,-18.576904,-2.5486103e-05,0
0.5,0,26.843141,-0.0016950608,0,-18.567675,-2.2720904e-05,0
0.5,0,26.842354,-0.002513559,0,-18.558447,-2.0103394e-05,0
0.5,0,26.841269,-0.0037703405,0,-18.549218,-1.77418e-05,0
0.5,0,26.839819,-0.0054086104,0,-18.53999,-1.5732641e-05,0
0.5,0,26.837966,-0.0073567694,0,-18.530761,-1.4156855e-05,0
0.5,0,26.835695,-0.0095318227,0,-18.521533,-1.3076669e-05,0
0.5,0,26.833013,-0.01184291,0,-18.512304,-1.2533288e-05,0
0.5,0,26.829963,-0.014193996,0,-18.503076,-1.254555e-05,0
0.5,0,26.826611,-0.016485299,0,-18.493847,-1.3109303e-05,0
0.5,0,26.823038,-0.018616721,0,-18.484619,-1.4197437e-05,0
0.5,0,26.819341,-0.020494424,0,-18.475391,-1.5761013e-05,0
0.5,0,26.815638,-0.02203985,0,-18.466162,-1.773162e-05,0
0.5,0,26.812042,-0.023196705,0,-18.456934,-2.0025011e-05,0
0.5,0,26.80864,-0.023930406,0,-18.447705,-2.254563e-05,0
0.5,0,26.80549,-0.024222163,0,-18.438477,-2.5190882e-05,0
0.5,0,26.802623,-0.024052815,0,-18.429248,-2.7854077e-05,0
0.5,0,26.800046,-0.023417367,0,-18.42002,-3.0426834e-05,0
0.5,0,26.797751,-0.022343986,0,-18.410791,-3.2803287e-05,0
0.5,0,26.795728,-0.020879578,0,-18.401563,-3.488609e-05,0
0.5,0,26.793959,-0.019084195,0,-18.392334,-3.6591144e-05,0
0.5,0,26.792428,-0.017025525,0,-18.383106,-3.7849882e-05,0
0.5,0,26.791119,-0.014774577,0,-18.373877,-3.8610383e-05,0
0.5,0,26.790018,-0.012417342,0,-18.364649,-3.8839078e-05,0
0.5,0,26.78911,-0.010062316,0,-18.35542,-3.8524e-05,0
0.5,0,26.788369,-0.0078197267,0,-18.346192,-3.7676982e-05,0
0.5,0,26.787763,-0.0057722939,0,-18.336964,-3.6331534e-05,0
0.5,0,26.78725,-0.0039794251,0,-18.327735,-3.4538391e-05,0
0.5,0,26.786935,-0.0025024244,0,-18.318507,-3.2363552e-05,0
0.5,0,26.786647,-0.0014029971,0,-18.309278,-2.9888473e-05,0
0.5,0,26.786274,-0.0007272708,0,-18.30005,-2.720755e-05,0
0.5,0,26.785918,-0.00049844842,0,-18.290821,-2.4423577e-05,0
0.5,0,26.785589,-0.00072421768,0,-18.281593,-2.1644393e-05,0
0.5,0,26.785381,-0.0014018924,0,-18.272364,-1.8979029e-05,0
0.5,0,26.78528,-0.002511237,0,-18.263136,-1.6532876e-05,0
0.5,0,26.785311,-0.004014347,0,-18.253907,-1.4403488e-05,0
0.5,0,26.785519,-0.0058554388,0,-18.244679,-1.2677392e-05,0
0.5,0,26.785919,-0.0079629042,0,-18.23545,-1.1427393e-05,0
0.5,0,26.786539,-0.010257862,0,-18.226222,-1.0709535e-05,0
0.5,0,26.78741,-0.012657402,0,-18.216993,-1.0560157e-05,0
0.5,0,26.788535,-0.015071767,0,-18.207765,-1.0994302e-05,0
0.5,0,26.789899,-0.017407585,0,-18.198537,-1.200521e-05,0
0.5,0,26.791476,-0.019576474,0,-18.189308,-1.3564093e-05,0
0.5,0,26.793234,-0.021497636,0,-18.18008,-1.5620679e-05,0
0.5,0,26.795136,-0.023095007,0,-18.170851,-1.8105313e-05,0
0.5,0,26.797136,-0.024300393,0,-18.161623,-2.0932221e-05,0
0.5,0,26.799187,-0.025063138,0,-18.152394,-2.4002813e-05,0
0.5,0,26.801256,-0.025355922,0,-18.143166,-2.7208789e-05,0
0.5,0,26.80332,-0.025172442,0,-18.133937,-3.043585e-05,0
0.5,0,26.805373,-0.024521831,0,-18.124709,-3.3568427e-05,0
0.5,0,26.807416,-0.02342673,0,-18.11548,-3.6494785e-05,0
0.5,0,26.809453,-0.02192564,0,-18.106252,-3.9111412e-05,0
0.5,0,26.811481,-0.020074189,0,-18.097023,-4.1326449e-05,0
0.5,0,26.813497,-0.017942893,0,-18.087795,-4.306261e-05,0
0.5,0,26.815484,-0.015612967,0,-18.078566,-4.4259986e-05,0
0.5,0,26.817416,-0.013172645,0,-18.069338,-4.4878579e-05,0
0.5,0,26.819254,-0.010714557,0,-18.06011,-4.4900154e-05,0
0.5,0,26.820959,-0.0083323002,0,-18.050881,-4.4329139e-05,0
0.5,0,26.822501,-0.0061170809,0,-18.041653,-4.3192637e-05,0
0.5,0,26.823867,-0.0041539103,0,-18.032424,-4.1539582e-05,0
0.5,0,26.825071,-0.0025157624,0,-18.023196,-3.9438799e-05,0
0.5,0,26.826152,-0.0012588661,0,-18.013967,-3.6975807e-05,0
0.5,0,26.827168,-0.00042342165,0,-18.004739,-3.4248977e-05,0
0.5,0,26.828191,-3.7842804e-05,0,-17.99551,-3.1365956e-05,0
0.5,0,26.829304,-0.00011984605,0,-17.986282,-2.8440457e-05,0
0.5,0,26.830579,-0.00067188058,0,-17.977053,-2.5588641e-05,0
0.5,0,26.832055,-0.0016758956,0,-17.967825,-2.2924535e-05,0
0.5,0,26.833734,-0.0030935121,0,-17.958596,-2.0555063e-05,0
0.5,0,26.835592,-0.0048712944,0,-17.949368,-1.8575681e-05,0
0.5,0,26.837571,-0.006945877,0,-17.940139,-1.706706e-05,0
0.5,0,26.839599,-0.0092458238,0,-17.930911,-1.6092479e-05,0
0.5,0,26.841634,-0.011692196,0,-17.921683,-1.5695649e-05,0
0.5,0,26.843647,-0.014200135,0,-17.912454,-1.5899058e-05,0
0.5,0,26.845562,-0.016681698,0,-17.903226,-1.6703033e-05,0
0.5,0,26.847249,-0.019049476,0,-17.893997,-1.8085721e-05,0
0.5,0,26.848614,-0.021219967,0,-17.884769,-2.0004107e-05,0
0.5,0,26.849666,-0.023116501,0,-17.87554,-2.2395744e-05,0
0.5,0,26.850491,-0.024671425,0,-17.866312,-2.5180912e-05,0
0.5,0,26.851202,-0.025827422,0,-17.857083,-2.8265354e-05,0
0.5,0,26.851895,-0.026539398,0,-17.847855,-3.1543492e-05,0
0.5,0,26.85263,-0.026776841,0,-17.838626,-3.4902013e-05,0
0.5,0,26.85342,-0.026526095,0,-17.829398,-3.8223917e-05,0
0.5,0,26.854226,-0.025792643,0,-17.820169,-4.1392948e-05,0
0.5,0,26.854965,-0.024602442,0,-17.810941,-4.4298036e-05,0
0.5,0,26.855534,-0.023000284,0,-17.801712,-4.6837462e-05,0
0.5,0,26.855846,-0.021045084,0,-17.792484,-4.8922562e-05,0
0.5,0,26.855844,-0.018805372,0,-17.783256,-5.048087e-05,0
0.5,0,26.855505,-0.01635804,0,-17.774027,-5.1458618e-05,0
0.5,0,26.854841,-0.013788591,0,-17.764799,-5.1822557e-05,0
0.5,0,26.853893,-0.01119097,0,-17.75557,-5.1561341e-05,0
0.5,0,26.852737,-0.0086668312,0,-17.746342,-5.0686634e-05,0
0.5,0,26.85142,-0.0063222699,0,-17.737113,-4.9233638e-05,0
0.5,0,26.850065,-0.0042536194,0,-17.727885,-4.7260306e-05,0
0.5,0,26.848674,-0.0025316145,0,-17.718656,-4.4844128e-05,0
0.5,0,26.847292,-0.0012099961,0,-17.709428,-4.2077221e-05,0
0.5,0,26.84605,-0.00033639092,0,-17.700199,-3.9062866e-05,0
0.5,0,26.8449,5.4373049e-05,0,-17.690971,-3.5913817e-05,0
0.5,0,26.843818,-5.3416489e-05,0,-17.681742,-3.2748607e-05,0
0.5,0,26.842783,-0.0006556603,0,-17.672514,-2.9685793e-05,0
0.5,0,26.841854,-0.0017291852,0,-17.663285,-2.6839398e-05,0
0.5,0,26.841099,-0.0032323758,0,-17.654057,-2.4315363e-05,0
0.5,0,26.84052,-0.0051063995,0,-17.644829,-2.2207929e-05,0
0.5,0,26.840102,-0.0072778495,0,-17.6356,-2.0596507e-05,0
0.5,0,26.839845,-0.009665002,0,-17.626372,-1.9542814e-05,0
0.5,0,26.839765,-0.012182691,0,-17.617143,-1.908799e-05,0
0.5,0,26.839886,-0.014740684,0,-17.607915,-1.9250722e-05,0
0.5,0,26.840222,-0.017242562,0,-17.598686,-2.0026853e-05,0
0.5,0,26.840765,-0.019592292,0,-17.589458,-2.1389903e-05,0
0.5,0,26.841478,-0.021702503,0,-17.580229,-2.3292094e-05,0
0.5,0,26.842286,-0.02349819,0,-17.571001,-2.5666007e-05,0
0.5,0,26.843091,-0.024917849,0,-17.561772,-2.8427095e-05,0
0.5,0,26.843791,-0.025914201,0,-17.552544,-3.1477089e-05,0
0.5,0,26.844279,-0.026455481,0,-17.543315,-3.4707934e-05,0
0.5,0,26.844501,-0.02652627,0,-17.534087,-3.8005774e-05,0
0.5,0,26.844383,-0.026128374,0,-17.524858,-4.125488e-05,0
0.5,0,26.84397,-0.025278543,0,-17.51563,-4.4341392e-05,0
0.5,0,26.843268,-0.024007688,0,-17.506402,-4.7157064e-05,0
0.5,0,26.842365,-0.022361769,0,-17.497173,-4.9603128e-05,0
0.5,0,26.841364,-0.020397691,0,-17.487945,-5.1593784e-05,0
0.5,0,26.840211,-0.018181154,0,-17.478716,-5.3059323e-05,0
0.5,0,26.838985,-0.015785082,0,-17.469488,-5.3948687e-05,0
0.5,0,26.837677,-0.013290545,0,-17.460259,-5.4230622e-05,0
0.5,0,26.836235,-0.010785184,0,-17.451031,-5.3894141e-05,0
0.5,0,26.834592,-0.0083547489,0,-17.441802,-5.294933e-05,0
0.5,0,26.832675,-0.0060803363,0,-17.432574,-5.142765e-05,0
0.5,0,26.830441,-0.0040390363,0,-17.423345,-4.9380946e-05,0
0.5,0,26.827883,-0.0023014128,0,-17.414117,-4.6879503e-05,0
0.5,0,26.825043,-0.00092835506,0,-17.404888,-4.4009522e-05,0
0.5,0,26.822016,3.0921941e-05,0,-17.39566,-4.087004e-05,0
0.5,0,26.818937,0.00054071638,0,-17.386431,-3.7569435e-05,0
0.5,0,26.81596,0.0005804021,0,-17.377203,-3.4221729e-05,0
0.5,0,26.813226,0.0001452071,0,-17.367975,-3.094272e-05,0
0.5,0,26.810839,-0.00075340418,0,-17.358746,-2.7846046e-05,0
0.5,0,26.808849,-0.0020875131,0,-17.349518,-2.503931e-05,0
0.5,0,26.807254,-0.0038133331,0,-17.340289,-2.2620461e-05,0
0.5,0,26.806006,-0.0058734571,0,-17.331061,-2.0674588e-05,0
0.5,0,26.805023,-0.0081998042,0,-17.321832,-1.9271263e-05,0
0.5,0,26.804213,-0.010715875,0,-17.312604,-1.8462382e-05,0
0.5,0,26.803481,-0.01333666,0,-17.303375,-1.8280289e-05,0
0.5,0,26.802739,-0.015967422,0,-17.294147,-1.8735991e-05,0
0.5,0,26.801905,-0.018506928,0,-17.284918,-1.9817766e-05,0
0.5,0,26.800914,-0.020858073,0,-17.27569,-2.1491115e-05,0
0.5,0,26.799729,-0.022939951,0,-17.266461,-2.3700698e-05,0
0.5,0,26.798344,-0.024690685,0,-17.257233,-2.6373554e-05,0
0.5,0,26.796791,-0.026058906,0,-17.248004,-2.942208e-05,0
0.5,0,26.795129,-0.026995292,0,-17.238776,-3.2746013e-05,0
0.5,0,26.793433,-0.027456038,0,-17.229548,-3.6234197e-05,0
0.5,0,26.791778,-0.027415387,0,-17.220319,-3.9767697e-05,0
0.5,0,26.79023,-0.026873946,0,-17.211091,-4.3224658e-05,0
0.5,0,26.788828,-0.025856294,0,-17.201862,-4.6485769e-05,0
0.5,0,26.787578,-0.024403644,0,-17.192634,-4.9438979e-05,0
0.5,0,26.786482,-0.022568758,0,-17.183405,-5.1983139e-05,0
0.5,0,26.78554,-0.020414056,0,-17.174177,-5.403095e-05,0
0.5,0,26.78469,-0.018010246,0,-17.164948,-5.5511433e-05,0
0.5,0,26.783808,-0.01543473,0,-17.15572,-5.6372057e-05,0
0.5,0,26.782857,-0.012771635,0,-17.146491,-5.6580592e-05,0
0.5,0,26.781955,-0.010110703,0,-17.137263,-5.6126565e-05,0
0.5,0,26.781262,-0.0075409841,0,-17.128034,-5.5021709e-05,0
0.5,0,26.780862,-0.0051447909,0,-17.118806,-5.3299118e-05,0
0.5,0,26.780698,-0.0029980433,0,-17.109577,-5.1011776e-05,0
0.5,0,26.780686,-0.0011714176,0,-17.100349,-4.8230865e-05,0
0.5,0,26.780792,0.00027316337,0,-17.091121,-4.5043639e-05,0
0.5,0,26.781001,0.0012865068,0,-17.081892,-4.1550696e-05,0
0.5,0,26.781259,0.0018339153,0,-17.072664,-3.7862648e-05,0
0.5,0,26.781469,0.0018956084,0,-17.063435,-3.4096367e-05,0
0.5,0,26.781534,0.0014670093,0,-17.054207,-3.0371009e-05,0
0.5,0,26.781391,0.00056006122,0,-17.044978,-2.68041e-05,0
0.5,0,26.78103,-0.00079550323,0,-17.03575,-2.3508021e-05,0
0.5,0,26.780486,-0.0025538664,0,-17.026521,-2.0586835e-05,0
0.5,0,26.779821,-0.004658164,0,-17.017293,-1.8132982e-05,0
0.5,0,26.779088,-0.0070440272,0,-17.008064,-1.6223911e-05,0
0.5,0,26.778312,-0.0096389505,0,-16.998836,-1.491938e-05,0
0.5,0,26.777491,-0.012361439,0,-16.989607,-1.4259871e-05,0
0.5,0,26.776604,-0.015123779,0,-16.980379,-1.4265835e-05,0
0.5,0,26.775627,-0.017836521,0,-16.97115,-1.4937167e-05,0
0.5,0,26.774547,-0.020411869,0,-16.961922,-1.625295e-05,0
0.5,0,26.773368,-0.022765778,0,-16.952694,-1.8171762e-05,0
0.5,0,26.772113,-0.024820088,0,-16.943465,-2.0632487e-05,0
0.5,0,26.770825,-0.026504987,0,-16.934237,-2.3555787e-05,0
0.5,0,26.769567,-0.02776159,0,-16.925008,-2.6846364e-05,0
0.5,0,26.768407,-0.028544933,0,-16.91578,-3.0395884e-05,0
0.5,0,26.767403,-0.028826422,0,-16.906551,-3.4086439e-05,0
0.5,0,26.766595,-0.028595043,0,-16.897323,-3.7794437e-05,0
0.5,0,26.766003,-0.027857328,0,-16.888094,-4.1394779e-05,0
0.5,0,26.765633,-0.02663629,0,-16.878866,-4.4765115e-05,0
0.5,0,26.765485,-0.024969725,0,-16.869637,-4.7790006e-05,0
0.5,0,26.76556,-0.022908766,0,-16.860409,-5.0364815e-05,0
0.5,0,26.765859,-0.020516596,0,-16.85118,-5.2399205e-05,0
0.5,0,26.766371,-0.017866887,0,-16.841952,-5.3820137e-05,0
0.5,0,26.767061,-0.01504216,0,-16.832723,-5.4574245e-05,0
0.5,0,26.76787,-0.012132172,0,-16.823495,-5.4629661e-05,0
0.5,0,26.768725,-0.0092314372,0,-16.814267,-5.397728e-05,0
0.5,0,26.769553,-0.0064355855,0,-16.805038,-5.2631276e-05,0
0.5,0,26.770301,-0.0038377393,0,-16.79581,-5.0628875e-05,0
0.5,0,26.770945,-0.0015252354,0,-16.786581,-4.8029416e-05,0
0.5,0,26.771497,0.000423598,0,-16.777353,-4.4912556e-05,0
0.5,0,26.772006,0.0019428558,0,-16.768124,-4.137563e-05,0
0.5,0,26.772547,0.0029822786,0,-16.758896,-3.7530319e-05,0
0.5,0,26.773202,0.0035087137,0,-16.749667,-3.3498869e-05,0
0.5,0,26.774046,0.0035057182,0,-16.740439,-2.9410068e-05,0
0.5,0,26.775129,0.0029729398,0,-16.73121,-2.5395164e-05,0
0.5,0,26.776475,0.0019258279,0,-16.721982,-2.1583728e-05,0
0.5,0,26.778065,0.00039558468,0,-16.712753,-1.8099457e-05,0
0.5,0,26.77985,-0.0015711443,0,-16.703525,-1.5056032e-05,0
0.5,0,26.781796,-0.0039135973,0,-16.694296,-1.2553308e-05,0
0.5,0,26.783891,-0.0065589231,0,-16.685068,-1.067401e-05,0
0.5,0,26.786096,-0.0094239942,0,-16.67584,-9.4809579e-06,0
0.5,0,26.788326,-0.012417624,0,-16.666611,-9.0148248e-06,0
0.5,0,26.790476,-0.015443311,0,-16.657383,-9.2926279e-06,0
0.5,0,26.792442,-0.018401841,0,-16.648154,-1.0307204e-05,0
0.5,0,26.794116,-0.021194749,0,-16.638926,-1.2027734e-05,0
0.5,0,26.795378,-0.02372992,0,-16.629697,-1.4400901e-05,0
0.5,0,26.796099,-0.025925381,0,-16.620469,-1.7352446e-05,0
0.5,0,26.79614,-0.027709736,0,-16.61124,-2.0789528e-05,0
0.5,0,26.795363,-0.02902343,0,-16.602012,-2.4603957e-05,0
0.5,0,26.793644,-0.029822039,0,-16.592783,-2.8675866e-05,0
0.5,0,26.790883,-0.030079881,0,-16.583555,-3.2877451e-05,0
0.5,0,26.787023,-0.029790743,0,-16.574326,-3.7076674e-05,0
0.5,0,26.782062,-0.028965484,0,-16.565098,-4.114121e-05,0
0.5,0,26.776063,-0.02763035,0,-16.555869,-4.4942646e-05,0
0.5,0,26.76916,-0.025827704,0,-16.546641,-4.836067e-05,0
0.5,0,26.761558,-0.023616317,0,-16.537412,-5.1287054e-05,0
0.5,0,26.753516,-0.021070208,0,-16.528184,-5.3629398e-05,0
0.5,0,26.745331,-0.018275596,0,-16.518956,-5.5314527e-05,0
0.5,0,26.737307,-0.015326178,0,-16.509727,-5.6291208e-05,0
0.5,0,26.729716,-0.01231797,0,-16.500499,-5.6531599e-05,0
0.5,0,26.722778,-0.0093452059,0,-16.49127,-5.60315e-05,0
0.5,0,26.716675,-0.0064979044,0,-16.482042,-5.4809828e-05,0
0.5,0,26.711536,-0.0038604063,0,-16.472813,-5.2907503e-05,0
0.5,0,26.707428,-0.0015113308,0,-16.463585,-5.0385943e-05,0
0.5,0,26.704348,0.00047638825,0,-16.454356,-4.7325305e-05,0
0.5,0,26.702246,0.002037827,0,-16.445128,-4.3822275e-05,0
0.5,0,26.701054,0.0031210741,0,-16.435899,-3.9987182e-05,0
0.5,0,26.700686,0.0036920034,0,-16.426671,-3.5940416e-05,0
0.5,0,26.701031,0.003736144,0,-16.417442,-3.1808312e-05,0
0.5,0,26.701942,0.0032575304,0,-16.408214,-2.7718924e-05,0
0.5,0,26.70325,0.0022761621,0,-16.398985,-2.3797995e-05,0
0.5,0,26.704789,0.0008256106,0,-16.389757,-2.0165254e-05,0
0.5,0,26.706422,-0.0010484468,0,-16.380529,-1.6931006e-05,0
0.5,0,26.708061,-0.0032889654,0,-16.3713,-1.419303e-05,0
0.5,0,26.709645,-0.0058283105,0,-16.362072,-1.203391e-05,0
0.5,0,26.711126,-0.0085896479,0,-16.352843,-1.0518793e-05,0
0.5,0,26.71244,-0.011489366,0,-16.343615,-9.6934921e-06,0
0.5,0,26.713513,-0.014439862,0,-16.334386,-9.5829695e-06,0
0.5,0,26.714281,-0.017351514,0,-16.325158,-1.0190351e-05,0
0.5,0,26.714715,-0.020134716,0,-16.315929,-1.1496706e-05,0
0.5,0,26.714827,-0.022702334,0,-16.306701,-1.3461712e-05,0
0.5,0,26.714654,-0.024973232,0,-16.297472,-1.6025039e-05,0
0.5,0,26.714256,-0.026876719,0,-16.288244,-1.9108318e-05,0
0.5,0,26.713713,-0.02835619,0,-16.279015,-2.2617715e-05,0
0.5,0,26.713114,-0.02937112,0,-16.269787,-2.644696e-05,0
0.5,0,26.712529,-0.029896899,0,-16.260558,-3.0480691e-05,0
0.5,0,26.712004,-0.0299235,0,-16.25133,-3.4597978e-05,0
0.5,0,26.711554,-0.029454394,0,-16.242102,-3.8675851e-05,0
0.5,0,26.711171,-0.028506215,0,-16.232873,-4.259269e-05,0
0.5,0,26.710836,-0.027108588,0,-16.223645,-4.6231455e-05,0
0.5,0,26.710521,-0.025303511,0,-16.214416,-4.9482817e-05,0
0.5,0,26.7102,-0.023144023,0,-16.205188,-5.2248203e-05,0
0.5,0,26.709849,-0.020692527,0,-16.195959,-5.4442683e-05,0
0.5,0,26.709448,-0.018019033,0,-16.186731,-5.5997561e-05,0
0.5,0,26.708993,-0.015198801,0,-16.177502,-5.6862515e-05,0
0.5,0,26.708495,-0.012310348,0,-16.168274,-5.7007209e-05,0
0.5,0,26.707968,-0.0094341734,0,-16.159045,-5.6422337e-05,0
0.5,0,26.707431,-0.0066519131,0,-16.149817,-5.5120038e-05,0
0.5,0,26.706906,-0.0040439226,0,-16.140588,-5.3133681e-05,0
0.5,0,26.706435,-0.001689745,0,-16.13136,-5.0517388e-05,0
0.5,0,26.706045,0.00032104657,0,-16.122131,-4.7345628e-05,0
0.5,0,26.705747,0.0019437373,0,-16.112903,-4.3709902e-05,0
0.5,0,26.705583,0.003256867,0,-16.103675,-3.9706038e-05,0
0.5,0,26.705245,0.0040752236,0,-16.094446,-3.5444127e-05,0
0.5,0,26.70479,0.0042251734,0,-16.085218,-3.1050281e-05,0
0.5,0,26.704528,0.0039583147,0,-16.075989,-2.665188e-05,0
0.5,0,26.704327,0.0033223258,0,-16.066761,-2.2374831e-05,0
0.5,0,26.704152,0.0021824275,0,-16.057532,-1.8336176e-05,0
0.5,0,26.704036,0.00057823006,0,-16.048304,-1.4646411e-05,0
0.5,0,26.704006,-0.0014094548,0,-16.039075,-1.1410549e-05,0
0.5,0,26.704221,-0.0037305078,0,-16.029847,-8.7220748e-06,0
0.5,0,26.704835,-0.0063272548,0,-16.020618,-6.6588981e-06,0
0.5,0,26.705176,-0.0091240191,0,-16.01139,-5.2791149e-06,0
0.5,0,26.705755,-0.012052856,0,-16.002161,-4.6227383e-06,0
0.5,0,26.706816,-0.015031442,0,-15.992933,-4.7103836e-06,0
0.5,0,26.707551,-0.017953359,0,-15.983704,-5.5385143e-06,0
0.5,0,26.708144,-0.020729593,0,-15.974476,-7.0816769e-06,0
0.5,0,26.708562,-0.0232804,0,-15.965248,-9.2936436e-06,0
0.5,0,26.708679,-0.025531104,0,-15.956019,-1.2108844e-05,0
0.5,0,26.708438,-0.027416984,0,-15.946791,-1.5444421e-05,0
0.5,0,26.707814,-0.028884532,0,-15.937562,-1.9202708e-05,0
0.5,0,26.706822,-0.029892109,0,-15.928334,-2.3274022e-05,0
0.5,0,26.705515,-0.030410944,0,-15.919105,-2.7539666e-05,0
0.5,0,26.703971,-0.030425969,0,-15.909877,-3.1875103e-05,0
0.5,0,26.702255,-0.029936209,0,-15.900648,-3.6153303e-05,0
0.5,0,26.700391,-0.028954644,0,-15.89142,-4.0248201e-05,0
0.5,0,26.698335,-0.027507732,0,-15.882191,-4.4038181e-05,0
0.5,0,26.69597,-0.025634784,0,-15.872963,-4.7409477e-05,0
0.5,0,26.693124,-0.023387346,0,-15.863734,-5.0259452e-05,0
0.5,0,26.689609,-0.020828468,0,-15.854506,-5.2499742e-05,0
0.5,0,26.685268,-0.018031464,0,-15.845277,-5.4059162e-05,0
0.5,0,26.680014,-0.015077746,0,-15.836049,-5.4886156e-05,0
0.5,0,26.673846,-0.012052623,0,-15.826821,-5.4950516e-05,0
0.5,0,26.666845,-0.0090409412,0,-15.817592,-5.4244198e-05,0
0.5,0,26.659161,-0.0061245657,0,-15.808364,-5.2781302e-05,0
0.5,0,26.650988,-0.0033805404,0,-15.799135,-5.0597397e-05,0
0.5,0,26.642539,-0.00088014165,0,-15.789907,-4.7748393e-05,0
0.5,0,26.63402,0.0013110186,0,-15.780678,-4.4309047e-05,0
0.5,0,26.625616,0.0031323494,0,-15.77145,-4.0371234e-05,0
0.5,0,26.617489,0.0045283732,0,-15.762221,-3.6041973e-05,0
0.5,0,26.609785,0.0054512424,0,-15.752993,-3.1441064e-05,0
0.5,0,26.60264,0.0058659214,0,-15.743764,-2.6697979e-05,0
0.5,0,26.596172,0.0057547525,0,-15.734536,-2.1947805e-05,0
0.5,0,26.590475,0.0051173396,0,-15.725307,-1.732671e-05,0
0.5,0,26.585607,0.003968964,0,-15.716079,-1.2967599e-05,0
0.5,0,26.581589,0.0023384642,0,-15.70685,-8.9956007e-06,0
0.5,0,26.57845,0.00023790465,0,-15.697622,-5.5240683e-06,0
0.5,0,26.576365,-0.0023953895,0,-15.688394,-2.6543504e-06,0
0.5,0,26.575599,-0.0053342983,0,-15.679165,-4.7305673e-07,0
0.5,0,26.575685,-0.0062641167,0,-15.676112,-2.5804012e-15,0
0.5,0,26.570995,-0.019764445,0,-15.633023,-1.484321e-06,0
0.5,0,26.57268,-0.016976593,0,-15.640397,-2.5804012e-15,0
0.5,0,26.569287,-0.023032243,0,-15.623794,-4.1180863e-06,0
0.5,0,26.567779,-0.025806155,0,-15.614566,-7.4433455e-06,0
0.5,0,26.566228,-0.028104728,0,-15.605337,-1.136361e-05,0
0.5,0,26.564739,-0.029884791,0,-15.596109,-1.5773442e-05,0
0.5,0,26.563531,-0.031123698,0,-15.58688,-2.0555899e-05,0
0.5,0,26.562714,-0.031826413,0,-15.577652,-2.5585377e-05,0
0.5,0,26.562225,-0.032019369,0,-15.568423,-3.0727624e-05,0
0.5,0,26.561887,-0.031726402,0,-15.559195,-3.5838839e-05,0
0.5,0,26.561503,-0.030929928,0,-15.549967,-4.0772708e-05,0
0.5,0,26.560902,-0.029588089,0,-15.540738,-4.5391617e-05,0
0.5,0,26.559971,-0.027700845,0,-15.53151,-4.9571255e-05,0
0.5,0,26.558673,-0.025342636,0,-15.522281,-5.3197614e-05,0
0.5,0,26.557036,-0.022627727,0,-15.513053,-5.6165531e-05,0
0.5,0,26.555155,-0.019657237,0,-15.503824,-5.8384416e-05,0
0.5,0,26.553224,-0.01650351,0,-15.494596,-5.9787329e-05,0
0.5,0,26.55149,-0.013232984,0,-15.485367,-6.0336387e-05,0
0.5,0,26.550114,-0.0099312143,0,-15.476139,-6.0022123e-05,0
0.5,0,26.549105,-0.0067030036,0,-15.46691,-5.8859477e-05,0
0.5,0,26.548371,-0.0036504153,0,-15.457682,-5.6883918e-05,0
0.5,0,26.547812,-0.00084970302,0,-15.448453,-5.4149163e-05,0
0.5,0,26.547358,0.001653156,0,-15.439225,-5.0725993e-05,0
0.5,0,26.546969,0.0038240555,0,-15.429996,-4.6701122e-05,0
0.5,0,26.546613,0.0056164619,0,-15.420768,-4.217602e-05,0
0.5,0,26.546252,0.0069631617,0,-15.41154,-3.7266263e-05,0
0.5,0,26.545823,0.0077930494,0,-15.402311,-3.2100584e-05,0
0.5,0,26.545256,0.008055309,0,-15.393083,-2.6818182e-05,0
0.5,0,26.544513,0.0077361302,0,-15.383854,-2.1562848e-05,0
0.5,0,26.543607,0.0068662476,0,-15.374626,-1.6474704e-05,0
0.5,0,26.542715,0.0054937152,0,-15.365397,-1.1683826e-05,0
0.5,0,26.542196,0.0035836984,0,-15.356169,-7.309325e-06,0
0.5,0,26.542902,0.00093316299,0,-15.34694,-3.4656987e-06,0
0.5,0,26.54584,-0.0021232922,0,-15.337712,-2.5468145e-07,0
0.5,0,26.54633,-0.0023873499,0,-15.336773,-2.5804012e-15,0
0.5,0,26.569138,-0.020786995,0,-15.273113,-1.0161663e-07,0
0.5,0,26.569082,-0.020636178,0,-15.273492,-2.5804012e-15,0
0.5,0,26.570752,-0.024521871,0,-15.263884,-3.2892906e-06,0
0.5,0,26.572693,-0.02752355,0,-15.254656,-7.1010684e-06,0
0.5,0,26.574422,-0.029748762,0,-15.245427,-1.1434194e-05,0
0.5,0,26.575782,-0.031285229,0,-15.236199,-1.6185301e-05,0
0.5,0,26.577121,-0.0322225,0,-15.22697,-2.1241176e-05,0
0.5,0,26.578766,-0.032650457,0,-15.217742,-2.6468363e-05,0
0.5,0,26.580728,-0.032567775,0,-15.208513,-3.172491e-05,0
0.5,0,26.582696,-0.031942192,0,-15.199285,-3.6871409e-05,0
0.5,0,26.584233,-0.030776384,0,-15.190056,-4.177192e-05,0
0.5,0,26.585044,-0.029100768,0,-15.180828,-4.6293693e-05,0
0.5,0,26.585106,-0.02695529,0,-15.171599,-5.0311642e-05,0
0.5,0,26.584612,-0.024407104,0,-15.162371,-5.3712747e-05,0
0.5,0,26.583796,-0.021555656,0,-15.153142,-5.6398418e-05,0
0.5,0,26.582645,-0.018482938,0,-15.143914,-5.828858e-05,0
0.5,0,26.581456,-0.015237063,0,-15.134686,-5.932804e-05,0
0.5,0,26.581278,-0.011926425,0,-15.125457,-5.9490293e-05,0
0.5,0,26.580927,-0.0086119102,0,-15.116229,-5.8776607e-05,0
0.5,0,26.57998,-0.0053370025,0,-15.107,-5.7210806e-05,0
0.5,0,26.579559,-0.0022198616,0,-15.097772,-5.4834107e-05,0
0.5,0,26.579202,0.0006641106,0,-15.088543,-5.1703623e-05,0
0.5,0,26.578654,0.0032644818,0,-15.079315,-4.7892981e-05,0
0.5,0,26.577751,0.0055268879,0,-15.070086,-4.3493784e-05,0
0.5,0,26.576288,0.0073795425,0,-15.060858,-3.8615723e-05,0
0.5,0,26.574091,0.0087391889,0,-15.051629,-3.3383923e-05,0
0.5,0,26.571088,0.0095358116,0,-15.042401,-2.7934016e-05,0
0.5,0,26.56739,0.0097406981,0,-15.033172,-2.2406344e-05,0
0.5,0,26.563322,0.0093653376,0,-15.023944,-1.6940054e-05,0
0.5,0,26.559468,0.008387066,0,-15.014715,-1.1670207e-05,0
0.5,0,26.556784,0.0065902793,0,-15.005487,-6.7320073e-06,0
0.5,0,26.556684,0.003887694,0,-14.996259,-2.2673873e-06,0
0.5,0,26.558432,0.0023059031,0,-14.990856,-2.5804012e-15,0
0.5,0,26.547075,-0.024384317,0,-14.903974,-1.1294581e-06,0
0.5,0,26.54918,-0.023111427,0,-14.906779,-2.5804012e-15,0
0.5,0,26.541302,-0.028206621,0,-14.894745,-5.5313636e-06,0
0.5,0,26.536845,-0.030931164,0,-14.885517,-1.0511432e-05,0
0.5,0,26.533098,-0.032861362,0,-14.876288,-1.5939318e-05,0
0.5,0,26.529893,-0.034081597,0,-14.86706,-2.1684715e-05,0
0.5,0,26.527471,-0.034594655,0,-14.857832,-2.761482e-05,0
0.5,0,26.52595,-0.034427326,0,-14.848603,-3.3592535e-05,0
0.5,0,26.525125,-0.033635871,0,-14.839375,-3.9474919e-05,0
0.5,0,26.524615,-0.032320406,0,-14.830146,-4.5109658e-05,0
0.5,0,26.524109,-0.030572098,0,-14.820918,-5.0337279e-05,0
0.5,0,26.523484,-0.028409976,0,-14.811689,-5.5005019e-05,0
0.5,0,26.522751,-0.025804789,0,-14.802461,-5.8983422e-05,0
0.5,0,26.521948,-0.022767355,0,-14.793232,-6.2172177e-05,0
0.5,0,26.521088,-0.019395559,0,-14.784004,-6.4495014e-05,0
0.5,0,26.520192,-0.015839331,0,-14.774775,-6.5894047e-05,0
0.5,0,26.519325,-0.012231884,0,-14.765547,-6.6331124e-05,0
0.5,0,26.518575,-0.0086509275,0,-14.756318,-6.5794549e-05,0
0.5,0,26.517998,-0.0051315205,0,-14.74709,-6.4303986e-05,0
0.5,0,26.51758,-0.001708891,0,-14.737861,-6.1908285e-05,0
0.5,0,26.517248,0.0015458079,0,-14.728633,-5.8677058e-05,0
0.5,0,26.516906,0.0045231256,0,-14.719405,-5.4692197e-05,0
0.5,0,26.516472,0.0071043826,0,-14.710176,-5.0045471e-05,0
0.5,0,26.515887,0.0091953685,0,-14.700948,-4.4842377e-05,0
0.5,0,26.515117,0.010738874,0,-14.691719,-3.9206049e-05,0
0.5,0,26.514148,0.011706846,0,-14.682491,-3.3274861e-05,0
0.5,0,26.512995,0.012095619,0,-14.673262,-2.7193053e-05,0
0.5,0,26.511723,0.011921016,0,-14.664034,-2.1099454e-05,0
0.5,0,26.510542,0.011163005,0,-14.654805,-1.5123563e-05,0
0.5,0,26.510005,0.0096078877,0,-14.645577,-9.3949876e-06,0
0.5,0,26.511475,0.0069174303,0,-14.636348,-4.0621897e-06,0
0.5,0,26.515262,0.0043415767,0,-14.628543,-2.5804012e-15,0
0.5,0,26.516794,-0.025786342,0,-14.525607,-1.3165837e-06,0
0.5,0,26.518042,-0.024689806,0,-14.528377,-2.5804012e-15,0
0.5,0,26.514457,-0.029214886,0,-14.516378,-6.3199897e-06,0
0.5,0,26.513593,-0.031610683,0,-14.50715,-1.1797046e-05,0
0.5,0,26.513098,-0.033144504,0,-14.497921,-1.7601167e-05,0
0.5,0,26.512486,-0.033833639,0,-14.488693,-2.3605946e-05,0
0.5,0,26.511858,-0.033724581,0,-14.479464,-2.9688193e-05,0
0.5,0,26.511345,-0.032978302,0,-14.470236,-3.5709461e-05,0
0.5,0,26.510872,-0.031753669,0,-14.461007,-4.1512265e-05,0
0.5,0,26.510233,-0.030142522,0,-14.451779,-4.6929793e-05,0
0.5,0,26.509268,-0.028146317,0,-14.442551,-5.1803245e-05,0
0.5,0,26.507976,-0.025703407,0,-14.433322,-5.6000723e-05,0
0.5,0,26.506455,-0.022789644,0,-14.424094,-5.9424487e-05,0
0.5,0,26.504857,-0.019504976,0,-14.414865,-6.2000408e-05,0
0.5,0,26.503318,-0.016041089,0,-14.405637,-6.3664544e-05,0
0.5,0,26.501983,-0.012559789,0,-14.396408,-6.4364474e-05,0
0.5,0,26.500952,-0.0091071439,0,-14.38718,-6.4073142e-05,0
0.5,0,26.500203,-0.0056406813,0,-14.377951,-6.2799219e-05,0
0.5,0,26.499667,-0.0021329821,0,-14.368723,-6.0584112e-05,0
0.5,0,26.499242,0.0013439676,0,-14.359494,-5.7489495e-05,0
0.5,0,26.498833,0.0046220378,0,-14.350266,-5.3586743e-05,0
0.5,0,26.498378,0.0075125125,0,-14.341037,-4.895662e-05,0
0.5,0,26.497839,0.0098828972,0,-14.331809,-4.3696837e-05,0
0.5,0,26.49719,0.011684553,0,-14.32258,-3.7927458e-05,0
0.5,0,26.496409,0.012933683,0,-14.313352,-3.178593e-05,0
0.5,0,26.495512,0.013668571,0,-14.304124,-2.5412013e-05,0
0.5,0,26.494671,0.013870794,0,-14.294895,-1.8933957e-05,0
0.5,0,26.494411,0.013288447,0,-14.285667,-1.2472467e-05,0
0.5,0,26.496171,0.011318989,0,-14.276438,-6.1671144e-06,0
0.5,0,26.501302,0.0086780274,0,-14.26721,-1.6480122e-07,0
0.5,0,26.501507,0.0086342596,0,-14.266937,-2.5804012e-15,0
0.5,0,26.497098,-0.030375976,0,-14.128783,-4.1944227e-06,0
0.5,0,26.498555,-0.027885357,0,-14.135262,-2.5804012e-15,0
0.5,0,26.496534,-0.03302961,0,-14.119554,-1.0611945e-05,0
0.5,0,26.496747,-0.034417646,0,-14.110326,-1.7329825e-05,0
0.5,0,26.497081,-0.034977551,0,-14.101097,-2.4201418e-05,0
0.5,0,26.497729,-0.034867464,0,-14.091869,-3.1074844e-05,0
0.5,0,26.499008,-0.034170779,0,-14.08264,-3.7792223e-05,0
0.5,0,26.500861,-0.032923506,0,-14.073412,-4.4195495e-05,0
0.5,0,26.502857,-0.031140821,0,-14.064183,-5.0135218e-05,0
0.5,0,26.504492,-0.028876399,0,-14.054955,-5.5471611e-05,0
0.5,0,26.505502,-0.026202802,0,-14.045726,-6.0074888e-05,0
0.5,0,26.505953,-0.023161733,0,-14.036498,-6.3833937e-05,0
0.5,0,26.506103,-0.019783406,0,-14.02727,-6.6665474e-05,0
0.5,0,26.506222,-0.016133769,0,-14.018041,-6.851485e-05,0
0.5,0,26.506486,-0.012315532,0,-14.008813,-6.9351909e-05,0
0.5,0,26.506957,-0.0084360626,0,-13.999584,-6.9167969e-05,0
0.5,0,26.507594,-0.0045863764,0,-13.990356,-6.7974155e-05,0
0.5,0,26.508267,-0.0008406089,0,-13.981127,-6.5799429e-05,0
0.5,0,26.508813,0.0027322866,0,-13.971899,-6.2689106e-05,0
0.5,0,26.50911,0.0060496791,0,-13.96267,-5.8705359e-05,0
0.5,0,26.509135,0.0090030577,0,-13.953442,-5.3929698e-05,0
0.5,0,26.508977,0.011473039,0,-13.944213,-4.8465785e-05,0
0.5,0,26.508807,0.013370028,0,-13.934985,-4.2440127e-05,0
0.5,0,26.508828,0.014670752,0,-13.925756,-3.5997882e-05,0
0.5,0,26.50923,0.015420684,0,-13.916528,-2.9292022e-05,0
0.5,0,26.510178,0.015673562,0,-13.907299,-2.2468757e-05,0
0.5,0,26.511908,0.015323814,0,-13.898071,-1.5662289e-05,0
0.5,0,26.515113,0.013887615,0,-13.888843,-9.0105835e-06,0
0.5,0,26.521048,0.01121473,0,-13.879614,-2.6716379e-06,0
0.5,0,26.524774,0.010179066,0,-13.875428,-2.5804012e-15,0
0.5,0,26.538424,-0.030575752,0,-13.741187,-3.9368624e-06,0
0.5,0,26.539311,-0.028224304,0,-13.74732,-2.5804012e-15,0
0.5,0,26.538931,-0.033241698,0,-13.731959,-1.0324478e-05,0
0.5,0,26.540228,-0.034574245,0,-13.72273,-1.7039602e-05,0
0.5,0,26.541129,-0.03502415,0,-13.713502,-2.3939024e-05,0
0.5,0,26.541385,-0.03479284,0,-13.704273,-3.0868789e-05,0
0.5,0,26.541137,-0.033999161,0,-13.695045,-3.7664518e-05,0
0.5,0,26.540433,-0.032692582,0,-13.685816,-4.4160086e-05,0
0.5,0,26.539153,-0.030871019,0,-13.676588,-5.0201671e-05,0
0.5,0,26.537212,-0.028561307,0,-13.667359,-5.5652318e-05,0
0.5,0,26.534784,-0.025832798,0,-13.658131,-6.0389891e-05,0
0.5,0,26.532324,-0.022754862,0,-13.648902,-6.430942e-05,0
0.5,0,26.530389,-0.019393439,0,-13.639674,-6.7327679e-05,0
0.5,0,26.529433,-0.015833274,0,-13.630445,-6.9383843e-05,0
0.5,0,26.529692,-0.012169925,0,-13.621217,-7.0438034e-05,0
0.5,0,26.531166,-0.0084836334,0,-13.611989,-7.0470962e-05,0
0.5,0,26.533654,-0.0048308159,0,-13.60276,-6.9483148e-05,0
0.5,0,26.536803,-0.001253911,0,-13.593532,-6.7492193e-05,0
0.5,0,26.540192,0.0022036454,0,-13.584303,-6.4530448e-05,0
0.5,0,26.543443,0.0054803957,0,-13.575075,-6.0646157e-05,0
0.5,0,26.546326,0.0084839763,0,-13.565846,-5.5907791e-05,0
0.5,0,26.548779,0.011099861,0,-13.556618,-5.0408291e-05,0
0.5,0,26.550837,0.013228234,0,-13.547389,-4.4265713e-05,0
0.5,0,26.552536,0.014829824,0,-13.538161,-3.7617992e-05,0
0.5,0,26.553883,0.015938602,0,-13.528932,-3.0611326e-05,0
0.5,0,26.554936,0.016585089,0,-13.519704,-2.3386903e-05,0
0.5,0,26.555991,0.016581999,0,-13.510475,-1.6079595e-05,0
0.5,0,26.558147,0.015308027,0,-13.501247,-8.8373929e-06,0
0.5,0,26.562935,0.012969595,0,-13.492018,-1.8226717e-06,0
0.5,0,26.564718,0.012594166,0,-13.489492,-2.5804012e-15,0
0.5,0,26.525883,-0.031594851,0,-13.335135,-2.5209377e-06,0
0.5,0,26.52848,-0.030467656,0,-13.338497,-2.5804012e-15,0
0.5,0,26.520444,-0.034449109,0,-13.325906,-9.9369883e-06,0
0.5,0,26.516558,-0.036168871,0,-13.316678,-1.7680033e-05,0
0.5,0,26.513356,-0.037040539,0,-13.307449,-2.5577667e-05,0
0.5,0,26.51069,-0.037142632,0,-13.298221,-3.3476826e-05,0
0.5,0,26.508851,-0.036493387,0,-13.288992,-4.1234096e-05,0
0.5,0,26.507986,-0.035205749,0,-13.279764,-4.8701535e-05,0
0.5,0,26.507954,-0.033423513,0,-13.270535,-5.5720156e-05,0
0.5,0,26.508499,-0.031253923,0,-13.261307,-6.2124885e-05,0
0.5,0,26.509459,-0.028707639,0,-13.252078,-6.7760061e-05,0
0.5,0,26.510813,-0.025705425,0,-13.24285,-7.2499958e-05,0
0.5,0,26.512578,-0.022197678,0,-13.233621,-7.6257615e-05,0
0.5,0,26.514681,-0.018276602,0,-13.224393,-7.8973755e-05,0
0.5,0,26.516919,-0.014146699,0,-13.215164,-8.060051e-05,0
0.5,0,26.518991,-0.0099950882,0,-13.205936,-8.1098229e-05,0
0.5,0,26.52056,-0.0058997569,0,-13.196708,-8.0445754e-05,0
0.5,0,26.521322,-0.001846765,0,-13.187479,-7.8650502e-05,0
0.5,0,26.521081,0.0021823517,0,-13.178251,-7.5748239e-05,0
0.5,0,26.519826,0.0061313863,0,-13.169022,-7.1795132e-05,0
0.5,0,26.517679,0.009859971,0,-13.159794,-6.6861615e-05,0
0.5,0,26.51497,0.013205414,0,-13.150565,-6.1035012e-05,0
0.5,0,26.511941,0.016046793,0,-13.141337,-5.4428318e-05,0
0.5,0,26.508844,0.018329058,0,-13.132108,-4.7182793e-05,0
0.5,0,26.505872,0.020045995,0,-13.12288,-3.9458377e-05,0
0.5,0,26.50304,0.02118912,0,-13.113651,-3.1416444e-05,0
0.5,0,26.50065,0.021663835,0,-13.104423,-2.3206662e-05,0
0.5,0,26.499465,0.021084509,0,-13.095194,-1.4974654e-05,0
0.5,0,26.501473,0.01874834,0,-13.085966,-6.8929432e-06,0
0.5,0,26.507303,0.016291549,0,-13.077778,-2.5804012e-15,0
0.5,0,26.544138,-0.034900798,0,-12.919854,-8.005913e-06,0
0.5,0,26.543823,-0.031664975,0,-12.928983,-2.5804012e-15,0
0.5,0,26.545614,-0.037253967,0,-12.910625,-1.6519233e-05,0
0.5,0,26.547222,-0.038582986,0,-12.901397,-2.5252643e-05,0
0.5,0,26.548293,-0.039089958,0,-12.892168,-3.4016071e-05,0
0.5,0,26.548971,-0.038745121,0,-12.88294,-4.2636587e-05,0
0.5,0,26.549457,-0.037598824,0,-12.873711,-5.0949015e-05,0
0.5,0,26.549741,-0.035766516,0,-12.864483,-5.8786303e-05,0
0.5,0,26.54973,-0.033383937,0,-12.855254,-6.5980549e-05,0
0.5,0,26.549448,-0.030546855,0,-12.846026,-7.2371749e-05,0
0.5,0,26.549056,-0.027257914,0,-12.836797,-7.7824524e-05,0
0.5,0,26.548762,-0.023482997,0,-12.827569,-8.224136e-05,0
0.5,0,26.548669,-0.019278815,0,-12.81834,-8.5556895e-05,0
0.5,0,26.548722,-0.014827103,0,-12.809112,-8.7720376e-05,0
0.5,0,26.54878,-0.010339004,0,-12.799883,-8.8686797e-05,0
0.5,0,26.548707,-0.0059425498,0,-12.790655,-8.8424003e-05,0
0.5,0,26.548419,-0.0016526822,0,-12.781427,-8.6925582e-05,0
0.5,0,26.547901,0.0025696044,0,-12.772198,-8.4216907e-05,0
0.5,0,26.547222,0.0067240354,0,-12.76297,-8.0350864e-05,0
0.5,0,26.546533,0.010715091,0,-12.753741,-7.5399769e-05,0
0.5,0,26.546012,0.014374981,0,-12.744513,-6.945245e-05,0
0.5,0,26.545799,0.01753975,0,-12.735284,-6.2618594e-05,0
0.5,0,26.545949,0.020108709,0,-12.726056,-5.5033244e-05,0
0.5,0,26.546438,0.022053015,0,-12.716827,-4.6852145e-05,0
0.5,0,26.547221,0.023389335,0,-12.707599,-3.8236323e-05,0
0.5,0,26.548359,0.024106485,0,-12.69837,-2.9336675e-05,0
0.5,0,26.55025,0.023971414,0,-12.689142,-2.0297954e-05,0
0.5,0,26.554211,0.022325778,0,-12.679913,-1.1287641e-05,0
0.5,0,26.561901,0.019492146,0,-12.670685,-2.4977267e-06,0
0.5,0,26.564898,0.018984938,0,-12.667945,-2.5804012e-15,0
0.5,0,26.606437,-0.034848657,0,-12.504573,-1.7902875e-06,0
0.5,0,26.606195,-0.034243457,0,-12.506508,-2.5804012e-15,0
0.5,0,26.60802,-0.037955405,0,-12.495344,-1.0822949e-05,0
0.5,0,26.610229,-0.040052932,0,-12.486116,-2.0149391e-05,0
0.5,0,26.612129,-0.041173334,0,-12.476887,-2.958215e-05,0
0.5,0,26.613455,-0.041390716,0,-12.467659,-3.8969547e-05,0
0.5,0,26.614704,-0.040761033,0,-12.45843,-4.8174203e-05,0
0.5,0,26.616418,-0.039476205,0,-12.449202,-5.7046405e-05,0
0.5,0,26.618852,-0.037698893,0,-12.439973,-6.5418469e-05,0
0.5,0,26.621958,-0.035476196,0,-12.430745,-7.3122023e-05,0
0.5,0,26.625512,-0.032764201,0,-12.421516,-8.0008196e-05,0
0.5,0,26.629212,-0.029498285,0,-12.412288,-8.5960589e-05,0
0.5,0,26.632704,-0.02569679,0,-12.403059,-9.0894082e-05,0
0.5,0,26.635627,-0.021515548,0,-12.393831,-9.473925e-05,0
0.5,0,26.637717,-0.017167463,0,-12.384602,-9.742928e-05,0
0.5,0,26.638898,-0.012789482,0,-12.375374,-9.8904779e-05,0
0.5,0,26.639269,-0.0084042659,0,-12.366146,-9.9130334e-05,0
0.5,0,26.639008,-0.0039961154,0,-12.356917,-9.8104738e-05,0
0.5,0,26.638276,0.00040134282,0,-12.347689,-9.5856165e-05,0
0.5,0,26.63718,0.0046904293,0,-12.33846,-9.2429377e-05,0
0.5,0,26.635785,0.0087556612,0,-12.329232,-8.7877644e-05,0
0.5,0,26.634122,0.012504692,0,-12.320003,-8.2265815e-05,0
0.5,0,26.632174,0.015866837,0,-12.310775,-7.5680676e-05,0
0.5,0,26.629859,0.018768126,0,-12.301546,-6.8239001e-05,0
0.5,0,26.627057,0.02112235,0,-12.292318,-6.008608e-05,0
0.5,0,26.623676,0.022858363,0,-12.283089,-5.1385078e-05,0
0.5,0,26.619749,0.023965361,0,-12.273861,-4.2302751e-05,0
0.5,0,26.615525,0.024482302,0,-12.264632,-3.299722e-05,0
0.5,0,26.611577,0.024331523,0,-12.255404,-2.3617971e-05,0
0.5,0,26.609124,0.023040652,0,-12.246175,-1.4324579e-05,0
0.5,0,26.61025,0.020225938,0,-12.236947,-5.305446e-06,0
0.5,0,26.613243,0.018803892,0,-12.231249,-2.5804012e-15,0
0.5,0,26.590358,-0.036533959,0,-12.061606,-7.3715904e-06,0
0.5,0,26.594261,-0.034014139,0,-12.06943,-2.5804012e-15,0
0.5,0,26.587155,-0.038890484,0,-12.052378,-1.6475935e-05,0
0.5,0,26.584859,-0.040175477,0,-12.043149,-2.5816638e-05,0
0.5,0,26.582917,-0.040576693,0,-12.033921,-3.5253223e-05,0
0.5,0,26.581564,-0.040178138,0,-12.024692,-4.4657586e-05,0
0.5,0,26.581094,-0.039178366,0,-12.015464,-5.3886897e-05,0
0.5,0,26.581457,-0.037760448,0,-12.006235,-6.2769687e-05,0
0.5,0,26.582315,-0.035961926,0,-11.997007,-7.1123164e-05,0
0.5,0,26.583324,-0.033703486,0,-11.987778,-7.8776843e-05,0
0.5,0,26.584252,-0.030884427,0,-11.97855,-8.5588148e-05,0
0.5,0,26.58508,-0.027490656,0,-11.969321,-9.1445746e-05,0
0.5,0,26.5858,-0.023658721,0,-11.960093,-9.625762e-05,0
0.5,0,26.586458,-0.019615233,0,-11.950865,-9.993656e-05,0
0.5,0,26.587115,-0.015527222,0,-11.941636,-0.00010240279,0
0.5,0,26.587711,-0.011417849,0,-11.932408,-0.00010360312,0
0.5,0,26.588219,-0.0072270001,0,-11.923179,-0.00010352513,0
0.5,0,26.588596,-0.002929792,0,-11.913951,-0.000102192,0
0.5,0,26.58888,0.0014108562,0,-11.904722,-9.9644842e-05,0
0.5,0,26.58921,0.0056806989,0,-11.895494,-9.5928135e-05,0
0.5,0,26.589749,0.0097699575,0,-11.886265,-9.1088082e-05,0
0.5,0,26.590595,0.013589888,0,-11.877037,-8.5183043e-05,0
0.5,0,26.591704,0.017052841,0,-11.867808,-7.8296105e-05,0
0.5,0,26.592882,0.020056461,0,-11.85858,-7.0539273e-05,0
0.5,0,26.593914,0.022501342,0,-11.849351,-6.2046713e-05,0
0.5,0,26.594658,0.024337248,0,-11.840123,-5.2962334e-05,0
0.5,0,26.595244,0.025594941,0,-11.830894,-4.3427402e-05,0
0.5,0,26.596047,0.02630843,0,-11.821666,-3.3573632e-05,0
0.5,0,26.597845,0.026257815,0,-11.812437,-2.3533981e-05,0
0.5,0,26.602218,0.02474286,0,-11.803209,-1.3472454e-05,0
0.5,0,26.610973,0.021919538,0,-11.793981,-3.5831625e-06,0
0.5,0,26.615398,0.021322178,0,-11.790525,-2.5804012e-15,0
0.5,0,26.642277,-0.039411852,0,-11.600183,-6.2951457e-06,0
0.5,0,26.644617,-0.037394726,0,-11.606248,-2.5804012e-15,0
0.5,0,26.63963,-0.041789746,0,-11.590954,-1.6153654e-05,0
0.5,0,26.637167,-0.042828512,0,-11.581726,-2.6148748e-05,0
0.5,0,26.633942,-0.042913024,0,-11.572497,-3.6147174e-05,0
0.5,0,26.630302,-0.042261753,0,-11.563269,-4.6012078e-05,0
0.5,0,26.627073,-0.040998285,0,-11.55404,-5.56033e-05,0
0.5,0,26.624726,-0.039182104,0,-11.544812,-6.4776847e-05,0
0.5,0,26.623159,-0.036844679,0,-11.535583,-7.3389441e-05,0
0.5,0,26.621934,-0.034053827,0,-11.526355,-8.1298686e-05,0
0.5,0,26.620589,-0.030894906,0,-11.517127,-8.8363375e-05,0
0.5,0,26.618807,-0.027413389,0,-11.507898,-9.4454063e-05,0
0.5,0,26.61643,-0.023638554,0,-11.49867,-9.9464301e-05,0
0.5,0,26.613491,-0.019638894,0,-11.489441,-0.00010331138,0
0.5,0,26.610249,-0.015515346,0,-11.480213,-0.00010593162,0
0.5,0,26.607135,-0.011350638,0,-11.470984,-0.00010727933,0
0.5,0,26.604601,-0.0071780206,0,-11.461756,-0.00010732987,0
0.5,0,26.60296,-0.0029902528,0,-11.452527,-0.00010608163,0
0.5,0,26.602312,0.001225141,0,-11.443299,-0.00010355339,0
0.5,0,26.60254,0.0054473686,0,-11.43407,-9.9778112e-05,0
0.5,0,26.603358,0.0096045095,0,-11.424842,-9.4798948e-05,0
0.5,0,26.604393,0.013589314,0,-11.415613,-8.8673072e-05,0
0.5,0,26.605298,0.017293323,0,-11.406385,-8.1481561e-05,0
0.5,0,26.60586,0.020626785,0,-11.397156,-7.3335405e-05,0
0.5,0,26.606053,0.023515861,0,-11.387928,-6.4369467e-05,0
0.5,0,26.606017,0.025911333,0,-11.3787,-5.4726675e-05,0
0.5,0,26.605986,0.027808292,0,-11.369471,-4.4542244e-05,0
0.5,0,26.606287,0.029173381,0,-11.360243,-3.3940669e-05,0
0.5,0,26.607507,0.029657291,0,-11.351014,-2.3056792e-05,0
0.5,0,26.611246,0.028412667,0,-11.341786,-1.2075987e-05,0
0.5,0,26.618724,0.026525481,0,-11.332557,-1.1991354e-06,0
0.5,0,26.619669,0.026516829,0,-11.331515,-2.5804012e-15,0
0.5,0,26.654049,-0.046797245,0,-11.129531,-6.420083e-06,0
0.5,0,26.656035,-0.045077851,0,-11.134405,-2.5804012e-15,0
0.5,0,26.651014,-0.049682463,0,-11.120302,-1.9098882e-05,0
0.5,0,26.648751,-0.051369575,0,-11.111074,-3.2091996e-05,0
0.5,0,26.646301,-0.052112569,0,-11.101846,-4.5191952e-05,0
0.5,0,26.64362,-0.051954233,0,-11.092617,-5.820684e-05,0
0.5,0,26.641117,-0.050891501,0,-11.083389,-7.0961118e-05,0
0.5,0,26.638918,-0.049020239,0,-11.07416,-8.3277393e-05,0
0.5,0,26.636793,-0.046489254,0,-11.064932,-9.4963856e-05,0
0.5,0,26.634461,-0.043429256,0,-11.055703,-0.00010581551,0
0.5,0,26.631867,-0.039877773,0,-11.046475,-0.00011562872,0
0.5,0,26.629203,-0.035769491,0,-11.037246,-0.00012422519,0
0.5,0,26.626763,-0.031063714,0,-11.028018,-0.0001314653,0
0.5,0,26.624833,-0.025869056,0,-11.018789,-0.00013723918,0
0.5,0,26.62361,-0.02040333,0,-11.009561,-0.00014145211,0
0.5,0,26.623176,-0.014847641,0,-11.000332,-0.00014402486,0
0.5,0,26.623458,-0.0092649968,0,-10.991104,-0.00014490773,0
0.5,0,26.624227,-0.0036467564,0,-10.981875,-0.00014409145,0
0.5,0,26.625192,0.0019929628,0,-10.972647,-0.00014160345,0
0.5,0,26.626091,0.0075768543,0,-10.963419,-0.00013749291,0
0.5,0,26.626742,0.012996792,0,-10.95419,-0.00013181854,0
0.5,0,26.62705,0.018162267,0,-10.944962,-0.00012464968,0
0.5,0,26.626992,0.023003996,0,-10.935733,-0.00011607876,0
0.5,0,26.626586,0.027431771,0,-10.926505,-0.00010623203,0
0.5,0,26.625864,0.031304527,0,-10.917276,-9.5268147e-05,0
0.5,0,26.624836,0.03447583,0,-10.908048,-8.3366261e-05,0
0.5,0,26.623552,0.036900483,0,-10.898819,-7.0709297e-05,0
0.5,0,26.621988,0.038665079,0,-10.889591,-5.7469182e-05,0
0.5,0,26.620355,0.039799427,0,-10.880362,-4.3808581e-05,0
0.5,0,26.619564,0.03988599,0,-10.871134,-2.9907103e-05,0
0.5,0,26.621716,0.037951115,0,-10.861905,-1.5997596e-05,0
0.5,0,26.628369,0.035148256,0,-10.852677,-2.3211255e-06,0
0.5,0,26.6298,0.034984012,0,-10.851062,-2.5804012e-15,0
0.5,0,26.648306,-0.050987781,0,-10.649651,-5.904106e-06,0
0.5,0,26.650765,-0.049679879,0,-10.653606,-2.5804012e-15,0
0.5,0,26.643569,-0.053905046,0,-10.640422,-2.0182882e-05,0
0.5,0,26.64062,-0.055727428,0,-10.631194,-3.4720927e-05,0
0.5,0,26.639417,-0.056636914,0,-10.621965,-4.9276998e-05,0
0.5,0,26.639017,-0.056619157,0,-10.612737,-6.3641723e-05,0
0.5,0,26.639448,-0.055586285,0,-10.603508,-7.763838e-05,0
0.5,0,26.641574,-0.053628871,0,-10.59428,-9.1102183e-05,0
0.5,0,26.644573,-0.05093548,0,-10.585051,-0.00010385512,0
0.5,0,26.647607,-0.047693144,0,-10.575823,-0.00011569869,0
0.5,0,26.65006,-0.043972357,0,-10.566594,-0.00012642893,0
0.5,0,26.651538,-0.039712093,0,-10.557366,-0.00013586389,0
0.5,0,26.6519,-0.034862126,0,-10.548138,-0.00014385959,0
0.5,0,26.651213,-0.029520045,0,-10.538909,-0.00015030184,0
0.5,0,26.649707,-0.023892004,0,-10.529681,-0.00015509137,0
0.5,0,26.647683,-0.018138245,0,-10.520452,-0.00015814509,0
0.5,0,26.64541,-0.012289115,0,-10.511224,-0.00015941239,0
0.5,0,26.643071,-0.0063019559,0,-10.501995,-0.0001588872,0
0.5,0,26.640795,-0.00017185167,0,-10.492767,-0.00015660198,0
0.5,0,26.63872,0.0060170439,0,-10.483538,-0.00015260802,0
0.5,0,26.637011,0.012125688,0,-10.47431,-0.0001469586,0
0.5,0,26.635781,0.018014475,0,-10.465081,-0.00013970778,0
0.5,0,26.635013,0.023553617,0,-10.455853,-0.00013092343,0
0.5,0,26.634517,0.028600268,0,-10.446624,-0.00012070118,0
0.5,0,26.633985,0.032997381,0,-10.437396,-0.00010916692,0
0.5,0,26.633106,0.036619524,0,-10.428167,-9.6468712e-05,0
0.5,0,26.631722,0.039446238,0,-10.418939,-8.2767742e-05,0
0.5,0,26.629915,0.04159123,0,-10.409711,-6.8232935e-05,0
0.5,0,26.628121,0.043156522,0,-10.400482,-5.3040187e-05,0
0.5,0,26.627281,0.043847425,0,-10.391254,-3.7387848e-05,0
0.5,0,26.62947,0.042730678,0,-10.382025,-2.1528424e-05,0
0.5,0,26.636807,0.040245732,0,-10.372797,-5.746587e-06,0
0.5,0,26.640542,0.039978409,0,-10.369375,-2.5804012e-15,0
0.5,0,26.654897,-0.060247162,0,-10.151313,-1.2731714e-05,0
0.5,0,26.656543,-0.05771372,0,-10.158478,-2.5804012e-15,0
0.5,0,26.65445,-0.063076862,0,-10.142085,-2.9532489e-05,0
0.5,0,26.655281,-0.064501629,0,-10.132857,-4.647641e-05,0
0.5,0,26.656273,-0.064624571,0,-10.123628,-6.3356233e-05,0
0.5,0,26.657459,-0.063475633,0,-10.1144,-7.9994861e-05,0
0.5,0,26.659083,-0.06127008,0,-10.105171,-9.6221146e-05,0
0.5,0,26.660947,-0.058365881,0,-10.095943,-0.00011183409,0
0.5,0,26.662486,-0.055033493,0,-10.086714,-0.00012660207,0
0.5,0,26.663158,-0.051320594,0,-10.077486,-0.00014029126,0
0.5,0,26.66274,-0.047094332,0,-10.068257,-0.00015269631,0
0.5,0,26.661361,-0.042210571,0,-10.059029,-0.00016365367,0
0.5,0,26.659371,-0.036692822,0,-10.0498,-0.0001730294,0
0.5,0,26.657177,-0.030740283,0,-10.040572,-0.00018069877,0
0.5,0,26.655111,-0.024568499,0,-10.031343,-0.00018654467,0
0.5,0,26.653353,-0.018282358,0,-10.022115,-0.00019047705,0
0.5,0,26.651927,-0.011902487,0,-10.012886,-0.0001924501,0
0.5,0,26.650772,-0.0054678956,0,-10.003658,-0.00019246118,0
0.5,0,26.649851,0.0009146231,0,-9.9944295,-0.00019053706,0
0.5,0,26.649186,0.007108855,0,-9.9852011,-0.00018672134,0
0.5,0,26.648814,0.013018432,0,-9.9759726,-0.00018106896,0
0.5,0,26.648684,0.018615698,0,-9.9667441,-0.00017364613,0
0.5,0,26.64858,0.023905862,0,-9.9575157,-0.00016453389,0
0.5,0,26.648165,0.02886408,0,-9.9482872,-0.000153835,0
0.5,0,26.647173,0.033408142,0,-9.9390587,-0.00014168175,0
0.5,0,26.645521,0.037429048,0,-9.9298303,-0.00012823905,0
0.5,0,26.643295,0.040841006,0,-9.9206018,-0.00011369867,0
0.5,0,26.640749,0.043613392,0,-9.9113733,-9.8265888e-05,0
0.5,0,26.638304,0.045783998,0,-9.9021449,-8.2142713e-05,0
0.5,0,26.636474,0.047403748,0,-9.8929164,-6.5513218e-05,0
0.5,0,26.635791,0.048312942,0,-9.8836879,-4.8548298e-05,0
0.5,0,26.637124,0.047824391,0,-9.8744595,-3.1438031e-05,0
0.5,0,26.642396,0.045031743,0,-9.865231,-1.443168e-05,0
0.5,0,26.649905,0.043095685,0,-9.857258,-2.5804012e-15,0
0.5,0,26.652815,-0.061833596,0,-9.6345193,-1.2570872e-05,0
0.5,0,26.653528,-0.059460452,0,-9.641269,-2.5804012e-15,0
0.5,0,26.654102,-0.064677192,0,-9.6252909,-3.0186813e-05,0
0.5,0,26.656731,-0.066141865,0,-9.6160624,-4.7996036e-05,0
0.5,0,26.658883,-0.06639496,0,-9.6068339,-6.5804961e-05,0
0.5,0,26.659985,-0.065540941,0,-9.5976055,-8.3434435e-05,0
0.5,0,26.660104,-0.063813069,0,-9.588377,-0.00010069707,0
0.5,0,26.659324,-0.061479593,0,-9.5791485,-0.00011737591,0
0.5,0,26.657655,-0.058663482,0,-9.5699201,-0.00013323909,0
0.5,0,26.655212,-0.055322254,0,-9.5606916,-0.00014807033,0
0.5,0,26.652322,-0.051348568,0,-9.5514631,-0.00016168774,0
0.5,0,26.649433,-0.046686213,0,-9.5422347,-0.000173945,0
0.5,0,26.64694,-0.041411109,0,-9.5330062,-0.00018471698,0
0.5,0,26.645072,-0.035705723,0,-9.5237777,-0.00019388311,0
0.5,0,26.64389,-0.029745948,0,-9.5145493,-0.00020132443,0
0.5,0,26.643395,-0.023621636,0,-9.5053208,-0.0002069349,0
0.5,0,26.643564,-0.017360182,0,-9.4960923,-0.00021063421,0
0.5,0,26.644473,-0.010998297,0,-9.4868639,-0.0002123741,0
0.5,0,26.646195,-0.0046182638,0,-9.4776354,-0.00021213815,0
0.5,0,26.648662,0.0016632028,0,-9.4684069,-0.00020993707,0
0.5,0,26.651549,0.0077274236,0,-9.4591785,-0.00020580216,0
0.5,0,26.653717,0.013502651,0,-9.44995,-0.00019978145,0
0.5,0,26.654079,0.019044991,0,-9.4407215,-0.00019194103,0
0.5,0,26.654569,0.024377663,0,-9.4314931,-0.0001823675,0
0.5,0,26.655526,0.029453334,0,-9.4222646,-0.00017116858,0
0.5,0,26.655363,0.034221383,0,-9.4130361,-0.00015847374,0
0.5,0,26.65455,0.038553757,0,-9.4038077,-0.0001444343,0
0.5,0,26.653508,0.042319459,0,-9.3945792,-0.00012922007,0
0.5,0,26.652565,0.045447176,0,-9.3853507,-0.00011301258,0
0.5,0,26.651913,0.047951516,0,-9.3761223,-9.5996645e-05,0
0.5,0,26.651628,0.049901858,0,-9.3668938,-7.8350803e-05,0
0.5,0,26.651855,0.051259426,0,-9.3576653,-6.0243807e-05,0
0.5,0,26.653119,0.051547666,0,-9.3484369,-4.1854404e-05,0
0.5,0,26.657207,0.049728484,0,-9.3392084,-2.3410814e-05,0
0.5,0,26.665552,0.046932606,0,-9.3299799,-5.1565514e-06,0
0.5,0,26.668162,0.046818843,0,-9.3273208,-2.5804012e-15,0
0.5,0,26.681424,-0.066372483,0,-9.0900398,-1.191816e-05,0
0.5,0,26.684046,-0.064143336,0,-9.0958338,-2.5804012e-15,0
0.5,0,26.677716,-0.069698643,0,-9.0808113,-3.1423673e-05,0
0.5,0,26.674357,-0.071519873,0,-9.0715829,-5.124366e-05,0
0.5,0,26.67022,-0.07222361,0,-9.0623544,-7.1180349e-05,0
0.5,0,26.665496,-0.072036099,0,-9.0531259,-9.1031488e-05,0
0.5,0,26.66097,-0.071085028,0,-9.0438975,-0.00011059076,0
0.5,0,26.657132,-0.069442211,0,-9.034669,-0.00012964241,0
0.5,0,26.654004,-0.067115494,0,-9.0254405,-0.00014796865,0
0.5,0,26.65139,-0.064110939,0,-9.0162121,-0.00016535567,0
0.5,0,26.64912,-0.060429273,0,-9.0069836,-0.00018159598,0
0.5,0,26.647128,-0.056026501,0,-8.9977551,-0.00019649814,0
0.5,0,26.645423,-0.050880848,0,-8.9885267,-0.00020989327,0
0.5,0,26.644098,-0.045085384,0,-8.9792982,-0.00022162747,0
0.5,0,26.643339,-0.038820827,0,-8.9700697,-0.00023155155,0
0.5,0,26.643367,-0.032240971,0,-8.9608413,-0.00023952381,0
0.5,0,26.64432,-0.025403318,0,-8.9516128,-0.00024542458,0
0.5,0,26.646146,-0.018305241,0,-8.9423843,-0.00024916866,0
0.5,0,26.648568,-0.010974552,0,-8.9331559,-0.00025070514,0
0.5,0,26.651135,-0.0035195153,0,-8.9239274,-0.00025000702,0
0.5,0,26.653349,0.0039094329,0,-8.9146989,-0.00024706226,0
0.5,0,26.65481,0.011203724,0,-8.9054705,-0.00024187552,0
0.5,0,26.655351,0.018335088,0,-8.896242,-0.0002344783,0
0.5,0,26.655089,0.025300158,0,-8.8870135,-0.00022493612,0
0.5,0,26.654382,0.032021679,0,-8.8777851,-0.00021334609,0
0.5,0,26.653698,0.038307448,0,-8.8685566,-0.00019982948,0
0.5,0,26.653456,0.043917295,0,-8.8593281,-0.00018452879,0
0.5,0,26.653902,0.048684747,0,-8.8500997,-0.00016761114,0
0.5,0,26.655058,0.052587366,0,-8.8408712,-0.00014927065,0
0.5,0,26.656771,0.055723136,0,-8.8316427,-0.00012972306,0
0.5,0,26.658794,0.058244311,0,-8.8224143,-0.00010919131,0
0.5,0,26.660934,0.060257584,0,-8.8131858,-8.7888494e-05,0
0.5,0,26.663252,0.061602103,0,-8.8039573,-6.6019696e-05,0
0.5,0,26.66656,0.061543907,0,-8.7947289,-4.3814475e-05,0
0.5,0,26.673312,0.058930573,0,-8.7855004,-2.156728e-05,0
0.5,0,26.683346,0.057130398,0,-8.7764729,-2.5804012e-15,0
0.5,0,26.679114,-0.076248233,0,-8.5178749,-8.6418415e-06,0
0.5,0,26.678953,-0.075319999,0,-8.5214037,-2.5804012e-15,0
0.5,0,26.678962,-0.079051039,0,-8.5086464,-3.175435e-05,0
0.5,0,26.679329,-0.080826515,0,-8.4994179,-5.5111275e-05,0
0.5,0,26.679403,-0.081496281,0,-8.4901895,-7.8442272e-05,0
0.5,0,26.678999,-0.081076838,0,-8.480961,-0.00010152003,0
0.5,0,26.678762,-0.079567552,0,-8.4717325,-0.00012414843,0
0.5,0,26.679158,-0.077171199,0,-8.4625041,-0.00014612407,0
0.5,0,26.680067,-0.074107368,0,-8.4532756,-0.00016721687,0
0.5,0,26.681044,-0.070468145,0,-8.4440471,-0.00018718451,0
0.5,0,26.681746,-0.066207452,0,-8.4348187,-0.00020579627,0
0.5,0,26.682124,-0.061211701,0,-8.4255902,-0.00022285165,0
0.5,0,26.682346,-0.055436733,0,-8.4163617,-0.00023818234,0
0.5,0,26.68262,-0.048992611,0,-8.4071333,-0.00025163762,0
0.5,0,26.683031,-0.042078235,0,-8.3979048,-0.0002630725,0
0.5,0,26.683461,-0.034864488,0,-8.3886763,-0.00027235224,0
0.5,0,26.683648,-0.027459095,0,-8.3794479,-0.00027936491,0
0.5,0,26.683337,-0.019942265,0,-8.3702194,-0.00028402753,0
0.5,0,26.682439,-0.012389026,0,-8.3609909,-0.00028628457,0
0.5,0,26.68108,-0.0048538457,0,-8.3517625,-0.00028610568,0
0.5,0,26.679514,0.0026444961,0,-8.342534,-0.00028348627,0
0.5,0,26.677975,0.010108991,0,-8.3333055,-0.00027844752,0
0.5,0,26.676535,0.01753228,0,-8.3240771,-0.00027103265,0
0.5,0,26.675067,0.02486893,0,-8.3148486,-0.00026130008,0
0.5,0,26.673282,0.03202243,0,-8.3056201,-0.00024931879,0
0.5,0,26.670835,0.03885117,0,-8.2963917,-0.0002351715,0
0.5,0,26.667435,0.045198399,0,-8.2871632,-0.00021896593,0
0.5,0,26.662928,0.050941446,0,-8.2779347,-0.00020084571,0
0.5,0,26.657354,0.056029795,0,-8.2687062,-0.00018099108,0
0.5,0,26.650927,0.060482925,0,-8.2594778,-0.00015960762,0
0.5,0,26.644051,0.064371227,0,-8.2502493,-0.00013690894,0
0.5,0,26.637253,0.067781083,0,-8.2410208,-0.00011309953,0
0.5,0,26.631179,0.070656086,0,-8.2317924,-8.8369054e-05,0
0.5,0,26.626724,0.072450086,0,-8.2225639,-6.2919219e-05,0
0.5,0,26.625862,0.072014788,0,-8.2133354,-3.7011999e-05,0
0.5,0,26.63013,0.070148358,0,-8.204107,-1.0942848e-05,0
0.5,0,26.63237,0.070429252,0,-8.2002278,-2.5804012e-15,0
0.5,0,26.593506,-0.095726263,0,-7.9180245,-2.339469e-05,0
0.5,0,26.595854,-0.092846639,0,-7.9252082,-2.5804012e-15,0
0.5,0,26.591448,-0.099281971,0,-7.908796,-5.4019925e-05,0
0.5,0,26.590807,-0.10114404,0,-7.8995676,-8.4890972e-05,0
0.5,0,26.590535,-0.10165413,0,-7.8903391,-0.00011571853,0
0.5,0,26.590668,-0.10094193,0,-7.8811106,-0.0001462314,0
0.5,0,26.591381,-0.099155413,0,-7.8718822,-0.00017616019,0
0.5,0,26.592399,-0.096404582,0,-7.8626537,-0.00020522112,0
0.5,0,26.593212,-0.092717866,0,-7.8534252,-0.00023312478,0
0.5,0,26.593448,-0.088126543,0,-7.8441968,-0.00025958078,0
0.5,0,26.593027,-0.082644453,0,-7.8349683,-0.00028429941,0
0.5,0,26.592054,-0.076220053,0,-7.8257398,-0.00030700504,0
0.5,0,26.590652,-0.068840558,0,-7.8165114,-0.00032744419,0
0.5,0,26.588881,-0.060637741,0,-7.8072829,-0.00034537728,0
0.5,0,26.586764,-0.051829527,0,-7.7980544,-0.00036057224,0
0.5,0,26.58436,-0.042581841,0,-7.788826,-0.00037281634,0
0.5,0,26.581848,-0.032949033,0,-7.7795975,-0.00038193915,0
0.5,0,26.579523,-0.022931676,0,-7.770369,-0.000387828,0
0.5,0,26.577706,-0.012579223,0,-7.7611406,-0.00039042517,0
0.5,0,26.576602,-0.0020361523,0,-7.7519121,-0.00038971104,0
0.5,0,26.576196,0.0085102634,0,-7.7426836,-0.00038568613,0
0.5,0,26.576274,0.018925054,0,-7.7334552,-0.00037836317,0
0.5,0,26.576513,0.029170733,0,-7.7242267,-0.00036777057,0
0.5,0,26.576657,0.039255793,0,-7.7149982,-0.0003539597,0
0.5,0,26.576565,0.049129614,0,-7.7057698,-0.00033701018,0
0.5,0,26.576282,0.058624239,0,-7.6965413,-0.00031703449,0
0.5,0,26.575942,0.067501594,0,-7.6873128,-0.00029418463,0
0.5,0,26.575664,0.075561981,0,-7.6780844,-0.00026865586,0
0.5,0,26.57556,0.082709757,0,-7.6688559,-0.00024068224,0
0.5,0,26.575623,0.088955623,0,-7.6596274,-0.00021052463,0
0.5,0,26.575793,0.094405697,0,-7.650399,-0.00017845418,0
0.5,0,26.576041,0.099158529,0,-7.6411705,-0.00014473569,0
0.5,0,26.576468,0.10297357,0,-7.631942,-0.00010963929,0
0.5,0,26.578034,0.10493128,0,-7.6227136,-7.3489291e-05,0
0.5,0,26.583317,0.10374326,0,-7.6134851,-3.670849e-05,0
0.5,0,26.590966,0.10378806,0,-7.6043443,-2.5804012e-15,0
0.5,0,26.618499,-0.12870193,0,-7.3089457,-3.7549932e-06,0
0.5,0,26.61809,-0.12843291,0,-7.3097961,-2.5804012e-15,0
0.5,0,26.620805,-0.13208099,0,-7.2997172,-4.5122503e-05,0
0.5,0,26.623065,-0.13420331,0,-7.2904888,-8.6795959e-05,0
0.5,0,26.624806,-0.13445739,0,-7.2812603,-0.00012834499,0
0.5,0,26.62493,-0.13315292,0,-7.2720318,-0.00016937857,0
0.5,0,26.623882,-0.13023896,0,-7.2628034,-0.00020954713,0
0.5,0,26.622411,-0.1258775,0,-7.2535749,-0.00024852475,0
0.5,0,26.620879,-0.12038645,0,-7.2443464,-0.00028596929,0
0.5,0,26.619286,-0.11402785,0,-7.235118,-0.00032151978,0
0.5,0,26.617497,-0.10690157,0,-7.2258895,-0.00035481827,0
0.5,0,26.615362,-0.098938008,0,-7.216661,-0.00038553569,0
0.5,0,26.612788,-0.090025962,0,-7.2074326,-0.00041338741,0
0.5,0,26.609835,-0.080206502,0,-7.1982041,-0.00043812183,0
0.5,0,26.606762,-0.069674501,0,-7.1889756,-0.00045949871,0
0.5,0,26.603933,-0.058595146,0,-7.1797472,-0.00047729055,0
0.5,0,26.601665,-0.047003344,0,-7.1705187,-0.0004913069,0
0.5,0,26.60013,-0.034897519,0,-7.1612902,-0.00050141229,0
0.5,0,26.599317,-0.022380405,0,-7.1520618,-0.00050752061,0
0.5,0,26.599033,-0.0096817312,0,-7.1428333,-0.00050957688,0
0.5,0,26.598919,0.0029478197,0,-7.1336048,-0.00050754755,0
0.5,0,26.598541,0.015358253,0,-7.1243764,-0.00050142671,0
0.5,0,26.597509,0.027529723,0,-7.1151479,-0.00049124845,0
0.5,0,26.59559,0.03950113,0,-7.1059194,-0.00047709086,0
0.5,0,26.592905,0.051269357,0,-7.096691,-0.00045906636,0
0.5,0,26.589734,0.062731176,0,-7.0874625,-0.00043730922,0
0.5,0,26.586151,0.073714363,0,-7.078234,-0.00041197299,0
0.5,0,26.582808,0.084027432,0,-7.0690056,-0.00038324424,0
0.5,0,26.580005,0.093518394,0,-7.0597771,-0.00035135457,0
0.5,0,26.577393,0.10211587,0,-7.0505486,-0.00031657577,0
0.5,0,26.574981,0.10979898,0,-7.0413202,-0.00027920456,0
0.5,0,26.572676,0.11658968,0,-7.0320917,-0.0002395434,0
0.5,0,26.570373,0.12253029,0,-7.0228632,-0.00019788577,0
0.5,0,26.568155,0.12747355,0,-7.0136348,-0.00015452067,0
0.5,0,26.566626,0.13068008,0,-7.0044063,-0.00010977392,0
0.5,0,26.567994,0.130919,0,-6.9951778,-6.4060132e-05,0
0.5,0,26.572654,0.13032998,0,-6.9859494,-1.7802502e-05,0
0.5,0,26.573307,0.13117721,0,-6.9824172,-2.5804012e-15,0
0.5,0,26.568639,-0.16326645,0,-6.662953,-2.8844502e-05,0
0.5,0,26.568565,-0.1613509,0,-6.6679431,-2.5804012e-15,0
0.5,0,26.567016,-0.16700886,0,-6.6537246,-8.2881168e-05,0
0.5,0,26.565874,-0.16887685,0,-6.6444961,-0.00013716736,0
0.5,0,26.564865,-0.16892568,0,-6.6352676,-0.0001912279,0
0.5,0,26.563974,-0.16722501,0,-6.6260392,-0.00024465,0
0.5,0,26.563775,-0.16387463,0,-6.6168107,-0.00029703477,0
0.5,0,26.564424,-0.15906361,0,-6.6075822,-0.00034797141,0
0.5,0,26.565502,-0.15294383,0,-6.5983538,-0.00039703462,0
0.5,0,26.566422,-0.14564863,0,-6.5891253,-0.0004437948,0
0.5,0,26.566835,-0.13728554,0,-6.5798968,-0.00048782816,0
0.5,0,26.566803,-0.12784922,0,-6.5706684,-0.00052873745,0
0.5,0,26.566704,-0.11726147,0,-6.5614399,-0.00056617254,0
0.5,0,26.566998,-0.10552339,0,-6.5522114,-0.00059982807,0
0.5,0,26.568002,-0.092772363,0,-6.542983,-0.0006294249,0
0.5,0,26.569767,-0.079203119,0,-6.5337545,-0.00065469906,0
0.5,0,26.572077,-0.064978765,0,-6.524526,-0.00067540676,0
0.5,0,26.574556,-0.05021606,0,-6.5152976,-0.00069133669,0
0.5,0,26.576797,-0.035025435,0,-6.5060691,-0.00070231753,0
0.5,0,26.578462,-0.019547734,0,-6.4968406,-0.00070821681,0
0.5,0,26.57934,-0.0039443247,0,-6.4876122,-0.0007089369,0
0.5,0,26.579374,0.011653447,0,-6.4783837,-0.00070441596,0
0.5,0,26.578678,0.027179942,0,-6.4691552,-0.00069463399,0
0.5,0,26.577494,0.042616434,0,-6.4599268,-0.00067961811,0
0.5,0,26.576093,0.057937745,0,-6.4506983,-0.00065943988,0
0.5,0,26.574692,0.073070733,0,-6.4414698,-0.00063420612,0
0.5,0,26.573378,0.087882477,0,-6.4322414,-0.00060405355,0
0.5,0,26.572106,0.1021893,0,-6.4230129,-0.00056915436,0
0.5,0,26.570737,0.11578635,0,-6.4137844,-0.00052972768,0
0.5,0,26.569123,0.12849614,0,-6.404556,-0.00048604383,0
0.5,0,26.567177,0.14020335,0,-6.3953275,-0.00043841496,0
0.5,0,26.564909,0.15085703,0,-6.386099,-0.00038717984,0
0.5,0,26.562418,0.16047482,0,-6.3768706,-0.00033269209,0
0.5,0,26.559877,0.16909459,0,-6.3676421,-0.00027531297,0
0.5,0,26.557632,0.17650151,0,-6.3584136,-0.0002154219,0
0.5,0,26.55651,0.1818085,0,-6.3491852,-0.00015346143,0
0.5,0,26.558859,0.18369282,0,-6.3399567,-8.9985048e-05,0
0.5,0,26.564025,0.18485533,0,-6.3307282,-2.5554309e-05,0
0.5,0,26.564193,0.18624474,0,-6.3270995,-2.5804012e-15,0
0.5,0,26.525182,-0.23301822,0,-5.989275,-6.6837514e-05,0
0.5,0,26.524198,-0.22908243,0,-5.9972956,-2.5804012e-15,0
0.5,0,26.52571,-0.23668703,0,-5.9800465,-0.00014455321,0
0.5,0,26.527522,-0.23796762,0,-5.970818,-0.00022242399,0
0.5,0,26.529341,-0.23682629,0,-5.9615896,-0.00029980462,0
0.5,0,26.531519,-0.23353728,0,-5.9523611,-0.00037609171,0
0.5,0,26.53427,-0.22834424,0,-5.9431326,-0.00045073011,0
0.5,0,26.537486,-0.22106388,0,-5.9339042,-0.00052317154,0
0.5,0,26.541313,-0.21214153,0,-5.9246757,-0.00059284626,0
0.5,0,26.545249,-0.20180356,0,-5.9154472,-0.00065917024,0
0.5,0,26.548984,-0.19000411,0,-5.9062187,-0.00072158118,0
0.5,0,26.552612,-0.17655586,0,-5.8969903,-0.00077957853,0
0.5,0,26.555908,-0.16142832,0,-5.8877618,-0.00083272269,0
0.5,0,26.558627,-0.14491464,0,-5.8785333,-0.00088059774,0
0.5,0,26.560797,-0.1274173,0,-5.8693049,-0.00092278746,0
0.5,0,26.562227,-0.1091525,0,-5.8600764,-0.00095889102,0
0.5,0,26.562874,-0.090102348,0,-5.8508479,-0.00098856238,0
0.5,0,26.562845,-0.07019907,0,-5.8416195,-0.0010115353,0
0.5,0,26.562352,-0.049516284,0,-5.832391,-0.0010276174,0
0.5,0,26.561697,-0.028289433,0,-5.8231625,-0.0010366675,0
0.5,0,26.561157,-0.0067892798,0,-5.8139341,-0.0010385825,0
0.5,0,26.560885,0.01479952,0,-5.8047056,-0.0010333007,0
0.5,0,26.560903,0.036380516,0,-5.7954771,-0.0010208116,0
0.5,0,26.561137,0.057859042,0,-5.7862487,-0.0010011562,0
0.5,0,26.561475,0.079087528,0,-5.7770202,-0.00097442062,0
0.5,0,26.561813,0.099891249,0,-5.7677917,-0.00094072784,0
0.5,0,26.562061,0.12010986,0,-5.7585633,-0.00090024081,0
0.5,0,26.562132,0.13958659,0,-5.7493348,-0.00085317665,0
0.5,0,26.561931,0.15812778,0,-5.7401063,-0.0007998237,0
0.5,0,26.561358,0.17550767,0,-5.7308779,-0.00074054854,0
0.5,0,26.560328,0.19153369,0,-5.7216494,-0.00067578476,0
0.5,0,26.558789,0.20609378,0,-5.7124209,-0.00060600881,0
0.5,0,26.556769,0.21915805,0,-5.7031925,-0.00053171799,0
0.5,0,26.554345,0.23077845,0,-5.693964,-0.00045341509,0
0.5,0,26.551688,0.24097998,0,-5.6847355,-0.00037159822,0
0.5,0,26.549049,0.24936469,0,-5.6755071,-0.00028678325,0
0.5,0,26.547472,0.25476753,0,-5.6662786,-0.00019956338,0
0.5,0,26.549381,0.25583107,0,-5.6570501,-0.0001106561,0
0.5,0,26.550963,0.25777463,0,-5.6478217,-2.0721141e-05,0
0.5,0,26.54911,0.25863114,0,-5.6457092,-2.5804012e-15,0
0.5,0,26.599626,-0.30578119,0,-5.2971399,-1.5883804e-05,0
0.5,0,26.59756,-0.30509779,0,-5.2985467,-2.5804012e-15,0
0.5,0,26.607226,-0.311054,0,-5.2879115,-0.00012123624,0
0.5,0,26.613119,-0.31469055,0,-5.278683,-0.00022732011,0
0.5,0,26.618242,-0.31530144,0,-5.2694545,-0.00033327043,0
0.5,0,26.62155,-0.31329444,0,-5.2602261,-0.00043834681,0
0.5,0,26.623911,-0.30870914,0,-5.2509976,-0.00054183738,0
0.5,0,26.626557,-0.30179258,0,-5.2417691,-0.00064304893,0
0.5,0,26.63008,-0.29280462,0,-5.2325407,-0.00074127988,0
0.5,0,26.634457,-0.28186968,0,-5.2233122,-0.000835827,0
0.5,0,26.639368,-0.26899062,0,-5.2140837,-0.00092600726,0
0.5,0,26.64442,-0.25411568,0,-5.2048553,-0.0010111712,0
0.5,0,26.649253,-0.23721767,0,-5.1956268,-0.0010907102,0
0.5,0,26.653657,-0.21841116,0,-5.1863983,-0.0011640489,0
0.5,0,26.657613,-0.19794279,0,-5.1771699,-0.0012306286,0
0.5,0,26.661338,-0.17603279,0,-5.1679414,-0.0012899103,0
0.5,0,26.665145,-0.15276802,0,-5.1587129,-0.0013413977,0
0.5,0,26.669319,-0.12816872,0,-5.1494845,-0.0013846586,0
0.5,0,26.674065,-0.10233293,0,-5.140256,-0.0014193288,0
0.5,0,26.679373,-0.075504148,0,-5.1310275,-0.0014451022,0
0.5,0,26.685004,-0.048009887,0,-5.1217991,-0.0014617202,0
0.5,0,26.690552,-0.020146126,0,-5.1125706,-0.001468973,0
0.5,0,26.695576,0.0078984605,0,-5.1033421,-0.0014667124,0
0.5,0,26.699771,0.036031606,0,-5.0941137,-0.001454864,0
0.5,0,26.70304,0.064165119,0,-5.0848852,-0.0014334298,0
0.5,0,26.705452,0.092149661,0,-5.0756567,-0.0014024806,0
0.5,0,26.70716,0.11980286,0,-5.0664283,-0.001362148,0
0.5,0,26.708308,0.14695437,0,-5.0571998,-0.001312619,0
0.5,0,26.708975,0.17343053,0,-5.0479713,-0.0012541358,0
0.5,0,26.709184,0.19899451,0,-5.0387429,-0.0011870016,0
0.5,0,26.70894,0.22332259,0,-5.0295144,-0.001111588,0
0.5,0,26.708267,0.24608074,0,-5.0202859,-0.0010283401,0
0.5,0,26.707224,0.26704464,0,-5.0110575,-0.00093777155,0
0.5,0,26.705889,0.28613449,0,-5.001829,-0.00084045105,0
0.5,0,26.704346,0.30336989,0,-4.9926005,-0.00073698669,0
0.5,0,26.702599,0.31882656,0,-4.9833721,-0.00062800978,0
0.5,0,26.700687,0.33251357,0,-4.9741436,-0.0005141611,0
0.5,0,26.698601,0.34397033,0,-4.9649151,-0.00039611649,0
0.5,0,26.697318,0.35201593,0,-4.9556867,-0.00027465172,0
0.5,0,26.698763,0.35542725,0,-4.9464582,-0.00015068645,0
0.5,0,26.697032,0.3603692,0,-4.9372297,-2.5093004e-05,0
0.5,0,26.694191,0.36151106,0,-4.935403,-2.5804012e-15,0
0.5,0,26.685939,-0.42645004,0,-4.5680911,-3.5437998e-05,0
0.5,0,26.68102,-0.42538258,0,-4.5703131,-2.5804012e-15,0
0.5,0,26.697257,-0.4316897,0,-4.5588626,-0.00018374727,0
0.5,0,26.70533,-0.43562914,0,-4.5496341,-0.00033282591,0
0.5,0,26.712664,-0.43588301,0,-4.5404057,-0.00048155199,0
0.5,0,26.718556,-0.43295722,0,-4.5311772,-0.00062891754,0
0.5,0,26.723728,-0.42673198,0,-4.5219487,-0.00077396287,0
0.5,0,26.728849,-0.41721771,0,-4.5127203,-0.00091578695,0
0.5,0,26.733661,-0.40460466,0,-4.5034918,-0.0010535001,0
0.5,0,26.737256,-0.38919218,0,-4.4942633,-0.0011862006,0
0.5,0,26.738678,-0.37127726,0,-4.4850349,-0.0013129748,0
0.5,0,26.737342,-0.35096699,0,-4.4758064,-0.001432922,0
0.5,0,26.733175,-0.32816708,0,-4.4665779,-0.0015451977,0
0.5,0,26.726577,-0.30286443,0,-4.4573495,-0.0016490264,0
0.5,0,26.718267,-0.27529022,0,-4.448121,-0.0017436755,0
0.5,0,26.709086,-0.24575283,0,-4.4388925,-0.0018284359,0
0.5,0,26.699796,-0.21442077,0,-4.4296641,-0.0019026381,0
0.5,0,26.690938,-0.18133367,0,-4.4204356,-0.001965683,0
0.5,0,26.682784,-0.14658562,0,-4.4112071,-0.0020170581,0
0.5,0,26.675376,-0.11045434,0,-4.4019787,-0.0020563328,0
0.5,0,26.668622,-0.073351535,0,-4.3927502,-0.0020831481,0
0.5,0,26.662442,-0.035674035,0,-4.3835217,-0.0020972198,0
0.5,0,26.656854,0.002297877,0,-4.3742933,-0.0020983536,0
0.5,0,26.65199,0.040376925,0,-4.3650648,-0.002086456,0
0.5,0,26.648092,0.078359235,0,-4.3558363,-0.0020615276,0
0.5,0,26.645396,0.11597272,0,-4.3466079,-0.0020236502,0
0.5,0,26.643989,0.15294369,0,-4.3373794,-0.0019729818,0
0.5,0,26.643715,0.18908097,0,-4.3281509,-0.0019097596,0
0.5,0,26.644212,0.22426935,0,-4.3189225,-0.0018343046,0
0.5,0,26.644996,0.25836886,0,-4.309694,-0.0017470227,0
0.5,0,26.645505,0.29110867,0,-4.3004655,-0.001648403,0
0.5,0,26.645174,0.32207875,0,-4.2912371,-0.0015390174,0
0.5,0,26.643554,0.35085579,0,-4.2820086,-0.0014195192,0
0.5,0,26.640439,0.37716688,0,-4.2727801,-0.0012906338,0
0.5,0,26.635852,0.40093292,0,-4.2635517,-0.0011531418,0
0.5,0,26.630014,0.42221328,0,-4.2543232,-0.0010078644,0
0.5,0,26.623156,0.44114619,0,-4.2450947,-0.00085565221,0
0.5,0,26.615644,0.45776952,0,-4.2358663,-0.00069737316,0
0.5,0,26.607681,0.47151729,0,-4.2266378,-0.00053394296,0
0.5,0,26.600687,0.48106603,0,-4.2174093,-0.00036638832,0
0.5,0,26.596479,0.48510369,0,-4.2081809,-0.00019587655,0
0.5,0,26.586912,0.49058508,0,-4.1989524,-2.3518289e-05,0
0.5,0,26.58356,0.49127825,0,-4.1977044,-2.5804012e-15,0
0.5,0,26.55066,-0.56571491,0,-3.8113568,-0.00010255913,0
0.5,0,26.537566,-0.56299694,0,-3.816145,-2.5804012e-15,0
0.5,0,26.566567,-0.57173733,0,-3.8021283,-0.0003012946,0
0.5,0,26.579331,-0.57492411,0,-3.7928999,-0.00050045736,0
0.5,0,26.590951,-0.57356275,0,-3.7836714,-0.00069863602,0
0.5,0,26.601216,-0.56783252,0,-3.7744429,-0.00089463464,0
0.5,0,26.611069,-0.55783086,0,-3.7652145,-0.0010873077,0
0.5,0,26.621204,-0.54397754,0,-3.755986,-0.0012755102,0
0.5,0,26.631565,-0.52668443,0,-3.7467575,-0.0014580637,0
0.5,0,26.641807,-0.5061817,0,-3.7375291,-0.0016337765,0
0.5,0,26.65178,-0.48252817,0,-3.7283006,-0.0018014767,0
0.5,0,26.661616,-0.45564157,0,-3.7190721,-0.0019600465,0
0.5,0,26.671546,-0.42545799,0,-3.7098437,-0.0021084457,0
0.5,0,26.681719,-0.39215664,0,-3.7006152,-0.0022457025,0
0.5,0,26.692158,-0.35614542,0,-3.6913867,-0.0023708911,0
0.5,0,26.70278,-0.31782131,0,-3.6821583,-0.0024831322,0
0.5,0,26.713434,-0.27742244,0,-3.6729298,-0.0025816179,0
0.5,0,26.723933,-0.23507992,0,-3.6637013,-0.0026656375,0
0.5,0,26.734049,-0.19096162,0,-3.6544729,-0.0027345867,0
0.5,0,26.743509,-0.14536208,0,-3.6452444,-0.0027879602,0
0.5,0,26.752016,-0.098651809,0,-3.6360159,-0.0028253488,0
0.5,0,26.759308,-0.051173161,0,-3.6267875,-0.0028464462,0
0.5,0,26.765139,-0.0031904251,0,-3.617559,-0.0028510633,0
0.5,0,26.769394,0.045075946,0,-3.6083305,-0.0028391326,0
0.5,0,26.771986,0.09334527,0,-3.5991021,-0.0028106927,0
0.5,0,26.772788,0.14120964,0,-3.5898736,-0.0027658694,0
0.5,0,26.771686,0.18821492,0,-3.5806451,-0.0027048686,0
0.5,0,26.768464,0.23399523,0,-3.5714167,-0.0026279843,0
0.5,0,26.762879,0.27829744,0,-3.5621882,-0.002535606,0
0.5,0,26.754774,0.32092931,0,-3.5529597,-0.0024282205,0
0.5,0,26.744076,0.36168245,0,-3.5437313,-0.0023064052,0
0.5,0,26.730612,0.40027603,0,-3.5345028,-0.0021708246,0
0.5,0,26.71487,0.43636939,0,-3.5252743,-0.002022237,0
0.5,0,26.697427,0.46966116,0,-3.5160458,-0.0018615025,0
0.5,0,26.67859,0.49998487,0,-3.5068174,-0.0016895721,0
0.5,0,26.659014,0.52726739,0,-3.4975889,-0.0015074636,0
0.5,0,26.63923,0.55148202,0,-3.4883604,-0.0013162363,0
0.5,0,26.61957,0.57267074,0,-3.479132,-0.0011169733,0
0.5,0,26.600456,0.59083794,0,-3.4699035,-0.00091077178,0
0.5,0,26.58201,0.60544664,0,-3.460675,-0.00069877988,0
0.5,0,26.565527,0.61523622,0,-3.4514466,-0.00048226933,0
0.5,0,26.552124,0.61908621,0,-3.4422181,-0.00026267519,0
0.5,0,26.532037,0.62399067,0,-3.4329896,-4.145281e-05,0
0.5,0,26.525199,0.62463265,0,-3.4312723,-2.5804012e-15,0
0.5,0,26.409605,-0.68352223,0,-3.0361656,-6.3245334e-05,0
0.5,0,26.402658,-0.68235078,0,-3.0385744,-2.5804012e-15,0
0.5,0,26.423201,-0.68892427,0,-3.0269371,-0.00030599097,0
0.5,0,26.431366,-0.6921646,0,-3.0177086,-0.00054927216,0
0.5,0,26.438572,-0.69009049,0,-3.0084802,-0.00079133743,0
0.5,0,26.444518,-0.6830504,0,-2.9992517,-0.0010307457,0
0.5,0,26.450418,-0.67121042,0,-2.9900232,-0.0012660794,0
0.5,0,26.457522,-0.65486134,0,-2.9807948,-0.0014959479,0
0.5,0,26.466111,-0.63424386,0,-2.9715663,-0.001718966,0
0.5,0,26.475774,-0.60956707,0,-2.9623378,-0.0019337577,0
0.5,0,26.486202,-0.58104282,0,-2.9531094,-0.0021389687,0
0.5,0,26.4975,-0.54881897,0,-2.9438809,-0.0023332863,0
0.5,0,26.509065,-0.51293083,0,-2.9346524,-0.0025154717,0
0.5,0,26.520601,-0.47352662,0,-2.925424,-0.0026843693,0
0.5,0,26.532284,-0.43099779,0,-2.9161955,-0.0028388876,0
0.5,0,26.543728,-0.38575593,0,-2.906967,-0.0029779942,0
0.5,0,26.55461,-0.33802897,0,-2.8977386,-0.0031007431,0
0.5,0,26.564592,-0.28789898,0,-2.8885101,-0.003206311,0
0.5,0,26.57325,-0.23552075,0,-2.8792816,-0.0032940101,0
0.5,0,26.580283,-0.18127883,0,-2.8700532,-0.0033632765,0
0.5,0,26.585288,-0.12574885,0,-2.8608247,-0.0034136519,0
0.5,0,26.587993,-0.069520168,0,-2.8515962,-0.0034447848,0
0.5,0,26.58842,-0.013038661,0,-2.8423678,-0.003456452,0
0.5,0,26.586608,0.043399726,0,-2.8331393,-0.0034485776,0
0.5,0,26.582758,0.099530427,0,-2.8239108,-0.0034212297,0
0.5,0,26.577119,0.15499879,0,-2.8146824,-0.0033745981,0
0.5,0,26.569906,0.20935681,0,-2.8054539,-0.0033089798,0
0.5,0,26.561284,0.26216265,0,-2.7962254,-0.0032247779,0
0.5,0,26.551352,0.31306375,0,-2.786997,-0.0031225034,0
0.5,0,26.540201,0.36180763,0,-2.7777685,-0.0030027749,0
0.5,0,26.527934,0.40820162,0,-2.76854,-0.0028663123,0
0.5,0,26.514699,0.45205606,0,-2.7593116,-0.0027139326,0
0.5,0,26.500697,0.49312772,0,-2.7500831,-0.0025465532,0
0.5,0,26.486184,0.53109662,0,-2.7408546,-0.0023651982,0
0.5,0,26.47144,0.56562438,0,-2.7316262,-0.0021709946,0
0.5,0,26.456742,0.59645861,0,-2.7223977,-0.0019651487,0
0.5,0,26.442314,0.62346988,0,-2.7131692,-0.0017489139,0
0.5,0,26.428352,0.64664033,0,-2.7039408,-0.0015235708,0
0.5,0,26.41492,0.66607231,0,-2.6947123,-0.0012904209,0
0.5,0,26.40214,0.68187016,0,-2.6854838,-0.001050782,0
0.5,0,26.389713,0.69364007,0,-2.6762554,-0.00080601906,0
0.5,0,26.378362,0.70032547,0,-2.6670269,-0.00055760458,0
0.5,0,26.368061,0.70087873,0,-2.6577984,-0.00030716054,0
0.5,0,26.347933,0.70215107,0,-2.64857,-5.6409248e-05,0
0.5,0,26.339084,0.70192032,0,-2.6464966,-2.5804012e-15,0
0.5,0,26.41657,-0.68455251,0,-2.2517459,-8.7480952e-05,0
0.5,0,26.405238,-0.68506315,0,-2.2550802,-2.5804012e-15,0
0.5,0,26.433741,-0.68390467,0,-2.2425174,-0.00032856724,0
0.5,0,26.443949,-0.68162485,0,-2.233289,-0.00056846357,0
0.5,0,26.451797,-0.67384011,0,-2.2240605,-0.00080544712,0
0.5,0,26.457716,-0.66105608,0,-2.214832,-0.0010380621,0
0.5,0,26.463175,-0.64359864,0,-2.2056036,-0.0012649037,0
0.5,0,26.469406,-0.62182892,0,-2.1963751,-0.0014846175,0
0.5,0,26.476715,-0.59606039,0,-2.1871466,-0.0016958785,0
0.5,0,26.484852,-0.56655887,0,-2.1779182,-0.0018974032,0
0.5,0,26.493501,-0.53359965,0,-2.1686897,-0.002087962,0
0.5,0,26.502466,-0.49738062,0,-2.1594612,-0.0022663921,0
0.5,0,26.511609,-0.45799717,0,-2.1502328,-0.0024316247,0
0.5,0,26.520777,-0.41564408,0,-2.1410043,-0.0025826908,0
0.5,0,26.529807,-0.37072423,0,-2.1317758,-0.0027187048,0
0.5,0,26.538558,-0.32369643,0,-2.1225474,-0.0028388582,0
0.5,0,26.546887,-0.27489058,0,-2.1133189,-0.0029424398,0
0.5,0,26.554602,-0.22450894,0,-2.1040904,-0.0030288631,0
0.5,0,26.561418,-0.17277813,0,-2.094862,-0.0030976747,0
0.5,0,26.566983,-0.1200726,0,-2.0856335,-0.0031485425,0
0.5,0,26.570892,-0.06688849,0,-2.076405,-0.0031812424,0
0.5,0,26.572567,-0.013706525,0,-2.0671766,-0.0031956611,0
0.5,0,26.571643,0.039134503,0,-2.0579481,-0.0031918126,0
0.5,0,26.569151,0.091362733,0,-2.0487196,-0.0031698457,0
0.5,0,26.565461,0.14266957,0,-2.0394912,-0.0031300317,0
0.5,0,26.560036,0.19269912,0,-2.0302627,-0.0030727443,0
0.5,0,26.553105,0.24106924,0,-2.0210342,-0.0029984471,0
0.5,0,26.544833,0.28744782,0,-2.0118058,-0.0029076928,0
0.5,0,26.535368,0.33157571,0,-2.0025773,-0.0028011288,0
0.5,0,26.524866,0.37324742,0,-1.9933488,-0.0026794985,0
0.5,0,26.513507,0.41227989,0,-1.9841204,-0.0025436351,0
0.5,0,26.501509,0.4484776,0,-1.9748919,-0.0023944536,0
0.5,0,26.489128,0.48159721,0,-1.9656634,-0.0022329491,0
0.5,0,26.476633,0.51134705,0,-1.956435,-0.002060203,0
0.5,0,26.464276,0.53746081,0,-1.9472065,-0.0018773805,0
0.5,0,26.452259,0.55979527,0,-1.937978,-0.0016857122,0
0.5,0,26.440657,0.57834801,0,-1.9287496,-0.0014864644,0
0.5,0,26.429479,0.59322851,0,-1.9195211,-0.0012809177,0
0.5,0,26.418593,0.60462286,0,-1.9102926,-0.0010703535,0
0.5,0,26.408072,0.61263956,0,-1.9010642,-0.00085604575,0
0.5,0,26.397427,0.61680724,0,-1.8918357,-0.00063929363,0
0.5,0,26.387843,0.61608252,0,-1.8826072,-0.00042147755,0
0.5,0,26.378703,0.60940159,0,-1.8733788,-0.00020409184,0
0.5,0,26.359266,0.60588113,0,-1.8646438,-2.5804012e-15,0
0.5,0,26.427042,-0.56218626,0,-1.5042401,-7.3853714e-05,0
0.5,0,26.416525,-0.56264818,0,-1.5077465,-2.5804012e-15,0
0.5,0,26.442525,-0.56174456,0,-1.4950116,-0.00026790517,0
0.5,0,26.452351,-0.56065849,0,-1.4857832,-0.00046120711,0
0.5,0,26.460437,-0.55470019,0,-1.4765547,-0.00065233195,0
0.5,0,26.467187,-0.5444829,0,-1.4673262,-0.00083995447,0
0.5,0,26.473836,-0.53027463,0,-1.4580978,-0.0010228149,0
0.5,0,26.481243,-0.51220363,0,-1.4488693,-0.0011997253,0
0.5,0,26.489361,-0.49043684,0,-1.4396408,-0.0013695372,0
0.5,0,26.49764,-0.46522718,0,-1.4304124,-0.001531129,0
0.5,0,26.505583,-0.43687228,0,-1.4211839,-0.0016834021,0
0.5,0,26.512983,-0.40555914,0,-1.4119554,-0.0018252967,0
0.5,0,26.519866,-0.37134888,0,-1.402727,-0.0019558249,0
0.5,0,26.526339,-0.33439003,0,-1.3934985,-0.0020740835,0
0.5,0,26.532483,-0.29502558,0,-1.38427,-0.0021792419,0
0.5,0,26.538313,-0.25364691,0,-1.3750416,-0.0022705375,0
0.5,0,26.543753,-0.21052622,0,-1.3658131,-0.0023472979,0
0.5,0,26.548626,-0.16583444,0,-1.3565846,-0.0024089708,0
0.5,0,26.552661,-0.11979277,0,-1.3473562,-0.0024551368,0
0.5,0,26.555543,-0.072777811,0,-1.3381277,-0.0024855032,0
0.5,0,26.557025,-0.02528681,0,-1.3288992,-0.0024998899,0
0.5,0,26.556988,0.02219893,0,-1.3196708,-0.0024982238,0
0.5,0,26.555508,0.069322395,0,-1.3104423,-0.0024805428,0
0.5,0,26.552838,0.11581779,0,-1.3012138,-0.0024469962,0
0.5,0,26.549291,0.16141345,0,-1.2919854,-0.0023978425,0
0.5,0,26.545159,0.2058013,0,-1.2827569,-0.0023334423,0
0.5,0,26.54067,0.24867203,0,-1.2735284,-0.0022542482,0
0.5,0,26.535962,0.2897728,0,-1.2643,-0.0021607989,0
0.5,0,26.531093,0.32889694,0,-1.2550715,-0.0020537163,0
0.5,0,26.526102,0.36576532,0,-1.245843,-0.0019337072,0
0.5,0,26.520776,0.39998173,0,-1.2366146,-0.0018015799,0
0.5,0,26.51508,0.43113995,0,-1.2273861,-0.0016582415,0
0.5,0,26.509361,0.45899619,0,-1.2181576,-0.0015046715,0
0.5,0,26.503822,0.48347285,0,-1.2089292,-0.0013419118,0
0.5,0,26.498679,0.50458421,0,-1.1997007,-0.0011710569,0
0.5,0,26.494118,0.52248128,0,-1.1904722,-0.00099323529,0
0.5,0,26.490274,0.5373163,0,-1.1812438,-0.00080959903,0
0.5,0,26.486837,0.54873338,0,-1.1720153,-0.00062134618,0
0.5,0,26.484374,0.55565119,0,-1.1627868,-0.0004297717,0
0.5,0,26.483543,0.5567073,0,-1.1535583,-0.00023629788,0
0.5,0,26.474996,0.55974491,0,-1.1443299,-4.2363704e-05,0
0.5,0,26.469206,0.5602645,0,-1.1423149,-2.5804012e-15,0
0.5,0,26.522267,-0.60753439,0,-0.78441968,-0.00020276014,0
0.5,0,26.501852,-0.6010975,0,-0.79329743,-2.5804012e-15,0
0.5,0,26.535092,-0.61595925,0,-0.77519121,-0.00041557563,0
0.5,0,26.545872,-0.61969957,0,-0.76596274,-0.0006291559,0
0.5,0,26.555158,-0.61871836,0,-0.75673428,-0.00084211622,0
0.5,0,26.564331,-0.61325052,0,-0.74750581,-0.0010530779,0
0.5,0,26.574683,-0.60354298,0,-0.73827734,-0.0012607015,0
0.5,0,26.586563,-0.58969223,0,-0.72904888,-0.001463654,0
0.5,0,26.599533,-0.57170362,0,-0.71982041,-0.0016606211,0
0.5,0,26.613,-0.54977686,0,-0.71059194,-0.0018503096,0
0.5,0,26.62624,-0.52415047,0,-0.70136348,-0.0020314453,0
0.5,0,26.638776,-0.49489759,0,-0.69213501,-0.0022027909,0
0.5,0,26.650613,-0.46209898,0,-0.68290654,-0.0023631571,0
0.5,0,26.661846,-0.42594664,0,-0.67367808,-0.0025114108,0
0.5,0,26.672609,-0.38670053,0,-0.66444961,-0.0026464876,0
0.5,0,26.683095,-0.34463238,0,-0.65522114,-0.0027673994,0
0.5,0,26.69339,-0.29996081,0,-0.64599268,-0.0028732498,0
0.5,0,26.703352,-0.25288205,0,-0.63676421,-0.0029632508,0
0.5,0,26.712609,-0.20368837,0,-0.62753574,-0.0030367246,0
0.5,0,26.720689,-0.15281091,0,-0.61830728,-0.0030930946,0
0.5,0,26.727181,-0.10073791,0,-0.60907881,-0.0031318855,0
0.5,0,26.731869,-0.047908686,0,-0.59985034,-0.0031527349,0
0.5,0,26.734732,0.0053295966,0,-0.59062187,-0.0031554095,0
0.5,0,26.735904,0.058696451,0,-0.58139341,-0.0031398101,0
0.5,0,26.735615,0.11190051,0,-0.57216494,-0.0031059609,0
0.5,0,26.734098,0.16458438,0,-0.56293647,-0.0030539975,0
0.5,0,26.731555,0.21635337,0,-0.55370801,-0.0029841657,0
0.5,0,26.728151,0.2668362,0,-0.54447954,-0.0028968232,0
0.5,0,26.724018,0.31571033,0,-0.53525107,-0.002792435,0
0.5,0,26.719258,0.36268435,0,-0.52602261,-0.0026715644,0
0.5,0,26.713962,0.40746556,0,-0.51679414,-0.0025348669,0
0.5,0,26.708243,0.44974087,0,-0.50756567,-0.0023830936,0
0.5,0,26.702251,0.48919202,0,-0.49833721,-0.0022171002,0
0.5,0,26.696167,0.52554923,0,-0.48910874,-0.0020378493,0
0.5,0,26.690184,0.55863773,0,-0.47988027,-0.001846397,0
0.5,0,26.684449,0.58836282,0,-0.47065181,-0.0016438717,0
0.5,0,26.679065,0.61469548,0,-0.46142334,-0.0014314545,0
0.5,0,26.673947,0.63768526,0,-0.45219487,-0.0012103627,0
0.5,0,26.669063,0.65734197,0,-0.44296641,-0.00098183126,0
0.5,0,26.663832,0.67315525,0,-0.43373794,-0.00074713404,0
0.5,0,26.658992,0.68404097,0,-0.42450947,-0.00050763667,0
0.5,0,26.654177,0.68856503,0,-0.41528101,-0.00026484454,0
0.5,0,26.637421,0.69504692,0,-0.40605254,-2.0262418e-05,0
0.5,0,26.634339,0.6954135,0,-0.40529436,-2.5804012e-15,0
0.5,0,26.678933,-0.0033180416,0,-36.858496,6.5006811e-07,0
0.5,0,26.680208,-0.0033852221,0,-36.849268,1.540024e-06,0
0.5,0,26.681639,-0.0035026614,0,-36.840039,2.3686608e-06,0
0.5,0,26.682992,-0.0036621433,0,-36.830811,3.1207547e-06,0
0.5,0,26.684204,-0.0037983234,0,-36.821583,3.7956919e-06,0
0.5,0,26.685286,-0.0038453586,0,-36.812354,4.4087316e-06,0
0.5,0,26.686298,-0.0037561013,0,-36.803126,4.9867455e-06,0
0.5,0,26.687336,-0.0035178556,0,-36.793897,5.5603893e-06,0
0.5,0,26.68851,-0.0031668724,0,-36.784669,6.1551954e-06,0
0.5,0,26.689894,-0.0027822641,0,-36.77544,6.7840712e-06,0
0.5,0,26.691488,-0.0024429341,0,-36.766212,7.4458555e-06,0
0.5,0,26.693203,-0.0021778784,0,-36.756983,8.131156e-06,0
0.5,0,26.694915,-0.0019591798,0,-36.747755,8.831037e-06,0
0.5,0,26.696528,-0.0017453152,0,-36.738526,9.5410881e-06,0
0.5,0,26.697951,-0.0015209451,0,-36.729298,1.0259051e-05,0
0.5,0,26.699071,-0.0012951589,0,-36.720069,1.0981807e-05,0
0.5,0,26.699787,-0.0010933158,0,-36.710841,1.170481e-05,0
0.5,0,26.700054,-0.00096200268,0,-36.701612,1.2421013e-05,0
0.5,0,26.699854,-0.00093788352,0,-36.692384,1.3118932e-05,0
0.5,0,26.699279,-0.00099275206,0,-36.683156,1.3785684e-05,0
0.5,0,26.698592,-0.0010532208,0,-36.673927,1.4415279e-05,0
0.5,0,26.698091,-0.001083275,0,-36.664699,1.5011827e-05,0
0.5,0,26.697933,-0.001110987,0,-36.65547,1.5583413e-05,0
0.5,0,26.698021,-0.0011672805,0,-36.646242,1.6136677e-05,0
0.5,0,26.698155,-0.00123526,0,-36.637013,1.6678496e-05,0
0.5,0,26.698372,-0.0012702755,0,-36.627785,1.7219184e-05,0
0.5,0,26.698842,-0.0012368475,0,-36.618556,1.7773117e-05,0
0.5,0,26.699531,-0.0011542822,0,-36.609328,1.8358179e-05,0
0.5,0,26.700259,-0.001172266,0,-36.600099,1.8995775e-05,0
0.5,0,26.700928,-0.0014873602,0,-36.590871,1.9709539e-05,0
0.5,0,26.701552,-0.0019758223,0,-36.581642,2.0509963e-05,0
0.5,0,26.702141,-0.0021514621,0,-36.572414,2.1366851e-05,0
0.5,0,26.702573,-0.0017306504,0,-36.563185,2.2217861e-05,0
0.5,0,26.702685,-0.00098816929,0,-36.553957,2.3023377e-05,0
0.5,0,26.70241,-0.00037657374,0,-36.544729,2.379897e-05,0
0.5,0,26.701758,-1.9533204e-05,0,-36.5355,2.4587539e-05,0
0.5,0,26.700803,0.00020977124,0,-36.526272,2.5413672e-05,0
0.5,0,26.699743,0.00034651474,0,-36.517043,2.6268665e-05,0
0.5,0,26.698909,0.0003010873,0,-36.507815,2.7122987e-05,0
0.5,0,26.698559,4.1812365e-05,0,-36.498586,2.7940114e-05,0
0.5,0,26.698727,-0.00038711252,0,-36.489358,2.8687439e-05,0
0.5,0,26.699335,-0.00096457265,0,-36.480129,2.935597e-05,0
0.5,0,26.700317,-0.0015649788,0,-36.470901,2.9972588e-05,0
0.5,0,26.701577,-0.0018360477,0,-36.461672,3.0579282e-05,0
0.5,0,26.702906,-0.0015522907,0,-36.452444,3.1201451e-05,0
0.5,0,26.704068,-0.00096965831,0,-36.443215,3.1844359e-05,0
0.5,0,26.704928,-0.00052778286,0,-36.433987,3.2508522e-05,0
0.5,0,26.705419,-0.00035918319,0,-36.424758,3.3195125e-05,0
0.5,0,26.705483,-0.00029316307,0,-36.41553,3.390326e-05,0
0.5,0,26.705168,-0.00017306022,0,-36.406302,3.4631083e-05,0
0.5,0,26.704618,-3.1178684e-06,0,-36.397073,3.5376717e-05,0
0.5,0,26.703933,0.00012604728,0,-36.387845,3.6130226e-05,0
0.5,0,26.703166,9.7471168e-05,0,-36.378616,3.6866965e-05,0
0.5,0,26.702448,-0.00022209499,0,-36.369388,3.7560887e-05,0
0.5,0,26.701997,-0.00083101899,0,-36.360159,3.8199013e-05,0
0.5,0,26.701976,-0.001462558,0,-36.350931,3.8768057e-05,0
0.5,0,26.702368,-0.0018291509,0,-36.341702,3.92467e-05,0
0.5,0,26.702971,-0.0019349136,0,-36.332474,3.9637097e-05,0
0.5,0,26.703636,-0.0019389147,0,-36.323245,3.9991174e-05,0
0.5,0,26.704116,-0.001885184,0,-36.314017,4.0375337e-05,0
0.5,0,26.704381,-0.0018380293,0,-36.304788,4.0804522e-05,0
0.5,0,26.704809,-0.0020148873,0,-36.29556,4.1256872e-05,0
0.5,0,26.705245,-0.0020918204,0,-36.286331,4.1698291e-05,0
0.5,0,26.705217,-0.0015982645,0,-36.277103,4.2064967e-05,0
0.5,0,26.70486,-0.0012418801,0,-36.267875,4.2356484e-05,0
0.5,0,26.704654,-0.0016106679,0,-36.258646,4.2659354e-05,0
0.5,0,26.704713,-0.0020808646,0,-36.249418,4.3007596e-05,0
0.5,0,26.704798,-0.0021901743,0,-36.240189,4.3369653e-05,0
0.5,0,26.704715,-0.0021394748,0,-36.230961,4.3730895e-05,0
0.5,0,26.704568,-0.00210062,0,-36.221732,4.4091132e-05,0
0.5,0,26.704613,-0.0020032532,0,-36.212504,4.4434931e-05,0
0.5,0,26.704902,-0.0017841612,0,-36.203275,4.4751055e-05,0
0.5,0,26.705215,-0.0015155084,0,-36.194047,4.5061528e-05,0
0.5,0,26.70533,-0.0013163694,0,-36.184818,4.5412736e-05,0
0.5,0,26.705211,-0.0011810903,0,-36.17559,4.5838573e-05,0
0.5,0,26.704912,-0.00093915548,0,-36.166361,4.6331452e-05,0
0.5,0,26.704525,-0.00050267029,0,-36.157133,4.685404e-05,0
0.5,0,26.704187,-5.2555315e-05,0,-36.147904,4.738242e-05,0
0.5,0,26.703985,0.0001995608,0,-36.138676,4.7925019e-05,0
0.5,0,26.703898,0.00029354014,0,-36.129448,4.8495905e-05,0
0.5,0,26.703918,0.00038927034,0,-36.120219,4.9087631e-05,0
0.5,0,26.704073,0.00046413487,0,-36.110991,4.9679525e-05,0
0.5,0,26.704367,0.00028974266,0,-36.101762,5.0260466e-05,0
0.5,0,26.704787,-0.00026881405,0,-36.092534,5.0832131e-05,0
0.5,0,26.705294,-0.0010143663,0,-36.083305,5.138851e-05,0
0.5,0,26.705766,-0.0015541025,0,-36.074077,5.1900217e-05,0
0.5,0,26.706121,-0.0016934485,0,-36.064848,5.233113e-05,0
0.5,0,26.706405,-0.001619113,0,-36.05562,5.267489e-05,0
0.5,0,26.706613,-0.0016138873,0,-36.046391,5.2963547e-05,0
0.5,0,26.706641,-0.0017166726,0,-36.037163,5.3232812e-05,0
0.5,0,26.706544,-0.0018095126,0,-36.027934,5.3488404e-05,0
0.5,0,26.706558,-0.0018923223,0,-36.018706,5.371054e-05,0
0.5,0,26.706811,-0.0020389216,0,-36.009477,5.3878306e-05,0
0.5,0,26.707247,-0.0021998704,0,-36.000249,5.397896e-05,0
0.5,0,26.707729,-0.0022491771,0,-35.991021,5.4006327e-05,0
0.5,0,26.708121,-0.0021592595,0,-35.981792,5.3964878e-05,0
0.5,0,26.708363,-0.0020256682,0,-35.972564,5.3872424e-05,0
0.5,0,26.708476,-0.0019681709,0,-35.963335,5.3752574e-05,0
0.5,0,26.708528,-0.0020556026,0,-35.954107,5.3623874e-05,0
0.5,0,26.7086,-0.0022833781,0,-35.944878,5.3495192e-05,0
0.5,0,26.708749,-0.0025809567,0,-35.93565,5.3367918e-05,0
0.5,0,26.709016,-0.0028517359,0,-35.926421,5.3240074e-05,0
0.5,0,26.709426,-0.0030396737,0,-35.917193,5.3109512e-05,0
0.5,0,26.709974,-0.0031677801,0,-35.907964,5.2975108e-05,0
0.5,0,26.710612,-0.0032969124,0,-35.898736,5.2834741e-05,0
0.5,0,26.711276,-0.0034361288,0,-35.889507,5.2681131e-05,0
0.5,0,26.711894,-0.0034999845,0,-35.880279,5.2499878e-05,0
0.5,0,26.712419,-0.0033403117,0,-35.87105,5.2272868e-05,0
0.5,0,26.7128,-0.0029282231,0,-35.861822,5.1988425e-05,0
0.5,0,26.712966,-0.0024339676,0,-35.852594,5.1649083e-05,0
0.5,0,26.712923,-0.0021115438,0,-35.843365,5.1269328e-05,0
0.5,0,26.712794,-0.0021600163,0,-35.834137,5.0865137e-05,0
0.5,0,26.712728,-0.0025682337,0,-35.824908,5.0442167e-05,0
0.5,0,26.712752,-0.0030997336,0,-35.81568,4.9994501e-05,0
0.5,0,26.712756,-0.0034506753,0,-35.806451,4.9516708e-05,0
0.5,0,26.712616,-0.003456095,0,-35.797223,4.9019434e-05,0
0.5,0,26.712288,-0.0031829485,0,-35.787994,4.85342e-05,0
0.5,0,26.711813,-0.0028562957,0,-35.778766,4.8102097e-05,0
0.5,0,26.711303,-0.0026908486,0,-35.769537,4.7752631e-05,0
0.5,0,26.710868,-0.0027080138,0,-35.760309,4.7486184e-05,0
0.5,0,26.710581,-0.0028194078,0,-35.75108,4.7272321e-05,0
0.5,0,26.710431,-0.0029017728,0,-35.741852,4.7063896e-05,0
0.5,0,26.710346,-0.0028882532,0,-35.732623,4.6817515e-05,0
0.5,0,26.710309,-0.0028847108,0,-35.723395,4.6506934e-05,0
0.5,0,26.710413,-0.0030233931,0,-35.714167,4.612253e-05,0
0.5,0,26.710782,-0.0033377875,0,-35.704938,4.5663336e-05,0
0.5,0,26.711392,-0.0037198854,0,-35.69571,4.5132347e-05,0
0.5,0,26.712079,-0.0039982867,0,-35.686481,4.4540071e-05,0
0.5,0,26.712676,-0.0040734303,0,-35.677253,4.3910565e-05,0
0.5,0,26.713085,-0.0039941518,0,-35.668024,4.3280596e-05,0
0.5,0,26.713284,-0.0039114278,0,-35.658796,4.2688708e-05,0
0.5,0,26.713296,-0.0039518819,0,-35.649567,4.2161074e-05,0
0.5,0,26.713175,-0.0041169902,0,-35.640339,4.1704602e-05,0
0.5,0,26.712979,-0.0042801118,0,-35.63111,4.1311677e-05,0
0.5,0,26.712737,-0.0042764845,0,-35.621882,4.0972806e-05,0
0.5,0,26.712451,-0.0040173496,0,-35.612653,4.068683e-05,0
0.5,0,26.712105,-0.003558219,0,-35.603425,4.0459155e-05,0
0.5,0,26.711696,-0.0030821689,0,-35.594196,4.0288193e-05,0
0.5,0,26.711264,-0.0027803676,0,-35.584968,4.0153308e-05,0
0.5,0,26.710884,-0.0027067853,0,-35.57574,4.0020304e-05,0
0.5,0,26.710605,-0.0027698013,0,-35.566511,3.9863982e-05,0
0.5,0,26.710394,-0.002865771,0,-35.557283,3.9684465e-05,0
0.5,0,26.710158,-0.0029804749,0,-35.548054,3.9500806e-05,0
0.5,0,26.709831,-0.0030905949,0,-35.538826,3.9335678e-05,0
0.5,0,26.709617,-0.0031065733,0,-35.529597,3.9207616e-05,0
0.5,0,26.709549,-0.0029835866,0,-35.520369,3.9125997e-05,0
0.5,0,26.709409,-0.0027840117,0,-35.51114,3.9082387e-05,0
0.5,0,26.709053,-0.0026512712,0,-35.501912,3.9049193e-05,0
0.5,0,26.708593,-0.0026708976,0,-35.492683,3.8993867e-05,0
0.5,0,26.708074,-0.002777834,0,-35.483455,3.8896743e-05,0
0.5,0,26.707811,-0.0033276539,0,-35.474226,3.8758403e-05,0
0.5,0,26.708269,-0.0042311927,0,-35.464998,3.8571157e-05,0
0.5,0,26.709143,-0.0043831684,0,-35.455769,3.8300985e-05,0
0.5,0,26.70971,-0.0042162713,0,-35.446541,3.7962805e-05,0
0.5,0,26.709749,-0.0043933073,0,-35.437312,3.7569045e-05,0
0.5,0,26.709628,-0.0043280774,0,-35.428084,3.7156493e-05,0
0.5,0,26.709686,-0.0041022615,0,-35.418856,3.6839711e-05,0
0.5,0,26.710192,-0.0039997449,0,-35.409627,3.6555393e-05,0
0.5,0,26.710994,-0.0039306936,0,-35.400399,3.6226737e-05,0
0.5,0,26.711403,-0.0038624641,0,-35.39117,3.5943101e-05,0
0.5,0,26.710098,-0.0039588616,0,-35.354256,3.51584e-05,0
0.5,0,26.7103,-0.0035135983,0,-35.345028,3.4892379e-05,0
0.5,0,26.710275,-0.0030308864,0,-35.335799,3.4684941e-05,0
0.5,0,26.709938,-0.0028719251,0,-35.326571,3.4543102e-05,0
0.5,0,26.709399,-0.0030891077,0,-35.317342,3.4412874e-05,0
0.5,0,26.708999,-0.0036847219,0,-35.308114,3.4253727e-05,0
0.5,0,26.708827,-0.0045476484,0,-35.298885,3.40642e-05,0
0.5,0,26.707452,-0.005030372,0,-35.261972,3.3037044e-05,0
0.5,0,26.707746,-0.0051514599,0,-35.252743,3.2682013e-05,0
0.5,0,26.707511,-0.0049665479,0,-35.243515,3.2265434e-05,0
0.5,0,26.707286,-0.004580453,0,-35.234286,3.1928847e-05,0
0.5,0,26.707252,-0.0036513401,0,-35.225058,3.1626635e-05,0
0.5,0,26.707024,-0.0029005568,0,-35.215829,3.1294959e-05,0
0.5,0,26.706598,-0.0031845012,0,-35.206601,3.0966292e-05,0
0.5,0,26.706335,-0.0041555641,0,-35.197372,3.0598676e-05,0
0.5,0,26.706315,-0.0049497825,0,-35.188144,3.0155559e-05,0
0.5,0,26.706108,-0.0065414952,0,-35.178915,2.971712e-05,0
0.5,0,26.705292,-0.0076854772,0,-35.169687,2.9279776e-05,0
0.5,0,26.704274,-0.0060116972,0,-35.160458,2.874778e-05,0
0.5,0,26.70391,-0.004887714,0,-35.15123,2.8219192e-05,0
0.5,0,26.703802,-0.0064142401,0,-35.142002,2.7807745e-05,0
0.5,0,26.703184,-0.007161211,0,-35.132773,2.7369572e-05,0
0.5,0,26.702492,-0.0052543255,0,-35.123545,2.6787155e-05,0
0.5,0,26.702664,-0.0044376868,0,-35.114316,2.6167015e-05,0
0.5,0,26.703619,-0.0053983823,0,-35.105088,2.5482939e-05,0
0.5,0,26.704228,-0.0061466974,0,-35.095859,2.4739273e-05,0
0.5,0,26.70391,-0.0079857398,0,-35.086631,2.4136403e-05,0
0.5,0,26.703113,-0.0093748496,0,-35.077402,2.3535979e-05,0
0.5,0,26.702147,-0.0093364828,0,-35.068174,2.2805564e-05,0
0.5,0,26.700964,-0.0089123104,0,-35.058945,2.207662e-05,0
0.5,0,26.700245,-0.0067742977,0,-35.049717,2.1371271e-05,0
0.5,0,26.700329,-0.0053995172,0,-35.040488,2.074917e-05,0
0.5,0,26.700664,-0.0058237241,0,-35.03126,2.0165948e-05,0
0.5,0,26.701037,-0.005699288,0,-35.022031,1.9518922e-05,0
0.5,0,26.701663,-0.0052214472,0,-35.012803,1.8836725e-05,0
0.5,0,26.702375,-0.0048702018,0,-35.003575,1.8122698e-05,0
0.5,0,26.702935,-0.0050373595,0,-34.994346,1.7367295e-05,0
0.5,0,26.703437,-0.0054751045,0,-34.985118,1.6611003e-05,0
0.5,0,26.70393,-0.0057895411,0,-34.975889,1.5937451e-05,0
0.5,0,26.704378,-0.005881881,0,-34.966661,1.537159e-05,0
0.5,0,26.704765,-0.00588909,0,-34.957432,1.4834004e-05,0
0.5,0,26.705088,-0.0057221836,0,-34.948204,1.4228975e-05,0
0.5,0,26.70513,-0.0052626978,0,-34.938975,1.3549086e-05,0
0.5,0,26.704866,-0.0049914906,0,-34.929747,1.2832264e-05,0
0.5,0,26.704733,-0.0053434802,0,-34.920518,1.206126e-05,0
0.5,0,26.704962,-0.0058066494,0,-34.91129,1.1199718e-05,0
0.5,0,26.705516,-0.0058596339,0,-34.902061,1.0270271e-05,0
0.5,0,26.706076,-0.0057770781,0,-34.892833,9.3199721e-06,0
0.5,0,26.706435,-0.0059142493,0,-34.883604,8.369049e-06,0
0.5,0,26.70675,-0.006265906,0,-34.874376,7.4358787e-06,0
0.5,0,26.706998,-0.0065996386,0,-34.865148,6.5406208e-06,0
0.5,0,26.707066,-0.0066627372,0,-34.855919,5.6696242e-06,0
0.5,0,26.706946,-0.0064643458,0,-34.846691,4.7903743e-06,0
0.5,0,26.706712,-0.0062790068,0,-34.837462,3.8942478e-06,0
0.5,0,26.706491,-0.0063375109,0,-34.828234,3.0016916e-06,0
0.5,0,26.706387,-0.0066175021,0,-34.819005,2.1314718e-06,0
0.5,0,26.706409,-0.0069507728,0,-34.809777,1.278553e-06,0
0.5,0,26.706495,-0.0072245026,0,-34.800548,4.2272708e-07,0
0.5,0,26.686132,-0.0051281115,0,-33.462421,3.4090955e-07,0
0.5,0,26.687113,-0.0048372016,0,-33.453192,7.880704e-07,0
0.5,0,26.688208,-0.0044918933,0,-33.443964,1.2009095e-06,0
0.5,0,26.689323,-0.0041676692,0,-33.434735,1.5821595e-06,0
0.5,0,26.690383,-0.0039124419,0,-33.425507,1.9363081e-06,0
0.5,0,26.691415,-0.0037390002,0,-33.416278,2.2712882e-06,0
0.5,0,26.692412,-0.0036378494,0,-33.40705,2.5975315e-06,0
0.5,0,26.693286,-0.0035969831,0,-33.397821,2.9243085e-06,0
0.5,0,26.693997,-0.0035982687,0,-33.388593,3.2568884e-06,0
0.5,0,26.694662,-0.003615937,0,-33.379364,3.5959214e-06,0
0.5,0,26.695378,-0.0036253656,0,-33.370136,3.9389552e-06,0
0.5,0,26.696081,-0.0036112564,0,-33.360907,4.2828225e-06,0
0.5,0,26.696642,-0.0035674136,0,-33.351679,4.6251576e-06,0
0.5,0,26.696996,-0.003492849,0,-33.342451,4.9644535e-06,0
0.5,0,26.697168,-0.0033943013,0,-33.333222,5.2996176e-06,0
0.5,0,26.697264,-0.0032877063,0,-33.323994,5.6300658e-06,0
0.5,0,26.69742,-0.0031899311,0,-33.314765,5.9559282e-06,0
0.5,0,26.697749,-0.0031113056,0,-33.305537,6.2776455e-06,0
0.5,0,26.698281,-0.0030555424,0,-33.296308,6.5953929e-06,0
0.5,0,26.698955,-0.0030245041,0,-33.28708,6.9085814e-06,0
0.5,0,26.699653,-0.0030207088,0,-33.277851,7.2152958e-06,0
0.5,0,26.700268,-0.003045897,0,-33.268623,7.511711e-06,0
0.5,0,26.700746,-0.0030992648,0,-33.259394,7.7921165e-06,0
0.5,0,26.701104,-0.0031754087,0,-33.250166,8.0502208e-06,0
0.5,0,26.701406,-0.003262156,0,-33.240937,8.2813099e-06,0
0.5,0,26.701728,-0.0033391566,0,-33.231709,8.4840231e-06,0
0.5,0,26.702127,-0.003381241,0,-33.22248,8.6607609e-06,0
0.5,0,26.70262,-0.0033674418,0,-33.213252,8.8168127e-06,0
0.5,0,26.703192,-0.0032907964,0,-33.204024,8.9586723e-06,0
0.5,0,26.703803,-0.0031629383,0,-33.194795,9.0920266e-06,0
0.5,0,26.704398,-0.0030101705,0,-33.185567,9.2197316e-06,0
0.5,0,26.704924,-0.0028629527,0,-33.176338,9.3401901e-06,0
0.5,0,26.705356,-0.0027459802,0,-33.16711,9.4469243e-06,0
0.5,0,26.705702,-0.0026744496,0,-33.157881,9.529686e-06,0
0.5,0,26.706001,-0.0026532579,0,-33.148653,9.5771706e-06,0
0.5,0,26.706305,-0.0026776053,0,-33.139424,9.5804779e-06,0
0.5,0,26.706671,-0.0027348252,0,-33.130196,9.5361638e-06,0
0.5,0,26.707148,-0.0028091324,0,-33.120967,9.447934e-06,0
0.5,0,26.707768,-0.0028884748,0,-33.111739,9.3261126e-06,0
0.5,0,26.708535,-0.0029688433,0,-33.10251,9.1851795e-06,0
0.5,0,26.709451,-0.0030555692,0,-33.093282,9.0400727e-06,0
0.5,0,26.710474,-0.0031582848,0,-33.084053,8.9025802e-06,0
0.5,0,26.711454,-0.0032798659,0,-33.074825,8.7791252e-06,0
0.5,0,26.712317,-0.0034084709,0,-33.065597,8.6706864e-06,0
0.5,0,26.713303,-0.0035297023,0,-33.056368,8.5735306e-06,0
0.5,0,26.714386,-0.0036285857,0,-33.04714,8.4811376e-06,0
0.5,0,26.7153,-0.0036854636,0,-33.037911,8.3868839e-06,0
0.5,0,26.715983,-0.00368841,0,-33.028683,8.2856247e-06,0
0.5,0,26.716401,-0.0036393772,0,-33.019454,8.1743792e-06,0
0.5,0,26.716561,-0.0035549715,0,-33.010226,8.052024e-06,0
0.5,0,26.716499,-0.0034609726,0,-33.000997,7.9185508e-06,0
0.5,0,26.716268,-0.0033839305,0,-32.991769,7.7741421e-06,0
0.5,0,26.715927,-0.0033444022,0,-32.98254,7.6184142e-06,0
0.5,0,26.715532,-0.0033525695,0,-32.973312,7.4499352e-06,0
0.5,0,26.715128,-0.0034066604,0,-32.964083,7.2660566e-06,0
0.5,0,26.714743,-0.0034942546,0,-32.954855,7.0631568e-06,0
0.5,0,26.71439,-0.0035976508,0,-32.945626,6.8373331e-06,0
0.5,0,26.714067,-0.0037014068,0,-32.936398,6.5853039e-06,0
0.5,0,26.713763,-0.003798071,0,-32.92717,6.3051409e-06,0
0.5,0,26.713466,-0.0038888304,0,-32.917941,5.9968221e-06,0
0.5,0,26.713164,-0.0039797447,0,-32.908713,5.6626676e-06,0
0.5,0,26.712852,-0.0040772772,0,-32.899484,5.3076033e-06,0
0.5,0,26.712533,-0.0041850969,0,-32.890256,4.9390422e-06,0
0.5,0,26.712201,-0.004303512,0,-32.881027,4.5661432e-06,0
0.5,0,26.711849,-0.0044306608,0,-32.871799,4.198418e-06,0
0.5,0,26.711475,-0.004563805,0,-32.86257,3.8439612e-06,0
0.5,0,26.711087,-0.0046999584,0,-32.853342,3.5078286e-06,0
0.5,0,26.710692,-0.0048353039,0,-32.844113,3.1911379e-06,0
0.5,0,26.710291,-0.004964688,0,-32.834885,2.8913806e-06,0
0.5,0,26.709884,-0.005082461,0,-32.825656,2.603915e-06,0
0.5,0,26.709484,-0.0051850388,0,-32.816428,2.3241579e-06,0
0.5,0,26.709122,-0.005273205,0,-32.807199,2.0497512e-06,0
0.5,0,26.708839,-0.0053527256,0,-32.797971,1.7818818e-06,0
0.5,0,26.708667,-0.0054326447,0,-32.788743,1.5254395e-06,0
0.5,0,26.708607,-0.0055218275,0,-32.779514,1.2879512e-06,0
0.5,0,26.708628,-0.0056251301,0,-32.770286,1.0776518e-06,0
0.5,0,26.708687,-0.0057409111,0,-32.761057,9.0129099e-07,0
0.5,0,26.70875,-0.0058610091,0,-32.751829,7.6231765e-07,0
0.5,0,26.708793,-0.0059730135,0,-32.7426,6.6003443e-07,0
0.5,0,26.708804,-0.00606358,0,-32.733372,5.8970125e-07,0
0.5,0,26.708774,-0.006121001,0,-32.724143,5.4341767e-07,0
0.5,0,26.70869,-0.0061382809,0,-32.714915,5.1139677e-07,0
0.5,0,26.708541,-0.0061157108,0,-32.705686,4.8342137e-07,0
0.5,0,26.708327,-0.0060620064,0,-32.696458,4.5038332e-07,0
0.5,0,26.708059,-0.0059927597,0,-32.687229,4.0570043e-07,0
0.5,0,26.707758,-0.0059264236,0,-32.678001,3.463529e-07,0
0.5,0,26.707452,-0.0058794345,0,-32.668772,2.7299995e-07,0
0.5,0,26.707164,-0.0058607588,0,-32.659544,1.889205e-07,0
0.5,0,26.706913,-0.0058702362,0,-32.650316,9.7901171e-08,0
0.5,0,26.706711,-0.0058958068,0,-32.641087,2.0110771e-09,0
0.5,0,26.681047,-0.0047822565,0,-31.35833,1.8045618e-07,0
0.5,0,26.681479,-0.0048268903,0,-31.349102,3.9383027e-07,0
0.5,0,26.682027,-0.0047291558,0,-31.339873,5.7472843e-07,0
0.5,0,26.68264,-0.0045108303,0,-31.330645,7.3939999e-07,0
0.5,0,26.683282,-0.0042118402,0,-31.321416,9.0455265e-07,0
0.5,0,26.683937,-0.0038977305,0,-31.312188,1.0816985e-06,0
0.5,0,26.684567,-0.0036322116,0,-31.302959,1.2741102e-06,0
0.5,0,26.685153,-0.003446834,0,-31.293731,1.4780179e-06,0
0.5,0,26.685728,-0.0033368791,0,-31.284502,1.6865753e-06,0
0.5,0,26.686295,-0.0032765892,0,-31.275274,1.8936559e-06,0
0.5,0,26.686848,-0.0032349187,0,-31.266046,2.096209e-06,0
0.5,0,26.687341,-0.0031868361,0,-31.256817,2.2942591e-06,0
0.5,0,26.687757,-0.0031202848,0,-31.247589,2.4885435e-06,0
0.5,0,26.688109,-0.0030357559,0,-31.23836,2.6781473e-06,0
0.5,0,26.688443,-0.0029403649,0,-31.229132,2.860002e-06,0
0.5,0,26.688787,-0.0028427173,0,-31.219903,3.0300955e-06,0
0.5,0,26.689107,-0.0027520736,0,-31.210675,3.1852496e-06,0
0.5,0,26.689397,-0.0026797077,0,-31.201446,3.3243037e-06,0
0.5,0,26.689635,-0.0026391381,0,-31.192218,3.4483867e-06,0
0.5,0,26.68981,-0.0026416988,0,-31.182989,3.5605754e-06,0
0.5,0,26.689953,-0.0026886541,0,-31.173761,3.665293e-06,0
0.5,0,26.690115,-0.0027688103,0,-31.164532,3.7677947e-06,0
0.5,0,26.690339,-0.0028646921,0,-31.155304,3.8736473e-06,0
0.5,0,26.690629,-0.0029594401,0,-31.146075,3.9880466e-06,0
0.5,0,26.69097,-0.0030416395,0,-31.136847,4.1148281e-06,0
0.5,0,26.69136,-0.0031063206,0,-31.127619,4.2554341e-06,0
0.5,0,26.691804,-0.0031521312,0,-31.11839,4.4084013e-06,0
0.5,0,26.6923,-0.0031796344,0,-31.109162,4.5693459e-06,0
0.5,0,26.692827,-0.0031899415,0,-31.099933,4.731458e-06,0
0.5,0,26.69335,-0.0031836037,0,-31.090705,4.8865369e-06,0
0.5,0,26.693837,-0.0031613855,0,-31.081476,5.02635e-06,0
0.5,0,26.694264,-0.0031236437,0,-31.072248,5.1439801e-06,0
0.5,0,26.694638,-0.0030691863,0,-31.063019,5.2348479e-06,0
0.5,0,26.695004,-0.0029954439,0,-31.053791,5.297418e-06,0
0.5,0,26.695444,-0.0029006498,0,-31.044562,5.333751e-06,0
0.5,0,26.696028,-0.0027929169,0,-31.035334,5.3500323e-06,0
0.5,0,26.696736,-0.0026919937,0,-31.026105,5.3560395e-06,0
0.5,0,26.697463,-0.0026116409,0,-31.016877,5.3629015e-06,0
0.5,0,26.69811,-0.0025518822,0,-31.007648,5.3809456e-06,0
0.5,0,26.698623,-0.0025140532,0,-30.99842,5.4179336e-06,0
0.5,0,26.699013,-0.0025051385,0,-30.989192,5.4774816e-06,0
0.5,0,26.699342,-0.0025303437,0,-30.979963,5.5587154e-06,0
0.5,0,26.69968,-0.0025914152,0,-30.970735,5.6570491e-06,0
0.5,0,26.700066,-0.0026848016,0,-30.961506,5.7655684e-06,0
0.5,0,26.700513,-0.0027995553,0,-30.952278,5.8769033e-06,0
0.5,0,26.70102,-0.0029185722,0,-30.943049,5.9852082e-06,0
0.5,0,26.701583,-0.0030229822,0,-30.933821,6.0874026e-06,0
0.5,0,26.702191,-0.0030975073,0,-30.924592,6.1830833e-06,0
0.5,0,26.702832,-0.0031362102,0,-30.915364,6.2729072e-06,0
0.5,0,26.703485,-0.0031456238,0,-30.906135,6.3561742e-06,0
0.5,0,26.704129,-0.0031414503,0,-30.896907,6.4289155e-06,0
0.5,0,26.704745,-0.0031401122,0,-30.887678,6.4835065e-06,0
0.5,0,26.705321,-0.0031482717,0,-30.87845,6.5103842e-06,0
0.5,0,26.705852,-0.0031561131,0,-30.869221,6.5012781e-06,0
0.5,0,26.706339,-0.0031396672,0,-30.859993,6.4525536e-06,0
0.5,0,26.706786,-0.0030728935,0,-30.850765,6.36723e-06,0
0.5,0,26.707195,-0.0029453832,0,-30.841536,6.2547544e-06,0
0.5,0,26.707569,-0.0027764039,0,-30.832308,6.1288612e-06,0
0.5,0,26.707904,-0.0026132074,0,-30.823079,6.0040525e-06,0
0.5,0,26.708207,-0.0025105976,0,-30.813851,5.8914398e-06,0
0.5,0,26.70849,-0.0025036035,0,-30.804622,5.795039e-06,0
0.5,0,26.708774,-0.0025918116,0,-30.795394,5.7098538e-06,0
0.5,0,26.709075,-0.0027480719,0,-30.786165,5.6238185e-06,0
0.5,0,26.709398,-0.0029453682,0,-30.776937,5.523889e-06,0
0.5,0,26.709746,-0.0031750193,0,-30.767708,5.4038059e-06,0
0.5,0,26.710128,-0.0034365321,0,-30.75848,5.2691431e-06,0
0.5,0,26.710559,-0.0037096786,0,-30.749251,5.1354426e-06,0
0.5,0,26.711057,-0.0039342644,0,-30.740023,5.0202514e-06,0
0.5,0,26.711624,-0.0040277612,0,-30.730794,4.9342842e-06,0
0.5,0,26.712239,-0.0039340945,0,-30.721566,4.8775588e-06,0
0.5,0,26.712861,-0.0036626844,0,-30.712338,4.842865e-06,0
0.5,0,26.713436,-0.0032917961,0,-30.703109,4.8229147e-06,0
0.5,0,26.713918,-0.0029297682,0,-30.693881,4.8155536e-06,0
0.5,0,26.714283,-0.0026635445,0,-30.684652,4.8241625e-06,0
0.5,0,26.714529,-0.0025271223,0,-30.675424,4.8548433e-06,0
0.5,0,26.714682,-0.0024998392,0,-30.666195,4.9140601e-06,0
0.5,0,26.714786,-0.0025297823,0,-30.656967,5.0084286e-06,0
0.5,0,26.714897,-0.0025605748,0,-30.647738,5.1453226e-06,0
0.5,0,26.715063,-0.0025520152,0,-30.63851,5.3315137e-06,0
0.5,0,26.715311,-0.0024929363,0,-30.629281,5.5692067e-06,0
0.5,0,26.715635,-0.0024032261,0,-30.620053,5.8518319e-06,0
0.5,0,26.716013,-0.0023244996,0,-30.610824,6.1626908e-06,0
0.5,0,26.716408,-0.0022973466,0,-30.601596,6.4784851e-06,0
0.5,0,26.716777,-0.0023380006,0,-30.592367,6.7764644e-06,0
0.5,0,26.717076,-0.0024296825,0,-30.583139,7.0419131e-06,0
0.5,0,26.717264,-0.0025352332,0,-30.57391,7.2723823e-06,0
0.5,0,26.71731,-0.0026258555,0,-30.564682,7.4761282e-06,0
0.5,0,26.717196,-0.0027017452,0,-30.555454,7.6660432e-06,0
0.5,0,26.716928,-0.0027875009,0,-30.546225,7.8526497e-06,0
0.5,0,26.716533,-0.0029057386,0,-30.536997,8.0402696e-06,0
0.5,0,26.716046,-0.0030515582,0,-30.527768,8.2282758e-06,0
0.5,0,26.715505,-0.0031915496,0,-30.51854,8.4149854e-06,0
0.5,0,26.714937,-0.0032861624,0,-30.509311,8.6004754e-06,0
0.5,0,26.71435,-0.0033137629,0,-30.500083,8.7863899e-06,0
0.5,0,26.713741,-0.0032774348,0,-30.490854,8.973704e-06,0
0.5,0,26.713097,-0.0031952177,0,-30.481626,9.1609747e-06,0
0.5,0,26.712405,-0.0030864937,0,-30.472397,9.3444815e-06,0
0.5,0,26.711663,-0.0029643093,0,-30.463169,9.5198075e-06,0
0.5,0,26.710897,-0.0028353798,0,-30.45394,9.6838202e-06,0
0.5,0,26.710154,-0.0027104123,0,-30.444712,9.8358461e-06,0
0.5,0,26.709496,-0.0026197811,0,-30.435483,9.9765367e-06,0
0.5,0,26.708973,-0.0025996362,0,-30.426255,1.0105253e-05,0
0.5,0,26.708601,-0.0026325802,0,-30.417027,1.0221573e-05,0
0.5,0,26.708345,-0.0026346037,0,-30.407798,1.0332958e-05,0
0.5,0,26.70813,-0.0025580995,0,-30.39857,1.0456832e-05,0
0.5,0,26.7079,-0.002468073,0,-30.389341,1.0608349e-05,0
0.5,0,26.707645,-0.002455192,0,-30.380113,1.0788017e-05,0
0.5,0,26.707355,-0.0025192368,0,-30.370884,1.0985487e-05,0
0.5,0,26.707006,-0.0025946617,0,-30.361656,1.1191858e-05,0
0.5,0,26.706655,-0.0026432986,0,-30.352427,1.1404342e-05,0
0.5,0,26.706449,-0.0026638667,0,-30.343199,1.1621835e-05,0
0.5,0,26.70647,-0.0026557752,0,-30.33397,1.1839009e-05,0
0.5,0,26.706687,-0.0026523016,0,-30.324742,1.2047231e-05,0
0.5,0,26.707049,-0.0027416459,0,-30.315513,1.2243691e-05,0
0.5,0,26.707549,-0.0029399082,0,-30.306285,1.2431549e-05,0
0.5,0,26.708184,-0.0031093521,0,-30.297056,1.2603511e-05,0
0.5,0,26.708903,-0.0031319384,0,-30.287828,1.2736795e-05,0
0.5,0,26.709629,-0.003073913,0,-30.2786,1.2813615e-05,0
0.5,0,26.710306,-0.0030681928,0,-30.269371,1.2837334e-05,0
0.5,0,26.710903,-0.0031321116,0,-30.260143,1.2824342e-05,0
0.5,0,26.711397,-0.0031858168,0,-30.250914,1.2789329e-05,0
0.5,0,26.71178,-0.0031722331,0,-30.241686,1.2741949e-05,0
0.5,0,26.712056,-0.0030986646,0,-30.232457,1.2690529e-05,0
0.5,0,26.712252,-0.0030025655,0,-30.223229,1.264327e-05,0
0.5,0,26.712408,-0.0029170171,0,-30.214,1.2606484e-05,0
0.5,0,26.712552,-0.002858846,0,-30.204772,1.2583592e-05,0
0.5,0,26.712698,-0.0028272213,0,-30.195543,1.2575859e-05,0
0.5,0,26.712847,-0.0028059373,0,-30.186315,1.2582945e-05,0
0.5,0,26.71299,-0.0027721657,0,-30.177086,1.2602599e-05,0
0.5,0,26.713104,-0.0027143608,0,-30.167858,1.2631006e-05,0
0.5,0,26.713159,-0.0026490628,0,-30.158629,1.2665167e-05,0
0.5,0,26.713135,-0.0026158063,0,-30.149401,1.2706192e-05,0
0.5,0,26.713031,-0.0026454227,0,-30.140173,1.2759782e-05,0
0.5,0,26.712861,-0.0027283333,0,-30.130944,1.2832187e-05,0
0.5,0,26.712644,-0.0028197382,0,-30.121716,1.2925042e-05,0
0.5,0,26.712398,-0.0028819464,0,-30.112487,1.3034262e-05,0
0.5,0,26.712137,-0.0029191162,0,-30.103259,1.3154305e-05,0
0.5,0,26.711882,-0.002967662,0,-30.09403,1.3283362e-05,0
0.5,0,26.711657,-0.0030509591,0,-30.084802,1.3423642e-05,0
0.5,0,26.711489,-0.0031437872,0,-30.075573,1.3576022e-05,0
0.5,0,26.711389,-0.0031863351,0,-30.066345,1.3734555e-05,0
0.5,0,26.711343,-0.0031368784,0,-30.057116,1.3886841e-05,0
0.5,0,26.711317,-0.003014108,0,-30.047888,1.4021092e-05,0
0.5,0,26.711282,-0.0028928131,0,-30.038659,1.4134441e-05,0
0.5,0,26.711224,-0.0028533929,0,-30.029431,1.4235702e-05,0
0.5,0,26.711132,-0.0029261491,0,-30.020202,1.4340632e-05,0
0.5,0,26.710987,-0.0030761665,0,-30.010974,1.4463086e-05,0
0.5,0,26.710764,-0.0032298309,0,-30.001746,1.4607919e-05,0
0.5,0,26.710442,-0.0033188598,0,-29.992517,1.4769442e-05,0
0.5,0,26.710029,-0.0033109687,0,-29.983289,1.4934947e-05,0
0.5,0,26.709579,-0.0032129473,0,-29.97406,1.5090376e-05,0
0.5,0,26.709163,-0.0030592889,0,-29.964832,1.5225056e-05,0
0.5,0,26.708806,-0.0028946082,0,-29.955603,1.533422e-05,0
0.5,0,26.708468,-0.0027594372,0,-29.946375,1.5419466e-05,0
0.5,0,26.708065,-0.0026830557,0,-29.937146,1.5487724e-05,0
0.5,0,26.707536,-0.0026803086,0,-29.927918,1.5549463e-05,0
0.5,0,26.706906,-0.0027518061,0,-29.918689,1.5616499e-05,0
0.5,0,26.706294,-0.0028834684,0,-29.909461,1.5699661e-05,0
0.5,0,26.705845,-0.0030473832,0,-29.900232,1.5806504e-05,0
0.5,0,26.705642,-0.0032063999,0,-29.891004,1.593939e-05,0
0.5,0,26.705649,-0.0033239679,0,-29.881775,1.6094814e-05,0
0.5,0,26.705733,-0.0033781569,0,-29.872547,1.6264569e-05,0
0.5,0,26.705755,-0.0033704144,0,-29.863319,1.6438627e-05,0
0.5,0,26.705654,-0.0033226924,0,-29.85409,1.6608411e-05,0
0.5,0,26.705468,-0.0032634232,0,-29.844862,1.6768619e-05,0
0.5,0,26.705295,-0.0032105736,0,-29.835633,1.6916873e-05,0
0.5,0,26.705219,-0.0031636361,0,-29.826405,1.7051738e-05,0
0.5,0,26.705262,-0.0031079589,0,-29.817176,1.7170657e-05,0
0.5,0,26.705384,-0.0030263128,0,-29.807948,1.7269219e-05,0
0.5,0,26.705516,-0.0029101948,0,-29.798719,1.7341913e-05,0
0.5,0,26.705605,-0.002764399,0,-29.789491,1.7383723e-05,0
0.5,0,26.705633,-0.0026045745,0,-29.780262,1.7391731e-05,0
0.5,0,26.705624,-0.0024498602,0,-29.771034,1.7365923e-05,0
0.5,0,26.705625,-0.0023144109,0,-29.761805,1.7308895e-05,0
0.5,0,26.705685,-0.0022034118,0,-29.752577,1.722469e-05,0
0.5,0,26.705841,-0.002116363,0,-29.743348,1.7117746e-05,0
0.5,0,26.706105,-0.0020553088,0,-29.73412,1.6992829e-05,0
0.5,0,26.706464,-0.0020295353,0,-29.724892,1.6855764e-05,0
0.5,0,26.706895,-0.0020497022,0,-29.715663,1.6713719e-05,0
0.5,0,26.707368,-0.0021159211,0,-29.706435,1.6574121e-05,0
0.5,0,26.707851,-0.002214802,0,-29.697206,1.6442816e-05,0
0.5,0,26.708321,-0.0023306808,0,-29.687978,1.6323099e-05,0
0.5,0,26.708767,-0.0024584453,0,-29.678749,1.6216671e-05,0
0.5,0,26.709189,-0.0026030429,0,-29.669521,1.6125363e-05,0
0.5,0,26.709589,-0.0027638384,0,-29.660292,1.605126e-05,0
0.5,0,26.709962,-0.0029181558,0,-29.651064,1.5994419e-05,0
0.5,0,26.710284,-0.0030253672,0,-29.641835,1.5950187e-05,0
0.5,0,26.710522,-0.0030530082,0,-29.632607,1.5908909e-05,0
0.5,0,26.710637,-0.0030016427,0,-29.623378,1.5859175e-05,0
0.5,0,26.710609,-0.0029062993,0,-29.61415,1.5792529e-05,0
0.5,0,26.710443,-0.0028089715,0,-29.604921,1.5705805e-05,0
0.5,0,26.71017,-0.0027238741,0,-29.595693,1.5599155e-05,0
0.5,0,26.709826,-0.0026280525,0,-29.586465,1.5471649e-05,0
0.5,0,26.709445,-0.0024862896,0,-29.577236,1.5318709e-05,0
0.5,0,26.709055,-0.0022911315,0,-29.568008,1.5134517e-05,0
0.5,0,26.70869,-0.0020879481,0,-29.558779,1.4918375e-05,0
0.5,0,26.708401,-0.0019585289,0,-29.549551,1.4680343e-05,0
0.5,0,26.708257,-0.0019730085,0,-29.540322,1.4441603e-05,0
0.5,0,26.708323,-0.0021455167,0,-29.531094,1.4228125e-05,0
0.5,0,26.708639,-0.0024200432,0,-29.521865,1.4061067e-05,0
0.5,0,26.7092,-0.0027001901,0,-29.512637,1.3949436e-05,0
0.5,0,26.709946,-0.0028994743,0,-29.503408,1.388857e-05,0
0.5,0,26.710779,-0.0029771526,0,-29.49418,1.3864665e-05,0
0.5,0,26.711579,-0.0029464415,0,-29.484951,1.3862034e-05,0
0.5,0,26.71223,-0.0028557744,0,-29.475723,1.3869084e-05,0
0.5,0,26.712648,-0.0027589658,0,-29.466494,1.3880849e-05,0
0.5,0,26.712791,-0.0026924626,0,-29.457266,1.3897993e-05,0
0.5,0,26.71267,-0.0026672455,0,-29.448038,1.3923965e-05,0
0.5,0,26.712345,-0.0026744309,0,-29.438809,1.3962071e-05,0
0.5,0,26.711902,-0.0026961564,0,-29.429581,1.4013597e-05,0
0.5,0,26.711433,-0.0027156388,0,-29.420352,1.4077323e-05,0
0.5,0,26.711012,-0.0027226495,0,-29.411124,1.4150061e-05,0
0.5,0,26.710682,-0.0027140909,0,-29.401895,1.4227608e-05,0
0.5,0,26.71045,-0.0026927605,0,-29.392667,1.4305567e-05,0
0.5,0,26.710306,-0.0026647242,0,-29.383438,1.4379982e-05,0
0.5,0,26.710239,-0.0026373303,0,-29.37421,1.4447915e-05,0
0.5,0,26.710235,-0.0026172296,0,-29.364981,1.4507819e-05,0
0.5,0,26.710273,-0.0026058014,0,-29.355753,1.4559369e-05,0
0.5,0,26.71033,-0.0025954119,0,-29.346524,1.4602483e-05,0
0.5,0,26.710386,-0.0025702964,0,-29.337296,1.463587e-05,0
0.5,0,26.710426,-0.0025127218,0,-29.328067,1.4656037e-05,0
0.5,0,26.710443,-0.002413093,0,-29.318839,1.4657418e-05,0
0.5,0,26.710435,-0.0022769818,0,-29.309611,1.463381e-05,0
0.5,0,26.710399,-0.0021238348,0,-29.300382,1.4580444e-05,0
0.5,0,26.710338,-0.0019777297,0,-29.291154,1.449549e-05,0
0.5,0,26.710259,-0.001857616,0,-29.281925,1.4380294e-05,0
0.5,0,26.710165,-0.0017731936,0,-29.272697,1.4238515e-05,0
0.5,0,26.710066,-0.0017269583,0,-29.263468,1.4074918e-05,0
0.5,0,26.709975,-0.0017187114,0,-29.25424,1.3894497e-05,0
0.5,0,26.709902,-0.0017459726,0,-29.245011,1.3702043e-05,0
0.5,0,26.709855,-0.0018022729,0,-29.235783,1.3501749e-05,0
0.5,0,26.709836,-0.0018760145,0,-29.226554,1.3296623e-05,0
0.5,0,26.70984,-0.0019519082,0,-29.217326,1.3088016e-05,0
0.5,0,26.709864,-0.0020168055,0,-29.208097,1.2875654e-05,0
0.5,0,26.709912,-0.0020661535,0,-29.198869,1.2658492e-05,0
0.5,0,26.709987,-0.0021062168,0,-29.18964,1.2436053e-05,0
0.5,0,26.710097,-0.0021501245,0,-29.180412,1.2209496e-05,0
0.5,0,26.71025,-0.0022117005,0,-29.171184,1.1981802e-05,0
0.5,0,26.710449,-0.0022992583,0,-29.161955,1.1756963e-05,0
0.5,0,26.710688,-0.0024105861,0,-29.152727,1.1538653e-05,0
0.5,0,26.710954,-0.0025345388,0,-29.143498,1.1329052e-05,0
0.5,0,26.711224,-0.002656851,0,-29.13427,1.1128343e-05,0
0.5,0,26.711486,-0.0027696284,0,-29.125041,1.0934971e-05,0
0.5,0,26.711742,-0.0028702365,0,-29.115813,1.0746326e-05,0
0.5,0,26.711982,-0.002952511,0,-29.106584,1.0559179e-05,0
0.5,0,26.712195,-0.0030110509,0,-29.097356,1.0369811e-05,0
0.5,0,26.7124,-0.0030371531,0,-29.088127,1.0174603e-05,0
0.5,0,26.712616,-0.0030240092,0,-29.078899,9.9706953e-06,0
0.5,0,26.712837,-0.0029818245,0,-29.06967,9.7565405e-06,0
0.5,0,26.713056,-0.0029332761,0,-29.060442,9.5328227e-06,0
0.5,0,26.713269,-0.0029027273,0,-29.051213,9.3029498e-06,0
0.5,0,26.713469,-0.0029055053,0,-29.041985,9.0723145e-06,0
0.5,0,26.713648,-0.002940737,0,-29.032757,8.8462657e-06,0
0.5,0,26.713805,-0.0029927079,0,-29.023528,8.6276803e-06,0
0.5,0,26.713943,-0.0030405188,0,-29.0143,8.4155709e-06,0
0.5,0,26.714058,-0.0030683773,0,-29.005071,8.2055386e-06,0
0.5,0,26.714141,-0.0030714441,0,-28.995843,7.9916895e-06,0
0.5,0,26.714174,-0.0030558431,0,-28.986614,7.7688502e-06,0
0.5,0,26.714147,-0.0030339855,0,-28.977386,7.5340412e-06,0
0.5,0,26.714055,-0.0030196603,0,-28.968157,7.2868256e-06,0
0.5,0,26.713896,-0.0030249009,0,-28.958929,7.0288212e-06,0
0.5,0,26.713678,-0.0030591883,0,-28.9497,6.7631535e-06,0
0.5,0,26.71341,-0.0031277493,0,-28.940472,6.494212e-06,0
0.5,0,26.713104,-0.0032283703,0,-28.931243,6.2272988e-06,0
0.5,0,26.712781,-0.0033506292,0,-28.922015,5.967758e-06,0
0.5,0,26.712461,-0.0034771317,0,-28.912786,5.7197808e-06,0
0.5,0,26.712165,-0.0035878323,0,-28.903558,5.485175e-06,0
0.5,0,26.711907,-0.0036668522,0,-28.89433,5.262527e-06,0
0.5,0,26.711698,-0.0037071416,0,-28.885101,5.0474606e-06,0
0.5,0,26.711542,-0.0037096988,0,-28.875873,4.8343151e-06,0
0.5,0,26.711429,-0.003682231,0,-28.866644,4.6188729e-06,0
0.5,0,26.711348,-0.0036423661,0,-28.857416,4.4003681e-06,0
0.5,0,26.711291,-0.0036180543,0,-28.848187,4.1809194e-06,0
0.5,0,26.711249,-0.0036358309,0,-28.838959,3.963331e-06,0
0.5,0,26.711223,-0.00370418,0,-28.82973,3.7496356e-06,0
0.5,0,26.711237,-0.0038115319,0,-28.820502,3.5409504e-06,0
0.5,0,26.711318,-0.0039363777,0,-28.811273,3.3376534e-06,0
0.5,0,26.711452,-0.004057398,0,-28.802045,3.139171e-06,0
0.5,0,26.711653,-0.0041612351,0,-28.792816,2.9437642e-06,0
0.5,0,26.712018,-0.0042461193,0,-28.783588,2.7486316e-06,0
0.5,0,26.712631,-0.0043188729,0,-28.774359,2.5502064e-06,0
0.5,0,26.713484,-0.0043888684,0,-28.765131,2.3448128e-06,0
0.5,0,26.714502,-0.0044678885,0,-28.755903,2.129841e-06,0
0.5,0,26.71557,-0.0045684753,0,-28.746674,1.9049888e-06,0
0.5,0,26.716554,-0.0046926782,0,-28.737446,1.6724023e-06,0
0.5,0,26.717414,-0.0048310828,0,-28.728217,1.4352593e-06,0
0.5,0,26.718154,-0.0049850571,0,-28.718989,1.1963791e-06,0
0.5,0,26.718506,-0.0051694868,0,-28.70976,9.5856275e-07,0
0.5,0,26.718716,-0.0053904356,0,-28.700532,7.2305299e-07,0
0.5,0,26.718942,-0.0056197154,0,-28.691303,4.9063175e-07,0
0.5,0,26.718928,-0.0058235183,0,-28.682075,2.6283189e-07,0
0.5,0,26.718783,-0.0059904683,0,-28.672846,3.9631734e-08,0
0.5,0,26.708,-0.0066461163,0,-28.266794,1.7868554e-08,0
0.5,0,26.70867,-0.0065574858,0,-28.257565,9.1441687e-08,0
0.5,0,26.708887,-0.0064584518,0,-28.248337,1.7597032e-07,0
0.5,0,26.708799,-0.0063435399,0,-28.239108,2.7208334e-07,0
0.5,0,26.708586,-0.0061988428,0,-28.22988,3.7766086e-07,0
0.5,0,26.708372,-0.0060218106,0,-28.220651,4.8858296e-07,0
0.5,0,26.708215,-0.0058328847,0,-28.211423,5.9902439e-07,0
0.5,0,26.708112,-0.0056485271,0,-28.202195,7.024185e-07,0
0.5,0,26.708032,-0.0054712657,0,-28.192966,7.9413996e-07,0
0.5,0,26.707946,-0.0053072949,0,-28.183738,8.715909e-07,0
0.5,0,26.707836,-0.0051684839,0,-28.174509,9.3372747e-07,0
0.5,0,26.707688,-0.0050686576,0,-28.165281,9.8170643e-07,0
0.5,0,26.707491,-0.0050151168,0,-28.156052,1.0191485e-06,0
0.5,0,26.707246,-0.0050050664,0,-28.146824,1.0509041e-06,0
0.5,0,26.706963,-0.005026791,0,-28.137595,1.0814803e-06,0
0.5,0,26.706659,-0.0050645851,0,-28.128367,1.1140318e-06,0
0.5,0,26.706354,-0.0051034685,0,-28.119138,1.1499816e-06,0
0.5,0,26.706067,-0.0051323085,0,-28.10991,1.1891872e-06,0
0.5,0,26.705811,-0.0051454911,0,-28.100681,1.2303561e-06,0
0.5,0,26.705596,-0.0051418537,0,-28.091453,1.2715009e-06,0
0.5,0,26.705426,-0.0051240144,0,-28.082224,1.3102973e-06,0
0.5,0,26.7053,-0.0050975006,0,-28.072996,1.3444666e-06,0
0.5,0,26.705218,-0.0050700451,0,-28.063768,1.3722485e-06,0
0.5,0,26.705174,-0.0050501485,0,-28.054539,1.3927989e-06,0
0.5,0,26.70516,-0.0050444727,0,-28.045311,1.4062444e-06,0
0.5,0,26.705168,-0.0050553598,0,-28.036082,1.4132331e-06,0
0.5,0,26.705186,-0.0050795294,0,-28.026854,1.4141593e-06,0
0.5,0,26.705202,-0.0051095373,0,-28.017625,1.4084578e-06,0
0.5,0,26.705201,-0.0051365257,0,-28.008397,1.3943102e-06,0
0.5,0,26.705172,-0.0051528752,0,-27.999168,1.3688652e-06,0
0.5,0,26.705101,-0.0051548357,0,-27.98994,1.3288358e-06,0
0.5,0,26.704976,-0.0051437021,0,-27.980711,1.2713311e-06,0
0.5,0,26.704792,-0.0051253814,0,-27.971483,1.1947547e-06,0
0.5,0,26.70455,-0.00510907,0,-27.962254,1.0996339e-06,0
0.5,0,26.704263,-0.005105909,0,-27.953026,9.8919264e-07,0
0.5,0,26.70395,-0.0051263782,0,-27.943797,8.6938469e-07,0
0.5,0,26.703631,-0.0051772798,0,-27.934569,7.4830792e-07,0
0.5,0,26.703326,-0.005260403,0,-27.925341,6.3503919e-07,0
0.5,0,26.703049,-0.0053713116,0,-27.916112,5.3824058e-07,0
0.5,0,26.702811,-0.0055000656,0,-27.906884,4.6489585e-07,0
0.5,0,26.702615,-0.0056334996,0,-27.897655,4.1936598e-07,0
0.5,0,26.702455,-0.0057579654,0,-27.888427,4.0291254e-07,0
0.5,0,26.702327,-0.0058619147,0,-27.879198,4.136782e-07,0
0.5,0,26.702221,-0.0059372573,0,-27.86997,4.4701312e-07,0
0.5,0,26.702127,-0.0059803807,0,-27.860741,4.9602003e-07,0
0.5,0,26.702038,-0.0059917086,0,-27.851513,5.5241387e-07,0
0.5,0,26.701943,-0.0059739453,0,-27.842284,6.0757323e-07,0
0.5,0,26.701829,-0.0059305971,0,-27.833056,6.5363675e-07,0
0.5,0,26.701685,-0.0058654805,0,-27.823827,6.8449722e-07,0
0.5,0,26.701502,-0.005783304,0,-27.814599,6.9640248e-07,0
0.5,0,26.701276,-0.0056908792,0,-27.80537,6.8798957e-07,0
0.5,0,26.701008,-0.0055963023,0,-27.796142,6.5985987e-07,0
0.5,0,26.700703,-0.0055057617,0,-27.786914,6.1422045e-07,0
0.5,0,26.700367,-0.0054225097,0,-27.777685,5.5477703e-07,0
0.5,0,26.699995,-0.0053484602,0,-27.768457,4.8655668e-07,0
0.5,0,26.699578,-0.0052847375,0,-27.759228,4.1539522e-07,0
0.5,0,26.69913,-0.0052322313,0,-27.75,3.472525e-07,0
0.5,0,26.69867,-0.0051924059,0,-27.740771,2.8771377e-07,0
0.5,0,26.698212,-0.0051665065,0,-27.731543,2.4164325e-07,0
0.5,0,26.697765,-0.0051547715,0,-27.722314,2.1273105e-07,0
0.5,0,26.697344,-0.0051564066,0,-27.713086,2.0306239e-07,0
0.5,0,26.69697,-0.0051697674,0,-27.703857,2.1296761e-07,0
0.5,0,26.696669,-0.005191977,0,-27.694629,2.4108357e-07,0
0.5,0,26.696454,-0.005218217,0,-27.6854,2.8456476e-07,0
0.5,0,26.696323,-0.0052418848,0,-27.676172,3.3948006e-07,0
0.5,0,26.696261,-0.0052558766,0,-27.666943,4.013922e-07,0
0.5,0,26.696251,-0.0052543981,0,-27.657715,4.6599384e-07,0
0.5,0,26.696277,-0.0052344579,0,-27.648487,5.2965314e-07,0
0.5,0,26.696324,-0.0051954061,0,-27.639258,5.8989552e-07,0
0.5,0,26.696384,-0.0051379086,0,-27.63003,6.4580935e-07,0
0.5,0,26.696448,-0.0050641922,0,-27.620801,6.9823561e-07,0
0.5,0,26.696502,-0.0049776623,0,-27.611573,7.4965166e-07,0
0.5,0,26.696538,-0.0048826025,0,-27.602344,8.0376099e-07,0
0.5,0,26.696551,-0.0047837594,0,-27.593116,8.6488088e-07,0
0.5,0,26.696543,-0.0046854995,0,-27.583887,9.3730168e-07,0
0.5,0,26.696528,-0.0045916093,0,-27.574659,1.0247502e-06,0
0.5,0,26.696523,-0.0045048071,0,-27.56543,1.1300043e-06,0
0.5,0,26.696542,-0.0044276254,0,-27.556202,1.2545467e-06,0
0.5,0,26.696598,-0.0043619537,0,-27.546973,1.3982771e-06,0
0.5,0,26.6967,-0.0043081718,0,-27.537745,1.5594176e-06,0
0.5,0,26.696854,-0.0042658811,0,-27.528516,1.7345696e-06,0
0.5,0,26.697062,-0.0042339345,0,-27.519288,1.9189794e-06,0
0.5,0,26.697321,-0.004211621,0,-27.51006,2.1070496e-06,0
0.5,0,26.697624,-0.0041987976,0,-27.500831,2.2930416e-06,0
0.5,0,26.697963,-0.0041950114,0,-27.491603,2.4718536e-06,0
0.5,0,26.698327,-0.004199556,0,-27.482374,2.6397161e-06,0
0.5,0,26.698704,-0.0042113966,0,-27.473146,2.7946394e-06,0
0.5,0,26.699079,-0.0042291823,0,-27.463917,2.9365158e-06,0
0.5,0,26.699436,-0.0042505199,0,-27.454689,3.0669581e-06,0
0.5,0,26.699763,-0.0042714189,0,-27.44546,3.1888345e-06,0
0.5,0,26.700053,-0.0042863749,0,-27.436232,3.3056079e-06,0
0.5,0,26.700311,-0.0042884033,0,-27.427003,3.4206699e-06,0
0.5,0,26.700547,-0.0042700726,0,-27.417775,3.5367059e-06,0
0.5,0,26.700773,-0.0042261298,0,-27.408546,3.6551454e-06,0
0.5,0,26.701006,-0.0041556662,0,-27.399318,3.7758094e-06,0
0.5,0,26.701261,-0.0040618324,0,-27.390089,3.8969102e-06,0
0.5,0,26.701553,-0.0039516117,0,-27.380861,4.0153393e-06,0
0.5,0,26.701892,-0.00383526,0,-27.371633,4.1272499e-06,0
0.5,0,26.702278,-0.003725031,0,-27.362404,4.2288443e-06,0
0.5,0,26.702702,-0.0036333773,0,-27.353176,4.3171688e-06,0
0.5,0,26.703145,-0.0035711739,0,-27.343947,4.3907268e-06,0
0.5,0,26.70358,-0.0035460621,0,-27.334719,4.4497446e-06,0
0.5,0,26.70398,-0.0035612079,0,-27.32549,4.4960625e-06,0
0.5,0,26.704325,-0.0036152454,0,-27.316262,4.5327061e-06,0
0.5,0,26.704598,-0.0037012788,0,-27.307033,4.5634002e-06,0
0.5,0,26.704794,-0.0038065471,0,-27.297805,4.5920221e-06,0
0.5,0,26.704915,-0.0039133245,0,-27.288576,4.6219875e-06,0
0.5,0,26.704974,-0.0040014054,0,-27.279348,4.6557649e-06,0
0.5,0,26.704991,-0.0040531273,0,-27.270119,4.6946479e-06,0
0.5,0,26.704988,-0.004057519,0,-27.260891,4.738793e-06,0
0.5,0,26.70498,-0.0040105139,0,-27.251662,4.7874893e-06,0
0.5,0,26.704976,-0.0039145317,0,-27.242434,4.8395802e-06,0
0.5,0,26.704976,-0.0037788332,0,-27.233206,4.8938518e-06,0
0.5,0,26.704971,-0.0036169686,0,-27.223977,4.9493353e-06,0
0.5,0,26.704947,-0.0034443853,0,-27.214749,5.0055039e-06,0
0.5,0,26.704889,-0.0032772711,0,-27.20552,5.062349e-06,0
0.5,0,26.704791,-0.0031310265,0,-27.196292,5.1202851e-06,0
0.5,0,26.704652,-0.0030181913,0,-27.187063,5.1799617e-06,0
0.5,0,26.70447,-0.002946213,0,-27.177835,5.2421061e-06,0
0.5,0,26.704249,-0.0029165044,0,-27.168606,5.3074238e-06,0
0.5,0,26.703992,-0.002925813,0,-27.159378,5.3765484e-06,0
0.5,0,26.703706,-0.0029679737,0,-27.150149,5.4500126e-06,0
0.5,0,26.703399,-0.0030338376,0,-27.140921,5.5282929e-06,0
0.5,0,26.70308,-0.0031126095,0,-27.131692,5.6118929e-06,0
0.5,0,26.702754,-0.0031933747,0,-27.122464,5.7014525e-06,0
0.5,0,26.702428,-0.0032661285,0,-27.113235,5.7978445e-06,0
0.5,0,26.702104,-0.0033234645,0,-27.104007,5.9022544e-06,0
0.5,0,26.701792,-0.0033611101,0,-27.094779,6.0162944e-06,0
0.5,0,26.701503,-0.0033780623,0,-27.08555,6.142062e-06,0
0.5,0,26.701253,-0.0033756268,0,-27.076322,6.2820095e-06,0
0.5,0,26.701055,-0.0033565516,0,-27.067093,6.4385783e-06,0
0.5,0,26.700919,-0.0033249422,0,-27.057865,6.6136164e-06,0
0.5,0,26.700857,-0.0032857421,0,-27.048636,6.8076199e-06,0
0.5,0,26.700865,-0.0032446926,0,-27.039408,7.0190987e-06,0
0.5,0,26.70093,-0.0032060335,0,-27.030179,7.2444953e-06,0
0.5,0,26.701041,-0.0031701817,0,-27.020951,7.4785928e-06,0
0.5,0,26.701182,-0.0031364095,0,-27.011722,7.7149668e-06,0
0.5,0,26.701339,-0.003106507,0,-27.002494,7.9465184e-06,0
0.5,0,26.701512,-0.0030849888,0,-26.993265,8.1662463e-06,0
0.5,0,26.701703,-0.00307665,0,-26.984037,8.3680929e-06,0
0.5,0,26.701911,-0.0030836698,0,-26.974808,8.547629e-06,0
0.5,0,26.70214,-0.003105181,0,-26.96558,8.702477e-06,0
0.5,0,26.702403,-0.0031385646,0,-26.956352,8.8325203e-06,0
0.5,0,26.702707,-0.0031792251,0,-26.947123,8.9397606e-06,0
0.5,0,26.703049,-0.0032197328,0,-26.937895,9.0278108e-06,0
0.5,0,26.703419,-0.0032512363,0,-26.928666,9.1011328e-06,0
0.5,0,26.703799,-0.003264845,0,-26.919438,9.1642912e-06,0
0.5,0,26.704169,-0.0032529996,0,-26.910209,9.2214377e-06,0
0.5,0,26.704507,-0.0032120579,0,-26.900981,9.276006e-06,0
0.5,0,26.704796,-0.0031430882,0,-26.891752,9.3306699e-06,0
0.5,0,26.705021,-0.0030514093,0,-26.882524,9.3875262e-06,0
0.5,0,26.705171,-0.0029461605,0,-26.873295,9.4483803e-06,0
0.5,0,26.705242,-0.0028415686,0,-26.864067,9.5148317e-06,0
0.5,0,26.705245,-0.0027546377,0,-26.854838,9.5880957e-06,0
0.5,0,26.705206,-0.0026980543,0,-26.84561,9.6688171e-06,0
0.5,0,26.705156,-0.0026795893,0,-26.836381,9.7569027e-06,0
0.5,0,26.705114,-0.002702765,0,-26.827153,9.8513607e-06,0
0.5,0,26.705091,-0.002764493,0,-26.817925,9.9500649e-06,0
0.5,0,26.705109,-0.0028559577,0,-26.808696,1.004943e-05,0
0.5,0,26.705189,-0.0029640742,0,-26.799468,1.0144288e-05,0
0.5,0,26.705336,-0.0030720446,0,-26.790239,1.0228044e-05,0
0.5,0,26.705546,-0.0031623591,0,-26.781011,1.0293143e-05,0
0.5,0,26.705803,-0.0032210634,0,-26.771782,1.0331945e-05,0
0.5,0,26.706086,-0.0032397304,0,-26.762554,1.0337855e-05,0
0.5,0,26.706368,-0.0032154607,0,-26.753325,1.0306325e-05,0
0.5,0,26.706613,-0.0031500488,0,-26.744097,1.0235516e-05,0
0.5,0,26.706783,-0.0030499462,0,-26.734868,1.0126635e-05,0
0.5,0,26.706838,-0.0029258061,0,-26.72564,9.9839079e-06,0
0.5,0,26.706748,-0.0027906601,0,-26.716411,9.8141485e-06,0
0.5,0,26.706494,-0.0026588539,0,-26.707183,9.6258946e-06,0
0.5,0,26.706074,-0.002543485,0,-26.697954,9.4283665e-06,0
0.5,0,26.7055,-0.0024537967,0,-26.688726,9.2304046e-06,0
0.5,0,26.704806,-0.0023962313,0,-26.679498,9.0393579e-06,0
0.5,0,26.704036,-0.0023759088,0,-26.670269,8.8601962e-06,0
0.5,0,26.703262,-0.0023948771,0,-26.661041,8.6950796e-06,0
0.5,0,26.70256,-0.0024514517,0,-26.651812,8.5433473e-06,0
0.5,0,26.701905,-0.0025401147,0,-26.642584,8.4019808e-06,0
0.5,0,26.701409,-0.0026536833,0,-26.633355,8.2659874e-06,0
0.5,0,26.70114,-0.0027839219,0,-26.624127,8.1292279e-06,0
0.5,0,26.70103,-0.0029209259,0,-26.614898,7.9854524e-06,0
0.5,0,26.70112,-0.0030566692,0,-26.60567,7.8288749e-06,0
0.5,0,26.701403,-0.0031846852,0,-26.596441,7.6548538e-06,0
0.5,0,26.701857,-0.003297632,0,-26.587213,7.460459e-06,0
0.5,0,26.702433,-0.0033898533,0,-26.577984,7.2447549e-06,0
0.5,0,26.703115,-0.0034574828,0,-26.568756,7.0087451e-06,0
0.5,0,26.703874,-0.0034988626,0,-26.559527,6.7550232e-06,0
0.5,0,26.704661,-0.0035173566,0,-26.550299,6.4873617e-06,0
0.5,0,26.705469,-0.0035156304,0,-26.541071,6.2102853e-06,0
0.5,0,26.706269,-0.0034958089,0,-26.531842,5.9285167e-06,0
0.5,0,26.707046,-0.0034642077,0,-26.522614,5.6464822e-06,0
0.5,0,26.7078,-0.0034296063,0,-26.513385,5.3678301e-06,0
0.5,0,26.708533,-0.003402305,0,-26.504157,5.0949614e-06,0
0.5,0,26.709241,-0.0033954501,0,-26.494928,4.8286985e-06,0
0.5,0,26.709914,-0.0034228788,0,-26.4857,4.5683614e-06,0
0.5,0,26.710542,-0.0034964994,0,-26.476471,4.3122976e-06,0
0.5,0,26.711119,-0.003626409,0,-26.467243,4.058623e-06,0
0.5,0,26.711644,-0.0038131638,0,-26.458014,3.8059864e-06,0
0.5,0,26.712114,-0.004054402,0,-26.448786,3.5541447e-06,0
0.5,0,26.712488,-0.0043514808,0,-26.439557,3.3040551e-06,0
0.5,0,26.712822,-0.0046753465,0,-26.430329,3.0573684e-06,0
0.5,0,26.713395,-0.0050206127,0,-26.4211,2.815902e-06,0
0.5,0,26.71385,-0.0053678628,0,-26.411872,2.5806865e-06,0
0.5,0,26.714068,-0.0056707025,0,-26.402644,2.3516596e-06,0
0.5,0,26.714397,-0.0059261447,0,-26.393415,2.1275063e-06,0
0.5,0,26.714736,-0.0061312107,0,-26.384187,1.9049272e-06,0
0.5,0,26.715064,-0.0062799218,0,-26.374958,1.6790368e-06,0
0.5,0,26.715379,-0.0063779791,0,-26.36573,1.446655e-06,0
0.5,0,26.715668,-0.0064390095,0,-26.356501,1.207809e-06,0
0.5,0,26.715917,-0.0064756073,0,-26.347273,9.6380242e-07,0
0.5,0,26.716137,-0.0065016162,0,-26.338044,7.1689647e-07,0
0.5,0,26.716401,-0.006513022,0,-26.328816,4.696789e-07,0
0.5,0,26.71677,-0.0065085775,0,-26.319587,2.2574995e-07,0
0.5,0,26.704073,-0.0068301299,0,-25.876621,1.719635e-07,0
0.5,0,26.704408,-0.006856677,0,-25.867392,3.3785774e-07,0
0.5,0,26.704703,-0.006862593,0,-25.858164,4.7261421e-07,0
0.5,0,26.705008,-0.0068598326,0,-25.848935,5.7711274e-07,0
0.5,0,26.705355,-0.006845443,0,-25.839707,6.5517972e-07,0
0.5,0,26.705741,-0.0067914622,0,-25.830479,7.1306605e-07,0
0.5,0,26.706154,-0.0066708112,0,-25.82125,7.5749504e-07,0
0.5,0,26.706575,-0.0064753047,0,-25.812022,7.9441432e-07,0
0.5,0,26.706994,-0.0062141178,0,-25.802793,8.3008861e-07,0
0.5,0,26.707405,-0.0059041616,0,-25.793565,8.7181037e-07,0
0.5,0,26.707801,-0.0055658065,0,-25.784336,9.2683818e-07,0
0.5,0,26.708164,-0.0052222898,0,-25.775108,1.0009219e-06,0
0.5,0,26.708469,-0.0048982159,0,-25.765879,1.097308e-06,0
0.5,0,26.70869,-0.0046173376,0,-25.756651,1.2161129e-06,0
0.5,0,26.708806,-0.0044006058,0,-25.747422,1.3541292e-06,0
0.5,0,26.708803,-0.0042636661,0,-25.738194,1.5051046e-06,0
0.5,0,26.708683,-0.004214716,0,-25.728965,1.6602942e-06,0
0.5,0,26.708454,-0.0042535481,0,-25.719737,1.8092246e-06,0
0.5,0,26.708135,-0.0043725399,0,-25.710508,1.9406366e-06,0
0.5,0,26.707749,-0.0045572911,0,-25.70128,2.0435239e-06,0
0.5,0,26.707319,-0.0047867352,0,-25.692052,2.1082748e-06,0
0.5,0,26.706873,-0.0050348429,0,-25.682823,2.1278447e-06,0
0.5,0,26.706417,-0.0052756592,0,-25.673595,2.0986359e-06,0
0.5,0,26.705975,-0.0054874796,0,-25.664366,2.0209988e-06,0
0.5,0,26.705529,-0.0056528003,0,-25.655138,1.899406e-06,0
0.5,0,26.705105,-0.0057565829,0,-25.645909,1.7426844e-06,0
0.5,0,26.704724,-0.0057891472,0,-25.636681,1.5634751e-06,0
0.5,0,26.704373,-0.0057496869,0,-25.627452,1.3768196e-06,0
0.5,0,26.704053,-0.0056438277,0,-25.618224,1.1991062e-06,0
0.5,0,26.703759,-0.0054809872,0,-25.608995,1.0471727e-06,0
0.5,0,26.703513,-0.0052750385,0,-25.599767,9.3670435e-07,0
0.5,0,26.703301,-0.0050468788,0,-25.590538,8.8004299e-07,0
0.5,0,26.703126,-0.0048219182,0,-25.58131,8.8475053e-07,0
0.5,0,26.702977,-0.0046252981,0,-25.572081,9.5297867e-07,0
0.5,0,26.702843,-0.0044786282,0,-25.562853,1.0808693e-06,0
0.5,0,26.702721,-0.0043980576,0,-25.553625,1.2582069e-06,0
0.5,0,26.702598,-0.0043933474,0,-25.544396,1.4691126e-06,0
0.5,0,26.702469,-0.0044654903,0,-25.535168,1.6936662e-06,0
0.5,0,26.702338,-0.004605204,0,-25.525939,1.9100835e-06,0
0.5,0,26.702212,-0.0047942413,0,-25.516711,2.0971835e-06,0
0.5,0,26.702096,-0.0050092501,0,-25.507482,2.2367253e-06,0
0.5,0,26.701991,-0.0052247838,0,-25.498254,2.3154593e-06,0
0.5,0,26.701892,-0.0054171866,0,-25.489025,2.3265038e-06,0
0.5,0,26.70179,-0.0055690972,0,-25.479797,2.2698275e-06,0
0.5,0,26.70168,-0.0056708018,0,-25.470568,2.1518091e-06,0
0.5,0,26.701551,-0.005718426,0,-25.46134,1.9842282e-06,0
0.5,0,26.701398,-0.0057113821,0,-25.452111,1.7829215e-06,0
0.5,0,26.701213,-0.0056502313,0,-25.442883,1.5663822e-06,0
0.5,0,26.700992,-0.0055361665,0,-25.433654,1.3543523e-06,0
0.5,0,26.700728,-0.0053725945,0,-25.424426,1.1662458e-06,0
0.5,0,26.700418,-0.0051667808,0,-25.415198,1.0194608e-06,0
0.5,0,26.700062,-0.0049305015,0,-25.405969,9.2775793e-07,0
0.5,0,26.699676,-0.0046788561,0,-25.396741,9.0003563e-07,0
0.5,0,26.699286,-0.004429876,0,-25.387512,9.3947501e-07,0
0.5,0,26.698936,-0.004202914,0,-25.378284,1.043284e-06,0
0.5,0,26.698673,-0.0040175047,0,-25.369055,1.2029204e-06,0
0.5,0,26.698542,-0.0038923894,0,-25.359827,1.4047236e-06,0
0.5,0,26.698573,-0.0038428941,0,-25.350598,1.6309764e-06,0
0.5,0,26.698759,-0.00387858,0,-25.34137,1.8613414e-06,0
0.5,0,26.699065,-0.0040007043,0,-25.332141,2.0746397e-06,0
0.5,0,26.699462,-0.0042017668,0,-25.322913,2.2507689e-06,0
0.5,0,26.699948,-0.0044659819,0,-25.313684,2.3725988e-06,0
0.5,0,26.700551,-0.004770478,0,-25.304456,2.4276138e-06,0
0.5,0,26.70128,-0.005088847,0,-25.295227,2.4090793e-06,0
0.5,0,26.702091,-0.0053970486,0,-25.285999,2.3165291e-06,0
0.5,0,26.702893,-0.0056772647,0,-25.276771,2.1552455e-06,0
0.5,0,26.703589,-0.0059163354,0,-25.267542,1.9351194e-06,0
0.5,0,26.704121,-0.0061016165,0,-25.258314,1.6703898e-06,0
0.5,0,26.704465,-0.0062254983,0,-25.249085,1.3792949e-06,0
0.5,0,26.704626,-0.0062902526,0,-25.239857,1.081766e-06,0
0.5,0,26.704627,-0.006301547,0,-25.230628,7.9619226e-07,0
0.5,0,26.704493,-0.0062547753,0,-25.2214,5.3940985e-07,0
0.5,0,26.704275,-0.0061536019,0,-25.212171,3.2540572e-07,0
0.5,0,26.704036,-0.0060212684,0,-25.202943,1.6365028e-07,0
0.5,0,26.703794,-0.0058818374,0,-25.193714,5.6909917e-08,0
0.5,0,26.70352,-0.0057630426,0,-25.184486,1.3302231e-09,0
0.5,0,26.70279,-0.0056761008,0,-25.166029,7.0986492e-09,0
0.5,0,26.702348,-0.0057300136,0,-25.1568,4.1677032e-08,0
0.5,0,26.70188,-0.0058595921,0,-25.147572,7.8309121e-08,0
0.5,0,26.701395,-0.0060636778,0,-25.138344,1.0351315e-07,0
0.5,0,26.700893,-0.0063376086,0,-25.129115,1.0493444e-07,0
0.5,0,26.700367,-0.0066717105,0,-25.119887,7.1982553e-08,0
0.5,0,26.689631,-0.0055313371,0,-24.963003,9.3315833e-08,0
0.5,0,26.689209,-0.0053769939,0,-24.953774,4.4788121e-07,0
0.5,0,26.688871,-0.0052886095,0,-24.944546,7.78863e-07,0
0.5,0,26.688575,-0.0052746929,0,-24.935317,1.0695968e-06,0
0.5,0,26.688317,-0.0053434629,0,-24.926089,1.3065456e-06,0
0.5,0,26.6881,-0.0054888658,0,-24.91686,1.4791308e-06,0
0.5,0,26.687924,-0.0056835677,0,-24.907632,1.5828367e-06,0
0.5,0,26.687782,-0.0058942427,0,-24.898403,1.619388e-06,0
0.5,0,26.687663,-0.0060865688,0,-24.889175,1.5951626e-06,0
0.5,0,26.687563,-0.0062317419,0,-24.879946,1.5206086e-06,0
0.5,0,26.687479,-0.0063081029,0,-24.870718,1.4099554e-06,0
0.5,0,26.687411,-0.0063013116,0,-24.86149,1.2801572e-06,0
0.5,0,26.687355,-0.0062047397,0,-24.852261,1.1495592e-06,0
0.5,0,26.687316,-0.0060184241,0,-24.843033,1.0366545e-06,0
0.5,0,26.687292,-0.0057501665,0,-24.833804,9.5865366e-07,0
0.5,0,26.687312,-0.0054154004,0,-24.824576,9.3020689e-07,0
0.5,0,26.687385,-0.0050379016,0,-24.815347,9.6247082e-07,0
0.5,0,26.687533,-0.0046491219,0,-24.806119,1.0623998e-06,0
0.5,0,26.687761,-0.0042841691,0,-24.79689,1.232002e-06,0
0.5,0,26.688023,-0.0039758487,0,-24.787662,1.4677025e-06,0
0.5,0,26.688337,-0.0037491015,0,-24.778433,1.7600523e-06,0
0.5,0,26.688729,-0.0036210605,0,-24.769205,2.0941968e-06,0
0.5,0,26.689208,-0.003602104,0,-24.759976,2.4511726e-06,0
0.5,0,26.689763,-0.0036933149,0,-24.750748,2.8097432e-06,0
0.5,0,26.69037,-0.0038852283,0,-24.741519,3.148445e-06,0
0.5,0,26.691034,-0.0041587944,0,-24.732291,3.4475305e-06,0
0.5,0,26.691779,-0.0044855773,0,-24.723063,3.6906409e-06,0
0.5,0,26.692626,-0.0048310556,0,-24.713834,3.8660322e-06,0
0.5,0,26.693573,-0.005159326,0,-24.704606,3.9675222e-06,0
0.5,0,26.694604,-0.0054364479,0,-24.695377,3.9950196e-06,0
0.5,0,26.695697,-0.0056321208,0,-24.686149,3.9544947e-06,0
0.5,0,26.696831,-0.0057217567,0,-24.67692,3.8572816e-06,0
0.5,0,26.69798,-0.0056897817,0,-24.667692,3.7190302e-06,0
0.5,0,26.699117,-0.005532727,0,-24.658463,3.5586034e-06,0
0.5,0,26.700212,-0.0052616556,0,-24.649235,3.3968936e-06,0
0.5,0,26.701235,-0.0049003723,0,-24.640006,3.2553708e-06,0
0.5,0,26.702164,-0.0044798971,0,-24.630778,3.1541789e-06,0
0.5,0,26.702982,-0.0040325721,0,-24.621549,3.1099788e-06,0
0.5,0,26.70368,-0.0035904899,0,-24.612321,3.1339755e-06,0
0.5,0,26.704251,-0.0031859769,0,-24.603092,3.2308926e-06,0
0.5,0,26.704692,-0.0028508732,0,-24.593864,3.3988834e-06,0
0.5,0,26.705006,-0.0026120451,0,-24.584636,3.6299488e-06,0
0.5,0,26.705196,-0.0024851738,0,-24.575407,3.9104929e-06,0
0.5,0,26.705265,-0.0024729569,0,-24.566179,4.2222877e-06,0
0.5,0,26.705218,-0.0025685481,0,-24.55695,4.5440751e-06,0
0.5,0,26.705054,-0.0027606093,0,-24.547722,4.8535033e-06,0
0.5,0,26.704773,-0.0030330515,0,-24.538493,5.1292034e-06,0
0.5,0,26.704388,-0.0033643172,0,-24.529265,5.3526605e-06,0
0.5,0,26.703912,-0.0037296333,0,-24.520036,5.5096142e-06,0
0.5,0,26.703358,-0.0041026867,0,-24.510808,5.591006e-06,0
0.5,0,26.702733,-0.0044561973,0,-24.501579,5.5937113e-06,0
0.5,0,26.702046,-0.0047630039,0,-24.492351,5.5208747e-06,0
0.5,0,26.701301,-0.0049968629,0,-24.483122,5.3818577e-06,0
0.5,0,26.700502,-0.0051342024,0,-24.473894,5.1917114e-06,0
0.5,0,26.69965,-0.0051572472,0,-24.464665,4.9701e-06,0
0.5,0,26.698741,-0.0050571262,0,-24.455437,4.7397275e-06,0
0.5,0,26.697765,-0.0048361924,0,-24.446209,4.5244437e-06,0
0.5,0,26.69672,-0.0045084931,0,-24.43698,4.3472078e-06,0
0.5,0,26.695606,-0.0040997925,0,-24.427752,4.2280433e-06,0
0.5,0,26.694436,-0.0036452901,0,-24.418523,4.1821979e-06,0
0.5,0,26.693224,-0.0031854475,0,-24.409295,4.2186289e-06,0
0.5,0,26.691985,-0.0027607572,0,-24.400066,4.3391355e-06,0
0.5,0,26.690731,-0.0024070787,0,-24.390838,4.5380422e-06,0
0.5,0,26.689483,-0.0021523519,0,-24.381609,4.8025802e-06,0
0.5,0,26.688264,-0.0020157351,0,-24.372381,5.1138423e-06,0
0.5,0,26.687097,-0.0020075717,0,-24.363152,5.4482531e-06,0
0.5,0,26.685999,-0.002129016,0,-24.353924,5.7795219e-06,0
0.5,0,26.684989,-0.0023730069,0,-24.344695,6.0809435e-06,0
0.5,0,26.684088,-0.0027239905,0,-24.335467,6.3277283e-06,0
0.5,0,26.683316,-0.0031588838,0,-24.326238,6.4989374e-06,0
0.5,0,26.682695,-0.0036495663,0,-24.31701,6.5790802e-06,0
0.5,0,26.68225,-0.0041635556,0,-24.307782,6.5592399e-06,0
0.5,0,26.682011,-0.0046656461,0,-24.298553,6.4378255e-06,0
0.5,0,26.682003,-0.0051219957,0,-24.289325,6.2207998e-06,0
0.5,0,26.68224,-0.005502815,0,-24.280096,5.9212753e-06,0
0.5,0,26.682736,-0.0057847414,0,-24.270868,5.5583336e-06,0
0.5,0,26.68351,-0.0059522226,0,-24.261639,5.1553269e-06,0
0.5,0,26.68459,-0.005997924,0,-24.252411,4.7379129e-06,0
0.5,0,26.686012,-0.0059237441,0,-24.243182,4.3319194e-06,0
0.5,0,26.687822,-0.005740849,0,-24.233954,3.9612553e-06,0
0.5,0,26.69006,-0.0054685469,0,-24.224725,3.646057e-06,0
0.5,0,26.692765,-0.0051309776,0,-24.215497,3.4014525e-06,0
0.5,0,26.695967,-0.0047551888,0,-24.206268,3.236811e-06,0
0.5,0,26.699669,-0.0043702162,0,-24.19704,3.155434e-06,0
0.5,0,26.703851,-0.0040072298,0,-24.187811,3.1544381e-06,0
0.5,0,26.708472,-0.0036990025,0,-24.178583,3.2248551e-06,0
0.5,0,26.71347,-0.0034784053,0,-24.169355,3.3520652e-06,0
0.5,0,26.718761,-0.0033752324,0,-24.160126,3.5167485e-06,0
0.5,0,26.72425,-0.0034132838,0,-24.150898,3.6960828e-06,0
0.5,0,26.729835,-0.0036088301,0,-24.141669,3.8649956e-06,0
0.5,0,26.735424,-0.0039678924,0,-24.132441,3.9978018e-06,0
0.5,0,26.740942,-0.0044831632,0,-24.123212,4.0703623e-06,0
0.5,0,26.746334,-0.0051313564,0,-24.113984,4.0624617e-06,0
0.5,0,26.751572,-0.0058767853,0,-24.104755,3.9596912e-06,0
0.5,0,26.756642,-0.0066745194,0,-24.095527,3.7550601e-06,0
0.5,0,26.761518,-0.0074735358,0,-24.086298,3.450356e-06,0
0.5,0,26.766144,-0.0082268133,0,-24.07707,3.0569794e-06,0
0.5,0,26.770419,-0.0089017596,0,-24.067841,2.5949211e-06,0
0.5,0,26.774225,-0.0094414988,0,-24.058613,2.0900373e-06,0
0.5,0,26.77745,-0.0097832641,0,-24.049384,1.5699474e-06,0
0.5,0,26.779946,-0.009916866,0,-24.040156,1.0651962e-06,0
0.5,0,26.781587,-0.0098586805,0,-24.030928,6.0702409e-07,0
0.5,0,26.782321,-0.0096155409,0,-24.021699,2.2205086e-07,0
0.5,0,26.771616,-0.0064759543,0,-23.966328,8.425361e-08,0
0.5,0,26.768228,-0.0061230405,0,-23.9571,3.4799058e-07,0
0.5,0,26.764759,-0.005972437,0,-23.947871,6.2743909e-07,0
0.5,0,26.761399,-0.0060245784,0,-23.938643,8.9020909e-07,0
0.5,0,26.758305,-0.0062948533,0,-23.929414,1.1067682e-06,0
0.5,0,26.755597,-0.006783357,0,-23.920186,1.2509774e-06,0
0.5,0,26.753374,-0.0074636974,0,-23.910957,1.3032234e-06,0
0.5,0,26.751687,-0.008299462,0,-23.901729,1.2494198e-06,0
0.5,0,26.750505,-0.0092072762,0,-23.892501,1.0848658e-06,0
0.5,0,26.749764,-0.010098202,0,-23.883272,8.1450315e-07,0
0.5,0,26.749345,-0.010887338,0,-23.874044,4.4962717e-07,0
0.5,0,26.749065,-0.011498695,0,-23.864815,1.0660193e-08,0
0.5,0,26.575852,-0.0081459484,0,-15.669937,9.56908e-07,0
0.5,0,26.576009,-0.010656484,0,-15.660708,1.5907427e-06,0
0.5,0,26.575066,-0.013193016,0,-15.65148,1.4009347e-06,0
0.5,0,26.573101,-0.016275961,0,-15.642251,3.731668e-07,0
0.5,0,26.550638,-0.0047211753,0,-15.328483,2.2477149e-06,0
0.5,0,26.555684,-0.0068543581,0,-15.319255,3.9753734e-06,0
0.5,0,26.559919,-0.0090705374,0,-15.310026,4.8690889e-06,0
0.5,0,26.56331,-0.01149588,0,-15.300798,4.8934188e-06,0
0.5,0,26.565944,-0.014117551,0,-15.291569,4.0486022e-06,0
0.5,0,26.567766,-0.017124645,0,-15.282341,2.3676425e-06,0
0.5,0,26.559657,0.0011838872,0,-14.98703,1.6060354e-06,0
0.5,0,26.563846,-0.00067581903,0,-14.977802,4.7865498e-06,0
0.5,0,26.566988,-0.0023112972,0,-14.968573,7.1768092e-06,0
0.5,0,26.568525,-0.0044214085,0,-14.959345,8.6993947e-06,0
0.5,0,26.568823,-0.0070140378,0,-14.950116,9.2974019e-06,0
0.5,0,26.567904,-0.010000639,0,-14.940888,8.9525438e-06,0
0.5,0,26.565297,-0.013222571,0,-14.931659,7.6853253e-06,0
0.5,0,26.560546,-0.016555429,0,-14.922431,5.5441018e-06,0
0.5,0,26.553985,-0.020195598,0,-14.913202,2.5866196e-06,0
0.5,0,26.515948,0.0038711386,0,-14.62712,7.4050804e-07,0
0.5,0,26.521753,0.0018469745,0,-14.617891,4.8962118e-06,0
0.5,0,26.526512,0.00042386281,0,-14.608663,8.2900438e-06,0
0.5,0,26.529548,-0.0013703993,0,-14.599434,1.0831521e-05,0
0.5,0,26.531475,-0.0036330212,0,-14.590206,1.2456586e-05,0
0.5,0,26.532807,-0.0063558434,0,-14.580978,1.3135879e-05,0
0.5,0,26.533208,-0.0094632356,0,-14.571749,1.2873171e-05,0
0.5,0,26.532231,-0.012766013,0,-14.562521,1.1691585e-05,0
0.5,0,26.529694,-0.016011354,0,-14.553292,9.6290993e-06,0
0.5,0,26.525713,-0.019035678,0,-14.544064,6.7371789e-06,0
0.5,0,26.52094,-0.022133477,0,-14.534835,3.0690044e-06,0
0.5,0,26.50821,0.0071929189,0,-14.257981,5.4072059e-06,0
0.5,0,26.51364,0.0065742234,0,-14.248753,1.0408215e-05,0
0.5,0,26.516505,0.0054938859,0,-14.239524,1.4691497e-05,0
0.5,0,26.51774,0.0037006966,0,-14.230296,1.8137844e-05,0
0.5,0,26.518072,0.0012629689,0,-14.221067,2.0667847e-05,0
0.5,0,26.517517,-0.0017314002,0,-14.211839,2.2250041e-05,0
0.5,0,26.515968,-0.0051052716,0,-14.20261,2.2879296e-05,0
0.5,0,26.513678,-0.0086523426,0,-14.193382,2.2558131e-05,0
0.5,0,26.51119,-0.012166164,0,-14.184153,2.1289051e-05,0
0.5,0,26.508864,-0.01544682,0,-14.174925,1.9074942e-05,0
0.5,0,26.506628,-0.018393288,0,-14.165697,1.5937684e-05,0
0.5,0,26.504501,-0.021051273,0,-14.156468,1.1941982e-05,0
0.5,0,26.502056,-0.023664989,0,-14.14724,7.189488e-06,0
0.5,0,26.49917,-0.026829012,0,-14.138011,1.7798764e-06,0
0.5,0,26.529245,0.0089271587,0,-13.870386,3.2184899e-06,0
0.5,0,26.536489,0.0079163903,0,-13.861157,8.5232881e-06,0
0.5,0,26.540586,0.0068646223,0,-13.851929,1.3095318e-05,0
0.5,0,26.542332,0.0049908989,0,-13.8427,1.6814875e-05,0
0.5,0,26.543315,0.0023704408,0,-13.833472,1.9595976e-05,0
0.5,0,26.544284,-0.00085814213,0,-13.824243,2.1402396e-05,0
0.5,0,26.545216,-0.0044795627,0,-13.815015,2.2230004e-05,0
0.5,0,26.545881,-0.0082481672,0,-13.805786,2.2082532e-05,0
0.5,0,26.546184,-0.011969065,0,-13.796558,2.0965802e-05,0
0.5,0,26.54612,-0.015458902,0,-13.787329,1.8889709e-05,0
0.5,0,26.545594,-0.018574456,0,-13.778101,1.5879009e-05,0
0.5,0,26.544355,-0.021311938,0,-13.768872,1.199323e-05,0
0.5,0,26.542216,-0.023922063,0,-13.759644,7.3288553e-06,0
0.5,0,26.539753,-0.027038036,0,-13.750416,1.9870645e-06,0
0.5,0,26.56941,0.011594617,0,-13.48279,4.8340906e-06,0
0.5,0,26.574207,0.011537369,0,-13.473562,1.0998936e-05,0
0.5,0,26.57591,0.011158911,0,-13.464333,1.652304e-05,0
0.5,0,26.57589,0.0098610533,0,-13.455105,2.1280619e-05,0
0.5,0,26.575534,0.0076371124,0,-13.445876,2.5174762e-05,0
0.5,0,26.575097,0.0045679175,0,-13.436648,2.8149205e-05,0
0.5,0,26.574185,0.00092108577,0,-13.427419,3.0168491e-05,0
0.5,0,26.572427,-0.002975718,0,-13.418191,3.1203085e-05,0
0.5,0,26.569747,-0.0068562399,0,-13.408962,3.1229134e-05,0
0.5,0,26.56626,-0.010534491,0,-13.399734,3.022751e-05,0
0.5,0,26.562113,-0.013984966,0,-13.390505,2.8191927e-05,0
0.5,0,26.557453,-0.017328045,0,-13.381277,2.5147647e-05,0
0.5,0,26.552394,-0.020594297,0,-13.372048,2.1158496e-05,0
0.5,0,26.546834,-0.023567498,0,-13.36282,1.63122e-05,0
0.5,0,26.540383,-0.026049881,0,-13.353591,1.0699672e-05,0
0.5,0,26.533004,-0.028499254,0,-13.344363,4.397956e-06,0
0.5,0,26.508044,0.015978104,0,-13.076737,8.7568761e-07,0
0.5,0,26.516715,0.014792222,0,-13.067509,8.1849244e-06,0
0.5,0,26.524049,0.014199021,0,-13.058281,1.4870397e-05,0
0.5,0,26.529737,0.012769177,0,-13.049052,2.0771644e-05,0
0.5,0,26.534983,0.010439273,0,-13.039824,2.5747226e-05,0
0.5,0,26.540021,0.0072977572,0,-13.030595,2.9694055e-05,0
0.5,0,26.544111,0.0035119101,0,-13.021367,3.2549808e-05,0
0.5,0,26.546477,-0.00063362332,0,-13.012138,3.4271378e-05,0
0.5,0,26.546984,-0.0048931764,0,-13.00291,3.4831131e-05,0
0.5,0,26.546189,-0.0090567962,0,-12.993681,3.4216454e-05,0
0.5,0,26.544919,-0.012959104,0,-12.984453,3.2424464e-05,0
0.5,0,26.543879,-0.016597454,0,-12.975224,2.9472115e-05,0
0.5,0,26.54351,-0.020069332,0,-12.965996,2.5413982e-05,0
0.5,0,26.543843,-0.023322167,0,-12.956767,2.0341691e-05,0
0.5,0,26.544356,-0.026137598,0,-12.947539,1.4363436e-05,0
0.5,0,26.544295,-0.028628717,0,-12.93831,7.5822443e-06,0
0.5,0,26.54382,-0.03162989,0,-12.929082,8.6893007e-08,0
0.5,0,26.571973,0.017775556,0,-12.661456,5.9144065e-06,0
0.5,0,26.580431,0.017448697,0,-12.652228,1.3786092e-05,0
0.5,0,26.585701,0.016652014,0,-12.643,2.0942514e-05,0
0.5,0,26.589056,0.014876402,0,-12.633771,2.7236989e-05,0
0.5,0,26.591486,0.012206318,0,-12.624543,3.2549728e-05,0
0.5,0,26.592898,0.0087299037,0,-12.615314,3.6800822e-05,0
0.5,0,26.592924,0.0046800466,0,-12.606086,3.9927564e-05,0
0.5,0,26.591641,0.00031969221,0,-12.596857,4.187437e-05,0
0.5,0,26.589696,-0.0041235961,0,-12.587629,4.260018e-05,0
0.5,0,26.587977,-0.0084352112,0,-12.5784,4.2078211e-05,0
0.5,0,26.587262,-0.012547858,0,-12.569172,4.0301833e-05,0
0.5,0,26.588049,-0.01657262,0,-12.559943,3.7302706e-05,0
0.5,0,26.590522,-0.020572201,0,-12.550715,3.3150623e-05,0
0.5,0,26.594455,-0.024349772,0,-12.541486,2.7928856e-05,0
0.5,0,26.599035,-0.027521088,0,-12.532258,2.1721437e-05,0
0.5,0,26.602964,-0.02988771,0,-12.523029,1.4623474e-05,0
0.5,0,26.60525,-0.031966525,0,-12.513801,6.7460843e-06,0
0.5,0,26.615077,0.017919785,0,-12.227719,3.2871576e-06,0
0.5,0,26.61987,0.017413121,0,-12.21849,1.1310463e-05,0
0.5,0,26.621698,0.016966886,0,-12.209262,1.8601451e-05,0
0.5,0,26.621079,0.01561332,0,-12.200033,2.5020913e-05,0
0.5,0,26.619338,0.01337266,0,-12.190805,3.0458885e-05,0
0.5,0,26.616919,0.010254347,0,-12.181576,3.4850685e-05,0
0.5,0,26.613784,0.0064011363,0,-12.172348,3.8159574e-05,0
0.5,0,26.6101,0.0020840729,0,-12.163119,4.0352465e-05,0
0.5,0,26.606453,-0.0024352991,0,-12.153891,4.1399336e-05,0
0.5,0,26.60355,-0.0068952586,0,-12.144662,4.127322e-05,0
0.5,0,26.601832,-0.011133205,0,-12.135434,3.9953552e-05,0
0.5,0,26.601345,-0.015210012,0,-12.126205,3.7447404e-05,0
0.5,0,26.601831,-0.019248037,0,-12.116977,3.3804383e-05,0
0.5,0,26.602771,-0.023143218,0,-12.107748,2.9101421e-05,0
0.5,0,26.603362,-0.026539647,0,-12.09852,2.3418085e-05,0
0.5,0,26.602595,-0.02913319,0,-12.089292,1.6833028e-05,0
0.5,0,26.599654,-0.031143119,0,-12.080063,9.4350996e-06,0
0.5,0,26.594958,-0.033561143,0,-12.070835,1.324045e-06,0
0.5,0,26.622752,0.020314644,0,-11.784752,5.9863032e-06,0
0.5,0,26.632933,0.020404655,0,-11.775524,1.5080726e-05,0
0.5,0,26.639494,0.020136931,0,-11.766295,2.3520818e-05,0
0.5,0,26.643702,0.018959803,0,-11.757067,3.1156831e-05,0
0.5,0,26.646512,0.016926362,0,-11.747838,3.7869247e-05,0
0.5,0,26.647872,0.014034885,0,-11.73861,4.3583177e-05,0
0.5,0,26.647606,0.010461579,0,-11.729381,4.8241117e-05,0
0.5,0,26.646088,0.0064786806,0,-11.720153,5.1782469e-05,0
0.5,0,26.644217,0.0023249246,0,-11.710924,5.4142e-05,0
0.5,0,26.642874,-0.0017948656,0,-11.701696,5.5254515e-05,0
0.5,0,26.642569,-0.0058217237,0,-11.692467,5.5075048e-05,0
0.5,0,26.643415,-0.009931744,0,-11.683239,5.3606444e-05,0
0.5,0,26.645124,-0.014242426,0,-11.67401,5.0902382e-05,0
0.5,0,26.647225,-0.018558552,0,-11.664782,4.7030661e-05,0
0.5,0,26.649242,-0.022573325,0,-11.655554,4.2044081e-05,0
0.5,0,26.650744,-0.026091622,0,-11.646325,3.5992914e-05,0
0.5,0,26.651435,-0.029084605,0,-11.637097,2.8953454e-05,0
0.5,0,26.651026,-0.031593379,0,-11.627868,2.1048902e-05,0
0.5,0,26.649132,-0.033794041,0,-11.61864,1.2440746e-05,0
0.5,0,26.645815,-0.036341721,0,-11.609411,3.2836502e-06,0
0.5,0,26.627035,0.026439841,0,-11.323329,9.4200014e-06,0
0.5,0,26.631863,0.027283299,0,-11.3141,1.9609739e-05,0
0.5,0,26.632916,0.027121614,0,-11.304872,2.9187314e-05,0
0.5,0,26.632488,0.025825093,0,-11.295643,3.8004504e-05,0
0.5,0,26.63186,0.023481545,0,-11.286415,4.5946166e-05,0
0.5,0,26.631067,0.020202049,0,-11.277186,5.293353e-05,0
0.5,0,26.629958,0.016255191,0,-11.267958,5.8889242e-05,0
0.5,0,26.628872,0.011883139,0,-11.258729,6.3723134e-05,0
0.5,0,26.628524,0.0072868295,0,-11.249501,6.7336387e-05,0
0.5,0,26.629454,0.0026531518,0,-11.240273,6.9625382e-05,0
0.5,0,26.631748,-0.0020279444,0,-11.231044,7.050616e-05,0
0.5,0,26.635164,-0.0069436054,0,-11.221816,6.9946757e-05,0
0.5,0,26.639346,-0.01214042,0,-11.212587,6.7963972e-05,0
0.5,0,26.643888,-0.017370009,0,-11.203359,6.4587068e-05,0
0.5,0,26.648373,-0.022296094,0,-11.19413,5.9833716e-05,0
0.5,0,26.65247,-0.026766265,0,-11.184902,5.3721416e-05,0
0.5,0,26.655996,-0.030848798,0,-11.175673,4.6294609e-05,0
0.5,0,26.658801,-0.03462217,0,-11.166445,3.7641021e-05,0
0.5,0,26.66048,-0.037984723,0,-11.157216,2.7892867e-05,0
0.5,0,26.660291,-0.04080368,0,-11.147988,1.7209546e-05,0
0.5,0,26.657778,-0.043539743,0,-11.138759,5.7355559e-06,0
0.5,0,26.636492,0.034197176,0,-10.843448,1.0942394e-05,0
0.5,0,26.641642,0.034164706,0,-10.83422,2.3585088e-05,0
0.5,0,26.643795,0.032997973,0,-10.824992,3.5384786e-05,0
0.5,0,26.645183,0.030709904,0,-10.815763,4.6162061e-05,0
0.5,0,26.646459,0.027400262,0,-10.806535,5.5778111e-05,0
0.5,0,26.647037,0.023120171,0,-10.797306,6.4144483e-05,0
0.5,0,26.64647,0.018111706,0,-10.788078,7.1184462e-05,0
0.5,0,26.645081,0.012656632,0,-10.778849,7.6811973e-05,0
0.5,0,26.643699,0.007038475,0,-10.769621,8.0928735e-05,0
0.5,0,26.643014,0.001488405,0,-10.760392,8.3431273e-05,0
0.5,0,26.643313,-0.0040348665,0,-10.751164,8.4244844e-05,0
0.5,0,26.644626,-0.0097337022,0,-10.741935,8.335626e-05,0
0.5,0,26.646841,-0.015582296,0,-10.732707,8.0801101e-05,0
0.5,0,26.649686,-0.021241897,0,-10.723478,7.6621758e-05,0
0.5,0,26.652754,-0.026378717,0,-10.71425,7.0848923e-05,0
0.5,0,26.655639,-0.030942207,0,-10.705021,6.3522609e-05,0
0.5,0,26.658035,-0.035117365,0,-10.695793,5.4722432e-05,0
0.5,0,26.659664,-0.039031709,0,-10.686565,4.4578257e-05,0
0.5,0,26.66002,-0.042541393,0,-10.677336,3.3262928e-05,0
0.5,0,26.658322,-0.045394439,0,-10.668108,2.0970045e-05,0
0.5,0,26.65402,-0.047930365,0,-10.658879,7.8724323e-06,0
0.5,0,26.646835,0.039510085,0,-10.363568,9.7520385e-06,0
0.5,0,26.65432,0.040183145,0,-10.35434,2.4737956e-05,0
0.5,0,26.658346,0.039565502,0,-10.345111,3.8954284e-05,0
0.5,0,26.660934,0.037587013,0,-10.335883,5.2192202e-05,0
0.5,0,26.662549,0.034449525,0,-10.326654,6.4276744e-05,0
0.5,0,26.662336,0.030243375,0,-10.317426,7.5085065e-05,0
0.5,0,26.659694,0.025254897,0,-10.308197,8.4507579e-05,0
0.5,0,26.655016,0.019804518,0,-10.298969,9.2426486e-05,0
0.5,0,26.649429,0.014171665,0,-10.28974,9.8716979e-05,0
0.5,0,26.644114,0.008543347,0,-10.280512,0.00010325084,0
0.5,0,26.639907,0.0027962665,0,-10.271284,0.00010592705,0
0.5,0,26.637314,-0.003363359,0,-10.262055,0.00010670636,0
0.5,0,26.636546,-0.0099259665,0,-10.252827,0.00010560008,0
0.5,0,26.637451,-0.016464973,0,-10.243598,0.00010262831,0
0.5,0,26.639598,-0.022536394,0,-10.23437,9.7802277e-05,0
0.5,0,26.642506,-0.028041254,0,-10.225141,9.1147063e-05,0
0.5,0,26.64583,-0.033192802,0,-10.215913,8.2733304e-05,0
0.5,0,26.649368,-0.038238116,0,-10.206684,7.2685379e-05,0
0.5,0,26.652926,-0.043217932,0,-10.197456,6.1162755e-05,0
0.5,0,26.656143,-0.047854142,0,-10.188227,4.833387e-05,0
0.5,0,26.658366,-0.051647073,0,-10.178999,3.4364225e-05,0
0.5,0,26.658722,-0.054388483,0,-10.16977,1.9421015e-05,0
0.5,0,26.657007,-0.05698253,0,-10.160542,3.6674652e-06,0
0.5,0,26.651076,0.042787444,0,-9.8560025,2.2732961e-06,0
0.5,0,26.657638,0.042952283,0,-9.8467741,1.8496452e-05,0
0.5,0,26.658748,0.04278553,0,-9.8375456,3.399989e-05,0
0.5,0,26.656243,0.041130456,0,-9.8283171,4.8566891e-05,0
0.5,0,26.652476,0.038264163,0,-9.8190887,6.2018784e-05,0
0.5,0,26.648198,0.034266782,0,-9.8098602,7.4225426e-05,0
0.5,0,26.643678,0.029334233,0,-9.8006317,8.5081963e-05,0
0.5,0,26.63959,0.02382049,0,-9.7914033,9.447104e-05,0
0.5,0,26.636813,0.018075428,0,-9.7821748,0.00010226379,0
0.5,0,26.635866,0.012374996,0,-9.7729463,0.00010832417,0
0.5,0,26.636644,0.0067468396,0,-9.7637179,0.0001125269,0
0.5,0,26.638658,0.00090729812,0,-9.7544894,0.00011479583,0
0.5,0,26.641399,-0.0053701809,0,-9.7452609,0.00011511568,0
0.5,0,26.644462,-0.01190121,0,-9.7360325,0.00011349899,0
0.5,0,26.647502,-0.018244618,0,-9.726804,0.0001099538,0
0.5,0,26.650237,-0.024126854,0,-9.7175755,0.00010449074,0
0.5,0,26.652496,-0.029613165,0,-9.7083471,9.7154432e-05,0
0.5,0,26.654216,-0.034930935,0,-9.6991186,8.8043068e-05,0
0.5,0,26.655417,-0.040203439,0,-9.6898901,7.7299774e-05,0
0.5,0,26.656162,-0.045307512,0,-9.6806617,6.5084825e-05,0
0.5,0,26.656503,-0.049876255,0,-9.6714332,5.155235e-05,0
0.5,0,26.656355,-0.053478619,0,-9.6622047,3.6852137e-05,0
0.5,0,26.655431,-0.056065791,0,-9.6529763,2.1148866e-05,0
0.5,0,26.65378,-0.058587051,0,-9.6437478,4.6176147e-06,0
0.5,0,26.674519,0.046523654,0,-9.3207515,1.273644e-05,0
0.5,0,26.678964,0.047342801,0,-9.311523,3.0049526e-05,0
0.5,0,26.679131,0.046612409,0,-9.3022945,4.6539421e-05,0
0.5,0,26.677777,0.044516982,0,-9.2930661,6.2010367e-05,0
0.5,0,26.67575,0.041214911,0,-9.2838376,7.6305285e-05,0
0.5,0,26.67273,0.036856575,0,-9.2746091,8.931258e-05,0
0.5,0,26.668722,0.031786306,0,-9.2653807,0.00010091951,0
0.5,0,26.664397,0.026294485,0,-9.2561522,0.00011100193,0
0.5,0,26.660614,0.020648928,0,-9.2469237,0.00011943072,0
0.5,0,26.657903,0.015046671,0,-9.2376953,0.00012607478,0
0.5,0,26.656442,0.0093388608,0,-9.2284668,0.0001308349,0
0.5,0,26.656324,0.0031818861,0,-9.2192383,0.00013367256,0
0.5,0,26.657542,-0.0034506756,0,-9.2100099,0.00013458899,0
0.5,0,26.659926,-0.010180146,0,-9.2007814,0.00013357873,0
0.5,0,26.663166,-0.016607516,0,-9.1915529,0.00013061568,0
0.5,0,26.666888,-0.022615759,0,-9.1823245,0.00012568685,0
0.5,0,26.670776,-0.02836086,0,-9.173096,0.00011882576,0
0.5,0,26.674577,-0.03403703,0,-9.1638675,0.0001101156,0
0.5,0,26.678116,-0.039669658,0,-9.1546391,9.9668644e-05,0
0.5,0,26.681326,-0.045077201,0,-9.1454106,8.7598688e-05,0
0.5,0,26.684191,-0.049987846,0,-9.1361821,7.4007749e-05,0
0.5,0,26.686608,-0.054187924,0,-9.1269537,5.8999336e-05,0
0.5,0,26.688192,-0.057573027,0,-9.1177252,4.27105e-05,0
0.5,0,26.688108,-0.06020842,0,-9.1084967,2.5330472e-05,0
0.5,0,26.685565,-0.062818402,0,-9.0992683,7.0655307e-06,0
0.5,0,26.683566,0.057089446,0,-8.7762719,4.8046706e-07,0
0.5,0,26.691518,0.058231168,0,-8.7670435,2.2127736e-05,0
0.5,0,26.693732,0.058958583,0,-8.757815,4.3111778e-05,0
0.5,0,26.692295,0.057907156,0,-8.7485865,6.3187982e-05,0
0.5,0,26.689341,0.055477457,0,-8.7393581,8.216235e-05,0
0.5,0,26.68499,0.051719508,0,-8.7301296,9.9893276e-05,0
0.5,0,26.679061,0.046881947,0,-8.7209011,0.00011626533,0
0.5,0,26.672133,0.041334539,0,-8.7116727,0.00013114969,0
0.5,0,26.665384,0.03535338,0,-8.7024442,0.00014440672,0
0.5,0,26.659837,0.029217132,0,-8.6932157,0.00015588338,0
0.5,0,26.655872,0.023027341,0,-8.6839873,0.0001654238,0
0.5,0,26.653342,0.016540745,0,-8.6747588,0.00017291232,0
0.5,0,26.651873,0.0095351956,0,-8.6655303,0.00017829215,0
0.5,0,26.651039,0.0021853703,0,-8.6563019,0.0001815289,0
0.5,0,26.650429,-0.0050934643,0,-8.6470734,0.00018257171,0
0.5,0,26.649743,-0.012061485,0,-8.6378449,0.00018136139,0
0.5,0,26.648876,-0.018812154,0,-8.6286165,0.00017786885,0
0.5,0,26.647922,-0.025567045,0,-8.619388,0.00017212046,0
0.5,0,26.647093,-0.032395697,0,-8.6101595,0.00016419371,0
0.5,0,26.646655,-0.039124442,0,-8.6009311,0.00015419289,0
0.5,0,26.646957,-0.04545252,0,-8.5917026,0.00014222155,0
0.5,0,26.648442,-0.051169758,0,-8.5824741,0.00012837369,0
0.5,0,26.651523,-0.056287942,0,-8.5732457,0.00011275356,0
0.5,0,26.656326,-0.060977055,0,-8.5640172,9.5502834e-05,0
0.5,0,26.662559,-0.065357244,0,-8.5547887,7.6800449e-05,0
0.5,0,26.669381,-0.069186565,0,-8.5455603,5.6842977e-05,0
0.5,0,26.67534,-0.071955451,0,-8.5363318,3.5831537e-05,0
0.5,0,26.678644,-0.07381958,0,-8.5271033,1.3955581e-05,0
0.5,0,26.635393,0.070804225,0,-8.1948785,1.5088179e-05,0
0.5,0,26.635713,0.072859665,0,-8.18565,4.0815476e-05,0
0.5,0,26.631557,0.072938868,0,-8.1764216,6.5952036e-05,0
0.5,0,26.625925,0.071481764,0,-8.1671931,9.0258306e-05,0
0.5,0,26.619424,0.068625474,0,-8.1579646,0.000113521,0
0.5,0,26.611767,0.064513106,0,-8.1487362,0.00013556516,0
0.5,0,26.603347,0.059532614,0,-8.1395077,0.00015619889,0
0.5,0,26.595288,0.053954727,0,-8.1302792,0.00017521476,0
0.5,0,26.588655,0.048049535,0,-8.1210508,0.00019240192,0
0.5,0,26.583853,0.042035885,0,-8.1118223,0.00020754672,0
0.5,0,26.58068,0.035691811,0,-8.1025938,0.00022047472,0
0.5,0,26.578721,0.028593923,0,-8.0933654,0.00023108839,0
0.5,0,26.577521,0.020749335,0,-8.0841369,0.00023933356,0
0.5,0,26.576594,0.012643264,0,-8.0749084,0.00024513739,0
0.5,0,26.575478,0.0047222002,0,-8.06568,0.000248395,0
0.5,0,26.573894,-0.0029820653,0,-8.0564515,0.00024900968,0
0.5,0,26.571883,-0.010721833,0,-8.047223,0.00024693434,0
0.5,0,26.56968,-0.018743222,0,-8.0379946,0.00024218053,0
0.5,0,26.567602,-0.02705742,0,-8.0287661,0.00023480048,0
0.5,0,26.566157,-0.035388197,0,-8.0195376,0.0002248539,0
0.5,0,26.565875,-0.043389189,0,-8.0103092,0.00021239349,0
0.5,0,26.567045,-0.050916198,0,-8.0010807,0.00019748394,0
0.5,0,26.569765,-0.0580956,0,-7.9918522,0.00018022452,0
0.5,0,26.573965,-0.065061196,0,-7.9826238,0.00016075421,0
0.5,0,26.57932,-0.071721455,0,-7.9733953,0.00013923513,0
0.5,0,26.585236,-0.077784956,0,-7.9641668,0.00011582432,0
0.5,0,26.590918,-0.08290737,0,-7.9549384,9.0668246e-05,0
0.5,0,26.595401,-0.086818456,0,-7.9457099,6.3934938e-05,0
0.5,0,26.597581,-0.089515133,0,-7.9364814,3.5846903e-05,0
0.5,0,26.596532,-0.092021956,0,-7.927253,6.661873e-06,0
0.5,0,26.591039,0.10378787,0,-7.6042566,3.5229884e-07,0
0.5,0,26.594164,0.10666076,0,-7.5950282,3.7358573e-05,0
0.5,0,26.59063,0.10792529,0,-7.5857997,7.3909641e-05,0
0.5,0,26.584212,0.10702507,0,-7.5765712,0.0001096534,0
0.5,0,26.57706,0.10442278,0,-7.5673428,0.00014427561,0
0.5,0,26.569001,0.10007285,0,-7.5581143,0.00017752384,0
0.5,0,26.559882,0.09433474,0,-7.5488858,0.00020915696,0
0.5,0,26.550489,0.0876324,0,-7.5396574,0.00023890373,0
0.5,0,26.542086,0.080239089,0,-7.5304289,0.00026648097,0
0.5,0,26.535557,0.072459007,0,-7.5212004,0.00029159597,0
0.5,0,26.531038,0.064296859,0,-7.511972,0.00031397335,0
0.5,0,26.528198,0.055356208,0,-7.5027435,0.00033341147,0
0.5,0,26.526585,0.045452818,0,-7.493515,0.00034978005,0
0.5,0,26.525703,0.034979118,0,-7.4842866,0.00036295477,0
0.5,0,26.525049,0.024485936,0,-7.4750581,0.00037278013,0
0.5,0,26.524273,0.014137379,0,-7.4658296,0.00037910197,0
0.5,0,26.523326,0.0036772882,0,-7.4566012,0.00038182385,0
0.5,0,26.522456,-0.0072192475,0,-7.4473727,0.00038092939,0
0.5,0,26.522107,-0.018621431,0,-7.4381442,0.00037645889,0
0.5,0,26.522777,-0.030256284,0,-7.4289158,0.00036846584,0
0.5,0,26.5249,-0.041663484,0,-7.4196873,0.00035698711,0
0.5,0,26.528677,-0.052519263,0,-7.4104588,0.00034205304,0
0.5,0,26.534085,-0.062819004,0,-7.4012304,0.00032373023,0
0.5,0,26.541016,-0.072745645,0,-7.3920019,0.00030214984,0
0.5,0,26.54926,-0.082369311,0,-7.3827734,0.00027749731,0
0.5,0,26.558436,-0.091464453,0,-7.373545,0.0002499745,0
0.5,0,26.568113,-0.099681108,0,-7.3643165,0.00021977366,0
0.5,0,26.577993,-0.1068436,0,-7.355088,0.00018709045,0
0.5,0,26.587879,-0.11303876,0,-7.3458596,0.00015215609,0
0.5,0,26.597581,-0.11838636,0,-7.3366311,0.00011525746,0
0.5,0,26.606708,-0.1227322,0,-7.3274026,7.6735485e-05,0
0.5,0,26.614118,-0.12577354,0,-7.3181742,3.6958728e-05,0
0.5,0,26.574347,0.13251884,0,-6.9767209,2.8701485e-05,0
0.5,0,26.568372,0.13492358,0,-6.9674924,7.5006273e-05,0
0.5,0,26.558028,0.134766,0,-6.958264,0.00012073267,0
0.5,0,26.546965,0.13279741,0,-6.9490355,0.000165544,0
0.5,0,26.535412,0.12901827,0,-6.939807,0.0002091185,0
0.5,0,26.523096,0.1236613,0,-6.9305786,0.0002511629,0
0.5,0,26.510778,0.11719388,0,-6.9213501,0.00029134713,0
0.5,0,26.499815,0.10987561,0,-6.9121216,0.00032932063,0
0.5,0,26.491065,0.10197642,0,-6.9028932,0.00036472392,0
0.5,0,26.484388,0.093579751,0,-6.8936647,0.00039719872,0
0.5,0,26.479032,0.084231773,0,-6.8844362,0.00042645087,0
0.5,0,26.47425,0.07351444,0,-6.8752078,0.00045227816,0
0.5,0,26.469532,0.061713251,0,-6.8659793,0.00047450864,0
0.5,0,26.464603,0.049530335,0,-6.8567508,0.00049293754,0
0.5,0,26.459435,0.037348798,0,-6.8475224,0.00050734285,0
0.5,0,26.454298,0.025006388,0,-6.8382939,0.00051754818,0
0.5,0,26.449702,0.012158314,0,-6.8290654,0.00052345994,0
0.5,0,26.446274,-0.0012972857,0,-6.819837,0.0005250532,0
0.5,0,26.444629,-0.015072264,0,-6.8106085,0.0005223287,0
0.5,0,26.445231,-0.028664522,0,-6.80138,0.00051527759,0
0.5,0,26.448277,-0.041734014,0,-6.7921516,0.00050388335,0
0.5,0,26.453716,-0.05434228,0,-6.7829231,0.00048816081,0
0.5,0,26.461326,-0.066773756,0,-6.7736946,0.00046819262,0
0.5,0,26.470763,-0.079114097,0,-6.7644662,0.00044412411,0
0.5,0,26.481551,-0.091066818,0,-6.7552377,0.00041612525,0
0.5,0,26.493097,-0.10220254,0,-6.7460092,0.00038436261,0
0.5,0,26.504802,-0.11232451,0,-6.7367808,0.00034900766,0
0.5,0,26.516214,-0.12156846,0,-6.7275523,0.00031027044,0
0.5,0,26.527126,-0.13021087,0,-6.7183238,0.00026842596,0
0.5,0,26.537528,-0.13839567,0,-6.7090954,0.00022380569,0
0.5,0,26.547466,-0.1459301,0,-6.6998669,0.00017675873,0
0.5,0,26.556646,-0.15226039,0,-6.6906384,0.00012762499,0
0.5,0,26.564312,-0.15675823,0,-6.68141,7.6749366e-05,0
0.5,0,26.568614,-0.15970039,0,-6.6721815,2.4502456e-05,0
0.5,0,26.564456,0.18833689,0,-6.3214998,3.9420255e-05,0
0.5,0,26.556477,0.19107227,0,-6.3122713,0.00010431295,0
0.5,0,26.544625,0.19094196,0,-6.3030428,0.00016867724,0
0.5,0,26.532263,0.1886738,0,-6.2938144,0.00023208275,0
0.5,0,26.519232,0.18416829,0,-6.2845859,0.00029411025,0
0.5,0,26.505239,0.17770781,0,-6.2753574,0.00035436286,0
0.5,0,26.491137,0.16982228,0,-6.266129,0.00041239527,0
0.5,0,26.478339,0.16081808,0,-6.2569005,0.00046773558,0
0.5,0,26.467806,0.15098487,0,-6.247672,0.00051990085,0
0.5,0,26.45971,0.14031113,0,-6.2384436,0.00056842053,0
0.5,0,26.453842,0.12824279,0,-6.2292151,0.00061290508,0
0.5,0,26.450008,0.11443791,0,-6.2199866,0.00065305427,0
0.5,0,26.447975,0.099373354,0,-6.2107582,0.00068857521,0
0.5,0,26.447314,0.0838561,0,-6.2015297,0.00071912479,0
0.5,0,26.447488,0.068218687,0,-6.1923012,0.00074434883,0
0.5,0,26.448082,0.052185869,0,-6.1830728,0.00076396212,0
0.5,0,26.448951,0.035345364,0,-6.1738443,0.00077778545,0
0.5,0,26.450206,0.017610686,0,-6.1646158,0.00078572083,0
0.5,0,26.452095,-0.00066542898,0,-6.1553874,0.00078770019,0
0.5,0,26.454831,-0.018936806,0,-6.1461589,0.00078365339,0
0.5,0,26.458439,-0.036890658,0,-6.1369304,0.00077352393,0
0.5,0,26.462769,-0.054652635,0,-6.127702,0.0007573177,0
0.5,0,26.467566,-0.072509422,0,-6.1184735,0.00073513165,0
0.5,0,26.472498,-0.090448983,0,-6.109245,0.00070713057,0
0.5,0,26.47717,-0.10803247,0,-6.1000166,0.00067349745,0
0.5,0,26.481189,-0.12468544,0,-6.0907881,0.00063440988,0
0.5,0,26.484304,-0.14008253,0,-6.0815596,0.00059006247,0
0.5,0,26.486597,-0.15430537,0,-6.0723312,0.00054070485,0
0.5,0,26.488545,-0.16765039,0,-6.0631027,0.00048665685,0
0.5,0,26.49088,-0.18025661,0,-6.0538742,0.00042829121,0
0.5,0,26.494286,-0.19194751,0,-6.0446458,0.00036600173,0
0.5,0,26.499119,-0.20244389,0,-6.0354173,0.00030017971,0
0.5,0,26.505385,-0.21153612,0,-6.0261888,0.00023121711,0
0.5,0,26.512519,-0.21896574,0,-6.0169604,0.00015954316,0
0.5,0,26.519599,-0.22433245,0,-6.0077319,8.5654831e-05,0
0.5,0,26.524141,-0.22847537,0,-5.9985034,1.0079945e-05,0
0.5,0,26.54319,0.26144888,0,-5.6385932,6.9708687e-05,0
0.5,0,26.526596,0.26202122,0,-5.6293647,0.00015981512,0
0.5,0,26.507892,0.25998897,0,-5.6201363,0.00024908587,0
0.5,0,26.489357,0.25573585,0,-5.6109078,0.00033697067,0
0.5,0,26.470717,0.24913502,0,-5.6016793,0.00042294686,0
0.5,0,26.452145,0.24058382,0,-5.5924509,0.0005064894,0
0.5,0,26.434689,0.23050703,0,-5.5832224,0.00058703124,0
0.5,0,26.419376,0.21920158,0,-5.5739939,0.00066398543,0
0.5,0,26.406434,0.20691077,0,-5.5647655,0.00073675204,0
0.5,0,26.395438,0.19334435,0,-5.555537,0.00080477231,0
0.5,0,26.385928,0.17790361,0,-5.5463085,0.00086759332,0
0.5,0,26.377674,0.16060734,0,-5.5370801,0.00092483137,0
0.5,0,26.370515,0.14218533,0,-5.5278516,0.00097608275,0
0.5,0,26.364257,0.12324292,0,-5.5186231,0.0010209096,0
0.5,0,26.35877,0.10372859,0,-5.5093947,0.0010589103,0
0.5,0,26.354102,0.083219054,0,-5.5001662,0.0010897849,0
0.5,0,26.350509,0.06148042,0,-5.4909377,0.0011133367,0
0.5,0,26.348379,0.038746458,0,-5.4817093,0.0011294253,0
0.5,0,26.348081,0.01558614,0,-5.4724808,0.0011379168,0
0.5,0,26.349851,-0.0074958407,0,-5.4632523,0.0011386738,0
0.5,0,26.353734,-0.030386609,0,-5.4540239,0.0011315941,0
0.5,0,26.359594,-0.053291292,0,-5.4447954,0.0011166577,0
0.5,0,26.367214,-0.076313748,0,-5.4355669,0.0010939293,0
0.5,0,26.376315,-0.09916898,0,-5.4263385,0.0010635158,0
0.5,0,26.386584,-0.12134797,0,-5.41711,0.0010255297,0
0.5,0,26.397756,-0.14251059,0,-5.4078815,0.00098009786,0
0.5,0,26.409737,-0.16268182,0,-5.3986531,0.00092740332,0
0.5,0,26.422668,-0.18208982,0,-5.3894246,0.00086772264,0
0.5,0,26.436834,-0.20084592,0,-5.3801961,0.00080142584,0
0.5,0,26.452478,-0.2187837,0,-5.3709677,0.00072893949,0
0.5,0,26.469635,-0.23555632,0,-5.3617392,0.0006507033,0
0.5,0,26.488102,-0.25084539,0,-5.3525107,0.00056716163,0
0.5,0,26.507528,-0.26453242,0,-5.3432823,0.00047879191,0
0.5,0,26.52761,-0.2766894,0,-5.3340538,0.00038612454,0
0.5,0,26.548029,-0.28726225,0,-5.3248253,0.00028972643,0
0.5,0,26.568288,-0.29573005,0,-5.3155969,0.00019018914,0
0.5,0,26.586655,-0.30124417,0,-5.3063684,8.8137095e-05,0
0.5,0,26.682639,0.36599778,0,-4.9280013,0.00010146366,0
0.5,0,26.659674,0.36679166,0,-4.9187728,0.00022788468,0
0.5,0,26.635655,0.36476482,0,-4.9095443,0.00035352642,0
0.5,0,26.611648,0.35993428,0,-4.9003159,0.00047764389,0
0.5,0,26.587075,0.35217437,0,-4.8910874,0.00059953074,0
0.5,0,26.562363,0.34201918,0,-4.8818589,0.00071845474,0
0.5,0,26.538844,0.32981288,0,-4.8726305,0.00083365795,0
0.5,0,26.517671,0.31584399,0,-4.863402,0.0009443834,0
0.5,0,26.499118,0.30038772,0,-4.8541735,0.001049868,0
0.5,0,26.482832,0.28309273,0,-4.8449451,0.0011494027,0
0.5,0,26.468407,0.26340923,0,-4.8357166,0.001242386,0
0.5,0,26.455508,0.24153835,0,-4.8264881,0.0013282639,0
0.5,0,26.44371,0.21828086,0,-4.8172597,0.0014064451,0
0.5,0,26.432511,0.19411995,0,-4.8080312,0.0014763136,0
0.5,0,26.42157,0.16884506,0,-4.7988027,0.0015373162,0
0.5,0,26.410901,0.14198409,0,-4.7895743,0.0015890223,0
0.5,0,26.400901,0.11340243,0,-4.7803458,0.001631111,0
0.5,0,26.392203,0.083538975,0,-4.7711173,0.001663312,0
0.5,0,26.385437,0.053146811,0,-4.7618889,0.0016853564,0
0.5,0,26.381013,0.022742409,0,-4.7526604,0.0016969846,0
0.5,0,26.379113,-0.0077065413,0,-4.7434319,0.0016980036,0
0.5,0,26.37974,-0.03849904,0,-4.7342035,0.0016883335,0
0.5,0,26.382693,-0.069673909,0,-4.724975,0.001667994,0
0.5,0,26.387621,-0.1008355,0,-4.7157465,0.0016370532,0
0.5,0,26.394206,-0.13144438,0,-4.7065181,0.0015955992,0
0.5,0,26.402125,-0.16120131,0,-4.6972896,0.001543758,0
0.5,0,26.411209,-0.19014023,0,-4.6880611,0.0014817331,0
0.5,0,26.421645,-0.2183847,0,-4.6788327,0.001409826,0
0.5,0,26.433803,-0.24583295,0,-4.6696042,0.0013284214,0
0.5,0,26.448029,-0.27208157,0,-4.6603757,0.001237955,0
0.5,0,26.46448,-0.29667432,0,-4.6511473,0.0011389005,0
0.5,0,26.483146,-0.31941439,0,-4.6419188,0.001031782,0
0.5,0,26.50398,-0.34036994,0,-4.6326903,0.00091718963,0
0.5,0,26.527,-0.35958731,0,-4.6234619,0.00079577512,0
0.5,0,26.552201,-0.37692721,0,-4.6142334,0.00066822955,0
0.5,0,26.579475,-0.39218164,0,-4.6050049,0.00053526532,0
0.5,0,26.608323,-0.40514299,0,-4.5957765,0.00039761815,0
0.5,0,26.637816,-0.41536973,0,-4.586548,0.0002560755,0
0.5,0,26.665522,-0.42194709,0,-4.5773195,0.00011150874,0
0.5,0,26.562937,0.495449,0,-4.1897239,0.00014987682,0
0.5,0,26.531543,0.49430755,0,-4.1804955,0.0003229566,0
0.5,0,26.500963,0.49053743,0,-4.171267,0.00049496041,0
0.5,0,26.471337,0.48345533,0,-4.1620385,0.00066494882,0
0.5,0,26.441917,0.47293802,0,-4.1528101,0.00083201381,0
0.5,0,26.413315,0.45956523,0,-4.1435816,0.00099519776,0
0.5,0,26.386927,0.44361217,0,-4.1343531,0.0011535215,0
0.5,0,26.363611,0.42548327,0,-4.1251247,0.0013060051,0
0.5,0,26.343159,0.40550317,0,-4.1158962,0.0014516613,0
0.5,0,26.324875,0.38313908,0,-4.1066677,0.0015895924,0
0.5,0,26.308236,0.35783526,0,-4.0974393,0.0017190442,0
0.5,0,26.29289,0.33005716,0,-4.0882108,0.0018393128,0
0.5,0,26.278453,0.30076975,0,-4.0789823,0.0019496555,0
0.5,0,26.26458,0.27036146,0,-4.0697539,0.0020493289,0
0.5,0,26.251198,0.2384852,0,-4.0605254,0.0021376847,0
0.5,0,26.238597,0.20468397,0,-4.0512969,0.0022142097,0
0.5,0,26.227309,0.16896161,0,-4.0420685,0.0022784886,0
0.5,0,26.217856,0.13188812,0,-4.03284,0.0023301364,0
0.5,0,26.210481,0.094215584,0,-4.0236115,0.0023687632,0
0.5,0,26.20507,0.056316222,0,-4.0143831,0.0023940097,0
0.5,0,26.20126,0.018025209,0,-4.0051546,0.0024056216,0
0.5,0,26.19873,-0.020901867,0,-3.9959261,0.0024034827,0
0.5,0,26.197285,-0.06027861,0,-3.9866977,0.0023875758,0
0.5,0,26.196806,-0.099537649,0,-3.9774692,0.0023579227,0
0.5,0,26.19736,-0.13817585,0,-3.9682407,0.0023145705,0
0.5,0,26.199237,-0.17606329,0,-3.9590123,0.0022576309,0
0.5,0,26.202945,-0.21335994,0,-3.9497838,0.0021873256,0
0.5,0,26.209082,-0.25016109,0,-3.9405553,0.0021039879,0
0.5,0,26.218119,-0.28623187,0,-3.9313269,0.0020080232,0
0.5,0,26.230232,-0.32109387,0,-3.9220984,0.0018998701,0
0.5,0,26.245314,-0.35433073,0,-3.9128699,0.0017800027,0
0.5,0,26.263141,-0.38573989,0,-3.9036415,0.0016489678,0
0.5,0,26.28356,-0.41521037,0,-3.894413,0.0015074116,0
0.5,0,26.306545,-0.44256472,0,-3.8851845,0.0013560673,0
0.5,0,26.33211,-0.46756936,0,-3.8759561,0.001195724,0
0.5,0,26.360224,-0.49006352,0,-3.8667276,0.0010272169,0
0.5,0,26.390705,-0.51005354,0,-3.8574991,0.0008514373,0
0.5,0,26.423367,-0.52759106,0,-3.8482707,0.00066932923,0
0.5,0,26.457623,-0.54241795,0,-3.8390422,0.00048186867,0
0.5,0,26.492771,-0.55369883,0,-3.8298137,0.00029007141,0
0.5,0,26.525842,-0.56035808,0,-3.8205853,9.5124211e-05,0
0.5,0,26.496619,0.62713468,0,-3.4237612,0.00018061651,0
0.5,0,26.454784,0.62335637,0,-3.4145327,0.00040163451,0
0.5,0,26.415027,0.61665008,0,-3.4053042,0.00062081675,0
0.5,0,26.376902,0.60615134,0,-3.3960758,0.0008370335,0
0.5,0,26.339471,0.59175902,0,-3.3868473,0.0010492102,0
0.5,0,26.303431,0.57407438,0,-3.3776188,0.001256233,0
0.5,0,26.270431,0.55345524,0,-3.3683904,0.001456974,0
0.5,0,26.241646,0.53038728,0,-3.3591619,0.0016503042,0
0.5,0,26.217089,0.50512183,0,-3.3499334,0.0018350995,0
0.5,0,26.196033,0.47704168,0,-3.340705,0.0020103458,0
0.5,0,26.177613,0.44569515,0,-3.3314765,0.0021751753,0
0.5,0,26.161018,0.41174681,0,-3.322248,0.0023287549,0
0.5,0,26.145573,0.37626033,0,-3.3130196,0.002470204,0
0.5,0,26.130918,0.33960348,0,-3.3037911,0.0025986522,0
0.5,0,26.117061,0.30138948,0,-3.2945626,0.0027133467,0
0.5,0,26.104281,0.26116291,0,-3.2853342,0.0028136932,0
0.5,0,26.092999,0.21896829,0,-3.2761057,0.0028992116,0
0.5,0,26.083663,0.1753988,0,-3.2668772,0.0029694608,0
0.5,0,26.076602,0.1311358,0,-3.2576488,0.0030240036,0
0.5,0,26.071911,0.086409942,0,-3.2484203,0.0030624484,0
0.5,0,26.069433,0.040992801,0,-3.2391918,0.003084522,0
0.5,0,26.068865,-0.0052671866,0,-3.2299634,0.0030900926,0
0.5,0,26.069875,-0.052029356,0,-3.2207349,0.0030791238,0
0.5,0,26.072126,-0.098629148,0,-3.2115064,0.003051618,0
0.5,0,26.075382,-0.14455771,0,-3.202278,0.0030076083,0
0.5,0,26.079624,-0.18971062,0,-3.1930495,0.0029471991,0
0.5,0,26.085037,-0.23421533,0,-3.183821,0.0028706077,0
0.5,0,26.091892,-0.27806689,0,-3.1745926,0.0027781654,0
0.5,0,26.100388,-0.32095424,0,-3.1653641,0.0026702824,0
0.5,0,26.110564,-0.3624459,0,-3.1561356,0.00254742,0
0.5,0,26.122361,-0.40228766,0,-3.1469072,0.0024100991,0
0.5,0,26.135789,-0.44043149,0,-3.1376787,0.0022589291,0
0.5,0,26.151016,-0.47677291,0,-3.1284502,0.0020946189,0
0.5,0,26.168303,-0.51097979,0,-3.1192218,0.0019179638,0
0.5,0,26.187863,-0.54267161,0,-3.1099933,0.0017298337,0
0.5,0,26.209787,-0.57166957,0,-3.1007648,0.0015311728,0
0.5,0,26.234087,-0.59792673,0,-3.0915364,0.0013230002,0
0.5,0,26.260692,-0.62130207,0,-3.0823079,0.0011063979,0
0.5,0,26.28953,-0.64154078,0,-3.0730794,0.00088248311,0
0.5,0,26.320342,-0.65833991,0,-3.063851,0.00065238712,0
0.5,0,26.35265,-0.67115558,0,-3.0546225,0.000417281,0
0.5,0,26.384682,-0.67871607,0,-3.045394,0.00017848599,0
0.5,0,26.311422,0.70077715,0,-2.6393415,0.0001939327,0
0.5,0,26.268167,0.69153626,0,-2.630113,0.00044157436,0
0.5,0,26.226644,0.67894599,0,-2.6208846,0.00068576163,0
0.5,0,26.186897,0.66239683,0,-2.6116561,0.00092523434,0
0.5,0,26.148653,0.64179784,0,-2.6024276,0.001158833,0
0.5,0,26.112761,0.61782644,0,-2.5931992,0.0013853717,0
0.5,0,26.080489,0.59092541,0,-2.5839707,0.0016036629,0
0.5,0,26.052549,0.56162809,0,-2.5747422,0.0018125312,0
0.5,0,26.028731,0.53022423,0,-2.5655138,0.0020108208,0
0.5,0,26.008327,0.49619405,0,-2.5562853,0.0021974963,0
0.5,0,25.990552,0.45919218,0,-2.5470568,0.0023716757,0
0.5,0,25.974665,0.41986464,0,-2.5378284,0.0025325283,0
0.5,0,25.960109,0.3791202,0,-2.5285999,0.0026792087,0
0.5,0,25.946673,0.33718279,0,-2.5193714,0.0028109155,0
0.5,0,25.934434,0.2936547,0,-2.510143,0.0029269837,0
0.5,0,25.923563,0.24819247,0,-2.5009145,0.003026907,0
0.5,0,25.914245,0.20098784,0,-2.491686,0.0031102859,0
0.5,0,25.906749,0.15272711,0,-2.4824576,0.0031767592,0
0.5,0,25.90144,0.10410352,0,-2.4732291,0.0032259823,0
0.5,0,25.89866,0.05534511,0,-2.4640006,0.0032576757,0
0.5,0,25.898544,0.0062890196,0,-2.4547722,0.0032716921,0
0.5,0,25.90098,-0.043094267,0,-2.4455437,0.0032680271,0
0.5,0,25.90558,-0.0923831,0,-2.4363152,0.0032467682,0
0.5,0,25.911834,-0.14093316,0,-2.4270868,0.0032080438,0
0.5,0,25.919441,-0.18831801,0,-2.4178583,0.0031520247,0
0.5,0,25.928432,-0.23451433,0,-2.4086298,0.003078969,0
0.5,0,25.939138,-0.27969459,0,-2.3994014,0.0029892598,0
0.5,0,25.952004,-0.32386331,0,-2.3901729,0.0028833996,0
0.5,0,25.967373,-0.36671024,0,-2.3809444,0.0027619723,0
0.5,0,25.985367,-0.40781265,0,-2.371716,0.0026256159,0
0.5,0,26.00596,-0.44691916,0,-2.3624875,0.0024750306,0
0.5,0,26.02913,-0.48395692,0,-2.353259,0.0023110027,0
0.5,0,26.054961,-0.51877273,0,-2.3440306,0.0021344084,0
0.5,0,26.083568,-0.55098479,0,-2.3348021,0.0019461959,0
0.5,0,26.114944,-0.58016668,0,-2.3255736,0.0017473698,0
0.5,0,26.14892,-0.60609363,0,-2.3163452,0.001538991,0
0.5,0,26.185206,-0.62870928,0,-2.3071167,0.0013221824,0
0.5,0,26.223429,-0.64793813,0,-2.2978882,0.001098124,0
0.5,0,26.263264,-0.66362752,0,-2.2886598,0.00086803561,0
0.5,0,26.304196,-0.67557299,0,-2.2794313,0.0006331613,0
0.5,0,26.345666,-0.6832997,0,-2.2702028,0.00039478326,0
0.5,0,26.385629,-0.68569931,0,-2.2609744,0.00015436265,0
0.5,0,26.358274,0.60565103,0,-1.8641503,1.1591591e-05,0
0.5,0,26.322958,0.60013475,0,-1.8549218,0.00022415327,0
0.5,0,26.283372,0.58538105,0,-1.8456934,0.00043256712,0
0.5,0,26.246411,0.56749273,0,-1.8364649,0.00063561956,0
0.5,0,26.211166,0.54597129,0,-1.8272364,0.00083220982,0
0.5,0,26.177137,0.52094152,0,-1.818008,0.0010213223,0
0.5,0,26.14526,0.49320113,0,-1.8087795,0.0012019216,0
0.5,0,26.117018,0.46302485,0,-1.799551,0.0013730131,0
0.5,0,26.093149,0.43090863,0,-1.7903226,0.0015336448,0
0.5,0,26.073282,0.39722393,0,-1.7810941,0.0016828898,0
0.5,0,26.056631,0.36145818,0,-1.7718656,0.0018199468,0
0.5,0,26.04261,0.32325188,0,-1.7626372,0.0019441764,0
0.5,0,26.03078,0.28328762,0,-1.7534087,0.0020549948,0
0.5,0,26.020676,0.24253063,0,-1.7441802,0.0021518074,0
0.5,0,26.011924,0.201244,0,-1.7349518,0.0022340715,0
0.5,0,26.004431,0.15907251,0,-1.7257233,0.0023013894,0
0.5,0,25.998426,0.11573728,0,-1.7164948,0.0023535271,0
0.5,0,25.994353,0.071482936,0,-1.7072664,0.0023903618,0
0.5,0,25.99263,0.027013965,0,-1.6980379,0.002411816,0
0.5,0,25.993514,-0.016963931,0,-1.6888094,0.0024178335,0
0.5,0,25.997008,-0.06021844,0,-1.679581,0.0024084187,0
0.5,0,26.002882,-0.10297917,0,-1.6703525,0.0023836949,0
0.5,0,26.010848,-0.14542039,0,-1.661124,0.0023439142,0
0.5,0,26.020642,-0.18724645,0,-1.6518956,0.0022894121,0
0.5,0,26.032036,-0.22782632,0,-1.6426671,0.0022205576,0
0.5,0,26.044893,-0.26665198,0,-1.6334386,0.0021377511,0
0.5,0,26.059254,-0.30362377,0,-1.6242102,0.0020414639,0
0.5,0,26.075382,-0.3389224,0,-1.6149817,0.0019322781,0
0.5,0,26.093681,-0.37262373,0,-1.6057532,0.0018108865,0
0.5,0,26.114502,-0.40444473,0,-1.5965248,0.0016780574,0
0.5,0,26.137958,-0.43388886,0,-1.5872963,0.0015346043,0
0.5,0,26.163916,-0.46062423,0,-1.5780678,0.0013813886,0
0.5,0,26.192164,-0.48463403,0,-1.5688394,0.0012193409,0
0.5,0,26.222598,-0.50597874,0,-1.5596109,0.0010494646,0
0.5,0,26.255185,-0.52453366,0,-1.5503824,0.00087281118,0
0.5,0,26.289905,-0.53999241,0,-1.541154,0.00069045396,0
0.5,0,26.326328,-0.55201361,0,-1.5319255,0.00050348454,0
0.5,0,26.363753,-0.56011421,0,-1.522697,0.00031303503,0
0.5,0,26.399665,-0.56320397,0,-1.5134686,0.00012036881,0
0.5,0,26.449105,0.56182639,0,-1.1351014,0.00015120548,0
0.5,0,26.414467,0.55547356,0,-1.1258729,0.00034264409,0
0.5,0,26.380438,0.54496088,0,-1.1166445,0.00053108125,0
0.5,0,26.347661,0.53071831,0,-1.107416,0.0007153661,0
0.5,0,26.315779,0.51264591,0,-1.0981875,0.0008944341,0
0.5,0,26.285482,0.49136473,0,-1.0889591,0.0010671921,0
0.5,0,26.257931,0.46719038,0,-1.0797306,0.0012325596,0
0.5,0,26.233811,0.4405617,0,-1.0705021,0.001389485,0
0.5,0,26.21289,0.41191654,0,-1.0612737,0.0015369278,0
0.5,0,26.194498,0.38092736,0,-1.0520452,0.0016739391,0
0.5,0,26.178102,0.34716181,0,-1.0428167,0.0017997152,0
0.5,0,26.163352,0.31103228,0,-1.0335883,0.0019135226,0
0.5,0,26.149929,0.27339625,0,-1.0243598,0.0020146217,0
0.5,0,26.137611,0.23465636,0,-1.0151313,0.002102301,0
0.5,0,26.126423,0.19464041,0,-1.0059029,0.0021759607,0
0.5,0,26.116675,0.15311627,0,-0.99667441,0.0022351496,0
0.5,0,26.108852,0.11021495,0,-0.98744595,0.0022795383,0
0.5,0,26.103458,0.066474511,0,-0.97821748,0.0023088662,0
0.5,0,26.100822,0.022535824,0,-0.96898901,0.0023229082,0
0.5,0,26.101078,-0.021279228,0,-0.95976055,0.002321494,0
0.5,0,26.104186,-0.06508077,0,-0.95053208,0.002304561,0
0.5,0,26.10995,-0.10906103,0,-0.94130361,0.0022721812,0
0.5,0,26.118158,-0.15306205,0,-0.93207515,0.0022245304,0
0.5,0,26.1286,-0.19653984,0,-0.92284668,0.0021618382,0
0.5,0,26.141103,-0.23891721,0,-0.91361821,0.0020843698,0
0.5,0,26.155605,-0.27991229,0,-0.90438975,0.0019924536,0
0.5,0,26.172222,-0.31953841,0,-0.89516128,0.0018865229,0
0.5,0,26.191209,-0.35781247,0,-0.88593281,0.0017671318,0
0.5,0,26.212819,-0.39448807,0,-0.87670435,0.0016349348,0
0.5,0,26.237132,-0.42911106,0,-0.86747588,0.0014906531,0
0.5,0,26.26401,-0.46130002,0,-0.85824741,0.0013350593,0
0.5,0,26.293189,-0.49088725,0,-0.84901895,0.001168989,0
0.5,0,26.324493,-0.51780921,0,-0.83979048,0.00099335753,0
0.5,0,26.35777,-0.54195241,0,-0.83056201,0.00080915149,0
0.5,0,26.393123,-0.56304911,0,-0.82133354,0.00061740555,0
0.5,0,26.429849,-0.58064755,0,-0.81210508,0.00041919518,0
0.5,0,26.467526,-0.5939248,0,-0.80287661,0.00021567005,0
0.5,0,26.501069,-0.60082421,0,-0.79364814,8.0523175e-06,0
0.5,0,26.600634,0.69911988,0,-0.39682407,0.00022511249,0
0.5,0,26.556456,0.69411144,0,-0.38759561,0.00046963913,0
0.5,0,26.513791,0.68598236,0,-0.37836714,0.00071227984,0
0.5,0,26.472332,0.67404479,0,-0.36913867,0.00095179474,0
0.5,0,26.431346,0.65793559,0,-0.35991021,0.0011870322,0
0.5,0,26.391304,0.63841461,0,-0.35068174,0.0014167927,0
0.5,0,26.353534,0.61585548,0,-0.34145327,0.001639873,0
0.5,0,26.319072,0.59079113,0,-0.3322248,0.0018550813,0
0.5,0,26.28804,0.56356273,0,-0.32299634,0.0020612333,0
0.5,0,26.260057,0.53354239,0,-0.31376787,0.0022572679,0
0.5,0,26.234736,0.50026782,0,-0.3045394,0.0024422884,0
0.5,0,26.211721,0.46437231,0,-0.29531094,0.0026154482,0
0.5,0,26.190703,0.42679994,0,-0.28608247,0.0027758772,0
0.5,0,26.171606,0.3878798,0,-0.276854,0.0029227369,0
0.5,0,26.154677,0.34740029,0,-0.26762554,0.0030553023,0
0.5,0,26.140374,0.30515503,0,-0.25839707,0.0031729865,0
0.5,0,26.129186,0.26130629,0,-0.2491686,0.0032753068,0
0.5,0,26.121432,0.21638102,0,-0.23994014,0.003361835,0
0.5,0,26.117118,0.17090919,0,-0.23071167,0.0034321795,0
0.5,0,26.115917,0.12503392,0,-0.2214832,0.0034860231,0
0.5,0,26.1173,0.078579373,0,-0.21225474,0.0035231744,0
0.5,0,26.120677,0.031524677,0,-0.20302627,0.0035435697,0
0.5,0,26.12558,-0.01570407,0,-0.1937978,0.0035472236,0
0.5,0,26.131716,-0.062457533,0,-0.18456934,0.0035341873,0
0.5,0,26.138949,-0.10831274,0,-0.17534087,0.0035045581,0
0.5,0,26.147397,-0.15325219,0,-0.1661124,0.003458528,0
0.5,0,26.15739,-0.19742156,0,-0.15688394,0.0033964215,0
0.5,0,26.169324,-0.24074575,0,-0.14765547,0.0033186853,0
0.5,0,26.18346,-0.28280185,0,-0.138427,0.0032258471,0
0.5,0,26.199832,-0.32306214,0,-0.12919854,0.0031184911,0
0.5,0,26.218317,-0.36120233,0,-0.11997007,0.0029972724,0
0.5,0,26.238818,-0.39712054,0,-0.1107416,0.0028629485,0
0.5,0,26.261401,-0.43070077,0,-0.10151313,0.0027163875,0
0.5,0,26.286297,-0.46165986,0,-0.092284668,0.0025585555,0
0.5,0,26.313822,-0.48964235,0,-0.083056201,0.0023905064,0
0.5,0,26.344316,-0.51436659,0,-0.073827734,0.002213394,0
0.5,0,26.378159,-0.53558914,0,-0.064599268,0.0020284907,0
0.5,0,26.415854,-0.55293494,0,-0.055370801,0.0018372032,0
0.5,0,26.45817,-0.56580047,0,-0.046142334,0.0016410988,0
0.5,0,26.506452,-0.57331927,0,-0.036913867,0.0014419855,0
0.5,0,26.562988,-0.57404013,0,-0.0276854,0.001242103,0
0.5,0,26.631427,-0.56414576,0,-0.018456934,0.0010445908,0
0.5,0,26.715443,-0.5314206,0,-0.0092284668,0.00085492992,0
0.5,0,26.804502,-0.45810201,0,-2.5804012e-15,0.00068502815,0
0.5,0,27.022131,-0.26096937,0,0.064599268,-8.6185698e-05,0
0.5,0,27.013262,-0.27007683,0,0.056229053,-2.5804012e-15,0
0.5,0,27.027975,-0.25663626,0,0.073827734,-0.00017888857,0
0.5,0,27.033135,-0.25289872,0,0.083056201,-0.00026963314,0
0.5,0,27.037171,-0.24902105,0,0.092284668,-0.00035859894,0
0.5,0,27.040573,-0.24505873,0,0.10151313,-0.00044591118,0
0.5,0,27.044052,-0.24106098,0,0.1107416,-0.00053171219,0
0.5,0,27.047833,-0.23721069,0,0.11997007,-0.00061610102,0
0.5,0,27.05181,-0.23361603,0,0.12919854,-0.00069913288,0
0.5,0,27.055866,-0.23027873,0,0.138427,-0.00078084055,0
0.5,0,27.060001,-0.22710279,0,0.14765547,-0.00086125054,0
0.5,0,27.064309,-0.22391813,0,0.15688394,-0.00094040032,0
0.5,0,27.068908,-0.22063403,0,0.1661124,-0.0010183384,0
0.5,0,27.073887,-0.2173221,0,0.17534087,-0.0010951034,0
0.5,0,27.079274,-0.21409783,0,0.18456934,-0.0011707109,0
0.5,0,27.085017,-0.21098405,0,0.1937978,-0.0012451614,0
0.5,0,27.090976,-0.2079175,0,0.20302627,-0.0013184551,0
0.5,0,27.096936,-0.20483886,0,0.21225474,-0.001390596,0
0.5,0,27.102647,-0.2017434,0,0.2214832,-0.0014615854,0
0.5,0,27.107879,-0.19865888,0,0.23071167,-0.0015314169,0
0.5,0,27.112475,-0.19559646,0,0.23994014,-0.0016000758,0
0.5,0,27.116406,-0.19252747,0,0.2491686,-0.0016675462,0
0.5,0,27.11977,-0.1894017,0,0.25839707,-0.0017338153,0
0.5,0,27.122765,-0.18618261,0,0.26762554,-0.0017988743,0
0.5,0,27.125616,-0.18286462,0,0.276854,-0.0018627143,0
0.5,0,27.128494,-0.17946316,0,0.28608247,-0.0019253221,0
0.5,0,27.131444,-0.17599699,0,0.29531094,-0.0019866789,0
0.5,0,27.134359,-0.17248058,0,0.3045394,-0.0020467599,0
0.5,0,27.137006,-0.16892529,0,0.31376787,-0.002105535,0
0.5,0,27.139107,-0.16533895,0,0.32299634,-0.0021629699,0
0.5,0,27.140432,-0.16172155,0,0.3322248,-0.0022190274,0
0.5,0,27.140883,-0.15806291,0,0.34145327,-0.0022736699,0
0.5,0,27.140503,-0.15434632,0,0.35068174,-0.0023268621,0
0.5,0,27.139435,-0.150555,0,0.35991021,-0.0023785719,0
0.5,0,27.137836,-0.14667471,0,0.36913867,-0.0024287715,0
0.5,0,27.135803,-0.14269068,0,0.37836714,-0.0024774373,0
0.5,0,27.133329,-0.13858578,0,0.38759561,-0.0025245504,0
0.5,0,27.130306,-0.13434684,0,0.39682407,-0.0025700962,0
0.5,0,27.12658,-0.12997838,0,0.40605254,-0.002614062,0
0.5,0,27.121997,-0.12551016,0,0.41528101,-0.0026564327,0
0.5,0,27.116449,-0.12098719,0,0.42450947,-0.0026971882,0
0.5,0,27.109895,-0.1164475,0,0.43373794,-0.0027363023,0
0.5,0,27.102374,-0.11190068,0,0.44296641,-0.0027737472,0
0.5,0,27.093992,-0.10732312,0,0.45219487,-0.0028094982,0
0.5,0,27.0849,-0.10267379,0,0.46142334,-0.0028435388,0
0.5,0,27.075263,-0.097919128,0,0.47065181,-0.002875861,0
0.5,0,27.065242,-0.09305025,0,0.47988027,-0.0029064641,0
0.5,0,27.054991,-0.088086763,0,0.48910874,-0.0029353504,0
0.5,0,27.044659,-0.083071335,0,0.49833721,-0.0029625214,0
0.5,0,27.034409,-0.078056598,0,0.50756567,-0.0029879755,0
0.5,0,27.024422,-0.073088464,0,0.51679414,-0.0030117074,0
0.5,0,27.014905,-0.068193522,0,0.52602261,-0.0030337097,0
0.5,0,27.006079,-0.063376452,0,0.53525107,-0.0030539751,0
0.5,0,26.998172,-0.058627213,0,0.54447954,-0.0030724985,0
0.5,0,26.991395,-0.053932237,0,0.55370801,-0.0030892768,0
0.5,0,26.985926,-0.049282137,0,0.56293647,-0.0031043092,0
0.5,0,26.981895,-0.044671577,0,0.57216494,-0.0031175975,0
0.5,0,26.979363,-0.040093344,0,0.58139341,-0.0031291461,0
0.5,0,26.97837,-0.035532108,0,0.59062188,-0.0031389633,0
0.5,0,26.97881,-0.030973012,0,0.59985034,-0.0031470617,0
0.5,0,26.980573,-0.026405767,0,0.60907881,-0.0031534592,0
0.5,0,26.983512,-0.02182063,0,0.61830728,-0.0031581789,0
0.5,0,26.987358,-0.017218187,0,0.62753574,-0.0031612477,0
0.5,0,26.991899,-0.012613543,0,0.63676421,-0.0031626955,0
0.5,0,26.996893,-0.0080343713,0,0.64599268,-0.0031625534,0
0.5,0,27.002088,-0.0035183759,0,0.65522114,-0.0031608525,0
0.5,0,27.007254,0.0008950198,0,0.66444961,-0.003157623,0
0.5,0,27.012196,0.0051728442,0,0.67367808,-0.003152895,0
0.5,0,27.016773,0.0092957189,0,0.68290654,-0.0031467005,0
0.5,0,27.020891,0.013260776,0,0.69213501,-0.0031390753,0
0.5,0,27.024507,0.017076558,0,0.70136348,-0.0031300621,0
0.5,0,27.027618,0.020754025,0,0.71059194,-0.0031197101,0
0.5,0,27.03027,0.024297767,0,0.71982041,-0.0031080736,0
0.5,0,27.03255,0.0277032,0,0.72904888,-0.0030952094,0
0.5,0,27.034578,0.030960424,0,0.73827734,-0.0030811746,0
0.5,0,27.036495,0.034059295,0,0.74750581,-0.0030660257,0
0.5,0,27.03845,0.036992896,0,0.75673428,-0.003049819,0
0.5,0,27.040587,0.039758894,0,0.76596274,-0.0030326117,0
0.5,0,27.043027,0.042358899,0,0.77519121,-0.0030144622,0
0.5,0,27.045861,0.044797323,0,0.78441968,-0.0029954313,0
0.5,0,27.049131,0.047080416,0,0.79364814,-0.0029755811,0
0.5,0,27.052827,0.049214675,0,0.80287661,-0.0029549748,0
0.5,0,27.056887,0.051203286,0,0.81210508,-0.0029336743,0
0.5,0,27.061209,0.053041495,0,0.82133354,-0.0029117383,0
0.5,0,27.065669,0.054715069,0,0.83056201,-0.0028892199,0
0.5,0,27.070139,0.056205663,0,0.83979048,-0.0028661654,0
0.5,0,27.074528,0.057502331,0,0.84901895,-0.0028426157,0
0.5,0,27.078808,0.058613041,0,0.85824741,-0.0028186089,0
0.5,0,27.083013,0.059568396,0,0.86747588,-0.0027941846,0
0.5,0,27.087216,0.06041349,0,0.87670435,-0.002769388,0
0.5,0,27.091487,0.061190667,0,0.88593281,-0.0027442708,0
0.5,0,27.095871,0.061921725,0,0.89516128,-0.0027188895,0
0.5,0,27.100363,0.06259916,0,0.90438975,-0.002693301,0
0.5,0,27.104906,0.063191523,0,0.91361821,-0.0026675593,0
0.5,0,27.109396,0.063660242,0,0.92284668,-0.0026417123,0
0.5,0,27.113707,0.063979098,0,0.93207515,-0.0026158026,0
0.5,0,27.117729,0.064146491,0,0.94130361,-0.0025898705,0
0.5,0,27.121389,0.064185059,0,0.95053208,-0.0025639569,0
0.5,0,27.124677,0.064130012,0,0.95976055,-0.0025381057,0
0.5,0,27.127638,0.064013054,0,0.96898901,-0.0025123632,0
0.5,0,27.130365,0.063850211,0,0.97821748,-0.0024867753,0
0.5,0,27.132972,0.06363897,0,0.98744595,-0.0024613839,0
0.5,0,27.135576,0.063364589,0,0.99667441,-0.0024362234,0
0.5,0,27.138265,0.063010738,0,1.0059029,-0.0024113194,0
0.5,0,27.14109,0.062568117,0,1.0151313,-0.0023866891,0
0.5,0,27.144052,0.062037398,0,1.0243598,-0.0023623429,0
0.5,0,27.147114,0.061427146,0,1.0335883,-0.0023382873,0
0.5,0,27.150215,0.060750026,0,1.0428167,-0.0023145269,0
0.5,0,27.153302,0.060020387,0,1.0520452,-0.0022910659,0
0.5,0,27.156365,0.059253813,0,1.0612737,-0.0022679078,0
0.5,0,27.159472,0.058467506,0,1.0705021,-0.0022450562,0
0.5,0,27.162793,0.057680313,0,1.0797306,-0.0022225137,0
0.5,0,27.166603,0.056911744,0,1.0889591,-0.0022002828,0
0.5,0,27.17123,0.056179524,0,1.0981875,-0.0021783654,0
0.5,0,27.176996,0.05549565,0,1.107416,-0.0021567622,0
0.5,0,27.184136,0.05486252,0,1.1166445,-0.0021354726,0
0.5,0,27.192738,0.054272019,0,1.1258729,-0.002114494,0
0.5,0,27.202704,0.053709035,0,1.1351014,-0.0020938217,0
0.5,0,27.213749,0.053157015,0,1.1443299,-0.0020734501,0
0.5,0,27.22543,0.052602742,0,1.1535583,-0.0020533735,0
0.5,0,27.237228,0.052040745,0,1.1627868,-0.0020335884,0
0.5,0,27.248545,0.051473672,0,1.1720153,-0.0020140937,0
0.5,0,27.258504,0.050913284,0,1.1812437,-0.0019948914,0
0.5,0,27.266458,0.050402836,0,1.1904722,-0.0019759847,0
0.5,0,27.273603,0.049940832,0,1.1997007,-0.0019573759,0
0.5,0,27.280274,0.049499887,0,1.2089292,-0.0019390633,0
0.5,0,27.285667,0.049091814,0,1.2181576,-0.0019210386,0
0.5,0,27.290082,0.048722578,0,1.2273861,-0.0019032868,0
0.5,0,27.293772,0.048396489,0,1.2366146,-0.0018857872,0
0.5,0,27.296967,0.04811559,0,1.245843,-0.0018685147,0
0.5,0,27.29986,0.047880359,0,1.2550715,-0.0018514424,0
0.5,0,27.302592,0.04769097,0,1.2643,-0.0018345436,0
0.5,0,27.305284,0.047548014,0,1.2735284,-0.0018177932,0
0.5,0,27.307988,0.047462313,0,1.2827569,-0.0018011677,0
0.5,0,27.310805,0.047457836,0,1.2919854,-0.0017846421,0
0.5,0,27.313791,0.047543384,0,1.3012138,-0.0017681908,0
0.5,0,27.316921,0.047719359,0,1.3104423,-0.0017517886,0
0.5,0,27.320236,0.048000971,0,1.3196708,-0.001735407,0
0.5,0,27.323754,0.048395975,0,1.3288992,-0.0017190137,0
0.5,0,27.32748,0.048895222,0,1.3381277,-0.0017025752,0
0.5,0,27.3314,0.049485823,0,1.3473562,-0.0016860575,0
0.5,0,27.335487,0.05015605,0,1.3565846,-0.0016694278,0
0.5,0,27.339714,0.050898203,0,1.3658131,-0.0016526555,0
0.5,0,27.344033,0.051710949,0,1.3750416,-0.0016357132,0
0.5,0,27.348387,0.052595846,0,1.38427,-0.0016185772,0
0.5,0,27.352719,0.053553436,0,1.3934985,-0.0016012274,0
0.5,0,27.356972,0.054580439,0,1.402727,-0.0015836474,0
0.5,0,27.361097,0.055666963,0,1.4119554,-0.001565824,0
0.5,0,27.36504,0.056795068,0,1.4211839,-0.001547747,0
0.5,0,27.368745,0.057940207,0,1.4304124,-0.0015294091,0
0.5,0,27.372155,0.059075598,0,1.4396408,-0.0015108054,0
0.5,0,27.375221,0.060177917,0,1.4488693,-0.001491933,0
0.5,0,27.377918,0.061232033,0,1.4580978,-0.0014727907,0
0.5,0,27.380253,0.062233248,0,1.4673262,-0.0014533782,0
0.5,0,27.382276,0.063186841,0,1.4765547,-0.0014336957,0
0.5,0,27.384086,0.06410548,0,1.4857832,-0.0014137428,0
0.5,0,27.385836,0.065005174,0,1.4950116,-0.0013935187,0
0.5,0,27.387729,0.065900395,0,1.5042401,-0.0013730219,0
0.5,0,27.390017,0.066799315,0,1.5134686,-0.0013522509,0
0.5,0,27.392994,0.067700601,0,1.522697,-0.0013312041,0
0.5,0,27.396967,0.068593246,0,1.5319255,-0.0013098811,0
0.5,0,27.402217,0.069460186,0,1.541154,-0.0012882825,0
0.5,0,27.408954,0.070284627,0,1.5503824,-0.0012664107,0
0.5,0,27.417275,0.071056438,0,1.5596109,-0.0012442689,0
0.5,0,27.427142,0.071776088,0,1.5688394,-0.001221861,0
0.5,0,27.438367,0.072455098,0,1.5780678,-0.0011991909,0
0.5,0,27.450624,0.073113218,0,1.5872963,-0.0011762619,0
0.5,0,27.463469,0.073772977,0,1.5965248,-0.0011530759,0
0.5,0,27.476392,0.074452176,0,1.6057532,-0.0011296333,0
0.5,0,27.488862,0.075156569,0,1.6149817,-0.0011059334,0
0.5,0,27.500371,0.075876054,0,1.6242102,-0.0010819748,0
0.5,0,27.510472,0.076586309,0,1.6334386,-0.0010577567,0
0.5,0,27.51882,0.077256269,0,1.6426671,-0.0010332807,0
0.5,0,27.525199,0.077858789,0,1.6518956,-0.0010085512,0
0.5,0,27.529533,0.078379624,0,1.661124,-0.00098357516,0
0.5,0,27.531898,0.078821137,0,1.6703525,-0.00095836146,0
0.5,0,27.53251,0.079199522,0,1.679581,-0.00093291919,0
0.5,0,27.531689,0.079537385,0,1.6888094,-0.00090725647,0
0.5,0,27.529813,0.079856065,0,1.6980379,-0.00088137989,0
0.5,0,27.527267,0.080171978,0,1.7072664,-0.00085529451,0
0.5,0,27.524409,0.080498305,0,1.7164948,-0.00082900409,0
0.5,0,27.521537,0.080849017,0,1.7257233,-0.00080251094,0
0.5,0,27.518877,0.081240337,0,1.7349518,-0.00077581542,0
0.5,0,27.51657,0.081686703,0,1.7441802,-0.00074891553,0
0.5,0,27.514678,0.082192945,0,1.7534087,-0.00072180693,0
0.5,0,27.513193,0.082748919,0,1.7626372,-0.00069448366,0
0.5,0,27.51205,0.083332312,0,1.7718656,-0.00066693873,0
0.5,0,27.511158,0.083912917,0,1.7810941,-0.00063916379,0
0.5,0,27.510424,0.084466103,0,1.7903226,-0.00061114893,0
0.5,0,27.50977,0.0849827,0,1.799551,-0.00058288164,0
0.5,0,27.509135,0.085464006,0,1.8087795,-0.00055434558,0
0.5,0,27.50846,0.085923583,0,1.818008,-0.00052552104,0
0.5,0,27.50769,0.086394253,0,1.8272364,-0.00049638507,0
0.5,0,27.506774,0.086932562,0,1.8364649,-0.00046691016,0
0.5,0,27.505676,0.087610495,0,1.8456934,-0.00043706243,0
0.5,0,27.504371,0.088486606,0,1.8549218,-0.00040680155,0
0.5,0,27.502836,0.089568018,0,1.8641503,-0.00037608491,0
0.5,0,27.50104,0.090795359,0,1.8733788,-0.00034487555,0
0.5,0,27.498953,0.092077369,0,1.8826072,-0.00031314855,0
0.5,0,27.496544,0.093355,0,1.8918357,-0.00028088966,0
0.5,0,27.493801,0.094640225,0,1.9010642,-0.00024808586,0
0.5,0,27.490734,0.096015027,0,1.9102926,-0.00021471386,0
0.5,0,27.487395,0.097609043,0,1.9195211,-0.00018073039,0
0.5,0,27.483907,0.09948837,0,1.9287496,-0.00014606823,0
0.5,0,27.480642,0.1013744,0,1.937978,-0.00011065442,0
0.5,0,27.478739,0.10237908,0,1.9472065,-7.4451969e-05,0
0.5,0,27.481394,0.10112985,0,1.956435,-3.7478414e-05,0
0.5,0,27.48747,0.10528444,0,1.965573,-2.5804012e-15,0
0.5,0,27.01225,-0.15931293,0,3.7098437,-1.1607784e-05,0
0.5,0,27.012235,-0.15966403,0,3.7078902,-2.5804012e-15,0
0.5,0,27.011121,-0.15793691,0,3.7190721,-6.5793014e-05,0
0.5,0,27.009621,-0.15725776,0,3.7283006,-0.000119404,0
0.5,0,27.008064,-0.1561798,0,3.7375291,-0.0001724708,0
0.5,0,27.006398,-0.15487274,0,3.7467575,-0.00022496713,0
0.5,0,27.004774,-0.15342253,0,3.755986,-0.00027688073,0
0.5,0,27.003304,-0.15187274,0,3.7652145,-0.00032820893,0
0.5,0,27.002025,-0.15033289,0,3.7744429,-0.00037893591,0
0.5,0,27.000948,-0.14884711,0,3.7836714,-0.00042903759,0
0.5,0,27.000093,-0.14738942,0,3.7928999,-0.00047849262,0
0.5,0,26.999489,-0.1459118,0,3.8021283,-0.00052728666,0
0.5,0,26.999153,-0.14437385,0,3.8113568,-0.00057541267,0
0.5,0,26.999106,-0.14276652,0,3.8205853,-0.00062286733,0
0.5,0,26.999406,-0.14110533,0,3.8298137,-0.00066964615,0
0.5,0,27.000146,-0.13939647,0,3.8390422,-0.00071574238,0
0.5,0,27.00142,-0.1376258,0,3.8482707,-0.00076114959,0
0.5,0,27.003262,-0.13578385,0,3.8574991,-0.00080586246,0
0.5,0,27.00562,-0.13388856,0,3.8667276,-0.00084987381,0
0.5,0,27.008403,-0.13197596,0,3.8759561,-0.00089317143,0
0.5,0,27.01153,-0.13006981,0,3.8851845,-0.00093573852,0
0.5,0,27.014959,-0.12816133,0,3.894413,-0.00097755826,0
0.5,0,27.018667,-0.12621768,0,3.9036415,-0.0010186187,0
0.5,0,27.022627,-0.12421007,0,3.9128699,-0.0010589143,0
0.5,0,27.026785,-0.12213556,0,3.9220984,-0.0010984435,0
0.5,0,27.031058,-0.12001528,0,3.9313269,-0.0011372046,0
0.5,0,27.035344,-0.11787683,0,3.9405553,-0.0011751933,0
0.5,0,27.039545,-0.11574078,0,3.9497838,-0.0012124029,0
0.5,0,27.043576,-0.11361988,0,3.9590123,-0.0012488246,0
0.5,0,27.047378,-0.11152277,0,3.9682407,-0.0012844483,0
0.5,0,27.050918,-0.10945231,0,3.9774692,-0.0013192626,0
0.5,0,27.054196,-0.10740029,0,3.9866977,-0.0013532561,0
0.5,0,27.057248,-0.10534764,0,3.9959261,-0.0013864194,0
0.5,0,27.060128,-0.1032724,0,4.0051546,-0.001418746,0
0.5,0,27.0629,-0.10115921,0,4.0143831,-0.0014502329,0
0.5,0,27.065613,-0.099004568,0,4.0236115,-0.001480879,0
0.5,0,27.068302,-0.09681738,0,4.03284,-0.0015106834,0
0.5,0,27.070956,-0.094616682,0,4.0420685,-0.0015396448,0
0.5,0,27.073523,-0.092425664,0,4.0512969,-0.0015677611,0
0.5,0,27.076014,-0.090259292,0,4.0605254,-0.0015950299,0
0.5,0,27.078317,-0.08812671,0,4.0697539,-0.0016214486,0
0.5,0,27.080436,-0.086026909,0,4.0789823,-0.001647016,0
0.5,0,27.082436,-0.083941705,0,4.0882108,-0.0016717332,0
0.5,0,27.084266,-0.081857782,0,4.0974393,-0.001695603,0
0.5,0,27.086013,-0.079774283,0,4.1066677,-0.00171863,0
0.5,0,27.087746,-0.07769178,0,4.1158962,-0.0017408191,0
0.5,0,27.089509,-0.075607267,0,4.1251247,-0.0017621751,0
0.5,0,27.09133,-0.073512679,0,4.1343531,-0.0017827015,0
0.5,0,27.093185,-0.071395482,0,4.1435816,-0.0018024016,0
0.5,0,27.095028,-0.069243524,0,4.1528101,-0.001821279,0
0.5,0,27.096797,-0.067051956,0,4.1620385,-0.0018393379,0
0.5,0,27.098427,-0.06482763,0,4.171267,-0.0018565822,0
0.5,0,27.099874,-0.062588034,0,4.1804955,-0.001873015,0
0.5,0,27.101166,-0.060355595,0,4.1897239,-0.0018886387,0
0.5,0,27.102386,-0.058150752,0,4.1989524,-0.0019034559,0
0.5,0,27.103643,-0.05598736,0,4.2081809,-0.0019174704,0
0.5,0,27.105025,-0.05387166,0,4.2174093,-0.0019306888,0
0.5,0,27.106599,-0.051803682,0,4.2266378,-0.0019431209,0
0.5,0,27.108404,-0.04977999,0,4.2358663,-0.0019547801,0
0.5,0,27.110445,-0.047797062,0,4.2450947,-0.0019656826,0
0.5,0,27.112701,-0.045853299,0,4.2543232,-0.0019758462,0
0.5,0,27.115116,-0.043947899,0,4.2635517,-0.0019852884,0
0.5,0,27.117608,-0.042077704,0,4.2727801,-0.0019940248,0
0.5,0,27.120077,-0.040234624,0,4.2820086,-0.0020020686,0
0.5,0,27.122413,-0.038404914,0,4.2912371,-0.0020094302,0
0.5,0,27.124517,-0.036570457,0,4.3004655,-0.0020161173,0
0.5,0,27.126304,-0.034711937,0,4.309694,-0.0020221352,0
0.5,0,27.12772,-0.032813009,0,4.3189225,-0.0020274872,0
0.5,0,27.128743,-0.030863555,0,4.3281509,-0.0020321741,0
0.5,0,27.129386,-0.028860891,0,4.3373794,-0.0020361946,0
0.5,0,27.129705,-0.026809659,0,4.3466079,-0.0020395456,0
0.5,0,27.129799,-0.024721734,0,4.3558363,-0.0020422226,0
0.5,0,27.129821,-0.022615616,0,4.3650648,-0.0020442213,0
0.5,0,27.129965,-0.020515857,0,4.3742933,-0.0020455388,0
0.5,0,27.130457,-0.018446684,0,4.3835217,-0.0020461757,0
0.5,0,27.131535,-0.016426938,0,4.3927502,-0.0020461351,0
0.5,0,27.133436,-0.014466144,0,4.4019787,-0.002045423,0
0.5,0,27.136365,-0.012566219,0,4.4112071,-0.0020440505,0
0.5,0,27.140451,-0.010725971,0,4.4204356,-0.0020420326,0
0.5,0,27.145733,-0.0089418524,0,4.4296641,-0.002039388,0
0.5,0,27.152155,-0.0072122175,0,4.4388925,-0.0020361376,0
0.5,0,27.159593,-0.0055379336,0,4.448121,-0.0020323026,0
0.5,0,27.167873,-0.0039211964,0,4.4573495,-0.0020279026,0
0.5,0,27.176783,-0.0023627286,0,4.4665779,-0.0020229541,0
0.5,0,27.18607,-0.00085806141,0,4.4758064,-0.0020174712,0
0.5,0,27.195459,0.00060395341,0,4.4850349,-0.0020114656,0
0.5,0,27.204663,0.0020388418,0,4.4942633,-0.0020049478,0
0.5,0,27.213411,0.0034625005,0,4.5034918,-0.0019979278,0
0.5,0,27.221462,0.0048865736,0,4.5127203,-0.0019904157,0
0.5,0,27.228624,0.0063144496,0,4.5219487,-0.0019824212,0
0.5,0,27.234747,0.0077408773,0,4.5311772,-0.0019739535,0
0.5,0,27.239706,0.0091551434,0,4.5404057,-0.001965021,0
0.5,0,27.24338,0.010545678,0,4.5496341,-0.0019556315,0
0.5,0,27.245653,0.011903072,0,4.5588626,-0.0019457928,0
0.5,0,27.246423,0.013221833,0,4.5680911,-0.001935514,0
0.5,0,27.245607,0.014500949,0,4.5773195,-0.0019248057,0
0.5,0,27.243146,0.015740828,0,4.586548,-0.0019136807,0
0.5,0,27.239004,0.016940715,0,4.5957765,-0.0019021539,0
0.5,0,27.233194,0.01809879,0,4.6050049,-0.0018902414,0
0.5,0,27.225793,0.0192127,0,4.6142334,-0.0018779607,0
0.5,0,27.216969,0.020280911,0,4.6234619,-0.0018653293,0
0.5,0,27.206993,0.02130439,0,4.6326903,-0.0018523645,0
0.5,0,27.196239,0.0222869,0,4.6419188,-0.0018390832,0
0.5,0,27.185167,0.023233726,0,4.6511473,-0.0018255016,0
0.5,0,27.174287,0.024150097,0,4.6603757,-0.0018116346,0
0.5,0,27.164118,0.025040693,0,4.6696042,-0.0017974959,0
0.5,0,27.155144,0.025910548,0,4.6788327,-0.0017830968,0
0.5,0,27.147765,0.026765535,0,4.6880611,-0.0017684459,0
0.5,0,27.142267,0.02760798,0,4.6972896,-0.001753549,0
0.5,0,27.138791,0.028436565,0,4.7065181,-0.0017384091,0
0.5,0,27.137285,0.029255395,0,4.7157465,-0.0017230271,0
0.5,0,27.137157,0.030075034,0,4.724975,-0.0017074017,0
0.5,0,27.137805,0.030933766,0,4.7342035,-0.0016915296,0
0.5,0,27.140475,0.031816462,0,4.7434319,-0.0016754068,0
0.5,0,27.145237,0.032676288,0,4.7526604,-0.0016590295,0
0.5,0,27.150713,0.033510735,0,4.7618889,-0.001642393,0
0.5,0,27.156632,0.034315783,0,4.7711173,-0.0016254921,0
0.5,0,27.1627,0.035089765,0,4.7803458,-0.0016083217,0
0.5,0,27.168716,0.035837105,0,4.7895743,-0.0015908783,0
0.5,0,27.174578,0.036563175,0,4.7988027,-0.0015731603,0
0.5,0,27.180257,0.037267522,0,4.8080312,-0.0015551692,0
0.5,0,27.185772,0.037950744,0,4.8172597,-0.0015369103,0
0.5,0,27.191165,0.038611915,0,4.8264881,-0.0015183935,0
0.5,0,27.196492,0.039244729,0,4.8357166,-0.0014996321,0
0.5,0,27.201815,0.039838942,0,4.8449451,-0.0014806422,0
0.5,0,27.207196,0.040384032,0,4.8541735,-0.0014614413,0
0.5,0,27.212686,0.040873654,0,4.863402,-0.0014420472,0
0.5,0,27.218315,0.041307233,0,4.8726305,-0.001422477,0
0.5,0,27.22409,0.041688679,0,4.8818589,-0.0014027465,0
0.5,0,27.230006,0.042026004,0,4.8910874,-0.0013828704,0
0.5,0,27.236042,0.042330709,0,4.9003159,-0.0013628626,0
0.5,0,27.242157,0.042615487,0,4.9095443,-0.0013427363,0
0.5,0,27.248308,0.042891066,0,4.9187728,-0.0013225051,0
0.5,0,27.254464,0.04316361,0,4.9280013,-0.0013021823,0
0.5,0,27.260605,0.043434573,0,4.9372297,-0.0012817816,0
0.5,0,27.266706,0.043702037,0,4.9464582,-0.0012613159,0
0.5,0,27.272745,0.043962607,0,4.9556867,-0.0012407969,0
0.5,0,27.278707,0.044212982,0,4.9649151,-0.001220234,0
0.5,0,27.284598,0.044450825,0,4.9741436,-0.001199634,0
0.5,0,27.290443,0.04467485,0,4.9833721,-0.0011790011,0
0.5,0,27.296284,0.04488381,0,4.9926005,-0.0011583371,0
0.5,0,27.302171,0.04507521,0,5.001829,-0.0011376431,0
0.5,0,27.308144,0.04524598,0,5.0110575,-0.0011169203,0
0.5,0,27.314218,0.04539467,0,5.0202859,-0.001096171,0
0.5,0,27.320376,0.045520459,0,5.0295144,-0.001075399,0
0.5,0,27.32657,0.045618643,0,5.0387429,-0.00105461,0
0.5,0,27.332722,0.045680435,0,5.0479713,-0.0010338129,0
0.5,0,27.338745,0.045699174,0,5.0571998,-0.0010130197,0
0.5,0,27.344572,0.045674257,0,5.0664283,-0.00099224522,0
0.5,0,27.350119,0.045608765,0,5.0756567,-0.00097150576,0
0.5,0,27.355298,0.045506529,0,5.0848852,-0.00095081851,0
0.5,0,27.36007,0.045372751,0,5.0941137,-0.00093020111,0
0.5,0,27.364445,0.045214821,0,5.1033421,-0.00090967104,0
0.5,0,27.36845,0.045039818,0,5.1125706,-0.00088924465,0
0.5,0,27.372099,0.044852116,0,5.1217991,-0.000868936,0
0.5,0,27.375394,0.044655483,0,5.1310275,-0.00084875616,0
0.5,0,27.378324,0.044456497,0,5.140256,-0.00082871283,0
0.5,0,27.380872,0.044264399,0,5.1494845,-0.00080880991,0
0.5,0,27.383022,0.044087924,0,5.1587129,-0.00078904702,0
0.5,0,27.384775,0.043931768,0,5.1679414,-0.00076941973,0
0.5,0,27.386162,0.043793689,0,5.1771699,-0.00074992098,0
0.5,0,27.387257,0.043664746,0,5.1863983,-0.00073054312,0
0.5,0,27.388185,0.043532747,0,5.1956268,-0.00071127966,0
0.5,0,27.389109,0.043386696,0,5.2048553,-0.00069212641,0
0.5,0,27.390212,0.043219711,0,5.2140837,-0.00067308213,0
0.5,0,27.391676,0.043028957,0,5.2233122,-0.00065414898,0
0.5,0,27.393667,0.042815135,0,5.2325407,-0.00063533259,0
0.5,0,27.396315,0.042582442,0,5.2417691,-0.00061664147,0
0.5,0,27.399708,0.042337262,0,5.2509976,-0.0005980858,0
0.5,0,27.403894,0.042084516,0,5.2602261,-0.00057967598,0
0.5,0,27.408885,0.041823951,0,5.2694545,-0.0005614215,0
0.5,0,27.414664,0.041549808,0,5.278683,-0.00054333007,0
0.5,0,27.421197,0.04125303,0,5.2879115,-0.0005254069,0
0.5,0,27.428432,0.040923065,0,5.2971399,-0.00050765432,0
0.5,0,27.436282,0.040550115,0,5.3063684,-0.00049007217,0
0.5,0,27.444611,0.040129135,0,5.3155969,-0.0004726587,0
0.5,0,27.453245,0.039663928,0,5.3248253,-0.00045541139,0
0.5,0,27.461979,0.039168826,0,5.3340538,-0.00043832765,0
0.5,0,27.470557,0.038666191,0,5.3432823,-0.0004214057,0
0.5,0,27.478648,0.038180856,0,5.3525107,-0.00040464517,0
0.5,0,27.485846,0.037735227,0,5.3617392,-0.00038804733,0
0.5,0,27.491745,0.037347034,0,5.3709677,-0.00037161493,0
0.5,0,27.496033,0.037026421,0,5.3801961,-0.00035535155,0
0.5,0,27.498428,0.036771848,0,5.3894246,-0.00033926096,0
0.5,0,27.498906,0.03657914,0,5.3986531,-0.00032334578,0
0.5,0,27.497521,0.036438672,0,5.4078815,-0.00030760647,0
0.5,0,27.494407,0.036317782,0,5.41711,-0.00029204193,0
0.5,0,27.489954,0.036173533,0,5.4263385,-0.00027665094,0
0.5,0,27.484546,0.035970225,0,5.4355669,-0.00026143326,0
0.5,0,27.478616,0.03567972,0,5.4447954,-0.00024639006,0
0.5,0,27.472572,0.035284788,0,5.4540239,-0.00023152409,0
0.5,0,27.466715,0.034782765,0,5.4632523,-0.00021683968,0
0.5,0,27.46121,0.034184555,0,5.4724808,-0.00020234275,0
0.5,0,27.456066,0.033513362,0,5.4817093,-0.00018804054,0
0.5,0,27.451134,0.03280391,0,5.4909377,-0.00017394042,0
0.5,0,27.446133,0.032099321,0,5.5001662,-0.00016004795,0
0.5,0,27.440699,0.031441272,0,5.5093947,-0.00014636575,0
0.5,0,27.434444,0.030852738,0,5.5186231,-0.00013289444,0
0.5,0,27.42703,0.030323126,0,5.5278516,-0.00011963633,0
0.5,0,27.418214,0.029811551,0,5.5370801,-0.00010659937,0
0.5,0,27.407901,0.02927141,0,5.5463085,-9.3798405e-05,0
0.5,0,27.39615,0.028678814,0,5.555537,-8.1251979e-05,0
0.5,0,27.383173,0.028048061,0,5.5647655,-6.8976243e-05,0
0.5,0,27.369308,0.027431035,0,5.5739939,-5.6978263e-05,0
0.5,0,27.354987,0.026879907,0,5.5832224,-4.5251094e-05,0
0.5,0,27.340753,0.026335408,0,5.5924509,-3.3776935e-05,0
0.5,0,27.327421,0.025473494,0,5.6016793,-2.2543243e-05,0
0.5,0,27.316625,0.023647156,0,5.6109078,-1.1558462e-05,0
0.5,0,27.309586,0.02207103,0,5.6201363,-8.1774422e-07,0
0.5,0,27.309182,0.022107766,0,5.6208523,-2.5804012e-15,0
0.5,0,26.712959,-0.010416842,0,8.0010807,-1.9433853e-07,0
0.5,0,26.714269,-0.010401022,0,7.9984678,-2.5804012e-15,0
0.5,0,26.708339,-0.010391144,0,8.0103092,-8.6563583e-07,0
0.5,0,26.703938,-0.010410974,0,8.0195376,-1.5281749e-06,0
0.5,0,26.699883,-0.010495443,0,8.0287661,-2.1847917e-06,0
0.5,0,26.69627,-0.010625294,0,8.0379946,-2.8370703e-06,0
0.5,0,26.693097,-0.01077085,0,8.047223,-3.4867618e-06,0
0.5,0,26.690399,-0.010903313,0,8.0564515,-4.1345555e-06,0
0.5,0,26.688213,-0.011009535,0,8.06568,-4.7795162e-06,0
0.5,0,26.68643,-0.011091957,0,8.0749084,-5.4206419e-06,0
0.5,0,26.684949,-0.01116026,0,8.0841369,-6.0566918e-06,0
0.5,0,26.683646,-0.011223126,0,8.0933654,-6.6844392e-06,0
0.5,0,26.682419,-0.011282486,0,8.1025938,-7.2990911e-06,0
0.5,0,26.681199,-0.011333898,0,8.1118223,-7.895962e-06,0
0.5,0,26.679913,-0.011374962,0,8.1210508,-8.4708176e-06,0
0.5,0,26.678494,-0.011406699,0,8.1302792,-9.0194779e-06,0
0.5,0,26.676874,-0.011426003,0,8.1395077,-9.5382308e-06,0
0.5,0,26.674995,-0.011422859,0,8.1487362,-1.0024825e-05,0
0.5,0,26.672826,-0.011386222,0,8.1579646,-1.047888e-05,0
0.5,0,26.67039,-0.011311115,0,8.1671931,-1.0901435e-05,0
0.5,0,26.667776,-0.01120146,0,8.1764216,-1.1294376e-05,0
0.5,0,26.665118,-0.011068478,0,8.18565,-1.1660325e-05,0
0.5,0,26.662603,-0.010926341,0,8.1948785,-1.200272e-05,0
0.5,0,26.660373,-0.010788871,0,8.204107,-1.2325405e-05,0
0.5,0,26.658596,-0.010663044,0,8.2133354,-1.2631388e-05,0
0.5,0,26.657343,-0.010549886,0,8.2225639,-1.2922055e-05,0
0.5,0,26.656696,-0.010455988,0,8.2317924,-1.3197773e-05,0
0.5,0,26.656685,-0.010393931,0,8.2410208,-1.3458986e-05,0
0.5,0,26.657132,-0.01037268,0,8.2502493,-1.3707254e-05,0
0.5,0,26.65801,-0.010388566,0,8.2594778,-1.3945251e-05,0
0.5,0,26.659228,-0.01043777,0,8.2687062,-1.4174926e-05,0
0.5,0,26.660671,-0.010525168,0,8.2779347,-1.43957e-05,0
0.5,0,26.662299,-0.010649642,0,8.2871632,-1.4605864e-05,0
0.5,0,26.664094,-0.01075477,0,8.2963917,-1.480321e-05,0
0.5,0,26.665842,-0.010917513,0,8.3056201,-1.498611e-05,0
0.5,0,26.667692,-0.011152332,0,8.3148486,-1.5160769e-05,0
0.5,0,26.669583,-0.011304717,0,8.3240771,-1.5334171e-05,0
0.5,0,26.671324,-0.011391971,0,8.3333055,-1.5508264e-05,0
0.5,0,26.673036,-0.011462017,0,8.342534,-1.5687375e-05,0
0.5,0,26.674502,-0.011498139,0,8.3517625,-1.5877085e-05,0
0.5,0,26.675634,-0.011500577,0,8.3609909,-1.6081124e-05,0
0.5,0,26.676404,-0.01148418,0,8.3702194,-1.6300395e-05,0
0.5,0,26.676801,-0.011458981,0,8.3794479,-1.6533106e-05,0
0.5,0,26.676865,-0.011430155,0,8.3886763,-1.67756e-05,0
0.5,0,26.676668,-0.011402136,0,8.3979048,-1.7023116e-05,0
0.5,0,26.676293,-0.011380916,0,8.4071333,-1.7270115e-05,0
0.5,0,26.675822,-0.011371836,0,8.4163617,-1.7510584e-05,0
0.5,0,26.675336,-0.011375287,0,8.4255902,-1.7738704e-05,0
0.5,0,26.674905,-0.011385179,0,8.4348187,-1.7949755e-05,0
0.5,0,26.674589,-0.01139143,0,8.4440471,-1.8140744e-05,0
0.5,0,26.674435,-0.011383985,0,8.4532756,-1.8310547e-05,0
0.5,0,26.674478,-0.011355962,0,8.4625041,-1.8459685e-05,0
0.5,0,26.674745,-0.011305454,0,8.4717325,-1.8589909e-05,0
0.5,0,26.675262,-0.011236254,0,8.480961,-1.8703652e-05,0
0.5,0,26.676052,-0.011157168,0,8.4901895,-1.8803401e-05,0
0.5,0,26.677136,-0.011080186,0,8.4994179,-1.8891147e-05,0
0.5,0,26.678521,-0.011017493,0,8.5086464,-1.8968058e-05,0
0.5,0,26.680191,-0.010978046,0,8.5178749,-1.9034451e-05,0
0.5,0,26.682105,-0.010965374,0,8.5271033,-1.9090064e-05,0
0.5,0,26.684195,-0.010977874,0,8.5363318,-1.9134541e-05,0
0.5,0,26.686357,-0.011011631,0,8.5455603,-1.9168098e-05,0
0.5,0,26.688301,-0.011059753,0,8.5547887,-1.9192035e-05,0
0.5,0,26.690129,-0.011099962,0,8.5640172,-1.9208824e-05,0
0.5,0,26.692692,-0.011154306,0,8.5732457,-1.922168e-05,0
0.5,0,26.694745,-0.011209056,0,8.5824741,-1.9234693e-05,0
0.5,0,26.695846,-0.011232536,0,8.5917026,-1.9252229e-05,0
0.5,0,26.697121,-0.011251379,0,8.6009311,-1.9278099e-05,0
0.5,0,26.698246,-0.011268239,0,8.6101595,-1.9315792e-05,0
0.5,0,26.699117,-0.011280452,0,8.619388,-1.9368453e-05,0
0.5,0,26.699748,-0.011289018,0,8.6286165,-1.9438905e-05,0
0.5,0,26.700139,-0.011297065,0,8.6378449,-1.9529433e-05,0
0.5,0,26.70031,-0.011309315,0,8.6470734,-1.9641285e-05,0
0.5,0,26.700318,-0.011329712,0,8.6563019,-1.9773939e-05,0
0.5,0,26.700247,-0.011360463,0,8.6655303,-1.9924633e-05,0
0.5,0,26.700187,-0.011404153,0,8.6747588,-2.0088577e-05,0
0.5,0,26.700209,-0.011462242,0,8.6839873,-2.0259769e-05,0
0.5,0,26.700356,-0.011532584,0,8.6932157,-2.0432067e-05,0
0.5,0,26.700638,-0.011609435,0,8.7024442,-2.0599964e-05,0
0.5,0,26.701035,-0.011686772,0,8.7116727,-2.0759121e-05,0
0.5,0,26.701514,-0.011764745,0,8.7209011,-2.0907106e-05,0
0.5,0,26.702038,-0.011851553,0,8.7301296,-2.1044395e-05,0
0.5,0,26.702556,-0.011946831,0,8.7393581,-2.1173866e-05,0
0.5,0,26.70303,-0.012032916,0,8.7485865,-2.1297608e-05,0
0.5,0,26.703371,-0.012104126,0,8.757815,-2.1414913e-05,0
0.5,0,26.703569,-0.012176049,0,8.7670435,-2.1525196e-05,0
0.5,0,26.703732,-0.012266906,0,8.7762719,-2.1630985e-05,0
0.5,0,26.703846,-0.012383664,0,8.7855004,-2.1735165e-05,0
0.5,0,26.703856,-0.012515603,0,8.7947289,-2.1838348e-05,0
0.5,0,26.7038,-0.012651599,0,8.8039573,-2.1940968e-05,0
0.5,0,26.703746,-0.012790786,0,8.8131858,-2.2044217e-05,0
0.5,0,26.703715,-0.012930365,0,8.8224143,-2.2149057e-05,0
0.5,0,26.703683,-0.013060605,0,8.8316427,-2.2256774e-05,0
0.5,0,26.703605,-0.013173941,0,8.8408712,-2.2369704e-05,0
0.5,0,26.70341,-0.013269158,0,8.8500997,-2.2490756e-05,0
0.5,0,26.703011,-0.013347038,0,8.8593281,-2.2622933e-05,0
0.5,0,26.702304,-0.013407576,0,8.8685566,-2.2769225e-05,0
0.5,0,26.701176,-0.013450985,0,8.8777851,-2.2932325e-05,0
0.5,0,26.699508,-0.013478816,0,8.8870135,-2.311414e-05,0
0.5,0,26.697207,-0.013494315,0,8.896242,-2.3315362e-05,0
0.5,0,26.69423,-0.013502314,0,8.9054705,-2.3535246e-05,0
0.5,0,26.69061,-0.013509397,0,8.9146989,-2.3771662e-05,0
0.5,0,26.686463,-0.013523393,0,8.9239274,-2.40213e-05,0
0.5,0,26.681977,-0.013550044,0,8.9331559,-2.4279847e-05,0
0.5,0,26.67739,-0.013591023,0,8.9423843,-2.4542171e-05,0
0.5,0,26.67297,-0.013643753,0,8.9516128,-2.4802535e-05,0
0.5,0,26.668976,-0.01370243,0,8.9608413,-2.5055241e-05,0
0.5,0,26.665627,-0.013759013,0,8.9700697,-2.5295171e-05,0
0.5,0,26.66307,-0.013805118,0,8.9792982,-2.551806e-05,0
0.5,0,26.661374,-0.013834958,0,8.9885267,-2.5720873e-05,0
0.5,0,26.660535,-0.013845097,0,8.9977551,-2.5901862e-05,0
0.5,0,26.660487,-0.013834074,0,9.0069836,-2.6060378e-05,0
0.5,0,26.661118,-0.013803013,0,9.0162121,-2.6196562e-05,0
0.5,0,26.662285,-0.013756007,0,9.0254405,-2.6310967e-05,0
0.5,0,26.663829,-0.013699461,0,9.034669,-2.6404145e-05,0
0.5,0,26.665596,-0.013640192,0,9.0438975,-2.6476278e-05,0
0.5,0,26.667452,-0.013583182,0,9.0531259,-2.6526975e-05,0
0.5,0,26.669292,-0.013530434,0,9.0623544,-2.6555311e-05,0
0.5,0,26.671047,-0.01348157,0,9.0715829,-2.6560182e-05,0
0.5,0,26.672691,-0.013435063,0,9.0808113,-2.6540882e-05,0
0.5,0,26.674236,-0.013388651,0,9.0900398,-2.6497689e-05,0
0.5,0,26.675732,-0.013338288,0,9.0992683,-2.6432039e-05,0
0.5,0,26.67725,-0.013277228,0,9.1084967,-2.6346076e-05,0
0.5,0,26.678862,-0.013198707,0,9.1177252,-2.6241879e-05,0
0.5,0,26.680616,-0.013101599,0,9.1269537,-2.6121107e-05,0
0.5,0,26.682547,-0.012992769,0,9.1361821,-2.5985248e-05,0
0.5,0,26.684676,-0.012883294,0,9.1454106,-2.5835814e-05,0
0.5,0,26.687,-0.012784409,0,9.1546391,-2.567399e-05,0
0.5,0,26.689494,-0.012707308,0,9.1638675,-2.5500171e-05,0
0.5,0,26.692067,-0.012664134,0,9.173096,-2.5314044e-05,0
0.5,0,26.694573,-0.012666261,0,9.1823245,-2.5115097e-05,0
0.5,0,26.696864,-0.012720236,0,9.1915529,-2.4903038e-05,0
0.5,0,26.698809,-0.012825118,0,9.2007814,-2.4677974e-05,0
0.5,0,26.700254,-0.012973363,0,9.2100099,-2.4440546e-05,0
0.5,0,26.700989,-0.01315465,0,9.2192383,-2.4192164e-05,0
0.5,0,26.700758,-0.013358827,0,9.2284668,-2.3935256e-05,0
0.5,0,26.699275,-0.013574485,0,9.2376953,-2.3673544e-05,0
0.5,0,26.696228,-0.013786703,0,9.2469237,-2.3412191e-05,0
0.5,0,26.691297,-0.013979333,0,9.2561522,-2.3157428e-05,0
0.5,0,26.684194,-0.014139394,0,9.2653807,-2.2915689e-05,0
0.5,0,26.674704,-0.014258607,0,9.2746091,-2.2692782e-05,0
0.5,0,26.662727,-0.014332587,0,9.2838376,-2.2493541e-05,0
0.5,0,26.648293,-0.014360615,0,9.2930661,-2.2321785e-05,0
0.5,0,26.631571,-0.014346542,0,9.3022945,-2.2180241e-05,0
0.5,0,26.612903,-0.014299244,0,9.311523,-2.2070319e-05,0
0.5,0,26.592814,-0.014231726,0,9.3207515,-2.199188e-05,0
0.5,0,26.571971,-0.014159267,0,9.3299799,-2.1943083e-05,0
0.5,0,26.55112,-0.014096906,0,9.3392084,-2.1920324e-05,0
0.5,0,26.531018,-0.014056192,0,9.3484369,-2.1918249e-05,0
0.5,0,26.512391,-0.014042558,0,9.3576653,-2.1929832e-05,0
0.5,0,26.495886,-0.014055173,0,9.3668938,-2.1946591e-05,0
0.5,0,26.482021,-0.014088728,0,9.3761223,-2.1959018e-05,0
0.5,0,26.471144,-0.014136024,0,9.3853507,-2.1957384e-05,0
0.5,0,26.463396,-0.014189009,0,9.3945792,-2.1932879e-05,0
0.5,0,26.458684,-0.01423755,0,9.4038077,-2.1878634e-05,0
0.5,0,26.456718,-0.014268198,0,9.4130361,-2.1789904e-05,0
0.5,0,26.457011,-0.01426892,0,9.4222646,-2.166346e-05,0
0.5,0,26.458924,-0.014239412,0,9.4314931,-2.1497568e-05,0
0.5,0,26.461813,-0.014188212,0,9.4407215,-2.1293135e-05,0
0.5,0,26.46397,-0.014110157,0,9.44995,-2.1053917e-05,0
0.5,0,26.463395,-0.013902501,0,9.4591785,-2.0781186e-05,0
0.5,0,26.464094,-0.013616763,0,9.4684069,-2.0477753e-05,0
0.5,0,26.466992,-0.013380607,0,9.4776354,-2.0151458e-05,0
0.5,0,26.46875,-0.013182076,0,9.4868639,-1.9809184e-05,0
0.5,0,26.469881,-0.013029971,0,9.4960923,-1.94564e-05,0
0.5,0,26.470597,-0.012924138,0,9.5053208,-1.9098054e-05,0
0.5,0,26.47108,-0.012854829,0,9.5145493,-1.8739519e-05,0
0.5,0,26.471593,-0.012808886,0,9.5237777,-1.8387211e-05,0
0.5,0,26.472381,-0.012772174,0,9.5330062,-1.804846e-05,0
0.5,0,26.473636,-0.012734237,0,9.5422347,-1.7729864e-05,0
0.5,0,26.475489,-0.012690173,0,9.5514631,-1.7435368e-05,0
0.5,0,26.478,-0.012637745,0,9.5606916,-1.7165835e-05,0
0.5,0,26.481133,-0.012574867,0,9.5699201,-1.6919687e-05,0
0.5,0,26.484786,-0.012500966,0,9.5791485,-1.6693245e-05,0
0.5,0,26.488829,-0.012419647,0,9.588377,-1.6480784e-05,0
0.5,0,26.493091,-0.012338289,0,9.5976055,-1.6275074e-05,0
0.5,0,26.497363,-0.012265075,0,9.6068339,-1.6068441e-05,0
0.5,0,26.501432,-0.012206328,0,9.6160624,-1.5853674e-05,0
0.5,0,26.505125,-0.012164612,0,9.6252909,-1.5624583e-05,0
0.5,0,26.508324,-0.012138664,0,9.6345193,-1.5376585e-05,0
0.5,0,26.510967,-0.012126566,0,9.6437478,-1.5107247e-05,0
0.5,0,26.513035,-0.012129218,0,9.6529763,-1.4816411e-05,0
0.5,0,26.514534,-0.012150022,0,9.6622047,-1.4505998e-05,0
0.5,0,26.515495,-0.012191834,0,9.6714332,-1.4179939e-05,0
0.5,0,26.515987,-0.012254823,0,9.6806617,-1.3844136e-05,0
0.5,0,26.516103,-0.01233612,0,9.6898901,-1.3506036e-05,0
0.5,0,26.515936,-0.012429898,0,9.6991186,-1.3173734e-05,0
0.5,0,26.51556,-0.012527783,0,9.7083471,-1.2855018e-05,0
0.5,0,26.515057,-0.012620063,0,9.7175755,-1.2556721e-05,0
0.5,0,26.514525,-0.012697825,0,9.726804,-1.2284428e-05,0
0.5,0,26.514076,-0.012755675,0,9.7360325,-1.2042476e-05,0
0.5,0,26.513811,-0.01279343,0,9.7452609,-1.183411e-05,0
0.5,0,26.51381,-0.012814928,0,9.7544894,-1.1661657e-05,0
0.5,0,26.514124,-0.012824026,0,9.7637179,-1.1526626e-05,0
0.5,0,26.51477,-0.012821151,0,9.7729463,-1.1429801e-05,0
0.5,0,26.515742,-0.01280368,0,9.7821748,-1.1371295e-05,0
0.5,0,26.516997,-0.012769304,0,9.7914033,-1.1350467e-05,0
0.5,0,26.51845,-0.012718817,0,9.8006317,-1.1365809e-05,0
0.5,0,26.519992,-0.012656319,0,9.8098602,-1.1415008e-05,0
0.5,0,26.52152,-0.012587831,0,9.8190887,-1.1495179e-05,0
0.5,0,26.522971,-0.012519926,0,9.8283171,-1.1603032e-05,0
0.5,0,26.524317,-0.012458684,0,9.8375456,-1.1734826e-05,0
0.5,0,26.525537,-0.012408852,0,9.8467741,-1.1886358e-05,0
0.5,0,26.526622,-0.012373369,0,9.8560025,-1.2053262e-05,0
0.5,0,26.52759,-0.012353091,0,9.865231,-1.2231479e-05,0
0.5,0,26.528488,-0.012346639,0,9.8744595,-1.2417568e-05,0
0.5,0,26.529351,-0.01235109,0,9.8836879,-1.2608615e-05,0
0.5,0,26.53018,-0.012363807,0,9.8929164,-1.2801845e-05,0
0.5,0,26.530943,-0.012384158,0,9.9021449,-1.2994196e-05,0
0.5,0,26.531579,-0.012413377,0,9.9113733,-1.3182056e-05,0
0.5,0,26.532021,-0.01245198,0,9.9206018,-1.3361184e-05,0
0.5,0,26.532232,-0.012496566,0,9.9298303,-1.3526764e-05,0
0.5,0,26.532236,-0.012539282,0,9.9390587,-1.3673511e-05,0
0.5,0,26.532111,-0.012571191,0,9.9482872,-1.3795707e-05,0
0.5,0,26.531943,-0.012586765,0,9.9575157,-1.3887124e-05,0
0.5,0,26.531818,-0.012585546,0,9.9667441,-1.3941033e-05,0
0.5,0,26.531835,-0.012570352,0,9.9759726,-1.3950521e-05,0
0.5,0,26.532103,-0.012544192,0,9.9852011,-1.3909131e-05,0
0.5,0,26.532703,-0.012508441,0,9.9944295,-1.381156e-05,0
0.5,0,26.53365,-0.012462141,0,10.003658,-1.3654242e-05,0
0.5,0,26.53486,-0.012401837,0,10.012886,-1.3435702e-05,0
0.5,0,26.536227,-0.012323107,0,10.022115,-1.3156774e-05,0
0.5,0,26.537362,-0.012227122,0,10.031343,-1.2821072e-05,0
0.5,0,26.538179,-0.012111887,0,10.040572,-1.2435688e-05,0
0.5,0,26.539901,-0.01200946,0,10.0498,-1.2012286e-05,0
0.5,0,26.541008,-0.011899048,0,10.059029,-1.1563632e-05,0
0.5,0,26.540935,-0.01176092,0,10.068257,-1.1100929e-05,0
0.5,0,26.541339,-0.011643924,0,10.077486,-1.0635351e-05,0
0.5,0,26.541812,-0.011559001,0,10.086714,-1.017685e-05,0
0.5,0,26.542282,-0.011506054,0,10.095943,-9.7329738e-06,0
0.5,0,26.542826,-0.011483556,0,10.105171,-9.308676e-06,0
0.5,0,26.543422,-0.01148933,0,10.1144,-8.9062335e-06,0
0.5,0,26.544004,-0.011517279,0,10.123628,-8.5257447e-06,0
0.5,0,26.544471,-0.01155573,0,10.132857,-8.1654937e-06,0
0.5,0,26.54471,-0.011590349,0,10.142085,-7.8222454e-06,0
0.5,0,26.544615,-0.011606894,0,10.151313,-7.4920931e-06,0
0.5,0,26.544111,-0.011594474,0,10.160542,-7.1712214e-06,0
0.5,0,26.543159,-0.011548135,0,10.16977,-6.8561536e-06,0
0.5,0,26.541766,-0.011468481,0,10.178999,-6.5436161e-06,0
0.5,0,26.539983,-0.01135937,0,10.188227,-6.2302078e-06,0
0.5,0,26.537892,-0.011225853,0,10.197456,-5.9121253e-06,0
0.5,0,26.535593,-0.01107384,0,10.206684,-5.5851874e-06,0
0.5,0,26.533193,-0.010911426,0,10.215913,-5.2452701e-06,0
0.5,0,26.530794,-0.01074999,0,10.225141,-4.8891072e-06,0
0.5,0,26.528486,-0.010602842,0,10.23437,-4.5151876e-06,0
0.5,0,26.526333,-0.010480877,0,10.243598,-4.1242518e-06,0
0.5,0,26.524383,-0.010387951,0,10.252827,-3.7190427e-06,0
0.5,0,26.522678,-0.010320387,0,10.262055,-3.3035352e-06,0
0.5,0,26.521272,-0.010270855,0,10.271284,-2.8821875e-06,0
0.5,0,26.520226,-0.010231524,0,10.280512,-2.4593603e-06,0
0.5,0,26.519582,-0.010194994,0,10.28974,-2.0386682e-06,0
0.5,0,26.519355,-0.010157344,0,10.298969,-1.6224583e-06,0
0.5,0,26.51954,-0.0101213,0,10.308197,-1.2119204e-06,0
0.5,0,26.520132,-0.010100673,0,10.317426,-8.0781086e-07,0
0.5,0,26.52127,-0.010122781,0,10.326654,-4.1125605e-07,0
0.5,0,26.523257,-0.010146938,0,10.335883,-2.3014656e-08,0
0.5,0,26.523434,-0.010143611,0,10.336444,-2.5804012e-15,0
0.5,0,26.450351,-0.01761092,0,11.692467,-6.449271e-08,0
0.5,0,26.454305,-0.017543043,0,11.688047,-2.5804012e-15,0
0.5,0,26.442774,-0.017609383,0,11.701696,-1.928877e-07,0
0.5,0,26.435474,-0.017577834,0,11.710924,-3.1286938e-07,0
0.5,0,26.428143,-0.017564596,0,11.720153,-4.2908788e-07,0
0.5,0,26.420696,-0.017583602,0,11.729381,-5.4926149e-07,0
0.5,0,26.413189,-0.017640308,0,11.73861,-6.8200479e-07,0
0.5,0,26.405686,-0.017744508,0,11.747838,-8.3526841e-07,0
0.5,0,26.398161,-0.017903236,0,11.757067,-1.0148622e-06,0
0.5,0,26.390478,-0.018111611,0,11.766295,-1.2236369e-06,0
0.5,0,26.382655,-0.018354945,0,11.775524,-1.4618447e-06,0
0.5,0,26.37488,-0.018623036,0,11.784752,-1.728563e-06,0
0.5,0,26.367593,-0.01891611,0,11.793981,-2.0227326e-06,0
0.5,0,26.360794,-0.019237017,0,11.803209,-2.3435065e-06,0
0.5,0,26.353623,-0.019551539,0,11.812437,-2.6894931e-06,0
0.5,0,26.346416,-0.019734938,0,11.821666,-3.055781e-06,0
0.5,0,26.343299,-0.019789791,0,11.830894,-3.4382636e-06,0
0.5,0,26.344992,-0.019810956,0,11.840123,-3.8359928e-06,0
0.5,0,26.348535,-0.019806036,0,11.849351,-4.2480117e-06,0
0.5,0,26.352898,-0.019784722,0,11.85858,-4.6726462e-06,0
0.5,0,26.356936,-0.019751156,0,11.867808,-5.1066635e-06,0
0.5,0,26.359864,-0.019701513,0,11.877037,-5.5468253e-06,0
0.5,0,26.361338,-0.019631865,0,11.886265,-5.9908336e-06,0
0.5,0,26.36134,-0.019543028,0,11.895494,-6.4374979e-06,0
0.5,0,26.359916,-0.019440798,0,11.904722,-6.8866876e-06,0
0.5,0,26.357004,-0.019334438,0,11.913951,-7.3392235e-06,0
0.5,0,26.352435,-0.019232562,0,11.923179,-7.7970963e-06,0
0.5,0,26.346079,-0.019138425,0,11.932408,-8.2637018e-06,0
0.5,0,26.338014,-0.019050178,0,11.941636,-8.7431644e-06,0
0.5,0,26.328632,-0.018966065,0,11.950865,-9.2389846e-06,0
0.5,0,26.318635,-0.018888583,0,11.960093,-9.753487e-06,0
0.5,0,26.308886,-0.018823151,0,11.969321,-1.0288425e-05,0
0.5,0,26.300267,-0.018773922,0,11.97855,-1.0845607e-05,0
0.5,0,26.293481,-0.018742214,0,11.987778,-1.1426899e-05,0
0.5,0,26.288924,-0.01872781,0,11.997007,-1.2033948e-05,0
0.5,0,26.286671,-0.018730115,0,12.006235,-1.2667998e-05,0
0.5,0,26.286557,-0.018747877,0,12.015464,-1.3329794e-05,0
0.5,0,26.288294,-0.018778313,0,12.024692,-1.4019545e-05,0
0.5,0,26.291549,-0.018818538,0,12.033921,-1.4736644e-05,0
0.5,0,26.295995,-0.018869351,0,12.043149,-1.5478893e-05,0
0.5,0,26.301327,-0.018936193,0,12.052378,-1.6242063e-05,0
0.5,0,26.307264,-0.019025692,0,12.061606,-1.7020597e-05,0
0.5,0,26.313538,-0.019141475,0,12.070835,-1.7808794e-05,0
0.5,0,26.319893,-0.01928142,0,12.080063,-1.860113e-05,0
0.5,0,26.326095,-0.019437679,0,12.089292,-1.9391589e-05,0
0.5,0,26.331944,-0.019600534,0,12.09852,-2.0173122e-05,0
0.5,0,26.337297,-0.019763324,0,12.107748,-2.093815e-05,0
0.5,0,26.342079,-0.019923381,0,12.116977,-2.1679895e-05,0
0.5,0,26.34629,-0.020078542,0,12.126205,-2.239359e-05,0
0.5,0,26.349971,-0.020223751,0,12.135434,-2.3076866e-05,0
0.5,0,26.353174,-0.020350997,0,12.144662,-2.3729427e-05,0
0.5,0,26.355937,-0.020451295,0,12.153891,-2.4352491e-05,0
0.5,0,26.358276,-0.020516189,0,12.163119,-2.4948285e-05,0
0.5,0,26.360164,-0.020538885,0,12.172348,-2.5519585e-05,0
0.5,0,26.361523,-0.020515917,0,12.181576,-2.6069292e-05,0
0.5,0,26.362251,-0.02044918,0,12.190805,-2.6600134e-05,0
0.5,0,26.362269,-0.02034729,0,12.200033,-2.7114608e-05,0
0.5,0,26.361543,-0.020224978,0,12.209262,-2.7615102e-05,0
0.5,0,26.360041,-0.020100417,0,12.21849,-2.8103991e-05,0
0.5,0,26.35773,-0.01999144,0,12.227719,-2.8583636e-05,0
0.5,0,26.354641,-0.019912013,0,12.236947,-2.9056347e-05,0
0.5,0,26.35091,-0.019870629,0,12.246175,-2.9524407e-05,0
0.5,0,26.346755,-0.019871206,0,12.255404,-2.999009e-05,0
0.5,0,26.342421,-0.019914954,0,12.264632,-3.045567e-05,0
0.5,0,26.338146,-0.020000814,0,12.273861,-3.0923493e-05,0
0.5,0,26.334154,-0.020124062,0,12.283089,-3.1396214e-05,0
0.5,0,26.330657,-0.020275071,0,12.292318,-3.1877001e-05,0
0.5,0,26.327856,-0.020439575,0,12.301546,-3.2369372e-05,0
0.5,0,26.325938,-0.020600295,0,12.310775,-3.2876577e-05,0
0.5,0,26.325077,-0.020739621,0,12.320003,-3.3400875e-05,0
0.5,0,26.325417,-0.020843411,0,12.329232,-3.3943119e-05,0
0.5,0,26.327065,-0.020904867,0,12.33846,-3.4502843e-05,0
0.5,0,26.330065,-0.020925299,0,12.347689,-3.5078713e-05,0
0.5,0,26.334386,-0.02090999,0,12.356917,-3.5668896e-05,0
0.5,0,26.339891,-0.020863408,0,12.366146,-3.6270901e-05,0
0.5,0,26.346372,-0.02079026,0,12.375374,-3.688109e-05,0
0.5,0,26.353464,-0.020703201,0,12.384602,-3.7494678e-05,0
0.5,0,26.360911,-0.020622287,0,12.393831,-3.8106707e-05,0
0.5,0,26.368249,-0.020562252,0,12.403059,-3.8712938e-05,0
0.5,0,26.375258,-0.020520495,0,12.412288,-3.9307867e-05,0
0.5,0,26.38185,-0.020485196,0,12.421516,-3.9884529e-05,0
0.5,0,26.387792,-0.020460893,0,12.430745,-4.043789e-05,0
0.5,0,26.393233,-0.020457507,0,12.439973,-4.0964715e-05,0
0.5,0,26.398282,-0.020470871,0,12.449202,-4.1462637e-05,0
0.5,0,26.403193,-0.020495128,0,12.45843,-4.1931377e-05,0
0.5,0,26.408347,-0.020530895,0,12.467659,-4.2372572e-05,0
0.5,0,26.414124,-0.020578779,0,12.476887,-4.2788874e-05,0
0.5,0,26.420836,-0.020631826,0,12.486116,-4.3184186e-05,0
0.5,0,26.428667,-0.020680457,0,12.495344,-4.3563617e-05,0
0.5,0,26.437665,-0.02072142,0,12.504573,-4.3931975e-05,0
0.5,0,26.447794,-0.020756454,0,12.513801,-4.4292215e-05,0
0.5,0,26.458956,-0.020785349,0,12.523029,-4.4645238e-05,0
0.5,0,26.470994,-0.020805504,0,12.532258,-4.4990603e-05,0
0.5,0,26.483682,-0.020817109,0,12.541486,-4.5327008e-05,0
0.5,0,26.496757,-0.020825448,0,12.550715,-4.5652285e-05,0
0.5,0,26.509958,-0.020838168,0,12.559943,-4.5963317e-05,0
0.5,0,26.523064,-0.020861578,0,12.569172,-4.6256094e-05,0
0.5,0,26.535911,-0.020899142,0,12.5784,-4.6525833e-05,0
0.5,0,26.548388,-0.02095184,0,12.587629,-4.6767145e-05,0
0.5,0,26.560429,-0.021018712,0,12.596857,-4.6974376e-05,0
0.5,0,26.572003,-0.021097367,0,12.606086,-4.7142105e-05,0
0.5,0,26.583118,-0.021185189,0,12.615314,-4.7265699e-05,0
0.5,0,26.593814,-0.02128073,0,12.624543,-4.7341918e-05,0
0.5,0,26.604157,-0.021383906,0,12.633771,-4.7369585e-05,0
0.5,0,26.614216,-0.021493871,0,12.643,-4.7350142e-05,0
0.5,0,26.624054,-0.021606121,0,12.652228,-4.7287689e-05,0
0.5,0,26.633711,-0.021712431,0,12.661456,-4.7188357e-05,0
0.5,0,26.643188,-0.021805326,0,12.670685,-4.7059617e-05,0
0.5,0,26.652442,-0.021883403,0,12.679913,-4.691007e-05,0
0.5,0,26.661387,-0.021950808,0,12.689142,-4.6749397e-05,0
0.5,0,26.669903,-0.022011259,0,12.69837,-4.6587767e-05,0
0.5,0,26.677875,-0.022064793,0,12.707599,-4.6434547e-05,0
0.5,0,26.68522,-0.022109892,0,12.716827,-4.6297021e-05,0
0.5,0,26.691913,-0.022146167,0,12.726056,-4.6179635e-05,0
0.5,0,26.697995,-0.022174642,0,12.735284,-4.6083743e-05,0
0.5,0,26.70357,-0.022196462,0,12.744513,-4.600771e-05,0
0.5,0,26.708789,-0.022212078,0,12.753741,-4.5947272e-05,0
0.5,0,26.713808,-0.022221504,0,12.76297,-4.5896139e-05,0
0.5,0,26.71873,-0.022224939,0,12.772198,-4.5846805e-05,0
0.5,0,26.723625,-0.022223604,0,12.781427,-4.5791398e-05,0
0.5,0,26.728582,-0.022220302,0,12.790655,-4.5722496e-05,0
0.5,0,26.733746,-0.022218995,0,12.799883,-4.5633891e-05,0
0.5,0,26.739278,-0.022223557,0,12.809112,-4.5521319e-05,0
0.5,0,26.745304,-0.022236516,0,12.81834,-4.5382978e-05,0
0.5,0,26.751887,-0.022258113,0,12.827569,-4.5219612e-05,0
0.5,0,26.759032,-0.02228585,0,12.836797,-4.5034092e-05,0
0.5,0,26.766695,-0.022315104,0,12.846026,-4.4830672e-05,0
0.5,0,26.774797,-0.022341332,0,12.855254,-4.4614341e-05,0
0.5,0,26.783233,-0.022362971,0,12.864483,-4.4390487e-05,0
0.5,0,26.791896,-0.022382517,0,12.873711,-4.4164713e-05,0
0.5,0,26.800684,-0.022403829,0,12.88294,-4.394245e-05,0
0.5,0,26.809513,-0.022427916,0,12.892168,-4.3728272e-05,0
0.5,0,26.818316,-0.022452265,0,12.901397,-4.3525323e-05,0
0.5,0,26.827025,-0.022474815,0,12.910625,-4.3335283e-05,0
0.5,0,26.835563,-0.022496967,0,12.919854,-4.3158604e-05,0
0.5,0,26.843831,-0.02251936,0,12.929082,-4.2994303e-05,0
0.5,0,26.851733,-0.022535141,0,12.93831,-4.2839198e-05,0
0.5,0,26.859158,-0.02253194,0,12.947539,-4.2687305e-05,0
0.5,0,26.866076,-0.022498023,0,12.956767,-4.2530098e-05,0
0.5,0,26.872412,-0.022431756,0,12.965996,-4.2357749e-05,0
0.5,0,26.878158,-0.022350952,0,12.975224,-4.2161685e-05,0
0.5,0,26.883674,-0.02228141,0,12.984453,-4.1937965e-05,0
0.5,0,26.889031,-0.022239512,0,12.993681,-4.1688151e-05,0
0.5,0,26.893472,-0.022198821,0,13.00291,-4.1410411e-05,0
0.5,0,26.89797,-0.022157155,0,13.012138,-4.1104126e-05,0
0.5,0,26.902919,-0.022137383,0,13.021367,-4.0775516e-05,0
0.5,0,26.90743,-0.02212616,0,13.030595,-4.0431277e-05,0
0.5,0,26.911906,-0.022125562,0,13.039824,-4.0077072e-05,0
0.5,0,26.916492,-0.022147012,0,13.049052,-3.9715829e-05,0
0.5,0,26.921155,-0.022184564,0,13.058281,-3.9350128e-05,0
0.5,0,26.925824,-0.022224497,0,13.067509,-3.8984424e-05,0
0.5,0,26.930423,-0.022262984,0,13.076737,-3.8624258e-05,0
0.5,0,26.934868,-0.022305475,0,13.085966,-3.8274023e-05,0
0.5,0,26.939065,-0.02235461,0,13.095194,-3.7935712e-05,0
0.5,0,26.942946,-0.022403404,0,13.104423,-3.7609445e-05,0
0.5,0,26.946473,-0.022440347,0,13.113651,-3.7294616e-05,0
0.5,0,26.949621,-0.022458894,0,13.12288,-3.6990401e-05,0
0.5,0,26.95236,-0.022461394,0,13.132108,-3.6695725e-05,0
0.5,0,26.954653,-0.022456191,0,13.141337,-3.6409314e-05,0
0.5,0,26.956487,-0.022452726,0,13.150565,-3.6130017e-05,0
0.5,0,26.957885,-0.022458081,0,13.159794,-3.585715e-05,0
0.5,0,26.958902,-0.022475352,0,13.169022,-3.5590617e-05,0
0.5,0,26.959608,-0.022503647,0,13.178251,-3.5330643e-05,0
0.5,0,26.960058,-0.02254017,0,13.187479,-3.5077339e-05,0
0.5,0,26.960288,-0.02258344,0,13.196708,-3.4830431e-05,0
0.5,0,26.960325,-0.022634413,0,13.205936,-3.4589264e-05,0
0.5,0,26.960214,-0.022695408,0,13.215164,-3.4353041e-05,0
0.5,0,26.960046,-0.022769075,0,13.224393,-3.4121148e-05,0
0.5,0,26.959973,-0.022857502,0,13.233621,-3.3893327e-05,0
0.5,0,26.960203,-0.022961249,0,13.24285,-3.3669604e-05,0
0.5,0,26.960988,-0.023079272,0,13.252078,-3.3450127e-05,0
0.5,0,26.962602,-0.023209488,0,13.261307,-3.3235057e-05,0
0.5,0,26.965344,-0.023347504,0,13.270535,-3.30246e-05,0
0.5,0,26.969087,-0.023485541,0,13.279764,-3.2818901e-05,0
0.5,0,26.974082,-0.023603634,0,13.288992,-3.2618192e-05,0
0.5,0,26.983187,-0.023751276,0,13.298221,-3.2425551e-05,0
0.5,0,26.99379,-0.023862112,0,13.307449,-3.2242437e-05,0
0.5,0,27.004783,-0.0238803,0,13.316678,-3.2066871e-05,0
0.5,0,27.01951,-0.023893964,0,13.325906,-3.1899356e-05,0
0.5,0,27.037163,-0.023905806,0,13.335135,-3.1741514e-05,0
0.5,0,27.057519,-0.023905185,0,13.344363,-3.1594466e-05,0
0.5,0,27.080592,-0.023890372,0,13.353591,-3.1459651e-05,0
0.5,0,27.106083,-0.023861709,0,13.36282,-3.1338737e-05,0
0.5,0,27.133433,-0.023822042,0,13.372048,-3.1232777e-05,0
0.5,0,27.161707,-0.023768366,0,13.381277,-3.1140729e-05,0
0.5,0,27.189457,-0.023693426,0,13.390505,-3.1058516e-05,0
0.5,0,27.214669,-0.023596394,0,13.399734,-3.0979412e-05,0
0.5,0,27.234812,-0.023478159,0,13.408962,-3.0894649e-05,0
0.5,0,27.24705,-0.023341833,0,13.418191,-3.079407e-05,0
0.5,0,27.248664,-0.02321087,0,13.427419,-3.0667877e-05,0
0.5,0,27.237658,-0.023108551,0,13.436648,-3.0509357e-05,0
0.5,0,27.213397,-0.023043638,0,13.445876,-3.0317427e-05,0
0.5,0,27.177068,-0.023024338,0,13.455105,-3.0096121e-05,0
0.5,0,27.131726,-0.023046104,0,13.464333,-2.985122e-05,0
0.5,0,27.081897,-0.023090933,0,13.473562,-2.9589074e-05,0
0.5,0,27.032887,-0.023143188,0,13.48279,-2.9316877e-05,0
0.5,0,26.989869,-0.023196092,0,13.492018,-2.9042216e-05,0
0.5,0,26.956991,-0.023252196,0,13.501247,-2.877336e-05,0
0.5,0,26.936734,-0.023322614,0,13.510475,-2.8520249e-05,0
0.5,0,26.929756,-0.023415461,0,13.519704,-2.8294184e-05,0
0.5,0,26.93514,-0.023522886,0,13.528932,-2.8105639e-05,0
0.5,0,26.950828,-0.02362906,0,13.538161,-2.7960999e-05,0
0.5,0,26.974017,-0.023720409,0,13.547389,-2.7860418e-05,0
0.5,0,27.001385,-0.023793474,0,13.556618,-2.7800294e-05,0
0.5,0,27.0293,-0.023865337,0,13.565846,-2.7777031e-05,0
0.5,0,27.053769,-0.023963509,0,13.575075,-2.7787868e-05,0
0.5,0,27.07053,-0.02410104,0,13.584303,-2.783015e-05,0
0.5,0,27.075163,-0.024271852,0,13.593532,-2.7899344e-05,0
0.5,0,27.063422,-0.024469805,0,13.60276,-2.798763e-05,0
0.5,0,27.032184,-0.024685594,0,13.611989,-2.8086521e-05,0
0.5,0,26.98026,-0.024911917,0,13.621217,-2.819004e-05,0
0.5,0,26.908889,-0.025147066,0,13.630445,-2.8293484e-05,0
0.5,0,26.821783,-0.025375327,0,13.639674,-2.8392881e-05,0
0.5,0,26.7249,-0.025579909,0,13.648902,-2.8486584e-05,0
0.5,0,26.625844,-0.025760312,0,13.658131,-2.8574352e-05,0
0.5,0,26.532887,-0.025925934,0,13.667359,-2.8655425e-05,0
0.5,0,26.453786,-0.026084703,0,13.676588,-2.8728092e-05,0
0.5,0,26.394518,-0.026239174,0,13.685816,-2.8790149e-05,0
0.5,0,26.358054,-0.026384817,0,13.695045,-2.8839466e-05,0
0.5,0,26.343686,-0.026510384,0,13.704273,-2.8874859e-05,0
0.5,0,26.347334,-0.026605417,0,13.713502,-2.8897426e-05,0
0.5,0,26.362803,-0.026666202,0,13.72273,-2.8911042e-05,0
0.5,0,26.38341,-0.026693792,0,13.731959,-2.8921095e-05,0
0.5,0,26.403359,-0.026690909,0,13.741187,-2.8932905e-05,0
0.5,0,26.418602,-0.026662938,0,13.750416,-2.8951282e-05,0
0.5,0,26.427141,-0.026621053,0,13.759644,-2.8980729e-05,0
0.5,0,26.428874,-0.026578314,0,13.768872,-2.9025515e-05,0
0.5,0,26.425092,-0.026542929,0,13.778101,-2.908954e-05,0
0.5,0,26.417798,-0.026517288,0,13.787329,-2.9175777e-05,0
0.5,0,26.40904,-0.026499527,0,13.796558,-2.9285489e-05,0
0.5,0,26.400437,-0.026485805,0,13.805786,-2.9417883e-05,0
0.5,0,26.392969,-0.026472738,0,13.815015,-2.9570347e-05,0
0.5,0,26.386971,-0.026459148,0,13.824243,-2.9738868e-05,0
0.5,0,26.382244,-0.026445948,0,13.833472,-2.9918365e-05,0
0.5,0,26.378205,-0.026435409,0,13.8427,-3.0103045e-05,0
0.5,0,26.374073,-0.026431882,0,13.851929,-3.0287002e-05,0
0.5,0,26.368973,-0.026444059,0,13.861157,-3.0465106e-05,0
0.5,0,26.36215,-0.026473555,0,13.870386,-3.0633248e-05,0
0.5,0,26.353494,-0.026496807,0,13.879614,-3.0786837e-05,0
0.5,0,26.342543,-0.026530047,0,13.888843,-3.0919917e-05,0
0.5,0,26.329685,-0.026613079,0,13.898071,-3.1028955e-05,0
0.5,0,26.315654,-0.026723089,0,13.907299,-3.111513e-05,0
0.5,0,26.300567,-0.026837276,0,13.916528,-3.118061e-05,0
0.5,0,26.285272,-0.026963409,0,13.925756,-3.1225958e-05,0
0.5,0,26.270456,-0.027099162,0,13.934985,-3.1250543e-05,0
0.5,0,26.256659,-0.027231905,0,13.944213,-3.1253244e-05,0
0.5,0,26.244371,-0.027350882,0,13.953442,-3.1232803e-05,0
0.5,0,26.233928,-0.027453632,0,13.96267,-3.1187749e-05,0
0.5,0,26.225547,-0.027546047,0,13.971899,-3.1116645e-05,0
0.5,0,26.219374,-0.027636188,0,13.981127,-3.1018961e-05,0
0.5,0,26.215496,-0.027731472,0,13.990356,-3.0895476e-05,0
0.5,0,26.213916,-0.027837079,0,13.999584,-3.0748031e-05,0
0.5,0,26.214533,-0.027954048,0,14.008813,-3.057919e-05,0
0.5,0,26.217138,-0.028081452,0,14.018041,-3.0391705e-05,0
0.5,0,26.221421,-0.028217268,0,14.02727,-3.0187809e-05,0
0.5,0,26.22698,-0.028356574,0,14.036498,-2.9968778e-05,0
0.5,0,26.233346,-0.028491784,0,14.045726,-2.9734781e-05,0
0.5,0,26.239998,-0.028615045,0,14.054955,-2.9484828e-05,0
0.5,0,26.246407,-0.028720397,0,14.064183,-2.9216987e-05,0
0.5,0,26.252079,-0.028805948,0,14.073412,-2.8928962e-05,0
0.5,0,26.256613,-0.028876378,0,14.08264,-2.8618931e-05,0
0.5,0,26.259734,-0.028943291,0,14.091869,-2.8286305e-05,0
0.5,0,26.261305,-0.029021423,0,14.101097,-2.7932124e-05,0
0.5,0,26.261304,-0.029122163,0,14.110326,-2.7558834e-05,0
0.5,0,26.2598,-0.029250011,0,14.119554,-2.7169669e-05,0
0.5,0,26.256888,-0.029404939,0,14.128783,-2.6768212e-05,0
0.5,0,26.25276,-0.029584045,0,14.138011,-2.6358395e-05,0
0.5,0,26.247517,-0.029787082,0,14.14724,-2.5944696e-05,0
0.5,0,26.241285,-0.030024078,0,14.156468,-2.5532755e-05,0
0.5,0,26.233583,-0.030307546,0,14.165697,-2.5131101e-05,0
0.5,0,26.222138,-0.030578455,0,14.174925,-2.4750747e-05,0
0.5,0,26.206619,-0.030627795,0,14.184153,-2.4395889e-05,0
0.5,0,26.193311,-0.030466449,0,14.193382,-2.4066779e-05,0
0.5,0,26.183171,-0.03028433,0,14.20261,-2.3765405e-05,0
0.5,0,26.172096,-0.030133012,0,14.211839,-2.3490519e-05,0
0.5,0,26.159763,-0.03003479,0,14.221067,-2.3237139e-05,0
0.5,0,26.145928,-0.029988706,0,14.230296,-2.2999205e-05,0
0.5,0,26.130657,-0.029981023,0,14.239524,-2.2773288e-05,0
0.5,0,26.114114,-0.029994099,0,14.248753,-2.2558978e-05,0
0.5,0,26.096631,-0.030014411,0,14.257981,-2.2357851e-05,0
0.5,0,26.078712,-0.030044861,0,14.26721,-2.2171961e-05,0
0.5,0,26.060983,-0.030098945,0,14.276438,-2.2002268e-05,0
0.5,0,26.044152,-0.030178499,0,14.285667,-2.1847355e-05,0
0.5,0,26.02884,-0.030269554,0,14.294895,-2.1705342e-05,0
0.5,0,26.015534,-0.030362729,0,14.304124,-2.1577103e-05,0
0.5,0,26.004539,-0.030463921,0,14.313352,-2.1465932e-05,0
0.5,0,25.996005,-0.030578981,0,14.32258,-2.137573e-05,0
0.5,0,25.989999,-0.030706408,0,14.331809,-2.1309177e-05,0
0.5,0,25.986433,-0.030842978,0,14.341037,-2.126664e-05,0
0.5,0,25.985153,-0.030984879,0,14.350266,-2.1247147e-05,0
0.5,0,25.985992,-0.031129201,0,14.359494,-2.1249773e-05,0
0.5,0,25.988801,-0.031275903,0,14.368723,-2.1273812e-05,0
0.5,0,25.993392,-0.031427993,0,14.377951,-2.1317953e-05,0
0.5,0,25.999505,-0.031588751,0,14.38718,-2.1379595e-05,0
0.5,0,26.006807,-0.031749832,0,14.396408,-2.145522e-05,0
0.5,0,26.014934,-0.03188526,0,14.405637,-2.1540558e-05,0
0.5,0,26.023537,-0.031974109,0,14.414865,-2.1631365e-05,0
0.5,0,26.032302,-0.032023989,0,14.424094,-2.1724046e-05,0
0.5,0,26.040956,-0.032058341,0,14.433322,-2.1814622e-05,0
0.5,0,26.049258,-0.032096522,0,14.442551,-2.189943e-05,0
0.5,0,26.057028,-0.032151443,0,14.451779,-2.1976909e-05,0
0.5,0,26.064163,-0.032230026,0,14.461007,-2.2047677e-05,0
0.5,0,26.070634,-0.03233481,0,14.470236,-2.2113682e-05,0
0.5,0,26.076498,-0.032466943,0,14.479464,-2.2177581e-05,0
0.5,0,26.081889,-0.032625249,0,14.488693,-2.2242381e-05,0
0.5,0,26.086975,-0.032803376,0,14.497921,-2.2311143e-05,0
0.5,0,26.091984,-0.032989259,0,14.50715,-2.2386561e-05,0
0.5,0,26.097274,-0.033167787,0,14.516378,-2.2470448e-05,0
0.5,0,26.103335,-0.033325086,0,14.525607,-2.2563285e-05,0
0.5,0,26.110659,-0.033452051,0,14.534835,-2.2664002e-05,0
0.5,0,26.119506,-0.033545826,0,14.544064,-2.2770159e-05,0
0.5,0,26.129616,-0.033609504,0,14.553292,-2.2878527e-05,0
0.5,0,26.139863,-0.0336503,0,14.562521,-2.2985871e-05,0
0.5,0,26.147881,-0.033675481,0,14.571749,-2.3089695e-05,0
0.5,0,26.149745,-0.033686641,0,14.580978,-2.3188868e-05,0
0.5,0,26.139873,-0.033684036,0,14.590206,-2.3283957e-05,0
0.5,0,26.111464,-0.033669343,0,14.599434,-2.3377411e-05,0
0.5,0,26.057765,-0.03364074,0,14.608663,-2.3474079e-05,0
0.5,0,25.97435,-0.033612147,0,14.617891,-2.3581188e-05,0
0.5,0,25.861917,-0.033620872,0,14.62712,-2.3706733e-05,0
0.5,0,25.728543,-0.033716765,0,14.636348,-2.3855181e-05,0
0.5,0,25.589927,-0.033945426,0,14.645577,-2.4019958e-05,0
0.5,0,25.4664,-0.034325383,0,14.654805,-2.4176413e-05,0
0.5,0,25.377237,-0.034840464,0,14.664034,-2.4282572e-05,0
0.5,0,25.334612,-0.035410913,0,14.673262,-2.4290324e-05,0
0.5,0,25.34023,-0.035921938,0,14.682491,-2.4161645e-05,0
0.5,0,25.386142,-0.03631075,0,14.691719,-2.3887153e-05,0
0.5,0,25.459301,-0.036601624,0,14.700948,-2.3491421e-05,0
0.5,0,25.54627,-0.036846199,0,14.710176,-2.3015567e-05,0
0.5,0,25.635864,-0.03707754,0,14.719405,-2.2501028e-05,0
0.5,0,25.720325,-0.037313971,0,14.728633,-2.1982651e-05,0
0.5,0,25.795104,-0.0375519,0,14.737861,-2.1484137e-05,0
0.5,0,25.858154,-0.037781739,0,14.74709,-2.1018988e-05,0
0.5,0,25.90951,-0.037999139,0,14.756318,-2.0596218e-05,0
0.5,0,25.949989,-0.038209022,0,14.765547,-2.0222447e-05,0
0.5,0,25.979098,-0.038353955,0,14.774775,-1.9892362e-05,0
0.5,0,25.99952,-0.038413702,0,14.784004,-1.9599906e-05,0
0.5,0,26.013383,-0.038424103,0,14.793232,-1.9340389e-05,0
0.5,0,26.020701,-0.038363575,0,14.802461,-1.9100866e-05,0
0.5,0,26.023932,-0.038226956,0,14.811689,-1.8869782e-05,0
0.5,0,26.024887,-0.038041893,0,14.820918,-1.8637862e-05,0
0.5,0,26.024918,-0.03783733,0,14.830146,-1.8398098e-05,0
0.5,0,26.025196,-0.037624896,0,14.839375,-1.8147561e-05,0
0.5,0,26.026631,-0.037426082,0,14.848603,-1.7887514e-05,0
0.5,0,26.029818,-0.037274264,0,14.857832,-1.7624739e-05,0
0.5,0,26.035002,-0.037187283,0,14.86706,-1.7369614e-05,0
0.5,0,26.042129,-0.037175645,0,14.876288,-1.7132753e-05,0
0.5,0,26.050928,-0.037243741,0,14.885517,-1.6925717e-05,0
0.5,0,26.060986,-0.037385012,0,14.894745,-1.6760099e-05,0
0.5,0,26.071812,-0.037586491,0,14.903974,-1.6645694e-05,0
0.5,0,26.082911,-0.037832838,0,14.913202,-1.6588825e-05,0
0.5,0,26.093848,-0.038107738,0,14.922431,-1.6590998e-05,0
0.5,0,26.104272,-0.038393554,0,14.931659,-1.6649027e-05,0
0.5,0,26.113924,-0.038672266,0,14.940888,-1.675618e-05,0
0.5,0,26.122615,-0.038927891,0,14.950116,-1.6903207e-05,0
0.5,0,26.130223,-0.039147619,0,14.959345,-1.7079316e-05,0
0.5,0,26.136722,-0.03932273,0,14.968573,-1.7273074e-05,0
0.5,0,26.142207,-0.039449992,0,14.977802,-1.7473186e-05,0
0.5,0,26.146876,-0.039531493,0,14.98703,-1.766969e-05,0
0.5,0,26.150997,-0.039572919,0,14.996259,-1.7855325e-05,0
0.5,0,26.154846,-0.039580545,0,15.005487,-1.8026248e-05,0
0.5,0,26.158687,-0.039558514,0,15.014715,-1.8181834e-05,0
0.5,0,26.162767,-0.039510295,0,15.023944,-1.8324006e-05,0
0.5,0,26.1673,-0.039442636,0,15.033172,-1.8456795e-05,0
0.5,0,26.172449,-0.039366948,0,15.042401,-1.858631e-05,0
0.5,0,26.178302,-0.039297176,0,15.051629,-1.8720656e-05,0
0.5,0,26.184842,-0.03924628,0,15.060858,-1.8869262e-05,0
0.5,0,26.191938,-0.039223383,0,15.070086,-1.9041606e-05,0
0.5,0,26.199329,-0.03923267,0,15.079315,-1.9245874e-05,0
0.5,0,26.206627,-0.03927395,0,15.088543,-1.9487981e-05,0
0.5,0,26.213326,-0.039344392,0,15.097772,-1.9771095e-05,0
0.5,0,26.218805,-0.039440999,0,15.107,-2.0095701e-05,0
0.5,0,26.222357,-0.039562697,0,15.116229,-2.0460144e-05,0
0.5,0,26.223218,-0.039710302,0,15.125457,-2.0861376e-05,0
0.5,0,26.22059,-0.039884014,0,15.134686,-2.1295603e-05,0
0.5,0,26.213692,-0.040080946,0,15.143914,-2.1758615e-05,0
0.5,0,26.201858,-0.040293829,0,15.153142,-2.2245749e-05,0
0.5,0,26.184707,-0.040510607,0,15.162371,-2.2751901e-05,0
0.5,0,26.162319,-0.040719957,0,15.171599,-2.3272183e-05,0
0.5,0,26.135396,-0.040918573,0,15.180828,-2.3802437e-05,0
0.5,0,26.105318,-0.041111391,0,15.190056,-2.4339436e-05,0
0.5,0,26.074149,-0.041305878,0,15.199285,-2.4881505e-05,0
0.5,0,26.044485,-0.041503732,0,15.208513,-2.5428022e-05,0
0.5,0,26.019161,-0.041700473,0,15.217742,-2.5977972e-05,0
0.5,0,26.0008,-0.041884732,0,15.22697,-2.6529258e-05,0
0.5,0,25.991382,-0.042050783,0,15.236199,-2.707775e-05,0
0.5,0,25.991955,-0.04220138,0,15.245427,-2.7617529e-05,0
0.5,0,26.002518,-0.042338006,0,15.254656,-2.8143388e-05,0
0.5,0,26.022141,-0.042468177,0,15.263884,-2.8651745e-05,0
0.5,0,26.049182,-0.042604169,0,15.273113,-2.9140237e-05,0
0.5,0,26.081634,-0.042748816,0,15.282341,-2.9607465e-05,0
0.5,0,26.117464,-0.042888947,0,15.291569,-3.0051866e-05,0
0.5,0,26.154865,-0.043010561,0,15.300798,-3.0470432e-05,0
0.5,0,26.192282,-0.043109085,0,15.310026,-3.0859317e-05,0
0.5,0,26.228622,-0.043182844,0,15.319255,-3.1215408e-05,0
0.5,0,26.263,-0.04324052,0,15.328483,-3.1536639e-05,0
0.5,0,26.295009,-0.043309679,0,15.337712,-3.1823587e-05,0
0.5,0,26.32389,-0.04341424,0,15.34694,-3.208174e-05,0
0.5,0,26.349553,-0.043500749,0,15.356169,-3.2318098e-05,0
0.5,0,26.37702,-0.04361687,0,15.365397,-3.2538993e-05,0
0.5,0,26.401509,-0.043655099,0,15.374626,-3.2742596e-05,0
0.5,0,26.420904,-0.043524491,0,15.383854,-3.2924622e-05,0
0.5,0,26.441066,-0.043380925,0,15.393083,-3.30888e-05,0
0.5,0,26.460418,-0.043267751,0,15.402311,-3.3235483e-05,0
0.5,0,26.478886,-0.043194505,0,15.41154,-3.3359488e-05,0
0.5,0,26.497083,-0.043147966,0,15.420768,-3.3458176e-05,0
0.5,0,26.515249,-0.04311997,0,15.429996,-3.3533188e-05,0
0.5,0,26.533543,-0.043120638,0,15.439225,-3.358743e-05,0
0.5,0,26.552059,-0.043159804,0,15.448453,-3.3623863e-05,0
0.5,0,26.570794,-0.043241722,0,15.457682,-3.364562e-05,0
0.5,0,26.589639,-0.04336822,0,15.46691,-3.3655857e-05,0
0.5,0,26.608406,-0.043534278,0,15.476139,-3.3658369e-05,0
0.5,0,26.626902,-0.043726062,0,15.485367,-3.3658848e-05,0
0.5,0,26.644984,-0.043929856,0,15.494596,-3.3664524e-05,0
0.5,0,26.662545,-0.044139975,0,15.503824,-3.3681788e-05,0
0.5,0,26.679463,-0.044355778,0,15.513053,-3.3713876e-05,0
0.5,0,26.695564,-0.044573497,0,15.522281,-3.3760455e-05,0
0.5,0,26.71065,-0.044782997,0,15.53151,-3.3819195e-05,0
0.5,0,26.724549,-0.044972453,0,15.540738,-3.388769e-05,0
0.5,0,26.737141,-0.045135181,0,15.549967,-3.3964077e-05,0
0.5,0,26.748335,-0.045270205,0,15.559195,-3.4046163e-05,0
0.5,0,26.758049,-0.045376509,0,15.568423,-3.4130439e-05,0
0.5,0,26.766207,-0.045448562,0,15.577652,-3.4212168e-05,0
0.5,0,26.772795,-0.045479433,0,15.58688,-3.4286488e-05,0
0.5,0,26.777901,-0.045468628,0,15.596109,-3.434942e-05,0
0.5,0,26.781742,-0.045425276,0,15.605337,-3.4397913e-05,0
0.5,0,26.784643,-0.045361769,0,15.614566,-3.4429285e-05,0
0.5,0,26.786983,-0.045286165,0,15.623794,-3.4441085e-05,0
0.5,0,26.789167,-0.045202378,0,15.633023,-3.4431682e-05,0
0.5,0,26.791607,-0.045116048,0,15.642251,-3.4401051e-05,0
0.5,0,26.794728,-0.04503826,0,15.65148,-3.4351207e-05,0
0.5,0,26.79893,-0.044982333,0,15.660708,-3.4285958e-05,0
0.5,0,26.804505,-0.044958042,0,15.669937,-3.4210223e-05,0
0.5,0,26.811574,-0.044969105,0,15.679165,-3.4129421e-05,0
0.5,0,26.820088,-0.045014879,0,15.688394,-3.4049152e-05,0
0.5,0,26.829913,-0.045092883,0,15.697622,-3.3974935e-05,0
0.5,0,26.840907,-0.045199176,0,15.70685,-3.3911726e-05,0
0.5,0,26.852949,-0.045327666,0,15.716079,-3.3863251e-05,0
0.5,0,26.865923,-0.045470683,0,15.725307,-3.3831504e-05,0
0.5,0,26.879702,-0.045620514,0,15.734536,-3.3816614e-05,0
0.5,0,26.89414,-0.045770346,0,15.743764,-3.381701e-05,0
0.5,0,26.909072,-0.045914611,0,15.752993,-3.3829757e-05,0
0.5,0,26.924334,-0.046050654,0,15.762221,-3.3851228e-05,0
0.5,0,26.939793,-0.046181299,0,15.77145,-3.3878281e-05,0
0.5,0,26.955338,-0.046313426,0,15.780678,-3.3909513e-05,0
0.5,0,26.970874,-0.046452548,0,15.789907,-3.3945445e-05,0
0.5,0,26.986336,-0.04660235,0,15.799135,-3.3987712e-05,0
0.5,0,27.001708,-0.046767919,0,15.808364,-3.403858e-05,0
0.5,0,27.017003,-0.046951747,0,15.817592,-3.4100414e-05,0
0.5,0,27.032244,-0.047144731,0,15.826821,-3.4174098e-05,0
0.5,0,27.047483,-0.047324267,0,15.836049,-3.4257254e-05,0
0.5,0,27.062814,-0.047464402,0,15.845277,-3.4343468e-05,0
0.5,0,27.078363,-0.047547365,0,15.854506,-3.4422278e-05,0
0.5,0,27.094234,-0.047566865,0,15.863734,-3.4480062e-05,0
0.5,0,27.110466,-0.047529613,0,15.872963,-3.4502746e-05,0
0.5,0,27.127021,-0.047457638,0,15.882191,-3.4479504e-05,0
0.5,0,27.143777,-0.047382922,0,15.89142,-3.440553e-05,0
0.5,0,27.160545,-0.047335468,0,15.900648,-3.4282612e-05,0
0.5,0,27.177096,-0.047337442,0,15.909877,-3.4117868e-05,0
0.5,0,27.193138,-0.047405204,0,15.919105,-3.3922298e-05,0
0.5,0,27.208539,-0.047547942,0,15.928334,-3.3709663e-05,0
0.5,0,27.222727,-0.047770091,0,15.937562,-3.3495472e-05,0
0.5,0,27.236495,-0.048052378,0,15.946791,-3.3295287e-05,0
0.5,0,27.248932,-0.048439673,0,15.956019,-3.3126601e-05,0
0.5,0,27.259899,-0.048993476,0,15.965248,-3.3011374e-05,0
0.5,0,27.270637,-0.049628175,0,15.974476,-3.2968257e-05,0
0.5,0,27.28054,-0.050265646,0,15.983704,-3.300549e-05,0
0.5,0,27.290296,-0.050899358,0,15.992933,-3.3125079e-05,0
0.5,0,27.299967,-0.051480499,0,16.002161,-3.3324934e-05,0
0.5,0,27.309166,-0.051937377,0,16.01139,-3.3593443e-05,0
0.5,0,27.317804,-0.052225864,0,16.020618,-3.390714e-05,0
0.5,0,27.325979,-0.052342145,0,16.029847,-3.4236469e-05,0
0.5,0,27.333846,-0.052316679,0,16.039075,-3.4554096e-05,0
0.5,0,27.341657,-0.052177285,0,16.048304,-3.4838024e-05,0
0.5,0,27.349627,-0.05192985,0,16.057532,-3.5069904e-05,0
0.5,0,27.35797,-0.051595681,0,16.066761,-3.5235375e-05,0
0.5,0,27.3671,-0.051232211,0,16.075989,-3.5327561e-05,0
0.5,0,27.377351,-0.050908892,0,16.085218,-3.5349269e-05,0
0.5,0,27.38881,-0.050673555,0,16.094446,-3.5312685e-05,0
0.5,0,27.401338,-0.050544293,0,16.103675,-3.523851e-05,0
0.5,0,27.414792,-0.050530967,0,16.112903,-3.5153347e-05,0
0.5,0,27.429156,-0.050642578,0,16.122131,-3.5084749e-05,0
0.5,0,27.444429,-0.050870288,0,16.13136,-3.505721e-05,0
0.5,0,27.460474,-0.051180866,0,16.140588,-3.509016e-05,0
0.5,0,27.477053,-0.051529952,0,16.149817,-3.5196187e-05,0
0.5,0,27.493969,-0.051875305,0,16.159045,-3.5379406e-05,0
0.5,0,27.511086,-0.052181794,0,16.168274,-3.5635123e-05,0
0.5,0,27.528199,-0.052424749,0,16.177502,-3.5950841e-05,0
0.5,0,27.544951,-0.05259435,0,16.186731,-3.6308225e-05,0
0.5,0,27.560875,-0.052697198,0,16.195959,-3.668615e-05,0
0.5,0,27.575487,-0.052753305,0,16.205188,-3.7064231e-05,0
0.5,0,27.588355,-0.052789927,0,16.214416,-3.7425382e-05,0
0.5,0,27.599121,-0.052835957,0,16.223645,-3.7756708e-05,0
0.5,0,27.606809,-0.05291638,0,16.232873,-3.8049888e-05,0
0.5,0,27.606825,-0.052996216,0,16.242102,-3.8301944e-05,0
0.5,0,27.595646,-0.052682193,0,16.25133,-3.8515371e-05,0
0.5,0,27.588141,-0.052092613,0,16.260558,-3.8696721e-05,0
0.5,0,27.588159,-0.051661075,0,16.269787,-3.8854663e-05,0
0.5,0,27.586008,-0.051341752,0,16.279015,-3.8998824e-05,0
0.5,0,27.583215,-0.051105984,0,16.288244,-3.9139258e-05,0
0.5,0,27.580725,-0.050929402,0,16.297472,-3.9285709e-05,0
0.5,0,27.579495,-0.050802877,0,16.306701,-3.9447005e-05,0
0.5,0,27.580323,-0.050731705,0,16.315929,-3.9631405e-05,0
0.5,0,27.583749,-0.050724652,0,16.325158,-3.9847358e-05,0
0.5,0,27.590032,-0.050781926,0,16.334386,-4.0104002e-05,0
0.5,0,27.599191,-0.050889955,0,16.343615,-4.0410579e-05,0
0.5,0,27.611069,-0.051025346,0,16.352843,-4.0773626e-05,0
0.5,0,27.625385,-0.051162921,0,16.362072,-4.1194021e-05,0
0.5,0,27.641788,-0.051285911,0,16.3713,-4.1667012e-05,0
0.5,0,27.659889,-0.051393827,0,16.380529,-4.2184694e-05,0
0.5,0,27.679302,-0.051496684,0,16.389757,-4.2738278e-05,0
0.5,0,27.69967,-0.051598046,0,16.398985,-4.331818e-05,0
0.5,0,27.72071,-0.051683212,0,16.408214,-4.3912244e-05,0
0.5,0,27.742295,-0.051723925,0,16.417442,-4.4504109e-05,0
0.5,0,27.764424,-0.051696491,0,16.426671,-4.5073571e-05,0
0.5,0,27.787112,-0.051600142,0,16.435899,-4.5599382e-05,0
0.5,0,27.810344,-0.051463076,0,16.445128,-4.6063486e-05,0
0.5,0,27.834106,-0.051332104,0,16.454356,-4.6454789e-05,0
0.5,0,27.85836,-0.051250125,0,16.463585,-4.677025e-05,0
0.5,0,27.882962,-0.051234048,0,16.472813,-4.7012273e-05,0
0.5,0,27.907631,-0.051272327,0,16.482042,-4.7184316e-05,0
0.5,0,27.931888,-0.051346101,0,16.49127,-4.7288471e-05,0
0.5,0,27.955245,-0.051441404,0,16.500499,-4.7326506e-05,0
0.5,0,27.976981,-0.051551263,0,16.509727,-4.7301449e-05,0
0.5,0,27.996228,-0.051700962,0,16.518956,-4.7219333e-05,0
0.5,0,28.012386,-0.051942541,0,16.528184,-4.7095301e-05,0
0.5,0,28.024677,-0.052271796,0,16.537412,-4.6957234e-05,0
0.5,0,28.036625,-0.052682624,0,16.546641,-4.6826698e-05,0
0.5,0,28.044446,-0.052937994,0,16.555869,-4.6702727e-05,0
0.5,0,28.045611,-0.052946615,0,16.565098,-4.6580972e-05,0
0.5,0,28.045076,-0.052918956,0,16.574326,-4.6467377e-05,0
0.5,0,28.042351,-0.052890556,0,16.583555,-4.636454e-05,0
0.5,0,28.038225,-0.052856336,0,16.592783,-4.6266519e-05,0
0.5,0,28.034185,-0.052803758,0,16.602012,-4.6168252e-05,0
0.5,0,28.031183,-0.052718107,0,16.61124,-4.6069511e-05,0
0.5,0,28.030059,-0.052606129,0,16.620469,-4.5973151e-05,0
0.5,0,28.031596,-0.052494218,0,16.629697,-4.5882643e-05,0
0.5,0,28.036376,-0.052412413,0,16.638926,-4.5799735e-05,0
0.5,0,28.04477,-0.052372897,0,16.648154,-4.572325e-05,0
0.5,0,28.057034,-0.052364631,0,16.657383,-4.5651501e-05,0
0.5,0,28.0735,-0.052357101,0,16.666611,-4.5585066e-05,0
0.5,0,28.094632,-0.052330955,0,16.67584,-4.5526576e-05,0
0.5,0,28.121017,-0.052309088,0,16.685068,-4.5479342e-05,0
0.5,0,28.153357,-0.052320681,0,16.694296,-4.5443622e-05,0
0.5,0,28.192417,-0.052367612,0,16.703525,-4.5416023e-05,0
0.5,0,28.239051,-0.05243921,0,16.712753,-4.5393469e-05,0
0.5,0,28.29413,-0.052532232,0,16.721982,-4.5375734e-05,0
0.5,0,28.358355,-0.052660282,0,16.73121,-4.5364168e-05,0
0.5,0,28.431899,-0.052843884,0,16.740439,-4.5357438e-05,0
0.5,0,28.513905,-0.053094757,0,16.749667,-4.534879e-05,0
0.5,0,28.601931,-0.053406465,0,16.758896,-4.5326345e-05,0
0.5,0,28.691388,-0.05373857,0,16.768124,-4.5272297e-05,0
0.5,0,28.775004,-0.054016321,0,16.777353,-4.515935e-05,0
0.5,0,28.842654,-0.054208182,0,16.786581,-4.4950347e-05,0
0.5,0,28.882054,-0.054303237,0,16.79581,-4.4605867e-05,0
0.5,0,28.881025,-0.054251048,0,16.805038,-4.4108298e-05,0
0.5,0,28.832348,-0.054074736,0,16.814267,-4.3484839e-05,0
0.5,0,28.738505,-0.053881331,0,16.823495,-4.280143e-05,0
0.5,0,28.613134,-0.053758708,0,16.832723,-4.2144178e-05,0
0.5,0,28.478352,-0.053735326,0,16.841952,-4.1597224e-05,0
0.5,0,28.358327,-0.053785382,0,16.85118,-4.1218989e-05,0
0.5,0,28.272297,-0.053876617,0,16.860409,-4.1031221e-05,0
0.5,0,28.230108,-0.05398741,0,16.869637,-4.1017133e-05,0
0.5,0,28.231379,-0.054079744,0,16.878866,-4.1139559e-05,0
0.5,0,28.268559,-0.054128646,0,16.888094,-4.1365483e-05,0
0.5,0,28.331272,-0.054141838,0,16.897323,-4.1664942e-05,0
0.5,0,28.409542,-0.054138955,0,16.906551,-4.2011042e-05,0
0.5,0,28.495714,-0.054156829,0,16.91578,-4.2386197e-05,0
0.5,0,28.584715,-0.054226974,0,16.925008,-4.2776486e-05,0
0.5,0,28.673324,-0.054344605,0,16.934237,-4.3164877e-05,0
0.5,0,28.758964,-0.054488419,0,16.943465,-4.3530778e-05,0
0.5,0,28.838547,-0.054632973,0,16.952694,-4.3853117e-05,0
0.5,0,28.907483,-0.054713617,0,16.961922,-4.4108692e-05,0
0.5,0,28.959474,-0.054626244,0,16.97115,-4.426064e-05,0
0.5,0,28.987005,-0.054392254,0,16.980379,-4.4264869e-05,0
0.5,0,28.983131,-0.054090464,0,16.989607,-4.409634e-05,0
0.5,0,28.943738,-0.053695931,0,16.998836,-4.3765339e-05,0
0.5,0,28.870664,-0.053252643,0,17.008064,-4.3321351e-05,0
0.5,0,28.773216,-0.05286418,0,17.017293,-4.2832012e-05,0
0.5,0,28.665927,-0.052562818,0,17.026521,-4.2359474e-05,0
0.5,0,28.564947,-0.052358279,0,17.03575,-4.1954474e-05,0
0.5,0,28.484085,-0.052240256,0,17.044978,-4.1646318e-05,0
0.5,0,28.43156,-0.052198727,0,17.054207,-4.1438454e-05,0
0.5,0,28.408571,-0.052237918,0,17.063435,-4.1323813e-05,0
0.5,0,28.410804,-0.052268438,0,17.072664,-4.1296246e-05,0
0.5,0,28.430137,-0.052202973,0,17.081892,-4.1339763e-05,0
0.5,0,28.45831,-0.052089788,0,17.091121,-4.1433253e-05,0
0.5,0,28.48881,-0.052083529,0,17.100349,-4.1579687e-05,0
0.5,0,28.516486,-0.052260698,0,17.109577,-4.18029e-05,0
0.5,0,28.538122,-0.052518602,0,17.118806,-4.2122028e-05,0
0.5,0,28.555045,-0.05275971,0,17.128034,-4.2541836e-05,0
0.5,0,28.567982,-0.053053819,0,17.137263,-4.3059647e-05,0
0.5,0,28.578574,-0.05348539,0,17.146491,-4.3679861e-05,0
0.5,0,28.590365,-0.053941465,0,17.15572,-4.4408372e-05,0
0.5,0,28.604434,-0.054293765,0,17.164948,-4.5237859e-05,0
0.5,0,28.622915,-0.054538221,0,17.174177,-4.6149128e-05,0
0.5,0,28.647095,-0.054685445,0,17.183405,-4.7119372e-05,0
0.5,0,28.677441,-0.054700985,0,17.192634,-4.8125401e-05,0
0.5,0,28.714448,-0.054577193,0,17.201862,-4.9146039e-05,0
0.5,0,28.758534,-0.054398034,0,17.211091,-5.0166712e-05,0
0.5,0,28.81009,-0.054257361,0,17.220319,-5.1177361e-05,0
0.5,0,28.869354,-0.054195861,0,17.229548,-5.2170737e-05,0
0.5,0,28.936284,-0.054228246,0,17.238776,-5.3144178e-05,0
0.5,0,29.010324,-0.054353317,0,17.248004,-5.4097866e-05,0
0.5,0,29.090078,-0.05455856,0,17.257233,-5.5029594e-05,0
0.5,0,29.172912,-0.054837768,0,17.266461,-5.5930412e-05,0
0.5,0,29.25462,-0.055170627,0,17.27569,-5.6785672e-05,0
0.5,0,29.329312,-0.055400785,0,17.284918,-5.7571374e-05,0
0.5,0,29.389493,-0.055405984,0,17.294147,-5.8247803e-05,0
0.5,0,29.426863,-0.055314257,0,17.303375,-5.8768417e-05,0
0.5,0,29.434068,-0.055214934,0,17.312604,-5.9097959e-05,0
0.5,0,29.406362,-0.055033551,0,17.321832,-5.923818e-05,0
0.5,0,29.344514,-0.054791664,0,17.331061,-5.9237395e-05,0
0.5,0,29.255965,-0.054600814,0,17.340289,-5.9159803e-05,0
0.5,0,29.152654,-0.054504855,0,17.349518,-5.9062165e-05,0
0.5,0,29.048049,-0.054476865,0,17.358746,-5.8989308e-05,0
0.5,0,28.953585,-0.054464072,0,17.367975,-5.8965694e-05,0
0.5,0,28.876267,-0.054446888,0,17.377203,-5.8994891e-05,0
0.5,0,28.81819,-0.054413968,0,17.386431,-5.9066804e-05,0
0.5,0,28.777374,-0.054339487,0,17.39566,-5.9163464e-05,0
0.5,0,28.749332,-0.05423292,0,17.404888,-5.9267436e-05,0
0.5,0,28.729198,-0.054116025,0,17.414117,-5.93687e-05,0
0.5,0,28.712989,-0.053986615,0,17.423345,-5.946498e-05,0
0.5,0,28.69822,-0.053856263,0,17.432574,-5.9560209e-05,0
0.5,0,28.684131,-0.053757453,0,17.441802,-5.9662712e-05,0
0.5,0,28.67104,-0.053718358,0,17.451031,-5.9782183e-05,0
0.5,0,28.659619,-0.053749427,0,17.460259,-5.9926292e-05,0
0.5,0,28.650405,-0.05383879,0,17.469488,-6.0099033e-05,0
0.5,0,28.643633,-0.053956533,0,17.478716,-6.0300589e-05,0
0.5,0,28.639258,-0.054067419,0,17.487945,-6.0527207e-05,0
0.5,0,28.637017,-0.054141114,0,17.497173,-6.0771259e-05,0
0.5,0,28.63653,-0.054160155,0,17.506402,-6.1022117e-05,0
0.5,0,28.637378,-0.054125928,0,17.51563,-6.1268082e-05,0
0.5,0,28.639177,-0.054058786,0,17.524858,-6.1499288e-05,0
0.5,0,28.641639,-0.05399305,0,17.534087,-6.171086e-05,0
0.5,0,28.644586,-0.053968892,0,17.543315,-6.1905076e-05,0
0.5,0,28.647887,-0.054019551,0,17.552544,-6.2091251e-05,0
0.5,0,28.651376,-0.054155085,0,17.561772,-6.2282828e-05,0
0.5,0,28.654799,-0.054353906,0,17.571001,-6.2492712e-05,0
0.5,0,28.657832,-0.054572422,0,17.580229,-6.2728765e-05,0
0.5,0,28.660148,-0.054766402,0,17.589458,-6.2991229e-05,0
0.5,0,28.661489,-0.054908187,0,17.598686,-6.3273282e-05,0
0.5,0,28.661722,-0.054992128,0,17.607915,-6.3564476e-05,0
0.5,0,28.660866,-0.055031085,0,17.617143,-6.3854781e-05,0
0.5,0,28.6591,-0.055049137,0,17.626372,-6.4136928e-05,0
0.5,0,28.655853,-0.055074342,0,17.6356,-6.4406864e-05,0
0.5,0,28.647968,-0.055047459,0,17.644829,-6.4663624e-05,0
0.5,0,28.631407,-0.054583612,0,17.654057,-6.4909573e-05,0
0.5,0,28.621707,-0.053876488,0,17.663285,-6.5151098e-05,0
0.5,0,28.624213,-0.053368574,0,17.672514,-6.5397703e-05,0
0.5,0,28.628277,-0.052983074,0,17.681742,-6.5658697e-05,0
0.5,0,28.635481,-0.052686877,0,17.690971,-6.5939862e-05,0
0.5,0,28.646193,-0.052457307,0,17.700199,-6.6242355e-05,0
0.5,0,28.661395,-0.052299719,0,17.709428,-6.6563313e-05,0
0.5,0,28.68153,-0.052209978,0,17.718656,-6.689762e-05,0
0.5,0,28.707504,-0.052135256,0,17.727885,-6.7237307e-05,0
0.5,0,28.740908,-0.052000254,0,17.737113,-6.7570985e-05,0
0.5,0,28.78253,-0.051823211,0,17.746342,-6.7882925e-05,0
0.5,0,28.83392,-0.051709502,0,17.75557,-6.8160726e-05,0
0.5,0,28.897037,-0.051634257,0,17.764799,-6.8406034e-05,0
0.5,0,28.974539,-0.051528883,0,17.774027,-6.8629838e-05,0
0.5,0,29.070156,-0.051496222,0,17.783256,-6.88406e-05,0
0.5,0,29.188041,-0.051642454,0,17.792484,-6.9033868e-05,0
0.5,0,29.332891,-0.051900445,0,17.801712,-6.9192663e-05,0
0.5,0,29.507399,-0.052200194,0,17.810941,-6.9284585e-05,0
0.5,0,29.709347,-0.052642118,0,17.820169,-6.9241879e-05,0
0.5,0,29.929162,-0.053245906,0,17.829398,-6.8946067e-05,0
0.5,0,30.144321,-0.053738036,0,17.838626,-6.8230002e-05,0
0.5,0,30.316854,-0.053446364,0,17.847855,-6.687874e-05,0
0.5,0,30.396453,-0.051639822,0,17.857083,-6.4718403e-05,0
0.5,0,30.340967,-0.048775286,0,17.866312,-6.1823938e-05,0
0.5,0,30.148984,-0.046268258,0,17.87554,-5.8583139e-05,0
0.5,0,29.872338,-0.044919222,0,17.884769,-5.5521842e-05,0
0.5,0,29.595264,-0.044700906,0,17.893997,-5.3085552e-05,0
0.5,0,29.396069,-0.045394266,0,17.903226,-5.1471356e-05,0
0.5,0,29.315915,-0.046763884,0,17.912454,-5.0597878e-05,0
0.5,0,29.355338,-0.048485192,0,17.921683,-5.0258665e-05,0
0.5,0,29.489762,-0.050083381,0,17.930911,-5.0249086e-05,0
0.5,0,29.684138,-0.051256359,0,17.940139,-5.0388618e-05,0
0.5,0,29.90185,-0.051903286,0,17.949368,-5.0508177e-05,0
0.5,0,30.103896,-0.051515207,0,17.958596,-5.0426161e-05,0
0.5,0,30.246251,-0.049750429,0,17.967825,-4.9919542e-05,0
0.5,0,30.281896,-0.047088618,0,17.977053,-4.8770663e-05,0
0.5,0,30.176116,-0.044412415,0,17.986282,-4.7010073e-05,0
0.5,0,29.937931,-0.042512454,0,17.99551,-4.4991124e-05,0
0.5,0,29.627178,-0.041598716,0,18.004739,-4.3137402e-05,0
0.5,0,29.330051,-0.04158658,0,18.013967,-4.1725573e-05,0
0.5,0,29.115905,-0.04240286,0,18.023196,-4.0770063e-05,0
0.5,0,29.016277,-0.043719749,0,18.032424,-4.0077258e-05,0
0.5,0,29.02169,-0.045096512,0,18.041653,-3.9416922e-05,0
0.5,0,29.091748,-0.046141828,0,18.050881,-3.859828e-05,0
0.5,0,29.183108,-0.046780011,0,18.06011,-3.756249e-05,0
0.5,0,29.264527,-0.047088414,0,18.069338,-3.6411209e-05,0
0.5,0,29.324013,-0.047056829,0,18.078566,-3.5236627e-05,0
0.5,0,29.363461,-0.046838966,0,18.087795,-3.4042172e-05,0
0.5,0,29.389599,-0.046513014,0,18.097023,-3.2835704e-05,0
0.5,0,29.408965,-0.046128442,0,18.106252,-3.1657183e-05,0
0.5,0,29.427324,-0.045882883,0,18.11548,-3.0529272e-05,0
0.5,0,29.448838,-0.045872444,0,18.124709,-2.9447709e-05,0
0.5,0,29.476096,-0.046051526,0,18.133937,-2.8407046e-05,0
0.5,0,29.510192,-0.046369231,0,18.143166,-2.7414856e-05,0
0.5,0,29.55102,-0.046815448,0,18.152394,-2.6490787e-05,0
0.5,0,29.597811,-0.04729784,0,18.161623,-2.5661407e-05,0
0.5,0,29.6495,-0.047605546,0,18.170851,-2.4948775e-05,0
0.5,0,29.704839,-0.047566308,0,18.18008,-2.4356131e-05,0
0.5,0,29.7626,-0.047183479,0,18.189308,-2.3857756e-05,0
0.5,0,29.821837,-0.046592683,0,18.198537,-2.3397443e-05,0
0.5,0,29.882359,-0.045830734,0,18.207765,-2.2906344e-05,0
0.5,0,29.943685,-0.044882351,0,18.216993,-2.2335055e-05,0
0.5,0,30.00509,-0.043911428,0,18.226222,-2.1655433e-05,0
0.5,0,30.065977,-0.043118528,0,18.23545,-2.0850647e-05,0
0.5,0,30.125397,-0.042589229,0,18.244679,-1.9935023e-05,0
0.5,0,30.182916,-0.042272171,0,18.253907,-1.8954152e-05,0
0.5,0,30.238514,-0.04207285,0,18.263136,-1.795492e-05,0
0.5,0,30.292383,-0.041936538,0,18.272364,-1.6965321e-05,0
0.5,0,30.344458,-0.041792115,0,18.281593,-1.5999575e-05,0
0.5,0,30.394622,-0.0416268,0,18.290821,-1.5073304e-05,0
0.5,0,30.442398,-0.041494114,0,18.30005,-1.4206336e-05,0
0.5,0,30.487472,-0.041395118,0,18.309278,-1.3417118e-05,0
0.5,0,30.530016,-0.041302984,0,18.318507,-1.2715345e-05,0
0.5,0,30.570436,-0.041203969,0,18.327735,-1.2103508e-05,0
0.5,0,30.610228,-0.041111736,0,18.336964,-1.1583819e-05,0
0.5,0,30.651146,-0.041104532,0,18.346192,-1.1150055e-05,0
0.5,0,30.694338,-0.041165927,0,18.35542,-1.0781992e-05,0
0.5,0,30.739976,-0.041142379,0,18.364649,-1.0466973e-05,0
0.5,0,30.787817,-0.040988681,0,18.373877,-1.0201635e-05,0
0.5,0,30.837355,-0.040819613,0,18.383106,-9.9737682e-06,0
0.5,0,30.888213,-0.04071634,0,18.392334,-9.7639208e-06,0
0.5,0,30.940198,-0.040586955,0,18.401563,-9.5477472e-06,0
0.5,0,30.993107,-0.040263223,0,18.410791,-9.2943364e-06,0
0.5,0,31.046525,-0.039749064,0,18.42002,-8.9777498e-06,0
0.5,0,31.100308,-0.039282118,0,18.429248,-8.606353e-06,0
0.5,0,31.154146,-0.038997671,0,18.438477,-8.2193822e-06,0
0.5,0,31.207446,-0.038735949,0,18.447705,-7.8499204e-06,0
0.5,0,31.260884,-0.038438611,0,18.456934,-7.5098148e-06,0
0.5,0,31.314663,-0.03827069,0,18.466162,-7.191075e-06,0
0.5,0,31.367383,-0.038231789,0,18.475391,-6.8672001e-06,0
0.5,0,31.416391,-0.038127701,0,18.484619,-6.4980955e-06,0
0.5,0,31.457827,-0.037825872,0,18.493847,-6.0366096e-06,0
0.5,0,31.48633,-0.037328391,0,18.503076,-5.4370893e-06,0
0.5,0,31.496413,-0.036775216,0,18.512304,-4.6874082e-06,0
0.5,0,31.486149,-0.03645214,0,18.521533,-3.849319e-06,0
0.5,0,31.460133,-0.036525282,0,18.530761,-3.0570949e-06,0
0.5,0,31.430063,-0.036835154,0,18.53999,-2.4419919e-06,0
0.5,0,31.409889,-0.037178845,0,18.549218,-2.029304e-06,0
0.5,0,31.410205,-0.03747435,0,18.558447,-1.7626935e-06,0
0.5,0,31.437454,-0.037660822,0,18.567675,-1.6062814e-06,0
0.5,0,31.493696,-0.037818505,0,18.576904,-1.5351879e-06,0
0.5,0,31.576667,-0.038179255,0,18.586132,-1.4814639e-06,0
0.5,0,31.679792,-0.038903126,0,18.595361,-1.3544377e-06,0
0.5,0,31.79504,-0.040348913,0,18.604589,-1.0826231e-06,0
0.5,0,31.918373,-0.043621877,0,18.613818,-6.1388075e-07,0
0.5,0,32.024134,-0.046780757,0,18.621374,-2.5804012e-15,0
0.5,0,27.285233,0.0024579001,0,24.935317,-5.7524756e-07,0
0.5,0,27.290024,0.0033644235,0,24.930945,-2.5804012e-15,0
0.5,0,27.278505,0.00051101793,0,24.944546,-1.8347668e-06,0
0.5,0,27.273254,-0.00063275371,0,24.953774,-3.1054897e-06,0
0.5,0,27.267126,-0.0013757261,0,24.963003,-4.3653572e-06,0
0.5,0,27.258834,-0.0020775363,0,24.972231,-5.5845761e-06,0
0.5,0,27.24789,-0.0028183229,0,24.98146,-6.736372e-06,0
0.5,0,27.234402,-0.0035710515,0,24.990688,-7.8052036e-06,0
0.5,0,27.218988,-0.0042989731,0,24.999917,-8.7864983e-06,0
0.5,0,27.202575,-0.0049738645,0,25.009145,-9.6829501e-06,0
0.5,0,27.186211,-0.0055734259,0,25.018373,-1.0502093e-05,0
0.5,0,27.170862,-0.0060840077,0,25.027602,-1.1254222e-05,0
0.5,0,27.157249,-0.0065057235,0,25.03683,-1.1949842e-05,0
0.5,0,27.145729,-0.006852429,0,25.046059,-1.2597373e-05,0
0.5,0,27.136305,-0.0071440123,0,25.055287,-1.3202356e-05,0
0.5,0,27.128733,-0.0073916575,0,25.064516,-1.3768167e-05,0
0.5,0,27.122665,-0.007591207,0,25.073744,-1.4297711e-05,0
0.5,0,27.117747,-0.0077269695,0,25.082973,-1.4795782e-05,0
0.5,0,27.113741,-0.0077719124,0,25.092201,-1.527147e-05,0
0.5,0,27.110343,-0.0076954399,0,25.10143,-1.5739404e-05,0
0.5,0,27.107644,-0.0074642564,0,25.110658,-1.6219404e-05,0
0.5,0,27.105592,-0.0070448012,0,25.119887,-1.6733226e-05,0
0.5,0,27.104037,-0.0064291436,0,25.129115,-1.7302635e-05,0
0.5,0,27.103189,-0.0056362869,0,25.138344,-1.7948415e-05,0
0.5,0,27.102984,-0.0047054345,0,25.147572,-1.8686357e-05,0
0.5,0,27.103409,-0.0037041729,0,25.1568,-1.952379e-05,0
0.5,0,27.104462,-0.0027242994,0,25.166029,-2.0456895e-05,0
0.5,0,27.106072,-0.0018718961,0,25.175257,-2.1468097e-05,0
0.5,0,27.108128,-0.0012558573,0,25.184486,-2.2524903e-05,0
0.5,0,27.110489,-0.00097059277,0,25.193714,-2.358163e-05,0
0.5,0,27.113004,-0.0010768945,0,25.202943,-2.4584289e-05,0
0.5,0,27.115513,-0.0015860267,0,25.212171,-2.5477961e-05,0
0.5,0,27.117816,-0.0024504298,0,25.2214,-2.6215374e-05,0
0.5,0,27.119692,-0.0035657946,0,25.230628,-2.6765065e-05,0
0.5,0,27.120933,-0.0047859939,0,25.239857,-2.711781e-05,0
0.5,0,27.121371,-0.0059467274,0,25.249085,-2.7290151e-05,0
0.5,0,27.120871,-0.0068938748,0,25.258314,-2.7323646e-05,0
0.5,0,27.119323,-0.0075106735,0,25.267542,-2.7279473e-05,0
0.5,0,27.116651,-0.0077356024,0,25.276771,-2.7229579e-05,0
0.5,0,27.112831,-0.0075684125,0,25.285999,-2.7246431e-05,0
0.5,0,27.107932,-0.0070666927,0,25.295227,-2.7393439e-05,0
0.5,0,27.102136,-0.0063340084,0,25.304456,-2.7717528e-05,0
0.5,0,27.0957,-0.0054998184,0,25.313684,-2.8244664e-05,0
0.5,0,27.088916,-0.0046947635,0,25.322913,-2.8978665e-05,0
0.5,0,27.082076,-0.0040268813,0,25.332141,-2.9903211e-05,0
0.5,0,27.075451,-0.0035652483,0,25.34137,-3.0986585e-05,0
0.5,0,27.069245,-0.0033334857,0,25.350598,-3.218874e-05,0
0.5,0,27.063576,-0.0033104957,0,25.359827,-3.3469748e-05,0
0.5,0,27.058477,-0.0034379062,0,25.369055,-3.4797356e-05,0
0.5,0,27.053924,-0.0036346008,0,25.378284,-3.6151252e-05,0
0.5,0,27.049867,-0.0038170378,0,25.387512,-3.7522982e-05,0
0.5,0,27.046246,-0.0039231702,0,25.396741,-3.8911895e-05,0
0.5,0,27.043012,-0.0039327695,0,25.405969,-4.0318567e-05,0
0.5,0,27.040128,-0.0038724387,0,25.415198,-4.173788e-05,0
0.5,0,27.037561,-0.0038032369,0,25.424426,-4.3153793e-05,0
0.5,0,27.035284,-0.0037996587,0,25.433654,-4.453713e-05,0
0.5,0,27.033281,-0.0039293598,0,25.442883,-4.5846946e-05,0
0.5,0,27.031532,-0.0042373012,0,25.452111,-4.7035109e-05,0
0.5,0,27.029997,-0.0047349923,0,25.46134,-4.8053023e-05,0
0.5,0,27.028609,-0.0053963622,0,25.470568,-4.8859231e-05,0
0.5,0,27.02728,-0.0061607974,0,25.479797,-4.9426576e-05,0
0.5,0,27.025916,-0.0069431343,0,25.489025,-4.9747644e-05,0
0.5,0,27.024463,-0.0076479199,0,25.498254,-4.983742e-05,0
0.5,0,27.022955,-0.0081853952,0,25.507482,-4.9732625e-05,0
0.5,0,27.021516,-0.0084873626,0,25.516711,-4.9487722e-05,0
0.5,0,27.020308,-0.0085197221,0,25.525939,-4.9168051e-05,0
0.5,0,27.019488,-0.0082884619,0,25.535168,-4.8841352e-05,0
0.5,0,27.019207,-0.0078380168,0,25.544396,-4.8569223e-05,0
0.5,0,27.019625,-0.0072426227,0,25.553625,-4.8400041e-05,0
0.5,0,27.02092,-0.0065927837,0,25.562853,-4.8364491e-05,0
0.5,0,27.023267,-0.0059802297,0,25.572081,-4.8474153e-05,0
0.5,0,27.026833,-0.0054831872,0,25.58131,-4.8723112e-05,0
0.5,0,27.031738,-0.0051544866,0,25.590538,-4.9091863e-05,0
0.5,0,27.038025,-0.0050145347,0,25.599767,-4.9552354e-05,0
0.5,0,27.045577,-0.0050505351,0,25.608995,-5.0073376e-05,0
0.5,0,27.054029,-0.0052208571,0,25.618224,-5.062552e-05,0
0.5,0,27.06268,-0.0054617447,0,25.627452,-5.1184849e-05,0
0.5,0,27.070424,-0.0057004776,0,25.636681,-5.1734908e-05,0
0.5,0,27.075745,-0.0058669187,0,25.645909,-5.2267183e-05,0
0.5,0,27.076799,-0.0059086991,0,25.655138,-5.2781836e-05,0
0.5,0,27.071808,-0.0058105517,0,25.664366,-5.3287342e-05,0
0.5,0,27.059581,-0.0055880829,0,25.673595,-5.3796741e-05,0
0.5,0,27.039947,-0.0052705451,0,25.682823,-5.4324182e-05,0
0.5,0,27.01396,-0.0048994237,0,25.692052,-5.4882841e-05,0
0.5,0,26.983757,-0.0045274496,0,25.70128,-5.5483301e-05,0
0.5,0,26.952176,-0.0042026256,0,25.710508,-5.613324e-05,0
0.5,0,26.922186,-0.0039572124,0,25.719737,-5.6838012e-05,0
0.5,0,26.896316,-0.0038059088,0,25.728965,-5.7601105e-05,0
0.5,0,26.876157,-0.0037437162,0,25.738194,-5.8424614e-05,0
0.5,0,26.862168,-0.0037495657,0,25.747422,-5.9310359e-05,0
0.5,0,26.853894,-0.0037909776,0,25.756651,-6.0260519e-05,0
0.5,0,26.850317,-0.0038331112,0,25.765879,-6.1277304e-05,0
0.5,0,26.850231,-0.0038474593,0,25.775108,-6.2362137e-05,0
0.5,0,26.852495,-0.0038144541,0,25.784336,-6.3514489e-05,0
0.5,0,26.856165,-0.0037279974,0,25.793565,-6.4730981e-05,0
0.5,0,26.860526,-0.0035968149,0,25.802793,-6.6005128e-05,0
0.5,0,26.865069,-0.0034408488,0,25.812022,-6.7327448e-05,0
0.5,0,26.869441,-0.0032882214,0,25.82125,-6.8685698e-05,0
0.5,0,26.873351,-0.0031712562,0,25.830479,-7.006502e-05,0
0.5,0,26.876781,-0.0031153805,0,25.839707,-7.1447952e-05,0
0.5,0,26.880285,-0.0031479251,0,25.848935,-7.2814337e-05,0
0.5,0,26.883321,-0.0032768762,0,25.858164,-7.4142001e-05,0
0.5,0,26.88577,-0.0035048944,0,25.867392,-7.5407558e-05,0
0.5,0,26.888434,-0.0038394758,0,25.876621,-7.6587641e-05,0
0.5,0,26.891254,-0.0042566733,0,25.885849,-7.7661255e-05,0
0.5,0,26.894236,-0.0047140842,0,25.895078,-7.8612305e-05,0
0.5,0,26.897382,-0.0051605177,0,25.904306,-7.9432254e-05,0
0.5,0,26.900627,-0.0055431156,0,25.913535,-8.0122355e-05,0
0.5,0,26.903882,-0.0058164367,0,25.922763,-8.0694785e-05,0
0.5,0,26.907081,-0.0059500434,0,25.931992,-8.1172119e-05,0
0.5,0,26.910212,-0.005933392,0,25.94122,-8.1584957e-05,0
0.5,0,26.913343,-0.0057784005,0,25.950449,-8.1968157e-05,0
0.5,0,26.916602,-0.0055185484,0,25.959677,-8.2356501e-05,0
0.5,0,26.920165,-0.0052026835,0,25.968906,-8.2780548e-05,0
0.5,0,26.924192,-0.0048852557,0,25.978134,-8.326336e-05,0
0.5,0,26.928799,-0.0046149848,0,25.987362,-8.3818519e-05,0
0.5,0,26.934019,-0.0044244399,0,25.996591,-8.4449533e-05,0
0.5,0,26.939738,-0.0043259102,0,26.005819,-8.5150772e-05,0
0.5,0,26.945748,-0.0043125023,0,26.015048,-8.5909893e-05,0
0.5,0,26.951794,-0.0043610175,0,26.024276,-8.6710857e-05,0
0.5,0,26.9576,-0.0044362044,0,26.033505,-8.7536568e-05,0
0.5,0,26.962855,-0.0044971944,0,26.042733,-8.8370845e-05,0
0.5,0,26.967238,-0.0045076773,0,26.051962,-8.9199447e-05,0
0.5,0,26.97049,-0.004445234,0,26.06119,-9.0009992e-05,0
0.5,0,26.972446,-0.0043051488,0,26.070419,-9.0791504e-05,0
0.5,0,26.973053,-0.004100155,0,26.079647,-9.1534257e-05,0
0.5,0,26.972371,-0.0038575168,0,26.088876,-9.2229819e-05,0
0.5,0,26.970557,-0.0036128769,0,26.098104,-9.28711e-05,0
0.5,0,26.967845,-0.0034014803,0,26.107333,-9.3452457e-05,0
0.5,0,26.964499,-0.003250432,0,26.116561,-9.396992e-05,0
0.5,0,26.960763,-0.0031748486,0,26.12579,-9.4421418e-05,0
0.5,0,26.956823,-0.0031779753,0,26.135018,-9.4806902e-05,0
0.5,0,26.952788,-0.0032536514,0,26.144246,-9.5128226e-05,0
0.5,0,26.948676,-0.0033898705,0,26.153475,-9.5388722e-05,0
0.5,0,26.944442,-0.0035732088,0,26.162703,-9.5592518e-05,0
0.5,0,26.940005,-0.0037914845,0,26.171932,-9.5743698e-05,0
0.5,0,26.935312,-0.00403383,0,26.18116,-9.5845598e-05,0
0.5,0,26.930378,-0.004289446,0,26.190389,-9.5900373e-05,0
0.5,0,26.925313,-0.0045467227,0,26.199617,-9.5908826e-05,0
0.5,0,26.920312,-0.0047949966,0,26.208846,-9.5870452e-05,0
0.5,0,26.915626,-0.0050275118,0,26.218074,-9.5783863e-05,0
0.5,0,26.911508,-0.0052426931,0,26.227303,-9.564725e-05,0
0.5,0,26.908168,-0.0054444203,0,26.236531,-9.5458692e-05,0
0.5,0,26.905749,-0.0056426959,0,26.24576,-9.5216627e-05,0
0.5,0,26.904312,-0.0058520668,0,26.254988,-9.4920262e-05,0
0.5,0,26.903851,-0.0060876173,0,26.264217,-9.4569699e-05,0
0.5,0,26.904319,-0.0063604544,0,26.273445,-9.4166088e-05,0
0.5,0,26.905656,-0.0066730098,0,26.282673,-9.3711859e-05,0
0.5,0,26.90781,-0.0070154728,0,26.291902,-9.3211051e-05,0
0.5,0,26.910737,-0.0073647989,0,26.30113,-9.2669838e-05,0
0.5,0,26.914393,-0.0076870862,0,26.310359,-9.2097129e-05,0
0.5,0,26.918716,-0.0079422571,0,26.319587,-9.1505046e-05,0
0.5,0,26.923611,-0.0080919758,0,26.328816,-9.0908962e-05,0
0.5,0,26.928941,-0.0081096312,0,26.338044,-9.0326866e-05,0
0.5,0,26.934545,-0.0079887678,0,26.347273,-8.9778744e-05,0
0.5,0,26.940205,-0.0077501827,0,26.356501,-8.9286009e-05,0
0.5,0,26.945794,-0.0073786136,0,26.36573,-8.8867391e-05,0
0.5,0,26.951084,-0.0069068326,0,26.374958,-8.8536513e-05,0
0.5,0,26.955833,-0.0064412545,0,26.384187,-8.8301816e-05,0
0.5,0,26.959853,-0.006018765,0,26.393415,-8.816454e-05,0
0.5,0,26.962873,-0.0056599524,0,26.402644,-8.811752e-05,0
0.5,0,26.964713,-0.0054073941,0,26.411872,-8.8145775e-05,0
0.5,0,26.965201,-0.0052823354,0,26.4211,-8.8229018e-05,0
0.5,0,26.964256,-0.0052823307,0,26.430329,-8.8344669e-05,0
0.5,0,26.961948,-0.0053899243,0,26.439557,-8.8470995e-05,0
0.5,0,26.958498,-0.0055733658,0,26.448786,-8.8590043e-05,0
0.5,0,26.954256,-0.0057891032,0,26.458014,-8.8689887e-05,0
0.5,0,26.949653,-0.0059891775,0,26.467243,-8.8765672e-05,0
0.5,0,26.945122,-0.0061293956,0,26.476471,-8.8819418e-05,0
0.5,0,26.941019,-0.0061756454,0,26.4857,-8.8858977e-05,0
0.5,0,26.937566,-0.0061099071,0,26.494928,-8.8896444e-05,0
0.5,0,26.934823,-0.0059327756,0,26.504157,-8.894623e-05,0
0.5,0,26.932709,-0.0056608652,0,26.513385,-8.9022858e-05,0
0.5,0,26.931051,-0.0053220439,0,26.522614,-8.9138568e-05,0
0.5,0,26.929646,-0.0049494846,0,26.531842,-8.9300895e-05,0
0.5,0,26.928325,-0.0045753095,0,26.541071,-8.9510543e-05,0
0.5,0,26.926998,-0.00422617,0,26.550299,-8.9760054e-05,0
0.5,0,26.925666,-0.0039217405,0,26.559527,-9.0033741e-05,0
0.5,0,26.924415,-0.0036751019,0,26.568756,-9.0309053e-05,0
0.5,0,26.92338,-0.0034941914,0,26.577984,-9.0559184e-05,0
0.5,0,26.922695,-0.0033837708,0,26.587213,-9.0756461e-05,0
0.5,0,26.922443,-0.0033468264,0,26.596441,-9.0875924e-05,0
0.5,0,26.922626,-0.0033850856,0,26.60567,-9.0898505e-05,0
0.5,0,26.923148,-0.0034988049,0,26.614898,-9.0813269e-05,0
0.5,0,26.923834,-0.0036857845,0,26.624127,-9.0618273e-05,0
0.5,0,26.924481,-0.0039394347,0,26.633355,-9.031985e-05,0
0.5,0,26.924873,-0.004244913,0,26.642584,-8.9930199e-05,0
0.5,0,26.924905,-0.004580531,0,26.651812,-8.9463866e-05,0
0.5,0,26.924511,-0.0049304816,0,26.661041,-8.893496e-05,0
0.5,0,26.923713,-0.0052881215,0,26.670269,-8.835512e-05,0
0.5,0,26.922675,-0.0056479265,0,26.679498,-8.7731998e-05,0
0.5,0,26.921549,-0.0060122725,0,26.688726,-8.7069595e-05,0
0.5,0,26.920504,-0.0063969512,0,26.697954,-8.6369808e-05,0
0.5,0,26.919639,-0.0068202135,0,26.707183,-8.5633929e-05,0
0.5,0,26.918969,-0.0072922485,0,26.716411,-8.4863912e-05,0
0.5,0,26.918438,-0.0078092749,0,26.72564,-8.4062875e-05,0
0.5,0,26.917953,-0.0083518325,0,26.734868,-8.323425e-05,0
0.5,0,26.917426,-0.0088890059,0,26.744097,-8.2380679e-05,0
0.5,0,26.916806,-0.0093851897,0,26.753325,-8.1503165e-05,0
0.5,0,26.916093,-0.0098065892,0,26.762554,-8.0600278e-05,0
0.5,0,26.915327,-0.010128026,0,26.771782,-7.9668371e-05,0
0.5,0,26.914555,-0.010341606,0,26.781011,-7.8702387e-05,0
0.5,0,26.913815,-0.010454715,0,26.790239,-7.7696755e-05,0
0.5,0,26.913098,-0.010480944,0,26.799468,-7.6646546e-05,0
0.5,0,26.912346,-0.01043984,0,26.808696,-7.5548533e-05,0
0.5,0,26.911498,-0.010349078,0,26.817925,-7.4401996e-05,0
0.5,0,26.910493,-0.010220084,0,26.827153,-7.3209244e-05,0
0.5,0,26.909303,-0.010063524,0,26.836381,-7.1975839e-05,0
0.5,0,26.907935,-0.0098857523,0,26.84561,-7.0710499e-05,0
0.5,0,26.906388,-0.0096899004,0,26.854838,-6.942472e-05,0
0.5,0,26.904626,-0.0094820816,0,26.864067,-6.8132171e-05,0
0.5,0,26.902559,-0.0092739985,0,26.873295,-6.6847741e-05,0
0.5,0,26.900048,-0.0090841052,0,26.882524,-6.5586621e-05,0
0.5,0,26.896961,-0.0089341355,0,26.891752,-6.4363153e-05,0
0.5,0,26.893238,-0.0088393387,0,26.900981,-6.3188406e-05,0
0.5,0,26.888948,-0.0087983067,0,26.910209,-6.2067476e-05,0
0.5,0,26.884296,-0.0087919149,0,26.919438,-6.099743e-05,0
0.5,0,26.879569,-0.0087927129,0,26.928666,-5.9966464e-05,0
0.5,0,26.875046,-0.0087785834,0,26.937895,-5.8955544e-05,0
0.5,0,26.870911,-0.0087427724,0,26.947123,-5.7942606e-05,0
0.5,0,26.867217,-0.0086946828,0,26.956352,-5.6907663e-05,0
0.5,0,26.86392,-0.0086515855,0,26.96558,-5.5836612e-05,0
0.5,0,26.860973,-0.008627219,0,26.974808,-5.4722391e-05,0
0.5,0,26.858415,-0.0086250948,0,26.984037,-5.3563687e-05,0
0.5,0,26.856393,-0.008639764,0,26.993265,-5.2362509e-05,0
0.5,0,26.855106,-0.0086632736,0,27.002494,-5.1121865e-05,0
0.5,0,26.854693,-0.0086914636,0,27.011722,-4.9844284e-05,0
0.5,0,26.855134,-0.0087260104,0,27.020951,-4.8531366e-05,0
0.5,0,26.856216,-0.0087708159,0,27.030179,-4.7184001e-05,0
0.5,0,26.857581,-0.0088247476,0,27.039408,-4.580261e-05,0
0.5,0,26.858835,-0.0088767317,0,27.048636,-4.4387086e-05,0
0.5,0,26.859646,-0.008910286,0,27.057865,-4.2937036e-05,0
0.5,0,26.859812,-0.0089176049,0,27.067093,-4.1453402e-05,0
0.5,0,26.859274,-0.00891052,0,27.076322,-3.9941593e-05,0
0.5,0,26.858108,-0.0089120723,0,27.08555,-3.8414106e-05,0
0.5,0,26.856513,-0.008928986,0,27.094779,-3.6889456e-05,0
0.5,0,26.854797,-0.0089300133,0,27.104007,-3.5386421e-05,0
0.5,0,26.853344,-0.0088589396,0,27.113235,-3.3916951e-05,0
0.5,0,26.852553,-0.0086792128,0,27.122464,-3.2483445e-05,0
0.5,0,26.852718,-0.0084100076,0,27.131692,-3.108283e-05,0
0.5,0,26.853909,-0.0081153098,0,27.140921,-2.9713292e-05,0
0.5,0,26.855871,-0.0078539579,0,27.150149,-2.8376849e-05,0
0.5,0,26.858037,-0.0076406208,0,27.159378,-2.7075519e-05,0
0.5,0,26.859686,-0.0074589898,0,27.168606,-2.5805931e-05,0
0.5,0,26.860177,-0.0073166514,0,27.177835,-2.4559773e-05,0
0.5,0,26.859183,-0.0072796972,0,27.187063,-2.3331712e-05,0
0.5,0,26.856823,-0.0074384629,0,27.196292,-2.2127497e-05,0
0.5,0,26.853657,-0.0078257905,0,27.20552,-2.0962448e-05,0
0.5,0,26.850521,-0.0083652444,0,27.214749,-1.9848566e-05,0
0.5,0,26.848292,-0.0089181364,0,27.223977,-1.8780518e-05,0
0.5,0,26.847593,-0.0093985098,0,27.233206,-1.7734257e-05,0
0.5,0,26.848597,-0.0098352278,0,27.242434,-1.6679815e-05,0
0.5,0,26.850811,-0.010318602,0,27.251662,-1.5595297e-05,0
0.5,0,26.853306,-0.010887298,0,27.260891,-1.4468866e-05,0
0.5,0,26.855132,-0.011470538,0,27.270119,-1.3285433e-05,0
0.5,0,26.85579,-0.011924604,0,27.279348,-1.201192e-05,0
0.5,0,26.855771,-0.012142189,0,27.288576,-1.0598376e-05,0
0.5,0,26.856256,-0.012216068,0,27.297805,-8.9960161e-06,0
0.5,0,26.858154,-0.012479756,0,27.307033,-7.1885332e-06,0
0.5,0,26.861465,-0.013322401,0,27.316262,-5.2042081e-06,0
0.5,0,26.866431,-0.015209228,0,27.32549,-3.0944462e-06,0
0.5,0,26.875494,-0.018713902,0,27.334719,-8.9810331e-07,0
0.5,0,26.881558,-0.020009104,0,27.338334,-2.5804012e-15,0
0.5,0,27.115129,0.0040142603,0,28.9497,-1.2166234e-08,0
0.5,0,27.115272,0.0040361668,0,28.949588,-2.5804012e-15,0
0.5,0,27.105399,0.0018246322,0,28.958929,-8.9249972e-07,0
0.5,0,27.097997,0.00029048744,0,28.968157,-1.6352226e-06,0
0.5,0,27.092363,-0.00063544861,0,28.977386,-2.2412664e-06,0
0.5,0,27.088329,-0.0013251153,0,28.986614,-2.7192344e-06,0
0.5,0,27.085966,-0.0018985333,0,28.995843,-3.0787512e-06,0
0.5,0,27.085114,-0.0023672397,0,29.005071,-3.335641e-06,0
0.5,0,27.085431,-0.0027055427,0,29.0143,-3.5158465e-06,0
0.5,0,27.086666,-0.002911451,0,29.023528,-3.6531406e-06,0
0.5,0,27.088806,-0.0030165111,0,29.032757,-3.7814511e-06,0
0.5,0,27.091994,-0.003046227,0,29.041985,-3.9270085e-06,0
0.5,0,27.096329,-0.0029851525,0,29.051213,-4.105535e-06,0
0.5,0,27.101726,-0.0027968424,0,29.060442,-4.3236548e-06,0
0.5,0,27.107909,-0.0024734798,0,29.06967,-4.5808339e-06,0
0.5,0,27.11449,-0.0020511373,0,29.078899,-4.8701684e-06,0
0.5,0,27.121058,-0.0015793676,0,29.088127,-5.178751e-06,0
0.5,0,27.127241,-0.0010941945,0,29.097356,-5.4888195e-06,0
0.5,0,27.132732,-0.00063097585,0,29.106584,-5.7805832e-06,0
0.5,0,27.137306,-0.00025223742,0,29.115813,-6.0364633e-06,0
0.5,0,27.140863,-3.8523999e-05,0,29.125041,-6.2439613e-06,0
0.5,0,27.143452,-3.7049404e-05,0,29.13427,-6.3940102e-06,0
0.5,0,27.145277,-0.0002260381,0,29.143498,-6.475753e-06,0
0.5,0,27.146665,-0.00054579541,0,29.152727,-6.4736783e-06,0
0.5,0,27.148017,-0.00096027367,0,29.161955,-6.3710977e-06,0
0.5,0,27.149755,-0.0014676813,0,29.171184,-6.1549915e-06,0
0.5,0,27.152245,-0.0020532864,0,29.180412,-5.8143062e-06,0
0.5,0,27.155663,-0.002656954,0,29.18964,-5.3321845e-06,0
0.5,0,27.159863,-0.0032311075,0,29.198869,-4.6823881e-06,0
0.5,0,27.164529,-0.0038657774,0,29.208097,-3.8421474e-06,0
0.5,0,27.169611,-0.0048214238,0,29.217326,-2.813372e-06,0
0.5,0,27.175796,-0.0065218702,0,29.226554,-1.6278316e-06,0
0.5,0,27.18477,-0.0092200628,0,29.235783,-3.3037432e-07,0
0.5,0,27.187857,-0.0098331671,0,29.237973,-2.5804012e-15,0
0.5,0,27.015974,0.0078288867,0,30.564682,-2.5138399e-07,0
0.5,0,27.017754,0.0081096349,0,30.562891,-2.5804012e-15,0
0.5,0,27.010059,0.0059341778,0,30.57391,-1.6040528e-06,0
0.5,0,27.006927,0.0046238767,0,30.583139,-2.9808796e-06,0
0.5,0,27.004978,0.003750751,0,30.592367,-4.3591412e-06,0
0.5,0,27.003106,0.0028995196,0,30.601596,-5.7066568e-06,0
0.5,0,27.000719,0.0020575334,0,30.610824,-7.0019294e-06,0
0.5,0,26.997459,0.0013273671,0,30.620053,-8.2473046e-06,0
0.5,0,26.993161,0.00076872409,0,30.629281,-9.4643377e-06,0
0.5,0,26.987862,0.00035663015,0,30.63851,-1.067887e-05,0
0.5,0,26.981794,2.374419e-05,0,30.647738,-1.1908898e-05,0
0.5,0,26.975326,-0.00028636523,0,30.656967,-1.3161153e-05,0
0.5,0,26.968871,-0.00060122076,0,30.666195,-1.443394e-05,0
0.5,0,26.962778,-0.00093045868,0,30.675424,-1.5721422e-05,0
0.5,0,26.957258,-0.0012783286,0,30.684652,-1.7016434e-05,0
0.5,0,26.952354,-0.0016434065,0,30.693881,-1.8311378e-05,0
0.5,0,26.947987,-0.0020122291,0,30.703109,-1.9598065e-05,0
0.5,0,26.944035,-0.0023602147,0,30.712338,-2.0867491e-05,0
0.5,0,26.940416,-0.0026613263,0,30.721566,-2.2109982e-05,0
0.5,0,26.937144,-0.0028984529,0,30.730794,-2.3315539e-05,0
0.5,0,26.934318,-0.0030712816,0,30.740023,-2.4474197e-05,0
0.5,0,26.932068,-0.0031987231,0,30.749251,-2.557593e-05,0
0.5,0,26.930452,-0.0033069288,0,30.75848,-2.6611106e-05,0
0.5,0,26.929391,-0.00340935,0,30.767708,-2.7570755e-05,0
0.5,0,26.928603,-0.0035075738,0,30.776937,-2.8444906e-05,0
0.5,0,26.927735,-0.0035960214,0,30.786165,-2.9221882e-05,0
0.5,0,26.926503,-0.0036736187,0,30.795394,-2.9889058e-05,0
0.5,0,26.924243,-0.0037355436,0,30.804622,-3.0433232e-05,0
0.5,0,26.920558,-0.0037887014,0,30.813851,-3.0841153e-05,0
0.5,0,26.915533,-0.0038659829,0,30.823079,-3.1100759e-05,0
0.5,0,26.909237,-0.0039884165,0,30.832308,-3.1201061e-05,0
0.5,0,26.901991,-0.0041693061,0,30.841536,-3.1131113e-05,0
0.5,0,26.894289,-0.0044299066,0,30.850765,-3.0882217e-05,0
0.5,0,26.886674,-0.0047726049,0,30.859993,-3.0450998e-05,0
0.5,0,26.879526,-0.0051528063,0,30.869221,-2.9838329e-05,0
0.5,0,26.873021,-0.0054914684,0,30.87845,-2.9046053e-05,0
0.5,0,26.86723,-0.0057120554,0,30.887678,-2.8075151e-05,0
0.5,0,26.862136,-0.0057736852,0,30.896907,-2.692543e-05,0
0.5,0,26.857662,-0.0056699065,0,30.906135,-2.5597869e-05,0
0.5,0,26.853684,-0.0054230122,0,30.915364,-2.4099134e-05,0
0.5,0,26.850073,-0.0050942138,0,30.924592,-2.2444608e-05,0
0.5,0,26.84668,-0.0047689136,0,30.933821,-2.066037e-05,0
0.5,0,26.843415,-0.0045141906,0,30.943049,-1.878251e-05,0
0.5,0,26.840319,-0.004347139,0,30.952278,-1.6850654e-05,0
0.5,0,26.837528,-0.0042433584,0,30.961506,-1.4900555e-05,0
0.5,0,26.835205,-0.0041707622,0,30.970735,-1.2959489e-05,0
0.5,0,26.833467,-0.0041013097,0,30.979963,-1.1044503e-05,0
0.5,0,26.832396,-0.0039950122,0,30.989192,-9.1614865e-06,0
0.5,0,26.832151,-0.0038219935,0,30.99842,-7.3030027e-06,0
0.5,0,26.83313,-0.0036769453,0,31.007648,-5.4526905e-06,0
0.5,0,26.836123,-0.0039186617,0,31.016877,-3.600754e-06,0
0.5,0,26.84261,-0.0052895875,0,31.026105,-1.7580939e-06,0
0.5,0,26.853882,-0.0073954435,0,31.034981,-2.5804012e-15,0
0.5,0,26.988517,0.0032628583,0,31.921267,-1.1409693e-06,0
0.5,0,26.9914,0.0049025244,0,31.912555,-2.5804012e-15,0
0.5,0,26.987832,0.0021464904,0,31.930495,-2.4480938e-06,0
0.5,0,26.988203,0.0017348174,0,31.939724,-3.866878e-06,0
0.5,0,26.98868,0.001449327,0,31.948952,-5.3892841e-06,0
0.5,0,26.988998,0.0010722801,0,31.958181,-6.9904609e-06,0
0.5,0,26.989158,0.00058071678,0,31.967409,-8.6458579e-06,0
0.5,0,26.989246,5.1396963e-05,0,31.976637,-1.0346429e-05,0
0.5,0,26.98935,-0.00045074486,0,31.985866,-1.2100151e-05,0
0.5,0,26.989526,-0.00092397429,0,31.995094,-1.3921447e-05,0
0.5,0,26.989792,-0.0014086568,0,32.004323,-1.5819216e-05,0
0.5,0,26.990129,-0.0019424412,0,32.013551,-1.7790477e-05,0
0.5,0,26.99049,-0.0025349628,0,32.02278,-1.982004e-05,0
0.5,0,26.990796,-0.003167778,0,32.032008,-2.1883437e-05,0
0.5,0,26.990953,-0.0038075725,0,32.041237,-2.3950463e-05,0
0.5,0,26.990887,-0.0044191179,0,32.050465,-2.5988374e-05,0
0.5,0,26.990609,-0.0049718216,0,32.059694,-2.7964884e-05,0
0.5,0,26.99025,-0.0054425157,0,32.068922,-2.985107e-05,0
0.5,0,26.990055,-0.0058176916,0,32.078151,-3.1623976e-05,0
0.5,0,26.990284,-0.0060958494,0,32.087379,-3.3268429e-05,0
0.5,0,26.991082,-0.0062879588,0,32.096608,-3.4777526e-05,0
0.5,0,26.992366,-0.0064138717,0,32.105836,-3.6151458e-05,0
0.5,0,26.993817,-0.0064947137,0,32.115064,-3.7394723e-05,0
0.5,0,26.994987,-0.0065439689,0,32.124293,-3.8512352e-05,0
0.5,0,26.995453,-0.0065616502,0,32.133521,-3.9506315e-05,0
0.5,0,26.994958,-0.0065353554,0,32.14275,-4.0373388e-05,0
0.5,0,26.993487,-0.0064483269,0,32.151978,-4.1105307e-05,0
0.5,0,26.991251,-0.006288702,0,32.161207,-4.1690981e-05,0
0.5,0,26.988631,-0.0060553843,0,32.170435,-4.2119577e-05,0
0.5,0,26.986096,-0.0057574203,0,32.179664,-4.2382865e-05,0
0.5,0,26.984118,-0.0054081926,0,32.188892,-4.2475719e-05,0
0.5,0,26.983096,-0.0050212551,0,32.198121,-4.2394996e-05,0
0.5,0,26.983281,-0.0046091906,0,32.207349,-4.2137823e-05,0
0.5,0,26.984731,-0.004183688,0,32.216578,-4.1700255e-05,0
0.5,0,26.987307,-0.0037574628,0,32.225806,-4.1076734e-05,0
0.5,0,26.990719,-0.0033402569,0,32.235035,-4.0260295e-05,0
0.5,0,26.994593,-0.0029356641,0,32.244263,-3.9242262e-05,0
0.5,0,26.998554,-0.0025467884,0,32.253491,-3.8011906e-05,0
0.5,0,27.002285,-0.0021798063,0,32.26272,-3.6557743e-05,0
0.5,0,27.005513,-0.0018528477,0,32.271948,-3.4870303e-05,0
0.5,0,27.007966,-0.0016052649,0,32.281177,-3.2946577e-05,0
0.5,0,27.009325,-0.0014874438,0,32.290405,-3.0794545e-05,0
0.5,0,27.009233,-0.0015314669,0,32.299634,-2.8433732e-05,0
0.5,0,27.00737,-0.0017290651,0,32.308862,-2.5890791e-05,0
0.5,0,27.003583,-0.0020370943,0,32.318091,-2.3193897e-05,0
0.5,0,26.998007,-0.0023820559,0,32.327319,-2.0368307e-05,0
0.5,0,26.991088,-0.0026518091,0,32.336548,-1.7430925e-05,0
0.5,0,26.983583,-0.0027459203,0,32.345776,-1.4385519e-05,0
0.5,0,26.976506,-0.0027515742,0,32.355005,-1.1231597e-05,0
0.5,0,26.971106,-0.0030364226,0,32.364233,-7.9919437e-06,0
0.5,0,26.969126,-0.0042379488,0,32.373462,-4.7203135e-06,0
0.5,0,26.973243,-0.007070091,0,32.38269,-1.4827084e-06,0
0.5,0,26.978755,-0.0082285691,0,32.386995,-2.5804012e-15,0
0.5,0,26.938867,0.01014711,0,32.807199,-3.1389518e-07,0
0.5,0,26.940684,0.010257802,0,32.806392,-2.5804012e-15,0
0.5,0,26.923184,0.0069487136,0,32.816428,-4.0623125e-06,0
0.5,0,26.91458,0.0047180343,0,32.825656,-7.8922082e-06,0
0.5,0,26.910712,0.004129297,0,32.834885,-1.1783039e-05,0
0.5,0,26.909186,0.0040903041,0,32.844113,-1.569934e-05,0
0.5,0,26.908821,0.0041098294,0,32.853342,-1.9576658e-05,0
0.5,0,26.909048,0.0039723104,0,32.86257,-2.3327196e-05,0
0.5,0,26.909613,0.003707873,0,32.871799,-2.6869651e-05,0
0.5,0,26.910403,0.0034181781,0,32.881027,-3.0149453e-05,0
0.5,0,26.911365,0.0031494787,0,32.890256,-3.3135284e-05,0
0.5,0,26.91247,0.002921333,0,32.899484,-3.5811979e-05,0
0.5,0,26.913679,0.0027727911,0,32.908713,-3.818051e-05,0
0.5,0,26.914936,0.0027282657,0,32.917941,-4.0255965e-05,0
0.5,0,26.916166,0.0027531158,0,32.92717,-4.2057607e-05,0
0.5,0,26.917282,0.0027741261,0,32.936398,-4.35985e-05,0
0.5,0,26.918204,0.0027337596,0,32.945626,-4.4882484e-05,0
0.5,0,26.918871,0.0026196124,0,32.954855,-4.5907276e-05,0
0.5,0,26.919247,0.0024653322,0,32.964083,-4.6669546e-05,0
0.5,0,26.919334,0.002345401,0,32.973312,-4.717063e-05,0
0.5,0,26.919159,0.0023585447,0,32.98254,-4.7421885e-05,0
0.5,0,26.918763,0.0025895459,0,32.991769,-4.74466e-05,0
0.5,0,26.918171,0.0030702054,0,33.000997,-4.7276436e-05,0
0.5,0,26.917377,0.0037693622,0,33.010226,-4.6944747e-05,0
0.5,0,26.91633,0.0046155123,0,33.019454,-4.6481486e-05,0
0.5,0,26.91495,0.0055288335,0,33.028683,-4.5912246e-05,0
0.5,0,26.913141,0.0064407971,0,33.037911,-4.5260456e-05,0
0.5,0,26.910824,0.007298073,0,33.04714,-4.4550173e-05,0
0.5,0,26.907964,0.008058988,0,33.056368,-4.3807531e-05,0
0.5,0,26.904577,0.0086889072,0,33.065597,-4.3059946e-05,0
0.5,0,26.900717,0.0091581837,0,33.074825,-4.2332869e-05,0
0.5,0,26.896494,0.0094482115,0,33.084053,-4.1644644e-05,0
0.5,0,26.892188,0.0095470347,0,33.093282,-4.1001268e-05,0
0.5,0,26.888008,0.0094633906,0,33.10251,-4.0393345e-05,0
0.5,0,26.88407,0.0092429735,0,33.111739,-3.9796822e-05,0
0.5,0,26.880574,0.0089539024,0,33.120967,-3.9177637e-05,0
0.5,0,26.87771,0.0086669358,0,33.130196,-3.8498299e-05,0
0.5,0,26.875661,0.0084311574,0,33.139424,-3.7723658e-05,0
0.5,0,26.87458,0.0082597828,0,33.148653,-3.6824158e-05,0
0.5,0,26.874561,0.0081317344,0,33.157881,-3.5776535e-05,0
0.5,0,26.875615,0.0080047053,0,33.16711,-3.4563207e-05,0
0.5,0,26.877664,0.0078303122,0,33.176338,-3.3172173e-05,0
0.5,0,26.880556,0.0075644561,0,33.185567,-3.1598562e-05,0
0.5,0,26.884094,0.0071724915,0,33.194795,-2.9847726e-05,0
0.5,0,26.888072,0.0066330988,0,33.204024,-2.7938613e-05,0
0.5,0,26.8923,0.0059435427,0,33.213252,-2.5905775e-05,0
0.5,0,26.896625,0.005123993,0,33.22248,-2.3798856e-05,0
0.5,0,26.900942,0.0042166338,0,33.231709,-2.1679465e-05,0
0.5,0,26.905203,0.0032779322,0,33.240937,-1.9616227e-05,0
0.5,0,26.909423,0.0023658893,0,33.250166,-1.7679294e-05,0
0.5,0,26.91366,0.0015274332,0,33.259394,-1.5935321e-05,0
0.5,0,26.917992,0.0007905145,0,33.268623,-1.4443329e-05,0
0.5,0,26.922466,0.00016208328,0,33.277851,-1.3251387e-05,0
0.5,0,26.927049,-0.00036894134,0,33.28708,-1.2393908e-05,0
0.5,0,26.931591,-0.00082604848,0,33.296308,-1.1889578e-05,0
0.5,0,26.935826,-0.0012398249,0,33.305537,-1.1740295e-05,0
0.5,0,26.939422,-0.0016421211,0,33.314765,-1.1931518e-05,0
0.5,0,26.942082,-0.0020594393,0,33.323994,-1.2434319e-05,0
0.5,0,26.943644,-0.0025090317,0,33.333222,-1.3209145e-05,0
0.5,0,26.944146,-0.0029974662,0,33.342451,-1.4210598e-05,0
0.5,0,26.943826,-0.0035216675,0,33.351679,-1.5392243e-05,0
0.5,0,26.943048,-0.0040732137,0,33.360907,-1.6710596e-05,0
0.5,0,26.942175,-0.0046447359,0,33.370136,-1.8127812e-05,0
0.5,0,26.941438,-0.0052352519,0,33.379364,-1.9613064e-05,0
0.5,0,26.940887,-0.005848697,0,33.388593,-2.1143201e-05,0
0.5,0,26.940411,-0.0064881959,0,33.397821,-2.2703055e-05,0
0.5,0,26.939845,-0.0071520797,0,33.40705,-2.4285452e-05,0
0.5,0,26.939091,-0.0078318589,0,33.416278,-2.5890655e-05,0
0.5,0,26.93818,-0.0085123023,0,33.425507,-2.7524602e-05,0
0.5,0,26.937246,-0.0091725945,0,33.434735,-2.9195767e-05,0
0.5,0,26.936417,-0.0097868499,0,33.443964,-3.0911104e-05,0
0.5,0,26.935702,-0.010323489,0,33.453192,-3.2672007e-05,0
0.5,0,26.934973,-0.010745308,0,33.462421,-3.4471343e-05,0
0.5,0,26.934089,-0.011012611,0,33.471649,-3.6292358e-05,0
0.5,0,26.933088,-0.011089957,0,33.480878,-3.8109629e-05,0
0.5,0,26.932279,-0.010955525,0,33.490106,-3.9891664e-05,0
0.5,0,26.932124,-0.010609844,0,33.499334,-4.160444e-05,0
0.5,0,26.932985,-0.01008063,0,33.508563,-4.321513e-05,0
0.5,0,26.934928,-0.0094220554,0,33.517791,-4.4695424e-05,0
0.5,0,26.937751,-0.0087085776,0,33.52702,-4.6023993e-05,0
0.5,0,26.941173,-0.0080247359,0,33.536248,-4.7187809e-05,0
0.5,0,26.945011,-0.007452914,0,33.545477,-4.8182228e-05,0
0.5,0,26.9492,-0.0070611971,0,33.554705,-4.9009964e-05,0
0.5,0,26.953682,-0.0068933581,0,33.563934,-4.9679218e-05,0
0.5,0,26.958314,-0.0069624618,0,33.573162,-5.0201295e-05,0
0.5,0,26.962863,-0.0072488191,0,33.582391,-5.0588024e-05,0
0.5,0,26.967075,-0.0077023946,0,33.591619,-5.0849244e-05,0
0.5,0,26.970738,-0.0082492895,0,33.600848,-5.0990682e-05,0
0.5,0,26.973731,-0.0088016163,0,33.610076,-5.1012579e-05,0
0.5,0,26.97607,-0.0092693695,0,33.619305,-5.0909389e-05,0
0.5,0,26.977938,-0.0095721987,0,33.628533,-5.0670699e-05,0
0.5,0,26.979652,-0.0096487774,0,33.637761,-5.0283285e-05,0
0.5,0,26.981543,-0.0094623016,0,33.64699,-4.9733976e-05,0
0.5,0,26.983829,-0.0090016318,0,33.656218,-4.9012903e-05,0
0.5,0,26.986514,-0.0082788977,0,33.665447,-4.811661e-05,0
0.5,0,26.989417,-0.0073232304,0,33.674675,-4.705026e-05,0
0.5,0,26.992386,-0.0061750249,0,33.683904,-4.5828966e-05,0
0.5,0,26.995395,-0.0048793522,0,33.693132,-4.4477439e-05,0
0.5,0,26.998597,-0.0034805033,0,33.702361,-4.302819e-05,0
0.5,0,27.002351,-0.0020203971,0,33.711589,-4.15185e-05,0
0.5,0,27.007008,-0.00053985678,0,33.720818,-3.9986711e-05,0
0.5,0,27.012773,0.00092090521,0,33.730046,-3.8469352e-05,0
0.5,0,27.019626,0.0023260719,0,33.739275,-3.6997957e-05,0
0.5,0,27.027238,0.0036425855,0,33.748503,-3.5596227e-05,0
0.5,0,27.034973,0.0048397489,0,33.757732,-3.4278494e-05,0
0.5,0,27.041914,0.0058951387,0,33.76696,-3.3048962e-05,0
0.5,0,27.046955,0.0067945462,0,33.776188,-3.1901603e-05,0
0.5,0,27.048949,0.0075294479,0,33.785417,-3.0820205e-05,0
0.5,0,27.046941,0.0080984916,0,33.794645,-2.9778472e-05,0
0.5,0,27.040404,0.0085077815,0,33.803874,-2.8740799e-05,0
0.5,0,27.029362,0.0087733221,0,33.813102,-2.7664229e-05,0
0.5,0,27.014432,0.0089211398,0,33.822331,-2.6502072e-05,0
0.5,0,26.99677,0.0089830377,0,33.831559,-2.5209018e-05,0
0.5,0,26.977918,0.0089916433,0,33.840788,-2.3746524e-05,0
0.5,0,26.959518,0.0089714583,0,33.850016,-2.2087222e-05,0
0.5,0,26.942979,0.0089278343,0,33.859245,-2.021746e-05,0
0.5,0,26.929216,0.0088376302,0,33.868473,-1.8138025e-05,0
0.5,0,26.918571,0.0086494872,0,33.877702,-1.5864007e-05,0
0.5,0,26.910892,0.00830723,0,33.88693,-1.3424149e-05,0
0.5,0,26.905717,0.007786945,0,33.896159,-1.0857783e-05,0
0.5,0,26.902537,0.0070752064,0,33.905387,-8.2094518e-06,0
0.5,0,26.901163,0.0059941886,0,33.914615,-5.5292421e-06,0
0.5,0,26.902343,0.0039235647,0,33.923844,-2.8869938e-06,0
0.5,0,26.907575,0.00088166463,0,33.933072,-3.6817987e-07,0
0.5,0,26.90898,0.00055162439,0,33.934525,-2.5804012e-15,0
0.5,0,26.863906,0.011725326,0,34.089956,-1.3922218e-06,0
0.5,0,26.870625,0.014106079,0,34.083729,-2.5804012e-15,0
0.5,0,26.857986,0.0080416398,0,34.099185,-3.6058118e-06,0
0.5,0,26.854781,0.0052555297,0,34.108413,-5.9509332e-06,0
0.5,0,26.852899,0.0028031869,0,34.117642,-8.4140453e-06,0
0.5,0,26.851885,0.00050151587,0,34.12687,-1.0971913e-05,0
0.5,0,26.851616,-0.0016715207,0,34.136099,-1.3593416e-05,0
0.5,0,26.852013,-0.0036697367,0,34.145327,-1.6245176e-05,0
0.5,0,26.852925,-0.0054283343,0,34.154556,-1.8896768e-05,0
0.5,0,26.854123,-0.0068849356,0,34.163784,-2.1526055e-05,0
0.5,0,26.855352,-0.0080007284,0,34.173013,-2.4122552e-05,0
0.5,0,26.856412,-0.0087691263,0,34.182241,-2.6688295e-05,0
0.5,0,26.857225,-0.0092116429,0,34.191469,-2.9237318e-05,0
0.5,0,26.857866,-0.0093691769,0,34.200698,-3.1794417e-05,0
0.5,0,26.858549,-0.0092942733,0,34.209926,-3.4393398e-05,0
0.5,0,26.859567,-0.0090462981,0,34.219155,-3.7074821e-05,0
0.5,0,26.861214,-0.0086894497,0,34.228383,-3.9883126e-05,0
0.5,0,26.8637,-0.0082914381,0,34.237612,-4.2863083e-05,0
0.5,0,26.867099,-0.0079198257,0,34.24684,-4.6055724e-05,0
0.5,0,26.871326,-0.0076348026,0,34.256069,-4.9494016e-05,0
0.5,0,26.876149,-0.0074803324,0,34.265297,-5.3198622e-05,0
0.5,0,26.881222,-0.0074771069,0,34.274526,-5.7174112e-05,0
0.5,0,26.886132,-0.0076193784,0,34.283754,-6.1406057e-05,0
0.5,0,26.89044,-0.0078767065,0,34.292983,-6.5859475e-05,0
0.5,0,26.893741,-0.0082008077,0,34.302211,-7.0479032e-05,0
0.5,0,26.895718,-0.0085360898,0,34.31144,-7.5191179e-05,0
0.5,0,26.896213,-0.0088311538,0,34.320668,-7.990811e-05,0
0.5,0,26.895272,-0.0090484155,0,34.329896,-8.4533087e-05,0
0.5,0,26.893162,-0.0091695282,0,34.339125,-8.8966508e-05,0
0.5,0,26.890329,-0.009195202,0,34.348353,-9.3112041e-05,0
0.5,0,26.887313,-0.0091400005,0,34.357582,-9.6882236e-05,0
0.5,0,26.88463,-0.0090246261,0,34.36681,-0.00010020311,0
0.5,0,26.882659,-0.0088688699,0,34.376039,-0.00010301731,0
0.5,0,26.88157,-0.0086873999,0,34.385267,-0.00010528586,0
0.5,0,26.881307,-0.0084885452,0,34.394496,-0.00010698835,0
0.5,0,26.881638,-0.0082753795,0,34.403724,-0.00010812229,0
0.5,0,26.882238,-0.0080481318,0,34.412953,-0.00010870171,0
0.5,0,26.882794,-0.0078062935,0,34.422181,-0.00010875543,0
0.5,0,26.883079,-0.0075488254,0,34.43141,-0.00010832502,0
0.5,0,26.883,-0.0072711267,0,34.440638,-0.00010746213,0
0.5,0,26.882612,-0.006959089,0,34.449867,-0.00010622487,0
0.5,0,26.882103,-0.0065833745,0,34.459095,-0.00010467309,0
0.5,0,26.88174,-0.0060987825,0,34.468323,-0.0001028627,0
0.5,0,26.881802,-0.0054521522,0,34.477552,-0.00010084026,0
0.5,0,26.882498,-0.0045973505,0,34.48678,-9.8638753e-05,0
0.5,0,26.883908,-0.0035110492,0,34.496009,-9.6275606e-05,0
0.5,0,26.885964,-0.0022024674,0,34.505237,-9.3753283e-05,0
0.5,0,26.888492,-0.00071283795,0,34.514466,-9.1062094e-05,0
0.5,0,26.891288,0.00089417952,0,34.523694,-8.8184584e-05,0
0.5,0,26.894187,0.0025448674,0,34.532923,-8.5100788e-05,0
0.5,0,26.897094,0.0041674588,0,34.542151,-8.17934e-05,0
0.5,0,26.899945,0.0057031687,0,34.55138,-7.8251589e-05,0
0.5,0,26.902646,0.0071136023,0,34.560608,-7.4472361e-05,0
0.5,0,26.905014,0.0083814862,0,34.569837,-7.0459196e-05,0
0.5,0,26.90679,0.0094984215,0,34.579065,-6.6219416e-05,0
0.5,0,26.90772,0.010436088,0,34.588294,-6.1763393e-05,0
0.5,0,26.907672,0.01111959,0,34.597522,-5.7107959e-05,0
0.5,0,26.906716,0.011438598,0,34.60675,-5.2282188e-05,0
0.5,0,26.905121,0.011304895,0,34.615979,-4.7329254e-05,0
0.5,0,26.903263,0.010709936,0,34.625207,-4.2299966e-05,0
0.5,0,26.901488,0.0097319094,0,34.634436,-3.7241485e-05,0
0.5,0,26.900008,0.0085108447,0,34.643664,-3.2187908e-05,0
0.5,0,26.898874,0.0072360571,0,34.652893,-2.7153475e-05,0
0.5,0,26.898059,0.0060944623,0,34.662121,-2.2127087e-05,0
0.5,0,26.897627,0.0050608737,0,34.67135,-1.7080931e-05,0
0.5,0,26.898125,0.0036948561,0,34.680578,-1.2004682e-05,0
0.5,0,26.901163,0.0010697193,0,34.689807,-6.9299238e-06,0
0.5,0,26.909617,-0.0033595864,0,34.699035,-1.9105389e-06,0
0.5,0,26.915354,-0.0045043882,0,34.702583,-2.5804012e-15,0
0.5,0,26.997465,-0.0022275906,0,34.994346,-1.2758122e-06,0
0.5,0,27.000982,-0.0015277518,0,34.991779,-2.5804012e-15,0
0.5,0,26.990082,-0.0061801339,0,35.003575,-6.1956942e-06,0
0.5,0,26.986562,-0.0089693562,0,35.012803,-1.1437598e-05,0
0.5,0,26.983843,-0.010354271,0,35.022031,-1.702617e-05,0
0.5,0,26.98051,-0.010871329,0,35.03126,-2.2985922e-05,0
0.5,0,26.976174,-0.010838083,0,35.040488,-2.9329383e-05,0
0.5,0,26.970798,-0.010618253,0,35.049717,-3.6013378e-05,0
0.5,0,26.964647,-0.010415285,0,35.058945,-4.294184e-05,0
0.5,0,26.958107,-0.010218175,0,35.068174,-4.9999999e-05,0
0.5,0,26.951517,-0.009908479,0,35.077402,-5.7082278e-05,0
0.5,0,26.945148,-0.0094405432,0,35.086631,-6.4097367e-05,0
0.5,0,26.939236,-0.0089275849,0,35.095859,-7.0951625e-05,0
0.5,0,26.933976,-0.00849128,0,35.105088,-7.7541691e-05,0
0.5,0,26.929504,-0.008084665,0,35.114316,-8.3776804e-05,0
0.5,0,26.92592,-0.0075509737,0,35.123545,-8.9606687e-05,0
0.5,0,26.923295,-0.0068249568,0,35.132773,-9.502254e-05,0
0.5,0,26.921653,-0.0060142665,0,35.142002,-0.00010003403,0
0.5,0,26.920937,-0.005293524,0,35.15123,-0.0001046493,0
0.5,0,26.921005,-0.0047682289,0,35.160458,-0.00010887219,0
0.5,0,26.92166,-0.0044490809,0,35.169687,-0.0001127076,0
0.5,0,26.922704,-0.004309458,0,35.178915,-0.00011616155,0
0.5,0,26.923989,-0.0043188242,0,35.188144,-0.00011923574,0
0.5,0,26.925404,-0.0044172443,0,35.197372,-0.0001219256,0
0.5,0,26.926825,-0.0044902885,0,35.206601,-0.0001242251,0
0.5,0,26.928051,-0.0043988878,0,35.215829,-0.00012613172,0
0.5,0,26.928791,-0.0040421546,0,35.225058,-0.00012764384,0
0.5,0,26.928739,-0.0033927361,0,35.234286,-0.00012875199,0
0.5,0,26.927717,-0.0024804243,0,35.243515,-0.00012943192,0
0.5,0,26.925835,-0.001352193,0,35.252743,-0.00012964504,0
0.5,0,26.923549,-4.7360808e-05,0,35.261972,-0.00012934533,0
0.5,0,26.921579,0.0013996101,0,35.2712,-0.00012848664,0
0.5,0,26.920727,0.0029447531,0,35.280429,-0.00012702621,0
0.5,0,26.921615,0.0045302135,0,35.289657,-0.00012492714,0
0.5,0,26.924503,0.0060893469,0,35.298885,-0.00012216274,0
0.5,0,26.929218,0.007553043,0,35.308114,-0.00011872262,0
0.5,0,26.935235,0.0088572125,0,35.317342,-0.00011461935,0
0.5,0,26.941855,0.0099483149,0,35.326571,-0.00010989132,0
0.5,0,26.948424,0.010785004,0,35.335799,-0.00010459929,0
0.5,0,26.95452,0.011340282,0,35.345028,-9.8818051e-05,0
0.5,0,26.96006,0.011605921,0,35.354256,-9.2628072e-05,0
0.5,0,26.965289,0.011593103,0,35.363485,-8.6110895e-05,0
0.5,0,26.970639,0.011320006,0,35.372713,-7.9349645e-05,0
0.5,0,26.976517,0.010796745,0,35.381942,-7.2431677e-05,0
0.5,0,26.983064,0.010036175,0,35.39117,-6.5447212e-05,0
0.5,0,26.990018,0.0090893814,0,35.400399,-5.8479378e-05,0
0.5,0,26.996666,0.0080572806,0,35.409627,-5.1590054e-05,0
0.5,0,27.002,0.0070612963,0,35.418856,-4.4812254e-05,0
0.5,0,27.004927,0.0062351311,0,35.428084,-3.8151838e-05,0
0.5,0,27.004638,0.0057464107,0,35.437313,-3.1589579e-05,0
0.5,0,27.001115,0.0056769767,0,35.446541,-2.5081671e-05,0
0.5,0,26.99444,0.0057312317,0,35.455769,-1.8580064e-05,0
0.5,0,26.986109,0.0049609454,0,35.464998,-1.2075909e-05,0
0.5,0,26.980166,0.0016562415,0,35.474226,-5.6226219e-06,0
0.5,0,26.979763,-0.0012738763,0,35.482351,-2.5804012e-15,0
0.5,0,26.961194,-0.0095872022,0,35.797223,-3.7570205e-06,0
0.5,0,26.967178,-0.0075788651,0,35.792328,-2.5804012e-15,0
0.5,0,26.956661,-0.014572905,0,35.806451,-1.1217799e-05,0
0.5,0,26.956319,-0.017367694,0,35.81568,-1.8977305e-05,0
0.5,0,26.956243,-0.018493798,0,35.824908,-2.7010013e-05,0
0.5,0,26.954977,-0.018348032,0,35.834137,-3.530837e-05,0
0.5,0,26.951919,-0.017346983,0,35.843365,-4.3866519e-05,0
0.5,0,26.946889,-0.016061331,0,35.852594,-5.2611102e-05,0
0.5,0,26.940352,-0.014845036,0,35.861822,-6.1403931e-05,0
0.5,0,26.932986,-0.013713944,0,35.87105,-7.008883e-05,0
0.5,0,26.925004,-0.01245593,0,35.880279,-7.8535454e-05,0
0.5,0,26.915992,-0.010905417,0,35.889507,-8.6655777e-05,0
0.5,0,26.905297,-0.0091796344,0,35.898736,-9.4379611e-05,0
0.5,0,26.892566,-0.0075584173,0,35.907964,-0.00010162578,0
0.5,0,26.878087,-0.0061730969,0,35.917193,-0.00010831228,0
0.5,0,26.862798,-0.0049272603,0,35.926421,-0.00011439056,0
0.5,0,26.84799,-0.0036936927,0,35.93565,-0.00011985914,0
0.5,0,26.834872,-0.0024836172,0,35.944878,-0.0001247446,0
0.5,0,26.824185,-0.0014051216,0,35.954107,-0.00012907693,0
0.5,0,26.816077,-0.00052795775,0,35.963335,-0.00013288287,0
0.5,0,26.81017,0.00015791204,0,35.972564,-0.00013619292,0
0.5,0,26.805858,0.00067823736,0,35.981792,-0.00013904152,0
0.5,0,26.802592,0.0010234713,0,35.991021,-0.00014145372,0
0.5,0,26.80005,0.0011903889,0,36.000249,-0.00014343419,0
0.5,0,26.798235,0.0012740123,0,36.009477,-0.00014496984,0
0.5,0,26.797384,0.0014816369,0,36.018706,-0.00014604001,0
0.5,0,26.797821,0.0020325878,0,36.027934,-0.00014662231,0
0.5,0,26.799793,0.0030461401,0,36.037163,-0.00014668885,0
0.5,0,26.80332,0.0045113973,0,36.046391,-0.00014619935,0
0.5,0,26.808136,0.0063368235,0,36.05562,-0.00014510126,0
0.5,0,26.813698,0.0084137649,0,36.064848,-0.00014333879,0
0.5,0,26.8193,0.010639917,0,36.074077,-0.00014086479,0
0.5,0,26.824271,0.012904919,0,36.083305,-0.00013764964,0
0.5,0,26.828183,0.015076213,0,36.092534,-0.00013368583,0
0.5,0,26.830998,0.017006035,0,36.101762,-0.00012899026,0
0.5,0,26.833075,0.018557982,0,36.110991,-0.00012360492,0
0.5,0,26.835032,0.019642009,0,36.120219,-0.00011759447,0
0.5,0,26.837496,0.020239782,0,36.129448,-0.00011103957,0
0.5,0,26.840853,0.020405105,0,36.138676,-0.0001040277,0
0.5,0,26.845074,0.020234623,0,36.147904,-9.6644861e-05,0
0.5,0,26.849718,0.019818739,0,36.157133,-8.8971385e-05,0
0.5,0,26.854096,0.019200068,0,36.166361,-8.1083821e-05,0
0.5,0,26.857533,0.018374171,0,36.17559,-7.306037e-05,0
0.5,0,26.85963,0.017337642,0,36.184818,-6.4983436e-05,0
0.5,0,26.860416,0.016135168,0,36.194047,-5.6934376e-05,0
0.5,0,26.860343,0.014859199,0,36.203275,-4.898334e-05,0
0.5,0,26.860126,0.013630224,0,36.212504,-4.1180425e-05,0
0.5,0,26.860528,0.012591505,0,36.221732,-3.3548718e-05,0
0.5,0,26.862197,0.011810384,0,36.230961,-2.6081178e-05,0
0.5,0,26.865776,0.010990046,0,36.240189,-1.8759982e-05,0
0.5,0,26.872554,0.009186834,0,36.249418,-1.1596717e-05,0
0.5,0,26.885336,0.0050121762,0,36.258646,-4.6508449e-06,0
0.5,0,26.898987,0.0027904402,0,36.265027,-2.5804012e-15,0
0.5,0,26.877172,-0.010642269,0,36.5355,-2.1052721e-06,0
0.5,0,26.883594,-0.010023483,0,36.532615,-2.5804012e-15,0
0.5,0,26.863364,-0.014807904,0,36.544729,-8.946466e-06,0
0.5,0,26.854845,-0.017576837,0,36.553957,-1.5842918e-05,0
0.5,0,26.84783,-0.018905171,0,36.563185,-2.2805109e-05,0
0.5,0,26.841673,-0.019359401,0,36.572414,-2.9879447e-05,0
0.5,0,26.837004,-0.01921876,0,36.581642,-3.7145999e-05,0
0.5,0,26.833288,-0.018923421,0,36.590871,-4.4649612e-05,0
0.5,0,26.829199,-0.018802008,0,36.600099,-5.2373514e-05,0
0.5,0,26.82409,-0.018944733,0,36.609328,-6.0259745e-05,0
0.5,0,26.81859,-0.019212328,0,36.618556,-6.8233498e-05,0
0.5,0,26.814014,-0.019311511,0,36.627785,-7.6227923e-05,0
0.5,0,26.811404,-0.019057792,0,36.637013,-8.4184626e-05,0
0.5,0,26.810967,-0.018531686,0,36.646242,-9.2023176e-05,0
0.5,0,26.812116,-0.017869546,0,36.65547,-9.9626238e-05,0
0.5,0,26.813865,-0.016981387,0,36.664699,-0.00010687095,0
0.5,0,26.815266,-0.01558078,0,36.673927,-0.00011367451,0
0.5,0,26.815721,-0.013477061,0,36.683156,-0.00012000485,0
0.5,0,26.815086,-0.010785244,0,36.692384,-0.00012584852,0
0.5,0,26.813594,-0.0078462928,0,36.701612,-0.00013117126,0
0.5,0,26.811651,-0.004966598,0,36.710841,-0.00013590799,0
0.5,0,26.809607,-0.0022392815,0,36.720069,-0.00013998639,0
0.5,0,26.807623,0.00040667475,0,36.729298,-0.00014335679,0
0.5,0,26.805671,0.0030170151,0,36.738526,-0.00014600081,0
0.5,0,26.803656,0.0054940991,0,36.747755,-0.00014791657,0
0.5,0,26.801562,0.0076624698,0,36.756983,-0.00014910171,0
0.5,0,26.799527,0.0094259679,0,36.766212,-0.00014955322,0
0.5,0,26.797841,0.010845639,0,36.77544,-0.00014928238,0
0.5,0,26.796858,0.01207074,0,36.784669,-0.00014832678,0
0.5,0,26.796878,0.013205387,0,36.793897,-0.00014674662,0
0.5,0,26.798027,0.014239519,0,36.803126,-0.00014460875,0
0.5,0,26.80016,0.015090581,0,36.812354,-0.00014197217,0
0.5,0,26.802844,0.015695544,0,36.821583,-0.00013888396,0
0.5,0,26.805425,0.016065667,0,36.830811,-0.00013538304,0
0.5,0,26.807203,0.016273304,0,36.840039,-0.00013150388,0
0.5,0,26.807661,0.016406085,0,36.849268,-0.00012727636,0
0.5,0,26.806662,0.016536438,0,36.858496,-0.00012272374,0
0.5,0,26.804523,0.016721901,0,36.867725,-0.00011786162,0
0.5,0,26.801898,0.017020811,0,36.876953,-0.00011269737,0
0.5,0,26.799515,0.017502763,0,36.886182,-0.00010722801,0
0.5,0,26.79785,0.018241044,0,36.89541,-0.00010143731,0
0.5,0,26.796903,0.019280076,0,36.904639,-9.5296248e-05,0
0.5,0,26.796178,0.020583719,0,36.913867,-8.8771073e-05,0
0.5,0,26.794887,0.021999306,0,36.923096,-8.1838412e-05,0
0.5,0,26.792293,0.023285261,0,36.932324,-7.4500916e-05,0
0.5,0,26.788041,0.024201595,0,36.941553,-6.6794364e-05,0
0.5,0,26.782327,0.024594769,0,36.950781,-5.8783403e-05,0
0.5,0,26.775868,0.02442793,0,36.96001,-5.0551177e-05,0
0.5,0,26.769656,0.023777894,0,36.969238,-4.218729e-05,0
0.5,0,26.764696,0.022779373,0,36.978466,-3.3774361e-05,0
0.5,0,26.761811,0.021390739,0,36.987695,-2.5385929e-05,0
0.5,0,26.761961,0.019060282,0,36.996923,-1.7113092e-05,0
0.5,0,26.767083,0.014554629,0,37.006152,-9.0965194e-06,0
0.5,0,26.779051,0.0084364699,0,37.01538,-1.4816965e-06,0
0.5,0,26.782426,0.007710155,0,37.017291,-2.5804012e-15,0
0.5,0,26.770614,-0.014927439,0,37.283006,-3.750487e-06,0
0.5,0,26.778209,-0.012504941,0,37.277395,-2.5804012e-15,0
0.5,0,26.764837,-0.019490748,0,37.292234,-1.0348895e-05,0
0.5,0,26.762831,-0.022144379,0,37.301463,-1.7268462e-05,0
0.5,0,26.761093,-0.023503945,0,37.310691,-2.4445065e-05,0
0.5,0,26.758963,-0.023692456,0,37.31992,-3.1848211e-05,0
0.5,0,26.756462,-0.022954863,0,37.329148,-3.9464745e-05,0
0.5,0,26.753082,-0.021738821,0,37.338377,-4.7236116e-05,0
0.5,0,26.7485,-0.020347525,0,37.347605,-5.5060216e-05,0
0.5,0,26.743446,-0.018912041,0,37.356834,-6.2822831e-05,0
0.5,0,26.739478,-0.017450475,0,37.366062,-7.0418709e-05,0
0.5,0,26.737994,-0.015895431,0,37.375291,-7.7770457e-05,0
0.5,0,26.739433,-0.014255068,0,37.384519,-8.4828574e-05,0
0.5,0,26.743153,-0.01270885,0,37.393747,-9.154566e-05,0
0.5,0,26.747837,-0.011438066,0,37.402976,-9.7860104e-05,0
0.5,0,26.752083,-0.010404698,0,37.412204,-0.00010371468,0
0.5,0,26.75488,-0.0093667485,0,37.421433,-0.00010908927,0
0.5,0,26.755862,-0.0081045026,0,37.430661,-0.00011401148,0
0.5,0,26.755313,-0.0066098337,0,37.43989,-0.00011853612,0
0.5,0,26.753947,-0.0050713311,0,37.449118,-0.00012271469,0
0.5,0,26.752592,-0.0037066828,0,37.458347,-0.00012658061,0
0.5,0,26.751914,-0.0026184727,0,37.467575,-0.00013015471,0
0.5,0,26.752273,-0.001787173,0,37.476804,-0.00013345517,0
0.5,0,26.753733,-0.0011561539,0,37.486032,-0.0001364954,0
0.5,0,26.756151,-0.00068285814,0,37.495261,-0.00013927004,0
0.5,0,26.759266,-0.00030233108,0,37.504489,-0.00014174333,0
0.5,0,26.762775,0.00012822017,0,37.513718,-0.00014385096,0
0.5,0,26.766418,0.00081107084,0,37.522946,-0.00014551212,0
0.5,0,26.770042,0.0019111896,0,37.532174,-0.00014664122,0
0.5,0,26.773637,0.0034632597,0,37.541403,-0.00014715378,0
0.5,0,26.777297,0.0053596085,0,37.550631,-0.00014697095,0
0.5,0,26.781114,0.0074195501,0,37.55986,-0.00014602789,0
0.5,0,26.785042,0.0094774644,0,37.569088,-0.0001442848,0
0.5,0,26.788804,0.011431643,0,37.578317,-0.00014173456,0
0.5,0,26.791929,0.013244304,0,37.587545,-0.0001384017,0
0.5,0,26.793893,0.014916216,0,37.596774,-0.00013433477,0
0.5,0,26.794329,0.016459126,0,37.606002,-0.00012959775,0
0.5,0,26.793183,0.017879086,0,37.615231,-0.00012426458,0
0.5,0,26.790745,0.01917639,0,37.624459,-0.00011841568,0
0.5,0,26.787546,0.020357512,0,37.633688,-0.00011213371,0
0.5,0,26.784149,0.021443635,0,37.642916,-0.00010549695,0
0.5,0,26.780932,0.022461339,0,37.652145,-9.8572653e-05,0
0.5,0,26.777968,0.023417369,0,37.661373,-9.1413999e-05,0
0.5,0,26.775044,0.024273359,0,37.670601,-8.4063848e-05,0
0.5,0,26.771833,0.024938972,0,37.67983,-7.6564635e-05,0
0.5,0,26.768102,0.025288267,0,37.689058,-6.8970375e-05,0
0.5,0,26.763904,0.025200166,0,37.698287,-6.135264e-05,0
0.5,0,26.759575,0.024584979,0,37.707515,-5.3797401e-05,0
0.5,0,26.755763,0.023423612,0,37.716744,-4.6391265e-05,0
0.5,0,26.752882,0.021746407,0,37.725972,-3.9211683e-05,0
0.5,0,26.751891,0.019737827,0,37.735201,-3.23099e-05,0
0.5,0,26.751279,0.017488626,0,37.744429,-2.5728459e-05,0
0.5,0,26.75476,0.015346787,0,37.753658,-1.9480982e-05,0
0.5,0,26.751695,0.012856422,0,37.762886,-1.3653966e-05,0
0.5,0,26.762722,0.011023232,0,37.772115,-8.2691631e-06,0
0.5,0,26.737175,0.0063892927,0,37.781343,-3.6745364e-06,0
0.5,0,26.786741,0.0073997567,0,37.789928,-2.5804012e-15,0
0.5,0,26.872284,-0.37052876,0,0.0092284668,0.00054372608,0
0.5,0,26.91224,-0.32110542,0,0.018456934,0.00042352738,0
0.5,0,26.941166,-0.30454309,0,0.0276854,0.00031299787,0
0.5,0,26.96706,-0.29343998,0,0.036913867,0.00020781495,0
0.5,0,26.990701,-0.28345167,0,0.046142334,0.000106656,0
0.5,0,27.011865,-0.27103953,0,0.055370801,8.8560399e-06,0
0.5,0,27.487498,0.10532553,0,1.9656634,3.7133211e-07,0
0.5,0,27.486068,0.11441489,0,1.9748919,3.9255666e-05,0
0.5,0,27.478547,0.11981773,0,1.9841204,7.9125032e-05,0
0.5,0,27.468578,0.1234531,0,1.9933488,0.0001198587,0
0.5,0,27.457369,0.12647679,0,2.0025773,0.00016144101,0
0.5,0,27.444582,0.12871119,0,2.0118058,0.00020391703,0
0.5,0,27.430299,0.13055124,0,2.0210342,0.00024731205,0
0.5,0,27.415418,0.13231974,0,2.0302627,0.00029161594,0
0.5,0,27.401102,0.13417353,0,2.0394912,0.00033679905,0
0.5,0,27.387993,0.13632094,0,2.0487196,0.00038280734,0
0.5,0,27.376042,0.13869482,0,2.0579481,0.00042958191,0
0.5,0,27.364912,0.14086119,0,2.0671766,0.00047710708,0
0.5,0,27.354313,0.14259131,0,2.076405,0.00052540632,0
0.5,0,27.344,0.14416365,0,2.0856335,0.00057448445,0
0.5,0,27.333712,0.14596256,0,2.094862,0.00062429693,0
0.5,0,27.323236,0.14801277,0,2.1040904,0.00067477954,0
0.5,0,27.312526,0.14999727,0,2.1133189,0.00072589414,0
0.5,0,27.301756,0.15159593,0,2.1225474,0.0007776421,0
0.5,0,27.291299,0.15275187,0,2.1317758,0.00083004084,0
0.5,0,27.281622,0.15369741,0,2.1410043,0.00088308794,0
0.5,0,27.27313,0.15474981,0,2.1502328,0.00093674172,0
0.5,0,27.266026,0.15601836,0,2.1594612,0.00099093631,0
0.5,0,27.260279,0.15730292,0,2.1686897,0.0010456187,0
0.5,0,27.255645,0.15832221,0,2.1779182,0.001100769,0
0.5,0,27.251711,0.15902659,0,2.1871466,0.0011563828,0
0.5,0,27.247937,0.1596433,0,2.1963751,0.0012124349,0
0.5,0,27.243772,0.16042662,0,2.2056036,0.0012688659,0
0.5,0,27.238821,0.16139849,0,2.214832,0.001325602,0
0.5,0,27.232984,0.16233002,0,2.2240605,0.0013825876,0
0.5,0,27.226472,0.16295712,0,2.233289,0.0014397988,0
0.5,0,27.219654,0.16321476,0,2.2425174,0.0014972274,0
0.5,0,27.212839,0.16326514,0,2.2517459,0.0015548514,0
0.5,0,27.206137,0.16330104,0,2.2609744,0.0016126234,0
0.5,0,27.199483,0.1633472,0,2.2702028,0.0016704861,0
0.5,0,27.192769,0.16327942,0,2.2794313,0.0017283936,0
0.5,0,27.185966,0.16300947,0,2.2886598,0.0017863154,0
0.5,0,27.179139,0.16258595,0,2.2978882,0.0018442219,0
0.5,0,27.172399,0.16209915,0,2.3071167,0.0019020737,0
0.5,0,27.165844,0.16154886,0,2.3163452,0.0019598293,0
0.5,0,27.159505,0.16086116,0,2.3255736,0.0020174553,0
0.5,0,27.153322,0.16001008,0,2.3348021,0.0020749242,0
0.5,0,27.14715,0.1590565,0,2.3440306,0.0021322043,0
0.5,0,27.140863,0.15805043,0,2.353259,0.0021892562,0
0.5,0,27.134456,0.15694216,0,2.3624875,0.002246044,0
0.5,0,27.128099,0.15564366,0,2.371716,0.0023025438,0
0.5,0,27.122119,0.15416472,0,2.3809444,0.0023587368,0
0.5,0,27.11679,0.15265492,0,2.3901729,0.0024145926,0
0.5,0,27.112183,0.15127609,0,2.3994014,0.0024700615,0
0.5,0,27.108193,0.1500303,0,2.4086298,0.0025250861,0
0.5,0,27.104561,0.14876836,0,2.4178583,0.0025796203,0
0.5,0,27.100989,0.14733972,0,2.4270868,0.0026336383,0
0.5,0,27.097273,0.14569825,0,2.4363152,0.002687123,0
0.5,0,27.093318,0.14391289,0,2.4455437,0.0027400484,0
0.5,0,27.08913,0.14207996,0,2.4547722,0.0027923736,0
0.5,0,27.084831,0.14022022,0,2.4640006,0.0028440507,0
0.5,0,27.080631,0.13829184,0,2.4732291,0.0028950367,0
0.5,0,27.076735,0.13626525,0,2.4824576,0.0029452948,0
0.5,0,27.073255,0.13414315,0,2.491686,0.0029947909,0
0.5,0,27.070181,0.13192446,0,2.5009145,0.0030434915,0
0.5,0,27.067408,0.12958005,0,2.510143,0.0030913657,0
0.5,0,27.064797,0.12707423,0,2.5193714,0.0031383851,0
0.5,0,27.062228,0.12439982,0,2.5285999,0.0031845212,0
0.5,0,27.059622,0.12158217,0,2.5378284,0.0032297406,0
0.5,0,27.056939,0.11865476,0,2.5470568,0.0032740038,0
0.5,0,27.054166,0.1156407,0,2.5562853,0.0033172678,0
0.5,0,27.051289,0.1125541,0,2.5655138,0.0033594888,0
0.5,0,27.048289,0.1094032,0,2.5747422,0.0034006231,0
0.5,0,27.045141,0.10618465,0,2.5839707,0.0034406288,0
0.5,0,27.041833,0.10288107,0,2.5931992,0.0034794672,0
0.5,0,27.038375,0.099474177,0,2.6024276,0.0035171029,0
0.5,0,27.034789,0.095958921,0,2.6116561,0.0035535035,0
0.5,0,27.031096,0.092336579,0,2.6208846,0.0035886393,0
0.5,0,27.027308,0.088597156,0,2.630113,0.0036224854,0
0.5,0,27.023436,0.084722218,0,2.6393415,0.0036550249,0
0.5,0,27.019504,0.080719068,0,2.64857,0.0036862471,0
0.5,0,27.015554,0.076651286,0,2.6577984,0.0037161403,0
0.5,0,27.011639,0.072620271,0,2.6670269,0.0037446841,0
0.5,0,27.007807,0.068700755,0,2.6762554,0.0037718483,0
0.5,0,27.004093,0.064885593,0,2.6854838,0.0037976008,0
0.5,0,27.000513,0.061093725,0,2.6947123,0.0038219178,0
0.5,0,26.997065,0.057236171,0,2.7039408,0.0038447881,0
0.5,0,26.993717,0.053281263,0,2.7131692,0.0038662087,0
0.5,0,26.990415,0.049267383,0,2.7223977,0.0038861759,0
0.5,0,26.987091,0.045262588,0,2.7316262,0.0039046798,0
0.5,0,26.983686,0.041313772,0,2.7408546,0.0039217057,0
0.5,0,26.980169,0.037424449,0,2.7500831,0.0039372393,0
0.5,0,26.976543,0.033566388,0,2.7593116,0.0039512718,0
0.5,0,26.972845,0.02970495,0,2.76854,0.0039638017,0
0.5,0,26.969107,0.025817916,0,2.7777685,0.0039748332,0
0.5,0,26.965355,0.021900731,0,2.786997,0.0039843739,0
0.5,0,26.961573,0.017959453,0,2.7962254,0.0039924329,0
0.5,0,26.95772,0.013997154,0,2.8054539,0.0039990199,0
0.5,0,26.953752,0.010004567,0,2.8146824,0.0040041468,0
0.5,0,26.949638,0.0059655348,0,2.8239108,0.0040078296,0
0.5,0,26.945405,0.0018774255,0,2.8331393,0.0040100874,0
0.5,0,26.941138,-0.002228751,0,2.8423678,0.0040109387,0
0.5,0,26.936964,-0.0062904248,0,2.8515962,0.0040103964,0
0.5,0,26.933025,-0.010243891,0,2.8608247,0.0040084657,0
0.5,0,26.929448,-0.014062718,0,2.8700532,0.0040051473,0
0.5,0,26.926306,-0.017775539,0,2.8792816,0.0040004442,0
0.5,0,26.923612,-0.021448116,0,2.8885101,0.0039943673,0
0.5,0,26.921311,-0.025142642,0,2.8977386,0.0039869352,0
0.5,0,26.919295,-0.028885941,0,2.906967,0.0039781709,0
0.5,0,26.917433,-0.032665177,0,2.9161955,0.0039680956,0
0.5,0,26.915598,-0.036445134,0,2.925424,0.0039567249,0
0.5,0,26.913698,-0.040189412,0,2.9346524,0.0039440693,0
0.5,0,26.911698,-0.043871534,0,2.9438809,0.0039301357,0
0.5,0,26.909613,-0.047473884,0,2.9531094,0.0039149312,0
0.5,0,26.907495,-0.050982079,0,2.9623378,0.0038984645,0
0.5,0,26.905401,-0.054381955,0,2.9715663,0.0038807469,0
0.5,0,26.90337,-0.057660823,0,2.9807948,0.0038617912,0
0.5,0,26.901405,-0.060813157,0,2.9900232,0.0038416115,0
0.5,0,26.899474,-0.063846486,0,2.9992517,0.0038202222,0
0.5,0,26.897525,-0.066781353,0,3.0084802,0.003797638,0
0.5,0,26.895507,-0.069646089,0,3.0177086,0.0037738736,0
0.5,0,26.893393,-0.072470384,0,3.0269371,0.0037489451,0
0.5,0,26.891194,-0.075281006,0,3.0361656,0.0037228704,0
0.5,0,26.888958,-0.078099586,0,3.045394,0.0036956702,0
0.5,0,26.88677,-0.080939542,0,3.0546225,0.0036673684,0
0.5,0,26.884732,-0.083802216,0,3.063851,0.0036379908,0
0.5,0,26.882943,-0.086675364,0,3.0730794,0.0036075624,0
0.5,0,26.881481,-0.08953734,0,3.0823079,0.0035761043,0
0.5,0,26.880395,-0.092367576,0,3.0915364,0.0035436315,0
0.5,0,26.879696,-0.095157947,0,3.1007648,0.0035101531,0
0.5,0,26.879371,-0.097916264,0,3.1099933,0.0034756745,0
0.5,0,26.879391,-0.1006583,0,3.1192218,0.0034402011,0
0.5,0,26.879716,-0.10339465,0,3.1284502,0.0034037405,0
0.5,0,26.880301,-0.10612336,0,3.1376787,0.0033663036,0
0.5,0,26.881097,-0.10883409,0,3.1469072,0.0033279045,0
0.5,0,26.882047,-0.1115181,0,3.1561356,0.0032885599,0
0.5,0,26.883093,-0.11417298,0,3.1653641,0.0032482892,0
0.5,0,26.884175,-0.11679546,0,3.1745926,0.0032071136,0
0.5,0,26.88524,-0.11936791,0,3.183821,0.0031650537,0
0.5,0,26.886241,-0.12185193,0,3.1930495,0.003122126,0
0.5,0,26.887144,-0.12419977,0,3.202278,0.0030783414,0
0.5,0,26.887938,-0.1263806,0,3.2115064,0.0030337066,0
0.5,0,26.888648,-0.128406,0,3.2207349,0.002988229,0
0.5,0,26.889346,-0.13033583,0,3.2299634,0.002941924,0
0.5,0,26.890154,-0.13225675,0,3.2391918,0.0028948203,0
0.5,0,26.891226,-0.13424237,0,3.2484203,0.0028469588,0
0.5,0,26.892707,-0.13631668,0,3.2576488,0.0027983865,0
0.5,0,26.894685,-0.13844183,0,3.2668772,0.0027491458,0
0.5,0,26.897142,-0.14053833,0,3.2761057,0.0026992657,0
0.5,0,26.89993,-0.14252614,0,3.2853342,0.0026487584,0
0.5,0,26.90277,-0.14436351,0,3.2945626,0.002597623,0
0.5,0,26.90529,-0.14606241,0,3.3037911,0.0025458541,0
0.5,0,26.907078,-0.14767484,0,3.3130196,0.0024934498,0
0.5,0,26.907763,-0.14925962,0,3.322248,0.0024404169,0
0.5,0,26.90708,-0.15084946,0,3.3314765,0.0023867696,0
0.5,0,26.904921,-0.15243806,0,3.340705,0.0023325258,0
0.5,0,26.901373,-0.15399196,0,3.3499334,0.0022777034,0
0.5,0,26.896712,-0.15547669,0,3.3591619,0.0022223186,0
0.5,0,26.891385,-0.15688056,0,3.3683904,0.0021663876,0
0.5,0,26.885952,-0.15822262,0,3.3776188,0.0021099295,0
0.5,0,26.881015,-0.15954156,0,3.3868473,0.0020529687,0
0.5,0,26.877131,-0.16087262,0,3.3960758,0.0019955348,0
0.5,0,26.874734,-0.16222561,0,3.4053042,0.0019376598,0
0.5,0,26.874076,-0.16357568,0,3.4145327,0.0018793753,0
0.5,0,26.875201,-0.16487235,0,3.4237612,0.0018207098,0
0.5,0,26.877957,-0.16606299,0,3.4329896,0.001761688,0
0.5,0,26.882045,-0.1671187,0,3.4422181,0.0017023332,0
0.5,0,26.887084,-0.1680473,0,3.4514466,0.0016426695,0
0.5,0,26.89269,-0.16888481,0,3.460675,0.0015827247,0
0.5,0,26.898527,-0.16967045,0,3.4699035,0.0015225314,0
0.5,0,26.904335,-0.17042072,0,3.479132,0.0014621273,0
0.5,0,26.909954,-0.17111292,0,3.4883604,0.0014015538,0
0.5,0,26.915285,-0.17169955,0,3.4975889,0.0013408547,0
0.5,0,26.920264,-0.1721387,0,3.5068174,0.0012800742,0
0.5,0,26.924882,-0.17241216,0,3.5160458,0.0012192551,0
0.5,0,26.929184,-0.17253395,0,3.5252743,0.001158437,0
0.5,0,26.933226,-0.17254048,0,3.5345028,0.001097657,0
0.5,0,26.937068,-0.17246562,0,3.5437312,0.0010369525,0
0.5,0,26.940804,-0.17232911,0,3.5529597,0.00097636234,0
0.5,0,26.944503,-0.1721367,0,3.5621882,0.00091592414,0
0.5,0,26.948241,-0.17188389,0,3.5714167,0.00085566889,0
0.5,0,26.952104,-0.17155776,0,3.5806451,0.00079561863,0
0.5,0,26.956135,-0.17113645,0,3.5898736,0.00073578819,0
0.5,0,26.960361,-0.17059591,0,3.5991021,0.00067619053,0
0.5,0,26.964789,-0.16992195,0,3.6083305,0.00061684249,0
0.5,0,26.969404,-0.16912832,0,3.617559,0.00055776798,0
0.5,0,26.974175,-0.16826515,0,3.6267875,0.000498997,0
0.5,0,26.979065,-0.16739874,0,3.6360159,0.00044056147,0
0.5,0,26.984037,-0.16657184,0,3.6452444,0.00038249136,0
0.5,0,26.989043,-0.16578351,0,3.6544729,0.00032481336,0
0.5,0,26.99402,-0.16500388,0,3.6637013,0.00026755177,0
0.5,0,26.998887,-0.16417853,0,3.6729298,0.00021072984,0
0.5,0,27.0035,-0.16321247,0,3.6821583,0.00015437416,0
0.5,0,27.007623,-0.16207039,0,3.6913867,9.8517899e-05,0
0.5,0,27.01082,-0.1609618,0,3.7006152,4.3192755e-05,0
0.5,0,27.303977,0.022548794,0,5.6293647,9.7193208e-06,0
0.5,0,27.297022,0.023902861,0,5.6385932,2.0059919e-05,0
0.5,0,27.288198,0.02476905,0,5.6478217,3.0182572e-05,0
0.5,0,27.278403,0.025185461,0,5.6570501,4.0083572e-05,0
0.5,0,27.267948,0.0251934,0,5.6662786,4.9779933e-05,0
0.5,0,27.256813,0.024884139,0,5.6755071,5.9302467e-05,0
0.5,0,27.245252,0.024436913,0,5.6847355,6.8673156e-05,0
0.5,0,27.233853,0.023997437,0,5.693964,7.7899045e-05,0
0.5,0,27.223188,0.023693729,0,5.7031925,8.6973273e-05,0
0.5,0,27.213507,0.023601553,0,5.7124209,9.5877209e-05,0
0.5,0,27.204728,0.02362412,0,5.7216494,0.00010459742,0
0.5,0,27.196612,0.023581471,0,5.7308779,0.0001131405,0
0.5,0,27.188905,0.023431396,0,5.7401063,0.00012152261,0
0.5,0,27.181368,0.023292269,0,5.7493348,0.0001297477,0
0.5,0,27.173812,0.023256678,0,5.7585633,0.00013780312,0
0.5,0,27.166138,0.02325924,0,5.7677917,0.00014567526,0
0.5,0,27.158377,0.023133684,0,5.7770202,0.00015336535,0
0.5,0,27.150692,0.022762227,0,5.7862487,0.00016088963,0
0.5,0,27.143336,0.022169294,0,5.7954771,0.00016826564,0
0.5,0,27.136573,0.02149409,0,5.8047056,0.00017549744,0
0.5,0,27.130581,0.020872301,0,5.8139341,0.0001825721,0
0.5,0,27.125393,0.020328367,0,5.8231625,0.00018947048,0
0.5,0,27.120891,0.019778823,0,5.832391,0.00019618154,0
0.5,0,27.116842,0.019142657,0,5.8416195,0.00020270634,0
0.5,0,27.112951,0.018442109,0,5.8508479,0.0002090483,0
0.5,0,27.10891,0.017789906,0,5.8600764,0.00021520066,0
0.5,0,27.104477,0.017281408,0,5.8693049,0.00022114443,0
0.5,0,27.099547,0.016902794,0,5.8785333,0.00022685931,0
0.5,0,27.094199,0.016541708,0,5.8877618,0.00023233744,0
0.5,0,27.088677,0.016085489,0,5.8969903,0.0002375878,0
0.5,0,27.083287,0.01551147,0,5.9062187,0.00024262818,0
0.5,0,27.078275,0.014888165,0,5.9154472,0.00024747328,0
0.5,0,27.07376,0.014290928,0,5.9246757,0.00025212999,0
0.5,0,27.06974,0.013731634,0,5.9339042,0.0002566019,0
0.5,0,27.066148,0.013175763,0,5.9431326,0.00026089514,0
0.5,0,27.062948,0.012606079,0,5.9523611,0.00026501763,0
0.5,0,27.060144,0.012051955,0,5.9615896,0.00026897347,0
0.5,0,27.057773,0.01155231,0,5.970818,0.00027276041,0
0.5,0,27.055872,0.011109401,0,5.9800465,0.00027637373,0
0.5,0,27.054446,0.010697072,0,5.989275,0.00027981166,0
0.5,0,27.053438,0.010306363,0,5.9985034,0.00028307641,0
0.5,0,27.052731,0.0099609888,0,6.0077319,0.00028617152,0
0.5,0,27.052184,0.0096796432,0,6.0169604,0.00028910161,0
0.5,0,27.051713,0.0094377847,0,6.0261888,0.00029187597,0
0.5,0,27.051342,0.0091847464,0,6.0354173,0.00029451136,0
0.5,0,27.051203,0.0089015989,0,6.0446458,0.00029702824,0
0.5,0,27.051469,0.0086311058,0,6.0538742,0.00029944193,0
0.5,0,27.052263,0.0084393708,0,6.0631027,0.00030175652,0
0.5,0,27.053621,0.0083452541,0,6.0723312,0.00030396745,0
0.5,0,27.055494,0.0082910189,0,6.0815596,0.00030607036,0
0.5,0,27.057802,0.0081857642,0,6.0907881,0.00030806775,0
0.5,0,27.060467,0.0079786021,0,6.1000166,0.00030996742,0
0.5,0,27.063446,0.0076910573,0,6.109245,0.000311775,0
0.5,0,27.066732,0.0073832492,0,6.1184735,0.00031348815,0
0.5,0,27.070363,0.0070942987,0,6.127702,0.00031509742,0
0.5,0,27.074414,0.0068153955,0,6.1369304,0.00031659177,0
0.5,0,27.078967,0.0065116132,0,6.1461589,0.00031796317,0
0.5,0,27.084059,0.006158547,0,6.1553874,0.00031920707,0
0.5,0,27.089618,0.0057555859,0,6.1646158,0.00032032042,0
0.5,0,27.095435,0.0053134185,0,6.1738443,0.00032130059,0
0.5,0,27.101165,0.0048412235,0,6.1830728,0.0003221461,0
0.5,0,27.106359,0.004350288,0,6.1923012,0.00032285738,0
0.5,0,27.110499,0.0038636321,0,6.2015297,0.00032343619,0
0.5,0,27.113037,0.003413386,0,6.2107582,0.00032388457,0
0.5,0,27.113423,0.0030258817,0,6.2199866,0.00032420461,0
0.5,0,27.111137,0.002710465,0,6.2292151,0.00032439936,0
0.5,0,27.105729,0.002460909,0,6.2384436,0.00032447363,0
0.5,0,27.096862,0.0022621106,0,6.247672,0.00032443381,0
0.5,0,27.084372,0.0020933544,0,6.2569005,0.00032428723,0
0.5,0,27.068323,0.0019293949,0,6.266129,0.00032404162,0
0.5,0,27.049045,0.0017457158,0,6.2753574,0.00032370462,0
0.5,0,27.027145,0.0015277721,0,6.2845859,0.0003232829,0
0.5,0,27.003468,0.0012745522,0,6.2938144,0.00032278119,0
0.5,0,26.979028,0.00099128185,0,6.3030428,0.00032220231,0
0.5,0,26.95492,0.00068133159,0,6.3122713,0.00032154827,0
0.5,0,26.932228,0.00035116159,0,6.3214998,0.00032082124,0
0.5,0,26.911928,2.4282674e-05,0,6.3307282,0.0003200227,0
0.5,0,26.894803,-0.00025710885,0,6.3399567,0.00031915151,0
0.5,0,26.881362,-0.00045477516,0,6.3491852,0.00031820337,0
0.5,0,26.871806,-0.00056772342,0,6.3584136,0.00031717401,0
0.5,0,26.866024,-0.0006464302,0,6.3676421,0.00031606472,0
0.5,0,26.863639,-0.00076886726,0,6.3768706,0.00031488622,0
0.5,0,26.864067,-0.00099229339,0,6.386099,0.00031365713,0
0.5,0,26.866593,-0.0013183553,0,6.3953275,0.00031239748,0
0.5,0,26.870447,-0.001697374,0,6.404556,0.00031112158,0
0.5,0,26.874874,-0.0020640337,0,6.4137844,0.0003098345,0
0.5,0,26.879215,-0.0023739939,0,6.4230129,0.00030853348,0
0.5,0,26.882963,-0.0026162434,0,6.4322414,0.00030721195,0
0.5,0,26.885798,-0.002800198,0,6.4414698,0.00030586301,0
0.5,0,26.88759,-0.0029362691,0,6.4506983,0.00030448088,0
0.5,0,26.888367,-0.0030270767,0,6.4599268,0.00030306072,0
0.5,0,26.888272,-0.0030716714,0,6.4691552,0.00030159853,0
0.5,0,26.887515,-0.0030750884,0,6.4783837,0.00030009168,0
0.5,0,26.886331,-0.0030546132,0,6.4876122,0.00029853982,0
0.5,0,26.884941,-0.0030382103,0,6.4968406,0.00029694543,0
0.5,0,26.883541,-0.0030553027,0,6.5060691,0.00029531376,0
0.5,0,26.882284,-0.0031247033,0,6.5152976,0.00029365181,0
0.5,0,26.881284,-0.0032459664,0,6.524526,0.00029196607,0
0.5,0,26.880614,-0.0033986145,0,6.5337545,0.00029025942,0
0.5,0,26.880316,-0.0035525648,0,6.542983,0.000288529,0
0.5,0,26.880388,-0.0036875256,0,6.5522114,0.00028676694,0
0.5,0,26.880794,-0.0038098528,0,6.5614399,0.0002849638,0
0.5,0,26.881477,-0.0039522607,0,6.5706684,0.0002831126,0
0.5,0,26.882371,-0.0041526689,0,6.5798968,0.00028121097,0
0.5,0,26.883386,-0.0044268061,0,6.5891253,0.00027926009,0
0.5,0,26.884404,-0.0047555335,0,6.5983538,0.00027726159,0
0.5,0,26.885294,-0.0050961484,0,6.6075822,0.00027521484,0
0.5,0,26.885927,-0.0054072516,0,6.6168107,0.00027311656,0
0.5,0,26.886201,-0.0056666472,0,6.6260392,0.00027096283,0
0.5,0,26.88606,-0.0058721206,0,6.6352676,0.00026875145,0
0.5,0,26.8855,-0.0060318494,0,6.6444961,0.00026648325,0
0.5,0,26.884557,-0.0061550787,0,6.6537246,0.00026416179,0
0.5,0,26.883292,-0.0062474708,0,6.662953,0.00026179205,0
0.5,0,26.881766,-0.0063111381,0,6.6721815,0.00025937908,0
0.5,0,26.880019,-0.0063476872,0,6.68141,0.00025692731,0
0.5,0,26.878066,-0.0063613119,0,6.6906384,0.00025444067,0
0.5,0,26.87589,-0.0063596198,0,6.6998669,0.00025192332,0
0.5,0,26.873463,-0.0063521256,0,6.7090954,0.00024938043,0
0.5,0,26.870756,-0.0063478907,0,6.7183238,0.00024681862,0
0.5,0,26.867757,-0.006353645,0,6.7275523,0.00024424579,0
0.5,0,26.864488,-0.0063730938,0,6.7367808,0.00024167049,0
0.5,0,26.86101,-0.0064075708,0,6.7460092,0.00023910109,0
0.5,0,26.857424,-0.0064565647,0,6.7552377,0.00023654494,0
0.5,0,26.853859,-0.006518672,0,6.7644662,0.00023400773,0
0.5,0,26.85046,-0.0065841987,0,6.7736946,0.00023149287,0
0.5,0,26.84737,-0.0066474085,0,6.7829231,0.00022900074,0
0.5,0,26.844682,-0.0067026883,0,6.7921516,0.00022652914,0
0.5,0,26.842471,-0.0067248811,0,6.80138,0.00022407489,0
0.5,0,26.840802,-0.0067094102,0,6.8106085,0.00022163521,0
0.5,0,26.839686,-0.0066747708,0,6.819837,0.00021920915,0
0.5,0,26.839103,-0.0066281434,0,6.8290654,0.00021679833,0
0.5,0,26.839013,-0.0065679366,0,6.8382939,0.000214406,0
0.5,0,26.839357,-0.0064892856,0,6.8475224,0.00021203545,0
0.5,0,26.84005,-0.00639045,0,6.8567508,0.00020968911,0
0.5,0,26.840995,-0.0062811471,0,6.8659793,0.00020736869,0
0.5,0,26.842082,-0.0061834658,0,6.8752078,0.0002050756,0
0.5,0,26.843205,-0.0061195057,0,6.8844362,0.00020281091,0
0.5,0,26.844258,-0.0060968643,0,6.8936647,0.00020057434,0
0.5,0,26.845135,-0.0061072975,0,6.9028932,0.00019836279,0
0.5,0,26.845736,-0.00613662,0,6.9121216,0.00019617,0
0.5,0,26.845977,-0.0061790006,0,6.9213501,0.00019398804,0
0.5,0,26.84581,-0.0062465877,0,6.9305786,0.00019181022,0
0.5,0,26.84524,-0.0063647976,0,6.939807,0.00018963356,0
0.5,0,26.844333,-0.0065539161,0,6.9490355,0.00018745913,0
0.5,0,26.843209,-0.0068091442,0,6.958264,0.00018528943,0
0.5,0,26.842023,-0.0070929072,0,6.9674924,0.00018312411,0
0.5,0,26.840927,-0.0073456877,0,6.9767209,0.00018095646,0
0.5,0,26.840046,-0.007511966,0,6.9859494,0.00017877294,0
0.5,0,26.83946,-0.0075669751,0,6.9951778,0.00017655639,0
0.5,0,26.839206,-0.0075290163,0,7.0044063,0.00017429177,0
0.5,0,26.83929,-0.0074512012,0,7.0136348,0.00017197153,0
0.5,0,26.839695,-0.0073957629,0,7.0228632,0.0001695982,0
0.5,0,26.840391,-0.0074041236,0,7.0320917,0.00016718263,0
0.5,0,26.841332,-0.0074788716,0,7.0413202,0.00016473907,0
0.5,0,26.842456,-0.007587543,0,7.0505486,0.00016227959,0
0.5,0,26.843691,-0.0076858618,0,7.0597771,0.00015981069,0
0.5,0,26.844967,-0.0077460709,0,7.0690056,0.00015733359,0
0.5,0,26.846234,-0.007774094,0,7.078234,0.0001548474,0
0.5,0,26.847475,-0.0078034993,0,7.0874625,0.00015235289,0
0.5,0,26.848725,-0.0078769447,0,7.096691,0.00014985478,0
0.5,0,26.850068,-0.0080188619,0,7.1059194,0.00014736067,0
0.5,0,26.851584,-0.0082198633,0,7.1151479,0.00014487807,0
0.5,0,26.853322,-0.0084415765,0,7.1243764,0.00014241152,0
0.5,0,26.855313,-0.0086304899,0,7.1336048,0.00013996053,0
0.5,0,26.857549,-0.0087415695,0,7.1428333,0.00013752006,0
0.5,0,26.859987,-0.0087543855,0,7.1520618,0.00013508308,0
0.5,0,26.862564,-0.0086760887,0,7.1612902,0.00013264366,0
0.5,0,26.865211,-0.008533683,0,7.1705187,0.00013019969,0
0.5,0,26.867867,-0.0083605732,0,7.1797472,0.0001277539,0
0.5,0,26.870482,-0.0081825339,0,7.1889756,0.00012531312,0
0.5,0,26.87302,-0.0080076282,0,7.1982041,0.0001228858,0
0.5,0,26.87546,-0.0078251011,0,7.2074326,0.0001204796,0
0.5,0,26.877783,-0.0076154576,0,7.216661,0.00011809999,0
0.5,0,26.879974,-0.0073660141,0,7.2258895,0.00011575063,0
0.5,0,26.882012,-0.0070829116,0,7.235118,0.00011343515,0
0.5,0,26.883874,-0.0067914235,0,7.2443464,0.00011115932,0
0.5,0,26.885531,-0.0065248089,0,7.2535749,0.00010893199,0
0.5,0,26.88695,-0.0063099543,0,7.2628034,0.00010676391,0
0.5,0,26.888087,-0.0061554651,0,7.2720318,0.00010466489,0
0.5,0,26.888889,-0.0060474525,0,7.2812603,0.00010264042,0
0.5,0,26.889296,-0.0059567227,0,7.2904888,0.00010068924,0
0.5,0,26.889249,-0.0058537564,0,7.2997172,9.8803199e-05,0
0.5,0,26.888694,-0.0057233529,0,7.3089457,9.6969413e-05,0
0.5,0,26.887591,-0.0055719112,0,7.3181742,9.5173891e-05,0
0.5,0,26.88591,-0.0054243393,0,7.3274026,9.3405032e-05,0
0.5,0,26.883642,-0.0053127399,0,7.3366311,9.1655571e-05,0
0.5,0,26.880792,-0.0052628959,0,7.3458596,8.99224e-05,0
0.5,0,26.877379,-0.0052843785,0,7.355088,8.8204753e-05,0
0.5,0,26.873429,-0.0053686922,0,7.3643165,8.6501959e-05,0
0.5,0,26.868965,-0.0054956052,0,7.373545,8.4812097e-05,0
0.5,0,26.864013,-0.0056367168,0,7.3827734,8.3132127e-05,0
0.5,0,26.8586,-0.0057806078,0,7.3920019,8.1459225e-05,0
0.5,0,26.85276,-0.0059341691,0,7.4012304,7.9792342e-05,0
0.5,0,26.846528,-0.006100743,0,7.4104588,7.8133033e-05,0
0.5,0,26.839949,-0.0062787215,0,7.4196873,7.648504e-05,0
0.5,0,26.833065,-0.0064558413,0,7.4289158,7.4852962e-05,0
0.5,0,26.825911,-0.0066107311,0,7.4381442,7.3240822e-05,0
0.5,0,26.818512,-0.0067204114,0,7.4473727,7.1651335e-05,0
0.5,0,26.810883,-0.0067694167,0,7.4566012,7.0086155e-05,0
0.5,0,26.803037,-0.006755698,0,7.4658296,6.8546757e-05,0
0.5,0,26.794991,-0.0066907501,0,7.4750581,6.7035321e-05,0
0.5,0,26.786779,-0.0065949608,0,7.4842866,6.5555081e-05,0
0.5,0,26.778458,-0.0064914168,0,7.493515,6.411002e-05,0
0.5,0,26.770114,-0.0064007932,0,7.5027435,6.2704177e-05,0
0.5,0,26.761861,-0.0063379216,0,7.511972,6.1340864e-05,0
0.5,0,26.75384,-0.0063098493,0,7.5212004,6.0022028e-05,0
0.5,0,26.746207,-0.006314967,0,7.5304289,5.8747832e-05,0
0.5,0,26.739127,-0.0063444662,0,7.5396574,5.7516566e-05,0
0.5,0,26.732751,-0.0063861985,0,7.5488858,5.6325038e-05,0
0.5,0,26.727216,-0.0064308425,0,7.5581143,5.5169415e-05,0
0.5,0,26.722617,-0.0064728931,0,7.5673428,5.4045578e-05,0
0.5,0,26.719004,-0.0065064195,0,7.5765712,5.2950899e-05,0
0.5,0,26.716404,-0.0065349455,0,7.5857997,5.1885042e-05,0
0.5,0,26.714792,-0.0065667403,0,7.5950282,5.0848198e-05,0
0.5,0,26.71409,-0.0066006854,0,7.6042566,4.9840174e-05,0
0.5,0,26.714182,-0.0066314182,0,7.6134851,4.8859486e-05,0
0.5,0,26.714937,-0.0066532155,0,7.6227136,4.7902302e-05,0
0.5,0,26.716217,-0.0066634806,0,7.631942,4.6962386e-05,0
0.5,0,26.717884,-0.0066674538,0,7.6411705,4.6032119e-05,0
0.5,0,26.719819,-0.006678996,0,7.650399,4.5103906e-05,0
0.5,0,26.721921,-0.0067162573,0,7.6596274,4.417125e-05,0
0.5,0,26.724114,-0.0067943441,0,7.6688559,4.3228974e-05,0
0.5,0,26.726347,-0.0069191796,0,7.6780844,4.2272583e-05,0
0.5,0,26.728587,-0.0070851556,0,7.6873128,4.1297185e-05,0
0.5,0,26.730797,-0.0072765182,0,7.6965413,4.0296556e-05,0
0.5,0,26.732947,-0.0074715796,0,7.7057698,3.9262816e-05,0
0.5,0,26.734998,-0.0076505845,0,7.7149982,3.818693e-05,0
0.5,0,26.736874,-0.0077996954,0,7.7242267,3.7059888e-05,0
0.5,0,26.73853,-0.0079132118,0,7.7334552,3.587406e-05,0
0.5,0,26.739923,-0.0079948043,0,7.7426836,3.4624577e-05,0
0.5,0,26.74099,-0.0080555055,0,7.7519121,3.3310296e-05,0
0.5,0,26.741719,-0.0081120526,0,7.7611406,3.193411e-05,0
0.5,0,26.742117,-0.0081812039,0,7.770369,3.0502718e-05,0
0.5,0,26.742209,-0.0082729327,0,7.7795975,2.9025689e-05,0
0.5,0,26.742044,-0.0083862686,0,7.788826,2.7514116e-05,0
0.5,0,26.741692,-0.0085090533,0,7.7980544,2.5979124e-05,0
0.5,0,26.74123,-0.0086221484,0,7.8072829,2.443066e-05,0
0.5,0,26.740735,-0.008706619,0,7.8165114,2.2876955e-05,0
0.5,0,26.740271,-0.0087508677,0,7.8257398,2.1324827e-05,0
0.5,0,26.739885,-0.0087544482,0,7.8349683,1.9780647e-05,0
0.5,0,26.739608,-0.0087266684,0,7.8441968,1.8251497e-05,0
0.5,0,26.739448,-0.0086815501,0,7.8534252,1.6745893e-05,0
0.5,0,26.739398,-0.0086331422,0,7.8626537,1.5273535e-05,0
0.5,0,26.73943,-0.008591112,0,7.8718822,1.3843975e-05,0
0.5,0,26.739498,-0.0085586658,0,7.8811106,1.2465078e-05,0
0.5,0,26.739539,-0.0085358239,0,7.8903391,1.1142119e-05,0
0.5,0,26.739478,-0.0085243002,0,7.8995676,9.8776352e-06,0
0.5,0,26.739232,-0.0085309678,0,7.908796,8.6721869e-06,0
0.5,0,26.738711,-0.0085683864,0,7.9180245,7.525889e-06,0
0.5,0,26.737832,-0.0086517834,0,7.927253,6.4396857e-06,0
0.5,0,26.736518,-0.0087932131,0,7.9364814,5.4155412e-06,0
0.5,0,26.734705,-0.0089954715,0,7.9457099,4.4554068e-06,0
0.5,0,26.732349,-0.0092511654,0,7.9549384,3.559437e-06,0
0.5,0,26.72943,-0.0095463493,0,7.9641668,2.7241686e-06,0
0.5,0,26.725961,-0.0098591991,0,7.9733953,1.9417444e-06,0
0.5,0,26.72198,-0.010152181,0,7.9826238,1.201269e-06,0
0.5,0,26.717583,-0.010361147,0,7.9918522,4.9203957e-07,0
0.5,0,26.526173,-0.010092483,0,10.345111,3.5568295e-07,0
0.5,0,26.529682,-0.0099790135,0,10.35434,7.1994293e-07,0
0.5,0,26.533343,-0.0098757896,0,10.363568,1.0621431e-06,0
0.5,0,26.536862,-0.0098101285,0,10.372797,1.37408e-06,0
0.5,0,26.540102,-0.0097845711,0,10.382025,1.6479172e-06,0
0.5,0,26.543011,-0.009794603,0,10.391254,1.8785846e-06,0
0.5,0,26.545591,-0.0098232496,0,10.400482,2.0647331e-06,0
0.5,0,26.547858,-0.0098462666,0,10.409711,2.2080367e-06,0
0.5,0,26.549812,-0.0098405278,0,10.418939,2.3131776e-06,0
0.5,0,26.551426,-0.0097887219,0,10.428167,2.3878505e-06,0
0.5,0,26.552687,-0.0096795596,0,10.437396,2.4418661e-06,0
0.5,0,26.553613,-0.0095080012,0,10.446624,2.4857562e-06,0
0.5,0,26.554245,-0.0092766692,0,10.455853,2.5294242e-06,0
0.5,0,26.554627,-0.0089963376,0,10.465081,2.5811842e-06,0
0.5,0,26.554801,-0.0086847045,0,10.47431,2.6473497e-06,0
0.5,0,26.554814,-0.0083626388,0,10.483538,2.7322398e-06,0
0.5,0,26.554716,-0.0080486317,0,10.492767,2.8382809e-06,0
0.5,0,26.554536,-0.0077546909,0,10.501995,2.966075e-06,0
0.5,0,26.55427,-0.0074859715,0,10.511224,3.1146647e-06,0
0.5,0,26.553878,-0.0072428891,0,10.520452,3.2822095e-06,0
0.5,0,26.553296,-0.0070226493,0,10.529681,3.4669317e-06,0
0.5,0,26.552462,-0.0068193846,0,10.538909,3.6679286e-06,0
0.5,0,26.551341,-0.0066248177,0,10.548138,3.8855749e-06,0
0.5,0,26.549952,-0.0064308459,0,10.557366,4.1215139e-06,0
0.5,0,26.548369,-0.0062327055,0,10.566594,4.378335e-06,0
0.5,0,26.54672,-0.0060304155,0,10.575823,4.6589936e-06,0
0.5,0,26.545172,-0.0058283642,0,10.585051,4.9660292e-06,0
0.5,0,26.543924,-0.005634674,0,10.59428,5.3006498e-06,0
0.5,0,26.543199,-0.0054600476,0,10.603508,5.6617779e-06,0
0.5,0,26.543248,-0.0053143357,0,10.612737,6.0453515e-06,0
0.5,0,26.544257,-0.0052037831,0,10.621965,6.44419e-06,0
0.5,0,26.54622,-0.0051292523,0,10.631194,6.8483724e-06,0
0.5,0,26.54908,-0.0050651796,0,10.640422,7.2454106e-06,0
0.5,0,26.553976,-0.0050201511,0,10.649651,7.6205478e-06,0
0.5,0,26.561276,-0.0050172649,0,10.658879,7.9583997e-06,0
0.5,0,26.570251,-0.005046224,0,10.668108,8.2448004e-06,0
0.5,0,26.580858,-0.0051040637,0,10.677336,8.4676777e-06,0
0.5,0,26.592856,-0.0051853395,0,10.686565,8.6179884e-06,0
0.5,0,26.605871,-0.005286609,0,10.695793,8.6910373e-06,0
0.5,0,26.619463,-0.005407044,0,10.705021,8.6872827e-06,0
0.5,0,26.633142,-0.0055453655,0,10.71425,8.6121935e-06,0
0.5,0,26.646398,-0.0056989788,0,10.723478,8.4754007e-06,0
0.5,0,26.658758,-0.0058630491,0,10.732707,8.2895879e-06,0
0.5,0,26.669827,-0.0060301759,0,10.741935,8.0694241e-06,0
0.5,0,26.679342,-0.0061912341,0,10.751164,7.8305552e-06,0
0.5,0,26.687196,-0.0063362162,0,10.760392,7.588518e-06,0
0.5,0,26.69343,-0.0064545822,0,10.769621,7.3577505e-06,0
0.5,0,26.698209,-0.0065356739,0,10.778849,7.150921e-06,0
0.5,0,26.701779,-0.0065703914,0,10.788078,6.9785128e-06,0
0.5,0,26.704426,-0.0065536225,0,10.797306,6.8486473e-06,0
0.5,0,26.70642,-0.0064860528,0,10.806535,6.7671371e-06,0
0.5,0,26.707979,-0.0063741263,0,10.815763,6.737655e-06,0
0.5,0,26.709246,-0.0062277003,0,10.824992,6.7619313e-06,0
0.5,0,26.710283,-0.0060579013,0,10.83422,6.8399989e-06,0
0.5,0,26.711084,-0.0058769694,0,10.843448,6.9704618e-06,0
0.5,0,26.711593,-0.0056979428,0,10.852677,7.150615e-06,0
0.5,0,26.711726,-0.0055328019,0,10.861905,7.3763708e-06,0
0.5,0,26.711388,-0.0053909046,0,10.871134,7.6421204e-06,0
0.5,0,26.710487,-0.005279128,0,10.880362,7.9406099e-06,0
0.5,0,26.708945,-0.0052023708,0,10.889591,8.2628243e-06,0
0.5,0,26.706718,-0.0051627108,0,10.898819,8.5979894e-06,0
0.5,0,26.70381,-0.0051577207,0,10.908048,8.9338916e-06,0
0.5,0,26.700287,-0.0051798879,0,10.917276,9.2576079e-06,0
0.5,0,26.696246,-0.0052188963,0,10.926505,9.5565274e-06,0
0.5,0,26.691799,-0.0052660991,0,10.935733,9.819406e-06,0
0.5,0,26.687033,-0.0053174136,0,10.944962,1.0037135e-05,0
0.5,0,26.681997,-0.0053724329,0,10.95419,1.0203057e-05,0
0.5,0,26.676713,-0.0054317904,0,10.963419,1.0313026e-05,0
0.5,0,26.671196,-0.0054956323,0,10.972647,1.0365489e-05,0
0.5,0,26.665487,-0.0055643205,0,10.981875,1.036147e-05,0
0.5,0,26.659665,-0.0056395193,0,10.991104,1.0304241e-05,0
0.5,0,26.653843,-0.0057232056,0,11.000332,1.0198724e-05,0
0.5,0,26.648151,-0.0058153201,0,11.009561,1.0050886e-05,0
0.5,0,26.642711,-0.0059124928,0,11.018789,9.8673048e-06,0
0.5,0,26.637613,-0.0060089062,0,11.028018,9.6547912e-06,0
0.5,0,26.632916,-0.006098165,0,11.037246,9.4199676e-06,0
0.5,0,26.628649,-0.0061745244,0,11.046475,9.1689002e-06,0
0.5,0,26.624805,-0.0062334407,0,11.055703,8.906917e-06,0
0.5,0,26.621346,-0.0062720556,0,11.064932,8.6385389e-06,0
0.5,0,26.618229,-0.0062901179,0,11.07416,8.3674136e-06,0
0.5,0,26.615423,-0.0062912752,0,11.083389,8.0963438e-06,0
0.5,0,26.612915,-0.0062830821,0,11.092617,7.8275146e-06,0
0.5,0,26.610695,-0.0062750362,0,11.101846,7.562783e-06,0
0.5,0,26.608759,-0.006276296,0,11.111074,7.3038864e-06,0
0.5,0,26.607099,-0.0062941245,0,11.120302,7.0526003e-06,0
0.5,0,26.605714,-0.0063328978,0,11.129531,6.8108214e-06,0
0.5,0,26.6046,-0.0063940116,0,11.138759,6.5804974e-06,0
0.5,0,26.603756,-0.006476443,0,11.147988,6.363418e-06,0
0.5,0,26.603179,-0.0065769221,0,11.157216,6.1609053e-06,0
0.5,0,26.602868,-0.0066899092,0,11.166445,5.9735006e-06,0
0.5,0,26.602818,-0.0068083067,0,11.175673,5.8008763e-06,0
0.5,0,26.603023,-0.0069250799,0,11.184902,5.6421027e-06,0
0.5,0,26.603479,-0.0070351221,0,11.19413,5.4960118e-06,0
0.5,0,26.604161,-0.0071371512,0,11.203359,5.3613016e-06,0
0.5,0,26.605072,-0.0072332215,0,11.212587,5.2363536e-06,0
0.5,0,26.606162,-0.0073259988,0,11.221816,5.1191083e-06,0
0.5,0,26.607424,-0.0074177935,0,11.231044,5.0076371e-06,0
0.5,0,26.608866,-0.0075126895,0,11.240273,4.9003688e-06,0
0.5,0,26.610436,-0.007620015,0,11.249501,4.7955669e-06,0
0.5,0,26.61215,-0.0077509138,0,11.258729,4.6915557e-06,0
0.5,0,26.614004,-0.0079124174,0,11.267958,4.5871666e-06,0
0.5,0,26.616003,-0.0081075668,0,11.277186,4.4818199e-06,0
0.5,0,26.618166,-0.0083373254,0,11.286415,4.3756997e-06,0
0.5,0,26.620495,-0.0086007387,0,11.295643,4.2696318e-06,0
0.5,0,26.622986,-0.0088929284,0,11.304872,4.1644839e-06,0
0.5,0,26.625622,-0.0092034633,0,11.3141,4.0609376e-06,0
0.5,0,26.628369,-0.0095171985,0,11.323329,3.9600425e-06,0
0.5,0,26.631178,-0.0098176288,0,11.332557,3.8637562e-06,0
0.5,0,26.633999,-0.010090362,0,11.341786,3.7747761e-06,0
0.5,0,26.636788,-0.010324763,0,11.351014,3.6959757e-06,0
0.5,0,26.639503,-0.010514296,0,11.360243,3.630024e-06,0
0.5,0,26.642091,-0.010656542,0,11.369471,3.5792124e-06,0
0.5,0,26.644524,-0.010753459,0,11.3787,3.5451984e-06,0
0.5,0,26.646817,-0.010811204,0,11.387928,3.5286452e-06,0
0.5,0,26.648994,-0.010838989,0,11.397156,3.5289352e-06,0
0.5,0,26.651064,-0.010847602,0,11.406385,3.5440188e-06,0
0.5,0,26.653031,-0.010847987,0,11.415613,3.5703364e-06,0
0.5,0,26.654905,-0.01085027,0,11.424842,3.6028821e-06,0
0.5,0,26.656696,-0.01086332,0,11.43407,3.6356003e-06,0
0.5,0,26.658406,-0.010894348,0,11.443299,3.6620245e-06,0
0.5,0,26.660025,-0.010948642,0,11.452527,3.6758568e-06,0
0.5,0,26.661527,-0.011030219,0,11.461756,3.671347e-06,0
0.5,0,26.662857,-0.011143014,0,11.470984,3.6435999e-06,0
0.5,0,26.663929,-0.011290949,0,11.480213,3.5889151e-06,0
0.5,0,26.664618,-0.011476998,0,11.489441,3.5050914e-06,0
0.5,0,26.664766,-0.011702663,0,11.49867,3.3915385e-06,0
0.5,0,26.664182,-0.011967611,0,11.507898,3.2491379e-06,0
0.5,0,26.662651,-0.012269233,0,11.517127,3.0799928e-06,0
0.5,0,26.659943,-0.012602664,0,11.526355,2.8872383e-06,0
0.5,0,26.655834,-0.012960453,0,11.535583,2.6749801e-06,0
0.5,0,26.650124,-0.013329287,0,11.544812,2.4483384e-06,0
0.5,0,26.642661,-0.013687906,0,11.55404,2.2134914e-06,0
0.5,0,26.633375,-0.014013089,0,11.563269,1.9778052e-06,0
0.5,0,26.622293,-0.014288481,0,11.572497,1.7496992e-06,0
0.5,0,26.609551,-0.014511457,0,11.581726,1.5373497e-06,0
0.5,0,26.59539,-0.014698305,0,11.590954,1.3466237e-06,0
0.5,0,26.580149,-0.014879294,0,11.600183,1.1794211e-06,0
0.5,0,26.564245,-0.015083281,0,11.609411,1.0332914e-06,0
0.5,0,26.548138,-0.015323804,0,11.61864,9.0282785e-07,0
0.5,0,26.532286,-0.015595337,0,11.627868,7.8218931e-07,0
0.5,0,26.517102,-0.015881966,0,11.637097,6.6718389e-07,0
0.5,0,26.502911,-0.016175072,0,11.646325,5.5535783e-07,0
0.5,0,26.489928,-0.016484939,0,11.655554,4.4389063e-07,0
0.5,0,26.478247,-0.016823229,0,11.664782,3.279725e-07,0
0.5,0,26.467845,-0.017171542,0,11.67401,2.0318855e-07,0
0.5,0,26.458609,-0.017469203,0,11.683239,7.0158176e-08,0
0.5,0,32.047478,-0.047481574,0,18.623046,1.3585206e-07,0
0.5,0,32.17373,-0.048665,0,18.632274,1.3139849e-06,0
0.5,0,32.284059,-0.046668539,0,18.641503,3.0539692e-06,0
0.5,0,32.364211,-0.042409606,0,18.650731,5.4396499e-06,0
0.5,0,32.398882,-0.036139488,0,18.65996,8.4315552e-06,0
0.5,0,32.386564,-0.028786353,0,18.669188,1.1772137e-05,0
0.5,0,32.345365,-0.021834389,0,18.678417,1.5184225e-05,0
0.5,0,32.300978,-0.016369396,0,18.687645,1.8513708e-05,0
0.5,0,32.278116,-0.012951099,0,18.696874,2.1638374e-05,0
0.5,0,32.294009,-0.011467615,0,18.706102,2.4431862e-05,0
0.5,0,32.354055,-0.011322739,0,18.715331,2.6796756e-05,0
0.5,0,32.450752,-0.01206473,0,18.724559,2.8769066e-05,0
0.5,0,32.563369,-0.01335487,0,18.733788,3.0599908e-05,0
0.5,0,32.656784,-0.014186646,0,18.743016,3.2659672e-05,0
0.5,0,32.688215,-0.01338716,0,18.752245,3.5286379e-05,0
0.5,0,32.620479,-0.01062745,0,18.761473,3.863354e-05,0
0.5,0,32.434025,-0.0070477609,0,18.770701,4.2615547e-05,0
0.5,0,32.13359,-0.0040836842,0,18.77993,4.686947e-05,0
0.5,0,31.751986,-0.0015237371,0,18.789158,5.0724619e-05,0
0.5,0,31.344707,0.0004187997,0,18.798387,5.364871e-05,0
0.5,0,30.97066,8.4796109e-05,0,18.807615,5.5666568e-05,0
0.5,0,30.675247,-0.0026502011,0,18.816844,5.7117406e-05,0
0.5,0,30.479944,-0.0060300967,0,18.826072,5.8298574e-05,0
0.5,0,30.380544,-0.0086240632,0,18.835301,5.9371659e-05,0
0.5,0,30.355812,-0.010060305,0,18.844529,6.0369369e-05,0
0.5,0,30.376777,-0.010586472,0,18.853758,6.1221752e-05,0
0.5,0,30.415779,-0.010688108,0,18.862986,6.1835211e-05,0
0.5,0,30.452419,-0.010718925,0,18.872215,6.2170761e-05,0
0.5,0,30.475829,-0.010838917,0,18.881443,6.2240521e-05,0
0.5,0,30.484857,-0.011192454,0,18.890672,6.2086411e-05,0
0.5,0,30.484868,-0.011778667,0,18.8999,6.1780564e-05,0
0.5,0,30.48292,-0.012457397,0,18.909128,6.1419526e-05,0
0.5,0,30.48401,-0.013101206,0,18.918357,6.1091278e-05,0
0.5,0,30.48943,-0.013497373,0,18.927585,6.0831576e-05,0
0.5,0,30.497577,-0.013435276,0,18.936814,6.0623529e-05,0
0.5,0,30.505722,-0.012905096,0,18.946042,6.0438991e-05,0
0.5,0,30.511387,-0.012064356,0,18.955271,6.0263835e-05,0
0.5,0,30.51315,-0.011085641,0,18.964499,6.0085552e-05,0
0.5,0,30.511134,-0.010098954,0,18.973728,5.9883433e-05,0
0.5,0,30.506556,-0.009188936,0,18.982956,5.9648018e-05,0
0.5,0,30.500952,-0.0083712705,0,18.992185,5.9417733e-05,0
0.5,0,30.49551,-0.0076782266,0,19.001413,5.9272315e-05,0
0.5,0,30.491468,-0.0071933169,0,19.010642,5.9248029e-05,0
0.5,0,30.492993,-0.0068225566,0,19.01987,5.9300801e-05,0
0.5,0,30.506941,-0.0063731955,0,19.029099,5.9365895e-05,0
0.5,0,30.538697,-0.0060181653,0,19.038327,5.9392599e-05,0
0.5,0,30.589285,-0.0059814205,0,19.047555,5.9340614e-05,0
0.5,0,30.654037,-0.0061268037,0,19.056784,5.9202633e-05,0
0.5,0,30.721986,-0.0063778248,0,19.066012,5.903718e-05,0
0.5,0,30.776289,-0.0067016472,0,19.075241,5.8946214e-05,0
0.5,0,30.796637,-0.0068049399,0,19.084469,5.8995959e-05,0
0.5,0,30.765284,-0.0064444607,0,19.093698,5.9169706e-05,0
0.5,0,30.674802,-0.0056765794,0,19.102926,5.9394806e-05,0
0.5,0,30.532751,-0.0047782561,0,19.112155,5.9580104e-05,0
0.5,0,30.360542,-0.0040250656,0,19.121383,5.9633924e-05,0
0.5,0,30.185887,-0.0035650623,0,19.130612,5.948794e-05,0
0.5,0,30.033316,-0.003469441,0,19.13984,5.9123675e-05,0
0.5,0,29.916759,-0.0037074721,0,19.149069,5.8575438e-05,0
0.5,0,29.837896,-0.0041704074,0,19.158297,5.7904906e-05,0
0.5,0,29.789834,-0.0047552633,0,19.167526,5.7179729e-05,0
0.5,0,29.762058,-0.0053802362,0,19.176754,5.6464007e-05,0
0.5,0,29.744675,-0.0059556624,0,19.185982,5.5807557e-05,0
0.5,0,29.730748,-0.0063841372,0,19.195211,5.5234438e-05,0
0.5,0,29.716748,-0.006593385,0,19.204439,5.473453e-05,0
0.5,0,29.701771,-0.0065635962,0,19.213668,5.4264888e-05,0
0.5,0,29.686322,-0.0063255922,0,19.222896,5.3768625e-05,0
0.5,0,29.671195,-0.0059545159,0,19.232125,5.3204339e-05,0
0.5,0,29.656982,-0.0056005676,0,19.241353,5.2566154e-05,0
0.5,0,29.644119,-0.00538998,0,19.250582,5.1875753e-05,0
0.5,0,29.633178,-0.0053084274,0,19.25981,5.1159017e-05,0
0.5,0,29.625444,-0.0053208412,0,19.269039,5.0436772e-05,0
0.5,0,29.62295,-0.0054478657,0,19.278267,4.9720271e-05,0
0.5,0,29.627877,-0.0057228609,0,19.287496,4.9004678e-05,0
0.5,0,29.642081,-0.0060882756,0,19.296724,4.8272999e-05,0
0.5,0,29.666602,-0.0064336795,0,19.305953,4.7502839e-05,0
0.5,0,29.701421,-0.0067203722,0,19.315181,4.6669488e-05,0
0.5,0,29.745174,-0.0069270998,0,19.324409,4.575377e-05,0
0.5,0,29.794822,-0.0070413528,0,19.333638,4.4753515e-05,0
0.5,0,29.845994,-0.0071154349,0,19.342866,4.3691567e-05,0
0.5,0,29.893466,-0.007222818,0,19.352095,4.2618948e-05,0
0.5,0,29.931843,-0.0073190145,0,19.361323,4.160083e-05,0
0.5,0,29.95675,-0.0072502184,0,19.370552,4.0687811e-05,0
0.5,0,29.96652,-0.0069471365,0,19.37978,3.9898418e-05,0
0.5,0,29.963115,-0.0065236926,0,19.389009,3.9223822e-05,0
0.5,0,29.951101,-0.0061587966,0,19.398237,3.8645698e-05,0
0.5,0,29.9359,-0.0059240788,0,19.407466,3.8148732e-05,0
0.5,0,29.92216,-0.0057848631,0,19.416694,3.7718039e-05,0
0.5,0,29.912669,-0.0056819503,0,19.425923,3.7330189e-05,0
0.5,0,29.908263,-0.0055568427,0,19.435151,3.694884e-05,0
0.5,0,29.908543,-0.0053698304,0,19.44438,3.6528151e-05,0
0.5,0,29.912636,-0.0051806051,0,19.453608,3.6025309e-05,0
0.5,0,29.919731,-0.0052047658,0,19.462836,3.541827e-05,0
0.5,0,29.929369,-0.0056480245,0,19.472065,3.4713611e-05,0
0.5,0,29.941394,-0.0065135766,0,19.481293,3.3937164e-05,0
0.5,0,29.955861,-0.0075936721,0,19.490522,3.3119176e-05,0
0.5,0,29.972994,-0.0085779021,0,19.49975,3.2284296e-05,0
0.5,0,29.993142,-0.0091918779,0,19.508979,3.1449293e-05,0
0.5,0,30.01651,-0.0092956224,0,19.518207,3.0617445e-05,0
0.5,0,30.043187,-0.0089440285,0,19.527436,2.9773688e-05,0
0.5,0,30.073202,-0.008340034,0,19.536664,2.890324e-05,0
0.5,0,30.106227,-0.0076828556,0,19.545893,2.8016751e-05,0
0.5,0,30.141446,-0.0071083577,0,19.555121,2.7157182e-05,0
0.5,0,30.177435,-0.0067435197,0,19.56435,2.6383678e-05,0
0.5,0,30.212339,-0.0066992079,0,19.573578,2.5741048e-05,0
0.5,0,30.243957,-0.0069387917,0,19.582807,2.5239787e-05,0
0.5,0,30.27008,-0.0071927715,0,19.592035,2.486132e-05,0
0.5,0,30.288874,-0.0072034716,0,19.601263,2.4574365e-05,0
0.5,0,30.299536,-0.007006308,0,19.610492,2.4335759e-05,0
0.5,0,30.303263,-0.0068240068,0,19.61972,2.4111403e-05,0
0.5,0,30.302241,-0.0068162534,0,19.628949,2.3901143e-05,0
0.5,0,30.298399,-0.0069493668,0,19.638177,2.3706996e-05,0
0.5,0,30.2933,-0.0070830306,0,19.647406,2.3510887e-05,0
0.5,0,30.287857,-0.007109902,0,19.656634,2.3284848e-05,0
0.5,0,30.282586,-0.0070061296,0,19.665863,2.2996444e-05,0
0.5,0,30.277725,-0.0068456565,0,19.675091,2.2617388e-05,0
0.5,0,30.273102,-0.0067083711,0,19.68432,2.2131372e-05,0
0.5,0,30.268082,-0.0065707097,0,19.693548,2.1530752e-05,0
0.5,0,30.261141,-0.0063595672,0,19.702777,2.0813366e-05,0
0.5,0,30.250063,-0.0061578763,0,19.712005,2.0000271e-05,0
0.5,0,30.232574,-0.0061994312,0,19.721234,1.915555e-05,0
0.5,0,30.20674,-0.0065339642,0,19.730462,1.8363158e-05,0
0.5,0,30.171892,-0.0069002118,0,19.73969,1.7672799e-05,0
0.5,0,30.129175,-0.0069701384,0,19.748919,1.707418e-05,0
0.5,0,30.081131,-0.0065903319,0,19.758147,1.6517958e-05,0
0.5,0,30.031142,-0.0058357975,0,19.767376,1.5954695e-05,0
0.5,0,29.982688,-0.0049750616,0,19.776604,1.5367179e-05,0
0.5,0,29.938678,-0.0043982126,0,19.785833,1.4785948e-05,0
0.5,0,29.901176,-0.0044418951,0,19.795061,1.4281019e-05,0
0.5,0,29.871332,-0.0052096672,0,19.80429,1.3931614e-05,0
0.5,0,29.849512,-0.0064914059,0,19.813518,1.379145e-05,0
0.5,0,29.835639,-0.0078762698,0,19.822747,1.3863723e-05,0
0.5,0,29.829681,-0.0090332259,0,19.831975,1.409696e-05,0
0.5,0,29.83204,-0.0098031873,0,19.841204,1.4410536e-05,0
0.5,0,29.843073,-0.010139516,0,19.850432,1.4728028e-05,0
0.5,0,29.862749,-0.010083646,0,19.859661,1.4989511e-05,0
0.5,0,29.890844,-0.0097398351,0,19.868889,1.5151664e-05,0
0.5,0,29.926872,-0.0092638245,0,19.878117,1.5189658e-05,0
0.5,0,29.970094,-0.0087836861,0,19.887346,1.5094161e-05,0
0.5,0,30.0196,-0.0083223078,0,19.896574,1.4865154e-05,0
0.5,0,30.074304,-0.0078124919,0,19.905803,1.4505387e-05,0
0.5,0,30.132845,-0.0071764509,0,19.915031,1.4016372e-05,0
0.5,0,30.193465,-0.0064063539,0,19.92426,1.3403042e-05,0
0.5,0,30.253955,-0.0055725606,0,19.933488,1.2681401e-05,0
0.5,0,30.311879,-0.0047762055,0,19.942717,1.1880208e-05,0
0.5,0,30.364761,-0.0040943675,0,19.951945,1.1035675e-05,0
0.5,0,30.410463,-0.0036205516,0,19.961174,1.018759e-05,0
0.5,0,30.447642,-0.003475066,0,19.970402,9.3760191e-06,0
0.5,0,30.476017,-0.0036687171,0,19.979631,8.6253255e-06,0
0.5,0,30.496798,-0.0041759592,0,19.988859,7.9532533e-06,0
0.5,0,30.512161,-0.0049846383,0,19.998088,7.3965845e-06,0
0.5,0,30.52397,-0.0059808107,0,20.007316,6.9929767e-06,0
0.5,0,30.533704,-0.0070644916,0,20.016544,6.7616743e-06,0
0.5,0,30.542851,-0.0081890701,0,20.025773,6.7079897e-06,0
0.5,0,30.552925,-0.0092657441,0,20.035001,6.8275937e-06,0
0.5,0,30.56562,-0.010173104,0,20.04423,7.1073199e-06,0
0.5,0,30.582851,-0.010823595,0,20.053458,7.5173381e-06,0
0.5,0,30.606802,-0.011214279,0,20.062687,8.0027918e-06,0
0.5,0,30.63987,-0.011386869,0,20.071915,8.4883283e-06,0
0.5,0,30.683457,-0.011385133,0,20.081144,8.8949575e-06,0
0.5,0,30.739479,-0.011206036,0,20.090372,9.1569596e-06,0
0.5,0,30.80925,-0.010876088,0,20.099601,9.2302476e-06,0
0.5,0,30.891462,-0.010491923,0,20.108829,9.0968132e-06,0
0.5,0,30.983505,-0.010164501,0,20.118058,8.7639964e-06,0
0.5,0,31.081515,-0.010036326,0,20.127286,8.2593244e-06,0
0.5,0,31.180357,-0.010131836,0,20.136515,7.6403414e-06,0
0.5,0,31.272911,-0.010247223,0,20.145743,7.0068969e-06,0
0.5,0,31.350931,-0.010132697,0,20.154971,6.4896722e-06,0
0.5,0,31.407857,-0.0097852792,0,20.1642,6.214819e-06,0
0.5,0,31.440737,-0.0094315433,0,20.173428,6.2585435e-06,0
0.5,0,31.451052,-0.0090383783,0,20.182657,6.6406888e-06,0
0.5,0,31.445416,-0.008630007,0,20.191885,7.3774433e-06,0
0.5,0,31.431323,-0.0084707035,0,20.201114,8.417142e-06,0
0.5,0,31.420409,-0.0082230501,0,20.210342,9.5720298e-06,0
0.5,0,31.425501,-0.0078130359,0,20.219571,1.0735621e-05,0
0.5,0,31.450138,-0.0079213985,0,20.228799,1.1998134e-05,0
0.5,0,31.488586,-0.0086281724,0,20.238028,1.3480258e-05,0
0.5,0,31.527512,-0.0093884362,0,20.247256,1.5303432e-05,0
0.5,0,31.541566,-0.0094393847,0,20.256485,1.7617813e-05,0
0.5,0,31.492319,-0.0080793114,0,20.265713,2.0492936e-05,0
0.5,0,31.342915,-0.0058259162,0,20.274942,2.3913644e-05,0
0.5,0,31.068208,-0.0035306778,0,20.28417,2.7713726e-05,0
0.5,0,30.66948,-0.00081783481,0,20.293398,3.1470593e-05,0
0.5,0,30.184392,0.0022979859,0,20.302627,3.4665731e-05,0
0.5,0,29.679585,0.0047365443,0,20.311855,3.6909919e-05,0
0.5,0,29.228383,0.0059872517,0,20.321084,3.8067315e-05,0
0.5,0,28.881492,0.0059475451,0,20.330312,3.8270499e-05,0
0.5,0,28.654246,0.0044377133,0,20.339541,3.7857367e-05,0
0.5,0,28.531915,0.0018614181,0,20.348769,3.7237915e-05,0
0.5,0,28.484235,-0.001047824,0,20.357998,3.6728372e-05,0
0.5,0,28.479857,-0.0038084845,0,20.367226,3.6467123e-05,0
0.5,0,28.494764,-0.0061809506,0,20.376455,3.64647e-05,0
0.5,0,28.513384,-0.0080256592,0,20.385683,3.667369e-05,0
0.5,0,28.527938,-0.0091734514,0,20.394912,3.7014279e-05,0
0.5,0,28.53552,-0.009385505,0,20.40414,3.7372346e-05,0
0.5,0,28.535838,-0.0085166498,0,20.413369,3.7597957e-05,0
0.5,0,28.529673,-0.0067567435,0,20.422597,3.7551925e-05,0
0.5,0,28.518007,-0.004600994,0,20.431825,3.7154653e-05,0
0.5,0,28.502551,-0.0026192618,0,20.441054,3.6412244e-05,0
0.5,0,28.485459,-0.0012514386,0,20.450282,3.5419573e-05,0
0.5,0,28.469019,-0.00068393914,0,20.459511,3.4320858e-05,0
0.5,0,28.455122,-0.00086718891,0,20.468739,3.3251402e-05,0
0.5,0,28.444666,-0.0015721277,0,20.477968,3.229972e-05,0
0.5,0,28.437682,-0.0025440731,0,20.487196,3.1511542e-05,0
0.5,0,28.433439,-0.003633793,0,20.496425,3.0907363e-05,0
0.5,0,28.43083,-0.0047368571,0,20.505653,3.0483772e-05,0
0.5,0,28.428711,-0.0057220548,0,20.514882,3.0212688e-05,0
0.5,0,28.426093,-0.0064018181,0,20.52411,3.0042306e-05,0
0.5,0,28.422252,-0.0065709767,0,20.533339,2.9896035e-05,0
0.5,0,28.416789,-0.0061410223,0,20.542567,2.9680648e-05,0
0.5,0,28.409597,-0.0052420876,0,20.551796,2.9310077e-05,0
0.5,0,28.400833,-0.0041803302,0,20.561024,2.8732949e-05,0
0.5,0,28.390827,-0.0032885282,0,20.570252,2.7948981e-05,0
0.5,0,28.379978,-0.0027875393,0,20.579481,2.7009765e-05,0
0.5,0,28.36857,-0.0027644751,0,20.588709,2.6001197e-05,0
0.5,0,28.35675,-0.0031692681,0,20.597938,2.5012711e-05,0
0.5,0,28.3446,-0.0038174381,0,20.607166,2.4111725e-05,0
0.5,0,28.33247,-0.0044714241,0,20.616395,2.3337876e-05,0
0.5,0,28.321143,-0.0049967052,0,20.625623,2.2705168e-05,0
0.5,0,28.311737,-0.0054106648,0,20.634852,2.2220948e-05,0
0.5,0,28.305552,-0.0057554725,0,20.64408,2.1887561e-05,0
0.5,0,28.30337,-0.0060654441,0,20.653309,2.1690384e-05,0
0.5,0,28.305033,-0.0063376365,0,20.662537,2.1609228e-05,0
0.5,0,28.30901,-0.0065608632,0,20.671766,2.1631451e-05,0
0.5,0,28.311764,-0.0066846073,0,20.680994,2.1744776e-05,0
0.5,0,28.308282,-0.0065283954,0,20.690223,2.1907017e-05,0
0.5,0,28.293407,-0.0059819017,0,20.699451,2.2045853e-05,0
0.5,0,28.263351,-0.005123779,0,20.708679,2.2090877e-05,0
0.5,0,28.217115,-0.0041105962,0,20.717908,2.1994108e-05,0
0.5,0,28.157112,-0.0031375272,0,20.727136,2.1736233e-05,0
0.5,0,28.088647,-0.0024398333,0,20.736365,2.1334259e-05,0
0.5,0,28.01855,-0.0021981752,0,20.745593,2.0840377e-05,0
0.5,0,27.953428,-0.0024315174,0,20.754822,2.0324549e-05,0
0.5,0,27.898016,-0.0030004707,0,20.76405,1.9853453e-05,0
0.5,0,27.854438,-0.0036871052,0,20.773279,1.9473366e-05,0
0.5,0,27.822505,-0.0042875669,0,20.782507,1.9202999e-05,0
0.5,0,27.800424,-0.0046995149,0,20.791736,1.90415e-05,0
0.5,0,27.785651,-0.004936671,0,20.800964,1.8981764e-05,0
0.5,0,27.775601,-0.0050798943,0,20.810193,1.9018217e-05,0
0.5,0,27.768097,-0.0052324773,0,20.819421,1.9148766e-05,0
0.5,0,27.761599,-0.0054648805,0,20.82865,1.9371749e-05,0
0.5,0,27.755213,-0.0057622785,0,20.837878,1.9678276e-05,0
0.5,0,27.748571,-0.0060348245,0,20.847106,2.0045334e-05,0
0.5,0,27.741661,-0.0061829325,0,20.856335,2.0436633e-05,0
0.5,0,27.734672,-0.0061536925,0,20.865563,2.0811739e-05,0
0.5,0,27.727861,-0.0059479844,0,20.874792,2.1136964e-05,0
0.5,0,27.721449,-0.0055919263,0,20.88402,2.1391322e-05,0
0.5,0,27.715573,-0.0051099713,0,20.893249,2.1565837e-05,0
0.5,0,27.710272,-0.0045211945,0,20.902477,2.1658825e-05,0
0.5,0,27.705508,-0.0038548471,0,20.911706,2.1671186e-05,0
0.5,0,27.701213,-0.0031666619,0,20.920934,2.1604653e-05,0
0.5,0,27.697325,-0.0025452701,0,20.930163,2.1463632e-05,0
0.5,0,27.693822,-0.0021067689,0,20.939391,2.1259299e-05,0
0.5,0,27.690729,-0.0019690444,0,20.94862,2.1012706e-05,0
0.5,0,27.688113,-0.0022098122,0,20.957848,2.0753693e-05,0
0.5,0,27.686064,-0.002831837,0,20.967077,2.0515472e-05,0
0.5,0,27.684659,-0.003755843,0,20.976305,2.0327456e-05,0
0.5,0,27.68394,-0.004850664,0,20.985533,2.0209204e-05,0
0.5,0,27.683879,-0.0059716106,0,20.994762,2.0168012e-05,0
0.5,0,27.684351,-0.0069743231,0,21.00399,2.0199502e-05,0
0.5,0,27.685213,-0.007729933,0,21.013219,2.0290803e-05,0
0.5,0,27.686308,-0.0081569283,0,21.022447,2.0425117e-05,0
0.5,0,27.687464,-0.0082211374,0,21.031676,2.0582847e-05,0
0.5,0,27.688536,-0.0079184559,0,21.040904,2.0741611e-05,0
0.5,0,27.689401,-0.007273386,0,21.050133,2.0877441e-05,0
0.5,0,27.689993,-0.0063475232,0,21.059361,2.0968411e-05,0
0.5,0,27.6903,-0.0052655985,0,21.06859,2.1002792e-05,0
0.5,0,27.690387,-0.004201509,0,21.077818,2.0984978e-05,0
0.5,0,27.690405,-0.0033328095,0,21.087047,2.0936611e-05,0
0.5,0,27.690588,-0.0028077819,0,21.096275,2.0894679e-05,0
0.5,0,27.691219,-0.0027074089,0,21.105504,2.090498e-05,0
0.5,0,27.692597,-0.0030190461,0,21.114732,2.1011678e-05,0
0.5,0,27.694995,-0.003640728,0,21.12396,2.1246589e-05,0
0.5,0,27.698592,-0.0044122642,0,21.133189,2.1621979e-05,0
0.5,0,27.703449,-0.005159607,0,21.142417,2.2128798e-05,0
0.5,0,27.709492,-0.005737592,0,21.151646,2.2740051e-05,0
0.5,0,27.71651,-0.0060587204,0,21.160874,2.3417266e-05,0
0.5,0,27.724189,-0.0061014277,0,21.170103,2.4117865e-05,0
0.5,0,27.732151,-0.0059042429,0,21.179331,2.480235e-05,0
0.5,0,27.740009,-0.0055558174,0,21.18856,2.5440738e-05,0
0.5,0,27.747419,-0.0051802467,0,21.197788,2.6017624e-05,0
0.5,0,27.754131,-0.0049133674,0,21.207017,2.6535063e-05,0
0.5,0,27.760021,-0.004872497,0,21.216245,2.7012111e-05,0
0.5,0,27.76511,-0.005116957,0,21.225474,2.7479691e-05,0
0.5,0,27.76957,-0.0056174647,0,21.234702,2.7970866e-05,0
0.5,0,27.773679,-0.0062595458,0,21.243931,2.8508367e-05,0
0.5,0,27.777741,-0.0068636145,0,21.253159,2.9093948e-05,0
0.5,0,27.782048,-0.007230689,0,21.262387,2.9705147e-05,0
0.5,0,27.786861,-0.007228009,0,21.271616,3.0299868e-05,0
0.5,0,27.792197,-0.0068312977,0,21.280844,3.0827549e-05,0
0.5,0,27.798016,-0.0061295418,0,21.290073,3.1246208e-05,0
0.5,0,27.804329,-0.0053034331,0,21.299301,3.1537631e-05,0
0.5,0,27.811026,-0.0045531291,0,21.30853,3.1712206e-05,0
0.5,0,27.818012,-0.0040316634,0,21.317758,3.180258e-05,0
0.5,0,27.825215,-0.0038097813,0,21.326987,3.1852128e-05,0
0.5,0,27.83257,-0.0038721934,0,21.336215,3.1903483e-05,0
0.5,0,27.839999,-0.0041372197,0,21.345444,3.1988436e-05,0
0.5,0,27.847373,-0.0044918737,0,21.354672,3.212178e-05,0
0.5,0,27.854486,-0.0048243363,0,21.363901,3.230017e-05,0
0.5,0,27.861061,-0.0050507352,0,21.373129,3.250579e-05,0
0.5,0,27.866774,-0.005124417,0,21.382358,3.2712876e-05,0
0.5,0,27.871326,-0.0050256903,0,21.391586,3.2893646e-05,0
0.5,0,27.8745,-0.0047572788,0,21.400815,3.3022388e-05,0
0.5,0,27.876191,-0.0043497648,0,21.410043,3.3078593e-05,0
0.5,0,27.876465,-0.0038593254,0,21.419271,3.3050199e-05,0
0.5,0,27.87577,-0.0033552129,0,21.4285,3.293491e-05,0
0.5,0,27.874565,-0.0028888805,0,21.437728,3.2737792e-05,0
0.5,0,27.873221,-0.0024759682,0,21.446957,3.2468006e-05,0
0.5,0,27.872208,-0.0021094628,0,21.456185,3.2136897e-05,0
0.5,0,27.871913,-0.0017773859,0,21.465414,3.1756587e-05,0
0.5,0,27.872587,-0.0014814575,0,21.474642,3.1338344e-05,0
0.5,0,27.874333,-0.0012446785,0,21.483871,3.0891865e-05,0
0.5,0,27.877052,-0.0011024687,0,21.493099,3.042522e-05,0
0.5,0,27.880445,-0.0010829262,0,21.502328,2.9944316e-05,0
0.5,0,27.884099,-0.0011881237,0,21.511556,2.9452259e-05,0
0.5,0,27.887591,-0.0013847571,0,21.520785,2.8948102e-05,0
0.5,0,27.890647,-0.0016128437,0,21.530013,2.8426455e-05,0
0.5,0,27.893254,-0.0018138384,0,21.539242,2.7879237e-05,0
0.5,0,27.895697,-0.0019551235,0,21.54847,2.7297647e-05,0
0.5,0,27.898474,-0.0020321473,0,21.557698,2.6674072e-05,0
0.5,0,27.90215,-0.0020558843,0,21.566927,2.6004491e-05,0
0.5,0,27.907174,-0.002037362,0,21.576155,2.5290133e-05,0
0.5,0,27.913776,-0.0019786944,0,21.585384,2.4537657e-05,0
0.5,0,27.921925,-0.0018772348,0,21.594612,2.3757853e-05,0
0.5,0,27.931376,-0.0017377186,0,21.603841,2.2963537e-05,0
0.5,0,27.941789,-0.0015815857,0,21.613069,2.216877e-05,0
0.5,0,27.952835,-0.0014466759,0,21.622298,2.1389681e-05,0
0.5,0,27.964251,-0.0013808101,0,21.631526,2.0644642e-05,0
0.5,0,27.975829,-0.0014343945,0,21.640755,1.9952509e-05,0
0.5,0,27.987298,-0.0016422956,0,21.649983,1.9329337e-05,0
0.5,0,27.998193,-0.0019984946,0,21.659212,1.8785637e-05,0
0.5,0,28.007664,-0.002441114,0,21.66844,1.8326576e-05,0
0.5,0,28.014362,-0.0028885697,0,21.677669,1.7954351e-05,0
0.5,0,28.016506,-0.0032602387,0,21.686897,1.766465e-05,0
0.5,0,28.012337,-0.0034657905,0,21.696125,1.7439837e-05,0
0.5,0,28.000879,-0.0034433637,0,21.705354,1.7250967e-05,0
0.5,0,27.982245,-0.0031643037,0,21.714582,1.7063504e-05,0
0.5,0,27.957469,-0.0026313948,0,21.723811,1.6841384e-05,0
0.5,0,27.928364,-0.0019131238,0,21.733039,1.6554104e-05,0
0.5,0,27.897228,-0.0011464005,0,21.742268,1.6185548e-05,0
0.5,0,27.866491,-0.00051096066,0,21.751496,1.573932e-05,0
0.5,0,27.838291,-0.00017915485,0,21.760725,1.5240095e-05,0
0.5,0,27.814142,-0.00024824392,0,21.769953,1.4733414e-05,0
0.5,0,27.794531,-0.00070895957,0,21.779182,1.4274709e-05,0
0.5,0,27.779155,-0.001448372,0,21.78841,1.3908351e-05,0
0.5,0,27.767283,-0.0022678133,0,21.797639,1.3657752e-05,0
0.5,0,27.757859,-0.0029411784,0,21.806867,1.352417e-05,0
0.5,0,27.749953,-0.0032920251,0,21.816096,1.3487672e-05,0
0.5,0,27.74297,-0.0032531407,0,21.825324,1.3514494e-05,0
0.5,0,27.736787,-0.0028788066,0,21.834552,1.3568304e-05,0
0.5,0,27.73171,-0.0023038021,0,21.843781,1.3620308e-05,0
0.5,0,27.728262,-0.0016928738,0,21.853009,1.3653886e-05,0
0.5,0,27.726909,-0.0012009341,0,21.862238,1.3665031e-05,0
0.5,0,27.727775,-0.00093293145,0,21.871466,1.3659549e-05,0
0.5,0,27.730448,-0.00091792422,0,21.880695,1.3646986e-05,0
0.5,0,27.73401,-0.0011064945,0,21.889923,1.3633745e-05,0
0.5,0,27.737219,-0.0013891815,0,21.899152,1.3617656e-05,0
0.5,0,27.738863,-0.0016335726,0,21.90838,1.3585124e-05,0
0.5,0,27.738156,-0.0017281811,0,21.917609,1.3512049e-05,0
0.5,0,27.735008,-0.0016177748,0,21.926837,1.3368439e-05,0
0.5,0,27.730021,-0.0013125913,0,21.936066,1.3125767e-05,0
0.5,0,27.72416,-0.00087905103,0,21.945294,1.276476e-05,0
0.5,0,27.718314,-0.00042094171,0,21.954523,1.2281161e-05,0
0.5,0,27.712978,-4.718058e-05,0,21.963751,1.168758e-05,0
0.5,0,27.708202,0.00015620635,0,21.972979,1.1010973e-05,0
0.5,0,27.703804,0.00013774674,0,21.982208,1.0288017e-05,0
0.5,0,27.69968,-0.00011653086,0,21.991436,9.5606072e-06,0
0.5,0,27.695973,-0.00058930732,0,22.000665,8.870976e-06,0
0.5,0,27.693035,-0.0012402724,0,22.009893,8.2561606e-06,0
0.5,0,27.691265,-0.0020026349,0,22.019122,7.7440376e-06,0
0.5,0,27.690917,-0.0027819318,0,22.02835,7.3507835e-06,0
0.5,0,27.692088,-0.0034653788,0,22.037579,7.0789241e-06,0
0.5,0,27.69482,-0.0039426491,0,22.046807,6.9170159e-06,0
0.5,0,27.699221,-0.0041378824,0,22.056036,6.8415248e-06,0
0.5,0,27.705504,-0.0040354011,0,22.065264,6.8210914e-06,0
0.5,0,27.713852,-0.0036852095,0,22.074493,6.8228601e-06,0
0.5,0,27.724214,-0.003185825,0,22.083721,6.819588e-06,0
0.5,0,27.73612,-0.0026552584,0,22.09295,6.7951887e-06,0
0.5,0,27.748686,-0.0022046701,0,22.102178,6.747078e-06,0
0.5,0,27.760776,-0.0019182364,0,22.111406,6.685306e-06,0
0.5,0,27.771231,-0.0018352005,0,22.120635,6.6289121e-06,0
0.5,0,27.779073,-0.0019407508,0,22.129863,6.6003446e-06,0
0.5,0,27.783633,-0.0021852519,0,22.139092,6.6194167e-06,0
0.5,0,27.784702,-0.0025111224,0,22.14832,6.699324e-06,0
0.5,0,27.782567,-0.0028611401,0,22.157549,6.8457773e-06,0
0.5,0,27.777894,-0.0031919681,0,22.166777,7.0575715e-06,0
0.5,0,27.77157,-0.0034858874,0,22.176006,7.3281071e-06,0
0.5,0,27.764475,-0.0037373294,0,22.185234,7.6478796e-06,0
0.5,0,27.757296,-0.0039373283,0,22.194463,8.0066446e-06,0
0.5,0,27.750484,-0.0040788814,0,22.203691,8.3944904e-06,0
0.5,0,27.744337,-0.0041665282,0,22.21292,8.8012462e-06,0
0.5,0,27.739142,-0.0042069024,0,22.222148,9.2157224e-06,0
0.5,0,27.735096,-0.0042075381,0,22.231377,9.6269081e-06,0
0.5,0,27.732622,-0.0041998463,0,22.240605,1.0024361e-05,0
0.5,0,27.73216,-0.004221914,0,22.249833,1.0399925e-05,0
0.5,0,27.733933,-0.0042913634,0,22.259062,1.0750448e-05,0
0.5,0,27.738247,-0.0044106706,0,22.26829,1.1077103e-05,0
0.5,0,27.745316,-0.0045698594,0,22.277519,1.1382748e-05,0
0.5,0,27.75531,-0.004745499,0,22.286747,1.1668979e-05,0
0.5,0,27.768333,-0.0049010038,0,22.295976,1.1934121e-05,0
0.5,0,27.78431,-0.0049962301,0,22.305204,1.2172677e-05,0
0.5,0,27.802863,-0.0049961805,0,22.314433,1.2377241e-05,0
0.5,0,27.823182,-0.0048796109,0,22.323661,1.2542841e-05,0
0.5,0,27.843955,-0.0046584666,0,22.33289,1.2671058e-05,0
0.5,0,27.863299,-0.0043861359,0,22.342118,1.2771377e-05,0
0.5,0,27.878834,-0.0041454656,0,22.351347,1.2864043e-05,0
0.5,0,27.887927,-0.0039986775,0,22.360575,1.2979975e-05,0
0.5,0,27.888186,-0.0039859986,0,22.369804,1.3152774e-05,0
0.5,0,27.878452,-0.0041710841,0,22.379032,1.3415517e-05,0
0.5,0,27.859322,-0.0045850226,0,22.38826,1.3800918e-05,0
0.5,0,27.832799,-0.005195237,0,22.397489,1.4337245e-05,0
0.5,0,27.801635,-0.0059231708,0,22.406717,1.5043887e-05,0
0.5,0,27.76863,-0.0066517392,0,22.415946,1.5930329e-05,0
0.5,0,27.736089,-0.007285093,0,22.425174,1.6997335e-05,0
0.5,0,27.705466,-0.0077600317,0,22.434403,1.8234208e-05,0
0.5,0,27.67744,-0.0080091883,0,22.443631,1.9614479e-05,0
0.5,0,27.652139,-0.0079763941,0,22.45286,2.1096739e-05,0
0.5,0,27.629413,-0.0076436581,0,22.462088,2.2630508e-05,0
0.5,0,27.609068,-0.0070364592,0,22.471317,2.4164187e-05,0
0.5,0,27.590944,-0.0062266683,0,22.480545,2.5652247e-05,0
0.5,0,27.574929,-0.0053153638,0,22.489774,2.7060469e-05,0
0.5,0,27.560868,-0.0044037131,0,22.499002,2.836896e-05,0
0.5,0,27.548476,-0.0035811734,0,22.508231,2.9572207e-05,0
0.5,0,27.537353,-0.0029274801,0,22.517459,3.0678409e-05,0
0.5,0,27.527009,-0.0025214325,0,22.526687,3.1709636e-05,0
0.5,0,27.516926,-0.0024375598,0,22.535916,3.2700867e-05,0
0.5,0,27.506649,-0.0027264817,0,22.545144,3.3695904e-05,0
0.5,0,27.495875,-0.0033839163,0,22.554373,3.4739099e-05,0
0.5,0,27.484511,-0.0043030004,0,22.563601,3.5862666e-05,0
0.5,0,27.472658,-0.005273899,0,22.57283,3.7073975e-05,0
0.5,0,27.460576,-0.0060524443,0,22.582058,3.8348412e-05,0
0.5,0,27.448613,-0.0064260398,0,22.591287,3.962869e-05,0
0.5,0,27.437046,-0.0062689129,0,22.600515,4.0833306e-05,0
0.5,0,27.426028,-0.005577329,0,22.609744,4.1875754e-05,0
0.5,0,27.41552,-0.0044653844,0,22.618972,4.2685953e-05,0
0.5,0,27.405246,-0.0031302752,0,22.628201,4.3222996e-05,0
0.5,0,27.394791,-0.0017830613,0,22.637429,4.3478779e-05,0
0.5,0,27.383647,-0.00058797241,0,22.646658,4.3475023e-05,0
0.5,0,27.371326,0.00035006092,0,22.655886,4.325531e-05,0
0.5,0,27.357505,0.00097252948,0,22.665114,4.2876473e-05,0
0.5,0,27.342166,0.0012500887,0,22.674343,4.2401564e-05,0
0.5,0,27.32569,0.0011758888,0,22.683571,4.1893854e-05,0
0.5,0,27.308851,0.00077936937,0,22.6928,4.1411019e-05,0
0.5,0,27.292706,0.00013721047,0,22.702028,4.0999652e-05,0
0.5,0,27.278378,-0.00063552019,0,22.711257,4.0690184e-05,0
0.5,0,27.266788,-0.0014044052,0,22.720485,4.0493258e-05,0
0.5,0,27.258433,-0.0020333361,0,22.729714,4.0399418e-05,0
0.5,0,27.253296,-0.0024090574,0,22.738942,4.0382292e-05,0
0.5,0,27.250884,-0.0024728368,0,22.748171,4.0405442e-05,0
0.5,0,27.250367,-0.0022378745,0,22.757399,4.0432319e-05,0
0.5,0,27.250776,-0.0017868468,0,22.766628,4.0436226e-05,0
0.5,0,27.251196,-0.0012515886,0,22.775856,4.0407141e-05,0
0.5,0,27.25095,-0.00077807999,0,22.785085,4.035375e-05,0
0.5,0,27.249701,-0.00048573831,0,22.794313,4.0299894e-05,0
0.5,0,27.247487,-0.00043122369,0,22.803541,4.0276462e-05,0
0.5,0,27.244683,-0.00059311541,0,22.81277,4.03111e-05,0
0.5,0,27.241891,-0.00088504046,0,22.821998,4.0418786e-05,0
0.5,0,27.239799,-0.0011872064,0,22.831227,4.0596334e-05,0
0.5,0,27.239052,-0.0013841417,0,22.840455,4.0822367e-05,0
0.5,0,27.24015,-0.0013973089,0,22.849684,4.1062257e-05,0
0.5,0,27.243411,-0.0012044829,0,22.858912,4.1276589e-05,0
0.5,0,27.248959,-0.00084716705,0,22.868141,4.143087e-05,0
0.5,0,27.25674,-0.00042048382,0,22.877369,4.1503625e-05,0
0.5,0,27.266502,-4.6733448e-05,0,22.886598,4.1491032e-05,0
0.5,0,27.277786,0.00015398032,0,22.895826,4.1407486e-05,0
0.5,0,27.289946,9.3549294e-05,0,22.905055,4.1282664e-05,0
0.5,0,27.302192,-0.00025951177,0,22.914283,4.1155697e-05,0
0.5,0,27.313642,-0.0008718527,0,22.923512,4.1066417e-05,0
0.5,0,27.323415,-0.0016529505,0,22.93274,4.1045257e-05,0
0.5,0,27.330759,-0.0024695345,0,22.941968,4.1105623e-05,0
0.5,0,27.335177,-0.0031778561,0,22.951197,4.1240912e-05,0
0.5,0,27.336541,-0.0036656737,0,22.960425,4.1425796e-05,0
0.5,0,27.335153,-0.0038762421,0,22.969654,4.1621492e-05,0
0.5,0,27.331696,-0.0038162789,0,22.978882,4.1784281e-05,0
0.5,0,27.327053,-0.0035481491,0,22.988111,4.1874595e-05,0
0.5,0,27.322103,-0.0031723243,0,22.997339,4.1864484e-05,0
0.5,0,27.317518,-0.0028021866,0,23.006568,4.1741695e-05,0
0.5,0,27.313695,-0.0025329949,0,23.015796,4.1509927e-05,0
0.5,0,27.310733,-0.0024189517,0,23.025025,4.1185911e-05,0
0.5,0,27.30851,-0.002456861,0,23.034253,4.0792693e-05,0
0.5,0,27.30682,-0.0025819618,0,23.043482,4.0350957e-05,0
0.5,0,27.305461,-0.0026876647,0,23.05271,3.9872445e-05,0
0.5,0,27.304328,-0.002663292,0,23.061939,3.9357528e-05,0
0.5,0,27.303449,-0.002434078,0,23.071167,3.8797337e-05,0
0.5,0,27.302958,-0.0019888194,0,23.080395,3.8179592e-05,0
0.5,0,27.303068,-0.00138828,0,23.089624,3.7496032e-05,0
0.5,0,27.304017,-0.00074986081,0,23.098852,3.6748911e-05,0
0.5,0,27.306008,-0.00020934272,0,23.108081,3.595387e-05,0
0.5,0,27.30914,0.00012324742,0,23.117309,3.5137861e-05,0
0.5,0,27.313348,0.00019639516,0,23.126538,3.4333099e-05,0
0.5,0,27.318362,2.9384804e-05,0,23.135766,3.3569476e-05,0
0.5,0,27.3237,-0.00029974983,0,23.144995,3.2868096e-05,0
0.5,0,27.328706,-0.00068543521,0,23.154223,3.2237704e-05,0
0.5,0,27.332633,-0.0010281597,0,23.163452,3.1674868e-05,0
0.5,0,27.334762,-0.0012613436,0,23.17268,3.1167762e-05,0
0.5,0,27.334555,-0.0013708379,0,23.181909,3.0701989e-05,0
0.5,0,27.331797,-0.0013905376,0,23.191137,3.0266966e-05,0
0.5,0,27.326644,-0.0013830393,0,23.200366,2.9861276e-05,0
0.5,0,27.319562,-0.001423833,0,23.209594,2.9494509e-05,0
0.5,0,27.311226,-0.0015796055,0,23.218822,2.918547e-05,0
0.5,0,27.302384,-0.0018853439,0,23.228051,2.8957833e-05,0
0.5,0,27.293738,-0.0023312996,0,23.237279,2.8833792e-05,0
0.5,0,27.285844,-0.0028712757,0,23.246508,2.882778e-05,0
0.5,0,27.27907,-0.0034420936,0,23.255736,2.8942e-05,0
0.5,0,27.273611,-0.0039723774,0,23.264965,2.9164348e-05,0
0.5,0,27.269521,-0.0043902927,0,23.274193,2.9468598e-05,0
0.5,0,27.266774,-0.0046388647,0,23.283422,2.9816608e-05,0
0.5,0,27.265316,-0.0046868041,0,23.29265,3.0162897e-05,0
0.5,0,27.265107,-0.004531119,0,23.301879,3.0460956e-05,0
0.5,0,27.266136,-0.0041952282,0,23.311107,3.0668973e-05,0
0.5,0,27.268404,-0.0037224753,0,23.320336,3.0754418e-05,0
0.5,0,27.271918,-0.0031710719,0,23.329564,3.0697486e-05,0
0.5,0,27.276659,-0.0026082276,0,23.338793,3.0491471e-05,0
0.5,0,27.282431,-0.0020949956,0,23.348021,3.0140662e-05,0
0.5,0,27.28891,-0.001683138,0,23.357249,2.9658401e-05,0
0.5,0,27.295675,-0.001412763,0,23.366478,2.9064858e-05,0
0.5,0,27.302137,-0.0012992986,0,23.375706,2.8384131e-05,0
0.5,0,27.307651,-0.0013310859,0,23.384935,2.7641543e-05,0
0.5,0,27.311601,-0.0014731994,0,23.394163,2.6861164e-05,0
0.5,0,27.313498,-0.001673493,0,23.403392,2.6063753e-05,0
0.5,0,27.313065,-0.0018732803,0,23.41262,2.5265267e-05,0
0.5,0,27.310336,-0.0020253195,0,23.421849,2.4476815e-05,0
0.5,0,27.305638,-0.00210485,0,23.431077,2.3705419e-05,0
0.5,0,27.299486,-0.0021094581,0,23.440306,2.2955052e-05,0
0.5,0,27.292481,-0.0020608718,0,23.449534,2.222953e-05,0
0.5,0,27.285193,-0.0020027668,0,23.458763,2.153607e-05,0
0.5,0,27.278077,-0.0019860378,0,23.467991,2.0886893e-05,0
0.5,0,27.271443,-0.0020528633,0,23.47722,2.0299101e-05,0
0.5,0,27.265458,-0.0022245908,0,23.486448,1.9793028e-05,0
0.5,0,27.260178,-0.002493394,0,23.495676,1.938845e-05,0
0.5,0,27.255592,-0.0028258501,0,23.504905,1.9099633e-05,0
0.5,0,27.251644,-0.0031743718,0,23.514133,1.893083e-05,0
0.5,0,27.24827,-0.003487713,0,23.523362,1.8873887e-05,0
0.5,0,27.245394,-0.0037182454,0,23.53259,1.8908029e-05,0
0.5,0,27.242936,-0.0038343458,0,23.541819,1.9001598e-05,0
0.5,0,27.240819,-0.0038303565,0,23.551047,1.911654e-05,0
0.5,0,27.238977,-0.0037169658,0,23.560276,1.9214358e-05,0
0.5,0,27.237361,-0.0035134688,0,23.569504,1.9261707e-05,0
0.5,0,27.235951,-0.0032493548,0,23.578733,1.9234608e-05,0
0.5,0,27.234757,-0.0029589695,0,23.587961,1.9120625e-05,0
0.5,0,27.233815,-0.002676194,0,23.59719,1.891941e-05,0
0.5,0,27.233181,-0.0024342453,0,23.606418,1.8641726e-05,0
0.5,0,27.232905,-0.0022637997,0,23.615647,1.8306716e-05,0
0.5,0,27.232972,-0.0021882109,0,23.624875,1.7938521e-05,0
0.5,0,27.233357,-0.0022177741,0,23.634103,1.756308e-05,0
0.5,0,27.234208,-0.0023541165,0,23.643332,1.7204927e-05,0
0.5,0,27.235457,-0.0025837531,0,23.65256,1.6884279e-05,0
0.5,0,27.236799,-0.0028738342,0,23.661789,1.6615314e-05,0
0.5,0,27.237966,-0.0031840266,0,23.671017,1.6405971e-05,0
0.5,0,27.238686,-0.0034732991,0,23.680246,1.6257519e-05,0
0.5,0,27.238671,-0.0037055343,0,23.689474,1.6164379e-05,0
0.5,0,27.237631,-0.0038519372,0,23.698703,1.6115415e-05,0
0.5,0,27.235406,-0.0038970505,0,23.707931,1.6095489e-05,0
0.5,0,27.231947,-0.0038429876,0,23.71716,1.6087047e-05,0
0.5,0,27.227337,-0.0037041766,0,23.726388,1.6071746e-05,0
0.5,0,27.221782,-0.0035028664,0,23.735617,1.6032223e-05,0
0.5,0,27.215578,-0.0032649395,0,23.744845,1.595382e-05,0
0.5,0,27.209083,-0.0030190592,0,23.754074,1.5826538e-05,0
0.5,0,27.202667,-0.0028006174,0,23.763302,1.5647014e-05,0
0.5,0,27.196676,-0.0026440312,0,23.77253,1.5418888e-05,0
0.5,0,27.191403,-0.0025735932,0,23.781759,1.5152058e-05,0
0.5,0,27.187059,-0.0026022264,0,23.790987,1.4861639e-05,0
0.5,0,27.183773,-0.0027317744,0,23.800216,1.4566136e-05,0
0.5,0,27.18159,-0.0029492923,0,23.809444,1.4284911e-05,0
0.5,0,27.180474,-0.0032213991,0,23.818673,1.4034441e-05,0
0.5,0,27.180315,-0.0034999602,0,23.827901,1.3824479e-05,0
0.5,0,27.180932,-0.0037327861,0,23.83713,1.365658e-05,0
0.5,0,27.182094,-0.003870305,0,23.846358,1.3524071e-05,0
0.5,0,27.18355,-0.0038763627,0,23.855587,1.3412873e-05,0
0.5,0,27.185055,-0.003736545,0,23.864815,1.3303277e-05,0
0.5,0,27.186399,-0.0034543735,0,23.874044,1.3172473e-05,0
0.5,0,27.187424,-0.0030465798,0,23.883272,1.299774e-05,0
0.5,0,27.188034,-0.002540269,0,23.892501,1.275908e-05,0
0.5,0,27.188196,-0.001964632,0,23.901729,1.2441015e-05,0
0.5,0,27.187927,-0.0013453745,0,23.910957,1.2033942e-05,0
0.5,0,27.187268,-0.00071028418,0,23.920186,1.1535244e-05,0
0.5,0,27.186272,-9.6988493e-05,0,23.929414,1.0950221e-05,0
0.5,0,27.184989,0.00044273058,0,23.938643,1.0292474e-05,0
0.5,0,27.18347,0.00084063986,0,23.947871,9.5838685e-06,0
0.5,0,27.181784,0.0010175526,0,23.9571,8.8542171e-06,0
0.5,0,27.180033,0.00089845296,0,23.966328,8.1402781e-06,0
0.5,0,27.178385,0.00043226236,0,23.975557,7.4836075e-06,0
0.5,0,27.177079,-0.00038869724,0,23.984785,6.9267804e-06,0
0.5,0,27.176409,-0.0015168776,0,23.994014,6.5080032e-06,0
0.5,0,27.176688,-0.0028500979,0,24.003242,6.2554244e-06,0
0.5,0,27.178166,-0.0042447317,0,24.012471,6.1825902e-06,0
0.5,0,27.180974,-0.0055433745,0,24.021699,6.2861494e-06,0
0.5,0,27.185099,-0.0066125241,0,24.030928,6.5461868e-06,0
0.5,0,27.190411,-0.0073694701,0,24.040156,6.928907e-06,0
0.5,0,27.196707,-0.0077857786,0,24.049384,7.3912626e-06,0
0.5,0,27.203751,-0.0078740295,0,24.058613,7.8867482e-06,0
0.5,0,27.211315,-0.0076715044,0,24.067841,8.3713757e-06,0
0.5,0,27.219173,-0.0072308942,0,24.07707,8.8079635e-06,0
0.5,0,27.227103,-0.0066105468,0,24.086298,9.1675496e-06,0
0.5,0,27.234905,-0.0058652215,0,24.095527,9.4304209e-06,0
0.5,0,27.24238,-0.0050487091,0,24.104755,9.5875551e-06,0
0.5,0,27.249334,-0.0042203833,0,24.113984,9.6406241e-06,0
0.5,0,27.255602,-0.0034449711,0,24.123212,9.600968e-06,0
0.5,0,27.261073,-0.0027889362,0,24.132441,9.4881559e-06,0
0.5,0,27.265728,-0.0023135581,0,24.141669,9.3284374e-06,0
0.5,0,27.269656,-0.0020649312,0,24.150898,9.1524951e-06,0
0.5,0,27.273074,-0.0020653075,0,24.160126,8.9918808e-06,0
0.5,0,27.276326,-0.0023050132,0,24.169355,8.8749864e-06,0
0.5,0,27.279846,-0.0027412566,0,24.178583,8.8229824e-06,0
0.5,0,27.284111,-0.0033046831,0,24.187811,8.8465617e-06,0
0.5,0,27.289587,-0.00390713,0,24.19704,8.9445871e-06,0
0.5,0,27.296668,-0.0044587002,0,24.206268,9.1051035e-06,0
0.5,0,27.305635,-0.0048858386,0,24.215497,9.307849e-06,0
0.5,0,27.316604,-0.0051351669,0,24.224725,9.5270488e-06,0
0.5,0,27.329488,-0.0051762964,0,24.233954,9.7339075e-06,0
0.5,0,27.343972,-0.0050044481,0,24.243182,9.8989093e-06,0
0.5,0,27.359507,-0.0046353806,0,24.252411,9.9939488e-06,0
0.5,0,27.375341,-0.0041015336,0,24.261639,9.9944774e-06,0
0.5,0,27.390566,-0.0034482245,0,24.270868,9.882597e-06,0
0.5,0,27.404193,-0.0027202913,0,24.280096,9.6491881e-06,0
0.5,0,27.415256,-0.0019546101,0,24.289325,9.293934e-06,0
0.5,0,27.422927,-0.001188866,0,24.298553,8.825011e-06,0
0.5,0,27.426648,-0.00046402333,0,24.307782,8.2586349e-06,0
0.5,0,27.426237,0.00017810178,0,24.31701,7.617112e-06,0
0.5,0,27.421957,0.00069626779,0,24.326238,6.926027e-06,0
0.5,0,27.414534,0.0010568609,0,24.335467,6.2131003e-06,0
0.5,0,27.405043,0.001237176,0,24.344695,5.5067823e-06,0
0.5,0,27.394717,0.001223798,0,24.353924,4.8340245e-06,0
0.5,0,27.384749,0.0010065796,0,24.363152,4.219985e-06,0
0.5,0,27.376105,0.00057768963,0,24.372381,3.6874207e-06,0
0.5,0,27.369455,-6.1983282e-05,0,24.381609,3.2553651e-06,0
0.5,0,27.365152,-0.00090011896,0,24.390838,2.9390175e-06,0
0.5,0,27.363244,-0.0019045692,0,24.400066,2.7499168e-06,0
0.5,0,27.363547,-0.0030182917,0,24.409295,2.6955459e-06,0
0.5,0,27.365636,-0.0041627086,0,24.418523,2.7790044e-06,0
0.5,0,27.369033,-0.0052453031,0,24.427752,2.9980261e-06,0
0.5,0,27.373231,-0.00618012,0,24.43698,3.343174e-06,0
0.5,0,27.377587,-0.0068943429,0,24.446209,3.7983283e-06,0
0.5,0,27.381568,-0.0073223674,0,24.455437,4.3414861e-06,0
0.5,0,27.384784,-0.0074231308,0,24.464665,4.9435187e-06,0
0.5,0,27.386896,-0.0072006416,0,24.473894,5.5686513e-06,0
0.5,0,27.387604,-0.0066946835,0,24.483122,6.1775288e-06,0
0.5,0,27.386647,-0.005955917,0,24.492351,6.7306667e-06,0
0.5,0,27.383827,-0.0050321657,0,24.501579,7.1922577e-06,0
0.5,0,27.379069,-0.0039728568,0,24.510808,7.5344658e-06,0
0.5,0,27.372485,-0.0028399042,0,24.520036,7.7412837e-06,0
0.5,0,27.364397,-0.0017110205,0,24.529265,7.8106317e-06,0
0.5,0,27.355324,-0.00068381789,0,24.538493,7.7538402e-06,0
0.5,0,27.345875,0.0001271353,0,24.547722,7.5934806e-06,0
0.5,0,27.336592,0.00061773996,0,24.55695,7.3604043e-06,0
0.5,0,27.327819,0.00072328095,0,24.566179,7.0904399e-06,0
0.5,0,27.319648,0.00043148377,0,24.575407,6.8206344e-06,0
0.5,0,27.31197,-0.0002169176,0,24.584636,6.5842011e-06,0
0.5,0,27.304622,-0.0011302321,0,24.593864,6.4056382e-06,0
0.5,0,27.297537,-0.0021741775,0,24.603092,6.2975656e-06,0
0.5,0,27.290812,-0.0031959017,0,24.612321,6.2585616e-06,0
0.5,0,27.284702,-0.0040426016,0,24.621549,6.2719057e-06,0
0.5,0,27.27951,-0.0045897267,0,24.630778,6.3079432e-06,0
0.5,0,27.275487,-0.0047753658,0,24.640006,6.3311954e-06,0
0.5,0,27.272734,-0.0046036148,0,24.649235,6.307731e-06,0
0.5,0,27.271166,-0.0041404356,0,24.658463,6.2104895e-06,0
0.5,0,27.270567,-0.0035070811,0,24.667692,6.0233766e-06,0
0.5,0,27.270707,-0.00284926,0,24.67692,5.7442467e-06,0
0.5,0,27.271472,-0.0022966146,0,24.686149,5.3872857e-06,0
0.5,0,27.272911,-0.0019397013,0,24.695377,4.9833716e-06,0
0.5,0,27.275236,-0.0018301335,0,24.704606,4.5759121e-06,0
0.5,0,27.278758,-0.0019893026,0,24.713834,4.2121396e-06,0
0.5,0,27.283806,-0.0024086717,0,24.723063,3.9326624e-06,0
0.5,0,27.290662,-0.0030372457,0,24.732291,3.7636745e-06,0
0.5,0,27.299517,-0.0037751623,0,24.741519,3.7154288e-06,0
0.5,0,27.310418,-0.004492695,0,24.750748,3.7863696e-06,0
0.5,0,27.323207,-0.0050703681,0,24.759976,3.9684411e-06,0
0.5,0,27.33743,-0.0054358445,0,24.769205,4.2494676e-06,0
0.5,0,27.352282,-0.005574258,0,24.778433,4.6120709e-06,0
0.5,0,27.366641,-0.0055134134,0,24.787662,5.0316864e-06,0
0.5,0,27.379233,-0.0052976526,0,24.79689,5.4761633e-06,0
0.5,0,27.38889,-0.0049647423,0,24.806119,5.9080147e-06,0
0.5,0,27.394833,-0.0045228422,0,24.815347,6.2896437e-06,0
0.5,0,27.396836,-0.0039408121,0,24.824576,6.5883496e-06,0
0.5,0,27.395236,-0.0031957346,0,24.833804,6.7779909e-06,0
0.5,0,27.390732,-0.002328885,0,24.843033,6.8375887e-06,0
0.5,0,27.384072,-0.0014127711,0,24.852261,6.746812e-06,0
0.5,0,27.375801,-0.0004809268,0,24.86149,6.4840294e-06,0
0.5,0,27.366233,0.00047676433,0,24.870718,6.0364912e-06,0
0.5,0,27.355682,0.0014951767,0,24.879946,5.4143526e-06,0
0.5,0,27.344505,0.0025836184,0,24.889175,4.6492331e-06,0
0.5,0,27.332937,0.0036569277,0,24.898403,3.7759245e-06,0
0.5,0,27.320828,0.0045578031,0,24.907632,2.8155677e-06,0
0.5,0,27.307949,0.0050113458,0,24.91686,1.7717212e-06,0
0.5,0,27.295319,0.004371749,0,24.926089,6.3903595e-07,0
0.5,0,26.890933,-0.022022027,0,27.343947,1.3944916e-06,0
0.5,0,26.910678,-0.022513166,0,27.353176,3.7841125e-06,0
0.5,0,26.930287,-0.020991847,0,27.362404,6.229277e-06,0
0.5,0,26.947351,-0.019287497,0,27.371633,8.7081352e-06,0
0.5,0,26.961682,-0.017925296,0,27.380861,1.1221343e-05,0
0.5,0,26.973748,-0.016814546,0,27.390089,1.3758937e-05,0
0.5,0,26.984053,-0.015785968,0,27.399318,1.6293213e-05,0
0.5,0,26.993015,-0.014802799,0,27.408546,1.8793292e-05,0
0.5,0,27.001,-0.013931717,0,27.417775,2.1240312e-05,0
0.5,0,27.008335,-0.013252724,0,27.427003,2.3632827e-05,0
0.5,0,27.015298,-0.012790938,0,27.436232,2.5982696e-05,0
0.5,0,27.022085,-0.012489105,0,27.44546,2.8305131e-05,0
0.5,0,27.028788,-0.01222801,0,27.454689,3.0608236e-05,0
0.5,0,27.03539,-0.011886541,0,27.463917,3.2888028e-05,0
0.5,0,27.041788,-0.011405165,0,27.473146,3.5131735e-05,0
0.5,0,27.047839,-0.010809384,0,27.482374,3.7326643e-05,0
0.5,0,27.053408,-0.010178884,0,27.491603,3.9468279e-05,0
0.5,0,27.058394,-0.0095898344,0,27.500831,4.1562979e-05,0
0.5,0,27.062744,-0.0090755182,0,27.51006,4.3624655e-05,0
0.5,0,27.066437,-0.008629949,0,27.519288,4.5669543e-05,0
0.5,0,27.069489,-0.0082398907,0,27.528516,4.7712869e-05,0
0.5,0,27.071943,-0.0079095979,0,27.537745,4.9768242e-05,0
0.5,0,27.073866,-0.0076560471,0,27.546973,5.1847716e-05,0
0.5,0,27.075344,-0.0074825676,0,27.556202,5.3960394e-05,0
0.5,0,27.076458,-0.0073577208,0,27.56543,5.6109579e-05,0
0.5,0,27.077267,-0.0072207555,0,27.574659,5.829052e-05,0
0.5,0,27.077803,-0.0070124619,0,27.583887,6.0490871e-05,0
0.5,0,27.078088,-0.0067099787,0,27.593116,6.2694155e-05,0
0.5,0,27.078153,-0.0063399926,0,27.602344,6.4884247e-05,0
0.5,0,27.078067,-0.0059613892,0,27.611573,6.7048229e-05,0
0.5,0,27.07794,-0.0056315763,0,27.620801,6.9176369e-05,0
0.5,0,27.077917,-0.0053792523,0,27.63003,7.1260191e-05,0
0.5,0,27.078154,-0.0051987524,0,27.639258,7.3290829e-05,0
0.5,0,27.078801,-0.005064592,0,27.648487,7.5259138e-05,0
0.5,0,27.079979,-0.0049529687,0,27.657715,7.7157379e-05,0
0.5,0,27.081782,-0.0048577199,0,27.666943,7.8981056e-05,0
0.5,0,27.084262,-0.0047955859,0,27.676172,8.0729592e-05,0
0.5,0,27.087433,-0.0048000725,0,27.6854,8.2405629e-05,0
0.5,0,27.091271,-0.0049054509,0,27.694629,8.4013642e-05,0
0.5,0,27.095715,-0.0051272472,0,27.703857,8.5558614e-05,0
0.5,0,27.100677,-0.0054481264,0,27.713086,8.704495e-05,0
0.5,0,27.106037,-0.0058167314,0,27.722314,8.8475466e-05,0
0.5,0,27.111659,-0.0061627804,0,27.731543,8.9850482e-05,0
0.5,0,27.117406,-0.0064236113,0,27.740771,9.1167625e-05,0
0.5,0,27.123156,-0.0065692373,0,27.75,9.2422932e-05,0
0.5,0,27.128814,-0.0066114762,0,27.759228,9.3613121e-05,0
0.5,0,27.134333,-0.0065912943,0,27.768457,9.4737968e-05,0
0.5,0,27.139711,-0.0065518185,0,27.777685,9.5801401e-05,0
0.5,0,27.144986,-0.0065138313,0,27.786914,9.6810642e-05,0
0.5,0,27.150213,-0.0064684181,0,27.796142,9.7773875e-05,0
0.5,0,27.15544,-0.0063884374,0,27.80537,9.8697611e-05,0
0.5,0,27.160703,-0.0062483688,0,27.814599,9.9584713e-05,0
0.5,0,27.166025,-0.0060391727,0,27.823827,0.00010043338,0
0.5,0,27.171406,-0.0057705585,0,27.833056,0.00010123688,0
0.5,0,27.17683,-0.0054624499,0,27.842284,0.00010198405,0
0.5,0,27.182258,-0.0051346742,0,27.851513,0.00010266077,0
0.5,0,27.187639,-0.0048025886,0,27.860741,0.00010325288,0
0.5,0,27.192914,-0.0044790586,0,27.86997,0.00010375033,0
0.5,0,27.198027,-0.0041780841,0,27.879198,0.00010415129,0
0.5,0,27.202946,-0.0039160647,0,27.888427,0.00010446461,0
0.5,0,27.207672,-0.0037104439,0,27.897655,0.00010470943,0
0.5,0,27.212251,-0.0035774611,0,27.906884,0.00010491203,0
0.5,0,27.216776,-0.0035296171,0,27.916112,0.00010510152,0
0.5,0,27.22137,-0.0035721024,0,27.925341,0.000105306,0
0.5,0,27.226166,-0.003697881,0,27.934569,0.00010555043,0
0.5,0,27.231286,-0.0038830481,0,27.943797,0.00010585592,0
0.5,0,27.236811,-0.0040868835,0,27.953026,0.00010623961,0
0.5,0,27.242766,-0.0042599813,0,27.962254,0.00010671418,0
0.5,0,27.249106,-0.0043597157,0,27.971483,0.00010728701,0
0.5,0,27.255726,-0.004367432,0,27.980711,0.0001079596,0
0.5,0,27.262493,-0.0042978043,0,27.98994,0.00010872768,0
0.5,0,27.26928,-0.0041920806,0,27.999168,0.00010958227,0
0.5,0,27.276004,-0.0040948829,0,28.008397,0.00011051115,0
0.5,0,27.282644,-0.0040264081,0,28.017625,0.00011149992,0
0.5,0,27.28924,-0.0039680059,0,28.026854,0.00011253219,0
0.5,0,27.29587,-0.003868203,0,28.036082,0.00011358887,0
0.5,0,27.302627,-0.0036654231,0,28.045311,0.00011464769,0
0.5,0,27.309576,-0.0033183829,0,28.054539,0.00011568399,0
0.5,0,27.316722,-0.0028297548,0,28.063768,0.00011667305,0
0.5,0,27.323987,-0.0022493439,0,28.072996,0.0001175924,0
0.5,0,27.331206,-0.001654388,0,28.082224,0.00011842306,0
0.5,0,27.338136,-0.0011214377,0,28.091453,0.0001191507,0
0.5,0,27.344448,-0.00070685057,0,28.100681,0.00011976583,0
0.5,0,27.349797,-0.00043372785,0,28.10991,0.00012026334,0
0.5,0,27.353881,-0.00028145921,0,28.119138,0.00012064205,0
0.5,0,27.356512,-0.00019373055,0,28.128367,0.00012090362,0
0.5,0,27.357691,-0.00010342039,0,28.137595,0.00012105125,0
0.5,0,27.35763,4.6085211e-05,0,28.146824,0.00012108775,0
0.5,0,27.356706,0.00028660438,0,28.156052,0.00012101313,0
0.5,0,27.355341,0.00061188251,0,28.165281,0.00012082286,0
0.5,0,27.353876,0.00097935298,0,28.174509,0.00012050867,0
0.5,0,27.352487,0.0013246177,0,28.183738,0.00012006175,0
0.5,0,27.351195,0.0015732125,0,28.192966,0.00011947632,0
0.5,0,27.349883,0.0016653225,0,28.202195,0.00011875191,0
0.5,0,27.348342,0.0015808072,0,28.211423,0.00011789393,0
0.5,0,27.346375,0.001343333,0,28.220651,0.00011691219,0
0.5,0,27.34386,0.0010149235,0,28.22988,0.00011581809,0
0.5,0,27.340788,0.00067985255,0,28.239108,0.00011462223,0
0.5,0,27.337268,0.0004173572,0,28.248337,0.00011333294,0
0.5,0,27.333494,0.0002799397,0,28.257565,0.00011195625,0
0.5,0,27.329706,0.000282524,0,28.266794,0.00011049716,0
0.5,0,27.326145,0.00040496371,0,28.276022,0.00010896172,0
0.5,0,27.323011,0.00060938882,0,28.285251,0.00010735892,0
0.5,0,27.320442,0.00085704441,0,28.294479,0.00010570185,0
0.5,0,27.318504,0.0011167552,0,28.303708,0.00010400816,0
0.5,0,27.317179,0.0013659545,0,28.312936,0.00010229884,0
0.5,0,27.316362,0.0015850144,0,28.322165,0.00010059504,0
0.5,0,27.315851,0.0017517647,0,28.331393,9.891401e-05,0
0.5,0,27.315338,0.0018429307,0,28.340622,9.7265644e-05,0
0.5,0,27.314415,0.0018411194,0,28.34985,9.5651103e-05,0
0.5,0,27.312605,0.0017451283,0,28.359078,9.4063867e-05,0
0.5,0,27.309462,0.0015772228,0,28.368307,9.2492684e-05,0
0.5,0,27.304619,0.0013816116,0,28.377535,9.0925269e-05,0
0.5,0,27.297869,0.0012093506,0,28.386764,8.9350804e-05,0
0.5,0,27.289304,0.0010986339,0,28.395992,8.776034e-05,0
0.5,0,27.279327,0.0010653679,0,28.405221,8.614604e-05,0
0.5,0,27.268606,0.0011009086,0,28.414449,8.450065e-05,0
0.5,0,27.257979,0.0011792462,0,28.423678,8.2819343e-05,0
0.5,0,27.248254,0.0012703463,0,28.432906,8.1102825e-05,0
0.5,0,27.240055,0.0013516374,0,28.442135,7.935899e-05,0
0.5,0,27.233754,0.0014132936,0,28.451363,7.7603125e-05,0
0.5,0,27.229466,0.0014537826,0,28.460592,7.5856952e-05,0
0.5,0,27.227091,0.0014752227,0,28.46982,7.4146285e-05,0
0.5,0,27.226382,0.001483968,0,28.479049,7.2497546e-05,0
0.5,0,27.227024,0.0014907215,0,28.488277,7.0934147e-05,0
0.5,0,27.2287,0.001507606,0,28.497505,6.9473965e-05,0
0.5,0,27.231137,0.0015462186,0,28.506734,6.8128401e-05,0
0.5,0,27.234098,0.0016169338,0,28.515962,6.6902754e-05,0
0.5,0,27.237342,0.0017230746,0,28.525191,6.5797306e-05,0
0.5,0,27.240606,0.0018524904,0,28.534419,6.4808624e-05,0
0.5,0,27.243606,0.0019746323,0,28.543648,6.393049e-05,0
0.5,0,27.246074,0.0020479988,0,28.552876,6.3153963e-05,0
0.5,0,27.247821,0.0020381189,0,28.562105,6.246659e-05,0
0.5,0,27.248796,0.0019389505,0,28.571333,6.1851339e-05,0
0.5,0,27.249135,0.001787637,0,28.580562,6.1286095e-05,0
0.5,0,27.249144,0.0016615944,0,28.58979,6.0744188e-05,0
0.5,0,27.249223,0.0016535111,0,28.599019,6.0195771e-05,0
0.5,0,27.249761,0.0018357449,0,28.608247,5.9609539e-05,0
0.5,0,27.251039,0.0022313344,0,28.617476,5.8954348e-05,0
0.5,0,27.253172,0.0028060421,0,28.626704,5.8200915e-05,0
0.5,0,27.256104,0.0034852731,0,28.635932,5.7324066e-05,0
0.5,0,27.259619,0.0041834954,0,28.645161,5.6305495e-05,0
0.5,0,27.263402,0.0048314195,0,28.654389,5.5136155e-05,0
0.5,0,27.267108,0.0053903901,0,28.663618,5.3816925e-05,0
0.5,0,27.270437,0.0058521847,0,28.672846,5.2356761e-05,0
0.5,0,27.27319,0.0062286448,0,28.682075,5.0768901e-05,0
0.5,0,27.275307,0.0065381325,0,28.691303,4.9066911e-05,0
0.5,0,27.276853,0.0067955729,0,28.700532,4.7262483e-05,0
0.5,0,27.277958,0.0070038363,0,28.70976,4.5365724e-05,0
0.5,0,27.278741,0.0071469468,0,28.718989,4.3387419e-05,0
0.5,0,27.279254,0.0071906476,0,28.728217,4.13419e-05,0
0.5,0,27.279427,0.0070912742,0,28.737446,3.9249026e-05,0
0.5,0,27.279071,0.0068114031,0,28.746674,3.7134182e-05,0
0.5,0,27.277911,0.0063372593,0,28.755903,3.5025798e-05,0
0.5,0,27.275662,0.0056903313,0,28.765131,3.2950626e-05,0
0.5,0,27.272123,0.0049304919,0,28.774359,3.0928069e-05,0
0.5,0,27.267254,0.0041502124,0,28.783588,2.8965813e-05,0
0.5,0,27.261211,0.003458626,0,28.792816,2.7058868e-05,0
0.5,0,27.254309,0.0029571974,0,28.802045,2.5192737e-05,0
0.5,0,27.246941,0.0027131711,0,28.811273,2.3349598e-05,0
0.5,0,27.239472,0.0027388176,0,28.820502,2.1514903e-05,0
0.5,0,27.232156,0.002985339,0,28.82973,1.968166e-05,0
0.5,0,27.225099,0.0033594677,0,28.838959,1.7851253e-05,0
0.5,0,27.218274,0.0037629071,0,28.848187,1.6031774e-05,0
0.5,0,27.211543,0.0041282731,0,28.857416,1.4235718e-05,0
0.5,0,27.204698,0.0044295038,0,28.866644,1.2476848e-05,0
0.5,0,27.19752,0.0046805393,0,28.875873,1.0766994e-05,0
0.5,0,27.189794,0.004931812,0,28.885101,9.1155986e-06,0
0.5,0,27.181337,0.0052492747,0,28.89433,7.5314665e-06,0
0.5,0,27.172036,0.0056687126,0,28.903558,6.0252823e-06,0
0.5,0,27.161887,0.0061467177,0,28.912786,4.6108245e-06,0
0.5,0,27.150963,0.0065276845,0,28.922015,3.2999636e-06,0
0.5,0,27.139233,0.0065459953,0,28.931243,2.0954274e-06,0
0.5,0,27.126892,0.0058206282,0,28.940472,9.9043504e-07,0
0.5,0,27.197718,-0.011805447,0,29.245011,1.0618596e-06,0
0.5,0,27.213459,-0.012852577,0,29.25424,2.5386298e-06,0
0.5,0,27.229472,-0.012647049,0,29.263468,4.0676892e-06,0
0.5,0,27.244223,-0.012094669,0,29.272697,5.6323696e-06,0
0.5,0,27.257381,-0.011619566,0,29.281925,7.2450396e-06,0
0.5,0,27.269071,-0.011324107,0,29.291154,8.9295925e-06,0
0.5,0,27.279465,-0.011125196,0,29.300382,1.0698695e-05,0
0.5,0,27.288654,-0.010935568,0,29.309611,1.2545339e-05,0
0.5,0,27.296766,-0.010725378,0,29.318839,1.4449056e-05,0
0.5,0,27.303922,-0.010476026,0,29.328067,1.6384428e-05,0
0.5,0,27.310263,-0.010167113,0,29.337296,1.83255e-05,0
0.5,0,27.31601,-0.009811193,0,29.346524,2.0250737e-05,0
0.5,0,27.321342,-0.0094672496,0,29.355753,2.2150111e-05,0
0.5,0,27.326432,-0.0092065146,0,29.364981,2.4026567e-05,0
0.5,0,27.331408,-0.0090652151,0,29.37421,2.5889853e-05,0
0.5,0,27.336334,-0.0090352929,0,29.383438,2.7748187e-05,0
0.5,0,27.34122,-0.0090829207,0,29.392667,2.9602702e-05,0
0.5,0,27.346051,-0.0091588718,0,29.401895,3.1444892e-05,0
0.5,0,27.350811,-0.0092040609,0,29.411124,3.3256112e-05,0
0.5,0,27.355513,-0.0091645978,0,29.420352,3.5009812e-05,0
0.5,0,27.36021,-0.0090073852,0,29.429581,3.6676515e-05,0
0.5,0,27.364993,-0.0087202081,0,29.438809,3.822899e-05,0
0.5,0,27.36996,-0.008299456,0,29.448038,3.9644795e-05,0
0.5,0,27.375178,-0.0077440339,0,29.457266,4.0906167e-05,0
0.5,0,27.380636,-0.0070628912,0,29.466494,4.199981e-05,0
0.5,0,27.386212,-0.0062856383,0,29.475723,4.2918383e-05,0
0.5,0,27.391665,-0.0054633571,0,29.484951,4.3662638e-05,0
0.5,0,27.396655,-0.0046542201,0,29.49418,4.4241794e-05,0
0.5,0,27.40079,-0.0039000041,0,29.503408,4.4671113e-05,0
0.5,0,27.403692,-0.0032094785,0,29.512637,4.496768e-05,0
0.5,0,27.405062,-0.0025652215,0,29.521865,4.5146367e-05,0
0.5,0,27.40477,-0.0019466199,0,29.531094,4.5218007e-05,0
0.5,0,27.402913,-0.0013463039,0,29.540322,4.5190126e-05,0
0.5,0,27.399858,-0.000779121,0,29.549551,4.5070538e-05,0
0.5,0,27.396168,-0.00028309354,0,29.558779,4.4872931e-05,0
0.5,0,27.392441,9.9021633e-05,0,29.568008,4.4620174e-05,0
0.5,0,27.389178,0.0003435445,0,29.577236,4.4343584e-05,0
0.5,0,27.386685,0.00044879304,0,29.586465,4.4079703e-05,0
0.5,0,27.385029,0.00042104992,0,29.595693,4.3866363e-05,0
0.5,0,27.384062,0.00026460438,0,29.604921,4.3739124e-05,0
0.5,0,27.383481,-1.4882857e-05,0,29.61415,4.3728188e-05,0
0.5,0,27.382883,-0.00040238612,0,29.623378,4.3856284e-05,0
0.5,0,27.381857,-0.00087120593,0,29.632607,4.4138537e-05,0
0.5,0,27.380047,-0.0013880561,0,29.641835,4.4583869e-05,0
0.5,0,27.377213,-0.0019190855,0,29.651064,4.5196338e-05,0
0.5,0,27.373283,-0.0024306106,0,29.660292,4.5975699e-05,0
0.5,0,27.368369,-0.0028969365,0,29.669521,4.6917382e-05,0
0.5,0,27.362736,-0.0033120211,0,29.678749,4.8012753e-05,0
0.5,0,27.356767,-0.0036895184,0,29.687978,4.9250084e-05,0
0.5,0,27.3509,-0.0040556652,0,29.697206,5.0616185e-05,0
0.5,0,27.345586,-0.0044379581,0,29.706435,5.209824e-05,0
0.5,0,27.341243,-0.0048520433,0,29.715663,5.3685021e-05,0
0.5,0,27.338245,-0.0052908367,0,29.724892,5.5367059e-05,0
0.5,0,27.336924,-0.0057184028,0,29.73412,5.7136048e-05,0
0.5,0,27.337612,-0.0060764887,0,29.743348,5.898392e-05,0
0.5,0,27.340643,-0.0063034133,0,29.752577,6.0901914e-05,0
0.5,0,27.346303,-0.0063576932,0,29.761805,6.2879378e-05,0
0.5,0,27.354725,-0.0062324976,0,29.771034,6.4902344e-05,0
0.5,0,27.365758,-0.0059489422,0,29.780262,6.6952742e-05,0
0.5,0,27.378813,-0.005538647,0,29.789491,6.9008674e-05,0
0.5,0,27.392737,-0.0050348644,0,29.798719,7.1044934e-05,0
0.5,0,27.405782,-0.0044698472,0,29.807948,7.3032558e-05,0
0.5,0,27.415738,-0.0038633899,0,29.817176,7.4938097e-05,0
0.5,0,27.420292,-0.0032151923,0,29.826405,7.6724306e-05,0
0.5,0,27.417532,-0.0025274891,0,29.835633,7.835275e-05,0
0.5,0,27.406646,-0.0018014014,0,29.844862,7.9787807e-05,0
0.5,0,27.388274,-0.0010262933,0,29.85409,8.0997844e-05,0
0.5,0,27.364517,-0.00020616529,0,29.863319,8.1955317e-05,0
0.5,0,27.338486,0.00063722511,0,29.872547,8.2640814e-05,0
0.5,0,27.313461,0.0014638786,0,29.881775,8.3046999e-05,0
0.5,0,27.292106,0.002222034,0,29.891004,8.3178456e-05,0
0.5,0,27.275931,0.002863636,0,29.900232,8.3048692e-05,0
0.5,0,27.265249,0.0033396039,0,29.909461,8.2678468e-05,0
0.5,0,27.259405,0.0036037924,0,29.918689,8.2095862e-05,0
0.5,0,27.257178,0.0036305563,0,29.927918,8.133548e-05,0
0.5,0,27.257183,0.0034320748,0,29.937146,8.0435685e-05,0
0.5,0,27.258177,0.0030666831,0,29.946375,7.9433653e-05,0
0.5,0,27.259254,0.0026287375,0,29.955603,7.8359898e-05,0
0.5,0,27.259921,0.0022195486,0,29.964832,7.7234724e-05,0
0.5,0,27.260081,0.0019123079,0,29.97406,7.6067827e-05,0
0.5,0,27.25996,0.0017307847,0,29.983289,7.4860683e-05,0
0.5,0,27.259997,0.0016520771,0,29.992517,7.3610661e-05,0
0.5,0,27.260722,0.0016281132,0,30.001746,7.2315778e-05,0
0.5,0,27.262584,0.0016073999,0,30.010974,7.097845e-05,0
0.5,0,27.265789,0.0015417797,0,30.020202,6.9606621e-05,0
0.5,0,27.27019,0.0013930455,0,30.029431,6.8212069e-05,0
0.5,0,27.275166,0.0011517524,0,30.038659,6.6807717e-05,0
0.5,0,27.279539,0.00083177518,0,30.047888,6.5406845e-05,0
0.5,0,27.281608,0.00045485465,0,30.057116,6.4021797e-05,0
0.5,0,27.279389,6.169195e-05,0,30.066345,6.2660097e-05,0
0.5,0,27.27115,-0.00027810107,0,30.075573,6.1324894e-05,0
0.5,0,27.255984,-0.00048924068,0,30.084802,6.0020506e-05,0
0.5,0,27.234109,-0.0005554709,0,30.09403,5.8753555e-05,0
0.5,0,27.207041,-0.00051080633,0,30.103259,5.7527534e-05,0
0.5,0,27.177303,-0.00039257121,0,30.112487,5.633964e-05,0
0.5,0,27.147844,-0.0002411052,0,30.121716,5.5182386e-05,0
0.5,0,27.121407,-7.1853232e-05,0,30.130944,5.4045077e-05,0
0.5,0,27.099886,0.00011899212,0,30.140173,5.2914251e-05,0
0.5,0,27.084008,0.00032375399,0,30.149401,5.1774615e-05,0
0.5,0,27.073377,0.00054661319,0,30.158629,5.0609916e-05,0
0.5,0,27.066855,0.00081558352,0,30.167858,4.9403189e-05,0
0.5,0,27.063051,0.0011479437,0,30.177086,4.813945e-05,0
0.5,0,27.06072,0.0015259592,0,30.186315,4.6810181e-05,0
0.5,0,27.059017,0.0019080047,0,30.195543,4.5415711e-05,0
0.5,0,27.057546,0.0022550607,0,30.204772,4.3965077e-05,0
0.5,0,27.056278,0.0025494275,0,30.214,4.2474608e-05,0
0.5,0,27.055388,0.0027964473,0,30.223229,4.0965178e-05,0
0.5,0,27.055102,0.0030135386,0,30.232457,3.9456748e-05,0
0.5,0,27.055594,0.003217741,0,30.241686,3.7960611e-05,0
0.5,0,27.05696,0.0034222054,0,30.250914,3.647298e-05,0
0.5,0,27.05922,0.0036420819,0,30.260143,3.4974353e-05,0
0.5,0,27.062323,0.0039030898,0,30.269371,3.3436266e-05,0
0.5,0,27.066131,0.0042419006,0,30.2786,3.1832749e-05,0
0.5,0,27.070384,0.0046904527,0,30.287828,3.0151239e-05,0
0.5,0,27.074708,0.0052507587,0,30.297056,2.8398325e-05,0
0.5,0,27.07867,0.0058779579,0,30.306285,2.6598489e-05,0
0.5,0,27.081875,0.0064887813,0,30.315513,2.4787402e-05,0
0.5,0,27.084065,0.0069943959,0,30.324742,2.3003559e-05,0
0.5,0,27.085146,0.0073382978,0,30.33397,2.1281993e-05,0
0.5,0,27.085168,0.0075191377,0,30.343199,1.9651832e-05,0
0.5,0,27.084276,0.0075830304,0,30.352427,1.8136997e-05,0
0.5,0,27.082678,0.0075884285,0,30.361656,1.6757327e-05,0
0.5,0,27.080652,0.0075679897,0,30.370884,1.5527638e-05,0
0.5,0,27.078533,0.0075137251,0,30.380113,1.4455003e-05,0
0.5,0,27.076658,0.0073936108,0,30.389341,1.3536844e-05,0
0.5,0,27.075291,0.007177173,0,30.39857,1.2761487e-05,0
0.5,0,27.07458,0.0068476026,0,30.407798,1.2110054e-05,0
0.5,0,27.074552,0.0064060051,0,30.417027,1.1558019e-05,0
0.5,0,27.075097,0.0058840686,0,30.426255,1.1077235e-05,0
0.5,0,27.075947,0.0053592471,0,30.435483,1.0640394e-05,0
0.5,0,27.076758,0.0049380789,0,30.444712,1.0226276e-05,0
0.5,0,27.077257,0.0046976832,0,30.45394,9.8204201e-06,0
0.5,0,27.077277,0.0046353145,0,30.463169,9.4083002e-06,0
0.5,0,27.076653,0.0046895131,0,30.472397,8.9666284e-06,0
0.5,0,27.075147,0.0048204495,0,30.481626,8.4631416e-06,0
0.5,0,27.072571,0.0050551023,0,30.490854,7.8670589e-06,0
0.5,0,27.06896,0.0054575483,0,30.500083,7.160527e-06,0
0.5,0,27.064477,0.0060839838,0,30.509311,6.3433557e-06,0
0.5,0,27.059162,0.0069337588,0,30.51854,5.4307695e-06,0
0.5,0,27.05284,0.0079047249,0,30.527768,4.4417966e-06,0
0.5,0,27.045109,0.0088242695,0,30.536997,3.3845319e-06,0
0.5,0,27.035609,0.0094647316,0,30.546225,2.2549424e-06,0
0.5,0,27.025108,0.0092762606,0,30.555454,1.0441686e-06,0
0.5,0,26.854328,-0.0074793501,0,31.035334,6.9951993e-08,0
0.5,0,26.871184,-0.0087523533,0,31.044562,1.9221877e-06,0
0.5,0,26.890642,-0.0083142405,0,31.053791,3.8254306e-06,0
0.5,0,26.909826,-0.0069575981,0,31.063019,5.7663037e-06,0
0.5,0,26.927171,-0.0056174708,0,31.072248,7.7347285e-06,0
0.5,0,26.942118,-0.0047306226,0,31.081476,9.7372889e-06,0
0.5,0,26.954682,-0.0044138206,0,31.090705,1.17949e-05,0
0.5,0,26.965184,-0.0045297475,0,31.099933,1.3924114e-05,0
0.5,0,26.973968,-0.0048682304,0,31.109162,1.6126528e-05,0
0.5,0,26.981279,-0.0053003766,0,31.11839,1.8394867e-05,0
0.5,0,26.987292,-0.0058015453,0,31.127619,2.0723979e-05,0
0.5,0,26.992165,-0.0063620314,0,31.136847,2.3112932e-05,0
0.5,0,26.996058,-0.0069097832,0,31.146075,2.5555996e-05,0
0.5,0,26.999111,-0.0073518856,0,31.155304,2.8035809e-05,0
0.5,0,27.001445,-0.0076682161,0,31.164532,3.0529403e-05,0
0.5,0,27.003176,-0.0079162845,0,31.173761,3.3019672e-05,0
0.5,0,27.004418,-0.0081444837,0,31.182989,3.5498142e-05,0
0.5,0,27.00528,-0.0083347932,0,31.192218,3.7957422e-05,0
0.5,0,27.00586,-0.0084356136,0,31.201446,4.0383629e-05,0
0.5,0,27.006273,-0.0084177117,0,31.210675,4.2755464e-05,0
0.5,0,27.006667,-0.0082733452,0,31.219903,4.5045774e-05,0
0.5,0,27.007223,-0.0079767794,0,31.229132,4.7219778e-05,0
0.5,0,27.008111,-0.0074804517,0,31.23836,4.9232207e-05,0
0.5,0,27.009442,-0.0067618031,0,31.247589,5.1030243e-05,0
0.5,0,27.011235,-0.0058596353,0,31.256817,5.2563348e-05,0
0.5,0,27.013398,-0.0048536053,0,31.266046,5.379293e-05,0
0.5,0,27.015725,-0.0038145897,0,31.275274,5.4694762e-05,0
0.5,0,27.017916,-0.0027836325,0,31.284502,5.5254229e-05,0
0.5,0,27.019634,-0.0017904773,0,31.293731,5.546029e-05,0
0.5,0,27.020595,-0.00087409204,0,31.302959,5.5303314e-05,0
0.5,0,27.020648,-7.8663423e-05,0,31.312188,5.4778044e-05,0
0.5,0,27.019825,0.00056588577,0,31.321416,5.3889743e-05,0
0.5,0,27.018329,0.001055471,0,31.330645,5.2659326e-05,0
0.5,0,27.016463,0.0014042467,0,31.339873,5.1123504e-05,0
0.5,0,27.014551,0.0016302918,0,31.349102,4.9329079e-05,0
0.5,0,27.012853,0.0017514473,0,31.35833,4.7324491e-05,0
0.5,0,27.01152,0.0017878138,0,31.367559,4.5153963e-05,0
0.5,0,27.010577,0.001757516,0,31.376787,4.2857749e-05,0
0.5,0,27.009953,0.0016642561,0,31.386016,4.0477064e-05,0
0.5,0,27.009512,0.001489672,0,31.395244,3.8058605e-05,0
0.5,0,27.009116,0.0012036401,0,31.404473,3.5654783e-05,0
0.5,0,27.008647,0.00079367658,0,31.413701,3.3319819e-05,0
0.5,0,27.008023,0.00028908875,0,31.422929,3.110502e-05,0
0.5,0,27.007197,-0.0002516265,0,31.432158,2.9056425e-05,0
0.5,0,27.006154,-0.00077815088,0,31.441386,2.7214012e-05,0
0.5,0,27.004912,-0.0012766591,0,31.450615,2.560955e-05,0
0.5,0,27.00353,-0.0017681964,0,31.459843,2.4262756e-05,0
0.5,0,27.0021,-0.0022741435,0,31.469072,2.3178579e-05,0
0.5,0,27.000733,-0.0027767214,0,31.4783,2.2348567e-05,0
0.5,0,26.999548,-0.0032122523,0,31.487529,2.1756218e-05,0
0.5,0,26.998673,-0.0035061621,0,31.496757,2.1382856e-05,0
0.5,0,26.998245,-0.0036211324,0,31.505986,2.1210384e-05,0
0.5,0,26.998417,-0.0035783843,0,31.515214,2.1220213e-05,0
0.5,0,26.999341,-0.0034367938,0,31.524443,2.1390739e-05,0
0.5,0,27.001154,-0.003249585,0,31.533671,2.1695994e-05,0
0.5,0,27.00394,-0.0030320128,0,31.5429,2.2106009e-05,0
0.5,0,27.007709,-0.002759293,0,31.552128,2.2588052e-05,0
0.5,0,27.012379,-0.0023851689,0,31.561356,2.3107977e-05,0
0.5,0,27.017771,-0.0018596587,0,31.570585,2.3631664e-05,0
0.5,0,27.023603,-0.0011453594,0,31.579813,2.4128341e-05,0
0.5,0,27.029429,-0.00024058863,0,31.589042,2.4575345e-05,0
0.5,0,27.034612,0.00080976409,0,31.59827,2.4959713e-05,0
0.5,0,27.038433,0.001927923,0,31.607499,2.5275361e-05,0
0.5,0,27.040348,0.0030274706,0,31.616727,2.5518876e-05,0
0.5,0,27.040336,0.0040443645,0,31.625956,2.568703e-05,0
0.5,0,27.039031,0.0049584771,0,31.635184,2.5776716e-05,0
0.5,0,27.037521,0.0057844949,0,31.644413,2.5785891e-05,0
0.5,0,27.036872,0.0065455962,0,31.653641,2.5713883e-05,0
0.5,0,27.037682,0.0072543265,0,31.66287,2.5560184e-05,0
0.5,0,27.039927,0.0079106625,0,31.672098,2.5322306e-05,0
0.5,0,27.043164,0.0085114519,0,31.681327,2.4994212e-05,0
0.5,0,27.046888,0.0090593463,0,31.690555,2.4566575e-05,0
0.5,0,27.050737,0.0095644285,0,31.699783,2.4029235e-05,0
0.5,0,27.054437,0.010037854,0,31.709012,2.3375266e-05,0
0.5,0,27.057626,0.010480945,0,31.71824,2.2605071e-05,0
0.5,0,27.05984,0.010876042,0,31.727469,2.1728513e-05,0
0.5,0,27.060752,0.011189256,0,31.736697,2.0763798e-05,0
0.5,0,27.060456,0.011389991,0,31.745926,1.9733785e-05,0
0.5,0,27.059469,0.011472561,0,31.755154,1.8661757e-05,0
0.5,0,27.058414,0.011456802,0,31.764383,1.7567723e-05,0
0.5,0,27.057654,0.011367539,0,31.773611,1.6465369e-05,0
0.5,0,27.057179,0.011216329,0,31.78284,1.5360115e-05,0
0.5,0,27.05676,0.011006739,0,31.792068,1.4250239e-05,0
0.5,0,27.056109,0.010752436,0,31.801297,1.313229e-05,0
0.5,0,27.054909,0.01047588,0,31.810525,1.2007653e-05,0
0.5,0,27.052801,0.010181365,0,31.819754,1.0884367e-05,0
0.5,0,27.049444,0.0098365046,0,31.828982,9.7716821e-06,0
0.5,0,27.044664,0.0093999711,0,31.83821,8.6724589e-06,0
0.5,0,27.038576,0.0088738567,0,31.847439,7.5816014e-06,0
0.5,0,27.031588,0.0083232249,0,31.856667,6.492454e-06,0
0.5,0,27.024268,0.0078450844,0,31.865896,5.4056492e-06,0
0.5,0,27.01709,0.0074963906,0,31.875124,4.3315528e-06,0
0.5,0,27.010232,0.0072486378,0,31.884353,3.2791596e-06,0
0.5,0,27.003548,0.006992983,0,31.893581,2.2414708e-06,0
0.5,0,26.997012,0.0063719997,0,31.90281,1.1871558e-06,0
0.5,0,26.991568,0.0049998026,0,31.912038,6.7685194e-08,0
0.5,0,26.984999,-0.009554371,0,32.391918,1.6959391e-06,0
0.5,0,27.001777,-0.0090563511,0,32.401147,4.8073434e-06,0
0.5,0,27.018858,-0.0065514873,0,32.410375,7.7975768e-06,0
0.5,0,27.03329,-0.0039036657,0,32.419604,1.0617497e-05,0
0.5,0,27.044069,-0.0018264148,0,32.428832,1.3259907e-05,0
0.5,0,27.051035,-0.00045602015,0,32.438061,1.5741148e-05,0
0.5,0,27.05446,0.00034329526,0,32.447289,1.8075891e-05,0
0.5,0,27.054798,0.00079911591,0,32.456518,2.0256084e-05,0
0.5,0,27.052613,0.001075813,0,32.465746,2.2253903e-05,0
0.5,0,27.048609,0.0012061029,0,32.474975,2.4043091e-05,0
0.5,0,27.043641,0.0011637564,0,32.484203,2.5618002e-05,0
0.5,0,27.038593,0.0010044111,0,32.493432,2.6991747e-05,0
0.5,0,27.034181,0.00088154302,0,32.50266,2.8179093e-05,0
0.5,0,27.030812,0.00089483781,0,32.511889,2.9188347e-05,0
0.5,0,27.028554,0.00097171641,0,32.521117,3.0031199e-05,0
0.5,0,27.027223,0.00093876494,0,32.530345,3.0733852e-05,0
0.5,0,27.026503,0.00069320723,0,32.539574,3.1332073e-05,0
0.5,0,27.02605,0.00028185415,0,32.548802,3.1853702e-05,0
0.5,0,27.025573,-0.00017715687,0,32.558031,3.2306911e-05,0
0.5,0,27.024895,-0.0006223497,0,32.567259,3.2685629e-05,0
0.5,0,27.023987,-0.0010931063,0,32.576488,3.2984781e-05,0
0.5,0,27.022949,-0.0016691752,0,32.585716,3.3207832e-05,0
0.5,0,27.021946,-0.0023847887,0,32.594945,3.3358448e-05,0
0.5,0,27.02112,-0.0031991312,0,32.604173,3.3426445e-05,0
0.5,0,27.020537,-0.0040326444,0,32.613402,3.3385228e-05,0
0.5,0,27.020193,-0.0048219798,0,32.62263,3.3206307e-05,0
0.5,0,27.020067,-0.0055474647,0,32.631859,3.2878255e-05,0
0.5,0,27.020164,-0.0062104506,0,32.641087,3.2412597e-05,0
0.5,0,27.020541,-0.0067749204,0,32.650316,3.1832916e-05,0
0.5,0,27.021256,-0.0071299293,0,32.659544,3.116025e-05,0
0.5,0,27.022309,-0.0071289917,0,32.668772,3.040828e-05,0
0.5,0,27.02359,-0.0066947866,0,32.678001,2.9586499e-05,0
0.5,0,27.024884,-0.0058969448,0,32.687229,2.8698759e-05,0
0.5,0,27.02593,-0.0049112966,0,32.696458,2.773309e-05,0
0.5,0,27.026467,-0.0038808233,0,32.705686,2.6655201e-05,0
0.5,0,27.026265,-0.0028204882,0,32.714915,2.5418031e-05,0
0.5,0,27.025133,-0.0016764482,0,32.724143,2.3979834e-05,0
0.5,0,27.022948,-0.00045785303,0,32.733372,2.2310903e-05,0
0.5,0,27.019702,0.00074929426,0,32.7426,2.0384655e-05,0
0.5,0,27.015507,0.0019260047,0,32.751829,1.8172945e-05,0
0.5,0,27.010364,0.0032466545,0,32.761057,1.5661318e-05,0
0.5,0,27.003644,0.0049905388,0,32.770286,1.2869993e-05,0
0.5,0,26.993831,0.0072976177,0,32.779514,9.8493531e-06,0
0.5,0,26.97916,0.0099005174,0,32.788743,6.6476535e-06,0
0.5,0,26.959511,0.011417084,0,32.797971,3.2720396e-06,0
0.5,0,26.916446,-0.0012144188,0,33.942301,1.9705581e-06,0
0.5,0,26.925586,-0.0011143604,0,33.951529,4.0856822e-06,0
0.5,0,26.931995,0.00027729392,0,33.960758,5.9162888e-06,0
0.5,0,26.935383,0.0020177408,0,33.969986,7.40231e-06,0
0.5,0,26.936616,0.0037015922,0,33.979215,8.4984123e-06,0
0.5,0,26.93624,0.0051253576,0,33.988443,9.193153e-06,0
0.5,0,26.934464,0.0063618448,0,33.997672,9.5084173e-06,0
0.5,0,26.931502,0.0075648621,0,34.0069,9.4828194e-06,0
0.5,0,26.927673,0.0088054331,0,34.016129,9.1609793e-06,0
0.5,0,26.923348,0.010173866,0,34.025357,8.5838101e-06,0
0.5,0,26.918797,0.011767824,0,34.034586,7.783037e-06,0
0.5,0,26.913809,0.013484042,0,34.043814,6.7792515e-06,0
0.5,0,26.907415,0.015042205,0,34.053042,5.5762811e-06,0
0.5,0,26.898348,0.016200041,0,34.062271,4.1654238e-06,0
0.5,0,26.886441,0.01663412,0,34.071499,2.5340257e-06,0
0.5,0,26.873845,0.015254014,0,34.080728,6.7098171e-07,0
0.5,0,26.924435,-0.0063393167,0,34.708264,3.0593667e-06,0
0.5,0,26.94181,-0.005204513,0,34.717492,7.9848448e-06,0
0.5,0,26.957026,-0.0021210943,0,34.726721,1.2787542e-05,0
0.5,0,26.968247,0.00083477465,0,34.735949,1.738858e-05,0
0.5,0,26.975499,0.0030826483,0,34.745177,2.1757948e-05,0
0.5,0,26.979667,0.0045645007,0,34.754406,2.589798e-05,0
0.5,0,26.982216,0.0055078854,0,34.763634,2.980233e-05,0
0.5,0,26.98461,0.0062114969,0,34.772863,3.3425921e-05,0
0.5,0,26.987811,0.006837493,0,34.782091,3.6689995e-05,0
0.5,0,26.992199,0.0072888486,0,34.79132,3.9516375e-05,0
0.5,0,26.997722,0.0073378499,0,34.800548,4.1861221e-05,0
0.5,0,27.00405,0.0069340015,0,34.809777,4.3711237e-05,0
0.5,0,27.0107,0.0062840821,0,34.819005,4.5050307e-05,0
0.5,0,27.017191,0.0055864,0,34.828234,4.5842727e-05,0
0.5,0,27.02323,0.0047906357,0,34.837462,4.6053485e-05,0
0.5,0,27.028781,0.0036813254,0,34.846691,4.5679674e-05,0
0.5,0,27.033976,0.0021587678,0,34.855919,4.4759585e-05,0
0.5,0,27.038909,0.00040760362,0,34.865148,4.3354872e-05,0
0.5,0,27.043483,-0.0012002068,0,34.874376,4.152846e-05,0
0.5,0,27.047411,-0.0023694443,0,34.883604,3.9340259e-05,0
0.5,0,27.050372,-0.0030777429,0,34.892833,3.6858534e-05,0
0.5,0,27.052216,-0.0035378074,0,34.902061,3.4164947e-05,0
0.5,0,27.053053,-0.0039719455,0,34.91129,3.1337987e-05,0
0.5,0,27.053141,-0.0044158379,0,34.920518,2.8424533e-05,0
0.5,0,27.05264,-0.0047250229,0,34.929747,2.5422768e-05,0
0.5,0,27.051397,-0.0047337222,0,34.938975,2.2288901e-05,0
0.5,0,27.048867,-0.0043504404,0,34.948204,1.8963026e-05,0
0.5,0,27.044155,-0.0034829684,0,34.957432,1.5402216e-05,0
0.5,0,27.03618,-0.0020246119,0,34.966661,1.1601862e-05,0
0.5,0,27.024316,-0.00021611278,0,34.975889,7.5777127e-06,0
0.5,0,27.009979,0.00028997251,0,34.985118,3.3098037e-06,0
0.5,0,26.979686,-0.0016706014,0,35.483455,7.6380676e-07,0
0.5,0,26.982212,-0.00092034662,0,35.492683,7.1579364e-06,0
0.5,0,26.982677,0.0025512694,0,35.501912,1.3548173e-05,0
0.5,0,26.979321,0.0060020592,0,35.51114,1.9834855e-05,0
0.5,0,26.973651,0.0083286256,0,35.520369,2.5952538e-05,0
0.5,0,26.967758,0.0092628224,0,35.529597,3.1869749e-05,0
0.5,0,26.963465,0.0089903726,0,35.538826,3.7573339e-05,0
0.5,0,26.961816,0.0080179231,0,35.548054,4.3024725e-05,0
0.5,0,26.962752,0.0068497446,0,35.557283,4.8145561e-05,0
0.5,0,26.965366,0.005729431,0,35.566511,5.283562e-05,0
0.5,0,26.96853,0.0045519071,0,35.57574,5.7006921e-05,0
0.5,0,26.97137,0.0031108925,0,35.584968,6.060482e-05,0
0.5,0,26.973352,0.0014883035,0,35.594196,6.3590299e-05,0
0.5,0,26.974097,5.4957854e-05,0,35.603425,6.5912097e-05,0
0.5,0,26.973318,-0.00093157732,0,35.612653,6.7515714e-05,0
0.5,0,26.970992,-0.0015938286,0,35.621882,6.8381896e-05,0
0.5,0,26.967533,-0.0022560676,0,35.63111,6.8544222e-05,0
0.5,0,26.963744,-0.003086097,0,35.640339,6.8063133e-05,0
0.5,0,26.960522,-0.0039912269,0,35.649567,6.6987301e-05,0
0.5,0,26.958571,-0.0048304755,0,35.658796,6.5343442e-05,0
0.5,0,26.958304,-0.0056181349,0,35.668024,6.3158838e-05,0
0.5,0,26.959909,-0.0064511593,0,35.677253,6.048571e-05,0
0.5,0,26.96337,-0.0072784069,0,35.686481,5.7400149e-05,0
0.5,0,26.968416,-0.0078559136,0,35.69571,5.3978228e-05,0
0.5,0,26.974507,-0.0079948899,0,35.704938,5.0271361e-05,0
0.5,0,26.980956,-0.0078055762,0,35.714167,4.6298973e-05,0
0.5,0,26.987122,-0.007630576,0,35.723395,4.2059986e-05,0
0.5,0,26.992515,-0.0077601719,0,35.732623,3.7547498e-05,0
0.5,0,26.996736,-0.0082354153,0,35.741852,3.2747545e-05,0
0.5,0,26.999275,-0.008807839,0,35.75108,2.7625991e-05,0
0.5,0,26.999237,-0.0089424709,0,35.760309,2.2135179e-05,0
0.5,0,26.995159,-0.0080316072,0,35.769537,1.6249872e-05,0
0.5,0,26.98569,-0.0061814829,0,35.778766,9.9814648e-06,0
0.5,0,26.972355,-0.0058009587,0,35.787994,3.3259044e-06,0
0.5,0,26.905016,0.0017956101,0,36.267875,2.0758879e-06,0
0.5,0,26.926534,0.0030543482,0,36.277103,8.6400695e-06,0
0.5,0,26.944304,0.0063591717,0,36.286331,1.5011011e-05,0
0.5,0,26.95712,0.0092992301,0,36.29556,2.1105929e-05,0
0.5,0,26.966091,0.011163252,0,36.304788,2.6876372e-05,0
0.5,0,26.972472,0.011738281,0,36.314017,3.2318174e-05,0
0.5,0,26.977564,0.011176542,0,36.323245,3.7451933e-05,0
0.5,0,26.98235,0.0098584793,0,36.332474,4.227585e-05,0
0.5,0,26.986897,0.0081668071,0,36.341702,4.6744792e-05,0
0.5,0,26.990401,0.0063484871,0,36.350931,5.0773551e-05,0
0.5,0,26.991846,0.0043740979,0,36.360159,5.426818e-05,0
0.5,0,26.990702,0.0020575252,0,36.369388,5.7164299e-05,0
0.5,0,26.98712,-0.00056801755,0,36.378616,5.9423875e-05,0
0.5,0,26.981715,-0.0031605565,0,36.387845,6.0997158e-05,0
0.5,0,26.975311,-0.0054341659,0,36.397073,6.1807002e-05,0
0.5,0,26.968814,-0.00748252,0,36.406302,6.1778966e-05,0
0.5,0,26.963182,-0.0096465459,0,36.41553,6.0883447e-05,0
0.5,0,26.959242,-0.012091347,0,36.424758,5.9148293e-05,0
0.5,0,26.957413,-0.014554997,0,36.433987,5.6637561e-05,0
0.5,0,26.957493,-0.016529028,0,36.443215,5.3424856e-05,0
0.5,0,26.958708,-0.017684173,0,36.452444,4.9585293e-05,0
0.5,0,26.960001,-0.01809996,0,36.461672,4.5202391e-05,0
0.5,0,26.960361,-0.018091032,0,36.470901,4.0368017e-05,0
0.5,0,26.958966,-0.017867742,0,36.480129,3.5162428e-05,0
0.5,0,26.955106,-0.017351732,0,36.489358,2.9628437e-05,0
0.5,0,26.947949,-0.016188758,0,36.498586,2.3773218e-05,0
0.5,0,26.936353,-0.013950883,0,36.507815,1.761197e-05,0
0.5,0,26.919198,-0.01074125,0,36.517043,1.1206403e-05,0
0.5,0,26.89757,-0.0086554504,0,36.526272,4.6283307e-06,0
0.5,0,26.795229,0.0049258909,0,37.024609,5.6740902e-06,0
0.5,0,26.809517,0.0049362912,0,37.033837,1.2314368e-05,0
0.5,0,26.81892,0.0054461212,0,37.043066,1.8338453e-05,0
0.5,0,26.824196,0.0053425954,0,37.052294,2.3680111e-05,0
0.5,0,26.826343,0.0044963032,0,37.061523,2.8334834e-05,0
0.5,0,26.826341,0.0029217556,0,37.070751,3.2359304e-05,0
0.5,0,26.825732,0.00091188183,0,37.07998,3.5815656e-05,0
0.5,0,26.826056,-0.001150711,0,37.089208,3.8731341e-05,0
0.5,0,26.827989,-0.0029403364,0,37.098437,4.1096137e-05,0
0.5,0,26.831133,-0.0043337989,0,37.107665,4.288454e-05,0
0.5,0,26.834532,-0.0055144801,0,37.116893,4.4099434e-05,0
0.5,0,26.837328,-0.006700743,0,37.126122,4.4791565e-05,0
0.5,0,26.839082,-0.0077821433,0,37.13535,4.5022704e-05,0
0.5,0,26.839748,-0.0084067979,0,37.144579,4.4816381e-05,0
0.5,0,26.839556,-0.0084097353,0,37.153807,4.415609e-05,0
0.5,0,26.838922,-0.0080277889,0,37.163036,4.3029001e-05,0
0.5,0,26.838341,-0.0076773656,0,37.172264,4.1464621e-05,0
0.5,0,26.838181,-0.0075849051,0,37.181493,3.9531908e-05,0
0.5,0,26.838476,-0.0076630347,0,37.190721,3.7302374e-05,0
0.5,0,26.838854,-0.0077251949,0,37.19995,3.481376e-05,0
0.5,0,26.838718,-0.0077791848,0,37.209178,3.2062321e-05,0
0.5,0,26.837486,-0.0080762304,0,37.218407,2.9021771e-05,0
0.5,0,26.834671,-0.0088606085,0,37.227635,2.5660959e-05,0
0.5,0,26.829963,-0.010038082,0,37.236864,2.1940068e-05,0
0.5,0,26.822961,-0.01103642,0,37.246092,1.780204e-05,0
0.5,0,26.812837,-0.011118172,0,37.25532,1.3188247e-05,0
0.5,0,26.798923,-0.010341988,0,37.264549,8.065618e-06,0
0.5,0,26.783055,-0.010940211,0,37.273777,2.4178916e-06,0
0.5,0,26.790454,0.0074773132,0,37.790572,2.7563477e-07,0
0.5,0,26.887682,0.012958354,0,37.7998,2.2327355e-06,0
